mu_list,td_list,n_list,idx,m1,m2,a1,a2,Dl_s,z_merge,duration_time,SNR,z_lens_sbh,z_lens_hh,Signal_1,Signal_2,Signal_3,Signal_4,Signal_5
[3.94051],[0.0],[0.0],107057,10.841837177089657,8.714870545278517,0.3381057269846473,0.082985768898569,34488.370686442126,3.7949610908088727,7.268918594414606,2.453494714205634,-1.0,0.389,4.870363137005421,0.0,0.0,0.0,0.0
"[1.72728, -0.248893, 0.000720089]","[0.0, 1838890.0, 2064740.0]","[0.0,0.5,1.0]",204617,9.647473855269393,5.085038744353491,0.1512398682973096,0.6762951212049527,9628.72632753215,1.3276514354947604,42.48458152326552,5.460913679004418,-1.0,0.658,7.678155498914292,0.0,0.0,0.0,0.0
[3.04211],[0.0],[0.0],182132,11.281363493836064,6.90141530268761,0.2636292876802571,0.2312025013453368,38134.88545518943,4.130664276687207,7.691443554409494,0.6743086984039747,0.995,0.995,1.1761053318667025,0.0,0.0,0.0,0.0
"[1.9038, 1.66403e-05, -0.213827]","[0.0, 14403800.0, 12300350.0]","[0.0,1.0,0.5]",240314,37.46598840925469,35.22752223649008,0.0330616439887291,0.5966851377078969,58616.46787792535,5.959286399870352,0.4332596683266932,4.399842969841686,-1.0,1.255,6.070826735429803,2.034550379111125,0.017948069917281425,0.0,0.0
[3.50743],[0.0],[0.0],391019,9.280256574135462,9.231344626466443,0.2602830788518698,0.0464104092129718,34759.590640595095,3.820067480279083,7.803295263178746,1.4389120682625398,-1.0,1.307,2.694813790870559,0.0,0.0,0.0,0.0
"[1.82808, -0.350006, 0.00347386]","[0.0, 6602343.0, 6950309.0]","[0.0,0.5,1.0]",349970,10.785402485611638,10.70297291673616,0.1933311147059017,0.1686919791521197,20726.759569379752,2.4827428575479247,10.46088073806049,1.8454381311148145,1.423,1.423,2.4951524676507977,1.0971899655610289,0.0,0.0,0.0
[3.48364],[0.0],[0.0],71814,9.738500941707844,4.1310435313923,0.6608019360581909,0.0315377973078741,35499.3225524141,3.888427360172309,14.742249726761818,0.9796872353985636,1.579,1.579,1.828538394618588,0.0,0.0,0.0,0.0
"[-0.561788, 1.79249, 0.000762856]","[3208747.0, 0.0, 3890693.0]","[0.5,0.0,1.0]",183133,9.296078784081317,9.25430548174905,0.1023731472240134,0.3818415509639736,55369.67715213548,5.674571638688832,4.520070431007721,1.355384554066823,-1.0,0.43,1.8146417678378952,1.015894855966447,0.037435515277938335,0.0,0.0
[3.88697],[0.0],[0.0],15235,9.216029215980765,8.251400664925987,0.0259189650654702,0.2754045055441619,30338.671854823224,3.407755988045719,10.008118390678485,2.9311762352497293,-1.0,0.527,5.778931215956023,0.0,0.0,0.0,0.0
"[1.37856, -0.148278, 0.000111848]","[0.0, 9870025.0, 10679200.0]","[0.0,0.5,1.0]",301146,15.984585524966413,12.680680803177804,0.1290680071195158,0.1717134325362628,50186.672233613855,5.216501977878673,2.496939999692797,1.969614012245777,-1.0,0.584,2.3125650708055234,0.7584369534325696,0.02083028618017549,0.0,0.0
"[5.89463, -0.155985, 1.43472e-05]","[0.0, 16769100.0, 21244550.0]","[0.0,0.5,1.0]",153998,51.1687743830511,49.13241320523085,0.2265999097303337,0.1901424610647571,52932.30099980634,5.45973221372599,0.2866915637621,4.253350092469625,-1.0,0.943,10.326648766832257,1.6798579132224953,0.01611071099663583,0.0,0.0
"[2.02347, -0.634271, 4.27836e-05]","[0.0, 6442839.0, 9706945.0]","[0.0,0.5,1.0]",224965,9.77241671882729,6.681966387625528,0.53419959828008,0.4489436785874981,73732.5071785768,7.266044948228263,4.006220566506245,0.7485569189786714,-1.0,1.004,1.0648126793526638,0.5961592083451794,0.0048962489514256125,0.0,0.0
"[2.4681, -0.548355, 0.000444165]","[0.0, 4513142.0, 5950551.0]","[0.0,0.5,1.0]",327993,8.685933455699995,6.701322204215048,0.0836494579670723,0.4627326621775423,47532.03118795511,4.980009090642003,7.538480959280805,1.0271256835207407,-1.0,1.35,1.6136337359062969,0.7605967982230378,0.02164690223221553,0.0,0.0
"[1.74541, -0.472352, 0.000863074]","[0.0, 2987143.0, 3489666.0]","[0.0,0.5,1.0]",125800,9.965845588189415,5.317811941451546,0.0838348440388891,0.4366426200399421,52282.2744973222,5.402267758527167,7.373082692960559,1.3925349210158091,-1.0,1.481,1.8397331114433975,0.9579335415135782,0.0,0.0,0.0
[3.51066],[0.0],[0.0],251975,12.086248635712396,11.080284215938576,0.5418985769808442,0.0619951514406253,193350.4206585741,17.0500366052424,0.595695931889979,0.1694283683606376,-1.0,1.5,0.31745378825947984,0.0,0.0,0.0,0.0
"[3.09298, -0.0514445, 0.000189236]","[0.0, 18770860.0, 19499980.0]","[0.0,0.5,1.0]",371277,4.754922641480932,4.164976201122585,0.0418700387915484,0.0343640313949602,33876.367726253455,3.738223338549446,27.23004175889624,0.442320533268329,1.844,1.844,0.777903376223086,0.10050875084634882,0.0,0.0,0.0
[3.70616],[0.0],[0.0],270315,10.011772420638124,4.392288472659883,0.4972833169679368,0.4076825691399486,49966.8900506051,5.196972979630591,9.19822462158977,1.186183400618509,-1.0,0.502,2.283567873519352,0.0,0.0,0.0,0.0
"[-1.041, 2.39717, 0.00077143]","[3485420.0, 0.0, 4667400.0]","[0.5,0.0,1.0]",37692,10.306587429064583,8.171108074220491,0.0404987333059607,0.7615380968105924,84070.15220031214,8.145173743421658,2.72820506674938,0.6524786345665358,-1.0,0.618,1.0102194183814253,0.665720085078563,0.01812235181654753,0.0,0.0
"[1.54741, -0.310555, 0.000153659]","[0.0, 1578410.0, 1791360.0]","[0.0,0.5,1.0]",352861,9.730284637381176,7.9820234060264275,0.179091402846662,0.2115093105861099,22708.83313279472,2.6774541801230995,13.314287078688366,1.315096803185902,0.878,0.878,1.6359138212459805,0.7330513541543511,0.0,0.0,0.0
"[-0.783633, 2.29875, 0.00427827]","[894632.3, 0.0, 975259.9]","[0.5,0.0,1.0]",229090,9.889282503347562,7.14527558007306,0.1346896653118237,0.390415740270536,26385.943177103185,3.032812727641425,12.386728598646831,2.1503481115427068,-1.0,0.9,3.7779243580321586,0.0,0.0,0.0,0.0
[4.48905],[0.0],[0.0],173416,10.23816217246853,8.333055192080863,0.3366808253558441,0.1041926980015071,42469.05314521159,4.524962725046424,6.248107089100354,2.0902653530037942,1.043,1.043,4.42872428195897,0.0,0.0,0.0,0.0
"[3.53934, -0.699587, 0.00050126]","[0.0, 984248.1, 1429227.0]","[0.0,0.5,1.0]",290093,9.678343159990677,7.70357248673649,0.5106342114018755,0.6567139383021967,26446.304875496,3.038589437678988,11.790531174594305,2.133187178018644,1.176,1.176,4.392205079326288,0.0,0.0,0.0,0.0
"[-0.471241, 2.07231, 1.60112e-05]","[2528461.0, 0.0, 3775079.0]","[0.5,0.0,1.0]",310718,9.046936893081485,8.969156549542078,0.1024758854464447,0.0068150655114353,45712.09625030156,4.817071257819315,5.968106901762803,1.0945226159499748,-1.0,1.178,1.5756222357748186,0.751356891621039,0.0043796225273980026,0.0,0.0
[3.16406],[0.0],[0.0],134796,10.701563168655197,9.348771742832264,0.3163409676280305,0.0495094650779398,33834.09068830203,3.734299186392588,7.07059765752982,2.5282555358273577,1.26,1.26,4.497211598403697,0.0,0.0,0.0,0.0
"[3.34107, -0.26874, 0.000655128]","[0.0, 13553240.0, 14502200.0]","[0.0,0.5,1.0]",361663,10.05245949683134,5.8034347176667085,0.279205870827953,0.1800785604069554,95138.90646909196,9.076067666825557,3.184181946226046,0.7729859252375471,-1.0,1.429,1.4129095924377881,0.40071697723326904,0.01978493678356974,0.0,0.0
"[2.74594, -1.64823, 0.00192234]","[0.0, 2376327.0, 3125547.0]","[0.0,0.5,1.0]",181024,10.765283739396477,7.43589288289863,0.1361365868032869,0.4347136232061283,31875.023705066644,3.5518137951340383,9.135744098481318,0.7502030197804823,-1.0,2.493,1.2431522768283543,0.9636977117401102,0.0,0.0,0.0
"[-0.768123, 3.06787, 1.25882e-05]","[7719840.0, 0.0, 10941700.0]","[0.5,0.0,1.0]",80160,10.616899425349576,5.20746856510402,0.4604941386585406,0.1485678229547613,57638.90202678836,5.87373222732302,6.351460547386818,1.280026185497838,2.587,2.587,2.2420088903445285,1.1218485703318277,0.00454151414585909,0.0,0.0
"[3.10973, -0.158601, 5.01527e-05]","[0.0, 8919850.0, 10382320.0]","[0.0,0.5,1.0]",251618,10.119371046188071,9.767172540849405,0.4189045825862735,0.0179327480018397,101639.25805241472,9.618450508237435,1.857258409284986,0.4393307608720391,-1.0,0.28,0.7747346036900816,0.17496233788685625,0.0031112776686008934,0.0,0.0
[5.73037],[0.0],[0.0],42775,10.005492604573467,7.112883949512098,0.0278151722989533,0.3926241299944325,134382.26491735873,12.312074762729145,1.683335194430062,0.3579587059540841,-1.0,0.29,0.8568883960327037,0.0,0.0,0.0,0.0
"[-0.626442, 2.89369, 0.00187803]","[14449240.0, 0.0, 15245280.0]","[0.5,0.0,1.0]",301246,9.463227813236047,4.992437003189487,0.2642442662101097,0.1422426025885861,35053.41682235243,3.847240630007088,12.908626201582605,1.2020304941454298,0.363,0.363,2.0447559805175017,0.9528091907860728,0.0,0.0,0.0
"[2.6208, -0.287049, 0.000210035]","[0.0, 3605664.0, 4479127.0]","[0.0,0.5,1.0]",201177,32.166973610499724,31.396788754866137,0.0234265193936561,0.1655293137983325,37630.11657405316,4.084424052352197,0.913583710378446,6.920750855070129,-1.0,0.54,11.203924023151783,3.707927502128417,0.10029956525979687,0.0,0.0
"[1.64086, -0.434507, 0.00730421]","[0.0, 4646329.0, 4917979.0]","[0.0,0.5,1.0]",50242,9.223038389484785,9.01183676952689,0.3254748883264652,0.1006495116024135,10290.112608288942,1.4011042300482244,25.5645861767538,4.262592904344551,-1.0,0.96,5.460213466551192,2.8332977918310025,0.0,0.0,0.0
"[-5.18896, 4.14406, 45.5362, -42.7895, 0.0621968]","[38554.69, 0.0, 31278.8, 31296.42, 56530.81]","[0.5,0.0,0.0,0.5,1.0]",40449,9.683840176287864,7.137409372965327,0.3081473117401059,0.2504796927242679,37294.63294820499,4.053651900201876,8.65763318570435,1.0143439389738955,-1.0,1.015,10.027184473943281,0.0,0.0,0.0,0.0
"[3.33402, 7.66401e-05, -0.0616642]","[0.0, 25795070.0, 24352100.0]","[0.0,1.0,0.5]",400401,8.653960129203986,5.482654842301494,0.0598941965192146,0.0958151372423519,81878.56549857566,7.959642877122529,4.582843622263408,0.1889739496089772,-1.0,1.032,0.345053184926924,0.04692653534751293,0.0016543598113412698,0.0,0.0
"[3.06865, -0.0173791]","[0.0, 49041270.0]","[0.0,0.5]",291041,11.182230443369628,3.612564851392701,0.2316825642485223,0.5375051359868442,91681.13162597506,8.786308427095111,4.717416864598608,0.6746438336562356,1.206,1.206,1.1818115599465855,0.08893817146723215,0.0,0.0,0.0
"[-0.946727, 2.24483, 6.86164, -6.05028, 3.49131e-05]","[972247.1, 0.0, 548347.9, 553945.8, 1891199.0]","[0.5,0.0,0.0,0.5,1.0]",280745,10.613570272644107,10.317447962116718,0.0944585724491203,0.0263772621106402,55016.12963510102,5.643469115224377,3.725760963001937,0.501891120775283,-1.0,2.066,0.7519712580413777,1.8034534032095717,0.4883395446958654,0.002965539537719623,0.0
[3.0081],[0.0],[0.0],187259,9.738788187454034,9.101621130667985,0.1868436058346104,0.3261169672207032,38312.41334287652,4.146910822817379,6.800469363671415,1.605959639469279,0.709,0.709,2.7853563241276844,0.0,0.0,0.0,0.0
"[1.95063, -0.853488, 0.0148103]","[0.0, 5009666.0, 5200590.0]","[0.0,0.5,1.0]",175102,9.269450769492366,6.878013234448584,0.2273737463428977,0.0194590248823851,15278.29354376393,1.932648044316066,22.93302690228415,5.543656003531655,0.741,0.741,7.742544731126735,5.165718651704329,0.0,0.0,0.0
"[3.55036, 0.000572644, -0.0682952]","[0.0, 34256170.0, 33349670.0]","[0.0,1.0,0.5]",223136,9.610677158172598,8.373272829902193,0.010244984800069,0.0153832000702753,120911.66188548846,11.210836099658142,1.7476199133817842,0.4168917384603937,-1.0,1.496,0.7855240475042465,0.10894777855091535,0.009976211461768586,0.0,0.0
"[2.56724, -0.91649, 1.77833e-06]","[0.0, 2156838.0, 3855197.0]","[0.0,0.5,1.0]",219862,10.180638558459352,8.792349681541817,0.6634017217359394,0.1855783951544316,107958.96559407144,10.143052388252109,1.8629527680271467,0.59492796945548,1.923,1.923,0.9532298253216174,0.5695452737310327,0.0007933604827085762,0.0,0.0
"[3.28053, -3.08619, -0.840056, 3.13085]","[502171.4, 2909517.0, 11533290.0, 0.0]","[0.0,0.5,0.5,0.0]",65961,11.547911031988445,8.86450844135787,0.4838685127461379,0.2790542540851642,107942.04458042407,10.141651132171374,1.669556054670468,0.6834687315611986,-1.0,2.093,1.2093437960561229,1.2379145211485596,1.2006874752723278,0.6264303194695856,0.0
"[1.45086, -0.271213, 0.00474403]","[0.0, 5010696.0, 5136415.0]","[0.0,0.5,1.0]",286997,10.139968652882672,4.887879533889663,0.2265194350421239,0.4298440295621805,12709.499673056567,1.6632419008051122,33.819537078767944,5.160972327693191,0.317,0.317,6.216476327380116,2.7111419785949193,0.0,0.0,0.0
"[1.78408, -0.563215, 0.0117486]","[0.0, 7879576.0, 8133263.0]","[0.0,0.5,1.0]",170633,9.506939230846395,8.94938604552422,0.6352354962175759,0.191594879547881,37286.41558479548,4.052897842072384,7.255885907185512,2.449325367723807,-1.0,0.601,3.271550608201653,1.8572341302516706,0.0,0.0,0.0
"[1.59418, -0.494862, 0.00615977]","[0.0, 1897840.0, 2011931.0]","[0.0,0.5,1.0]",309466,24.431040240850702,7.371216451152762,0.2957164026947612,0.3963360061504336,17086.901785532802,2.1180427056019204,9.188506945188855,4.881887833132761,-1.0,0.667,6.163912640584591,3.455541358042679,0.0,0.0,0.0
"[-1.89058, 1.83914, 0.0541002]","[8546699.0, 0.0, 8746125.0]","[0.5,0.0,1.0]",97862,9.488360461944582,8.891117377957956,0.1914400160450227,0.3199090066233904,19461.207697925453,2.357072024311098,14.445723436764847,4.394097473763563,0.678,0.678,5.959050716414261,6.127647623383941,0.0,0.0,0.0
"[1.82039, -0.266623, 0.00550056]","[0.0, 27747630.0, 28203460.0]","[0.0,0.5,1.0]",331875,9.761121424627545,7.400606485383704,0.0908887535544269,0.3206486023882734,29026.194843136705,3.28398031604954,10.982917529271644,2.0297057674615058,-1.0,0.727,2.7385161492375745,1.0588054247512961,0.0,0.0,0.0
"[1.73765, -0.542707, 0.00122648]","[0.0, 10226680.0, 10922880.0]","[0.0,0.5,1.0]",246490,32.43089735207815,31.75564472595929,0.0013128962812586,0.5853730373005162,33568.55591735623,3.7096403076196935,1.0211715738160456,3.1663108276380525,0.899,0.899,4.173829443754836,2.332578443067241,0.11088780361695642,0.0,0.0
"[2.01592, -1.09284, 0.0409899]","[0.0, 551562.7, 576552.3]","[0.0,0.5,1.0]",338516,10.981201931536548,8.457723223393051,0.2254870918290697,0.028654904793567,22366.902749329067,2.644035857296545,11.660751036552815,1.0882062848358085,-1.0,0.97,1.9312978864413952,0.0,0.0,0.0,0.0
[3.35833],[0.0],[0.0],209564,7.487682982462445,6.618053525322696,0.4508341095375828,0.5241440694619803,92311.44904765474,8.839196198626016,3.751155092766729,0.1513182342517832,1.059,1.059,0.2773019664553283,0.0,0.0,0.0,0.0
"[-0.41518, 1.99197, 0.000437606]","[183833.2, 0.0, 215748.4]","[0.5,0.0,1.0]",389011,11.434173342412825,9.125735670475883,0.0463111882335045,0.0313622948478082,89121.67077148169,8.57123338040168,2.1149401694606347,0.657574414812302,-1.0,1.08,0.9280819021077971,0.42392777857191744,0.0,0.0,0.0
"[2.28216, -0.229311, 0.0285756]","[0.0, 41119900.0, 41156030.0]","[0.0,0.5,1.0]",168931,10.048157960187966,8.805593018941602,0.2093042579558479,0.0915956915008834,87481.19748764746,8.433105454887862,2.4825989472521823,1.0052273745868616,1.189,1.189,1.5185788657201933,0.5104799570839066,0.0,0.0,0.0
"[1.70969, -0.267037, 6.56448e-06]","[0.0, 18405060.0, 22243920.0]","[0.0,0.5,1.0]",97334,10.212385586747285,5.91169877823673,0.3658386860075558,0.0760189956671769,108733.566622076,10.2071800966842,2.5914039988420843,0.575871551677372,-1.0,1.264,0.7529815074753698,0.2975852113159983,0.0014754543918680154,0.0,0.0
"[-1.20801, 2.55409, 0.0039901]","[4548917.0, 0.0, 5157811.0]","[0.5,0.0,1.0]",143538,35.59856748426331,12.383281708072444,0.0610904909066985,0.2970141225809227,79744.52454562798,7.778562509617339,0.7669409007342765,1.9362392698973176,-1.0,1.278,3.094404773670207,2.1281110597566193,0.12230688745249833,0.0,0.0
"[1.50459, 0.0103851, -0.157666]","[0.0, 3217582.0, 3197228.0]","[0.0,1.0,0.5]",194581,10.295444747881142,6.937164989329258,0.4004044328658391,0.4214567552292469,34654.65248230309,3.810356373387679,9.170041863630397,0.4085262942462173,1.444,1.444,0.501105419917512,0.1674714167521515,0.0,0.0,0.0
"[-1.1329, 2.30489, 7.25256e-05]","[848279.7, 0.0, 1548231.0]","[0.5,0.0,1.0]",372554,8.91634378051061,8.455467118123382,0.3026458335847344,0.1413277489414505,63501.63772344806,6.384774725370627,4.263556854658754,0.2308235106768267,-1.0,1.603,0.3504331188798652,0.2456834095165225,0.001965738335437368,0.0,0.0
"[-0.551658, 4.6174]","[31342590.0, 0.0]","[0.5,0.0]",108604,8.873954548488706,8.662713943731664,0.5972395683782906,0.0671606100996091,51230.74182926781,5.309152215146446,5.453010974743698,1.1210221658063353,-1.0,1.712,0.8326244508182351,2.408867705119642,0.0,0.0,0.0
[3.76535],[0.0],[0.0],275127,10.753089964600068,9.87816726551964,0.214854407854977,0.0660166344759412,56822.94664206481,5.802211244252346,3.675013240960823,1.4333607210113446,2.038,2.038,2.781366213644109,0.0,0.0,0.0,0.0
[3.48687],[0.0],[0.0],233163,10.773204597811835,7.878882967799024,0.444263861339035,0.007917688736445,85556.51799718193,8.270762368470061,2.654304230768595,0.6548919576457778,-1.0,0.276,1.2228903984493271,0.0,0.0,0.0,0.0
[5.6423],[0.0],[0.0],17415,9.405636226199224,8.472017640520994,0.2817966863070383,0.1871247331102769,48651.39839094107,5.079894620442836,5.631342158969591,0.7670559728329371,-1.0,0.777,1.8220284035594863,0.0,0.0,0.0,0.0
"[2.13938, -2.8236, 0.00575921]","[0.0, 21004110.0, 22763890.0]","[0.0,0.5,1.0]",351812,9.668046239526252,5.996409852712263,0.0733926795708561,0.227957258071259,50023.452598710646,5.201999578007429,7.165267054765721,0.389591459725741,0.778,0.778,0.5698406068523333,0.6546527773599127,0.029565885142173027,0.0,0.0
"[5.99038, -0.356925, 0.000124306]","[0.0, 6648464.0, 8809439.0]","[0.0,0.5,1.0]",285170,11.30632922486086,8.279852815370752,0.0060746203459381,0.0654210205136614,38336.83457620063,4.149144880524371,6.518145071380014,2.629243930280853,-1.0,1.05,6.435140988669022,1.5707944715851943,0.029314124353377245,0.0,0.0
"[-0.929415, 5.5707, 0.00033402]","[9714902.0, 0.0, 12889200.0]","[0.5,0.0,1.0]",360116,10.931837570157509,9.465803167824676,0.406967571475435,0.0495344708690782,34097.30351652752,3.758720076826618,6.816622833850214,2.0166309068585027,-1.0,1.176,4.759718894524985,1.9441566607032161,0.03685637811351341,0.0,0.0
"[1.5913, -0.687738, 0.282688]","[0.0, 1216917.0, 1217453.0]","[0.0,0.5,1.0]",371919,9.949110897633732,3.819377194974832,0.4863162267999569,0.3760099248405127,50692.83688061371,5.261443582544568,10.306344753885195,1.208210514428279,-1.0,1.362,1.5241181756837794,1.190210624598643,0.0,0.0,0.0
"[2.03307, -0.291422, 7.21965e-05]","[0.0, 2532470.0, 3067621.0]","[0.0,0.5,1.0]",86941,11.065561756502609,9.55666631553952,0.3527013592197948,0.2771838415190141,53850.86075035806,5.540813512716653,3.9399364643976864,0.6836225693969816,-1.0,1.537,0.9747484611626294,0.36904349914761686,0.005808640041018203,0.0,0.0
"[1.74751, -0.322994, 4.20269e-05]","[0.0, 3667588.0, 4461472.0]","[0.0,0.5,1.0]",213080,32.538698313955486,14.173484404150276,0.2965677069133978,0.2495698535312293,62292.11150950611,6.279734013589502,0.992622814120454,0.5078957044136729,-1.0,2.291,0.6714046961016268,0.28865013648221566,0.0032925942700324736,0.0,0.0
"[1.57218, -0.362577, 0.00311911]","[0.0, 8281309.0, 8757927.0]","[0.0,0.5,1.0]",227383,9.977341978119282,9.790069894281125,0.8521586940541244,0.5233332430424915,11400.66637222043,1.5226100866575425,20.58144819179021,5.010905433870836,-1.0,0.331,6.283004060735648,3.030235467604732,0.0,0.0,0.0
"[2.83835, -0.973139, 1.68901e-05]","[0.0, 1566987.0, 3390047.0]","[0.0,0.5,1.0]",116684,36.62755969840911,27.3024231836719,0.3106034806834772,0.4446983211760612,43511.58933574114,4.619122804141785,0.7825071865611292,4.7591335155176315,-1.0,0.448,8.017904198361649,4.694780887254043,0.019558880774472726,0.0,0.0
"[3.09274, -0.130894, 0.00361151]","[0.0, 38481950.0, 38820400.0]","[0.0,0.5,1.0]",151056,8.919404025337554,8.596750429801965,0.5955267524010922,0.2732964602324137,55623.38814478544,5.696878887519538,4.947648996126069,0.9237809828825057,-1.0,0.509,1.6245785815928286,0.33879660935285927,0.0,0.0,0.0
"[3.51145, -8.05035, 4.64428e-05]","[0.0, 6487075.0, 11433830.0]","[0.0,0.5,1.0]",327313,10.5560268268029,6.174452885207407,0.4033051203654975,0.0707411449655188,54527.29574667398,5.600431780682291,5.872550730400047,1.409742485041015,0.906,0.906,2.641697179903942,3.9998819067066664,0.009607247647553744,0.0,0.0
[3.85303],[0.0],[0.0],378737,9.25889370733556,8.425717074351004,0.2016068789709388,0.6288742525432105,134190.05634308266,12.296421106442477,1.555433518045246,0.4786109892725464,1.068,1.068,0.9394720442053847,0.0,0.0,0.0,0.0
"[2.59466, -0.417917, 0.000567143]","[0.0, 2166667.0, 2612886.0]","[0.0,0.5,1.0]",65807,33.66734088301742,29.748335607940408,0.3390527024765971,0.5203883728519301,84199.37713873375,8.156100082832486,0.3453451485891858,1.4277255338709167,-1.0,1.148,2.2997729155518436,0.9229745914224281,0.034000947114258384,0.0,0.0
"[1.84694, -0.248268, 5.79846e-05]","[0.0, 15207820.0, 17569440.0]","[0.0,0.5,1.0]",85892,10.127756146081827,9.393779835959682,0.3252371881548823,0.4334172742315502,84448.85157897336,8.177189726232236,2.4453726745801188,1.156266617324877,-1.0,1.419,1.5713914319826234,0.5761271742173855,0.008804695075433548,0.0,0.0
"[-1.64305, 3.61823, -6.26583, 6.23658, 0.000181357]","[2010252.0, 0.0, 686169.4, 590118.0, 3859462.0]","[0.5,0.0,0.5,0.0,1.0]",136484,10.628587628498716,9.887399957782256,0.0463535845416765,0.6156920751594656,35261.992180460285,3.86651369897054,6.478683377279248,2.5822376422102913,0.426,0.426,4.911840919469258,9.1304687871482,3.309951251344182,0.03477469817534622,0.0
"[1.82032, -0.189054, 0.000755458]","[0.0, 3649027.0, 3906895.0]","[0.0,0.5,1.0]",118357,8.603653544200464,5.747935931342019,0.1397929753651809,0.4492769706309748,42191.9724514242,4.499894359616319,9.966854365279604,0.6281713469225082,-1.0,0.753,0.8475239763859354,0.2736762102911881,0.0,0.0,0.0
"[2.75335, -3.1592, -1.06944, 4.06876, 8.62115e-05]","[0.0, 1290183.0, 2599974.0, 1102341.0, 5159655.0]","[0.0,0.5,0.5,0.0,1.0]",353828,10.159407192148814,6.795669744484064,0.0958163854779391,0.2245267195357463,100989.2214633112,9.564343461415596,2.542759539860752,0.6696846268433193,-1.0,0.943,1.1112225353440013,1.8004381207867313,0.6925458663443991,0.0062180316774790734,0.0
"[3.20769, -0.559251, 0.000108815]","[0.0, 6665941.0, 8583100.0]","[0.0,0.5,1.0]",134159,10.120314035849082,7.001882892716698,0.509049597610244,0.4546724378135842,93173.80741293768,8.911504521804147,2.7643214801545186,0.4249944588202632,-1.0,1.113,0.7611661435716158,0.31782397300771537,0.004433305410118845,0.0,0.0
"[3.68937, 0.000617792, -0.00297338]","[0.0, 100713600.0, 100691000.0]","[0.0,1.0,0.5]",282013,9.47469292151152,8.75849633071964,0.5889543191661349,0.0391799857460742,25817.256667386988,2.9783026203464185,11.03671974698935,2.508732095219462,-1.0,1.241,4.818705579641559,0.15033925337146575,0.0,0.0,0.0
"[1.98575, -1.61009, 0.000730227]","[0.0, 9792930.0, 11993170.0]","[0.0,0.5,1.0]",103437,6.909452373961575,6.504118530772045,0.2438875418160567,0.3681477836558304,54147.83851917619,5.566997102690236,7.979607758001001,1.316736877551504,-1.0,1.33,1.8555013921690102,1.670798494497167,0.035581802302961686,0.0,0.0
"[-0.586088, 2.97467, 1.82112e-05]","[16422640.0, 0.0, 21942260.0]","[0.5,0.0,1.0]",294052,9.537142916370156,7.074138879357124,0.0759238868217003,0.5007755056974752,102844.71330017391,9.718714529691434,2.522598842430768,0.5270492558239783,-1.0,1.336,0.9090140612439676,0.4034898545275343,0.00224916070014088,0.0,0.0
"[2.32829, -0.696165]","[0.0, 49364880.0]","[0.0,0.5]",18042,10.342810742748018,7.830502562860365,0.2637120935489851,0.6295936431501441,25054.004318805,2.904897434960798,11.6522723979838,1.191021153009883,1.355,1.355,1.8173476395134096,0.9937463977157689,0.0,0.0,0.0
"[1.86019, -0.26425]","[0.0, 22996020.0]","[0.0,0.5]",250884,22.89394565538887,8.307871834950003,0.3732422131817201,0.1746578706035255,48791.50423636787,5.092379598053934,2.830836543744608,1.3302971775133718,-1.0,1.622,1.8143761244406784,0.6838426250952309,0.0,0.0,0.0
"[-0.750831, 1.64772, 0.00338441]","[1090960.0, 0.0, 1200991.0]","[0.5,0.0,1.0]",167276,11.446761084363056,9.402825777227331,0.1709345475976547,0.2447619526344726,25801.87404192613,2.976825871268444,8.903772223894817,3.684410422457165,-1.0,0.614,4.729439875827348,3.1997474597869733,0.0,0.0,0.0
"[4.40928, -0.711938, 0.14658]","[0.0, 399935.9, 401704.4]","[0.0,0.5,1.0]",236755,9.73296129399785,6.566291758284202,0.0906443285270527,0.1432403752793952,50728.391229385736,5.264598459146347,6.477073918296661,0.5321614301607741,0.68,0.68,1.2214001000171404,0.0,0.0,0.0,0.0
"[1.64132, -0.287425, 1.15681e-05]","[0.0, 12833680.0, 15526480.0]","[0.0,0.5,1.0]",257528,32.66594183545396,19.814341998256108,0.387744254391021,0.3733640326955144,25927.93998732524,2.9889239339253204,2.003892800232625,5.3154992662920755,-1.0,0.755,6.809899353202994,2.8497471799139196,0.018079028094294368,0.0,0.0
"[2.09277, -0.24804]","[0.0, 63818480.0]","[0.0,0.5]",11050,10.062923834594995,6.648327957235473,0.1574880396588019,0.1619623478069659,35119.57847448913,3.853355493577017,9.547134890442512,1.05142108490809,-1.0,1.243,1.5210287832334153,0.5236457020769475,0.0,0.0,0.0
"[2.39407, -0.941789, 0.000364183]","[0.0, 5390098.0, 7581019.0]","[0.0,0.5,1.0]",196701,11.939893105687156,7.830467695423453,0.108792018981205,0.1213138790534464,36552.7268571743,3.98548789306699,6.908983216097212,1.889514045106561,-1.0,1.338,2.9236039954899566,1.83369428426525,0.03605869117274202,0.0,0.0
"[1.8331, -1.12741, 0.00208759]","[0.0, 6687300.0, 7404625.0]","[0.0,0.5,1.0]",321335,9.45599344116081,8.859040404049722,0.2926994253388054,0.6840495147587541,65091.23353702459,6.522530250927002,3.7868579615351816,0.9923356823249893,-1.0,1.352,1.3435433592073138,1.0536577097301516,0.04533996827140188,0.0,0.0
"[1.92208, 5.0561e-06, -0.216781]","[0.0, 10985150.0, 8074222.0]","[0.0,1.0,0.5]",269725,25.946069002227063,10.198897666831174,0.0513526770216399,0.1182479172679374,18338.165717657645,2.244575077150664,6.107145733308683,4.036738455220603,-1.0,1.378,5.5964978565657715,1.8794951941571965,0.009076918569478723,0.0,0.0
"[2.14997, -0.35471, 2.78824e-05]","[0.0, 3173418.0, 4774899.0]","[0.0,0.5,1.0]",227668,9.803517656056096,6.591244184147119,0.5245970618710474,0.2122361792708966,91651.53500117462,8.783824370902085,3.053150019011456,0.7635420507773549,-1.0,1.615,1.1195646056447444,0.4547468257162649,0.0040317912382046,0.0,0.0
"[3.20336, -0.314708]","[0.0, 32972510.0]","[0.0,0.5]",263842,10.149336504539209,6.110135718803733,0.6780866305773158,0.7681766554520908,86607.33462024125,8.359435521339453,3.415920344683961,0.0389797270497366,-1.0,2.511,0.06976565369174452,0.021867175233472088,0.0,0.0,0.0
"[2.11048, -0.454023, 0.00374478]","[0.0, 5697721.0, 6230606.0]","[0.0,0.5,1.0]",318253,10.799982085328216,10.61511657739976,0.0640508115058645,0.4341357218446394,15839.174425954656,1.9904820174669653,13.56335372684812,6.928214354717541,-1.0,0.468,10.064957293489055,4.687528560187678,0.0,0.0,0.0
"[-0.616492, 1.61781, 0.00524816]","[2081388.0, 0.0, 2262919.0]","[0.5,0.0,1.0]",350681,9.786175882006464,8.780645720138063,0.3613913080977544,0.4854750790155845,38986.06737690803,4.208481308844033,6.843811777112805,1.8150557211343867,-1.0,0.469,2.3086267309830797,1.4311805401379833,0.0,0.0,0.0
[3.42479],[0.0],[0.0],209920,9.754708118058666,6.946884563628135,0.0092412619858822,0.3107182151363543,32460.17606173168,3.606457741914346,10.280477948148716,2.6218652298054654,-1.0,0.546,4.852073125783023,0.0,0.0,0.0,0.0
"[-0.57673, 3.01531, 0.000392579]","[4848724.0, 0.0, 6343257.0]","[0.5,0.0,1.0]",352191,10.81036796754066,9.45658117633627,0.130025916711041,0.1347463692713435,28836.54358299866,3.266037443039517,8.260834331913633,1.6600327047864711,-1.0,0.604,2.882588357927051,1.2606743472830155,0.03289123468349837,0.0,0.0
[3.10325],[0.0],[0.0],144484,9.887757146354668,7.134475032105319,0.7019584071661803,0.1511711234004621,107927.29523936,10.140429639844854,2.2807935686302563,0.1623423696103529,-1.0,0.639,0.2859830297506104,0.0,0.0,0.0,0.0
"[1.95257, -0.298974, 7.66937e-05]","[0.0, 4548165.0, 5182101.0]","[0.0,0.5,1.0]",185101,9.025919156448614,8.445674718304375,0.0747532546723016,0.0594198175450207,49913.25918339587,5.192206119321538,5.66612609328195,0.9572205971705028,-1.0,0.867,1.3375663710188999,0.5233940075789232,0.008382853572999373,0.0,0.0
"[-0.624122, 4.09168, 8.9229e-05]","[5834774.0, 0.0, 8627113.0]","[0.5,0.0,1.0]",337091,8.464451203616756,4.034117652726176,0.3217636839284078,0.2741990512108277,87865.01727231758,8.465442892713689,5.577180335417258,0.6338751713837631,-1.0,1.109,1.2821964544246558,0.5007702114253737,0.005987654792040714,0.0,0.0
[4.47608],[0.0],[0.0],130884,10.416557391860362,5.946065042994159,0.3633057400934821,0.3355743164257389,36433.97338662922,3.9745623336821656,9.827638311357196,1.3280341747699709,1.252,1.252,2.809688481241878,0.0,0.0,0.0,0.0
"[-3.36415, 10.8179, 0.0158883]","[156894.7, 0.0, 284474.6]","[0.5,0.0,1.0]",231945,8.929657982890708,8.734681001473437,0.0105160056250247,0.0595802454786794,62803.27174672461,6.324149233196998,4.20144618464121,1.2715141929842702,0.215,0.215,4.791084764432744,0.0,0.0,0.0,0.0
[3.67177],[0.0],[0.0],162461,10.16809673229822,8.991203226655132,0.4292827039584611,0.2245505625863876,32466.26858481305,3.607026163780291,7.975258857021346,1.0501952922714224,-1.0,0.316,2.012369848828769,0.0,0.0,0.0,0.0
"[2.41313, -0.603358, 0.115839]","[0.0, 18742350.0, 18790250.0]","[0.0,0.5,1.0]",136003,9.870978035393009,7.372303186074125,0.1069588237641231,0.4126807214642007,15384.352994774134,1.9436090896825955,20.40891399283552,4.4826503065525936,-1.0,0.362,6.963462162532201,3.8015332577164154,0.0,0.0,0.0
"[1.82437, 0.00125826, -0.184416]","[0.0, 8191609.0, 7797308.0]","[0.0,1.0,0.5]",96712,9.945925629112342,8.931597490414292,0.1003745906713886,0.1690659417794863,47991.50181546269,5.021039259498705,5.227953847262217,0.2251030647077337,-1.0,0.431,0.3040450020991121,0.09699676692187868,0.0,0.0,0.0
"[-0.308402, 8.53513, 0.0056551]","[8010725.0, 0.0, 8472662.0]","[0.5,0.0,1.0]",6923,28.90315927104451,18.65970795792637,0.0164022909390307,0.1879585197108783,73324.3360927296,7.231114584752072,0.6958542673869235,1.5619784519385438,-1.0,0.562,4.563311426107468,0.8674283883974274,0.11746140271382721,0.0,0.0
[4.06834],[0.0],[0.0],4035,9.841940760426327,9.376918704662826,0.0988317223195439,0.3172788466350082,63074.97172675679,6.347743311754592,3.6326358905908407,1.4750297026981076,0.704,0.704,2.975153558403332,0.0,0.0,0.0,0.0
"[2.24489, -0.397537, 0.00039129]","[0.0, 2215662.0, 2981590.0]","[0.0,0.5,1.0]",391214,8.411948079895039,7.789291796543648,0.0092856529625855,0.3399373995528988,40349.9640055052,4.332773666171297,8.245996215683643,1.9895603327890288,-1.0,0.982,2.9809496884286864,1.2544284396848935,0.03935559548342436,0.0,0.0
[5.52402],[0.0],[0.0],175783,12.910259251110556,4.527045064940853,0.6774311373468292,0.1914046826029807,15917.465943787169,1.998530688629544,24.7327663402902,2.928280168684106,1.041,1.041,6.88240534952016,0.0,0.0,0.0,0.0
"[-1.36989, 2.29868, 1.61415e-05]","[1940783.0, 0.0, 4355927.0]","[0.5,0.0,1.0]",141160,36.92483959521234,20.378207020865904,0.6044591920171518,0.0329162472815089,15326.363513625727,1.9376164261551123,2.9554686738377467,10.489359738534665,-1.0,1.447,15.90333614574959,12.276987898054122,0.042142561111936164,0.0,0.0
"[1.79306, -0.590349, 7.50107e-06]","[0.0, 8346052.0, 10711890.0]","[0.0,0.5,1.0]",73180,9.686400329378202,6.225187839166771,0.6916228636148741,0.2409625893921829,58925.54400619459,5.986306505696375,5.678327453696026,1.2077895767769324,-1.0,1.591,1.6172929316902094,0.9279951218464724,0.0033079039181694208,0.0,0.0
"[1.58397, 5.28267e-05, -0.244448]","[0.0, 27888510.0, 24719010.0]","[0.0,1.0,0.5]",150690,8.747573278856576,7.58410124584867,0.5038703267442131,0.173864580596421,71320.52829317673,7.05937216563474,4.102922991492853,1.1746210629494935,-1.0,1.638,1.478329557350362,0.5807524202716722,0.008537378285365332,0.0,0.0
"[1.47672, -0.416922, 0.0696252]","[0.0, 10091320.0, 10110050.0]","[0.0,0.5,1.0]",293714,10.114494448393764,7.759531843877662,0.2281425936306622,0.1610626946380619,45931.76467071759,4.836774179738304,6.1195074658013455,1.7389488143267111,0.475,0.475,2.1131770100312997,1.2129678434807278,0.0,0.0,0.0
"[2.53873, -0.666826, 6.01336e-06]","[0.0, 5974560.0, 7669596.0]","[0.0,0.5,1.0]",65217,10.174087142554471,6.708587627377876,0.1285524749993223,0.3670027768021016,57390.40547503402,5.851961497726478,5.284929541091217,0.8492616302602837,0.772,0.772,1.3531618981829403,0.6935020760666017,0.002082572384630205,0.0,0.0
"[2.88788, -10.1682, 1.49505]","[0.0, 2426009.0, 2444771.0]","[0.0,0.5,1.0]",136405,9.826333189889208,7.509550167335902,0.2027583191819856,0.5020256417522067,45714.31179858372,4.817270059022255,6.478702884790887,0.5245585200010343,0.823,0.823,0.8914223463312339,1.7914460662529363,0.0,0.0,0.0
"[1.96433, -0.967946, 0.00118412]","[0.0, 996531.6, 1224962.0]","[0.0,0.5,1.0]",16364,10.340111493698537,8.51308429294338,0.3749322131008692,0.1148108370063611,25530.62685419663,2.9507697608633445,10.643639560345155,1.455826009743639,-1.0,1.041,2.0404065025482607,1.433179277098914,0.0,0.0,0.0
"[3.1558, -0.0817058, 0.00058191]","[0.0, 17663000.0, 18026620.0]","[0.0,0.5,1.0]",81065,10.405382124815318,10.310910199743374,0.6859576951676074,0.1093135871779951,59737.527824158286,6.05722543023161,3.4266455062134704,1.7945887397255165,1.215,1.215,3.188009995072293,0.5129693086616033,0.04329052459900723,0.0,0.0
[4.39018],[0.0],[0.0],173444,20.98246908674161,14.359090469757444,0.2746387909983277,0.0524587207280776,51367.53758479412,5.321276887382022,1.751783964597596,2.9638159766183727,1.248,1.248,6.210011411892075,0.0,0.0,0.0,0.0
"[1.45038, -0.180233, 0.00688574]","[0.0, 3869789.0, 3910644.0]","[0.0,0.5,1.0]",288776,10.450708660900968,8.594246726801705,0.0027838802871733,0.4328274591496889,79170.90522988724,7.729816044699582,2.7921674793241738,1.04069928660064,-1.0,1.357,1.2533320862173827,0.4501776181806703,0.0,0.0,0.0
[3.575],[0.0],[0.0],360487,9.545800951376735,5.763718145660442,0.6529626222088494,0.1518416022766715,32486.87303129977,3.608947892756062,12.288888398692984,0.4873963500034696,-1.0,1.726,0.9215529540608175,0.0,0.0,0.0,0.0
"[-2.9829, 3.64549, 0.000107768]","[2018288.0, 0.0, 4824318.0]","[0.5,0.0,1.0]",35957,10.335328250825151,8.84607046544244,0.3277149339605723,0.0322845753082564,66250.71145957768,6.622808362897134,3.446703638049816,0.6902527877975196,-1.0,0.626,1.3179111278035076,1.192140703443842,0.007165608574807608,0.0,0.0
"[2.95533, -0.30208, 0.0028012]","[0.0, 7007783.0, 7243032.0]","[0.0,0.5,1.0]",355139,9.082244097256169,8.712576725824345,0.3834888760552215,0.0911273040162657,144183.22826387186,13.108167150429091,1.3921433276533337,0.2222615258302541,0.658,0.658,0.3820914174521795,0.12215894623774286,0.011763494406142116,0.0,0.0
[4.95708],[0.0],[0.0],348891,9.837110548261036,9.542906504514876,0.1898094412146437,0.516399125167669,18356.80220068838,2.246450522708202,13.972218657670116,5.44529211313748,-1.0,0.813,12.123671111383462,0.0,0.0,0.0,0.0
"[1.83111, -0.303028, 0.000331002]","[0.0, 11214520.0, 12489680.0]","[0.0,0.5,1.0]",255751,8.626981042246658,7.906841726020439,0.2917106009100659,0.1771477242455214,38577.1802207525,4.17112444162879,8.394556281242382,2.2110995961480224,-1.0,0.85,2.9920270976811056,1.217165642966444,0.04022755286237652,0.0,0.0
"[-1.09373, 4.9086, 0.000141787]","[33291340.0, 0.0, 42540210.0]","[0.5,0.0,1.0]",403507,10.377000423969063,9.304410570024956,0.0456017639151123,0.1077008110962691,27510.462266382256,3.140160376588659,9.104853427170385,2.569581430041526,-1.0,0.926,5.693000298133676,2.68730801428978,0.030597122962113088,0.0,0.0
"[3.79131, 6.95928e-05, -0.195579]","[0.0, 61509140.0, 59983620.0]","[0.0,1.0,0.5]",136777,8.71156306362112,6.789102120324035,0.5023225183974507,0.6158023705496495,55244.54131072752,5.663565412812496,6.20974977301419,0.6972643730457265,0.93,0.93,1.3576634410251296,0.3083603897844254,0.005816739713378048,0.0,0.0
"[1.31927, -0.225416, 0.000440183]","[0.0, 15064420.0, 15443830.0]","[0.0,0.5,1.0]",392103,9.629961393726706,9.187449479230944,0.9043572330661548,0.4280826711821723,183784.2530525221,16.288911430839455,0.903922548820927,0.275671738505704,1.108,1.108,0.3166351236041095,0.13088341395647982,0.005783741551002202,0.0,0.0
"[-0.679654, 2.83503, 3.2043e-05]","[12398150.0, 0.0, 17623680.0]","[0.5,0.0,1.0]",392077,9.715341283051451,9.030138842700286,0.469107020406409,0.3044849199511901,27586.67195105897,3.147414826912025,9.830164013616807,1.8733901630580327,-1.0,1.164,3.1543295533039775,1.5444440293146646,0.010604612906541857,0.0,0.0
"[2.33107, -0.348282, 0.00229191]","[0.0, 28073930.0, 28924510.0]","[0.0,0.5,1.0]",339922,11.1695623053579,10.1541893272684,0.4608325227918715,0.0083440942573192,124687.547010258,11.520406938931655,1.258787947323846,0.8299906115328975,-1.0,1.659,1.2672165536389641,0.48982245957703263,0.039734884926423276,0.0,0.0
"[2.60943, -1.0408, 3.63553e-06]","[0.0, 2611216.0, 6408569.0]","[0.0,0.5,1.0]",350155,9.44977299371361,4.541601587210656,0.3402327119769904,0.2891365580645585,49973.34243151559,5.197546379534166,9.332548739116598,0.7630488189021131,-1.0,1.897,1.232608476474922,0.7784593983176313,0.0014549102074205358,0.0,0.0
"[2.40808, -0.878437, 0.00431493]","[0.0, 9579790.0, 10570940.0]","[0.0,0.5,1.0]",52078,8.1954677343768,4.858256023161827,0.3121140381242862,0.2667927342602039,141532.42920340985,12.893250296900206,2.559928017988117,0.25350286355586,-1.0,0.255,0.3933854790218431,0.23759548279657292,0.016652128240610187,0.0,0.0
[3.3154],[0.0],[0.0],146183,9.392404059597029,8.655981995370075,0.3113675182256556,0.9902385178801454,6693.116957737913,0.98889312024804,35.6514714765776,5.83503457992882,-1.0,0.358,10.624570941512834,0.0,0.0,0.0,0.0
"[4.71279, -0.389283, 0.00221538]","[0.0, 6863650.0, 7512967.0]","[0.0,0.5,1.0]",132980,10.95876752110368,8.196111890930734,0.0087825108601448,0.4371426640051407,38348.849282578005,4.150243871694128,6.7409444502933935,0.5194211856162124,-1.0,0.368,1.127609440827031,0.32408011064582043,0.024448024636934653,0.0,0.0
"[1.62124, -0.256056, 0.000637618]","[0.0, 38604450.0, 39613990.0]","[0.0,0.5,1.0]",134414,9.187893254137098,7.903520182177992,0.0848681174580512,0.6340565106373695,78712.14969581758,7.690808313976238,3.356083239742175,0.3676573398197719,-1.0,0.588,0.4681304549033719,0.18604187976224928,0.009283751880712891,0.0,0.0
"[3.10972, -3.29189, 1.1407e-06]","[0.0, 8185848.0, 22979470.0]","[0.0,0.5,1.0]",160252,10.784866383810568,9.205862522779736,0.954889389730656,0.145205241313053,33584.03304800166,3.711078234787261,7.17639968964671,0.9626953311100568,-1.0,0.989,1.697655281745583,1.7466726617567037,0.00102819286625965,0.0,0.0
[5.68717],[0.0],[0.0],140483,10.06983373954238,5.661214038029921,0.7920331518773992,0.3129418551981646,59713.98736666465,6.055170662256691,5.8864255974454105,0.5081127851806717,0.99,0.99,1.2117366061052726,0.0,0.0,0.0,0.0
"[-0.628575, 2.84679, 0.0206752]","[998421.1, 0.0, 1077666.0]","[0.5,0.0,1.0]",369986,8.387056623444451,7.630869490540839,0.1127040052754327,0.2261697476428705,52339.04158221704,5.407288956725292,6.193528883577232,0.8154526069918698,-1.0,1.263,1.3758669588767998,0.6570596099588663,0.0,0.0,0.0
"[3.68068, -0.33279]","[0.0, 30319010.0]","[0.0,0.5]",338187,9.15662420959541,8.93794416193859,0.3304656649642484,0.3391392979678981,55728.04264078019,5.706077572127679,4.675258372207307,1.0112620055160904,-1.0,2.664,1.9401161067728265,0.5833763573443335,0.0,0.0,0.0
"[1.66019, 0.13329, -0.235378]","[0.0, 21800790.0, 21799900.0]","[0.0,1.0,0.5]",259701,10.33471343960425,9.846651601227835,0.3350147721169595,0.1027779136408191,53456.64070272566,5.506033057204808,4.101218577514804,0.9889818411798736,-1.0,1.141,1.2742868878672022,0.6004903588555263,0.0,0.0,0.0
"[-0.271913, 1.91499, 0.000453386]","[3936853.0, 0.0, 4397793.0]","[0.5,0.0,1.0]",96997,9.989682194205328,8.897385511835646,0.5742226490057889,0.4308805482417082,37360.57110378079,4.059702699443157,6.983545336843201,1.7512613467146507,-1.0,1.488,2.4234508565160446,0.913961109686989,0.0,0.0,0.0
"[-0.467718, 1.75245, 4.94269e-05]","[5684224.0, 0.0, 7505005.0]","[0.5,0.0,1.0]",387841,10.82329485133537,10.283860462381735,0.6254861542750458,0.799141511394009,58480.92956168254,5.947432876089954,3.411644951115222,0.6147884066108967,-1.0,1.591,0.8138577193241777,0.4204532474191853,0.0043222248468734546,0.0,0.0
"[2.48469, -3.25114, 0.0330011]","[0.0, 317312.1, 412805.0]","[0.0,0.5,1.0]",317914,9.984872279848805,9.683808044927163,0.6496331669354228,0.2614901271893611,23146.026356913662,2.720083613355216,10.864058005552838,1.8734266777149051,-1.0,0.457,4.499669460226061,0.0,0.0,0.0,0.0
[3.12827],[0.0],[0.0],276979,10.178810480196937,8.375543222706176,0.6041542993064709,0.140455171277503,26625.23095148696,3.0557038636371354,10.464176603149983,3.5328182054874073,0.516,0.516,6.248465908431004,0.0,0.0,0.0,0.0
"[-0.816331, 2.69643, 0.00196149]","[411677.5, 0.0, 472488.0]","[0.5,0.0,1.0]",162519,9.667307109136576,7.365818776132165,0.6854184106860871,0.1890096215822475,115830.73687433152,10.793096584461727,2.055426752940089,0.3381400018015801,-1.0,0.729,0.5552532712109712,0.30587982519991663,0.0,0.0,0.0
"[4.32043, -0.83003, 5.35561e-05]","[0.0, 38613150.0, 43034470.0]","[0.0,0.5,1.0]",143316,10.019499891803106,7.766710538424586,0.3651441545852518,0.5620172639480923,122016.24553684283,11.301471785330191,1.7785239163784994,0.708730292944441,-1.0,1.129,1.473141562091854,0.645695694822761,0.0051866323909039525,0.0,0.0
"[-0.467907, 6.11427, 0.000213671]","[1777848.0, 0.0, 2879105.0]","[0.5,0.0,1.0]",198454,10.490573881913573,9.926934607539224,0.0173481904988229,0.6132207548482216,28328.64234298494,3.2179137699287432,8.28451717280514,2.0557432992737725,-1.0,1.14,5.08324672775368,1.406205054167619,0.030049806142275093,0.0,0.0
"[1.54712, -0.171686]","[0.0, 42081820.0]","[0.0,0.5]",220950,10.023599152602802,8.988988230169573,0.4131113149197563,0.6734410056033667,73008.18680256365,7.204047214907944,3.085146868514118,0.361688021981816,1.193,1.193,0.44987942011302084,0.149865465733215,0.0,0.0,0.0
"[1.54192, -0.300868, 1.22374e-05]","[0.0, 8145967.0, 10570720.0]","[0.0,0.5,1.0]",59375,7.697954766683993,4.3868535917677285,0.789619317795824,0.1615094051217104,22904.529720506875,2.6965491723428965,26.72601070672585,2.1352737211199155,-1.0,1.249,2.651456314356552,1.1712282924800062,0.007469613542386385,0.0,0.0
"[-3.6434, 5.07766, 6.79533, -9.36381, 0.000142288]","[528519.8, 0.0, 45591.8, 151895.1, 2705593.0]","[0.5,0.0,0.0,0.5,1.0]",124917,9.90721514415476,9.838491279804924,0.0870422376666817,0.4230603513973498,76300.79862274951,7.485433394685604,2.7302197335965515,0.6282520641917866,-1.0,1.269,2.8951992841193226,1.1991882131916844,0.0074940754575778465,0.0,0.0
"[2.3194, -0.260042, 3.73084e-05]","[0.0, 3044860.0, 4057932.0]","[0.0,0.5,1.0]",202846,31.054278509494385,24.735020803961955,0.4160917167148112,0.7787669071847224,112548.66083700275,10.52250150939294,0.2941364270677777,2.1479249601590764,-1.0,1.271,3.2711987470956045,1.0953195859620077,0.013119655066030645,0.0,0.0
"[-2.27982, 2.64226, 0.0715927]","[61992.22, 0.0, 67708.63]","[0.5,0.0,1.0]",337587,8.071468850857983,7.208251836399224,0.3503218248994853,0.5319786989426147,19884.93467425799,2.399273785703935,19.2895706140584,1.934686402429704,-1.0,1.475,4.323352197337323,0.0,0.0,0.0,0.0
"[-0.424999, 2.80531, 0.00120338]","[1171226.0, 0.0, 1453604.0]","[0.5,0.0,1.0]",311467,10.905485598416917,9.207361242744105,0.2866160575585728,0.2121893561285244,71271.2860497229,7.055146220881953,2.908252658796242,1.297173385399789,-1.0,1.705,2.17264344410102,0.8456525905191604,0.04499864372249133,0.0,0.0
"[-0.391018, 1.91328, 0.00024656]","[8362577.0, 0.0, 9661524.0]","[0.5,0.0,1.0]",98475,9.716319612576704,9.089557783837506,0.6743896276334496,0.1695506061453381,53836.23131654407,5.539523162630588,4.576358506386674,1.6253347434020262,-1.0,1.893,2.2481852019844326,1.0163450914061674,0.02552137857190977,0.0,0.0
"[2.8438, -0.306317, 4.52688e-06]","[0.0, 17699780.0, 22340320.0]","[0.0,0.5,1.0]",376098,8.82750833479709,7.923772800721383,0.812588892035962,0.3040461450425709,73232.43413326796,7.22324743474382,3.795046644364346,1.0240339702892776,2.003,2.003,1.726886874848784,0.566760942348876,0.0021787823820571188,0.0,0.0
"[2.24588, -0.63449, 2.37357e-06]","[0.0, 27418640.0, 33710100.0]","[0.0,0.5,1.0]",262346,10.373747301950386,6.602117271390041,0.4466877114869259,0.0121338990816412,94704.2536677922,9.03969335817954,2.791479939331498,0.2046740462544871,2.208,2.208,0.30672985489881466,0.16303286711951548,0.00031532891570380323,0.0,0.0
"[3.64072, -0.00176184]","[0.0, 250739400.0]","[0.0,0.5]",70138,9.360075744981131,8.99053525712482,0.1388110178553039,0.2532311361411284,115981.8860487841,10.805543743549975,1.7798584449016503,0.7504084769415563,-1.0,2.248,1.4318297149879757,0.03149785390294206,0.0,0.0,0.0
[4.94301],[0.0],[0.0],356718,9.751181455557909,5.82394264791834,0.1980404245324109,0.8345079757686452,88596.30881128467,8.527021785310893,3.56985933622713,0.2980575133104204,2.674,2.674,0.6626677240940927,0.0,0.0,0.0,0.0
"[-0.947391, 3.25164, 0.00182892]","[780459.7, 0.0, 1210861.0]","[0.5,0.0,1.0]",173424,33.62725411085012,31.55101123822591,0.3336412691794764,0.4133277751498102,34100.199934247255,3.75898865492324,0.9791486991412496,7.469790969824018,-1.0,0.266,13.469754416332442,7.270647280378933,0.3194521412572444,0.0,0.0
"[5.14833, 18.7488, -11.2068, -9.80332, 0.0095082]","[0.0, 350834.5, 380111.5, 362840.3, 815372.8]","[0.0,0.0,0.5,0.5,1.0]",205787,10.011894415164456,7.720318811006551,0.3724510973353069,0.3052785920588281,52468.510149237634,5.418739000788179,5.28928312664213,0.4697066053089335,0.919,0.919,3.1479720638440347,0.0,0.0,0.0,0.0
"[1.98485, -1.05774, 5.16956e-05]","[0.0, 11816370.0, 13962780.0]","[0.0,0.5,1.0]",257790,11.038760887016045,9.232005309748187,0.1009149624077638,0.610992699286282,75441.34538680666,7.41209297197512,2.672660324909803,1.1888499712239733,-1.0,0.992,1.6749077705083297,1.2226904375637266,0.008547789956075129,0.0,0.0
"[-0.414896, 1.64608, 3.64617e-05]","[1946519.0, 0.0, 2692644.0]","[0.5,0.0,1.0]",22347,18.16968445587021,12.746849525808356,0.1354436564910568,0.0532319255182283,110774.9054944092,10.376005497476273,0.8185412247832458,0.7633586208672967,-1.0,1.101,0.9793864331616042,0.49169776985238944,0.004609428378921204,0.0,0.0
[3.01526],[0.0],[0.0],148819,10.707742474886151,8.446476554719132,0.3055731490490027,0.0197470135205392,30355.40386010594,3.4093296720054527,8.672358511403399,2.581908090153992,-1.0,0.393,4.483355342111342,0.0,0.0,0.0,0.0
"[1.60956, -0.278715, 0.000268914]","[0.0, 5124516.0, 5679939.0]","[0.0,0.5,1.0]",224632,8.878619979499835,8.231339790971196,0.1495592076637414,0.1896692386255026,37141.40781349928,4.03958727720552,8.272794515553159,2.087218196280781,-1.0,0.623,2.6480210771620194,1.1024462733190385,0.0,0.0,0.0
"[3.16326, -0.198398, 0.00441465]","[0.0, 40135180.0, 40640150.0]","[0.0,0.5,1.0]",158598,9.819291760963631,9.178206704620395,0.3470365100188728,0.1377685625987894,115486.11185693312,10.764711863825418,1.6909684537124374,0.4911736423484354,-1.0,0.84,0.8735796290931676,0.21877802542616417,0.032634968081631174,0.0,0.0
[3.48711],[0.0],[0.0],161044,10.487640777935036,6.605223389708745,0.5604004143364866,0.2817293682892657,176097.78817217506,15.67548771044829,1.1874597996035705,0.2161895769114146,-1.0,0.881,0.4037082041765797,0.0,0.0,0.0,0.0
"[3.26494, -0.648064]","[0.0, 9589285.0]","[0.0,0.5]",196505,9.1346882483301,8.212530536287606,0.0054561909763161,0.1641652336173926,108368.26106597,10.176941633256297,2.1465669717693188,0.4471581293816468,-1.0,1.554,0.8079765064968321,0.35997312577003254,0.0,0.0,0.0
"[1.86295, -0.471815, 1.84685e-06]","[0.0, 14035460.0, 18063050.0]","[0.0,0.5,1.0]",370490,10.43134050119917,10.17130905890513,0.2211945053235192,0.7468042087807464,185509.82944770448,16.42639025141818,0.7666936213998493,0.4009989575680365,-1.0,2.629,0.5473231819219117,0.27544133561216466,0.0005449530097441416,0.0,0.0
"[2.07707, -0.648611, 0.316423]","[0.0, 2397375.0, 2398327.0]","[0.0,0.5,1.0]",279989,9.53426127417826,5.81931422351328,0.5723364448324926,0.3106811820063979,124851.34238198088,11.533819744990172,2.302230314035207,0.5297769952681883,-1.0,0.366,0.7635169140696199,0.5204324922744079,0.0,0.0,0.0
"[2.4335, -0.469439, -2.54433, 3.25218, 0.00893282]","[0.0, 10166850.0, 3658426.0, 2518614.0, 10876320.0]","[0.0,0.5,0.5,0.0,1.0]",340260,7.382889446184889,4.231131830120086,0.6361411618123392,0.0685472959030596,24901.118834533405,2.8901582084936086,26.186414249003885,0.7809839042686407,-1.0,0.423,1.218309858866536,1.8802923454792455,0.5401630557733001,0.0,0.0
"[-1.79796, 2.22205, 0.000603926]","[4575160.0, 0.0, 5891776.0]","[0.5,0.0,1.0]",137991,10.605581706735606,9.102938716463902,0.3245346138939445,0.0788707084211428,93019.6232076223,8.898580392154788,2.131034888705603,0.5910667643399635,-1.0,0.58,0.8810761658506301,0.7925497849325015,0.01452541011434598,0.0,0.0
"[-1.82394, 4.11283, 0.000432591]","[7531764.0, 0.0, 10093890.0]","[0.5,0.0,1.0]",105929,10.85939706037646,10.699916160340363,0.7586147559766545,0.1829393061896787,81194.20571893321,7.901618611574597,2.1774796491593493,0.5027853438546641,0.697,0.697,1.01965437952196,0.6790283134397685,0.010457342912286175,0.0,0.0
"[1.40584, -0.178124, 3.53375e-05]","[0.0, 9906762.0, 11478950.0]","[0.0,0.5,1.0]",52691,9.69752270332176,8.335177120887087,0.1882293028508897,0.5914778821555184,40477.12192051988,4.344337205859753,6.902372329216052,1.1849684119142967,-1.0,1.04,1.4049948145562734,0.5001128263150146,0.007044086560692654,0.0,0.0
"[2.08922, -2.39948, 2.03424e-05]","[0.0, 3352534.0, 6927233.0]","[0.0,0.5,1.0]",177893,9.190107909095133,8.458505227306482,0.2503597335394505,0.1531176070564257,26114.52573460724,3.006815607452759,11.516854771297716,1.0965288129108826,-1.0,1.213,1.5849374787748418,1.6985510928074774,0.004945624541015013,0.0,0.0
[3.01636],[0.0],[0.0],62050,10.426304692870636,10.256009642554975,0.1720902356171088,0.6789548755185466,43080.70798745505,4.580236864004959,5.082140637193865,2.479978422910309,1.529,1.529,4.307144962434378,0.0,0.0,0.0,0.0
"[3.3002, -1.16763, 7.79319e-05]","[0.0, 1914538.0, 3924994.0]","[0.0,0.5,1.0]",122146,8.595094445903195,7.227861628675435,0.1671496516358418,0.5149721186002448,22845.756558885947,2.6908169950398344,15.934608403284328,2.8931331390256596,-1.0,0.367,5.25579660301804,3.1262308346420613,0.025540303407586912,0.0,0.0
"[-0.611479, 1.67478, 0.0445444]","[478440.9, 0.0, 489516.1]","[0.5,0.0,1.0]",8460,10.471746355828287,7.925644203009729,0.7905827946144232,0.2963788980862469,34381.02263821106,3.78501760735634,8.136469723720317,1.6040029126786346,-1.0,0.836,2.448826261523114,0.0,0.0,0.0,0.0
[3.05296],[0.0],[0.0],339554,9.3405323781614,8.051627150759902,0.7058565725178195,0.5690103487164356,138874.2312330888,12.677442772336857,1.5307275444360735,0.3718404159360861,-1.0,0.961,0.6497064066097195,0.0,0.0,0.0,0.0
"[1.84842, 4.99847e-05, -0.20213]","[0.0, 21711930.0, 18496650.0]","[0.0,1.0,0.5]",219151,9.850056907768836,9.458255977676131,0.5534494836075705,0.586888601053408,31851.76833782556,3.5496393980993965,8.012109377202496,2.6658249762253656,-1.0,1.088,3.6243652855532904,1.1985247879562737,0.018847344875723197,0.0,0.0
"[1.71822, -0.20331, 3.15211e-06]","[0.0, 3245196.0, 4012413.0]","[0.0,0.5,1.0]",264207,9.912257749705832,8.95768452813351,0.1339110269931812,0.2461385063837347,111228.96676149062,10.41352433213052,1.8012158049350333,0.399045722081158,-1.0,1.385,0.5230726882242995,0.17992935766173587,0.0007084730617891172,0.0,0.0
"[2.19462, -0.468776, 7.29295e-05]","[0.0, 9463020.0, 10587600.0]","[0.0,0.5,1.0]",32065,9.725108539308405,5.081434761641572,0.0057249577137427,0.2674058004008942,120041.63732194123,11.139402321720706,2.693508999194404,0.6324451303738554,1.769,1.769,0.9369200207269262,0.43301758888414993,0.0054010036531857855,0.0,0.0
"[1.73646, -1.35777, 0.000316188]","[0.0, 10781930.0, 13220520.0]","[0.0,0.5,1.0]",16988,9.52161817055227,6.977424259923831,0.6145062178468688,0.5597820041272731,47459.65786252962,4.973542138403011,6.772317719346988,1.0733926867922967,-1.0,2.621,1.4144611511520466,1.250753527451576,0.01908672093599091,0.0,0.0
"[1.56672, -0.969618, 0.672965]","[0.0, 2131296.0, 2131382.0]","[0.0,0.5,1.0]",173129,10.056613778046849,9.005266369765044,0.2553636693918992,0.0760510385391309,59452.89192339153,6.032376031090971,3.971735252581671,0.7368094854246257,-1.0,0.261,0.9222547525548184,0.9443193090675412,0.0,0.0,0.0
[3.20658],[0.0],[0.0],286420,9.819119014696764,9.094786769735691,0.1609099049216055,0.0464999775855745,20221.38310755146,2.432691713965092,13.275397964369878,3.646296404418543,-1.0,0.343,6.529396001327161,0.0,0.0,0.0,0.0
"[1.88131, -1.70691, 0.0864318]","[0.0, 1243294.0, 1263050.0]","[0.0,0.5,1.0]",51961,9.862037577272256,8.422936781123022,0.0691154583166914,0.0125708212899753,26720.632216798964,3.064822547201544,10.647364693182116,1.9579990443696984,0.486,0.486,2.6856082198475346,2.6220683670351934,0.0,0.0,0.0
"[-1.3033, 2.18413, 0.00047094]","[1407390.0, 0.0, 2647054.0]","[0.5,0.0,1.0]",64028,8.83287186470443,8.498233006471411,0.1527922762826032,0.4623723286125277,16351.306403155131,2.04301697957036,18.752006688785222,2.157636709698585,-1.0,0.971,4.029585671137804,0.0,0.0,0.0,0.0
"[1.64574, -0.597667]","[0.0, 1181186.0]","[0.0,0.5]",258978,10.619522314858369,5.877565067922967,0.0922312778587636,0.3333092943128128,71611.54382859077,7.084341981893169,4.353137579219965,1.1246025565790845,-1.0,1.014,1.4427121155165452,0.8694181554033026,0.0,0.0,0.0
"[-0.399072, 4.68601, 3.28264e-05]","[4272006.0, 0.0, 6865937.0]","[0.5,0.0,1.0]",222675,9.670599542053118,7.322956258557469,0.0875138277831781,0.3192388241744093,55846.92077514722,5.716524315947735,5.277449896405977,0.6524185942469131,-1.0,1.134,1.4123031757205706,0.41214682532699526,0.0037379884812678357,0.0,0.0
"[-1.0625, 4.38978]","[42549720.0, 0.0]","[0.5,0.0]",80242,10.224407667792285,9.238426864135809,0.6821691466956935,0.9330395587572564,91813.68669384018,8.79743321089704,2.206423385449911,0.3661189221734611,-1.0,1.217,0.377386746914618,0.7670851104259145,0.0,0.0,0.0
"[3.99122, -1.14794, 0.000174203]","[0.0, 1100385.0, 1945429.0]","[0.0,0.5,1.0]",327166,10.138738337578388,8.54974985336634,0.1046022556279808,0.5797592354192008,152750.9012616916,13.80091165186524,1.1925689008121012,0.6438249131900796,-1.0,1.644,1.2862358543523043,0.6898066431994015,0.008497586475830566,0.0,0.0
"[-0.876771, 1.45704, 0.00541798]","[3872437.0, 0.0, 4257043.0]","[0.5,0.0,1.0]",371473,10.152707501409363,9.63912657863128,0.6611197471723084,0.5017161257964379,17133.965092142305,2.122825336042162,14.399248359373235,3.7012435018040537,-1.0,1.692,4.467693746089102,3.4763898410388645,0.0,0.0,0.0
"[3.45439, -0.0753524, 0.00147173]","[0.0, 22797260.0, 23079450.0]","[0.0,0.5,1.0]",191777,8.911664027783985,7.14003371348731,0.6872360379347522,0.1893772384964794,41751.6944475636,4.460024341329333,8.138926919960761,1.1994438256189763,-1.0,1.779,2.229285016505988,0.33245183815542767,0.0,0.0,0.0
"[-0.445465, 1.45973, 6.2597e-05]","[4913728.0, 0.0, 6071169.0]","[0.5,0.0,1.0]",348860,9.944112949080624,5.5045622424731775,0.3638648309725598,0.8946819710348379,60444.37781082711,6.118884631184037,6.002956239777433,1.079540729436664,-1.0,1.79,1.304293407212542,0.7205196442879647,0.008541139048811463,0.0,0.0
[3.17027],[0.0],[0.0],177895,10.414161576178447,4.686208231739089,0.1208781955896556,0.2743283270580218,26110.93705449015,3.0064716679925394,17.417668898704033,0.5964328139779513,-1.0,0.387,1.061963657432138,0.0,0.0,0.0,0.0
"[2.9161, -5.37919, 0.00045374]","[0.0, 11036260.0, 14608720.0]","[0.0,0.5,1.0]",138812,9.748857386413327,5.6631013639110375,0.3485587234197239,0.1007258232941925,22436.87664046107,2.650879987918864,18.099176783542227,0.8868367406776388,0.449,0.449,1.5144149338275665,2.0568476240390123,0.018890663435950174,0.0,0.0
"[1.86433, -0.273806, 3.37395e-05]","[0.0, 2769980.0, 4296923.0]","[0.0,0.5,1.0]",158614,11.87224153971303,10.312583213717303,0.5463623317584192,0.4533625327731629,43058.40865441358,4.578223111135806,4.546412810942036,2.110653007603184,-1.0,0.921,2.8818955406834657,1.1044303211987645,0.012259878384807823,0.0,0.0
"[-2.237, 2.35848, 4.97686e-05]","[1159402.0, 0.0, 1989668.0]","[0.5,0.0,1.0]",322394,9.87145505843487,5.418168519072222,0.2057563855924513,0.3066290990756182,51808.573257289005,5.360344604006989,7.387106540678264,0.5694671505746861,-1.0,1.54,0.8745502654892583,0.8517294600990564,0.004017412154239164,0.0,0.0
"[-0.903333, 1.87801, 0.000643884]","[510920.5, 0.0, 701637.0]","[0.5,0.0,1.0]",359833,9.651972897309028,7.409039127949215,0.0395745564626843,0.8211905016722668,53818.95431381473,5.537999290808738,5.473423121969669,0.839348208413306,-1.0,2.012,1.1502470231917465,0.7980329628421737,0.0,0.0,0.0
[3.24254],[0.0],[0.0],237431,10.094049571646032,6.918004409378725,0.0885897533098955,0.1802124185173486,81442.33771986241,7.922661701079093,3.3349715068758834,0.5234922026608757,2.363,2.363,0.9426552452612192,0.0,0.0,0.0,0.0
"[-0.925782, 1.96075, 0.00692848]","[1653420.0, 0.0, 1947099.0]","[0.5,0.0,1.0]",109219,8.192014655308874,3.518381684527642,0.0600024722515968,0.4966959321644793,47039.37627350908,4.935968820810473,14.07173661866026,1.2224053780805209,-1.0,0.339,1.7116949280076825,1.18056167438579,0.0,0.0,0.0
[4.05382],[0.0],[0.0],188878,9.68872510335996,8.175772858771303,0.3492027816371165,0.1405885712826321,60753.28646912438,6.145809095931532,4.326725350828951,1.2354766773705517,-1.0,0.354,2.4875211497256235,0.0,0.0,0.0,0.0
"[-3.75214, 0.00106458]","[15436320.0, 16979770.0]","[0.5,1.0]",109747,9.71622173651356,5.54847387247676,0.3101077469376644,0.2940221222160887,75780.61387130254,7.441053087971287,4.570259823422083,0.6091315162480552,0.496,0.496,1.179914633989129,0.019874683520664446,0.0,0.0,0.0
"[2.11614, -0.255318, 0.000741986]","[0.0, 6195046.0, 6919906.0]","[0.0,0.5,1.0]",362069,10.114073144116668,5.093953093003722,0.1017820944781874,0.015219791194854,62522.35743918466,6.299744721304942,6.08472079721004,0.9222634450224734,-1.0,0.507,1.3416128010066812,0.4660105106458734,0.02512192129683306,0.0,0.0
"[1.39151, 0.000400955, -0.158455]","[0.0, 8956362.0, 8347973.0]","[0.0,1.0,0.5]",135962,9.617717129390476,8.586169265654767,0.520838163216512,0.0497212967323673,62090.94447296645,6.262244815587525,4.0654501617823495,1.5635836199333597,-1.0,0.559,1.8444389207318264,0.622406452023833,0.03130898070247487,0.0,0.0
"[2.96273, -2.84654, -1.46253, 3.32858, 0.000700933]","[0.0, 33301.73, 75392.2, 11730.37, 182065.3]","[0.0,0.5,0.5,0.0,1.0]",117792,11.043696867427196,9.81206992477086,0.7742843597302418,0.4297814875114494,68543.2947957308,6.820597672023404,2.865347009417855,0.7171192403312885,-1.0,0.647,2.334890132758941,0.0,0.0,0.0,0.0
"[4.48498, -0.414061, 0.00469248]","[0.0, 31834850.0, 33084780.0]","[0.0,0.5,1.0]",29459,28.06143671862057,25.64405422795793,0.6730443355215564,0.2838381366666257,29874.07001976309,3.364017891132109,1.5636598819242662,6.023852849917445,-1.0,0.721,12.757177839363154,3.8762030393389395,0.4126440331330516,0.0,0.0
[6.15591],[0.0],[0.0],222932,8.284618079464462,7.836279289916482,0.4660329630330657,0.3257308090536793,106417.7090140741,10.015345254624757,2.480051349977209,0.4289393437758781,-1.0,0.749,1.0642459690722317,0.0,0.0,0.0,0.0
[3.46359],[0.0],[0.0],337617,11.021308369034896,10.06251259848522,0.0044258257257091,0.4704841593932813,55526.15786024605,5.68833125045134,3.646622009849805,1.8447727090201331,-1.0,0.757,3.4332553361031115,0.0,0.0,0.0,0.0
"[1.60908, -0.261209, 0.0068961]","[0.0, 9293858.0, 9422179.0]","[0.0,0.5,1.0]",344558,9.774221497232668,5.303679107407628,0.1168032932366649,0.2920341800817943,32223.891822738788,3.584406912912484,13.092597034711623,2.3865318190966307,-1.0,0.95,3.0273040890434193,1.235719120897078,0.0,0.0,0.0
"[1.56788, 0.000146359, -0.166444]","[0.0, 10284970.0, 9415777.0]","[0.0,1.0,0.5]",208534,9.20176460376602,8.394335900996142,0.3129218631485538,0.4102590780772245,68386.73733763286,6.807111013394884,3.809262902682512,0.6509988430544956,-1.0,0.978,0.8151482994627189,0.2655915716329506,0.007875713941753721,0.0,0.0
[4.06073],[0.0],[0.0],199716,37.43480363056307,32.93053581536606,0.0242787995518851,0.1548550774564719,64903.89254252777,6.506311917585144,0.4044930686973582,3.875410698355935,-1.0,1.159,7.809438170475616,0.0,0.0,0.0,0.0
"[-1.03653, 2.36438, 7.7323e-05]","[10572090.0, 0.0, 13757940.0]","[0.5,0.0,1.0]",96796,8.92258980709636,4.310487629857149,0.4814443574352378,0.2137894975918614,70889.09755958717,7.022337295530127,6.648825692639687,0.4432590814141396,-1.0,1.213,0.6815791249814462,0.4512825910650137,0.0038977321371281982,0.0,0.0
"[2.70493, -0.834992, 4.73969e-05]","[0.0, 15931830.0, 19717970.0]","[0.0,0.5,1.0]",78118,9.623489281004847,7.965825717731134,0.211959851068361,0.1902876478729451,56957.39604591004,5.814003105479807,4.814589375017094,0.7349523362214788,1.259,1.259,1.208751956537832,0.6715839863729218,0.005059809236584124,0.0,0.0
"[-0.33203, 3.03588, 5.75849e-06]","[15068190.0, 0.0, 22872890.0]","[0.5,0.0,1.0]",187279,10.8312687632092,6.547246636878414,0.6263916539555663,0.2578486091246109,30725.64607936809,3.4441235878563914,10.568162951531477,1.933256669191105,-1.0,1.994,3.3684632813371693,1.11398201614709,0.004639207795867859,0.0,0.0
[3.55359],[0.0],[0.0],222676,35.46955974239203,6.782974367249492,0.2270698822678137,0.0407320148168001,68705.58110452622,6.834574925314299,1.6281437242927428,1.377714605536119,2.238,2.238,2.5971254141723583,0.0,0.0,0.0,0.0
"[-0.52294, 2.33033, 0.0107988]","[4471699.0, 0.0, 4727172.0]","[0.5,0.0,1.0]",269512,9.877996151124762,8.379555296909249,0.0511723960013193,0.5420460585750293,16290.84188387138,2.036827070058019,17.36205418461064,0.6671015669019372,-1.0,0.314,1.0183584557497531,0.4873672566977653,0.0,0.0,0.0
"[3.08539, -2.75774, 0.00602906]","[0.0, 851561.9, 1162441.0]","[0.0,0.5,1.0]",356121,10.3101410160374,7.187287416178711,0.4537095475983489,0.1673394892293849,20445.28259406834,2.454887294273554,15.422289114655683,2.4048248026194994,-1.0,0.436,5.816077142603915,0.0,0.0,0.0,0.0
"[1.50736, -0.214703, 0.0309973]","[0.0, 12420160.0, 12437950.0]","[0.0,0.5,1.0]",237374,10.100633715740628,8.46712088578745,0.4774519984777277,0.1190350022204849,66058.8290260815,6.606224799844942,3.658168245162357,0.7617347554746384,0.583,0.583,0.9352167244828699,0.37757794188001986,0.0,0.0,0.0
"[1.6974, -0.365669, 0.0176199]","[0.0, 2701179.0, 2755074.0]","[0.0,0.5,1.0]",286031,10.069790965580324,9.73248300922561,0.2093495326038418,0.0638591590824382,49105.86654677234,5.120379414278285,4.685333680930369,2.1013384665291666,-1.0,1.015,2.7377142063852054,1.3009455857131695,0.0,0.0,0.0
"[-0.924366, 1.71564, 0.000964383]","[66637810.0, 0.0, 70466830.0]","[0.5,0.0,1.0]",320421,9.153572747127248,8.860826496898556,0.1339458901558703,0.247224242140889,181728.89999847824,16.125049541540456,0.9873372453601992,0.2661843648511954,1.577,1.577,0.34865478016336626,0.25592017481001744,0.008266226771533238,0.0,0.0
"[1.94922, -0.219629, 0.0202248]","[0.0, 1733869.0, 1739003.0]","[0.0,0.5,1.0]",161172,9.811604577632346,4.765080876666456,0.5497816325726259,0.3895962735902009,59475.578641593616,6.034357095686151,7.031998758223448,0.5700115048223694,2.472,2.472,0.7958185366325917,0.2791623997848955,0.0,0.0,0.0
[9.32944],[0.0],[0.0],395897,11.406833909584604,6.706940428991863,0.1463956656376362,0.3555075724310209,74290.28924130484,7.313750144017547,3.49699754064369,0.6807689252670497,-1.0,0.392,2.0793495918940033,0.0,0.0,0.0,0.0
"[1.99829, -3.05197, 0.00040788]","[0.0, 8671925.0, 12011010.0]","[0.0,0.5,1.0]",140654,10.584927234579084,5.01580830389202,0.0746798928537996,0.2037690586208987,38596.10677050074,4.172854457085776,10.572539326370253,1.3820425814675277,0.607,0.607,1.9536676336257923,2.4144129634262703,0.02791178617301386,0.0,0.0
"[3.41888, 0.00366399, -0.105163]","[0.0, 25471670.0, 25107960.0]","[0.0,1.0,0.5]",121110,9.949975502888504,7.60537150935706,0.4216117220225279,0.7068231498623438,86022.83510939861,8.310124029668065,2.8971997573685835,0.9023926542081768,-1.0,0.749,1.668543295242563,0.2926355167894327,0.054622640594853576,0.0,0.0
[6.14555],[0.0],[0.0],294618,12.02858438038877,10.937960062574252,0.3038060648457916,0.2130774746636407,27591.39893690932,3.1478646954201386,7.012672992027771,2.328104817835336,0.824,0.824,5.771423025805876,0.0,0.0,0.0,0.0
"[1.50696, -0.512336, 5.22581e-05]","[0.0, 18564800.0, 21016530.0]","[0.0,0.5,1.0]",252895,8.215800603058803,7.80308444877596,0.3406006699988431,0.3489896882133573,21259.256991593324,2.535295527988482,16.658218251991652,2.7075461194829633,0.963,0.963,3.3237375638541633,1.9379978888650784,0.019572787038651673,0.0,0.0
[3.64148],[0.0],[0.0],191779,5.436888790092436,5.29554803819954,0.0953052112478416,0.3557829615503195,20951.477199382225,2.504943373331325,32.92657810131383,0.9634871852468856,-1.0,1.07,1.8385900574936105,0.0,0.0,0.0,0.0
"[9.78916, -0.0308829]","[0.0, 83118080.0]","[0.0,0.5]",340414,9.733160955089074,4.920887462567839,0.4027120108851783,0.1137567237520281,47624.62991306186,4.988281311081412,8.992802781908319,1.097469969258396,1.09,1.09,3.4337237999497177,0.19286422782128576,0.0,0.0,0.0
"[-0.640723, 1.95727, 3.24627e-05]","[7161065.0, 0.0, 9557127.0]","[0.5,0.0,1.0]",285270,9.971198372798002,9.292335481967898,0.0832511798295208,0.1028621962435815,21034.840860829383,2.5131700356822364,12.385626799601315,4.0397729547564225,-1.0,1.131,5.651741985533105,3.2336433209467312,0.023017029615923022,0.0,0.0
"[-3.6858, 3.62871, 0.000138338]","[2800768.0, 0.0, 5617606.0]","[0.5,0.0,1.0]",23387,10.090206894584702,7.566216621519157,0.3676938975983033,0.1672436298253369,58030.892243763294,5.908055611152179,4.731213559207221,0.7897042492050009,1.556,1.556,1.5043213028098659,1.5161087621634504,0.009288278336383213,0.0,0.0
"[1.92102, -0.26121, 0.0091868]","[0.0, 7916751.0, 8075200.0]","[0.0,0.5,1.0]",398881,10.331881728878264,6.516892503776905,0.0121351570294692,0.2036069677617293,59420.28177202624,6.029528432329897,5.130220013369052,0.1444817075268342,-1.0,0.632,0.20025289755215983,0.07513004335353843,0.0,0.0,0.0
[4.24778],[0.0],[0.0],307393,9.919263006051084,9.372727581200245,0.0967684835669268,0.0769271686381983,37411.84629330549,4.064406813854877,6.713404724034612,1.08913917406191,-1.0,1.077,2.244731427015768,0.0,0.0,0.0,0.0
"[2.2394, -0.562272]","[0.0, 12563420.0]","[0.0,0.5]",98041,9.756870996667727,8.493569292973692,0.3318852366421398,0.5565161923516799,125853.44657305564,11.615850463513048,1.6151255499172128,0.7580701115964243,1.402,1.402,1.1344234908525865,0.5684373453616874,0.0,0.0,0.0
"[3.35077, -0.655038, 3.79439e-05]","[0.0, 5469165.0, 8286572.0]","[0.0,0.5,1.0]",238266,9.321888654340478,8.113973208453586,0.3343063496456313,0.0438763755670357,168964.97221360027,15.104668277981814,1.1602036032709229,0.4897715719064964,-1.0,1.513,0.8965321801465556,0.3963937707376387,0.0030169253000708112,0.0,0.0
"[4.6898, -32.1227]","[0.0, 293670200.0]","[0.0,0.5]",27431,11.95599805313646,7.694253792316431,0.0269290552240742,0.1118427419413361,84347.86522772159,8.168653292730905,2.538465722530516,0.6357660994621686,-1.0,1.861,1.3768116360345737,3.6033246069758453,0.0,0.0,0.0
"[-1.03401, 2.49552, 0.00702334]","[1790974.0, 0.0, 2085512.0]","[0.5,0.0,1.0]",28587,9.800680069619824,9.175996837805355,0.6405710655562548,0.1588547991431272,33536.4923215237,3.706661399083514,7.798645579851055,1.1251529090169874,-1.0,0.331,1.7774282349073431,1.1480052299068952,0.0,0.0,0.0
"[3.77631, -2.07587, -3.21571, 3.40491, 3.19787e-05]","[116199.6, 1227120.0, 700522.0, 0.0, 4514456.0]","[0.0,0.5,0.5,0.0,1.0]",202188,8.818195504875515,7.089419506723052,0.8102385335927754,0.1645228379674449,20795.35722835412,2.489522776365748,17.417189864062063,3.2425956620621483,-1.0,0.592,11.45182694774209,0.018336785290688443,0.0,0.0,0.0
"[-2.59149, 3.42262, 8.11719e-05]","[1511539.0, 0.0, 3704289.0]","[0.5,0.0,1.0]",129607,9.031596012833685,7.720689085334961,0.600516007051205,0.0345673352059203,44917.6192340485,4.745724898897175,6.919471544828732,1.1465042648532178,-1.0,0.883,2.1210700735746255,1.8456546587267173,0.010329481696450081,0.0,0.0
[4.63239],[0.0],[0.0],170460,9.666692998770092,9.494556769983069,0.3478110459792141,0.6260155311742772,36666.35160749302,3.995937641772745,6.94070891067546,0.876697832875993,-1.0,0.932,1.886915668309031,0.0,0.0,0.0,0.0
"[2.39783, -0.44457, 0.000542816]","[0.0, 7335728.0, 8518059.0]","[0.0,0.5,1.0]",72881,10.180199757267012,5.574692557343103,0.0754982981101417,0.2046924184955277,65030.915477140166,6.517308835668236,5.322317689099854,0.7469414125961847,-1.0,1.04,1.1566334110877934,0.4980312737469614,0.017402548742928556,0.0,0.0
"[1.79945, -0.429137, 0.00280853]","[0.0, 6077230.0, 6510920.0]","[0.0,0.5,1.0]",246831,10.29662531144696,9.182668947633712,0.137629103361438,0.3426988119576002,46446.77658654032,4.882928696890461,5.1591891633888505,2.0079146599126187,-1.0,1.143,2.693488604019106,1.319652979289004,0.0,0.0,0.0
"[3.83941, -0.372812, 8.17857e-05]","[0.0, 11727730.0, 13808900.0]","[0.0,0.5,1.0]",209827,10.789240724376636,8.905718206834335,0.234911882612624,0.3022610434888711,80574.59240005098,7.849046805623873,2.5803259146938893,1.0939246729852423,-1.0,1.148,2.143481125234076,0.6679321670260522,0.009892956633764688,0.0,0.0
[3.77112],[0.0],[0.0],102745,9.824740174298562,6.144291114530828,0.0826885589386921,0.1713383240950446,82710.64650356924,8.030134067846479,3.702711363973976,0.4569893176948817,1.262,1.262,0.8874445455924196,0.0,0.0,0.0,0.0
"[-0.257725, 1.51623, 4.50988e-05]","[2923640.0, 0.0, 3475579.0]","[0.5,0.0,1.0]",71745,8.806782304926148,8.585513196915024,0.362440562231507,0.1536481835488065,24310.89374235489,2.8331464755511035,12.68586090928984,2.1639254006611117,-1.0,1.268,2.664555848822776,1.0986479603766217,0.0,0.0,0.0
[3.43334],[0.0],[0.0],267029,10.30054801181617,10.28576858930459,0.2886128079168308,0.6101956404441391,141037.42706922695,12.853085607184072,1.1251967332038169,0.6096568987795917,1.893,1.893,1.1296499806274867,0.0,0.0,0.0,0.0
"[3.60097, -0.0795815, 9.35259e-06]","[0.0, 33142840.0, 38374660.0]","[0.0,0.5,1.0]",60448,10.332819856134408,5.80600288176457,0.0990644894181927,0.029115221972478,74450.10971250501,7.327412872940711,4.279449178190587,1.076540098556775,-1.0,1.986,2.0428663862594045,0.30369404160557695,0.003292275415190525,0.0,0.0
"[1.75451, -0.568021, 0.00148018]","[0.0, 3986398.0, 4326612.0]","[0.0,0.5,1.0]",185182,10.13968388296712,7.0229698117020245,0.400304640451073,0.154713789290636,38089.46165319785,4.126506388593982,8.260200984827415,1.8372356139562949,-1.0,2.187,2.433564040164908,1.3864754037992488,0.0,0.0,0.0
[3.16984],[0.0],[0.0],89483,8.627638352835381,7.982672538676798,0.2151817458403657,0.0929122018217402,61197.36512713037,6.184490923193524,4.813591111189711,0.9249005073707912,0.541,0.541,1.6466969776808917,0.0,0.0,0.0,0.0
"[7.03041, -0.340645, 0.00430268]","[0.0, 5957283.0, 6328629.0]","[0.0,0.5,1.0]",336714,10.94845602832373,4.586987461473271,0.1223854294327258,0.0492215841057393,76345.56071636056,7.489250890473522,4.888271987247836,0.6371433114783088,0.719,0.719,1.6893804141363193,0.3742085813982016,0.0,0.0,0.0
[3.40301],[0.0],[0.0],98717,8.539671655657024,4.257582096609862,0.1310863183145968,0.1926173962912521,25311.93024359093,2.929735165100806,22.84929343716293,1.7080739232338555,1.685,1.685,3.1509265172856775,0.0,0.0,0.0,0.0
[3.99569],[0.0],[0.0],153605,9.760535825807416,8.491380808310808,0.488633148013647,0.0454861839254266,77029.92538466075,7.547593803920748,3.089972245547133,0.6869289287752129,-1.0,1.935,1.3731174921399862,0.0,0.0,0.0,0.0
"[4.123, -1.02192, 0.237487]","[0.0, 103167.6, 104073.4]","[0.0,0.5,1.0]",218421,9.382829651569365,5.866165753009099,0.1177109896267938,0.3515192161391354,77799.83742236109,7.613173951702537,4.326769327436529,0.5807433374045864,-1.0,0.39,1.3473254188997699,0.0,0.0,0.0,0.0
"[-0.46137, 3.07675, 0.00053082]","[20875630.0, 0.0, 24808820.0]","[0.5,0.0,1.0]",201458,9.536530735119218,6.823715524438208,0.3227680958531966,0.2571966277278402,11126.431067457512,1.4928042559630532,29.585699869522795,5.837733753770392,-1.0,0.454,10.239774400841972,3.9652352629105305,0.1344986492213357,0.0,0.0
"[2.34238, -0.391432, 0.0181301]","[0.0, 6935238.0, 7124010.0]","[0.0,0.5,1.0]",291096,8.93060001909948,7.452734030894817,0.0089049151958126,0.0339397571804449,44829.94255837208,4.737843012370844,7.212186045778055,0.802361063678242,-1.0,0.461,1.2280004361661219,0.5134873227948655,0.0,0.0,0.0
"[-0.661312, 2.58027, 0.000161623]","[5406850.0, 0.0, 7153069.0]","[0.5,0.0,1.0]",300781,9.375705760903198,8.438502623851454,0.6388719187508649,0.2601129158743692,41071.20357259679,4.398308909450054,6.906639464342354,0.5605049112490664,-1.0,0.535,0.9003513058981754,0.45580871440102455,0.007125756935703324,0.0,0.0
"[-1.11733, 3.93628, 0.00383029]","[2511351.0, 0.0, 2976669.0]","[0.5,0.0,1.0]",196224,10.339518429794513,9.967483538332404,0.2820224216096105,0.0846656399909219,38390.32246410619,4.154037474930474,5.983110196405846,0.7554129337119262,0.655,0.655,1.498743829507338,0.799867903125372,0.0,0.0,0.0
"[1.7176, -0.18486, 0.0921607]","[0.0, 26233210.0, 26234420.0]","[0.0,0.5,1.0]",63663,8.95838342323697,8.70002320202403,0.2743678232801017,0.525211198984509,39428.29754833053,4.248834719351512,7.3255315201507,1.9478654140161773,0.703,0.703,2.55281863890023,1.0252152497985711,0.0,0.0,0.0
"[2.76107, -1.03306, 0.000134255]","[0.0, 5475340.0, 7248714.0]","[0.0,0.5,1.0]",174278,33.770246087347715,26.79368512990132,0.6287841598158921,0.173543476798975,107034.18099774422,10.066443246834291,0.2744952072525123,2.0142491441424295,1.254,1.254,3.3469705914603423,2.047273951853972,0.02333879461901714,0.0,0.0
"[-2.22051, 1.96772, 0.00290102]","[9665335.0, 0.0, 10709680.0]","[0.5,0.0,1.0]",174654,10.295098264042888,8.444486412566222,0.1766022334913594,0.2174829630325122,98682.58023059968,9.372114263479691,2.152687318218992,0.9908189709549884,1.268,1.268,1.3898757040544198,1.4764565811606127,0.05336661721498135,0.0,0.0
"[-2.18319, 2.59238, 0.000343616]","[373206.8, 0.0, 867044.7]","[0.5,0.0,1.0]",91012,8.562701646409502,8.519195366656627,0.1412177234712664,0.1713292648141277,44874.53941854837,4.741852667616042,6.664886516667852,0.8888551731811257,-1.0,2.037,1.9424919864379568,0.0,0.0,0.0,0.0
[3.1554],[0.0],[0.0],19432,9.327584738304248,7.576699858574532,0.1785632010985868,0.541798122991372,174607.84849666565,15.556380881843111,1.1735929372633078,0.3418002011160829,-1.0,2.214,0.6071549282595354,0.0,0.0,0.0,0.0
"[-3.27601, 5.61498, 0.00151893]","[333049100.0, 0.0, 402985100.0]","[0.5,0.0,1.0]",92892,11.177949415373092,10.363816776402713,0.3752396822421215,0.3483006478056338,78126.6923355131,7.640997291619143,2.2942935175376986,1.03435835452032,-1.0,2.343,2.451010283803169,1.8721629054134739,0.040312516200931195,0.0,0.0
"[-4.77978, 3.56502, 0.00020652]","[804197.2, 0.0, 1447318.0]","[0.5,0.0,1.0]",10289,8.515952354439223,4.819259138981409,0.3516720352079171,0.2318817692209534,46322.75336439157,4.87181903030044,10.508536086458516,1.4309708432530173,2.562,2.562,4.133749211187412,0.0,0.0,0.0,0.0
"[1.33267, -0.443049, 0.00019969]","[0.0, 1904183.0, 2317663.0]","[0.0,0.5,1.0]",247346,10.109884561736814,5.730404651815968,0.2905630033057101,0.8382330220768456,32276.373423604746,3.589306124778577,11.888343871534214,2.435591540963251,-1.0,0.199,2.8116791973480724,1.621541945767652,0.0,0.0,0.0
"[-0.857208, 5.66913, 0.046397]","[2195815.0, 0.0, 2308631.0]","[0.5,0.0,1.0]",284880,11.31195168451005,8.349062741298928,0.3769302060177167,0.1378172021716945,57153.7556203124,5.831219973064569,4.038683133119448,1.7754991754292089,-1.0,0.439,4.227451978412678,1.6877564937219023,0.0,0.0,0.0
"[2.06589, -0.298208, 0.000844605]","[0.0, 12136940.0, 13065940.0]","[0.0,0.5,1.0]",310625,10.1255001896769,6.508207601116179,0.0105259677831648,0.7433147607428104,35045.915373265176,3.84654733600871,9.700063205066048,0.5948072033329128,-1.0,0.543,0.8549285414345813,0.32481484111635556,0.01728633970668517,0.0,0.0
"[1.97763, -0.348057, 0.0241834]","[0.0, 6268781.0, 6338901.0]","[0.0,0.5,1.0]",292072,8.418768255640956,6.765145897163979,0.2216197718900112,0.5141446639291424,62920.76698761292,6.334353562895924,5.458114537007668,0.6867411719313407,-1.0,0.58,0.9657519774044084,0.41899113894955325,0.0,0.0,0.0
[5.32343],[0.0],[0.0],113343,9.885978618965932,7.732244160659451,0.144325923029694,0.1538156682539537,88996.05595445237,8.560664358038396,2.7472122220922195,0.5257635356443955,-1.0,0.719,1.2130710437653682,0.0,0.0,0.0,0.0
"[1.57192, -0.852887, 0.0217938]","[0.0, 1523685.0, 1549299.0]","[0.0,0.5,1.0]",234395,10.234898861489375,7.835190938734101,0.3228937498888806,0.3091589770597909,27636.486692578663,3.152155706622283,10.60330128506279,2.0518448363625854,0.784,0.784,2.57252577909798,1.9189749802912264,0.0,0.0,0.0
"[-8.30509, 4.26282, 9.95412e-06]","[414256.4, 0.0, 2053591.0]","[0.5,0.0,1.0]",328234,7.63026686269892,6.6705407350208334,0.367113949857246,0.3899414229064329,35150.312529134644,3.856195944781176,11.9024383350661,1.0677158454196969,-1.0,0.921,3.7851859459039043,0.003368659567222012,0.0,0.0,0.0
"[1.95044, -0.361528, 2.96545e-05]","[0.0, 87432390.0, 93086580.0]","[0.0,0.5,1.0]",65637,16.843956175130415,12.484106287420676,0.0196701294879812,0.1685447369535667,111580.0135331253,10.442522812142434,0.8772703321171954,1.1146182269264422,-1.0,1.009,1.5566552407234717,0.6701887138714421,0.006069758941575326,0.0,0.0
[4.12212],[0.0],[0.0],295285,9.75053981470145,7.325101657281289,0.7913781678661651,0.0638436514589566,22210.897046509665,2.628765578971162,14.623860228844416,2.967467713402946,1.04,1.04,6.024851094341012,0.0,0.0,0.0,0.0
"[2.33501, -0.442399, 0.000422352]","[0.0, 6879067.0, 7849835.0]","[0.0,0.5,1.0]",364008,9.501784819233103,5.2650249275400265,0.3130407336820029,0.352556107495225,37853.47797836932,4.104894423644526,11.262172786029875,1.0531680238982648,1.05,1.05,1.6093186234399368,0.7008288015025556,0.0,0.0,0.0
"[1.99511, -0.206095]","[0.0, 37012420.0]","[0.0,0.5]",301509,10.177879410347302,6.029143591248865,0.3545599220634373,0.5010490609149667,98584.94003478732,9.36396919841255,2.9095209505702506,0.6419084602795637,-1.0,1.467,0.9066851909631698,0.29141159468824823,0.0,0.0,0.0
"[2.22327, -2.52406, 0.000103842]","[0.0, 6156619.0, 8555799.0]","[0.0,0.5,1.0]",205841,34.48844276457516,23.2156834069399,0.3570867367778472,0.3299321780651853,66551.45499090292,6.648790877166426,0.5649405863527569,1.649093283775391,-1.0,1.72,2.458902603884564,2.6199624090449287,0.01680473796658624,0.0,0.0
"[2.44938, -0.564502, 5.02473e-06]","[0.0, 14566860.0, 20251640.0]","[0.0,0.5,1.0]",113586,9.215560555876436,8.951233349959132,0.0075129590027801,0.2090575705512493,36270.9923327611,3.959560647231344,7.679382648967048,2.41227079005772,-1.0,1.732,3.775323242049603,1.8124198103359124,0.005407324378872068,0.0,0.0
"[2.23745, -1.47934, 0.253954]","[0.0, 2392494.0, 2403264.0]","[0.0,0.5,1.0]",254202,29.891534368207225,21.55453667535352,0.1079268284374533,0.5213219340349282,32529.825437761472,3.612953547787415,1.5695514576287335,2.3145359311320517,0.451,0.451,3.4621078819258164,3.0471935756676616,0.0,0.0,0.0
[3.73165],[0.0],[0.0],193311,10.749567666637653,9.747393623209916,0.234743751112312,0.1586763628127314,128128.84702190103,11.801929918834595,1.2957904432076544,0.4039110648380253,-1.0,0.462,0.7802543566032963,0.0,0.0,0.0,0.0
"[-0.63222, 1.59469, 0.000557023]","[5822468.0, 0.0, 6979300.0]","[0.5,0.0,1.0]",270989,7.155108531108281,5.121821791545409,0.2210997672953583,0.3834366859088665,70832.83189190357,7.017505738998801,6.812407714766279,0.1538266550113338,-1.0,0.773,0.19425389326823297,0.12231105481224094,0.0036305143719376457,0.0,0.0
"[1.89524, -0.306688, 0.000162614]","[0.0, 1293018.0, 1551277.0]","[0.0,0.5,1.0]",229746,9.804810809079097,8.90094320923802,0.685880470513974,0.5391543072690593,35747.05741003225,3.911283169666625,7.450207866025463,2.6420731281197023,-1.0,1.191,3.6372817277823026,1.4635525889751277,0.0,0.0,0.0
"[1.98328, -0.32996, 0.000221301]","[0.0, 18748860.0, 20967830.0]","[0.0,0.5,1.0]",357441,9.995226414522808,5.861773805357935,0.3944715676951393,0.1951761322051396,43248.15152365051,4.595353035067616,8.451160570235194,1.0792614553910689,-1.0,1.6,1.5199128375509117,0.6199509280492096,0.01605529742114846,0.0,0.0
"[-0.334564, 2.1434, 0.00141302]","[4758262.0, 0.0, 5200584.0]","[0.5,0.0,1.0]",151095,10.477625687462492,7.973226460961519,0.2515869748815285,0.0356781810108733,157411.67241685954,14.176609904066384,1.1817548742814157,0.3626839708163862,0.457,0.457,0.5309822153364636,0.2097818764985687,0.013633347870944406,0.0,0.0
"[-3.1383, 3.9669, 0.0261337]","[4944598.0, 0.0, 5807121.0]","[0.5,0.0,1.0]",327600,10.18574260895448,5.320908793871604,0.3117016164096881,0.0885436590271498,51073.30447274404,5.295193972322216,7.451136024932647,0.6019127507112819,0.569,0.569,1.1988343264675354,1.066303345442095,0.09730473943786269,0.0,0.0
"[2.75316, -0.990905, 8.01302e-05]","[0.0, 16599850.0, 21694190.0]","[0.0,0.5,1.0]",168869,10.786287976422935,8.16129499813736,0.2748295218606481,0.4121943514508069,33903.61140696352,3.740751334614089,7.867771687977633,2.255625500898224,-1.0,1.504,3.742680215494834,2.245344614372505,0.02019133848028675,0.0,0.0
"[1.53835, -0.253785, 7.53803e-05]","[0.0, 2551938.0, 2907012.0]","[0.0,0.5,1.0]",27381,10.052826332855512,9.642256217633232,0.0155273200196163,0.1385174671716088,123319.80920910198,11.408354487799576,1.4560365967564868,0.4857590764481477,-1.0,2.064,0.602488139832749,0.2447112294216813,0.004217449149602112,0.0,0.0
"[7.29923, 0.00458389, -0.163718]","[0.0, 3478396.0, 3427283.0]","[0.0,1.0,0.5]",402050,10.266874609814726,4.660364408207917,0.2728641920275532,0.5885460252858057,102876.22921409678,9.72133464611752,3.4310769988145524,0.4902347631322441,-1.0,2.791,1.324471533700741,0.20111691605140147,0.0,0.0,0.0
"[2.06826, -0.272598]","[0.0, 41555760.0]","[0.0,0.5]",225349,9.680009535175362,8.315651721221013,0.2428847306280089,0.2403469443241202,195234.6738915828,17.199668754970823,0.8985761975782456,0.4502141795565709,0.651,0.651,0.647473108310881,0.23506095790611828,0.0,0.0,0.0
"[3.29503, -2.0097, 0.000363163]","[0.0, 192167.1, 412935.8]","[0.0,0.5,1.0]",228963,10.687727491262716,6.726764355779598,0.5037243449102564,0.2940914231474463,103978.25627790338,9.812910139292908,2.370015664082933,0.472163756538535,-1.0,0.724,1.0874875394591494,0.008997947294176157,0.0,0.0,0.0
"[-0.505169, 4.08755, 0.0031552]","[10810460.0, 0.0, 11737880.0]","[0.5,0.0,1.0]",60133,9.24002469620766,9.08782235007594,0.4690832908788509,0.2248480170034306,36367.29868990863,3.968425909760799,7.543675817966665,2.0904984036530525,-1.0,0.775,4.2265049242552974,1.485826795673254,0.11742573490497213,0.0,0.0
"[-2.49552, 4.4076]","[20564240.0, 0.0]","[0.5,0.0]",377871,10.234427064823688,5.766128875516749,0.0927851599597501,0.0911675980036663,70141.74511214992,6.958133335815308,4.678665342100055,0.3460850218892018,-1.0,0.868,0.5467179479825759,0.726580756183836,0.0,0.0,0.0
[5.06593],[0.0],[0.0],394302,9.971612651857912,7.489594342264196,0.2891171330303677,0.110249558576745,114385.6321863611,10.674027752903704,2.00975620858566,0.6986970665737456,0.889,0.889,1.5726008720453466,0.0,0.0,0.0,0.0
"[2.70432, -0.286251, 7.75639e-06]","[0.0, 5978316.0, 9143384.0]","[0.0,0.5,1.0]",154301,9.251973050635112,5.224552253371092,0.6245764386670888,0.1927567449110248,39950.80660399307,4.296447963579431,10.889476838563198,1.7251242904817037,-1.0,0.923,2.8369352935939656,0.9229834133637941,0.004804522252042552,0.0,0.0
"[1.62082, -0.441733, 3.16623e-05]","[0.0, 15219780.0, 17600930.0]","[0.0,0.5,1.0]",18458,7.181392937285861,6.934947506820911,0.0788806081117265,0.237761279019338,128768.11693164126,11.854163951010424,2.391255442594268,0.334888639920076,-1.0,1.176,0.42635151364563095,0.22257702745363617,0.0018843937078681485,0.0,0.0
"[-0.557875, 2.19804, 7.32738e-05]","[15349530.0, 0.0, 18657220.0]","[0.5,0.0,1.0]",217735,9.940927250160785,8.1136234416497,0.4712766473250701,0.1341610824316417,38833.55224596525,4.19455234813263,7.255774821770801,2.3956794303754716,-1.0,1.265,3.5517836173117576,1.789357648065817,0.020507043910904174,0.0,0.0
"[1.73325, -0.23518, 6.58032e-06]","[0.0, 1861442.0, 2559388.0]","[0.0,0.5,1.0]",387285,9.65691676366242,3.400949652971456,0.3158208211710263,0.0502835807086644,34720.712308475275,3.816469988294899,18.141818130247863,0.802612007379861,-1.0,2.363,1.05666240782335,0.3892350324908636,0.0,0.0,0.0
"[1.55286, 0.00510882, -0.176015]","[0.0, 2017297.0, 1981312.0]","[0.0,1.0,0.5]",281589,10.010976217619833,6.18582703029676,0.0225076353444061,0.2391067503213275,57611.54497684679,5.871335842024632,5.717995353322343,1.162087244336323,-1.0,0.554,1.4481211140956778,0.49456857613737804,0.0,0.0,0.0
"[1.39176, 0.000136648, -0.239333]","[0.0, 4273368.0, 3921205.0]","[0.0,1.0,0.5]",19969,10.281418549958886,4.379917197801998,0.0603670123771601,0.2046477343373992,88821.16820185917,8.54594751415081,4.397616565912062,0.4769166648113827,-1.0,0.706,0.5626323162795552,0.23338220356742412,0.0,0.0,0.0
"[-0.849193, 2.19288, 0.00238859]","[14318540.0, 0.0, 15129920.0]","[0.5,0.0,1.0]",332540,9.752359843167731,9.133815378525773,0.1667265592301895,0.1348228095728766,23908.1538834937,2.794139582844948,11.258332606379469,3.7510345362198136,0.851,0.851,5.554672983205755,3.461498874878554,0.0,0.0,0.0
"[3.64532, 0.0381908, -0.101129]","[0.0, 26545430.0, 26539780.0]","[0.0,1.0,0.5]",70078,11.953460542318668,8.636989947530921,0.384106447143079,0.0772837008934436,94979.40941754836,9.062721696478173,1.967359093933973,0.3839705657932434,-1.0,0.855,0.733104293333103,0.14331919327094192,0.0,0.0,0.0
"[3.80001, -4.83294, 5.3756, -0.0508547, 0.0026651]","[0.0, 104900100.0, 74665140.0, 343324600.0, 343874800.0]","[0.0,0.5,0.0,0.5,1.0]",354420,10.052298236300942,8.494934831869086,0.4492184562277211,0.1120230998942921,144296.68057224914,13.11735908916267,1.306538005905613,0.1895455523063707,-1.0,0.866,0.36949278963444876,0.43946781128445317,0.41669596963013383,0.042744392242991244,0.009785214558471046
"[2.80933, -2.44266, 6.91902, -4.84339, 9.07739e-06]","[0.0, 9918616.0, 8242966.0, 8741598.0, 19871460.0]","[0.0,0.5,0.0,0.5,1.0]",205434,10.78700027679658,4.503774721550133,0.3915255057156451,0.3906040269864963,21054.416894232752,2.5151017308468777,21.85141220655317,1.4543472412787737,0.883,0.883,2.437639563108716,5.481378607883194,0.0043817602258909025,0.0,0.0
"[-0.646475, 2.07943, 0.0314893]","[816935.2, 0.0, 845021.1]","[0.5,0.0,1.0]",258540,9.606594984721871,9.191815436698446,0.4223096791557442,0.2565374643303947,33478.63982469383,3.701285119910725,7.932659344135937,2.881968716738324,-1.0,1.017,4.155864842527644,2.3729723350426206,0.0,0.0,0.0
"[-5.17806, 2.83898, -0.386277, 6.15365, 6.24913e-05]","[349381.0, 0.0, 4298102.0, 311478.8, 7600694.0]","[0.5,0.0,0.5,0.0,1.0]",176248,9.668133436454816,5.26431006669502,0.1038163375079848,0.4007304188658951,65283.39285132627,6.539160810898357,5.801380822547743,0.6888426059459258,-1.0,1.262,2.593077517480571,0.4281238536351691,0.005445399920980754,0.0,0.0
"[-0.625828, 1.60395, 0.000451115]","[18808340.0, 0.0, 20874530.0]","[0.5,0.0,1.0]",199451,10.079547596393631,4.549585919575674,0.209081582617946,0.3894067045759027,91930.09768309904,8.807201978280048,4.125357728142287,0.6528127003156144,-1.0,1.327,0.8267686642435546,0.5164355019743654,0.013865394444162127,0.0,0.0
[3.21518],[0.0],[0.0],269067,9.454652573322672,8.562668058062098,0.0129966616538962,0.454010377005377,61998.81896182297,6.254233800134846,4.140311293691021,0.6816619982053659,1.378,1.378,1.2222828808842847,0.0,0.0,0.0,0.0
"[3.56956, -1.83954, 0.00379154]","[0.0, 4185607.0, 4790285.0]","[0.0,0.5,1.0]",297987,9.274280749700525,4.618326943898467,0.2266434372937756,0.1894763505487046,45751.90093831702,4.820642001486991,10.35750264491355,0.8633492472819345,1.384,1.384,1.6311498400474205,1.1721636294882325,0.0,0.0,0.0
"[2.54303, -0.291541, 0.000389067]","[0.0, 13537600.0, 15141080.0]","[0.0,0.5,1.0]",146689,9.96052471126283,5.941756035916279,0.2299720639056301,0.4710956601715464,104466.8752833518,9.853487983265888,2.775773845880132,0.3383727194265745,-1.0,1.505,0.5395989345755768,0.18270278237888107,0.006674327911452698,0.0,0.0
[8.39634],[0.0],[0.0],28049,9.429760539197575,8.7062070570458,0.1610256230113955,0.375640744076932,51451.61455339096,5.32872721982715,5.136888619721422,0.8751694292280463,0.58,0.58,2.535929332214449,0.0,0.0,0.0,0.0
[3.92724],[0.0],[0.0],334073,13.33877885920758,7.623264328965907,0.1539621952330958,0.0423812153258685,84301.92190322172,8.164769513518081,2.3481640267887305,0.6565173708680287,-1.0,0.759,1.301037884678036,0.0,0.0,0.0,0.0
"[6.25823, -6.24933, 0.0012194]","[0.0, 35387250.0, 44071870.0]","[0.0,0.5,1.0]",297962,9.904410689486012,9.856483638669925,0.0394593345320879,0.2274349365413396,29139.238239126444,3.294668080678244,8.4829271193283,1.2114769093504425,-1.0,0.964,3.0306857083459966,3.028529931119364,0.042304662657014686,0.0,0.0
[8.15096],[0.0],[0.0],303223,12.358393250637477,7.840144089822843,0.2029681609204613,0.4600241376713544,51881.56494176701,5.366807126150608,4.4667805815436665,1.7693459091033543,1.271,1.271,5.051462429034144,0.0,0.0,0.0,0.0
"[-0.723687, 6.83122, 0.00889412]","[4709965.0, 0.0, 5019214.0]","[0.5,0.0,1.0]",258104,9.3568861389523,7.3597399943733235,0.6329779854101328,0.1794672217550973,38585.99243945204,4.1719299333787925,8.343434528731038,1.0447345632594742,1.337,1.337,2.7305812192927688,0.894198266850744,0.0,0.0,0.0
"[-1.87916, 1.72412, 0.00280956]","[19546830.0, 0.0, 21657840.0]","[0.5,0.0,1.0]",201829,11.467646369397327,8.555583870283275,0.1950368591817094,0.2811578904162572,138705.32639715853,12.663720076189152,1.2318259961889182,0.1109195839379164,-1.0,0.357,0.14564379165809982,0.15205129088686126,0.005879323909761609,0.0,0.0
"[2.48784, -1.79812, 0.00124234]","[0.0, 1997201.0, 2765045.0]","[0.0,0.5,1.0]",201692,10.92706320996955,9.961130872530084,0.2215560669062193,0.0607774847658197,19695.206499097647,2.3803930546232186,11.550117052678134,4.73980958256447,-1.0,0.572,7.476048630907684,6.357995379314413,0.0,0.0,0.0
"[-0.860587, 3.61728, 0.00264667]","[1898165.0, 0.0, 2304648.0]","[0.5,0.0,1.0]",127075,9.659433329591192,5.672895925409094,0.5116831517832471,0.1814225473130578,54604.53595968786,5.607234811824913,6.773142324390929,1.0774012268554352,-1.0,0.633,2.0491253653891626,1.0010174573537507,0.0,0.0,0.0
"[3.03551, -4.0137, 0.047809]","[0.0, 1311834.0, 1531030.0]","[0.0,0.5,1.0]",390294,9.631360422493747,7.7775683864860286,0.2739979775036478,0.3838714809077693,45137.28263334926,4.765464842672918,6.487024216967017,0.0820971828756425,0.736,0.736,0.1430355824325072,0.1654519784448492,0.0,0.0,0.0
"[4.33209, -0.328307, 0.0186437]","[0.0, 3877368.0, 3923326.0]","[0.0,0.5,1.0]",180587,34.89986810699488,28.808396965940624,0.4623403574028096,0.2541561039324617,36523.37876886479,3.982787832179078,0.9498286073427168,5.105894725734448,0.811,0.811,10.627242518692741,3.0075007216646354,0.0,0.0,0.0
"[1.54151, 2.2039e-05, -0.192057]","[0.0, 6994580.0, 5497313.0]","[0.0,1.0,0.5]",45400,9.742717574425654,7.745479699208481,0.173054905716784,0.0848315424679367,12685.470615153314,1.6606813305091683,23.401408670711948,3.509653017334714,-1.0,1.017,4.357499592462357,1.5381694061024005,0.0,0.0,0.0
[4.22623],[0.0],[0.0],149546,31.67106744990687,13.325357786652315,0.2448859215656643,0.2471527953183922,51385.52484399462,5.32287098472496,1.3548901344434416,0.7664864137800441,1.357,1.357,1.5757271771635697,0.0,0.0,0.0,0.0
"[3.70499, -0.447377, 0.000246821]","[0.0, 3266241.0, 4269462.0]","[0.0,0.5,1.0]",367399,12.165273148441536,11.940987287133767,0.2931084967614454,0.2210478333230052,41596.08563144688,4.445921442574704,4.100206693861842,1.6780900709855735,-1.0,1.432,3.230046598894232,1.122411465027017,0.02636369760069357,0.0,0.0
"[-1.97109, 3.02073, 1.05284e-05]","[3745939.0, 0.0, 6770488.0]","[0.5,0.0,1.0]",212811,10.09982057912218,5.29975482286545,0.4278447970456089,0.2417966604599059,94119.0209594519,8.990695333442565,3.4859204806380504,0.3827606918968351,1.595,1.595,0.6652475523628474,0.5373788359894371,0.001241962603892055,0.0,0.0
"[4.92452, -0.674176]","[0.0, 7417291.0]","[0.0,0.5]",25960,8.30408462492862,6.727503940530615,0.0958731740648358,0.3347035120770049,54695.88663508319,5.61527923963308,6.586466004250153,0.9237250543136885,-1.0,1.821,2.0498622424465887,0.7584542115153764,0.0,0.0,0.0
[3.75159],[0.0],[0.0],227473,9.988649063540713,7.99477507362363,0.0929707008025734,0.5464477890694293,19652.14516239538,2.376105296025016,15.008179282519931,2.8771478892172464,0.292,0.292,5.5727539780403665,0.0,0.0,0.0,0.0
"[2.25757, 3.69853, -0.295408, -3.74723, 0.000179882]","[0.0, 197491.0, 2029194.0, 228308.5, 2957073.0]","[0.0,0.0,0.5,0.5,1.0]",1491,8.719933849846118,6.97944693696306,0.2121852751927119,0.3217509808160688,69398.97840128205,6.894260192726136,4.568964358572014,0.7713425777561397,-1.0,0.328,2.402745129831011,0.41923586716838807,0.010345254014318881,0.0,0.0
"[-13.1189, 9.84798, 7.39782]","[4962.676, 3204.852, 0.0]","[0.5,0.0,0.0]",181889,9.734521121267075,9.728638421433926,0.0899888196775749,0.0972282151428492,76531.62052641051,7.50511744961273,2.785784116686972,1.2499308892366698,0.345,0.345,6.887640929668344,0.0,0.0,0.0,0.0
"[3.05876, -0.605076, 0.000163099]","[0.0, 7035655.0, 9502246.0]","[0.0,0.5,1.0]",262365,10.507619990821269,8.943100847963674,0.4720757261281322,0.2739599102231614,56470.110988236855,5.7712523149655,4.104383587994106,1.035300908854719,-1.0,0.593,1.8106699595601679,0.8053257002172994,0.0132218505650649,0.0,0.0
"[-2.03126, 2.16397, 3.97751e-06]","[17214280.0, 0.0, 29029290.0]","[0.5,0.0,1.0]",186645,10.045361293722442,8.43711840474634,0.305568409815893,0.1495279834854151,26637.06650171728,3.0568356115901696,10.507310051969272,1.7526118226867615,-1.0,0.601,2.5781688380640055,2.4978623110185145,0.003495355695211101,0.0,0.0
"[-0.442793, 1.54658, 0.00111374]","[3346083.0, 0.0, 3698228.0]","[0.5,0.0,1.0]",49930,9.88140745091684,4.835917756173851,0.290529767155347,0.0800940273981982,41614.13787232658,4.447557883542331,10.568637839828725,1.4529378065606395,-1.0,0.626,1.8068962619375906,0.9680390887072299,0.0,0.0,0.0
"[-1.00822, 8.1772]","[11724280.0, 0.0]","[0.5,0.0]",821,8.774488051443043,7.249280406789414,0.4808278643555463,0.3327101813112485,85394.93159024623,8.25711852944733,3.37537490384227,0.4864121858672522,-1.0,1.232,0.4884072484882291,1.3909347475785219,0.0,0.0,0.0
"[2.52583, -1.52884, 4.55319e-05]","[0.0, 6715462.0, 10551190.0]","[0.0,0.5,1.0]",170914,10.252865163071506,10.03787798221954,0.0080141973187204,0.0516092546918111,71303.36211556649,7.057898975188087,2.844151018243969,0.9829760155876838,-1.0,2.293,1.5622300230648831,1.2154131748935424,0.006632859652025315,0.0,0.0
"[1.52957, -0.300899]","[0.0, 4395146.0]","[0.0,0.5]",388225,9.861364065793666,9.171904665837705,0.2260695214017423,0.4502689830809306,57670.09364264531,5.876464378971715,4.126128946218135,1.352872452886674,-1.0,2.552,1.6731756373486533,0.742108192487059,0.0,0.0,0.0
"[-0.601221, 1.40667, 0.00246781]","[3109737.0, 0.0, 3409437.0]","[0.5,0.0,1.0]",141121,9.555571947000038,6.742417118291023,0.0235635542187569,0.2685357499584875,89195.71666530406,8.577462975615257,3.1666380399167178,0.5137327464049247,-1.0,0.281,0.6093030641010154,0.39834036801076517,0.025520730966352597,0.0,0.0
"[2.30702, -0.295349, 0.00846779]","[0.0, 7318801.0, 7466612.0]","[0.0,0.5,1.0]",303669,9.99469506691671,9.90884073375624,0.1028975196720657,0.0322767763442089,39351.76235773535,4.241854632873891,6.012931414187162,1.7820292459188125,-1.0,0.409,2.7067023934689924,0.9822470035981816,0.0,0.0,0.0
"[3.58557, -0.743494, 0.0201786]","[0.0, 4756011.0, 5097474.0]","[0.0,0.5,1.0]",396986,10.110119645594445,6.135176093604686,0.2629869596583383,0.2442664385510095,64080.67916218602,6.434992678671659,5.010739530878612,0.8428720751619119,0.645,0.645,1.5960289638006495,0.7365721092555239,0.0,0.0,0.0
"[4.33409, -0.688143, 0.000405866]","[0.0, 8515186.0, 9692378.0]","[0.0,0.5,1.0]",146195,10.47993103455592,6.067043566170836,0.0034743154025972,0.0521807555207506,26845.11552813394,3.0767152106629765,13.389475421614872,1.454869303810103,0.908,0.908,3.028816367749651,1.206877884342503,0.029309966124612875,0.0,0.0
"[2.46077, -0.554795, 0.000197338]","[0.0, 6705382.0, 9481095.0]","[0.0,0.5,1.0]",59867,8.644290497357414,7.364263974496862,0.3673731088767958,0.1356977233292894,23583.487827159577,2.76263096716024,15.117598938010511,2.125319862414662,-1.0,1.086,3.3339556072796257,1.5830351939952636,0.02985586526512124,0.0,0.0
[5.65545],[0.0],[0.0],300745,8.984342245211423,4.340382223228934,0.191412171441832,0.5448753542329825,22683.920552287706,2.675021262333675,24.14435338416648,0.5701115418612515,-1.0,1.39,1.3557930924372925,0.0,0.0,0.0,0.0
[3.06937],[0.0],[0.0],402300,9.265031180955395,8.650784399509792,0.0055957771400824,0.1755471511687022,80813.61023503872,7.869330754366398,2.985854169712038,0.6096277020133537,1.525,1.525,1.0680444202848043,0.0,0.0,0.0,0.0
"[-1.81121, 2.49871]","[7601507.0, 0.0]","[0.5,0.0]",392976,9.076411432085528,8.79513811899894,0.0566520288364297,0.6352018468423574,48184.93698020808,5.038300146226192,5.6852503543274455,1.4322504792302813,-1.0,1.574,1.9275399142297622,2.2640025083216995,0.0,0.0,0.0
"[3.52586, -1.45157, 7.0677e-07]","[0.0, 1171019.0, 3566222.0]","[0.0,0.5,1.0]",51237,9.488907014159428,8.379964136361968,0.2096443449590244,0.1219650801199584,75923.23261223112,7.453223547156346,3.257719005281116,0.8473086771870084,-1.0,1.689,1.5910146768347295,1.0208469744109752,0.0007123291343949179,0.0,0.0
"[2.38919, -1.37019, 2.25913, -0.454997, 0.000157759]","[48411780.0, 90822730.0, 0.0, 121292600.0, 123856100.0]","[0.0,0.5,0.0,0.5,1.0]",391961,9.994969890493088,6.559386104600515,0.3003715766179213,0.1557381000549412,56990.97698301824,5.81694783718498,5.512978725274172,1.4220301952553722,1.85,1.85,2.1373686234387463,2.198032767399376,1.664559083569936,0.9592086463171481,0.017861004940995916
"[-0.501745, 3.89976, 0.00897777]","[1837914.0, 0.0, 1954487.0]","[0.5,0.0,1.0]",329186,9.942026792989362,5.986069559086712,0.128161498926752,0.0958388175497897,60662.41177621408,6.137889735837509,5.55305193434353,0.7129968494072918,0.313,0.313,1.4080126316374728,0.5095422743207133,0.0,0.0,0.0
"[1.4644, -1.28373, 0.00307101]","[0.0, 3131248.0, 3524520.0]","[0.0,0.5,1.0]",388488,9.381723287881872,8.59890294458943,0.577557884180574,0.105481582882417,108266.50869181933,10.168517545938498,2.022678741555896,0.4948714976188663,-1.0,0.374,0.5988558566828683,0.5606983607162953,0.027424142469449315,0.0,0.0
"[2.5312, -0.702014, 3.42481e-05]","[0.0, 13946830.0, 18690410.0]","[0.0,0.5,1.0]",371451,8.866582249226935,8.558560881531,0.548820601002156,0.3960655247736699,38425.75995805113,4.157278971922559,7.713371986682958,1.3052339571932958,-1.0,0.764,2.076594000000025,1.093606922240762,0.007638474012216765,0.0,0.0
"[1.58441, -0.486865, 6.17475e-06]","[0.0, 11623930.0, 15361160.0]","[0.0,0.5,1.0]",125405,8.578106372319425,8.02988904430219,0.1831192763156747,0.6228551468150395,77629.96535726608,7.598709407596949,3.5671894103757147,1.0299730635425692,-1.0,1.275,1.2964615893504203,0.7186710395942368,0.0025593846229407875,0.0,0.0
"[-1.09147, 3.84323]","[11996220.0, 0.0]","[0.5,0.0]",150436,10.038057836241473,8.417836131742279,0.4566181867069373,0.2474801801634887,176512.13288927646,15.708598870467116,0.995416885076082,0.2155023359247516,2.183,2.183,0.22514270707157397,0.422474178298843,0.0,0.0,0.0
"[2.88109, -1.16662]","[0.0, 3415372.0]","[0.0,0.5]",297346,10.825236373749377,6.989895582271375,0.2310919752035403,0.5062304219924219,246457.02346495548,21.23608934135247,0.6822880703978607,0.1150734850618012,-1.0,2.878,0.1953231315939937,0.1242910837616883,0.0,0.0,0.0
"[1.52948, 0.000559466, -0.166879]","[0.0, 7329817.0, 6849728.0]","[0.0,1.0,0.5]",282427,10.149059270160029,9.46003784536464,0.2712720792161095,0.5569213132182501,21037.00919256698,2.513383999146977,12.022682037382832,3.5002875092686776,-1.0,0.403,4.328880721868302,1.4322912424214167,0.0,0.0,0.0
"[3.27453, -4.08345, 0.000903467]","[0.0, 1206932.0, 2050896.0]","[0.0,0.5,1.0]",165636,12.09499924361516,9.632617353791607,0.2581474729716393,0.2431151268215164,90609.66971972796,8.696335046378064,1.888069787594688,1.0600670872322444,-1.0,1.014,1.9182616199427598,2.1421356648864256,0.031863207948968256,0.0,0.0
"[1.84086, -0.383848, 0.000328358]","[0.0, 60196690.0, 62059360.0]","[0.0,0.5,1.0]",384489,38.98782716217382,37.79422675888819,0.0649451679955208,0.0517508116210266,63569.84826167319,6.390692519361951,0.3575200299696432,2.629268950345041,-1.0,1.022,3.5673473085558487,1.6289758799610925,0.047644065566572455,0.0,0.0
"[2.15105, -3.13638, 0.0557024]","[0.0, 40786740.0, 41108640.0]","[0.0,0.5,1.0]",211950,9.902643542335069,7.143633107165416,0.2186946710634046,0.0045735820499297,148634.16110287418,13.46840206417765,1.4719129683674128,0.0211968087249116,1.142,1.142,0.031088211193218838,0.03753918320054257,0.005002734265178543,0.0,0.0
[5.40411],[0.0],[0.0],381658,9.912365418534725,9.460097074080936,0.5265442814518257,0.2370240338773145,27189.43299890867,3.109573041686325,9.441428963293378,1.675817044289596,1.218,1.218,3.8957285977077736,0.0,0.0,0.0,0.0
"[-0.472888, 2.09662, 7.4987e-05]","[900394.3, 0.0, 1223960.0]","[0.5,0.0,1.0]",337474,10.03113346223907,8.286679503183501,0.1922528576757291,0.2067744966781931,23535.047276453235,2.757924720659032,12.134560535776147,1.7024946148704667,-1.0,1.263,2.7290850538181126,0.0,0.0,0.0,0.0
"[3.33802, 4.44552e-05, -0.140565]","[0.0, 19841480.0, 17757040.0]","[0.0,1.0,0.5]",38852,10.192850620813,7.554247136448592,0.0643344227417165,0.5780817380226203,85608.44260332988,8.275146266375861,2.8756178938700843,0.8025347045565531,-1.0,1.414,1.466250891585078,0.30088630458258536,0.005350878702543732,0.0,0.0
"[1.64593, -0.252804]","[0.0, 11785920.0]","[0.0,0.5]",261245,10.32947271115781,6.240969191526042,0.0958504122020328,0.2697750767816063,83497.10262179747,8.096702962940379,3.4675122649346086,0.6033064166277047,-1.0,1.467,0.7740047482633591,0.3033401624762758,0.0,0.0,0.0
"[5.1826, -1.15706, 3.80498e-06]","[0.0, 3795566.0, 9842939.0]","[0.0,0.5,1.0]",341986,8.726153607200168,6.960830799029456,0.2225942237330511,0.8299731888515962,32916.078660553365,3.648949403136883,11.061517605836071,2.100666437708378,-1.0,1.595,4.782235313959275,2.2596180582651835,0.004097635144199354,0.0,0.0
"[-0.375637, 3.41694, 0.00366466]","[1660804.0, 0.0, 1846225.0]","[0.5,0.0,1.0]",276691,9.750438719456724,7.046412703614604,0.569854726158245,0.6311716651786433,72367.92530796878,7.149197287005734,3.925869544696662,0.9767308037852824,-1.0,1.733,1.8054836543991852,0.6015438017841238,0.0,0.0,0.0
"[3.2325, -0.33684, 0.00631161]","[0.0, 1544662.0, 1636279.0]","[0.0,0.5,1.0]",76795,32.7462077780855,11.825139173687653,0.016783958371569,0.0907610018269762,65167.768020785,6.529154451561326,1.1003170061466712,1.7090057519070905,-1.0,1.781,3.0726478619614936,1.0011209386606303,0.0,0.0,0.0
"[-2.0893, 2.11412, 9.12371e-05]","[4899054.0, 0.0, 7954400.0]","[0.5,0.0,1.0]",23266,9.292822282963629,7.28741994855752,0.0557705466813432,0.423207095906738,22154.67665876645,2.6232595443342035,15.311578907979191,3.426997711764048,-1.0,1.808,4.982859386792259,4.953523373522102,0.032734035627814136,0.0,0.0
"[1.66352, -0.187847, 0.00873365]","[0.0, 1339492.0, 1356953.0]","[0.0,0.5,1.0]",26612,10.817531018316275,10.49090540963281,0.7146922863859768,0.1540830602957594,106074.30318721008,9.986870859021131,1.5637340672767197,0.5155520224268968,-1.0,2.803,0.6649461995382827,0.22858244734744276,0.0,0.0,0.0
"[2.70514, -3.05336, 0.00185104]","[0.0, 2697714.0, 4507951.0]","[0.0,0.5,1.0]",197697,9.38875729544006,8.12735943784104,0.3100415146196536,0.173186121975867,76861.04451364426,7.533200813597604,3.319800178658341,0.3444680510031599,-1.0,0.24,0.5665572754641178,0.6019188633645457,0.014820295043191016,0.0,0.0
"[10.9116, -0.237351, 9.74147e-05]","[0.0, 11723110.0, 14150300.0]","[0.0,0.5,1.0]",355227,9.819922500780908,7.916014721930129,0.0977240807188826,0.1633680925914758,92917.96333906717,8.890058037937818,2.5588736994332204,0.5167790136940356,-1.0,0.582,1.7070611841434569,0.25176792560692196,0.005100551270416006,0.0,0.0
[3.55088],[0.0],[0.0],9527,10.591344455696587,9.786709496691165,0.0363459706421619,0.3809009960015357,86473.81438108618,8.348173588010921,2.207828604980722,0.8570884828586579,-1.0,0.652,1.6150785795221074,0.0,0.0,0.0,0.0
"[-2.64089, 2.15425, 0.00179214]","[2713430.0, 0.0, 3693665.0]","[0.5,0.0,1.0]",96791,33.46729929281644,20.392290643696445,0.0016056395979525,0.3972199224096443,41592.29997838965,4.445578267598183,1.1410495842351216,0.5459655093837704,-1.0,0.657,0.8013334252500439,0.8872384688194903,0.023112726183939693,0.0,0.0
[3.83908],[0.0],[0.0],374731,10.033004147804345,5.988561506637185,0.6004731630758406,0.3410320697716585,117352.76247677038,10.918378742919131,2.3451089884943377,0.3554443839972538,-1.0,0.705,0.6964424551885194,0.0,0.0,0.0,0.0
"[2.66877, -0.405828, 0.0615974]","[0.0, 2535747.0, 2549122.0]","[0.0,0.5,1.0]",76560,10.159306798203492,7.051853942876469,0.7261940863449889,0.0655196947731452,23344.08687202483,2.7393598778257613,13.904351971328012,3.639591483858268,-1.0,0.734,5.945771482494029,2.4883346912885203,0.0,0.0,0.0
[4.03043],[0.0],[0.0],222084,9.51382093908329,5.784702025320993,0.4020838975172239,0.1667536757955094,61943.01344606151,6.249380233781544,5.773722754995886,1.045418891554671,0.758,0.758,2.098775738931023,0.0,0.0,0.0,0.0
"[1.52791, -0.17025, 0.00602229]","[0.0, 4165269.0, 4244649.0]","[0.0,0.5,1.0]",9831,9.764426321281617,8.736150042385095,0.1309128462550358,0.2615183169073011,30268.43075315807,3.4011491181565416,9.117203603214708,1.090719737633198,-1.0,0.941,1.3482240155569685,0.4579364314265908,0.0,0.0,0.0
"[3.09805, -1.58516, 2.84122e-05]","[0.0, 1157095.0, 2775734.0]","[0.0,0.5,1.0]",291760,9.5222191057288,7.009866681585957,0.5030824492027484,0.0616543856633355,26484.008674820205,3.0421969687169392,12.932297639101154,1.6079182824157945,-1.0,1.157,2.8301417273217724,2.024419563932264,0.008570702191641086,0.0,0.0
"[-1.86313, 16.1673]","[2229870.0, 0.0]","[0.5,0.0]",181467,10.633710039139402,7.33216622506305,0.4588638014906886,0.0418372996254026,40120.060543641965,4.311856007821366,7.219914467618327,1.3993933435137886,-1.0,1.261,1.9101232164376198,5.626762084657444,0.0,0.0,0.0
"[3.31881, -1.25171, 0.000143178]","[0.0, 2109354.0, 3728591.0]","[0.0,0.5,1.0]",89829,10.034068783644743,5.637192115625449,0.1596886416445197,0.6995405790635952,27626.668514020013,3.151221318745957,14.34096736190489,1.641089893315192,-1.0,1.497,2.9896721503335213,1.8360488496909515,0.019636790948634016,0.0,0.0
"[1.97854, -0.831812, 0.000200521]","[0.0, 5785049.0, 8623063.0]","[0.0,0.5,1.0]",64426,8.762449292093256,5.705310326082562,0.0508887342771894,0.1749070127461405,53765.07567173423,5.533247058275969,7.419774265220557,0.3018422251262789,-1.0,1.585,0.4245730377883572,0.27529136197515,0.004274250042004737,0.0,0.0
"[4.41676, -1.59039, 0.00187599]","[0.0, 341699.6, 422949.1]","[0.0,0.5,1.0]",306986,10.0038152490753,9.502856892264296,0.5868761731249599,0.5819609515534164,55951.89501877484,5.725747457802971,4.106928478643449,0.5848814883831762,2.882,2.882,1.4337384003866867,0.0,0.0,0.0,0.0
"[-1.79997, 2.54102, 2.28301, -1.46263, 0.00533212]","[347719.4, 106941.7, 0.0, 442088.8, 810518.3]","[0.5,0.0,0.0,0.5,1.0]",87427,10.41649496807268,6.82654599726203,0.567792049506839,0.3626313363527492,68378.2992763569,6.806384066417759,4.11063570601035,0.7422902086055679,-1.0,0.155,2.1108507066712594,0.05420304554716263,0.0,0.0,0.0
"[2.13833, -0.585186, 0.0653802]","[0.0, 1707228.0, 1731670.0]","[0.0,0.5,1.0]",241872,11.118515840827394,10.407250011456991,0.109352101084962,0.0024358735286141,14323.722355680284,1.8334485605169064,14.727240061154651,7.683731518470405,-1.0,0.254,11.235943483010313,6.197519893175917,0.0,0.0,0.0
"[4.05923, -0.347316, 0.000293755]","[0.0, 4725758.0, 5332904.0]","[0.0,0.5,1.0]",319777,10.930265588602811,9.76786914172134,0.4819092711120598,0.2399966527252539,48273.001332011896,5.046156229829625,4.4544193906755245,0.6798235464133835,0.357,0.357,1.369676588485758,0.40064395840283895,0.011651687720608516,0.0,0.0
[4.05518],[0.0],[0.0],367392,9.243888393202404,8.296244567022166,0.2383415102628282,0.0945266100658632,25629.205469225828,2.960243772215926,11.879050030480956,2.0026046963309465,-1.0,0.384,4.032740701062589,0.0,0.0,0.0,0.0
"[-5.3533, 0.00105405]","[12696860.0, 16090010.0]","[0.5,1.0]",118234,10.664903491587667,8.959058063045218,0.6192029437426427,0.4144842356588106,35436.76529839177,3.8826523636158807,6.982218947679694,1.7933222160073234,0.533,0.533,4.1492453852307145,0.058222243322092214,0.0,0.0,0.0
"[2.24736, -0.273537, 0.00023579]","[0.0, 6368809.0, 7300273.0]","[0.0,0.5,1.0]",206189,10.78628731044637,5.173905430969989,0.075557393106149,0.4497575545174866,21051.54509214838,2.514818336562196,19.29868086267336,1.7902365379572267,-1.0,1.164,2.6837789363914037,0.9367108647639787,0.0,0.0,0.0
"[2.51934, -1.87554, -1.11725, 2.67694, 0.00459229]","[0.0, 31782.23, 59895.59, 5146.385, 100548.1]","[0.0,0.5,0.5,0.0,1.0]",121715,35.37541459522336,23.15447996110533,0.3039715838903927,0.5241918304819213,180931.2337911708,16.06142365487041,0.1457048771165194,0.1520447868342797,-1.0,1.55,0.34659141928516796,0.20822587680165447,0.16071141160661168,0.010303533486497546,0.0
"[1.99169, -0.805929, 1.8246e-05]","[0.0, 6035417.0, 9761818.0]","[0.0,0.5,1.0]",371206,10.041180139627242,6.520857977620078,0.3072186311540155,0.3083628754058589,75780.90651513421,7.441078044909195,3.866595643440222,0.07917912019938,-1.0,1.585,0.11174331296877649,0.0710819058287214,0.00033821627887558334,0.0,0.0
[3.66947],[0.0],[0.0],109837,9.91274433813181,8.291796447305147,0.306033155006445,0.4337393652169222,44751.86096452889,4.730822629542631,6.061302378712602,1.673431948602789,1.737,1.737,3.2056029335151157,0.0,0.0,0.0,0.0
"[-2.01942, 3.49111, 2.52495, -1.8218, 6.76071e-06]","[2878400.0, 1977571.0, 0.0, 3112997.0, 11241720.0]","[0.5,0.0,0.0,0.5,1.0]",155229,10.57540445321274,9.202480903534177,0.0065139088065285,0.5213115208908241,52172.79627485978,5.39258223474912,4.38639453592553,1.7631282630984118,-1.0,1.83,2.801626898978674,3.2943191723584078,3.455560475951169,0.004584374212555671,0.0
[3.24918],[0.0],[0.0],218267,10.498133003944606,8.491143962753624,0.3163588532903099,0.1293046348597173,41640.69574194751,4.449965368284906,6.163278897276067,0.8263858813868369,-1.0,0.443,1.4896003799452082,0.0,0.0,0.0,0.0
"[-0.688902, 2.10331, 0.000641016]","[4383126.0, 0.0, 5252856.0]","[0.5,0.0,1.0]",174533,35.05725732715839,21.538437662762817,0.2213428018106408,0.0491849309709775,18980.687069347903,2.309055087465544,2.4051335323583314,6.384699261350933,-1.0,0.579,9.25959706978643,5.29930807932444,0.16164969160460937,0.0,0.0
[3.50072],[0.0],[0.0],10242,10.468453523142529,6.562831013533793,0.1137486577557986,0.3819651699907547,54382.01986124231,5.587634092398771,5.622590570568812,0.6541435015430591,-1.0,0.811,1.2239163013937635,0.0,0.0,0.0,0.0
"[-4.71582, 1.89634, 3.37414e-05]","[14049290.0, 0.0, 18532900.0]","[0.5,0.0,1.0]",156699,9.526741342451718,9.50638344008828,0.6053641624952697,0.3212026718025348,60208.008852451305,6.098273838010053,3.908402395924652,1.1198710634929128,0.935,0.935,1.542148251895658,2.4319051531165647,0.006505034020267314,0.0,0.0
"[1.66807, -0.321927, 0.001383]","[0.0, 4270900.0, 4795131.0]","[0.0,0.5,1.0]",210758,10.399496080049497,9.265118696308411,0.5044120089223305,0.0483848803843118,62934.61495550407,6.335556125604773,3.5157688528592423,0.4474685434816479,-1.0,1.013,0.577922557475773,0.253887437092678,0.016640776986424865,0.0,0.0
"[0.00207688, -0.0136511]","[48137160.0, 48108840.0]","[1.0,0.5]",394236,34.30404300946781,33.385248489059535,0.5929907044690919,0.2148755107894607,38403.10991762158,4.155207167670268,0.8039703898760981,3.2064681658978635,1.089,1.089,0.1461277289184962,0.3746370772255701,0.0,0.0,0.0
"[-2.14829, 2.904, 2.76348e-05]","[2892847.0, 0.0, 9820060.0]","[0.5,0.0,1.0]",16322,9.787378238439368,4.646314934785234,0.0335577854272099,0.3098294021918449,27505.2929359942,3.139668143889527,17.436197717084013,1.3654093840536377,-1.0,1.706,2.326811434285829,2.0012868269862176,0.007177794927709959,0.0,0.0
"[4.86746, -0.15759]","[0.0, 81984020.0]","[0.0,0.5]",253655,9.281536379484985,7.493055510310126,0.1892269997068887,0.2229050840600772,92849.59374272768,8.884325926004832,2.8101980465653145,0.5620350755564806,-1.0,2.121,1.239979814947085,0.2231144753885081,0.0,0.0,0.0
"[-1.10559, 2.66528, 3.98209e-06]","[6528241.0, 0.0, 12107440.0]","[0.5,0.0,1.0]",205429,7.975854139747261,6.453998598415634,0.682460557120535,0.878490437107965,36094.720758205534,3.9433276159624606,11.459326579156532,1.2975053025703258,-1.0,2.402,2.118266322439373,1.3642884182147599,0.002589194507450107,0.0,0.0
"[3.83127, -0.157969]","[0.0, 36441010.0]","[0.0,0.5]",122928,40.88284421828568,26.864625804621493,0.0348507987201857,0.3947891085156033,87409.33415734001,8.42704951928669,0.3066617941537006,1.0160518809832395,-1.0,2.688,1.9887823802979165,0.40383301242229214,0.0,0.0,0.0
[3.96485],[0.0],[0.0],201168,10.105450612961752,9.797809913967972,0.172420424945794,0.1322686776481129,81349.22246511755,7.914765694996409,2.4820870990818458,1.1799354703100964,-1.0,0.196,2.349479378337499,0.0,0.0,0.0,0.0
[4.17569],[0.0],[0.0],321824,10.306233661235629,8.208911785134777,0.4508508390194427,0.057308100586439,55616.67572037713,5.6962888464297015,4.5685322493171325,1.4781528554972327,-1.0,0.275,3.0205322111909947,0.0,0.0,0.0,0.0
"[-0.799469, 4.05728, 3.22015e-05]","[24331100.0, 0.0, 32761210.0]","[0.5,0.0,1.0]",156677,9.597709764426666,7.670378047644287,0.0581027175261781,0.2696418457978007,43408.499064539,4.6098230659532,6.890096182294813,1.949240946802545,-1.0,0.515,3.926295804108166,1.742875399754862,0.011061233925845487,0.0,0.0
"[1.37102, 0.000286711, -0.199853]","[0.0, 7536982.0, 7112760.0]","[0.0,1.0,0.5]",5117,9.039934073767729,6.697897584318451,0.0988275127072464,0.0408828357538374,73166.62459509003,7.217613306229517,4.298780015186415,0.4963293116729577,-1.0,0.754,0.581154786566039,0.22188362881398754,0.008404117229640778,0.0,0.0
"[7.2455, -0.547894, 0.000112927]","[0.0, 4964497.0, 8108539.0]","[0.0,0.5,1.0]",368668,10.938211409111664,10.587505350324836,0.1606655710817031,0.955547744697288,52176.33622603658,5.392895427023205,3.791346179728668,1.5786287789825482,-1.0,0.779,4.249268719271971,1.168498846841016,0.016775632800076858,0.0,0.0
"[-1.04156, 1.78249, 0.0339987]","[1275861.0, 0.0, 1289711.0]","[0.5,0.0,1.0]",335005,9.740046930973865,8.556783686102449,0.2515179396079259,0.5566332377299235,118329.34975149718,10.998698088705469,1.7474590221896409,0.4374530157969708,0.953,0.953,0.5840431920965466,0.4536787875924971,0.0,0.0,0.0
"[3.15982, -1.08049, 0.000286373]","[0.0, 4112392.0, 5270637.0]","[0.0,0.5,1.0]",217606,9.937052069725986,7.026514861879236,0.34614403624109,0.3685715662009456,20363.933037443567,2.4468266952524784,16.2624497606792,3.68176294394091,1.144,1.144,6.544658562376036,3.8275752997402908,0.0,0.0,0.0
"[3.4486, 7.02552e-06, -0.0338011]","[0.0, 24978640.0, 23190120.0]","[0.0,1.0,0.5]",84138,4.993234535052588,3.788138745480259,0.1630755022311192,0.2625725448367286,47557.81412220596,4.98231239392904,19.22979614159465,0.813147612158089,-1.0,1.225,1.5100481755366828,0.14949780216945352,0.0021553044631300085,0.0,0.0
"[1.92425, -0.594077]","[0.0, 59288890.0]","[0.0,0.5]",12412,10.32038248720357,9.588894781571614,0.290721969076814,0.6136230871897109,62196.365168010765,6.2714106007909045,3.4879203629001925,1.5062814446277546,1.242,1.242,2.0894735302785454,1.1609873709766223,0.0,0.0,0.0
"[-15.6361, -3.7495, 0.000307652]","[246004600.0, 269496200.0, 273505900.0]","[0.5,0.5,1.0]",83339,10.329176788642933,8.842461093274421,0.1466334274134595,0.0082210886832481,68147.77530849403,6.786519892111159,3.329548907705524,0.6335945210841697,1.808,1.808,2.5053916907992533,1.2268687147759412,0.011113255124380933,0.0,0.0
"[3.7434, -0.348118, 0.0324616]","[0.0, 23704000.0, 23853420.0]","[0.0,0.5,1.0]",316893,32.97420150478919,24.33644159421653,0.3993198937242557,0.5275222185639507,71663.67083535274,7.088813493748623,0.5123293263627328,1.7506951962695378,-1.0,0.54,3.38722197400481,1.0329368709737485,0.3154245564788875,0.0,0.0
"[2.22828, -0.295414, 0.00123486]","[0.0, 188797300.0, 190882400.0]","[0.0,0.5,1.0]",355883,35.12818656546126,29.512785198266,0.652429889019295,0.5813763148168436,62133.91791444443,6.265981407698382,0.4936165939921828,3.434082538067973,-1.0,0.668,5.126200756035282,1.8664925714181921,0.12067563443153015,0.0,0.0
"[7.08975, -0.399384, 0.0100619]","[0.0, 19704190.0, 20601580.0]","[0.0,0.5,1.0]",22698,29.073053632945,7.878057409484406,0.2282514676596391,0.5120420954988313,63817.91084188247,6.412209178395371,1.7937563637852485,0.9671862141476992,-1.0,0.702,2.5752865419451223,0.6112310794163496,0.09701750374119211,0.0,0.0
"[2.20756, -0.791591, 0.000749056]","[0.0, 3890696.0, 4932309.0]","[0.0,0.5,1.0]",400705,9.995668522065742,9.399100820718395,0.5704317387125113,0.0702621140785992,15979.987854960067,2.004951962237892,15.88465133649346,1.2218742899137105,-1.0,0.851,1.8154436981724762,1.0876328910762627,0.0,0.0,0.0
[3.15186],[0.0],[0.0],191105,9.187699609963774,7.903356061583663,0.1452560811513467,0.3167964712711169,49022.24832367237,5.112933331921273,6.032982307134339,0.954523186058134,-1.0,0.869,1.6946106892350712,0.0,0.0,0.0,0.0
"[-0.677673, 1.91596, 7.71973e-05]","[4429670.0, 0.0, 6068094.0]","[0.5,0.0,1.0]",391193,8.105006901937221,4.280630675841364,0.2783172255281765,0.2811459342900745,76893.09780661581,7.535932812870084,6.501349560221335,0.5547956959206259,-1.0,0.876,0.7679382542234255,0.4567127906062777,0.004874545613886182,0.0,0.0
"[-1.0521, 1.8219, 0.000667433]","[5133059.0, 0.0, 6379169.0]","[0.5,0.0,1.0]",332207,9.8059590446967,8.060585859100119,0.1541661076154909,0.047848600734521,100516.63142445427,9.524988737780266,2.2742120979722875,0.907100470565554,-1.0,0.896,1.2243840407876463,0.9304304232660454,0.02343469092659958,0.0,0.0
[7.21781],[0.0],[0.0],342050,9.608792163596508,6.818402824244594,0.3760405800650892,0.1778386509465002,25767.437439529152,2.973519908154129,13.528642389343426,1.7605225296098026,-1.0,1.185,4.729816695726135,0.0,0.0,0.0,0.0
"[2.09308, -0.362922, 2.66638e-06]","[0.0, 13086640.0, 17990290.0]","[0.0,0.5,1.0]",221690,5.381379480035111,5.28773898715313,0.320761897604166,0.2661683021522265,92052.01343350369,8.817431564429697,5.973922770970017,0.3051206379781103,-1.0,1.193,0.4414326964267729,0.1838138500204247,0.0004982331331689858,0.0,0.0
"[1.65015, -0.872945, 0.000107316]","[0.0, 6162624.0, 6558704.0]","[0.0,0.5,1.0]",113371,11.046462619336593,8.707027357203184,0.7479809001936554,0.0558985762416086,81823.43503350293,7.954970042161039,2.5296364111414364,0.5006919063362835,1.207,1.207,0.6431796321591289,0.467804087290298,0.005186839499757355,0.0,0.0
"[-2.71419, -2.75555, 3.93262, 4.51565, 2.87449e-06]","[523973.0, 624080.1, 0.0, 194449.1, 4826785.0]","[0.5,0.5,0.0,0.0,1.0]",63516,10.298741645430326,7.778083909829684,0.0217561911026848,0.4010256954026002,46955.192900171154,4.928438143046194,5.8639956147934615,1.02489192640474,-1.0,1.431,3.8235488582706623,0.001737634669331457,0.0,0.0,0.0
"[-0.391634, 2.10643, 0.000526125]","[16136300.0, 0.0, 17250700.0]","[0.5,0.0,1.0]",344913,11.345031965169415,10.291861158161636,0.340050780480409,0.0153225905876649,103942.82302649083,9.809966993650788,1.5695249875726542,0.4926163186600775,1.525,1.525,0.7149609304332526,0.3082825826061359,0.01129934486297525,0.0,0.0
"[1.42623, -0.173712, 3.68673e-05]","[0.0, 7145014.0, 8621556.0]","[0.0,0.5,1.0]",282654,10.118645675096056,7.391382632150236,0.4964731617083867,0.2200233542304754,23548.176315960216,2.7592002784957064,13.27797843378814,2.2532399559241423,-1.0,1.568,2.6909289282893196,0.939122734265976,0.01368132344399943,0.0,0.0
"[9.87575, -0.0333154, 6.18699e-06]","[0.0, 17474000.0, 19304200.0]","[0.0,0.5,1.0]",159066,10.643198749985732,5.023784900502481,0.1334104449311473,0.1799832603035397,76748.78384450449,7.523631791382228,4.573278443224733,0.5318790552683653,1.854,1.854,1.6714674838744594,0.09708126007730737,0.001322977919033315,0.0,0.0
"[1.45089, -0.379707, 0.00356144]","[0.0, 2664627.0, 2799865.0]","[0.0,0.5,1.0]",224740,26.977218066561825,17.03787187941301,0.0020211026478229,0.2282544978620935,52219.45222114612,5.396710058705282,1.2112592331573373,2.7440908116874496,-1.0,2.002,3.3053368339161042,1.6909189115345205,0.16376130694469515,0.0,0.0
"[-4.82963, 6.17109, 0.036571]","[1245923.0, 0.0, 1667519.0]","[0.5,0.0,1.0]",111006,10.162618492398511,8.215152355269344,0.227683762430573,0.1547121885594962,96083.710798632,9.155086900028415,2.306997635606816,0.1350851684083768,-1.0,0.292,0.3355742349012399,0.29686882860199965,0.02583307390955364,0.0,0.0
"[2.30833, -0.377797, 1.71296e-05]","[0.0, 5744422.0, 7177476.0]","[0.0,0.5,1.0]",164681,8.548500221246712,8.52255357599077,0.2033170364293233,0.3080742317803406,53462.65549245639,5.506563944574123,5.416903880194262,1.5778374719984931,-1.0,0.62,2.3972383339295584,0.9698208537401269,0.0065303412552281245,0.0,0.0
[3.20639],[0.0],[0.0],353187,9.085803024195387,6.66696601839599,0.1644823806970979,0.5666400321582241,39904.06797267101,4.292191688990647,8.949765493024032,1.174664868031199,-1.0,0.779,2.10340137134026,0.0,0.0,0.0,0.0
"[2.66977, -4.5146, 5.93843, -0.557393, 8.34149e-05]","[0.0, 23270280.0, 22646140.0, 40708260.0, 51428220.0]","[0.0,0.5,0.0,0.5,1.0]",171108,10.105853068073571,8.092617616183256,0.6401645670749935,0.2980999121727739,73201.66365496915,7.220613089193951,3.3385109721358366,0.2338575867617966,-1.0,0.867,0.382109986405031,0.5698850767925523,0.4968909677204516,0.1745951674769057,0.002135862449579297
"[-1.516, 2.55109, 0.00101042]","[10948160.0, 0.0, 13038260.0]","[0.5,0.0,1.0]",82962,9.601215100174809,8.671120026939505,0.0871574808268663,0.6102004619885033,22842.143388402743,2.690464629568781,12.47685318041816,0.6310348956040787,-1.0,1.166,1.0078972636839783,0.7769677212320962,0.02005877204569932,0.0,0.0
"[4.07498, -0.0803762, 0.0130732]","[0.0, 14637650.0, 14669310.0]","[0.0,0.5,1.0]",220477,10.69246017536842,4.325423021861047,0.2235162665567144,0.0563239476480699,53374.2484982003,5.498760772670247,8.192616355183235,0.8989712447921673,1.298,1.298,1.8147154681351494,0.2748109661176746,0.0,0.0,0.0
[3.06587],[0.0],[0.0],361532,37.13108770089837,21.132555352213465,0.0355719924091181,0.3943141742066746,79526.41725565451,7.760031270484361,0.4612930960867389,2.742667005959788,-1.0,1.317,4.802307330857728,0.0,0.0,0.0,0.0
"[3.47376, 2.52344e-05, -0.189672]","[0.0, 15770180.0, 12860980.0]","[0.0,1.0,0.5]",104625,10.52439381153488,9.440370184738716,0.2289829908271978,0.0053922005804434,36488.23326483337,3.9795544001565024,6.53573848527944,1.8675892815520745,-1.0,1.378,3.4808176926716525,0.8133603259554147,0.009381620567132504,0.0,0.0
"[3.45542, -1.11562, 2.09418e-05]","[0.0, 7105227.0, 11554510.0]","[0.0,0.5,1.0]",306324,10.124943594465051,6.387918311183584,0.0503708346641908,0.1287098236976009,69381.3572454209,6.892744180642893,4.373733284918193,0.989371965372918,-1.0,1.408,1.8391198059285443,1.0450035019126407,0.004527584911674864,0.0,0.0
[4.31198],[0.0],[0.0],13900,10.661462325677984,3.715005886522584,0.5611921623312797,0.4687018300638766,63392.6340593982,6.375316244941383,7.635724168013796,0.841710638241021,1.754,1.754,1.7478380318888895,0.0,0.0,0.0,0.0
"[-0.283907, 1.99301, 3.3201e-05]","[8987985.0, 0.0, 10888170.0]","[0.5,0.0,1.0]",157353,10.984024154174396,10.7273203826615,0.0018558843924151,0.3070235161822179,134417.5771543098,12.314950399708266,1.1001547482726175,0.7319674732440111,-1.0,2.2,1.0333478053709955,0.39001367316089774,0.004217619192748163,0.0,0.0
"[13.194, 6.11097, -3.56044, -6.95487, 5.38238e-05]","[102316.4, 0.0, 403343.9, 181954.9, 3422403.0]","[0.0,0.0,0.5,0.5,1.0]",380666,10.074887280452655,9.472777251204535,0.500809585361787,0.2245450618898081,35162.79280470903,3.8573489506557705,7.041936769701731,1.9297848117249308,-1.0,2.986,10.538158891895808,0.014157809421825858,0.0,0.0,0.0
"[7.23728, -1.45303, 0.00603013]","[0.0, 1927711.0, 2381198.0]","[0.0,0.5,1.0]",220858,10.788354744844488,5.008844078808993,0.0681271022827193,0.1383722974454759,41487.95728984842,4.436118531259921,9.602757406355444,1.892786492641129,0.274,0.274,5.0920107947612,2.2863263580025146,0.0,0.0,0.0
"[2.33215, -0.539474, 0.000298298]","[0.0, 5253028.0, 6087693.0]","[0.0,0.5,1.0]",142302,9.362805085974104,8.829332116548105,0.0524518492438307,0.1732426856643057,44131.19907125145,4.674967989999917,6.124423794468447,1.6823067769746978,0.534,0.534,2.5691143473227553,1.2356357179595374,0.029055634597925435,0.0,0.0
"[3.65907, -2.14452, 0.00873147]","[0.0, 4454069.0, 5236326.0]","[0.0,0.5,1.0]",363595,8.568460044772443,6.573883070151094,0.1066463604371336,0.170800806757679,34084.62111105164,3.757543745449375,11.343449699916066,1.2114677264416176,-1.0,0.635,2.3173797515337577,1.7777030813304635,0.0,0.0,0.0
"[1.86776, -0.198524, 3.69263e-05]","[0.0, 28044170.0, 31577310.0]","[0.0,0.5,1.0]",302062,10.124327021495002,9.854467087425483,0.0133396629182098,0.0046339955593602,41951.38377705516,4.478113060785227,5.552846315033036,1.1944614516540435,-1.0,0.653,1.6324228817204032,0.5322046282907482,0.0072583855848723485,0.0,0.0
"[-3.83477, 2.45611, 0.103256]","[327332.5, 0.0, 351708.6]","[0.5,0.0,1.0]",66128,9.69909173678668,6.083594852684461,0.54958533724147,0.2203318650790245,25390.96049759331,2.9373395575790973,15.050157098654028,0.9897717421466338,0.794,0.794,2.5027990717325244,0.0,0.0,0.0,0.0
"[4.87918, -0.0534849, 0.000774392]","[0.0, 25087460.0, 25391280.0]","[0.0,0.5,1.0]",276965,9.628800291183913,8.461143198518672,0.3273299847882812,0.460467709723025,43816.14060663951,4.646582694467267,6.254777728848896,2.1865731446622094,-1.0,0.899,4.829892113393327,0.5093321272468893,0.0,0.0,0.0
"[2.82874, -7.1989, 8.27937]","[0.0, 25559.34, 24867.98]","[0.0,0.5,0.0]",279906,9.836303985225372,8.516408536018787,0.1614194049527705,0.6314643567981398,101249.88950191166,9.586044069897168,2.144366527760412,0.8065627702068624,1.022,1.022,3.451015271154847,0.0,0.0,0.0,0.0
"[1.55388, -0.564338, 8.85827e-05]","[0.0, 3601746.0, 4646723.0]","[0.0,0.5,1.0]",285469,9.783142306467058,8.744611635475865,0.3426625548943297,0.2255154981724458,60640.55398916209,6.135984895752295,4.064517652883169,1.4703670570276324,-1.0,1.772,1.8328819840140926,1.1045755131572461,0.013838856967913019,0.0,0.0
"[-2.36349, 2.1869, 0.00224021]","[1865135.0, 0.0, 2422889.0]","[0.5,0.0,1.0]",289521,9.185466473816884,6.553747749061587,0.3872542299514655,0.1552527706302205,50122.47994071616,5.210798760215798,6.895003722056217,0.8917797656140115,-1.0,0.368,1.318779162225117,1.371640253690722,0.0,0.0,0.0
"[-1.093, 2.92159, 4.84026, -3.09114, 3.40885e-05]","[7429960.0, 0.0, 4651069.0, 5210845.0, 12058370.0]","[0.5,0.0,0.0,0.5,1.0]",189072,9.423740609232324,8.99320790652002,0.2634205317328495,0.0090281898938406,58231.32499503636,5.925596613220523,4.304104470167516,1.1220035117794631,0.673,0.673,1.917802369638388,2.4684740252319615,1.9726659745938089,1.1730169757198208,0.006550857643588711
[3.07886],[0.0],[0.0],273764,36.77846759072498,12.295445968346977,0.0905638872579434,0.2880618282865786,25326.897310618337,2.9311753088627888,2.873768764066776,4.619204410776252,0.882,0.882,8.105170441168045,0.0,0.0,0.0,0.0
"[-1.43671, 2.46707, 3.58975e-06]","[8311766.0, 0.0, 11768780.0]","[0.5,0.0,1.0]",62033,10.010638368216393,8.051978709884796,0.5808415235413236,0.1108080146810988,144146.56240327595,13.10519635997202,1.3739601298819115,0.5329639841442936,-1.0,0.914,0.8371216963219572,0.638825758393571,0.001009787438764121,0.0,0.0
"[3.34922, -1.35177, 2.44353e-05]","[0.0, 8320294.0, 15922340.0]","[0.0,0.5,1.0]",85553,32.823413303585994,25.394909061159044,0.2758743170784707,0.0412836954706885,65072.16470414279,6.52087956371849,0.5597816082068863,0.8125440644526954,-1.0,1.483,1.4870266783554245,0.9447095902025565,0.004016573881589504,0.0,0.0
"[2.12047, -0.516048, 0.000195185]","[0.0, 19570170.0, 23409360.0]","[0.0,0.5,1.0]",200304,9.401879791689392,8.493227954090498,0.1075322069937272,0.1028991158433901,78827.10476061139,7.700584820313557,3.093286023228795,0.7713917483725934,-1.0,2.754,1.1232878338642225,0.554140686622986,0.010777008077923495,0.0,0.0
"[1.55765, -0.318939, 0.0199166]","[0.0, 4192140.0, 4217149.0]","[0.0,0.5,1.0]",385298,10.002125869909417,7.962320071541028,0.1609954571143813,0.0057759192931727,82159.55908017735,7.983454772225899,2.9442671225511927,0.1686696341357413,0.383,0.383,0.2105095692625861,0.09818479473736305,0.0,0.0,0.0
"[4.41231, -0.225316, 0.000467422]","[0.0, 3182652.0, 3697049.0]","[0.0,0.5,1.0]",32477,8.669897386311176,8.552804566022326,0.3437200656346279,0.1702983835187161,62400.01914135355,6.289113187986325,4.417368427033466,1.3959113567687604,-1.0,0.431,2.9321814999480886,0.662603700367831,0.03017952605434993,0.0,0.0
"[-0.508073, 1.99911, 0.00530042]","[1892271.0, 0.0, 2053953.0]","[0.5,0.0,1.0]",241918,10.215087393238608,7.47258966984336,0.3284531941864305,0.3392183232118071,7272.748575816113,1.057742835825184,35.6370766628053,6.95247197056344,0.782,0.782,11.020234827792804,0.0,0.0,0.0,0.0
"[1.98758, -4.2397, 0.000551397]","[0.0, 135655600.0, 142309400.0]","[0.0,0.5,1.0]",278065,10.079201559149515,7.458241156261788,0.4989324322079981,0.0206403143209903,16761.12824628864,2.084877516316874,18.37552903130623,2.1237182082246986,-1.0,0.83,2.9940510403737557,4.372848731065248,0.04986881977219691,0.0,0.0
"[3.71453, 9.55802e-05, -0.0441197]","[0.0, 150408700.0, 146529400.0]","[0.0,1.0,0.5]",238105,7.277987307170839,6.698662419681201,0.142581658377238,0.2271669893941047,28820.11576832015,3.264482712070657,15.313268630918344,1.560008130234239,-1.0,1.244,3.0066217640804727,0.3276748709892513,0.01525143925160152,0.0,0.0
"[1.8919, -0.53771, 1.05398e-05]","[0.0, 4485758.0, 7404791.0]","[0.0,0.5,1.0]",271080,10.10315542129234,8.617736013685592,0.3384228107130496,0.4219205717060428,45941.93454444058,4.837686205022804,5.600595845929125,1.1810909409108514,-1.0,1.421,1.6245475481704157,0.8660787742303817,0.003834418606468727,0.0,0.0
[3.02129],[0.0],[0.0],374143,9.767323544068937,7.079161453795333,0.0760459963987426,0.4350695982648047,70868.10931802756,7.02053519132202,4.0097471196699335,1.2751424549425063,2.065,2.065,2.216434553890562,0.0,0.0,0.0,0.0
[3.26092],[0.0],[0.0],277770,7.801593532015349,7.2441723164681315,0.4467177556064209,0.4531752246331724,50867.66298231645,5.2769551117436295,7.108224892392332,0.9104636806736928,-1.0,0.153,1.6441169178793564,0.0,0.0,0.0,0.0
"[-4.13699, 2.68584, 0.305476]","[84488.18, 0.0, 85898.93]","[0.5,0.0,1.0]",250831,9.612631467241052,8.291140755292599,0.238971485694226,0.3772992553605273,121851.78405743236,11.287981066643962,1.743549312814244,0.3153120453189264,0.439,0.439,0.8418480862343845,0.0,0.0,0.0,0.0
"[3.60943, -0.449588, 0.0421133]","[0.0, 3280720.0, 3327172.0]","[0.0,0.5,1.0]",343552,8.907243865245547,7.377037507918275,0.2765034023973636,0.1985902363600821,46877.53132784207,4.92148984005472,6.9176100084271726,1.6961785406246492,-1.0,0.575,3.2224847903617846,1.189384412769904,0.0,0.0,0.0
"[-6.58687, 2.94557, 0.0380274]","[63541420.0, 0.0, 67419140.0]","[0.5,0.0,1.0]",142292,9.5928933693494,8.517644654683567,0.7514773806705033,0.2064294398813267,107661.8782111,10.1184473428129,2.016870126471656,0.4649566208612997,0.623,0.623,0.7979893776508022,1.193306434529632,0.09066940229431959,0.0,0.0
[3.0702],[0.0],[0.0],228708,9.085021208952789,5.598151739891435,0.0876332590658333,0.0033340256438419,52611.24190777228,5.431358747016841,7.523876484744596,1.1246221194452497,-1.0,0.662,1.9705613244522668,0.0,0.0,0.0,0.0
"[1.46138, -0.258816, 0.000218217]","[0.0, 6690202.0, 7110041.0]","[0.0,0.5,1.0]",399277,10.13528639405668,8.985586882961671,0.1509810489964409,0.1382735980193012,41595.445403427446,4.4458634014804,6.0541389645845145,1.7437418257566266,0.667,0.667,2.107966789873505,0.8874844506491834,0.0,0.0,0.0
[3.22573],[0.0],[0.0],164706,9.67617657720703,8.125386483587526,0.4778915423931659,0.5842723137611652,59332.75936334959,6.0218846966936255,4.482898787487295,1.4952038040636662,0.695,0.695,2.685433485251921,0.0,0.0,0.0,0.0
[6.41246],[0.0],[0.0],60503,10.815961662024728,6.382032170578113,0.1164218079236888,0.2662466392488569,35400.80844340852,3.8793329929537,9.259294450787785,1.2754113288825153,0.806,0.806,3.22970313325368,0.0,0.0,0.0,0.0
"[1.57534, -0.232566, 4.81379e-05]","[0.0, 12682790.0, 13858810.0]","[0.0,0.5,1.0]",255170,9.510123120220474,8.76679410635481,0.3472416486523348,0.25763972616087,63092.274452301725,6.34924560507698,3.952873865549791,0.7956970288979787,-1.0,0.897,0.9986996246666948,0.38372566560773275,0.00552066388326723,0.0,0.0
"[1.88976, 9.96822e-05, -0.215135]","[0.0, 19174510.0, 17358900.0]","[0.0,1.0,0.5]",66283,7.469797158295537,7.30728073142066,0.1088431525806551,0.0158966945849592,53596.20059922608,5.5183488907814695,6.869826563464942,0.6511944668978439,-1.0,0.952,0.8951875382910675,0.3020412348852403,0.00650158895473722,0.0,0.0
"[4.43793, -0.0669056, 0.000196783]","[0.0, 98557780.0, 100678000.0]","[0.0,0.5,1.0]",335913,9.530428289234552,5.621979721604792,0.3201761452828574,0.0389584307591495,34601.40335267348,3.8054271656128895,11.730478221017512,2.244848441664601,-1.0,1.001,4.729086407802927,0.5806551206367586,0.03149059119591936,0.0,0.0
"[1.4269, 4.80791e-05, -0.194842]","[0.0, 10710840.0, 9233188.0]","[0.0,1.0,0.5]",230778,10.253664167704994,9.37469245162318,0.7515457139630762,0.2245757626182296,42628.9350774505,4.53941910277737,5.624211938626622,1.2125388544032625,-1.0,1.041,1.4484130628201601,0.5352256932785684,0.008407634598235854,0.0,0.0
"[3.3835, -1.03692, 0.00861162]","[0.0, 1425418.0, 1664689.0]","[0.0,0.5,1.0]",392246,9.734591214242528,9.12898233614161,0.0515315252681605,0.2190099738663438,123350.62478200917,11.410880063628223,1.5649740115814657,0.3212647826230339,-1.0,1.059,0.5909438411421746,0.3271415793039345,0.029812991015437083,0.0,0.0
[3.05141],[0.0],[0.0],23470,10.59729759665683,4.635900881111478,0.3757763245056034,0.0821575086377941,80194.5329320512,7.816782491125013,4.660806501350078,0.1910232599820639,-1.0,1.101,0.33368488517505357,0.0,0.0,0.0,0.0
[3.12933],[0.0],[0.0],67017,10.447887729752104,4.948982821248955,0.0496153236509407,0.8502563535569995,44299.868122152926,4.690155148233542,9.22082371886451,0.871361114457302,-1.0,1.282,1.5414301765791376,0.0,0.0,0.0,0.0
"[3.15008, 0.0013588, -0.0599351]","[0.0, 171820800.0, 171257900.0]","[0.0,1.0,0.5]",102166,9.874247611981216,6.9439071278394175,0.0952729176988239,0.218917739368351,94994.97343158742,9.064024039306174,2.7684856601694583,0.4132611079905204,-1.0,1.317,0.7334750196283175,0.10117312228456701,0.015233591477436255,0.0,0.0
"[3.63099, -1.24175, -1.88243, 1.88833]","[7866132.0, 9100201.0, 8434847.0, 0.0]","[0.0,0.5,0.5,0.0]",65474,9.00799459906575,8.882998971820365,0.033377576178296,0.2331771393681013,58579.34035919528,5.956039636740101,4.481917598896968,0.8742450637441523,-1.0,1.465,1.2013571438579573,1.665887675584179,1.1994788830791523,0.9742048181935629,0.0
"[3.02479, -0.037073, 7.21188e-06]","[0.0, 17848780.0, 19739860.0]","[0.0,0.5,1.0]",65038,9.831258804181395,6.39871455639432,0.3853967806600288,0.6119262336821112,82245.26905971514,7.990716529604628,3.598518599712992,0.3625024995252424,-1.0,1.472,0.6304615708725966,0.06979750058944531,0.0009734984208231842,0.0,0.0
"[3.94654, -0.305935, 0.00196654]","[0.0, 55744950.0, 57444600.0]","[0.0,0.5,1.0]",249579,10.456642246528247,4.354908237967426,0.3965519985595737,0.0972824089981263,48873.94314290124,5.099724258954384,9.204964149356009,1.3114034498773326,-1.0,1.512,2.605221036229801,0.7253554927893007,0.05815508757693468,0.0,0.0
"[2.27713, -0.458746, 0.0139596]","[0.0, 2034382.0, 2111194.0]","[0.0,0.5,1.0]",235649,8.958706749568254,8.628078658514166,0.6667193583831268,0.4219601114976399,51374.36134911663,5.32188164169103,5.4100630585842095,0.4466630112292823,-1.0,1.879,0.6740217358899204,0.3070968509432312,0.0,0.0,0.0
"[2.1585, -0.367665, 0.001728]","[0.0, 4062610.0, 4364878.0]","[0.0,0.5,1.0]",274574,9.87058857235916,9.824262199796678,0.2960402367533095,0.3889659525043527,64418.36899702951,6.464259005462807,3.395264340590628,1.569836560174068,-1.0,1.922,2.306377888201601,0.9518764532521914,0.06525688036321543,0.0,0.0
"[-0.710667, 5.20599, 0.000284081]","[805545.0, 0.0, 1126528.0]","[0.5,0.0,1.0]",4405,9.09971586424112,6.668770525825435,0.0073107501929852,0.4957668960753251,90060.1151292653,8.650152489350265,3.283544910085161,0.5096433444426931,-1.0,2.201,1.1628348038515348,0.4296347803628839,0.008589887006665782,0.0,0.0
"[-0.457592, 1.85871, 0.0490887]","[3801767.0, 0.0, 3830270.0]","[0.5,0.0,1.0]",101493,10.412773481419595,8.345746050741782,0.3426608661435915,0.2100897384043944,12869.404168577868,1.6802513858840056,20.548757870646988,6.38452275741224,-1.0,0.301,8.704308140998801,4.54459954093423,0.0,0.0,0.0
"[2.99959, -0.694526, 0.111379]","[0.0, 5901574.0, 5939010.0]","[0.0,0.5,1.0]",22210,34.164201262071295,19.556416238300017,0.1271001127074017,0.1377520770855245,10948.247138895493,1.4733701621473816,4.339251105530627,8.996896912456034,0.571,0.571,15.58201768247363,8.076713345933099,0.0,0.0,0.0
"[1.52002, -0.292308, 0.00267731]","[0.0, 6289347.0, 6609457.0]","[0.0,0.5,1.0]",115839,9.595441310823404,7.208765331703724,0.4841019412383671,0.5999467975596301,48927.51740720175,5.104496327030639,6.3121012764598605,0.4207057347945976,-1.0,0.633,0.518684276902318,0.22849601304721226,0.0,0.0,0.0
"[-0.487357, 1.98217, 0.00113591]","[2072595.0, 0.0, 2357593.0]","[0.5,0.0,1.0]",200912,10.783262608510425,10.177503800054405,0.4621584963383204,0.2241201367050499,88823.1785441852,8.546116699595162,2.0327152982821364,0.8090153330388524,-1.0,0.964,1.1390091218281884,0.5647813626542867,0.027266457298403365,0.0,0.0
"[-0.55156, 1.61904, 0.0010605]","[4601770.0, 0.0, 5270824.0]","[0.5,0.0,1.0]",214880,10.930114752752129,8.51334735058331,0.2807965147515282,0.5042634779912274,61529.55061547281,6.213408547762073,3.729713143964327,1.6507777574943103,-1.0,0.99,2.100474424266341,1.225984529833107,0.05375810423106957,0.0,0.0
"[3.19394, -1.99476, 0.000114273]","[0.0, 1494437.0, 3192290.0]","[0.0,0.5,1.0]",245353,8.506266673976548,6.149491353887608,0.4288328818126553,0.3254685062973351,48697.17332694427,5.083974106379465,8.019657752252309,0.8652664253447413,-1.0,1.005,1.546369335175847,1.2220674527564959,0.009249572626499837,0.0,0.0
"[1.94024, -0.35579]","[0.0, 27158100.0]","[0.0,0.5]",372050,10.402535107641976,8.891176786646158,0.6818666457691198,0.3352978988817677,98751.66601278228,9.377877022734202,2.0412811134131625,0.4083263762027455,-1.0,1.859,0.5687680094191663,0.24355906781071548,0.0,0.0,0.0
"[4.86685, -4.11973, -2.24866, 4.58901, 0.000123971]","[622951.3, 3561424.0, 8468301.0, 0.0, 14265960.0]","[0.0,0.5,0.5,0.0,1.0]",119889,10.615630530791504,5.226322821435517,0.3677906494472774,0.14844795947171,171566.56889923092,15.31304913213309,1.499497800673439,0.2554878087400483,0.661,0.661,0.5473053374704857,0.5636300792680674,0.5185666207185233,0.38311757822622167,0.002844659133330761
"[5.10316, -4.51602, -12.5296, 12.9627, 7.59652e-06]","[0.0, 499890.8, 305142.2, 289535.9, 2972603.0]","[0.0,0.5,0.5,0.0,1.0]",207127,5.641410082165772,3.8940879075640495,0.1784895723819453,0.185445243333122,15143.254141791078,1.9186740165647789,56.28446923345031,1.2837767094979813,0.757,0.757,7.607012105098453,0.0,0.0,0.0,0.0
[3.01677],[0.0],[0.0],137314,9.92822818379002,7.145763088603763,0.2088756289245691,0.2304413719831885,81163.87316545358,7.89904585583324,3.3011285538726067,0.8619843012583659,0.799,0.799,1.4971677263613112,0.0,0.0,0.0,0.0
"[-1.05181, 1.41014, 0.000130047]","[4839369.0, 0.0, 5916602.0]","[0.5,0.0,1.0]",348204,8.707131579635789,8.545984616963104,0.6108953874075753,0.2674777228911225,67934.99560932351,6.768179168766294,3.961230388265133,0.9047200522556992,-1.0,1.13,1.0743488718459782,0.9278608785029568,0.010317260239399361,0.0,0.0
[17.5884],[0.0],[0.0],115807,9.409227159402686,4.83120051312413,0.4464711933832653,0.1727623994465058,56611.565153086776,5.783666209882609,7.623739838066115,0.9025270408921272,1.251,1.251,3.7850654167715136,0.0,0.0,0.0,0.0
"[2.82482, -0.601965]","[0.0, 52607500.0]","[0.0,0.5]",137015,9.364853735570584,9.183512304301894,0.0474472449294033,0.3831304515020562,79026.15823553636,7.717510407261653,2.897219997781983,0.3953178514363192,-1.0,1.426,0.6644186523832574,0.3067129031174542,0.0,0.0,0.0
"[1.70641, -0.311207, 0.000217707]","[0.0, 4650176.0, 5962494.0]","[0.0,0.5,1.0]",250279,10.3034915532474,7.296744130663573,0.2064489411519979,0.0916904405991392,13709.017669706194,1.769017550099071,22.02385304520265,6.784691515422488,-1.0,1.54,8.86281736248627,3.786226914166401,0.0,0.0,0.0
"[2.47182, -0.332598, 0.000132953]","[0.0, 23888910.0, 25667430.0]","[0.0,0.5,1.0]",37918,36.79759883203521,26.421749301032257,0.1499204863217271,0.2662708829365603,118430.03858243526,11.006976403117152,0.2261984986883463,0.9189291553154968,1.828,1.828,1.4447425104459948,0.5299584820721406,0.010595735328601332,0.0,0.0
"[2.2971, -0.386643]","[0.0, 19956400.0]","[0.0,0.5]",319370,39.76704259365221,35.50276562368846,0.055464049540452,0.9085851227636792,68102.17218353704,6.782589704313604,0.3400880887360386,3.299055452342316,-1.0,1.858,5.000110088248345,2.051373266099402,0.0,0.0,0.0
"[-1.96584, 3.11078, 0.00205589]","[13193010.0, 0.0, 16178180.0]","[0.5,0.0,1.0]",72097,10.481283011383535,7.394687445527894,0.2784840459163707,0.4266025534501054,68040.86109560728,6.777304984117628,3.840760674310191,0.9060214391091034,-1.0,0.637,1.5979865644151445,1.2703183110695917,0.04108075451488673,0.0,0.0
"[2.11651, -0.517408, 0.000194841]","[0.0, 7820209.0, 8870455.0]","[0.0,0.5,1.0]",247566,9.59726827480688,9.245387829811206,0.4728318957135904,0.3335238641270182,57143.97618724191,5.830362602965375,4.239147512055103,0.9644340580459116,-1.0,0.685,1.4030808624464541,0.6937278157420387,0.013462096940925204,0.0,0.0
"[1.67818, -0.341474, 0.00136495]","[0.0, 2473677.0, 2673763.0]","[0.0,0.5,1.0]",198038,9.394064317317728,3.685861228672354,0.3019889849650908,0.0545109951969204,52004.335381750825,5.377674650836413,10.783229220433244,0.9617809055983496,-1.0,0.793,1.245935101222667,0.5631462919906717,0.0,0.0,0.0
"[-1.1398, 4.30474, 0.00010321]","[4163583.0, 0.0, 4883269.0]","[0.5,0.0,1.0]",275610,9.705712129171967,7.519850584353232,0.0289794740773906,0.2791856814536286,48823.58026408477,5.09523747846108,6.047097816355368,0.4470051632403422,0.955,0.955,0.9274403836273382,0.47722904299217345,0.004541229272300113,0.0,0.0
"[1.68001, -0.181667, 0.0005683]","[0.0, 4652919.0, 4889222.0]","[0.0,0.5,1.0]",122809,10.22979325483998,10.036968313390592,0.1096117838922587,0.5175496868158842,46359.36149200065,4.875098373476916,4.824774220169047,0.6940305114651563,-1.0,1.22,0.8995690335946507,0.2962748702972773,0.0,0.0,0.0
[4.15864],[0.0],[0.0],238628,9.94172261452071,9.022295102143437,0.2596612307481605,0.210417529008373,69638.75038508028,6.914886000702976,3.28725855725022,0.6448697025683522,1.273,1.273,1.3150662633721542,0.0,0.0,0.0,0.0
"[-0.774622, 2.34955, 2.57268e-06]","[16830240.0, 0.0, 24994630.0]","[0.5,0.0,1.0]",95802,10.098665027794697,9.979843358638092,0.2605712447521638,0.1473484192747482,94486.02937561071,9.021425680279965,2.012258623056114,0.5572207763962239,-1.0,2.253,0.8541214856943615,0.490424563994606,0.000893758502201425,0.0,0.0
"[4.20154, -0.263319, 0.0391162]","[0.0, 11110200.0, 11163570.0]","[0.0,0.5,1.0]",313162,9.307339802974292,5.751682405184725,0.2697224198930454,0.1598975271464268,25931.81077071337,2.989295323274841,15.978217713485678,1.7962008498762712,-1.0,0.443,3.6817911443675846,0.9878046492055298,0.0,0.0,0.0
"[2.41709, -0.524073, 0.00266978]","[0.0, 7609589.0, 7972538.0]","[0.0,0.5,1.0]",37412,8.707738716081673,7.625337252121834,0.5179081528614315,0.2852454230646014,32425.661253951606,3.603237570044816,10.42628095102245,1.44147699241063,0.805,0.805,2.241063311204053,1.046181439118222,0.0,0.0,0.0
"[3.16363, -0.276892, 6.33243e-05]","[0.0, 9285183.0, 11403140.0]","[0.0,0.5,1.0]",97278,10.208045497828255,9.413578417760004,0.1452686228323228,0.2399918699001752,20589.977062084887,2.46921289384386,12.270800943074212,4.165854746375031,-1.0,0.852,7.409637568848211,2.192094776318781,0.03315044189313224,0.0,0.0
"[3.57014, -0.147162, 0.000977731]","[0.0, 3662658.0, 3847457.0]","[0.0,0.5,1.0]",33961,9.025836989036453,8.100361146598258,0.1436069027851593,0.220479718739694,55551.8483012276,5.690590022501311,5.15819725879081,1.3859022784208257,-1.0,1.092,2.6186365916165064,0.5334188817351979,0.0,0.0,0.0
"[4.05614, -1.28614, 0.00394587]","[0.0, 1482020.0, 1566003.0]","[0.0,0.5,1.0]",173056,10.351918912577014,6.888714575122159,0.2187156733848522,0.3181560553970331,63369.56455174111,6.373314421604761,4.507796351943949,0.2619661184909543,2.647,2.647,0.5275961205967725,0.29754621804328113,0.0,0.0,0.0
[10.1128],[0.0],[0.0],202792,7.460500291367935,7.378866351425786,0.0934614656572082,0.407283133187016,13003.974508277128,1.6945414761700763,29.73602598909957,6.0743580404990345,-1.0,0.718,19.316840600106005,0.0,0.0,0.0,0.0
"[-2.36655, 2.48947, -1.61014, 3.45551, 4.7153e-06]","[837011.9, 0.0, 1106593.0, 604155.5, 3776515.0]","[0.5,0.0,0.5,0.0,1.0]",269294,9.02874357393317,7.934070082303422,0.4713068622487925,0.2431155394179717,134776.43533673536,12.344171089046275,1.6606067550287824,0.3327995854626121,-1.0,0.742,0.5250929956878216,0.6186412201334484,0.5119654091666691,0.4222936939552271,0.0007226656981797967
"[2.24171, -1.33581, 0.00026909]","[0.0, 15788840.0, 18957890.0]","[0.0,0.5,1.0]",225127,9.519048718429154,7.530812274693419,0.5633505024937253,0.0847315521722758,62063.98183428909,6.2599002014936,4.584556701906935,1.2051051638974504,-1.0,0.878,1.804324565513922,1.3928273706311287,0.019768500442348014,0.0,0.0
"[1.45639, -0.658424, 0.00947657]","[0.0, 1119634.0, 1169927.0]","[0.0,0.5,1.0]",332954,31.7588600703247,31.217521470923707,0.5132857098075431,0.1014037481307074,27684.693243720303,3.156742085860282,1.2979290976610247,5.746603930382269,-1.0,1.253,6.935058193765575,4.696422635914555,0.0,0.0,0.0
"[2.26068, -0.263576, 3.23566e-06]","[0.0, 5361659.0, 7660997.0]","[0.0,0.5,1.0]",175951,26.58507621017969,20.74119001412028,0.3089606717841303,0.2406269399586968,95314.00091856698,9.090716695060223,0.4838781399146827,1.3657530056483294,-1.0,1.401,2.0534858331563637,0.7011728579059319,0.002456708367302669,0.0,0.0
"[-1.83156, 3.8231, 2.53603, -1.35399]","[10679200.0, 9651951.0, 0.0, 11308600.0]","[0.5,0.0,0.0,0.5]",140458,25.11292711354207,10.940028751554074,0.1936610386351987,0.2133656660908756,35167.09004932599,3.8577459621506622,2.999507948444079,2.762408609426785,1.575,1.575,4.399112943349317,5.401268263775777,3.7385095468132934,3.2143683805105536,0.0
"[1.71778, -0.250663]","[0.0, 29302660.0]","[0.0,0.5]",57201,9.850751310613466,5.409098873437126,0.8014333537104895,0.1972001653755957,52381.09881005278,5.41100903602156,7.312884090940411,0.9111228344647844,-1.0,1.662,1.194155001669278,0.4561650917004753,0.0,0.0,0.0
"[3.66743, -0.75675, 0.000299946]","[0.0, 16899520.0, 19785380.0]","[0.0,0.5,1.0]",208674,10.721478997914254,9.995012924773151,0.5310881418126523,0.3541510821540958,25045.53653470153,2.904081226419664,9.202647658410433,3.024222067962593,1.842,1.842,5.791547128780236,2.6308124774106063,0.052376348243012315,0.0,0.0
"[2.82454, -0.488781, 0.0102232]","[0.0, 4203245.0, 4493145.0]","[0.0,0.5,1.0]",131788,10.859352951124462,8.83231315157795,0.1444382153403454,0.8922313526576126,27055.797286127345,3.096826421717608,9.329248558918197,2.369499102373545,-1.0,0.319,3.982267351291572,1.6738195999233467,0.0,0.0,0.0
"[1.47848, -0.225054, 0.00232964]","[0.0, 3195111.0, 3369846.0]","[0.0,0.5,1.0]",71524,10.279718434360458,7.927153866101736,0.3130181553075214,0.3301208227842789,41492.77634055807,4.436555528567413,6.6754992458823565,1.2871673793937568,-1.0,0.398,1.5651023802999167,0.6137826842652799,0.0,0.0,0.0
"[1.59861, -0.419138, 0.000767814]","[0.0, 5458694.0, 5910296.0]","[0.0,0.5,1.0]",403479,12.523705046939064,8.618202886117684,0.4994532491036547,0.1268636525456652,46524.88081418445,4.8899232611392,4.635457929124526,2.076533699230929,-1.0,0.596,2.62548926055756,1.3443659428956183,0.05753962097680227,0.0,0.0
"[1.42575, -0.410403, 0.00114905]","[0.0, 3234579.0, 3522322.0]","[0.0,0.5,1.0]",290444,8.919774223408579,5.738727508588836,0.8077037346051018,0.09773537924942,97231.97210734794,9.25103549431063,3.4352447944843085,0.3631018835826298,-1.0,0.648,0.43356098266066606,0.23293829186482748,0.0,0.0,0.0
"[1.76427, -0.357995, 0.000196514]","[0.0, 14574600.0, 16198130.0]","[0.0,0.5,1.0]",99394,10.792893039161068,10.475365610221813,0.3403371123104108,0.1004138932108121,90528.04176744416,8.689476753142069,1.9341043275276948,0.6029436086323114,-1.0,0.648,0.8008648272866269,0.3607573402901767,0.008452271595782788,0.0,0.0
[3.38825],[0.0],[0.0],126708,8.670947093326129,4.11441587529729,0.0923192043705801,0.4965754870940543,47610.48184709408,4.987017410371407,11.540437825891814,0.9924115206789064,-1.0,0.682,1.8267517024268038,0.0,0.0,0.0,0.0
"[1.84711, -0.396955, 0.00021404]","[0.0, 13756990.0, 15092070.0]","[0.0,0.5,1.0]",273377,9.42889269826709,8.82167624553973,0.4397578789851808,0.0874416613584167,19228.472429663336,2.3338373904069765,14.78710518879851,2.7856835798498825,-1.0,0.833,3.785978680294352,1.7551022483922838,0.040754845906075594,0.0,0.0
"[1.56801, -0.183696, 2.23817e-05]","[0.0, 22942340.0, 24828110.0]","[0.0,0.5,1.0]",314177,32.95938740998022,26.235028135282068,0.4426573599238456,0.4883240077158989,47692.07491152595,4.994305323765628,0.7919753597489775,4.139937422453276,-1.0,0.963,5.184038170207334,1.7743677132123863,0.019585754734165843,0.0,0.0
[3.85175],[0.0],[0.0],236732,9.184761557033363,7.287521884308711,0.3019507770340361,0.1935489805413319,14330.53991120439,1.8341609068409404,23.27767116246182,4.542428695529572,-1.0,1.192,8.914914130269613,0.0,0.0,0.0,0.0
[3.04432],[0.0],[0.0],133310,10.398715042895969,9.57704150294936,0.1322090740189774,0.21243253368296,19116.94563549966,2.3226890690177577,12.799236116993512,3.4583466914111174,1.209,1.209,6.0341163302212335,0.0,0.0,0.0,0.0
"[-0.635226, 15.1093, 3.52423e-05]","[1122636.0, 0.0, 1590781.0]","[0.5,0.0,1.0]",217710,9.632203663762152,7.525250657790614,0.5577811486786262,0.4277567987819405,30109.788355484565,3.386219053803948,10.522783896903931,2.3785335538452856,1.211,1.211,9.245522387164286,1.8957691956823621,0.0,0.0,0.0
"[3.03626, -2.19748, 0.000301775]","[0.0, 112615800.0, 123146900.0]","[0.0,0.5,1.0]",61283,8.43238274022319,7.576114561987609,0.1848053435114901,0.0161831064276748,62782.510351770936,6.322345961417969,4.966073330004205,1.3175163329281838,-1.0,1.287,2.295754725087921,1.953072986953376,0.022887462042461785,0.0,0.0
[3.09841],[0.0],[0.0],284235,10.00636300447308,8.665565104745985,0.2474748502933767,0.0664593878237722,27943.962230985027,3.1813923183555546,9.79862732971251,1.2120666420075958,1.468,1.468,2.1335161847648223,0.0,0.0,0.0,0.0
"[2.76, -0.379198]","[0.0, 13221600.0]","[0.0,0.5]",267258,11.037345724362073,8.472699674571045,0.1185504270763232,0.521167309136433,62387.71676279741,6.288044034433884,3.652230491823858,1.0838262498180475,1.848,1.848,1.80058739799912,0.6674099611868651,0.0,0.0,0.0
[3.84149],[0.0],[0.0],352794,9.76152194683882,9.112843618450151,0.9210980384627596,0.2210516309845986,50893.17810758257,5.2792186203059135,4.867659432424046,0.9639422280261436,2.567,2.567,1.8892997173383503,0.0,0.0,0.0,0.0
"[1.7012, -0.379048, 0.00686835]","[0.0, 3539202.0, 3736847.0]","[0.0,0.5,1.0]",362306,27.595185121811465,17.43607898176646,0.822846628381654,0.1832694669985544,89539.08070774806,8.606344489057314,0.5920192600202271,0.9956516186976108,-1.0,0.236,1.2986289826046435,0.6129915796541985,0.08251513473423915,0.0,0.0
"[2.78213, -6.55652, 0.00815845]","[0.0, 31486910.0, 37522240.0]","[0.0,0.5,1.0]",335830,10.224477856398677,8.06124921061997,0.3017522382971325,0.4090405959513992,53123.19511261629,5.476594400149668,4.936960074405463,1.7945233931674769,-1.0,0.454,2.993214454268646,4.595003211656772,0.1620887795479971,0.0,0.0
[3.50056],[0.0],[0.0],23212,31.82269900802783,23.02041488171144,0.499268076945049,0.5344760191058985,23259.832082070065,2.7311627155278746,2.008293053621553,8.851242452772007,-1.0,0.612,16.560483032453895,0.0,0.0,0.0,0.0
"[2.219, -0.437189, 8.18926e-05]","[0.0, 63429520.0, 66029160.0]","[0.0,0.5,1.0]",274865,8.920498403580028,8.550627300261613,0.2200279172270004,0.5983388302332011,21263.05572298427,2.5356698349686013,14.409333193327075,3.0125528631498986,0.635,0.635,4.487591612158131,1.9919080631164976,0.027261955611801874,0.0,0.0
"[2.99515, -4.90356, 0.0109316]","[0.0, 1551182.0, 1976734.0]","[0.0,0.5,1.0]",284697,9.359128554172464,9.059594214165053,0.4472754969989171,0.1866329359773154,79275.79068877499,7.738731579643913,2.919926161689625,1.2321722287181296,0.73,0.73,2.1324590732125834,2.7285201355875954,0.1288288951393378,0.0,0.0
"[2.08763, -0.277527]","[0.0, 10164960.0]","[0.0,0.5]",153357,9.65095028998602,9.562043220179053,0.3808564522690052,0.3929976263022802,70066.2901179095,6.9516475111097416,3.1843873340503435,1.2284641871896531,-1.0,1.185,1.7749628382727978,0.6471651476131032,0.0,0.0,0.0
"[-3.81082, 4.91415]","[7942644.0, 0.0]","[0.5,0.0]",180691,9.55870140319882,8.096835835193886,0.395539162149854,0.2221814150079867,93268.48127038968,8.91943934447587,2.553550178771231,0.9237241927797722,-1.0,1.487,1.8032317107681013,2.0477009065141245,0.0,0.0,0.0
"[1.96056, -0.223016, 0.0198549]","[0.0, 1141519.0, 1149890.0]","[0.0,0.5,1.0]",105425,9.515947780855951,6.089390745091428,0.5911192287339055,0.4927102058253502,41659.60560694108,4.451679058170477,8.876155331679145,1.4081792403156226,-1.0,1.516,1.9717325521759617,0.6939779611309023,0.0,0.0,0.0
"[1.90921, -0.214779, 0.0108739]","[0.0, 11821080.0, 11960540.0]","[0.0,0.5,1.0]",129024,27.591367492410345,24.800711268270817,0.3556680010913359,0.3182835114816754,54255.55807802117,5.576490937561123,0.8233244163351404,1.626458129642929,-1.0,1.696,2.247344947157044,0.7537699080701253,0.16960379082942073,0.0,0.0
"[1.85249, -0.295344, 0.000105677]","[0.0, 8213384.0, 9730489.0]","[0.0,0.5,1.0]",143424,10.076999757654002,4.900852362138035,0.246501340920532,0.0678348646508654,70820.47352004229,7.016444447674926,5.40282444638189,1.0072265693137032,-1.0,1.948,1.370897894784435,0.5473829295970809,0.010354220546850935,0.0,0.0
"[-0.395245, 1.96821, 0.000909003]","[14376180.0, 0.0, 15347210.0]","[0.5,0.0,1.0]",315979,10.993691889179129,9.253441862577198,0.0169879546536282,0.0942321311750107,67771.69939575944,6.754100079592746,3.065482506472667,0.9934505380265404,0.377,0.377,1.3937406480964436,0.6245675864288681,0.0299522124546779,0.0,0.0
[3.00465],[0.0],[0.0],80593,10.211129800729292,9.189935697389512,0.1549564818518725,0.6549848219596647,30549.17153361749,3.427545513876924,8.336697772217017,1.8298951047868113,-1.0,0.386,3.171926683170299,0.0,0.0,0.0,0.0
"[3.08432, -2.14381, -1.51411, 2.90173, 0.000651759]","[6964810.0, 26410640.0, 41256220.0, 0.0, 54234970.0]","[0.0,0.5,0.5,0.0,1.0]",21838,9.58696903828691,8.015918686516853,0.3319800820002192,0.6543098226210693,36050.74684395696,3.93927625605652,8.212927832739314,1.3750896194804094,0.442,0.442,2.3423916082236604,2.4149643199125483,2.0133725805470406,1.6920364619970167,0.035105448194586046
[3.9295],[0.0],[0.0],335741,11.138223981556912,6.565867630833625,0.3395679659549105,0.0839539442728903,26427.54856934708,3.0367948160224496,12.103162857207524,2.831116817114278,0.796,0.796,5.612113376182162,0.0,0.0,0.0,0.0
[4.1949],[0.0],[0.0],125771,9.88592955550357,6.973289999243002,0.4278724807211729,0.5607783290317992,45326.907471169216,4.78249696568448,6.939716858870625,1.5024207377071312,0.998,0.998,3.077176277013632,0.0,0.0,0.0,0.0
"[2.11004, -0.653949, 1.95589e-05]","[0.0, 9970422.0, 13957890.0]","[0.0,0.5,1.0]",242993,9.27623741485132,5.78896449485257,0.3591097697973766,0.3499278359327556,85262.41602664778,8.245927699753455,3.924746515486393,0.7434075985276765,-1.0,1.14,1.0798721478128934,0.6011722643628084,0.0032877531983573544,0.0,0.0
"[1.85191, -0.191131, 0.000175569]","[0.0, 17193950.0, 18417400.0]","[0.0,0.5,1.0]",130028,8.86829819130869,8.53430034021532,0.2065498609136955,0.17596742807406,65716.44830891045,6.576623252922964,4.071744573374559,1.3450685152225317,-1.0,1.391,1.8304351434762114,0.5880442030600224,0.017822487746110848,0.0,0.0
"[1.57339, -0.787254, 3.60952e-06]","[0.0, 5227780.0, 8603258.0]","[0.0,0.5,1.0]",44040,8.225006740870464,7.928570910018835,0.0619530566294771,0.1532254499435953,73370.39711494431,7.235057382176752,4.011968716488735,1.169225886833877,-1.0,1.427,1.4666166629954918,1.0374229710858196,0.0022213814883836522,0.0,0.0
"[2.06389, -0.633582, 0.0166763]","[0.0, 4541283.0, 4648819.0]","[0.0,0.5,1.0]",290612,8.450855120160588,8.269066363461066,0.0554454968800806,0.2349977834130908,85055.26860065754,8.228431307658296,3.1324537049168617,0.7376165432275249,-1.0,1.663,1.059678009414964,0.5948036167827823,0.0,0.0,0.0
"[-2.24986, 8.99846, 0.0461165]","[262584.3, 0.0, 283532.3]","[0.5,0.0,1.0]",344175,9.969718523477251,9.056856302998764,0.0244750450847921,0.6278270721015751,42458.01854998863,4.523964623642035,5.9532191850409975,1.6015591003699927,1.927,1.927,5.382391123548278,0.0,0.0,0.0,0.0
[3.17965],[0.0],[0.0],102053,10.68966952599223,10.549606243007378,0.3022637705538931,0.2196250582491006,68640.26702451549,6.828949993291235,2.765139399409452,1.5503629444898737,1.93,1.93,2.7645410210082924,0.0,0.0,0.0,0.0
[3.00171],[0.0],[0.0],397090,9.59862399064197,8.22592714200984,0.3026978732554397,0.4528535206380137,50683.361203027365,5.26060276557385,5.407073897407209,0.8967083392761582,-1.0,2.74,1.5535869862928213,0.0,0.0,0.0,0.0
"[-0.634885, 1.71423, 0.012248]","[5846237.0, 0.0, 6095638.0]","[0.5,0.0,1.0]",168623,9.89290275958968,8.603947856936616,0.0901717481486981,0.5212721892193939,39067.932939348895,4.215955434334136,6.883851446278734,0.8318333012804376,-1.0,0.293,1.089107749768412,0.6691647821780028,0.0,0.0,0.0
"[4.48253, -0.590299, 0.000168829]","[0.0, 4653055.0, 6762469.0]","[0.0,0.5,1.0]",297224,9.656588088378106,9.002315804522873,0.3082786545803065,0.1373974700658138,37487.75047607842,4.0713696155348265,7.084113459904251,2.5105191563175273,-1.0,0.859,5.3152676952964075,1.9288549207817123,0.03262023336191579,0.0,0.0
[3.37555],[0.0],[0.0],104587,10.227223830016898,9.652306783959409,0.0426422601425129,0.3145647307652147,52023.75329451109,5.379393332725949,4.346680518822804,0.5646215350885756,-1.0,0.898,1.037360509407093,0.0,0.0,0.0,0.0
"[-1.90136, 3.91155, 0.0374286]","[149085.9, 0.0, 167494.1]","[0.5,0.0,1.0]",288350,10.79178383815901,9.42676986973892,0.427403780831367,0.0052604451149177,30499.60894739661,3.422887890566764,7.81017665936524,1.5923986300894215,-1.0,0.968,3.8516099195564517,0.0,0.0,0.0,0.0
"[2.67046, -1.44241, 1.3865e-05]","[0.0, 2432573.0, 5560143.0]","[0.0,0.5,1.0]",191407,9.695650783219383,4.823921744709779,0.0959777627594548,0.0830912280647336,49257.56951128436,5.133884320084426,8.820467676446697,1.0080142085486858,-1.0,0.997,1.6472506681724983,1.2106288413669406,0.0037534150473773355,0.0,0.0
"[2.53385, -0.42972, 2.25501e-05]","[0.0, 3960687.0, 4698803.0]","[0.0,0.5,1.0]",319062,10.055196524412096,6.915627412699156,0.4296597071840674,0.2839650030110077,161226.65031966852,14.48355812892486,1.3353785656621169,0.4236273355298355,1.012,1.012,0.6743330212604408,0.2777005626786739,0.0020116768226195706,0.0,0.0
"[2.49056, -3.34537, 4.4933, -0.296985, 6.4843e-05]","[0.0, 6867769.0, 6481691.0, 16664440.0, 21037030.0]","[0.0,0.5,0.0,0.5,1.0]",345393,10.045055763328731,9.224763242913909,0.0563139621371164,0.6835395918670928,141767.7633776453,12.912341895921186,1.249572382697623,0.2148541437170887,-1.0,1.115,0.3390722423614251,0.4554350408073913,0.39297580565389284,0.11708762350461181,0.0017301162441072722
"[2.75025, -0.380975, 0.00234392]","[0.0, 16118870.0, 16820070.0]","[0.0,0.5,1.0]",202566,7.546179658567765,6.109671036382872,0.6378243193804942,0.0580449317693047,64520.85408856175,6.473138148204759,6.308117745950085,1.187176660802555,-1.0,1.314,1.9687992566486623,0.7327630959703083,0.057476027304215915,0.0,0.0
"[3.45305, -0.569516, 7.55888e-05]","[0.0, 9563253.0, 13218060.0]","[0.0,0.5,1.0]",248311,9.680201443416497,4.526037761975562,0.0773477649929522,0.3286846063104518,99795.91384598376,9.464941958831885,3.83741960307186,0.3724894373967627,-1.0,1.417,0.6921741810526495,0.28110393618328944,0.0032384909478996794,0.0,0.0
"[3.06136, -0.493099, 0.0103109]","[0.0, 6058652.0, 6390201.0]","[0.0,0.5,1.0]",388128,10.101111966959378,7.060745569228996,0.3379481273320337,0.230665551150474,18164.42686380828,2.2270836667343943,17.837260910143534,4.207287904193592,-1.0,1.418,7.361383331011875,2.9851290290546273,0.0,0.0,0.0
"[-1.35336, 2.4361, 3.09946e-06]","[3633423.0, 0.0, 9515215.0]","[0.5,0.0,1.0]",382218,10.198939730614317,8.875019697619758,0.3544769168255638,0.1417821404751497,32010.022740594275,3.5644315084095872,8.16873798596414,0.62686424849465,-1.0,1.519,0.9784103937887726,0.7292562668062071,0.0011036122684085661,0.0,0.0
"[-0.401144, 3.21831, 0.000450906]","[2577479.0, 0.0, 3378684.0]","[0.5,0.0,1.0]",23938,8.370073003132736,5.214782182553314,0.3634431166949959,0.1353645923971844,131278.47388952985,12.05909676700201,2.623661942351959,0.4372461956597476,-1.0,0.235,0.7844043200637881,0.27693394341090977,0.0092847250334076,0.0,0.0
[6.39564],[0.0],[0.0],153564,9.987277981009637,8.082735125283106,0.3168546055399172,0.1315194146648086,215036.64214973405,18.766892030753297,0.7818561875073179,0.1908595123220191,0.438,0.438,0.48267612203142835,0.0,0.0,0.0,0.0
"[-0.491476, 1.85482]","[32356130.0, 0.0]","[0.5,0.0]",236526,8.487654402730318,5.124994995190187,0.0743541793538726,0.5790040437917392,41782.56841236,4.462821543476538,11.259391510962429,1.2768869334305593,-1.0,0.563,0.8951660448042932,1.7390149991811545,0.0,0.0,0.0
"[1.91615, -1.15983, 0.0344023]","[0.0, 1728148.0, 1813725.0]","[0.0,0.5,1.0]",288103,34.02387902780194,23.20502154078785,0.0656304220211075,0.2657461277134745,103071.57418018128,9.737572966344564,0.3246180336911349,1.7321739950413433,-1.0,0.822,2.397763064875917,1.8654717785069113,0.32128115592184436,0.0,0.0
"[-0.423795, 3.30883, 9.38318e-05]","[9961065.0, 0.0, 12979660.0]","[0.5,0.0,1.0]",362378,10.197968413341153,6.799421130599135,0.1983061000141238,0.2413968543460102,25147.321073819177,2.913887232756286,13.258818186416802,2.446558861989964,-1.0,0.83,4.450336972291078,1.5926985446507596,0.023699036658743525,0.0,0.0
[6.92584],[0.0],[0.0],144354,9.59679186797834,9.440208889678312,0.3539552317566917,0.0132895631875697,52558.29699010983,5.42667787560271,4.611311548535941,1.732369201905983,-1.0,0.875,4.559074419185501,0.0,0.0,0.0,0.0
"[-1.10153, 1.85874]","[33093490.0, 0.0]","[0.5,0.0]",277335,9.085030326231974,4.472959346703393,0.2101543324956492,0.5848632064337662,137166.75649671286,12.538662979448716,2.6519235194306607,0.4367994079472989,0.875,0.875,0.458437574220613,0.5955131604640483,0.0,0.0,0.0
[3.74405],[0.0],[0.0],339843,9.107417580420703,6.826357156595357,0.1231543225304239,0.0193924994071634,47886.88830545504,5.011701206712773,7.077879739320365,0.936123983327974,-1.0,0.969,1.811357576057116,0.0,0.0,0.0,0.0
"[2.87397, -1.02351, 0.000565824]","[0.0, 2252461.0, 3284931.0]","[0.0,0.5,1.0]",120996,10.371189935417291,10.07533166169959,0.2987574825048743,0.3000215148158551,82223.34805684973,7.988859283828446,2.340567084052637,0.7214456604840415,2.453,2.453,1.2230514889441881,0.7298769869874646,0.01716106782422553,0.0,0.0
[4.5296],[0.0],[0.0],174593,10.279109018711615,9.080579270787322,0.4884809124261904,0.2182413126110929,18082.248795312,2.2188013471514907,14.248976166560816,3.986183241828449,0.414,0.414,8.483736771661464,0.0,0.0,0.0,0.0
"[3.71241, -0.327207, 0.000607379]","[0.0, 1592548.0, 1956858.0]","[0.0,0.5,1.0]",313527,9.2678073138212,6.305796932204192,0.1941863040121129,0.1806037779841596,128959.18073678328,11.869771880705416,2.1013812028624548,0.2614394827284887,-1.0,0.447,0.5037315381861575,0.14954864024170156,0.006443191831545546,0.0,0.0
"[-0.489129, 2.17416, 0.0202568]","[2889427.0, 0.0, 2985281.0]","[0.5,0.0,1.0]",290762,10.632377189966396,6.379236203340022,0.4569033497152852,0.5695926487430105,5613.804470858226,0.8573409236982562,46.96131546329508,8.472117048557811,-1.0,0.461,13.87862537803368,0.0,0.0,0.0,0.0
"[3.07923, -0.388166, 0.023866]","[0.0, 2270062.0, 2306798.0]","[0.0,0.5,1.0]",3126,9.188643606978442,8.81843359834911,0.3414535378831536,0.1109624779313687,65398.63464501381,6.549132347303209,3.870080606231345,0.7316814658399731,0.685,0.685,1.283935239128732,0.4696642754558792,0.0,0.0,0.0
"[1.67746, -0.276436, 0.00878378]","[0.0, 4298986.0, 4384712.0]","[0.0,0.5,1.0]",336452,10.201390807167396,9.23167060743974,0.0588506883830073,0.0996342801299908,8459.127488882195,1.1954369374470897,26.755678433696104,0.5907638920225903,0.707,0.707,0.7651384546984691,0.31550319625615453,0.0,0.0,0.0
"[-0.720039, 3.04047, 0.011698]","[8176368.0, 0.0, 8603048.0]","[0.5,0.0,1.0]",267371,17.077589678205946,14.33649818005846,0.1129726024490807,0.0636326096804036,68704.79543576177,6.834507256479137,1.449425411153574,1.011021862437331,-1.0,0.775,1.7629131132528262,0.8579037317776083,0.10934938766908787,0.0,0.0
"[2.12189, -1.92824, 0.00321336]","[0.0, 55255850.0, 57729650.0]","[0.0,0.5,1.0]",58171,9.597293608121053,7.9670037104148275,0.2632308072945858,0.3651711207023917,35251.18146736205,3.865514927751232,8.457888725779151,1.3619855859543215,-1.0,0.796,1.9839647174302395,1.8912679167199944,0.07720620454075616,0.0,0.0
"[-1.20928, 2.38354, 5.99188e-05]","[4259064.0, 0.0, 6480779.0]","[0.5,0.0,1.0]",152296,9.18665691776817,8.805293715375445,0.0957049541684186,0.2691335798648833,67013.24837836284,6.688665772847451,3.7590949140510608,1.0024108397454472,0.861,0.861,1.5475937837241507,1.1023238131735242,0.007759385124224036,0.0,0.0
"[-0.487143, 2.62593, 0.000403844]","[4269303.0, 0.0, 5223476.0]","[0.5,0.0,1.0]",239126,10.006314868123097,6.499664072290226,0.279941962321683,0.3828480325044657,65953.44145056134,6.5971147798855965,4.634587257513563,0.793938287321411,-1.0,1.013,1.2865548861359493,0.5541342313185834,0.015954880786693642,0.0,0.0
"[1.59204, 7.45543e-05, -0.185316]","[0.0, 7378779.0, 6179124.0]","[0.0,1.0,0.5]",382807,8.605041138228076,7.840775047946208,0.5593289733129496,0.0206092592172094,61848.60761500576,6.241168989844388,4.833580073724165,0.962459763858393,-1.0,1.453,1.2143938809338908,0.41432299882270845,0.00831034265440559,0.0,0.0
"[-0.315128, 2.64853, 0.00222645]","[537973.7, 0.0, 587346.1]","[0.5,0.0,1.0]",37870,5.560935523524835,4.574834143380315,0.192789288030187,0.2204393433255367,79934.06711148442,7.794662967241934,7.890548970140632,0.3783717476257595,-1.0,2.553,0.6516221139341326,0.0,0.0,0.0,0.0
"[2.99557, -4.03615, 4.18187, -0.349007]","[0.0, 623121.5, 457328.9, 3747668.0]","[0.0,0.5,0.0,0.5]",111304,10.495902076886017,3.838548351597558,0.4621158415278713,0.3083408939212542,130715.14941818392,12.01313535255249,2.910809889341154,0.427049026571199,-1.0,2.576,0.7391242861165321,1.2242252513649152,0.25228696083705016,0.0,0.0
[5.05238],[0.0],[0.0],340212,9.286359169691876,5.743681407417853,0.3734686646452657,0.0764547796447048,22749.831495852988,2.681456170240584,18.32152831227483,3.1089950039733973,-1.0,0.368,6.988243476957495,0.0,0.0,0.0,0.0
"[3.18316, -0.384077, 0.0170488]","[0.0, 450376.2, 462126.6]","[0.0,0.5,1.0]",378282,9.788752992615722,7.546258448013492,0.053946330213572,0.1916861003866075,49403.805157112605,5.146898534600347,5.903811040872117,0.6884379885493555,-1.0,0.611,1.303365265330055,0.0,0.0,0.0,0.0
"[1.94726, -0.225029, 0.0113778]","[0.0, 11069540.0, 11181870.0]","[0.0,0.5,1.0]",236579,10.562218606354582,9.668220214862137,0.4561273429533606,0.697889673325307,33890.16174059346,3.739503304306511,6.935145145493475,2.9959262990173667,-1.0,0.625,4.180643130548737,1.4566697702291564,0.0,0.0,0.0
"[1.86237, -0.399891, 0.000160673]","[0.0, 3884017.0, 4830275.0]","[0.0,0.5,1.0]",10199,8.993578078961194,7.897633731900782,0.1698049444269862,0.1435155469125883,39219.85128026158,4.229820439374276,7.968128537933227,1.179919194909411,-1.0,0.791,1.6102201235159104,0.7461447391705304,0.014956284495348192,0.0,0.0
[3.68713],[0.0],[0.0],285463,9.042587716742077,7.366351998014329,0.1952104992684401,0.3167321798130408,77370.44125123523,7.576605676406607,3.6897711160766256,0.4340742170290564,-1.0,0.823,0.833505011928267,0.0,0.0,0.0,0.0
"[-1.11522, 1.49152, 0.142314]","[1391405.0, 0.0, 1407043.0]","[0.5,0.0,1.0]",100563,9.775497228049051,9.015188181357235,0.4897622020049755,0.4684374347122695,9284.610504316905,1.2890744058892378,26.372070495563747,3.829928972835896,-1.0,0.871,6.350126184726185,0.0,0.0,0.0,0.0
"[2.78843, -0.735755, 0.0772078]","[0.0, 4893194.0, 4930490.0]","[0.0,0.5,1.0]",96239,9.887858516327723,8.65828731245829,0.1875874627826531,0.3797942109368034,51668.212168064405,5.347915042591766,4.93789670376522,0.7444391652047023,0.914,0.914,1.2431086450684816,0.6712194770831432,0.0,0.0,0.0
"[2.38456, -0.814359, 0.00281714]","[0.0, 24700540.0, 26429720.0]","[0.0,0.5,1.0]",389182,33.37877441600054,7.979053785200169,0.3271473911265482,0.4253488710140784,99191.42884951003,9.414551733406642,0.9086710322935352,0.6613899684268286,-1.0,1.622,1.0213197512565577,0.5968504885689905,0.035104421342790265,0.0,0.0
"[-1.79592, 6.04694, 8.98402e-06]","[5706125.0, 0.0, 18157000.0]","[0.5,0.0,1.0]",393563,8.632724783132055,5.997562367439664,0.1448985149751601,0.0185591694243035,81384.76667253615,7.91777997652648,4.281315338205233,0.4789882336071173,-1.0,1.63,1.1778572914549637,0.6419014231105493,0.0014356884287178087,0.0,0.0
"[1.81185, -0.29026, 0.00912837]","[0.0, 9425687.0, 9623975.0]","[0.0,0.5,1.0]",175533,11.08161518722005,8.886467489593342,0.0769629949409788,0.3961944803119261,29344.13375138532,3.3140265574931806,8.375654101374774,2.3169094607007823,0.435,0.435,3.1186754610450054,1.267729293819581,0.0,0.0,0.0
"[-1.82471, 1.42219, 5.36137e-05]","[2987986.0, 0.0, 4221659.0]","[0.5,0.0,1.0]",260668,9.836466107599076,9.525941460512913,0.4632258056801552,0.2015385440358667,132004.98225903968,12.118350880387462,1.3650573452246582,0.1887381715438434,-1.0,0.46,0.22508085369052122,0.25495097046801246,0.001381966874875002,0.0,0.0
"[-0.370917, 1.58324, 0.00147389]","[737859.3, 0.0, 794316.8]","[0.5,0.0,1.0]",250356,10.52609360167261,9.96858803758262,0.1475973185383066,0.223000264816336,60879.04380677152,6.156766159445639,3.410580676859176,0.7408382615835419,-1.0,0.78,0.932173560574378,0.45208794640283656,0.0,0.0,0.0
"[4.69115, -0.42128, 0.00102187]","[0.0, 5248472.0, 6121786.0]","[0.0,0.5,1.0]",342959,31.53567604402893,25.184968083394327,0.2217664103275338,0.3214440213065173,88398.37501888619,8.510359054512586,0.3938693337159529,2.483159903444209,-1.0,1.131,5.378291621235744,1.611721902477737,0.07937843122412329,0.0,0.0
"[1.80561, -0.396982, 0.000567133]","[0.0, 10387730.0, 11277430.0]","[0.0,0.5,1.0]",129996,10.266456273746511,9.146483844424862,0.2252444607994908,0.1806151607698444,123085.58209561814,11.389155891269237,1.4996722854387023,0.489078845400903,-1.0,1.146,0.6571898599872791,0.30815149989949714,0.011647194756642274,0.0,0.0
[4.38899],[0.0],[0.0],385901,10.05863895931019,6.5924699397059925,0.0514423668609614,0.2250458473584804,72999.13846246003,7.203272329472948,4.011363175612859,1.1929454797684902,1.193,1.193,2.4992108151567454,0.0,0.0,0.0,0.0
"[2.87418, -0.339754, 0.000152132]","[0.0, 2836474.0, 3596974.0]","[0.0,0.5,1.0]",112652,9.5089505436794,6.235126767894333,0.5086047745059065,0.9202100153495804,110786.54933039946,10.376967791885376,2.553056958954026,0.3799250281424041,-1.0,1.326,0.6441023531774639,0.2214522991490899,0.004686063741023395,0.0,0.0
"[2.32374, -0.616458, 0.0288976]","[0.0, 2164361.0, 2236370.0]","[0.0,0.5,1.0]",56761,8.131611521176634,7.218664803644153,0.2164995959530201,0.1662336109220638,31210.2845880096,3.4895903765020937,12.044004067146815,1.257190628066437,1.386,1.386,1.9164385652666163,1.0099518668837437,0.0,0.0,0.0
"[4.69508, -4.44656, 2.22099, -0.356727, 0.00040443]","[1159030.0, 1257325.0, 0.0, 5689720.0, 6197704.0]","[0.0,0.5,0.0,0.5,1.0]",265627,10.107528086377714,7.769645586841909,0.6110481031130602,0.0738096147691819,120607.93468117093,11.185902853652754,1.7933599148984178,0.3353689979378977,1.533,1.533,0.4997999574309713,1.013993031903062,0.20030459123573552,0.0067444198035942135,0.0
"[4.043, -0.0277587]","[0.0, 248078200.0]","[0.0,0.5]",168122,7.801039910406873,7.479382511736012,0.6884965094496857,0.0292408101927405,155277.36549232787,14.004663544376443,1.6194217333016354,0.2991975573446743,-1.0,1.597,0.6016028905780644,0.04984913254270017,0.0,0.0,0.0
[4.6573],[0.0],[0.0],71762,8.839409160227929,7.721174171532472,0.0281004865944327,0.0303226357459938,38709.79701217017,4.183245447086658,8.361660348172215,1.961864098471003,-1.0,1.621,4.233855452592973,0.0,0.0,0.0,0.0
[3.60793],[0.0],[0.0],87095,9.788614020483768,7.749323489438344,0.282652123879307,0.2281408099611473,25607.15326926887,2.9581247635956305,12.01993823320507,1.431331104324924,-1.0,0.43,2.718749287628297,0.0,0.0,0.0,0.0
[3.761],[0.0],[0.0],44363,9.141951821055905,6.246886187367693,0.0604715770820752,0.1574634603095049,19211.07960599686,2.332099344471457,20.364779360096165,2.791867013484037,0.458,0.458,5.414350844220092,0.0,0.0,0.0,0.0
"[5.02209, -2.83421, 0.000782391]","[0.0, 2711489.0, 4854918.0]","[0.0,0.5,1.0]",213351,7.482544338011101,6.000484028647661,0.2763339789180948,0.2186661653365458,11526.738565264097,1.5362694288320975,39.0611277873142,3.4752394782703733,0.801,0.801,9.741265735103678,0.0,0.0,0.0,0.0
"[3.4747, -0.29956, 8.50005e-05]","[0.0, 2787692.0, 3533058.0]","[0.0,0.5,1.0]",399343,9.68911602008975,5.037696890033779,0.2926025153326314,0.1903896691601437,31114.98340947208,3.4806562112614734,14.3326848717496,1.286427757470444,-1.0,0.852,2.3979717335436224,0.7041884869631042,0.0,0.0,0.0
"[2.19549, -0.501117, 0.00193617]","[0.0, 12002570.0, 12535880.0]","[0.0,0.5,1.0]",323197,10.342800182998554,6.685410430160615,0.2462447706285063,0.6052817265753639,50414.34291321752,5.236722232125654,6.119834091792908,1.365676616032497,1.02,1.02,2.023548439142795,0.9667572580048494,0.060092409286433855,0.0,0.0
"[5.94206, 4.47467, -6.37994]","[5085.163, 0.0, 8193.662]","[0.0,0.0,0.5]",307822,9.693374534250712,6.996155715664389,0.3744403614888872,0.0892717298047243,33771.36204217623,3.7284760907825873,9.832299632712472,1.4289375144245116,1.184,1.184,5.856320453691033,0.0,0.0,0.0,0.0
"[-0.968295, 4.47494, 3.81992e-05]","[12410320.0, 0.0, 17227300.0]","[0.5,0.0,1.0]",83017,11.231427468571246,9.282668086985268,0.1359365016886174,0.0650271584110868,27761.79433757139,3.164076000612686,8.467504905975149,0.5614799045202851,-1.0,1.216,1.187757621171085,0.5525073528242707,0.0034702547009886173,0.0,0.0
"[-1.77366, 1.94728, 0.000148624]","[6427577.0, 0.0, 8484974.0]","[0.5,0.0,1.0]",211876,9.377278291870704,7.926745198190885,0.3123980431767964,0.2742282956725927,86461.16193622419,8.347106281086528,2.9160315438848983,0.7203920289958533,-1.0,1.575,1.0052708755317084,0.9594096550703786,0.00878240319745728,0.0,0.0
[3.0956],[0.0],[0.0],331895,9.146542498010485,8.086374110024408,0.1526574804264463,0.1444413714373487,63596.56795317751,6.393010662274191,4.326301461831747,0.6638066499460044,-1.0,1.654,1.1679224801361647,0.0,0.0,0.0,0.0
"[2.04467, -0.520305, 0.000189484]","[0.0, 22728450.0, 24271450.0]","[0.0,0.5,1.0]",275957,10.29523543193669,9.991633944943423,0.033416989855317,0.1363792033119472,223653.13060479017,19.44603526445459,0.6027823971069715,0.1400976912009726,0.561,0.561,0.2003284315030264,0.10105550527931544,0.0019284893740492805,0.0,0.0
"[1.97474, -0.486121, 0.00120613]","[0.0, 5785020.0, 6939073.0]","[0.0,0.5,1.0]",124991,10.238548749939945,8.143753562967408,0.0980131712627689,0.218481892237118,19438.953907520645,2.3548527141543336,14.632707857667333,2.467367840727318,-1.0,0.84,3.467279577178398,1.7224403658717469,0.0,0.0,0.0
"[2.69051, -0.472944, 2.70649e-05]","[0.0, 55141570.0, 61085750.0]","[0.0,0.5,1.0]",279056,10.85953486704645,7.079121772211266,0.0009248682556101,0.6245482052591339,65413.22612660834,6.550394766116019,4.072866020435205,0.3574111976087944,-1.0,1.418,0.5862535155063726,0.24579498339170056,0.0018593937555426915,0.0,0.0
"[14.078, -1.23599, 2.99114e-05]","[0.0, 10429840.0, 15536910.0]","[0.0,0.5,1.0]",396783,9.44539988923438,9.324007078039704,0.2312894068930805,0.122692293200652,39373.42053537796,4.243830288090748,6.62658414557986,1.106860503329952,1.791,1.791,4.153013769204788,1.2305531290661158,0.006053565709195989,0.0,0.0
"[2.33097, -0.25673, 0.015983]","[0.0, 5417436.0, 5502875.0]","[0.0,0.5,1.0]",279773,28.067270275288863,21.489428185943364,0.5762891763620968,0.1501655244802416,76117.55660729748,7.469802806357746,0.6014466501264081,1.2623723330491683,-1.0,0.188,1.9273287940250028,0.6396255127086311,0.15959402115851581,0.0,0.0
"[2.74171, -0.286529, 0.000147035]","[0.0, 26584660.0, 29480230.0]","[0.0,0.5,1.0]",180267,9.468939986200017,4.430329528251637,0.3222477581043066,0.2863967379924121,69318.43571481749,6.887330200896828,6.37411776734215,1.0304801024710126,-1.0,0.641,1.7062802678798312,0.5515995490418385,0.012495394537068043,0.0,0.0
"[1.56052, -0.197511, 0.00140299]","[0.0, 8023889.0, 8311336.0]","[0.0,0.5,1.0]",157895,9.356645911019251,7.821936287761152,0.0186785300525716,0.0540840032937975,20240.600880622576,2.434597906906519,15.672742285270925,1.7675977372465692,0.653,0.653,2.208096790368917,0.7883446077621636,0.0,0.0,0.0
[3.01735],[0.0],[0.0],107778,10.415500948258275,5.833695958744941,0.4230307067773323,0.215805396349845,53350.68585993321,5.4966807978075085,6.405371483193221,0.1933977282820849,-1.0,0.893,0.3359419301525927,0.0,0.0,0.0,0.0
"[1.87967, -1.07962, 0.000224646]","[0.0, 12139980.0, 15084570.0]","[0.0,0.5,1.0]",41449,10.038613042511122,8.878398581406145,0.7223680432161104,0.9484101254558908,47234.98337171814,4.95346041018583,5.313372110135775,1.9544296215095396,-1.0,0.919,2.6795436814908955,2.0307454874782738,0.029293372974806928,0.0,0.0
"[2.86417, -0.594373, 0.0143945]","[0.0, 112471.6, 123119.9]","[0.0,0.5,1.0]",264350,9.791200168014932,8.671274449156885,0.6588595358407381,0.2696337979705301,68004.43076958426,6.7741648576389,3.546487139516277,0.827050581664004,-1.0,0.981,1.5412764948156175,0.0,0.0,0.0,0.0
"[1.64288, -0.909335, 0.0264019]","[0.0, 2289671.0, 2369180.0]","[0.0,0.5,1.0]",33453,33.72807471992745,23.75520545248393,0.3173478236376403,0.95862550715548,44273.39591808205,4.6877722399406645,0.923783143424626,2.30552404906869,-1.0,1.002,2.9551026955849617,2.230213984185498,0.0,0.0,0.0
"[-2.47501, -2.12529, 2.69611, 3.19084, 2.09535e-05]","[542721.8, 568501.3, 0.0, 221201.9, 2962754.0]","[0.5,0.5,0.0,0.0,1.0]",131600,9.956608483578862,9.37708478785038,0.2724321027482161,0.5635490349627474,103002.52719680736,9.731833719279868,1.9135771078656183,0.5761158263770875,-1.0,1.391,0.945972713582798,1.0291112353710898,1.2356710815113912,0.0026371698019342707,0.0
"[2.14832, -0.233533, 0.0186863]","[0.0, 3029522.0, 3078007.0]","[0.0,0.5,1.0]",92665,9.150960981422926,8.773277442204222,0.1660426668437281,0.0461352015531709,22935.614695718185,2.6995808836516337,12.80287924289476,2.8426819458059915,-1.0,0.14,4.166561120935436,1.4276357977076324,0.0,0.0,0.0
"[1.72346, -0.641882, 0.0239356]","[0.0, 2297756.0, 2355901.0]","[0.0,0.5,1.0]",265756,10.167136247184326,6.159751088645564,0.1888720015691583,0.295825563778214,53357.46347768947,5.4972791574025255,6.223437098303381,0.812269810389126,-1.0,0.707,1.066352806412089,0.662793052771135,0.0,0.0,0.0
"[4.28914, -0.427888, 1.49322e-05]","[0.0, 6318823.0, 8312764.0]","[0.0,0.5,1.0]",106525,9.916002083689698,8.021331379597775,0.0297471405048096,0.2658393397440211,91677.7097562269,8.786021226464765,2.5548740426934016,0.355099597346082,0.829,0.829,0.735419753466671,0.232281827024926,0.0013721831402697844,0.0,0.0
"[1.55608, -0.371652, 0.000757409]","[0.0, 4771420.0, 5482009.0]","[0.0,0.5,1.0]",31164,8.984963900443812,6.2995398152478845,0.4330656704044006,0.480548893434027,31904.05902387071,3.554528181691948,12.177640610342888,0.7330048654127256,-1.0,0.899,0.9143717877324071,0.44731882952069774,0.0,0.0,0.0
"[2.9939, -0.46886, 3.00984e-05]","[0.0, 15890600.0, 19596180.0]","[0.0,0.5,1.0]",10898,8.94136984382355,6.7333462577206165,0.4566827307024068,0.5543274781549418,37390.48456631283,4.062447268720327,9.67997471734608,1.1961425894434492,-1.0,0.941,2.0696723568155244,0.8190389314460856,0.006562278516376122,0.0,0.0
"[3.71264, -9.84396, 9.23407, 0.000972363, -0.133288]","[0.0, 5498012.0, 5015193.0, 64591280.0, 63800410.0]","[0.0,0.5,0.0,1.0,0.5]",102657,10.439654792322392,10.05197916851329,0.1742671066338636,0.2794059798609761,73732.46321253333,7.2660411920288706,2.6820614668178813,1.364052378610208,1.006,1.006,2.6282850633979447,4.1450295257916405,4.279726021987578,0.49799682386792044,0.04253488467769994
"[2.0745, -0.346703]","[0.0, 33447030.0]","[0.0,0.5]",281823,9.622532165775352,8.988344408519637,0.1531718117120963,0.6443875724440791,116987.42548886966,10.888318401527206,1.7197395386966674,0.3536993891785933,-1.0,1.693,0.5094376394855071,0.20826347453536997,0.0,0.0,0.0
"[1.58095, -0.271033, 7.99914e-07]","[0.0, 4850530.0, 7409555.0]","[0.0,0.5,1.0]",190684,9.914393256117194,9.158566610875557,0.6100906961707311,0.1856550833506851,38338.927988943,4.149336379618539,6.66045349733168,2.5251632152680723,-1.0,1.876,3.1750350334310453,1.314620923802772,0.002258453239798803,0.0,0.0
"[2.86581, -0.33917]","[0.0, 16245140.0]","[0.0,0.5]",404185,10.734036507602596,10.083445706060145,0.8788817075001967,0.23234804925087,95098.7489703371,9.07270774567542,1.880343398840452,0.7977894524554147,-1.0,1.929,1.350554104442012,0.4646190429847068,0.0,0.0,0.0
"[1.657, -0.333664, 0.00181963]","[0.0, 12943220.0, 13601690.0]","[0.0,0.5,1.0]",393635,10.375616694671082,10.233525292394647,0.7089120853781281,0.2530182410277088,73367.78040420078,7.234833377642434,2.672593741682127,0.3757212030781187,-1.0,2.137,0.48364528529405826,0.21703030474531418,0.016027184945241933,0.0,0.0
"[3.81582, -1.35651, 7.06319e-05]","[0.0, 217176.1, 420079.0]","[0.0,0.5,1.0]",372548,10.791928885373894,7.220591638139476,0.2837462208516567,0.5961842726724625,63060.81938881545,6.346514558912764,4.211410621135214,1.329985654206209,-1.0,2.31,3.024774719049233,0.0,0.0,0.0,0.0
"[2.39891, -0.450715, 0.00695192]","[0.0, 60807290.0, 61395720.0]","[0.0,0.5,1.0]",296834,10.07581172706861,8.433406808767947,0.1500104918275244,0.174106214049134,27099.87515803196,3.1010318210597823,10.29756539325738,3.202187270883325,-1.0,0.45,4.959680544059351,2.1663144084205785,0.0,0.0,0.0
"[3.45057, -7.05059, 1.58356e-05]","[0.0, 1216517.0, 4043502.0]","[0.0,0.5,1.0]",374825,9.531005244358305,8.72156443196222,0.0592104389015167,0.3106282139246507,58001.22614268192,5.905458612756666,4.396403536262776,0.951189418109994,0.615,0.615,1.7669018734568938,2.5256882306610224,0.0037851602590604815,0.0,0.0
[3.57694],[0.0],[0.0],96031,9.36070531568971,8.529829383656166,0.4134137516497247,0.2089811119818885,43646.43449405312,4.631283747179719,6.387388924561749,1.624057797906783,-1.0,0.829,3.0715480155379415,0.0,0.0,0.0,0.0
"[3.38079, -0.273961, 0.0149124]","[0.0, 27341360.0, 27475520.0]","[0.0,0.5,1.0]",173569,9.46392635645562,6.937516266100413,0.2307205552968945,0.5962600517956097,42237.609261932426,4.504024843191145,7.839015636497632,1.3801747899192287,0.848,0.848,2.5377169937955455,0.7418017728088141,0.0,0.0,0.0
"[3.01313, -1.85539, 4.76364e-05]","[0.0, 2232011.0, 4430400.0]","[0.0,0.5,1.0]",338872,10.02100836470206,7.289681057481144,0.3659526435134575,0.5681426472950725,55795.23804518491,5.711982920222159,5.153595029854752,1.2519431909152312,-1.0,1.269,2.173169280028039,1.7053056392964707,0.00864080270715055,0.0,0.0
"[-0.335825, 2.27931, 6.67012e-06]","[2251043.0, 0.0, 3425057.0]","[0.5,0.0,1.0]",127861,32.10578731190205,9.645239006237118,0.1689626431079733,0.5706531063423327,70760.99731304546,7.011336902025774,1.2139326654644451,0.8219755262807532,-1.0,2.848,1.240968005967883,0.4763381862199412,0.0021228812955905126,0.0,0.0
"[1.8907, -2.26998, 0.000957186]","[0.0, 2562509.0, 3592096.0]","[0.0,0.5,1.0]",398327,10.02420736144275,6.1405349331004295,0.7591105319950638,0.2609537649325358,78430.15581031486,7.666820264970146,3.904306346332932,0.3945462399717468,-1.0,0.443,0.5425118402064389,0.5944412302284008,0.012206638352272932,0.0,0.0
"[2.19457, -0.555038, 2.35382e-05]","[0.0, 8363330.0, 10736130.0]","[0.0,0.5,1.0]",236310,32.28515079029916,20.03215810964975,0.3306888813460799,0.5506463270193431,59006.718097075005,5.993400686184555,0.7859243492443823,1.583251444504434,-1.0,0.711,2.3454415362708354,1.1795361396781245,0.0076813316606277075,0.0,0.0
"[1.51463, -0.173309, 0.00144798]","[0.0, 4455307.0, 4700423.0]","[0.0,0.5,1.0]",196190,9.577013656607098,6.909836170866344,0.1642155677589222,0.2018772216545985,32245.45743408532,3.586420489525185,10.558489165759816,0.995495259511455,-1.0,0.718,1.2251590532416525,0.4161562886725967,0.0,0.0,0.0
"[2.59578, -0.854814, 3.13111e-05]","[0.0, 1876942.0, 3648577.0]","[0.0,0.5,1.0]",75854,10.758515684573489,5.251729961563919,0.8045625111002868,0.1298265868876601,13868.334225186223,1.785759762245446,28.111369849464342,3.3287687238854646,-1.0,0.787,6.183473787809257,0.0,0.0,0.0,0.0
"[-0.369329, 1.86812, 7.10186e-05]","[5124735.0, 0.0, 7051301.0]","[0.5,0.0,1.0]",339035,10.319589027680584,9.649222533862329,0.3193316787460504,0.2431305225933092,64584.69853383701,6.478668888584044,3.311049670342587,1.0842744578849015,-1.0,0.903,1.4819775075797696,0.6589400922085986,0.009137455620247563,0.0,0.0
"[2.87747, -5.75507, 0.0007425]","[0.0, 1340718.0, 1997978.0]","[0.0,0.5,1.0]",154478,6.668176170669782,6.021813848886794,0.1150940020505539,0.1923343885551356,35174.89076866577,3.8584666672171153,14.486523652051362,1.1880679649903514,-1.0,1.107,2.0153324045150254,2.8503264619892508,0.0,0.0,0.0
"[7.45973, -6.11539, -1.11235, 3.18252, 6.57724e-06]","[6387279.0, 6592447.0, 11339420.0, 0.0, 18653960.0]","[0.0,0.5,0.5,0.0,1.0]",143889,8.83286449451228,6.188583910431439,0.0609845256789047,0.258020758303254,76906.93694673954,7.537112365284654,4.399496187712222,0.6540717971810222,-1.0,1.143,1.1668391549168176,2.409890235071452,0.6898364733147548,0.0016774410544162478,0.0
"[-1.31844, 3.02568, 4.23696e-06]","[23764660.0, 0.0, 34410590.0]","[0.5,0.0,1.0]",309261,10.27098430824173,6.596399543577984,0.3115487434421091,0.2582773584471177,153655.6240830773,13.873901613603822,1.4625102105927936,0.5779107915680357,-1.0,1.706,1.0052458794285595,0.6635764879776488,0.0011895644757983538,0.0,0.0
"[2.03216, -0.265583, 0.0213723]","[0.0, 3316030.0, 3334550.0]","[0.0,0.5,1.0]",330826,36.92769039694458,27.311144617986866,0.0476761475020761,0.2793725248191198,72429.00318748779,7.154431487582615,0.417793052645562,3.070776772654129,-1.0,2.14,4.377510498187449,1.6449601150654245,0.0,0.0,0.0
"[2.61203, -0.300602, 3.31629e-06]","[0.0, 2157950.0, 2857576.0]","[0.0,0.5,1.0]",384855,10.99357949190976,8.931197489572677,0.1735054438129081,0.0468748392495386,72022.28295262906,7.119568234327723,2.925752869317779,0.7775771558900341,-1.0,2.95,1.256702773263684,0.42632365052984594,0.0014160211620721566,0.0,0.0
[4.05198],[0.0],[0.0],270579,10.117117506029713,9.745589872879098,0.3039856132384534,0.0184128939594615,34440.694922784875,3.790545792804423,7.012664900851883,1.616790075558176,0.195,0.195,3.2545225212323694,0.0,0.0,0.0,0.0
"[1.71089, -0.58564, 0.0128814]","[0.0, 5166517.0, 5334701.0]","[0.0,0.5,1.0]",277651,9.35083318433467,5.702089624640164,0.3625136539172094,0.0350017663734256,55490.86411445865,5.68522815795739,6.784310717325664,0.4609676937277014,-1.0,0.31,0.6029503248616219,0.3566238063932137,0.0,0.0,0.0
"[1.91364, -1.70969, 0.000769491]","[0.0, 47342580.0, 49274610.0]","[0.0,0.5,1.0]",370694,22.75212680444832,22.216477311756364,0.691792572989058,0.0729448019122532,71134.0865193709,7.04337028808679,0.7572733809727139,2.0504266810871172,0.648,0.648,2.8364449855008362,2.6810377571102433,0.05687822262819311,0.0,0.0
"[1.84061, -0.409456, 0.00195434]","[0.0, 7378799.0, 7906183.0]","[0.0,0.5,1.0]",376138,8.823013449293066,8.350434393157567,0.0731670820622012,0.1085733651262671,22587.10246843208,2.665564638454305,13.966959549194785,2.223724477848246,-1.0,0.732,3.0169066008180363,1.4263252744201977,0.0,0.0,0.0
"[2.33025, -0.271311, 0.000139167]","[0.0, 18934640.0, 21552580.0]","[0.0,0.5,1.0]",58699,9.713991082986102,6.123329655760101,0.5428743510450622,0.394913053494761,34410.306132136066,3.787730507954156,10.789531606371272,1.4347502616057557,-1.0,0.743,2.1901687142278634,0.7473258653068137,0.01692561450642229,0.0,0.0
"[2.03977, -0.251059, 0.000361586]","[0.0, 9515638.0, 10195840.0]","[0.0,0.5,1.0]",127716,10.607725777565305,9.12465389617445,0.290094444530329,0.0663032875612728,35670.41671817017,3.904213991891357,6.854602997488614,1.2805558082377992,0.744,0.744,1.8288964223849984,0.6416325796344859,0.024350299867650277,0.0,0.0
"[3.80034, -0.0857149, 0.00173792]","[0.0, 12796450.0, 13054090.0]","[0.0,0.5,1.0]",28578,8.528147043208865,5.432792286501575,0.2916146866743044,0.6522906990178051,61676.78080269857,6.226220367651461,6.68783095027365,1.1078629317626731,-1.0,0.866,2.1597190441522898,0.3276219120493998,0.0,0.0,0.0
"[1.78475, -0.55675, 3.09471e-05]","[0.0, 5972538.0, 8706269.0]","[0.0,0.5,1.0]",88878,10.60889482343077,6.83883262515205,0.0477248827396144,0.53360885228206,49909.08972295612,5.191835482011809,5.95121097556969,1.2791067738841184,-1.0,0.974,1.7088167571666466,0.9544142428139655,0.007115686043589224,0.0,0.0
"[-0.837131, 2.16681, 0.000534003]","[9884929.0, 0.0, 11317580.0]","[0.5,0.0,1.0]",148638,9.47441824150778,5.1338773893713325,0.2447498600053151,0.4254406222482877,35327.68198817782,3.8725803462579176,12.473269708518393,1.0650838612003848,1.086,1.086,1.5678128499700235,0.9744970222369798,0.024612495655111817,0.0,0.0
"[4.47234, -0.247546, 0.0030456]","[0.0, 31046190.0, 31652220.0]","[0.0,0.5,1.0]",15279,9.628557582144673,8.13923434432327,0.0885938085790156,0.5741649508619886,61491.08442392819,6.210060890669632,4.300757985807,0.7565712480504285,-1.0,1.276,1.599989892067518,0.37642441952290984,0.04175286340556443,0.0,0.0
"[-0.853296, 2.3055, 0.00145276]","[1691620.0, 0.0, 2113709.0]","[0.5,0.0,1.0]",240297,9.536613732738845,7.985910512680514,0.1629229660665216,0.738174725036735,73454.50147428479,7.242255760845158,3.524630839837989,0.2482972128706904,-1.0,1.825,0.37701133523684427,0.22936212284280985,0.00946387033614679,0.0,0.0
[3.32065],[0.0],[0.0],229212,9.445459613930414,8.508327822187812,0.2805500309787417,0.1794533598598463,86776.97328955986,8.373741621621932,2.7175232947755683,0.6330135657859108,2.779,2.779,1.1535185123137226,0.0,0.0,0.0,0.0
[3.03081],[0.0],[0.0],76764,9.08706913227162,7.284885747419479,0.0259138083231078,0.7136294404203154,136242.78017402615,12.463511913944924,1.7497118288246056,0.3221428084127366,0.436,0.436,0.5608255568869847,0.0,0.0,0.0,0.0
"[2.47847, -0.427264, 0.000611822]","[0.0, 4340403.0, 5055286.0]","[0.0,0.5,1.0]",240395,9.866367945244177,6.938939209583644,0.351338494578548,0.0088835494196093,39544.611248366346,4.259439823373641,8.175408595688705,1.5013820434289955,-1.0,0.558,2.3636493592576793,0.9813848930485917,0.03713673871426258,0.0,0.0
"[1.76782, -0.379926, 0.00015943]","[0.0, 5222311.0, 6912902.0]","[0.0,0.5,1.0]",300301,8.694311944096354,4.543961461539821,0.3332330181472867,0.3210825297561103,114391.14688580074,10.67448234167377,3.464081173417483,0.2332204594695859,-1.0,0.762,0.31008850562314183,0.14375274759063522,0.002944771963715543,0.0,0.0
"[-3.58411, 4.32693, 9.73689e-05]","[4201282.0, 0.0, 8993903.0]","[0.5,0.0,1.0]",227346,29.67666011501001,5.762804497826923,0.2282876407620757,0.0987604101698813,11412.689993590731,1.5239136121918089,14.268101444467453,3.5534826514402713,-1.0,0.824,7.391696628488454,6.727363035226558,0.03506423201777846,0.0,0.0
"[2.45399, -0.349375, 0.00211713]","[0.0, 14358950.0, 15219400.0]","[0.0,0.5,1.0]",227344,10.78661905728412,10.008608536264523,0.3944444123720355,0.2183814917363158,20903.01926138669,2.500158223855605,10.972179653486492,2.691976773802533,-1.0,0.998,4.217039828790971,1.5959861244173772,0.0,0.0,0.0
[3.44103],[0.0],[0.0],141174,10.35860491863337,10.174619649440809,0.1594883750519085,0.0330662766042524,16381.343783649074,2.046089772098275,14.108211422597098,4.485867588625714,-1.0,1.02,8.321290422542154,0.0,0.0,0.0,0.0
"[-0.490162, 1.71185, 0.000331218]","[3421227.0, 0.0, 3938615.0]","[0.5,0.0,1.0]",310939,36.22427252170411,24.81352127768624,0.0524646987625671,0.0770036963073832,34116.88729101642,3.7605358335426113,1.1301306759908951,6.41036479112431,-1.0,1.09,8.387172937798333,4.487997063270496,0.11666476473782643,0.0,0.0
"[-2.76052, 6.89553, 0.000869842]","[598029.8, 0.0, 1192202.0]","[0.5,0.0,1.0]",228953,38.65614714365465,14.279126572062502,0.2070450391448105,0.1723424585066849,126307.1791861186,11.652976210765036,0.3441257859477123,1.3321668631900414,-1.0,1.337,3.4981824189296256,2.213370287471104,0.039289709111558324,0.0,0.0
"[1.73913, -1.27617, 0.00201757]","[0.0, 4069767.0, 5100716.0]","[0.0,0.5,1.0]",99344,9.807090045291943,8.553838113742149,0.4104906832394861,0.0879244752087782,20972.8863973841,2.5070565691157385,13.502139553661332,1.9500224818484264,-1.0,1.432,2.571613172975579,2.204636093790981,0.0,0.0,0.0
"[-0.629643, 2.81678, 4.75594e-05]","[6346200.0, 0.0, 8339068.0]","[0.5,0.0,1.0]",195083,10.59176847179562,7.207235463510213,0.381511742686297,0.1064572462530832,49224.98533657923,5.130984173610492,5.788347222227345,1.1756230988235483,1.557,1.557,1.9730794565946224,0.9328574845037959,0.008107487617911135,0.0,0.0
"[-0.461898, -0.143449, 0.000443397]","[2494657.0, 2971769.0, 3041259.0]","[0.5,0.5,1.0]",263660,9.68698999321155,9.272900289363644,0.0287850388596356,0.3110524994306293,34900.24234907776,3.8330785241485583,7.468119700200449,1.7594149128906735,1.867,1.867,1.3693972804813381,0.0,0.0,0.0,0.0
"[1.62845, 5.43319e-05, -0.189129]","[0.0, 2441543.0, 2060191.0]","[0.0,1.0,0.5]",110379,9.634154724936096,5.19390661020327,0.0614056781214985,0.6302903285060835,38169.93026626661,4.133872122543077,11.169202119555228,1.0130183956684875,-1.0,2.092,1.2927202328117444,0.4406144815688939,0.0,0.0,0.0
"[1.88896, -0.50535, 2.35558e-05]","[0.0, 2825084.0, 3758167.0]","[0.0,0.5,1.0]",370664,8.28629859308206,6.4145687714552535,0.1950144149057199,0.3777167092766905,74711.93270447728,7.349789996089374,4.661265896356971,0.5149452703663632,-1.0,2.822,0.7077379021266605,0.3660641581946016,0.0024992517378696205,0.0,0.0
"[1.79778, 0.000873808, -0.18662]","[0.0, 23537810.0, 23027030.0]","[0.0,1.0,0.5]",145295,9.179231799242876,8.128459706976937,0.2333427625009941,0.0424428885781988,18580.750812270795,2.268957871844502,16.7350278012499,3.168296405019302,0.668,0.668,4.24809359729991,1.3718899335251546,0.0,0.0,0.0
"[3.09289, -2.90142, 0.000108557]","[0.0, 24978450.0, 29708010.0]","[0.0,0.5,1.0]",233624,11.400713183378024,10.808513743673648,0.50616765408647,0.1276852003300558,65611.45238997013,6.567542609850539,2.718098640291564,1.1672753129379512,0.829,0.829,2.052842062635865,1.9882848382250298,0.01216192209321761,0.0,0.0
"[4.60091, -0.413595, 0.00171416]","[0.0, 3415195.0, 4063726.0]","[0.0,0.5,1.0]",112107,10.393790408502436,7.52345160718701,0.2589775023870472,0.0599528262252454,73636.96838588039,7.257870705523004,3.447434514279576,0.4662157141506641,-1.0,0.978,1.0000202091510417,0.2998296291492732,0.019302456657901264,0.0,0.0
[3.22636],[0.0],[0.0],327879,11.176857379377374,7.763276396810274,0.4424420591840652,0.2387079680037955,103564.03839248832,9.778498980119016,2.030217832021933,0.3318188519814024,1.17,1.17,0.596015382822286,0.0,0.0,0.0,0.0
"[3.26557, -0.00507945, 7.83068e-06]","[0.0, 92133420.0, 93905910.0]","[0.0,0.5,1.0]",211727,35.77490628273446,16.733719223251356,0.2520933332176057,0.5207897578419044,115284.28230783546,10.748085382647634,0.3580999557923837,0.8635796604840444,-1.0,1.182,1.560565148835118,0.06154754717291604,0.0024165853786692506,0.0,0.0
"[3.26804, -0.0196848, 7.98542e-06]","[0.0, 34645660.0, 36468800.0]","[0.0,0.5,1.0]",368336,9.170234297405596,8.58906930097749,0.2322284379731181,0.188511103447496,111585.7727551232,10.442998498531535,1.9813410019436264,0.4212575725454375,-1.0,1.311,0.761537690576588,0.05910350332327635,0.0011904100985015258,0.0,0.0
"[1.72705, -0.183686, 1.01098e-05]","[0.0, 4792455.0, 5824425.0]","[0.0,0.5,1.0]",274574,9.87058857235916,9.824262199796678,0.2960402367533095,0.3889659525043527,64418.36899702951,6.464259005462807,3.395264340590628,1.569836560174068,-1.0,1.396,2.0630364192749084,0.6728100463414816,0.00499143846301333,0.0,0.0
"[3.21432, -0.348311, 0.00377576]","[0.0, 68748.84, 73188.33]","[0.0,0.5,1.0]",325154,10.521141189115362,6.960159514735627,0.2066832630719233,0.3949338788598653,137558.6966808082,12.570530055274697,1.5954800478084683,0.6321666253676391,-1.0,2.325,1.1938424056694625,0.0,0.0,0.0,0.0
"[1.60231, -0.268567, 0.00434409]","[0.0, 3771238.0, 3852163.0]","[0.0,0.5,1.0]",200378,10.447860274068956,8.974681563329284,0.5773229114925624,0.4165833601344326,107457.11390687228,10.101485458735862,1.803560232312762,0.7353703499765202,-1.0,2.973,0.9308493219977101,0.38416403758378803,0.0,0.0,0.0
"[2.51885, -0.464004, 0.000538668]","[0.0, 3360510.0, 3947440.0]","[0.0,0.5,1.0]",94866,9.755833169168824,4.993174999230637,0.619701841450384,0.3652711669037273,66387.42980960403,6.634621424177703,5.911224660476343,0.7349682585320546,-1.0,0.409,1.1664596925538784,0.5006444955858375,0.0170580416993431,0.0,0.0
"[1.59843, -0.349121, 0.000353703]","[0.0, 4491250.0, 5143611.0]","[0.0,0.5,1.0]",330816,9.498854129710498,7.938891920441469,0.0615995345134265,0.1720044253378465,21634.976121172145,2.572266277722405,14.317575830259008,2.5045175736795264,-1.0,0.547,3.1664373115532616,1.4805802628004803,0.0,0.0,0.0
"[2.21543, -0.249121, 7.38422e-05]","[0.0, 4561434.0, 4823718.0]","[0.0,0.5,1.0]",220417,13.67810163613776,11.253398240118,0.2925775809370515,0.2747558222015621,68988.71242997613,6.858952834464218,2.123451472086888,1.2839987194564817,0.672,0.672,1.9111448602302255,0.6408697310358829,0.011033591584701257,0.0,0.0
"[-0.964027, 5.58178, 4.14413e-06]","[5904157.0, 0.0, 11933870.0]","[0.5,0.0,1.0]",30092,9.685072520975256,8.492747846938164,0.2688774411978939,0.373651334466994,51852.01450666455,5.364190796049872,5.08355703405121,0.6801543440463228,-1.0,1.064,1.6069184374772845,0.6678087036353578,0.001384599471457313,0.0,0.0
"[-1.306, 4.69193, -8.551, 8.42342, 0.000172824]","[535177.1, 0.0, 60645.57, 54470.24, 1489583.0]","[0.5,0.0,0.5,0.0,1.0]",41712,9.179164361170836,8.02257932358333,0.5076187341491206,0.3079831370703335,79286.39011939375,7.739632503615661,3.2857049542089314,0.8789679531365304,-1.0,0.412,4.0913432641874845,1.0044877149120215,0.01155513616260198,0.0,0.0
"[1.71427, -0.549086, 0.000581665]","[0.0, 6390097.0, 7048299.0]","[0.0,0.5,1.0]",87395,10.720312482931114,8.56864373795985,0.0721917253722769,0.3215843391278562,26474.48774273027,3.0412860018894663,9.896787772032829,2.568513807613476,0.442,0.442,3.3629585711704832,1.9042852327019446,0.0,0.0,0.0
"[2.7887, -1.07248, 0.00524527]","[0.0, 357012.6, 446955.4]","[0.0,0.5,1.0]",335738,27.087502719948745,12.024581861816134,0.2347857767321747,0.3939934271192073,54533.74155752375,5.600999535619963,1.5594042840930902,0.9544034944356428,-1.0,0.776,1.5937966847730443,0.9908001275871875,0.0,0.0,0.0
[5.69301],[0.0],[0.0],227992,9.35608241544389,7.638808536586654,0.3948795950085152,0.2096548943866968,35942.84918009939,3.9293337828030026,8.757556396069067,1.318601926204767,0.89,0.89,3.1461880644106635,0.0,0.0,0.0,0.0
"[2.61375, -0.707653]","[0.0, 7463976.0]","[0.0,0.5]",67775,27.436905212379173,8.037730277269176,0.3655157655390784,0.1632234334399454,49938.47036040224,5.1944471533854495,2.4786204715830675,1.8276462098518815,-1.0,0.987,2.9547732120238552,1.5374546212345004,0.0,0.0,0.0
"[1.74892, -0.387302, 0.00981439]","[0.0, 1160438.0, 1190653.0]","[0.0,0.5,1.0]",339505,10.146030017919992,4.640752046296649,0.2861741620577701,0.5191293855729243,76562.26731150242,7.507730575235306,5.110076003473687,0.9138458890946864,-1.0,1.035,1.2085313886378644,0.5758798308965888,0.0,0.0,0.0
"[-0.667833, 4.23845, 0.000675289]","[2631616.0, 0.0, 3423969.0]","[0.5,0.0,1.0]",182601,10.369526522765955,7.242298741988792,0.1524540177537364,0.068368502786285,20966.519350156283,2.506428305675508,14.878803612897984,2.097523013156087,-1.0,1.06,4.318274707371522,1.7149842372171953,0.0,0.0,0.0
"[-1.36025, 1.88288, 0.00973718]","[1675214.0, 0.0, 1858062.0]","[0.5,0.0,1.0]",235988,8.33726011671164,6.018733676667925,0.6464973423312639,0.4987211796681254,47604.618674548365,4.986493634413246,8.529140285557919,1.0066739097010633,-1.0,1.067,1.3813385565049114,1.1782760891054815,0.0,0.0,0.0
"[1.59517, -0.290894, 0.000604474]","[0.0, 11725360.0, 12738670.0]","[0.0,0.5,1.0]",133539,8.003270497984046,5.810936354997863,0.0899380817296692,0.4952619288067948,87858.68739964078,8.464909672259296,4.234262430983806,0.6974818348056739,-1.0,1.97,0.8809198334805977,0.3761839680259701,0.017148325327015292,0.0,0.0
"[1.38518, -1.55052, 1.10839]","[0.0, 2019669.0, 2019717.0]","[0.0,0.5,1.0]",200229,10.231366575247772,8.821607648150062,0.438831534988608,0.2233172495265476,106269.51042322542,10.003057948642178,1.8895602018447728,0.8575063247686947,-1.0,0.435,1.0092306656299286,1.398263917303513,0.0,0.0,0.0
"[2.38453, -0.819654, 0.00599407]","[0.0, 16647520.0, 17204240.0]","[0.0,0.5,1.0]",73116,9.840249890692649,6.028033428733282,0.0738963922985007,0.0531383882092091,10665.156482835706,1.44238148333207,33.24164915236559,7.169800988184633,0.588,0.588,11.071551804943363,6.51485248027616,0.0,0.0,0.0
"[-4.84523, 4.13743, 7.20802, -4.8096]","[3961469.0, 0.0, 2903665.0, 4004512.0]","[0.5,0.0,0.0,0.5]",240231,10.47559433790563,10.004187064608711,0.5285585786769069,0.2403797974652778,69720.988112949,6.921958806993203,2.882286758764549,0.9060001677762262,0.869,0.869,1.842865363856614,2.432407140269516,2.8151438636506976,0.0,0.0
"[-1.24859, 1.49684, 0.000306374]","[5704585.0, 0.0, 7093348.0]","[0.5,0.0,1.0]",294558,9.809191897306988,8.692875547157021,0.6771416770375505,0.192591084817082,51486.40148357481,5.331809438517426,4.974779745200953,1.058609003959883,-1.0,0.959,1.2951595543962473,1.1828931305567574,0.01852940769020347,0.0,0.0
"[-6.035, 8.38112, 10.7961, -13.6214, 0.00129358]","[324073.1, 0.0, 66137.04, 112907.3, 1535468.0]","[0.5,0.0,0.0,0.5,1.0]",165709,10.816895818717942,9.467691529905345,0.4715094977288535,0.1056368336512422,29140.74094079356,3.294810057272851,8.156657633196534,2.5588696301908915,-1.0,1.104,15.946012427274209,0.0920332600482671,0.0,0.0,0.0
"[2.77453, -1.00886, 4.20791e-05]","[0.0, 1603052.0, 2566464.0]","[0.0,0.5,1.0]",82492,9.490386141230712,9.312672231203178,0.2979641947109699,0.4013806439051468,29177.871645785344,3.2983189695505013,9.203021142952302,3.2058806512981075,-1.0,1.155,5.340009908887563,3.220051383629745,0.020796036527949077,0.0,0.0
"[4.61049, -0.566704, 1.01326e-05]","[0.0, 6331046.0, 10946890.0]","[0.0,0.5,1.0]",302343,11.257097419706652,5.869233438636598,0.9164334194418992,0.0158418098252245,113945.5867303634,10.637747202974449,2.268866592309532,0.6747744251739773,-1.0,1.253,1.4488791277062016,0.5079684662705836,0.002147924754335293,0.0,0.0
[4.10785],[0.0],[0.0],240997,9.962411796566974,8.288618121828636,0.4416336258802963,0.0914336157962032,115543.61648243893,10.769448714742024,1.819837014418064,0.4452599862031869,1.314,1.314,0.9024454443124122,0.0,0.0,0.0,0.0
"[-2.16699, 2.06591]","[10086410.0, 0.0]","[0.5,0.0]",174385,10.513669665222883,10.057778677621718,0.3810564220652159,0.0752562697819866,69382.96703648311,6.892882668469896,2.878387983402632,0.7977976766527113,-1.0,1.61,1.1744140028641097,1.146696445103303,0.0,0.0,0.0
"[3.85595, -0.273963, 1.58038e-05]","[0.0, 24699230.0, 28759550.0]","[0.0,0.5,1.0]",171663,9.767822067042848,8.91904842261463,0.0769229788327862,0.0791048504496682,51006.104103046906,5.289234635940731,4.94056318600483,1.2752412307896364,-1.0,1.839,2.5041367547496254,0.6674800693729583,0.005069593161260592,0.0,0.0
"[3.22944, -0.076705, 2.00399e-05]","[0.0, 25053370.0, 27324720.0]","[0.0,0.5,1.0]",274762,8.770965220937127,8.58602097743347,0.5400533626225542,0.0698044885840088,30481.59385388049,3.4211943246039693,10.03374259773256,2.6072263894682632,2.026,2.026,4.685353395198227,0.7220887526134206,0.01167149580532364,0.0,0.0
[3.89654],[0.0],[0.0],111474,13.061799186670466,11.92046687357853,0.3038157883132674,0.1927425840056397,51523.395079583286,5.335087162449877,3.0086398795726144,1.8325922394471033,-1.0,0.3,3.617473951307069,0.0,0.0,0.0,0.0
"[2.83141, -0.451377, 0.00532595]","[0.0, 3236526.0, 3287021.0]","[0.0,0.5,1.0]",223952,9.93012334877245,9.355338491007448,0.3928895654619715,0.1108586002561483,38590.06062418913,4.172301802875143,6.485840923214981,2.232820244358974,0.604,0.604,3.7571206535119464,1.5089354772969383,0.0,0.0,0.0
[3.94136],[0.0],[0.0],257756,10.49339529044131,7.582740505472545,0.0424236076035479,0.4984465410456078,68077.52066769544,6.780464862400294,3.752556603495908,0.6226972674622951,-1.0,0.835,1.2362320886354337,0.0,0.0,0.0,0.0
"[1.67728, 0.000178763, -0.185446]","[0.0, 14360190.0, 13181430.0]","[0.0,1.0,0.5]",306866,10.68939297202907,9.360788442907609,0.2138424737144718,0.0175262425184003,29716.125261936504,3.3491302068273265,8.143544405238398,2.2145010795873756,-1.0,0.911,2.867996919807215,0.9536403785129759,0.029608384607656323,0.0,0.0
"[-0.513854, 2.03639, 0.00742276]","[1978436.0, 0.0, 2049260.0]","[0.5,0.0,1.0]",149956,9.522392463950377,7.525529148094908,0.828194176168445,0.3371459725162126,72529.5498189811,7.163047458414788,3.77193049924486,1.0907660994860064,-1.0,1.695,1.556546537293015,0.7875276548718462,0.0,0.0,0.0
"[-3.44022, 2.2884, 1.04274e-05]","[31627090.0, 0.0, 39302030.0]","[0.5,0.0,1.0]",348022,10.008867135264053,7.618843947304635,0.2283985083146369,0.5853909864675645,121517.42247720364,11.26054900564771,1.819637868669844,0.3999321429783999,-1.0,2.51,0.604995688687553,0.7417873424199641,0.0012914402774298636,0.0,0.0
[4.53083],[0.0],[0.0],331897,10.571692534838386,10.174253148995442,0.4488958413603049,0.2048794934510086,21211.568050688104,2.530596518512436,10.84661083213962,4.127026760151488,-1.0,0.561,8.784684502149123,0.0,0.0,0.0,0.0
"[1.4609, -0.147823, 0.00549504]","[0.0, 5089482.0, 5159290.0]","[0.0,0.5,1.0]",260024,8.912988145326317,6.7812083280743884,0.2713572929466405,0.1745978064402849,150307.0047173461,13.6035947437679,1.6501617466817695,0.3328448972218811,-1.0,0.591,0.4023019594020729,0.13032824064641002,0.0,0.0,0.0
"[-0.832522, 4.62258, 0.000629745]","[578295.3, 0.0, 785453.7]","[0.5,0.0,1.0]",36038,8.156322424704982,6.218328872607583,0.0574663808956095,0.437021924131953,86446.48384077012,8.345868095645452,4.018294950560059,0.6400549206770529,0.745,0.745,1.3761299874026667,0.5842238668140504,0.0,0.0,0.0
"[-0.734833, 1.89736, 0.000380506]","[5825762.0, 0.0, 6437671.0]","[0.5,0.0,1.0]",399369,10.586132730916296,9.121947037593731,0.0818964226000408,0.5035317630834246,66656.9640746266,6.657903659781653,3.26776072396017,1.411725227302309,1.11,1.11,1.944576557308402,1.210164757632069,0.027537907082421362,0.0,0.0
"[8.45052, 0.000207314, -0.0786768]","[0.0, 51518030.0, 49439100.0]","[0.0,1.0,0.5]",380064,8.684933798153379,4.946731268058586,0.4311708979541111,0.5717544101546738,66353.4537753531,6.631686106227437,6.532922354439538,0.4018133752899996,-1.0,1.194,1.1680625665701572,0.1127061806969352,0.005785470783327011,0.0,0.0
"[2.40055, -0.726347]","[0.0, 5059549.0]","[0.0,0.5]",29182,10.230107733924736,5.202166721348167,0.3756569607525215,0.3378357184760451,77143.81692653109,7.5572985975810045,4.541798733991229,0.8256206724873656,-1.0,1.437,1.2791925948951302,0.7036434222157217,0.0,0.0,0.0
"[2.05538, -0.372189, 1.39381e-05]","[0.0, 7037160.0, 10639160.0]","[0.0,0.5,1.0]",278356,10.353811244070274,9.905400286701678,0.2519357547822125,0.166724057863611,24237.70867359903,2.8260645807293647,9.870934472825512,4.251831677785289,-1.0,1.669,6.095679526838916,2.593927479510122,0.015873688416121648,0.0,0.0
"[5.52192, -0.856514, 9.53544e-05]","[0.0, 2338795.0, 4320393.0]","[0.0,0.5,1.0]",161773,11.418529774991056,8.364749784653606,0.319420193162973,0.7103502792511537,31622.54557998767,3.5281988307150978,7.940917108610986,1.3812252234439646,1.771,1.771,3.2457088215476055,1.2782968940844734,0.013487605960116484,0.0,0.0
"[1.96292, -1.04252, 0.0641444]","[0.0, 5663250.0, 5710630.0]","[0.0,0.5,1.0]",257530,10.089654247316258,9.963950128785134,0.3061267437953574,0.158934450355008,46103.4989338137,4.852170783277613,4.942403393409231,1.4944818547160958,2.815,2.815,2.093832547638277,1.5721667828291734,0.0,0.0,0.0
"[3.80126, -0.502744, 0.00153422]","[0.0, 124732800.0, 126968500.0]","[0.0,0.5,1.0]",61226,9.4838635264141,4.976535042472177,0.3890766561643662,0.6822810287386512,21270.475932895784,2.53640096870023,21.85690917096137,3.0455830744696852,-1.0,0.516,5.937918577024919,2.159453707078516,0.11929281040775747,0.0,0.0
[3.10962],[0.0],[0.0],141264,9.931450797398314,3.97747029162247,0.5415385312293146,0.4707692507692944,54735.0204528117,5.61872490313251,9.06910604550098,0.2675659800754699,-1.0,0.645,0.47182891729645904,0.0,0.0,0.0,0.0
"[-0.417833, 2.0638, 4.91964e-05]","[6944751.0, 0.0, 9509054.0]","[0.5,0.0,1.0]",147967,8.15111384784469,5.704351799303597,0.2184438260406726,0.0666373465584763,56460.168287976,5.770379678224132,7.409784844380736,0.9959378131265788,-1.0,1.089,1.430757482235394,0.6437742332199273,0.006985522304524975,0.0,0.0
"[-2.00424, 3.30445, 0.000214729]","[13464840.0, 0.0, 17262820.0]","[0.5,0.0,1.0]",203629,11.039370827274446,7.544669528758472,0.3857386155616722,0.7907653190610215,22828.420348948177,2.689125995096574,12.54969621200232,1.1648778131080044,-1.0,1.125,2.1175319215248902,1.6491313064450421,0.017069693549087224,0.0,0.0
"[-8.46061, 4.99259, -3.87695, 10.9231]","[6590880.0, 0.0, 9647130.0, 5911554.0]","[0.5,0.0,0.5,0.0]",245825,10.067511216680256,9.666960737537634,0.0854488370657831,0.0327479393078303,63366.69968637248,6.373065825337026,3.4553583810728754,1.2341323817087166,-1.0,1.189,2.757558274060493,4.078821524538193,3.5897366231372287,2.4300032122848623,0.0
[3.10046],[0.0],[0.0],161126,10.09971369877688,9.349574433968654,0.8619445133353583,0.132646216251119,76481.88143770013,7.50087612373611,2.7955743124129726,0.7734106765175297,-1.0,1.428,1.3618310418636126,0.0,0.0,0.0,0.0
"[1.85702, 0.000169034, -0.212258]","[0.0, 7109829.0, 6790757.0]","[0.0,1.0,0.5]",197337,9.01190478241836,8.851217299704413,0.4819921415773218,0.1296485727534998,130315.23625737592,11.98049767158127,1.5887569944321132,0.3219556502631277,2.0,2.0,0.4387370813553637,0.14832968866621712,0.004185844451174549,0.0,0.0
"[5.93537, -2.46717, 0.0303456]","[0.0, 1140554.0, 1425757.0]","[0.0,0.5,1.0]",44046,10.126416919279302,8.615716684610161,0.1458068582434497,0.7851303321320612,16491.69320342187,2.0573733494816424,16.43066700118853,2.110528012651111,-1.0,0.468,6.128853285845322,0.0,0.0,0.0,0.0
"[1.3946, -0.316298, 0.00162811]","[0.0, 1735445.0, 1869225.0]","[0.0,0.5,1.0]",356883,7.715956815049118,7.4933961093661585,0.0114512357289495,0.318637900709624,29406.27572430513,3.3198942603494204,12.998405951506086,2.1138720355062075,-1.0,0.529,2.4963387828152945,1.191905411639197,0.0,0.0,0.0
[3.03918],[0.0],[0.0],284638,10.327669607304768,9.031168203419952,0.0398889886037275,0.7685664357646396,41652.86539657042,4.451068250756075,5.9263548332688165,0.944275009535274,-1.0,0.66,1.6461776742815644,0.0,0.0,0.0,0.0
"[1.69056, -0.212678, 0.00244698]","[0.0, 1262935.0, 1318007.0]","[0.0,0.5,1.0]",168718,8.790829742851408,7.216614859252746,0.0627524021431488,0.4866692552526173,15100.821490297594,1.914279672640632,23.222131698124063,2.2513195885403348,-1.0,0.887,3.107869007844556,0.0,0.0,0.0,0.0
"[2.08098, -0.559783, 0.056589]","[0.0, 2021947.0, 2035323.0]","[0.0,0.5,1.0]",62408,37.44008563829909,26.53000050832745,0.4498307164403749,0.2193718337160826,91812.69347932369,8.797349859775924,0.31197087344468,1.5382125497335637,-1.0,0.893,2.2189642403742074,1.207640866675494,0.0,0.0,0.0
[5.86016],[0.0],[0.0],189436,10.068323190836258,9.466931098198843,0.274656041014568,0.0942216550155234,32871.95394434123,3.644839675116375,7.595079113553257,1.949451443571293,1.743,1.743,4.719186700320747,0.0,0.0,0.0,0.0
[4.37057],[0.0],[0.0],369337,9.587965056652887,4.862503982410888,0.0702872673870532,0.2752273792468953,59059.08797400105,5.997976822710933,7.092460501371583,0.8919951082804412,-1.0,0.276,1.8647967898334854,0.0,0.0,0.0,0.0
"[2.94758, -5.43191, -0.404736, 4.72414, 3.0278e-05]","[0.0, 186589.8, 2336458.0, 147631.3, 4020958.0]","[0.0,0.5,0.5,0.0,1.0]",10651,10.812645308835435,10.449854681276962,0.5237110415744402,0.0742282438965392,37264.44918328643,4.050882074248221,5.731399869044609,2.822406397260737,-1.0,0.647,10.216810980618218,1.7955829191986101,0.015530417830411742,0.0,0.0
"[1.85368, -0.571203, 0.000159556]","[0.0, 8752000.0, 10337420.0]","[0.0,0.5,1.0]",95927,10.613079260620626,4.823593526291306,0.5013280439075084,0.6892934860235359,52449.95551826979,5.41709818505,7.62871700386252,0.525641050505285,-1.0,0.772,0.7156598559284899,0.39726885113082333,0.006639660058768254,0.0,0.0
"[-0.653253, 3.01091, 0.000475321]","[7565775.0, 0.0, 9290903.0]","[0.5,0.0,1.0]",112088,7.386638676231634,5.459438440120183,0.490890034914701,0.1548751107784364,26795.13574932452,3.0719409144291814,19.440305707588976,1.6715380879340327,-1.0,0.794,2.900448536011955,1.3510050841395969,0.0364426355650455,0.0,0.0
"[2.40474, -0.935567, 0.102404]","[0.0, 5220785.0, 5243473.0]","[0.0,0.5,1.0]",241695,9.709622319195182,9.502069813108514,0.3862738224205286,0.1436768434723845,133408.74833762343,12.232773922337833,1.36288753915602,0.6763330834249861,1.014,1.014,1.048804870645013,0.6890539739950221,0.0,0.0,0.0
[4.60987],[0.0],[0.0],344990,32.51320926185486,16.82709483130247,0.1557272920089544,0.4197799496632723,14430.134381123498,1.8445572379041208,4.080224138781555,11.460429130497417,-1.0,1.045,24.606237926704637,0.0,0.0,0.0,0.0
[3.34859],[0.0],[0.0],76980,9.183239266662202,7.361342294771425,0.1300493199844799,0.3114337412243345,31537.12318573821,3.520204312841725,10.601787574533631,2.1523233423537245,1.14,1.14,3.938569411677369,0.0,0.0,0.0,0.0
"[3.52558, -0.561907, 6.67287e-06]","[0.0, 12831610.0, 20160640.0]","[0.0,0.5,1.0]",10831,10.922563249401607,7.123108626750141,0.5462233595008201,0.2270180266225712,34668.21278431397,3.811611628661874,8.544555275202935,1.5530023144853655,-1.0,2.182,2.9159991287547706,1.1641376203861384,0.004011699875581071,0.0,0.0
[3.18113],[0.0],[0.0],289457,9.113784038683866,6.778882759025808,0.583273142046108,0.8226862771139148,16939.322961228743,2.103029594325344,21.426063980822587,3.975918401872402,0.555,0.555,7.091337762200563,0.0,0.0,0.0,0.0
"[2.28646, -1.42425, 0.000814547]","[0.0, 2860790.0, 3647295.0]","[0.0,0.5,1.0]",233528,10.554418941078552,8.977633865669581,0.0682960918109953,0.0074574125293342,40738.24096886932,4.368070298168021,6.00251071543465,1.7808584403709191,0.578,0.578,2.692844050406328,2.125311112643043,0.050826180355781576,0.0,0.0
"[1.58004, 0.0116926, -0.173737]","[0.0, 7450834.0, 7407668.0]","[0.0,1.0,0.5]",377428,10.159274032679564,5.95718447581785,0.3350768680942648,0.0545203333454203,37723.72190587381,4.093004433770085,9.622167523406535,0.824877569039818,-1.0,0.847,1.0368681512565225,0.35520496258485745,0.0,0.0,0.0
"[3.76375, -1.19456, 5.60324e-05]","[0.0, 7418763.0, 12083670.0]","[0.0,0.5,1.0]",140505,10.122025747649309,9.81201299367975,0.3343182058745802,0.1128733430623066,37648.746194775325,4.086131748174915,6.308174922515403,2.037343798311315,-1.0,1.093,3.9525257312303523,2.226733822343254,0.015250494781513349,0.0,0.0
[4.1039],[0.0],[0.0],219072,10.160016064836364,8.943471453393736,0.0494271148406014,0.3278952118435904,17407.70885631135,2.1506104880986263,15.10159083854341,3.1599976998480876,1.134,1.134,6.401550138973468,0.0,0.0,0.0,0.0
"[1.89234, -0.205861, 0.000384218]","[0.0, 2881602.0, 3192866.0]","[0.0,0.5,1.0]",234653,10.932271392410945,7.95504835809351,0.252706478612782,0.3280407031985686,74640.90003335921,7.343719920030948,3.1008508471369134,0.9020508355154476,-1.0,1.209,1.2408823230207366,0.40927767166836554,0.01768153099278253,0.0,0.0
"[1.5721, -0.296287, 0.000438121]","[0.0, 1044367.0, 1141107.0]","[0.0,0.5,1.0]",286866,10.874483568438697,10.68794138063715,0.3560579024038214,0.6202348968554551,88530.25373670211,8.52146150238325,1.94596037593505,0.6776318983735687,-1.0,1.464,0.8496379948524793,0.3691229085658976,0.0,0.0,0.0
"[2.24383, -2.41278, 0.000352601]","[0.0, 3856171.0, 6507809.0]","[0.0,0.5,1.0]",399663,11.62699025094328,9.620461395630572,0.3061197806366847,0.2071731656005724,20527.205389584105,2.4630006272110982,10.8574618842397,3.393442338532597,-1.0,1.472,5.08317953686903,5.271076705421256,0.06372095027959578,0.0,0.0
"[2.07503, -0.29247, 0.0041889]","[0.0, 1823633.0, 1864901.0]","[0.0,0.5,1.0]",288905,10.32264241065408,7.282563461099461,0.2537790628237986,0.2126462381978196,67040.2256027992,6.690994333916336,4.01369696017115,0.4502217889229248,1.842,1.842,0.6485428851458211,0.24521961164406172,0.0,0.0,0.0
"[1.41902, 0.000192872, -0.145822]","[0.0, 6656093.0, 6090657.0]","[0.0,1.0,0.5]",32264,31.45741612634656,11.362604844112328,0.0577781839518524,0.0722666851348508,35224.46985504442,3.86304713638565,2.43712272497876,1.62973877179429,-1.0,0.598,1.9413876201820623,0.6223425898648045,0.022633545444858082,0.0,0.0
"[5.50428, -1.86139, 6.12238e-05]","[0.0, 460192.3, 1155076.0]","[0.0,0.5,1.0]",403637,9.202873572211107,7.500271466101046,0.5371185024990716,0.6974072266112142,63915.321918375696,6.42065627893418,4.559374957696285,0.1683161741523526,-1.0,0.606,0.3948899764221015,0.2296384142518826,0.0013170006576366247,0.0,0.0
"[1.88175, -0.469203, 1.90472e-06]","[0.0, 5418714.0, 9614627.0]","[0.0,0.5,1.0]",248980,10.314988575318075,7.973551979406666,0.2362983909141328,0.6814253386969032,18758.38666579987,2.286782278148613,15.323726706968095,4.3691605438880226,-1.0,0.851,5.993478688566064,2.992804810038714,0.006029948098625725,0.0,0.0
"[-1.19655, 4.79356, 0.00129097]","[1025528.0, 0.0, 1504298.0]","[0.5,0.0,1.0]",23817,34.48417318572263,30.275064744260327,0.0228594508286305,0.8997392662576063,22299.42458547195,2.6374328481734506,1.55398764328328,10.978187424657978,0.886,0.886,24.035863270746198,12.008701965245894,0.39444705330378876,0.0,0.0
"[1.86005, -3.03023, 0.0113763]","[0.0, 54530180.0, 56389360.0]","[0.0,0.5,1.0]",74487,9.915470831532456,4.537674047475817,0.3748215586046,0.0521527367096982,62269.07875625823,6.277731922083764,6.884793431370804,0.6672366955939789,1.164,1.164,0.9100017599005715,1.161496003086433,0.07116729204240817,0.0,0.0
[3.31344],[0.0],[0.0],207328,9.741621038548413,8.857049100820674,0.0889630960753891,0.6989378015314883,21867.86793606053,2.5951379800191945,12.650021560251172,2.3311597806525097,-1.0,1.277,4.24337679416751,0.0,0.0,0.0,0.0
"[2.05876, -0.525607]","[0.0, 12088720.0]","[0.0,0.5]",153955,10.34314227936184,9.846877045915145,0.4935415525329293,0.2945158394322624,45618.17828805398,4.808643996710647,4.950854400468683,2.3171418983704877,-1.0,1.762,3.3247231775357338,1.6798991115522217,0.0,0.0,0.0
"[5.52269, -1.12988, 0.027653]","[0.0, 7401656.0, 7931783.0]","[0.0,0.5,1.0]",322224,3.988217049225741,3.472001940577531,0.3076368277303477,0.4731792034102079,51070.63978897328,5.294957713606694,22.853213418254168,0.4675346278273622,0.154,0.154,1.0987252755677572,0.5030144635959133,0.0,0.0,0.0
"[3.17365, -0.458491, 9.02389e-06]","[0.0, 6568466.0, 9668946.0]","[0.0,0.5,1.0]",117743,9.539152662823286,7.348229068727358,0.3938225684266838,0.1093140636095367,44330.37375592684,4.6929011276580255,7.00888729028146,1.0225449500483472,0.867,0.867,1.8216373535021173,0.6923852632704104,0.0030717035850195604,0.0,0.0
"[2.69335, -1.97513, 0.1258]","[0.0, 1060613.0, 1082664.0]","[0.0,0.5,1.0]",120453,9.536409957153117,8.732854453817923,0.1202666545729038,0.0578077829381057,41383.00774789778,4.426601162987895,6.559381693013225,0.9119865706445934,0.952,0.952,1.4967002802461629,1.3218867045686875,0.0,0.0,0.0
"[5.69628, -0.259582, 3.14695e-05]","[0.0, 11239870.0, 14899110.0]","[0.0,0.5,1.0]",249031,9.004105840306718,8.921453573378658,0.0647483758111061,0.5760629765971561,60084.09651951627,6.0874658105719295,4.33018638421012,0.8735610409545205,-1.0,1.007,2.0849177252064295,0.4450722778090672,0.004900475006099137,0.0,0.0
"[-0.512566, 2.14759, 2.21402e-06]","[5993055.0, 0.0, 11634100.0]","[0.5,0.0,1.0]",257479,40.27653838954108,37.60493870711836,0.0694985685268345,0.190571340435158,32512.135500085096,3.6113038244883233,0.767099438471971,4.210517778652984,-1.0,1.065,6.170369789149153,3.0144660903862377,0.0062650750139385016,0.0,0.0
"[1.6514, -0.340188, 0.000239434]","[0.0, 5998279.0, 6754969.0]","[0.0,0.5,1.0]",318290,9.95936149945298,8.934602739286317,0.4821254967570669,0.1009325639221126,51398.27317201979,5.324000820673992,4.810511754122217,1.0684165618507735,-1.0,1.323,1.3729880321512593,0.623160771790973,0.016532309306850998,0.0,0.0
"[1.87673, -0.329427, 0.00234899]","[0.0, 10644510.0, 11106880.0]","[0.0,0.5,1.0]",324264,29.54294430912006,10.36025869913064,0.554028050963078,0.5608832731933431,43949.13680316651,4.658567634443131,2.159621031499733,3.3633915153899534,-1.0,1.528,4.607637693783013,1.9304431651019127,0.16301141161008514,0.0,0.0
"[2.71603, -0.37566, 0.000163322]","[0.0, 11483870.0, 14157310.0]","[0.0,0.5,1.0]",351930,9.657132562352883,5.8389866655601645,0.0662750770546237,0.407278737511198,59417.2350448667,6.029262377419948,5.957754082817733,0.837763592112433,-1.0,1.779,1.380666425586585,0.5134745935027948,0.010706408936480352,0.0,0.0
"[1.69237, -0.210345, 1.78505e-06]","[0.0, 27057010.0, 32650620.0]","[0.0,0.5,1.0]",310692,10.516210342512949,10.34551466200097,0.5478302363014278,0.2229182105536243,67510.33337041651,6.73155896408026,2.909178997733265,1.2992661978164175,-1.0,1.955,1.6902299733466408,0.5958874466296141,0.0017358945215247982,0.0,0.0
"[-1.34511, 8.40972, 0.00238412]","[1029377.0, 0.0, 1476319.0]","[0.5,0.0,1.0]",399683,10.41622813093506,9.83598646634846,0.1441300069963131,0.1908263336826367,53125.55186555644,5.4768025259484965,4.10901946286148,1.6504254646010756,0.364,0.364,4.7861541709678495,1.914144925957151,0.0805860689894182,0.0,0.0
"[2.22523, -1.86899, 0.00257416]","[0.0, 9178021.0, 11052050.0]","[0.0,0.5,1.0]",45528,8.972402591457158,5.938192139828862,0.3906360179297858,0.0868002709850949,25529.830964449768,2.950693256347513,16.262600590044723,1.2969913159011146,-1.0,0.579,1.934748512462892,1.7731299154742086,0.06580438536058004,0.0,0.0
"[-0.578514, 4.47487, 8.39054e-05]","[9672523.0, 0.0, 13534830.0]","[0.5,0.0,1.0]",266489,10.861828073620742,7.075118183193313,0.2174523379235455,0.6036006489595558,29479.82157275077,3.326837635337905,10.30478033396988,1.4475095635880884,-1.0,0.824,3.062045595631564,1.1009773346186116,0.01325917179995132,0.0,0.0
"[-0.980204, 5.79877, 7.15428e-05]","[1785633.0, 0.0, 3763099.0]","[0.5,0.0,1.0]",124938,9.475560663040437,5.412099859191132,0.4199574929063723,0.205804606755946,80054.88297864186,7.804923781538791,4.440913254824703,0.6373929146154574,-1.0,0.839,1.534882636662028,0.6310524638050143,0.005391259024373017,0.0,0.0
"[1.61226, -0.28227, 0.00103735]","[0.0, 3995880.0, 4389568.0]","[0.0,0.5,1.0]",322745,11.433240164779082,7.345414659342966,0.1345901260665115,0.1759927234944476,16195.30792869084,2.0270409970786285,17.366629319298553,1.2695387590126843,-1.0,0.939,1.6119943084254786,0.6757326215032714,0.0,0.0,0.0
"[3.07232, -4.958, 0.0286549]","[0.0, 185351.9, 233013.1]","[0.0,0.5,1.0]",387373,9.83394805945175,9.206700457523729,0.3557850354722412,0.1489259752215303,92971.68046286669,8.89456125418587,2.2479049458080897,0.8692550284595275,-1.0,1.199,2.4676701814292317,0.0,0.0,0.0,0.0
[3.99038],[0.0],[0.0],250540,10.146490368539592,7.572699054192574,0.457875982025244,0.0907563691504685,76801.50926105015,7.528126399498143,3.312853369841464,0.6157827879206133,-1.0,1.797,1.2300837267381683,0.0,0.0,0.0,0.0
"[-1.79249, -7.52404, 2.93504, 8.75255, 2.72258e-05]","[2006828.0, 1248696.0, 0.0, 1226120.0, 5083879.0]","[0.5,0.5,0.0,0.0,1.0]",345408,9.11541956194664,6.475410656784627,0.182363147786401,0.0064367806776072,47462.73130054776,4.973816774500923,7.479446535076238,1.0582572159369743,-1.0,0.582,1.8130018642574686,4.269460013599299,1.41683608492738,0.005521811328657826,0.0
"[1.88041, -0.206393, 0.0236192]","[0.0, 1952275.0, 1964384.0]","[0.0,0.5,1.0]",149368,32.69585200383859,19.598454989530268,0.2049663386122386,0.3042124843207279,67140.92579244022,6.699685834054833,0.6756039145874063,1.7297321341051253,-1.0,0.677,2.371947813476489,0.8295723903901158,0.0,0.0,0.0
"[4.67284, -3.12165, -5.16331, 5.71713, 0.000204397]","[0.0, 7384440.0, 4570222.0, 2478872.0, 15483630.0]","[0.0,0.5,0.5,0.0,1.0]",395904,9.189866077672583,6.28102445865653,0.2753974235370588,0.0564194501690271,42477.75550025519,4.525749829040107,8.687408883072118,0.8890544269699695,-1.0,0.806,1.9218469740317707,2.125775427679397,2.020191079394523,1.5707984099068155,0.012710586995719881
[3.13836],[0.0],[0.0],106068,9.80147626948638,9.490266240429197,0.008169899968382,0.2061871398949271,49690.05791345478,5.172362178378485,4.825160725435788,0.1106851360258872,0.81,0.81,0.19608333420126337,0.0,0.0,0.0,0.0
[8.62096],[0.0],[0.0],390489,10.870594187270513,9.99710700865582,0.1818169636762698,0.3044116197345596,15891.61556416613,1.995873389718033,14.142787306816174,3.473443374760635,0.846,0.846,10.198540814353075,0.0,0.0,0.0,0.0
"[2.25819, -0.980288, 1.12205e-05]","[0.0, 4552172.0, 6696786.0]","[0.0,0.5,1.0]",283387,10.953650882559083,6.6333950453431525,0.0351727872201396,0.2473706337763471,84090.18670141113,8.146867749444716,3.109513161268631,0.5533312135588387,-1.0,1.019,0.8315060424067088,0.5478504374233117,0.0018534943845658362,0.0,0.0
"[1.58193, -0.20514, 0.000365711]","[0.0, 13559040.0, 14369270.0]","[0.0,0.5,1.0]",159835,7.439047035928908,6.515922729645786,0.6563558698519177,0.462284305032778,70722.14561541377,7.008000184833477,5.385836134218782,0.7114453861044686,-1.0,1.155,0.8948190025720014,0.32223057242315056,0.013605376952900124,0.0,0.0
"[-0.882997, 1.80912, 0.00189386]","[3265783.0, 0.0, 3724974.0]","[0.5,0.0,1.0]",119010,10.536692902645171,9.182631236369478,0.9922322769822756,0.2691939108571792,40495.325673904255,4.34599220225112,5.937753952108775,2.0743901728851055,-1.0,1.476,2.790128040701201,1.9513505763552974,0.0,0.0,0.0
[6.45581],[0.0],[0.0],297033,9.677641883339934,9.55384363721542,0.69430612769873,0.6494513035360365,121269.00532110527,11.240164433537526,1.5492495225458325,0.6581682793251274,-1.0,1.726,1.6722927910146952,0.0,0.0,0.0,0.0
"[4.72994, -6.96879, 2.41436]","[0.0, 123663.0, 124322.0]","[0.0,0.5,1.0]",161654,9.651882317392625,8.827273737149385,0.0133122043944467,0.8093946375746882,22312.735116619235,2.6387353559979188,12.528954659317616,1.3586873509318784,2.062,2.062,5.104234137248935,0.0,0.0,0.0,0.0
[3.82717],[0.0],[0.0],38551,10.60591038564374,9.70325384175155,0.1095438662938552,0.3549102975123578,77664.54410844679,7.60165404816258,2.551754612798975,0.6897713479887931,2.637,2.637,1.3494103203728092,0.0,0.0,0.0,0.0
"[10.7558, -1.69139, 3.47989, -9.63325, 8.58319e-05]","[448892.9, 1822764.0, 0.0, 456001.2, 3772029.0]","[0.0,0.5,0.0,0.5,1.0]",247778,9.79605694115777,8.915731794983827,0.1829716470839709,0.1342502312953796,4401.258961923785,0.7029832169135289,43.503384825921344,12.04076802111288,0.458,0.458,60.874884014230055,0.0,0.0,0.0,0.0
"[1.90388, -0.339308, 0.0546857]","[0.0, 7946431.0, 7967192.0]","[0.0,0.5,1.0]",301847,9.583092313297014,8.26065205909087,0.3178272495048578,0.2360494482051387,79090.45070628026,7.722976647380285,3.1039234578813626,0.2244424691977007,-1.0,0.772,0.30968831834353433,0.14088010825197606,0.0,0.0,0.0
[3.46537],[0.0],[0.0],37040,10.989713939216497,5.365237705493306,0.3604504304347945,0.2919375484463216,36157.36626193488,3.949097560826505,10.410571321795985,1.749159883684017,1.235,1.235,3.256149331997778,0.0,0.0,0.0,0.0
"[-0.435254, 2.51613, 0.00710945]","[1809171.0, 0.0, 1950265.0]","[0.5,0.0,1.0]",16711,34.21550231024571,25.67497920281884,0.3108430229033025,0.1011857192179524,28565.21521006908,3.240342789579546,1.3934610282734656,3.197036514655757,-1.0,1.732,5.071239651726601,2.1092059221108035,0.269566300622497,0.0,0.0
"[-2.15577, 6.90201, 1.33325e-05]","[2446357.0, 0.0, 3720824.0]","[0.5,0.0,1.0]",87920,8.855617749395337,8.631937089333949,0.0828517420585881,0.2218881780878372,81310.69814149858,7.911498575238192,3.081116984626452,0.4664001631033325,2.034,2.034,1.2253114327797776,0.6847939354901711,0.0017029993798131822,0.0,0.0
"[-2.27239, 2.17332, 0.0244282]","[4151382.0, 0.0, 4467766.0]","[0.5,0.0,1.0]",268527,10.290728055775924,9.355809246354744,0.1833528843267168,0.2395100918687682,100669.89403503384,9.53775335024516,1.9232305712760216,0.4739347390202648,-1.0,0.312,0.6986833301999489,0.7144304853777174,0.07407374067646519,0.0,0.0
"[1.51708, -0.324798, 0.00285679]","[0.0, 2061997.0, 2236392.0]","[0.0,0.5,1.0]",222012,10.063457888838094,7.569489805165917,0.0514822333818614,0.2012980453556275,132770.85868114463,12.18078964066538,1.614738770397221,0.6864272398954924,-1.0,0.542,0.8454710687780326,0.3912021047452088,0.036688813579292164,0.0,0.0
"[2.19563, -1.07716, 9.77e-05]","[0.0, 3166223.0, 4429717.0]","[0.0,0.5,1.0]",103147,9.944913788185978,7.816245496384248,0.9269704397483596,0.0906030968531694,82057.18159099316,7.974779854990479,3.0099670287595464,1.0315602078286052,-1.0,0.612,1.5285306762657036,1.0706183673990843,0.010196282576217477,0.0,0.0
"[10.411, -1.70176, -8.90064, 2.57736]","[36045470.0, 48560070.0, 36329580.0, 0.0]","[0.0,0.5,0.5,0.0]",196024,28.82195216755417,27.48240917562501,0.3792118694905237,0.500924587295923,64847.19255235139,6.501402664500069,0.5850709619397251,2.884126650262124,0.969,0.969,4.630222591540171,9.305946486698994,8.604486260008612,3.762387156763633,0.0
"[2.43026, -0.434193, 0.0101478]","[0.0, 33879500.0, 34289470.0]","[0.0,0.5,1.0]",395695,8.857791399753973,6.759537956670545,0.0556532248229453,0.8001653840969264,146253.89006686906,13.2758522458825,1.7271626841173735,0.3395572204612908,1.168,1.168,0.5293456387544226,0.2237455356365849,0.034205734424741674,0.0,0.0
"[-1.22236, 3.42078, -2.07531, 1.67271, 0.000348603]","[9187741.0, 7609346.0, 8089700.0, 0.0, 13336190.0]","[0.5,0.0,0.5,0.0,1.0]",279014,9.310647082340765,7.600301625545214,0.2304234480269886,0.1627513479199226,91096.15075318812,8.73719727542678,2.839436797320601,0.1755165108918504,1.17,1.17,0.22700127869309045,0.3246239434371475,0.25284796713659063,0.19405174025062896,0.0032770535413355764
[5.39182],[0.0],[0.0],179885,9.850458229740736,6.27966452723066,0.1536353429383155,0.6065760213703348,150905.70054368037,13.651953333074092,1.6182191110720807,0.3553725645782634,1.185,1.185,0.8251855020058553,0.0,0.0,0.0,0.0
"[1.74818, -0.470485, 0.000428389]","[0.0, 4553240.0, 5285287.0]","[0.0,0.5,1.0]",319353,9.583722280713893,9.239228790352032,0.2738184960662717,0.0220969183528145,57393.89271566192,5.8522670994650925,4.223887545565086,0.9008559648448684,-1.0,1.21,1.1911005692088772,0.6179143049234654,0.01864552060236804,0.0,0.0
[3.00151],[0.0],[0.0],218436,10.17593779822721,8.820464683447517,0.0022268930563705,0.0868809488295678,173357.6082499042,15.456383968164635,0.9704594244273624,0.3524353497997982,-1.0,1.278,0.6105895392863843,0.0,0.0,0.0,0.0
"[-0.430645, 1.43926]","[27261190.0, 0.0]","[0.5,0.0]",346634,9.95642487650493,8.26371795298862,0.2419691818415752,0.4907617676096307,57843.45812959815,5.89164622471955,4.453932009371294,0.8963951352395932,1.347,1.347,0.5882462882847116,1.0753977382701083,0.0,0.0,0.0
"[1.85389, -0.355051, 0.000288163]","[0.0, 8174828.0, 8987527.0]","[0.0,0.5,1.0]",310350,10.04848905965017,4.403723041330304,0.1998204905371226,0.6747843699162713,71663.97326511878,7.0888394265852295,5.8698073414400165,0.50347583294215,-1.0,1.402,0.6855207579256172,0.3000018957944987,0.0085466857825005,0.0,0.0
"[1.88006, -5.47634, 7.30512e-06]","[0.0, 11793420.0, 18644070.0]","[0.0,0.5,1.0]",177112,10.801805046389465,10.511576421908789,0.0126810153716231,0.2369104077084172,52982.94092128536,5.464206102365194,3.783596349894765,1.8180175072722589,-1.0,1.534,2.492779794917005,4.254448421612106,0.004913735081897084,0.0,0.0
"[1.61672, -0.219899, 4.30789e-06]","[0.0, 2274696.0, 3142962.0]","[0.0,0.5,1.0]",185614,8.859745135256823,7.166116912325079,0.0746386830115714,0.3939495589669736,31341.88596698032,3.501921492473498,11.244729430888198,1.3958202280041618,-1.0,1.678,1.774789673778233,0.6545538307558035,0.0,0.0,0.0
"[2.84347, -0.407461, 7.4758e-06]","[0.0, 7553297.0, 11563130.0]","[0.0,0.5,1.0]",328157,10.124836920261153,8.696927189795959,0.6879964346251813,0.0702949524884631,55252.95000113716,5.664305053465831,4.448889789149068,1.037371092862884,-1.0,1.692,1.7492765215982709,0.6621816859387856,0.002836370625240338,0.0,0.0
"[2.14695, -0.269698, 0.00272687]","[0.0, 3459245.0, 3669195.0]","[0.0,0.5,1.0]",368031,9.039623220110206,8.668806595275909,0.3482517284246338,0.68884838124879,93696.9854634843,8.955345160761645,2.509381520580508,0.8169885620688658,-1.0,0.601,1.1970903822344525,0.42642175434751445,0.0,0.0,0.0
"[2.10806, -0.974993, 0.0002472]","[0.0, 5953672.0, 7399636.0]","[0.0,0.5,1.0]",211594,37.13578383559721,23.24598208420308,0.0380054102536994,0.7016479354690196,54636.451306263,5.610045311452076,0.6784704002646906,2.414158799994207,-1.0,0.699,3.5051557291785618,2.383782256553805,0.03795684157441075,0.0,0.0
"[1.65771, -0.200079, 9.73194e-06]","[0.0, 6113082.0, 7742451.0]","[0.0,0.5,1.0]",72152,9.522587979879756,8.16632310607438,0.0939248133719241,0.3159974208310215,54949.07111093956,5.637567772819168,4.967608818814488,0.6023744496310215,-1.0,0.765,0.7755696776336133,0.26944324273746983,0.0018791707933010797,0.0,0.0
"[-0.26159, 2.14259, 0.000693919]","[5391778.0, 0.0, 6038019.0]","[0.5,0.0,1.0]",62322,10.463539927812484,8.731624429826445,0.5798248606457062,0.3959636535655371,30626.68619703149,3.43482914163339,8.508878014968964,1.2140993213670273,-1.0,0.785,1.7771486384762103,0.6217847245138258,0.0,0.0,0.0
[3.76014],[0.0],[0.0],188905,10.156893574799216,9.790311719618355,0.1841778136579233,0.3075076566061371,37502.48305642088,4.072720792996305,6.329632893955676,2.1521438626536824,-1.0,0.832,4.173239472417864,0.0,0.0,0.0,0.0
"[2.5897, -1.95888, 0.00362238]","[0.0, 799888.4, 984094.3]","[0.0,0.5,1.0]",207899,9.992677950647614,8.174995035349262,0.1893958921481722,0.1054241576055071,71851.40804006156,7.104915686793721,3.4202648248799203,0.6992003585879575,-1.0,1.081,1.125191313515992,0.9795051830551056,0.0,0.0,0.0
"[2.11808, -0.666089, 0.0107194]","[0.0, 5065376.0, 5259298.0]","[0.0,0.5,1.0]",320860,9.308568276803095,7.532739854276008,0.5343468264194812,0.3514030822724076,51477.8218838176,5.331049260038314,5.864173151177877,1.696565381964699,1.541,1.541,2.469117631975608,1.395736613295144,0.0,0.0,0.0
"[4.15123, -0.386911]","[0.0, 438280200.0]","[0.0,0.5]",97740,9.85064291495963,3.2841479384199386,0.0117888671390812,0.3042006239652617,190709.5838107569,16.84016655796027,2.0811295437007704,0.309157908194459,-1.0,1.615,0.6298958662505852,0.19230292879879504,0.0,0.0,0.0
[3.10769],[0.0],[0.0],304016,9.543503436141362,8.176176261298306,0.2407850846777833,0.0725839959557831,143438.79056949684,13.047839801309111,1.419890400284192,0.3273603228728416,-1.0,2.355,0.5770917762706365,0.0,0.0,0.0,0.0
"[2.48073, -0.531794, 0.00246767]","[0.0, 11815750.0, 12388330.0]","[0.0,0.5,1.0]",124411,10.567057740643648,4.119859554656226,0.2861024509010232,0.5214731138205368,86133.69729940481,8.319479183057542,4.737303151120379,0.4058453779003235,0.261,0.261,0.6392199982291205,0.2959595244099585,0.020160632117765337,0.0,0.0
"[2.8981, -1.20274, 0.0253864]","[0.0, 199126900.0, 200964200.0]","[0.0,0.5,1.0]",229749,7.588245908274394,6.1759538393134665,0.3250848527370137,0.2479288253535667,43379.616391500895,4.607216956961269,10.04313901196973,1.3490260084712655,-1.0,0.446,2.2965558217070714,1.479470125703218,0.21494180028318782,0.0,0.0
[3.64292],[0.0],[0.0],269313,9.645135861445151,8.731898760581497,0.1029424552375911,0.7200852322766593,63857.71389623131,6.415661127236242,3.861907202188998,1.0622178447933115,0.666,0.666,2.0273951822404417,0.0,0.0,0.0,0.0
"[3.00427, -0.311621, 2.56978e-06]","[0.0, 25967930.0, 31900250.0]","[0.0,0.5,1.0]",172504,9.789451169257449,8.501533432057153,0.2845594381398517,0.5204226715463975,65276.86176989644,6.538595660673882,3.796495211567669,0.4973984896854967,-1.0,0.907,0.8621323524111257,0.27766287789388183,0.0007973563085125574,0.0,0.0
[3.64072],[0.0],[0.0],244494,9.024384582716737,8.906797402897833,0.2857571566577114,0.2448933444766164,91011.8786486227,8.730120058322408,2.5521742888174743,0.6414191289759712,1.156,1.156,1.223870727543804,0.0,0.0,0.0,0.0
"[-1.94771, 2.77834]","[16909940.0, 0.0]","[0.5,0.0]",232230,6.90278680028304,6.516486718388694,0.0141287434879534,0.5987020618017853,53091.03598844427,5.473754010653173,8.165602390710285,0.6163153958193143,1.199,1.199,0.8601321157845033,1.02729627296952,0.0,0.0,0.0
"[-5.68802, 5.88292, 2.89143, -0.436872, 0.00293274]","[155980.7, 145690.4, 0.0, 664748.4, 734408.6]","[0.5,0.0,0.0,0.5,1.0]",58038,8.270323189246502,6.113383424420785,0.3207355622118232,0.0493751853927238,58622.515897916106,5.959815292609356,6.589717888176634,0.453856525504834,1.235,1.235,1.7520375501159118,0.0,0.0,0.0,0.0
"[-1.7561, 2.36097, 0.0763365]","[1081668.0, 0.0, 1137512.0]","[0.5,0.0,1.0]",126949,9.573189470952167,6.976346613991898,0.652641065697772,0.614475621709021,40599.74464484289,4.355484528610704,8.090142014719069,1.5328640849572337,1.812,1.812,2.3553143775513403,2.0750000701127447,0.0,0.0,0.0
"[1.57579, -0.276154, 5.64186e-05]","[0.0, 11386560.0, 13750270.0]","[0.0,0.5,1.0]",85675,7.244780053044802,6.804007467614082,0.0750793294995967,0.2173226145695383,27772.29576836828,3.165074705385244,15.779569812204,1.2645117501306775,-1.0,1.981,1.5873475986271965,0.6645054364947793,0.009498040603624405,0.0,0.0
"[2.33744, -0.574292, 0.000245096]","[0.0, 657895.5, 787905.4]","[0.0,0.5,1.0]",32544,10.695818507410468,10.266495391592658,0.0486062775248016,0.4064225705248737,68129.772442376,6.784968399156173,2.854032615860762,0.7958491126129325,-1.0,2.649,1.216748927854787,0.6032395034983464,0.0,0.0,0.0
