mu_list,td_list,n_list,idx,m1,m2,a1,a2,Dl_s,z_merge,duration_time,SNR,z_lens_sbh,z_lens_hh,Signal_1,Signal_2,Signal_3,Signal_4,Signal_5
"[2.33978, -0.507174, 0.0128563]","[0.0, 14370380.0, 14959110.0]","[0.0,0.5,1.0]",83515,10.322461303349272,9.934007288621295,0.2080639031290363,0.2907299046163316,77590.30151565473,7.595331735023591,2.56184367830946,0.5193614859068816,-1.0,0.333,0.7944329576017701,0.36986925408640736,0.05888812677978401,0.0,0.0
"[2.99215, -0.745946, 0.018757]","[0.0, 14613250.0, 14919650.0]","[0.0,0.5,1.0]",53159,8.021433619657206,7.151955872206809,0.4782164784973114,0.0429086662107507,125145.18145558772,11.557878116796392,2.210720300952794,0.1772291882697965,0.488,0.488,0.3065680765681433,0.15306959851773216,0.024272635689664587,0.0,0.0
"[-0.730282, 1.90152, 0.000642771]","[12497850.0, 0.0, 13871780.0]","[0.5,0.0,1.0]",232350,10.041978991587625,8.239921509482729,0.1400119427482168,0.2326828518289609,44431.27832982788,4.701983091683375,6.0803938622055,0.906142660861991,-1.0,0.617,1.249530974069023,0.7743581533076366,0.0229733703860316,0.0,0.0
"[-1.29652, 2.34421, 0.00021325]","[26312330.0, 0.0, 29928060.0]","[0.5,0.0,1.0]",357432,9.792282446277328,9.198901189476732,0.1260639330283479,0.0965931474347156,39584.86193833908,4.263108958948355,6.464531369379931,0.4953198203415772,0.69,0.69,0.7583749229834399,0.5639950820257063,0.007233195886553192,0.0,0.0
"[1.71063, -0.289071, 0.00139738]","[0.0, 2987867.0, 3216301.0]","[0.0,0.5,1.0]",313717,9.865034861356534,8.61097403435025,0.1511783274226114,0.4540313242858532,169989.11699733516,15.18672497821296,1.0443122216163228,0.502773210300903,-1.0,0.891,0.6575823847026773,0.2703176424725077,0.01879444001384921,0.0,0.0
"[2.92407, -0.672318, 0.000210097]","[0.0, 2975928.0, 4502873.0]","[0.0,0.5,1.0]",64131,9.469530570441735,8.49233661358367,0.1115589567149532,0.4536188103293135,65996.78213621407,6.600861536346417,3.852124644409809,1.0248849260893822,-1.0,0.92,1.7525442333711347,0.840354393584569,0.014855423292728397,0.0,0.0
"[1.75757, -0.203844, 0.000462921]","[0.0, 9251254.0, 10043280.0]","[0.0,0.5,1.0]",300562,14.01604682004033,14.013208090261482,0.4513356700924098,0.1606860671949792,73033.14214430584,7.206184086977395,1.6100851281210964,0.9403744530636152,-1.0,0.958,1.246686158615456,0.4245704740103454,0.020232719634775673,0.0,0.0
"[-0.546551, 1.94585, 1.50836e-05]","[8674508.0, 0.0, 10900760.0]","[0.5,0.0,1.0]",113850,10.457926677343403,9.412204574691996,0.4555322799271296,0.9056573311450248,69099.49093146563,6.868488305265863,3.072472317705172,0.6735438278195606,-1.0,1.612,0.9395513914857377,0.4979448067952045,0.0026158832931886832,0.0,0.0
"[1.58121, 0.0543939, -0.175201]","[0.0, 2643165.0, 2641614.0]","[0.0,1.0,0.5]",122442,11.178751767067318,6.76748882077072,0.2155276765541442,0.6283425847932246,54721.86592284129,5.617566746923472,5.1568354675986185,0.9838513061373076,-1.0,1.884,1.237155364533577,0.47142280208420384,0.0,0.0,0.0
"[2.70794, -0.508491, 4.4596e-05]","[0.0, 4375431.0, 6419399.0]","[0.0,0.5,1.0]",212243,10.797855313225464,9.895324823165865,0.0525073076855185,0.6144512687729078,26590.07701102181,3.0523421529913204,8.670447885392676,2.636965370383049,-1.0,1.975,4.3393426530009505,1.880381898477413,0.01760971713332373,0.0,0.0
"[1.80109, 0.450862, -0.726368]","[0.0, 1335704.0, 1335632.0]","[0.0,1.0,0.5]",112959,10.578738230507108,5.705255243738446,0.8181863214866925,0.1354527609152027,82904.65174407813,8.046560765865436,3.7163422777533937,0.808905801366195,-1.0,2.71,1.0855895587375888,0.8776646583185945,0.0,0.0,0.0
[3.03518],[0.0],[0.0],168295,8.463828451888999,4.878854713816146,0.2925259139421004,0.3725588683059331,54955.06989132604,5.63809579096067,8.514660142281945,0.533517168114935,0.657,0.657,0.9294812323151388,0.0,0.0,0.0,0.0
"[1.61898, -1.19796, 0.000101099]","[0.0, 645659.3, 1069368.0]","[0.0,0.5,1.0]",389649,9.872190679050211,9.73502283685144,0.4075749655185378,0.0092545003883369,75179.81509849966,7.389760663423009,2.8152417004690493,1.350975733245097,-1.0,0.696,1.7189699710592075,1.478661300602557,0.013583790598403662,0.0,0.0
"[3.12732, -0.230808, 2.34264e-05]","[0.0, 4324088.0, 5360299.0]","[0.0,0.5,1.0]",112636,10.44089141649523,9.36211484525714,0.3922216670643751,0.2755685188809785,48725.15700244301,5.086468029761669,4.741329228804896,1.2765052628911993,-1.0,1.072,2.2574013001086812,0.6132648009611301,0.006178390967795445,0.0,0.0
"[2.12741, -0.719397, 1.90023e-05]","[0.0, 11527390.0, 15139810.0]","[0.0,0.5,1.0]",151798,9.286478790069683,5.727752609631802,0.3133349420369912,0.6539309778870245,57101.36754675244,5.826627021821764,6.561940320929298,0.7292820673868359,-1.0,1.115,1.0637048338120043,0.6185571706700714,0.0031790592323509954,0.0,0.0
"[1.81099, -0.292981, 8.46367e-06]","[0.0, 4499011.0, 6009733.0]","[0.0,0.5,1.0]",232736,11.256312445850192,7.455468376597089,0.0627052614755317,0.5107478479275667,143659.9739363512,13.065766223782802,1.3415447592478331,0.2381172596100027,-1.0,1.173,0.3204416076413799,0.12888744196090954,0.0006927399544245739,0.0,0.0
"[1.93907, -0.404472, 0.000418919]","[0.0, 1763937.0, 2166622.0]","[0.0,0.5,1.0]",373041,9.561496028184274,5.473200393103541,0.1223062277035744,0.1947342350479581,59003.22550439344,5.993095452302832,6.410011162293772,0.978262985473716,-1.0,1.187,1.3622360371077706,0.6224789068658868,0.0,0.0,0.0
"[-0.599947, 1.77906]","[3105786.0, 0.0]","[0.5,0.0]",215367,9.476069944960644,7.435327049654196,0.2089071393497675,0.2991820026663939,27831.24995643353,3.1706796011221727,11.717374340866115,2.793925626296919,-1.0,1.235,2.164069898151559,3.726577338821107,0.0,0.0,0.0
"[2.14187, -1.08959, 7.75863e-05]","[0.0, 16277140.0, 18565140.0]","[0.0,0.5,1.0]",360081,31.25600177477026,29.756133990328287,0.014950048530442,0.394372239627735,115879.9992805585,10.79715347848564,0.2406450623237653,2.132262431934195,1.831,1.831,3.120593569153506,2.225728616218316,0.018781625469115444,0.0,0.0
"[2.5446, -0.267818, 6.96077e-05]","[0.0, 12019580.0, 13384060.0]","[0.0,0.5,1.0]",68408,10.136194816448802,8.460869757822811,0.2022517826487123,0.0114809676737674,110498.329407675,10.353146246184414,1.8722965792419208,0.3341526607566556,2.02,2.02,0.5330337217828615,0.17292779542050485,0.002787876721571759,0.0,0.0
"[-0.695088, 1.84926, 4.96679e-05]","[2703213.0, 0.0, 4598032.0]","[0.5,0.0,1.0]",61402,9.437411370673056,6.425772530900495,0.4273738301395972,0.2569716341735327,80016.10122955285,7.801630235314817,3.8381641403331854,0.662049095529693,-1.0,0.593,0.9003040099799604,0.5519631596330966,0.004665821237902252,0.0,0.0
[3.76949],[0.0],[0.0],330303,34.66160705428628,16.858132312520876,0.3456579295506032,0.4452616866803365,39247.56479115719,4.232349299408083,1.4035095604198005,1.0531534279198846,-1.0,0.923,2.0447157554865063,0.0,0.0,0.0,0.0
"[2.53791, -0.37425, 0.000561518]","[0.0, 12412620.0, 13596990.0]","[0.0,0.5,1.0]",127903,10.071725405364372,5.382495583013823,0.2385491894349592,0.1096616488060813,63814.72917267123,6.411933251797955,5.667860743818645,0.6446406405904473,1.119,1.119,1.0269653486467756,0.39436520148993587,0.015275643800564781,0.0,0.0
"[-1.89256, 3.53838, 0.00109866]","[1343580.0, 0.0, 2147578.0]","[0.5,0.0,1.0]",320869,9.99907161168176,8.544932878993936,0.6167352715477604,0.5994293009063792,40343.25349824069,4.332163393963296,6.616128758021956,1.4009248886223602,-1.0,1.136,2.6352212672804907,1.9272572114595625,0.046435113078244536,0.0,0.0
"[2.82262, -0.290763, 3.46033e-06]","[0.0, 22189200.0, 28212680.0]","[0.0,0.5,1.0]",213652,8.873950514381924,6.123838727889623,0.4099255136837638,0.3828632257227709,41748.7842852019,4.459760589641724,9.317280977127936,1.4080320791306826,-1.0,1.17,2.3655860837196734,0.7592453136885161,0.0026192159599792734,0.0,0.0
[4.55955],[0.0],[0.0],276600,10.52813450721918,5.0370797059433245,0.1375790518976454,0.1900429428630275,47953.5163579512,5.017648578667211,8.219655314810117,1.4770871367849887,1.427,1.427,3.154039350443418,0.0,0.0,0.0,0.0
[3.01988],[0.0],[0.0],26466,9.639806640884595,8.064069508521795,0.555387042067462,0.217225154378306,115520.5264568799,10.767546743045568,1.9141112345391809,0.213374377673826,2.51,2.51,0.37079776726542696,0.0,0.0,0.0,0.0
[4.28175],[0.0],[0.0],293102,8.582548204789326,6.915520758044495,0.169779888329739,0.2777746815763617,80566.48016364536,7.848358252782418,3.857066107282698,1.0270487604551564,0.292,0.292,2.1252093403267835,0.0,0.0,0.0,0.0
"[1.4551, -0.464608, 0.000859792]","[0.0, 4456631.0, 4806170.0]","[0.0,0.5,1.0]",388363,9.648709048191694,8.278861871179545,0.1616271467767506,0.1167261063103096,174565.90073587527,15.553026611592344,1.0592093450864102,0.1820167065907129,-1.0,0.793,0.21956224984916348,0.12406651802718922,0.005337132096383231,0.0,0.0
"[1.59946, -0.495693, 0.00160389]","[0.0, 1084034.0, 1207030.0]","[0.0,0.5,1.0]",335055,10.677274433141829,9.038114428916144,0.0937547591383002,0.1724210995876114,41871.26263861623,4.470856649970236,5.728156033387599,1.3832048359623943,-1.0,0.877,1.749335825716081,0.9754260959809739,0.0,0.0,0.0
[3.08794],[0.0],[0.0],374186,9.152654031878091,9.1399678068292,0.3672847544992386,0.0921989279241749,29710.470842570747,3.3485971490841604,9.44920276591344,1.2831844853850312,1.093,1.093,2.2548804780129745,0.0,0.0,0.0,0.0
[4.67947],[0.0],[0.0],294222,10.089931783420171,6.806426023313862,0.3831310290142677,0.1652450743811682,23933.373956775933,2.796585276079238,14.055466534474578,2.9863660801342977,1.247,1.247,6.460131788405381,0.0,0.0,0.0,0.0
"[2.24592, -0.332391, 4.7326e-06]","[0.0, 30505310.0, 39252620.0]","[0.0,0.5,1.0]",155894,10.72960632749505,9.337073741280827,0.0180945568725069,0.0031875938851323,236883.04428884425,20.485789243883044,0.5677475516837938,0.1165433166769247,-1.0,2.42,0.17465640418664644,0.06719113873544715,0.00025353462159566196,0.0,0.0
"[-1.13517, 1.96275, 4.27216e-06]","[20359430.0, 0.0, 28350980.0]","[0.5,0.0,1.0]",20594,10.190224131185706,8.715517184308172,0.4246987127303712,0.1714459583231725,71053.88933983822,7.03648574460978,3.2333612524755,0.6089067928271806,-1.0,2.425,0.853067333792936,0.6487558269029103,0.0012585618806403613,0.0,0.0
"[9.09973, -0.51919, 0.00506227]","[0.0, 586925.9, 657978.7]","[0.0,0.5,1.0]",367433,10.04043320681788,5.48846647534483,0.5786590573663409,0.0498162693426267,24666.09794628827,2.867478288393327,16.513551197727363,2.4770105084903773,0.449,0.449,7.684316711954082,0.0,0.0,0.0,0.0
"[2.04599, -0.88982, 4.82216e-05]","[0.0, 18543140.0, 22382490.0]","[0.0,0.5,1.0]",215443,10.462819555989585,8.021522562445794,0.0238951871295098,0.2569332787997208,57036.317827355975,5.820923804359925,4.46341547108774,0.9715226167270036,-1.0,0.725,1.389647558204445,0.9164399157979147,0.0067464254152662505,0.0,0.0
"[-2.54862, 2.97651, 0.000273161]","[5987162.0, 0.0, 7710531.0]","[0.5,0.0,1.0]",56636,39.65228003889773,26.077967432548533,0.7013428709046419,0.4092146334790665,34610.853083780465,3.806301921874108,0.9909953757532628,6.750377578098518,-1.0,0.95,11.646132812082218,10.77657135665635,0.11156742573973527,0.0,0.0
[4.0465],[0.0],[0.0],149025,4.053863504286603,3.9306349972044288,0.2530610204264804,0.0246037405049549,48794.77796414404,5.092671278594482,21.451021985197844,0.8481984906942456,1.4,1.4,1.7062287976898434,0.0,0.0,0.0,0.0
"[1.90787, -0.315735, 4.24707e-05]","[0.0, 8017167.0, 10393130.0]","[0.0,0.5,1.0]",223777,10.027792531351036,8.179817905844285,0.4517802958379706,0.3498379883279691,51581.73971289746,5.340255554727437,5.132562656976484,1.2695010506285258,-1.0,1.582,1.7535067990744329,0.7133364698525376,0.008273280978623924,0.0,0.0
"[1.53265, -0.620347, 0.142498]","[0.0, 7416941.0, 7422143.0]","[0.0,0.5,1.0]",233493,8.743078621328058,7.702196002928869,0.5084379027832533,0.2016710976745579,43383.61978470383,4.6075781830578295,7.4157097159303,1.5243482084191342,1.642,1.642,1.8871467759163856,1.3313809441941202,0.0,0.0,0.0
"[2.27251, -0.561941]","[0.0, 12079090.0]","[0.0,0.5]",343849,9.905032725127484,8.390390777318167,0.409507137486425,0.1173631934771851,42115.61597716575,4.4929834204875885,6.444250725284022,1.5077717302561078,-1.0,2.095,2.27294275407507,1.130266761757858,0.0,0.0,0.0
"[1.92107, 8.71038e-05, -0.209912]","[0.0, 4461335.0, 3697316.0]","[0.0,1.0,0.5]",111466,8.93812094425013,5.981110475739269,0.0194659250427944,0.1043106695388499,36042.962939786295,3.938559040036203,11.175420472224584,1.182000443338225,-1.0,2.262,1.6382841682872955,0.5416594945049903,0.0,0.0,0.0
"[3.53914, -0.633187]","[0.0, 122639000.0]","[0.0,0.5]",67929,9.80601877487113,9.488736045792724,0.5734273597329889,0.1832618021159595,46308.56201111474,4.870547587912771,5.24434399155356,1.9820951275423295,-1.0,2.52,3.72883670761249,1.5772135112290961,0.0,0.0,0.0
"[3.99932, -6.01893, 0.0282635]","[0.0, 602106.0, 793421.9]","[0.0,0.5,1.0]",34201,8.986118727434691,6.137758025779791,0.2192095190746618,0.8564318206522157,40670.33762022874,4.361900358686187,9.487491931260244,2.0183178228029925,0.27,0.27,6.397307718869566,0.0,0.0,0.0,0.0
"[2.735, -0.559655, 0.00439444]","[0.0, 1434428.0, 1539393.0]","[0.0,0.5,1.0]",347844,10.168613882875851,8.047471700143024,0.3233336115854522,0.1474598968400909,115467.99860796338,10.763219792442506,1.836807489538942,0.467300309507961,0.774,0.774,0.7728135605003033,0.350957602707444,0.0,0.0,0.0
"[2.00919, -0.35017, 0.000254247]","[0.0, 4819268.0, 5494672.0]","[0.0,0.5,1.0]",160097,10.222487091542998,9.770401306557371,0.0245412998034412,0.7930545345205025,26923.60011278531,3.0842092565491948,9.050788622230122,2.108104596616765,-1.0,0.809,2.9881518210114604,1.2479271392219446,0.0,0.0,0.0
"[2.03886, -0.56586, 0.00042188]","[0.0, 34031530.0, 36096000.0]","[0.0,0.5,1.0]",149701,32.16080917534136,22.876726971519613,0.3485861682436624,0.2647614525243258,31166.16840216427,3.485454833011324,1.472984517769271,6.2048364596175825,-1.0,0.952,8.859802526352606,4.667505484550685,0.12744558877251966,0.0,0.0
"[3.61384, -0.23968, 0.000250226]","[0.0, 40830970.0, 43124790.0]","[0.0,0.5,1.0]",179258,29.88232493544193,8.935124724858587,0.6325729203455143,0.1171286505114239,42091.23254188574,4.49077580923699,2.57917810773318,1.9302234122299615,-1.0,0.983,3.6693745063624594,0.9449818713045259,0.030533303581292054,0.0,0.0
[3.9783],[0.0],[0.0],354652,10.566103098963543,10.376699505947345,0.2170492324473834,0.1766601374693928,134566.663127602,12.327090665565962,1.1664213268837822,0.4571566707405344,1.01,1.01,0.911829893785843,0.0,0.0,0.0,0.0
"[1.95509, -0.238489, 5.7102e-06]","[0.0, 13559620.0, 18282670.0]","[0.0,0.5,1.0]",306346,5.313097500935798,4.807321300261964,0.2649740574869588,0.784768955094811,37217.81534069652,4.046601362761738,19.824112279973203,1.4992417935560167,-1.0,2.474,2.096307834843584,0.7321597608527707,0.0035825919041042637,0.0,0.0
[3.63817],[0.0],[0.0],52657,31.34203145036896,20.67267671518271,0.1400266437202528,0.4257997599703669,30542.227473646235,3.4268930302051763,1.6777606736102164,3.1487154274825215,0.174,0.174,6.005855877500446,0.0,0.0,0.0,0.0
"[1.55958, -0.198609, 0.00215476]","[0.0, 5256030.0, 5529980.0]","[0.0,0.5,1.0]",267257,10.493550429682909,9.175529809124605,0.3440437801903428,0.0182430829517935,16427.193587834503,2.0507801507846333,15.184473903582273,2.0447212408779847,-1.0,0.349,2.553512199861212,0.9161714813675146,0.0,0.0,0.0
"[2.36083, -0.659521, 0.00136727]","[0.0, 5952809.0, 6820187.0]","[0.0,0.5,1.0]",211235,9.625543135812489,8.96863358635235,0.3310766811421245,0.2007639159046075,33242.69986004578,3.6793481368234393,8.147831771436225,1.7251895339583447,-1.0,0.476,2.6507524557713262,1.40104191761912,0.06379166787281185,0.0,0.0
"[1.63771, -0.22108, 0.000839938]","[0.0, 8431190.0, 8841061.0]","[0.0,0.5,1.0]",306160,10.070816838338212,9.101334753829706,0.989490551169635,0.1381375991209573,43775.32990751464,4.642904294837625,5.67448189725618,1.53466338408124,-1.0,0.549,1.9639554483242472,0.7229550446490633,0.0,0.0,0.0
"[2.75442, -0.965035, 0.00250083]","[0.0, 4414842.0, 4812596.0]","[0.0,0.5,1.0]",255474,10.66845836598388,6.713092144192454,0.229971570061685,0.1687047000629652,26628.51791778988,3.0560182240531377,12.186591600684018,1.37874007913833,0.641,0.641,2.288218444773411,1.3561756078205491,0.0,0.0,0.0
"[1.99269, -0.302067, 0.000825847]","[0.0, 86492360.0, 88811080.0]","[0.0,0.5,1.0]",165683,24.72271296763451,13.132344788894704,0.3079547669703498,0.1362337518187698,133727.098252019,12.258710826260586,0.4839616254512189,0.1603181934322471,-1.0,0.715,0.22630944574313744,0.08811187671792785,0.004607152713318947,0.0,0.0
[3.85785],[0.0],[0.0],324061,10.064230598613936,8.500407354969207,0.3735256027129809,0.2596577270759143,28756.36269502005,3.258447372313418,9.615382385167957,1.6631048233496577,0.824,0.824,3.2665724267736396,0.0,0.0,0.0,0.0
"[1.66903, -0.256471, 1.99015e-05]","[0.0, 5248399.0, 6666718.0]","[0.0,0.5,1.0]",200121,10.07508776651799,7.944076901127798,0.1630931889708937,0.7238437878432218,53702.75026643495,5.5277492517236215,4.993331022951271,1.1611998145553553,-1.0,1.033,1.5001650016284942,0.5880660266723283,0.005180239788180609,0.0,0.0
"[2.30872, -0.250064, 0.000132494]","[0.0, 3496607.0, 4001287.0]","[0.0,0.5,1.0]",223909,9.693523435813267,9.649829144248494,0.1805886861286791,0.2779073837418194,80713.74002902639,7.860856083600717,2.6288149304909405,0.8207755682744088,-1.0,2.322,1.2471251947928577,0.4104403104121075,0.009447622380810573,0.0,0.0
[3.60897],[0.0],[0.0],325441,9.947795376832437,4.732068740305941,0.2633749102069995,0.2590032702267397,165260.03200679415,14.80753997979611,1.815790887808355,0.2388529822888471,-1.0,2.666,0.45375592000073645,0.0,0.0,0.0,0.0
[4.51476],[0.0],[0.0],225997,10.24864363608093,9.91509851858064,0.26782169938715,0.2870248131393012,59003.29289260141,5.9931013327179885,3.640441921973866,1.0540591765460228,0.19,0.19,2.239661207841363,0.0,0.0,0.0,0.0
"[1.77718, -0.62433, 0.00152804]","[0.0, 3505873.0, 4016434.0]","[0.0,0.5,1.0]",261195,10.011803872920977,6.839396541829389,0.497199900500387,0.6949308116741124,12284.759641063956,1.6178820581629094,26.17019101009048,3.270653040019681,-1.0,0.427,4.360137486993853,2.5874525442001866,0.0,0.0,0.0
"[-3.73153, 4.12375, 0.000233869]","[11057660.0, 0.0, 15883240.0]","[0.5,0.0,1.0]",129223,49.18293088567862,43.51414444110319,0.3928400822076116,0.1278481023088166,88793.47139740172,8.543616693509787,0.1711718585054127,2.1799660950889432,0.477,0.477,4.426861180305617,4.211077244759248,0.03333773333757883,0.0,0.0
"[3.0491, -1.28971, 0.0046132]","[0.0, 136471600.0, 138131700.0]","[0.0,0.5,1.0]",14558,9.454268381855837,7.076242315739026,0.5417663019906486,0.5283439895409423,31980.052898205584,3.5616305618273607,10.54811383714038,2.7538584652239444,0.477,0.477,4.808697411875609,3.1274303721101315,0.18704355903085054,0.0,0.0
"[-0.652722, 2.11738, 0.0043886]","[9177270.0, 0.0, 9767840.0]","[0.5,0.0,1.0]",207216,8.699893265086793,7.714376284938541,0.1515542650837349,0.0895224378685321,47468.28415073476,4.974312967805716,6.690974137747981,1.1699254535133603,-1.0,0.745,1.7023842517438115,0.945196957992755,0.07750347748561913,0.0,0.0
"[1.63071, -0.413693, 0.00562415]","[0.0, 18395470.0, 18714720.0]","[0.0,0.5,1.0]",303660,10.567559392213044,10.43900898875686,0.3473049585538612,0.3805707522417518,36230.67349607752,3.9558484815767305,6.034823303631097,3.0087882398283026,0.826,0.826,3.842200198884441,1.9483318745168021,0.0,0.0,0.0
"[1.69976, -4.9347, 0.000144946]","[0.0, 5159887.0, 7250188.0]","[0.0,0.5,1.0]",212991,9.343908681328822,7.555816632402086,0.3663307426545338,0.0101932318957921,115085.48677640018,10.731706489686026,2.0857300351670527,0.4186687094958323,-1.0,1.154,0.5458386777165438,0.9300384023081122,0.0050405000244730215,0.0,0.0
[4.02842],[0.0],[0.0],265629,10.041761770374151,9.779543045854988,0.7511872473548251,0.0840061070721103,190050.5302412969,16.787762046773302,0.7902362387329842,0.2654704170619243,1.45,1.45,0.5328236629817502,0.0,0.0,0.0,0.0
"[2.75576, -3.24687, -1.88097, 4.14664, 0.190011]","[0.0, 76582.99, 126508.3, 58907.47, 135920.7]","[0.0,0.5,0.5,0.0,1.0]",66849,9.39052594614112,8.5051753187623,0.2413967844934337,0.4868759198849945,24943.853431212177,2.894279780580121,11.808860541922328,3.689923985826859,-1.0,0.376,12.89904276832659,0.0,0.0,0.0,0.0
[4.47023],[0.0],[0.0],17084,10.008591901939514,6.765152027716531,0.0798469862516509,0.524513423372252,76184.58520803944,7.475520820261907,3.729571973790709,0.6778858725191501,-1.0,0.675,1.4332485711727774,0.0,0.0,0.0,0.0
[3.07249],[0.0],[0.0],288794,9.091060843133072,4.97927142018383,0.0794700422497454,0.9516784735511176,62320.00527546164,6.282158640147605,6.77533932103396,0.4235976116609354,0.782,0.782,0.7425039046153438,0.0,0.0,0.0,0.0
"[1.94243, -0.259353, 0.00740231]","[0.0, 9873576.0, 10020000.0]","[0.0,0.5,1.0]",138890,37.62458012885952,29.53015176189132,0.3490178075625634,0.2266313986498068,21833.9180109144,2.591806498901792,1.5094202395856176,0.145436772067407,1.005,1.005,0.20269681069384685,0.07406616612239017,0.012512896760452764,0.0,0.0
"[2.17968, -1.71645, 0.000412308]","[0.0, 1251726.0, 1736999.0]","[0.0,0.5,1.0]",170995,8.67330984479698,7.054954535857235,0.1275837928252183,0.1659257347118057,31214.71963104352,3.4900059785896937,11.64608201289871,0.4199822894692704,-1.0,1.119,0.6200509059104771,0.5502989825302951,0.0,0.0,0.0
"[1.5425, -0.28401, 0.000105671]","[0.0, 2832163.0, 3483274.0]","[0.0,0.5,1.0]",302338,9.408061550791798,9.098965953624832,0.240660964023111,0.3336319651092677,56975.731565302136,5.815610953872257,4.383512370392042,0.065005324647042,-1.0,1.478,0.08073493833886822,0.03464302023414017,0.0006682313401039006,0.0,0.0
"[4.20674, -0.321824, 3.67295e-05]","[0.0, 9905630.0, 13037400.0]","[0.0,0.5,1.0]",186284,9.958958753600683,9.299011331635624,0.3060851388936738,0.1582347275107953,61069.24512001449,6.173333671883589,3.770462225261274,1.0973716709817385,-1.0,1.739,2.250746482313293,0.6225338325016203,0.006650606503775761,0.0,0.0
"[-0.340604, 2.41304, 0.00148883]","[5230087.0, 0.0, 5705315.0]","[0.5,0.0,1.0]",51569,9.665884490519815,8.032722320511189,0.1046094202233453,0.2971931551340123,57068.24104808282,5.823722758217892,4.7520744868929325,1.1922604982282636,0.239,0.239,1.8520530216957356,0.6958185895144197,0.04600380044012682,0.0,0.0
"[1.8578, -0.321981, 0.00293446]","[0.0, 15728160.0, 15995200.0]","[0.0,0.5,1.0]",113337,9.988382208250922,9.644574909488782,0.4204563340725153,0.0359364105260313,34117.92305059514,3.760631889107072,7.224694998858548,2.7140708281574892,0.82,0.82,3.6993094029916755,1.5470571782215812,0.0,0.0,0.0
"[-3.19279, 2.57641, 4.00085e-05]","[724716.5, 0.0, 1403754.0]","[0.5,0.0,1.0]",71317,10.287951579851164,6.193181172079875,0.0897976522267097,0.4511774115115838,57966.49146696087,5.902417895444429,5.547889007890168,0.7555410332020371,-1.0,1.534,1.212733972753475,1.3500294205991745,0.004778968745789128,0.0,0.0
"[2.53788, -4.28443]","[0.0, 16048080.0]","[0.0,0.5]",181699,9.2732261063794,4.333682213644069,0.2907257293596421,0.2899439536204389,74375.31845646829,7.3210194662135955,6.042934249042414,0.8037739388519645,1.918,1.918,1.2804701606598177,1.6637208012228193,0.0,0.0,0.0
"[2.08044, -2.5846]","[0.0, 23059360.0]","[0.0,0.5]",314137,9.88291328479198,8.471629073327788,0.7408000318455321,0.0132495255613586,69900.41086211253,6.937387070805538,3.4671837700267174,0.9101913494710776,-1.0,2.033,1.3128354679718583,1.4632865260051808,0.0,0.0,0.0
"[1.53533, -0.213877, 0.000645464]","[0.0, 2784246.0, 3020281.0]","[0.0,0.5,1.0]",359977,9.602209753131604,6.789048246067614,0.4529024787592053,0.3139198661274994,33452.2138457533,3.698828960563641,10.274281816324864,1.4170906732197992,-1.0,0.403,1.7558948606127778,0.656347791091241,0.0,0.0,0.0
"[1.82238, -0.277776, 0.0120566]","[0.0, 1453653.0, 1478486.0]","[0.0,0.5,1.0]",182710,10.42887919000762,5.975795025549815,0.0132943576671736,0.1496097383082517,40981.74562151699,4.390187217764732,8.551841599694184,0.8419266009806226,-1.0,0.471,1.1365634917478267,0.4532604731653166,0.0,0.0,0.0
"[-0.482811, 2.37968, 2.11806e-05]","[8359304.0, 0.0, 12455230.0]","[0.5,0.0,1.0]",292672,9.12163917994806,5.996935193167388,0.0842600529037972,0.0457973302091904,45111.21384288565,4.763122986654552,8.481026357796054,1.2659611148674326,-1.0,0.587,1.9528983857728035,0.8796480498746385,0.005826255090879133,0.0,0.0
"[2.16757, -0.415574, 0.00196815]","[0.0, 13800370.0, 14874650.0]","[0.0,0.5,1.0]",275079,9.564303751531307,9.368996192607394,0.4285426505748079,0.3292635917231528,15701.799640153256,1.9763472652989689,16.786746692696823,5.480334036160834,-1.0,0.593,8.068514728397036,3.5412549279777705,0.0,0.0,0.0
[4.62352],[0.0],[0.0],61468,10.155423120169752,8.662501767275668,0.4580998287734091,0.1710980399144232,18010.5166404903,2.2115679795657024,15.03248835296708,5.144227139705655,-1.0,0.595,11.061308541589893,0.0,0.0,0.0,0.0
"[4.47556, -0.85164, 5.99847e-05]","[0.0, 3075289.0, 5555996.0]","[0.0,0.5,1.0]",57931,9.729437017426214,9.22839824024953,0.6716494402099261,0.0723860454279027,14061.90675370256,1.8060611865898968,18.489727272257944,1.6787182926965667,-1.0,0.701,3.5514157365277557,1.5491941506064333,0.013001637955231609,0.0,0.0
"[3.45761, -0.735894, 0.000301974]","[0.0, 5208258.0, 8010565.0]","[0.0,0.5,1.0]",369688,9.146909526870228,8.869431305150403,0.6662081311041586,0.2597935607910194,58169.1155370175,5.92015302523572,4.469264575241464,0.5452277653995045,-1.0,0.757,1.013831934147248,0.4677196272598725,0.009474640487895357,0.0,0.0
"[-0.630168, 2.7307, 0.0110563]","[368058.2, 0.0, 396127.1]","[0.5,0.0,1.0]",292631,9.299736280333628,7.413053448812057,0.0961796729250901,0.1373842153282977,58304.25915827655,5.931978180095573,5.114816964442493,0.9408971589018346,-1.0,0.793,1.7277506507299676,0.0,0.0,0.0,0.0
"[1.90587, -3.72864, 0.000178965]","[0.0, 7372034.0, 9864884.0]","[0.0,0.5,1.0]",145707,29.785487205502623,26.508391093804818,0.1804839636157365,0.8738690070958848,45995.011331070426,4.842445107297603,0.8901942156051796,2.657798000675628,-1.0,0.961,3.6691765341964615,5.132124667381518,0.03555543716313071,0.0,0.0
"[3.37408, -0.682323, 0.00119409]","[0.0, 12588980.0, 13651610.0]","[0.0,0.5,1.0]",170450,11.649128547401236,8.398809790744087,0.0050873125516598,0.6787949030336277,54991.25562000072,5.641280176058835,4.112784071022005,0.2865252784653581,-1.0,1.508,0.5263087993777402,0.2366780316202403,0.009901055021286936,0.0,0.0
"[2.13639, -0.308686, 0.00475804]","[0.0, 675024.1, 693390.9]","[0.0,0.5,1.0]",85601,9.661086786709664,8.74107520444842,0.1863475807503211,0.0451897967216043,31337.35595803409,3.501497181379352,8.854159248681484,0.730367845601817,1.728,1.728,1.143167785581851,0.0,0.0,0.0,0.0
"[1.67095, -0.415575, 4.66798e-06]","[0.0, 7019251.0, 10252600.0]","[0.0,0.5,1.0]",272034,8.162952121448102,6.605303439985785,0.2283923177063335,0.4948536882862375,61546.991897562,6.214926381039009,5.870747391463414,1.1150385190631398,-1.0,1.915,1.4413571197572421,0.718810772630494,0.002409097426483296,0.0,0.0
"[2.6243, -0.282391, 0.046102]","[0.0, 128704.5, 129186.8]","[0.0,0.5,1.0]",147611,9.531524667321234,7.942874190277746,0.1093906359921309,0.4663183725102663,47160.22639405557,4.946776609698862,6.1033485283635,0.7734221920281277,-1.0,2.859,1.3290249392014557,0.0,0.0,0.0,0.0
[3.05974],[0.0],[0.0],214802,28.072930718253403,23.65754744449191,0.2820377121924,0.3358150084119846,28026.146228419395,3.189200193377359,1.7912231325766708,7.243771349223324,-1.0,0.484,12.670886342438806,0.0,0.0,0.0,0.0
"[1.85234, -2.61488, 0.000560105]","[0.0, 647893.3, 1053451.0]","[0.0,0.5,1.0]",387753,11.600643375009511,9.265140292659524,0.2458895013066571,0.330165478533919,35897.92548715841,3.925192961814503,6.244278491951627,1.6266357824342248,-1.0,0.523,2.213862654044564,2.630647823504473,0.0,0.0,0.0
"[1.66681, -0.469706, 2.39163e-06]","[0.0, 6096248.0, 9972219.0]","[0.0,0.5,1.0]",290947,9.360085812953814,3.485899550583923,0.0275797095395717,0.4624223604933676,26839.93423511712,3.076220293861017,23.985119558630345,2.3158555015251103,-1.0,0.804,2.9898851533129327,1.5871738953129166,0.0035814463861342217,0.0,0.0
"[2.08856, -0.602118, 0.000270215]","[0.0, 6612634.0, 7817814.0]","[0.0,0.5,1.0]",345989,9.72970613955092,8.280762214548565,0.2577694582801271,0.2942477903423023,118817.36876749502,11.038816134011364,1.788170195633346,0.4103377249359161,-1.0,1.249,0.5930139698412016,0.3184067393948893,0.006745220838633547,0.0,0.0
"[1.63726, -0.167781, 8.76255e-06]","[0.0, 13572260.0, 16832660.0]","[0.0,0.5,1.0]",6338,9.405041031517044,8.635569603600839,0.6266841965676412,0.3105237660405727,51388.77843068556,5.323159342173817,5.191012096088909,0.6417734426770932,-1.0,1.582,0.821184167160004,0.2628773274165619,0.0018997523748250005,0.0,0.0
"[1.96222, -0.582436, 0.00724446]","[0.0, 4137681.0, 4297929.0]","[0.0,0.5,1.0]",212613,10.02143038011969,6.264429222754327,0.2296446140389555,0.2949923600655542,33805.38424170163,3.7316343636202807,10.523266517989969,1.4038634951246924,-1.0,0.398,1.9665216413740332,1.0780359644982627,0.0,0.0,0.0
"[2.25244, -1.04967, 0.280309]","[0.0, 1341770.0, 1345630.0]","[0.0,0.5,1.0]",358268,8.341052523603677,7.860163932972378,0.3642189548892068,0.4428936100708935,87406.92613186326,8.426846581095225,3.188816583322206,0.4967795390157805,0.5,0.5,0.7455732463996977,0.5729095899211102,0.0,0.0,0.0
"[2.00264, -0.307914, 9.52008e-05]","[0.0, 4665593.0, 6158748.0]","[0.0,0.5,1.0]",36645,34.117972519221986,10.585575370455649,0.1102484827225175,0.6893304742426267,36337.83603866903,3.96571429409818,2.363144560847512,2.2996109673628786,-1.0,0.776,3.2542867234493147,1.2760541050687118,0.022437510552737558,0.0,0.0
"[1.82507, -0.513221, 0.000160838]","[0.0, 3067010.0, 3597264.0]","[0.0,0.5,1.0]",129986,28.17127083615588,16.171231106623694,0.5323010663951149,0.0607896487742033,49159.10030254333,5.125118709779425,1.316972021069766,0.5030585596375836,1.087,1.087,0.6796077240430528,0.3603883573437526,0.00637988536105707,0.0,0.0
"[1.69103, -0.573171, 0.000180949]","[0.0, 4963993.0, 5617077.0]","[0.0,0.5,1.0]",214289,11.007406288421077,9.211053924794657,0.8106324582663029,0.1504835654658237,120140.54209004014,11.147524982151818,1.454852259699824,0.2516464250970324,-1.0,1.351,0.327240028140383,0.19051662070070638,0.003385079391789591,0.0,0.0
"[2.50529, -0.820505, 1.64462e-06]","[0.0, 3594544.0, 6485506.0]","[0.0,0.5,1.0]",132982,10.84533935486346,8.229422812360292,0.611264733648876,0.1855276387789897,67257.94223841396,6.7097840276597625,3.458175460489436,0.5259127368418373,-1.0,1.393,0.8324203549799856,0.4763808608433454,0.0006744448962977941,0.0,0.0
"[3.38235, -0.514667, 6.17365e-07]","[0.0, 10172740.0, 19379360.0]","[0.0,0.5,1.0]",239467,8.702252206169062,7.642950693713067,0.2142079709236131,0.4447700310897603,25909.64480105554,2.9871685739967537,13.22837737346048,2.263029288852153,-1.0,1.726,4.161974812383688,1.623503899322132,0.0017781204511925668,0.0,0.0
"[-0.000756348, 0.000149781]","[289132400.0, 289167100.0]","[0.5,1.0]",305817,9.139500229981364,7.741141189803217,0.1664983545863355,0.0330064248889834,57437.992057966345,5.856131284423982,5.0930803351722,0.3792835087550104,2.418,2.418,0.010430972283122019,0.004641863046493708,0.0,0.0,0.0
"[-2.15347, 4.67265, 1.38446e-06]","[3738982.0, 0.0, 11956140.0]","[0.5,0.0,1.0]",126389,9.972223208440422,8.548587386011665,0.4688376882165284,0.1380980916894817,60957.889318754496,6.16363448797764,4.052174534313701,1.419155743079885,-1.0,0.743,3.067691514146407,2.0825693482309178,0.0016698223334786356,0.0,0.0
"[3.44334, -0.249244, 0.000925847]","[0.0, 32488130.0, 33540140.0]","[0.0,0.5,1.0]",398299,32.15360920790408,17.214459384016394,0.3330906681299001,0.2488392757557141,88286.31448655308,8.500923976652363,0.5404962850064098,1.6729445876060007,-1.0,0.807,3.1043559338790416,0.8352065900982784,0.0509039130080747,0.0,0.0
[3.48964],[0.0],[0.0],151912,9.91260488599734,6.855033506209842,0.1948490788561092,0.3872637776829706,135214.31427573477,12.379818458892313,1.7361466673265464,0.6142769579367697,-1.0,0.975,1.1475048718181908,0.0,0.0,0.0,0.0
"[2.45348, 5.05929, -6.68241]","[0.0, 264048.5, 264038.1]","[0.0,1.0,0.5]",38125,9.411630730115188,8.206068503127803,0.3496945102230874,0.1613552439081577,30033.22381026604,3.3790104583338803,9.990792353163329,0.2090567591315593,-1.0,1.013,0.7876525175840127,0.0,0.0,0.0,0.0
"[-0.277589, 2.11371, 5.75876e-05]","[12814090.0, 0.0, 15152400.0]","[0.5,0.0,1.0]",155621,10.622526244742597,4.512532586208801,0.1534038422381361,0.3335077733445531,36004.16399234611,3.934984129907496,12.538544629202375,1.7648085048740478,-1.0,1.075,2.5657851607717097,0.9298196377278051,0.013392513034636719,0.0,0.0
"[-0.863143, 11.3491, 0.00980272]","[1230533.0, 0.0, 1499765.0]","[0.5,0.0,1.0]",252025,9.714294048573452,6.540250743348271,0.0886124447246933,0.8205201389849109,80745.98689927848,7.863592679537529,3.650450801221296,0.7627380820909254,-1.0,1.091,2.5695444911113334,0.7126381213013965,0.0,0.0,0.0
"[1.35109, 3.89252e-05, -0.185696]","[0.0, 9633954.0, 8575759.0]","[0.0,1.0,0.5]",54078,8.880837544476778,8.829414260255172,0.4970379828266577,0.6157656803332524,37140.35943433698,4.039491032548848,7.799884198391628,1.2665980296555328,-1.0,1.409,1.4722479148233623,0.5458082332929585,0.00790231312602981,0.0,0.0
"[2.52671, -0.416899, 0.000925471]","[0.0, 1640901.0, 1912278.0]","[0.0,0.5,1.0]",288848,11.340387997438814,9.328139443860858,0.6009207711150315,0.0937821614581037,39081.22014132341,4.217168297983325,5.745559780853965,1.0960458438885068,-1.0,0.418,1.7422337366903335,0.7084768364130861,0.0,0.0,0.0
"[-9.99179, -2.86626, 6.94045, 7.64618, 0.000704071]","[260977.4, 1914567.0, 0.0, 78708.43, 4361021.0]","[0.5,0.5,0.0,0.0,1.0]",182555,10.019507200950375,9.970426018519737,0.6272606420258036,0.3949107231171918,30840.55588940724,3.454911813362707,7.82868300885508,3.202801101579192,0.492,0.492,15.878407735454767,5.422352669810642,0.08498420135740857,0.0,0.0
"[1.95305, -0.215719, 0.0201842]","[0.0, 22144300.0, 22253180.0]","[0.0,0.5,1.0]",246545,40.12960268035929,38.521423071875645,0.2856975117979431,0.0744088950293325,39948.80664894168,4.296265820881729,0.5986341857190737,6.904013803833654,-1.0,0.57,9.648467358446924,3.206607841178267,0.9808608973584797,0.0,0.0
[3.2606],[0.0],[0.0],325510,9.873655853137878,8.181669379873505,0.6233990178791822,0.5614762166614982,99846.79985091306,9.46918270391176,2.252876676357472,0.6567044054425553,-1.0,0.645,1.1858197841922895,0.0,0.0,0.0,0.0
"[3.28644, -2.00637, 4.13587e-05]","[0.0, 8550381.0, 18497610.0]","[0.0,0.5,1.0]",205042,11.780893944689156,7.991624145511324,0.3004138985491253,0.3206188311241679,24868.64782467209,2.8870264885782984,10.388552851723524,2.4604556961179043,-1.0,0.647,4.460447204795875,3.485146688468002,0.01582337020813643,0.0,0.0
"[-0.450747, 2.38543, 0.00583651]","[3300595.0, 0.0, 3588587.0]","[0.5,0.0,1.0]",41122,8.33501435769698,4.520488083478525,0.1279069122964063,0.362818749407564,83040.60469188543,8.058069971974955,5.490207290475843,0.7069549460017678,-1.0,0.657,1.0918804137199571,0.47769626808915033,0.0,0.0,0.0
"[3.57318, -0.259993, 0.00295]","[0.0, 3387515.0, 3661889.0]","[0.0,0.5,1.0]",21378,9.731703818885125,8.273444734857863,0.4562588475738689,0.5658176757247546,80178.72148797526,7.815439889583082,3.007649283742914,0.5832366111374598,-1.0,0.661,1.1024838214879134,0.29738948272236565,0.031677856406088625,0.0,0.0
"[2.3967, -25.6641, 26.3673]","[0.0, 32331800.0, 32322210.0]","[0.0,0.5,0.0]",324469,9.995117887917154,9.313791873925304,0.3410357113661121,0.582171797214225,178458.1545938091,15.86404140608931,0.9031895239497938,0.3916368758379791,-1.0,0.799,0.6063039748166057,2.824986216839634,0.0,0.0,0.0
"[2.10386, -1.08054]","[0.0, 6662688.0]","[0.0,0.5]",34199,10.140758435472067,9.196525093793031,0.0820829968280519,0.1584682708838636,39091.5335683575,4.218109720573362,6.37224506471227,2.288061927495437,2.632,2.632,3.318762643548967,2.3784180872096172,0.0,0.0,0.0
"[-1.20222, 2.73896, 0.111655]","[630523.6, 0.0, 647066.3]","[0.5,0.0,1.0]",16906,10.216145538094343,5.959355673689293,0.2037858018554581,0.2591183272091346,5527.4852416483545,0.8466047026443597,51.94612617642295,12.51245913688412,-1.0,0.344,25.18965002779501,0.0,0.0,0.0,0.0
"[2.10367, -0.691597, 0.0345206]","[0.0, 1501018.0, 1549984.0]","[0.0,0.5,1.0]",143014,8.213643222424633,6.8619312921443845,0.5147432619536502,0.813813081119213,31069.82017306296,3.4764214338570394,12.529517205304566,1.385480455899436,-1.0,0.389,2.009505553013067,1.1806030085544401,0.0,0.0,0.0
"[-1.41309, 2.64531, 0.140322]","[1951487.0, 0.0, 1977271.0]","[0.5,0.0,1.0]",181668,8.802916311875151,7.599906026481218,0.1571347128376317,0.2288512192430877,37935.32108647841,4.112391258143807,8.70044466407914,0.9693419083223554,0.406,0.406,1.576577325424078,1.2081484949256631,0.0,0.0,0.0
"[2.47375, -0.671079, 0.00328894]","[0.0, 27965760.0, 29653310.0]","[0.0,0.5,1.0]",391933,10.333934891278664,7.294225167921254,0.1188829851164662,0.0812433310011406,25843.11908813109,2.980785436338856,12.001983230166587,1.7177421857060076,-1.0,0.475,2.701692300799739,1.4071642916613814,0.09851127882609831,0.0,0.0
"[3.65733, 0.00209294, -0.0309619]","[0.0, 67265710.0, 67099380.0]","[0.0,1.0,0.5]",74311,9.897561016646256,6.545335890735378,0.5018368012901326,0.0313414100189823,47996.74569933331,5.021507329968024,6.845431195346953,1.5571604831106898,-1.0,0.734,2.977936604357927,0.2831071928402486,0.0,0.0,0.0
"[-1.1574, 1.80607, 0.0292633]","[7347620.0, 0.0, 7536372.0]","[0.5,0.0,1.0]",342892,8.09923620170829,4.557344872520752,0.2845048677901765,0.1712367832626519,69014.3206768543,6.861157115188637,7.060718634752267,0.6373341536336111,-1.0,0.835,0.8565140306358869,0.6942740738097374,0.0,0.0,0.0
[4.65162],[0.0],[0.0],305228,10.091693086286812,7.949892286257819,0.1455122886157628,0.0676810322434897,48594.61366461242,5.074833495302087,5.618053182713293,1.662246008691991,-1.0,0.916,3.5850681303809617,0.0,0.0,0.0,0.0
"[2.20851, -0.861384, 0.000350282]","[0.0, 31676110.0, 34602380.0]","[0.0,0.5,1.0]",26128,11.008343049861043,8.463637398690583,0.0300926747193138,0.0945097396341909,33860.43394831102,3.736744649191579,7.5122137937558175,1.5828525335438617,1.09,1.09,2.352286091638974,1.4690577072326287,0.029624386560323717,0.0,0.0
"[2.39889, -0.537552, 0.0050128]","[0.0, 65243120.0, 66326680.0]","[0.0,0.5,1.0]",113724,10.16216833808702,9.705113208187056,0.7031457449822164,0.0938291135824881,40477.88562865356,4.344406646522999,5.842564595762926,1.6125203967313235,-1.0,1.098,2.497528102994188,1.1822667011309764,0.1141682661309837,0.0,0.0
"[-0.376862, 2.287, 1.71372e-05]","[35029030.0, 0.0, 39027490.0]","[0.5,0.0,1.0]",154199,10.78522450962758,6.683008779042246,0.5047995794093321,0.636827753744017,42709.746660877776,4.546724125713602,7.198870359693045,1.3307587810752624,1.566,1.566,2.0124839379995545,0.8169406655824839,0.005508955612964704,0.0,0.0
"[3.49864, -0.330009, 0.000114507]","[0.0, 2923413.0, 3809125.0]","[0.0,0.5,1.0]",390096,33.549580561257315,33.31682364300786,0.2850678340349095,0.4371743272795585,33456.33202337247,3.69921172314264,0.9573126709328876,3.7293830642249226,-1.0,1.586,6.975681174889863,2.142396678440407,0.03990736127126293,0.0,0.0
[3.56044],[0.0],[0.0],324054,10.431024609573342,5.2966091733384,0.4847782401876412,0.2888972861796623,141263.77065186817,12.871452440467818,1.968202862509297,0.3711240473289058,2.216,2.216,0.7002787236710448,0.0,0.0,0.0,0.0
"[-0.928276, 4.71634, 0.0128769]","[3106556.0, 0.0, 3427072.0]","[0.5,0.0,1.0]",78127,8.432598249822021,7.581190208306335,0.3539522577037224,0.0374781078271652,34534.19806310898,3.799204973655472,10.035998426328629,1.702444275777606,0.548,0.548,3.6972214024601606,1.6515928646331375,0.0,0.0,0.0
[3.29042],[0.0],[0.0],147913,10.426574255534906,7.576001481669492,0.2052423642614046,0.3612272467952617,48425.98334660158,5.05979956039859,5.725449856098168,1.5639590138555168,0.65,0.65,2.836945780001847,0.0,0.0,0.0,0.0
"[2.61741, -0.5032, 9.25496e-05]","[0.0, 14045910.0, 15538790.0]","[0.0,0.5,1.0]",251503,9.42978866258354,6.211010263695314,0.3447977506679738,0.0830491165207253,20986.568764315187,2.5084067242232564,18.32099558557126,1.397173537195712,0.654,0.654,2.2604048479380343,0.9911984223588535,0.0,0.0,0.0
"[-1.18905, 8.33197, 1.99318e-05]","[2976373.0, 0.0, 5102405.0]","[0.5,0.0,1.0]",8551,10.427438774003027,9.842558749763976,0.0436290526700558,0.5008931944952127,110209.31011592373,10.32925374863498,1.6157478409344137,0.8912196924982536,0.789,0.789,2.5725191889616186,0.9718177627723056,0.003978854284676105,0.0,0.0
"[2.14172, -0.244904, 0.000101798]","[0.0, 7031674.0, 7936976.0]","[0.0,0.5,1.0]",218662,10.544785122384342,9.09323699643383,0.2674925602575572,0.0116445751688554,49202.14500833377,5.128950872545263,4.764415478150193,1.799388981556132,0.987,0.987,2.633336767312445,0.8904775933923372,0.018154934215404078,0.0,0.0
[3.0871],[0.0],[0.0],49586,11.038491310778456,10.177159608319776,0.8140587746987086,0.2138572475126425,41045.15815678482,4.39594482040246,5.15956995247411,1.1550229102022034,-1.0,1.054,2.0293920164367485,0.0,0.0,0.0,0.0
"[3.05378, 0.000155481, -0.182603]","[0.0, 24184730.0, 21878990.0]","[0.0,1.0,0.5]",255856,9.498770222146897,5.434586787652952,0.1970801403077901,0.3032950550094225,53754.04376884428,5.532274031644628,7.263647665216424,0.6715483842891454,-1.0,1.294,1.1735353649910947,0.28696654086407003,0.008373672496414901,0.0,0.0
"[1.53415, 0.158292, -0.277944]","[0.0, 9051480.0, 9051255.0]","[0.0,1.0,0.5]",92998,9.793233992781657,5.568172680068563,0.008328478810923,0.1992298894895793,33875.01042142287,3.738097378889935,11.854276569204016,1.5811408321708385,1.473,1.473,1.9584138257645853,1.0443144937608566,0.0,0.0,0.0
"[-0.405, 1.95995, 2.00559e-05]","[10079150.0, 0.0, 14554210.0]","[0.5,0.0,1.0]",188913,9.953807130357951,9.395941381510184,0.2287566621502819,0.6019493057551207,82543.36930213832,8.015967979079553,2.5545741350519653,0.4756419588432047,-1.0,1.798,0.6658902487199095,0.3026966890633945,0.002130106103461844,0.0,0.0
"[2.19127, -0.244589, 0.0745026]","[0.0, 2706984.0, 2709648.0]","[0.0,0.5,1.0]",403446,10.274056869282168,8.631860240600558,0.2140049320314137,0.3591559842396313,61869.55889684519,6.242991559572721,3.850641697954943,1.1199711807539046,-1.0,2.546,1.6578864955543005,0.6326514872433978,0.0,0.0,0.0
[4.84326],[0.0],[0.0],18982,9.29057554676388,8.690394174413164,0.3283408310510072,0.2701911650159688,17474.308582414702,2.157359913828772,16.596849178552223,2.8947792453565206,-1.0,0.766,6.370658747010823,0.0,0.0,0.0,0.0
"[-0.739333, 2.49316, 0.0432594]","[2647736.0, 0.0, 2746396.0]","[0.5,0.0,1.0]",292994,9.802386565542886,7.259198997014228,0.2580763944358361,0.0943991898902528,10162.799320975102,1.387031580654749,29.49392134428098,3.71279753605175,-1.0,0.846,5.862412078569783,3.284498593321488,0.0,0.0,0.0
[3.64263],[0.0],[0.0],218206,8.52949484587074,7.690106214430721,0.0560530945590378,0.448181827823449,53740.84475698559,5.531109824790089,5.877910272277231,1.1096819101173083,0.886,0.886,2.1179028574611096,0.0,0.0,0.0,0.0
"[2.29599, -0.54833, 0.000378372]","[0.0, 16982230.0, 19420810.0]","[0.0,0.5,1.0]",171968,10.40510552178559,8.763486797174114,0.1735557863704439,0.130331298231716,46045.926539217406,4.84700988493249,5.375602220966733,1.105636386365953,-1.0,1.089,1.6753182479087434,0.8187160919595446,0.0215066029898801,0.0,0.0
"[1.82691, -0.263557, 0.0147449]","[0.0, 10027980.0, 10106340.0]","[0.0,0.5,1.0]",236097,9.798866437764577,7.748667099554737,0.5189681942172505,0.1687832797691845,30522.25605566228,3.4250163959097955,9.973660226847404,3.0145278211429054,1.142,1.142,4.07453331236372,1.5902938593508749,0.0,0.0,0.0
"[-1.62761, 2.29902, 6.61301e-05]","[18587710.0, 0.0, 23135660.0]","[0.5,0.0,1.0]",376564,10.788767046538217,7.168292618905176,0.2793952697797441,0.0508895164345094,108365.00264465551,10.176671892027528,2.1064293034358994,0.7026529061563018,-1.0,1.324,1.0653988447217142,0.896429255546206,0.005714002637987904,0.0,0.0
"[2.60485, -0.638523, 3.72091e-05]","[0.0, 38936480.0, 44913440.0]","[0.0,0.5,1.0]",11984,36.85616450494987,33.35123198575267,0.4191277586662119,0.2994846623619053,131428.35542539207,12.071323088834218,0.1608236365773345,1.70694197728413,-1.0,1.355,2.754927146559434,1.363976950846925,0.01041222013872262,0.0,0.0
"[2.33426, -0.328117, 0.0172642]","[0.0, 3469388.0, 3491397.0]","[0.0,0.5,1.0]",282891,32.77974655971762,12.997669762143476,0.0675349177617186,0.961251693047759,119658.70031083132,11.107948583434553,0.4570937109229818,0.7872012389151926,1.607,1.607,1.2027085072653068,0.4626314104802811,0.0,0.0,0.0
[3.42874],[0.0],[0.0],225590,11.043666958318118,10.618321331539365,0.6484943885583461,0.0800796429811552,47252.95483541516,4.955067171153997,4.223080465129848,1.0653116481652798,1.878,1.878,1.9726223646314822,0.0,0.0,0.0,0.0
"[1.57637, -0.22626, 0.00143968]","[0.0, 1967287.0, 2083771.0]","[0.0,0.5,1.0]",286733,10.129178312098167,8.19627263163761,0.7701052527705237,0.1244527232849344,37433.11430928431,4.066357759198645,7.385468402771566,2.539773594459737,-1.0,1.959,3.1887765249989286,1.2119263098954896,0.0,0.0,0.0
[3.42914],[0.0],[0.0],356763,10.756946651445444,4.180291617377679,0.1134638586147721,0.1135271578084369,68604.01052868545,6.825827466537142,6.170981590034987,0.6656183775417256,2.491,2.491,1.2325879347855466,0.0,0.0,0.0,0.0
"[4.29734, -0.284881, 3.22316e-05]","[0.0, 4577590.0, 6171730.0]","[0.0,0.5,1.0]",119734,32.00819140055428,31.62892180794435,0.0837251140281054,0.2744599107373148,105143.41210804392,9.90964634405728,0.2554173354809865,1.6732459832686382,-1.0,2.686,3.46864336270181,0.8930824059666486,0.009499499484072922,0.0,0.0
"[2.56805, -0.397092, 5.45291e-05]","[0.0, 21962630.0, 25989980.0]","[0.0,0.5,1.0]",397960,36.78877466140921,10.251091518468224,0.2977119628893787,0.3215129300598768,132535.22120214097,12.16158195136725,0.4534540605363039,0.636516360281263,-1.0,0.69,1.0200261561095871,0.40110228821915345,0.004700280060368633,0.0,0.0
[3.57569],[0.0],[0.0],79975,10.465168112425706,5.101875855100798,0.3476056249962598,0.1415822183338916,91930.88199904606,8.807267788706152,3.617340757511178,0.463526777418888,0.718,0.718,0.8765057265812063,0.0,0.0,0.0,0.0
"[-1.9974, 2.09732, 0.0147963]","[2110276.0, 0.0, 2185153.0]","[0.5,0.0,1.0]",376426,10.271178298092677,7.478681981980231,0.605583524105806,0.1025039696206967,60361.676612715215,6.111674304927015,4.487902403613097,0.2899733837383327,0.876,0.876,0.41994313454490606,0.41133276931507395,0.0,0.0,0.0
"[3.50399, -1.97924, 0.000256135]","[0.0, 47673390.0, 52052160.0]","[0.0,0.5,1.0]",266386,15.252187578212272,10.03540354858435,0.4538227921319865,0.3527535273957244,66755.79914134434,6.666438850018302,2.2360915036316373,1.77982772662163,0.936,0.936,3.3316501987239535,2.503958909457884,0.028484751284519015,0.0,0.0
"[3.32744, 1.44402e-05, -0.0110908]","[0.0, 103704100.0, 101857900.0]","[0.0,1.0,0.5]",225721,8.793012404273139,5.441607549236056,0.0867725373914796,0.3012407523348585,102090.04406855552,9.65595611490542,3.411718632368364,0.3412102444746563,-1.0,1.137,0.6224108839573277,0.03593382916706554,0.0012966079081895626,0.0,0.0
"[3.84734, -0.00296054]","[0.0, 174759400.0]","[0.0,0.5]",241599,9.234261004292303,7.227049040611932,0.1398516029582965,0.9309463569042922,80485.40195950626,7.841476532945513,3.504508976890172,0.8876934927771605,-1.0,1.264,1.7411785975617449,0.04830015260565986,0.0,0.0,0.0
"[1.4099, -0.157477, 0.00497604]","[0.0, 9384215.0, 9662086.0]","[0.0,0.5,1.0]",194528,10.49266140448949,6.6100026905848015,0.7112176782857115,0.0357590779139853,19676.27780096431,2.3785083212757163,16.973412366358957,1.6585002504021615,-1.0,1.382,1.9692900957744717,0.6684662155524698,0.0,0.0,0.0
"[2.02148, -0.282911, 5.48254e-05]","[0.0, 8813889.0, 10044640.0]","[0.0,0.5,1.0]",339061,9.76428547549075,8.15240737707231,0.4360779636047086,0.4452597270189053,91224.34157039988,8.747961645598918,2.5685032042390645,0.6458707489793752,-1.0,2.759,0.9182910267546965,0.3435346381930085,0.004782296741277861,0.0,0.0
"[1.78907, -0.71814, 0.028795]","[0.0, 3242055.0, 3348689.0]","[0.0,0.5,1.0]",190895,32.574612200015295,16.115064380327272,0.0835970928496158,0.4100966179922477,39942.60547350792,4.295701109313689,1.5026992810326412,5.042739731169182,-1.0,0.588,6.74497307445199,4.358208052133982,0.0,0.0,0.0
"[3.90005, 0.00214801, -0.0968297]","[0.0, 18922970.0, 18568690.0]","[0.0,1.0,0.5]",216423,9.659937865991962,9.061482320319053,0.1354369548894855,0.1003831443696266,39172.58294990783,4.225507200642796,6.70042148296971,1.8084800817397484,-1.0,0.76,3.571484891974624,0.5689609114168552,0.0,0.0,0.0
"[2.06438, -0.422618, 0.000520549]","[0.0, 4258269.0, 5190005.0]","[0.0,0.5,1.0]",300155,9.52320903520616,5.021699149639525,0.0376229529962388,0.2005482833611642,76439.58998456593,7.497269877422728,5.01395952615982,0.5863442538040404,-1.0,1.13,0.8424565182571497,0.3811769832739354,0.013377762504824484,0.0,0.0
"[-4.59903, 5.86054, 4.89774, -4.88083, 0.367458]","[28049.92, 8580.553, 0.0, 24007.66, 31047.83]","[0.5,0.0,0.0,0.5,1.0]",7979,8.57662532801261,7.848765218831301,0.4992785003954737,0.1257974668423007,24481.57836926814,2.84965227907506,13.880181424975294,2.2916932624604134,1.377,1.377,10.402772461742517,0.0,0.0,0.0,0.0
"[3.4011, -0.175419, 3.78311e-06]","[0.0, 31328290.0, 38145500.0]","[0.0,0.5,1.0]",314412,10.528823945548355,9.660519030991274,0.3058307259267279,0.1739408602554971,110159.3943332032,10.32512690155535,1.6291664802740884,0.3246830031242644,-1.0,1.379,0.5987827147791253,0.13598714929587424,0.0006315155356525923,0.0,0.0
"[-0.815875, 5.05227, 0.00129109]","[3429754.0, 0.0, 4225644.0]","[0.5,0.0,1.0]",190474,10.102898284857517,6.852979082628906,0.9594932072582436,0.2214170589611542,34476.84295498783,3.7938935498145967,9.462609440417856,0.7514467594291334,1.515,1.515,1.689046055873782,0.6792871264529113,0.0,0.0,0.0
"[1.80318, -0.3786, 0.0924127]","[0.0, 5851867.0, 5863585.0]","[0.0,0.5,1.0]",345912,9.84089030724752,7.337030638069336,0.4313394177101181,0.378703443454924,32751.20420280017,3.633590472914885,9.644571145467433,1.9639705175626685,-1.0,0.645,2.637269455697718,1.3478801346908946,0.0,0.0,0.0
"[-1.85767, 2.77464, 0.000893801]","[5477342.0, 0.0, 7534109.0]","[0.5,0.0,1.0]",127577,35.23289916046732,28.75821314117707,0.3133541612726287,0.2090764266881124,61011.08332000069,6.168268129491604,0.5148523838156079,2.3760423982353416,0.676,0.676,3.957833383828331,3.238459497037133,0.07103536299339451,0.0,0.0
"[3.46943, -2.13197, 7.29983e-05]","[0.0, 2889670.0, 6462097.0]","[0.0,0.5,1.0]",80733,9.196857992094834,8.557808043489018,0.355315494464373,0.3417110709987976,44572.78212132994,4.714715314904936,6.306978307477154,0.9862239417306132,-1.0,0.776,1.8369807532971079,1.440011916236623,0.008426202936832654,0.0,0.0
"[-0.644519, 2.68744, 0.00038327]","[3321346.0, 0.0, 4494614.0]","[0.5,0.0,1.0]",349573,10.104949597313489,8.57277443859096,0.4340107027118174,0.5872138646172054,14325.146381870503,1.833597349048923,18.761421060273047,6.1434781713578115,-1.0,0.786,10.071257683293476,4.93356974712318,0.0,0.0,0.0
[3.73632],[0.0],[0.0],211973,7.056803629680704,5.199931804641706,0.5652909630713735,0.2040366249714785,49351.6367153173,5.142256481736355,10.601065912108288,0.6550561396290439,-1.0,1.136,1.2661948821710725,0.0,0.0,0.0,0.0
"[-1.71605, 3.22518, 0.000117913]","[6056647.0, 0.0, 9000513.0]","[0.5,0.0,1.0]",227908,10.140882041458498,7.61315304901367,0.7011595308724408,0.1601859889372285,49722.78616510809,5.175272493266543,5.650350379412062,0.7260323060372496,-1.0,1.301,1.3038658922489652,0.9510884652295125,0.007883821637837438,0.0,0.0
"[2.20669, -15.523, 7.38937e-05]","[0.0, 86957970.0, 110284400.0]","[0.0,0.5,1.0]",383474,9.544727255354944,6.087204112123842,0.1023037684370651,0.059327273012258,29491.88820426602,3.327976289729284,13.013423436644562,1.7550214915451432,1.564,1.564,2.607072463634862,6.914651044318565,0.015086418314888099,0.0,0.0
"[-0.651695, 3.37676, 2.02433e-06]","[3214551.0, 0.0, 6850631.0]","[0.5,0.0,1.0]",24708,10.890162396028806,7.962598194970844,0.3175497858467059,0.4770454856358657,43105.82275983661,4.582504342374498,6.072454012143574,0.918720964928562,-1.0,1.587,1.68823820544513,0.7416616473351214,0.0013071465548215625,0.0,0.0
"[1.74964, -0.929114, 0.00315873]","[0.0, 2252571.0, 2668054.0]","[0.0,0.5,1.0]",5961,10.666457063901651,4.200147236923588,0.6164288224459317,0.3698003875188251,34288.35383932707,3.776430951683083,14.081758970042335,1.6406667624488154,-1.0,0.433,2.17017486645301,1.584133836410711,0.0,0.0,0.0
"[1.91073, -0.765244, 2.27813e-05]","[0.0, 14567520.0, 17557660.0]","[0.0,0.5,1.0]",366777,9.011520105127154,8.962197906248376,0.3748256621055378,0.2143916929415492,44973.09999151455,4.750711750563602,6.1071827084907975,1.222410755910234,0.811,0.811,1.6897280898287177,1.0693432420191151,0.005834537213345407,0.0,0.0
"[5.33991, -0.847781, 0.00769123]","[0.0, 97263500.0, 98401130.0]","[0.0,0.5,1.0]",384293,9.403048278564972,7.279324625183674,0.2946474719852572,0.2889942360529493,59882.8249485944,6.069905822877202,4.982114036392133,1.0328907651369903,-1.0,0.828,2.386829315000601,0.9510344173920378,0.09058416677545149,0.0,0.0
"[2.38853, -0.862916, 1.93509e-05]","[0.0, 9853134.0, 12551580.0]","[0.0,0.5,1.0]",390175,30.758964847205544,27.986439959684187,0.129487699654073,0.0085491267261758,40360.94695197839,4.333772512779813,0.9639576832306304,4.976039184399457,1.098,1.098,7.690403762847193,4.622405618979881,0.0218894261296614,0.0,0.0
"[2.09076, -0.320234, 7.54589e-05]","[0.0, 10366150.0, 12406560.0]","[0.0,0.5,1.0]",60925,9.778368970149668,8.648302793586558,0.4872738224158455,0.0493628923755082,54653.07713549012,5.611509397661767,4.661161494372319,1.4103685912668924,-1.0,1.113,2.0393169035790555,0.7981166073275803,0.012251460459389286,0.0,0.0
"[2.73816, -0.479691, 0.000102621]","[0.0, 2712540.0, 3609300.0]","[0.0,0.5,1.0]",140274,10.17264826029865,9.982007687811256,0.2391288482646369,0.2499296877000366,57724.73257940201,5.881249543443287,3.741719372012521,0.3881053148818606,-1.0,1.498,0.6422128648284409,0.2688006876083696,0.003931585379530995,0.0,0.0
"[-4.54567, 2.38342, -3.11713, 7.22436, 4.40122e-05]","[122174.7, 0.0, 134372.8, 118781.4, 448253.7]","[0.5,0.0,0.5,0.0,1.0]",52009,8.996353415089366,7.968783893262325,0.4950186626161373,0.6526818849145958,45298.61248765703,4.779955866877951,6.6921123252144135,0.8552332589843715,-1.0,1.552,3.554173271164365,0.0,0.0,0.0,0.0
"[-0.632692, 1.86016, 6.78258e-06]","[6956720.0, 0.0, 10379170.0]","[0.5,0.0,1.0]",207184,9.52562430452224,7.668497026028212,0.3838939298565376,0.2602853462504987,50288.93697852018,5.225585551019682,5.829072734234037,0.5465738730038795,-1.0,1.57,0.7454594397884042,0.4347554545973604,0.0014234634831236958,0.0,0.0
"[1.86753, -0.444999, 0.0003232]","[0.0, 4660210.0, 5599521.0]","[0.0,0.5,1.0]",267904,9.61923101128836,8.117679226094015,0.0779112200168223,0.1359292131595823,47285.426021158746,4.957970235995196,5.92834391540798,1.2136649768395844,-1.0,1.824,1.658565445474916,0.8096146106885991,0.021818982581354972,0.0,0.0
"[2.51029, -0.388855, 0.0307027]","[0.0, 122288.1, 123890.7]","[0.0,0.5,1.0]",36960,10.249971891942195,5.85095174575886,0.1277459846963896,0.0389695717436922,37894.93170645856,4.108691584308209,9.657434873083496,1.5759168871636062,-1.0,2.051,2.697465084869015,0.0,0.0,0.0,0.0
"[3.01499, -0.214038]","[0.0, 31984860.0]","[0.0,0.5]",7791,10.396960838811218,8.423003705848773,0.2707966515674431,0.40149037566345,49515.68314835512,5.156852411474698,5.104405313242613,1.9445052833861236,-1.0,2.15,3.3763858032367127,0.899610611549926,0.0,0.0,0.0
"[2.03429, 0.122723, -0.2567]","[0.0, 16419640.0, 16416820.0]","[0.0,1.0,0.5]",134026,10.004965322822756,6.022645632974004,0.1974843256087098,0.5401244078435121,38533.14618596511,4.167098666840114,9.417138658814409,1.7109348393886898,-1.0,0.611,2.4402813564285375,1.0538900314552304,0.0,0.0,0.0
"[-0.841601, 1.95112, 0.0440797]","[613592.1, 0.0, 633367.2]","[0.5,0.0,1.0]",117261,9.924485270241984,5.812313038943432,0.5742906068194008,0.1314055269663037,32816.709025896205,3.6396941297059935,11.698847428339956,1.5808748663239025,-1.0,0.909,2.6626366621013338,0.0,0.0,0.0,0.0
"[1.68158, -0.187672, 0.107616]","[0.0, 10267810.0, 10268280.0]","[0.0,0.5,1.0]",146424,9.767279645183644,9.297658974332728,0.3892456391370165,0.328389565489709,86014.6390757367,8.309432384059955,2.481815099236388,0.9984233088490522,-1.0,0.915,1.2947129086098441,0.5425473049601421,0.0,0.0,0.0
"[3.96798, -0.615922, 2.73177e-05]","[0.0, 12076840.0, 18092980.0]","[0.0,0.5,1.0]",113720,11.14577734332823,11.01226755908361,0.330559133973773,0.2791534083606272,65469.32078756802,6.555247910935895,2.734129113777333,1.309091811425409,-1.0,1.016,2.6076832868799666,1.0273843945230892,0.006842143398781776,0.0,0.0
"[2.19945, 0.000278161, -0.242614]","[0.0, 26391360.0, 25380520.0]","[0.0,1.0,0.5]",298854,10.500079511817203,9.71148366973443,0.3012750030764529,0.2348401461748273,44544.386591924296,4.712160760113595,5.086643295338187,0.9034758214727092,1.105,1.105,1.3399036846955599,0.44501480920570685,0.015068313738245777,0.0,0.0
"[3.34014, -0.563963, 0.000970973]","[0.0, 5096034.0, 5894659.0]","[0.0,0.5,1.0]",204993,11.192309147980191,3.1376866037408804,0.2165477138694543,0.1399895926734035,65189.063011041966,6.530997508001719,8.308235083327773,0.5686867357695825,-1.0,1.207,1.039334716121308,0.4270693507733621,0.017720528717174396,0.0,0.0
"[2.94437, -1.67481, 4.17568e-05]","[0.0, 8367866.0, 10523200.0]","[0.0,0.5,1.0]",254494,8.70294118463068,4.347459734191069,0.2477705912398644,0.0165400154347721,41062.92431122123,4.397557434584825,13.022301236867143,1.553438355498059,1.316,1.316,2.6655707616949367,2.0103737117310647,0.010038241245447726,0.0,0.0
"[1.51831, -0.718167, 2.01347e-05]","[0.0, 12020910.0, 15988400.0]","[0.0,0.5,1.0]",197866,10.002197681030792,7.3326725986916115,0.3441940435466198,0.6164296216209352,52383.52065467037,5.411223241241892,5.543165284896918,1.4746249588646154,-1.0,1.417,1.8170287814522104,1.249667004044085,0.0066168937625108466,0.0,0.0
"[-3.40515, 2.6309]","[8095334.0, 0.0]","[0.5,0.0]",313821,35.1049365434994,33.58920001181174,0.4956491175442383,0.1409649911721751,116287.90209584068,10.830740435590638,0.196530073617474,1.8095340764128665,1.43,1.43,3.3391420126257576,2.935073196880388,0.0,0.0,0.0
"[-0.522118, 2.06357, 0.0232103]","[463402.3, 0.0, 475378.2]","[0.5,0.0,1.0]",181532,86.52545655825111,84.4992239572572,0.0155150446970703,0.1508104995260567,114235.74398203504,10.661671139347323,0.0440012670593458,1.9346305894952465,-1.0,1.868,2.7791222619180824,1.3979202087988785,0.29473955758778336,0.0,0.0
[3.14213],[0.0],[0.0],177785,10.32983953309505,6.175341440317701,0.1916356287204493,0.2179062124542768,98668.7239652822,9.37095839733853,2.812748595774913,0.4543140859553694,0.314,0.314,0.8053196143488364,0.0,0.0,0.0,0.0
[3.79213],[0.0],[0.0],266664,10.13394883908144,7.313332900301281,0.2103445730998973,0.0440300234658273,28344.087745281267,3.219378828993948,11.040223502523514,2.39366548980964,-1.0,0.407,4.6612786646655815,0.0,0.0,0.0,0.0
"[4.36939, -0.245164, 0.00182951]","[0.0, 9422430.0, 10422160.0]","[0.0,0.5,1.0]",265400,9.984773414326012,8.772875127862816,0.5816633768828825,0.2719152978055714,181661.5065167496,16.119674553473203,0.9271079801058472,0.2517294231142295,-1.0,0.414,0.5261921754054465,0.12464140325851701,0.010767165148273597,0.0,0.0
[17.3253],[0.0],[0.0],183712,34.720034525712535,25.423030583797445,0.0947917351664955,0.14912762703445,97390.84525079493,9.264303520040468,0.3182356025318171,1.3667999240020106,-1.0,0.665,5.68912305644498,0.0,0.0,0.0,0.0
"[1.60658, 0.0034107, -0.189917]","[0.0, 8430492.0, 8199052.0]","[0.0,1.0,0.5]",20228,23.381524394772505,12.45253644683467,0.7063533108039268,0.3386673733335336,14292.295486249366,1.8301649936450584,6.950114569581032,6.063378606257449,-1.0,0.754,7.685389190022909,2.6660097242989584,0.0,0.0,0.0
"[-1.28026, 4.35048, 0.00117844]","[319260.8, 0.0, 615126.2]","[0.5,0.0,1.0]",77865,10.367778404768243,7.11713702448625,0.3115219738234868,0.1289008828656105,52534.28842914112,5.424555277775138,5.506410080628078,0.7796078235606013,-1.0,0.834,1.8501390391464971,0.0,0.0,0.0,0.0
"[1.527, 0.0260547, -0.156807]","[0.0, 541519.3, 539887.6]","[0.0,1.0,0.5]",283112,9.900023859950553,7.084120517371321,0.4425641915575287,0.2510765537175118,31850.321517871223,3.5495041152790834,10.198331589036965,2.4973900073464534,-1.0,0.98,3.2656291339197434,0.0,0.0,0.0,0.0
"[3.08208, -4.11121, 3.38422, -0.801658, 0.00138598]","[0.0, 83305.49, 44499.27, 522534.2, 824695.8]","[0.0,0.5,0.0,0.5,1.0]",40783,10.099986802410118,6.323565232461978,0.2205315920756972,0.2288457742248061,42026.63073786529,4.484927000036404,8.10895688611423,1.4857349473620127,-1.0,1.915,5.012138236208021,0.0,0.0,0.0,0.0
[5.57422],[0.0],[0.0],343491,10.89856709875787,8.49666038781493,0.1208320764504796,0.2059316760374495,69109.77161414253,6.869373248438745,3.2390966943485875,0.7283180811505027,2.693,2.693,1.7195434113541928,0.0,0.0,0.0,0.0
[3.81185],[0.0],[0.0],404444,9.60092210685523,6.7226368411976205,0.1545680687857307,0.11562233480163,26370.05781312568,3.0312919583529245,13.37792601019622,2.5963446966335644,0.344,0.344,5.069092906698277,0.0,0.0,0.0,0.0
"[-0.461889, 1.9018, 0.00102648]","[3364606.0, 0.0, 3862089.0]","[0.5,0.0,1.0]",352420,10.119923337476305,8.592162485679333,0.0507367789918983,0.3167650957595066,38909.19776291748,4.2014621055365815,6.796137469762874,1.5220580156916503,-1.0,0.518,2.0990057491667153,1.0355761947319815,0.0,0.0,0.0
"[1.87479, -0.708349, 0.151766]","[0.0, 6438982.0, 6452731.0]","[0.0,0.5,1.0]",358631,9.801192640450603,6.893208063009796,0.6461534955602296,0.2907028289792451,30557.72947531416,3.428349668942772,11.010244885898592,2.9381448154491165,-1.0,0.779,4.022995174940103,2.7249055804841116,0.0,0.0,0.0
"[8.06743, -4.03364, 0.0171691]","[0.0, 593693.7, 881083.9]","[0.0,0.5,1.0]",4841,9.73186577712364,9.033934991266191,0.1064277984802861,0.2116582662983378,23630.640633972107,2.767210779260006,11.518421110977094,3.517132478852949,0.807,0.807,12.243581758151782,0.0,0.0,0.0,0.0
"[-2.0856, 1.97847, 0.0752653]","[485468.7, 0.0, 505662.7]","[0.5,0.0,1.0]",148708,11.032818228803045,5.941522548281046,0.1212711842849151,0.450476244234989,94149.71771044449,8.993266016726182,2.9390786133136872,0.448424356019319,-1.0,0.872,0.6307451616497395,0.659178510699548,0.0,0.0,0.0
[5.13049],[0.0],[0.0],320365,8.484694090240046,6.760363963920933,0.1271456776868731,0.1950001328791377,44381.75235510296,4.697525999823029,8.266780847614074,1.4022174770491815,1.082,1.082,3.176104612631845,0.0,0.0,0.0,0.0
"[3.26894, -0.441348, 0.0138447]","[0.0, 6333085.0, 6480820.0]","[0.0,0.5,1.0]",264030,9.649947102838569,7.445989271726372,0.7907730881031418,0.3774436545194995,53332.506468262414,5.495075850282109,5.5112921956137,1.2608240636539012,1.284,1.284,2.2795964065530354,0.850652403268715,0.0,0.0,0.0
"[1.78914, -0.596593]","[0.0, 85271310.0]","[0.0,0.5]",128870,8.114614250257228,7.454796486373491,0.1086954835679953,0.0853637615929739,132425.58106115574,12.152643875298107,1.9576819755307693,0.5821592082333368,-1.0,1.528,0.7786888102718832,0.4496564712137793,0.0,0.0,0.0
"[2.46646, -0.331826, 8.7268e-05]","[0.0, 1888148.0, 2628997.0]","[0.0,0.5,1.0]",385543,9.43642412991751,7.257142280958233,0.0185324015411714,0.2623992997453708,75234.21803397613,7.3944066849190255,3.74113574611254,0.6380720619435503,-1.0,1.739,1.0020900910647623,0.3675572007360708,0.005960699676089392,0.0,0.0
"[1.72458, -0.261509, 6.87298e-05]","[0.0, 9369181.0, 11618120.0]","[0.0,0.5,1.0]",272568,9.30290033258852,6.068014228987568,0.0482900848156815,0.0428886857078735,49063.72886139091,5.116627208099105,7.483276298987538,0.7678056083367585,-1.0,1.854,1.0083073957596755,0.39264005332828505,0.006365372449759759,0.0,0.0
"[-1.41919, 2.36582]","[33188380.0, 0.0]","[0.5,0.0]",19346,11.201557860377283,11.167911044729598,0.3258103935495837,0.4141059766240793,83599.63233309712,8.105377435600634,1.971734583558994,0.7572646701945331,2.055,2.055,0.9021275931412799,1.1647656245933897,0.0,0.0,0.0
"[-1.40721, 1.45021, 0.0867789]","[1072175.0, 0.0, 1086028.0]","[0.5,0.0,1.0]",314903,36.74372066574004,33.102955500172854,0.0629828767655247,0.3690809437328543,138723.79245383828,12.665220415870138,0.1506657259632332,1.6850175080338772,-1.0,0.443,2.0291766934134916,1.9988668892625494,0.49637681504497605,0.0,0.0
"[1.52802, -0.242907, 0.000651647]","[0.0, 4106906.0, 4699537.0]","[0.0,0.5,1.0]",7329,10.72655063980022,8.202215184909674,0.0565970777114317,0.4521386464312701,166695.4277425108,14.922708322268624,1.0447157545801538,0.3798417499155432,-1.0,0.454,0.46953418533996216,0.18720727134024512,0.009696363725270241,0.0,0.0
[3.58811],[0.0],[0.0],309558,11.091771231180228,10.682850863566133,0.2224567055122263,0.2394512087262913,105493.32882744948,9.938681081276917,1.5196050521374702,0.3237020855480041,-1.0,0.497,0.6131664328136543,0.0,0.0,0.0,0.0
"[3.11023, -0.44245, 0.0211577]","[0.0, 4574859.0, 4646437.0]","[0.0,0.5,1.0]",147668,10.362653178337863,9.771168276864612,0.2471338557866022,0.0845955672518158,62393.40264726809,6.288538160905508,3.408270732771052,1.381360515916622,-1.0,0.552,2.4361458817411203,0.9405510193642225,0.0,0.0,0.0
"[-0.30753, 2.40573, 0.0013014]","[3182623.0, 0.0, 3511518.0]","[0.5,0.0,1.0]",344470,36.58493864393117,19.519863543487904,0.1465769051229307,0.68690690296437,126125.76763560198,11.638133752220522,0.2717228627244252,0.9891346635094972,-1.0,0.639,1.5341889967786098,0.5485284602985162,0.03568295587053347,0.0,0.0
"[2.58561, -0.504128, 0.0518376]","[0.0, 11950390.0, 12010240.0]","[0.0,0.5,1.0]",180822,9.621800176230671,6.058632299796697,0.564328211802748,0.4901973960156958,61802.10309880193,6.23712349579598,5.511315845702353,0.9301078009427872,-1.0,0.759,1.4955977263527283,0.6935172171088168,0.0,0.0,0.0
"[3.29157, -0.53355, 0.00023649]","[0.0, 4894711.0, 6466722.0]","[0.0,0.5,1.0]",79862,8.764473265728004,4.181950382822683,0.3231831647816644,0.4187623428521151,59150.122070575366,6.005930962715348,8.680518682996592,0.838449638536536,-1.0,0.773,1.5211727241084183,0.6124414047474016,0.012893872531619843,0.0,0.0
[4.54883],[0.0],[0.0],87617,11.932457232014157,7.487320209626491,0.0651783342884996,0.2485852926011769,35459.37194796062,3.884739309877474,7.435890645770652,2.1190793082428736,-1.0,1.053,4.519569447404363,0.0,0.0,0.0,0.0
[3.36541],[0.0],[0.0],378636,11.35012620507014,10.05052283330664,0.5027623711847764,0.8781954329107236,137101.7397286474,12.533376035865244,1.1006593094119614,0.0900024789470572,-1.0,1.174,0.16511003210544137,0.0,0.0,0.0,0.0
"[2.72811, -0.440167, 0.00619892]","[0.0, 25535350.0, 26443940.0]","[0.0,0.5,1.0]",328208,9.298320234144356,7.3024581264808575,0.06331910923364,0.2755945629508199,43175.79288930842,4.588821613703647,7.419005384059154,1.7565483491446583,-1.0,1.268,2.9012893715545958,1.1653834551080706,0.13829870837720212,0.0,0.0
"[3.78715, -0.446747, 2.79798e-05]","[0.0, 763756.6, 1133837.0]","[0.0,0.5,1.0]",354587,10.86130084948849,7.3633688535888675,0.170587910721708,0.1208805860127248,34097.301827746334,3.7587199278254166,8.494831528176165,2.560781775182935,-1.0,1.555,4.983435294855151,1.711657992106671,0.0,0.0,0.0
"[-0.57366, 2.70571, 0.00224632]","[6732158.0, 0.0, 7585097.0]","[0.5,0.0,1.0]",1636,9.667947779665443,5.652006653425017,0.5073462010881031,0.2794841455586825,54230.897472811965,5.574317797758037,6.847119350908157,1.251983197830972,-1.0,1.721,2.059392486211593,0.9482564048907399,0.05933819240018307,0.0,0.0
"[2.21463, -0.502402, 1.20142e-05]","[0.0, 5528846.0, 8314887.0]","[0.0,0.5,1.0]",96393,10.041718058746037,7.476595581571353,0.1329249153364977,0.0043442328356311,44297.63583055955,4.689954189415921,6.630013706831663,1.540032344036323,-1.0,1.809,2.2918196113442577,1.091579879270351,0.0053379840373262415,0.0,0.0
"[4.10051, -2.18773]","[0.0, 10119870.0]","[0.0,0.5]",13652,9.31690754692867,6.756127998093741,0.5494652999881562,0.1854022412954102,47495.696186894296,4.976762461012812,7.079400967303534,1.170701268868614,1.985,1.985,2.3706368270910803,1.7315815517386597,0.0,0.0,0.0
"[3.39416, -0.517408, 0.0284461]","[0.0, 1908765.0, 1937342.0]","[0.0,0.5,1.0]",235615,9.212359851393874,8.57754990681394,0.2133300128844443,0.4480046702459277,33603.277318553715,3.712866136326811,8.667465409213039,1.0213525852011731,2.036,2.036,1.881663011903819,0.7545951001664776,0.0,0.0,0.0
"[1.84075, -1.01412, 0.852278]","[0.0, 477142.4, 477143.7]","[0.0,0.5,1.0]",256969,10.161286680236476,8.178099930137071,0.3829402240541109,0.0129309746033881,78078.28417231473,7.636877361505041,3.033724134801195,0.9265254828061606,-1.0,2.047,1.2570564277051468,1.26578369970892,0.0,0.0,0.0
[4.28699],[0.0],[0.0],195266,9.482165401390317,8.466062217028929,0.2189713158206659,0.2848564198275956,49110.780137429465,5.120816885454271,5.534937894312363,0.7908674443681315,2.479,2.479,1.637494815506751,0.0,0.0,0.0,0.0
[3.38522],[0.0],[0.0],108491,6.7363320451870425,6.140901871486663,0.7867787104994072,0.4161652144924329,129049.64727173084,11.87716135145812,2.783738988864552,0.3314987262764704,-1.0,0.315,0.6099234245413984,0.0,0.0,0.0,0.0
"[1.63552, 0.000376264, -0.170371]","[0.0, 3058843.0, 2827710.0]","[0.0,1.0,0.5]",71504,8.753500613082531,8.55173842877776,0.1638234923022734,0.1101775728832452,58681.00697697067,5.964929715265015,4.727940315616117,1.5534726617444603,-1.0,0.775,1.9866965815994748,0.6419193859747728,0.0,0.0,0.0
"[4.2425, -0.106218, 0.000537189]","[0.0, 20431810.0, 21230130.0]","[0.0,0.5,1.0]",38683,9.520712297233604,7.768600294366875,0.2610118934590062,0.137339518617698,94439.73202059178,9.017549710895326,2.610285654843165,0.7313056598984038,-1.0,1.324,1.5062943952249583,0.23834058145059583,0.01694971851179508,0.0,0.0
"[1.71168, -0.829051, 0.000187556]","[0.0, 2773176.0, 3315111.0]","[0.0,0.5,1.0]",41597,10.640564765216492,10.31976204919114,0.2902258449339123,0.5042170352815816,29288.72927875481,3.308793333636405,7.649195076847358,2.1885359231314037,0.392,0.392,2.863287568657489,1.9929363245605174,0.0,0.0,0.0
[4.02144],[0.0],[0.0],360636,9.08034316961425,8.97462534188084,0.1494058948117643,0.3048536421961496,79526.11697142838,7.760005753451693,3.0057292676946035,0.2306271262481948,0.456,0.456,0.4624887618612951,0.0,0.0,0.0,0.0
"[3.53991, 3.39969e-05, -0.0421255]","[0.0, 76594520.0, 72281080.0]","[0.0,1.0,0.5]",300563,9.091449458944108,8.424740799245301,0.3484544318644179,0.2646985091243366,33623.21243544056,3.714718257405001,8.890117258682556,0.9907437648417904,-1.0,1.065,1.8640495737021938,0.20334517981897568,0.00577671586461846,0.0,0.0
"[2.00725, -0.294024, 8.13104e-06]","[0.0, 20211470.0, 24343880.0]","[0.0,0.5,1.0]",73003,10.186246615121778,9.03236867457622,0.2498787008081043,0.3704473724816539,48806.26767506039,5.093694978425911,4.977376878191288,1.945304393774812,-1.0,1.354,2.7560576709253315,1.054821464156691,0.0055470313003484735,0.0,0.0
"[7.60782, -0.935954, 0.000304279]","[0.0, 4109559.0, 5539242.0]","[0.0,0.5,1.0]",66807,10.227293957728282,4.168780069300484,0.014979944471182,0.488227844673194,30666.80785159745,3.4385974196068605,16.542922326864698,0.7239373056004788,1.647,1.647,1.9967839234589448,0.7003710875555069,0.012628069028907205,0.0,0.0
"[2.15566, -0.257744, 8.70324e-05]","[0.0, 19342630.0, 22466530.0]","[0.0,0.5,1.0]",197090,10.974790806725968,10.807838588377416,0.6606432791716554,0.3010837332615583,46314.78529393382,4.871105215499135,4.282973801087989,1.9092719436752337,-1.0,1.78,2.803224771686242,0.9693086153598031,0.01781181889150766,0.0,0.0
"[-1.055, 1.86225, 8.89752e-05]","[2785692.0, 0.0, 3915053.0]","[0.5,0.0,1.0]",161729,10.508548678319348,9.946006521120552,0.3669906489865797,0.5221186740247871,41554.36843209626,4.442139737800787,5.401311718102775,1.4186759609309114,-1.0,2.087,1.9359859503839414,1.4571673766729831,0.013381897414052019,0.0,0.0
"[-0.322601, 2.23161, 0.000110956]","[8839264.0, 0.0, 9757904.0]","[0.5,0.0,1.0]",260205,10.04474069371838,5.772774729099885,0.3633079912032384,0.2634872980747228,54332.55317651732,5.58327584351805,6.506730975214051,0.5721908728951134,2.32,2.32,0.8547715827989144,0.32499283074752533,0.0060272099799438955,0.0,0.0
"[1.88093, -1.74122, 0.634014]","[0.0, 212754.6, 213085.3]","[0.0,0.5,1.0]",240400,9.717504981040452,9.31536611669591,0.4612176876714537,0.5840978387622334,13197.870582656837,1.7150870592596323,19.400696671804106,2.904182419519294,-1.0,0.671,5.991465585245592,0.0,0.0,0.0,0.0
[3.68913],[0.0],[0.0],287248,10.134560688281924,6.0542061551507285,0.4072163396068009,0.1078006596366178,18109.28898166112,2.2215271861349817,20.39308731842806,3.4298124986053056,0.717,0.717,6.587677928370456,0.0,0.0,0.0,0.0
[5.49034],[0.0],[0.0],389759,7.749453146592463,4.282321459380161,0.2183168812968997,0.1812833851050287,67816.91668182785,6.7579989485889,7.893814258830845,0.7265043688019127,1.319,1.319,1.702306863444385,0.0,0.0,0.0,0.0
"[1.73768, -0.25632, 1.88655e-06]","[0.0, 20332020.0, 28510150.0]","[0.0,0.5,1.0]",132937,8.890593545066604,7.622061214186818,0.0818993829033726,0.0744944951702194,64169.753246029584,6.44271378016002,4.6035596234166505,0.5238732783270806,-1.0,2.684,0.6905754703038145,0.265226853909102,0.0007195490540038511,0.0,0.0
"[2.23701, -1.53635, 0.0553566]","[0.0, 466890.9, 493448.5]","[0.0,0.5,1.0]",236829,9.40700474405418,8.249188124057884,0.0240047534804546,0.362391350143234,26273.22979111838,3.0220210112242563,11.46584541432748,2.4720659316522613,-1.0,0.363,4.8371177562917484,0.0,0.0,0.0,0.0
"[2.24648, -1.17331, 0.200543]","[0.0, 254415.8, 256339.6]","[0.0,0.5,1.0]",214777,9.953768873373754,8.896493588347502,0.6202132361200874,0.3392180188848795,33302.32322035629,3.684893671293792,7.963610381037987,2.871894144676376,-1.0,0.78,5.464402579475684,0.0,0.0,0.0,0.0
"[3.02514, -0.355781, 0.000456097]","[0.0, 12819720.0, 14056900.0]","[0.0,0.5,1.0]",394716,36.81471144871728,27.7611673043938,0.327809983899595,0.164587701339289,19057.72577159059,2.316764588726963,1.8496238949574315,8.739853671729174,-1.0,0.852,15.201165960895999,5.2130937743445775,0.18665205220883643,0.0,0.0
"[2.19417, -0.308739, 0.000106865]","[0.0, 19214120.0, 22396860.0]","[0.0,0.5,1.0]",211563,7.1601272672838014,5.305362691696889,0.4935301281668369,0.0939796115368225,16739.47194202669,2.0826687524712737,32.49122259044811,4.193505144962512,-1.0,1.068,6.211726370497392,2.3300912379488374,0.04335058128052476,0.0,0.0
"[3.61797, -0.614503, 2.62636e-05]","[0.0, 9768954.0, 12926220.0]","[0.0,0.5,1.0]",373900,9.707942938373792,9.506037875625683,0.2699923063112144,0.4205005324150758,27198.337780777423,3.1104223029479883,9.564122867216518,1.7890992824164398,1.747,1.747,3.403038968115084,1.4024792524485032,0.009168780359371695,0.0,0.0
"[3.11294, -0.279209, 0.000659389]","[0.0, 1682519.0, 1879532.0]","[0.0,0.5,1.0]",12781,10.325521049457786,10.297019777921118,0.0952807669837527,0.1513736646567207,60136.09179282847,6.092001503271349,3.4244121231502977,0.8322672925866234,-1.0,1.932,1.468412938662213,0.4402909425903733,0.0,0.0,0.0
"[2.33225, -0.248745, 0.00293139]","[0.0, 5129304.0, 5486781.0]","[0.0,0.5,1.0]",167861,34.70563360121356,32.322687167925494,0.2303957146458509,0.0210262212710207,15136.899703058372,1.918015952387988,2.112237573532897,6.268128639503715,-1.0,0.333,9.572501690092693,3.1261879209920758,0.3393709794253715,0.0,0.0
"[2.84594, -0.579208, 0.0194102]","[0.0, 181139.4, 194887.7]","[0.0,0.5,1.0]",66453,9.994046526165258,8.395709731427972,0.4303925049417972,0.4623740157017456,27900.10396524356,3.177224794262022,10.091529339943502,2.5933609288757147,-1.0,0.419,4.81315366375539,0.0,0.0,0.0,0.0
"[-0.677821, 2.07964, 0.0222313]","[1283274.0, 0.0, 1350907.0]","[0.5,0.0,1.0]",58442,9.923389617502998,9.531641899282093,0.3975649238723583,0.0154951172682477,30613.63112226576,3.433602471292853,8.25971681863687,1.9791745944916663,-1.0,0.543,2.8541591668044424,1.6559581271410289,0.0,0.0,0.0
"[2.57203, -0.717021, 1.20169e-05]","[0.0, 3805647.0, 6757284.0]","[0.0,0.5,1.0]",16040,10.551359395967458,5.581104449549687,0.0774458874112862,0.3040427885073967,57278.80889251853,5.842181558189083,6.047708738651913,1.2234848285224835,-1.0,0.547,1.9621698730131583,1.0360113803865967,0.004241259173066337,0.0,0.0
"[-1.18451, 1.93999, 2.61035e-05]","[3443158.0, 0.0, 5417347.0]","[0.5,0.0,1.0]",159532,8.951160592058539,6.197357592605754,0.1920747398748339,0.1856602755023282,92756.12145720028,8.876488837475197,3.4099135925198936,0.575895897252959,-1.0,0.99,0.8021280990692006,0.6267774314849454,0.0029423433859825897,0.0,0.0
"[1.66219, -1.06371, 0.000195317]","[0.0, 1106742.0, 1595408.0]","[0.0,0.5,1.0]",195548,10.348652385059737,6.881776160780202,0.1367863640958207,0.2987521274341669,36952.68143041078,4.022253833415243,8.55841700306645,2.086943660906079,-1.0,1.051,2.690611893569822,2.1525944424634855,0.0,0.0,0.0
"[-8.24739, 9.23252, 1.7501e-05]","[2359789.0, 0.0, 6754603.0]","[0.5,0.0,1.0]",290947,9.360085812953814,3.485899550583923,0.0275797095395717,0.4624223604933676,26839.93423511712,3.076220293861017,23.985119558630345,2.3158555015251103,1.055,1.055,7.036741327340246,6.650736229188592,0.00968819542049633,0.0,0.0
"[1.51542, 0.000554642, -0.167064]","[0.0, 7047982.0, 6695787.0]","[0.0,1.0,0.5]",19279,10.137765738909538,6.510231955506506,0.1394573863041011,0.0020564500654289,39960.54015081644,4.297334330109492,8.353397979478556,1.071437645984766,-1.0,1.091,1.318965418164117,0.4386600265320743,0.0,0.0,0.0
[4.20205],[0.0],[0.0],26772,9.860214330340956,3.912298504347616,0.1301481941775967,0.6554371922386468,65251.64067045982,6.536413190386444,7.4551275492839775,0.5707801595379695,-1.0,1.298,1.1700366787728358,0.0,0.0,0.0,0.0
"[3.24732, 0.000528613, -0.0883711]","[0.0, 2397649.0, 2266186.0]","[0.0,1.0,0.5]",336821,25.47744802467276,22.4298749328536,0.0614721561772299,0.6496042577305222,215433.70321178145,18.798223680147924,0.1524582758222941,0.8803167694886486,-1.0,2.143,1.5863591526455418,0.26169420486394396,0.020239878199960676,0.0,0.0
"[-2.96964, 2.99474, 0.000124969]","[1349598.0, 0.0, 3193817.0]","[0.5,0.0,1.0]",272783,9.233039076525063,7.69298293716351,0.1054072364904235,0.4892794542736831,112582.3352580362,10.525280899760316,2.1365014049169995,0.1461429008044154,-1.0,0.728,0.25290492406232723,0.2518428501145858,0.0016337246835896272,0.0,0.0
[3.51999],[0.0],[0.0],292992,8.332409402478373,7.749935811975177,0.5728307258613571,0.2354329394144152,31817.351333500606,3.54642137830338,10.8886775148502,0.9267367204511288,-1.0,0.884,1.7387097377610092,0.0,0.0,0.0,0.0
[3.75128],[0.0],[0.0],363049,28.98649571372674,12.100221957266136,0.7450511787850815,0.4269706475469124,75458.2934287584,7.413539894772711,0.98247993650035,2.141187736993764,1.151,1.151,4.14709981380372,0.0,0.0,0.0,0.0
"[3.08701, -0.724267, 2.59974e-05]","[0.0, 8440462.0, 14106890.0]","[0.0,0.5,1.0]",207209,29.2706063899512,28.92209252552847,0.2867098762116694,0.209241819888592,35219.75442341867,3.862611481635206,1.1399583232709918,3.5814040596124572,-1.0,2.026,6.2924871845320665,3.0479137309245186,0.018260736080736834,0.0,0.0
"[2.5247, -0.697048, 7.4361e-07]","[0.0, 10301810.0, 22391310.0]","[0.0,0.5,1.0]",210548,10.340557941186276,6.453300993201487,0.451896920762476,0.2676274924237372,41593.5521827898,4.445691783390485,7.913088698757289,0.6714132891555566,-1.0,2.348,1.066829024969146,0.5605589301601993,0.0005789786424800063,0.0,0.0
"[1.68325, -0.223868, 0.00135232]","[0.0, 3731654.0, 4042594.0]","[0.0,0.5,1.0]",309952,10.005260896370393,8.649254089114883,0.5609553201556805,0.2988521795377468,26374.161323895947,3.031684802164736,10.430060274990144,1.2646145655938648,-1.0,0.55,1.6407125164631498,0.6001529777066247,0.0,0.0,0.0
"[1.87743, -0.514666, 0.000199267]","[0.0, 10940590.0, 12932340.0]","[0.0,0.5,1.0]",126496,9.868738707952152,7.877915395720918,0.1235160552477219,0.3571514605422384,58009.22740892972,5.906159045164995,4.656022774768168,0.0034972226944447,-1.0,0.575,0.004791871513723719,0.002508915458251177,4.9367482309802594e-05,0.0,0.0
"[2.24892, -1.40333, 0.00049163]","[0.0, 2339359.0, 3507056.0]","[0.0,0.5,1.0]",188971,11.070064971548462,10.864747455030274,0.0102299853920677,0.1797869918593383,37136.90657428568,4.039173938569862,5.46159439282981,1.2043265924897189,-1.0,0.757,1.8060562791218828,1.4266721411704388,0.026703209571465665,0.0,0.0
"[3.06858, 0.000210141, -0.199843]","[0.0, 58542880.0, 56170060.0]","[0.0,1.0,0.5]",55926,29.48765498128706,23.31645292996343,0.5994654490409953,0.3148243938462344,34997.71226504404,3.842091034267749,1.3684905106042875,1.0045105058249917,-1.0,0.872,1.7596374982235041,0.44905439733913644,0.014561626271022204,0.0,0.0
"[3.87443, 0.000112963, -0.13461]","[0.0, 22175640.0, 20443230.0]","[0.0,1.0,0.5]",293886,9.925492371294377,4.016105749052363,0.2340391402963473,0.6257307669750548,42697.75329158288,4.545639978325782,12.07826045634721,1.2054051315456884,-1.0,0.928,2.3726678491435265,0.4422539271832422,0.012811534332938107,0.0,0.0
"[1.58459, -0.269886, 7.43462e-05]","[0.0, 7557569.0, 8867007.0]","[0.0,0.5,1.0]",60965,9.66903161793765,7.857781082215081,0.6272777994838071,0.0250406370747567,29722.872174654865,3.3497662639953725,10.25223136977677,1.6680894647530853,-1.0,0.94,2.0997993401100206,0.866581708376508,0.014382975057184354,0.0,0.0
[10.3751],[0.0],[0.0],363988,10.084288337838656,8.318492605434196,0.1611017676338202,0.3524015430620828,194495.97925136663,17.14101861123835,0.8733976205444062,0.4512978745212562,1.008,1.008,1.4536485981080385,0.0,0.0,0.0,0.0
[3.37942],[0.0],[0.0],272456,8.547695706717962,8.149240469575684,0.1230114601067922,0.2339872989063514,23952.53541375092,2.798442812459523,13.791566960440202,2.2539829823189237,1.13,1.13,4.143541737102033,0.0,0.0,0.0,0.0
[3.30797],[0.0],[0.0],317934,6.577459058838601,4.927841348410971,0.5363213181748568,0.1684551845481404,40339.52920380883,4.331824693613539,14.876526402857268,0.9396373276993272,1.2,1.2,1.708995984199845,0.0,0.0,0.0,0.0
"[5.36876, -0.731763, 2.28353e-05]","[0.0, 23754900.0, 29391490.0]","[0.0,0.5,1.0]",145716,31.75835220482792,31.18963914398439,0.1304341504746088,0.1604206129243665,64183.36719961881,6.443893790087853,0.4918532643676418,2.69320527842656,-1.0,1.422,6.240314128910177,2.3038525505465635,0.012869830221711993,0.0,0.0
"[2.40898, -2.11078, -1.09177, 3.00348]","[0.0, 2415487.0, 4523051.0, 1564932.0]","[0.0,0.5,0.5,0.0]",132317,10.212368316486566,9.759037415103364,0.5270240197956215,0.705473450112786,45388.21908133792,4.7880022665925175,5.071056642680446,1.6408094448956254,1.591,1.591,2.5466821510149824,2.8436131862445686,2.38385388564457,1.714445663773852,0.0
"[3.07638, -1.61371, 5.32235e-05]","[0.0, 146292.3, 262521.8]","[0.0,0.5,1.0]",353134,11.079418350375713,10.621997476540926,0.2781662151758673,0.110683009532779,74974.26330476055,7.372203350265688,2.386437752034889,0.7696220837788567,-1.0,2.652,1.6667504210315751,0.0,0.0,0.0,0.0
"[2.2566, -0.302499, 0.00103652]","[0.0, 1052936.0, 1120412.0]","[0.0,0.5,1.0]",24768,23.91039290485167,9.721638161542325,0.3823887325865936,0.371593336158356,55688.99908815821,5.702646238347987,2.025619611052379,0.7831746885381234,-1.0,2.792,1.176483755449913,0.43148271523204124,0.0,0.0,0.0
[3.17617],[0.0],[0.0],351717,9.014895886897866,5.303317110136482,0.4391824671726699,0.4044174338320045,40060.854844898415,4.3064669668738365,10.93509035994151,0.6368336572807148,-1.0,0.493,1.1349530019718015,0.0,0.0,0.0,0.0
[5.06443],[0.0],[0.0],39265,9.796177948569785,8.433261665300614,0.2042487011635784,0.6993708503506623,79019.71705876979,7.716962766647208,2.998981154735342,0.5497450021704977,0.61,0.61,1.2371620119392293,0.0,0.0,0.0,0.0
"[-1.8973, 2.7877, 3.01692e-05]","[2543789.0, 0.0, 5173041.0]","[0.5,0.0,1.0]",31130,20.27589875846764,19.02345823660445,0.3849533033721569,0.2322775748906083,91004.44438248154,8.729495718452604,0.690905319014768,0.9551691854946428,-1.0,0.636,1.5947893282954024,1.3156740434006702,0.005246409676951733,0.0,0.0
"[-1.89733, 2.70007, 5.61015e-05]","[45419910.0, 0.0, 54090700.0]","[0.5,0.0,1.0]",98287,9.758652175930306,7.100005552574829,0.1273857270807765,0.4199663749904894,43972.102791718986,4.660636768741615,7.154190727103657,0.9601513787870662,2.191,2.191,1.5777101577447663,1.3225470975603628,0.007191623560329016,0.0,0.0
"[2.08144, -0.301639, 1.75176e-05]","[0.0, 5024044.0, 8095664.0]","[0.0,0.5,1.0]",61300,10.61733166396636,5.706308897616753,0.1682825803118261,0.7274050153492426,101545.52207453536,9.610650007984578,2.840371984327027,0.7548528416770461,-1.0,0.5,1.089041030555315,0.4145777979899612,0.0031593635039023293,0.0,0.0
"[2.28792, -0.242054, 0.0025556]","[0.0, 2994572.0, 3057514.0]","[0.0,0.5,1.0]",220977,10.10780612044885,8.221348587879643,0.3261385754170578,0.1345118539814874,26979.639667260057,3.0895593006747704,10.54460186056546,1.4834771008496574,0.618,0.618,2.2438884557982286,0.7336984398787185,0.0,0.0,0.0
"[1.76608, -0.282862, 0.000471824]","[0.0, 5400547.0, 5997722.0]","[0.0,0.5,1.0]",295289,10.087851822062431,8.934243883122143,0.9270381696861838,0.328961556986672,48398.31070794876,5.057332059031608,5.114511698326589,2.0873586286314696,-1.0,0.836,2.7739731793782463,1.1101569328188032,0.04534058148491995,0.0,0.0
"[3.34811, -1.22235, 4.27772e-05]","[0.0, 2214804.0, 3062272.0]","[0.0,0.5,1.0]",256609,11.510087092344053,11.499824788945167,0.2353586504920631,0.1159868081726709,27937.18145590785,3.1807479915984542,6.883701437155773,3.962757627318096,0.926,0.926,7.250991058218362,4.381222395465549,0.025918131420610672,0.0,0.0
"[5.25399, -0.947708, 0.000461141]","[0.0, 3595190.0, 4838329.0]","[0.0,0.5,1.0]",107072,8.965862666437719,7.936992964335103,0.0242128981868279,0.2692574811849775,25259.271576989613,2.924666884137168,12.83642650115674,2.105493790118531,-1.0,0.97,4.8261252171442175,2.049704422744555,0.045213781725079144,0.0,0.0
"[2.00939, -0.246157, 0.000142375]","[0.0, 8704852.0, 9823473.0]","[0.0,0.5,1.0]",54723,9.576219911525474,8.271325717235312,0.1010240465148711,0.595195726933796,20411.44051245856,2.451535356506744,14.54721682926842,1.4958455421353278,-1.0,1.08,2.1204052449569897,0.7423665695816507,0.0,0.0,0.0
"[1.53494, 0.00289898, -0.189392]","[0.0, 10278770.0, 10076460.0]","[0.0,1.0,0.5]",107230,9.59333693745745,7.951510384851275,0.2971657884509685,0.2100576626733973,22242.31936476709,2.631842451428513,13.797351387251991,2.068506800672001,-1.0,1.287,2.562728832098966,0.9070608225843034,0.0,0.0,0.0
"[-0.551798, 1.77292, 0.0024787]","[1517138.0, 0.0, 1680681.0]","[0.5,0.0,1.0]",7108,11.061984887427403,9.693341113798844,0.2434193717275535,0.3847917167515124,73813.95503387773,7.273012920906453,2.6323319108809504,0.6140952160534431,-1.0,1.371,0.8176741793773985,0.4571924242540667,0.0,0.0,0.0
"[1.4288, -0.230639, 0.00222495]","[0.0, 5176507.0, 5399838.0]","[0.0,0.5,1.0]",120227,12.268956848414856,9.26492628501692,0.3042968032470139,0.502281949807672,41504.50434504501,4.437619020290129,5.059256985958184,1.707667966944186,-1.0,0.415,2.0412168870934884,0.8240518938819082,0.0,0.0,0.0
"[-2.83047, 3.9821, 2.29287, -0.865387, 0.0147816]","[1806411.0, 1597145.0, 0.0, 3330372.0, 3970986.0]","[0.5,0.0,0.0,0.5,1.0]",106990,9.553844503288332,7.476341778677612,0.5557770988381363,0.4826473870174882,72969.00328348452,7.200691560628771,3.754036964678893,0.6078537649071989,-1.0,0.491,0.9204258917885513,1.586553055592055,0.5654631320757939,0.0739026197553541,0.0
[3.7761],[0.0],[0.0],17618,10.642282109793292,10.401842948235515,0.0111469501136207,0.1114262654162069,53446.85883627057,5.505169680993125,3.823939741582559,1.0187398943468429,0.494,0.494,1.9796346972685956,0.0,0.0,0.0,0.0
[4.71433],[0.0],[0.0],298650,10.79489395870612,10.618060077404404,0.2133572958232602,0.5737212475165783,29373.32805917724,3.316783680767656,7.357636861915624,2.2286606969746936,-1.0,0.537,4.838981302501986,0.0,0.0,0.0,0.0
"[1.91906, -0.35233, 0.00716108]","[0.0, 5741488.0, 5964206.0]","[0.0,0.5,1.0]",254185,10.245932062495523,9.18779674121734,0.1082186893535362,0.7426684100047377,48021.26079530607,5.023695272784391,4.977688660368561,1.18338090699738,-1.0,0.551,1.639339240504974,0.7095264948604147,0.0,0.0,0.0
"[1.73585, -1.12119, 0.000183195]","[0.0, 2169499.0, 3059915.0]","[0.0,0.5,1.0]",44034,10.095744180582493,5.751395741059605,0.0646666103800312,0.3218115582245436,101728.08224173944,9.625841821653186,2.927588198432881,0.1379610921230879,-1.0,0.604,0.18176602948307863,0.14608184033434451,0.001867297138715682,0.0,0.0
"[1.62613, -0.195137, 0.0273894]","[0.0, 1340745.0, 1344305.0]","[0.0,0.5,1.0]",383813,10.129120738357818,7.503242251487964,0.1869260458834141,0.4016821236197284,184059.8123348028,16.31087115165844,1.027530621881533,0.3486347104530685,-1.0,0.723,0.44457829381103975,0.16446041990455879,0.0,0.0,0.0
"[-0.73355, 2.11616, 0.000342048]","[21038560.0, 0.0, 22315780.0]","[0.5,0.0,1.0]",331956,9.04260916311791,6.480278198593716,0.191764821359988,0.6006948793901568,58080.951926712965,5.912436979527509,5.898772403996195,0.6523672190216636,1.054,1.054,0.949000367147949,0.5587364326589731,0.012065231453840164,0.0,0.0
"[-10.0347, 19.3239, 0.14672]","[37396.08, 0.0, 54754.74]","[0.5,0.0,1.0]",235270,9.5800812063197,8.581653641284419,0.5704924744209932,0.3950718970022359,52372.65688884396,5.410262302872413,5.023766662117829,1.1700915926885924,1.069,1.069,6.355797084476441,0.0,0.0,0.0,0.0
"[5.46025, -0.273175]","[0.0, 9773162.0]","[0.0,0.5]",288653,9.22640512064628,8.604359715940472,0.2087039926721628,0.0947126666920922,92465.19931712294,8.852092209012293,2.526203442888426,0.7212769006538845,-1.0,1.303,1.6854205606281134,0.3769836367391885,0.0,0.0,0.0
"[5.28673, -4.21946, 3.67124]","[2612.944, 3861.115, 0.0]","[0.0,0.5,0.0]",5017,8.478735221888105,6.647906375929773,0.1172313134342908,0.437553050059742,91247.25836085464,8.74988586126607,3.42722414540008,0.2654685765865075,1.318,1.318,0.963670312751561,0.0,0.0,0.0,0.0
[3.06372],[0.0],[0.0],220466,10.545734854145527,9.645356451967528,0.127601843630379,0.1104125604222244,73571.54643938778,7.252272388657152,2.761080487348606,1.20357496742294,1.469,1.469,2.1066756830623055,0.0,0.0,0.0,0.0
"[1.95732, -1.23961, 9.23822e-05]","[0.0, 3287652.0, 5169644.0]","[0.0,0.5,1.0]",349904,7.182737325692939,5.57706625108594,0.443414420129157,0.0029248968652489,28959.45057747226,3.277666949601949,17.98667073758594,0.8307554390838888,-1.0,1.477,1.1622621910848647,0.9249446162716043,0.007984860690592007,0.0,0.0
"[1.74378, -0.283369, 3.28321e-05]","[0.0, 2655469.0, 3328729.0]","[0.0,0.5,1.0]",224497,9.386880973242237,8.588105049100573,0.0555317701039286,0.3125514002198599,97333.15824524248,9.259486110422412,2.3315158476155444,0.2594278814495723,-1.0,1.512,0.3425803867018436,0.13809972631489703,0.0014865036504469386,0.0,0.0
[3.79599],[0.0],[0.0],61708,11.52236842419678,7.311657334732672,0.0348233309908959,0.5052844198878685,35559.533245927334,3.89398359433017,7.7808935580246095,1.5106040535560663,0.543,0.543,2.943155277501261,0.0,0.0,0.0,0.0
[3.76026],[0.0],[0.0],288321,9.716132091860596,3.664284465102407,0.1052970272387791,0.2050762708771523,34801.779693846096,3.823971180868988,16.82840551259164,0.478831232909236,0.619,0.619,0.9285203105813915,0.0,0.0,0.0,0.0
[5.15334],[0.0],[0.0],323336,10.032662230044922,7.837933573355855,0.4989932422609258,0.2129051751136779,31956.473443188508,3.5594268299107585,9.2176811301339,2.727694307810578,-1.0,1.121,6.192130431125591,0.0,0.0,0.0,0.0
"[1.85337, -0.414678, 0.000404139]","[0.0, 17328440.0, 18679660.0]","[0.0,0.5,1.0]",168166,9.714267362789265,8.189216809324764,0.6900447362389247,0.218093481082875,78636.48392788184,7.684372355193125,3.115106463223429,0.6106585426801711,-1.0,1.5,0.8313415778897214,0.3932366019255853,0.012276196127394275,0.0,0.0
"[1.83519, -0.3757, 1.04393e-05]","[0.0, 3644621.0, 4999261.0]","[0.0,0.5,1.0]",18919,9.82444179638871,9.137340675703667,0.613978374634145,0.4926789410956089,63499.252092108654,6.384567751047541,3.686948542936675,0.780735701463603,-1.0,1.997,1.0576562893399744,0.47854704271610227,0.0025225496814277625,0.0,0.0
"[2.32702, -4.41458, 0.0034883]","[0.0, 143357.8, 201134.5]","[0.0,0.5,1.0]",241176,8.427573087479061,8.142796226572989,0.0491643959963848,0.389983447188185,86231.16487633913,8.32770325443633,3.1240666425306296,1.0421287961186283,-1.0,2.396,2.706544775446655,0.0,0.0,0.0,0.0
"[-0.398089, 1.99427, 0.00605916]","[6602426.0, 0.0, 6940564.0]","[0.5,0.0,1.0]",351421,10.05712256699858,9.738041507234763,0.2737377654801721,0.322629652888196,32473.911641255145,3.607739124026153,7.524391600197855,2.118758751831116,-1.0,0.658,2.9920819728854715,1.3469510476481241,0.0,0.0,0.0
"[2.82273, -0.543279, 0.000228866]","[0.0, 4955143.0, 6440494.0]","[0.0,0.5,1.0]",375421,10.56620015090941,9.177442023543668,0.1186898983906924,0.232069607859544,119410.42852026092,11.087551875500532,1.5216503830711947,0.4359613309556464,-1.0,0.853,0.7324578523846996,0.32133603369498204,0.0065953615710204845,0.0,0.0
"[2.25615, -0.284893, 0.000717338]","[0.0, 7312510.0, 7697614.0]","[0.0,0.5,1.0]",326721,42.012111161605134,8.755955779816595,0.1354152048876902,0.2798888870996298,62023.40653507404,6.256371868561865,1.286361742836695,2.2665514700364566,0.898,0.898,3.40447046483926,1.2097802073339041,0.060705425074172974,0.0,0.0
"[6.92627, -1.66846, 0.00735166]","[0.0, 1414619.0, 1753410.0]","[0.0,0.5,1.0]",115929,10.307668581906828,6.20542775599371,0.1836592625493741,0.0768068836831171,51252.66575336524,5.311095695040866,6.42016587604031,0.9866461288549764,0.984,0.984,2.596636304714984,1.2772444380923833,0.0,0.0,0.0
[3.27798],[0.0],[0.0],156272,10.208337373937526,4.91304396532159,0.0160713420798811,0.621354633237643,93665.63307550648,8.952718503752862,3.721335381104829,0.519645154042552,1.104,1.104,0.9408275610755323,0.0,0.0,0.0,0.0
"[1.68811, -0.547428, 0.00146576]","[0.0, 3964315.0, 4380262.0]","[0.0,0.5,1.0]",269434,9.427772625728888,7.888741526619071,0.4009686752330995,0.2533272968819008,20012.790464588747,2.4119821512163697,15.635157839965544,1.6336374546948949,-1.0,1.146,2.1225408301362574,1.2103189380325614,0.0,0.0,0.0
[4.20167],[0.0],[0.0],382810,9.654244835310942,6.096997985527927,0.3043558040441977,0.0313452661738885,59420.9788053852,6.029589292560047,5.738048118188981,1.0571711761906024,1.826,1.826,2.166986887921213,0.0,0.0,0.0,0.0
"[4.89727, -0.0482937, 3.03786e-05]","[0.0, 73609450.0, 77252500.0]","[0.0,0.5,1.0]",5989,9.650591348898075,8.377139832721335,0.4468767549142646,0.0439725707092631,66398.13590165271,6.635546348125318,3.807506566792597,1.186218222389262,-1.0,1.985,2.625074392889978,0.2606812718615795,0.006538053484772008,0.0,0.0
"[2.74332, -3.83099, 0.000126034]","[0.0, 898907.3, 1205776.0]","[0.0,0.5,1.0]",257275,9.965350335989896,7.663306893654593,0.4751856736342158,0.0523013924902322,77367.77721792711,7.576378748384969,3.29635941669986,0.6650102423156141,2.04,2.04,1.1014545190611904,1.3016188919839224,0.007465728533346878,0.0,0.0
"[1.43745, -0.172214, 3.05994e-05]","[0.0, 9789474.0, 11039960.0]","[0.0,0.5,1.0]",41156,33.51023800748624,32.08074673863415,0.4815149932030712,0.2709338365464112,37420.57303669457,4.065207322286568,0.8727855538799536,5.982182917475349,-1.0,0.397,7.172260615241512,2.4825266275440163,0.03309147638458311,0.0,0.0
[3.55432],[0.0],[0.0],369002,10.520160581341218,7.304605353149511,0.0530794354448406,0.1936277769516025,160296.60747586336,14.408774462434984,1.238279961500406,0.3651187777666461,0.812,0.812,0.6883549370090519,0.0,0.0,0.0,0.0
[4.1548],[0.0],[0.0],263379,36.10594741164046,20.74022749518712,0.4905964811762445,0.2986697855971192,17950.73754200586,2.205536579045636,2.560847890455168,12.948775073546033,1.1,1.1,26.393911035147607,0.0,0.0,0.0,0.0
"[-0.627502, 4.09295, 0.000106108]","[10795890.0, 0.0, 14122520.0]","[0.5,0.0,1.0]",389786,9.88842222917397,7.4623038546367875,0.089974485200905,0.1406404017862337,37825.775290797705,4.1023561033287725,8.063647494888707,0.8009743422476785,1.299,1.299,1.6204544363162126,0.6344920160640951,0.00825073557596013,0.0,0.0
[3.01205],[0.0],[0.0],393559,38.78407982760682,9.69494137514124,0.0367909200211487,0.3944109715359217,60943.799058827615,6.162407069331794,1.2664784125056463,1.0906470593604618,2.016,2.016,1.8928461722819347,0.0,0.0,0.0,0.0
"[1.32293, -0.223718, 8.22907e-05]","[0.0, 6906306.0, 7344824.0]","[0.0,0.5,1.0]",348468,9.440301159718054,4.14801136498167,0.5350657739016549,0.6391777866883163,46033.554789646936,4.845900692113686,11.164874778227771,0.683261906326512,0.223,0.223,0.7858789221631955,0.3232343683096233,0.0,0.0,0.0
"[1.846, -0.506896, 0.0210826]","[0.0, 12807560.0, 12930730.0]","[0.0,0.5,1.0]",308163,10.366602839641384,9.755805105169143,0.5939139573667342,0.2671791220450534,202400.9041867783,17.76792953199125,0.7052503715059448,0.3300267827182701,-1.0,0.319,0.44839941159282665,0.23496794453377112,0.04791938880750397,0.0,0.0
"[3.2869, -2.04193, 0.000489046]","[0.0, 1135906.0, 2202534.0]","[0.0,0.5,1.0]",115190,10.460377606909155,5.433309741384882,0.0774120913361765,0.2180236068150699,13730.0548523712,1.7712311452890364,28.122375331628056,3.8904455619747016,-1.0,0.513,8.98121727440684,0.0,0.0,0.0,0.0
"[1.88368, -0.419099, 0.0067616]","[0.0, 10353020.0, 10609190.0]","[0.0,0.5,1.0]",3728,11.75677047538322,9.597975604024262,0.0794516428311266,0.6081593245161228,25553.95373993142,2.953011726157728,8.646900766461208,3.870724128258459,0.545,0.545,5.312461344831999,2.5259569843529395,0.0,0.0,0.0
"[1.57101, -0.223552, 0.000553842]","[0.0, 5602135.0, 5808739.0]","[0.0,0.5,1.0]",157926,9.17645136961178,6.6447813124643424,0.2362419523021238,0.5846765511106863,50125.19133224784,5.21103965498404,6.818586162847632,1.5859172743153578,0.885,0.885,1.9877877246986893,0.7507703599558851,0.0,0.0,0.0
"[1.59734, -0.236649, 0.0276426]","[0.0, 469614.6, 472534.2]","[0.0,0.5,1.0]",283884,12.590612514313428,9.529562109094757,0.3525891691982868,0.2003149079821329,71615.88364932797,7.084714297895029,2.496963008726333,0.6835122319334144,-1.0,0.894,0.8638632017054305,0.3513888454426071,0.0,0.0,0.0
"[2.35371, -0.50444, 0.00166887]","[0.0, 11012810.0, 12462200.0]","[0.0,0.5,1.0]",397253,10.627414037047393,10.119104985361009,0.202280079656334,0.1981676431770022,21009.21703781153,2.51064156558805,10.951612857859596,2.5288830249679144,-1.0,1.003,3.8797631830995525,1.7961123528657847,0.10330943707794252,0.0,0.0
"[2.32554, -2.68386, 0.00100884]","[0.0, 10587530.0, 13008780.0]","[0.0,0.5,1.0]",337476,9.786347708181966,9.3648341402459,0.147428953602616,0.604321285889898,39423.72545731992,4.248417795095992,6.401385558756856,0.99666105384917,-1.0,1.383,1.5198803310663216,1.6327790399026014,0.031656189319706096,0.0,0.0
"[2.34469, -2.42202, 0.238328]","[0.0, 1250409.0, 1255258.0]","[0.0,0.5,1.0]",185336,9.11101006930175,7.995711962556012,0.1969749507610718,0.3104587534385641,71984.29072055264,7.116310682038192,3.7504008127439032,0.9310440150579454,1.631,1.631,1.42565003248866,1.518586161389422,0.0,0.0,0.0
"[1.84737, -0.578026, 0.0103301]","[0.0, 121641.6, 126791.7]","[0.0,0.5,1.0]",154009,10.247216912091272,7.430712484482823,0.1437221028136994,0.0721851807443124,51788.0011520202,5.358523195352135,5.44866995162382,1.172544664873052,-1.0,1.828,1.829968524305364,0.0,0.0,0.0,0.0
"[-2.45744, 3.52636, 0.0284878]","[3735441.0, 0.0, 4314564.0]","[0.5,0.0,1.0]",318624,31.724091731237696,24.979391516160813,0.4815646421616691,0.4347515391282168,69503.40111881474,6.903243786067273,0.5373617544764479,2.4548331220512103,-1.0,0.192,4.6098341164341905,3.84825139901647,0.4143348181349165,0.0,0.0
[3.29419],[0.0],[0.0],299611,7.574029543779094,7.245391162377152,0.0614562410933954,0.1097838983801584,36488.220470634944,3.979553226909604,10.713905278547523,0.907261433368052,-1.0,0.452,1.6466707538400083,0.0,0.0,0.0,0.0
"[-0.560062, 1.78465, 0.00511913]","[5674550.0, 0.0, 6003088.0]","[0.5,0.0,1.0]",189067,8.25841314989605,4.472786121696808,0.2505890084915675,0.7977965642218753,56523.07339044424,5.77590066544624,9.05552235002552,0.9662654420191296,0.601,0.601,1.290841667405264,0.726424150519172,0.0,0.0,0.0
"[-8.05873, 8.5224, 3.61595]","[309768200.0, 296723700.0, 0.0]","[0.5,0.0,0.0]",63002,9.881626825851438,9.379022011364809,0.2498804562165378,0.5803002919029732,66437.84011531806,6.638976499815325,3.392781310773693,1.1653419380214605,-1.0,0.638,2.2159736111403423,3.4020001859783857,3.308161314433792,0.0,0.0
"[1.5598, -0.454071, 0.0185362]","[0.0, 703031.2, 716610.1]","[0.0,0.5,1.0]",131121,9.584905223466285,5.470106562545678,0.0715783212122911,0.2886500784939797,51107.80219425503,5.298252828149842,7.620558413270155,1.212210560504854,-1.0,0.882,1.5139534471675833,0.8333515163684229,0.0,0.0,0.0
"[2.09332, -0.499241, 0.000174572]","[0.0, 6816304.0, 8223060.0]","[0.0,0.5,1.0]",300905,11.178595683517583,7.0056448986746895,0.1915849587394782,0.0594342446864954,37692.26473439733,4.090120897791079,7.748656014854012,1.2835154694422404,-1.0,0.969,1.8570299956462832,0.9068933754697415,0.016958537694419917,0.0,0.0
"[1.95847, -1.74843, 3.18755e-05]","[0.0, 3063677.0, 5496106.0]","[0.0,0.5,1.0]",337580,11.12523331719022,10.089445445895334,0.4979936450709033,0.5502283531052978,19383.902429527465,2.3493583690350013,11.432552982340304,4.580680345736799,-1.0,1.087,6.4104489807523155,6.05695171016487,0.025861784548184382,0.0,0.0
"[2.4213, -0.273613, 0.00963475]","[0.0, 513702.3, 534579.6]","[0.0,0.5,1.0]",395162,18.915431317734587,18.36067469001563,0.0214795447697389,0.1649259853054479,34087.55277375588,3.7578156426533904,2.4839115967300067,2.879375280659988,-1.0,1.556,4.480459674994111,1.5324330374091557,0.0,0.0,0.0
"[4.47949, -0.130559, 0.000111169]","[0.0, 49144550.0, 52271260.0]","[0.0,0.5,1.0]",392768,9.150113342865795,6.764971325226383,0.1251542258979721,0.2184448072935084,51992.66661798462,5.376641772997104,6.441208751317788,1.585050311495729,-1.0,1.641,3.354728185559576,0.5727254199233232,0.0167122491414464,0.0,0.0
"[-1.13453, 2.40783]","[1037340.0, 0.0]","[0.5,0.0]",312616,9.62365074999786,9.332456118365933,0.1507545839495077,0.2060580728597757,42726.77884195461,4.5482634677402585,5.934201686198771,1.0312141572978988,-1.0,2.716,1.0983907297179016,1.6001539845793198,0.0,0.0,0.0
"[-2.13275, 1.9593, 0.000789869]","[1107778.0, 0.0, 1798810.0]","[0.5,0.0,1.0]",101415,9.991695570946264,9.603186888264156,0.09617231466903,0.3552032050742232,94227.32995497494,8.999765331958308,2.104037565961746,0.6945584885384528,-1.0,0.509,0.9722082288253925,1.0143288982525585,0.01952029416671106,0.0,0.0
[3.19233],[0.0],[0.0],142365,9.368518942087956,4.321316362236908,0.4008695227818811,0.2347252896038678,47982.77772412587,5.020260525096476,10.308539053805108,1.1927813766546709,-1.0,0.516,2.131153537577161,0.0,0.0,0.0,0.0
"[1.71177, -0.514582, 0.00121797]","[0.0, 11346330.0, 12050290.0]","[0.0,0.5,1.0]",87730,10.87808899461504,10.562063416021257,0.5810012235001132,0.3037327714908761,59684.45615481123,6.052592976129046,3.240186942403968,1.0520663570712836,-1.0,0.733,1.3764671092553424,0.754693185011507,0.03671651295348132,0.0,0.0
"[-4.64053, 3.40496, 0.0212038]","[789213.5, 0.0, 1000029.0]","[0.5,0.0,1.0]",251,9.936536233079552,8.644052455515428,0.2616968310699577,0.0745750120164484,20146.5530217048,2.425265645040604,13.770630799108789,4.7518168292156355,-1.0,0.736,13.496074823325639,0.0,0.0,0.0,0.0
"[2.59154, -0.737769, 5.73897e-05]","[0.0, 2242752.0, 3416456.0]","[0.0,0.5,1.0]",336554,9.767676201122615,4.835714252012909,0.344677029794123,0.4978854333861908,23242.42725204187,2.7294685241936008,20.05385919510908,2.005884633481498,-1.0,0.751,3.2291253915602485,1.7229911376527691,0.0,0.0,0.0
"[1.4897, -0.186453, 3.64685e-05]","[0.0, 5899994.0, 6795141.0]","[0.0,0.5,1.0]",164681,8.548500221246712,8.52255357599077,0.2033170364293233,0.3080742317803406,53462.65549245639,5.506563944574123,5.416903880194262,1.5778374719984931,-1.0,0.775,1.9258021834698014,0.6813134360034345,0.00952842711176831,0.0,0.0
"[2.59434, -1.34505, -1.15003, 2.33997, 0.000651005]","[8752000.0, 28135060.0, 31981110.0, 0.0, 41161260.0]","[0.0,0.5,0.5,0.0,1.0]",394825,9.6128120318243,5.329764669732032,0.910813035896042,0.081157755208443,33669.46073178954,3.7190135775959776,12.585626118737034,1.8679460040948583,1.019,1.019,2.857389620788949,3.0086922266799263,2.166374487463207,2.003175052763554,0.047660268008317484
[3.42919],[0.0],[0.0],16608,9.134181077332803,7.331537109031702,0.2278438926421468,0.0067700738146851,92879.31100856746,8.886817477251133,2.8992003902353067,0.5801697870778448,1.351,1.351,1.0743626036626954,0.0,0.0,0.0,0.0
"[-0.326496, 1.76872, 7.59155e-06]","[9956753.0, 0.0, 14036620.0]","[0.5,0.0,1.0]",338937,10.052310250005446,4.740414479435504,0.8301009963073105,0.1648992643015688,142030.04303379165,12.93361679183315,2.219240034485172,0.2911582457072307,-1.0,1.61,0.387220763851691,0.16636732223500275,0.0008022215466010659,0.0,0.0
[3.18114],[0.0],[0.0],273098,8.770354788685923,7.99641747513018,0.2547008308515746,0.4262543292776845,30189.859363195137,3.3937558944881463,10.761864386490275,0.8211224802195297,-1.0,0.297,1.4645335781554916,0.0,0.0,0.0,0.0
"[2.84879, -0.481942, 3.72337e-05]","[0.0, 3974064.0, 5819274.0]","[0.0,0.5,1.0]",202480,47.26939618445583,43.13270361418463,0.0974944498370519,0.6135670010304926,11690.46051660366,1.553972079210554,1.6033292605037766,27.43760049571191,-1.0,0.5,46.310166920646736,19.047742707008833,0.16742265545180446,0.0,0.0
[3.09988],[0.0],[0.0],285047,7.655252578000455,5.245563146642801,0.5105047632366828,0.1570033023307745,58125.382436298016,5.916325648327498,8.085468965091035,1.072526966367452,-1.0,0.728,1.8883420379855484,0.0,0.0,0.0,0.0
"[-0.478822, 2.94902, 0.000238098]","[3092751.0, 0.0, 4140725.0]","[0.5,0.0,1.0]",117769,9.213509474130404,7.255998040222717,0.2777186068737298,0.377698757183341,42739.15371963962,4.549381749960499,7.604555167857271,0.6670834987694289,-1.0,0.854,1.1455632077229176,0.4616015368411383,0.010293381557549223,0.0,0.0
"[2.99623, -0.344298, 6.30662e-05]","[0.0, 12771010.0, 16297820.0]","[0.0,0.5,1.0]",280789,6.492003173652014,5.898129486068585,0.5067555114199902,0.1414774601197939,66822.36776647333,6.672186818923288,7.037912563381798,0.8325961668611105,-1.0,1.019,1.4411924595535053,0.48854172001280655,0.006611998387755886,0.0,0.0
[4.30909],[0.0],[0.0],16903,8.543346551860514,7.102245630809795,0.0942475163202829,0.2399178162048888,17968.00724234372,2.2072790021038604,20.539470591353968,2.3392734151086594,1.233,1.233,4.855945095934717,0.0,0.0,0.0,0.0
"[5.66129, -0.000400241]","[0.0, 183817200.0]","[0.0,0.5]",389189,30.970707795515924,28.788445677685456,0.1366300915475213,0.0882860019734328,58899.42806991954,5.984024124713413,0.5972636758267637,3.228389902585606,1.625,1.625,7.681458373381902,0.06458724617194321,0.0,0.0,0.0
"[2.27052, -0.36737]","[0.0, 15914450.0]","[0.0,0.5]",173509,9.036232711919364,8.348285403858569,0.2047926014284068,0.4021428422043881,79020.73461363239,7.717049281936151,3.232688653056768,0.5430262267884232,-1.0,2.742,0.8182452093693633,0.32913392551116494,0.0,0.0,0.0
"[2.00809, -0.763786, 0.425757]","[0.0, 1851048.0, 1851347.0]","[0.0,0.5,1.0]",212674,8.021443824690264,6.748607546392278,0.0420381709440718,0.3685650575614672,60169.53568029781,6.094918356907017,6.01346981394258,0.461574079076028,-1.0,0.576,0.6540832061368863,0.5034211816431488,0.0,0.0,0.0
"[1.92275, -0.238294, 0.00266284]","[0.0, 5997733.0, 6285242.0]","[0.0,0.5,1.0]",60626,9.50625262788047,7.097953459340959,0.3282910347419583,0.4145842657532793,122037.36566888896,11.30320415535658,2.004210556457129,0.6082436682057462,-1.0,0.714,0.8434105062314153,0.2969163754408994,0.03138702350955068,0.0,0.0
"[-2.41051, 1.70207, 4.9116e-05]","[21796000.0, 0.0, 25459100.0]","[0.5,0.0,1.0]",381254,10.054144527993795,9.73235978518078,0.3548106238946231,0.3154616895871582,28642.47816781067,3.247662251083693,8.623561014779295,3.436403162063837,0.721,0.721,4.483248568935801,5.335296734982701,0.024083278357735573,0.0,0.0
"[3.01264, -0.466748, 0.190722]","[0.0, 7033654.0, 7037016.0]","[0.0,0.5,1.0]",88896,9.75530629518415,8.69874943255583,0.0483797758899334,0.0246163192691483,64679.36946426562,6.486868932633642,3.7775424306605054,0.1561448892691328,-1.0,0.729,0.2710200325379517,0.1266093399031387,0.0,0.0,0.0
[5.22199],[0.0],[0.0],354755,9.870856986239296,8.261851462723893,0.0927174386318226,0.1548857019715295,43981.82349344084,4.661512561102656,6.226032479928475,1.969290146720112,-1.0,0.8,4.500157624595485,0.0,0.0,0.0,0.0
"[1.83537, -0.435889, 0.00982265]","[0.0, 1403289.0, 1465988.0]","[0.0,0.5,1.0]",204530,9.628896261559804,9.001875847842406,0.4287160467226926,0.2821942818848001,86796.05018106705,8.375350251003887,2.550146393830832,1.1463457920618354,-1.0,1.261,1.553021454711475,0.7653192443704152,0.0,0.0,0.0
"[3.39368, -0.373896, 8.05716e-05]","[0.0, 3987212.0, 5280812.0]","[0.0,0.5,1.0]",40617,10.11517869381784,8.65968031471687,0.2560593057312895,0.2838881814862711,40791.79648260969,4.37293609675992,6.398441549928319,1.3486102601820842,-1.0,1.365,2.4844021931777616,0.8246352000156524,0.012105352865579354,0.0,0.0
"[-1.49684, 3.71096, 0.00223411]","[107497.3, 0.0, 159572.9]","[0.5,0.0,1.0]",315240,8.770205860417725,7.081811349429297,0.0362330351565992,0.0963231204501525,76425.72905448501,7.496087951484842,3.973920989810259,0.4803335833882824,-1.0,2.263,1.0963853794646097,0.0,0.0,0.0,0.0
"[1.56347, -0.189611, 0.000233516]","[0.0, 9506929.0, 10205640.0]","[0.0,0.5,1.0]",373995,11.596521187323116,5.1580157166972445,0.5675816975534282,0.0066242640373176,52807.68454287845,5.448721322637014,6.655100170042413,0.8384223947765569,-1.0,0.507,1.0483532508877502,0.3650855419218218,0.012812125717478346,0.0,0.0
"[3.13374, 0.00044616, -0.169961]","[0.0, 4142308.0, 3877133.0]","[0.0,1.0,0.5]",366758,10.204300904005176,7.909759909115611,0.0811278254374788,0.1942159947064261,71561.7580545855,7.080070802629743,3.475977544788692,1.1859276425168637,0.552,0.552,2.099373314953783,0.4895556997997061,0.0,0.0,0.0
"[-0.37105, 2.56647, 0.0111012]","[9182955.0, 0.0, 9424909.0]","[0.5,0.0,1.0]",216366,10.379052067471846,9.14543347235939,0.425804238370595,0.4987921886827071,83130.58170345271,8.06568602335735,2.501537098574268,0.7176252988102548,-1.0,0.572,1.1496505111425974,0.43713336761816174,0.0756106034538161,0.0,0.0
"[1.72994, -0.420666, 1.60243e-05]","[0.0, 6439225.0, 8626262.0]","[0.0,0.5,1.0]",340392,9.302284413320336,7.504230304740154,0.550295492004239,0.3118946136556904,47104.96653895439,4.941834650187904,6.542936502354728,1.418195026573812,-1.0,0.731,1.8653119750196583,0.9198238454173143,0.005677086239323894,0.0,0.0
[3.62553],[0.0],[0.0],48401,10.439067031537158,9.28227058397072,0.0934663802144177,0.172408977681342,114948.95370181544,10.720456215270714,1.6025030850296265,0.4615824951056468,-1.0,0.736,0.878891131018639,0.0,0.0,0.0,0.0
"[1.65467, -0.266365, 0.000492801]","[0.0, 1259478.0, 1421577.0]","[0.0,0.5,1.0]",124715,9.903628549617718,7.501782423681247,0.1802963546815557,0.4261430844679231,60546.46461903208,6.127783942713048,4.592564511580845,0.984429241588874,-1.0,0.738,1.2663104827206368,0.5085392252120228,0.0,0.0,0.0
"[3.25047, -1.57699, 0.000765028]","[0.0, 25245990.0, 28400750.0]","[0.0,0.5,1.0]",228560,8.354124979428754,5.096592586948562,0.313469557888142,0.1342088702433991,26775.40910802813,3.070056538810095,18.71157672053099,2.353598568628711,-1.0,0.812,4.2433169517066,2.955608187535653,0.06509851122688082,0.0,0.0
[3.26137],[0.0],[0.0],382616,10.413141982315503,10.033234983062838,0.3268894111105105,0.405497779096822,16447.999605821755,2.0529079027231787,14.159134233391075,3.1265455342842317,0.832,0.832,5.646310980745349,0.0,0.0,0.0,0.0
"[1.66459, -0.2226, 0.000155471]","[0.0, 13721490.0, 15453190.0]","[0.0,0.5,1.0]",118008,8.64516984578832,8.140324030096687,0.6053218858379695,0.4445859859801828,43930.65974057524,4.656902922641551,7.041120859815607,1.897843591278148,-1.0,0.919,2.4485786493819672,0.8954121800055563,0.023663834192243115,0.0,0.0
"[-0.760567, 2.05493, 0.00028249]","[13464750.0, 0.0, 14835490.0]","[0.5,0.0,1.0]",84984,8.82266389610257,7.346350683534569,0.276420842566822,0.0802641671080701,140550.59373332665,12.813573684307864,1.7051263633473712,0.6098077296177928,1.592,1.592,0.8741610288219818,0.5318163242295859,0.01024930611317337,0.0,0.0
[3.16066],[0.0],[0.0],132280,9.66694671116352,6.90408482154819,0.0993984958064211,0.271562038272464,58379.50811292795,5.938561382242679,5.259957123671066,1.3815916420385423,1.609,1.609,2.4562274885514004,0.0,0.0,0.0,0.0
"[4.52228, -0.577843, 2.34477e-05]","[0.0, 9218275.0, 14342850.0]","[0.0,0.5,1.0]",39628,9.867516458373764,5.980475503984958,0.3329309531761036,0.0541576774841899,26910.88765692793,3.0829955553503874,14.18381909973217,1.7502540271032374,-1.0,1.784,3.722029490443511,1.3304728415229043,0.008475224480369513,0.0,0.0
"[3.97513, -0.292731, 0.00639045]","[0.0, 115675.9, 117766.8]","[0.0,0.5,1.0]",262458,10.35595190235337,9.199581076200491,0.0114974717287307,0.4662567303224335,163461.6785132089,14.663154137416573,1.0024051677931047,0.4254819910124248,-1.0,2.362,0.84831442291576,0.23270459636563934,0.0,0.0,0.0
"[-1.01259, 3.35311, 0.00115555]","[65577090.0, 0.0, 68841330.0]","[0.5,0.0,1.0]",332761,10.954974229244767,7.492963494372147,0.3091603937525224,0.2770636335506182,130290.94246738106,11.978514832815115,1.5609398141547923,0.3016349133866405,-1.0,0.521,0.5523387450861518,0.3035277660475658,0.010253590747452107,0.0,0.0
"[4.05623, -0.174323, 0.000373439]","[0.0, 52345770.0, 53354510.0]","[0.0,0.5,1.0]",26956,10.621485181392792,9.064077663368684,0.0263271151584744,0.3271312164662016,41730.98743178377,4.458147809012999,5.761140270802124,1.247540072807115,0.564,0.564,2.5125562369894356,0.520873005300246,0.024108175281265586,0.0,0.0
"[-1.76728, 5.92918, -4.75584, 2.84865, 0.0179483]","[1054992.0, 601126.4, 663248.6, 0.0, 1463090.0]","[0.5,0.0,0.5,0.0,1.0]",78428,38.40009522217873,31.70102036839377,0.18228140622883,0.448206582415782,17358.529778159027,2.1456230907397145,1.743285363434454,11.347568896562445,0.617,0.617,19.152363450121385,37.09287516591751,15.085354123988086,1.520248166281837,0.0
"[-2.74675, 2.31547, 0.00160704]","[7033304.0, 0.0, 8156964.0]","[0.5,0.0,1.0]",2478,9.53729899112096,9.26090660569245,0.2618985275854853,0.2205845493336266,49887.53099724211,5.189919115549252,5.014124687059437,1.764161859291227,-1.0,0.878,2.684466617933012,2.923802244154927,0.07072155021906464,0.0,0.0
"[3.10038, -0.260045, 0.00363033]","[0.0, 64478520.0, 65360930.0]","[0.0,0.5,1.0]",311833,10.051501647022762,6.674092500394095,0.2198504603370677,0.3844513967658421,20236.014723864413,2.434143012052042,16.950541504771262,1.0310886701110733,-1.0,1.061,1.815530202480462,0.5294570845066994,0.0,0.0,0.0
"[1.69851, -0.367606, 5.57702e-05]","[0.0, 13512980.0, 15313190.0]","[0.0,0.5,1.0]",153652,9.463204333972604,6.771213584025206,0.0143824185086273,0.2054917338738104,66661.09377413416,6.65826030829598,4.616017994198352,0.5759196269955514,-1.0,1.152,0.7505781772732346,0.349183066744361,0.004300936001536849,0.0,0.0
"[1.81708, -0.394222, 0.00144753]","[0.0, 5070790.0, 5656222.0]","[0.0,0.5,1.0]",248739,8.006059860992508,6.407527784981027,0.2190859005004289,0.5359014910620804,16130.532937631857,2.0204015729911755,26.126650991066487,2.763762518871268,-1.0,1.298,3.725527272130059,1.7384693022104307,0.0,0.0,0.0
"[-0.630598, 2.12978, 3.66461e-06]","[13818060.0, 0.0, 20567420.0]","[0.5,0.0,1.0]",20278,10.804741531519644,8.988272176751368,0.1528431687950913,0.486046753618391,102672.87622961913,9.704427756241946,1.8620205752002568,0.3233239152555014,-1.0,1.334,0.47185134942826396,0.2567521705200751,0.0006189445032452011,0.0,0.0
"[2.02798, -0.436974, 0.000311498]","[0.0, 50886190.0, 52572210.0]","[0.0,0.5,1.0]",207059,10.173206149002874,9.49044321366672,0.1492336247419559,0.2108167259861399,70213.53019637936,6.964303026412002,3.059198077508044,1.1453299664408996,-1.0,1.445,1.6310319092332786,0.7571090235870855,0.02021427897465319,0.0,0.0
"[2.10205, -0.622416, 0.00113138]","[0.0, 6022515.0, 7288431.0]","[0.0,0.5,1.0]",67056,7.8081451159919695,5.818782920598093,0.2378896124336336,0.0564234246071898,30306.294760824385,3.4047108572960214,15.438335378699035,2.098435000952271,-1.0,1.514,3.0424051147314977,1.6570295406452882,0.0,0.0,0.0
"[-2.0212, 7.38159, 1.94766e-05]","[3580923.0, 0.0, 7847796.0]","[0.5,0.0,1.0]",240590,10.714367920754311,10.407484140633992,0.3070293399993747,0.6775792513203927,61262.60923205818,6.190171952504371,3.216693992122845,1.2473513590245686,-1.0,1.728,3.3889390972274027,1.7733458761543157,0.005504848574858133,0.0,0.0
"[2.66851, -0.338174]","[0.0, 33041030.0]","[0.0,0.5]",323967,37.39605010319519,34.38763671299704,0.4387199470797704,0.6429836685521251,181020.9662559053,16.068582025472843,0.0992723511782225,0.7766850895825202,-1.0,1.903,1.268759728072577,0.45166358266425793,0.0,0.0,0.0
[3.20796],[0.0],[0.0],95341,9.153958374175511,8.311138966644213,0.0458977461558979,0.396685270253218,12963.421338757107,1.6902369616971005,22.777889981884435,0.7366116295758905,-1.0,0.598,1.3193288015955444,0.0,0.0,0.0,0.0
"[6.43392, -7.25366, 5.08104, -1.28996, 2.73089e-05]","[451974.6, 765683.6, 0.0, 5116929.0, 10714060.0]","[0.0,0.5,0.0,0.5,1.0]",214628,9.353975558273802,6.298338943153071,0.5117077890642151,0.5466879095578079,77662.630040489,7.601491063670707,4.0868736889951975,0.4422950300746271,-1.0,0.628,0.9969844078636575,1.6363469624546414,0.5023427990777788,0.002311341744013036,0.0
"[4.93924, -2.48295, 0.00252022]","[0.0, 794149.6, 1397733.0]","[0.0,0.5,1.0]",274358,9.755657340820155,7.776833189023096,0.1912754460181825,0.0570293811900874,35199.82076183689,3.860769872670707,8.53277523469761,0.683441458385969,-1.0,0.633,1.518907703413445,1.0774710299136765,0.0,0.0,0.0
[3.08575],[0.0],[0.0],123524,8.587487740175842,8.330364626353317,0.5491938515766264,0.4008359002274141,60028.3845502761,6.082605831383137,4.774999583106846,0.2301599147853455,-1.0,0.657,0.40430587944471297,0.0,0.0,0.0,0.0
"[2.00262, -0.960135, 0.00279857]","[0.0, 13782740.0, 14400010.0]","[0.0,0.5,1.0]",61861,11.442031396457343,10.81233354146246,0.6465758825364457,0.0658884546584857,94384.80328331464,9.012950790306173,1.6988533311020448,0.6124071890589579,0.852,0.852,0.8666416456315963,0.6000762396137294,0.03239726642361685,0.0,0.0
"[-3.35433, 2.87546, 7.18017e-06]","[13376240.0, 0.0, 19461730.0]","[0.5,0.0,1.0]",200988,11.254679752504618,8.973692508751075,0.1860761092717457,0.6753756570128573,47549.82531779689,4.981598706794982,4.757338498461303,1.1160945205094717,1.094,1.094,1.8925817209846187,2.0441081470168267,0.0029906689336222556,0.0,0.0
[3.14937],[0.0],[0.0],157390,9.218108053325317,8.806393768627379,0.1201622779164141,0.9487021133459244,33766.27052216004,3.728003443543917,8.428722286172654,1.902190637077562,-1.0,1.128,3.3757158492556787,0.0,0.0,0.0,0.0
"[-0.964662, 2.13544, 4.19074e-05]","[19222890.0, 0.0, 23672200.0]","[0.5,0.0,1.0]",282570,9.749950379378944,6.724277420001418,0.7863067485147741,0.3099369927046758,43875.126302162345,4.65189863214007,7.5221139982435155,1.542266001416403,-1.0,1.146,2.2537356348906945,1.5147706106608694,0.009984001636920764,0.0,0.0
"[-2.5542, 4.08279, 0.000504199]","[1475753.0, 0.0, 1983630.0]","[0.5,0.0,1.0]",174115,10.098189545188118,7.503079043933893,0.2516578239337692,0.2097295899125662,81667.61053563682,7.941761334450115,3.097680941406713,0.9671593901926332,1.168,1.168,1.954234040605734,1.5457010538903415,0.02171696056594858,0.0,0.0
[8.60796],[0.0],[0.0],24468,9.460233854936504,7.478452467053315,0.4321873238540661,0.3267016469379361,87199.72017097614,8.40938274315343,3.0085317414127046,0.6844406028330703,1.46,1.46,2.008102538937883,0.0,0.0,0.0,0.0
[6.24635],[0.0],[0.0],302856,9.68295077482623,5.5015263536280425,0.4234773006378666,0.030886062715548,26048.55007328728,3.000491300453146,16.026191643204214,2.528868344879058,-1.0,0.538,6.320324518700364,0.0,0.0,0.0,0.0
"[2.38428, -0.359805, 0.00106544]","[0.0, 1682002.0, 1987959.0]","[0.0,0.5,1.0]",218659,9.372777411281392,8.715252419472373,0.7612978539484442,0.4098195871735603,53489.65132041794,5.508946614803118,4.922372653060823,0.9642313735751148,-1.0,0.607,1.4888806513011181,0.5792378231720159,0.0,0.0,0.0
"[2.18605, -0.256137, 0.000149044]","[0.0, 6844362.0, 8116521.0]","[0.0,0.5,1.0]",341006,9.049055327481565,6.599077501969779,0.3748699239298244,0.6158390144722372,24871.75354874809,2.88732603158859,15.14815061638022,1.4668099510067798,-1.0,0.81,2.168722040220445,0.742568164779776,0.0,0.0,0.0
"[1.68306, -0.224247, 0.0133365]","[0.0, 1406138.0, 1427236.0]","[0.0,0.5,1.0]",403862,9.855105579983343,8.070988158991412,0.2957909726606247,0.1907249580601228,20564.571053045343,2.466698568065444,14.402037957364168,2.6679853197321126,-1.0,0.852,3.461252121000879,1.3004437553815338,0.0,0.0,0.0
"[1.89967, -3.57127, 0.206502]","[0.0, 494938.5, 517168.9]","[0.0,0.5,1.0]",354688,10.194816153667242,9.79569958856875,0.583789490105256,0.2101813178542489,40531.21200599084,4.349254801152603,5.773172375511295,1.3126763101724952,0.862,0.862,3.1277641731100077,0.0,0.0,0.0,0.0
"[-1.25062, 2.24891, 0.000250383]","[7098333.0, 0.0, 8690769.0]","[0.5,0.0,1.0]",198016,9.67432797664588,7.499515285725877,0.0570956436007448,0.0056561609880262,62055.48542097118,6.259161376257765,4.54152039137658,1.116098779561596,1.008,1.008,1.6737426043281067,1.2481457954080377,0.017660583668971958,0.0,0.0
"[1.4759, 6.67419e-06, -0.157862]","[0.0, 13294640.0, 10778350.0]","[0.0,1.0,0.5]",220271,8.923106799532679,7.436962864160025,0.1551425463175159,0.6192174574593221,28529.42244650341,3.236950297434033,11.984996734002578,0.982402517268587,-1.0,1.26,1.1934876599657138,0.39032670637353856,0.0025379832385594467,0.0,0.0
"[2.88246, -0.867335, 0.0697928]","[0.0, 20767760.0, 20925260.0]","[0.0,0.5,1.0]",394449,9.532021560186893,7.233375081743159,0.091670271286092,0.46970073166501,12026.204945897554,1.5901427628210474,26.41086523274744,7.30812252310041,-1.0,0.695,12.407590868144545,7.074654421633311,0.0,0.0,0.0
"[1.73971, -0.293206, 0.00141057]","[0.0, 6942859.0, 7528187.0]","[0.0,0.5,1.0]",222283,7.853250562741424,5.349959483312903,0.0960665896445427,0.3389727777367581,36250.6707033567,3.9576896365986696,13.564523058224715,0.80444942315885,-1.0,1.388,1.0610532367502932,0.4366438313951771,0.0,0.0,0.0
"[1.96857, -0.25941, 9.98965e-05]","[0.0, 3836243.0, 4561390.0]","[0.0,0.5,1.0]",313123,9.570786671345973,4.363147321546821,0.3490386507868131,0.3289837374436279,39545.88670467991,4.259556089843536,12.591344552224532,1.6869224011086013,-1.0,1.583,2.366848917405847,0.8593539303812026,0.0,0.0,0.0
"[1.71748, -0.215988]","[0.0, 19594240.0]","[0.0,0.5]",64062,10.169742492590789,9.096465094880788,0.1932604780163631,0.4263815969761888,61580.11327705513,6.2178087781198,3.7363770978670647,0.6375048555902479,-1.0,1.838,0.8354670783453378,0.29627725239268043,0.0,0.0,0.0
"[2.99327, -0.451262, 0.139267]","[0.0, 5860791.0, 5866881.0]","[0.0,0.5,1.0]",136901,9.082181484802591,6.482905289084049,0.5421719332317458,0.2801659950937211,35502.68938168502,3.888738023186576,10.466614874784833,1.538208610707311,1.848,1.848,2.6612653819563135,1.1820500158974352,0.0,0.0,0.0
"[8.31273, -9.54388, -14.168, 19.6906, 0.0342845]","[0.0, 43661.45, 37121.28, 32037.19, 113598.6]","[0.0,0.5,0.5,0.0,1.0]",213896,9.27592793383558,7.663437207291924,0.1898891297148846,0.2525151174776538,63207.9215565326,6.359284940265808,4.509920643634656,1.1341840788164543,0.367,0.367,8.158993788350436,0.0,0.0,0.0,0.0
"[-0.729263, 1.80839, 0.0335995]","[866002.8, 0.0, 907867.9]","[0.5,0.0,1.0]",17637,8.429885514809428,8.308239920735312,0.2059817535185628,0.167447842509281,107936.06428962764,10.141155866637224,2.284185340738456,0.4986552109303988,-1.0,0.461,0.6705735360802262,0.4355354353584896,0.0,0.0,0.0
"[2.55045, -1.48685, 0.000477449]","[0.0, 22472740.0, 25015160.0]","[0.0,0.5,1.0]",20830,10.72139934962152,10.291579632948508,0.1776923153083698,0.3293163618087208,78895.09986173907,7.7063667851915,2.359088797199044,0.391379824906768,-1.0,0.473,0.6250386043298753,0.47723469919475076,0.008551886506511324,0.0,0.0
"[2.98555, -0.809503, 0.000109276]","[0.0, 14219920.0, 18307410.0]","[0.0,0.5,1.0]",238850,10.184798235433968,4.475398256904724,0.0395747677369141,0.3108538179307539,19445.531953636764,2.3555086928401123,24.81468244338196,1.6418620641976014,-1.0,0.631,2.8369314565312775,1.4772224518581034,0.017163231612147774,0.0,0.0
"[-1.04862, 2.7816, 0.000229757]","[8020941.0, 0.0, 9549213.0]","[0.5,0.0,1.0]",393342,10.471914248849911,5.685977843464054,0.0773356521175605,0.3856827954874578,29254.819688906213,3.3055903989182216,12.950483940225434,1.757183288033766,0.831,0.831,2.9306530242428783,1.7993934385352546,0.026634922664731057,0.0,0.0
"[-0.501893, 2.60894, 3.58972e-05]","[7775999.0, 0.0, 11301140.0]","[0.5,0.0,1.0]",349821,10.595838228111598,5.7758753574737325,0.337109377510293,0.3973213375469929,33413.84642876376,3.695262914405733,10.953558817969263,1.5900951529530098,-1.0,0.876,2.5683556349071637,1.1264934814882441,0.00952693936420275,0.0,0.0
[5.21051],[0.0],[0.0],297833,34.41299235350242,22.14688835867412,0.7388272862166667,0.5093128942739996,130655.14364824355,12.00823863913598,0.2433027614209889,1.3815935606266267,0.998,0.998,3.153700284306753,0.0,0.0,0.0,0.0
"[-0.474456, 2.11034, 0.00244289]","[25235580.0, 0.0, 26168130.0]","[0.5,0.0,1.0]",139442,8.356367289077937,8.341225173143691,0.1341258488771735,0.3763889625103139,24621.34060827958,2.863156463269311,13.400169139383696,3.5599100646386233,1.123,1.123,5.171484671391055,2.4583979333774195,0.0,0.0,0.0
[4.63732],[0.0],[0.0],341952,24.67061859324229,17.494953166343933,0.2669716875426701,0.1524487672147487,130433.16424813378,11.99012281646486,0.3904642430692617,0.1647456343537844,1.141,1.141,0.3547704572351304,0.0,0.0,0.0,0.0
"[2.83305, -0.310987, 0.000257896]","[0.0, 11648440.0, 13319990.0]","[0.0,0.5,1.0]",391425,9.165257566234205,8.207422582207368,0.3273688838108919,0.4314866993205022,168020.96894764135,15.029003218804547,1.1743659990393107,0.4630573026356874,-1.0,1.196,0.7794026127319847,0.25822950042779075,0.007436302374866089,0.0,0.0
[3.30439],[0.0],[0.0],111688,6.979253696099937,5.183882577296593,0.0291967606186655,0.2544368771636903,42758.112061897584,4.551094974392082,12.69492512815034,0.8929691602009853,-1.0,1.351,1.6232376593846853,0.0,0.0,0.0,0.0
"[1.66839, -0.245982, 0.000118647]","[0.0, 15436790.0, 17118870.0]","[0.0,0.5,1.0]",326590,10.97528712950113,5.529531323327172,0.9148917652632884,0.2182713974087554,52241.40632323692,5.398652431340281,6.611936793892957,1.575919728044814,-1.0,1.571,2.035555187171187,0.7816021698661285,0.01716573773842703,0.0,0.0
"[-0.272765, 2.44293, 0.00530641]","[20894120.0, 0.0, 21384270.0]","[0.5,0.0,1.0]",366063,9.69816945654555,6.693601034425435,0.5120852610802687,0.4571761538821287,24834.37283408823,2.883720699315132,14.173895854623872,1.8561942496242616,-1.0,0.939,2.9012084541765866,0.9788172003806311,0.0,0.0,0.0
"[3.9189, -0.0846525, 2.3277e-05]","[0.0, 20678180.0, 22939680.0]","[0.0,0.5,1.0]",277004,10.008332441121164,7.126866826662583,0.0626145989963428,0.2765674140004003,77144.2906809324,7.557338966011683,3.5089861299677647,0.2877021007621848,-1.0,0.976,0.5695411710145264,0.0837072216312651,0.001388054557346826,0.0,0.0
"[2.94178, -1.32407, 3.71236e-05]","[0.0, 20536450.0, 24734590.0]","[0.0,0.5,1.0]",82451,10.179464711097143,9.18545800195406,0.5188646744710219,0.2606396783092717,49077.93008117916,5.117891854565783,4.877755526002529,1.3967120774275033,1.076,1.076,2.3955872007293153,1.6071720140603738,0.008510046454603194,0.0,0.0
[3.85706],[0.0],[0.0],60828,8.792503802506465,8.554241100806465,0.1397710822286007,0.3362967487840198,33047.02524723724,3.661141255287318,9.197469620120373,2.2164368416056517,-1.0,1.627,4.352948788100944,0.0,0.0,0.0,0.0
"[2.37356, -0.256802, 0.000139391]","[0.0, 71762260.0, 76376130.0]","[0.0,0.5,1.0]",280230,10.560625491405563,9.87581995896715,0.3425450526167448,0.3334066110472222,34824.01041203052,3.826027400888679,6.610985415036203,2.8248634964220565,-1.0,1.704,4.352087053636871,1.4315175195299739,0.03335145869869093,0.0,0.0
"[2.44591, -1.1328, 0.000364101]","[0.0, 3735596.0, 5165176.0]","[0.0,0.5,1.0]",48598,10.477807138250816,10.027859393929823,0.5780316329812343,0.6751976298090362,80905.11697769199,7.877094997789387,2.379056402382442,0.9538802216434475,-1.0,1.74,1.4918119450729477,1.0152440761808776,0.018201399406405284,0.0,0.0
"[1.85634, -5.90827]","[0.0, 52298990.0]","[0.0,0.5]",356815,10.393061708370553,10.037043695225888,0.4310221002743952,0.5189871054855648,68495.38266218168,6.8164707152057735,2.9586929482744027,0.9378856165698825,2.015,2.015,1.2778463505667534,2.2797123000544017,0.0,0.0,0.0
"[-0.000754399, 9.39635e-05]","[0.0, 20830.55]","[0.5,1.0]",199705,30.637343063841485,28.329985801744787,0.26411960064777,0.4317466616085685,94559.18408492628,9.02754988497595,0.3342657144536269,2.638997978415097,-1.0,2.705,0.07686520488752775,0.0,0.0,0.0,0.0
"[-1.99045, 2.02463, 0.0066528]","[83531970.0, 0.0, 88498140.0]","[0.5,0.0,1.0]",385152,10.814309808990064,7.998962740954543,0.199415953974901,0.0888564172292552,31831.777640463177,3.5477702516359755,8.560549261219396,1.827245221470385,-1.0,0.247,2.5999779731702723,2.5779380169184773,0.14903870511111383,0.0,0.0
"[-0.654393, 1.72801, 0.0130082]","[1166000.0, 0.0, 1260475.0]","[0.5,0.0,1.0]",318107,9.78455341137203,8.877586239577019,0.7904305680921305,0.1453731768179046,95984.59737200238,9.146800600619336,2.231753461554188,0.5197509220612253,-1.0,0.384,0.6832323072496553,0.42460857454084583,0.0,0.0,0.0
"[-1.65773, 2.18403, 0.000107766]","[5696060.0, 0.0, 7509753.0]","[0.5,0.0,1.0]",58131,8.904295162921452,6.920435979321236,0.1480318649182927,0.0074204363567018,35836.61852486944,3.91954156496084,9.951340274320756,1.6496335370621982,0.841,0.841,2.437904994116739,2.123950425227853,0.01712491241040643,0.0,0.0
"[1.54104, -0.213831, 0.000344566]","[0.0, 5415878.0, 5906367.0]","[0.0,0.5,1.0]",244828,9.11348288876653,7.44932814905005,0.2343080284212474,0.2991562145150293,64338.86500605988,6.457370121976897,4.584696101770443,0.6949813628367604,-1.0,0.943,0.8627403577448761,0.32137233766575435,0.01290058394264021,0.0,0.0
"[1.58188, -0.329249, 0.00146578]","[0.0, 4287260.0, 4534877.0]","[0.0,0.5,1.0]",374776,10.170829703649176,7.314428608483166,0.510140336008646,0.387357745821646,81213.10156026654,7.90322132204476,3.1706779840458195,0.4964718367221382,-1.0,1.033,0.6244265851284664,0.28551006282478325,0.0,0.0,0.0
"[-0.463784, 2.68744, 0.00116935]","[2382981.0, 0.0, 2779028.0]","[0.5,0.0,1.0]",10766,21.03270287113909,6.21135504723007,0.5878382839403761,0.3306136923790658,32490.00759822834,3.60924022679918,6.271004435890449,2.356008343162014,-1.0,1.072,3.8623018534677547,1.6065029028605706,0.0,0.0,0.0
"[-0.0045533, 0.000669106]","[56587180.0, 56613440.0]","[0.5,1.0]",5939,11.150583971955967,7.64865484330251,0.023038670559279,0.2795630760115177,73867.95849033725,7.277632662598041,3.199121145174049,1.015685680538996,1.597,1.597,0.06853658522965589,0.02627282613556712,0.0,0.0,0.0
"[3.17387, -0.00259311]","[0.0, 188486000.0]","[0.0,0.5]",334931,10.080606197873324,9.152007293153806,0.4652186256675574,0.1305015469277052,127245.77430676458,11.729743055453511,1.4544112387451549,0.2890211953524256,-1.0,2.101,0.5149016221603017,0.014717707343257176,0.0,0.0,0.0
"[2.48978, -0.897281, 0.000588333]","[0.0, 834648.6, 1203339.0]","[0.0,0.5,1.0]",365024,9.60071274719085,9.266324250302755,0.3139748271816615,0.5734062085662982,12589.454518578255,1.6504468951300346,20.489684749548896,3.9479054900094512,-1.0,0.338,7.26634429429361,0.0,0.0,0.0,0.0
[4.2956],[0.0],[0.0],372184,10.235681072982528,8.850007828334325,0.6487418217860406,0.4122762901091521,110692.09072951046,10.369161367988,1.7837679322190492,0.5928948957210228,0.602,0.602,1.228823839908449,0.0,0.0,0.0,0.0
"[1.59253, -0.170318, 8.4508e-05]","[0.0, 14497520.0, 15832890.0]","[0.0,0.5,1.0]",169385,10.085350110329957,6.848370573351393,0.141219277859883,0.2418578120711473,50620.78164739258,5.25504855327194,6.085528216897909,1.162191902863609,-1.0,0.882,1.4666336884471995,0.47963196585503265,0.010683824789491795,0.0,0.0
"[2.19016, -0.387711, 0.00706479]","[0.0, 2264341.0, 2375641.0]","[0.0,0.5,1.0]",89448,9.60078522370273,9.361299586432692,0.4277650792534799,0.3663530588754948,55655.54859516231,5.699705875833577,4.331148669397001,1.1054380296904038,-1.0,0.906,1.6359586513759767,0.694559821543915,0.0,0.0,0.0
"[2.51729, -1.40046, 0.000885675]","[0.0, 2366898.0, 3253748.0]","[0.0,0.5,1.0]",204430,11.08840544563962,7.070585832590824,0.102909081092644,0.2815868900231764,79541.20684877403,7.761287992714362,3.12946193555848,0.2760691413000651,1.099,1.099,0.4380104678636603,0.3267030725413757,0.008215898350390096,0.0,0.0
"[2.26652, -0.426796, 3.44558e-05]","[0.0, 8710114.0, 11759720.0]","[0.0,0.5,1.0]",265959,10.49581068678987,8.70119473797106,0.4596468817722246,0.2088885303213841,13307.590364049767,1.7266919082343135,19.148423607535506,3.7821025377967334,1.177,1.177,5.6939424956629985,2.4708334332400312,0.022200587523272662,0.0,0.0
"[1.91741, -0.213001, 0.000250241]","[0.0, 4766520.0, 5482405.0]","[0.0,0.5,1.0]",99432,9.109268498133424,8.288876781416148,0.3566798195421469,0.7884961436529268,61465.26666557165,6.207813659585956,4.434990937772575,0.5124161794190019,-1.0,1.373,0.7095456274287752,0.23649047589386984,0.00810591541312614,0.0,0.0
"[2.23467, -0.49838, 0.000222587]","[0.0, 3688671.0, 4566027.0]","[0.0,0.5,1.0]",377585,9.951640011191571,6.449446832175992,0.728809809121252,0.3844124818888204,88335.4390479619,8.505060079760817,3.225961385272963,0.495738714381656,-1.0,1.887,0.7410705170532881,0.3499718707756824,0.007396099314934759,0.0,0.0
"[-0.339993, 2.01946, 0.00122441]","[2681344.0, 0.0, 3285765.0]","[0.5,0.0,1.0]",372101,10.332948687587873,9.261734923640615,0.1583870089091078,0.5620779867116638,105774.4631674849,9.96200282129855,1.8100468095402693,0.078623368411841,-1.0,0.225,0.11172986494068632,0.045844435966709896,0.0027511551319261964,0.0,0.0
"[2.34546, -3.81037, 5.54096]","[0.0, 205884800.0, 198813100.0]","[0.0,0.5,0.0]",108524,10.70139629872018,8.242222085497605,0.1750446818755902,0.0222163108389984,20669.34281010564,2.4770647359391584,13.163108117578,3.663096511056475,-1.0,0.358,5.609993738198314,8.622652193971849,7.150426316662877,0.0,0.0
"[-1.19889, 2.67318, 0.0163306]","[673248.8, 0.0, 751890.0]","[0.5,0.0,1.0]",23275,10.310440218490156,6.820242219320675,0.4872743716926997,0.6348839142247352,45818.23176347383,4.826592184195833,6.753574593927511,0.9267765145480618,-1.0,0.417,1.5152668474271613,1.0216510395946157,0.0,0.0,0.0
"[1.63495, -0.191875, 0.0485058]","[0.0, 12480080.0, 12495120.0]","[0.0,0.5,1.0]",345873,9.31289288385574,9.163378700821388,0.1224610438029771,0.2253970815266228,49723.02498023966,5.175293727067014,5.1801860760009095,1.0753063974364028,-1.0,0.423,1.3749422816571963,0.5272081529127709,0.0,0.0,0.0
"[1.86838, -0.214393, 0.00375008]","[0.0, 3952894.0, 4094627.0]","[0.0,0.5,1.0]",324885,10.930600105384965,6.871879809215417,0.1518428723604238,0.1919392793187373,35036.6544700467,3.845691399849428,8.707454422742456,0.8366072997616164,-1.0,0.755,1.1435476204920667,0.39074404680272506,0.0,0.0,0.0
[3.34771],[0.0],[0.0],50580,10.074863400787295,9.842105773152792,0.009319839119838,0.3684242481937777,67564.2934554633,6.736213300141051,3.139858091114197,1.5004104818658537,0.842,0.842,2.745263300088904,0.0,0.0,0.0,0.0
"[-0.728094, 3.82163, 0.00112145]","[3286550.0, 0.0, 3826790.0]","[0.5,0.0,1.0]",210941,9.602581419430289,6.230385460154404,0.4706619074241226,0.2582786759929771,99348.0526229602,9.427610450885878,2.931028528652904,0.4466721188574064,-1.0,0.971,0.8731988670348321,0.3811382809780319,0.014958181632466943,0.0,0.0
"[2.38523, -0.413041, 6.07785e-06]","[0.0, 4557882.0, 6942936.0]","[0.0,0.5,1.0]",359935,9.41240143179976,9.046600015145376,0.2021446745414216,0.1733629538944419,143583.98248771662,13.059607520210731,1.3171596934438037,0.3785396164287289,-1.0,1.228,0.5846237700366017,0.24328084717044876,0.0009332249183417378,0.0,0.0
"[-1.70566, -2.97292, 2.18632]","[3300835.0, 3558306.0, 3558416.0]","[0.5,0.5,1.0]",360240,10.100871530525357,8.777698987758555,0.2061209550707494,0.1086055496334787,42150.12718244895,4.496107019935876,6.098200885882149,1.0857798650948651,1.473,1.473,2.8448468496109394,0.0,0.0,0.0,0.0
"[3.00387, -0.431451, 0.000438165]","[0.0, 2719856.0, 3197845.0]","[0.0,0.5,1.0]",281198,8.543228984356446,8.278028226584054,0.3507902856141534,0.8459734690212739,63885.8713270257,6.418102645643254,4.462990818398659,0.1563301476885729,-1.0,1.506,0.27094635004800943,0.10268534773178739,0.003272363802730463,0.0,0.0
"[1.75015, -0.20781, 0.000737483]","[0.0, 18130540.0, 18653070.0]","[0.0,0.5,1.0]",186144,9.079295038431136,5.628596882372938,0.4422590608399356,0.0229605624326403,114318.3077061598,10.668477728722827,2.7759888826928343,0.5538791315055313,-1.0,1.751,0.7327446204982746,0.2524923495959087,0.015041495197900217,0.0,0.0
"[-5.18117, 3.73832, 16.4036, -14.1106, 3.62633e-05]","[3189664.0, 0.0, 2747715.0, 2768377.0, 10596080.0]","[0.5,0.0,0.0,0.5,1.0]",28953,10.246092812978182,9.561347184240596,0.8540328910277261,0.2522749899414139,108848.99159322404,10.216732754387378,1.707909987501974,0.8484508983018816,-1.0,1.778,1.6404573772409923,4.686813886538882,1.9312595080982793,0.005109287900900463,0.0
"[-0.457058, 1.56417, 3.67414e-06]","[9624908.0, 0.0, 14490830.0]","[0.5,0.0,1.0]",363245,23.80237487047311,3.4872778189001785,0.2263772724564973,0.1183509565081862,39798.30613361403,4.28255864234581,7.867959998616108,1.1676387240924035,-1.0,1.825,1.46032817948313,0.7893945926348129,0.0022381353156784556,0.0,0.0
"[6.67743, -0.00210409]","[0.0, 183069500.0]","[0.0,0.5]",98336,9.898340953415715,3.450555357966113,0.5038879613492903,0.241439416829753,148541.49174371958,13.460909704720375,2.812426691089449,0.1635618600067948,-1.0,2.038,0.42265568280536386,0.0075026415317695164,0.0,0.0,0.0
"[1.67154, -1.43, 0.00108115]","[0.0, 286867.4, 369243.9]","[0.0,0.5,1.0]",224277,10.803370031233609,6.850108339700519,0.6261050523758221,0.3471060438241399,91169.53575733694,8.743359565853423,2.7513703008091897,0.6663182396115309,-1.0,0.335,0.8614698620657962,0.7971018779810606,0.0,0.0,0.0
"[-0.736282, 2.47689, 3.38636e-05]","[12147080.0, 0.0, 17980570.0]","[0.5,0.0,1.0]",80162,9.555539088960725,9.165063910949476,0.2844591749803952,0.1659241756558988,44399.54939387262,4.699127806755651,5.795338165711628,1.5837122209977887,-1.0,0.483,2.4924682104863285,1.3589339845403394,0.009216007740223981,0.0,0.0
"[3.09233, -0.338286, 8.39131e-06]","[0.0, 6658680.0, 10141400.0]","[0.0,0.5,1.0]",8456,8.359167736943617,6.1491627887179545,0.7945763828032597,0.4405748811173381,34189.68261464893,3.7672852269168846,12.21288907165546,1.1025643386355646,-1.0,0.939,1.9388618190807088,0.6412774284218921,0.003193881687353082,0.0,0.0
[3.38428],[0.0],[0.0],188149,9.345846756116144,6.740190460599193,0.2343450523900263,0.4083182371787848,49178.88662468597,5.1268802467244825,6.789483475234229,0.8413503220695723,0.217,0.217,1.5477827744839545,0.0,0.0,0.0,0.0
"[4.80525, -5.32252, 5.10013, -1.54779, 0.221828]","[0.0, 44826.7, 12514.05, 137423.5, 141796.7]","[0.0,0.5,0.0,0.5,1.0]",211505,39.36214388958614,26.527361297209502,0.1107066641815081,0.0540879226609915,49047.67882869495,5.115197946772922,0.6574437622723358,5.268078521113193,0.228,0.228,20.55759224232094,7.007966273917755,0.0,0.0,0.0
[3.61726],[0.0],[0.0],179071,9.570728002481651,7.753393138084158,0.3436494481965799,0.4134585939402404,19148.69962262921,2.3258633995870936,16.354971874089173,3.2439689110392,-1.0,0.562,6.169735506063868,0.0,0.0,0.0,0.0
"[1.97651, -0.219348, 0.00675595]","[0.0, 2407811.0, 2490844.0]","[0.0,0.5,1.0]",366782,9.816765047471367,8.741012930068758,0.0663651005664721,0.5838581888740296,122141.64462706876,11.311757354861482,1.6336359278114951,0.2585736986745536,-1.0,0.764,0.3635246422065051,0.12295279973317934,0.0,0.0,0.0
[3.78485],[0.0],[0.0],31497,11.061212403330028,9.786182526233803,0.2579866390003724,0.0212202633488394,37225.0895629722,4.047269123111854,5.950461378184076,2.5205522014480373,0.908,0.908,4.903656410510414,0.0,0.0,0.0,0.0
[5.54397],[0.0],[0.0],198134,9.811661988305618,9.739026863865526,0.5777083486306146,0.9368999340231692,70790.05180438621,7.013831970392773,3.05332018712014,0.66906011481419,0.967,0.967,1.5753446285777297,0.0,0.0,0.0,0.0
[5.18109],[0.0],[0.0],246638,10.53628566582043,8.587936409194832,0.1316486330883118,0.536315613326235,28441.74301272553,3.2286394344961216,9.289535528278495,1.3145303686869902,-1.0,1.078,2.9921350531745983,0.0,0.0,0.0,0.0
"[2.50654, -0.332649, 0.0632715]","[0.0, 11351360.0, 11369350.0]","[0.0,0.5,1.0]",277379,8.698323526776099,7.649299471922312,0.0260351913852198,0.2020889066128289,81180.24909582299,7.900434834692472,3.468319778103159,0.5151726594224127,-1.0,1.309,0.8156242439409647,0.32415804263104786,0.0,0.0,0.0
"[3.97526, -0.294349, 0.00050509]","[0.0, 4309705.0, 4833491.0]","[0.0,0.5,1.0]",24995,8.763229927341628,3.5024045186468524,0.2012111547482463,0.2477586619381067,64413.30498101252,6.463820237562818,9.161664827854194,0.2819143053122837,-1.0,2.504,0.5620822661728242,0.15308078908993028,0.0,0.0,0.0
"[3.82379, -0.484073, 0.01023]","[0.0, 8645659.0, 9035842.0]","[0.0,0.5,1.0]",368354,10.174407703708814,6.725559917176703,0.0538100604627326,0.3321103940036456,31841.312869917656,3.5486618009856508,10.438269022242505,0.7011013401817572,-1.0,0.552,1.3709695653331884,0.4929211129817114,0.0,0.0,0.0
[6.00566],[0.0],[0.0],231040,9.770011844430664,7.628738835667601,0.5249382901859616,0.3444670478244736,46629.62543990893,4.899301814461774,6.273848317969574,1.086983671884406,-1.0,0.721,2.6638108974336925,0.0,0.0,0.0,0.0
"[1.87282, -0.208773, 0.00122274]","[0.0, 3171182.0, 3369181.0]","[0.0,0.5,1.0]",384307,10.385059810677776,9.842883457311032,0.0738518780022086,0.6402798004064494,43167.95697531612,4.5881141461717885,5.264865807094244,1.2084387789103166,-1.0,0.985,1.6537607210585683,0.5537706008061019,0.0,0.0,0.0
[3.28876],[0.0],[0.0],153242,10.33292077254634,10.00142590374764,0.0313808016947311,0.4493209006781571,72998.37190253308,7.203206670233431,2.7512442926395875,0.8112946601854634,-1.0,1.015,1.4712778893131366,0.0,0.0,0.0,0.0
"[2.80269, -0.330448, 8.62612e-05]","[0.0, 27312180.0, 31069120.0]","[0.0,0.5,1.0]",291471,10.02301262208042,8.176651018079182,0.0170971187300264,0.1347179353854795,32476.63086101949,3.6079927285687714,8.742546063063447,0.1694769354944541,-1.0,1.039,0.2837253460691053,0.09742314970632435,0.0015740493709873423,0.0,0.0
[3.88622],[0.0],[0.0],276728,10.21728170785532,7.671552505692445,0.5003306958458559,0.1740451059495745,21969.994902262948,2.6051572842419133,13.681862214708213,2.7123596398255247,1.183,1.183,5.347009610135487,0.0,0.0,0.0,0.0
"[-0.456907, 4.29935, 0.000491692]","[3711650.0, 0.0, 4332842.0]","[0.5,0.0,1.0]",225240,9.4667501431101,8.702527729731752,0.1506014029674186,0.2983480195540344,23444.01339196933,2.749077021047844,12.258457074461646,3.094294997819691,1.233,1.233,6.415981691385243,2.092710601535777,0.0,0.0,0.0
[3.29112],[0.0],[0.0],88903,9.67268365588596,7.279551488602291,0.6928269008873089,0.668797372757662,64024.45484066439,6.430118432228848,4.4820291736186055,1.2392117757356045,-1.0,1.413,2.24810913613526,0.0,0.0,0.0,0.0
"[-1.49626, 1.78458, 4.26031, -2.60338, 9.01319e-06]","[266297.2, 0.0, 240883.6, 250473.6, 653831.0]","[0.5,0.0,0.0,0.5,1.0]",115848,25.992509533982783,17.550783700474284,0.3641779434248826,0.0906937724570423,115745.97056924624,10.786115477633269,0.4391249046407323,0.8488343815201405,-1.0,0.628,1.133942343165391,2.45428392054084,0.0025483684822870003,0.0,0.0
"[-0.702147, 2.43809, 0.00399948]","[2877078.0, 0.0, 3055533.0]","[0.5,0.0,1.0]",109269,7.433323568570675,6.77073384263349,0.2565366352221554,0.1691593067513112,67831.99861031666,6.759299397533506,5.499518918849189,0.9259051500046924,-1.0,1.428,1.4457438924451036,0.7780614514286642,0.0,0.0,0.0
"[0.000274526, -0.00212037]","[107907900.0, 107881900.0]","[1.0,0.5]",361458,10.796397266867492,6.505426564259019,0.5972558653725077,0.5945146858193765,83250.70660722445,8.07585293824166,3.241209474958964,0.3022855172212675,2.484,2.484,0.00500851618260305,0.013919484948503553,0.0,0.0,0.0
"[5.06144, -1.43121, 0.0194972]","[0.0, 102848.6, 123313.8]","[0.0,0.5,1.0]",206463,11.041707403404354,10.366565247435222,0.2604576377535532,0.241937677948813,59591.75128515918,6.044500218213583,3.256986569140488,0.6113151489851051,-1.0,0.379,1.5600095698592003,0.0,0.0,0.0,0.0
"[1.73722, -0.5821, 0.000824456]","[0.0, 12665440.0, 13401130.0]","[0.0,0.5,1.0]",192392,10.57734901770404,7.70896901204609,0.1731146956502626,0.6045020041888275,38247.7972391445,4.14099822918399,7.333310171083309,0.2141436159935019,0.518,0.518,0.28224908462872156,0.1633818959444914,0.006148778850289538,0.0,0.0
"[2.69065, -1.7925, 0.00228833]","[0.0, 5349528.0, 6508191.0]","[0.0,0.5,1.0]",165839,7.906891349284628,4.750169090346893,0.0423611664363274,0.2352753294699828,11438.55527652748,1.5267166702557544,46.009275182046665,3.9003763760820607,0.736,0.736,6.397865731033686,5.225322934868817,0.0,0.0,0.0
"[-0.653401, 1.91971, 5.37474e-06]","[49146890.0, 0.0, 54314310.0]","[0.5,0.0,1.0]",150438,10.41832452689277,6.0247099746291255,0.1854064037252129,0.3143484254830676,81085.77953530558,7.892421656971211,3.689238567246352,0.6877118151901185,1.355,1.355,0.9528494757605686,0.5558996276981618,0.0015943556896696157,0.0,0.0
"[3.23892, -0.43172, 6.9336e-06]","[0.0, 3283024.0, 4279109.0]","[0.0,0.5,1.0]",364379,8.673983341824364,7.747551674392574,0.0501909661398951,0.4307575231278958,71809.67742270275,7.101336731669202,4.022881454595763,0.1955090687145154,2.204,2.204,0.35185766607697183,0.12846002174750204,0.0005148091992148792,0.0,0.0
[8.47111],[0.0],[0.0],386580,32.00110634219276,8.086817805488474,0.3518434072496143,0.0672949018781626,58331.83217881417,5.934390428494494,1.8228806888314704,1.5706526254844058,-1.0,0.446,4.571411381459164,0.0,0.0,0.0,0.0
"[1.85668, -0.704468, 0.000758765]","[0.0, 5639612.0, 6548335.0]","[0.0,0.5,1.0]",236710,10.010990156983576,9.10437860069108,0.5936901292745673,0.6782519400571532,20946.681624494355,2.5044698173437308,12.610719526519174,3.243827153708098,-1.0,0.504,4.420040355624233,2.7240940531774847,0.0,0.0,0.0
"[-0.854641, 4.26994, 0.000932441]","[12416220.0, 0.0, 13854910.0]","[0.5,0.0,1.0]",191626,10.18206477378,5.13625183575375,0.6847831047988473,0.1986741070112461,62851.7554909923,6.328360375301146,5.969716072077497,0.9912491226173225,0.83,0.83,2.048300646903002,0.9163780493770727,0.03026868101877749,0.0,0.0
"[1.35017, -0.151265, 0.00287617]","[0.0, 7807956.0, 7939721.0]","[0.0,0.5,1.0]",167451,9.52822191273002,7.700346865469641,0.0308515133609992,0.3304489219706293,58037.15005336822,5.908603338173323,4.882257429837189,1.3223712263398593,-1.0,0.9,1.5365532579451584,0.5191737385596479,0.0,0.0,0.0
"[1.59349, -0.372577, 0.12243]","[0.0, 17934730.0, 17940290.0]","[0.0,0.5,1.0]",35324,10.25346486417099,9.645925416721486,0.2594728258663023,0.3614932423819924,96253.00817740144,9.169239426644662,1.9950851924028328,0.6579885208844061,-1.0,0.973,0.8306020301489756,0.4629392324938569,0.0,0.0,0.0
"[2.63324, -0.673721, 0.191046]","[0.0, 1319350.0, 1321990.0]","[0.0,0.5,1.0]",222638,8.901847883998032,5.872935946256497,0.2983699317743378,0.4171813583314268,83924.88210898825,8.132889050202518,4.088225406368694,0.5278369692619496,-1.0,1.077,0.856534827278425,0.4908506367813767,0.0,0.0,0.0
"[-0.717145, 1.98152, 0.00423461]","[5458580.0, 0.0, 6077195.0]","[0.5,0.0,1.0]",125060,10.99823231746734,6.936543809230935,0.2616492803285551,0.236505350113249,17387.0007052865,2.148511053879345,17.63196777802093,2.322403334045496,-1.0,1.107,3.269165268698641,1.9725116533551312,0.0,0.0,0.0
"[4.58999, -0.804985]","[0.0, 3431056.0]","[0.0,0.5]",258560,9.757472667293593,9.46068266831317,0.1419721986675246,0.2841873910638095,28509.17895526714,3.235031586976075,9.097593223132485,1.7974020078395734,-1.0,1.163,3.850801144112316,1.612646270050517,0.0,0.0,0.0
"[1.64396, 0.000115518, -0.182114]","[0.0, 13828160.0, 12217820.0]","[0.0,1.0,0.5]",386047,35.07522764631269,34.37844135069235,0.2834675241481299,0.2519689884960564,25395.55096867894,2.937781221511689,1.2066165208288593,11.44146917416844,-1.0,1.222,14.669908937509863,4.88262602416668,0.12297211016174207,0.0,0.0
"[-7.49003, 6.87605, -11.8339, 9.98389]","[465492.9, 0.0, 248082.5, 171269.3]","[0.5,0.0,0.5,0.0]",336198,45.88833359881277,36.75580507620891,0.0769022010887984,0.1743176396278358,47493.4721981619,4.976563720981353,0.4560369779627996,5.800444342727005,-1.0,1.63,15.210054736988408,18.32783463179884,19.953781463730053,15.874609195408853,0.0
"[2.86132, -0.972129, 5.82028e-05]","[0.0, 7494003.0, 13084530.0]","[0.0,0.5,1.0]",33539,9.246397485946115,8.597112272508475,0.35126738621168,0.0177243580135141,27558.061594114737,3.1446919715867536,10.683774031664626,1.0773086514205343,-1.0,1.646,1.8223146339216998,1.062189727398378,0.008218869533808836,0.0,0.0
"[2.19094, -0.650382, 7.968e-06]","[0.0, 4102688.0, 6584496.0]","[0.0,0.5,1.0]",329082,9.59860693133238,6.6432013959207685,0.5561706227309162,0.2006853472538138,65399.17359989222,6.549178983617411,4.751562949981063,1.0986060569507647,-1.0,1.655,1.6261373733114226,0.8859847480133654,0.0031011062894334097,0.0,0.0
"[1.5943, -0.216792]","[0.0, 17063430.0]","[0.0,0.5]",54976,8.789592062350714,4.809705107668626,0.3549639422595182,0.1741142778499554,62776.95753279216,6.32186366033872,7.108191392599736,0.645839423521544,-1.0,1.8,0.8154729785602151,0.3007088278564735,0.0,0.0,0.0
"[1.6078, -0.224128, 0.000491084]","[0.0, 2800100.0, 3124843.0]","[0.0,0.5,1.0]",337861,8.772085120288134,7.362252438338259,0.5485107187082215,0.644610503670326,40873.53271615301,4.380360320119842,8.231799036822885,0.8365517451340148,-1.0,0.812,1.0607396959068993,0.39647529913982293,0.0,0.0,0.0
"[1.94157, -0.487186, 0.0166282]","[0.0, 13343130.0, 13488000.0]","[0.0,0.5,1.0]",128721,10.07157421782625,8.442921843882313,0.3934074996990282,0.6377924479993737,64507.24549441617,6.471959261487286,3.7864585174396046,1.3069455600025175,-1.0,0.968,1.821100963517938,0.9276682645041388,0.0,0.0,0.0
"[4.12712, -2.50247, 5.06865]","[0.0, 398272.9, 7032.596]","[0.0,0.5,0.0]",104902,9.272272863371876,5.828257433451128,0.5095832493047112,0.6245427379881712,96730.60765115416,9.209153170507474,3.3087690941091776,0.4128758369089348,1.009,1.009,1.2520264887605517,0.6531364282492521,0.0,0.0,0.0
"[3.4963, -0.319264]","[0.0, 8020767.0]","[0.0,0.5]",89489,9.18491469534035,6.482405443225044,0.0352817961079573,0.2076446733744662,30910.42597666121,3.4614687711189207,12.080938753425524,2.0090849616781186,-1.0,1.396,3.756666551415775,1.1352023413308783,0.0,0.0,0.0
"[-0.683251, 2.22162]","[4483217.0, 0.0]","[0.5,0.0]",187541,4.209785003447378,3.4117645821338938,0.0383829854710119,0.4861092147511302,79070.43447807526,7.721274865425514,12.888004719888048,0.4180094624573082,-1.0,1.606,0.345522434467452,0.623047275459802,0.0,0.0,0.0
"[2.19763, -1.80131, 0.000137421]","[0.0, 1350525.0, 1945674.0]","[0.0,0.5,1.0]",72981,7.750707706075975,7.6861676185846095,0.0765074764013798,0.7436480903416566,38299.50029649241,4.145729214027764,9.47183006940122,1.702672899473892,1.714,1.714,2.5241113585913872,2.285293682587176,0.0,0.0,0.0
"[2.97759, 5.17368, -0.894246, -5.07318, 8.69554e-05]","[0.0, 375922.9, 2135239.0, 440535.8, 4850867.0]","[0.0,0.0,0.5,0.5,1.0]",81165,27.261670047348,14.5394104935241,0.1267258885037654,0.4262901423815227,78265.99390104994,7.652852118857185,0.8344646975090386,2.2251673602506497,-1.0,0.457,3.839680865199545,7.122920254742216,2.1042201931574955,0.020749658789137312,0.0
"[1.4375, 0.00438166, -0.181477]","[0.0, 6203351.0, 6110105.0]","[0.0,1.0,0.5]",278748,11.337972929555752,8.75311796748059,0.2048856491584492,0.3821123192507322,65893.05854084277,6.591894412097268,3.2466058495066044,0.7927119359728536,-1.0,0.508,0.9504282228612163,0.3417486426355569,0.0,0.0,0.0
[3.17191],[0.0],[0.0],303343,10.211054066541314,9.21620656402624,0.4543954082365618,0.003782586070381,108660.7352154019,10.201151963798743,1.7705986185770302,0.5013723110131328,-1.0,1.112,0.8929369073375666,0.0,0.0,0.0,0.0
"[2.31367, -0.684964, 0.000640903]","[0.0, 11604860.0, 13665120.0]","[0.0,0.5,1.0]",107798,9.745197777324334,9.320155892547996,0.1872957697409057,0.2319638321718519,43181.23246131351,4.58931273874788,5.807385119436975,1.563591758141459,-1.0,1.46,2.3783407675033734,1.2940684406193168,0.039583986040404376,0.0,0.0
"[0.000760958, -0.00428761]","[58813370.0, 58800300.0]","[1.0,0.5]",23538,9.589383401439186,9.265012181764597,0.4932619812421356,0.5968739468500921,49867.33132772099,5.18812354755056,4.992055721170037,1.7870647772431554,1.573,1.573,0.049297016776112146,0.1170167232375469,0.0,0.0,0.0
"[1.98199, -0.360206, 0.000121921]","[0.0, 15732200.0, 17068780.0]","[0.0,0.5,1.0]",394057,8.760038426679811,8.03923795772917,0.2873070839186535,0.4227910770085585,38556.7308811738,4.16925521330079,8.179112771112308,1.2559317062547086,1.763,1.763,1.7681404264914182,0.7537745945282123,0.01386772696598271,0.0,0.0
"[2.15285, -0.291779, 0.000644145]","[0.0, 21157460.0, 23012230.0]","[0.0,0.5,1.0]",73611,10.420727782381022,5.812269157617294,0.2559763795431465,0.241026569021592,52163.06886278074,5.391721615447373,6.600389597696263,1.336372282952614,-1.0,1.826,1.9608047271691016,0.7218624901460542,0.033917144337696346,0.0,0.0
"[3.01403, 0.000120085, -0.0418579]","[0.0, 19547200.0, 18636760.0]","[0.0,1.0,0.5]",224730,10.190069665386416,8.840629923854348,0.1673273270191017,0.3335997897336201,104362.51817953998,9.844822817996414,1.9386406235971767,0.5672134057931218,-1.0,1.875,0.9847370358292054,0.11604734388171227,0.006215711774561897,0.0,0.0
[3.57145],[0.0],[0.0],174933,9.572353211939198,7.382322176818191,0.2698645644953031,0.4188316765349898,107639.11427622692,10.116561758825558,2.281974733180017,0.795942323338533,2.214,2.214,1.5041941164939858,0.0,0.0,0.0,0.0
"[2.34922, 0.758726, -1.28585]","[0.0, 17908390.0, 17905690.0]","[0.0,1.0,0.5]",183399,9.28408857479392,5.4328060618510925,0.5270828727659274,0.2419069468519418,48847.923700699925,5.097406421041982,8.298065657433053,0.9657384569772453,-1.0,0.386,1.480203308846719,1.3808965838078058,0.0,0.0,0.0
"[-1.17818, 2.23848, 0.0180944]","[192412.5, 0.0, 209566.2]","[0.5,0.0,1.0]",159126,9.11133759497598,8.922210758129197,0.0202859656741868,0.2489558202117315,36136.02385526319,3.9471318268409497,7.805969163485706,1.927113191072516,-1.0,0.563,3.5715362992899666,0.0,0.0,0.0,0.0
"[2.99742, -0.441614, 0.000460899]","[0.0, 81339090.0, 86004270.0]","[0.0,0.5,1.0]",276868,10.33231367059668,9.439831897742284,0.9562570824389096,0.1938869607551677,76836.91138109224,7.5311438709750975,2.705333666370202,0.9886408678239276,-1.0,0.584,1.7116397333609297,0.6569918399869922,0.021224694212703545,0.0,0.0
[4.26308],[0.0],[0.0],305974,10.469587681513316,9.509519466395028,0.554703376685519,0.4214701574964297,34098.541706053904,3.7588349127485454,7.035792133361553,1.499892859138778,0.661,0.661,3.096862896343431,0.0,0.0,0.0,0.0
"[2.19617, -0.61421, 3.8133e-06]","[0.0, 12985820.0, 18743940.0]","[0.0,0.5,1.0]",100257,9.081300929705169,8.171364859283498,0.917079545615355,0.0014951447020355,75729.10057438984,7.436656504481808,3.461536998208817,0.6967485985248232,-1.0,1.251,1.0325452215410758,0.5460526829614851,0.0013605878566939093,0.0,0.0
[9.05467],[0.0],[0.0],39540,25.308503435279462,19.827367099345885,0.6048536363416328,0.4290366248905803,88063.39788551372,8.482151977710457,0.58055196465849,2.1848491134971244,1.392,1.392,6.574424816876352,0.0,0.0,0.0,0.0
"[2.87748, -0.364955, 0.000255425]","[0.0, 7230860.0, 8775363.0]","[0.0,0.5,1.0]",66642,10.07705877241789,9.63244378365424,0.4320500936336544,0.097751893830458,20473.060834373988,2.457638439227026,12.233925753364494,3.3239981006233603,1.411,1.411,5.638543351468495,2.008077296264795,0.053124207942661775,0.0,0.0
"[3.79393, -0.809305]","[0.0, 2895362.0]","[0.0,0.5]",272404,11.694374814323837,10.727440752270878,0.0118279452998867,0.5092864182264536,55594.1712871541,5.694310659425217,3.2856215926753807,1.9477589002115363,-1.0,1.446,3.7938473657767133,1.7522307974483429,0.0,0.0,0.0
[3.18432],[0.0],[0.0],209442,9.958103833941864,8.692244465229045,0.3698089952474968,0.9973849799673168,113583.53340532116,10.607888662058516,1.7894045337641098,0.0736363059447601,2.063,2.063,0.13140150691348626,0.0,0.0,0.0,0.0
[4.41128],[0.0],[0.0],321364,10.815856595507944,7.738556203809096,0.0046059321375138,0.1258295309234024,19201.29995160905,2.331121702916858,14.796337654391634,2.655822802683877,0.247,0.247,5.578037220529209,0.0,0.0,0.0,0.0
"[3.79752, -0.634864, 0.000755884]","[0.0, 20866080.0, 22624120.0]","[0.0,0.5,1.0]",359887,10.84145294532548,10.234320536393348,0.3847901817293807,0.1611037756703712,48486.24212334886,5.06517268783548,4.2896274499493,1.010583868740972,-1.0,0.637,1.9693476833946066,0.8052165863048776,0.027784330600223058,0.0,0.0
"[-1.78561, 2.12632, 0.000559741]","[7106424.0, 0.0, 9768565.0]","[0.5,0.0,1.0]",29267,10.124430370088028,6.4929960368877095,0.050775005025453,0.3959429217614175,56045.74831263658,5.73399192724712,5.61859924839587,1.2714620566471255,-1.0,0.672,1.8540340951499557,1.6990130281666822,0.030081325152892496,0.0,0.0
"[-0.650265, 14.4202, 5.1108e-05]","[1930042.0, 0.0, 3222591.0]","[0.5,0.0,1.0]",44844,9.345338950104187,8.07820686995281,0.2025750611436926,0.3646840720949649,70758.60617080354,7.011131561604205,3.721253327413369,1.268750855453612,0.98,0.98,4.817946686991923,1.0231081344137474,0.009070282029634747,0.0,0.0
"[-1.55072, 2.12094, 0.00868357]","[8891692.0, 0.0, 9517513.0]","[0.5,0.0,1.0]",131617,9.389405844538668,7.491703214371084,0.008053055300483,0.3530401118383227,20946.066994233264,2.5044091091894627,15.67715210772858,0.7376595405293639,1.233,1.233,1.074286591323718,0.9211603281144339,0.0,0.0,0.0
[4.79356],[0.0],[0.0],311529,12.62827427309062,12.359078571139731,0.3019187311002196,0.1012999996944945,16193.78771065899,2.0268851832526567,10.27922238457324,5.733118885775215,-1.0,1.249,12.552205234164052,0.0,0.0,0.0,0.0
"[2.9442, -0.54853, 9.86759e-05]","[0.0, 5361210.0, 7485467.0]","[0.0,0.5,1.0]",18027,9.408594061750026,8.934509306256105,0.0515044976941812,0.3686047004404473,95596.60713312955,9.114355905555032,2.305200147233806,0.5496001313335229,-1.0,1.673,0.943040798747375,0.40704930751887075,0.005459493784883088,0.0,0.0
"[-0.972277, 2.35748, 0.0385468]","[1240532.0, 0.0, 1320297.0]","[0.5,0.0,1.0]",73427,10.502087324109027,9.368377169661436,0.5406716035015066,0.3180521017087663,61502.09336012987,6.211019049169051,3.555045250500223,0.8580190464046442,-1.0,0.267,1.317409943252341,0.8626500621117116,0.0,0.0,0.0
"[-1.0349, 5.4692, 0.0455488]","[197671.7, 0.0, 213497.6]","[0.5,0.0,1.0]",91884,9.925127784137056,9.14132365352545,0.4337550748831593,0.4829425125789423,22847.046960119143,2.690942862010368,11.609835989428174,4.297039576178936,-1.0,0.885,10.997104709032469,0.0,0.0,0.0,0.0
"[2.26114, -3.76248, 1.09614e-06]","[0.0, 4806632.0, 11696510.0]","[0.0,0.5,1.0]",312158,25.976497525862825,18.403098755759768,0.0019793832329392,0.1597976388350591,111622.74096686092,10.446051856021429,0.442799280888375,1.0304937413002142,-1.0,0.937,1.5495624539595434,1.998860373877986,0.00107889299050948,0.0,0.0
[5.37999],[0.0],[0.0],164533,10.44956346906041,9.07887309510074,0.4922519904630442,0.2915990322844795,53105.66163839235,5.475045848821533,4.385958401200107,1.1761146179138755,-1.0,1.07,2.727974975287792,0.0,0.0,0.0,0.0
"[2.64152, -0.429562, 0.00131098]","[0.0, 1997103.0, 2460556.0]","[0.0,0.5,1.0]",47745,10.04332577891508,9.86086010892938,0.4015482207083959,0.1325443996674537,35311.96066062182,3.871128464397999,6.794904278285224,1.814137758415121,-1.0,1.356,2.948473400728847,1.1908166347575786,0.0,0.0,0.0
"[3.23495, -4.05088, 4.88422e-05]","[0.0, 8647646.0, 14851300.0]","[0.0,0.5,1.0]",367485,10.300261608910567,6.788101327854976,0.0190871182597331,0.3154182160304676,117959.6204376708,10.96829573316184,2.0446858190973174,0.5656396433115755,1.397,1.397,1.017357581815146,1.138451487358255,0.00395309679508058,0.0,0.0
"[2.14466, 0.000114575, -0.216254]","[0.0, 10806490.0, 9278954.0]","[0.0,1.0,0.5]",249624,33.04503940599803,32.32845072890505,0.3874523862525451,0.185103743162568,47379.166520503,4.966349006725489,0.6677878151146627,5.210414054710502,-1.0,2.215,7.630473045768476,2.4230050052699457,0.05577212211545475,0.0,0.0
"[-0.722534, 2.48866, 0.00649767]","[1059534.0, 0.0, 1228122.0]","[0.5,0.0,1.0]",401539,32.75310946689369,14.437493448700767,0.1470365534095219,0.3511383706712006,23082.116285092343,2.713858541097857,2.982236622465048,2.3398030770707097,-1.0,0.369,3.691153376001913,1.9978022838708258,0.0,0.0,0.0
"[2.0208, -0.36724, 0.0106609]","[0.0, 12127320.0, 12267610.0]","[0.0,0.5,1.0]",70907,8.466363150501872,7.872557816197846,0.0474623184366974,0.1611214092738478,18092.580580991587,2.219842858452739,18.847225830360017,2.457380430972831,0.652,0.652,3.4932853464286335,1.51064131652227,0.0,0.0,0.0
"[1.87299, -0.277163, 0.00060817]","[0.0, 52680720.0, 53749380.0]","[0.0,0.5,1.0]",44957,9.99043349990762,8.72104280639858,0.4842329082257152,0.3236029180719233,32856.52462086276,3.643402602976276,8.194696792465379,2.6912478226062393,0.701,0.701,3.6831670844799453,1.4168416602579486,0.06636913968761696,0.0,0.0
"[3.18597, -0.365807]","[0.0, 8730003.0]","[0.0,0.5]",129384,10.58127584648799,7.639875990090867,0.510519841777718,0.2731064042979275,65444.51625727484,6.553101897738972,3.89106853939828,1.133328868687637,-1.0,0.736,2.022911076925629,0.6854597486207665,0.0,0.0,0.0
"[-0.626241, 2.42915, 0.00906546]","[3389211.0, 0.0, 3771531.0]","[0.5,0.0,1.0]",301255,10.418040855713134,7.266917682432736,0.3650729527919092,0.1349022121042698,109219.3438804856,10.247378001709231,2.1184737642685065,0.4707530612604785,-1.0,0.843,0.7337030417064307,0.37253227243914766,0.044821674343604775,0.0,0.0
"[1.84616, -0.337816, 0.000240836]","[0.0, 7774839.0, 8715652.0]","[0.0,0.5,1.0]",211296,9.280849818227807,4.058805835123467,0.4145010644303905,0.4884206248971374,51733.05048719629,5.353657085984637,10.039977874664247,0.8219126193659978,-1.0,0.961,1.1167612008421124,0.4777115658888603,0.012755172937493871,0.0,0.0
"[1.93104, -0.991986, 0.000316251]","[0.0, 34229170.0, 36613660.0]","[0.0,0.5,1.0]",217262,8.486357946832376,8.100761481421626,0.566670302739911,0.0896902195306382,28403.907936238727,3.2250515702549603,11.677054287546008,1.617452138380953,0.983,0.983,2.2476416613833865,1.6109579704243104,0.028763874959949212,0.0,0.0
"[-2.39267, 5.03212, 5.31516e-05]","[9292147.0, 0.0, 15577510.0]","[0.5,0.0,1.0]",152399,9.522373653485628,5.741598524268957,0.3055777883992187,0.4170307438814131,30394.23324009374,3.412981632727779,13.282132396919456,2.4195975642293552,-1.0,1.183,5.427734967215907,3.742695894523933,0.017640110848274892,0.0,0.0
"[3.68768, -0.771732, 0.000186359]","[0.0, 526315.1, 868345.9]","[0.0,0.5,1.0]",94450,9.16285271334318,8.22092462792325,0.2019542727556703,0.1218406192144221,48885.92698827924,5.100791699432639,5.86808694326133,1.14979007363137,-1.0,1.197,2.2079801714664935,1.0101927330731841,0.0,0.0,0.0
[3.38013],[0.0],[0.0],76441,9.96560152985144,7.927758046291137,0.4844428667010073,0.0005728637843939,31983.56498983248,3.561958801570668,9.169971443080328,1.5668553841332375,1.496,1.496,2.880683971044802,0.0,0.0,0.0,0.0
[3.16637],[0.0],[0.0],338991,10.247262132853631,6.69669611065455,0.465969034875737,0.3598129771482073,45552.93484245541,4.802788636387221,6.942546388883067,1.1286199678198,1.657,1.657,2.00829987259843,0.0,0.0,0.0,0.0
"[2.7467, -0.678367, 2.16261e-06]","[0.0, 9155843.0, 17431530.0]","[0.0,0.5,1.0]",353680,10.13889146115129,8.42632800149438,0.2386301786967469,0.0944304115855307,21573.7734787032,2.5662496261227075,12.940820695973988,1.9394468423272015,-1.0,1.693,3.2142784339112125,1.597387336369698,0.0028521146807555745,0.0,0.0
"[2.65051, -0.387096, 2.73504e-06]","[0.0, 2539557.0, 4521892.0]","[0.0,0.5,1.0]",89791,35.50835110269434,20.978825511035893,0.5388544834480364,0.1294960902441682,230650.46710913256,19.99640357096609,0.1120315342625222,0.5117926178414417,-1.0,1.855,0.8332181868530684,0.31842221503002965,0.000846400397048543,0.0,0.0
"[1.84741, -1.88994, 0.000741654]","[0.0, 12477470.0, 15670200.0]","[0.0,0.5,1.0]",48710,10.68507750758393,4.96606955953524,0.4847317482245832,0.1299228689602763,32768.47744566196,3.635199965209973,12.715135169651006,1.2398418620508675,-1.0,0.368,1.6851863816920567,1.7044736990046627,0.03376501659282179,0.0,0.0
"[2.504, -0.55543, 0.0793307]","[0.0, 3421372.0, 3456941.0]","[0.0,0.5,1.0]",275632,9.935541298723006,6.317481633007861,0.3136795134395653,0.4815533767007943,15048.122370877183,1.908818927646465,23.66418614030877,4.859207669643663,-1.0,0.455,7.689225938839122,3.871421657446605,0.0,0.0,0.0
"[-0.58291, 2.385, 0.0175625]","[9160698.0, 0.0, 9431286.0]","[0.5,0.0,1.0]",145146,8.759195111235536,7.318372270043918,0.0652827546779373,0.7396000191808979,37986.325970368256,4.117062652526452,9.006105866924992,1.471153704041545,-1.0,0.631,2.27196816260322,1.1399993689015697,0.0,0.0,0.0
"[-2.03347, 2.15712, 0.00615106]","[3117108.0, 0.0, 3584091.0]","[0.5,0.0,1.0]",404389,7.940771551047301,7.574857648393999,0.3082973327735393,0.1789403637941619,35929.37864843617,3.9280921410376495,10.098683880854084,1.3408945585496124,0.648,0.648,1.9693902391791749,1.9150026186763904,0.0,0.0,0.0
"[2.43485, -0.386664, 0.000571781]","[0.0, 6753688.0, 7271168.0]","[0.0,0.5,1.0]",143853,10.07824239384834,8.960770836369681,0.665811033964142,0.0379073717404506,55721.24383109131,5.705480086168655,4.310010914584011,1.5835908137248953,0.926,0.926,2.471036039409278,0.98471339005912,0.03786673267591268,0.0,0.0
[4.04856],[0.0],[0.0],58584,42.9611240989008,11.967900199609128,0.5948165644257234,0.1068431621806357,80482.49368905397,7.84122965261598,0.6797712149979946,1.9779547174525227,-1.0,1.586,3.979849366669649,0.0,0.0,0.0,0.0
"[-0.731868, 2.33992, 0.000147536]","[8410026.0, 0.0, 10009600.0]","[0.5,0.0,1.0]",178132,9.974892358795254,6.795668102187137,0.7086816434517407,0.2339055761187921,69615.33233315722,6.912871950209984,4.1769772339018685,0.6332163958572432,1.97,1.97,0.9686182696390688,0.5417120930887718,0.007691324837474544,0.0,0.0
"[1.90681, -12.7732, 0.000630481]","[0.0, 4839199.0, 6276809.0]","[0.0,0.5,1.0]",243234,11.594101774628122,8.035102277305901,0.051387727122869,0.4837504880953998,137680.89443762938,12.580464085176176,1.3019417388378511,0.4002908465995163,-1.0,2.164,0.552750787121939,1.4306240295532657,0.010051055264867234,0.0,0.0
[3.01129],[0.0],[0.0],127587,9.67413221305898,9.508987284190752,0.4103065392910362,0.1640744921599868,62092.32356471123,6.262364721846338,3.713700614334223,0.0667281057182459,-1.0,2.248,0.11579374156181024,0.0,0.0,0.0,0.0
"[1.63147, -0.202768, 0.000122176]","[0.0, 5802698.0, 6828448.0]","[0.0,0.5,1.0]",103070,9.807821425834144,9.054565022213689,0.3595645628278153,0.2219182575374868,106552.10029223045,10.026486637656172,1.9072472702742285,0.3948442815223109,-1.0,0.485,0.504330691898376,0.17779746366184077,0.004364342283159821,0.0,0.0
[4.58002],[0.0],[0.0],66083,9.646132685471816,9.26427235558635,0.6420240580939672,0.5325020344964456,33828.347288709905,3.733766025977178,7.764281525827096,1.748894912483943,-1.0,1.001,3.7428067293097387,0.0,0.0,0.0,0.0
[6.83518],[0.0],[0.0],264959,9.13029342404573,6.587407077295491,0.3170407966959432,0.8586465726572773,146042.77776063862,13.258763809309476,1.7265168887307825,0.5713845746460258,1.193,1.193,1.4938379552883438,0.0,0.0,0.0,0.0
"[1.80971, -0.767567, 0.000128317]","[0.0, 6328232.0, 8504944.0]","[0.0,0.5,1.0]",59594,10.473565718723227,9.43660296904332,0.0073164452936227,0.2339483335553573,18414.93027279908,2.2522953402578065,13.350830940307006,2.459751519256061,-1.0,1.412,3.308992102067901,2.1550104720268215,0.027863350379105974,0.0,0.0
"[1.43956, -0.19642, 0.000164622]","[0.0, 10452180.0, 11816660.0]","[0.0,0.5,1.0]",219962,8.798846656594018,6.296729888052673,0.3255274935532098,0.1211856352602245,22767.1362014016,2.6831450149217453,17.650401198730204,3.0306939212358706,-1.0,1.446,3.6362770358139196,1.343744961329448,0.0,0.0,0.0
"[1.60757, -0.535141, 0.0387229]","[0.0, 11115350.0, 11143910.0]","[0.0,0.5,1.0]",380104,43.8931270800903,25.37150431039203,0.3677813603361567,0.4152330993238913,65447.89521384183,6.553394233910077,0.440792677760102,4.110970308170288,1.843,1.843,5.212298589048166,3.114216438462633,0.0,0.0,0.0
"[-0.583505, 2.27235, 0.0277236]","[2678118.0, 0.0, 2745624.0]","[0.5,0.0,1.0]",349092,11.304987622118515,4.881048821652244,0.248213644952471,0.1208347315995086,7803.802574011499,1.1198738812357152,45.54671700884645,5.293232017905152,-1.0,0.341,8.988491823974462,0.0,0.0,0.0,0.0
"[-1.01853, 2.16958, 0.000146677]","[1334609.0, 0.0, 2135642.0]","[0.5,0.0,1.0]",264458,9.64799696654304,7.598334283099558,0.353516028858227,0.89102922858139,31859.53130834656,3.5503652347378414,9.80339381333083,2.236029077010249,-1.0,0.551,3.2935577367319153,2.2568132774144685,0.0,0.0,0.0
"[1.89592, -0.787514, 0.00318707]","[0.0, 6888816.0, 7446902.0]","[0.0,0.5,1.0]",363457,9.73435098587442,9.412683321756868,0.2474157353724989,0.4725351646739964,30887.26573062961,3.4592955169793216,8.400010387269912,1.4536272151559473,0.572,0.572,2.0015343570198456,1.2925852881369118,0.0,0.0,0.0
"[-1.23517, 2.12534, 0.00339731]","[11292380.0, 0.0, 12553570.0]","[0.5,0.0,1.0]",71361,9.569639313021357,8.30198812330799,0.1293398684453529,0.6655461554780107,133381.08851992834,12.230520193051431,1.545464430290587,0.4794790258475798,-1.0,0.926,0.6990106977223408,0.5328843695065775,0.02794712922301461,0.0,0.0
"[-0.90238, 6.22605, 0.00803259]","[424223.0, 0.0, 504006.3]","[0.5,0.0,1.0]",92281,10.131363321882652,8.287506804639904,0.4207699807181187,0.2696929638210251,20660.21850565988,2.476162409972057,13.704797804498249,2.1726061118217235,-1.0,0.985,5.803934381118854,0.0,0.0,0.0,0.0
"[3.25675, -0.0147188, 0.00173944]","[0.0, 65938990.0, 66003020.0]","[0.0,0.5,1.0]",179229,9.2450814651789,6.591953560713453,0.34288814716374,0.3992211097265327,26477.01323286005,3.0415276468063177,13.966921029470605,2.718385805870056,1.456,1.456,4.90572619093604,0.3487408240204217,0.0,0.0,0.0
"[3.90243, -1.27046, 0.0064932]","[0.0, 6330908.0, 7291810.0]","[0.0,0.5,1.0]",32512,9.98383075796701,7.805600469838094,0.8644489035309926,0.3505179342951604,25149.020723214744,2.914050974688076,11.97705066954254,2.801805586092531,1.583,1.583,5.534846203206463,3.1661062656052086,0.0,0.0,0.0
[3.33452],[0.0],[0.0],335833,10.400601337757116,8.487219080868837,0.1004300670797646,0.1564077288250701,68067.8978027199,6.779635426859971,3.433061105151613,0.8462396269887457,2.004,2.004,1.5452900974059738,0.0,0.0,0.0,0.0
"[5.30883, -1.83847]","[0.0, 2641193.0]","[0.0,0.5]",81445,10.221110842517684,8.507250988542294,0.161133919814749,0.4964534038419758,74697.4263216444,7.348550386431083,3.0896146962110227,0.7792898948032868,0.552,0.552,1.795553930588219,1.056640659812888,0.0,0.0,0.0
"[-0.572493, 7.09478, 2.82587e-05]","[9552946.0, 0.0, 12887380.0]","[0.5,0.0,1.0]",188557,10.12993985181211,10.04573891092778,0.1922747385480146,0.5099659049881524,29250.29472766825,3.30516299311614,8.161089817135782,1.8935169582953884,1.059,1.059,5.043577115978331,1.4326967952095957,0.010065730269185688,0.0,0.0
"[4.21157, -0.723146, 0.0006695]","[0.0, 19188460.0, 20586550.0]","[0.0,0.5,1.0]",141839,9.446147675305363,6.408064291678958,0.4489240188916479,0.1737609587207826,39240.614077605045,4.231715036888019,9.148923959768512,0.9426417757033386,1.719,1.719,1.9344998237942477,0.8016036331892793,0.024390571330600592,0.0,0.0
"[1.57091, 0.000588308, -0.202796]","[0.0, 4672632.0, 4318321.0]","[0.0,1.0,0.5]",89459,10.60449980026968,10.06434935578612,0.1723578765000164,0.2395586685119697,10972.855126382305,1.4760574021073714,19.72143665579091,5.112010737170367,-1.0,0.361,6.407187147628893,2.3054222399871938,0.0,0.0,0.0
[3.50449],[0.0],[0.0],217698,10.61944749341762,6.988362172168194,0.4341092107535376,0.2075011477516874,44341.349551407526,4.693889124241435,6.710985477068536,0.7626255046222468,-1.0,0.496,1.4276565359167892,0.0,0.0,0.0,0.0
"[1.57861, 0.000157936, -0.243761]","[0.0, 8487237.0, 7709018.0]","[0.0,1.0,0.5]",56229,9.831588764284817,8.913397601593214,0.0663115917347024,0.6847633205177638,35554.19692868408,3.893491159838232,7.469764363455902,2.09222837009681,-1.0,0.602,2.628733208218324,1.0329782996610242,0.02629357591628472,0.0,0.0
"[-0.510733, 2.07937, 4.10009e-06]","[3155509.0, 0.0, 5744234.0]","[0.5,0.0,1.0]",398933,8.216400977981742,7.132394883741555,0.3441063803094139,0.4637904653328522,18460.75668979621,2.256903073846478,20.59728119070333,3.062607664361475,-1.0,0.634,4.4162866235878635,2.188710518004434,0.0062013759404439175,0.0,0.0
"[-1.16203, 2.86988, 0.00728701]","[1807290.0, 0.0, 2143712.0]","[0.5,0.0,1.0]",309864,15.267708000668485,13.60249274943356,0.3060937282753957,0.2057348877367213,36391.34203168834,3.97063874605652,3.5463433015715244,3.8330289728590023,-1.0,0.853,6.493427124648113,4.131909228118103,0.327202629201221,0.0,0.0
"[-0.458743, 2.54588, 9.18792e-06]","[1809470.0, 0.0, 2954101.0]","[0.5,0.0,1.0]",54016,9.948180767300304,6.920881210512303,0.2095173086598857,0.1575331322396252,56642.25411901208,5.786359095643853,5.322398371723674,0.0771364086340572,-1.0,0.857,0.12307741878198604,0.052244928604619205,0.00023381265712434785,0.0,0.0
"[1.83048, -0.184625, 6.48765e-05]","[0.0, 14642910.0, 16800280.0]","[0.0,0.5,1.0]",31818,8.942925876803569,7.937708568635691,0.5907403361354379,0.19991858463201,32787.92508517003,3.637012075711119,9.740949370879228,1.4006451447937875,-1.0,1.287,1.8950061083979006,0.6018293648902926,0.011281629326642709,0.0,0.0
"[3.85009, -3.10021, 7.94501e-05]","[0.0, 24575370.0, 33112170.0]","[0.0,0.5,1.0]",132641,9.43144113102286,7.088190411679438,0.0997317261903132,0.5129803209716972,43830.4661803256,4.647873749415255,7.392453048751871,0.9089835516051364,-1.0,1.478,1.7835753660527456,1.6004848995555443,0.008102205396606898,0.0,0.0
"[-2.23102, 2.43385, 1.5094e-05]","[33764330.0, 0.0, 42538370.0]","[0.5,0.0,1.0]",325998,8.836696432488116,4.638403264344394,0.0743148262081807,0.3830507964551051,76640.20657278333,7.514375569675002,5.683829928981064,0.7024189285634949,-1.0,1.515,1.0958298106816389,1.0491750108460414,0.002728967597659878,0.0,0.0
"[1.73806, -0.474942, 9.88388e-06]","[0.0, 5453033.0, 7501791.0]","[0.0,0.5,1.0]",41323,9.751804256363467,4.683114991471949,0.9381728023843432,0.1868157251152399,43137.91525876815,4.585401821983459,10.539123053941143,0.9077926661157808,-1.0,1.64,1.1967930326917147,0.6256147194032673,0.002853976559674799,0.0,0.0
"[3.68678, -0.00224377]","[0.0, 188049700.0]","[0.0,0.5]",372348,9.270129014826864,6.850254684750582,0.4011910337048934,0.5583303494449455,64334.26785930864,6.45697173868485,4.857789103226823,0.1214903319595266,-1.0,1.658,0.23327345953324977,0.005754808643860229,0.0,0.0,0.0
"[2.31591, -0.611789, 1.73254e-05]","[0.0, 5009116.0, 7404940.0]","[0.0,0.5,1.0]",332551,8.767971061530076,8.378770743560477,0.1684862770054895,0.2139021490789207,59586.57817772208,6.044048578793068,4.713252865234144,1.3411940448193578,-1.0,2.135,2.0410444147047135,1.0490409667865008,0.005582558097914607,0.0,0.0
"[-1.07366, 6.13219, 0.0293895]","[691093.3, 0.0, 770230.5]","[0.5,0.0,1.0]",289047,41.11747933884202,37.562813599220135,0.3335607557405712,0.6728297397062615,127056.9549476368,11.71430302473601,0.1392280214999844,1.0107613125635708,-1.0,0.717,2.5029744245681,1.0473262709398958,0.17327851184479454,0.0,0.0
"[-0.555993, 1.77098, 0.00185179]","[1904422.0, 0.0, 2164730.0]","[0.5,0.0,1.0]",153450,10.658484170665966,9.947680527531748,0.1703115852501491,0.0682419492903837,82619.46037493012,8.022412153769585,2.2983748884980124,0.6500438695367076,-1.0,1.165,0.8650665021268995,0.48470480921066594,0.02797296707330187,0.0,0.0
[3.42737],[0.0],[0.0],228373,10.267148670549403,7.442507596273634,0.5243709137225232,0.3639543508885671,54398.755587796586,5.589108523914224,5.119568157690642,0.9577880488331794,1.165,1.165,1.7731680983633338,0.0,0.0,0.0,0.0
[3.1144],[0.0],[0.0],86508,10.326711820825366,8.534224468682124,0.2214692653066167,0.0099615030261739,35031.46404552616,3.84521169028635,7.56688661221524,1.4371481098761572,-1.0,0.408,2.5362305142998873,0.0,0.0,0.0,0.0
"[-0.664412, 2.10522, 8.50905e-05]","[2319614.0, 0.0, 3220013.0]","[0.5,0.0,1.0]",224566,9.5472348269209,8.207502227314126,0.1629687688946701,0.0698760397724201,20775.58855252708,2.487569237431162,14.427406240194896,2.2481419483806286,-1.0,0.595,3.261913745722428,1.8326109243941628,0.0,0.0,0.0
"[3.88326, -0.208688, 0.00228148]","[0.0, 22273750.0, 23012170.0]","[0.0,0.5,1.0]",382051,8.961959256708123,8.832505631390786,0.2000874412525154,0.2998626943583673,131866.56221042585,12.107063178088056,1.5732918446250237,0.0841312571016,-1.0,0.744,0.16578896217316968,0.03843316201856226,0.004018516087099017,0.0,0.0
"[5.32111, 9.9838e-05, -0.13279]","[0.0, 24829730.0, 22267690.0]","[0.0,1.0,0.5]",108108,9.275375428940276,8.278456372748145,0.4863220145901327,0.8269883899342445,64898.83130280729,6.505873713628319,4.088379647350009,1.3567031916797645,-1.0,0.778,3.1295793330752373,0.49438755753578995,0.013556038166671525,0.0,0.0
[4.71219],[0.0],[0.0],184745,9.880106411773124,7.743568040406223,0.2350306514320971,0.0754076274860294,125466.83573918916,11.584208920010497,1.73645314980873,0.3515006231890613,-1.0,1.086,0.763022765943959,0.0,0.0,0.0,0.0
"[-1.35022, 7.93161, 0.000128368]","[9468161.0, 0.0, 13855730.0]","[0.5,0.0,1.0]",258361,29.34893749686893,27.42195236072323,0.1011104160827236,0.0568228937370148,22974.271141021058,2.7033490510778075,1.8724213718813072,10.61513769113741,1.17,1.17,29.8955334772425,12.334680373850087,0.12026908843243736,0.0,0.0
"[-1.40225, 2.65063, 0.000132308]","[11865170.0, 0.0, 15642300.0]","[0.5,0.0,1.0]",3777,8.791062372296153,8.402083622865346,0.2754090904012823,0.2672956153838479,20261.64930420267,2.436685671135708,15.517934909210132,4.5021321173139,1.272,1.272,7.329811227896996,5.331273462133884,0.05178587130733876,0.0,0.0
[3.14088],[0.0],[0.0],199297,10.532397635510568,7.3843692853700125,0.4883112586076292,0.0945267475582604,13573.394232445058,1.7547397659944148,21.60172601762555,4.539484040758794,-1.0,1.282,8.045113318301206,0.0,0.0,0.0,0.0
"[-2.34223, 4.69687, 0.00408658]","[1105705.0, 0.0, 1826067.0]","[0.5,0.0,1.0]",329420,9.626115945090255,6.312877851605654,0.1112914286249178,0.2226420168712011,12527.38193414268,1.6438235389170408,28.47505518897668,5.998472606038178,-1.0,1.382,15.91934799743464,0.0,0.0,0.0,0.0
[3.60966],[0.0],[0.0],88234,10.14955403684302,6.448604535652613,0.0825855345016455,0.2670910637403164,31489.49949659267,3.515745546988343,10.979983432563364,2.14976571405809,-1.0,0.338,4.0843625047225744,0.0,0.0,0.0,0.0
[3.26599],[0.0],[0.0],153447,30.48042260557905,29.31922733874179,0.2799523897057353,0.4096718570338841,15560.411112114703,1.9617775236145096,2.4899015595182137,5.1297523534633775,-1.0,0.476,9.270514226799325,0.0,0.0,0.0,0.0
"[-6.53244, 2.23072, 0.000271186]","[226868400.0, 0.0, 236232500.0]","[0.5,0.0,1.0]",146086,10.394214504729325,9.662356045112366,0.2371018050831159,0.3665110329841559,59724.37648602767,6.056077502366337,3.622280959444713,0.8421685509234952,-1.0,0.619,1.2578288454603397,2.15246815166056,0.01386860095237006,0.0,0.0
"[1.64754, -0.236412, 3.09182e-05]","[0.0, 9641436.0, 11646940.0]","[0.0,0.5,1.0]",79353,10.252675730464013,6.223341457618372,0.4633253124282315,0.0344546740471282,30527.7073158136,3.425528624598996,11.619608439619276,2.133306783454413,-1.0,0.704,2.738238661746137,1.0372610565992622,0.01186206816620214,0.0,0.0
[3.46159],[0.0],[0.0],115134,10.165721360331322,8.554448253140015,0.2819924825513435,0.4054318181895268,18423.464736665475,2.2531534670176487,14.858523613836006,3.127185800634356,-1.0,0.73,5.8182382249599245,0.0,0.0,0.0,0.0
"[-0.965627, 7.29814, 2.98235e-05]","[743978.3, 0.0, 1741520.0]","[0.5,0.0,1.0]",308908,8.112573838071848,6.818385904911808,0.1827345909948928,0.528495856847845,58504.33688539905,5.94948026663258,6.113810609229208,0.3400057646853592,-1.0,0.75,0.9185279488668148,0.3341111588625158,0.0018568019573166313,0.0,0.0
"[-1.01067, 3.40394, 0.000332923]","[20978580.0, 0.0, 23287120.0]","[0.5,0.0,1.0]",142200,9.891987385234255,5.299832459539069,0.2751274455655697,0.3621572486373262,68257.89878870566,6.796009993069765,5.3569030211223625,0.7988828640821761,1.11,1.11,1.4739204816659357,0.8031335954222268,0.01457655868508025,0.0,0.0
"[1.49065, 1.19021e-05, -0.170084]","[0.0, 28792550.0, 24213230.0]","[0.0,1.0,0.5]",269241,9.743194465091875,9.63182998886816,0.0880711499308014,0.8953972911237552,49974.4296262311,5.197643005841931,4.757036714226694,1.352164274126209,-1.0,1.683,1.6508868163621635,0.5576493336934857,0.004664888358742108,0.0,0.0
"[-0.782924, 3.31187, 1.77657e-05]","[1205083.0, 0.0, 2289670.0]","[0.5,0.0,1.0]",62618,8.584522477694527,6.064294306566378,0.2582797580592824,0.3931961539983976,38730.872344791176,4.185171211979628,10.51661863196062,0.2905045157003398,-1.0,2.255,0.5286759181480537,0.25704708946711585,0.0012244584416250366,0.0,0.0
"[-0.547139, 2.74264, 0.00618278]","[4407538.0, 0.0, 4681166.0]","[0.5,0.0,1.0]",358571,10.01307375520638,9.351738411990706,0.4598786763686801,0.4844729327230187,13733.2710257788,1.7715693096796457,18.226863800604672,1.912284347154095,-1.0,0.479,3.166918397707096,1.4224642255229674,0.0,0.0,0.0
"[3.7345, -1.4706, -3.07624, 4.4249]","[0.0, 110553400.0, 73187540.0, 32079030.0]","[0.0,0.5,0.5,0.0]",332956,10.368344864398214,9.157698744446115,0.2464351560937544,0.1172981837231825,29559.762542363685,3.334381171515551,8.554749949861899,1.2699186244318614,-1.0,0.558,2.454099259646886,2.6713304998208125,2.227337351232492,1.540008696607135,0.0
"[-1.39211, 1.80702, 0.448663]","[1090251.0, 0.0, 1095307.0]","[0.5,0.0,1.0]",399026,8.802343595374339,4.768198300328478,0.1734725337614532,0.4664374126716442,48851.96482384159,5.097766487738389,9.705218392809805,1.1683811725735438,0.649,0.649,1.5706015790791918,1.5852022054296626,0.0,0.0,0.0
"[2.8819, -0.315222, 0.000220695]","[0.0, 53709820.0, 57766440.0]","[0.0,0.5,1.0]",4496,35.66123083661228,22.653464860509704,0.4458514785948417,0.3562376106466266,17820.21442241075,2.1923576422503213,2.410567680216797,12.526409921977937,-1.0,0.819,21.265033598204923,7.032907085475965,0.18608992752027106,0.0,0.0
"[2.2373, -0.241421, 0.000873353]","[0.0, 2205120.0, 2400074.0]","[0.0,0.5,1.0]",151830,11.40672347014242,9.911853039757332,0.0240972645596609,0.5443798982191173,38296.52159506341,4.145456662655837,5.558282494429895,1.2609027665889758,-1.0,0.918,1.8860087745790435,0.6206592665151056,0.0,0.0,0.0
"[4.40647, -0.177882]","[0.0, 10536770.0]","[0.0,0.5]",294624,9.745427204722244,9.395856390437327,0.1459985499791197,0.2238921566178512,55965.88676503979,5.726976559017379,4.2357478601544765,0.95135611957586,-1.0,1.226,1.9970480988689765,0.401244523619042,0.0,0.0,0.0
"[2.07275, -0.446482, 0.0078048]","[0.0, 5184032.0, 5254601.0]","[0.0,0.5,1.0]",288642,9.806688253247694,7.411721439130077,0.0252788016170182,0.4734647595167003,157872.4785742628,14.213712732702271,1.3219277670656144,0.4341064977495994,1.458,1.458,0.6249852219175696,0.29259125746714004,0.0,0.0,0.0
[3.69201],[0.0],[0.0],296980,9.88995713513234,8.431533294970567,0.2750974081495004,0.0188179815974054,45122.09452127325,4.764100471634969,5.929848317918435,0.7002374968777296,1.497,1.497,1.3454786083150965,0.0,0.0,0.0,0.0
"[3.00775, -0.1278, 3.88318e-06]","[0.0, 47158670.0, 52504610.0]","[0.0,0.5,1.0]",280113,30.46960724519571,18.096868448665,0.0843801414160462,0.101271924789931,58974.40163670507,5.990576396890034,0.8998368834508869,3.0888982020995432,2.221,2.221,5.35703475092323,1.1042541060620685,0.006086916679918532,0.0,0.0
"[1.45566, -0.25141, 0.000460102]","[0.0, 7260780.0, 7925246.0]","[0.0,0.5,1.0]",105152,9.093112749480529,6.747871324051201,0.456249068081355,0.005664219259677,67207.34338007272,6.7054177102144426,4.732579259467461,0.7198091329700141,-1.0,0.494,0.8684550138198104,0.36091807033135626,0.01543989751282069,0.0,0.0
"[-1.28304, 2.52884, 0.000876752]","[5691574.0, 0.0, 7102560.0]","[0.5,0.0,1.0]",77756,9.439259191334644,7.276562330695771,0.6676782842902106,0.7948656913684825,29591.12988701258,3.3373411269241062,11.216291806467796,2.361276987502024,-1.0,1.024,3.754979849475121,2.6746504532704973,0.06991740761263832,0.0,0.0
"[1.57862, -0.494168, 0.000233293]","[0.0, 4963283.0, 5789105.0]","[0.0,0.5,1.0]",291150,8.85114085301767,5.533527928509315,0.4032663065639592,0.5341186087623175,48425.341151336914,5.05974229881379,8.56877083905445,0.1909985387269503,-1.0,1.077,0.239976571830947,0.13426640295085696,0.0029172987004889724,0.0,0.0
"[2.77241, -0.386013, 3.5391e-05]","[0.0, 14722580.0, 17743940.0]","[0.0,0.5,1.0]",81991,38.7847339760518,11.37218412410315,0.2103392904574905,0.590236708202599,42090.62957051949,4.49072123415396,1.700591927980852,2.2242000173283176,-1.0,1.172,3.703416593457841,1.3818942356955077,0.013231840491530067,0.0,0.0
[3.1351],[0.0],[0.0],5575,9.554141274081342,6.419555364401703,0.6784697375227565,0.3130061950402079,102833.679766367,9.717797222195433,2.739299384998208,0.3967719433480534,-1.0,1.225,0.7025328778860682,0.0,0.0,0.0,0.0
"[2.03713, -0.239347, 7.45525e-06]","[0.0, 13998440.0, 17500440.0]","[0.0,0.5,1.0]",132333,9.899207764726002,8.673808364736017,0.5620635295690402,0.3424178280002092,56490.63332627027,5.7730535042300914,4.421333036606478,1.3448987428731525,-1.0,1.426,1.919547926534478,0.6579661962389592,0.003672152370781251,0.0,0.0
"[-0.688258, 2.50612, 2.01789e-05]","[10390090.0, 0.0, 14128420.0]","[0.5,0.0,1.0]",34421,11.51793202153092,11.20002055445514,0.429175436204727,0.5038694477924913,72869.00644856374,7.192127638190856,2.2921625108097605,0.4462930857944248,-1.0,1.804,0.7065145168236483,0.37025061847099777,0.0020047900704574903,0.0,0.0
"[2.95031, -1.1907, 2.13517e-05]","[0.0, 1826582.0, 4240039.0]","[0.0,0.5,1.0]",110071,10.156589953007966,7.688752207262816,0.8850382094501407,0.0866726138488425,25516.52323435949,2.9494142376593944,11.786735924381125,2.985944560963929,-1.0,2.038,5.128797659833956,3.2582388435492864,0.013797422695450043,0.0,0.0
"[3.48787, 0.0010097, -0.0760608]","[0.0, 30921110.0, 30366120.0]","[0.0,1.0,0.5]",87808,8.796620009672553,6.015069500601599,0.5279861058131343,0.3428705954642235,80149.99111524133,7.813000305395689,4.290246703439822,0.5366021353802573,2.368,2.368,1.0021495628249437,0.14799016046135155,0.01705094975818327,0.0,0.0
"[1.94564, -1.3753, 0.0129771]","[0.0, 4150922.0, 4542847.0]","[0.0,0.5,1.0]",59657,9.19814379708887,9.125138305293069,0.2679803927299397,0.4253117888493779,85237.7039385162,8.243840667175302,2.6813337662284087,0.7435166479646286,0.365,0.365,1.0371031188680306,0.8719456566079716,0.08469924182644384,0.0,0.0
"[2.24128, -0.506245, 0.000103521]","[0.0, 3402722.0, 4863003.0]","[0.0,0.5,1.0]",267266,10.453620815019365,8.599183059311267,0.6902416525055826,0.6265889751868224,19813.40910000881,2.3921585828440697,13.48483509454024,1.9610464673593977,-1.0,0.444,2.935864059141049,1.3953021322816765,0.019952720261845677,0.0,0.0
"[1.57583, -0.17227, 0.000275284]","[0.0, 4439902.0, 4962663.0]","[0.0,0.5,1.0]",59156,9.817383635813684,8.37939256711823,0.3089683996660482,0.1023483059725948,12003.922001239902,1.5877487320373345,22.783994533317337,4.194611472381434,-1.0,0.807,5.265582509747043,1.7423816440685203,0.0,0.0,0.0
"[2.4624, -0.334927, 0.00204373]","[0.0, 9518740.0, 10064490.0]","[0.0,0.5,1.0]",261153,10.954048588703255,5.677183572626612,0.0797631673550254,0.118391077023383,53201.036805669166,5.483468257287899,6.328465500195835,1.480839295252988,-1.0,0.828,2.3237383822674356,0.8596150681814744,0.0,0.0,0.0
"[2.52479, -0.67085, 0.000788884]","[0.0, 4817281.0, 5710102.0]","[0.0,0.5,1.0]",170128,11.127076802989148,10.884863837961335,0.27097322763826,0.3826513306474622,83553.93178665498,8.101511204073843,2.0270744576018216,0.7183088763669648,-1.0,1.196,1.141363194829247,0.5883339974426605,0.020175198070578076,0.0,0.0
"[-0.695177, 4.21475, 0.000320399]","[9759960.0, 0.0, 11405520.0]","[0.5,0.0,1.0]",50747,9.66089457258803,9.058717317864955,0.4533904698753792,0.0389351541176034,34240.245788248285,3.77197231931817,7.79642000157331,2.548313146085871,1.294,1.294,5.231650271524671,2.12471406174758,0.04561402230697066,0.0,0.0
"[1.98711, -0.537033, 7.09363e-05]","[0.0, 9925597.0, 11788160.0]","[0.0,0.5,1.0]",367841,9.635872782679932,8.011063552208427,0.2486237446430579,0.4503649910618605,41386.3227690768,4.426901873445661,6.994641283776877,1.625513964688817,-1.0,1.296,2.2914039599939526,1.19121784719813,0.013690678466548568,0.0,0.0
"[-0.944009, 2.02394, 0.00572103]","[532765.7, 0.0, 649226.9]","[0.5,0.0,1.0]",254485,9.550458023542008,6.342968453411051,0.2222544467896773,0.12017335273439,58032.490465889765,5.908195505045902,5.756938428691555,0.5535349563735036,-1.0,1.307,0.7874878631116897,0.5394424728060757,0.0,0.0,0.0
"[1.81153, -0.614165, 0.00628317]","[0.0, 3181812.0, 3518205.0]","[0.0,0.5,1.0]",120678,10.917325334536436,7.54753155067888,0.0501976883205748,0.0064416692807991,79728.71803344144,7.777219763186021,2.9852178421572857,0.5856982109823841,-1.0,1.324,0.7883093229393964,0.45900395654582116,0.04642621760272212,0.0,0.0
"[-3.75021, 2.85824, 0.000151911]","[483984.4, 0.0, 755110.1]","[0.5,0.0,1.0]",32421,9.854640910490392,9.713609754217437,0.3311459584026681,0.0819066133587803,104433.73071041035,9.850736047676667,1.8398146407198448,0.483931159759539,-1.0,1.603,0.8181499969064155,0.937154900464938,0.005964557065617439,0.0,0.0
"[1.80566, -0.298685, 0.00124387]","[0.0, 16404110.0, 17001510.0]","[0.0,0.5,1.0]",401266,9.90036304040613,9.68475714407865,0.0735982904672566,0.3109819451307957,80700.76577562364,7.859755023416984,2.575784701529904,0.678262191400917,-1.0,1.686,0.9114137944143488,0.3706844048659437,0.02392131805744046,0.0,0.0
"[1.96093, -0.447824, 0.000118921]","[0.0, 2764581.0, 3516336.0]","[0.0,0.5,1.0]",306490,9.955646420322855,9.937818448418543,0.0077172841224449,0.0654713521223849,27235.61319295776,3.113975581856947,9.011912409351982,1.935048373158004,-1.0,1.811,2.7097103586945277,1.2950995873639954,0.0,0.0,0.0
[4.59021],[0.0],[0.0],297970,10.992484081574991,9.562271565988349,0.1482701558682274,0.19305377639853,167065.76778120178,14.95241153523067,0.8960112638982228,0.316282918408713,2.009,2.009,0.6776290482821546,0.0,0.0,0.0,0.0
"[1.37041, 0.00422712, -0.159852]","[0.0, 8209047.0, 8084227.0]","[0.0,1.0,0.5]",265645,8.521587079007407,7.966404203751315,0.0598989069088506,0.0433000351374176,31325.23791341545,3.5003621371440827,10.622763479811566,2.8551971712473327,-1.0,0.255,3.3424226388416023,1.1565456080919394,0.0,0.0,0.0
[7.73994],[0.0],[0.0],272672,10.672512482384752,3.8427681550935775,0.4370813910740034,0.1172990015533353,32200.546159748472,3.5822269347987405,16.35360454180757,1.3284350944488952,0.606,0.606,3.69580575367227,0.0,0.0,0.0,0.0
"[-1.68984, 2.80152, 4.18392, -3.22926, 1.9844e-05]","[710037.3, 0.0, 300958.4, 468834.3, 3591293.0]","[0.5,0.0,0.0,0.5,1.0]",317097,9.266676234799752,6.4403582651692,0.4728564029468943,0.1000235500262237,78789.32083640086,7.697371429461225,3.9651614658270335,0.5975551109254092,-1.0,0.633,2.061741793590973,0.0026619051377930513,0.0,0.0,0.0
"[-0.945367, 4.77054, 0.000158248]","[17147570.0, 0.0, 21891600.0]","[0.5,0.0,1.0]",73684,8.719408072165141,7.879070108632,0.6994446224862476,0.3063525910245541,42855.89563153983,4.559930910167335,7.395859536596712,1.077761690341607,-1.0,0.799,2.3540002960306485,1.0479075307915324,0.013557882234674903,0.0,0.0
"[1.89888, -0.221649, 0.000371443]","[0.0, 8252595.0, 9086766.0]","[0.0,0.5,1.0]",31584,9.758399344811409,5.165556568756201,0.6354295011405411,0.32799744625084,57320.73402316187,5.8458558986580735,6.878011195471245,0.5854032655788779,-1.0,1.035,0.8066848503253514,0.275605594396478,0.01128239316752558,0.0,0.0
"[2.06767, -0.59885, 1.16416e-05]","[0.0, 6540271.0, 9847284.0]","[0.0,0.5,1.0]",188257,10.225406040080829,6.0453190007949145,0.2617999965532092,0.1128701299709639,36329.39615481962,3.964937536691805,9.860290841882811,2.10554372127286,-1.0,1.44,3.027644481651145,1.629383412766442,0.007184070745676807,0.0,0.0
"[2.15033, -0.325807, 0.00315174]","[0.0, 753881.5, 824660.0]","[0.0,0.5,1.0]",320277,25.38963578401434,25.05604517921301,0.0375514217672169,0.1282158967954715,62845.87246850277,6.327849403435438,0.7302220893008221,2.152230688300319,-1.0,1.782,3.1560318445258666,1.228482643881109,0.12082700524304281,0.0,0.0
"[1.48117, -0.153008, 0.000577498]","[0.0, 12551720.0, 13275740.0]","[0.0,0.5,1.0]",393830,31.497470879690106,10.903640431305714,0.0746977204107749,0.2326610055841773,56920.85590290184,5.810798820631222,1.4420887157446391,1.7314442530127334,-1.0,2.197,2.1072252750894784,0.6772758381864115,0.041608662474862695,0.0,0.0
[4.41397],[0.0],[0.0],104693,8.991874473055553,7.695211327482274,0.5685877083574844,0.388405294529287,55332.527701623934,5.671304660327646,5.429355507736566,1.208363423960634,-1.0,0.346,2.5387051245164347,0.0,0.0,0.0,0.0
"[3.47255, -0.436269, 0.00048985]","[0.0, 48956880.0, 52778820.0]","[0.0,0.5,1.0]",152774,9.352764037939211,9.1331723276714,0.0804115826587073,0.0338427194175851,37412.609536645694,4.064476814230987,7.203408868904945,1.2785348238833163,-1.0,0.798,2.38252142855342,0.8444807198529127,0.028297242573932277,0.0,0.0
"[2.01058, 0.000116639, -0.2087]","[0.0, 18724880.0, 17305950.0]","[0.0,1.0,0.5]",375143,8.36165393725941,5.84936829255378,0.0700077821883408,0.0057144233203239,76821.08199691871,7.529794692485693,4.833775878568193,0.5164425971937759,0.962,0.962,0.7322893795959776,0.2359300615821518,0.005577556140262034,0.0,0.0
"[1.6163, -0.26667, 3.36691e-05]","[0.0, 17013960.0, 18932190.0]","[0.0,0.5,1.0]",170359,11.002689721811429,8.879474885122539,0.650012174078991,0.4101282135314018,34805.763209811856,3.824339637688732,6.997057955711565,2.862418038760291,1.226,1.226,3.6391004753041662,1.4781555575859322,0.01660920379368981,0.0,0.0
"[-0.00111781, 0.000126451]","[0.0, 14577.77]","[0.5,1.0]",160602,9.885089063424823,9.438583269379066,0.7021907945704178,0.0240699886544409,60892.582976737736,6.157945561591744,3.760151657199084,0.4583517127574549,-1.0,1.689,0.01616793680410258,0.0,0.0,0.0,0.0
"[4.12835, -0.0290285]","[0.0, 89006170.0]","[0.0,0.5]",279095,9.190973544150934,6.99282377315348,0.3743880391543985,0.2447994564456137,47895.80785210045,5.012497398141779,6.880680597481751,0.2744779323159484,-1.0,1.967,0.5576936354156811,0.04676486994937089,0.0,0.0,0.0
"[2.64257, -0.543498, 0.000708823]","[0.0, 57134550.0, 59592580.0]","[0.0,0.5,1.0]",96016,9.483286830598496,9.099621042423788,0.9354787289143226,0.8628567296067777,83819.58779640336,8.123983619679404,2.6778837949889898,0.1737376154028025,-1.0,1.075,0.2824275811709873,0.12808339529448232,0.004625543366222515,0.0,0.0
"[2.45823, -0.648969, 2.21428e-05]","[0.0, 6979773.0, 11871550.0]","[0.0,0.5,1.0]",143579,33.783721078113224,20.69919009305169,0.1365535165689743,0.4112297098057522,175986.30398717956,15.666577880750374,0.1732708061262067,0.272589626061445,-1.0,1.164,0.4273862847434917,0.21959441976320646,0.0012827014703678916,0.0,0.0
"[-0.901277, 1.84546]","[12666700.0, 0.0]","[0.5,0.0]",34928,38.04806058176985,28.65573437745718,0.5024503437389455,0.1824184144256803,86918.66077347008,8.38568871464148,0.3095798792750845,2.4350613845092957,1.179,1.179,2.3117403733496884,3.3079750999653967,0.0,0.0,0.0
"[-0.347505, 2.1469, 0.000600664]","[19666500.0, 0.0, 21053960.0]","[0.5,0.0,1.0]",335550,10.558961679390404,7.6613288637613,0.6083257245242467,0.0048629968333602,71780.04651477364,7.098795486355204,3.461539171705375,1.1230645458692077,1.723,1.723,1.6455482658327274,0.6620415488474597,0.02752456848766038,0.0,0.0
"[2.45375, -1.86688, 1.18955e-06]","[0.0, 4767269.0, 12404610.0]","[0.0,0.5,1.0]",29255,10.7203051923489,7.868650160930058,0.5506684571243896,0.1145933550651923,46988.58792886508,4.931425509735692,5.615942649709682,1.8135099710336844,-1.0,1.769,2.840763662450812,2.4778678985505365,0.001977931734314701,0.0,0.0
"[-1.54256, 2.15803, 5.11544e-06]","[2111922.0, 0.0, 4601292.0]","[0.5,0.0,1.0]",278672,8.309035447488279,7.524077127427099,0.1036161330984255,0.5959250063993043,65927.75424644009,6.594894010472252,4.75728215617111,0.7549359587167778,-1.0,2.318,1.1090186531591548,0.9376292450475776,0.0017074642110374361,0.0,0.0
[3.34668],[0.0],[0.0],393955,10.48822023293418,7.662260965336766,0.3199983023714808,0.1473450233808118,39674.30985080179,4.271261120496412,7.119070329639627,0.1616596283644953,0.151,0.151,0.2957390478110744,0.0,0.0,0.0,0.0
"[1.43962, -0.281347, 0.00175187]","[0.0, 4434636.0, 4691501.0]","[0.0,0.5,1.0]",337371,9.976967735357643,7.793913499649839,0.3223107512509604,0.1311084047015018,44646.00951363962,4.721302711567796,6.3733458263311045,1.709186333163988,-1.0,0.297,2.050752960771532,0.9094073908211855,0.0,0.0,0.0
"[1.50829, -0.169774, 0.0813554]","[0.0, 17708440.0, 17710150.0]","[0.0,0.5,1.0]",152317,9.95213803247669,7.669092572602183,0.7226068864706663,0.6231643741368562,126408.5172308806,11.661266567358451,1.7229260734232574,0.3793873563201355,-1.0,0.339,0.4659349401092776,0.19012167540490715,0.0,0.0,0.0
"[1.71677, -0.183284, 0.00696577]","[0.0, 6138691.0, 6174409.0]","[0.0,0.5,1.0]",57447,10.52892062488032,8.829915036671503,0.114144318209953,0.5455191398707265,179088.5673604428,15.91437300360356,0.9006783400156201,0.5402554833810914,0.465,0.465,0.7078728266836387,0.23564664108955113,0.0,0.0,0.0
"[3.25512, -0.304325, 0.000954336]","[0.0, 1255585.0, 1431498.0]","[0.0,0.5,1.0]",118728,10.016327966765427,4.459974254844667,0.0112795272746311,0.3261812357682874,45597.115407869336,4.8067540079239,10.108020992928978,1.2213962826998637,-1.0,1.382,2.2036372023293422,0.6748469634961789,0.0,0.0,0.0
"[2.46616, -0.278425, 0.000145456]","[0.0, 14178350.0, 16281740.0]","[0.0,0.5,1.0]",69009,10.191399123201192,10.017279021097718,0.4629255233838175,0.2175405805503584,45375.77403215229,4.786884941443465,4.971618923555778,1.249028624503938,-1.0,1.875,1.9614760790058194,0.6590623545290296,0.015063927318683579,0.0,0.0
"[-0.843472, 1.86776, 0.000108511]","[1905107.0, 0.0, 2427576.0]","[0.5,0.0,1.0]",104537,30.01886930552458,18.639881823970487,0.0740512171824769,0.537349775329924,56241.62309360464,5.751193750319265,0.940355505986744,1.9235611303302775,-1.0,1.928,2.6288543671215745,1.7666126168767977,0.020037469557341602,0.0,0.0
"[1.78402, -0.180275, 0.00868144]","[0.0, 377532.5, 382603.9]","[0.0,0.5,1.0]",46252,10.62262041448635,10.41174550843902,0.5888012276228081,0.47921753033977,66679.72104563277,6.659868996672838,2.9144898987122483,1.378107978332129,-1.0,2.361,1.8407003987422066,0.599051411849326,0.0,0.0,0.0
"[1.67796, -0.192053, 3.87238e-05]","[0.0, 11288450.0, 13198860.0]","[0.0,0.5,1.0]",180540,8.419459644726501,5.915699589717432,0.5719107211905443,0.224380664589347,37146.23023547387,4.040029994465595,11.441917997495322,2.0719961653779713,-1.0,0.47,2.683982928550376,0.9080285319874428,0.012893710995384519,0.0,0.0
"[3.04293, -3.74336, 2.02207e-05]","[0.0, 5745794.0, 10601070.0]","[0.0,0.5,1.0]",346544,9.022586804154066,7.250773819560575,0.3544999495171085,0.0850559050073359,43681.33806075898,4.634430997939329,7.546352218306624,1.6700521670676876,-1.0,0.52,2.9132383492149883,3.2311776413205164,0.007509795836071587,0.0,0.0
"[1.81395, -0.470996, 2.39888e-05]","[0.0, 2524326.0, 4650264.0]","[0.0,0.5,1.0]",60308,9.73645846391579,8.213988425657046,0.2993691490223042,0.130757481573304,55431.885032722974,5.680042295156244,4.802656097893318,0.9636399736649855,-1.0,0.813,1.2978588504937607,0.6613379068585327,0.0047197508016731385,0.0,0.0
"[2.13391, -0.242468]","[0.0, 16962520.0]","[0.0,0.5]",279789,33.888860151738804,30.97641637393773,0.0680558333328459,0.3063953962162227,141160.1867868233,12.863047313196654,0.1662882785360567,1.659856323604281,-1.0,1.179,2.424702982420344,0.8173305128301714,0.0,0.0,0.0
"[1.77836, -0.881687, 0.000689204]","[0.0, 9185996.0, 10176830.0]","[0.0,0.5,1.0]",315976,11.115915636357611,5.422647111074874,0.0042876509497327,0.0514017354948557,34758.99326567404,3.820012204023135,10.681673456064518,1.3830080157046682,-1.0,1.4,1.8443126196376582,1.2986194880215245,0.03630768775679339,0.0,0.0
"[1.70451, 3.10198e-05, -0.208805]","[0.0, 8920921.0, 7324010.0]","[0.0,1.0,0.5]",285809,10.139474783635729,6.404479138821061,0.4808118932766259,0.6639527481412658,116373.2043534158,10.83776309246296,2.218066752834269,0.7388709528265406,-1.0,1.606,0.9646468939292749,0.337628454288106,0.004115172931056048,0.0,0.0
"[-6.44467, 2.06815, 30.9592, -24.486, 0.0980511]","[1032147.0, 0.0, 1024007.0, 1024313.0, 1143255.0]","[0.5,0.0,0.0,0.5,1.0]",76589,10.33438018597393,6.416405450473873,0.0756319631927593,0.0876771997164074,45879.92130395565,4.832124900797785,7.097427905348882,0.9737485651416486,-1.0,0.578,1.4003540375215495,7.666556957072848,0.0,0.0,0.0
"[1.67093, -0.217203, 0.00578272]","[0.0, 2349018.0, 2394443.0]","[0.0,0.5,1.0]",113189,9.6026292117847,9.559988566253072,0.5056822507044256,0.1281106041504193,14664.535298624947,1.868982291528072,17.490457005772555,0.3722413183487089,0.686,0.686,0.481175721146386,0.1757774271855737,0.0,0.0,0.0
"[-1.30042, 2.13003, 0.000126892]","[9328271.0, 0.0, 17204110.0]","[0.5,0.0,1.0]",331492,9.498156247820246,9.25082477983422,0.8248356412199555,0.6647886749753789,81920.57935436557,7.963203570062189,2.717132904491483,0.4387268749669593,-1.0,0.935,0.6403053031804812,0.5003064003163459,0.004942098078414917,0.0,0.0
"[1.75949, -1.1088, 0.0401116]","[0.0, 11998370.0, 12203560.0]","[0.0,0.5,1.0]",244463,9.84752031762718,7.753934686417463,0.0501563797408636,0.2837448734155392,113577.72126433016,10.607409275621468,1.9898416923129243,0.5770471466196859,1.331,1.331,0.7654286243953622,0.6076281793720781,0.11557031333940537,0.0,0.0
"[1.76589, -0.572323, 3.13224e-06]","[0.0, 32725580.0, 38667960.0]","[0.0,0.5,1.0]",25304,10.453911339244645,6.89821095146976,0.0173777134753949,0.4550449457621933,29624.578141128524,3.3404959905322658,10.803890504046562,1.877022607503697,1.67,1.67,2.4943151643827295,1.4200057504085892,0.003321980043481157,0.0,0.0
"[1.92432, -0.247988, 4.01945e-05]","[0.0, 27140580.0, 31813230.0]","[0.0,0.5,1.0]",68902,8.832834556735389,8.624851349086182,0.242303053856638,0.425355798067926,74562.18831956686,7.336992759225964,3.452801885348252,0.7353058771739576,-1.0,1.831,1.0200152950908088,0.36617051449950416,0.004661775472481735,0.0,0.0
"[5.19067, -2.95698, 3.01417, -1.04133, 0.000359204]","[880278.6, 921351.5, 0.0, 2168965.0, 3681639.0]","[0.0,0.5,0.0,0.5,1.0]",226895,10.03846790839096,8.675148880248003,0.5954398776873291,0.2227422344537383,60011.51914376656,6.081134606548305,4.058014977647112,0.8785413582377359,0.732,0.732,1.525267732299015,2.5077162460565914,0.896512607441018,0.01665071139421614,0.0
[3.34114],[0.0],[0.0],250811,15.38347416834204,10.166900715714538,0.235926054730051,0.1307897616421418,58785.4620024737,5.974062072369503,2.5711254020109577,1.0948456118014047,0.826,0.826,2.0012448113050643,0.0,0.0,0.0,0.0
"[1.80882, 5.78962e-05, -0.222263]","[0.0, 15073190.0, 13711870.0]","[0.0,1.0,0.5]",40437,10.074393422911356,7.401610797522934,0.227387985751045,0.3325420807527329,66685.60494265785,6.660377138303189,4.063455422930634,0.8643655698208462,-1.0,0.84,1.1625058178171936,0.40750322050534976,0.006576918940606221,0.0,0.0
"[1.52673, -0.205375, 0.0310124]","[0.0, 16623550.0, 16665510.0]","[0.0,0.5,1.0]",101808,9.864028312052056,7.423508099324112,0.4814349164333346,0.654489387162087,47716.14150918314,4.996454714714089,6.201072356035298,1.005059619307182,-1.0,1.127,1.2418608734766787,0.48865684479375626,0.0,0.0,0.0
"[2.04752, -0.739134, 2.70785e-05]","[0.0, 9383541.0, 11394490.0]","[0.0,0.5,1.0]",361970,10.186321876344191,7.301410977917041,0.0597687216277081,0.3324049991567242,29976.324875198898,3.373651480767468,10.370273627541115,1.1983888332895305,1.476,1.476,1.714793504921298,1.03028966570481,0.006236056698371075,0.0,0.0
"[1.74523, -1.44163, 5.18123e-05]","[0.0, 7328223.0, 9369812.0]","[0.0,0.5,1.0]",299833,10.717015827672112,10.676311105261542,0.1381286255719212,0.064396884155324,194867.3333202309,17.170504757114003,0.6714745455893356,0.2555340500778477,-1.0,1.963,0.3375787597243128,0.30681436121790623,0.0018393535467419394,0.0,0.0
"[4.48237, -2.97991, 5.29504, -2.17069, 4.1097e-05]","[0.0, 451820.4, 183778.1, 564004.4, 1632088.0]","[0.0,0.5,0.0,0.5,1.0]",385872,9.398890125491889,7.8990322841139955,0.5301495418182998,0.1780082916424979,47245.79543441659,4.9544270788685925,6.189530991495054,1.193218996495566,2.063,2.063,4.610214342998053,0.007649362088445827,0.0,0.0,0.0
"[2.86091, -0.856592, -3.268, 4.21353, 0.0426041]","[0.0, 54849.93, 15019.51, 11724.65, 60776.02]","[0.0,0.5,0.5,0.0,1.0]",280980,27.54715488542596,9.11430680630252,0.0613362152573292,0.3653777746681207,34885.00880931245,3.8316695068588817,3.3303076411582744,2.0751570151090264,-1.0,0.673,6.957700403372519,0.0,0.0,0.0,0.0
"[3.23887, -0.580446]","[0.0, 8267289.0]","[0.0,0.5]",36053,8.768721451129574,7.250399698109032,0.4384621090815247,0.1206574293980937,81077.21893495927,7.891695469156394,3.611191851808076,0.7236085371580894,-1.0,0.785,1.3022682143973807,0.5512956851657667,0.0,0.0,0.0
"[6.23961, -4.53547, 7.65429e-06]","[0.0, 573303.9, 3294401.0]","[0.0,0.5,1.0]",173633,9.493078879461969,8.805982425133546,0.4261416725831559,0.460097670947907,12260.73367678385,1.6153079749820676,22.06972017609648,7.622325813164672,-1.0,0.881,25.020602318489598,0.021088221997018142,0.0,0.0,0.0
"[2.6295, -0.714204, 4.71465e-06]","[0.0, 5647975.0, 9694719.0]","[0.0,0.5,1.0]",204553,9.734371453566393,7.330113590799993,0.3113648647864635,0.5989647685963033,48960.898561969545,5.107469732704001,6.145451010966456,0.598164781106483,-1.0,0.944,0.9699680440787934,0.5055125919794636,0.001298809832641966,0.0,0.0
[3.25504],[0.0],[0.0],366134,9.329853859401226,5.886655745451226,0.4599083142720281,0.0590886609204624,68258.61285795824,6.796071537095713,5.116174700023622,0.7680177111239492,-1.0,1.201,1.3856367723979512,0.0,0.0,0.0,0.0
"[2.34445, -0.434572, 0.0974952]","[0.0, 6068672.0, 6077729.0]","[0.0,0.5,1.0]",230362,9.541256966906126,6.886961243465546,0.1503554123255911,0.181672645663656,33263.22202223585,3.681257135015165,10.26446420581598,0.403707062372638,0.378,0.378,0.6181399809635904,0.2944757865608553,0.0,0.0,0.0
"[1.46259, -0.798545, 0.00383435]","[0.0, 7336793.0, 8121899.0]","[0.0,0.5,1.0]",211975,10.142910104044908,10.054861449945136,0.2654055785831506,0.520876393421244,19688.230888559552,2.379698493780568,12.193903246179024,3.353924226130838,-1.0,0.428,4.056155035909846,3.004298757170743,0.0,0.0,0.0
"[-0.856279, 2.68638, 3.33969, -3.18489, 2.81947e-05]","[11824000.0, 0.0, 1598501.0, 3190623.0, 20598610.0]","[0.5,0.0,0.0,0.5,1.0]",215025,10.293561837579132,5.121872720403666,0.2325861685590142,0.2142049133246266,112981.51116325588,10.558223305028909,2.7768293198877245,0.6920719320718979,0.799,0.799,1.1343183530477179,1.2647489114036972,1.2350895716257186,0.6404111472136058,0.003674810724581229
"[-1.61989, 3.30159, 5.66946e-05]","[58968310.0, 0.0, 68699020.0]","[0.5,0.0,1.0]",98241,10.777036304682692,10.77324281203981,0.50260139468808,0.4824733990292643,92128.95813417436,8.823887273707813,1.8487424429553496,0.7540771331509658,0.844,0.844,1.3701791088901663,0.9597509121043903,0.005677885353270359,0.0,0.0
[10.8997],[0.0],[0.0],346798,11.117025375553927,8.66663676389742,0.0441299820094535,0.4288175220509118,54380.218836191365,5.587475410754642,4.214779722993203,0.6915450843023087,-1.0,1.078,2.283114913688359,0.0,0.0,0.0,0.0
"[2.29032, -0.683089, 0.0515128]","[0.0, 2642604.0, 2682777.0]","[0.0,0.5,1.0]",96858,10.108019489562956,6.008780755354011,0.0338459752468957,0.1701035623558744,96322.15297542984,9.175018898265677,3.0254640373304027,0.8797354925817521,1.172,1.172,1.3313743833239633,0.7540117398919103,0.0,0.0,0.0
[4.49111],[0.0],[0.0],12564,9.7096305446997,7.973865155683921,0.0159318248442517,0.0094473326806197,29582.725375204216,3.33654804161638,10.14193995264536,1.7586394215959162,1.368,1.368,3.7269507193161853,0.0,0.0,0.0,0.0
"[1.74676, -0.657068, 0.000122465]","[0.0, 22573840.0, 26374590.0]","[0.0,0.5,1.0]",223019,11.008012202381195,10.68111472923367,0.467565012018564,0.374192985864415,81066.1961764596,7.890760403359149,2.160564421784835,0.6788276044804901,-1.0,1.715,0.8971728315371915,0.5502558305730441,0.00751217139327885,0.0,0.0
"[-1.61254, 2.20224, 6.41731e-06]","[5239321.0, 0.0, 10414090.0]","[0.5,0.0,1.0]",187809,10.68727345816071,8.434441063568402,0.4130454781231994,0.3335949022590078,31048.19033979273,3.474392707347348,8.486704346922233,2.355703052035589,-1.0,1.778,3.49585062998992,2.991408978279894,0.005967563571942525,0.0,0.0
"[1.46653, -0.244985, 0.000745269]","[0.0, 5723841.0, 6209986.0]","[0.0,0.5,1.0]",112639,9.647023277918954,8.717984870559544,0.4547098742606859,0.3543677629415138,26535.89118241805,3.047160439953798,10.608331737941109,1.506207688585084,-1.0,0.428,1.8240231078411935,0.7466450465390188,0.0,0.0,0.0
"[-3.71647, 3.20982, 6.21694, -3.10548, 0.0367379]","[39271290.0, 0.0, 33148220.0, 41817200.0, 50091960.0]","[0.5,0.0,0.0,0.5,1.0]",282549,9.283244857573028,8.552486291497495,0.2278395798494807,0.2583158539292134,36494.26114063786,3.980108974235168,7.875598363063415,2.1444602611157655,-1.0,0.599,3.8420086839001297,5.346952681250883,4.134122283286122,3.779047677051932,0.41103155740657965
"[2.04717, -0.645896, 0.0112056]","[0.0, 7814916.0, 8150881.0]","[0.0,0.5,1.0]",83632,10.51743483500648,7.564744366936724,0.1295349154760549,0.487597448607335,15587.463210689302,1.9645672767311533,18.74221184552796,1.116754401120276,-1.0,0.63,1.5978449227486171,0.905261259131749,0.0,0.0,0.0
"[2.10166, -0.233013, 0.00145504]","[0.0, 7232706.0, 7578750.0]","[0.0,0.5,1.0]",66001,8.230348886104574,6.412819729758599,0.850224671082009,0.9076943801077276,59526.950276739866,6.038842779490264,6.231881109351521,0.6332656880592232,-1.0,1.165,0.9180518006790969,0.3066392782318513,0.0,0.0,0.0
"[-0.803158, 1.95979, 0.00701533]","[966910.2, 0.0, 1106585.0]","[0.5,0.0,1.0]",125293,10.562799363489807,9.800677678783492,0.1463220352765062,0.5260453701775543,35105.67847158239,3.8520708144712095,6.592960600177263,1.697102041760703,-1.0,0.135,2.375815572402313,1.5275552503412992,0.0,0.0,0.0
"[1.73239, -0.321078, 0.0015248]","[0.0, 3832675.0, 4086615.0]","[0.0,0.5,1.0]",821,8.774488051443043,7.249280406789414,0.4808278643555463,0.3327101813112485,85394.93159024623,8.25711852944733,3.37537490384227,0.4864121858672522,-1.0,0.39,0.640217115966039,0.2762730440129616,0.0,0.0,0.0
"[-2.65352, 3.52244, 3.03149, -2.079, 0.000503118]","[657947.9, 263921.3, 0.0, 877094.8, 2760577.0]","[0.5,0.0,0.0,0.5,1.0]",60081,7.58884240369968,4.147028807129956,0.5133808413243438,0.140306387308999,30771.585953064045,3.448437008865262,20.85884740019417,0.9852235024081494,-1.0,0.555,3.309889112355881,0.0220988508617314,0.0,0.0,0.0
"[1.93271, -0.67257, 0.193869]","[0.0, 2845072.0, 2851297.0]","[0.0,0.5,1.0]",97574,10.75885400887448,9.628623408597646,0.3768946533726734,0.7070779508222697,27242.656423228505,3.1146469410944824,8.675213632834335,1.268596730424351,-1.0,0.579,1.7636277944754426,1.1808441542568753,0.0,0.0,0.0
"[-0.423037, 2.31987, 0.000173569]","[9050651.0, 0.0, 10496780.0]","[0.5,0.0,1.0]",155146,10.0438099739069,8.495828873304772,0.5257573931091233,0.0369278278225188,26549.349131145827,3.048447414052083,10.483159631845824,2.826468057428753,-1.0,0.621,4.305027263212697,1.83837141530227,0.03723746966454335,0.0,0.0
[3.09823],[0.0],[0.0],277409,8.708945462264973,7.089878800905779,0.3650507897811201,0.1065913594962488,14972.670922623678,1.9009966928706965,23.93694239633461,2.47290621896634,0.641,0.641,4.352757516889774,0.0,0.0,0.0,0.0
[5.06195],[0.0],[0.0],344985,9.593166940048883,7.96864341553393,0.1669446127374377,0.6989166941962384,28805.68213470935,3.263116711529095,10.544067680252333,1.259853193041947,0.643,0.643,2.8345156981049975,0.0,0.0,0.0,0.0
"[-0.311823, 2.57394, 0.00736459]","[280403.9, 0.0, 296103.0]","[0.5,0.0,1.0]",26525,10.765247038035897,8.705115714054138,0.2102558194621104,0.5583395773828576,92414.1595058603,8.847811435649508,2.20531237921065,0.5176778280898864,-1.0,1.469,0.8305365973351969,0.2924708340256819,0.0,0.0,0.0
"[1.75131, -0.41632, 0.000351112]","[0.0, 4125148.0, 4885515.0]","[0.0,0.5,1.0]",21778,10.063166355070674,4.651533321656507,0.230220390707989,0.4491459681777391,42205.86340524805,4.501151599841662,10.613872026183609,1.332905908744889,-1.0,1.501,1.763928620645963,0.860391654074918,0.0,0.0,0.0
[3.55286],[0.0],[0.0],304517,8.194070456682967,5.97414845459024,0.0439840296338343,0.2930032853107263,90544.04077662584,8.690821010957437,3.900365307565491,0.407005651394478,-1.0,1.893,0.7671662468101471,0.0,0.0,0.0,0.0
"[6.43215, -1.1639, 1.22602e-05]","[0.0, 4754502.0, 10465790.0]","[0.0,0.5,1.0]",328015,10.296185832054386,8.25930112817575,0.189232931080944,0.2322514058835612,43008.00644654127,4.573671162996841,6.1755986722020735,0.5439940444939513,-1.0,1.937,1.3796604890079225,0.5868836075797347,0.0019047716678275127,0.0,0.0
"[-1.39217, 3.8871, 5.49425, -4.10568, 0.0731672]","[44112630.0, 0.0, 17298290.0, 24266350.0, 45648480.0]","[0.5,0.0,0.0,0.5,1.0]",255026,30.88735818261961,17.69287303476363,0.0470286453809815,0.2678042560874949,24223.3015048294,2.8246700489380725,2.4810049595363,5.151425245815465,-1.0,0.476,10.156410802934351,12.074846274419958,10.43806388432938,6.078179723647519,1.3934314864593775
[5.5787],[0.0],[0.0],243042,7.167420264391117,4.667231158721102,0.2851323853563538,0.4995673704665201,59717.998460041534,6.05552077846435,9.122727594504072,0.5066670691385593,0.724,0.724,1.1967107214207364,0.0,0.0,0.0,0.0
"[2.11816, -0.268162, 0.0141966]","[0.0, 3525927.0, 3572374.0]","[0.0,0.5,1.0]",153455,10.876144638557983,9.396091363666551,0.3652973499344195,0.1516054606536858,73297.5362926547,7.228820542080289,2.7649835415099,0.4223401462834161,-1.0,0.935,0.614669617939962,0.22442068103430304,0.0,0.0,0.0
"[1.84917, -0.203431, 5.16252e-06]","[0.0, 11811560.0, 15142770.0]","[0.0,0.5,1.0]",357652,9.225478013653198,8.457178374225904,0.4087642321126587,0.3669442341363269,49092.11742382783,5.119155253261132,5.669253415776509,1.2581782954660232,-1.0,0.999,1.7109235670856444,0.5674802559970649,0.0028587294953227814,0.0,0.0
"[-0.946224, 4.40997, 2.61064e-05]","[5343435.0, 0.0, 10116470.0]","[0.5,0.0,1.0]",346804,10.010653125845115,5.988104703710317,0.0491450992984765,0.233706963144812,42517.68010255851,4.529359949054744,8.450110255789712,1.066364163116467,-1.0,1.316,2.2393571256447475,1.037295565175601,0.005448526097842948,0.0,0.0
"[4.72204, -1.17871, 2.60669e-05]","[0.0, 6529582.0, 9628520.0]","[0.0,0.5,1.0]",365403,9.854102554864724,8.473058946817845,0.1238307334872859,0.6243239190463288,35249.84904764796,3.865391829668868,7.856363772175792,2.665934418880383,1.402,1.402,5.793143581730397,2.894362653201847,0.01361112914394843,0.0,0.0
[3.58429],[0.0],[0.0],365011,10.3500647075068,7.876863054093159,0.2886270643596407,0.3906902710796285,50280.56258765683,5.224841701966792,5.326449346800731,1.2012918087275777,-1.0,1.63,2.2743122262356312,0.0,0.0,0.0,0.0
"[2.33316, -1.20812, 0.00327551]","[0.0, 5068730.0, 5943620.0]","[0.0,0.5,1.0]",18011,10.176006067740314,7.3588371371453265,0.0636478452122312,0.1929812084885963,54448.17700486376,5.593462600211463,5.201177700423414,1.213363236197508,-1.0,1.812,1.853374115004981,1.3336622827131417,0.06944329140280428,0.0,0.0
"[1.73265, -0.272777, 0.00010595]","[0.0, 2455259.0, 3037157.0]","[0.0,0.5,1.0]",123265,10.903470645073496,8.081265145319252,0.4312619046947493,0.0918850916584815,14251.547107888293,1.8259074585142443,18.62963595330254,3.445729635634762,-1.0,0.479,4.535619560609731,1.7999871255804383,0.0,0.0,0.0
"[1.41536, -0.345884, 5.82132e-05]","[0.0, 7305085.0, 8364349.0]","[0.0,0.5,1.0]",49296,35.334858929423795,25.56513825513725,0.3804170090787765,0.2278933164687837,58383.75950978155,5.938933319832133,0.5996666776683476,3.879351862355436,-1.0,0.553,4.615222373552345,2.2815206759258655,0.029598514091819142,0.0,0.0
"[-0.415359, 2.04107, 0.00062496]","[5534860.0, 0.0, 6203098.0]","[0.5,0.0,1.0]",217197,8.075645338706424,5.873120763475634,0.1498496301944107,0.2579198030770484,17250.668315583498,2.134678558712825,26.27368144585241,2.300712917487226,-1.0,0.671,3.2869370033599017,1.4838866352002966,0.0,0.0,0.0
"[1.90403, -0.36293, 0.0111234]","[0.0, 5599273.0, 5785684.0]","[0.0,0.5,1.0]",189345,8.737929784576744,5.620340909736055,0.1487888037852342,0.2485736278081714,47857.06002424072,5.009037974519848,8.660934983825799,0.8886339684013227,-1.0,0.718,1.226195742140209,0.5434876923533508,0.0,0.0,0.0
"[3.20099, -1.25994, 0.145488]","[0.0, 759578.0, 777860.8]","[0.0,0.5,1.0]",356401,10.368126244541692,8.284854605033782,0.0778120135545618,0.3450400200535414,33552.21324982345,3.708121978073311,8.113874020847664,1.1842989754717732,-1.0,0.818,2.1188660979386698,1.4039953014025723,0.0,0.0,0.0
"[2.76743, -10.4324, 8.42276e-07]","[0.0, 388528.5, 2223125.0]","[0.0,0.5,1.0]",40533,35.01320965550994,23.290178814805188,0.6638332889605352,0.011239719448372,26228.26502965415,3.017714007619736,1.6276899281969015,2.363094107178018,-1.0,1.044,3.9311475022084243,7.632611061972856,0.0021687436981799174,0.0,0.0
[3.78195],[0.0],[0.0],8286,10.036812736855468,9.6685020315094,0.3875358218713626,0.2927200028522125,65793.04693019019,6.583246974407652,3.3051484259052977,0.4564313365995588,-1.0,1.102,0.8876328061002672,0.0,0.0,0.0,0.0
"[-0.00127739, 0.000141895]","[76681420.0, 76708280.0]","[0.5,1.0]",398234,10.60779201179294,8.351570042679915,0.0692069131277621,0.2970036030484724,33091.844209558585,3.665312319773252,8.031384810427847,1.1323373715884768,1.196,1.196,0.040470409326858456,0.013488367408537356,0.0,0.0,0.0
"[-1.65564, 11.7282, 52.0837, -60.641]","[3253234.0, 0.0, 72562.94, 73773.62]","[0.5,0.0,0.0,0.5]",292826,8.88254496374691,4.540484771509126,0.1186413753020287,0.0363492341593935,56567.34117896787,5.7797856584655225,8.433233584289123,0.3907010100672748,-1.0,1.743,4.358600300780205,0.502721534695492,0.0,0.0,0.0
"[2.4231, -0.372491, 0.00352187]","[0.0, 1691098.0, 1762683.0]","[0.0,0.5,1.0]",310722,7.563186775544574,3.8037720841850713,0.6312521501714601,0.3566279626917086,61842.61082092901,6.240647313381156,10.024052149330268,0.2986162279632662,2.353,2.353,0.46483527082102105,0.18311113740536825,0.0,0.0,0.0
"[2.34414, -0.456217, 4.4338e-05]","[0.0, 2217068.0, 3271080.0]","[0.0,0.5,1.0]",194059,9.91425190830148,7.615609787308606,0.2394735310194887,0.1227981130075209,43572.04952876826,4.624575985414606,6.722364751323156,1.2267921760153724,-1.0,2.412,1.8782905365700735,0.8286225152630083,0.008168814744772355,0.0,0.0
