mu_list,td_list,n_list,idx,m1,m2,a1,a2,Dl_s,z_merge,duration_time,SNR,z_lens_sbh,z_lens_hh,Signal_1,Signal_2,Signal_3,Signal_4,Signal_5
[3.08434],[0.0],[0.0],120714,9.52852388059764,8.666434074620666,0.745193979473639,0.2156134315566272,51130.27371394131,5.300245343939709,5.151084896629023,1.3370268108496348,-1.0,0.349,2.3481251446279465,0.0,0.0,0.0,0.0
"[-0.492421, 2.29535, 0.00116787]","[10202540.0, 0.0, 10852250.0]","[0.5,0.0,1.0]",353228,10.59232044585846,10.395694155353542,0.1715093528595329,0.3768747589806686,70870.50524284216,7.02074093946089,2.709142746765848,0.7885483414272592,-1.0,0.858,1.1946832676915657,0.5533457841735386,0.026947940133549578,0.0,0.0
"[1.61827, -3.70559, 0.000217103]","[0.0, 9224660.0, 11305240.0]","[0.0,0.5,1.0]",163624,9.778796441008293,8.198523419265033,0.5785083004507099,0.3371445154114044,57869.89209197005,5.893960765843628,4.54795451090193,1.6345908741097954,1.099,1.099,2.079383346715511,3.14657257270923,0.024084741104617377,0.0,0.0
"[6.60289, 2.45724, -1.82827, -5.21879, 2.56466e-06]","[1061854.0, 0.0, 1731685.0, 1085446.0, 7754630.0]","[0.0,0.0,0.5,0.5,1.0]",253013,6.808848323240891,6.467027523126715,0.122140242103589,0.1552622603479221,29269.850961489712,3.3070101797245104,16.393048287280262,2.251689324396525,-1.0,1.241,9.036876758736415,0.003605980450758248,0.0,0.0,0.0
[9.62482],[0.0],[0.0],188472,7.164580044396618,6.770806159517357,0.0727756995302694,0.1399658387110122,54631.3221000821,5.609593636299289,7.406746387277741,0.5381725973537566,1.344,1.344,1.6696209623346954,0.0,0.0,0.0,0.0
"[1.68307, -0.212178, 0.000741008]","[0.0, 5872589.0, 6546193.0]","[0.0,0.5,1.0]",123051,10.427794692829986,9.9880413950091,0.1928340585626716,0.211608193702977,16649.01238919072,2.0734412138270306,14.038420817510872,6.275935474154717,-1.0,1.365,8.141971150840476,2.895914175624393,0.0,0.0,0.0
"[2.31585, -0.291225, 0.00356932]","[0.0, 1319460.0, 1397005.0]","[0.0,0.5,1.0]",200676,10.078279083211534,7.082489139863557,0.2276723317128781,0.1345544110346185,46355.99951902932,4.874797212556662,6.566420148872546,1.236089568904678,-1.0,1.81,1.8810708552738564,0.6711343960335225,0.0,0.0,0.0
"[3.28918, -1.13753, 0.000118951]","[0.0, 2789184.0, 4606644.0]","[0.0,0.5,1.0]",356952,9.757732525333802,8.643690871814405,0.2784618067128916,0.1595761671515412,44797.74593055009,4.734948188686159,5.921022286753324,1.7980945834122812,-1.0,0.373,3.261041706642592,1.9177587030747096,0.019610857388555957,0.0,0.0
"[2.50615, -0.739496, 0.00145887]","[0.0, 1797060.0, 2251063.0]","[0.0,0.5,1.0]",56122,10.179350775518728,8.909475170086745,0.0220825923375399,0.214573491853095,44596.94093950989,4.716888715041473,5.603570370265781,1.27178597120447,-1.0,0.526,2.013342033697712,1.094737281889227,0.0,0.0,0.0
"[-1.82761, 2.20289, 0.00239162]","[51927190.0, 0.0, 56015810.0]","[0.5,0.0,1.0]",271867,31.586964774601483,24.17246734525412,0.0910467024898686,0.4412114460312792,25511.665711825503,2.948947409417117,1.7627274833936453,2.2245676045019236,0.838,0.838,3.301733484908612,3.007373519194851,0.10879068135733119,0.0,0.0
"[2.80266, -0.59797, 0.00506494]","[0.0, 17912450.0, 18278820.0]","[0.0,0.5,1.0]",209176,9.428045460268622,9.226033820050336,0.0567203339757969,0.2780149002435373,37538.4282967697,4.076016942399127,7.068484570256307,1.8562038083498325,0.848,0.848,3.1074980658125297,1.4414410879826236,0.0,0.0,0.0
"[-0.596075, 3.24752, 4.98553e-05]","[4982255.0, 0.0, 7160864.0]","[0.5,0.0,1.0]",324784,10.441037158074652,6.231868693875118,0.1969879745835529,0.2755811429622425,37105.82692507967,4.036319839600594,9.222100465281311,1.9437981923366392,0.911,0.911,3.502894771360293,1.5007267633465216,0.013724825797698346,0.0,0.0
"[1.57228, -0.360681, 2.38724e-05]","[0.0, 2436781.0, 3199165.0]","[0.0,0.5,1.0]",156710,10.413925062853131,9.972355149815384,0.4968686597484817,0.0697240184494952,27252.70899545502,3.115605161008388,8.650100691824147,2.026332509785304,-1.0,0.951,2.5408302844892647,1.2169489062567074,0.009900537054833757,0.0,0.0
"[3.02409, -1.00992, 0.000180135]","[0.0, 2107636.0, 3022208.0]","[0.0,0.5,1.0]",342323,7.197375855425845,6.134654155481392,0.2660171303790768,0.1510592156149234,79462.89279389403,7.754633308993013,5.019356976740943,0.5428335400935936,1.223,1.223,0.9439826878435562,0.5455193500810658,0.0072856067433777665,0.0,0.0
"[4.35615, -0.756525, 0.0015356]","[0.0, 82879450.0, 85983420.0]","[0.0,0.5,1.0]",300326,13.197681503573154,9.1906670929307,0.2166639288013092,0.1965041572133111,182042.1213586472,16.150028659267278,0.7081057397764716,0.323315918159184,-1.0,1.232,0.6748053236621702,0.28121516001095803,0.012669694381284987,0.0,0.0
"[1.6683, -0.228089, 0.00116683]","[0.0, 6014663.0, 6282563.0]","[0.0,0.5,1.0]",265312,10.48567381733305,9.799225472282885,0.8269389768503377,0.1691847388738607,83075.18377653949,8.06099689977954,2.3425367419139658,1.1144220953151789,-1.0,1.999,1.4394175352094503,0.5322331055525036,0.03806742558400185,0.0,0.0
[3.2438],[0.0],[0.0],101213,10.24590158168291,6.872691084668083,0.3590196351304172,0.1582938561352923,34539.96830088206,3.799739311467047,9.314505191406328,1.300128788462159,0.368,0.368,2.341603775244313,0.0,0.0,0.0,0.0
"[-1.58383, 4.18422, 8.99789, -7.7316, 0.00056679]","[10453570.0, 0.0, 3910150.0, 4168291.0, 16595760.0]","[0.5,0.0,0.0,0.5,1.0]",176516,10.671711853508064,10.22268302443898,0.2184906816553882,0.4024118389601027,27125.59488861592,3.1034847382935893,8.343208561200509,1.9025107515633273,-1.0,0.436,3.891655382615112,7.781592254457801,2.394315638784556,0.04529374277658018,0.0
"[2.40602, -0.384603, 0.0211276]","[0.0, 3826257.0, 3917753.0]","[0.0,0.5,1.0]",400923,9.07035297201636,8.692846039876246,0.5076830308382511,0.4063811359665614,8321.13981992055,1.1796221013938,31.39031952893164,10.926681784675068,0.679,0.679,16.94875929597673,6.959966944791032,0.0,0.0,0.0
"[-1.12963, 3.19739, 5.91661e-05]","[5420901.0, 0.0, 7764720.0]","[0.5,0.0,1.0]",277008,9.609902414550689,6.641484267967966,0.4470173677675716,0.2331207521556718,35581.85952920303,3.896043858705737,9.771188083708507,1.6287054994147565,0.881,0.881,2.9123285586022756,1.7310542221801024,0.012527921816486707,0.0,0.0
"[7.19118, -5.65065, 4.65079]","[275.4067, 378.9631, 0.0]","[0.0,0.5,0.0]",14025,8.856009089440048,5.511393695500936,0.2399827707542716,0.2681388179337452,50942.47596564142,5.2835914555167385,8.090776847619358,1.3138636042035468,0.886,0.886,5.495126736447297,0.0,0.0,0.0,0.0
"[1.86012, -0.228945, 0.00532126]","[0.0, 10895100.0, 11154090.0]","[0.0,0.5,1.0]",340607,10.623978732253928,6.793208414449435,0.3567445199377289,0.4859465258665597,72554.67828138423,7.165200488001538,3.770474227996144,0.8517333661734533,-1.0,0.95,1.1616469111938135,0.41224797679887415,0.0,0.0,0.0
[3.06799],[0.0],[0.0],254442,9.47017713882192,5.660244253506465,0.3275100517966414,0.3776851410719685,174854.1166443373,15.576072384676843,1.4882110746833246,0.4640954091921362,0.96,0.96,0.8128946069293481,0.0,0.0,0.0,0.0
"[2.4051, -3.51421, 1.8376e-05]","[0.0, 2360784.0, 4038921.0]","[0.0,0.5,1.0]",240523,10.1342621512897,7.820401095670224,0.7419909789089284,0.6659431527100017,34676.315138891354,3.812361651697679,8.371777683609178,2.4587241172905956,1.851,1.851,3.813083979894048,4.609179867981022,0.010539870922367855,0.0,0.0
"[1.61612, -0.269689, 4.15089e-05]","[0.0, 3847035.0, 4632638.0]","[0.0,0.5,1.0]",349572,10.681437110631189,8.419484189639672,0.433156282749869,0.1814279983360368,55338.37274035194,5.671818679470251,4.369241634431562,0.9701040225677376,-1.0,2.431,1.2332613123806142,0.5037904398440162,0.006250128087658471,0.0,0.0
"[3.56839, -0.50202, 0.000176907]","[0.0, 2097455.0, 2911795.0]","[0.0,0.5,1.0]",110602,10.18415083071555,6.82904511291042,0.6392024279583071,0.3983613032964714,24554.69163868453,2.85671747729882,13.551612572669288,1.668032944227667,-1.0,0.476,3.1509446958379015,1.182065768196639,0.0,0.0,0.0
"[1.49955, -0.156392, 0.000663443]","[0.0, 9237473.0, 9743242.0]","[0.0,0.5,1.0]",305790,10.287327559813688,5.368638582185273,0.0732492829346211,0.3218915643840453,62972.712969235086,6.338864581215752,5.680526905827625,1.2165946871648343,-1.0,0.672,1.4897945841866167,0.4811197470014651,0.03133630053209445,0.0,0.0
"[1.63115, -0.211424, 0.000265988]","[0.0, 8218606.0, 9013810.0]","[0.0,0.5,1.0]",249289,6.540622486840094,5.8438486431972025,0.0381284784030466,0.1602161889396664,24306.32326421804,2.8327043585929936,22.41347019305215,2.584162157273997,-1.0,0.935,3.3004010192634405,1.1889673302436186,0.0,0.0,0.0
"[-0.912298, 2.7939, 1.39016e-05]","[2638298.0, 0.0, 4969177.0]","[0.5,0.0,1.0]",86306,10.108675878744092,8.052062445677528,0.4043024461375533,0.1072806033153696,80016.56379718852,7.801669528593178,2.9914254709088133,0.6144808885797355,-1.0,1.015,1.0271025535711875,0.5869170709658462,0.002291082743288267,0.0,0.0
"[5.06998, -0.782583, 0.00140545]","[0.0, 9115770.0, 10780840.0]","[0.0,0.5,1.0]",109729,34.386686063955715,28.378055339311068,0.2417755941386004,0.1831131048605884,62045.31705467418,6.25827715801742,0.5202194314645906,2.0776480575291183,-1.0,1.438,4.6781603674853205,1.8379647888227728,0.07788963742529571,0.0,0.0
"[-0.395126, 1.66134, 0.000522729]","[5454782.0, 0.0, 6051098.0]","[0.5,0.0,1.0]",130934,9.131349947747866,8.70570052238264,0.2499991263948256,0.1845375811461987,79252.15369903411,7.736722499884755,3.0824657345584354,0.1997072674212464,-1.0,1.823,0.25740864598376484,0.12553408843065475,0.004565960673354439,0.0,0.0
"[1.7732, -0.682662, 0.434302]","[0.0, 1852640.0, 1852832.0]","[0.0,0.5,1.0]",129674,31.899463395399653,21.28422863004564,0.7715221321189818,0.1882964593030777,34098.46158966617,3.758827482184391,1.4298652881982332,1.9797293139810923,-1.0,0.325,2.636238359357332,2.092306969626786,0.0,0.0,0.0
"[6.51287, 0.00217519, -0.0319001]","[0.0, 9352057.0, 9320158.0]","[0.0,1.0,0.5]",72694,11.740852314306016,6.615546674677276,0.2704640739299472,0.6676839856595729,57274.26362646403,5.841783161456224,4.787312895317214,0.8570298085709681,0.42,0.42,2.1871679449138797,0.15820336174202435,0.0,0.0,0.0
"[2.71502, -3.40935, 0.0848103]","[0.0, 904980.4, 988034.1]","[0.0,0.5,1.0]",18017,10.237224216006709,6.032750624429374,0.2007100899696858,0.3776458997628835,81664.46165698567,7.9414944014566,3.702184404718916,0.9550816242644584,1.058,1.058,1.5737183393396394,1.7853028646905809,0.0,0.0,0.0
"[-1.21007, 2.95896, 10.4626, -10.0728]","[90270460.0, 0.0, 30112730.0, 30575060.0]","[0.5,0.0,0.0,0.5]",247175,11.263835244820305,10.598198598757078,0.7474870795802618,0.2122736021506783,86044.10267560715,8.311918771469491,1.9752560608566003,0.6088529288286811,1.26,1.26,1.0473261484884056,1.9693921862487889,1.9323576239784657,0.6697575940245653,0.0
"[1.69828, -0.298414, 0.000254998]","[0.0, 11580780.0, 12859210.0]","[0.0,0.5,1.0]",117675,10.254346409928177,9.522654526129148,0.4397959908530648,0.0412387867421534,29352.75058357784,3.314840458511572,8.416982372473433,2.2102102228892733,-1.0,1.415,2.8803033589614686,1.2073777836499657,0.03529408850543424,0.0,0.0
"[-3.90483, 1.9514, 0.0143791]","[1068214.0, 0.0, 1274267.0]","[0.5,0.0,1.0]",153652,9.463204333972604,6.771213584025206,0.0143824185086273,0.2054917338738104,66661.09377413416,6.65826030829598,4.616017994198352,0.5759196269955514,-1.0,0.442,0.8045166371573167,1.140147650648709,0.0,0.0,0.0
"[-0.851528, 2.28063, 5.1955e-05]","[8353034.0, 0.0, 13160920.0]","[0.5,0.0,1.0]",326819,9.64927861569756,8.834620215762456,0.1578341165384673,0.2928298183201331,152154.2979677275,13.752763220773112,1.214795104142808,0.2389517089690671,-1.0,0.444,0.360859013340349,0.22050051464093925,0.001722359542324278,0.0,0.0
"[-4.23285, 2.92829, 0.000740958]","[5453332.0, 0.0, 8433800.0]","[0.5,0.0,1.0]",213823,9.887402233700582,4.649547248435058,0.0865969255801268,0.1623252597485608,24385.73238678382,2.8403860229803475,19.592218500511503,2.212497742966071,0.502,0.502,3.786080803336965,4.5519687891914655,0.06022539152604795,0.0,0.0
"[-0.722638, 2.58693, 5.80748e-05]","[11322810.0, 0.0, 14327630.0]","[0.5,0.0,1.0]",288306,9.839442900812728,9.400380634373525,0.2761619289391482,0.0008192844797588,30303.93185610992,3.404488611479444,8.508156119211822,2.5443160294097464,-1.0,0.72,4.09226163981458,2.162875153732158,0.019389424345017614,0.0,0.0
"[-0.408665, 2.68707, 0.000263181]","[7993035.0, 0.0, 9256628.0]","[0.5,0.0,1.0]",214207,10.196892474963114,7.400045168907416,0.5115776622491462,0.3918240384896786,36447.009101892574,3.975761714516545,8.26141403028278,1.487988484776421,-1.0,1.256,2.4391530977808515,0.9512250801721482,0.02413942031343837,0.0,0.0
"[2.07431, -0.329401, 9.50498e-06]","[0.0, 7511410.0, 9799739.0]","[0.0,0.5,1.0]",279547,9.781632940928144,8.54723304935743,0.2834965280136459,0.3666649543239592,72832.56372566705,7.189006184834172,3.2945781680629773,0.877805397205745,-1.0,1.363,1.2642561568692223,0.5038029468185593,0.002706286994515567,0.0,0.0
"[-0.462897, 3.5766, 0.0113585]","[1460590.0, 0.0, 1572471.0]","[0.5,0.0,1.0]",344418,40.49769752561661,31.599647956466896,0.4150345131686718,0.0455467853330015,16509.566555617286,2.059199991632388,1.7534400532952017,6.732005791409725,-1.0,1.595,12.731502715934136,4.636077304292593,0.0,0.0,0.0
"[-1.38838, 1.87804, 9.50578e-07]","[6172067.0, 0.0, 12804820.0]","[0.5,0.0,1.0]",72278,11.263327774382162,8.433362362449634,0.1641353944011861,0.2684827831192402,51446.83291361519,5.328303548345935,4.564167972307105,1.4845120862556538,-1.0,1.847,2.0343991081266295,1.7491937311958619,0.0014473635031092735,0.0,0.0
"[2.43395, -0.527076, 0.0018326]","[0.0, 2589334.0, 2999506.0]","[0.0,0.5,1.0]",24156,10.729814050836644,8.097555706283101,0.3036274586785389,0.1223349018741983,107056.46882174537,10.068290126096626,1.935945126360328,0.9094003740448235,-1.0,0.432,1.4187665959098057,0.6602246715565419,0.0389304092873085,0.0,0.0
"[2.34555, -0.578223, 0.000210889]","[0.0, 22857820.0, 26329530.0]","[0.0,0.5,1.0]",262351,9.8723885219192,9.419254268688816,0.2855597977921352,0.3834005352854759,25520.73670607273,2.9498192289120304,10.157008176198318,2.4455214864638815,-1.0,0.776,3.7453622642558138,1.859598401606716,0.03551390647389836,0.0,0.0
"[-0.866685, 1.9446, 1.12799e-05]","[5513563.0, 0.0, 8763543.0]","[0.5,0.0,1.0]",89086,10.08348471262185,8.92183620509065,0.3160438424347711,0.2536272256430133,53340.6101996524,5.49579127169052,4.559147052341753,0.8401387252149859,-1.0,0.82,1.171564339979823,0.7821348610468889,0.0028216531558797864,0.0,0.0
"[-1.22689, 2.72173, -1.09359, 2.23432, 0.0268837]","[180532.5, 80444.51, 196826.7, 0.0, 253042.4]","[0.5,0.0,0.5,0.0,1.0]",189204,9.077701921947275,5.7372723639088985,0.3387527369304928,0.3479218324435092,11099.6056848209,1.489882931592066,35.83418722645665,6.683845196225852,-1.0,0.903,18.062977194727726,0.0,0.0,0.0,0.0
"[-0.346771, 2.0671, 5.45301e-06]","[9971640.0, 0.0, 14895410.0]","[0.5,0.0,1.0]",140305,29.848392761262577,26.942990043101965,0.155737397365256,0.0787132732966588,32027.334763419,3.56604878046495,1.3219144555233502,1.6743842774739757,-1.0,1.084,2.4073314011690723,0.9859991095543541,0.0039099687320881095,0.0,0.0
"[-1.14956, 2.63741, 0.00428055]","[1173668.0, 0.0, 1282133.0]","[0.5,0.0,1.0]",310475,9.798819589486518,8.622344907888287,0.0026938031077785,0.5488641986937537,37187.36214261058,4.043805813323328,7.324075301676735,1.6163872926343552,-1.0,1.354,2.62502988349399,1.7362742574276742,0.0,0.0,0.0
"[7.63246, -7.13722, 3.92933]","[1435.399, 1615.694, 0.0]","[0.0,0.5,0.0]",249634,9.250794120389845,8.895412203532054,0.2082837500574237,0.0232941703431473,58247.87208126348,5.927044548437943,4.409409268113387,1.3271569934756555,1.61,1.61,5.738938977151404,0.0,0.0,0.0,0.0
"[-0.531903, 6.58817, 4.76489e-05]","[1512363.0, 0.0, 2437163.0]","[0.5,0.0,1.0]",135213,10.043127200600177,5.824370626746443,0.5731856158949186,0.7471203710805738,109903.9077034143,10.304001587167445,2.622454871331677,0.118204320741312,-1.0,1.971,0.30340012139710965,0.08620839737368334,0.0008159429442183208,0.0,0.0
"[2.00404, -0.276155, 0.000177989]","[0.0, 27565890.0, 30761220.0]","[0.0,0.5,1.0]",43194,10.89703181754743,4.0617702754379845,0.2899138292797701,0.5146609312439494,144590.9020040479,13.141194616592522,2.339781956367335,0.4164763618305361,-1.0,2.355,0.5895810955835101,0.2188602104009494,0.005556316018312956,0.0,0.0
"[2.51719, -1.55013, -2.57574, 3.93096, 0.0036984]","[0.0, 130486.6, 90358.42, 76652.35, 213860.7]","[0.0,0.5,0.5,0.0,1.0]",242207,7.34575802779656,6.508641996077154,0.3074528748582121,0.2611163712413437,126153.517526466,11.640404263080022,2.545525717816376,0.414523034301791,-1.0,0.343,1.3481700317439946,0.0,0.0,0.0,0.0
"[-0.422059, 2.1147, 0.0023793]","[9606686.0, 0.0, 10303990.0]","[0.5,0.0,1.0]",180415,8.856067982701456,8.590933760392993,0.0545278759584484,0.3527056881982842,28861.83457547125,3.268430983441914,10.54926106332202,3.223533801829884,-1.0,0.416,4.687665470333316,2.1000977602528583,0.0,0.0,0.0
"[17.1514, -1.2422, 0.022172]","[0.0, 61527540.0, 62395130.0]","[0.0,0.5,1.0]",130485,9.515200914690944,9.245543094736142,0.0714705720929594,0.6182980360640823,92042.23422614788,8.816611082718685,2.3326012834996006,0.8099357983068441,0.582,0.582,3.354288262723589,0.9027060584399139,0.12060158893599192,0.0,0.0
"[-0.473842, 1.82802, 0.00140792]","[7114268.0, 0.0, 7671483.0]","[0.5,0.0,1.0]",11934,9.222659952298493,6.195047543565542,0.6350953950923738,0.5331802448467097,23758.022972117986,2.779576518748049,16.50988496686529,2.4263005438307155,-1.0,0.642,3.280462420465474,1.6726521063566337,0.0,0.0,0.0
"[-1.13353, 3.10611, 0.000669394]","[32597020.0, 0.0, 34955730.0]","[0.5,0.0,1.0]",389632,35.15373924187418,27.751567113173817,0.7304783003151712,0.2821652277611097,24612.10191454639,2.8622643634447447,1.4903110320303283,6.537628872395274,-1.0,0.742,11.522021435474144,6.960441252239942,0.16914578136837044,0.0,0.0
"[-1.47779, 2.3306, 0.000938148]","[5731716.0, 0.0, 7031966.0]","[0.5,0.0,1.0]",59133,8.416249922724207,5.960050655634976,0.2928291133193816,0.6992872792640069,22995.022398576788,2.7053716108644963,18.989099968719845,3.0451237910110236,1.684,1.684,4.6487781739244225,3.70296086577047,0.0,0.0,0.0
"[1.70696, -0.196035, 0.00021902]","[0.0, 13010700.0, 14053060.0]","[0.0,0.5,1.0]",211106,9.324008337873424,7.616237942866428,0.2030337170368932,0.3716725294845198,36360.40181607564,3.9677911486246153,8.690966135698444,2.4032654162166933,2.125,2.125,3.1398825915263906,1.064065948368161,0.03556670429495451,0.0,0.0
"[3.12142, -0.276721, 0.000338908]","[0.0, 17286320.0, 20570600.0]","[0.0,0.5,1.0]",102883,39.10844341597467,20.981540459372155,0.0967443195460618,0.4177695532983403,33768.94450887403,3.728251671681901,1.2455715401147625,6.737307028310504,-1.0,2.412,11.903164720145817,3.5441116779651254,0.12403014444771228,0.0,0.0
"[2.27383, -1.12004, 0.000592557]","[0.0, 2709062.0, 3908382.0]","[0.0,0.5,1.0]",105198,5.292479487474542,4.812246546862062,0.0702723330091883,0.4708886393855224,28828.92412683336,3.265316323867479,26.300211652156367,1.725941040318745,-1.0,0.191,2.6025851761370475,1.8270800415557302,0.0,0.0,0.0
[5.6369],[0.0],[0.0],304754,29.279704212747127,21.8383616742844,0.1023393972681107,0.3859414022700836,18069.20934149616,2.2174868880800376,2.87687027528657,9.042994698510524,0.365,0.365,21.47001962614028,0.0,0.0,0.0,0.0
"[1.63069, -0.205732, 0.0422472]","[0.0, 6633693.0, 6644608.0]","[0.0,0.5,1.0]",178217,10.744782694890567,5.489706273054428,0.3771696978519157,0.0059902428893926,14535.904808292058,1.8555860979467849,25.95877661394353,4.3927991492210605,-1.0,0.508,5.609537434388836,2.187504594642883,0.0,0.0,0.0
"[1.86794, -0.225299, 0.000219221]","[0.0, 62341660.0, 64886600.0]","[0.0,0.5,1.0]",107932,9.626836477367908,8.177494814050464,0.1140754420152068,0.2675485691053749,28142.303575912887,3.2002305331280603,10.543698872109683,2.323569735994336,-1.0,0.67,3.175683205784024,1.1028979850718597,0.03440303747366777,0.0,0.0
[7.87425],[0.0],[0.0],368274,10.074862628523684,9.478934060480782,0.2994221972993279,0.7256744731271578,77433.9330763436,7.582014074079152,2.725669633937088,0.7907225723088182,-1.0,0.788,2.2188540479118473,0.0,0.0,0.0,0.0
"[-0.409449, 1.49929, 0.00192602]","[2087179.0, 0.0, 2238043.0]","[0.5,0.0,1.0]",205243,30.595238506343588,9.444993624966822,0.3994761458217941,0.2018744759253497,22175.14202667873,2.6252644329927577,4.809730283540525,4.1111891407204295,-1.0,0.973,5.033966020356049,2.636856014188801,0.0,0.0,0.0
"[3.49155, -0.84848, 0.000308169]","[0.0, 38917960.0, 43046050.0]","[0.0,0.5,1.0]",109931,9.800238651435604,8.178212107485034,0.0005646720359684,0.1801736404863185,38899.88425730403,4.200611358318177,7.2773834116038065,1.525692640646386,-1.0,1.076,2.8508619278463736,1.4053608671273379,0.026783142125490843,0.0,0.0
[3.34076],[0.0],[0.0],365291,29.416860560898552,16.14971667725583,0.1974113498150462,0.6627039881677627,92373.28371212886,8.84438294562851,0.5778967659747642,0.4509205142814795,-1.0,1.689,0.8241810640528761,0.0,0.0,0.0,0.0
"[2.18149, -0.24902, 0.000632782]","[0.0, 21159170.0, 22620400.0]","[0.0,0.5,1.0]",32902,10.841505222179018,8.983656649092842,0.2149374172247193,0.0997391058702211,120615.48895535457,11.186523052038607,1.4966032540180605,0.6437469599057692,-1.0,2.433,0.9508057607139135,0.32124198846284063,0.01619355682106945,0.0,0.0
"[1.94796, -0.2108, 1.35249e-05]","[0.0, 6165293.0, 7112198.0]","[0.0,0.5,1.0]",334333,10.23635646093597,7.260249248252514,0.1986266561517458,0.5113988365398364,53816.47369769944,5.5377805058713445,5.311460636720462,0.36594660927471,2.542,2.542,0.5107492585592452,0.16801692448381428,0.001345813123232301,0.0,0.0
"[2.15852, -2.24413, 5.75842, -3.26612, 0.0040864]","[0.0, 814101.5, 756992.3, 780617.6, 1091399.0]","[0.0,0.5,0.0,0.5,1.0]",118314,10.275995789356724,9.90946264790588,0.387097325474065,0.1024812374611446,152388.65211491735,13.77167823051646,1.045039345177386,0.5587194526967295,-1.0,0.621,0.820865174156662,1.8755563754798887,0.0357161164317221,0.0,0.0
"[-0.024475, 0.00594293]","[26658370.0, 26664310.0]","[0.5,1.0]",97228,8.875867243836453,5.1023487292813385,0.2435095775367209,0.401095695368118,40699.81343951823,4.3645789439246,11.2457157510749,0.7912574713468307,0.664,0.664,0.1237881789446164,0.06099835613839296,0.0,0.0,0.0
"[1.7874, -0.412224, 0.00355951]","[0.0, 9975018.0, 10228330.0]","[0.0,0.5,1.0]",41339,8.46574590303466,4.369099832175154,0.0334568564021353,0.0849650014505251,79900.54649328612,7.7918158201645955,5.874698390642307,0.4531835050138687,0.911,0.911,0.6058777037867044,0.29221851176434055,0.0,0.0,0.0
"[1.34294, 0.00013757, -0.171786]","[0.0, 15648580.0, 14400900.0]","[0.0,1.0,0.5]",31315,11.171766781909042,7.82635843249974,0.019060040243776,0.0925514321638928,91327.90859045208,8.756657290925936,2.3810239283022048,0.4472769455831349,-1.0,1.09,0.5183281770321067,0.1853832096876521,0.005246121953264437,0.0,0.0
"[1.60126, -0.225631, 0.0137014]","[0.0, 11103650.0, 11178560.0]","[0.0,0.5,1.0]",364480,39.32133461845709,18.38875786114847,0.387992317154281,0.2050084466471724,48264.35114645556,5.045384720321598,0.9259202083979235,4.094285010395509,-1.0,0.536,5.180945202184574,2.0029901764614775,0.0,0.0,0.0
"[2.6904, -0.760693, 0.000295249]","[0.0, 13552100.0, 16109210.0]","[0.0,0.5,1.0]",214550,9.285597576919525,5.398120394900204,0.063585962678462,0.4365651818869966,36903.4623720539,4.01773220675989,11.545798605041991,1.1314750711986068,-1.0,0.589,1.8558950657770952,0.9868467152299903,0.01944192250171771,0.0,0.0
[3.00451],[0.0],[0.0],301638,10.73316377340531,8.443663574197867,0.6276583184276068,0.1672883788482081,13545.511218083537,1.7518022503744,18.996855959990057,5.095448066030359,0.786,0.786,8.832206336823136,0.0,0.0,0.0,0.0
"[2.38628, -0.756062, 4.35508e-05]","[0.0, 4345198.0, 6787443.0]","[0.0,0.5,1.0]",120965,8.476679397844308,6.843649999383654,0.090075468855234,0.3378850604960737,20594.1664826796,2.4696275042221543,18.713194132859293,0.7068453339401863,-1.0,1.086,1.091905606999507,0.6146149230385293,0.004664686528212012,0.0,0.0
"[3.4141, -0.317111, 0.000687297]","[0.0, 3423596.0, 4054220.0]","[0.0,0.5,1.0]",104006,6.841926196391123,4.451257017051977,0.0303907642915298,0.1875086829555235,25871.99018855752,2.9835557287620325,25.578187284268,1.479952589928921,-1.0,1.094,2.7345503348835725,0.8343025785751625,0.0,0.0,0.0
"[2.25747, -0.292931, 0.000546108]","[0.0, 11936070.0, 12795470.0]","[0.0,0.5,1.0]",291629,10.072904844660094,9.286530060486475,0.2563817126787137,0.2083306887119115,69771.64558242836,6.926315083601848,3.166265495818489,0.5348981136138612,-1.0,1.106,0.8036779630810467,0.28950344322170346,0.012500009285218817,0.0,0.0
"[2.22014, -0.277716]","[0.0, 8505142.0]","[0.0,0.5]",159024,10.603295889654849,9.099854760951214,0.430227756863016,0.1354506976921816,19951.00423639028,2.405842168370446,12.61941465359073,1.5724873527773686,-1.0,1.173,2.3430272627559954,0.8286814396814066,0.0,0.0,0.0
"[-3.39827, 3.15325, -2.16055, 5.13898, 3.51909e-05]","[870206.1, 0.0, 1162851.0, 682440.6, 4528670.0]","[0.5,0.0,0.5,0.0,1.0]",170989,9.586383009963468,7.218572403456731,0.4161595552476649,0.7871707884822867,43428.87865258342,4.611661918971236,7.259901368819873,1.4476714793811656,-1.0,1.281,2.57068711433105,4.7349702601726245,0.008587864933744558,0.0,0.0
"[4.7948, -1.03994, 0.629638]","[0.0, 69396770.0, 69397820.0]","[0.0,0.5,1.0]",148727,10.181084830507093,8.865281257454274,0.5325331387922525,0.371273490015496,86459.22305000585,8.346942724515948,2.4795813185930653,1.0836471451177172,0.453,0.453,2.3728655955788787,1.4002037868804487,0.0,0.0,0.0
"[3.10106, -0.0628943, 0.0171449]","[0.0, 6046204.0, 6051792.0]","[0.0,0.5,1.0]",251161,10.233807246579907,7.310646600345772,0.4748221775385648,0.0128474051730598,110125.82077612316,10.322350962453722,2.1144760162347027,0.4042874522195406,-1.0,0.565,0.7119432011848854,0.11437777186524949,0.0,0.0,0.0
"[3.11934, -0.255985, 6.66504e-05]","[0.0, 8117318.0, 10507220.0]","[0.0,0.5,1.0]",106553,10.496369429713996,8.515965990010947,0.5341513981971131,0.6455649243804676,36670.526409426486,3.996321581620244,7.10719690294294,1.7582476130281774,-1.0,0.624,3.1053559891778604,0.8895846804391956,0.014354280101907155,0.0,0.0
"[1.70357, -0.294318, 0.000124457]","[0.0, 11520280.0, 13302980.0]","[0.0,0.5,1.0]",71097,10.4814707480117,7.186189027763772,0.172220710126638,0.1185423261945518,52424.42519879309,5.414840508214961,5.426742701099485,0.8011738364372257,-1.0,0.935,1.0456991380882106,0.43464548248712126,0.008937919162011414,0.0,0.0
"[2.20219, -0.686456, 0.00150972]","[0.0, 8236696.0, 9003632.0]","[0.0,0.5,1.0]",158179,10.086334951463105,5.961142212578417,0.2966777734422798,0.2239833144249649,27948.55116117334,3.181828373294476,13.432986190610078,2.2972676951115765,-1.0,0.963,3.409094174369071,1.905438801730986,0.0,0.0,0.0
[3.30159],[0.0],[0.0],30633,10.14305972979258,5.304503725439032,0.534479400586973,0.2040272814717101,49301.01584201984,5.137751245579351,7.819295739077454,1.2122457614667403,-1.0,1.005,2.202684240353234,0.0,0.0,0.0,0.0
"[3.7767, -0.112845, 0.00509408]","[0.0, 5647082.0, 5754768.0]","[0.0,0.5,1.0]",71466,8.92550518243086,3.970278213023631,0.0903671274257798,0.1368531508835897,93071.95365292176,8.902967002716615,5.036515015949873,0.1841253285013785,-1.0,1.087,0.3578242575359213,0.06323279845251174,0.0,0.0,0.0
"[1.96368, -0.42294, 0.00750015]","[0.0, 11356590.0, 11667320.0]","[0.0,0.5,1.0]",18920,42.90749409332046,35.30768902953498,0.085730932186141,0.0605543121676229,43855.884428112935,4.65016450175689,0.5473976738116746,3.964942988739208,1.176,1.176,5.556128808445036,2.5785545741747535,0.34337756900469946,0.0,0.0
"[4.59678, 0.00045563, -0.176548]","[0.0, 38116010.0, 37026370.0]","[0.0,1.0,0.5]",250306,10.303019998689788,9.483482676373766,0.0188910059834765,0.2123301591821574,38498.07872502779,4.163892136749644,6.236470435436945,1.0053872055603634,-1.0,1.342,2.1555604851699233,0.4224397288462925,0.0214604838767767,0.0,0.0
"[3.57548, -0.521427, 0.00230582]","[0.0, 963450.7, 1144895.0]","[0.0,0.5,1.0]",364669,10.166264635926892,7.8303922031477535,0.3585959893321285,0.4394038774190128,48331.744524108944,5.051395594919911,5.693814336051485,0.8605690106513493,-1.0,1.347,1.6272447516936905,0.6227885192212849,0.0,0.0,0.0
"[1.62057, -0.228665, 2.94654e-06]","[0.0, 15673050.0, 20367980.0]","[0.0,0.5,1.0]",6948,9.89812147580974,8.071721439767959,0.1659324073486524,0.19267529307561,72032.01835364936,7.1204028969664535,3.473308635525921,1.1160747925683134,-1.0,2.355,1.4207811837505662,0.5336950160635692,0.001915796916509543,0.0,0.0
"[4.01936, -0.311043, 0.00060398]","[0.0, 30961420.0, 33752140.0]","[0.0,0.5,1.0]",194414,10.164268095966726,9.289132248194583,0.4530160032532062,0.3849366818271789,48958.61102778969,5.107265950775865,4.851909816866133,1.3705299243535412,-1.0,0.702,2.747685206534765,0.7643613845697291,0.03368214966681665,0.0,0.0
"[-2.79191, 1.62394, 3.67709]","[1046890000.0, 0.0, 991174800.0]","[0.5,0.0,0.0]",217126,9.031451843881497,7.5646266054742,0.6476626506898445,0.1324263148440823,39381.75369936259,4.24459040342901,8.196862628343741,1.2709479352336932,-1.0,0.741,1.6196185772268146,2.437136700887306,2.123628118197238,0.0,0.0
"[4.16761, 0.00115245, -0.0608035]","[0.0, 28720370.0, 28534640.0]","[0.0,1.0,0.5]",237753,10.050699003389704,9.843532575452445,0.2085420109659201,0.0993381191470555,45512.58109286938,4.7991666533318655,5.085449517840543,2.167908161988104,0.774,0.774,4.425724912079136,0.5396129837208051,0.0,0.0,0.0
"[3.80368, -1.36783, 0.000194302]","[0.0, 4362824.0, 6453774.0]","[0.0,0.5,1.0]",59692,9.049925483664488,7.28806919613431,0.2994194382141408,0.1735663117628461,27653.81432697827,3.1538047847926483,12.457822703160486,1.5211323751934231,0.862,0.862,2.9666683359790245,1.7790291824714857,0.021203406781774757,0.0,0.0
"[-0.816708, 4.31378, 3.56958e-06]","[4875867.0, 0.0, 10260570.0]","[0.5,0.0,1.0]",171518,10.192817207595848,5.99113282870434,0.0512994526586465,0.0340529792383577,36883.09399367923,4.015860397496751,9.795488847210418,0.3322988214433449,-1.0,1.032,0.6901727327945597,0.30030475292375525,0.0006278232008955091,0.0,0.0
"[3.42852, -0.54002, 6.38978e-05]","[0.0, 18771900.0, 22240710.0]","[0.0,0.5,1.0]",221921,10.45552706133195,9.282765366043291,0.1006962917231401,0.2034180777145809,176795.37221674065,15.731230174675288,0.8842538435317713,0.3906023745297031,-1.0,1.093,0.7232496342836883,0.28703826835101737,0.0031223230267343766,0.0,0.0
"[-0.325394, 2.35709, 0.000292653]","[13965380.0, 0.0, 15154450.0]","[0.5,0.0,1.0]",208665,35.124299859516874,26.39698182515916,0.3890012888699704,0.5264216848655762,35907.365501617875,3.926063086568252,1.037663999782137,3.385802169051394,1.104,1.104,5.198160222045395,1.9313738600224402,0.05792126911027128,0.0,0.0
"[2.14639, -0.902346, 0.000764108]","[0.0, 6118190.0, 7054313.0]","[0.0,0.5,1.0]",366382,10.893873723865028,9.955317959903526,0.0090031460214141,0.4155825094108746,54399.91929617757,5.589211045878425,3.808729201124557,0.3793275608738995,1.403,1.403,0.5557362377193896,0.36033043602147263,0.010485563430835627,0.0,0.0
"[2.82661, -2.81994, 0.000123302]","[0.0, 3590930.0, 7740356.0]","[0.0,0.5,1.0]",392813,9.817180214063123,9.747324008888365,0.0622904692634281,0.0208151388323961,33475.90335965142,3.7010307741504698,7.418893717487873,2.206793922757987,-1.0,1.433,3.710177820126778,3.70579774961422,0.024504556108186214,0.0,0.0
"[2.44688, -0.51944, 2.71743e-05]","[0.0, 16997210.0, 22145410.0]","[0.0,0.5,1.0]",179287,9.555712324751113,9.416899450931409,0.1678189995058369,0.0923682820453474,51669.49968421018,5.348029052405716,4.733510962795601,1.1508754639793553,-1.0,1.53,1.8002576572740794,0.8294611054412568,0.005999395790849815,0.0,0.0
"[8.88676, -0.0379664, 0.000670001]","[0.0, 211694300.0, 212342000.0]","[0.0,0.5,1.0]",195916,9.52640372137575,8.663202683779934,0.554703811137064,0.264441058595451,60803.73734618702,6.150204827708301,4.173621182335463,0.9195952861707808,-1.0,2.248,2.7413750902422542,0.1791828524405449,0.023803151559999968,0.0,0.0
"[21.9531, 11.9692, -3.64141, -25.9849, 0.552687]","[806.803, 0.0, 32579.13, 1095.494, 34320.32]","[0.0,0.0,0.5,0.5,1.0]",22244,9.676661692494523,8.49494617733051,0.3963980144774979,0.1612520968229881,70461.96110356736,6.985650333916694,3.484212514466238,0.3729198026656163,0.139,0.139,2.985718466422755,0.0,0.0,0.0,0.0
"[5.54229, -1.15016, 0.355296]","[0.0, 215626.6, 216368.6]","[0.0,0.5,1.0]",104420,9.803569081677503,9.467700716677472,0.3785673182661666,0.0958622269897449,81304.83680645574,7.911001495929931,2.62124353222128,0.9385439225542082,-1.0,0.259,2.4916080405334027,0.0,0.0,0.0,0.0
"[4.31937, -0.578402, 9.31786e-05]","[0.0, 6550113.0, 9000927.0]","[0.0,0.5,1.0]",365052,9.756233117026184,8.014240943724243,0.0350363981283846,0.32075644526691,26735.94005500765,3.0662856230264945,11.197871917834185,1.1124812239332584,-1.0,0.597,2.312080195159996,0.8460725067992249,0.010738677013029187,0.0,0.0
"[1.65787, -0.33246, 0.00167637]","[0.0, 1915745.0, 2100044.0]","[0.0,0.5,1.0]",208692,5.99376488043766,4.199550674418597,0.0894637357166293,0.7367538723204264,72797.09787576523,7.185968414401747,9.004564430851135,0.6873119421602899,-1.0,0.616,0.8849711772563994,0.3972974384820758,0.0,0.0,0.0
"[-0.518082, 7.34964, 0.00187857]","[1137956.0, 0.0, 1435526.0]","[0.5,0.0,1.0]",44966,10.359768396292136,9.289828075175556,0.1290626834777213,0.5639427217420395,56515.97269420959,5.775277470301217,4.017216176564735,1.5626272437954143,-1.0,0.765,4.236316753740748,1.1267838076840484,0.0,0.0,0.0
"[2.42315, -0.319694, 0.00161652]","[0.0, 1992529.0, 2200712.0]","[0.0,0.5,1.0]",191034,10.223451908379472,7.607900323987059,0.124996267710191,0.1909261352544683,65624.29025800787,6.568652893169317,4.001396579960352,0.614519230336848,-1.0,0.958,0.9565895395174495,0.348335671132699,0.0,0.0,0.0
[3.18286],[0.0],[0.0],44115,10.807018517496394,10.600264857829812,0.0496934270783849,0.0392537182472826,47106.666400342016,4.941986672373358,4.321706887198352,0.7240726943375323,1.134,1.134,1.291787084809915,0.0,0.0,0.0,0.0
"[3.74687, -0.677024]","[0.0, 23947170.0]","[0.0,0.5]",7874,9.890236892391018,8.16094263326235,0.4943161347083322,0.3923935687519261,176436.51366372488,15.70255637397252,1.0350471228815967,0.2347212568755454,2.169,2.169,0.45434602691720616,0.19313209620421695,0.0,0.0,0.0
"[-0.718695, 2.3524, 0.00391882]","[2848535.0, 0.0, 3206268.0]","[0.5,0.0,1.0]",183566,9.684853506200428,7.617080464298431,0.0780339706580165,0.4892386428766182,16831.964778621077,2.092096239859482,18.568285419001104,3.861029420853069,-1.0,0.667,5.921867641131586,3.282133504820534,0.0,0.0,0.0
"[1.78861, -0.939063, 0.000482319]","[0.0, 3561472.0, 4658008.0]","[0.0,0.5,1.0]",190964,35.573353912714914,24.52095590929379,0.2922386107031708,0.2438608550084524,63271.70914991692,6.364821602601384,0.5598289831607481,2.650136876133264,-1.0,0.749,3.5442645632090652,2.5681221100735794,0.058201675935687605,0.0,0.0
"[-0.663512, 2.80929, 1.71523e-05]","[3481798.0, 0.0, 5634050.0]","[0.5,0.0,1.0]",55774,9.652089603442704,7.683970092757892,0.259854381289889,0.3645021386519939,42441.79419737662,4.522497098209507,7.0295493363582375,0.9385984651844882,-1.0,0.98,1.5731789487954575,0.7645470740377706,0.003887237017021454,0.0,0.0
"[-0.416542, 2.53962, 4.12827e-05]","[2976113.0, 0.0, 5014920.0]","[0.5,0.0,1.0]",266597,10.105804305435766,9.909450146147524,0.1320773698473219,0.4246691464846104,57525.83722653471,5.863827883444844,3.801305841895609,1.4562783024346422,-1.0,1.421,2.3207520788426996,0.9398829640773713,0.00935682324796791,0.0,0.0
"[1.54911, -0.235827, 1.66218e-05]","[0.0, 8533797.0, 10546970.0]","[0.0,0.5,1.0]",194534,9.85893514415075,9.545752013936047,0.8815381776255549,0.0594216124903483,52216.83574755373,5.396478569274362,4.50267567242043,1.1002046815931363,-1.0,1.473,1.3693504768193236,0.5342816417033334,0.00448551708108145,0.0,0.0
"[2.47983, -12.5038, 0.000317258]","[0.0, 532735.3, 950842.4]","[0.0,0.5,1.0]",6280,9.883844159330128,7.278226360916329,0.3853671525009491,0.0677253460612365,96473.02059235986,9.18762820352834,2.6031158193807364,0.4781346613792733,-1.0,2.112,0.7529414099212404,1.6907182375014977,0.008516409175194008,0.0,0.0
[3.3739],[0.0],[0.0],152336,9.98827413696551,6.348309211987621,0.1551769119181299,0.8632049864258365,37458.3049518692,4.068668547604381,9.299485491412764,1.879268297297914,0.548,0.548,3.4518736485250043,0.0,0.0,0.0,0.0
"[-0.457618, 2.13942, 9.82639e-05]","[31948780.0, 0.0, 35004880.0]","[0.5,0.0,1.0]",262572,8.675653358335602,7.642928852346127,0.0463344252015407,0.3567165443048175,71231.11932284302,7.051698937685579,4.110516954321133,1.2475905793779611,-1.0,0.797,1.8248203372725398,0.8439634447046709,0.012367134532078307,0.0,0.0
"[2.83793, -0.509589, 8.95401e-05]","[0.0, 9994450.0, 11824770.0]","[0.0,0.5,1.0]",44265,32.403156542895424,10.824772297616242,0.6881634808367745,0.2035603879114075,53941.59550758712,5.54881472817967,1.5171239725997412,0.4640338722057504,-1.0,0.887,0.7817187386423449,0.3312529125110784,0.004390949785949748,0.0,0.0
[3.3167],[0.0],[0.0],193541,9.461972259741744,8.015698770849065,0.6881974336147533,0.8229952009448942,64245.83813512426,6.4493083687727655,4.185574382283082,0.8845748351753099,1.146,1.146,1.6109708258859416,0.0,0.0,0.0,0.0
"[3.67612, -0.125657, 8.83519e-05]","[0.0, 19540000.0, 22204350.0]","[0.0,0.5,1.0]",38449,8.84114283870432,6.665296318605998,0.1243023389919505,0.0654084229044796,45533.859648597005,4.801076527368087,7.853055921400798,1.0062806691686983,-1.0,1.888,1.9293631069030075,0.3567076910562262,0.009458604723152393,0.0,0.0
"[3.21074, -1.42294, 6.47375e-05]","[0.0, 56144470.0, 62908820.0]","[0.0,0.5,1.0]",250792,10.607715433350126,10.57229895011151,0.4437160790231786,0.5939913372180778,92408.06875340396,8.84730060438908,1.895391746741255,0.3616237656378328,-1.0,2.216,0.6479769145341858,0.4313703176157955,0.002909610975370875,0.0,0.0
"[3.72376, -0.445989, 0.0010443]","[0.0, 1075424.0, 1138758.0]","[0.0,0.5,1.0]",381073,9.572791140202591,4.573255284231315,0.6037925771175102,0.3055694003380138,49765.86920881595,5.179103141621419,9.228167040933366,0.8766753538300284,-1.0,2.502,1.691724498596089,0.586149953693613,0.0,0.0,0.0
"[2.17926, -0.268722, 0.000209191]","[0.0, 8143281.0, 9892411.0]","[0.0,0.5,1.0]",260183,8.234232959557467,6.705845096754201,0.0241235677696151,0.2583698967016585,84224.28445212322,8.158205816360072,3.867234253594484,0.4176986578011815,-1.0,0.204,0.6166199951543586,0.2165283125255673,0.006041358079816914,0.0,0.0
"[2.15895, -0.310385, 0.00578332]","[0.0, 1949352.0, 2011342.0]","[0.0,0.5,1.0]",169050,9.157662052087831,6.938296591281753,0.0703292133535776,0.0566654200733719,18187.92261574383,2.2294501437171843,19.574801144524844,4.566853238586878,-1.0,0.418,6.710244541751189,2.5678889060467727,0.0,0.0,0.0
"[3.83824, -0.406029, 0.0022195]","[0.0, 34476110.0, 35338650.0]","[0.0,0.5,1.0]",142319,10.386949096154208,7.945207828288803,0.129079381989196,0.0682723015457151,48418.33843008886,5.05911788192975,5.514495380390805,1.164547170107085,0.654,0.654,2.2815140517640695,0.7420541719870761,0.054863645178406716,0.0,0.0
"[-1.65513, 5.40657, 1.82304e-05]","[29626990.0, 0.0, 46447070.0]","[0.5,0.0,1.0]",15571,10.609644832861123,7.478463018941979,0.388407979686026,0.1192853511564977,25824.62549984232,2.979010036038658,11.508966236696256,3.4969493843740307,-1.0,0.885,8.131117957971622,4.498890279277315,0.014930950139057132,0.0,0.0
"[-0.618786, 1.80865, 0.000105688]","[5050300.0, 0.0, 6423564.0]","[0.5,0.0,1.0]",391556,10.104739327800283,6.5539408656964735,0.2691343319404584,0.0469909889700194,45700.08138827892,4.815993166348032,7.12617157852197,1.845978330806506,-1.0,0.906,2.4825835026105256,1.4521010462564616,0.018977519156524243,0.0,0.0
"[1.38954, -0.220411, 0.000340981]","[0.0, 6293608.0, 6794622.0]","[0.0,0.5,1.0]",119879,8.459938693006439,5.587166491761635,0.4305841170453405,0.0332938377810522,62214.37010132275,6.272975958902291,6.498703446119482,1.1171429736643017,-1.0,1.131,1.3168741872098455,0.5248812549672992,0.0,0.0,0.0
"[-5.23073, 3.0912, 1.77372e-05]","[5985763.0, 0.0, 12046700.0]","[0.5,0.0,1.0]",108403,9.113143862378738,8.98724499599691,0.6475427352498957,0.0189212948062826,35494.47538448315,3.887979892032168,7.9146005386910785,1.3760805931554096,2.008,2.008,2.4193985855647613,3.1472049209457977,0.005795439834725305,0.0,0.0
[3.14799],[0.0],[0.0],85797,9.510008565801098,8.082558404711053,0.6262600670227997,0.3383177345610317,62418.503436305946,6.2907196018344935,4.290153603894551,0.7201880059496669,0.22,0.22,1.2777990366614265,0.0,0.0,0.0,0.0
[3.08016],[0.0],[0.0],97860,9.376340481211663,4.598625952536867,0.0869823854290759,0.3013611350081114,59527.65167920333,6.0389040051832445,7.5102994787193476,0.6524661187820451,-1.0,0.57,1.1451031330382355,0.0,0.0,0.0,0.0
"[4.94879, -3.46844, 3.19874]","[118528.9, 147463.5, 0.0]","[0.0,0.5,0.0]",278312,8.987172413757447,6.27161299077285,0.4767777194660835,0.5584965330156066,34136.16226005673,3.762322958619309,11.346182920599386,1.760659567000299,0.636,0.636,6.000716810698442,0.0,0.0,0.0,0.0
"[3.13497, -2.51549, -1.07712, 2.94795, 0.00196622]","[221181.7, 487357.7, 1257348.0, 0.0, 2047940.0]","[0.0,0.5,0.5,0.0,1.0]",51533,9.678937681862124,9.141629024079892,0.6138388349881222,0.0463239397010906,47589.5882529251,4.985150903985584,5.295959160247999,1.997510925262629,-1.0,0.711,5.857310383694819,2.0731045667223365,0.08857378792612342,0.0,0.0
"[1.6068, -0.228377, 0.00336721]","[0.0, 2629944.0, 2718789.0]","[0.0,0.5,1.0]",42198,10.964747233191972,9.36005435279149,0.3047275004625379,0.1197209138654715,70062.66328883177,6.951335747187933,2.917707912449232,0.9988642256378408,-1.0,0.771,1.266156446990298,0.4808514226677412,0.0,0.0,0.0
"[-0.291248, 3.37886, 0.018978]","[315307.3, 0.0, 322178.2]","[0.5,0.0,1.0]",71097,10.4814707480117,7.186189027763772,0.172220710126638,0.1185423261945518,52424.42519879309,5.414840508214961,5.426742701099485,0.8011738364372257,-1.0,0.811,1.5388140683230684,0.0,0.0,0.0,0.0
"[-0.575316, 1.63264, 0.0141927]","[9255393.0, 0.0, 9486340.0]","[0.5,0.0,1.0]",256205,9.080095230002236,4.939888366130539,0.560149414083284,0.4262811755778271,41217.3226061856,4.411570163975399,11.20158979090929,0.5240504078718198,-1.0,0.885,0.6696043705023788,0.402363125236759,0.0,0.0,0.0
"[-0.592916, 3.29773, 0.000312984]","[4761524.0, 0.0, 6072926.0]","[0.5,0.0,1.0]",221402,10.183653727648355,7.864166176628554,0.0729826693237435,0.4287914971851264,29194.08915151579,3.2998515367921173,10.01243476440072,0.747125198622856,1.131,1.131,1.356753441460611,0.5752941652269571,0.01321765623700352,0.0,0.0
"[2.08049, -0.454087, 0.018035]","[0.0, 1972769.0, 1996543.0]","[0.0,0.5,1.0]",117643,37.26231564501889,26.14814412332371,0.2042925058619394,0.1877826932214481,35924.04416672415,3.927600427843208,0.9969207601760168,3.0619261867789476,1.247,1.247,4.416492867252799,2.103884219535419,0.0,0.0,0.0
"[-0.747668, 4.55172, 0.0167119]","[583704.6, 0.0, 654602.9]","[0.5,0.0,1.0]",287662,10.00553085392401,9.828027137960548,0.439516789623104,0.5875361916387655,23504.748620468872,2.754981063074968,10.546887958938497,2.433365108306865,-1.0,1.352,5.6105294102408605,0.0,0.0,0.0,0.0
"[2.22566, -0.899027]","[0.0, 39556110.0]","[0.0,0.5]",397550,10.407477235567894,9.029808001240191,0.3093978586771503,0.2421756753595923,111453.02413529468,10.432033583115436,1.7140582931928503,0.5613980247189525,1.841,1.841,0.8375298424606341,0.5323009578512774,0.0,0.0,0.0
"[-1.437, 2.86212, 0.0456802]","[93655.44, 0.0, 108484.4]","[0.5,0.0,1.0]",154480,9.724596469265771,5.535910494092807,0.0947741077631038,0.2310827390350266,35214.29464293173,3.8621070720722206,11.476205886638043,1.3082056503872233,-1.0,0.382,2.72684797061995,0.0,0.0,0.0,0.0
[3.20892],[0.0],[0.0],274396,8.255055639055813,6.295909132681007,0.2215620606419377,0.0024498207910286,35136.70785494512,3.8549386664227336,11.728867610956526,0.901986634147974,0.568,0.568,1.6157700253389005,0.0,0.0,0.0,0.0
"[-0.840065, 3.87593, 0.0050488]","[2199229.0, 0.0, 2591971.0]","[0.5,0.0,1.0]",310793,6.145035429467747,4.190948850833732,0.0732235113867894,0.1033610697255412,177667.88432429548,15.800930469251156,2.667484028198952,0.1785918855956872,-1.0,0.577,0.3516006628402495,0.1636884996678978,0.012689830062267404,0.0,0.0
"[1.5379, 0.00312851, -0.161477]","[0.0, 2710116.0, 2645660.0]","[0.0,1.0,0.5]",222160,8.101453714842457,8.005085024279262,0.2519026819193354,0.0938287910276141,109127.605420522,10.239787840157064,2.3998559285410512,0.4589471395895689,-1.0,0.745,0.5691499681824643,0.18620221880754198,0.0,0.0,0.0
"[1.87828, -0.998035, 1.99863e-05]","[0.0, 4969824.0, 5978068.0]","[0.0,0.5,1.0]",55687,22.396925213362984,14.557213847097456,0.3709425264869279,0.2685765011245383,51528.587746602425,5.335547258661066,1.6369082341193295,2.074869466392138,0.837,0.837,2.8436159841906234,2.0728299047140486,0.009275919706966137,0.0,0.0
"[2.01954, -0.606609, 0.00130268]","[0.0, 13592980.0, 14409060.0]","[0.0,0.5,1.0]",264426,9.356333353928402,5.286627654980755,0.0842466411393049,0.2545695042966301,29873.72104270654,3.363985009030107,14.751289912588618,1.2676721718121815,0.89,0.89,1.8014955199554565,0.9883874004636705,0.0,0.0,0.0
"[4.94369, 8.71937e-05, -0.22147]","[0.0, 13539700.0, 11998050.0]","[0.0,1.0,0.5]",388305,10.523620072678485,3.432844521873648,0.4447492124809706,0.3512297804731448,58943.393023370365,5.987866417195892,9.069326653957171,0.9139703678839092,-1.0,0.923,2.0321592133029798,0.4301199319218075,0.008534432917089486,0.0,0.0
"[1.80395, -1.88609, 2.76317e-05]","[0.0, 8116861.0, 10743790.0]","[0.0,0.5,1.0]",325403,10.134452557135551,9.486488537852326,0.9587605472392406,0.3408820802798774,49756.07061335219,5.178231917144244,4.687457502072813,0.8919630956557646,0.952,0.952,1.198006388951709,1.2249774451642133,0.004688681028660967,0.0,0.0
"[5.12561, -0.986618, 0.00792786]","[0.0, 4513609.0, 5246286.0]","[0.0,0.5,1.0]",147307,11.757445139712306,9.75141718642097,0.9518122161040946,0.0019638336529707,67193.21897836955,6.704198764877864,2.805365859029373,1.4524868722825086,0.993,0.993,3.288402691746235,1.442735549693508,0.12932729738330265,0.0,0.0
"[1.98183, -0.402552, 0.163697]","[0.0, 1137907.0, 1138282.0]","[0.0,0.5,1.0]",155094,10.546912369959154,9.672078534270884,0.2776835897707823,0.358803625597359,79012.62253355398,7.716359576826327,2.5143532935880635,1.2070791563745715,-1.0,1.201,1.699295666173802,0.9083212503201071,0.0,0.0,0.0
"[7.82311, -0.504234, 0.0184425]","[0.0, 31898090.0, 32173800.0]","[0.0,0.5,1.0]",278915,9.359343801320492,8.972085008333389,0.1748719434807244,0.1365291997597312,26815.090840777662,3.0738471247338706,10.50257123255856,3.483640075867248,-1.0,0.923,9.743679640170194,2.518545290967957,0.0,0.0,0.0
"[3.39104, -1.37719, 6.20326e-05]","[0.0, 3088283.0, 7117201.0]","[0.0,0.5,1.0]",198720,9.75693448147262,9.341866295700331,0.3437078865684473,0.4485676634050914,62284.33454958757,6.2790580033745504,3.728263109354295,1.059109375571632,-1.0,0.979,1.9503262625834308,1.2429044497481172,0.00834162773907435,0.0,0.0
"[2.90272, -0.715432, 8.73631e-07]","[0.0, 7371536.0, 12988110.0]","[0.0,0.5,1.0]",157049,9.919872597266364,7.251908787248805,0.1445541648960977,0.0744487082515808,59487.54665292148,6.035402181870323,4.825496419520254,0.8105524354594538,-1.0,1.219,1.380968230592776,0.6855912967272754,0.0007576090138075735,0.0,0.0
"[-4.77775, 2.49328, -1.64641, 5.91106, 2.47468e-07]","[681305.9, 0.0, 1141006.0, 654054.1, 6117759.0]","[0.5,0.0,0.5,0.0,1.0]",184927,9.500655827604485,8.414973183394903,0.172524603660913,0.7261879230873256,45019.09781939429,4.7548455718566665,6.155430494006583,0.9713333594278316,-1.0,1.27,1.5337473700567736,3.411471552715665,0.00048320100467057344,0.0,0.0
"[2.48509, -1.57698, -3.21394, 4.44768, 0.00824415]","[0.0, 1132416.0, 825149.4, 717207.2, 1391691.0]","[0.0,0.5,0.5,0.0,1.0]",397116,9.931888781917698,5.4343495939880695,0.273860706793415,0.5201861058234724,184934.520611044,16.380563878565777,1.372819757494158,0.2505160753866094,1.742,1.742,0.39491775568430604,0.6934192651637116,0.3145927371772447,0.022746183683094924,0.0
"[1.90062, -0.227772, 2.20929e-07]","[0.0, 19544220.0, 30294380.0]","[0.0,0.5,1.0]",227554,9.55328616365294,8.103958769427342,0.1916624622715455,0.1246478245774749,63438.56455973784,6.379301842338749,4.179673609115466,0.5715126251408186,-1.0,1.915,0.7879043100930441,0.2727570573153722,0.00026862856501002073,0.0,0.0
"[-1.44932, 2.6749, 0.000936351]","[2547742.0, 0.0, 2961224.0]","[0.5,0.0,1.0]",199906,9.161256523496762,6.834238779670604,0.250168634364636,0.6923398063493006,123419.92086235691,11.416559420823864,2.1008519261715164,0.1047903574063188,0.35,0.35,0.17138590297161185,0.12615470845285648,0.003206569526249648,0.0,0.0
"[3.60724, -1.7476, 0.0018423]","[0.0, 3570982.0, 5136722.0]","[0.0,0.5,1.0]",299907,10.094530962921922,8.640188982684526,0.2766760415893229,0.0250797400611279,41660.37899117942,4.451749143657286,6.267438759094468,2.0521973243058285,-1.0,0.373,3.8976840878562635,2.712939663546735,0.0880844593579768,0.0,0.0
"[-0.370754, 2.58422, 0.00547455]","[4651389.0, 0.0, 4850640.0]","[0.5,0.0,1.0]",351928,9.984538231224446,7.363855146421388,0.2419422492173681,0.0302092699417072,217961.82994122207,18.99763348268184,0.8306136210772256,0.1010342626893704,0.512,0.512,0.16241772318247,0.061519330304589434,0.007475545510769064,0.0,0.0
"[-0.691788, 1.59623, 0.0116439]","[1264584.0, 0.0, 1356257.0]","[0.5,0.0,1.0]",194920,11.052848896343455,9.18175523092456,0.3147808841813664,0.632658537545504,19706.970203345147,2.381564377025888,12.25027159424849,4.604185602713278,-1.0,0.562,5.817019998528405,3.8615694688986886,0.0,0.0,0.0
"[2.68939, -2.60343, 2.92619, -0.833021, 1.66302e-05]","[0.0, 590331.1, 205804.2, 2093593.0, 5156546.0]","[0.0,0.5,0.0,0.5,1.0]",357825,10.275151326340197,8.11269149916888,0.3534561561047004,0.7186980365650331,79041.19593390511,7.718788940838082,2.9797076454402687,0.3879333231465034,-1.0,0.918,0.9192939374447727,0.6259361571296822,0.35406668240511713,0.0015819976092248656,0.0
[3.30564],[0.0],[0.0],159970,8.785763771621745,8.661352918168738,0.0440751902047296,0.2534897884064008,39361.5209882222,4.24274481212218,7.487237738457392,1.10951458709247,-1.0,1.01,2.0172549690545347,0.0,0.0,0.0,0.0
"[-1.20091, 1.93337, 0.0278022]","[1087601.0, 0.0, 1156870.0]","[0.5,0.0,1.0]",216725,9.930618229210875,5.6696217867009615,0.3198865755584915,0.6289178685338505,38421.88913761988,4.156924904764077,10.020873117330927,1.0765258278570586,-1.0,1.016,1.4968626141049899,1.1932997208805933,0.0,0.0,0.0
[3.2747],[0.0],[0.0],372142,10.075936655689654,9.933765492877288,0.1169631071546437,0.0131198061058297,153571.35016521727,13.867103984070194,1.048770431445251,0.5147748872288562,-1.0,1.1,0.9315434404001222,0.0,0.0,0.0,0.0
"[1.40021, -0.272839, 0.00666316]","[0.0, 1500655.0, 1554299.0]","[0.0,0.5,1.0]",17570,11.00287348842621,10.644673418083054,0.3846331503176631,0.2623841465267327,16175.979279211446,2.025059820148047,13.07127685990838,5.792872304347889,-1.0,1.218,6.854732992310889,3.0625736348381216,0.0,0.0,0.0
[3.04733],[0.0],[0.0],132690,10.418955496158048,10.305834234763962,0.1127318077976255,0.4971599632283516,111991.3820504418,10.476495127868738,1.522710833768813,0.5717144578479196,1.24,1.24,0.9980192511608857,0.0,0.0,0.0,0.0
"[4.16443, -1.7313, 2.01929e-06]","[0.0, 3612921.0, 12022770.0]","[0.0,0.5,1.0]",311873,9.711753377646264,8.025320649691286,0.0548944068001564,0.1047074578377909,34907.767282483575,3.833774559543959,8.415892085715091,2.4647849131781996,1.847,1.847,5.029870574808129,3.243136227497713,0.003502501857660022,0.0,0.0
"[2.38878, -3.68286, 0.0649883]","[0.0, 1022994.0, 1139152.0]","[0.0,0.5,1.0]",34475,11.896680010876548,5.926366145983906,0.5920788815921948,0.2617329292565736,8606.746525404644,1.2123029686724365,34.28326984304318,7.22231917717624,-1.0,0.458,17.89128717349945,0.0,0.0,0.0,0.0
"[1.75075, -0.235128, 0.0190672]","[0.0, 5902094.0, 5957205.0]","[0.0,0.5,1.0]",42804,10.736037870667548,10.708978907305942,0.264419818889267,0.2663949366003383,13004.347014008094,1.694581015773974,16.09687158582579,8.446736638248622,-1.0,0.621,11.176376435712843,4.258656642999833,0.0,0.0,0.0
[4.65099],[0.0],[0.0],77239,10.646859952439703,9.02195934286406,0.1216290579696518,0.1047687772831554,91039.96745238312,8.732478970893837,2.2016152415261683,0.6697869118617533,-1.0,0.749,1.444472771399064,0.0,0.0,0.0,0.0
"[3.09971, 0.00144747, -0.0805507]","[0.0, 146323600.0, 144857200.0]","[0.0,1.0,0.5]",273176,8.205714256433607,8.008027586937398,0.2771697589189387,0.1857701920002955,105950.0324401266,9.976564825241065,2.4693647642132848,0.3822768625557736,-1.0,0.806,0.6730363880037311,0.10849573653542169,0.014543964260780185,0.0,0.0
"[2.91402, -0.761208, 0.00931072]","[0.0, 1351792.0, 1507829.0]","[0.0,0.5,1.0]",40485,28.407593129808298,8.436316548511257,0.3238987941653949,0.4313920433551795,30386.82169186077,3.412284560658472,4.065733714191631,1.3296658795256324,-1.0,0.909,2.269806255509492,1.1671700147161852,0.0,0.0,0.0
"[-3.00477, 3.87219, 11.4887, -9.6879, 5.44131e-06]","[2032896.0, 0.0, 1331279.0, 1364083.0, 7841390.0]","[0.5,0.0,0.0,0.5,1.0]",208486,8.611060764235024,6.422077792937568,0.1401472200481959,0.0684328314779726,31504.39599629175,3.517140231126536,12.56671905007522,1.408103705452409,-1.0,0.913,2.7708497128289546,6.924287512181233,0.0032846294002366917,0.0,0.0
[3.1044],[0.0],[0.0],48402,8.45230459350362,5.570161933364513,0.6780465793312138,0.0724123007609396,18767.449572757985,2.2876912449304103,24.4900868539834,3.111371010987635,1.067,1.067,5.482020287352404,0.0,0.0,0.0,0.0
"[1.65857, -0.405979, 0.000168241]","[0.0, 12785140.0, 14513620.0]","[0.0,0.5,1.0]",228909,36.99336507401392,36.80994397740849,0.1259626542988138,0.2482531911314396,91756.98258258206,8.792674564467598,0.2388604630979044,0.8304404145064922,-1.0,1.193,1.069486678487657,0.5291274121170034,0.010771455636201315,0.0,0.0
"[-1.95421, 4.75102]","[3430010.0, 0.0]","[0.5,0.0]",110198,8.740416414070987,6.306866846873241,0.1833309145847421,0.1809137928686832,84152.38793648852,8.152127125206444,3.887290792729684,0.5229087089513724,-1.0,1.537,0.7309900922788694,1.1397754656948502,0.0,0.0,0.0
"[-0.767928, 2.36712, 4.70425e-05]","[9434448.0, 0.0, 12439800.0]","[0.5,0.0,1.0]",54922,9.157450315099704,8.226804964539003,0.6573297522067417,0.2851287784789893,83220.49436215813,8.073295982216356,3.0279450116287614,0.6316217242160109,-1.0,1.964,0.9717782985031117,0.5534995987433539,0.0043321377312686895,0.0,0.0
"[-0.439086, 3.10542, 0.0009928]","[7003761.0, 0.0, 7966607.0]","[0.5,0.0,1.0]",79347,9.146639501328714,8.333274833964914,0.3621695580907794,0.0826542105179498,45031.67203191972,4.755975469297412,6.401490889217002,1.707432244104587,-1.0,2.115,3.0088715745658816,1.131405468911119,0.05379901977877412,0.0,0.0
"[1.64921, -0.166995, 0.00897129]","[0.0, 4419571.0, 4464306.0]","[0.0,0.5,1.0]",270717,10.039531772570063,9.088958975314736,0.1450077783577657,0.5064570689607863,135506.79980027978,12.403624722621387,1.3469114879872048,0.3684470893273072,-1.0,0.646,0.47316554187956356,0.154557423313239,0.0,0.0,0.0
"[1.46027, 3.76977e-05, -0.150832]","[0.0, 12360180.0, 10796480.0]","[0.0,1.0,0.5]",61646,9.888342066141414,9.822085911676078,0.5618293723601686,0.4343854428652161,28163.95805573813,3.202286090992432,8.833625265376376,3.208446857088885,-1.0,0.787,3.8771395407166045,1.2460675753753707,0.019699367275340236,0.0,0.0
"[1.52386, -0.220543, 0.00020402]","[0.0, 6846458.0, 7890817.0]","[0.0,0.5,1.0]",90520,10.59956525662767,9.586628797597266,0.3920535092672863,0.614215306487702,12743.057184762132,1.6668133006439734,18.160174592997365,3.0196666630013205,-1.0,0.836,3.727619192118731,1.4187518118104152,0.0,0.0,0.0
"[2.67049, -0.353658, 0.00387182]","[0.0, 14504700.0, 15003570.0]","[0.0,0.5,1.0]",70055,29.28977229996181,8.932464632490714,0.1664500205528445,0.3525785790035247,11149.63092168436,1.4953298607532048,9.74798794160546,1.032853051716342,0.87,0.87,1.6878506490365537,0.6175820605341696,0.0,0.0,0.0
"[2.53745, -0.294894, 2.46982e-05]","[0.0, 60375870.0, 65358170.0]","[0.0,0.5,1.0]",224550,10.04922899740382,5.595063839823278,0.0603048213413297,0.2615209089015096,63232.90282847867,6.361453489502152,5.549899163147972,0.4275388197741067,-1.0,0.896,0.6810426349744841,0.23217129415839888,0.002124751798828608,0.0,0.0
"[2.51885, -0.989007, 0.000119462]","[0.0, 5744623.0, 8194908.0]","[0.0,0.5,1.0]",224831,9.201570798168762,6.726818668054522,0.2824048816708197,0.303901525855979,183136.432931424,16.237277199108235,1.228328918420318,0.1992602558965296,-1.0,1.172,0.31624366648908275,0.19816199526427378,0.0021778881624454553,0.0,0.0
"[-2.14938, 4.03874, 0.000447225]","[2128338.0, 0.0, 2964336.0]","[0.5,0.0,1.0]",249638,18.231371943556244,15.38496062872901,0.2698561703225468,0.7291785918449847,38358.19799751154,4.151099023300664,2.603023340310231,1.5840357615751213,1.461,1.461,3.1833759429641786,2.3223174410549112,0.03349870501207898,0.0,0.0
[3.64063],[0.0],[0.0],324610,32.18419462159301,21.649929407243345,0.6866848432280027,0.1639067709519329,62890.62097738358,6.331735665063182,0.6806945583361287,0.6394864143884623,1.697,1.697,1.2201678966654215,0.0,0.0,0.0,0.0
"[1.84208, -0.406679]","[0.0, 24859580.0]","[0.0,0.5]",306807,8.984168918869777,6.487366798825632,0.1290829900539055,0.6129199750570903,165759.35780386912,14.84761076268482,1.4861705204684834,0.2698591318982169,-1.0,1.767,0.36626157836295664,0.17209291559135315,0.0,0.0,0.0
[5.47999],[0.0],[0.0],387875,9.793698032491635,9.696290545453548,0.2789183590491094,0.7495998320766012,52127.92130138176,5.38861169821584,4.478001497856412,1.6416854674573031,-1.0,1.895,3.843083642407464,0.0,0.0,0.0,0.0
"[2.10641, -0.340418, 0.0044981]","[0.0, 12094280.0, 12879940.0]","[0.0,0.5,1.0]",44510,10.042826342395225,3.8641901794380575,0.3543987798519397,0.081663269132843,27745.164808725043,3.162494207248088,19.99636235067076,1.6501355672241949,-1.0,1.938,2.3949203770125136,0.9691173274373334,0.0,0.0,0.0
"[1.58834, -0.165566, 0.00126316]","[0.0, 6672473.0, 7001592.0]","[0.0,0.5,1.0]",68068,10.350442233913798,7.710758745824711,0.3131425401805016,0.4947881775366979,62415.943870612784,6.290497162548784,4.16844877327862,0.9126484923296594,-1.0,0.425,1.1502050690672203,0.3727687713411844,0.0,0.0,0.0
[3.75829],[0.0],[0.0],252411,10.06608004594223,8.602003502299082,0.324296547842568,0.2220973800088546,24182.181030292504,2.8206898214602374,11.403735572939407,2.9711410931449005,-1.0,0.793,5.759946110411207,0.0,0.0,0.0,0.0
"[4.64783, 0.000475664, -0.0266802]","[0.0, 45815930.0, 45516990.0]","[0.0,1.0,0.5]",97744,10.42088120732483,9.88404529441176,0.4935357968081425,0.5937708105704593,131401.62283227255,12.069142503132856,1.269578822705539,0.1483677333574832,-1.0,0.842,0.31986342214557545,0.024234496565114404,0.0032358591076951998,0.0,0.0
"[2.94847, -0.44852, 0.0688941]","[0.0, 655859.5, 658139.2]","[0.0,0.5,1.0]",141231,10.476269657312622,6.7712282546062585,0.2170501618110726,0.4624577270496517,44562.347042892594,4.713776545514639,6.93222549744675,0.9788272958968852,0.989,0.989,1.6807550637792945,0.7040851772870235,0.0,0.0,0.0
"[1.86421, -0.273825, 2.24281e-06]","[0.0, 12742890.0, 17952400.0]","[0.0,0.5,1.0]",79449,9.54741355834669,8.770215895689535,0.1045592559262175,0.3785935280304662,62396.04579143272,6.288767869336317,3.993439063558288,1.505769378777232,-1.0,1.574,2.055918420663715,0.7879433767070118,0.0022550423532203337,0.0,0.0
"[3.04267, -0.137837, 0.000274767]","[0.0, 9974094.0, 10898260.0]","[0.0,0.5,1.0]",4181,9.630828601420324,4.801889938315697,0.1165746513345247,0.474943394454106,37924.10814803066,4.1113641573462365,12.064861574333456,0.7463265212872576,-1.0,1.702,1.3018360722200064,0.2773602471969998,0.0,0.0,0.0
"[3.37222, -0.6851, 0.00255939]","[0.0, 2105242.0, 2431392.0]","[0.0,0.5,1.0]",31295,9.877138912522422,5.906735614716623,0.2573139842358983,0.3273992202618956,35489.302786433465,3.8875023816875793,10.61673716908287,1.4174321347360586,2.034,2.034,2.6029164276719237,1.175408868886914,0.0,0.0,0.0
"[1.77982, -0.190115, 0.000353133]","[0.0, 8727221.0, 9543925.0]","[0.0,0.5,1.0]",201085,10.000264351526964,8.68954635158973,0.0110284755122188,0.2554062984960512,66936.31353005407,6.682024395124207,3.5490362591913707,0.6229515004263868,-1.0,0.672,0.8310789406606733,0.2716204273312835,0.011706400770302171,0.0,0.0
"[2.21473, -0.422328, 0.00052743]","[0.0, 5835752.0, 7189608.0]","[0.0,0.5,1.0]",356756,9.057074231776468,6.668151910385997,0.7349344555675926,0.3847006441492726,100807.77495677987,9.549235438119172,2.8414985313591385,0.4829831103344037,-1.0,0.703,0.7187739654149686,0.31387511283161207,0.011092114865078018,0.0,0.0
[4.04697],[0.0],[0.0],286131,10.229408805681064,5.875118916641212,0.0225501191353888,0.2013672896275795,30247.232181170948,3.3991544390109985,12.36546094375224,1.058430167773499,0.727,0.727,2.1292526786931703,0.0,0.0,0.0,0.0
"[-0.245649, 1.83013, 0.00516374]","[2909336.0, 0.0, 3000019.0]","[0.5,0.0,1.0]",69613,10.042766397349531,6.616299632510616,0.2158501603155787,0.3957166589026801,75972.26141105084,7.457406810014884,3.8053666913785578,0.9204505431344095,-1.0,0.752,1.2452066415292573,0.4609727515277129,0.0,0.0,0.0
[3.02185],[0.0],[0.0],284166,9.147361710824452,7.1284169943637306,0.598622100976992,0.0142697505121414,32057.422345830422,3.5688595263766425,10.737969273892183,1.7133241333753308,-1.0,0.985,2.978351723180663,0.0,0.0,0.0,0.0
"[-0.587327, 2.03203, 0.00293768]","[18755030.0, 0.0, 19523640.0]","[0.5,0.0,1.0]",354905,48.88928170190002,21.303321492831444,0.0070615655620388,0.3934238870711445,92091.8114845114,8.820770646197538,0.3056589011157403,2.1106053849492565,-1.0,1.161,3.008652985061186,1.617510188721583,0.11439559068277379,0.0,0.0
[3.51557],[0.0],[0.0],195712,10.135542279535851,6.453231857428715,0.1727022296500128,0.1356374152426367,21772.09884173939,2.585736545104133,16.13343091217744,1.247707877405473,1.244,1.244,2.339433970348154,0.0,0.0,0.0,0.0
"[4.23331, -0.344836, 8.62546e-06]","[0.0, 26641290.0, 30601250.0]","[0.0,0.5,1.0]",137951,9.523938824253165,8.909726593083903,0.1143690611205349,0.2535284629467491,45890.87047934188,4.8331068149646255,5.724442979606792,1.3158503465370357,1.439,1.439,2.707363287134266,0.7727033561504115,0.003864538443654815,0.0,0.0
"[1.54194, -0.255378, 1.03929e-05]","[0.0, 4655421.0, 5748349.0]","[0.0,0.5,1.0]",256021,10.859212324310668,3.719873813919329,0.0478495889585636,0.0325603528945244,86774.29211462314,8.373515535232492,5.044168498494778,0.325652058684776,-1.0,1.534,0.4043780422974598,0.1645680672839462,0.0010498377916692506,0.0,0.0
"[1.98009, -0.259629, 0.0029943]","[0.0, 5588296.0, 5864461.0]","[0.0,0.5,1.0]",29694,9.242747232567057,9.202927051114449,0.2338953653256097,0.2038180620779007,101671.01047841816,9.621092796355786,2.1037750846168475,0.3476729638497389,-1.0,0.285,0.48923034316399844,0.17715259571404315,0.01902473320139788,0.0,0.0
"[1.27799, 0.0260693, -0.148362]","[0.0, 4275414.0, 4270513.0]","[0.0,1.0,0.5]",134442,8.993714717533583,8.769999048168161,0.2323572258396126,0.0986763793641272,50028.8605693789,5.202480179246464,5.491282879986666,1.1843901353047557,0.484,0.484,1.3389319634515033,0.49466022452231523,0.0,0.0,0.0
[4.75974],[0.0],[0.0],366952,8.601439772781278,5.41815280746532,0.0597895611400693,0.2623619748330108,203645.9240701841,17.866526296143096,1.3449712789881183,0.1841055036086852,-1.0,0.53,0.4016598173671307,0.0,0.0,0.0,0.0
[3.31577],[0.0],[0.0],163905,28.110657505979063,23.695312821528404,0.215747403418826,0.4169599744448853,142299.63302493724,12.95548172608374,0.240470583142145,0.7653271173108249,0.919,0.919,1.393603731725037,0.0,0.0,0.0,0.0
"[3.99139, -0.0871694]","[0.0, 26179660.0]","[0.0,0.5]",64078,10.604918063290269,9.681740929308772,0.2765388310554858,0.2095550275769692,42131.918675975205,4.494459002519933,5.396489831953173,1.391417431773793,1.088,1.088,2.7798382240903874,0.4108085447455419,0.0,0.0,0.0
"[1.9239, -0.354345, 9.8251e-05]","[0.0, 4721236.0, 5686001.0]","[0.0,0.5,1.0]",320711,9.538504940765984,8.621416598517476,0.0385938929889819,0.6244476221770694,44426.20273185567,4.701526335930934,6.105257904354207,1.2016466816959626,-1.0,1.431,1.666740693379484,0.7153028345038748,0.011910919272226025,0.0,0.0
"[-0.614003, 1.8128, 0.000164833]","[2055126.0, 0.0, 2671637.0]","[0.5,0.0,1.0]",381462,12.058696734820346,8.673273345569719,0.0516778743725275,0.465312410527522,38797.329904028025,4.191243635669045,5.865719460481443,0.6601010160896286,-1.0,1.441,0.8887617338156908,0.5172442218002887,0.008474859026457697,0.0,0.0
"[3.44569, -0.111378, 7.80196e-05]","[0.0, 45546630.0, 47984540.0]","[0.0,0.5,1.0]",391416,9.24877087273146,7.711286221352862,0.1718636651799356,0.0090754211274075,39185.06804813083,4.226646468609099,7.954323339480217,0.6595985922514251,-1.0,1.551,1.2243844951646987,0.22013009834278247,0.005826148899928807,0.0,0.0
"[1.97792, -0.453526]","[0.0, 10416080.0]","[0.0,0.5]",125521,8.860269824666288,4.470858022742862,0.5974150459249893,0.2315305509194336,41043.25593571291,4.395772106395443,12.533489370437456,1.495853484880912,-1.0,1.858,2.1037465584018933,1.0073726423182865,0.0,0.0,0.0
"[4.74203, -1.12662, 0.000126228]","[0.0, 8418320.0, 12562670.0]","[0.0,0.5,1.0]",265782,9.585781353299376,5.539240966569438,0.0392378487143342,0.4095731530895415,72600.98939360121,7.169168458409548,4.885413575942302,0.2540809568297281,-1.0,2.247,0.5532918394614761,0.26968751687146925,0.002854630928298865,0.0,0.0
"[3.46908, -0.162152]","[0.0, 16250780.0]","[0.0,0.5]",310419,10.71395140031219,9.581292329619131,0.074141717472789,0.2092325010178969,91865.18240648149,8.801754754949695,2.057286600894173,0.2375853455052325,-1.0,2.466,0.44251378786574586,0.09567110812395149,0.0,0.0,0.0
"[1.47493, -0.197016, 0.000266255]","[0.0, 9915566.0, 10700040.0]","[0.0,0.5,1.0]",273264,9.960239384108252,9.318483907235654,0.4373293981586314,0.3247576577111659,20507.684678174348,2.4610675797620445,12.679567656801972,0.6940161537705776,0.536,0.536,0.8428596893373641,0.3082574566358988,0.0,0.0,0.0
[3.86129],[0.0],[0.0],111909,9.805676052248536,7.725819873919292,0.3557048055904252,0.5581566430728552,17535.377683478757,2.163545858932628,17.48252553585049,4.804874201313207,0.543,0.543,9.441657275175544,0.0,0.0,0.0,0.0
[3.12048],[0.0],[0.0],194828,10.11720057666146,9.458653469297978,0.0263328453221946,0.3267449501473706,36173.218643012246,3.950557647802485,6.807231983267755,1.4043986824620378,-1.0,0.601,2.480853477764441,0.0,0.0,0.0,0.0
"[1.52786, -0.357033, 5.38673e-05]","[0.0, 10449480.0, 12485870.0]","[0.0,0.5,1.0]",32018,18.460493140451977,17.178755501232082,0.4920068166919026,0.0223393826015978,40627.69910217859,4.358025174430309,2.198417251728064,2.038570927461539,-1.0,0.907,2.5198089077097845,1.218091761585759,0.014961957965168419,0.0,0.0
[4.78477],[0.0],[0.0],379716,10.528595502020517,9.430358753740547,0.4053220336642841,0.1872027030748601,64657.74635299059,6.484996102215128,3.315417035457677,1.1182051330446428,-1.0,0.919,2.4459750050040263,0.0,0.0,0.0,0.0
[3.38561],[0.0],[0.0],304418,9.626989939393694,6.787562112232685,0.9680601440967554,0.4752636101776538,37720.70476853342,4.09272788148154,8.96736295933031,2.190908497531741,-1.0,0.951,4.031277589009707,0.0,0.0,0.0,0.0
"[-0.365494, 1.73866, 0.00230728]","[2903393.0, 0.0, 3133215.0]","[0.5,0.0,1.0]",294093,10.269736970856975,9.822904334446314,0.3347937169728817,0.6004358827420972,72239.49161252986,7.138189238157281,2.844747066820232,1.0876442977267375,-1.0,0.955,1.434148815854967,0.6596195295327388,0.0,0.0,0.0
"[1.86526, -0.213603, 0.00159497]","[0.0, 1105486.0, 1185432.0]","[0.0,0.5,1.0]",300165,9.96372092410927,8.95961325035771,0.6982305461442112,0.3080891370625643,22403.4456898094,2.6476108377882253,12.003772683025574,2.2226267754440445,-1.0,1.054,3.035541889562856,1.031064008169665,0.0,0.0,0.0
"[-1.51371, 2.44416, 1.9538e-05]","[13137470.0, 0.0, 16703600.0]","[0.5,0.0,1.0]",224437,9.631710365672289,8.084742982971473,0.6977511368372229,0.1017619586409565,41726.30211199188,4.457723222759421,6.877759308130345,0.4387165166491668,1.084,1.084,0.6858810453060646,0.5397657515868569,0.0019392064076679545,0.0,0.0
"[-0.749249, 3.467, 6.46742e-06]","[11617410.0, 0.0, 17181360.0]","[0.5,0.0,1.0]",111113,9.6282648538195,4.846848730431005,0.0141252456402302,0.1158110466848285,50500.2789162401,5.244351936400059,8.572307390520852,0.9050881273990756,-1.0,1.472,1.6852633993384651,0.7834367754935855,0.0023017407190480525,0.0,0.0
"[1.44687, -1.10351, 0.0005646]","[0.0, 5835912.0, 7363388.0]","[0.0,0.5,1.0]",307691,11.319877960497305,9.175108455864756,0.5560667429782051,0.5146478390465421,20416.81121450844,2.452067502491887,11.614690762494954,3.266857680921585,-1.0,2.015,3.929569470275155,3.4317714082675947,0.07762482819327836,0.0,0.0
"[3.02776, -0.635528, 0.016059]","[0.0, 441648.0, 490236.6]","[0.0,0.5,1.0]",149242,9.70661161508196,7.524221827331785,0.570295514505825,0.4475394694321357,31896.867374558875,3.553856050843767,9.82466032567034,1.5039108034122184,-1.0,0.552,2.8847451588919295,0.0,0.0,0.0,0.0
"[1.98177, -0.364888, 0.0889831]","[0.0, 5962121.0, 5972930.0]","[0.0,0.5,1.0]",157026,11.035060973000627,10.421527302162492,0.4053062186687864,0.1934569545968481,35836.564565241504,3.919536601730504,5.901793069692246,3.0178707550176216,-1.0,0.826,4.248418207144137,2.0331382061886027,0.0,0.0,0.0
"[3.89587, -3.50567, 2.46156e-05]","[0.0, 7096045.0, 13642400.0]","[0.0,0.5,1.0]",331715,10.307529995188732,7.554663922601043,0.233557785294762,0.5173721804866861,38660.55740743774,4.178745715883967,7.526811769919985,1.6691925839807975,-1.0,1.327,3.2946453708085093,3.1253018037416838,0.008281550596839422,0.0,0.0
"[2.13013, -0.353961, 0.000972478]","[0.0, 24188400.0, 26550590.0]","[0.0,0.5,1.0]",199983,35.275442839844814,14.030602688427786,0.006731118514965,0.6401417246610677,17574.94784542672,2.167552405467809,3.769251344689963,5.896516281459052,-1.0,1.504,8.60594480728603,3.5081100495698667,0.18388038088533656,0.0,0.0
[3.58535],[0.0],[0.0],101883,23.76116689374461,19.98101276077708,0.2374308638706409,0.1771571755877351,53026.29257301134,5.468035458536907,1.1487823331913891,2.5279787279264,-1.0,1.84,4.78673289477056,0.0,0.0,0.0,0.0
"[2.41916, -0.347474, 0.000989308]","[0.0, 17051010.0, 17580250.0]","[0.0,0.5,1.0]",72675,10.589876907583136,8.848870746724744,0.0513632493541419,0.2312387748706444,55734.04551182361,5.706605127818018,4.18134779568058,1.697716529814207,1.956,1.956,2.640568715821182,1.0007516943006995,0.053398731168340985,0.0,0.0
"[2.78416, -1.11343, 3.10619e-05]","[0.0, 17895860.0, 22572870.0]","[0.0,0.5,1.0]",151163,10.132483547798872,8.928547153921485,0.0062976775713933,0.2147864126250187,53158.37693557905,5.479701156421007,4.55691210738675,0.5899834301504118,-1.0,0.579,0.9844346904146317,0.622545751774039,0.0032881666720431706,0.0,0.0
"[-0.79419, 2.90705, 0.000248542]","[13692640.0, 0.0, 17117900.0]","[0.5,0.0,1.0]",232894,9.632310405332754,8.398362714742499,0.6232555374901406,0.2423918382059889,53847.59484138092,5.540525449218923,4.925322512749256,1.2902547246953338,-1.0,0.679,2.1998937649306955,1.1498406689753529,0.020341142976058473,0.0,0.0
"[-3.05227, 2.25182, 0.0131976]","[862917.8, 0.0, 1076725.0]","[0.5,0.0,1.0]",304720,9.906267004478236,8.552396820954172,0.3382890053251522,0.6275228458095643,85129.21024892565,8.234677066928406,2.667326722181392,0.574463966333985,-1.0,0.708,0.8620443871929523,1.0057989029354655,0.0,0.0,0.0
"[1.82064, 0.00477637, -0.197543]","[0.0, 2894006.0, 2783174.0]","[0.0,1.0,0.5]",133299,9.598547758130724,6.95141486076921,0.2840573810152904,0.5868554267188297,212799.8214239693,18.590321006345523,0.9324549750475256,0.1841571767074829,-1.0,0.748,0.24848529233718122,0.08185014831060816,0.012727339504802782,0.0,0.0
"[2.11593, -0.367702, 0.00710035]","[0.0, 6745780.0, 7080491.0]","[0.0,0.5,1.0]",253124,10.674519147409107,9.033315081618808,0.2534625089591549,0.4442778124305796,37408.1798176053,4.064070474143061,6.519707463310501,1.3412545695615548,-1.0,0.909,1.9510206345487402,0.8211308467227136,0.0,0.0,0.0
"[1.6138, 0.0137417, -0.174839]","[0.0, 8346438.0, 8265925.0]","[0.0,1.0,0.5]",400622,8.844985159762732,8.104096633548625,0.3583173740886318,0.2009895234104342,13148.366727274471,1.7098458313259026,23.64737234233994,3.1636131657786155,-1.0,1.034,4.018909529502444,1.3738268374476632,0.0,0.0,0.0
"[1.51759, -0.252356, 6.5717e-05]","[0.0, 15586630.0, 18144160.0]","[0.0,0.5,1.0]",137876,8.586175744312877,5.976156761124672,0.5240357903444033,0.533635492331228,36399.18116259102,3.971360228470235,11.422820722442816,1.8638527355200187,-1.0,1.074,2.296089557842813,0.93630730751436,0.015109512774870786,0.0,0.0
"[1.60856, -0.168866, 1.44539e-06]","[0.0, 18409750.0, 22516980.0]","[0.0,0.5,1.0]",390367,9.9023688602303,9.382976960035151,0.4112947411959679,0.0771026458670851,19324.33301695765,2.343412593600718,13.419086763578388,4.51100031730478,-1.0,1.259,5.721257438764929,1.8537192749180555,0.005423321873164305,0.0,0.0
"[1.80619, -0.345761, 7.72199e-05]","[0.0, 3902303.0, 4650555.0]","[0.0,0.5,1.0]",100671,29.77548940685596,23.48322709104021,0.5507609294534986,0.6483769888095596,51029.61775611682,5.291320070748616,0.872276357933605,0.4540797280284959,-1.0,1.945,0.6102584904152542,0.2670054440777708,0.003990218989394542,0.0,0.0
"[2.06548, -0.529091, 0.0321186]","[0.0, 1836337.0, 1876947.0]","[0.0,0.5,1.0]",37395,7.993743675676665,7.06573558663251,0.0417217903832247,0.5005623459527928,55779.70581008169,5.710617897483142,6.365048602607364,0.1147680736838314,-1.0,0.938,0.16494212649671958,0.08597726742623372,0.0,0.0,0.0
"[-1.13539, 2.39138, 0.000941908]","[1752740.0, 0.0, 2409629.0]","[0.5,0.0,1.0]",67238,10.970085904913494,5.082508521356899,0.2213233403516624,0.4437108114692122,56117.77096123405,5.740317582438131,6.538375490577608,0.8766451957102936,-1.0,1.006,1.3556517950343583,0.9341064900216003,0.026904696656625284,0.0,0.0
"[1.60364, -0.263924, 0.000113822]","[0.0, 8163324.0, 9713114.0]","[0.0,0.5,1.0]",131523,10.252684267657385,7.06114464255894,0.2672556971568512,0.2313710819505184,35164.87288522214,3.857541148287746,8.914583538099283,2.257355812605455,-1.0,1.157,2.858600463284321,1.1596834568457213,0.02408314085702064,0.0,0.0
"[1.85651, 1.95501e-05, -0.1999]","[0.0, 44733100.0, 37395790.0]","[0.0,1.0,0.5]",205020,7.884389718263946,7.487398616637104,0.1453085529180462,0.7994001119037041,88416.72927398008,8.511904335228415,3.428257972335272,0.3728299417604622,-1.0,2.666,0.5079949903517581,0.16669292989828516,0.0016484860433791488,0.0,0.0
[3.31876],[0.0],[0.0],308173,8.91302496760988,7.5863955581917635,0.4208573930577322,0.0863152187101088,46264.86843957668,4.866632471588992,6.857371499920369,1.0723971323444137,-1.0,0.344,1.953635631138315,0.0,0.0,0.0,0.0
"[-1.0781, 2.52293, 0.000508396]","[30458580.0, 0.0, 32617750.0]","[0.5,0.0,1.0]",351603,10.994453992503892,5.96884920273357,0.5874867386191409,0.0637493162828642,81969.34424834554,7.9673363087769715,3.51595759731529,0.6394267080744104,0.505,0.505,1.015648362715225,0.6639269461471566,0.014417562233587521,0.0,0.0
"[-0.904711, 2.38674, 0.000168542]","[26632450.0, 0.0, 30088100.0]","[0.5,0.0,1.0]",404343,10.219373306419923,9.949719513306976,0.1750035860350091,0.1923386277468301,13954.693198083996,1.7948227828681098,16.7795413216633,2.1447763113313907,-1.0,0.516,3.3134815759276215,2.040031811346011,0.027844285355699355,0.0,0.0
"[2.02404, -0.314033, 0.00690504]","[0.0, 33307640.0, 33567190.0]","[0.0,0.5,1.0]",280735,8.742441350564766,7.734220319636484,0.0760438672767971,0.0113800714086362,43548.2982189566,4.622434058921046,7.357722093689762,1.0940591427039632,-1.0,0.525,1.5565043732255268,0.6197997514568659,0.0,0.0,0.0
"[4.0532, -0.0178121, 7.78596e-05]","[0.0, 31184730.0, 31928310.0]","[0.0,0.5,1.0]",331837,10.646078803424553,10.520175698214803,0.090014774770767,0.0850411731106721,68276.24313145882,6.797590651316963,2.799699831365228,1.1213391630320866,-1.0,0.931,2.2575428755584763,0.1496561445065172,0.009894482264052864,0.0,0.0
"[1.37396, 6.80049e-06, -0.178999]","[0.0, 13067290.0, 10399430.0]","[0.0,1.0,0.5]",360703,37.74806664151527,28.51758565062307,0.2285900668487659,0.2042778322753569,31038.58945256211,3.473492206128592,1.0757740727830547,2.5411693883156143,-1.0,0.957,2.978658123068166,1.0751248929395372,0.0066267977820569915,0.0,0.0
"[3.40366, -0.251127, 0.0026514]","[0.0, 537649.0, 572053.4]","[0.0,0.5,1.0]",335713,10.236491124412456,9.613023986215378,0.8071154909888458,0.5111857969538969,74823.19788274723,7.359297313363048,2.7775767234880497,0.4829315814453949,-1.0,1.326,0.8909609968310723,0.2432836565439375,0.0,0.0,0.0
"[1.67743, -0.303878, 0.00852145]","[0.0, 7750878.0, 7947072.0]","[0.0,0.5,1.0]",273549,10.411474272394072,10.308181627554124,0.5452279350334109,0.3418083604628515,31657.041444130675,3.531427062513632,7.168337103308807,2.180050341583437,-1.0,0.295,2.823506067674358,1.2184891116909866,0.0,0.0,0.0
[3.90367],[0.0],[0.0],342834,8.941102689709776,7.918342285889535,0.9141431203799102,0.1296507818812923,40203.644850124925,4.319462574104071,7.765802317434552,1.775237006466037,-1.0,0.307,3.5074613262854704,0.0,0.0,0.0,0.0
"[2.41701, -0.481873, 0.195436]","[0.0, 13276320.0, 13280720.0]","[0.0,0.5,1.0]",376459,6.448980988122544,5.634975297798002,0.1791566515632214,0.2421479645881045,71037.45910590555,7.035075256545152,6.808951032649171,0.2656197712147774,-1.0,0.471,0.41295204572893146,0.21860184422820614,0.0,0.0,0.0
"[5.84204, -0.300008, 0.00118089]","[0.0, 28995610.0, 30426260.0]","[0.0,0.5,1.0]",34729,9.903797602269162,6.521468285932593,0.3310983829033169,0.3397936430583871,48585.27228024252,5.074000774194179,6.765124266092528,1.8002952402722805,-1.0,0.795,4.351369831324502,0.9860754606761724,0.061865489811048155,0.0,0.0
"[2.79094, -0.380448, 7.53702e-06]","[0.0, 5919907.0, 8960458.0]","[0.0,0.5,1.0]",389838,9.37898467695598,5.497940391409951,0.3361037282351118,0.429221012241744,32473.898647869875,3.607737912285524,12.993090036050084,1.4961833880919622,-1.0,0.886,2.49953992762378,0.9228528998189742,0.004107567059385869,0.0,0.0
"[2.83125, -1.43485, 0.000346111]","[0.0, 796397.4, 1341355.0]","[0.0,0.5,1.0]",5599,8.754447571430577,8.31071414158349,0.1997336933129248,0.1514372811980113,35075.96943463607,3.849325014492425,8.852740782817614,2.205435597286421,-1.0,1.055,3.710936216712607,2.64210458398597,0.0,0.0,0.0
"[-0.336967, 2.15205, 5.31461e-06]","[24545310.0, 0.0, 28962580.0]","[0.5,0.0,1.0]",349999,9.03772515380172,8.393013706220097,0.0557714753294278,0.0012048604582781,41091.110183574034,4.400115784601825,7.147704790316167,2.1345512643240143,-1.0,1.087,3.131358331253969,1.239082647973444,0.004920874506233197,0.0,0.0
"[3.27058, -0.317205, 0.0159501]","[0.0, 359788.8, 368916.5]","[0.0,0.5,1.0]",105348,10.617750622316834,8.890471658822843,0.0450421212814476,0.2110741552779934,32840.93300272174,3.641950423228996,7.673460634209561,2.136887901618194,-1.0,1.259,4.0565624861595175,0.0,0.0,0.0,0.0
"[-0.850342, 1.8706, 2.39082e-05]","[4802152.0, 0.0, 7436440.0]","[0.5,0.0,1.0]",326192,8.14764144075982,8.090840472092037,0.2456958564925123,0.328929627416172,53984.05421757213,5.552558618033463,5.818998708808345,1.2979999477144315,-1.0,1.377,1.7752729673200196,1.1969375453833195,0.00634670211587564,0.0,0.0
"[3.57151, -0.123015, 0.00115657]","[0.0, 52451210.0, 53378160.0]","[0.0,0.5,1.0]",30410,33.80127969306498,29.191411696722188,0.1903191494647509,0.0941862886503808,84587.28118332976,8.188889675179995,0.3476804534487003,2.0363744879240153,-1.0,1.573,3.8484299222390916,0.714227689248439,0.0692538000954443,0.0,0.0
"[2.79277, -0.745053, 0.000217622]","[0.0, 2640241.0, 3456083.0]","[0.0,0.5,1.0]",5807,35.36938204967429,24.935086362597065,0.2739091465677772,0.00834744261148,51042.1128290571,5.292428260177853,0.7205949555848763,3.1255225225268704,-1.0,2.049,5.22324284582796,2.697840168569664,0.04610776079632018,0.0,0.0
"[2.06012, -0.346548, 0.000103045]","[0.0, 16469920.0, 19465120.0]","[0.0,0.5,1.0]",331676,10.40946153584954,7.872702053256648,0.6923484680197278,0.1642282373614962,30608.005198548923,3.433073830308746,9.339544580694987,2.4524777732730585,-1.0,0.636,3.5200703186396813,1.4437326510497024,0.024895367513863113,0.0,0.0
"[4.91937, -1.23339, 0.000231115]","[0.0, 561477.1, 1172561.0]","[0.0,0.5,1.0]",261957,10.423250418920173,7.507528964967944,0.2467494030884286,0.633197907570046,110520.7306048629,10.354997916654288,2.0265840772446504,0.0875141099997776,-1.0,0.652,0.19410325781935941,0.0971915015897362,0.001330430360998998,0.0,0.0
"[2.2786, -0.346722, 0.000247907]","[0.0, 3956020.0, 4792971.0]","[0.0,0.5,1.0]",113959,9.682955290247124,5.335487821762943,0.5399614946701405,0.3075216784044566,23000.0352772568,2.705860199737813,18.70343531450063,3.444096955969699,-1.0,0.694,5.1988754778946245,2.0287160905243815,0.0,0.0,0.0
"[-2.60143, 2.30558, 0.00132309]","[8660641.0, 0.0, 10043920.0]","[0.5,0.0,1.0]",51713,10.924127176726325,9.548365024589437,0.2910315953047412,0.6489662858751164,102182.3384403048,9.663633240796552,1.764449912326527,0.9256561239063188,-1.0,0.772,1.4055288899333902,1.49298605332639,0.03367009735878273,0.0,0.0
"[3.19746, -2.79236, 4.20747e-05]","[0.0, 25867310.0, 38671800.0]","[0.0,0.5,1.0]",162092,38.81342437376104,30.39881879516991,0.1477497034735857,0.4677333575999314,26431.69636921944,3.037191681557636,1.181590197923036,7.803752480581539,-1.0,0.772,13.954235434667407,13.04034826358889,0.05061905114259054,0.0,0.0
"[-1.54817, 3.0821, 0.0370046]","[263994.9, 0.0, 321602.8]","[0.5,0.0,1.0]",76981,8.888701421870907,6.689191498010231,0.0981164952462135,0.2412552342686611,6608.516841311762,0.978747070697776,46.811296826444064,11.07150978447083,-1.0,0.781,23.918752497173482,0.0,0.0,0.0,0.0
"[1.93864, -0.378729]","[0.0, 9361319.0]","[0.0,0.5]",187144,10.630064576172202,6.755469359860153,0.2248827285607,0.42235547552864,53064.88307788425,5.471444023411893,5.5792964547649575,0.8301597232185932,-1.0,0.981,1.1558733310876441,0.5108882795431953,0.0,0.0,0.0
"[2.31517, -0.523932]","[0.0, 31162210.0]","[0.0,0.5]",326294,33.23885281697412,22.10545513732029,0.6731105865370814,0.5586313521265158,36111.125826553805,3.9448386098104375,1.256036192060947,1.7235142204618978,-1.0,1.059,2.622444550595242,1.2475338353792988,0.0,0.0,0.0
"[-0.586606, 4.05818, 0.000294165]","[2159164.0, 0.0, 2578358.0]","[0.5,0.0,1.0]",152226,10.740362599126437,9.8124955611873,0.0661617356024073,0.0446508177275763,51320.08427047901,5.317071363344341,4.184814480302174,0.546282387603736,1.193,1.193,1.1004817682955794,0.4183988183066776,0.009369419803463357,0.0,0.0
"[1.58421, -0.638622, 2.24987e-05]","[0.0, 8139903.0, 11187050.0]","[0.0,0.5,1.0]",252630,9.495842472253305,7.030875081028033,0.2228147568237493,0.1595570207612214,49877.36636815885,5.189015576880882,6.356141383607638,1.7269446298334148,-1.0,1.305,2.173625840404238,1.3800675713388042,0.008191380984754934,0.0,0.0
"[2.02666, -0.694527, 0.00680876]","[0.0, 2411383.0, 2599741.0]","[0.0,0.5,1.0]",122755,10.820675737557067,4.283201898793752,0.0462453192140857,0.5662998263169625,19782.0688436194,2.38904042324403,24.24313791992393,3.512153521116955,-1.0,1.648,4.999930173492085,2.9412807662207405,0.0,0.0,0.0
[4.95972],[0.0],[0.0],38695,10.640508030848618,7.860358942927253,0.8139356485732282,0.6275004228426162,32376.500266376686,3.598650955387096,8.642752224128778,1.4224342755363817,1.735,1.735,3.1678221289996107,0.0,0.0,0.0,0.0
"[2.95196, -0.81442, 7.3026e-06]","[0.0, 9058660.0, 14833690.0]","[0.0,0.5,1.0]",282187,8.866320523917238,5.588087089525144,0.1038507626596331,0.3261269169345904,72806.91899587773,7.186809624714198,5.138612594567778,0.9112974566363884,-1.0,1.796,1.5657246623461667,0.8224024080844156,0.002462628575645719,0.0,0.0
"[-0.780364, 2.44513, 0.00126062]","[20757430.0, 0.0, 22806170.0]","[0.5,0.0,1.0]",15271,9.243811346506096,7.407314364012821,0.0003388755962758,0.6700072186582251,45114.92824625049,4.763456706545838,6.996397588070258,1.2411202857410746,-1.0,2.629,1.9407288019030386,1.096383490312593,0.04406623747909241,0.0,0.0
[3.68225],[0.0],[0.0],140484,10.044610861083342,10.02517269333897,0.4704395406601229,0.138250830734047,25911.42028757876,2.9873389274943207,9.355367517671128,1.79628867154561,0.275,0.275,3.4469324011410354,0.0,0.0,0.0,0.0
[3.72772],[0.0],[0.0],367038,10.573859456808272,7.632609563733767,0.2101259396711754,0.5213519274301043,53289.45756920465,5.491275277177169,5.01566829042474,0.6628216452133857,0.59,0.59,1.2797299212214024,0.0,0.0,0.0,0.0
"[1.85323, -0.349827, 0.017]","[0.0, 5486841.0, 5518829.0]","[0.0,0.5,1.0]",135914,31.470146188993,15.84822607069075,0.0721575461478893,0.0634070159294667,92896.26997427436,8.88823933878273,0.5533192183773088,0.9211087846771294,0.838,0.838,1.2539366184689784,0.5578810007042869,0.0,0.0,0.0
"[1.68067, -3.3405, -2.26188, 5.87684, 8.14158e-06]","[0.0, 1987831.0, 2017195.0, 1967874.0, 3899510.0]","[0.0,0.5,0.5,0.0,1.0]",240284,8.221675886177106,7.076623108673828,0.2880687523656036,0.4579175273964639,55560.08145016174,5.691313888544242,6.241454586507898,1.353749380525057,-1.0,0.891,1.7550095937928805,4.5866379545111,0.003862714574387112,0.0,0.0
"[2.72939, -0.29926, 2.83985e-05]","[0.0, 15608380.0, 19500640.0]","[0.0,0.5,1.0]",150276,10.944759704580155,6.944099860748562,0.1559628254397771,0.1962602019220576,28528.33742397809,3.2368474572468195,10.781458272504672,1.6147331116362895,-1.0,1.384,2.667678870874564,0.8833342843500649,0.008604951991440877,0.0,0.0
"[2.58745, -1.12586, 0.0546717]","[0.0, 515635.3, 533966.1]","[0.0,0.5,1.0]",299385,9.733175357988811,5.011188937358496,0.304526306483359,0.3196206814246129,83193.82952368518,8.071039258906318,4.42889249149533,0.4450372416299931,-1.0,1.425,0.7158669925342648,0.48354309044062216,0.0,0.0,0.0
[3.11281],[0.0],[0.0],264304,9.55153719851642,9.52254682750059,0.2918439277368316,0.1748801559824855,44107.85121160801,4.672865078311778,5.658408202352414,1.535198527180306,-1.0,1.924,2.70857491229782,0.0,0.0,0.0,0.0
"[-0.8092, 2.32531, 0.000587573]","[4061050.0, 0.0, 5087483.0]","[0.5,0.0,1.0]",108493,10.14926108520694,10.000272705869286,0.479806024993626,0.2256007163664838,95206.50510335024,9.081723526414397,1.9805886396186407,1.051484712330565,-1.0,0.812,1.6034055866645078,0.9458687991124085,0.025487889657108586,0.0,0.0
"[1.6095, -0.4215, 7.53807e-05]","[0.0, 6068987.0, 7433309.0]","[0.0,0.5,1.0]",324220,9.93584880122177,7.517591071190068,0.1880492384504165,0.3584548063761808,129651.96126741372,11.926350136645787,1.6953537723981869,0.3352608294497936,-1.0,1.094,0.42533224230844957,0.21766149341640045,0.0029108035651962123,0.0,0.0
"[1.67372, -0.235085]","[0.0, 19254550.0]","[0.0,0.5]",337808,9.56455561942334,7.767438353178177,0.2598509728989586,0.4724896186373255,48117.63563253307,5.032295629010336,6.056839412140156,0.5658365456142678,-1.0,2.08,0.7320359280905684,0.27434904533745236,0.0,0.0,0.0
"[2.23992, -1.34526, 0.00179908]","[0.0, 594430.1, 719482.7]","[0.0,0.5,1.0]",139982,15.808858586741827,12.335711881347924,0.0769295493681575,0.5957537831942152,61727.02639351294,6.230592158885386,2.0051824281110053,0.9932754196996028,0.34,0.34,1.4865719778487534,1.1528240022133776,0.0,0.0,0.0
"[2.95898, -0.480342, 8.84727e-05]","[0.0, 24794540.0, 31559890.0]","[0.0,0.5,1.0]",53473,8.560540353020285,7.269880811768725,0.260309613314104,0.1907045746653418,24105.51307427469,2.813265259882297,15.0666783034522,2.1663472113623667,-1.0,0.853,3.726482441858599,1.5014239713976003,0.020376646208617163,0.0,0.0
"[1.70356, -0.238162, 0.00264317]","[0.0, 27148500.0, 27788380.0]","[0.0,0.5,1.0]",37377,11.437523341501254,11.107241536158,0.287395212961588,0.131932735846945,15253.51491065406,1.9300847115482016,12.882107632609223,7.378550867045587,-1.0,0.998,9.630521224305566,3.620795351316303,0.0,0.0,0.0
"[1.75814, -0.434171, 0.000883587]","[0.0, 4543041.0, 4993096.0]","[0.0,0.5,1.0]",266240,8.71959410701209,7.780531773863939,0.3350047961133901,0.0651524482365274,38197.0705837599,4.136356408371043,8.529858109945017,0.3991100239649058,-1.0,1.025,0.5291994242009572,0.26324765522805704,0.0,0.0,0.0
"[-1.24195, 2.20439, 0.000382662]","[3231975.0, 0.0, 3841510.0]","[0.5,0.0,1.0]",337142,9.321425280217197,7.304798109254334,0.4372965961956544,0.5206864354765574,114668.68795335446,10.697359166587749,2.161413262907417,0.4009360824505171,1.144,1.144,0.5952773506794917,0.4468144383730937,0.007843010764614368,0.0,0.0
"[3.2084, -1.0273, 4.50715e-06]","[0.0, 31925600.0, 40970870.0]","[0.0,0.5,1.0]",356733,9.902468135991516,6.962022885516909,0.1753978464613363,0.7630184079154998,100032.55394365492,9.484661651982847,2.5741370731286715,0.6046538736535644,-1.0,2.205,1.083056450576699,0.6128518247531722,0.0012836831642791305,0.0,0.0
"[1.91531, -0.21021]","[0.0, 31569130.0]","[0.0,0.5]",226333,40.3625803683781,7.09345567243648,0.1317307523541349,0.6279116562622181,48674.883083119,5.081987585335316,2.168842487168729,1.7205757408060431,-1.0,2.368,2.3811860706349703,0.7888609920342899,0.0,0.0,0.0
"[2.10591, -0.263625, 0.00156337]","[0.0, 2703521.0, 2964185.0]","[0.0,0.5,1.0]",319755,11.058481420388146,8.617344560426575,0.2742797641038068,0.4575681935381119,47701.074677886245,4.995109091164819,4.976878972579893,0.9596537156636618,-1.0,0.824,1.3926258509463032,0.49418753412077043,0.0,0.0,0.0
"[-0.550015, 4.06986, 0.000833824]","[2580350.0, 0.0, 3567680.0]","[0.5,0.0,1.0]",173081,8.67701949345377,8.006079253433231,0.0928875213951712,0.1410779700603487,18265.561349508167,2.237268663535887,18.045990868335267,3.9481346193261233,-1.0,0.986,7.964924939380917,2.9302735547196446,0.0,0.0,0.0
"[2.24648, -0.295074, 0.00126617]","[0.0, 13191260.0, 13785150.0]","[0.0,0.5,1.0]",97704,23.260295832923727,15.855370352266757,0.0946339955515788,0.058228895558437,56669.91462586464,5.78878623854095,1.314362780068744,2.325209491396466,-1.0,1.124,3.4850849234087278,1.2630704042565877,0.08273858641723798,0.0,0.0
"[1.66998, -0.233462, 2.62883e-06]","[0.0, 12775270.0, 17182850.0]","[0.0,0.5,1.0]",246038,9.731183839829413,8.028809815802669,0.0637974925756489,0.3455603352589196,66564.43335396792,6.649911909058702,3.9079310036930175,0.7824478263541522,-1.0,1.18,1.0111393767042032,0.3780624019798889,0.001268634855960665,0.0,0.0
"[2.04598, -0.668528, 0.000361384]","[0.0, 22445310.0, 24919090.0]","[0.0,0.5,1.0]",183147,9.532048958109664,6.518848304232492,0.407620773284018,0.0071808039782196,29241.89568375973,3.3043693052094487,12.388068921892469,2.534925765383367,-1.0,1.271,3.6259009628356345,2.0726455888382804,0.048189198825813975,0.0,0.0
"[-1.59183, 2.18711, 9.79042e-05]","[11973290.0, 0.0, 16424000.0]","[0.5,0.0,1.0]",401505,9.486964549076609,5.127578213435659,0.3465535058802398,0.2345096377625447,48687.00184548233,5.083067617328349,8.617764523123679,1.144090915963215,-1.0,1.725,1.691982436170004,1.4434737149346653,0.01132038504263338,0.0,0.0
"[1.58528, -0.52804, 0.000846195]","[0.0, 7481432.0, 8464587.0]","[0.0,0.5,1.0]",324036,9.43774908109824,6.141429950792913,0.0066598143163306,0.0169887654913767,31200.54668517633,3.488677833061647,12.26186105146155,1.9635392467629385,-1.0,1.88,2.472251087229272,1.4279753212139947,0.0,0.0,0.0
"[2.41585, -1.40598, 0.000619174]","[0.0, 8050919.0, 11088980.0]","[0.0,0.5,1.0]",222584,9.774575532474564,7.85788935348773,0.3698724904923258,0.1660690103342242,56049.57466570199,5.734328027050993,4.904411908478111,1.074846913571614,-1.0,0.426,1.6706350798703191,1.2744892749914096,0.026745638446628528,0.0,0.0
"[-4.04612, 2.77448, 0.556123]","[1478379.0, 0.0, 1502024.0]","[0.5,0.0,1.0]",181912,10.118021869297104,9.612992678240394,0.2683162506942674,0.1675393187334767,58297.95574998968,5.931426732412576,3.832081251352036,1.3178917758333348,0.465,0.465,2.19518207158411,2.8272520050748464,0.0,0.0,0.0
"[-1.78951, 4.04077, 0.0274821]","[10694060.0, 0.0, 11160010.0]","[0.5,0.0,1.0]",164702,9.934743320358209,9.700457228889212,0.1863406372306956,0.2288907804151483,49095.619533361576,5.119467090714437,4.752445099656218,1.8328735588147225,-1.0,0.778,3.684381319480148,2.4518820312917518,0.30384875687654284,0.0,0.0
"[1.64221, -0.212774, 0.000812177]","[0.0, 6309048.0, 6772856.0]","[0.0,0.5,1.0]",180737,10.194180382879937,6.954396600410536,0.0753010325832575,0.0552454642788983,16643.412033989014,2.072869409094492,19.46559175950089,0.2755965853075459,-1.0,0.953,0.35317355624738606,0.12736802173325545,0.0,0.0,0.0
"[1.93262, -0.360631, 1.58042e-05]","[0.0, 1101163.0, 1511382.0]","[0.0,0.5,1.0]",301430,9.248672439317351,4.837213565568682,0.4269620912769836,0.4200105198328134,31525.69725815524,3.5191345510571934,15.189313041930031,1.0976518390653784,-1.0,1.527,1.6622330061951465,0.0,0.0,0.0,0.0
"[4.2836, -0.0383519, 9.5181e-06]","[0.0, 28931410.0, 31285580.0]","[0.0,0.5,1.0]",334431,9.798857281054604,5.016244236259316,0.03489976490686,0.1956808369912623,70996.16697547313,7.03153043045815,5.391717295437242,0.7411615533390792,-1.0,1.683,1.5339716658682971,0.14514641881674917,0.0022865884976351666,0.0,0.0
"[2.12787, -0.748255, 0.00020921]","[0.0, 4987190.0, 6790193.0]","[0.0,0.5,1.0]",156669,9.049536059805954,7.087788028901965,0.547441644036737,0.0147667706156556,68943.11747833682,6.855027529729156,4.411681410130472,0.590184940266418,-1.0,0.72,0.860915782069349,0.5105202076487961,0.008536490142458502,0.0,0.0
"[1.37593, -0.217732, 0.000135809]","[0.0, 15804130.0, 16827040.0]","[0.0,0.5,1.0]",399107,11.115919344839384,8.016604556303173,0.2070710886493885,0.626277308613573,33733.03643167723,3.7249177163400673,7.841058256877937,1.7425844404109554,-1.0,0.819,2.0440522913915324,0.8131205980819999,0.020307576951602978,0.0,0.0
"[-2.29966, 12.5861, -23.8125, 15.609, 0.0735138]","[191188.4, 0.0, 3929.374, 1549.601, 234435.6]","[0.5,0.0,0.5,0.0,1.0]",204952,10.83925758343608,9.957170132056524,0.2156581863548233,0.815564327831731,52813.96089698845,5.449275953202847,3.963261292072181,1.5219182020261786,-1.0,1.077,11.223130238280586,0.0,0.0,0.0,0.0
"[4.06599, -0.469617, 0.000231049]","[0.0, 27990140.0, 31453670.0]","[0.0,0.5,1.0]",43650,8.575921949895726,6.682178281641777,0.3780378807492019,0.2693905047462932,101656.94436164937,9.619922277141844,2.931855549175256,0.7414234879438133,-1.0,1.448,1.495028573924435,0.5080871894834152,0.011269856514983103,0.0,0.0
"[3.0301, -0.51648, 0.00898233]","[0.0, 19495410.0, 19796140.0]","[0.0,0.5,1.0]",369129,9.966921162332415,9.27521587914636,0.1840074402654923,0.3391429891745834,31881.26881325992,3.5523977059314733,8.057047338156542,1.1604678186545692,0.365,0.365,2.0200475018420936,0.8412089699675468,0.0,0.0,0.0
"[-0.847103, 1.72457, 0.0317182]","[30258470.0, 0.0, 30724130.0]","[0.5,0.0,1.0]",57634,4.795223742738692,4.692371731871357,0.1878235740571316,0.8573555200412246,11489.208303697156,1.532206009063017,69.51244519582687,2.923062183668463,-1.0,0.469,3.8386495760566093,2.7402382038807582,0.0,0.0,0.0
"[3.81811, -1.32066, 0.00153688]","[0.0, 2831625.0, 4055027.0]","[0.0,0.5,1.0]",175722,29.464582512435424,28.3615283644836,0.5309090286217508,0.1390911148380856,30536.885840748124,3.426391103977396,1.3478408718983497,5.136263980229624,-1.0,0.688,10.036251931596938,5.902593135863496,0.2013572706681976,0.0,0.0
"[-1.81995, 2.552, 0.0448]","[1025265.0, 0.0, 1076335.0]","[0.5,0.0,1.0]",284558,38.78779598028747,9.13004268952351,0.0646232840866398,0.2390200112776753,41349.71802141181,4.423581507558402,2.12927162933007,2.108957565747658,-1.0,0.984,3.369055585775512,2.879904916978729,0.0,0.0,0.0
"[4.493, -0.349655, 0.0730004]","[0.0, 26249500.0, 26273270.0]","[0.0,0.5,1.0]",101276,10.587648588137109,5.475710593545722,0.1170741100374142,0.5098075618436744,113833.45560724796,10.628500574544232,2.53440555080006,0.4198740639580036,-1.0,1.057,0.8899943671302933,0.2729683280579911,0.0,0.0,0.0
"[-1.08398, 2.12422, 0.00463327]","[995207.9, 0.0, 1106823.0]","[0.5,0.0,1.0]",390428,32.74266798316947,7.81896798289467,0.0102534004928946,0.1988176505911336,41164.28283243958,4.406757424548941,2.8006383829560555,1.698126818575967,-1.0,1.152,2.474969592817254,1.7717683233164454,0.0,0.0,0.0
"[1.55445, -0.159292, 6.35491e-05]","[0.0, 7043804.0, 8176549.0]","[0.0,0.5,1.0]",182312,9.870611738695306,7.4095727639648,0.3085440520175267,0.3544869838235587,36062.79122078304,3.940386011653519,8.573423421249288,0.6486645377008089,-1.0,1.197,0.8087392751167898,0.25889111049263064,0.005171003812790381,0.0,0.0
"[2.36879, -0.362271, 0.00751782]","[0.0, 2616088.0, 2723638.0]","[0.0,0.5,1.0]",274381,9.910075185059217,7.768204840941991,0.0570566099262329,0.046460094095218,108073.20247861207,10.152512142761164,2.112701140364235,0.4787869964507409,-1.0,1.574,0.7368950296576974,0.2911516362342817,0.0,0.0,0.0
"[1.4297, -0.23456, 0.000314363]","[0.0, 15098860.0, 16728150.0]","[0.0,0.5,1.0]",16269,5.229644282793496,3.803276183422036,0.109320300722502,0.0588537371217824,27078.46225492356,3.098989138531289,34.66529974037545,1.196183004910491,-1.0,1.691,1.430276774276258,0.5797161981643338,0.0,0.0,0.0
"[2.07611, -0.461325, 0.0830082]","[0.0, 11287950.0, 11313030.0]","[0.0,0.5,1.0]",102402,29.23963789309932,26.93146038973818,0.2875701640888737,0.7020848960728583,69874.79912901846,6.935185072598812,0.5354523562465201,2.301231141006172,0.3,0.3,3.3157778233601225,1.6978239447300094,0.0,0.0,0.0
"[1.40877, 0.00273787, -0.202886]","[0.0, 3658726.0, 3542470.0]","[0.0,1.0,0.5]",296803,10.040372344225874,6.6482070511315055,0.0501198465275753,0.0724372927534639,36709.93533479684,3.999944602682072,9.101653617909262,1.531635176381675,-1.0,0.612,1.8179225608675609,0.6945317378244247,0.0,0.0,0.0
[3.07836],[0.0],[0.0],168845,9.161063389087897,7.244557426611285,0.6927830652026536,0.3159225803072143,45922.427824610415,4.835936870382859,7.034485792538743,1.3620663289063537,-1.0,0.675,2.38978021150193,0.0,0.0,0.0,0.0
"[3.99946, 1.66306e-05, -0.166842]","[0.0, 23295220.0, 19583740.0]","[0.0,1.0,0.5]",247807,9.600271427653013,5.134521788759466,0.4449641909398819,0.0762087044507879,58855.08045530067,5.980147623794826,6.780582629039199,1.067025395939507,-1.0,0.789,2.1339067385885997,0.4358403650844369,0.004351397070873956,0.0,0.0
"[4.02307, -3.21311, 2.42676]","[240642.1, 289555.1, 0.0]","[0.0,0.5,0.0]",101532,9.46574402122183,9.23339175779594,0.0986252364959591,0.0675529796556278,30158.52409329078,3.390807036647362,8.965216142508275,3.175836819521403,1.248,1.248,9.87217444502391,0.0,0.0,0.0,0.0
"[3.05566, 0.00131437, -0.0186797]","[0.0, 44335080.0, 44263340.0]","[0.0,1.0,0.5]",156779,10.048602953603552,4.165849072381316,0.8150398684120321,0.5922748234087573,115939.57718339955,10.802059800285518,3.287617837192236,0.1861833408246941,1.263,1.263,0.3254567876078059,0.026326396811774837,0.0,0.0,0.0
"[-0.628012, 1.9627, 1.51484e-05]","[6028698.0, 0.0, 9672350.0]","[0.5,0.0,1.0]",264927,9.590259147176642,6.023058268290603,0.0056459658741042,0.1103853640555045,45405.492449622056,4.789553093500156,8.056618092490648,0.7337355558249617,-1.0,1.32,1.0279370653722635,0.5814649432150999,0.002855768159274022,0.0,0.0
"[2.43618, -1.11539, 0.00158383]","[0.0, 45639760.0, 47026180.0]","[0.0,0.5,1.0]",294915,10.159054286032788,7.382987336413253,0.1011289428385806,0.0578983072434808,57145.2234886734,5.830471956271519,4.896664064606074,1.1203304078636205,0.474,0.474,1.7486416179256397,1.1832036397386956,0.04458619448945795,0.0,0.0
[3.29246],[0.0],[0.0],354314,9.493189987814016,7.52111827138244,0.3464435237334124,0.0313367963593172,14293.174517818812,1.8302568379819013,22.109416678177933,3.621596574413188,0.603,0.603,6.571436632591536,0.0,0.0,0.0,0.0
"[-3.32444, 6.15941, 0.0113907]","[150891100.0, 0.0, 159443300.0]","[0.5,0.0,1.0]",25383,31.99827260085027,22.210411299535703,0.1443791512135125,0.0275582380119746,31615.68417680424,3.527556719609543,1.4937463031003622,4.1167675085923445,-1.0,0.758,10.217058925487965,7.506121514437219,0.43937116143511773,0.0,0.0
"[1.57532, -0.218082, 4.94512e-05]","[0.0, 15670780.0, 17366430.0]","[0.0,0.5,1.0]",200134,3.9538187472289503,3.903669964452835,0.4784775926328665,0.3891645006233125,44577.18045469825,4.715111001926704,24.506078070306582,0.7400213581551285,-1.0,0.846,0.9288137750342863,0.3456236073056605,0.0,0.0,0.0
"[1.81044, -0.190908, 0.000165301]","[0.0, 14464300.0, 15786200.0]","[0.0,0.5,1.0]",353133,32.706243675913406,19.232212225778,0.0633755098950719,0.1503130863244424,51467.04485251505,5.330094387789082,0.9517648192450888,1.9960287201352531,-1.0,1.176,2.6857083789740375,0.8721252286435502,0.02566282877706433,0.0,0.0
[3.44555],[0.0],[0.0],101373,10.314979601228242,9.483421151492871,0.1969691442961308,0.4140334788140732,58668.87669248984,5.963869163798668,3.7850284148782096,0.7966304537288933,-1.0,0.537,1.4787208039327424,0.0,0.0,0.0,0.0
"[2.79668, -0.537871, 0.000244438]","[0.0, 14504260.0, 16582750.0]","[0.0,0.5,1.0]",286742,10.13202636640657,6.504819206726368,0.9051859441741712,0.3766286907500451,31401.7375405458,3.5075275840462248,10.94556846286867,1.6046708720879983,-1.0,0.674,2.683535579391446,1.1768606289646546,0.02508824777731065,0.0,0.0
"[1.88293, -0.568292]","[0.0, 12643050.0]","[0.0,0.5]",358269,31.09540116859749,23.81149390309165,0.0785957561328064,0.0920320927910625,33693.29511072191,3.72122702691499,1.34280063149761,4.9902414581857615,-1.0,0.778,6.847604164846169,3.761900730416808,0.0,0.0,0.0
"[2.33186, -0.675455, 0.000416396]","[0.0, 5518210.0, 7005757.0]","[0.0,0.5,1.0]",147174,8.822135235653748,6.10467662199138,0.169279686556767,0.0113595409963204,23539.01450716519,2.758310162701802,17.490751582043355,3.3039278796625835,-1.0,0.807,5.0452395908018595,2.716205298558438,0.0,0.0,0.0
"[-0.654984, 3.51699, 0.000111691]","[2675012.0, 0.0, 4375941.0]","[0.5,0.0,1.0]",216070,35.351955877737986,34.05188516845301,0.2543405646393888,0.2613235147051915,34566.863415908345,3.802229866824319,0.8680508729265707,4.817563280020517,-1.0,1.445,9.034684572890002,3.8989060785278,0.05091391786293327,0.0,0.0
"[1.87916, -0.567884]","[0.0, 12273120.0]","[0.0,0.5]",158833,9.296487564531688,9.002816051296518,0.2609691310871037,0.0395185199181939,89129.0864522392,8.571857286166189,2.536086626161341,0.8841158121029813,-1.0,1.712,1.211967677403003,0.6662526879963365,0.0,0.0,0.0
"[1.99445, -0.230406, 0.00126425]","[0.0, 6491889.0, 6817895.0]","[0.0,0.5,1.0]",286957,32.88951308860739,27.506199831264546,0.4053060031470771,0.5939584464872456,39962.97418832054,4.297555988189213,0.9363357328611358,3.155715388697262,1.751,1.751,4.456658987858637,1.5147631096674605,0.11220554223202148,0.0,0.0
"[2.39991, 4.66512, -3.86009, -0.210964, 0.0102864]","[0.0, 19412440.0, 21216970.0, 51800070.0, 52105640.0]","[0.0,0.0,0.5,0.5,1.0]",90657,8.656282043191622,6.054481718874159,0.4101102182897926,0.3371133821306884,41401.86419512703,4.4283115983778485,9.691826058733204,1.2092547034755088,0.304,0.304,1.873334205149185,2.6118557944173983,2.37583622897962,0.5688003010057248,0.0
"[-0.552326, 1.96427, 0.00101229]","[5966391.0, 0.0, 6775423.0]","[0.5,0.0,1.0]",246427,9.49210472045854,8.489570193812199,0.1876786972119669,0.3112118376521484,53000.07912148568,5.465720125335707,5.035514411841878,1.3864355897367076,-1.0,0.673,1.9431229896122293,1.0303800513139776,0.04411153508187328,0.0,0.0
"[2.4409, -2.40572, 0.0035993]","[0.0, 451068.8, 570678.8]","[0.0,0.5,1.0]",86192,9.806577420845244,8.934955386184836,0.5958089021567412,0.262048366494937,15262.436876029253,1.9310076836806616,17.552559262519768,2.7826796753668703,-1.0,0.712,6.12835484116159,0.0,0.0,0.0,0.0
"[-0.612954, 1.85694, 3.50764e-05]","[3631180.0, 0.0, 4798659.0]","[0.5,0.0,1.0]",86347,10.922366315913395,8.22364572627499,0.233352056654035,0.2868916768115535,44566.01962090599,4.714106939486264,5.668148618303456,1.3312923142412152,-1.0,0.718,1.8141465217148112,1.0422871091535646,0.007884622985621046,0.0,0.0
"[-1.46097, 1.96033, 0.000118288]","[3724032.0, 0.0, 5632440.0]","[0.5,0.0,1.0]",332537,8.415263927242568,8.260718535084145,0.4782323323543529,0.9848651129620166,62156.15003518637,6.267914274043179,4.684236067659669,0.3608593971405232,-1.0,0.737,0.5052456840642434,0.4361728894556806,0.0039247171552664415,0.0,0.0
"[-0.410828, 3.15252, 0.000191222]","[16956700.0, 0.0, 20146370.0]","[0.5,0.0,1.0]",322812,10.749304321991444,8.513462785725226,0.1998082484500574,0.8411363114957967,57938.37363084382,5.899956437795027,4.071169957065075,1.1663900651479109,-1.0,0.763,2.0709648943462264,0.7476078097105937,0.01612919676123187,0.0,0.0
"[-0.884339, 1.49339, 0.182585]","[3212227.0, 0.0, 3222212.0]","[0.5,0.0,1.0]",328189,9.910942679770596,5.088703763309615,0.6780444423292369,0.376693418369103,48827.317652504345,5.095570470351169,8.35585964417816,1.473777957259716,-1.0,0.86,1.8010205826303174,1.5222949227999534,0.0,0.0,0.0
"[2.63486, -0.951505]","[0.0, 15903890.0]","[0.0,0.5]",375065,11.32658259217244,5.0161702050630135,0.3460636171176159,0.0809474879657005,66285.3337225484,6.6257999971705175,5.254584925631152,1.0033813969112235,-1.0,1.048,1.6287139532502437,0.9787495652600731,0.0,0.0,0.0
"[-1.73389, 1.76163, 0.159145]","[996638.7, 0.0, 1000267.0]","[0.5,0.0,1.0]",216458,9.594034065294595,7.754227482223327,0.3010061389554408,0.1642341674183102,100139.40326087143,9.493564355148491,2.404643317248776,0.5137193713539763,-1.0,1.165,0.6818412807856337,0.7068141972091563,0.0,0.0,0.0
"[3.88176, -0.392434, 7.65792e-06]","[0.0, 4162058.0, 6631615.0]","[0.0,0.5,1.0]",291164,8.490395387539841,7.531610053143719,0.0554473582224361,0.7867938790798682,74770.6555215325,7.354808002879484,3.9832657608159625,0.5838208203646801,-1.0,1.841,1.1502544420304188,0.36573194227987704,0.001615604266517844,0.0,0.0
"[1.88303, -0.813204, -1.86888, 2.72563, 1.02281e-05]","[0.0, 4296580.0, 2794326.0, 2412700.0, 10132720.0]","[0.0,0.5,0.5,0.0,1.0]",133080,9.764404407090815,9.723842027145633,0.1543842792711395,0.3090820449586047,58496.30408451364,5.948777642991728,3.893170588084516,0.9234197359077192,-1.0,2.927,1.267149253022054,1.5245181622842467,1.262379288372459,0.8327198272297253,0.002953225672212513
[3.91963],[0.0],[0.0],17986,10.043319026629586,7.112212707602601,0.165117821026885,0.281443102467788,45991.71608385277,4.8421496794117775,6.622293988045205,0.8849196071810045,0.384,0.384,1.7519687460672717,0.0,0.0,0.0,0.0
"[2.43379, -0.542274, 0.00426289]","[0.0, 1315707.0, 1488842.0]","[0.0,0.5,1.0]",350507,8.722992544976238,7.536228761817516,0.0459533820765775,0.2247434254671518,44081.72850675027,4.670512234358974,7.428253398267757,1.922538688266413,-1.0,0.902,2.9992774290870527,1.421296965086918,0.0,0.0,0.0
"[1.45929, -0.646709, 2.07858e-05]","[0.0, 6410470.0, 9065900.0]","[0.0,0.5,1.0]",8251,33.26774424112682,27.57338861721832,0.8188905985458871,0.3642522633348829,33998.868777214,3.749589796851003,1.110458382286382,7.3449873819599585,-1.0,0.938,8.872823800793931,5.906708062490403,0.033486859975414784,0.0,0.0
[8.93658],[0.0],[0.0],60098,9.098241188030508,6.838035756773985,0.3293685165901973,0.4269982235642467,36908.70671701597,4.018214068231693,9.558029368828649,0.6090325800687435,-1.0,1.202,1.8206488850170264,0.0,0.0,0.0,0.0
"[7.53658e-05, -0.000463454]","[120667500.0, 120650900.0]","[1.0,0.5]",87736,9.269769330097503,6.520355088812315,0.4598808378145697,0.012059163780818,63783.1862629358,6.409197685016041,5.123261955826878,0.4937175428072896,1.317,1.317,0.004286133714747169,0.010628742271525665,0.0,0.0,0.0
"[1.81069, -0.329321]","[0.0, 7044239.0]","[0.0,0.5]",68271,10.160024464551812,9.369055139040798,0.1770562799361606,0.1324986858248802,97729.48345905224,9.292578286545602,2.01901681145556,0.8693992669200119,-1.0,2.176,1.1698800128389149,0.49891778135582104,0.0,0.0,0.0
"[-1.05839, 3.7618, -6.49612, 6.35147, 0.000101887]","[2454926.0, 0.0, 326263.2, 251742.7, 6028754.0]","[0.5,0.0,0.5,0.0,1.0]",55687,22.396925213362984,14.557213847097456,0.3709425264869279,0.2685765011245383,51528.587746602425,5.335547258661066,1.6369082341193295,2.074869466392138,-1.0,0.341,4.024284081373265,7.4370656301540725,2.1345859356332424,0.020943543693668038,0.0
"[-1.65949, 12.4909, 0.00810823]","[414271.0, 0.0, 609106.5]","[0.5,0.0,1.0]",179118,9.324555849662472,4.4560478950606885,0.6082788383200101,0.1380400081410986,70886.93534695018,7.022151644282675,6.238356004011249,0.7070294033975258,-1.0,0.401,2.6603946800149822,0.0,0.0,0.0,0.0
"[2.9319, -1.34502, -0.98803, 2.06916, 0.0200709]","[62332760.0, 87662130.0, 96151710.0, 0.0, 100083200.0]","[0.0,0.5,0.5,0.0,1.0]",276885,10.338728684362342,6.756532132390059,0.9050703251822364,0.4520210887991269,56104.390951908936,5.7391424888599945,5.330934959705616,1.3935903923674418,-1.0,0.443,2.004620561853034,2.3862158182617996,1.6162164199972027,1.3852246439996312,0.19743246468465933
"[1.72606, -0.971688, 0.000172585]","[0.0, 10424540.0, 13447650.0]","[0.0,0.5,1.0]",224995,10.63449472595988,9.484366679974864,0.050118789090143,0.1112604567344092,18199.02034501445,2.23056790490411,13.27561563414089,3.9819409426586185,-1.0,0.642,5.2314581893633925,3.925167861594294,0.05231139938654522,0.0,0.0
"[-0.888291, 3.60971, 7.97634e-05]","[2905128.0, 0.0, 6100446.0]","[0.5,0.0,1.0]",118283,32.39118573163943,13.77094928599052,0.2226334708666666,0.1578516031155872,19244.82126381592,2.335470449506005,3.75393081952782,4.8448743700447325,-1.0,0.889,9.204891555246709,4.5662548976657025,0.04326974632036329,0.0,0.0
"[1.51968, -0.322965, 8.34162e-05]","[0.0, 9972711.0, 11511620.0]","[0.0,0.5,1.0]",224055,9.754979051156688,9.490180008977797,0.4730528000617022,0.5292289542915862,38414.30248059503,4.156230948945487,6.537764887728529,2.1038625871654233,-1.0,0.924,2.593542950894327,1.19562531189764,0.01921509657476048,0.0,0.0
"[3.16995, -1.27009, 4.71045e-05]","[0.0, 10884910.0, 17124200.0]","[0.0,0.5,1.0]",340370,11.086273389826095,10.834113377816715,0.1655889946967483,0.6094970155639495,39306.59149063627,4.237734200763682,5.126742933935932,2.184774809366148,-1.0,0.943,3.889850280585775,2.462203407639388,0.01499470337019843,0.0,0.0
"[2.47964, -0.354062, 9.29507e-05]","[0.0, 4401606.0, 5398288.0]","[0.0,0.5,1.0]",290341,32.62930141536051,11.463472579355882,0.0247616905911741,0.8437471589793352,53652.790277903936,5.523341641865313,1.4414242311235683,2.867441193220348,-1.0,1.125,4.51532314598546,1.706216663371338,0.027645271047416476,0.0,0.0
"[-2.85984, 5.04505]","[18618180.0, 0.0]","[0.5,0.0]",394640,26.819555616485875,24.854668921086816,0.3300247710194384,0.2502577812340774,81182.12741059295,7.900594149737886,0.508054483865303,1.7477489309462468,1.127,1.127,2.95562896031823,3.925651862313837,0.0,0.0,0.0
"[0.0109025, -0.0388765]","[13526540.0, 13524070.0]","[1.0,0.5]",356817,8.557657368175805,4.909885252638163,0.095779756126513,0.1014885540316586,60899.28618116189,6.158529497320988,7.40185162119348,0.5833698092209852,1.132,1.132,0.060912580349387103,0.11502375179424149,0.0,0.0,0.0
"[-1.61794, 1.93182, 7.17033e-06]","[1165045.0, 0.0, 1969589.0]","[0.5,0.0,1.0]",275627,10.154893527507824,7.258943865240413,0.1525905622844756,0.119133468567648,73279.62205595,7.227287105452941,3.6450077087459305,0.7373838519052303,-1.0,1.149,1.0248892825801428,0.937939506042452,0.0019745275355245438,0.0,0.0
"[2.10215, -0.335202, 0.000162471]","[0.0, 6320571.0, 7686053.0]","[0.0,0.5,1.0]",74436,9.67008821406094,6.848430975096652,0.0919875150560824,0.1203262831858631,60459.06026604078,6.120164660013503,5.072191556271261,0.5660459452965195,1.534,1.534,0.8206983019466563,0.32772153804866544,0.007215054410603846,0.0,0.0
"[2.16424, -0.251798, 0.000137736]","[0.0, 15166660.0, 16639240.0]","[0.0,0.5,1.0]",247955,9.028670497820292,6.7019472688727255,0.1051157677587053,0.3020031788034115,64179.58741192833,6.443566171409901,5.071840067172473,0.4990603345610689,-1.0,2.462,0.7341854325930892,0.25042587017353946,0.005857021073721345,0.0,0.0
"[-2.20083, -12.4041, 6.12599, 13.1948, 0.00812387]","[2271599.0, 636059.7, 0.0, 624858.7, 3211174.0]","[0.5,0.5,0.0,0.0,1.0]",148843,10.24335320875002,8.967532189868887,0.2350579313139833,0.1385849350674739,70572.44933151724,6.995142145788451,3.170058248175989,1.0452882577425031,-1.0,0.458,2.5871655135754836,5.2886731019347,1.5507054758281018,0.09421445806135303,0.0
"[-0.700424, 2.20444, 0.00177669]","[1112959.0, 0.0, 1215864.0]","[0.5,0.0,1.0]",258639,41.19937994868345,31.490288782741548,0.4149199515139444,0.2746334776178479,51266.804626852034,5.312349038879374,0.5185795919721834,4.3866339988864915,0.658,0.658,6.5129919549483235,3.6712326720946282,0.18490013544906247,0.0,0.0
"[4.98864, -1.80315, 4.01998e-05]","[0.0, 10828570.0, 17342790.0]","[0.0,0.5,1.0]",64274,10.343904893075909,9.829091729039138,0.3039477457673678,0.1905022587014868,39625.30956954658,4.266795918731495,5.837025687944282,1.055002925810118,-1.0,0.904,2.3563768444815762,1.4166729193567091,0.006689067989426872,0.0,0.0
"[-1.50715, 2.50408, 0.0152635]","[4532873.0, 0.0, 4925389.0]","[0.5,0.0,1.0]",352538,9.863417698413787,9.490947940601869,0.0366226622916009,0.3442685126063948,37889.470221328425,4.108191314590493,6.579419288851199,1.5818002254964885,-1.0,0.989,2.5030857793175305,1.9517219494764648,0.0,0.0,0.0
"[2.93145, -0.503067]","[0.0, 18770300.0]","[0.0,0.5]",378647,10.231150145172755,8.988685173218306,0.1838380573418701,0.3124429906209082,36852.290170977845,4.013029543370883,6.8945460446916975,1.8800928907808745,-1.0,1.343,3.2189968578564767,1.3334975496857544,0.0,0.0,0.0
"[1.91346, -0.45725, 0.145178]","[0.0, 9149812.0, 9154616.0]","[0.0,0.5,1.0]",315655,9.07946006645276,5.975913530519136,0.2527501959963537,0.2304978310464858,32020.79252611772,3.565437609552046,12.589418998343731,1.3210378845884154,1.652,1.652,1.8273635858496189,1.0253398744237612,0.0,0.0,0.0
"[10.4888, 0.000594679, -0.0461109]","[0.0, 6803085.0, 6728251.0]","[0.0,1.0,0.5]",358460,31.085318088133533,26.65105944223148,0.3852961511951099,0.0728166889494092,104101.76249110865,9.823168280940186,0.306196029947469,1.899250994150297,1.678,1.678,6.150993450541548,0.40783468832370284,0.04631521278189146,0.0,0.0
"[-1.54582, 2.09064, 3.97746e-06]","[15106000.0, 0.0, 22625580.0]","[0.5,0.0,1.0]",140985,10.806729407689996,10.268433554409082,0.4904779376319962,0.1868968339336571,146419.84560750966,13.28928418649524,1.028216511217521,0.4869717492976764,-1.0,2.325,0.7041146734683879,0.6054568933838921,0.0009711955361269716,0.0,0.0
"[-3.54967, 3.45388, 0.0457179]","[170358500.0, 0.0, 174075100.0]","[0.5,0.0,1.0]",247043,9.808771574072566,8.625634225607751,0.422402047784707,0.322002622656278,49075.77532170086,5.117699951485377,5.303150570684365,1.2467726061328268,-1.0,0.649,2.3170791738814245,2.3489903981592053,0.26658173376227456,0.0,0.0
[3.02904],[0.0],[0.0],188520,9.988051331893692,9.851637547408362,0.0837531420536542,0.2456281815017946,33020.42855747521,3.658665115966678,7.358627127285193,0.9031171395003152,-1.0,0.673,1.5717974819494143,0.0,0.0,0.0,0.0
"[2.2079, -1.54275, 0.00532754]","[0.0, 6802154.0, 7525320.0]","[0.0,0.5,1.0]",90607,10.607614665233676,6.23663462699288,0.2132298433299931,0.499881580819857,22037.1907364592,2.6117460907241763,15.840322566786492,2.376708858418525,0.827,0.827,3.5315526444311867,2.957143090907783,0.0,0.0,0.0
"[2.31204, -0.359344, 0.000128503]","[0.0, 4282765.0, 5495041.0]","[0.0,0.5,1.0]",190632,9.274638415079874,9.254609421340556,0.6752809478152069,0.2979995566491789,51062.71583864602,5.294255113090873,4.9938305621591805,1.539492253501024,-1.0,0.878,2.340858593549649,0.9228533792617347,0.017451555441506277,0.0,0.0
"[2.48258, -0.524535, 0.00986588]","[0.0, 9058980.0, 9454199.0]","[0.0,0.5,1.0]",152487,7.593791172820559,6.034450209135702,0.0562773264743197,0.3651222088078543,35074.08520282745,3.8491508637834153,13.041201679231074,1.9279781541160113,-1.0,0.89,3.037761927637578,1.4094046204907351,0.0,0.0,0.0
[3.83877],[0.0],[0.0],317498,10.923999590516411,9.58404475030444,0.1904920447833186,0.181466199735526,55436.35397226888,5.680435298193049,3.834833340120878,1.7504407785835052,0.893,0.893,3.429599982130402,0.0,0.0,0.0,0.0
"[4.95043, -4.20973, 1.01207e-05]","[0.0, 1241587.0, 3786103.0]","[0.0,0.5,1.0]",2699,10.216889034584248,9.58175609537178,0.1452257641415239,0.2665760925732825,29617.612466670507,3.3398390013535093,8.318318180434705,1.0394278224734648,1.016,1.016,2.3126813565941684,2.1326591906307777,0.003306736683232248,0.0,0.0
"[1.73583, -0.411054, 0.000307689]","[0.0, 5979131.0, 6456316.0]","[0.0,0.5,1.0]",284830,9.575900714201032,6.142397242829888,0.2897853738280662,0.0947024286219078,111518.71338642437,10.437459542019734,2.5494424335562784,0.5460122131223161,1.095,1.095,0.7193760121342698,0.35006750269247966,0.009577636322959824,0.0,0.0
[3.02659],[0.0],[0.0],106915,9.253047857627555,6.837761252907038,0.1794619174750208,0.1290866138153477,65695.49368398308,6.57481098898828,4.74698371849758,0.7647720650524625,1.195,1.195,1.3304814149683564,0.0,0.0,0.0,0.0
"[1.70336, 0.000564284, -0.213018]","[0.0, 4107408.0, 3839350.0]","[0.0,1.0,0.5]",249161,10.074693933110684,9.926966216175153,0.3300892161884978,0.4546101712131412,68507.32517419552,6.817499387388931,3.063637474177148,0.7820056284321937,-1.0,1.26,1.020617712538399,0.36092588520092794,0.018576279933060196,0.0,0.0
[3.86132],[0.0],[0.0],50424,9.705996344598866,5.496666665581129,0.2966647785503697,0.2754459493858683,154614.44880093355,13.95122371716406,1.7786178869863112,0.255706134461947,-1.0,1.479,0.502468735371252,0.0,0.0,0.0,0.0
"[12.1951, -3.93398, -12.0069, 10.7015, 6.21293e-05]","[27829.72, 1205406.0, 145346.4, 0.0, 7941317.0]","[0.0,0.5,0.5,0.0,1.0]",205853,9.959983926547556,8.194847944177868,0.3581917156688166,0.1870409948105018,181310.0449501545,16.09164179942935,0.9868892673757896,0.2828908285560776,-1.0,1.482,1.3536436996592582,0.9802442748610211,0.5610931174074436,0.0022298060934284993,0.0
"[3.78731, 0.000426854, -0.136762]","[0.0, 9182756.0, 8590812.0]","[0.0,1.0,0.5]",8002,10.2603351367266,8.750207285437488,0.4398897478910861,0.4082959388929288,123619.8405953745,11.432942663099867,1.54847876437487,0.3930018989003318,-1.0,1.546,0.764821479104039,0.14533739457089212,0.008119594235080723,0.0,0.0
"[2.44423, -0.527345, 0.000632015]","[0.0, 2809051.0, 3403593.0]","[0.0,0.5,1.0]",57580,9.242794235404247,3.8515306791885786,0.0861561970494688,0.0558810006332124,23612.990004881496,2.765496992117724,25.250156432454904,1.808032711959265,-1.0,1.592,2.8266843786691567,1.3137532151244853,0.0,0.0,0.0
[11.4727],[0.0],[0.0],206011,8.161244314997521,7.977357899262875,0.3875634460311784,0.3296641903922784,18828.390247194413,2.293800001954694,18.502113074724672,3.668621154068391,-1.0,0.231,12.42612404384007,0.0,0.0,0.0,0.0
[3.63375],[0.0],[0.0],208517,23.710071692305235,20.16075519703526,0.4686135492012632,0.2645774251197934,90515.37098040736,8.688412141406639,0.5824269441665971,1.0363758620130954,-1.0,0.231,1.9755808683287823,0.0,0.0,0.0,0.0
[4.5975],[0.0],[0.0],125223,10.538805333570508,8.131157301538222,0.0980708196452527,0.0809191427706193,15397.163325193458,1.9449321307806704,17.78369945956169,2.750493539206724,-1.0,0.231,5.897548187647934,0.0,0.0,0.0,0.0
[3.43153],[0.0],[0.0],243768,32.56190575988098,10.6900505735458,0.1001876702091716,0.2848939602042838,22752.65025526268,2.681731281229565,3.992721834944633,6.542975806023056,-1.0,0.231,12.120463119881423,0.0,0.0,0.0,0.0
"[2.66543, -0.673339, 0.000670203]","[0.0, 4417494.0, 5318059.0]","[0.0,0.5,1.0]",159438,9.823851448172755,7.036926924451147,0.3790609650873521,0.0093427438619531,29813.34249757667,3.358295233997512,11.086900717340631,0.9759697196469308,-1.0,0.52,1.593382284289844,0.8012522401497596,0.0,0.0,0.0
"[1.89037, -0.708479, -0.897741, 1.95717, 0.00035943]","[0.0, 288812.8, 218822.3, 22283.14, 667983.3]","[0.0,0.5,0.5,0.0,1.0]",219087,27.34441047009321,8.347121869649147,0.2608746673731416,0.1342291146239306,63741.70895587968,6.405600536008551,1.7819388596028596,1.247499832228828,-1.0,1.061,2.4469892851393737,1.581040556573076,0.023650899210897653,0.0,0.0
"[1.82034, -0.337191, 0.203945]","[0.0, 9703740.0, 9704301.0]","[0.0,0.5,1.0]",185185,8.757981349695722,7.179003837599903,0.21604362629497,0.4627565999855245,31940.504065097102,3.557934331715304,11.102751132991504,2.710680373167268,-1.0,1.452,3.6572493165645925,1.9940292508940756,0.0,0.0,0.0
"[1.78059, -0.258638, 0.00537945]","[0.0, 6479015.0, 6677044.0]","[0.0,0.5,1.0]",46922,9.227506440334666,7.292752087619564,0.1648835088598316,0.3439907382078169,43020.12562008217,4.574765675849554,7.505200525991076,0.8904163879147993,-1.0,1.486,1.1881604977765274,0.4575193437029755,0.0,0.0,0.0
"[3.39964, -17.8228, 19.3062]","[0.0, 88098450.0, 87894810.0]","[0.0,0.5,0.0]",176031,10.062649516449763,9.03554905956838,0.543424634407955,0.1260564754115914,95604.2307224486,9.11499352382715,2.1598889131979915,0.8738455225200084,-1.0,0.311,1.6112062228085837,3.839574208644542,3.689118725034469,0.0,0.0
"[-3.22919, 4.90435, 0.00103146]","[218828.8, 0.0, 377316.1]","[0.5,0.0,1.0]",295275,10.03307584445343,9.420032387071211,0.2507746292488577,0.3756994337365404,45259.126687696,4.776409774173542,5.318510769085564,1.8056004078787553,-1.0,0.981,5.149783643306251,0.0,0.0,0.0,0.0
"[4.8113, -3.09786]","[0.0, 16137620.0]","[0.0,0.5]",57579,9.222032472596496,7.822794745308269,0.1442785850646839,0.1567312061948041,83554.17313559566,8.101531622002106,3.125083828187592,0.5148409693672338,-1.0,1.347,1.1292869722862373,0.9061581333145318,0.0,0.0,0.0
[3.6758],[0.0],[0.0],219890,9.8547467141434,9.715866145579785,0.6155338892216773,0.1041231414317539,47343.86096210293,4.963193297922199,4.9886901486502975,2.148695892681142,-1.0,1.379,4.1195605480903605,0.0,0.0,0.0,0.0
"[3.93391, -5.22755, 7.41008e-07]","[0.0, 4928440.0, 13833390.0]","[0.0,0.5,1.0]",308621,8.831605965666116,7.384475705922409,0.1906530199570729,0.6396494784191147,56403.832256016896,5.765434725151305,5.5740813230011925,1.4131255866692083,-1.0,1.587,2.802805557415551,3.2309471765000617,0.001216444245681853,0.0,0.0
[3.24076],[0.0],[0.0],337537,6.9777556644113545,6.451319012998382,0.1937561876757546,0.4628888325958811,61967.69037911413,6.251526507005048,6.755314079475456,0.6498371342047997,-1.0,0.64,1.1698440213640602,0.0,0.0,0.0,0.0
"[1.39602, -0.359416, 0.00924096]","[0.0, 3702095.0, 3772882.0]","[0.0,0.5,1.0]",154909,6.935230738565987,6.040412166950471,0.0508862984859807,0.3615990967117385,92160.58591599096,8.826540634388596,4.324719116635351,0.5532416348399174,-1.0,0.879,0.6536731946688126,0.3359124300912641,0.0,0.0,0.0
"[4.08092, -1.0946, 0.000358295]","[0.0, 88038660.0, 90599560.0]","[0.0,0.5,1.0]",87139,8.49868742195416,7.131546849541308,0.3572509195847993,0.1763835713405809,45283.19058253201,4.778570875025259,7.705408767797103,1.1978968366713048,1.197,1.197,2.419905789905435,1.2532772029957189,0.022674608218736306,0.0,0.0
"[2.00039, -0.365125, 6.03601e-07]","[0.0, 22309840.0, 31766750.0]","[0.0,0.5,1.0]",196899,9.112688012849238,9.08968546072905,0.0302893691210505,0.0540823924395321,111666.69465558972,10.449682010845027,1.89773309458106,0.2699372281595977,-1.0,2.857,0.38178610775506294,0.16311111970635525,0.00020971899088953895,0.0,0.0
"[-0.373717, 2.62318, 1.11968e-05]","[4230674.0, 0.0, 6141139.0]","[0.5,0.0,1.0]",169488,10.33043789873727,8.629071799394763,0.2149577090030606,0.1008354894370639,78776.72531629795,7.69630022187425,2.827128418222598,0.7045052126293533,-1.0,2.919,1.1410331369685787,0.4306809256042389,0.002357388557591393,0.0,0.0
"[-0.935685, 3.26298, 0.0146084]","[2911965.0, 0.0, 3178799.0]","[0.5,0.0,1.0]",341569,13.342296624470414,13.242734791058329,0.0645242775355492,0.3125734197129065,38881.73307645661,4.1989533643031685,3.7628863934908425,2.7942949888926463,-1.0,0.21,5.047536380523073,2.723962399279937,0.0,0.0,0.0
"[-1.49762, 2.11527, 2.55822e-05]","[4716304.0, 0.0, 6488025.0]","[0.5,0.0,1.0]",250224,8.512449649408026,5.9324785660630095,0.3082076571129788,0.1070377462595652,61194.20140854993,6.18421543733199,6.266509081109952,0.9531018962192006,0.483,0.483,1.3861883309457703,1.1663802283948665,0.0048206797209277875,0.0,0.0
"[1.824, 0.00499964, -0.187727]","[0.0, 6315976.0, 6204377.0]","[0.0,1.0,0.5]",6724,9.793445451113891,8.998431711334396,0.1551480068841886,0.8359536003976588,78557.23203669037,7.677631038182331,2.861514452270923,0.7905336736581384,-1.0,0.569,1.0676595544825496,0.3470493608421864,0.0,0.0,0.0
"[4.54773, -0.410967, 4.08738e-05]","[0.0, 6448150.0, 8965097.0]","[0.0,0.5,1.0]",48041,7.899820900167654,7.518017582894141,0.4646135509255952,0.6408207272954666,47588.79881253114,4.985080379023351,7.382681386879573,0.4367421596173241,-1.0,0.623,0.9313704474649322,0.27998102061779,0.0027922070870138173,0.0,0.0
"[1.86719, -0.452499, 3.29997e-05]","[0.0, 8673186.0, 11016730.0]","[0.0,0.5,1.0]",210291,25.70596036244612,16.452183036584035,0.3264942458146713,0.0204163122342226,33125.68373813202,3.668461462340663,2.1934295302556936,2.7138403772451216,-1.0,0.756,3.708331550315252,1.825547390778447,0.015589755196782221,0.0,0.0
"[1.8877, -0.470937, 0.00602166]","[0.0, 15044980.0, 15391670.0]","[0.0,0.5,1.0]",256077,8.25036124064699,7.605208558365192,0.355246888337987,0.1215860010160145,32735.173084427384,3.632096713080921,10.811617800923194,2.110792144252822,-1.0,0.8,2.9000932140359152,1.4577593594736062,0.0,0.0,0.0
"[1.82136, -0.703305, 0.00177246]","[0.0, 4402058.0, 5002302.0]","[0.0,0.5,1.0]",215451,10.023124986175407,6.978720073361533,0.016345840688126,0.1708204604470993,18564.142226102427,2.267289933310411,17.76030797968391,4.866080393884089,-1.0,0.851,6.567153643075222,4.085993725753302,0.0,0.0,0.0
[3.19905],[0.0],[0.0],184911,9.970028980675108,8.992547451676353,0.3758613391451064,0.0894613277653329,54737.86103696706,5.618974988167176,4.430426941621723,0.6631465844404834,-1.0,0.944,1.1860965730636865,0.0,0.0,0.0,0.0
"[4.10082, -4.19969, 2.94877, -0.853381, 0.000364043]","[1817676.0, 2554813.0, 0.0, 11377120.0, 15098920.0]","[0.0,0.5,0.0,0.5,1.0]",326058,10.234066718097733,6.861142261497715,0.3252264542059776,0.0082746499052018,183673.3824435869,16.28007534641761,1.104030166860974,0.4813587828857746,1.0,1.0,0.8265884834480758,0.9747747116021582,0.9864555428762186,0.44467261564833527,0.009184282688999281
[3.64723],[0.0],[0.0],256200,11.089840568841243,10.58869471902707,0.0682364990061406,0.0112037838679454,109549.866001159,10.274720540434943,1.4558259682213373,0.2363855978246845,-1.0,1.237,0.4514426521245284,0.0,0.0,0.0,0.0
"[2.13342, -0.453538, 0.00048805]","[0.0, 2308275.0, 2666040.0]","[0.0,0.5,1.0]",24221,9.743814985802157,9.13913081984408,0.4245389896244617,0.1954333472176891,34302.74956178739,3.777765140714618,7.668754829842213,1.174605552219459,-1.0,1.327,1.715656067192514,0.791466313521028,0.0,0.0,0.0
"[1.82299, -0.469396, 1.5455e-05]","[0.0, 31189420.0, 34646360.0]","[0.0,0.5,1.0]",212177,9.740273449355136,8.67501945940907,0.396941718767637,0.213196229039686,55341.47646683535,5.672091607519575,4.593652364096626,0.7622601968008398,-1.0,1.4,1.0291895924938614,0.5222433695678819,0.0029966619080024764,0.0,0.0
"[2.33744, -9.90004]","[0.0, 7765147.0]","[0.0,0.5]",167609,28.97578973087988,28.54891054659417,0.4523964329846168,0.5621461146017025,67123.48739590068,6.698180871602021,0.5404099115607407,1.918772679751382,-1.0,1.452,2.933551805089507,6.0372894889586695,0.0,0.0,0.0
"[2.6518, -0.326171, 6.05423e-05]","[0.0, 1538166.0, 1946468.0]","[0.0,0.5,1.0]",126053,9.458134814111457,8.922442653364078,0.3461578997523155,0.1508081428441663,59890.30906249965,6.070558895712535,4.173025786039708,1.2703332274750536,-1.0,1.69,2.0686548750596203,0.7255048673376852,0.009884327253858412,0.0,0.0
"[1.90856, 0.000780585, -0.195733]","[0.0, 3947537.0, 3733544.0]","[0.0,1.0,0.5]",376818,9.989576254411723,8.294449024956084,0.60203238835067,0.527173795620531,49190.647144680326,5.1279272624514975,5.38530348760593,1.2693057679302266,-1.0,1.706,1.7535540726210865,0.5626813786099378,0.0,0.0,0.0
"[1.7669, -0.790176, 0.164314]","[0.0, 2090012.0, 2101910.0]","[0.0,0.5,1.0]",150740,10.266854501204566,10.150398344363165,0.0523881319051316,0.2786404431469272,94849.26137852573,9.05183004974249,1.9470640446882927,0.9108720395055412,-1.0,0.272,1.210774752652403,0.889903802263031,0.0,0.0,0.0
"[6.94379, -1.42677, -4.26303, 2.33609, 0.0104636]","[109089200.0, 124302400.0, 110697600.0, 0.0, 132553800.0]","[0.0,0.5,0.5,0.0,1.0]",167697,11.384007693633103,8.274778103086337,0.1168795425825168,0.5013701477958206,42578.19269677563,4.534831708862791,5.750030954211955,0.9286340783147582,-1.0,0.281,1.419349673547906,2.447050353775109,1.9173606561071699,1.1092299863737365,0.09499159536626132
"[1.9647, -0.431103, 5.27489e-05]","[0.0, 13475350.0, 14843920.0]","[0.0,0.5,1.0]",391840,10.489977118534153,8.168264873603661,0.2901351827411586,0.1341850352915601,135612.1226561792,12.412196382948675,1.4210070671263106,0.6528281010473089,0.496,0.496,0.9150545039188209,0.42863671008020593,0.004741388523316893,0.0,0.0
[3.2499],[0.0],[0.0],233246,10.872378388230317,8.499581226194161,0.4808513852726452,0.4934132759654198,32999.50855881063,3.656717473920071,7.77880357122297,1.8227481299398864,0.966,0.966,3.2859553680510296,0.0,0.0,0.0,0.0
"[-1.10474, 4.70876, 0.00162589]","[11234270.0, 0.0, 13676730.0]","[0.5,0.0,1.0]",267441,8.541927234082841,5.371930125347013,0.0538580544880138,0.4414362545342816,81595.72757871938,7.93566729011451,4.734725804019241,0.8918333215117488,1.03,1.03,1.9352495386498378,0.9373757937595072,0.035960794214632434,0.0,0.0
"[8.49787, 4.91464, -4.79087, -5.3417]","[3091295.0, 0.0, 4159161.0, 4007008.0]","[0.0,0.0,0.5,0.5]",95895,9.954049212421456,8.758481555668924,0.6242740956043593,0.3162828625978717,36685.02106769414,3.9976541664704,7.245173043812927,2.236448906998816,-1.0,1.241,4.95798075219002,6.51949598794475,7.118996628561928,0.0,0.0
"[1.66188, -0.206966, 2.2044e-05]","[0.0, 7051154.0, 8831376.0]","[0.0,0.5,1.0]",216607,7.567657327033623,6.982489224352908,0.2893098612088788,0.2134351265530302,25556.712044276468,2.953276828348797,16.246713993595517,1.048903320129119,-1.0,1.511,1.3521824370373452,0.4771829999931617,0.004924709998488498,0.0,0.0
"[-2.22118, 2.51076, 3.66644e-05]","[4071093.0, 0.0, 7871267.0]","[0.5,0.0,1.0]",128544,10.253794562965226,9.977766092155209,0.1633403470074406,0.0630503447650112,67722.71992617786,6.749876671984088,3.050076524401734,1.0016281734045975,-1.0,1.785,1.5871176897793215,1.492788940419823,0.006064972316292318,0.0,0.0
"[1.78419, -1.06134, 4.36525e-05]","[0.0, 5565244.0, 7746060.0]","[0.0,0.5,1.0]",178164,11.097284308155492,10.472251676114986,0.0648693884418997,0.3598278900073019,26152.76596570054,3.0104805550133693,8.223808379227073,1.8216011455744625,-1.0,0.437,2.433177776593234,1.876638219464437,0.012035325799356204,0.0,0.0
"[1.4463, 0.00044514, -0.182767]","[0.0, 10827350.0, 10065520.0]","[0.0,1.0,0.5]",124019,8.440789387437643,8.1331890333856,0.5026874867958312,0.2688520678901478,61363.99062090628,6.198998167232,4.809372448337984,1.3729351084494643,-1.0,0.441,1.6511221515728651,0.5869470206579176,0.02896665331824735,0.0,0.0
[3.23483],[0.0],[0.0],269388,10.45538026283202,9.882280163833036,0.2983150056974496,0.2047910831049626,32406.21749354872,3.6014235054580004,7.213175763883623,1.82298398684988,0.617,0.617,3.278752123561887,0.0,0.0,0.0,0.0
"[-0.774435, -0.988623, 0.0187746]","[2775608.0, 2644627.0, 2982906.0]","[0.5,0.5,1.0]",661,9.743529608155258,7.038102130212199,0.0118581336161676,0.1515078998978688,58851.5011370723,5.979834745705741,5.0902738153178895,0.7334884653957209,0.618,0.618,0.9790992972889617,0.0,0.0,0.0,0.0
"[2.32772, -0.387565, 0.00249495]","[0.0, 1922778.0, 2034589.0]","[0.0,0.5,1.0]",339540,30.58919113709488,15.320755250768354,0.2932833178840785,0.0815157703998646,81586.8439886262,7.934914112010268,0.6902614940185601,0.9501887129380592,0.737,0.737,1.4496903109176245,0.5915373103269824,0.04746142686020648,0.0,0.0
[3.293],[0.0],[0.0],233921,10.00289830220484,6.614819205165962,0.1084207516819257,0.1189375123079716,167287.07613376743,14.970159559700775,1.3235531620796877,0.3035005941062482,0.873,0.873,0.5507511477800392,0.0,0.0,0.0,0.0
"[-0.824956, 1.73835, 1.79636e-05]","[10737770.0, 0.0, 14574620.0]","[0.5,0.0,1.0]",16216,8.853364469740063,5.425730812461531,0.1952314556467585,0.4340366878806138,53617.68822915376,5.52024482886785,7.713840625961668,0.3611990128192371,-1.0,0.906,0.47622826243288774,0.3280665469273437,0.001530887379087986,0.0,0.0
"[-0.574151, 2.27818, 0.000549217]","[2094137.0, 0.0, 2860414.0]","[0.5,0.0,1.0]",118648,7.793072807159659,6.758975035390605,0.0111488352612728,0.0032098114611422,15870.914314475902,1.993745129959703,25.90621377289744,2.358294997949509,-1.0,1.237,3.98327140470893,0.0,0.0,0.0,0.0
"[2.2021, -0.246456, 2.37949e-05]","[0.0, 36299860.0, 41191290.0]","[0.0,0.5,1.0]",214942,9.129422794833925,7.916509987460928,0.393788410793619,0.4641440942571775,59395.00123810308,6.027320876588209,4.800543274183014,0.9149331010734876,-1.0,1.479,1.3577126316657406,0.45421245394468435,0.004463045167541512,0.0,0.0
"[3.66891, -0.826387, 0.129717]","[0.0, 1763634.0, 1788132.0]","[0.0,0.5,1.0]",171095,9.77874992221491,7.812690395322523,0.3551495364171281,0.4480303164503338,12298.802744553946,1.619386609579139,23.7717249923692,5.605216377982231,0.484,0.484,12.054491863484339,0.0,0.0,0.0,0.0
[3.15844],[0.0],[0.0],210844,11.606970074869045,11.159366398095417,0.4893515939335465,0.4545269155064288,78839.9791460687,7.701679655019648,2.065908202040261,0.9580916502185968,-1.0,0.577,1.7027205238966305,0.0,0.0,0.0,0.0
"[2.36084, -1.2229, 0.000148579]","[0.0, 7974151.0, 10234680.0]","[0.0,0.5,1.0]",289749,8.982659267147895,7.952191867817132,0.0543450313197635,0.4586755363861175,40623.783882691976,4.357669341310242,7.6170305423310545,1.1148858665256565,-1.0,0.998,1.7130249456180622,1.2328944069946008,0.013589676715539135,0.0,0.0
"[2.23547, -0.22482, 2.86466e-05]","[0.0, 3876919.0, 4774151.0]","[0.0,0.5,1.0]",216421,10.200323121355986,8.208364906143004,0.5932222291027774,0.0358508408153957,48947.39860566858,5.1062672336122805,5.3730498985021615,1.9295387356086615,-1.0,1.208,2.8849475675951264,0.9148944082222892,0.010327377291493198,0.0,0.0
"[1.53675, 0.000137741, -0.169563]","[0.0, 7274566.0, 6236876.0]","[0.0,1.0,0.5]",187115,9.243990575131065,8.104754893970446,0.6538880669987729,0.3915248293220429,15840.302689252449,1.990598001594264,19.34654589402253,4.2105103328315465,-1.0,1.272,5.2195894947526975,1.7345091963588186,0.0,0.0,0.0
"[2.51739, -0.371683, 0.00106089]","[0.0, 24885370.0, 26364960.0]","[0.0,0.5,1.0]",62181,9.587918822188218,5.800523131663357,0.621635379951214,0.5534738232448282,89884.59786365626,8.635397536592263,3.562877029510261,0.8580724471027303,-1.0,1.796,1.3614422004458442,0.5231308185401962,0.02794854058004218,0.0,0.0
"[1.64902, -0.566665, 1.26457e-06]","[0.0, 11263360.0, 17007930.0]","[0.0,0.5,1.0]",74522,10.5790871244502,10.501471760219577,0.6056973678797077,0.0901858992376797,76703.85695945396,7.519801958902387,2.431774880627973,1.1086059095223617,-1.0,2.643,1.4236071179980325,0.8345269840718397,0.0012466617268478914,0.0,0.0
"[7.98304, -1.52225, 0.00606862]","[0.0, 28775110.0, 32682270.0]","[0.0,0.5,1.0]",382970,10.028254506023726,9.767680936483917,0.1803985123988453,0.1394876791500158,20397.43030072843,2.4501467346541363,12.184922675953374,0.90364218328617,-1.0,0.568,2.5531753856246033,1.114909170165561,0.07039494407039824,0.0,0.0
"[-0.446863, 4.14545, 5.76212e-05]","[10490270.0, 0.0, 12922620.0]","[0.5,0.0,1.0]",317145,10.24819738065201,9.56198341963634,0.066769848846896,0.141616011711697,39418.0637445597,4.247901513906393,6.055751916569084,1.610690456860671,0.782,0.782,3.2794266847131777,1.0767113322162998,0.012226530478349252,0.0,0.0
"[2.04696, -0.358023, 0.000110789]","[0.0, 12489720.0, 14696390.0]","[0.0,0.5,1.0]",133165,30.517743747815526,28.880046952882672,0.2705312592113429,0.4564025521443801,25363.064774304643,2.9346553726000058,1.569057302764126,5.027242576481032,-1.0,1.065,7.192576993763863,3.0080517613928737,0.05291492229038305,0.0,0.0
[5.02167],[0.0],[0.0],201488,10.67754813278076,8.886962010127174,0.399273557376704,0.2174940322321342,57069.956191139245,5.8238731202522445,4.020284148017552,0.7133673173147937,-1.0,1.189,1.598590740885517,0.0,0.0,0.0,0.0
"[5.26304, 2.1978e-05, -0.0580557]","[0.0, 63889150.0, 60878690.0]","[0.0,1.0,0.5]",170528,47.47741194410777,17.3054542408467,0.1319928684784556,0.4224048672798321,27130.8183265912,3.1039828989113367,1.6150437767305186,3.1338267376202102,-1.0,1.334,7.189411085586346,0.7550877324541476,0.014691599005242483,0.0,0.0
"[1.80966, -0.358817, 1.80266e-05]","[0.0, 4625828.0, 5979467.0]","[0.0,0.5,1.0]",248742,13.673841704973825,10.81021446939343,0.7052208804656221,0.1211363495674934,41213.31214245252,4.411206258698343,4.093765615381089,0.6986908153969523,-1.0,1.474,0.939904064828123,0.4185251297486695,0.002966483556488706,0.0,0.0
"[1.46156, 0.00888282, -0.218159]","[0.0, 6584285.0, 6480110.0]","[0.0,1.0,0.5]",99815,32.48154173135605,27.23922006412509,0.6669735105862902,0.4470438462014422,35584.44423262064,3.896282376152318,1.0876184665628663,4.998435933959703,-1.0,0.192,6.042858910466092,2.334644166216786,0.47109615638320035,0.0,0.0
"[2.07245, -4.5284, 1.57787]","[0.0, 5671056.0, 5677861.0]","[0.0,0.5,1.0]",278680,10.220188847645431,9.190857930867557,0.3008163202581278,0.2655518603193422,22442.043619745666,2.651385254765855,11.485470025850722,1.2391287166336908,-1.0,0.251,1.7838504923512226,3.0619946219103835,0.0,0.0,0.0
"[-2.74046, 2.71239, 24.3211, -22.6941, 0.159241]","[3465671000.0, 0.0, 2553711000.0, 2555264000.0, 3769188000.0]","[0.5,0.0,0.0,0.5,1.0]",361729,8.783090747090524,7.560254773206004,0.3237843171883743,0.1729492767658052,135751.76026547662,12.423559938844004,1.7519721547394624,0.4822822565861634,-1.0,0.538,0.794286811647181,2.3784437837011065,2.2975118836411723,0.7983861933860049,0.19245479340877994
"[4.86059, -1.26777, 0.00387783]","[0.0, 13215760.0, 16123500.0]","[0.0,0.5,1.0]",10564,9.730094234833576,5.643616361050539,0.0652816658263163,0.0722398263971111,126412.17662425977,11.661565927561965,2.288141401419555,0.595436595184756,-1.0,0.589,1.3127439249061819,0.670433578825307,0.03707916159773914,0.0,0.0
"[-0.743053, 2.60115, 0.000492479]","[755729.2, 0.0, 1198278.0]","[0.5,0.0,1.0]",353427,10.224806223621831,7.560170240798177,0.4357264286938013,0.4494068802404964,35138.46427267484,3.855101000639317,8.430969382728701,2.5610983038942985,-1.0,0.672,4.130560115280638,2.2084115873711965,0.0,0.0,0.0
[3.08902],[0.0],[0.0],110343,9.220836331378154,7.16059986257707,0.237258253749685,0.55967856276506,69119.51711814341,6.8702119893165765,4.293357749956122,0.8894967778675074,-1.0,0.726,1.5633446771866575,0.0,0.0,0.0,0.0
"[2.02769, -0.246532, 2.90738e-06]","[0.0, 12146990.0, 16434540.0]","[0.0,0.5,1.0]",41548,10.012207981497316,8.609442524509252,0.4894805840687835,0.4254261477648723,36424.56011292332,3.973695983202683,7.374727220940184,2.2280612162092575,-1.0,0.846,3.1726918912302047,1.1062767073702289,0.0037990763201428157,0.0,0.0
"[2.029, -1.34382, 0.000264495]","[0.0, 5336933.0, 7020157.0]","[0.0,0.5,1.0]",105962,9.788500983521232,9.02924665893358,0.0110693249776702,0.0281531532087774,181368.19193776583,16.096279863072652,0.9219251584948888,0.3271136647793433,-1.0,0.933,0.46595042280442345,0.37920079295038056,0.005319948399658836,0.0,0.0
"[1.45933, -0.178435, 7.1076e-06]","[0.0, 91898580.0, 95061600.0]","[0.0,0.5,1.0]",309871,10.80972853592992,7.483842799436017,0.1601522875980713,0.1089469145812094,130661.06045519772,12.00872149890881,1.573303656430496,0.2597640038650589,1.3,1.3,0.313802012790848,0.10972838626907064,0.0006925329778898585,0.0,0.0
"[1.62881, -0.385231, 1.25423e-05]","[0.0, 11508760.0, 14982080.0]","[0.0,0.5,1.0]",345928,10.248360790996411,9.380264023810344,0.1803543540405097,0.1953122550773093,120678.88455462872,11.191727640543805,1.51017957606649,0.7114747353117022,-1.0,1.518,0.9080184985741107,0.44159088130871293,0.002519695584943319,0.0,0.0
"[2.09781, -0.512251, 4.30316e-05]","[0.0, 6724721.0, 9269476.0]","[0.0,0.5,1.0]",310166,9.945617580145251,9.772651861708676,0.2029268014394422,0.3770723432918315,45069.90684601508,4.759411190521544,5.220660620036157,1.6711718642491529,-1.0,2.213,2.4204950059804067,1.196086318537527,0.010962632674705881,0.0,0.0
[5.05047],[0.0],[0.0],169209,10.154978205166165,6.478436125560991,0.8720816556591885,0.2523044270893638,38633.42189592719,4.176265332003724,8.706840700511538,0.8868584636986385,-1.0,0.192,1.993059264881634,0.0,0.0,0.0,0.0
[4.01324],[0.0],[0.0],246865,9.656384756042335,3.040190046271353,0.3442235778741256,0.4073436850600168,63690.73439814971,6.401179045757205,9.826274749638667,0.5650523997770942,-1.0,0.192,1.1319735778609459,0.0,0.0,0.0,0.0
[3.25165],[0.0],[0.0],99479,9.94036675091034,9.585217400728371,0.5231924302905469,0.1270315450905137,30127.46679353868,3.3878833079731323,8.352478714106315,3.1705643340827847,0.394,0.394,5.7172668931786985,0.0,0.0,0.0,0.0
"[2.82326, -0.335239, 0.0547359]","[0.0, 9187188.0, 9233853.0]","[0.0,0.5,1.0]",1782,10.296761837035742,9.710100063636832,0.4394629248883916,0.4898867806399074,19446.33924129586,2.3555892334600466,12.54770080961373,4.433109580428878,-1.0,0.542,7.448758673651233,2.7683869560730416,0.0,0.0,0.0
"[3.64859, -0.59878, -3.37889, 2.11318, 0.0191669]","[164494.0, 704923.6, 192701.2, 0.0, 787675.6]","[0.0,0.5,0.5,0.0,1.0]",61449,10.098977799888468,6.811236429132481,0.2286985514523654,0.0703497422243282,115012.23091723736,10.72567046884595,2.1430240522890944,0.4182225898948064,-1.0,0.656,1.2644342892501532,0.32876309938222825,0.0,0.0,0.0
"[1.582, -0.890408, 0.1262]","[0.0, 4358240.0, 4382018.0]","[0.0,0.5,1.0]",91823,10.779600775927074,10.440750043697614,0.4357139823185643,0.090722319811809,22049.386592902923,2.612941910012848,10.05059337558628,0.2587180520581834,-1.0,0.657,0.32540930870052776,0.26085759994041485,0.0,0.0,0.0
[4.17984],[0.0],[0.0],263033,9.387845980606398,8.260365267395114,0.4913819562737744,0.4041862666695376,6955.520659717353,1.0202018429046276,36.145475468207714,6.638049711978571,-1.0,0.699,13.571264953508365,0.0,0.0,0.0,0.0
"[1.89911, -0.399567]","[0.0, 25344560.0]","[0.0,0.5]",216173,9.039232010848345,6.709085220709828,0.210634911969258,0.5427948613299,38939.5142583928,4.20423041433294,9.19177120116996,0.4835179351729784,0.721,0.721,0.6663273633628991,0.30563803192589223,0.0,0.0,0.0
"[3.16586, -1.62718, 0.11821]","[0.0, 358499.8, 363104.6]","[0.0,0.5,1.0]",267331,10.06683606008336,8.297474209144132,0.0875599951523686,0.2218011232829611,84689.30716355704,8.197511846753073,2.7190189239614684,0.7391562477310595,1.179,1.179,1.315170639699015,0.9765230386175192,0.0,0.0,0.0
[4.99944],[0.0],[0.0],13333,18.091190519775346,6.911997868339499,0.1399325670937462,0.5037559941665203,59259.302137554085,6.01546874822986,3.161380386122484,0.3547411480612983,1.216,1.216,0.7931808996195308,0.0,0.0,0.0,0.0
"[2.7186, -0.319893, 0.00118504]","[0.0, 2736837.0, 2878145.0]","[0.0,0.5,1.0]",321187,10.93059568973976,7.606248060790594,0.5499146469526376,0.3410815331475987,53217.388420880816,5.484912196423034,4.906076366704867,1.0775365994130448,1.271,1.271,1.776661480302504,0.6105726292505753,0.0,0.0,0.0
[6.20895],[0.0],[0.0],139680,9.838220274689167,7.416468262745221,0.0836804130302745,0.9124751807693764,46151.1436144755,4.856441138525105,6.469080802938636,1.0451311071663714,1.3,1.3,2.604233105841936,0.0,0.0,0.0,0.0
"[1.90981, -0.242531, 7.67211e-06]","[0.0, 20737250.0, 26290970.0]","[0.0,0.5,1.0]",152577,11.408551222369123,8.366286858717146,0.2075177498888073,0.0751449622884121,81384.2992636768,7.91774035252829,2.5677922390678134,0.5746585851571968,-1.0,2.279,0.7941544627855465,0.2830046217108134,0.0015917223328767165,0.0,0.0
"[7.41535, -1.29868, 0.000220576]","[0.0, 2245760.0, 3743230.0]","[0.0,0.5,1.0]",167423,9.553252000649335,9.542771916396871,0.0142890573103778,0.2397938708991621,46177.12302275347,4.858769652452066,5.352064723984666,1.1991110435729182,0.366,0.366,3.265316101793609,1.3665026521873027,0.017808958880908585,0.0,0.0
"[-0.864301, 2.18045, 0.000646982]","[835791.8, 0.0, 1098354.0]","[0.5,0.0,1.0]",147256,10.419700761494855,6.149376378318631,0.2702171284616512,0.2136848574820109,57181.24274175536,5.833629608885018,5.619585047850509,1.0022750778864926,-1.0,0.958,1.4799941463125674,0.9321416775397167,0.0,0.0,0.0
"[2.38721, -0.653304, 0.000337995]","[0.0, 4576881.0, 5323864.0]","[0.0,0.5,1.0]",223802,10.045981240234582,7.568071156912165,0.0412896834886676,0.0788874437755699,47504.48953632195,4.977548229739583,6.041534135768729,0.1942187845958421,1.77,1.77,0.3000796499607713,0.15698165039878947,0.0035706424997890866,0.0,0.0
"[-0.751777, 2.1811, 0.00103027]","[1357531.0, 0.0, 1531624.0]","[0.5,0.0,1.0]",310339,10.90734010785252,4.710433795294515,0.927889194693846,0.1442527488082093,50691.351494433045,5.261311765716021,7.949892563356862,0.8336255355372746,-1.0,2.571,1.2311438452579093,0.7232907510613584,0.0,0.0,0.0
"[4.60391, -1.12131, 0.0178146]","[0.0, 963952.7, 1050109.0]","[0.0,0.5,1.0]",307132,10.87586598211966,10.604486115756284,0.6940533763328633,0.2726573268375865,35875.31985674136,3.923109309225047,5.879919529059741,2.1105592029093843,0.777,0.777,4.528568606581533,2.2525952000812404,0.0,0.0,0.0
"[2.00312, -0.326588, 0.000424693]","[0.0, 9033120.0, 10396770.0]","[0.0,0.5,1.0]",202050,8.545429409440652,6.940850642803143,0.0486541498644974,0.0044353059015922,20119.39077084477,2.422569416979569,18.791388039078523,0.8958567372167855,-1.0,1.08,1.267920570157884,0.5122958870592036,0.0,0.0,0.0
"[2.7731, -1.6571, -1.13577, 2.76372, 3.66454e-05]","[11171.25, 1335023.0, 1982839.0, 0.0, 4981062.0]","[0.0,0.5,0.5,0.0,1.0]",116021,34.91474826790845,28.733655628698028,0.2726083002140708,0.3237660405306054,135143.67118073232,12.374067995268806,0.1835694275061319,0.1646078676075845,-1.0,1.083,0.38732969283108415,0.2118970680655529,0.17542673703415065,0.0009964610378333533,0.0
"[2.80312, -0.591836, 0.000115827]","[0.0, 2426441.0, 3432084.0]","[0.0,0.5,1.0]",308766,10.247422162674363,5.914038972756359,0.4502884053391198,0.396879957859095,34533.43827382554,3.799134612652828,10.619401334067922,1.3515236115904152,-1.0,1.322,2.2627912068215,1.039738981665316,0.014545496205047376,0.0,0.0
"[1.46442, -0.271103, 0.00195625]","[0.0, 436741.5, 467053.5]","[0.0,0.5,1.0]",60997,10.236103309218516,7.650261367776995,0.2409771804413534,0.531770733697002,28315.01642924174,3.2166209673148214,10.547082519531632,1.5722830967342667,-1.0,2.279,2.072481005037618,0.0,0.0,0.0,0.0
"[-1.34561, 2.12507, 0.0147203]","[3001221.0, 0.0, 3412935.0]","[0.5,0.0,1.0]",402359,36.0836332188936,24.612430178024123,0.6400500491470862,0.4834323419311671,37237.262228836575,4.048386569211679,1.0352484853681634,4.976921466202974,-1.0,0.239,7.255166907377636,5.773250353003292,0.6038361622964072,0.0,0.0
"[-1.1908, 2.43433, 2.00082, -1.05424, 0.01051]","[1243044.0, 714693.5, 0.0, 1374146.0, 1820184.0]","[0.5,0.0,0.0,0.5,1.0]",77540,9.257217316618222,6.303493185154469,0.4132887794339444,0.2343262364164623,51351.93877695393,5.319894447161214,6.883487734567444,0.4493926378121651,-1.0,0.409,0.6356674349915573,0.973210573228938,0.0,0.0,0.0
"[2.81151, -0.316042, 0.00079239]","[0.0, 26411750.0, 27921150.0]","[0.0,0.5,1.0]",236633,10.069409488699742,6.558552761333275,0.2541905944689808,0.3037847455347429,51083.33826592768,5.29608366166162,6.257396820724591,1.5869786091254452,-1.0,0.866,2.660975581253774,0.8921614912593527,0.04467253173083078,0.0,0.0
"[2.79538, -3.57184]","[0.0, 28739270.0]","[0.0,0.5]",224681,9.581432460230207,6.855384165873192,0.6431888951324988,0.4522730651517365,44268.82811925046,4.687360985600907,7.424533931267394,1.1651151439819771,0.962,0.962,1.9480014418426492,2.2019874804725177,0.0,0.0,0.0
"[2.16357, -0.248802, 3.57411e-05]","[0.0, 17009590.0, 20619400.0]","[0.0,0.5,1.0]",28528,10.70766718513257,7.774992453139665,0.0760710026114121,0.78017513708987,63288.67361899328,6.366293957431542,3.9581151908909527,0.5585233745481777,-1.0,0.964,0.8215364344111221,0.2785917727500057,0.0033390683620761934,0.0,0.0
[4.53744],[0.0],[0.0],47785,10.229132430926022,6.9956336329712245,0.0574205731327668,0.2225757980447483,79487.39912470867,7.75671577161821,3.3717861326949814,1.0927411934209312,-1.0,1.137,2.3276772543544393,0.0,0.0,0.0,0.0
[3.06321],[0.0],[0.0],111391,25.082142574453915,19.167744671039184,0.198751664440859,0.5562438762421178,27615.963651556747,3.1502025310247825,2.385776630771224,6.935753198359294,-1.0,1.159,12.138974982668936,0.0,0.0,0.0,0.0
"[2.32509, -0.263948, 0.000168941]","[0.0, 10024670.0, 12190520.0]","[0.0,0.5,1.0]",140999,10.10885743817012,8.744400747120295,0.1026149219183471,0.1658656011892649,36876.615970806495,4.015265071119432,7.1217006987046165,2.34762328610051,-1.0,1.224,3.579713691401809,1.2061118833854758,0.0305137749552735,0.0,0.0
"[1.4929, 9.09564e-05, -0.171325]","[0.0, 13855580.0, 12409050.0]","[0.0,1.0,0.5]",108634,42.96772857365665,39.63927658806634,0.2471998261067432,0.0649370639536079,22551.20628139385,2.6620567574070235,1.0215020633064602,7.712891653021164,-1.0,1.248,9.42394167657788,3.1924757046999277,0.0735586689591755,0.0,0.0
"[3.63191, -1.89473, 0.000133235]","[0.0, 2761937.0, 4555902.0]","[0.0,0.5,1.0]",96299,10.21026753474696,8.835282479954008,0.1806302860345801,0.2866043607953948,24991.96985108077,2.8989179494477804,10.653123842846956,2.724857747747684,1.336,1.336,5.19291691046908,3.7507446671583136,0.03145234261285541,0.0,0.0
"[1.68439, -0.230402, 0.000782948]","[0.0, 12549440.0, 13772630.0]","[0.0,0.5,1.0]",392463,8.531090929272118,6.706851951990218,0.2421984297447917,0.2132383488925653,24243.164484479898,2.826592665371629,16.08700840096726,2.284066363667747,-1.0,1.571,2.9643538636264384,1.098217842985634,0.0,0.0,0.0
"[-0.597472, 2.46226, 3.27448e-06]","[7004851.0, 0.0, 12098020.0]","[0.5,0.0,1.0]",91534,9.521683183866935,7.239811104371919,0.1257866460630668,0.8625171882955425,36578.550512519374,3.987862854761077,8.861678019354004,1.0534308496748157,-1.0,1.759,1.6530005096275837,0.8142632065719319,0.001906238354762857,0.0,0.0
"[1.6285, -0.239853]","[0.0, 18745060.0]","[0.0,0.5]",182170,9.710505496908494,7.009567379937255,0.259126468551922,0.3197441238337351,66738.70040707695,6.6649624265700576,4.382007754352818,0.7219994529213474,-1.0,2.248,0.9213629618752284,0.3535977117751488,0.0,0.0,0.0
"[-1.78364, 1.83907]","[36290640.0, 0.0]","[0.5,0.0]",201637,9.09278366045891,7.131989265238777,0.3124127931699449,0.4862428725945878,166966.9314483358,14.944484777092354,1.3433155531075884,0.1479070160977632,-1.0,2.534,0.19753423611712506,0.20058012868852373,0.0,0.0,0.0
[3.67437],[0.0],[0.0],309478,10.40767419464685,7.861809092438349,0.7206092817882014,0.2389698555897219,26081.10889079301,3.003612933809878,11.082964874358307,2.056208877493894,-1.0,0.493,3.9414740639333274,0.0,0.0,0.0,0.0
"[-0.564146, 1.85062, 0.000669476]","[724679.1, 0.0, 892197.5]","[0.5,0.0,1.0]",232496,9.789978376196494,5.172442080421365,0.4224684044289741,0.3632698067712698,60175.59398078409,6.095446733568105,6.455559168761314,1.2876182366477078,-1.0,0.599,1.7516435921276385,0.9676992689606442,0.0,0.0,0.0
"[2.38183, -0.446793, 0.000345319]","[0.0, 2859630.0, 3464618.0]","[0.0,0.5,1.0]",344289,11.312908118352334,7.651751163883529,0.3055819435646727,0.4294979599442641,81914.02533029042,7.9626481275984275,2.768829389964681,0.9098925307827478,-1.0,0.616,1.4042533884277568,0.608195608699409,0.01690831527894831,0.0,0.0
[3.5987],[0.0],[0.0],310977,9.220323711091025,7.023668637523292,0.2093222800984763,0.0988440614694232,44526.37397535359,4.710540286154193,7.450217181604131,0.5906391123260529,0.643,0.643,1.120456562613739,0.0,0.0,0.0,0.0
"[2.10338, -1.61361, 0.00055482]","[0.0, 4383772.0, 6141575.0]","[0.0,0.5,1.0]",20557,10.194176919482254,8.083539568730364,0.1633301932628222,0.017060723617952,21152.02218482476,2.524727229990114,13.609888834447249,0.5004338730145856,-1.0,0.763,0.7257809557806368,0.6356908883965219,0.011787528403719041,0.0,0.0
"[1.95921, -0.370346, 0.000224859]","[0.0, 13318400.0, 15343070.0]","[0.0,0.5,1.0]",402426,9.305666729400942,8.014446573178624,0.8319403101625253,0.0257436391319322,59463.46519326426,6.03329931711348,4.670258288878571,1.1666912579547115,-1.0,1.094,1.6330385543557078,0.7100023282437606,0.017494884561065342,0.0,0.0
"[-0.981623, 2.90164, 7.53078e-05]","[8172980.0, 0.0, 11373610.0]","[0.5,0.0,1.0]",18758,9.513369344142916,7.713558514506675,0.0999626522788977,0.2603753027057652,21280.37359499889,2.537376231682559,14.895493960852818,0.8094799973044767,1.157,1.157,1.37888448914507,0.8020076011060687,0.007024672826820484,0.0,0.0
"[3.25838, -1.743]","[0.0, 4593362.0]","[0.0,0.5]",241546,9.41677800471587,8.353508263063313,0.4278739973317425,0.3115439908925945,24611.476455206008,2.86220395341829,12.127699268881836,1.6428167591798393,1.421,1.421,2.9654457971516757,2.1688914574256746,0.0,0.0,0.0
"[4.99208, 6.14629e-05, -0.145387]","[0.0, 33631630.0, 29805960.0]","[0.0,1.0,0.5]",389034,10.790385615707793,8.34957704950782,0.4470348050417908,0.2110278940987526,39909.03573236566,4.292644077390468,6.419994085951284,1.6510863323935556,-1.0,1.661,3.689016099633348,0.6295533944624887,0.012944232535885471,0.0,0.0
"[0.012428, -0.0339407]","[57544150.0, 57540120.0]","[1.0,0.5]",256255,33.09035517973561,22.07095249692535,0.5819884330864636,0.2315125831268689,57406.578659911786,5.853378834320885,0.7326411447381667,2.0811735693880236,1.842,1.842,0.23201118597456652,0.38341464679130177,0.0,0.0,0.0
"[3.4558, 0.000305089, -0.118478]","[0.0, 47194370.0, 46071330.0]","[0.0,1.0,0.5]",337108,10.53411941146518,10.178051489138664,0.6213741061783478,0.3174317705358809,65410.48021009702,6.550157196925347,3.0638149191894817,1.3449863265287214,1.916,1.916,2.5003002790989743,0.4629528120200535,0.023492603231846494,0.0,0.0
"[2.24309, -0.246247, 9.78948e-05]","[0.0, 703690.7, 842795.5]","[0.0,0.5,1.0]",183098,11.34970738695896,10.947130747978088,0.3235028919612228,0.3890292671538757,188039.62477072937,16.627793293965656,0.6594416877049127,0.4060767711783536,-1.0,2.761,0.6081791073740258,0.20150861653360405,0.004017796711517904,0.0,0.0
"[-1.06895, 1.78184, 0.000390748]","[2740472.0, 0.0, 3773060.0]","[0.5,0.0,1.0]",391176,9.94305270953906,9.59998462630858,0.8051553080615828,0.4675858766918961,70737.8732124118,7.009351028095313,3.059062743450616,0.7602471680253886,-1.0,0.368,1.0148203397376565,0.786019837472727,0.015028069433470093,0.0,0.0
"[1.44361, -1.3499, 0.0153926]","[0.0, 25572190.0, 26049870.0]","[0.0,0.5,1.0]",217113,10.3266027404322,9.652311187600723,0.2065034911710094,0.1842615820916937,44388.10449519082,4.698097803977691,5.205097447947908,1.1374935738942078,0.45,0.45,1.366702197599586,1.3215991495969075,0.1411253213068183,0.0,0.0
"[1.78164, -0.21535, 0.0017764]","[0.0, 4539563.0, 4768595.0]","[0.0,0.5,1.0]",304459,9.695410575062786,5.893506117067508,0.1253968211793646,0.0914310262467088,82499.21212672013,8.01222800654865,3.893336494344036,0.6585831478015042,-1.0,0.556,0.879064194164395,0.30687882978803627,0.0,0.0,0.0
"[1.87133, -0.256087, 0.00191587]","[0.0, 1233700.0, 1301062.0]","[0.0,0.5,1.0]",378121,9.343764730712053,5.081015499237412,0.2249863697463763,0.3561886082320362,58859.54641450556,5.980537999595133,6.989713123157484,0.9641066359230942,-1.0,0.824,1.3188647539801388,0.4897081598981087,0.0,0.0,0.0
[3.09796],[0.0],[0.0],41488,9.463406735292374,6.351830308930131,0.7190737071583937,0.327578486407121,55312.67213495277,5.669558286616044,6.141775125916267,1.4492446945834334,0.981,0.981,2.5508188763680506,0.0,0.0,0.0,0.0
"[6.22486, -0.397325, 8.67243e-05]","[0.0, 6911050.0, 8929155.0]","[0.0,0.5,1.0]",53680,10.346512424738943,9.878989933369573,0.048831883559442,0.5758505586541217,41689.82648230141,4.45441772888084,5.481794829353241,2.194866812802281,-1.0,1.206,5.476120121704427,1.3835062260446989,0.020439890901347575,0.0,0.0
"[-0.4501, 2.40412, 0.000459275]","[2753254.0, 0.0, 3847501.0]","[0.5,0.0,1.0]",288188,9.243614852488466,7.565122237402881,0.1576679283079791,0.6878838490785215,76584.97067084037,7.5096662258491715,3.5895765267033872,0.8507191861286914,-1.0,0.293,1.3190592329628485,0.5707431843261233,0.018231509597560442,0.0,0.0
[4.44553],[0.0],[0.0],312546,10.12630793714234,9.15031916498815,0.1439918839976181,0.0270790559047441,81747.8697859204,7.948565028475979,2.607619192682024,0.8548193551324416,0.318,0.318,1.8023375036309233,0.0,0.0,0.0,0.0
[3.25984],[0.0],[0.0],265299,10.00962194383451,9.805440138542435,0.4650092107848015,0.2316410780650063,46478.61016095337,4.885779535026905,4.994406848017445,1.4704657487230568,-1.0,0.637,2.6549298796961973,0.0,0.0,0.0,0.0
"[12.6286, -0.266423, 0.0306044]","[0.0, 4272455.0, 4287584.0]","[0.0,0.5,1.0]",57660,33.10100592704167,27.07763157871659,0.200450449323028,0.0037018488930332,79943.14140494389,7.795433717269832,0.4054870666924332,1.545950886148346,0.787,0.787,5.4938057090232215,0.8425466368725292,0.0,0.0,0.0
"[1.73873, -0.500378, 0.000454528]","[0.0, 13767400.0, 15891200.0]","[0.0,0.5,1.0]",46818,10.090364996138748,7.94015527878281,0.2832213256600984,0.5677181618551062,37880.046685966605,4.107328110824338,7.51024559435055,2.341793196030051,-1.0,1.175,3.0879098553631255,1.65652366018035,0.049926240083612426,0.0,0.0
"[1.3882, 0.12, -0.196256]","[0.0, 936981.2, 936942.3]","[0.0,1.0,0.5]",51634,9.784117348801429,5.327355845113439,0.138705242147669,0.4025225148068285,168377.2565106755,15.057564264441094,1.6130443839552735,0.2498487316283703,-1.0,1.327,0.2943765214622443,0.14050653889246137,0.0,0.0,0.0
"[1.60446, -0.165275, 0.0080334]","[0.0, 11568990.0, 11664470.0]","[0.0,0.5,1.0]",378989,9.771571626414804,9.674984995435649,0.1658104768482165,0.0146557663256309,61732.180993745176,6.2310406525719255,3.656298989695455,1.569758980085463,-1.0,1.535,1.9883710136224872,0.653495772742038,0.0,0.0,0.0
"[1.78849, -0.917804, 6.07687e-07]","[0.0, 7631348.0, 13114270.0]","[0.0,0.5,1.0]",164753,10.1966438523586,8.684285303020447,0.329782022243662,0.2402555007647967,34692.38994274906,3.813849272699568,7.615629915545128,0.9767564674847972,-1.0,1.881,1.306259775809246,0.9357530872037746,0.0007614234859706028,0.0,0.0
"[-0.330234, 2.19502, 0.000347319]","[1149130.0, 0.0, 1366895.0]","[0.5,0.0,1.0]",226245,10.73141158696614,8.33742934006711,0.7718031191582566,0.2078060450764804,117441.46900323224,10.925676475775022,1.6672122709852215,0.5943893028185528,-1.0,1.886,0.8806234087438377,0.34157169697330714,0.011077334132998464,0.0,0.0
"[-0.970623, 2.15199, 1.09914e-05]","[1112800.0, 0.0, 1865991.0]","[0.5,0.0,1.0]",226696,9.75511057279702,8.77115506650036,0.2480818930636331,0.100340829148416,122234.88562308066,11.31940478675835,1.6356898473207204,0.3911932820214517,-1.0,2.06,0.573867344800343,0.3854044076451676,0.0012969340561895723,0.0,0.0
"[8.6292, -3.66598, 0.000443539]","[0.0, 2286896.0, 5134444.0]","[0.0,0.5,1.0]",16289,12.128326630291156,6.534952433973881,0.3275248512869195,0.0223374806083841,37859.9407707697,4.105486389285373,7.684241171909926,0.9280049166071104,-1.0,0.304,2.726060842384328,1.7768277275225324,0.019544122839844098,0.0,0.0
[3.24688],[0.0],[0.0],76979,10.28902841647176,5.922577636992981,0.5642021377613669,0.141237487817,55395.786722523546,5.676867753901111,6.097415412664264,0.9094558829774938,0.382,0.382,1.638757738901054,0.0,0.0,0.0,0.0
"[1.5766, 0.000175829, -0.169885]","[0.0, 2129707.0, 1893387.0]","[0.0,1.0,0.5]",278317,25.73325972065065,13.166156653506668,0.1125275778638215,0.1794618869738691,94558.1819497924,9.027466003367868,0.745450368004381,0.8628486368407438,-1.0,0.581,1.0834163328731925,0.35564125537272356,0.01144141847449646,0.0,0.0
"[3.60424, -1.28168, 8.39175e-05]","[0.0, 2633881.0, 4724715.0]","[0.0,0.5,1.0]",84813,10.07724145376975,9.735337835752135,0.1445380743552635,0.2959925286923694,106670.2589435584,10.03628140330253,1.7523730351537825,0.7731351292701915,-1.0,0.739,1.4677843676838507,0.8752763836081271,0.00708241996653038,0.0,0.0
"[4.77015, -0.415723, 3.71658e-05]","[0.0, 3148748.0, 4727736.0]","[0.0,0.5,1.0]",45184,10.674465652669408,6.817854650694248,0.3576382738279819,0.3468598396167056,89501.28342904232,8.603165627993986,2.857424402027909,0.5521854231552732,-1.0,0.76,1.206010129924987,0.3560303031504228,0.0033663299461757176,0.0,0.0
[3.53247],[0.0],[0.0],844,10.11827679740936,7.025078622505505,0.1957164119631702,0.2932471690546167,58040.3018368283,5.908879164877416,5.030815533054557,1.3291247542144968,-1.0,1.022,2.498072207853564,0.0,0.0,0.0,0.0
"[1.84284, -1.30063, 3.21598, -1.93252, 0.0003445]","[0.0, 102869000.0, 77378730.0, 89002970.0, 118966900.0]","[0.0,0.5,0.0,0.5,1.0]",388175,8.479687067326495,3.693207146688451,0.2722139199890923,0.308891019072365,99154.28170175146,9.411454308619073,5.142871235275521,0.4526006121459912,1.576,1.576,0.6144109572131263,0.8116556321786472,0.6291832256770492,0.5161691216619764,0.008400589247939218
"[2.0768, -1.37739, 0.000390774]","[0.0, 7717060.0, 8370018.0]","[0.0,0.5,1.0]",402163,9.190417785263396,8.258432445128971,0.3897333347092685,0.2252408084996743,125732.2885129651,11.605935263791206,1.7395668888604392,0.291856723492527,2.017,2.017,0.4205978420639569,0.3425296457537071,0.005769425009240904,0.0,0.0
"[1.82865, -0.590765, 0.000109214]","[0.0, 14341790.0, 17206340.0]","[0.0,0.5,1.0]",307987,7.726472994029754,3.866216519981206,0.519425378437057,0.4982813536130875,30941.70626327808,3.464403975516311,21.755295404186988,1.0562133198644736,-1.0,0.428,1.4282917748622594,0.8118186399660571,0.011038010347292493,0.0,0.0
"[5.24733, -1.49948, 0.00024307]","[0.0, 934529.2, 2021075.0]","[0.0,0.5,1.0]",403373,9.732763324837032,9.143085404483315,0.254622332890837,0.2123458699403209,24865.030862026622,2.88667766337341,10.823952382123409,3.277328212696204,-1.0,0.535,8.512736224905952,0.051095848691967566,0.0,0.0,0.0
"[2.75898, -0.558847, 0.000120641]","[0.0, 52204450.0, 57065140.0]","[0.0,0.5,1.0]",284511,9.898240347618378,8.39440747508708,0.1230979156308318,0.256537398099982,60190.49143307113,6.096746031766533,4.205544507927885,1.0888232537441636,-1.0,0.664,1.8085547622861917,0.8139614736109095,0.011959274976904468,0.0,0.0
"[-0.768613, 2.75188, 0.000843315]","[9386220.0, 0.0, 11522810.0]","[0.5,0.0,1.0]",340698,10.766130223461245,10.599205434209724,0.5176329293395399,0.1070304092822562,11898.96882417528,1.5764564056381642,17.454570271669954,7.678539314250763,-1.0,1.092,12.73776869147187,6.731819690658547,0.22298390912284924,0.0,0.0
"[2.43048, -0.50997, 0.0018974]","[0.0, 471958.3, 535874.6]","[0.0,0.5,1.0]",367661,10.677552222262504,8.37693597528221,0.3835806165728651,0.0698222058305539,60554.94279903983,6.128522934587267,3.9308499600050695,0.8411659528027122,-1.0,1.12,1.3113774506419944,0.6018114152472225,0.0,0.0,0.0
"[3.18041, -0.123021, 0.000570329]","[0.0, 2510295.0, 2743265.0]","[0.0,0.5,1.0]",236663,8.420972878716025,7.859262352721647,0.2128732180639992,0.1686085166958527,57448.03690844483,5.857011363075556,5.378092221893588,0.7804969963197589,-1.0,1.359,1.3919152441151599,0.27438807774930596,0.0,0.0,0.0
"[-2.57323, 2.42337, 0.0410134]","[179189.6, 0.0, 201956.5]","[0.5,0.0,1.0]",206136,9.164918397649757,8.614854373297987,0.1992976331829874,0.298248956333076,122662.0460328271,11.354433491680329,1.740220670757527,0.3858453391713424,-1.0,1.462,0.6006522692611864,0.623858747079817,0.0,0.0,0.0
"[-2.67073, 2.06522, 1.5092e-05]","[2362117.0, 0.0, 4767657.0]","[0.5,0.0,1.0]",13412,10.180757624403174,8.069348571336919,0.4882126208599592,0.4516510830720266,50324.23888298398,5.228720907477184,5.282610962220256,1.1743752638509477,-1.0,1.706,1.6876798147781664,1.9192073024874503,0.004562262747050687,0.0,0.0
"[1.60474, -0.618914, 0.000283676]","[0.0, 825410.5, 1031899.0]","[0.0,0.5,1.0]",329892,7.425288542174954,7.278116428492705,0.7362261737383675,0.3898954840644157,31251.678549792938,3.493469350572841,12.876985006993168,1.219313242951679,-1.0,1.746,1.8183462986882284,0.0,0.0,0.0,0.0
"[9.09848, -5.94936, -2.7946, 2.7334]","[25624940.0, 26086220.0, 28292510.0, 0.0]","[0.0,0.5,0.5,0.0]",403309,10.77151350967864,9.466057923445216,0.0008205251885914,0.5005565351790081,103359.67116040085,9.761517073168983,1.7709022995066113,0.883634598802223,-1.0,2.136,1.460912844361798,2.665367726386913,2.155300536242101,1.4771770094333114,0.0
"[1.53605, -0.24667, 5.98438e-05]","[0.0, 10348410.0, 11304380.0]","[0.0,0.5,1.0]",133831,29.982317067312643,29.886539809375137,0.7646243411976323,0.0902535145981587,58553.47610157924,5.953777836197848,0.5989653013770476,2.797381258725794,0.37,0.37,3.4670039566953084,1.3893441215618125,0.021640198612637464,0.0,0.0
[3.33343],[0.0],[0.0],13211,28.39620608182588,26.29699929411269,0.5232678574826342,0.2283564044425934,13521.724235671856,1.7492957366477688,3.2745556126630966,17.917712347092298,0.438,0.438,32.71359177473489,0.0,0.0,0.0,0.0
"[1.56977, -0.742659, 0.000205029]","[0.0, 7670856.0, 8808860.0]","[0.0,0.5,1.0]",235364,8.971369349578154,7.324279182441265,0.0408156971892075,0.0821243897992386,51126.10451189007,5.299875657475821,6.2405636431210665,0.8301157611014227,-1.0,0.453,1.0400558765858932,0.7153743823702692,0.011886289577621431,0.0,0.0
"[2.62662, -0.329415, 0.000211461]","[0.0, 15492310.0, 17802230.0]","[0.0,0.5,1.0]",234672,9.88335861419564,9.588316579705,0.0984268634942686,0.072825880474382,26763.066083164,3.0688774768864286,9.51495392273854,3.031851190296515,-1.0,0.512,4.9136758686675455,1.7401214756660899,0.04408826639977685,0.0,0.0
"[-0.732386, 1.64897, 6.94552e-06]","[4521082.0, 0.0, 7134539.0]","[0.5,0.0,1.0]",133787,9.74183260643879,6.594796650931992,0.1566089641594608,0.1990970933600822,23782.6468379268,2.781965866546025,14.952928667674286,2.644121752686071,-1.0,0.559,3.395375622778328,2.2628275934581614,0.006968412195568333,0.0,0.0
"[3.10986, -0.445222, 0.000237513]","[0.0, 25725960.0, 29523420.0]","[0.0,0.5,1.0]",260316,32.750522970625774,32.015562368026835,0.2983606973707088,0.2240317804189722,96935.11657183612,9.226239390389953,0.2763037463040765,0.6403809758258527,-1.0,0.598,1.1292987326964419,0.4272939361951748,0.0098692037299747,0.0,0.0
[3.51098],[0.0],[0.0],143624,8.975712289270522,7.362923992665553,0.0329687656905836,0.3032886925933473,43247.42230573962,4.595287214470424,7.567612931841326,0.8731171606053848,0.642,0.642,1.636012817544132,0.0,0.0,0.0,0.0
[3.03743],[0.0],[0.0],138758,9.99657886453786,8.183459299179042,0.3701421269868131,0.2414197888340626,68850.0403311456,6.847014203888308,3.60533866202363,1.0056380344022893,-1.0,0.792,1.7526485163227772,0.0,0.0,0.0,0.0
"[2.44916, -1.22389]","[0.0, 3534513.0]","[0.0,0.5]",226187,9.214338940733022,8.828541402500584,0.0772301762644472,0.1795123081117868,163027.421791805,14.628272530351175,1.147116108594055,0.2556548398379284,-1.0,0.795,0.40009451518506584,0.282829829679553,0.0,0.0,0.0
"[2.40623, -0.265562, 0.00469639]","[0.0, 7955630.0, 8155030.0]","[0.0,0.5,1.0]",394948,9.899248545605374,8.004272462471421,0.27490308237827,0.3702554212987586,59175.20540198075,6.008122186194233,4.47125535290449,1.4195601441414658,0.927,0.927,2.2020256123740967,0.7379779574167891,0.0,0.0,0.0
"[2.73153, -0.598752, 0.0790735]","[0.0, 927116.1, 932108.3]","[0.0,0.5,1.0]",274950,7.392047066745058,6.933338809276533,0.7118822418230284,0.7763269634141325,39607.743445299006,4.265194775807079,10.335886943891952,1.021283737003076,0.939,0.939,1.6879104562820173,0.8408245194940104,0.0,0.0,0.0
"[7.47181, -0.0210338, 4.38161e-05]","[0.0, 39967900.0, 41532190.0]","[0.0,0.5,1.0]",358380,10.564146667618738,8.848572704126497,0.4178814923879017,0.3393256266644825,65891.91154673495,6.591795238267156,3.4076673500514225,0.7444283353176138,-1.0,1.414,2.034865952809783,0.10796469580732375,0.004927648884352235,0.0,0.0
"[1.51734, -0.291177, 0.000114996]","[0.0, 1702033.0, 2036036.0]","[0.0,0.5,1.0]",162133,8.70877215375851,6.427956034846516,0.0528207247946271,0.5158144208626838,25247.55193626349,2.923538558762687,15.736005301014409,0.1746525142166819,-1.0,1.645,0.21513758803573935,0.09426253556084457,0.0,0.0,0.0
"[2.07293, -0.389031, 2.68097e-05]","[0.0, 22368100.0, 25791190.0]","[0.0,0.5,1.0]",167764,9.78897212620543,9.663105273175228,0.2250346391409069,0.0780428766808795,103910.59398082344,9.807289974373743,1.8706119729602784,0.770612489984677,2.832,2.832,1.10950269666084,0.4806491166465728,0.0039900838366531315,0.0,0.0
[3.81271],[0.0],[0.0],309453,9.986796471836184,9.345794188220598,0.1144872419355503,0.1612400840174463,60243.276872460905,6.101349787726041,3.809455940313644,1.1390900106868669,0.291,0.291,2.2242056009784035,0.0,0.0,0.0,0.0
"[-2.38254, 3.51637, 0.00157608]","[1150198.0, 0.0, 2000308.0]","[0.5,0.0,1.0]",247726,10.827898084181244,8.929452968705563,0.0507019930378003,0.2229082333769427,131538.7996688148,12.080331720709246,1.3382979687551857,0.7015333875281127,0.319,0.319,1.3155144655320674,1.0828503599214283,0.027850787130395002,0.0,0.0
"[3.57332, 0.00448478, -0.212342]","[0.0, 10089340.0, 9824371.0]","[0.0,1.0,0.5]",78813,33.254979773554645,29.520750272722296,0.6017182640969884,0.2580567935646909,66418.50115831304,6.637305752234958,0.4750686870905673,3.794744621722178,-1.0,0.634,7.1732919893441895,1.748640391679613,0.25412835541937706,0.0,0.0
"[-0.312182, 1.60577, 3.53267e-06]","[8255436.0, 0.0, 11429270.0]","[0.5,0.0,1.0]",47009,9.486105299418153,5.292347965563838,0.7991054562692574,0.1999803378361634,44646.93862659039,4.7213862624030165,9.28285152612409,1.3912513077178783,-1.0,0.73,1.7629794722922352,0.7773373131269048,0.0026149122565523207,0.0,0.0
"[1.49225, -0.217561, 0.110335]","[0.0, 7454660.0, 7455872.0]","[0.0,0.5,1.0]",218143,9.654127393488702,6.613850913699577,0.1600662522957402,0.050690097581298,16801.839920105427,2.089026321249676,21.051575812836017,2.741386580558615,-1.0,1.02,3.348814383199487,1.5697783745274319,0.0,0.0,0.0
"[-3.09689, 3.72017, -4.7862, 4.85184, 2.99207e-06]","[730627.2, 0.0, 445631.4, 235546.6, 6107165.0]","[0.5,0.0,0.5,0.0,1.0]",108138,8.742931131730717,7.905716065764311,0.361978432460719,0.0782186368619342,48878.483101831,5.10012865253465,6.304828041855542,1.8149654253910683,-1.0,1.393,7.362386610752,0.0031394547738575087,0.0,0.0,0.0
"[3.67157, -0.056165, 0.000330927]","[0.0, 9643216.0, 9966318.0]","[0.0,0.5,1.0]",374531,9.089862648039976,9.086053887502898,0.3095594541937243,0.5371856757365058,77339.55169400618,7.573974419695418,3.0806287335265536,0.513340263226962,-1.0,1.451,0.98362879811635,0.12165731032231943,0.009338377585310987,0.0,0.0
"[-0.470771, 3.30117, 4.78699e-07]","[12260580.0, 0.0, 22855580.0]","[0.5,0.0,1.0]",280255,10.53204250265878,4.215044285667312,0.1296605671067935,0.0501258764479903,111343.95769551925,10.423024088387574,3.313820926438254,0.5150361061640807,-1.0,1.74,0.9357753928784597,0.3533804561032522,0.0003563435777493918,0.0,0.0
"[1.76997, -0.29445]","[0.0, 68912290.0]","[0.0,0.5]",272567,9.299735813563204,6.927213574966895,0.7126711958854867,0.0284280168730814,68159.40094217937,6.787521791884665,4.464380166200251,0.6271772609738014,1.803,1.803,0.834398004545014,0.34032674769578647,0.0,0.0,0.0
[4.06546],[0.0],[0.0],300959,9.941432230040787,3.823254178024511,0.3619111755357758,0.5782840332193344,109065.94413288849,10.234685707716569,3.888797152898868,0.4505716764066413,2.138,2.138,0.9084870353816966,0.0,0.0,0.0,0.0
"[1.64965, -0.549062, 0.00669562]","[0.0, 1228968.0, 1318915.0]","[0.0,0.5,1.0]",205190,9.24405220733506,8.925379404136322,0.0933112439015189,0.4949249152212251,33942.02483614623,3.7443157990734015,8.267589635396385,2.69114439580484,-1.0,2.338,3.456470912956276,2.0062253507299035,0.0,0.0,0.0
[3.05662],[0.0],[0.0],264868,10.409798512767846,8.465539265655996,0.4359452477713107,0.0801143510025872,36501.19373361504,3.980746781145598,7.229152347791613,1.8505162641626112,0.472,0.472,3.2352931012701736,0.0,0.0,0.0,0.0
"[2.33339, -0.550213, 0.0325009]","[0.0, 53333260.0, 53673220.0]","[0.0,0.5,1.0]",393086,10.098967770347024,6.716474994668673,0.0115488615773633,0.2971465893515377,29918.91140181771,3.368243256711716,11.246478192713798,1.137373416232339,-1.0,0.519,1.7373876875713052,0.868221951855541,0.0,0.0,0.0
"[1.89521, -0.224874, 4.55875e-06]","[0.0, 13662350.0, 18552520.0]","[0.0,0.5,1.0]",337177,10.72198363421785,5.490038846468301,0.1615621093110348,0.3073805904918082,39031.08372442906,4.212591788419831,9.536357111511297,1.1499153897461842,-1.0,0.705,1.5830497225007183,0.5453000140505695,0.002455210736077063,0.0,0.0
"[-0.94293, 1.58554, 0.00296199]","[23869780.0, 0.0, 25185820.0]","[0.5,0.0,1.0]",200260,10.819806555302955,9.64136188656395,0.5442305302417595,0.0133259204693153,43861.98591160967,4.650714382951142,5.083430136842224,1.643228938219046,0.939,0.939,2.069124751680096,1.5956506048419958,0.08943136685268109,0.0,0.0
[3.01106],[0.0],[0.0],363989,9.372770495889212,4.684073201508575,0.5851292764216534,0.0693821541044701,136106.7334516981,12.452443492466458,2.510994982440472,0.1521064313047033,-1.0,1.06,0.26394125775564287,0.0,0.0,0.0,0.0
"[-0.967928, 4.14638, 4.01698e-06]","[3591126.0, 0.0, 9682874.0]","[0.5,0.0,1.0]",82592,9.51699479442527,9.217037819756236,0.6996915857605998,0.4294866272938983,54991.28312671152,5.64128260335377,4.484797220217939,1.5323986913405978,-1.0,1.27,3.1203716460801068,1.5076248908642085,0.0030712955262741,0.0,0.0
"[-0.0140648, 0.00364557]","[15289890.0, 15294470.0]","[0.5,1.0]",126197,9.856197061665672,5.036731017369282,0.0389240313111482,0.2295958797256347,31505.97401971157,3.5172879735018694,13.954548481472424,1.1742738532084944,1.311,1.311,0.13926313621753128,0.07090095936562908,0.0,0.0,0.0
"[-1.88081, 3.45756, 0.000426302]","[8152872.0, 0.0, 11907580.0]","[0.5,0.0,1.0]",219548,7.522274450662424,6.308663799520096,0.1232341839370324,0.5448699415724356,22867.83105815497,2.6929699487795995,19.92574446907549,1.878518239922396,-1.0,1.39,3.4930136191858017,2.576249253283869,0.03878592036041011,0.0,0.0
[5.84575],[0.0],[0.0],149194,8.269209250068158,8.035044132787144,0.3481429357515307,0.2249664642536193,50920.9129704191,5.281679031036924,6.202479592774272,0.4979989231726011,2.383,2.383,1.2040610920225212,0.0,0.0,0.0,0.0
[4.57471],[0.0],[0.0],11942,9.7525048976307,6.764580998957835,0.1637665796740092,0.1158642549631923,41830.84086990379,4.4671947190542864,7.907818342044437,1.703636105839647,2.828,2.828,3.643834302570804,0.0,0.0,0.0,0.0
[3.00923],[0.0],[0.0],346497,10.61568060361567,7.551309079524425,0.0589158229505266,0.2992726141276137,19787.83073017752,2.3896137143859724,14.90221219686283,1.9626103315851064,-1.0,0.241,3.4045661130015885,0.0,0.0,0.0,0.0
"[-1.67522, 2.75298, 5.099, -4.28526, 0.00142587]","[549107.1, 0.0, 295235.7, 330147.3, 969104.7]","[0.5,0.0,0.0,0.5,1.0]",144169,14.36379107884417,13.626760943433291,0.1914080213505012,0.4768699532390683,102305.78459645504,9.67390086472231,1.0419503375036945,0.6318969022803758,-1.0,0.551,1.0484500735696254,1.9357365139107574,0.8178659938674216,0.02386086547149294,0.0
[4.03658],[0.0],[0.0],256849,35.09646044661169,29.87952545092701,0.2389938078467822,0.6528604297115537,100837.23504674395,9.551688503097411,0.2624948968563035,1.7767889627583031,0.781,0.781,3.5697896808080896,0.0,0.0,0.0,0.0
"[1.61611, -0.186685, 1.96249e-05]","[0.0, 11825310.0, 13959340.0]","[0.0,0.5,1.0]",117200,9.714036758721194,9.005092956885987,0.0237393535490514,0.038928698656894,44291.31414696655,4.689385158007035,5.81846696301079,1.659530448597856,-1.0,0.807,2.1096999078586265,0.7170343101444878,0.007351719887288502,0.0,0.0
"[3.4143, -1.56835, -2.66609, 3.06303, 6.15376e-05]","[514774.6, 3707749.0, 1974750.0, 0.0, 7511535.0]","[0.0,0.5,0.5,0.0,1.0]",4049,9.610612484287476,5.195974216888248,0.1947144597182604,0.5471113419193188,135993.1930673199,12.44320553740447,2.248739024546545,0.4240251880210112,0.889,0.889,0.7421082857874368,0.7835063027878931,0.6923553594258514,0.5310227769838058,0.003326303958664704
"[1.68679, -0.868195, 0.000576224]","[0.0, 2736827.0, 3442243.0]","[0.0,0.5,1.0]",393325,9.908733288451286,4.228680186364555,0.0438204338434724,0.3819016361110713,112294.18405713009,10.501495260049008,3.422578011337055,0.3565436367640341,-1.0,0.899,0.4630663243081032,0.33221660073519566,0.008558710990907995,0.0,0.0
[4.61119],[0.0],[0.0],300092,28.225563430406165,26.29361880862757,0.2949238302950773,0.3583333102003204,49956.541460804685,5.19605330814153,0.8495880778846414,4.8070917328997025,-1.0,0.92,10.322595713106674,0.0,0.0,0.0,0.0
[12.3569],[0.0],[0.0],24087,10.023081288715716,9.15912733355438,0.3105531051783894,0.1586743921769806,74450.73971120486,7.327466724612646,2.962326116721665,0.7143913845076324,-1.0,1.269,2.5112559249391775,0.0,0.0,0.0,0.0
"[-2.78153, 3.6902, 11.1531, -11.3639, 0.00133017]","[1412285.0, 0.0, 780641.9, 808759.6, 3005842.0]","[0.5,0.0,0.0,0.5,1.0]",137769,9.18488862778441,6.417047545732035,0.195205721467832,0.3838875080759016,58520.030123147866,5.950852917149443,5.820545735628121,0.6066319671916021,-1.0,0.549,1.1653335352687324,2.878594930041992,1.0117359135890502,0.02212477519459478,0.0
"[2.04496, -3.86945, 0.00842508]","[0.0, 815145.0, 1023677.0]","[0.0,0.5,1.0]",21875,10.243877901624105,9.746117345603457,0.1230188136686579,0.4009016861007939,17596.995470154383,2.169784780172822,13.813448024431215,5.4639883356078185,-1.0,0.626,13.29764037333759,0.0,0.0,0.0,0.0
"[2.983, -0.377397, 0.000413656]","[0.0, 17946920.0, 19256710.0]","[0.0,0.5,1.0]",234393,10.016493879116055,9.67033531592662,0.5969938226958913,0.358612008452262,35436.3274854623,3.8826119457111616,6.894844918961825,1.4847707396254104,-1.0,1.43,2.5644015280774877,0.9121339530429,0.030198061437801647,0.0,0.0
"[-0.235399, 1.87435]","[16491250.0, 0.0]","[0.5,0.0]",17777,9.929664062152446,8.602090216510216,0.4488212389528231,0.0410603942733101,135947.20404358607,12.439463512476689,1.4174484219026415,0.2138017220506883,-1.0,1.591,0.1037321801662663,0.29270931552492635,0.0,0.0,0.0
"[2.12469, -0.527959, 4.00949e-05]","[0.0, 5249740.0, 6586244.0]","[0.0,0.5,1.0]",171812,9.632302585911836,7.290100549359106,0.167856947015975,0.0247524021999929,66434.62950283707,6.638699118455665,4.28912029891351,0.6899330282265261,-1.0,1.675,1.005668211914104,0.5013107696272348,0.0043686927629648245,0.0,0.0
"[6.41395, -0.188672, 1.9741e-06]","[0.0, 13333370.0, 20044920.0]","[0.0,0.5,1.0]",202696,8.988621808980708,6.839045709055967,0.1195810706105763,0.252580843050018,102314.68484105568,9.67464112109235,2.743079598352632,0.6798431661007192,-1.0,2.052,1.7217556679305661,0.2952993308758685,0.0009551977934793973,0.0,0.0
"[-0.570934, 2.37652, 0.00558391]","[373634.2, 0.0, 419743.0]","[0.5,0.0,1.0]",223853,10.017476411816835,8.626374088892023,0.5745983502328041,0.2491157440792268,49776.26916605426,5.180027834200065,5.12449876359879,1.6881928047121406,-1.0,2.085,2.901058965015617,0.0,0.0,0.0,0.0
"[2.35881, -1.13514]","[0.0, 9551339.0]","[0.0,0.5]",126925,9.968467815235618,5.354838020088281,0.348271995245148,0.1796908383738139,85940.56942573324,8.303181382220595,3.930071486185213,0.7392464527347367,-1.0,2.184,1.1353655942781713,0.7876149717592441,0.0,0.0,0.0
"[5.44685, -0.658106, 0.00235661]","[0.0, 1892686.0, 2103601.0]","[0.0,0.5,1.0]",379181,10.043314510965114,8.348831818416235,0.5997403174695037,0.3121867458455973,69696.04271402245,6.919813384517988,3.477175719762497,0.8071503039132883,2.685,2.685,1.8837667299465644,0.6559617757049313,0.0,0.0,0.0
"[2.29529, -1.1244, 0.247202]","[0.0, 3735217.0, 3751801.0]","[0.0,0.5,1.0]",328148,8.648445691839994,8.177210488217275,0.0096874088874102,0.7164098640829144,44540.50226120389,4.711811313004819,6.900298316868563,1.0277939961055933,-1.0,0.35,1.5571299523299305,1.2037051849886462,0.0,0.0,0.0
"[1.74038, -0.201189, 0.00707211]","[0.0, 5618431.0, 5758395.0]","[0.0,0.5,1.0]",187467,9.47859193849478,7.9014660665407055,0.8849819108733763,0.3468536834705921,16952.030581607785,2.1043233837588464,18.19690371965301,4.007065369951066,-1.0,0.397,5.286259387058141,1.8286496905064007,0.0,0.0,0.0
"[-0.402078, 1.85419, 0.00397202]","[6756811.0, 0.0, 7212402.0]","[0.5,0.0,1.0]",237345,10.048396310381383,9.939782166937166,0.407647965768469,0.1556303423261377,114428.04489579525,10.677523959154968,1.571241817770621,0.6966700230355898,-1.0,0.409,0.9486461335294273,0.4417558192848106,0.043906906240136725,0.0,0.0
"[1.65232, -0.172696, 0.00186212]","[0.0, 5998482.0, 6247139.0]","[0.0,0.5,1.0]",92536,7.475872865175571,7.146105345726701,0.2783507013602999,0.0339545747254299,30438.568328390047,3.4171495716328097,13.378602097756971,1.5699265011881485,-1.0,0.466,2.018024341814937,0.6559176970578704,0.0,0.0,0.0
"[2.36845, -1.04146, 0.000928582]","[0.0, 4730822.0, 5634816.0]","[0.0,0.5,1.0]",97565,8.788920497860914,8.057471278329812,0.2785939692334597,0.3983379755324026,36962.08962509315,4.023118123239639,8.539960624723044,1.505954634078828,-1.0,0.77,2.317629443842012,1.5368560333893009,0.04589041864504952,0.0,0.0
"[2.57202, -2.83957, 7.17132e-05]","[0.0, 2911493.0, 6367092.0]","[0.0,0.5,1.0]",111308,7.883925772958119,5.420434834231795,0.3421548713864167,0.5725004189808268,28142.38344943625,3.2002381066348,17.62550978823101,1.05712048201519,-1.0,2.124,1.6953589298983427,1.7813562304412658,0.008952081730339782,0.0,0.0
[3.14792],[0.0],[0.0],72849,10.329541163471015,8.086008438596899,0.1215955435083066,0.3878692845244553,50704.07249149004,5.26244055318786,5.164764262158911,1.777888165488381,-1.0,2.488,3.1543965021433467,0.0,0.0,0.0,0.0
"[-1.36868, 2.22376, 0.000166517]","[5361916.0, 0.0, 7328673.0]","[0.5,0.0,1.0]",292148,11.54162564095576,11.01627435961761,0.0306725263152551,0.2078953805934814,39659.67143790894,4.269927173577649,4.839869622528577,2.0868119891179338,-1.0,0.556,3.111911805607847,2.441373823385561,0.026928527876723257,0.0,0.0
"[2.54666, -0.912817, 0.00151934]","[0.0, 2426988.0, 2744026.0]","[0.0,0.5,1.0]",2932,9.997907909242905,7.910468871211719,0.239461555321697,0.443170056169816,56368.733636101984,5.762353557500767,4.754678075934392,0.8386984486924008,0.633,0.633,1.3384166270620552,0.8019713067906645,0.0,0.0,0.0
"[2.67508, -0.388265, 0.000193663]","[0.0, 9813234.0, 11446630.0]","[0.0,0.5,1.0]",64571,7.320377765818447,7.156539045413044,0.936112954598951,0.0404276378326905,20551.30784675656,2.4653859455490044,20.375721463379705,3.5125700948296985,-1.0,0.811,5.745044364238153,2.1892603172458944,0.0,0.0,0.0
"[3.09749, -0.298055, 0.000993473]","[0.0, 24128750.0, 24799370.0]","[0.0,0.5,1.0]",223583,10.913025547659936,4.085314199893525,0.0261135430363229,0.2620062269559867,65053.85791051102,6.519294844467113,6.661807708292115,0.5583140984339594,0.966,0.966,0.9826153657732953,0.30480830827391386,0.017597729146220296,0.0,0.0
"[1.57451, -0.432109, 0.000177205]","[0.0, 8213300.0, 9589458.0]","[0.0,0.5,1.0]",74051,9.06081726306686,8.851307316052042,0.6754143837525415,0.0245707535916784,138402.3276950934,12.639099951400889,1.4563806912009345,0.4459043007411314,-1.0,1.242,0.5595183996253906,0.2931151844609004,0.005935805296802734,0.0,0.0
"[3.10028, -0.124445, 0.000222769]","[0.0, 168685600.0, 170707700.0]","[0.0,0.5,1.0]",125631,9.52904497327915,9.42845700940228,0.8436467952276661,0.2146309879534902,56726.73249550142,5.79377093670681,4.232812768718702,0.8483196758951146,-1.0,1.434,1.4936883696875194,0.299259720615063,0.012661551266766513,0.0,0.0
"[-1.08344, 2.7644, 3.01219e-05]","[6605568.0, 0.0, 11194000.0]","[0.5,0.0,1.0]",364241,10.306388368188578,6.0771880091086725,0.6719728925088766,0.2018117719118125,43345.18158460445,4.604109891192472,7.97124540388824,1.4881561101644514,-1.0,2.375,2.4742805088677375,1.5489982409575713,0.008167509965462895,0.0,0.0
"[4.8911, -5.49179, 4.19355, -0.339871, 0.00387741]","[287928.6, 614672.6, 0.0, 11293400.0, 12334150.0]","[0.0,0.5,0.0,0.5,1.0]",164681,8.548500221246712,8.52255357599077,0.2033170364293233,0.3080742317803406,53462.65549245639,5.506563944574123,5.416903880194262,1.5778374719984931,-1.0,0.275,6.024042130545537,0.919854888155803,0.09825012891842555,0.0,0.0
"[1.98577, -0.341236, 0.0036085]","[0.0, 9138433.0, 9446077.0]","[0.0,0.5,1.0]",70631,10.150124121333471,8.49465933921695,0.5580730661735274,0.6180858239749526,32453.794911377947,3.605862391623096,8.383532528522778,1.4776916744704969,-1.0,0.326,2.0823239734234793,0.8677517102854445,0.0,0.0,0.0
"[2.80016, -1.12578, 0.00796855]","[0.0, 4938875.0, 5418506.0]","[0.0,0.5,1.0]",186370,10.04896973987294,9.666619012638366,0.6824985128874376,0.5784787357377348,54774.30958585179,5.622183941872819,4.139188771914134,0.6548565225874623,0.921,0.921,1.0958158588108633,0.6948209778303317,0.05845690374714507,0.0,0.0
"[1.81497, -0.355286, 0.00192928]","[0.0, 10754090.0, 11290250.0]","[0.0,0.5,1.0]",109387,10.45251492203316,8.803110386383821,0.0983394328091697,0.4955262177746559,46057.48025992372,4.848045707113067,5.333609198856618,0.8589696539371129,-1.0,0.941,1.1572109823288488,0.511996354110462,0.037729013707476514,0.0,0.0
"[-0.494901, 6.80416, 2.42834e-05]","[5993753.0, 0.0, 8627958.0]","[0.5,0.0,1.0]",124213,10.295045161990185,9.244488561030083,0.1841976946134395,0.2836860835574315,37342.72973036223,4.0580654934082245,6.599783601948815,1.4689879508255663,-1.0,1.154,3.8318234625639223,1.033421277699771,0.007238906720427014,0.0,0.0
"[2.06838, -0.314023, 0.000339457]","[0.0, 7715031.0, 8351981.0]","[0.0,0.5,1.0]",292585,10.681021242473443,5.8382209589493606,0.3049729780115843,0.7499591836048127,13598.782047509563,1.7574143903234716,26.180435162462324,5.6565399988648055,1.199,1.199,8.135158659185372,3.171510837066108,0.0,0.0,0.0
"[-0.0016411, 0.000221632]","[40676420.0, 40692820.0]","[0.5,1.0]",182697,10.357907073094776,10.064021266152524,0.5719228909324732,0.1363711778280378,104889.81534966442,9.888599050412363,1.7037748624096305,0.6506085353979573,1.202,1.202,0.026356472172856384,0.009685810976177649,0.0,0.0,0.0
"[2.37811, -0.408562, 0.00055932]","[0.0, 1095359.0, 1228988.0]","[0.0,0.5,1.0]",339230,10.403681410932426,6.950267901504554,0.1376436994583577,0.1327285807569632,52779.5029353952,5.44623095852781,5.573713049854387,1.059007953820793,1.463,1.463,1.6331090726461446,0.677368938789852,0.0,0.0,0.0
"[2.07864, -0.222622, 0.000497007]","[0.0, 21935280.0, 22879140.0]","[0.0,0.5,1.0]",381146,25.18140355738492,16.242899103550997,0.2137805687569318,0.4265263056667482,56026.96399453739,5.732341825272904,1.2249212857995169,0.7886321833920378,1.507,1.507,1.1370096128167932,0.37209902864640726,0.017581492876426793,0.0,0.0
"[1.47571, -0.301331]","[0.0, 20190400.0]","[0.0,0.5]",149709,10.159623703830718,8.125466855576052,0.1668261209598742,0.1809126844277203,55103.48804457512,5.651156232523804,4.715430706959391,1.282629459067327,-1.0,1.549,1.558122936062207,0.7040817977312424,0.0,0.0,0.0
"[-1.70342, 2.14258, 2.24326e-05]","[2562476.0, 0.0, 5145268.0]","[0.5,0.0,1.0]",346562,9.91577997935545,9.325596283617438,0.1487054012245189,0.056453983737796,31080.26720704615,3.477401310340148,8.280858661000014,2.503051094339282,-1.0,1.578,3.6638546660863933,3.2668604703958226,0.011855217362976242,0.0,0.0
"[2.1597, -0.36478, 0.00064358]","[0.0, 1758959.0, 2016558.0]","[0.0,0.5,1.0]",198469,10.029578934183128,8.447343499765495,0.1330286866141077,0.4136163499156512,97184.06074577633,9.24703400372386,2.2434699209883444,0.996286579342138,-1.0,1.586,1.464134567578549,0.6017274025304983,0.02527467325422665,0.0,0.0
"[5.47805, -3.99546, 0.000152336]","[0.0, 2068390.0, 3321204.0]","[0.0,0.5,1.0]",126583,10.019435076247746,7.055659295260587,0.5970837802759849,0.1782460583490275,136579.5552313672,12.490907537255945,1.6559546837763288,0.6141721309760293,2.096,2.096,1.4374842722618006,1.2276469786730975,0.007580387026508207,0.0,0.0
"[2.82762, -7.61029, 0.0205903]","[0.0, 643864.8, 680198.7]","[0.0,0.5,1.0]",32460,18.09997016125872,17.0936911389388,0.4263212677652383,0.1800224859691655,219350.3369544556,19.107094442722342,0.2476105238821302,0.3020663937222078,2.387,2.387,0.5079406063896121,0.8333031315776684,0.04334447508306338,0.0,0.0
"[-0.327529, 1.77684, 0.0190284]","[1853006.0, 0.0, 1886765.0]","[0.5,0.0,1.0]",340993,9.48241697648771,7.901792357718852,0.1926051844031352,0.0170627439499858,23116.570847080744,2.717214548981333,13.471660466779444,2.739843706810478,-1.0,0.267,3.6521613036137794,1.6129220448952544,0.0,0.0,0.0
"[-0.514514, 1.93574, 0.0174854]","[1619454.0, 0.0, 1673579.0]","[0.5,0.0,1.0]",262280,9.906125484399166,9.007055122632092,0.5953642572974475,0.0636787145674052,73869.37227845928,7.277753605501292,3.0640151562054805,0.6936064336880862,0.33,0.33,0.9650206908177279,0.5059046650191457,0.0,0.0,0.0
[3.06963],[0.0],[0.0],295540,9.937896153553597,7.659976780382247,0.5602548294866645,0.012676351216605,9031.052179892848,1.2604832605705345,30.50278659628701,3.640337941108633,-1.0,0.374,6.37800297404195,0.0,0.0,0.0,0.0
"[-2.09051, 5.09695, 7.71359e-06]","[509607.4, 0.0, 2398380.0]","[0.5,0.0,1.0]",73272,10.253327848424686,5.173475618063404,0.2614754125631175,0.1751198697606027,58381.35038777942,5.938722554592351,6.461832814099833,0.2789130585743271,-1.0,0.43,0.7477502528744798,0.0007746350144875123,0.0,0.0,0.0
"[-0.54985, 5.197, 3.77945e-05]","[5439190.0, 0.0, 8582778.0]","[0.5,0.0,1.0]",239068,9.538704375507065,8.48010101980234,0.359652555833853,0.026991418129214,58165.57054615604,5.919842813072398,4.482992967600016,1.1701252699020277,-1.0,0.917,2.6675263421993294,0.8676697828221989,0.007193606216929207,0.0,0.0
"[-1.028, 3.92319, 4.43421e-05]","[1050837.0, 0.0, 1864928.0]","[0.5,0.0,1.0]",194214,9.661387926853726,9.602685394786958,0.1283669410346299,0.0616216619596163,54910.95052052628,5.63421235937478,4.287574982318032,0.956863483865633,-1.0,1.274,1.8952637319723653,0.970167090301784,0.006371740934671153,0.0,0.0
"[2.97281, -0.386631, 0.00759437]","[0.0, 1624197.0, 1694062.0]","[0.0,0.5,1.0]",217420,8.644407692720012,8.630123991509846,0.6291325591116388,0.1817280845973058,97815.73956653789,9.299779117377852,2.47009404715074,0.4609091738252393,-1.0,0.755,0.7946921606963396,0.28939274350640354,0.0,0.0,0.0
[3.14929],[0.0],[0.0],115094,158.3974223214243,145.96292884098062,0.533567238041806,0.2478029239787041,11266.947620888746,1.508091058193252,0.2184121045191377,50.65082728885506,-1.0,0.877,89.88616885492732,0.0,0.0,0.0,0.0
"[1.98095, -0.239889]","[0.0, 24941980.0]","[0.0,0.5]",104839,9.886230627528388,6.815267135603299,0.3453312064031956,0.4083780892537013,103500.54671541456,9.773223462381203,2.509221087492399,0.3712392332510313,-1.0,1.215,0.5225052084749209,0.1818272766448242,0.0,0.0,0.0
"[2.31118, -0.325308, 1.39728e-05]","[0.0, 8871276.0, 11906310.0]","[0.0,0.5,1.0]",71260,9.727737054926282,8.72981700840191,0.2324952876098494,0.0632116241047126,58318.09369903838,5.933188500758571,4.290714289053063,0.8106096861881527,-1.0,1.257,1.2323346908347956,0.4623375430458545,0.003030075921732964,0.0,0.0
"[5.98873, -0.391142, 0.00344728]","[0.0, 722137.5, 742397.2]","[0.0,0.5,1.0]",230413,10.083498377954896,8.428928113724524,0.0362979132161931,0.0070780384008611,125412.37170752458,11.579750884892638,1.5898677071861873,0.5572774408116203,2.27,2.27,1.363762767463407,0.3500613021216303,0.0,0.0,0.0
"[2.35633, -0.757668, 0.0474808]","[0.0, 157976.4, 164673.1]","[0.0,0.5,1.0]",213667,9.888854131386356,7.247223433272366,0.439533700176666,0.381842386826354,50153.718529737685,5.213574165203155,5.953795280670415,1.5336978364012015,-1.0,0.397,2.726998768795174,0.0,0.0,0.0,0.0
"[-5.58911, 0.00308049]","[22023460.0, 25205830.0]","[0.5,1.0]",122135,10.216969882012028,9.917628441223956,0.2910980080315343,0.0835852600297505,28198.140769727284,3.205530918484559,8.516474485831896,2.664411140279757,0.773,0.773,6.299013938901331,0.14788057906226684,0.0,0.0,0.0
[5.40798],[0.0],[0.0],94821,29.74691512660313,12.417960681903256,0.0112266222382199,0.1279185770645061,46490.17949952799,4.8868156148938295,1.7063476887472744,2.8754181884572736,-1.0,0.809,6.6868033897694215,0.0,0.0,0.0,0.0
"[1.79763, -0.56568, 0.00391549]","[0.0, 14712310.0, 15191590.0]","[0.0,0.5,1.0]",301380,9.74123319271992,9.132938011874046,0.0215505193963076,0.5438459252944046,113909.17730542558,10.634744785675808,1.741193089556026,0.6488063017715324,1.41,1.41,0.8698917521165535,0.48797825716740123,0.040598325294557154,0.0,0.0
"[-2.40681, 3.40605]","[6044992.0, 0.0]","[0.5,0.0]",77915,10.525947904415922,8.143732737738446,0.4104448419512193,0.1005748854920302,218403.980695368,19.032494354984262,0.7279687045664066,0.449355657122148,1.714,1.714,0.6971257379126724,0.8293077483437368,0.0,0.0,0.0
[3.12524],[0.0],[0.0],126451,10.758503678115796,9.84919691921908,0.1172151819971549,0.0703156256805395,108882.85416696656,10.21953508251135,1.5993465359300971,0.7132152007987013,1.976,1.976,1.2608466760489647,0.0,0.0,0.0,0.0
[3.03682],[0.0],[0.0],277537,10.022061979095874,3.683436585812609,0.1481149039774901,0.3614722587760299,32139.62927613755,3.5765385967843155,17.860884922838572,1.939605031112878,-1.0,0.477,3.3800476863517677,0.0,0.0,0.0,0.0
"[1.89827, -2.51599, 0.000219525]","[0.0, 3184939.0, 4706508.0]","[0.0,0.5,1.0]",117214,33.03378042413611,26.388802010721022,0.5596050100961804,0.0178579720352868,80698.92980569351,7.859599217164623,0.4101656480661145,2.5627334606277,-1.0,0.501,3.5308757197885754,4.064975146808121,0.03797042273300664,0.0,0.0
"[1.37191, -0.14745, 0.105413]","[0.0, 5303452.0, 5303517.0]","[0.0,0.5,1.0]",27576,10.24400911011556,9.524806367628257,0.0546466883788975,0.0814286436686807,29792.9618568614,3.3563738537586008,8.28900477399577,1.987093952267591,-1.0,1.092,2.3274545688103494,0.9992198309704577,0.0,0.0,0.0
"[2.36675, -0.245153, 0.000148986]","[0.0, 14311820.0, 16480140.0]","[0.0,0.5,1.0]",18129,10.064773725910776,7.160708864840205,0.2684770905517515,0.0816249682020217,73280.5476179506,7.227366324339883,3.714547352816782,0.2073603333648902,-1.0,1.095,0.3190082210720553,0.10267017174006844,0.0025310365255793166,0.0,0.0
"[1.35835, -0.174409, 0.001018]","[0.0, 9425298.0, 9826134.0]","[0.0,0.5,1.0]",34393,9.39895790308341,9.38525456321826,0.1341355316956663,0.2034620037762721,49250.03029713511,5.133213294179088,5.096851482817781,1.1197108210823086,-1.0,1.309,1.3050036274821966,0.46897975301754713,0.0,0.0,0.0
"[-0.563237, 3.64938, 9.90749e-06]","[38807880.0, 0.0, 43379460.0]","[0.5,0.0,1.0]",69999,10.442650937348528,7.708904946965326,0.6291945786828638,0.5777323140490789,55567.51442820215,5.691967424863355,4.774797891801253,1.0356759194594956,1.479,1.479,1.9784880085011634,0.7772656351248792,0.003259910673438445,0.0,0.0
"[-0.596136, 1.90982, 0.000995563]","[1878412.0, 0.0, 2131656.0]","[0.5,0.0,1.0]",44874,9.796068534650688,6.934234307358594,0.905200255640551,0.0144571357679468,61196.188576448985,6.184388477308618,4.8922816434616445,0.7230140863101524,-1.0,1.958,0.9991782623281629,0.5587039893986512,0.0,0.0,0.0
"[-2.04189, 3.54363, 0.00794644]","[1002473.0, 0.0, 1440723.0]","[0.5,0.0,1.0]",187633,10.014974297644311,9.4541364780707,0.2550168308163861,0.2441597247623856,37905.90835635951,4.109697049493531,6.514712718849208,1.255182495007345,-1.0,0.221,2.3628222875776315,1.7970761420483066,0.0,0.0,0.0
"[-1.30789, 5.74612, 0.0176958]","[8903520.0, 0.0, 10160470.0]","[0.5,0.0,1.0]",117400,9.73370821016474,7.267479990050464,0.3248526625763552,0.3279444155157385,15128.945759171444,1.9171922351073645,21.2128668403836,0.9146291074827816,-1.0,0.271,2.1924634602237507,1.053049872760619,0.0,0.0,0.0
"[2.26991, -0.845963, 5.0789e-06]","[0.0, 2422324.0, 4895370.0]","[0.0,0.5,1.0]",133858,10.40612877272239,8.507551122071007,0.0887709700407008,0.1207316676084065,47533.06525508112,4.980101479616724,5.3091808012477335,0.9107382112566742,-1.0,0.736,1.3721382703895315,0.8376628261045574,0.00205247742639769,0.0,0.0
"[3.602, -4.20754, 0.000477838]","[0.0, 40184580.0, 44777200.0]","[0.0,0.5,1.0]",91585,9.336313284785652,6.058786324135124,0.4614744586783709,0.5563110266138225,51349.73695404885,5.319699311188372,7.075915095231943,1.297489099355387,-1.0,0.788,2.462496217770026,2.6614471379710016,0.028362470676198435,0.0,0.0
"[2.54184, -0.54486, 0.0966503]","[0.0, 239440.4, 241044.2]","[0.0,0.5,1.0]",301453,9.890989888811356,9.384256282329291,0.5104290115312551,0.3523955166162811,16134.596983986576,2.020818120470251,15.904850354772735,3.3536962184117223,-1.0,0.911,5.983646616513282,0.0,0.0,0.0,0.0
"[4.60425, -0.648631, 1.56243e-05]","[0.0, 22548360.0, 30566310.0]","[0.0,0.5,1.0]",77607,11.00628999361321,9.24538846419694,0.1465649425931643,0.1856592395256506,74027.17845537786,7.291251361956951,2.7411382935532616,1.2002816179644131,-1.0,0.939,2.5755062220828235,0.9666783799085233,0.004744423404344293,0.0,0.0
"[2.19809, -0.384389, 1.09786e-05]","[0.0, 9495645.0, 11731900.0]","[0.0,0.5,1.0]",44984,10.30214296841519,9.014073370765898,0.0423169547686245,0.0181158136357721,50445.4910416836,5.239487937565776,4.748837404676488,1.548918411244904,-1.0,1.041,2.296419771117249,0.9603156744682789,0.005132181691950449,0.0,0.0
"[3.52662, -13.5225, 0.00156052]","[0.0, 13312640.0, 17790260.0]","[0.0,0.5,1.0]",312660,8.809979428135609,7.612166980737285,0.1120944142467832,0.0422697626303964,80108.13654332046,7.809446291346824,3.505817267144845,0.7008432402628455,1.055,1.055,1.3161343437445179,2.577207484519956,0.027685703173789426,0.0,0.0
"[2.32289, -1.60501, 0.96769]","[0.0, 266840.6, 266909.0]","[0.0,0.5,1.0]",320803,28.13753156189403,21.69793808392949,0.5042566358518352,0.4210108664644572,60823.43178570157,6.151920775716252,0.7891279445356076,2.753413517285951,-1.0,1.101,4.196485842937299,4.4163757182702374,0.0,0.0,0.0
"[1.63206, -0.239093, 5.9606e-05]","[0.0, 5189731.0, 5990710.0]","[0.0,0.5,1.0]",270223,7.0928247672840365,6.095008218075048,0.3428574794931474,0.3933287466894032,54327.88074496465,5.582864102178079,8.215165702768603,0.6490258702884585,-1.0,1.359,0.8291442028564403,0.3173550685093124,0.0050107991771355,0.0,0.0
"[2.03519, 2.65886e-05, -0.233012]","[0.0, 12200050.0, 9567426.0]","[0.0,1.0,0.5]",25602,8.077205485231232,7.312002240064513,0.2269142864318296,0.3195244719636301,53684.31610060609,5.526122944765012,6.422824837972008,1.3040215360623033,-1.0,1.493,1.8603182385194788,0.6294683633542099,0.006724074229704921,0.0,0.0
"[4.11876, -3.00719, -1.55165, 3.54322, 0.000444844]","[4106955.0, 6268369.0, 12363360.0, 0.0, 17925630.0]","[0.0,0.5,0.5,0.0,1.0]",387993,9.868220831055982,7.328244740624112,0.0412325303290677,0.4170260061214583,24166.11497351003,2.8191347398324496,13.294626150981152,1.6619106214912664,1.662,1.662,3.1282879573346096,3.3728024654266164,2.8819609885955897,2.0701630198700096,0.03505189742273284
"[-0.873679, 6.0462, 0.000340011]","[6576060.0, 0.0, 9007641.0]","[0.5,0.0,1.0]",330791,7.387726881927369,4.768025845387966,0.5861521259137256,0.4613029071691891,38887.82805916713,4.19951012122524,14.538423988477334,0.9202771763363912,1.769,1.769,2.2628715680456737,0.8601904166564475,0.016969347178015595,0.0,0.0
"[2.54016, -0.475787, 9.16722e-05]","[0.0, 5215740.0, 6849530.0]","[0.0,0.5,1.0]",24655,7.819118193429909,7.803556398421556,0.2671375292080683,0.1749022792230823,38140.84162297442,4.131209479863917,9.32850523070428,1.869418874385141,-1.0,2.145,2.9794572581584857,1.289474947739692,0.017898863256657207,0.0,0.0
"[2.66263, -0.410919, 0.0171364]","[0.0, 33776330.0, 34157140.0]","[0.0,0.5,1.0]",313533,10.19933532895396,7.844592690226938,0.0130115135624487,0.121761903825086,90485.9927909852,8.685943757733694,2.588858881479473,0.6326429353509607,-1.0,0.301,1.032319362425027,0.4055428734131086,0.08281680240296015,0.0,0.0
"[5.5309, -6.39569, 7.14687, -5.07247, 0.0518605]","[0.0, 30702.74, 16124.77, 40146.99, 66178.95]","[0.0,0.5,0.0,0.5,1.0]",40381,10.599046956643807,9.30806760218729,0.2902611525113607,0.0078257679735939,55591.65464509795,5.694089438924008,4.015757070100459,1.2447737866287552,0.386,0.386,6.123197819542264,0.0,0.0,0.0,0.0
"[-3.33925, 2.74973, 0.0229645]","[3657513.0, 0.0, 4213470.0]","[0.5,0.0,1.0]",309320,10.618049102378022,9.697104903965226,0.2674929958620181,0.2091165685408345,38618.49930345304,4.1749012991499725,5.9492189828788495,2.2230014364563098,0.447,0.447,3.6862498618900474,4.062227207988999,0.33687457945499016,0.0,0.0
"[6.54133, -6.22742, 3.57407]","[45333150.0, 51594800.0, 0.0]","[0.0,0.5,0.0]",132457,27.4597071497753,6.444849243221399,0.5259979219828744,0.0085979551028381,45534.12921003432,4.801100721784677,3.393935137476331,1.137037465548546,-1.0,0.519,2.1495933112251944,2.908089742666612,2.837454156473618,0.0,0.0
"[1.69265, 0.000107737, -0.206226]","[0.0, 7980015.0, 6843024.0]","[0.0,1.0,0.5]",112791,9.492585158845944,8.456828176405802,0.0035909887823619,0.5823759407691969,19687.371189466623,2.379612886145,14.89441116865404,2.5331304332933624,-1.0,0.65,3.295650396440612,1.1506484971498567,0.0,0.0,0.0
"[1.99841, -0.542683, 0.000297451]","[0.0, 9158495.0, 10586770.0]","[0.0,0.5,1.0]",22402,27.89822981061953,8.488800835353674,0.167801880369885,0.8150276940031925,40502.88733984601,4.346679668514867,2.9748321178601818,0.3816881046930859,-1.0,0.814,0.5395738856650405,0.2811782566787907,0.00658288611867512,0.0,0.0
"[2.66177, -0.541896]","[0.0, 4696166.0]","[0.0,0.5]",30185,9.37811067891684,8.812198869589947,0.391317530869428,0.163160977271739,22504.75811109668,2.657517705499008,12.739327854882578,3.023163334166208,-1.0,1.381,4.932270365066133,2.2254589319272458,0.0,0.0,0.0
"[3.94043, 9.96141e-06, -0.0416093]","[0.0, 51949990.0, 48560810.0]","[0.0,1.0,0.5]",172334,9.589163572946374,8.532021955754423,0.0205037804236217,0.4447197043267336,135836.21622860484,12.430432483583552,1.4704706858713512,0.6862107544304948,-1.0,1.48,1.3621637811402472,0.13997572479323614,0.0021657978980302237,0.0,0.0
"[-1.19792, 2.77459, 8.9267e-05]","[25271590.0, 0.0, 30524520.0]","[0.5,0.0,1.0]",327401,10.948535520721776,6.584599671668597,0.0855708279443159,0.4048857971958631,48270.768017553935,5.045957048889778,6.2421789328220205,0.9269334035682748,1.499,1.499,1.5440022941648732,1.0145242698273542,0.008757779425268772,0.0,0.0
"[-1.16152, 6.85371, 2.42495, -6.4558, 0.00394087]","[458034.2, 237939.7, 0.0, 243357.0, 641347.4]","[0.5,0.0,0.0,0.5,1.0]",329878,9.719419778625973,8.783452499878678,0.1025108623046532,0.0443742647586385,40339.55377061872,4.331826898924512,6.617453653272922,2.4197026613666623,-1.0,1.946,9.94727988347666,0.0,0.0,0.0,0.0
"[2.77562, -0.586617, 0.0508145]","[0.0, 5515870.0, 5603119.0]","[0.0,0.5,1.0]",338756,9.875620230596066,8.537625052655024,0.0020164295960311,0.1052919512972419,69621.68125632418,6.913417963785772,3.464006275420474,0.7303441176171193,-1.0,0.171,1.2167673280876,0.5831016848626104,0.0,0.0,0.0
"[3.62686, -0.588027, 0.0639704]","[0.0, 53629890.0, 53776460.0]","[0.0,0.5,1.0]",318144,7.959008952409562,6.189819206779407,0.2366941200094008,0.15879568871201,27552.0854230592,3.1441232044508074,15.95973316056015,2.2789716067904173,0.324,0.324,4.340145711559236,1.8401865257307415,0.0,0.0,0.0
"[2.03169, -0.432104, 0.00171991]","[0.0, 34510420.0, 35570220.0]","[0.0,0.5,1.0]",391848,31.90442619686658,27.97849813977836,0.3432851775441578,0.0464034125450024,68557.8497907179,6.82185138068283,0.4942574839943345,2.111500122626968,-1.0,0.7,3.0096766055708852,1.387986539099229,0.08756770581532475,0.0,0.0
"[1.61893, -0.264242, 0.000533877]","[0.0, 3725431.0, 4017836.0]","[0.0,0.5,1.0]",388047,10.44354871290546,7.652077193782582,0.1762275305368933,0.1841233110066307,21319.19397291376,2.541199294621254,13.878951950091958,1.0966717744970746,0.887,0.887,1.3953742408313348,0.5643075665776911,0.0,0.0,0.0
"[2.37977, -4.85439, 2.84136e-05]","[0.0, 15117940.0, 16745450.0]","[0.0,0.5,1.0]",117516,9.753110134976584,7.706722061580057,0.0603443622899226,0.31322097159941,25598.76291005733,2.957318348376101,12.11645961144248,2.6867916102236458,1.005,1.005,4.144779928754022,5.919722050748992,0.014321783841433584,0.0,0.0
"[-2.96534, 1.97213]","[13847400.0, 0.0]","[0.5,0.0]",1553,8.899040293508627,7.819846989404586,0.673205905352519,0.1735242384865227,44046.35080030749,4.66732578971068,7.089369075015881,1.7265380461687378,1.35,1.35,2.973126589159391,2.4246213373661565,0.0,0.0,0.0
"[-0.679023, 1.58386, 9.02502e-06]","[6626462.0, 0.0, 10655600.0]","[0.5,0.0,1.0]",25908,9.535475486721795,7.265977215386489,0.2816977024197248,0.0590008544289899,37247.05616174876,4.049285611165344,8.64581995120699,1.9043669019994824,-1.0,1.735,2.396674307716681,1.5692526377424263,0.005721036404497151,0.0,0.0
"[3.02608, 6.07424e-05, -0.0671624]","[0.0, 48506000.0, 46468100.0]","[0.0,1.0,0.5]",259663,9.626514331462452,9.01390957593117,0.3290835328771868,0.0460207541280868,95125.1537709713,9.074917006967562,2.2598384691522493,0.5667035092236887,-1.0,1.776,0.9858165493032905,0.14686523529825574,0.00441674041921409,0.0,0.0
[3.26645],[0.0],[0.0],313219,9.27406060636298,9.19786204816491,0.4970509380306516,0.0561662107974522,19783.83000222341,2.3892156700052336,14.08506081372641,3.0314637999117497,0.575,0.575,5.478862406114922,0.0,0.0,0.0,0.0
"[3.30158, -0.317651, 0.0010077]","[0.0, 25780000.0, 27620040.0]","[0.0,0.5,1.0]",286380,9.570565302839956,5.201583783545135,0.1552686828040508,0.0194217171746862,63498.790517702255,6.384527696243143,6.117589834711037,0.1625068002873428,-1.0,0.636,0.2952789254718336,0.09158970341590647,0.0051586631294072175,0.0,0.0
"[3.51989, -0.279284, 0.0028247]","[0.0, 12939790.0, 13241450.0]","[0.0,0.5,1.0]",371019,9.2128086301713,8.455358401940442,0.7442723761114096,0.2394262776650172,64897.94652804248,6.505797110514369,4.038826990315374,0.2935075680354747,0.721,0.721,0.5506604048259266,0.15589333349700996,0.0,0.0,0.0
[3.12775],[0.0],[0.0],364041,9.796291714229078,7.02787912827241,0.0484011612189089,0.3212077819235122,18594.08600576541,2.270296443590176,17.953820713193167,2.579335764935782,0.77,0.77,4.561670337067655,0.0,0.0,0.0,0.0
"[-0.387559, 1.66422, 0.000311186]","[4801382.0, 0.0, 5721748.0]","[0.5,0.0,1.0]",330986,7.615135861058325,6.643402267263673,0.58382036033953,0.0734158049380398,75097.0213401286,7.382689264448817,4.816091225911518,0.1726035623456661,-1.0,0.939,0.2226666233538535,0.10745303043413827,0.0030448070739364477,0.0,0.0
[3.11621],[0.0],[0.0],126947,9.494707293204366,8.599578554547952,0.167523173752353,0.7180492714937707,53455.77008613983,5.505956227165092,4.928862416072594,1.1152437471214889,-1.0,1.069,1.9687163831510235,0.0,0.0,0.0,0.0
"[2.08871, -1.43064, -0.728013, 2.59699]","[0.0, 1702581.0, 2504491.0, 1254596.0]","[0.0,0.5,0.5,0.0]",361844,10.69825164543928,8.46950797030817,0.1021206158549388,0.603959372451399,117036.30950564273,10.892340977119268,1.6568533235043588,0.534331733479582,-1.0,1.101,0.772235994055623,0.8610851626525352,0.6391107890370885,0.4559114868664937,0.0
[3.5593],[0.0],[0.0],243940,26.734619593877465,18.861877693459977,0.4867349979707096,0.3123279014858944,109718.11608361604,10.288636549479117,0.4334702199848814,1.2058652071964413,-1.0,1.149,2.2749982239534328,0.0,0.0,0.0,0.0
"[5.53304, -0.328602, 0.00463568]","[0.0, 11867180.0, 12266610.0]","[0.0,0.5,1.0]",208287,9.755471969897991,6.524638492832549,0.5578413877095595,0.2982045872928392,46614.927224864485,4.897985886882776,7.188170196917948,1.0041573335011966,1.228,1.228,2.3620205365270004,0.5796673182345599,0.0,0.0,0.0
"[15.9781, 0.000415356, -0.128756]","[0.0, 65787890.0, 63143620.0]","[0.0,1.0,0.5]",281728,9.627082454289445,7.430803689648385,0.0954216482972027,0.5337689351451914,43408.335268328025,4.609808269549407,7.061680815963166,1.3159972146687424,-1.0,1.43,5.260385082710463,0.4722138363366852,0.026820397755584525,0.0,0.0
"[1.91038, -0.223361, 4.95944e-05]","[0.0, 9690417.0, 11266200.0]","[0.0,0.5,1.0]",117842,9.473301619906394,7.567919960297005,0.6405256108975101,0.6640918869129615,163969.3144972659,14.703921965154056,1.2668318932720106,0.4551911701744107,-1.0,1.465,0.6291492893611221,0.2151282783661093,0.0032056060511653174,0.0,0.0
"[2.34014, -0.433556, 0.272618]","[0.0, 1876743.0, 1876868.0]","[0.0,0.5,1.0]",268889,8.61840230868673,7.417839622117444,0.175849718035059,0.1590322384357287,102113.63246776568,9.657918235659048,2.656151732846717,0.5811542823327892,-1.0,1.468,0.8890217012798575,0.4883681178404647,0.0,0.0,0.0
[3.4098],[0.0],[0.0],185370,9.71300863993983,9.01826121007944,0.1517956465477255,0.5610742725876248,48988.9283764364,5.109966153436232,5.160494713899093,0.7807798904578066,-1.0,1.714,1.4417603323344694,0.0,0.0,0.0,0.0
"[1.58835, 0.0288805, -0.162511]","[0.0, 8005654.0, 7988083.0]","[0.0,1.0,0.5]",10832,9.913661726622518,8.321219076361485,0.4365271184960902,0.7788121193563646,61118.57017291148,6.177629597732089,4.152296684168976,0.9415601012961026,-1.0,2.056,1.1866459207660278,0.41191667199811777,0.0,0.0,0.0
"[-1.72247, 4.14301, 0.0468633]","[1052702.0, 0.0, 1169855.0]","[0.5,0.0,1.0]",104890,10.096860162644866,7.949464042507054,0.3609863708036539,0.0296668010419426,15497.902265886323,1.95533130754474,18.66259193741384,6.117748260461362,-1.0,0.194,14.875494917925923,0.0,0.0,0.0,0.0
"[1.6148, -0.272868, 0.00111798]","[0.0, 1751451.0, 1908805.0]","[0.0,0.5,1.0]",259679,10.189554020403769,6.901681551123294,0.4942923169599839,0.043102312053674,47153.08672662325,4.9461380812321085,6.523283707543888,1.4379232752864155,-1.0,0.355,1.8272378549306858,0.752661815570544,0.0,0.0,0.0
[3.69],[0.0],[0.0],58602,21.549796757695702,6.758506644777605,0.5752964751733273,0.2437714875828145,27234.09216417892,3.1138305967480515,6.88615626495025,4.34252824473202,-1.0,0.366,8.341724356674098,0.0,0.0,0.0,0.0
"[1.41389, -0.163526, 0.000247168]","[0.0, 9519206.0, 10405310.0]","[0.0,0.5,1.0]",351889,40.088934108502656,26.93388027199241,0.3577502825097614,0.4451756961041465,16928.533572290384,2.101931115726944,1.9818649647953337,8.89359088965331,-1.0,0.743,10.575111599734022,3.596421245784406,0.1398212786827914,0.0,0.0
"[2.4032, -0.911787, 0.000651134]","[0.0, 3251014.0, 4113237.0]","[0.0,0.5,1.0]",394065,9.743528115334096,7.657801442139091,0.036973746870443,0.1702981587696381,15751.252516685096,1.981436867381616,19.54525290018271,2.168104050877987,-1.0,0.981,3.3610508150877276,2.0710082775336027,0.0,0.0,0.0
"[1.53905, -0.291336, 0.0263259]","[0.0, 12674060.0, 12761130.0]","[0.0,0.5,1.0]",96222,7.944182536603219,4.942176304206475,0.3271524361376586,0.1281299755254776,18596.36564300814,2.270525271016245,28.80206545377757,1.8933485126940068,-1.0,1.183,2.3488588930033116,1.0671196753528154,0.0,0.0,0.0
"[2.50519, -0.933972, 0.00136514]","[0.0, 1793534.0, 2286185.0]","[0.0,0.5,1.0]",129425,10.338243988209689,6.213636043662818,0.1745113230350287,0.5926881619590952,36036.39452635321,3.9379538309828153,9.629897608346973,2.123367720430485,-1.0,1.534,3.3608222645636423,2.05356900422715,0.0,0.0,0.0
"[7.05028, -3.54936]","[0.0, 5926962.0]","[0.0,0.5]",104950,11.34568249690181,8.272656006312497,0.0040330042520488,0.2105072378924582,97603.80777762734,9.28208587203192,2.0542499982267137,0.7914303285186138,1.792,1.792,2.101434565692849,1.491034574962701,0.0,0.0,0.0
"[-0.480059, 1.66659]","[5157780.0, 0.0]","[0.5,0.0]",190875,10.075811611913412,9.145795644546592,0.7994716347195346,0.521313944103484,138088.16786591956,12.613568754465131,1.3017229928959415,0.7074250202738063,-1.0,2.201,0.49014855200021656,0.9132607683479264,0.0,0.0,0.0
"[1.61496, -0.733253, 0.00252045]","[0.0, 2669715.0, 3044884.0]","[0.0,0.5,1.0]",110163,7.656379251038749,5.901439024646319,0.6313660934169819,0.5919269298473468,28661.61609268219,3.249475284533012,16.452551223692115,2.2749912589657053,-1.0,0.457,2.891083381780782,1.951424658870309,0.0,0.0,0.0
"[4.86175, -3.10357, 2.30674e-05]","[0.0, 20952220.0, 34517690.0]","[0.0,0.5,1.0]",2086,9.890455762784692,8.749099069147933,0.0480485774450004,0.0626765506446882,60541.27147012449,6.12733129554992,4.03457214539337,1.6021313850202576,0.66,0.66,3.5325997964048077,2.822467180898257,0.007694802039379921,0.0,0.0
"[-0.980151, 1.81071, 5.8319e-05]","[4071966.0, 0.0, 6327698.0]","[0.5,0.0,1.0]",369547,10.27396071393896,5.297246740968625,0.6360574928700413,0.1873029850192277,37053.55864403706,4.031519960280968,10.794375394738504,1.39973864937714,-1.0,1.218,1.8835250673026125,1.3857773162886626,0.010689367016053887,0.0,0.0
"[3.51012, -8.26586, 0.00274599]","[0.0, 896350.8, 1099070.0]","[0.0,0.5,1.0]",190287,10.38806495963712,10.094118619648516,0.065599808774979,0.1729015073425082,58261.6386603137,5.928249172125131,3.601859073650412,0.978397286485717,1.518,1.518,1.833058062244947,2.813399386404323,0.0,0.0,0.0
"[2.04974, -0.230022, 1.46758e-06]","[0.0, 40442030.0, 50467950.0]","[0.0,0.5,1.0]",114551,10.372986890436549,6.065378262218524,0.162375405230237,0.1443045365409629,66039.63869189033,6.604566007878683,4.776509236224866,1.1627673367727058,-1.0,2.982,1.6647238887141602,0.557670294072054,0.0014086195637381888,0.0,0.0
[3.89402],[0.0],[0.0],92717,10.293623904394993,10.221492864932603,0.3227670327092553,0.094215253335948,24614.966897553066,2.86254102693395,9.510362096184709,2.201755718372985,-1.0,0.347,4.344784313900781,0.0,0.0,0.0,0.0
"[-2.01355, 2.14544, 0.0123387]","[1058403.0, 0.0, 1136543.0]","[0.5,0.0,1.0]",18310,11.868591125399094,9.364304803444735,0.563866682756011,0.6658721743711166,94378.22147837348,9.012399726941618,1.861836718505512,0.5957658152352675,0.527,0.527,0.8726372882831777,0.8479756295435956,0.0,0.0,0.0
"[-0.350001, 1.75353, 0.000824174]","[8069465.0, 0.0, 9169330.0]","[0.5,0.0,1.0]",267148,10.514673023675993,9.341142227273744,0.5311363012222087,0.1401508014068752,14863.03846324379,1.889617888870823,16.34593041913089,7.0244407864620975,-1.0,0.775,9.301829100059628,4.160611168616945,0.0,0.0,0.0
"[1.78022, -0.337946, 6.98503e-05]","[0.0, 3338392.0, 4092039.0]","[0.0,0.5,1.0]",82626,9.760702292406412,7.887231478599396,0.3003680567615528,0.2974413905625652,29609.55836462816,3.339079351766195,10.182939671944824,1.638851805111915,-1.0,0.969,2.1866361401439613,0.9528141907614367,0.0,0.0,0.0
"[-1.25309, 2.21858, 6.45e-06]","[791454.4, 0.0, 1650020.0]","[0.5,0.0,1.0]",63027,10.155345365400056,7.890727970832474,0.1771146065141338,0.1825420635758782,142326.8228127172,12.95768677983837,1.406059114329686,0.5920967857436003,-1.0,1.714,0.8819221499485698,0.6628020386927564,0.0015037393370484703,0.0,0.0
[3.71954],[0.0],[0.0],182281,10.71755669584454,9.699055273795707,0.1885709844967414,0.2642046564642926,57411.39246440227,5.853800676929631,3.695391092743015,0.7263717857379071,-1.0,0.434,1.400888542748883,0.0,0.0,0.0,0.0
"[2.10473, -0.2167, 0.00675487]","[0.0, 6796948.0, 6955369.0]","[0.0,0.5,1.0]",90084,9.156078418713593,8.408116673032596,0.8496188018846629,0.2892860788855496,32729.849981342664,3.631600724506096,9.119258343289106,1.4084246548844956,-1.0,0.495,2.043298492551153,0.665776606167979,0.0,0.0,0.0
"[2.62456, -0.385408, 0.00124517]","[0.0, 67265170.0, 68878950.0]","[0.0,0.5,1.0]",223895,9.552971820484068,8.021968282526574,0.2621687066685719,0.769286217053504,25331.13660222682,2.931583216369543,12.040455494606542,1.5975205314217682,0.745,0.745,2.5880621496036804,0.9917605088503152,0.05637165336731977,0.0,0.0
"[-2.63598, 3.35002, 8.89578e-05]","[3759356.0, 0.0, 6747378.0]","[0.5,0.0,1.0]",339294,9.04536795334096,5.656104520636979,0.0564073300043952,0.2011672180161135,66828.5597342918,6.672721461034644,5.575764424687968,1.0155472812260895,-1.0,0.829,1.8587622672318025,1.6488122417133562,0.009578382251981508,0.0,0.0
"[1.46225, -0.153353, 2.92823e-05]","[0.0, 10010390.0, 11391630.0]","[0.0,0.5,1.0]",105145,9.822940777416672,7.508966609369063,0.5006805567024054,0.2122566651749107,105044.13582885051,9.901407404113636,2.2752702803467666,0.0982510593664375,-1.0,1.339,0.11880864881091636,0.038475420940378084,0.0005316671587011732,0.0,0.0
"[-0.709074, 2.46799, 4.12348e-05]","[3354013.0, 0.0, 4703724.0]","[0.5,0.0,1.0]",198166,9.40051683083038,7.471386246520906,0.2933149735787334,0.5217300643549528,39387.75221040278,4.245137474872419,8.015866979245258,1.1515413093186784,-1.0,1.487,1.8090527053705243,0.9696729989730624,0.007394545205504247,0.0,0.0
"[2.72273, -0.492208, 0.000519791]","[0.0, 4906851.0, 5225277.0]","[0.0,0.5,1.0]",350492,10.1847768091593,9.80859625253234,0.0780716127394734,0.7562068578973936,48684.51480229101,5.082845967601119,4.658747151339998,1.1317284248390154,1.502,1.502,1.8674307773602494,0.7944119217396896,0.0,0.0,0.0
[3.12081],[0.0],[0.0],217107,9.502651223200749,8.893651475532875,0.0655471261183813,0.4297565594032472,18426.982728965664,2.2535071898080417,15.1976297030081,2.075969075910166,-1.0,0.204,3.66736844882833,0.0,0.0,0.0,0.0
"[-0.576819, 1.91329, 0.00581892]","[2408545.0, 0.0, 2591446.0]","[0.5,0.0,1.0]",304924,9.942588785746238,7.476768561272753,0.4644943934186341,0.0228216291365702,95936.07520818144,9.142743590981912,2.5502440314831945,0.4176619275323913,-1.0,0.239,0.5777171887647315,0.31880436696479914,0.0,0.0,0.0
"[-0.82973, 3.04493, 0.000136738]","[3722691.0, 0.0, 4911024.0]","[0.5,0.0,1.0]",382045,10.94529468974502,5.642594404887721,0.4714907470965195,0.3336407084309682,108101.30933492752,10.154839439872717,2.5772827425574025,0.3305007169708052,-1.0,0.746,0.5767147546060307,0.3010515048237786,0.0038647109500102405,0.0,0.0
"[1.65602, -0.397028, 0.000217795]","[0.0, 1292030.0, 1841116.0]","[0.0,0.5,1.0]",313542,10.468838327435943,8.247993509313636,0.334425604273484,0.3094764233331612,34858.31632097193,3.829200557745497,7.746082103595503,2.617479964792278,-1.0,0.807,3.368341800689277,1.6497305638731146,0.0,0.0,0.0
"[3.41599, -0.338817, 0.000467638]","[0.0, 7407255.0, 8619807.0]","[0.0,0.5,1.0]",194234,9.8227504370775,9.283656947276386,0.2320773866309164,0.2647688982578966,12935.557916233622,1.6872794001144569,19.6168664537946,6.713532001279316,-1.0,0.829,12.408216392587649,3.910507845539969,0.0,0.0,0.0
"[1.8177, -0.367046, 5.96061e-05]","[0.0, 6771372.0, 8404563.0]","[0.0,0.5,1.0]",216275,11.47898847914283,3.6625912828961935,0.5469128910270457,0.1358991400092737,27531.1502799109,3.1421302827131647,19.14412778331182,1.306683441930262,-1.0,0.937,1.7616981222600907,0.7917095728417535,0.0,0.0,0.0
"[-0.586111, 2.15659, 8.00567e-06]","[9892670.0, 0.0, 13924980.0]","[0.5,0.0,1.0]",268311,10.213842948999218,3.403043668331002,0.1240382482656594,0.0674830777420738,39070.35902930914,4.216176889951017,15.220383021573982,1.2105471062531032,1.195,1.195,1.7777287148206402,0.9267692807927739,0.003425157416444245,0.0,0.0
"[1.82908, -0.489764, 7.63833e-05]","[0.0, 20650400.0, 22841970.0]","[0.0,0.5,1.0]",145923,10.200024846909232,4.705638441942186,0.2011019414623913,0.0626273255421389,51532.8501950843,5.335924880025917,8.214682988477932,0.7276168221857644,1.275,1.275,0.9840543414501948,0.5092091053505967,0.006359192032976381,0.0,0.0
"[-0.585383, 1.92647, 0.00111197]","[11071390.0, 0.0, 12175510.0]","[0.5,0.0,1.0]",348782,9.299474382661971,7.962251184894346,0.2700217198719616,0.562660441752078,32136.3495015477,3.576232363504688,9.617537076832091,1.7754306915967293,1.659,1.659,2.464250471718385,1.3583878118284571,0.059203892100044814,0.0,0.0
"[-2.79151, 3.3287, 0.0834752]","[16824210.0, 0.0, 17566050.0]","[0.5,0.0,1.0]",61377,10.354607768180442,8.26102541423281,0.7271696716532269,0.7147077576793516,73128.39640248407,7.214340352649416,3.2201840500373504,0.7200624495892319,0.313,0.313,1.3137341566490617,1.2030668427593032,0.20804098325560452,0.0,0.0
[4.30235],[0.0],[0.0],181449,9.960438355594937,7.692006999362858,0.3429877379608353,0.1802002360043483,17880.71885230187,2.1984677799979786,17.01206600200264,2.8934232836335783,-1.0,0.524,6.001569515016425,0.0,0.0,0.0,0.0
"[2.09082, -0.301399, 0.0026343]","[0.0, 2622143.0, 2806570.0]","[0.0,0.5,1.0]",260506,9.849630687925256,8.743577539409648,0.2296014300320864,0.0771451937053211,46626.64879808583,4.89903531420627,5.5515918346856,1.9991504795978812,-1.0,0.74,2.8907052308951564,1.1023158755325768,0.0,0.0,0.0
[3.33692],[0.0],[0.0],31310,6.730062405094887,5.645874187976503,0.5958475485550321,0.426962496032665,133132.80848772195,12.210288673952457,2.866148894031709,0.4455444024973868,-1.0,0.778,0.8138865833297649,0.0,0.0,0.0,0.0
[3.06435],[0.0],[0.0],377061,10.52970073179499,9.552682505193085,0.0740256162185183,0.041147013380657,38756.12309242625,4.187478506870032,6.041990683556415,1.85639038909153,-1.0,1.185,3.2496642676883694,0.0,0.0,0.0,0.0
"[7.15775, -0.209148, 5.25072e-06]","[0.0, 6755753.0, 9347409.0]","[0.0,0.5,1.0]",118661,10.133897099037808,9.897726549976744,0.4361225603599518,0.3141909428217561,67291.57579995652,6.712686113926971,3.1257977277369013,1.5380185601675749,-1.0,1.252,4.114810498323231,0.7033774394081016,0.0035242848765019703,0.0,0.0
"[2.69979, -2.8576, 1.34606e-05]","[0.0, 3114685.0, 4929005.0]","[0.0,0.5,1.0]",337833,6.730781849791732,6.673096234971978,0.5511588590104692,0.4240561707122484,140622.34132221076,12.819397437212269,2.309824224691404,0.2925848720035148,1.804,1.804,0.4807473063240263,0.49459826199938756,0.0010734555771633543,0.0,0.0
"[3.5045, -0.0611083, 1.37515e-05]","[0.0, 56191570.0, 60192250.0]","[0.0,0.5,1.0]",315611,8.815251431815735,6.823059981980779,0.3152979937576035,0.1064250237818032,48399.71965267272,5.057457684003443,7.1791925441704745,0.828245372457395,-1.0,2.179,1.5505009984763953,0.20474302668666694,0.0030713835553876157,0.0,0.0
"[2.70169, -0.285111, 0.031537]","[0.0, 55499800.0, 55656050.0]","[0.0,0.5,1.0]",91347,9.768830372786804,8.461580667059057,0.5704133364627831,0.4099427959564375,25346.7729784528,2.9330877646076,11.29255497575859,1.3230896741711338,-1.0,0.464,2.174738473690231,0.7445222047038742,0.0,0.0,0.0
"[3.87317, -0.336123, 0.0021522]","[0.0, 3546806.0, 3792544.0]","[0.0,0.5,1.0]",367024,8.715794546160923,6.3026125655361485,0.2039969378481138,0.2278026177875237,68258.69597348075,6.7960786987743,5.092880996351831,0.8031019248518609,0.68,0.68,1.580534377685708,0.46709556801832997,0.0,0.0,0.0
"[1.37464, -0.327587, 0.00623287]","[0.0, 4365788.0, 4585049.0]","[0.0,0.5,1.0]",130761,9.115782737625777,6.125600916422652,0.6813933150974616,0.0361060316526213,6188.834374574927,0.9280192300904676,51.672172524879066,8.942073350873033,-1.0,0.757,11.688011199667557,0.0,0.0,0.0,0.0
"[4.36247, -0.621649, 0.00337136]","[0.0, 96681510.0, 98200680.0]","[0.0,0.5,1.0]",53908,10.164075512796554,5.712498656811435,0.427674514287035,0.1321351163603267,47403.76411969012,4.968547576501121,7.661033504056782,1.14035257616191,-1.0,0.774,2.3818004595214637,0.8991078049529319,0.06621276329046695,0.0,0.0
"[-1.00698, 2.43486, 0.000449385]","[4434223.0, 0.0, 5895311.0]","[0.5,0.0,1.0]",145950,8.686643407445612,5.061886753994187,0.2445755161040663,0.603486702078811,25570.4363295264,2.954595876885996,19.148187865887497,2.763110600236317,-1.0,0.899,4.311568263558549,2.773355712950248,0.0,0.0,0.0
"[-1.92561, 2.91844, 4.21542, -3.32137, 8.18285e-06]","[831207.1, 0.0, 389923.2, 528438.2, 3412212.0]","[0.5,0.0,0.0,0.5,1.0]",61863,10.093011972120914,6.76878320777378,0.4530699325690663,0.0811124221103608,43833.062768345415,4.648107764638625,7.282968691972949,1.2226387696837386,-1.0,0.914,4.302027861033372,0.003497441493423934,0.0,0.0,0.0
"[3.09448, -0.69831, 6.85972e-05]","[0.0, 2963040.0, 4366405.0]","[0.0,0.5,1.0]",16260,9.16376460617103,7.967634955844833,0.0735925753352964,0.1923868081877147,188262.2536017248,16.645508961272608,1.0260790079547013,0.4725185330421364,-1.0,0.942,0.831213689392836,0.3948598513226299,0.003913560405633913,0.0,0.0
[3.51838],[0.0],[0.0],50039,9.8376734702159,7.61484878241035,0.5278746938697422,0.458653079040846,77406.07574467617,7.579641120659207,3.347038438395016,0.7786148076357868,-1.0,1.628,1.4604746746407984,0.0,0.0,0.0,0.0
"[3.5422, -1.57073, 0.00778725]","[0.0, 2761781.0, 2960553.0]","[0.0,0.5,1.0]",361524,9.713233916272682,9.258093220199408,0.2305069364463823,0.4574604032136788,67468.96075490932,6.727990166988516,3.4125558100573667,1.0693121767675142,1.643,1.643,2.0125239237996286,1.3434737291553835,0.0,0.0,0.0
"[2.41968, -0.285056, 1.46372e-05]","[0.0, 10409260.0, 13764700.0]","[0.0,0.5,1.0]",197189,9.93966251400619,6.360874545721584,0.1541966824732618,0.0567293305130308,26962.516265349943,3.087924727289247,13.336776554641297,0.9689746277183152,2.017,2.017,1.5072711019542369,0.5173417152845493,0.0037071606690036777,0.0,0.0
"[-1.10047, 3.44116, 0.000416661]","[4978206.0, 0.0, 6749527.0]","[0.5,0.0,1.0]",252026,10.544626100172868,4.465302301378947,0.3434230721229627,0.2279956951647862,51316.63136646384,5.316765352335026,8.435867931348271,0.8603822169728285,-1.0,0.348,1.596040319886237,0.9025692418115356,0.0175623590359737,0.0,0.0
"[2.7056, -0.497089, 3.89294e-05]","[0.0, 4353000.0, 5920138.0]","[0.0,0.5,1.0]",200976,30.567958570333097,19.74398790241852,0.1850737587633702,0.3193622351245505,32877.47589475494,3.645353986025649,1.6438716083527865,4.512636077337404,-1.0,0.552,7.4227033850186634,3.181613256801133,0.028155883933144832,0.0,0.0
[3.24349],[0.0],[0.0],291273,10.63833400713216,8.940372402297976,0.1400596930452301,0.1533171974385485,109369.61621412644,10.259810201912966,1.741234141058336,0.8300646895246747,0.571,0.571,1.4949209261646408,0.0,0.0,0.0,0.0
"[-6.49958, -1.47648, 3.40244, 6.69242, 0.106527]","[4818.158, 29327.24, 0.0, 3083.341, 32433.51]","[0.5,0.5,0.0,0.0,1.0]",249281,11.663196504281784,7.936725532421112,0.0640389816679724,0.0102223933223249,67903.30627893549,6.765447225429975,3.324491517861041,0.9381281684999728,-1.0,0.68,3.9997110691729048,0.0,0.0,0.0,0.0
"[1.88029, -1.97297, 0.000494084]","[0.0, 27335530.0, 29269410.0]","[0.0,0.5,1.0]",141646,9.497634456055456,5.733062928432276,0.2417934295287781,0.1220879694963398,74778.49936231143,7.355478278287953,4.598989694625374,0.6324613510584945,0.784,0.784,0.8672541957408526,0.8883707121517015,0.014058351138955118,0.0,0.0
"[3.03173, 0.000477488, -0.00453291]","[0.0, 111070700.0, 110995200.0]","[0.0,1.0,0.5]",52081,10.415394983852885,7.247143749676784,0.798693569703928,0.4001555518940881,76026.2728008256,7.462015188166885,3.412680347735818,0.3858984726418653,-1.0,0.907,0.6719211635300283,0.02731550112053059,0.0,0.0,0.0
"[2.04303, -0.210724, 0.000699897]","[0.0, 11599110.0, 12006470.0]","[0.0,0.5,1.0]",347885,10.171988322209506,9.58566710800343,0.2973651606270889,0.4140741814146309,30304.81191550305,3.404571392711491,8.14243638014345,3.187769002345827,0.948,0.948,4.556424886125065,1.4657634231076158,0.0,0.0,0.0
"[-1.28871, 1.87438, 5.64499e-05]","[5798173.0, 0.0, 8720110.0]","[0.5,0.0,1.0]",378502,9.539026278024906,5.492263868691188,0.085250086754424,0.1520721136553234,51956.82524089386,5.373469227682329,7.472977613597687,0.9992738745211036,-1.0,1.133,1.3680858591959708,1.1343893287364406,0.007507859238313607,0.0,0.0
[3.16943],[0.0],[0.0],308500,10.113486637111832,10.043753031194088,0.2053252991216965,0.4831086593920969,53506.0997900206,5.510398094957442,4.102460146542611,1.845294041889465,-1.0,1.23,3.2851572424339532,0.0,0.0,0.0,0.0
"[7.83202, 0.000148766, -0.0335691]","[0.0, 22039480.0, 21651240.0]","[0.0,1.0,0.5]",174849,10.5243079431246,8.45535539929344,0.466886101316825,0.4374419825202422,53401.572482060656,5.501172518418139,4.600744613868759,0.8288472349039605,1.5,1.5,2.3195908497186677,0.15219645370628435,0.0,0.0,0.0
"[-0.446908, 2.30721, 7.56908e-06]","[7088033.0, 0.0, 11948990.0]","[0.5,0.0,1.0]",54918,10.295900344349734,8.569497432514886,0.5537884345771789,0.6591595064686437,42046.91671545136,4.486763617328979,6.144012332570404,0.4971482923021103,-1.0,2.013,0.7551435454669567,0.33234948981130197,0.0013677524446510528,0.0,0.0
"[4.77638, 0.158797, -0.310115]","[0.0, 762808.8, 762745.6]","[0.0,1.0,0.5]",153288,10.333768159475428,10.159704906301473,0.1826193769063684,0.2946976809755256,42102.10971437704,4.49176058705845,5.299760504550193,2.304132654584178,2.53,2.53,5.035665970557766,1.577804361944629,0.0,0.0,0.0
