mu_list,td_list,n_list,idx,m1,m2,a1,a2,Dl_s,z_merge,duration_time,SNR,z_lens_sbh,z_lens_hh,Signal_1,Signal_2,Signal_3,Signal_4,Signal_5
"[-0.455304, 4.13053, 0.00368512]","[4020319.0, 0.0, 4419982.0]","[0.5,0.0,1.0]",92822,9.908380457696998,9.447176358685596,0.9184411618420422,0.3914321129207473,96870.43886651302,9.220836032626504,2.0710790763120297,0.7909292201473076,0.427,0.427,1.6074612439448301,0.533689125071138,0.048013507980160915,0.0,0.0
"[1.745, 0.00348145, -0.223747]","[0.0, 9054919.0, 8869116.0]","[0.0,1.0,0.5]",126346,10.311943179122723,8.763684441754693,0.0358402999518064,0.8240329232771199,109356.43246861608,10.258719517760088,1.817024959043482,0.54784953518557,0.487,0.487,0.7237007341016822,0.2591432541314586,0.03232521176513375,0.0,0.0
"[1.86146, -0.378217, 0.00439756]","[0.0, 5384243.0, 5736846.0]","[0.0,0.5,1.0]",44652,9.087439576356733,8.492800871791818,0.4620579414765366,0.1774237532542,60142.64578339527,6.092573106479215,4.47252676067522,0.7595876116797754,-1.0,0.6,1.0363458848938756,0.46984933813506574,0.0,0.0,0.0
"[-2.2634, 2.97941, 0.0134409]","[935392.3, 0.0, 1156567.0]","[0.5,0.0,1.0]",216434,8.261391338890036,5.542097484394791,0.4037866636246479,0.1636648500954697,21723.36854049481,2.5809514442203016,21.726098124329983,2.4266871797302896,-1.0,0.602,5.563548002400074,0.0,0.0,0.0,0.0
"[2.05137, -1.62884, 0.000265416]","[0.0, 4360363.0, 6195163.0]","[0.0,0.5,1.0]",84341,10.57588847954675,5.23236598421798,0.1238824654226958,0.4287932577605559,74445.09671999286,7.32698437050322,4.607976660567092,1.0672423876545496,-1.0,0.963,1.5285690636551839,1.3620789420978816,0.017387078530862264,0.0,0.0
"[1.69747, -0.194668, 6.22452e-05]","[0.0, 7082467.0, 8175908.0]","[0.0,0.5,1.0]",311119,10.48254534206038,9.043012863979202,0.3223667514519229,0.8393367853135324,104055.58458982316,9.819333045829348,1.8655087709704004,0.2059094507543725,-1.0,0.974,0.26827322738415826,0.09084971383229297,0.001624535527505108,0.0,0.0
"[3.53715, -0.0265022]","[0.0, 39755740.0]","[0.0,0.5]",32289,8.983232275730582,8.355330647854672,0.0565992231919405,0.2439741366432993,51890.78938105693,5.36762386209703,5.478848399363066,0.3240823288789252,1.162,1.162,0.6095117605033802,0.05275897076052601,0.0,0.0,0.0
"[6.34844, -0.381347, 1.78999e-05]","[0.0, 3348090.0, 5243470.0]","[0.0,0.5,1.0]",36908,9.391409264745976,7.924801943126872,0.173692315086014,0.284113994404495,37468.21865813002,4.069577935174704,8.07586327472215,0.7115529857679788,-1.0,1.33,1.79283678773052,0.43940744645222923,0.0030104578276526593,0.0,0.0
"[-1.04188, 2.40631, 1.68574e-05]","[3538507.0, 0.0, 6599032.0]","[0.5,0.0,1.0]",364088,32.10644625514663,24.1982561647486,0.3785954370432113,0.1823200117367489,26780.94763965325,3.0705855901100887,1.6522938518181003,4.557483820410845,-1.0,1.401,7.0696989973262285,4.65193873161854,0.01871200959825372,0.0,0.0
"[-1.82635, 5.68868]","[8479103.0, 0.0]","[0.5,0.0]",340367,9.420394006955654,7.453443209373126,0.1640952558582943,0.4942004242666726,94345.02251460278,9.009620131131385,2.731027881723621,0.7904890565107054,-1.0,1.896,1.0682868104707361,1.8853918013143987,0.0,0.0,0.0
"[-0.330029, 2.06801, 0.00271826]","[4641754.0, 0.0, 4926104.0]","[0.5,0.0,1.0]",233124,34.18866270782412,28.66406416086621,0.3888625232839198,0.1727110776394309,58675.939574315176,5.964486674675983,0.5552004775342695,4.487039838166614,-1.0,0.799,6.4526222697819255,2.5777214008375458,0.2339405047638272,0.0,0.0
"[-3.17129, 3.70277, 4.03748, -2.00631, 0.000693828]","[681604.2, 0.0, 212961.1, 1192746.0, 2868500.0]","[0.5,0.0,0.0,0.5,1.0]",214763,10.59614878610012,5.493478245670635,0.1978339263723449,0.3681659159171614,103909.45292788972,9.80719519623395,2.853481532618488,0.130448796484747,-1.0,0.881,0.36292557259795666,0.2323047316454437,0.18477324907870224,0.0034361015289386607,0.0
"[-2.86688, 3.15997, 0.16726]","[604571.9, 0.0, 652090.7]","[0.5,0.0,1.0]",314140,10.983540803500404,9.802787310428265,0.5191925947519322,0.4785008811396502,63755.263274905534,6.406776060445347,3.1537612414139886,0.9431790201758992,1.037,1.037,1.6766237416176533,1.6429030650078782,0.0,0.0,0.0
"[1.9021, -0.843082, 2.4547e-05]","[0.0, 3508097.0, 5899942.0]","[0.0,0.5,1.0]",400140,8.299863340056422,7.80523041185767,0.1492566080940429,0.2491337675835118,17279.763672060548,2.137632534205988,20.14827208235621,3.238500933123797,-1.0,1.084,4.466431721600601,2.973575261961657,0.016045129913745834,0.0,0.0
"[2.28641, -0.944885, 0.0679942]","[0.0, 151568.8, 160470.2]","[0.0,0.5,1.0]",401099,23.432670656505984,11.463739762286297,0.106858924580237,0.4200679500634638,98349.9893785528,9.344366835217418,0.8609590183318864,1.2697298872252063,-1.0,1.136,1.919943275438897,1.27788028112497,0.0,0.0,0.0
"[2.28377, -4.53732]","[0.0, 5191722.0]","[0.0,0.5]",72606,8.317105129332864,7.92400710425583,0.4021173206706941,0.5651770464495528,58587.35200389308,5.9567402484335,5.268117086400467,0.1810894489924585,1.171,1.171,0.27366504515147067,0.3857383798300905,0.0,0.0,0.0
"[1.96485, -0.507354, 8.05647e-06]","[0.0, 2663929.0, 4497365.0]","[0.0,0.5,1.0]",70393,8.186866282862558,6.599958999709508,0.1350945320229166,0.101243628032967,45012.062867557644,4.75421340126594,8.544755277402707,1.2947560551521389,-1.0,1.262,1.8148997939934712,0.9222390238332083,0.003675025423751611,0.0,0.0
"[1.49823, -1.20343, 0.00386848]","[0.0, 951873.1, 1172651.0]","[0.0,0.5,1.0]",192473,10.579338152967251,6.420283520909955,0.2376483519196707,0.505387089501295,14635.932397502307,1.8660043219062576,22.7535501691123,5.127122858557307,-1.0,1.575,8.433343292044418,0.0,0.0,0.0,0.0
"[2.19251, -0.377375, 3.16593e-05]","[0.0, 5450551.0, 7388276.0]","[0.0,0.5,1.0]",104237,11.031826199075454,7.741181996917579,0.1939081874739115,0.1603579874947377,47605.84157767098,4.986602881463926,5.480237418324347,1.6543367986746298,-1.0,2.476,2.449597452044808,1.0162732472723934,0.0093083902865332,0.0,0.0
"[2.29619, -0.34972, 4.62811e-05]","[0.0, 3026530.0, 3793363.0]","[0.0,0.5,1.0]",57383,33.526488948760125,19.93346647269407,0.1262671619186783,0.5039981720275871,18664.962814982155,2.277410961662387,2.709342938401709,6.03244986526783,0.549,0.549,9.141082569766253,3.567417645237784,0.04103888545297837,0.0,0.0
"[-0.298335, 1.60066, 0.00275561]","[2153821.0, 0.0, 2214335.0]","[0.5,0.0,1.0]",112687,34.18693973320787,28.71597291542896,0.3707999396292455,0.1010454711575199,82251.21765198234,7.991220538992903,0.3621753846499123,1.644229272879749,-1.0,0.567,2.080232714435251,0.8980788717322729,0.08631201427544374,0.0,0.0
"[2.16841, -0.459732, 0.00330522]","[0.0, 14486710.0, 14971880.0]","[0.0,0.5,1.0]",402387,9.401504628420374,8.472783005568907,0.3590596259315639,0.0677712211623462,53670.42272104782,5.524897224717441,5.007337494159154,1.1677053032768685,0.645,0.645,1.7195070205379435,0.7917455292437363,0.06713259554581603,0.0,0.0
"[-1.55639, 7.81422, 0.0124972]","[3687339.0, 0.0, 4592704.0]","[0.5,0.0,1.0]",79913,8.66827696898935,7.496459647616584,0.2172156148952205,0.0858292064501395,23410.489376577225,2.7458179109508567,14.969236300056677,2.9736201979225285,-1.0,1.152,8.312436009169803,3.7246147419854627,0.0,0.0,0.0
"[2.01752, -0.254135, 0.000214155]","[0.0, 1605602.0, 1890873.0]","[0.0,0.5,1.0]",93877,8.670008082391174,5.368034930175968,0.0714419638122591,0.2105184476626037,64847.53035603669,6.501431895993074,6.267157267189407,0.31808857393564,-1.0,1.371,0.4518112009554796,0.16042173855962233,0.0,0.0,0.0
"[-0.360194, 1.41837, 0.00053627]","[6871007.0, 0.0, 7608914.0]","[0.5,0.0,1.0]",12786,9.617752133514076,5.479090002875198,0.2068280459491852,0.1284094245811255,34763.43090437644,3.8204228335728287,11.850817812916617,2.1440779635140004,-1.0,1.419,2.553496939637523,1.2877509135867138,0.0,0.0,0.0
"[3.56302, -2.00438, 3.69477e-05]","[0.0, 656442.7, 1549202.0]","[0.0,0.5,1.0]",843,8.685822415400436,8.274153895409292,0.3783804208048345,0.0356100773426278,33988.085613709954,3.7485896196832766,9.262104267617508,1.3794392118535723,-1.0,1.72,3.2548335175147822,0.00838486879817272,0.0,0.0,0.0
"[3.09627, -0.3323, 0.00101961]","[0.0, 102503300.0, 105903200.0]","[0.0,0.5,1.0]",209332,10.23306223032074,4.596482845237645,0.1884266978814757,0.3053556721869082,61070.45759523877,6.173439270882198,6.804180575367427,0.5931868160144594,-1.0,0.488,1.0437846418760566,0.34194531718654597,0.018941245501121334,0.0,0.0
"[3.64056, -0.289246, 0.000375215]","[0.0, 97174860.0, 103067900.0]","[0.0,0.5,1.0]",361154,9.987090739798198,6.6191272114914845,0.3178881043985382,0.6228632682742694,38009.41783848213,4.119177135530963,8.821865837101834,1.851922551601084,-1.0,0.669,3.5335148173943107,0.9959934931744882,0.03587260506441836,0.0,0.0
[3.125],[0.0],[0.0],260161,9.657993598083085,7.896271818312954,0.3638470998543623,0.0308480825923751,49262.14741004632,5.1342917788222255,5.762195975346082,0.9872171859959656,-1.0,0.78,1.7451699168041213,0.0,0.0,0.0,0.0
"[2.30078, -0.262918, 8.51082e-05]","[0.0, 8370369.0, 10111250.0]","[0.0,0.5,1.0]",220703,40.11499335623644,13.616096761388294,0.1633854708676776,0.0086305217582982,44504.70452986463,4.708590647099126,1.3168749941425568,3.0060709267552483,-1.0,1.214,4.559705253528596,1.5413788066758611,0.027732238471705695,0.0,0.0
"[3.06685, -0.558928, 0.000328379]","[0.0, 21245110.0, 22454310.0]","[0.0,0.5,1.0]",335840,31.108214082513555,25.19701398270453,0.1797014381391728,0.4935250230126176,21696.20516005724,2.578282462267208,2.030226886544247,8.131208174963993,1.225,1.225,14.239716650257279,6.07901217613951,0.14734749874099992,0.0,0.0
"[2.159, -0.243415, 1.51395e-05]","[0.0, 10637540.0, 14477200.0]","[0.0,0.5,1.0]",44741,8.636217760953137,8.481757117218416,0.4426927477250494,0.4750497480575947,31301.89927738775,3.498175469334172,9.976791907431345,2.474981438949098,-1.0,1.587,3.636622885709317,1.221084208877399,0.009630031605234565,0.0,0.0
"[3.32314, -0.020822, 3.77444e-06]","[0.0, 60677980.0, 63515520.0]","[0.0,0.5,1.0]",61379,10.363931876686031,8.16650993860886,0.3202314433268308,0.144758942994768,88647.73461037167,8.53135057140408,2.536220436050309,0.8617526401949144,-1.0,2.524,1.570930391225435,0.12434944284333509,0.0016742059678455797,0.0,0.0
"[4.54139, -4.849, 0.000337409]","[0.0, 8731109.0, 14054240.0]","[0.0,0.5,1.0]",193553,9.655810939899848,8.858842838403813,0.0807936493664487,0.3581154253196915,83058.61905954416,8.059594780945087,2.730245392382188,0.6589663156025691,0.681,0.681,1.4042926247864977,1.4510731539533772,0.012104352055760331,0.0,0.0
"[2.08444, 0.0145571, -0.213042]","[0.0, 15274770.0, 15210760.0]","[0.0,1.0,0.5]",368797,9.113872799139392,7.841295029174671,0.8875474939642035,0.0563456613909016,130151.18506909924,11.967107057974111,1.7457483339858857,0.3823459005604663,-1.0,1.063,0.5520153284158857,0.1824070872125608,0.0,0.0,0.0
"[2.27962, -0.516381, 0.00848094]","[0.0, 9201557.0, 9813277.0]","[0.0,0.5,1.0]",190852,10.182833783794193,7.06878189970111,0.0628790322723564,0.3586362569081923,12101.498062928436,1.5982319567066048,25.408382073382484,6.651574937126473,-1.0,1.204,10.042820895451728,4.818890178258984,0.0,0.0,0.0
"[-0.307536, 3.49574, 0.0224823]","[290902.4, 0.0, 295881.6]","[0.5,0.0,1.0]",212526,9.815071060399063,9.150707528273731,0.1174177873763586,0.051205772410937,48074.904748290144,5.0284823764248765,5.168195890975353,1.2081062529648832,-1.0,1.226,2.363000952738478,0.0,0.0,0.0,0.0
"[3.76639, -6.27137, 0.000855446]","[0.0, 3103663.0, 5024948.0]","[0.0,0.5,1.0]",210986,9.914403481477486,7.189334276531012,0.3815502135775986,0.11046185005398,23626.884659528663,2.7668460972784734,13.777025830256669,2.0764441915677874,1.231,1.231,4.0297945682487475,5.199977628223027,0.06073185732158312,0.0,0.0
"[7.72942, -1.01208, 0.000218349]","[0.0, 2074141.0, 3102212.0]","[0.0,0.5,1.0]",46885,8.616762803073575,8.549519406195776,0.4630316902146217,0.2700452155173218,33270.75861397633,3.6819582152590944,9.28832086672925,1.3973818575535322,1.49,1.49,3.884977909766588,1.4057967074132958,0.02064860441076318,0.0,0.0
"[4.77325, -0.419453]","[0.0, 30611860.0]","[0.0,0.5]",202103,9.34969739285984,8.426213062669895,0.7346515377771021,0.4060520236052886,136926.09332299375,12.519092365712709,1.5007611937218537,0.596941685192877,-1.0,1.652,1.3041843904161683,0.3866104241744822,0.0,0.0,0.0
"[-0.706317, 2.10352, 0.000346698]","[1873705.0, 0.0, 2383120.0]","[0.5,0.0,1.0]",119767,10.365126496485365,9.075792465511023,0.3304331195393772,0.2425966575408484,96500.52201787411,9.18992660816803,2.0742998231721463,0.7292514855905398,-1.0,1.742,1.057671118355101,0.6128824029867315,0.013578537333257434,0.0,0.0
"[1.60799, -0.362647, 3.80178e-05]","[0.0, 7306737.0, 9126821.0]","[0.0,0.5,1.0]",401745,10.70383155482169,9.865845170992625,0.0484192891897313,0.3426043685470106,66967.64627048756,6.684729395831431,3.0134557500092254,1.1844891629297485,-1.0,1.758,1.50200979019041,0.7133014982045561,0.0073033915127971175,0.0,0.0
"[1.47717, -0.172622, 0.000160877]","[0.0, 1905918.0, 2154007.0]","[0.0,0.5,1.0]",53191,10.48621102527061,7.027813150929473,0.4535678913550565,0.2321241713727911,30019.53812122704,3.377721484602662,10.454898617708055,1.5499583812054292,-1.0,2.015,1.8838020983242467,0.644273676433459,0.0,0.0,0.0
"[-1.20225, 1.54756, 0.000190565]","[3660374.0, 0.0, 4677172.0]","[0.5,0.0,1.0]",67469,9.260440703789165,6.48231206466861,0.2390738677120736,0.0689718182113491,32730.03491471374,3.631617945871096,11.275979528183884,2.2684287686395748,-1.0,0.398,2.821947270052329,2.4872677528759084,0.03131458900295046,0.0,0.0
"[1.83583, -0.749788, 0.000347689]","[0.0, 2264820.0, 3038659.0]","[0.0,0.5,1.0]",299268,9.245130403924636,8.93818817858717,0.1881999448264608,0.0652508810548537,64282.80539658105,6.452511966708782,3.88986235837424,1.3749275811080643,-1.0,0.468,1.8629279358709645,1.190553912969865,0.025637477927930592,0.0,0.0
"[1.64889, -0.237827, 3.45385e-05]","[0.0, 6984234.0, 8679727.0]","[0.0,0.5,1.0]",357223,8.962486166813106,6.79236809229622,0.1955099032284732,0.2953610454572329,42796.169984180415,4.554534204081653,8.215850591859596,1.9578014324577713,-1.0,0.578,2.5139954307401378,0.9547710030109605,0.01150589424888377,0.0,0.0
"[1.44692, -0.848067, 0.00465837]","[0.0, 9220893.0, 9538318.0]","[0.0,0.5,1.0]",403871,9.822120069507438,8.90981794187097,0.7550079129753281,0.154045763976252,65744.4249327012,6.579042619237191,3.606947129859377,0.7484254213531027,-1.0,0.825,0.9002658792501728,0.6892291112734124,0.051081720992836664,0.0,0.0
"[2.08311, -1.74608, 6.7582e-05]","[0.0, 2818722.0, 4662789.0]","[0.0,0.5,1.0]",78539,10.602215963153231,5.3086659450298015,0.473701604680736,0.09198247315089,44412.1847713239,4.700264859264448,8.538885131088204,0.9447829095843852,-1.0,1.065,1.363603572907356,1.2484297161312354,0.007766897049696013,0.0,0.0
"[3.40653, -0.0339534, 5.85846e-05]","[0.0, 61747110.0, 63814060.0]","[0.0,0.5,1.0]",198239,9.990143430612363,6.126411485644998,0.0425389719515103,0.5053357651338901,105135.09556034829,9.908956180116746,2.6733206026852026,0.4599508152561541,-1.0,1.233,0.8489214397574446,0.0847525995589447,0.0035204901009182692,0.0,0.0
"[-1.37638, 1.97129, 8.82827, -7.04486, 2.33013e-05]","[6918140.0, 0.0, 5948375.0, 5962484.0, 11836460.0]","[0.5,0.0,0.0,0.5,1.0]",113470,9.805349034435205,6.17132560476322,0.1611034965640357,0.5145945701509084,38286.82019218761,4.144568946446684,9.435881587570034,1.1556838643204346,-1.0,1.289,1.6226106012763168,4.604371279231859,1.3558393257545889,0.005578650133571006,0.0
"[1.47414, -0.190847, 0.00116972]","[0.0, 6186838.0, 6562328.0]","[0.0,0.5,1.0]",392396,10.458794862935449,8.33492323180653,0.4099290501637808,0.589363056502118,120627.25020688136,11.187488642778796,1.6423818505102197,0.3535627207160859,-1.0,0.152,0.4292752329326775,0.15445754791947294,0.012092258565069383,0.0,0.0
[3.36448],[0.0],[0.0],397516,10.63558536811166,6.094995852052761,0.1533709300788435,0.1409465769236983,21503.36586990189,2.559326379869044,16.527203138187083,1.763519856747883,0.497,0.497,3.2347396322303177,0.0,0.0,0.0,0.0
"[1.59454, -0.301221, 0.0437712]","[0.0, 5807350.0, 5829259.0]","[0.0,0.5,1.0]",252236,9.93289974236796,9.479630973524074,0.0370745422391586,0.1481887469587546,27517.371087988296,3.1408182368961928,9.290943375380582,0.3039213321450303,-1.0,0.569,0.3837769554973443,0.17851134500094262,0.0,0.0,0.0
"[2.95307, -0.37688, 0.00272302]","[0.0, 9986017.0, 10236200.0]","[0.0,0.5,1.0]",276399,11.073326600026927,10.877845583499152,0.2073088048338224,0.4389958659343836,20479.1410813536,2.4582406260177514,10.216051715662848,4.604425537989334,0.637,0.637,7.9124745265272605,2.836875544619806,0.0,0.0,0.0
"[1.8065, -0.504335, 0.0568126]","[0.0, 8076002.0, 8110095.0]","[0.0,0.5,1.0]",92283,9.821649355669216,6.697182040143307,0.4069325910263859,0.1197508232397697,88717.03567331274,8.537183487683283,3.137568412726921,0.5061898037141394,-1.0,1.084,0.6803499790949383,0.3791856974130736,0.0,0.0,0.0
"[2.1764, -1.7232, 0.00418495]","[0.0, 4764499.0, 5783329.0]","[0.0,0.5,1.0]",32299,9.185831823999637,8.156335702653381,0.1847637227597043,0.1143388342284212,33776.35373828258,3.7289394507517617,9.012767016655724,1.2825062994649632,-1.0,0.364,1.8920336913319864,1.6835551591064413,0.08296685806428852,0.0,0.0
"[-0.906885, 1.68924, 0.11346]","[3412131.0, 0.0, 3437796.0]","[0.5,0.0,1.0]",162284,9.426588020463107,7.943483605226302,0.0520674486117096,0.3085415119574373,61013.59266117912,6.1684866681812265,4.510583491823822,1.4809845759917388,-1.0,0.409,1.924846996924974,1.4959740353346318,0.0,0.0,0.0
"[1.39971, 5.27159e-06, -0.194565]","[0.0, 5351177.0, 4035069.0]","[0.0,1.0,0.5]",89388,9.856010043880564,9.788880381860002,0.179078811928249,0.7953915785390856,19428.484589187225,2.3538079761951787,12.935868120358222,3.1247922533183456,-1.0,0.461,3.696921100353107,1.37833095084787,0.007174505320958041,0.0,0.0
[3.00026],[0.0],[0.0],112371,29.14420005391976,16.733291853670252,0.4548633935318058,0.3970834443370769,8734.097481886196,1.2268087223355446,6.719006033178956,20.28138153046255,-1.0,0.66,35.12990545541115,0.0,0.0,0.0,0.0
"[3.42843, -0.547597, 6.27909e-05]","[0.0, 6460371.0, 9373536.0]","[0.0,0.5,1.0]",11978,9.5069352308388,6.134831438354095,0.3752072304014286,0.1284992970500968,24316.94516849114,2.833731857759594,15.87057756179759,1.795523962279967,-1.0,1.096,3.3245957758947635,1.3286840925065917,0.014227859221875631,0.0,0.0
"[-1.94399, 4.3638, 0.00035607]","[2282749.0, 0.0, 5391872.0]","[0.5,0.0,1.0]",86891,33.35022237002349,7.30542053220844,0.3924235196513251,0.0893178017605465,87471.20281072184,8.432263201901065,1.1649662076914116,1.5509157097964534,-1.0,1.225,3.2398180010338824,2.1623958958094267,0.029265495888738776,0.0,0.0
"[-0.661288, 2.32653, 3.53207e-05]","[6963186.0, 0.0, 8094556.0]","[0.5,0.0,1.0]",210197,7.948061361203033,7.535108317013156,0.0557991999055833,0.0131325725163817,67407.71889050552,6.72270680014393,4.793987076469659,0.4771246612244229,1.431,1.431,0.7277566676521094,0.38799594392179965,0.002835610106715904,0.0,0.0
"[2.26994, -0.323012, 0.000182504]","[0.0, 22991010.0, 24343070.0]","[0.0,0.5,1.0]",157038,10.7447095780505,5.982471632531103,0.1869092476264148,0.1826339053467603,48979.42594316627,5.109119977156834,6.773472275500403,0.704352858537197,1.537,1.537,1.0612005598382674,0.4003129225853534,0.009515387417464138,0.0,0.0
"[-0.846214, 2.50692, 0.00997927]","[1124237.0, 0.0, 1204711.0]","[0.5,0.0,1.0]",211586,32.06510229458638,21.266105988411915,0.3489486687175526,0.2822692363700397,42792.89572785032,4.554238315107525,1.101393588523733,2.197541464914409,2.129,2.129,3.479423689261821,2.033400768347208,0.0,0.0,0.0
"[-0.5494, 2.25484, 0.00295214]","[2217405.0, 0.0, 2450871.0]","[0.5,0.0,1.0]",236917,10.165805926331794,7.617128139433246,0.0828729070334236,0.5025262102329486,78818.55298180696,7.69985750378429,3.183645390820281,0.9143558076184358,-1.0,2.688,1.373008079674069,0.6795528655848168,0.0,0.0,0.0
"[7.86762, -0.890129, 0.000180606]","[0.0, 2604585.0, 4592680.0]","[0.0,0.5,1.0]",31372,9.940496876430588,8.237022729038808,0.2315482556393014,0.1031301207898127,26072.398858713343,3.002778201110852,11.060484798070128,3.1836062921547,-1.0,0.311,8.92978581399644,3.0036258240486364,0.04278439956022135,0.0,0.0
"[-2.17891, 1.80819, 0.128975]","[3380739.0, 0.0, 3491328.0]","[0.5,0.0,1.0]",354219,36.42699365694759,31.596289570728885,0.1166178368982102,0.2211179651953947,178423.565038631,15.86127945505406,0.1111865941886465,1.047351571011726,0.672,0.672,1.4083627182147531,1.5460094154319033,0.3761363074511177,0.0,0.0
"[-0.525721, 1.57923, 0.000495234]","[6384461.0, 0.0, 7068682.0]","[0.5,0.0,1.0]",116401,6.82872769595626,5.06007254679467,0.1655613162003807,0.4484004947857101,66398.92134178554,6.635614205100879,7.753891142716144,0.1814157179672684,-1.0,0.688,0.22798044899972644,0.1315384059495719,0.004037198828177729,0.0,0.0
"[-1.68244, 1.74079, 0.00446724]","[16010520.0, 0.0, 17127530.0]","[0.5,0.0,1.0]",34514,10.141648372675476,5.013536479624974,0.6418842806481544,0.2920461630998737,36529.95980172775,3.9833932866777295,11.635077220613836,2.0970909002233946,0.881,0.881,2.766880785018429,2.7201136406000543,0.14016413410253023,0.0,0.0
"[3.69129, -0.48049, 0.000531768]","[0.0, 1830924.0, 2514084.0]","[0.0,0.5,1.0]",369201,4.857836476218565,4.525083865567984,0.194677222198645,0.3159637269397333,183487.72744005523,16.265278452752483,2.891549939835136,0.2933277441617517,-1.0,0.909,0.5635626795487082,0.20332712462606448,0.006764165764745635,0.0,0.0
[4.35703],[0.0],[0.0],383732,8.372355058090744,7.576553444229785,0.1405186607314376,0.0501134906733714,32362.792935055106,3.597372078913128,10.850550192992047,1.077543874698108,-1.0,1.11,2.249211201043556,0.0,0.0,0.0,0.0
"[1.63213, -0.267423, 0.000531542]","[0.0, 10620360.0, 11787410.0]","[0.0,0.5,1.0]",136732,10.198083502901062,9.139882525890169,0.5841744573147635,0.1281358960602349,18259.50892306484,2.2366595720442706,14.13273573329183,3.403719215142564,-1.0,1.353,4.348416151461419,1.7619123020259757,0.0,0.0,0.0
"[4.79013, -1.28188]","[0.0, 45983280.0]","[0.0,0.5]",185587,9.201406932566885,7.73235293844723,0.13291900403727,0.1863369630253056,69744.452958804,6.923976798045837,3.98312030280531,1.2882665031793004,-1.0,1.6,2.8195471703041304,1.458577132691355,0.0,0.0,0.0
"[1.58351, -0.399183, 0.00141455]","[0.0, 1150633.0, 1283526.0]","[0.0,0.5,1.0]",167950,8.789624908577373,7.909547860629112,0.0586098259377064,0.4581866944530938,35355.62049992101,3.875160496723711,9.116713616540723,1.0513859006933015,-1.0,1.864,1.323038718426211,0.6654513235374975,0.0,0.0,0.0
"[1.96635, -0.234743, 0.000109052]","[0.0, 21079170.0, 23928340.0]","[0.0,0.5,1.0]",382405,9.678128630575667,5.659605527157139,0.172665042988684,0.3809371628668563,27061.14755996305,3.097336938281221,15.027390607492253,0.5947990760586889,-1.0,2.212,0.8340665350257849,0.2881818403717646,0.006211365745540605,0.0,0.0
"[-3.17193, 2.92597, 0.0403045]","[94998610.0, 0.0, 110634800.0]","[0.5,0.0,1.0]",320112,11.078708309692257,8.872783110145663,0.7741102918570093,0.4526685669120034,66305.32380626132,6.627527302956431,3.2447409784955967,0.8815528389101335,-1.0,0.439,1.507937296154192,1.5700379339471293,0.17698037756568621,0.0,0.0
"[1.77731, -0.341308, 0.00228188]","[0.0, 6442398.0, 6910135.0]","[0.0,0.5,1.0]",299665,9.725239672732782,6.457631435297402,0.3245014369969802,0.2860057072206949,9333.027217407574,1.2945185027939912,35.070008743482326,8.349999776935338,-1.0,0.745,11.131868210421855,4.894480986618083,0.0,0.0,0.0
[4.62556],[0.0],[0.0],17993,9.169424649927011,6.198139886065268,0.2304649332490491,0.1622089594428812,57134.51794081569,5.829533380380576,6.184767226573913,0.2853215582650582,-1.0,1.211,0.6136443594617786,0.0,0.0,0.0,0.0
"[3.63442, -3.73402, -3.05317, 4.61551, 0.000134429]","[0.0, 79261.43, 99931.45, 41390.81, 485372.0]","[0.0,0.5,0.5,0.0,1.0]",296044,10.220194676107056,5.866224197292594,0.2422315212734833,0.047813792441597,25091.85060463149,2.9085436074506195,15.089929805974144,1.2892078978681971,-1.0,1.256,4.99927735213128,0.0,0.0,0.0,0.0
"[2.54738, -0.278136, 0.00063651]","[0.0, 3293007.0, 3810510.0]","[0.0,0.5,1.0]",285461,10.59432770455204,9.907443069367398,0.2182465877362678,0.4796101279864599,55349.41665146055,5.672789899891074,3.8320094846300528,1.608163498079781,-1.0,1.409,2.5667115665470726,0.8481229252769875,0.04057259780771236,0.0,0.0
"[1.66455, -0.579226, 6.18814e-06]","[0.0, 3678692.0, 6876941.0]","[0.0,0.5,1.0]",304681,10.74106737196148,5.689546912123904,0.3831076433373502,0.1201632326985469,88861.49667788831,8.54934134309409,3.363932744932057,0.4645943961194094,-1.0,2.602,0.5994077994228535,0.3535883855129791,0.0011557237348488625,0.0,0.0
"[1.92158, -0.286276, 5.52771e-05]","[0.0, 5997773.0, 7815553.0]","[0.0,0.5,1.0]",95161,6.747483566666143,6.182543885997689,0.0133703708657754,0.1848061670476684,59070.26465828214,5.998953405457331,7.636232191319185,0.3018149626046983,-1.0,0.257,0.41837911917445775,0.1614853899257439,0.002243951115630405,0.0,0.0
"[1.6908, -0.174191, 0.0002515]","[0.0, 27761330.0, 29474690.0]","[0.0,0.5,1.0]",216692,10.418419573437756,10.187248892971878,0.7232662677175924,0.6491970637230108,90293.9318175715,8.669804444673527,2.045584920705058,0.1540522175037398,-1.0,0.653,0.2003152778289497,0.06429553439604267,0.0024430758395988486,0.0,0.0
"[-0.355511, 2.31974, 0.000256436]","[4183114.0, 0.0, 5129137.0]","[0.5,0.0,1.0]",210221,11.456279219623552,9.6212591525488,0.4925468895117436,0.5707138863184923,39326.24942354666,4.239527379449932,5.510882187920309,1.0930631656851495,-1.0,0.698,1.6648109173867884,0.6517361054008571,0.017503897300834962,0.0,0.0
[3.50958],[0.0],[0.0],87741,10.418680756882932,8.196517610849922,0.0958290363103018,0.511332561892835,54193.283057812616,5.5710026449861685,4.679195985759662,1.1545617964289037,-1.0,0.721,2.162941413951882,0.0,0.0,0.0,0.0
"[-1.7491, 8.62136, 4.26874e-05]","[923292.0, 0.0, 2796122.0]","[0.5,0.0,1.0]",289123,10.509766994330558,9.264431109098163,0.0884677633027637,0.0308444247419931,74385.14647059694,7.321859692212303,2.824645763544894,1.3024639255546353,-1.0,0.809,3.8243144420453823,1.7225547057640724,0.008509725580126245,0.0,0.0
"[1.55585, -0.179911, 4.38202e-05]","[0.0, 1960604.0, 2302893.0]","[0.0,0.5,1.0]",58825,9.829293863525924,7.660487325913373,0.2544238040216666,0.300321126811322,23492.83219802153,2.7538230143945364,13.215084472144843,3.003054950757969,-1.0,0.926,3.7458220447772956,1.2739284045639747,0.0,0.0,0.0
"[-0.424868, 2.98794, 0.000279045]","[1267929.0, 0.0, 1594699.0]","[0.5,0.0,1.0]",58556,9.974077281569675,9.665153556484366,0.2342243472581335,0.352706277335798,95569.6619854515,9.11210220682458,2.05715860608798,0.828573573961051,-1.0,0.929,1.4322440086591812,0.5400799928373526,0.013841023327800385,0.0,0.0
"[6.96679, -10.5349, 6.94969, 0.000940794, -0.0315474]","[0.0, 7999163.0, 518674.1, 204783900.0, 204151800.0]","[0.0,0.5,0.0,1.0,0.5]",28689,11.760038875206645,7.057617352935813,0.3694033578065685,0.1889294292269384,81833.98222871669,7.955864021741167,2.8839386423095448,0.8637946437388285,-1.0,1.174,2.279958104233023,2.2771583042836094,2.803662388057004,0.1534236437731391,0.026494624954146805
"[3.08076, -0.125449, 4.82322e-05]","[0.0, 61580800.0, 66527690.0]","[0.0,0.5,1.0]",15218,9.885529270162367,7.716395132040364,0.0727998721198329,0.225315851648285,13881.231760252944,1.7871136310941131,21.472934382145493,4.553413251415597,-1.0,1.2,7.992193691875582,1.6127634369943509,0.03162318457881379,0.0,0.0
"[-2.74108, 6.4344, 0.000144258]","[931516.4, 0.0, 2405509.0]","[0.5,0.0,1.0]",139818,6.953629269167243,5.824882525031687,0.2236606735018721,0.3681385339836087,72827.07477643274,7.188536036128197,6.030608536235565,0.4155088979618737,-1.0,1.253,1.0539848207590854,0.6879251447636385,0.004990571497267254,0.0,0.0
"[2.36525, -0.292099, 1.77158e-05]","[0.0, 2079088.0, 2945759.0]","[0.0,0.5,1.0]",164929,9.680160454865794,9.618300597765172,0.2053388447483419,0.0436997261643124,40979.854703583216,4.390015526503072,6.043012423705079,2.308010427212399,-1.0,1.733,3.5495744703414207,1.2473915611709336,0.009714448514981799,0.0,0.0
"[2.13494, -1.23134, 0.131511]","[0.0, 3821570.0, 3843978.0]","[0.0,0.5,1.0]",48294,9.654126003357565,6.358801699013114,0.4666768131554688,0.2362332754671716,42142.87176373344,4.495450354056028,8.338860564048717,1.618300328089596,1.853,1.853,2.3645688240223595,1.8892233766645776,0.0,0.0,0.0
"[4.34203, -3.01365, 0.0113231]","[0.0, 37648220.0, 38356580.0]","[0.0,0.5,1.0]",296052,27.71835971300712,17.245947155970033,0.3897273649058952,0.4107440336232528,56044.178863761714,5.733854038993391,1.0767265352456323,2.4937074987005188,0.44,0.44,5.196272536932334,4.329043178866604,0.2653555543743288,0.0,0.0
"[1.47115, -0.234335, 0.0148736]","[0.0, 5958214.0, 6020405.0]","[0.0,0.5,1.0]",285607,11.281243095045552,10.917637058836773,0.3601718619441003,0.41281867947478,21709.60754862924,2.5795993316019965,9.468421246698352,4.086414696942531,-1.0,0.541,4.956452124620688,2.039970796442517,0.0,0.0,0.0
[3.14048],[0.0],[0.0],168289,6.108628132569828,5.536592534098941,0.2755195247185764,0.1653974559028521,24064.631303792616,2.8093057142508537,25.07052719519889,1.557956768190489,-1.0,0.624,2.7609174282344413,0.0,0.0,0.0,0.0
"[3.29793, -1.27769, 0.258188]","[0.0, 70893940.0, 71015560.0]","[0.0,0.5,1.0]",216928,9.897867053042392,9.001021593647552,0.7614687490123353,0.3860058081466722,183988.2849363456,16.305171200163908,0.897557662579949,0.3855552496887779,0.892,0.892,0.7001761888666566,0.43581218504683594,0.1959091171463195,0.0,0.0
"[3.77662, -0.249721, 0.000554585]","[0.0, 13871550.0, 15090210.0]","[0.0,0.5,1.0]",214887,9.663548233141588,9.415036618137025,0.635351613141399,0.2204900847574725,85863.49904798811,8.296676693733101,2.4834422422838296,0.5352586344267045,-1.0,1.328,1.0401963514403256,0.2674799383660145,0.012605141963891233,0.0,0.0
[3.10401],[0.0],[0.0],4531,10.836845710935137,9.77001843050772,0.0824503068120025,0.1036693867134434,78370.32121525002,7.661729357304049,2.4636265176153285,1.237396851611081,1.675,1.675,2.1800706221019404,0.0,0.0,0.0,0.0
"[-0.353812, 2.95038, 1.01136e-05]","[4467062.0, 0.0, 7302067.0]","[0.5,0.0,1.0]",235985,9.990255402305689,8.49515968764143,0.4088634105396588,0.4931063337419499,57332.09627713232,5.846851610086981,4.386184828255374,0.4104145433904012,-1.0,1.682,0.7049555267141034,0.24412318151009807,0.0013051956823906322,0.0,0.0
"[4.1032, -3.01447, 0.00293836]","[0.0, 2182018.0, 3067102.0]","[0.0,0.5,1.0]",331189,9.006297735915798,8.904765099792574,0.3389801821610551,0.5154911793856128,11061.075152812544,1.4856818873490538,24.860276926701367,4.610359135867128,0.418,0.418,9.338908067821349,8.008511468303743,0.0,0.0,0.0
"[1.40554, 0.00284876, -0.202354]","[0.0, 5881582.0, 5696330.0]","[0.0,1.0,0.5]",301439,10.222620321185744,8.96463343281722,0.2498423604884241,0.4394712950849795,61074.13004514193,6.173759121563211,3.805178607397527,0.8457542419819024,-1.0,0.729,1.0026879356410525,0.3831208465111901,0.0,0.0,0.0
"[1.55881, -0.469782, 0.000829615]","[0.0, 8483791.0, 9235443.0]","[0.0,0.5,1.0]",373479,9.5918267237751,6.910754221528936,0.1944596371241971,0.0926998544834155,49916.41716091429,5.19248682809876,6.392816263366109,1.5129334824545644,-1.0,0.73,1.8889324432727854,1.0369743654173023,0.043577080638364726,0.0,0.0
"[2.57296, -2.01953, -0.347267, 3.42761, 0.000119697]","[0.0, 11973330.0, 27385970.0, 9454199.0, 34985040.0]","[0.0,0.5,0.5,0.0,1.0]",87343,9.290506038211376,6.171415061996707,0.5409933317705629,0.3409144587773037,36957.76453100351,4.0227207974292565,10.252005240163244,1.7433980097549475,-1.0,1.099,2.7964886638192263,3.2276931939868865,2.477545849834424,1.0273733677989363,0.01907384190859605
"[3.66731, -3.38305, 1.93198, -0.0907539, 0.000470575]","[4704107.0, 5121986.0, 0.0, 27132440.0, 28264420.0]","[0.0,0.5,0.0,0.5,1.0]",6167,10.3527406913234,5.886511791965385,0.5444140973868716,0.1059043812857787,167479.09932299046,14.98555764230664,1.4237678944684462,0.3678939999660119,-1.0,1.434,0.5113567793896275,0.7045251746369486,0.6766699853684559,0.11082949478716775,0.007980629154171527
"[2.45659, -0.482264, 1.44796e-05]","[0.0, 8308841.0, 12537300.0]","[0.0,0.5,1.0]",215605,9.428182237853964,6.170571911874323,0.9744109576334452,0.3124735674062331,52396.6849329578,5.412387403075253,6.744563599932948,1.2550358871264529,-1.0,1.797,1.9670820901536619,0.8715625611306808,0.004775671291352756,0.0,0.0
"[3.24772, -0.607076, 0.00032249]","[0.0, 16244250.0, 18167950.0]","[0.0,0.5,1.0]",404530,9.612905915555352,6.780671388522687,0.0423394126403597,0.2821249063649552,97229.3497653932,9.250816479234542,2.8003347368401683,0.4759303565166614,1.075,1.075,0.8576946407084802,0.3708215274491864,0.008546760469610523,0.0,0.0
"[3.05619, -0.084588]","[0.0, 68747430.0]","[0.0,0.5]",90482,31.01967193870505,14.03175057589104,0.2313403028805445,0.2398389833892456,71534.31090896709,7.077716074991634,0.873741565297016,1.637428594748846,-1.0,1.735,2.8625464687970674,0.476229998232582,0.0,0.0,0.0
"[-6.37539, 2.56623, 0.113963]","[721041.2, 0.0, 790393.8]","[0.5,0.0,1.0]",315481,9.344238680715009,7.885704144657291,0.4225333868108619,0.0480427354507782,105054.14340582125,9.90223798248124,2.272798688071667,0.6333690409207132,2.71,2.71,1.014622806525908,1.6134575022002027,0.0,0.0,0.0
[3.70687],[0.0],[0.0],40185,38.11990463373769,34.03532750777282,0.1320382615288305,0.0461778023527716,14837.82199396475,1.8869979468942848,1.905344899252992,10.237300713351344,-1.0,0.268,19.710114098923,0.0,0.0,0.0,0.0
"[1.39684, -0.203897, 0.000565732]","[0.0, 15046340.0, 15631190.0]","[0.0,0.5,1.0]",274654,10.12392454709407,8.542837357210878,0.1971074128478132,0.2450838941418728,19231.37284221895,2.334127134864467,14.326668813599843,3.3345923685081216,0.51,0.51,3.9410875567491583,1.507821152939425,0.0,0.0,0.0
[3.36603],[0.0],[0.0],24630,9.531145815563145,8.542700341823986,0.1860992410877366,0.4468076943109076,21526.9771168127,2.561648361887615,13.48657580748492,3.8672218104050895,-1.0,0.66,7.0950926923510895,0.0,0.0,0.0,0.0
"[7.89643, -3.03884, 0.00053849]","[0.0, 1839240.0, 3737383.0]","[0.0,0.5,1.0]",145725,39.50706635335816,16.8141390326717,0.7070157675044235,0.2820545346720784,22942.52592742176,2.7002549318035074,2.26568055596674,8.165430229546018,-1.0,0.746,22.945338404779243,14.23419756793927,0.18948197099295916,0.0,0.0
"[1.98888, -0.515728, 0.000239591]","[0.0, 12898380.0, 15575240.0]","[0.0,0.5,1.0]",240051,10.237924283905208,8.41832415357372,0.3138122415508819,0.3260882386314817,11316.88945821044,1.513517537706341,23.01852748733588,6.665759126595946,-1.0,0.82,9.400563908306484,4.786961905517082,0.1031774680204704,0.0,0.0
[3.58685],[0.0],[0.0],348019,10.00262912067148,6.487973363205917,0.7310858071424702,0.1813727519509236,182808.4245628687,16.211128953351988,1.188183569106506,0.3626789017249622,1.177,1.177,0.686876881624671,0.0,0.0,0.0,0.0
"[3.09758, -0.943732]","[0.0, 78496750.0]","[0.0,0.5]",122416,9.626715484416188,6.721787887376351,0.700007847245107,0.3190043707021592,123251.08151374404,11.4027214477964,2.051374409892125,0.1689108320086685,-1.0,1.367,0.297282104613071,0.16408989677433194,0.0,0.0,0.0
"[-0.62194, 2.44713, 0.000217896]","[6087361.0, 0.0, 7388612.0]","[0.5,0.0,1.0]",271774,9.711980837371522,9.406730752871663,0.1243908182656456,0.3126869959559065,31542.53721451096,3.520711216480743,8.230734481782479,1.760552384118822,-1.0,1.401,2.7540858401516477,1.3884274662340232,0.025988043238128925,0.0,0.0
"[3.29195, -0.22685]","[0.0, 18313520.0]","[0.0,0.5]",253744,9.124433394850616,7.097108011688489,0.0730498604518599,0.1943261744365361,39430.66949846631,4.249051012518431,8.570094037029278,2.238746615456871,-1.0,1.549,4.061921793503476,1.0662875394116802,0.0,0.0,0.0
"[4.21464, -0.24924, 1.05785e-05]","[0.0, 12273530.0, 15588180.0]","[0.0,0.5,1.0]",248959,41.787877786701465,13.114989810758628,0.6199077914874329,0.0535057774083296,79335.47084592104,7.743804256431882,0.649515543124492,1.650675439186684,-1.0,2.418,3.388768735358089,0.8240822513774533,0.005368756840875085,0.0,0.0
[5.17957],[0.0],[0.0],92455,9.131137666113007,9.048889692643863,0.0483588542385525,0.0630988687630517,31085.223309586363,3.4778661497056578,9.092214442333308,1.6709868077590193,0.563,0.563,3.802943512328075,0.0,0.0,0.0,0.0
[3.62321],[0.0],[0.0],224126,9.01104633151618,8.983623096537722,0.1279304323715228,0.5652650632923442,48729.06943625215,5.086816693503149,5.544738007970631,1.3026256500552067,0.827,0.827,2.479512938168131,0.0,0.0,0.0,0.0
[3.43013],[0.0],[0.0],211198,9.35175358920413,9.077342216769823,0.2363070191774951,0.5221652505214428,33814.12072130287,3.73244536984378,8.107440190716526,2.840101365746355,1.037,1.037,5.260041015630001,0.0,0.0,0.0,0.0
"[1.81096, -0.368447, 0.00059504]","[0.0, 8471700.0, 9285356.0]","[0.0,0.5,1.0]",354248,10.706532770477033,9.757748078043074,0.5958100447077693,0.4089994468714206,30124.916384377488,3.387643201335503,7.738528633784933,1.826095526508442,-1.0,1.121,2.457411698938104,1.1084369761919348,0.04454475484044887,0.0,0.0
"[3.33932, -0.0729025, 0.000644714]","[0.0, 89135510.0, 89929700.0]","[0.0,0.5,1.0]",96506,9.92607774431463,9.24389488774001,0.463291722882247,0.2957569365610598,31766.643934511765,3.5416797216795586,8.139364715887018,0.1016889118200824,1.518,1.518,0.1858243486667828,0.027456476969385288,0.0025820054252778464,0.0,0.0
"[1.47971, 2.11364e-06, -0.245736]","[0.0, 10125600.0, 7624349.0]","[0.0,1.0,0.5]",139443,10.351978920183155,9.392302453609364,0.1907008849418479,0.1956977764053446,47325.1084810189,4.961517158118318,4.929473335966714,1.2430359646027669,-1.0,1.523,1.5120703540574039,0.6161948816297852,0.001807170813018031,0.0,0.0
"[1.70736, 0.00329498, -0.193795]","[0.0, 1996599.0, 1911153.0]","[0.0,1.0,0.5]",233680,9.224498535403642,8.065907873273131,0.3611470755210983,0.1186267647092138,48466.9396205711,5.063451539467821,5.99123078062543,1.3815769593110376,-1.0,0.722,1.805251161659241,0.6133485664626079,0.0,0.0,0.0
[3.86182],[0.0],[0.0],289997,8.75561233450014,8.712001686215471,0.5270064705971786,0.3984892940365193,52763.23038806818,5.4447930003883656,5.297064840412971,1.03034675834614,1.126,1.126,2.0247873681159736,0.0,0.0,0.0,0.0
"[1.94987, -0.410231, 0.00893148]","[0.0, 1303337.0, 1386317.0]","[0.0,0.5,1.0]",189617,10.109611833437867,9.962490457348505,0.2181837490465027,0.1686383299324573,27535.73604994841,3.1425669399430567,8.777203881613605,3.3631812270485644,-1.0,1.149,4.696270446344589,2.177416305410367,0.0,0.0,0.0
"[-1.75698, -1.82319, 2.00717, 3.48196, 2.20656e-05]","[8812895.0, 8921275.0, 0.0, 8088635.0, 17140720.0]","[0.5,0.5,0.0,0.0,1.0]",361753,10.680089069705632,7.179006699406256,0.4338723413442902,0.2637149627594385,96433.94024618733,9.184362094701129,2.476287464816437,0.8904745965209516,-1.0,1.167,1.2615765651750375,1.661626551528611,1.6848970075013965,0.004182918520308968,0.0
"[-0.462188, 2.39976, 4.9202e-05]","[5916877.0, 0.0, 8773091.0]","[0.5,0.0,1.0]",195209,9.432756626167192,8.950886639998474,0.0999823332041497,0.4743611638255885,36454.19196247447,3.9764225696743134,7.490094204498916,1.4546344135935592,-1.0,1.688,2.253397265153017,0.9889246234124462,0.010203407605369873,0.0,0.0
"[1.76991, -0.218725, 2.71915e-06]","[0.0, 21285550.0, 26826870.0]","[0.0,0.5,1.0]",390842,7.7575633453747805,7.115568207878142,0.7539023895386889,0.2268474847653116,52906.70653910719,5.457471013382192,6.915208903119731,0.8325689269932814,-1.0,2.215,1.1076327535844448,0.38937620748402874,0.0013728932857743309,0.0,0.0
"[2.9445, -2.29966, 0.0016999]","[0.0, 174028100.0, 178414500.0]","[0.0,0.5,1.0]",62488,11.38981764614704,7.260990793413635,0.664554094527604,0.6242784610566333,118224.9744001062,10.990116170881796,1.774425494328952,0.4049823489777483,-1.0,0.715,0.6949313023134143,0.6141407438227132,0.016697358893001932,0.0,0.0
"[-0.386879, 1.35126, 0.000411837]","[7131351.0, 0.0, 8118690.0]","[0.5,0.0,1.0]",373032,10.057042069820678,4.050372952521443,0.3469854198192911,0.0896631017529874,14145.968642845142,1.814864254932396,36.73936365242376,3.8175034336341103,-1.0,0.806,4.437607601821957,2.375735281668002,0.0,0.0,0.0
"[1.87339, -0.204168, 3.12807e-05]","[0.0, 18310140.0, 21257520.0]","[0.0,0.5,1.0]",128983,9.336915070996929,9.175196823230372,0.1884479055548916,0.2300536701487969,17761.807671150254,2.186454389206484,15.554779911058606,5.353017173685867,-1.0,1.312,7.326772986746772,2.4187583072731855,0.029938970908689418,0.0,0.0
"[1.90904, -2.19321, 0.000179197]","[0.0, 3410482.0, 4593414.0]","[0.0,0.5,1.0]",352658,10.149699147371969,8.136861265377249,0.0891537573641269,0.5397258551452359,61684.407464200245,6.226883952514673,4.104487930601087,0.387146874832432,-1.0,0.552,0.5349131469202509,0.5733447849002021,0.005182521652090928,0.0,0.0
"[1.73321, -0.262338, 3.12395e-06]","[0.0, 5608562.0, 7763942.0]","[0.0,0.5,1.0]",102156,9.619680934050246,4.914661401414103,0.2819419100015123,0.0750534265432665,56239.7650673994,5.751030605954315,7.4399654811464035,0.8936203636836925,-1.0,0.711,1.176464020785419,0.45770289406558234,0.0015794471334132038,0.0,0.0
"[7.29103, -0.269231, 0.000159912]","[0.0, 19917340.0, 21684130.0]","[0.0,0.5,1.0]",93990,9.416757002421685,9.395213208780932,0.0347413009250361,0.1129378642796647,26240.432462621786,3.018879480326927,10.28502399909824,3.37031241256462,0.823,0.823,9.100486347104992,1.7487699903959377,0.04261972933770479,0.0,0.0
[3.88685],[0.0],[0.0],192227,10.301951552413042,4.898758397867507,0.1889425175538975,0.2134941723392378,32478.26070094351,3.608144709807964,13.36951877131266,2.08571382870588,0.959,0.959,4.112004781720185,0.0,0.0,0.0,0.0
[5.32594],[0.0],[0.0],335796,10.369650805431307,7.503110837837872,0.3277276832816261,0.7172701001814024,95588.76834409974,9.11370025696629,2.469364045547943,0.95229889981335,-1.0,1.266,2.1977152276789305,0.0,0.0,0.0,0.0
[3.605],[0.0],[0.0],46565,10.41318396261894,8.2801595325602,0.2959718370332134,0.304144842769061,53268.05635013292,5.489385873589423,4.738536991041085,1.5271276875100277,-1.0,1.283,2.8995325314824125,0.0,0.0,0.0,0.0
"[2.62958, -0.523719]","[0.0, 4582892.0]","[0.0,0.5]",345172,10.380639608215978,7.675752466549788,0.0761594456821879,0.2204695919138188,61993.90275772001,6.25380628650733,4.210162434734373,1.2348058167220437,-1.0,1.381,2.0023586147610413,0.8936096120604025,0.0,0.0,0.0
"[1.85775, -0.186945]","[0.0, 12469900.0]","[0.0,0.5]",29528,9.942187070442774,4.729436625162415,0.4328151495160615,0.7292298453392234,52036.83803342217,5.380551271614003,8.244188334388884,0.6677003595390634,-1.0,1.867,0.9100709362222247,0.28869451797131535,0.0,0.0,0.0
"[3.49366, -0.0563998, 0.000186779]","[0.0, 54240430.0, 55688020.0]","[0.0,0.5,1.0]",206348,9.014643337548234,6.782076486891305,0.2088078522117409,0.2073484002783022,96348.61432245748,9.177230629341812,2.9845021958441995,0.3625366720525452,-1.0,2.08,0.6776294347529892,0.08609753660535126,0.004954684062347665,0.0,0.0
"[1.94146, -0.552421, 0.0108653]","[0.0, 26867330.0, 27578300.0]","[0.0,0.5,1.0]",40446,8.917585820202754,6.77354291776953,0.57791673955885,0.5052837391542755,19421.30112274481,2.353091003293032,19.177389994736533,2.863791097674828,-1.0,0.419,3.9903000930223955,2.149343998296763,0.0,0.0,0.0
"[1.92707, -0.573284, 0.232304]","[0.0, 14536760.0, 14541610.0]","[0.0,0.5,1.0]",186117,11.066999657072932,7.934306792690962,0.7130612308211577,0.2002925294918473,38567.95785973944,4.170281455522706,6.832434590409931,2.2678948534281713,-1.0,0.498,3.1482677508232317,2.035538915464587,0.0,0.0,0.0
"[2.34057, -3.95761, 0.00112572]","[0.0, 30549040.0, 36178400.0]","[0.0,0.5,1.0]",359751,9.366483243888586,6.903198718361928,0.1512953124545749,0.0076814083028453,52304.71203026403,5.404252415956986,6.167306619660218,0.8540818576038934,-1.0,0.741,1.3066531320206227,1.6990884749666122,0.0286559418814696,0.0,0.0
[4.4513],[0.0],[0.0],154249,9.532829620496733,7.784392096027945,0.2096354385913659,0.1016096905182156,14918.275212830047,1.8953512588761137,20.60254936528224,0.8403483240114669,-1.0,0.743,1.7729756487678818,0.0,0.0,0.0,0.0
"[3.41374, -0.727217, 0.000292272]","[0.0, 8402530.0, 8979759.0]","[0.0,0.5,1.0]",108081,9.613355743997234,6.156545230417104,0.219432029561629,0.4528632583923653,52234.116999509744,5.398007500873559,6.678821693545477,0.8105301452549337,0.956,0.956,1.497560554337162,0.6911959474179873,0.013856794537655925,0.0,0.0
"[3.54299, -1.74103, 0.00110491]","[0.0, 3322489.0, 4845222.0]","[0.0,0.5,1.0]",366024,8.565172616046363,7.968896393330507,0.3008125429775069,0.1149084855528329,21196.77689392494,2.5291390553361484,15.858222994653504,2.643736758887602,-1.0,1.104,4.976261254872925,3.4883603127949,0.08787830297980165,0.0,0.0
"[2.25162, -0.261889, 0.000476513]","[0.0, 18440960.0, 19613440.0]","[0.0,0.5,1.0]",266503,9.615026721978197,8.296431867616134,0.0654644480658482,0.5601776026288176,39983.101079001055,4.299388675916387,7.077323363852742,0.8687816855818,1.145,1.145,1.303641586067721,0.44459982337772824,0.01896478981581249,0.0,0.0
"[1.77077, -0.266989, 0.000433776]","[0.0, 6844224.0, 7595862.0]","[0.0,0.5,1.0]",233118,9.875410943742772,7.076970274296428,0.0920336359972112,0.3402476655550989,36641.23014598733,3.993627316050492,8.757046721692642,1.5561714846559973,-1.0,1.426,2.0708017858677237,0.8047419654541365,0.0,0.0,0.0
"[2.25652, -0.538138, 0.000121339]","[0.0, 5801540.0, 6580716.0]","[0.0,0.5,1.0]",149335,9.253823615969974,6.09554412754146,0.4757674545430959,0.0591193951318358,109873.20133726558,10.301462234898734,2.6905986918518456,0.3782940319804274,1.573,1.573,0.5682626122530147,0.27750851920566305,0.004167059441797452,0.0,0.0
"[1.45902, -0.231235, 0.000205768]","[0.0, 7019738.0, 8102746.0]","[0.0,0.5,1.0]",247290,34.75661481990453,22.08141103940339,0.5625918704484485,0.3818474550644849,18802.45261406404,2.291200716737918,2.3911213134310985,12.485045773862913,-1.0,1.63,15.080674335172954,6.00367153905039,0.1790931838054504,0.0,0.0
"[-3.0057, 1.94191, 0.00142715]","[8852268.0, 0.0, 11018860.0]","[0.5,0.0,1.0]",137473,9.80461670215666,7.474868991023793,0.0347924312655707,0.2945931931831452,43515.92161536935,4.619513590363513,6.902743125529328,1.3222881348660855,-1.0,2.005,1.8426406595454186,2.2924449560499935,0.04995292366569579,0.0,0.0
"[2.70128, -1.04789, 0.00184067]","[0.0, 4002479.0, 4588760.0]","[0.0,0.5,1.0]",374924,8.738228493908656,8.228859479957283,0.1925027099410377,0.0988751196660008,34333.283716115366,3.780594964872421,9.155449430405104,1.2307102831985524,0.457,0.457,2.022742646098678,1.2609410181039018,0.0,0.0,0.0
"[1.66473, -0.240794, 0.0101565]","[0.0, 11221740.0, 11392950.0]","[0.0,0.5,1.0]",55280,9.928261107712595,6.371294339929926,0.1545759147399667,0.1420512604259517,112038.54366961392,10.480389192053993,2.384552555571162,0.5658905974180358,-1.0,0.702,0.7301370401810876,0.2834826674374526,0.0,0.0,0.0
[5.10048],[0.0],[0.0],214129,9.780993058242684,8.579103109507011,0.1377726103002725,0.5334561830863263,36369.29892178711,3.9686100011109495,7.5529884483294625,1.1073519460112933,-1.0,1.019,2.500870465359614,0.0,0.0,0.0,0.0
"[-0.780756, 3.58466, 0.00110935]","[2802404.0, 0.0, 3348664.0]","[0.5,0.0,1.0]",73828,10.011694966709516,7.954108651140151,0.3066384002277082,0.0179361224498926,27821.178624058142,3.169722104202425,10.582333028838294,0.8492365660607725,1.043,1.043,1.6078764356674078,0.7509217247794189,0.0,0.0,0.0
"[3.05788, 2.72718e-05, -0.183579]","[0.0, 10300040.0, 8102319.0]","[0.0,1.0,0.5]",221670,9.151736957409272,8.003659190372908,0.2024049670436595,0.1391750498324101,79709.24316367511,7.775565224633236,3.277880827298352,0.3980593583845938,-1.0,1.481,0.6960782405050354,0.17055299040861832,0.002078761861311763,0.0,0.0
"[2.62253, -0.319437, 5.06389e-05]","[0.0, 1406887.0, 1932510.0]","[0.0,0.5,1.0]",27237,9.560258900150336,4.952311492814973,0.2270877849855763,0.2034999050313246,81296.16644653617,7.9102661961507,4.675875060133017,0.6512602942904557,-1.0,1.809,1.0546657280555618,0.36808422934234164,0.004634434331543051,0.0,0.0
"[2.12238, 3.09505e-05, -0.213409]","[0.0, 12660200.0, 10554340.0]","[0.0,1.0,0.5]",293330,8.858727729914987,4.831646682871255,0.3499280838459775,0.1219735824001733,99236.2242357976,9.418286884191012,3.9089032583821393,0.2887169139130082,-1.0,2.197,0.42061407283948554,0.13337627753270945,0.0016062238180503394,0.0,0.0
"[1.67105, -0.38546, 0.140795]","[0.0, 4342746.0, 4345946.0]","[0.0,0.5,1.0]",27779,9.478060379344406,8.571127229781478,0.1944234408951278,0.0444964444659927,17458.522250031285,2.1557600858932155,16.5297149932553,2.687836350263733,-1.0,0.217,3.474541837126519,1.9498488227739572,0.0,0.0,0.0
[3.71181],[0.0],[0.0],364379,8.673983341824364,7.747551674392574,0.0501909661398951,0.4307575231278958,71809.67742270275,7.101336731669202,4.022881454595763,0.1955090687145154,0.786,0.786,0.3766689103758741,0.0,0.0,0.0,0.0
"[-0.397574, 3.5244, 0.000367312]","[16971170.0, 0.0, 20201840.0]","[0.5,0.0,1.0]",312776,10.073188337490633,8.107046618197042,0.0416546733711675,0.3539666310945331,27276.58078369025,3.11788062875596,10.578501243530482,3.1255141470935923,-1.0,0.789,5.867648170840639,1.9707451054934173,0.059901683403562805,0.0,0.0
"[-0.929209, 2.08574, 0.000279757]","[3764311.0, 0.0, 5116183.0]","[0.5,0.0,1.0]",93597,35.16412654443277,33.986703929095746,0.5854617451224108,0.6741299912054349,31765.809042267985,3.541601621541072,0.9584115684604392,5.123795635512148,-1.0,0.929,7.399832417236713,4.9391077786015805,0.08570028782099576,0.0,0.0
"[2.30782, -0.355577, 0.000118686]","[0.0, 10475940.0, 12576170.0]","[0.0,0.5,1.0]",141737,9.054231983569286,8.100108542960145,0.3678389799434896,0.2085531431292587,53360.97871889751,5.497589523488978,5.402216143969679,0.4116287207966956,-1.0,1.124,0.6253262152336665,0.24545534866276758,0.00448441107107653,0.0,0.0
[4.68348],[0.0],[0.0],135757,8.356291222818705,6.594352291526879,0.1183599640266916,0.0851084740487857,61857.65348154885,6.241955913285466,5.732155710518276,0.4950228846106111,-1.0,1.296,1.0712963162788844,0.0,0.0,0.0,0.0
"[2.34693, -0.35137, 0.00169285]","[0.0, 1802696.0, 1925148.0]","[0.0,0.5,1.0]",394918,10.013978845668266,9.129515244343802,0.0731764937082014,0.4304431053008121,50015.33439490372,5.201278129871409,4.858783206423087,1.0128660503826308,-1.0,1.515,1.5516797153082347,0.6018358108161024,0.0,0.0,0.0
"[2.73057, -0.284045, 0.00130249]","[0.0, 15675530.0, 16652660.0]","[0.0,0.5,1.0]",259264,9.602102210162382,4.986271820528328,0.2917415134627782,0.4269645209940179,34137.31684074799,3.762430013300736,13.15797937831503,1.1117657004945898,-1.0,2.09,1.8371301665446003,0.5938821877020234,0.0,0.0,0.0
"[1.57442, -0.290512, 7.8447e-06]","[0.0, 18830830.0, 24039010.0]","[0.0,0.5,1.0]",230462,10.297036450356664,6.474901444751871,0.1703811787455896,0.3905223842376741,32050.158231135472,3.5681809158654287,10.61012175466672,2.231417336231977,-1.0,2.14,2.799890853722189,1.202715314440943,0.0062498410575459185,0.0,0.0
"[3.40157, -1.27886, 8.25038e-05]","[0.0, 10531370.0, 16581280.0]","[0.0,0.5,1.0]",184886,7.761856324696899,6.200863358233256,0.3383375908653059,0.4001158235715293,88987.28041160319,8.559925946857065,4.038234691381926,0.3119935477893066,-1.0,2.254,0.575420485289064,0.35282318372431226,0.0028338873893520786,0.0,0.0
"[5.37073, -0.24467, 3.66764e-05]","[0.0, 5147654.0, 6469444.0]","[0.0,0.5,1.0]",78737,9.684527556716567,6.4084672065651525,0.6501865711793686,0.7123323097567829,31228.511258461367,3.491298373974008,11.564761874712357,2.078467217080133,-1.0,0.759,4.816813582770305,1.0280956933505299,0.01258741437217943,0.0,0.0
"[-0.256627, 1.42046, 0.000782898]","[3925100.0, 0.0, 4178555.0]","[0.5,0.0,1.0]",387855,10.888712869542422,8.456472336455928,0.1178400390928796,0.7018331373315043,163917.2373854107,14.699740146161917,1.0293931375012988,0.5050117730717814,-1.0,0.843,0.6018884465631494,0.25583071006339875,0.014130388241092626,0.0,0.0
"[2.68532, -0.886727, 1.57008e-06]","[0.0, 3280982.0, 6761632.0]","[0.0,0.5,1.0]",205617,18.3463330557986,18.13279646117481,0.2410683530619503,0.2037307359167895,105423.77858206324,9.932910651989634,0.6434052803137347,0.5307715445284282,-1.0,0.873,0.8697724651367905,0.49980730334666224,0.0006650717829452058,0.0,0.0
"[1.94353, -0.215001, 0.000261774]","[0.0, 5942945.0, 6815499.0]","[0.0,0.5,1.0]",305384,10.459939374976168,9.017735538501803,0.4817085559585703,0.1492966839388166,66101.87652688124,6.609945788654632,3.367389040460226,1.2614631800598366,-1.0,1.693,1.758612691707999,0.5849177741686347,0.020409756968746074,0.0,0.0
"[1.99587, -0.716773, 1.09214e-05]","[0.0, 13880760.0, 17462280.0]","[0.0,0.5,1.0]",107258,9.005027693605806,5.621178141141497,0.1026173012881837,0.6190377203078522,34574.575466948074,3.802943731802529,12.28181404681456,1.3091911081278786,1.872,1.872,1.849563184158712,1.1083932333029716,0.004326554749324766,0.0,0.0
"[3.62895, 0.00554442, -0.169206]","[0.0, 5026325.0, 4955556.0]","[0.0,1.0,0.5]",55141,10.167510376592784,8.695712160737417,0.6934003724436533,0.5047454392050592,119550.47340871012,11.099057627851208,1.641130553052318,0.0434781228583376,1.882,1.882,0.08282496817215089,0.018175229336347073,0.0,0.0,0.0
"[-1.64658, 2.10356, 2.4229e-06]","[7083100.0, 0.0, 16733540.0]","[0.5,0.0,1.0]",384139,10.318893898791142,7.783474882543835,0.5946826780142421,0.3447044579753197,25801.665092306583,2.9768058200182983,11.383033344756296,2.685720022662815,-1.0,1.934,3.895275586135077,3.4462926589946576,0.0041805024463616456,0.0,0.0
"[1.54403, -0.796624, 0.0047898]","[0.0, 1555838.0, 1753716.0]","[0.0,0.5,1.0]",326740,32.23805226328916,25.019413163382307,0.1904667528157671,0.4911179324967339,68981.78922821672,6.858356860974629,0.5347146352898133,1.772334835247816,-1.0,0.169,2.2022856084701297,1.5818761083197284,0.12266042452919346,0.0,0.0
"[2.01404, -0.205428, 0.000526499]","[0.0, 5895058.0, 6597247.0]","[0.0,0.5,1.0]",13156,9.858724767303716,8.884960182050598,0.5534625300674221,0.1670148464207725,19000.350275727465,2.31102397164141,14.330073311076076,4.311076989519777,-1.0,0.37,6.118145832019708,1.9564620152654542,0.0,0.0,0.0
"[-1.04117, 5.26081, 0.000168321]","[1262443.0, 0.0, 2418692.0]","[0.5,0.0,1.0]",84760,10.422782621842227,8.962093912337528,0.1166203276469595,0.0726630013686601,41768.8804068489,4.4615815217962265,5.901204501346519,2.354902955273153,-1.0,0.506,5.401312730741439,2.402889710407251,0.030552177325615285,0.0,0.0
"[-0.579433, 2.01367, 0.00184942]","[3075421.0, 0.0, 3367214.0]","[0.5,0.0,1.0]",61681,9.94092869647548,6.326933082367959,0.1767711535773474,0.2188997294142722,112967.19121680848,10.557041699881305,2.3702219427227926,0.3103924186644637,-1.0,0.698,0.44045876326731936,0.23627225044250735,0.01334838978645094,0.0,0.0
"[2.23221, -0.278885, 0.0596835]","[0.0, 4936702.0, 4948619.0]","[0.0,0.5,1.0]",243878,9.712577858424048,9.479989220219126,0.4392490156480213,0.2276207466687214,15154.348437561244,1.9198229459985696,16.944080017914008,4.453674291707323,-1.0,0.885,6.654048737267435,2.5914433983806786,0.0,0.0,0.0
"[1.27207, 0.0109782, -0.138573]","[0.0, 6390706.0, 6344565.0]","[0.0,1.0,0.5]",311719,10.706665595009865,6.632613026545195,0.418631164998142,0.3481939474388644,27325.96825557772,3.122587687238562,11.95175818092982,1.677438949487992,-1.0,0.929,1.8919176472875288,0.6486966781998001,0.0,0.0,0.0
"[2.75056, -4.932, 0.00074542]","[0.0, 82428430.0, 89379420.0]","[0.0,0.5,1.0]",2521,10.162061581476408,9.713864661748753,0.0120506417700627,0.4183835658277509,40304.62908935508,4.328649872462878,5.867009655060706,1.509461479820117,-1.0,0.974,2.5034135361210503,3.3522281494682846,0.04121189219828489,0.0,0.0
[3.13801],[0.0],[0.0],368895,10.254823942247144,7.509284160566097,0.4818219943001315,0.0187703727884798,49268.49049570893,5.134856339623279,5.728275752493021,1.13680587001512,1.288,1.288,2.013786703814552,0.0,0.0,0.0,0.0
"[2.06563, -0.271787, 2.53175e-05]","[0.0, 12872520.0, 15474850.0]","[0.0,0.5,1.0]",1941,10.697496166540446,6.661604299205163,0.0157582291265385,0.2870737003749146,93416.6607322672,8.93185741878147,2.751951847373823,0.4151207698757845,-1.0,1.465,0.5966240135605774,0.2164157196124228,0.002088742350690714,0.0,0.0
"[1.71731, -0.376329, 6.34148e-05]","[0.0, 8894206.0, 10519140.0]","[0.0,0.5,1.0]",140102,9.135165141968187,8.127383974524472,0.1630196607702531,0.3527783640349196,125540.1521788583,11.590210038254543,1.7756458849825425,0.2843196330522884,-1.0,1.69,0.37259000408290793,0.17441775538614065,0.002264134193091737,0.0,0.0
"[1.41093, -2.46948, 3.67197, 0.000477529, -0.161564]","[0.0, 678295600.0, 666292900.0, 757352900.0, 755982800.0]","[0.0,0.5,0.0,1.0,0.5]",97774,8.446989913371224,7.394111586324001,0.4289114829564786,0.2872449620780418,194806.2382755544,17.165653942071614,1.1133514493141157,0.3045342044827653,-1.0,2.264,0.36173356825557595,0.5835601680801801,0.4785626880946678,0.12240759830897278,0.006654814498022898
"[2.15304, -0.469234, 0.0296384]","[0.0, 12825360.0, 12955970.0]","[0.0,0.5,1.0]",328833,9.050704179264295,7.5134702433972,0.0644121225635613,0.07844127195595,68082.7696452055,6.78091731377277,4.264412232432568,0.6333331520766805,-1.0,0.405,0.929304994254574,0.44732890374945655,0.0,0.0,0.0
"[1.63841, -0.363615, 0.0149638]","[0.0, 2308660.0, 2363856.0]","[0.0,0.5,1.0]",151949,9.647487052854228,9.50997174547365,0.0345738266244894,0.0113007280687835,14612.568816568928,1.8635715085144104,17.554265853315016,4.244570783489178,-1.0,0.563,5.4330671831954716,2.6116316644635056,0.0,0.0,0.0
"[1.76184, -0.245318, 0.0269761]","[0.0, 1400221.0, 1406119.0]","[0.0,0.5,1.0]",2606,9.945832632019233,6.892765511124699,0.458277195707388,0.2664721235297097,52481.46200044175,5.419884337941915,5.860016565683501,1.5019084589495326,-1.0,0.802,1.9935479966501934,0.7837229759870246,0.0,0.0,0.0
"[1.95939, -0.339568, 0.000140683]","[0.0, 6895789.0, 8506659.0]","[0.0,0.5,1.0]",212415,14.989954506056216,11.684868947799687,0.1568331636942472,0.7017589645338363,88604.6757773897,8.527726079538521,1.3846428775632105,0.7400607529238226,-1.0,0.882,1.0359238140257383,0.43125163197557376,0.008777850576112066,0.0,0.0
"[5.4673, -0.439935, 0.0500615]","[0.0, 270162.2, 274216.7]","[0.0,0.5,1.0]",116157,10.4962594545788,6.673425555157041,0.0504697016242544,0.1122712039367449,23047.800936071664,2.710515745145049,14.394296930393716,2.476735619934814,-1.0,1.194,6.045110698003773,0.0,0.0,0.0,0.0
"[5.58258, -4.08379]","[0.0, 18714500.0]","[0.0,0.5]",154603,10.19711404432195,7.932893168251961,0.2899039908073655,0.6969273202491392,29234.35702540661,3.3036568821388745,9.912987727704508,2.699320743591428,-1.0,1.415,6.377815767034913,5.454892455893294,0.0,0.0,0.0
"[9.22429, -0.0320242, 3.99051e-05]","[0.0, 62001140.0, 63226910.0]","[0.0,0.5,1.0]",274823,9.744824487861804,6.97470270812437,0.0492249616180396,0.0932607148404299,66981.3626974645,6.685913527207479,4.36843597663183,0.4872967302688747,1.507,1.507,1.4799940567355934,0.08720324416375902,0.003078277011450297,0.0,0.0
"[-3.20109, 4.45193, 0.000416245]","[434707.4, 0.0, 1328095.0]","[0.5,0.0,1.0]",135557,10.74217922834716,10.601039494614549,0.0578421156778566,0.7444658546998799,70634.10013903014,7.000437967996778,2.645450937193828,0.7943966507514814,-1.0,0.75,1.6761449310193168,1.4213019334056918,0.01620734658385384,0.0,0.0
"[3.23959, 0.000395448, -0.00567031]","[0.0, 86908030.0, 86774720.0]","[0.0,1.0,0.5]",331534,9.457366021646065,9.253038706507,0.0487920924756725,0.0177006828203501,118773.02192263756,11.035170992047648,1.668256783110393,0.410604197874406,1.373,1.373,0.739040791438575,0.03197907701872795,0.0,0.0,0.0
"[2.24363, -1.18687]","[0.0, 8174400.0]","[0.0,0.5]",322427,9.93005664814774,7.810857085596053,0.4736556902742243,0.1976664474939806,59046.93800823672,5.996915207445297,4.566050905038676,0.9161756504750934,-1.0,1.387,1.3723167505894227,0.9981144003662203,0.0,0.0,0.0
"[2.32672, -0.332411, 6.45758e-05]","[0.0, 14823030.0, 18306610.0]","[0.0,0.5,1.0]",175820,8.38073567500875,6.588805913030806,0.4395356720903436,0.3416435705282764,25988.27485165712,2.9947113086678265,15.424644640894428,2.8271389851961968,-1.0,1.551,4.312401822219863,1.6299896727330747,0.02271862573020732,0.0,0.0
"[2.37044, -1.06118, 0.000491236]","[0.0, 163228.8, 234324.4]","[0.0,0.5,1.0]",156778,28.45156466172821,9.080630245980563,0.1252826839245984,0.4129312678413995,91973.27247930836,8.81082479838427,1.0017980082957236,1.5192506583974072,-1.0,1.632,2.3390737586349863,1.5653968616115146,0.0,0.0,0.0
"[3.64034, -0.611635]","[0.0, 15086420.0]","[0.0,0.5]",301260,10.52964414414486,8.819131221717743,0.1952089191084622,0.3851025460579743,64787.82362626706,6.496261515460076,3.499564243671556,1.12440963778725,-1.0,1.828,2.145337051166841,0.8793681345799687,0.0,0.0,0.0
"[2.20641, -0.694121, 2.90742e-05]","[0.0, 5968926.0, 8806933.0]","[0.0,0.5,1.0]",388074,47.21439664283554,12.058718055625285,0.3323379567114579,0.4292430786515309,24805.899846044456,2.8809729666090456,2.483435158792344,2.6585636418808436,0.984,0.984,3.9490276057704063,2.2149537028933857,0.014335107295703293,0.0,0.0
"[1.54593, -0.282732, 0.0013838]","[0.0, 12063440.0, 12420670.0]","[0.0,0.5,1.0]",172212,10.123539357834836,8.9234824032557,0.325337720908269,0.0905551743250086,20996.052088814853,2.509342500425564,12.6787432967258,3.1392611115975977,1.076,1.076,3.903213908818334,1.6733050938827365,0.0,0.0,0.0
"[2.67627, -0.332958, 1.52911e-06]","[0.0, 24384040.0, 30691570.0]","[0.0,0.5,1.0]",206991,10.022596115964696,4.978964041670358,0.0112477287198778,0.3876859038268804,91694.65213696811,8.787443213883938,3.83578586373993,0.3868668384402968,-1.0,1.699,0.6328874258817162,0.22323188752529627,0.0004783886514661696,0.0,0.0
"[-0.704117, 1.68169, 0.00655651]","[1372050.0, 0.0, 1463581.0]","[0.5,0.0,1.0]",12667,8.31528146988391,7.594355363625281,0.1862307314288663,0.2986860256958778,65193.04252400865,6.531341930183386,4.78382333906905,0.975220203057491,-1.0,1.901,1.2646654690824892,0.8221248081887831,0.0,0.0,0.0
"[2.34113, -0.392778, 9.8064e-05]","[0.0, 17532940.0, 19965400.0]","[0.0,0.5,1.0]",331771,10.92509819498672,5.794770575056085,0.0815499473453807,0.1122470057906065,57411.799672065405,5.853836347851929,5.67679658249304,0.8791984947149498,-1.0,1.946,1.345239778837718,0.5510113097871767,0.008706462581568031,0.0,0.0
"[1.70874, -0.364569, 0.0065046]","[0.0, 5896789.0, 6086774.0]","[0.0,0.5,1.0]",275418,10.113643419798152,8.875647227414515,0.1357812131193925,0.253550351730449,20413.582757299217,2.4517476650702137,13.103089313007144,2.011581952823024,-1.0,0.511,2.629515430157835,1.225371455573483,0.0,0.0,0.0
"[6.76553, -3.13636]","[0.0, 3560270.0]","[0.0,0.5]",289621,42.39733830916352,25.51375930496909,0.4534471118271139,0.3889088481957056,21269.857807166016,2.5363400765115163,1.5970580002574015,9.920328073858157,-1.0,0.642,25.803400722691908,17.56867415495129,0.0,0.0,0.0
"[2.31781, -1.06218, 0.00144888]","[0.0, 137608.4, 203710.4]","[0.0,0.5,1.0]",165082,10.254361710839918,9.518615330984586,0.4102377126916542,0.2092804398460143,64658.45575376156,6.485057543131846,3.361965322066528,0.8795102854073957,-1.0,0.704,1.6173041226912588,0.0,0.0,0.0,0.0
"[1.54204, -0.729947, 0.0157763]","[0.0, 1686961.0, 1757187.0]","[0.0,0.5,1.0]",1650,11.278417882571524,5.287881053697599,0.1810061256536915,0.7942591213670183,31183.89821500235,3.487117011005428,12.170539700439138,0.531671833817421,-1.0,0.797,0.6602242518587641,0.45912665817288234,0.0,0.0,0.0
"[3.24715, 0.000443332, -0.212528]","[0.0, 6546639.0, 5980741.0]","[0.0,1.0,0.5]",156482,10.086936256458287,8.516210709878926,0.0357470387224955,0.0551147263934188,13963.81769316251,1.795779469128125,19.32243265404928,1.2754980625246886,0.932,0.932,2.2984283973538036,0.5886272680259779,0.0,0.0,0.0
"[-0.433581, 1.7338, 6.68581e-05]","[2587899.0, 0.0, 3603700.0]","[0.5,0.0,1.0]",212917,10.217446142227606,8.97669105785478,0.7027119530419703,0.1594689974216706,64432.46851879248,6.4654806535582505,3.558045208378384,1.4655052107700333,-1.0,1.007,1.9296869786108948,0.9649892788412714,0.011982967521174441,0.0,0.0
"[3.40748, -0.0085262]","[0.0, 231563400.0]","[0.0,0.5]",181381,11.166974824553252,11.14917477886559,0.3154966412723634,0.1204566284457513,56585.61361769444,5.781389022690623,3.234997275449955,1.1353465974429164,-1.0,1.203,2.095777244005245,0.10483498094838377,0.0,0.0,0.0
[4.34637],[0.0],[0.0],30846,7.445465129919492,6.662944446312854,0.5718534700975624,0.01911631254431,27581.735652739342,3.146945038080207,15.816038657210484,0.7394639415144363,-1.0,1.336,1.5416306938945468,0.0,0.0,0.0,0.0
[3.04199],[0.0],[0.0],321283,10.085923291485768,4.369999411949877,0.3037980383652642,0.4972788354850702,110875.89381142384,10.384351138073024,3.334376364676024,0.6565844828442514,-1.0,1.365,1.1451687962891872,0.0,0.0,0.0,0.0
"[2.13474, -0.409713, 9.17631e-05]","[0.0, 3956690.0, 4843623.0]","[0.0,0.5,1.0]",381657,15.042020157185132,12.267071679983037,0.2621509420395283,0.0087387693062454,40979.72542091104,4.3900037896,3.423343057916633,1.7473086610154154,1.474,1.474,2.5529489088366444,1.1184317870051663,0.016738004026431958,0.0,0.0
"[2.39132, -0.460127, 0.000920471]","[0.0, 9259099.0, 9744391.0]","[0.0,0.5,1.0]",314679,8.164871939184748,7.567711686273694,0.1761351145077859,0.0339803613588568,236074.21587048707,20.42232263347554,0.853005814013274,0.1805340087361565,1.498,1.498,0.2791758671502573,0.12246102348851598,0.00547726913035621,0.0,0.0
"[-0.31888, 1.47961, 0.0121575]","[12073780.0, 0.0, 12279520.0]","[0.5,0.0,1.0]",92722,8.324147978888108,7.206871661452094,0.3691886251629357,0.5610083074632376,17117.039817788205,2.1211053609048727,21.685838374766817,2.7970171266797315,-1.0,1.582,3.402269834301229,1.6092878129866375,0.0,0.0,0.0
"[2.70106, -0.698546, 0.00186016]","[0.0, 9793742.0, 10800040.0]","[0.0,0.5,1.0]",398477,9.446341222070746,8.77067676878476,0.1311078914246312,0.0401704158625398,38748.41627352401,4.186774294163208,7.102484605055835,1.1608512071534824,-1.0,1.902,1.907847569372575,0.970228577599743,0.050067015977212595,0.0,0.0
[21.5114],[0.0],[0.0],399459,9.855063874219224,3.877400814056661,0.2933785290301863,0.2766194800384098,22175.01850562076,2.625252354321674,25.46023889852832,1.500550231455205,0.214,0.214,6.959609562285298,0.0,0.0,0.0,0.0
"[2.55462, -1.63944, 0.000117929]","[0.0, 5015479.0, 7347808.0]","[0.0,0.5,1.0]",168785,10.5241873504047,10.240576429847236,0.6413280624395942,0.6415883400919644,56039.41992793325,5.733435995711864,3.691857990200176,1.0634259131783668,0.5,0.5,1.6996926359425975,1.3616171171099385,0.011548286422274975,0.0,0.0
"[-0.47357, 1.81456, 0.00133243]","[6746897.0, 0.0, 7370676.0]","[0.5,0.0,1.0]",388020,38.220416514180805,30.743103570172018,0.1671773744022187,0.6368543306248391,19929.07434441633,2.4036619780431,1.575056611380926,6.921616818858239,-1.0,0.781,9.323805806893365,4.763209071030741,0.2526560803122603,0.0,0.0
"[-1.8139, 2.59902, 0.00743899]","[296444.3, 0.0, 348621.3]","[0.5,0.0,1.0]",241034,10.608910215767006,9.327166085340629,0.1675228993374636,0.1117971974962358,151738.01645223593,13.719159738403633,1.0773692378215245,0.0692223592009441,-1.0,1.622,0.1115966627385546,0.09342041430839709,0.0,0.0,0.0
"[1.76376, -0.890522, 3.86931e-05]","[0.0, 20013190.0, 25226650.0]","[0.0,0.5,1.0]",368602,10.021197353431049,9.78780888704256,0.0330038787873083,0.3083273301761918,33251.072287417366,3.6801269558754455,7.322003523144188,1.0056150391312593,-1.0,1.809,1.3355234074449995,0.9489735026457873,0.00625530546680062,0.0,0.0
[3.73858],[0.0],[0.0],78474,9.977325283792812,7.877739036468939,0.321269949585146,0.0393521022399528,71360.26416938206,7.062782268718465,3.565113726052389,0.4539648088489111,-1.0,0.599,0.8777594767077016,0.0,0.0,0.0,0.0
"[2.21691, -0.743712, 1.07547e-05]","[0.0, 1714498.0, 2889162.0]","[0.0,0.5,1.0]",229855,33.59221232039735,27.610130636511656,0.2312130646562265,0.2255064506036522,17918.729429496736,2.202306175653209,2.122695584849882,2.5257753310911055,-1.0,0.79,3.7607005051755826,2.178196780230779,0.008283118364580693,0.0,0.0
[19.4859],[0.0],[0.0],220873,8.237854253065443,7.001202298821895,0.2650688358460243,0.0558355340620106,189337.06991742307,16.73101835607169,1.239234095891117,0.2069142937165163,-1.0,0.815,0.9133783803606695,0.0,0.0,0.0,0.0
"[3.05886, 0.00465282, -0.0666347]","[0.0, 21509560.0, 21382100.0]","[0.0,1.0,0.5]",283573,9.550186397572425,4.549185235553991,0.4035469804402601,0.3463458939952731,36744.85562124582,4.0031549202547385,13.205597488081208,0.9863238768719316,-1.0,1.028,1.7250407027104004,0.26334574147889894,0.0,0.0,0.0
[3.51218],[0.0],[0.0],38133,10.285914284272748,6.098408550227884,0.017679081529891,0.4494978574973546,42712.3535798612,4.546959782692686,8.096585578474594,0.9456835453816834,-1.0,1.231,1.7722876667071166,0.0,0.0,0.0,0.0
[3.87337],[0.0],[0.0],307738,10.600897532863648,9.171974177976686,0.1250366850510098,0.2120129784531615,46214.23026039882,4.862095094174983,5.0719295699598765,2.2058258981064416,1.522,1.522,4.341259269586248,0.0,0.0,0.0,0.0
"[4.45704, -0.115113, 5.19848e-07]","[0.0, 3130635.0, 4402079.0]","[0.0,0.5,1.0]",311209,10.655411699569958,8.818553960651819,0.2199672501065526,0.3866608118827491,73182.33097102161,7.218957968905419,2.9730310598238763,0.0096438932535999,-1.0,2.033,0.020359900932054736,0.003272009687255865,6.953293850703725e-06,0.0,0.0
"[3.01742, -3.48905, 0.00346677]","[0.0, 25014330.0, 28677880.0]","[0.0,0.5,1.0]",188568,8.994569225878147,7.753532351309951,0.1541940566154893,0.2002213294395218,34200.79235007331,3.768315280190254,9.43938735779768,1.3384616386761272,0.451,0.451,2.3250045695711496,2.50011234798842,0.07880766198795207,0.0,0.0
"[3.27079, -2.08851, 0.000681215]","[0.0, 1940928.0, 4151682.0]","[0.0,0.5,1.0]",211394,10.883064464236629,4.562929018333636,0.5328474322214101,0.592836680771716,41389.93131233328,4.427229186061624,10.399767297406749,1.2263392156446375,-1.0,0.524,2.2178743941206394,1.7722659589890277,0.03200757099355161,0.0,0.0
"[2.60971, -0.401216, 0.000305232]","[0.0, 1443679.0, 1610736.0]","[0.0,0.5,1.0]",285237,9.378826573729109,7.033364335424094,0.4673500697784364,0.9195465613627936,35197.087257248095,3.860517327856196,9.601002816098656,2.35189224440146,0.714,0.714,3.799387108764015,1.4902930550828104,0.0,0.0,0.0
"[2.11292, -0.947442, 0.000604445]","[0.0, 4510583.0, 5597066.0]","[0.0,0.5,1.0]",395550,9.902672486497002,8.991207565970322,0.0398584206363537,0.3863949073457346,174832.5617168757,15.574348937922617,0.9649822813738286,0.535915848140005,-1.0,0.73,0.779001200956738,0.5216424388854267,0.01317573935447537,0.0,0.0
"[2.47673, -1.76011, -1.11276, 3.28459, 9.52819e-05]","[0.0, 2196723.0, 3041626.0, 1622286.0, 5792638.0]","[0.0,0.5,0.5,0.0,1.0]",321419,8.538442155125749,7.6828278312412515,0.099155912691233,0.1953106710322187,83991.96158644193,8.138561686514498,3.3577033188622125,0.7533103402053236,-1.0,0.758,1.1855319456787854,1.3652573142806468,0.9994103297713162,0.794647793218097,0.007353246639358704
[4.07773],[0.0],[0.0],30039,10.503404595275208,9.75591150193513,0.1580547904479582,0.5179326497466161,75280.8346427659,7.398387756700097,2.6647755364604087,0.3556746297039532,-1.0,0.929,0.7182276513429097,0.0,0.0,0.0,0.0
"[1.52909, -1.45687, 4.31077e-06]","[0.0, 5843342.0, 11782800.0]","[0.0,0.5,1.0]",5848,43.91546046554056,18.41353167282369,0.2557344567208504,0.3557137808312826,12938.82357566938,1.687626019781704,3.2802299980382723,9.696699963054694,-1.0,1.155,11.990588030384691,11.704001209162366,0.020132670405592988,0.0,0.0
"[-0.475717, 2.06663, 0.00176775]","[8854989.0, 0.0, 9449611.0]","[0.5,0.0,1.0]",75345,8.844394350070395,6.195688595717501,0.3412081482201733,0.4515174379084397,106636.39737600472,10.033474593643255,2.863180682163574,0.2811878119444932,0.347,0.347,0.40422936282495275,0.1939415347347695,0.011822434464605175,0.0,0.0
"[1.5028, -0.262082, 0.000244139]","[0.0, 6652535.0, 7427159.0]","[0.0,0.5,1.0]",2345,8.822395327587705,8.742965557343046,0.0119797380982883,0.4181905638268917,56109.26863070397,5.739570868801815,4.871135305429807,0.5914065111479692,-1.0,0.613,0.7249978101996711,0.30276432377416745,0.009240695983497265,0.0,0.0
"[-1.22594, 1.83384, 8.35859e-06]","[2568990.0, 0.0, 5746986.0]","[0.5,0.0,1.0]",352632,10.25427616412457,8.280144904303794,0.3709333479967882,0.1792185569246426,49627.10809548751,5.166763658566035,5.223938769974198,0.968472093895694,-1.0,0.7,1.3114986018114063,1.0723133650229653,0.0027999715768514673,0.0,0.0
"[1.80946, 0.00021259, -0.215717]","[0.0, 10982880.0, 10092750.0]","[0.0,1.0,0.5]",342542,35.81079245506927,28.46304285819992,0.2325625465710665,0.4125677372996897,25531.27310238962,2.950831872190795,1.3833925182789368,6.362989615344308,-1.0,1.223,8.55924993007662,2.95531242972523,0.09277535619373387,0.0,0.0
"[2.17762, -0.358546, 0.000488182]","[0.0, 4708930.0, 5562579.0]","[0.0,0.5,1.0]",330481,10.492096357103597,8.360154458848694,0.070102694939539,0.5348079601331602,37702.58357907826,4.09106678813938,6.999602280446942,1.27987957800939,-1.0,1.439,1.8886877249139329,0.7663753903489092,0.028278735809577956,0.0,0.0
"[3.1784, -1.27527]","[0.0, 9334621.0]","[0.0,0.5]",309658,9.00675685212513,8.876562118724252,0.3468598081154994,0.1387299020447186,39344.58305895072,4.24119974749087,7.188889531980303,2.3580155084869223,-1.0,1.509,4.203886026078843,2.66285628889638,0.0,0.0,0.0
"[-0.536263, 4.41982, 0.0275217]","[3906706.0, 0.0, 4012513.0]","[0.5,0.0,1.0]",342202,9.677781252552949,8.507235373042052,0.3582180311466483,0.6731978648933663,11049.70571132876,1.4844422563410509,24.3595350792366,5.445202404893612,0.455,0.455,11.447649372534261,4.088562778228177,0.0,0.0,0.0
"[2.931, -0.63977, 4.65028e-05]","[0.0, 8949519.0, 12202090.0]","[0.0,0.5,1.0]",282295,6.030249667670379,5.825441754311324,0.3459393706529104,0.0973256814183191,12576.271844671151,1.6490402483594044,44.48436545912881,2.231173938665328,-1.0,0.972,3.819806273983288,1.7846832487317013,0.0,0.0,0.0
"[4.47404, -0.148566, 0.00203453]","[0.0, 4502762.0, 4654079.0]","[0.0,0.5,1.0]",376814,9.250319605811812,7.70327119866708,0.0130757203160613,0.184816880812054,48119.86980184119,5.03249497972478,6.268118733311897,1.17167275460457,1.025,1.025,2.478313613530939,0.45469437471972535,0.0,0.0,0.0
"[1.84348, -0.312533, 0.000855566]","[0.0, 34068420.0, 35347880.0]","[0.0,0.5,1.0]",161466,9.831528095723678,7.627001761722763,0.4825014180771391,0.3628707317506857,159915.90222726576,14.378153791581797,1.264438009408316,0.4991273335555744,-1.0,1.052,0.6776892066125767,0.2790353937166509,0.014599504368789111,0.0,0.0
[4.481],[0.0],[0.0],127886,10.158311629632742,9.459182241756032,0.1274286952054484,0.0960105571507257,22574.886073836075,2.664370822671437,11.200838795964897,3.514326940728546,1.081,1.081,7.439258224138129,0.0,0.0,0.0,0.0
"[-0.940044, 5.4592, 8.02719e-06]","[20405760.0, 0.0, 27460430.0]","[0.5,0.0,1.0]",18659,9.819762676062773,9.539221509305362,0.1870679061074056,0.2555800234211428,27234.74784317181,3.1138930979608777,9.43268755950635,3.215211985268886,1.12,1.12,7.512320614250631,3.1173366320435365,0.009109433786051157,0.0,0.0
"[1.41658, -0.258218, 0.000503617]","[0.0, 3182248.0, 3525389.0]","[0.0,0.5,1.0]",216042,8.864664806476663,7.934567871364434,0.2436094101401132,0.1142297733333883,75924.75981678574,7.453353852104993,3.6077740145329535,0.8184079603705326,-1.0,1.186,0.9740705159240424,0.41587527539248953,0.01836623072321872,0.0,0.0
"[1.8272, -0.707469, 6.06748e-05]","[0.0, 2857516.0, 4328760.0]","[0.0,0.5,1.0]",74362,11.16570480134394,9.647192240482406,0.638586119398443,0.1558085278557583,24830.129184861813,2.8833111702942302,9.251176654876463,1.7578884882499206,-1.0,1.641,2.376207516928724,1.478580687748719,0.013692901965999213,0.0,0.0
"[2.03227, -0.295989]","[0.0, 79264280.0]","[0.0,0.5]",229871,9.97452886108863,6.315012637986968,0.0134473939206804,0.2618402741176719,95245.53155558188,9.084988630100543,2.97135247912262,0.3066708539049532,-1.0,2.867,0.43718293924547313,0.16684388278495496,0.0,0.0,0.0
"[3.94565, -5.4815, 0.155217]","[0.0, 135280200.0, 141571300.0]","[0.0,0.5,1.0]",139718,9.988329628691464,9.78706995327952,0.132010906493667,0.2654214048307964,164068.48953243528,14.71188566255589,0.9754968482592056,0.3596924655789417,-1.0,0.495,0.7144808944077614,0.8421337058194656,0.14171015838483622,0.0,0.0
[3.11285],[0.0],[0.0],208507,9.03073307339961,8.241597375772086,0.2403109581841308,0.4358554125231829,15006.034336161889,1.9044555513108032,20.416668556427908,2.1040694171653875,0.513,0.513,3.7122666239400925,0.0,0.0,0.0,0.0
[3.12678],[0.0],[0.0],132829,9.443595385668116,7.546427175912754,0.2692579643295205,0.5144187347552807,20189.23564269724,2.4295024998559867,16.075983274308392,1.7276196731410145,-1.0,0.521,3.0548986291001414,0.0,0.0,0.0,0.0
"[3.43901, -2.60649, 1.01327]","[0.0, 1776444.0, 1779271.0]","[0.0,0.5,1.0]",12338,8.61281593234259,7.468605092772199,0.2679870806494938,0.3345325878072478,78956.34219072205,7.71157447004879,3.697764477375941,1.0182468324302762,0.667,0.667,1.8882947561461703,1.9372825029312872,0.0,0.0,0.0
"[1.80831, 0.00211061, -0.186583]","[0.0, 73046910.0, 72227370.0]","[0.0,1.0,0.5]",294351,9.528433778163798,8.090490231037446,0.607856284554509,0.2431335822279978,9058.69063329148,1.2636090299347116,30.06338857234597,1.8683151239462048,-1.0,0.679,2.5123871958582904,0.811575122637163,0.0,0.0,0.0
"[2.3981, -0.467594, 3.08998e-05]","[0.0, 1601428.0, 2415738.0]","[0.0,0.5,1.0]",98171,33.128555859652224,28.55734101873332,0.2009371644915223,0.6722916188093282,136504.7072052731,12.484819342919767,0.1900100875752857,0.6689341850918683,-1.0,1.195,1.0358980968074427,0.45742285007364747,0.0037184438243078152,0.0,0.0
"[1.61221, -0.259985, 0.00406878]","[0.0, 17632420.0, 17977690.0]","[0.0,0.5,1.0]",316883,10.75506053776274,5.932447937646008,0.4245344126343702,0.1639568943574186,45464.39552834573,4.794841479200356,7.44602736797926,0.726622657352843,-1.0,1.352,0.9226133641032147,0.37338350678849297,0.0,0.0,0.0
"[5.33875, -0.589909, 0.000365679]","[0.0, 18684210.0, 22113730.0]","[0.0,0.5,1.0]",328130,8.328364233951827,7.954370734943343,0.3449972330988469,0.3228293514527718,62111.90384846141,6.264067383858569,4.880758606777247,1.3819429273976944,-1.0,0.821,3.1930807367905767,1.061408640192689,0.026426528606879277,0.0,0.0
"[1.43077, -0.277003, 5.25082e-05]","[0.0, 10108060.0, 11440130.0]","[0.0,0.5,1.0]",103462,10.608310175853331,10.514187643022575,0.0487996977606306,0.1237895060303522,86755.88506535557,8.371963386116017,2.067691344006515,0.5358534063535507,-1.0,1.054,0.640959971812822,0.2820254053547555,0.0038829299989243124,0.0,0.0
"[-0.422983, 2.02722, 3.69959e-05]","[20049620.0, 0.0, 22831620.0]","[0.5,0.0,1.0]",249882,10.028366620123329,7.16328195932664,0.1631512210223516,0.1917180333606006,92429.65038156578,8.849110680250426,2.7593836492582784,0.4869184252050883,1.126,1.126,0.693276772462295,0.31667783363187935,0.002961645047366247,0.0,0.0
"[3.62129, -0.00373765, 3.76823e-06]","[0.0, 154552100.0, 156773500.0]","[0.0,0.5,1.0]",27833,8.769081010511558,7.42259566186524,0.2568764200271441,0.2371487883143246,82295.31732052719,7.994956568452528,3.472421694621623,0.1167525295682325,-1.0,2.304,0.2221764133045639,0.007137820368336933,0.00022663918521362574,0.0,0.0
"[2.31751, -0.588912, 0.000342155]","[0.0, 7332758.0, 8229353.0]","[0.0,0.5,1.0]",394208,9.360979653995422,8.473175939004514,0.4455775076806278,0.2057761091650257,106754.4260589485,10.043257888762865,2.090570532969863,0.7080913154447415,-1.0,2.553,1.0779536224693356,0.5433935383978162,0.013097871137250998,0.0,0.0
"[-0.463217, 5.65508, 0.00526192]","[2539880.0, 0.0, 2759654.0]","[0.5,0.0,1.0]",34036,9.102341244943917,8.200014932084146,0.1477479783125113,0.013614649432679,38282.11618301748,4.144138515496748,7.856994081636811,1.3043257714653056,-1.0,0.376,3.1017404367808377,0.8927525560044758,0.0,0.0,0.0
"[2.37406, -0.619695, 0.137954]","[0.0, 12493260.0, 12516920.0]","[0.0,0.5,1.0]",48033,8.88925381794575,8.50901211301906,0.3398776546919547,0.9463110366112824,51349.50141764141,5.319678436182729,5.5120027859814575,0.8611137292227388,-1.0,0.47,1.3268027373970737,0.7495395275855584,0.0,0.0,0.0
"[2.27234, -0.578139, 0.00251248]","[0.0, 9787349.0, 10341440.0]","[0.0,0.5,1.0]",193663,10.047824446087056,9.926723943838176,0.2493866031220653,0.7448083554906615,51369.26070531618,5.321429598482729,4.374875388819861,0.1282743751776656,0.515,0.515,0.1933644199191161,0.09753400129679875,0.006429707471832214,0.0,0.0
"[2.62879, -1.42438, 0.000754278]","[0.0, 41054580.0, 43287230.0]","[0.0,0.5,1.0]",249781,8.905057240018243,8.602065131518195,0.048407696317837,0.0670388273410261,61759.84321756072,6.2334472602492434,4.354785870287016,1.4030079148648809,0.579,0.579,2.274773016888324,1.6744533572848637,0.038532380611545014,0.0,0.0
"[-0.432877, 2.03679, 0.00042249]","[5303002.0, 0.0, 5964926.0]","[0.5,0.0,1.0]",165348,9.685746393630795,5.129918616113559,0.1176164003575586,0.2896276182481526,31914.08878958574,3.555465552216651,13.724158541844162,0.7381602920649336,0.603,0.603,1.0534739633489587,0.48589761613148597,0.0,0.0,0.0
"[-0.848482, 3.37847, 0.00228371]","[2945829.0, 0.0, 3721395.0]","[0.5,0.0,1.0]",317779,9.69346656032121,9.0133472305398,0.2780470712105506,0.1028074933521044,30387.50365859968,3.412348703912637,8.896691559365163,0.4943927634766848,-1.0,0.641,0.9087242939643565,0.4554004149634107,0.023626129607641683,0.0,0.0
"[1.82669, -0.376852, 3.70561e-07]","[0.0, 5745293.0, 9205142.0]","[0.0,0.5,1.0]",147192,9.648066791224103,5.738356608829671,0.1566039410067456,0.6009003029086983,45772.26730774833,4.822468959157383,8.286089338721053,1.6280515652017238,-1.0,0.93,2.2003946573975175,0.9994327312157056,0.0009910555797880125,0.0,0.0
"[3.09993, -0.377512, 7.21473e-05]","[0.0, 67343270.0, 70973690.0]","[0.0,0.5,1.0]",202863,13.02954269072868,8.922181554817644,0.1244444798568834,0.1050204678335026,70319.09650522535,6.973374994724304,2.630646689073311,0.3438250040683383,-1.0,1.275,0.6053595530886569,0.21125297679471852,0.002920434688403395,0.0,0.0
"[2.77875, -3.97783, 0.28303]","[0.0, 165772.1, 168703.5]","[0.0,0.5,1.0]",287244,10.005013672458029,6.790048261918945,0.0951903074988323,0.3460881964363901,36978.52735870775,4.02462817826649,8.888741912169484,0.825574111053115,1.36,1.36,2.1904349753148633,0.0,0.0,0.0,0.0
"[1.68214, -0.178785, 1.89357e-06]","[0.0, 34948110.0, 41674670.0]","[0.0,0.5,1.0]",66466,9.318295196171974,6.206028653757604,0.1398971215602739,0.0206791020423586,79325.59309230867,7.742964669978648,4.040790255425833,0.9466357512285748,-1.0,2.696,1.2277613887202379,0.4002657608482749,0.0013026375242979821,0.0,0.0
"[-0.49521, 2.805, 0.00574673]","[2556573.0, 0.0, 2756387.0]","[0.5,0.0,1.0]",105402,17.19523234562843,15.644409532096956,0.6631786875547491,0.4227787166348945,11796.258986519462,1.5653892849009738,8.606375861032143,2.5154623843772197,0.283,0.283,4.212930165009019,1.7804014326784556,0.0,0.0,0.0
"[1.98767, -0.341381, 0.00351406]","[0.0, 10227090.0, 10526920.0]","[0.0,0.5,1.0]",268743,25.617214710396738,23.6707458817688,0.269017187938824,0.3481483728680153,32093.81980778899,3.5722597336780164,1.668508664782531,3.5632080523037764,0.512,0.512,5.02357999831604,2.0819047413014813,0.2112252181768127,0.0,0.0
[3.77277],[0.0],[0.0],154727,11.361309664995792,10.241851638154984,0.2120809704424638,0.0749441950275101,54436.01506836103,5.592391112871806,3.589253560776646,1.1076423168260672,-1.0,0.59,2.1514423061496206,0.0,0.0,0.0,0.0
"[1.40612, -0.320509, 0.00108024]","[0.0, 4403487.0, 4752731.0]","[0.0,0.5,1.0]",133562,10.191880093201837,8.439814902694422,0.2333327554233945,0.5462232539929747,52535.272157658816,5.424642242300395,4.824572493005457,0.7747894585380145,-1.0,0.691,0.9187448041547005,0.4393741052153093,0.0,0.0,0.0
"[4.90179, -7.14232, 0.00223144]","[0.0, 719067.5, 1778708.0]","[0.0,0.5,1.0]",246020,9.624391605216298,6.273845688043934,0.0095069908438701,0.1206482476390039,8600.146701018151,1.211550576436749,38.55593776347206,6.879165289414906,-1.0,0.765,23.87609668641114,0.0,0.0,0.0,0.0
"[3.37879, -0.281831, 6.80915e-05]","[0.0, 29988580.0, 34491020.0]","[0.0,0.5,1.0]",166852,10.01013869996009,9.919394781206464,0.0742509447774509,0.2690069637663604,31925.150668267248,3.5564993974778782,7.57818323914946,3.073648656896278,-1.0,0.859,5.649822745075839,1.6317311464233935,0.02536300301444572,0.0,0.0
"[3.39242, -0.14738, 0.000136551]","[0.0, 37932720.0, 40455970.0]","[0.0,0.5,1.0]",305945,10.00455051219619,5.599454422107272,0.268629149561409,0.2724132479447599,48731.95015490054,5.087073424243292,7.640082012679758,1.4803939275887554,-1.0,0.951,2.726667002626259,0.5683247519969934,0.017299148925889667,0.0,0.0
[3.36147],[0.0],[0.0],115526,8.21972770775203,6.92593186109617,0.3364594243697038,0.7781582197966441,42255.1228418819,4.50560947870159,8.799573095359763,1.1627865144013574,1.413,1.413,2.131889085499117,0.0,0.0,0.0,0.0
"[-0.179219, 0.100838]","[31900910.0, 31901570.0]","[0.5,1.0]",334987,19.193599175302573,14.48533100621232,0.1054349596200572,0.27378331795882,29490.00622970972,3.327798683972333,3.5126349940672923,3.2535678707740607,1.43,1.43,1.377374047023576,1.0331704645569975,0.0,0.0,0.0
"[1.64966, -0.279045, 5.84186e-06]","[0.0, 7192972.0, 9938808.0]","[0.0,0.5,1.0]",302845,8.727994763429763,8.601082792213633,0.4399041581179561,0.7028039430338162,104439.96002181996,9.851253257283252,2.2526889779993704,0.2125266808693892,-1.0,1.759,0.27296733623936587,0.11226660311175748,0.0005136757126755061,0.0,0.0
"[2.5804, -0.399906]","[0.0, 15750750.0]","[0.0,0.5]",121577,10.176694013159382,8.126406084491881,0.3380663627318196,0.2150945668764296,38670.25549994148,4.1796321923488025,7.1430162056499045,1.2582711291346895,-1.0,1.898,2.02123936813075,0.7957070243623087,0.0,0.0,0.0
"[-0.335528, 2.25905, 0.00280258]","[25607130.0, 0.0, 26644950.0]","[0.5,0.0,1.0]",61648,21.312427579304902,12.086432230255827,0.0255116502827339,0.2341877700159606,86470.4437701076,8.347889266926579,1.0475315125387838,1.675623204781092,-1.0,0.256,2.5184845311571316,0.9706010350313722,0.0887064859420288,0.0,0.0
"[-0.25377, 3.4449, 0.0339043]","[4535746.0, 0.0, 4578663.0]","[0.5,0.0,1.0]",80208,29.85955735209356,18.3157231198481,0.5529561726803107,0.2733472489140555,64511.325367392055,6.472312701051747,0.8096906219211661,1.5741431916900903,-1.0,0.394,2.9216793102236935,0.8442960702106309,0.0,0.0,0.0
"[1.97028, -0.237582, 6.64219e-06]","[0.0, 28581980.0, 31479480.0]","[0.0,0.5,1.0]",297920,8.608279832341184,4.5533481243558285,0.1144973114825854,0.4179994500342365,120768.42530130588,11.199078282207976,3.238578771791053,0.0702783192461585,-1.0,0.817,0.09864733133365389,0.034255328250101885,0.00018112442247966782,0.0,0.0
"[2.81893, -0.357522]","[0.0, 13930720.0]","[0.0,0.5]",333230,10.356083051127602,7.195907934703343,0.4044023083819497,0.0738184247370476,71179.65648696694,7.047281700670681,3.750788038170669,0.702807688544925,-1.0,1.015,1.1799908772559187,0.42023080917582756,0.0,0.0,0.0
"[-0.621206, 1.81916, 0.00134098]","[4112692.0, 0.0, 4662922.0]","[0.5,0.0,1.0]",360329,7.237521420494252,7.134547643730851,0.0378270950699504,0.1345247229537506,129524.80943903267,11.915967521852702,2.301700137100586,0.3666492587036843,-1.0,1.029,0.49452273254341583,0.2889805625430523,0.013426473579536729,0.0,0.0
"[1.96912, -0.251125, 7.6083e-05]","[0.0, 12724920.0, 15275420.0]","[0.0,0.5,1.0]",230037,10.668791039113854,9.297659566745546,0.589318923393221,0.5589372542406111,118651.5168094324,11.025183502384962,1.5060363100966256,0.4665299732690183,-1.0,1.25,0.6546597538019171,0.23378924372723162,0.004069334267513822,0.0,0.0
[5.0134],[0.0],[0.0],218173,10.664401748600117,8.966483470194518,0.5642674566622174,0.0165007490558313,94710.9185651914,9.040251239696271,2.098410904435738,1.0966689220557198,1.78,1.78,2.4555100430509236,0.0,0.0,0.0,0.0
[4.07714],[0.0],[0.0],282545,9.197218363213135,8.198411403193731,0.4024272932452207,0.2857554354502454,27370.44658093574,3.126825168181148,11.248913719752952,2.0863407908716716,-1.0,0.343,4.21272452874514,0.0,0.0,0.0,0.0
[3.13361],[0.0],[0.0],161398,10.0809297987096,8.925102041521038,0.5424836431002221,0.8576114164091663,38557.390860028434,4.169315525360316,6.670706372608676,2.146285535390497,-1.0,0.378,3.7993558429526955,0.0,0.0,0.0,0.0
"[-0.635375, 2.463, 8.98864e-06]","[5119888.0, 0.0, 8181888.0]","[0.5,0.0,1.0]",183750,9.55712709129907,6.871418671719518,0.1172763143911655,0.4296609356625412,46687.71842290685,4.904502622794869,6.975316619804906,0.8458330473780575,-1.0,0.404,1.3274459759111723,0.6742170185054768,0.002535897192567436,0.0,0.0
"[1.65267, -0.698159, 0.000472663]","[0.0, 4770891.0, 5413719.0]","[0.0,0.5,1.0]",313658,10.489307445985649,9.811767970971571,0.1570692244994764,0.4335137231413103,64549.09790127977,6.47558486969527,3.2233972172024057,0.9505928723964744,0.55,0.55,1.222046201464692,0.7942765194692734,0.020666662973166793,0.0,0.0
"[1.41886, -0.147863, 0.0117162]","[0.0, 7314759.0, 7353095.0]","[0.0,0.5,1.0]",378991,9.590921826730652,8.338534671914132,0.3740250731317888,0.0241296112404279,96164.72924419893,9.16185994312524,2.385945211849703,0.5827938487892469,-1.0,0.926,0.6942001960392521,0.23281078812941394,0.0,0.0,0.0
"[-1.00834, 1.65818, 0.00151898]","[4642741.0, 0.0, 4976326.0]","[0.5,0.0,1.0]",130245,9.550752574364582,8.353961648315016,0.3032236136114129,0.5056426390586082,80329.94880410109,7.828279894406712,3.0221018295693245,0.1563626693504572,-1.0,0.972,0.20134873814026705,0.15701334783392204,0.006094093367095297,0.0,0.0
[3.74703],[0.0],[0.0],301614,9.895146665059578,5.900498536327048,0.1361742172843797,0.186638563696236,79669.03841843965,7.772149369983218,4.003148251805265,0.8648924903034058,-1.0,1.045,1.6741937308144312,0.0,0.0,0.0,0.0
"[-1.21565, 2.84908, 5.79095e-05]","[3788580.0, 0.0, 6376807.0]","[0.5,0.0,1.0]",395889,22.178998493636875,20.499829618349096,0.0218130710195549,0.1253049027798085,37177.76115499809,4.042924456518837,1.8014327963754038,5.259176377458677,1.054,1.054,8.87707845301592,5.798584806149818,0.04002143380854076,0.0,0.0
"[-0.368422, 1.78655, 9.02122e-06]","[6715893.0, 0.0, 8543831.0]","[0.5,0.0,1.0]",180574,10.243341126745,8.626831352757636,0.4804236452739104,0.5109927381511633,47209.58782263399,4.951189875266157,5.358001834720557,2.122448876456172,-1.0,1.467,2.8369052159915356,1.2882792627621475,0.006374848604167668,0.0,0.0
"[1.52507, -0.493533, 3.96806e-05]","[0.0, 3214633.0, 4469668.0]","[0.0,0.5,1.0]",231025,10.111024821292014,4.62251022788392,0.1369867376684246,0.2773322477522167,15578.00284984434,1.963591665305528,29.81550560939806,3.4882009112684234,-1.0,0.239,4.307709224656064,2.450626062217274,0.0,0.0,0.0
"[-1.91762, 2.77873, 0.00195093]","[3624847.0, 0.0, 4822980.0]","[0.5,0.0,1.0]",137865,9.125698749890434,4.116010024616158,0.1534328589341684,0.5435071018685307,52212.22015911542,5.396070210503209,9.933301362885828,1.0745798598927094,-1.0,0.323,1.7912733784981965,1.4880583867872672,0.04746347593838588,0.0,0.0
"[1.63274, -0.257739, 0.000112526]","[0.0, 3875109.0, 4598214.0]","[0.0,0.5,1.0]",163788,9.956820451505235,9.917954081959405,0.4571185274184756,0.2100715177676489,39533.76631843184,4.258451226164717,5.9956794780316365,1.3178883206664564,-1.0,0.659,1.6839807609190516,0.6690655654798976,0.013979931704662864,0.0,0.0
"[1.74241, -0.221216, 0.00274535]","[0.0, 10784910.0, 11103320.0]","[0.0,0.5,1.0]",361187,8.73753406188079,7.57555468173103,0.005980746013262,0.5026218664789425,35506.16789236331,3.8890590350418246,9.456058165347052,0.8139859154045879,-1.0,0.861,1.0744644916096147,0.3852152117163653,0.0,0.0,0.0
"[2.92599, -1.08181, -20.4414, 18.7073, 0.000113297]","[0.0, 623566.2, 157436.3, 157033.4, 1377726.0]","[0.0,0.5,0.5,0.0,1.0]",213567,9.595460665735027,9.057742771501934,0.4288480912379002,0.0472944018434491,92114.7395448034,8.82269433198286,2.35409763151334,0.340630900165234,-1.0,0.94,2.209502537412838,0.3542905251224404,0.003625711527613227,0.0,0.0
[4.69292],[0.0],[0.0],345976,9.95168212993039,9.562256022447189,0.3113852474557421,0.3931105335313846,45617.58002831896,4.808590304555327,5.239024054266255,1.6901454178673745,-1.0,1.231,3.661387105943803,0.0,0.0,0.0,0.0
"[3.5217, -0.0670752, 0.0035189]","[0.0, 45948490.0, 46223310.0]","[0.0,0.5,1.0]",322528,9.442026645187845,9.2343456014305,0.1543056733686051,0.510532652360292,41085.96125465712,4.39964843240234,6.363956627727234,1.768533495859619,-1.0,1.294,3.3188640923778077,0.4698913957083321,0.0,0.0,0.0
"[1.62771, -0.28131, 5.16985e-06]","[0.0, 6477163.0, 7993858.0]","[0.0,0.5,1.0]",143764,10.367374910764855,6.008796385639811,0.0738613298923178,0.7057010553851034,99499.10285338374,9.440202888239815,2.8410341772418257,0.4654317490978331,-1.0,1.475,0.5938059170540075,0.24685878686656978,0.001058266324020559,0.0,0.0
"[2.06971, -1.38535, -2.26184, 4.012, 0.0316743]","[0.0, 208737700.0, 187679700.0, 168799100.0, 215626000.0]","[0.0,0.5,0.5,0.0,1.0]",397103,8.481847012926062,8.220653934420072,0.3761912281952524,0.2721914500601044,25569.24734058496,2.954481599309644,12.885203814616672,2.5285241563366645,-1.0,0.372,3.6376579183617426,5.064628204480789,3.802752382690103,2.9760954888502487,0.45000839937342063
"[-0.287512, 1.49365, 0.00785003]","[2737498.0, 0.0, 2832785.0]","[0.5,0.0,1.0]",343869,11.06895981913106,6.459203544316908,0.1617874973479355,0.8899306029092265,96660.30203729264,9.203278745329396,2.630895676367153,0.6961969836412961,-1.0,0.451,0.8508569662538237,0.378363704941177,0.0,0.0,0.0
"[-0.421808, 2.43543, 0.00269873]","[4822243.0, 0.0, 5433934.0]","[0.5,0.0,1.0]",248474,10.203746875962675,4.009195196463682,0.0143842887455988,0.1168956886986678,38376.52509158994,4.152775417811548,13.388110363535588,1.4340700793132375,-1.0,0.484,2.237990302918137,0.9343566149466139,0.0,0.0,0.0
"[1.50328, -0.340213, 0.00305538]","[0.0, 2042682.0, 2222537.0]","[0.0,0.5,1.0]",85669,9.352069233182874,7.530563038859595,0.0638764946466998,0.2045655678883905,27246.849655178103,3.115046646993132,11.98111245475622,0.83683444002324,-1.0,0.649,1.0260286435475103,0.4902938498266597,0.0,0.0,0.0
"[-0.856455, 2.37768, 3.31792e-05]","[12373310.0, 0.0, 15413520.0]","[0.5,0.0,1.0]",290078,10.525898828570798,8.88664310497511,0.1539169080874449,0.5682175043457535,57383.407657734926,5.85134825579629,4.040613617459622,0.8131925528884086,-1.0,0.722,1.2539207671448018,0.7525678607267948,0.004684102046685707,0.0,0.0
"[1.40699, -0.207785, 6.59569e-05]","[0.0, 8917500.0, 9974776.0]","[0.0,0.5,1.0]",123828,33.06223077085943,30.4955544827324,0.6422342175864648,0.0859909071744133,46118.99963927865,4.853560103151791,0.7235984336807497,3.178764173008624,-1.0,0.759,3.7705422794209627,1.4489900587660811,0.025815968785151907,0.0,0.0
"[1.81008, -1.7202, 0.000357715]","[0.0, 4809758.0, 6788557.0]","[0.0,0.5,1.0]",133498,10.76504853649028,10.513396201754125,0.2610519840870581,0.8221431709989523,104458.84532657496,9.852821280674426,1.5996564014901558,0.840810661391062,-1.0,0.762,1.1312200518221591,1.1027769538782204,0.015902550585444125,0.0,0.0
"[-2.28238, 4.77449, 0.0166842]","[608331.3, 0.0, 769231.9]","[0.5,0.0,1.0]",65633,10.18648761069382,7.523011758412988,0.558380880691622,0.208955704748279,49042.17170383901,5.1147075311587775,5.781891450521341,1.298745204247489,0.797,0.797,2.837837027048128,1.969243888481942,0.0,0.0,0.0
"[1.74414, -0.821329, 3.86193e-06]","[0.0, 1787662.0, 3166655.0]","[0.0,0.5,1.0]",94369,10.399719753958635,9.788088720024197,0.0879888201460905,0.3149215292383703,33997.23159152369,3.749437962429452,6.928140447570589,1.5788809775611257,-1.0,0.812,2.08516325681099,1.43089567531752,0.0031027843423540743,0.0,0.0
"[-0.792905, 1.97154, 3.78435e-05]","[6184575.0, 0.0, 8394735.0]","[0.5,0.0,1.0]",330070,9.09597911136914,8.73363897720903,0.0242883725163037,0.1794990909962283,72414.41720882567,7.153181551322157,3.4607295292182143,0.9842275096238498,-1.0,0.904,1.381968983558386,0.8764074846584053,0.006054679339434028,0.0,0.0
"[3.58711, -0.275745, 2.21795e-05]","[0.0, 2748508.0, 3724434.0]","[0.0,0.5,1.0]",258520,8.956260939366064,5.602158533449411,0.3073679142465295,0.217071288098415,95461.4918717839,9.103054638141026,3.582434819214452,0.2346760499178466,0.928,0.928,0.4444686324615226,0.12323174340829864,0.0011052095915253654,0.0,0.0
"[1.96864, -1.02337, 0.0957721]","[0.0, 25614220.0, 25728310.0]","[0.0,0.5,1.0]",35590,10.463169431516349,7.02802881482942,0.3713749003311649,0.209434389160725,29035.8938836825,3.284897331155306,10.853901735023175,2.201966084561471,1.007,1.007,3.0895396850799792,2.3294491909574866,0.0,0.0,0.0
"[3.18458, 0.00115082, -0.0760307]","[0.0, 10973850.0, 10709250.0]","[0.0,1.0,0.5]",53288,10.195139523248269,8.106425863031388,0.0989309196884258,0.5044486874409003,71254.34230471872,7.053692127688419,3.4249847429247726,0.708268272809016,-1.0,1.092,1.2639324659196485,0.1967679909735125,0.0,0.0,0.0
"[1.78397, -0.268562, 0.0446026]","[0.0, 11611510.0, 11652040.0]","[0.0,0.5,1.0]",354167,10.199376177104748,9.443677740945258,0.0904573538973117,0.2044992934848687,49875.18613656512,5.188821775059361,4.667150413742211,1.3661512517043537,-1.0,1.14,1.824704561731093,0.7645134251864165,0.0,0.0,0.0
"[-0.506236, 3.75832, 0.00101337]","[28972480.0, 0.0, 31593770.0]","[0.5,0.0,1.0]",186214,10.159198997753112,10.014849325584397,0.1367964143701337,0.9402140886483934,107589.12426751274,10.112420980961508,1.6805683453964846,0.6859058963780968,-1.0,1.259,1.3297237136602744,0.488023852822101,0.021834766797968683,0.0,0.0
"[-1.55399, 3.73327, 0.0197004]","[10952570.0, 0.0, 11967100.0]","[0.5,0.0,1.0]",72699,9.599099729289026,7.296107219289999,0.1118517584523433,0.2482874083096534,18625.876557521675,2.273487543941327,17.64514221135625,1.7604182102386323,0.486,0.486,3.4014222836725914,2.2083886179698777,0.0,0.0,0.0
"[-4.09335, 5.3288, -4.70026, 5.59552, 0.0428467]","[64012.6, 0.0, 51618.63, 5982.411, 103605.4]","[0.5,0.0,0.5,0.0,1.0]",176332,10.644891297445998,7.950199494265226,0.2526708004500072,0.562610623702436,75157.66315118787,7.387868867979789,3.142227655094723,0.2230526970491423,-1.0,0.559,0.9915382769366299,0.0,0.0,0.0,0.0
[3.45972],[0.0],[0.0],5755,9.896178289960028,6.871333400123119,0.1805212129320475,0.3689361495013381,61276.78875278801,6.191406415061476,4.882791073488558,1.360774366080579,-1.0,0.588,2.5310842164765313,0.0,0.0,0.0,0.0
[11.2921],[0.0],[0.0],204578,10.540732148251472,9.903918736065734,0.4345301971006757,0.4677999207561141,56344.59511493082,5.760234523140275,3.766656122616421,0.8398344286947302,-1.0,0.608,2.8221561015229364,0.0,0.0,0.0,0.0
"[1.59471, 0.010202, -0.180234]","[0.0, 1967517.0, 1940242.0]","[0.0,1.0,0.5]",192458,10.777387072568697,9.746775507860098,0.1435213455748151,0.4546318552106703,26514.56706926019,3.045120846218827,8.821417843804333,3.3716608104397015,-1.0,0.697,4.257794894299699,1.4713581644355114,0.0,0.0,0.0
[3.35893],[0.0],[0.0],375611,10.825927781499916,10.685240209697474,0.2819809709245091,0.2646208985647451,27010.22260636109,3.092477583440932,7.980649849861439,1.2131869044806411,-1.0,0.747,2.2234542120415677,0.0,0.0,0.0,0.0
[3.00029],[0.0],[0.0],65848,5.801580065349199,5.043357357583241,0.5175734014980586,0.4239180917757525,40168.69349135059,4.31628182840595,16.237027078325813,0.1609657234751259,-1.0,0.855,0.27881428638290917,0.0,0.0,0.0,0.0
"[2.34506, -1.90024, 3.87334e-05]","[0.0, 12745440.0, 17926130.0]","[0.0,0.5,1.0]",341292,9.63391812113895,6.2763256795044144,0.6162092205713247,0.3878608424005861,55390.86893680912,5.676435277313005,6.107352320373795,0.9551039045855276,-1.0,1.079,1.4626068395739382,1.3166030244101834,0.005944200240310691,0.0,0.0
"[5.52005, 0.00742005, -0.103839]","[0.0, 122345200.0, 122100000.0]","[0.0,1.0,0.5]",72304,10.1199224941343,9.176183778917055,0.6015437429063113,0.8060173609460023,110279.95086117486,10.335093943698723,1.7551689276086924,0.1798975790927,-1.0,1.158,0.4226655240671929,0.0579703026283456,0.015496325669831603,0.0,0.0
[4.1491],[0.0],[0.0],36883,8.965692257839152,7.92758797009604,0.2905119382336076,0.4048362889742384,77493.95337598523,7.58712606711332,3.4845247722286605,0.6524312619100533,1.188,1.188,1.3289594007724406,0.0,0.0,0.0,0.0
"[1.53994, -1.4574, 0.00138867]","[0.0, 9480508.0, 11274510.0]","[0.0,0.5,1.0]",243052,10.067336404319136,5.993865838976974,0.380780774448187,0.4684911189270518,17708.404312196373,2.1810561366756813,21.121708894720264,2.143359153443104,-1.0,1.284,2.659786944492134,2.58875613306942,0.0,0.0,0.0
"[-2.99351, 3.27233, 0.0405632]","[4204570.0, 0.0, 4761924.0]","[0.5,0.0,1.0]",189879,10.01143391870206,7.195889492220638,0.3122967816999538,0.1154072516526324,56681.54192432669,5.789806418526901,5.116090357226322,1.0002974278899388,-1.0,0.453,1.809496298392301,1.7306908942793753,0.20146298131996082,0.0,0.0
"[-1.32467, 3.07976, 0.0121014]","[12725700.0, 0.0, 13636920.0]","[0.5,0.0,1.0]",374083,9.435869615545824,5.826141576401069,0.2776485380724612,0.1915545652430098,79012.06486474439,7.716312162779701,4.248117512158497,1.016338325107725,-1.0,0.453,1.783597026817742,1.1697475739661187,0.11180368318230442,0.0,0.0
"[2.66104, -1.20496, 0.000440755]","[0.0, 2657032.0, 3849433.0]","[0.0,0.5,1.0]",320455,10.595659179209765,9.654657478546229,0.2941526113780276,0.722288377279517,15185.10180211304,1.923007364136628,15.497896734209805,5.112746861727166,-1.0,0.603,8.340267732122248,5.613322837402707,0.0,0.0,0.0
"[2.46296, -0.718763, 0.000116002]","[0.0, 8796151.0, 10273550.0]","[0.0,0.5,1.0]",106300,31.65080639377646,28.46968888565659,0.6160217157448287,0.4062991508640269,137291.60342596637,12.548814478337802,0.1962372183950707,1.120147585795343,0.633,0.633,1.7579395077665905,0.9496599076953733,0.012064462718287608,0.0,0.0
"[-0.719612, 2.56847, 0.0213224]","[2457578.0, 0.0, 2586049.0]","[0.5,0.0,1.0]",306452,8.926692561192493,4.668103041034186,0.4354457204008368,0.0370811512770175,18744.18858712118,2.2853582738553664,27.4177730717088,3.619129172196829,-1.0,0.744,5.800178147552192,3.1152575936836837,0.0,0.0,0.0
"[-0.837573, 3.84502, 3.62549e-05]","[8863845.0, 0.0, 11720870.0]","[0.5,0.0,1.0]",330420,9.37621516605047,5.943282301172508,0.3221417110516323,0.0396409480862811,35142.579369762934,3.8554813038931286,11.126296483099924,0.958384988596664,0.996,0.996,1.8792705336429045,0.8771044958915246,0.0057706317171149,0.0,0.0
"[-0.410792, 1.90216, 0.00143536]","[1542032.0, 0.0, 1793843.0]","[0.5,0.0,1.0]",344134,21.779338228241382,16.745805881646096,0.1000824523800179,0.1700246690420813,13248.582296062375,1.720452262901912,6.071169614409213,9.47139395786325,-1.0,0.999,13.062834471704944,6.0811022764466705,0.0,0.0,0.0
"[2.26569, -1.51858, -2.13383, 4.02696, 7.4364e-05]","[0.0, 1855809.0, 1634970.0, 1407295.0, 4562795.0]","[0.0,0.5,0.5,0.0,1.0]",58627,9.325036140814936,8.304786280748544,0.1926178294722971,0.4672986848860359,92650.68545516256,8.867647855694969,2.573106612721374,0.9662296276129568,-1.0,1.099,1.4543890432277506,1.938960706367987,1.8465884370162495,0.008332239050270718,0.0
[3.4308],[0.0],[0.0],291031,9.832214698156369,7.6850684929868915,0.3474419491716173,0.3099906439253968,81154.6597219598,7.898264393228493,3.1264956952159144,1.0205723823351258,1.88,1.88,1.8903469130842847,0.0,0.0,0.0,0.0
"[-2.47127, 4.65265, 0.000146604]","[11387450.0, 0.0, 12732160.0]","[0.5,0.0,1.0]",319478,8.723192482969692,6.593233743331208,0.2264418775932531,0.5494039173053914,228915.5180860704,19.86003655273386,0.9494314956719916,0.3451235320304719,1.995,1.995,0.7444315385905423,0.5425436326717267,0.004178760514453973,0.0,0.0
"[2.00978, -0.493035, 0.0708193]","[0.0, 21245570.0, 21300810.0]","[0.0,0.5,1.0]",186251,9.336875252338183,8.379052624838106,0.2494983497164759,0.1284245028055711,218110.87389172008,19.009385180384825,0.7853178028048013,0.2685825230607465,-1.0,0.423,0.38076060596983635,0.20167924071836876,0.0,0.0,0.0
"[2.73281, -2.74287, 0.00152361]","[0.0, 851112.7, 1420082.0]","[0.0,0.5,1.0]",301646,10.489345833133456,5.564884341365388,0.0308675962668784,0.0978518957498855,42386.99615262361,4.5175405203942285,8.718857632199056,0.8101368122885958,0.439,0.439,1.3392544123414696,1.3420897716091227,0.0,0.0,0.0
"[3.19376, -0.0122649, 4.1615e-05]","[0.0, 61239840.0, 61901630.0]","[0.0,0.5,1.0]",168459,11.035414258324654,5.80123404063361,0.1862840870164316,0.5948015126928206,31263.59447647088,3.4945859752170634,11.367637660934395,0.8605107812119226,0.683,0.683,1.5378269040830503,0.0954605338125127,0.0,0.0,0.0
"[1.51692, -0.284858, 0.000169724]","[0.0, 6886113.0, 7995827.0]","[0.0,0.5,1.0]",85751,8.789821960322161,6.934181972244915,0.1301447222668277,0.4935588482294963,47568.27980024974,4.983247335277367,7.2448210872915135,0.9744310328656736,-1.0,0.686,1.2001414769489755,0.5200742086734881,0.012694708584947775,0.0,0.0
[3.26283],[0.0],[0.0],33534,12.17583283774787,8.505892520383705,0.1438935348062963,0.180207819441393,67848.01642203085,6.760680528160482,3.028220776383852,1.552640558024435,1.115,1.115,2.804582049119792,0.0,0.0,0.0,0.0
"[3.37382, -0.337773, 0.00159467]","[0.0, 24474860.0, 25193610.0]","[0.0,0.5,1.0]",74101,9.195023918598968,9.001380986617674,0.1640606432067303,0.024850309087028,37179.904365735696,4.04312120535536,7.4475090061787395,2.4688347861327484,-1.0,1.122,4.534746165197909,1.434843364291514,0.09858876811294538,0.0,0.0
"[3.61944, -1.9986, 0.029426]","[0.0, 93080.97, 108605.3]","[0.0,0.5,1.0]",63652,9.243511666672484,7.589138545487925,0.3172822991949876,0.1290961167116635,31563.17452858508,3.522642703373618,10.26623220178053,1.4909903627197965,-1.0,1.152,3.543248800790807,0.0,0.0,0.0,0.0
"[-0.87127, 2.55183, 5.25679e-05]","[505510.4, 0.0, 899518.2]","[0.5,0.0,1.0]",115523,10.862480894641813,9.627841897745371,0.6769611332406593,0.2717924178674537,73265.8484188787,7.226108097621769,2.712966686506828,0.5804480789386537,-1.0,2.387,0.927233785528494,0.5418009452776779,0.004208464733624334,0.0,0.0
"[2.33205, 0.930341, -1.90145]","[0.0, 8264687.0, 8262125.0]","[0.0,1.0,0.5]",86270,25.489737586507424,13.50401424671843,0.6184184867682763,0.5621302134248879,66583.86306431584,6.651590190656233,1.15246419916998,1.750998124286756,0.357,0.357,2.6739581734593276,2.946566720181323,0.0,0.0,0.0
"[1.26536, -0.244226, 0.00790647]","[0.0, 669176.1, 681594.5]","[0.0,0.5,1.0]",245457,10.052326964319622,7.759803503281478,0.4015147021162777,0.0872100841128363,77457.54428919619,7.584025088694797,3.23355201950562,1.1595575148224042,-1.0,0.622,1.3043656269183,0.5822462283900428,0.0,0.0,0.0
"[1.9808, -0.204773]","[0.0, 6335719.0]","[0.0,0.5]",381026,10.703252133686854,9.753907840347242,0.488676142088325,0.1874841018891717,45808.84791014454,4.825750409198492,4.827375804514964,1.9747723165213773,-1.0,0.692,2.779312265780531,0.8936210221318436,0.0,0.0,0.0
[4.09186],[0.0],[0.0],375432,42.11141880273146,14.578422241970294,0.3896412693093964,0.2232418570612894,53831.00270053587,5.53906200397823,0.951135618652161,0.7284612347157499,-1.0,0.738,1.4735566229402257,0.0,0.0,0.0,0.0
"[1.79139, -2.19805, 1.22239e-05]","[0.0, 3505025.0, 6954136.0]","[0.0,0.5,1.0]",250790,9.831051487844446,6.062686693834535,0.9699425279392564,0.3286639164827607,183186.72379846693,16.241286029421193,1.274200245126374,0.4404029453490062,-1.0,1.086,0.589447713758787,0.6529335706086377,0.0015397673592937589,0.0,0.0
"[-0.971474, 1.9511, 0.000263031]","[1274839.0, 0.0, 2190458.0]","[0.5,0.0,1.0]",339241,9.423005882584352,6.03292883557322,0.096096153386349,0.7796836107613012,53308.41712744603,5.492949117359359,6.739395618247059,1.209754721529773,-1.0,1.124,1.6898069432183278,1.1923751507962685,0.019620080901678143,0.0,0.0
"[1.64125, -0.227027, 0.000241041]","[0.0, 1417736.0, 1540343.0]","[0.0,0.5,1.0]",254559,11.141265248433871,9.788789205843868,0.286246942984411,0.3337698965871351,103492.445708723,9.772550306143533,1.671498281591704,0.3726355207686552,-1.0,1.146,0.47738813447168665,0.1776451827238521,0.0,0.0,0.0
[3.06098],[0.0],[0.0],303760,8.013047299940554,7.311318307341429,0.2675561060676948,0.3769698886980913,31856.255506332247,3.550058952251938,11.794582908737947,2.1000772898904416,1.182,1.182,3.674223110547671,0.0,0.0,0.0,0.0
"[2.27281, -0.240348, 5.71024e-05]","[0.0, 38588180.0, 41715200.0]","[0.0,0.5,1.0]",22457,11.012375015579902,4.941455887907403,0.0347715812127889,0.5946264167780735,38778.82413352242,4.18955282077319,10.336639622740492,1.2938849802254389,-1.0,1.651,1.950640501271683,0.6343309879201479,0.009777388059356462,0.0,0.0
"[1.67843, 0.00239485, -0.202034]","[0.0, 2166529.0, 2083967.0]","[0.0,1.0,0.5]",204643,26.55872689112597,7.358394826381524,0.3464373862484468,0.3114520167556326,53242.22031340639,5.487104958226968,2.551377017239144,2.3565970276626405,-1.0,1.836,3.0530712688258297,1.065507272657342,0.0,0.0,0.0
[3.43627],[0.0],[0.0],214208,10.234393408535343,8.146614751610763,0.0458772777863866,0.6851887781013848,113109.32144226247,10.568769051774764,1.859154265847443,0.776840938939173,1.943,1.943,1.4400439429049607,0.0,0.0,0.0,0.0
"[-1.33633, 2.14816, 0.00429464]","[742327.6, 0.0, 836234.8]","[0.5,0.0,1.0]",344991,9.768423907766396,7.4876333579975665,0.0835483809509581,0.6693318814273505,57992.99045938666,5.904737645601881,4.904668697821415,1.0049141579964054,-1.0,2.337,1.4728627468603446,1.163543337080952,0.0,0.0,0.0
"[-1.4384, 8.24779, 0.00242014]","[2155801.0, 0.0, 3120202.0]","[0.5,0.0,1.0]",76858,9.333147135196608,5.614276505265936,0.0596181095399684,0.1655733994047348,24336.044630419136,2.8355794560271423,17.385696255252036,1.5290945954515174,-1.0,0.32,4.391401548167647,1.8354359700130007,0.0,0.0,0.0
"[2.85778, -1.67654, 7.28435e-05]","[0.0, 2101559.0, 5288355.0]","[0.0,0.5,1.0]",138582,9.723575507636715,8.641740811207402,0.1402282897568639,0.2760450894802748,30997.326703552622,3.469622046066471,8.998382141038057,3.160969426661241,-1.0,0.404,5.343609232817361,4.092863445738688,0.026978369444822996,0.0,0.0
"[3.8576, -1.64203, 0.0709166]","[0.0, 2578476.0, 2644071.0]","[0.0,0.5,1.0]",68723,10.991323190303506,6.282364105009839,0.0251164681683273,0.1990703033102853,56673.31446720575,5.78908459412177,5.345398569947062,1.5612144295825618,1.367,1.367,3.0663459645055933,2.043310980129286,0.0,0.0,0.0
"[1.87641, -0.414295, 0.000146951]","[0.0, 20328790.0, 22099790.0]","[0.0,0.5,1.0]",261128,9.92673799186161,7.622652506436394,0.7869304543908281,0.39920478946852,56627.222269260914,5.785040085063797,4.908673641639064,1.250365434005514,-1.0,1.402,1.7127770244942229,0.8048071113807793,0.01515734836161962,0.0,0.0
"[2.23709, -0.358456, 1.02739e-05]","[0.0, 51394630.0, 61841030.0]","[0.0,0.5,1.0]",342355,9.091644037075165,5.064512169806403,0.3358110579516577,0.4246310566611622,41060.815211060246,4.397366011228549,10.995343795632513,0.4479912510620176,-1.0,1.933,0.670056247545218,0.2682177158531718,0.001435942996356999,0.0,0.0
[8.14207],[0.0],[0.0],244626,9.29191466156422,7.288561135457605,0.1214820526223502,0.2664261814107425,35811.76194136177,3.91724955240532,9.203614589816748,1.54779201660169,-1.0,0.313,4.416518136206554,0.0,0.0,0.0,0.0
"[-1.23121, 3.04505, 0.00069845]","[1043817.0, 0.0, 1704468.0]","[0.5,0.0,1.0]",289346,10.20712220380098,9.066131801171696,0.1583153449721994,0.4199992242279611,19771.2067004698,2.3879597246093645,13.176683998881668,5.0048490013644376,-1.0,0.437,10.350432434779062,0.0,0.0,0.0,0.0
"[2.42844, -0.260309, 0.000853275]","[0.0, 6008803.0, 6716153.0]","[0.0,0.5,1.0]",150987,9.012205554853322,6.881449358903339,0.5188102120867113,0.3965849657925021,41634.03950121126,4.4493619794459525,8.350215440763519,1.0966455688244785,-1.0,0.507,1.7089524418943596,0.5604301735922926,0.0,0.0,0.0
"[1.5391, -2.79327, 0.00109097]","[0.0, 6170626.0, 7277587.0]","[0.0,0.5,1.0]",261245,10.32947271115781,6.240969191526042,0.0958504122020328,0.2697750767816063,83497.10262179747,8.096702962940379,3.4675122649346086,0.6033064166277047,-1.0,0.655,0.7484647707413482,1.0083107627948718,0.01992711139449243,0.0,0.0
"[3.33307, -0.578646, 0.00633563]","[0.0, 57688730.0, 58393540.0]","[0.0,0.5,1.0]",265403,9.354947251954243,8.004036957148546,0.2924012510771382,0.4835345822811189,120576.43662893644,11.183316880552567,1.8631963769423576,0.0695905408726402,-1.0,0.755,0.12704934466995713,0.052936678681741435,0.005539175371565292,0.0,0.0
"[-1.04774, 2.16387, 0.0746761]","[4198457.0, 0.0, 4293392.0]","[0.5,0.0,1.0]",340688,9.204206126896906,7.634082906813927,0.4410162551928714,0.1790495442992454,21107.05579799654,2.5202933168444206,15.563295018507452,0.171998609338312,-1.0,1.318,0.25301164976254364,0.18222244909616156,0.0,0.0,0.0
"[3.23574, 3.57353e-05, -0.0350474]","[0.0, 84994290.0, 82688460.0]","[0.0,1.0,0.5]",322572,10.446297134311664,9.013129524662302,0.4431890441951799,0.3735765453735506,43178.13584753232,4.5890331380425415,5.640978038428434,0.7345559357738579,-1.0,1.368,1.3213311739636378,0.13751585555913573,0.004391102640543929,0.0,0.0
"[2.30797, -0.390289, 1.18228e-05]","[0.0, 8654766.0, 12154640.0]","[0.0,0.5,1.0]",394501,6.649867642201656,4.270017341416318,0.3177500862590269,0.3043369021559742,33530.90025127216,3.706141848731182,20.54779461532751,0.6399031159640485,-1.0,1.379,0.972141100195736,0.3997674045158816,0.0022002619905438963,0.0,0.0
"[3.23595, -0.188441, 0.0132434]","[0.0, 10014780.0, 10105920.0]","[0.0,0.5,1.0]",188068,8.59069353075582,6.570467617834953,0.7082911032848643,0.6798245414185989,46715.83033483384,4.907018762550605,7.89555365063873,1.1023243113131622,-1.0,1.61,1.9829432577351747,0.4950459814160659,0.0,0.0,0.0
"[-0.433694, 2.22679, 1.7807e-06]","[5712422.0, 0.0, 9653273.0]","[0.5,0.0,1.0]",297456,6.999326635426905,3.975655133659636,0.1149105461514855,0.5599480915111772,38050.49120523825,4.122938129815705,18.23257359966187,1.1539950939749293,-1.0,1.696,1.7220414215444095,0.7599686362945279,0.00153992419235112,0.0,0.0
"[5.39045, -0.0363142]","[0.0, 139516000.0]","[0.0,0.5]",48312,9.088325907151535,7.960035202737949,0.4668950371997086,0.3050227527631743,38166.015200726375,4.133513749426742,8.094331224158116,1.185346498374419,-1.0,1.697,2.7520595818692484,0.2258830075893926,0.0,0.0,0.0
"[4.75302, 0.000406413, -0.152437]","[0.0, 21735440.0, 21141260.0]","[0.0,1.0,0.5]",400975,30.63895196866554,30.20998179319684,0.4421012443665936,0.1894269904169179,64939.254216745365,6.509373544067562,0.5128975578398692,3.6422797779661407,1.81,1.81,7.94068783794217,1.4220618943543957,0.07342722210254493,0.0,0.0
"[4.21084, -0.761702, 0.00234672]","[0.0, 1108949.0, 1410955.0]","[0.0,0.5,1.0]",241366,10.376549543931068,9.804081987818762,0.1444633115792651,0.1931558316077626,70695.50066979635,7.005711644313099,2.903322660566956,0.8719009620270041,-1.0,0.172,1.7891696672503117,0.7609562787539208,0.04223746006565998,0.0,0.0
[3.07078],[0.0],[0.0],390469,9.669210312762257,9.472498225568852,0.3266312865911593,0.6104084707722675,21669.72953432296,2.5756810397888565,12.140882740325663,4.355303913639204,0.307,0.307,7.632078298693921,0.0,0.0,0.0,0.0
"[2.05258, -0.590331, 0.000117214]","[0.0, 3732399.0, 4857374.0]","[0.0,0.5,1.0]",41117,10.266011927043106,8.50450651904139,0.1387072028733103,0.4743223592056134,17315.044302458733,2.141212123368718,15.70324072806719,3.6144784288185656,-1.0,0.415,5.178401069107641,2.777387930347157,0.0,0.0,0.0
"[-1.47669, 2.20362, 0.00202891]","[16897420.0, 0.0, 18234500.0]","[0.5,0.0,1.0]",393938,9.793666524340232,9.786684758390727,0.0534589485439965,0.4540427096497524,165991.77199150482,14.866259193424504,0.9756151381664712,0.1760473707063271,-1.0,0.535,0.26133519147163503,0.21393124083284157,0.00792977627361338,0.0,0.0
"[2.4222, -1.95101, 0.000184979]","[0.0, 1580017.0, 3577593.0]","[0.0,0.5,1.0]",199745,10.80458766513498,5.596103291362306,0.2964148071135244,0.3315280960510051,27894.929255288807,3.176733067455785,13.482666262163084,2.8043748119024734,-1.0,0.63,4.364565924238095,3.917110341852895,0.03814145632985601,0.0,0.0
"[1.64361, -0.241716, 0.00044451]","[0.0, 4383550.0, 4829821.0]","[0.0,0.5,1.0]",287307,10.761996865369197,10.62159930753973,0.3770871973615103,0.1975026407091237,42358.68750428914,4.514979958024238,4.902464214119059,1.0112716949693408,-1.0,0.803,1.2964842319164103,0.49718790042388844,0.021321051516035278,0.0,0.0
"[1.43729, -0.437546, 0.0172026]","[0.0, 3317920.0, 3387488.0]","[0.0,0.5,1.0]",8518,29.08780030288472,25.501144608147648,0.4530360745869349,0.2501292003070576,43933.62382969406,4.657169992891039,0.9896367653405104,4.207646910127721,-1.0,0.986,5.044422920068515,2.837428807494603,0.0,0.0,0.0
"[-5.42011, -2.54348, 3.61693, 6.4387, 4.41459e-05]","[846786.9, 1431274.0, 0.0, 715892.3, 6148043.0]","[0.5,0.5,0.0,0.0,1.0]",355059,33.76271582099151,29.15714243988305,0.3867511302060099,0.4483955327309639,19438.4404666828,2.3548014730463804,1.8678660496422184,2.7493055516907967,-1.0,1.284,5.228692009405271,9.46767986499154,4.384672620845771,0.018267040709673273,0.0
"[1.88639, -2.28586]","[0.0, 20570880.0]","[0.0,0.5]",36011,11.150856247934756,9.55587839351402,0.5526653857385805,0.0028210754089768,143692.88013935054,13.068433082837895,1.0925106586556064,0.0305418077005596,2.073,2.073,0.0419479248356143,0.04617634480978539,0.0,0.0,0.0
[3.6462],[0.0],[0.0],167869,9.06177349546657,7.871312525771934,0.4370325316787544,0.0664229544689287,53509.82118821545,5.510726468127544,5.512045405703224,0.9327643299692676,2.092,2.092,1.7811158694447735,0.0,0.0,0.0,0.0
[3.32232],[0.0],[0.0],252527,10.48465893579176,5.070693590936374,0.0715575741546059,0.0868790796923076,60095.92148395826,6.088497338621291,6.239141464280304,0.9126942587246154,0.53,0.53,1.6635890339793822,0.0,0.0,0.0,0.0
"[2.01256, -0.223271, 0.0014578]","[0.0, 5358384.0, 5689946.0]","[0.0,0.5,1.0]",72252,11.226305943113514,10.667886550861205,0.6076674630198505,0.2552254812248265,18122.007243350523,2.2228092781559377,11.546407923451978,5.2217522343639295,-1.0,0.582,7.407824410777888,2.47540137377379,0.0,0.0,0.0
"[1.4734, 3.15279e-06, -0.225975]","[0.0, 10488820.0, 7571448.0]","[0.0,1.0,0.5]",240972,9.054108205606584,7.569607993265109,0.329718879627995,0.055287788765374,33002.05002851984,3.656954086303674,9.966222193902436,2.410297033971773,-1.0,1.06,2.925707460135617,1.1457787511955033,0.004279746924575675,0.0,0.0
"[2.33272, -0.504268, 0.046369]","[0.0, 2986052.0, 2995537.0]","[0.0,0.5,1.0]",400831,8.48641911907581,7.790330944364543,0.8912563494227005,0.3304934010812844,128762.09148553608,11.853671710207944,1.8890365678426384,0.1857262572508291,1.103,1.103,0.28366425519168753,0.13781801870719762,0.0,0.0,0.0
"[2.04581, -0.284037, 5.49881e-05]","[0.0, 42127140.0, 44727250.0]","[0.0,0.5,1.0]",276932,9.788777825447982,8.551645054358408,0.2562135100077922,0.0231016649516362,32916.0885775296,3.6489503480659424,8.455584887828781,2.6513963387738344,1.443,1.443,3.7923402967198365,1.4130649062406688,0.019661154191684488,0.0,0.0
[3.34195],[0.0],[0.0],87793,10.19884445756326,7.7558973192722735,0.1795171431767248,0.1909966292847207,89470.3145125372,8.600561047606346,2.653134108171048,0.8401382830503246,2.341,2.341,1.5358568848602716,0.0,0.0,0.0,0.0
"[1.92491, -0.732397, 0.000145647]","[0.0, 9962991.0, 11242060.0]","[0.0,0.5,1.0]",246226,8.872973286971172,5.979648403895679,0.2366733596191093,0.1350925083441507,30722.57039321514,3.443834715131839,13.406124395293965,1.829094237882292,0.392,0.392,2.5377059383552587,1.5653424394256052,0.022074295571339338,0.0,0.0
"[3.6998, -1.84477, 0.000413491]","[0.0, 1272624.0, 2981312.0]","[0.0,0.5,1.0]",309980,9.91526685717269,7.69608330701853,0.9119577757000292,0.050235911288115,33146.81437871639,3.670427879489047,9.081113910046868,1.0671480613923612,-1.0,0.418,2.052644802019304,1.4494251522778696,0.02169989889435265,0.0,0.0
"[-0.757872, 3.28026, 0.0223582]","[1033325.0, 0.0, 1119734.0]","[0.5,0.0,1.0]",382902,10.176074793949972,9.33766298841224,0.4237432185699608,0.3246567757636386,19339.4914055828,2.3449258267929936,13.163186651167434,5.3443916980973,-1.0,0.492,10.769300961377041,0.0,0.0,0.0,0.0
[4.65095],[0.0],[0.0],318000,11.44581525213078,7.066428270276436,0.2452371318901827,0.3195137498007345,22714.142024837623,2.6779726523650864,12.97186326812659,2.130321232851756,-1.0,0.557,4.594263829660183,0.0,0.0,0.0,0.0
"[1.76699, -0.535659, 0.0308532]","[0.0, 1617151.0, 1635763.0]","[0.0,0.5,1.0]",85265,9.705708614854178,9.303823102275327,0.1226892981462332,0.5079983454439049,22094.528740264635,2.617365858236287,12.05104138024006,0.85625743001173,-1.0,0.85,1.1382073843943392,0.644479320289554,0.0,0.0,0.0
[3.78584],[0.0],[0.0],379059,10.813084794397112,7.125468942783492,0.135107782111579,0.3937559715558343,49817.63850160231,5.183706137214386,5.668413633431583,1.824387455663314,-1.0,0.916,3.5497535744441224,0.0,0.0,0.0,0.0
[4.12024],[0.0],[0.0],128532,10.566872778990678,4.924643581034703,0.5027667686894257,0.1020327418277668,46613.93424204624,4.897896985375208,8.648183831953133,1.1299026269128638,0.932,0.932,2.2935186465259063,0.0,0.0,0.0,0.0
[3.55093],[0.0],[0.0],321457,8.697523249030683,8.08810088846536,0.6141473035715262,0.44878648075825,43852.39716539104,4.649850222439495,7.0586065038050165,1.9321815969727791,-1.0,1.511,3.6409858983506123,0.0,0.0,0.0,0.0
"[3.13171, 2.21983e-06, -0.192846]","[0.0, 28956650.0, 22450670.0]","[0.0,1.0,0.5]",179110,9.232470350522997,6.326675773788383,0.0657546176119632,0.1559170051229063,42359.20299495542,4.515026584946123,8.629108426214556,1.2229559966487091,-1.0,1.742,2.164220968345294,0.5370517653529261,0.001822093626899509,0.0,0.0
"[1.5565, -0.622024, 0.130436]","[0.0, 3889394.0, 3900403.0]","[0.0,0.5,1.0]",257810,10.47000746317944,8.728211301536009,0.8953559519562193,0.5218543946162012,32474.415312872195,3.607786095569709,7.981865577094028,2.1813684975964382,-1.0,0.291,2.7214703020554003,1.8922161552778478,0.0,0.0,0.0
[4.02896],[0.0],[0.0],360222,9.192393246698698,9.085528757222397,0.305222182227451,0.3117848857702061,37757.209855912224,4.09607324628594,7.264084572099153,2.0682233057989223,0.392,0.392,4.151393543176849,0.0,0.0,0.0,0.0
"[2.00595, -0.238749, 0.000279044]","[0.0, 5893543.0, 6541263.0]","[0.0,0.5,1.0]",330005,10.075062839640449,7.541342825063273,0.2541694211296686,0.2434105077808318,45955.899292163296,4.838938553874506,6.286800346210051,1.4744925602205232,-1.0,0.48,2.0883468782117385,0.7204657937188755,0.024630823375930602,0.0,0.0
"[2.77793, -0.304811, 0.001181]","[0.0, 22262300.0, 22989440.0]","[0.0,0.5,1.0]",223890,10.231894922254767,9.31850049733962,0.3299606696663469,0.0044140954764361,44984.584413821576,4.751744023111598,5.318559449809351,2.169718892917978,0.522,0.522,3.616297237335328,1.1978951002166052,0.0745638663679053,0.0,0.0
"[-0.806808, 3.4889]","[14390270.0, 0.0]","[0.5,0.0]",388029,5.04803638820864,4.009083706766972,0.0104430840988865,0.1014514375642262,87445.1245850434,8.430065585746842,8.505139526498956,0.4258488242478202,0.613,0.613,0.3825080244543109,0.7954258731912238,0.0,0.0,0.0
"[3.18687, -0.758531, 0.00795118]","[0.0, 1400018.0, 1556112.0]","[0.0,0.5,1.0]",21973,9.64634403410952,6.77803840223397,0.4767012331075809,0.7569031729660235,143212.7364260676,13.029516413146135,1.6557773293468216,0.4657721055100541,-1.0,0.632,0.831487356180164,0.4056580912764343,0.04153261423229494,0.0,0.0
"[1.34703, -0.530069, 5.78393e-06]","[0.0, 16579300.0, 19638180.0]","[0.0,0.5,1.0]",124252,8.304780122958455,6.597475912128896,0.0466839702812745,0.5436585246950122,88074.93732181478,8.483123803733355,3.674254300999516,0.4565173128245486,0.708,0.708,0.5298413959832884,0.33237125374715615,0.0010979151208518128,0.0,0.0
"[3.32144, -0.818956, 0.000372684]","[0.0, 43381720.0, 44899380.0]","[0.0,0.5,1.0]",350209,8.1285131578704,7.584846269259508,0.3654495120758974,0.7438268393394307,48701.41275624302,5.084351933730114,6.963347964639903,1.1661326946152415,0.716,0.716,2.1252556406890193,1.0553056329081831,0.022512221117323296,0.0,0.0
"[5.16519, -2.0788, 1.46706e-05]","[0.0, 1261840.0, 4233324.0]","[0.0,0.5,1.0]",103033,9.72937969393451,7.711552575120725,0.609315931655816,0.2698258930182277,11708.214063243038,1.5558896162246394,25.144111269512024,5.739911552765314,-1.0,1.175,15.44877760923904,0.021985135080895755,0.0,0.0,0.0
"[2.06766, -0.219577, 0.00366688]","[0.0, 152583600.0, 153156200.0]","[0.0,0.5,1.0]",133859,8.908800562403268,5.231778312074618,0.0833131006311303,0.0977144558825331,144571.16238432255,13.139595568555414,2.181067151857097,0.3365067933049001,-1.0,1.363,0.48387523934706284,0.15768386617278102,0.02037709100035181,0.0,0.0
"[3.07998, 0.000220509, -0.146647]","[0.0, 46400040.0, 44740930.0]","[0.0,1.0,0.5]",163612,10.524596598818952,7.4305061991665,0.0867758137820211,0.2545151490520615,31972.80769384769,3.5609534257297626,9.27803985091066,2.938028047339307,-1.0,1.653,5.156201555916653,1.1251036376766148,0.0436283810152551,0.0,0.0
"[1.88541, -0.258386, 3.31981e-06]","[0.0, 5039056.0, 6347186.0]","[0.0,0.5,1.0]",146106,9.15744133078599,6.711088090008904,0.6291171100756496,0.3614841003679586,66405.53702636287,6.63618574474522,4.799483761519008,0.825352071817631,-1.0,1.911,1.1332928502829918,0.419540349055285,0.0015038200130993308,0.0,0.0
[3.63553],[0.0],[0.0],14789,10.19216984430796,7.132251260177338,0.0435118654299832,0.3783826790579189,97515.57951966788,9.274719210064012,2.5477288813633563,0.7250679942508262,2.173,2.173,1.382491918966969,0.0,0.0,0.0,0.0
"[1.54461, -0.22253, 0.0457032]","[0.0, 8820300.0, 8836690.0]","[0.0,0.5,1.0]",130745,9.273623202101597,5.241140345267336,0.2134312744537299,0.2501737865048802,146949.63238374077,13.332156416824798,2.062777462921872,0.2385626600901604,-1.0,0.241,0.2964912559819775,0.12355454738385428,0.0,0.0,0.0
"[2.34718, -0.755679, 0.00309303]","[0.0, 27456020.0, 28415760.0]","[0.0,0.5,1.0]",47414,30.604851869455544,29.071968362472195,0.613148375412309,0.1420438340652609,142285.46276237318,12.9543325372784,0.1887407090159828,0.1340833978799973,0.494,0.494,0.20542259213913605,0.11655842862282023,0.007457050312788552,0.0,0.0
"[-1.61417, 1.81234, 0.00379409]","[1728503.0, 0.0, 1915129.0]","[0.5,0.0,1.0]",162474,10.57372286986508,9.014734963463471,0.0751981637055794,0.1996114909788273,71314.34442835467,7.058841467651109,3.0344153841302,1.242995490090042,0.59,0.59,1.6733600286250987,1.5810805353613802,0.0,0.0,0.0
"[1.478, 0.000930476, -0.206427]","[0.0, 8667406.0, 8336008.0]","[0.0,1.0,0.5]",233081,11.976930073111388,7.777259627753655,0.1307852809949022,0.3804763222530536,68064.03800929665,6.779302722195502,3.3026054951067185,0.863120978150582,-1.0,0.619,1.0493222680764507,0.3921524410897547,0.02632838743187049,0.0,0.0
"[6.25723, -0.553663, 0.000210823]","[0.0, 5937214.0, 7060846.0]","[0.0,0.5,1.0]",212803,9.38333533367886,6.89015310506724,0.0004076950794487,0.1890676798627643,115185.67706127232,10.739961481831063,2.2465004703942,0.5747944398356327,0.68,0.68,1.437817012118635,0.4276961188205277,0.008345868795470585,0.0,0.0
"[2.6873, -0.931713, 0.0701941]","[0.0, 363201.4, 378114.4]","[0.0,0.5,1.0]",134154,10.608023405119416,6.7463667354405,0.1254921872157747,0.012844276462952,45914.404360345485,4.835217317283244,6.648349403497877,1.416773535941065,-1.0,0.765,2.7212406755120457,0.0,0.0,0.0,0.0
[3.17101],[0.0],[0.0],148362,8.941518395764705,6.908444179992319,0.2802123316865714,0.1302453744348152,71489.63847964589,7.073883431928274,4.349679773407683,0.4626176349041522,-1.0,0.833,0.8237984866100161,0.0,0.0,0.0,0.0
"[-0.790025, 2.12229, 0.00181158]","[985559.6, 0.0, 1167177.0]","[0.5,0.0,1.0]",204501,4.1944847997741785,4.042630376042852,0.8316480445205178,0.0777261685917845,46322.13874693622,4.871763998398668,21.66098775019855,0.8003281911656822,-1.0,1.128,1.3662252925625857,0.0,0.0,0.0,0.0
"[2.28482, -1.97138, 0.00674382]","[0.0, 2962570.0, 3468411.0]","[0.0,0.5,1.0]",378052,10.36184222984877,7.029085738271487,0.147610650831161,0.0397001580799796,71005.5852685948,7.032338977561601,3.837766779909024,0.3263314689456714,-1.0,1.55,0.49327028242173204,0.45818844124865654,0.026798589785600662,0.0,0.0
"[3.01176, -0.0253112]","[0.0, 52583540.0]","[0.0,0.5]",325153,8.152843485612866,6.688933807985872,0.0936565655618704,0.0049753943404136,85193.74106460766,8.240127667757879,3.8495462107962974,0.5682114530530133,-1.0,1.706,0.9860981947986349,0.09039956714935014,0.0,0.0,0.0
[3.73873],[0.0],[0.0],320447,9.801503079931589,7.181387110722494,0.4847594953603705,0.0652833401816605,53533.637919229375,5.512828152701122,5.588093622128936,0.7474324465446528,-1.0,1.749,1.4452201175770993,0.0,0.0,0.0,0.0
"[3.19868, -0.776433, 1.91391e-05]","[0.0, 5781199.0, 9378305.0]","[0.0,0.5,1.0]",148743,9.19678781291647,6.921869509722121,0.2592604169076284,0.0420658135771022,39761.17217451474,4.27917588721521,8.616879446375295,1.8660278517025508,-1.0,1.994,3.3373635551928778,1.6442585709003497,0.0081635466227235,0.0,0.0
"[1.88512, -0.284602, 0.00384589]","[0.0, 5943523.0, 6194998.0]","[0.0,0.5,1.0]",259439,35.08988366331864,21.36272500012857,0.0025410315660251,0.2925442788488371,59146.221574503164,6.005590207211223,0.6934658319230077,2.607389480891676,-1.0,0.491,3.579937211549291,1.3909928029796508,0.16169788459373474,0.0,0.0
"[1.32741, 0.00264456, -0.210987]","[0.0, 7415542.0, 7210906.0]","[0.0,1.0,0.5]",154525,9.384129611020944,8.935266548404721,0.4067561339440159,0.2498065489285934,189921.6222642752,16.777510601241943,0.9023897516607954,0.3359648202963176,-1.0,0.638,0.38707609073724175,0.15431980015508479,0.01727708683842156,0.0,0.0
"[4.8503, -0.0477687]","[0.0, 126477300.0]","[0.0,0.5]",398318,10.724496867269664,10.41534011817226,0.6033244742695661,0.2352986585633794,78332.23289533547,7.65848866658673,2.356623460231335,1.30902034238297,0.737,0.737,2.8829074223122926,0.2861001640186267,0.0,0.0,0.0
"[1.5961, 0.000955957, -0.168516]","[0.0, 7599214.0, 7220350.0]","[0.0,1.0,0.5]",245617,9.274496057800787,8.916953592005092,0.0675291077015003,0.2532460836236782,42350.7146768032,4.514258616879289,6.422152018309689,1.5730081844177015,-1.0,0.803,1.9872890111088428,0.6475598362293132,0.0,0.0,0.0
"[2.69233, -0.296382, 0.00366508]","[0.0, 2164906.0, 2248171.0]","[0.0,0.5,1.0]",34554,10.007378142144214,7.417859251780847,0.4664983113781156,0.3258404885844662,25691.06766049409,2.966185996836108,12.214688536494302,0.4768720320914218,0.842,0.842,0.7824669406973848,0.2612140632044913,0.0,0.0,0.0
"[-4.07466, 2.62888, -0.717699, 3.82447, 7.23787e-05]","[350512.1, 0.0, 1858538.0, 275687.3, 3968611.0]","[0.5,0.0,0.5,0.0,1.0]",132073,29.41978024997794,25.47302399852273,0.2280425831015133,0.1621262334584148,53458.191659193726,5.506169957975422,0.7773555915608781,2.2538496879571106,-1.0,1.079,3.6543515997783613,4.407685291224155,4.54957299092441,1.9093964887513926,0.019174777723697797
"[4.73179, -0.179994, 5.36138e-06]","[0.0, 22028770.0, 27214950.0]","[0.0,0.5,1.0]",205253,12.884075803740352,12.681697271698429,0.3957086504842751,0.111169354489342,42555.79250548488,4.532806216484999,3.620679482388255,1.968583375067796,-1.0,1.116,4.282196026623443,0.8351852722023833,0.004558186684079153,0.0,0.0
"[-0.646547, 3.05678, 0.000267001]","[3369130.0, 0.0, 4287068.0]","[0.5,0.0,1.0]",20955,6.976825543698631,3.780869390713144,0.0826061314540831,0.0034172899467533,80944.54189531907,7.880439877515079,7.637940352100041,0.1503376587097372,-1.0,1.321,0.26284509322245114,0.12088372463969589,0.0024565421847874943,0.0,0.0
"[2.66129, -0.34761]","[0.0, 18361960.0]","[0.0,0.5]",236389,10.951898715196563,5.408201275581069,0.2862059496994419,0.4131723474273112,168282.9107483795,15.05000159547538,1.4587183398113843,0.463924171453612,-1.0,1.724,0.7568208738640051,0.2735225468376041,0.0,0.0,0.0
"[1.6623, 0.00014189, -0.187659]","[0.0, 3173925.0, 2839194.0]","[0.0,1.0,0.5]",29315,9.77625930683807,6.992519361151772,0.6797693209641889,0.305221506068817,91107.1954075318,8.738124809071756,2.930524683438074,0.8839470367423065,-1.0,2.325,1.1396748033046085,0.3829225506833866,0.010529363978640278,0.0,0.0
[3.24746],[0.0],[0.0],142787,5.506668424400381,5.423645928258269,0.230725633526297,0.7769450162586814,91497.04898922234,8.770857028238785,5.783442028408559,0.432396933382177,-1.0,0.368,0.779209987448951,0.0,0.0,0.0,0.0
"[3.96106, -1.1097, 0.00428061]","[0.0, 3768912.0, 4398360.0]","[0.0,0.5,1.0]",288874,9.883531162557512,8.787520528374515,0.1293447352562755,0.4696025171817377,60070.95084953465,6.086319060815637,4.0608797042164095,0.8108975271556751,0.382,0.382,1.6138816605607698,0.8542180992331615,0.05305408231691216,0.0,0.0
"[4.3829, 0.00429374, -0.202458]","[0.0, 3538832.0, 3441271.0]","[0.0,1.0,0.5]",403231,10.455870481676776,6.909304746415721,0.2014939706277013,0.4126303695087986,25419.04553858668,2.9400406768571115,12.675765444879916,2.224294355870351,0.488,0.488,4.656644036087026,1.0113857875516203,0.0,0.0,0.0
[3.12431],[0.0],[0.0],392858,11.40878803973239,5.974227030162413,0.2337527991877555,0.2722123003132764,68714.85262952917,6.835373400050109,4.273638946055497,0.5659313612431948,-1.0,0.496,1.0003243039583,0.0,0.0,0.0,0.0
"[2.34889, -0.66928, 4.7862e-05]","[0.0, 3373130.0, 5034842.0]","[0.0,0.5,1.0]",188388,9.230256948349952,8.989109854244127,0.5063299242533791,0.0815340932497919,53223.70339901698,5.485469844334283,4.887143191665401,1.1107269283238916,-1.0,0.631,1.7023099611941028,0.9086805340332023,0.007684271876495508,0.0,0.0
"[-0.368637, 4.00162, 2.03192, -1.81089, 0.00503306]","[2270990.0, 972533.1, 0.0, 1076409.0, 2698629.0]","[0.5,0.0,0.0,0.5,1.0]",380863,8.92573114835891,7.745278636807975,0.301874383064254,0.3797221053436452,16181.625588550429,2.025638564494109,20.29184640837889,3.357117914579051,-1.0,0.853,9.623926730307382,0.0,0.0,0.0,0.0
"[3.31974, 0.000428764, -0.0306208]","[0.0, 89351860.0, 88854880.0]","[0.0,1.0,0.5]",81526,8.897983076417878,5.829564378766777,0.2395928158536608,0.3145860430319879,59705.41354770612,6.054422279534857,6.329803580866894,0.9278124236350034,1.086,1.086,1.690488494171595,0.16348877382627303,0.0,0.0,0.0
"[-0.787114, 2.3844, 8.93694e-05]","[18277370.0, 0.0, 22524350.0]","[0.5,0.0,1.0]",313122,32.641538721184936,19.284817052547133,0.0783060981649094,0.0618929742505998,31564.226009989223,3.5227411068988395,1.6653944434026209,5.883997456967765,-1.0,1.115,9.085776154512022,5.220249913797044,0.05562459955219694,0.0,0.0
"[2.55817, -0.627567, 6.87162e-05]","[0.0, 3743019.0, 5507230.0]","[0.0,0.5,1.0]",285688,11.07747164661217,9.1233152273617,0.4283818607829099,0.2933587887514304,107787.92113131868,10.128886964472626,1.6884443023546454,0.397112854314852,-1.0,1.237,0.6351534273906296,0.3145893343216485,0.003291876341419026,0.0,0.0
"[2.51492, -0.329807, 0.000390087]","[0.0, 4669728.0, 5498620.0]","[0.0,0.5,1.0]",258145,7.8282833454071055,6.258486455400107,0.2911561362417992,0.1569294135204952,56074.06787899137,5.736479368603863,7.130552295301009,0.6910585627447275,-1.0,1.544,1.0959151732498242,0.3968668162031921,0.013648835238738388,0.0,0.0
[5.50419],[0.0],[0.0],321640,9.704435205450132,8.684414534832193,0.814966064934632,0.3746576060828871,192827.79954355035,17.00851792755536,0.8798074064986166,0.1815473198546883,-1.0,0.506,0.425928352442373,0.0,0.0,0.0,0.0
"[1.91994, -0.476783, 0.0145173]","[0.0, 5261943.0, 5382677.0]","[0.0,0.5,1.0]",298252,8.815004480690147,7.093577915174969,0.2798319231131008,0.5058357786803427,77447.4155629196,7.583162421145098,3.885264457448958,0.8392381602263033,-1.0,0.65,1.1628643363489497,0.5882456681411906,0.0,0.0,0.0
"[3.32505, -0.171813]","[0.0, 34333510.0]","[0.0,0.5]",319920,10.038698872656813,9.820941552790387,0.1084198288505431,0.2821428330575614,101528.5749352343,9.60923959645677,1.863787241338985,0.6896900915349453,-1.0,0.712,1.257630545101797,0.2858788308063281,0.0,0.0,0.0
"[-0.718804, 3.25442, 0.000218726]","[3126458.0, 0.0, 4213098.0]","[0.5,0.0,1.0]",380843,10.163351712800296,7.701599641330834,0.356043681171606,0.3451113751975169,42278.8526988674,4.507756553419568,6.757743176234895,1.435583139929237,0.825,0.825,2.589793575987442,1.217120540472952,0.021231396188154894,0.0,0.0
"[1.85485, -2.9328, 0.00255036]","[0.0, 510534.2, 650852.2]","[0.0,0.5,1.0]",257546,9.77808452783551,6.628518907377159,0.4090134066986656,0.2286232121868186,52004.42196083852,5.377682312198493,6.212618135268718,0.731317611656922,-1.0,0.923,1.6006002183274233,0.0,0.0,0.0,0.0
"[1.74411, -0.506538, 0.000145815]","[0.0, 7375255.0, 8520984.0]","[0.0,0.5,1.0]",285878,11.167231137987308,5.333407598596749,0.2350033488214339,0.4043877576895514,24585.77520482006,2.859720722334844,15.643491562762518,1.5116576881052433,1.888,1.888,1.996367050094664,1.0760240371792265,0.0,0.0,0.0
"[2.53601, -0.621749, 0.0460374]","[0.0, 1631318.0, 1667536.0]","[0.0,0.5,1.0]",158478,29.880115192779616,22.04206316290437,0.305327136146609,0.1871518339998506,36600.16834000188,3.989850977490396,1.351182533122142,3.346112164999426,-1.0,0.314,5.328635032999195,2.734382587970378,0.0,0.0,0.0
"[2.39923, -0.270836, 0.00604725]","[0.0, 2643905.0, 2767479.0]","[0.0,0.5,1.0]",548,10.388864973005369,6.8193726150085245,0.0219273734618055,0.1595161388348509,65293.25988537491,6.540014635438263,4.368739510467596,0.7032716607012145,-1.0,0.317,1.0893289833181397,0.37005941612109,0.0,0.0,0.0
[5.50097],[0.0],[0.0],395044,10.678921152235084,8.420878829784131,0.0047780238984776,0.3198703434769321,11786.465468632769,1.5643326064277898,21.505245630145552,7.076595353198219,-1.0,0.404,16.597550593889615,0.0,0.0,0.0,0.0
[8.84457],[0.0],[0.0],285531,9.294566092390596,8.91290527235198,0.8130521286375769,0.3512220312423785,32708.47233705944,3.629608761394257,8.582974833829974,1.0478347383231357,0.423,0.423,3.1162418381322774,0.0,0.0,0.0,0.0
"[3.20679, -2.30415, -1.38021, 2.43461, 0.000148726]","[419259.5, 650710.0, 965472.5, 0.0, 2558168.0]","[0.0,0.5,0.5,0.0,1.0]",1318,10.089727073698969,6.239944921787685,0.0035449278302654,0.257500877720681,80950.21073041884,7.880920826098057,3.677442054875659,0.559191761563111,-1.0,1.175,0.8725201496704339,1.467934292214236,0.006819526373365633,0.0,0.0
"[2.02522, -0.388839, 5.41183e-06]","[0.0, 2114811.0, 3270376.0]","[0.0,0.5,1.0]",207640,9.301035393816656,5.907935874593254,0.495028323683223,0.4395816202185451,79044.83131917901,7.719098028102627,4.242844671490058,0.2090633290891538,-1.0,1.471,0.2975184929942188,0.1303655287762104,0.00048635113602532706,0.0,0.0
"[1.83262, -0.4008, 0.0401819]","[0.0, 3828506.0, 3874051.0]","[0.0,0.5,1.0]",271613,9.548174586528956,8.92751075830436,0.1201001305654403,0.4295255231456443,76671.95455864354,7.517082363190347,3.034647354287761,0.5866396933158429,-1.0,0.541,0.7941593545037982,0.3895667005600652,0.0,0.0,0.0
"[-4.0834, 4.85813, 2.72977, -0.6159, 6.46084e-05]","[5006457.0, 4493694.0, 0.0, 12948690.0, 18346060.0]","[0.5,0.0,0.0,0.5,1.0]",167305,10.432536520025586,8.862769530235655,0.4378000747455552,0.7867074567802519,73898.5932340534,7.280253273778184,2.9750573538170824,0.2924954564110563,-1.0,0.707,0.48326144982966646,0.6446940918028686,0.5910579816388654,0.22954837687468616,0.002351059483453539
"[-0.917469, 4.39614, 0.000208885]","[12124750.0, 0.0, 15425470.0]","[0.5,0.0,1.0]",292968,9.573827283891257,8.068976734567691,0.1618301286267747,0.8555152377608883,27671.500634793243,3.155487197603156,10.90499390979604,1.7592304018108107,-1.0,0.866,3.6885738148615363,1.6850718404467353,0.025425900834704338,0.0,0.0
"[1.63098, -0.576126, 3.1384e-05]","[0.0, 4715849.0, 7830239.0]","[0.0,0.5,1.0]",397666,9.888662343377293,4.868665503086452,0.3812411985720396,0.1377248797101978,47201.62428213435,4.950477881613501,9.062448209972256,1.4970470608612307,-1.0,0.877,1.9118762166705725,1.1363030971924957,0.008386670885277728,0.0,0.0
"[1.79329, -0.614181, 0.000959478]","[0.0, 1101038.0, 1302477.0]","[0.0,0.5,1.0]",252874,7.751487404919973,7.487933133490913,0.2460186752813228,0.2601651444457997,15064.82948775996,1.9105509644865848,25.022305624922183,4.638388214000542,-1.0,1.061,7.19836976546126,0.0,0.0,0.0,0.0
"[3.3602, -0.46525, 7.41457e-05]","[0.0, 3181200.0, 4866337.0]","[0.0,0.5,1.0]",354026,10.682355214064136,10.157167549859391,0.1126862814423626,0.4766473603147725,47040.05113733743,4.93602917484063,4.529738212035153,1.1641009068818808,-1.0,1.291,2.1338957149071485,0.7940243454597893,0.01002382814892028,0.0,0.0
"[1.6384, -0.197693, 0.0690172]","[0.0, 10205820.0, 10210940.0]","[0.0,0.5,1.0]",94386,9.947966070194294,7.452599468514824,0.3986506117213539,0.6161418125336806,39377.84518539924,4.2442338741436485,7.674542268827179,1.5404604408134253,-1.0,1.376,1.9717893642411843,0.7955552802849839,0.0,0.0,0.0
"[1.87742, -0.756179, 1.28703e-05]","[0.0, 8268830.0, 11470110.0]","[0.0,0.5,1.0]",283620,10.1582209456223,9.67347603446832,0.3609402502873875,0.6161566144696955,49024.360231137456,5.1131214061113575,4.684445958718065,1.1093270704013547,-1.0,1.421,1.5199886010949988,0.9646547722947232,0.00397973309019672,0.0,0.0
"[1.75297, -0.648031, 0.131213]","[0.0, 1238014.0, 1242183.0]","[0.0,0.5,1.0]",254390,9.89249395075959,4.094713447081344,0.4410180126541173,0.2658400616403998,23893.822165413145,2.7927497967006256,22.413046765212577,1.307112712668676,-1.0,0.721,2.079999551438831,0.0,0.0,0.0,0.0
"[-7.83421, 5.49793, 6.1979, -3.59988, 0.000208913]","[129827.8, 0.0, 48621.88, 399329.8, 2142374.0]","[0.5,0.0,0.0,0.5,1.0]",136299,8.516929866488704,7.416100955652209,0.108601750105375,0.2851185255384518,20468.564844040684,2.457193156999264,17.517745400408117,1.251806467125833,-1.0,0.738,6.0203848781177465,0.01809338913574086,0.0,0.0,0.0
[3.16768],[0.0],[0.0],385892,10.080577382277154,9.78799198515081,0.2377412430338169,0.0457338784787029,89540.98323352629,8.606504488764257,2.1977471534484625,0.593285303119006,1.224,1.224,1.0559278424482628,0.0,0.0,0.0,0.0
[3.05421],[0.0],[0.0],23727,9.938367092246905,7.884801412786271,0.3321245402319762,0.491991491877832,60339.92143575321,6.109777291969959,4.407300935261681,0.7871338438064843,-1.0,1.623,1.375618580525411,0.0,0.0,0.0,0.0
"[-0.344592, 1.88172, 0.0329522]","[4395143.0, 0.0, 4453384.0]","[0.5,0.0,1.0]",286355,10.32306795424829,10.187038643774256,0.014161597921967,0.051266847039612,48004.56831959276,5.022205582296333,4.538546551167408,0.990972261624666,-1.0,0.161,1.3593741238459567,0.6088991947355232,0.0,0.0,0.0
[3.04741],[0.0],[0.0],399910,10.285428607996112,10.236296823117568,0.0040289089793453,0.3903553490353111,68806.56053128645,6.8432703264319645,2.919135426087196,1.2757426111474828,-1.0,0.378,2.2270425041820436,0.0,0.0,0.0,0.0
"[2.05671, -0.246922, 0.00195094]","[0.0, 56509650.0, 58334940.0]","[0.0,0.5,1.0]",329958,8.724142632115697,8.336176090527026,0.1237293837788402,0.0160452991465278,47838.78329623061,5.007406105223272,6.1973298762565765,1.6929156158941678,-1.0,0.46,2.42784994240365,0.8412308753552318,0.07477514564636654,0.0,0.0
"[2.3473, -2.37609, 0.0184072]","[0.0, 4449703.0, 4982410.0]","[0.0,0.5,1.0]",146478,9.834874678293874,9.51879471722223,0.4793125933404548,0.3523783360166748,21230.828380090326,2.5324943223686174,12.16591330893936,4.636239687737832,-1.0,0.542,7.10313681406119,7.174192855264587,0.0,0.0,0.0
"[2.44221, -0.56924, 0.00608428]","[0.0, 1751530.0, 1866561.0]","[0.0,0.5,1.0]",358821,10.075967954758225,8.497576039382869,0.3083399884256723,0.0755731295917737,16528.47364306705,2.061132295619849,16.65800982130019,1.9967051935573576,-1.0,0.553,3.1203653752486793,1.5145035612367677,0.0,0.0,0.0
[3.61895],[0.0],[0.0],92358,10.347619167951562,8.882863260447039,0.2385550959045446,0.1079608122029946,38283.74746534255,4.144287782722937,6.608528133235523,2.0099936323748393,-1.0,0.715,3.8237190348920893,0.0,0.0,0.0,0.0
"[3.41531, -0.249292, 0.00121632]","[0.0, 171875200.0, 172904700.0]","[0.0,0.5,1.0]",207373,10.3048044745212,9.6576217012872,0.421180141425279,0.351729822287571,68957.13509073373,6.856234337830098,3.0515041878655413,0.3735310031573334,-1.0,1.067,0.6903061126189278,0.18650085412518783,0.013027184925381479,0.0,0.0
"[1.36435, 1.04787e-05, -0.170675]","[0.0, 12802220.0, 10514570.0]","[0.0,1.0,0.5]",58836,28.21955221540367,25.80610111993925,0.1876055476752768,0.4918069607628624,18419.74656697172,2.252779607955804,2.5266589353467,3.384273242457271,-1.0,1.205,3.9530136851108892,1.3981390830905631,0.010955170061726239,0.0,0.0
"[1.85884, -0.541048, 0.00369561]","[0.0, 13176730.0, 13691570.0]","[0.0,0.5,1.0]",110751,30.44538696154904,9.846093754383231,0.0228049852323435,0.0407627634810784,126059.7626075664,11.632733166880463,0.5800965235785052,0.3954957994456472,-1.0,1.598,0.5392161359691141,0.2909107521640189,0.02404279436737058,0.0,0.0
[6.45592],[0.0],[0.0],61285,35.070172315712,32.23276417714598,0.5942651586046072,0.1291386682659255,110986.0658279142,10.39345505923435,0.2168005291954546,1.5804466542464843,0.381,0.381,4.015678278754201,0.0,0.0,0.0,0.0
"[1.892, -0.242406, 0.00331305]","[0.0, 9130596.0, 9362226.0]","[0.0,0.5,1.0]",348590,10.17840858984858,8.745249677056776,0.1849834802747013,0.4415452532421278,172189.05162936065,15.362876915027982,0.9866437201157268,0.4020299784653698,-1.0,0.466,0.5529921988442206,0.19793843001699532,0.023140483758595874,0.0,0.0
"[-0.615297, 2.341, 0.00216236]","[13922550.0, 0.0, 14687780.0]","[0.5,0.0,1.0]",249764,9.247903248717584,9.00860330340406,0.0662886196725666,0.1770490433606381,60136.02761980004,6.091995906344363,4.196313068945288,0.333361896736659,-1.0,0.521,0.5100545960703766,0.2614919702137178,0.01550172249225763,0.0,0.0
"[2.52293, -0.635037, 3.38552e-05]","[0.0, 36925700.0, 46048950.0]","[0.0,0.5,1.0]",331224,10.573591534899617,7.763575207798485,0.45704551087716,0.0337193648412265,30311.79023947293,3.405227710534143,9.431686793258107,2.9337038896390215,-1.0,0.945,4.659817168375802,2.337845418340941,0.017069821060874558,0.0,0.0
"[1.52645, -0.57156, 0.000719981]","[0.0, 5538511.0, 6238661.0]","[0.0,0.5,1.0]",157726,33.38654282515,18.186294469443528,0.7432399484842587,0.7736072789471881,81596.63177395723,7.935743955946211,0.5537541610279828,0.4215703663613457,-1.0,1.085,0.5208484389128101,0.3187138884920471,0.011311770702317394,0.0,0.0
"[2.76762, -0.944824, 6.09313e-07]","[0.0, 10236130.0, 20695180.0]","[0.0,0.5,1.0]",235627,10.6073407796771,7.039199929976556,0.1829571693236756,0.3011136711582163,42483.29200814827,4.526250430973831,7.015887653690473,0.8591048004070296,-1.0,1.462,1.4292209575744466,0.8350675428620415,0.0006706043524190421,0.0,0.0
"[2.48576, -0.610659, 0.000206973]","[0.0, 4201565.0, 4836529.0]","[0.0,0.5,1.0]",251490,9.323284258260491,7.058215938216295,0.1908530323904715,0.0800594369279208,32762.364418586218,3.6346303626380223,10.412117084963608,1.084374446709375,1.637,1.637,1.7096565421789922,0.8475244620072695,0.0,0.0,0.0
"[1.87927, -0.233572, 0.00510338]","[0.0, 7000671.0, 7145634.0]","[0.0,0.5,1.0]",402280,8.822755528222379,8.673109667894996,0.4757385416281367,0.6511970554628294,41604.95162355938,4.446725146538967,6.993326649811713,1.5388457708977223,0.384,0.384,2.1095493316399616,0.7517940888885013,0.0,0.0,0.0
[5.09945],[0.0],[0.0],349657,9.462288105097738,8.197975307381242,0.0778472131641516,0.1540208507479363,96081.05997075314,9.15486528522024,2.450282728029704,0.8836286164336189,-1.0,0.39,1.9954067686407995,0.0,0.0,0.0,0.0
"[2.75536, -2.59195, -1.0735, 3.3335, 0.000418562]","[0.0, 364419.2, 977031.9, 240189.5, 2131648.0]","[0.0,0.5,0.5,0.0,1.0]",353711,17.041471452811024,16.907048374391895,0.0543870040675305,0.1102372694017558,43277.55918899532,4.5980073065388805,2.213195692938755,2.7904479542578366,-1.0,0.579,4.631941880546393,6.792577397315933,2.891178802781012,0.05708918268276133,0.0
[3.56796],[0.0],[0.0],164093,11.386040054454272,11.033008483832935,0.7453537007724421,0.1494147963964611,49844.12054164408,5.186060337330019,3.742475825074018,1.3263435479086376,-1.0,0.657,2.5053362224198836,0.0,0.0,0.0,0.0
"[-0.839486, 2.68384, 6.26385e-06]","[5993188.0, 0.0, 10690210.0]","[0.5,0.0,1.0]",180239,8.718107283207596,8.324561074918694,0.0665307641006063,0.2731895527267111,45502.48482103882,4.798260447103172,6.585816656496251,0.9777622033710112,-1.0,0.92,1.601812047423434,0.8958596454792714,0.002447112410936748,0.0,0.0
[3.40354],[0.0],[0.0],233884,9.07338639188636,8.635943769463346,0.0445258254327612,0.1469389685713873,162891.97271681958,14.617391309504306,1.1849068308828024,0.3465791401598524,-1.0,1.212,0.6393929588874118,0.0,0.0,0.0,0.0
"[1.69781, -0.385094, 0.0234936]","[0.0, 1277836.0, 1295977.0]","[0.0,0.5,1.0]",206031,37.38116136021036,35.105456678902044,0.3986476473819236,0.1341856428834867,55939.04142548042,5.724618345321663,0.460952297460002,3.389830555782269,-1.0,1.426,4.41695051496329,2.1668087528124578,0.0,0.0,0.0
"[6.52632, -1.37926, 2.1454e-05]","[0.0, 5390945.0, 8688194.0]","[0.0,0.5,1.0]",33737,8.736915769762913,3.72285605355347,0.2974539878160953,0.1602186428920201,49979.20849029638,5.198067691874716,11.845461029939896,0.7250336980179215,1.838,1.838,1.8522191682630516,0.8514933544321501,0.0033582446400482998,0.0,0.0
"[1.56656, -0.304886, 6.91226e-06]","[0.0, 20701040.0, 24617410.0]","[0.0,0.5,1.0]",325292,8.260721498018889,4.551726868536929,0.4278271920529354,0.2503514133622168,83615.84972181357,8.10674941102726,5.446544812124344,0.44964520355771,-1.0,1.866,0.5627862545196087,0.24827826759084898,0.0011821701736164242,0.0,0.0
"[1.5887, 0.170836, -0.240993]","[0.0, 9749212.0, 9749091.0]","[0.0,1.0,0.5]",104270,10.554564733657587,10.229077255306692,0.0160098124680441,0.1545968966667373,31807.717288093805,3.5455205942803074,7.096342555095914,2.2858673153663496,-1.0,0.424,2.88119044381019,1.4669303046160764,0.0,0.0,0.0
"[1.98093, -0.218878, 0.00121898]","[0.0, 5673384.0, 6164554.0]","[0.0,0.5,1.0]",273097,10.33154448791719,10.294274062451503,0.2357843012494133,0.277712721685619,139019.86001874783,12.689273441342868,1.1440691646087864,0.1092434266667791,-1.0,0.889,0.15375522349446502,0.051108880732248084,0.0038141134278469784,0.0,0.0
"[-0.63729, 1.77046, 0.00195879]","[4693458.0, 0.0, 5113876.0]","[0.5,0.0,1.0]",87961,9.924711586708982,5.195827410988706,0.2351112371063134,0.0790185307434458,68905.63971057741,6.851801006444131,5.373342560534773,0.4736655690332848,-1.0,1.058,0.630252934425449,0.3787100009851051,0.0,0.0,0.0
"[2.90241, -0.589482, 4.2523e-05]","[0.0, 927698.4, 1509258.0]","[0.0,0.5,1.0]",391978,9.93422557447343,7.657274625678569,0.6739561328952253,0.089758069336103,31376.781060937563,3.5051900007442813,9.669730932647408,2.6311948246125225,-1.0,1.074,4.48262477500076,2.0202445508360443,0.0,0.0,0.0
[3.91308],[0.0],[0.0],380394,10.458337888667993,10.151965163940808,0.4196125041860912,0.2028152890655918,141214.5497371883,12.867458535308693,1.121323012064397,0.2621855826011208,2.181,2.181,0.5186425810343344,0.0,0.0,0.0,0.0
"[-1.50317, 3.49288, 0.0727554]","[5156731.0, 0.0, 5338855.0]","[0.5,0.0,1.0]",265550,9.260808370670777,8.338542261086559,0.0291208605703979,0.3812859664358664,22145.338230868787,2.6223444915977283,13.703151397162443,4.1684047173478085,0.182,0.182,7.790435055224218,5.232843018022511,0.0,0.0,0.0
"[1.62269, -0.455715, 6.07968e-05]","[0.0, 7353746.0, 9306377.0]","[0.0,0.5,1.0]",62401,9.978002544663044,7.409080081709892,0.4177324402046211,0.2474765494353707,195495.53700490497,17.220377172733848,0.9654184448912512,0.0450126162401746,-1.0,0.497,0.05733925366179774,0.030386516655025484,0.0003509737342163306,0.0,0.0
"[1.72818, -0.690286, 2.17841e-05]","[0.0, 2599279.0, 4398798.0]","[0.0,0.5,1.0]",172839,9.729377250586396,6.986464373271326,0.3640297761131408,0.5266445979971992,96358.17403348464,9.17802966321372,2.735085624812922,0.5675746764722763,-1.0,0.608,0.7461351462639163,0.4715606340195552,0.002649066259913152,0.0,0.0
"[1.53645, -0.304136, 0.000243586]","[0.0, 2836903.0, 3303914.0]","[0.0,0.5,1.0]",317606,9.193129241695203,5.097211622252703,0.0379587557657802,0.1794505142016546,23493.09522464273,2.7538485849298846,19.8518249722618,0.61822389106211,-1.0,0.718,0.7663108948931945,0.3410778723795964,0.0,0.0,0.0
"[3.4953, -2.85218, 2.91181]","[158997100.0, 322209100.0, 0.0]","[0.0,0.5,0.0]",177825,8.80631932452155,7.751785298544122,0.411596687803401,0.2012271333093013,100129.38994145893,9.492730059154315,2.58049724157496,0.5501568926200571,-1.0,0.791,0.9387891788495802,1.0285580010335886,0.9291268776650645,0.0,0.0
[3.04148],[0.0],[0.0],209154,9.223662860687336,7.612123156431836,0.0440193656746209,0.0794312314160033,22536.29340609471,2.6605994212420248,14.59234486090518,1.9777122893679524,-1.0,0.82,3.4490984802500275,0.0,0.0,0.0,0.0
"[2.13629, -0.420127, 1.60808e-05]","[0.0, 8905732.0, 12649160.0]","[0.0,0.5,1.0]",30279,10.208350250372034,7.4477441007240275,0.1140345689812074,0.0736360486286281,49296.72866450077,5.137369674964466,5.786166901609587,0.8100941644085549,-1.0,0.9,1.184037909514301,0.5250803912375754,0.003248548304982025,0.0,0.0
"[1.55658, -0.233421, 0.000131526]","[0.0, 8303391.0, 9312270.0]","[0.0,0.5,1.0]",71917,10.119045858110336,7.760812196493221,0.0807591710692159,0.6212154037627058,21977.74413896741,2.6059171263011964,13.648719403434852,2.3750072476217774,-1.0,1.015,2.963129705180237,1.1477762226618011,0.0,0.0,0.0
"[4.44972, -1.06469, 0.379465]","[0.0, 1322389.0, 1324763.0]","[0.0,0.5,1.0]",104690,8.698198159096199,7.732579542861384,0.1704058240945618,0.2127351799111716,18513.37713500444,2.262189935254449,18.308824599608148,4.0137182110883165,1.038,1.038,9.744225804820354,0.0,0.0,0.0,0.0
"[1.86553, -0.3484, 0.00260553]","[0.0, 3055839.0, 3307954.0]","[0.0,0.5,1.0]",119051,10.59247589156432,4.4499998565536805,0.0795431827918653,0.2269930988542469,47690.3727085561,4.994153300982947,9.202646484542486,0.8108598527581865,-1.0,1.762,1.1075081144991483,0.4803997553353252,0.0,0.0,0.0
"[-1.83968, 2.18517, 0.0209421]","[592710.0, 0.0, 643652.3]","[0.5,0.0,1.0]",291561,15.462519012300415,6.264404161212935,0.3235959406033307,0.3309437012748834,61378.96743991221,6.200301962642232,3.729337889906008,1.3853347573056882,-1.0,1.945,2.0478462412050225,1.8896606440650199,0.0,0.0,0.0
"[2.75194, -0.291836, 1.73803e-05]","[0.0, 13597330.0, 17373810.0]","[0.0,0.5,1.0]",139760,9.15833342460481,7.122853410286239,0.1312445889188971,0.3622221607512534,69682.60128241387,6.918657361432858,4.29255465595236,0.7530015336429848,-1.0,2.071,1.249152153874638,0.4067853396675832,0.003139239822860733,0.0,0.0
"[2.81489, -0.477649, 7.97061e-05]","[0.0, 1505287.0, 1945610.0]","[0.0,0.5,1.0]",365909,10.864742095489788,9.605978603409316,0.1318108879777292,0.1032460312884312,100040.49989529751,9.485323695539632,1.813665231147556,0.2381080068680609,-1.0,2.42,0.39948889729828907,0.16456157531248666,0.002125787160083046,0.0,0.0
"[1.45708, 1.72831e-05, -0.149249]","[0.0, 27579010.0, 23944900.0]","[0.0,1.0,0.5]",15532,9.551382696111316,6.536969490191742,0.5543580559722568,0.7459466559857175,32046.480679432272,3.5678373690070284,11.175156629116843,2.122739973849671,-1.0,2.693,2.5623502691895514,0.8200729996253164,0.00882485584122368,0.0,0.0
[4.48128],[0.0],[0.0],229853,10.151509137049215,9.66463658353611,0.3098296598930994,0.5281555675171463,43112.40128125557,4.583098280799456,5.456007933015129,1.4755640388089777,-1.0,0.143,3.123626528953712,0.0,0.0,0.0,0.0
"[3.39609, -0.736749, 0.00228216]","[0.0, 11076990.0, 12358190.0]","[0.0,0.5,1.0]",7533,8.726572790361896,6.883206968614768,0.5322285757966453,0.0217414857742628,59517.26838898056,6.03799751900425,5.594905072121778,0.8704665333436,-1.0,0.415,1.604137804996251,0.747156976632949,0.04158389093410382,0.0,0.0
[3.56329],[0.0],[0.0],325670,9.15910779426414,6.00962322846997,0.1379041739124509,0.436029361453311,65975.2908972563,6.599003785723794,5.3218801542387295,1.1930986385439029,-1.0,0.455,2.2521739696923904,0.0,0.0,0.0,0.0
[3.24041],[0.0],[0.0],87375,8.432929126770857,6.796374936137767,0.1170111543730651,0.325824506957646,25513.22248611117,2.949097015907222,15.235314522069144,3.008857589270503,1.034,1.034,5.416286325294445,0.0,0.0,0.0,0.0
"[2.58001, -1.97143, 0.0343298]","[0.0, 1581998.0, 1699525.0]","[0.0,0.5,1.0]",196360,10.368357647780533,9.20327326692454,0.2997576912440231,0.1425641844243272,39289.54420011949,4.2361791617521,6.216931453638436,0.8110873444668945,-1.0,1.055,1.3028017093714028,1.1487012310322569,0.0,0.0,0.0
"[1.79365, -0.218885, 5.37654e-05]","[0.0, 10467580.0, 12730910.0]","[0.0,0.5,1.0]",255396,9.266432402956124,7.475220929048875,0.2754255464708091,0.3058943532934345,23386.82906152375,2.743517721943461,14.222410887254968,0.8916393144616951,-1.0,1.187,1.1941477377329213,0.4171547659044653,0.006537935773205544,0.0,0.0
"[2.3047, -0.278743, 0.00289792]","[0.0, 4173043.0, 4456982.0]","[0.0,0.5,1.0]",239386,9.41248391346774,8.299857126795416,0.6440544305153089,0.1402640692870991,31480.492178843742,3.514902239690244,9.403295052413958,1.3905386286828478,-1.0,1.25,2.11100984558624,0.7379567933843565,0.0,0.0,0.0
"[1.66631, -0.225071, 0.00176287]","[0.0, 15024030.0, 15620650.0]","[0.0,0.5,1.0]",208199,32.978366012918904,21.250465262548087,0.0430750737585109,0.2846166544598958,46353.26984537975,4.874552691352868,0.98151744371814,3.200145975783548,-1.0,1.33,4.130928609564409,1.5182020011367814,0.13436307450365204,0.0,0.0
"[1.70371, -0.59669, 4.93329e-06]","[0.0, 9659114.0, 13431690.0]","[0.0,0.5,1.0]",310132,9.664073213144889,6.8743558749688845,0.0019437015549962,0.6768350219909532,78211.82384612119,7.648242479888699,3.658218341684689,0.8570532134249309,-1.0,1.509,1.1186793563273087,0.6620368556870343,0.001903601816493689,0.0,0.0
"[1.73369, -0.883468, 0.00013207]","[0.0, 20287870.0, 21664540.0]","[0.0,0.5,1.0]",334151,9.636307321575408,8.719905427958464,0.1696660707812889,0.2220643296364629,113247.6308755418,10.580180042741482,1.8408706829243808,0.2475010283933706,1.579,1.579,0.3258837685546925,0.2326335883089292,0.0028443242024242493,0.0,0.0
[3.39595],[0.0],[0.0],360507,9.558179088950135,8.468545507322533,0.4898679314055561,0.323312283261417,79970.20024063064,7.797732021914498,3.002944184832107,0.6426359223702226,1.662,1.662,1.184256131455021,0.0,0.0,0.0,0.0
"[-1.23344, 2.56804, 0.000172717]","[2452078.0, 0.0, 4370665.0]","[0.5,0.0,1.0]",150924,33.97036695478571,23.243901271311632,0.5078811904719726,0.4073856704971241,36433.818322312974,3.974548065580735,1.170073094974467,3.1844538694412696,-1.0,1.729,5.103120859310047,3.5366654205753836,0.04185067865659196,0.0,0.0
"[2.29596, -1.81029, 0.0360038]","[0.0, 6156090.0, 6516183.0]","[0.0,0.5,1.0]",262103,40.27521504407336,38.38824518473418,0.0122953234431012,0.1650417598994019,39982.47281924642,4.299331452980218,0.5979936943575311,3.944859483892066,0.318,0.318,5.977418962859956,5.307690792142386,0.7485239634090786,0.0,0.0
"[1.85823, -1.13122, 0.00408745]","[0.0, 2928290.0, 3275994.0]","[0.0,0.5,1.0]",168629,11.686834260309354,10.023210128898263,0.1736147483571282,0.2817071324435085,35789.00528281948,3.915151172831776,5.825482574896381,1.495281424150492,-1.0,0.398,2.038321435841388,1.5932344262934868,0.0,0.0,0.0
[3.53548],[0.0],[0.0],319864,30.40466285495317,17.304073553827845,0.0612904203410986,0.466290937681843,53189.214103817474,5.4824242444595175,1.0631434471361223,3.1444956443313465,0.482,0.482,5.912554948551427,0.0,0.0,0.0,0.0
"[1.69153, -0.17541, 0.00497181]","[0.0, 8957771.0, 9125646.0]","[0.0,0.5,1.0]",184989,9.49355634140863,8.124295102767435,0.4684844946043762,0.4064446045455677,61874.313896476095,6.243405118533611,4.32422805039791,0.7811174664938437,-1.0,0.629,1.015912260040188,0.33175136568416874,0.0,0.0,0.0
"[-0.440543, 1.57491, 0.00257028]","[15130390.0, 0.0, 15915670.0]","[0.5,0.0,1.0]",288774,8.987114698718317,8.037928753662134,0.5097886415260751,0.2359726270937174,27324.22127929933,3.12242125159542,11.678521980060244,1.100540039824167,-1.0,0.707,1.381127325909653,0.732593786098469,0.0,0.0,0.0
"[2.7289, -0.7161, 0.0160095]","[0.0, 2265273.0, 2447287.0]","[0.0,0.5,1.0]",208058,8.677623779705138,8.549509160034491,0.0992028749913732,0.3195802347700177,55306.29022075731,5.668996936858718,5.120806074481797,0.6886718722644686,-1.0,0.719,1.1376434112837404,0.5892510518686287,0.0,0.0,0.0
"[-3.43421, 6.34105, 8.15208, -8.48808, 0.000160734]","[841988.6, 0.0, 138555.6, 253245.7, 3597643.0]","[0.5,0.0,0.0,0.5,1.0]",287181,9.62198399961094,9.237487568292346,0.3184794826625613,0.8791318927291597,184698.1200219768,16.361730702634674,0.8941557494391007,0.2481011387824934,-1.0,0.742,0.6247544331951527,0.7083745897936143,0.7228255406992539,0.4597716428299571,0.003145448898794104
"[-1.56602, 1.86557, 0.00206075]","[678406.1, 0.0, 873973.2]","[0.5,0.0,1.0]",340305,10.713785211266533,8.922095783626746,0.3040507321633922,0.7995711251474074,18029.70836220198,2.213504286123742,14.017988454987997,4.659914383458725,-1.0,1.038,8.634873848726597,0.0,0.0,0.0,0.0
"[3.8405, -0.809788, 6.05154e-05]","[0.0, 8110022.0, 11348730.0]","[0.0,0.5,1.0]",73626,9.880688113393331,6.595141007180921,0.3610599369950274,0.0641207844064359,18882.178002501205,2.2991901807574324,18.562469587134995,2.2722742391410296,1.157,1.157,4.45301983509017,2.0447791743030854,0.01767639504893811,0.0,0.0
[3.07863],[0.0],[0.0],218137,11.204384298417834,5.3006533098754005,0.493485326864491,0.0085296512525614,212595.19179684416,18.57416222579577,1.0480765266299952,0.2246540049813289,1.986,1.986,0.3941784830640908,0.0,0.0,0.0,0.0
"[-0.628193, 2.44319, 0.000286307]","[428362.9, 0.0, 506692.2]","[0.5,0.0,1.0]",396291,8.92170676103803,8.282403504371095,0.2108817355296765,0.7046605183118209,42796.52164753629,4.55456597286565,6.970004377148201,1.4876853315722605,-1.0,2.06,2.607343858325099,0.0,0.0,0.0,0.0
"[2.50475, -1.69229, 1.93586]","[88854020.0, 130437100.0, 0.0]","[0.0,0.5,0.0]",194656,9.903783106655256,8.337003963207177,0.8818208346255157,0.5712057459515255,133440.75707658107,12.235381996984133,1.4963026742697794,0.4262951086544022,-1.0,0.694,0.5931264925917351,0.6746717756621133,0.5545589817593232,0.0,0.0
"[2.17319, -0.226105, 0.000397549]","[0.0, 5323623.0, 5892334.0]","[0.0,0.5,1.0]",227064,9.898860090380037,9.24986612836886,0.1830868928645078,0.1373689794091168,24589.06083649036,2.860038195688245,10.691784168375609,1.815539767030944,-1.0,0.81,2.67642214721917,0.8640568408496587,0.0,0.0,0.0
"[2.37329, -0.42715, 0.0133913]","[0.0, 6150686.0, 6308268.0]","[0.0,0.5,1.0]",119242,9.840242155659793,7.117638219102804,0.2889549875167492,0.0384221601792785,85677.3013488686,8.280959416314461,3.1105526806599992,0.832870639765675,-1.0,0.841,1.2830777010558765,0.5528036058165411,0.0,0.0,0.0
"[2.47505, -4.55621, 1.92973e-05]","[0.0, 1520823.0, 4099544.0]","[0.0,0.5,1.0]",78886,8.899542107583066,8.571019974415513,0.234579280835052,0.1025120809476208,62439.06349542562,6.2925064179557335,4.311393009919323,1.388980970760047,-1.0,0.934,2.1851853703547266,2.9648188442279446,0.006101611756143348,0.0,0.0
"[3.87165, -39.5876, 1.8257e-05]","[0.0, 16952920.0, 28093130.0]","[0.0,0.5,1.0]",150730,9.880341295453166,9.546657625318751,0.0193337802006775,0.3136048368628416,55531.47089779818,5.688798393743189,4.171657302291539,1.3734266124432897,-1.0,1.044,2.7024240876273744,8.641418633454228,0.00586840618442302,0.0,0.0
"[3.17827, -2.67102, 9.72153e-06]","[0.0, 9711827.0, 19758400.0]","[0.0,0.5,1.0]",189349,9.539030384858556,5.864102447724788,0.254636133607184,0.3627052244113116,56764.32472472162,5.79706884893435,6.338764945721347,1.3190576382291856,-1.0,1.049,2.351576802672064,2.1557695987154917,0.004112738375078921,0.0,0.0
"[1.77227, -0.289535]","[0.0, 8917534.0]","[0.0,0.5]",366531,9.86198017457653,9.564586065177794,0.384790128498276,0.0305831763216755,47332.57862423376,4.962184854394872,5.052847275195934,1.250456070693565,-1.0,1.098,1.6646900446188828,0.6728511119066918,0.0,0.0,0.0
[4.65384],[0.0],[0.0],70802,45.50376045999291,12.732710941074188,0.0928365538237527,0.0709504011889757,29070.21559033363,3.288142345268419,2.054431744899741,6.4411682671888295,-1.0,1.153,13.895378102657704,0.0,0.0,0.0,0.0
"[-1.03523, 1.6753, 0.0276983]","[612254.2, 0.0, 642587.5]","[0.5,0.0,1.0]",389641,8.742281082939456,5.98020409845616,0.4845633096189894,0.2419594066606579,93969.8665700803,8.978203525215754,3.5232424499012165,0.7615329420219278,-1.0,1.439,0.985677830843169,0.7851283864454011,0.0,0.0,0.0
"[1.42905, -0.149533, 0.000446621]","[0.0, 13907680.0, 14999220.0]","[0.0,0.5,1.0]",169791,31.43466191439227,20.90480367175893,0.3976916895449973,0.5143246539533026,49062.94664138738,5.116557550887495,0.9671339311791274,3.7901951527414006,-1.0,1.515,4.530908418049854,1.4656494017494404,0.08009974650832709,0.0,0.0
[3.86741],[0.0],[0.0],188639,31.73862597604636,18.69509986357395,0.073199078302901,0.7041235823030079,87268.07879858343,8.415144658166454,0.5155328001412042,1.978584042852069,-1.0,0.387,3.8910302766804206,0.0,0.0,0.0,0.0
"[1.58498, -0.86985, 3.74277e-05]","[0.0, 16968280.0, 20067570.0]","[0.0,0.5,1.0]",201284,9.415523195268834,6.031857013815986,0.4655862504601141,0.0861355217037001,61338.755902370685,6.196801252003005,5.681553812026076,0.7970730985976189,-1.0,0.553,1.00348305906712,0.7433961981966898,0.004876348340062308,0.0,0.0
"[2.14077, -1.79502, 0.269838]","[0.0, 132423.6, 133983.0]","[0.0,0.5,1.0]",213247,9.930754377919168,6.842554576884005,0.4692880364672885,0.3903075240912987,45011.870218333366,4.754196099634337,7.086114485006772,1.8205826815772144,-1.0,0.661,3.733583210242713,0.0,0.0,0.0,0.0
"[2.06487, -0.518534, 0.000799345]","[0.0, 16453360.0, 17320450.0]","[0.0,0.5,1.0]",17802,10.514677894263505,8.420621514142711,0.2771247498466406,0.0272435579506507,45410.0113388488,4.789958805035415,5.60447589519868,0.9157733632694954,0.857,0.857,1.3159347772111574,0.659442033846893,0.02589137641263025,0.0,0.0
[3.28248],[0.0],[0.0],193314,9.643232052246312,3.654820222753321,0.1901697269989476,0.0112471762432208,22147.234051501702,2.6225302557352435,27.34413541413372,0.9982575992622634,1.03,1.03,1.8086047590150414,0.0,0.0,0.0,0.0
"[2.14911, -0.583393, 0.0990528]","[0.0, 413207.7, 415277.3]","[0.0,0.5,1.0]",7696,10.199053477444137,6.88332241341058,0.6183661179221357,0.7381996161596024,19467.549858028728,2.357704510735972,16.935479989942138,2.3133582089267266,-1.0,1.21,3.892740450376171,0.0,0.0,0.0,0.0
"[1.86862, -0.690619, 0.0418605]","[0.0, 6544675.0, 6589554.0]","[0.0,0.5,1.0]",44862,9.685621305542636,6.218813618209364,0.4678879875528249,0.0111549821137036,44650.067504636536,4.721667653706857,7.928241410087213,1.1841455871749424,1.219,1.219,1.618697132225658,1.0134511927567826,0.0,0.0,0.0
"[2.20315, -0.848537, 2.95092e-05]","[0.0, 3575314.0, 5041771.0]","[0.0,0.5,1.0]",392622,10.552169552931977,9.133548839223335,0.6099732448825151,0.4340786751699161,136526.00629831583,12.486551880457313,1.274317804268208,0.3207100035248824,-1.0,1.8,0.4760302374314924,0.2954254452121288,0.0017421727821275242,0.0,0.0
"[1.80137, -0.264021, 0.00252383]","[0.0, 17264100.0, 17777400.0]","[0.0,0.5,1.0]",167627,9.227651296300657,8.237632656531908,0.3167815260999064,0.3393911624312647,59399.9357418063,6.027751756199475,4.600952932229079,0.2593219551324876,-1.0,0.409,0.34804928837078736,0.13324733235089914,0.013027747615350825,0.0,0.0
"[1.89095, -1.05088, 0.249816]","[0.0, 473165.5, 475764.1]","[0.0,0.5,1.0]",232257,9.178878936594382,7.673611433771744,0.0957994815771635,0.2061530394253272,93514.57744624946,8.940062216505792,2.7531313731590497,0.5613244240622549,-1.0,0.42,0.7718874185759671,0.6401796162010837,0.0,0.0,0.0
"[-3.44951, 3.45065, -2.83369, 5.44805, 0.000132885]","[6439577.0, 0.0, 6920204.0, 5051411.0, 17244210.0]","[0.5,0.0,0.5,0.0,1.0]",235036,10.135656960638066,6.9054750032016505,0.1580281744482339,0.3955564409380598,81345.52250357506,7.914451900887602,3.334313766863955,0.9198935653497844,-1.0,0.453,1.7087874135288765,2.1471289288099347,1.7085051219938197,1.5485090567838746,0.0106041426498957
"[3.48669, -0.288175, 0.0014536]","[0.0, 9337948.0, 10373620.0]","[0.0,0.5,1.0]",333637,9.440177717711917,5.815279875404036,0.006679417307327,0.1132915885868253,146919.05187434846,13.32968206747069,1.857406183579424,0.3352499387154982,-1.0,0.479,0.6260015019715672,0.17996864965033543,0.012781774881437715,0.0,0.0
"[1.99692, -0.291162, 0.137891]","[0.0, 8931254.0, 8933604.0]","[0.0,0.5,1.0]",186508,7.591773104271954,6.561284185349305,0.602252959137493,0.5663706748922358,14321.579335972156,1.8332246544178192,29.7527095583442,3.4949858684864994,-1.0,0.557,4.938849103696146,2.2892904446278832,0.0,0.0,0.0
"[-1.01193, 1.59166, 0.00472744]","[500623.4, 0.0, 557785.0]","[0.5,0.0,1.0]",54579,33.78982245827144,19.52915100107736,0.0076320834660924,0.207702519783685,33413.3981606723,3.695221238086397,1.5058258271671865,3.86092228976108,-1.0,0.897,4.870978488105068,3.892946022875445,0.0,0.0,0.0
"[1.39606, -0.484375, 0.0648605]","[0.0, 1635015.0, 1645319.0]","[0.0,0.5,1.0]",296158,9.651300906113567,7.91785036059554,0.1622193726739562,0.1236942393876502,19167.900572811726,2.327782872455493,15.940759193860552,2.08003172898739,-1.0,0.94,2.4576611350992263,1.541520341340894,0.0,0.0,0.0
"[2.89321, -0.789422, 0.0239257]","[0.0, 840871.1, 880092.0]","[0.0,0.5,1.0]",10045,10.47614353497208,8.849832477649452,0.0860239244952738,0.0494033454825056,34732.87804479125,3.8175957090374193,7.320997524057613,1.4532032413511686,-1.0,1.105,2.471817124355542,1.3105828462442222,0.0,0.0,0.0
"[1.61343, 6.64299e-05, -0.196092]","[0.0, 6832987.0, 6057700.0]","[0.0,1.0,0.5]",190353,7.5881885899966575,5.869724542366233,0.0174231773231708,0.0223509939507233,71938.77122011004,7.11240740101997,5.667140839935369,0.5493580694374475,-1.0,1.237,0.6977993686036321,0.24326825853761044,0.004477517660792177,0.0,0.0
[4.78582],[0.0],[0.0],250831,9.612631467241052,8.291140755292599,0.238971485694226,0.3772992553605273,121851.78405743236,11.287981066643962,1.743549312814244,0.3153120453189264,1.75,1.75,0.6897929348181174,0.0,0.0,0.0,0.0
"[2.45476, -0.35275]","[0.0, 19016240.0]","[0.0,0.5]",28028,9.85452600361499,8.592959522213173,0.3178328687701395,0.243634558148458,70899.89988112758,7.023264813364067,3.372812504395553,0.6909469566102763,-1.0,1.855,1.0825531478486674,0.41037247113261116,0.0,0.0,0.0
"[-4.82702, 3.74619]","[7412846.0, 0.0]","[0.5,0.0]",330111,10.224501194108807,9.725410420438326,0.2428818674771015,0.217385840746003,123088.46647452172,11.38939232626144,1.4290818538722383,0.6295700031100597,1.901,1.901,1.3831955284711601,1.2185375794773887,0.0,0.0,0.0
"[3.22409, -0.175646]","[0.0, 188257000.0]","[0.0,0.5]",44026,10.380517771887613,4.993908982988475,0.6759204473272372,0.7271337748680304,68102.2291884137,6.782594617859365,5.454766684027667,0.8988910564429962,2.252,2.252,1.6140264136452527,0.3767265179167312,0.0,0.0,0.0
"[-0.531982, 1.60677, 2.65219e-05]","[6940483.0, 0.0, 8705569.0]","[0.5,0.0,1.0]",102102,10.33298074588398,9.741303513626486,0.4976843278315628,0.2157048663442036,69672.72736490444,6.917808163194977,2.983590571745572,1.3597827842888972,-1.0,2.287,1.723639331513406,0.9917860772931911,0.007002802127992205,0.0,0.0
[6.41777],[0.0],[0.0],263021,36.029899688014346,35.24442154191891,0.0124754736985355,0.8512916151994063,73179.7461253601,7.218736669008701,0.3390465560352204,3.057207804813711,-1.0,0.132,7.744921745777822,0.0,0.0,0.0,0.0
"[2.29494, -0.288097, 0.00189562]","[0.0, 1960715.0, 2180104.0]","[0.0,0.5,1.0]",220140,9.21557379268897,8.498841508287326,0.2571938980088995,0.1479243498091344,16130.76696384833,2.02042558252216,18.329760318172703,4.945567136008296,-1.0,0.145,7.492069019504463,2.663235521192376,0.0,0.0,0.0
"[-2.68271, 2.41191, 6.61951e-05]","[1175666.0, 0.0, 2865890.0]","[0.5,0.0,1.0]",124101,37.7308830285249,22.47004069080373,0.1161690050170957,0.1703496785785227,44503.08809045048,4.70844519959173,0.8812125763492494,5.230033450956886,0.206,0.206,8.122412016254401,8.566261555323123,0.04255174629003576,0.0,0.0
"[-2.47877, 2.35044, 0.00295144]","[574391.2, 0.0, 993409.1]","[0.5,0.0,1.0]",216743,9.926140739326234,6.12485818218464,0.2775698424392135,0.2023546166853101,51783.1841985986,5.358096715618168,6.608798789732901,1.247328808436474,-1.0,0.422,1.9122978539611313,1.9649769907825105,0.0,0.0,0.0
[3.19899],[0.0],[0.0],32520,9.231409985155976,7.976944233688242,0.0324122683079967,0.0236471088321902,11904.47010317992,1.5770489669305512,25.156347737366605,4.120998818293925,-1.0,0.632,7.370703329780869,0.0,0.0,0.0,0.0
"[2.1497, -0.968908, 0.000373442]","[0.0, 9173667.0, 11178700.0]","[0.0,0.5,1.0]",53490,9.253091769182973,7.900273638452136,0.2867463236697511,0.2556407695566952,73530.86653907898,7.248791313760944,3.641221560109787,0.7011337182845074,-1.0,0.789,1.0279921103398422,0.6901478258720487,0.013549161938084983,0.0,0.0
"[4.17752, -1.70224, -3.63681, 4.44672, 0.000746138]","[0.0, 39969210.0, 18165920.0, 3587278.0, 52110270.0]","[0.0,0.5,0.5,0.0,1.0]",357656,10.629467656803683,5.714160658202496,0.4522571743312774,0.1306001490343855,49041.57270091493,5.114654187110312,7.102466922995623,1.0329969916638384,-1.0,0.801,2.111340729276416,2.178306305542452,1.9699688684188736,1.347750347644192,0.02821685692764273
"[3.1611, -2.55781, 0.290577]","[0.0, 698140.8, 714462.7]","[0.0,0.5,1.0]",143276,10.454378390113773,8.630863376512359,0.4586852980078072,0.4436858505843714,87286.30270388567,8.416680581808192,2.4514736133844304,0.4276597143254661,1.151,1.151,0.7603568431245363,0.7217683582323761,0.0,0.0,0.0
"[1.30072, 0.000445162, -0.224946]","[0.0, 1602441.0, 1447871.0]","[0.0,1.0,0.5]",95978,9.030005313463922,7.945194026658779,0.2684737942180915,0.0446463652733217,36070.093423222585,3.941058821507108,8.686055455185608,1.360621299968184,-1.0,1.251,1.5517765133990884,0.645960120176552,0.0,0.0,0.0
"[2.00183, -0.215095, 0.000482359]","[0.0, 16929370.0, 18195700.0]","[0.0,0.5,1.0]",237728,34.28744558800039,29.63765536860756,0.1511244597305338,0.2585328834726501,39009.23125149428,4.210596444378302,0.8732581038136215,4.609651366205555,-1.0,1.29,6.522013254876546,2.137879574135261,0.10124026504326145,0.0,0.0
"[-2.27992, 5.25974, 6.3192, -7.17468]","[193385400.0, 0.0, 13863910.0, 29092620.0]","[0.5,0.0,0.0,0.5]",364284,11.169123323694125,7.690719269943996,0.0430570887102715,0.0499539121289372,126293.61673529712,11.6518666125268,1.5678788152171517,0.2964872775614562,1.324,1.324,0.6799675705885042,0.7453102821054306,0.7941587588713303,0.44767811734188284,0.0
"[2.05474, -1.32723, 5.21326e-06]","[0.0, 1307366.0, 2495533.0]","[0.0,0.5,1.0]",266674,3.840872083006145,3.3911686678976087,0.2247861095971182,0.1266286715178328,163328.90860616928,14.652490082052712,5.268805680690319,0.1427106232936133,-1.0,2.45,0.20456660643426097,0.1644104423362162,0.0003258449506040559,0.0,0.0
"[3.98118, -1.68453, 1.57887e-05]","[0.0, 2736306.0, 5752979.0]","[0.0,0.5,1.0]",211336,10.391829438248982,10.196871668784054,0.0111652530612684,0.6525116285423479,77421.30870619239,7.580938706071338,2.499594400587648,0.6588972635279609,-1.0,2.729,1.3146907603210087,0.8551791006051215,0.0026181280900775916,0.0,0.0
[4.19349],[0.0],[0.0],175482,9.9695961563717,5.65146114720118,0.3430500894704515,0.1212645909919158,31744.12846705048,3.5395735986233983,12.39035025355464,1.7723744671408803,-1.0,0.461,3.629470666804902,0.0,0.0,0.0,0.0
"[-0.660397, 1.46819, 4.30241e-05]","[4891120.0, 0.0, 6359318.0]","[0.5,0.0,1.0]",348442,10.0316964635928,7.459935231289974,0.0904553748437354,0.3336213584979394,131286.2633288118,12.059732201312098,1.6646403054718468,0.1875304283625062,-1.0,0.526,0.22722853920327865,0.15239625386617806,0.0012300638145243189,0.0,0.0
"[-0.582086, 2.76924, 0.000134212]","[3035319.0, 0.0, 4344983.0]","[0.5,0.0,1.0]",207928,27.93555558973221,17.769154510337437,0.7063900725428192,0.0522653169019009,93760.69023817536,8.960681925474539,0.5429060059421438,1.6927004864897162,-1.0,0.718,2.816828570721707,1.2914384009765105,0.019609918698444775,0.0,0.0
"[1.86438, -0.395872, 0.000790895]","[0.0, 5539927.0, 5970574.0]","[0.0,0.5,1.0]",376508,10.234679960044971,8.285323296789366,0.3722820139839151,0.2504306133207451,82338.04051637398,7.998575796813895,2.78558993709876,0.8677162238111886,0.806,0.806,1.18479969933764,0.5459528157458579,0.02440265795450981,0.0,0.0
"[-3.05331, 5.01585, 9.16548e-05]","[9381450.0, 0.0, 16522910.0]","[0.5,0.0,1.0]",198749,10.688245216351458,8.57523164687641,0.5680912622450374,0.2657834012702198,81099.44509665245,7.893580904486733,2.662819397390797,0.3073703146657452,-1.0,0.88,0.6883894278513065,0.5370903776640031,0.0029426562251988575,0.0,0.0
"[2.53401, -2.76518, 0.00290411]","[0.0, 777663.0, 1012383.0]","[0.0,0.5,1.0]",295255,11.26531981052982,10.160329289681878,0.1768047633679635,0.0075261871175746,88017.02171283255,8.478246243178074,1.9868125669198624,0.719301086424932,-1.0,0.909,1.1450247613350721,1.1961135762488233,0.03876298805639994,0.0,0.0
"[4.2848, -10.5863, 9.61214, -0.127774, 7.65221e-05]","[0.0, 339568.6, 321248.7, 4507267.0, 4908203.0]","[0.0,0.5,0.0,0.5,1.0]",356230,9.38897441029658,8.441907146143599,0.182117520230923,0.1251117120468078,124780.38689611704,11.528009523277392,1.6952702630333156,0.2872703883780455,0.948,0.948,0.5946427650037991,1.2910699586446182,0.10268620572691822,0.0025129526265877463,0.0
[3.37796],[0.0],[0.0],351933,8.781346554742312,8.063122080650952,0.2164565623315106,0.8783090481172283,107746.73048222296,10.125475379740202,2.2695198283749347,0.7434721917297086,-1.0,1.106,1.3664444480998952,0.0,0.0,0.0,0.0
"[2.40192, -0.258122, 5.37916e-05]","[0.0, 3650454.0, 4658781.0]","[0.0,0.5,1.0]",106692,8.648485736997785,8.027729357183034,0.3061008959237294,0.1779808776821632,48138.745434148965,5.034179178509778,6.395083512781021,1.8152141473828096,-1.0,2.548,2.813242287232035,0.9222324054783857,0.013313281006049218,0.0,0.0
"[-0.58993, 1.87084, 0.000185678]","[25449270.0, 0.0, 27466270.0]","[0.5,0.0,1.0]",60494,10.224929583574612,8.587200326422687,0.2813330912891464,0.2605224259083258,38754.276187047166,4.187309757236165,6.772888960656089,1.594860176120116,1.002,1.002,2.1814282709989627,1.2249626722810363,0.021732157235386015,0.0,0.0
"[4.18797, -0.573573]","[0.0, 19263640.0]","[0.0,0.5]",361738,28.94247841996657,19.694916450835176,0.1391191547842209,0.0814046858927046,29909.588789877653,3.367364794567949,1.9074126094947883,2.241353727875446,1.007,1.007,4.586825125524117,1.697480334082524,0.0,0.0,0.0
"[-0.585845, 6.95519, 0.00234475]","[1474327.0, 0.0, 1771953.0]","[0.5,0.0,1.0]",255080,9.746067088484743,4.120285485932868,0.0078750130226075,0.0191124787058702,57843.64008055892,5.891662156269698,8.331712315875972,1.2307752666169485,-1.0,1.076,3.245885975018953,0.9439249948160578,0.0,0.0,0.0
"[5.75103, 0.0263659, -0.199724]","[0.0, 1923853.0, 1907417.0]","[0.0,1.0,0.5]",50270,9.47829343617096,5.495486814419071,0.0471717478602438,0.2324054222119451,143648.71375496243,13.064853644831825,2.006899661127584,0.4117389408382048,-1.0,1.326,0.9874037210730082,0.1957773852467919,0.0,0.0,0.0
[3.0612],[0.0],[0.0],264679,9.166799448478914,7.866057218868822,0.5470391738218083,0.92793833557574,141275.68324370487,12.872419052472663,1.548498743740293,0.3626637087546332,1.647,1.647,0.6345267723592389,0.0,0.0,0.0,0.0
"[-1.92299, 1.90598, 0.0015914]","[1550278.0, 0.0, 2057931.0]","[0.5,0.0,1.0]",396772,9.714939672494229,8.71942648750966,0.151638023147162,0.076824159640248,22328.818957336065,2.640309219452919,12.582330986686424,0.6877846671527769,-1.0,0.226,0.9495364908412534,0.9541587382745388,0.0,0.0,0.0
[3.5316],[0.0],[0.0],322573,9.613856980671189,8.035043817579979,0.4998127518647266,0.1963540639430682,65648.68195125475,6.570762433641602,4.013261634841103,0.7953722471474765,-1.0,0.442,1.4947074088021097,0.0,0.0,0.0,0.0
"[3.04359, -0.774572, 0.00423022]","[0.0, 7375697.0, 8221702.0]","[0.0,0.5,1.0]",238702,9.222016432632136,8.648436871862714,0.3778582211947904,0.0271360442338131,56416.03569535001,5.766506016347074,4.706713331595903,1.2750173918789312,-1.0,0.568,2.2243810320469035,1.1221399019077487,0.08292731152062317,0.0,0.0
"[5.60474, -0.290811, 0.00675312]","[0.0, 110668900.0, 110845800.0]","[0.0,0.5,1.0]",286028,10.88352776575553,10.833176956953936,0.2182294703772748,0.2607663319061761,58998.19603067099,5.992655903255092,3.216466572317991,1.339595846289675,0.606,0.606,3.1714036934060448,0.73074200732716,0.0,0.0,0.0
"[2.60564, -0.265881, 3.63664e-05]","[0.0, 8305240.0, 10179030.0]","[0.0,0.5,1.0]",324297,10.662830020083158,9.735427917962005,0.3771431629449885,0.572107460632616,46726.11834774212,4.90793958637481,4.73827513990672,1.1222295854632334,-1.0,0.618,1.8115024267714872,0.5786625355007983,0.006767556177236451,0.0,0.0
[4.77983],[0.0],[0.0],398563,8.958651635636635,8.810574672457282,0.0966585687748944,0.0766063929614383,18813.76278047617,2.2923341620464184,15.770530294009523,4.134110959919679,-1.0,0.676,9.038333338718646,0.0,0.0,0.0,0.0
"[1.35964, 1.87646e-05, -0.214764]","[0.0, 5819367.0, 4989984.0]","[0.0,1.0,0.5]",383075,9.414401502422272,5.6959424629173965,0.5812132738853673,0.2421264865700561,56294.19655017339,5.755809973255712,6.637139643210899,0.7985662554618015,-1.0,0.892,0.9311570182464045,0.37007666061871747,0.003459239330334416,0.0,0.0
"[-0.797201, 3.20879, 7.78012e-05]","[4722323.0, 0.0, 7230852.0]","[0.5,0.0,1.0]",98359,10.262801304881854,9.108123781800698,0.5802605680406653,0.3468929729298121,32053.26018788016,3.568470694293449,7.939272834720258,1.5982550821716224,-1.0,0.949,2.8629696348921194,1.4270198409649806,0.014097407117667079,0.0,0.0
"[2.30361, -2.20812, 3.4392, -0.57476, 0.00023376]","[0.0, 13611010.0, 12325470.0, 22183690.0, 28368870.0]","[0.0,0.5,0.0,0.5,1.0]",375529,9.523518729755972,7.418652382218335,0.1903339243748363,0.2841322886884251,59400.09113651602,6.027765325679426,4.900217209523063,0.7820816940553833,-1.0,1.039,1.1870160690226714,1.4503767747128158,1.162153397796925,0.5929190289366898,0.011957412730144744
[3.23267],[0.0],[0.0],349431,8.970416825892114,6.816549911195829,0.5071683798870239,0.6558700740294168,52129.045723052615,5.388711203841703,6.482518291739329,0.2435370279953238,1.279,1.279,0.4378705011687601,0.0,0.0,0.0,0.0
"[-1.32868, 2.34986, 0.0147192]","[4271943.0, 0.0, 4763551.0]","[0.5,0.0,1.0]",362024,7.813821751573349,6.268090071931726,0.5635876485613318,0.3112026196904913,57593.03320331678,5.869714272340901,6.902941797365608,1.0027713237390743,-1.0,1.441,1.5371735403267408,1.1622630966394571,0.0,0.0,0.0
"[-0.726174, 2.95384, 0.00266449]","[2952050.0, 0.0, 3622450.0]","[0.5,0.0,1.0]",17120,9.81460834957146,9.378992130707893,0.6024512427221262,0.6831984114078808,39278.62277003621,4.235182918400403,6.404915836877261,2.033385547625534,-1.0,0.375,3.4947266844015252,1.7327666479947372,0.10496071483104394,0.0,0.0
"[3.29473, -0.313655, 0.00652204]","[0.0, 16441400.0, 16787690.0]","[0.0,0.5,1.0]",26189,9.948722470862634,3.532007397519978,0.1237422732938332,0.746597755755706,25928.360534731848,2.9889642935672627,23.46346551042617,2.4521829416481373,-1.0,0.516,4.451053169926013,1.3875478206231386,0.0,0.0,0.0
"[4.46923, -1.40021, 0.0014857]","[0.0, 126895600.0, 129722600.0]","[0.0,0.5,1.0]",174272,9.027866103242063,4.43198326822632,0.1842545492626258,0.1149377233560642,32315.417468580563,3.5929504174938565,16.282488252694407,1.340131779982138,-1.0,0.57,2.8331127519294625,1.5857842264869302,0.0516550834961359,0.0,0.0
"[-0.362625, 1.33464, 0.00178283]","[3221179.0, 0.0, 3492297.0]","[0.5,0.0,1.0]",18061,36.58782411937068,35.680217934816085,0.4745501319473783,0.2252768445812211,21094.899323959573,2.5190946270265413,1.3621030441966622,11.844128599814008,-1.0,0.574,13.683121476406633,7.13233913260748,0.5001014121617503,0.0,0.0
[4.44135],[0.0],[0.0],347731,10.366215444854143,7.915767161476047,0.0628897173375725,0.0863697473417749,81942.99837955191,7.9651035445575324,2.8841147051877853,0.8144061916440738,0.577,0.577,1.7163211975904622,0.0,0.0,0.0,0.0
"[1.57994, -0.188453, 0.000482023]","[0.0, 6152907.0, 6742508.0]","[0.0,0.5,1.0]",400920,8.996154012714964,5.221286396182238,0.259317118483179,0.2042616644230256,16338.041197663775,2.0416599878213404,28.07362472424696,1.761605670557031,-1.0,0.668,2.2142619482840806,0.7657110862549015,0.0,0.0,0.0
"[1.99824, -0.260897, 0.000653002]","[0.0, 22459900.0, 23985980.0]","[0.0,0.5,1.0]",370997,8.423174098462962,6.308526952925082,0.6560380218634806,0.3802232717204642,23204.75239348683,2.725801220832337,17.907073434835826,3.090085196524663,-1.0,0.727,4.368117152834089,1.5803301192690842,0.0,0.0,0.0
"[1.50562, -0.535102, 0.0170298]","[0.0, 6332809.0, 6469950.0]","[0.0,0.5,1.0]",165367,9.411021206705865,8.953699707034005,0.0360799594147396,0.2366875819440563,78935.38263226104,7.70979218656703,2.9515673844306862,0.2998478926533282,-1.0,0.785,0.36792448317150317,0.22280369115571383,0.0,0.0,0.0
"[1.4158, -0.168407, 9.15432e-05]","[0.0, 5922263.0, 6668133.0]","[0.0,0.5,1.0]",93228,9.39939318207438,8.276972360511266,0.4823528691532459,0.2146730058643872,39433.087985541046,4.249271546851401,7.340147612629721,2.4049336183542036,-1.0,0.79,2.861567846891568,0.9869227564928258,0.023009974542180022,0.0,0.0
"[1.48978, 5.95102e-06, -0.160241]","[0.0, 17455880.0, 14633400.0]","[0.0,1.0,0.5]",29224,10.166406516406449,5.505423704063944,0.0936566247995472,0.3971259325522503,29011.20493618324,3.28256257422072,13.760018379403768,2.224484318669393,-1.0,0.821,2.7151286872747873,0.8904636012143398,0.005426565550781598,0.0,0.0
"[2.04499, 0.00262664, -0.20695]","[0.0, 14119380.0, 13654870.0]","[0.0,1.0,0.5]",351261,32.418139083441936,28.93755284509709,0.0692681001715587,0.2114611971041141,105553.69860036162,9.943689488967497,0.2708979114273283,1.2727410235285297,-1.0,0.905,1.8200597144960737,0.5789922599652333,0.06522893976512231,0.0,0.0
"[3.21544, -2.57153, 2.35361, -0.760933, 1.96937e-05]","[1657735.0, 2178394.0, 0.0, 4956352.0, 9579574.0]","[0.0,0.5,0.0,0.5,1.0]",62876,10.082704785459722,8.748483093279072,0.6411254502156519,0.3489412641311232,143132.54357550773,13.023015721985892,1.2855547742848328,0.2881217841756504,-1.0,0.972,0.4420214508828739,0.5166498415002639,0.46203182718965335,0.25133287832317835,0.001278614880389079
"[1.62828, -0.565544, 9.9224e-05]","[0.0, 2500407.0, 3321147.0]","[0.0,0.5,1.0]",371545,8.066609452544295,6.566384642985319,0.7240851743165165,0.1735573427019561,15139.03735734518,1.918237325702584,26.932059125262985,2.7824254545680933,-1.0,1.097,3.550488268597264,2.092641492740582,0.0,0.0,0.0
"[1.80419, -0.212941, 0.00590146]","[0.0, 31884360.0, 32294480.0]","[0.0,0.5,1.0]",190192,6.468330524442466,5.07613042592444,0.4734280994348764,0.5164560891601007,44962.79951903293,4.749785907788001,12.964535965843156,1.3348856353226457,-1.0,1.559,1.7930202537272648,0.6244675185975908,0.0,0.0,0.0
"[1.46914, -0.268726, 3.39366e-05]","[0.0, 5575854.0, 7153745.0]","[0.0,0.5,1.0]",287992,35.36828709242782,8.37775925428579,0.2312810845826138,0.3544235055688586,16833.250968313227,2.09222732091884,6.297413362292825,6.283072669421746,-1.0,0.608,7.615592095622584,3.2570687565554572,0.03660212059179692,0.0,0.0
"[1.68231, -0.706449, 0.00112826]","[0.0, 3274185.0, 3797244.0]","[0.0,0.5,1.0]",171643,10.639667001582517,9.65498997225496,0.2453385669897698,0.1279722695434829,27055.01153309021,3.096751435697763,8.798828944233797,1.7698277422186257,-1.0,0.693,2.2955354906471346,1.4887368281569597,0.0,0.0,0.0
"[1.55723, -0.411525, 0.00413993]","[0.0, 1073198.0, 1158081.0]","[0.0,0.5,1.0]",398376,10.18786067415955,8.41364534752235,0.2783760776414842,0.6330074498446174,18005.958163947216,2.2111080359642643,15.372134112174267,4.619333345484629,-1.0,0.718,6.488305372702958,0.0,0.0,0.0,0.0
"[2.34022, -0.235017, 0.00289134]","[0.0, 6552018.0, 6796815.0]","[0.0,0.5,1.0]",157718,9.40195109494844,6.876275070567663,0.3366739614252148,0.2645621452836809,64715.52302678828,6.490000290456067,4.751947086207538,0.1243750163449804,-1.0,0.809,0.19026613410782559,0.060664969583866156,0.0,0.0,0.0
"[3.89906, -1.2877, 0.467697]","[0.0, 2955518.0, 2961776.0]","[0.0,0.5,1.0]",254966,10.01297927322114,5.041961354836282,0.0096700250161571,0.0332601533555865,9961.38738292645,1.3647047388707645,40.50222107581744,3.9129402065048153,0.999,0.999,9.304620495464928,0.0,0.0,0.0,0.0
"[2.0837, -0.456467, 9.15245e-05]","[0.0, 12037440.0, 13975660.0]","[0.0,0.5,1.0]",149497,23.42753869392872,15.608288501766316,0.0781814416623668,0.0538017010858367,57230.05311251715,5.837907974850806,1.3089125096633227,2.017205375572832,-1.0,1.037,2.9118413747163223,1.3628711862485865,0.019298288709672446,0.0,0.0
"[1.53059, -0.345738, 1.4645e-05]","[0.0, 6343757.0, 8325363.0]","[0.0,0.5,1.0]",192778,10.173293198211438,9.538395633282589,0.0222012500493262,0.8297936035616659,22243.497323718617,2.6319577982149376,11.274914375690672,2.047525304632189,-1.0,1.062,2.5331372047684497,1.203934432520728,0.007835630819639432,0.0,0.0
"[1.99312, -0.37316]","[0.0, 40845730.0]","[0.0,0.5]",79797,10.104453997530996,9.968692113430212,0.7096589043513128,0.3694731453440462,33298.122195010474,3.684503068900954,7.150313636618918,0.6881433034316469,1.153,1.153,0.9715062782185,0.4203648848947019,0.0,0.0,0.0
"[1.76372, -0.329128, 1.32798e-05]","[0.0, 2964492.0, 4095808.0]","[0.0,0.5,1.0]",131167,10.170272757729352,9.948925271285743,0.1274342129104388,0.2591842320804819,44076.3689617701,4.670029507631685,5.181984515430097,2.131956019549501,-1.0,1.28,2.8313467582798952,1.2230963120971228,0.007769158980541063,0.0,0.0
"[-0.449665, 3.5172, 0.000820861]","[13812820.0, 0.0, 15184490.0]","[0.5,0.0,1.0]",78814,34.57861551508744,7.130892902762885,0.7310127416793123,0.1412383736782822,55221.28833528141,5.66152005580841,2.072755771195144,2.046789978732781,-1.0,1.449,3.838590765655592,1.3725172915780381,0.058641908117398785,0.0,0.0
"[2.13903, -0.51532, 0.130991]","[0.0, 1204959.0, 1208628.0]","[0.0,0.5,1.0]",6246,9.532868186264572,5.547805174422427,0.252296393887301,0.1537933966156152,18109.70678418321,2.2215692875490585,23.106093061210533,2.3396713930199375,1.716,1.716,3.904757349476939,0.0,0.0,0.0,0.0
"[-1.7531, 4.5403, 12.1377, -11.9797]","[12896880.0, 0.0, 3880802.0, 4029112.0]","[0.5,0.0,0.0,0.5]",150812,9.601539276632666,8.44888181674593,0.3390295834692003,0.1485160625266519,55273.19712541528,5.666086017840975,4.760081066509005,0.6250115383517518,-1.0,1.751,1.3317733187662004,3.069398511437788,0.8275445441720746,0.0,0.0
[3.17749],[0.0],[0.0],381498,9.251661715418928,7.301899513041834,0.3691640615831791,0.1766158340279558,90428.6844903598,8.681128297675158,2.9817766817488787,0.5100421420864188,2.097,2.097,0.9091764068773558,0.0,0.0,0.0,0.0
"[1.33738, -1.91504, 0.0171814]","[0.0, 2135576.0, 2256429.0]","[0.0,0.5,1.0]",29870,10.84371317619087,10.18385317830193,0.5387615693395513,0.0768950144104257,28348.715099258618,3.2198176538764045,7.883642133688691,3.235598984852805,-1.0,0.112,3.7418131989149366,4.497623882307525,0.0,0.0,0.0
"[2.7833, -0.494826, 0.000671927]","[0.0, 4154655.0, 5825477.0]","[0.0,0.5,1.0]",27453,9.799929256511788,9.332561707436009,0.4000224124539244,0.5052412545961231,17768.7617250931,2.1871572482558657,14.725534452830608,5.503133491013748,-1.0,0.348,9.181001482926328,3.871117050626179,0.14264977601410483,0.0,0.0
"[2.1057, -0.569927, 0.00114873]","[0.0, 5694876.0, 6172260.0]","[0.0,0.5,1.0]",92732,9.94552489948548,5.150991182936238,0.1415102277777861,0.3242613375022638,166712.9861457392,14.92411671758498,1.663636087091455,0.2887271826878904,0.486,0.486,0.4189728892761344,0.2179702835385264,0.009785807193383197,0.0,0.0
"[2.18432, -0.633506, 0.0326612]","[0.0, 9983537.0, 10165870.0]","[0.0,0.5,1.0]",122378,10.022843268374578,9.485592725458016,0.457312924808484,0.102410060232255,24495.614288750217,2.851009208856352,10.401708199214443,4.179536636099194,-1.0,0.57,6.177123261526152,3.4112987822281795,0.0,0.0,0.0
"[2.0179, -0.256066, 2.48133e-05]","[0.0, 7406951.0, 9638482.0]","[0.0,0.5,1.0]",223936,9.582043867556932,5.769802025449724,0.0053943781193825,0.1077390409944088,60611.50488187203,6.133453076079281,5.910782464833406,0.5972966829878253,-1.0,0.678,0.8484767047944894,0.30224982749660884,0.002975310987856677,0.0,0.0
"[-1.92552, 2.33186, 0.00220621]","[2227560.0, 0.0, 3026074.0]","[0.5,0.0,1.0]",381806,35.98444263562416,15.646636981164487,0.1756596273563865,0.2885464903179066,21197.91241210695,2.529250956279894,2.8097902657995344,7.273497117599989,-1.0,1.045,11.106942087684534,10.092930623503602,0.34163841273340934,0.0,0.0
"[-0.847769, 5.4824, 9.58713e-05]","[398364.0, 0.0, 740923.4]","[0.5,0.0,1.0]",86004,10.59937940100879,7.73988208561334,0.2504488331593706,0.1349904084971453,31199.029610320435,3.488535622162464,9.147762805006336,1.7480994525879547,-1.0,1.177,4.398221304569251,0.0,0.0,0.0,0.0
[3.38991],[0.0],[0.0],344422,10.005939621878268,9.01299633936083,0.2074748296272303,0.5257914736206907,136950.8741696059,12.521107597278554,1.3405759017111287,0.1032257694207036,-1.0,1.278,0.19005627485408058,0.0,0.0,0.0,0.0
"[2.33497, -0.924558, 0.00014202]","[0.0, 5384630.0, 6139225.0]","[0.0,0.5,1.0]",82062,9.440977967108635,3.656473545867101,0.2325973610434955,0.3832689136152696,40401.76582229722,4.337484761371197,14.55901376256135,0.8231144697091921,1.318,1.318,1.2577690066535818,0.7915177706770526,0.0,0.0,0.0
"[1.51281, -0.449083, 0.000175863]","[0.0, 2206646.0, 2550638.0]","[0.0,0.5,1.0]",373717,10.09146831999764,7.052667200415165,0.9906090528260104,0.3201826329885406,68201.31794028197,6.791134208380983,4.112505507387086,0.805104749298647,-1.0,1.533,0.9902493861474606,0.5396357526163683,0.0,0.0,0.0
[3.56724],[0.0],[0.0],220268,10.669076253888182,8.185697361646875,0.0902848194618878,0.6048090806034531,111383.42055898972,10.42628394905679,1.8273697885402769,0.7502603973404978,1.644,1.644,1.4170272021370711,0.0,0.0,0.0,0.0
[5.247],[0.0],[0.0],53112,10.126183391899136,10.098980056263688,0.4057554081614125,0.4572879802604775,163799.0072013055,14.690245737056058,0.9416756156298228,0.4717863012999559,1.785,1.785,1.0806893180062223,0.0,0.0,0.0,0.0
"[1.61525, -0.236191, 0.00211284]","[0.0, 11282070.0, 11682560.0]","[0.0,0.5,1.0]",266428,9.95316290052698,5.233575097908604,0.303175649364705,0.109975909464022,52088.73742854025,5.385144125761027,7.51889944572576,0.9013226983321642,-1.0,0.594,1.145513424275596,0.43999306208736494,0.0,0.0,0.0
"[6.81516, -0.821135, 0.00209894]","[0.0, 1047517.0, 1361760.0]","[0.0,0.5,1.0]",349958,8.864217029043271,7.859602998614044,0.2832334614141176,0.2840756062716081,180473.97794462275,16.02494230870207,1.1323263489032152,0.3497169068564984,-1.0,0.928,0.9129661103410092,0.31690121950744415,0.01602199679649336,0.0,0.0
[3.06244],[0.0],[0.0],77813,10.170095840309346,5.785686931882022,0.0888516953526955,0.260396666470585,52642.37019028489,5.4341105262278,6.681214134594789,0.5091009230104409,1.222,1.222,0.89091788778113,0.0,0.0,0.0,0.0
"[2.25425, -0.902763, 3.37456e-06]","[0.0, 6799915.0, 13930320.0]","[0.0,0.5,1.0]",110912,9.08605659133549,5.3845971411433045,0.0531419223238481,0.0545696868756797,33008.26212175217,3.657532435647034,13.32757412874952,1.903381659591303,-1.0,1.611,2.8577676746121283,1.8084760255129244,0.003496507446054537,0.0,0.0
"[3.99517, -0.0895027, 0.000295839]","[0.0, 25009840.0, 25717540.0]","[0.0,0.5,1.0]",244810,9.203952758746771,6.073618804054902,0.5548196659967556,0.2628072445160309,47191.24138429124,4.949549583802618,7.897680734155652,0.4878443841383313,-1.0,2.084,0.9750995182492336,0.14594841345282417,0.008390909225644519,0.0,0.0
"[3.4516, -0.287391, 0.0647852]","[0.0, 31128810.0, 31166120.0]","[0.0,0.5,1.0]",302378,9.93145012124005,8.56643128362107,0.6113680943992948,0.5169716099608253,91802.46533554608,8.796491507105287,2.4089103737862323,0.9251812013448228,-1.0,0.523,1.7188462459652685,0.5490435593559756,0.0,0.0,0.0
"[2.08956, -1.09321, 0.000779434]","[0.0, 13213580.0, 15388210.0]","[0.0,0.5,1.0]",47577,10.500014849223945,7.508940880945188,0.5998366763875463,0.5440514663868914,36311.679624166514,3.9633067158274247,8.001153064069884,2.19465549424239,-1.0,0.604,3.172442648444329,2.2946589922590563,0.061271149734181934,0.0,0.0
"[2.70887, -1.84529, 3.72993]","[0.0, 498264.9, 336576.0]","[0.0,0.5,0.0]",300071,9.94472660603397,6.137181736682993,0.3164599700369024,0.0770310884353197,102705.41111506426,9.707132914154355,2.763581195611644,0.3650759730157087,0.923,0.923,0.6008655890730974,0.8620138746340189,0.0,0.0,0.0
"[-0.892318, 2.34743, 0.0606122]","[5018977.0, 0.0, 5108270.0]","[0.5,0.0,1.0]",305538,9.708609825199948,7.797817263762887,0.2166398120537706,0.5161946917067153,39707.99866434991,4.274331064278182,7.459337962674732,1.5208072395919914,-1.0,0.971,2.3300781992270196,1.4845837981469288,0.0,0.0,0.0
"[-1.64532, 3.18686, 0.00217549]","[3201198.0, 0.0, 3804881.0]","[0.5,0.0,1.0]",317675,9.79175499864433,7.200104956601126,0.3074539691666783,0.4091527556179601,41200.11111150229,4.410008429470505,7.602000518092919,2.198233697154575,1.168,1.168,3.924238132293909,2.8215384840938933,0.0,0.0,0.0
"[3.09334, -0.283179, 1.33825e-05]","[0.0, 8255083.0, 11859340.0]","[0.0,0.5,1.0]",333137,10.467657446990726,6.8798530622914,0.6024381221079513,0.533293110746321,68669.8159515844,6.831494787785971,4.045319299178876,1.1429594164285566,-1.0,1.289,2.010224856351288,0.6082208892962382,0.004181185503645254,0.0,0.0
"[2.20196, -0.481007, 4.04677e-05]","[0.0, 4432757.0, 6471313.0]","[0.0,0.5,1.0]",36161,8.684225243833254,5.4089219843672485,0.0332234317319736,0.434440685106526,112706.44396739996,10.535524083946122,3.034884535299493,0.6627091367009428,-1.0,1.552,0.9833942643573527,0.4596197228359356,0.004215773009875426,0.0,0.0
"[2.10128, -0.90085, 0.0109483]","[0.0, 1293478.0, 1380277.0]","[0.0,0.5,1.0]",49857,9.95699923406913,6.622264409881708,0.6259081575334692,0.0746100334413834,58054.61855544361,5.910132221913633,5.361500484021646,1.2559728961350929,-1.0,1.759,1.820632247920156,1.1993050337402344,0.0,0.0,0.0
"[3.04962, -2.94351, -4.7931, 8.20837, 0.00152571]","[0.0, 6210000.0, 5704573.0, 5508537.0, 9590564.0]","[0.0,0.5,0.5,0.0,1.0]",323250,35.14659665199224,32.45464566144824,0.2687739656403251,0.3403739478632203,48806.274372513886,5.093695577579695,0.6105674893528189,3.7131121460895766,-1.0,0.429,6.484267605682089,10.638160259957363,8.12917197461199,6.370460454166455,0.14503541523599522
"[4.08868, -1.75544, -1.77023, 2.78849, 0.000476755]","[46224690.0, 58061180.0, 59201250.0, 0.0, 73392830.0]","[0.0,0.5,0.5,0.0,1.0]",262930,9.50376334375568,8.024850141028267,0.3524092297004676,0.0801419197905314,33978.89672487984,3.747737241243028,8.827052477628031,2.432031040826694,0.445,0.445,4.061193284474921,4.917684636057808,3.2222713413233035,3.2358170713314602,0.05310271694819194
"[1.6329, 4.35745e-06, -0.189103]","[0.0, 10376880.0, 7325237.0]","[0.0,1.0,0.5]",280574,9.975958967566488,9.454736554302452,0.4706648865381041,0.3490602581520463,128865.6805417462,11.86213408906796,1.4030737445213348,0.3295843483957647,-1.0,0.785,0.4211592793196094,0.14332296652493962,0.0006879910452219747,0.0,0.0
"[-1.76228, 2.48447, 1.45527e-05]","[16728820.0, 0.0, 27940390.0]","[0.5,0.0,1.0]",59585,9.968733863563152,8.966869676074753,0.0303381949185079,0.0538635054513873,48040.39117914956,5.0254024392499606,5.194522316113449,1.114061322156938,0.806,0.806,1.7560059180078587,1.4789263708383842,0.004249921271941865,0.0,0.0
[3.4754],[0.0],[0.0],337031,9.66359493084153,9.319766069079664,0.2616006616885243,0.1509974969075319,41159.60131169893,4.406332524996239,6.181865805653893,1.2453175520797477,0.925,0.925,2.321573873581647,0.0,0.0,0.0,0.0
"[-1.15679, 1.71087, 0.0418895]","[4765495.0, 0.0, 4871836.0]","[0.5,0.0,1.0]",27283,10.479847110656891,10.175975785395636,0.1106221246801942,0.2356756389312388,111219.37127944324,10.412731626285025,1.545766902756219,0.6904749514167527,0.998,0.998,0.9031428201098696,0.7559611328591347,0.0,0.0,0.0
"[1.62223, -0.354749, 0.0379369]","[0.0, 11353360.0, 11393980.0]","[0.0,0.5,1.0]",140256,10.677234752801969,7.390120318227518,0.6730495485746095,0.0333261747526202,137511.8485170122,12.566721319297626,1.497752004205027,0.347496563508665,-1.0,1.231,0.44259522928406886,0.21775752304027512,0.0,0.0,0.0
"[2.45431, -0.331787, 0.00306863]","[0.0, 483738.9, 506710.3]","[0.0,0.5,1.0]",355095,8.130797038423102,6.175221086204951,0.073027384507853,0.6212354965133305,83582.65954402304,8.103941554033131,4.233650936074703,0.3660039816388114,-1.0,2.365,0.5733905332595801,0.2117944681390026,0.0,0.0,0.0
"[2.53032, -1.58844, 6.39845, -4.56573, 6.28637e-05]","[0.0, 1479938.0, 1038040.0, 1080199.0, 3880139.0]","[0.0,0.5,0.0,0.5,1.0]",14603,9.423913636621691,5.83695510575407,0.1118489858554851,0.2957900314370824,39738.53237668176,4.277113492196396,9.798469262993354,1.858016679914542,-1.0,2.462,2.9555433424163096,6.5828930506826016,0.014731588458733845,0.0,0.0
[3.15574],[0.0],[0.0],231478,9.86459452119298,6.140048345414519,0.2659073718803053,0.0513620434063882,36346.97158976647,3.9665550818714927,10.002665123607656,1.3829708755699728,0.126,0.126,2.4567651428019124,0.0,0.0,0.0,0.0
"[3.19742, -0.316283, 0.0234429]","[0.0, 8149122.0, 8258893.0]","[0.0,0.5,1.0]",377294,9.072618496250575,8.874537641475131,0.0043818463273082,0.5043675188908034,41240.78750866962,4.413699318529046,6.771322009899153,1.659392195972896,-1.0,0.492,2.9672141192424006,0.9671935067330908,0.0,0.0,0.0
"[2.55904, -0.331655, 0.000711812]","[0.0, 7985491.0, 8547757.0]","[0.0,0.5,1.0]",278455,10.569532960441714,4.979382846033788,0.3185002152011857,0.2455697324527955,36439.014786538144,3.975026240124891,11.36893940267507,0.7182089726955784,0.562,0.562,1.1489188734177012,0.4140565433960369,0.0,0.0,0.0
"[2.17683, -0.22699, 0.0313436]","[0.0, 5477007.0, 5498603.0]","[0.0,0.5,1.0]",211071,9.222446278459168,7.96396589601121,0.0469515307052742,0.3187553049696471,69500.05471292221,6.902955932085107,3.8947579429121255,0.4815521685339873,-1.0,0.65,0.71048612317666,0.2447562502125511,0.0,0.0,0.0
"[1.97375, -3.54964, 0.150699]","[0.0, 10256320.0, 10449860.0]","[0.0,0.5,1.0]",114630,27.674704433868776,12.533915259889918,0.2773407568478327,0.0593909408842516,47678.74412801862,4.993114754047657,1.736037799518385,2.422258779991049,0.885,0.885,3.4030365238357057,4.563653824369265,0.940320109625989,0.0,0.0
[3.34556],[0.0],[0.0],160232,10.958368525380155,9.003609343376885,0.1652908491403587,0.2355593064381059,35171.59315374463,3.858161992508776,6.85744261562383,1.7537808935321897,-1.0,1.522,3.2078181910577808,0.0,0.0,0.0,0.0
"[1.63058, -0.314349, 6.9789e-06]","[0.0, 4507225.0, 6326411.0]","[0.0,0.5,1.0]",136397,9.190148516742996,6.9519845199813295,0.3472010767837187,0.5970982316910194,47230.07931372792,4.95302195066356,7.031317323336369,1.1941954366738217,-1.0,1.535,1.5249179018475285,0.6695475864507238,0.0031547786640228085,0.0,0.0
"[2.21927, -0.735512, 0.18337]","[0.0, 16967720.0, 16976760.0]","[0.0,0.5,1.0]",83427,10.44252140349422,9.411300718121542,0.3163322503464414,0.466826293793908,41752.25701458203,4.460075294503935,5.656383171162885,0.7099504553700561,1.691,1.691,1.0576284221379948,0.6805466714385329,0.0,0.0,0.0
[4.1628],[0.0],[0.0],242653,9.666000588945773,7.397075408458186,0.144210220789027,0.5008833979615094,53652.46381255816,5.523312835925041,5.495097779184944,1.3236309103164918,0.889,0.889,2.7005963321946482,0.0,0.0,0.0,0.0
"[1.95648, -0.245114, 0.00370082]","[0.0, 5862882.0, 5953092.0]","[0.0,0.5,1.0]",256287,10.199777804618936,9.271769859837226,0.1448905205361044,0.67551455208298,206530.4026211908,18.09481317549445,0.724821895252396,0.2027855891857333,0.926,0.926,0.28364477984358405,0.10039709521143977,0.012336332607677504,0.0,0.0
[3.12046],[0.0],[0.0],230111,10.304190775308127,5.193706568625312,0.411513437252185,0.1496785000130557,67754.14900396783,6.752586784056572,5.332105769751562,0.0716376398998071,-1.0,1.057,0.12654662865110325,0.0,0.0,0.0,0.0
"[-0.613582, 2.81074, 0.0153068]","[855954.4, 0.0, 936124.1]","[0.5,0.0,1.0]",113907,10.449516325580465,9.589982558062388,0.0445806372117128,0.2054597093618571,16838.163036016074,2.092727894618696,14.350122793098242,4.383478250777831,-1.0,1.119,8.129702334901614,0.0,0.0,0.0,0.0
"[1.74927, -2.57236, 3.98087, -0.212672, 0.000675776]","[0.0, 128630400.0, 124123000.0, 155261000.0, 156984700.0]","[0.0,0.5,0.0,0.5,1.0]",220348,10.26961699334742,10.106547000338804,0.0257145068566385,0.0086771016505109,179734.91554899167,15.965964865417558,0.8165128305278628,0.5147898118349156,-1.0,1.141,0.6808608572271058,1.027114690727161,0.8256496803289348,0.2374023976797241,0.01338231736786197
"[3.14933, -1.52559, 3.38343e-06]","[0.0, 7026570.0, 11724690.0]","[0.0,0.5,1.0]",67965,9.542982475863113,6.637278615916625,0.2305678375081229,0.0046963664239427,44460.19385049869,4.704585172874618,7.620633501708744,0.534148778887486,-1.0,1.164,0.9479192110427844,0.65975267012099,0.0009825187290656244,0.0,0.0
"[-0.671948, 2.34956, 0.0720967]","[534887.5, 0.0, 550393.2]","[0.5,0.0,1.0]",361947,9.24865157336206,9.19995468438216,0.5315492881429087,0.3238875184622122,22936.324362080657,2.699650097392836,12.19643347758281,3.183744696685463,-1.0,1.21,5.599775859513359,0.0,0.0,0.0,0.0
"[1.48755, -0.315828, 0.00527951]","[0.0, 10668310.0, 11023660.0]","[0.0,0.5,1.0]",242629,10.473333764865108,9.348113381501374,0.2666405574442446,0.0087449847353963,24064.29317733514,2.809272965505467,10.34053249524784,4.279662601590775,-1.0,1.586,5.219697294957636,2.4251285424451843,0.0,0.0,0.0
"[1.87818, -0.661562]","[0.0, 10733670.0]","[0.0,0.5]",321261,8.911843536517344,6.214964025387282,0.7621648864991728,0.1790511156865168,36922.07776129423,4.019442429773799,10.54696041751403,0.2283395781880844,-1.0,1.626,0.31293187352133206,0.18572333353256598,0.0,0.0,0.0
"[2.2426, -0.277256, 0.0002611]","[0.0, 6926819.0, 8042344.0]","[0.0,0.5,1.0]",111150,9.76027512063028,6.592996980140809,0.3492882790200478,0.108419659975308,52701.87878314879,5.439370430019067,6.151218108268537,0.8666387333571475,-1.0,1.962,1.297818630592016,0.45632952822560763,0.014003659144803525,0.0,0.0
"[3.29643, -3.32209, -0.660061, 3.22286, 0.00145709]","[31969.49, 217216.3, 1158886.0, 0.0, 1544880.0]","[0.0,0.5,0.5,0.0,1.0]",108281,9.258164469415783,7.270012735732315,0.7212288092836843,0.4572302623426903,54642.65952214958,5.610592014732891,5.649255136182223,1.4373574617384663,0.401,0.401,4.509130333848703,1.1690569022265251,0.0,0.0,0.0
"[3.07136, -0.889215, 0.00013369]","[0.0, 1501053.0, 2462993.0]","[0.0,0.5,1.0]",103210,9.639995549355866,6.671603861394618,0.429115364850578,0.2053677115038926,17646.958019942496,2.174840147839769,19.984755919504707,3.5576802631102176,0.413,0.413,7.080327804290936,0.0,0.0,0.0,0.0
"[2.26652, -0.514476, 0.000104995]","[0.0, 9128419.0, 10847360.0]","[0.0,0.5,1.0]",298580,7.54284410082829,6.966287043042575,0.0571016993653855,0.2630459425343146,66131.52883700542,6.61250848495385,5.476559944217367,0.4540653104019744,0.594,0.594,0.6835937790862623,0.3256873451432761,0.004652674098307961,0.0,0.0
"[1.45694, -0.243055, 3.55413e-05]","[0.0, 21677390.0, 23446740.0]","[0.0,0.5,1.0]",233414,5.591728421587401,3.773820387358213,0.4673315477654225,0.3374207728583372,90150.96447976094,8.657788711472733,7.926798234917613,0.3529910992168855,0.778,0.778,0.4260735631708652,0.17402675991952735,0.0021044102534109807,0.0,0.0
"[3.29953, -1.13374, 0.000816164]","[0.0, 3183206.0, 4734666.0]","[0.0,0.5,1.0]",217526,10.084378946449064,9.522345734916836,0.1011311836906644,0.1976014093848058,32445.28935155208,3.6050688182884953,7.656998518651528,2.1638715722008475,-1.0,1.014,3.9305879836667605,2.3040304591699945,0.061818747087501846,0.0,0.0
"[2.53009, -3.96767, 0.00752962]","[0.0, 176113300.0, 176741000.0]","[0.0,0.5,1.0]",255699,9.970578410850134,5.889834798627623,0.8315848060906977,0.9491839797718928,91813.14913004,8.797388098362788,3.314930056524091,0.5662959264608087,1.366,1.366,0.9007648335175595,1.128005479954242,0.04913941332704912,0.0,0.0
"[8.61235, -5.09697, -3.96529, 4.03274]","[11086580.0, 12123290.0, 12923380.0, 0.0]","[0.0,0.5,0.5,0.0]",397783,9.494476411778376,8.510544462594524,0.4329571196112088,0.0634839562957901,127191.2227445506,11.725282404248548,1.6254264393934634,0.5365576966375789,-1.0,1.406,1.0774981680458289,1.5746254426241488,1.2113578769203202,1.0684492692342904,0.0
"[1.49238, -0.184902, 0.000178127]","[0.0, 6986765.0, 7825937.0]","[0.0,0.5,1.0]",190597,8.764253016983233,6.454571407259473,0.540941488023428,0.0504190163494569,27293.039358426824,3.119449468327649,14.383225054584418,1.911650121646934,-1.0,1.421,2.335329250071529,0.8224098499587962,0.0,0.0,0.0
[3.31688],[0.0],[0.0],214911,10.015321210759945,9.398755237643192,0.3495691514559694,0.6831928284050554,21823.0638061823,2.5907407088674006,11.786199932918413,0.7802027786540204,-1.0,0.978,1.4209289822605604,0.0,0.0,0.0,0.0
"[2.14328, -0.431355, 0.000185144]","[0.0, 7495298.0, 9581682.0]","[0.0,0.5,1.0]",264861,9.49791928364344,7.758619237584318,0.274229820960433,0.4820300642206955,13557.381718911036,1.7530528417619964,22.53846110328221,2.882326182022641,-1.0,1.16,4.219709780035456,1.89304328770739,0.039219129317574895,0.0,0.0
"[-2.57357, 5.4683]","[2145136.0, 0.0]","[0.5,0.0]",123602,9.97427727037625,5.988645144303535,0.4416466996822276,0.1639803924919671,59426.05022728475,6.030032142628208,5.67904691697569,0.811349225918214,-1.0,1.605,1.301594841821033,1.8972912004578126,0.0,0.0,0.0
"[1.85679, -0.21255, 1.34875e-05]","[0.0, 14961360.0, 18693690.0]","[0.0,0.5,1.0]",384288,10.985756718343978,8.33093149589824,0.2432262602716443,0.0540748566593622,28203.800730495605,3.206068173614089,9.297589339816206,2.7702463832105764,-1.0,1.664,3.7748507988183757,1.2771707132508094,0.010173821774880673,0.0,0.0
[3.24227],[0.0],[0.0],80776,10.302220137714947,8.130342626457937,0.5315231222788087,0.4295001359549862,96771.50251986433,9.212570165530458,2.2802055658303195,0.5436723683832797,-1.0,0.559,0.9789530186975757,0.0,0.0,0.0,0.0
"[4.27033, -0.698238, 4.38758e-05]","[0.0, 8225518.0, 11051900.0]","[0.0,0.5,1.0]",355112,10.683455589857791,10.603318697272744,0.187742330911077,0.1910080019915322,21485.911423568912,2.557608958905748,10.256430174951827,2.2636289552406264,0.65,0.65,4.677738710744927,1.8915027667512987,0.014994008912733378,0.0,0.0
"[2.62105, -0.725091, 0.332621]","[0.0, 3304949.0, 3306136.0]","[0.0,0.5,1.0]",224940,10.534832042731765,7.117032952892581,0.2605880067516494,0.1599582205519197,32517.452800111976,3.6117997037686536,9.44632901658854,1.6175189460531514,0.778,0.778,2.618707723844155,1.6635394027067432,0.0,0.0,0.0
"[2.99203, -0.582843, 0.00070326]","[0.0, 11061760.0, 12461390.0]","[0.0,0.5,1.0]",68712,10.530623171015854,6.987098210032892,0.5945605024206306,0.2500313675261565,52014.523121540245,5.378576457400917,5.592150690532936,0.6833615363274553,-1.0,0.822,1.182043617456854,0.5217065903849845,0.018122098583704255,0.0,0.0
"[2.00024, -0.358026, 0.000146272]","[0.0, 8720542.0, 10018880.0]","[0.0,0.5,1.0]",129109,10.591253008964252,5.76591887620771,0.5124241094996153,0.3106258683517974,19159.640003312248,2.326957083164804,19.485806891937333,2.2040129775254096,-1.0,0.873,3.117132055555245,1.3190465679817145,0.0,0.0,0.0
"[2.70369, -0.335124, 3.14114e-05]","[0.0, 3519853.0, 5011991.0]","[0.0,0.5,1.0]",146106,9.15744133078599,6.711088090008904,0.6291171100756496,0.3614841003679586,66405.53702636287,6.63618574474522,4.799483761519008,0.825352071817631,-1.0,0.904,1.3571182575300964,0.47779545181095956,0.004625757827851428,0.0,0.0
"[2.63813, -2.97953, 0.127656]","[0.0, 419494.3, 425609.8]","[0.0,0.5,1.0]",170728,7.754263141763675,5.548791568671357,0.1684790497923318,0.3231641574961716,21805.260511735632,2.5889926318224266,22.75101403293084,2.908272211776166,1.175,1.175,6.970950741393441,0.0,0.0,0.0,0.0
"[1.4726, -0.406226, 0.00177225]","[0.0, 7158802.0, 7813192.0]","[0.0,0.5,1.0]",334034,32.37410375422954,13.839575896005408,0.3198816768774256,0.1809241228665354,16140.439771260912,2.0214170401354026,4.408546037199691,3.482552223029521,-1.0,1.196,4.2261025924096876,2.2196346502937767,0.14660883076375414,0.0,0.0
"[1.63951, -0.459066, 5.78514e-05]","[0.0, 5623339.0, 7007529.0]","[0.0,0.5,1.0]",15193,10.013864717397192,7.083578034361385,0.1454718968485124,0.4302672156759074,46072.77593696591,4.8494170268972825,6.647298765180059,1.7912228805078303,-1.0,1.208,2.2935418185950023,1.2136324846321658,0.013624060540235391,0.0,0.0
"[2.17576, -1.95865, 0.000153615]","[0.0, 1190753.0, 2020181.0]","[0.0,0.5,1.0]",72854,9.677011506780174,8.80284672670695,0.4099359677257307,0.2368957471832303,36406.90138993356,3.972070764110667,7.447602732489802,2.4374480606688538,-1.0,1.219,3.5953474319895364,3.411251884332636,0.030210101382466933,0.0,0.0
[3.49898],[0.0],[0.0],9156,8.404379701540133,8.106495505529077,0.1212252526385156,0.4718314796329432,118810.24467720636,11.03823056943802,2.0544251125209447,0.4093729660097818,-1.0,1.702,0.7657550852583058,0.0,0.0,0.0,0.0
"[-1.31486, 2.29163, 2.24555e-05]","[51194450.0, 0.0, 61417660.0]","[0.5,0.0,1.0]",403102,9.712239010500715,8.08378840203405,0.1898286885661639,0.2945894882939603,80607.66479451007,7.851853888743429,3.0513581512551777,0.7899272201854265,-1.0,1.723,1.1958021474208491,0.905788570496912,0.0037432466474552864,0.0,0.0
"[2.5755, -0.766044, 0.29253]","[0.0, 339859.7, 340377.6]","[0.0,0.5,1.0]",97999,9.954979306368138,7.7714771280476915,0.3776366130546621,0.5316641626976633,36419.215075787615,3.9732040485134017,8.084374689020777,2.139032920892635,-1.0,2.734,4.077691368729045,0.0,0.0,0.0,0.0
[3.01766],[0.0],[0.0],312702,10.070366677900878,7.207033514247102,0.3465326591724229,0.0634779708929501,26633.90075955429,3.0565329795564766,11.998938020167497,3.339354379502388,-1.0,0.336,5.800930507771241,0.0,0.0,0.0,0.0
[3.46812],[0.0],[0.0],351432,10.79314421655561,4.455602573616955,0.3771322729238883,0.041999879191735,84518.50421192404,8.1830768194487,4.450615942616002,0.8814226319322912,-1.0,0.428,1.641463596183801,0.0,0.0,0.0,0.0
[3.86817],[0.0],[0.0],190200,8.286750661864023,7.74497774763166,0.4049089912755706,0.1621771488231043,17684.742592050017,2.178662492315454,19.871248947011868,2.495084356096819,0.585,0.585,4.907248030959271,0.0,0.0,0.0,0.0
"[1.82983, -0.413714, 0.00101588]","[0.0, 23766140.0, 25804720.0]","[0.0,0.5,1.0]",17782,9.402224747662846,7.57379639534084,0.046151684265121,0.2387970776275922,35736.089703926955,3.910271840270388,8.843048599604938,2.486542448232265,-1.0,0.734,3.3635760334629707,1.5993591022979214,0.07925325036368577,0.0,0.0
"[1.57804, -3.49621, 0.000423043]","[0.0, 2381860.0, 3190181.0]","[0.0,0.5,1.0]",323402,7.0085850328894805,6.277639467427574,0.5394702814392015,0.6134352315447223,137992.23577426092,12.605771714126842,2.4129335891028783,0.3728505547187575,-1.0,0.876,0.46837509834810026,0.6971617459939079,0.007668793617462441,0.0,0.0
"[3.0435, -0.31702, 0.000614711]","[0.0, 5497819.0, 6344879.0]","[0.0,0.5,1.0]",56743,9.523808881833814,7.987980952969124,0.3469152542611929,0.4748988607380432,58825.587624329804,5.977569575912883,4.65656551033754,0.5015098980641535,-1.0,0.935,0.8749156035331079,0.28237278662082477,0.012434118479499656,0.0,0.0
[3.08211],[0.0],[0.0],248946,11.316177589033334,8.853911579801133,0.5205462385955506,0.2037086113987744,88156.68321223847,8.490008180272529,2.219900709120791,1.1800871502500023,-1.0,0.964,2.0717538220357503,0.0,0.0,0.0,0.0
"[1.65295, -0.814364, 0.0012714]","[0.0, 2418942.0, 2870872.0]","[0.0,0.5,1.0]",206472,10.34162720134356,9.260992079015294,0.5583083350514075,0.063526180502573,186353.07647998352,16.49354273915998,0.8300524778206861,0.3188644843397566,-1.0,1.341,0.4099548303362558,0.28775006667148595,0.011369654119064543,0.0,0.0
"[3.86537, -0.359847, 0.000328332]","[0.0, 25986610.0, 29409610.0]","[0.0,0.5,1.0]",319252,9.12644383080623,7.499015151455489,0.5991856250119867,0.1640373059949159,29190.12575989311,3.299476992133948,11.40169816024916,1.4595900324336326,1.498,1.498,2.869633441186597,0.8755679019539576,0.02644767472592923,0.0,0.0
"[1.57323, -0.196394, 4.84446e-06]","[0.0, 15373570.0, 18593870.0]","[0.0,0.5,1.0]",205197,10.12726950368238,4.766962170780089,0.0309170604408897,0.2460302890811864,149790.77624107996,13.561886503759307,2.0399494971514343,0.2416645857391298,-1.0,1.585,0.3031161819571695,0.10709695425295421,0.000531906992232076,0.0,0.0
[3.52228],[0.0],[0.0],249009,10.243781388394652,7.840623675122617,0.0964256489277984,0.5235249325567852,34923.52224269161,3.835231465078484,8.215586504222031,0.8119365468642612,-1.0,0.226,1.5238212608344768,0.0,0.0,0.0,0.0
"[2.03185, -0.339675, 0.00279915]","[0.0, 4162196.0, 4495370.0]","[0.0,0.5,1.0]",390436,10.963639093406222,6.752588097877001,0.3002256156641852,0.2228024166343481,31711.761786577248,3.536545948888136,9.844645695357856,1.937892728461171,-1.0,0.24,2.7623299663646335,1.1340798428398242,0.0,0.0,0.0
"[-0.405363, 1.7236, 0.000672139]","[3123491.0, 0.0, 3595312.0]","[0.5,0.0,1.0]",334390,8.168992051152864,4.094039889654796,0.4635907290387712,0.6463959582677347,72659.01686611092,7.174139941667321,7.225237916239688,0.2633176788562705,-1.0,0.41,0.3456991095114227,0.16778835956055732,0.0,0.0,0.0
[3.42217],[0.0],[0.0],21777,10.918377690004132,8.751265503726222,0.0750699349077661,0.0451584633095955,92431.2521180862,8.849245025107683,2.169743891399253,0.995980794505774,0.428,0.428,1.8424756369747877,0.0,0.0,0.0,0.0
"[-0.399569, 2.62432, 0.000270569]","[5866501.0, 0.0, 7093710.0]","[0.5,0.0,1.0]",63002,9.881626825851438,9.379022011364809,0.2498804562165378,0.5803002919029732,66437.84011531806,6.638976499815325,3.392781310773693,1.1653419380214605,-1.0,0.847,1.8878251655004703,0.7366297751210121,0.019168688249351723,0.0,0.0
"[-0.609854, 2.04083, 0.00279711]","[1784135.0, 0.0, 1961626.0]","[0.5,0.0,1.0]",329752,9.871951275541182,7.911793625692566,0.3586800942750642,0.2649846119094999,119174.07223054096,11.068131083672046,1.829391310208272,0.2028973413128331,-1.0,0.924,0.28985431573969717,0.1584489240981636,0.010730775998322416,0.0,0.0
"[4.06665, -1.30903, 0.000163108]","[0.0, 7350738.0, 8945484.0]","[0.0,0.5,1.0]",304807,6.852015121976061,6.0272518313310055,0.579768703105725,0.0662636761606243,52031.62194203754,5.380089671646365,8.988590945015385,1.0345389201793462,0.97,0.97,2.0862446301368456,1.1836454518542348,0.013212483716341478,0.0,0.0
"[1.94896, -0.253383, 3.13165e-06]","[0.0, 14480740.0, 19944710.0]","[0.0,0.5,1.0]",55792,9.4651873537324,7.187344681139203,0.2907549684439414,0.1480369238161162,48574.75333031381,5.073063059617549,6.453960119970772,1.521975205518011,-1.0,1.134,2.1247558827416726,0.766119143212772,0.00269335863952622,0.0,0.0
"[1.82956, -0.188256, 7.13247e-06]","[0.0, 9549956.0, 12331810.0]","[0.0,0.5,1.0]",6338,9.405041031517044,8.635569603600839,0.6266841965676412,0.3105237660405727,51388.77843068556,5.323159342173817,5.191012096088909,0.6417734426770932,-1.0,1.379,0.8680706442859959,0.2784557272732168,0.001713964089031141,0.0,0.0
"[1.58523, -0.831277, 0.123609]","[0.0, 405486.0, 408212.9]","[0.0,0.5,1.0]",235310,11.049763723639291,7.641782311604736,0.2352069797936022,0.2961165965546069,38246.341302075394,4.140865006574714,7.133740023862564,1.9846687186823535,-1.0,0.628,3.16311367449201,0.0,0.0,0.0,0.0
"[4.21978, -3.74725, 2.57452]","[42890140.0, 50751630.0, 0.0]","[0.0,0.5,0.0]",114026,9.187815148803177,4.243281759714361,0.2445499864121558,0.2926995310435004,53757.089574006604,5.532542676878848,9.28316647717984,0.5488388956509885,-1.0,0.742,0.8806290682619581,1.1274305182811535,1.062432178449968,0.0,0.0
[3.14443],[0.0],[0.0],73838,9.44901359614589,3.427329438565404,0.4562540066600484,0.4504024998844051,23848.24780332581,2.788330310539101,27.324505614166355,1.201717468520588,-1.0,0.807,2.1309503931381695,0.0,0.0,0.0,0.0
"[3.02802, -0.970857, 0.000417125]","[0.0, 8782266.0, 11081620.0]","[0.0,0.5,1.0]",235789,10.215446675833698,7.826329596454031,0.1856319549321037,0.3989904161126935,42997.556106535645,4.572727367395376,6.5094075756756125,1.822944334559092,-1.0,0.854,3.172143145026315,1.7961848970850003,0.0372311556671777,0.0,0.0
"[-0.744667, 4.04467, 0.00334843]","[3813791.0, 0.0, 4520652.0]","[0.5,0.0,1.0]",362298,9.485626234985736,7.558642817181091,0.7007405501935466,0.6461641272734997,65693.6472814579,6.574651295468428,4.270270748885076,0.2819788715170777,-1.0,1.239,0.5670979992202904,0.24333110167559183,0.016316882280876993,0.0,0.0
"[3.47414, -0.21742, 0.00947929]","[0.0, 3563660.0, 3603939.0]","[0.0,0.5,1.0]",154642,10.716008195836697,4.682961793641118,0.5470907732631882,0.1520556657957266,55928.5270796622,5.723694539800807,7.194055836389761,1.3409840032500746,-1.0,1.559,2.499466123438438,0.6387636084296233,0.0,0.0,0.0
[3.11813],[0.0],[0.0],376640,9.93934954810162,5.955439912146173,0.3820899278753968,0.1017204914961767,104344.45261920556,9.843322709012156,2.779197008339289,0.3037311239659231,1.678,1.678,0.5363353299222292,0.0,0.0,0.0,0.0
"[-0.526383, 1.7961, 0.000185309]","[2661701.0, 0.0, 3281971.0]","[0.5,0.0,1.0]",46651,8.868537719084147,5.931975893296714,0.1623031361831026,0.1726634174964925,62140.61246003324,6.266563426867776,5.950260000785534,0.5293194612106564,-1.0,2.03,0.7093868247793637,0.3840332160019975,0.0072055331074429105,0.0,0.0
[3.1618],[0.0],[0.0],113317,9.882704630345511,5.04604026772603,0.1397794182739095,0.2590956284484324,178027.10245636106,15.829619854653677,1.5527477828290692,0.3445927919020466,2.317,2.317,0.6127359847401592,0.0,0.0,0.0,0.0
[3.83202],[0.0],[0.0],309312,9.69285651664664,6.476650890209941,0.1529526921213213,0.0539708082719559,68165.60149089625,6.7880561547575535,4.575357751363487,0.9273244229264468,2.366,2.366,1.8152881869541793,0.0,0.0,0.0,0.0
"[24.332, -12.7109, 0.00527866]","[0.0, 37356460.0, 67201970.0]","[0.0,0.5,1.0]",271067,9.725846718467375,9.389470996959696,0.0890852214353762,0.1930207183550362,19647.336965601586,2.37562616204629,13.397124028002864,0.7217579498383137,0.45,0.45,3.560249876396702,2.5732366430299254,0.05243888165451516,0.0,0.0
"[1.82203, -1.25714, 3.97325e-06]","[0.0, 10259870.0, 15084640.0]","[0.0,0.5,1.0]",171140,7.86554152242979,6.998506015674526,0.4096340637617458,0.1201884174536449,68688.37028138875,6.833092712347816,5.0249661310234925,0.9607287140965888,-1.0,0.513,1.296816515285516,1.0771906958377548,0.0019150217772646455,0.0,0.0
"[-1.74051, 1.98164, 0.000791937]","[31378320.0, 0.0, 33029070.0]","[0.5,0.0,1.0]",29321,9.515692406126425,5.059294338151813,0.2720289911128225,0.1508307464272294,168378.73982768878,15.057683166824418,1.7254846378862752,0.3941728009928334,0.637,0.637,0.5548799514736236,0.5200258288532447,0.011092564699350403,0.0,0.0
"[-0.88014, 2.73764, 9.10064e-05]","[2881678.0, 0.0, 5113918.0]","[0.5,0.0,1.0]",169331,10.059769944054334,9.109639580018284,0.0022321675694699,0.3416502822834882,29400.09398720732,3.3193106564487307,8.86066785172507,0.1134345072540469,-1.0,0.905,0.18768663921602033,0.10641946428117953,0.0010821342836971374,0.0,0.0
"[3.0399, -0.549792, 6.71011e-06]","[0.0, 6121594.0, 8730634.0]","[0.0,0.5,1.0]",132438,26.503113881273503,21.35564484412172,0.0846490830158343,0.4079570072058606,82277.42878034001,7.993441159567647,0.5732506799975869,1.45073749402342,-1.0,1.121,2.5294056489284227,1.0756922594968406,0.003757972998316238,0.0,0.0
"[2.42972, -1.60989, 0.0957836]","[0.0, 1582040.0, 1630104.0]","[0.0,0.5,1.0]",131744,8.533692261275421,6.354268042040496,0.4975244946297057,0.3779330799546061,28536.76243770488,3.237645993653874,14.20948354128265,1.7798673713944644,1.199,1.199,2.7743787916221976,2.3245324082679493,0.0,0.0,0.0
[3.51671],[0.0],[0.0],283065,31.709354192215912,15.97333941827667,0.1672203591647106,0.2214993474858208,40365.889674820966,4.334222012401165,1.5280193519717051,4.242814305262168,1.706,1.706,7.956504315271629,0.0,0.0,0.0,0.0
"[3.2573, -0.31108, 6.97023e-06]","[0.0, 4890645.0, 7346129.0]","[0.0,0.5,1.0]",251242,8.544698481192706,7.847524249152832,0.2151343672544524,0.4010113700607366,45805.94262864519,4.82548980849842,6.981348515534855,1.8677370927955097,-1.0,1.794,3.3708903320714385,1.0417218870768425,0.004931048774938292,0.0,0.0
"[-0.813712, 1.83103, 0.0373607]","[9544116.0, 0.0, 9754724.0]","[0.5,0.0,1.0]",186255,9.469481006453815,9.191478124776951,0.0170465926927331,0.3814559931574536,205336.79351481792,18.00037123751441,0.7829003694636867,0.228458084452451,-1.0,0.492,0.30913932977352226,0.2060828688137878,0.044158471609265774,0.0,0.0
[4.10262],[0.0],[0.0],67338,10.16385316271317,8.472416330855944,0.207193762772716,0.2107496029650686,79197.88366065825,7.732109484883693,2.890006986989706,0.9173277611015824,0.613,0.613,1.858040530144352,0.0,0.0,0.0,0.0
"[2.0212, -0.306444, 0.139278]","[0.0, 5997294.0, 5999395.0]","[0.0,0.5,1.0]",69864,31.99806479263632,22.51702158182936,0.6111300163418155,0.16514041544378,23124.075701469577,2.7179455578622167,2.0499474301935754,8.44023784887833,-1.0,0.622,11.999394456726726,5.634906583857427,0.0,0.0,0.0
"[-0.851896, 10.7142, 0.0072678]","[15718530.0, 0.0, 16694540.0]","[0.5,0.0,1.0]",282592,8.854810700594347,4.503761823783263,0.059852473122479,0.5573508479800857,33694.62221914758,3.721350270680917,15.563184842304851,0.7672947975944634,0.642,0.642,2.5115517325345413,0.7112139045582067,0.0,0.0,0.0
"[3.12821, 0.00427926, -0.142611]","[0.0, 5256721.0, 5092095.0]","[0.0,1.0,0.5]",395198,5.273119860999365,4.408075992427109,0.4367966429744203,0.2146178817410295,20832.87611898244,2.493230390080804,39.62699071926743,0.9852654726761004,-1.0,0.825,1.742614060153517,0.37761545744449887,0.0,0.0,0.0
"[2.64812, -0.421929, 6.15231e-05]","[0.0, 3256254.0, 5415409.0]","[0.0,0.5,1.0]",236461,10.449952628190973,10.423606426015484,0.4092899386039504,0.4651488510559192,123739.81542961336,11.442773595590234,1.3149665342910413,0.4462416660603178,-1.0,0.973,0.7261710800808928,0.2898610136006498,0.0035001706885545345,0.0,0.0
"[2.46023, -0.295794, 2.4971e-05]","[0.0, 17750790.0, 21108850.0]","[0.0,0.5,1.0]",53272,7.572410934424189,6.700623604849389,0.3415776911364333,0.2411260084257354,28610.35218199473,3.244618812583835,14.932587716581647,1.6990954456929064,-1.0,1.399,2.66505165304909,0.9240861389065952,0.008490548421903365,0.0,0.0
"[3.95791, -0.315157, 3.60801e-05]","[0.0, 9119451.0, 12200430.0]","[0.0,0.5,1.0]",29045,6.559983341240585,5.196484731709743,0.4155310603596796,0.2583449472255603,30113.67534964393,3.3865849757244053,19.72328163844073,0.6140699245537286,-1.0,1.505,1.2216612103865154,0.34473176762519264,0.0036885161865793307,0.0,0.0
"[2.06582, -0.334414, 3.90264e-05]","[0.0, 6618780.0, 7936468.0]","[0.0,0.5,1.0]",146252,9.392029804108706,7.35864627431318,0.2699666798970583,0.0744853838029507,122671.79195748364,11.355232573299224,1.948701739504946,0.5163705149699354,-1.0,1.615,0.7421773131167928,0.29860952807728686,0.0032258240958106836,0.0,0.0
"[2.44012, -3.18575, 0.000137061]","[0.0, 104304200.0, 119629700.0]","[0.0,0.5,1.0]",185642,8.574984871201401,5.656103811290851,0.1527042126922353,0.707722679827702,122873.63403845028,11.371781114816118,2.624128620030493,0.4473215278200243,1.913,1.913,0.6987557454210575,0.7984094073701414,0.005236929743363407,0.0,0.0
[3.23046],[0.0],[0.0],202035,8.255219478746042,7.454771596972511,0.1384188672786097,0.3726446982101797,123113.76863253972,11.391466374520345,2.131742280453077,0.6649841640663382,-1.0,2.552,1.1952079881904583,0.0,0.0,0.0,0.0
"[-4.96231, -3.78732, 1.31577, 9.50009, 0.042404]","[225087.3, 225233.2, 0.0, 224248.6, 245401.3]","[0.5,0.5,0.0,0.0,1.0]",58987,9.31181689200791,8.423165390189917,0.3857166451694576,0.0891235519733282,104668.6434655686,9.870239566757084,2.166434160048451,0.8773448611702472,-1.0,0.235,1.0063761286486754,3.752341918614691,0.0,0.0,0.0
[3.83903],[0.0],[0.0],81599,10.208281366555996,7.992796166575705,0.1779417091444189,0.346010944778467,84898.5494318427,8.215191692991601,2.766414363862644,0.4223855784202625,-1.0,0.372,0.8275987662164196,0.0,0.0,0.0,0.0
"[4.34029, -4.56343, 2.97172]","[13194.9, 18973.1, 0.0]","[0.0,0.5,0.0]",238512,9.85697135582098,6.375851456439906,0.5136854925934832,0.170136983490529,133257.9683852079,12.220487887675096,1.894439397697096,0.401900266539121,0.527,0.527,1.3849788747063034,0.0,0.0,0.0,0.0
"[2.31955, -0.295709, 0.000934533]","[0.0, 7549762.0, 8373057.0]","[0.0,0.5,1.0]",217308,8.758721151133976,7.131249250466475,0.0643179790968261,0.0320857454335218,55954.6013296988,5.725985202841657,5.837385712504934,0.3640383118288382,-1.0,0.647,0.5544328586944557,0.1979608742179346,0.011128699421327512,0.0,0.0
[3.01617],[0.0],[0.0],56458,10.155060601699237,9.586777874046906,0.8230651372345896,0.7142006755879998,68001.2319047837,6.773889121909715,3.162910967189396,0.8266847342091387,0.96,0.96,1.4357136382371505,0.0,0.0,0.0,0.0
"[1.86081, -0.307008]","[0.0, 6551183.0]","[0.0,0.5]",79659,39.56525610701615,34.94263921892976,0.4338799968796919,0.4643200760727897,82511.44188607445,8.013263890077713,0.2710011449611367,1.6102640442650311,-1.0,1.096,2.196585494199323,0.89221997473938,0.0,0.0,0.0
"[7.09897, -0.281143]","[0.0, 30509970.0]","[0.0,0.5]",205254,8.9165952872671,7.305872554444352,0.5293693276305311,0.2801061627966678,134369.73177066975,12.31105407139779,1.806580303889904,0.5466717422094346,1.404,1.404,1.4565463054745555,0.28986131819771555,0.0,0.0,0.0
"[3.28274, -0.0933684, 0.00091301]","[0.0, 37264810.0, 37839750.0]","[0.0,0.5,1.0]",216573,32.608038173919624,11.347772981547363,0.1931976635179403,0.2455799695930488,144620.90254764742,13.143624879622305,0.4007551368387836,0.7979677178052365,1.987,1.987,1.4457845039265091,0.24382895670623855,0.02411143671664393,0.0,0.0
"[1.93013, -2.79638, 3.64448, -0.43707]","[0.0, 52795530.0, 49829920.0, 93330320.0]","[0.0,0.5,0.0,0.5]",37627,10.224254289326526,7.809910152377219,0.0294454967541505,0.0723890862341177,116486.74861597978,10.847110248211514,1.8540031538816435,0.3176604311521382,2.234,2.234,0.44132283719809795,0.6064303197909744,0.531203850846427,0.210009344817326,0.0
"[-0.478841, 2.0467, 0.0225115]","[2043571.0, 0.0, 2140853.0]","[0.5,0.0,1.0]",19575,10.236286452546388,10.003920742978435,0.2235331506419307,0.5749615133639946,23663.693446624315,2.7704200035407403,10.127127637460994,1.850670484463757,-1.0,0.487,2.647623294227312,1.3103903648007151,0.0,0.0,0.0
"[5.05049, -3.28256, -6.01759, 7.40598, 2.03027e-05]","[0.0, 1194642.0, 721875.5, 441116.1, 7316031.0]","[0.0,0.5,0.5,0.0,1.0]",157690,27.506143172818103,26.830266633393137,0.3563116038476595,0.3219186602541586,45470.26730977962,4.795368670081309,0.9540051103227626,2.4148261216912217,-1.0,0.628,5.426910044275514,6.571690965702879,5.92375600895635,4.375142488600151,0.010880848508249741
"[2.03902, -0.863461, 0.000171066]","[0.0, 4014230.0, 5796882.0]","[0.0,0.5,1.0]",254153,10.076051564813868,7.8848063084156,0.4255296243899899,0.0886762282244853,14121.605461844678,1.812313132768967,20.44709807275988,6.321036627908606,-1.0,0.776,9.026077324663719,5.873671720797244,0.08267422969735083,0.0,0.0
"[3.83846, -1.11158, 0.000999079]","[0.0, 67796870.0, 70081660.0]","[0.0,0.5,1.0]",58833,10.741423735670132,4.798886427670069,0.0658403338687486,0.4524638579699563,29043.437583065705,3.28561056523811,14.881267486311051,1.4450884911179716,1.006,1.006,2.831215660586451,1.523578390805642,0.04567666188102497,0.0,0.0
[7.28367],[0.0],[0.0],234213,10.672874201917583,6.461469375990409,0.29616925381769,0.5446335857359755,52858.66264497495,5.45322615656594,5.808872674211367,0.3374177737691402,1.022,1.022,0.9106323746661613,0.0,0.0,0.0,0.0
"[3.34813, -0.391411, 1.76834e-05]","[0.0, 5844817.0, 8850565.0]","[0.0,0.5,1.0]",319840,9.05819541438222,6.446666230228519,0.141316659334297,0.0875622855767953,73735.82115839348,7.266328483197389,4.391722112653099,0.0275869149934118,-1.0,1.658,0.05047825029977302,0.017259159805738427,0.0001160074878054086,0.0,0.0
"[1.80631, -0.213541, 7.30845e-05]","[0.0, 10242960.0, 11392930.0]","[0.0,0.5,1.0]",232177,34.218104389902784,31.689661629521733,0.0931032210851542,0.2288632293084273,130762.57828612252,12.017005594517135,0.179747842312293,1.4214328259607547,-1.0,1.887,1.9103919690635518,0.6568511683242152,0.012151754324768194,0.0,0.0
"[2.02144, -0.668357, 1.69245e-05]","[0.0, 15682070.0, 20318510.0]","[0.0,0.5,1.0]",212223,10.450523663362278,7.926020311085104,0.3369025350005867,0.02430255917761,67033.37643129178,6.69040314196969,3.695640555748935,0.9717417629693912,-1.0,2.675,1.3815967266294866,0.7944290532814624,0.0039976870339249,0.0,0.0
