mu_list,td_list,n_list,idx,m1,m2,a1,a2,Dl_s,z_merge,duration_time,SNR,z_lens_sbh,z_lens_hh,Signal_1,Signal_2,Signal_3,Signal_4,Signal_5
"[5.59891, -2.51775, 0.00177491]","[0.0, 91150.19, 167300.5]","[0.0,0.5,1.0]",23449,32.257202776400135,28.58227245320951,0.2288568986697732,0.8766980278688051,29031.92218347152,3.284521821954673,1.3118311897729489,54.14058121531899,-1.0,0.338,154.26203999366098,0.0,0.0,0.0,0.0
"[-0.417334, 2.09581, 0.00409961]","[5298849.0, 0.0, 5736575.0]","[0.5,0.0,1.0]",204574,9.855808912350328,6.386207823664084,0.5314372455256204,0.6328689812130707,28963.702257761204,3.2780691332009244,12.404383608407278,17.30346533161329,-1.0,0.564,25.050075622233546,11.233049465181654,0.0,0.0,0.0
"[3.80249, -0.288732, 0.000150024]","[0.0, 7763366.0, 9235616.0]","[0.0,0.5,1.0]",388096,9.85826827364975,7.259168670920193,0.2088366455186944,0.1101421087702747,18247.72020713452,2.2354729678245926,17.68503632460512,43.5270947046188,0.704,0.704,84.87772306599814,23.39483246466001,0.0,0.0,0.0
[3.34018],[0.0],[0.0],8059,10.142712280647562,8.87763082733259,0.2774804563999197,0.3427870069815045,48969.19174723629,5.108208429823065,5.04826377063646,17.18077151278671,-1.0,0.777,31.399851764791304,0.0,0.0,0.0,0.0
"[-0.463454, 1.85571, 5.90713e-05]","[6454606.0, 0.0, 7748020.0]","[0.5,0.0,1.0]",38576,8.238651221102998,6.551848767685183,0.1097611038000389,0.6442460498574142,156724.2934669073,14.121250228199688,1.709378850568629,4.532618062439359,-1.0,0.97,6.174533896758933,3.0856910619678914,0.03483673054932949,0.0,0.0
"[-1.21329, 3.34583, 7.70765e-06]","[5759859.0, 0.0, 10977460.0]","[0.5,0.0,1.0]",25674,9.777164257503603,7.3099817877536815,0.5143432857787645,0.0367259444276763,80200.45907817969,7.817285692079625,3.328480162504232,6.40085296814977,-1.0,1.152,11.708190679200113,7.050503951749346,0.017770467120231233,0.0,0.0
[4.05624],[0.0],[0.0],317024,31.871716823274216,23.50165350624736,0.4134616948772805,0.267688171167686,16603.886163554467,2.068833788798067,2.7290889243657177,93.2378267948504,1.241,1.241,187.7820016487546,0.0,0.0,0.0,0.0
"[-1.99971, 5.72434, 3.12728e-05]","[4905878.0, 0.0, 12552940.0]","[0.5,0.0,1.0]",284937,10.317904279165491,9.587084739388276,0.1406850589546364,0.2763565063558763,41808.27808824119,4.465150677029579,5.615854880527281,19.18799264762718,-1.0,1.381,45.908410241306186,27.13395201150865,0.1073032626031411,0.0,0.0
"[1.43589, 0.000141306, -0.148778]","[0.0, 10758930.0, 9856486.0]","[0.0,1.0,0.5]",286665,32.59160353566578,22.7913213207948,0.0483091302519979,0.701270484735665,33060.97248344904,3.662439393358444,1.3706868749451524,65.53346852633422,-1.0,1.477,78.52785597429416,25.27740651226623,0.7790107595868542,0.0,0.0
"[3.00322, -1.67515, 0.216099]","[0.0, 1259436.0, 1271549.0]","[0.0,0.5,1.0]",113734,10.589715951294274,9.594362180821904,0.2241966072713327,0.4795125877585945,76848.8321710468,7.532159917746535,2.614454562023936,6.1927403661374525,0.4,0.4,10.731895770748297,8.516423076599324,0.0,0.0,0.0
"[1.4499, -0.217713, 0.00191504]","[0.0, 7574800.0, 7963596.0]","[0.0,0.5,1.0]",326833,9.121748690985344,6.408119924084188,0.3940771601325015,0.1365441929970798,16937.454796631362,2.1028393854550456,22.474595868604418,31.664657214336007,-1.0,0.607,38.127981639150285,14.839480036180191,0.0,0.0,0.0
"[-6.93331, 3.15448, 6.50731, -0.493008, 0.00730338]","[947077.9, 0.0, 874225.4, 6692704.0, 7271163.0]","[0.5,0.0,0.0,0.5,1.0]",385518,9.40526895575097,7.566784375731111,0.5622763172985937,0.7040781503220699,64609.53200039579,6.480820153858936,4.386219739106813,11.17577553588124,-1.0,1.309,19.84913381397325,40.97201488074746,7.847018088807533,0.9550797110964989,0.0
"[2.3037, -0.385548, 0.000236405]","[0.0, 13845270.0, 15031570.0]","[0.0,0.5,1.0]",297581,9.902850050392836,9.01623783967576,0.3586300333815265,0.421229628249822,67189.07953773261,6.703841528865016,3.451801328833774,11.346200768036914,1.901,1.901,17.221200582529,7.04514103097983,0.17445314084617888,0.0,0.0
"[1.80894, -1.22218, -0.978751, 2.80631, 3.25996e-06]","[0.0, 13875900.0, 14448930.0, 12898220.0, 26171950.0]","[0.0,0.5,0.5,0.0,1.0]",140301,9.827236982933556,9.611161386764072,0.1018525404153362,0.847276761391635,140054.67648568287,12.773314429601472,1.2502368072426615,2.4269780944934967,-1.0,2.791,3.2642088472939967,4.065684540674369,2.6830788926581484,2.4010542121351595,0.004381996154613367
"[1.45986, 0.00165615, -0.167369]","[0.0, 4910946.0, 4786923.0]","[0.0,1.0,0.5]",227040,9.514411953613182,7.260246917389029,0.0992393720841337,0.3446948953043925,45583.55430372508,4.805536899344192,6.868429270442637,8.061302135877863,0.33,0.33,9.740041409610614,3.3142164129354295,0.0,0.0,0.0
"[4.10451, 0.000566537, -0.0746518]","[0.0, 103140000.0, 102400400.0]","[0.0,1.0,0.5]",311561,10.241714964972282,3.7805668053113934,0.0360133978090585,0.6173977330010678,39297.13294580416,4.236871414300188,13.706722942897716,8.000409395137124,0.68,0.68,16.208501675074174,2.194189209013017,0.0,0.0,0.0
"[1.95049, -1.16599, 0.00711706]","[0.0, 1224717.0, 1398151.0]","[0.0,0.5,1.0]",138072,9.959646482241464,9.875578562469276,0.3611546182315871,0.1014453566403947,31090.68460682801,3.47837818215002,7.861670186630178,23.28198474548497,-1.0,0.881,32.51560689257156,25.21673326220715,0.0,0.0,0.0
"[3.95984, -0.447662, 3.11805e-05]","[0.0, 28744200.0, 38770150.0]","[0.0,0.5,1.0]",280761,9.469536698581836,9.096291913807477,0.0407508636650974,0.1219281005630842,12657.970577326165,1.657750887697759,20.95228512417242,45.42883400440071,-1.0,0.932,90.40041190727044,30.395318987363613,0.25367234739143446,0.0,0.0
"[-1.82169, 3.2786]","[12328100.0, 0.0]","[0.5,0.0]",79289,10.094885800877345,9.406301601001989,0.1508735683559335,0.1451056078222831,93891.30735934696,8.971623391633978,2.1327197258614854,5.975664836734423,1.166,1.166,8.065354630907347,10.820079407845903,0.0,0.0,0.0
[4.1364],[0.0],[0.0],245330,26.92391716939352,25.09378281534015,0.5478963133998983,0.3571539252650304,40890.96336026636,4.381943471791821,1.1618702672402863,1.4322669120925766,0.461,0.461,2.9129647135385,0.0,0.0,0.0,0.0
"[1.7879, -0.257752, 7.02635e-05]","[0.0, 1698044.0, 2216011.0]","[0.0,0.5,1.0]",142210,10.46235804081309,5.088626155468761,0.2227412714680474,0.1891059872735729,25523.752344178705,2.950109062701991,16.50887762131834,20.142495172402047,-1.0,0.47,26.933009260645413,10.22759392839177,0.0,0.0,0.0
"[4.14385, -11.3642, 4.46122e-05]","[0.0, 1086201.0, 4438886.0]","[0.0,0.5,1.0]",66407,10.744066666391896,7.126020652997036,0.239686953119223,0.519611537984132,48512.47984903607,5.067511744299316,5.880112038576237,12.91191768752628,-1.0,0.715,26.284078885900907,43.527145078377806,0.0862417516880412,0.0,0.0
"[2.1907, -0.225964, 9.33433e-05]","[0.0, 5919245.0, 7001761.0]","[0.0,0.5,1.0]",123911,10.610725365559784,8.885635519082594,0.0227980023058239,0.2780985419082354,50350.70259205687,5.231070913727022,4.702440580826302,15.080638651712247,-1.0,1.14,22.32087359530992,7.168682746544009,0.14570058959784957,0.0,0.0
"[4.33162, -0.107343]","[0.0, 22556380.0]","[0.0,0.5]",332097,22.852131841740025,16.826265501089132,0.5562273667298893,0.5593568981779262,157106.98739314603,14.15207346709457,0.3322974384511521,6.254405794258587,-1.0,2.796,13.017009762720294,2.04914608088374,0.0,0.0,0.0
"[1.93753, -0.225286, 0.0119959]","[0.0, 4589335.0, 4634347.0]","[0.0,0.5,1.0]",232852,10.512211879079748,9.94561532788741,0.274667488523313,0.0663729313939873,52268.19983202961,5.401022806012437,4.120234849259108,7.236779946834007,0.283,0.283,10.073249357947336,3.5251505766602804,0.0,0.0,0.0
[4.72121],[0.0],[0.0],62278,10.73815503099386,9.02729256006548,0.1439810062633588,0.1399234403008874,134079.35536016978,12.287404805594306,1.300543682462184,4.06259400942593,-1.0,0.422,8.827344643436216,0.0,0.0,0.0,0.0
[22.3035],[0.0],[0.0],347670,31.2458527172883,26.19500829076696,0.2149196468899856,0.1681797759090164,80487.75217285214,7.84167604172512,0.4333930258273751,27.583683031890008,-1.0,0.422,130.26830547242807,0.0,0.0,0.0,0.0
"[1.64207, -0.242222, 0.00149732]","[0.0, 2311362.0, 2444224.0]","[0.0,0.5,1.0]",42911,10.553908830232889,7.721231079371811,0.0007187425808989,0.0694089323621103,39148.98886929677,4.223354250230538,7.144657324832647,10.619215327699964,-1.0,0.44,13.607810744512847,5.242487528962713,0.0,0.0,0.0
"[-1.85237, 8.14257, 0.00344456]","[736002.6, 0.0, 1194585.0]","[0.5,0.0,1.0]",170758,10.61657150981784,9.641032766580228,0.1439308443477346,0.201791473496157,41429.53497347597,4.430820821482336,5.516825479199241,18.622446430292538,0.487,0.487,53.139502485469265,25.369039373764018,0.0,0.0,0.0
"[1.91306, -0.369919, 0.00277956]","[0.0, 6128421.0, 6593822.0]","[0.0,0.5,1.0]",318640,8.06603152938136,5.708170855502108,0.1645894399566279,0.0496437618830749,111641.6278879607,10.447611744776037,3.1120792294153525,4.420579729033219,-1.0,0.561,6.11425466314112,2.6886393284591334,0.2330597383080004,0.0,0.0
"[1.85934, -0.360126, 4.3508e-06]","[0.0, 4155297.0, 6151424.0]","[0.0,0.5,1.0]",93063,9.600750601206048,7.874638443157516,0.0599731194364755,0.273920330370204,27285.92330229835,3.1187711609583766,11.27294076352602,27.424698720878396,-1.0,0.718,37.3956659329074,16.457698573972397,0.05720400358348682,0.0,0.0
"[2.0859, -0.739283, 2.51818e-05]","[0.0, 4780024.0, 6050894.0]","[0.0,0.5,1.0]",106598,11.955513487295118,11.507794766249122,0.0237433557926759,0.2561719578413016,76563.66854746963,7.507850053662247,2.039763825199335,7.579120369161714,0.963,0.963,10.946254632200358,6.516646518261154,0.038033140661490474,0.0,0.0
"[2.04525, -0.237067, 0.000609087]","[0.0, 17160750.0, 18235670.0]","[0.0,0.5,1.0]",323615,10.161753710359053,5.8715820282812965,0.575045921737223,0.3605953556736619,45077.34482727344,4.760079561601171,7.936217315034685,9.783760564690931,-1.0,1.008,13.99197486963594,4.763666702090888,0.24146015824740974,0.0,0.0
"[4.09589, -0.936546, 0.00802194]","[0.0, 1401650.0, 1752932.0]","[0.0,0.5,1.0]",73872,10.375500308159063,4.355956674058735,0.5155256911054911,0.148880264896442,21700.064791769564,2.578661699109251,22.516372055422018,11.5948388953413,-1.0,1.047,26.031531307068796,0.0,0.0,0.0,0.0
"[2.55817, -0.595954, 1.76164e-05]","[0.0, 36381120.0, 44327810.0]","[0.0,0.5,1.0]",80269,10.375770930290258,9.635061169643404,0.7768873342975467,0.4547555980964363,56334.34469984888,5.759334683042333,3.906163974431325,7.000497874898038,-1.0,1.594,11.196792474405715,5.404248337673105,0.029382416426388353,0.0,0.0
"[3.61986, -0.0320985, 6.9085e-06]","[0.0, 22551680.0, 24451140.0]","[0.0,0.5,1.0]",325739,9.366842933571949,6.153330941342521,0.2655220593333548,0.1534372294351263,57105.06905505416,5.826951540146122,6.122481850515748,4.588598765362972,1.674,1.674,8.73023574168234,0.822095844259478,0.012060684726491933,0.0,0.0
"[3.91529, -5.99623, 6.21516, -0.266677, 0.00401132]","[0.0, 44460150.0, 34269180.0, 165382000.0, 167143000.0]","[0.0,0.5,0.0,0.5,1.0]",394942,34.57018096851607,5.96654847869361,0.2675367439901652,0.4657486447240632,27258.57072658256,3.1161639038776427,5.475374543633299,25.46273034647251,-1.0,0.678,50.383338162075674,63.47915361104617,62.35109893404193,13.149152168200496,1.612681579232584
"[1.64974, -0.192137, 4.32784e-06]","[0.0, 11986590.0, 14414160.0]","[0.0,0.5,1.0]",401870,10.587057192509471,9.152393268137956,0.6306611359716259,0.8628242634823343,87090.02281409311,8.400135788026429,2.3153770909577767,5.651722836263419,-1.0,1.034,7.259197425827368,2.4773442404062886,0.011757539702262869,0.0,0.0
"[2.37509, -0.257451, 0.000180671]","[0.0, 23442310.0, 25758990.0]","[0.0,0.5,1.0]",37755,6.766011022474337,6.496802402075351,0.6024099136354543,0.2998876267396799,43616.164253478695,4.628554097126717,10.50900608758987,13.688705353310937,-1.0,1.137,21.0961114450524,6.945598377192267,0.18399524500366585,0.0,0.0
"[3.20553, 5.19218e-05, -0.0235273]","[0.0, 44657620.0, 43129570.0]","[0.0,1.0,0.5]",89846,9.736534408054784,7.62531810703891,0.1181905032490766,0.2272935097367919,44305.02633219544,4.690619465512501,6.683140636376012,3.536063373642659,-1.0,1.454,6.330965731155358,0.5423830201093891,0.02547973517701125,0.0,0.0
"[1.5112, -0.325634, 0.000309845]","[0.0, 8741123.0, 10041490.0]","[0.0,0.5,1.0]",214923,9.626176421683114,7.418555989243427,0.0618401964777779,0.3916012987024682,18320.83392432094,2.242830928149695,17.63030719802724,30.34424987986913,-1.0,1.553,37.30245185462414,17.323984969276434,0.0,0.0,0.0
"[2.12954, -0.333786, 0.10808]","[0.0, 14008070.0, 14017730.0]","[0.0,0.5,1.0]",17169,8.149476253011635,6.155248222365625,0.0317636575494802,0.2397564454170669,56973.52258466267,5.8154172460560005,6.865528975545664,11.18453370241899,-1.0,0.263,16.321526839547175,7.434695315996925,0.0,0.0,0.0
"[-2.02906, 3.63952, 3.59084e-05]","[3218865.0, 0.0, 7111509.0]","[0.5,0.0,1.0]",288799,32.38157126668747,28.08751359521392,0.1115497590900938,0.0326394149707445,32372.66513716937,3.59829312401041,1.1796387238356203,44.94789478831483,0.641,0.641,85.74946334947603,64.02606340177985,0.26934404793706973,0.0,0.0
"[2.51109, -0.89549, 0.00118166]","[0.0, 4997589.0, 5785335.0]","[0.0,0.5,1.0]",257993,9.753299094123047,8.949141422980416,0.3805013232024941,0.2320634453804333,68234.89936472887,6.79402822965841,3.44990190392791,7.973023477082408,0.642,0.642,12.634387194145914,7.54489869867816,0.2740749289584771,0.0,0.0
"[-3.42869, 7.72829, 15.4694, -14.5631, 0.000352005]","[8697197.0, 0.0, 1731209.0, 1978077.0, 16589850.0]","[0.5,0.0,0.0,0.5,1.0]",199586,9.183009497339295,6.511234973615806,0.2057732533295074,0.1198227790682607,111695.34679680812,10.45204840353396,2.5013241027140243,4.600090329925429,-1.0,0.644,12.788160107887505,18.09268801875244,17.554694488062392,8.517859460594954,0.08630595768229368
"[-5.42885, 3.21302, 0.0206336]","[93798.69, 0.0, 129480.4]","[0.5,0.0,1.0]",169264,9.60634806919918,7.948586018341375,0.0920878725477085,0.4027189736968151,84886.09458979632,8.214139414259222,2.921261460173489,4.886710433496057,-1.0,0.891,14.382630369643781,0.0,0.0,0.0,0.0
"[1.54792, -0.542967, 0.364096]","[0.0, 9190740.0, 9190947.0]","[0.0,0.5,1.0]",257599,9.74667098381083,4.763651576007432,0.223079432316905,0.42864312406027,82099.80061790581,7.97839124330125,4.7076992161908136,1.9021337294196663,-1.0,1.09,2.366547918098552,1.8115894077605423,0.0,0.0,0.0
[10.8211],[0.0],[0.0],300255,29.16894000503876,16.247215793240308,0.6736967688547209,0.4551554529456079,92089.58052143177,8.820583466977569,0.581012174407087,10.48227912265862,-1.0,1.102,34.48191882773897,0.0,0.0,0.0,0.0
"[2.15903, -1.38283, 0.000631644]","[0.0, 1627582.0, 1881065.0]","[0.0,0.5,1.0]",266391,10.139266215420056,9.248918592715045,0.6673174875233656,0.2856828748571172,40613.0849361949,4.356696966899339,6.071508766550824,1.2185909053447954,1.447,1.447,1.7905533729636747,1.4333144988252378,0.0,0.0,0.0
[4.34125],[0.0],[0.0],199730,10.38812520306088,8.82072748310907,0.0155666230655165,0.6702128964805384,112666.20907568844,10.532203514250453,1.7257660537459172,4.5112280945058325,-1.0,1.462,9.399444424502422,0.0,0.0,0.0,0.0
"[3.36346, -0.359373, 0.000347679]","[0.0, 6637792.0, 7632918.0]","[0.0,0.5,1.0]",181057,9.721051357214945,4.033820114369,0.4228296531628311,0.3739212067469128,49831.270285710525,5.1849180464449525,10.1908252687343,10.157454309738856,0.463,0.463,18.62850535821276,6.089163003078138,0.18939744123954533,0.0,0.0
"[-0.952026, 2.47385, 0.000817716]","[2144975.0, 0.0, 2829805.0]","[0.5,0.0,1.0]",179008,10.262911237345424,10.225816295330445,0.1677440728590474,0.595126327231262,54152.10666938788,5.567373307131164,3.934840391704337,11.626961912571677,-1.0,0.603,18.28744071837985,11.34463831417872,0.3324815094703871,0.0,0.0
"[-1.97585, 1.5987, 0.00350121]","[3750017.0, 0.0, 4474840.0]","[0.5,0.0,1.0]",123482,9.69228482912335,4.094207657013511,0.156674752998783,0.2618294019455218,20352.86770936708,2.445729969463222,26.717553316214897,25.14002976922039,-1.0,1.271,31.78698047078117,35.36936135543358,0.0,0.0,0.0
"[-3.01291, 3.18935]","[5272627.0, 0.0]","[0.5,0.0]",173572,10.378578387994722,10.107226593713994,0.6567101554825883,0.543454537320282,34539.88226058206,3.799731345714065,6.638395356992818,8.917675424575897,1.306,1.306,15.479065599861698,15.925854808215323,0.0,0.0,0.0
"[3.17565, -0.0924572]","[0.0, 14617190.0]","[0.0,0.5]",204134,36.23987589938675,25.26232567398189,0.0416646989250157,0.2776846009028205,171370.6297273932,15.297362318055642,0.1430490061605197,5.740679902780235,-1.0,1.536,10.230094538071095,1.7455556536977461,0.0,0.0,0.0
[3.2536],[0.0],[0.0],203534,10.674154549823813,5.839185741402049,0.0544381934827917,0.4844538867738701,115648.20038874574,10.778062995958615,2.329054236918835,3.5412648297262552,1.767,1.767,6.387640795714152,0.0,0.0,0.0,0.0
[3.64847],[0.0],[0.0],79675,9.389416618893168,6.755991765988064,0.2858548859003861,0.887815273208441,63999.52455908426,6.427957169617669,4.897222418782746,9.57708290752552,0.618,0.618,18.293155953067988,0.0,0.0,0.0,0.0
[3.24549],[0.0],[0.0],302869,7.633971782202411,5.990066161553373,0.3497792581409505,0.4171242962116037,48299.83415825495,5.0485494818951,9.040891116934,11.743961641283107,0.778,0.778,21.15703291555258,0.0,0.0,0.0,0.0
"[-0.666402, 1.43003, 2.78768e-05]","[3958978.0, 0.0, 5292435.0]","[0.5,0.0,1.0]",174541,9.7775576123771,7.769607220180575,0.4331941007049804,0.3863684330854479,64312.36534982585,6.455073642459182,4.178911408542555,7.88422912629379,-1.0,0.959,9.428265661393059,6.436168164963774,0.041627535189520205,0.0,0.0
"[-0.283869, 3.91787, 0.0107278]","[743596.9, 0.0, 775113.3]","[0.5,0.0,1.0]",72243,7.953490962506543,7.536223497814189,0.21512943600311,0.4150868109539964,33927.99314943848,3.743013765398273,10.795823874417891,11.352064781982843,-1.0,1.273,23.29931249934519,0.0,0.0,0.0,0.0
"[1.5567, 0.075998, -0.171996]","[0.0, 2449859.0, 2449438.0]","[0.0,1.0,0.5]",255842,10.12528241213728,4.191685024556542,0.1687150480233187,0.0086151028599252,74417.87848185087,7.324657770633848,5.8155050237090045,4.784076437933936,-1.0,1.484,5.968986170995079,2.3824220327109322,0.0,0.0,0.0
"[3.1518, -0.0917577, 0.000180768]","[0.0, 17017690.0, 18226710.0]","[0.0,0.5,1.0]",87052,25.66856349128645,24.462503430735104,0.0491853097021595,0.4932499020133987,56149.6563719885,5.74311790397751,0.8480252549323856,15.659596225278523,-1.0,1.624,27.800965922503046,4.743531831939817,0.2105432566899289,0.0,0.0
"[-0.312305, 1.83215, 0.000477858]","[1777495.0, 0.0, 2084596.0]","[0.5,0.0,1.0]",180632,9.444528879713744,8.893511987381974,0.1815286795098847,0.1866585824800018,194757.147204274,17.16175616822921,0.8695832663970948,2.603938629589237,-1.0,1.823,3.5246115324716394,1.4551917138432517,0.05692200314764015,0.0,0.0
"[1.6546, -0.495388]","[0.0, 24713340.0]","[0.0,0.5]",49716,10.174025450596044,7.061060351103646,0.0808207940250337,0.3900665343630457,175940.32603137777,15.662903256574946,1.1496548492128222,1.6951213201941744,2.284,2.284,2.1804558435626715,1.1930908837628946,0.0,0.0,0.0
"[-0.597008, 3.34513, 0.000779209]","[1136056.0, 0.0, 1502403.0]","[0.5,0.0,1.0]",78793,9.129446138850792,7.985118718563272,0.1193197319745969,0.0364150224648753,10476.338069013003,1.4216326008147502,28.135798486441264,42.61009468603117,-1.0,0.255,84.60992855427222,0.0,0.0,0.0,0.0
"[-1.74517, 3.09625, 0.0186561]","[5630486.0, 0.0, 6028304.0]","[0.5,0.0,1.0]",228150,8.30500775750518,7.148178474508694,0.2999082915250809,0.0228373876468269,35552.177694651335,3.893304825248346,10.33975675409564,18.308713279888337,0.518,0.518,32.216312799723454,24.31564005623907,0.0,0.0,0.0
"[3.07361, -0.0858894, 0.00882585]","[0.0, 26428850.0, 26473350.0]","[0.0,0.5,1.0]",108222,9.242520727591154,5.464369836985073,0.4033592603348506,0.457207674405825,145604.0339533662,13.223244280745536,2.0193991855966336,3.1287968123924923,0.714,0.714,5.4853171255734585,0.9629135884877498,0.0,0.0,0.0
"[-7.49757, 34.228, 0.00210617]","[54099.67, 0.0, 138464.1]","[0.5,0.0,1.0]",324710,9.061368033623332,8.965317987056448,0.0091093875179493,0.4285107424399746,56881.54585919335,5.807350954720299,4.588025096171815,1.7741788658900757,0.89,0.89,11.460656639291663,0.0,0.0,0.0,0.0
"[1.6154, -0.497725, 0.000100146]","[0.0, 4891108.0, 6177694.0]","[0.0,0.5,1.0]",74449,8.287364426908745,8.264219230858531,0.5108724282972914,0.0367717536194116,73789.74677690511,7.270942019535427,3.8233742799188377,5.556945677265298,-1.0,1.094,7.062788327079408,3.920404499164858,0.05561000768041413,0.0,0.0
"[3.51926, -2.96533, 0.0026567]","[0.0, 1309098.0, 2517335.0]","[0.0,0.5,1.0]",72678,18.74280057664452,11.377179946300531,0.3650786122199463,0.0456754378910756,67393.76511945688,6.721502998864669,1.6812136217650937,15.328777404297488,-1.0,1.295,28.75631248913182,26.39635942917414,0.7900940214776901,0.0,0.0
[4.22363],[0.0],[0.0],97891,9.24629097812405,6.74468416884893,0.6126385768952526,0.4272861961093731,21814.19274767629,2.5898696722980947,16.683027346322113,20.00766348351852,1.329,1.329,41.11869352016444,0.0,0.0,0.0,0.0
"[1.5595, -0.385278, 0.000751696]","[0.0, 5179763.0, 5841225.0]","[0.0,0.5,1.0]",100426,10.16090668174752,6.533809526874991,0.3632313418852597,0.4775274828921078,20204.62716050892,2.4310297305036395,17.14339383510381,26.01254907716336,-1.0,1.546,32.484456289932155,16.16193180726575,0.0,0.0,0.0
"[1.58419, -0.296949, 0.000367973]","[0.0, 8470493.0, 9732658.0]","[0.0,0.5,1.0]",273494,10.563460092789132,7.395012009455176,0.0550322400213554,0.0988569208433692,25724.28389700954,2.969376596273145,11.7089440497899,12.731052213739687,-1.0,2.012,16.02388919220398,6.937535730003057,0.24421496666039308,0.0,0.0
"[3.68952, -4.08683, 0.00203828]","[0.0, 920037.3, 1930099.0]","[0.0,0.5,1.0]",250259,8.53285597693467,8.3743401507942,0.1348884942634706,0.1508763802285979,33007.60247463152,3.6574710136801456,9.61107810508758,16.947377592566752,0.259,0.259,32.5527318097343,34.26066529679419,0.7651285848902607,0.0,0.0
[3.29637],[0.0],[0.0],274129,10.820480687427033,8.728500321166722,0.6063274815303795,0.2411791947191694,52188.8952029944,5.3940065623798725,4.500667359384334,11.849339634694868,0.647,0.647,21.51355218005297,0.0,0.0,0.0,0.0
[3.4492],[0.0],[0.0],136776,11.011660379158853,10.758195567377244,0.4713857858604118,0.2944161965167918,36620.76456136247,3.9917451484072295,5.618871813847684,13.144774369721327,-1.0,0.778,24.412503836598997,0.0,0.0,0.0,0.0
"[1.53165, -0.214819, 1.88696e-05]","[0.0, 3914166.0, 4662255.0]","[0.0,0.5,1.0]",323778,33.3469701858692,30.27217443098826,0.0297625271399303,0.364932421863346,51398.30928143527,5.324003998329996,0.6355541718414465,3.292814472678762,-1.0,0.858,4.075182189371231,1.526172441781847,0.014303707117304177,0.0,0.0
"[2.12648, -6.10148, 0.000333964]","[0.0, 2842914.0, 5348548.0]","[0.0,0.5,1.0]",217727,9.590095676760598,6.396837635411652,0.5659706002958351,0.5872015579264691,73080.46197260676,7.210235918051279,4.271537755124247,2.276177128373921,-1.0,0.975,3.3192251028312123,5.622424744200828,0.04159641305962764,0.0,0.0
[3.42275],[0.0],[0.0],290262,9.15342100094382,7.407941206621811,0.3824132188763322,0.3294384920171841,36906.94283758835,4.018052028319444,8.883197358097215,11.87834236526061,-1.0,1.059,21.975735951776503,0.0,0.0,0.0,0.0
[9.10484],[0.0],[0.0],354893,10.157027334743692,4.647060568983332,0.1292781727183523,0.7648265301955464,72413.44108124616,7.153097902729366,5.474628978945063,6.417155934193084,-1.0,1.477,19.36327225060614,0.0,0.0,0.0,0.0
"[3.60924, -3.15332]","[0.0, 506412.3]","[0.0,0.5]",322724,9.53923673017784,6.74380900488085,0.0249715053260746,0.1534708596393891,74734.214592782,7.351694037353341,3.9833232981201623,4.100827004791254,1.532,1.532,7.7907511005312795,7.282080431086196,0.0,0.0,0.0
"[-3.5554, 2.99132, 0.000304984]","[12950400.0, 0.0, 16714910.0]","[0.5,0.0,1.0]",266511,25.34170860995761,24.899900924020987,0.1951970431830239,0.338703068415763,68475.05651813018,6.814719771186898,0.6604533957052773,29.23074387507744,-1.0,1.557,50.55583699858717,55.11681351532659,0.5104796050797379,0.0,0.0
"[2.0492, -0.324536, 0.00187871]","[0.0, 18900480.0, 19891650.0]","[0.0,0.5,1.0]",98597,10.910294823822245,8.069190857197423,0.079774733672105,0.0673617176811604,62676.29037836598,6.313118970258839,3.822089020255541,2.313439259443713,-1.0,1.598,3.3116945622538947,1.3179214937768178,0.10027391578998741,0.0,0.0
"[3.05791, -0.640823]","[0.0, 10941190.0]","[0.0,0.5]",262286,34.08936717557562,28.235471014240243,0.1349267486663515,0.152268599987797,105963.07361107891,9.977646418583689,0.2640388727354129,21.216419260466356,-1.0,2.977,37.10089945418013,16.984045097862296,0.0,0.0,0.0
[3.0581],[0.0],[0.0],69299,9.703352995221882,7.315063645644822,0.2520241486622283,0.5208963368575092,53417.18166453752,5.502550244301972,5.559944287542518,12.59154621547211,0.426,0.426,22.019370814950847,0.0,0.0,0.0,0.0
[3.12017],[0.0],[0.0],305318,37.95699949742328,30.48916584864167,0.8160936707064294,0.6324930287395927,77786.74734203337,7.612059396389294,0.3395294525936987,32.02479592456195,-1.0,0.761,56.56860894873482,0.0,0.0,0.0,0.0
"[-0.534614, 5.49927, 0.0168227]","[19786640.0, 0.0, 20521180.0]","[0.5,0.0,1.0]",327498,10.583206104359096,7.742899912546543,0.6028952208446587,0.1131650135096594,65096.61580226799,6.522996154895683,3.8716369188364,6.478732079240166,-1.0,0.442,15.192965163276622,4.7370741658250495,0.8403067857998168,0.0,0.0
"[3.36964, -0.848581, 4.91507e-05]","[0.0, 7007537.0, 8933544.0]","[0.0,0.5,1.0]",180106,9.786149079517468,5.154940844562293,0.325649554412673,0.0293709905436928,26756.12344515433,3.068214270091981,16.368004606374495,22.41264521222017,0.505,0.505,41.14194969648736,20.64618279632611,0.1571295873905072,0.0,0.0
[4.62627],[0.0],[0.0],132592,7.939387519243056,5.6504406889336165,0.3366107854082056,0.2920389094867252,57517.55312834399,5.863102067978125,7.459529375988857,9.50960607397327,-1.0,0.785,20.453988851607818,0.0,0.0,0.0,0.0
"[1.73373, -0.483612]","[0.0, 21244040.0]","[0.0,0.5]",385810,9.867786823048537,9.75984145947138,0.3531764562818071,0.6831065063522562,33281.3545350466,3.6829438532056384,7.426862074424856,14.01741775162084,0.903,0.903,18.45689954933268,9.748023125782373,0.0,0.0,0.0
[6.08806],[0.0],[0.0],91054,9.400916159962849,8.872905585388091,0.007217761834963,0.1429514179336293,49651.80272451075,5.168959899368756,5.28928984544914,17.460662229972712,1.239,1.239,43.0824282206042,0.0,0.0,0.0,0.0
"[2.12211, -0.337983, 0.000800262]","[0.0, 2951826.0, 3444561.0]","[0.0,0.5,1.0]",100132,8.50774101959414,8.4839880858797,0.3108444718162989,0.1187637228137484,96591.84927903111,9.19755857054292,2.58155504736122,2.0442301096650857,-1.0,1.244,2.977924801165751,1.1884398586557618,0.057829026091706516,0.0,0.0
"[2.44536, -0.440921, 0.0505083]","[0.0, 789973.3, 799786.8]","[0.0,0.5,1.0]",298345,42.02891441584202,38.257225319646736,0.2299018034997004,0.1472738436310702,44416.59014626592,4.700661315712484,0.5126095287447492,37.47819858413551,-1.0,1.309,58.60708352248445,26.27297371086686,0.0,0.0,0.0
"[8.05651, 2.89329, -1.68599, -7.38566, 0.000302557]","[58602650.0, 0.0, 119120900.0, 60351130.0, 130380000.0]","[0.0,0.0,0.5,0.5,1.0]",145941,9.11950010746344,8.363037120572377,0.4532919381653791,0.3215449064194597,69799.3404337928,6.9286965555707125,3.75180529306864,1.5156433897156916,-1.0,1.351,2.578059953222732,4.302000979898818,4.118998987568433,1.9679974298776892,0.026363352245438492
"[1.75937, -0.244686, 0.000123]","[0.0, 13796000.0, 15347710.0]","[0.0,0.5,1.0]",231505,9.975011305278237,9.353941664432623,0.6462340433978063,0.0650258792076111,35217.3130499347,3.862385934194021,7.163454974741528,14.7326199694345,-1.0,1.555,19.541530617912713,7.28760033251692,0.16339265960606972,0.0,0.0
[3.16736],[0.0],[0.0],352391,9.959488029191974,9.939271282144878,0.0732248554099594,0.5532458054983864,41768.25047826066,4.461524454568345,5.617427729959723,21.10979928311078,-1.0,1.573,37.5692753101398,0.0,0.0,0.0,0.0
"[1.65429, -0.860066, 0.000305171]","[0.0, 11770620.0, 14035710.0]","[0.0,0.5,1.0]",380613,8.66616894871462,7.37055898746597,0.0130709371179994,0.3835690751174599,70719.89443109922,7.007806822807455,4.2811970728987605,6.278058111734731,-1.0,1.615,8.0747884584181,5.822254981329389,0.10967230261511773,0.0,0.0
"[2.48653, -0.59385, 9.8223e-05]","[0.0, 17412890.0, 19083250.0]","[0.0,0.5,1.0]",322855,10.301545758055015,7.7677316752629455,0.2695823814530736,0.4434215734592938,49009.568348119785,5.111804172200423,5.578851355258806,11.039963193067212,-1.0,0.487,17.408625277594677,8.507579299697769,0.10941433439631289,0.0,0.0
"[2.05382, -0.349514, 0.0703464]","[0.0, 4125480.0, 4137815.0]","[0.0,0.5,1.0]",286013,12.108599812982106,9.818315448601394,0.3624774128076141,0.0075877999502687,15125.073135375264,1.916791181428328,13.742409904427385,42.20053154650511,-1.0,0.724,60.478235332485106,27.34452469603984,0.0,0.0,0.0
"[-0.848414, 2.42869, 0.00414293]","[1105319.0, 0.0, 1329852.0]","[0.5,0.0,1.0]",73065,10.465588111916336,10.117817125530008,0.0924159399838007,0.2122969269956041,68600.37993034624,6.825514744643891,2.9163788779153617,1.6987679111360314,-1.0,0.761,2.6474032100126847,1.5685405234995542,0.0,0.0,0.0
"[10.3763, -0.238331, 0.00136266]","[0.0, 10834560.0, 11987780.0]","[0.0,0.5,1.0]",174172,31.040720834724844,30.42369983826142,0.531943621414243,0.1885898774086292,61122.5751564018,6.177978408456406,0.5437977203011654,18.767819078961885,-1.0,0.823,60.455395685720845,9.162290888271901,0.6927994943715005,0.0,0.0
"[-1.12635, 2.21771, 0.0250462]","[633354.8, 0.0, 676047.5]","[0.5,0.0,1.0]",354869,8.386318412350269,5.52385703828118,0.0742412682755827,0.1263685285916124,38283.03108346088,4.144222237048343,11.770847799216938,10.308024749719458,-1.0,0.989,18.92050845347706,0.0,0.0,0.0,0.0
"[1.92037, -0.280901, 1.87909e-05]","[0.0, 13425130.0, 16726330.0]","[0.0,0.5,1.0]",133036,10.082117436568591,9.893480213401856,0.5161918284746054,0.2507724524039542,65156.23984897798,6.5281567042323285,3.2696017583735197,9.901142003815066,-1.0,1.122,13.720746662913342,5.247614602713676,0.04291993740955888,0.0,0.0
"[8.81352, -0.306116, 0.0499847]","[0.0, 1238972.0, 1245727.0]","[0.0,0.5,1.0]",141056,10.21359489454155,8.672278786672893,0.2125683830967963,0.0560744172345748,88028.68831243429,8.479228841821353,2.4612497117003045,6.915449834756283,1.459,1.459,20.530292288845487,4.126737542601555,0.0,0.0,0.0
"[1.93283, -0.332494, 0.00141717]","[0.0, 6947851.0, 7363953.0]","[0.0,0.5,1.0]",1691,10.24836882666359,6.907213442270454,0.1104022004160967,0.8773608464078223,60017.4470326982,6.081651732322715,4.849125747686435,9.715528583225446,-1.0,2.228,13.507135689702388,5.6141227944383685,0.0,0.0,0.0
"[-0.916046, 2.48011, 1.41548e-05]","[463909.8, 0.0, 667930.3]","[0.5,0.0,1.0]",126541,31.33774447357519,21.534886272809235,0.1642736454734932,0.5709205623658072,181970.9052867071,16.14434947917539,0.1695802068995497,7.081952710077992,-1.0,2.23,11.152917615209823,6.778157620069044,0.026644335349511022,0.0,0.0
"[2.35168, -0.845101, 0.00923403]","[0.0, 11416210.0, 11914920.0]","[0.0,0.5,1.0]",378666,9.497073233197325,9.10451735170705,0.5627703643631942,0.0901167308200969,31883.89431281876,3.5526432185912067,8.516754741455472,15.809143921550918,0.401,0.401,24.243619879751943,14.612430552513409,0.0,0.0,0.0
"[2.19144, -1.14432, 0.00238629]","[0.0, 34383740.0, 36556100.0]","[0.0,0.5,1.0]",30672,8.685610522061747,7.127993709114583,0.2936217257752229,0.0753776155379961,121298.21469389148,11.242561522252908,2.166867361294201,6.264432645563274,-1.0,0.501,9.273561071110898,6.7012448787842835,0.30601545085905985,0.0,0.0
"[-0.45793, 3.88637, 0.0235674]","[329579.3, 0.0, 344389.7]","[0.5,0.0,1.0]",344180,11.18692597668331,9.015540602819064,0.4087972077285565,0.2801409167619267,48025.00541162653,5.024029448553776,4.706130587870264,14.146870574546432,-1.0,0.572,29.566172274509654,0.0,0.0,0.0,0.0
"[3.82344, -1.72115, 0.00255823]","[0.0, 704293.5, 1007391.0]","[0.0,0.5,1.0]",261075,9.892182493321387,7.002479701164155,0.6283230321457913,0.2662395429347976,151505.45898502457,13.70038414931568,1.459491520979136,3.1182007617748875,0.588,0.588,6.097210838572835,4.0908488552439755,0.1577153147756239,0.0,0.0
"[1.9368, -2.63642, 0.000942719]","[0.0, 1141417.0, 1552673.0]","[0.0,0.5,1.0]",396441,10.018467695589957,9.220583636829137,0.2117645514801397,0.3201385411011442,55474.23098823648,5.68376572761189,4.25118165020369,6.707051496550738,-1.0,0.731,9.334133952372676,10.89027733163345,0.20593149432370753,0.0,0.0
"[2.03091, -0.432723, 0.0113131]","[0.0, 1639719.0, 1695543.0]","[0.0,0.5,1.0]",190602,10.35898894091578,6.041878740738759,0.0062208415060792,0.1547257094279064,25302.30258365364,2.9288087572792803,14.42364225594203,25.40577600090706,-1.0,0.967,36.20577128975584,16.929401481982957,0.0,0.0,0.0
[3.05226],[0.0],[0.0],217010,9.60204701309828,6.14206736556144,0.7498860057324499,0.6202291416904726,48621.917173903465,5.077267217176384,7.298338085780571,11.709950103160985,-1.0,1.889,20.458124025713886,0.0,0.0,0.0,0.0
[3.36788],[0.0],[0.0],153096,10.193662567747984,5.717203988813209,0.2021334602725526,0.2856069966994088,79747.66891214444,7.778829620215105,4.015131985105142,7.958305067797608,0.279,0.279,14.604910081792287,0.0,0.0,0.0,0.0
[3.71823],[0.0],[0.0],24162,10.245233813370216,9.271815901916634,0.2454263813502807,0.0500898558479447,53200.09445091998,5.48338504208965,4.370105092763945,10.26877688521009,-1.0,0.599,19.800987204264988,0.0,0.0,0.0,0.0
"[1.6898, -0.270745, 0.000974223]","[0.0, 5982195.0, 6527346.0]","[0.0,0.5,1.0]",11190,10.64322711277873,10.124675095930844,0.2356824238230993,0.2969782028918311,137882.73751651985,12.596871507354638,1.144603280103779,2.582717691041138,-1.0,0.658,3.3573343218836844,1.3438696931573793,0.0806131935863764,0.0,0.0
"[-2.11847, 2.56816, 0.000119203]","[2903870.0, 0.0, 3496218.0]","[0.5,0.0,1.0]",120184,9.772476499886247,6.908840292353101,0.2183003214605853,0.1055635179941433,194088.3480983375,17.108647847901103,1.0533365152970893,3.5160229259180795,0.854,0.854,5.634595406625738,5.1175589882963735,0.03838798274654407,0.0,0.0
"[3.40734, -0.0977268, 0.000276287]","[0.0, 2912738.0, 3170598.0]","[0.0,0.5,1.0]",39112,8.962753874180969,7.7994389386568574,0.0548033581576615,0.6370104845707605,49046.33361533341,5.115078149867179,6.222701213407322,15.928107674517006,-1.0,0.87,29.40166457493272,4.986364945234398,0.0,0.0,0.0
"[2.39751, -0.499202, 7.24292e-07]","[0.0, 5556548.0, 12121100.0]","[0.0,0.5,1.0]",109042,10.783778913691282,10.144567363965654,0.335186557358931,0.3820829346422042,55564.77124703664,5.691726225381097,3.684571999237289,9.186133195010049,-1.0,1.046,14.223712055095072,6.490391534711734,0.007817890484007778,0.0,0.0
"[-0.689651, 2.00544, 0.00261264]","[12537520.0, 0.0, 13354980.0]","[0.5,0.0,1.0]",302861,9.232643435123537,7.123705155750956,0.0313142486583943,0.1895828124369065,31920.40230924516,3.5560556235602143,10.713349683845982,12.002206754521032,1.294,1.294,16.996752104355185,9.98612193362254,0.0,0.0,0.0
"[-0.68673, 2.49995, 1.13794e-05]","[6464605.0, 0.0, 10261120.0]","[0.5,0.0,1.0]",266076,10.739505004628931,6.032065755776977,0.3966746829296504,0.1268055956343791,69791.13832022405,6.927991257784255,4.356915798770269,7.893698677417434,-1.0,1.349,12.48090868088994,6.541442892290382,0.026628102872133807,0.0,0.0
"[-0.952927, 2.63177]","[7810567.0, 0.0]","[0.5,0.0]",174036,28.479283653068364,12.811513544827196,0.0044232076247567,0.0616510958053371,162310.56467341178,14.570677296819332,0.3391193762698729,8.628694788587964,1.512,1.512,8.42315754446363,13.998099414426125,0.0,0.0,0.0
"[2.14418, -0.243609, 4.70538e-05]","[0.0, 5120704.0, 6270935.0]","[0.0,0.5,1.0]",381181,31.807788177847527,9.746504648159874,0.4074463311511003,0.2245088946145453,26059.38276905436,3.0015300705833554,3.850256379745378,34.66013147360561,-1.0,1.513,50.75289572789191,17.10711875788023,0.23775384921527373,0.0,0.0
"[3.71383, -2.36888, -1.7041, 2.39939, 0.00191341]","[1308782.0, 1681257.0, 1958255.0, 0.0, 3374279.0]","[0.0,0.5,0.5,0.0,1.0]",17811,9.841117515762823,7.156121397064641,0.2604240832535346,0.1251037619777702,28310.626163877,3.216204449260524,11.532180433938048,16.34192805195235,1.554,1.554,25.313588527485617,45.60191524543871,0.7148374777932951,0.0,0.0
[4.00317],[0.0],[0.0],287968,16.528996401546067,14.966478393317695,0.0078181421458266,0.4606315476647749,36881.78746297791,4.015740328116856,3.019036714997449,8.997550232750008,1.807,1.807,18.002229611877077,0.0,0.0,0.0,0.0
"[3.17808, -0.00968203]","[0.0, 191287400.0]","[0.0,0.5]",370208,31.88200714289593,14.85513956498603,0.3084327310315647,0.1678235008303062,98923.91735640584,9.392243766483835,0.5341456000897377,14.080563185242834,-1.0,2.081,25.10165974657533,1.38548949669307,0.0,0.0,0.0
[3.38639],[0.0],[0.0],351716,37.84930606056949,35.68368975344435,0.2903062087528416,0.1897390762961154,38480.2784558823,4.162264499388377,0.6992130295325772,47.286629094282944,-1.0,0.399,87.01754814707834,0.0,0.0,0.0,0.0
"[-1.06146, 2.02085, 0.193054]","[4295134.0, 0.0, 4316503.0]","[0.5,0.0,1.0]",18704,9.859994786244965,9.57911373768165,0.4505942949299766,0.1787902981992452,20644.02471559978,2.4745609609454884,12.413675736654245,16.55295467997905,-1.0,0.559,23.53111819931155,18.54015164959526,0.0,0.0,0.0
"[1.86057, -0.568419, 2.25045e-05]","[0.0, 6186898.0, 8782154.0]","[0.0,0.5,1.0]",149112,9.558000550927645,9.491283352670086,0.210911925547069,0.1810303160229698,20528.091518782727,2.463088344763009,12.908381735146136,30.59992574427903,-1.0,0.702,41.73912876357978,23.07037562961079,0.14516270646948648,0.0,0.0
[4.74652],[0.0],[0.0],346528,9.106491026309248,8.076730456318996,0.0385170167393423,0.3693068519484924,178878.61896711963,15.897612224747466,1.095930045588949,2.239460936596553,-1.0,0.714,4.879003716567237,0.0,0.0,0.0,0.0
"[1.82135, 0.0949643, -0.267678]","[0.0, 27009230.0, 27004590.0]","[0.0,1.0,0.5]",36078,9.911804899810914,8.000121222169113,0.2020710402973936,0.0017391620954109,128043.63837777651,11.794966231015446,1.638487253576469,2.2411671371564426,0.903,0.903,3.024620913341689,1.3496261235139622,0.0,0.0,0.0
"[5.54999, -7.72436, 5.71132]","[0.0, 4970305.0, 1629533.0]","[0.0,0.5,0.0]",238319,8.45852355829559,5.633669489299236,0.3571303667849611,0.3194335415317096,49673.382256277306,5.170879093023834,8.486046256647892,11.575096911748748,-1.0,0.929,27.269095702593408,27.662592731248914,32.1703576332802,0.0,0.0
"[3.66182, -2.47207, 5.42549e-05]","[0.0, 1174811.0, 3634397.0]","[0.0,0.5,1.0]",58379,22.988023216621603,10.181870750913502,0.5788939288457987,0.6935964151192043,53316.26972479548,5.4936423880735,2.110968395070155,21.93166128626834,-1.0,0.951,41.968169394604686,34.482751475382024,0.161544067475824,0.0,0.0
"[2.92125, -0.927146]","[0.0, 39422300.0]","[0.0,0.5]",361523,8.749461055774034,8.214716869089834,0.3208189648035716,0.1802639741308005,45914.120284090764,4.835191851628129,6.5698481022548005,6.6382177819434185,-1.0,1.348,11.345819210398131,6.391835078337783,0.0,0.0,0.0
[3.72369],[0.0],[0.0],121839,8.527783897193181,6.438915178422529,0.1208703947835755,0.2154229346043514,97104.69028135893,9.240404490746524,3.23028957851898,4.180900993002604,-1.0,1.488,8.067828216727685,0.0,0.0,0.0,0.0
"[2.2025, -2.04536, 3.33953e-05]","[0.0, 2857487.0, 5805704.0]","[0.0,0.5,1.0]",29783,10.63944506812636,7.96687121276116,0.4259905398233378,0.6032576537189752,85229.38875225555,8.243138400576825,2.66905663938184,4.769636734512263,-1.0,1.512,7.078533016148713,6.821347631585017,0.027563094757357198,0.0,0.0
"[7.64946, -0.0164846, 0.0004392]","[0.0, 74732600.0, 75078190.0]","[0.0,0.5,1.0]",18257,10.47591093676174,9.30192267495301,0.2681333638399799,0.3704077469898027,53794.34189627211,5.535828418340385,4.221863327354461,13.597932561037195,-1.0,1.573,37.608695696119,1.768975528835194,0.0,0.0,0.0
"[3.77283, -1.68807, 0.0494419]","[0.0, 7005109.0, 7496829.0]","[0.0,0.5,1.0]",146511,10.031485119863522,5.373454720389808,0.0051972160038865,0.4399251486591597,15730.056538962164,1.979255538621216,26.00948620015932,23.183341307008657,0.254,0.254,45.0307984258764,30.55905519169837,0.0,0.0,0.0
"[1.52911, -0.167066, 0.000694042]","[0.0, 13707020.0, 14284110.0]","[0.0,0.5,1.0]",300860,9.831608718763905,9.012846298882062,0.0379123808553828,0.4236024372030458,67173.843971935,6.702526692306033,3.474530646113256,10.002791276912536,-1.0,0.347,12.369170356270358,4.088511691437667,0.2635203041051244,0.0,0.0
"[3.35452, -0.0988418, 0.000378756]","[0.0, 28947590.0, 29333740.0]","[0.0,0.5,1.0]",371153,8.813083231988664,8.638921395790806,0.0904625191763035,0.2060137574136556,46931.85904879442,4.926350804865415,6.101345848252072,17.988404357186692,0.49,0.49,32.946389933935,5.666220481459746,0.0,0.0,0.0
"[1.38725, -0.14371, 5.77974e-05]","[0.0, 9347357.0, 10372100.0]","[0.0,0.5,1.0]",387633,9.36896483570391,7.1136875050007164,0.2432316207356635,0.3251391354607737,76174.83232642697,7.474688908461076,3.767557499466916,2.46769868937514,-1.0,0.707,2.906494444461681,0.9354824085059308,0.01876058089424458,0.0,0.0
"[1.6161, -0.232037, 0.00116434]","[0.0, 7353754.0, 7926123.0]","[0.0,0.5,1.0]",45854,9.43800832632218,8.406592121981378,0.4257770023340804,0.1127149834357717,150802.3988488315,13.64361026862783,1.306066220348557,4.575890280287171,-1.0,0.798,5.817142700541556,2.204216369922719,0.15614048041505194,0.0,0.0
"[3.02677, -0.940536, 0.00109777]","[0.0, 6874166.0, 7931275.0]","[0.0,0.5,1.0]",252915,10.069771902040578,8.812847966808418,0.3844258129482331,0.149613626162658,24487.518978999324,2.850226598769716,11.02684354150746,26.93785706192087,-1.0,0.822,46.86544601362414,26.124666541563105,0.8925215751107873,0.0,0.0
"[2.37457, -0.444902, 4.42338e-05]","[0.0, 4372570.0, 6040343.0]","[0.0,0.5,1.0]",206535,28.50581159745656,22.107571137585783,0.1287489567695955,0.2066331618167102,44083.06001433922,4.67063216085194,1.131371086171206,24.01199904403093,-1.0,0.847,37.001625710809776,16.016237360649924,0.15970019351183465,0.0,0.0
"[2.6754, -0.274988, 0.000169115]","[0.0, 3973974.0, 4762432.0]","[0.0,0.5,1.0]",72237,10.798393988145966,8.694362938668945,0.0719704454170509,0.0480009211196278,45998.03504058168,4.842716199969788,5.25669797446723,12.249377286113244,-1.0,0.85,20.035877727803626,6.423487487720255,0.1592960754436018,0.0,0.0
"[-1.11284, 2.14886, 2.344e-05]","[25923640.0, 0.0, 33853670.0]","[0.5,0.0,1.0]",198147,8.856815272845784,4.478795351761504,0.6013234307110669,0.0120575320354218,42050.18833016038,4.4870598224363,12.17239942740265,13.422818868061428,-1.0,1.069,19.676497313511717,14.159896974674227,0.06498640808346451,0.0,0.0
"[3.47361, -3.23528]","[0.0, 233080700.0]","[0.0,0.5]",88139,9.335724858455556,5.019564619631836,0.2248546221176106,0.1213894960661031,38458.39402874728,4.160263411291909,11.698054211818404,7.659960057174536,-1.0,1.077,14.27634495716313,13.777881383848692,0.0,0.0,0.0
"[3.98449, -8.64225, 10.073, -0.73772, 0.000671418]","[0.0, 31103860.0, 30068570.0, 62599640.0, 68521170.0]","[0.0,0.5,0.0,0.5,1.0]",113924,9.693693116252046,9.159708871857026,0.3289056709837965,0.5353922670255092,80752.95313776423,7.864183770986116,2.744129337140948,8.479881712031466,-1.0,1.178,16.926850747010462,26.91343997432343,24.928905245729457,7.283423666865447,0.21972844600099
"[2.37093, -0.343095, 0.00361105]","[0.0, 34944570.0, 35601440.0]","[0.0,0.5,1.0]",265305,9.696551926211034,9.408642369011982,0.167889837129782,0.5720522063050377,60145.80311550496,6.092848500128164,3.889692312527848,6.3997543136701,1.184,1.184,9.854229390366333,3.7486120445696236,0.3845741180084966,0.0,0.0
"[-0.782321, 2.48237, 0.000309328]","[7633140.0, 0.0, 8685274.0]","[0.5,0.0,1.0]",344259,10.111379718414046,3.298334804050466,0.329936071437915,0.1273615045130916,64946.63053028152,6.510012186766769,8.596938247162118,7.290167519763888,1.222,1.222,11.486051655023646,6.448073840203444,0.12821744689390369,0.0,0.0
"[-0.756511, 1.65564, 0.000268623]","[11205900.0, 0.0, 13393150.0]","[0.5,0.0,1.0]",56356,9.822255523427264,8.586097251013985,0.34824439114447,0.4246624188420638,53300.10875751533,5.492215615771664,4.816370748926996,11.98385319034582,-1.0,1.568,15.419824654097393,10.42327278249504,0.1964120269445087,0.0,0.0
"[-6.84892, 2.04492, 1.70564]","[898612.7, 0.0, 903957.4]","[0.5,0.0,1.0]",254747,9.321584045011685,8.74598973922559,0.6096606970593675,0.2651656845262712,142439.76672310175,12.966846010770146,1.38106529236928,4.5263475531358885,1.587,1.587,6.472708653687018,13.238742539902189,0.0,0.0,0.0
"[3.50806, -0.185665, 0.00351093]","[0.0, 11395050.0, 11678730.0]","[0.0,0.5,1.0]",207507,10.209827054335754,7.98291964855115,0.3295880158193997,0.2098025191324865,25313.60501198668,2.9298962942483744,11.46025605079091,26.655641264189967,-1.0,0.664,49.925525097894244,11.593700412997038,0.0,0.0,0.0
"[2.02834, -0.785292]","[0.0, 108849800.0]","[0.0,0.5]",298611,9.905797383548272,9.155931835861148,0.1354618592441846,0.5941476412900292,87757.63344676781,8.45639692233789,2.420821730540114,5.415226871600448,-1.0,0.944,7.712355388057307,4.798795498124921,0.0,0.0,0.0
"[-1.20145, 3.48217, 2.04105e-05]","[4664015.0, 0.0, 7044163.0]","[0.5,0.0,1.0]",192512,6.272244926106591,5.515498899929797,0.2204947071642502,0.2302332355668088,27221.4559473512,3.112626107195787,21.65944022981754,15.747859745440344,1.012,1.012,29.386409283439342,17.2613353119041,0.07114565140804414,0.0,0.0
"[1.84952, -0.30987, 0.00306487]","[0.0, 31663070.0, 32629600.0]","[0.0,0.5,1.0]",213021,39.70126016836328,26.328117452507307,0.1487593063495844,0.2198046320503666,71634.51846864544,7.086312864709583,0.4125541167477045,25.203025271629887,-1.0,1.037,34.27537309595189,14.029507997730322,1.3952714377099644,0.0,0.0
"[-0.529242, 1.9936, 0.0037474]","[3853352.0, 0.0, 4160606.0]","[0.5,0.0,1.0]",300130,10.065948101615332,9.10980066489773,0.013475427820773,0.7169507785886395,57580.31626994369,5.868600305429375,4.087743764447695,13.586234845307212,-1.0,1.197,19.18307080655076,9.918783326429285,0.0,0.0,0.0
"[4.58785, -0.0250611]","[0.0, 26019000.0]","[0.0,0.5]",255156,9.407076642087764,4.618930401257959,0.3316146107113145,0.0618625932735358,49907.04668045161,5.191653879128728,9.240191864817689,7.700761564623307,-1.0,1.311,16.494466826861146,1.2190843090211374,0.0,0.0,0.0
"[-1.62869, 3.20105, 2.7874, -1.8298, 0.00282318]","[277127.3, 93967.6, 0.0, 248182.4, 413622.7]","[0.5,0.0,0.0,0.5,1.0]",83409,29.45739824835763,20.530545706397444,0.1635027277272663,0.2046810937734531,63857.8973777061,6.415677018322933,0.7507333774312243,6.113570803266208,1.388,1.388,10.20691725654513,10.938082008666866,11.369417337085933,0.32483605733385246,0.0
"[2.00636, -0.371358, 2.00268e-05]","[0.0, 11435520.0, 14724430.0]","[0.0,0.5,1.0]",203363,11.022284162815676,10.011944883677018,0.4554702444252368,0.0232604751436129,41923.86604659448,4.47562092122859,5.111009788068383,21.5233989256837,-1.0,1.398,30.48704175955093,13.116176351612912,0.09632003584861076,0.0,0.0
"[1.99886, -1.75369, 0.00013775]","[0.0, 5771803.0, 9945901.0]","[0.0,0.5,1.0]",209885,8.228230742342827,6.032524643506267,0.7354560131869048,0.011997522828396,63302.25853818576,6.367473003138833,6.087251027668694,6.063847073826914,-1.0,1.846,8.573130384777595,8.03016839962612,0.07116952117207957,0.0,0.0
"[1.56762, -0.250953, 0.00940082]","[0.0, 856393.4, 878285.4]","[0.0,0.5,1.0]",379576,11.960340042286038,8.924134206730974,0.7647167067869862,0.0909126961966118,54209.69595666276,5.572449308855586,3.888627504306225,14.454472070016331,-1.0,1.987,18.097668635390765,7.375376774800821,0.0,0.0,0.0
"[-0.261231, 2.16586, 0.000257119]","[1390014.0, 0.0, 1677739.0]","[0.5,0.0,1.0]",124907,10.475445999525254,7.977166990721352,0.1214837033541895,0.090494592189417,42795.64954504797,4.554487172882666,6.309113325229892,13.889050148056132,-1.0,0.515,20.440322153943665,7.102292045684359,0.0,0.0,0.0
"[1.7052, -0.259022, 0.0267332]","[0.0, 6670390.0, 6706820.0]","[0.0,0.5,1.0]",399824,9.855185645653616,8.039432435321062,0.5653219399661072,0.1994786693436875,24382.70392021342,2.8400930441125314,12.184972589372558,30.140613885065697,-1.0,0.591,39.35861028383196,16.11198929240054,0.0,0.0,0.0
"[-0.892693, 1.64404, 0.00106144]","[6280640.0, 0.0, 6837170.0]","[0.5,0.0,1.0]",158974,8.9925362861051,8.745572491123497,0.4206493560598831,0.4595459624141741,33679.96040046682,3.7199886565100377,8.678418587105933,12.095292340569143,0.615,0.615,15.50859874357995,11.434718451850635,0.0,0.0,0.0
"[1.40766, -0.653074, 0.180269]","[0.0, 1106724.0, 1107718.0]","[0.0,0.5,1.0]",59983,10.104996340054411,7.407179905739696,0.0809961662492096,0.1930091316602888,34175.98473580903,3.766015195161131,8.933921635090423,18.540579306164105,-1.0,0.861,21.99744216976027,16.925254024285238,0.0,0.0,0.0
"[7.39042, -4.99873, -26.4906, 26.4694]","[0.0, 13393530.0, 4940180.0, 4847276.0]","[0.0,0.5,0.5,0.0]",262429,9.949117150469174,3.3346700016612414,0.4659992637434172,0.23718509646322,37420.46985836808,4.065197857528836,16.608078719010727,12.693009577738463,1.024,1.024,34.506361502851036,92.3716275907493,28.378827457063537,0.0,0.0
"[-0.975384, -2.40852, 0.000259298]","[4501145.0, 3186213.0, 5910920.0]","[0.5,0.5,1.0]",135269,9.964443156228976,9.103298575627669,0.3312609889050424,0.6713920027906307,58959.09331093212,5.9892385350528325,4.006591063137574,11.462203193910732,1.247,1.247,17.78865988347442,11.320247357466418,0.18457279403954488,0.0,0.0
"[-0.959667, 2.82775, 0.0606072]","[106581.8, 0.0, 112715.2]","[0.5,0.0,1.0]",277322,8.82111288485424,8.330620371692268,0.2085075018548202,0.490420694235758,113725.64452063027,10.619609418795893,2.046254218141069,6.247669380050449,-1.0,1.503,12.25566655427484,0.0,0.0,0.0,0.0
"[3.06513, -2.92604]","[0.0, 1545718.0]","[0.0,0.5]",23823,10.203250711177036,6.007437399781355,0.488960176408859,0.2950732609426136,72846.69876974571,7.19021689836479,4.31244784902791,9.6353309857933,2.091,2.091,16.86906793436313,16.48188073504554,0.0,0.0,0.0
[4.6768],[0.0],[0.0],381727,6.034256551643416,5.862725686682933,0.4740670739773513,0.3313169886061349,27528.789598908377,3.1419054985615853,20.995786111136173,12.773119765988485,-1.0,0.319,27.62303434020305,0.0,0.0,0.0,0.0
"[1.75439, -0.315036, 0.000902977]","[0.0, 3340799.0, 3688114.0]","[0.0,0.5,1.0]",266861,9.831852180330529,7.776961254327635,0.3484718289258135,0.3175320363508878,43736.03882925198,4.6393622224743005,6.618988512084235,9.17659353087449,-1.0,0.66,12.154709037168303,5.158020920055947,0.0,0.0,0.0
"[-0.662761, 2.47919, 0.000714888]","[4244442.0, 0.0, 5464060.0]","[0.5,0.0,1.0]",165984,10.1906921876932,7.927958965356324,0.1698128073446324,0.136324206129721,84524.80255447039,8.183609158235924,2.805636565675941,3.647980810226651,-1.0,0.749,5.743907677773534,2.9698260842947284,0.09753748399747132,0.0,0.0
"[2.71732, -9.71807, 0.000420125]","[0.0, 66898560.0, 84117410.0]","[0.0,0.5,1.0]",263516,10.284322992039142,9.005040147626918,0.3928355854979797,0.320033978989497,55472.650211941225,5.683626742079188,4.244251837189992,5.940499977278676,0.907,0.907,9.792495737991612,18.51880719144472,0.12176213690683012,0.0,0.0
"[-0.730213, 1.60715, 0.0135094]","[7381733.0, 0.0, 7504999.0]","[0.5,0.0,1.0]",92856,9.073329039516585,8.269980023323301,0.688744689017939,0.1057651051881561,41441.95599891113,4.431947151127526,7.143161955911728,10.34431521048961,1.033,1.033,13.113842160371634,8.920869306804116,0.0,0.0,0.0
"[1.72934, 6.02806e-06, -0.215779]","[0.0, 4157463.0, 3695875.0]","[0.0,1.0,0.5]",375757,9.26139759298248,8.638608778398432,0.2154953593515463,0.1165675845353505,28544.33805492108,3.238364033229696,10.237890750335865,18.25405481299622,1.204,1.204,24.004880246923946,8.479495314329457,0.0,0.0,0.0
"[1.58821, -0.529625, 7.31393e-05]","[0.0, 36613580.0, 39932450.0]","[0.0,0.5,1.0]",143996,9.97923797871388,8.127224707078142,0.0398085752189813,0.43375687703325,54639.601459883525,5.610322719165091,4.833302498389129,15.500534544704085,1.569,1.569,19.534425279500564,11.280566597327457,0.13256292403567604,0.0,0.0
[3.75367],[0.0],[0.0],213851,9.021743923968032,8.74006599299331,0.4727343183492291,0.1752588218577552,112352.43340511929,10.506303882552665,1.961135746470656,4.202870531143185,-1.0,1.607,8.142805410532292,0.0,0.0,0.0,0.0
"[7.66891, -0.0452939]","[0.0, 5874062.0]","[0.0,0.5]",257337,37.0705222527566,15.531117611800608,0.1297479749880394,0.0077185394436087,74896.80019901888,7.36558584410448,0.6561220072535161,12.359501829337429,2.778,2.778,34.22691739127408,2.630394117299201,0.0,0.0,0.0
[6.37013],[0.0],[0.0],142488,22.93073607197244,19.16977191561401,0.713264309148962,0.0503957644592039,72224.21451753846,7.136879659624419,0.8356181652397379,15.235173955338036,-1.0,0.359,38.452232984328134,0.0,0.0,0.0,0.0
"[-0.977177, 3.14302, 0.049836]","[636055.9, 0.0, 665155.8]","[0.5,0.0,1.0]",103510,11.220863528407804,9.053675914273132,0.8379851049493546,0.6836223462141,27798.68260039332,3.1675833729439584,8.643748790429125,24.511690321943007,0.436,0.436,50.054486117906556,0.0,0.0,0.0,0.0
"[1.70928, -0.275893, 0.000957415]","[0.0, 2193795.0, 2427802.0]","[0.0,0.5,1.0]",72465,9.650427718792926,8.63738629906924,0.0178111339368035,0.5387815129698684,30318.37866265887,3.4058473725647493,9.277966559017008,19.31894775532845,-1.0,0.61,25.25748324365493,10.164968975015055,0.0,0.0,0.0
"[1.91867, -0.296465, 0.0617582]","[0.0, 3231459.0, 3234453.0]","[0.0,0.5,1.0]",148642,9.530402988113575,6.640880442295631,0.1592797132511864,0.273476113075541,77528.37043036951,7.590057368539532,3.854440264803514,5.32036253166245,0.9,0.9,7.369556772068255,3.18433009129466,0.0,0.0,0.0
"[3.55701, -0.539431]","[0.0, 33117010.0]","[0.0,0.5]",22685,9.868921570984831,4.274999954458519,0.0284489122093178,0.2781767368491523,34262.01501085717,3.773989881000808,14.71945851378332,9.945247639710272,0.999,0.999,18.756773960829193,7.304383253108223,0.0,0.0,0.0
"[-0.582006, 6.68224, 5.41208e-05]","[2397493.0, 0.0, 3719813.0]","[0.5,0.0,1.0]",225673,10.031878853669651,7.705496798628822,0.1483322616349829,0.4036341988480353,66460.50194776061,6.640934302636131,3.9559088732283385,7.031337281312489,-1.0,1.286,18.176027272579635,5.364159239342581,0.05172732672651704,0.0,0.0
"[-0.000819505, 0.000170552]","[67154200.0, 67162870.0]","[0.5,1.0]",215666,10.27820171377895,8.895315736418098,0.1575797207320035,0.1816276153461201,46861.83188134632,4.920085050733107,5.25193134143409,19.12165805230721,1.58,1.58,0.5473956619800509,0.24972036201133777,0.0,0.0,0.0
"[3.50277, -0.374673]","[0.0, 9006163.0]","[0.0,0.5]",217467,9.333267744292188,7.187363381602407,0.009156843833181,0.2014421977550811,84900.4924721243,8.215355850667835,3.257833544180827,5.511764022142096,-1.0,1.763,10.31564591086429,3.3737804282400488,0.0,0.0,0.0
"[1.45293, -0.321972, 0.00979471]","[0.0, 7644623.0, 7808080.0]","[0.0,0.5,1.0]",334094,10.337744827612603,9.20521735668676,0.3984153020055558,0.3607781337878587,53467.3478322239,5.506978130040225,4.337920146843175,8.364909157356305,-1.0,0.353,10.082856224897865,4.818120217562522,0.0,0.0,0.0
[3.61898],[0.0],[0.0],240786,10.21748867401932,10.063366544526303,0.326762401494577,0.149491080528815,90938.00961186449,8.72391608184099,2.080891732958961,8.151803783392582,0.434,0.434,15.507679222823715,0.0,0.0,0.0,0.0
[3.26002],[0.0],[0.0],24329,9.987543899423695,8.939473358073222,0.0513567301756579,0.7195969896558856,42003.15774572171,4.482801839084384,6.085496694789854,10.827981707131734,0.569,0.569,19.550489950246515,0.0,0.0,0.0,0.0
"[-2.02924, 3.27255, 0.000670311]","[2275479.0, 0.0, 3717281.0]","[0.5,0.0,1.0]",275006,10.699810096310207,9.334227731115751,0.0340953850226628,0.0648913539479264,62492.26062573813,6.297129605396929,3.4429056761608208,10.954978443016824,0.64,0.64,19.81776492810735,15.605519638079775,0.283628390492121,0.0,0.0
[3.44813],[0.0],[0.0],200405,10.018909500540133,7.726952673375127,0.3435520826932593,0.1986227972452806,28285.79624820979,3.213848637518728,10.6524367998602,27.419787317695544,0.646,0.646,50.91618987544211,0.0,0.0,0.0,0.0
"[-0.736376, 1.8642, 0.00155725]","[1893599.0, 0.0, 2204253.0]","[0.5,0.0,1.0]",197075,10.34741573245563,9.475294816009296,0.0389815479953492,0.3662619391918881,18993.21257766376,2.310309240278857,13.048451116980116,23.286299472267352,-1.0,0.664,31.794114227473166,20.003639446682968,0.0,0.0,0.0
"[3.81113, -0.645803, 0.00148639]","[0.0, 4851150.0, 5820930.0]","[0.0,0.5,1.0]",350618,10.04024912066157,8.998589306457196,0.4457903243629414,0.5641667368136027,55151.850632470814,5.655411239571553,4.362277206699683,8.106010039485687,-1.0,0.713,15.824646556467666,6.51414117451879,0.31251691225154077,0.0,0.0
"[2.5638, -0.782216, 0.00345293]","[0.0, 30199090.0, 31175610.0]","[0.0,0.5,1.0]",38226,9.930036335135958,7.491187421066891,0.1767252954629347,0.3139527880733564,81154.5504757439,7.8982551160969905,3.1700065120821392,8.20056179482505,0.974,0.974,13.130633427758088,7.252820898329985,0.4818784365754058,0.0,0.0
"[-0.652618, 2.90014, 9.64059, -8.32861, 0.000107323]","[35617620.0, 0.0, 18128590.0, 18299900.0, 44869850.0]","[0.5,0.0,0.0,0.5,1.0]",292695,10.85634209981116,8.961454678954517,0.2107820294627105,0.1022115576625941,188527.0934347004,16.666581802091123,0.8067625554744168,3.436294346441773,-1.0,0.988,5.851939657862276,10.669453236377683,9.916915680472345,2.776002683376413,0.03559891483978568
[4.07018],[0.0],[0.0],386777,10.278723210321822,8.361976529182591,0.051643818478618,0.4987988513576634,52599.61201844703,5.43033053736875,4.822001218035987,9.238521243805852,1.086,1.086,18.638427545598496,0.0,0.0,0.0,0.0
"[4.46263, 0.000150832, -0.107804]","[0.0, 43166230.0, 40958660.0]","[0.0,1.0,0.5]",180627,10.41214672927764,9.556781467789753,0.3065608619514461,0.119408021956059,39860.50202355604,4.288224361359886,5.90373315676297,19.425327754313,-1.0,1.138,41.03588419090257,6.378018767995992,0.23856959870974762,0.0,0.0
"[-0.388479, 1.92079, 0.00178348]","[2816491.0, 0.0, 3114479.0]","[0.5,0.0,1.0]",326138,9.671412038150564,6.801416290996274,0.3419866218387775,0.1161077161628193,99827.95794071288,9.467612456901806,2.6840933235504485,7.301593014424272,-1.0,1.345,10.11946528866761,4.550942995087819,0.3083555316881198,0.0,0.0
"[2.28658, -0.634409, 2.16136e-05]","[0.0, 6248281.0, 9613313.0]","[0.0,0.5,1.0]",66044,9.661062027132171,6.771607096283323,0.3284279920740335,0.0098712206375214,64201.35355550795,6.445452791145297,4.75785367417841,6.403892700044339,-1.0,1.54,9.683609031020877,5.100687470501869,0.02977197196799062,0.0,0.0
"[4.60408, -4.68094, -2.43483, 5.15266, 0.0438296]","[0.0, 232686.4, 550908.7, 75802.12, 682862.5]","[0.0,0.5,0.5,0.0,1.0]",399495,9.349730724437633,6.527846952321132,0.2040262062154588,0.2310961100032207,40512.27855693228,4.347533467792972,8.752793578548292,8.15657615149127,2.357,2.357,33.54757193233021,0.0,0.0,0.0,0.0
"[5.12576, -2.75934]","[0.0, 9658146.0]","[0.0,0.5]",355862,10.05722742618746,9.79522739699108,0.1904155860317679,0.4589762290160031,41722.9167682485,4.457416441651597,5.647336206670448,18.47987689656196,2.428,2.428,41.838702492674386,30.69740628209946,0.0,0.0,0.0
"[2.50344, -0.306238, 0.00188868]","[0.0, 18002910.0, 18729180.0]","[0.0,0.5,1.0]",320078,11.026557871160428,9.951648072041888,0.0244502919773634,0.3095422516427656,52711.630195341735,5.440232351911404,3.9185805108735474,9.928965675199816,-1.0,0.471,15.709870420996637,5.494567958229008,0.4315023845501772,0.0,0.0
"[1.99427, -0.241252, 0.00231425]","[0.0, 7437955.0, 7840943.0]","[0.0,0.5,1.0]",115136,9.219974358194188,8.689937260993911,0.3333242489838963,0.7031618254098155,38663.95635719103,4.1790564047086285,7.321115334330495,20.65935861256015,-1.0,0.919,29.174862132177566,10.19589581814745,0.0,0.0,0.0
"[7.28231, 0.00133475, -0.0214514]","[0.0, 46948140.0, 46849870.0]","[0.0,1.0,0.5]",126896,10.448537708958716,9.170021359381206,0.037975060935116,0.1367075749917964,83391.59062862593,8.08777524174983,2.472164702599527,4.414733688745222,1.087,1.087,11.913492392979858,0.6664076695397444,0.0,0.0,0.0
"[4.85397, -0.138208, 3.48586e-05]","[0.0, 12699390.0, 14950280.0]","[0.0,0.5,1.0]",208624,8.800354054087153,6.536617911141915,0.2802855144377312,0.7042153820618453,68069.16304159303,6.779744484843512,4.914672667371489,2.56893513289791,-1.0,1.196,5.659807784339242,0.9550359710064735,0.01516729412311613,0.0,0.0
[3.14036],[0.0],[0.0],179444,11.005928952794171,9.224942538012622,0.1580560424846403,0.1918221565525161,23943.7338594598,2.797589825449009,10.091241215164994,20.188096753364057,-1.0,1.205,35.775449235096964,0.0,0.0,0.0,0.0
"[3.17978, -0.404149, 9.44341e-05]","[0.0, 3095135.0, 3924399.0]","[0.0,0.5,1.0]",246254,10.411975907800922,5.730711062320191,0.2582985043495403,0.4657645621397063,36680.53783868013,3.997242011056132,10.078823219162878,10.332297632491985,1.456,1.456,18.424488706142967,6.569289412557383,0.0,0.0,0.0
"[1.90832, 1.12894e-05, -0.230095]","[0.0, 5633278.0, 4477144.0]","[0.0,1.0,0.5]",6155,9.334452542091377,5.840978041707673,0.3280818369280472,0.4226678335540303,45717.97327956165,4.817598534991502,8.387062105519353,5.113157581668277,-1.0,2.199,7.063415895289739,2.452690608451611,0.017180057296422455,0.0,0.0
"[1.49632, -0.356177, 0.000181462]","[0.0, 8143855.0, 9299889.0]","[0.0,0.5,1.0]",363297,9.101800624071736,7.946614900921947,0.1271211514264849,0.4530593584000618,85754.69131449501,8.287492373595912,3.0139168179358893,3.173539522392497,-1.0,2.261,3.882005547506612,1.8939863603430138,0.04275006288025983,0.0,0.0
[3.36201],[0.0],[0.0],19858,9.993128888212633,7.922308018938474,0.078170770656808,0.7279910159910858,82592.18630515947,8.020102309137583,2.9390953319805813,2.324072736927294,2.314,2.314,4.261369729564713,0.0,0.0,0.0,0.0
"[1.4211, -0.267242, 2.70162e-05]","[0.0, 7327725.0, 8844258.0]","[0.0,0.5,1.0]",345538,12.951109471302328,12.330631374401792,0.030522728647436,0.1791021457335412,52310.28973016202,5.404745781421382,2.891903070202564,12.265155785131675,0.448,0.448,14.621279813570236,6.340528009321818,0.06375073556640776,0.0,0.0
"[-1.23813, 2.26658, 0.000260595]","[6104773.0, 0.0, 7907443.0]","[0.5,0.0,1.0]",261147,11.05358263630255,7.730451185804231,0.2051480154802246,0.3906782989362635,36665.09620243663,3.99582218616884,7.4060553284018065,24.004420037602067,-1.0,0.644,36.13905098346269,26.7100278563036,0.38750227534392945,0.0,0.0
"[3.5739, 9.92435e-05, -0.126046]","[0.0, 25733320.0, 23133890.0]","[0.0,1.0,0.5]",181320,9.14623563653237,7.37956102893217,0.2094601092796063,0.5911110034044619,228191.38211722503,19.80310136896921,0.833574847251685,1.5686078909826489,-1.0,0.673,2.9654157760206874,0.5569021948109041,0.01562663367712035,0.0,0.0
[3.18039],[0.0],[0.0],216059,10.9282998645903,7.5397386393281565,0.4025636932855718,0.3501409238730626,39049.88310500384,4.214307818012897,7.111269047496321,11.245328766123398,-1.0,0.828,20.054523454784867,0.0,0.0,0.0,0.0
"[-1.0565, 3.11826, 0.000261129]","[8486915.0, 0.0, 10431890.0]","[0.5,0.0,1.0]",50867,9.683641743952856,9.52520183953598,0.0168443775084652,0.507081178576114,35908.79260224707,3.926194629092992,7.075846752019194,2.5459188414328637,1.003,1.003,4.495735135477628,2.616852871748344,0.04114074083756744,0.0,0.0
"[1.78062, 0.000102927, -0.184301]","[0.0, 21873550.0, 20492570.0]","[0.0,1.0,0.5]",61743,10.59586219484448,9.533386700260982,0.2013191050915206,0.0785007992540737,29535.161013064208,3.332059667087618,8.130398259739296,9.233713974476712,1.176,1.176,12.321456302356776,3.9640604026544115,0.0936787473760582,0.0,0.0
"[-0.377628, 1.80234, 0.0116979]","[5573273.0, 0.0, 5736762.0]","[0.5,0.0,1.0]",197396,10.199691228313275,8.976519566512339,0.199157919776789,0.2887888923690123,75201.44900628751,7.391608204329962,2.932203562466374,7.112678911300477,-1.0,1.265,9.54886084318419,4.438026098442606,0.0,0.0,0.0
[5.28292],[0.0],[0.0],138721,9.869189226485226,7.662499414120631,0.4022237141022322,0.3986826288563829,37363.27931361483,4.05995121999215,8.00612363982158,12.959817169403928,2.119,2.119,29.78762596203695,0.0,0.0,0.0,0.0
"[-0.79278, 2.43427]","[28396950.0, 0.0]","[0.5,0.0]",96640,10.3639670572117,3.366652058340924,0.0702096516473229,0.1196369405820296,105790.40751912548,9.963325336795169,4.408716117689921,5.613550634521434,2.425,2.425,4.9982041071593555,8.758344380908866,0.0,0.0,0.0
"[2.00372, -0.437696, 5.21089e-05]","[0.0, 5809914.0, 7022210.0]","[0.0,0.5,1.0]",38950,30.76119407656462,19.76799656586136,0.5227971834543089,0.4335710382187267,26265.33911303312,3.021265202335424,2.0780401346839503,29.69050272988971,0.522,0.522,42.02774299495432,19.642820144810067,0.2143253314440407,0.0,0.0
"[1.74877, -1.33844, 0.00222557]","[0.0, 4346358.0, 4981532.0]","[0.0,0.5,1.0]",130103,9.923214649776284,6.217738291901639,0.0560047034639577,0.2692719165459902,39370.18822727162,4.243535416920549,8.995557422954132,4.114866709637846,-1.0,0.694,5.441543673367264,4.764485395873648,0.0,0.0,0.0
"[2.74154, -1.06883, 0.0423676]","[0.0, 796619.8, 869633.3]","[0.0,0.5,1.0]",232498,9.64201723462862,9.388060653748749,0.8542478032696614,0.3869829662094561,10378.063568337511,1.410807356675617,23.65061336461172,55.07091058460403,-1.0,0.798,108.09534032081355,0.0,0.0,0.0,0.0
"[-0.765454, 4.69823, 0.000766513]","[16400990.0, 0.0, 18323840.0]","[0.5,0.0,1.0]",299587,10.135355042657784,9.089918625803444,0.1643684059500847,0.6151789379943817,27332.66110658204,3.123225342710437,9.532503075089393,26.856581453482296,-1.0,0.891,58.21271672208012,23.496884353576426,0.7435505400272311,0.0,0.0
"[2.80916, -0.306406, 9.98017e-05]","[0.0, 3686324.0, 4702927.0]","[0.0,0.5,1.0]",12575,8.771833536021102,6.112372383731049,0.8991318548232271,0.1693475422170701,37941.15535658378,4.112925697232956,10.508387793953238,8.042312039811321,-1.0,1.501,13.479356434923965,4.451737544741195,0.08034334130412603,0.0,0.0
"[-5.20921, 4.71066, 0.694417]","[178929.5, 0.0, 184069.1]","[0.5,0.0,1.0]",163223,9.003496495010499,7.609684289325417,0.5793498695356988,0.1568419945756642,25487.03257768478,2.946578700912142,13.133546073067595,18.483292072821435,0.308,0.308,60.2177798296508,0.0,0.0,0.0,0.0
"[2.80202, -0.654378, 0.152286]","[0.0, 22814770.0, 22839980.0]","[0.0,0.5,1.0]",384901,10.15457986360967,5.715287879505447,0.2465382842257423,0.4607087621735936,49661.07124867279,5.169784210066092,7.251334361762407,13.752086475655448,0.328,0.328,23.019941202736636,12.351364331265755,0.0,0.0,0.0
"[2.02955, -1.79542, 0.409614]","[0.0, 907400.4, 911623.7]","[0.0,0.5,1.0]",183347,9.63699164276834,9.24056941727674,0.6422581650633759,0.1932361437725353,155446.57540737666,14.018301605828064,1.1367995649372755,3.438341044551321,0.623,0.623,4.898338898681831,5.105715327468399,0.0,0.0,0.0
"[2.09523, -2.81767, 0.0139566]","[0.0, 50230770.0, 51334570.0]","[0.0,0.5,1.0]",325887,9.862068073417104,9.303383091963903,0.0780409665938989,0.405925117820627,81478.32699837085,7.92571340339664,2.639587575451612,4.397349145653459,-1.0,0.668,6.365123015871686,7.38135365305727,0.5194942744941737,0.0,0.0
"[4.30991, 0.000653897, -0.0405245]","[0.0, 114395400.0, 113414900.0]","[0.0,1.0,0.5]",127158,7.606668123168863,6.735792655998139,0.2963392513838543,0.1361477726950141,31775.268244637155,3.5424864513939327,13.228547693674896,22.20138838520885,-1.0,0.95,46.09079880092077,4.50520806072805,0.0,0.0,0.0
[4.31224],[0.0],[0.0],383780,8.242236378119944,7.764953776888586,0.0676526795269281,0.3048243778518134,61473.02095261855,6.208488603739275,5.088122877276458,11.281017173201043,0.95,0.95,23.42608540264506,0.0,0.0,0.0,0.0
"[3.30835, -3.41461, -0.384697, 2.48239, 0.0166957]","[219697.4, 275331.7, 2209937.0, 0.0, 2373895.0]","[0.0,0.5,0.5,0.0,1.0]",116766,8.925716453085286,6.320286683332683,0.2245321518482772,0.2450533682431529,25360.881433982533,2.934445297306108,15.580323647945768,24.44368194697653,-1.0,1.119,74.16291251185207,15.486431615087042,0.0,0.0,0.0
"[1.56688, -0.766109, 0.0745773]","[0.0, 18633790.0, 18661890.0]","[0.0,0.5,1.0]",130376,9.631777444493762,6.203897159711089,0.0305359097180254,0.2627388549537231,74310.75335999044,7.315499657330532,4.279609084740225,5.63653625309988,1.637,1.637,7.055538617024931,5.1680807371353765,0.0,0.0,0.0
"[1.83543, -0.623138, 0.000324361]","[0.0, 6460962.0, 7478071.0]","[0.0,0.5,1.0]",135190,10.026579784561962,6.784659455043162,0.2518038967957571,0.4595021551686492,53460.67725146312,5.506389346746368,5.772037600140711,5.853550955302907,-1.0,2.375,7.930276251063971,4.620739882745467,0.10542259896242362,0.0,0.0
[3.14081],[0.0],[0.0],101697,9.05691752656889,7.61822891700562,0.6913907798874965,0.6257255027783118,62193.20085773734,6.271135500277136,4.715870973451005,6.920897227151772,-1.0,0.359,12.26544283380548,0.0,0.0,0.0,0.0
"[3.72033, -1.38386, 0.000175207]","[0.0, 23686770.0, 30898120.0]","[0.0,0.5,1.0]",369614,10.728895239090535,4.877212838005245,0.2439323933730743,0.0926232910194132,16805.142993075897,2.08936292368102,25.329899321163577,29.4686089109969,-1.0,0.422,56.83951548980711,34.66615809666613,0.3900635435742911,0.0,0.0
"[1.91297, -0.572894, 0.00025913]","[0.0, 9009956.0, 10683520.0]","[0.0,0.5,1.0]",319379,9.822831999090976,7.973064024902945,0.416168655819203,0.2677727106271541,48049.83822177348,5.026245484123581,5.805997043777489,8.777642804987742,-1.0,0.641,12.140371693818517,6.643776906778903,0.14129823966919547,0.0,0.0
"[4.04222, -0.47234, 3.11893e-06]","[0.0, 6480278.0, 9820267.0]","[0.0,0.5,1.0]",104181,9.7117560992046,5.770342347401269,0.1218031661972571,0.3038834576289519,43044.58647964364,4.576974796428861,8.813660445211191,14.167373945331354,-1.0,0.68,28.48389200167867,9.736810546167943,0.02502028031743372,0.0,0.0
"[3.01148, 0.00100803, -0.0146044]","[0.0, 55579050.0, 55498030.0]","[0.0,1.0,0.5]",175022,9.51011790245618,8.964153697805854,0.1803264600004597,0.1135735606357428,84992.69645538414,8.223145456412038,2.657086378181881,9.909354152547293,-1.0,0.982,17.19631301188169,1.2381709264947975,0.0,0.0,0.0
"[-0.925154, 5.12369, 0.0515801]","[80272.88, 0.0, 84265.19]","[0.5,0.0,1.0]",124284,7.235164541226807,7.223803761276594,0.2071328206844092,0.0283056986819155,152284.60863353347,13.76328097615673,1.8234903298050096,4.649179154832562,-1.0,1.036,11.483024620228171,0.0,0.0,0.0,0.0
[3.3448],[0.0],[0.0],161743,9.45296592677628,7.699525108556217,0.5744133705451271,0.8792960307921259,47864.39883333693,5.009693212810475,6.199643560462219,9.110466924220155,1.159,1.159,16.661945631425663,0.0,0.0,0.0,0.0
"[3.60905, -0.137311]","[0.0, 62409690.0]","[0.0,0.5]",326454,10.707277720735975,8.158146543436478,0.0927136320306639,0.0578910159771963,90594.53171494878,8.69506326964588,2.402946306586572,8.88492752426396,-1.0,1.795,16.87914091806755,3.292354222544507,0.0,0.0,0.0
"[3.21794, -0.147114, 0.00042965]","[0.0, 921649.5, 1008704.0]","[0.0,0.5,1.0]",264436,10.979803379630845,7.218370212072962,0.8596867117799616,0.2249455211550202,39337.39764146672,4.24054431104431,7.295556304708108,14.99902202937444,-1.0,1.799,26.906171997403845,5.7613360074243225,0.0,0.0,0.0
"[1.56388, 0.000155919, -0.204418]","[0.0, 29029100.0, 26830820.0]","[0.0,1.0,0.5]",340355,9.761916129728965,8.597253397901206,0.1336847378954106,0.1847537950862814,25426.63794063,2.94077079340998,11.112141807460333,20.700757804787905,-1.0,1.895,25.887371552365202,9.359352657500992,0.2584852492208384,0.0,0.0
"[1.87973, -0.207752, 4.09447e-05]","[0.0, 12416810.0, 14462900.0]","[0.0,0.5,1.0]",404170,5.791648039889143,4.676956029156635,0.2644252492652683,0.0160684424502005,29708.915143805138,3.348450468874064,24.22981623649162,15.904171992462446,2.471,2.471,21.805136014121256,7.24980728870781,0.0,0.0,0.0
"[2.79444, -0.996465, 0.00163666]","[0.0, 1357146.0, 1706464.0]","[0.0,0.5,1.0]",173026,9.955521944740326,9.868724185305222,0.5073227386355104,0.0282318638748675,76023.69876120056,7.46179556332973,2.7248744130871723,4.443284779214436,0.528,0.528,7.427651924196365,4.435424320536815,0.17975599491511907,0.0,0.0
[3.59569],[0.0],[0.0],280446,10.514084858582864,6.835334311607523,0.2881424590257523,0.2714841043615759,118582.7351743232,11.019529417040342,1.985156837379968,3.173462752626645,-1.0,0.556,6.017616770826379,0.0,0.0,0.0,0.0
"[-0.544563, 1.95591, 0.00408691]","[4192821.0, 0.0, 4562532.0]","[0.5,0.0,1.0]",120078,11.01685005643756,7.444339356686195,0.3393953856039089,0.1181989506737698,30352.33134750633,3.4090406861640936,9.44799462598452,20.87134492069765,-1.0,0.659,29.1893798960654,15.459594255081555,0.0,0.0,0.0
"[-1.15081, 1.63278, 2.14778e-06]","[4212327.0, 0.0, 6798477.0]","[0.5,0.0,1.0]",388590,9.63274244090066,7.951211751706923,0.2533369147677021,0.0915243804135876,39361.6199744029,4.242753830589527,7.458187999787441,13.356416479340526,-1.0,0.661,17.0668663978042,14.328204331757224,0.019574237332341756,0.0,0.0
[4.12035],[0.0],[0.0],331122,10.124218568887764,9.75958504133786,0.4108522367164697,0.5957111524028854,49195.3515617709,5.128346078674859,4.643495283918367,18.734532253939182,-1.0,0.791,38.028562461562856,0.0,0.0,0.0,0.0
"[1.64033, -0.350416, 0.00222535]","[0.0, 5728513.0, 6006874.0]","[0.0,0.5,1.0]",77698,10.078688286577488,9.110708770410788,0.8527268194593778,0.4262962505949837,42580.15460216801,4.535009123784992,5.851185769312622,17.528367783552305,-1.0,0.952,22.449521619590012,10.40897810023014,0.0,0.0,0.0
"[0.00106807, -0.0047193]","[42890880.0, 42883640.0]","[1.0,0.5]",35354,10.32406928995164,3.621683694031013,0.377102638181798,0.2135956543085817,31203.876942799223,3.4889899088182843,18.31674795073491,10.197448106977689,1.254,1.254,0.33326627118219093,0.7005357396296974,0.0,0.0,0.0
"[2.08814, -0.316408, 8.59628e-06]","[0.0, 29061590.0, 35228450.0]","[0.0,0.5,1.0]",303534,10.653074028645822,7.868827450556945,0.3629719079174404,0.1291743691718352,65112.60157543652,6.524379873727009,3.796958856096366,6.706545276459047,-1.0,1.509,9.69122479025762,3.772442150397552,0.019663197320384348,0.0,0.0
"[4.03714, -0.0290868]","[0.0, 44875010.0]","[0.0,0.5]",10060,10.107669689265691,9.553648113513995,0.1993608411259508,0.4603599078303887,150700.90423504857,13.63541275522356,1.1093940284044146,3.148862018236888,2.558,2.558,6.326893666755199,0.5370337783653935,0.0,0.0,0.0
"[3.19124, -0.452664, 0.00224883]","[0.0, 5392525.0, 6075556.0]","[0.0,0.5,1.0]",199463,10.880089458715156,7.955037801725294,0.2923700266805589,0.1914590880804113,25500.43123739693,2.9478671821606044,10.83479686973636,32.17588108883886,-1.0,0.78,57.47912942400092,21.70173924717994,0.0,0.0,0.0
"[-16.5781, 3.36657, -1.75404, 16.1746, 0.889675]","[428287.6, 0.0, 2436890.0, 425101.7, 2439500.0]","[0.5,0.0,0.5,0.0,1.0]",86090,5.508347594733498,3.2441018899952376,0.3596540219277646,0.2822426767625826,62501.87595669935,6.297965082714225,14.598265861185997,6.562659518707396,0.916,0.916,39.441130542814776,10.670559468356618,0.0,0.0,0.0
"[4.84017, -2.24456, 0.000893375]","[0.0, 1964414.0, 3695669.0]","[0.0,0.5,1.0]",199716,9.811064029483438,7.821567272501308,0.0535515596234781,0.184887444043848,33662.98832214665,3.7184124915855614,8.8813604377676,9.823519925041886,1.156,1.156,21.612123376847435,14.71745579123611,0.293618913932321,0.0,0.0
[8.08145],[0.0],[0.0],31519,36.97778239736824,17.76723063690109,0.1739855356057966,0.6718596080380451,65475.91994370919,6.555818850332199,0.6904441381750474,3.157679164184311,1.172,1.172,8.97661598306257,0.0,0.0,0.0,0.0
"[-0.57693, 4.5384, 1.48553e-05]","[17970650.0, 0.0, 23987590.0]","[0.5,0.0,1.0]",376950,9.464939991329786,8.988532674785748,0.2054803921829021,0.6207199160810465,79913.085000932,7.792880807322897,2.882112411115314,5.5932298912160086,-1.0,1.414,11.915548952676044,4.248388565089639,0.02155774762160346,0.0,0.0
"[1.74752, -0.572518, 0.00337616]","[0.0, 299548.8, 343405.6]","[0.0,0.5,1.0]",332180,6.677865297914506,6.353268984754156,0.170382795192775,0.0625346822938057,111811.3579982728,10.461629220993055,3.3087105353779123,3.235974164495351,-1.0,2.647,4.277757122235329,2.4557060651312885,0.0,0.0,0.0
"[3.53393, -0.751439, 0.0135253]","[0.0, 837403.1, 892797.1]","[0.0,0.5,1.0]",154621,9.465122528749555,5.170251234739991,0.345649453961341,0.4353342208240846,26500.37138560067,3.043762584931164,16.926382834990658,10.10477874433475,0.719,0.719,20.951020994530342,0.0,0.0,0.0,0.0
"[1.90623, 9.00547e-05, -0.211038]","[0.0, 19854190.0, 18124400.0]","[0.0,1.0,0.5]",115859,34.58751892883688,24.681207930525684,0.0405364587398005,0.5706962109030236,44087.85189432846,4.671063759321723,0.880221594321792,29.50397687411472,-1.0,1.027,40.735045808442536,13.55379429752729,0.27998434623274493,0.0,0.0
"[2.25275, -0.700517, 1.36228e-05]","[0.0, 6547774.0, 7866463.0]","[0.0,0.5,1.0]",220953,10.023599152602802,8.988988230169573,0.4131113149197563,0.6734410056033667,73008.18680256365,7.204047214907944,3.085146868514118,3.2350759021570106,1.062,1.062,4.85557843391168,2.707658036038124,0.011940366710778404,0.0,0.0
[4.4957],[0.0],[0.0],257704,10.564198213260848,6.293413791228451,0.1445830007674929,0.237825900012092,28486.34346787488,3.2328671961026183,12.102125190623395,26.419601862250623,1.167,1.167,56.01765571192941,0.0,0.0,0.0,0.0
[3.13807],[0.0],[0.0],219676,10.35429862786921,8.317194178531556,0.377054027856054,0.1534312881880267,37160.09160390291,4.041302437739173,7.223833975942216,11.988449691682064,1.298,1.298,21.237057292011407,0.0,0.0,0.0,0.0
"[2.45243, -0.346356, 0.000833536]","[0.0, 33363540.0, 33951590.0]","[0.0,0.5,1.0]",355401,10.054484149513458,7.159352588349176,0.4095323393970102,0.5481067142959175,54348.72707662036,5.584700947414221,5.389425157934218,14.157784202668193,1.445,1.445,22.171424565889147,8.33214168008451,0.40874972092885414,0.0,0.0
"[3.73554, -0.0266794, 0.000196883]","[0.0, 94909540.0, 95545700.0]","[0.0,0.5,1.0]",291808,9.319480566555136,6.0330929895843,0.0474932445499902,0.7097941720522881,56652.78654282226,5.7872832897006745,6.314595933666514,5.389218773075864,1.49,1.49,10.416036894719856,0.8802658286493267,0.07561882470272405,0.0,0.0
"[6.35247, -5.46444, -1.05633, 2.7216, 0.00365337]","[27696.26, 29190.26, 75824.54, 0.0, 114308.9]","[0.0,0.5,0.5,0.0,1.0]",195028,33.64407704676044,13.10774802780553,0.4972583639886451,0.1164348397538982,31117.34432022578,3.4808775390157702,2.331316398397103,41.622727369719286,-1.0,1.598,164.3886620248566,0.0,0.0,0.0,0.0
"[1.51035, 0.000393945, -0.154948]","[0.0, 4139298.0, 3829200.0]","[0.0,1.0,0.5]",5908,9.785669223591103,9.659309555056842,0.2393305117377552,0.0530595639213215,32661.196385252915,3.625202006751845,7.701196824682479,17.93517861948758,-1.0,1.997,22.041670517720643,7.068871313144776,0.0,0.0,0.0
"[5.27627, -3.61111, -6.70351, 8.29998, 0.000693371]","[0.0, 10763470.0, 6268759.0, 4721985.0, 20073170.0]","[0.0,0.5,0.5,0.0,1.0]",254148,9.768454460582888,4.174752370848234,0.1061179734384503,0.034266632122806,189954.9279798229,16.780159281133503,1.6936165608780054,0.8362345485432038,-1.0,0.43,1.9208418616519816,2.409165465821478,2.165106366172442,1.5890898919709642,0.022019676939331424
"[1.33737, -0.365201, 0.138772]","[0.0, 6869109.0, 6872013.0]","[0.0,0.5,1.0]",343011,9.447239945005249,8.090467836387438,0.3981619699630333,0.3245626875920048,58379.40916326625,5.9385527435789935,4.680666822679177,7.655694873543816,-1.0,0.44,8.853406482219553,5.434858617614799,0.0,0.0,0.0
"[2.47385, -0.359581, 0.00014282]","[0.0, 10028530.0, 12444520.0]","[0.0,0.5,1.0]",138588,8.92066958175144,8.566868389588851,0.4091942536788053,0.2239967950700397,14365.317603734662,1.837792732164341,20.75386933902761,29.464436235588032,-1.0,0.688,46.34307181966333,17.668370747101967,0.3521215867323461,0.0,0.0
"[1.58854, -0.257572, 0.000609293]","[0.0, 23327290.0, 23833910.0]","[0.0,0.5,1.0]",126719,8.541183099524785,4.182153859142951,0.2147889201429207,0.3042838994438031,91668.8864472398,8.785280679161126,5.074232343084078,3.6009774585200125,0.843,0.843,4.5385746207178554,1.827551936581111,0.08888602749757077,0.0,0.0
"[4.99628, -1.93291, -3.85526]","[63054290.0, 90767090.0, 80486200.0]","[0.0,0.5,0.5]",145070,9.590497438516724,5.425801000158449,0.0577021677303114,0.2553295830946602,47220.295557662335,4.95214721612946,8.429530476450141,8.597720397769343,1.025,1.025,19.2179341977704,16.881465817111508,11.953336181595242,0.0,0.0
"[3.78026, 0.00288044, -0.0858621]","[0.0, 22526420.0, 22398390.0]","[0.0,1.0,0.5]",351640,6.52147738205335,6.231361911105347,0.1270394460296475,0.4694347758391674,92014.08672837527,8.814249470945944,4.441759391546865,6.091841770269733,1.141,1.141,11.844301389340432,1.8147405431818797,0.0,0.0,0.0
"[2.52422, -0.633897, 0.0244819]","[0.0, 16701910.0, 16964080.0]","[0.0,0.5,1.0]",345671,10.749734636945853,10.153408689568163,0.4593977036698687,0.0708688769429817,48117.401241766485,5.0322746897102135,4.388363515772189,16.689845773179457,1.284,1.284,26.516483248860435,13.54223280435257,0.0,0.0,0.0
"[2.2061, -0.463847, 0.0610809]","[0.0, 314019.4, 317292.2]","[0.0,0.5,1.0]",106753,10.388024824800212,7.999635402776767,0.525882987554112,0.2649582841465818,34262.74429839425,3.7740574710391335,8.155860137611022,19.35098067654541,-1.0,1.999,31.979086056092967,0.0,0.0,0.0,0.0
"[1.82529, -0.434514, 2.78538e-05]","[0.0, 5678774.0, 7663186.0]","[0.0,0.5,1.0]",366585,9.223147736543869,8.847349924484579,0.1596908135022498,0.0917027704091052,76998.77790463675,7.544939400528012,3.129629159507991,5.413205485679585,-1.0,0.241,7.313418912195059,3.568259249470118,0.028569111873081206,0.0,0.0
"[2.27511, -0.401853, 0.00201216]","[0.0, 6518528.0, 6931605.0]","[0.0,0.5,1.0]",160109,11.186261775458004,10.995203947394392,0.2717580418783931,0.3872844537740947,22338.97383361148,2.6413029132095773,9.212779035961312,31.99855174091391,-1.0,0.489,48.264912390402834,20.335203244577794,0.0,0.0,0.0
"[1.5865, -0.610955, 0.0010903]","[0.0, 2830138.0, 3113128.0]","[0.0,0.5,1.0]",147131,10.264502749583894,7.878162739245629,0.1271469794986208,0.1392707889116088,68307.76156367431,6.800306455522143,3.681246639107936,6.315132010450517,-1.0,0.626,7.954309250267412,4.940537693185297,0.0,0.0,0.0
"[3.01442, -1.17626, 5.27393e-05]","[0.0, 1033933.0, 2592505.0]","[0.0,0.5,1.0]",307631,37.8654244785591,30.194221456159305,0.7343339409611143,0.3441922480826713,39208.99369213262,4.228829687413531,0.7879510871409019,24.659767457385765,-1.0,0.638,42.81449818375547,26.744879233072407,0.17908374074384525,0.0,0.0
"[2.28981, -1.97803, -1.22483, 3.11502, 4.04364e-05]","[0.0, 405705.7, 556728.9, 293610.9, 1377361.0]","[0.0,0.5,0.5,0.0,1.0]",211117,10.707320143408396,10.097860487606672,0.0894872861959098,0.4382688120615213,87072.96061933621,8.398697404825727,2.1122456298457863,6.604068942058982,0.64,0.64,9.993355156623297,16.599587071903446,0.04199502463320194,0.0,0.0
"[2.01486, -0.335853, 1.76082e-05]","[0.0, 5346806.0, 7139807.0]","[0.0,0.5,1.0]",381372,9.934139192895266,4.792043786622238,0.2600853958749168,0.1049147601131914,42375.06501097737,4.516461308648304,10.390942500356834,10.390966225220442,-1.0,0.651,14.749536425551682,6.021858539117887,0.04360270317213366,0.0,0.0
"[1.73586, -0.333053, 0.000236976]","[0.0, 13389360.0, 15310430.0]","[0.0,0.5,1.0]",36063,9.967801514289086,8.867483169727894,0.0060240163954019,0.5250566613502058,35872.90801103401,3.9228869973891474,7.344034707027709,15.603760911774964,-1.0,0.907,20.55827329183521,9.005046550622314,0.24020468268073997,0.0,0.0
"[-0.311316, 1.56273, 0.0139368]","[2671686.0, 0.0, 2726257.0]","[0.5,0.0,1.0]",312087,10.19700471011309,5.894853765721479,0.5379842470022318,0.3788416551993702,64676.89226327502,6.486654376212553,5.095110751421512,3.643493935322201,-1.0,0.912,4.554702608260295,2.077918802693185,0.0,0.0,0.0
"[3.10088, -0.00156947]","[0.0, 108872500.0]","[0.0,0.5]",306070,10.411071623279218,7.0697889092375945,0.1977043563645068,0.2841487499150477,95290.03235474248,9.088711519877975,2.601775014169412,5.091126209014051,-1.0,1.206,8.965124876658848,0.20169278958225556,0.0,0.0,0.0
"[2.32093, -0.275884, 0.125162]","[0.0, 14105920.0, 14108140.0]","[0.0,0.5,1.0]",286065,12.155915696576498,8.951429710537068,0.3177508926415637,0.1483975237169529,143900.5398042924,13.0852613811612,1.0745660768497327,4.920266946408342,-1.0,1.245,7.495829282103289,3.1159161368087567,0.0,0.0,0.0
"[2.47528, -1.5389, 4.0692e-06]","[0.0, 8576698.0, 16520460.0]","[0.0,0.5,1.0]",261638,9.700372162370744,8.644041980895745,0.3643714754678956,0.1409050387470136,49041.49607725038,5.11464736372595,5.346716801661156,9.33786547748363,-1.0,1.27,14.691284855380456,11.583847006739642,0.018836583324325896,0.0,0.0
"[-0.667125, 3.68549, 0.00142365]","[8288227.0, 0.0, 9267972.0]","[0.5,0.0,1.0]",359421,32.26688609833116,30.253518169628126,0.5057594000016474,0.2017496431112588,57810.37086058332,5.888749126548315,0.566609553070301,27.867886318708003,1.287,1.287,53.49973721583099,22.76185425216708,1.0514912098774716,0.0,0.0
"[-2.55539, 2.49647, 1.04931e-05]","[12546080.0, 0.0, 20146170.0]","[0.5,0.0,1.0]",347866,9.981211259748855,7.845345447289815,0.1649010827673904,0.8728359650782784,135874.97637754295,12.433586461816477,1.5273927841236603,4.0752040995164,-1.0,1.684,6.438912750111628,6.514453072912882,0.013200830976237315,0.0,0.0
[3.03693],[0.0],[0.0],299299,10.31892959675229,8.154974878077745,0.0852929525701681,0.5249992498347336,100386.71326848156,9.514167191312902,2.1637861998171477,7.458813208359617,-1.0,0.344,12.99831693545909,0.0,0.0,0.0,0.0
"[1.54444, 0.00528872, -0.189016]","[0.0, 3612361.0, 3528112.0]","[0.0,1.0,0.5]",371928,9.526273650207829,8.123543053972096,0.4942888852442193,0.4564786378125197,80397.69941352913,7.834031546721955,3.097586723789796,4.702007631265885,-1.0,0.49,5.843443512664218,2.0726453905414166,0.0,0.0,0.0
"[2.08303, -0.28827, 1.63797e-05]","[0.0, 7028630.0, 8552374.0]","[0.0,0.5,1.0]",161355,8.618620350666625,5.952474169585651,0.7970986766768907,0.3243947958257667,163693.28345476286,14.68175520840398,1.6842809172830753,2.818206454794222,-1.0,0.722,4.06743449669805,1.5131170651172092,0.011405800654031928,0.0,0.0
"[2.02563, -0.318629, 0.0265552]","[0.0, 6568245.0, 6606374.0]","[0.0,0.5,1.0]",269935,10.49940775459612,8.612778851483393,0.1567289898875094,0.5361004515317958,48513.17868034242,5.067574060882996,5.091124771635439,14.095157938703665,0.857,0.857,20.06088123332663,8.281240567021774,0.0,0.0,0.0
[3.4574],[0.0],[0.0],364129,32.90331643067921,29.563257503865724,0.430959267202518,0.4130218996308734,78259.08704374013,7.652264377342128,0.3887924506907791,20.2631573814126,1.551,1.551,37.677487235996956,0.0,0.0,0.0,0.0
[5.81074],[0.0],[0.0],222682,9.976509917391684,7.639649618941176,0.1998023408364237,0.3154697396008529,42279.41294582071,4.507807244499165,6.907654925152523,3.3557599231535207,1.577,1.577,8.089219215570775,0.0,0.0,0.0,0.0
[9.48862],[0.0],[0.0],204152,10.237815936737936,9.88989320606782,0.2456110494840415,0.0149586722386416,54002.60597423176,5.554194193294154,4.067965041520552,8.481945643108041,-1.0,0.339,26.12744920704156,0.0,0.0,0.0,0.0
"[2.44043, -0.329339, 0.0695572]","[0.0, 5425250.0, 5443968.0]","[0.0,0.5,1.0]",52222,9.233618717741608,7.386366973853339,0.0706437361869832,0.1286787914564703,21704.771850838297,2.579124180642079,15.52945838066057,18.525769881205,-1.0,0.417,28.940727410196367,11.700548326301448,0.0,0.0,0.0
"[-1.05953, 2.14152, 0.0170337]","[4659584.0, 0.0, 4946468.0]","[0.5,0.0,1.0]",230158,9.200679495760486,8.802531020607981,0.3249098555375145,0.3673364247551732,16487.628921838314,2.05695798447346,17.468284663513536,12.300029966028143,-1.0,0.618,17.9997816501756,12.762214375972722,0.0,0.0,0.0
[3.31389],[0.0],[0.0],191609,9.966702589949044,7.814639723480437,0.2365453286910096,0.2092641621344278,48920.726601205766,5.103891443615198,5.713381744793658,9.804732813663884,-1.0,0.691,17.84862674542402,0.0,0.0,0.0,0.0
"[1.92532, -0.247225, 0.000431573]","[0.0, 3299515.0, 3510604.0]","[0.0,0.5,1.0]",263972,9.940166423125948,8.35540839567744,0.4008958247763496,0.7267320834586563,60850.64022567194,6.154291407707689,4.151322712781156,12.559609680951237,1.231,1.231,17.427199546681557,6.250303013885313,0.0,0.0,0.0
"[1.79811, -0.203725, 1.29075e-05]","[0.0, 26090610.0, 30367450.0]","[0.0,0.5,1.0]",317588,9.888816764134775,7.466119356255704,0.1559366714124829,0.2086026342673653,42664.07438724325,4.5425955570942,7.021393124532178,6.122803829026617,-1.0,2.01,8.210289545333957,2.7635829737522206,0.021997403034250438,0.0,0.0
"[2.71669, -0.445434, 0.00523683]","[0.0, 4171870.0, 4320218.0]","[0.0,0.5,1.0]",347944,9.391334555008925,8.001764411902501,0.9248576847360316,0.1544803468329546,43790.62988563014,4.644283566286235,6.697428194262368,15.98022765795914,2.049,2.049,26.33922572349061,10.727849854382855,0.0,0.0,0.0
"[-2.55129, 4.16476, 0.101214]","[295968.4, 0.0, 329689.7]","[0.5,0.0,1.0]",260998,34.22416027278239,21.777509308835143,0.3551606051743444,0.592222267477553,68534.13532137392,6.819808712330755,0.5791298586787909,10.22526577867423,-1.0,0.132,20.867460254280907,16.65338908519365,0.0,0.0,0.0
"[1.92053, -0.226072, 0.017712]","[0.0, 15746530.0, 15813890.0]","[0.0,0.5,1.0]",312657,10.23601112382006,9.237620278573052,0.1756841924309954,0.2909686141922141,31677.68298756341,3.5333581464683923,7.964067494811784,14.358158023300346,0.901,0.901,19.89799312871348,7.0892669153439325,0.0,0.0,0.0
"[8.09775, -0.683365, 0.000121137]","[0.0, 2710355.0, 4452831.0]","[0.0,0.5,1.0]",353676,10.428390035631828,10.045197708437064,0.2838875807756988,0.384401266858605,26719.971826747627,3.0647594203072863,8.767471097184083,25.2791183096736,-1.0,1.056,71.93563884658694,20.897209098886965,0.27822767683667987,0.0,0.0
"[1.76249, -0.358385]","[0.0, 6010254.0]","[0.0,0.5]",172132,10.12177554771626,9.661894759861273,0.3016035065649075,0.3102005243663222,22740.62318006001,2.6805575150158893,10.95563258380704,40.17039427310681,-1.0,1.314,53.32973493928543,24.04811313908297,0.0,0.0,0.0
"[-1.73951, 2.28918]","[12456550.0, 0.0]","[0.5,0.0]",3362,8.96566214034606,8.313090437942394,0.1722430174573614,0.4942123735506045,64448.31275803263,6.466853472861544,4.226427234869278,6.321643902132519,1.395,1.395,8.337646794458617,9.564670204098142,0.0,0.0,0.0
"[1.93667, -0.6914, 1.51609e-05]","[0.0, 12471400.0, 17928330.0]","[0.0,0.5,1.0]",145488,10.624822102885885,8.139553534863065,0.0662669205351035,0.0547811058020657,58345.40129721046,5.935577531222232,4.2341047056550245,7.900592658448975,-1.0,2.104,10.994803789285653,6.569379614154273,0.030762537948708736,0.0,0.0
[4.22022],[0.0],[0.0],343791,33.1314952880751,32.886078311231344,0.4034226004311105,0.2937586638212965,38250.01900100005,4.141201524332101,0.8418522429265837,23.649449820906,0.329,0.329,48.58347638296428,0.0,0.0,0.0,0.0
"[1.81069, -1.83365, 0.00645858]","[0.0, 14730010.0, 16881330.0]","[0.0,0.5,1.0]",276078,9.771920860535404,7.166000927616492,0.1079177832569057,0.4129581725583997,19700.66616830305,2.380936680950637,16.737028972033148,37.52880110742764,0.522,0.522,50.49946094033903,50.8186252255728,3.016013022459839,0.0,0.0
"[2.63184, -0.390316, 0.0615962]","[0.0, 18851810.0, 18923320.0]","[0.0,0.5,1.0]",85738,9.043505536218516,8.228246654842508,0.5487918820716432,0.2060108743511779,13474.500238602855,1.7443145274176155,22.445109983322883,46.411051122460975,-1.0,0.588,75.29240091784237,31.199557708761542,0.0,0.0,0.0
"[-0.692325, 2.27339, 0.0051412]","[7925539.0, 0.0, 8603646.0]","[0.5,0.0,1.0]",238142,9.732407175104097,9.048863703499476,0.3717182876667509,0.0133203963687167,51667.12289032797,5.347818574596118,4.820551077491388,8.587068635024252,0.804,0.804,12.947380365950044,7.144962295625325,0.6157113842494257,0.0,0.0
"[-0.571989, 1.93262, 0.00158856]","[2610153.0, 0.0, 2953809.0]","[0.5,0.0,1.0]",33743,30.106551391176463,17.423446826814725,0.631957698855517,0.0632071221756576,118059.80525236772,10.976534550948395,0.3828415662336379,15.455314688564044,-1.0,0.897,21.485778144788476,11.688847448735975,0.6159985127837466,0.0,0.0
"[2.14152, -0.544281]","[0.0, 3848144.0]","[0.0,0.5]",167741,11.05216464919666,10.063426633336212,0.0175432055047337,0.6413084748025588,44262.58964480944,4.686799230838548,4.767289745628955,12.430290738758751,-1.0,0.976,18.190404394446134,9.170497012614138,0.0,0.0,0.0
"[3.83339, -1.29507, -2.68819, 2.33129, 0.000338951]","[434726.4, 726356.8, 522923.3, 0.0, 1571500.0]","[0.0,0.5,0.5,0.0,1.0]",340926,8.995330036231762,6.678554388604237,0.1885063712000331,0.9169431718882872,119403.66135448698,11.086995875232338,2.2744280934313874,3.159022836770646,-1.0,1.15,4.823373753770382,8.067318038769901,3.5950040753194745,0.058159575128941224,0.0
"[3.50717, -2.74964, -2.97567, 3.99278, 3.06205e-05]","[0.0, 1084821.0, 991685.4, 307420.3, 5841635.0]","[0.0,0.5,0.5,0.0,1.0]",258206,10.130521448391674,7.81753899140622,0.17785145716003,0.7487105449994913,26953.17982142926,3.08703334248599,10.99851049499072,14.27092197408086,-1.0,1.303,51.898420558022835,0.07896927859611041,0.0,0.0,0.0
[4.82756],[0.0],[0.0],288724,10.855158496826528,5.329406813208256,0.6494169555932522,0.2404133386252295,40676.30071516919,4.362442312128432,9.250341643068127,12.00655219617268,1.541,1.541,26.38044719365147,0.0,0.0,0.0,0.0
[5.70639],[0.0],[0.0],291472,9.214701127528116,7.688251669808553,0.2227009599459633,0.452946351333165,182175.8406439283,16.16069180808798,1.1028020168234511,2.8281364404875884,2.359,2.359,6.755866867498791,0.0,0.0,0.0,0.0
[3.266],[0.0],[0.0],116936,10.424275160299926,9.664878979965748,0.2989416610856723,0.3805580850332445,145934.24565407465,13.249978054265094,1.1196908462281745,3.689040891726074,-1.0,2.372,6.666863440996924,0.0,0.0,0.0,0.0
"[-4.9943, 4.05637, 0.000355256]","[5470358.0, 0.0, 10076900.0]","[0.5,0.0,1.0]",392126,10.274162710475164,9.778440066809289,0.1240327932716272,0.7355612845022137,42218.71158559891,4.502314464298005,5.480776311537158,16.991851486213307,-1.0,0.427,34.22232289284926,37.97327169801344,0.3202664267486008,0.0,0.0
"[-2.69322, 12.9252, 0.00255735]","[327365.2, 0.0, 683822.4]","[0.5,0.0,1.0]",269099,39.75071311809463,36.48642345264029,0.6431218874790029,0.1960370651433652,30731.94123175292,3.4447148373306384,0.8456999904354727,62.54122438396487,-1.0,0.56,224.84592200367305,102.63660893616378,3.1627252379679773,0.0,0.0
"[2.23165, -0.23149, 0.0446119]","[0.0, 6039521.0, 6051425.0]","[0.0,0.5,1.0]",361063,9.402267250380644,9.316468707743736,0.2249924025072499,0.1263043927830465,36387.01167051706,3.970240199314659,7.278180341669659,21.22411712392128,0.68,0.68,31.706089060971063,11.152297115714315,0.0,0.0,0.0
"[3.92232, -0.42345, 0.000201368]","[0.0, 4419937.0, 5547393.0]","[0.0,0.5,1.0]",369590,8.645312992242221,8.254816277735394,0.2192735233020786,0.3778712740584214,120075.01885932106,11.142143843236646,1.9484672490431645,2.9307262596598367,-1.0,0.831,5.80425877837844,1.9071125507993347,0.0415882344874069,0.0,0.0
"[-0.884156, 2.5949, 0.0081492]","[936381.6, 0.0, 1032596.0]","[0.5,0.0,1.0]",110370,8.344736643615965,7.165012974494389,0.4700358394660763,0.1004817070803522,48159.90072468056,5.036066536049015,7.244784508113926,10.279590448797366,-1.0,1.175,16.559076984242243,9.710297238240384,0.0,0.0,0.0
"[3.05069, -1.4973, 0.00162282]","[0.0, 437850.1, 617064.8]","[0.0,0.5,1.0]",356380,9.646445764015132,5.889360190862695,0.0791419216532989,0.0821427740780119,58292.93361585032,5.930987346493454,6.058905323456301,8.516449554956525,-1.0,1.21,18.16543481777737,0.0,0.0,0.0,0.0
"[2.00034, -0.214669, 6.78295e-06]","[0.0, 1843379.0, 2513359.0]","[0.0,0.5,1.0]",230691,9.090939693707126,8.777100184710976,0.4830206933556701,0.3574349415780337,23604.216418073065,2.764644852478311,12.499787841623002,28.18111939089409,-1.0,1.261,39.85750870180293,13.057191319040728,0.0,0.0,0.0
[4.95463],[0.0],[0.0],130084,8.91981794321428,6.858477692169272,0.2302836378308322,0.0451728286570096,64513.96989099741,6.472541792961663,4.989219119374124,4.258656281873975,1.263,1.263,9.479342242965531,0.0,0.0,0.0,0.0
"[1.48412, -0.194328, 0.00724334]","[0.0, 4565919.0, 4668074.0]","[0.0,0.5,1.0]",200503,23.48899173911602,19.95024678294936,0.1577053166271381,0.5250831066520883,32012.67365999194,3.5646791577430244,2.0757474599741093,40.02332916046832,-1.0,1.508,48.75820617724412,17.96915281575848,0.0,0.0,0.0
"[-1.20606, 1.5081, 0.00254191]","[5562521.0, 0.0, 6234060.0]","[0.5,0.0,1.0]",142836,9.78732527596573,6.5358350964959655,0.9843588943516705,0.3431504326881878,28972.107520356298,3.2788642152835874,12.221719807514216,26.14912922386338,-1.0,1.665,32.11236571974581,28.747419690511165,0.0,0.0,0.0
"[-0.379535, 2.05863, 0.00690724]","[4543224.0, 0.0, 4725438.0]","[0.5,0.0,1.0]",1453,10.167187888782085,7.9136022084968145,0.2203834816304336,0.0316062155229394,20815.666727078267,2.4915297608429,14.10959926738196,21.13238707598073,-1.0,0.66,30.32059403287582,13.136838242180339,0.0,0.0,0.0
"[2.90094, -1.16007]","[0.0, 3767127.0]","[0.0,0.5]",249313,9.53949959047316,8.680774169262689,0.5168389011252336,0.0618577921429536,34227.29637877638,3.7707721621204993,8.168894930868687,9.774261812135537,-1.0,0.85,16.647665498250195,10.527519771593711,0.0,0.0,0.0
[3.11401],[0.0],[0.0],217452,10.207161192687634,9.16041348536557,0.1988695773405771,0.4237886113564985,43330.617328082655,4.602795743427177,5.648163185749191,12.266203269802231,-1.0,0.87,21.645626422641215,0.0,0.0,0.0,0.0
"[4.92866, 3.80995, -0.760623, -6.41096, 7.14329e-05]","[157251.1, 0.0, 3419770.0, 271413.7, 5874272.0]","[0.0,0.0,0.5,0.5,1.0]",329020,9.850442157623934,8.160766708774297,0.7064079054210601,0.2597072562417076,32761.64966381785,3.6345637623825326,8.79744081213479,20.23373517699241,0.882,0.882,78.7546516107775,17.646589713541005,0.17101145515044902,0.0,0.0
"[2.55893, -0.83073, 0.00559294]","[0.0, 46449480.0, 47278580.0]","[0.0,0.5,1.0]",381423,8.71377999319281,6.020122274205513,0.1249597254045404,0.3677402978678565,22743.636908283224,2.680851623253474,18.51073642127009,15.012541834269744,1.274,1.274,24.015046591514274,13.729073667326611,0.0,0.0,0.0
"[2.56176, -1.42226, 8.48219e-05]","[0.0, 1451596.0, 2891351.0]","[0.0,0.5,1.0]",153205,9.693394589603203,7.754841775095558,0.1486970201774636,0.2375060604294241,112454.63489986604,10.514740362517982,2.0424665493559515,4.615875737489251,-1.0,1.353,7.387939475443846,5.504826136031879,0.04251166423975331,0.0,0.0
[3.06633],[0.0],[0.0],147730,8.31087734022287,6.551000459871948,0.0807240149699972,0.0391461676385637,48235.01297764223,5.042767675259386,7.829254681252954,8.253334234590248,1.381,1.381,14.452363594317466,0.0,0.0,0.0,0.0
"[3.37635, -0.237471, 0.008695]","[0.0, 8759552.0, 8823652.0]","[0.0,0.5,1.0]",110439,10.25324808713826,4.086646558165809,0.3190074783688025,0.0131738109632376,133776.76722818436,12.262757019747504,2.7119017049095526,4.703534933693779,1.693,1.693,8.642673447480833,2.333664438734574,0.0,0.0,0.0
"[2.15192, -0.71069, 0.00608552]","[0.0, 5797288.0, 6282087.0]","[0.0,0.5,1.0]",296392,9.856138096493732,8.400428157788244,0.0544030455322379,0.0883361337046847,36328.242601345686,3.964831356481184,7.650107164606855,22.07111130194757,-1.0,0.624,32.37704894695063,18.685975844515152,0.0,0.0,0.0
[3.09193],[0.0],[0.0],127119,9.554856851411872,8.182411113924855,0.1216117702657103,0.4246443623318213,56595.70060625781,5.782274133571337,4.770985009408206,6.811387949450415,0.729,0.729,11.977066012874673,0.0,0.0,0.0,0.0
"[2.63685, -2.2838, 9.1158e-05]","[0.0, 2692659.0, 5467409.0]","[0.0,0.5,1.0]",57656,39.88428630154295,20.147583971545668,0.2228254144177742,0.096886342289849,33857.54786872732,3.736476733306779,1.2678085257488474,53.45996581912117,-1.0,0.952,86.81032644092224,80.79001914631849,0.5104181050522173,0.0,0.0
[3.01961],[0.0],[0.0],282260,10.693592209391584,10.652668395009728,0.7515798550959991,0.0841758087087183,53512.09244048752,5.510926906576325,3.728184523394003,13.054014246318657,-1.0,1.439,22.683993271596503,0.0,0.0,0.0,0.0
"[2.49915, -2.69314, 2.29235e-05]","[0.0, 18131880.0, 23250440.0]","[0.0,0.5,1.0]",33180,10.436799992878871,8.891070774460884,0.3476228564557917,0.1848672838977673,184887.21368008867,16.37679523874016,0.862251503462171,4.682719332475642,-1.0,2.058,7.402770574964355,7.684711953887563,0.02242015402842987,0.0,0.0
[3.04193],[0.0],[0.0],253402,10.6224014254827,6.88123060581106,0.0664165112437131,0.1185242422233411,41258.38061401661,4.415295681754611,7.393109446639883,11.772947108235394,2.082,2.082,20.53334957068209,0.0,0.0,0.0,0.0
"[2.10616, -1.28629, 0.00167775]","[0.0, 15460890.0, 17502160.0]","[0.0,0.5,1.0]",125090,9.131157643819732,5.990383930794304,0.2519189213487934,0.3866298767303686,63079.05164811501,6.348097550797767,5.657660185151805,10.865846552544092,-1.0,2.326,15.769184986055595,12.32347005986522,0.44506884174455186,0.0,0.0
"[2.17832, -0.498166, 0.0236858]","[0.0, 8522948.0, 8624877.0]","[0.0,0.5,1.0]",174429,10.461897778335812,9.916306513067225,0.1893885594980648,0.1937794135348514,34726.78472620572,3.817031882412555,6.660485360712214,17.183225414278713,0.413,0.413,25.360950523487492,12.413043582919924,0.0,0.0,0.0
"[2.52774, -1.64231, 0.000975647]","[0.0, 608653.6, 908881.3]","[0.0,0.5,1.0]",251981,10.087762156292564,7.468514885326855,0.1990598942574552,0.2057825417822385,13467.318779645431,1.7435570269502083,22.299849255667585,50.325487506440936,-1.0,0.565,102.7801910802894,0.0,0.0,0.0,0.0
"[1.57277, 0.000162359, -0.188324]","[0.0, 8529507.0, 7744930.0]","[0.0,1.0,0.5]",74353,8.829120547900185,7.343280793368054,0.0139211754303163,0.0631131159976018,44917.19938683459,4.7456871603434605,7.355137884662605,6.884615121886108,-1.0,0.655,8.634004580401983,2.987669141421875,0.08772388367031882,0.0,0.0
[4.12982],[0.0],[0.0],290198,8.040550021080527,5.667000280290904,0.2920567217241767,0.1585441391306839,140086.09281409596,12.775865203212604,2.3060019652136403,4.007183639524765,-1.0,0.836,8.143381989289447,0.0,0.0,0.0,0.0
"[2.1758, -0.721339, 1.55327e-05]","[0.0, 3823866.0, 6727361.0]","[0.0,0.5,1.0]",19603,10.839195120298172,9.079856980816706,0.5544248704070787,0.4298679526661785,35918.46910903723,3.9270865525582273,6.7102708691469095,11.809069166346756,-1.0,0.887,17.419077544276192,10.029640649286547,0.046541367894248946,0.0,0.0
"[3.79644, 0.000172452, -0.012029]","[0.0, 53131740.0, 52898340.0]","[0.0,1.0,0.5]",334749,23.71563637562148,15.073208123866994,0.0805766994139362,0.6885259147886186,101262.06765460646,9.587057798608331,0.6447824165542534,12.576739299749828,0.898,0.898,24.505091524221644,1.3793764945574012,0.16515897401917046,0.0,0.0
"[1.90311, -0.264627, 0.00253294]","[0.0, 8142906.0, 8381320.0]","[0.0,0.5,1.0]",158159,10.870612928914396,6.929239139344311,0.6942375304467693,0.043069142280739,63808.37913965908,6.41138254289025,4.2763904948639295,8.9939179510124,0.907,0.907,12.407402381242921,4.6487328580412015,0.0,0.0,0.0
"[-1.41934, 10.33, -17.5429, 11.5656, 0.00202468]","[8413813.0, 0.0, 261281.3, 110635.2, 10764180.0]","[0.5,0.0,0.5,0.0,1.0]",163028,28.083228363462155,22.67444842027504,0.2194686837770635,0.1414168132604258,52812.51323644599,5.449148026655302,0.9044608308187853,29.978520121267177,0.922,0.922,96.35191506799652,101.95165361615385,125.56276889331858,35.715226721912565,1.3489268109519512
[3.68028],[0.0],[0.0],314421,8.686742566139694,6.733249914455636,0.1892508163732301,0.5363483293563782,39514.14673635547,4.256662774292876,9.306928200941938,9.989392100786684,0.933,0.933,19.16370562669096,0.0,0.0,0.0,0.0
"[5.33981, -0.347415, 1.82153e-05]","[0.0, 49193800.0, 55877200.0]","[0.0,0.5,1.0]",241016,10.351793079844272,8.370863707548953,0.300061625309005,0.4519605757879088,43586.621669255976,4.6258900504678895,5.98496242865055,10.87290472590372,-1.0,0.966,25.12513967170631,6.408698866751048,0.046404889909631056,0.0,0.0
"[3.97904, -0.864951, 0.0228197]","[0.0, 1062767.0, 1111995.0]","[0.0,0.5,1.0]",49952,202.66516544115456,70.95076772786625,0.3115666020784207,0.260611507935082,58908.262650402816,5.984796197423743,0.0614843916013996,61.78626558916641,1.094,1.094,123.24834590614229,57.46292111249154,9.333551158155114,0.0,0.0
"[5.7869, -0.406278, 0.0475278]","[0.0, 1620046.0, 1630432.0]","[0.0,0.5,1.0]",196693,9.426227341243344,9.306122612260696,0.1826307905910739,0.5713311157847476,87933.89667666328,8.471244781734628,2.481927908494812,4.358201503631565,1.146,1.146,10.48407924673175,2.9359072222856732,0.0,0.0,0.0
"[-1.21983, 3.12735, 9.81016e-06]","[6502012.0, 0.0, 10145110.0]","[0.5,0.0,1.0]",320944,30.984870136822355,21.44024112493372,0.6429907691011757,0.1534320274465973,48827.01500017867,5.095543519554115,0.9626976337377836,34.54265549592639,1.197,1.197,61.086320363760755,38.150951708551496,0.1081916555888456,0.0,0.0
"[-1.04599, 1.61441, 8.92721e-05]","[5631427.0, 0.0, 7689035.0]","[0.5,0.0,1.0]",188390,9.230256948349952,8.989109854244127,0.5063299242533791,0.0815340932497919,53223.70339901698,5.485469844334283,4.887143191665401,9.919083093959896,-1.0,1.735,12.603130927575979,10.144608576792468,0.0937193793758736,0.0,0.0
[3.1661],[0.0],[0.0],355750,10.010813528715408,7.634189612455258,0.6678996639937524,0.1694159629597681,53595.26693440593,5.518266503474477,5.205529767787541,13.04267682433584,1.949,1.949,23.207536769023793,0.0,0.0,0.0,0.0
"[2.21238, -0.3044, 0.000289812]","[0.0, 23332990.0, 25167110.0]","[0.0,0.5,1.0]",333039,9.233613181152236,9.033834364479896,0.010906241014105,0.0067148483114941,55802.61091967655,5.712630861271231,4.594141886299085,11.527696593057945,-1.0,2.187,17.146378219791504,6.360113433968214,0.19624595748901558,0.0,0.0
"[3.1197, -0.535566]","[0.0, 5133897.0]","[0.0,0.5]",310239,9.19168666281288,6.543747689726485,0.0681697568454395,0.608799491651026,59353.85405426294,6.023727115176838,5.621280991042678,8.541883945892838,-1.0,2.321,15.087249870745632,6.251153535138198,0.0,0.0,0.0
"[3.47211, -0.640142, 0.00196327]","[0.0, 37177460.0, 39428990.0]","[0.0,0.5,1.0]",193004,10.0590745135549,5.885520291623882,0.049163491706271,0.6959947742414548,60120.05524138765,6.090602612365984,5.646333879660111,9.91692309479123,0.435,0.435,18.47879651506862,7.934418553943521,0.43940698916662846,0.0,0.0
"[4.82086, -1.39997, 0.0083745]","[0.0, 15243600.0, 16738380.0]","[0.0,0.5,1.0]",151022,9.154400359845631,7.25123751759663,0.4458681922254461,0.3649365802561188,31517.626012037465,3.5183788831718585,10.773615088949636,19.41379371170908,-1.0,0.504,42.625812507278184,22.97046438214788,1.7766008027715505,0.0,0.0
[4.12654],[0.0],[0.0],275539,9.72074912751332,7.9217325799749885,0.3039973831944174,0.1461019722819204,59847.83106215431,6.0668519458603125,4.515094540344216,9.591877230749033,-1.0,0.649,19.484830899133666,0.0,0.0,0.0,0.0
"[3.26358, -1.18119, 0.000128412]","[0.0, 50458140.0, 53744940.0]","[0.0,0.5,1.0]",210949,10.415608032956303,8.574712364086142,0.5313654826024443,0.6311709728650798,33055.73254243418,3.661951729572509,7.980629418866608,13.297708417586682,0.671,0.671,24.022817242256107,14.452290634231762,0.1506883268890643,0.0,0.0
[4.58493],[0.0],[0.0],53768,7.377513759198423,7.252035956395918,0.048264057863018,0.2597766321157121,83617.14131730315,8.106858678758572,4.000702009144973,7.158514239971599,-1.0,2.588,15.32813257298956,0.0,0.0,0.0,0.0
"[1.5861, -0.293008, 0.00402236]","[0.0, 4836268.0, 5009659.0]","[0.0,0.5,1.0]",190194,6.468330524442466,5.07613042592444,0.4734280994348764,0.5164560891601007,44962.79951903293,4.749785907788001,12.964535965843156,11.89861704237635,-1.0,0.576,14.98517328953064,6.484804798461742,0.0,0.0,0.0
"[3.60927, -14.2056, 0.00944327]","[0.0, 539319.9, 945387.1]","[0.0,0.5,1.0]",393994,10.602923354859652,9.192576782409692,0.3792697515421979,0.4162314285584089,27202.636027526365,3.1108321683396296,9.144357945788672,29.686014747305187,-1.0,0.646,125.33094148512191,0.0,0.0,0.0,0.0
"[1.41712, -0.316426, 8.85231e-05]","[0.0, 5280821.0, 6340258.0]","[0.0,0.5,1.0]",288039,11.52374067313416,11.1663053212768,0.3681629092470202,0.4243115100442296,17631.00960834456,2.173226787229513,11.159647774606915,45.63577960203485,-1.0,0.743,54.32613239706412,25.670927175107042,0.4293720603894041,0.0,0.0
"[1.67979, -0.205166, 3.44941e-06]","[0.0, 5338030.0, 7391565.0]","[0.0,0.5,1.0]",12000,10.65943758867378,10.002523411102183,0.2452565921095251,0.1265627724315336,18897.77344571125,2.300752915460086,12.224613647319089,27.19188183162459,-1.0,0.914,35.24250418746907,12.316631838183875,0.05050235998893735,0.0,0.0
"[1.57111, -0.464538, 1.30497e-05]","[0.0, 2965232.0, 4076894.0]","[0.0,0.5,1.0]",395346,5.555944756533474,5.537135444296475,0.4708394185722511,0.1278428667100649,40771.865996527085,4.371125307835614,15.295923434945788,5.160097211730236,-1.0,1.113,6.467868474835043,3.5170181237143563,0.0,0.0,0.0
"[3.38598, -0.226811, 0.000234322]","[0.0, 9730714.0, 10922680.0]","[0.0,0.5,1.0]",97075,9.418178710303916,8.693804752946123,0.688287317215345,0.0629341758954966,93024.30926988604,8.898973215147853,2.4427093969828344,6.525536619140056,-1.0,1.175,12.007661192896682,3.10776583373857,0.09989017267739937,0.0,0.0
[6.18767],[0.0],[0.0],10619,10.074037562577049,9.296560405059752,0.1522074131349667,0.1996032150965846,73672.33823938607,7.260896966372953,2.9524779451223337,6.657703143094212,1.448,1.448,16.561054969123706,0.0,0.0,0.0,0.0
"[4.95128, -5.28649, 3.92726, -0.175068, 0.00016248]","[2423008.0, 4428866.0, 0.0, 37412760.0, 40566160.0]","[0.0,0.5,0.0,0.5,1.0]",201655,10.11525074138492,8.967314906321837,0.1193118625366924,0.7330896616277659,74442.03464677051,7.326722628967515,2.9933663645445163,7.451222876597532,-1.0,2.244,14.766323580454717,16.58006761718516,17.132126065717344,3.117675708207651,0.09497898171975501
"[1.8892, -0.459867, 0.00106744]","[0.0, 1701279.0, 2072187.0]","[0.0,0.5,1.0]",73957,9.68248915710014,7.952852646225981,0.0573746206372692,0.3031403531170608,33230.93918158458,3.6782541362375176,8.978184210308028,18.441056763800624,-1.0,0.336,25.34689542862305,12.52003041996332,0.0,0.0,0.0
"[1.53274, -0.306029, 0.0070317]","[0.0, 2983562.0, 3066638.0]","[0.0,0.5,1.0]",107413,9.9834300674643,6.627582758978603,0.0220898451892197,0.006333755200697,29886.978627144923,3.365234254911244,11.495504367919503,19.45298637696574,-1.0,0.58,24.083551358209327,10.884301380213154,0.0,0.0,0.0
[8.20591],[0.0],[0.0],339257,9.297991664438564,8.914116238394067,0.0542466485078144,0.3377408244970516,49271.82615952372,5.135153229562589,5.366038606990649,6.815153761737058,0.627,0.627,19.52266191593961,0.0,0.0,0.0,0.0
"[2.85528, -1.12922, 0.000325458]","[0.0, 1118208.0, 2191863.0]","[0.0,0.5,1.0]",121819,11.097774084348234,10.763357966402404,0.5789905693366684,0.2221164953750088,41148.50003686163,4.405324872077555,4.887060777695698,21.886739164499858,-1.0,0.837,36.98327900620703,23.25789165044854,0.3948467229200485,0.0,0.0
"[1.57051, -0.250736, 0.000402912]","[0.0, 5023359.0, 5209662.0]","[0.0,0.5,1.0]",71747,8.69135316324314,8.219412079670699,0.645581541774265,0.4670955706735873,84402.81582283987,8.173298366733219,3.10666143531305,1.4735682818190488,0.902,0.902,1.8466756296742908,0.7384604984542823,0.0,0.0,0.0
"[2.55725, -2.75863, 4.39003e-05]","[0.0, 9163904.0, 13067790.0]","[0.0,0.5,1.0]",285493,10.6315754599263,9.521578743308048,0.18905143374603,0.1336898908629585,68892.85908974582,6.850700690594257,3.0130331495289413,13.060581849139512,1.444,1.444,20.885704005235514,21.69248234258804,0.0865358909140644,0.0,0.0
[4.96858],[0.0],[0.0],376071,9.914660062014953,7.725290106578699,0.1501707722817105,0.5917440130185581,124211.0785087064,11.481382756208609,1.7589176750117614,4.482361877554073,-1.0,2.49,9.991324383691481,0.0,0.0,0.0,0.0
"[2.66709, -1.91602]","[0.0, 5124554.0]","[0.0,0.5]",24447,9.895840337761015,8.882475638347143,0.5696246612253172,0.3506221190730154,105479.28454903672,9.93751593805892,1.9501942343134329,4.220420427203757,-1.0,2.497,6.892464722036897,5.841921749113984,0.0,0.0,0.0
"[1.51195, 0.000124517, -0.195897]","[0.0, 5971694.0, 5310812.0]","[0.0,1.0,0.5]",262323,9.98334620335072,9.819717791284482,0.7220261728863837,0.3732459194376525,40284.55111746532,4.326823279935121,5.903805391312318,15.045105309372898,-1.0,2.514,18.499668516509526,6.659001681482391,0.1678840959193994,0.0,0.0
"[-1.51901, 2.31602, 0.22062]","[2204581.0, 0.0, 2227702.0]","[0.5,0.0,1.0]",112125,9.812447127243296,9.593386315823688,0.1162137123153857,0.3937644712263231,7929.546555498697,1.134466317150228,28.04074301253308,69.19445015592659,-1.0,0.235,139.3482429116386,0.0,0.0,0.0,0.0
"[2.0878, -0.603473, 0.00699752]","[0.0, 3691409.0, 3938616.0]","[0.0,0.5,1.0]",46650,9.736144940954317,7.545683911380618,0.230900715746031,0.2534473021910513,9671.058516814548,1.332377941875717,29.818759689668543,26.816969989726037,0.608,0.608,38.748433752523155,20.952799356016563,0.0,0.0,0.0
[3.25893],[0.0],[0.0],196182,9.685175156252386,7.551453669399292,0.2017909832065847,0.1003751076017501,111728.3747371067,10.454776176025671,2.109009709422641,2.830589637660092,-1.0,0.693,5.109923854356924,0.0,0.0,0.0,0.0
"[2.36311, -0.394403, 0.00784774]","[0.0, 642551.7, 673792.2]","[0.0,0.5,1.0]",93235,9.145493805723122,8.5782240183756,0.3179085431898303,0.3798088621587241,58780.03947821314,5.973588095843714,4.537988973523368,8.529216350630083,-1.0,0.808,13.111461371447419,5.409505374941063,0.0,0.0,0.0
"[1.92249, -0.300363, 0.00408944]","[0.0, 8417555.0, 8709034.0]","[0.0,0.5,1.0]",24816,10.656774371709458,7.486590683684469,0.1289747917141831,0.0181878886706025,44329.84735931166,4.69285374364793,6.3070009838415215,5.331517736012639,-1.0,0.824,7.392356503977005,2.94178268743931,0.0,0.0,0.0
[3.23191],[0.0],[0.0],323060,8.649632330256283,6.996405878296339,0.1119611135515591,0.8582132934976774,18788.228882153417,2.28977529277429,19.740672851438436,18.22449705025732,-1.0,0.898,32.76311459877783,0.0,0.0,0.0,0.0
"[2.19205, -0.413686, 0.00167874]","[0.0, 7741773.0, 8354789.0]","[0.0,0.5,1.0]",280210,9.3943386538039,9.348491209808374,0.4888908853177875,0.0292397034074221,20919.935863150327,2.501828701785708,13.018352052589009,31.196680421137096,-1.0,0.915,46.18847379104343,20.105885151259812,0.0,0.0,0.0
"[-0.633252, 2.03946]","[5101006.0, 0.0]","[0.5,0.0]",393448,9.46045733449668,6.85389872778492,0.2086651223242429,0.3752496133887582,45350.340446788505,4.784601390957729,7.293365163927714,11.435237460264815,-1.0,1.519,9.099834053285706,16.330624141840875,0.0,0.0,0.0
"[4.1179, -0.01038, 1.02092e-06]","[0.0, 48219500.0, 50955570.0]","[0.0,0.5,1.0]",20237,10.100785253017593,7.229089389442032,0.0962698904496474,0.5789149034196442,141634.7027121701,12.901547558454055,1.5326089168627777,2.4874119430164487,-1.0,1.576,5.047607920568792,0.2534232125296098,0.0025132956010916027,0.0,0.0
[3.31619],[0.0],[0.0],281616,9.845503517737638,5.934257967716096,0.2045392304836054,0.3925077035203546,81181.77027874025,7.900563858501166,3.90340350350718,6.210312303823522,1.698,1.698,11.309232776140982,0.0,0.0,0.0,0.0
"[2.28504, -0.430565, 0.000197583]","[0.0, 16801470.0, 19310450.0]","[0.0,0.5,1.0]",243343,10.081162387630393,8.676038594143701,0.027176003846836,0.2307221855034714,73235.40183608713,7.223501500254871,3.151419043714484,8.947649090439356,-1.0,1.749,13.525578428232107,5.8712193422937355,0.12577193170070314,0.0,0.0
"[1.49615, -0.280612, 2.62173e-05]","[0.0, 46145830.0, 50698320.0]","[0.0,0.5,1.0]",201272,7.698125819117817,7.674667427601912,0.0665195520943079,0.2246110038849857,49599.39515807352,5.164298985685525,7.058467031142385,9.095641800600324,1.909,1.909,11.125535333328786,4.818218251844543,0.0465722618620185,0.0,0.0
"[3.56665, -1.03527, 0.130068]","[0.0, 1688560.0, 1714318.0]","[0.0,0.5,1.0]",224661,11.472652837720544,7.909068389712717,0.0884858344748973,0.8102231741788233,15205.625031498152,1.925130476710996,17.19793818034178,4.159187455453086,-1.0,0.537,7.854865289672118,4.489877052370134,0.0,0.0,0.0
"[1.68281, -0.499599, 0.0307018]","[0.0, 5315056.0, 5383808.0]","[0.0,0.5,1.0]",12041,10.199498725043236,6.9022424398850495,0.6087080782485748,0.0607825293678963,53188.09867975939,5.482325748361739,5.644210164989529,5.5358847788280965,-1.0,0.663,7.181325044509066,4.0313284502339535,0.0,0.0,0.0
"[2.47659, -0.263383, 0.000163364]","[0.0, 257412100.0, 262285700.0]","[0.0,0.5,1.0]",231370,10.150725785594032,8.690961889567287,0.363340435679293,0.3808920549559906,109868.92067082498,10.301108236814724,1.842115223455919,4.691542921463014,-1.0,0.74,7.383168012408393,2.4077398677997506,0.05996445256712258,0.0,0.0
"[6.75437, -1.32458, 0.0022434]","[0.0, 2416081.0, 3821246.0]","[0.0,0.5,1.0]",5015,37.07402125434541,12.775333259923924,0.0086413767214965,0.2981189456315357,32578.01077714056,3.617447229326905,2.109364029831408,38.12488696354469,-1.0,0.801,99.08341998539312,43.87808462074253,1.8057678746789123,0.0,0.0
"[2.93004, -0.887114, 6.01192e-05]","[0.0, 7530621.0, 12051120.0]","[0.0,0.5,1.0]",182041,8.528872529056347,8.12027293280846,0.4583917484637868,0.1833842193639785,35431.52486735161,3.88216858897529,9.120611746817657,4.008806082038166,-1.0,1.134,6.8620175310887745,3.775763337709441,0.031082908147832874,0.0,0.0
"[-0.477045, 2.09662, 0.00407002]","[13631090.0, 0.0, 14540710.0]","[0.5,0.0,1.0]",305486,9.690068407222094,6.342900870649173,0.2536901514537724,0.4046004415893171,19922.40248374813,2.402998685852172,18.52097195738177,24.87041453242016,-1.0,1.197,36.011638856292066,17.25073015357237,0.0,0.0,0.0
"[3.11051, 0.000590425, -0.0316637]","[0.0, 19389980.0, 19095960.0]","[0.0,1.0,0.5]",60175,10.151263775703567,7.560004618121906,0.2459567140107905,0.3414770379313429,82164.33509466273,7.983859402736849,3.0407426120870804,8.183294215539295,-1.0,1.476,14.432579774017414,1.456159663934551,0.19884310440133252,0.0,0.0
"[1.803, -0.315762, 0.00368527]","[0.0, 9532650.0, 9966378.0]","[0.0,0.5,1.0]",37185,7.991996131411682,6.591904867516725,0.7645828666900379,0.7117317940547607,37412.98239096902,4.06451102975486,10.79210165988044,17.883663391749362,-1.0,2.007,24.013438437796484,10.10778690498816,0.0,0.0,0.0
"[3.09083, -0.509385, 0.000220367]","[0.0, 16143920.0, 18368590.0]","[0.0,0.5,1.0]",191515,9.986971219893553,9.98047857972095,0.0529333652980006,0.1141942673553617,57134.2009305617,5.829505593486604,3.848136335058234,15.8883800410101,2.16,2.16,27.932974108158575,11.339729511128485,0.23585924230295746,0.0,0.0
"[-1.75194, 1.82515, 0.101255]","[488027.8, 0.0, 502733.4]","[0.5,0.0,1.0]",110853,33.23474022755276,13.255544767766988,0.1622403390150316,0.1826212423873406,14899.092049552612,1.893360346206128,4.828773652254465,104.44936667869196,-1.0,0.365,141.1091228970089,142.18912147386794,0.0,0.0,0.0
[3.61324],[0.0],[0.0],160342,9.514926529414234,9.086173830570768,0.2931619139967482,0.0022855151405172,36666.99553297176,3.995996889976962,7.295689170656112,11.656787050116131,0.471,0.471,22.157832110900898,0.0,0.0,0.0,0.0
"[2.38281, -0.404126, 0.000981075]","[0.0, 9109161.0, 9842109.0]","[0.0,0.5,1.0]",365220,10.823599130909438,7.734005043646697,0.6030458503663472,0.0010857411133633,89757.48067249863,8.624709886024666,2.524228096476529,5.213652498317372,-1.0,0.749,8.047978140664327,3.314366092105134,0.16330263243759408,0.0,0.0
"[-0.377707, 2.07089, 2.16964e-05]","[7175921.0, 0.0, 8596411.0]","[0.5,0.0,1.0]",348322,9.998759211949189,8.862907523777903,0.5025515754342174,0.4649506287815687,34141.27382064372,3.762796893110136,7.743627413263712,20.003710276963417,0.787,0.787,28.786513709142064,12.293854607193547,0.09317607141750703,0.0,0.0
"[2.2764, -0.334747, 7.11993e-05]","[0.0, 7149297.0, 9274211.0]","[0.0,0.5,1.0]",79621,10.76934021554038,8.97616319894171,0.0894158057665581,0.2503710815085224,26781.53984251196,3.070642174476681,9.364434223449573,13.570450187244242,-1.0,0.788,20.474746984096875,7.851499402940429,0.11450702123394872,0.0,0.0
"[1.79396, 0.000155348, -0.205265]","[0.0, 13373190.0, 12722980.0]","[0.0,1.0,0.5]",188929,8.72362125845972,8.279797501544675,0.0937194746067208,0.2140870417612373,48414.42751979036,5.058769151896818,6.145139510019093,6.580983221248337,0.832,0.832,8.814489427668365,2.9815921430678864,0.08202450472218462,0.0,0.0
"[-0.960732, 2.46792, 2.59764e-06]","[2832946.0, 0.0, 7364676.0]","[0.5,0.0,1.0]",386159,34.32215720879594,28.63283686165104,0.275395455744764,0.5654341393031305,71359.47620846842,7.062714656283305,0.4339894250357163,25.12232117133502,-1.0,0.91,39.46619907508758,24.624129793795305,0.04049013689138623,0.0,0.0
"[1.93483, -1.08872, 0.016692]","[0.0, 234268.5, 262447.2]","[0.0,0.5,1.0]",13141,9.110985688429407,6.317461796002279,0.3256775657880487,0.3090163992281969,28542.041019374265,3.238146303906414,13.544085986091911,10.635107863639472,-1.0,1.367,18.54368221579123,0.0,0.0,0.0,0.0
"[3.6545, -1.24265, 0.00129732]","[0.0, 13658380.0, 16804790.0]","[0.0,0.5,1.0]",118028,9.011792005793296,7.275775805358203,0.0075113578577239,0.3383252153225611,23887.8318208302,2.792168897359284,14.571100312174488,23.65301815593548,-1.0,0.462,45.21687540604483,26.367015666118,0.8519421819188118,0.0,0.0
"[-0.436357, 2.03607, 0.0337655]","[3329314.0, 0.0, 3376496.0]","[0.5,0.0,1.0]",201094,9.940623766147151,5.948067354039299,0.684795196384778,0.2846946976495194,17697.735402284437,2.179976887228685,21.490347786774517,19.389309341224266,-1.0,0.584,27.66678479754764,13.294372951149372,0.0,0.0,0.0
"[3.31994, -0.130353]","[0.0, 46736140.0]","[0.0,0.5]",120594,7.755524354371238,7.406775597976636,0.0880919513390111,0.7094926345243142,89598.53053082312,8.611344033951855,3.446815152675693,5.576746347874907,1.001,1.001,10.161223618479724,2.013452585224983,0.0,0.0,0.0
[13.1451],[0.0],[0.0],385442,9.998379069691618,6.153651825259077,0.1159814023564033,0.0802146846551876,50899.8430698623,5.279809875540462,6.680555221858942,9.565216894644829,-1.0,1.034,34.679814788191145,0.0,0.0,0.0,0.0
"[1.55236, -0.330242, 6.26108e-06]","[0.0, 17915980.0, 22632430.0]","[0.0,0.5,1.0]",302063,9.484297479871175,7.183664540033439,0.4447911182249151,0.2926235504982849,55168.18016870115,5.65684792620118,5.5318715463231545,2.686067183161206,-1.0,1.224,3.346671557326703,1.5435937939377555,0.006721117647046313,0.0,0.0
"[2.20713, -0.255263, 9.51594e-06]","[0.0, 19549170.0, 23244680.0]","[0.0,0.5,1.0]",320166,10.136860773234808,9.196190460993815,0.1759669299825665,0.2385045069302938,88577.1302964182,8.525407424460145,2.3379019016057803,5.768123205282841,-1.0,1.453,8.569361916967855,2.914261122806961,0.01779345874493841,0.0,0.0
"[-1.83155, 3.0118, 0.00128912]","[4556450.0, 0.0, 6837934.0]","[0.5,0.0,1.0]",226499,10.305858254571351,7.852095901563,0.5630443996927037,0.3393108877372984,48513.49673011484,5.067602410980765,5.592863366759417,8.582304393877568,-1.0,1.72,14.894193040318727,11.614841921364263,0.30814178002985165,0.0,0.0
"[3.41104, -0.375769]","[0.0, 8629506.0]","[0.0,0.5]",87804,8.158652293653704,6.720885710882212,0.2383603282997329,0.2457609117938914,47049.34125860341,4.936860015548197,8.009407485901878,7.759720305140566,-1.0,1.886,14.331428250853415,4.756708547051167,0.0,0.0,0.0
"[-0.317913, 2.53959, 0.000568443]","[4164498.0, 0.0, 4574519.0]","[0.5,0.0,1.0]",112671,9.192139294925646,5.7937204256238095,0.5520074881398862,0.0523267680240571,134719.44088465333,12.33953054903519,2.144514743362248,1.3614508078213703,-1.0,2.82,2.1696204120938956,0.7676373501667755,0.03245976829092525,0.0,0.0
"[-0.547663, 1.55038, 0.0110954]","[1534791.0, 0.0, 1611250.0]","[0.5,0.0,1.0]",88323,7.657876404336475,5.795681594281298,0.3917716905571199,0.0963210818521644,40323.98544755378,4.330410800234087,11.45096017342605,7.144719714906204,-1.0,0.232,8.896194611439673,5.340688261897478,0.0,0.0,0.0
"[1.49894, -0.355179, 0.000434278]","[0.0, 1223815.0, 1504238.0]","[0.0,0.5,1.0]",24909,10.15765152277399,5.968854677409151,0.2788795839682719,0.0292139001508513,103635.51913431018,9.784438094231806,2.751334759396499,4.299320695124367,-1.0,0.554,5.263710141273084,2.5622616787502275,0.08959499628215793,0.0,0.0
[3.22974],[0.0],[0.0],315039,11.041844001698529,9.81493755196382,0.6606338707552382,0.2404368655894301,114594.31640704763,10.6912294196521,1.465873526603157,3.7153960449951184,-1.0,0.673,6.677115606101458,0.0,0.0,0.0,0.0
[7.50563],[0.0],[0.0],307176,13.022687334402672,11.564511515915344,0.6681481327635459,0.64478627599274,59863.472246378646,6.068216931793309,2.577916530766576,8.228840592094071,0.902,0.902,22.54406485015918,0.0,0.0,0.0,0.0
"[1.48899, -0.198078, 0.00153905]","[0.0, 14905580.0, 15249590.0]","[0.0,0.5,1.0]",185825,33.42632830663181,27.10969603695088,0.0674068103337679,0.2773519706943391,48642.93404496704,5.079140273078134,0.7437572720326318,9.262915959330114,-1.0,0.912,11.302997051912044,4.122549176847343,0.3633909341958562,0.0,0.0
"[1.4916, -0.231954, 0.00722797]","[0.0, 7723085.0, 7819647.0]","[0.0,0.5,1.0]",247911,10.188864019912346,9.921781226009635,0.2702004227620085,0.065925135340297,93793.26550810123,8.963410878515873,2.026702694337676,9.303901645688327,-1.0,1.009,11.362955294639189,4.550187887081741,0.0,0.0,0.0
"[3.6065, -0.212943, 0.0256889]","[0.0, 5992293.0, 6006356.0]","[0.0,0.5,1.0]",209760,10.316856779468068,8.383453020989432,0.1798800579994929,0.1769801526108064,92955.6631861393,8.89321849921641,2.3395201269105974,0.8983050013251506,1.481,1.481,1.7059519156913365,0.4388216713388757,0.0,0.0,0.0
"[1.42315, -0.194629, 0.00160605]","[0.0, 2389581.0, 2500366.0]","[0.0,0.5,1.0]",97613,9.542537054922766,6.494776511987195,0.5238290762943599,0.3701373955471861,25605.58059505,2.957973625914565,14.28031664334421,12.305703640637253,-1.0,1.816,14.68019384569159,5.45123295702746,0.0,0.0,0.0
"[1.87552, -0.221394, 0.00891013]","[0.0, 1949362.0, 1987791.0]","[0.0,0.5,1.0]",209477,9.879474264722049,4.085601500029393,0.8047012580186008,0.2750725724207218,92657.65351183,8.86823213868038,4.567401479919959,4.843133394319424,-1.0,0.402,6.632653059319971,2.3242203214516364,0.0,0.0,0.0
"[2.02792, -0.259763, 0.00425264]","[0.0, 3863988.0, 4003758.0]","[0.0,0.5,1.0]",102069,9.63597749833756,8.03638393574197,0.447950686507497,0.0548021310675823,56634.855808161614,5.785709910076299,4.806841276871926,14.021255214718742,-1.0,0.416,19.96697635304422,7.204464766612909,0.0,0.0,0.0
[3.00104],[0.0],[0.0],17274,10.5551182399386,4.273166578774906,0.0904602351441068,0.1197739169250954,16455.07418527633,2.0536309005557736,29.455518229138264,35.56807321864214,0.522,0.522,61.6163873397804,0.0,0.0,0.0,0.0
"[-0.88731, 2.61523, 0.000500791]","[2943306.0, 0.0, 4216661.0]","[0.5,0.0,1.0]",143904,16.731188048755655,8.144559929012045,0.406880825670613,0.1336201045666908,57936.03878080421,5.899752044734922,2.9775017773453225,9.362322167964656,-1.0,0.72,15.140441041554912,8.81903913132633,0.20951341668684423,0.0,0.0
"[3.39573, 0.000397306, -0.00733715]","[0.0, 89221480.0, 89082200.0]","[0.0,1.0,0.5]",142864,29.13306760561747,7.208604022258532,0.1415188630795932,0.3680977801753448,93232.34807159632,8.916410942204072,1.197706051207617,1.4894919700579947,0.72,0.72,2.74476231293793,0.12758566017718573,0.02968935263654178,0.0,0.0
"[1.71519, -0.797559, 0.000139111]","[0.0, 7249065.0, 9637834.0]","[0.0,0.5,1.0]",53072,9.132959475969914,9.060814195865197,0.1298157042540936,0.1362713817112375,70477.11537230447,6.986952367878696,3.461549449287305,11.312221797907908,-1.0,0.848,14.815080980118323,10.102510762894337,0.13342236913233962,0.0,0.0
"[3.20952, -0.745141, 0.00127972]","[0.0, 68818380.0, 76352580.0]","[0.0,0.5,1.0]",12059,10.746486921272467,9.725190577137742,0.3744683842699124,0.1781441647595729,77069.75407442707,7.55098785304625,2.544307215676883,4.739073273328157,-1.0,0.928,8.490112925714177,4.090841506709122,0.16953169426047912,0.0,0.0
"[1.61187, -1.26915, 0.000263689]","[0.0, 8323001.0, 10259060.0]","[0.0,0.5,1.0]",167406,8.85809178892355,5.744382075328513,0.1740045991803082,0.1027546231125051,47878.9155682485,5.010989353290368,8.40154020814136,6.227659581450762,-1.0,0.993,7.906601875619126,7.015866911723027,0.10112787269265458,0.0,0.0
"[2.29929, -0.240192, 3.85002e-05]","[0.0, 15316740.0, 17737750.0]","[0.0,0.5,1.0]",10422,12.286484566655671,11.5837553776965,0.0835527454778943,0.1716946821530403,39886.4516692303,4.290587455644895,4.377360064435449,1.408670715346781,-1.0,1.19,2.1360251480432226,0.6903808804113333,0.008740594628813757,0.0,0.0
"[1.55926, -0.455842, 0.00202166]","[0.0, 5150316.0, 5520397.0]","[0.0,0.5,1.0]",83587,35.25332881368575,34.3634695348143,0.3700243488838098,0.1111431539728675,94937.31638509389,9.059199122287293,0.2517940088650349,2.686987851176852,-1.0,1.263,3.35525067059872,1.8141486565480447,0.12081469504639727,0.0,0.0
"[-1.48911, 1.72124, 0.0013969]","[1526992.0, 0.0, 1764197.0]","[0.5,0.0,1.0]",190860,9.2577483700524,9.064864704006634,0.1142587203080804,0.0405245656226758,180011.34771904824,15.988026095358482,0.9726003670151538,2.859833114904245,-1.0,1.303,3.7519876979980813,3.4898284655205045,0.10688662134366612,0.0,0.0
"[1.9793, 3.02145e-05, -0.20971]","[0.0, 33820490.0, 31879750.0]","[0.0,1.0,0.5]",267356,33.79909423090931,23.01661789923333,0.335172330219917,0.5976606057730302,126206.11312373802,11.644707584642312,0.2502678834871153,2.706353685764504,-1.0,1.328,3.8075039716673302,1.2393504329428877,0.01487620856626359,0.0,0.0
[4.93335],[0.0],[0.0],378833,9.50619944360024,8.226627237534217,0.7842702514480152,0.1784066429813235,126404.14303310524,11.660908720661023,1.6851270220223658,5.864373229758134,-1.0,1.335,13.025444912895756,0.0,0.0,0.0,0.0
"[-1.25128, 2.16852, 2.32713e-05]","[2584442.0, 0.0, 4257450.0]","[0.5,0.0,1.0]",259316,9.607746387524742,6.301924390241815,0.2217455268572022,0.084032325445099,78200.97909465592,7.647319637798694,3.963084643546246,1.1954614438678235,-1.0,1.367,1.7604240366617268,1.3372506734490013,0.005766946151171908,0.0,0.0
"[1.92941, -3.00815]","[0.0, 6202528.0]","[0.0,0.5]",324735,9.035871004479866,7.05482339556611,0.1341470879600189,0.1624677654957184,94289.87451629374,9.005002494483264,2.963127106761022,1.144841712471079,-1.0,1.374,1.5902218159935941,1.9856156575722403,0.0,0.0,0.0
"[2.65849, -0.904201, 0.0384786]","[0.0, 3348274.0, 3378467.0]","[0.0,0.5,1.0]",16099,9.139837008205834,8.260425526004683,0.3114468093166246,0.3625056837048106,53364.26734750376,5.497879805339614,5.272320424078265,14.665763488118778,1.5,1.5,23.91234634952588,14.239237420322473,0.0,0.0,0.0
[3.47183],[0.0],[0.0],377305,10.489969016005931,9.424683254581128,0.4821227977508951,0.1396237814727551,75483.29630527877,7.415674492856288,2.736813784328569,6.650981309293352,0.361,0.361,12.392671939801573,0.0,0.0,0.0,0.0
"[-1.13263, 4.90258, 0.0207405]","[24660010.0, 0.0, 25492750.0]","[0.5,0.0,1.0]",240657,10.692702362611165,9.141261833032432,0.6670312988995596,0.7091941512490042,23148.569825967337,2.7203313845989525,10.775820830551003,11.127996661926067,-1.0,0.456,24.63935479933375,11.950921845777573,0.0,0.0,0.0
"[4.24452, -0.460628, 0.000175132]","[0.0, 2204182.0, 3100531.0]","[0.0,0.5,1.0]",177651,9.865311737427376,5.577778418105009,0.2807610272455443,0.0843600404840194,56787.16305045534,5.7990724224189805,6.44614508756684,7.615758490648327,-1.0,0.558,15.690163004838835,5.16878336348365,0.10078500391176538,0.0,0.0
"[4.38134, -0.458916, 0.0723861]","[0.0, 1388480.0, 1393853.0]","[0.0,0.5,1.0]",17503,9.808527523615409,8.228916838384942,0.3101616381849209,0.2737789317412423,12868.36255036359,1.6801406803387235,21.838663270940167,40.37752525891168,0.792,0.792,89.49468841418616,0.0,0.0,0.0,0.0
"[-7.4561, 10.723, 0.000337492]","[228464.9, 0.0, 936510.3]","[0.5,0.0,1.0]",141658,10.51323639099266,9.848621414285088,0.0549110293327074,0.7653541585809782,41833.76582095139,4.467459703939159,5.402085651392469,13.38750986878852,-1.0,0.801,57.080266656468815,0.24594134587532904,0.0,0.0,0.0
[3.9746],[0.0],[0.0],311372,9.396574057304536,7.629287963657103,0.2800934660578589,0.46273490986767,92089.90065506996,8.820610325753368,2.76946286859307,8.453397540572702,-1.0,0.944,16.853030519594295,0.0,0.0,0.0,0.0
"[3.45166, -6.15409, 0.0463879]","[0.0, 733020.5, 863638.8]","[0.0,0.5,1.0]",21433,9.443249597632107,6.504573939525688,0.4699210431373522,0.2287714089311324,29433.08767646419,3.32242556537706,12.418175740710398,9.644341135457834,1.457,1.457,29.96293296660064,0.0,0.0,0.0,0.0
"[3.4894, 0.000157035, -0.0105776]","[0.0, 125898300.0, 125162500.0]","[0.0,1.0,0.5]",255213,10.286531517885074,6.809017082213542,0.2002829488882443,0.586110342674382,52828.052256593735,5.450521178246846,5.719084019940197,3.216113581236907,-1.0,1.498,6.007679509456465,0.33076911245686863,0.04030227921115935,0.0,0.0
"[-0.510373, 1.74722, 1.96954e-05]","[14359540.0, 0.0, 18496940.0]","[0.5,0.0,1.0]",310381,9.829642742802571,9.451851979409067,0.0051561480193265,0.4427975108677,29730.98708849931,3.350531262463581,8.652307669927165,8.333349938412438,-1.0,1.608,11.01522608792677,5.953378090713356,0.036982990169055534,0.0,0.0
"[3.77436, -3.17468, 6.054e-06]","[0.0, 4371699.0, 12148480.0]","[0.0,0.5,1.0]",126349,8.801877990184718,7.23133947535511,0.5229454487529879,0.5845288927704945,57630.6702797776,5.873011166990072,5.542145302262616,4.239113034379541,-1.0,1.751,8.235626787052514,7.553095485299444,0.01043028571960828,0.0,0.0
"[3.43961, -0.164262]","[0.0, 41239870.0]","[0.0,0.5]",267305,11.297680787221278,10.070976160224536,0.0550588083164456,0.1911104818024773,152828.4965337033,13.807172945417644,0.9494122185972,2.9897755990459185,-1.0,2.244,5.544893313729812,1.211733588040464,0.0,0.0,0.0
"[2.08491, -1.11069, 5.8218e-05]","[0.0, 1537991.0, 2652642.0]","[0.0,0.5,1.0]",58836,28.21955221540367,25.80610111993925,0.1876055476752768,0.4918069607628624,18419.74656697172,2.252779607955804,2.5266589353467,30.507701164046416,-1.0,0.706,44.05073304068327,32.15184611079587,0.23277595898473846,0.0,0.0
[3.5623],[0.0],[0.0],257409,10.046801573456268,4.222820557028364,0.2263974267168552,0.3031577764807095,25635.928805344727,2.960889600395857,20.03992073962899,14.033001057278277,0.945,0.945,26.485965156113718,0.0,0.0,0.0,0.0
"[1.74274, -1.05708, 0.000163144]","[0.0, 5336912.0, 8130720.0]","[0.0,0.5,1.0]",181209,9.57410601789822,9.505439833139045,0.203317457823194,0.3985841769181953,97746.39535606664,9.293990125231614,2.095026429410042,4.191179892899922,-1.0,0.971,5.532897205466581,4.309136287094566,0.0535330336542639,0.0,0.0
"[2.71356, -0.557084, 0.000737696]","[0.0, 4728351.0, 5864554.0]","[0.0,0.5,1.0]",107284,9.413856864773678,4.4446678695107815,0.2580574686793523,0.5273900462986878,54959.496622312574,5.638485338963389,8.509302291326906,6.899276389194442,-1.0,2.839,11.36509990604554,5.149486050672296,0.18738820784689428,0.0,0.0
"[-5.71981, 2.63006, 0.0031181]","[1476687.0, 0.0, 2326601.0]","[0.5,0.0,1.0]",312344,10.8884345364874,6.828471405764616,0.0121901506579302,0.0476241879165966,61552.26350334789,6.215385143447743,4.5232578683225135,3.9410658685553406,-1.0,0.23,6.39140770051312,9.42550210605436,0.22006892048212542,0.0,0.0
"[-0.852966, 2.69192, 3.16196, -1.78965, 0.000537655]","[3041040.0, 0.0, 663267.8, 1659218.0, 5337500.0]","[0.5,0.0,0.0,0.5,1.0]",44795,34.74747892428664,27.261117299875803,0.4314742361123457,0.5873255671853141,75312.10801941766,7.401058139873899,0.4183154335066623,10.289051820128728,-1.0,0.497,16.881321038320657,18.29588999311786,13.764467253184256,9.502572999972266,0.23857624507814282
[3.16205],[0.0],[0.0],108942,10.200242577196937,8.342571036222905,0.3737431466035186,0.8210883694695986,46480.3789155686,4.885937930341964,5.634199115226069,18.30280064267013,-1.0,0.883,32.54632192065226,0.0,0.0,0.0,0.0
[3.06962],[0.0],[0.0],358659,9.111738483057753,9.059049641616854,0.0558402808059306,0.744316218912896,34487.99414769567,3.794926226925408,8.119220626727026,9.286100666059385,-1.0,0.997,16.269555780606254,0.0,0.0,0.0,0.0
"[3.28582, 6.4036e-05, -0.0193292]","[0.0, 83811020.0, 82720910.0]","[0.0,1.0,0.5]",85985,10.386414793301688,7.447533094596274,0.4720537559409689,0.0182795671842622,24556.23959120361,2.856867038126378,12.37628033702224,9.610353953039889,-1.0,1.046,17.420526139957563,1.3361226402740474,0.0769044518807923,0.0,0.0
"[2.47448, -0.285881, 0.00140519]","[0.0, 18917750.0, 20305780.0]","[0.0,0.5,1.0]",29633,9.393786428249577,6.310663443975743,0.4376312553971725,0.1372489425447655,17099.684410230304,2.119341676725556,22.047726777779435,18.22551444180541,1.073,1.073,28.66960898196145,9.768708955525089,0.0,0.0,0.0
"[-1.63286, 7.78377, 1.1499e-05]","[3844879.0, 0.0, 8628213.0]","[0.5,0.0,1.0]",319417,10.5854524827778,5.963152808308002,0.1198892381119883,0.6790280932706729,222355.7450465311,19.343878841178658,0.9255268505732008,3.342927167937765,-1.0,1.397,9.326569096457188,4.271706345851237,0.01133592468281783,0.0,0.0
"[-0.737049, 2.58692, 5.5607e-06]","[5345945.0, 0.0, 10437770.0]","[0.5,0.0,1.0]",107049,38.22576370423015,23.787888995615543,0.5405351196498612,0.3719004078981391,123098.44636341084,11.390210388934426,0.22804965461342,7.789748573231105,-1.0,1.438,12.528957601386276,6.68762050939883,0.018369112463205495,0.0,0.0
"[1.94055, -0.58608, 4.65446e-05]","[0.0, 39620180.0, 42811970.0]","[0.0,0.5,1.0]",220064,44.35100577694463,17.875223656090935,0.2476805498645808,0.5929589836787811,38524.52654613685,4.16631051045422,1.1252410127573098,35.055318248116365,-1.0,1.495,48.833329152746174,26.83690104666253,0.2391600113579169,0.0,0.0
"[-0.494924, 1.30825, 9.62423e-05]","[1668892.0, 0.0, 2214042.0]","[0.5,0.0,1.0]",274095,9.603522778319286,3.714734923232336,0.0847184331656438,0.5049292910937435,23744.008588807308,2.778216669595354,25.197425059942532,8.017950345681136,-1.0,2.219,10.766976629260956,0.0,0.0,0.0,0.0
"[3.29466, -0.510444, 0.0405835]","[0.0, 6411453.0, 6527294.0]","[0.0,0.5,1.0]",94092,9.685637494142169,6.328607540276491,0.4173981328202835,0.2044641438498994,84105.68074168797,8.148177828033347,3.5717822505351378,5.44961624551075,-1.0,0.248,9.89170651723108,4.045316983102937,0.0,0.0,0.0
[5.84463],[0.0],[0.0],287447,28.957442191183283,27.18059440574796,0.2670247248731107,0.2123883411931674,75412.41562202708,7.4096230985879235,0.4862010529953374,6.9599367197511,0.743,0.743,16.82611304860394,0.0,0.0,0.0,0.0
[3.26431],[0.0],[0.0],287121,8.993136135941699,4.922188518643946,0.1841907146086008,0.1010647487905783,39459.7931456656,4.251706736932679,11.902488841413987,7.4348773719027,0.781,0.781,13.432891520646969,0.0,0.0,0.0,0.0
"[3.5081, -0.116675, 0.00409908]","[0.0, 6833723.0, 6920452.0]","[0.0,0.5,1.0]",83206,10.419487687469063,7.495833622848727,0.0714807432042224,0.1861294206865917,45583.01788988007,4.805488776419606,6.209463855712899,6.4562667580609245,1.069,1.069,12.092537655967993,2.243718325746082,0.0,0.0,0.0
"[2.49046, -1.58448, 1.25189e-05]","[0.0, 3494542.0, 7273997.0]","[0.0,0.5,1.0]",120678,10.917325334536436,7.54753155067888,0.0501976883205748,0.0064416692807991,79728.71803344144,7.777219763186021,2.9852178421572857,5.230961032568199,-1.0,1.388,8.25507969288632,6.584531288041908,0.018508216455696516,0.0,0.0
"[2.19665, -0.299187, 6.3831e-06]","[0.0, 13202620.0, 17092810.0]","[0.0,0.5,1.0]",117798,10.434179916781025,9.977739953176828,0.1322054301846666,0.6209423611345319,187291.75948853043,16.568272266036733,0.7684799675145396,5.08807613724886,-1.0,2.802,7.54108843434839,2.783075325564422,0.012854921400563622,0.0,0.0
"[2.03105, -1.87807, 0.0897617]","[0.0, 6243102.0, 6363215.0]","[0.0,0.5,1.0]",67579,9.732489262112498,9.28854967699082,0.0762746267631119,0.9922083414434468,218517.89367369955,19.04147500876944,0.6940652342735587,2.2616892254477974,-1.0,0.429,3.2232443980636414,3.099479846212615,0.6776079046719103,0.0,0.0
"[-1.92041, 1.71, 0.000538761]","[4656008.0, 0.0, 5754531.0]","[0.5,0.0,1.0]",361777,10.018087901287904,6.044933368695471,0.1808588594391409,0.1419886997977923,81832.30259736368,7.955721652642937,3.749516482172331,5.476835321682079,-1.0,0.648,7.161891509287877,7.589735866134649,0.1271240609506938,0.0,0.0
"[1.37652, 0.0298212, -0.154653]","[0.0, 6458700.0, 6445154.0]","[0.0,1.0,0.5]",154281,9.158887512132951,8.813721607060653,0.4113882660001732,0.1875127771452213,12905.072790327771,1.6840423320915052,21.75686135154076,45.25688882423019,-1.0,0.684,53.09773039891441,19.438041856821663,0.0,0.0,0.0
"[-1.51278, 2.75802, 0.000169258]","[576799.3, 0.0, 987632.4]","[0.5,0.0,1.0]",185635,10.854058465435706,7.635107236072095,0.1010892285146679,0.350604425776403,23152.03741697305,2.720669141979677,12.413861907029226,8.664181747673572,-1.0,1.012,17.905678260727804,0.0,0.0,0.0,0.0
"[3.78719, -0.591597, -5.5634, 5.69146, 2.39248e-05]","[0.0, 40309040.0, 10998050.0, 8487329.0, 47329420.0]","[0.0,0.5,0.5,0.0,1.0]",353009,10.086122961525026,10.042342821182796,0.5511467903658627,0.2754822390432466,132245.18708115723,12.13793662497388,1.2760739478092575,6.50867628173306,-1.0,1.314,12.666342252126011,15.527606469658409,15.351924111856166,5.006170691590187,0.03183587785778099
"[1.44813, -0.152002, 0.000137561]","[0.0, 4973488.0, 5490468.0]","[0.0,0.5,1.0]",300526,8.462263307723731,7.981397509426561,0.0845113184072517,0.098784920658058,44876.85330842934,4.742060664526727,7.107189964840206,9.247705739110652,-1.0,1.401,11.128529398308817,3.60707424427965,0.0,0.0,0.0
[9.57309],[0.0],[0.0],340443,9.938485133100023,8.919457270906502,0.4459400233553637,0.0169386277107676,41236.04699918382,4.413269174170542,6.253410885083945,21.78002772338675,1.568,1.568,67.38829977912332,0.0,0.0,0.0,0.0
"[2.36878, -0.352957, 0.0484465]","[0.0, 1147585.0, 1154433.0]","[0.0,0.5,1.0]",155284,10.295026544063754,9.621366073783014,0.0699375832944026,0.3988677610740979,29020.662805051565,3.283457245145211,8.418967107636329,15.743743719388055,-1.0,1.926,24.23094631388359,9.974671207747294,0.0,0.0,0.0
"[-0.515304, 1.84239, 1.81928e-05]","[18576730.0, 0.0, 23721530.0]","[0.5,0.0,1.0]",29679,10.034669243878458,6.901080172020744,0.0701397756193946,0.0027126357843683,24760.520146241288,2.876593677179812,13.47331271334413,32.37602528052639,-1.0,2.039,43.9454903103505,23.241025506828713,0.13809352101193895,0.0,0.0
"[-0.784711, 1.9244, 0.00427578]","[2581781.0, 0.0, 3015111.0]","[0.5,0.0,1.0]",338999,9.772345770984836,4.639876195708572,0.2834329001187166,0.2126246225211548,16870.343641023617,2.0960067574749925,28.36473867133415,15.375761226832203,-1.0,0.905,21.329678049405448,13.657508809580715,0.0,0.0,0.0
"[2.29086, -0.280501, 5.74162e-05]","[0.0, 7588495.0, 9041259.0]","[0.0,0.5,1.0]",33074,9.888204998250922,8.693987074641393,0.0673750702134235,0.056838811414066,105804.63977005916,9.964505839971162,1.9789019724913968,3.539321767291693,-1.0,1.088,5.356971325070265,1.874507809096491,0.02681867208110902,0.0,0.0
"[1.73403, -0.274541, 0.000121703]","[0.0, 30981280.0, 33273470.0]","[0.0,0.5,1.0]",298621,9.995870057695605,7.803775567315172,0.3038517705951106,0.282245207163114,45549.48232662639,4.802478749532021,6.209157436844946,5.941568302313672,-1.0,1.92,7.8240100098422865,3.1131833538494185,0.06554683647014173,0.0,0.0
"[7.16051, 0.000304271, -0.229565]","[0.0, 6889114.0, 6320968.0]","[0.0,1.0,0.5]",204217,9.700632863483328,8.248915889096198,0.5360498839437614,0.2275942544800382,55477.0696264326,5.6840153203109365,4.795148158985302,10.023288319955055,2.476,2.476,26.82144679974001,4.802452307627204,0.1748398816864559,0.0,0.0
"[-0.705263, 4.19115, 0.00496008]","[4210403.0, 0.0, 4632687.0]","[0.5,0.0,1.0]",154398,10.355592292085063,8.852216965085526,0.6473539790148009,0.6568670124794275,27221.64228851114,3.1126438693142564,9.618498948260344,16.746051446954198,0.164,0.164,34.283016151634584,14.112690321593417,0.0,0.0,0.0
[5.68048],[0.0],[0.0],368756,9.329093772619537,4.966803669854737,0.1496575311932998,0.4717348999637361,6004.35467949675,0.9054982244307116,62.1608053109942,74.31701759198239,0.496,0.496,177.12537807600154,0.0,0.0,0.0,0.0
"[-3.43324, 4.35218, 2.93965, -2.30267, 0.0078049]","[218343.1, 156000.6, 0.0, 304518.3, 492868.2]","[0.5,0.0,0.0,0.5,1.0]",368629,41.17940250832705,14.566193314020534,0.3454249886183621,0.5915378684493007,115930.71168986912,10.801329767176174,0.3618562044388834,8.895775706550463,0.537,0.537,15.252169994777383,18.558259737967635,16.482986623463116,13.498940271471591,0.7859003746852018
"[2.78128, -0.425416, 0.000125204]","[0.0, 122833000.0, 129944800.0]","[0.0,0.5,1.0]",199337,10.650200184823207,9.721757542338937,0.4899515719044384,0.8547274270635532,27621.816034172407,3.150759505536964,8.552096714730121,26.30232449296229,-1.0,0.9,43.86483375881358,17.15540760933513,0.2943087900836076,0.0,0.0
"[2.8801, -1.4178, -2.45961, 2.60317]","[9989836.0, 120205600.0, 59991240.0, 0.0]","[0.0,0.5,0.5,0.0]",194010,10.24599996221596,10.10939021593996,0.1361702712374876,0.0812762567007795,133741.1403807825,12.259854776664277,1.2333681926912916,2.6300280222748484,0.9,0.9,4.243377225150266,4.463383045497948,4.124710771735897,3.13161137448676,0.0
"[2.24791, 0.00239165, -0.22883]","[0.0, 22243710.0, 21730970.0]","[0.0,1.0,0.5]",20974,9.762915065683805,8.770191262728078,0.6859127047644313,0.937895033372867,21196.26411472292,2.529088557308746,13.132077164527598,21.373902127040893,-1.0,1.097,32.04595924590435,10.277750351504586,0.0,0.0,0.0
[4.98944],[0.0],[0.0],201911,10.340109748991264,6.562189608505128,0.0914074833013499,0.4826470545245619,25521.841244085288,2.9499253863576804,13.318951685746669,18.47724228456587,1.244,1.244,41.27271663748525,0.0,0.0,0.0,0.0
"[3.1682, 0.00359902, -0.0354216]","[0.0, 107088700.0, 106972900.0]","[0.0,1.0,0.5]",173810,9.667449223444168,8.700413546314595,0.0253200461866574,0.0178837055133634,91733.3484233417,8.790691007507702,2.433262869180822,4.979804247252875,-1.0,1.321,8.86377179141151,0.9836924861680013,0.0,0.0,0.0
"[2.01126, -0.304194, 0.00959366]","[0.0, 1916175.0, 1964640.0]","[0.0,0.5,1.0]",116281,9.497123179755146,9.23717941888606,0.1954934541463332,0.0719917519669405,54246.762425428125,5.575715856303201,4.559174194641751,5.888013311944243,-1.0,1.357,8.350315628396402,3.298273864801544,0.0,0.0,0.0
"[-1.2476, 4.76448, 0.000491811]","[1830980.0, 0.0, 2699061.0]","[0.5,0.0,1.0]",187012,9.558364838239386,8.805402557979335,0.1160009120779488,0.1536769961238878,52726.642425279606,5.441559279201501,4.885544267378094,10.906583305998696,1.459,1.459,23.806550668692886,12.182219039270972,0.2418732498796231,0.0,0.0
"[3.77369, -0.628696]","[0.0, 4972227.0]","[0.0,0.5]",365380,32.934458540919955,25.11113956902357,0.1061703667322605,0.5099975533415657,59656.03397297351,6.050112096845711,0.627754209162949,13.222153240123845,-1.0,1.502,25.68533868497773,10.483891912539345,0.0,0.0,0.0
"[3.21781, 3.51255e-05, -0.114611]","[0.0, 9542776.0, 7881642.0]","[0.0,1.0,0.5]",370370,20.253728055083272,10.139674884532678,0.4198531335388323,0.3188530566377541,32187.06575556007,3.580968158877421,4.180024618509839,36.51460569147898,-1.0,1.582,65.5008315807548,12.36174458649251,0.21641027290764536,0.0,0.0
"[-0.879065, 2.24359, 3.13078e-06]","[7968987.0, 0.0, 13870870.0]","[0.5,0.0,1.0]",378254,9.691337387079514,6.332524097171665,0.5499665926647347,0.2555362952840936,87747.91985728974,8.455578560737232,3.376954231239081,6.343723543372213,-1.0,2.014,9.502021224883856,5.947777899587176,0.011224590962777581,0.0,0.0
[4.24973],[0.0],[0.0],302390,10.941614351724144,10.81545700488367,0.0204896252405515,0.2565118523061064,61914.97201681688,6.246941348239168,3.021292778566612,11.956080269026618,-1.0,0.128,24.64730795698639,0.0,0.0,0.0,0.0
"[2.95841, -1.68964, 0.000771161]","[0.0, 2312432.0, 3445788.0]","[0.0,0.5,1.0]",52933,9.048023044308902,9.033060139834005,0.4866113843705822,0.2979327958740094,21186.17470704172,2.52809440057881,13.650945839355424,23.8828420086896,-1.0,0.381,41.07855768175375,31.051471186687316,0.0,0.0,0.0
"[-2.59431, 2.24537, 0.0956436]","[2603254.0, 0.0, 2725566.0]","[0.5,0.0,1.0]",113202,10.168892072697096,8.24924359024718,0.4389659024625637,0.4164185923581681,143425.60291741276,13.04677088768758,1.3380637809045897,3.099232953674432,0.821,0.821,4.6440638177867655,4.991891715520332,0.9584780650733856,0.0,0.0
"[2.08857, -0.682218, 0.271232]","[0.0, 2489905.0, 2491907.0]","[0.0,0.5,1.0]",127806,8.972376910038353,8.884978593802568,0.7130684845401424,0.7112067071091017,41927.315129387294,4.475933290564019,6.698667614675542,12.837591869792146,-1.0,0.833,18.552741023851883,12.53523632620816,0.0,0.0,0.0
"[-0.503386, 3.03631]","[10087790.0, 0.0]","[0.5,0.0]",307024,10.321744352676443,9.210864325148364,0.3709727065223999,0.495714406605398,54071.5142615236,5.560269267747971,4.282598368646837,9.62088728979845,-1.0,0.908,6.825990716849642,16.764406454931816,0.0,0.0,0.0
"[4.03416, -1.57719, 8.76691e-05]","[0.0, 2223477.0, 3615670.0]","[0.0,0.5,1.0]",175242,36.15251898776911,16.16001257984276,0.3341422744240652,0.41001069345395,33910.78008724862,3.741416527655837,1.6627169718804964,49.72110397829029,0.92,0.92,99.8659234751105,62.44285769331369,0.46554754090546185,0.0,0.0
[6.15081],[0.0],[0.0],216416,9.790762260642476,7.932022052994749,0.1323816306561067,0.0147325701135659,64537.51733591168,6.47458166593052,4.083591306389801,5.634636181359978,1.062,1.062,13.974363488307988,0.0,0.0,0.0,0.0
"[2.53752, -0.856943, 0.000122782]","[0.0, 30670060.0, 34657290.0]","[0.0,0.5,1.0]",371910,10.435999505263714,5.881170788401316,0.1070411316348197,0.129671676337277,52216.15256232725,5.396418122192091,6.516772435696284,9.47227146973172,-1.0,1.075,15.0889449175259,8.7685968661238,0.10495943587835498,0.0,0.0
[3.11196],[0.0],[0.0],379943,8.108902231597556,5.3405108660236005,0.1218129518224964,0.3112893986672727,163723.57462261285,14.684187865496728,1.9422108435846637,1.479669510814536,1.429,1.429,2.6102477382972973,0.0,0.0,0.0,0.0
[3.39179],[0.0],[0.0],345767,9.8810385438783,5.26597620855476,0.0060085469979673,0.2363204448848678,84175.7794879205,8.154104963332342,4.125829154888828,4.54791163739471,-1.0,1.492,8.375803803344695,0.0,0.0,0.0,0.0
"[-3.86409, 3.52284, 0.000137789]","[36679010.0, 0.0, 48567850.0]","[0.5,0.0,1.0]",335366,9.496959517386856,9.248473530540258,0.0827837993354898,0.3175444127214274,48702.27426724699,5.084428705500755,5.183873085316312,9.664009652330227,-1.0,1.522,18.138602122733694,18.996822797261455,0.11343958503496723,0.0,0.0
[4.2176],[0.0],[0.0],255787,10.23187019794124,9.435409595898404,0.1219108594540654,0.2178855572341398,67634.60946622513,6.742278014022269,3.207213751845518,8.390036293566114,-1.0,1.665,17.230446584735617,0.0,0.0,0.0,0.0
"[-0.581456, 1.90445]","[32447850.0, 0.0]","[0.5,0.0]",183299,8.83076282681595,6.867271589170858,0.3278735518682184,0.0011129310956338,186493.28558811164,16.504706469724788,1.2160500516633368,3.94285207349621,2.112,2.112,3.006553330758649,5.44120728943553,0.0,0.0,0.0
"[-0.53392, 2.28958, 0.00136928]","[8115689.0, 0.0, 9066730.0]","[0.5,0.0,1.0]",87320,10.13809177926604,8.556972481391817,0.3077965123739132,0.1477486328443016,38162.75546333428,4.133215373439032,6.961353371139484,2.648689137188279,-1.0,0.56,4.007826400976026,1.935392639580809,0.09801151963057382,0.0,0.0
"[1.839, -0.285682, 0.00816483]","[0.0, 7587069.0, 7696386.0]","[0.0,0.5,1.0]",183194,10.36713661195974,9.336739063159866,0.4640544253262005,0.655050664119553,42589.28546782761,4.535834784361342,5.59845467097095,14.796372890317947,0.637,0.637,20.065321942457555,8.020764639012643,0.0,0.0,0.0
[4.50431],[0.0],[0.0],183459,7.594075602800063,6.421003621142591,0.0136009210153977,0.4137739754427545,22979.544036666503,2.703862990582678,19.382331730429566,19.054905620448142,0.755,0.755,40.4409117399002,0.0,0.0,0.0,0.0
"[2.79561, -7.47016, 0.00125087]","[0.0, 2150536.0, 3961119.0]","[0.0,0.5,1.0]",76910,9.460909902955647,7.725346921694995,0.1153263643922858,0.0258973477722858,29292.21216488009,3.309122305889493,10.754866481604472,14.660558022460126,-1.0,0.876,24.51256700088058,40.06964114816037,0.5185093467999695,0.0,0.0
"[3.74434, 0.000666978, -0.0325943]","[0.0, 1741309.0, 1729824.0]","[0.0,1.0,0.5]",111795,9.473872533346633,8.135379700676918,0.1842525463408813,0.3514876125754282,145154.40142228082,13.186835347401448,1.4111588908314898,4.64220418699944,2.491,2.491,8.98280304742076,0.8466301004908463,0.0,0.0,0.0
"[1.92844, -2.39469, -7.31307, 10.066, 0.000599154]","[0.0, 6381691.0, 6088084.0, 6070398.0, 8028679.0]","[0.0,0.5,0.5,0.0,1.0]",77135,9.757898724365312,5.057106887927048,0.589780141746744,0.2744905656480915,31466.69244902856,3.513610244316114,14.032840856478424,8.575558282555848,0.361,0.361,11.908730537434325,38.133531993961434,0.20990927779740434,0.0,0.0
"[-15.3323, 3.28243, 0.000427845]","[675781.1, 0.0, 1337938.0]","[0.5,0.0,1.0]",96674,10.360909740354996,4.467814036881505,0.2098237826152516,0.2183712948832478,54997.45106528071,5.641825386763714,7.860304677288774,8.045655213293436,0.927,0.927,34.71321027386515,0.0,0.0,0.0,0.0
"[1.78492, -0.435534, 2.26104e-05]","[0.0, 2182878.0, 3076094.0]","[0.0,0.5,1.0]",346275,10.16528488350846,9.878270949431144,0.5835395289994646,0.0625917735129113,118893.87427545684,11.045104061210706,1.4855377682714168,4.431519702042876,0.967,0.967,5.9205501258646605,2.9245814189695305,0.02107205092695707,0.0,0.0
"[2.98083, -0.500673, 0.0155835]","[0.0, 1237592.0, 1282394.0]","[0.0,0.5,1.0]",372477,30.541865112652363,17.412370462506388,0.0680889470045756,0.2169967128606199,37485.52672279268,4.071165627394146,1.5863027206501732,49.69995801221021,-1.0,1.196,85.80737692036735,35.709912677642485,0.0,0.0,0.0
"[1.8259, 0.000145339, -0.197387]","[0.0, 7396961.0, 6557231.0]","[0.0,1.0,0.5]",46382,10.723211052525464,6.635562836394103,0.1732040678768171,0.168582832889085,78328.29171990433,7.658153359756834,3.464483219100841,2.7683536409985785,-1.0,1.254,3.740761865939661,1.2299312640425555,0.03337433737011471,0.0,0.0
"[1.81387, 0.0863424, -0.229734]","[0.0, 903131.4, 902882.6]","[0.0,1.0,0.5]",326427,9.870479412349267,7.489573426098288,0.1844577167148278,0.1366030711609293,143597.4143329165,13.060696104494497,1.4862339284005253,0.4702981055077803,-1.0,1.589,0.633397446594274,0.2644047569872828,0.0,0.0,0.0
"[1.74528, -0.362615, 0.00327376]","[0.0, 763255.5, 820772.3]","[0.0,0.5,1.0]",344772,32.15189006771061,22.49538039373911,0.0197386138154308,0.0576902741336402,110595.32285242708,10.36116337171896,0.3176107234217198,16.234545999133285,-1.0,1.725,21.44730382036234,9.776041368181835,0.9288884590942322,0.0,0.0
"[2.34264, -0.344202, 0.00265137]","[0.0, 4034908.0, 4221829.0]","[0.0,0.5,1.0]",297607,9.382020655574712,5.542116682204809,0.0516375786273423,0.0492024528580496,36120.45610597133,3.945697968024808,11.46362316944344,18.29024336031456,2.01,2.01,27.99447074380682,10.771903229336383,0.0,0.0,0.0
"[1.69474, -0.172215, 0.000151655]","[0.0, 6256189.0, 6855414.0]","[0.0,0.5,1.0]",35087,9.61508005257032,4.35878614561832,0.1266410014420081,0.2695087060887749,76202.4094943498,7.477041159272509,5.667916335914692,4.050044009850918,-1.0,2.485,5.272435584608495,1.680719467668835,0.04987559723689188,0.0,0.0
"[-2.53981, 4.61313, 3.75564, -1.7359, 3.98114e-05]","[8317063.0, 4433972.0, 0.0, 10477100.0, 17273160.0]","[0.5,0.0,0.0,0.5,1.0]",64838,29.51285527136724,20.17841421070121,0.352036159803769,0.1062104655108392,73074.95682811133,7.2097645313093714,0.6422253708243735,20.007186070568125,0.621,0.621,38.7728735806688,42.97183088174196,31.88501499623896,26.360179468986313,0.1262378927146592
"[-0.73854, 1.75702, 4.65118e-05]","[3691397.0, 0.0, 4990974.0]","[0.5,0.0,1.0]",218972,9.415174658606194,8.325015886233658,0.4219084618992357,0.2114319886268529,42261.61008727461,4.506196454383792,6.735915973443952,12.984848710550049,-1.0,0.635,17.211758604539806,11.158964731297157,0.08855609702308097,0.0,0.0
[5.49849],[0.0],[0.0],401455,29.850162541187203,23.63870602074252,0.0197518988254331,0.2371209374299256,58203.99864935254,5.923205439170392,0.7379873126243619,26.585208284099952,0.836,0.836,62.339280711419136,0.0,0.0,0.0,0.0
"[2.11905, -0.659308, 0.000166388]","[0.0, 12746920.0, 15527510.0]","[0.0,0.5,1.0]",227055,9.76503120191264,9.50641120248972,0.6235011669062404,0.0236309123543472,53192.25440819742,5.482692719108758,4.4538163505301736,2.8134261962395204,-1.0,0.874,4.095492444158866,2.2844397039046105,0.03629079880660027,0.0,0.0
"[-1.78656, 5.62548, 0.000384856]","[5031031.0, 0.0, 9478356.0]","[0.5,0.0,1.0]",297340,10.119617965276866,9.11589327803431,0.0474308910264923,0.0249595427318806,70906.12792678905,7.023799556656035,3.1391685408425034,3.606415673977646,-1.0,0.883,8.553730725147329,4.8204167287880155,0.07074975051195612,0.0,0.0
"[1.89218, -0.458009, 0.00284931]","[0.0, 4545866.0, 4836404.0]","[0.0,0.5,1.0]",253142,9.27610680491388,8.932967673757519,0.3219018396688811,0.0206066345758915,37169.0320346364,4.042123135869494,7.443129332968903,14.82294989049966,-1.0,0.926,20.38993608109337,10.062788665609464,0.0,0.0,0.0
[3.36404],[0.0],[0.0],254007,8.72188031573119,6.525737186369804,0.512259701591681,0.0507915207463047,151205.0422886105,13.676127029716364,1.7212820796920287,0.9382236647609226,-1.0,0.982,1.7208259972236568,0.0,0.0,0.0,0.0
"[1.97967, -2.11285, 0.00271646]","[0.0, 3072845.0, 4084526.0]","[0.0,0.5,1.0]",253877,9.806051645675858,9.24079790969547,0.020518547267487,0.1314448330767081,36783.49871780774,4.006707487308137,6.99080562527648,14.453655948454829,-1.0,1.036,20.336401782293986,21.009322396695428,0.7533197782009761,0.0,0.0
"[-0.329828, 1.84809, 0.000135949]","[4823639.0, 0.0, 5495785.0]","[0.5,0.0,1.0]",228232,10.472197147081925,10.17081295710988,0.3176438996232128,0.3512838450837334,63776.3766986706,6.408607119630727,3.179411789072519,6.414653298903,-1.0,1.072,8.720366683489864,3.6839773308555244,0.07479304197526057,0.0,0.0
"[-2.36657, 3.6982, 8.95005, -8.89932, 0.000560107]","[708477.9, 0.0, 305040.7, 321531.4, 1332511.0]","[0.5,0.0,0.0,0.5,1.0]",156152,10.301814549356308,9.592634036676788,0.3505233495819139,0.1984008058176433,114837.83067750468,10.711298970358197,1.577953163779708,6.807832720624648,1.113,1.113,13.091942012054382,28.7620821227173,10.472938501827967,0.16111811642972965,0.0
"[2.17539, -0.271632, 0.00246266]","[0.0, 2743033.0, 2954925.0]","[0.0,0.5,1.0]",356207,9.139287223499151,9.03220495913994,0.1166346747775837,0.1257262974218124,17970.192684268502,2.207499511320072,15.868039718426273,29.98007254066692,-1.0,0.4,44.21821868992195,15.69578230712162,0.0,0.0,0.0
"[1.70412, -0.230656, 0.013564]","[0.0, 4297476.0, 4362482.0]","[0.0,0.5,1.0]",373639,29.858248768329545,27.17941205553572,0.289482817298516,0.5474862587161266,67269.91313179418,6.7108169367883805,0.5478046501952041,23.712320851286773,-1.0,0.677,30.954525384865203,11.38823553868492,2.7616456522033865,0.0,0.0
"[3.66972, -0.256005, 0.000177921]","[0.0, 17656500.0, 20823560.0]","[0.0,0.5,1.0]",260375,8.907291212090774,5.984023766416243,0.1091644042873183,0.2776367841327847,62260.36029233802,6.276974072749031,5.870803347085081,10.99164952379302,-1.0,0.735,21.056167977132482,5.561437948120477,0.1466143494164641,0.0,0.0
"[-0.789477, 1.7708, 0.00116225]","[766157.2, 0.0, 1063566.0]","[0.5,0.0,1.0]",177851,13.009864308670778,6.598454504495565,0.0490404514686826,0.38393114537471,74645.72546547203,7.344132329521384,3.18058259567014,4.012953457957413,-1.0,0.861,5.340093725114837,3.5656102037386552,0.1368087580106805,0.0,0.0
"[1.73864, -0.268288, 0.00397731]","[0.0, 4516303.0, 4827727.0]","[0.0,0.5,1.0]",74668,10.116342942935413,7.1916457777207015,0.0896475221615917,0.1559194278119581,14577.140109766742,1.8598823519604064,21.44669027958468,48.132117395125626,-1.0,0.961,63.46580613532356,25.114880868770044,0.0,0.0,0.0
[5.24109],[0.0],[0.0],52247,8.249662550005395,6.84452642819011,0.2316260272165911,0.4927752507698049,86817.31081002583,8.377143029344431,3.6482363111334686,2.4265266724101764,-1.0,0.986,5.555151124874509,0.0,0.0,0.0,0.0
"[-2.58102, 4.96104, 0.0730898]","[1068130.0, 0.0, 1240728.0]","[0.5,0.0,1.0]",304709,9.952272526165544,5.301743194385045,0.0043849965048633,0.1359493702920719,35225.22481602654,3.863116874067249,11.70324043813793,12.720293713502056,1.281,1.281,28.332409075289263,20.723188726435364,0.0,0.0,0.0
[3.63238],[0.0],[0.0],259527,9.918862365935118,7.917923321280562,0.6513405102670715,0.0810850374269629,65631.12061834644,6.569243629885934,3.9626747335888433,4.953903888238486,1.345,1.345,9.441548195278125,0.0,0.0,0.0,0.0
"[2.27217, -0.610607, 0.0660946]","[0.0, 1029676.0, 1040979.0]","[0.0,0.5,1.0]",248811,10.08496698060719,6.990116089526784,0.5315001013639428,0.2271229585289645,41777.02484770578,4.462319352513915,7.493944121295218,12.407035506914774,0.361,0.361,18.70201650060221,10.206259980693785,0.0,0.0,0.0
"[1.81092, 1.00243e-05, -0.189049]","[0.0, 5891403.0, 4705491.0]","[0.0,1.0,0.5]",3983,9.774950414008012,6.382948566300408,0.0394208002008261,0.4036403524134109,62484.22188740431,6.296431012690912,5.130800291480374,10.043588331305257,-1.0,0.924,13.515699769625195,4.366928645072192,0.03179918074078216,0.0,0.0
"[-1.12663, 0.360269]","[11124150.0, 11128840.0]","[0.5,1.0]",312718,9.597360781479956,7.918086814594461,0.3593253476210502,0.0227961304017475,55254.77425725564,5.664465519766391,5.032722460794961,8.321862214336372,1.064,1.064,8.833059921712513,4.99498246436221,0.0,0.0,0.0
[3.10795],[0.0],[0.0],192876,10.868628347817904,7.011571079281548,0.0803359350453937,0.0472384600124225,81747.85325965793,7.948563627518524,3.092112925415565,5.9921740117893805,-1.0,1.201,10.563830602062854,0.0,0.0,0.0,0.0
"[4.61761, 0.00133569, -0.15035]","[0.0, 21103210.0, 20568240.0]","[0.0,1.0,0.5]",240268,9.492385979599796,8.211677450542872,0.3355554504391749,0.3324764688778056,98512.24850430358,9.35790472360224,2.3612431871750386,6.827924515663224,1.227,1.227,14.672270874784187,2.647527180664306,0.24954079164032753,0.0,0.0
[3.14031],[0.0],[0.0],219292,9.030828769477738,7.134495709982727,0.4877668196379413,0.3222900407747523,90590.79358382132,8.6947492209374,3.0944714310718795,4.3448468276027805,1.273,1.273,7.699468235200544,0.0,0.0,0.0,0.0
"[2.70481, -3.15138, 1.8956]","[0.0, 36675.45, 36685.21]","[0.0,0.5,1.0]",124250,9.547413918759188,8.838817124065365,0.5072052336171722,0.1777328663935916,58505.869165286975,5.949614282428355,4.295298592255541,14.99577054090084,-1.0,1.617,41.75127916967365,0.0,0.0,0.0,0.0
"[2.76325, -0.541995, 1.9847e-05]","[0.0, 5904312.0, 7773598.0]","[0.0,0.5,1.0]",359683,10.047440277031034,8.865153612928971,0.5517714864950007,0.3069454839354775,26649.097060538046,3.0579854641131665,10.070121534725788,6.068723521185784,0.308,0.308,10.088055008485144,4.467813051000213,0.027036146259033535,0.0,0.0
[3.91149],[0.0],[0.0],238954,26.56106907990189,18.01672817514793,0.637983318314781,0.7781870408351685,67414.38530514509,6.72328191625005,0.8534113891491378,25.88975909473871,0.813,0.813,51.20343791425156,0.0,0.0,0.0,0.0
"[1.572, 0.00144404, -0.201576]","[0.0, 9073434.0, 8733960.0]","[0.0,1.0,0.5]",2022,10.239965651768475,7.9950726272469135,0.7079033943103137,0.2588493607874459,150663.12851017292,13.632361647408196,1.276539112910038,5.545543919873828,-1.0,0.862,6.952971032682098,2.4897948292702154,0.21073358764231934,0.0,0.0
"[2.06383, -0.620149, 7.73971e-05]","[0.0, 3653169.0, 4884738.0]","[0.0,0.5,1.0]",38991,10.67115125864476,7.71991547904336,0.2742122066301858,0.2525242449590645,32195.51598684833,3.581757225070377,8.811203261469723,19.301196226116108,-1.0,0.867,27.72816863077648,15.199603181030486,0.16980347360651926,0.0,0.0
"[1.67154, -0.339319, 0.000831831]","[0.0, 1262723.0, 1393705.0]","[0.0,0.5,1.0]",174868,9.005711466028187,3.813027298290085,0.2526478730217767,0.1118815388252363,52656.63528720892,5.435371405292725,10.639339124546485,3.341942007159996,-1.0,1.256,4.320731669627538,1.9491024951189337,0.0,0.0,0.0
"[1.45403, -0.809873, 0.000701801]","[0.0, 11003650.0, 11353160.0]","[0.0,0.5,1.0]",5884,9.574258198360264,7.322563732324469,0.0116180292773212,0.4856423078498485,156797.03609954056,14.127109580892355,1.374939689573141,1.9235618069363456,1.354,1.354,2.31949173294545,1.7310699029505505,0.05095808944326863,0.0,0.0
"[-4.3206, 4.81225]","[2661955.0, 0.0]","[0.5,0.0]",55309,9.725934632943218,9.540756184865469,0.5282971695647494,0.087297851677659,103010.97199492586,9.732535664147356,1.922919875446405,7.142442672818698,-1.0,1.48,14.846319206370552,15.668263039515733,0.0,0.0,0.0
"[3.55818, -5.06416, 2.44516e-05]","[0.0, 10723480.0, 20619650.0]","[0.0,0.5,1.0]",297953,11.053278386008492,8.263884361172638,0.1543861643412445,0.2450530973256148,35598.695700763754,3.8975974993270697,7.228432767405114,16.51376239431532,-1.0,1.775,31.150138979569537,37.16205663137979,0.08165817562085435,0.0,0.0
"[1.39376, 5.19766e-05, -0.141473]","[0.0, 8543432.0, 7616328.0]","[0.0,1.0,0.5]",39079,9.494185717401889,7.666406021096101,0.5746450131956177,0.23788680435776,37436.670259394334,4.066683952582318,8.240717873591652,22.04650127753152,-1.0,1.836,26.027573170165866,8.292327756860342,0.1589438071705078,0.0,0.0
"[-1.34262, 7.59079, 2.43487, -6.42809, 8.5904e-05]","[2635817.0, 1862257.0, 0.0, 1877716.0, 4923382.0]","[0.5,0.0,0.0,0.5,1.0]",361847,10.07601100568057,10.04039269926855,0.0399189506242952,0.0700913787846007,102906.65830986948,9.72386419593426,1.791714448842106,6.455439207229129,-1.0,2.411,10.073112515349763,24.17032303266959,7.480012984070828,0.05983185791911764,0.0
[4.61382],[0.0],[0.0],360821,9.570426146230725,9.23603244284158,0.1948461566790074,0.2596150210968836,39067.05458687092,4.215875245834567,6.665772376971425,7.134131400497582,0.45,0.45,15.323974753444501,0.0,0.0,0.0,0.0
[3.64312],[0.0],[0.0],264493,8.88463790868317,5.088734383480722,0.1561999402298144,0.2397140332473948,89018.36805087134,8.562541793194807,4.298057034249752,6.067738980296366,-1.0,0.956,11.581468452485119,0.0,0.0,0.0,0.0
"[4.27355, -1.44079, 0.00394675]","[0.0, 52796270.0, 55507900.0]","[0.0,0.5,1.0]",384397,37.11157601134267,30.84404365415115,0.4855702934205994,0.060383601647316,29246.39029895083,3.304794036123281,1.0877204988846736,29.3459139238075,-1.0,1.0,60.66553530496298,35.22475508074464,1.8436031783534175,0.0,0.0
[5.43951],[0.0],[0.0],267129,10.132345357638364,7.053812247217207,0.4047218502851929,0.3227351034085465,60527.75893664116,6.1261534957738615,4.755658043341617,10.553122983554292,-1.0,1.088,24.612792427566053,0.0,0.0,0.0,0.0
"[-0.653102, 3.11344, 0.00138786]","[2422561.0, 0.0, 2611653.0]","[0.5,0.0,1.0]",243326,37.62243343532823,30.04706923369123,0.7928342588838608,0.007415136575229,150826.3857940404,13.64554755388541,0.1429166505419886,13.864347674088007,1.132,1.132,24.46356191482262,11.204434637293968,0.516502312233885,0.0,0.0
"[-2.04677, 1.77375, 0.363556]","[5444366.0, 0.0, 5464394.0]","[0.5,0.0,1.0]",243491,9.462474092606522,6.84038691795414,0.2326125122228813,0.1918882049270482,81738.19469319498,7.947744838783625,3.530667143945642,1.8369930751133523,-1.0,1.428,2.4465479018462037,2.8519730146014077,0.0,0.0,0.0
"[-0.539293, 2.7001]","[19283520.0, 0.0]","[0.5,0.0]",279695,10.33955633156244,5.282398714320532,0.0424072899643137,0.3975018912888179,78006.99490072475,7.630809291625945,4.380627935935286,5.2451839252741,-1.0,1.686,3.8518832315644285,8.618876266794663,0.0,0.0,0.0
"[3.10778, -0.308526, 3.1354e-06]","[0.0, 11409990.0, 14668540.0]","[0.0,0.5,1.0]",81363,10.09518734280132,9.169783094751027,0.5337992131330307,0.482102815755065,73163.46285316175,7.217342621484652,3.00797254558294,10.542257409335656,2.083,2.083,18.584836719507162,5.8557091910631165,0.018667239226892257,0.0,0.0
[3.1641],[0.0],[0.0],80623,8.973000586064593,6.692741297051247,0.0375606363657947,0.5428332146952225,56692.36224858973,5.790755672747855,5.946872166529747,7.597817761139871,0.803,0.803,13.514935359590714,0.0,0.0,0.0,0.0
"[-3.44559, -2.52688, 2.52797, 5.57982, 5.88295e-05]","[801711.3, 865591.5, 0.0, 740319.9, 2091426.0]","[0.5,0.5,0.0,0.0,1.0]",67585,10.821869691533156,9.827690812037812,0.8511027895694575,0.1934912286805548,67434.53599681566,6.725020330068539,2.970028552031215,6.539424469734675,-1.0,0.978,10.39741756847872,22.226627407059464,0.05015764146152711,0.0,0.0
"[-1.11744, 2.4014, 0.000293295]","[10858360.0, 0.0, 13219360.0]","[0.5,0.0,1.0]",37999,9.942616870758416,5.48101676203176,0.3857059888492581,0.8854782712859643,36427.08624490944,3.973928489048158,10.954133439245716,11.46766319280218,-1.0,1.05,17.770808312152393,12.122356054425675,0.1963935673350216,0.0,0.0
"[3.09402, -0.0492903, 0.000247006]","[0.0, 21680440.0, 22303750.0]","[0.0,0.5,1.0]",315394,10.645569665155026,9.725528957670392,0.51412720671688,0.2155430682080041,47930.81059058729,5.01562181583198,4.607853471424915,18.24896611779162,1.319,1.319,32.09961497356048,4.0515294079079744,0.28680849873662734,0.0,0.0
"[4.13752, -0.0430882, 0.000313855]","[0.0, 18765480.0, 19319390.0]","[0.0,0.5,1.0]",73434,10.0064741682452,8.398025533198796,0.1403612964360465,0.5137079257160491,147843.19399876648,13.404441889917608,1.280557841075371,3.155263699293919,-1.0,1.449,6.418088687550936,0.6549600898454725,0.055898504227635454,0.0,0.0
"[-1.16878, 2.2593, 0.000107406]","[5091854.0, 0.0, 8381367.0]","[0.5,0.0,1.0]",326156,31.75595179632897,13.314383534871409,0.3738298103431413,0.1986691470740286,48767.20644885962,5.090214724107463,1.4403672822367557,10.998123976343487,-1.0,1.783,16.531244990807235,11.890086022272351,0.11398111010900402,0.0,0.0
"[1.81073, -0.310185, 2.36425e-05]","[0.0, 14484610.0, 17494410.0]","[0.0,0.5,1.0]",334267,9.553309057763444,8.617549727883578,0.1350609963665276,0.2717590728543876,45528.55164364787,4.800600102884826,5.927107971246559,10.902244441652726,-1.0,1.823,14.670427305241088,6.071923780902139,0.05301058709273284,0.0,0.0
"[-2.79335, 1.74079, 2.95892e-06]","[10572090.0, 0.0, 15981650.0]","[0.5,0.0,1.0]",44850,10.19897560892712,10.058299826781072,0.7842761475206107,0.9330189242464964,106650.0701049015,10.03460797904409,1.688733904265402,4.932866779771556,-1.0,2.303,6.508375152718329,8.244457135311656,0.008485276494351974,0.0,0.0
"[2.36975, -1.0477, 0.000331095]","[0.0, 5118404.0, 6399899.0]","[0.0,0.5,1.0]",21201,9.374541823693914,8.801569356338693,0.213354461204305,0.5691698417883592,61967.99168571684,6.251552698246201,4.07676177949442,12.482778523197432,-1.0,0.398,19.21597969015337,12.777024778677658,0.22713683832518783,0.0,0.0
"[1.95658, -0.636455, 0.0195632]","[0.0, 5309757.0, 5395863.0]","[0.0,0.5,1.0]",148433,9.971397592237343,9.410056837703666,0.2289353728338906,0.1957568957815685,21847.704059080075,2.5931594904963093,11.804018287693877,39.26314572021435,0.586,0.586,54.920425941967935,31.801165425081944,0.0,0.0,0.0
[3.58422],[0.0],[0.0],264767,8.14181757898982,6.915976568903481,0.1809453373562207,0.0856693935663253,83084.99297639125,8.061827192886698,3.869867847365572,4.606726293596553,-1.0,0.733,8.721470960134862,0.0,0.0,0.0,0.0
"[2.75168, -0.313345, 0.000740229]","[0.0, 8887787.0, 10327480.0]","[0.0,0.5,1.0]",115635,10.358752641520162,9.843824338583602,0.4269388399114653,0.0480436473332681,22971.11292270756,2.7030412208181427,10.473943294041684,24.339145308678404,-1.0,0.745,40.374233198813386,13.624378744066911,0.6621987723099912,0.0,0.0
"[3.88631, -4.28789, -3.40665, 5.57339, 6.38765e-06]","[0.0, 317229.7, 389786.9, 196403.4, 2973767.0]","[0.0,0.5,0.5,0.0,1.0]",289798,10.180744245753717,6.9934902907158,0.4561185042517508,0.4478430222930044,44992.5755155886,4.75246229850501,6.819818989335175,6.272048083966851,-1.0,0.901,25.97736640873739,0.01585184930287538,0.0,0.0,0.0
"[2.69108, -0.622027, 6.23248e-06]","[0.0, 17770450.0, 22233290.0]","[0.0,0.5,1.0]",134916,10.187231561321882,7.341773629231575,0.0671829008202825,0.3733191761828643,46863.31726209112,4.920217962871721,6.230782887490267,9.520778659726812,1.884,1.884,15.618372372234917,7.508913248396245,0.023768562428812916,0.0,0.0
"[1.56788, -0.541339, 0.000201263]","[0.0, 5965110.0, 6981874.0]","[0.0,0.5,1.0]",338947,8.864832781976599,5.535112605596615,0.8279459115737972,0.2180977194297262,64078.65683308215,6.4348173705127145,6.08484642810868,5.222150082272853,-1.0,0.754,6.5389160127086,3.8422357385117047,0.07408517653200243,0.0,0.0
[3.12764],[0.0],[0.0],86320,9.818580079219691,9.526274144884658,0.1930159774869404,0.048513773031661,76814.23480715985,7.529211084005768,2.801638806176023,8.558316022777507,-1.0,0.923,15.135497424317169,0.0,0.0,0.0,0.0
"[3.16598, -4.08016, 1.66657e-05]","[0.0, 17088530.0, 28023020.0]","[0.0,0.5,1.0]",54338,9.41164583798519,8.815483591381444,0.1365680825135994,0.2705964425333905,36402.51401032921,3.971666962823629,7.612626403053067,19.34466355851366,-1.0,0.988,34.42034859811826,39.075071183364756,0.07897196798691831,0.0,0.0
"[-0.601447, 2.5331, 6.03263e-05]","[3320589.0, 0.0, 4422660.0]","[0.5,0.0,1.0]",305319,9.50451961449452,7.006637560244184,0.2407267702490818,0.2833503177360132,67751.83924018849,6.75238763169563,4.376602154818433,2.970140131538019,-1.0,1.088,4.72719053401742,2.303433195768398,0.023069080504883547,0.0,0.0
"[-1.95436, 2.26133, 0.00340612]","[3141066.0, 0.0, 3550490.0]","[0.5,0.0,1.0]",334879,9.748617493881362,8.740647226146226,0.5368273493236152,0.3508756689604019,46508.23181499141,4.888432277581821,5.617339077540683,18.50721644516907,1.188,1.188,27.830632485262885,25.895333492031373,0.0,0.0,0.0
"[7.34186, -3.16788, -5.3816, 5.77304, 0.000660373]","[39257.43, 269375.1, 134279.5, 0.0, 583265.6]","[0.0,0.5,0.5,0.0,1.0]",19664,9.262305682786849,8.07096726116819,0.4318958889888035,0.4023000963851202,70824.83307831729,7.016818830483167,3.7470449631384826,6.7048946938025145,1.267,1.267,31.208415010956955,0.0,0.0,0.0,0.0
"[6.40753, -2.29465, 0.000365693]","[0.0, 3105636.0, 6022993.0]","[0.0,0.5,1.0]",380867,10.542672554118942,10.43866775764416,0.2467906869912442,0.3849588335526293,35029.145335644585,3.844997307952748,6.279179617119143,16.556627728997896,-1.0,1.461,41.909956302926496,25.080148878322728,0.31661406780644535,0.0,0.0
"[-0.999885, 2.62266, 3.36404e-05]","[3938814.0, 0.0, 5537787.0]","[0.5,0.0,1.0]",64099,10.214098573822088,5.883218741865806,0.308401514968481,0.1911657949053732,53256.75947272664,5.488388530371253,6.470207932471546,4.339904902564147,1.795,1.795,7.028314866039029,4.339655350857432,0.02517159808632038,0.0,0.0
"[-0.820013, 1.80793, 0.00785003]","[994076.9, 0.0, 1176357.0]","[0.5,0.0,1.0]",62714,10.622214885917211,7.730446480912201,0.4348086697329578,0.5552071509316385,22582.430177294933,2.66510804640655,12.814812113606497,18.570286815795,2.432,2.432,30.149093874074897,0.0,0.0,0.0,0.0
"[1.47209, -0.447588, 0.248421]","[0.0, 2770599.0, 2771018.0]","[0.0,0.5,1.0]",51456,10.09710755126622,6.329709772358038,0.717411695372598,0.0326883771870698,10827.099128306763,1.4601267603781358,30.835529552212776,38.51275673570016,-1.0,0.199,46.72741839557286,32.130096814896184,0.0,0.0,0.0
"[-3.34268, 0.00484553]","[23621120.0, 24030430.0]","[0.5,1.0]",98327,9.256604227607117,5.966183493600576,0.1662044558951854,0.3624367864744889,109816.31908080982,10.296758187512792,2.742438503878484,4.488504649947821,0.483,0.483,8.206331959017676,0.31244409616982466,0.0,0.0,0.0
"[-1.48753, 15.0195, 0.00206759]","[6651686.0, 0.0, 8732483.0]","[0.5,0.0,1.0]",19178,9.460456692124213,6.357353458034502,0.2846168409839846,0.1972619856409321,47807.60412986279,5.004622244719822,7.312979650278609,4.423347871229175,-1.0,0.542,17.142684532278434,5.394906995044434,0.20113298872067006,0.0,0.0
"[1.63685, -0.339402, 0.0101146]","[0.0, 1600306.0, 1635092.0]","[0.0,0.5,1.0]",199121,9.742642649257826,7.746724053482327,0.3875678276985062,0.0766189104467218,23880.80024638703,2.791487025375285,12.966538928669268,13.772028691282795,-1.0,0.638,17.619856218755178,8.142013578362969,0.0,0.0,0.0
[4.64435],[0.0],[0.0],375690,11.88002956196204,11.809045794567346,0.5182895329078417,0.2922352565746473,83830.28744020752,8.124888557454057,1.78572515583683,6.29721253884424,1.259,1.259,13.570967860715136,0.0,0.0,0.0,0.0
"[-0.828066, 2.81447, 0.000314266]","[3140300.0, 0.0, 3803172.0]","[0.5,0.0,1.0]",27040,8.879535886471649,8.847150290754294,0.0514696983267172,0.2743029353395737,76650.07260765033,7.515216728389418,3.248873939184019,4.4624329689325535,-1.0,1.3,7.486348106586912,4.060730636740532,0.07910799992810132,0.0,0.0
"[1.83522, -0.191754, 0.000151573]","[0.0, 13893070.0, 15407020.0]","[0.0,0.5,1.0]",178960,8.840900183575329,7.64162141487934,0.0002447028895988,0.1220188809529466,61902.54363513811,6.245860402238666,4.825616427453153,8.056668834638629,-1.0,2.263,10.914392791426831,3.5279931125205244,0.09918966780542249,0.0,0.0
"[1.90276, -0.923472, 1.6249e-05]","[0.0, 6296407.0, 10030230.0]","[0.0,0.5,1.0]",27924,10.062779342857755,8.708349559274401,0.4914033853098118,0.0985351271060622,36545.48521858119,3.9848216376165047,7.246647649095865,21.41199275353222,-1.0,2.452,29.53582419137564,20.57637914563344,0.08631184637014037,0.0,0.0
"[-2.587, 8.25289, 0.0153219]","[2200376.0, 0.0, 2876713.0]","[0.5,0.0,1.0]",5760,9.110123461266696,8.780979267332375,0.1257227934806951,0.2102514375105778,147363.69292338856,13.36565603589006,1.338585879502708,3.8454138072498143,-1.0,0.383,11.047044657209709,6.185022668659404,0.4759917145081958,0.0,0.0
"[2.3691, -0.516598, 0.00314269]","[0.0, 6893392.0, 7522610.0]","[0.0,0.5,1.0]",374839,9.215306297600844,8.046144651322235,0.556373486512426,0.2822162163116503,57125.75829226119,5.828765401535583,4.928726171753914,8.026824509359338,-1.0,0.451,12.35479274686828,5.769260223502641,0.4499813765181916,0.0,0.0
"[-0.488585, 1.60675, 0.00297086]","[1577307.0, 0.0, 1665711.0]","[0.5,0.0,1.0]",123621,10.418244475711386,7.17234099834432,0.1794175788782326,0.0981081944414437,27068.11578324233,3.0980018722361544,11.52730790679609,22.50520173889254,-1.0,0.592,28.527063224314446,15.778632068754513,0.0,0.0,0.0
"[3.66645, -0.274185, 0.000225336]","[0.0, 10316480.0, 11301830.0]","[0.0,0.5,1.0]",116492,29.326960796249377,17.514751787735133,0.3578174905809004,0.4176707155795783,86926.47324494077,8.386347411873453,0.5840127903709003,11.444613510352944,-1.0,0.605,21.914118933912018,5.9927060690455205,0.17179733450856363,0.0,0.0
[7.96129],[0.0],[0.0],383289,9.694646813683413,6.907664607357024,0.423020363948032,0.4002891444885589,52200.028800133536,5.394991594679127,6.009474694722626,5.788381330200759,0.904,0.904,16.33235668744556,0.0,0.0,0.0,0.0
"[-1.54725, 3.51577, 5.47032, -3.83431, 4.33254e-05]","[12553210.0, 0.0, 3450362.0, 6249673.0, 17074220.0]","[0.5,0.0,0.0,0.5,1.0]",101190,7.3594601169314675,5.038345479294032,0.1468799502239499,0.1153303155517469,63226.690991712494,6.360914260541189,7.788819373437151,7.897494258013774,1.004,1.004,14.808107100405165,18.47122442126671,15.464394849720904,9.82357498408963,0.05198291259733545
[7.17612],[0.0],[0.0],335020,11.84157761755835,8.155983849381917,0.0851535387190016,0.1889730476079182,22596.5855005458,2.66649136146028,11.204663982493118,18.669487498865116,1.119,1.119,50.012347761671336,0.0,0.0,0.0,0.0
"[2.95986, -1.16227, 6.92888e-07]","[0.0, 3158971.0, 8685723.0]","[0.0,0.5,1.0]",295145,10.392188232355132,8.96255314119268,0.3982046108089538,0.412868460964397,37539.36822140255,4.0761031285106695,6.682667268107343,11.94199497183124,-1.0,1.577,20.545299131219558,12.874500784732234,0.009940503989657744,0.0,0.0
[4.7638],[0.0],[0.0],240786,10.21748867401932,10.063366544526303,0.326762401494577,0.149491080528815,90938.00961186449,8.72391608184099,2.080891732958961,8.151803783392582,-1.0,2.734,17.79223383029436,0.0,0.0,0.0,0.0
"[4.79386, -4.05681, 1.90698]","[0.0, 49058060.0, 49078730.0]","[0.0,0.5,1.0]",133612,26.66762977741753,12.50050288180269,0.2726351975453054,0.2540641649731882,9285.152798348716,1.2891353831903685,8.905468670354974,78.39329768912097,0.357,0.357,171.64122570742745,191.44327057936087,0.0,0.0,0.0
"[-1.04232, 4.90757, 0.000132162]","[42971690.0, 0.0, 49350240.0]","[0.5,0.0,1.0]",15453,8.724801238441133,4.93967894056696,0.5661835629733499,0.0835789512711155,93337.03179218652,8.925184315033528,4.20619429290762,6.8253872922170125,-1.0,0.622,15.12030497795582,6.968315970980772,0.07846583498956453,0.0,0.0
"[2.95961, -1.31239, 0.00171825]","[0.0, 16330030.0, 18794280.0]","[0.0,0.5,1.0]",186552,9.906419276766604,7.149605150115971,0.5125077957907903,0.3433995082664743,82389.60526732185,8.002944011524347,3.2421251982248074,4.400496738696736,-1.0,0.921,7.570402081464839,5.0411910869293175,0.18240841924405493,0.0,0.0
[3.01974],[0.0],[0.0],361849,9.15261450441306,4.575323855711825,0.4128154519066156,0.2518555517995012,38404.21112026918,4.1553078962125225,12.917761803465543,2.3542085311574965,1.089,1.089,4.091002124572607,0.0,0.0,0.0,0.0
"[1.94117, -0.253031, 5.53868e-06]","[0.0, 7927127.0, 11555280.0]","[0.0,0.5,1.0]",275638,9.385099416792348,7.924001890233095,0.366929735592466,0.4545854802810666,38578.19830868825,4.171217504222342,7.818022345420708,8.891301749989449,-1.0,1.466,12.387884139308694,4.472519218004607,0.02092514550482496,0.0,0.0
[3.38938],[0.0],[0.0],388773,10.72534592520454,8.333962430897223,0.3706438089042114,0.6972873983305143,78793.41628844029,7.697719724792722,2.823627312390589,4.599694960729125,1.687,1.687,8.468162096378542,0.0,0.0,0.0,0.0
[3.87496],[0.0],[0.0],366326,10.56900091571059,4.855855653518952,0.2035810421645248,0.1420809120920295,182327.2124152274,16.1727619975713,1.474859373911314,3.769592559648885,-1.0,2.201,7.420412074925372,0.0,0.0,0.0,0.0
"[4.77261, -1.33663, -2.42835, 2.08437, 0.000345536]","[212188500.0, 241080500.0, 224846800.0, 0.0, 254173500.0]","[0.0,0.5,0.5,0.0,1.0]",376469,8.630135962589721,8.287212988298299,0.1539806090194262,0.2797262286114881,187800.8526991761,16.608791572577037,1.0467562576819889,2.2066238482750475,-1.0,0.86,3.185779508262371,4.820657548082075,3.438618129621736,2.5511377532657615,0.04101804510070842
"[1.44021, -0.288354, 6.13776e-05]","[0.0, 2524925.0, 3128481.0]","[0.0,0.5,1.0]",81857,10.707446905358632,9.649908454644375,0.1493274549436028,0.170901585308065,15127.3565746381,1.9170276577881349,15.423180513885256,51.51592381754603,-1.0,0.942,61.8236160600601,27.666275567540506,0.0,0.0,0.0
"[1.86673, -0.414191, 0.00350402]","[0.0, 2752021.0, 2962462.0]","[0.0,0.5,1.0]",330425,9.647708125613288,6.166406110927534,0.5180870769611604,0.3419457567173877,49231.097403513006,5.131528189954628,7.139278418871052,3.1796883722810367,-1.0,1.026,4.344355057252848,2.0550112674164662,0.0,0.0,0.0
"[-1.76019, 2.16827, 0.000239044]","[3345793.0, 0.0, 4842570.0]","[0.5,0.0,1.0]",51244,36.18469052077955,28.951367964101248,0.1817282283368935,0.2491728832669406,64563.74711206389,6.4768539052416445,0.4669373046890075,14.670950155140718,1.041,1.041,21.60304260098115,19.46426533594432,0.22682826205944223,0.0,0.0
"[3.36967, 0.000440818, -0.139499]","[0.0, 7556172.0, 6883758.0]","[0.0,1.0,0.5]",335963,9.139775976614718,8.75856996493089,0.1556379013690851,0.2585040426554076,121524.86529572356,11.26115970329098,1.742046805820114,5.528849319510323,-1.0,1.333,10.149121221616697,2.065001166131691,0.11608187489026243,0.0,0.0
"[5.3666, 2.77254, -1.36193, -4.86161, 0.00564763]","[111825.6, 0.0, 313827.7, 122964.1, 511054.0]","[0.0,0.0,0.5,0.5,1.0]",163636,6.643643300367618,4.896977551210555,0.1315313068527085,0.6622619760603491,141929.32560544313,12.925447415629446,2.9952763560567126,2.2551556812981337,-1.0,0.253,8.548297718453576,0.0,0.0,0.0,0.0
"[-11.0856, 3.82123, 12.391, -1.76966, 0.0451303]","[41708000.0, 0.0, 41013430.0, 72599830.0, 75219390.0]","[0.5,0.0,0.0,0.5,1.0]",46725,11.002254904088945,8.939266863742583,0.5310312345016764,0.1165321436713961,60446.91083542341,6.119105462520343,3.637505340646287,9.361489849645867,-1.0,0.545,18.299809133939036,32.95324211534329,31.169122278113615,12.453455924181862,1.9887449093486904
"[3.95571, -0.428544, 0.0469101]","[0.0, 2365297.0, 2388720.0]","[0.0,0.5,1.0]",18088,11.263198253910076,8.757848029974447,0.1491411250739163,0.4222826844798913,22094.421837706926,2.617355390995658,11.224353835346978,23.99291181830957,-1.0,0.584,47.71942263656071,16.543875617451203,0.0,0.0,0.0
"[-2.72639, 2.69989, 0.00279773]","[1293103.0, 0.0, 1868724.0]","[0.5,0.0,1.0]",338119,8.917822744383205,8.853000128547999,0.2452738223210965,0.4920800901442584,20606.29331157144,2.470827655309151,14.439150655970831,27.80514217194684,-1.0,0.777,45.687580045275375,45.93479950083384,0.0,0.0,0.0
"[1.54833, -0.214438, 0.000829797]","[0.0, 4543619.0, 4807366.0]","[0.0,0.5,1.0]",367044,10.02362630785854,7.213074318333071,0.1838594044745986,0.2163122088576718,28078.94830584148,3.194215015538534,11.384094118878323,14.604287643687346,-1.0,0.862,18.17239392416306,6.775945610836713,0.0,0.0,0.0
[3.4074],[0.0],[0.0],391336,9.780117773003894,8.614356502882515,0.2534776109129206,0.038994515836674,96457.04843850798,9.18629334190936,2.275160783874611,6.035526338308844,-1.0,0.912,11.1410650250307,0.0,0.0,0.0,0.0
"[3.34136, 0.000679384, -0.0647731]","[0.0, 2754048.0, 2665998.0]","[0.0,1.0,0.5]",60078,9.769697052722508,9.482192962225424,0.2068006403862641,0.0492600576989052,29282.00213518374,3.308157929142189,8.81573924399537,21.18860478889231,-1.0,0.945,38.73147132460514,5.420825498521159,0.0,0.0,0.0
"[6.39682, -0.365655, 0.000233917]","[0.0, 1944445.0, 2467409.0]","[0.0,0.5,1.0]",306764,9.827479062005962,5.885221484117532,0.5294482191277367,0.2035627074017197,30206.91880257428,3.395361103699888,12.762367946694528,13.943619178986983,-1.0,1.111,35.26611165431845,8.434321284339543,0.0,0.0,0.0
[3.30435],[0.0],[0.0],127531,43.98167643456041,38.5485405191252,0.6570499215181057,0.4454550459679045,40503.148979648686,4.346703453617436,0.5459564121347303,39.25468100171622,1.973,1.973,71.3566533773749,0.0,0.0,0.0,0.0
"[2.86273, -1.08841, 0.000860775]","[0.0, 6287811.0, 8257653.0]","[0.0,0.5,1.0]",211438,9.748365634803571,8.982259459304322,0.1859113667803764,0.3149132574796455,74093.77968219502,7.296947007882161,3.100128394329333,10.51130034164514,-1.0,1.974,17.784703945578944,10.96611275654808,0.3083906966044494,0.0,0.0
"[4.82316, -0.890852, 0.00202905]","[0.0, 11968790.0, 13888240.0]","[0.0,0.5,1.0]",199176,9.562373453062632,6.691223004016291,0.451210100603821,0.4529523120375624,171041.77482041597,15.271031654787825,1.3170340184265028,2.178662805593507,-1.0,0.451,4.784712569947936,2.0563299397822314,0.09813781710700513,0.0,0.0
"[1.41234, -0.283691, 0.00862489]","[0.0, 23701270.0, 23930910.0]","[0.0,0.5,1.0]",280372,9.619667668039812,9.360618689257157,0.0117740617844031,0.1440536754868644,35243.21661296895,3.864779081991566,7.371818187287377,14.971207121430009,0.485,0.485,17.792068762469448,8.094369593171221,0.0,0.0,0.0
"[1.54066, -0.263056, 0.00162924]","[0.0, 6937055.0, 7439762.0]","[0.0,0.5,1.0]",398964,10.172930786415067,7.533227993565532,0.4971369364225254,0.3358167239391024,142312.79832624813,12.956549413490771,1.461148459106404,4.570595295285576,-1.0,0.786,5.673174887957765,2.3442119432828963,0.1844868010087137,0.0,0.0
"[-2.39369, 3.12662, 0.000115567]","[16270450.0, 0.0, 23266340.0]","[0.5,0.0,1.0]",314304,10.161554497208623,8.03179563609255,0.215112018162181,0.2670918733633572,51128.40402194776,5.300079555548789,5.211925825729206,8.440134634052,-1.0,0.816,14.924057897119205,13.058200334726589,0.09073321383866922,0.0,0.0
"[1.65954, -0.506456, 0.00203354]","[0.0, 9389192.0, 10303980.0]","[0.0,0.5,1.0]",396685,8.865257266127793,5.961049319915723,0.1685826592054919,0.2864031148109695,21640.66097248692,2.5728248669488343,19.3502943896903,27.81627263863432,-1.0,1.123,35.833794333150585,19.83535356579964,0.0,0.0,0.0
"[-0.418198, 2.36456, 0.000132661]","[45289130.0, 0.0, 48460200.0]","[0.5,0.0,1.0]",163270,9.072041995568265,6.523724204432887,0.5050897353595388,0.0205981898217241,84674.97710732433,8.196300809661988,3.634877980957227,2.622796575713433,-1.0,1.282,4.0331073074289305,1.6961161278278496,0.030208992497944367,0.0,0.0
"[1.6594, -0.252955, 0.000261554]","[0.0, 6821049.0, 7913829.0]","[0.0,0.5,1.0]",267987,9.557657679422755,9.125015694722132,0.1923481984385074,0.3759060849049523,17318.997126449583,2.1416130808266733,15.692191926231157,25.639685277785787,-1.0,1.435,33.02845302799083,12.902050490251252,0.0,0.0,0.0
"[3.16271, -0.341075, 0.00663094]","[0.0, 4414004.0, 4521164.0]","[0.0,0.5,1.0]",101812,23.71306742578556,14.020043728203095,0.2998712845153222,0.0659053501041216,83301.77487495939,8.080174882901197,0.8872723250698891,9.112688907700376,1.445,1.445,16.206014766893766,5.321958557266472,0.7420515789723142,0.0,0.0
"[1.63244, -0.540664, 0.000162687]","[0.0, 39808430.0, 43160260.0]","[0.0,0.5,1.0]",305768,6.518209719194766,4.539719270042161,0.2234093234408929,0.1388158283367304,42001.49953610269,4.482651724230626,15.350635648477066,6.864763663646135,-1.0,1.458,8.770900900629446,5.047650965745505,0.087559246495835,0.0,0.0
"[3.44078, -0.502926, 0.00013773]","[0.0, 13849890.0, 16529430.0]","[0.0,0.5,1.0]",360938,9.203483795007854,9.000685699386967,0.7594389299489752,0.3055895114447468,61792.92971094679,6.23632549266079,4.077016566267733,8.499721789619906,-1.0,1.553,15.766422607371096,6.027771139646516,0.09975139651200071,0.0,0.0
[5.65799],[0.0],[0.0],243457,8.237520821500404,7.231368121111069,0.2184744587172718,0.3299512848127264,47988.132700467366,5.02073850495801,7.296198255045972,9.532020660325545,-1.0,0.86,22.673369350581858,0.0,0.0,0.0,0.0
[3.51669],[0.0],[0.0],361385,11.580510488600044,11.142805424062663,0.2358271614572299,0.1383858812110688,80627.49090314249,7.853536506402259,2.0134949146437866,8.767796713983007,-1.0,1.193,16.44210870443336,0.0,0.0,0.0,0.0
[3.22908],[0.0],[0.0],326591,9.543125117471211,8.807479911467544,0.091848662033074,0.702578433097999,52758.60581355715,5.4443843360607005,4.887449893377825,11.83936619767106,-1.0,1.211,21.27491610076173,0.0,0.0,0.0,0.0
[3.2016],[0.0],[0.0],317157,9.725613932656415,7.490991338262695,0.1863465876558103,0.1815970132405828,82545.00457444436,8.016106480137578,3.1540699689854903,6.162971225077924,1.496,1.496,11.027413902205584,0.0,0.0,0.0,0.0
"[1.75591, -0.412326]","[0.0, 11831050.0]","[0.0,0.5]",72873,35.89980773934221,35.208306838942185,0.1562860679102543,0.3856720965476095,175174.5178392157,15.601688693754133,0.1054448900350977,13.863291745580089,-1.0,1.802,18.37035246018125,8.901982235728171,0.0,0.0,0.0
"[2.24949, -0.586623, 0.000552592]","[0.0, 8363494.0, 9579315.0]","[0.0,0.5,1.0]",356400,11.516118669189662,9.192676460137225,0.4781424387147029,0.1483528974050449,99912.30288180504,9.4746413735234,1.797967164601842,9.269203203142869,-1.0,0.83,13.902228950866323,7.099404905634938,0.21789371307925692,0.0,0.0
"[1.70473, 0.00328649, -0.183979]","[0.0, 5141559.0, 5029546.0]","[0.0,1.0,0.5]",370711,9.288824265629046,4.595632468254271,0.3745589218407944,0.1891632181149916,24818.58580703644,2.882197226028784,20.40724883474365,18.631925755689803,-1.0,0.992,24.3268314967394,8.062813617118989,0.0,0.0,0.0
"[5.81692, -0.0426373]","[0.0, 90883210.0]","[0.0,0.5]",65073,10.862384508326826,9.334771394784516,0.5561057271702257,0.522109425361517,123064.90204234514,11.387460721475271,1.4075837789804018,2.127830451983495,-1.0,1.547,5.131963577053919,0.43937148454180436,0.0,0.0,0.0
"[-0.46103, 9.4014, 1.64893e-05]","[9236393.0, 0.0, 13455730.0]","[0.5,0.0,1.0]",80002,9.683202639315404,6.136917495791818,0.0020834739220937,0.3066898461378698,49613.68062391788,5.165569467477419,7.082536454439525,11.001916615463893,-1.0,1.68,33.733749415754716,7.470212264223517,0.044675503811531354,0.0,0.0
"[0.000204759, -0.000586899]","[8384.358, 0.0]","[1.0,0.5]",262426,8.979779424979089,4.70718194456549,0.0133643403290168,0.8799281432221303,143035.2251811763,13.015126486115522,2.414297846773225,2.7511422809116906,-1.0,1.989,0.0774072883195167,0.0,0.0,0.0,0.0
"[2.39884, -0.597763, 0.0173026]","[0.0, 1771073.0, 1878064.0]","[0.0,0.5,1.0]",44136,10.35198416299806,9.522744498423108,0.5919590487412805,0.2017388304371584,54035.20345114837,5.557068035340788,4.157593696739919,16.94118929439017,-1.0,0.453,26.238834249680426,13.286317123309017,0.0,0.0,0.0
"[2.64574, -0.496919, 0.00227587]","[0.0, 39741240.0, 42068080.0]","[0.0,0.5,1.0]",364994,9.772029192695337,7.964252117852502,0.2139783328293389,0.0024947204486697,47677.346674838445,4.99298994619793,5.890181929182208,8.4725161119626,-1.0,0.535,13.781166667742797,5.972486884042515,0.4041905253144209,0.0,0.0
"[2.08021, -0.684839, 2.17239e-05]","[0.0, 4960461.0, 7791584.0]","[0.0,0.5,1.0]",9828,9.722270644166388,5.760409348950785,0.2813875680663904,0.5995239861200354,42816.29553233069,4.556352905246171,8.874042004277117,10.00322841134167,-1.0,0.679,14.427589443577213,8.278171656696095,0.04662395200026796,0.0,0.0
"[4.69556, -0.593799, 0.0478022]","[0.0, 1242439.0, 1266624.0]","[0.0,0.5,1.0]",163524,9.119073109104884,7.985165663259926,0.2310027409495794,0.2446927190661524,27379.19973076024,3.1276590819314727,11.578983770784054,17.946012749377953,-1.0,0.729,38.887647297119194,14.374758452702595,0.0,0.0,0.0
"[4.59665, -7.84346, -2.12626, 8.80629, 0.00022723]","[0.0, 1921774.0, 4978098.0, 1801954.0, 10619930.0]","[0.0,0.5,0.5,0.0,1.0]",58356,9.757824192432055,5.788446935745863,0.7081059913445418,0.208882174316689,42156.00304378153,4.496638833010371,8.971021294231958,10.025014674941774,-1.0,0.749,21.493430400739676,40.90617532838138,14.61817651172433,0.15111857555333386,0.0
"[1.80677, -0.400494, 0.0843113]","[0.0, 3371266.0, 3379026.0]","[0.0,0.5,1.0]",185831,10.279490070300335,6.48413364747881,0.3204506742336791,0.498693859783076,23629.42588005204,2.7670928093749483,14.632956976872846,25.114729330848128,0.872,0.872,33.75825095946105,17.48687402847114,0.0,0.0,0.0
"[-0.55897, 2.4972, 0.000169319]","[9943154.0, 0.0, 11908050.0]","[0.5,0.0,1.0]",152934,9.456547960768496,7.926756564574391,0.3834855328963771,0.1215072179436926,45086.87238700893,4.760935695547565,6.487904368599327,8.533634452572858,1.053,1.053,13.485302675795964,6.380111746576097,0.11104189965263957,0.0,0.0
"[1.60888, -0.232464, 0.00338093]","[0.0, 6692346.0, 6986961.0]","[0.0,0.5,1.0]",260773,10.411127131716023,7.140006529918962,0.1096403697911235,0.136399668584321,18875.427190577662,2.298513683336366,16.6246204642308,16.409493104437104,-1.0,1.17,20.81406910988666,7.969084612739683,0.0,0.0,0.0
"[7.17058, -2.30988, 0.0003021]","[0.0, 1427477.0, 2514535.0]","[0.0,0.5,1.0]",133942,11.106180262830485,9.202480014713286,0.2780949507959726,0.4677989549098575,44822.43883758572,4.737168345530638,5.046284032436049,18.264496494548045,1.742,1.742,48.90855671691889,27.7589103057136,0.31745565439510764,0.0,0.0
[3.33155],[0.0],[0.0],302696,10.0892874159161,5.28026744639389,0.1189152904551151,0.5250070942847745,7879.227547232721,1.128630496463287,46.051849058888685,55.508444589835726,0.103,0.103,101.31697760844007,0.0,0.0,0.0,0.0
[4.9079],[0.0],[0.0],257523,10.652146845229362,9.804055336343952,0.1522994069888535,0.3415468426571978,103604.04261118302,9.78182281390999,1.7297711251994776,5.367741270383483,-1.0,0.534,11.891576304277088,0.0,0.0,0.0,0.0
[5.90627],[0.0],[0.0],357805,10.998403421468865,8.654318492064274,0.1254218416585356,0.3416656896187406,45694.4953938943,4.815491943755464,5.2397569569198765,12.581613348072258,0.89,0.89,30.576866898906474,0.0,0.0,0.0,0.0
"[2.65099, -0.805558, 0.000565174]","[0.0, 766934.8, 1222726.0]","[0.0,0.5,1.0]",5714,10.338383000016556,10.256743132039963,0.2910165762446771,0.2106272815719668,11837.705937668446,1.569855900231144,18.63466655857083,66.9602399628866,-1.0,0.965,124.50127525553293,0.0,0.0,0.0,0.0
"[1.95992, -0.199783, 0.00123184]","[0.0, 13764870.0, 14399040.0]","[0.0,0.5,1.0]",78058,11.382484034376612,10.246523079881293,0.246422267637636,0.1343661155001787,130163.29098029732,11.968095239068772,1.1599746365114656,4.945353429738216,-1.0,1.009,6.9233535043794,2.2104291538175196,0.17356992904354657,0.0,0.0
"[1.70528, -0.401121, 0.000769529]","[0.0, 3031764.0, 3293533.0]","[0.0,0.5,1.0]",257963,10.134034596855768,9.255130554460768,0.7332326697760817,0.7142427965287266,58143.562642787736,5.917916814338918,3.963748301998319,0.7455336963112954,-1.0,1.127,0.9735653902897445,0.47262986754307834,0.0,0.0,0.0
"[6.62583, -0.456729]","[0.0, 62931360.0]","[0.0,0.5]",319794,31.34973324511295,20.826033813018164,0.4671450091281777,0.9207088720804386,161464.3168745206,14.502663845621443,0.2063869193701547,8.32500557566151,-1.0,1.136,21.429136809524582,5.626182649094161,0.0,0.0,0.0
"[-0.444565, 1.70437]","[12031580.0, 0.0]","[0.5,0.0]",194845,9.244626444262394,7.178619043554432,0.4970636919967411,0.0025264774333862,40850.63205012408,4.378280348597738,8.063566720004609,6.350708821050682,-1.0,1.329,4.234380051689694,8.290947048839818,0.0,0.0,0.0
"[2.82983, -0.284239, 0.0103136]","[0.0, 632863.8, 650426.2]","[0.0,0.5,1.0]",315412,9.802645452873918,9.352929366141227,0.5178034363653454,0.0355988617074657,42099.49199882671,4.491523586840873,5.934209591872369,7.022001167551218,-1.0,1.442,11.812479573683886,3.8110296501161054,0.0,0.0,0.0
"[1.8766, -1.33014, 3.45141, -0.718791]","[0.0, 232171100.0, 207655300.0, 240574300.0]","[0.0,0.5,0.0,0.5]",293160,9.145098573723946,5.851305806265791,0.2552119314160363,0.1204693966307852,88571.3430201879,8.524920283674915,3.742505676213724,5.132274995642354,-1.0,2.027,7.030654793654636,9.534725513843584,5.919139773110587,4.35122192218096,0.0
"[-0.79118, 2.70319, 0.00448734]","[1440785.0, 0.0, 1533098.0]","[0.5,0.0,1.0]",160281,10.22529424258469,4.02858911469102,0.6288483716091784,0.4093546629805474,40668.590198564976,4.361741566399951,12.455160806929603,6.95857117679205,2.071,2.071,11.440851798909149,6.2070585175030715,0.0,0.0,0.0
"[-1.506, 2.59704, 0.179873]","[1480704.0, 0.0, 1516004.0]","[0.5,0.0,1.0]",263415,8.59134430393759,4.069326804472797,0.0537718852556225,0.0406950154389743,16213.31737359136,2.028886972476329,36.54323245796419,23.867724862440756,-1.0,0.187,49.394733782017155,0.0,0.0,0.0,0.0
[3.06065],[0.0],[0.0],22042,9.853193081796974,9.64491074539616,0.3810624692150246,0.0044921829756096,138554.49972649,12.651465148854411,1.2624097369201592,6.57480394691615,0.212,0.212,11.50243112859568,0.0,0.0,0.0,0.0
[3.86305],[0.0],[0.0],172848,10.308393269976472,6.929766046253119,0.5346598775732766,0.0793819145214424,31229.307873799647,3.4913730154546188,10.2801407232595,14.423613170658818,-1.0,0.697,28.349097077388425,0.0,0.0,0.0,0.0
"[1.4068, -0.177587, 0.0289076]","[0.0, 2745531.0, 2752992.0]","[0.0,0.5,1.0]",156186,24.65325691758483,23.81661928040664,0.31204704768585,0.0065022977066959,74267.10058385218,7.311767617241341,0.6328353877951635,3.983843116843055,-1.0,0.795,4.725180548098273,1.8103251175849004,0.0,0.0,0.0
"[1.5668, 0.000136633, -0.164346]","[0.0, 5463336.0, 5024927.0]","[0.0,1.0,0.5]",369462,10.060207037288952,7.500035935647634,0.0651733850143052,0.3847455481033066,34843.777014915344,3.827855735100276,8.682130193086932,20.76258397320139,-1.0,0.846,25.988917075074024,8.420568762698657,0.0,0.0,0.0
[3.02021],[0.0],[0.0],192311,43.07851138750334,42.198159423855344,0.2397624523771459,0.4962933958375002,32302.093836865995,3.5917068129858274,0.6634514636811882,47.98377582702502,-1.0,0.871,83.38981110233362,0.0,0.0,0.0,0.0
"[1.6445, 6.37673e-06, -0.211648]","[0.0, 15075060.0, 12303240.0]","[0.0,1.0,0.5]",374916,8.899801797328804,7.19066504118517,0.2018769526017851,0.4395115547430548,52823.66377103496,5.450133378987384,6.134829811595497,11.345515156567297,-1.0,1.288,14.549268519382982,5.219528878376604,0.028649908196290295,0.0,0.0
"[2.86407, -2.49793, 0.00146236]","[0.0, 109527.6, 175004.0]","[0.0,0.5,1.0]",116377,9.7182267515262,7.794570975517617,0.1866205079227492,0.1759516942570717,37427.85600384975,4.065875408013996,7.974288599668752,15.113699634487643,-1.0,1.336,35.002043926469874,0.0,0.0,0.0,0.0
"[-0.877207, 2.88103, 0.000917861]","[1791078.0, 0.0, 1901115.0]","[0.5,0.0,1.0]",264487,8.651495999745107,6.485117614613815,0.0259511685852415,0.2798865551050999,45553.34289798016,4.802825257324222,8.177957999703079,5.394001560617774,1.654,1.654,9.155560948295212,5.054628062709045,0.0,0.0,0.0
"[1.8761, -1.77265, -1.7749, 3.5486, 1.2571e-05]","[0.0, 783834.9, 782356.8, 706927.9, 2006012.0]","[0.0,0.5,0.5,0.0,1.0]",389657,33.90536606229842,30.924046972340506,0.4980994662422044,0.375001191095158,112558.45668435132,10.523310030801316,0.2265204315774908,12.413693191460077,-1.0,1.677,17.003134850034527,23.384577706758584,23.381117803814394,0.04401350153567141,0.0
"[3.3264, -1.06589, 0.00297679]","[0.0, 6193008.0, 7843044.0]","[0.0,0.5,1.0]",344023,9.600802241258402,9.087324637616332,0.5754554793130408,0.1348000361970539,33265.86938959724,3.6815034218039777,8.069494047461161,20.67541464086101,-1.0,0.256,37.70869162446685,21.34570100569405,1.1280499406983826,0.0,0.0
[3.89849],[0.0],[0.0],217337,9.853503528161552,6.223491101062861,0.2018683400517084,0.0069663887897086,54554.39425417519,5.602818648480131,6.15561497758052,6.6369690470380895,-1.0,0.454,13.104426053110997,0.0,0.0,0.0,0.0
"[3.00333, -0.569635, 0.0196089]","[0.0, 4939211.0, 5139438.0]","[0.0,0.5,1.0]",116338,9.840794725539478,9.474971040014136,0.2484315290687799,0.6494599448362545,76607.71636273028,7.511605495919221,2.8187309603964144,7.007289352089916,-1.0,0.467,12.143715337501574,5.37895113352276,0.0,0.0,0.0
"[2.85244, -2.58437, 2.09286, -0.426566, 3.74681e-05]","[453746.6, 602328.8, 0.0, 2496117.0, 4335521.0]","[0.0,0.5,0.0,0.5,1.0]",368417,11.013898041261928,10.447621995014565,0.0533941248737688,0.3557130666310697,176099.27985833684,15.67560691522318,0.771203688486085,5.417916688882697,-1.0,0.714,7.837948605113857,9.150410585307863,8.70982979270263,3.538550849477107,0.03316371375298552
"[1.9889, -0.841889, 0.00763921]","[0.0, 4045682.0, 4275567.0]","[0.0,0.5,1.0]",181879,9.145595501978756,6.460191884053616,0.4051196730574914,0.5099858612513153,27945.76947455853,3.1815640518174404,13.545137637915191,10.299994684736902,0.79,0.79,14.525914195898466,9.493490126414285,0.0,0.0,0.0
"[1.76728, 0.000768648, -0.190055]","[0.0, 16482570.0, 15814980.0]","[0.0,1.0,0.5]",223893,10.231894922254767,9.31850049733962,0.3299606696663469,0.0044140954764361,44984.584413821576,4.751744023111598,5.318559449809351,19.373798175195137,-1.0,1.01,25.75534979021174,8.446065031265878,0.5371289023606982,0.0,0.0
"[3.34529, -0.507166, 0.000956423]","[0.0, 24354030.0, 26041170.0]","[0.0,0.5,1.0]",1277,10.638910682468364,7.191254182446596,0.1613283726505768,0.0497801535230914,43010.54409955493,4.573900343203199,6.773214684139298,17.393856902389953,-1.0,1.193,31.813597269514194,12.387137500440254,0.5379239720058324,0.0,0.0
"[1.91395, -0.372032, 0.107942]","[0.0, 2209675.0, 2211568.0]","[0.0,0.5,1.0]",158326,10.08002710185732,8.849484546071142,0.0572364855757438,0.4223143296723679,26435.64278747746,3.037569289899209,10.143247074395669,14.524564484991664,1.628,1.628,20.094093238798354,10.062640917396214,0.0,0.0,0.0
"[8.01278, -4.38484, -5.27295, 3.50715, 0.00182751]","[172117.4, 203419.8, 188423.8, 0.0, 282844.7]","[0.0,0.5,0.5,0.0,1.0]",305398,10.292768707640532,9.510003449955644,0.1887877908034134,0.7939453563687311,141865.53536626435,12.92027305482056,1.1925951576562075,1.0680180977361875,1.725,1.725,2.0001187559293307,4.489793302697026,0.0,0.0,0.0
[3.15862],[0.0],[0.0],102126,10.41475258956661,8.435003340896506,0.1129570172914415,0.4410443426450341,56246.860416392505,5.751653615169992,4.365771104200072,4.6229361362279136,1.876,1.876,8.216116418291017,0.0,0.0,0.0,0.0
"[-0.426492, 2.36122]","[12286010.0, 0.0]","[0.5,0.0]",325795,9.205301224719266,3.175059217952879,0.2894207422922897,0.5487700388633534,62981.34579250311,6.339614260591897,9.924517287012824,6.531023867504351,-1.0,2.086,4.265173630354008,10.035742220754566,0.0,0.0,0.0
"[2.60536, -2.32737, 6.49158e-05]","[0.0, 8500070.0, 13373700.0]","[0.0,0.5,1.0]",264120,9.704504305385894,9.016129956794796,0.1452448488942905,0.386646095704423,66261.07380768745,6.623703749462189,3.5717427371928285,3.556026070169743,0.68,0.68,5.739827052556262,5.42497388878608,0.028651023641388083,0.0,0.0
"[3.20249, -0.270451, 2.67565e-05]","[0.0, 3806301.0, 5360764.0]","[0.0,0.5,1.0]",261428,9.79373278368347,6.783702786283341,0.3312674697266135,0.0145040596186779,91467.00998282344,8.768335290759046,2.988362747780372,2.97183202187966,-1.0,0.887,5.318242656942416,1.5454983785766685,0.015372302056097057,0.0,0.0
"[2.28265, -2.7754, 0.00307987]","[0.0, 336671.9, 417812.9]","[0.0,0.5,1.0]",131115,9.449553127951742,8.547193358379108,0.4776518163021384,0.0787297487429777,39965.6421011492,4.297798953333748,7.004561205582206,4.610765907926539,-1.0,1.136,10.372819342570763,0.0,0.0,0.0,0.0
[4.10027],[0.0],[0.0],21392,10.7062392860769,7.471550785263611,0.4256285558326586,0.1094968637260564,59214.457603353614,6.011551205765028,4.447875980966392,14.008970606891044,-1.0,1.197,28.366937505570423,0.0,0.0,0.0,0.0
"[2.31754, -1.14667, 1.76766e-05]","[0.0, 11658770.0, 14970320.0]","[0.0,0.5,1.0]",286829,10.514063053480823,9.777560665752876,0.4330439275403133,0.1760283094830801,83601.94735760092,8.105573284786269,2.3225720942019987,5.590963849197462,-1.0,1.415,8.51138632969972,5.9869538346196505,0.02350639617188112,0.0,0.0
"[1.89016, -0.458863, 5.67999e-05]","[0.0, 17303980.0, 20644000.0]","[0.0,0.5,1.0]",202452,10.3167635429224,7.732439153921414,0.5348394324486968,0.5114055861410585,82796.76819984445,8.037426547431062,2.9147070310016145,6.679603548562933,-1.0,1.453,9.183325349581295,4.5247251843171385,0.05034130531518821,0.0,0.0
"[3.5345, -0.0888896]","[0.0, 6953011.0]","[0.0,0.5]",300104,9.96651553051544,9.619667720168763,0.3138811766217355,0.6394250588935604,64869.00425861481,6.503291279708673,3.398106860866465,4.01668707056736,1.894,1.894,7.551478518694818,1.197549501387013,0.0,0.0,0.0
[3.37532],[0.0],[0.0],34053,9.986362827182448,5.138952890169329,0.1255469923984115,0.8089128757847748,45888.17428497202,4.832865022388536,8.861892646625224,4.28109564697282,-1.0,0.242,7.865247750841534,0.0,0.0,0.0,0.0
"[-0.857246, 2.66587, 1.18695e-05]","[5220032.0, 0.0, 9310188.0]","[0.5,0.0,1.0]",25193,8.03290346439854,4.80351517891017,0.2800589147006903,0.0372771224832944,27918.39399160508,3.178962759271073,19.45265707512072,15.591470596871494,-1.0,0.996,25.456961382115274,14.435765337098536,0.0537159538992012,0.0,0.0
"[1.59467, -0.341153, 0.0568968]","[0.0, 831935.6, 834538.4]","[0.0,0.5,1.0]",255428,9.166546745097373,8.125141258781214,0.2481719907694567,0.0092639023115673,36746.015551099175,4.003261559826705,8.245126004766197,7.02897959382247,-1.0,1.131,8.876212574915128,4.434666728209012,0.0,0.0,0.0
"[1.66477, -0.174874, 0.0223459]","[0.0, 6762717.0, 6783324.0]","[0.0,0.5,1.0]",370738,10.57951058883094,8.21055845357324,0.6982929032990802,0.6388108019007116,116962.1963680696,10.886242244066324,1.7183320035326477,3.398479415776434,-1.0,1.243,4.384920908392349,1.5092459215188572,0.0,0.0,0.0
"[1.82546, -0.6439, 0.000210299]","[0.0, 14198930.0, 16484170.0]","[0.0,0.5,1.0]",114780,9.381047942130271,8.909363344145433,0.2062007706624699,0.3193902101795143,50915.19325414246,5.28117163565001,5.124115214888421,10.342456890704517,-1.0,1.283,13.973650599576155,8.299136962346312,0.14998309908294125,0.0,0.0
[3.89552],[0.0],[0.0],157853,10.366305253708369,10.051268092448463,0.1584589111696874,0.1282869792639478,96351.61337564576,9.17748130434041,1.907507229825568,5.015522070987811,1.648,1.648,9.899171881811084,0.0,0.0,0.0,0.0
"[3.78483, 2.16226e-05, -0.107548]","[0.0, 64678240.0, 60247810.0]","[0.0,1.0,0.5]",243321,10.394930544018695,10.099020075937396,0.3533490937678569,0.5285820422322098,77941.57922803849,7.625241038536162,2.497655427290076,7.614015908169159,-1.0,1.7,14.812793501740014,2.4969793405823753,0.035405255844030724,0.0,0.0
[3.67415],[0.0],[0.0],153439,24.59653990072559,24.29227083706408,0.1967950273859918,0.3422744253114544,98798.54374005168,9.381787074506772,0.4305110999682474,16.893663587143514,2.552,2.552,32.38189669460029,0.0,0.0,0.0,0.0
[3.41066],[0.0],[0.0],243948,8.192981545885269,6.52421779376375,0.1764363811129314,0.3769705128672443,50401.47372869476,5.235579427961353,7.543162457116031,12.35632601689683,-1.0,0.412,22.81962863175821,0.0,0.0,0.0,0.0
"[1.76766, -1.75326, 0.00284825]","[0.0, 4002318.0, 4720690.0]","[0.0,0.5,1.0]",391756,10.12465665758976,9.16617565501504,0.5682131893178549,0.1828070627679539,44433.0442991501,4.702142004143991,5.519020208368922,10.289244538467264,-1.0,0.587,13.679897905345875,13.62406325348661,0.5491266762535096,0.0,0.0
"[3.26193, -1.75698, 5.37461e-05]","[0.0, 2067355.0, 4461869.0]","[0.0,0.5,1.0]",188864,3.959811698379117,3.691481933068773,0.2775771428743937,0.3294759151751429,31179.08505992158,3.486665797471112,38.38901743556678,5.5505483592021605,-1.0,0.757,12.434917838990435,0.0,0.0,0.0,0.0
"[1.96523, -0.301154, 6.99534e-05]","[0.0, 8590831.0, 10865920.0]","[0.0,0.5,1.0]",131374,10.116287290580456,9.196891308000115,0.2586266412492547,0.0165036871338905,29360.277202026005,3.315551418049628,8.762043570947984,28.864595998528124,-1.0,0.912,40.46431342143901,15.840168652655322,0.2414181386446276,0.0,0.0
"[-1.80903, 1.62269, 6.49676, -4.39759, 0.00118018]","[3108745.0, 0.0, 2957558.0, 2976149.0, 3763658.0]","[0.5,0.0,0.0,0.5,1.0]",123617,9.614752985435016,7.920361140276061,0.3224967856329933,0.2980288726264734,188714.8294698356,16.681518405201423,0.9880919122055872,2.4405767668197256,1.038,1.038,3.1089250526359455,8.055511731862488,3.282580287757439,0.0838429591634582,0.0
"[2.34429, -0.984251, 6.84067, -6.05627, 1.33137e-05]","[0.0, 1951798.0, 795030.9, 811079.3, 5740425.0]","[0.0,0.5,0.0,0.5,1.0]",132425,11.96788532593207,10.117821747169575,0.3807320673331456,0.557914804597723,46327.88432572707,4.872278681415656,4.213390903961984,8.268457980300724,-1.0,1.109,12.659897550343876,29.693942511273665,8.203089614943087,0.030169902525390754,0.0
"[2.40249, -0.265001, 0.0429991]","[0.0, 22181770.0, 22237530.0]","[0.0,0.5,1.0]",215063,35.79299302759832,32.89104957454517,0.1586226960385323,0.4847564003350632,20954.823442061264,2.5052738098887044,1.4948001920919065,63.5395519986532,1.232,1.232,98.48610063140241,35.26302598373897,0.0,0.0,0.0
"[1.80525, -0.35811, 8.42234e-05]","[0.0, 99400090.0, 101239700.0]","[0.0,0.5,1.0]",155215,9.883818354805172,8.87071205170163,0.0083208976887822,0.5248128582782582,69059.82958139371,6.865074382445268,3.3860312386815767,12.737568100785214,1.302,1.302,17.11414454875689,7.62245279042448,0.11689687562328831,0.0,0.0
"[-1.51906, 5.11879]","[7840083.0, 0.0]","[0.5,0.0]",293865,9.092728091498044,7.316134156228509,0.3527096581034292,0.1012082649250626,94200.8432291276,8.997547478993965,2.861572078706168,7.441053527691921,-1.0,1.669,9.171109792934455,16.83519244013031,0.0,0.0,0.0
"[1.9435, -0.385985, 5.46704e-05]","[0.0, 4025852.0, 4874390.0]","[0.0,0.5,1.0]",9397,9.141617480200344,6.343534411516166,0.2741720895873791,0.3976301749951321,97829.34808343092,9.300915064591807,3.0633831885083667,6.246432531089002,-1.0,2.265,8.708118412535866,3.880764306972538,0.046185769008177516,0.0,0.0
[3.26967],[0.0],[0.0],151887,9.391083381754422,9.162483695283791,0.5967703294977164,0.0787710177669911,82601.95931454457,8.02092998617102,2.735509525119271,10.411992266896664,-1.0,0.442,18.827202690154646,0.0,0.0,0.0,0.0
"[-4.1646, 6.41757, 8.95606e-06]","[3627377.0, 0.0, 11082940.0]","[0.5,0.0,1.0]",385703,10.783648747683378,6.322622177885467,0.0992287826326575,0.4764684442564265,30100.69542333473,3.3853630432144293,11.179518214573466,9.12814039923018,-1.0,0.558,23.124248007858835,18.628117073198858,0.027317490990843893,0.0,0.0
"[-2.82527, 2.15527, 0.00203739]","[2077679.0, 0.0, 2874487.0]","[0.5,0.0,1.0]",367931,10.688716850743075,4.272020532482808,0.5774814861008286,0.1146493449624625,6866.331326419431,1.0095871090789286,58.60808876082376,36.54041023634463,-1.0,0.666,81.56436234531527,0.0,0.0,0.0,0.0
"[-2.6716, 4.34755, 0.000594905]","[3827206.0, 0.0, 5938687.0]","[0.5,0.0,1.0]",140394,10.518160026946568,9.765622050904115,0.714314061592585,0.0048165854388053,32391.412987581563,3.6000422722174807,7.252990546934512,17.834310675957024,-1.0,0.683,37.18592769765413,29.150233991766854,0.4349908656914048,0.0,0.0
[3.1696],[0.0],[0.0],278711,9.951768688982764,9.901865155446911,0.028476734940231,0.5073398021423454,43616.3762329575,4.628573212648426,5.362603815364957,8.095849357609548,-1.0,0.78,14.413340536190095,0.0,0.0,0.0,0.0
"[4.50447, -0.564742, 0.000218852]","[0.0, 7061780.0, 9661386.0]","[0.0,0.5,1.0]",274339,10.486815715675869,8.365406792235955,0.534204445147073,0.5632922608856509,94886.92035846096,9.054981611711678,2.251117722346213,3.8371219393643368,-1.0,0.784,8.143806577107277,2.883570969316306,0.056765028561400546,0.0,0.0
"[3.97163, -0.85453, 0.000477501]","[0.0, 48934070.0, 51835750.0]","[0.0,0.5,1.0]",224846,10.184287978945951,10.175924953750489,0.0847662684713259,0.36229672726146,55709.08254096436,5.704411318651363,3.8417754558334014,9.584377183633274,-1.0,0.93,19.1006562106864,8.859874163553295,0.20943585754211877,0.0,0.0
"[5.55076, 193.214, -4.54472, 1800.31, 0.130857]","[0.0, 50170.57, 86304.91, 50129.3, 106297.2]","[0.0,0.0,0.5,0.0,1.0]",153906,9.21469337731754,9.173757026271652,0.4463853974793368,0.1580047269018603,32175.980357711065,3.579933022634933,8.592085058689856,12.127263583161003,1.088,1.088,542.8559735797793,0.0,0.0,0.0,0.0
"[3.14238, -0.0936778, 9.95356e-05]","[0.0, 17933500.0, 19138510.0]","[0.0,0.5,1.0]",56936,10.386947960674334,9.016368237136849,0.5003874336312697,0.3885479902524741,60372.37530478328,6.1126072139296825,3.79112296581638,7.306975972672044,-1.0,1.192,12.952900525120535,2.236433663187274,0.07289989430137779,0.0,0.0
[3.08837],[0.0],[0.0],345328,9.38574587343028,9.36154777124795,0.4888571226833816,0.0827585401042553,35834.49153905127,3.919345423254167,7.385179759255384,19.474609278665117,-1.0,1.413,34.22420870958774,0.0,0.0,0.0,0.0
"[1.82999, -0.31613, 0.000998021]","[0.0, 694340.6, 746355.9]","[0.0,0.5,1.0]",47869,9.403649282559392,5.637999256914386,0.1176973288105547,0.1390410665056706,55377.52182798049,5.675261511241003,6.838173108684589,11.202245835071745,-1.0,1.523,15.154075874108985,6.3084462603524365,0.0,0.0,0.0
"[1.70263, -0.371843]","[0.0, 15412130.0]","[0.0,0.5]",197148,9.535440998280754,7.610053108168007,0.0864817943464316,0.0997759203940647,47240.75379958003,4.953976318190947,6.314707173566655,3.204873636261074,-1.0,2.17,4.181875038424313,1.954297676485966,0.0,0.0,0.0
"[-0.930328, 2.85771, 0.00493587]","[5671915.0, 0.0, 6812027.0]","[0.5,0.0,1.0]",356712,8.405808833329493,6.972780141145812,0.0102423314599807,0.1020712268157786,79470.0180626009,7.755238845627295,3.9650640663077152,8.432668267747706,-1.0,0.151,14.255225550940029,8.133604709547726,0.5924434091623203,0.0,0.0
"[-0.529437, 2.31967, 0.0398529]","[1013946.0, 0.0, 1035427.0]","[0.5,0.0,1.0]",247663,9.85702717095976,7.73328563603082,0.121629446906009,0.3305454670827764,44174.26904296605,4.678846656728712,6.560311623311406,8.05390849149515,-1.0,0.413,12.266475444050737,6.076778832867675,0.0,0.0,0.0
"[2.24883, -0.565016, 0.0178669]","[0.0, 2217748.0, 2289869.0]","[0.0,0.5,1.0]",107974,8.265839200010438,8.209441697118436,0.1283516686530883,0.4654694470997268,136741.53789403697,12.504082627258672,1.701944575752101,1.2790636765367926,-1.0,0.462,1.9180966151059449,0.9765237790342445,0.0,0.0,0.0
"[1.42302, 0.00117815, -0.144356]","[0.0, 5567802.0, 5362262.0]","[0.0,1.0,0.5]",214042,10.230419566279624,9.225931239510963,0.4333218498048932,0.4503263740139114,30841.103191125225,3.454963205949131,8.211455146199041,13.693612771257856,-1.0,0.598,16.335165717806596,5.223967898962592,0.0,0.0,0.0
"[-0.658003, 2.53808, 0.000598804]","[752415.6, 0.0, 996962.7]","[0.5,0.0,1.0]",223021,8.082680614702555,7.863534648203679,0.5628944659785164,0.3473145080889854,107683.5206043712,10.120240027673011,2.4844632228292416,4.057291111444091,-1.0,0.954,6.4638135849199125,3.2911684141182462,0.09928382854650088,0.0,0.0
"[2.92614, -0.384716, 5.97812e-05]","[0.0, 15572690.0, 16648820.0]","[0.0,0.5,1.0]",167916,10.131591034464227,9.515690286550246,0.4099918897322202,0.4327100550558794,102023.52556024492,9.650422477978896,1.886897617091306,8.552367984294651,0.961,0.961,14.629649776185127,5.304647176953622,0.06612545803496958,0.0,0.0
"[14.7003, -3.39273]","[0.0, 3602515.0]","[0.0,0.5]",373170,8.97129120038618,8.296834082671895,0.6168266943139115,0.5941246227404013,121122.48637224577,11.22813990443633,1.8596186647799504,5.361883806918909,1.058,1.058,20.557982754521568,9.876249390790825,0.0,0.0,0.0
"[-1.77169, 2.01807]","[13001830.0, 0.0]","[0.5,0.0]",195024,28.665572878789497,27.414786905534488,0.3109934501447844,0.2575059287116947,57571.62451873539,5.867838947138475,0.6822362372119369,33.75273224929936,-1.0,1.728,44.92652224485416,47.94872324356989,0.0,0.0,0.0
"[3.41599, -3.28632, 3.13599e-05]","[0.0, 66761720.0, 75537590.0]","[0.0,0.5,1.0]",148623,10.294827345709251,6.467165307719627,0.3678357906048568,0.2912935067681121,62845.81310928038,6.327844239136253,4.832724005906631,6.460526065469964,-1.0,2.07,11.940600776912719,11.711777361660037,0.03617888828331737,0.0,0.0
"[1.65697, -3.62137, 1.85795]","[0.0, 4381265000.0, 4385581000.0]","[0.0,0.5,1.0]",80572,9.371834633068644,6.285200592874516,0.3021409707185238,0.1506282365647912,88368.20625939096,8.507818965423619,3.45940519718322,8.236276350442608,-1.0,0.564,10.602010566341733,15.673549497718746,11.226591521746583,0.0,0.0
"[3.34711, 2.5775e-05, -0.0809169]","[0.0, 52236990.0, 48718480.0]","[0.0,1.0,0.5]",379285,9.469365238146525,7.471174617181567,0.0851954812318282,0.3466738241492056,109528.47562777456,10.272951276543818,2.2262817912717345,0.2368500419721417,-1.0,0.682,0.4333197248301803,0.06737411664687462,0.001202465993241115,0.0,0.0
"[3.88804, -0.149766, 0.000146904]","[0.0, 47363590.0, 52000040.0]","[0.0,0.5,1.0]",132539,9.070795080598272,8.790922852467268,0.4433064723295845,0.3637978482251459,64794.40965098791,6.496831840374352,3.9677273892117615,11.440435628259856,-1.0,0.963,22.558380820779593,4.427404245140753,0.13866261060608073,0.0,0.0
"[4.2793, -0.197598]","[0.0, 24925160.0]","[0.0,0.5]",327592,11.646353907506697,9.239884230599772,0.123626253433506,0.0358456777764048,42481.71801414189,4.526108117438145,5.149615336661113,8.148182136580868,-1.0,1.254,16.855711723618832,3.622029644732453,0.0,0.0,0.0
[3.82001],[0.0],[0.0],18255,10.008053144231353,9.576621821719533,0.1869065525766967,0.3038134512959443,40563.730908360034,4.352211228052437,5.968954904324416,7.4470671577057,-1.0,1.303,14.55517797652642,0.0,0.0,0.0,0.0
"[-0.548848, 3.30515, 0.000637581]","[2878730.0, 0.0, 3575888.0]","[0.5,0.0,1.0]",328131,10.23613653569469,9.655795160218872,0.1009018929048758,0.6175178020491714,62576.73696914413,6.304469770079541,3.464952103258288,10.925476560481837,-1.0,1.305,19.86259451177224,8.094060245923554,0.2758722855254369,0.0,0.0
"[2.25607, -2.31793, 3.43201, -0.399187, 2.82526e-05]","[0.0, 9437550.0, 7975975.0, 18475310.0, 23449070.0]","[0.0,0.5,0.0,0.5,1.0]",244663,9.741317479818012,7.98411303678431,0.1417490168984658,0.0676673973781364,72672.59147481971,7.175302836385713,3.512030921617219,2.0466481005248047,-1.0,1.369,3.0741104129625265,3.7915557755489737,3.1159704824082777,1.2930977960715095,0.010878584440840583
"[-1.46459, 2.85274, 2.50055, -1.49856, 0.0150902]","[67333.75, 21588.4, 0.0, 66141.71, 101441.0]","[0.5,0.0,0.0,0.5,1.0]",226993,9.579759807622986,9.46624774182846,0.0853264786425418,0.4283733477489846,19137.1547484909,2.324709309380069,13.820472420763188,39.251161978700246,-1.0,0.297,113.29608540565893,0.0,0.0,0.0,0.0
"[-7.65991, 3.18298, 0.0219282]","[1172189.0, 0.0, 1524551.0]","[0.5,0.0,1.0]",289249,9.665951613001228,9.382831831414126,0.3837024927572529,0.0903031747181738,72993.96562990789,7.2028293185560806,3.0677120858943425,6.928083053665724,0.437,0.437,12.360329271378586,19.17453844832524,1.0259225531823795,0.0,0.0
"[-0.449896, 5.73526, 0.000473109]","[7842491.0, 0.0, 9636831.0]","[0.5,0.0,1.0]",185195,9.807541710836851,9.074341208905256,0.2022075102696801,0.1924764598261066,115652.2968569348,10.77840041048272,1.705582890245752,5.463487753497207,-1.0,0.857,13.084180579334479,3.664595465537675,0.11883669877506509,0.0,0.0
[5.23209],[0.0],[0.0],230445,10.354104688797491,8.840685278990744,0.4213348748999664,0.948445846665333,24100.39334705768,2.8127693948458,10.92543148741015,6.084352895352314,-1.0,0.91,13.917204164394034,0.0,0.0,0.0,0.0
"[-0.519988, 4.56908, 2.94823e-06]","[3645575.0, 0.0, 7493953.0]","[0.5,0.0,1.0]",20173,9.454198484385058,7.754032879395465,0.4138444904261991,0.6833918365040413,26868.75869268544,3.078973375019862,11.754887148412555,3.008133660420598,-1.0,1.215,6.430007958389854,2.1691710018897528,0.005165089007398416,0.0,0.0
"[1.75189, -0.423871, 0.000180748]","[0.0, 15861900.0, 17362460.0]","[0.0,0.5,1.0]",400606,9.697766710313791,9.268423575413362,0.3770147947880251,0.1669648786277136,41735.675949670265,4.458572708102191,6.093883112983051,21.11218846665385,-1.0,1.469,27.943877639809497,13.74516970882143,0.28383765123862104,0.0,0.0
"[1.89184, -1.04344, 0.0650096]","[0.0, 2413915.0, 2521428.0]","[0.0,0.5,1.0]",29219,32.205820673521124,23.94602807471773,0.0026013780790004,0.1421511196631017,59830.73042848105,6.065359588787637,0.6633965911537713,29.052030167165725,0.654,0.654,39.95937513346097,29.67633241286349,7.407390383298938,0.0,0.0
"[1.78202, -0.482661, 1.53313e-05]","[0.0, 8644562.0, 12433190.0]","[0.0,0.5,1.0]",275028,8.86291915735631,8.79271481482393,0.4056408252460579,0.3653955457807165,50912.87725724668,5.280966152085299,5.431595652356677,8.39256044491334,-1.0,0.692,11.203423802810113,5.830631330978455,0.03286124162727316,0.0,0.0
"[2.09832, 0.794529, -1.01753]","[0.0, 22034300.0, 22034170.0]","[0.0,1.0,0.5]",182034,9.338346325336197,8.092112540661521,0.5369977701754504,0.6022604016507686,22868.973616103016,2.6930813691857,13.515530979347249,18.460714244264377,-1.0,1.434,26.741413524107582,24.850473425273993,0.0,0.0,0.0
"[2.77711, -0.746673, 0.00012416]","[0.0, 13540400.0, 17376220.0]","[0.0,0.5,1.0]",227528,10.910415982466752,10.301558786613256,0.7464155134399121,0.1129158040831488,35007.56036990835,3.843001590233544,6.174976135131485,14.269106319084411,2.266,2.266,23.778985115686925,12.329969365548013,0.15899652254450333,0.0,0.0
[3.0647],[0.0],[0.0],179007,9.926175518874894,7.726657596873165,0.0867920156233492,0.274830855059358,154039.99940178703,13.90490265504335,1.3071521390178622,2.605360265549193,-1.0,2.795,4.561017825731266,0.0,0.0,0.0,0.0
"[2.61742, -1.51231, 0.0489737]","[0.0, 1795614.0, 1879415.0]","[0.0,0.5,1.0]",200675,9.251049314834386,5.629006699082718,0.7265751594209581,0.2487501286561166,21957.22413565904,2.6039050621244297,19.37909005327132,24.34193259223152,0.306,0.306,39.38145554839776,30.41557059763633,0.0,0.0,0.0
"[-1.00562, 9.16249, 0.000185952]","[1030586.0, 0.0, 2186569.0]","[0.5,0.0,1.0]",170448,10.33143826298834,8.61325560100503,0.425871098263017,0.5068985077812465,51277.6874859916,5.313313761823009,4.82816730985664,8.782454946681657,-1.0,0.389,26.584144407315314,8.807099068602422,0.1197612602510385,0.0,0.0
"[-1.09384, 4.25052, 0.0818551]","[2864768.0, 0.0, 2941814.0]","[0.5,0.0,1.0]",318979,10.653385080495314,5.993745052513319,0.4740862844528755,0.2251328349585252,28357.420183043872,3.220643153260489,12.608778973857907,9.29443878598325,-1.0,0.506,19.16214858778046,10.077911158933084,0.0,0.0,0.0
"[1.64646, -0.165253, 0.000212604]","[0.0, 8460996.0, 9190506.0]","[0.0,0.5,1.0]",84771,9.121068440932348,7.434236021114316,0.2061511005759257,0.1582959975585119,40225.88466319188,4.3214861400818405,8.054136069574518,9.39377961098834,-1.0,0.711,12.053577345297073,3.818695620339678,0.13697019767135954,0.0,0.0
"[2.95152, -1.98287, -2.69684, 5.19091, 0.000509923]","[0.0, 29344030.0, 27211010.0, 22934700.0, 43893850.0]","[0.0,0.5,0.5,0.0,1.0]",343945,10.514486311803688,6.246045190569949,0.3187961515765646,0.6663579294270336,14133.492417022711,1.813557988996624,24.153856730025467,49.733674350370286,-1.0,0.781,85.44239463674033,113.3110583309892,81.67293014590554,70.03218352725682,1.1230597094919614
[3.04148],[0.0],[0.0],371341,10.139271690747524,5.550973688271737,0.328982084781112,0.1129160348368392,35602.265149973726,3.897926887522728,10.944359306863786,7.760165237713873,-1.0,1.07,13.533603584190649,0.0,0.0,0.0,0.0
"[-0.2632, 1.71331, 0.00141449]","[281352.9, 0.0, 313920.8]","[0.5,0.0,1.0]",295986,10.192555775440116,10.094279480505106,0.2994627582343904,0.0229950143634538,136959.06524612926,12.52177371466236,1.2005136333591753,2.997309963573951,-1.0,1.527,3.9232829620311063,1.5418370176925336,0.0,0.0,0.0
