# num_image x_src y_src, sep, ein, fr, zs, fs, flag_out, frac_sh_trunc
# x_img, y_img, mag, delay, n_i, kappa, gamma1, gamma2, kappa*
# zmin, zmax, log10Mhmin, log10Mhmax, log10mshmin, log10mshmax, n_bins: 0.10, 3.00, 10.00, 16.00, 9.00, 16.00, 100
3 -4.481667e-01  2.754578e-01  1.260244e+00  3.590518e-01  2.057235e-01  1.136730e+01 6 1 -1.000000e+00
-8.581616e-01  5.593129e-01  1.533799e+00  0.000000e+00  0.000000e+00  1.594709e-01 -1.592666e-01  1.707265e-01  1.104369e-02
 1.572563e-01 -1.871056e-01 -3.155385e-01  3.618698e+01  5.000000e-01  9.197696e-01 -2.346623e-01  1.766509e+00  6.695945e-01
 1.021730e-02 -1.476380e-02  2.476587e-03  3.825152e+01  1.000000e+00  2.391708e+01  8.230255e+00  7.326259e+00  2.348333e+01
1 -2.934957e+00  6.326445e-01  0.000000e+00  5.164107e+00  0.000000e+00  6.921740e+00 0 2 -1.000000e+00
-6.616887e+00  2.963822e+00  5.859222e+00  0.000000e+00  0.000000e+00  4.995186e-01 -1.797699e-01  2.179295e-01  2.784424e-03
1  4.013750e+00 -3.140906e+00  0.000000e+00  5.689236e+00  0.000000e+00  1.308520e+01 0 2 -1.000000e+00
 8.520913e+00 -5.178136e+00  3.447736e+00  0.000000e+00  0.000000e+00  3.236829e-01 -5.899828e-02  4.048193e-01  2.302135e-03
1 -7.401999e-01  2.752835e+00  0.000000e+00  3.215458e+00  0.000000e+00  1.371990e+01 0 2 -1.000000e+00
-5.501134e+00  4.187725e+00  3.430475e+00  0.000000e+00  0.000000e+00  3.882175e-01  9.097314e-02  2.729411e-01  3.862719e-04
1  1.212916e+00  7.572576e+00  0.000000e+00  1.606794e+00  0.000000e+00  1.783240e+01 0 2  2.742143e-01
-9.229838e-01  5.653740e+00  3.540277e+00  0.000000e+00  0.000000e+00  2.613794e-01  4.902718e-01 -1.507655e-01  2.330021e-05
1 -2.580285e-01  3.814202e+00  0.000000e+00  9.183779e-01  0.000000e+00  1.394900e+01 0 2  3.087978e-01
 3.551913e-02 -1.526903e+00  3.901359e+00  0.000000e+00  0.000000e+00  3.357188e-01  4.285438e-01  3.603854e-02  8.019565e-03
5  1.292617e-01  8.644064e-02  8.735855e-01  3.598493e-01  1.000000e+00  7.604720e+00 6 1 -1.000000e+00
 4.801422e-01 -2.014047e-01  2.526428e+00  0.000000e+00  0.000000e+00  3.050681e-01 -2.948183e-01  1.402400e-02  6.327570e-02
-1.292996e-01 -1.020225e-01 -4.919557e-01  1.204995e+01  5.000000e-01  1.418645e+00 -3.909507e-01 -1.433571e+00  9.823124e-01
 2.905009e-01  2.980833e-01 -2.959371e+00  2.075379e+00  5.000000e-01  4.994837e-01 -6.459987e-02 -7.643644e-01  1.933462e-01
-4.370796e-02  4.976895e-01  2.983637e+00  1.145528e+00  0.000000e+00  3.332441e-01  2.969833e-01 -1.456123e-01  9.300918e-02
-1.736600e-02 -1.356995e-02  3.043144e-02  1.269996e+01  1.000000e+00  7.560277e+00 -5.378300e-01 -3.144394e+00  6.845399e+00
3  1.824568e-01  2.365203e-01  6.608442e-01  2.726751e-01  1.166938e-01  8.095180e+00 6 1 -1.000000e+00
 3.955643e-01  4.076389e-01  2.194975e+00  0.000000e+00  0.000000e+00  2.348752e-01  1.505938e-02 -3.600043e-01  3.678719e-02
-4.454889e-02 -8.532702e-02 -2.561400e-01  3.373968e+01  5.000000e-01  2.363630e+00  1.224544e+00 -2.064968e+00  1.987423e+00
-1.540941e-02 -3.006502e-02  4.254215e-02  3.390486e+01  1.000000e+00  7.463016e+00  2.739578e+00 -3.280120e+00  6.980764e+00
2 -9.440138e-02  3.501187e-01  1.429728e+00  9.289451e-01  1.161654e-01  1.443970e+01 6 3 -1.000000e+00
-7.178002e-01  7.974721e-01  4.276523e+00  0.000000e+00  0.000000e+00  3.922852e-01  1.642984e-01  3.293760e-01  1.350243e-03
 6.515410e-02 -3.988157e-01 -4.967841e-01  1.254044e+02  5.000000e-01  6.988473e-01  1.388028e+00  4.207367e-01  1.725113e-02
3 -1.495801e-01 -3.931448e-01  1.243871e+00  5.701460e-01  7.478737e-02  1.344360e+01 6 2 -1.000000e+00
-5.255135e-01 -7.456050e-01  3.412895e+00  0.000000e+00  0.000000e+00  2.853099e-01  2.464166e-01 -3.963009e-01  1.513384e-02
 1.158343e-01  3.201760e-01 -2.552414e-01  7.484739e+01  5.000000e-01  6.819411e-01  1.612082e+00 -1.191727e+00  2.208229e-01
 3.314261e-04  7.280137e-04  3.584432e-06  1.100062e+02  1.000000e+00  5.573932e+02  9.590858e+01 -1.462556e+02  5.557120e+02
5  7.008492e-02  3.948289e-03  1.433223e+00  6.703812e-01  1.000000e+00  1.396610e+01 6 1 -1.000000e+00
 1.032628e-01 -7.169044e-01  1.800423e+00  1.536362e+00  0.000000e+00  2.355009e-01  1.518635e-01  7.727447e-02  1.815454e-02
-4.100284e-01  2.268437e-02 -5.360886e-01  3.193964e+01  5.000000e-01  6.571134e-01 -1.406357e+00  7.137138e-02  1.452728e-01
 4.941283e-01 -4.073029e-02 -9.170333e-01  1.882987e+01  5.000000e-01  5.666849e-01 -1.125743e+00  1.045827e-01  9.018187e-02
 1.261904e-01  7.161353e-01  1.795255e+00  0.000000e+00  0.000000e+00  2.280156e-01  1.309822e-01 -1.475797e-01  1.490438e-02
-3.005988e-04  2.158854e-05  1.834716e-05  7.287236e+01  1.000000e+00  2.419840e+02 -5.091471e+01  3.125128e+01  2.400411e+02
3  1.957898e+00 -2.365026e+00  3.724329e+00  2.455102e+00  1.158492e-01  3.512150e+00 6 3  2.829025e-01
 3.220103e+00  2.837381e-01  5.477478e+00  0.000000e+00  0.000000e+00  4.374449e-01 -3.581670e-01 -7.495898e-02  3.030350e-03
-4.938744e-01  6.256953e-03 -6.345613e-01  4.517245e+02  5.000000e-01  2.357311e+00 -1.848287e+00 -4.495713e-02  3.927186e-01
-1.306166e-01  6.174450e-03  5.558160e-02  4.536292e+02  1.000000e+00  7.264346e+00 -4.599421e+00  3.095092e-01  3.835576e+00
1  1.738306e+00 -4.976875e-01  0.000000e+00  4.172614e-01  0.000000e+00  1.447230e+01 0 2  2.776997e-01
 1.091981e+00 -7.633793e-01  4.833570e+00  0.000000e+00  0.000000e+00  3.370796e-01 -4.168824e-01  2.424584e-01  9.343165e-04
1 -2.475402e+00 -2.116540e+00  0.000000e+00  2.415656e+00  0.000000e+00  1.397960e+01 0 2 -1.000000e+00
-2.210281e+00 -5.453444e+00  3.561172e+00  0.000000e+00  0.000000e+00  3.833335e-01  1.212362e-02 -3.151575e-01  6.032514e-05
3 -8.932947e-02  9.282631e-01  3.708240e+00  1.020799e+00  8.053179e-01  1.376040e+01 6 1 -1.000000e+00
-2.141721e+00  1.046887e+00  2.140372e+00  0.000000e+00  0.000000e+00  2.711870e-01  2.074095e-01  1.447111e-01  2.342067e-02
 1.564776e+00  1.160569e+00  2.940700e+00  1.179995e+01  0.000000e+00  2.930380e-01  2.841267e-01 -2.810910e-01  2.076858e-02
 8.974985e-02  1.552201e+00 -2.368199e+00  1.649498e+01  5.000000e-01  4.701106e-01  8.304133e-01 -1.160103e-01  9.246303e-02
3 -3.763966e-01  1.648263e-01  1.593752e+00  6.945151e-01  2.053989e-01  1.611110e+01 6 3 -1.000000e+00
 4.062516e-01 -2.236951e-01 -6.337246e-01  1.277848e+02  5.000000e-01  6.248168e-01 -7.454332e-01  1.078455e+00  1.199564e-01
-1.089969e+00  3.252787e-01  3.085335e+00  0.000000e+00  0.000000e+00  3.251025e-01 -2.842842e-01  2.248452e-01  8.327281e-03
 1.326164e-03 -8.395839e-04  2.116994e-05  1.831632e+02  1.000000e+00  2.232792e+02  8.570229e+00  4.580157e+01  2.214867e+02
3 -2.626121e-01  1.571501e+00  2.480131e+00  1.159378e+00  9.718793e-01  1.614510e+01 6 1  2.724882e-01
-1.782797e+00 -1.868144e-01  2.655512e+00  0.000000e+00  0.000000e+00  3.532242e-01 -1.508566e-01 -1.377898e-01  3.625572e-03
 5.425548e-01  6.756177e-01 -2.732348e+00  2.147209e+02  5.000000e-01  6.445421e-01  2.795670e-01 -6.435668e-01  2.630076e-02
 1.505925e-03  5.771859e-04  3.953591e-05  3.303738e+02  1.000000e+00  1.609682e+02 -1.546998e+01 -7.553454e+00  1.567600e+02
3 -1.788343e-01  1.175293e-01  5.662872e-01  2.853332e-01  1.296646e-01  1.461880e+01 6 1 -1.000000e+00
-3.342598e-01  3.260086e-01  2.077056e+00  0.000000e+00  0.000000e+00  2.606939e-01 -5.845484e-02  2.484067e-01  1.757262e-02
 9.133315e-02 -4.755778e-02 -2.693206e-01  2.928115e+01  5.000000e-01  1.264187e+00 -1.126120e+00  1.585779e+00  7.629719e-01
 6.808058e-03 -3.829882e-03  2.773059e-03  3.076117e+01  1.000000e+00  2.140002e+01 -4.584176e+00  5.876531e+00  2.046921e+01
3  2.205280e+00  3.625264e+00  5.225310e+00  2.472161e+00  4.834246e-01  1.848890e+01 6 3  2.794870e-01
 6.152581e-01 -9.784798e-01 -1.485461e+00  4.779422e+02  5.000000e-01  1.135037e+00  5.512781e-01  6.225105e-01  6.402463e-02
-3.962265e+00  1.541471e+00  3.072786e+00  0.000000e+00  0.000000e+00  4.111776e-01 -6.977057e-02  1.280873e-01  9.537841e-04
 6.673554e-03 -6.576932e-03  9.655062e-05  5.299052e+02  1.000000e+00  1.218259e+02  3.943238e-01  6.512663e+01  1.175085e+02
1  1.025312e+00  6.136252e+00  0.000000e+00  2.273284e+00  0.000000e+00  1.259640e+01 0 2  2.889711e-01
 3.399042e+00  3.266853e+00  3.692120e+00  0.000000e+00  0.000000e+00  4.125487e-01  2.021711e-01 -1.826986e-01  9.741382e-04
2  6.609732e-01  1.893636e-01  3.617087e+00  2.007938e+00  5.027286e-01  1.781450e+01 6 3 -1.000000e+00
-8.536270e-01 -1.058749e-01 -1.755140e+00  4.891691e+02  5.000000e-01  1.070150e+00 -7.325676e-01 -1.949896e-01  4.285590e-02
 2.706958e+00  5.309543e-01  3.491227e+00  0.000000e+00  0.000000e+00  4.118808e-01 -1.484987e-01 -1.933912e-01  1.490925e-03
3  5.481578e-01  3.042271e-01  1.919682e+00  9.632426e-01  1.463961e-01  1.329100e+01 6 1 -1.000000e+00
 1.076637e+00  1.110991e+00  2.050599e+00  0.000000e+00  0.000000e+00  2.777034e-01 -6.779548e-02 -1.716208e-01  4.279734e-03
-3.908080e-01 -1.266619e-01 -3.001998e-01  1.069885e+02  5.000000e-01  8.008312e-01 -1.456570e+00 -1.117670e+00  2.469682e-01
-3.601767e-03 -1.144487e-03  6.061253e-05  1.279030e+02  1.000000e+00  1.337175e+02 -3.336770e+01  1.516170e+00  1.322581e+02
3 -2.595585e-01 -4.671910e-02  1.482421e+00  5.886178e-01  6.484225e-01  1.369170e+01 6 1 -1.000000e+00
-1.113709e+00  7.680455e-02  2.073634e+00  0.000000e+00  0.000000e+00  2.949278e-01 -1.200140e-01 -2.186646e-02  2.084905e-02
 3.536008e-01  2.879363e-01 -1.344591e+00  4.797696e+01  5.000000e-01  7.213398e-01 -1.010052e-01 -9.006499e-01  2.897405e-01
 1.056476e-02  3.590862e-03  3.506021e-03  5.830385e+01  1.000000e+00  1.822486e+01 -7.369606e-01 -3.305917e+00  1.720319e+01
3 -9.115589e-04 -2.631594e-02  3.102146e-01  2.118794e-01  9.528446e-01  1.852320e+01 6 3 -1.000000e+00
 5.175762e-02 -1.972007e-01  4.193297e+00  0.000000e+00  0.000000e+00  4.170144e-01  2.983102e-01  1.113886e-01  1.142330e-02
 8.513702e-02  1.112129e-01 -3.995561e+00  2.278538e+00  5.000000e-01  5.621447e-01  2.165445e-01 -6.285726e-01  6.768377e-02
 5.419116e-05  2.316972e-04  1.707959e-04  5.044245e+00  1.000000e+00  7.935169e+01 -1.145810e+01 -1.235956e+01  7.736085e+01
2 -2.022165e+00 -5.240811e-01  1.591693e+00  5.330337e-01  1.531606e-03  1.153370e+01 6 2  2.747283e-01
-1.030150e+00 -1.136707e+00  3.415779e+00  0.000000e+00  0.000000e+00  3.547773e-01 -3.178853e-01 -1.500077e-01  1.412139e-04
 6.786636e-02  1.561593e-02 -5.231627e-03  3.030741e+02  5.000000e-01  3.021307e+00 -1.183651e+01 -7.424809e+00  2.086666e+00
1  3.647988e-02  1.415830e-03  0.000000e+00  2.323335e-02  0.000000e+00  1.393110e+01 0 2 -1.000000e+00
 7.344898e-02 -2.767809e-02  3.881179e+00  0.000000e+00  0.000000e+00  4.302157e-01 -2.587160e-01 -8.159952e-03  7.687501e-02
3 -1.508468e-01 -2.861354e-01  1.089495e+00  3.222872e-01  1.814001e-01  1.807630e+01 6 1 -1.000000e+00
-4.937762e-01 -6.516946e-01  1.850569e+00  0.000000e+00  0.000000e+00  2.308281e-01  5.960544e-02 -2.183993e-01  1.417559e-02
 6.292330e-02  2.848337e-01 -3.356934e-01  3.559394e+01  5.000000e-01  9.767109e-01  1.490530e+00 -8.705004e-01  6.505346e-01
 1.101615e-03  5.216336e-03  2.222465e-04  4.308011e+01  1.000000e+00  8.178939e+01  4.417617e+01 -8.711163e+00  8.103816e+01
3 -3.653435e-01 -2.000121e+00  1.875763e+00  7.894939e-01  1.080451e-02  1.344680e+01 6 2  2.838129e-01
-1.915495e-01 -1.686714e+00  3.640068e+00  0.000000e+00  0.000000e+00  3.121285e-01  3.578047e-01 -2.653731e-01  3.548943e-03
 1.359414e-03  5.284560e-03  3.348686e-05  2.473470e+02  1.000000e+00  2.027129e+02  9.596557e+01 -4.020265e+01  1.979541e+02
 5.531995e-02  1.727326e-01 -3.932914e-02  2.379460e+02  5.000000e-01  2.960887e+00  4.132787e+00 -3.491646e+00  1.349488e+00
3 -2.325425e-01 -1.178195e-01  7.766515e-01  4.496886e-01  1.252828e-01  1.379680e+01 6 1 -1.000000e+00
-4.600170e-01 -3.928547e-01  2.818198e+00  0.000000e+00  0.000000e+00  2.967485e-01 -1.301295e-01 -3.504172e-01  4.851253e-03
 1.753122e-01  5.384901e-02 -3.530718e-01  3.354006e+01  5.000000e-01  8.508838e-01 -1.282321e+00 -1.100079e+00  2.226630e-01
 1.978903e-03  3.822635e-04  8.668927e-05  4.005472e+01  1.000000e+00  1.160744e+02 -4.073783e+01  6.862520e+00  1.140513e+02
3 -2.761982e-01  8.299869e-02  1.836985e+00  8.438257e-01  6.371886e-01  7.900790e+00 6 1 -1.000000e+00
 5.959239e-01  8.260177e-02 -1.669013e+00  1.482848e+02  5.000000e-01  6.292779e-01 -8.100597e-01 -2.835394e-01  8.074530e-02
-1.162617e+00  6.136840e-01  2.619339e+00  0.000000e+00  0.000000e+00  3.675819e-01 -8.235517e-02  1.067455e-01  3.410073e-03
 1.050724e-03  1.120546e-05  1.797267e-05  2.372664e+02  1.000000e+00  2.501883e+02 -5.273129e+01 -6.061506e+01  2.482441e+02
3 -1.357716e-01 -3.012630e-01  1.037664e+00  4.036640e-01  1.222914e-01  9.286590e+00 6 1 -1.000000e+00
-3.034035e-01 -7.417895e-01  2.586346e+00  0.000000e+00  0.000000e+00  3.225364e-01  1.705324e-01 -2.079178e-01  7.948935e-03
 9.441806e-02  2.165866e-01 -3.162880e-01  9.556260e+01  5.000000e-01  8.211165e-01  1.190864e+00 -1.332486e+00  2.434159e-01
 3.259463e-04  7.789598e-04  6.382851e-06  1.238596e+02  1.000000e+00  4.233609e+02  1.084678e+02 -9.976819e+01  4.214795e+02
3 -2.444489e-01 -1.376244e-01  6.676548e-01  2.478706e-01  1.338081e-01  7.601550e+00 6 1 -1.000000e+00
-4.899624e-01 -2.764110e-01  1.404722e+00  0.000000e+00  0.000000e+00  1.557407e-01  2.708208e-03 -2.969223e-02  3.287627e-03
 1.572582e-03  4.927714e-04  7.224460e-05  6.721018e+01  1.000000e+00  1.219513e+02 -2.749965e+01  5.579334e+00  1.213594e+02
 9.722439e-02  4.135402e-02 -1.879631e-01  6.033770e+01  5.000000e-01  6.371552e-01 -1.430368e+00 -1.845507e+00  3.593926e-01
3  5.105106e+00  1.495356e+00  3.911906e+00  1.368729e+00  2.324619e-01  1.462820e+01 6 1  2.756593e-01
 2.327293e+00 -2.761419e+00  2.433838e+00  0.000000e+00  0.000000e+00  3.342105e-01 -1.052544e-01 -1.460254e-01  1.416411e-03
-4.084975e-01  3.473168e-02 -5.657746e-01  4.592787e+02  5.000000e-01  1.482168e+00 -1.412273e+00 -7.389422e-02  4.235530e-01
-4.459243e-02  1.185480e-02  1.226886e-02  4.661076e+02  1.000000e+00  1.104498e+01 -4.055440e+00  1.716928e+00  9.139831e+00
3 -5.505758e-02 -5.019510e-01  1.243658e+00  4.942234e-01  1.495276e-01  3.518520e+00 6 1 -1.000000e+00
-2.264127e-02 -9.753562e-01  1.370734e+00  0.000000e+00  0.000000e+00  1.338443e-01  1.371734e-01 -4.327856e-02  6.286760e-03
 2.041088e-04  9.004510e-04  4.393638e-06  1.753139e+02  1.000000e+00  4.913669e+02  7.643917e+01 -8.375522e+01  4.908745e+02
 5.145089e-02  2.660926e-01 -2.049625e-01  1.333667e+02  5.000000e-01  4.560456e-01  2.126643e+00 -8.076004e-01  2.621816e-01
3  6.411879e-01  1.086028e+00  2.922124e+00  1.406936e+00  5.660495e-01  1.330330e+01 6 1  2.825440e-01
 3.491167e-01 -7.297565e-01 -1.345171e+00  1.612245e+02  5.000000e-01  1.049655e+00  6.776072e-01  5.354569e-01  8.309495e-02
-2.131927e+00  8.140150e-01  2.376419e+00  0.000000e+00  0.000000e+00  3.365098e-01 -1.111787e-01  8.400772e-02  4.041873e-03
 2.009194e-02 -1.932917e-02  7.403409e-03  1.790824e+02  1.000000e+00  1.308876e+01  1.046845e+00  3.157423e+00  9.453146e+00
3 -3.431278e-01  1.324152e-01  1.296590e+00  5.171583e-01  3.588336e-01  1.025160e+01 6 1 -1.000000e+00
 2.954519e-01 -9.670027e-02 -7.158864e-01  1.235771e+02  5.000000e-01  6.557963e-01 -1.006661e+00  7.085049e-01  1.714658e-01
-9.003644e-01  4.044675e-01  1.995037e+00  0.000000e+00  0.000000e+00  2.670786e-01 -1.331843e-01  1.348775e-01  7.542716e-03
 3.482147e-03 -1.305764e-03  2.157612e-04  1.482132e+02  1.000000e+00  6.930434e+01 -4.543347e+00  3.175844e+00  6.789306e+01
3  4.506972e-01  8.063598e-01  2.970346e+00  1.606619e+00  1.904712e-01  6.616430e+00 6 1 -1.000000e+00
 1.658406e+00  1.768920e+00  2.375675e+00  0.000000e+00  0.000000e+00  3.205015e-01  1.312881e-01 -1.534558e-01  8.783757e-03
-2.940602e-01 -4.695680e-01 -4.524976e-01  1.910297e+02  5.000000e-01  8.955044e-01  9.257772e-01 -1.167824e+00  3.277697e-01
-1.283886e-02 -1.427049e-02  8.353861e-04  2.077684e+02  1.000000e+00  3.764916e+01 -4.065391e+00 -1.138340e+01  3.647198e+01
3  2.262325e+00 -3.260104e-01  1.554360e+00  7.305432e-01  7.639378e-01  1.613470e+01 6 3  2.985518e-01
 6.892918e-01 -8.356792e-01  3.005345e+00  0.000000e+00  0.000000e+00  3.636795e-01  7.167099e-02  2.588949e-01  1.385397e-02
-2.382326e-01  4.116116e-01 -2.295897e+00  3.418956e+01  5.000000e-01  7.188743e-01  3.666450e-01  6.165734e-01  1.190239e-01
-4.944641e-03  7.900781e-03  2.193401e-03  4.197912e+01  1.000000e+00  2.261481e+01  2.236513e+00  2.506978e+00  2.052016e+01
3  1.017011e+00 -8.097694e-01  2.311952e+00  1.433475e+00  9.033767e-02  1.515480e+01 6 2  2.914835e-01
-1.111578e+00  1.529601e+00  5.660191e+00  0.000000e+00  0.000000e+00  4.453675e-01 -3.252383e-02  3.603983e-01  1.475486e-03
 4.333576e-01 -1.903689e-01 -5.113284e-01  1.876649e+02  5.000000e-01  1.336249e+00 -1.000977e+00  1.032859e+00  5.835393e-02
 3.423691e-03 -1.789304e-03  7.088367e-05  2.092069e+02  1.000000e+00  1.214923e+02 -7.064836e+00  1.899606e+01  1.150149e+02
3 -1.671230e-01 -3.433024e-01  1.083759e+00  3.694778e-01  1.786625e-01  1.310260e+01 6 1 -1.000000e+00
-5.382915e-01 -7.502948e-01  1.405786e+00  0.000000e+00  0.000000e+00  1.454701e-01  2.213790e-02  1.355930e-01  3.190392e-03
 5.423145e-02  1.571467e-01 -2.511613e-01  1.127329e+02  5.000000e-01  6.542827e-01  1.691029e+00 -1.114202e+00  3.575458e-01
 1.050182e-03  2.302802e-03  8.835029e-05  1.252397e+02  1.000000e+00  1.085261e+02  1.182894e+01 -1.016642e+01  1.078500e+02
1  2.817725e+00 -5.414532e+00  0.000000e+00  7.133811e+00  0.000000e+00  1.081040e+01 0 2 -1.000000e+00
 2.266337e+00 -1.269043e+01  4.996104e+00  0.000000e+00  0.000000e+00  4.489846e-01  2.822652e-01  1.542350e-01  1.345507e-04
3 -1.111148e+00 -3.931623e+00  2.644968e+00  1.117732e+00  1.193890e-01  7.191930e+00 6 1  2.965345e-01
 2.494519e+00  2.793944e-01  1.994534e+00  0.000000e+00  0.000000e+00  2.788013e-01 -1.315731e-01  3.802510e-02  1.651699e-03
-1.315200e-01 -3.647940e-02 -2.381254e-01  2.132122e+02  5.000000e-01  3.861358e+00 -2.875188e+00 -2.029811e+00  2.000172e+00
-7.734410e-02 -1.977124e-02  8.613297e-02  2.132503e+02  1.000000e+00  6.761469e+00 -3.889492e+00 -2.540949e+00  4.568094e+00
3  3.529623e-01 -1.279565e-02  1.178996e+00  5.903045e-01  2.147569e-01  8.026210e+00 6 1 -1.000000e+00
-3.336041e-01  6.216857e-02 -4.013882e-01  3.664114e+01  5.000000e-01  5.440497e-01 -1.554093e+00  5.329530e-01  1.898276e-01
 8.453177e-01  7.539792e-02  1.869035e+00  0.000000e+00  0.000000e+00  2.034196e-01 -3.113549e-01 -5.062691e-02  8.472150e-03
-5.496891e-04  1.271634e-04  2.177136e-06  5.687075e+01  1.000000e+00  7.396947e+02 -2.144057e+02  2.009505e+02  7.381904e+02
2  1.631766e+00 -1.972054e+00  3.271809e+00  1.827739e+00  5.811240e-01  1.938660e+01 6 3  2.764015e-01
 1.291041e+00 -1.919853e+00  4.256624e+00  0.000000e+00  0.000000e+00  4.038429e-01  1.535602e-01  3.112790e-01  1.007920e-03
-8.744425e-01  5.327804e-01 -2.473626e+00  2.708992e+02  5.000000e-01  8.917540e-01 -2.900000e-01  5.760920e-01  1.505014e-02
1  1.253568e-01  1.790571e+00  0.000000e+00  1.344758e+00  0.000000e+00  6.176510e+00 0 2  2.714987e-01
-1.803169e+00  1.400539e+00  3.390574e+00  0.000000e+00  0.000000e+00  4.013629e-01 -1.943750e-01  1.601546e-01  5.055915e-04
1 -1.135917e-03 -1.663085e-01  0.000000e+00  1.322063e-01  0.000000e+00  1.278120e+01 0 2 -1.000000e+00
-7.623121e-03 -2.698591e-01  4.247053e+00  0.000000e+00  0.000000e+00  3.316462e-01  4.543641e-01 -6.922903e-02  2.008861e-02
4 -5.859805e-01  4.711085e-01  2.150392e+00  1.088496e+00  1.000000e+00  1.399770e+01 6 3  2.718790e-01
 4.027391e-01 -1.132886e+00  6.218561e+00  6.191309e+00  0.000000e+00  3.921828e-01  2.324426e-01  3.931962e-01  9.177802e-04
 1.108558e+00 -2.834360e-01 -7.725112e+00  1.511701e+01  5.000000e-01  5.197868e-01 -4.671527e-01  3.765913e-01  1.843551e-03
-5.521856e-01  1.597698e-01 -8.643006e-01  1.715067e+02  5.000000e-01  1.023372e+00 -8.531199e-01  6.555438e-01  1.375894e-02
 1.044711e+00  9.194439e-01  4.956117e+00  0.000000e+00  0.000000e+00  4.622813e-01 -1.656705e-01 -2.447934e-01  7.036485e-04
2 -2.544791e-01 -1.034704e-01  1.388124e+00  5.657941e-01  2.603100e-01  1.780260e+01 6 3 -1.000000e+00
-6.906716e-01 -6.397496e-01  3.027357e+00  0.000000e+00  0.000000e+00  3.186872e-01 -1.399529e-01 -3.380520e-01  9.088276e-03
 4.598463e-01  1.369070e-01 -7.880511e-01  1.105343e+02  5.000000e-01  4.329797e-01 -1.133192e+00 -5.534812e-01  2.622888e-02
3 -1.270340e-01  4.912835e-02  4.787605e-01  1.482836e-01  3.149397e-01  1.780170e+01 6 1 -1.000000e+00
 6.559175e-02 -1.478094e-02 -5.397513e-01  1.860993e+01  5.000000e-01  1.028585e+00 -1.324293e+00  3.158622e-01  5.535669e-01
-3.310304e-01  2.533655e-01  1.713824e+00  0.000000e+00  0.000000e+00  2.237683e-01 -8.458822e-02 -1.090421e-01  6.793864e-03
 6.423580e-03 -2.666376e-03  8.015673e-03  1.912673e+01  1.000000e+00  1.266329e+01 -2.358284e+00  2.390664e+00  1.185869e+01
1 -1.106612e-02 -7.012487e-03  0.000000e+00  2.105440e-02  0.000000e+00  1.135780e+01 0 2 -1.000000e+00
-4.330566e-02 -1.619604e-02  3.015094e+00  0.000000e+00  0.000000e+00  4.119615e-01 -6.149281e-02 -1.017020e-01  5.379452e-02
3 -6.076229e-01 -2.799055e-01  1.888843e+00  6.819967e-01  1.075339e-01  1.614320e+01 6 1 -1.000000e+00
-1.061254e+00 -1.056372e+00  1.959249e+00  0.000000e+00  0.000000e+00  2.488371e-01 -1.526597e-01 -1.747599e-01  1.207618e-02
 3.759778e-01  1.692264e-01 -2.106857e-01  3.061895e+02  5.000000e-01  6.429567e-01 -1.766575e+00 -1.324047e+00  2.176754e-01
 8.327527e-04  6.364144e-04  1.792790e-06  4.134899e+02  1.000000e+00  8.552674e+02 -1.114485e+01 -4.145586e+02  8.539582e+02
2 -3.387528e-01  1.620998e-01  1.394649e+00  8.216327e-01  1.594175e-01  1.515820e+01 6 1 -1.000000e+00
-6.232431e-01  8.790442e-01  2.799251e+00  0.000000e+00  0.000000e+00  3.228881e-01 -5.647406e-02  3.131339e-01  1.362579e-03
 3.763310e-01 -9.352771e-02 -4.462496e-01  1.472755e+02  5.000000e-01  7.007420e-01 -1.285804e+00  8.228976e-01  7.589101e-02
1  1.252790e-02  4.427842e-03  0.000000e+00  4.626379e-03  0.000000e+00  1.460950e+01 0 2 -1.000000e+00
 2.787903e-02  1.294699e-02  4.709327e+00  0.000000e+00  0.000000e+00  5.182991e-01 -1.209197e-01 -7.120101e-02  2.150319e-02
1  2.559495e-01 -4.549463e+00  0.000000e+00  1.841124e+00  0.000000e+00  1.545900e+01 0 2  2.894388e-01
 2.526411e+00 -1.426317e+00  3.619104e+00  0.000000e+00  0.000000e+00  3.720993e-01 -2.452119e-01  2.404557e-01  2.808330e-03
3  2.329165e-01  3.622647e-01  1.392997e+00  6.632775e-01  1.449603e-01  9.840280e+00 6 1 -1.000000e+00
-1.793799e-01 -3.392119e-01 -4.028370e-01  6.429668e+01  5.000000e-01  7.156226e-01  9.164205e-01 -1.312798e+00  3.000846e-01
 7.253662e-01  7.199736e-01  2.778948e+00  0.000000e+00  0.000000e+00  2.691662e-01  6.429026e-02 -4.124760e-01  2.119987e-02
-2.202015e-03 -3.726983e-03  1.462925e-04  8.165547e+01  1.000000e+00  8.609187e+01  1.173710e+01 -1.634761e+01  8.491484e+01
3  4.728597e-02 -1.385193e-01  8.214834e-01  5.789084e-01  5.072539e-01  1.324550e+01 6 3 -1.000000e+00
 1.059910e-01 -5.276248e-01  3.209791e+00  0.000000e+00  0.000000e+00  3.138241e-01  3.694402e-01  1.510119e-01  4.742452e-03
-1.567614e-01  2.507042e-01 -1.628179e+00  2.069699e+01  5.000000e-01  5.014513e-01  4.949285e-01  7.859896e-01  4.154225e-02
-2.486056e-04  2.993193e-04  1.132050e-05  3.754635e+01  1.000000e+00  3.185507e+02 -8.806173e+01  6.890753e+01  3.164078e+02
3 -1.774531e-01 -1.849034e-02  5.455342e-01  2.802683e-01  1.680067e-01  1.804410e+01 6 3 -1.000000e+00
-4.547418e-01  4.729759e-02  3.402673e+00  0.000000e+00  0.000000e+00  3.604350e-01 -3.392680e-01 -7.345985e-03  2.314875e-02
 8.978894e-02  1.422554e-02 -5.716719e-01  2.087613e+01  5.000000e-01  1.582022e+00 -1.364671e+00 -4.750561e-01  8.247462e-01
 2.205409e-02  3.091540e-03  5.180410e-02  2.110675e+01  1.000000e+00  6.150550e+00 -2.552162e+00 -8.432945e-01  5.003387e+00
1  1.258169e+00  5.113913e-01  0.000000e+00  2.887686e-01  0.000000e+00  1.803800e+01 0 2  2.870230e-01
 2.670967e-01  4.263443e-01  5.152843e+00  0.000000e+00  0.000000e+00  3.585820e-01  5.498830e-02 -4.629533e-01  2.475116e-03
1 -4.504580e+00  1.671747e+01  0.000000e+00  1.239024e+01  0.000000e+00  7.196100e+00 0 2  2.753179e-01
-9.516565e+00 -1.420918e+01  3.560035e+00  0.000000e+00  0.000000e+00  3.915443e-01  1.123544e-02 -2.986569e-01  2.766088e-04
1  1.009433e+00 -3.931546e+00  0.000000e+00  3.004156e+00  0.000000e+00  1.697380e+01 0 2  2.825615e-01
-4.631963e+00 -9.391851e+00  3.261208e+00  0.000000e+00  0.000000e+00  2.907412e-01 -2.576766e-01 -3.605772e-01  3.300559e-05
3 -3.629620e-01  7.298833e-02  1.007567e+00  5.490731e-01  1.200162e-01  1.858190e+01 6 1 -1.000000e+00
-6.744502e-01  4.086462e-01  1.816674e+00  0.000000e+00  0.000000e+00  2.031452e-01 -2.351867e-01  1.709040e-01  2.083742e-02
 2.391247e-01 -1.629182e-02 -2.180302e-01  5.261021e+01  5.000000e-01  9.252167e-01 -2.128545e+00  2.478095e-01  6.353862e-01
 4.989772e-03 -5.641108e-04  2.317211e-04  6.174311e+01  1.000000e+00  7.149795e+01 -2.550133e+01  2.027266e+00  7.086181e+01
1 -9.730371e-01  1.830997e-01  0.000000e+00  8.215956e-01  0.000000e+00  5.839650e+00 0 2 -1.000000e+00
-1.476405e+00  7.181093e-01  1.139935e+01  0.000000e+00  0.000000e+00  5.121430e-01 -3.290077e-01  2.050222e-01  1.136316e-03
3  5.557473e-01  2.113013e+00  3.940579e+00  2.300711e+00  3.114953e-01  3.309720e+00 6 3  2.789689e-01
 7.355552e-01 -8.156344e-01 -1.699791e+00  3.324308e+02  5.000000e-01  9.928759e-01  1.000876e-01  7.604873e-01  3.017140e-02
-1.651359e+00  2.319776e+00  5.456874e+00  0.000000e+00  0.000000e+00  3.868339e-01  1.473447e-01  4.135300e-01  2.216967e-03
 3.046648e-02 -3.326586e-02  9.661168e-03  3.622713e+02  1.000000e+00  1.138095e+01 -2.822201e-01  2.043823e+00  7.374563e+00
3 -3.904962e-02  5.537342e-02  2.191569e-01  1.015516e-01  1.189490e-01  4.656820e+00 6 3 -1.000000e+00
 2.375439e-02 -3.719786e-02 -4.793130e-01  2.737347e+00  5.000000e-01  1.560180e+00  4.966344e-01  1.467472e+00  1.076039e+00
-3.219510e-02  1.746969e-01  4.029568e+00  0.000000e+00  0.000000e+00  3.790635e-01  2.589688e-01  2.652012e-01  7.532258e-02
 4.574436e-03 -7.816362e-03  3.829565e-02  2.797592e+00  1.000000e+00  7.062374e+00  1.723244e+00  2.769508e+00  6.367741e+00
3  4.912394e-01  1.733576e-01  1.583330e+00  6.254600e-01  1.951984e-01  1.464860e+01 6 1 -1.000000e+00
 1.215744e+00  2.525080e-01  1.767432e+00  0.000000e+00  0.000000e+00  2.351063e-01 -1.082932e-01 -8.684640e-02  3.537963e-03
-3.173759e-01 -1.430640e-01 -3.449999e-01  1.304529e+02  5.000000e-01  5.624640e-01 -1.087433e+00 -1.381115e+00  1.329178e-01
-7.015563e-04 -2.448036e-04  3.056786e-06  1.742935e+02  1.000000e+00  5.770535e+02 -5.468759e+01 -4.130274e+01  5.756646e+02
3 -3.992488e-02 -3.830234e-01  1.304084e+00  5.350188e-01  2.915790e-01  1.025160e+01 6 1 -1.000000e+00
-2.114947e-01 -1.017656e+00  1.888850e+00  0.000000e+00  0.000000e+00  2.617167e-01  1.240607e-01 -1.575904e-02  7.437410e-03
 2.753528e-02  2.643347e-01 -5.507488e-01  2.169893e+02  5.000000e-01  7.946194e-01  1.359142e+00 -1.030746e-01  2.689663e-01
 9.923641e-04  4.266334e-03  1.954721e-04  2.466246e+02  1.000000e+00  7.613595e+01  1.718720e+01 -1.530330e+01  7.473089e+01
3 -1.392272e-01 -2.597459e+00  2.072565e+00  9.375516e-01  1.106251e-01  1.376880e+01 6 1  3.094376e-01
-8.374868e-01  1.635442e+00  2.115484e+00  0.000000e+00  0.000000e+00  2.855069e-01  6.876688e-02  1.818417e-01  4.958590e-03
 1.415247e-01 -1.913205e-01 -2.340255e-01  1.274218e+02  5.000000e-01  2.115282e+00  5.879185e-01  2.274037e+00  8.706505e-01
 1.979711e-02 -2.847727e-02  5.307978e-03  1.289153e+02  1.000000e+00  1.759215e+01  3.145812e+00  8.775407e+00  1.494424e+01
3 -3.295172e-01  4.085947e-02  7.775815e-01  3.592573e-01  1.073541e-01  1.515970e+01 6 1 -1.000000e+00
-6.572896e-01  8.809314e-03  1.677042e+00  0.000000e+00  0.000000e+00  2.027142e-01 -1.718382e-01  9.923928e-02  2.032425e-02
 1.286826e-02  5.593854e-04  2.935044e-03  2.068637e+01  1.000000e+00  2.215376e+01 -1.004774e+01 -2.411220e+00  2.149792e+01
 1.202385e-01 -3.060099e-04 -1.800373e-01  2.005008e+01  5.000000e-01  1.585703e+00 -2.405558e+00  3.327775e-01  1.204253e+00
3 -9.733741e-01  1.326509e-01  1.976312e+00  1.303197e+00  1.614073e-02  1.136730e+01 6 2 -1.000000e+00
-1.818009e+00 -3.007324e-01  4.168940e+00  0.000000e+00  0.000000e+00  3.972231e-01 -3.512521e-01 -9.634041e-03  1.045531e-02
 5.707579e-02 -4.319119e-03  1.327577e-02  1.928818e+02  1.000000e+00  1.462143e+01 -1.037427e+01  1.610198e+00  1.293703e+01
 1.370832e-01 -1.190132e-02 -6.728976e-02  1.926314e+02  5.000000e-01  5.359751e+00 -5.685428e+00  1.242758e+00  4.010795e+00
3 -3.540778e-01 -1.495015e+00  6.321742e+00  2.376177e+00  2.612241e-01  1.592750e+01 6 1 -1.000000e+00
-1.513953e+00 -5.062246e+00  2.610860e+00  0.000000e+00  0.000000e+00  3.720331e-01  1.008683e-01 -3.394759e-02  6.516140e-03
 2.736587e-01  1.001488e+00 -6.820195e-01  6.853277e+02  5.000000e-01  1.275807e+00  1.112499e+00 -5.519502e-01  4.438659e-01
 1.494416e-02  4.710375e-02  1.324673e-03  7.186890e+02  1.000000e+00  3.355784e+01  1.370497e+01 -1.082975e+01  3.178450e+01
3  9.158478e-02  8.130017e-02  4.964705e-01  2.022647e-01  3.147624e-01  1.634250e+01 6 1 -1.000000e+00
-7.478141e-02 -1.001617e-01 -6.540205e-01  8.856899e+00  5.000000e-01  1.098841e+00  4.314587e-01 -1.163021e+00  7.100457e-01
 3.437997e-01  1.668080e-01  2.077823e+00  0.000000e+00  0.000000e+00  2.804237e-01 -6.606878e-02 -1.793094e-01  3.793571e-02
-6.332795e-03 -7.154774e-03  8.535238e-03  9.577559e+00  1.000000e+00  1.327090e+01  1.472134e+00 -5.589850e+00  1.250495e+01
3  1.517471e+00  9.425474e-02  1.164918e+00  4.425957e-01  1.226391e-01  9.286590e+00 6 1  2.828347e-01
 7.246152e-01 -6.118020e-01  1.744836e+00  0.000000e+00  0.000000e+00  2.272042e-01  2.094426e-02  1.538010e-01  2.073180e-03
-2.033363e-04  2.939762e-04  8.676032e-07  1.159160e+02  1.000000e+00  1.100736e+03  1.520433e+02  1.835818e+02  1.098662e+03
-1.237318e-01  1.865346e-01 -2.139851e-01  8.941055e+01  5.000000e-01  6.953884e-01  9.081842e-01  1.985249e+00  1.596322e-01
3  8.726184e-01 -1.530034e+00  9.649963e-01  3.200639e-01  2.497079e-01  9.819490e+00 6 1  3.108964e-01
-7.033253e-01  3.702316e-01  1.722125e+00  0.000000e+00  0.000000e+00  2.204467e-01 -1.272314e-01  1.041031e-01  2.915739e-03
 1.551033e-01 -7.058374e-02 -4.300281e-01  2.873056e+01  5.000000e-01  8.049766e-01 -1.095957e+00  1.078120e+00  1.894604e-01
 3.440681e-03 -1.974435e-03  4.281306e-04  3.127190e+01  1.000000e+00  4.958802e+01  3.873398e+00  3.171276e+00  4.776395e+01
1  9.796882e-01 -4.770579e-01  0.000000e+00  3.238305e-01  0.000000e+00  7.997140e+00 0 2  2.900992e-01
 2.124233e-01 -7.639932e-01  3.315050e+00  0.000000e+00  0.000000e+00  3.651439e-01  2.350562e-01  2.147936e-01  3.791344e-03
3  3.008969e-01  3.575590e-01  1.170070e+00  4.408786e-01  1.546934e-01  1.746460e+01 6 1  3.031784e-01
-5.351746e-01 -8.258628e-01  1.723120e+00  0.000000e+00  0.000000e+00  1.797911e-01 -7.336244e-02 -2.949883e-01  9.062152e-03
 1.392060e-01  1.303140e-01 -2.665554e-01  3.349133e+01  5.000000e-01  1.026612e+00 -4.606649e-01 -1.881505e+00  4.889865e-01
 7.857410e-03  9.650129e-03  1.834843e-03  3.506549e+01  1.000000e+00  2.517650e+01  3.751870e+00 -5.041906e+00  2.383381e+01
3 -1.057866e-01 -3.806223e-01  1.702008e+00  7.549901e-01  1.933980e-01  1.309110e+01 6 1 -1.000000e+00
-1.090322e+00 -7.442854e-01  1.968219e+00  0.000000e+00  0.000000e+00  2.416112e-01  8.563749e-02 -2.444305e-01  1.011177e-02
 3.624023e-02  5.315236e-01 -3.806497e-01  6.664840e+01  5.000000e-01  7.243286e-01  1.638667e+00 -1.336114e-01  2.541228e-01
 4.424015e-04  2.332635e-03  3.751208e-05  9.703212e+01  1.000000e+00  1.730798e+02  5.331196e+01 -1.054557e+01  1.711431e+02
5  1.638190e+00 -1.424242e+00  3.795630e+00  1.690419e+00  1.000000e+00  1.149890e+01 6 3  2.869395e-01
-1.828398e+00 -7.439660e-01  5.447799e+00  7.945650e+00  0.000000e+00  4.865141e-01 -2.583264e-01 -1.156497e-01  4.586624e-03
 6.304460e-01 -6.265995e-01 -1.054235e+00  1.086889e+02  5.000000e-01  1.115310e+00  2.564436e-02  9.804051e-01  3.935535e-02
-1.254088e+00  1.093977e+00 -5.447964e+00  2.410064e+01  5.000000e-01  6.731415e-01 -3.468447e-02  5.377623e-01  7.118348e-03
 1.005893e+00  1.780634e+00  5.467093e+00  0.000000e+00  0.000000e+00  4.780122e-01  2.717441e-01 -1.253550e-01  2.814340e-03
 1.929724e-03 -1.785911e-03  7.521649e-05  1.520973e+02  1.000000e+00  1.192369e+02 -1.098442e+01  2.375582e+01  1.145660e+02
3  6.569885e-01  3.683832e-01  2.756077e+00  1.557272e+00  6.452882e-02  1.853260e+01 6 2 -1.000000e+00
 2.109218e+00  7.618547e-01  9.400892e+00  0.000000e+00  0.000000e+00  4.769106e-01 -2.905890e-01 -2.877632e-01  4.779612e-03
-4.440378e-01 -2.758587e-01 -6.066285e-01  3.843179e+02  5.000000e-01  1.388757e+00 -6.235592e-01 -1.187755e+00  2.384834e-01
-2.167519e-02 -1.411962e-02  2.434914e-03  4.041859e+02  1.000000e+00  2.284996e+01 -2.587860e+00 -7.748012e+00  2.012092e+01
2 -1.974163e-01 -6.990679e-03  1.066868e+00  5.920219e-01  1.155311e-01  1.025730e+01 6 3 -1.000000e+00
 4.329664e-01 -1.022918e-03 -5.789101e-01  4.357364e+01  5.000000e-01  2.996408e-01 -1.489254e+00  2.861874e-03  4.198159e-02
-5.562468e-01 -4.006041e-01  5.010861e+00  0.000000e+00  0.000000e+00  2.357863e-01 -3.336082e-01 -5.226486e-01  8.502292e-03
3  1.324924e-01  3.294913e-01  1.461128e+00  6.721486e-01  7.158427e-01  1.138840e+01 6 1 -1.000000e+00
-1.082473e-01 -3.375472e-01 -1.439019e+00  1.806565e+02  5.000000e-01  6.064181e-01  7.587105e-01 -5.236246e-01  9.426031e-02
 4.309694e-01  1.020445e+00  2.010245e+00  0.000000e+00  0.000000e+00  2.835379e-01  7.795005e-02 -9.894475e-02  3.959372e-03
-9.120011e-04 -2.366744e-03  1.116554e-04  2.217174e+02  1.000000e+00  9.567821e+01  2.714546e+00 -6.849958e-01  9.408797e+01
3 -4.251433e-01  3.720889e-01  1.375730e+00  6.715493e-01  1.196094e-01  5.527990e+00 6 1 -1.000000e+00
-1.101499e+00  4.619664e-01  2.527159e+00  0.000000e+00  0.000000e+00  2.847690e-01 -1.517907e-01  3.046534e-01  3.112977e-02
 1.352889e-01 -1.405193e-01 -3.022720e-01  6.387939e+01  5.000000e-01  2.130037e+00  1.410297e-01  2.136673e+00  1.551610e+00
 4.552976e-02 -4.520484e-02  4.714486e-02  6.422858e+01  1.000000e+00  6.774324e+00  1.908348e-01  3.477813e+00  6.011982e+00
3  3.547627e-02  8.826678e-02  4.338148e-01  2.466664e-01  6.536607e-01  1.324540e+01 6 1 -1.000000e+00
-8.861559e-02 -9.040048e-02 -1.247405e+00  5.157493e+00  5.000000e-01  7.004639e-01 -6.289546e-03 -9.441116e-01  3.684378e-01
 5.211587e-02  3.199530e-01  1.908337e+00  0.000000e+00  0.000000e+00  2.540428e-01  1.466256e-01 -1.045778e-01  2.868018e-02
-2.534279e-03 -4.232553e-03  5.908174e-03  5.972859e+00  1.000000e+00  1.429556e+01 -5.306471e-01 -2.689455e+00  1.358298e+01
3  4.311840e-02  4.168938e-01  3.911700e+00  2.164883e+00  7.296057e-01  7.583980e+00 6 3 -1.000000e+00
 5.707986e-01 -1.186899e+00 -2.840088e+00  2.614691e+02  5.000000e-01  8.031892e-01  3.233767e-01  5.350362e-01  6.702884e-02
 1.356258e+00  2.645131e+00  3.892634e+00  0.000000e+00  0.000000e+00  4.718186e-01  1.323170e-01 -6.761898e-02  5.460426e-03
-2.963057e-04 -1.014170e-02  1.031540e-03  3.492672e+02  1.000000e+00  3.239788e+01  3.614883e+00  1.826174e+00  3.014821e+01
2  5.591161e-01  8.523346e-02  2.664818e+00  7.568055e-01  2.624078e-01  1.275930e+01 6 1 -1.000000e+00
-3.958140e-01  7.138008e-02 -4.581740e-01  3.960679e+02  5.000000e-01  6.786806e-01 -1.258157e+00  8.383694e-01  1.153234e-01
 2.159738e+00  8.266353e-01  1.746038e+00  0.000000e+00  0.000000e+00  1.900505e-01  1.944200e-01  2.132932e-01  4.725609e-04
3 -4.398506e-01  5.431752e-01  1.186754e+00  5.487211e-01  7.548722e-01  1.260230e+01 6 3  2.708261e-01
-7.973104e-01 -2.379154e-01  2.779485e+00  0.000000e+00  0.000000e+00  3.719098e-01 -1.716212e-01 -7.255725e-02  5.898319e-04
 3.893455e-01 -2.226247e-01 -3.682061e+00  6.507270e+01  5.000000e-01  6.584155e-01 -2.115892e-01  5.860862e-01  7.131169e-03
 5.990018e-04 -3.002585e-05  6.495716e-05  1.002477e+02  1.000000e+00  1.273403e+02  1.535383e+01  1.820333e+01  1.196440e+02
3  1.848007e+00  7.652576e-01  2.268681e+00  1.171634e+00  5.559649e-02  1.851290e+01 6 2  2.818578e-01
 1.824488e+00 -8.095137e-01  3.416910e+00  0.000000e+00  0.000000e+00  4.094650e-01 -1.744686e-01  1.600943e-01  1.149104e-03
-2.820876e-01  3.265778e-02 -1.899682e-01  2.421587e+02  5.000000e-01  1.782528e+00 -2.310919e+00  7.321493e-01  4.125801e-01
-7.487201e-03  1.418626e-04  1.349106e-04  2.537912e+02  1.000000e+00  9.804265e+01 -4.416473e+01 -7.378292e+00  9.412119e+01
3  1.009208e-01 -1.508707e-01  7.637414e-01  3.398727e-01  1.516766e-01  6.521270e+00 6 3 -1.000000e+00
 1.650665e-01 -4.819970e-01  3.853423e+00  0.000000e+00  0.000000e+00  2.629911e-01  3.232297e-01  4.233145e-01  4.870735e-02
-1.387425e-01  2.187176e-01 -5.844742e-01  3.231825e+01  5.000000e-01  5.031672e-01  4.366518e-01  1.329330e+00  2.359647e-01
-7.212907e-04  1.469469e-03  1.075502e-04  4.999762e+01  1.000000e+00  1.003627e+02  2.127684e+01  1.105701e+01  9.964592e+01
3 -2.144626e-02 -1.005072e-01  8.095924e-01  4.536950e-01  4.162239e-01  1.694070e+01 6 1 -1.000000e+00
-4.456361e-01 -3.625945e-01  2.218202e+00  0.000000e+00  0.000000e+00  2.595902e-01  7.209500e-02 -3.036339e-01  4.133318e-02
-2.163339e-02  3.270877e-01 -9.232688e-01  2.354183e+01  5.000000e-01  3.385653e-01  1.180647e+00  3.559182e-01  6.579624e-02
 1.125718e-04  2.447899e-04  7.944715e-06  5.836002e+01  1.000000e+00  3.691400e+02 -1.483514e+00 -9.825980e+01  3.681088e+02
3 -7.457192e-03  1.366813e-03  8.252710e-02  5.509216e-02  3.870927e-01  5.148800e+00 6 3 -1.000000e+00
 3.583697e-02  6.897090e-03 -1.812230e+00  2.561585e-01  5.000000e-01  8.972526e-01 -7.190495e-01 -2.129116e-01  5.414753e-01
-4.537418e-02  2.157606e-02  4.681642e+00  0.000000e+00  0.000000e+00  3.895307e-01 -1.183193e-01  3.808845e-01  7.875933e-02
 7.763863e-04  7.767034e-05  7.824577e-03  3.855930e-01  1.000000e+00  1.441975e+01 -6.498569e+00 -3.171094e+00  1.364258e+01
3 -4.507136e-01 -2.891724e-01  1.652771e+00  6.083811e-01  1.186180e-01  1.552970e+01 6 1 -1.000000e+00
-1.047645e+00 -7.888580e-01  2.213486e+00  0.000000e+00  0.000000e+00  3.013625e-01 -9.212814e-02 -1.668255e-01  9.434597e-03
 2.773674e-01  1.990667e-01 -2.625594e-01  2.373952e+02  5.000000e-01  9.757535e-01 -8.080566e-01 -1.776596e+00  3.801642e-01
 1.501709e-03  1.284145e-03  1.004999e-05  2.906728e+02  1.000000e+00  3.666069e+02 -4.745068e+00 -1.847791e+02  3.647426e+02
3  3.628129e-01  9.289701e-01  3.547812e+00  1.445304e+00  1.808061e-01  8.563280e+00 6 1 -1.000000e+00
-2.214450e-01 -4.881619e-01 -4.128177e-01  3.110751e+02  5.000000e-01  1.375199e+00  1.005697e+00 -1.245683e+00  4.472142e-01
 1.209409e+00  2.758317e+00  2.283207e+00  0.000000e+00  0.000000e+00  3.236221e-01  1.354531e-01 -3.404539e-02  4.359734e-03
-6.064134e-03 -1.536881e-02  3.374706e-04  3.285612e+02  1.000000e+00  6.351035e+01  2.229414e+01 -2.114933e+01  6.117743e+01
3  1.425548e-01 -2.361385e-01  1.813280e+00  8.367024e-01  3.484424e-01  1.025950e+01 6 3 -1.000000e+00
 9.970503e-01 -7.094808e-01  3.611105e+00  0.000000e+00  0.000000e+00  3.669872e-01 -4.244670e-02  3.492562e-01  1.229984e-02
-2.102885e-01  6.434116e-01 -1.258262e+00  8.516571e+01  5.000000e-01  6.010864e-01  8.047084e-01  5.534649e-01  1.015497e-01
-5.055000e-04  1.079275e-03  2.092945e-05  1.567847e+02  1.000000e+00  2.264065e+02  4.707509e+01  2.850348e+01  2.243899e+02
3 -8.333672e-01 -7.519161e-01  1.516827e+00  4.425248e-01  2.087760e-01  1.545820e+01 6 1  2.871249e-01
-8.952463e-01  7.926797e-01  1.793128e+00  0.000000e+00  0.000000e+00  2.393704e-01  1.580679e-02  1.436065e-01  6.679446e-03
 1.165410e-01 -3.373868e-01 -3.743621e-01  5.302862e+01  5.000000e-01  1.161881e+00  1.206012e+00  1.114877e+00  7.126644e-01
 3.735401e-03 -1.083751e-02  5.971251e-04  5.941518e+01  1.000000e+00  5.267557e+01  2.837781e+01  1.379761e+01  5.154100e+01
3  3.227704e-01 -1.206762e-02  1.045830e+00  4.022323e-01  3.250546e-01  1.135070e+01 6 1 -1.000000e+00
-1.911798e-01  4.109539e-02 -4.824835e-01  2.973916e+01  5.000000e-01  9.789021e-01 -1.186752e+00  8.152759e-01  6.207300e-01
 8.402237e-01  2.142032e-01  1.484315e+00  0.000000e+00  0.000000e+00  1.721431e-01 -7.617818e-02  7.637186e-02  1.840421e-02
-1.593259e-02  6.762991e-04  5.531680e-03  3.125610e+01  1.000000e+00  1.518234e+01 -4.475209e+00  5.783070e-01  1.447827e+01
1  1.334753e-01  2.475835e-01  0.000000e+00  2.461475e-01  0.000000e+00  1.515930e+01 0 2  2.833187e-01
 4.688698e-01  4.765375e-02  4.766989e+00  0.000000e+00  0.000000e+00  3.509080e-01 -4.599392e-01  5.503504e-04  8.393707e-03
2  2.903116e-01  3.362470e-01  2.250192e+00  1.145013e+00  1.917303e-01  1.806010e+01 6 3 -1.000000e+00
 1.527712e+00  7.792377e-01  4.201343e+00  0.000000e+00  0.000000e+00  4.543500e-01 -1.152405e-01 -2.154864e-01  1.181787e-03
-3.392461e-01 -4.768795e-01 -8.055249e-01  2.644265e+02  5.000000e-01  9.758019e-01  4.470331e-01 -1.020869e+00  2.159979e-02
3 -1.031793e-01  2.235172e-01  1.093440e+00  5.842791e-01  2.951307e-01  1.613380e+01 6 1 -1.000000e+00
 1.663711e-01 -2.335799e-01 -8.172493e-01  7.853422e+01  5.000000e-01  8.461664e-01  3.454409e-01  1.062051e+00  5.309218e-02
-2.046044e-01  7.950060e-01  2.769110e+00  0.000000e+00  0.000000e+00  3.545513e-01  2.132243e-01  1.000623e-01  1.724646e-03
 2.258318e-04 -3.116863e-04  3.276526e-06  1.083913e+02  1.000000e+00  5.708180e+02 -5.073863e+01  1.300650e+02  5.670934e+02
1  1.452446e+00  2.030739e+00  0.000000e+00  9.286930e-01  0.000000e+00  1.594290e+01 0 2  2.882815e-01
 1.244156e+00  1.338184e+00  3.019861e+00  0.000000e+00  0.000000e+00  2.535395e-01 -2.871401e-02 -4.745922e-01  4.077018e-04
2 -3.459724e-01 -3.097507e-01  1.705178e+00  9.143748e-01  2.161138e-01  9.396140e+00 6 1 -1.000000e+00
-1.108597e+00 -5.760984e-01  2.361062e+00  0.000000e+00  0.000000e+00  2.894228e-01 -6.753454e-02 -2.771656e-01  1.837545e-03
 3.281166e-01  3.423177e-01 -5.102581e-01  1.151165e+02  5.000000e-01  4.988621e-01  1.984976e-01 -1.473611e+00  2.264258e-02
3  1.418945e+00 -1.238823e+00  4.336146e+00  2.243477e+00  5.289166e-03  1.080500e+01 6 2 -1.000000e+00
 1.334297e+00 -3.752278e+00  8.741092e+00  0.000000e+00  0.000000e+00  5.051433e-01  1.437058e-01  3.314056e-01  1.132465e-03
-3.873427e-03  3.561342e-03  1.140567e-05  1.204652e+03  1.000000e+00  3.112191e+02 -2.554227e+00  9.248606e+01  3.083845e+02
-2.990491e-01  2.644789e-01 -4.623308e-02  1.130501e+03  5.000000e-01  2.063967e+00 -6.606893e-01  4.724939e+00  7.315773e-01
2 -2.311414e+00 -2.823127e+00  3.425918e+00  1.416252e+00  1.594235e-01  8.563280e+00 6 1  2.752410e-01
-2.906879e+00  8.657746e-01  2.009949e+00  0.000000e+00  0.000000e+00  2.874722e-01 -9.990098e-02  1.380377e-02  2.284148e-04
 3.440198e-01 -2.152314e-01 -3.204331e-01  6.375121e+02  5.000000e-01  1.491233e+00 -6.533436e-01  1.713251e+00  9.164293e-02
1 -1.895674e+00  9.364825e-01  0.000000e+00  1.358023e+00  0.000000e+00  1.256700e+01 0 2 -1.000000e+00
-3.437071e+00  1.161936e+00  3.056675e+00  0.000000e+00  0.000000e+00  3.573296e-01 -1.853958e-01  2.269378e-01  1.276189e-01
3 -9.342766e-02  7.444428e-02  6.908085e-01  3.797271e-01  5.265103e-01  9.286590e+00 6 1 -1.000000e+00
 1.955495e-01 -1.137339e-01 -1.481862e+00  1.067748e+01  5.000000e-01  8.576442e-01 -3.455211e-01  7.587535e-01  5.661823e-01
-3.730377e-01  2.785988e-01  2.814499e+00  0.000000e+00  0.000000e+00  3.293820e-01 -1.133016e-03  3.072851e-01  1.173882e-01
 1.029146e-02 -6.151050e-03  1.146385e-02  1.260636e+01  1.000000e+00  1.149444e+01 -2.895103e+00  3.810627e+00  1.087977e+01
3  2.717115e-01  1.102667e+00  2.246181e+00  1.012206e+00  8.989553e-03  6.168950e+00 6 2 -1.000000e+00
 4.010703e-01  2.136215e+00  3.621313e+00  0.000000e+00  0.000000e+00  4.084542e-01  2.378355e-01 -1.312166e-01  1.177968e-03
-2.264965e-02 -6.963868e-02 -3.255399e-02  7.336933e+02  5.000000e-01  6.865012e+00  6.812297e+00 -4.325410e+00  5.530384e+00
-1.170198e-02 -3.417709e-02  8.545445e-03  7.339336e+02  1.000000e+00  1.685377e+01  9.235344e+00 -7.002073e+00  1.532071e+01
3  2.708840e+00  6.243767e+00  6.210627e+00  3.090249e+00  7.168517e-01  9.818260e+00 6 3  2.838694e-01
-1.909310e+00 -8.727492e-01 -6.047161e+00  3.481619e+02  5.000000e-01  8.279686e-01 -2.423649e-01 -3.690812e-01  1.826732e-02
 3.829302e+00  1.502166e+00  4.334917e+00  0.000000e+00  0.000000e+00  4.621709e-01 -1.234987e-01 -2.081426e-01  2.870717e-03
-1.732345e-02 -7.492421e-03  9.045574e-04  4.332343e+02  1.000000e+00  3.714895e+01 -1.080031e+01 -9.197114e+00  3.260381e+01
3  5.842033e-01 -4.701445e-01  1.645105e+00  7.485059e-01  1.228468e-01  1.258920e+01 6 1 -1.000000e+00
 1.196411e+00 -8.775971e-01  1.502241e+00  0.000000e+00  0.000000e+00  1.775933e-01  1.807379e-02  1.017539e-01  4.145868e-03
-1.510385e-01  6.619836e-02 -1.845455e-01  9.710612e+01  5.000000e-01  1.765850e+00 -1.164246e+00  2.156334e+00  1.280377e+00
-3.501653e-02  1.217457e-02  1.056269e-02  9.780107e+01  1.000000e+00  1.232378e+01 -5.273637e+00  2.396655e+00  1.161360e+01
3 -1.559846e-02 -1.279931e-01  4.893676e-01  2.049892e-01  1.405823e-01  1.896240e+01 6 1 -1.000000e+00
 2.119122e-01 -3.487878e-01  2.773940e+00  0.000000e+00  0.000000e+00  3.425948e-01  1.963925e-01  1.819711e-01  2.069455e-02
 2.705440e-02  1.043217e-01 -3.899669e-01  8.812238e+00  5.000000e-01  2.162527e+00  1.712205e+00 -9.920394e-01  1.458771e+00
 5.106159e-03  2.166352e-02  3.366334e-02  9.001908e+00  1.000000e+00  8.837596e+00  4.908405e+00 -2.762166e+00  7.724656e+00
3 -1.218476e-01 -1.163311e+00  6.129712e-01  2.837867e-01  1.123594e-01  1.614320e+01 6 1  2.912998e-01
-4.595657e-01 -2.303807e-01  2.576260e+00  0.000000e+00  0.000000e+00  3.648535e-01 -5.661172e-02 -1.097570e-01  1.920272e-03
 9.387045e-02  3.313807e-02 -2.894671e-01  1.780208e+01  5.000000e-01  1.062986e+00 -1.475632e+00 -1.131857e+00  2.044794e-01
 5.162316e-04  2.066328e-04  1.242474e-05  2.044843e+01  1.000000e+00  2.936414e+02 -5.515995e+01 -4.595417e+01  2.910144e+02
3 -6.273078e-01 -1.286768e-01  1.971086e+00  5.721183e-01  1.448081e-01  1.534390e+01 6 1 -1.000000e+00
-1.648494e+00 -3.352382e-01  2.104710e+00  0.000000e+00  0.000000e+00  3.071745e-01 -6.987314e-02 -2.603325e-04  1.545788e-03
 2.699251e-01  1.173630e-01 -3.047791e-01  2.200659e+02  5.000000e-01  9.689678e-01 -1.495603e+00 -1.022350e+00  2.910632e-01
 5.667205e-03  3.889972e-03  1.772003e-04  2.375562e+02  1.000000e+00  8.641920e+01  4.803625e+00 -4.037367e+01  8.490998e+01
3 -9.018131e-02  2.377858e-01  5.468103e-01  2.605954e-01  1.890461e-02  9.068620e+00 6 2 -1.000000e+00
-2.622746e-01  3.446631e-01  7.147563e+00  0.000000e+00  0.000000e+00  2.705299e-01  2.901387e-01  5.550121e-01  7.498725e-02
 4.518702e-02 -1.075192e-01 -1.351219e-01  1.461924e+01  5.000000e-01  1.781491e+00  2.091600e+00  1.907004e+00  1.437104e+00
 3.971890e-03 -8.815055e-03  1.950552e-03  1.553698e+01  1.000000e+00  2.742991e+01  8.538587e+00  1.062815e+01  2.681566e+01
3  1.097981e-01 -2.186101e-01  1.422872e+00  7.714371e-01  4.264968e-01  1.393370e+01 6 1 -1.000000e+00
-7.372158e-02 -1.065553e+00  2.407816e+00  0.000000e+00  0.000000e+00  3.076652e-01  2.237961e-01  1.180199e-01  1.384964e-02
-3.312533e-01  3.338191e-01 -1.026926e+00  4.897704e+01  5.000000e-01  6.474725e-01 -9.405288e-02  1.043652e+00  1.163085e-01
-1.368324e-03  2.700790e-03  2.528285e-04  6.930986e+01  1.000000e+00  6.429288e+01  4.001672e+00  5.892850e+00  6.199062e+01
3  1.118056e+00  1.763063e+00  1.471995e+00  6.843687e-01  5.214546e-02  8.452690e+00 6 2  2.831375e-01
 8.763661e-01  9.924691e-01  3.050095e+00  0.000000e+00  0.000000e+00  3.656322e-01  1.039116e-01 -2.525199e-01  1.955640e-03
-6.365865e-02 -1.402811e-01 -1.590486e-01  1.693561e+02  5.000000e-01  2.232816e+00  1.752185e+00 -2.176481e+00  8.279722e-01
-4.856188e-03 -1.156786e-02  9.988907e-04  1.723873e+02  1.000000e+00  3.826785e+01  1.497900e+01 -1.278324e+01  3.500432e+01
5  4.192737e-02  7.510079e-03  3.868506e-01  1.337173e-01  1.000000e+00  1.262400e+01 6 3 -1.000000e+00
-6.765747e-02 -7.954707e-02 -1.000253e+00  7.756707e+00  5.000000e-01  7.325403e-01  4.764750e-01 -9.188327e-01  2.126038e-01
 2.641299e-01 -2.463918e-03  2.139492e+00  0.000000e+00  0.000000e+00  3.144192e-01  5.018379e-02  1.010146e-02  6.998374e-03
-8.103666e-02  8.832494e-02 -6.363296e+00  6.665173e+00  5.000000e-01  4.781483e-01  3.345088e-01  5.635463e-01  3.072309e-02
-1.174162e-01  6.137912e-02  7.942533e+00  6.646601e+00  0.000000e+00  4.494054e-01  1.220248e-02  4.208338e-01  2.683920e-02
-4.867838e-04 -2.042655e-04  1.465594e-04  1.098257e+01  1.000000e+00  9.101643e+01 -1.475717e+01 -3.258854e+01  8.952385e+01
2 -1.934312e-01 -4.179577e-01  1.176663e+00  5.657957e-01  1.210924e-01  9.392470e+00 6 1 -1.000000e+00
-1.316363e-01 -9.695452e-01  1.516481e+00  0.000000e+00  0.000000e+00  1.724726e-01 -4.229239e-03 -1.592551e-01  1.018700e-03
 1.172751e-01  1.804888e-01 -1.836342e-01  1.249163e+02  5.000000e-01  4.217097e-01  8.787479e-01 -2.237818e+00  9.150472e-02
3  1.413710e+00  1.562024e+00  3.280516e+00  1.298804e+00  2.582208e-01  1.534700e+01 6 1  2.929504e-01
 3.910796e-01  2.912493e+00  1.375133e+00  0.000000e+00  0.000000e+00  1.465441e-01 -3.222512e-02 -1.209181e-02  8.749775e-04
-6.508182e-02 -3.361525e-01 -3.550880e-01  2.778789e+02  5.000000e-01  1.661487e+00  1.660780e+00 -7.039743e-01  3.008035e-01
-6.481189e-03 -3.331009e-02  3.279032e-03  2.811990e+02  1.000000e+00  2.014917e+01  7.279086e+00 -2.955918e+00  1.549233e+01
3  6.279640e-01 -2.632884e-01  1.611708e+00  7.388280e-01  1.007224e-01  7.583710e+00 6 1 -1.000000e+00
 1.268602e+00 -1.998880e-01  1.807065e+00  0.000000e+00  0.000000e+00  1.861520e-01 -2.480638e-01  2.177831e-01  1.561737e-02
-5.928189e-03  2.748602e-03  1.352082e-04  1.274883e+02  1.000000e+00  9.108234e+01 -1.554834e+01  2.184201e+01  9.024218e+01
-3.041078e-01  1.525107e-01 -1.820120e-01  1.109601e+02  5.000000e-01  8.897051e-01 -1.358024e+00  1.913656e+00  5.620531e-01
2  1.521047e+00  1.388606e+00  8.438124e-03  3.239531e-01  1.314376e-01  1.634510e+01 6 1 -1.000000e+00
-9.547558e-03 -9.018292e-03 -1.672068e-04  0.000000e+00  5.000000e-01  7.514717e+01 -6.764957e+00 -1.069236e+02  7.445151e+01
-3.409031e-03 -3.228609e-03  2.197726e-05  1.983523e-01  1.000000e+00  3.069129e+02 -1.105917e+01 -2.189951e+02  3.060844e+02
3 -5.007656e-02  4.919033e-01  1.177295e+00  6.099297e-01  1.297646e-02  1.535850e+01 6 2 -1.000000e+00
-1.231181e-01  9.563991e-01  1.583574e+01  0.000000e+00  0.000000e+00  4.013066e-01  5.272847e-01  1.313632e-01  3.650398e-02
 1.529670e-02 -2.127306e-01 -2.054917e-01  7.993430e+01  5.000000e-01  1.770029e+00  2.299394e+00  4.148596e-01  1.146066e+00
 1.572267e-03 -2.763139e-02  6.419817e-03  8.242526e+01  1.000000e+00  1.523153e+01  6.818659e+00  5.240077e-01  1.424957e+01
2  1.832664e+00 -5.453923e-01  1.992849e+00  8.522416e-01  1.769401e-02  1.079430e+01 6 2  2.845620e-01
-1.520347e+00 -8.884093e-01  3.820246e+00  0.000000e+00  0.000000e+00  3.119834e-01 -4.214943e-01 -1.842451e-01  8.052524e-04
 2.454121e-01  3.546294e-02 -6.759546e-02  2.731015e+02  5.000000e-01  1.328506e+00 -3.799069e+00 -6.847488e-01  1.097705e-01
3  4.481576e-01 -7.656694e-02  2.547650e+00  1.219728e+00  6.058100e-01  1.675500e+01 6 1 -1.000000e+00
 1.885208e+00  3.167096e-01  2.092627e+00  0.000000e+00  0.000000e+00  2.782191e-01 -2.074403e-01  8.234136e-03  3.012858e-03
-6.599280e-01  4.298624e-01 -1.267734e+00  2.204937e+02  5.000000e-01  7.252010e-01 -2.246776e-01  9.021327e-01  3.710448e-02
-8.396213e-04  1.433511e-04  3.767013e-06  3.236285e+02  1.000000e+00  5.335231e+02 -1.269568e+02  4.472721e+01  5.288112e+02
1 -8.524880e-01 -3.883800e+00  0.000000e+00  2.164783e+00  0.000000e+00  1.873440e+01 0 2 -1.000000e+00
 1.491244e+00 -6.621059e+00  3.141045e+00  0.000000e+00  0.000000e+00  3.510152e-01  2.896682e-01 -1.375069e-01  3.255270e-04
3  5.507180e-02  1.800955e-01  7.784497e-01  2.406649e-01  4.703609e-01  1.695080e+01 6 1 -1.000000e+00
-4.502615e-02 -1.846404e-01 -9.207222e-01  3.096626e+01  5.000000e-01  6.287936e-01  8.515972e-01 -7.061730e-01  1.558048e-01
 9.024608e-02  5.819660e-01  1.957480e+00  0.000000e+00  0.000000e+00  2.784180e-01  3.190657e-02 -9.381677e-02  8.000480e-03
-6.469770e-05 -1.227117e-03  4.726835e-05  3.944588e+01  1.000000e+00  1.591321e+02  5.941027e+01  1.789869e+01  1.576612e+02
1  1.429937e+00  1.642032e+00  0.000000e+00  1.090993e+00  0.000000e+00  1.464070e+01 0 2 -1.000000e+00
 2.299536e+00  1.578807e+00  5.652867e+00  0.000000e+00  0.000000e+00  3.520103e-01 -4.200766e-02 -4.911462e-01  7.356924e-04
3 -6.470777e-02  2.758033e-01  8.242229e-01  2.806715e-01  1.304172e-01  5.150980e+00 6 1 -1.000000e+00
-2.520911e-01  5.497340e-01  1.851624e+00  0.000000e+00  0.000000e+00  1.956019e-01  2.606676e-01  1.975910e-01  1.210767e-02
 2.977417e-02 -2.247951e-01 -2.414836e-01  9.354295e+01  5.000000e-01  5.684283e-01  2.010504e+00  5.340384e-01  3.025228e-01
 5.364717e-05 -4.146759e-04  1.678189e-06  1.435508e+02  1.000000e+00  8.489687e+02  3.486461e+02  4.020275e+01  8.481622e+02
1  1.107656e-01 -6.606900e-02  0.000000e+00  2.907713e-02  0.000000e+00  1.719450e+01 0 2  2.738437e-01
 4.250444e-02 -7.425308e-02  3.247261e+00  0.000000e+00  0.000000e+00  3.500069e-01  2.634590e-01  2.124349e-01  8.190110e-04
3  2.379679e-02 -1.601420e+00  5.085046e+00  2.511866e+00  1.256441e-01  1.078750e+01 6 1 -1.000000e+00
-1.185004e+00 -4.627031e+00  1.976520e+00  0.000000e+00  0.000000e+00  2.806095e-01  1.029985e-01  3.121291e-02  9.273496e-04
-3.517706e-02  3.263105e-01 -2.483381e-01  5.703821e+02  5.000000e-01  2.342838e+00  2.326349e+00  6.465923e-01  9.220135e-01
-6.114272e-03  8.340780e-02  1.715135e-02  5.717585e+02  1.000000e+00  1.000627e+01  4.664125e+00  1.026807e+00  7.925884e+00
3 -2.146403e-01  1.278673e-01  8.399417e-01  4.686343e-01  3.505156e-01  9.718620e+00 6 1 -1.000000e+00
-5.688853e-01  4.281990e-01  2.088029e+00  0.000000e+00  0.000000e+00  2.930774e-01 -2.103213e-02  1.427465e-01  2.826482e-02
 1.252717e-01 -4.471552e-02 -7.318866e-01  2.766372e+01  5.000000e-01  1.772973e+00 -1.075285e+00  8.986552e-01  1.160621e+00
 4.476579e-02 -1.674788e-02  1.255469e-01  2.780002e+01  1.000000e+00  4.746959e+00 -2.004405e+00  1.434194e+00  3.916565e+00
1 -1.295463e-01 -5.553568e-01  0.000000e+00  7.976680e-01  0.000000e+00  1.675990e+01 0 2  2.761743e-01
-1.504377e+00 -1.399190e-01  3.610844e+00  0.000000e+00  0.000000e+00  3.638921e-01 -3.072580e-01  1.824342e-01  7.532758e-03
3 -4.754520e-01  6.270139e-01  2.220959e+00  5.955533e-01  1.246519e-01  1.277550e+01 6 1 -1.000000e+00
-1.239107e+00  1.477499e+00  1.504357e+00  0.000000e+00  0.000000e+00  1.835176e-01 -4.362743e-02  2.110434e-03  9.152951e-04
 1.390013e-01 -2.641888e-01 -1.875210e-01  4.668494e+02  5.000000e-01  9.529567e-01  1.246338e+00  1.944631e+00  2.662580e-01
 6.387926e-04 -1.445541e-03  5.053102e-06  5.242017e+02  1.000000e+00  4.767106e+02  1.563964e+02  6.278990e+01  4.743849e+02
3 -4.145443e-02  2.138936e-01  5.211328e-01  2.674438e-01  6.924704e-02  1.937820e+01 6 2 -1.000000e+00
 6.923320e-02  4.463080e-01  3.276089e+00  0.000000e+00  0.000000e+00  3.247465e-01  3.881030e-01  1.006696e-02  2.539408e-02
 1.844816e-02 -7.234433e-02 -2.268595e-01  1.627851e+01  5.000000e-01  2.188577e+00  2.093196e+00  1.199692e+00  1.505459e+00
 4.263313e-03 -1.810766e-02  2.079771e-02  1.643097e+01  1.000000e+00  9.544202e+00  4.377497e+00  2.399729e+00  8.571448e+00
1  4.821754e+00  5.041741e+00  0.000000e+00  4.242449e+00  0.000000e+00  1.198250e+01 0 2 -1.000000e+00
 5.612922e+00  9.395534e+00  3.299168e+00  0.000000e+00  0.000000e+00  3.664158e-01  1.103722e-01 -2.934964e-01  7.425425e-05
3 -1.495521e-01  1.779427e-01  9.419106e-01  7.557401e-01  2.943310e-01  1.696890e+01 6 1 -1.000000e+00
-2.564529e-01  6.021913e-01  2.254139e+00  0.000000e+00  0.000000e+00  2.136680e-01  2.343126e-01  3.461027e-01  6.429245e-03
 2.769281e-01 -1.741464e-01 -6.634629e-01  3.627545e+01  5.000000e-01  4.344166e-01 -3.822438e-01  1.296541e+00  1.257077e-01
 8.451843e-04 -4.071763e-04  1.959868e-05  5.915879e+01  1.000000e+00  2.535009e+02 -1.106556e+02  2.209512e+01  2.523493e+02
3  3.749407e-01 -7.758378e-02  8.286840e-01  3.608970e-01  4.878950e-02  1.696280e+01 6 2 -1.000000e+00
 6.071959e-01 -1.763428e-01  3.125282e+00  0.000000e+00  0.000000e+00  2.246341e-01 -4.716704e-01  2.423802e-01  6.596903e-03
-5.657552e-04  1.311151e-04  4.363782e-06  1.191575e+02  1.000000e+00  4.799121e+02 -3.329058e+00  1.366383e+01  4.789320e+02
-1.930323e-01  3.895224e-02 -1.524809e-01  8.813024e+01  5.000000e-01  5.197764e-01 -2.415366e+00  9.771474e-01  1.767192e-01
2 -3.385840e-01 -1.442907e-01  6.541937e-01  2.971654e-01  1.451488e-01  1.136230e+01 6 3  2.693995e-01
 4.740425e-01 -1.156466e-01  3.020490e+00  0.000000e+00  0.000000e+00  3.417448e-01 -2.789161e-01  1.563125e-01  1.623587e-03
-1.648696e-01  2.492660e-02 -4.384206e-01  6.376016e+01  5.000000e-01  5.933352e-01 -1.489697e+00  4.765436e-01  3.976471e-02
3 -3.464937e-01 -1.286093e-02  9.854143e-01  4.443926e-01  1.234402e-01  1.392770e+01 6 1 -1.000000e+00
-7.609763e-01 -2.928474e-02  2.706177e+00  0.000000e+00  0.000000e+00  2.840795e-01 -3.781715e-01 -1.853924e-03  7.833752e-03
 2.231006e-01  2.203766e-02 -3.340511e-01  5.264567e+01  5.000000e-01  8.165468e-01 -1.724727e+00 -2.291845e-01  2.277878e-01
 2.453433e-03  4.012026e-04  9.010203e-05  6.251451e+01  1.000000e+00  1.086534e+02 -1.514989e+01 -1.616209e+01  1.067530e+02
3 -2.155966e-01 -1.744685e-01  1.037431e+00  3.813461e-01  5.988768e-01  1.592070e+01 6 1 -1.000000e+00
-5.989668e-01 -4.716835e-01  1.574373e+00  0.000000e+00  0.000000e+00  1.960842e-01 -3.474162e-02 -9.949961e-02  8.196903e-03
 1.993924e-01  1.908014e-01 -9.428554e-01  5.687955e+01  5.000000e-01  4.426395e-01 -7.214583e-02 -1.168783e+00  1.430256e-01
 8.647790e-04  8.346436e-04  3.025734e-05  7.744861e+01  1.000000e+00  1.847226e+02  1.283718e+01 -2.322458e+01  1.838056e+02
2  4.129199e-01  4.640608e-02  1.203870e+00  4.513315e-01  2.286134e-01  1.515290e+01 6 1 -1.000000e+00
 9.255510e-01  1.089000e-01  1.572617e+00  0.000000e+00  0.000000e+00  1.891943e-01 -1.360696e-01 -5.484651e-02  2.524513e-03
-2.719266e-01 -1.499635e-02 -3.595213e-01  1.134972e+02  5.000000e-01  4.424647e-01 -1.741710e+00 -2.424196e-01  9.232771e-02
3  6.844078e-02 -2.832743e-02  3.385756e-01  1.753973e-01  1.921778e-01  1.614790e+01 6 3 -1.000000e+00
 1.763294e-01 -2.197300e-01  3.057066e+00  0.000000e+00  0.000000e+00  4.086517e-01 -7.427237e-02  1.306346e-01  1.370308e-02
-6.234173e-02  2.041486e-02 -5.875001e-01  6.495650e+00  5.000000e-01  1.496795e+00 -1.239677e+00  6.419761e-01  7.040738e-01
-6.577250e-03  2.771589e-03  1.173972e-02  6.746390e+00  1.000000e+00  1.260657e+01 -4.973263e+00  4.979788e+00  1.116952e+01
1  1.764697e-01 -1.543306e-01  0.000000e+00  1.307181e-01  0.000000e+00  1.394780e+01 0 2  3.044036e-01
-1.927191e-01 -7.567476e-02  3.058144e+00  0.000000e+00  0.000000e+00  3.441890e-01 -3.190378e-01 -3.615418e-02  3.051626e-03
3 -6.951593e-01 -3.570867e-01  1.866165e+00  6.738883e-01  1.128685e-01  1.326940e+01 6 1 -1.000000e+00
-1.608900e+00 -4.879738e-01  1.479492e+00  0.000000e+00  0.000000e+00  1.738154e-01  9.479270e-03 -8.113809e-02  9.957520e-03
 3.912523e-02  2.231236e-02  1.104903e-02  2.376546e+02  1.000000e+00  1.246275e+01 -2.983892e+00 -5.655557e+00  1.182994e+01
 1.624355e-01  9.934492e-02 -1.669881e-01  2.360372e+02  5.000000e-01  2.210373e+00 -1.123753e+00 -2.488099e+00  1.767457e+00
2  1.620103e-01  1.440492e-01  1.501349e+00  8.117092e-01  8.584203e-01  1.323430e+01 6 1 -1.000000e+00
-5.611790e-01 -5.858548e-02 -1.769168e+00  1.118647e+02  5.000000e-01  4.811084e-01 -9.129048e-01 -3.302749e-02  2.559489e-02
 6.626821e-01  8.110191e-01  2.060957e+00  0.000000e+00  0.000000e+00  2.736979e-01  3.382252e-02 -2.028777e-01  3.019969e-03
3 -6.451884e-02  5.568339e-02  5.216770e-01  2.688335e-01  4.796125e-01  1.307990e+01 6 1 -1.000000e+00
 1.531040e-01 -3.404396e-02 -9.941243e-01  1.612703e+01  5.000000e-01  6.677459e-01 -1.013228e+00  2.994538e-01  1.681834e-01
-2.284015e-01  3.217656e-01  2.072765e+00  0.000000e+00  0.000000e+00  3.053640e-01  8.139753e-03  2.376016e-03  6.407851e-03
 5.824108e-04 -3.308225e-04  8.668722e-05  2.297104e+01  1.000000e+00  1.119240e+02 -2.590319e+01  9.870872e+00  1.104039e+02
3 -2.995839e-01 -3.277694e-03  1.310423e+00  6.421851e-01  2.879827e-01  1.039050e+01 6 1 -1.000000e+00
-9.452784e-01 -1.752266e-01  2.924579e+00  0.000000e+00  0.000000e+00  3.655527e-01 -2.451784e-01 -2.194101e-02  1.224343e-02
 3.540737e-01 -5.249863e-03 -8.422283e-01  1.528876e+02  5.000000e-01  7.451257e-01 -1.108625e+00  1.524399e-01  1.662450e-01
 2.473702e-03  2.227977e-04  8.528307e-05  1.982961e+02  1.000000e+00  1.140694e+02 -3.035395e+01 -1.173372e+01  1.122647e+02
3 -3.921637e-01 -1.825260e-01  1.027430e+00  6.512229e-01  1.011812e-01  6.613930e+00 6 1 -1.000000e+00
-8.371460e-01 -1.102467e-01  1.966857e+00  0.000000e+00  0.000000e+00  2.050342e-01 -2.190126e-01 -2.749160e-01  6.518435e-02
 2.653281e-02  5.461640e-03  6.561409e-03  4.108329e+01  1.000000e+00  1.625102e+01 -8.621122e+00 -2.421482e+00  1.588147e+01
 1.779113e-01  4.872349e-02 -1.990089e-01  3.991475e+01  5.000000e-01  1.741852e+00 -1.730781e+00 -1.606127e+00  1.502540e+00
3 -8.459833e-01 -1.254065e+00  2.030450e+00  1.127919e+00  1.869770e-02  1.716300e+01 6 2  2.758608e-01
-1.553531e+00  9.045195e-01  4.836973e+00  0.000000e+00  0.000000e+00  3.535231e-01 -3.192825e-01  3.305301e-01  9.146652e-03
 1.978876e-02 -8.829810e-03  8.034001e-04  3.598270e+02  1.000000e+00  4.561293e+01 -1.712979e+01  2.126438e+01  4.253942e+01
 2.194777e-01 -8.500854e-02 -9.044027e-02  3.524932e+02  5.000000e-01  2.874371e+00 -3.044743e+00  2.302136e+00  1.440702e+00
5 -8.158206e-04 -2.474658e-03  6.561313e-02  2.426513e-02  1.000000e+00  5.767500e+00 6 3 -1.000000e+00
 1.506691e-02 -3.216958e-02 -5.148121e+00  4.394049e-02  5.000000e-01  6.539321e-01  3.314732e-01  4.518121e-01  4.025724e-01
-2.740583e-02 -1.939061e-02  5.418711e+00  0.000000e+00  0.000000e+00  3.552245e-01 -2.250587e-01 -4.248980e-01  1.166794e-01
-5.418962e-03  3.016350e-02 -2.459174e+00  1.053922e-01  5.000000e-01  7.801027e-01  6.504801e-01  1.785245e-01  5.184150e-01
 3.092817e-02 -1.105721e-02  7.705334e+00  3.440041e-02  0.000000e+00  4.042892e-01 -4.420709e-01  1.722339e-01  1.614741e-01
 6.037762e-06  2.275254e-04  6.544270e-03  2.263277e-01  1.000000e+00  1.467552e+01  5.408938e+00  2.226584e+00  1.409994e+01
1  2.690061e+00 -2.683786e+00  0.000000e+00  1.350627e+00  0.000000e+00  9.725470e+00 0 2  2.850204e-01
 5.719886e-01 -3.670530e+00  3.886989e+00  0.000000e+00  0.000000e+00  4.205400e-01 -3.387707e-02  2.781324e-01  2.519009e-04
1 -1.340239e+00 -9.646661e-01  0.000000e+00  9.658301e-01  0.000000e+00  1.414760e+01 0 2 -1.000000e+00
-2.043311e+00 -1.218657e+00  3.054654e+00  0.000000e+00  0.000000e+00  3.528261e-01 -1.335485e-01 -2.713476e-01  4.413664e-03
3  5.432708e-01  1.273849e+00  2.250107e+00  8.308848e-01  4.175900e-03  1.760550e+01 6 2 -1.000000e+00
 1.551721e+00  1.427282e+00  3.435585e+00  0.000000e+00  0.000000e+00  3.524019e-01  2.303463e-01 -2.743221e-01  1.182625e-03
-6.143290e-02 -1.413858e-01 -1.434666e-02  4.614870e+02  5.000000e-01  2.665963e+00  5.932110e+00 -6.106401e+00  1.722905e+00
-1.302574e-03 -2.875889e-03  8.131985e-06  4.824439e+02  1.000000e+00  3.705179e+02  7.288261e+01 -9.088672e+01  3.686551e+02
3  5.064041e-01  1.558814e-02  1.792372e+00  8.200448e-01  1.836980e-01  1.534750e+01 6 1 -1.000000e+00
 1.440748e+00 -3.786411e-02  2.367211e+00  0.000000e+00  0.000000e+00  3.367691e-01 -1.301796e-01 -2.214467e-02  3.788211e-03
-3.514135e-01 -1.040486e-02 -4.348520e-01  1.431233e+02  5.000000e-01  9.046969e-01 -1.513159e+00 -1.380758e-01  1.961662e-01
-1.952091e-03 -3.147434e-06  1.829139e-05  1.707961e+02  1.000000e+00  2.450300e+02 -6.970349e+01  4.639896e+00  2.428014e+02
3  2.363377e-01  2.782268e-01  3.666087e-01  1.865318e-01  8.384521e-01  1.262400e+01 6 3  2.856440e-01
 1.753043e-01  2.454348e-01  3.428300e+00  0.000000e+00  0.000000e+00  3.989288e-01  9.904703e-02 -2.445128e-01  2.789649e-03
-2.604825e-02 -6.092955e-02 -4.088845e+00  5.824254e+00  5.000000e-01  1.410412e+00  4.283108e-01 -4.791196e-01  1.378799e-01
-1.268340e-02 -3.081863e-02  1.325612e+00  5.833664e+00  1.000000e+00  2.244181e+00  6.138416e-01 -6.456122e-01  4.744642e-01
3  4.277173e-01 -4.683615e-01  2.442323e+00  1.078076e+00  3.221851e-01  1.134850e+01 6 1 -1.000000e+00
 1.205976e+00 -1.468713e+00  2.272061e+00  0.000000e+00  0.000000e+00  3.251047e-01 -5.417021e-03  1.237952e-01  1.889932e-03
-3.832814e-01  3.857956e-01 -7.320241e-01  2.914100e+02  5.000000e-01  6.587014e-01  1.284756e-02  1.217536e+00  7.374690e-02
-6.075782e-04  5.434969e-04  2.379116e-06  3.891755e+02  1.000000e+00  6.578688e+02 -6.557123e+01  8.278233e+01  6.558311e+02
4 -2.449216e+00  8.680975e-01  3.626455e+00  1.007692e+00  1.000000e+00  1.516130e+01 6 3  2.755282e-01
-1.370144e+00 -1.500211e+00  4.184280e+00  0.000000e+00  0.000000e+00  4.966764e-01 -3.861274e-02  1.133755e-01  9.141055e-04
-9.183343e-01  4.040508e-01 -2.230849e+00  7.093360e+01  5.000000e-01  7.130277e-01 -4.824048e-01  5.458009e-01  4.854082e-03
 1.466319e-01  1.793810e+00  3.613622e+00  1.464189e+01  0.000000e+00  4.639921e-01 -4.652531e-02  9.170156e-02  1.926954e-03
 4.884989e-01 -2.023123e-01 -6.207304e-01  1.594235e+02  5.000000e-01  8.502369e-01 -9.101966e-01  8.972049e-01  3.063197e-02
3  3.034205e-01 -4.018039e-02  8.340669e-01  4.062559e-01  1.014771e-01  1.397970e+01 6 1 -1.000000e+00
 6.400555e-01  8.763246e-02  2.153429e+00  0.000000e+00  0.000000e+00  2.583471e-01 -2.895967e-01  4.251157e-02  8.249696e-03
-1.923490e-01  3.499757e-02 -2.185237e-01  6.487239e+01  5.000000e-01  6.294789e-01 -1.978117e+00  8.947073e-01  2.260646e-01
-5.953594e-04  5.899719e-05  4.851044e-06  8.778511e+01  1.000000e+00  4.659170e+02 -9.970519e+01  8.095430e+00  4.647494e+02
3  3.496282e-01 -3.015710e+00  3.652538e+00  1.491013e+00  7.098133e-01  1.024920e+01 6 1  2.700657e-01
-1.999637e+00 -2.399742e+00  1.398067e+00  0.000000e+00  0.000000e+00  1.502552e-01  1.762225e-02  8.051222e-02  2.238848e-04
 3.138994e-01  4.266668e-01 -9.923663e-01  1.110384e+03  5.000000e-01  1.174517e+00  4.245588e-01 -9.262281e-01  3.507975e-02
 3.714852e-03  3.035111e-03  3.254601e-05  1.160732e+03  1.000000e+00  1.951769e+02 -4.255964e+01 -7.188604e+01  1.857080e+02
3  2.738083e-01  1.826485e-01  1.101794e+00  4.028679e-01  4.924821e-01  1.695970e+01 6 1 -1.000000e+00
 9.431081e-01  2.855079e-01  1.440504e+00  0.000000e+00  0.000000e+00  1.626297e-01  8.346945e-02  4.486922e-03  3.481876e-02
-9.365338e-02 -8.741970e-02 -7.094222e-01  2.175975e+01  5.000000e-01  2.782131e+00  1.504613e-01 -2.136106e+00  2.442161e+00
-6.271714e-02 -5.543758e-02  3.467817e-01  2.176745e+01  1.000000e+00  4.269574e+00 -1.482077e-02 -2.793964e+00  3.887558e+00
1  4.186341e+00 -1.026019e+01  0.000000e+00  4.145844e+00  0.000000e+00  1.852860e+01 0 2 -1.000000e+00
 5.513610e+00 -1.643284e+01  3.985566e+00  0.000000e+00  0.000000e+00  4.211042e-01  2.090041e-01  2.013264e-01  2.293619e-05
1 -2.863643e+00  2.653426e+00  0.000000e+00  2.849115e+00  0.000000e+00  4.656790e+00 0 2 -1.000000e+00
-7.040486e+00  4.642313e+00  3.021642e+00  0.000000e+00  0.000000e+00  3.922413e-01 -6.568662e-02  1.846892e-01  7.968566e-04
1  3.597372e-01  1.247646e+00  0.000000e+00  4.415014e-01  0.000000e+00  1.079390e+01 0 2  2.839391e-01
 2.582503e-01  1.173186e+00  3.312582e+00  0.000000e+00  0.000000e+00  3.254913e-01  3.555154e-01 -1.633749e-01  1.084702e-03
3  1.216705e+00  1.283855e-01  7.346001e-01  3.271520e-01  2.046253e-01  1.847860e+01 6 1  2.754629e-01
-1.168540e-01  6.124778e-01  2.425474e+00  0.000000e+00  0.000000e+00  3.003205e-01  1.934184e-01  1.996250e-01  6.829112e-03
 1.130280e-02 -1.108569e-01 -4.963132e-01  4.583052e+01  5.000000e-01  1.347962e+00  1.359128e+00  5.373134e-01  5.631271e-01
 5.393442e-04 -1.439638e-02  9.416603e-03  4.675699e+01  1.000000e+00  1.274640e+01  5.574008e+00 -8.443219e-01  1.129095e+01
1 -3.832375e+00 -6.086531e+00  0.000000e+00  1.129642e+01  0.000000e+00  1.783860e+01 0 2 -1.000000e+00
-8.729914e+00 -1.716355e+01  4.903452e+00  0.000000e+00  0.000000e+00  4.247176e-01  2.046651e-01 -2.917603e-01  1.659815e-04
3  2.943754e-01  1.625851e-01  8.291505e-01  3.311433e-01  1.900348e-01  6.172040e+00 6 1 -1.000000e+00
 6.710467e-01  2.688576e-01  1.590300e+00  0.000000e+00  0.000000e+00  1.969606e-01 -1.847040e-02 -1.253747e-01  1.296562e-02
-9.493943e-02 -4.856306e-02 -3.022123e-01  4.966387e+01  5.000000e-01  1.492677e+00 -9.723379e-01 -1.614380e+00  1.084122e+00
-1.988849e-02 -9.342448e-03  1.700496e-02  5.022130e+01  1.000000e+00  9.418876e+00 -2.373967e+00 -2.536801e+00  8.815293e+00
1 -8.229865e-01  3.060705e-01  0.000000e+00  7.931111e-01  0.000000e+00  1.376880e+01 0 2  2.803809e-01
 1.406584e+00  1.287938e-01  4.093234e+00  0.000000e+00  0.000000e+00  3.395342e-01 -3.849141e-01  2.091664e-01  1.030845e-02
3  4.642450e-01 -2.369840e-01  1.421489e+00  9.406671e-01  3.533160e-02  1.592420e+01 6 2 -1.000000e+00
 1.127246e+00  1.686272e-01  4.344864e+00  0.000000e+00  0.000000e+00  3.883533e-01 -3.639193e-01  1.073201e-01  1.079257e-02
-1.670943e-03  6.510775e-04  1.099737e-05  1.485657e+02  1.000000e+00  3.296677e+02 -1.082703e+02  7.327436e+01  3.279175e+02
-2.938622e-01  1.357063e-01 -1.535110e-01  1.151013e+02  5.000000e-01  1.059718e+00 -1.513361e+00  2.056088e+00  4.064609e-01
4  7.896522e+00  1.184078e+00  1.796704e+01  4.129074e+00  1.000000e+00  1.873440e+01 6 1  2.694044e-01
 5.957111e+00 -9.205620e+00  2.219476e+00  0.000000e+00  0.000000e+00  2.724760e-01 -1.102821e-01 -2.580160e-01  7.516266e-06
 2.750068e+00  1.642792e+00 -1.225211e+00  3.574747e+03  5.000000e-01  9.660697e-01 -5.306222e-01 -7.319682e-01  4.307622e-04
-1.481645e+00  7.149176e+00  2.510331e+00  2.474164e+03  0.000000e+00  3.410850e-01 -7.104734e-02 -1.754063e-01  1.925543e-05
-2.274723e-01 -6.467296e-03 -6.104112e-02  4.390188e+03  5.000000e-01  4.259001e+00 -5.111634e+00 -9.352439e-01  1.051964e+00
2  1.238443e-01  8.331898e-01  3.465711e+00  1.526658e+00  3.287658e-01  1.324420e+01 6 1 -1.000000e+00
 5.360862e-01  2.934344e+00  2.446525e+00  0.000000e+00  0.000000e+00  3.435165e-01  1.143896e-01 -9.561647e-02  3.276322e-04
-8.549496e-03 -4.883047e-01 -8.043338e-01  8.743444e+02  5.000000e-01  1.352248e+00  1.169317e+00 -6.497116e-03  7.107009e-02
3  3.930392e-01 -1.423770e-01  1.638241e+00  7.213667e-01  6.044466e-01  1.153730e+01 6 1 -1.000000e+00
 1.135814e+00 -4.900276e-01  2.175133e+00  0.000000e+00  0.000000e+00  2.763120e-01 -1.781811e-01  1.795373e-01  2.117731e-02
-3.947874e-01  9.400434e-02 -1.314751e+00  3.962779e+01  5.000000e-01  8.352221e-01 -7.852344e-01  4.137133e-01  3.105032e-01
-2.772294e-02  7.613534e-03  1.214884e-02  4.271304e+01  1.000000e+00  1.033756e+01 -2.116357e+00  6.314257e-01  9.080111e+00
1  2.669429e-02  8.941857e-02  0.000000e+00  1.202493e-01  0.000000e+00  1.243260e+01 0 2 -1.000000e+00
 1.969087e-01  1.470244e-01  4.316563e+00  0.000000e+00  0.000000e+00  4.496654e-01  1.455333e-01 -2.236570e-01  9.305975e-02
3  1.979926e+00 -1.288691e-01  2.049909e+00  8.721292e-01  2.277881e-01  8.545700e+00 6 1  2.850455e-01
-3.410242e-01 -1.574177e-01 -4.438664e-01  1.700359e+02  5.000000e-01  1.136520e+00 -1.116333e+00 -1.012604e+00  2.905523e-01
 1.362352e+00  9.830360e-01  1.948594e+00  0.000000e+00  0.000000e+00  2.576510e-01 -1.350896e-01 -1.401508e-01  6.063244e-03
-9.314965e-03 -5.563968e-03  4.631258e-04  1.831379e+02  1.000000e+00  5.111850e+01 -6.330588e+00 -1.767902e+01  4.826075e+01
1  4.388999e-03  5.954203e-02  0.000000e+00  6.808138e-02  0.000000e+00  1.325820e+01 0 2 -1.000000e+00
 4.569176e-02  1.067280e-01  4.370565e+00  0.000000e+00  0.000000e+00  3.459388e-01  4.056473e-01 -1.855881e-01  5.618202e-02
5  6.410696e-02 -6.107821e-02  1.121378e+00  5.883735e-01  1.000000e+00  1.717190e+01 6 3 -1.000000e+00
 4.785998e-01 -4.293765e-01  2.124980e+00  0.000000e+00  0.000000e+00  2.613826e-01  2.612690e-02  2.725441e-01  1.282543e-02
-4.402869e-01 -7.549461e-02 -2.508175e+00  2.967905e+01  5.000000e-01  4.218299e-01 -7.399492e-01 -4.306414e-01  7.480685e-02
 4.894270e-02  4.261383e-01 -3.205093e+00  2.888436e+01  5.000000e-01  3.265294e-01  8.183098e-01 -3.097341e-01  3.011840e-02
-3.380506e-01  3.391103e-01  5.320479e+00  2.741392e+01  0.000000e+00  3.164966e-01  8.135550e-02  5.221161e-01  2.824812e-02
-1.079043e-04  7.065535e-05  2.678864e-06  9.652233e+01  1.000000e+00  6.245517e+02 -1.211976e+02  2.890069e+01  6.229761e+02
3 -2.373887e-01  3.652836e+00  3.900104e+00  2.068658e+00  2.113989e-01  8.775580e+00 6 3  2.766290e-01
-7.443454e-01  3.569738e-01 -6.589962e-01  3.153373e+02  5.000000e-01  1.127017e+00 -6.343678e-01  1.063565e+00  7.273641e-02
 3.088881e+00  1.076126e+00  3.117312e+00  0.000000e+00  0.000000e+00  4.221516e-01 -1.122184e-01 -2.294969e-02  1.710651e-03
-2.726010e-03  5.902102e-04  2.011901e-05  3.801100e+02  1.000000e+00  2.299532e+02 -5.041578e+01  1.317625e+01  2.265408e+02
3  2.071203e-01  1.983699e-01  5.961283e-01  2.091041e-01  1.119455e-01  4.891070e+00 6 1 -1.000000e+00
 3.347852e-01  3.937144e-01  1.426489e+00  0.000000e+00  0.000000e+00  1.426124e-01 -5.719563e-02 -1.755566e-01  1.269261e-02
-5.196061e-02 -5.993366e-02 -1.596889e-01  2.111250e+01  5.000000e-01  1.496189e+00  5.056258e-02 -2.550651e+00  1.196079e+00
-6.239747e-03 -7.952008e-03  3.550557e-03  2.157317e+01  1.000000e+00  1.929754e+01  2.945144e+00 -6.669345e+00  1.880001e+01
2  6.111484e-01  5.493038e-01  2.577963e+00  1.182407e+00  1.184382e-01  5.068770e+00 6 1 -1.000000e+00
 1.443511e+00  1.599969e+00  2.332859e+00  0.000000e+00  0.000000e+00  3.251131e-01  2.938528e-02 -1.610910e-01  1.438493e-03
-3.418642e-01 -2.596886e-01 -2.762997e-01  3.111417e+02  5.000000e-01  9.618677e-01 -6.067561e-01 -1.803485e+00  1.500390e-01
3 -2.075573e-01  3.324818e-02  1.227109e+00  5.814925e-01  5.317026e-01  1.259640e+01 6 1 -1.000000e+00
 4.206175e-01 -1.056938e-01 -1.589650e+00  5.184985e+01  5.000000e-01  5.067179e-01 -8.287072e-01  4.308605e-01  5.145933e-02
-7.887538e-01  1.021947e-01  2.989736e+00  0.000000e+00  0.000000e+00  3.242909e-01 -3.445425e-01  5.827191e-02  8.748326e-03
 2.445702e-04 -5.074733e-05  1.716880e-06  1.051867e+02  1.000000e+00  7.736155e+02 -9.525789e+01  7.354395e+01  7.713743e+02
1 -3.099713e-01 -2.091325e+00  0.000000e+00  6.665094e-01  0.000000e+00  1.716980e+01 0 2 -1.000000e+00
-7.151379e-01 -2.247762e+00  3.139207e+00  0.000000e+00  0.000000e+00  2.683781e-01  4.487787e-01 -1.237597e-01  1.172739e-03
1  5.970084e+00 -1.975100e+00  0.000000e+00  3.850856e+00  0.000000e+00  1.136920e+01 0 2 -1.000000e+00
 8.692914e+00 -4.824390e+00  4.566446e+00  0.000000e+00  0.000000e+00  3.958917e-01 -3.077575e-01  2.263701e-01  4.166644e-04
3  2.530524e-01  1.010079e-02  1.431172e+00  6.790234e-01  5.753856e-01  1.870780e+01 6 1 -1.000000e+00
-4.960386e-01  1.574383e-01 -1.309183e+00  2.207402e+01  5.000000e-01  5.983095e-01 -7.858633e-01  5.546252e-01  3.398867e-01
 9.258048e-01  3.205735e-01  2.275314e+00  0.000000e+00  0.000000e+00  2.553390e-01 -2.919989e-01 -1.725022e-01  5.885467e-02
-9.823176e-03  8.176842e-04  2.569934e-03  3.015727e+01  1.000000e+00  2.108398e+01 -2.775124e+00  2.559254e+00  2.049981e+01
3  2.843077e-01  3.203509e-01  2.766963e+00  1.229727e+00  9.713525e-01  1.396960e+01 6 1 -1.000000e+00
-6.736844e-01 -4.391850e-01 -2.945428e+00  1.426050e+02  5.000000e-01  7.512065e-01 -3.657486e-01 -5.173349e-01  9.949464e-02
 1.042417e+00  1.731317e+00  2.861049e+00  0.000000e+00  0.000000e+00  3.917320e-01  2.372761e-02 -1.410845e-01  8.790582e-03
-7.736550e-03 -8.710833e-03  1.209408e-03  1.745056e+02  1.000000e+00  3.047799e+01  7.206979e-01 -6.448379e+00  2.847728e+01
5  3.898156e-03  1.521594e-02  7.085213e-01  3.292698e-01  1.000000e+00  1.370330e+01 6 1 -1.000000e+00
 1.513238e-01 -3.030185e-01  2.107950e+00  1.259914e+00  0.000000e+00  3.055313e-01  4.058291e-02  7.902705e-02  3.840913e-02
-1.780896e-01 -8.348246e-02 -7.532200e-01  4.866177e+00  5.000000e-01  8.854341e-01 -7.018664e-01 -9.209464e-01  4.902421e-01
 2.018314e-01  6.634605e-02 -8.469140e-01  4.321093e+00  5.000000e-01  8.301236e-01 -8.391525e-01 -7.109421e-01  4.536948e-01
-1.362446e-01  3.445206e-01  1.981623e+00  0.000000e+00  0.000000e+00  2.872919e-01  5.245895e-02  2.374967e-02  2.989590e-02
-2.828422e-04 -4.468322e-04  1.627016e-03  7.482365e+00  1.000000e+00  2.708820e+01 -5.095641e+00 -6.325049e+00  2.582127e+01
3  2.353051e-01 -3.215526e-01  1.072462e+00  5.380491e-01  1.113166e-01  9.400560e+00 6 1 -1.000000e+00
 4.960111e-01 -6.598962e-01  2.545133e+00  0.000000e+00  0.000000e+00  2.685970e-01  1.206263e-01  3.570615e-01  9.375716e-03
-1.479447e-01  1.977140e-01 -2.833156e-01  6.696602e+01  5.000000e-01  7.108348e-01  5.568975e-01  1.817447e+00  2.537111e-01
-1.290931e-03  1.698993e-03  4.866466e-05  8.189819e+01  1.000000e+00  1.461109e+02  3.973746e+00  2.219471e+01  1.448306e+02
3  2.336759e-01  1.087203e-01  1.242295e+00  6.317557e-01  4.651331e-02  1.212290e+01 6 2 -1.000000e+00
-3.980191e-01 -2.015264e-01 -5.217139e-01  6.062502e+01  5.000000e-01  6.013200e-01 -9.482780e-01 -1.084654e+00  2.377393e-01
 6.617037e-01  4.467680e-01  1.121644e+01  0.000000e+00  0.000000e+00  3.343086e-01 -2.624003e-01 -5.339816e-01  5.727687e-02
-8.784752e-04 -5.483839e-04  1.178717e-05  1.123688e+02  1.000000e+00  3.242558e+02 -4.086457e+01 -1.341133e+02  3.230483e+02
1  1.931864e-02 -9.643149e-01  0.000000e+00  9.672541e-01  0.000000e+00  1.554700e+01 0 2 -1.000000e+00
 4.024130e-01 -2.093513e+00  3.807537e+00  0.000000e+00  0.000000e+00  4.003879e-01  3.039929e-01  6.697806e-02  2.390950e-02
3 -9.338219e-01 -2.011880e-01  2.889921e+00  1.069289e+00  2.310518e-01  5.769860e+00 6 1 -1.000000e+00
-2.268908e+00 -6.883821e-01  1.891273e+00  0.000000e+00  0.000000e+00  2.581140e-01 -1.365168e-01 -5.489586e-02  5.596513e-03
 5.161351e-01  8.309648e-02 -4.369820e-01  2.545379e+02  5.000000e-01  8.354292e-01 -1.461064e+00 -4.252047e-01  3.160774e-01
 1.290728e-02  2.701474e-03  4.026304e-04  2.783255e+02  1.000000e+00  5.178874e+01 -9.070588e+00 -3.681370e+00  5.058613e+01
3  6.412369e-02 -1.773497e-01  5.674230e-01  2.105657e-01  1.664163e-01  5.144550e+00 6 1 -1.000000e+00
 9.077601e-02 -4.404272e-01  1.865834e+00  0.000000e+00  0.000000e+00  2.384196e-01  1.781374e-01  1.109875e-01  3.889471e-02
-4.556631e-02  1.103719e-01 -3.105052e-01  1.840552e+01  5.000000e-01  1.282778e+00  1.200151e+00  1.363877e+00  9.110299e-01
-2.626365e-03  7.280774e-03  2.189452e-03  1.973273e+01  1.000000e+00  2.564537e+01  9.411076e+00  7.879774e+00  2.491755e+01
2  8.344594e-02  9.353651e-01  3.185414e+00  1.325636e+00  1.572375e-01  1.480030e+01 6 1 -1.000000e+00
 6.487365e-01  2.548712e+00  2.425411e+00  0.000000e+00  0.000000e+00  3.476683e-01  1.149695e-01 -4.172528e-03  1.614365e-03
-3.083057e-02 -5.633694e-01 -3.813657e-01  6.437914e+02  5.000000e-01  7.391582e-01  1.639841e+00  3.340146e-02  1.092598e-01
3  1.188978e-01 -4.259942e-01  1.389249e+00  5.545755e-01  2.248155e-01  1.694990e+01 6 1 -1.000000e+00
 4.672701e-01 -1.001397e+00  1.782769e+00  0.000000e+00  0.000000e+00  2.356059e-01  1.447129e-01  4.930765e-02  3.304222e-03
-4.600673e-02  2.895560e-01 -4.007940e-01  1.425105e+02  5.000000e-01  6.836974e-01  1.534346e+00  4.907927e-01  1.720417e-01
-1.825644e-04  1.415629e-03  1.551037e-05  1.753536e+02  1.000000e+00  2.616799e+02  5.700839e+01 -1.520047e+01  2.598475e+02
1 -2.297037e+00  2.094136e+00  0.000000e+00  2.893964e+00  0.000000e+00  3.705380e+00 0 2 -1.000000e+00
-5.070296e+00  3.985768e+00  4.275385e+00  0.000000e+00  0.000000e+00  4.460003e-01 -1.097411e-02  2.699966e-01  1.729022e-02
3  9.231967e-01 -2.941416e-01  2.876032e+00  1.440372e+00  6.613826e-02  1.025120e+01 6 2 -1.000000e+00
 2.174831e+00 -1.334692e+00  3.506995e+00  0.000000e+00  0.000000e+00  4.144595e-01 -1.791295e-01  1.600810e-01  1.054363e-02
-3.119522e-01  1.101171e-01 -2.319466e-01  2.925688e+02  5.000000e-01  2.277859e+00 -2.011009e+00  1.378443e+00  1.288855e+00
-6.009798e-02  2.346212e-02  1.059516e-02  2.953860e+02  1.000000e+00  1.335884e+01 -5.534344e+00  5.265859e+00  1.187918e+01
3  4.479389e-01  5.264195e-01  2.644962e+00  9.249450e-01  1.793887e-01  1.693960e+01 6 1 -1.000000e+00
 2.169145e+00  1.086552e+00  1.907050e+00  0.000000e+00  0.000000e+00  2.476590e-01  1.765503e-01  1.023567e-01  7.405874e-03
-1.491609e-01 -1.867449e-01 -3.421032e-01  2.008996e+02  5.000000e-01  1.905411e+00  8.899682e-01 -1.717795e+00  1.229502e+00
-4.773164e-02 -4.819243e-02  3.424024e-02  2.018276e+02  1.000000e+00  7.657412e+00  2.054889e-01 -3.882461e+00  6.759913e+00
3  3.148454e-01  3.070371e-01  1.243963e+00  6.221765e-01  1.460019e-01  1.261130e+01 6 1 -1.000000e+00
 4.558307e-01  9.149939e-01  1.639111e+00  0.000000e+00  0.000000e+00  1.988876e-01 -2.134669e-02 -1.767449e-01  9.440407e-03
-2.081639e-01 -1.369350e-01 -2.393134e-01  6.440754e+01  5.000000e-01  1.016352e+00 -8.542367e-01 -1.857194e+00  5.891641e-01
-5.438619e-03 -4.034121e-03  3.467769e-04  7.168136e+01  1.000000e+00  5.855803e+01 -1.042788e+01 -1.790217e+01  5.749339e+01
3  2.369210e-01 -2.692733e-01  1.356129e+00  6.102494e-01  2.196406e-01  9.044380e+00 6 1 -1.000000e+00
 2.582417e-01 -9.980986e-01  2.454558e+00  0.000000e+00  0.000000e+00  2.918927e-01  1.235902e-01  2.805993e-01  3.283451e-02
-2.622796e-01  2.541573e-01 -5.391205e-01  7.375972e+01  5.000000e-01  7.230848e-01 -2.446007e-01  1.368110e+00  3.380681e-01
-5.185073e-03  6.911352e-03  9.927118e-04  8.859079e+01  1.000000e+00  3.356853e+01  3.729926e+00  6.281334e+00  3.265917e+01
3  9.353751e-01 -5.032489e-01  1.498622e+00  6.920116e-01  2.755929e-03  1.200660e+01 6 2 -1.000000e+00
 1.293200e+00 -4.436256e-01  7.596097e+00  0.000000e+00  0.000000e+00  3.628476e-01 -3.356186e-01  4.020904e-01  3.963504e-03
-1.163514e-01  6.532822e-02 -2.093430e-02  1.912128e+02  5.000000e-01  2.803343e+00 -3.852802e+00  6.014687e+00  2.017688e+00
-5.810684e-03  3.383654e-03  7.959228e-05  1.975210e+02  1.000000e+00  1.205043e+02 -1.843301e+01  3.711435e+01  1.191660e+02
1 -7.070064e+00  1.777540e+00  0.000000e+00  2.981136e+00  0.000000e+00  1.198090e+01 0 2  2.695475e-01
-5.186115e+00 -1.039986e+00  6.462182e+00  0.000000e+00  0.000000e+00  4.654902e-01 -3.609630e-01  2.568897e-02  4.615162e-05
3  1.301152e-01  1.150245e-01  7.955436e-01  3.154766e-01  8.375269e-01  1.717140e+01 6 1 -1.000000e+00
-2.004411e-01 -9.211299e-02 -1.618192e+00  3.513591e+01  5.000000e-01  5.547995e-01 -6.705187e-01 -6.054600e-01  7.909470e-02
 3.577459e-01  4.747353e-01  1.932108e+00  0.000000e+00  0.000000e+00  2.605608e-01 -3.980619e-02 -1.661817e-01  5.326108e-03
-1.081496e-03 -1.051325e-03  1.838420e-04  4.523068e+01  1.000000e+00  7.489908e+01  3.548604e+00  3.004417e+00  7.321519e+01
3 -1.335201e+00 -4.583930e-01  1.898591e+00  9.143683e-01  3.168799e-01  6.435860e+00 6 1  2.737627e-01
 4.222962e-01  7.460929e-02 -6.017184e-01  3.342780e+02  5.000000e-01  1.220393e+00 -1.168008e+00 -5.884195e-01  5.171815e-02
-1.395566e+00  6.223525e-01  1.898885e+00  0.000000e+00  0.000000e+00  2.554508e-01 -1.451624e-01  8.158759e-02  1.321473e-03
 5.172614e-03  9.171008e-05  2.246820e-04  3.697609e+02  1.000000e+00  6.983617e+01 -1.669832e+01 -2.974900e+00  6.150042e+01
2  5.945642e-02 -2.985220e-01  9.221430e-01  4.542304e-01  1.533945e-01  1.555240e+01 6 1 -1.000000e+00
 1.659896e-02 -7.287498e-01  2.248510e+00  0.000000e+00  0.000000e+00  2.916564e-01  2.110552e-01  1.116571e-01  1.484619e-03
-4.256088e-02  1.914935e-01 -3.449089e-01  9.863484e+01  5.000000e-01  6.385941e-01  1.529810e+00  8.304291e-01  6.192849e-02
3 -2.333392e-01  1.031760e+00  3.890468e+00  1.331066e+00  2.045609e-01  1.632870e+01 6 1 -1.000000e+00
-5.136685e-01  3.512789e+00  1.776064e+00  0.000000e+00  0.000000e+00  2.443019e-01 -6.483084e-02 -6.191686e-02  3.257687e-03
 1.478307e-01 -3.210298e-01 -3.633132e-01  4.078451e+02  5.000000e-01  2.214423e+00  1.280859e+00  1.608312e+00  1.299361e+00
 3.644784e-02 -8.511259e-02  2.437147e-02  4.094811e+02  1.000000e+00  9.723958e+00  3.708821e+00  4.617413e+00  8.402130e+00
3 -1.052208e+00 -1.232264e+00  1.273984e+00  5.645468e-01  1.971403e-01  9.767420e+00 6 1  2.841530e-01
 1.970718e-01  4.702963e-02 -3.184630e-01  1.049976e+02  5.000000e-01  1.373560e+00 -1.485557e+00 -1.035736e+00  2.676161e-01
-1.045785e+00  3.269298e-01  1.615413e+00  0.000000e+00  0.000000e+00  2.105512e-01 -6.309104e-02  1.456760e-02  2.338702e-03
 4.621131e-03  2.624672e-04  2.634502e-04  1.120074e+02  1.000000e+00  6.586851e+01 -1.979053e+01 -4.524937e+00  6.221494e+01
3  9.234288e-02 -4.243485e-01  1.514831e+00  7.500531e-01  2.538443e-01  1.394150e+01 6 1 -1.000000e+00
 4.627226e-01 -1.042496e+00  2.137313e+00  0.000000e+00  0.000000e+00  2.785134e-01  2.111310e-01  8.994118e-02  7.580191e-03
-7.087770e-02  3.752427e-01 -5.425448e-01  1.379633e+02  5.000000e-01  5.588309e-01  1.391137e+00  3.202074e-01  1.278316e-01
-6.042620e-04  1.432934e-03  1.928452e-05  1.849400e+02  1.000000e+00  2.350482e+02  3.999461e+00  5.392127e+01  2.337759e+02
3  1.802685e-01 -2.600333e-01  1.493272e+00  5.769737e-01  5.624561e-01  1.696220e+01 6 1 -1.000000e+00
 3.394044e-01 -1.053314e+00  2.211740e+00  0.000000e+00  0.000000e+00  2.969917e-01  6.981963e-02  1.929072e-01  1.161531e-02
-2.829867e-01  3.040699e-01 -1.244007e+00  1.077879e+02  5.000000e-01  5.992162e-01 -1.746770e-01  9.664212e-01  9.775163e-02
-1.302755e-03  3.402842e-03  2.110696e-04  1.397156e+02  1.000000e+00  7.275678e+01  2.027255e+01  5.338293e-01  7.111909e+01
3  1.689486e-01  4.293604e-02  1.401719e+00  6.016141e-01  9.400594e-01  1.135100e+01 6 3 -1.000000e+00
-5.224796e-01  1.355304e-01 -3.069936e+00  7.035891e+01  5.000000e-01  5.654205e-01 -6.195869e-01  3.615400e-01  5.791361e-02
 8.594332e-01  3.703324e-01  2.885922e+00  0.000000e+00  0.000000e+00  3.657011e-01 -1.633282e-01 -1.707317e-01  5.169719e-03
-9.217774e-04  5.540917e-05  4.992566e-05  1.283447e+02  1.000000e+00  1.492629e+02 -8.011832e+00  4.345021e+01  1.468908e+02
3  1.801615e-01  1.822162e-02  1.012936e+00  3.839983e-01  9.627719e-01  7.583570e+00 6 1 -1.000000e+00
-3.602014e-01  3.237609e-02 -2.099119e+00  5.507758e+01  5.000000e-01  3.830038e-01 -9.068346e-01  1.863482e-01  5.496102e-02
 6.477986e-01  1.322527e-01  2.180287e+00  0.000000e+00  0.000000e+00  2.535313e-01 -2.956429e-01 -1.056197e-01  9.660896e-03
-5.213596e-04 -3.918700e-05  1.757786e-05  1.027313e+02  1.000000e+00  2.406077e+02  2.062590e+01  9.832548e+00  2.394165e+02
3 -5.821633e-01 -2.262483e-01  2.210732e+00  7.930913e-01  1.411929e-01  1.515420e+01 6 1 -1.000000e+00
-1.837878e+00 -2.511449e-01  2.239356e+00  0.000000e+00  0.000000e+00  3.295513e-01 -3.517118e-02 -4.132295e-02  2.007647e-03
 3.265343e-01  1.990249e-01 -3.161811e-01  3.923434e+02  5.000000e-01  9.566403e-01 -7.559949e-01 -1.610309e+00  2.517633e-01
 2.321393e-03  1.318939e-03  2.401841e-05  4.546313e+02  1.000000e+00  2.150479e+02 -1.270816e+01 -6.340574e+01  2.132325e+02
1  1.108223e+00 -1.590226e-01  0.000000e+00  1.317209e+00  0.000000e+00  1.479110e+01 0 2 -1.000000e+00
 2.383764e+00  2.463097e-01  3.301022e+00  0.000000e+00  0.000000e+00  4.048153e-01 -2.168896e-01  6.532408e-02  5.512065e-03
3  2.089894e+00 -1.184133e+00  9.974693e-01  4.672644e-01  1.610620e-01  1.262120e+01 6 3  2.689808e-01
 8.734924e-01  9.464659e-02  3.860297e+00  0.000000e+00  0.000000e+00  4.726563e-01 -7.262595e-02  1.173430e-01  7.478414e-04
-1.239715e-01  9.136448e-02 -6.217472e-01  7.118646e+01  5.000000e-01  1.345067e+00 -2.507464e-01  1.290181e+00  1.414363e-01
-2.069946e-03  1.232879e-03  2.015751e-04  7.601606e+01  1.000000e+00  7.659893e+01 -1.163858e+01  2.487590e+01  7.254748e+01
3 -9.883055e-01  1.527146e-01  1.036457e+00  5.206321e-01  6.722747e-01  1.460950e+01 6 1  2.692162e-01
-2.288156e-01 -2.249749e-01 -1.481148e+00  7.086453e+01  5.000000e-01  7.926109e-01 -1.726551e-01 -8.296701e-01  4.929045e-02
-1.496133e-01  8.084516e-01  2.203188e+00  0.000000e+00  0.000000e+00  3.217347e-01  6.965225e-02 -3.612106e-02  2.450117e-03
-4.471053e-04 -1.712456e-03  3.585193e-04  9.160745e+01  1.000000e+00  5.398113e+01  2.359744e-01 -4.206440e+00  4.988565e+01
1 -5.119714e+00 -7.806663e-01  0.000000e+00  1.192270e+01  0.000000e+00  1.870960e+01 0 2 -1.000000e+00
-1.958508e+01 -4.702085e+00  3.460835e+00  0.000000e+00  0.000000e+00  3.967798e-01 -2.628759e-01  7.631067e-02  4.411589e-05
5 -3.327478e+00 -2.434723e+00  2.605470e+01  8.055620e+00  1.000000e+00  1.210100e+01 6 3 -1.000000e+00
-1.536926e+01 -9.825620e+00  1.618537e+00  0.000000e+00  0.000000e+00  1.743101e-01 -2.164203e-01 -1.307067e-01  1.134756e-05
 9.463612e+00 -1.940450e+00  9.167950e+00  1.892135e+04  0.000000e+00  4.368027e-01 -4.052354e-01  2.095227e-01  5.889485e-05
 3.208985e-01  7.066315e+00 -1.218893e+00  2.271782e+04  5.000000e-01  1.465900e+00  1.016352e+00  6.714612e-02  1.517337e-03
 7.895658e+00 -5.587237e+00 -7.541378e+00  1.897589e+04  5.000000e-01  5.871889e-01 -2.290800e-01  5.005368e-01  9.461982e-05
 3.578354e-02  5.143207e-02  1.105149e-03  2.384444e+04  1.000000e+00  3.888915e+01  1.095737e+01 -2.026496e+01  3.028066e+01
1 -8.160659e-01  1.670781e+00  0.000000e+00  5.303736e-01  0.000000e+00  1.258120e+01 0 2  2.959638e-01
 2.022759e+00  7.598250e-01  3.209043e+00  0.000000e+00  0.000000e+00  3.687556e-01 -2.588798e-01  1.408239e-01  7.025915e-05
3 -2.085693e-01  4.442533e-02  1.160394e+00  4.976674e-01  5.363618e-01  1.847160e+01 6 1 -1.000000e+00
 3.167473e-01  9.603696e-02 -9.284023e-01  6.569058e+01  5.000000e-01  5.967684e-01 -7.668568e-01 -8.072457e-01  1.496392e-01
-8.176687e-01  3.401980e-01  1.730925e+00  0.000000e+00  0.000000e+00  2.396337e-01  9.416543e-03 -1.850697e-02  6.136565e-03
 1.068371e-03 -9.131752e-05  3.309151e-05  9.367093e+01  1.000000e+00  1.793995e+02 -3.854813e+01 -1.100902e+01  1.779125e+02
5  2.264677e-02 -1.554543e-01  1.090677e+00  5.175122e-01  1.000000e+00  1.325430e+01 6 3 -1.000000e+00
-4.463968e-01 -6.213687e-01  5.100391e+00  0.000000e+00  0.000000e+00  4.385070e-01  1.787031e-01 -2.954255e-01  8.238668e-03
-8.090433e-02  4.047148e-01 -9.767536e-01  5.532744e+01  5.000000e-01  7.780812e-01  9.432745e-01  4.281132e-01  8.396884e-02
 5.189510e-01 -4.830582e-01  2.411233e+01  5.854761e+00  0.000000e+00  4.945576e-01  3.801035e-02  4.610365e-01  1.010660e-02
 3.978839e-01 -5.752540e-01 -2.524397e+01  5.901591e+00  5.000000e-01  5.243164e-01  2.244291e-01  4.642412e-01  1.353456e-02
-6.207837e-05  4.801278e-04  8.489634e-06  1.049808e+02  1.000000e+00  3.625482e+02  1.108785e+02  2.514715e+01  3.595726e+02
3  3.787423e-01 -4.477991e-02  1.007545e+00  4.256518e-01  1.702539e-01  1.462610e+01 6 1 -1.000000e+00
 7.885578e-01 -1.172885e-01  1.790208e+00  0.000000e+00  0.000000e+00  2.158137e-01 -2.219320e-01  8.426160e-02  1.344497e-02
-2.137829e-01 -1.501101e-02 -3.047898e-01  4.392118e+01  5.000000e-01  8.453872e-01 -1.816694e+00  6.691499e-02  5.247976e-01
-7.555618e-03 -1.166668e-03  6.884959e-04  4.866468e+01  1.000000e+00  4.224250e+01 -1.143347e+01 -1.085255e+01  4.160368e+01
3  1.207150e-01 -7.733410e-01  1.490822e+00  5.867051e-01  3.236846e-02  1.535710e+01 6 2 -1.000000e+00
 3.972444e-01 -1.170887e+00  3.001090e+00  0.000000e+00  0.000000e+00  2.205934e-01  4.937173e-01  1.746582e-01  7.407403e-02
-1.279834e-02  3.624480e-02  3.437373e-03  4.293240e+01  1.000000e+00  2.322369e+01  1.031307e+01  9.829198e+00  2.286298e+01
-7.623650e-02  2.427485e-01 -9.714065e-02  4.184447e+01  5.000000e-01  2.602001e+00  3.181888e+00  1.654191e+00  2.358591e+00
1  1.194178e+00 -3.037376e+00  0.000000e+00  4.937612e+00  0.000000e+00  1.780170e+01 0 2 -1.000000e+00
 1.651450e+00 -1.073009e+01  6.244334e+00  0.000000e+00  0.000000e+00  5.383062e-01  1.658022e-01  1.597674e-01  8.643485e-04
1  2.037303e-01 -2.263850e-04  0.000000e+00  6.554802e-02  0.000000e+00  1.845220e+01 0 2  3.104456e-01
-1.867340e-01 -1.940902e-01  5.146886e+00  0.000000e+00  0.000000e+00  3.534514e-01 -3.140687e-01 -3.536859e-01  1.322789e-04
1 -2.703711e+00 -3.462037e+00  0.000000e+00  1.801300e+00  0.000000e+00  1.780170e+01 0 2 -1.000000e+00
-1.763695e+00 -4.898609e+00  3.680073e+00  0.000000e+00  0.000000e+00  3.040418e-01  1.449303e-01 -4.377433e-01  7.849460e-04
3 -6.194248e-01 -8.163468e-01  2.691872e+00  1.154588e+00  4.068973e-02  1.261110e+01 6 2 -1.000000e+00
-1.988098e+00 -1.143391e+00  3.463325e+00  0.000000e+00  0.000000e+00  3.691651e-01 -6.794234e-02 -3.234140e-01  3.912448e-03
 3.861047e-03  5.992037e-03  5.665525e-05  4.080435e+02  1.000000e+00  1.464072e+02  3.000568e+01 -5.091461e+01  1.441212e+02
 2.346835e-01  3.749691e-01 -1.409218e-01  3.691473e+02  5.000000e-01  1.499540e+00  1.188467e+00 -2.435820e+00  5.656937e-01
2  5.246341e-02 -2.155537e-01  1.096828e+00  4.245762e-01  3.706605e-01  1.412130e+01 6 1 -1.000000e+00
 7.441001e-02 -7.192582e-01  2.662138e+00  0.000000e+00  0.000000e+00  2.884700e-01  3.366973e-01  1.314226e-01  5.758378e-03
-9.581896e-02  3.642793e-01 -9.867494e-01  6.906765e+01  5.000000e-01  4.095721e-01  9.497004e-01  6.783087e-01  2.947669e-02
3  3.717998e-02  3.438647e-01  1.430140e+00  6.057851e-01  5.519295e-01  1.535650e+01 6 1 -1.000000e+00
-5.831152e-02 -4.001690e-01 -1.037005e+00  3.058413e+01  5.000000e-01  6.131293e-01  1.040720e+00 -1.757425e-01  2.443297e-01
 1.995443e-01  1.006533e+00  1.878872e+00  0.000000e+00  0.000000e+00  2.390937e-01  2.150892e-01 -2.192604e-02  2.253222e-02
-1.184972e-03 -5.200830e-03  3.193730e-04  3.864678e+01  1.000000e+00  5.968320e+01  1.338077e+01 -1.155586e+01  5.851894e+01
3  1.164226e-01  2.154640e-01  1.420737e+00  6.704891e-01  1.190607e-01  1.378690e+01 6 3 -1.000000e+00
-2.619139e-01 -4.115888e-01 -9.504789e-01  6.381224e+01  5.000000e-01  7.541392e-01  4.944233e-01 -9.317158e-01  1.297424e-01
 2.533544e-01  9.124174e-01  7.983144e+00  0.000000e+00  0.000000e+00  4.541400e-01  3.382827e-01 -2.413795e-01  1.076634e-02
-6.438307e-04 -8.473295e-04  1.375488e-05  1.067524e+02  1.000000e+00  3.031340e+02  1.138754e+01 -1.358449e+02  3.006030e+02
3  1.568573e-01 -6.313704e-01  1.988096e+00  9.722409e-01  2.456450e-01  1.676460e+01 6 1 -1.000000e+00
 3.841616e-01 -1.585327e+00  1.720179e+00  0.000000e+00  0.000000e+00  2.358377e-01  4.466026e-02  2.479180e-02  1.368099e-03
-1.341362e-01  3.340195e-01 -4.225533e-01  2.861624e+02  5.000000e-01  6.142345e-01  1.304300e+00  9.023206e-01  1.242667e-01
-1.528969e-03  2.070644e-03  2.671951e-05  3.342715e+02  1.000000e+00  2.113763e+02 -4.165411e+01  7.139522e+01  2.099871e+02
3 -8.465389e-02  4.504951e-02  3.788220e-01  2.172246e-01  5.707612e-02  1.381020e+01 6 2 -1.000000e+00
 9.636841e-02 -4.937656e-02 -5.603101e-01  5.345746e+00  5.000000e-01  9.126874e-01 -7.924391e-01  1.079069e+00  3.036040e-01
-2.424365e-01  1.200854e-01  9.816892e+00  0.000000e+00  0.000000e+00  4.192989e-01 -2.582169e-01  4.106977e-01  3.021512e-02
 1.905322e-03 -1.070605e-03  7.384314e-04  6.521651e+00  1.000000e+00  3.951192e+01 -5.440123e+00  9.967482e+00  3.790377e+01
3  8.674977e-03  1.136374e-01  1.336939e+00  5.808303e-01  1.876436e-01  6.863300e+00 6 1  2.845863e-01
-1.143674e+00  3.707852e-01  1.538192e+00  0.000000e+00  0.000000e+00  1.633511e-01 -1.501103e-01  1.653319e-01  7.881276e-03
 1.325465e-01 -2.754477e-02 -2.886319e-01  1.092344e+02  5.000000e-01  2.303487e+00 -2.033685e+00  1.013817e+00  1.394529e+00
 5.079300e-02 -1.013127e-02  4.719178e-02  1.094642e+02  1.000000e+00  6.928892e+00 -3.514997e+00  1.267447e+00  5.574183e+00
1  5.906381e-01  2.296423e+00  0.000000e+00  8.246763e-01  0.000000e+00  4.198110e+00 0 2 -1.000000e+00
 5.089605e-01  3.319043e+00  3.024274e+00  0.000000e+00  0.000000e+00  3.574758e-01  2.344965e-01 -1.648966e-01  5.260351e-04
3  3.298966e-01  3.451487e-01  2.914310e+00  1.767775e+00  2.575218e-01  1.592920e+01 6 1 -1.000000e+00
-8.188971e-01 -3.043939e-01 -5.526389e-01  1.255836e+02  5.000000e-01  9.355635e-01 -1.098183e+00 -7.795163e-01  4.420281e-01
 5.639953e-01  2.260915e+00  2.145989e+00  0.000000e+00  0.000000e+00  3.144107e-01  1.514639e-03 -6.359875e-02  9.886659e-03
-1.004963e-02 -6.552559e-03  6.651862e-04  1.590101e+02  1.000000e+00  4.356427e+01 -1.211530e+01 -1.271212e+01  4.243828e+01
3  1.006470e+00  4.472726e-01  2.761159e+00  8.884564e-01  1.210966e-01  1.024930e+01 6 1 -1.000000e+00
 2.305497e+00  8.411750e-01  1.371125e+00  0.000000e+00  0.000000e+00  1.458223e-01  1.706556e-02  1.949614e-04  6.561433e-03
-2.650834e-01 -1.668505e-01 -1.660386e-01  2.193650e+02  5.000000e-01  1.886681e+00 -1.253776e+00 -2.288438e+00  1.336248e+00
-3.560159e-02 -2.291995e-02  3.433281e-03  2.228429e+02  1.000000e+00  2.103084e+01 -3.195933e+00 -9.987698e+00  2.000883e+01
3  1.837803e-01 -1.336784e-01  9.646303e-01  5.313869e-01  2.556053e-01  1.262920e+01 6 1 -1.000000e+00
 4.402064e-01 -5.190882e-01  2.462562e+00  0.000000e+00  0.000000e+00  2.728005e-01  4.972108e-02  3.467935e-01  4.574293e-02
-2.642360e-01  1.399054e-01 -6.294439e-01  2.252090e+01  5.000000e-01  7.933399e-01 -7.578256e-01  1.028160e+00  4.037291e-01
-4.924885e-03  3.187407e-03  8.108040e-04  2.852927e+01  1.000000e+00  3.837335e+01 -6.427249e+00  1.105053e+01  3.733994e+01
3 -8.135780e-02  1.969324e-01  9.110033e-01  4.001239e-01  3.688006e-01  8.905420e+00 6 1 -1.000000e+00
 8.701884e-02 -1.768651e-01 -9.040285e-01  6.218700e+01  5.000000e-01  8.312910e-01  7.503011e-01  7.560891e-01  1.629730e-01
-3.299159e-01  6.331303e-01  2.451267e+00  0.000000e+00  0.000000e+00  3.546451e-01  8.658212e-02  3.215869e-02  4.992859e-03
 1.317757e-03 -2.063386e-03  2.048365e-04  7.231313e+01  1.000000e+00  7.407080e+01 -6.863766e-03  2.138686e+01  7.222494e+01
2  1.829551e-01  4.613633e-02  1.862242e+00  8.710926e-01  6.724342e-01  1.780820e+01 6 3 -1.000000e+00
-6.745297e-01  8.527798e-03 -3.184957e+00  1.560873e+02  5.000000e-01  6.688755e-01 -6.341455e-01  1.465570e-01  1.455595e-02
 1.031980e+00  7.540295e-01  4.736459e+00  0.000000e+00  0.000000e+00  4.962701e-01 -1.321069e-01 -1.586299e-01  3.519932e-03
1  9.290564e-01 -7.540013e-01  0.000000e+00  4.293890e-01  0.000000e+00  1.593740e+01 0 2  2.974810e-01
 9.172371e-01  6.725167e-01  3.949422e+00  0.000000e+00  0.000000e+00  4.157630e-01 -1.857462e-01 -2.315806e-01  1.656073e-03
5 -5.221279e-03  7.031017e-02  2.563815e+00  8.211711e-01  1.000000e+00  1.760800e+01 6 3 -1.000000e+00
 1.422811e-01 -9.159937e-01 -2.047024e+00  4.475824e+01  5.000000e-01  7.162792e-01  7.412597e-01  1.398058e-01  7.105604e-02
-1.306320e+00  1.632684e-01  4.415151e+00  0.000000e+00  0.000000e+00  4.660555e-01 -2.348828e-01  5.860009e-02  2.147595e-03
 1.252984e+00  3.152708e-01  4.562241e+00  4.494753e-01  0.000000e+00  4.607667e-01 -1.967251e-01 -1.813319e-01  1.653195e-03
-1.620663e-01  1.053069e+00 -3.436283e+00  2.293460e+01  5.000000e-01  6.430075e-01  6.359205e-01  1.185784e-01  4.818561e-02
 9.209200e-05 -3.267986e-04  9.853364e-06  1.348158e+02  1.000000e+00  3.921522e+02  1.739983e+02  1.457274e+02  3.883169e+02
2 -2.669698e-01  1.476764e-01  1.658706e+00  8.111551e-01  6.999125e-01  1.535660e+01 6 1 -1.000000e+00
-9.832501e-01  7.161975e-01  2.207627e+00  0.000000e+00  0.000000e+00  3.239834e-01 -2.132673e-02  5.973807e-02  1.352936e-03
 4.555097e-01 -1.091975e-01 -1.545146e+00  1.456502e+02  5.000000e-01  6.168883e-01 -8.397557e-01  2.979478e-01  3.771421e-02
1 -8.976448e-01  3.011055e-01  0.000000e+00  5.066444e-01  0.000000e+00  1.324100e+01 0 2 -1.000000e+00
-1.057640e+00  4.532755e-01  3.098110e+00  0.000000e+00  0.000000e+00  2.483346e-01 -3.691077e-01  3.255501e-01  4.152044e-03
3 -1.725021e-01 -1.253209e-01  8.485392e-01  4.424575e-01  9.770019e-01  8.138160e+00 6 1 -1.000000e+00
-6.207173e-01 -3.314659e-01  2.513006e+00  0.000000e+00  0.000000e+00  3.316693e-01 -8.549620e-02 -2.035349e-01  1.012451e-01
 7.759420e-02  5.491788e-02  1.270182e+00  1.667264e+01  1.000000e+00  2.428913e+00 -3.213099e-01 -1.072970e+00  1.926233e+00
 1.180221e-01  8.600611e-02 -2.572161e+00  1.666246e+01  5.000000e-01  1.686390e+00 -2.133054e-01 -9.024465e-01  1.242958e+00
3  4.818631e-02 -5.841152e-02  1.888354e-01  1.059856e-01  1.128436e-01  1.781530e+01 6 1 -1.000000e+00
 5.315217e-02 -1.617669e-01  1.915639e+00  0.000000e+00  0.000000e+00  2.546397e-01  6.282333e-03  1.830392e-01  8.407546e-03
-1.768604e-02  1.327805e-02 -2.161675e-01  1.309683e+00  5.000000e-01  2.096314e+00 -5.588872e-01  2.348530e+00  1.553883e+00
-4.542064e-03  3.494881e-03  2.029345e-02  1.318705e+00  1.000000e+00  9.499376e+00 -1.952838e+00  4.375938e+00  8.766440e+00
3 -2.065324e+00  5.875668e-01  4.010008e+00  1.722127e+00  1.345804e-03  8.330330e+00 6 2 -1.000000e+00
-3.084232e+00  2.403107e+00  6.657841e+00  0.000000e+00  0.000000e+00  4.727209e-01 -2.599898e-01  2.454173e-01  6.951899e-04
 2.560933e-02 -9.748344e-03  6.860586e-04  1.295202e+03  1.000000e+00  4.837183e+01 -2.034322e+01  1.930394e+01  4.596833e+01
 9.898315e-02 -3.560347e-02 -8.960151e-03  1.293231e+03  5.000000e-01  8.591069e+00 -1.044968e+01  7.748149e+00  6.736038e+00
5  7.217903e-02  1.218658e-01  1.449201e+00  7.443587e-01  1.000000e+00  1.849050e+01 6 3 -1.000000e+00
 5.252722e-01 -4.169798e-01  7.778625e+00  1.640856e+01  0.000000e+00  4.572903e-01 -2.114860e-01  3.482098e-01  6.730532e-02
-3.776454e-01 -2.324377e-01 -1.070567e+00  2.886929e+01  5.000000e-01  7.858237e-01 -4.699966e-01 -8.712400e-01  2.895819e-01
-7.583506e-02  9.016763e-01  2.530868e+00  0.000000e+00  0.000000e+00  3.468419e-01  1.709366e-01 -4.769533e-02  2.334399e-02
 6.112338e-01 -1.613931e-01 -6.520310e+00  1.661014e+01  5.000000e-01  5.277078e-01 -5.839404e-01  1.882562e-01  1.150646e-01
-3.747137e-03 -4.230623e-03  2.177453e-03  3.993024e+01  1.000000e+00  2.328926e+01 -2.598156e+00 -5.550545e+00  2.181159e+01
3  3.001091e-01  1.796017e+00  2.509584e+00  9.563722e-01  4.612446e-01  1.080110e+01 6 1  2.808317e-01
 5.618214e-02 -4.680614e-01 -1.046618e+00  2.118605e+02  5.000000e-01  8.179840e-01  9.938254e-01 -2.998358e-02  4.360763e-02
-1.406570e+00  1.571146e+00  2.269117e+00  0.000000e+00  0.000000e+00  3.240356e-01  4.011842e-02 -1.209066e-01  6.465932e-04
 6.948374e-04 -1.455518e-03  2.471312e-05  2.473692e+02  1.000000e+00  2.026842e+02  3.317637e+00  1.418307e+01  1.986446e+02
3  3.488655e-01 -7.892139e-01  1.233388e+00  5.652213e-01  3.081951e-01  1.373440e+01 6 1  2.739290e-01
 9.689722e-01 -2.744173e-01  2.716117e+00  0.000000e+00  0.000000e+00  3.714106e-01 -1.568710e-01 -4.840971e-02  1.373020e-03
-2.518257e-01 -9.863545e-02 -8.370939e-01  9.831189e+01  5.000000e-01  9.955225e-01 -7.180716e-01 -8.240159e-01  6.080352e-02
-9.980226e-04 -1.774963e-04  2.267792e-05  1.168694e+02  1.000000e+00  2.140799e+02 -3.271784e+01 -1.538875e+01  2.098000e+02
3  5.360056e-02 -3.645055e-02  6.839309e-01  3.851861e-01  4.476993e-01  1.554590e+01 6 3 -1.000000e+00
 4.747352e-01  1.230759e-02  3.205166e+00  0.000000e+00  0.000000e+00  3.803290e-01 -2.681793e-01  8.700284e-03  1.740690e-02
-1.731281e-01  2.314757e-01 -1.434951e+00  2.202453e+01  5.000000e-01  6.134137e-01  3.719118e-01  8.414384e-01  7.198746e-02
-1.965953e-04  1.252112e-04  1.222404e-05  5.203324e+01  1.000000e+00  2.972235e+02 -3.831981e+01  6.688734e+01  2.951947e+02
4  1.682747e-01  8.242121e-02  2.204325e+00  6.780697e-01  1.000000e+00  1.515420e+01 6 3 -1.000000e+00
-6.391350e-01 -5.071798e-01  3.182916e+00  1.891154e+02  0.000000e+00  4.339891e-01  1.195008e-02 -7.777082e-02  4.659443e-03
 6.648170e-02 -5.415406e-01 -1.330408e+00  2.121338e+02  5.000000e-01  6.906333e-01  7.929423e-01  4.675461e-01  2.446038e-02
-4.308089e-01  2.567674e-01 -1.034402e+00  2.233864e+02  5.000000e-01  7.138316e-01 -2.655541e-01  9.889974e-01  3.493494e-02
 1.158797e+00  7.681587e-01  1.896738e+00  0.000000e+00  0.000000e+00  2.701763e-01  2.789923e-03  7.357919e-02  9.796041e-04
1  5.170543e+00 -1.673394e+01  0.000000e+00  5.322498e+00  0.000000e+00  1.933730e+01 0 2  2.766068e-01
 9.182815e-01 -1.529223e+01  3.476782e+00  0.000000e+00  0.000000e+00  3.187511e-01  4.080025e-01  1.000590e-01  6.783993e-05
1  4.726875e+00 -3.119692e+00  0.000000e+00  2.475369e+00  0.000000e+00  1.196540e+01 0 2 -1.000000e+00
 5.881856e+00 -4.703478e+00  4.699359e+00  0.000000e+00  0.000000e+00  3.531515e-01 -2.082120e-01  4.028223e-01  5.430991e-04
1 -4.976453e-02 -2.388051e-01  0.000000e+00  3.069204e-01  0.000000e+00  1.137620e+01 0 2 -1.000000e+00
-1.942338e-01 -4.590788e-01  6.083482e+00  0.000000e+00  0.000000e+00  3.385685e-01  3.839462e-01 -3.545383e-01  5.782817e-02
3  1.184945e+00 -6.299528e-01  2.787853e+00  1.297815e+00  5.673991e-03  1.261130e+01 6 2 -1.000000e+00
 2.142277e+00 -1.528210e+00  3.927447e+00  0.000000e+00  0.000000e+00  4.191822e-01 -1.610258e-01  2.383312e-01  1.116070e-03
-1.427104e-01  6.896082e-02 -2.228430e-02  6.213922e+02  5.000000e-01  3.765333e+00 -4.195833e+00  5.909035e+00  2.446417e+00
-9.292741e-03  4.095420e-03  9.955693e-05  6.312049e+02  1.000000e+00  1.148895e+02 -3.906933e+01  3.741531e+01  1.126446e+02
1 -4.803290e-01 -5.663790e-01  0.000000e+00  2.056172e-01  0.000000e+00  1.852100e+01 0 2  2.721423e-01
-1.042589e-01 -4.221006e-01  3.216378e+00  0.000000e+00  0.000000e+00  3.884854e-01  6.300705e-02 -2.430463e-01  3.434612e-03
4 -6.750936e-03  5.942529e-03  2.013052e+00  1.106657e+00  1.000000e+00  1.461780e+01 6 3 -1.000000e+00
-8.109542e-01 -5.569549e-01 -1.836660e+01  4.345696e+00  5.000000e-01  5.222270e-01 -1.746423e-01 -5.022089e-01  1.342336e-02
 9.338204e-01  3.035892e-01 -1.592570e+01  5.218095e+00  5.000000e-01  5.273696e-01 -4.221490e-01 -3.285746e-01  1.697547e-02
-5.085761e-01  8.817667e-01  1.586058e+01  0.000000e+00  0.000000e+00  4.600453e-01  2.541673e-01  4.048465e-01  1.179143e-02
 3.823283e-01 -9.234113e-01  2.126530e+01  2.151751e+00  0.000000e+00  4.645246e-01  3.575831e-01  3.344298e-01  1.133246e-02
3 -3.416868e-02  1.528834e-01  6.088557e-01  2.841853e-01  2.617291e-01  1.199090e+01 6 1 -1.000000e+00
-2.556945e-01  3.662949e-01  1.785827e+00  0.000000e+00  0.000000e+00  2.084719e-01  1.863037e-01  1.784457e-01  9.464048e-03
-6.463590e-03 -1.892132e-01 -4.674028e-01  3.886215e+01  5.000000e-01  4.426343e-01  1.555015e+00 -1.790727e-01  1.450008e-01
 3.865027e-05 -3.628965e-04  7.814071e-06  6.280405e+01  1.000000e+00  3.632541e+02  5.110057e+01 -2.534783e+01  3.623943e+02
5 -3.051171e-02 -3.382484e-02  7.155817e-01  3.032294e-01  1.000000e+00  1.262400e+01 6 3 -1.000000e+00
-9.305257e-02 -3.105600e-01 -7.623420e+00  4.681945e-01  5.000000e-01  5.818882e-01  3.883657e-01 -3.939090e-01  2.162461e-01
 2.114869e-01 -3.223685e-01  7.085145e+00  3.246504e-01  0.000000e+00  5.306474e-01  1.904398e-01  2.070849e-01  1.625684e-01
-3.867692e-01  7.024689e-02  4.831209e+00  0.000000e+00  0.000000e+00  4.554931e-01 -2.961378e-01 -4.245702e-02  1.374971e-01
 1.192800e-01  1.899190e-01 -2.442529e+00  1.711602e+00  5.000000e-01  7.958619e-01  2.630614e-01 -6.179666e-01  3.764054e-01
 4.786391e-03  6.049030e-03  4.282015e-02  2.324421e+00  1.000000e+00  5.933524e+00  4.858112e-01 -8.661130e-01  4.845455e+00
3 -5.285275e-02  5.171046e-02  8.426574e-01  4.493307e-01  9.948562e-01  1.012140e+01 6 1 -1.000000e+00
-4.825057e-01  2.377045e-01  2.762268e+00  0.000000e+00  0.000000e+00  3.068880e-01 -1.644613e-01  3.022175e-01  1.017899e-01
 1.394898e-01 -3.307962e-01 -2.776550e+00  1.133761e+01  5.000000e-01  4.145945e-01  7.223375e-01  4.255435e-01  1.842303e-01
 1.210708e-03 -1.025860e-03  4.558561e-04  2.498603e+01  1.000000e+00  4.988463e+01 -4.680630e+00  1.319561e+01  4.907173e+01
1 -1.497391e+00  1.501653e+01  0.000000e+00  3.862354e+00  0.000000e+00  1.613910e+01 0 2 -1.000000e+00
-2.055877e+00  2.224454e+01  3.016448e+00  0.000000e+00  0.000000e+00  3.648335e-01  2.668309e-01  2.686944e-02  1.827150e-05
1  4.093322e-02 -8.138546e-03  0.000000e+00  8.453652e-02  0.000000e+00  1.592330e+01 0 2 -1.000000e+00
 1.197785e-01 -1.300685e-02  9.905303e+00  0.000000e+00  0.000000e+00  5.160973e-01 -3.558017e-01  8.130803e-02  3.534233e-02
3 -2.920415e-01  1.496538e-01  9.842114e-01  3.818580e-01  1.516866e-01  6.169880e+00 6 1 -1.000000e+00
 1.965048e-01 -1.079718e-01 -3.810642e-01  1.892783e+02  5.000000e-01  6.148153e-01 -9.245572e-01  1.384843e+00  9.737915e-02
-7.173917e-01  2.573574e-01  2.512181e+00  0.000000e+00  0.000000e+00  3.019277e-01 -1.502732e-01  2.581906e-01  2.829916e-03
 6.219991e-04 -4.421129e-04  1.155465e-05  2.441172e+02  1.000000e+00  2.981553e+02  3.980548e+01  1.309757e+01  2.965073e+02
1 -3.944770e+00 -4.797613e-01  0.000000e+00  2.199288e+00  0.000000e+00  1.716300e+01 0 2 -1.000000e+00
-5.582327e+00 -6.346441e-01  3.283519e+00  0.000000e+00  0.000000e+00  3.399441e-01 -3.476149e-01 -1.014217e-01  2.988785e-03
5 -1.861236e-02 -7.072819e-03  2.811043e-01  1.047507e-01  1.000000e+00  1.400960e+01 6 3 -1.000000e+00
 4.754453e-02 -6.581455e-02 -3.617734e+00  8.150126e-01  5.000000e-01  5.978375e-01  4.637907e-01  4.722807e-01  1.273079e-01
-1.757268e-01 -1.115647e-02  2.731818e+00  0.000000e+00  0.000000e+00  3.924791e-01  5.281366e-02 -1.535327e-02  2.959178e-02
 1.051303e-01 -2.294278e-02  5.702021e+00  7.799979e-01  0.000000e+00  5.359369e-01 -6.864361e-02  1.877929e-01  9.078910e-02
 3.326161e-02  5.830871e-02 -1.743632e+00  9.566270e-01  5.000000e-01  7.261343e-01  6.230729e-01 -5.101940e-01  2.019503e-01
 1.416300e-03  4.966541e-04  7.340332e-03  1.214749e+00  1.000000e+00  1.310679e+01 -2.608075e+00 -1.881124e+00  1.181497e+01
1 -3.073422e-02  1.899015e-01  0.000000e+00  6.686453e-02  0.000000e+00  8.037180e+00 0 2  2.884018e-01
-1.766085e-01 -8.385077e-02  3.201603e+00  0.000000e+00  0.000000e+00  3.875647e-01 -3.179621e-02 -2.484400e-01  4.979175e-03
3  1.573736e-02  1.867255e-02  9.689122e-02  7.272729e-02  2.898669e-01  1.476940e+01 6 1 -1.000000e+00
 2.511474e-02  7.387606e-02  2.104767e+00  0.000000e+00  0.000000e+00  2.793763e-01  1.338077e-01 -1.621174e-01  3.147749e-02
-2.254168e-02 -1.048492e-02 -6.101024e-01  7.764811e-01  5.000000e-01  1.383825e+00 -8.232320e-01 -1.052939e+00  1.035265e+00
-2.825471e-03 -1.641161e-03  2.906902e-02  8.112854e-01  1.000000e+00  8.068815e+00 -2.899550e+00 -2.675795e+00  7.553031e+00
1 -1.110450e+00  4.205682e-01  0.000000e+00  1.037047e+00  0.000000e+00  1.259500e+01 0 2  2.686692e-01
 1.859268e+00 -4.585249e-01  5.530164e+00  0.000000e+00  0.000000e+00  4.764733e-01 -2.902177e-01  9.501312e-02  4.606383e-03
3 -2.709879e-01 -8.886052e-02  1.297788e+00  7.507309e-01  2.853721e-01  1.066620e+01 6 1 -1.000000e+00
-6.960749e-01 -6.708817e-01  2.477884e+00  0.000000e+00  0.000000e+00  2.905782e-01 -7.064444e-02 -3.077636e-01  1.790840e-02
 3.943400e-01  3.285806e-02 -7.071189e-01  5.387020e+01  5.000000e-01  8.730128e-01 -1.185156e+00 -1.603745e-01  2.156759e-01
 6.600984e-03  1.578469e-03  9.176024e-04  6.655680e+01  1.000000e+00  3.490150e+01 -7.585145e+00 -1.407271e+00  3.267988e+01
3 -5.096372e+00  2.755685e+00  6.545055e+00  3.889025e+00  4.559206e-02  8.451540e+00 6 2  2.817533e-01
 3.345786e-01  5.990789e+00  3.335537e+00  0.000000e+00  0.000000e+00  3.834880e-01  2.829695e-01 -1.461502e-02  8.360803e-04
 3.536124e-01 -5.542385e-01 -1.520740e-01  8.866975e+02  5.000000e-01  2.664697e+00  1.160473e+00  2.828474e+00  4.535338e-01
 1.293217e-02 -2.303994e-02  2.957506e-04  9.073510e+02  1.000000e+00  6.520774e+01  1.290139e+01  2.397834e+01  5.989930e+01
3  5.418576e-01 -2.906303e-01  1.672764e+00  5.923072e-01  1.880942e-01  8.250730e+00 6 1 -1.000000e+00
 1.134324e+00 -7.032907e-01  1.669997e+00  0.000000e+00  0.000000e+00  2.127686e-01 -9.102422e-02  1.124463e-01  4.293134e-03
-3.011282e-01  1.555546e-01 -3.141167e-01  9.734461e+01  5.000000e-01  5.660024e-01 -1.110431e+00  1.462473e+00  1.906270e-01
-2.378032e-03  1.370995e-03  4.582603e-05  1.163561e+02  1.000000e+00  1.487881e+02  3.165861e+00  3.105906e+00  1.478020e+02
3  4.129037e-01 -1.307178e-01  1.144088e+00  4.072193e-01  1.962828e-01  1.327500e+01 6 1 -1.000000e+00
 9.531856e-01 -1.765986e-01  1.486463e+00  0.000000e+00  0.000000e+00  1.762321e-01 -1.091980e-02  7.574001e-02  7.276066e-03
-1.683719e-01  4.933710e-02 -2.917671e-01  5.585240e+01  5.000000e-01  9.543701e-01 -1.432464e+00  1.173678e+00  5.559383e-01
-9.734012e-03  2.016464e-03  1.351793e-03  5.868998e+01  1.000000e+00  2.908694e+01 -6.945660e+00  9.357495e-01  2.827220e+01
5 -3.408047e-01  2.306162e-02  2.215685e+00  1.286250e+00  1.000000e+00  1.534390e+01 6 3 -1.000000e+00
-1.124657e+00 -1.055979e+00  3.881588e+00  0.000000e+00  0.000000e+00  4.211357e-01 -1.057670e-01 -2.574309e-01  2.870749e-02
 6.503996e-01 -8.516660e-02 -8.133429e-01  1.064214e+02  5.000000e-01  9.327284e-01 -1.042062e+00  3.848719e-01  1.832767e-01
-1.109272e+00  6.764500e-01 -9.110852e+00  1.946799e+01  5.000000e-01  5.816910e-01 -3.011715e-01  4.404967e-01  2.626799e-02
-7.685032e-01  1.130894e+00  9.169916e+00  1.857819e+01  0.000000e+00  4.916272e-01  2.542424e-02  3.856738e-01  2.102990e-02
 9.059355e-03  2.488544e-04  9.725895e-04  1.390942e+02  1.000000e+00  3.423588e+01 -8.338785e+00 -2.627808e+00  3.231866e+01
3 -1.275859e-01 -2.815779e-01  1.554552e+00  5.968901e-01  4.685738e-01  1.396650e+01 6 1 -1.000000e+00
-6.913913e-01 -9.486101e-01  2.610029e+00  0.000000e+00  0.000000e+00  3.568818e-01  7.332275e-02 -1.583896e-01  5.631517e-03
 5.172115e-02  4.168264e-01 -1.222991e+00  1.409625e+02  5.000000e-01  8.604174e-01  8.906675e-01 -2.094328e-01  1.869659e-01
 1.172181e-03  6.359847e-03  5.870815e-04  1.675680e+02  1.000000e+00  4.574133e+01  1.726466e+01  6.144098e-01  4.370098e+01
3 -1.326408e-01 -3.443678e-01  2.272435e+00  1.061121e+00  3.251011e-01  7.188490e+00 6 3 -1.000000e+00
-3.966954e-01 -1.346932e+00  3.735490e+00  0.000000e+00  0.000000e+00  2.824966e-01  3.923153e-01 -3.052824e-01  2.847680e-02
 3.191304e-01  8.098143e-01 -1.214412e+00  4.298531e+01  5.000000e-01  4.149702e-01  7.624307e-01 -7.644626e-01  1.058743e-01
 3.525628e-04  9.668879e-04  9.093351e-06  9.467827e+01  1.000000e+00  3.381652e+02  4.961617e+01 -3.532914e+01  3.369882e+02
3  2.608124e-01 -8.645339e-02  1.014939e+00  4.128347e-01  3.397279e-01  9.818380e+00 6 1 -1.000000e+00
 7.380991e-01 -1.345530e-01  2.458191e+00  0.000000e+00  0.000000e+00  2.969637e-01 -2.140208e-01  2.040879e-01  4.590046e-03
-2.585783e-01  5.711293e-02 -8.351160e-01  6.831184e+01  5.000000e-01  5.829041e-01 -9.407862e-01  6.973727e-01  8.004990e-02
-1.660557e-03 -9.241163e-05  6.731187e-05  8.800669e+01  1.000000e+00  1.318344e+02 -2.210187e+01 -4.210603e+01  1.301892e+02
3 -3.760905e-02 -1.396866e-01  8.966537e-01  4.912213e-01  9.944120e-01  1.399770e+01 6 1 -1.000000e+00
-2.912347e-01 -5.819196e-01  2.305057e+00  0.000000e+00  0.000000e+00  3.226098e-01  1.311740e-01 -8.844304e-02  8.921186e-03
-5.783072e-02  2.838232e-01 -2.292177e+00  4.839424e+01  5.000000e-01  5.997500e-01  6.670702e-01  3.892094e-01  8.575396e-02
 5.765658e-04  2.000829e-03  4.631396e-04  6.669507e+01  1.000000e+00  4.748230e+01 -1.185720e+00 -1.468114e-01  4.578729e+01
3  1.192142e+00  7.890445e-01  7.864875e+00  3.427660e+00  6.080258e-01  1.554150e+01 6 3 -1.000000e+00
 1.579556e+00 -2.766355e+00  4.022809e+00  6.123287e+02  0.000000e+00  4.611233e-01 -1.741608e-01  1.071148e-01  1.280988e-02
 2.037190e+00 -1.369625e+00 -2.445972e+00  6.258990e+02  5.000000e-01  7.990970e-01 -5.588088e-01  3.700408e-01  3.398810e-02
 1.305442e+00  5.093741e+00  1.796828e+00  0.000000e+00  0.000000e+00  2.293605e-01 -8.147727e-02 -1.752436e-01  2.366230e-03
3 -2.856619e-01  4.657602e-01  2.461060e+00  8.958286e-01  4.895958e-01  1.534760e+01 6 1 -1.000000e+00
 2.996284e-01 -4.605129e-01 -1.124649e+00  1.480311e+02  5.000000e-01  8.154446e-01  3.260951e-01  9.038193e-01  2.787129e-01
-9.328841e-01  1.669682e+00  2.297096e+00  0.000000e+00  0.000000e+00  3.396902e-01  1.516795e-02  2.113503e-02  1.136180e-02
 6.918143e-03 -1.224490e-02  1.030405e-03  1.674045e+02  1.000000e+00  3.376170e+01  5.839268e+00  8.290952e+00  3.260824e+01
2 -3.648772e-01 -5.047691e-01  2.367342e+00  8.225545e-01  5.064738e-01  1.611320e+01 6 1 -1.000000e+00
-1.018952e+00 -1.599711e+00  1.691964e+00  0.000000e+00  0.000000e+00  2.307837e-01 -2.578020e-02  6.883435e-05  1.345122e-03
 2.913334e-01  3.719538e-01 -8.569354e-01  2.643368e+02  5.000000e-01  6.140444e-01  1.863026e-01 -1.131902e+00  7.200385e-02
3  7.008238e-03  1.704503e-01  7.862525e-01  3.518742e-01  3.326863e-01  8.009840e+00 6 1 -1.000000e+00
 4.941343e-02 -2.721755e-01 -7.584155e-01  3.113861e+01  5.000000e-01  4.487786e-01  1.211508e+00  3.932335e-01  1.749899e-01
 1.370963e-01  5.091725e-01  2.279672e+00  0.000000e+00  0.000000e+00  2.350498e-01  3.457845e-01 -1.640802e-01  1.733781e-02
 1.249931e-04 -7.338862e-04  2.241908e-05  5.370549e+01  1.000000e+00  2.219671e+02  4.055868e+01  5.076017e+01  2.211555e+02
3 -7.327643e-02  3.551434e-01  8.406235e-01  4.345543e-01  5.667697e-02  1.392770e+01 6 2 -1.000000e+00
 8.640014e-02  6.903642e-01  3.172562e+00  0.000000e+00  0.000000e+00  3.036276e-01  3.944723e-01  1.188425e-01  1.122613e-02
 2.682604e-02 -1.481457e-01 -1.798112e-01  6.873858e+01  5.000000e-01  1.052818e+00  2.127292e+00  1.019218e+00  5.092295e-01
 5.458706e-04 -4.974311e-03  4.091217e-04  7.477758e+01  1.000000e+00  5.175978e+01  1.146289e+01 -9.468866e-01  5.059947e+01
3  1.744670e-01 -4.710178e-02  7.357482e-01  2.269978e-01  8.087706e-01  1.534380e+01 6 1 -1.000000e+00
 5.527752e-01 -9.654204e-02  1.611739e+00  0.000000e+00  0.000000e+00  2.119678e-01 -1.474811e-02  1.815039e-02  6.458109e-03
-1.553032e-01  1.033340e-01 -1.303527e+00  3.428482e+01  5.000000e-01  4.940584e-01 -3.419259e-01  9.519521e-01  1.618114e-01
-1.762164e-03  7.378077e-04  2.570943e-04  4.237729e+01  1.000000e+00  6.388689e+01  4.388391e+00  6.773445e+00  6.306862e+01
3  6.504464e-05 -3.907724e-01  6.008660e-01  2.953782e-01  8.560684e-01  1.246110e+01 6 3  2.691296e-01
-1.879367e-01  1.094822e-01 -2.908519e+00  2.596958e+01  5.000000e-01  7.046826e-01 -2.898155e-01  5.890984e-01  6.071176e-02
 4.116299e-01  1.489759e-01  3.397531e+00  0.000000e+00  0.000000e+00  4.053024e-01 -2.375121e-01 -5.405435e-02  6.073861e-03
-2.127033e-03  2.400192e-04  1.936026e-03  3.535107e+01  1.000000e+00  2.385744e+01  1.331505e-01  2.433655e+00  2.097139e+01
3 -3.618971e-01 -1.793806e-01  9.876648e-01  4.565731e-01  1.070382e-01  1.396670e+01 6 3 -1.000000e+00
-8.239969e-01 -1.616663e-01  3.279177e+00  0.000000e+00  0.000000e+00  3.121909e-01 -3.309744e-01 -2.420386e-01  2.094913e-02
 1.321827e-01  8.572475e-02 -3.509971e-01  8.425348e+01  5.000000e-01  1.577574e+00 -7.887340e-01 -1.600162e+00  9.524448e-01
 2.959133e-02  1.886572e-02  2.956521e-02  8.531744e+01  1.000000e+00  7.417156e+00 -7.962861e-01 -2.592739e+00  6.502616e+00
3 -5.842692e-01 -1.336653e+00  4.701093e+00  2.618201e+00  6.263580e-02  1.677650e+01 6 2 -1.000000e+00
-4.490211e-01 -3.976656e+00  5.050173e+00  0.000000e+00  0.000000e+00  4.654802e-01  2.397510e-01 -1.738327e-01  2.862707e-03
 3.444506e-01  6.569900e-01 -3.163216e-01  5.436150e+02  5.000000e-01  1.233452e+00  1.062835e+00 -1.444376e+00  3.181701e-01
 9.938159e-03  1.756112e-02  3.808966e-04  5.825445e+02  1.000000e+00  5.414624e+01  3.833079e+00 -1.358110e+01  5.222232e+01
3  4.035864e-02  3.074182e-01  7.256897e-01  3.172178e-01  2.274410e-01  1.392040e+01 6 1 -1.000000e+00
 1.443273e-01  6.486448e-01  1.570351e+00  0.000000e+00  0.000000e+00  1.945579e-01  1.011344e-01  4.133513e-02  8.500399e-03
-2.625648e-02 -5.671093e-02 -3.571623e-01  2.650777e+01  5.000000e-01  2.930060e+00  1.926936e+00 -1.676871e+00  2.403069e+00
-1.661738e-02 -3.400982e-02  1.363644e-01  2.651729e+01  1.000000e+00  5.468071e+00  2.185465e+00 -2.802519e+00  4.865518e+00
3  1.105313e-01  1.171265e-01  5.777792e-01  1.697870e-01  3.302712e-01  1.545640e+01 6 1 -1.000000e+00
 3.641345e-01  3.564301e-01  1.667741e+00  0.000000e+00  0.000000e+00  2.009095e-01  8.889404e-03  1.971118e-01  4.251456e-03
-4.501395e-02 -5.152372e-02 -5.508069e-01  3.773470e+01  5.000000e-01  1.081882e+00  2.532649e-01 -1.325926e+00  6.538936e-01
-5.131480e-03 -5.452628e-03  6.445745e-03  3.852008e+01  1.000000e+00  1.430574e+01  3.387475e-01 -4.667627e+00  1.361763e+01
1  3.293123e+00  2.684017e+00  0.000000e+00  2.537314e+00  0.000000e+00  6.843490e+00 0 2  2.962736e-01
 1.352643e+00 -3.544027e+00  3.062618e+00  0.000000e+00  0.000000e+00  3.459213e-01  2.153740e-01  2.343394e-01  2.236332e-03
1 -2.139361e+00 -3.329420e+00  0.000000e+00  3.607323e+00  0.000000e+00  5.147360e+00 0 2 -1.000000e+00
-5.087674e+00 -6.791433e+00  5.611046e+00  0.000000e+00  0.000000e+00  4.857729e-01  1.200821e-01 -2.679365e-01  1.148213e-03
3  4.261229e-01  6.586010e-03  1.459970e+00  7.913519e-01  1.458770e-01  1.151370e+01 6 1 -1.000000e+00
 1.046353e+00 -3.141352e-01  2.661628e+00  0.000000e+00  0.000000e+00  2.917277e-01 -3.291815e-01  1.325870e-01  1.032848e-02
-3.892092e-01 -4.828964e-02 -3.882704e-01  6.994515e+01  5.000000e-01  7.939484e-01 -1.553317e+00 -4.529770e-01  2.020239e-01
-1.915953e-03 -9.842769e-05  2.468684e-05  9.308028e+01  1.000000e+00  2.096411e+02 -5.388264e+01 -1.096978e+01  2.073905e+02
3 -4.122363e-01 -7.718920e-02  2.078764e+00  1.032047e+00  1.998090e-01  8.011000e+00 6 3 -1.000000e+00
-1.187203e+00 -1.145245e+00  4.506389e+00  0.000000e+00  0.000000e+00  4.704028e-01 -1.585833e-01 -1.828042e-01  1.934658e-02
 5.068695e-01  5.948599e-02 -9.004172e-01  1.211774e+02  5.000000e-01  9.806775e-01 -1.048840e+00 -1.044242e-01  2.766249e-01
 2.034674e-02  5.148274e-03  4.359578e-03  1.355251e+02  1.000000e+00  1.688596e+01 -3.910376e+00 -2.773536e+00  1.544788e+01
1 -4.076054e+00  2.355256e+00  0.000000e+00  4.470265e+00  0.000000e+00  1.852100e+01 0 2 -1.000000e+00
-8.114891e+00 -5.801801e-01  3.939115e+00  0.000000e+00  0.000000e+00  3.272360e-01 -2.919293e-01  3.369340e-01  4.232101e-04
2  7.165021e-01 -1.570629e+00  1.055643e+01  4.603493e+00  6.851626e-01  1.553390e+01 6 3 -1.000000e+00
 7.991525e-01 -7.792031e+00  2.585013e+00  0.000000e+00  0.000000e+00  3.330854e-01  1.510950e-01  1.873502e-01  3.231816e-05
-1.438759e+00  2.524461e+00 -3.772846e+00  4.744571e+03  5.000000e-01  8.894922e-01  1.018940e-01  5.166057e-01  5.683978e-04
1 -1.061297e+00 -1.711985e+00  0.000000e+00  2.554023e+00  0.000000e+00  1.612760e+01 0 2 -1.000000e+00
-4.454833e+00 -3.029815e+00  3.554419e+00  0.000000e+00  0.000000e+00  4.038737e-01 -8.985315e-02 -2.568132e-01  2.120612e-04
3 -6.748288e-01 -5.293672e-01  6.802470e-01  3.706455e-01  1.248237e-01  1.259270e+01 6 3  2.744082e-01
-3.714705e-01 -2.967953e-01  7.348572e+00  0.000000e+00  0.000000e+00  4.313612e-01 -1.118016e-01 -4.180545e-01  1.748412e-02
 1.932466e-01  8.245465e-02 -9.172762e-01  2.538612e+01  5.000000e-01  8.086153e-01 -7.027555e-01 -7.955797e-01  1.584704e-01
 2.679471e-03  1.137573e-03  7.373451e-04  3.258992e+01  1.000000e+00  3.839278e+01 -5.992484e+00 -2.468391e+00  3.642532e+01
3  2.713431e-01 -2.904552e-01  1.229233e+00  4.737471e-01  2.978732e-01  1.309290e+01 6 1 -1.000000e+00
 7.601065e-01 -5.828836e-01  1.512352e+00  0.000000e+00  0.000000e+00  1.640768e-01  1.112012e-02  1.934484e-01  1.686111e-02
-1.585299e-01  2.338908e-01 -4.504892e-01  5.840183e+01  5.000000e-01  8.036560e-01  6.279392e-01  1.365303e+00  4.612594e-01
-4.623652e-03  5.800066e-03  5.042113e-04  6.620492e+01  1.000000e+00  4.846027e+01  5.908555e+00  1.530591e+01  4.744226e+01
3  1.554607e-01  2.340627e-01  1.225976e+00  7.032268e-01  3.598565e-01  4.647790e+00 6 1 -1.000000e+00
-3.101067e-01 -2.700120e-01 -7.049435e-01  6.989274e+01  5.000000e-01  4.137332e-01 -2.081023e-01 -1.311089e+00  1.281780e-01
 2.230915e-01  8.339425e-01  1.958957e+00  0.000000e+00  0.000000e+00  2.189971e-01  2.058636e-01 -2.389772e-01  1.134497e-02
-5.658697e-04 -6.343081e-04  1.382305e-05  1.176006e+02  1.000000e+00  2.736780e+02 -3.059644e+01 -3.277541e+01  2.727551e+02
3 -2.194246e-01 -7.813227e-01  6.835506e+00  3.822886e+00  3.169117e-01  1.394240e+01 6 3 -1.000000e+00
-1.259899e+00 -4.584424e+00  4.083439e+00  0.000000e+00  0.000000e+00  4.617289e-01  1.983787e-01 -7.409480e-02  4.686048e-04
 1.109282e+00  1.827371e+00 -1.288510e+01  9.669792e+02  5.000000e-01  8.557643e-01  1.277772e-01 -2.865065e-01  5.774352e-03
 4.235366e-03  1.001173e-02  3.859501e-04  1.122044e+03  1.000000e+00  5.275736e+01  1.697717e+00 -9.215944e+00  4.895852e+01
3 -2.286804e-01 -2.090318e-01  1.205011e+00  6.798082e-01  7.877545e-02  1.396330e+01 6 2  2.769486e-01
 7.984503e-01  5.378103e-01  3.980192e+00  0.000000e+00  0.000000e+00  3.340845e-01 -2.825805e-01 -3.351829e-01  6.491322e-03
-2.693413e-01 -2.064530e-02 -3.135415e-01  8.403987e+01  5.000000e-01  1.157122e+00 -1.755533e+00 -3.635426e-01  2.772686e-01
-5.682507e-03 -1.987374e-04  3.192180e-04  9.470011e+01  1.000000e+00  5.978385e+01 -1.746302e+01  4.234094e+00  5.688089e+01
3 -1.654103e-01  2.196983e-01  7.098363e-01  2.885617e-01  1.088011e-01  1.259450e+01 6 1 -1.000000e+00
-4.216363e-01  4.460438e-01  1.700778e+00  0.000000e+00  0.000000e+00  2.249939e-01  8.099769e-02  7.815242e-02  1.712752e-02
 6.224879e-02 -7.330452e-02 -1.850465e-01  5.816440e+01  5.000000e-01  1.844483e+00  5.888546e-01  2.402175e+00  1.396165e+00
 8.158330e-03 -9.106186e-03  3.676540e-03  5.945212e+01  1.000000e+00  2.074605e+01  5.941886e-01  1.084244e+01  2.001691e+01
1  8.796446e+00  6.680162e+00  0.000000e+00  2.259913e+00  0.000000e+00  1.555210e+01 0 2  2.868266e-01
 3.776992e+00  1.258708e+00  3.642225e+00  0.000000e+00  0.000000e+00  3.770018e-01 -1.025330e-01 -3.210238e-01  1.005255e-03
3 -1.106013e-01 -1.822436e-02  2.770819e-01  1.104809e-01  1.272367e-01  1.196540e+01 6 1 -1.000000e+00
-2.218008e-01 -1.134855e-01  2.055814e+00  0.000000e+00  0.000000e+00  2.693159e-01 -2.164168e-01 -2.525597e-02  1.153699e-02
 2.936459e-02  3.520039e-03 -2.615750e-01  3.368186e+00  5.000000e-01  2.047803e+00 -2.182453e+00 -3.972202e-01  1.448170e+00
 9.171650e-03  1.366156e-03  3.301323e-02  3.382465e+00  1.000000e+00  7.560862e+00 -3.454928e+00 -9.041527e-01  6.763286e+00
1  3.239830e-01  5.677411e-02  0.000000e+00  1.181603e+00  0.000000e+00  1.328030e+01 0 2  2.746235e-01
-2.238009e+00  8.510744e-01  3.135881e+00  0.000000e+00  0.000000e+00  3.362795e-01 -3.315560e-01  1.081938e-01  6.355432e-04
3  3.936098e-01  2.128566e-01  2.570438e+00  8.495033e-01  1.763926e-01  9.407290e+00 6 1 -1.000000e+00
-2.984755e-01 -3.839395e-01 -3.466555e-01  1.251398e+02  5.000000e-01  1.056921e+00  6.340104e-01 -1.576699e+00  4.302530e-01
 2.265934e+00 -2.080026e-01  1.965250e+00  0.000000e+00  0.000000e+00  2.582671e-01  1.764264e-01 -1.009963e-01  3.382671e-03
-7.427354e-03 -5.778319e-03  6.164193e-04  1.407659e+02  1.000000e+00  4.362178e+01  1.484779e+00 -1.386143e+01  4.219589e+01
1  7.397610e+00  1.390885e+01  0.000000e+00  9.035820e+00  0.000000e+00  7.601410e+00 0 2 -1.000000e+00
 9.810407e+00  1.948423e+01  5.213473e+00  0.000000e+00  0.000000e+00  3.135727e-01  2.683573e-01 -4.553637e-01  3.989264e-05
5 -7.579100e-02 -3.998928e-02  1.553124e+00  7.842167e-01  1.000000e+00  1.330420e+01 6 1 -1.000000e+00
 2.757524e-01 -7.250839e-01  2.088289e+00  1.251937e+00  0.000000e+00  2.606439e-01  2.527687e-01  6.240527e-02  2.649135e-02
-5.108734e-01 -2.884339e-01 -1.290555e+00  1.003008e+01  5.000000e-01  5.376816e-01 -4.255353e-01 -8.986203e-01  1.580479e-01
 4.219659e-01  2.172791e-01 -6.621704e-01  1.990448e+01  5.000000e-01  6.877048e-01 -6.239122e-01 -1.103833e+00  2.733512e-01
-5.605481e-01  5.836547e-01  1.982891e+00  0.000000e+00  0.000000e+00  2.645257e-01 -1.112074e-02  1.910096e-01  2.994594e-02
 1.158672e-03  4.719924e-04  1.787512e-04  3.954463e+01  1.000000e+00  8.055372e+01 -2.262352e+01 -1.491991e+01  7.918304e+01
1  7.426280e-01 -2.831105e-01  0.000000e+00  8.836942e-01  0.000000e+00  1.611670e+01 0 2 -1.000000e+00
 1.135220e+00 -5.784252e-01  3.771079e+00  0.000000e+00  0.000000e+00  3.176085e-01 -2.887653e-01  3.421939e-01  4.033585e-02
1 -1.768443e-01  3.842678e-02  0.000000e+00  1.470109e-01  0.000000e+00  7.183250e+00 0 2 -1.000000e+00
-2.438839e-01  3.504772e-02  3.860997e+00  0.000000e+00  0.000000e+00  2.680364e-01 -4.717539e-01  2.328488e-01  5.358025e-02
3  1.741355e-01  1.154916e-01  7.359386e-01  3.364203e-01  2.118220e-01  7.195550e+00 6 1 -1.000000e+00
-1.515788e-01 -1.262588e-01 -6.175956e-01  4.230378e+01  5.000000e-01  7.920613e-01 -2.691150e-01 -1.260951e+00  3.570167e-01
 4.993540e-01  2.170952e-01  2.915635e+00  0.000000e+00  0.000000e+00  3.051906e-01 -2.131974e-01 -3.071294e-01  2.666806e-02
-4.991552e-03 -3.982604e-03  1.796518e-03  4.893559e+01  1.000000e+00  2.520891e+01  3.950901e-01 -5.411391e+00  2.423105e+01
3 -3.289076e-01  1.533604e-01  9.692958e-01  3.202081e-01  1.938332e-01  9.539100e+00 6 1 -1.000000e+00
-7.141420e-01  3.830236e-01  1.657349e+00  0.000000e+00  0.000000e+00  2.127394e-01 -1.049698e-01  7.339856e-02  4.603525e-03
 1.404960e-01 -7.428175e-02 -3.212493e-01  4.411640e+01  5.000000e-01  8.566316e-01 -1.106466e+00  1.381714e+00  3.480389e-01
 4.683626e-03 -2.836437e-03  6.271204e-04  4.726568e+01  1.000000e+00  4.141109e+01  7.245332e-01  6.159633e+00  4.021460e+01
1  2.941686e-03 -3.417294e-02  0.000000e+00  1.715346e-02  0.000000e+00  1.392490e+01 0 2  2.837215e-01
-2.133260e-02  7.959546e-03  9.845407e+00  0.000000e+00  0.000000e+00  6.317619e-01 -1.427085e-01  1.168904e-01  2.890316e-04
3  1.157009e-01  5.697424e-02  6.237398e-01  3.314278e-01  4.177560e-02  1.213030e+01 6 2 -1.000000e+00
-2.001053e-01 -1.075098e-01 -5.126331e-01  1.718668e+01  5.000000e-01  6.284526e-01 -8.540805e-01 -1.165893e+00  3.685664e-01
 3.517851e-01  1.831246e-01  1.227111e+01  0.000000e+00  0.000000e+00  3.067531e-01 -3.961381e-01 -4.921113e-01  8.886985e-02
-1.124232e-03 -6.344864e-04  8.645166e-05  2.886324e+01  1.000000e+00  1.176064e+02 -1.983992e+01 -4.045083e+01  1.169562e+02
3 -1.557643e+00  3.776748e-01  3.053117e+00  1.589289e+00  2.765037e-03  1.325430e+01 6 2 -1.000000e+00
-2.414028e+00  1.618869e+00  4.835324e+00  0.000000e+00  0.000000e+00  4.145983e-01 -2.892510e-01  2.285118e-01  9.285462e-04
 8.835389e-03 -1.958877e-03  4.557795e-05  9.888086e+02  1.000000e+00  1.750065e+02 -8.330711e+01  3.738639e+01  1.723451e+02
 1.522228e-01 -3.518150e-02 -1.336985e-02  9.733925e+02  5.000000e-01  4.958788e+00 -8.493188e+00  4.281694e+00  3.443898e+00
3  1.120906e+00  5.154027e-01  2.591118e+00  7.705614e-01  1.006387e-01  1.693580e+01 6 1 -1.000000e+00
 2.241284e+00  1.039782e+00  1.478422e+00  0.000000e+00  0.000000e+00  1.764222e-01  1.777924e-02  3.959250e-02  3.411154e-03
-1.106256e-01 -4.760615e-02 -1.487865e-01  2.458234e+02  5.000000e-01  4.389701e+00 -2.871377e+00 -3.156946e+00  3.902758e+00
-7.500833e-02 -3.201611e-02  7.166941e-02  2.458468e+02  1.000000e+00  7.255704e+00 -3.439897e+00 -3.653490e+00  6.727390e+00
3  7.044298e-01 -2.960047e-01  2.104214e+00  9.927326e-01  4.285870e-02  1.479110e+01 6 2 -1.000000e+00
 9.464317e-01 -1.324757e+00  4.290880e+00  0.000000e+00  0.000000e+00  3.406881e-01 -6.408745e-02  4.444464e-01  3.240301e-02
-3.836228e-03  2.644333e-03  3.520995e-05  1.936462e+02  1.000000e+00  1.888347e+02 -8.546051e+00  8.250917e+01  1.876860e+02
-4.671716e-01  2.339097e-01 -1.839015e-01  1.512179e+02  5.000000e-01  9.171913e-01 -1.676986e+00  1.622427e+00  4.191347e-01
1  1.429981e+01 -1.167560e+01  0.000000e+00  3.909375e+00  0.000000e+00  8.583390e+00 0 2  2.709527e-01
 1.240020e+01 -1.648841e+00  4.447635e+00  0.000000e+00  0.000000e+00  3.830581e-01 -1.056720e-01  3.802791e-01  7.306335e-05
3 -2.255034e-01 -1.543281e-03  1.578189e+00  9.846310e-01  2.297708e-01  1.534070e+01 6 3 -1.000000e+00
-8.010439e-01 -7.621713e-01  4.959039e+00  0.000000e+00  0.000000e+00  3.930791e-01 -1.241072e-01 -3.889709e-01  2.223719e-02
 6.251178e-01 -8.634365e-02 -1.139443e+00  5.693344e+01  5.000000e-01  7.393699e-01 -9.426061e-01  2.388386e-01  1.299504e-01
 2.866722e-03 -1.047171e-04  1.995406e-04  9.509270e+01  1.000000e+00  7.356359e+01 -1.552415e+01  3.600575e+00  7.144063e+01
3  1.273268e-01  1.639527e+00  1.189314e+00  6.362830e-01  1.718994e-01  1.197770e+01 6 1  2.829765e-01
-8.623607e-01  5.635341e-01  2.515401e+00  0.000000e+00  0.000000e+00  2.836479e-01  1.106668e-01  3.214999e-01  1.947895e-03
 4.612043e-02 -2.040143e-01 -4.323958e-01  9.345672e+01  5.000000e-01  1.375801e+00  1.402991e+00  6.968054e-01  2.106446e-01
 2.740866e-03 -1.133934e-02  2.327174e-03  9.724086e+01  1.000000e+00  2.323061e+01  7.883706e+00  1.530260e+00  1.930748e+01
3  1.922301e-01 -5.405445e-01  1.927861e+00  9.312801e-01  7.992063e-02  1.011720e+01 6 2 -1.000000e+00
 1.336454e+00 -9.783974e-01  3.433664e+00  0.000000e+00  0.000000e+00  3.997461e-01  9.087531e-02  2.466015e-01  3.037870e-03
-8.094955e-02  3.283600e-01 -2.744206e-01  2.785920e+02  5.000000e-01  1.232214e+00  1.736519e+00  8.261158e-01  2.656487e-01
-1.439138e-03  4.607054e-03  1.165167e-04  3.101786e+02  1.000000e+00  9.653734e+01  2.061687e+01  1.094842e+01  9.410241e+01
3 -1.488231e-01  2.016638e-01  1.967214e+00  8.804068e-01  3.867769e-01  1.311700e+01 6 3 -1.000000e+00
 1.493143e-01 -7.486191e-01 -1.231283e+00  8.481783e+01  5.000000e-01  5.538502e-01  9.207407e-01  4.042863e-01  1.162731e-01
-1.341666e+00  5.347003e-01  3.183444e+00  0.000000e+00  0.000000e+00  3.981104e-01 -5.154174e-02  2.132823e-01  7.236378e-03
 5.121495e-04 -1.363650e-03  4.683683e-05  1.578283e+02  1.000000e+00  1.536358e+02  4.328623e+01 -8.559943e+00  1.521115e+02
3 -9.252332e-02 -1.844273e-01  6.705717e-01  3.461141e-01  1.586248e-01  6.528540e+00 6 1 -1.000000e+00
-2.429422e-01 -4.251883e-01  2.751025e+00  0.000000e+00  0.000000e+00  2.738682e-01  2.457713e-01 -3.215010e-01  2.815886e-02
 8.795276e-02  1.580569e-01 -4.363808e-01  2.084352e+01  5.000000e-01  7.567979e-01  8.942823e-01 -1.245385e+00  3.577877e-01
 1.678667e-03  2.744111e-03  3.609111e-04  2.540531e+01  1.000000e+00  5.573693e+01  3.844167e+00 -1.451166e+01  5.467739e+01
3  3.308346e-01  3.375031e-01  1.333376e+00  3.957438e-01  1.574734e-01  7.909840e+00 6 1 -1.000000e+00
 7.640694e-01  8.248459e-01  1.870999e+00  0.000000e+00  0.000000e+00  2.550677e-01 -4.993674e-02 -1.340028e-01  7.443390e-03
-1.101346e-01 -1.819605e-01 -2.946326e-01  1.225770e+02  5.000000e-01  1.308369e+00  5.417998e-01 -1.787625e+00  7.577569e-01
-7.393323e-03 -1.433019e-02  1.973908e-03  1.275810e+02  1.000000e+00  2.743080e+01  1.057388e+01 -8.953828e+00  2.639531e+01
3  4.226734e-01  8.654144e-02  1.630077e+00  6.789561e-01  5.460018e-01  1.515480e+01 6 1 -1.000000e+00
-4.614898e-01 -6.413108e-02 -8.776528e-01  6.072315e+01  5.000000e-01  4.018034e-01 -1.159717e+00 -3.902535e-01  1.421308e-01
 1.142334e+00  2.272461e-01  1.607417e+00  0.000000e+00  0.000000e+00  1.938253e-01 -1.470428e-01 -7.861350e-02  1.083903e-02
-1.616476e-03 -1.438947e-04  2.145481e-05  8.819111e+01  1.000000e+00  2.199593e+02 -3.318441e+01  1.524477e+01  2.192171e+02
5  1.034021e-01 -4.891593e-01  6.614622e+00  2.384542e+00  1.000000e+00  1.713400e+01 6 3 -1.000000e+00
-2.618754e+00 -2.925733e+00  4.429954e+00  0.000000e+00  0.000000e+00  5.091011e-01  8.155354e-02 -9.270823e-02  2.192852e-02
 1.886097e+00 -1.805677e+00 -6.089221e+00  1.180148e+02  5.000000e-01  6.505030e-01  4.894274e-02  5.328953e-01  1.930526e-02
 3.191102e+00  2.363562e-01  7.031700e+00  9.975187e+01  0.000000e+00  5.471273e-01 -2.159819e-01  1.274066e-01  1.617294e-02
-5.458244e-01  1.529525e+00 -1.442639e+00  2.964857e+02  5.000000e-01  8.370292e-01  5.556156e-01  6.411124e-01  8.695832e-02
-5.938737e-05  1.197209e-02  7.676891e-04  4.201022e+02  1.000000e+00  3.855497e+01  8.754044e+00 -5.579556e+00  3.670473e+01
3 -1.913855e+00 -1.050044e+00  5.370017e+00  2.571747e+00  4.521140e-02  1.552970e+01 6 2 -1.000000e+00
-4.617998e+00 -2.204043e+00  3.153719e+00  0.000000e+00  0.000000e+00  3.730707e-01 -1.247252e-01 -2.457600e-01  1.777507e-03
 1.209783e-01  6.625795e-02  4.399780e-02  1.171120e+03  1.000000e+00  8.430888e+00 -3.138319e+00 -4.758219e+00  6.723667e+00
 2.227690e-01  1.206200e-01 -1.425841e-01  1.170825e+03  5.000000e-01  4.176559e+00 -2.316486e+00 -3.426051e+00  2.706886e+00
1 -1.762234e+00  8.256341e-01  0.000000e+00  6.490222e-01  0.000000e+00  9.839910e+00 0 2  2.832498e-01
-7.043691e-01  6.550429e-01  3.038692e+00  0.000000e+00  0.000000e+00  2.790532e-01  3.886173e-02  4.349312e-01  3.079552e-03
1 -8.214105e+00  5.520208e+00  0.000000e+00  3.900923e+00  0.000000e+00  9.825850e+00 0 2  2.726934e-01
-3.757061e+00  5.942006e+00  3.443805e+00  0.000000e+00  0.000000e+00  4.489610e-01  5.242571e-02  1.025621e-01  2.106062e-04
3  8.718241e-03 -7.652969e-02  1.928748e-01  9.858672e-02  1.256884e-01  1.414770e+01 6 1 -1.000000e+00
-3.857461e-02 -1.621291e-01  1.582696e+00  0.000000e+00  0.000000e+00  1.881378e-01  6.676248e-02  1.510952e-01  4.485355e-03
-1.940678e-04  9.583946e-04  4.815741e-04  4.813319e+00  1.000000e+00  4.678153e+01  9.894171e-01  4.294885e+00  4.626824e+01
-8.170312e-03  2.833418e-02 -1.989265e-01  4.473412e+00  5.000000e-01  7.458487e-01  1.883916e+00  1.241948e+00  4.536771e-01
2  8.570635e-01  1.908184e-01  1.532899e+00  7.861670e-01  8.769502e-03  1.258770e+01 6 2 -1.000000e+00
 1.376391e+00  2.023978e-01  3.426140e+00  0.000000e+00  0.000000e+00  2.911928e-01 -4.354205e-01 -1.447172e-01  7.233446e-04
-1.383903e-01 -3.259084e-02 -3.004554e-02  4.205926e+02  5.000000e-01  2.015524e+00 -5.187221e+00 -2.721551e+00  5.199875e-01
3 -4.932831e-02 -6.016430e-02  3.568062e-01  1.528310e-01  2.483849e-01  9.762220e+00 6 1 -1.000000e+00
-2.607723e-01 -1.028779e-01  1.962320e+00  0.000000e+00  0.000000e+00  2.710654e-01  4.088108e-02 -1.416808e-01  9.177770e-03
 3.859525e-02  9.126059e-02 -4.874105e-01  1.266242e+01  5.000000e-01  6.345047e-01  1.180080e+00 -8.903121e-01  1.975952e-01
 2.450739e-04  3.150624e-04  3.083508e-05  1.781079e+01  1.000000e+00  1.870645e+02  1.493456e+01 -4.434362e+01  1.857613e+02
3  1.642082e+00 -1.022897e+00  1.838640e+00  9.084746e-01  1.688378e-01  5.773000e+00 6 1  2.856050e-01
-6.946452e-01 -1.412638e+00  2.474675e+00  0.000000e+00  0.000000e+00  2.958041e-01  8.570453e-02 -2.906083e-01  5.352876e-03
 1.697336e-01  2.101521e-01 -4.178187e-01  2.432546e+02  5.000000e-01  2.003610e+00  3.366024e-01 -1.813095e+00  4.747841e-01
 3.327577e-02  4.096688e-02  2.042434e-02  2.456824e+02  1.000000e+00  1.002656e+01  1.268433e+00 -5.559563e+00  6.368933e+00
