# [0]nim, [1]snr, [2]snr_obs, [3]source_id, [4]ein, [5]fs, [6]frac_sh_trunc [7]snr_max [8]flag_out [9]zs [10]xs [11]ys
# [12+8*i]m_type_i, [13+8*i]zl_i, [14+8*i]mass_i, [15+8*i]xl_i, [16+8*i]yl_i
# [17+8*i]e_i, [18+8*i]p_i, [19+8*i]param1(con, tb, ...)_i, i=0,1,2,3,4
# i=0,1 correspond subhalos and satellite gals if not exist, stored -1, please extract using e.g. np.extract(arr > 0, arr)
# i=2,3 correspond host halos and central gals
# i=4 corresponds perturbation
# m_type: 1 = anfw, 2 = ahern, 3 = pert
# observable multi events: 216 (subhalo 56), high-mag events: 180
3  5.901944e+01  4.043722e+01  5.240000e+02  2.745849e-01 6  2.848495e-01  9.365580e+01 1   3.4493  5.793202e-01  8.009860e-01  0  1.2930  5.994955e+11  0.000000e+00  0.000000e+00  3.984606e-01 -1.661785e+02  1.650807e+01  1  1.2930  1.583797e+10  0.000000e+00  0.000000e+00  2.754823e-01 -1.696066e+02  6.209776e-02  2  1.2930  7.168812e+12  1.406816e+01  1.725604e+01  2.394508e-01 -1.760505e+02  4.809619e+00  3  1.2930  9.886398e+10  1.406816e+01  1.725604e+01  7.482319e-01 -1.669689e+02  3.633246e-02  4  1.2930  3.449250e+00  0.000000e+00  0.000000e+00  1.426934e-01 -9.751607e+01  0.000000e+00 
3  8.955358e+00  2.066227e+01  3.316000e+03  7.954658e-02 6 -1.000000e+00  2.388783e+01 3   8.8625 -1.496594e-02  6.086099e-02 -1 -1.0000 -1.000000e+00 -1.000000e+00 -1.000000e+00 -1.000000e+00 -1.000000e+00 -1.000000e+00 -1 -1.0000 -1.000000e+00 -1.000000e+00 -1.000000e+00 -1.000000e+00 -1.000000e+00 -1.000000e+00  0  1.3270  3.210876e+11  0.000000e+00  0.000000e+00  3.252257e-01 -1.592766e+02  6.199106e+00  1  1.3270  2.920794e+09  0.000000e+00  0.000000e+00  3.744245e-01 -1.920709e+02  5.717978e-02  2  1.3270  8.862510e+00  0.000000e+00  0.000000e+00  2.077670e-01  1.564060e+01  0.000000e+00 
3  2.448928e+01  1.073742e+01  2.260000e+03  3.824056e-01 6 -1.000000e+00  4.665455e+01 2  13.1974  3.167287e-01  1.038162e-01 -1 -1.0000 -1.000000e+00 -1.000000e+00 -1.000000e+00 -1.000000e+00 -1.000000e+00 -1.000000e+00 -1 -1.0000 -1.000000e+00 -1.000000e+00 -1.000000e+00 -1.000000e+00 -1.000000e+00 -1.000000e+00  0  1.3910  1.663785e+12  0.000000e+00  0.000000e+00  3.138406e-01 -3.547200e+01  3.892005e+00  1  1.3910  3.181284e+10  0.000000e+00  0.000000e+00  3.584498e-01 -3.745439e+01  4.553987e-02  2  1.3910  1.319740e+01  0.000000e+00  0.000000e+00  1.895273e-01 -9.234132e+01  0.000000e+00 
3  1.252494e+01  2.495178e+00  6.135000e+03  1.417718e+00 6 -1.000000e+00  2.557420e+01 2  14.0344  1.229245e+00 -7.421818e-01 -1 -1.0000 -1.000000e+00 -1.000000e+00 -1.000000e+00 -1.000000e+00 -1.000000e+00 -1.000000e+00 -1 -1.0000 -1.000000e+00 -1.000000e+00 -1.000000e+00 -1.000000e+00 -1.000000e+00 -1.000000e+00  0  1.5840  2.256425e+13  0.000000e+00  0.000000e+00  3.625572e-01 -1.138952e+02  3.243077e+00  1  1.5840  1.515791e+11  0.000000e+00  0.000000e+00  2.978073e-01 -1.627937e+02  1.243749e-01  2  1.5840  1.403440e+01  0.000000e+00  0.000000e+00  7.357669e-02 -1.138028e+00  0.000000e+00 
3  9.030306e+01  4.805406e+01  2.500000e+01  1.429379e-01 6  2.747786e-01  1.589203e+02 2  13.6711 -2.028948e-01 -1.655656e-01  0  1.8450  2.192427e+11  0.000000e+00  0.000000e+00  2.819806e-01  1.406907e+02  9.058018e+00  1  1.8450  2.619975e+09  0.000000e+00  0.000000e+00  4.242869e-01  1.223660e+02  1.451933e-02  2  1.8450  6.555896e+11 -8.144710e+00 -1.589580e+00  2.671844e-01  4.783658e+01  5.766228e+00  3  1.8450  1.275383e+10 -8.144710e+00 -1.589580e+00  2.175444e-01  4.893478e+01  4.547352e-02  4  1.8450  1.367110e+01  0.000000e+00  0.000000e+00  1.620167e-01  4.124852e+01  0.000000e+00 
3  2.415321e+01  2.165855e+01  8.865000e+03  2.392797e-01 6 -1.000000e+00  3.344958e+01 1  14.0596  9.747686e-02  1.615189e-01 -1 -1.0000 -1.000000e+00 -1.000000e+00 -1.000000e+00 -1.000000e+00 -1.000000e+00 -1.000000e+00 -1 -1.0000 -1.000000e+00 -1.000000e+00 -1.000000e+00 -1.000000e+00 -1.000000e+00 -1.000000e+00  0  2.0010  1.105717e+12  0.000000e+00  0.000000e+00  2.616274e-01  1.581342e+02  2.989240e+00  1  2.0010  1.938001e+10  0.000000e+00  0.000000e+00  5.867047e-01  2.208575e+02  2.687056e-02  2  2.0010  1.405960e+01  0.000000e+00  0.000000e+00  1.530026e-01 -1.059251e+02  0.000000e+00 
5  2.159788e+01  4.567945e+01  9.005000e+03  3.681135e-01 6 -1.000000e+00  8.773801e+01 3   8.8872  6.705661e-03  2.410109e-01 -1 -1.0000 -1.000000e+00 -1.000000e+00 -1.000000e+00 -1.000000e+00 -1.000000e+00 -1.000000e+00 -1 -1.0000 -1.000000e+00 -1.000000e+00 -1.000000e+00 -1.000000e+00 -1.000000e+00 -1.000000e+00  0  2.4170  2.343581e+12  0.000000e+00  0.000000e+00  3.198711e-01 -1.741238e+02  5.383493e+00  1  2.4170  4.057386e+10  0.000000e+00  0.000000e+00  5.490787e-01 -1.935565e+02  3.278894e-02  2  2.4170  8.887210e+00  0.000000e+00  0.000000e+00  1.411030e-01 -1.184271e+01  0.000000e+00 
3  1.667243e+01  1.247914e+01  4.217000e+03  1.710981e+00 6 -1.000000e+00  4.146720e+01 2  11.4899  8.379155e-01  1.982104e-01 -1 -1.0000 -1.000000e+00 -1.000000e+00 -1.000000e+00 -1.000000e+00 -1.000000e+00 -1.000000e+00 -1 -1.0000 -1.000000e+00 -1.000000e+00 -1.000000e+00 -1.000000e+00 -1.000000e+00 -1.000000e+00  0  0.9910  3.348668e+13  0.000000e+00  0.000000e+00  4.140216e-01  1.303112e+02  4.245728e+00  1  0.9910  2.077877e+11  0.000000e+00  0.000000e+00  5.424450e-01  1.565682e+02  1.202583e-01  2  0.9910  1.148990e+01  0.000000e+00  0.000000e+00  8.893920e-02  6.954155e+01  0.000000e+00 
1  4.220623e+01  9.083159e+01  6.327000e+03  4.903044e-01 0 -1.000000e+00  9.083159e+01 2  16.1190  4.593814e-01 -2.704792e-01 -1 -1.0000 -1.000000e+00 -1.000000e+00 -1.000000e+00 -1.000000e+00 -1.000000e+00 -1.000000e+00 -1 -1.0000 -1.000000e+00 -1.000000e+00 -1.000000e+00 -1.000000e+00 -1.000000e+00 -1.000000e+00  0  1.0370  6.300934e+11  0.000000e+00  0.000000e+00  3.236666e-01 -1.326189e+02  1.497036e+01  1  1.0370  1.689319e+10  0.000000e+00  0.000000e+00  3.521774e-01 -9.913055e+01  1.299808e-01  2  1.0370  1.611900e+01  0.000000e+00  0.000000e+00  2.251744e-01 -1.219236e+02  0.000000e+00 
3  1.078457e+01  1.352390e+01  3.196000e+03  3.893295e-01 6 -1.000000e+00  2.548074e+01 3  15.9129  1.563472e-02  6.209374e-02 -1 -1.0000 -1.000000e+00 -1.000000e+00 -1.000000e+00 -1.000000e+00 -1.000000e+00 -1.000000e+00 -1 -1.0000 -1.000000e+00 -1.000000e+00 -1.000000e+00 -1.000000e+00 -1.000000e+00 -1.000000e+00  0  1.2590  1.083189e+12  0.000000e+00  0.000000e+00  3.215396e-01  1.363653e+02  2.117466e+00  1  1.2590  3.669731e+10  0.000000e+00  0.000000e+00  3.335020e-01  1.359856e+02  4.388829e-02  2  1.2590  1.591290e+01  0.000000e+00  0.000000e+00  4.416752e-02 -1.793328e+02  0.000000e+00 
3  1.421462e+02  5.633246e+01  2.451000e+03  1.029580e+00 6  2.734715e-01  1.777719e+02 1  13.8695 -2.641948e-01 -1.085185e+00  0  1.4010  1.801615e+12  0.000000e+00  0.000000e+00  2.266873e-01 -1.533116e+02  1.436557e+01  1  1.4010  7.923435e+10  0.000000e+00  0.000000e+00  4.967168e-01 -1.478591e+02  1.017025e-01  2  1.4010  3.415304e+12  8.262517e+00 -6.380726e+00  2.327881e-01 -1.196559e+02  4.810062e+00  3  1.4010  6.355786e+10  8.262517e+00 -6.380726e+00  4.463442e-01 -1.415155e+02  4.125567e-02  4  1.4010  1.386950e+01  0.000000e+00  0.000000e+00  1.144214e-01 -1.067943e+02  0.000000e+00 
2  2.001124e+01  9.546879e+00  9.768000e+03  5.348974e-01 6 -1.000000e+00  2.640786e+01 1   8.8605  4.061109e-01  1.599548e-01 -1 -1.0000 -1.000000e+00 -1.000000e+00 -1.000000e+00 -1.000000e+00 -1.000000e+00 -1.000000e+00 -1 -1.0000 -1.000000e+00 -1.000000e+00 -1.000000e+00 -1.000000e+00 -1.000000e+00 -1.000000e+00  0  1.5400  2.139427e+12  0.000000e+00  0.000000e+00  2.370721e-01 -1.058460e+02  3.716624e+00  1  1.5400  4.113210e+10  0.000000e+00  0.000000e+00  2.221533e-01 -9.694634e+01  1.768719e-02  2  1.5400  8.860490e+00  0.000000e+00  0.000000e+00  1.043109e-01  2.334850e+01  0.000000e+00 
3  1.230854e+02  5.595356e+01  4.900000e+01  7.870087e-01 6 -1.000000e+00  1.628575e+02 1   3.5079 -8.133722e-01 -1.190079e-01 -1 -1.0000 -1.000000e+00 -1.000000e+00 -1.000000e+00 -1.000000e+00 -1.000000e+00 -1.000000e+00 -1 -1.0000 -1.000000e+00 -1.000000e+00 -1.000000e+00 -1.000000e+00 -1.000000e+00 -1.000000e+00  0  0.8590  3.975240e+12  0.000000e+00  0.000000e+00  3.488861e-01  3.530064e+01  8.629617e+00  1  0.8590  8.695470e+10  0.000000e+00  0.000000e+00  1.922849e-01  9.931666e+00  7.845459e-02  2  0.8590  3.507930e+00  0.000000e+00  0.000000e+00  4.516146e-02 -9.949830e+00  0.000000e+00 
5  5.632938e+01  8.851739e+01  3.099000e+03  9.085929e-01 6 -1.000000e+00  1.105984e+02 3  17.7543 -9.260032e-02  6.253201e-02 -1 -1.0000 -1.000000e+00 -1.000000e+00 -1.000000e+00 -1.000000e+00 -1.000000e+00 -1.000000e+00 -1 -1.0000 -1.000000e+00 -1.000000e+00 -1.000000e+00 -1.000000e+00 -1.000000e+00 -1.000000e+00  0  1.2130  2.675168e+12  0.000000e+00  0.000000e+00  1.965727e-01 -6.118448e+01  7.244757e+00  1  1.2130  8.030604e+10  0.000000e+00  0.000000e+00  5.993598e-02 -5.158612e+01  5.852832e-02  2  1.2130  1.775430e+01  0.000000e+00  0.000000e+00  1.500041e-01  1.207565e+02  0.000000e+00 
3  7.373583e+01  5.768636e+01  8.771000e+03  1.123797e+00 6  2.692222e-01  1.135595e+02 1  17.5567  4.605475e-01 -4.716295e-01  0  2.2700  1.264086e+12  0.000000e+00  0.000000e+00  1.759045e-01 -2.435340e+01  2.962665e+01  1  2.2700  3.287530e+10  0.000000e+00  0.000000e+00  7.867456e-01 -2.615126e+01  4.363208e-02  2  2.2700  6.442470e+12  8.076108e+00 -6.426524e+00  1.557362e-01 -1.644940e+02  5.885108e+00  3  2.2700  1.048688e+11  8.076108e+00 -6.426524e+00  3.156545e-01 -1.675934e+02  8.159571e-02  4  2.2700  1.755670e+01  0.000000e+00  0.000000e+00  6.799728e-02  9.981638e+01  0.000000e+00 
1  6.096612e+01  1.877836e+02  9.431000e+03  2.037892e+00 0 -1.000000e+00  1.877836e+02 2  15.9436  1.031774e+00 -1.341002e+00 -1 -1.0000 -1.000000e+00 -1.000000e+00 -1.000000e+00 -1.000000e+00 -1.000000e+00 -1.000000e+00 -1 -1.0000 -1.000000e+00 -1.000000e+00 -1.000000e+00 -1.000000e+00 -1.000000e+00 -1.000000e+00  0  2.7650  8.724128e+12  0.000000e+00  0.000000e+00  1.585531e-01  1.813536e+00  9.844219e+00  1  2.7650  9.758701e+10  0.000000e+00  0.000000e+00  2.300193e-01 -3.614603e+01  7.942884e-02  2  2.7650  1.594360e+01  0.000000e+00  0.000000e+00  2.134648e-01 -1.376448e+02  0.000000e+00 
5  6.520076e+01  9.947015e+01  2.116000e+03  5.428741e-01 6 -1.000000e+00  1.598418e+02 3  17.1562 -1.211694e-01  2.095672e-02 -1 -1.0000 -1.000000e+00 -1.000000e+00 -1.000000e+00 -1.000000e+00 -1.000000e+00 -1.000000e+00 -1 -1.0000 -1.000000e+00 -1.000000e+00 -1.000000e+00 -1.000000e+00 -1.000000e+00 -1.000000e+00  0  0.2090  1.633067e+12  0.000000e+00  0.000000e+00  4.191725e-01  3.243640e+01  1.020688e+01  1  0.2090  4.762689e+10  0.000000e+00  0.000000e+00  1.652732e-01  1.876381e+01  5.951879e-01  2  0.2090  1.715620e+01  0.000000e+00  0.000000e+00  1.269458e-01 -1.450405e+02  0.000000e+00 
1  2.824806e+02  6.467098e+02  5.435000e+03  1.128867e+00 0 -1.000000e+00  6.467098e+02 2   9.3495  4.737308e-01 -4.462836e-01 -1 -1.0000 -1.000000e+00 -1.000000e+00 -1.000000e+00 -1.000000e+00 -1.000000e+00 -1.000000e+00 -1 -1.0000 -1.000000e+00 -1.000000e+00 -1.000000e+00 -1.000000e+00 -1.000000e+00 -1.000000e+00  0  0.7560  1.078167e+13  0.000000e+00  0.000000e+00  2.648020e-01 -1.051120e+02  7.214917e+00  1  0.7560  8.160901e+10  0.000000e+00  0.000000e+00  4.501489e-01 -1.639836e+02  3.952823e-01  2  0.7560  9.349530e+00  0.000000e+00  0.000000e+00  5.635246e-02 -1.789348e+02  0.000000e+00 
3  9.850494e+00  2.613560e+00  1.692000e+03  2.371610e-01 6 -1.000000e+00  1.749001e+01 2  12.7144 -2.746300e-01 -1.795829e-01 -1 -1.0000 -1.000000e+00 -1.000000e+00 -1.000000e+00 -1.000000e+00 -1.000000e+00 -1.000000e+00 -1 -1.0000 -1.000000e+00 -1.000000e+00 -1.000000e+00 -1.000000e+00 -1.000000e+00 -1.000000e+00  0  2.1040  1.060041e+12  0.000000e+00  0.000000e+00  4.741683e-01 -4.455490e+01  3.652626e+00  1  2.1040  2.139123e+10  0.000000e+00  0.000000e+00  6.703690e-01 -3.964892e+01  2.084516e-02  2  2.1040  1.271440e+01  0.000000e+00  0.000000e+00  1.849248e-01 -8.152414e+01  0.000000e+00 
1  7.420846e+01  1.379597e+02  4.530000e+02  8.075732e-02 0  2.716304e-01  1.379597e+02 2   5.4407 -3.957776e-02  2.246386e-02  0  2.4320  1.419249e+11  0.000000e+00  0.000000e+00  4.414032e-01 -3.917015e+01  1.799027e+01  1  2.4320  7.087063e+08  0.000000e+00  0.000000e+00  2.239245e-01 -1.235260e+01  1.702605e-02  2  2.4320  3.689346e+11 -1.788627e+00  1.887686e+00  4.124813e-01  6.145548e+01  4.485850e+00  3  2.4320  2.241123e+09 -1.788627e+00  1.887686e+00  3.565979e-01  5.654388e+01  7.140863e-02  4  2.4320  5.440690e+00  0.000000e+00  0.000000e+00  1.670659e-01  3.937606e+01  0.000000e+00 
1  2.227725e+02  4.152314e+02  9.847000e+03  7.627384e+00 0 -1.000000e+00  4.152314e+02 2  14.1133 -2.541333e+00 -6.215611e+00 -1 -1.0000 -1.000000e+00 -1.000000e+00 -1.000000e+00 -1.000000e+00 -1.000000e+00 -1.000000e+00 -1 -1.0000 -1.000000e+00 -1.000000e+00 -1.000000e+00 -1.000000e+00 -1.000000e+00 -1.000000e+00  0  0.6640  4.813322e+14  0.000000e+00  0.000000e+00  3.462893e-01  1.665024e+02  3.021501e+00  1  0.6640  8.438270e+11  0.000000e+00  0.000000e+00  4.490675e-01  1.588630e+02  8.096023e-01  2  0.6640  1.411330e+01  0.000000e+00  0.000000e+00  1.232617e-01  3.032177e+01  0.000000e+00 
3  2.159788e+01  1.467406e+01  9.005000e+03  4.680799e-01 6 -1.000000e+00  2.808230e+01 1   8.8872  1.905327e-01  4.294693e-01 -1 -1.0000 -1.000000e+00 -1.000000e+00 -1.000000e+00 -1.000000e+00 -1.000000e+00 -1.000000e+00 -1 -1.0000 -1.000000e+00 -1.000000e+00 -1.000000e+00 -1.000000e+00 -1.000000e+00 -1.000000e+00  0  1.0410  2.423206e+12  0.000000e+00  0.000000e+00  1.718840e-01  1.792145e+02  3.855411e+00  1  1.0410  7.454945e+10  0.000000e+00  0.000000e+00  4.654998e-01  1.890518e+02  1.087709e-01  2  1.0410  8.887210e+00  0.000000e+00  0.000000e+00  1.747560e-01  7.774871e+01  0.000000e+00 
3  5.775433e+01  5.277283e+01  4.598000e+03  5.016393e-01 6 -1.000000e+00  7.888130e+01 1  17.7887 -6.156729e-02  2.368365e-01 -1 -1.0000 -1.000000e+00 -1.000000e+00 -1.000000e+00 -1.000000e+00 -1.000000e+00 -1.000000e+00 -1 -1.0000 -1.000000e+00 -1.000000e+00 -1.000000e+00 -1.000000e+00 -1.000000e+00 -1.000000e+00  0  1.0740  1.238585e+12  0.000000e+00  0.000000e+00  9.616940e-02 -9.826222e+01  4.625874e+00  1  1.0740  4.826380e+10  0.000000e+00  0.000000e+00  2.866044e-01 -1.502784e+02  4.203613e-02  2  1.0740  1.778870e+01  0.000000e+00  0.000000e+00  1.246827e-01 -1.047367e+02  0.000000e+00 
3  2.306210e+02  1.201013e+02  9.308000e+03  1.607353e-01 6 -1.000000e+00  3.009054e+02 1  16.9256  3.835727e-02  1.398399e-01 -1 -1.0000 -1.000000e+00 -1.000000e+00 -1.000000e+00 -1.000000e+00 -1.000000e+00 -1.000000e+00 -1 -1.0000 -1.000000e+00 -1.000000e+00 -1.000000e+00 -1.000000e+00 -1.000000e+00 -1.000000e+00  0  1.5580  7.891710e+11  0.000000e+00  0.000000e+00  3.079360e-01 -1.552863e+02  3.590419e+00  1  1.5580  1.177631e+10  0.000000e+00  0.000000e+00  5.438270e-01 -1.816060e+02  4.315122e-02  2  1.5580  1.692560e+01  0.000000e+00  0.000000e+00  2.044366e-01  4.076655e+01  0.000000e+00 
3  5.130248e+01  8.599369e+01  4.471000e+03  5.849954e-01 6 -1.000000e+00  9.113208e+01 3   9.8838 -8.677117e-02 -9.641067e-02 -1 -1.0000 -1.000000e+00 -1.000000e+00 -1.000000e+00 -1.000000e+00 -1.000000e+00 -1.000000e+00 -1 -1.0000 -1.000000e+00 -1.000000e+00 -1.000000e+00 -1.000000e+00 -1.000000e+00 -1.000000e+00  0  0.6890  4.271072e+12  0.000000e+00  0.000000e+00  1.514143e-01 -9.788040e+01  5.773868e+00  1  0.6890  8.343628e+10  0.000000e+00  0.000000e+00  6.111111e-01 -1.716358e+02  1.410950e-01  2  0.6890  9.883760e+00  0.000000e+00  0.000000e+00  7.042224e-02  5.034062e+01  0.000000e+00 
1  5.830533e+01  1.020408e+02  4.946000e+03  1.498195e+00 0 -1.000000e+00  1.020408e+02 2  13.8841 -1.556444e+00 -3.500879e-01 -1 -1.0000 -1.000000e+00 -1.000000e+00 -1.000000e+00 -1.000000e+00 -1.000000e+00 -1.000000e+00 -1 -1.0000 -1.000000e+00 -1.000000e+00 -1.000000e+00 -1.000000e+00 -1.000000e+00 -1.000000e+00  0  0.6940  9.959752e+12  0.000000e+00  0.000000e+00  2.204240e-01  4.460718e+00  8.540855e+00  1  0.6940  1.117164e+11  0.000000e+00  0.000000e+00  4.522137e-03 -5.264189e+01  1.572728e-01  2  0.6940  1.388410e+01  0.000000e+00  0.000000e+00  1.698102e-01 -8.582305e+01  0.000000e+00 
3  1.403865e+02  1.124890e+02  1.063000e+03  4.224864e-01 6 -1.000000e+00  1.828656e+02 1  15.9476 -1.775506e-01  1.622118e-01 -1 -1.0000 -1.000000e+00 -1.000000e+00 -1.000000e+00 -1.000000e+00 -1.000000e+00 -1.000000e+00 -1 -1.0000 -1.000000e+00 -1.000000e+00 -1.000000e+00 -1.000000e+00 -1.000000e+00 -1.000000e+00  0  1.4920  1.619316e+12  0.000000e+00  0.000000e+00  3.071280e-01  1.460650e+00  3.015018e+00  1  1.4920  3.503826e+10  0.000000e+00  0.000000e+00  1.720044e-01  5.132412e+01  3.902082e-02  2  1.4920  1.594760e+01  0.000000e+00  0.000000e+00  1.598646e-01  1.593313e+02  0.000000e+00 
1  7.970020e+01  1.488327e+02  5.084000e+03  4.964526e-01 0 -1.000000e+00  1.488327e+02 2  18.5473 -1.316994e+00  6.699248e-01 -1 -1.0000 -1.000000e+00 -1.000000e+00 -1.000000e+00 -1.000000e+00 -1.000000e+00 -1.000000e+00 -1 -1.0000 -1.000000e+00 -1.000000e+00 -1.000000e+00 -1.000000e+00 -1.000000e+00 -1.000000e+00  0  2.5940  1.446772e+12  0.000000e+00  0.000000e+00  5.251002e-01 -1.045693e+02  4.974585e+00  1  2.5940  2.946955e+10  0.000000e+00  0.000000e+00  1.374617e-01 -1.187000e+02  5.731833e-02  2  2.5940  1.854730e+01  0.000000e+00  0.000000e+00  3.350788e-01 -1.186096e+02  0.000000e+00 
3  1.437693e+02  6.115559e+01  4.925000e+03  9.768485e-01 6 -1.000000e+00  1.727360e+02 1   9.7687  6.920482e-02 -1.008010e+00 -1 -1.0000 -1.000000e+00 -1.000000e+00 -1.000000e+00 -1.000000e+00 -1.000000e+00 -1.000000e+00 -1 -1.0000 -1.000000e+00 -1.000000e+00 -1.000000e+00 -1.000000e+00 -1.000000e+00 -1.000000e+00  0  0.3840  2.563620e+12  0.000000e+00  0.000000e+00  1.259629e-01  1.018665e+02  5.299673e+00  1  0.3840  9.748799e+10  0.000000e+00  0.000000e+00  1.148425e-01  4.706547e+01  1.303839e-01  2  0.3840  9.768680e+00  0.000000e+00  0.000000e+00  9.840594e-02  1.275309e+02  0.000000e+00 
3  2.626171e+01  1.404512e+01  5.704000e+03  7.212491e-01 6 -1.000000e+00  4.040996e+01 1  11.7891  1.174007e-01 -5.850874e-01 -1 -1.0000 -1.000000e+00 -1.000000e+00 -1.000000e+00 -1.000000e+00 -1.000000e+00 -1.000000e+00 -1 -1.0000 -1.000000e+00 -1.000000e+00 -1.000000e+00 -1.000000e+00 -1.000000e+00 -1.000000e+00  0  0.5040  5.175582e+12  0.000000e+00  0.000000e+00  1.899155e-01  1.009380e+01  4.144035e+00  1  0.5040  7.364696e+10  0.000000e+00  0.000000e+00  1.966507e-01 -4.044269e+01  2.046765e-01  2  0.5040  1.178910e+01  0.000000e+00  0.000000e+00  5.465019e-02  1.655480e+02  0.000000e+00 
3  5.027477e+01  4.767000e+01  3.540000e+03  3.814883e-01 6  2.891835e-01  9.081456e+01 3  17.1379  2.777303e-01 -3.904976e-01  0  0.7860  2.966594e+11  0.000000e+00  0.000000e+00  2.346413e-01  1.697215e+02  1.985689e+01  1  0.7860  9.873302e+09  0.000000e+00  0.000000e+00  4.815312e-01  1.138386e+02  4.587672e-02  2  0.7860  1.503405e+12  1.442341e+01 -1.170256e+01  1.399437e-01  3.919406e+01  4.636104e+00  3  0.7860  4.912759e+10  1.442341e+01 -1.170256e+01  4.423034e-01  7.479603e+01  1.881724e-01  4  0.7860  1.713790e+01  0.000000e+00  0.000000e+00  9.022412e-02 -1.701113e+02  0.000000e+00 
3  9.182473e+01  6.213007e+01  8.864000e+03  5.974725e-01 6  2.945095e-01  1.185463e+02 1  16.7193 -1.408061e+00  3.216925e-01  0  1.1100  4.174918e+11  0.000000e+00  0.000000e+00  4.063233e-01  9.563477e+01  2.849293e+01  1  1.1100  9.194465e+09  0.000000e+00  0.000000e+00  3.720758e-01  1.234817e+02  6.251783e-02  2  1.1100  1.142686e+13 -2.199922e+01  5.507513e+00  9.830506e-02  3.820766e+01  4.626590e+00  3  1.1100  1.068075e+11 -2.199922e+01  5.507513e+00  6.513394e-01  1.276431e+01  4.359733e-02  4  1.1100  1.671930e+01  0.000000e+00  0.000000e+00  2.457125e-01  1.402386e+02  0.000000e+00 
3  5.679392e+01  5.095460e+01  5.320000e+02  2.623854e-01 6 -1.000000e+00  8.270681e+01 1  13.8605  1.264233e-02 -1.374508e-01 -1 -1.0000 -1.000000e+00 -1.000000e+00 -1.000000e+00 -1.000000e+00 -1.000000e+00 -1.000000e+00 -1 -1.0000 -1.000000e+00 -1.000000e+00 -1.000000e+00 -1.000000e+00 -1.000000e+00 -1.000000e+00  0  1.9640  8.863318e+11  0.000000e+00  0.000000e+00  1.668492e-01  7.837837e+01  2.886902e+00  1  1.9640  1.348553e+10  0.000000e+00  0.000000e+00  6.176981e-01  1.130471e+02  4.794751e-02  2  1.9640  1.386050e+01  0.000000e+00  0.000000e+00  5.028117e-02  1.558503e+02  0.000000e+00 
3  3.712985e+01  8.052828e+00  2.428000e+03  1.327304e+00 6 -1.000000e+00  6.470592e+01 2  15.4571  1.763676e+00  8.082175e-01 -1 -1.0000 -1.000000e+00 -1.000000e+00 -1.000000e+00 -1.000000e+00 -1.000000e+00 -1.000000e+00 -1 -1.0000 -1.000000e+00 -1.000000e+00 -1.000000e+00 -1.000000e+00 -1.000000e+00 -1.000000e+00  0  0.7040  3.337173e+13  0.000000e+00  0.000000e+00  2.816055e-01  1.683931e+02  2.583142e+00  1  0.7040  2.169046e+11  0.000000e+00  0.000000e+00  1.869461e-01  1.874345e+02  1.762230e-01  2  0.7040  1.545710e+01  0.000000e+00  0.000000e+00  1.976657e-01  1.038085e+02  0.000000e+00 
1  9.253631e+00  1.940858e+01  4.519000e+03  1.165958e+01 0  2.685577e-01  1.940858e+01 2  10.7790  4.961784e+00  1.144974e+01  0  1.0330  1.144719e+14  0.000000e+00  0.000000e+00  3.463733e-01  1.788945e+02  9.389579e+00  1  1.0330  1.365650e+11  0.000000e+00  0.000000e+00  7.628075e-02  1.567459e+02  2.190889e-01  2  1.0330  4.199417e+14  7.001038e+01  3.629203e+01  4.335507e-01  9.750285e+01  3.103929e+00  3  1.0330  6.408545e+11  7.001038e+01  3.629203e+01  3.783013e-01  4.663399e+01  3.479280e-01  4  1.0330  1.077900e+01  0.000000e+00  0.000000e+00  1.773401e-01  6.834552e+01  0.000000e+00 
1  3.729388e+01  6.702239e+01  1.870000e+03  2.934844e+00 0 -1.000000e+00  6.702239e+01 2  16.1229 -2.431306e+00 -1.797239e+00 -1 -1.0000 -1.000000e+00 -1.000000e+00 -1.000000e+00 -1.000000e+00 -1.000000e+00 -1.000000e+00 -1 -1.0000 -1.000000e+00 -1.000000e+00 -1.000000e+00 -1.000000e+00 -1.000000e+00 -1.000000e+00  0  1.2590  2.993440e+13  0.000000e+00  0.000000e+00  3.257017e-01  1.253651e+02  5.563282e+00  1  1.2590  1.588940e+11  0.000000e+00  0.000000e+00  3.425725e-01  1.081935e+02  9.578378e-02  2  1.2590  1.612290e+01  0.000000e+00  0.000000e+00  3.947575e-02  2.625778e+01  0.000000e+00 
1  1.672096e+01  3.390811e+01  7.397000e+03  1.332120e+01 0 -1.000000e+00  3.390811e+01 2  14.7477 -1.053069e+01 -6.349573e+00 -1 -1.0000 -1.000000e+00 -1.000000e+00 -1.000000e+00 -1.000000e+00 -1.000000e+00 -1.000000e+00 -1 -1.0000 -1.000000e+00 -1.000000e+00 -1.000000e+00 -1.000000e+00 -1.000000e+00 -1.000000e+00  0  1.3900  2.124244e+14  0.000000e+00  0.000000e+00  4.921538e-01  1.323029e+02  6.807667e+00  1  1.3900  2.847628e+11  0.000000e+00  0.000000e+00  1.929766e-01  4.053361e+01  1.666871e-01  2  1.3900  1.474770e+01  0.000000e+00  0.000000e+00  7.410983e-02  1.093840e+02  0.000000e+00 
2  2.021579e+02  1.682041e+02  6.832000e+03  6.319660e-01 6 -1.000000e+00  2.884613e+02 1  15.9444 -3.609895e-01 -6.205544e-03 -1 -1.0000 -1.000000e+00 -1.000000e+00 -1.000000e+00 -1.000000e+00 -1.000000e+00 -1.000000e+00 -1 -1.0000 -1.000000e+00 -1.000000e+00 -1.000000e+00 -1.000000e+00 -1.000000e+00 -1.000000e+00  0  1.9420  3.384837e+12  0.000000e+00  0.000000e+00  1.814303e-01  1.098600e+02  2.428141e+00  1  1.9420  6.920538e+10  0.000000e+00  0.000000e+00  1.453454e-01  1.177373e+02  3.497885e-02  2  1.9420  1.594440e+01  0.000000e+00  0.000000e+00  1.580308e-01 -1.587244e+02  0.000000e+00 
3  1.430074e+02  7.367906e+01  4.625000e+03  4.233125e-01 6 -1.000000e+00  2.161642e+02 1  14.7466  5.501029e-02  3.142270e-01 -1 -1.0000 -1.000000e+00 -1.000000e+00 -1.000000e+00 -1.000000e+00 -1.000000e+00 -1.000000e+00 -1 -1.0000 -1.000000e+00 -1.000000e+00 -1.000000e+00 -1.000000e+00 -1.000000e+00 -1.000000e+00  0  2.8860  1.537860e+12  0.000000e+00  0.000000e+00  2.277009e-01 -8.140049e+01  2.761157e+00  1  2.8860  3.969384e+10  0.000000e+00  0.000000e+00  3.501192e-01 -1.257047e+02  3.478981e-02  2  2.8860  1.474660e+01  0.000000e+00  0.000000e+00  1.554646e-01 -1.658421e+02  0.000000e+00 
3  1.745271e+02  7.691834e+01  3.447000e+03  7.663956e-01 6  2.847577e-01  2.202149e+02 1  18.5599 -1.118659e+00 -4.188103e-01  0  0.8400  5.530211e+11  0.000000e+00  0.000000e+00  1.317395e-01 -1.197309e+02  2.832070e+01  1  0.8400  3.067344e+10  0.000000e+00  0.000000e+00  1.801965e-01 -9.611807e+01  9.446311e-02  2  0.8400  2.158613e+12 -1.549462e+01  2.302824e-01  7.143161e-02 -4.418905e+01  4.771349e+00  3  0.8400  7.937015e+10 -1.549462e+01  2.302824e-01  2.598116e-01 -6.872928e+01  2.698862e-01  4  0.8400  1.855990e+01  0.000000e+00  0.000000e+00  2.395532e-01 -8.655188e+00  0.000000e+00 
3  2.546425e+01  1.516243e+01  7.935000e+03  2.902865e-01 6 -1.000000e+00  3.481463e+01 1   6.7625  1.936887e-02  2.424449e-01 -1 -1.0000 -1.000000e+00 -1.000000e+00 -1.000000e+00 -1.000000e+00 -1.000000e+00 -1.000000e+00 -1 -1.0000 -1.000000e+00 -1.000000e+00 -1.000000e+00 -1.000000e+00 -1.000000e+00 -1.000000e+00  0  1.8930  1.051866e+12  0.000000e+00  0.000000e+00  3.573580e-01 -4.348157e+01  4.987976e+00  1  1.8930  2.152196e+10  0.000000e+00  0.000000e+00  2.598663e-01 -3.668384e+01  1.859003e-02  2  1.8930  6.762460e+00  0.000000e+00  0.000000e+00  1.703580e-01  5.941241e+01  0.000000e+00 
1  1.341139e+01  2.481539e+01  2.207000e+03  4.901968e-02 0  2.730829e-01  2.481539e+01 2  16.3155  7.591876e-02 -1.448894e-01  0  2.6020  1.754486e+10  0.000000e+00  0.000000e+00  2.581149e-01 -1.425567e+02  2.861577e+01  1  2.6020  1.906449e+07  0.000000e+00  0.000000e+00  3.820917e-01 -1.143376e+02  6.309179e-02  2  2.6020  7.555002e+10 -6.672686e-01 -3.698007e+00  1.980189e-01  9.515540e+01  3.167090e+00  3  2.6020  2.245703e+08 -6.672686e-01 -3.698007e+00  4.065949e-01  6.120681e+01  5.055744e-02  4  2.6020  1.631550e+01  0.000000e+00  0.000000e+00  2.571125e-01  4.927717e+01  0.000000e+00 
5  9.644167e+01  1.806980e+02  3.439000e+03  9.469345e-01 6 -1.000000e+00  2.417530e+02 3  17.4663  1.420694e-02 -7.325051e-02 -1 -1.0000 -1.000000e+00 -1.000000e+00 -1.000000e+00 -1.000000e+00 -1.000000e+00 -1.000000e+00 -1 -1.0000 -1.000000e+00 -1.000000e+00 -1.000000e+00 -1.000000e+00 -1.000000e+00 -1.000000e+00  0  1.1530  2.121900e+12  0.000000e+00  0.000000e+00  5.805373e-02  7.222411e+01  9.217825e+00  1  1.1530  6.240123e+10  0.000000e+00  0.000000e+00  2.640385e-01  8.987177e+01  6.200863e-02  2  1.1530  1.746630e+01  0.000000e+00  0.000000e+00  1.272784e-01 -5.862193e+01  0.000000e+00 
3  5.082295e+01  1.835882e+01  3.430000e+02  3.192103e-01 6  2.824189e-01  8.976210e+01 2   9.7840  1.827039e-01  3.062176e-01  0  1.2470  5.804236e+11  0.000000e+00  0.000000e+00  3.814776e-01  4.672110e+01  1.170678e+01  1  1.2470  1.426760e+10  0.000000e+00  0.000000e+00  7.158433e-01  5.256048e+01  4.556194e-02  2  1.2470  3.580690e+12  1.502426e+00  2.788042e+01  5.422488e-01 -1.783200e+02  7.644343e+00  3  1.2470  6.561474e+10  1.502426e+00  2.788042e+01  1.746212e-01 -1.686959e+02  7.351621e-02  4  1.2470  9.783950e+00  0.000000e+00  0.000000e+00  1.325115e-01  1.558568e+02  0.000000e+00 
4  1.519324e+02  1.758019e+02  5.203000e+03  1.469231e+00 6  2.788086e-01  3.315016e+02 3   8.8695 -2.029799e+00 -8.633630e-01  0  1.2920  2.181357e+12  0.000000e+00  0.000000e+00  2.160408e-01 -6.599806e+01  1.720079e+01  1  1.2920  4.745403e+10  0.000000e+00  0.000000e+00  9.411746e-02 -6.655740e+01  6.453697e-02  2  1.2920  1.913931e+13 -3.689359e+00 -3.940670e+00  4.415483e-01 -7.067271e+00  5.450645e+00  3  1.2920  1.176293e+11 -3.689359e+00 -3.940670e+00  3.951715e-01 -3.650724e+01  9.422333e-02  4  1.2920  8.869470e+00  0.000000e+00  0.000000e+00  1.604976e-01 -6.373425e+01  0.000000e+00 
1  9.696160e+01  2.581347e+02  2.179000e+03  7.505885e+00 0 -1.000000e+00  2.581347e+02 2  10.6463 -4.989897e+00  6.408695e-01 -1 -1.0000 -1.000000e+00 -1.000000e+00 -1.000000e+00 -1.000000e+00 -1.000000e+00 -1.000000e+00 -1 -1.0000 -1.000000e+00 -1.000000e+00 -1.000000e+00 -1.000000e+00 -1.000000e+00 -1.000000e+00  0  1.5410  1.320874e+14  0.000000e+00  0.000000e+00  4.234768e-01 -1.030396e+02  3.613439e+00  1  1.5410  3.651176e+11  0.000000e+00  0.000000e+00  3.303334e-01 -7.800335e+01  1.638572e-01  2  1.5410  1.064630e+01  0.000000e+00  0.000000e+00  1.273766e-02  9.435875e+01  0.000000e+00 
3  1.110660e+02  9.970367e+01  3.514000e+03  1.605965e+00 6 -1.000000e+00  1.471513e+02 1  17.4572 -7.592819e-01 -4.921806e-01 -1 -1.0000 -1.000000e+00 -1.000000e+00 -1.000000e+00 -1.000000e+00 -1.000000e+00 -1.000000e+00 -1 -1.0000 -1.000000e+00 -1.000000e+00 -1.000000e+00 -1.000000e+00 -1.000000e+00 -1.000000e+00  0  0.2870  4.345758e+12  0.000000e+00  0.000000e+00  2.705371e-01 -1.576485e+02  1.754777e+01  1  0.2870  1.127458e+11  0.000000e+00  0.000000e+00  2.330463e-01 -1.349292e+02  3.132787e-01  2  0.2870  1.745720e+01  0.000000e+00  0.000000e+00  2.934082e-01  7.174191e+01  0.000000e+00 
3  6.126501e+01  6.031922e+01  7.073000e+03  5.141637e-01 6  2.912036e-01  1.095120e+02 3  15.3428  3.172404e-01  4.503948e-01  0  0.7470  5.349824e+11  0.000000e+00  0.000000e+00  2.925226e-01 -1.668258e+02  1.758947e+01  1  0.7470  2.757165e+10  0.000000e+00  0.000000e+00  1.817817e-01 -2.041791e+02  7.250086e-02  2  0.7470  3.733180e+12  3.078343e+01  1.525626e+01  4.221528e-01 -9.134717e+01  3.620734e+00  3  0.7470  5.597723e+10  3.078343e+01  1.525626e+01  2.697473e-01 -1.104329e+02  1.711332e-01  4  0.7470  1.534280e+01  0.000000e+00  0.000000e+00  8.523093e-02 -1.004990e+02  0.000000e+00 
1  2.252066e+01  3.955108e+01  9.235000e+03  2.225360e-01 0  2.960956e-01  3.955108e+01 2  15.9151 -2.258795e-01  6.463319e-01  0  0.8180  1.607157e+11  0.000000e+00  0.000000e+00  1.252199e-01 -3.481559e+01  2.646830e+01  1  0.8180  2.435127e+09  0.000000e+00  0.000000e+00  2.278125e-01 -5.715998e+01  1.192262e-01  2  0.8180  1.591362e+12 -5.329496e+00  7.578648e+00  1.881080e-01  4.085486e+00  9.760731e+00  3  0.8180  5.012996e+10 -5.329496e+00  7.578648e+00  1.207353e-01 -2.536724e+01  6.111328e-02  4  0.8180  1.591510e+01  0.000000e+00  0.000000e+00  1.092820e-01  1.433987e+02  0.000000e+00 
3  8.215337e+01  4.559473e+01  3.263000e+03  7.163716e-01 6 -1.000000e+00  1.303957e+02 1  18.0131 -5.190054e-01  1.946472e-01 -1 -1.0000 -1.000000e+00 -1.000000e+00 -1.000000e+00 -1.000000e+00 -1.000000e+00 -1.000000e+00 -1 -1.0000 -1.000000e+00 -1.000000e+00 -1.000000e+00 -1.000000e+00 -1.000000e+00 -1.000000e+00  0  0.9560  5.729787e+12  0.000000e+00  0.000000e+00  3.089067e-01  1.206755e+02  5.019401e+00  1  0.9560  5.819254e+10  0.000000e+00  0.000000e+00  3.841230e-01  1.372276e+02  1.522718e-01  2  0.9560  1.801310e+01  0.000000e+00  0.000000e+00  6.338871e-02 -8.974435e+01  0.000000e+00 
3  1.100904e+02  4.076625e+01  1.874000e+03  1.046279e+00 6  2.739933e-01  1.906976e+02 2  13.1883 -2.602344e-01 -1.738839e+00  0  1.3610  3.716434e+12  0.000000e+00  0.000000e+00  7.336470e-02 -1.111417e+02  7.250679e+00  1  1.3610  7.785465e+10  0.000000e+00  0.000000e+00  6.266467e-03 -1.005908e+02  8.284975e-02  2  1.3610  9.532016e+12  3.539728e+00 -9.152971e+00  1.109455e-01 -1.454691e+02  2.267270e+00  3  1.3610  1.187776e+11  3.539728e+00 -9.152971e+00  1.686900e-01 -1.200013e+02  1.618951e-01  4  1.3610  1.318830e+01  0.000000e+00  0.000000e+00  1.047410e-01 -6.598043e+01  0.000000e+00 
3  1.769850e+02  3.307742e+02  6.720000e+03  1.170362e-01 6  2.911356e-01  3.726226e+02 3  11.2107 -1.923951e-01 -2.839852e-01  0  1.8640  3.029791e+10  0.000000e+00  0.000000e+00  4.738620e-02 -1.517253e+02  4.722095e+01  1  1.8640  5.579455e+07  0.000000e+00  0.000000e+00  3.923417e-01 -1.565849e+02  7.242925e-02  2  1.8640  1.123901e+12 -1.717065e+00 -2.049109e+00  4.806850e-01 -7.564062e+01  2.803205e+00  3  1.8640  3.226085e+10 -1.717065e+00 -2.049109e+00  3.766171e-01 -6.426395e+01  2.117287e-02  4  1.8640  1.121070e+01  0.000000e+00  0.000000e+00  2.912600e-01  5.940574e+01  0.000000e+00 
3  1.980594e+01  1.663724e+01  9.525000e+03  7.179821e-01 6  2.939493e-01  3.065734e+01 1  10.7834 -1.169543e+00 -6.051061e-01  0  0.4180  5.213436e+11  0.000000e+00  0.000000e+00  1.638289e-01 -4.642140e+01  2.975692e+01  1  0.4180  2.708159e+10  0.000000e+00  0.000000e+00  5.523468e-01 -4.196505e+01  1.652017e-01  2  0.4180  2.579494e+12 -5.645565e+00 -3.326226e+00  9.902519e-02  1.087796e+02  9.968053e+00  3  0.4180  8.085239e+10 -5.645565e+00 -3.326226e+00  1.440990e-01  1.432685e+02  1.722420e-01  4  0.4180  1.078340e+01  0.000000e+00  0.000000e+00  1.664355e-01  2.803448e+01  0.000000e+00 
3  8.851288e+01  1.486701e+02  1.780000e+03  5.918760e-02 6  2.853760e-01  4.235600e+02 3  15.9296  1.878192e-02  1.002289e-01  0  1.6140  2.392177e+10  0.000000e+00  0.000000e+00  2.725918e-01 -4.834294e+01  2.930037e+01  1  1.6140  3.815564e+07  0.000000e+00  0.000000e+00  3.588670e-01 -7.689382e+01  2.721709e-02  2  1.6140  1.782657e+11  1.753737e-01  4.715876e+00  2.821762e-01 -1.060418e+02  6.520018e+00  3  1.6140  6.506223e+08  1.753737e-01  4.715876e+00  4.576433e-02 -1.841394e+02  3.245231e-02  4  1.6140  1.592960e+01  0.000000e+00  0.000000e+00  9.139514e-02 -8.520416e+01  0.000000e+00 
3  8.610014e+01  6.624051e+00  2.065000e+03  8.617158e-01 6  2.686886e-01  1.504497e+02 2   6.7680  3.046455e+00 -8.781053e-01  0  2.0200  2.504934e+12  0.000000e+00  0.000000e+00  1.645563e-01  4.293666e+01  8.286253e+00  1  2.0200  7.692204e+10  0.000000e+00  0.000000e+00  2.434611e-02  1.485389e+01  3.350703e-02  2  2.0200  1.688035e+13  7.283216e+00 -1.651271e+00  2.877998e-01 -6.155014e+01  3.051593e+00  3  2.0200  1.079079e+11  7.283216e+00 -1.651271e+00  1.165668e-01 -1.195003e+02  5.233355e-02  4  2.0200  6.767970e+00  0.000000e+00  0.000000e+00  7.369846e-02  6.373534e+01  0.000000e+00 
3  1.419356e+01  1.581485e+01  7.582000e+03  3.126270e-01 6  3.142967e-01  1.866356e+01 1  15.9420  7.413331e-01 -8.087511e-01  0  0.8540  9.756417e+10  0.000000e+00  0.000000e+00  7.936816e-03 -1.068894e+02  6.966481e+01  1  0.8540  6.514708e+08  0.000000e+00  0.000000e+00  2.071740e-01 -1.585412e+02  6.750957e-02  2  0.8540  7.744268e+12  2.011700e+01 -2.702408e+01  1.280463e-01 -2.659189e+01  4.171947e+00  3  0.8540  7.107674e+10  2.011700e+01 -2.702408e+01  3.651700e-01 -5.119821e+01  7.109496e-02  4  0.8540  1.594200e+01  0.000000e+00  0.000000e+00  2.034459e-01 -4.997449e+01  0.000000e+00 
3  2.850968e+01  1.070501e+01  4.176000e+03  7.995412e-01 6 -1.000000e+00  5.144514e+01 2  17.8026  4.924636e-01 -5.183182e-01 -1 -1.0000 -1.000000e+00 -1.000000e+00 -1.000000e+00 -1.000000e+00 -1.000000e+00 -1.000000e+00 -1 -1.0000 -1.000000e+00 -1.000000e+00 -1.000000e+00 -1.000000e+00 -1.000000e+00 -1.000000e+00  0  1.4630  1.156938e+13  0.000000e+00  0.000000e+00  3.402390e-01 -1.474378e+02  2.661979e+00  1  1.4630  8.072360e+10  0.000000e+00  0.000000e+00  5.306906e-02 -1.194063e+02  1.118795e-01  2  1.4630  1.780260e+01  0.000000e+00  0.000000e+00  1.067930e-01 -7.526722e+01  0.000000e+00 
1  2.050309e+01  3.602162e+01  7.998000e+03  1.858278e-01 0  2.722960e-01  3.602162e+01 2  13.0176 -2.342754e-01  2.888749e-01  0  1.9780  3.135360e+11  0.000000e+00  0.000000e+00  2.239783e-01 -1.249196e+02  1.024663e+01  1  1.9780  5.014112e+09  0.000000e+00  0.000000e+00  3.928858e-01 -1.686419e+02  4.668755e-02  2  1.9780  6.231968e+11  5.989623e-01  3.039188e+00  3.277580e-01 -3.587376e+01  2.903478e+00  3  1.9780  1.318689e+10  5.989623e-01  3.039188e+00  2.397763e-01 -8.333660e+01  5.609905e-02  4  1.9780  1.301760e+01  0.000000e+00  0.000000e+00  1.282650e-01  8.390455e+01  0.000000e+00 
3  6.466867e+01  3.633592e+01  7.804000e+03  7.356158e-02 6 -1.000000e+00  9.707049e+01 1   3.9190 -4.129151e-02 -3.836608e-02 -1 -1.0000 -1.000000e+00 -1.000000e+00 -1.000000e+00 -1.000000e+00 -1.000000e+00 -1.000000e+00 -1 -1.0000 -1.000000e+00 -1.000000e+00 -1.000000e+00 -1.000000e+00 -1.000000e+00 -1.000000e+00  0  2.3420  5.168722e+11  0.000000e+00  0.000000e+00  3.071823e-01 -7.418122e+01  3.608783e+00  1  2.3420  4.850632e+09  0.000000e+00  0.000000e+00  2.359515e-01 -4.331912e+01  2.643936e-02  2  2.3420  3.918970e+00  0.000000e+00  0.000000e+00  4.962392e-02 -1.062320e+00  0.000000e+00 
3  4.992713e+01  3.807505e+01  8.470000e+02  7.152662e-01 6 -1.000000e+00  6.601288e+01 1  14.7641  3.716193e-01 -2.285847e-01 -1 -1.0000 -1.000000e+00 -1.000000e+00 -1.000000e+00 -1.000000e+00 -1.000000e+00 -1.000000e+00 -1 -1.0000 -1.000000e+00 -1.000000e+00 -1.000000e+00 -1.000000e+00 -1.000000e+00 -1.000000e+00  0  0.7520  1.141025e+12  0.000000e+00  0.000000e+00  1.105211e-01 -5.523518e+01  9.578566e+00  1  0.7520  4.519708e+10  0.000000e+00  0.000000e+00  3.686432e-01 -8.305693e+01  1.452574e-01  2  0.7520  1.476410e+01  0.000000e+00  0.000000e+00  1.288024e-01  1.564127e+02  0.000000e+00 
3  6.779732e+01  4.244867e+01  4.913000e+03  7.180102e-01 6 -1.000000e+00  1.025960e+02 1  14.3764 -4.190541e-01  4.361966e-01 -1 -1.0000 -1.000000e+00 -1.000000e+00 -1.000000e+00 -1.000000e+00 -1.000000e+00 -1.000000e+00 -1 -1.0000 -1.000000e+00 -1.000000e+00 -1.000000e+00 -1.000000e+00 -1.000000e+00 -1.000000e+00  0  0.9080  2.628341e+12  0.000000e+00  0.000000e+00  3.398011e-01  1.478289e+02  8.376698e+00  1  0.9080  6.454785e+10  0.000000e+00  0.000000e+00  2.733676e-01  1.607167e+02  1.318377e-01  2  0.9080  1.437640e+01  0.000000e+00  0.000000e+00  7.722352e-02 -1.275296e+02  0.000000e+00 
1  3.163287e+01  6.190222e+01  7.763000e+03  1.010602e-02 0  2.799128e-01  6.190222e+01 2  10.6460  2.804037e-02 -4.412196e-02  0  1.6080  1.324019e+10  0.000000e+00  0.000000e+00  2.890824e-01  1.366780e+01  2.050131e+01  1  1.6080  7.968992e+06  0.000000e+00  0.000000e+00  2.791045e-01  2.566449e+01  2.165357e-02  2  1.6080  5.191023e+10  8.146974e-01 -2.346406e+00  1.605683e-01 -7.003669e+01  6.275305e+00  3  1.6080  6.617506e+07  8.146974e-01 -2.346406e+00  4.957738e-01 -6.011926e+01  5.560371e-02  4  1.6080  1.064600e+01  0.000000e+00  0.000000e+00  1.136416e-01 -7.652881e+01  0.000000e+00 
3  1.687538e+02  1.873621e+02  8.650000e+02  1.066249e+00 6 -1.000000e+00  2.824157e+02 1  15.5270 -1.162898e-01 -5.683527e-01 -1 -1.0000 -1.000000e+00 -1.000000e+00 -1.000000e+00 -1.000000e+00 -1.000000e+00 -1.000000e+00 -1 -1.0000 -1.000000e+00 -1.000000e+00 -1.000000e+00 -1.000000e+00 -1.000000e+00 -1.000000e+00  0  1.0790  6.673223e+12  0.000000e+00  0.000000e+00  1.478080e-01  2.830057e+01  7.356890e+00  1  1.0790  7.841710e+10  0.000000e+00  0.000000e+00  3.405686e-01  2.169983e+01  1.412394e-01  2  1.0790  1.552700e+01  0.000000e+00  0.000000e+00  1.611969e-01 -7.376814e+01  0.000000e+00 
3  5.412156e+01  3.551866e+01  4.623000e+03  3.838289e-01 6  2.730702e-01  8.169677e+01 1  13.1933  4.199930e-01 -5.885866e-03  0  1.9410  6.293111e+11  0.000000e+00  0.000000e+00  1.601002e-01  5.683115e+01  8.484954e+00  1  1.9410  1.955563e+10  0.000000e+00  0.000000e+00  1.024520e-01  1.025054e+02  6.301006e-02  2  1.9410  2.195964e+12  5.255133e+00  2.853433e+00  2.593816e-01  1.627833e+02  2.583896e+00  3  1.9410  6.149775e+10  5.255133e+00  2.853433e+00  2.384858e-01  1.297874e+02  5.337451e-02  4  1.9410  1.319330e+01  0.000000e+00  0.000000e+00  1.844789e-01 -1.648759e+02  0.000000e+00 
1  5.937081e+01  1.447063e+02  9.470000e+02  5.383762e+00 0 -1.000000e+00  1.447063e+02 2  18.8916 -1.502610e+00 -3.060776e+00 -1 -1.0000 -1.000000e+00 -1.000000e+00 -1.000000e+00 -1.000000e+00 -1.000000e+00 -1.000000e+00 -1 -1.0000 -1.000000e+00 -1.000000e+00 -1.000000e+00 -1.000000e+00 -1.000000e+00 -1.000000e+00  0  0.2240  3.517778e+14  0.000000e+00  0.000000e+00  2.509930e-01 -8.595682e+01  4.785785e+00  1  0.2240  7.701738e+11  0.000000e+00  0.000000e+00  2.529113e-01 -2.920992e+01  2.515809e+00  2  0.2240  1.889160e+01  0.000000e+00  0.000000e+00  1.629713e-01 -2.556663e+01  0.000000e+00 
3  8.309764e+01  3.406777e+01  1.866000e+03  2.848414e-01 6 -1.000000e+00  9.437666e+01 1  11.3431 -2.893012e-01  2.997385e-01 -1 -1.0000 -1.000000e+00 -1.000000e+00 -1.000000e+00 -1.000000e+00 -1.000000e+00 -1.000000e+00 -1 -1.0000 -1.000000e+00 -1.000000e+00 -1.000000e+00 -1.000000e+00 -1.000000e+00 -1.000000e+00  0  0.6250  6.013869e+11  0.000000e+00  0.000000e+00  8.871663e-02 -1.445325e+02  4.130279e+00  1  0.6250  1.951315e+10  0.000000e+00  0.000000e+00  3.590977e-01 -2.134921e+02  9.148132e-02  2  0.6250  1.134310e+01  0.000000e+00  0.000000e+00  2.020548e-01 -5.927846e+01  0.000000e+00 
3  1.047423e+02  6.025904e+01  5.882000e+03  6.761454e-01 6 -1.000000e+00  1.486153e+02 1  14.3727 -3.847907e-01 -3.764541e-01 -1 -1.0000 -1.000000e+00 -1.000000e+00 -1.000000e+00 -1.000000e+00 -1.000000e+00 -1.000000e+00 -1 -1.0000 -1.000000e+00 -1.000000e+00 -1.000000e+00 -1.000000e+00 -1.000000e+00 -1.000000e+00  0  1.2820  2.990642e+12  0.000000e+00  0.000000e+00  1.307341e-01 -4.188909e+00  5.494729e+00  1  1.2820  7.406538e+10  0.000000e+00  0.000000e+00  5.488788e-01 -4.707200e+01  9.081406e-02  2  1.2820  1.437270e+01  0.000000e+00  0.000000e+00  1.294095e-01  3.370731e+01  0.000000e+00 
1  3.657079e+01  6.582969e+01  6.840000e+02  9.828384e-01 0  2.743723e-01  6.582969e+01 2  16.7216  4.019403e+00  2.634051e+00  0  1.3080  5.188555e+12  0.000000e+00  0.000000e+00  2.617342e-01 -2.889257e+01  6.126728e+00  1  1.3080  6.192445e+10  0.000000e+00  0.000000e+00  3.810374e-01  5.398557e+01  1.554272e-01  2  1.3080  2.124290e+13  1.416475e+01  6.727836e+00  1.738537e-01  5.751605e+01  6.305570e+00  3  1.3080  1.328479e+11  1.416475e+01  6.727836e+00  2.765530e-01  3.470419e+01  5.944815e-02  4  1.3080  1.672160e+01  0.000000e+00  0.000000e+00  8.497073e-02  1.062816e+02  0.000000e+00 
3  2.816447e+01  1.822597e+01  9.131000e+03  2.378090e-01 6 -1.000000e+00  3.793131e+01 1  14.1105  1.136613e-01  1.370520e-01 -1 -1.0000 -1.000000e+00 -1.000000e+00 -1.000000e+00 -1.000000e+00 -1.000000e+00 -1.000000e+00 -1 -1.0000 -1.000000e+00 -1.000000e+00 -1.000000e+00 -1.000000e+00 -1.000000e+00 -1.000000e+00  0  1.5310  7.066512e+11  0.000000e+00  0.000000e+00  2.663648e-01 -7.270830e+01  3.138508e+00  1  1.5310  1.509231e+10  0.000000e+00  0.000000e+00  1.720711e-01 -2.924724e+01  4.510040e-02  2  1.5310  1.411050e+01  0.000000e+00  0.000000e+00  7.942080e-02  5.742956e+01  0.000000e+00 
3  9.862637e+01  7.904922e+01  3.098000e+03  3.917213e-01 6 -1.000000e+00  1.402676e+02 1  17.4614  2.275490e-01  3.134357e-01 -1 -1.0000 -1.000000e+00 -1.000000e+00 -1.000000e+00 -1.000000e+00 -1.000000e+00 -1.000000e+00 -1 -1.0000 -1.000000e+00 -1.000000e+00 -1.000000e+00 -1.000000e+00 -1.000000e+00 -1.000000e+00  0  1.6230  4.554191e+12  0.000000e+00  0.000000e+00  1.905275e-01 -1.318006e+02  2.332721e+00  1  1.6230  6.408568e+10  0.000000e+00  0.000000e+00  6.630825e-01 -1.471379e+02  1.295600e-01  2  1.6230  1.746140e+01  0.000000e+00  0.000000e+00  7.434260e-02 -1.619754e+02  0.000000e+00 
1  1.374236e+02  2.445039e+02  8.388000e+03  5.839770e+00 0  2.727274e-01  2.445039e+02 2  17.4584 -6.154350e+00  2.810559e+00  0  1.3070  2.965588e+13  0.000000e+00  0.000000e+00  3.437673e-01  1.203162e+02  9.661395e+00  1  1.3070  1.127500e+11  0.000000e+00  0.000000e+00  2.641417e-01  9.177357e+01  5.044135e-02  2  1.3070  6.311756e+13 -1.185791e+01  4.927999e+00  5.611555e-01 -1.612472e+02  7.385630e+00  3  1.3070  1.796508e+11 -1.185791e+01  4.927999e+00  1.967189e-01 -1.449786e+02  1.115636e-01  4  1.3070  1.745840e+01  0.000000e+00  0.000000e+00  2.823653e-01 -1.766329e+02  0.000000e+00 
3  4.029959e+01  3.004912e+01  1.814000e+03  3.984594e-01 6 -1.000000e+00  5.275483e+01 1   8.9918 -1.801980e-01 -2.830931e-01 -1 -1.0000 -1.000000e+00 -1.000000e+00 -1.000000e+00 -1.000000e+00 -1.000000e+00 -1.000000e+00 -1 -1.0000 -1.000000e+00 -1.000000e+00 -1.000000e+00 -1.000000e+00 -1.000000e+00 -1.000000e+00  0  1.4090  1.559134e+12  0.000000e+00  0.000000e+00  1.659844e-01 -1.664562e+02  3.410814e+00  1  1.4090  5.315803e+10  0.000000e+00  0.000000e+00  3.167964e-01 -1.421978e+02  1.394192e-01  2  1.4090  8.991830e+00  0.000000e+00  0.000000e+00  8.769737e-02  5.972301e+01  0.000000e+00 
1  8.419412e+01  1.594119e+02  1.599000e+03  2.810406e-02 0  2.865612e-01  1.594119e+02 2  13.2666  4.184390e-02 -1.148132e-01  0  1.5360  1.844283e+10  0.000000e+00  0.000000e+00  1.510738e-01 -1.712206e+02  2.471024e+01  1  1.5360  1.163973e+07  0.000000e+00  0.000000e+00  2.279834e-01 -2.018017e+02  5.345569e-02  2  1.5360  1.667685e+11  1.284167e+00 -2.764758e+00  1.684315e-01  1.670735e+02  6.385318e+00  3  1.5360  8.727451e+08  1.284167e+00 -2.764758e+00  5.012744e-01  1.794238e+02  5.877255e-02  4  1.5360  1.326660e+01  0.000000e+00  0.000000e+00  1.919312e-01 -8.937420e+01  0.000000e+00 
3  8.238463e+01  5.908157e+01  7.734000e+03  6.338257e-01 6 -1.000000e+00  1.598216e+02 3  10.9233 -1.593244e-01 -3.352807e-01 -1 -1.0000 -1.000000e+00 -1.000000e+00 -1.000000e+00 -1.000000e+00 -1.000000e+00 -1.000000e+00 -1 -1.0000 -1.000000e+00 -1.000000e+00 -1.000000e+00 -1.000000e+00 -1.000000e+00 -1.000000e+00  0  0.7100  2.884983e+12  0.000000e+00  0.000000e+00  3.779804e-01 -3.207990e+01  7.479448e+00  1  0.7100  5.399565e+10  0.000000e+00  0.000000e+00  2.765041e-01 -4.514248e+01  2.214488e-01  2  0.7100  1.092330e+01  0.000000e+00  0.000000e+00  1.233520e-01 -1.553539e+02  0.000000e+00 
3  1.984804e+01  3.615010e+01  3.348000e+03  3.375597e+00 6 -1.000000e+00  5.289218e+01 3  15.9473  1.512010e-01 -8.967334e-01 -1 -1.0000 -1.000000e+00 -1.000000e+00 -1.000000e+00 -1.000000e+00 -1.000000e+00 -1.000000e+00 -1 -1.0000 -1.000000e+00 -1.000000e+00 -1.000000e+00 -1.000000e+00 -1.000000e+00 -1.000000e+00  0  0.8490  3.616413e+13  0.000000e+00  0.000000e+00  3.194019e-01  9.585653e+01  5.712627e+00  1  0.8490  2.200410e+11  0.000000e+00  0.000000e+00  5.837680e-01  7.148679e+01  3.776290e-01  2  0.8490  1.594730e+01  0.000000e+00  0.000000e+00  8.431226e-02  1.521164e+02  0.000000e+00 
3  1.226811e+02  7.477332e+01  5.356000e+03  7.393315e-01 6 -1.000000e+00  1.710501e+02 1  13.6816 -3.807124e-01  9.152412e-02 -1 -1.0000 -1.000000e+00 -1.000000e+00 -1.000000e+00 -1.000000e+00 -1.000000e+00 -1.000000e+00 -1 -1.0000 -1.000000e+00 -1.000000e+00 -1.000000e+00 -1.000000e+00 -1.000000e+00 -1.000000e+00  0  0.9910  1.772730e+12  0.000000e+00  0.000000e+00  1.304120e-01  9.429995e+01  6.312062e+00  1  0.9910  5.821911e+10  0.000000e+00  0.000000e+00  4.941716e-01  6.499607e+01  7.375038e-02  2  0.9910  1.368160e+01  0.000000e+00  0.000000e+00  1.999485e-01  1.241375e+02  0.000000e+00 
3  1.811726e+01  2.714659e+01  2.922000e+03  1.236988e-01 6 -1.000000e+00  2.717522e+01 1  13.8684  3.235992e-02  1.924579e-02 -1 -1.0000 -1.000000e+00 -1.000000e+00 -1.000000e+00 -1.000000e+00 -1.000000e+00 -1.000000e+00 -1 -1.0000 -1.000000e+00 -1.000000e+00 -1.000000e+00 -1.000000e+00 -1.000000e+00 -1.000000e+00  0  1.8670  5.005283e+11  0.000000e+00  0.000000e+00  1.154486e-01  2.575481e+01  2.826587e+00  1  1.8670  5.925411e+09  0.000000e+00  0.000000e+00  2.958379e-01  3.119714e+00  3.006550e-02  2  1.8670  1.386840e+01  0.000000e+00  0.000000e+00  1.402110e-01  6.475222e+01  0.000000e+00 
5  1.502662e+01  3.107051e+01  4.220000e+03  4.177563e-01 6 -1.000000e+00  4.056699e+01 3  14.7592 -5.829253e-02  1.612866e-01 -1 -1.0000 -1.000000e+00 -1.000000e+00 -1.000000e+00 -1.000000e+00 -1.000000e+00 -1.000000e+00 -1 -1.0000 -1.000000e+00 -1.000000e+00 -1.000000e+00 -1.000000e+00 -1.000000e+00 -1.000000e+00  0  2.0310  1.861578e+12  0.000000e+00  0.000000e+00  2.025050e-01  1.717876e+02  3.840027e+00  1  2.0310  5.103003e+10  0.000000e+00  0.000000e+00  4.009294e-01  1.718465e+02  4.638293e-02  2  2.0310  1.475920e+01  0.000000e+00  0.000000e+00  1.673103e-01 -1.554684e+02  0.000000e+00 
3  3.682398e+01  2.414393e+01  6.726000e+03  7.728446e-01 6  2.876158e-01  5.293029e+01 1  14.3947 -9.500668e-01  9.827251e-01  0  0.6170  1.407140e+12  0.000000e+00  0.000000e+00  1.214129e-01  7.860597e+01  9.299384e+00  1  0.6170  5.335757e+10  0.000000e+00  0.000000e+00  4.324245e-01  7.824384e+01  2.049631e-01  2  0.6170  6.462081e+12 -2.228309e+01  1.017181e+01  3.171518e-01 -1.192366e+02  4.738679e+00  3  0.6170  1.202736e+11 -2.228309e+01  1.017181e+01  1.094379e-01 -1.154665e+02  1.410074e-01  4  0.6170  1.439470e+01  0.000000e+00  0.000000e+00  4.904054e-02  2.626172e+00  0.000000e+00 
3  1.782984e+02  2.762655e+01  4.687000e+03  5.128542e-01 6 -1.000000e+00  3.429748e+02 2  11.7111  6.162775e-01 -5.266908e-02 -1 -1.0000 -1.000000e+00 -1.000000e+00 -1.000000e+00 -1.000000e+00 -1.000000e+00 -1.000000e+00 -1 -1.0000 -1.000000e+00 -1.000000e+00 -1.000000e+00 -1.000000e+00 -1.000000e+00 -1.000000e+00  0  2.0480  1.831538e+12  0.000000e+00  0.000000e+00  4.140833e-01  7.334479e+01  4.618213e+00  1  2.0480  3.218992e+10  0.000000e+00  0.000000e+00  2.796602e-01  7.855587e+01  4.323595e-02  2  2.0480  1.171110e+01  0.000000e+00  0.000000e+00  1.520656e-01 -7.948957e+01  0.000000e+00 
3  2.459958e+01  3.279502e+01  9.731000e+03  6.958410e-01 6 -1.000000e+00  3.989583e+01 1   6.5867 -2.203394e-01  1.066495e-01 -1 -1.0000 -1.000000e+00 -1.000000e+00 -1.000000e+00 -1.000000e+00 -1.000000e+00 -1.000000e+00 -1 -1.0000 -1.000000e+00 -1.000000e+00 -1.000000e+00 -1.000000e+00 -1.000000e+00 -1.000000e+00  0  0.4450  1.237279e+12  0.000000e+00  0.000000e+00  8.718831e-02  5.930273e+01  1.185124e+01  1  0.4450  5.168360e+10  0.000000e+00  0.000000e+00  3.565371e-01  3.030716e+01  7.049891e-02  2  0.4450  6.586720e+00  0.000000e+00  0.000000e+00  6.830170e-02 -1.391122e+01  0.000000e+00 
1  1.712066e+01  4.528770e+01  6.126000e+03  2.348542e+00 0 -1.000000e+00  4.528770e+01 2  14.7547  3.315343e+00 -4.945725e+00 -1 -1.0000 -1.000000e+00 -1.000000e+00 -1.000000e+00 -1.000000e+00 -1.000000e+00 -1.000000e+00 -1 -1.0000 -1.000000e+00 -1.000000e+00 -1.000000e+00 -1.000000e+00 -1.000000e+00 -1.000000e+00  0  0.6040  6.082600e+13  0.000000e+00  0.000000e+00  3.928948e-01  2.837588e+01  3.904314e+00  1  0.6040  3.984236e+11  0.000000e+00  0.000000e+00  2.504623e-01  2.776672e+01  3.545190e-01  2  0.6040  1.475470e+01  0.000000e+00  0.000000e+00  2.502082e-01 -1.423274e+02  0.000000e+00 
3  5.401060e+01  8.801899e+01  6.806000e+03  5.417066e+00 6 -1.000000e+00  1.037539e+02 3  15.1542 -1.244945e+00  1.733376e+00 -1 -1.0000 -1.000000e+00 -1.000000e+00 -1.000000e+00 -1.000000e+00 -1.000000e+00 -1.000000e+00 -1 -1.0000 -1.000000e+00 -1.000000e+00 -1.000000e+00 -1.000000e+00 -1.000000e+00 -1.000000e+00  0  1.0420  1.426085e+14  0.000000e+00  0.000000e+00  6.055018e-01 -1.646718e+02  5.250788e+00  1  1.0420  3.719709e+11  0.000000e+00  0.000000e+00  4.600913e-01 -1.526265e+02  4.524846e-01  2  1.0420  1.515420e+01  0.000000e+00  0.000000e+00  7.446467e-02 -3.009852e+01  0.000000e+00 
3  2.065140e+01  1.441387e+01  5.867000e+03  1.619006e+00 6 -1.000000e+00  3.607174e+01 3  15.5325  2.299999e-01  7.719873e-01 -1 -1.0000 -1.000000e+00 -1.000000e+00 -1.000000e+00 -1.000000e+00 -1.000000e+00 -1.000000e+00 -1 -1.0000 -1.000000e+00 -1.000000e+00 -1.000000e+00 -1.000000e+00 -1.000000e+00 -1.000000e+00  0  1.1970  2.112804e+13  0.000000e+00  0.000000e+00  3.477167e-01  1.589836e+01  5.418592e+00  1  1.1970  1.249925e+11  0.000000e+00  0.000000e+00  3.706761e-01 -1.036716e+01  1.266662e-01  2  1.1970  1.553250e+01  0.000000e+00  0.000000e+00  6.899047e-02 -1.647780e+02  0.000000e+00 
3  4.262716e+01  1.986220e+01  8.301000e+03  1.092417e+00 6 -1.000000e+00  5.666345e+01 1  11.3541 -7.082944e-02 -9.722600e-01 -1 -1.0000 -1.000000e+00 -1.000000e+00 -1.000000e+00 -1.000000e+00 -1.000000e+00 -1.000000e+00 -1 -1.0000 -1.000000e+00 -1.000000e+00 -1.000000e+00 -1.000000e+00 -1.000000e+00 -1.000000e+00  0  0.5050  3.838231e+12  0.000000e+00  0.000000e+00  1.891267e-01 -5.421536e+01  7.452878e+00  1  0.5050  9.945554e+10  0.000000e+00  0.000000e+00  2.510551e-01 -6.436689e+01  1.699604e-01  2  0.5050  1.135410e+01  0.000000e+00  0.000000e+00  5.302583e-02  8.499314e+01  0.000000e+00 
3  1.670435e+02  1.598834e+02  6.938000e+03  1.066764e+00 6 -1.000000e+00  2.472324e+02 1  15.3471  7.597247e-01 -2.433616e-01 -1 -1.0000 -1.000000e+00 -1.000000e+00 -1.000000e+00 -1.000000e+00 -1.000000e+00 -1.000000e+00 -1 -1.0000 -1.000000e+00 -1.000000e+00 -1.000000e+00 -1.000000e+00 -1.000000e+00 -1.000000e+00  0  0.6630  8.066790e+12  0.000000e+00  0.000000e+00  3.931661e-01 -1.021148e+01  7.784843e+00  1  0.6630  8.665036e+10  0.000000e+00  0.000000e+00  6.401033e-02 -2.522194e+01  2.689728e-01  2  0.6630  1.534710e+01  0.000000e+00  0.000000e+00  1.171282e-01  3.693986e+01  0.000000e+00 
1  3.556223e+01  1.132086e+02  2.090000e+03  2.457636e+00 0 -1.000000e+00  1.132086e+02 2  12.4743 -6.712604e-01 -5.555939e+00 -1 -1.0000 -1.000000e+00 -1.000000e+00 -1.000000e+00 -1.000000e+00 -1.000000e+00 -1.000000e+00 -1 -1.0000 -1.000000e+00 -1.000000e+00 -1.000000e+00 -1.000000e+00 -1.000000e+00 -1.000000e+00  0  0.8330  6.057555e+13  0.000000e+00  0.000000e+00  3.836684e-01  1.702585e+02  4.814777e+00  1  0.8330  2.128162e+11  0.000000e+00  0.000000e+00  5.506110e-01  2.116206e+02  1.240992e-01  2  0.8330  1.247430e+01  0.000000e+00  0.000000e+00  2.032521e-01  1.767780e+02  0.000000e+00 
3  7.024128e+01  3.386135e+01  4.165000e+03  1.274850e+00 6  2.727764e-01  9.321627e+01 1  17.4651  6.950738e-01 -2.095332e+00  0  1.7130  2.105542e+12  0.000000e+00  0.000000e+00  3.443938e-01  9.600211e+01  1.406193e+01  1  1.7130  5.685875e+10  0.000000e+00  0.000000e+00  5.587120e-01  7.504758e+01  9.198613e-02  2  1.7130  1.349664e+13  8.415016e+00 -1.313182e+01  5.899064e-01 -1.567574e+02  3.011435e+00  3  1.7130  1.203290e+11  8.415016e+00 -1.313182e+01  1.067317e-01 -1.626118e+02  6.008919e-02  4  1.7130  1.746510e+01  0.000000e+00  0.000000e+00  2.226986e-01  2.377381e+01  0.000000e+00 
3  2.306210e+02  1.639662e+02  9.308000e+03  5.166319e-01 6  2.755010e-01  3.619757e+02 1  16.9256 -3.880045e-01 -5.058332e-01  0  1.7510  7.045426e+11  0.000000e+00  0.000000e+00  2.044541e-01  9.485249e+01  1.198001e+01  1  1.7510  1.904399e+10  0.000000e+00  0.000000e+00  9.901740e-02  1.034195e+02  2.642839e-02  2  1.7510  2.906046e+12 -7.875029e+00 -4.847308e+00  9.350503e-02  1.793387e+02  4.153585e+00  3  1.7510  5.392933e+10 -7.875029e+00 -4.847308e+00  3.860392e-01  2.261966e+02  7.411887e-02  4  1.7510  1.692560e+01  0.000000e+00  0.000000e+00  3.308204e-02  1.614475e+02  0.000000e+00 
3  1.081722e+02  8.129761e+01  1.218000e+03  1.605931e-01 6 -1.000000e+00  1.595948e+02 1  15.4562 -2.951640e-02  1.035823e-01 -1 -1.0000 -1.000000e+00 -1.000000e+00 -1.000000e+00 -1.000000e+00 -1.000000e+00 -1.000000e+00 -1 -1.0000 -1.000000e+00 -1.000000e+00 -1.000000e+00 -1.000000e+00 -1.000000e+00 -1.000000e+00  0  2.1070  4.739780e+11  0.000000e+00  0.000000e+00  1.560127e-02  1.733636e+02  4.329920e+00  1  2.1070  5.806128e+09  0.000000e+00  0.000000e+00  7.899001e-02  1.594191e+02  2.276345e-02  2  2.1070  1.545620e+01  0.000000e+00  0.000000e+00  6.671671e-02  1.127247e+02  0.000000e+00 
1  4.782158e+01  9.275821e+01  5.097000e+03  1.439905e-01 0  2.712901e-01  9.275821e+01 2   7.8929 -3.533658e-01 -1.864988e-03  0  2.2250  3.359471e+11  0.000000e+00  0.000000e+00  1.883814e-01 -1.658997e+02  1.166394e+01  1  2.2250  4.446572e+09  0.000000e+00  0.000000e+00  5.140003e-01 -1.889104e+02  5.975359e-02  2  2.2250  6.812578e+11 -6.158886e+00 -4.146564e+00  3.264381e-01  1.661329e+02  5.996453e+00  3  2.2250  1.339578e+10 -6.158886e+00 -4.146564e+00  3.722614e-01  1.671304e+02  2.657741e-02  4  2.2250  7.892860e+00  0.000000e+00  0.000000e+00  1.643080e-01 -1.140907e+02  0.000000e+00 
1  4.704777e+01  9.450335e+01  9.824000e+03  8.520806e+00 0 -1.000000e+00  9.450335e+01 2  11.7169 -3.302080e+00  1.138668e+01 -1 -1.0000 -1.000000e+00 -1.000000e+00 -1.000000e+00 -1.000000e+00 -1.000000e+00 -1.000000e+00 -1 -1.0000 -1.000000e+00 -1.000000e+00 -1.000000e+00 -1.000000e+00 -1.000000e+00 -1.000000e+00  0  0.6070  2.763728e+14  0.000000e+00  0.000000e+00  3.382117e-01  1.972011e+01  5.055742e+00  1  0.6070  7.253484e+11  0.000000e+00  0.000000e+00  2.187208e-01 -5.571930e+00  1.086388e+00  2  0.6070  1.171690e+01  0.000000e+00  0.000000e+00  5.122794e-02  1.618715e+02  0.000000e+00 
1  9.723644e+01  1.707537e+02  3.760000e+02  1.147213e+00 0  2.835675e-01  1.707537e+02 2  17.5679  1.775594e+00 -4.637485e+00  0  1.1910  1.882766e+12  0.000000e+00  0.000000e+00  2.119431e-02  1.031436e+02  1.157151e+01  1  1.1910  7.055661e+10  0.000000e+00  0.000000e+00  2.499448e-01  1.075593e+02  1.943430e-01  2  1.1910  2.798616e+13  3.767066e+00 -8.425975e+00  2.891473e-01  5.386280e+01  1.986895e+00  3  1.1910  1.164680e+11  3.767066e+00 -8.425975e+00  4.279572e-01  5.071866e+01  6.884409e-02  4  1.1910  1.756790e+01  0.000000e+00  0.000000e+00  9.353506e-02 -1.645069e+02  0.000000e+00 
3  4.528141e+01  5.959410e+01  5.805000e+03  3.502244e+00 6 -1.000000e+00  1.103497e+02 3  16.9197 -1.464877e+00 -1.357711e+00 -1 -1.0000 -1.000000e+00 -1.000000e+00 -1.000000e+00 -1.000000e+00 -1.000000e+00 -1.000000e+00 -1 -1.0000 -1.000000e+00 -1.000000e+00 -1.000000e+00 -1.000000e+00 -1.000000e+00 -1.000000e+00  0  0.7030  2.569962e+13  0.000000e+00  0.000000e+00  3.101662e-01 -1.591246e+02  1.133063e+01  1  0.7030  2.055234e+11  0.000000e+00  0.000000e+00  4.526776e-01 -2.317623e+02  3.294238e-01  2  0.7030  1.691970e+01  0.000000e+00  0.000000e+00  1.935705e-01 -1.259413e+02  0.000000e+00 
3  1.479046e+02  7.688022e+01  6.485000e+03  5.546748e-01 6 -1.000000e+00  1.728403e+02 1  18.5518  5.410004e-02  5.097708e-01 -1 -1.0000 -1.000000e+00 -1.000000e+00 -1.000000e+00 -1.000000e+00 -1.000000e+00 -1.000000e+00 -1 -1.0000 -1.000000e+00 -1.000000e+00 -1.000000e+00 -1.000000e+00 -1.000000e+00 -1.000000e+00  0  0.8250  7.639529e+11  0.000000e+00  0.000000e+00  4.765574e-01  1.232790e+02  7.311971e+00  1  0.8250  3.049437e+10  0.000000e+00  0.000000e+00  3.521355e-01  7.470764e+01  4.991134e-02  2  0.8250  1.855180e+01  0.000000e+00  0.000000e+00  2.524441e-01 -1.065283e+02  0.000000e+00 
3  1.027566e+02  1.378977e+02  8.693000e+03  9.609387e-02 6 -1.000000e+00  2.198220e+02 3   9.4789 -1.191375e-02 -2.100255e-02 -1 -1.0000 -1.000000e+00 -1.000000e+00 -1.000000e+00 -1.000000e+00 -1.000000e+00 -1.000000e+00 -1 -1.0000 -1.000000e+00 -1.000000e+00 -1.000000e+00 -1.000000e+00 -1.000000e+00 -1.000000e+00  0  1.1710  2.889470e+11  0.000000e+00  0.000000e+00  2.506918e-02  1.260218e+02  9.056021e+00  1  1.1710  2.217869e+09  0.000000e+00  0.000000e+00  4.019467e-01  1.611702e+02  4.449783e-02  2  1.1710  9.478860e+00  0.000000e+00  0.000000e+00  1.113108e-01 -6.590366e+01  0.000000e+00 
1  2.050429e+01  3.626761e+01  4.470000e+03  7.438275e-02 0  2.756340e-01  3.626761e+01 2  16.9271  2.024703e-01 -1.683882e-01  0  2.4510  8.193147e+10  0.000000e+00  0.000000e+00  1.928930e-01 -1.730280e+02  1.088892e+01  1  2.4510  2.802040e+08  0.000000e+00  0.000000e+00  3.499302e-01 -2.295136e+02  4.848212e-02  2  2.4510  9.357588e+11  6.145348e-01 -6.105214e-01  2.628781e-01 -1.744285e+01  6.816078e+00  3  2.4510  9.961075e+09  6.145348e-01 -6.105214e-01  1.851140e-01 -3.533760e+01  2.041815e-02  4  2.4510  1.692710e+01  0.000000e+00  0.000000e+00  1.461423e-01 -7.422300e+01  0.000000e+00 
3  4.782158e+01  2.228718e+01  5.097000e+03  4.500161e-01 6 -1.000000e+00  6.666107e+01 1   7.8929  4.320376e-01  3.487121e-02 -1 -1.0000 -1.000000e+00 -1.000000e+00 -1.000000e+00 -1.000000e+00 -1.000000e+00 -1.000000e+00 -1 -1.0000 -1.000000e+00 -1.000000e+00 -1.000000e+00 -1.000000e+00 -1.000000e+00 -1.000000e+00  0  0.5370  9.788964e+11  0.000000e+00  0.000000e+00  1.257212e-01  5.545787e+01  4.531111e+00  1  0.5370  3.776358e+10  0.000000e+00  0.000000e+00  2.101800e-01  2.092263e+01  1.028394e-01  2  0.5370  7.892860e+00  0.000000e+00  0.000000e+00  1.363929e-01  7.946559e+01  0.000000e+00 
3  4.924509e+01  2.666132e+01  2.804000e+03  4.428021e-01 6  2.782344e-01  6.872789e+01 1  11.3597  4.122904e-01 -9.289914e-03  0  1.3080  8.783866e+11  0.000000e+00  0.000000e+00  4.684075e-01  1.546454e+02  6.634140e+00  1  1.3080  3.870160e+10  0.000000e+00  0.000000e+00  4.293640e-01  1.938824e+02  7.703080e-02  2  1.3080  3.220429e+12  7.371512e+00  8.956429e-01  3.214298e-01 -6.639682e+01  6.102135e+00  3  1.3080  8.877903e+10  7.371512e+00  8.956429e-01  2.752785e-01 -5.399929e+01  1.063375e-01  4  1.3080  1.135970e+01  0.000000e+00  0.000000e+00  1.650563e-02  5.507962e+00  0.000000e+00 
3  5.114563e+01  1.831461e+01  5.987000e+03  4.834054e-01 6 -1.000000e+00  9.067759e+01 2  10.3758 -3.406128e-01  1.385738e-02 -1 -1.0000 -1.000000e+00 -1.000000e+00 -1.000000e+00 -1.000000e+00 -1.000000e+00 -1.000000e+00 -1 -1.0000 -1.000000e+00 -1.000000e+00 -1.000000e+00 -1.000000e+00 -1.000000e+00 -1.000000e+00  0  1.4730  1.504465e+12  0.000000e+00  0.000000e+00  1.058551e-01  7.230142e+01  4.306367e+00  1  1.4730  3.200064e+10  0.000000e+00  0.000000e+00  2.987237e-01  8.578475e+01  4.582000e-02  2  1.4730  1.037580e+01  0.000000e+00  0.000000e+00  2.706559e-01  9.751263e+01  0.000000e+00 
3  1.040758e+02  4.676680e+01  7.040000e+02  5.504624e-01 6 -1.000000e+00  1.272664e+02 1   9.2470 -4.569966e-01  2.314726e-01 -1 -1.0000 -1.000000e+00 -1.000000e+00 -1.000000e+00 -1.000000e+00 -1.000000e+00 -1.000000e+00 -1 -1.0000 -1.000000e+00 -1.000000e+00 -1.000000e+00 -1.000000e+00 -1.000000e+00 -1.000000e+00  0  1.7350  1.678754e+12  0.000000e+00  0.000000e+00  3.020029e-01 -7.105573e+01  3.834733e+00  1  1.7350  6.755740e+10  0.000000e+00  0.000000e+00  9.137149e-02 -5.424877e+01  7.116304e-02  2  1.7350  9.246960e+00  0.000000e+00  0.000000e+00  2.132386e-01 -5.868708e+01  0.000000e+00 
5  1.052962e+02  1.473565e+02  5.036000e+03  6.734284e-01 6 -1.000000e+00  2.070436e+02 3  13.6976 -1.813089e-01  1.811247e-01 -1 -1.0000 -1.000000e+00 -1.000000e+00 -1.000000e+00 -1.000000e+00 -1.000000e+00 -1.000000e+00 -1 -1.0000 -1.000000e+00 -1.000000e+00 -1.000000e+00 -1.000000e+00 -1.000000e+00 -1.000000e+00  0  1.7730  3.201038e+12  0.000000e+00  0.000000e+00  7.620481e-02 -1.752613e+02  5.182687e+00  1  1.7730  7.428244e+10  0.000000e+00  0.000000e+00  3.585302e-01 -2.033109e+02  4.633172e-02  2  1.7730  1.369760e+01  0.000000e+00  0.000000e+00  3.600914e-01 -1.645874e+01  0.000000e+00 
3  2.099008e+01  9.964245e+00  1.641000e+03  1.020566e+00 6 -1.000000e+00  5.559304e+01 2  15.1548  4.437478e-01 -3.565200e-01 -1 -1.0000 -1.000000e+00 -1.000000e+00 -1.000000e+00 -1.000000e+00 -1.000000e+00 -1.000000e+00 -1 -1.0000 -1.000000e+00 -1.000000e+00 -1.000000e+00 -1.000000e+00 -1.000000e+00 -1.000000e+00  0  1.9840  9.175662e+12  0.000000e+00  0.000000e+00  5.113053e-01  8.310782e+01  3.468518e+00  1  1.9840  8.431206e+10  0.000000e+00  0.000000e+00  3.481848e-01  4.539850e+01  9.016062e-02  2  1.9840  1.515480e+01  0.000000e+00  0.000000e+00  1.688443e-01 -1.644183e+02  0.000000e+00 
3  3.680640e+01  2.960657e+01  9.803000e+03  8.758334e-01 6 -1.000000e+00  7.334738e+01 3  17.9968  3.865028e-01 -1.612071e-01 -1 -1.0000 -1.000000e+00 -1.000000e+00 -1.000000e+00 -1.000000e+00 -1.000000e+00 -1.000000e+00 -1 -1.0000 -1.000000e+00 -1.000000e+00 -1.000000e+00 -1.000000e+00 -1.000000e+00 -1.000000e+00  0  0.3250  3.989178e+12  0.000000e+00  0.000000e+00  1.496141e-01 -1.261441e+02  5.822987e+00  1  0.3250  9.036271e+10  0.000000e+00  0.000000e+00  2.135543e-01 -1.194760e+02  4.446890e-01  2  0.3250  1.799680e+01  0.000000e+00  0.000000e+00  6.419161e-02  5.102272e+01  0.000000e+00 
1  2.230725e+02  4.764277e+02  1.939000e+03  4.412049e+00 0 -1.000000e+00  4.764277e+02 2   9.6821 -2.143034e+00 -3.441571e-01 -1 -1.0000 -1.000000e+00 -1.000000e+00 -1.000000e+00 -1.000000e+00 -1.000000e+00 -1.000000e+00 -1 -1.0000 -1.000000e+00 -1.000000e+00 -1.000000e+00 -1.000000e+00 -1.000000e+00 -1.000000e+00  0  0.4000  1.332659e+14  0.000000e+00  0.000000e+00  2.419366e-01  1.480824e+02  5.654105e+00  1  0.4000  5.349552e+11  0.000000e+00  0.000000e+00  2.840285e-01  1.366281e+02  1.407162e+00  2  0.4000  9.682070e+00  0.000000e+00  0.000000e+00  3.555961e-02  6.322072e+01  0.000000e+00 
3  7.499474e+01  3.966556e+01  8.698000e+03  7.831976e-01 6 -1.000000e+00  9.471774e+01 1  18.4410  3.946513e-01 -5.593666e-01 -1 -1.0000 -1.000000e+00 -1.000000e+00 -1.000000e+00 -1.000000e+00 -1.000000e+00 -1.000000e+00 -1 -1.0000 -1.000000e+00 -1.000000e+00 -1.000000e+00 -1.000000e+00 -1.000000e+00 -1.000000e+00  0  1.5790  3.353174e+12  0.000000e+00  0.000000e+00  5.483490e-01  1.191788e+02  3.365785e+00  1  1.5790  8.921286e+10  0.000000e+00  0.000000e+00  2.853558e-01  1.172634e+02  7.857206e-02  2  1.5790  1.844100e+01  0.000000e+00  0.000000e+00  2.250614e-02  6.795725e+01  0.000000e+00 
3  5.775433e+01  8.754107e+01  4.598000e+03  5.212035e-01 6 -1.000000e+00  1.207009e+02 3  17.7887 -2.936825e-01 -8.601990e-02 -1 -1.0000 -1.000000e+00 -1.000000e+00 -1.000000e+00 -1.000000e+00 -1.000000e+00 -1.000000e+00 -1 -1.0000 -1.000000e+00 -1.000000e+00 -1.000000e+00 -1.000000e+00 -1.000000e+00 -1.000000e+00  0  1.6860  5.396620e+12  0.000000e+00  0.000000e+00  2.008767e-01 -6.672382e+00  3.547816e+00  1  1.6860  6.633199e+10  0.000000e+00  0.000000e+00  5.629368e-01  9.398055e+00  6.884473e-02  2  1.6860  1.778870e+01  0.000000e+00  0.000000e+00  1.531109e-01 -1.618454e+02  0.000000e+00 
2  1.573711e+02  7.132456e+01  9.348000e+03  5.585222e-01 6 -1.000000e+00  1.969187e+02 1  16.4312 -6.511530e-01 -4.213069e-01 -1 -1.0000 -1.000000e+00 -1.000000e+00 -1.000000e+00 -1.000000e+00 -1.000000e+00 -1.000000e+00 -1 -1.0000 -1.000000e+00 -1.000000e+00 -1.000000e+00 -1.000000e+00 -1.000000e+00 -1.000000e+00  0  2.2610  4.031053e+12  0.000000e+00  0.000000e+00  2.581840e-01 -1.632192e+02  2.409437e+00  1  2.2610  9.100638e+10  0.000000e+00  0.000000e+00  4.040466e-01 -1.686514e+02  2.990750e-02  2  2.2610  1.643120e+01  0.000000e+00  0.000000e+00  2.108265e-01  3.343034e+01  0.000000e+00 
3  3.562647e+01  3.967095e+01  9.060000e+03  1.539731e-01 6 -1.000000e+00  6.237030e+01 3  11.9378 -8.793792e-02 -2.213092e-02 -1 -1.0000 -1.000000e+00 -1.000000e+00 -1.000000e+00 -1.000000e+00 -1.000000e+00 -1.000000e+00 -1 -1.0000 -1.000000e+00 -1.000000e+00 -1.000000e+00 -1.000000e+00 -1.000000e+00 -1.000000e+00  0  2.6850  6.441986e+11  0.000000e+00  0.000000e+00  3.501745e-02 -1.627423e+02  4.786790e+00  1  2.6850  8.069289e+09  0.000000e+00  0.000000e+00  5.027303e-01 -1.465008e+02  4.236125e-02  2  2.6850  1.193780e+01  0.000000e+00  0.000000e+00  1.734156e-02  1.383451e+02  0.000000e+00 
3  1.735365e+01  3.645210e+01  5.741000e+03  4.784921e+00 6  2.782465e-01  4.205704e+01 3  13.6825  7.178846e+00 -2.497676e-01  0  0.6080  2.554710e+13  0.000000e+00  0.000000e+00  2.142998e-01  1.018029e+02  1.441436e+01  1  0.6080  1.370091e+11  0.000000e+00  0.000000e+00  2.102515e-01  7.471873e+01  4.585426e-01  2  0.6080  9.492694e+13  6.708569e+01 -1.649538e+01  3.562897e-01 -1.225731e+02  5.405155e+00  3  0.6080  2.915100e+11  6.708569e+01 -1.649538e+01  4.493599e-01 -1.252399e+02  2.703268e-01  4  0.6080  1.368250e+01  0.000000e+00  0.000000e+00  1.762881e-01 -3.030246e-01  0.000000e+00 
3  3.826254e+01  2.625424e+01  7.297000e+03  5.110817e-01 6  3.088845e-01  6.446840e+01 1  16.4274  4.091376e-01  1.812463e+00  0  0.6760  4.757335e+11  0.000000e+00  0.000000e+00  4.313027e-01  1.675811e+02  2.478994e+01  1  0.6760  2.064379e+10  0.000000e+00  0.000000e+00  6.990142e-02  2.092830e+02  9.988908e-02  2  0.6760  1.865298e+13  2.326580e+01  4.983876e+01  4.211179e-01 -7.470771e+01  2.064492e+00  3  0.6760  1.264943e+11  2.326580e+01  4.983876e+01  2.279168e-01 -8.604032e+01  6.614437e-02  4  0.6760  1.642740e+01  0.000000e+00  0.000000e+00  1.090783e-01  7.546182e+01  0.000000e+00 
3  5.224157e+01  4.819283e+01  8.498000e+03  5.953712e-01 6 -1.000000e+00  7.394961e+01 1  10.7856  1.483917e-01  3.347270e-01 -1 -1.0000 -1.000000e+00 -1.000000e+00 -1.000000e+00 -1.000000e+00 -1.000000e+00 -1.000000e+00 -1 -1.0000 -1.000000e+00 -1.000000e+00 -1.000000e+00 -1.000000e+00 -1.000000e+00 -1.000000e+00  0  1.1220  2.302608e+12  0.000000e+00  0.000000e+00  1.894555e-01 -2.820810e-01  6.178719e+00  1  1.1220  6.177644e+10  0.000000e+00  0.000000e+00  2.619217e-01 -1.711830e+00  6.388636e-02  2  1.1220  1.078560e+01  0.000000e+00  0.000000e+00  1.684014e-01 -1.266648e+02  0.000000e+00 
5  1.464699e+02  4.339279e+02  1.530000e+03  3.235139e-01 6 -1.000000e+00  5.119725e+02 3   6.7677 -1.292376e-02  4.159385e-04 -1 -1.0000 -1.000000e+00 -1.000000e+00 -1.000000e+00 -1.000000e+00 -1.000000e+00 -1.000000e+00 -1 -1.0000 -1.000000e+00 -1.000000e+00 -1.000000e+00 -1.000000e+00 -1.000000e+00 -1.000000e+00  0  1.1630  1.073156e+12  0.000000e+00  0.000000e+00  1.550793e-01 -1.135721e+02  3.747306e+00  1  1.1630  2.991744e+10  0.000000e+00  0.000000e+00  2.632315e-01 -1.800702e+02  3.817893e-02  2  1.1630  6.767670e+00  0.000000e+00  0.000000e+00  4.843568e-02 -9.022032e+01  0.000000e+00 
3  1.722687e+02  1.176443e+02  2.543000e+03  4.051172e-01 6 -1.000000e+00  2.620335e+02 1  14.7662 -2.639860e-01  8.662206e-02 -1 -1.0000 -1.000000e+00 -1.000000e+00 -1.000000e+00 -1.000000e+00 -1.000000e+00 -1.000000e+00 -1 -1.0000 -1.000000e+00 -1.000000e+00 -1.000000e+00 -1.000000e+00 -1.000000e+00 -1.000000e+00  0  1.2540  1.273387e+12  0.000000e+00  0.000000e+00  1.576970e-01 -3.602350e+01  4.787092e+00  1  1.2540  3.359775e+10  0.000000e+00  0.000000e+00  2.236613e-01 -4.337218e+01  9.867736e-02  2  1.2540  1.476620e+01  0.000000e+00  0.000000e+00  1.502903e-01 -1.408388e+02  0.000000e+00 
3  2.031159e+02  2.620731e+02  6.400000e+01  1.504087e-01 6 -1.000000e+00  2.705235e+02 1   2.7206 -7.157398e-02 -2.250377e-02 -1 -1.0000 -1.000000e+00 -1.000000e+00 -1.000000e+00 -1.000000e+00 -1.000000e+00 -1.000000e+00 -1 -1.0000 -1.000000e+00 -1.000000e+00 -1.000000e+00 -1.000000e+00 -1.000000e+00 -1.000000e+00  0  1.5870  7.602851e+11  0.000000e+00  0.000000e+00  9.257593e-02  1.448419e+02  4.705388e+00  1  1.5870  2.164853e+10  0.000000e+00  0.000000e+00  4.317156e-01  1.547706e+02  4.248789e-02  2  1.5870  2.720580e+00  0.000000e+00  0.000000e+00  1.109721e-01 -1.566124e+02  0.000000e+00 
1  8.851288e+01  1.557154e+02  1.780000e+03  2.917480e-01 0  3.051783e-01  1.557154e+02 2  15.9296  6.248768e-01 -5.545210e-01  0  0.5790  2.114043e+11  0.000000e+00  0.000000e+00  3.397503e-01  8.747285e+01  2.201542e+01  1  0.5790  5.734907e+09  0.000000e+00  0.000000e+00  2.223933e-01  1.253075e+02  1.155909e-01  2  0.5790  3.553170e+12  2.439518e+00 -2.308184e+00  4.082711e-02  1.311134e+02  4.267740e+00  3  0.5790  7.405624e+10  2.439518e+00 -2.308184e+00  5.915040e-01  9.801666e+01  9.072520e-02  4  0.5790  1.592960e+01  0.000000e+00  0.000000e+00  2.113753e-01  2.753138e+01  0.000000e+00 
2  7.553485e+01  6.537100e+01  7.410000e+03  4.741077e-01 6  2.731522e-01  1.169485e+02 1  11.9338  1.301313e-01 -6.342409e-01  0  1.8300  6.471410e+11  0.000000e+00  0.000000e+00  3.201716e-01  7.724412e+00  1.442906e+01  1  1.8300  1.567964e+10  0.000000e+00  0.000000e+00  3.700879e-02 -2.823385e+01  2.183695e-02  2  1.8300  1.515889e+12  2.547818e+00 -5.179836e+00  1.898148e-01  1.342804e+02  6.245749e+00  3  1.8300  6.621964e+10  2.547818e+00 -5.179836e+00  4.670675e-01  1.504850e+02  5.310060e-02  4  1.8300  1.193380e+01  0.000000e+00  0.000000e+00  9.860747e-02  1.537057e+02  0.000000e+00 
2  8.392756e+01  8.948720e-01  9.920000e+02  1.616604e-01 6 -1.000000e+00  2.048657e+00 1   6.4189 -7.939130e-01 -1.869766e-01 -1 -1.0000 -1.000000e+00 -1.000000e+00 -1.000000e+00 -1.000000e+00 -1.000000e+00 -1.000000e+00 -1 -1.0000 -1.000000e+00 -1.000000e+00 -1.000000e+00 -1.000000e+00 -1.000000e+00 -1.000000e+00  0  2.4120  7.735522e+11  0.000000e+00  0.000000e+00  3.233099e-01  1.529353e+02  4.858776e+00  1  2.4120  9.564990e+09  0.000000e+00  0.000000e+00  3.865397e-01  1.477815e+02  8.613567e-03  2  2.4120  6.418910e+00  0.000000e+00  0.000000e+00  1.889760e-01  1.236623e+01  0.000000e+00 
3  4.376905e+01  8.452539e+00  2.134000e+03  1.136650e+00 6 -1.000000e+00  1.271662e+02 2  15.3483 -1.006619e+00  1.245511e+00 -1 -1.0000 -1.000000e+00 -1.000000e+00 -1.000000e+00 -1.000000e+00 -1.000000e+00 -1.000000e+00 -1 -1.0000 -1.000000e+00 -1.000000e+00 -1.000000e+00 -1.000000e+00 -1.000000e+00 -1.000000e+00  0  0.5460  1.571472e+13  0.000000e+00  0.000000e+00  6.640391e-01  1.838647e+01  6.260622e+00  1  0.5460  1.181029e+11  0.000000e+00  0.000000e+00  3.195003e-01  1.405472e+01  1.279014e-01  2  0.5460  1.534830e+01  0.000000e+00  0.000000e+00  1.880436e-01 -1.031974e+02  0.000000e+00 
1  6.779732e+01  1.426064e+02  4.913000e+03  2.568262e-02 0  2.833522e-01  1.426064e+02 2  14.3764 -9.334834e-03 -9.669659e-03  0  1.6380  2.424121e+10  0.000000e+00  0.000000e+00  4.253384e-01  1.121501e+02  1.825565e+01  1  1.6380  3.649978e+07  0.000000e+00  0.000000e+00  6.702787e-02  1.469555e+02  2.609089e-02  2  1.6380  1.089602e+11 -4.527947e+00 -3.008663e+00  3.824966e-01 -6.638395e+01  4.701697e+00  3  1.6380  3.289939e+08 -4.527947e+00 -3.008663e+00  3.703482e-01 -1.069065e+02  9.498882e-03  4  1.6380  1.437640e+01  0.000000e+00  0.000000e+00  1.134883e-01  1.362856e+02  0.000000e+00 
1  8.052874e+01  1.415512e+02  4.130000e+02  4.262406e-02 0 -1.000000e+00  1.415512e+02 2  15.4553  1.576278e-02  1.263102e-02 -1 -1.0000 -1.000000e+00 -1.000000e+00 -1.000000e+00 -1.000000e+00 -1.000000e+00 -1.000000e+00 -1 -1.0000 -1.000000e+00 -1.000000e+00 -1.000000e+00 -1.000000e+00 -1.000000e+00 -1.000000e+00  0  2.6630  1.433124e+11  0.000000e+00  0.000000e+00  3.314962e-01  7.489039e+01  6.777982e+00  1  2.6630  5.281413e+08  0.000000e+00  0.000000e+00  3.361050e-01  7.938681e+01  5.065577e-02  2  2.6630  1.545530e+01  0.000000e+00  0.000000e+00  7.662893e-02  4.210436e+01  0.000000e+00 
3  9.182473e+01  1.287918e+02  8.864000e+03  4.524909e-01 6 -1.000000e+00  2.684073e+02 3  16.7193  8.473140e-02 -1.551501e-02 -1 -1.0000 -1.000000e+00 -1.000000e+00 -1.000000e+00 -1.000000e+00 -1.000000e+00 -1.000000e+00 -1 -1.0000 -1.000000e+00 -1.000000e+00 -1.000000e+00 -1.000000e+00 -1.000000e+00 -1.000000e+00  0  0.4760  5.802160e+11  0.000000e+00  0.000000e+00  2.349697e-01  9.466609e+01  9.182448e+00  1  0.4760  2.909326e+10  0.000000e+00  0.000000e+00  2.833664e-01  8.257620e+01  2.646196e-01  2  0.4760  1.671930e+01  0.000000e+00  0.000000e+00  5.950944e-02  1.885237e+01  0.000000e+00 
3  1.044091e+02  4.844127e+01  9.117000e+03  1.511553e+00 6 -1.000000e+00  2.104462e+02 2  15.4564 -5.590527e-01 -1.170361e+00 -1 -1.0000 -1.000000e+00 -1.000000e+00 -1.000000e+00 -1.000000e+00 -1.000000e+00 -1.000000e+00 -1 -1.0000 -1.000000e+00 -1.000000e+00 -1.000000e+00 -1.000000e+00 -1.000000e+00 -1.000000e+00  0  0.4930  2.159281e+13  0.000000e+00  0.000000e+00  2.379705e-01  1.674519e+02  4.893859e+00  1  0.4930  2.297364e+11  0.000000e+00  0.000000e+00  2.094109e-01  1.911604e+02  3.687321e-01  2  0.4930  1.545640e+01  0.000000e+00  0.000000e+00  1.391429e-01 -4.984908e+01  0.000000e+00 
3  2.112659e+01  1.417411e+01  6.239000e+03  5.796799e-01 6 -1.000000e+00  3.016769e+01 1  12.5536  3.572307e-01 -3.357270e-01 -1 -1.0000 -1.000000e+00 -1.000000e+00 -1.000000e+00 -1.000000e+00 -1.000000e+00 -1.000000e+00 -1 -1.0000 -1.000000e+00 -1.000000e+00 -1.000000e+00 -1.000000e+00 -1.000000e+00 -1.000000e+00  0  1.3940  3.697918e+12  0.000000e+00  0.000000e+00  3.692233e-01  1.503417e+02  4.963203e+00  1  1.3940  5.293263e+10  0.000000e+00  0.000000e+00  2.581786e-01  1.663324e+02  6.159308e-02  2  1.3940  1.255360e+01  0.000000e+00  0.000000e+00  1.599796e-02  1.724942e+02  0.000000e+00 
3  4.495506e+01  4.257921e+01  4.808000e+03  5.269082e-01 6 -1.000000e+00  5.559731e+01 1  16.9294  2.881393e-01  2.278523e-01 -1 -1.0000 -1.000000e+00 -1.000000e+00 -1.000000e+00 -1.000000e+00 -1.000000e+00 -1.000000e+00 -1 -1.0000 -1.000000e+00 -1.000000e+00 -1.000000e+00 -1.000000e+00 -1.000000e+00 -1.000000e+00  0  1.4400  1.372498e+12  0.000000e+00  0.000000e+00  4.378595e-01 -1.266984e+02  4.709241e+00  1  1.4400  4.260320e+10  0.000000e+00  0.000000e+00  3.457417e-01 -1.230768e+02  4.474386e-02  2  1.4400  1.692940e+01  0.000000e+00  0.000000e+00  1.312227e-01  3.088778e+01  0.000000e+00 
3  3.039490e+01  1.287030e+01  2.878000e+03  4.885576e-01 6 -1.000000e+00  3.819996e+01 1  13.6831 -5.351851e-01 -1.859793e-01 -1 -1.0000 -1.000000e+00 -1.000000e+00 -1.000000e+00 -1.000000e+00 -1.000000e+00 -1.000000e+00 -1 -1.0000 -1.000000e+00 -1.000000e+00 -1.000000e+00 -1.000000e+00 -1.000000e+00 -1.000000e+00  0  2.1610  1.699943e+12  0.000000e+00  0.000000e+00  4.645997e-01  1.710273e+02  6.794428e+00  1  2.1610  4.388326e+10  0.000000e+00  0.000000e+00  2.953244e-01  1.571075e+02  6.495284e-02  2  2.1610  1.368310e+01  0.000000e+00  0.000000e+00  1.120104e-01  3.506760e+01  0.000000e+00 
3  5.583242e+01  3.498138e+01  6.055000e+03  7.077539e-01 6  2.760385e-01  1.321062e+02 2  16.1259  3.580513e-01 -1.302330e+00  0  1.4970  1.443887e+12  0.000000e+00  0.000000e+00  3.105998e-01 -4.660744e+01  7.225034e+00  1  1.4970  6.419398e+10  0.000000e+00  0.000000e+00  1.810814e-01 -1.357399e+02  4.773305e-02  2  1.4970  7.130155e+12  9.636229e+00 -1.546921e+01  2.479936e-01  2.989481e+01  5.010657e+00  3  1.4970  1.213447e+11  9.636229e+00 -1.546921e+01  4.599690e-01  1.000613e+02  1.396717e-01  4  1.4970  1.612590e+01  0.000000e+00  0.000000e+00  1.164189e-01  1.271997e+02  0.000000e+00 
3  2.663857e+01  2.512786e+01  7.548000e+03  7.221749e-01 6  2.748503e-01  4.634621e+01 3  17.7769 -9.783045e-01  1.482852e-01  0  1.5050  1.426650e+12  0.000000e+00  0.000000e+00  3.465266e-01  8.266489e+01  7.042639e+00  1  1.5050  3.426731e+10  0.000000e+00  0.000000e+00  4.726991e-01  9.492077e+01  8.509761e-02  2  1.5050  4.386394e+12 -2.318657e+00  1.005762e+00  2.341516e-01  7.761315e+01  4.689797e+00  3  1.5050  8.442875e+10 -2.318657e+00  1.005762e+00  2.092912e-01  8.213572e+01  1.728906e-01  4  1.5050  1.777690e+01  0.000000e+00  0.000000e+00  1.081849e-01  1.331508e+02  0.000000e+00 
3  2.384387e+02  3.666962e+02  6.669000e+03  5.803452e-01 6 -1.000000e+00  3.753498e+02 1   9.3420 -1.073779e-01  5.037056e-02 -1 -1.0000 -1.000000e+00 -1.000000e+00 -1.000000e+00 -1.000000e+00 -1.000000e+00 -1.000000e+00 -1 -1.0000 -1.000000e+00 -1.000000e+00 -1.000000e+00 -1.000000e+00 -1.000000e+00 -1.000000e+00  0  1.0980  1.351293e+12  0.000000e+00  0.000000e+00  9.066600e-02 -8.016029e+01  9.061679e+00  1  1.0980  5.629486e+10  0.000000e+00  0.000000e+00  3.474103e-01 -1.435375e+02  1.658138e-01  2  1.0980  9.342020e+00  0.000000e+00  0.000000e+00  2.025697e-01  1.359837e+02  0.000000e+00 
3  8.392960e+01  5.548946e+01  7.023000e+03  9.679620e-01 6 -1.000000e+00  1.351136e+02 1  15.5290  5.795403e-02  5.410998e-01 -1 -1.0000 -1.000000e+00 -1.000000e+00 -1.000000e+00 -1.000000e+00 -1.000000e+00 -1.000000e+00 -1 -1.0000 -1.000000e+00 -1.000000e+00 -1.000000e+00 -1.000000e+00 -1.000000e+00 -1.000000e+00  0  1.3550  3.358929e+12  0.000000e+00  0.000000e+00  1.283119e-01  9.423117e+01  5.656422e+00  1  1.3550  7.049789e+10  0.000000e+00  0.000000e+00  4.708450e-01  7.294635e+01  4.004064e-02  2  1.3550  1.552900e+01  0.000000e+00  0.000000e+00  4.431513e-02 -1.665974e+02  0.000000e+00 
1  9.632044e+01  1.900778e+02  1.555000e+03  5.631338e-02 0  2.770704e-01  1.900778e+02 2  15.4583 -8.073631e-03 -2.362068e-02  0  1.6880  7.355821e+10  0.000000e+00  0.000000e+00  3.247438e-01  8.066887e+01  1.338443e+01  1  1.6880  2.838859e+08  0.000000e+00  0.000000e+00  3.539154e-01  1.001161e+02  5.252730e-02  2  1.6880  1.915682e+11  4.861302e-01 -1.833630e-01  1.523008e-01 -2.165698e+01  4.761668e+00  3  1.6880  1.235127e+09  4.861302e-01 -1.833630e-01  1.306750e-01 -3.805269e+01  1.261188e-01  4  1.6880  1.545830e+01  0.000000e+00  0.000000e+00  3.301303e-02  5.906771e+01  0.000000e+00 
3  5.100675e+01  2.752837e+01  3.802000e+03  7.707665e-01 6 -1.000000e+00  6.798494e+01 1  15.1544  5.665872e-01 -2.208908e-01 -1 -1.0000 -1.000000e+00 -1.000000e+00 -1.000000e+00 -1.000000e+00 -1.000000e+00 -1.000000e+00 -1 -1.0000 -1.000000e+00 -1.000000e+00 -1.000000e+00 -1.000000e+00 -1.000000e+00 -1.000000e+00  0  1.7730  3.903185e+12  0.000000e+00  0.000000e+00  2.848993e-01  1.105389e+02  2.487084e+00  1  1.7730  1.004238e+11  0.000000e+00  0.000000e+00  2.444229e-01  1.199531e+02  5.284160e-02  2  1.7730  1.515440e+01  0.000000e+00  0.000000e+00  2.955312e-01  1.376981e+01  0.000000e+00 
1  5.561049e+01  9.989825e+01  9.546000e+03  1.393349e-01 0 -1.000000e+00  9.989825e+01 2  18.8972  6.233582e-02  8.701738e-02 -1 -1.0000 -1.000000e+00 -1.000000e+00 -1.000000e+00 -1.000000e+00 -1.000000e+00 -1.000000e+00 -1 -1.0000 -1.000000e+00 -1.000000e+00 -1.000000e+00 -1.000000e+00 -1.000000e+00 -1.000000e+00  0  0.7390  2.232005e+11  0.000000e+00  0.000000e+00  7.530385e-02  1.164175e+02  1.217633e+01  1  0.7390  2.725771e+09  0.000000e+00  0.000000e+00  1.459053e-01  1.061674e+02  7.833552e-02  2  0.7390  1.889720e+01  0.000000e+00  0.000000e+00  5.250275e-02 -4.109882e+01  0.000000e+00 
2  1.149915e+02  1.074968e+02  2.342000e+03  7.980121e-01 6 -1.000000e+00  1.436987e+02 1  15.5306  5.339306e-01  3.933574e-01 -1 -1.0000 -1.000000e+00 -1.000000e+00 -1.000000e+00 -1.000000e+00 -1.000000e+00 -1.000000e+00 -1 -1.0000 -1.000000e+00 -1.000000e+00 -1.000000e+00 -1.000000e+00 -1.000000e+00 -1.000000e+00  0  1.9740  3.788393e+12  0.000000e+00  0.000000e+00  3.491730e-01  3.460092e+01  4.246128e+00  1  1.9740  8.889541e+10  0.000000e+00  0.000000e+00  5.533047e-02  3.067999e+01  1.791781e-02  2  1.9740  1.553060e+01  0.000000e+00  0.000000e+00  2.421114e-01  4.141897e+01  0.000000e+00 
3  1.651573e+02  1.637572e+02  1.955000e+03  8.618799e-02 6 -1.000000e+00  2.262896e+02 1  19.2985 -6.040099e-03  4.425147e-02 -1 -1.0000 -1.000000e+00 -1.000000e+00 -1.000000e+00 -1.000000e+00 -1.000000e+00 -1.000000e+00 -1 -1.0000 -1.000000e+00 -1.000000e+00 -1.000000e+00 -1.000000e+00 -1.000000e+00 -1.000000e+00  0  2.0200  4.364072e+11  0.000000e+00  0.000000e+00  2.725094e-01 -1.565812e+02  1.897583e+00  1  2.0200  4.760657e+09  0.000000e+00  0.000000e+00  2.395905e-01 -1.712418e+02  6.723400e-02  2  2.0200  1.929850e+01  0.000000e+00  0.000000e+00  2.568524e-01 -1.085503e+02  0.000000e+00 
3  5.345228e+01  3.727605e+01  4.695000e+03  1.095199e+00 6 -1.000000e+00  8.298794e+01 1   9.7797 -7.397663e-01 -3.208456e-01 -1 -1.0000 -1.000000e+00 -1.000000e+00 -1.000000e+00 -1.000000e+00 -1.000000e+00 -1.000000e+00 -1 -1.0000 -1.000000e+00 -1.000000e+00 -1.000000e+00 -1.000000e+00 -1.000000e+00 -1.000000e+00  0  1.3740  1.225289e+13  0.000000e+00  0.000000e+00  2.674498e-01  1.659655e+02  4.514371e+00  1  1.3740  1.539199e+11  0.000000e+00  0.000000e+00  3.768291e-01  1.586474e+02  1.053394e-01  2  1.3740  9.779680e+00  0.000000e+00  0.000000e+00  5.776963e-02 -1.772503e+02  0.000000e+00 
3  2.852140e+01  3.266131e+01  2.406000e+03  3.338304e-01 6 -1.000000e+00  4.093830e+01 1   5.6795  1.621698e-02 -1.903243e-01 -1 -1.0000 -1.000000e+00 -1.000000e+00 -1.000000e+00 -1.000000e+00 -1.000000e+00 -1.000000e+00 -1 -1.0000 -1.000000e+00 -1.000000e+00 -1.000000e+00 -1.000000e+00 -1.000000e+00 -1.000000e+00  0  0.3130  5.232340e+11  0.000000e+00  0.000000e+00  3.123471e-01 -5.723815e+01  6.889334e+00  1  0.3130  1.811737e+10  0.000000e+00  0.000000e+00  4.172475e-01 -1.177185e+02  2.410412e-01  2  0.3130  5.679470e+00  0.000000e+00  0.000000e+00  7.238255e-02 -2.602675e+01  0.000000e+00 
3  3.474833e+01  1.488642e+01  5.141000e+03  9.489131e-01 6 -1.000000e+00  4.099069e+01 1  17.4721 -8.504132e-01  7.824664e-01 -1 -1.0000 -1.000000e+00 -1.000000e+00 -1.000000e+00 -1.000000e+00 -1.000000e+00 -1.000000e+00 -1 -1.0000 -1.000000e+00 -1.000000e+00 -1.000000e+00 -1.000000e+00 -1.000000e+00 -1.000000e+00  0  0.3920  5.928880e+12  0.000000e+00  0.000000e+00  3.017966e-01  1.497167e+02  3.581079e+00  1  0.3920  1.328952e+11  0.000000e+00  0.000000e+00  3.484125e-01  1.991308e+02  1.582783e-01  2  0.3920  1.747210e+01  0.000000e+00  0.000000e+00  1.180691e-01  1.588628e+02  0.000000e+00 
3  2.797691e+01  2.420705e+01  9.937000e+03  1.391473e+00 6  2.950912e-01  3.420980e+01 1   6.1637 -2.601597e+00  3.020872e+00  0  0.7520  2.239475e+12  0.000000e+00  0.000000e+00  2.980925e-01  8.621024e+01  1.802958e+01  1  0.7520  7.997443e+10  0.000000e+00  0.000000e+00  3.683610e-01  1.105183e+02  8.363202e-02  2  0.7520  4.540468e+13 -5.261831e+01  3.587925e+01  1.828152e-01  1.161090e+02  5.972899e+00  3  0.7520  2.505586e+11 -5.261831e+01  3.587925e+01  1.824632e-01  1.328144e+02  2.955873e-01  4  0.7520  6.163710e+00  0.000000e+00  0.000000e+00  2.018349e-01  4.352170e+01  0.000000e+00 
3  1.260195e+01  6.774944e+00  9.108000e+03  5.480066e-01 6 -1.000000e+00  1.480876e+01 1  19.3076 -5.866568e-01  3.688376e-01 -1 -1.0000 -1.000000e+00 -1.000000e+00 -1.000000e+00 -1.000000e+00 -1.000000e+00 -1.000000e+00 -1 -1.0000 -1.000000e+00 -1.000000e+00 -1.000000e+00 -1.000000e+00 -1.000000e+00 -1.000000e+00  0  0.8760  3.278492e+12  0.000000e+00  0.000000e+00  6.174430e-01  1.421978e+02  3.569752e+00  1  0.8760  6.358156e+10  0.000000e+00  0.000000e+00  3.788612e-01  1.617311e+02  4.943839e-02  2  0.8760  1.930760e+01  0.000000e+00  0.000000e+00  1.207846e-01  1.279365e+02  0.000000e+00 
3  1.252494e+01  5.408839e+00  6.135000e+03  6.950983e-01 6 -1.000000e+00  1.538326e+01 1  14.0344 -8.547453e-01 -1.347796e-02 -1 -1.0000 -1.000000e+00 -1.000000e+00 -1.000000e+00 -1.000000e+00 -1.000000e+00 -1.000000e+00 -1 -1.0000 -1.000000e+00 -1.000000e+00 -1.000000e+00 -1.000000e+00 -1.000000e+00 -1.000000e+00  0  0.9140  1.713325e+12  0.000000e+00  0.000000e+00  4.003306e-01  2.636618e+01  9.402433e+00  1  0.9140  7.242643e+10  0.000000e+00  0.000000e+00  3.366769e-01  2.313853e+00  4.426537e-02  2  0.9140  1.403440e+01  0.000000e+00  0.000000e+00  3.619759e-02  1.836466e+01  0.000000e+00 
3  1.546166e+02  2.120897e+02  6.209000e+03  9.209165e-01 6 -1.000000e+00  2.254132e+02 1  15.9435  6.848237e-02 -3.124321e-01 -1 -1.0000 -1.000000e+00 -1.000000e+00 -1.000000e+00 -1.000000e+00 -1.000000e+00 -1.000000e+00 -1 -1.0000 -1.000000e+00 -1.000000e+00 -1.000000e+00 -1.000000e+00 -1.000000e+00 -1.000000e+00  0  0.9320  2.421675e+12  0.000000e+00  0.000000e+00  1.574810e-01 -1.223122e+02  8.710171e+00  1  0.9320  6.357650e+10  0.000000e+00  0.000000e+00  7.105830e-01 -6.687830e+01  9.344193e-02  2  0.9320  1.594350e+01  0.000000e+00  0.000000e+00  2.315496e-01  1.262751e+02  0.000000e+00 
1  4.039259e+01  7.042989e+01  6.787000e+03  2.718781e-01 0  2.831786e-01  7.042989e+01 2  12.5621  1.498799e-01  4.303922e-02  0  1.1510  1.832928e+11  0.000000e+00  0.000000e+00  1.912328e-01  1.113348e+02  2.529483e+01  1  1.1510  2.090389e+09  0.000000e+00  0.000000e+00  5.624356e-01  7.836532e+01  1.055804e-01  2  1.1510  7.673540e+11  2.322768e+00 -6.836615e+00  1.674772e-01  1.422248e+02  5.574257e+00  3  1.1510  2.655513e+10  2.322768e+00 -6.836615e+00  7.380143e-03  1.539089e+02  1.950871e-01  4  1.1510  1.256210e+01  0.000000e+00  0.000000e+00  2.442974e-01 -1.768705e+02  0.000000e+00 
3  3.675782e+01  2.604571e+01  1.378000e+03  2.302502e+00 6 -1.000000e+00  6.111210e+01 1  10.7815  2.910040e-01 -1.070899e+00 -1 -1.0000 -1.000000e+00 -1.000000e+00 -1.000000e+00 -1.000000e+00 -1.000000e+00 -1.000000e+00 -1 -1.0000 -1.000000e+00 -1.000000e+00 -1.000000e+00 -1.000000e+00 -1.000000e+00 -1.000000e+00  0  1.5140  2.377321e+13  0.000000e+00  0.000000e+00  3.198536e-01 -5.070901e+01  5.891549e+00  1  1.5140  9.498343e+10  0.000000e+00  0.000000e+00  3.024749e-01 -3.421321e+01  7.713013e-02  2  1.5140  1.078150e+01  0.000000e+00  0.000000e+00  1.509481e-02  6.401977e+01  0.000000e+00 
1  1.688413e+01  3.016640e+01  5.093000e+03  1.508235e+00 0 -1.000000e+00  3.016640e+01 2  14.6014 -6.958682e-01  2.783758e+00 -1 -1.0000 -1.000000e+00 -1.000000e+00 -1.000000e+00 -1.000000e+00 -1.000000e+00 -1.000000e+00 -1 -1.0000 -1.000000e+00 -1.000000e+00 -1.000000e+00 -1.000000e+00 -1.000000e+00 -1.000000e+00  0  1.9740  4.467699e+13  0.000000e+00  0.000000e+00  3.197796e-01  2.357474e+01  2.128998e+00  1  1.9740  8.056530e+10  0.000000e+00  0.000000e+00  4.857669e-01  1.027141e+02  6.197450e-02  2  1.9740  1.460140e+01  0.000000e+00  0.000000e+00  1.286847e-01  3.665467e+01  0.000000e+00 
3  1.001681e+02  7.972455e+01  8.126000e+03  9.695591e-01 6  3.050000e-01  2.293156e+02 3  17.1267 -3.649343e+00 -3.751244e+00  0  0.6030  1.549250e+12  0.000000e+00  0.000000e+00  7.501679e-03  6.415316e+01  1.446245e+01  1  0.6030  5.189361e+10  0.000000e+00  0.000000e+00  5.345125e-01  6.015856e+01  9.180220e-02  2  0.6030  5.126736e+13 -2.282049e+01 -2.429654e+01  2.184403e-01 -1.415218e+02  4.174992e+00  3  0.6030  2.334429e+11 -2.282049e+01 -2.429654e+01  2.039963e-01 -1.475422e+02  3.062350e-01  4  0.6030  1.712670e+01  0.000000e+00  0.000000e+00  5.144686e-02 -2.913168e+01  0.000000e+00 
2  2.309291e+02  2.512282e+02  5.272000e+03  1.668529e+00 6 -1.000000e+00  4.312456e+02 3  11.7043  4.579180e-01  4.249691e-01 -1 -1.0000 -1.000000e+00 -1.000000e+00 -1.000000e+00 -1.000000e+00 -1.000000e+00 -1.000000e+00 -1 -1.0000 -1.000000e+00 -1.000000e+00 -1.000000e+00 -1.000000e+00 -1.000000e+00 -1.000000e+00  0  1.7080  5.259816e+12  0.000000e+00  0.000000e+00  3.825435e-01 -1.190783e+02  1.122751e+01  1  1.7080  6.654849e+10  0.000000e+00  0.000000e+00  2.576942e-01 -9.652011e+01  2.903882e-02  2  1.7080  1.170430e+01  0.000000e+00  0.000000e+00  1.824428e-01 -4.950674e+01  0.000000e+00 
3  7.007691e+01  3.128436e+01  2.788000e+03  1.242313e+00 6 -1.000000e+00  1.237717e+02 2   7.1882  6.112033e-01  4.122418e-01 -1 -1.0000 -1.000000e+00 -1.000000e+00 -1.000000e+00 -1.000000e+00 -1.000000e+00 -1.000000e+00 -1 -1.0000 -1.000000e+00 -1.000000e+00 -1.000000e+00 -1.000000e+00 -1.000000e+00 -1.000000e+00  0  0.6390  7.264298e+12  0.000000e+00  0.000000e+00  1.278521e-01  1.122837e+02  4.829099e+00  1  0.6390  9.087588e+10  0.000000e+00  0.000000e+00  4.556110e-01  8.855444e+01  6.247288e-02  2  0.6390  7.188160e+00  0.000000e+00  0.000000e+00  1.596070e-01  1.446970e+02  0.000000e+00 
3  1.632043e+02  8.063733e+01  6.949000e+03  5.841421e-01 6 -1.000000e+00  2.362412e+02 1  17.4591  1.741794e-01  4.830775e-01 -1 -1.0000 -1.000000e+00 -1.000000e+00 -1.000000e+00 -1.000000e+00 -1.000000e+00 -1.000000e+00 -1 -1.0000 -1.000000e+00 -1.000000e+00 -1.000000e+00 -1.000000e+00 -1.000000e+00 -1.000000e+00  0  0.8970  2.053298e+12  0.000000e+00  0.000000e+00  1.521185e-01  1.551846e+02  3.928117e+00  1  0.8970  8.517764e+10  0.000000e+00  0.000000e+00  4.327383e-01  1.400550e+02  1.891551e-01  2  0.8970  1.745910e+01  0.000000e+00  0.000000e+00  3.812615e-02 -7.309015e+01  0.000000e+00 
3  1.865194e+01  7.375687e+00  3.970000e+02  9.061112e-01 6 -1.000000e+00  3.836147e+01 2   9.7857 -6.538258e-01  5.440280e-03 -1 -1.0000 -1.000000e+00 -1.000000e+00 -1.000000e+00 -1.000000e+00 -1.000000e+00 -1.000000e+00 -1 -1.0000 -1.000000e+00 -1.000000e+00 -1.000000e+00 -1.000000e+00 -1.000000e+00 -1.000000e+00  0  1.1550  7.933526e+12  0.000000e+00  0.000000e+00  4.086224e-01  7.482628e+01  3.741967e+00  1  1.1550  8.826299e+10  0.000000e+00  0.000000e+00  1.792663e-01  1.140849e+02  9.104774e-02  2  1.1550  9.785690e+00  0.000000e+00  0.000000e+00  8.951632e-02 -9.203978e+01  0.000000e+00 
3  2.282786e+02  1.946117e+02  2.738000e+03  3.802366e-01 6 -1.000000e+00  3.223891e+02 1  14.7417 -2.262871e-02  2.297118e-01 -1 -1.0000 -1.000000e+00 -1.000000e+00 -1.000000e+00 -1.000000e+00 -1.000000e+00 -1.000000e+00 -1 -1.0000 -1.000000e+00 -1.000000e+00 -1.000000e+00 -1.000000e+00 -1.000000e+00 -1.000000e+00  0  1.3810  1.031852e+12  0.000000e+00  0.000000e+00  4.015306e-01  1.584595e+02  3.954020e+00  1  1.3810  3.635530e+10  0.000000e+00  0.000000e+00  3.393185e-01  1.384304e+02  7.264369e-02  2  1.3810  1.474170e+01  0.000000e+00  0.000000e+00  9.868303e-02  8.597872e+01  0.000000e+00 
1  2.592180e+01  4.919063e+01  5.204000e+03  8.494155e-01 0  2.753758e-01  4.919063e+01 2  12.0862  7.265928e-01  1.574642e+00  0  1.4750  1.206661e+12  0.000000e+00  0.000000e+00  1.025796e-01  3.234429e+01  1.535002e+01  1  1.4750  3.208026e+10  0.000000e+00  0.000000e+00  1.858703e-01  2.232335e+01  7.226911e-02  2  1.4750  3.927862e+12  1.020807e+00  3.487762e+00  1.925063e-01 -1.434274e+02  5.092201e+00  3  1.4750  8.210443e+10  1.020807e+00  3.487762e+00  2.491105e-01 -1.651862e+02  3.091285e-02  4  1.4750  1.208620e+01  0.000000e+00  0.000000e+00  1.061055e-01  1.456071e+02  0.000000e+00 
1  4.715667e+01  1.160403e+02  5.070000e+03  6.960384e-03 0 -1.000000e+00  1.160403e+02 2  10.3280 -1.709227e-04  1.162190e-02 -1 -1.0000 -1.000000e+00 -1.000000e+00 -1.000000e+00 -1.000000e+00 -1.000000e+00 -1.000000e+00 -1 -1.0000 -1.000000e+00 -1.000000e+00 -1.000000e+00 -1.000000e+00 -1.000000e+00 -1.000000e+00  0  1.8730  7.493692e+10  0.000000e+00  0.000000e+00  3.239435e-02  2.421732e+01  6.524422e+00  1  1.8730  1.946631e+08  0.000000e+00  0.000000e+00  3.363116e-01 -4.088621e+01  5.038830e-02  2  1.8730  1.032800e+01  0.000000e+00  0.000000e+00  1.474575e-01  5.781607e+00  0.000000e+00 
3  4.773273e+01  3.137353e+01  5.080000e+03  7.253580e-01 6  2.721900e-01  7.878607e+01 1  11.3505 -9.407197e-01 -7.153518e-01  0  1.9140  1.243039e+12  0.000000e+00  0.000000e+00  1.745263e-01 -9.110431e+01  1.055657e+01  1  1.9140  5.615830e+10  0.000000e+00  0.000000e+00  1.069790e-01 -9.628257e+01  8.368001e-02  2  1.9140  4.024613e+12 -1.396769e+01 -6.784033e+00  2.964819e-01  1.730379e+02  5.622792e+00  3  1.9140  6.963476e+10 -1.396769e+01 -6.784033e+00  3.885515e-01  1.441938e+02  2.916125e-02  4  1.9140  1.135050e+01  0.000000e+00  0.000000e+00  1.648987e-01  5.702242e+00  0.000000e+00 
3  3.624270e+01  2.290233e+01  3.052000e+03  1.844332e-01 6 -1.000000e+00  5.013023e+01 1  17.7765 -8.084978e-02 -1.234465e-01 -1 -1.0000 -1.000000e+00 -1.000000e+00 -1.000000e+00 -1.000000e+00 -1.000000e+00 -1.000000e+00 -1 -1.0000 -1.000000e+00 -1.000000e+00 -1.000000e+00 -1.000000e+00 -1.000000e+00 -1.000000e+00  0  1.9840  6.581264e+11  0.000000e+00  0.000000e+00  2.882098e-01 -4.312333e+01  3.643585e+00  1  1.9840  9.800404e+09  0.000000e+00  0.000000e+00  3.376704e-01 -1.878447e+01  2.421368e-02  2  1.9840  1.777650e+01  0.000000e+00  0.000000e+00  2.271052e-01  3.314634e+01  0.000000e+00 
3  4.194557e+01  5.209434e+01  7.941000e+03  6.445919e-01 6 -1.000000e+00  6.487229e+01 1  12.0875  2.739630e-01  2.482564e-01 -1 -1.0000 -1.000000e+00 -1.000000e+00 -1.000000e+00 -1.000000e+00 -1.000000e+00 -1.000000e+00 -1 -1.0000 -1.000000e+00 -1.000000e+00 -1.000000e+00 -1.000000e+00 -1.000000e+00 -1.000000e+00  0  0.3200  1.752404e+12  0.000000e+00  0.000000e+00  1.646968e-01 -4.367938e+00  1.060313e+01  1  0.3200  6.427488e+10  0.000000e+00  0.000000e+00  3.590883e-01  3.415251e+01  4.541169e-01  2  0.3200  1.208750e+01  0.000000e+00  0.000000e+00  2.340182e-02  3.812534e+00  0.000000e+00 
3  1.260045e+02  8.602880e+01  7.467000e+03  2.777562e-01 6 -1.000000e+00  1.706345e+02 1  15.9304 -7.648235e-02 -3.084370e-01 -1 -1.0000 -1.000000e+00 -1.000000e+00 -1.000000e+00 -1.000000e+00 -1.000000e+00 -1.000000e+00 -1 -1.0000 -1.000000e+00 -1.000000e+00 -1.000000e+00 -1.000000e+00 -1.000000e+00 -1.000000e+00  0  0.7960  5.022346e+11  0.000000e+00  0.000000e+00  3.198157e-01  5.511439e+00  8.718064e+00  1  0.7960  1.413748e+10  0.000000e+00  0.000000e+00  2.730199e-01  3.404810e+01  8.135485e-02  2  0.7960  1.593040e+01  0.000000e+00  0.000000e+00  8.171983e-02  4.083627e+01  0.000000e+00 
3  3.438646e+01  1.670808e+01  9.438000e+03  2.053120e-01 6 -1.000000e+00  5.134146e+01 1  11.2017  1.055931e-01 -1.439841e-01 -1 -1.0000 -1.000000e+00 -1.000000e+00 -1.000000e+00 -1.000000e+00 -1.000000e+00 -1.000000e+00 -1 -1.0000 -1.000000e+00 -1.000000e+00 -1.000000e+00 -1.000000e+00 -1.000000e+00 -1.000000e+00  0  1.5480  5.043721e+11  0.000000e+00  0.000000e+00  1.696277e-01 -4.001949e+01  7.848942e+00  1  1.5480  6.184786e+09  0.000000e+00  0.000000e+00  1.382162e-01 -5.544415e+01  4.111439e-02  2  1.5480  1.120170e+01  0.000000e+00  0.000000e+00  5.585539e-02 -9.878458e+01  0.000000e+00 
3  4.943082e+01  2.700951e+01  5.162000e+03  1.132915e+00 6 -1.000000e+00  1.155981e+02 2  15.5319  2.495526e-01  6.700533e-01 -1 -1.0000 -1.000000e+00 -1.000000e+00 -1.000000e+00 -1.000000e+00 -1.000000e+00 -1.000000e+00 -1 -1.0000 -1.000000e+00 -1.000000e+00 -1.000000e+00 -1.000000e+00 -1.000000e+00 -1.000000e+00  0  1.5530  5.470650e+12  0.000000e+00  0.000000e+00  2.484870e-01 -4.940849e+01  7.282650e+00  1  1.5530  8.819666e+10  0.000000e+00  0.000000e+00  3.964154e-01 -3.027980e+01  8.314699e-02  2  1.5530  1.553190e+01  0.000000e+00  0.000000e+00  1.043773e-01 -1.718378e+02  0.000000e+00 
3  1.463156e+02  1.123710e+02  1.620000e+03  5.560384e-01 6 -1.000000e+00  2.140256e+02 1  16.4257 -1.854676e-01 -3.184871e-01 -1 -1.0000 -1.000000e+00 -1.000000e+00 -1.000000e+00 -1.000000e+00 -1.000000e+00 -1.000000e+00 -1 -1.0000 -1.000000e+00 -1.000000e+00 -1.000000e+00 -1.000000e+00 -1.000000e+00 -1.000000e+00  0  0.7860  2.016642e+12  0.000000e+00  0.000000e+00  4.370317e-01  1.652150e+02  7.623618e+00  1  0.7860  6.159607e+10  0.000000e+00  0.000000e+00  4.877095e-01  2.166852e+02  2.066603e-01  2  0.7860  1.642570e+01  0.000000e+00  0.000000e+00  1.225801e-01  2.798841e+01  0.000000e+00 
3  1.822911e+02  1.840972e+02  2.170000e+02  5.510717e-01 6  2.924373e-01  4.500323e+02 3  13.0420 -1.102749e-01  1.007635e+00  0  0.9540  5.047683e+11  0.000000e+00  0.000000e+00  6.104100e-02  3.759755e+01  1.769825e+01  1  0.9540  2.024932e+10  0.000000e+00  0.000000e+00  2.350473e-01 -6.729180e+01  1.000502e-01  2  0.9540  6.480854e+12 -1.693508e+00  7.091646e+00  1.942181e-01  2.401358e+01  4.644733e+00  3  0.9540  1.053719e+11 -1.693508e+00  7.091646e+00  2.992266e-01  2.295313e+01  1.258154e-01  4  0.9540  1.304200e+01  0.000000e+00  0.000000e+00  6.074225e-02 -1.342647e+02  0.000000e+00 
1  3.941101e+01  7.457468e+01  1.298000e+03  3.379707e+00 0 -1.000000e+00  7.457468e+01 2  11.3506 -1.616333e+00 -3.468142e+00 -1 -1.0000 -1.000000e+00 -1.000000e+00 -1.000000e+00 -1.000000e+00 -1.000000e+00 -1.000000e+00 -1 -1.0000 -1.000000e+00 -1.000000e+00 -1.000000e+00 -1.000000e+00 -1.000000e+00 -1.000000e+00  0  1.0250  6.692595e+13  0.000000e+00  0.000000e+00  3.087874e-01  1.671462e+02  4.939934e+00  1  1.0250  2.462757e+11  0.000000e+00  0.000000e+00  1.317894e-01  1.879472e+02  2.233339e-01  2  1.0250  1.135060e+01  0.000000e+00  0.000000e+00  9.080570e-02 -8.200428e+01  0.000000e+00 
3  5.401060e+01  1.908490e+01  6.806000e+03  1.019682e+00 6 -1.000000e+00  1.065740e+02 2  15.1542  5.575448e-01 -4.617116e-01 -1 -1.0000 -1.000000e+00 -1.000000e+00 -1.000000e+00 -1.000000e+00 -1.000000e+00 -1.000000e+00 -1 -1.0000 -1.000000e+00 -1.000000e+00 -1.000000e+00 -1.000000e+00 -1.000000e+00 -1.000000e+00  0  1.8330  3.154906e+12  0.000000e+00  0.000000e+00  8.783543e-02 -1.045463e+02  6.310893e+00  1  1.8330  7.468028e+10  0.000000e+00  0.000000e+00  4.454969e-01 -7.504396e+01  3.956113e-02  2  1.8330  1.515420e+01  0.000000e+00  0.000000e+00  2.201180e-01 -1.225042e+02  0.000000e+00 
3  6.111430e+01  7.623041e+01  5.963000e+03  5.462550e-01 6  2.710619e-01  1.107680e+02 3  10.3263 -6.123132e-02 -9.638128e-01  0  2.2820  4.701403e+11  0.000000e+00  0.000000e+00  4.601850e-02  1.149646e+02  3.032290e+01  1  2.2820  7.897884e+09  0.000000e+00  0.000000e+00  4.823158e-01  1.671543e+02  5.202917e-02  2  2.2820  3.940294e+12  7.202205e-01 -9.518444e+00  9.642299e-03 -2.143210e+00  2.612424e+00  3  2.2820  4.895725e+10  7.202205e-01 -9.518444e+00  3.121473e-01 -1.806446e+01  4.810782e-02  4  2.2820  1.032630e+01  0.000000e+00  0.000000e+00  5.116331e-03  5.402005e+01  0.000000e+00 
3  7.914866e+01  4.294205e+01  4.317000e+03  7.252081e-01 6  2.793527e-01  1.203950e+02 1  17.5670  5.520384e-01  6.618683e-01  0  1.0900  1.000437e+12  0.000000e+00  0.000000e+00  3.468144e-01  1.246561e+02  9.739816e+00  1  1.0900  4.929325e+10  0.000000e+00  0.000000e+00  2.864135e-01  1.292832e+02  6.615424e-02  2  1.0900  3.110546e+12  1.285380e+00  5.254150e+00  6.791820e-01 -2.102095e+01  4.639795e+00  3  1.0900  6.857734e+10  1.285380e+00  5.254150e+00  1.733164e-01  2.136856e+01  6.288312e-02  4  1.0900  1.756700e+01  0.000000e+00  0.000000e+00  5.798964e-02  6.296746e+01  0.000000e+00 
3  1.679396e+01  9.614939e+00  3.498000e+03  8.198939e-01 6 -1.000000e+00  3.020983e+01 3  12.3932 -3.866374e-01 -2.128867e-02 -1 -1.0000 -1.000000e+00 -1.000000e+00 -1.000000e+00 -1.000000e+00 -1.000000e+00 -1.000000e+00 -1 -1.0000 -1.000000e+00 -1.000000e+00 -1.000000e+00 -1.000000e+00 -1.000000e+00 -1.000000e+00  0  1.3250  3.737687e+12  0.000000e+00  0.000000e+00  3.058314e-01 -6.152387e+01  4.950131e+00  1  1.3250  7.431719e+10  0.000000e+00  0.000000e+00  4.793666e-01 -6.262179e+01  9.485667e-02  2  1.3250  1.239320e+01  0.000000e+00  0.000000e+00  1.146202e-01  9.973663e+01  0.000000e+00 
4  8.827526e+01  1.433047e+02  3.995000e+03  1.037725e+00 6  2.695388e-01  1.972836e+02 3  12.7193 -1.391541e-02  7.830445e-01  0  2.7490  1.819566e+12  0.000000e+00  0.000000e+00  1.657920e-01  1.262745e+02  7.874233e+00  1  2.7490  7.509650e+10  0.000000e+00  0.000000e+00  5.444442e-01  8.629790e+01  3.373427e-02  2  2.7490  4.709617e+12 -4.310162e-01  7.184008e+00  1.739921e-01 -8.601368e+01  2.642426e+00  3  2.7490  6.708104e+10 -4.310162e-01  7.184008e+00  3.858758e-01 -9.435796e+01  2.772501e-02  4  2.7490  1.271930e+01  0.000000e+00  0.000000e+00  1.969164e-01 -1.050020e+01  0.000000e+00 
5  2.168295e+01  3.607202e+01  9.496000e+03  1.841662e+00 6  2.868697e-01  5.191161e+01 3   9.3350 -5.721325e-01 -1.838576e+00  0  0.4380  3.257431e+12  0.000000e+00  0.000000e+00  4.047306e-01  2.355921e+01  2.876168e+01  1  0.4380  6.358984e+10  0.000000e+00  0.000000e+00  2.254486e-01  6.923851e+00  2.935606e-01  2  0.4380  1.225786e+13 -1.985218e+00 -1.358881e+01  1.519671e-01  6.695598e+01  6.117597e+00  3  0.4380  1.106082e+11 -1.985218e+00 -1.358881e+01  9.300131e-02  9.885960e+01  3.608750e-01  4  0.4380  9.335020e+00  0.000000e+00  0.000000e+00  1.387692e-01 -4.439676e+01  0.000000e+00 
1  1.670591e+01  3.048437e+01  7.018000e+03  1.720231e+00 0 -1.000000e+00  3.048437e+01 2  17.9987  8.899094e-01 -2.186358e+00 -1 -1.0000 -1.000000e+00 -1.000000e+00 -1.000000e+00 -1.000000e+00 -1.000000e+00 -1.000000e+00 -1 -1.0000 -1.000000e+00 -1.000000e+00 -1.000000e+00 -1.000000e+00 -1.000000e+00 -1.000000e+00  0  0.6020  2.560800e+13  0.000000e+00  0.000000e+00  3.691569e-01  2.518561e+01  6.281001e+00  1  0.6020  1.405177e+11  0.000000e+00  0.000000e+00  3.446935e-01  3.086143e+01  1.409000e-01  2  0.6020  1.799870e+01  0.000000e+00  0.000000e+00  7.172621e-02 -4.156429e+01  0.000000e+00 
1  1.290929e+01  2.329504e+01  2.013000e+03  2.257421e-02 0  2.883053e-01  2.329504e+01 2   6.5114  5.818088e-03  7.795686e-02  0  1.8230  1.602156e+10  0.000000e+00  0.000000e+00  1.715598e-01  7.202398e+01  2.556152e+01  1  1.8230  1.514331e+07  0.000000e+00  0.000000e+00  3.238087e-01  1.220126e+02  6.744319e-02  2  1.8230  1.924940e+11  7.385860e-01  4.012964e+00  2.261400e-01 -5.747193e+01  3.786064e+00  3  1.8230  1.057374e+09  7.385860e-01  4.012964e+00  2.275967e-01 -6.611934e+01  6.484347e-02  4  1.8230  6.511400e+00  0.000000e+00  0.000000e+00  1.480334e-01 -1.609004e+02  0.000000e+00 
5  5.782934e+01  8.688588e+01  1.967000e+03  4.692685e+00 6 -1.000000e+00  1.136106e+02 3  18.4327 -1.445769e+00  6.313966e-03 -1 -1.0000 -1.000000e+00 -1.000000e+00 -1.000000e+00 -1.000000e+00 -1.000000e+00 -1.000000e+00 -1 -1.0000 -1.000000e+00 -1.000000e+00 -1.000000e+00 -1.000000e+00 -1.000000e+00 -1.000000e+00  0  0.5210  8.227915e+13  0.000000e+00  0.000000e+00  4.333812e-01  4.276480e+01  6.197913e+00  1  0.5210  4.907948e+11  0.000000e+00  0.000000e+00  2.695483e-01  7.134992e+01  4.557907e-01  2  0.5210  1.843270e+01  0.000000e+00  0.000000e+00  2.077202e-01  6.117254e+01  0.000000e+00 
3  2.937541e+01  2.102212e+01  7.505000e+03  9.213510e-01 6 -1.000000e+00  4.024727e+01 1  14.5778  5.409448e-01 -4.534233e-02 -1 -1.0000 -1.000000e+00 -1.000000e+00 -1.000000e+00 -1.000000e+00 -1.000000e+00 -1.000000e+00 -1 -1.0000 -1.000000e+00 -1.000000e+00 -1.000000e+00 -1.000000e+00 -1.000000e+00 -1.000000e+00  0  0.8130  4.192199e+12  0.000000e+00  0.000000e+00  2.163784e-01  5.822535e+01  5.123343e+00  1  0.8130  6.649947e+10  0.000000e+00  0.000000e+00  3.665236e-01  8.708932e+01  1.005425e-01  2  0.8130  1.457780e+01  0.000000e+00  0.000000e+00  2.291241e-01  1.466058e+00  0.000000e+00 
3  2.812776e+01  1.526971e+01  7.409000e+03  4.230530e-01 6 -1.000000e+00  3.727878e+01 1  17.4642 -4.130526e-01  1.426790e-01 -1 -1.0000 -1.000000e+00 -1.000000e+00 -1.000000e+00 -1.000000e+00 -1.000000e+00 -1.000000e+00 -1 -1.0000 -1.000000e+00 -1.000000e+00 -1.000000e+00 -1.000000e+00 -1.000000e+00 -1.000000e+00  0  1.5240  1.152836e+12  0.000000e+00  0.000000e+00  7.852585e-02 -2.617435e+01  7.874607e+00  1  1.5240  2.883360e+10  0.000000e+00  0.000000e+00  4.360732e-01 -1.419885e+01  4.085082e-02  2  1.5240  1.746420e+01  0.000000e+00  0.000000e+00  1.713800e-01 -1.724108e+02  0.000000e+00 
3  1.400507e+01  1.532494e+01  2.286000e+03  3.087354e-01 6 -1.000000e+00  1.819854e+01 1   9.7860  1.619068e-01  3.948200e-02 -1 -1.0000 -1.000000e+00 -1.000000e+00 -1.000000e+00 -1.000000e+00 -1.000000e+00 -1.000000e+00 -1 -1.0000 -1.000000e+00 -1.000000e+00 -1.000000e+00 -1.000000e+00 -1.000000e+00 -1.000000e+00  0  0.5000  7.248920e+11  0.000000e+00  0.000000e+00  3.217768e-01 -3.462070e+01  4.346959e+00  1  0.5000  2.024054e+10  0.000000e+00  0.000000e+00  1.431516e-01 -3.312483e+01  1.428598e-01  2  0.5000  9.786030e+00  0.000000e+00  0.000000e+00  1.178317e-01  9.857994e+00  0.000000e+00 
3  7.537991e+01  9.482889e+01  6.834000e+03  7.341918e-01 6  2.815417e-01  1.161713e+02 1  16.7311 -4.447152e-01  2.507688e-01  0  1.0230  8.541756e+11  0.000000e+00  0.000000e+00  2.682624e-02 -6.285978e+01  2.082839e+01  1  1.0230  2.731121e+10  0.000000e+00  0.000000e+00  4.813296e-01 -1.705546e+00  5.273188e-02  2  1.0230  3.149354e+12 -6.545316e+00  5.889822e+00  2.501244e-01  3.510144e+01  5.728007e+00  3  1.0230  8.494344e+10 -6.545316e+00  5.889822e+00  5.630660e-01 -5.548081e+00  6.034961e-02  4  1.0230  1.673110e+01  0.000000e+00  0.000000e+00  1.453674e-01 -3.331443e+01  0.000000e+00 
1  2.851089e+01  5.576060e+01  9.411000e+03  3.184275e+00 0 -1.000000e+00  5.576060e+01 2  14.7434 -9.275980e-01 -5.334394e+00 -1 -1.0000 -1.000000e+00 -1.000000e+00 -1.000000e+00 -1.000000e+00 -1.000000e+00 -1.000000e+00 -1 -1.0000 -1.000000e+00 -1.000000e+00 -1.000000e+00 -1.000000e+00 -1.000000e+00 -1.000000e+00  0  1.1090  8.201272e+13  0.000000e+00  0.000000e+00  2.951582e-01 -4.738055e+01  3.588841e+00  1  1.1090  1.951214e+11  0.000000e+00  0.000000e+00  3.614309e-01  2.177317e+01  1.320490e-01  2  1.1090  1.474340e+01  0.000000e+00  0.000000e+00  1.761276e-01  1.779504e+02  0.000000e+00 
1  1.005963e+02  2.306399e+02  9.699000e+03  8.160903e+00 0  2.730247e-01  2.306399e+02 2  15.4557  1.609025e+00  2.335673e+00  0  1.0350  1.129250e+14  0.000000e+00  0.000000e+00  4.665254e-01  6.660211e+00  6.870851e+00  1  1.0350  1.591431e+11  0.000000e+00  0.000000e+00  2.768845e-01 -1.831780e+01  8.634519e-02  2  1.0350  2.633334e+14  8.316616e+00  1.252028e+02  3.470028e-01  7.307246e+00  3.163969e+00  3  1.0350  2.954871e+11  8.316616e+00  1.252028e+02  3.594023e-01 -3.455255e+01  4.438203e-01  4  1.0350  1.545570e+01  0.000000e+00  0.000000e+00  8.545209e-03 -1.357850e+02  0.000000e+00 
3  1.818378e+01  8.794814e+00  4.105000e+03  1.902324e-01 6 -1.000000e+00  2.448376e+01 1  10.1165 -3.239007e-02 -1.764222e-01 -1 -1.0000 -1.000000e+00 -1.000000e+00 -1.000000e+00 -1.000000e+00 -1.000000e+00 -1.000000e+00 -1 -1.0000 -1.000000e+00 -1.000000e+00 -1.000000e+00 -1.000000e+00 -1.000000e+00 -1.000000e+00  0  1.1470  4.695730e+11  0.000000e+00  0.000000e+00  2.950705e-01  1.568031e+02  3.945262e+00  1  1.1470  1.000145e+10  0.000000e+00  0.000000e+00  1.200495e-01  1.590621e+02  4.974513e-02  2  1.1470  1.011650e+01  0.000000e+00  0.000000e+00  1.043058e-01  4.604083e+01  0.000000e+00 
1  6.961052e+01  1.252475e+02  1.968000e+03  5.033737e-02 0  2.850203e-01  1.252475e+02 2  17.1402  2.045575e-02  4.539000e-02  0  1.5350  3.100902e+10  0.000000e+00  0.000000e+00  1.122195e-01  1.321534e+02  2.102655e+01  1  1.5350  5.416127e+07  0.000000e+00  0.000000e+00  2.394133e-01  1.488051e+02  3.510387e-02  2  1.5350  2.327244e+11  7.377149e-01  3.866632e-01  4.952661e-01 -5.075179e+01  4.321140e+00  3  1.5350  1.372304e+09  7.377149e-01  3.866632e-01  3.370794e-01 -3.642622e+01  4.496889e-02  4  1.5350  1.714020e+01  0.000000e+00  0.000000e+00  1.182016e-01 -1.010138e+02  0.000000e+00 
5  1.621158e+01  2.690152e+01  7.895000e+03  6.850440e-01 6  2.701261e-01  3.592117e+01 3   6.0810 -6.735787e-01  7.208054e-01  0  2.3190  2.415848e+12  0.000000e+00  0.000000e+00  2.587218e-01 -1.795017e+02  1.009111e+01  1  2.3190  6.383648e+10  0.000000e+00  0.000000e+00  3.452412e-01 -1.975248e+02  6.933390e-02  2  2.3190  6.080782e+12 -7.279600e+00  7.284969e+00  3.025180e-01  2.634006e+01  6.318466e+00  3  2.3190  7.284171e+10 -7.279600e+00  7.284969e+00  5.005859e-01  3.909122e+01  3.202109e-02  4  2.3190  6.081000e+00  0.000000e+00  0.000000e+00  1.322852e-01  3.499218e+01  0.000000e+00 
3  6.484993e+01  4.252551e+01  5.698000e+03  1.421817e+00 6 -1.000000e+00  9.691449e+01 1  15.9423  9.792051e-01  4.938654e-01 -1 -1.0000 -1.000000e+00 -1.000000e+00 -1.000000e+00 -1.000000e+00 -1.000000e+00 -1.000000e+00 -1 -1.0000 -1.000000e+00 -1.000000e+00 -1.000000e+00 -1.000000e+00 -1.000000e+00 -1.000000e+00  0  1.0980  3.836059e+13  0.000000e+00  0.000000e+00  4.424665e-01  1.629737e+02  2.593020e+00  1  1.0980  2.363507e+11  0.000000e+00  0.000000e+00  2.272342e-01  1.794839e+02  1.744007e-01  2  1.0980  1.594230e+01  0.000000e+00  0.000000e+00  1.641066e-01 -1.638575e+02  0.000000e+00 
1  3.657079e+01  6.402683e+01  6.840000e+02  1.489993e+00 0 -1.000000e+00  6.402683e+01 2  16.7216  1.662028e+00 -1.867818e+00 -1 -1.0000 -1.000000e+00 -1.000000e+00 -1.000000e+00 -1.000000e+00 -1.000000e+00 -1.000000e+00 -1 -1.0000 -1.000000e+00 -1.000000e+00 -1.000000e+00 -1.000000e+00 -1.000000e+00 -1.000000e+00  0  2.8470  1.062555e+13  0.000000e+00  0.000000e+00  1.921734e-01  4.683756e+01  5.011453e+00  1  2.8470  9.953651e+10  0.000000e+00  0.000000e+00  3.419043e-01 -7.313288e+00  5.850613e-02  2  2.8470  1.672160e+01  0.000000e+00  0.000000e+00  1.318303e-01  4.140841e+01  0.000000e+00 
1  3.617156e+01  6.904105e+01  2.627000e+03  4.459303e+00 0  2.709050e-01  6.904105e+01 2  10.6648  3.829153e+00 -9.847264e+00  0  0.9920  4.500610e+13  0.000000e+00  0.000000e+00  3.272377e-01  1.172212e+02  6.574107e+00  1  0.9920  1.389717e+11  0.000000e+00  0.000000e+00  3.405979e-01  1.656145e+02  1.347967e-01  2  0.9920  1.851126e+14  2.864999e+01 -2.236919e+01  2.906613e-01 -6.534232e+01  3.790594e+00  3  0.9920  4.037194e+11  2.864999e+01 -2.236919e+01  1.686340e-01 -4.543729e+01  3.998704e-01  4  0.9920  1.066480e+01  0.000000e+00  0.000000e+00  2.101674e-01  1.203949e+02  0.000000e+00 
3  6.763017e+01  8.757306e+01  5.543000e+03  8.987849e-01 6 -1.000000e+00  9.307753e+01 1   7.5762 -4.074203e-01 -2.904389e-01 -1 -1.0000 -1.000000e+00 -1.000000e+00 -1.000000e+00 -1.000000e+00 -1.000000e+00 -1.000000e+00 -1 -1.0000 -1.000000e+00 -1.000000e+00 -1.000000e+00 -1.000000e+00 -1.000000e+00 -1.000000e+00  0  1.1690  3.320085e+12  0.000000e+00  0.000000e+00  1.944285e-01  8.403841e+01  7.123795e+00  1  1.1690  8.913423e+10  0.000000e+00  0.000000e+00  3.154632e-01  5.709868e+01  1.230638e-01  2  1.1690  7.576180e+00  0.000000e+00  0.000000e+00  2.352649e-01  2.139117e+01  0.000000e+00 
3  1.476970e+02  9.222233e+01  2.662000e+03  6.503718e-01 6 -1.000000e+00  2.440813e+02 1  15.9407 -3.624917e-01  1.234600e-01 -1 -1.0000 -1.000000e+00 -1.000000e+00 -1.000000e+00 -1.000000e+00 -1.000000e+00 -1.000000e+00 -1 -1.0000 -1.000000e+00 -1.000000e+00 -1.000000e+00 -1.000000e+00 -1.000000e+00 -1.000000e+00  0  1.2790  2.720688e+12  0.000000e+00  0.000000e+00  3.550546e-01 -1.339554e+02  4.900386e+00  1  1.2790  6.185623e+10  0.000000e+00  0.000000e+00  1.441573e-02 -1.525039e+02  8.996292e-02  2  1.2790  1.594070e+01  0.000000e+00  0.000000e+00  6.347326e-02  4.605211e+01  0.000000e+00 
1  1.722687e+02  3.488948e+02  2.543000e+03  2.336056e+00 0  2.730392e-01  3.488948e+02 2  14.7662 -1.505705e+00 -9.546325e-01  0  1.3310  9.012643e+12  0.000000e+00  0.000000e+00  3.392662e-01  1.152641e+02  1.095010e+01  1  1.3310  5.555412e+10  0.000000e+00  0.000000e+00  2.480814e-01  1.732873e+02  2.447038e-02  2  1.3310  2.237827e+13  3.357194e+00 -1.100160e+01  2.367949e-01  1.172289e+02  3.392970e+00  3  1.3310  9.422635e+10  3.357194e+00 -1.100160e+01  1.727840e-01  1.467660e+02  3.314280e-02  4  1.3310  1.476620e+01  0.000000e+00  0.000000e+00  2.520720e-01 -1.315901e+02  0.000000e+00 
1  5.806945e+01  1.182721e+02  5.622000e+03  2.122482e-01 0  2.829244e-01  1.182721e+02 2  15.9452  3.117983e-01 -1.263496e-01  0  1.6330  1.346038e+11  0.000000e+00  0.000000e+00  1.160734e-01  1.136962e+02  2.167034e+01  1  1.6330  8.179850e+08  0.000000e+00  0.000000e+00  3.281644e-01  1.327132e+02  3.325654e-02  2  1.6330  1.362599e+12  1.537005e+00 -1.377986e+00  3.717675e-01 -1.287781e+02  3.413630e+00  3  1.6330  2.363932e+10  1.537005e+00 -1.377986e+00  7.740154e-02 -1.322756e+02  4.475120e-02  4  1.6330  1.594520e+01  0.000000e+00  0.000000e+00  1.242632e-01  1.378895e+02  0.000000e+00 
3  3.680767e+01  5.246422e+00  7.450000e+02  7.300551e-01 6 -1.000000e+00  6.926162e+01 2  17.4587  1.127588e+00 -4.682214e-02 -1 -1.0000 -1.000000e+00 -1.000000e+00 -1.000000e+00 -1.000000e+00 -1.000000e+00 -1.000000e+00 -1 -1.0000 -1.000000e+00 -1.000000e+00 -1.000000e+00 -1.000000e+00 -1.000000e+00 -1.000000e+00  0  1.9280  6.163729e+12  0.000000e+00  0.000000e+00  3.346416e-01 -8.778253e+01  2.670635e+00  1  1.9280  7.301408e+10  0.000000e+00  0.000000e+00  3.293010e-01 -4.691669e+01  3.514558e-02  2  1.9280  1.745870e+01  0.000000e+00  0.000000e+00  1.733509e-01 -8.718946e+01  0.000000e+00 
3  3.667366e+01  4.569362e+01  6.340000e+02  2.189451e-01 6 -1.000000e+00  4.595303e+01 1  13.8615  3.681580e-02 -1.040200e-01 -1 -1.0000 -1.000000e+00 -1.000000e+00 -1.000000e+00 -1.000000e+00 -1.000000e+00 -1.000000e+00 -1 -1.0000 -1.000000e+00 -1.000000e+00 -1.000000e+00 -1.000000e+00 -1.000000e+00 -1.000000e+00  0  2.1850  5.172028e+11  0.000000e+00  0.000000e+00  6.599577e-01 -6.925110e+01  3.963087e+00  1  2.1850  6.157379e+09  0.000000e+00  0.000000e+00  4.543501e-01 -8.680089e+01  2.283688e-02  2  2.1850  1.386150e+01  0.000000e+00  0.000000e+00  5.810503e-02 -5.977650e+01  0.000000e+00 
3  1.609872e+01  9.845239e+00  8.340000e+03  1.283132e+00 6 -1.000000e+00  2.213256e+01 1  10.6484  6.785527e-01 -2.527771e-01 -1 -1.0000 -1.000000e+00 -1.000000e+00 -1.000000e+00 -1.000000e+00 -1.000000e+00 -1.000000e+00 -1 -1.0000 -1.000000e+00 -1.000000e+00 -1.000000e+00 -1.000000e+00 -1.000000e+00 -1.000000e+00  0  0.1910  8.353135e+12  0.000000e+00  0.000000e+00  2.974540e-01  7.031734e+01  3.478994e+00  1  0.1910  1.215292e+11  0.000000e+00  0.000000e+00  4.100266e-01  6.829715e+01  5.739138e-01  2  0.1910  1.064840e+01  0.000000e+00  0.000000e+00  1.533527e-01  2.148854e+01  0.000000e+00 
1  1.528041e+02  2.745932e+02  3.525000e+03  2.972041e+00 0 -1.000000e+00  2.745932e+02 2  10.9250 -5.201619e+00 -6.562279e+00 -1 -1.0000 -1.000000e+00 -1.000000e+00 -1.000000e+00 -1.000000e+00 -1.000000e+00 -1.000000e+00 -1 -1.0000 -1.000000e+00 -1.000000e+00 -1.000000e+00 -1.000000e+00 -1.000000e+00 -1.000000e+00  0  0.3400  7.653724e+13  0.000000e+00  0.000000e+00  3.662987e-01 -2.385081e+01  5.291045e+00  1  0.3400  4.552527e+11  0.000000e+00  0.000000e+00  9.199846e-03 -6.012717e+01  7.781111e-01  2  0.3400  1.092500e+01  0.000000e+00  0.000000e+00  2.371964e-01  1.435048e+02  0.000000e+00 
3  9.215959e+01  6.893613e+01  9.700000e+03  4.315984e-01 6 -1.000000e+00  1.179270e+02 1  17.9889 -6.493332e-02  3.613326e-01 -1 -1.0000 -1.000000e+00 -1.000000e+00 -1.000000e+00 -1.000000e+00 -1.000000e+00 -1.000000e+00 -1 -1.0000 -1.000000e+00 -1.000000e+00 -1.000000e+00 -1.000000e+00 -1.000000e+00 -1.000000e+00  0  0.3510  6.129975e+11  0.000000e+00  0.000000e+00  3.820087e-01  2.564270e+00  5.945758e+00  1  0.3510  3.339824e+10  0.000000e+00  0.000000e+00  2.712712e-01  4.266817e+01  2.406702e-01  2  0.3510  1.798890e+01  0.000000e+00  0.000000e+00  1.246372e-01  1.130992e+02  0.000000e+00 
3  8.133795e+01  5.076290e+01  5.314000e+03  1.287435e+00 6 -1.000000e+00  1.481070e+02 3  10.7815  2.190516e-01 -9.939355e-01 -1 -1.0000 -1.000000e+00 -1.000000e+00 -1.000000e+00 -1.000000e+00 -1.000000e+00 -1.000000e+00 -1 -1.0000 -1.000000e+00 -1.000000e+00 -1.000000e+00 -1.000000e+00 -1.000000e+00 -1.000000e+00  0  0.5580  1.202733e+13  0.000000e+00  0.000000e+00  2.645252e-01 -1.779482e+02  6.278944e+00  1  0.5580  1.845066e+11  0.000000e+00  0.000000e+00  3.836949e-01 -1.430036e+02  3.864643e-01  2  0.5580  1.078150e+01  0.000000e+00  0.000000e+00  4.934737e-02 -9.778351e+01  0.000000e+00 
3  1.601591e+01  1.034704e+01  5.419000e+03  5.202540e-01 6 -1.000000e+00  2.212629e+01 1  15.1529 -1.516137e-01  2.667355e-01 -1 -1.0000 -1.000000e+00 -1.000000e+00 -1.000000e+00 -1.000000e+00 -1.000000e+00 -1.000000e+00 -1 -1.0000 -1.000000e+00 -1.000000e+00 -1.000000e+00 -1.000000e+00 -1.000000e+00 -1.000000e+00  0  0.7100  8.121013e+11  0.000000e+00  0.000000e+00  3.176406e-01 -1.650725e+02  1.329352e+01  1  0.7100  3.592479e+10  0.000000e+00  0.000000e+00  2.809291e-01 -1.653421e+02  9.519135e-02  2  0.7100  1.515290e+01  0.000000e+00  0.000000e+00  1.817656e-01 -1.583770e+01  0.000000e+00 
3  2.816123e+01  3.864844e+01  6.733000e+03  1.827448e+00 6 -1.000000e+00  4.419172e+01 1   7.4742  1.677118e-02  6.084976e-01 -1 -1.0000 -1.000000e+00 -1.000000e+00 -1.000000e+00 -1.000000e+00 -1.000000e+00 -1.000000e+00 -1 -1.0000 -1.000000e+00 -1.000000e+00 -1.000000e+00 -1.000000e+00 -1.000000e+00 -1.000000e+00  0  0.8090  2.216181e+13  0.000000e+00  0.000000e+00  5.207332e-01  1.137289e+02  5.701769e+00  1  0.8090  1.410708e+11  0.000000e+00  0.000000e+00  8.874390e-02  1.264387e+02  1.683621e-01  2  0.8090  7.474200e+00  0.000000e+00  0.000000e+00  6.565120e-02  6.358290e+01  0.000000e+00 
1  7.655566e+01  1.792449e+02  5.935000e+03  2.232137e+00 0 -1.000000e+00  1.792449e+02 2   8.8757  2.752981e-01  1.842449e+00 -1 -1.0000 -1.000000e+00 -1.000000e+00 -1.000000e+00 -1.000000e+00 -1.000000e+00 -1.000000e+00 -1 -1.0000 -1.000000e+00 -1.000000e+00 -1.000000e+00 -1.000000e+00 -1.000000e+00 -1.000000e+00  0  0.8120  4.640878e+13  0.000000e+00  0.000000e+00  1.219355e-01  1.740004e+02  4.802317e+00  1  0.8120  2.087190e+11  0.000000e+00  0.000000e+00  4.993534e-01  1.356799e+02  2.078290e-01  2  0.8120  8.875740e+00  0.000000e+00  0.000000e+00  1.482081e-01  1.574849e+02  0.000000e+00 
3  1.731222e+02  7.964921e+01  9.968000e+03  4.930726e-01 6 -1.000000e+00  2.161804e+02 1  13.6800 -2.668694e-01 -4.099471e-01 -1 -1.0000 -1.000000e+00 -1.000000e+00 -1.000000e+00 -1.000000e+00 -1.000000e+00 -1.000000e+00 -1 -1.0000 -1.000000e+00 -1.000000e+00 -1.000000e+00 -1.000000e+00 -1.000000e+00 -1.000000e+00  0  1.1680  1.311852e+12  0.000000e+00  0.000000e+00  3.101677e-01 -1.427046e+02  3.724825e+00  1  1.1680  4.715036e+10  0.000000e+00  0.000000e+00  2.570123e-01 -1.212343e+02  9.029469e-02  2  1.1680  1.368000e+01  0.000000e+00  0.000000e+00  9.565765e-02 -8.201153e+01  0.000000e+00 
3  1.680736e+01  2.047242e+01  2.316000e+03  9.504221e-01 6 -1.000000e+00  2.690531e+01 1  15.4556  1.475378e-04 -4.909356e-01 -1 -1.0000 -1.000000e+00 -1.000000e+00 -1.000000e+00 -1.000000e+00 -1.000000e+00 -1.000000e+00 -1 -1.0000 -1.000000e+00 -1.000000e+00 -1.000000e+00 -1.000000e+00 -1.000000e+00 -1.000000e+00  0  1.7700  9.243656e+12  0.000000e+00  0.000000e+00  4.376812e-01 -1.549521e+02  3.963625e+00  1  1.7700  1.210289e+11  0.000000e+00  0.000000e+00  3.448871e-01 -1.566900e+02  5.933387e-02  2  1.7700  1.545560e+01  0.000000e+00  0.000000e+00  2.694804e-01  9.399166e+01  0.000000e+00 
1  3.623629e+01  6.394443e+01  4.272000e+03  1.227967e-01 0 -1.000000e+00  6.394443e+01 2  11.9426 -1.527408e-01  2.300171e-01 -1 -1.0000 -1.000000e+00 -1.000000e+00 -1.000000e+00 -1.000000e+00 -1.000000e+00 -1.000000e+00 -1 -1.0000 -1.000000e+00 -1.000000e+00 -1.000000e+00 -1.000000e+00 -1.000000e+00 -1.000000e+00  0  0.3470  3.617090e+11  0.000000e+00  0.000000e+00  2.833322e-01  3.304608e+01  1.339989e+01  1  0.3470  7.302684e+09  0.000000e+00  0.000000e+00  3.194602e-01  7.424986e+00  3.267888e-01  2  0.3470  1.194260e+01  0.000000e+00  0.000000e+00  1.415054e-01  4.928459e+01  0.000000e+00 
3  8.652479e+01  6.938217e+01  5.739000e+03  3.920593e-01 6 -1.000000e+00  1.342967e+02 1  15.1536  8.494482e-02  1.665623e-01 -1 -1.0000 -1.000000e+00 -1.000000e+00 -1.000000e+00 -1.000000e+00 -1.000000e+00 -1.000000e+00 -1 -1.0000 -1.000000e+00 -1.000000e+00 -1.000000e+00 -1.000000e+00 -1.000000e+00 -1.000000e+00  0  1.7650  9.602218e+11  0.000000e+00  0.000000e+00  3.354662e-01 -5.779193e+01  8.325105e+00  1  1.7650  1.970494e+10  0.000000e+00  0.000000e+00  3.579969e-01 -3.445788e+01  7.828359e-02  2  1.7650  1.515360e+01  0.000000e+00  0.000000e+00  9.714049e-02 -8.552445e+01  0.000000e+00 
3  3.001359e+01  3.210484e+01  2.314000e+03  4.715303e-01 6 -1.000000e+00  3.781596e+01 1  10.9292 -2.994654e-01  2.353487e-01 -1 -1.0000 -1.000000e+00 -1.000000e+00 -1.000000e+00 -1.000000e+00 -1.000000e+00 -1.000000e+00 -1 -1.0000 -1.000000e+00 -1.000000e+00 -1.000000e+00 -1.000000e+00 -1.000000e+00 -1.000000e+00  0  0.3320  1.041457e+12  0.000000e+00  0.000000e+00  1.973188e-01 -6.814892e+01  7.180996e+00  1  0.3320  4.402740e+10  0.000000e+00  0.000000e+00  4.008017e-01 -3.683844e+01  3.250021e-01  2  0.3320  1.092920e+01  0.000000e+00  0.000000e+00  1.037080e-01 -1.369526e+01  0.000000e+00 
3  7.495825e+01  1.557308e+01  3.177000e+03  4.485689e-01 6 -1.000000e+00  1.462607e+02 2  15.9478 -1.923441e-01 -4.961695e-01 -1 -1.0000 -1.000000e+00 -1.000000e+00 -1.000000e+00 -1.000000e+00 -1.000000e+00 -1.000000e+00 -1 -1.0000 -1.000000e+00 -1.000000e+00 -1.000000e+00 -1.000000e+00 -1.000000e+00 -1.000000e+00  0  2.0190  1.296273e+12  0.000000e+00  0.000000e+00  2.001082e-01  1.302433e+02  3.800412e+00  1  2.0190  2.971724e+10  0.000000e+00  0.000000e+00  3.085514e-01  1.017325e+02  4.291584e-02  2  2.0190  1.594780e+01  0.000000e+00  0.000000e+00  2.632007e-01 -1.430537e+01  0.000000e+00 
3  1.637983e+01  1.238840e+01  4.407000e+03  2.482848e-01 6 -1.000000e+00  2.302435e+01 1  13.3636  1.995055e-01 -6.791313e-02 -1 -1.0000 -1.000000e+00 -1.000000e+00 -1.000000e+00 -1.000000e+00 -1.000000e+00 -1.000000e+00 -1 -1.0000 -1.000000e+00 -1.000000e+00 -1.000000e+00 -1.000000e+00 -1.000000e+00 -1.000000e+00  0  2.9870  8.989666e+11  0.000000e+00  0.000000e+00  9.773337e-02 -9.254633e+00  4.431653e+00  1  2.9870  1.542577e+10  0.000000e+00  0.000000e+00  2.761762e-01 -5.095817e+01  6.979177e-02  2  2.9870  1.336360e+01  0.000000e+00  0.000000e+00  1.364658e-01  1.390837e+02  0.000000e+00 
3  9.936422e+01  4.478272e+01  7.769000e+03  8.911858e-01 6  2.947441e-01  1.233217e+02 1  17.4645 -2.305609e+00 -5.573200e-01  0  0.7120  1.513519e+12  0.000000e+00  0.000000e+00  1.442036e-01 -3.277241e+01  1.565929e+01  1  0.7120  4.746799e+10  0.000000e+00  0.000000e+00  1.495429e-01 -4.580175e+01  8.026298e-02  2  0.7120  2.124694e+13 -6.669261e+01 -3.497536e+01  3.567892e-01 -9.067446e+01  3.009582e+00  3  0.7120  1.307599e+11 -6.669261e+01 -3.497536e+01  3.403013e-01 -6.199681e+01  2.097268e-01  4  0.7120  1.746450e+01  0.000000e+00  0.000000e+00  1.352799e-01  1.422575e+02  0.000000e+00 
3  5.269428e+01  2.016360e+01  4.710000e+02  3.327450e-01 6 -1.000000e+00  6.168217e+01 1   7.9811 -3.678742e-01 -7.019094e-01 -1 -1.0000 -1.000000e+00 -1.000000e+00 -1.000000e+00 -1.000000e+00 -1.000000e+00 -1.000000e+00 -1 -1.0000 -1.000000e+00 -1.000000e+00 -1.000000e+00 -1.000000e+00 -1.000000e+00 -1.000000e+00  0  0.8090  1.236613e+12  0.000000e+00  0.000000e+00  1.569351e-01 -1.182637e+02  6.236170e+00  1  0.8090  4.510620e+10  0.000000e+00  0.000000e+00  7.595009e-01 -1.456434e+02  9.189140e-02  2  0.8090  7.981080e+00  0.000000e+00  0.000000e+00  1.026920e-01 -1.155179e+02  0.000000e+00 
1  1.660022e+02  2.904880e+02  3.435000e+03  4.381333e-01 0  3.051668e-01  2.904880e+02 2   2.0744  1.815040e+00  8.799088e-01  0  0.8290  4.935800e+11  0.000000e+00  0.000000e+00  2.572059e-01  1.570521e+02  2.436826e+01  1  0.8290  1.730987e+10  0.000000e+00  0.000000e+00  2.661449e-01  1.853806e+02  7.004472e-02  2  0.8290  2.324706e+13  4.119161e+00  1.953577e+00  1.065526e-01  1.011654e+02  4.212202e+00  3  0.8290  1.123699e+11  4.119161e+00  1.953577e+00  4.652308e-01  7.438169e+01  1.885555e-01  4  0.8290  2.074380e+00  0.000000e+00  0.000000e+00  8.503416e-02  7.284585e+01  0.000000e+00 
5  1.146735e+01  2.255503e+01  5.620000e+02  5.554931e+00 6 -1.000000e+00  2.584166e+01 3  17.4606 -8.368763e-01  1.589420e+00 -1 -1.0000 -1.000000e+00 -1.000000e+00 -1.000000e+00 -1.000000e+00 -1.000000e+00 -1.000000e+00 -1 -1.0000 -1.000000e+00 -1.000000e+00 -1.000000e+00 -1.000000e+00 -1.000000e+00 -1.000000e+00  0  1.0200  9.115055e+13  0.000000e+00  0.000000e+00  4.649927e-01  4.197330e+01  5.728357e+00  1  1.0200  2.404616e+11  0.000000e+00  0.000000e+00  2.321213e-01  3.350406e+01  1.217305e-01  2  1.0200  1.746060e+01  0.000000e+00  0.000000e+00  1.170057e-01  1.714994e+02  0.000000e+00 
3  2.614281e+01  3.022727e+01  9.900000e+01  9.501550e-02 6  2.870390e-01  5.292505e+01 3  18.5459 -3.360875e-01  1.233470e-01  0  1.3000  1.371336e+11  0.000000e+00  0.000000e+00  1.735045e-01 -1.748052e+02  1.399454e+01  1  1.3000  8.528681e+08  0.000000e+00  0.000000e+00  3.328318e-01 -2.009314e+02  2.389859e-02  2  1.3000  1.139438e+12 -8.946461e+00  2.402639e+00  3.568321e-01 -1.023785e+02  3.904125e+00  3  1.3000  3.031873e+10 -8.946461e+00  2.402639e+00  4.290705e-01 -1.155248e+02  9.263079e-02  4  1.3000  1.854590e+01  0.000000e+00  0.000000e+00  1.442928e-01  1.614401e+02  0.000000e+00 
2  7.827586e+00  3.340316e+00  9.249000e+03  1.118270e+00 6 -1.000000e+00  1.359358e+01 2  15.9127  7.331440e-01  1.234740e-01 -1 -1.0000 -1.000000e+00 -1.000000e+00 -1.000000e+00 -1.000000e+00 -1.000000e+00 -1.000000e+00 -1 -1.0000 -1.000000e+00 -1.000000e+00 -1.000000e+00 -1.000000e+00 -1.000000e+00 -1.000000e+00  0  1.4050  4.216936e+12  0.000000e+00  0.000000e+00  6.844196e-02 -1.024688e+02  5.226128e+00  1  1.4050  9.419952e+10  0.000000e+00  0.000000e+00  4.333547e-01 -7.631781e+01  3.284166e-02  2  1.4050  1.591270e+01  0.000000e+00  0.000000e+00  6.348613e-02  9.260655e+01  0.000000e+00 
4  1.029579e+02  2.305425e+02  3.672000e+03  1.115215e+00 6 -1.000000e+00  4.630684e+02 3   9.8821  2.955491e-01  8.534231e-02 -1 -1.0000 -1.000000e+00 -1.000000e+00 -1.000000e+00 -1.000000e+00 -1.000000e+00 -1.000000e+00 -1 -1.0000 -1.000000e+00 -1.000000e+00 -1.000000e+00 -1.000000e+00 -1.000000e+00 -1.000000e+00  0  2.0120  5.720471e+12  0.000000e+00  0.000000e+00  3.951186e-01 -1.340308e+02  6.529165e+00  1  2.0120  7.231590e+10  0.000000e+00  0.000000e+00  4.194964e-01 -1.032792e+02  5.343257e-02  2  2.0120  9.882070e+00  0.000000e+00  0.000000e+00  2.103225e-01  1.719515e+02  0.000000e+00 
2  2.674264e+01  1.417128e+01  5.409000e+03  8.727729e-01 6  2.714159e-01  4.302112e+01 1  15.4565  1.206485e+00  7.122420e-01  0  2.0470  2.076111e+12  0.000000e+00  0.000000e+00  1.805001e-01 -1.655616e+02  7.682244e+00  1  2.0470  6.268065e+10  0.000000e+00  0.000000e+00  8.294539e-02 -1.303580e+02  3.402013e-02  2  2.0470  4.509351e+12  4.812420e+00  1.125381e+00  4.209740e-01 -1.417888e+02  2.536364e+00  3  2.0470  6.052321e+10  4.812420e+00  1.125381e+00  1.501825e-01 -8.198173e+01  5.626407e-02  4  2.0470  1.545650e+01  0.000000e+00  0.000000e+00  3.012516e-01  1.684463e+02  0.000000e+00 
5  6.418719e+01  1.267191e+02  4.090000e+03  6.818979e-01 6  2.900430e-01  2.355178e+02 3  16.1152  2.200257e-01 -8.619551e-01  0  0.9600  5.413201e+11  0.000000e+00  0.000000e+00  1.900338e-01 -1.770316e+02  3.284692e+01  1  0.9600  1.552114e+10  0.000000e+00  0.000000e+00  1.872459e-01 -1.428817e+02  7.645876e-02  2  0.9600  4.829983e+12  6.239195e+00 -9.570702e+00  2.562593e-01  6.605756e+01  3.750113e+00  3  0.9600  1.096068e+11  6.239195e+00 -9.570702e+00  2.211651e-01  1.631706e+02  8.511035e-02  4  0.9600  1.611520e+01  0.000000e+00  0.000000e+00  1.847883e-01  1.618691e+02  0.000000e+00 
1  6.385679e+01  1.251541e+02  4.486000e+03  1.314768e+00 0 -1.000000e+00  1.251541e+02 2  10.9224 -3.314950e-01  9.228135e-01 -1 -1.0000 -1.000000e+00 -1.000000e+00 -1.000000e+00 -1.000000e+00 -1.000000e+00 -1.000000e+00 -1 -1.0000 -1.000000e+00 -1.000000e+00 -1.000000e+00 -1.000000e+00 -1.000000e+00 -1.000000e+00  0  0.5840  1.632968e+13  0.000000e+00  0.000000e+00  3.714834e-01  2.654297e+01  7.664575e+00  1  0.5840  1.099008e+11  0.000000e+00  0.000000e+00  5.548767e-01  2.951281e+01  3.044737e-01  2  0.5840  1.092240e+01  0.000000e+00  0.000000e+00  8.735022e-02 -1.401627e+02  0.000000e+00 
3  2.418668e+01  2.486778e+01  2.133000e+03  6.618479e-01 6  2.788862e-01  3.462941e+01 1   7.9836  3.316292e-03  8.709229e-01  0  0.8510  1.422492e+12  0.000000e+00  0.000000e+00  1.432400e-01 -2.194237e+01  1.377542e+01  1  0.8510  3.759483e+10  0.000000e+00  0.000000e+00  3.812762e-01 -4.294961e+00  5.790097e-02  2  0.8510  3.211973e+12 -5.358032e+00  1.082513e+01  1.488094e-01 -1.785280e+02  5.978201e+00  3  0.8510  9.902912e+10 -5.358032e+00  1.082513e+01  2.575199e-01 -2.200720e+02  1.401246e-01  4  0.8510  7.983620e+00  0.000000e+00  0.000000e+00  9.561590e-02  2.132491e+01  0.000000e+00 
3  9.160454e+01  2.393845e+01  7.961000e+03  1.137473e+00 6  2.783726e-01  1.636745e+02 2  10.6436  1.263356e+00  1.171769e+00  0  1.2070  1.453560e+12  0.000000e+00  0.000000e+00  4.277506e-01  1.368026e+02  2.593095e+01  1  1.2070  6.281747e+10  0.000000e+00  0.000000e+00  3.643488e-01  1.157193e+02  7.041228e-02  2  1.2070  5.120574e+12  1.198316e+01  3.383757e+01  2.183072e-01 -5.056004e+00  8.739052e+00  3  1.2070  1.042158e+11  1.198316e+01  3.383757e+01  3.395982e-01 -2.982598e+01  1.027079e-01  4  1.2070  1.064360e+01  0.000000e+00  0.000000e+00  1.407486e-01 -9.123271e+01  0.000000e+00 
4  1.137208e+01  1.996496e+01  8.236000e+03  1.044564e+00 6 -1.000000e+00  2.579104e+01 3  16.7282  1.655282e-01  6.491678e-03 -1 -1.0000 -1.000000e+00 -1.000000e+00 -1.000000e+00 -1.000000e+00 -1.000000e+00 -1.000000e+00 -1 -1.0000 -1.000000e+00 -1.000000e+00 -1.000000e+00 -1.000000e+00 -1.000000e+00 -1.000000e+00  0  1.6130  3.398185e+12  0.000000e+00  0.000000e+00  3.603541e-01  9.725325e+01  6.302724e+00  1  1.6130  8.366027e+10  0.000000e+00  0.000000e+00  1.710545e-01  1.135163e+02  3.461221e-02  2  1.6130  1.672820e+01  0.000000e+00  0.000000e+00  9.525166e-02 -5.300116e+01  0.000000e+00 
2  1.717105e+02  1.464999e+02  5.710000e+02  1.391728e+00 6 -1.000000e+00  2.733944e+02 1  10.6631  1.150868e-01 -6.857703e-01 -1 -1.0000 -1.000000e+00 -1.000000e+00 -1.000000e+00 -1.000000e+00 -1.000000e+00 -1.000000e+00 -1 -1.0000 -1.000000e+00 -1.000000e+00 -1.000000e+00 -1.000000e+00 -1.000000e+00 -1.000000e+00  0  1.8760  1.133022e+13  0.000000e+00  0.000000e+00  2.532210e-01  7.183129e+01  5.112154e+00  1  1.8760  9.086176e+10  0.000000e+00  0.000000e+00  2.214327e-01  5.055714e+01  4.173587e-02  2  1.8760  1.066310e+01  0.000000e+00  0.000000e+00  6.142174e-02  7.938848e+01  0.000000e+00 
3  7.187897e+01  2.315070e+01  7.247000e+03  2.725567e-01 6 -1.000000e+00  1.352377e+02 2  17.7804 -2.187818e-01  2.692483e-01 -1 -1.0000 -1.000000e+00 -1.000000e+00 -1.000000e+00 -1.000000e+00 -1.000000e+00 -1.000000e+00 -1 -1.0000 -1.000000e+00 -1.000000e+00 -1.000000e+00 -1.000000e+00 -1.000000e+00 -1.000000e+00  0  2.0180  1.008158e+12  0.000000e+00  0.000000e+00  3.671994e-01 -2.180613e+00  6.469687e+00  1  2.0180  2.018842e+10  0.000000e+00  0.000000e+00  5.900763e-01  7.175255e+00  3.818848e-02  2  2.0180  1.778040e+01  0.000000e+00  0.000000e+00  1.803548e-01 -1.333542e+02  0.000000e+00 
1  1.087783e+01  1.894063e+01  2.495000e+03  2.102630e-01 0  2.774192e-01  1.894063e+01 2  17.1290  4.869990e-01  1.171640e-01  0  2.1140  1.494079e+11  0.000000e+00  0.000000e+00  9.938773e-02  1.786321e+02  2.036123e+01  1  2.1140  7.850138e+08  0.000000e+00  0.000000e+00  4.064064e-01  2.039351e+02  4.994656e-02  2  2.1140  1.589905e+12  3.187977e+00  5.693543e-02  1.262836e-01 -2.369456e+01  2.795952e+00  3  2.1140  3.124078e+10  3.187977e+00  5.693543e-02  3.714187e-01 -1.488368e+01  1.161709e-01  4  2.1140  1.712900e+01  0.000000e+00  0.000000e+00  1.772027e-01  1.840817e+01  0.000000e+00 
1  4.607282e+01  1.198501e+02  9.740000e+02  2.244748e-01 0 -1.000000e+00  1.198501e+02 2   8.2518 -1.537175e-01  1.062991e-02 -1 -1.0000 -1.000000e+00 -1.000000e+00 -1.000000e+00 -1.000000e+00 -1.000000e+00 -1.000000e+00 -1 -1.0000 -1.000000e+00 -1.000000e+00 -1.000000e+00 -1.000000e+00 -1.000000e+00 -1.000000e+00  0  2.4050  7.861574e+11  0.000000e+00  0.000000e+00  9.966838e-04  2.314767e+01  7.320604e+00  1  2.4050  8.390070e+09  0.000000e+00  0.000000e+00  4.405245e-01  5.512178e+01  4.806210e-02  2  2.4050  8.251830e+00  0.000000e+00  0.000000e+00  1.806486e-01 -9.736463e+01  0.000000e+00 
2  2.385888e+01  2.042290e+01  7.156000e+03  9.769403e-01 6  2.702357e-01  4.040369e+01 1   8.4221  8.642434e-01 -6.813220e-01  0  2.4440  1.686530e+12  0.000000e+00  0.000000e+00  2.737941e-01 -6.881920e+01  1.188412e+01  1  2.4440  6.425510e+10  0.000000e+00  0.000000e+00  5.106846e-01 -9.806074e+01  6.054667e-03  2  2.4440  3.838265e+12  5.920738e+00 -2.882611e+00  1.528543e-01 -8.133842e+01  4.114872e+00  3  2.4440  6.363035e+10  5.920738e+00 -2.882611e+00  6.567586e-02 -3.543713e+01  4.394900e-02  4  2.4440  8.422110e+00  0.000000e+00  0.000000e+00  1.396042e-01  4.065665e+01  0.000000e+00 
3  2.344289e+02  2.255449e+02  9.860000e+03  8.977217e-01 6  2.886804e-01  3.234237e+02 1  13.3511 -4.019775e-01  1.634585e+00  0  0.9040  1.413498e+12  0.000000e+00  0.000000e+00  2.538490e-01  6.009092e+01  1.422690e+01  1  0.9040  4.862118e+10  0.000000e+00  0.000000e+00  3.737851e-01  4.890282e+01  1.222813e-01  2  0.9040  1.400149e+13 -1.708676e+00  1.173158e+01  1.746315e-01 -1.748694e+02  5.007853e+00  3  0.9040  1.090476e+11 -1.708676e+00  1.173158e+01  2.182676e-01 -1.801412e+02  7.367243e-02  4  0.9040  1.335110e+01  0.000000e+00  0.000000e+00  2.427352e-01 -1.249660e+02  0.000000e+00 
1  1.027566e+02  2.034084e+02  8.693000e+03  7.983895e-02 0  2.872089e-01  2.034084e+02 2   9.4789  1.923914e-01  5.523981e-02  0  1.2760  9.967239e+10  0.000000e+00  0.000000e+00  4.114594e-01 -3.715261e+01  1.596388e+01  1  1.2760  6.583702e+08  0.000000e+00  0.000000e+00  4.010630e-02 -1.400769e+01  6.193245e-02  2  1.2760  8.093302e+11  1.602786e+00  1.144840e+00  2.316713e-01 -9.561862e+00  3.777522e+00  3  1.2760  2.469828e+10  1.602786e+00  1.144840e+00  3.013021e-01 -3.132262e+01  1.027210e-01  4  1.2760  9.478860e+00  0.000000e+00  0.000000e+00  4.373871e-02  1.395784e+02  0.000000e+00 
2  7.211158e+01  3.761148e+01  1.965000e+03  1.461627e+00 6  2.762479e-01  9.943492e+01 1  15.9462  2.176675e+00 -6.792194e-01  0  1.4780  1.858080e+12  0.000000e+00  0.000000e+00  2.300138e-01  8.633830e+01  2.525646e+01  1  1.4780  3.596856e+10  0.000000e+00  0.000000e+00  3.016875e-01  4.902603e+01  2.596790e-02  2  1.4780  1.310925e+13  9.295601e+00 -8.744726e+00  5.320628e-01 -1.309526e+02  4.598780e+00  3  1.4780  1.181624e+11  9.295601e+00 -8.744726e+00  3.385243e-01 -6.625724e+01  3.005714e-02  4  1.4780  1.594620e+01  0.000000e+00  0.000000e+00  3.093510e-02 -4.171949e+01  0.000000e+00 
3  2.129676e+01  1.423689e+01  9.801000e+03  5.169171e-01 6  2.929761e-01  3.656645e+01 1   6.5006  1.380996e+00 -3.087902e-01  0  1.0980  5.241127e+11  0.000000e+00  0.000000e+00  1.039683e-01  1.141113e+02  1.783918e+01  1  1.0980  1.702221e+10  0.000000e+00  0.000000e+00  1.537955e-01  1.113216e+02  8.500915e-02  2  1.0980  9.168141e+12  4.331677e+00 -7.961702e-01  3.545760e-01 -1.434682e+02  4.534835e+00  3  1.0980  8.951003e+10  4.331677e+00 -7.961702e-01  3.029836e-01 -1.810803e+02  1.437822e-01  4  1.0980  6.500630e+00  0.000000e+00  0.000000e+00  1.341982e-01  3.412469e+01  0.000000e+00 
1  3.586192e+01  6.420918e+01  4.230000e+03  1.404946e+00 0 -1.000000e+00  6.420918e+01 2  17.9880  2.899452e+00  1.547574e+00 -1 -1.0000 -1.000000e+00 -1.000000e+00 -1.000000e+00 -1.000000e+00 -1.000000e+00 -1.000000e+00 -1 -1.0000 -1.000000e+00 -1.000000e+00 -1.000000e+00 -1.000000e+00 -1.000000e+00 -1.000000e+00  0  1.1650  1.766795e+13  0.000000e+00  0.000000e+00  5.196003e-01 -6.520657e+01  3.655226e+00  1  1.1650  1.205786e+11  0.000000e+00  0.000000e+00  1.171374e-01 -7.705313e+01  6.750145e-02  2  1.1650  1.798800e+01  0.000000e+00  0.000000e+00  1.776442e-01 -7.071193e+01  0.000000e+00 
2  6.051589e+01  4.610572e+01  3.715000e+03  6.439906e-01 6 -1.000000e+00  9.366288e+01 1  13.6928 -7.413215e-02 -1.991993e-01 -1 -1.0000 -1.000000e+00 -1.000000e+00 -1.000000e+00 -1.000000e+00 -1.000000e+00 -1.000000e+00 -1 -1.0000 -1.000000e+00 -1.000000e+00 -1.000000e+00 -1.000000e+00 -1.000000e+00 -1.000000e+00  0  1.8190  2.295303e+12  0.000000e+00  0.000000e+00  7.071322e-03 -1.111815e+02  3.987966e+00  1  1.8190  5.557700e+10  0.000000e+00  0.000000e+00  3.959903e-01 -6.436763e+01  2.196076e-02  2  1.8190  1.369280e+01  0.000000e+00  0.000000e+00  2.344208e-01 -1.722323e+02  0.000000e+00 
4  1.098733e+02  2.386164e+02  5.410000e+02  6.470280e-01 6 -1.000000e+00  3.236629e+02 3  18.4527 -4.311754e-02 -6.296815e-02 -1 -1.0000 -1.000000e+00 -1.000000e+00 -1.000000e+00 -1.000000e+00 -1.000000e+00 -1.000000e+00 -1 -1.0000 -1.000000e+00 -1.000000e+00 -1.000000e+00 -1.000000e+00 -1.000000e+00 -1.000000e+00  0  1.4650  2.793125e+12  0.000000e+00  0.000000e+00  1.909364e-01 -1.347379e+02  6.069259e+00  1  1.4650  6.258265e+10  0.000000e+00  0.000000e+00  4.381686e-01 -1.629294e+02  4.256495e-02  2  1.4650  1.845270e+01  0.000000e+00  0.000000e+00  1.307304e-01  1.593081e+02  0.000000e+00 
3  5.224157e+01  5.692329e+01  8.498000e+03  9.167115e-01 6 -1.000000e+00  6.547005e+01 1  10.7856 -2.389820e-02 -5.011194e-01 -1 -1.0000 -1.000000e+00 -1.000000e+00 -1.000000e+00 -1.000000e+00 -1.000000e+00 -1.000000e+00 -1 -1.0000 -1.000000e+00 -1.000000e+00 -1.000000e+00 -1.000000e+00 -1.000000e+00 -1.000000e+00  0  0.5100  2.155190e+12  0.000000e+00  0.000000e+00  2.666236e-01  1.120224e+02  6.594656e+00  1  0.5100  7.187851e+10  0.000000e+00  0.000000e+00  3.679049e-01  1.146443e+02  8.783250e-02  2  0.5100  1.078560e+01  0.000000e+00  0.000000e+00  1.355179e-01 -1.013001e+02  0.000000e+00 
3  2.283745e+02  1.142612e+02  2.203000e+03  7.981468e-01 6 -1.000000e+00  3.205286e+02 1  16.7317  2.851369e-02 -6.690745e-01 -1 -1.0000 -1.000000e+00 -1.000000e+00 -1.000000e+00 -1.000000e+00 -1.000000e+00 -1.000000e+00 -1 -1.0000 -1.000000e+00 -1.000000e+00 -1.000000e+00 -1.000000e+00 -1.000000e+00 -1.000000e+00  0  0.8460  2.120677e+12  0.000000e+00  0.000000e+00  3.309304e-01  1.416496e+02  8.128927e+00  1  0.8460  8.952694e+10  0.000000e+00  0.000000e+00  2.364572e-01  1.814666e+02  9.535150e-02  2  0.8460  1.673170e+01  0.000000e+00  0.000000e+00  8.314571e-02  1.503691e+02  0.000000e+00 
3  1.520510e+01  7.036933e+00  3.360000e+02  7.589022e-01 6 -1.000000e+00  2.156866e+01 1  11.3420 -5.096350e-01  2.546288e-01 -1 -1.0000 -1.000000e+00 -1.000000e+00 -1.000000e+00 -1.000000e+00 -1.000000e+00 -1.000000e+00 -1 -1.0000 -1.000000e+00 -1.000000e+00 -1.000000e+00 -1.000000e+00 -1.000000e+00 -1.000000e+00  0  1.3180  2.070015e+12  0.000000e+00  0.000000e+00  3.883442e-01 -1.721614e+02  5.573380e+00  1  1.3180  8.304462e+10  0.000000e+00  0.000000e+00  3.701427e-01 -1.181289e+02  5.626456e-02  2  1.3180  1.134200e+01  0.000000e+00  0.000000e+00  1.013414e-01  4.753192e+01  0.000000e+00 
2  1.621158e+01  3.700473e-01  7.895000e+03  1.082728e+00 6  2.816562e-01  8.688378e-01 1   6.0810 -1.502227e+00  3.367306e+00  0  1.3520  1.279128e+12  0.000000e+00  0.000000e+00  3.048397e-01  7.387088e+01  1.274713e+01  1  1.3520  4.676892e+10  0.000000e+00  0.000000e+00  3.229131e-01  6.318640e+01  3.430603e-02  2  1.3520  3.863157e+13 -1.150871e+00  3.983432e+00  1.077310e-01 -1.476916e+02  3.474532e+00  3  1.3520  1.769455e+11 -1.150871e+00  3.983432e+00  2.189104e-01 -1.286930e+02  7.618372e-02  4  1.3520  6.081000e+00  0.000000e+00  0.000000e+00  7.813422e-02 -1.148707e+02  0.000000e+00 
1  6.692512e+01  1.309774e+02  5.962000e+03  3.136016e-01 0  2.812665e-01  1.309774e+02 2  15.9199  3.552758e-01  6.964608e-01  0  1.7240  3.189626e+11  0.000000e+00  0.000000e+00  4.207055e-01  6.916607e+01  1.257572e+01  1  1.7240  6.310660e+09  0.000000e+00  0.000000e+00  2.540380e-01  1.019663e+02  2.101899e-02  2  1.7240  4.840162e+12  4.689071e+00  4.041283e+00  3.249992e-01  1.241777e+02  4.888671e+00  3  1.7240  5.625619e+10  4.689071e+00  4.041283e+00  4.956112e-01  1.811213e+02  9.237604e-02  4  1.7240  1.591990e+01  0.000000e+00  0.000000e+00  1.961822e-01 -1.014445e+02  0.000000e+00 
2  3.753083e+01  3.392945e+01  3.560000e+03  5.963555e-01 6  2.717645e-01  6.006705e+01 1  12.0853  7.114799e-01 -3.779112e-01  0  1.9340  1.628763e+12  0.000000e+00  0.000000e+00  5.312540e-02  7.003909e+01  6.295872e+00  1  1.9340  4.090949e+10  0.000000e+00  0.000000e+00  9.241399e-02  5.830719e+01  2.083151e-02  2  1.9340  5.777739e+12  1.086695e+01 -2.678394e+00  2.881228e-01  7.850849e+01  3.500980e+00  3  1.9340  8.245843e+10  1.086695e+01 -2.678394e+00  1.873244e-01  1.140411e+02  4.560825e-02  4  1.9340  1.208530e+01  0.000000e+00  0.000000e+00  1.030744e-01 -1.725188e+02  0.000000e+00 
3  4.253233e+02  3.166441e+02  5.220000e+03  5.858954e-01 6 -1.000000e+00  6.561592e+02 1  11.7128  1.715192e-01  3.408079e-01 -1 -1.0000 -1.000000e+00 -1.000000e+00 -1.000000e+00 -1.000000e+00 -1.000000e+00 -1.000000e+00 -1 -1.0000 -1.000000e+00 -1.000000e+00 -1.000000e+00 -1.000000e+00 -1.000000e+00 -1.000000e+00  0  2.3520  2.213237e+12  0.000000e+00  0.000000e+00  1.806775e-01  1.658710e+01  4.897067e+00  1  2.3520  7.248407e+10  0.000000e+00  0.000000e+00  2.394617e-01 -1.851796e+01  3.954242e-02  2  2.3520  1.171280e+01  0.000000e+00  0.000000e+00  3.450678e-02 -1.330680e+02  0.000000e+00 
1  8.950166e+01  1.555380e+02  3.012000e+03  8.408761e+00 0 -1.000000e+00  1.555380e+02 2  12.0957 -1.394810e+01 -1.175443e+01 -1 -1.0000 -1.000000e+00 -1.000000e+00 -1.000000e+00 -1.000000e+00 -1.000000e+00 -1.000000e+00 -1 -1.0000 -1.000000e+00 -1.000000e+00 -1.000000e+00 -1.000000e+00 -1.000000e+00 -1.000000e+00  0  0.4800  2.187308e+14  0.000000e+00  0.000000e+00  3.945016e-01 -4.833633e+01  5.846030e+00  1  0.4800  6.199764e+11  0.000000e+00  0.000000e+00  3.519341e-01 -1.208355e+02  6.993087e-01  2  0.4800  1.209570e+01  0.000000e+00  0.000000e+00  1.460181e-01  1.435880e+02  0.000000e+00 
3  9.177521e+00  1.771904e+01  6.903000e+03  4.552458e+00 6 -1.000000e+00  1.793676e+01 3  12.7083 -1.066199e+00 -5.049436e-01 -1 -1.0000 -1.000000e+00 -1.000000e+00 -1.000000e+00 -1.000000e+00 -1.000000e+00 -1.000000e+00 -1 -1.0000 -1.000000e+00 -1.000000e+00 -1.000000e+00 -1.000000e+00 -1.000000e+00 -1.000000e+00  0  0.7600  6.390755e+13  0.000000e+00  0.000000e+00  2.333832e-01 -1.272359e+02  6.736329e+00  1  0.7600  2.196893e+11  0.000000e+00  0.000000e+00  4.428063e-01 -1.644715e+02  2.006764e-01  2  0.7600  1.270830e+01  0.000000e+00  0.000000e+00  4.229371e-02  7.951913e+01  0.000000e+00 
3  1.783418e+01  1.360287e+01  1.457000e+03  6.855097e-01 6 -1.000000e+00  2.453318e+01 1  11.4763  9.652880e-02 -3.731340e-01 -1 -1.0000 -1.000000e+00 -1.000000e+00 -1.000000e+00 -1.000000e+00 -1.000000e+00 -1.000000e+00 -1 -1.0000 -1.000000e+00 -1.000000e+00 -1.000000e+00 -1.000000e+00 -1.000000e+00 -1.000000e+00  0  0.9230  1.940419e+12  0.000000e+00  0.000000e+00  2.262625e-01  1.546310e+02  6.117271e+00  1  0.9230  6.926801e+10  0.000000e+00  0.000000e+00  3.049197e-01  2.301405e+02  9.541624e-02  2  0.9230  1.147630e+01  0.000000e+00  0.000000e+00  2.234397e-01 -1.100236e+02  0.000000e+00 
1  2.370064e+01  4.375228e+01  2.608000e+03  3.149906e-01 0 -1.000000e+00  4.375228e+01 2   8.3007  2.371118e-01 -1.826843e-01 -1 -1.0000 -1.000000e+00 -1.000000e+00 -1.000000e+00 -1.000000e+00 -1.000000e+00 -1.000000e+00 -1 -1.0000 -1.000000e+00 -1.000000e+00 -1.000000e+00 -1.000000e+00 -1.000000e+00 -1.000000e+00  0  1.0550  6.283049e+11  0.000000e+00  0.000000e+00  2.618631e-01 -4.438195e+00  9.368016e+00  1  1.0550  1.541027e+10  0.000000e+00  0.000000e+00  2.265031e-01 -6.468652e+01  9.166122e-02  2  1.0550  8.300690e+00  0.000000e+00  0.000000e+00  1.959691e-01  6.136515e+01  0.000000e+00 
3  2.485201e+01  1.891494e+01  2.296000e+03  2.683333e-01 6 -1.000000e+00  3.334179e+01 1  16.9216 -1.549010e-02 -7.537772e-02 -1 -1.0000 -1.000000e+00 -1.000000e+00 -1.000000e+00 -1.000000e+00 -1.000000e+00 -1.000000e+00 -1 -1.0000 -1.000000e+00 -1.000000e+00 -1.000000e+00 -1.000000e+00 -1.000000e+00 -1.000000e+00  0  1.6850  8.138903e+11  0.000000e+00  0.000000e+00  3.942481e-01 -4.114129e+01  2.746226e+00  1  1.6850  1.298517e+10  0.000000e+00  0.000000e+00  3.054992e-01 -8.377440e+01  4.355760e-02  2  1.6850  1.692160e+01  0.000000e+00  0.000000e+00  2.029729e-01  1.316318e+02  0.000000e+00 
3  2.664988e+01  1.621319e+01  4.894000e+03  5.826231e-01 6 -1.000000e+00  4.484076e+01 1  12.6998  2.452936e-01 -2.664539e-01 -1 -1.0000 -1.000000e+00 -1.000000e+00 -1.000000e+00 -1.000000e+00 -1.000000e+00 -1.000000e+00 -1 -1.0000 -1.000000e+00 -1.000000e+00 -1.000000e+00 -1.000000e+00 -1.000000e+00 -1.000000e+00  0  0.6540  1.072864e+12  0.000000e+00  0.000000e+00  4.265737e-01  5.444156e+01  6.260466e+00  1  0.6540  4.560307e+10  0.000000e+00  0.000000e+00  3.755014e-01  7.601947e+01  2.054795e-01  2  0.6540  1.269980e+01  0.000000e+00  0.000000e+00  3.355994e-02 -1.669534e+02  0.000000e+00 
3  7.675114e+01  3.730861e+01  8.649000e+03  5.866466e-01 6 -1.000000e+00  1.008025e+02 1  10.7859  6.049259e-01 -8.247370e-02 -1 -1.0000 -1.000000e+00 -1.000000e+00 -1.000000e+00 -1.000000e+00 -1.000000e+00 -1.000000e+00 -1 -1.0000 -1.000000e+00 -1.000000e+00 -1.000000e+00 -1.000000e+00 -1.000000e+00 -1.000000e+00  0  1.0570  1.511636e+12  0.000000e+00  0.000000e+00  6.914000e-02 -2.378430e+01  7.653996e+00  1  1.0570  5.666190e+10  0.000000e+00  0.000000e+00  4.591083e-01  3.692432e+01  4.816286e-02  2  1.0570  1.078590e+01  0.000000e+00  0.000000e+00  8.653867e-02  1.463358e+02  0.000000e+00 
3  4.980782e+01  1.029826e+02  1.438000e+03  6.538601e-01 6  2.936598e-01  1.053558e+02 3   9.3555 -5.900570e-01 -1.190955e+00  0  1.1220  5.118402e+11  0.000000e+00  0.000000e+00  2.341412e-01  3.859084e+01  1.879564e+01  1  1.1220  1.905016e+10  0.000000e+00  0.000000e+00  1.717081e-01  1.052124e+02  6.414587e-02  2  1.1220  1.396265e+13 -5.638692e-01 -3.071314e+00  3.156869e-01  3.912303e+01  3.362645e+00  3  1.1220  8.558931e+10 -5.638692e-01 -3.071314e+00  1.521972e-01  7.639200e+01  7.609101e-02  4  1.1220  9.355530e+00  0.000000e+00  0.000000e+00  7.233939e-02  1.044882e+02  0.000000e+00 
3  6.126501e+01  1.422526e+01  7.073000e+03  9.803613e-01 6 -1.000000e+00  1.062460e+02 2  15.3428  1.016057e+00 -3.746222e-01 -1 -1.0000 -1.000000e+00 -1.000000e+00 -1.000000e+00 -1.000000e+00 -1.000000e+00 -1.000000e+00 -1 -1.0000 -1.000000e+00 -1.000000e+00 -1.000000e+00 -1.000000e+00 -1.000000e+00 -1.000000e+00  0  1.1750  1.133968e+13  0.000000e+00  0.000000e+00  2.236908e-01  1.567353e+02  4.941072e+00  1  1.1750  7.037133e+10  0.000000e+00  0.000000e+00  2.502430e-01  1.886908e+02  8.300056e-02  2  1.1750  1.534280e+01  0.000000e+00  0.000000e+00  1.091879e-01 -1.114992e+02  0.000000e+00 
1  4.047082e+01  7.312843e+01  1.644000e+03  2.510328e-01 0  2.684324e-01  7.312843e+01 2  15.1540  1.208131e-01  5.726735e-01  0  2.5390  2.054175e+11  0.000000e+00  0.000000e+00  3.475642e-01  5.972979e+01  1.196845e+01  1  2.5390  1.785682e+09  0.000000e+00  0.000000e+00  2.999946e-01  3.006488e+01  8.334745e-02  2  2.5390  6.544426e+12 -1.034151e+00  2.636708e+00  3.544060e-01 -1.471405e+02  5.653629e+00  3  2.5390  8.950877e+10 -1.034151e+00  2.636708e+00  4.863656e-01 -1.307323e+02  1.968630e-02  4  2.5390  1.515400e+01  0.000000e+00  0.000000e+00  1.945708e-01  2.138183e+01  0.000000e+00 
3  1.296453e+01  2.277673e+01  2.058000e+03  9.064673e-02 6 -1.000000e+00  2.951527e+01 3  10.7947  1.949868e-03  1.847017e-02 -1 -1.0000 -1.000000e+00 -1.000000e+00 -1.000000e+00 -1.000000e+00 -1.000000e+00 -1.000000e+00 -1 -1.0000 -1.000000e+00 -1.000000e+00 -1.000000e+00 -1.000000e+00 -1.000000e+00 -1.000000e+00  0  1.5110  2.873028e+11  0.000000e+00  0.000000e+00  2.884855e-01 -2.356651e+01  6.865028e+00  1  1.5110  2.377984e+09  0.000000e+00  0.000000e+00  4.714672e-01 -4.931970e+01  4.966192e-02  2  1.5110  1.079470e+01  0.000000e+00  0.000000e+00  8.870228e-02 -1.108500e+02  0.000000e+00 
1  2.897643e+02  5.368849e+02  8.309000e+03  1.339450e-01 0 -1.000000e+00  5.368849e+02 2  17.4652 -7.320751e-02 -4.042908e-03 -1 -1.0000 -1.000000e+00 -1.000000e+00 -1.000000e+00 -1.000000e+00 -1.000000e+00 -1.000000e+00 -1 -1.0000 -1.000000e+00 -1.000000e+00 -1.000000e+00 -1.000000e+00 -1.000000e+00 -1.000000e+00  0  1.9170  3.349133e+11  0.000000e+00  0.000000e+00  2.023655e-01 -7.624395e+01  6.580449e+00  1  1.9170  1.792762e+09  0.000000e+00  0.000000e+00  4.841268e-01 -1.011535e+02  3.059333e-02  2  1.9170  1.746520e+01  0.000000e+00  0.000000e+00  1.680574e-01  6.347921e+01  0.000000e+00 
1  4.068787e+01  7.164056e+01  4.909000e+03  5.617393e+00 0 -1.000000e+00  7.164056e+01 2  13.7110  1.428618e+01 -3.554059e+00 -1 -1.0000 -1.000000e+00 -1.000000e+00 -1.000000e+00 -1.000000e+00 -1.000000e+00 -1.000000e+00 -1 -1.0000 -1.000000e+00 -1.000000e+00 -1.000000e+00 -1.000000e+00 -1.000000e+00 -1.000000e+00  0  0.3940  3.330478e+14  0.000000e+00  0.000000e+00  3.954728e-01  1.509188e+02  4.182171e+00  1  0.3940  7.084407e+11  0.000000e+00  0.000000e+00  1.604674e-01  1.657610e+02  1.731441e+00  2  0.3940  1.371100e+01  0.000000e+00  0.000000e+00  3.028634e-01 -1.133236e+02  0.000000e+00 
5  5.561049e+01  7.061470e+01  9.546000e+03  9.208414e-01 6 -1.000000e+00  9.385650e+01 1  18.8972 -1.513459e-02  9.345874e-03 -1 -1.0000 -1.000000e+00 -1.000000e+00 -1.000000e+00 -1.000000e+00 -1.000000e+00 -1.000000e+00 -1 -1.0000 -1.000000e+00 -1.000000e+00 -1.000000e+00 -1.000000e+00 -1.000000e+00 -1.000000e+00  0  0.4640  7.720419e+12  0.000000e+00  0.000000e+00  1.911389e-01 -1.399704e+02  5.892823e+00  1  0.4640  9.328285e+10  0.000000e+00  0.000000e+00  3.310562e-01 -1.770363e+02  1.165928e-01  2  0.4640  1.889720e+01  0.000000e+00  0.000000e+00  1.611268e-01 -1.661360e+02  0.000000e+00 
3  3.540709e+02  5.378087e+02  2.277000e+03  1.685651e-01 6 -1.000000e+00  5.954281e+02 1  14.7468  1.429649e-02 -3.981682e-02 -1 -1.0000 -1.000000e+00 -1.000000e+00 -1.000000e+00 -1.000000e+00 -1.000000e+00 -1.000000e+00 -1 -1.0000 -1.000000e+00 -1.000000e+00 -1.000000e+00 -1.000000e+00 -1.000000e+00 -1.000000e+00  0  0.7540  3.640849e+11  0.000000e+00  0.000000e+00  2.698717e-01 -1.089020e+01  5.634559e+00  1  0.7540  1.188999e+10  0.000000e+00  0.000000e+00  1.970351e-01  3.439892e+01  1.740630e-01  2  0.7540  1.474680e+01  0.000000e+00  0.000000e+00  2.428978e-01  1.213606e+02  0.000000e+00 
3  1.528041e+02  7.113445e+01  3.525000e+03  9.473726e-01 6  2.903226e-01  1.827759e+02 1  10.9250 -7.250952e-01 -2.083416e+00  0  0.7610  1.412096e+12  0.000000e+00  0.000000e+00  3.000433e-01  1.134441e+02  1.866287e+01  1  0.7610  3.939679e+10  0.000000e+00  0.000000e+00  8.978401e-02  1.939242e+02  5.953706e-02  2  0.7610  1.232153e+13 -2.872751e+01 -5.368679e+01  9.213667e-02 -6.271514e+01  4.926723e+00  3  0.7610  1.169709e+11 -2.872751e+01 -5.368679e+01  2.463982e-01 -8.802389e+01  2.484625e-01  4  0.7610  1.092500e+01  0.000000e+00  0.000000e+00  1.764841e-01  9.016294e+01  0.000000e+00 
2  5.265115e+01  1.286967e+01  1.720000e+03  1.190282e+00 6 -1.000000e+00  1.170218e+02 2  11.4893 -6.071185e-01 -6.994319e-01 -1 -1.0000 -1.000000e+00 -1.000000e+00 -1.000000e+00 -1.000000e+00 -1.000000e+00 -1.000000e+00 -1 -1.0000 -1.000000e+00 -1.000000e+00 -1.000000e+00 -1.000000e+00 -1.000000e+00 -1.000000e+00  0  2.6590  1.278792e+13  0.000000e+00  0.000000e+00  9.865527e-02  1.024588e+02  3.959595e+00  1  2.6590  7.235299e+10  0.000000e+00  0.000000e+00  3.003528e-02  1.237738e+02  1.503384e-02  2  2.6590  1.148930e+01  0.000000e+00  0.000000e+00  1.168368e-01  1.348551e+02  0.000000e+00 
3  1.564469e+02  8.425960e+01  6.328000e+03  7.832779e-01 6 -1.000000e+00  2.403925e+02 1  10.6601  6.188727e-01  2.411016e-01 -1 -1.0000 -1.000000e+00 -1.000000e+00 -1.000000e+00 -1.000000e+00 -1.000000e+00 -1.000000e+00 -1 -1.0000 -1.000000e+00 -1.000000e+00 -1.000000e+00 -1.000000e+00 -1.000000e+00 -1.000000e+00  0  0.7490  3.455766e+12  0.000000e+00  0.000000e+00  2.954588e-01 -7.526448e+01  5.663966e+00  1  0.7490  9.584768e+10  0.000000e+00  0.000000e+00  3.206403e-01 -2.701686e+01  1.428891e-01  2  0.7490  1.066010e+01  0.000000e+00  0.000000e+00  4.452509e-02  9.995558e+00  0.000000e+00 
3  3.474589e+01  4.816253e+01  5.249000e+03  3.542470e-01 6 -1.000000e+00  4.849545e+01 1   5.3673 -2.153870e-01  1.087898e-01 -1 -1.0000 -1.000000e+00 -1.000000e+00 -1.000000e+00 -1.000000e+00 -1.000000e+00 -1.000000e+00 -1 -1.0000 -1.000000e+00 -1.000000e+00 -1.000000e+00 -1.000000e+00 -1.000000e+00 -1.000000e+00  0  0.9130  1.186418e+12  0.000000e+00  0.000000e+00  4.278662e-01  1.622461e+02  7.236814e+00  1  0.9130  4.170841e+10  0.000000e+00  0.000000e+00  5.495645e-01  1.400140e+02  1.746820e-01  2  0.9130  5.367300e+00  0.000000e+00  0.000000e+00  6.416843e-02 -1.459824e+02  0.000000e+00 
2  4.721072e+01  3.945746e+01  4.971000e+03  1.491668e+00 6 -1.000000e+00  1.295244e+02 2  13.8701  5.477703e-01  2.864019e-01 -1 -1.0000 -1.000000e+00 -1.000000e+00 -1.000000e+00 -1.000000e+00 -1.000000e+00 -1.000000e+00 -1 -1.0000 -1.000000e+00 -1.000000e+00 -1.000000e+00 -1.000000e+00 -1.000000e+00 -1.000000e+00  0  2.0900  9.618893e+12  0.000000e+00  0.000000e+00  2.177765e-01 -7.976269e+01  5.701001e+00  1  2.0900  8.979118e+10  0.000000e+00  0.000000e+00  3.042448e-01 -2.581888e+01  4.334002e-02  2  2.0900  1.387010e+01  0.000000e+00  0.000000e+00  3.989578e-02  1.556947e+02  0.000000e+00 
3  1.061477e+02  6.154636e+01  7.155000e+03  1.663686e+00 6  2.852191e-01  1.960523e+02 2  15.5373 -5.511370e-02  3.037535e+00  0  0.5380  3.322890e+12  0.000000e+00  0.000000e+00  4.079003e-01 -1.083516e+02  1.836168e+01  1  0.5380  5.389582e+10  0.000000e+00  0.000000e+00  3.850478e-01 -1.013544e+02  5.680617e-02  2  0.5380  1.248636e+13  1.950208e+00  1.128516e+01  2.219553e-01 -1.045907e+02  7.795364e+00  3  0.5380  1.870013e+11  1.950208e+00  1.128516e+01  4.361614e-01 -8.282150e+01  2.550518e-01  4  0.5380  1.553730e+01  0.000000e+00  0.000000e+00  4.382254e-02 -1.273694e+02  0.000000e+00 
3  1.957509e+02  7.307602e+01  7.116000e+03  8.255943e-01 6 -1.000000e+00  3.473332e+02 2  13.8709 -4.767903e-01 -1.978596e-01 -1 -1.0000 -1.000000e+00 -1.000000e+00 -1.000000e+00 -1.000000e+00 -1.000000e+00 -1.000000e+00 -1 -1.0000 -1.000000e+00 -1.000000e+00 -1.000000e+00 -1.000000e+00 -1.000000e+00 -1.000000e+00  0  0.5640  1.509587e+12  0.000000e+00  0.000000e+00  2.934724e-02  1.491112e+02  6.648310e+00  1  0.5640  4.252471e+10  0.000000e+00  0.000000e+00  5.251745e-01  9.583837e+01  8.836986e-02  2  0.5640  1.387090e+01  0.000000e+00  0.000000e+00  1.248999e-01  1.174144e+02  0.000000e+00 
1  2.138195e+01  5.689840e+01  3.492000e+03  2.066962e-01 0  2.917072e-01  5.689840e+01 2  14.1206 -3.020677e-01 -2.753769e-01  0  1.3020  1.237128e+11  0.000000e+00  0.000000e+00  3.103222e-01  9.604422e+01  2.418879e+01  1  1.3020  8.214753e+08  0.000000e+00  0.000000e+00  3.206330e-01  7.420059e+01  4.019393e-02  2  1.3020  2.073239e+12 -9.664675e+00 -6.037449e+00  2.798994e-01 -5.872010e+01  3.888522e+00  3  1.3020  5.939704e+10 -9.664675e+00 -6.037449e+00  3.428780e-01 -6.598732e+01  4.752635e-02  4  1.3020  1.412060e+01  0.000000e+00  0.000000e+00  8.117618e-02  8.353941e+01  0.000000e+00 
5  1.526929e+02  2.680377e+02  5.399000e+03  6.847416e-01 6 -1.000000e+00  4.722775e+02 3  16.4283  6.560132e-02  5.222837e-03 -1 -1.0000 -1.000000e+00 -1.000000e+00 -1.000000e+00 -1.000000e+00 -1.000000e+00 -1.000000e+00 -1 -1.0000 -1.000000e+00 -1.000000e+00 -1.000000e+00 -1.000000e+00 -1.000000e+00 -1.000000e+00  0  1.7260  1.906059e+12  0.000000e+00  0.000000e+00  3.797834e-01  8.889105e+01  3.754025e+00  1  1.7260  5.933396e+10  0.000000e+00  0.000000e+00  3.253354e-01  1.024502e+02  4.896508e-02  2  1.7260  1.642830e+01  0.000000e+00  0.000000e+00  1.714965e-01 -2.290204e+01  0.000000e+00 
1  1.441630e+02  2.957052e+02  4.101000e+03  4.640699e+00 0  2.762751e-01  2.957052e+02 2  14.1117  5.017246e+00  1.216170e+01  0  0.6910  3.510891e+13  0.000000e+00  0.000000e+00  3.671887e-01 -1.751750e+02  8.595219e+00  1  0.6910  1.471705e+11  0.000000e+00  0.000000e+00  3.213006e-01 -1.563499e+02  1.030171e-01  2  0.6910  1.394889e+14  1.152183e+01  2.875646e+01  4.218552e-01  5.145337e+00  4.293691e+00  3  0.6910  3.492074e+11  1.152183e+01  2.875646e+01  2.659104e-01  1.312602e+01  4.483765e-01  4  0.6910  1.411170e+01  0.000000e+00  0.000000e+00  2.562187e-02  1.034368e+02  0.000000e+00 
3  6.638278e+01  3.883332e+01  9.076000e+03  7.907295e-01 6 -1.000000e+00  1.053805e+02 1  11.9421 -3.820690e-01  2.680706e-01 -1 -1.0000 -1.000000e+00 -1.000000e+00 -1.000000e+00 -1.000000e+00 -1.000000e+00 -1.000000e+00 -1 -1.0000 -1.000000e+00 -1.000000e+00 -1.000000e+00 -1.000000e+00 -1.000000e+00 -1.000000e+00  0  1.0450  1.605843e+12  0.000000e+00  0.000000e+00  2.575214e-01 -1.267212e+02  5.562573e+00  1  1.0450  7.737480e+10  0.000000e+00  0.000000e+00  2.797992e-01 -1.059436e+02  6.342911e-02  2  1.0450  1.194210e+01  0.000000e+00  0.000000e+00  7.782538e-03 -5.094151e+01  0.000000e+00 
1  5.350114e+01  9.361133e+01  3.036000e+03  1.265369e-01 0  2.791034e-01  9.361133e+01 2  15.9450  5.654111e-02  9.362530e-02  0  1.3870  1.914075e+11  0.000000e+00  0.000000e+00  3.449221e-01 -9.365722e+01  1.213370e+01  1  1.3870  1.929738e+09  0.000000e+00  0.000000e+00  3.161156e-01 -1.503400e+02  6.711154e-02  2  1.3870  5.490521e+11 -9.532361e+00 -2.202139e+00  3.658686e-01 -2.205861e+01  5.764287e+00  3  1.3870  8.245652e+09 -9.532361e+00 -2.202139e+00  3.968223e-01  3.534231e+01  6.503902e-02  4  1.3870  1.594500e+01  0.000000e+00  0.000000e+00  2.287999e-01 -6.029999e+01  0.000000e+00 
3  1.073913e+02  8.733632e+01  1.170000e+03  8.191439e-01 6 -1.000000e+00  1.752685e+02 1  14.7419 -1.133139e-01 -4.020330e-01 -1 -1.0000 -1.000000e+00 -1.000000e+00 -1.000000e+00 -1.000000e+00 -1.000000e+00 -1.000000e+00 -1 -1.0000 -1.000000e+00 -1.000000e+00 -1.000000e+00 -1.000000e+00 -1.000000e+00 -1.000000e+00  0  2.0010  8.482964e+12  0.000000e+00  0.000000e+00  3.727943e-01 -2.669790e+01  4.213678e+00  1  2.0010  9.885441e+10  0.000000e+00  0.000000e+00  5.247641e-01  7.604711e+00  6.318172e-02  2  2.0010  1.474190e+01  0.000000e+00  0.000000e+00  2.042501e-01  1.067697e+02  0.000000e+00 
1  2.319412e+02  4.723682e+02  5.553000e+03  1.210652e-01 0  2.770706e-01  4.723682e+02 2  17.4652 -4.602125e-01  9.610730e-02  0  2.3180  6.595430e+10  0.000000e+00  0.000000e+00  3.536360e-01 -1.298727e+02  2.173569e+01  1  2.3180  2.359201e+08  0.000000e+00  0.000000e+00  3.260988e-01 -1.400521e+02  6.948752e-02  2  2.3180  5.446813e+11 -1.499040e+00  1.164555e-01  6.159683e-02  1.525463e+02  4.108458e+00  3  2.3180  5.412395e+09 -1.499040e+00  1.164555e-01  1.960295e-01  1.445912e+02  7.385611e-02  4  2.3180  1.746520e+01  0.000000e+00  0.000000e+00  1.477258e-01  8.110096e+01  0.000000e+00 
2  9.177521e+00  5.233172e-01  6.903000e+03  2.149956e+00 6 -1.000000e+00  1.643876e+01 2  12.7083  1.704267e+00  1.986110e+00 -1 -1.0000 -1.000000e+00 -1.000000e+00 -1.000000e+00 -1.000000e+00 -1.000000e+00 -1.000000e+00 -1 -1.0000 -1.000000e+00 -1.000000e+00 -1.000000e+00 -1.000000e+00 -1.000000e+00 -1.000000e+00  0  1.5220  2.786245e+13  0.000000e+00  0.000000e+00  1.259812e-01  1.099203e+02  4.469583e+00  1  1.5220  1.213908e+11  0.000000e+00  0.000000e+00  2.433054e-01  4.060813e+01  4.808054e-02  2  1.5220  1.270830e+01  0.000000e+00  0.000000e+00  1.437768e-01  1.271667e+02  0.000000e+00 
3  7.872137e+01  3.969139e+01  9.255000e+03  6.053986e-01 6 -1.000000e+00  1.103295e+02 1  13.2721 -6.067501e-01  2.114777e-01 -1 -1.0000 -1.000000e+00 -1.000000e+00 -1.000000e+00 -1.000000e+00 -1.000000e+00 -1.000000e+00 -1 -1.0000 -1.000000e+00 -1.000000e+00 -1.000000e+00 -1.000000e+00 -1.000000e+00 -1.000000e+00  0  0.4800  3.086654e+12  0.000000e+00  0.000000e+00  2.466966e-01  6.967871e+01  5.333970e+00  1  0.4800  5.737363e+10  0.000000e+00  0.000000e+00  1.821348e-01 -5.386561e+00  2.147771e-01  2  0.4800  1.327210e+01  0.000000e+00  0.000000e+00  6.268886e-02 -5.349950e+01  0.000000e+00 
3  7.553485e+01  3.491806e+01  7.410000e+03  4.457080e-01 6 -1.000000e+00  1.084907e+02 1  11.9338 -1.941643e-01  3.209246e-01 -1 -1.0000 -1.000000e+00 -1.000000e+00 -1.000000e+00 -1.000000e+00 -1.000000e+00 -1.000000e+00 -1 -1.0000 -1.000000e+00 -1.000000e+00 -1.000000e+00 -1.000000e+00 -1.000000e+00 -1.000000e+00  0  0.9900  1.247670e+12  0.000000e+00  0.000000e+00  2.169236e-01  1.618239e+01  4.743296e+00  1  0.9900  4.430458e+10  0.000000e+00  0.000000e+00  1.751368e-01  1.792436e+01  9.726784e-02  2  0.9900  1.193380e+01  0.000000e+00  0.000000e+00  1.649633e-01 -1.757930e+02  0.000000e+00 
3  1.972337e+01  3.593529e+01  1.350000e+03  7.320752e-02 6 -1.000000e+00  4.067956e+01 3  15.9465 -2.338025e-02 -1.000089e-02 -1 -1.0000 -1.000000e+00 -1.000000e+00 -1.000000e+00 -1.000000e+00 -1.000000e+00 -1.000000e+00 -1 -1.0000 -1.000000e+00 -1.000000e+00 -1.000000e+00 -1.000000e+00 -1.000000e+00 -1.000000e+00  0  0.9970  3.373022e+11  0.000000e+00  0.000000e+00  3.342515e-01  1.405611e+02  4.904975e+00  1  0.9970  5.872250e+09  0.000000e+00  0.000000e+00  5.004086e-01  1.878064e+02  1.484949e-01  2  0.9970  1.594650e+01  0.000000e+00  0.000000e+00  9.729285e-02 -7.044908e+01  0.000000e+00 
1  7.030169e+01  1.291115e+02  2.660000e+03  5.764317e-02 0  2.747261e-01  1.291115e+02 2  16.7285  5.840991e-02  6.648298e-03  0  2.6300  4.280736e+10  0.000000e+00  0.000000e+00  2.153395e-01 -1.574071e+02  1.648024e+01  1  2.6300  9.735821e+07  0.000000e+00  0.000000e+00  8.526434e-02 -1.415455e+02  5.495891e-02  2  2.6300  3.109162e+11  7.259793e-01 -6.373847e-01  2.605639e-01 -1.093690e+02  3.305767e+00  3  2.6300  2.503697e+09  7.259793e-01 -6.373847e-01  2.259443e-01 -1.171934e+02  2.054243e-02  4  2.6300  1.672850e+01  0.000000e+00  0.000000e+00  9.860699e-02 -1.619356e+02  0.000000e+00 
3  1.722687e+02  1.088517e+02  2.543000e+03  7.836842e-01 6 -1.000000e+00  3.090435e+02 3  14.7662  3.226155e-01 -4.314516e-01 -1 -1.0000 -1.000000e+00 -1.000000e+00 -1.000000e+00 -1.000000e+00 -1.000000e+00 -1.000000e+00 -1 -1.0000 -1.000000e+00 -1.000000e+00 -1.000000e+00 -1.000000e+00 -1.000000e+00 -1.000000e+00  0  0.3420  1.258082e+12  0.000000e+00  0.000000e+00  2.115935e-01 -7.300242e+00  1.590902e+01  1  0.3420  6.377214e+10  0.000000e+00  0.000000e+00  2.551888e-01  5.822832e+00  2.739054e-01  2  0.3420  1.476620e+01  0.000000e+00  0.000000e+00  1.425016e-01 -1.477636e+02  0.000000e+00 
2  9.580204e+00  7.120107e-01  9.783000e+03  7.856550e-01 6  2.824166e-01  1.958786e+00 1  15.4587 -1.927995e+00  9.294536e-01  0  0.8430  1.882893e+12  0.000000e+00  0.000000e+00  2.066555e-01 -1.537011e+02  7.104200e+00  1  0.8430  5.867248e+10  0.000000e+00  0.000000e+00  1.952730e-01 -1.506653e+02  1.015042e-01  2  0.8430  7.392797e+12 -2.580516e+00  2.669741e+00  4.401245e-01 -3.089481e+01  4.570265e+00  3  0.8430  6.449903e+10 -2.580516e+00  2.669741e+00  4.091994e-01 -3.518687e+01  1.638003e-01  4  0.8430  1.545870e+01  0.000000e+00  0.000000e+00  1.905731e-01 -1.211877e+02  0.000000e+00 
3  9.920407e+01  1.542817e+02  6.679000e+03  4.152818e-01 6 -1.000000e+00  1.693154e+02 1  13.6805  5.244833e-02 -1.815140e-01 -1 -1.0000 -1.000000e+00 -1.000000e+00 -1.000000e+00 -1.000000e+00 -1.000000e+00 -1.000000e+00 -1 -1.0000 -1.000000e+00 -1.000000e+00 -1.000000e+00 -1.000000e+00 -1.000000e+00 -1.000000e+00  0  1.7280  2.821206e+12  0.000000e+00  0.000000e+00  2.387626e-01 -8.732967e+00  2.505308e+00  1  1.7280  6.665592e+10  0.000000e+00  0.000000e+00  3.604725e-01 -3.676719e+01  2.077745e-01  2  1.7280  1.368050e+01  0.000000e+00  0.000000e+00  1.836650e-01  8.183074e+01  0.000000e+00 
4  4.221835e+01  6.384420e+01  8.939000e+03  4.360223e-01 6  2.729757e-01  7.844908e+01 3   4.5678 -3.079007e-01 -8.413556e-01  0  1.9630  8.959238e+11  0.000000e+00  0.000000e+00  3.366196e-01  1.420837e+02  1.429410e+01  1  1.9630  3.779103e+10  0.000000e+00  0.000000e+00  4.311519e-01  1.512115e+02  2.344560e-02  2  1.9630  8.439823e+12 -2.480548e+00 -8.294179e+00  2.917824e-01  3.929699e+01  2.867504e+00  3  1.9630  9.331237e+10 -2.480548e+00 -8.294179e+00  5.197225e-01  3.515856e+01  6.078970e-02  4  1.9630  4.567850e+00  0.000000e+00  0.000000e+00  1.063928e-01  1.755940e+02  0.000000e+00 
3  7.373583e+01  7.890893e+01  8.771000e+03  3.058889e-01 6 -1.000000e+00  1.081846e+02 1  17.5567 -2.730740e-02 -1.174188e-01 -1 -1.0000 -1.000000e+00 -1.000000e+00 -1.000000e+00 -1.000000e+00 -1.000000e+00 -1.000000e+00 -1 -1.0000 -1.000000e+00 -1.000000e+00 -1.000000e+00 -1.000000e+00 -1.000000e+00 -1.000000e+00  0  2.8210  1.059201e+12  0.000000e+00  0.000000e+00  1.259356e-01 -1.196130e+02  3.477168e+00  1  2.8210  2.083502e+10  0.000000e+00  0.000000e+00  2.108626e-01 -3.871535e+01  3.558467e-02  2  2.8210  1.755670e+01  0.000000e+00  0.000000e+00  1.864606e-01  1.065249e+02  0.000000e+00 
1  2.125826e+01  4.571403e+01  9.052000e+03  1.628119e+00 0 -1.000000e+00  4.571403e+01 2  13.0111  1.310173e-01  1.234940e+00 -1 -1.0000 -1.000000e+00 -1.000000e+00 -1.000000e+00 -1.000000e+00 -1.000000e+00 -1.000000e+00 -1 -1.0000 -1.000000e+00 -1.000000e+00 -1.000000e+00 -1.000000e+00 -1.000000e+00 -1.000000e+00  0  0.2560  1.700808e+13  0.000000e+00  0.000000e+00  3.168588e-01  1.402366e+02  7.717743e+00  1  0.2560  1.793938e+11  0.000000e+00  0.000000e+00  4.063381e-01  1.300126e+02  6.648617e-01  2  0.2560  1.301110e+01  0.000000e+00  0.000000e+00  1.499477e-01 -1.614346e+02  0.000000e+00 
5  3.562647e+01  5.772694e+01  9.060000e+03  2.537533e+00 6  2.909048e-01  6.464874e+01 3  11.9378  1.505835e+00 -8.641854e-02  0  0.5500  6.852631e+12  0.000000e+00  0.000000e+00  5.242247e-01 -8.969056e+01  1.393719e+01  1  0.5500  9.730306e+10  0.000000e+00  0.000000e+00  3.360053e-01 -1.078540e+02  1.285797e-01  2  0.5500  7.778619e+13  1.107991e+01 -4.623594e-01  3.702064e-01  8.230618e+01  2.860852e+00  3  0.5500  3.375580e+11  1.107991e+01 -4.623594e-01  2.633749e-01  5.219406e+01  5.048458e-01  4  0.5500  1.193780e+01  0.000000e+00  0.000000e+00  1.545817e-01  1.035903e+02  0.000000e+00 
3  2.261363e+01  1.442265e+01  3.599000e+03  1.084631e+00 6 -1.000000e+00  5.687565e+01 2  16.9371 -3.557132e-01  2.859905e-01 -1 -1.0000 -1.000000e+00 -1.000000e+00 -1.000000e+00 -1.000000e+00 -1.000000e+00 -1.000000e+00 -1 -1.0000 -1.000000e+00 -1.000000e+00 -1.000000e+00 -1.000000e+00 -1.000000e+00 -1.000000e+00  0  0.7350  4.814788e+12  0.000000e+00  0.000000e+00  3.194481e-01 -9.808565e+01  5.505120e+00  1  0.7350  9.290271e+10  0.000000e+00  0.000000e+00  1.980282e-01 -8.853252e+01  7.603572e-02  2  0.7350  1.693710e+01  0.000000e+00  0.000000e+00  1.650498e-01  4.331053e+01  0.000000e+00 
1  1.179108e+02  2.107604e+02  1.952000e+03  8.621858e+00 0 -1.000000e+00  2.107604e+02 2   8.9820 -4.838625e+00  1.754904e+00 -1 -1.0000 -1.000000e+00 -1.000000e+00 -1.000000e+00 -1.000000e+00 -1.000000e+00 -1.000000e+00 -1 -1.0000 -1.000000e+00 -1.000000e+00 -1.000000e+00 -1.000000e+00 -1.000000e+00 -1.000000e+00  0  0.9630  1.049826e+14  0.000000e+00  0.000000e+00  2.428626e-01  5.473762e+01  7.947850e+00  1  0.9630  3.446024e+11  0.000000e+00  0.000000e+00  2.986407e-01  7.338715e+01  3.710977e-01  2  0.9630  8.982030e+00  0.000000e+00  0.000000e+00  3.139258e-02  1.675625e+02  0.000000e+00 
1  7.879556e+01  1.633781e+02  3.077000e+03  8.680645e-02 0  2.940865e-01  1.633781e+02 2  17.4609 -2.091111e-01 -7.654749e-02  0  1.0270  4.311588e+10  0.000000e+00  0.000000e+00  1.976140e-01 -8.307861e+01  2.991834e+01  1  1.0270  1.010543e+08  0.000000e+00  0.000000e+00  1.948144e-01 -1.348333e+02  2.517039e-01  2  1.0270  4.605979e+11 -1.130755e+01 -2.877134e+00  1.412851e-01  6.076203e+01  3.741009e+00  3  1.0270  6.564414e+09 -1.130755e+01 -2.877134e+00  2.245394e-01  8.089422e+01  1.881684e-01  4  1.0270  1.746090e+01  0.000000e+00  0.000000e+00  1.403852e-02 -1.165767e+02  0.000000e+00 
2  1.034452e+02  6.529675e+01  1.024000e+03  9.368222e-01 6 -1.000000e+00  1.858482e+02 3   8.5240  8.389464e-01 -3.015967e-02 -1 -1.0000 -1.000000e+00 -1.000000e+00 -1.000000e+00 -1.000000e+00 -1.000000e+00 -1.000000e+00 -1 -1.0000 -1.000000e+00 -1.000000e+00 -1.000000e+00 -1.000000e+00 -1.000000e+00 -1.000000e+00  0  1.0620  8.470913e+12  0.000000e+00  0.000000e+00  3.451681e-01 -9.297389e+00  6.063812e+00  1  1.0620  1.323195e+11  0.000000e+00  0.000000e+00  5.369179e-01 -1.209565e+01  4.457932e-02  2  1.0620  8.523960e+00  0.000000e+00  0.000000e+00  1.638891e-01  7.838699e+01  0.000000e+00 
3  5.345228e+01  5.682594e+01  4.695000e+03  5.261055e-01 6 -1.000000e+00  1.215481e+02 3   9.7797  1.044597e-01 -9.365113e-02 -1 -1.0000 -1.000000e+00 -1.000000e+00 -1.000000e+00 -1.000000e+00 -1.000000e+00 -1.000000e+00 -1 -1.0000 -1.000000e+00 -1.000000e+00 -1.000000e+00 -1.000000e+00 -1.000000e+00 -1.000000e+00  0  1.2420  2.063974e+12  0.000000e+00  0.000000e+00  1.274444e-01  2.383817e+01  5.964971e+00  1  1.2420  4.246183e+10  0.000000e+00  0.000000e+00  9.917986e-02  6.762757e+00  6.031640e-02  2  1.2420  9.779680e+00  0.000000e+00  0.000000e+00  1.273392e-01 -1.126970e+02  0.000000e+00 
3  5.971574e+01  2.938682e+01  9.264000e+03  9.871985e-01 6 -1.000000e+00  8.872566e+01 1  14.0697 -1.795063e-01  7.854401e-01 -1 -1.0000 -1.000000e+00 -1.000000e+00 -1.000000e+00 -1.000000e+00 -1.000000e+00 -1.000000e+00 -1 -1.0000 -1.000000e+00 -1.000000e+00 -1.000000e+00 -1.000000e+00 -1.000000e+00 -1.000000e+00  0  0.6950  1.144242e+13  0.000000e+00  0.000000e+00  7.839547e-02 -7.256264e+01  3.267931e+00  1  0.6950  1.056575e+11  0.000000e+00  0.000000e+00  9.514359e-02 -1.253079e+02  1.042298e-01  2  0.6950  1.406970e+01  0.000000e+00  0.000000e+00  1.049110e-01 -2.442277e+01  0.000000e+00 
3  4.245597e+01  5.250463e+01  1.636000e+03  6.679390e-01 6 -1.000000e+00  6.177888e+01 1   3.7294  6.892429e-02  3.576015e-01 -1 -1.0000 -1.000000e+00 -1.000000e+00 -1.000000e+00 -1.000000e+00 -1.000000e+00 -1.000000e+00 -1 -1.0000 -1.000000e+00 -1.000000e+00 -1.000000e+00 -1.000000e+00 -1.000000e+00 -1.000000e+00  0  0.7370  7.035881e+12  0.000000e+00  0.000000e+00  3.894958e-01 -7.851726e+01  3.983291e+00  1  0.7370  1.085614e+11  0.000000e+00  0.000000e+00  3.919090e-01 -1.405456e+02  2.917125e-01  2  0.7370  3.729440e+00  0.000000e+00  0.000000e+00  8.700933e-02 -6.311781e+01  0.000000e+00 
3  3.212140e+01  4.717125e+01  2.129000e+03  3.081025e+00 6  2.760307e-01  4.903510e+01 1   8.5439 -1.336901e+00  3.414850e+00  0  0.8330  1.171903e+13  0.000000e+00  0.000000e+00  3.230492e-01  2.241395e+00  2.112004e+01  1  0.8330  7.760588e+10  0.000000e+00  0.000000e+00  5.936586e-02 -2.932831e+01  9.476405e-02  2  0.8330  2.748909e+13 -2.970890e+01  3.827270e+01  3.119005e-01 -6.517035e+01  7.362688e+00  3  0.8330  1.925313e+11 -2.970890e+01  3.827270e+01  2.896884e-01 -8.716802e+01  3.137697e-01  4  0.8330  8.543870e+00  0.000000e+00  0.000000e+00  2.057567e-01 -1.019133e+02  0.000000e+00 
3  1.088270e+02  9.075624e+01  8.493000e+03  1.193070e-01 6 -1.000000e+00  1.509808e+02 1   9.0047 -9.393100e-02 -1.965713e-02 -1 -1.0000 -1.000000e+00 -1.000000e+00 -1.000000e+00 -1.000000e+00 -1.000000e+00 -1.000000e+00 -1 -1.0000 -1.000000e+00 -1.000000e+00 -1.000000e+00 -1.000000e+00 -1.000000e+00 -1.000000e+00  0  2.6830  5.520301e+11  0.000000e+00  0.000000e+00  3.099029e-01  6.482858e+00  4.324662e+00  1  2.6830  5.678208e+09  0.000000e+00  0.000000e+00  1.713702e-01 -6.656602e-02  3.509338e-02  2  2.6830  9.004730e+00  0.000000e+00  0.000000e+00  6.672806e-02 -1.629972e+02  0.000000e+00 
4  2.682845e+01  4.716060e+01  1.596000e+03  7.029297e+00 6  2.743380e-01  7.887244e+01 3   6.5006  7.508966e+00  2.909234e+00  0  0.8290  5.123201e+13  0.000000e+00  0.000000e+00  2.693884e-01  6.693650e+01  9.592806e+00  1  0.8290  1.879172e+11  0.000000e+00  0.000000e+00  2.467815e-01  5.775913e+01  2.651708e-01  2  0.8290  1.050294e+14  2.008606e+01  7.910184e+00  3.488320e-01 -8.620155e+01  5.890639e+00  3  0.8290  3.950140e+11  2.008606e+01  7.910184e+00  2.469763e-01 -8.703061e+01  4.503847e-01  4  0.8290  6.500570e+00  0.000000e+00  0.000000e+00  8.732491e-02 -1.015042e+01  0.000000e+00 
3  3.906225e+01  1.933986e+01  9.130000e+02  1.016205e+00 6  2.814642e-01  6.087717e+01 1  18.6904 -1.050869e+00  1.713532e+00  0  0.8560  3.713947e+12  0.000000e+00  0.000000e+00  2.519688e-01  1.743773e+02  8.833091e+00  1  0.8560  5.431444e+10  0.000000e+00  0.000000e+00  2.151887e-01  1.858083e+02  7.612195e-02  2  0.8560  1.609470e+13 -4.822665e+00  8.854618e+00  4.022346e-01 -3.400096e+01  6.388258e+00  3  0.8560  1.695456e+11 -4.822665e+00  8.854618e+00  1.069824e-01 -8.647355e+01  2.041252e-01  4  0.8560  1.869040e+01  0.000000e+00  0.000000e+00  1.443884e-01 -1.649784e+02  0.000000e+00 
3  1.840285e+02  1.693688e+02  1.797000e+03  4.526051e-01 6 -1.000000e+00  3.164980e+02 1  12.7165 -1.026020e-01 -1.587753e-01 -1 -1.0000 -1.000000e+00 -1.000000e+00 -1.000000e+00 -1.000000e+00 -1.000000e+00 -1.000000e+00 -1 -1.0000 -1.000000e+00 -1.000000e+00 -1.000000e+00 -1.000000e+00 -1.000000e+00 -1.000000e+00  0  1.0560  1.554185e+12  0.000000e+00  0.000000e+00  1.103516e-01  2.881177e+01  5.983232e+00  1  1.0560  4.887380e+10  0.000000e+00  0.000000e+00  3.896287e-01 -1.970039e+01  1.242679e-01  2  1.0560  1.271650e+01  0.000000e+00  0.000000e+00  1.672130e-01 -6.740580e+01  0.000000e+00 
5  2.390251e+02  3.940271e+02  1.090000e+03  7.290739e-01 6 -1.000000e+00  5.515701e+02 3   9.6925 -2.628058e-02 -4.706977e-01 -1 -1.0000 -1.000000e+00 -1.000000e+00 -1.000000e+00 -1.000000e+00 -1.000000e+00 -1.000000e+00 -1 -1.0000 -1.000000e+00 -1.000000e+00 -1.000000e+00 -1.000000e+00 -1.000000e+00 -1.000000e+00  0  1.7100  1.539424e+13  0.000000e+00  0.000000e+00  5.092642e-01  1.752420e+02  2.501724e+00  1  1.7100  1.107865e+11  0.000000e+00  0.000000e+00  4.245862e-01  2.025008e+02  3.474755e-02  2  1.7100  9.692530e+00  0.000000e+00  0.000000e+00  1.762830e-01 -2.126203e+01  0.000000e+00 
1  1.197532e+02  2.160046e+02  3.532000e+03  2.424015e+00 0 -1.000000e+00  2.160046e+02 2  17.9981 -1.106027e+00  1.140803e+00 -1 -1.0000 -1.000000e+00 -1.000000e+00 -1.000000e+00 -1.000000e+00 -1.000000e+00 -1.000000e+00 -1 -1.0000 -1.000000e+00 -1.000000e+00 -1.000000e+00 -1.000000e+00 -1.000000e+00 -1.000000e+00  0  1.1130  4.642017e+13  0.000000e+00  0.000000e+00  1.684665e-01 -9.317657e+01  4.170533e+00  1  1.1130  1.467771e+11  0.000000e+00  0.000000e+00  7.641523e-01 -1.547955e+02  1.160936e-01  2  1.1130  1.799810e+01  0.000000e+00  0.000000e+00  1.300163e-01 -2.024342e+01  0.000000e+00 
2  8.473887e+01  5.085851e+01  7.033000e+03  6.089973e-01 6 -1.000000e+00  2.537285e+02 2  15.4559 -7.329992e-02 -2.959017e-01 -1 -1.0000 -1.000000e+00 -1.000000e+00 -1.000000e+00 -1.000000e+00 -1.000000e+00 -1.000000e+00 -1 -1.0000 -1.000000e+00 -1.000000e+00 -1.000000e+00 -1.000000e+00 -1.000000e+00 -1.000000e+00  0  2.5700  3.967585e+12  0.000000e+00  0.000000e+00  1.000242e-01 -1.593101e+02  3.543073e+00  1  2.5700  4.255440e+10  0.000000e+00  0.000000e+00  3.518142e-01 -1.199266e+02  2.367280e-02  2  2.5700  1.545590e+01  0.000000e+00  0.000000e+00  1.975001e-01 -1.480261e+01  0.000000e+00 
1  5.150030e+01  9.051865e+01  3.901000e+03  1.410752e+00 0 -1.000000e+00  9.051865e+01 2  13.0235 -4.285278e+00  2.189792e+00 -1 -1.0000 -1.000000e+00 -1.000000e+00 -1.000000e+00 -1.000000e+00 -1.000000e+00 -1.000000e+00 -1 -1.0000 -1.000000e+00 -1.000000e+00 -1.000000e+00 -1.000000e+00 -1.000000e+00 -1.000000e+00  0  0.7820  8.443745e+12  0.000000e+00  0.000000e+00  1.627892e-01  4.868938e+01  7.478136e+00  1  0.7820  2.000520e+11  0.000000e+00  0.000000e+00  2.978305e-01 -1.062974e+01  3.394072e-01  2  0.7820  1.302350e+01  0.000000e+00  0.000000e+00  3.753502e-01 -1.131481e+02  0.000000e+00 
3  7.659272e+01  3.872094e+01  5.920000e+03  1.421115e+00 6 -1.000000e+00  1.111330e+02 1  11.9280 -6.761500e-01  8.654818e-01 -1 -1.0000 -1.000000e+00 -1.000000e+00 -1.000000e+00 -1.000000e+00 -1.000000e+00 -1.000000e+00 -1 -1.0000 -1.000000e+00 -1.000000e+00 -1.000000e+00 -1.000000e+00 -1.000000e+00 -1.000000e+00  0  0.9000  1.749982e+13  0.000000e+00  0.000000e+00  3.496360e-01  1.113615e+02  3.965371e+00  1  0.9000  1.398303e+11  0.000000e+00  0.000000e+00  1.661090e-01  8.944344e+01  1.242305e-01  2  0.9000  1.192800e+01  0.000000e+00  0.000000e+00  5.366663e-02 -3.348638e+01  0.000000e+00 
3  2.859903e+02  1.469242e+02  6.587000e+03  1.907147e+00 6 -1.000000e+00  5.869504e+02 2   7.4885 -1.160474e+00 -2.752542e-01 -1 -1.0000 -1.000000e+00 -1.000000e+00 -1.000000e+00 -1.000000e+00 -1.000000e+00 -1.000000e+00 -1 -1.0000 -1.000000e+00 -1.000000e+00 -1.000000e+00 -1.000000e+00 -1.000000e+00 -1.000000e+00  0  1.0570  4.302582e+13  0.000000e+00  0.000000e+00  2.137904e-01 -8.886107e+01  3.129340e+00  1  1.0570  2.331129e+11  0.000000e+00  0.000000e+00  3.553907e-01 -1.216916e+02  1.159084e-01  2  1.0570  7.488480e+00  0.000000e+00  0.000000e+00  5.708471e-02 -1.514806e+01  0.000000e+00 
2  1.027566e+02  5.092027e+01  8.693000e+03  5.034947e-01 6 -1.000000e+00  1.363820e+02 1   9.4789  3.525853e-01 -2.673413e-01 -1 -1.0000 -1.000000e+00 -1.000000e+00 -1.000000e+00 -1.000000e+00 -1.000000e+00 -1.000000e+00 -1 -1.0000 -1.000000e+00 -1.000000e+00 -1.000000e+00 -1.000000e+00 -1.000000e+00 -1.000000e+00  0  1.1690  1.377022e+12  0.000000e+00  0.000000e+00  2.094821e-01 -8.742561e+01  5.473835e+00  1  1.1690  3.687796e+10  0.000000e+00  0.000000e+00  3.211226e-01 -5.108317e+01  1.915635e-02  2  1.1690  9.478860e+00  0.000000e+00  0.000000e+00  1.482931e-01 -4.645603e+00  0.000000e+00 
3  2.394527e+01  1.402948e+01  2.903000e+03  4.055765e-01 6 -1.000000e+00  3.291271e+01 1  15.9428  3.800693e-01  2.846663e-01 -1 -1.0000 -1.000000e+00 -1.000000e+00 -1.000000e+00 -1.000000e+00 -1.000000e+00 -1.000000e+00 -1 -1.0000 -1.000000e+00 -1.000000e+00 -1.000000e+00 -1.000000e+00 -1.000000e+00 -1.000000e+00  0  1.3590  1.855601e+12  0.000000e+00  0.000000e+00  2.234997e-01  1.864798e+01  4.183699e+00  1  1.3590  5.695847e+10  0.000000e+00  0.000000e+00  5.501946e-01  3.095970e+01  1.418255e-01  2  1.3590  1.594280e+01  0.000000e+00  0.000000e+00  2.497736e-02 -5.088979e+01  0.000000e+00 
3  1.564053e+01  1.740571e+01  1.020000e+02  5.156525e-01 6 -1.000000e+00  2.194177e+01 1  13.7058  1.778070e-01 -1.338460e-01 -1 -1.0000 -1.000000e+00 -1.000000e+00 -1.000000e+00 -1.000000e+00 -1.000000e+00 -1.000000e+00 -1 -1.0000 -1.000000e+00 -1.000000e+00 -1.000000e+00 -1.000000e+00 -1.000000e+00 -1.000000e+00  0  1.3790  1.287934e+12  0.000000e+00  0.000000e+00  2.252185e-01  1.711063e+02  5.283189e+00  1  1.3790  3.873616e+10  0.000000e+00  0.000000e+00  3.982172e-01  1.149261e+02  6.445613e-02  2  1.3790  1.370580e+01  0.000000e+00  0.000000e+00  1.195434e-01  1.739504e+02  0.000000e+00 
3  4.907049e+01  7.027375e+01  4.750000e+02  4.120799e-01 6  3.001762e-01  7.998577e+01 1   8.5350  5.758144e-01 -8.209664e-01  0  0.6040  5.064772e+11  0.000000e+00  0.000000e+00  4.434851e-01 -1.155715e+02  1.455792e+01  1  0.6040  2.480518e+10  0.000000e+00  0.000000e+00  4.604303e-01 -3.671036e+01  1.545768e-01  2  0.6040  6.801494e+12  1.677688e+01 -2.757547e+01  1.788016e-01 -1.564027e+02  7.521748e+00  3  0.6040  1.274441e+11  1.677688e+01 -2.757547e+01  3.246768e-01 -1.567673e+02  2.876218e-01  4  0.6040  8.534950e+00  0.000000e+00  0.000000e+00  3.807997e-02 -1.256444e+02  0.000000e+00 
3  1.558708e+01  1.143803e+01  3.172000e+03  7.950874e-01 6 -1.000000e+00  2.141532e+01 1  13.6943 -3.055308e-01  3.658667e-01 -1 -1.0000 -1.000000e+00 -1.000000e+00 -1.000000e+00 -1.000000e+00 -1.000000e+00 -1.000000e+00 -1 -1.0000 -1.000000e+00 -1.000000e+00 -1.000000e+00 -1.000000e+00 -1.000000e+00 -1.000000e+00  0  0.8680  3.227027e+12  0.000000e+00  0.000000e+00  3.992673e-01 -4.997827e+01  5.420572e+00  1  0.8680  6.529387e+10  0.000000e+00  0.000000e+00  3.828946e-01 -6.126765e+01  6.609805e-02  2  0.8680  1.369430e+01  0.000000e+00  0.000000e+00  1.845703e-01 -1.771413e+02  0.000000e+00 
3  1.884973e+01  2.441184e+01  5.974000e+03  5.292560e-01 6 -1.000000e+00  3.484357e+01 3   6.0805  3.700878e-02  7.238169e-02 -1 -1.0000 -1.000000e+00 -1.000000e+00 -1.000000e+00 -1.000000e+00 -1.000000e+00 -1.000000e+00 -1 -1.0000 -1.000000e+00 -1.000000e+00 -1.000000e+00 -1.000000e+00 -1.000000e+00 -1.000000e+00  0  1.4210  3.385601e+12  0.000000e+00  0.000000e+00  3.560826e-01 -1.088257e+02  3.599945e+00  1  1.4210  5.865964e+10  0.000000e+00  0.000000e+00  1.396087e-01 -1.299294e+02  7.499101e-02  2  1.4210  6.080510e+00  0.000000e+00  0.000000e+00  1.933185e-01 -5.712209e+00  0.000000e+00 
3  1.078457e+01  6.312794e+00  3.196000e+03  1.258041e+00 6 -1.000000e+00  2.190415e+01 2  15.9129  4.866796e-01 -2.690051e-01 -1 -1.0000 -1.000000e+00 -1.000000e+00 -1.000000e+00 -1.000000e+00 -1.000000e+00 -1.000000e+00 -1 -1.0000 -1.000000e+00 -1.000000e+00 -1.000000e+00 -1.000000e+00 -1.000000e+00 -1.000000e+00  0  1.7730  6.334062e+12  0.000000e+00  0.000000e+00  2.415413e-01  9.587526e+01  6.639909e+00  1  1.7730  5.020326e+10  0.000000e+00  0.000000e+00  6.819380e-02  8.591208e+01  5.667537e-02  2  1.7730  1.591290e+01  0.000000e+00  0.000000e+00  1.292955e-01 -1.155168e+02  0.000000e+00 
3  2.744371e+01  1.646393e+01  2.430000e+02  2.039748e-01 6  3.069217e-01  4.481045e+01 1  16.1083 -2.703167e-02  6.906734e-01  0  0.6600  1.598594e+11  0.000000e+00  0.000000e+00  3.683460e-01  1.793195e+02  1.932194e+01  1  0.6600  2.337112e+09  0.000000e+00  0.000000e+00  2.778843e-01  2.517069e+02  2.248443e-02  2  0.6600  3.780099e+12 -3.650438e-01  7.658804e+00  3.709251e-01  1.653990e+02  4.602307e+00  3  0.6600  8.181223e+10 -3.650438e-01  7.658804e+00  3.509849e-01  1.538582e+02  1.923032e-01  4  0.6600  1.610830e+01  0.000000e+00  0.000000e+00  9.129717e-02  9.040577e+01  0.000000e+00 
5  7.502335e+00  1.198433e+01  3.853000e+03  3.288386e-01 6 -1.000000e+00  1.559009e+01 3  18.0074  1.610574e-01  1.293356e-02 -1 -1.0000 -1.000000e+00 -1.000000e+00 -1.000000e+00 -1.000000e+00 -1.000000e+00 -1.000000e+00 -1 -1.0000 -1.000000e+00 -1.000000e+00 -1.000000e+00 -1.000000e+00 -1.000000e+00 -1.000000e+00  0  2.2580  1.346076e+12  0.000000e+00  0.000000e+00  2.534660e-01  1.215509e+02  3.635631e+00  1  2.2580  2.029854e+10  0.000000e+00  0.000000e+00  2.917478e-01  1.398585e+02  2.221058e-02  2  2.2580  1.800740e+01  0.000000e+00  0.000000e+00  2.747813e-01  9.893109e+01  0.000000e+00 
3  4.873080e+01  2.185558e+01  2.889000e+03  9.405402e-01 6  2.837852e-01  6.623841e+01 1  15.5284 -7.592200e-01  6.338763e-01  0  0.6540  1.249712e+12  0.000000e+00  0.000000e+00  1.819760e-01 -1.099393e+02  1.698141e+01  1  0.6540  5.022050e+10  0.000000e+00  0.000000e+00  1.989034e-01 -4.689216e+01  7.502614e-02  2  0.6540  3.837913e+12 -1.166729e+00  8.631265e+00  1.068559e-02 -8.836646e+01  8.051379e+00  3  0.6540  8.241247e+10 -1.166729e+00  8.631265e+00  3.228804e-01 -5.756400e+01  1.117110e-01  4  0.6540  1.552840e+01  0.000000e+00  0.000000e+00  2.514712e-01 -9.014530e+01  0.000000e+00 
2  2.159788e+01  9.454248e+00  9.005000e+03  1.127011e+00 6  2.723885e-01  2.966882e+01 1   8.8872  9.008207e-01  1.764819e+00  0  1.5670  6.440256e+12  0.000000e+00  0.000000e+00  3.384869e-01 -1.781177e+02  6.671449e+00  1  1.5670  8.073954e+10  0.000000e+00  0.000000e+00  2.611527e-01 -1.910184e+02  2.901146e-02  2  1.5670  1.305350e+13 -5.496169e-01  9.720514e+00  5.186802e-02  1.470577e+02  3.354900e+00  3  1.5670  1.072754e+11 -5.496169e-01  9.720514e+00  3.685920e-01  1.604028e+02  5.203216e-02  4  1.5670  8.887210e+00  0.000000e+00  0.000000e+00  8.497991e-02  1.698798e+02  0.000000e+00 
1  3.239128e+01  5.903385e+01  7.088000e+03  2.642699e+00 0 -1.000000e+00  5.903385e+01 2  13.3636  3.244733e+00 -1.337171e+00 -1 -1.0000 -1.000000e+00 -1.000000e+00 -1.000000e+00 -1.000000e+00 -1.000000e+00 -1.000000e+00 -1 -1.0000 -1.000000e+00 -1.000000e+00 -1.000000e+00 -1.000000e+00 -1.000000e+00 -1.000000e+00  0  0.3550  3.721485e+13  0.000000e+00  0.000000e+00  2.559754e-01  1.746090e+02  8.220223e+00  1  0.3550  3.001235e+11  0.000000e+00  0.000000e+00  4.683378e-01  1.455644e+02  3.555185e-01  2  0.3550  1.336360e+01  0.000000e+00  0.000000e+00  2.248967e-01  8.015600e+01  0.000000e+00 
1  6.796709e+01  1.527719e+02  5.610000e+03  4.502894e-01 0 -1.000000e+00  1.527719e+02 2  11.7075 -3.888274e-01 -2.062436e-01 -1 -1.0000 -1.000000e+00 -1.000000e+00 -1.000000e+00 -1.000000e+00 -1.000000e+00 -1.000000e+00 -1 -1.0000 -1.000000e+00 -1.000000e+00 -1.000000e+00 -1.000000e+00 -1.000000e+00 -1.000000e+00  0  0.4900  8.316066e+11  0.000000e+00  0.000000e+00  3.241599e-01  1.212518e+02  7.222463e+00  1  0.4900  2.729319e+10  0.000000e+00  0.000000e+00  2.513759e-01  1.089485e+02  1.805920e-01  2  0.4900  1.170750e+01  0.000000e+00  0.000000e+00  1.988206e-01  1.211576e+02  0.000000e+00 
3  1.752184e+02  2.653809e+02  1.723000e+03  1.970592e+00 6  2.883141e-01  2.968638e+02 1   7.5832 -7.699111e+00  4.038543e-01  0  0.6920  6.425400e+12  0.000000e+00  0.000000e+00  2.225758e-01 -6.579358e+01  1.496414e+01  1  0.6920  7.581895e+10  0.000000e+00  0.000000e+00  3.653320e-01 -7.635860e+01  1.707487e-01  2  0.6920  1.125703e+14 -5.686888e+01 -1.015741e+01  3.166949e-01 -3.584445e+01  4.127014e+00  3  0.6920  3.559744e+11 -5.686888e+01 -1.015741e+01  2.359471e-01 -4.678842e+01  5.431429e-01  4  0.6920  7.583190e+00  0.000000e+00  0.000000e+00  8.822402e-02  1.599275e+02  0.000000e+00 
3  2.592473e+01  1.181550e+01  6.371000e+03  7.610993e-01 6 -1.000000e+00  3.319683e+01 1  14.5968  7.476857e-01  3.714753e-01 -1 -1.0000 -1.000000e+00 -1.000000e+00 -1.000000e+00 -1.000000e+00 -1.000000e+00 -1.000000e+00 -1 -1.0000 -1.000000e+00 -1.000000e+00 -1.000000e+00 -1.000000e+00 -1.000000e+00 -1.000000e+00  0  0.8480  4.403314e+12  0.000000e+00  0.000000e+00  2.473611e-01 -1.458610e+02  6.919236e+00  1  0.8480  5.210364e+10  0.000000e+00  0.000000e+00  2.028039e-01 -1.630499e+02  5.264763e-02  2  0.8480  1.459680e+01  0.000000e+00  0.000000e+00  2.181222e-01 -1.499020e+02  0.000000e+00 
3  4.919945e+01  7.088345e+01  5.792000e+03  3.561243e-01 6 -1.000000e+00  7.246810e+01 1   8.0936  8.248853e-02 -6.697221e-03 -1 -1.0000 -1.000000e+00 -1.000000e+00 -1.000000e+00 -1.000000e+00 -1.000000e+00 -1.000000e+00 -1 -1.0000 -1.000000e+00 -1.000000e+00 -1.000000e+00 -1.000000e+00 -1.000000e+00 -1.000000e+00  0  0.8770  9.605145e+11  0.000000e+00  0.000000e+00  3.006818e-01 -4.713194e-01  3.932371e+00  1  0.8770  2.667243e+10  0.000000e+00  0.000000e+00  2.155355e-01  5.604483e+01  8.851826e-02  2  0.8770  8.093570e+00  0.000000e+00  0.000000e+00  8.875447e-02 -1.646221e+02  0.000000e+00 
2  2.971543e+01  1.758255e+01  4.175000e+03  1.639914e+00 6 -1.000000e+00  8.528694e+01 2  10.9945 -7.606342e-01 -4.885699e-01 -1 -1.0000 -1.000000e+00 -1.000000e+00 -1.000000e+00 -1.000000e+00 -1.000000e+00 -1.000000e+00 -1 -1.0000 -1.000000e+00 -1.000000e+00 -1.000000e+00 -1.000000e+00 -1.000000e+00 -1.000000e+00  0  0.9030  3.371672e+13  0.000000e+00  0.000000e+00  1.480501e-01 -5.586444e+01  4.062138e+00  1  0.9030  1.420608e+11  0.000000e+00  0.000000e+00  2.480593e-01 -2.578302e+01  7.425494e-02  2  0.9030  1.099450e+01  0.000000e+00  0.000000e+00  8.347716e-02 -7.196339e+01  0.000000e+00 
1  1.049917e+02  1.892989e+02  2.707000e+03  7.667837e-02 0  3.099782e-01  1.892989e+02 2  18.6754  1.910787e-01 -3.846549e-02  0  1.4340  7.498269e+09  0.000000e+00  0.000000e+00  1.007479e-01 -3.306670e+01  5.199789e+01  1  1.4340  2.363864e+06  0.000000e+00  0.000000e+00  1.866280e-01  1.351779e+01  3.664827e-02  2  1.4340  1.229171e+12  7.887103e-01  1.763489e-01  1.678676e-01 -7.718338e+01  7.868944e+00  3  1.4340  3.431153e+10  7.887103e-01  1.763489e-01  5.828427e-01 -1.401072e+02  5.636772e-02  4  1.4340  1.867540e+01  0.000000e+00  0.000000e+00  3.074355e-01 -4.105080e+01  0.000000e+00 
3  3.289434e+01  4.584906e+01  6.302000e+03  4.806652e-01 6 -1.000000e+00  4.844073e+01 1  11.9349  4.033861e-02 -2.047091e-01 -1 -1.0000 -1.000000e+00 -1.000000e+00 -1.000000e+00 -1.000000e+00 -1.000000e+00 -1.000000e+00 -1 -1.0000 -1.000000e+00 -1.000000e+00 -1.000000e+00 -1.000000e+00 -1.000000e+00 -1.000000e+00  0  0.3500  9.652834e+11  0.000000e+00  0.000000e+00  4.210852e-01  4.316976e+01  9.572761e+00  1  0.3500  3.774073e+10  0.000000e+00  0.000000e+00  1.355458e-01  3.045255e+01  3.222430e-01  2  0.3500  1.193490e+01  0.000000e+00  0.000000e+00  1.500756e-01  1.036890e+02  0.000000e+00 
3  1.136797e+02  6.836963e+01  5.994000e+03  5.062481e-01 6 -1.000000e+00  1.388327e+02 1   5.7378  3.803538e-01 -2.153512e-01 -1 -1.0000 -1.000000e+00 -1.000000e+00 -1.000000e+00 -1.000000e+00 -1.000000e+00 -1.000000e+00 -1 -1.0000 -1.000000e+00 -1.000000e+00 -1.000000e+00 -1.000000e+00 -1.000000e+00 -1.000000e+00  0  1.0360  2.066411e+12  0.000000e+00  0.000000e+00  6.798582e-01  1.688572e+02  4.236907e+00  1  1.0360  6.406248e+10  0.000000e+00  0.000000e+00  1.121939e-01  2.086920e+02  9.892785e-02  2  1.0360  5.737820e+00  0.000000e+00  0.000000e+00  5.896079e-02  1.954324e+01  0.000000e+00 
3  1.818378e+01  1.523804e+01  4.105000e+03  2.105729e-01 6 -1.000000e+00  2.713730e+01 1  10.1165 -1.635169e-01  1.236896e-02 -1 -1.0000 -1.000000e+00 -1.000000e+00 -1.000000e+00 -1.000000e+00 -1.000000e+00 -1.000000e+00 -1 -1.0000 -1.000000e+00 -1.000000e+00 -1.000000e+00 -1.000000e+00 -1.000000e+00 -1.000000e+00  0  1.1610  6.411774e+11  0.000000e+00  0.000000e+00  1.764796e-01 -3.157259e+01  6.193769e+00  1  1.1610  1.387446e+10  0.000000e+00  0.000000e+00  3.028144e-01 -8.601111e+00  9.603280e-02  2  1.1610  1.011650e+01  0.000000e+00  0.000000e+00  1.327373e-01 -1.355379e+02  0.000000e+00 
3  3.821625e+01  2.727527e+01  7.537000e+03  5.134989e-01 6 -1.000000e+00  8.251719e+01 3  10.3757 -2.331019e-01 -9.347288e-02 -1 -1.0000 -1.000000e+00 -1.000000e+00 -1.000000e+00 -1.000000e+00 -1.000000e+00 -1.000000e+00 -1 -1.0000 -1.000000e+00 -1.000000e+00 -1.000000e+00 -1.000000e+00 -1.000000e+00 -1.000000e+00  0  1.5330  1.746388e+12  0.000000e+00  0.000000e+00  1.905825e-01 -1.471985e+02  5.283234e+00  1  1.5330  4.357362e+10  0.000000e+00  0.000000e+00  7.394952e-02 -1.457404e+02  3.642852e-02  2  1.5330  1.037570e+01  0.000000e+00  0.000000e+00  1.885458e-01  1.225113e+02  0.000000e+00 
1  5.655166e+01  1.021141e+02  7.224000e+03  2.128953e+00 0  2.984254e-01  1.021141e+02 2  15.4580 -8.553765e+00  3.634955e+00  0  0.3780  5.997937e+12  0.000000e+00  0.000000e+00  5.432480e-01 -1.580383e+02  1.622850e+01  1  0.3780  9.200290e+10  0.000000e+00  0.000000e+00  1.800193e-01 -1.674702e+02  4.044772e-01  2  0.3780  9.113772e+13 -2.577719e+01  4.040646e+00  3.145425e-01  7.132709e+01  8.088183e+00  3  0.3780  3.967299e+11 -2.577719e+01  4.040646e+00  4.365931e-01  7.965320e+01  6.123187e-01  4  0.3780  1.545800e+01  0.000000e+00  0.000000e+00  1.127258e-01  1.716901e+02  0.000000e+00 
1  6.137389e+01  1.412404e+02  7.811000e+03  1.415536e+00 0  2.766017e-01  1.412404e+02 2  12.5600  2.281446e+00  4.700473e+00  0  1.4330  2.324990e+12  0.000000e+00  0.000000e+00  2.764528e-01 -1.654015e+02  1.979998e+01  1  1.4330  5.775834e+10  0.000000e+00  0.000000e+00  3.234129e-01 -1.528653e+02  4.312336e-02  2  1.4330  1.583075e+13  4.324577e+00  8.721709e+00  2.345134e-01 -1.074018e+02  4.323975e+00  3  1.4330  1.166776e+11  4.324577e+00  8.721709e+00  1.809301e-01 -1.221971e+02  5.970581e-02  4  1.4330  1.256000e+01  0.000000e+00  0.000000e+00  2.554775e-01 -3.469379e+01  0.000000e+00 
3  4.287154e+01  8.331597e+00  8.931000e+03  9.519660e-01 6 -1.000000e+00  1.412118e+02 2  14.1139 -9.850345e-02 -1.131625e+00 -1 -1.0000 -1.000000e+00 -1.000000e+00 -1.000000e+00 -1.000000e+00 -1.000000e+00 -1.000000e+00 -1 -1.0000 -1.000000e+00 -1.000000e+00 -1.000000e+00 -1.000000e+00 -1.000000e+00 -1.000000e+00  0  1.4370  1.701251e+13  0.000000e+00  0.000000e+00  3.032270e-01  1.590103e+02  3.367304e+00  1  1.4370  8.771363e+10  0.000000e+00  0.000000e+00  2.810623e-01  1.856364e+02  4.446770e-02  2  1.4370  1.411390e+01  0.000000e+00  0.000000e+00  1.597777e-01  6.692713e+00  0.000000e+00 
1  1.592337e+02  3.305867e+02  2.555000e+03  2.329482e-01 0  2.655150e-01  3.305867e+02 2   7.5717  1.987650e-02 -5.006296e-01  0  2.9230  7.293501e+11  0.000000e+00  0.000000e+00  2.834545e-01 -4.616043e+01  7.498177e+00  1  2.9230  1.782295e+10  0.000000e+00  0.000000e+00  4.662021e-01 -3.968319e+01  7.476946e-02  2  2.9230  5.196085e+12 -1.425887e+00 -9.334511e+00  2.760571e-01  7.674959e+01  3.730364e+00  3  2.9230  5.608757e+10 -1.425887e+00 -9.334511e+00  3.299184e-01  7.933508e+01  2.484748e-02  4  2.9230  7.571680e+00  0.000000e+00  0.000000e+00  1.533915e-01  1.634358e+02  0.000000e+00 
1  4.224798e+01  7.798442e+01  2.267000e+03  2.177334e-02 0  2.741916e-01  7.798442e+01 2  18.0150  1.133548e-02  7.151175e-02  0  2.7260  6.465188e+09  0.000000e+00  0.000000e+00  3.315663e-01  7.681906e+01  2.424490e+01  1  2.7260  5.000949e+06  0.000000e+00  0.000000e+00  6.176256e-01  1.254350e+02  3.975814e-02  2  2.7260  8.571650e+10  9.511561e-02  6.863253e-01  7.969761e-02  2.054819e+01  3.579955e+00  3  2.7260  2.921204e+08  9.511561e-02  6.863253e-01  4.403165e-01  8.641973e+01  1.620190e-02  4  2.7260  1.801500e+01  0.000000e+00  0.000000e+00  2.214907e-01 -4.072427e+01  0.000000e+00 
3  2.845808e+02  3.331602e+02  1.679000e+03  4.953221e-01 6 -1.000000e+00  4.325684e+02 1   9.7558  3.269571e-01 -5.232684e-02 -1 -1.0000 -1.000000e+00 -1.000000e+00 -1.000000e+00 -1.000000e+00 -1.000000e+00 -1.000000e+00 -1 -1.0000 -1.000000e+00 -1.000000e+00 -1.000000e+00 -1.000000e+00 -1.000000e+00 -1.000000e+00  0  0.3620  1.995745e+12  0.000000e+00  0.000000e+00  8.617322e-02 -2.317788e+01  7.075758e+00  1  0.3620  5.166752e+10  0.000000e+00  0.000000e+00  5.129151e-01 -2.747693e+01  2.765739e-01  2  0.3620  9.755770e+00  0.000000e+00  0.000000e+00  7.997916e-02  4.924403e+01  0.000000e+00 
3  4.229501e+01  1.940932e+01  2.420000e+03  1.177642e+00 6 -1.000000e+00  5.519719e+01 1  15.5390  8.288681e-01  8.619429e-01 -1 -1.0000 -1.000000e+00 -1.000000e+00 -1.000000e+00 -1.000000e+00 -1.000000e+00 -1.000000e+00 -1 -1.0000 -1.000000e+00 -1.000000e+00 -1.000000e+00 -1.000000e+00 -1.000000e+00 -1.000000e+00  0  0.6740  1.363111e+13  0.000000e+00  0.000000e+00  3.986293e-01  7.259074e+01  4.721604e+00  1  0.6740  1.247259e+11  0.000000e+00  0.000000e+00  2.793109e-01  2.543713e+01  1.472917e-01  2  0.6740  1.553900e+01  0.000000e+00  0.000000e+00  2.630876e-01  7.117148e+01  0.000000e+00 
1  1.254590e+01  2.237339e+01  8.269000e+03  1.822791e+00 0  2.836278e-01  2.237339e+01 2  16.4275  4.431297e+00 -1.998530e-01  0  0.8880  5.616253e+12  0.000000e+00  0.000000e+00  3.084235e-01  4.547331e+01  1.374287e+01  1  0.8880  6.866622e+10  0.000000e+00  0.000000e+00  2.290316e-01  4.855020e+01  2.527096e-01  2  0.8880  9.025086e+13  3.708359e+01  2.560024e+00  1.566698e-01 -1.104631e+01  5.897470e+00  3  0.8880  3.203711e+11  3.708359e+01  2.560024e+00  1.809535e-01 -8.358533e+00  1.888885e-01  4  0.8880  1.642750e+01  0.000000e+00  0.000000e+00  1.954740e-01  1.116551e+02  0.000000e+00 
3  7.254087e+01  5.534654e+00  2.700000e+02  1.263716e+00 6  2.729530e-01  1.313383e+02 2  18.0025 -6.090383e-02 -5.301241e-01  0  1.4830  4.443027e+12  0.000000e+00  0.000000e+00  1.691543e-01  1.181422e+02  8.043051e+00  1  1.4830  8.395383e+10  0.000000e+00  0.000000e+00  3.676689e-01  1.257093e+02  6.016604e-02  2  1.4830  1.188485e+13 -1.862453e+01  3.150993e+00  1.883473e-01 -1.077219e+02  4.823526e+00  3  1.4830  1.316543e+11 -1.862453e+01  3.150993e+00  3.833883e-01 -6.913990e+01  8.065647e-02  4  1.4830  1.800250e+01  0.000000e+00  0.000000e+00  2.312701e-01 -1.141131e+02  0.000000e+00 
3  4.495506e+01  3.442063e+01  4.808000e+03  4.492055e-01 6  3.130618e-01  6.626588e+01 1  16.9294  9.658770e-01 -9.858662e-01  0  0.4920  3.382600e+11  0.000000e+00  0.000000e+00  2.756645e-01  1.393331e+01  2.237120e+01  1  0.4920  1.540834e+10  0.000000e+00  0.000000e+00  2.452295e-01  9.723343e+00  5.267667e-02  2  0.4920  1.020536e+13  1.026044e+01 -1.519353e+01  3.465012e-01 -1.391847e+02  4.057229e+00  3  0.4920  1.408288e+11  1.026044e+01 -1.519353e+01  2.232557e-01 -1.013786e+02  1.244317e-01  4  0.4920  1.692940e+01  0.000000e+00  0.000000e+00  1.624786e-01 -8.170427e+01  0.000000e+00 
1  1.108377e+01  1.985137e+01  2.037000e+03  5.702082e-02 0  2.706399e-01  1.985137e+01 2  16.1115  9.122964e-02 -1.819062e-01  0  2.9740  1.072266e+11  0.000000e+00  0.000000e+00  3.739923e-01 -3.766875e+01  1.158549e+01  1  2.9740  5.515330e+08  0.000000e+00  0.000000e+00  3.268989e-01 -2.070628e+01  1.428680e-01  2  2.9740  5.986032e+11  8.243409e+00 -5.536102e+00  2.600572e-01 -1.302608e+02  4.010860e+00  3  2.9740  6.107422e+09  8.243409e+00 -5.536102e+00  4.784887e-01 -7.249685e+01  3.931239e-02  4  2.9740  1.611150e+01  0.000000e+00  0.000000e+00  6.131645e-02 -5.393334e+01  0.000000e+00 
1  6.621359e+01  1.267244e+02  8.211000e+03  4.053308e+00 0 -1.000000e+00  1.267244e+02 2  17.4593 -1.114004e+01 -4.573911e+00 -1 -1.0000 -1.000000e+00 -1.000000e+00 -1.000000e+00 -1.000000e+00 -1.000000e+00 -1.000000e+00 -1 -1.0000 -1.000000e+00 -1.000000e+00 -1.000000e+00 -1.000000e+00 -1.000000e+00 -1.000000e+00  0  0.4450  9.297700e+13  0.000000e+00  0.000000e+00  4.266170e-01  8.393393e+01  5.345133e+00  1  0.4450  3.008081e+11  0.000000e+00  0.000000e+00  3.201500e-01  4.125686e+01  3.358804e-01  2  0.4450  1.745930e+01  0.000000e+00  0.000000e+00  3.578936e-01  1.279451e+02  0.000000e+00 
3  6.775158e+01  5.943569e+01  6.108000e+03  1.382443e-01 6 -1.000000e+00  1.050459e+02 1   8.3296 -1.021319e-01 -2.539520e-02 -1 -1.0000 -1.000000e+00 -1.000000e+00 -1.000000e+00 -1.000000e+00 -1.000000e+00 -1.000000e+00 -1 -1.0000 -1.000000e+00 -1.000000e+00 -1.000000e+00 -1.000000e+00 -1.000000e+00 -1.000000e+00  0  2.9070  7.207722e+11  0.000000e+00  0.000000e+00  3.603014e-02 -1.412422e+01  4.068755e+00  1  2.9070  1.086957e+10  0.000000e+00  0.000000e+00  4.649045e-01 -1.575759e+01  3.515484e-02  2  2.9070  8.329640e+00  0.000000e+00  0.000000e+00  4.504246e-02  5.261868e+01  0.000000e+00 
3  1.947010e+01  1.811063e+01  9.258000e+03  1.304226e+00 6 -1.000000e+00  2.930886e+01 1  16.3201 -6.060346e-01  6.744148e-01 -1 -1.0000 -1.000000e+00 -1.000000e+00 -1.000000e+00 -1.000000e+00 -1.000000e+00 -1.000000e+00 -1 -1.0000 -1.000000e+00 -1.000000e+00 -1.000000e+00 -1.000000e+00 -1.000000e+00 -1.000000e+00  0  0.7460  1.292158e+13  0.000000e+00  0.000000e+00  1.855372e-01 -1.983274e+01  7.060165e+00  1  0.7460  9.201700e+10  0.000000e+00  0.000000e+00  3.464861e-01 -9.260033e+00  1.228629e-01  2  0.7460  1.632010e+01  0.000000e+00  0.000000e+00  1.553008e-01  1.264911e+02  0.000000e+00 
3  9.233336e+00  2.529379e+00  3.204000e+03  1.404295e+00 6 -1.000000e+00  1.913476e+01 2  16.3250  5.532362e-01 -7.956739e-01 -1 -1.0000 -1.000000e+00 -1.000000e+00 -1.000000e+00 -1.000000e+00 -1.000000e+00 -1.000000e+00 -1 -1.0000 -1.000000e+00 -1.000000e+00 -1.000000e+00 -1.000000e+00 -1.000000e+00 -1.000000e+00  0  1.3710  1.057209e+13  0.000000e+00  0.000000e+00  3.716506e-01 -7.550493e+01  5.272571e+00  1  1.3710  5.979721e+10  0.000000e+00  0.000000e+00  4.246063e-01 -7.054965e+01  4.717350e-02  2  1.3710  1.632500e+01  0.000000e+00  0.000000e+00  2.229352e-01 -1.509686e+02  0.000000e+00 
1  2.843708e+01  5.332109e+01  8.156000e+03  3.179159e-01 0 -1.000000e+00  5.332109e+01 2  16.1236 -1.588335e-01  9.194072e-02 -1 -1.0000 -1.000000e+00 -1.000000e+00 -1.000000e+00 -1.000000e+00 -1.000000e+00 -1.000000e+00 -1 -1.0000 -1.000000e+00 -1.000000e+00 -1.000000e+00 -1.000000e+00 -1.000000e+00 -1.000000e+00  0  0.6200  5.704056e+11  0.000000e+00  0.000000e+00  3.565916e-01  7.087264e+01  9.441866e+00  1  0.6200  2.112871e+10  0.000000e+00  0.000000e+00  4.829912e-01  1.012792e+02  3.627998e-01  2  0.6200  1.612360e+01  0.000000e+00  0.000000e+00  1.305792e-01  7.805719e+00  0.000000e+00 
3  1.887171e+02  9.433856e+01  1.280000e+02  6.470690e-01 6 -1.000000e+00  2.676245e+02 1  13.2592  4.173867e-01 -3.869126e-01 -1 -1.0000 -1.000000e+00 -1.000000e+00 -1.000000e+00 -1.000000e+00 -1.000000e+00 -1.000000e+00 -1 -1.0000 -1.000000e+00 -1.000000e+00 -1.000000e+00 -1.000000e+00 -1.000000e+00 -1.000000e+00  0  1.2900  3.219388e+12  0.000000e+00  0.000000e+00  2.185941e-01  1.010518e+02  4.960680e+00  1  1.2900  5.452929e+10  0.000000e+00  0.000000e+00  2.706802e-01  1.357770e+02  7.676348e-02  2  1.2900  1.325920e+01  0.000000e+00  0.000000e+00  4.866276e-02 -4.632079e+01  0.000000e+00 
2  2.702996e+01  1.607113e+01  3.960000e+02  4.987493e-01 6 -1.000000e+00  3.843851e+01 1   9.7875 -3.415641e-01 -1.635926e-02 -1 -1.0000 -1.000000e+00 -1.000000e+00 -1.000000e+00 -1.000000e+00 -1.000000e+00 -1.000000e+00 -1 -1.0000 -1.000000e+00 -1.000000e+00 -1.000000e+00 -1.000000e+00 -1.000000e+00 -1.000000e+00  0  1.7730  2.892153e+12  0.000000e+00  0.000000e+00  1.712958e-01 -1.058406e+02  2.740819e+00  1  1.7730  4.499088e+10  0.000000e+00  0.000000e+00  1.856093e-01 -6.352076e+01  2.542969e-02  2  1.7730  9.787460e+00  0.000000e+00  0.000000e+00  9.807661e-02  2.851602e+01  0.000000e+00 
3  6.693762e+01  3.183855e+01  8.199000e+03  3.664142e-01 6 -1.000000e+00  9.774579e+01 1  15.1555  1.745913e-01  3.040728e-01 -1 -1.0000 -1.000000e+00 -1.000000e+00 -1.000000e+00 -1.000000e+00 -1.000000e+00 -1.000000e+00 -1 -1.0000 -1.000000e+00 -1.000000e+00 -1.000000e+00 -1.000000e+00 -1.000000e+00 -1.000000e+00  0  2.2560  1.244619e+12  0.000000e+00  0.000000e+00  2.837532e-01 -1.649382e+02  4.608640e+00  1  2.2560  2.304677e+10  0.000000e+00  0.000000e+00  2.719206e-01 -1.086164e+02  7.474405e-02  2  2.2560  1.515550e+01  0.000000e+00  0.000000e+00  5.409398e-02 -8.093714e+01  0.000000e+00 
1  3.657152e+02  6.382213e+02  8.185000e+03  6.577978e-01 0 -1.000000e+00  6.382213e+02 2   9.9877 -6.141832e-01 -2.638273e-01 -1 -1.0000 -1.000000e+00 -1.000000e+00 -1.000000e+00 -1.000000e+00 -1.000000e+00 -1.000000e+00 -1 -1.0000 -1.000000e+00 -1.000000e+00 -1.000000e+00 -1.000000e+00 -1.000000e+00 -1.000000e+00  0  0.6910  6.507371e+12  0.000000e+00  0.000000e+00  2.862063e-01  7.496230e+01  3.387811e+00  1  0.6910  8.299777e+10  0.000000e+00  0.000000e+00  2.307032e-01  7.230368e+01  4.039756e-01  2  0.6910  9.987710e+00  0.000000e+00  0.000000e+00  1.846786e-01  1.349092e+02  0.000000e+00 
3  3.977760e+01  1.816648e+01  6.639000e+03  1.149940e+00 6 -1.000000e+00  7.553171e+01 2  12.0926 -8.740443e-01 -2.840824e-01 -1 -1.0000 -1.000000e+00 -1.000000e+00 -1.000000e+00 -1.000000e+00 -1.000000e+00 -1.000000e+00 -1 -1.0000 -1.000000e+00 -1.000000e+00 -1.000000e+00 -1.000000e+00 -1.000000e+00 -1.000000e+00  0  0.7620  1.123592e+13  0.000000e+00  0.000000e+00  1.148904e-01  2.401543e+01  5.979834e+00  1  0.7620  9.804142e+10  0.000000e+00  0.000000e+00  3.938184e-01 -4.134354e+01  1.147828e-01  2  0.7620  1.209260e+01  0.000000e+00  0.000000e+00  1.076898e-01 -8.347018e+01  0.000000e+00 
3  1.113570e+02  8.501093e+01  6.716000e+03  3.940215e-01 6 -1.000000e+00  1.619300e+02 1   5.8181  1.725975e-01  2.040939e-01 -1 -1.0000 -1.000000e+00 -1.000000e+00 -1.000000e+00 -1.000000e+00 -1.000000e+00 -1.000000e+00 -1 -1.0000 -1.000000e+00 -1.000000e+00 -1.000000e+00 -1.000000e+00 -1.000000e+00 -1.000000e+00  0  1.9800  1.198854e+12  0.000000e+00  0.000000e+00  2.406165e-01  5.675942e+01  8.311363e+00  1  1.9800  3.243954e+10  0.000000e+00  0.000000e+00  9.020655e-02  5.717553e+01  9.340668e-02  2  1.9800  5.818130e+00  0.000000e+00  0.000000e+00  8.148086e-02 -1.742383e+02  0.000000e+00 
