# num_image x_src y_src, sep, ein, fr, zs, fs, flag_out, frac_sh_trunc
# x_img, y_img, mag, delay, n_i, kappa, gamma1, gamma2, kappa*
# zmin, zmax, log10Mhmin, log10Mhmax, log10mshmin, log10mshmax, n_bins: 0.10, 3.00, 10.00, 16.00, 9.00, 16.00, 100
3 -8.589755e-03 -6.670714e-01  1.796223e+00  7.461367e-01  1.513969e-01  1.515330e+01 6 1 -1.000000e+00
 3.945676e-01 -1.443015e+00  1.644851e+00  0.000000e+00  0.000000e+00  2.026664e-01  1.544587e-01 -6.265382e-02  1.301121e-02
 2.863756e-02  3.155390e-01 -2.490253e-01  1.205250e+02  5.000000e-01  1.021381e+00  1.925919e+00 -5.540301e-01  6.474936e-01
 5.460884e-05  1.446062e-02  8.901136e-04  1.293159e+02  1.000000e+00  3.623096e+01  1.085208e+01  2.968660e-02  3.546824e+01
1 -5.337940e-01 -1.040664e+00  0.000000e+00  8.648524e-01  0.000000e+00  1.632430e+01 0 2  2.789407e-01
 1.125199e+00  1.568842e+00  4.907647e+00  0.000000e+00  0.000000e+00  3.886885e-01  1.609140e-02 -4.119214e-01  5.020831e-03
1  1.662847e-01 -1.737698e-01  0.000000e+00  5.942565e-02  0.000000e+00  1.371740e+01 0 2  2.948576e-01
 1.012295e-01 -2.132388e-02  4.381585e+00  0.000000e+00  0.000000e+00  4.534710e-01 -2.654279e-01 -3.752253e-03  4.484645e-03
5 -1.141356e-01 -3.291598e-02  1.435960e+00  8.408367e-01  1.000000e+00  1.756740e+01 6 3 -1.000000e+00
-4.781411e-01 -8.067880e-01  3.022594e+00  0.000000e+00  0.000000e+00  3.893816e-01  1.214841e-01 -1.650902e-01  5.267346e-02
 5.260764e-01  6.447232e-02 -1.388656e+00  1.222734e+01  5.000000e-01  8.654477e-01 -8.591823e-01 -5.542739e-03  3.843602e-01
-5.607567e-01  3.857664e-01 -1.199675e+01  4.904435e+00  5.000000e-01  4.706908e-01 -1.973548e-01  5.697150e-01  7.597849e-02
-3.275805e-01  6.212569e-01  1.194578e+01  4.827281e+00  0.000000e+00  4.296305e-01  1.568678e-01  4.658350e-01  5.029807e-02
 1.088208e-02  3.490161e-03  6.801064e-03  1.713992e+01  1.000000e+00  1.487003e+01 -5.384086e+00 -4.043938e+00  1.336335e+01
2  2.598961e-01 -1.926554e-01  1.068579e+00  4.042778e-01  1.745528e-01  1.631020e+01 6 1 -1.000000e+00
 7.407654e-01 -3.436826e-01  2.450006e+00  0.000000e+00  0.000000e+00  3.058329e-01 -9.545576e-02  2.541531e-01  1.172635e-03
-1.944176e-01  1.733222e-01 -4.276554e-01  9.526323e+01  5.000000e-01  5.894336e-01 -1.695899e-01  1.574209e+00  3.958395e-02
2 -1.029571e+00 -2.905891e-01  1.354343e+00  6.849082e-01  1.464460e-01  1.757690e+01 6 1  2.697134e-01
 8.592668e-02 -3.762824e-01 -4.359014e-01  1.501100e+02  5.000000e-01  1.069187e+00  1.386526e+00  6.135383e-01  7.545847e-02
-9.034120e-01  5.486252e-01  2.976534e+00  0.000000e+00  0.000000e+00  3.520215e-01 -5.273210e-02  2.848406e-01  2.381166e-03
3  1.095982e+00  5.957768e-01  3.949763e+00  2.504429e+00  3.464830e-02  7.184900e+00 6 2 -1.000000e+00
 2.506975e+00  2.041823e+00  8.009451e+00  0.000000e+00  0.000000e+00  4.940854e-01 -9.219957e-02 -3.501376e-01  3.532645e-03
-6.787067e-01 -2.931415e-01 -2.775138e-01  3.966529e+02  5.000000e-01  1.250811e+00 -1.172728e+00 -1.513618e+00  2.698410e-01
-1.145819e-02 -3.540026e-03  1.426135e-04  4.439565e+02  1.000000e+00  8.979225e+01 -2.893696e+01 -5.895591e+00  8.744593e+01
3  3.538104e-01 -1.776062e-01  1.411545e+00  5.684326e-01  3.032392e-01  3.622620e+00 6 1 -1.000000e+00
 9.086075e-01 -5.227627e-01  2.128526e+00  0.000000e+00  0.000000e+00  2.667392e-01 -1.798715e-01  1.884382e-01  2.771428e-02
-3.075295e-01  1.938053e-01 -6.454525e-01  5.107897e+01  5.000000e-01  7.840018e-01 -6.763220e-01  1.067026e+00  3.929695e-01
-9.329443e-03  6.562011e-03  1.344148e-03  5.889716e+01  1.000000e+00  2.976478e+01 -3.271761e-01  9.129053e+00  2.885440e+01
1 -1.802150e+00  2.310125e+00  0.000000e+00  3.540837e+00  0.000000e+00  1.320130e+01 0 2 -1.000000e+00
-1.936128e+00  5.882793e+00  4.252199e+00  0.000000e+00  0.000000e+00  4.227359e-01  2.317246e-01  2.106302e-01  2.613715e-04
1  5.169937e-02 -1.744530e-01  0.000000e+00  5.898131e-02  0.000000e+00  1.193940e+01 0 2  2.703232e-01
-1.326911e-01 -4.631035e-02  3.694878e+00  0.000000e+00  0.000000e+00  4.380768e-01 -2.075466e-01  4.513456e-02  8.310359e-03
3 -3.175647e-01 -6.556359e-01  2.462549e+00  1.135968e+00  3.255434e-01  1.192980e+01 6 1 -1.000000e+00
-7.443374e-01 -1.799596e+00  1.769108e+00  0.000000e+00  0.000000e+00  2.374291e-01  9.977846e-02 -7.938569e-02  1.062574e-02
 2.974967e-01  4.317108e-01 -5.759214e-01  1.386586e+02  5.000000e-01  8.538630e-01  4.905779e-01 -1.231681e+00  3.750544e-01
 8.025302e-03  1.237525e-02  6.675708e-04  1.541780e+02  1.000000e+00  4.196809e+01  2.325659e+00 -1.322903e+01  4.076906e+01
3 -1.917905e-02  5.187805e-02  1.624939e+00  8.540330e-01  4.544478e-01  7.578510e+00 6 3 -1.000000e+00
 6.370619e-02 -8.603697e-01 -6.576164e+00  9.885558e+00  5.000000e-01  4.642357e-01  6.311414e-01  2.019116e-01  9.989835e-02
-8.009033e-01  5.154489e-01  1.447067e+01  0.000000e+00  0.000000e+00  4.134388e-01 -1.604076e-01  4.992176e-01  3.908541e-02
 8.056561e-05 -6.261898e-04  1.605987e-04  5.216214e+01  1.000000e+00  8.231928e+01  1.522195e+01 -1.242637e+01  8.078380e+01
3 -3.285254e+00 -1.851440e+00  1.905842e+00  1.043320e+00  6.032760e-01  1.632000e+01 6 1  2.973166e-01
-5.942673e-01 -1.216940e+00  2.846098e+00  0.000000e+00  0.000000e+00  3.272806e-01  2.359752e-01 -2.133278e-01  4.527152e-03
 1.322145e-01  5.450076e-01 -1.716983e+00  8.286395e+01  5.000000e-01  7.618908e-01  7.572171e-01 -2.563890e-01  3.855694e-02
 3.690425e-03  5.499179e-03  5.405731e-04  1.013903e+02  1.000000e+00  4.647426e+01 -4.802934e+00 -1.396251e+01  4.238468e+01
3  2.801372e-01  5.019192e-01  1.540173e+00  9.754744e-01  7.903598e-02  8.409010e+00 6 2 -1.000000e+00
 5.123133e-01  1.214182e+00  3.532616e+00  0.000000e+00  0.000000e+00  3.596466e-01  2.545578e-01 -2.493521e-01  7.231169e-03
-1.566337e-01 -1.731331e-01 -2.792038e-01  1.209834e+02  5.000000e-01  1.835742e+00  5.727969e-01 -1.987959e+00  9.309000e-01
-2.611086e-02 -2.531078e-02  8.621482e-03  1.231096e+02  1.000000e+00  1.441892e+01 -1.428338e+00 -7.876425e+00  1.288873e+01
3  1.057364e-01  4.673659e-01  6.489174e-01  2.663695e-01  8.874728e-01  1.643090e+01 6 3  2.753716e-01
-7.198242e-02 -2.807423e-01 -5.013780e+00  7.879359e+00  5.000000e-01  6.816500e-01  3.967969e-01 -3.786149e-01  5.177451e-02
-2.385675e-01  3.464285e-01  4.449594e+00  0.000000e+00  0.000000e+00  4.721567e-01  3.429325e-02  2.295710e-01  1.041478e-02
 1.452885e-04 -5.988514e-04  2.509560e-04  1.689179e+01  1.000000e+00  6.966259e+01  2.645377e+01  5.476141e+00  6.569519e+01
3 -8.053576e-02  3.976801e-02  7.654783e-01  3.421852e-01  6.678201e-01  9.886900e+00 6 1 -1.000000e+00
 3.019098e-01  3.642651e-02 -1.692474e+00  2.726571e+01  5.000000e-01  5.094209e-01 -8.729147e-01 -2.637022e-01  5.085607e-02
-3.676753e-01  4.073885e-01  2.534326e+00  0.000000e+00  0.000000e+00  3.358552e-01 -5.275324e-02  2.091008e-01  7.419513e-03
 2.767180e-04 -1.245931e-04  2.464140e-05  5.528918e+01  1.000000e+00  2.042276e+02  1.092315e+01 -2.449544e+01  2.021310e+02
3 -4.190384e-02  7.926447e-02  7.656199e-01  3.159726e-01  8.293576e-01  1.306070e+01 6 3 -1.000000e+00
-1.296578e-01  4.700176e-01  3.866966e+00  0.000000e+00  0.000000e+00  4.126614e-01  2.073195e-01  2.082898e-01  1.499098e-02
 1.645048e-01 -2.368361e-01 -3.207098e+00  2.198813e+01  5.000000e-01  5.517580e-01  1.284775e-01  7.044308e-01  4.832519e-02
 1.269101e-04 -3.551799e-04  2.160141e-05  4.460335e+01  1.000000e+00  2.214659e+02  4.767338e+01  6.259595e+00  2.192251e+02
3  1.276616e+00  9.524859e-01  2.967676e+00  1.615353e+00  3.621160e-01  5.818450e+00 6 1  2.756767e-01
-1.726292e+00  1.753699e+00  2.807658e+00  0.000000e+00  0.000000e+00  3.598087e-01 -2.847139e-02  2.299251e-01  1.341087e-03
 4.488642e-01 -2.651622e-01 -1.016698e+00  3.898175e+02  5.000000e-01  1.315636e+00 -5.014118e-01  9.120244e-01  1.508578e-01
 1.275195e-02 -6.648757e-03  5.682346e-04  4.086863e+02  1.000000e+00  4.919403e+01 -1.630136e+01  1.723641e+01  4.562567e+01
3 -2.211078e-01  1.217616e+00  1.639525e+00  8.070390e-01  2.480790e-01  7.188120e+00 6 1  2.681990e-01
 1.240042e+00  3.792939e-01  1.869308e+00  0.000000e+00  0.000000e+00  2.438063e-01 -1.666818e-01 -9.533514e-02  2.298669e-03
-3.549031e-01 -4.318443e-04 -4.637359e-01  3.263960e+02  5.000000e-01  8.034515e-01 -1.481554e+00 -5.369764e-03  1.637512e-01
-9.611214e-04  2.609487e-05  3.477953e-06  4.093512e+02  1.000000e+00  5.885056e+02 -2.252675e+02  8.301758e+01  5.856380e+02
3 -7.592769e-01  3.470050e-01  2.837980e+00  1.313581e+00  1.269001e-01  1.091820e+01 6 3 -1.000000e+00
 4.609427e-01 -2.089065e-01 -4.587940e-01  3.124479e+02  5.000000e-01  1.066428e+00 -9.632716e-01  1.120780e+00  1.819127e-01
-2.180895e+00  8.278315e-01  3.615395e+00  0.000000e+00  0.000000e+00  4.107915e-01 -1.698929e-01  2.042256e-01  2.727407e-03
 7.482168e-03 -3.401816e-03  2.068139e-04  3.437060e+02  1.000000e+00  7.134594e+01 -7.091210e+00  7.937259e+00  6.907000e+01
4  1.058986e+00 -1.492887e+00  4.835091e+00  1.880978e+00  1.000000e+00  1.553400e+01 6 3  2.769803e-01
-4.268974e-01 -1.492255e+00 -4.219751e+00  1.044681e+02  5.000000e-01  6.536010e-01  5.054771e-01 -3.185373e-01  4.580014e-03
 2.409471e+00 -7.215986e-01  5.030468e+00  1.552614e+01  0.000000e+00  5.495529e-01 -5.425572e-02  3.420893e-02  1.109611e-03
-2.124473e+00  9.581200e-01  4.299651e+00  0.000000e+00  0.000000e+00  4.842488e-01 -1.052524e-01  1.494799e-01  1.057564e-03
 7.552342e-01  1.342172e+00 -3.094872e+00  9.918771e+01  5.000000e-01  6.347017e-01  4.370057e-01 -5.153484e-01  8.785808e-03
3  4.452396e-01 -6.684742e-01  6.082473e-01  2.728973e-01  1.202084e-02  1.337290e+01 6 2  2.790631e-01
 3.500027e-01  4.306123e-01  3.017907e+00  0.000000e+00  0.000000e+00  3.272740e-01  1.605021e-01 -3.089399e-01  2.220110e-03
-3.032838e-02 -4.405921e-02 -3.627778e-02  4.304850e+01  5.000000e-01  2.320636e+00  2.079127e+00 -4.998639e+00  1.284712e+00
-9.865690e-04 -1.375915e-03  4.487871e-05  4.472259e+01  1.000000e+00  1.608342e+02  1.392960e+01 -5.541343e+01  1.586200e+02
3 -1.658788e+00  1.163767e-01  9.329961e-01  5.295410e-01  5.505724e-01  6.167820e+00 6 3  3.045076e-01
 1.409600e-02 -7.428927e-01  1.688348e+00  0.000000e+00  0.000000e+00  2.188037e-01  1.274086e-01 -4.170829e-02  7.526735e-03
 7.053946e-02  1.883946e-01 -3.066531e+00  2.603548e+01  5.000000e-01  8.484855e-01  4.143986e-01 -4.211078e-01  2.025834e-01
 6.728542e-03  3.020040e-02  9.189970e-02  2.674850e+01  1.000000e+00  4.372034e+00  4.017090e-01 -5.725486e-01  2.815164e+00
2 -2.988291e-01 -5.173720e-01  2.914373e+00  1.699713e+00  3.655925e-01  1.024930e+01 6 3 -1.000000e+00
-8.302046e-01 -2.084160e+00  3.577316e+00  0.000000e+00  0.000000e+00  4.274145e-01  1.686700e-01 -1.409447e-01  9.341408e-04
 4.649367e-01  5.266214e-01 -1.307840e+00  4.735243e+02  5.000000e-01  8.471767e-01  5.846072e-02 -8.857522e-01  2.984150e-02
3 -2.534315e-01  2.988953e-01  1.010313e+00  4.311372e-01  1.225651e-01  5.818450e+00 6 1 -1.000000e+00
-5.449924e-01  6.291695e-01  2.095422e+00  0.000000e+00  0.000000e+00  2.648338e-01  3.903701e-02  2.484244e-01  1.288503e-02
 1.096604e-01 -1.403515e-01 -2.568257e-01  1.432196e+02  5.000000e-01  1.145889e+00  3.965837e-01  1.938478e+00  6.401874e-01
 5.792987e-03 -7.790294e-03  1.251571e-03  1.519871e+02  1.000000e+00  3.086990e+01  3.854412e+00  8.852056e+00  2.986061e+01
3 -1.250900e-01 -2.832891e-01  9.343968e-01  3.922876e-01  1.327718e-01  1.746480e+01 6 1 -1.000000e+00
-5.093165e-01 -4.670369e-01  1.884463e+00  0.000000e+00  0.000000e+00  1.802101e-01  1.204691e-01 -3.562127e-01  1.863784e-02
 7.810910e-02  2.596188e-01 -2.502035e-01  2.831910e+01  5.000000e-01  6.021325e-01  1.735017e+00 -1.069935e+00  3.565908e-01
 4.527073e-04  1.255767e-03  1.977115e-05  4.043631e+01  1.000000e+00  2.377611e+02  6.342488e+01 -3.813578e+01  2.370270e+02
4 -6.351483e-01 -1.574544e-01  4.409751e+00  2.654472e+00  1.000000e+00  1.533990e+01 6 3 -1.000000e+00
-1.558775e+00 -2.747683e+00  2.943032e+00  0.000000e+00  0.000000e+00  4.082669e-01 -6.156397e-02 -8.106912e-02  1.021261e-03
 9.496642e-01  3.204510e-02 -4.158941e-01  3.243668e+02  5.000000e-01  1.016910e+00 -1.550710e+00 -6.523766e-03  1.995322e-01
-1.285391e+00  1.653586e+00  2.462333e+01  1.434394e+02  0.000000e+00  5.349615e-01 -9.982645e-02  4.070425e-01  4.321466e-03
-1.453594e+00  1.419725e+00 -2.338924e+01  1.435102e+02  5.000000e-01  5.610592e-01 -1.915888e-01  4.457774e-01  5.988592e-03
3  5.740014e-01  1.700897e-01  2.102482e+00  7.127109e-01  1.625420e-01  1.515260e+01 6 1 -1.000000e+00
 1.450644e+00  1.013480e+00  1.825881e+00  0.000000e+00  0.000000e+00  2.441810e-01 -8.610730e-02  1.271495e-01  3.523838e-03
-3.490390e-01 -7.352081e-02 -2.967822e-01  2.224517e+02  5.000000e-01  7.263334e-01 -1.822555e+00 -3.502278e-01  2.190392e-01
-1.260166e-03 -5.663665e-04  5.083557e-06  2.693347e+02  1.000000e+00  4.817404e+02 -9.131832e+01 -1.614301e+02  4.801870e+02
3  3.497359e-01  3.843545e-01  1.340803e+00  6.777809e-01  1.331071e-01  1.135070e+01 6 1 -1.000000e+00
 5.250031e-01  9.591776e-01  1.905603e+00  0.000000e+00  0.000000e+00  2.343045e-01  5.399302e-02 -2.420867e-01  7.248225e-03
-2.011003e-01 -1.679992e-01 -2.536492e-01  7.718703e+01  5.000000e-01  8.574896e-01 -2.943554e-01 -1.968786e+00  3.658672e-01
-4.941117e-03 -4.194092e-03  3.599569e-04  8.583881e+01  1.000000e+00  5.452243e+01 -6.739555e+00 -6.412382e+00  5.334537e+01
3 -6.336788e-01  1.531102e-01  1.899342e+00  6.441242e-01  1.763944e-01  1.611260e+01 6 1 -1.000000e+00
-1.626695e+00  2.491928e-01  1.702645e+00  0.000000e+00  0.000000e+00  2.300549e-01 -5.666330e-02  4.778298e-02  3.215085e-03
 2.408150e-01 -9.708522e-02 -3.003370e-01  1.506027e+02  5.000000e-01  1.248478e+00 -1.424707e+00  1.166852e+00  5.328620e-01
 1.336576e-02 -6.161544e-03  1.089981e-03  1.563646e+02  1.000000e+00  3.386949e+01 -5.306532e+00  1.161021e+01  3.227483e+01
2 -1.506272e-01  5.728238e-01  3.725273e+00  1.889943e+00  1.232609e-01  1.405440e+01 6 3 -1.000000e+00
 2.400824e-01 -7.934230e-01 -1.571015e+00  5.549308e+02  5.000000e-01  1.213411e+00  6.692323e-01  4.839458e-01  1.130972e-02
 2.722092e-01  2.931711e+00  1.274545e+01  0.000000e+00  0.000000e+00  6.106688e-01  2.691384e-01 -2.615204e-02  3.198513e-04
3  5.361461e-01  7.915526e-01  4.479200e+00  1.602205e+00  4.029099e-01  1.255710e+01 6 1 -1.000000e+00
 2.907774e+00  2.357015e+00  1.848962e+00  0.000000e+00  0.000000e+00  2.448419e-01  1.139301e-01  1.282176e-01  6.330240e-03
-3.200131e-01 -7.485637e-01 -7.449653e-01  2.949188e+02  5.000000e-01  7.076460e-01  1.105590e+00 -4.533068e-01  2.033452e-01
-9.310875e-03 -9.685830e-03  2.362505e-04  3.331541e+02  1.000000e+00  7.216422e+01 -5.721111e+00 -2.826342e+01  7.092038e+01
3 -6.286615e-01  2.290106e-01  2.962253e+00  1.122617e+00  3.177541e-01  9.785100e+00 6 1 -1.000000e+00
 4.069259e-01 -1.581318e-01 -7.848379e-01  2.923705e+02  5.000000e-01  1.164830e+00 -8.610137e-01  7.483133e-01  2.180072e-01
-2.253155e+00  1.145292e+00  2.469954e+00  0.000000e+00  0.000000e+00  3.587102e-01 -7.290499e-02 -3.273512e-02  1.723449e-03
 8.578084e-03 -3.198761e-03  2.877966e-04  3.103832e+02  1.000000e+00  6.422516e+01 -1.705257e+01  1.523006e+01  6.180197e+01
3  2.496788e-01 -1.355421e-01  2.476906e-01  1.184359e-01  4.382200e-01  1.756320e+01 6 3  2.770421e-01
-1.286365e-01 -1.258129e-01  3.135156e+00  0.000000e+00  0.000000e+00  3.773469e-01  4.356616e-02 -2.585258e-01  2.077201e-02
 2.074746e-02  7.176003e-02 -1.373888e+00  3.004860e+00  5.000000e-01  7.904887e-01  7.825252e-01 -3.992626e-01  1.948854e-01
 7.178717e-04  1.382170e-03  1.874845e-03  3.674500e+00  1.000000e+00  2.473672e+01  3.529155e+00 -4.195202e+00  2.317271e+01
3 -1.182230e-01  4.890742e-02  3.968904e-01  1.346900e-01  1.541514e-01  1.755640e+01 6 1 -1.000000e+00
 4.713587e-02 -2.354347e-02 -3.665879e-01  2.095363e+01  5.000000e-01  1.423270e+00 -1.361901e+00  1.025789e+00  8.699415e-01
-1.744531e-01  3.057290e-01  2.378103e+00  0.000000e+00  0.000000e+00  3.016943e-01 -2.062759e-01  1.567734e-01  2.639587e-02
 9.330094e-03 -6.357444e-03  2.806177e-02  2.122907e+01  1.000000e+00  7.594178e+00 -6.123475e-01  2.733594e+00  6.808176e+00
3  4.260444e-03  6.218331e-02  7.042314e-01  3.232817e-01  9.146901e-01  1.387580e+01 6 3 -1.000000e+00
 8.747393e-02 -2.918026e-01 -3.559590e+00  2.208586e+00  5.000000e-01  6.327100e-01  5.364541e-01  3.578410e-01  4.048650e-01
 1.024638e-01  4.122693e-01  3.891580e+00  0.000000e+00  0.000000e+00  3.525589e-01  3.266237e-01 -2.356519e-01  1.543112e-01
 3.607862e-04 -5.430086e-03  9.242737e-03  3.639011e+00  1.000000e+00  1.183868e+01  2.684087e+00  1.442088e+00  1.120317e+01
3 -8.655068e-02  5.782549e-01  1.688335e+00  7.006358e-01  2.375890e-01  1.135200e+01 6 1 -1.000000e+00
-1.174650e-01  1.344822e+00  1.642251e+00  0.000000e+00  0.000000e+00  2.025718e-01  1.332235e-01  9.603547e-02  1.269084e-02
 3.414872e-02 -3.366908e-01 -3.901807e-01  1.054548e+02  5.000000e-01  8.425779e-01  1.559159e+00  3.958792e-01  4.472492e-01
 9.996971e-04 -1.075646e-02  6.303674e-04  1.161538e+02  1.000000e+00  4.238624e+01  1.123432e+01  4.842375e-01  4.143037e+01
3  2.506272e-01  7.698750e-02  1.608567e+00  7.032756e-01  4.237937e-01  1.671480e+01 6 3 -1.000000e+00
-5.344307e-01 -1.949861e-01 -1.726029e+00  6.026122e+01  5.000000e-01  5.869634e-01 -7.211391e-01 -4.795018e-01  8.253197e-02
 9.599574e-01  4.002377e-01  4.072806e+00  0.000000e+00  0.000000e+00  3.629491e-01 -3.306167e-01 -2.258217e-01  1.666654e-02
-1.994631e-03 -9.684678e-04  1.085765e-04  9.748323e+01  1.000000e+00  9.879131e+01  1.343790e+00 -1.874144e+01  9.657506e+01
3  1.835017e-01 -8.515561e-02  1.213038e+00  5.564941e-01  2.884456e-01  6.843360e+00 6 1 -1.000000e+00
 3.075766e-01 -8.580926e-01  2.676070e+00  0.000000e+00  0.000000e+00  3.183305e-01  5.360909e-02  2.968452e-01  1.754369e-02
-4.243831e-01  1.092218e-01 -7.719005e-01  4.879962e+01  5.000000e-01  5.078595e-01 -1.110754e+00  5.513002e-01  7.094655e-02
-7.796660e-04  4.002612e-04  3.959912e-05  8.715818e+01  1.000000e+00  1.606313e+02  1.336810e+01 -7.096121e+00  1.588471e+02
3 -1.502110e+00 -2.132494e+00  2.230883e+00  9.274584e-01  8.988808e-01  1.193940e+01 6 1  2.795402e-01
-1.585988e+00 -7.638609e-01  1.732532e+00  0.000000e+00  0.000000e+00  2.307515e-01 -2.849318e-02 -1.172247e-01  5.614888e-04
 3.570337e-01  3.322708e-01 -1.557340e+00  2.698807e+02  5.000000e-01  8.813838e-01  2.795765e-02 -8.095732e-01  2.661469e-02
 3.028463e-03  2.491049e-03  1.036693e-04  2.960622e+02  1.000000e+00  1.014728e+02  3.959247e+00 -2.081011e+01  9.391469e+01
1 -3.669631e-01 -3.095933e-02  0.000000e+00  1.859370e-01  0.000000e+00  1.533920e+01 0 2 -1.000000e+00
-4.143222e-01 -8.245772e-02  3.238783e+00  0.000000e+00  0.000000e+00  2.654338e-01 -4.713791e-01 -9.290453e-02  6.928751e-03
5 -1.420450e-01 -1.105190e-01  5.496745e+00  1.547377e+00  1.000000e+00  1.246610e+01 6 3 -1.000000e+00
 1.463340e+00 -2.381479e+00  3.668434e+00  3.459335e-01  0.000000e+00  4.771949e-01  2.678406e-02  3.451329e-03  1.220524e-01
-1.089742e+00 -1.015981e+00 -2.891702e+00  1.741750e+01  5.000000e-01  7.006915e-01 -1.475260e-01 -6.431476e-01  2.035103e-01
 7.910749e-01  7.570595e-01 -1.951775e+00  2.877141e+01  5.000000e-01  8.780969e-01 -1.409022e-01 -7.122928e-01  3.342881e-01
-1.970184e+00  1.910971e+00  3.609407e+00  0.000000e+00  0.000000e+00  4.611472e-01 -1.149454e-01  9.803262e-03  1.003814e-01
 2.175519e-02  2.338590e-02  5.045393e-02  3.547685e+01  1.000000e+00  5.544733e+00  6.466770e-01 -6.452517e-01  4.460254e+00
3  4.295431e-02 -1.741236e-01  1.335864e+00  6.265014e-01  4.299577e-01  9.472300e+00 6 3 -1.000000e+00
-1.118297e-02 -8.351757e-01  3.540013e+00  0.000000e+00  0.000000e+00  3.210721e-01  4.223414e-01 -9.277899e-03  3.390815e-02
-2.211384e-01  4.840855e-01 -1.522056e+00  3.714477e+01  5.000000e-01  5.015075e-01  5.898387e-01  7.467203e-01  1.241695e-01
-2.377170e-04  8.824166e-04  2.854668e-05  8.014010e+01  1.000000e+00  1.928182e+02  3.461907e+01  2.377798e+01  1.916534e+02
3  2.593984e-01 -7.187139e-02  8.753848e-01  4.374387e-01  1.993236e-01  1.933670e+01 6 1 -1.000000e+00
 5.922063e-01 -3.510113e-01  1.674474e+00  0.000000e+00  0.000000e+00  2.137722e-01 -1.292395e-01  6.518457e-02  2.868704e-03
-2.102516e-01 -1.211545e-03 -3.337623e-01  4.476129e+01  5.000000e-01  6.619506e-01 -1.763471e+00  2.430861e-02  2.580484e-01
-8.014273e-04 -2.532419e-05  8.424694e-06  5.901030e+01  1.000000e+00  3.862430e+02 -1.536766e+02 -7.808326e+01  3.849300e+02
3 -1.746051e-01  1.480280e-01  6.087634e-01  2.413454e-01  1.076131e-01  1.319470e+01 6 1 -1.000000e+00
-3.257716e-01  3.754718e-01  2.251552e+00  0.000000e+00  0.000000e+00  2.832263e-01 -4.841679e-02  2.593883e-01  1.215943e-03
 8.865065e-02 -7.045092e-02 -2.422965e-01  5.138826e+01  5.000000e-01  6.967282e-01 -5.340931e-01  1.983404e+00  8.428557e-02
 1.823121e-04 -1.646982e-04  2.689364e-06  6.372150e+01  1.000000e+00  6.131962e+02  2.526406e+01 -4.807009e+01  6.110822e+02
3 -6.624055e-01  2.025992e-01  2.836527e+00  8.982536e-01  2.898126e-01  1.672230e+01 6 1 -1.000000e+00
-2.397767e+00 -4.117203e-02  2.004462e+00  0.000000e+00  0.000000e+00  2.847247e-01  4.314663e-02  1.042605e-01  7.632530e-04
 4.339162e-01 -2.068708e-01 -5.809185e-01  2.409107e+02  5.000000e-01  7.812762e-01 -6.214088e-01  1.176054e+00  5.782585e-02
 1.844599e-03 -2.420799e-04  1.772039e-05  2.807540e+02  1.000000e+00  2.421034e+02 -2.168984e+00 -4.115799e+01  2.395862e+02
3  2.267915e-01 -4.133712e-01  1.524331e+00  6.783603e-01  7.593136e-04  1.409970e+01 6 2  2.709104e-01
 7.626312e-01 -1.263151e+00  3.480535e+00  0.000000e+00  0.000000e+00  2.570674e-01  3.477739e-01  3.790647e-01  2.996728e-04
-8.015123e-04  1.351022e-03  3.190007e-06  5.173553e+02  1.000000e+00  5.897480e+02  4.752462e+01  1.757463e+02  5.853887e+02
-2.236962e-02  4.350841e-02 -2.642818e-03  5.097543e+02  5.000000e-01  6.185772e+00  1.277272e+01  1.556065e+01  4.130017e+00
3 -8.988709e-01  2.334482e+00  7.573583e+00  3.377124e+00  3.317425e-02  1.386870e+01 6 2 -1.000000e+00
-4.195158e+00  4.769806e+00  5.813440e+00  0.000000e+00  0.000000e+00  4.820521e-01  1.010036e-01  2.933481e-01  1.364256e-02
 5.061887e-01 -1.167912e+00 -1.928565e-01  3.475215e+02  5.000000e-01  1.615568e+00  1.813519e+00  1.508402e+00  6.702987e-01
 2.327253e-02 -4.246477e-02  4.623606e-04  3.732358e+02  1.000000e+00  5.413592e+01  1.102215e+01  2.321904e+01  5.233703e+01
3 -4.834508e-01  8.300403e-01  2.643733e+00  1.555592e+00  4.621079e-02  1.439330e+01 6 2 -1.000000e+00
-4.854982e-01  2.145198e+00  5.051339e+00  0.000000e+00  0.000000e+00  4.034238e-01  3.074389e-01  2.518277e-01  3.819247e-03
 2.623398e-01 -3.905591e-01 -2.334263e-01  2.411877e+02  5.000000e-01  1.225948e+00  8.312765e-01  1.908937e+00  2.750505e-01
 5.145172e-03 -7.364215e-03  1.833306e-04  2.652443e+02  1.000000e+00  7.614717e+01 -9.096818e-03  1.387331e+01  7.372188e+01
3 -6.478279e-01 -3.983587e-02  1.896359e+00  7.235197e-01  1.626919e-01  1.011650e+01 6 1 -1.000000e+00
-1.549338e+00 -1.524954e-01  1.595453e+00  0.000000e+00  0.000000e+00  2.077487e-01  1.631461e-02  2.479351e-02  4.035050e-03
 3.391313e-01  2.030671e-02 -2.595672e-01  1.302580e+02  5.000000e-01  6.743288e-01 -1.981001e+00 -1.851040e-01  2.875312e-01
 1.784226e-03  1.504048e-04  9.711333e-06  1.568196e+02  1.000000e+00  3.330891e+02 -8.322956e+01 -1.958353e+01  3.320442e+02
3 -3.332363e-01  1.916683e-01  1.465747e+00  5.880783e-01  3.685201e-01  1.745500e+01 6 1 -1.000000e+00
 3.384714e-01 -1.052202e-02 -5.396063e-01  7.029504e+01  5.000000e-01  6.309297e-01 -1.409215e+00  5.941450e-02  2.677200e-01
-8.761203e-01  8.099539e-01  1.464252e+00  0.000000e+00  0.000000e+00  1.705192e-01 -4.561001e-02 -5.491465e-02  3.679448e-03
 3.860025e-03 -8.521897e-04  2.123265e-04  8.360393e+01  1.000000e+00  7.297421e+01 -1.847941e+01 -1.136088e+01  7.197353e+01
3 -8.492342e-02 -2.179970e-01  6.292048e-01  3.769998e-01  1.161771e-01  1.672990e+01 6 1 -1.000000e+00
-6.815290e-02 -4.982826e-01  2.774645e+00  0.000000e+00  0.000000e+00  2.846152e-01  3.458057e-01 -1.782903e-01  1.793804e-02
 6.633008e-02  1.163824e-01 -3.223501e-01  1.820134e+01  5.000000e-01  1.089219e+00  1.012766e+00 -1.443774e+00  5.819291e-01
 4.071419e-03  6.989123e-03  2.541860e-03  1.952787e+01  1.000000e+00  2.195067e+01  1.348203e+00 -6.610621e+00  2.093199e+01
3  2.500158e-01  1.107671e-01  5.920727e-01  3.279635e-01  1.888964e-02  1.456920e+01 6 2 -1.000000e+00
 4.743068e-01  4.875727e-02  6.578655e+00  0.000000e+00  0.000000e+00  3.372779e-01 -4.771199e-01 -2.440295e-01  1.527872e-02
-1.093010e-01 -5.100269e-02 -1.242684e-01  3.576823e+01  5.000000e-01  1.210544e+00 -1.835755e+00 -2.172885e+00  6.086530e-01
-2.212948e-03 -1.028818e-03  1.192257e-04  4.070424e+01  1.000000e+00  9.692090e+01 -1.748297e+01 -2.253248e+01  9.555176e+01
3  1.068367e-01 -1.577339e-01  1.573519e+00  6.561009e-01  3.205780e-01  9.462140e+00 6 3 -1.000000e+00
 6.978841e-01 -8.350140e-01  2.422294e+00  0.000000e+00  0.000000e+00  3.530184e-01  4.900731e-02  5.789410e-02  5.176397e-02
-1.489566e-01  4.911920e-01 -7.556020e+00  2.275709e+01  5.000000e-01  6.558729e-01  4.939645e-01  8.226393e-02  2.252124e-01
-1.348988e-02  1.741126e-02  2.002791e-02  2.772429e+01  1.000000e+00  8.410333e+00  2.582148e-01  2.217211e+00  7.292154e+00
3  2.225667e-02  9.499751e-02  7.924209e-01  3.718490e-01  3.468608e-01  1.386130e+01 6 3 -1.000000e+00
 1.031551e-01  4.906090e-01  2.115323e+00  0.000000e+00  0.000000e+00  2.613878e-01  2.250942e-01 -1.487937e-01  5.160639e-02
 1.043741e-01 -3.018110e-01 -6.098478e+00  6.092146e+00  5.000000e-01  4.806107e-01  4.961027e-01  4.331545e-01  2.214256e-01
-2.949069e-04 -2.892265e-03  1.494400e-03  1.011170e+01  1.000000e+00  2.717207e+01  3.193354e+00  2.369524e+00  2.641410e+01
3  6.476078e-01 -3.457101e-02  4.675791e+00  1.889801e+00  8.726269e-01  1.078550e+01 6 3 -1.000000e+00
 3.401016e+00 -9.398661e-01  4.157634e+00  0.000000e+00  0.000000e+00  4.903957e-01 -1.353333e-01  2.932610e-02  2.789759e-03
-1.234133e+00 -3.247092e-01 -3.628063e+00  4.344019e+02  5.000000e-01  8.229420e-01 -4.297802e-01 -3.496680e-01  4.860846e-02
-9.810092e-03  4.077564e-04  4.372227e-04  5.306709e+02  1.000000e+00  4.912269e+01 -5.349984e+00 -8.578293e-02  4.701116e+01
3 -7.453084e-01  4.804035e+00  7.263608e+00  3.861499e+00  8.474118e-01  1.757040e+01 6 3  2.737592e-01
-5.710143e+00 -2.467495e-02  3.333935e+00  0.000000e+00  0.000000e+00  4.124799e-01 -1.706193e-01 -1.269767e-01  6.230829e-04
 1.517306e+00  6.991922e-01 -2.825216e+00  1.363058e+03  5.000000e-01  1.131773e+00 -2.917387e-01 -5.349841e-01  2.707717e-02
 1.070348e-01  4.894187e-02  2.708742e-02  1.408141e+03  1.000000e+00  8.435619e+00 -2.949146e+00 -3.110220e+00  4.860659e+00
3 -2.166588e-01 -2.639516e-01  1.008361e+00  5.123454e-01  1.414548e-01  1.078750e+01 6 1 -1.000000e+00
-2.234696e-01 -8.203188e-01  1.989998e+00  0.000000e+00  0.000000e+00  2.597326e-01  2.695830e-02 -2.115562e-01  3.922210e-03
 1.408062e-01  1.199443e-01 -2.814949e-01  5.846718e+01  5.000000e-01  9.406151e-01 -2.943039e-01 -1.862626e+00  3.093931e-01
 2.949304e-03  2.617488e-03  2.845004e-04  6.468447e+01  1.000000e+00  6.168365e+01 -8.660908e+00 -9.620833e+00  5.997059e+01
3 -2.555163e-01 -1.333949e-01  6.186232e-01  3.096387e-01  7.704208e-01  1.457180e+01 6 1  2.712844e-01
 3.127931e-01 -3.960027e-01  2.635966e+00  0.000000e+00  0.000000e+00  3.559662e-01  4.387870e-02  1.829934e-01  2.008111e-03
-1.137268e-01  5.207696e-02 -2.030803e+00  3.489234e+01  5.000000e-01  1.326610e+00 -5.924652e-01  4.980711e-01  1.006099e-01
-1.692187e-02  1.031535e-02  8.492329e-02  3.544963e+01  1.000000e+00  5.218012e+00 -1.379973e+00  2.027799e+00  2.462282e+00
1  2.519655e-01 -9.036029e-02  0.000000e+00  7.317418e-02  0.000000e+00  1.404660e+01 0 2  2.839244e-01
 2.169809e-01 -7.721721e-02  3.590756e+00  0.000000e+00  0.000000e+00  2.956737e-01 -4.663815e-01  8.420417e-03  8.900605e-04
5  4.275240e-03  9.886411e-03  2.584726e-01  1.368503e-01  1.000000e+00  1.325790e+01 6 3 -1.000000e+00
-2.535564e-02 -1.154685e-01 -3.180880e+00  1.216873e+00  5.000000e-01  4.230656e-01  6.980315e-01 -3.999797e-01  5.510850e-02
 1.418237e-01  3.400860e-02  6.147448e+00  0.000000e+00  0.000000e+00  3.502674e-01 -3.836395e-01 -3.351180e-01  4.021973e-02
-1.384758e-02  1.362782e-01 -1.280660e+01  2.741393e-01  5.000000e-01  4.062527e-01  6.561372e-01  1.022479e-02  4.927843e-02
-1.075456e-01  1.020015e-01  1.244569e+01  2.298718e-01  0.000000e+00  4.159948e-01  4.612394e-02  5.085131e-01  8.713427e-02
-1.307616e-05 -4.354261e-05  3.136996e-05  5.900969e+00  1.000000e+00  1.814190e+02  1.466686e+00  2.590813e+01  1.801139e+02
3 -3.414460e-02  6.601130e-04  1.779677e-01  5.867668e-02  7.335529e-01  1.756800e+01 6 3 -1.000000e+00
-1.436197e-01 -2.903184e-02  2.372613e+00  0.000000e+00  0.000000e+00  3.442904e-01 -4.206732e-02  8.191020e-02  1.647566e-02
 3.335682e-02 -1.027566e-02 -3.234414e+00  2.599949e+00  5.000000e-01  9.150671e-01 -3.531221e-01  4.378281e-01  3.619207e-01
 6.859194e-03 -2.694708e-04  1.795452e-01  2.655431e+00  1.000000e+00  3.424449e+00 -5.350658e-01  1.484230e-01  2.590443e+00
3 -8.873589e-02 -1.241154e-01  7.132659e-01  3.929255e-01  5.915019e-01  1.592590e+01 6 1 -1.000000e+00
-1.288329e-01 -5.699013e-01  1.525473e+00  0.000000e+00  0.000000e+00  1.765174e-01  2.456155e-02 -1.482765e-01  5.381416e-02
 1.817992e-01  7.217033e-02 -9.023201e-01  8.775775e+00  5.000000e-01  8.638132e-01 -8.259987e-01 -6.667287e-01  6.280986e-01
 1.020606e-02  1.105164e-02  2.677231e-02  9.543814e+00  1.000000e+00  7.194621e+00 -7.723820e-01 -6.517165e-01  6.802392e+00
3 -7.125187e-01 -1.449581e+00  1.445454e+00  6.333220e-01  7.385724e-01  1.632430e+01 6 1  2.988025e-01
 7.034419e-01 -7.065974e-01  1.923580e+00  0.000000e+00  0.000000e+00  2.487233e-01 -2.985038e-02  2.089540e-01  5.774136e-03
-1.440985e-01  4.643054e-01 -2.604458e+00  3.540987e+01  5.000000e-01  6.051354e-01  6.450657e-01  3.518031e-01  4.836093e-02
-1.252075e-03  1.534401e-03  1.253428e-04  5.065498e+01  1.000000e+00  9.040610e+01  2.618091e+00  2.911707e+00  8.644181e+01
3 -3.906765e-01  5.405392e-01  2.924314e+00  1.016429e+00  1.236705e-01  1.066400e+01 6 1  2.822720e-01
 1.627042e-02  2.648612e+00  1.380100e+00  0.000000e+00  0.000000e+00  1.438643e-01 -3.642616e-02 -8.400004e-02  1.502706e-03
-4.736862e-02 -2.750102e-01 -1.706776e-01  3.202172e+02  5.000000e-01  1.765679e+00  2.282001e+00 -1.112536e+00  6.226074e-01
-1.378098e-03 -1.434423e-02  3.502648e-04  3.274611e+02  1.000000e+00  6.041601e+01  2.583601e+01 -2.789407e+00  5.680327e+01
4 -8.788716e-02 -1.045205e-01  1.455457e+00  5.989900e-01  1.000000e+00  1.553580e+01 6 3 -1.000000e+00
-3.648067e-01 -8.103499e-01  1.854415e+00  0.000000e+00  0.000000e+00  2.631025e-01 -7.442422e-03 -6.089956e-02  4.143977e-03
 4.295111e-01  2.909051e-02 -9.165766e-01  5.120517e+01  5.000000e-01  4.592022e-01 -1.175774e+00  3.216398e-02  5.031110e-02
-2.969985e-01  3.914092e-01 -1.955594e+00  4.302426e+01  5.000000e-01  4.256646e-01  1.226851e-02  9.170956e-01  2.877654e-02
 7.281928e-02  5.777566e-01  3.254455e+00  4.081104e+01  0.000000e+00  3.478130e-01  3.428307e-01  2.332124e-02  1.395211e-02
5 -9.589195e-01  8.332063e-01  3.234380e+00  2.018467e+00  1.000000e+00  1.801110e+01 6 3 -1.000000e+00
-2.717068e+00  1.146978e+00  1.926579e+01  0.000000e+00  0.000000e+00  4.939140e-01 -2.605447e-01  3.692343e-01  8.160118e-03
-1.449877e+00  2.669756e+00  6.561700e+01  1.577593e+00  0.000000e+00  5.424666e-01  1.050517e-01  4.278562e-01  4.235569e-03
-1.774395e+00  2.390817e+00 -8.208495e+01  1.629673e+00  5.000000e-01  5.455636e-01  2.841220e-02  4.667844e-01  5.278050e-03
 1.668725e-01 -1.315535e-01 -1.990424e-01  4.437652e+02  5.000000e-01  4.671097e+00 -7.088503e-01  4.242468e+00  3.024580e+00
 1.015444e-01 -7.768169e-02  7.567708e-02  4.438714e+02  1.000000e+00  8.111594e+00 -1.355582e+00  5.960128e+00  6.237872e+00
3  2.533704e-01 -1.514826e-01  6.108780e-01  3.612647e-01  3.565128e-02  8.538180e+00 6 2 -1.000000e+00
 3.773674e-01 -3.289456e-01  4.073193e+00  0.000000e+00  0.000000e+00  2.820664e-01 -1.359600e-01  5.014339e-01  2.171181e-02
-6.742015e-03  3.203786e-03  1.246631e-03  4.431247e+01  1.000000e+00  3.143414e+01 -8.249959e+00  7.484171e+00  3.056018e+01
-1.015792e-01  5.024049e-02 -1.452146e-01  4.184292e+01  5.000000e-01  1.428337e+00 -1.493692e+00  2.199709e+00  9.476714e-01
2  9.831238e-02 -1.041626e-01  5.949381e-01  2.829231e-01  2.442711e-01  1.411010e+01 6 1 -1.000000e+00
 3.405984e-01 -2.431898e-01  2.881046e+00  0.000000e+00  0.000000e+00  3.179316e-01 -6.847212e-02  3.367978e-01  3.068373e-03
-1.105784e-01  1.446127e-01 -7.037562e-01  2.998291e+01  5.000000e-01  5.225236e-01  3.810824e-01  1.226257e+00  3.270919e-02
3  8.717328e-02 -5.857492e-01  1.907440e+00  1.046908e+00  1.894742e-01  1.092520e+01 6 1 -1.000000e+00
 4.489404e-01 -1.495471e+00  2.306294e+00  0.000000e+00  0.000000e+00  3.055911e-01  2.051197e-01  8.083105e-02  7.993556e-04
-2.911760e-02  3.510897e-01 -4.369833e-01  1.505848e+02  5.000000e-01  9.250453e-01  1.501193e+00  2.011331e-01  5.814523e-02
-1.577692e-04  1.303860e-03  1.354705e-05  1.754931e+02  1.000000e+00  2.744798e+02 -2.737669e+01 -1.499808e+01  2.710500e+02
2 -6.266461e-01  1.954380e-01  2.492843e-01  4.762585e-01  3.996361e-04  1.256080e+01 6 2  2.868370e-01
 2.187126e-01  1.339610e-01 -3.099870e+00  7.981343e+01  5.000000e-01  9.483888e-01 -4.511291e-01 -3.489132e-01  1.324496e-01
 5.562705e-03  4.694730e-03  1.238820e-03  8.320880e+01  1.000000e+00  3.356975e+01 -6.989884e+00 -1.430771e+01  3.080834e+01
3 -1.458322e+00 -9.880118e-01  3.548405e+00  1.560391e+00  5.140464e-03  1.369400e+01 6 2 -1.000000e+00
-3.192037e+00 -9.866897e-01  3.956071e+00  0.000000e+00  0.000000e+00  4.107507e-01 -1.861269e-01 -2.445312e-01  1.522141e-03
 1.126841e-02  8.109494e-03  8.819981e-05  1.181785e+03  1.000000e+00  1.274191e+02 -2.025080e+01 -6.506776e+01  1.251140e+02
 1.769079e-01  1.274865e-01 -2.033604e-02  1.161278e+03  5.000000e-01  4.302688e+00 -2.467409e+00 -7.348021e+00  2.951352e+00
3 -5.072327e-01 -5.441370e-01  1.396216e+00  7.811281e-01  7.158483e-03  1.632260e+01 6 2 -1.000000e+00
-6.876160e-01 -1.050989e+00  5.754251e+00  0.000000e+00  0.000000e+00  3.691723e-01  1.110266e-01 -4.602523e-01  1.965659e-03
 2.914477e-03  2.200802e-03  2.704794e-05  2.891361e+02  1.000000e+00  2.236150e+02 -4.721380e+01 -1.017689e+02  2.205974e+02
 1.069072e-01  9.711859e-02 -4.119170e-02  2.752828e+02  5.000000e-01  2.514995e+00  8.834036e-02 -5.154041e+00  1.238115e+00
5 -1.184149e+00  7.703971e-01  5.800053e+00  1.892139e+00  1.000000e+00  1.643430e+01 6 3 -1.000000e+00
-3.853527e+00 -1.275711e+00  4.021316e+00  0.000000e+00  0.000000e+00  4.374464e-01 -2.214744e-01  1.368973e-01  8.727657e-04
-1.489537e+00  2.691086e+00 -1.126027e+01  1.079329e+02  5.000000e-01  5.945692e-01  7.176379e-02  4.980280e-01  3.765352e-03
-4.721334e-01  3.436698e+00  1.105213e+01  1.046075e+02  0.000000e+00  5.307436e-01  1.583221e-01  3.235049e-01  4.475817e-03
 3.513707e-01 -2.804004e-01 -1.189110e-01  6.194929e+02  5.000000e-01  1.632247e+00 -9.212074e-01  2.821482e+00  4.298490e-01
 8.902805e-03 -8.746902e-03  1.703970e-04  6.509796e+02  1.000000e+00  8.070328e+01  1.075162e+01  1.919289e+01  7.833537e+01
2 -7.931396e-01  3.931583e-01  9.682892e-01  1.391008e+00  1.392023e-04  8.871730e+00 6 2  2.826498e-01
 8.957951e-01  3.832165e-01 -3.130674e+00  1.824028e+02  5.000000e-01  6.967666e-01 -5.395898e-01 -3.467181e-01  1.938944e-02
 4.819721e-03  4.076792e-03  4.357971e-04  2.375262e+02  1.000000e+00  4.962428e+01 -6.434783e+00 -5.316807e+00  4.296380e+01
4  5.064305e-02  5.963586e-02  2.007985e+00  9.448144e-01  1.000000e+00  9.785100e+00 6 3 -1.000000e+00
-3.155124e-01 -8.677565e-01  7.966319e+00  3.058435e+01  0.000000e+00  4.736973e-01  2.986992e-01 -2.494892e-01  6.062606e-03
-7.878779e-01  7.250024e-02 -3.397056e+00  3.953577e+01  5.000000e-01  4.600432e-01 -7.414705e-01  1.901247e-01  2.466154e-02
 5.381207e-01  9.497452e-01  3.937549e+00  0.000000e+00  0.000000e+00  4.244886e-01  1.013737e-01 -2.587887e-01  3.730268e-03
 4.812338e-01 -6.839011e-01 -5.606341e+00  3.437507e+01  5.000000e-01  4.876372e-01  1.239390e-01  6.523222e-01  1.652200e-02
3  1.202003e-01  3.251795e-01  1.890868e+00  1.230331e+00  3.442027e-01  1.693700e+01 6 3 -1.000000e+00
-1.252594e-01 -5.878224e-01 -1.372750e+00  1.403035e+02  5.000000e-01  6.755868e-01  8.650695e-01 -2.921702e-01  3.733512e-02
 8.758675e-01  1.016274e+00  3.988203e+00  0.000000e+00  0.000000e+00  3.946669e-01  1.505173e-01 -3.050134e-01  6.130568e-03
-9.170006e-04 -1.422385e-03  4.817598e-05  2.074197e+02  1.000000e+00  1.483994e+02 -2.652679e+01 -1.629927e+01  1.459324e+02
1  1.024715e-01 -1.189345e+00  0.000000e+00  5.250608e-01  0.000000e+00  8.864530e+00 0 2 -1.000000e+00
-3.612714e-01 -1.476538e+00  4.488407e+00  0.000000e+00  0.000000e+00  3.269064e-01  4.797382e-01 -1.048866e-02  4.617041e-03
3 -1.284864e-01 -1.519240e-01  1.159221e+00  7.053724e-01  4.538737e-01  1.032550e+01 6 1 -1.000000e+00
-6.241146e-01 -4.059504e-01  2.730724e+00  0.000000e+00  0.000000e+00  2.410746e-01 -7.048376e-02 -4.525445e-01  3.194441e-02
 2.469367e-01  3.589435e-01 -1.239404e+00  3.885942e+01  5.000000e-01  3.612714e-01  5.382511e-01 -9.618210e-01  9.161471e-02
 6.872220e-04  5.416368e-04  2.697581e-05  7.771147e+01  1.000000e+00  1.986150e+02 -3.952392e+01 -2.047679e+01  1.977241e+02
3  3.042394e-01 -1.840619e-01  1.090213e+00  4.264325e-01  2.318215e-01  1.120240e+01 6 1 -1.000000e+00
 7.438173e-01 -3.987482e-01  2.134413e+00  0.000000e+00  0.000000e+00  2.707757e-01 -1.047302e-01  2.286631e-01  6.524443e-03
-2.068733e-01  1.348738e-01 -4.948029e-01  1.590211e+02  5.000000e-01  6.377834e-01 -6.242087e-01  1.327619e+00  1.872514e-01
-2.474476e-03  1.758490e-03  1.694118e-04  1.883495e+02  1.000000e+00  7.807431e+01  3.780979e+00  4.834923e+00  7.691922e+01
1 -5.500852e+00  4.418618e-01  0.000000e+00  1.165954e+00  0.000000e+00  1.756710e+01 0 2  3.107809e-01
-3.016373e+00  1.691766e+00 -5.724260e+00  7.069158e+01  5.000000e-01  5.355979e-01 -6.245795e-01  1.627490e-02  3.798540e-03
3 -2.216753e-01  1.189666e-01  7.689653e-01  4.361937e-01  1.108478e-01  1.456580e+01 6 1 -1.000000e+00
-5.529930e-01  7.355517e-02  2.672067e+00  0.000000e+00  0.000000e+00  2.299849e-01 -3.780446e-01  2.752516e-01  3.404670e-02
 1.943595e-01 -1.074747e-01 -2.961928e-01  2.905979e+01  5.000000e-01  5.947086e-01 -8.278928e-01  1.689685e+00  3.202969e-01
 1.554780e-03 -6.485703e-04  5.782708e-05  3.986987e+01  1.000000e+00  1.372484e+02 -3.094707e+01  1.769110e+01  1.365524e+02
3  5.687948e-02 -2.364764e-01  8.464782e-01  4.125885e-01  1.438515e-01  1.078910e+01 6 3 -1.000000e+00
 1.435180e-01 -6.154409e-01  3.469747e+00  0.000000e+00  0.000000e+00  3.555953e-01  3.266630e-01  1.426297e-01  1.242129e-02
-4.959456e-02  2.087149e-01 -4.991283e-01  6.403953e+01  5.000000e-01  8.254820e-01  1.249154e+00  6.881598e-01  2.195522e-01
-4.824172e-04  2.807597e-03  2.357870e-04  7.757881e+01  1.000000e+00  6.736813e+01  1.275305e+01  9.861770e-01  6.563065e+01
3 -9.658855e-02  1.942158e-01  1.175391e+00  5.576354e-01  4.025405e-01  1.592670e+01 6 1 -1.000000e+00
 2.482037e-01 -3.202968e-01 -9.044849e-01  2.243880e+01  5.000000e-01  4.936119e-01  1.016351e-01  1.162627e+00  2.259562e-01
 3.847644e-02  8.362316e-01  2.246942e+00  0.000000e+00  0.000000e+00  2.604316e-01  2.870564e-01  1.396802e-01  5.415794e-02
 1.410992e-03 -3.762136e-03  5.289257e-04  3.321103e+01  1.000000e+00  4.517339e+01  7.589114e+00  1.751844e+00  4.446944e+01
3 -6.246958e-01  1.891034e-01  1.950633e+00  4.529931e-01  1.390549e-01  1.673120e+01 6 1 -1.000000e+00
-1.668587e+00  3.948413e-01  1.492611e+00  0.000000e+00  0.000000e+00  1.623948e-01  1.676072e-01 -5.935940e-02  3.656623e-04
 2.250149e-01 -7.338879e-02 -2.075549e-01  2.449299e+02  5.000000e-01  6.081078e-01 -1.735333e+00  1.400072e+00  1.121511e-01
 7.086956e-04 -1.648089e-04  3.133053e-06  2.789597e+02  1.000000e+00  5.695273e+02  2.762110e+01 -5.729584e+01  5.679390e+02
4 -7.798515e-02  4.821817e-02  1.523594e+00  5.591746e-01  1.000000e+00  1.170500e+01 6 3 -1.000000e+00
 1.649570e-01 -5.049102e-01 -1.707391e+00  7.599247e+01  5.000000e-01  6.361476e-01  7.076425e-01  4.661753e-01  1.220969e-02
-8.557782e-01  5.751783e-02  2.693469e+00  0.000000e+00  0.000000e+00  3.359179e-01 -2.478987e-01  9.100995e-02  9.574806e-04
 6.541193e-01  2.613509e-01  4.879675e+00  4.684132e+01  0.000000e+00  4.278122e-01 -2.237830e-01 -2.690507e-01  1.762881e-03
 2.131560e-01  5.918570e-01 -3.594923e+00  5.249749e+01  5.000000e-01  5.831120e-01  5.766715e-01 -3.455658e-01  5.631018e-03
2  9.051362e-01  6.848655e-02  2.297417e+00  1.109880e+00  2.794885e-02  5.743780e+00 6 2 -1.000000e+00
 1.884442e+00  6.704907e-01  3.927674e+00  0.000000e+00  0.000000e+00  4.098590e-01 -2.879115e-01 -1.037772e-01  7.755026e-04
-3.128218e-01 -4.467358e-04 -1.097740e-01  2.956428e+02  5.000000e-01  1.170044e+00 -3.020350e+00 -1.265952e-01  2.437842e-01
1  1.814451e+00 -6.861098e-01  0.000000e+00  1.311374e+00  0.000000e+00  1.458110e+01 0 2 -1.000000e+00
 2.678374e+00 -1.067967e+00  5.999661e+00  0.000000e+00  0.000000e+00  4.070236e-01 -3.209287e-01  2.862684e-01  1.078545e-03
3  8.188609e-02 -4.784551e-01  2.037389e+00  8.592668e-01  1.116127e-01  1.209500e+01 6 1 -1.000000e+00
 1.519404e+00 -8.810157e-01  2.640720e+00  0.000000e+00  0.000000e+00  3.536648e-01  1.327534e-01  1.464278e-01  1.530015e-03
-1.869874e-02  4.550961e-01 -2.947380e-01  2.281424e+02  5.000000e-01  1.032347e+00  1.840602e+00  7.794358e-02  1.978039e-01
-1.301890e-04  1.396212e-03  8.054618e-06  2.953246e+02  1.000000e+00  3.768250e+02  1.306028e+02  5.912775e+00  3.739943e+02
1 -1.959614e+01  1.060965e+01  0.000000e+00  1.579292e+01  0.000000e+00  1.193710e+01 0 2 -1.000000e+00
-3.031187e+01  1.233669e+01  5.280051e+01  0.000000e+00  0.000000e+00  4.902078e-01 -3.214734e-01  3.709497e-01  1.655921e-05
1 -4.596148e-02  1.268845e-01  0.000000e+00  1.696333e-01  0.000000e+00  1.149250e+01 0 2 -1.000000e+00
-8.897805e-02  3.022778e-01  3.319393e+00  0.000000e+00  0.000000e+00  3.850748e-01  2.692509e-01  6.615963e-02  4.567639e-02
5  1.222308e+00 -9.590954e-02  1.521040e+00  5.950506e-01  1.000000e+00  1.594520e+01 6 3  2.990356e-01
-3.529647e-01 -3.087813e-01 -2.242047e+00  1.231902e+01  5.000000e-01  6.334599e-01  6.963784e-02 -7.586325e-01  1.725887e-01
 9.649453e-01 -1.441312e-01  2.082167e+00  0.000000e+00  0.000000e+00  2.989441e-01 -1.034246e-01  2.267050e-02  2.290406e-02
-2.990936e-01  4.087674e-01 -4.536540e+00  1.170874e+01  5.000000e-01  5.669915e-01  3.516106e-01  5.331967e-01  1.365051e-01
-5.163429e-01  2.013350e-01  6.968890e+00  1.158092e+01  0.000000e+00  4.752129e-01 -2.188152e-01  2.898733e-01  9.547903e-02
-6.716741e-03  3.400907e-04  2.639030e-03  1.685620e+01  1.000000e+00  2.059980e+01 -2.279411e+00 -1.714368e-01  1.910362e+01
3  5.509917e-01  4.130225e-01  1.658681e+00  5.590534e-01  1.057123e-01  1.843660e+01 6 1 -1.000000e+00
 1.237712e+00  7.896663e-01  1.455722e+00  0.000000e+00  0.000000e+00  1.691769e-01  2.701336e-04 -5.764151e-02  6.949793e-03
-1.434542e-01 -1.288110e-01 -1.538877e-01  9.240063e+01  5.000000e-01  1.733764e+00 -3.387902e-01 -2.630946e+00  1.230864e+00
-1.561995e-02 -1.399462e-02  2.112951e-03  9.430006e+01  1.000000e+00  2.557891e+01 -2.532318e-01 -1.143621e+01  2.466551e+01
3 -7.753343e-01 -3.780569e-01  2.239797e+00  7.917937e-01  1.474178e-01  1.458150e+01 6 1 -1.000000e+00
-1.609877e+00 -8.205311e-01  1.643758e+00  0.000000e+00  0.000000e+00  1.979159e-01 -1.302926e-01 -1.341662e-01  7.139527e-03
 3.702258e-01  2.263126e-01 -2.423191e-01  2.069066e+02  5.000000e-01  7.963742e-01 -1.124629e+00 -1.703955e+00  3.860536e-01
 4.421146e-03  3.290804e-03  5.441403e-05  2.384986e+02  1.000000e+00  1.458371e+02  2.673926e+00 -5.092162e+01  1.446933e+02
3  3.776911e-03  3.943760e-02  1.560928e-01  9.596824e-02  1.789246e-01  1.255040e+01 6 3 -1.000000e+00
-1.263500e-02  1.079707e-01  3.741366e+00  0.000000e+00  0.000000e+00  3.131760e-01  4.510929e-01  3.098779e-02  1.808888e-02
-8.701977e-03 -4.807252e-02 -6.694223e-01  2.566881e+00  5.000000e-01  5.490305e-01  1.222618e+00 -4.498926e-01  1.555410e-01
-4.201048e-05 -3.192320e-04  1.283237e-04  3.643045e+00  1.000000e+00  8.939331e+01  2.582374e+00 -3.730077e+00  8.841559e+01
1 -3.289699e-02 -3.463292e-02  0.000000e+00  9.730458e-03  0.000000e+00  1.746800e+01 0 2  2.753944e-01
 1.643728e-02  2.600792e-02  3.265574e+00  0.000000e+00  0.000000e+00  3.846419e-01  6.551311e-02 -2.610532e-01  7.654781e-04
3  2.794399e-01  1.065480e-01  1.724271e+00  7.104482e-01  4.809569e-01  1.844950e+01 6 1 -1.000000e+00
-4.254669e-01 -3.998761e-01 -1.157253e+00  6.453523e+01  5.000000e-01  6.235763e-01 -2.789290e-02 -1.002513e+00  1.675736e-01
 1.246794e+00  2.042675e-02  2.406147e+00  0.000000e+00  0.000000e+00  3.154826e-01 -2.025636e-01 -1.092243e-01  8.969787e-03
-2.578220e-03 -1.731032e-03  1.403045e-04  9.463491e+01  1.000000e+00  8.956370e+01  5.285197e+00 -2.623438e+01  8.781753e+01
3  1.680094e-01 -7.964269e-03  1.306460e+00  5.999027e-01  7.048184e-01  9.785630e+00 6 3 -1.000000e+00
 8.000597e-01 -3.788923e-02  2.304007e+00  0.000000e+00  0.000000e+00  2.429883e-01 -3.673782e-01 -6.382451e-02  1.162249e-01
-4.871245e-01  1.857051e-01 -3.268938e+00  5.901573e+00  5.000000e-01  5.348872e-01 -5.694823e-01  4.448928e-01  3.807893e-01
-8.278819e-03  1.812483e-03  3.300469e-03  9.139005e+00  1.000000e+00  1.916560e+01 -3.325030e+00  3.993231e+00  1.878014e+01
3  1.855446e-01  8.314811e-01  3.972708e+00  1.517553e+00  3.245254e-01  6.643830e+00 6 1 -1.000000e+00
-8.892594e-02 -9.420449e-01 -8.798714e-01  2.356315e+02  5.000000e-01  9.084911e-01  1.067855e+00 -6.773948e-02  1.862495e-01
 1.330128e+00  2.768574e+00  2.711256e+00  0.000000e+00  0.000000e+00  3.742325e-01  1.275116e-01 -8.057876e-02  6.622614e-03
-1.694481e-03 -8.233853e-03  1.029709e-04  2.829829e+02  1.000000e+00  1.077341e+02  3.807823e+01 -1.519024e+01  1.054608e+02
5  3.365714e-02 -2.212940e-01  1.576960e+00  5.178944e-01  1.000000e+00  1.594540e+01 6 1 -1.000000e+00
-6.950064e-01 -5.909162e-01  2.464318e+00  0.000000e+00  0.000000e+00  3.250950e-01  1.319046e-01 -1.797390e-01  3.088853e-02
 2.922829e-01 -6.283911e-01 -2.140578e+00  9.958733e+00  5.000000e-01  6.085915e-01  5.551624e-01  5.587118e-01  2.333546e-01
 8.258413e-01 -1.739933e-01  2.944762e+00  5.845093e+00  0.000000e+00  3.627807e-01 -1.267747e-01  2.244786e-01  4.575080e-02
-8.119876e-02  2.898337e-01 -4.914902e-01  3.584561e+01  5.000000e-01  1.551860e+00  1.319655e+00  7.731030e-01  1.012225e+00
-8.605918e-03  3.329583e-02  2.482674e-02  3.808774e+01  1.000000e+00  8.789277e+00  3.774080e+00  2.479920e+00  7.803073e+00
3 -4.632738e-01  5.651427e-01  2.173444e+00  9.315204e-01  5.950149e-02  1.476880e+01 6 2 -1.000000e+00
-1.171859e+00  1.477726e+00  3.200511e+00  0.000000e+00  0.000000e+00  4.148867e-01  8.547552e-02  1.503375e-01  8.032461e-03
 1.913727e-01 -2.150410e-01 -1.904352e-01  2.225737e+02  5.000000e-01  1.826838e+00  2.426158e-01  2.424032e+00  9.139757e-01
 1.481954e-02 -1.744700e-02  1.750992e-03  2.297157e+02  1.000000e+00  2.811405e+01  1.771915e+00  1.268572e+01  2.651791e+01
2 -4.743792e-01 -9.670444e-02  1.797873e+00  1.022909e+00  1.513511e-01  6.167820e+00 6 1 -1.000000e+00
-1.139371e+00 -6.737821e-01  2.875470e+00  0.000000e+00  0.000000e+00  3.276357e-01 -2.579547e-01 -1.943292e-01  6.982146e-03
 5.095656e-01  4.270593e-02 -4.352054e-01  1.499336e+02  5.000000e-01  6.381636e-01 -1.538483e+00 -2.485183e-01  1.810650e-01
3 -3.263377e-01 -2.556042e-01  1.539355e+00  7.304768e-01  1.550238e-01  1.440740e+01 6 1 -1.000000e+00
-3.324786e-01 -1.182842e+00  2.148732e+00  0.000000e+00  0.000000e+00  2.785767e-01  2.415338e-02 -2.334044e-01  6.302479e-03
 3.583018e-01  1.928166e-01 -3.331047e-01  1.370951e+02  5.000000e-01  6.181087e-01 -1.090519e+00 -1.399524e+00  1.114170e-01
 6.604926e-04  5.407012e-04  7.127126e-06  1.991282e+02  1.000000e+00  3.761162e+02  3.579746e+00 -1.975759e+01  3.744705e+02
2 -1.150636e-01 -2.980943e-01  1.179642e+00  6.162169e-01  5.530790e-02  1.630900e+01 6 2 -1.000000e+00
-5.100465e-01 -6.244977e-01  7.199310e+00  0.000000e+00  0.000000e+00  3.080054e-01  2.194802e-01 -5.401692e-01  2.770032e-03
 1.245781e-01  3.698897e-01 -3.981787e-01  8.375475e+01  5.000000e-01  4.858891e-01  1.306383e+00 -1.033977e+00  2.759642e-02
1 -2.336908e-01 -2.144550e-01  0.000000e+00  6.370293e-02  0.000000e+00  1.592390e+01 0 2  2.818251e-01
 6.413531e-02 -6.305014e-02  7.147476e+00  0.000000e+00  0.000000e+00  5.675796e-01 -1.166119e-01  1.829742e-01  6.554410e-03
3 -5.138504e-01 -8.724374e-01  1.355389e+00  6.839613e-01  6.418611e-01  6.507760e+00 6 1  2.702260e-01
 6.231105e-01 -7.138201e-01  2.603326e+00  0.000000e+00  0.000000e+00  3.377926e-01  8.878913e-02  2.156643e-01  4.982721e-03
-1.382622e-01  4.075147e-01 -1.670974e+00  1.713652e+02  5.000000e-01  5.468550e-01  7.583423e-01  4.782371e-01  4.375410e-02
-4.701331e-04  7.350270e-04  2.730654e-05  2.676604e+02  1.000000e+00  1.934561e+02 -1.660173e+01 -1.193611e+01  1.914808e+02
1  3.520893e+00  1.076800e+00  0.000000e+00  2.845503e+00  0.000000e+00  1.552850e+01 0 2 -1.000000e+00
 6.596569e+00 -1.123701e+00  3.592760e+00  0.000000e+00  0.000000e+00  3.915009e-01 -2.737951e-01 -1.302685e-01  2.872097e-04
3 -2.112626e-01 -3.980740e-01  1.820752e+00  7.991955e-01  2.471432e-01  1.867220e+01 6 3 -1.000000e+00
-4.181151e-01 -1.347914e+00  3.083050e+00  0.000000e+00  0.000000e+00  3.669941e-01  2.000643e-01 -1.905694e-01  9.384838e-03
 2.016358e-01  3.641166e-01 -7.619548e-01  1.584522e+02  5.000000e-01  1.039388e+00  4.551826e-01 -1.052033e+00  1.901218e-01
 2.853707e-03  7.989911e-03  4.430433e-04  1.780968e+02  1.000000e+00  5.351816e+01  1.954413e+01 -1.091184e+01  5.081746e+01
1 -3.522375e+00  8.319887e-01  0.000000e+00  1.027039e+01  0.000000e+00  1.078330e+01 0 2 -1.000000e+00
-1.309937e+01 -3.620922e+00  8.036677e+00  0.000000e+00  0.000000e+00  5.276493e-01 -3.120042e-01 -3.659326e-02  1.053881e-03
1  5.579312e+00 -8.850761e-01  0.000000e+00  5.309298e+00  0.000000e+00  1.439150e+01 0 2 -1.000000e+00
 1.268937e+01 -2.758075e+00  3.305096e+00  0.000000e+00  0.000000e+00  4.142824e-01 -1.966652e-01  4.271898e-02  4.302718e-04
3  1.013321e+00 -1.659200e-01  2.622332e+00  1.502313e+00  3.105833e-02  1.411200e+01 6 2 -1.000000e+00
 2.059358e+00  1.078155e+00  3.096331e+00  0.000000e+00  0.000000e+00  3.775346e-01 -2.539587e-01  2.303322e-03  7.291963e-03
-3.532059e-01  5.046007e-02 -9.616687e-02  2.116287e+02  5.000000e-01  1.826317e+00 -3.076388e+00  1.271703e+00  1.029902e+00
-1.433736e-02  9.958711e-04  2.572062e-04  2.248019e+02  1.000000e+00  7.125054e+01 -3.232938e+01  1.420894e+00  6.980649e+01
3  1.034820e+00 -1.063465e+00  1.534650e+00  5.311351e-01  1.150486e-01  1.476550e+01 6 1  2.794280e-01
-1.039360e+00 -8.559663e-01  1.954405e+00  0.000000e+00  0.000000e+00  2.832129e-01  4.020662e-02 -2.241463e-02  1.252857e-03
 1.074256e-01  1.638542e-01 -2.248515e-01  1.529617e+02  5.000000e-01  1.163322e+00  9.006298e-01 -1.913876e+00  3.421490e-01
 1.448088e-03  2.160835e-03  4.446305e-05  1.649903e+02  1.000000e+00  1.581472e+02  2.832693e+01 -3.744635e+01  1.558371e+02
3 -6.423543e-02 -2.578167e-03  2.804214e-01  1.530380e-01  1.805637e-01  1.387650e+01 6 1 -1.000000e+00
 6.509595e-02  2.284329e-02 -3.524356e-01  8.965562e+00  5.000000e-01  1.370177e+00 -1.286675e+00 -1.148433e+00  9.546267e-01
-1.901316e-01  1.390116e-01  1.951863e+00  0.000000e+00  0.000000e+00  2.711817e-01 -1.371191e-01  6.586328e-03  1.873389e-02
 4.349248e-03  9.928351e-04  5.581604e-03  9.745077e+00  1.000000e+00  1.650572e+01 -6.276658e+00 -4.676629e+00  1.579119e+01
3  7.582769e-02 -1.290986e-01  8.604019e-01  3.769554e-01  3.118367e-01  1.843970e+01 6 1 -1.000000e+00
 4.956428e-02 -6.742306e-01  2.106556e+00  0.000000e+00  0.000000e+00  3.093543e-01 -2.525865e-03  4.771527e-02  6.693106e-03
-1.873273e-01  1.529174e-01 -6.569016e-01  6.020300e+01  5.000000e-01  6.741543e-01 -4.732306e-01  1.185127e+00  1.190260e-01
-3.394074e-04  5.698627e-04  2.653511e-05  8.756721e+01  1.000000e+00  1.976808e+02  1.408614e+01  2.826665e+01  1.959612e+02
1  6.259467e+01 -6.382322e+00  0.000000e+00  1.862793e+01  0.000000e+00  1.713980e+01 0 2  2.727823e-01
 3.784343e+01 -1.675669e+01  3.022461e+00  0.000000e+00  0.000000e+00  3.003167e-01 -3.695971e-01  1.486558e-01  1.076352e-05
3  6.498939e-01  7.958516e-01  2.880264e+00  1.349468e+00  8.434551e-02  1.476880e+01 6 2 -1.000000e+00
 2.373495e+00  9.927795e-01  3.109472e+00  0.000000e+00  0.000000e+00  3.613406e-01 -3.069709e-02 -2.921396e-01  1.071618e-02
-2.010237e-01 -2.986443e-01 -2.622700e-01  3.187708e+02  5.000000e-01  1.965741e+00  9.498730e-01 -1.960424e+00  1.159952e+00
-4.526497e-02 -6.051350e-02  1.639859e-02  3.219572e+02  1.000000e+00  1.023837e+01  1.700940e+00 -4.633947e+00  9.086977e+00
5 -2.254107e-01  1.944603e+00  2.174532e+01  9.042082e+00  1.000000e+00  1.754410e+01 6 3 -1.000000e+00
-7.444551e+00 -5.369709e+00  3.682212e+00  3.994576e+03  0.000000e+00  4.776867e-01 -2.896999e-02  1.990145e-02  8.485077e-04
-5.933951e+00  9.623419e-01 -2.423167e+00  4.540788e+03  5.000000e-01  9.392387e-01 -4.636308e-01  4.488000e-01  6.003986e-03
 7.044821e+00  1.084500e+01  2.125310e+00  0.000000e+00  0.000000e+00  2.926875e-01  1.549248e-01  7.595799e-02  2.337761e-04
 1.171401e+00 -1.570228e+00 -1.252638e+00  5.730447e+03  5.000000e-01  1.500971e+00  6.260466e-02  1.022432e+00  6.872417e-02
 3.785328e-02 -1.266062e-01  1.614165e-02  5.816397e+03  1.000000e+00  9.645079e+00  2.229094e+00  2.795888e+00  6.479507e+00
3  7.419720e-02 -4.440341e-01  7.723610e-01  4.634384e-01  2.500506e-02  1.534480e+01 6 2 -1.000000e+00
 8.231347e-02 -7.023918e-01  3.420649e+00  0.000000e+00  0.000000e+00  3.219031e-01  4.023170e-01  7.492845e-02  5.220734e-03
-8.766848e-03  1.781762e-02  9.425995e-03  9.167472e+01  1.000000e+00  1.344403e+01  3.523581e+00  6.028988e+00  1.248826e+01
-2.580932e-02  6.236366e-02 -8.553352e-02  9.131511e+01  5.000000e-01  2.864731e+00  3.265281e+00  2.122848e+00  2.124576e+00
3  2.294488e-01  8.191159e-02  1.234428e+00  7.785376e-01  2.615216e-01  1.756700e+01 6 1 -1.000000e+00
-4.460135e-01 -6.238858e-02 -5.328605e-01  2.121797e+01  5.000000e-01  6.835518e-01 -1.370457e+00 -3.140881e-01  4.296545e-01
 5.075307e-01  7.215536e-01  2.037539e+00  0.000000e+00  0.000000e+00  2.198255e-01  2.325323e-02 -3.425544e-01  4.720095e-02
-4.877455e-03 -1.333483e-03  4.655840e-04  3.099982e+01  1.000000e+00  4.999890e+01 -1.479736e+01 -5.838676e+00  4.929201e+01
2  2.164220e-01 -1.447256e-01  1.079737e+00  6.222086e-01  1.227086e-01  1.631940e+01 6 3 -1.000000e+00
 4.762846e-01 -5.292064e-01  4.428682e+00  0.000000e+00  0.000000e+00  2.515238e-01 -3.005362e-02  5.775055e-01  4.824987e-03
-3.302901e-01  1.886155e-01 -5.434373e-01  2.589187e+01  5.000000e-01  3.876894e-01 -7.149738e-01  1.305326e+00  3.841193e-02
1  5.190557e-01  2.166208e+00  0.000000e+00  8.479018e-01  0.000000e+00  1.319120e+01 0 2 -1.000000e+00
 1.069040e+00  3.274337e+00  3.069937e+00  0.000000e+00  0.000000e+00  3.597741e-01  2.603496e-01 -1.279362e-01  1.403982e-03
3 -1.875089e-02  3.437125e-01  1.603854e+00  6.536079e-01  3.865137e-01  1.515570e+01 6 1 -1.000000e+00
 1.272465e-01 -4.426892e-01 -8.681967e-01  1.566882e+02  5.000000e-01  7.164035e-01  8.869332e-01  6.675247e-01  1.627535e-01
 1.869283e-01  1.160054e+00  2.246225e+00  0.000000e+00  0.000000e+00  3.058029e-01  1.874616e-01 -3.970446e-02  8.598527e-03
 3.057352e-04 -1.956096e-03  3.585445e-05  2.152413e+02  1.000000e+00  1.771331e+02  4.845629e+01  2.800592e+01  1.750949e+02
3  3.236363e-02  1.949523e-01  6.054812e-01  3.199989e-01  1.216150e-01  1.246280e+01 6 1 -1.000000e+00
-3.334228e-02 -1.719394e-01 -3.561808e-01  1.777009e+01  5.000000e-01  5.540033e-01  1.642898e+00 -5.544019e-01  2.511894e-01
 9.549221e-02  4.196763e-01  2.928758e+00  0.000000e+00  0.000000e+00  2.393204e-01  4.566154e-01 -1.693937e-01  2.294500e-02
-3.020730e-04 -1.185188e-03  5.898109e-05  2.435843e+01  1.000000e+00  1.333514e+02  1.489743e+01 -1.844906e+01  1.325608e+02
1 -2.938768e+00 -2.054235e+00  0.000000e+00  7.543271e+00  0.000000e+00  1.411400e+01 0 2 -1.000000e+00
-7.590450e+00 -6.861157e+00  3.481341e+00  0.000000e+00  0.000000e+00  3.500817e-01 -1.967628e-02 -3.670980e-01  9.736245e-05
2  8.501531e-01 -9.177651e-01  4.457461e+00  1.742585e+00  6.038103e-01  1.320630e+01 6 1 -1.000000e+00
 2.729297e+00 -2.800932e+00  1.496111e+00  0.000000e+00  0.000000e+00  1.814588e-01  3.451244e-02  2.047145e-02  5.923899e-05
-3.815833e-01  3.914623e-01 -9.033674e-01  1.452408e+03  5.000000e-01  1.241251e+00 -3.847391e-02  1.078745e+00  1.978569e-02
3 -5.126629e-01 -1.818308e-01  1.693283e+00  6.912760e-01  1.496403e-01  1.844690e+01 6 1 -1.000000e+00
-1.009919e+00 -7.196582e-01  2.415514e+00  0.000000e+00  0.000000e+00  2.445523e-01 -2.578112e-01 -3.004066e-01  1.277353e-02
 4.416405e-01  1.522269e-01 -3.614583e-01  9.345805e+01  5.000000e-01  5.035376e-01 -1.489141e+00 -8.919112e-01  1.451551e-01
 1.476863e-03  8.535133e-04  1.553281e-05  1.330174e+02  1.000000e+00  2.603956e+02  1.676164e+01 -5.123787e+01  2.592592e+02
3 -1.615545e-01  7.943248e-01  4.343282e+00  2.211941e+00  9.686485e-01  1.301720e+01 6 1 -1.000000e+00
-5.488958e-02 -1.055141e+00 -2.779719e+00  4.257642e+02  5.000000e-01  8.446473e-01  5.910157e-01 -1.859663e-01  3.912526e-02
-1.050823e+00  3.172412e+00  2.692571e+00  0.000000e+00  0.000000e+00  3.666064e-01  1.399495e-01  1.010411e-01  1.866857e-03
 2.328136e-03 -7.039934e-03  1.461345e-04  4.941993e+02  1.000000e+00  8.557184e+01  8.196434e+00  1.556283e+01  8.274202e+01
3  3.617136e-01  3.140724e-01  1.355347e+00  5.826491e-01  1.278549e-01  1.066600e+01 6 1 -1.000000e+00
 6.436942e-01  7.651230e-01  1.981211e+00  0.000000e+00  0.000000e+00  2.075187e-01  3.068169e-03 -3.511060e-01  1.456615e-02
-2.774826e-01 -2.290597e-01 -2.533074e-01  7.262219e+01  5.000000e-01  5.504622e-01 -5.313976e-01 -1.966589e+00  2.321225e-01
-5.596086e-04 -5.655657e-04  2.745237e-06  1.069124e+02  1.000000e+00  6.361007e+02  3.448975e+01 -1.946693e+02  6.350560e+02
3  1.065153e-01  8.015405e-02  6.490224e-01  2.479617e-01  4.324240e-01  1.320570e+01 6 1 -1.000000e+00
-1.572442e-01 -6.569107e-02 -9.360680e-01  2.578133e+01  5.000000e-01  6.358092e-01 -9.270443e-01 -5.843990e-01  1.184827e-01
 2.527840e-01  4.374063e-01  2.164700e+00  0.000000e+00  0.000000e+00  3.026722e-01 -7.414225e-02 -1.371537e-01  1.038368e-02
-1.092612e-03 -1.123451e-03  2.398930e-04  3.269820e+01  1.000000e+00  6.683387e+01  8.516499e+00 -9.645881e+00  6.526814e+01
3 -3.284975e-01 -1.552671e-01  5.704508e-01  3.090003e-01  2.696811e-01  1.673550e+01 6 3  2.730845e-01
 4.280468e-01 -1.793098e-01  3.856736e+00  0.000000e+00  0.000000e+00  3.958359e-01 -2.022744e-01  2.545835e-01  3.235089e-03
-8.290838e-02  7.434142e-02 -1.040089e+00  2.633120e+01  5.000000e-01  1.389641e+00 -8.354446e-02  1.051806e+00  1.692154e-01
-6.298916e-03  5.308289e-03  7.739708e-03  2.718525e+01  1.000000e+00  1.404578e+01 -6.338390e-01  6.370772e+00  1.088590e+01
3  6.580972e-01 -8.884413e-01  1.512330e+00  6.660086e-01  5.389426e-01  1.320640e+01 6 3  2.703148e-01
-8.265937e-01 -6.600002e-01  5.943757e+00  0.000000e+00  0.000000e+00  5.317270e-01 -1.206200e-01 -1.910147e-01  4.687898e-03
 3.498759e-01  2.902947e-01 -3.203344e+00  1.100706e+02  5.000000e-01  7.219109e-01 -4.997190e-02 -6.221014e-01  5.176248e-02
 6.447267e-04  4.450196e-04  1.547160e-05  1.665195e+02  1.000000e+00  2.591863e+02 -3.121892e+00 -4.489867e+01  2.575040e+02
2 -1.068454e-01 -1.159005e-01  1.255196e+00  5.256575e-01  6.111236e-02  1.405140e+01 6 2  2.706969e-01
 9.095225e-01  4.998708e-01  3.146920e+00  0.000000e+00  0.000000e+00  3.627026e-01 -2.541011e-01 -1.543037e-01  1.066860e-03
-2.183020e-01 -5.106273e-02 -1.923157e-01  1.920349e+02  5.000000e-01  8.050856e-01 -2.122478e+00 -8.560731e-01  7.206993e-02
3  5.617458e+00 -1.841287e+00  4.356061e+00  1.861298e+00  9.349752e-03  1.179020e+01 6 2  2.784884e-01
 3.251092e+00 -2.560411e+00  3.668753e+00  0.000000e+00  0.000000e+00  4.026176e-01 -1.978937e-01  2.124420e-01  1.059808e-04
-3.421460e-03  4.591526e-03  2.670256e-05  8.972027e+02  1.000000e+00  2.112024e+02  7.417992e+01  3.511102e+01  2.071830e+02
-1.722703e-01  1.332578e-01 -3.430193e-02  8.799617e+02  5.000000e-01  2.287720e+00 -2.327523e+00  5.039220e+00  4.770472e-01
1  5.699689e+00 -3.615377e+00  0.000000e+00  5.641775e+00  0.000000e+00  1.078910e+01 0 2 -1.000000e+00
 1.013742e+01 -5.331637e+00  3.850811e+00  0.000000e+00  0.000000e+00  3.927511e-01 -1.002066e-01  3.146813e-01  2.487933e-04
2  1.082138e+00  1.961293e+00  4.209422e+00  1.552030e+00  3.412610e-01  1.757570e+01 6 3  2.797054e-01
 6.841319e-01 -7.120292e-01 -5.021374e+00  5.189074e+02  5.000000e-01  7.711763e-01 -4.114127e-03  5.014898e-01  9.719443e-03
-1.939807e+00  2.579502e+00  1.713599e+00  0.000000e+00  0.000000e+00  2.353431e-01  1.699175e-03 -3.361882e-02  2.944241e-04
3  1.792265e-01  2.729003e-01  9.449795e-01  4.389282e-01  9.487913e-02  1.064690e+01 6 2 -1.000000e+00
 4.310365e-01  5.782764e-01  3.330634e+00  0.000000e+00  0.000000e+00  2.966136e-01  1.380561e-01 -4.188673e-01  5.903234e-02
-1.180948e-01 -1.907756e-01 -3.160077e-01  5.553042e+01  5.000000e-01  1.229081e+00  7.838530e-01 -1.613237e+00  8.560883e-01
-8.172811e-03 -1.317912e-02  3.369326e-03  6.014026e+01  1.000000e+00  2.013621e+01  3.933138e+00 -7.343689e+00  1.944570e+01
3 -4.222016e-02  6.439121e-01  1.473239e+00  6.175215e-01  1.302070e-01  9.776430e+00 6 1 -1.000000e+00
-1.615960e-01  1.309318e+00  1.378507e+00  0.000000e+00  0.000000e+00  1.466133e-01 -4.593151e-03 -5.315132e-02  5.899224e-03
 8.724760e-04 -1.549354e-01 -1.794913e-01  1.023716e+02  5.000000e-01  1.507275e+00  2.410479e+00  1.349799e-01  1.177776e+00
-2.753801e-04 -2.516431e-02  6.058471e-03  1.036452e+02  1.000000e+00  1.472777e+01  4.794918e+00 -6.342257e-01  1.422775e+01
3 -4.498681e-02 -2.804125e-01  1.039818e+00  3.584427e-01  9.754411e-02  5.739800e+00 6 2 -1.000000e+00
-5.888413e-02 -7.142726e-01  4.272400e+00  0.000000e+00  0.000000e+00  3.097451e-01  4.707573e-01 -1.441488e-01  1.195249e-02
 2.920454e-02  3.218077e-01 -4.167475e-01  4.980794e+01  5.000000e-01  5.659752e-01  1.533991e+00 -4.845457e-01  1.146717e-01
-2.741859e-05  2.755946e-04  5.810963e-07  8.837773e+01  1.000000e+00  1.535542e+03  7.173657e+02  3.454288e+02  1.533618e+03
2  5.548452e+00 -3.514292e-01  3.573516e+00  1.982448e+00  5.089411e-01  1.303480e+01 6 3  2.689101e-01
-5.320553e-01 -1.341023e+00 -2.820477e+00  2.763571e+02  5.000000e-01  9.864441e-01  3.550207e-01 -4.782197e-01  1.589630e-03
-1.271952e+00  2.155057e+00  5.541854e+00  0.000000e+00  0.000000e+00  5.179858e-01  3.898266e-02  2.244393e-01  1.124016e-03
3 -1.814608e+00  3.946580e+00  2.367900e+00  1.013831e+00  1.587959e-01  1.631940e+01 6 1  2.955491e-01
 9.226133e-01  1.854537e+00  2.095152e+00  0.000000e+00  0.000000e+00  3.014449e-01  1.008931e-01  2.252550e-02  1.748478e-03
-9.501427e-02 -2.835428e-01 -3.327015e-01  1.882716e+02  5.000000e-01  1.241758e+00  1.489089e+00 -9.201942e-01  3.077029e-01
-4.558150e-03 -1.113105e-02  6.904897e-04  1.959019e+02  1.000000e+00  4.016696e+01  4.415060e+00 -8.143113e+00  3.772707e+01
5  3.029986e-02 -2.349586e-01  8.108299e+00  2.994830e+00  1.000000e+00  1.441050e+01 6 3 -1.000000e+00
-2.985855e+00 -3.095612e+00  4.347237e+00  0.000000e+00  0.000000e+00  5.104307e-01  6.691380e-02 -7.189911e-02  5.909338e-03
 1.938019e+00 -1.540956e+00 -3.989549e+00  2.527426e+02  5.000000e-01  7.697069e-01 -3.485182e-02  5.499774e-01  5.701328e-03
-1.112722e+00  1.607786e+00 -2.594752e+00  3.599403e+02  5.000000e-01  8.550491e-01  1.929718e-01  6.075903e-01  1.085323e-02
 3.287940e+00  2.040925e+00  5.413273e+00  1.301642e+02  0.000000e+00  5.605989e-01 -6.569568e-02 -6.345273e-02  7.491416e-03
 3.224202e-04  2.523878e-03  1.626601e-04  5.673346e+02  1.000000e+00  8.225068e+01  7.230144e+00 -2.004017e+01  7.858555e+01
3  3.955274e+00  2.007040e+00  1.894157e+00  8.074007e-01  2.598862e-01  1.692840e+01 6 1  2.929222e-01
 3.250408e-01 -1.580552e-01 -5.565341e-01  1.154701e+02  5.000000e-01  9.698404e-01 -9.499637e-01  9.462101e-01  2.819233e-01
-8.195931e-01  1.351132e+00  2.141454e+00  0.000000e+00  0.000000e+00  3.099278e-01 -5.925447e-02  7.560463e-02  3.507628e-03
 5.556095e-03 -3.785935e-03  3.116840e-04  1.281350e+02  1.000000e+00  6.073497e+01 -1.105068e+01  1.541984e+01  5.893912e+01
3  5.011763e-01 -2.745989e-01  1.678111e+00  8.831074e-01  1.700625e-01  3.722720e+00 6 1 -1.000000e+00
 1.074696e+00 -7.191682e-01  1.881108e+00  0.000000e+00  0.000000e+00  2.382519e-01 -7.429365e-02  2.076995e-01  4.704432e-03
-3.686272e-01  1.369127e-01 -3.199059e-01  1.489593e+02  5.000000e-01  6.150673e-01 -1.290174e+00  1.268678e+00  1.814252e-01
-1.400634e-03  3.954809e-04  8.709062e-06  1.956637e+02  1.000000e+00  3.554020e+02 -1.035943e+02 -6.788949e+00  3.540610e+02
3 -6.954907e-01  4.008067e-01  1.901498e+00  8.554339e-01  4.726800e-02  1.134410e+01 6 2 -1.000000e+00
-1.064731e+00  1.178081e+00  3.261789e+00  0.000000e+00  0.000000e+00  3.038367e-01 -1.384925e-01  3.986012e-01  1.549143e-03
 2.849686e-01 -1.613230e-01 -1.541782e-01  1.889457e+02  5.000000e-01  1.016305e+00 -1.426513e+00  2.109817e+00  1.207055e-01
 6.407629e-04 -4.651355e-04  1.735860e-06  2.269253e+02  1.000000e+00  7.653568e+02  5.230393e+01  7.363678e+01  7.616297e+02
3  6.003357e+00 -1.589229e+00  2.652508e+00  1.409524e+00  3.894853e-01  8.247570e+00 6 3  2.905912e-01
-7.507441e-01 -5.261255e-01 -2.049124e+00  1.018866e+02  5.000000e-01  8.697336e-01 -3.158822e-01 -6.365542e-01  5.466139e-02
 5.458034e-01  1.787911e+00  5.261106e+00  0.000000e+00  0.000000e+00  4.891303e-01  1.870794e-01 -1.895126e-01  4.856494e-03
-5.661225e-03 -4.403737e-03  6.154298e-04  1.378101e+02  1.000000e+00  4.340701e+01 -5.070725e+00 -1.215573e+01  3.934993e+01
3 -9.879820e-01  1.014815e+00  1.612913e+00  8.808154e-01  1.240375e-01  1.207920e+01 6 3  2.735114e-01
-4.003831e-01  1.222110e+00  5.087682e+00  0.000000e+00  0.000000e+00  4.486039e-01  2.196799e-01  2.433624e-01  2.069806e-03
 1.952507e-01 -2.767923e-01 -6.310635e-01  1.628341e+02  5.000000e-01  1.062496e+00  4.075360e-01  1.192664e+00  8.522084e-02
 1.848124e-03 -2.788332e-03  1.460395e-04  1.851445e+02  1.000000e+00  8.391212e+01 -1.592242e-01  5.189574e+00  8.066649e+01
1  1.157623e+01 -1.677817e+01  0.000000e+00  9.087318e+00  0.000000e+00  1.335850e+01 0 2 -1.000000e+00
 1.959146e+01 -2.534389e+01  4.424285e+00  0.000000e+00  0.000000e+00  4.174592e-01  1.170788e-01  3.156281e-01  5.270305e-04
2  2.061786e+00  2.397295e+00  3.909912e+00  2.050826e+00  7.234020e-01  6.082060e+00 6 1  2.871879e-01
-7.790315e-01 -1.039211e+00 -2.079739e+00  3.130589e+02  5.000000e-01  6.282228e-01  2.536361e-01 -7.447929e-01  4.135547e-03
 1.909825e+00  1.799356e+00  2.874942e+00  0.000000e+00  0.000000e+00  2.792649e-01  2.455106e-02 -4.135496e-01  6.091391e-04
3 -6.820199e-01  4.470666e-01  2.790836e+00  1.331084e+00  2.276326e-01  1.078750e+01 6 1 -1.000000e+00
 4.677496e-01 -2.110779e-01 -4.811277e-01  2.681313e+02  5.000000e-01  9.685935e-01 -9.243867e-01  1.106773e+00  3.381525e-01
-1.758109e+00  1.472467e+00  2.113615e+00  0.000000e+00  0.000000e+00  3.015989e-01 -4.864920e-02  1.107896e-01  4.561652e-03
 1.091275e-02 -4.802468e-03  3.323475e-04  2.939685e+02  1.000000e+00  5.967583e+01 -1.789312e+01  1.066727e+01  5.816431e+01
3 -1.208552e-01  5.103218e-01  1.226790e+00  5.906043e-01  1.131728e-01  1.612250e+01 6 1 -1.000000e+00
 3.890600e-03  1.058026e+00  1.799217e+00  0.000000e+00  0.000000e+00  2.128331e-01  2.253321e-01  1.142791e-01  8.023928e-03
 4.197350e-02 -1.681734e-01 -2.036224e-01  3.705713e+01  5.000000e-01  1.372656e+00  1.865833e+00  1.252434e+00  6.912111e-01
 2.470841e-03 -1.502777e-02  2.467978e-03  3.819171e+01  1.000000e+00  2.209408e+01  6.170907e+00  1.300099e+00  2.066548e+01
3 -5.058680e-01 -3.335791e-01  1.446161e+00  4.667689e-01  1.071679e-01  1.534350e+01 6 1 -1.000000e+00
-1.139047e+00 -5.420924e-01  1.561320e+00  0.000000e+00  0.000000e+00  1.937093e-01  2.736208e-02 -9.419239e-02  1.188701e-03
 2.972135e-03  1.153699e-03  8.949283e-05  1.254023e+02  1.000000e+00  1.089477e+02 -1.430039e+01  1.655671e+01  1.076157e+02
 1.581239e-01  9.722569e-02 -1.673233e-01  1.164361e+02  5.000000e-01  7.682149e-01 -8.281200e-01 -2.311795e+00  2.353759e-01
3 -4.146975e-01  4.100244e-01  1.927910e+00  9.288900e-01  3.622158e-01  1.148930e+01 6 1 -1.000000e+00
-9.280526e-01  1.339432e+00  1.942888e+00  0.000000e+00  0.000000e+00  2.603807e-01 -4.464661e-03  1.797749e-01  4.171908e-03
 2.616297e-01 -1.776354e-01 -7.037448e-01  2.213113e+02  5.000000e-01  1.111857e+00 -4.765737e-01  1.098344e+00  3.305292e-01
 2.058273e-02 -1.582561e-02  6.265928e-03  2.283476e+02  1.000000e+00  1.425137e+01 -2.027505e+00  3.448888e+00  1.254233e+01
3 -7.383072e-01 -5.089713e-02  3.212956e+00  9.491907e-01  3.134405e-01  1.844880e+01 6 1 -1.000000e+00
-2.769665e+00 -3.836354e-01  1.874337e+00  0.000000e+00  0.000000e+00  2.367507e-01  1.913046e-01  1.114898e-01  1.884471e-03
 4.118919e-01  6.444936e-02 -5.874930e-01  4.996354e+02  5.000000e-01  9.665844e-01 -1.265144e+00 -3.204303e-01  3.598173e-01
 7.499953e-03  1.438570e-03  1.315331e-04  5.348841e+02  1.000000e+00  9.722747e+01 -3.503803e+01 -2.072235e+01  9.577921e+01
1 -1.296845e-01 -3.358603e-01  0.000000e+00  3.767971e-01  0.000000e+00  1.757040e+01 0 2  2.731943e-01
 5.424488e-01 -7.532935e-01  3.775481e+00  0.000000e+00  0.000000e+00  3.014289e-01  2.844021e-01  3.771605e-01  2.991686e-04
3 -1.752072e-01  1.414972e-02  8.194230e-01  4.927430e-01  4.119999e-01  1.385880e+01 6 3 -1.000000e+00
-5.567762e-01 -3.653954e-01  3.646691e+00  0.000000e+00  0.000000e+00  4.007528e-01 -2.246089e-01 -1.855447e-01  2.411702e-01
 1.758603e-01  1.616600e-03 -1.502436e+00  4.918495e+00  5.000000e-01  1.548653e+00 -9.736874e-01  1.361571e-01  1.288545e+00
 7.585063e-02  3.424260e-03  4.807926e-01  4.946927e+00  1.000000e+00  2.939132e+00 -1.290657e+00 -1.205669e-01  2.614333e+00
3  8.778783e-01  2.537437e-01  1.309078e+00  5.533008e-01  5.965082e-01  1.254470e+01 6 1  2.865943e-01
-4.088722e-02 -2.000631e-01 -9.854190e-01  7.417739e+01  5.000000e-01  1.228214e+00  9.498646e-01 -4.057533e-01  1.596746e-01
 2.549301e-01  1.075154e+00  1.651979e+00  0.000000e+00  0.000000e+00  2.194012e-01  6.242777e-02 -1.012728e-02  1.680261e-03
-2.609179e-03 -1.378154e-02  4.610759e-03  7.609350e+01  1.000000e+00  1.680355e+01  5.375687e+00 -1.992506e+00  1.338497e+01
1 -1.611552e+00 -4.508475e+00  0.000000e+00  1.773591e+00  0.000000e+00  1.438680e+01 0 2 -1.000000e+00
-4.297729e+00 -5.719611e+00  3.066394e+00  0.000000e+00  0.000000e+00  3.574513e-01  2.433777e-01 -1.658920e-01  2.659905e-03
3  3.238250e-02 -2.906398e-01  2.035345e+00  8.859652e-01  2.083319e-01  1.778530e+01 6 3 -1.000000e+00
 4.593586e-01 -1.205770e+00  6.015315e+00  0.000000e+00  0.000000e+00  3.999667e-01  3.348135e-01  2.858277e-01  4.220100e-02
-1.271211e-02  7.740725e-01 -1.253182e+00  5.161581e+01  5.000000e-01  6.493461e-01  9.590392e-01  3.421780e-02  1.992830e-01
-1.996129e-04  3.836692e-03  1.714708e-04  8.943377e+01  1.000000e+00  8.160472e+01  2.578720e+01 -4.944018e-01  8.023556e+01
2  8.712279e-01 -3.269706e-01  4.273826e-03  1.898139e-01  2.402956e-01  7.984000e+00 6 1 -1.000000e+00
-7.657611e-03  2.976652e-03 -5.294660e-04  0.000000e+00  5.000000e-01  4.868016e+01 -4.778163e+01  4.334754e+01  4.798715e+01
-3.672893e-03  1.431463e-03  1.272284e-04  3.905588e-02  1.000000e+00  1.348233e+02 -7.371778e+01  6.792992e+01  1.340382e+02
1 -1.729717e-03 -2.177212e-02  0.000000e+00  2.054331e-02  0.000000e+00  1.032680e+01 0 2 -1.000000e+00
 1.347963e-02 -5.130570e-02  4.184299e+00  0.000000e+00  0.000000e+00  4.579550e-01  2.279628e-01  5.345146e-02  5.642212e-02
3  6.571773e-02 -1.511214e-01  7.500275e-01  3.294669e-01  7.275047e-01  6.509670e+00 6 1 -1.000000e+00
 2.528052e-01 -4.633314e-01  1.851476e+00  0.000000e+00  0.000000e+00  2.457294e-01  1.327208e-01  1.058293e-01  2.746374e-02
-9.580144e-02  2.007580e-01 -1.346958e+00  5.844794e+01  5.000000e-01  5.511751e-01  7.162327e-01  6.564057e-01  2.440920e-01
-1.339120e-03  2.215891e-03  3.158991e-04  7.703053e+01  1.000000e+00  6.011953e+01  3.326773e+00  1.784612e+01  5.934068e+01
3 -5.874811e-01  1.182962e-01  1.646999e+00  8.767559e-01  3.472517e-02  1.673000e+01 6 2 -1.000000e+00
-1.032137e+00  1.027059e+00  3.752815e+00  0.000000e+00  0.000000e+00  4.172391e-01 -1.907009e-01  1.917726e-01  2.507631e-03
 5.217088e-03 -6.753798e-04  1.158231e-04  3.359662e+02  1.000000e+00  1.000531e+02 -3.399320e+01  4.702813e+00  9.771884e+01
 2.251243e-01 -3.684852e-02 -1.303171e-01  3.119427e+02  5.000000e-01  1.573981e+00 -2.663376e+00  9.536622e-01  5.601993e-01
1  2.500526e+00 -8.133773e-01  0.000000e+00  5.964066e-01  0.000000e+00  6.507690e+00 0 2  3.194297e-01
 1.170280e+00 -1.178006e+00  3.091947e+00  0.000000e+00  0.000000e+00  4.153481e-01 -9.799060e-02  9.378094e-02  1.437814e-03
5  2.972088e-01 -1.659985e-01  4.354757e-01  1.775466e-01  1.000000e+00  1.553580e+01 6 3  2.913360e-01
 3.349407e-02 -2.400258e-01  4.617535e+00  0.000000e+00  0.000000e+00  5.126437e-01  9.902127e-02  1.055708e-01  1.567994e-02
 1.713368e-01 -4.946670e-02 -5.120090e+00  2.805666e-01  5.000000e-01  7.084958e-01 -4.643246e-01  2.543352e-01  4.560414e-02
-8.464921e-02  2.273447e-02 -2.129410e+00  1.055124e+00  5.000000e-01  1.155513e+00 -6.164170e-01  3.373837e-01  1.738245e-01
 1.351252e-01  1.834245e-01  4.917970e+00  2.839954e-02  0.000000e+00  4.996840e-01 -4.956303e-02 -2.110064e-01  1.927254e-02
-1.042423e-02  2.670229e-03  1.664905e-01  1.127087e+00  1.000000e+00  3.736163e+00 -1.041647e+00  6.286584e-01  1.615736e+00
1  9.780561e-02 -1.598181e+00  0.000000e+00  1.045685e+00  0.000000e+00  1.553580e+01 0 2 -1.000000e+00
 7.103040e-01 -2.388154e+00  5.812432e+00  0.000000e+00  0.000000e+00  4.007647e-01  4.215723e-01  9.651229e-02  1.436587e-02
3  2.180358e-01 -4.365100e-01  1.577945e+00  5.634943e-01  1.996001e-01  1.844690e+01 6 1 -1.000000e+00
 7.251315e-01 -1.035367e+00  1.724431e+00  0.000000e+00  0.000000e+00  2.354623e-01  6.195452e-02  2.789566e-02  6.583133e-03
-1.259862e-01  2.933575e-01 -3.441967e-01  1.012767e+02  5.000000e-01  7.738232e-01  1.295570e+00  1.130473e+00  2.877523e-01
-1.008144e-03  1.889095e-03  2.218166e-05  1.225219e+02  1.000000e+00  2.250607e+02  3.654119e+01  6.152764e+01  2.235551e+02
1 -6.617469e-01 -1.369048e+00  0.000000e+00  3.269830e-01  0.000000e+00  1.177690e+01 0 2  2.882193e-01
-5.321441e-02 -9.441101e-01  3.887481e+00  0.000000e+00  0.000000e+00  2.622304e-01  2.739571e-01 -4.604514e-01  1.386763e-03
1 -1.015353e-01 -1.293449e-02  0.000000e+00  3.854605e-02  0.000000e+00  6.511620e+00 0 2  2.798360e-01
-8.233117e-02 -8.310606e-02  3.021484e+00  0.000000e+00  0.000000e+00  3.586635e-01  2.107047e-01 -1.896122e-01  1.911345e-03
3  1.545801e+00 -5.849408e-01  3.135928e+00  1.715572e+00  5.480606e-03  1.011830e+01 6 2 -1.000000e+00
 2.558608e+00 -1.546263e+00  4.279355e+00  0.000000e+00  0.000000e+00  4.021609e-01 -1.683963e-01  3.088271e-01  2.493674e-03
-1.337176e-01  6.166387e-02 -2.345346e-02  6.392815e+02  5.000000e-01  5.854696e+00 -5.992139e+00  5.504542e+00  4.446712e+00
-3.209140e-02  1.681707e-02  1.529708e-03  6.410643e+02  1.000000e+00  3.431239e+01 -1.186440e+01  1.775477e+01  3.243878e+01
2 -9.442421e-01 -5.790820e-02  3.279182e+00  1.362676e+00  1.066967e-01  1.631790e+01 6 1 -1.000000e+00
-2.769987e+00 -7.490454e-03  2.571090e+00  0.000000e+00  0.000000e+00  3.666320e-01 -1.062724e-01  3.035114e-02  8.422378e-04
 5.071140e-01  1.092990e-01 -2.743268e-01  5.626527e+02  5.000000e-01  1.114536e+00 -1.805294e+00 -6.319160e-01  2.396568e-01
3  5.871193e-01  3.338565e-01  1.570343e+00  7.441484e-01  4.123633e-02  1.272830e+01 6 2 -1.000000e+00
 1.125322e+00  7.437986e-01  3.230997e+00  0.000000e+00  0.000000e+00  3.452121e-01 -1.819865e-01 -2.934727e-01  1.215974e-02
-1.891993e-01 -1.152780e-01 -1.332345e-01  2.667839e+02  5.000000e-01  1.863824e+00 -1.399911e+00 -2.508387e+00  1.122244e+00
-1.414985e-02 -8.891657e-03  1.051852e-03  2.763552e+02  1.000000e+00  3.602938e+01 -6.584620e+00 -1.526420e+01  3.467242e+01
3 -8.152660e-02  6.412291e-02  1.446237e-01  8.215469e-02  3.259807e-01  1.756730e+01 6 3  2.767155e-01
 9.069458e-02 -4.493109e-02  1.128765e+01  0.000000e+00  0.000000e+00  5.146956e-01 -1.896109e-01  3.331300e-01  1.405998e-03
-3.952028e-02  1.799815e-02 -3.679556e+00  1.188593e+00  5.000000e-01  1.100384e+00 -3.267088e-01  4.184616e-01  8.037941e-03
-1.004967e-02  4.574698e-03  6.082596e-01  1.226201e+00  1.000000e+00  2.452238e+00 -4.861986e-01  4.780923e-01  5.109454e-02
1 -9.523590e-02 -8.114040e-02  0.000000e+00  1.459342e-01  0.000000e+00  1.856010e+01 0 2  2.847103e-01
 1.261459e-01  2.243651e-01  3.433111e+00  0.000000e+00  0.000000e+00  3.525261e-01 -8.841236e-03 -3.575798e-01  1.052466e-03
3 -2.282219e-03  4.053666e-01  8.678642e-01  3.705727e-01  2.941444e-02  1.320640e+01 6 2 -1.000000e+00
-1.512745e-01  7.440027e-01  3.122841e+00  0.000000e+00  0.000000e+00  3.408633e-01  3.379583e-01 -4.914112e-03  7.781048e-03
 6.024453e-03 -1.094874e-01 -9.185662e-02  1.379608e+02  5.000000e-01  1.847757e+00  3.403026e+00  1.569610e-01  1.085199e+00
 5.426785e-04 -6.171242e-03  4.208005e-04  1.435873e+02  1.000000e+00  5.440833e+01  2.096987e+01  6.024212e+00  5.295471e+01
3  1.307892e+00 -8.175823e-01  8.994636e-01  4.547362e-01  2.200024e-02  1.149030e+01 6 2  2.644569e-01
 7.941831e-01  1.178004e-01  3.132597e+00  0.000000e+00  0.000000e+00  2.939182e-01 -4.234589e-01 -3.181255e-03  2.351878e-03
-9.682562e-02 -5.236601e-03 -6.891789e-02  1.782923e+02  5.000000e-01  1.933994e+00 -3.922017e+00 -1.213994e-02  7.235845e-01
-2.267689e-03 -3.529919e-04  3.913740e-05  1.869075e+02  1.000000e+00  1.751536e+02 -5.920989e+01 -3.567413e+01  1.717884e+02
3  9.804592e-02 -1.048505e-01  5.445362e-01  2.402196e-01  9.272556e-01  1.456580e+01 6 1 -1.000000e+00
 2.766665e-01 -2.860133e-01  1.516415e+00  0.000000e+00  0.000000e+00  1.780321e-01  2.622372e-02  1.244728e-01  2.018998e-02
-1.065633e-01  1.008387e-01 -1.406104e+00  1.139531e+01  5.000000e-01  4.783841e-01 -5.537640e-03  9.915832e-01  2.566563e-01
-2.286710e-03  2.129467e-03  1.036642e-03  1.371624e+01  1.000000e+00  3.226319e+01 -2.073481e+00  2.904230e+00  3.179349e+01
1 -4.981921e-02 -1.485416e-01  0.000000e+00  5.632387e-02  0.000000e+00  1.474730e+01 0 2  2.754417e-01
 6.042738e-02 -1.608800e-01  3.007419e+00  0.000000e+00  0.000000e+00  3.432418e-01  2.721587e-01  1.573210e-01  5.274388e-04
2  2.460306e-02  1.041072e-01  8.748657e-01  4.894918e-01  3.489130e-01  1.148930e+01 6 3 -1.000000e+00
-1.660444e-01 -3.113274e-01 -1.075938e+00  6.103976e+01  5.000000e-01  5.479031e-01  5.424402e-01 -9.162815e-01  6.000953e-02
-3.038968e-01  5.526093e-01  3.083685e+00  0.000000e+00  0.000000e+00  3.659627e-01  2.314414e-01  1.554057e-01  1.054615e-02
3 -1.082908e-01 -2.077150e+00  7.573712e+00  4.498844e+00  1.198209e-01  1.552730e+01 6 3 -1.000000e+00
-1.624840e+00 -6.882242e+00  5.686787e+00  0.000000e+00  0.000000e+00  4.899760e-01  2.817717e-01 -6.987790e-02  1.889504e-03
 2.576215e-02  5.094180e-01 -6.813962e-01  1.654637e+03  5.000000e-01  2.896989e+00  2.240708e+00 -2.129967e-01  1.166592e+00
 1.478206e-02  2.860346e-01  2.127889e-01  1.655022e+03  1.000000e+00  4.972342e+00  3.311566e+00 -3.369582e-01  2.947688e+00
3 -9.761270e-02 -2.287457e-01  6.605641e-01  3.693880e-01  4.892878e-02  1.475370e+01 6 2 -1.000000e+00
-1.908270e-01 -5.011887e-01  5.511922e+00  0.000000e+00  0.000000e+00  3.772070e-01  3.564069e-01 -2.818161e-01  2.627903e-02
 6.088640e-02  1.095365e-01 -2.696916e-01  3.243533e+01  5.000000e-01  1.563627e+00  1.212720e+00 -1.598413e+00  8.960078e-01
 6.906873e-03  1.153294e-02  5.540681e-03  3.369318e+01  1.000000e+00  1.632656e+01  2.650037e+00 -6.884587e+00  1.515948e+01
1  9.329236e-01 -4.769986e+00  0.000000e+00  6.156561e+00  0.000000e+00  1.463540e+01 0 2 -1.000000e+00
-1.444597e-02 -1.111840e+01  3.779004e+00  0.000000e+00  0.000000e+00  3.889417e-01  3.170639e-01  9.078992e-02  8.293292e-05
2 -3.141696e+00 -2.421008e+00  2.763149e+00  1.481625e+00  4.319284e-02  1.405930e+01 6 2  2.719406e-01
-2.489499e+00  3.965139e-01  3.093625e+00  0.000000e+00  0.000000e+00  3.411397e-01 -3.160217e-01 -1.047940e-01  3.851928e-04
 2.624812e-01  1.483155e-01 -1.336224e-01  6.108835e+02  5.000000e-01  1.842488e+00 -1.430442e+00 -2.479394e+00  2.575713e-01
2 -5.329041e-01 -3.503151e-01  2.702139e+00  1.213056e+00  2.571677e-01  1.631650e+01 6 1 -1.000000e+00
-1.399686e+00 -1.779630e+00  2.441584e+00  0.000000e+00  0.000000e+00  3.459616e-01 -4.354282e-02 -1.276720e-01  5.671406e-04
 4.277125e-01  2.108906e-01 -6.278966e-01  4.286411e+02  5.000000e-01  1.112869e+00 -9.051973e-01 -8.865529e-01  4.755165e-02
3  1.904205e-01 -3.232813e-01  1.275492e+00  7.646114e-01  4.596037e-01  2.416110e+00 6 1 -1.000000e+00
 3.561408e-01 -8.466985e-01  1.479905e+00  0.000000e+00  0.000000e+00  1.424975e-01  1.447600e-01  1.965602e-01  5.547874e-03
-2.594241e-01  2.704233e-01 -6.801696e-01  4.238137e+01  5.000000e-01  3.083946e-01  1.278762e-01  1.390031e+00  9.062716e-02
-7.217771e-04  7.307537e-04  1.715526e-05  6.290369e+01  1.000000e+00  2.506126e+02 -6.309225e+01 -5.885929e+00  2.498917e+02
3  1.166840e-01  6.335725e-02  8.627928e-01  5.107825e-01  2.763680e-01  3.505850e+00 6 3 -1.000000e+00
-3.152004e-01 -1.178096e-01 -1.026838e+00  1.847968e+01  5.000000e-01  5.776106e-01 -8.224960e-01 -6.897658e-01  2.481453e-01
 3.859411e-01  3.849946e-01  3.715472e+00  0.000000e+00  0.000000e+00  2.996485e-01  6.972519e-03 -4.704240e-01  5.506588e-02
-1.414864e-03 -6.689373e-04  1.338902e-04  3.338480e+01  1.000000e+00  9.235315e+01 -2.129270e+01 -2.057213e+01  9.132884e+01
3  4.252607e-01  2.766625e+00  3.702207e+00  1.469315e+00  1.076859e-01  6.506970e+00 6 1  2.766182e-01
-3.345369e+00  2.647509e-01  2.016247e+00  0.000000e+00  0.000000e+00  2.924082e-01 -6.817569e-02 -8.197648e-03  8.169514e-04
 1.164385e-02 -2.421330e-03  2.157402e-04  6.725456e+02  1.000000e+00  7.419180e+01 -2.321914e+01  1.351687e+01  7.108363e+01
 3.416011e-01 -7.079144e-02 -2.171214e-01  6.545136e+02  5.000000e-01  1.750832e+00 -2.081791e+00  9.141174e-01  4.513522e-01
3 -5.501130e-01 -5.430769e-01  9.868834e-01  5.462034e-01  1.780230e-01  1.369770e+01 6 3  2.745585e-01
 1.886272e-01  1.018673e-01 -6.047533e-01  5.077303e+01  5.000000e-01  1.384957e+00 -7.235922e-01 -1.130563e+00  4.356595e-01
-7.879271e-01  2.442764e-01  3.397052e+00  0.000000e+00  0.000000e+00  3.992298e-01 -2.578110e-01  9.238706e-03  9.375404e-03
 1.891228e-02  9.621845e-03  1.392318e-02  5.312403e+01  1.000000e+00  1.071410e+01 -2.461595e+00 -4.059752e+00  8.541726e+00
1  4.564734e-02  4.027087e-01  0.000000e+00  8.444229e-02  0.000000e+00  1.092420e+01 0 2  3.087582e-01
-9.916544e-02  2.419569e-01  3.106150e+00  0.000000e+00  0.000000e+00  3.491756e-01  2.894328e-01 -1.336380e-01  1.714097e-03
3 -7.642738e-01 -4.265027e-01  2.297179e+00  8.063718e-01  1.301277e-01  9.782690e+00 6 1 -1.000000e+00
-1.913636e+00 -6.753036e-01  1.723609e+00  0.000000e+00  0.000000e+00  2.245534e-01 -9.798446e-03 -1.450639e-01  1.316634e-03
 9.000223e-03  3.349803e-03  4.039817e-04  1.830396e+02  1.000000e+00  5.136674e+01 -7.672258e+00  1.607708e+00  4.944649e+01
 2.397981e-01  1.245430e-01 -2.242894e-01  1.757124e+02  5.000000e-01  1.097164e+00 -1.007181e+00 -1.858374e+00  3.042156e-01
1 -2.948283e-02 -6.094354e-03  0.000000e+00  2.416582e-02  0.000000e+00  9.236360e+00 0 2  2.994412e-01
 2.347278e-03 -4.272197e-02  3.567912e+00  0.000000e+00  0.000000e+00  3.423715e-01  3.768948e-01  1.007449e-01  1.608805e-04
3 -4.431234e-01  6.203036e-02  4.829739e-01  2.372024e-01  5.159498e-01  3.099350e+00 6 3  2.856682e-01
 5.398312e-02 -9.773582e-02 -1.627642e+00  1.173252e+01  5.000000e-01  1.236223e+00  5.501860e-01  6.062034e-01  3.773043e-01
-2.652069e-01  2.647300e-01  3.154651e+00  0.000000e+00  0.000000e+00  3.542247e-01  5.521086e-04  3.162803e-01  3.755559e-02
 1.482432e-02 -2.065734e-02  1.242449e-01  1.196470e+01  1.000000e+00  4.448307e+00  7.615647e-01  1.806163e+00  2.809640e+00
3 -5.167432e-01 -2.236386e+00  2.161983e+00  1.078159e+00  3.234216e-01  1.545840e+01 6 1  2.815725e-01
 2.110199e-01 -1.752137e+00  2.418720e+00  0.000000e+00  0.000000e+00  3.493580e-01  9.907586e-02  8.779644e-03  2.196471e-03
 1.072740e-01  4.073555e-01 -7.822662e-01  1.240014e+02  5.000000e-01  8.895032e-01  9.690572e-01 -5.928533e-01  1.303695e-01
 1.159574e-03  6.525606e-03  3.906774e-04  1.381408e+02  1.000000e+00  5.200246e+01  1.074480e+00 -6.359206e+00  4.997632e+01
3  5.837012e-04 -4.281781e-01  1.819662e+00  6.490797e-01  4.898549e-01  1.149640e+01 6 1 -1.000000e+00
 1.633998e-01 -1.297865e+00  1.756169e+00  0.000000e+00  0.000000e+00  2.318122e-01  1.435703e-01  8.870614e-03  1.848593e-02
 5.198039e-02  5.183826e-01 -8.602677e-01  1.195687e+02  5.000000e-01  5.634897e-01  1.101129e+00 -3.748141e-01  2.115874e-01
-8.435162e-05  2.574682e-03  3.731681e-05  1.674713e+02  1.000000e+00  1.743048e+02  5.643668e+01  7.203755e+00  1.731308e+02
3 -1.685131e-01  6.887040e-01  1.985355e+00  8.909235e-01  2.904192e-01  1.611160e+01 6 1  2.808918e-01
 1.522640e+00 -4.887211e-02  2.212913e+00  0.000000e+00  0.000000e+00  2.588870e-01 -3.116171e-01  1.581810e-02  2.134367e-03
-4.538515e-01  1.385176e-01 -6.426724e-01  1.781357e+02  5.000000e-01  8.526417e-01 -1.035539e+00  7.108983e-01  6.231289e-02
-2.373579e-03  5.231063e-04  3.870698e-05  2.139607e+02  1.000000e+00  1.620771e+02  1.469103e+00  1.041817e+01  1.574072e+02
3  1.895987e+00 -1.234773e+00  1.135993e+00  5.643547e-01  1.082660e-01  1.534630e+01 6 3  2.807629e-01
-1.138761e-01  8.196452e-01  6.037360e+00  0.000000e+00  0.000000e+00  4.810046e-01  2.400925e-01  2.146543e-01  1.036472e-02
 2.245528e-01 -2.647649e-01 -6.536410e-01  5.182054e+01  5.000000e-01  6.997498e-01  8.477089e-02  1.269983e+00  1.021085e-01
 2.774044e-04 -4.338706e-04  5.234476e-06  8.544181e+01  1.000000e+00  4.522466e+02  7.074982e+01  8.704553e+01  4.508512e+02
1 -2.362094e-01 -2.044041e-01  0.000000e+00  2.623866e-01  0.000000e+00  1.534160e+01 0 2  2.718869e-01
 4.309162e-01 -4.842246e-03  6.752175e+00  0.000000e+00  0.000000e+00  4.340506e-01 -4.115932e-01 -5.281397e-02  1.435379e-03
3 -4.959288e-01 -1.814012e-01  1.803580e+00  4.681722e-01  3.778152e-01  1.192530e+01 6 1 -1.000000e+00
-1.367747e+00 -8.403370e-01  1.462228e+00  0.000000e+00  0.000000e+00  1.502558e-01  5.949929e-02  1.861102e-01  4.904147e-03
 1.929345e-01  6.363863e-02 -5.524519e-01  8.591851e+01  5.000000e-01  1.126146e+00 -1.286466e+00 -4.135583e-01  6.440473e-01
 3.124710e-02  1.751268e-02  1.923659e-02  8.695689e+01  1.000000e+00  8.713858e+00 -1.064624e+00 -2.527035e+00  7.961912e+00
1  3.938475e+00  4.745931e+00  0.000000e+00  4.056667e+00  0.000000e+00  6.167820e+00 0 2 -1.000000e+00
 3.856383e+00  1.133081e+01  3.010019e+00  0.000000e+00  0.000000e+00  3.511442e-01  4.513900e-02 -2.945379e-01  9.196187e-05
3 -1.227114e-01  6.551382e-02  1.224479e+00  6.617376e-01  4.142811e-01  1.802650e+01 6 3 -1.000000e+00
 3.726071e-01 -3.169050e-01 -1.574737e+00  1.650029e+01  5.000000e-01  7.416869e-01 -5.556322e-02  8.358620e-01  2.650312e-01
-8.246501e-01 -6.014907e-02  3.801131e+00  0.000000e+00  0.000000e+00  3.923518e-01 -3.258162e-01 -7.383147e-04  4.641804e-02
 5.994525e-03 -3.590506e-03  2.534647e-03  2.477952e+01  1.000000e+00  2.226203e+01 -2.964470e+00  6.982368e+00  2.054288e+01
2 -2.650277e-01 -1.171303e+00  2.391661e+00  8.936627e-01  3.659924e-01  1.149640e+01 6 1  2.722018e-01
 1.736402e+00 -1.082793e+00  1.780719e+00  0.000000e+00  0.000000e+00  2.490195e-01  4.882675e-02 -4.084419e-03  1.274378e-04
-2.376219e-01  2.674921e-01 -6.517295e-01  4.257974e+02  5.000000e-01  9.400569e-01  3.942924e-01  1.175800e+00  1.777266e-02
3 -2.052103e+00 -4.825563e+00  2.157537e+00  1.126537e+00  6.289296e-02  8.103150e+00 6 2  2.952365e-01
-1.146150e+00 -1.379760e+00  3.526863e+00  0.000000e+00  0.000000e+00  3.476153e-01  1.855913e-01 -3.280604e-01  3.324092e-03
 1.932332e-03  3.134605e-03  3.240627e-05  1.858517e+02  1.000000e+00  1.822215e+02  1.045119e+01 -4.328735e+01  1.791042e+02
 1.709254e-01  3.291222e-01 -2.218149e-01  1.658050e+02  5.000000e-01  1.152961e+00  1.326351e+00 -1.665069e+00  2.440802e-01
3 -2.174037e+00  4.256047e-01  2.155121e+00  1.001944e+00  1.119261e-01  8.103150e+00 6 1  2.927554e-01
-1.141940e+00  1.577721e+00  2.168558e+00  0.000000e+00  0.000000e+00  2.931651e-01  1.044274e-01  1.660563e-01  1.501452e-03
 9.954707e-02 -1.838853e-01 -2.427183e-01  1.895110e+02  5.000000e-01  2.087606e+00  1.233374e+00  1.944654e+00  5.802958e-01
 1.260132e-02 -2.343797e-02  3.754378e-03  1.912499e+02  1.000000e+00  1.975106e+01  5.443630e+00  7.457451e+00  1.618606e+01
2 -1.404141e+00  1.382776e+00  2.100656e+00  9.655151e-01  1.024819e-01  1.800330e+01 6 1  2.812468e-01
 1.241722e+00  1.172845e+00  2.690228e+00  0.000000e+00  0.000000e+00  2.855168e-01 -1.497631e-01 -3.410887e-01  9.133411e-04
-2.712053e-01 -2.844836e-01 -2.756995e-01  2.882501e+02  5.000000e-01  1.261411e+00  1.739944e-03 -1.922361e+00  7.156224e-02
3 -6.362517e+00  3.144029e+00  4.409685e+00  2.098601e+00  4.248725e-02  1.439330e+01 6 2  2.787375e-01
 3.665171e+00  1.333743e+00  4.107744e+00  0.000000e+00  0.000000e+00  4.722761e-01 -1.857132e-01 -2.367468e-02  2.941982e-03
-5.454335e-01  2.373116e-02 -1.745267e-01  3.564840e+02  5.000000e-01  1.431090e+00 -2.382776e+00  4.878480e-01  4.450378e-01
-1.529226e-02 -1.079825e-03  2.256916e-04  3.777993e+02  1.000000e+00  7.065877e+01 -1.882690e+01 -8.189402e+00  6.877129e+01
3  6.337716e-02 -1.006803e+00  1.473404e+00  5.946760e-01  2.347359e-01  1.193940e+01 6 1  2.746591e-01
 1.090902e+00 -4.945893e-01  1.980723e+00  0.000000e+00  0.000000e+00  2.848409e-01 -2.560061e-02  7.701181e-02  5.767827e-03
-2.481758e-01  1.200570e-01 -4.649467e-01  1.258328e+02  5.000000e-01  8.821003e-01 -8.551133e-01  1.197274e+00  2.957721e-01
-4.885583e-03  2.238244e-03  2.624485e-04  1.401570e+02  1.000000e+00  6.468080e+01 -1.161132e+01  1.049526e+01  6.313465e+01
3  4.963374e-01  2.168283e+00  1.868794e+00  7.433707e-01  6.667666e-01  1.255010e+01 6 1  2.885012e-01
-4.455784e-01 -2.206580e-02 -1.426547e+00  1.266835e+02  5.000000e-01  7.489742e-01 -8.739248e-01 -1.621252e-02  5.438764e-02
 1.381494e+00  3.706100e-01  2.139500e+00  0.000000e+00  0.000000e+00  3.093689e-01 -9.775106e-02 -4.120873e-03  1.961546e-03
-1.478714e-03 -2.142964e-04  2.228253e-05  1.573333e+02  1.000000e+00  2.143207e+02 -2.401832e+01 -7.116949e+00  2.105811e+02
3  1.247904e-01  1.543465e-01  1.424289e+00  7.591211e-01  1.786551e-01  1.757570e+01 6 3 -1.000000e+00
-3.759826e-01 -3.970308e-01 -1.399325e+00  5.754306e+01  5.000000e-01  5.958640e-01  6.663988e-02 -9.346203e-01  1.061419e-01
 4.403846e-01  7.700782e-01  7.832551e+00  0.000000e+00  0.000000e+00  4.094889e-01  2.469657e-01 -4.000488e-01  2.592119e-02
-5.627319e-04 -6.529894e-04  1.896024e-05  1.174814e+02  1.000000e+00  2.392625e+02  3.984351e+00 -6.333414e+01  2.375150e+02
3  1.643812e-01 -5.465520e-01  1.924701e+00  7.369450e-01  2.006368e-01  1.079120e+01 6 1 -1.000000e+00
 5.900228e-01 -1.482476e+00  2.107821e+00  0.000000e+00  0.000000e+00  3.024260e-01  8.293283e-02  7.285538e-02  2.118256e-03
-5.857017e-02  3.296509e-01 -4.229063e-01  3.517405e+02  5.000000e-01  9.394575e-01  1.436731e+00  5.514149e-01  1.956204e-01
-4.743197e-04  3.182742e-03  5.201322e-05  3.963602e+02  1.000000e+00  1.441923e+02  3.538034e+01 -5.136548e+00  1.420087e+02
3  2.375524e-01 -3.578156e-01  1.781213e+00  7.855294e-01  3.892825e-01  1.931110e+01 6 1 -1.000000e+00
 8.936247e-01 -9.963792e-01  2.385240e+00  0.000000e+00  0.000000e+00  3.186199e-01  6.496123e-02  2.020244e-01  2.576795e-03
-2.039056e-01  4.065280e-01 -9.285323e-01  3.167884e+02  5.000000e-01  6.706823e-01  7.087877e-01  8.264615e-01  6.001135e-02
-2.948020e-04  4.648307e-04  2.242386e-06  4.443302e+02  1.000000e+00  6.758840e+02  5.197236e+01  8.254584e+01  6.732427e+02
1 -5.816249e-01 -4.871319e+00  0.000000e+00  2.181926e+00  0.000000e+00  1.371200e+01 0 2 -1.000000e+00
-1.334277e+00 -6.568269e+00  3.390787e+00  0.000000e+00  0.000000e+00  3.147848e-01  3.792962e-01 -1.753211e-01  8.996957e-05
5 -3.750742e-01  1.382054e+00  6.800762e-01  3.450480e-01  1.000000e+00  7.090570e+00 6 3  3.005282e-01
-1.104866e-01 -1.887786e-01 -1.476767e+00  1.008327e+01  5.000000e-01  1.147797e+00  4.255262e-01 -7.196709e-01  1.035906e-01
 4.670504e-01  6.981186e-02  4.058151e+00  0.000000e+00  0.000000e+00  4.021209e-01 -3.090299e-01 -1.246686e-01  1.866005e-02
-1.137281e-01  4.236480e-01  9.902752e+00  1.673845e+00  0.000000e+00  4.810781e-01  3.731074e-01  1.705545e-01  2.281712e-02
 7.472679e-02  4.239052e-01 -1.028771e+01  1.767709e+00  5.000000e-01  5.864977e-01  4.793204e-01 -1.960598e-01  2.413788e-02
-1.060948e-02 -1.585950e-02  6.371143e-02  1.115788e+01  1.000000e+00  5.389627e+00  8.605123e-01 -1.683026e+00  2.076909e+00
2  3.952721e-01  8.149972e-01  2.226904e+00  8.671304e-01  9.356111e-01  1.255820e+01 6 1  2.780550e-01
 1.697030e+00 -3.307402e-01  1.755617e+00  0.000000e+00  0.000000e+00  2.441098e-01 -3.139682e-02  2.799769e-02  4.005470e-04
-4.978168e-01  4.575475e-02 -1.876438e+00  1.686482e+02  5.000000e-01  7.226383e-01 -7.661458e-01  1.512436e-01  1.993617e-02
3  1.631429e-01  2.821768e-01  1.029362e+00  5.529705e-01  1.537622e-01  1.713980e+01 6 1 -1.000000e+00
 1.368265e-01  8.180196e-01  2.244966e+00  0.000000e+00  0.000000e+00  2.788852e-01  1.733134e-01 -2.110166e-01  5.098634e-03
-1.491337e-01 -1.708243e-01 -3.451910e-01  8.291559e+01  5.000000e-01  9.589310e-01  2.827528e-01 -1.678894e+00  3.486632e-01
-2.400544e-03 -2.706024e-03  1.601795e-04  9.543947e+01  1.000000e+00  8.661009e+01 -6.611737e+00 -3.228586e+01  8.477056e+01
3  3.676832e-02 -1.656362e-02  2.243725e-01  1.161270e-01  9.500875e-01  1.612670e+01 6 1 -1.000000e+00
 1.441744e-01 -4.238198e-02  2.141742e+00  0.000000e+00  0.000000e+00  2.810385e-01 -1.156525e-01  1.913650e-01  2.625262e-02
-6.878544e-02  2.826576e-02 -2.254258e+00  2.530057e+00  5.000000e-01  4.710664e-01 -4.645406e-01  7.124450e-01  1.501004e-01
-4.064836e-04  9.820365e-05  1.310236e-04  3.864648e+00  1.000000e+00  9.256804e+01 -2.742963e+01  3.257453e-01  9.170861e+01
1  1.023329e+01  1.183058e+01  0.000000e+00  3.354076e+00  0.000000e+00  1.032780e+01 0 2  2.851742e-01
 5.449075e+00  1.080346e+01  3.009939e+00  0.000000e+00  0.000000e+00  3.008108e-01  1.791817e-02 -3.953629e-01  1.368345e-04
3  8.633121e-02 -1.050921e+00  6.658912e+00  3.591396e+00  5.417481e-01  1.755460e+01 6 3 -1.000000e+00
-9.749123e-01 -5.039289e+00  5.624717e+00  0.000000e+00  0.000000e+00  5.268217e-01  2.116405e-01  3.632225e-02  3.531890e-03
-1.562746e-01  1.569111e+00 -3.047180e+00  7.250808e+02  5.000000e-01  9.496503e-01  5.415527e-01  1.934635e-01  7.197687e-02
-4.679776e-05  4.438969e-02  3.990853e-03  7.959636e+02  1.000000e+00  1.727608e+01  3.674310e+00 -9.149959e-01  1.519026e+01
1  1.259629e+00  3.338201e+00  0.000000e+00  2.759799e+00  0.000000e+00  1.534020e+01 0 2 -1.000000e+00
 3.326634e+00  6.968080e+00  3.251663e+00  0.000000e+00  0.000000e+00  3.999193e-01  1.300609e-01 -1.888015e-01  4.307965e-04
3 -3.750974e-01 -1.908702e-01  1.366558e+00  5.305476e-01  2.525737e-01  1.476170e+01 6 1 -1.000000e+00
-8.721834e-01 -5.390123e-01  1.765118e+00  0.000000e+00  0.000000e+00  2.164825e-01 -1.384767e-01 -1.678979e-01  8.723280e-03
 3.004072e-01  1.627791e-01 -4.458225e-01  1.024674e+02  5.000000e-01  5.923406e-01 -9.788069e-01 -1.204644e+00  1.788576e-01
 7.765367e-04  5.569461e-04  5.055551e-06  1.403809e+02  1.000000e+00  4.771556e+02 -8.733037e+00 -1.698397e+02  4.754663e+02
3 -2.139754e-01 -8.789057e-02  7.397309e-01  3.208881e-01  1.615786e-01  1.239010e+01 6 1 -1.000000e+00
-5.963755e-01 -7.997200e-02  2.169715e+00  0.000000e+00  0.000000e+00  2.957200e-01 -1.627234e-01 -9.295936e-02  1.245064e-02
 1.267943e-01  7.567942e-02 -3.505795e-01  4.400412e+01  5.000000e-01  1.129890e+00 -7.469252e-01 -1.520327e+00  5.357929e-01
 5.468054e-03  2.797162e-03  1.157524e-03  4.773470e+01  1.000000e+00  3.252148e+01 -5.270777e+00 -1.009502e+01  3.127399e+01
3  1.178195e-01 -2.120580e-02  8.741678e-01  4.606632e-01  4.080979e-01  8.413860e+00 6 1 -1.000000e+00
 4.714261e-01 -4.434867e-01  2.071897e+00  0.000000e+00  0.000000e+00  2.676510e-01 -9.427292e-02  2.116556e-01  1.231973e-02
-3.290620e-01 -9.222037e-02 -8.455367e-01  2.353730e+01  5.000000e-01  5.565722e-01 -9.692006e-01 -6.632941e-01  1.018460e-01
-4.498666e-04  3.949755e-05  2.057561e-05  4.528004e+01  1.000000e+00  2.229908e+02 -2.151766e+01 -1.468672e+01  2.211085e+02
1  8.955484e-02 -4.296559e-01  0.000000e+00  1.069688e-01  0.000000e+00  9.201100e+00 0 2  2.834360e-01
-7.455335e-02 -3.355515e-01  3.161411e+00  0.000000e+00  0.000000e+00  3.441430e-01  2.422262e-01 -2.348625e-01  9.154372e-03
2  4.731012e-01 -1.233773e-01  1.267085e+00  5.645336e-01  1.253401e-01  1.209360e+01 6 1 -1.000000e+00
 8.815740e-01 -5.079712e-01  1.525977e+00  0.000000e+00  0.000000e+00  1.718695e-01 -1.710643e-01  3.491930e-02  1.649397e-03
-2.667158e-01  2.769093e-02 -1.912662e-01  1.319061e+02  5.000000e-01  4.632182e-01 -2.303055e+00  4.608547e-01  1.418961e-01
1  1.759240e-01 -8.826876e-02  0.000000e+00  3.106169e-01  0.000000e+00  1.475070e+01 0 2  2.789216e-01
-5.798308e-01 -4.468601e-01  4.712233e+00  0.000000e+00  0.000000e+00  3.637752e-01 -2.731489e-01 -3.434501e-01  1.508853e-03
2  9.532632e-02  2.413890e-01  8.870865e-01  4.327564e-01  2.071397e-01  1.369190e+01 6 1 -1.000000e+00
 3.872646e-01  4.851000e-01  1.918646e+00  0.000000e+00  0.000000e+00  1.657092e-01  1.984444e-01 -3.680492e-01  6.164805e-03
-6.727936e-02 -2.766823e-01 -3.974279e-01  5.910035e+01  5.000000e-01  2.996379e-01  1.566106e+00 -7.443115e-01  6.582980e-02
1  4.375232e-02  1.596367e-01  0.000000e+00  4.196331e-02  0.000000e+00  1.456920e+01 0 2  2.783932e-01
 3.866282e-02  1.242107e-01  3.269867e+00  0.000000e+00  0.000000e+00  2.800984e-01  3.100710e-01 -3.410152e-01  8.539693e-04
1  8.444019e-02 -8.051147e-02  0.000000e+00  4.440691e-02  0.000000e+00  1.534080e+01 0 2  2.769886e-01
 7.114766e-02  6.638334e-02  4.322255e+00  0.000000e+00  0.000000e+00  3.971967e-01 -1.647984e-01 -3.238094e-01  1.314324e-03
1 -5.660346e-01 -7.743122e-01  0.000000e+00  8.156312e-01  0.000000e+00  1.024930e+01 0 2 -1.000000e+00
-7.646398e-01 -1.723222e+00  3.993727e+00  0.000000e+00  0.000000e+00  4.209408e-01  1.076762e-01 -2.707816e-01  4.475128e-03
2 -1.041109e+00  9.862701e-01  2.944858e+00  1.320476e+00  1.897800e-01  1.272780e+01 6 1  2.735707e-01
-2.560104e+00  2.745676e-01  1.590714e+00  0.000000e+00  0.000000e+00  1.989386e-01 -1.140167e-01  7.146652e-03  2.822141e-04
 3.668986e-01 -4.922965e-02 -3.018856e-01  6.537982e+02  5.000000e-01  1.732932e+00 -1.903092e+00  4.774346e-01  8.410066e-02
2  3.700415e-01 -2.019969e-01  1.621311e+00  6.106917e-01  4.590970e-01  1.078630e+01 6 1 -1.000000e+00
 1.112836e+00 -5.817664e-01  1.887958e+00  0.000000e+00  0.000000e+00  2.702850e-01 -2.243690e-02  4.803999e-02  1.618057e-03
-3.204721e-01  1.760441e-01 -8.667559e-01  3.155878e+02  5.000000e-01  5.415338e-01 -6.021483e-01  1.000668e+00  5.815661e-02
3  4.029531e-01 -2.578221e-01  1.337008e+00  5.357245e-01  2.500453e-01  5.145880e+00 6 1 -1.000000e+00
 9.788471e-01 -5.053481e-01  1.648421e+00  0.000000e+00  0.000000e+00  2.060030e-01 -3.939882e-02  1.491236e-01  7.938031e-03
-1.983074e-01  1.286055e-01 -4.121800e-01  6.794166e+01  5.000000e-01  9.078634e-01 -5.515504e-01  1.459591e+00  4.051650e-01
-1.029608e-02  6.016351e-03  1.685473e-03  7.213510e+01  1.000000e+00  2.580562e+01 -2.893276e+00  3.693602e+00  2.462314e+01
3 -1.141401e-01  4.896940e-02  6.384507e-01  4.045961e-01  2.607431e-01  4.120940e+00 6 3 -1.000000e+00
-4.212055e-01  6.414364e-02  3.525227e+00  0.000000e+00  0.000000e+00  3.254085e-01 -3.420990e-01  2.331786e-01  5.355788e-02
 2.018884e-01 -7.504454e-02 -9.191784e-01  1.125968e+01  5.000000e-01  6.172411e-01 -6.728741e-01  8.841227e-01  2.266869e-01
 1.731283e-03 -3.631429e-04  1.973786e-04  1.666818e+01  1.000000e+00  7.886556e+01 -3.135151e+01  3.704477e+00  7.751962e+01
1 -2.568087e+00  2.639262e+00  0.000000e+00  2.704486e+00  0.000000e+00  1.693090e+01 0 2 -1.000000e+00
-5.222336e+00  5.524698e+00  3.147483e+00  0.000000e+00  0.000000e+00  3.849461e-01 -4.580221e-02  2.418250e-01  1.550931e-03
3 -2.639454e-01  1.393323e-01  1.034476e+00  4.654465e-01  2.451167e-01  3.779660e+00 6 1 -1.000000e+00
 2.381760e-01 -1.638452e-01 -5.907870e-01  4.939747e+01  5.000000e-01  6.638488e-01 -4.783576e-01  1.255719e+00  3.073021e-01
-7.283779e-01  2.048210e-01  2.410228e+00  0.000000e+00  0.000000e+00  2.549291e-01 -2.688179e-01  2.607087e-01  2.502367e-02
 4.983976e-03 -3.039173e-03  7.111991e-04  6.005310e+01  1.000000e+00  3.908533e+01 -1.242147e+00  6.547779e+00  3.819840e+01
3 -4.190227e+00 -3.829148e+00  2.287078e+00  9.844703e-01  1.611091e-01  1.891530e+01 6 1  2.909284e-01
-2.415700e-01  2.019566e+00  2.301658e+00  0.000000e+00  0.000000e+00  3.237130e-01  7.413294e-02 -1.319054e-01  3.815549e-03
-1.496444e-01 -2.656644e-01 -3.708180e-01  1.933543e+02  5.000000e-01  1.546979e+00  6.395131e-01 -1.608400e+00  4.373560e-01
-9.512375e-03 -2.340319e-02  3.840335e-03  1.984281e+02  1.000000e+00  1.883839e+01  5.525567e+00 -5.223231e+00  1.635665e+01
3 -6.467410e-01  2.244259e-01  3.629831e+00  1.912360e+00  1.825278e-01  1.092960e+01 6 3 -1.000000e+00
 8.739161e-01 -4.204917e-01 -9.483300e-01  3.807437e+02  5.000000e-01  8.917348e-01 -5.939141e-01  8.446731e-01  1.291103e-01
-2.702860e+00  1.978474e-01  5.195538e+00  0.000000e+00  0.000000e+00  5.042525e-01 -2.229889e-01  5.973867e-02  5.817639e-03
 2.826094e-03 -1.068968e-03  1.765163e-05  5.169774e+02  1.000000e+00  2.574412e+02 -6.859899e+01  6.636487e+01  2.553121e+02
1  3.571634e-02  3.754919e-02  0.000000e+00  3.684888e-02  0.000000e+00  1.534410e+01 0 2 -1.000000e+00
 7.981758e-02  6.460748e-02  3.022733e+00  0.000000e+00  0.000000e+00  3.801557e-01  7.150395e-02 -2.196992e-01  1.493899e-01
3 -3.486088e-01 -2.316365e-02  1.188103e+00  4.222099e-01  3.636582e-01  1.476110e+01 6 1 -1.000000e+00
-8.499719e-01 -2.706442e-01  1.431234e+00  0.000000e+00  0.000000e+00  1.512387e-01 -1.397984e-01  4.641481e-02  5.902985e-03
 3.098001e-01 -1.273407e-02 -5.204799e-01  4.214816e+01  5.000000e-01  3.151160e-01 -1.480369e+00  4.459570e-01  7.246321e-02
 3.693042e-04  1.294819e-04  1.547686e-06  6.487998e+01  1.000000e+00  8.475232e+02 -4.567871e+01 -2.615128e+02  8.466049e+02
5 -1.341681e+00  2.203988e-01  5.531314e+00  1.938725e+00  1.000000e+00  1.798880e+01 6 3 -1.000000e+00
-2.054842e+00 -2.071469e+00  1.024050e+01  1.877579e+02  0.000000e+00  4.804357e-01 -3.282247e-01 -2.540947e-01  3.757910e-03
-2.286903e+00 -1.272461e+00 -9.858680e+00  1.894571e+02  5.000000e-01  5.468639e-01 -4.966321e-01 -2.451986e-01  3.979767e-03
-1.710065e+00  3.449089e+00  2.704927e+00  0.000000e+00  0.000000e+00  3.379427e-01 -2.000576e-01  1.691185e-01  6.593571e-04
 1.501999e-02 -2.057103e-04  3.017105e-04  6.613669e+02  1.000000e+00  6.161892e+01 -1.831129e+01 -4.991437e+00  5.888623e+01
 2.862044e-01 -1.872050e-02 -6.914199e-02  6.467335e+02  5.000000e-01  2.264841e+00 -3.934325e+00  7.641346e-01  8.073337e-01
1 -1.512966e+00  1.039482e+00  0.000000e+00  2.396466e+00  0.000000e+00  1.476570e+01 0 2 -1.000000e+00
-4.339937e+00 -2.844096e-01  3.671607e+00  0.000000e+00  0.000000e+00  4.030699e-01 -2.158214e-01  1.933553e-01  5.586257e-03
3 -1.498780e+00 -7.714112e-01  6.849675e+00  2.978208e+00  2.124429e-01  1.672580e+01 6 3 -1.000000e+00
-6.154685e+00 -7.568487e-01  3.511176e+00  0.000000e+00  0.000000e+00  4.450406e-01 -4.657413e-02 -1.449342e-01  5.180589e-03
 6.057931e-01  3.449630e-01 -7.459243e-01  6.984603e+02  5.000000e-01  1.799678e+00 -6.046538e-01 -1.270629e+00  8.460037e-01
 2.103250e-01  1.102114e-01  9.861027e-02  7.004488e+02  1.000000e+00  5.097795e+00 -1.384623e+00 -2.175733e+00  3.875570e+00
3 -4.070011e-01  1.496433e-01  1.652255e+00  7.457371e-01  2.027048e-01  1.643420e+01 6 3 -1.000000e+00
 3.861872e-01 -1.723610e-01 -6.133945e-01  7.098765e+01  5.000000e-01  8.355597e-01 -9.397770e-01  8.798477e-01  2.453599e-01
-1.160587e+00  4.085308e-01  3.026048e+00  0.000000e+00  0.000000e+00  3.577959e-01 -2.233398e-01  1.791126e-01  1.344027e-02
 5.404644e-03 -2.980061e-03  2.805231e-04  8.570512e+01  1.000000e+00  6.404145e+01 -4.966463e+00  1.961606e+01  6.239537e+01
2  1.431019e+00  2.837694e+00  2.326861e+00  1.055384e+00  1.196240e-03  8.977340e+00 6 2  2.832975e-01
 1.509745e+00  1.667259e+00  3.673508e+00  0.000000e+00  0.000000e+00  2.923505e-01  1.644231e-01 -4.489026e-01  2.162395e-04
-4.577561e-02 -6.324300e-02 -4.394396e-03  5.619615e+02  5.000000e-01  4.976070e+00  5.298777e+00 -1.467292e+01  2.718077e+00
3  8.018929e-02 -1.358764e-01  7.895805e-01  3.527964e-01  4.134784e-01  1.253230e+01 6 1 -1.000000e+00
 1.750119e-01 -4.964252e-01  2.740727e+00  0.000000e+00  0.000000e+00  2.831485e-01  2.535765e-01  2.910471e-01  2.065450e-02
-1.530457e-01  2.217777e-01 -1.133232e+00  3.208683e+01  5.000000e-01  4.746173e-01  2.605873e-01  1.044296e+00  1.026086e-01
-2.899787e-04  7.324904e-04  3.442879e-05  5.339827e+01  1.000000e+00  1.753816e+02  3.670495e+01  4.029724e+00  1.740931e+02
3 -2.482075e-01 -2.030426e-01  9.723129e-01  4.236531e-01  2.518568e-01  1.326080e+01 6 1 -1.000000e+00
-4.329984e-01 -5.950115e-01  2.219366e+00  0.000000e+00  0.000000e+00  2.188725e-01 -2.710511e-02 -3.985553e-01  3.288621e-02
 1.910958e-01  1.505747e-01 -5.589624e-01  3.059070e+01  5.000000e-01  7.161752e-01 -4.779273e-01 -1.281082e+00  4.006494e-01
 8.563464e-03  8.625530e-03  3.817351e-03  3.406215e+01  1.000000e+00  1.736503e+01  1.336273e+00 -2.016635e+00  1.669786e+01
3 -1.819543e-01  1.892675e-01  2.214556e+00  7.749452e-01  5.703606e-01  1.534530e+01 6 3 -1.000000e+00
 3.876867e-01 -7.412303e-01 -4.689341e+00  6.761552e+01  5.000000e-01  6.037127e-01  3.607865e-01  4.900268e-01  1.493701e-01
-9.660398e-01  1.011391e+00  2.674615e+00  0.000000e+00  0.000000e+00  3.446432e-01 -4.031320e-02  2.323397e-01  2.499822e-02
 2.012664e-03 -3.027820e-03  1.573403e-04  1.136216e+02  1.000000e+00  8.946246e+01  2.271015e+01  3.089019e+01  8.749450e+01
3  6.897921e-02 -9.250988e-02  3.780885e-01  1.040645e-01  3.626931e-01  1.552960e+01 6 1 -1.000000e+00
 2.122646e-01 -2.498901e-01  1.658884e+00  0.000000e+00  0.000000e+00  2.233935e-01 -1.111031e-02 -1.339825e-02  4.680833e-03
-1.333137e-02  5.351947e-02 -6.016659e-01  5.169180e+00  5.000000e-01  1.249320e+00  1.080391e+00  7.463024e-01  7.444597e-01
-2.252648e-03  8.383853e-03  1.785635e-02  5.254680e+00  1.000000e+00  9.699396e+00  4.373855e+00  7.391815e-01  8.900896e+00
3 -6.283146e-02  8.240661e-02  7.663015e-01  3.873306e-01  9.319804e-01  1.271950e+01 6 3 -1.000000e+00
 1.758933e-01 -2.034140e-01 -4.444164e+00  1.419437e+01  5.000000e-01  6.861726e-01  5.908838e-02  5.656946e-01  8.161920e-02
-2.556418e-01  4.298280e-01  4.768517e+00  0.000000e+00  0.000000e+00  4.208243e-01  1.222130e-01  3.328659e-01  1.832537e-02
 4.153636e-03 -5.623208e-03  1.247182e-02  1.820967e+01  1.000000e+00  9.957095e+00  7.262915e-02 -2.085492e-01  7.924685e+00
3  3.693619e-01  3.787066e-01  2.689737e+00  1.454422e+00  1.405582e-01  1.148220e+01 6 3 -1.000000e+00
-3.894095e-01 -4.591946e-01 -6.132121e-01  3.416892e+02  5.000000e-01  1.173706e+00  3.467701e-01 -1.241242e+00  1.070871e-01
 2.174840e+00  3.527853e-01  4.362693e+00  0.000000e+00  0.000000e+00  4.839024e-01 -1.585321e-01 -1.095813e-01  3.474933e-03
-2.407970e-03 -1.998056e-03  4.007050e-05  4.133313e+02  1.000000e+00  1.681096e+02 -2.101575e+01 -5.027882e+01  1.650144e+02
3 -2.759198e-02  1.747581e-02  3.518643e-01  1.925674e-01  4.195818e-01  1.534160e+01 6 3 -1.000000e+00
-2.117612e-01  9.715840e-02  2.656420e+00  0.000000e+00  0.000000e+00  3.662823e-01 -4.124751e-02  1.531350e-01  7.226633e-02
 6.982901e-02 -1.138284e-01 -6.331114e+00  3.799202e+00  5.000000e-01  4.646102e-01  5.458019e-01  3.830046e-01  1.189236e-01
 9.275747e-04 -4.375240e-04  8.051232e-04  6.769394e+00  1.000000e+00  3.978686e+01 -1.228541e+01  1.055667e+01  3.877119e+01
3  1.307538e-01 -2.371868e-01  7.370719e-01  3.829774e-01  2.176193e-02  9.793420e+00 6 2  2.718266e-01
 6.428405e-01 -2.388730e-01  3.304823e+00  0.000000e+00  0.000000e+00  3.398800e-01 -3.523132e-01  9.510906e-02  5.495112e-03
-5.236362e-02  6.007053e-03 -7.191932e-02  8.063133e+01  5.000000e-01  3.999447e+00 -4.701319e+00  8.937282e-01  2.618583e+00
-1.531296e-02  1.960012e-03  7.050374e-03  8.086187e+01  1.000000e+00  1.671674e+01 -9.895721e+00  2.693348e+00  1.475660e+01
1  8.177190e-02  6.756476e-02  0.000000e+00  1.965343e-02  0.000000e+00  1.515560e+01 0 2  2.804444e-01
 4.535434e-02  6.508201e-03  3.389123e+00  0.000000e+00  0.000000e+00  4.278852e-01 -1.099284e-01 -1.420193e-01  1.257754e-03
3  2.347095e-01  6.028894e-02  5.732298e-01  2.270098e-01  1.459996e-01  3.723300e+00 6 1 -1.000000e+00
 4.126450e-01  2.261248e-01  1.843320e+00  0.000000e+00  0.000000e+00  1.997994e-01 -2.533904e-01 -1.833437e-01  7.502261e-03
-1.145135e-01  9.665848e-04 -2.691240e-01  1.399441e+01  5.000000e-01  8.307867e-01 -1.906360e+00 -3.319412e-01  4.667740e-01
-5.093653e-03  4.067373e-04  1.110895e-03  1.514077e+01  1.000000e+00  3.293282e+01 -6.600357e+00  8.715808e+00  3.217936e+01
2 -6.541535e-01  2.474525e+00  1.754975e+00  7.801552e-01  9.058420e-02  9.332960e+00 6 2  2.785685e-01
 6.065473e-01  1.320334e+00  3.233844e+00  0.000000e+00  0.000000e+00  4.019136e-01  2.065344e-01 -7.629790e-02  1.587130e-03
-7.979197e-02 -2.948671e-01 -2.929352e-01  1.995430e+02  5.000000e-01  1.031900e+00  1.646364e+00 -8.391817e-01  1.273314e-01
3 -9.675793e-02  4.459577e-01  1.190106e+00  5.714516e-01  1.102748e-01  1.474010e+01 6 1 -1.000000e+00
-4.205078e-01  9.006341e-01  1.997748e+00  0.000000e+00  0.000000e+00  2.649213e-01  1.883038e-01  6.571731e-02  3.047895e-03
 2.658242e-02 -2.023001e-01 -2.203012e-01  1.138195e+02  5.000000e-01  8.105329e-01  2.074313e+00  5.218837e-01  2.508102e-01
 3.772381e-04 -2.461301e-03  6.888872e-05  1.284725e+02  1.000000e+00  1.218798e+02  8.828228e+00 -4.222920e+00  1.204407e+02
1  2.288520e-01 -4.485883e-01  0.000000e+00  3.066364e-01  0.000000e+00  1.801250e+01 0 2  2.783397e-01
-3.764669e-02  6.506945e-01  5.033691e+00  0.000000e+00  0.000000e+00  3.643964e-01  4.486686e-01 -6.345909e-02  8.957851e-04
3  7.619639e-01 -1.984500e-01  6.045872e-01  2.475394e-01  1.695548e-01  1.024580e+01 6 1  2.907108e-01
 2.254889e-01 -4.512681e-01  1.884389e+00  0.000000e+00  0.000000e+00  2.480220e-01  1.702864e-01  7.614159e-02  3.234872e-03
 2.976188e-03  1.108829e-01 -3.195072e-01  2.018501e+01  5.000000e-01  1.139603e+00  1.769142e+00 -1.394489e-01  3.400346e-01
-5.367704e-06  2.085948e-03  1.658527e-04  2.219437e+01  1.000000e+00  8.457959e+01  2.992320e+01 -7.791317e+00  8.200215e+01
1 -1.610549e-03 -7.687954e-03  0.000000e+00  5.801257e-03  0.000000e+00  1.545730e+01 0 2 -1.000000e+00
-2.053299e-02 -3.556551e-02  4.691913e+00  0.000000e+00  0.000000e+00  5.266616e-01 -1.194284e-02  1.037973e-01  1.094936e-01
3 -9.243998e-02 -9.793792e-02  7.472542e-01  2.438015e-01  5.304161e-01  1.553400e+01 6 1 -1.000000e+00
-4.474478e-01 -3.350381e-01  1.811709e+00  0.000000e+00  0.000000e+00  2.539191e-01 -2.276388e-02 -6.444671e-02  5.105381e-03
 3.735700e-02  2.336033e-01 -9.609594e-01  2.678661e+01  5.000000e-01  6.420334e-01  1.055519e+00 -2.337646e-01  1.910238e-01
 3.776114e-04  7.875729e-04  5.836914e-05  3.881321e+01  1.000000e+00  1.400118e+02  4.649954e+01 -5.452911e+00  1.385403e+02
5 -4.398864e-03  4.457792e-03  9.788204e-01  4.058838e-01  1.000000e+00  1.534400e+01 6 3 -1.000000e+00
-4.694728e-01 -1.448205e-01  2.982534e+00  0.000000e+00  0.000000e+00  2.675149e-01 -3.995393e-01 -2.040035e-01  3.492970e-02
 4.534658e-01  1.811762e-01  3.082190e+00  3.157051e-01  0.000000e+00  2.736103e-01 -3.499335e-01 -2.841548e-01  3.689886e-02
-1.100550e-01  3.925432e-01 -2.385866e+00  3.203017e+00  5.000000e-01  3.288675e-01  7.583997e-01  5.425715e-01  7.199416e-02
 1.264298e-01 -3.795187e-01 -2.133025e+00  3.745292e+00  5.000000e-01  3.312626e-01  7.296885e-01  6.193401e-01  7.397646e-02
 7.017003e-06 -8.372236e-06  3.788585e-06  2.665414e+01  1.000000e+00  5.165833e+02  4.258197e+01  7.878940e+00  5.149198e+02
1 -2.701834e+00 -1.085613e+00  0.000000e+00  3.427311e+00  0.000000e+00  1.386280e+01 0 2 -1.000000e+00
-4.689741e+00 -3.723921e+00  4.418716e+00  0.000000e+00  0.000000e+00  4.496993e-01 -1.089943e-01 -2.542459e-01  5.154203e-04
3 -2.329263e-01  2.020072e-01  7.318167e-01  3.425319e-01  4.564329e-02  1.178220e+01 6 2 -1.000000e+00
-3.808600e-01  4.246291e-01  4.117754e+00  0.000000e+00  0.000000e+00  3.101472e-01 -3.767588e-02  4.812760e-01  1.102675e-02
 1.200043e-01 -1.089350e-01 -1.879479e-01  1.048466e+02  5.000000e-01  7.886053e-01 -3.324776e-01  2.292329e+00  3.207612e-01
 1.242915e-03 -1.240413e-03  5.842833e-05  1.259192e+02  1.000000e+00  1.334907e+02  7.490234e+00  1.956285e+01  1.323933e+02
1 -2.648606e+00 -3.645574e+00  0.000000e+00  2.088232e+00  0.000000e+00  1.800280e+01 0 2 -1.000000e+00
-3.949139e+00 -3.837344e+00  3.058014e+00  0.000000e+00  0.000000e+00  2.880632e-01  9.358572e-02 -4.136257e-01  4.322311e-03
3  6.593005e-01  7.961673e-02  5.043026e+00  2.923086e+00  4.327678e-01  1.777370e+01 6 3 -1.000000e+00
-1.468122e+00 -4.824186e-02 -2.636794e+00  3.233571e+02  5.000000e-01  9.398958e-01 -6.160774e-01  5.752861e-02  9.145322e-02
 3.473457e+00  9.581907e-01  6.092861e+00  0.000000e+00  0.000000e+00  5.449330e-01 -1.675926e-01 -1.219517e-01  1.234918e-02
-1.162687e-02 -2.610384e-03  2.131372e-04  4.073443e+02  1.000000e+00  8.391696e+01 -4.069205e+01 -2.296881e+01  8.142695e+01
1 -6.530690e-01 -3.328251e+00  0.000000e+00  4.051014e+00  0.000000e+00  1.411750e+01 0 2 -1.000000e+00
-1.169509e+00 -8.119972e+00  3.357035e+00  0.000000e+00  0.000000e+00  3.891670e-01  2.740738e-01 -1.089239e-02  6.213991e-04
3 -3.445730e-01 -2.362241e-01  2.041643e+00  7.531796e-01  7.828566e-01  4.179990e+00 6 1 -1.000000e+00
-1.254558e+00 -8.101926e-01  2.762399e+00  0.000000e+00  0.000000e+00  3.637333e-01 -9.396975e-02 -1.843933e-01  5.679836e-03
 4.045087e-01  3.796838e-01 -2.162563e+00  2.135558e+02  5.000000e-01  6.925306e-01 -1.030342e-01 -7.391453e-01  9.314553e-02
 5.350110e-03  5.479050e-03  7.787343e-04  2.574786e+02  1.000000e+00  3.751801e+01  6.346781e+00 -3.024558e+00  3.581117e+01
3  1.497279e-02  1.015242e-01  5.451275e-01  2.089953e-01  2.648107e-01  1.592600e+01 6 3 -1.000000e+00
 9.458239e-02  3.780878e-01  1.755730e+00  0.000000e+00  0.000000e+00  2.433664e-01  4.159736e-02  3.464537e-02  9.007074e-03
-3.001772e-02 -1.526088e-01 -6.630132e+00  1.242392e+01  5.000000e-01  4.831260e-01  6.434554e-01 -6.285272e-02  1.008493e-01
-5.067078e-04 -1.084096e-03  1.683673e-04  1.643709e+01  1.000000e+00  8.452819e+01  5.784351e+00 -3.168758e+01  8.329588e+01
1  5.305465e-01 -1.035675e+00  0.000000e+00  3.826697e-01  0.000000e+00  1.856570e+01 0 2  2.700486e-01
-2.643699e-01  8.377869e-01  3.264500e+00  0.000000e+00  0.000000e+00  3.673442e-01  3.064615e-01 -3.022669e-03  2.051629e-03
3  6.785234e-01  2.789579e-01  3.936862e+00  1.533978e+00  6.123295e-01  3.502660e+00 6 1 -1.000000e+00
-8.717683e-01 -1.359061e-01 -1.625778e+00  3.733790e+02  5.000000e-01  8.071033e-01 -8.037529e-01 -7.924982e-02  9.949230e-02
 2.538656e+00  1.830789e+00  2.655071e+00  0.000000e+00  0.000000e+00  3.798150e-01 -8.428762e-02 -2.978684e-02  3.050780e-03
-7.900997e-03 -3.270081e-03  2.274856e-04  4.352037e+02  1.000000e+00  6.860314e+01 -9.291894e+00 -9.378840e+00  6.660688e+01
3  2.181101e-02  3.297941e-01  9.326460e-01  4.045567e-01  1.342126e-01  8.535400e+00 6 1 -1.000000e+00
-1.018456e-01  7.322384e-01  2.180731e+00  0.000000e+00  0.000000e+00  2.616125e-01  2.913050e-01 -4.237690e-02  1.664742e-02
-1.641592e-02 -1.964867e-01 -2.926817e-01  7.181957e+01  5.000000e-01  9.762064e-01  1.802723e+00 -4.091883e-01  4.985976e-01
-2.610952e-04 -5.372168e-03  4.012600e-04  8.044963e+01  1.000000e+00  5.386564e+01  1.736011e+01 -1.119149e+00  5.265956e+01
1  6.139588e-01 -8.099319e-01  0.000000e+00  1.839719e-01  0.000000e+00  1.133970e+01 0 2  2.850394e-01
-2.184318e-02  6.609397e-01  3.004416e+00  0.000000e+00  0.000000e+00  2.947433e-01  3.490648e-01  2.066333e-01  2.146990e-04
2  2.968402e-01  2.906804e-01  1.591251e+00  7.484974e-01  1.695856e-01  1.545780e+01 6 3 -1.000000e+00
-2.763969e-01 -2.413898e-01 -5.883463e-01  2.060040e+02  5.000000e-01  8.716619e-01 -2.900555e-01 -1.277504e+00  7.143263e-02
 4.319086e-01  1.183525e+00  3.469318e+00  0.000000e+00  0.000000e+00  3.733798e-01  6.972546e-02 -3.155157e-01  2.525810e-03
2 -5.079869e-01  1.389766e-01  1.790224e+00  9.124318e-01  1.927963e-01  1.553180e+01 6 1 -1.000000e+00
-1.391289e+00  2.135024e-01  2.094996e+00  0.000000e+00  0.000000e+00  2.906843e-01 -1.409935e-01  7.695276e-02  2.762616e-03
 3.684811e-01 -1.152999e-01 -4.039075e-01  1.474855e+02  5.000000e-01  7.607764e-01 -1.231689e+00  1.007961e+00  1.033902e-01
3 -1.111225e-01  5.630117e-05  1.016579e+00  5.292090e-01  4.269860e-01  9.224880e+00 6 3 -1.000000e+00
-5.514872e-01 -4.184398e-01  3.457374e+00  0.000000e+00  0.000000e+00  3.486553e-01 -1.896946e-01 -3.146887e-01  2.376765e-02
 4.196080e-01 -1.177625e-01 -1.476250e+00  3.301637e+01  5.000000e-01  5.228480e-01 -8.006027e-01  5.139080e-01  8.130371e-02
 6.231668e-04 -2.071918e-05  4.840821e-05  7.470517e+01  1.000000e+00  1.449292e+02 -5.853017e+00  4.868205e+00  1.431447e+02
1  3.832365e+00 -2.355140e+00  0.000000e+00  1.122880e+00  0.000000e+00  1.208890e+01 0 2  2.736647e-01
 2.473484e+00 -2.411595e+00  5.091831e+00  0.000000e+00  0.000000e+00  3.647755e-01 -2.598528e-01  3.736223e-01  4.136728e-04
1  2.934630e-01  1.383478e-01  0.000000e+00  8.685286e-02  0.000000e+00  1.673580e+01 0 2  2.847233e-01
 1.407943e-01  1.304266e-01  4.012299e+00  0.000000e+00  0.000000e+00  3.188805e-01 -7.343069e-02 -4.574910e-01  2.822848e-04
2  3.728248e-01  1.560080e-02  1.152874e+00  4.646523e-01  1.893081e-01  9.774820e+00 6 1 -1.000000e+00
 9.076805e-01 -1.474900e-01  1.635739e+00  0.000000e+00  0.000000e+00  2.128770e-01 -8.634884e-02 -2.760019e-02  1.964889e-03
-2.402647e-01 -4.099452e-02 -3.096586e-01  1.727321e+02  5.000000e-01  5.397794e-01 -1.673125e+00 -8.011369e-01  8.477486e-02
3 -4.615520e-01  2.127238e-01  2.674379e+00  1.406835e+00  2.975240e-01  1.779610e+01 6 3 -1.000000e+00
 8.193989e-01 -3.372951e-01 -1.135446e+00  4.984914e+01  5.000000e-01  6.969630e-01 -6.998482e-01  6.948060e-01  2.622819e-01
-1.595223e+00  8.124459e-01  3.816316e+00  0.000000e+00  0.000000e+00  3.606819e-01 -2.143030e-01  3.174414e-01  4.646752e-02
 1.243684e-02 -5.548261e-03  9.742961e-04  6.719257e+01  1.000000e+00  3.419888e+01 -6.039759e+00  6.269355e+00  3.304412e+01
3 -2.912098e-01 -5.766570e-01  1.385935e+00  7.022428e-01  2.445533e-01  7.590170e+00 6 3  2.871252e-01
 8.698465e-01 -4.521103e-01  3.711105e+00  0.000000e+00  0.000000e+00  3.594744e-01 -2.438983e-01  2.851757e-01  1.057202e-02
-3.074096e-01  2.792478e-01 -9.075628e-01  4.099616e+01  5.000000e-01  8.366401e-01 -7.404367e-02  1.059743e+00  1.143227e-01
-1.850360e-03  1.321791e-03  6.784103e-05  5.459896e+01  1.000000e+00  1.278663e+02 -1.064760e+01  3.523270e+01  1.243226e+02
3 -2.820553e-01 -7.461140e-02  1.454852e+00  8.230794e-01  2.267180e-01  1.533930e+01 6 3 -1.000000e+00
-7.739449e-01 -6.365832e-01  3.076838e+00  0.000000e+00  0.000000e+00  3.104118e-01 -1.542943e-01 -3.559722e-01  1.866946e-02
 5.085668e-01  5.026265e-02 -6.975746e-01  5.943804e+01  5.000000e-01  5.669948e-01 -1.256985e+00 -2.025352e-01  1.435593e-01
 1.126408e-03  2.501498e-04  1.874984e-05  1.033137e+02  1.000000e+00  2.369560e+02 -4.646139e+01 -1.351967e+01  2.356431e+02
5  3.454650e-03 -3.072868e-03  4.399849e-01  1.531681e-01  1.000000e+00  7.992170e+00 6 3 -1.000000e+00
-4.322015e-02 -1.434265e-01 -2.759948e+00  1.138553e+00  5.000000e-01  7.595463e-01  5.228422e-01 -3.831184e-01  1.681315e-01
 2.163816e-01 -6.626837e-02  3.952526e+00  0.000000e+00  0.000000e+00  4.731122e-01 -1.337917e-01  8.190090e-02  3.178837e-02
-2.075867e-01  5.136513e-02  4.377903e+00  2.984188e-01  0.000000e+00  4.922363e-01 -1.607001e-01  5.982998e-02  3.555924e-02
 2.359673e-02  1.438364e-01 -2.488415e+00  1.245604e+00  5.000000e-01  7.888187e-01  6.115886e-01 -2.691079e-01  1.937292e-01
-1.578010e-04  2.113491e-04  3.813109e-03  2.336958e+00  1.000000e+00  1.765762e+01  3.510023e+00  1.703733e+00  1.531845e+01
1 -2.247943e+00 -2.117099e+00  0.000000e+00  3.097841e+00  0.000000e+00  1.592510e+01 0 2 -1.000000e+00
-6.706208e+00 -3.025704e+00  3.436788e+00  0.000000e+00  0.000000e+00  3.970405e-01 -1.417685e-01 -2.291125e-01  5.335493e-04
3  4.431734e-01  2.280999e-01  2.310404e+00  1.020428e+00  3.284202e-01  1.779750e+01 6 1 -1.000000e+00
 1.688897e+00  2.172495e-01  1.928812e+00  0.000000e+00  0.000000e+00  2.575678e-01 -1.533361e-01 -9.612388e-02  1.509556e-02
-5.139439e-01 -4.794987e-01 -6.334610e-01  4.395322e+01  5.000000e-01  6.734427e-01  5.315397e-02 -1.297090e+00  2.465084e-01
-3.755857e-03 -2.404703e-03  9.182973e-05  6.127268e+01  1.000000e+00  1.103302e+02 -6.837082e+00 -3.188460e+01  1.089581e+02
3 -1.313495e-01 -1.981015e-01  1.148994e+00  4.718695e-01  5.092410e-01  7.579050e+00 6 1 -1.000000e+00
-5.965657e-01 -5.556182e-01  1.891959e+00  0.000000e+00  0.000000e+00  2.520404e-01  6.646018e-02 -1.627082e-01  7.336049e-03
 1.266536e-01  3.372090e-01 -9.634632e-01  3.307153e+01  5.000000e-01  4.623088e-01  9.651375e-01 -6.289228e-01  9.160164e-02
 1.694619e-04  2.898427e-04  2.198610e-06  5.758484e+01  1.000000e+00  6.926688e+02  9.997675e+01 -1.165229e+02  6.908654e+02
2 -3.558809e-01 -2.425042e-01  3.111496e+00  1.846785e+00  4.908931e-01  1.612250e+01 6 1 -1.000000e+00
-1.018955e+00 -2.213437e+00  2.502612e+00  0.000000e+00  0.000000e+00  3.390752e-01  4.521703e-02 -1.876021e-01  1.259436e-03
 1.020019e+00  1.368792e-01 -1.228515e+00  2.481209e+02  5.000000e-01  8.424587e-01 -9.043524e-01 -1.447651e-01  2.805799e-02
1 -4.576281e-01  2.341506e+00  0.000000e+00  1.590917e+00  0.000000e+00  8.809840e+00 0 2 -1.000000e+00
-1.049659e+00  4.949862e+00  3.668500e+00  0.000000e+00  0.000000e+00  4.527926e-01  1.516387e-01  6.205305e-02  5.210542e-04
3  4.831983e-01  1.814240e-01  1.212667e+00  4.808081e-01  1.021933e-01  1.178820e+01 6 1 -1.000000e+00
 9.585740e-01  2.268802e-01  1.771637e+00  0.000000e+00  0.000000e+00  1.775038e-01 -3.090826e-01 -1.285235e-01  3.002888e-02
-1.981105e-01 -1.373218e-01 -1.810493e-01  5.370132e+01  5.000000e-01  1.888433e+00 -1.168152e+00 -2.224430e+00  1.626586e+00
-2.398538e-02 -1.720885e-02  4.445063e-03  5.571375e+01  1.000000e+00  2.011644e+01 -2.114274e+00 -1.166188e+01  1.968135e+01
5 -6.285105e-02 -5.405775e-04  1.088821e+00  4.425463e-01  1.000000e+00  1.798880e+01 6 3 -1.000000e+00
 2.740938e-01 -3.332900e-01 -1.414290e+00  9.363719e+00  5.000000e-01  5.646643e-01  2.910365e-01  9.010458e-01  2.669014e-01
-5.841240e-01 -1.585059e-01  2.111571e+00  0.000000e+00  0.000000e+00  2.440471e-01 -2.636112e-01 -1.685018e-01  3.285267e-02
 4.262647e-01  2.472606e-01  3.461656e+00  6.226510e+00  0.000000e+00  3.010384e-01 -1.581523e-01 -4.179187e-01  4.683685e-02
-7.767519e-03  4.451434e-01 -2.511331e+00  7.397134e+00  5.000000e-01  4.633781e-01  8.283459e-01  1.167277e-03  1.019340e-01
 8.765451e-04 -2.369239e-04  2.351370e-04  2.154053e+01  1.000000e+00  6.982485e+01 -7.118737e+00  2.081688e+01  6.852716e+01
3  8.638852e-01 -2.896610e-01  2.954343e+00  8.717989e-01  2.015123e-01  9.350580e+00 6 1 -1.000000e+00
 2.496717e+00 -6.331974e-01  1.847021e+00  0.000000e+00  0.000000e+00  2.605509e-01 -7.034055e-02  2.060919e-02  4.432617e-04
-3.460587e-01  1.710220e-01 -3.721974e-01  3.436461e+02  5.000000e-01  1.016472e+00 -9.851993e-01  1.310114e+00  1.111426e-01
-3.140317e-03  1.630831e-03  4.296223e-05  3.700364e+02  1.000000e+00  1.553128e+02  1.970350e+01  1.216328e+01  1.525797e+02
1 -3.416412e+00  6.947484e-01  0.000000e+00  1.796424e+00  0.000000e+00  1.534520e+01 0 2 -1.000000e+00
-4.399290e+00  6.084322e-01  3.343919e+00  0.000000e+00  0.000000e+00  2.890822e-01 -4.413853e-01  1.073910e-01  6.302049e-04
3 -2.367584e-01  6.012778e-01  1.982434e+00  7.709397e-01  2.946847e-01  1.515300e+01 6 1 -1.000000e+00
-9.748618e-01  1.484230e+00  1.532526e+00  0.000000e+00  0.000000e+00  1.808504e-01  3.341773e-02 -1.318015e-01  8.110755e-03
 6.953332e-02 -2.007872e-01 -4.516118e-01  7.573441e+01  5.000000e-01  1.536073e+00  1.372881e+00  7.854062e-01  1.055157e+00
 2.277607e-02 -5.378673e-02  3.956631e-02  7.615342e+01  1.000000e+00  6.727215e+00  1.971896e+00  1.907508e+00  6.044610e+00
3  6.687275e-01  8.547652e-01  1.117654e+00  5.448881e-01  2.642168e-01  1.386930e+01 6 1  3.002165e-01
-5.064061e-01  8.323982e-01  1.467920e+00  0.000000e+00  0.000000e+00  1.647679e-01  3.015467e-02  1.243677e-01  4.944773e-03
 1.061121e-01 -1.024665e-01 -3.878491e-01  4.309953e+01  5.000000e-01  1.510223e+00 -5.653461e-02  1.683880e+00  6.705410e-01
 1.532908e-02 -1.533489e-02  9.022864e-03  4.369925e+01  1.000000e+00  1.294581e+01 -7.125416e-01  5.600446e+00  1.111006e+01
2  2.133773e-01  6.150113e-01  1.810232e+00  8.826607e-01  1.119696e-01  8.413860e+00 6 1 -1.000000e+00
 3.243150e-01  1.406850e+00  2.349474e+00  0.000000e+00  0.000000e+00  2.944990e-01  2.336478e-01 -1.323374e-01  2.145142e-03
-1.390653e-01 -3.430693e-01 -2.630696e-01  1.955870e+02  5.000000e-01  6.786854e-01  1.358233e+00 -1.435173e+00  1.040818e-01
3  1.129980e+00  1.505899e+00  2.877506e+00  1.438297e+00  2.559127e-01  8.433660e+00 6 1  2.731516e-01
-1.229038e+00  2.197846e+00  2.574062e+00  0.000000e+00  0.000000e+00  3.518303e-01  1.604217e-01  7.679640e-02  4.495558e-04
 9.295459e-02 -3.580051e-01 -6.587352e-01  4.707125e+02  5.000000e-01  1.371441e+00  1.173688e+00  5.277164e-01  9.275756e-02
 2.578186e-03 -7.844418e-03  3.773585e-04  4.882351e+02  1.000000e+00  5.276824e+01  3.023651e+00  4.561658e+00  4.902286e+01
1 -2.976170e-01  2.157158e-01  0.000000e+00  7.855943e-02  0.000000e+00  1.799750e+01 0 2  3.008328e-01
 1.837142e-01  1.307804e-01  3.994076e+00  0.000000e+00  0.000000e+00  3.890151e-01 -2.966412e-01 -1.869111e-01  1.041876e-04
3  6.040038e-02  2.898304e-02  1.901891e-01  8.207664e-02  1.160750e-01  1.747260e+01 6 1 -1.000000e+00
 1.442730e-01  8.932157e-02  1.993353e+00  0.000000e+00  0.000000e+00  2.870740e-01 -6.229694e-02 -5.210958e-02  2.274547e-02
-1.859879e-02 -8.885847e-03 -2.313785e-01  4.670874e+00  5.000000e-01  2.894378e+00 -1.856187e+00 -2.113093e+00  2.339726e+00
-6.459142e-03 -3.191105e-03  3.134358e-02  4.686598e+00  1.000000e+00  9.511478e+00 -3.918138e+00 -5.018864e+00  8.810305e+00
3  1.162747e-02  1.891498e-01  1.478439e+00  7.827019e-01  1.051771e-01  1.594430e+01 6 3 -1.000000e+00
-4.274082e-02 -6.198390e-01 -1.162534e+00  2.229286e+01  5.000000e-01  3.369518e-01  1.136180e+00 -9.443672e-02  1.057517e-01
 2.420990e-01  8.309019e-01  1.105311e+01  0.000000e+00  0.000000e+00  2.472605e-01  6.209765e-01 -3.008865e-01  4.709419e-02
-8.257239e-05 -5.972373e-04  1.291717e-05  6.287529e+01  1.000000e+00  2.819800e+02  2.821114e+01 -2.715889e+01  2.809719e+02
2  7.706867e-01  3.186309e-01  3.306543e+00  1.207058e+00  2.187355e-01  1.632050e+01 6 1 -1.000000e+00
-4.467599e-01 -1.519197e-01 -5.237196e-01  6.315690e+02  5.000000e-01  9.766993e-01 -1.129056e+00 -7.969903e-01  6.142803e-02
 2.500533e+00  1.346978e+00  2.394306e+00  0.000000e+00  0.000000e+00  3.509089e-01 -5.301823e-02 -2.916664e-02  3.101253e-04
3 -2.486257e-01 -5.365899e-02  5.883858e-01  2.175704e-01  1.133428e-01  4.880050e+00 6 1 -1.000000e+00
-4.790660e-01 -7.396527e-02  1.787427e+00  0.000000e+00  0.000000e+00  2.127190e-01 -2.044630e-01 -1.361724e-01  3.354298e-03
 2.428822e-03 -6.615582e-04  1.265066e-04  5.237233e+01  1.000000e+00  1.080291e+02 -3.384990e+01  4.903748e+01  1.070564e+02
 1.050200e-01 -2.962146e-03 -2.025920e-01  4.732770e+01  5.000000e-01  7.740735e-01 -2.151232e+00 -5.993942e-01  3.508378e-01
3  6.742872e-01 -4.909796e-01  2.083662e+00  8.428201e-01  1.270184e-01  1.673000e+01 6 1 -1.000000e+00
 1.514525e+00 -9.655246e-01  1.645450e+00  0.000000e+00  0.000000e+00  2.166597e-01  4.233721e-03  7.659928e-02  6.002936e-03
-1.547145e-02  8.605102e-03  1.139607e-03  1.365254e+02  1.000000e+00  3.189746e+01 -6.484513e+00  5.925229e+00  3.106646e+01
-2.422821e-01  1.548676e-01 -2.090024e-01  1.309653e+02  5.000000e-01  1.125054e+00 -7.174994e-01  2.070137e+00  6.738078e-01
5 -1.039272e-01  1.398744e-02  1.854228e+00  7.066185e-01  1.000000e+00  1.209300e+01 6 3 -1.000000e+00
-9.456166e-01 -4.047882e-01  2.167365e+00  0.000000e+00  0.000000e+00  2.771831e-01 -1.844489e-01 -1.644782e-01  9.938549e-03
 4.564643e-01 -4.782267e-01 -1.144788e+00  2.847447e+01  5.000000e-01  4.962067e-01  8.989433e-02  1.057947e+00  8.754828e-02
 6.076537e-01  6.078871e-01  3.155645e+00  1.549013e+01  0.000000e+00  3.056212e-01  8.191411e-02 -3.981954e-01  1.894112e-02
-1.820355e-01  7.264610e-01 -2.117900e+00  1.926438e+01  5.000000e-01  4.220708e-01  7.571062e-01  4.826576e-01  7.619367e-02
 2.086885e-04 -6.903401e-05  6.216479e-06  8.054855e+01  1.000000e+00  4.091419e+02  2.182603e+01  7.239255e+01  4.069455e+02
3  4.270036e-01  4.424462e-02  1.679303e+00  7.801662e-01  1.417382e-01  1.149510e+01 6 3 -1.000000e+00
-5.001509e-01 -6.589062e-02 -5.704995e-01  1.253324e+02  5.000000e-01  6.061960e-01 -1.368727e+00 -1.857901e-01  1.497352e-01
 1.100343e+00  4.425173e-01  4.025024e+00  0.000000e+00  0.000000e+00  3.384216e-01 -3.992732e-01 -1.726882e-01  1.862191e-02
-2.346740e-03 -6.468598e-04  4.598405e-05  1.803948e+02  1.000000e+00  1.526493e+02 -1.504202e+01 -3.200919e+01  1.511944e+02
3  5.092303e-01 -6.695557e-01  2.541865e+00  8.411238e-01  1.630742e-01  1.254470e+01 6 1 -1.000000e+00
 1.239043e+00 -1.825765e+00  1.703212e+00  0.000000e+00  0.000000e+00  2.324779e-01 -2.390815e-02  3.731489e-02  1.081493e-03
-1.932140e-01  2.741674e-01 -2.777498e-01  4.400464e+02  5.000000e-01  9.523613e-01  5.067690e-01  1.829157e+00  2.183418e-01
-1.728457e-03  3.028998e-03  3.299763e-05  4.784397e+02  1.000000e+00  1.785846e+02  3.102817e+01  1.638139e+01  1.764374e+02
3  3.557120e-02  6.237980e-02  1.558916e+00  8.171289e-01  4.916132e-01  1.534720e+01 6 3 -1.000000e+00
 5.553391e-03 -7.250717e-01 -1.520236e+01  3.596061e+01  5.000000e-01  6.201540e-01  4.572628e-01  3.119271e-02  2.727277e-02
 5.583622e-01  7.325361e-01  7.473682e+00  0.000000e+00  0.000000e+00  5.054711e-01  1.014053e-01 -3.169747e-01  1.370945e-02
-4.878586e-04 -8.543145e-04  2.605502e-04  1.001553e+02  1.000000e+00  6.321284e+01  2.869837e+00 -4.916290e+00  5.967557e+01
3 -2.092316e-01  1.741403e-01  1.078337e+00  4.245869e-01  6.153478e-01  8.416050e+00 6 1 -1.000000e+00
 1.844881e-01 -2.311308e-01 -1.013429e+00  4.404736e+01  5.000000e-01  5.473473e-01  3.032961e-01  1.048644e+00  2.341002e-01
-6.726206e-01  4.232205e-01  1.646920e+00  0.000000e+00  0.000000e+00  2.067602e-01 -2.333590e-02  1.465971e-01  1.574612e-02
 2.946833e-03 -2.861110e-03  4.108136e-04  5.484468e+01  1.000000e+00  5.101123e+01  2.913745e+00  7.644548e+00  5.013110e+01
3 -3.608878e-01  8.294930e-02  1.152358e+00  6.011023e-01  1.774153e-01  1.515340e+01 6 1 -1.000000e+00
-7.851860e-01  4.343098e-01  2.177560e+00  0.000000e+00  0.000000e+00  2.560568e-01 -2.156221e-01  2.184699e-01  1.945125e-02
 2.766624e-01 -1.335981e-02 -3.863325e-01  6.283572e+01  5.000000e-01  9.604408e-01 -1.598795e+00  1.840235e-01  4.919826e-01
 9.856321e-03 -9.449778e-04  1.198448e-03  7.050341e+01  1.000000e+00  3.150856e+01 -9.785236e+00 -7.800836e-01  3.042524e+01
2 -3.060251e-01 -5.454367e-01  2.266489e+00  9.742717e-01  2.102738e-01  4.880590e+00 6 1 -1.000000e+00
-9.567198e-01 -1.530692e+00  2.363991e+00  0.000000e+00  0.000000e+00  3.328583e-01  7.218075e-02 -1.298251e-01  1.966037e-03
 2.232857e-01  4.043945e-01 -4.970854e-01  3.401959e+02  5.000000e-01  8.484733e-01  8.229815e-01 -1.165070e+00  9.614222e-02
1 -3.865658e-01  3.298377e-01  0.000000e+00  1.911985e-01  0.000000e+00  1.545590e+01 0 2  2.868472e-01
-4.421789e-01 -3.635180e-01  3.646976e+00  0.000000e+00  0.000000e+00  3.732223e-01  3.300870e-01 -9.845344e-02  1.021264e-03
3 -2.127797e-01 -1.882200e-01  9.092421e-01  2.729772e-01  2.942783e-01  1.193600e+01 6 1 -1.000000e+00
-5.760170e-01 -4.150925e-01  1.704293e+00  0.000000e+00  0.000000e+00  2.246601e-01 -1.861579e-02 -1.185403e-01  4.092745e-03
 1.192294e-01  1.708714e-01 -5.015364e-01  7.113299e+01  5.000000e-01  5.860666e-01  3.408450e-01 -1.431446e+00  2.003611e-01
 9.302773e-04  1.669469e-03  7.151006e-05  8.655214e+01  1.000000e+00  1.280858e+02  4.460609e+01 -1.330638e+01  1.270415e+02
3 -2.988399e-01  2.752216e-01  1.161798e+00  4.186268e-01  1.365205e-01  1.385570e+01 6 1 -1.000000e+00
-8.571435e-01  5.335334e-01  1.845146e+00  0.000000e+00  0.000000e+00  2.503930e-01  1.466579e-02  1.404742e-01  5.292599e-04
 1.065727e-01 -1.153322e-01 -2.519003e-01  1.582118e+02  5.000000e-01  9.603904e-01  2.576614e-01  1.976108e+00  1.082956e-01
 7.200594e-04 -6.814866e-04  1.744395e-05  1.739189e+02  1.000000e+00  2.414709e+02  4.697864e+00 -2.185664e+01  2.386872e+02
3 -5.737132e-01  8.889304e-01  5.670170e-01  2.647943e-01  3.028203e-01  1.545550e+01 6 1  2.615156e-01
-2.660480e-01 -3.715298e-01  2.670954e+00  0.000000e+00  0.000000e+00  3.371020e-01  4.416598e-03 -2.549827e-01  9.165356e-04
 9.865479e-02  6.263630e-02 -8.088192e-01  3.865362e+01  5.000000e-01  1.007487e+00 -5.613795e-01 -9.598330e-01  4.007064e-02
 5.092228e-04  4.698425e-04  6.336140e-05  4.390476e+01  1.000000e+00  1.271284e+02  8.352260e+00  7.491745e+00  1.231285e+02
3 -1.808064e-01  1.597613e-01  1.156522e+00  5.972603e-01  3.079288e-01  1.133210e+01 6 3 -1.000000e+00
 2.303546e-01 -1.502756e-01 -9.750025e-01  4.067155e+01  5.000000e-01  1.250230e+00 -5.196190e-01  9.045716e-01  6.548296e-01
-4.666399e-01  7.726229e-01  3.166324e+00  0.000000e+00  0.000000e+00  4.032552e-01  6.743464e-02  1.890324e-01  4.189043e-02
 2.762307e-02 -2.157589e-02  3.225341e-02  4.254273e+01  1.000000e+00  7.566060e+00 -1.084298e+00  3.306504e+00  6.595074e+00
3  2.747795e-01  6.104917e-01  1.831556e+00  8.069745e-01  1.186113e-01  1.386130e+01 6 1 -1.000000e+00
 4.035236e-01  1.574736e+00  1.635562e+00  0.000000e+00  0.000000e+00  2.148418e-01 -2.870529e-02 -6.510751e-02  1.177952e-03
-1.087296e-01 -1.837273e-01 -1.939962e-01  1.596038e+02  5.000000e-01  1.085886e+00  1.137518e+00 -1.966766e+00  3.503427e-01
-3.256921e-03 -5.145808e-03  2.335702e-04  1.675740e+02  1.000000e+00  6.735537e+01 -3.422109e+00 -1.048604e+01  6.556300e+01
3 -5.987376e-02 -1.919036e-01  1.054911e+00  5.085454e-01  1.732390e-01  1.388040e+01 6 3 -1.000000e+00
 9.132063e-02  3.593664e-01 -9.570262e-01  3.045775e+01  5.000000e-01  5.796741e-01  9.358744e-01 -5.879765e-01  1.328162e-01
-2.056883e-01 -6.528703e-01  5.524312e+00  0.000000e+00  0.000000e+00  3.518074e-01  3.817534e-01 -3.056141e-01  2.470022e-02
 2.794571e-04  1.404426e-03  6.919400e-05  5.012507e+01  1.000000e+00  1.236049e+02  2.404246e+01  1.338400e+00  1.220111e+02
5  2.366908e+00 -1.834779e+00  2.746033e+00  1.319529e+00  1.000000e+00  1.868590e+01 6 3  2.792252e-01
 1.284681e+00 -2.308446e+00  7.941390e+00  5.456010e-02  0.000000e+00  4.127155e-01 -2.943711e-02  4.670268e-01  2.818881e-04
 2.017989e+00 -1.417396e+00 -1.261543e+01  3.638414e+00  5.000000e-01  4.566369e-01 -1.919421e-01  5.810936e-01  4.157316e-04
 2.640151e+00 -4.480853e-01  7.490085e+00  0.000000e+00  0.000000e+00  3.980208e-01 -2.405337e-01  4.135367e-01  5.307379e-04
-1.015937e-02  5.549708e-03  1.577696e-04  6.140155e+02  1.000000e+00  9.062229e+01 -2.586058e+01  3.201606e+01  8.612142e+01
-6.230609e-02  3.917668e-02 -5.568187e-03  6.121187e+02  5.000000e-01  8.189222e+00 -5.088667e+00  1.433116e+01  5.375779e+00
3 -5.102844e-01 -7.466955e-01  1.626468e+00  5.937731e-01  5.108667e-01  1.064870e+01 6 1  2.770799e-01
-1.248141e+00 -4.687820e-01  1.442300e+00  0.000000e+00  0.000000e+00  1.632580e-01 -8.201465e-02  8.571605e-03  3.888993e-03
 2.952563e-01  4.436850e-02 -7.368228e-01  1.441821e+02  5.000000e-01  8.679117e-01 -1.146874e+00 -2.435263e-01  2.274592e-01
 7.927192e-03  1.751617e-03  5.318899e-04  1.551186e+02  1.000000e+00  4.615976e+01 -1.174385e+01 -4.625745e+00  4.360716e+01
3 -2.661799e-02  2.129580e-01  8.814891e-01  4.059842e-01  3.391021e-01  1.254510e+01 6 1 -1.000000e+00
 4.070395e-02 -2.295397e-01 -8.540027e-01  5.127606e+01  5.000000e-01  7.181528e-01  1.106093e+00  1.641749e-01  2.414841e-01
-2.115900e-01  6.150732e-01  2.518423e+00  0.000000e+00  0.000000e+00  3.239088e-01  2.411316e-01  4.337076e-02  2.059606e-02
 1.435988e-03 -4.357155e-03  7.105313e-04  6.165783e+01  1.000000e+00  4.046346e+01  5.794288e+00  1.078859e+01  3.924886e+01
2 -1.776928e+00  5.269957e-01  2.155300e+00  8.349146e-01  2.374022e-01  1.934010e+01 6 1  2.675239e-01
 1.415763e+00  1.247606e+00  1.792174e+00  0.000000e+00  0.000000e+00  2.446250e-01  1.106738e-01  1.900083e-02  3.743486e-04
-2.754681e-02 -3.530739e-01 -4.254659e-01  3.842877e+02  5.000000e-01  1.084634e+00  1.535018e+00 -3.534031e-02  9.394688e-02
3  3.881970e-01  1.064368e-01  1.880939e+00  7.686784e-01  4.870717e-01  1.474900e+01 6 1 -1.000000e+00
-4.445067e-01 -3.223676e-01 -8.165221e-01  5.253446e+01  5.000000e-01  4.613301e-01 -1.688944e-01 -1.219158e+00  1.323565e-01
 1.415374e+00 -4.169889e-02  1.676390e+00  0.000000e+00  0.000000e+00  2.189597e-01 -6.624186e-02 -9.547776e-02  9.650930e-03
-1.805436e-03 -4.934282e-04  3.330825e-05  7.688143e+01  1.000000e+00  1.753481e+02 -1.670038e+01 -9.785232e+00  1.742455e+02
1 -1.043795e+00  1.106802e+00  0.000000e+00  1.297678e+00  0.000000e+00  6.246210e+00 0 2 -1.000000e+00
-1.568378e+00  2.270955e+00  3.036539e+00  0.000000e+00  0.000000e+00  3.648788e-01  2.296856e-02  2.711625e-01  6.125854e-03
3 -1.636280e-01  1.547930e-03  4.160390e-01  1.721233e-01  2.186856e-01  1.318950e+01 6 1 -1.000000e+00
-3.371165e-01 -2.487332e-02  2.107830e+00  0.000000e+00  0.000000e+00  2.279317e-01 -3.484930e-01  1.485445e-02  3.115707e-02
 7.790378e-02  4.223470e-03 -4.609522e-01  6.145822e+00  5.000000e-01  1.133331e+00 -1.478828e+00 -1.630714e-02  7.992689e-01
 1.250150e-02  1.135318e-03  2.085169e-02  6.304663e+00  1.000000e+00  8.281200e+00 -2.101604e+00 -8.008656e-01  7.773307e+00
3 -4.337345e-01  4.646846e-01  8.944983e-01  4.325440e-01  1.210938e-01  1.476110e+01 6 3  2.701631e-01
-4.304923e-01 -5.587632e-01  3.735024e+00  0.000000e+00  0.000000e+00  3.936966e-01  1.635898e-01 -2.703817e-01  3.396293e-03
 6.623626e-02  1.851373e-01 -4.522881e-01  1.071937e+02  5.000000e-01  9.168051e-01  1.170036e+00 -9.213668e-01  1.381400e-01
 3.244336e-04  8.719197e-04  1.888963e-05  1.311623e+02  1.000000e+00  2.361365e+02  4.252390e+01 -2.327655e+01  2.335678e+02
3  6.024777e-01 -1.130363e+00  5.356276e+00  2.914307e+00  4.552144e-01  7.888520e+00 6 1  2.871277e-01
 1.054841e+00 -4.271884e-01 -7.787927e-01  7.617745e+02  5.000000e-01  1.240698e+00 -8.691814e-01  7.658315e-01  4.488217e-02
-2.023077e+00  3.956430e+00  1.710826e+00  0.000000e+00  0.000000e+00  1.669098e-01  8.103395e-03  3.308485e-01  8.327177e-04
 2.068883e-01 -1.117253e-01  7.078737e-02  7.762366e+02  1.000000e+00  5.143792e+00 -1.324437e+00  1.135809e+00  7.516809e-01
1  7.422289e+00  6.214057e+00  0.000000e+00  4.737400e+00  0.000000e+00  1.368690e+01 0 2 -1.000000e+00
 7.299123e+00  1.067184e+01  3.974228e+00  0.000000e+00  0.000000e+00  3.623443e-01  2.248075e-02 -3.930372e-01  5.600837e-04
3 -3.884837e-01  2.473566e-01  1.645022e+00  4.766242e-01  4.737101e-01  8.312920e+00 6 1 -1.000000e+00
 2.803335e-01 -1.755275e-01 -7.904006e-01  8.139009e+01  5.000000e-01  6.245614e-01 -7.884264e-01  8.857309e-01  2.038424e-01
-9.093382e-01  9.605966e-01  1.668532e+00  0.000000e+00  0.000000e+00  2.142203e-01 -1.346128e-01  2.682904e-04  6.664572e-03
 5.746627e-03 -5.993715e-03  7.441592e-04  9.100213e+01  1.000000e+00  3.891888e+01  7.333347e+00  6.345447e+00  3.781510e+01
3 -1.977870e-01  3.207446e-01  1.427303e+00  6.409223e-01  3.118344e-01  1.866410e+01 6 1 -1.000000e+00
 2.615126e-01 -2.271391e-01 -4.732910e-01  7.447576e+01  5.000000e-01  9.144709e-01 -3.759275e-01  1.406719e+00  6.082379e-01
-3.169271e-01  1.077698e+00  1.517764e+00  0.000000e+00  0.000000e+00  1.851994e-01  1.203896e-02  6.993722e-02  1.997255e-02
 7.722589e-03 -9.238385e-03  1.354214e-03  8.423147e+01  1.000000e+00  3.067034e+01 -4.421707e-01  1.190369e+01  2.998863e+01
3  1.757572e-01 -2.671276e-01  1.017571e+00  5.587270e-01  1.042093e-01  1.630900e+01 6 1 -1.000000e+00
 7.707887e-01 -2.826455e-01  2.447370e+00  0.000000e+00  0.000000e+00  2.996038e-01  1.850994e-02  2.856754e-01  1.028193e-02
-1.216259e-01  2.062789e-01 -2.550388e-01  7.375785e+01  5.000000e-01  7.066815e-01  1.184689e+00  1.613542e+00  1.799920e-01
-7.322260e-04  8.288728e-04  1.794554e-05  9.700144e+01  1.000000e+00  2.422413e+02 -2.211382e+01  4.454426e+01  2.405858e+02
3 -2.060353e-01 -5.765415e-01  3.016730e+00  1.296863e+00  5.745194e-01  1.065120e+01 6 1 -1.000000e+00
-6.543708e-01 -2.297508e+00  2.459995e+00  0.000000e+00  0.000000e+00  3.552131e-01  9.559842e-02 -1.030115e-02  2.024206e-02
 3.885958e-01  5.331951e-01 -1.413315e+00  1.274925e+02  5.000000e-01  1.207522e+00  2.400284e-01 -8.324712e-01  5.806294e-01
 5.186426e-02  8.142828e-02  4.508835e-02  1.315627e+02  1.000000e+00  6.701961e+00  8.389585e-01 -3.103197e+00  5.648025e+00
3 -2.885929e-01  3.797917e-01  1.901853e+00  6.579924e-01  5.131225e-01  1.843570e+01 6 1 -1.000000e+00
 2.685479e-01 -3.853814e-01 -8.831906e-01  7.332680e+01  5.000000e-01  6.647546e-01  3.251702e-01  1.067198e+00  3.138362e-01
-8.111859e-01  1.180256e+00  1.721208e+00  0.000000e+00  0.000000e+00  2.354615e-01 -2.610717e-02  5.338826e-02  1.711394e-02
 3.935113e-03 -5.896095e-03  2.840637e-04  8.839816e+01  1.000000e+00  6.376141e+01  1.008180e+01  1.780493e+01  6.289070e+01
3  1.984497e-02  5.992845e-02  2.551894e-01  1.488586e-01  1.640779e-01  1.171380e+01 6 3 -1.000000e+00
-2.559091e-02 -6.538352e-02 -6.621459e-01  4.890062e+00  5.000000e-01  1.139661e+00  9.010743e-01 -8.472376e-01  7.351814e-01
-8.648372e-02  1.824344e-01  4.035557e+00  0.000000e+00  0.000000e+00  3.714742e-01  3.645562e-01  1.197754e-01  8.463770e-02
-2.637224e-03 -7.267975e-03  2.757594e-02  5.248294e+00  1.000000e+00  7.487324e+00  1.766467e+00 -1.643613e+00  6.837668e+00
3  3.916317e-01  6.471129e-02  4.560667e-01  2.817387e-01  1.721031e-01  9.881440e+00 6 3  2.707258e-01
 3.224452e-01  6.167646e-02  4.431850e+00  0.000000e+00  0.000000e+00  4.278267e-01 -3.184630e-01  1.800606e-02  1.196056e-02
-1.334988e-01  7.225708e-02 -7.627349e-01  1.623409e+01  5.000000e-01  7.002688e-01 -5.215730e-01  1.062484e+00  9.537641e-02
-2.126209e-04  7.464940e-05  6.856844e-06  2.793453e+01  1.000000e+00  4.077697e+02 -1.266630e+02  5.981953e+01  4.051487e+02
3 -1.522396e-01  2.091872e-01  4.722549e-01  2.235229e-01  2.060544e-01  8.538180e+00 6 3  2.704790e-01
-1.699481e-01 -3.225044e-01  5.335565e+00  0.000000e+00  0.000000e+00  4.551735e-01  1.359323e-01 -3.015572e-01  8.908047e-03
 4.795318e-02  9.647500e-02 -1.099417e+00  2.417169e+01  5.000000e-01  1.201996e+00  5.442779e-01 -8.087875e-01  1.977302e-01
 2.824889e-03  5.982949e-03  7.692487e-03  2.565905e+01  1.000000e+00  1.354504e+01  3.766139e+00 -3.632797e+00  1.102454e+01
