# num_image x_src y_src, sep, ein, fr, zs, fs, flag_out, frac_sh_trunc
# x_img, y_img, mag, delay, n_i, kappa, gamma1, gamma2, kappa*
# zmin, zmax, log10Mhmin, log10Mhmax, log10mshmin, log10mshmax, n_bins: 0.10, 3.00, 10.00, 16.00, 9.00, 16.00, 100
1  1.790855e+00 -3.186130e+00  0.000000e+00  6.213465e+00  0.000000e+00  1.256000e+01 0 2  2.816929e-01
-1.212401e+01  3.857069e+00  3.532293e+00  0.000000e+00  0.000000e+00  3.600137e-01 -1.343953e-01  3.292691e-01  7.540169e-04
1  8.238555e-01 -8.933293e-01  0.000000e+00  7.394410e-01  0.000000e+00  1.855390e+01 0 2  2.950209e-01
-7.408038e-01 -1.029649e+00  3.097574e+00  0.000000e+00  0.000000e+00  3.031502e-01  2.185203e-01 -3.391390e-01  1.533417e-02
3  1.903810e+00  1.993939e-01  1.654255e+00  7.455334e-01  2.172218e-01  1.318100e+01 6 1  2.893610e-01
-3.544759e-01 -3.859218e-02 -5.523073e-01  1.068200e+02  5.000000e-01  9.942496e-01 -1.344143e+00  6.245281e-02  7.901130e-02
 1.070137e+00  8.022625e-01  2.542596e+00  0.000000e+00  0.000000e+00  3.191017e-01 -2.367469e-01 -1.194763e-01  7.589953e-03
-5.798718e-03 -2.971758e-03  3.401108e-04  1.202678e+02  1.000000e+00  6.157127e+01 -3.463403e+00 -2.677059e+01  5.717623e+01
4 -1.810896e-01 -1.125827e-01  1.694219e+00  6.596020e-01  1.000000e+00  1.534280e+01 6 3 -1.000000e+00
-1.009267e-01 -1.051976e+00  2.663196e+00  0.000000e+00  0.000000e+00  3.405957e-01  2.028691e-01 -1.347941e-01  4.673130e-03
-8.181257e-01 -5.627736e-02 -4.926391e+00  1.730137e+01  5.000000e-01  4.889325e-01 -6.670344e-01 -1.387208e-01  4.902029e-03
 4.550473e-01  2.457128e-01 -6.922907e-01  6.602674e+01  5.000000e-01  7.064216e-01 -8.371321e-01 -9.109763e-01  6.474476e-02
-7.392571e-01  5.173916e-01  5.052279e+00  1.539630e+01  0.000000e+00  3.932845e-01 -2.852476e-01  2.980050e-01  1.748885e-03
1  3.487207e-02  1.399796e-02  0.000000e+00  2.244977e-02  0.000000e+00  1.246950e+01 0 2 -1.000000e+00
 6.881394e-02  9.075008e-03  3.172655e+00  0.000000e+00  0.000000e+00  3.796903e-01 -2.133280e-01 -1.551834e-01  2.680748e-02
3 -7.613310e-02 -2.379604e-01  7.222875e-01  3.272270e-01  1.924056e-01  1.407310e+01 6 1 -1.000000e+00
-4.653825e-02 -6.041930e-01  1.894431e+00  0.000000e+00  0.000000e+00  2.561183e-01  1.037257e-01 -1.214002e-01  6.301618e-03
 4.136556e-02  1.127255e-01 -3.644992e-01  4.773492e+01  5.000000e-01  9.161987e-01  1.117985e+00 -1.224999e+00  3.747768e-01
 1.170269e-03  5.193637e-03  1.238734e-03  5.077500e+01  1.000000e+00  2.986221e+01  5.060464e+00 -3.776306e-01  2.873285e+01
2  6.784849e-01  4.812028e-01  2.391534e+00  1.468103e+00  2.834659e-02  1.254000e+01 6 2 -1.000000e+00
 1.443706e+00  1.501521e+00  6.619464e+00  0.000000e+00  0.000000e+00  4.452259e-01  2.049432e-02 -3.953285e-01  2.208651e-04
-2.696491e-01 -1.669670e-01 -1.876392e-01  8.221872e+02  5.000000e-01  1.385547e+00 -1.156933e+00 -2.034583e+00  4.766995e-02
3 -7.800388e-02  1.011475e-01  1.166374e+00  6.539064e-01  7.787143e-01  1.594630e+01 6 3 -1.000000e+00
 4.227920e-01 -2.837918e-01 -4.744441e+00  1.329621e+01  5.000000e-01  3.204136e-01 -1.817115e-01  7.997447e-01  6.073868e-02
-3.395653e-01  5.989536e-01  3.694564e+00  0.000000e+00  0.000000e+00  2.463610e-01  2.531990e-01  4.829018e-01  2.106375e-02
 7.380889e-04 -6.510803e-04  1.724161e-04  3.263156e+01  1.000000e+00  8.128625e+01 -1.629275e+01 -1.950658e+01  8.022893e+01
2  1.155900e+01 -2.253053e-01  1.076707e+01  5.512550e+00  8.764919e-01  1.440090e+01 6 3  2.790104e-01
 7.826948e+00 -5.484523e-01 -4.187694e+00  7.577182e+02  5.000000e-01  7.234275e-01 -5.586796e-01 -5.625285e-02  1.112473e-04
 4.923004e+00  9.819623e+00  3.670480e+00  0.000000e+00  0.000000e+00  4.594680e-01 -3.766493e-02 -1.353227e-01  3.340473e-05
1 -8.754629e+00  3.459035e+00  0.000000e+00  2.557461e+00  0.000000e+00  1.692630e+01 0 2  2.824749e-01
-6.709714e+00  9.217929e-01  4.830962e+00  0.000000e+00  0.000000e+00  2.901089e-01 -4.300729e-01  3.346410e-01  3.578551e-04
3  3.659825e-01  6.482701e-01  2.375680e+00  1.166065e+00  1.172240e-01  1.179550e+01 6 1 -1.000000e+00
 1.601774e+00  1.288797e+00  2.457335e+00  0.000000e+00  0.000000e+00  3.199496e-01  1.060510e-01 -2.104207e-01  2.468647e-03
-1.602250e-01 -3.046949e-01 -2.880587e-01  4.984663e+02  5.000000e-01  1.182328e+00  1.364053e+00 -1.282232e+00  1.849331e-01
-2.336017e-03 -2.510118e-03  2.578569e-05  5.448508e+02  1.000000e+00  2.175152e+02 -2.308218e+01 -8.697608e+01  2.144921e+02
3  1.265254e-01 -8.281284e-02  7.217709e-01  3.776187e-01  2.631014e-01  1.672990e+01 6 1 -1.000000e+00
 5.462378e-01  3.356285e-02  2.714168e+00  0.000000e+00  0.000000e+00  3.003312e-01 -3.388741e-01  7.914452e-02  5.106797e-02
-1.640332e-01  1.618916e-01 -7.141015e-01  8.596861e+00  5.000000e-01  9.635786e-01  2.322904e-02  1.183701e+00  4.691711e-01
-8.162465e-03  6.230984e-03  6.657298e-03  1.003104e+01  1.000000e+00  1.401680e+01 -4.798266e-01  4.358414e+00  1.284304e+01
3  2.741079e-01  3.061961e-01  1.090636e+00  5.532265e-01  1.444297e-02  1.534290e+01 6 2 -1.000000e+00
 3.394224e-01  8.082977e-01  1.312480e+01  0.000000e+00  0.000000e+00  4.196874e-01  2.729524e-01 -4.313561e-01  4.268766e-02
-1.465799e-01 -1.680669e-01 -1.895610e-01  9.468337e+01  5.000000e-01  1.860983e+00  2.856578e-01 -2.436193e+00  1.214502e+00
-1.232258e-02 -1.438341e-02  2.622480e-03  9.994201e+01  1.000000e+00  2.464334e+01  2.223494e+00 -1.314325e+01  2.351275e+01
3  1.389356e+00  8.780850e-01  1.036482e+00  4.964928e-01  1.163097e-01  1.534660e+01 6 1  2.753259e-01
 7.264331e-01  5.302894e-01  2.687343e+00  0.000000e+00  0.000000e+00  3.414419e-01  1.086090e-02 -2.479234e-01  3.113655e-03
-6.322989e-02 -1.410730e-01 -3.125641e-01  9.316730e+01  5.000000e-01  1.822883e+00  1.319962e+00 -1.460884e+00  4.835008e-01
-4.839530e-03 -1.082279e-02  2.581983e-03  9.583863e+01  1.000000e+00  2.369492e+01  8.245538e+00 -7.731194e+00  2.050386e+01
3 -3.289414e-01  1.896282e-01  1.006578e+00  4.287341e-01  1.090585e-01  7.185310e+00 6 1 -1.000000e+00
-7.560293e-01  3.961717e-01  1.875038e+00  0.000000e+00  0.000000e+00  2.588202e-01 -5.874453e-02  1.121341e-01  8.531043e-03
 1.332853e-01 -7.533597e-02 -2.044888e-01  1.695305e+02  5.000000e-01  1.284529e+00 -1.082107e+00  1.949422e+00  7.143643e-01
 6.344711e-03 -3.388852e-03  6.347096e-04  1.790999e+02  1.000000e+00  4.370195e+01 -9.371449e+00  1.265341e+01  4.252683e+01
3  3.583352e+00  1.831774e+00  2.647719e+00  1.549231e+00  7.324733e-03  1.121070e+01 6 2  2.889857e-01
 1.867844e+00  1.660137e+00  5.945575e+00  0.000000e+00  0.000000e+00  3.806575e-01 -1.408858e-01 -4.422036e-01  5.637369e-04
-1.372262e-01 -6.905607e-02 -4.354975e-02  4.838782e+02  5.000000e-01  4.072791e+00 -3.325809e+00 -4.619879e+00  1.243813e+00
-1.204346e-02 -5.907853e-03  3.057168e-04  4.876142e+02  1.000000e+00  6.471713e+01 -1.850644e+01 -2.112781e+01  5.841494e+01
5 -2.395418e-01  7.538954e-01  2.270505e+00  7.718323e-01  1.000000e+00  1.456860e+01 6 3  2.747559e-01
 2.572877e-01 -6.252407e-01 -2.371628e+00  7.243695e+01  5.000000e-01  7.386777e-01  6.243828e-01  3.163649e-01  6.985789e-02
 8.208538e-01 -3.107471e-01  4.100811e+00  6.745676e+01  0.000000e+00  4.837327e-01 -6.277777e-02  1.368821e-01  2.795005e-02
-1.404575e+00  1.394270e-01  2.233763e+00  0.000000e+00  0.000000e+00  3.240882e-01 -3.196149e-02 -9.033307e-02  8.163714e-03
 2.540045e-01  4.572734e-01 -1.221095e+00  8.540550e+01  5.000000e-01  8.429455e-01  6.113508e-01 -6.854584e-01  1.661069e-01
 7.277731e-03  2.947465e-03  2.608097e-03  1.051569e+02  1.000000e+00  2.095731e+01 -1.207452e+00 -3.662665e+00  1.878909e+01
3  3.990326e-01  5.802716e-01  2.549156e+00  7.656109e-01  2.344387e-01  1.611590e+01 6 1  2.773555e-01
-1.197910e+00  1.893595e+00  1.289043e+00  0.000000e+00  0.000000e+00  1.041478e-01 -6.056267e-02 -1.520323e-01  9.778550e-04
 1.885619e-01 -2.455384e-01 -3.022015e-01  3.462177e+02  5.000000e-01  9.421893e-01  3.275089e-01  1.790288e+00  2.668749e-01
 1.322012e-03 -2.049577e-03  1.199787e-05  3.749949e+02  1.000000e+00  3.041696e+02  4.216667e+01  8.237494e+01  3.011745e+02
1 -8.377215e-01  2.595399e+00  0.000000e+00  3.384480e+00  0.000000e+00  9.323940e+00 0 2 -1.000000e+00
-3.900795e-01  8.014077e+00  3.608575e+00  0.000000e+00  0.000000e+00  4.390339e-01  1.937254e-01 -5.973299e-03  4.311626e-04
2  1.198370e+00  7.031699e-01  7.771635e+00  5.207873e+00  3.531414e-01  1.594050e+01 6 3 -1.000000e+00
 5.929875e+00  3.016640e+00  3.761373e+00  0.000000e+00  0.000000e+00  4.570085e-01  5.377301e-02 -1.615173e-01  4.066208e-04
-1.063241e+00 -3.737341e-01 -1.328297e+00  1.234005e+03  5.000000e-01  1.546184e+00 -8.499055e-01 -5.734298e-01  6.734461e-02
3 -4.287658e-01  3.862875e-01  1.671504e+00  7.046225e-01  1.497921e-01  1.477270e+01 6 1 -1.000000e+00
-7.883073e-01  1.137477e+00  1.644311e+00  0.000000e+00  0.000000e+00  2.110016e-01 -7.517354e-02  9.332665e-02  2.119267e-03
 2.471359e-01 -1.746903e-01 -2.463047e-01  1.421728e+02  5.000000e-01  7.336113e-01 -7.722959e-01  1.880036e+00  2.022037e-01
 8.020230e-04 -5.940743e-04  3.951328e-06  1.734938e+02  1.000000e+00  5.182429e+02 -6.910154e+01  9.841605e+01  5.162925e+02
3  1.303321e-02 -1.550760e-01  4.812812e-01  2.006051e-01  2.789112e-01  1.778680e+01 6 1 -1.000000e+00
-1.094157e-01 -3.967252e-01  1.753034e+00  0.000000e+00  0.000000e+00  2.259951e-01  9.490668e-02  1.401317e-01  1.226495e-02
-1.779626e-03  7.236546e-02 -4.889409e-01  1.534840e+01  5.000000e-01  9.933203e-01  1.319500e+00  5.515438e-01  5.651621e-01
 1.536359e-03  8.729608e-03  9.961104e-03  1.577751e+01  1.000000e+00  1.178343e+01  3.014508e+00 -2.608579e+00  1.108972e+01
1 -1.745252e-02 -3.551081e-02  0.000000e+00  7.795168e-02  0.000000e+00  2.513660e+00 0 2 -1.000000e+00
-1.886986e-02 -1.225924e-01  3.623906e+00  0.000000e+00  0.000000e+00  3.711391e-01  3.219811e-01 -1.258920e-01  2.055539e-01
1  8.894946e+00 -8.687231e+00  0.000000e+00  3.502465e+00  0.000000e+00  1.092560e+01 0 2  2.796491e-01
 6.737582e+00 -4.279669e+00  3.494452e+00  0.000000e+00  0.000000e+00  3.350159e-01 -2.362335e-02  3.943068e-01  8.635614e-05
3 -7.170176e-01 -2.729562e+00  1.997643e+00  9.812319e-01  5.285380e-01  1.409780e+01 6 3  2.942788e-01
-1.560728e-01 -1.336527e+00  3.109265e+00  0.000000e+00  0.000000e+00  3.178709e-01  3.757946e-01 -4.958961e-02  5.155841e-03
 1.888889e-01  6.311062e-01 -1.643365e+00  9.299026e+01  5.000000e-01  7.256925e-01  6.947758e-01 -4.483736e-01  3.635923e-02
 2.701788e-04  2.061713e-03  4.014234e-05  1.295112e+02  1.000000e+00  1.641365e+02  4.079967e+01 -6.126960e+00  1.571982e+02
3 -3.113863e-01 -6.850926e-01  2.040495e+00  9.927728e-01  1.211524e-01  9.348360e+00 6 1 -1.000000e+00
-6.714514e-01 -1.572514e+00  2.002711e+00  0.000000e+00  0.000000e+00  2.757101e-01  1.149634e-01 -1.098003e-01  2.425458e-03
 1.988938e-03  3.337543e-03  5.652634e-05  3.965634e+02  1.000000e+00  1.354364e+02 -3.911374e+00 -1.915663e+01  1.337871e+02
 1.550074e-01  2.931193e-01 -2.426333e-01  3.547405e+02  5.000000e-01  8.675009e-01  1.214833e+00 -1.631926e+00  2.416283e-01
3 -6.312715e-02 -4.820826e-02  1.904252e-01  7.672266e-02  6.161132e-02  1.475340e+01 6 2 -1.000000e+00
-8.675377e-02 -1.507281e-01  3.247916e+00  0.000000e+00  0.000000e+00  3.788991e-01 -7.338027e-02 -2.692433e-01  8.108851e-03
 4.104633e-03  3.543555e-03  2.581412e-02  4.394709e+00  1.000000e+00  8.224342e+00 -4.772679e-01 -3.636598e+00  7.251267e+00
 1.361864e-02  1.109626e-02 -2.001084e-01  4.378023e+00  5.000000e-01  2.198364e+00 -7.007961e-01 -2.437674e+00  1.438786e+00
3  1.280457e-02 -4.021452e-02  2.199727e-01  1.235101e-01  3.896880e-01  1.553900e+01 6 1 -1.000000e+00
-1.623430e-02 -1.546495e-01  1.925825e+00  0.000000e+00  0.000000e+00  2.233558e-01  2.875391e-01  3.520771e-02  1.909488e-02
-4.918147e-02  6.284172e-02 -7.504709e-01  4.132649e+00  5.000000e-01  4.436315e-01  2.563464e-01  1.255519e+00  1.717956e-01
-8.964994e-05  1.987240e-04  3.845429e-05  7.182549e+00  1.000000e+00  1.643549e+02  1.269433e+00  2.604415e+01  1.636591e+02
3 -1.410829e+00  1.419949e-02  7.489376e+00  3.277690e+00  5.531291e-01  1.025030e+01 6 3 -1.000000e+00
-5.944856e+00 -1.337841e-01  3.791538e+00  0.000000e+00  0.000000e+00  4.593926e-01 -1.582279e-01 -5.894999e-02  6.159350e-03
 1.542799e+00 -2.943540e-01 -2.097210e+00  6.938438e+02  5.000000e-01  1.065708e+00 -6.415148e-01  2.638187e-01  1.926742e-01
 1.187427e-01 -1.455328e-02  1.780149e-02  7.260784e+02  1.000000e+00  9.039427e+00 -2.630814e+00  1.239411e+00  7.366427e+00
2  6.121285e-01  6.428149e-02  2.330319e+00  7.398694e-01  2.999514e-01  1.545680e+01 6 1 -1.000000e+00
-4.599284e-01 -1.624640e-03 -6.013817e-01  3.129027e+02  5.000000e-01  6.451666e-01 -1.329780e+00  1.429277e-01  3.407268e-02
 1.784618e+00  6.247905e-01  2.004930e+00  0.000000e+00  0.000000e+00  2.835359e-01 -9.477287e-02  7.462253e-02  5.605397e-04
2 -1.364631e+00 -2.783422e-01  4.499515e+00  3.033203e+00  1.312995e-02  1.931150e+01 6 2 -1.000000e+00
-3.897752e+00 -1.733930e+00  3.234809e+00  0.000000e+00  0.000000e+00  4.128940e-01 -1.115735e-01 -1.520117e-01  3.141623e-04
 2.398089e-01  3.418169e-02 -4.247288e-02  1.695767e+03  5.000000e-01  3.724120e+00 -5.346833e+00 -1.541634e+00  1.507831e+00
3  2.698988e-01  5.139568e-01  1.410173e+00  6.930680e-01  1.400165e-01  1.713780e+01 6 1 -1.000000e+00
 3.536046e-01  1.032558e+00  1.630907e+00  0.000000e+00  0.000000e+00  1.505080e-01  2.115500e-01 -2.524434e-01  2.262166e-02
-1.762318e-01 -2.742937e-01 -2.283540e-01  3.582332e+01  5.000000e-01  7.523944e-01  9.041130e-01 -1.903432e+00  5.527393e-01
-3.984164e-03 -6.369166e-03  2.773766e-04  4.148509e+01  1.000000e+00  6.314726e+01  3.872532e+00 -1.555889e+01  6.271425e+01
2  1.034143e+00 -2.175880e+00  1.649977e+00  8.295113e-01  3.130431e-01  1.319620e+01 6 1  2.882167e-01
-4.481595e-01 -1.219761e-01 -7.916179e-01  1.100177e+02  5.000000e-01  8.854006e-01 -9.798105e-01 -5.624411e-01  4.616863e-02
 1.197202e+00  1.357775e-03  2.528782e+00  0.000000e+00  0.000000e+00  2.942895e-01 -3.104418e-01  7.877843e-02  2.464841e-03
3 -4.716124e-01  1.261463e-01  9.194465e-01  4.932781e-01  2.068408e-02  1.246950e+01 6 2 -1.000000e+00
-6.935562e-01  2.053466e-01  3.856676e+00  0.000000e+00  0.000000e+00  2.522155e-01 -4.825268e-01  2.589574e-01  1.333872e-02
 1.877372e-01 -5.676764e-02 -7.977180e-02  1.358090e+02  5.000000e-01  8.818120e-01 -3.018701e+00  1.853961e+00  5.112935e-01
 7.596779e-04 -2.595271e-04  2.686334e-06  1.756356e+02  1.000000e+00  6.519301e+02 -1.609721e+02  1.598231e+02  6.509968e+02
3 -4.574974e-01 -1.906029e-01  1.903850e+00  8.956442e-01  1.120752e-01  1.801280e+01 6 1 -1.000000e+00
-1.622289e+00  3.285886e-01  2.413323e+00  0.000000e+00  0.000000e+00  3.276038e-01 -1.919927e-01  2.981871e-02  1.154517e-03
 2.772179e-01  2.000600e-01 -2.704737e-01  3.767688e+02  5.000000e-01  1.476399e+00 -5.332624e-01 -1.907827e+00  2.270516e-01
 2.255772e-03  1.367713e-03  3.460326e-05  4.240841e+02  1.000000e+00  1.823731e+02 -1.255684e+01 -6.196385e+01  1.788019e+02
3  7.495731e-02  3.894632e-01  8.260677e-01  7.168189e-01  4.468248e-02  1.370670e+01 6 2 -1.000000e+00
 2.433767e-01  6.311761e-01  5.860422e+00  0.000000e+00  0.000000e+00  2.859917e-01  5.137189e-01 -2.743439e-01  1.178561e-02
-3.340237e-02 -1.471434e-01 -2.618582e-01  3.813305e+01  5.000000e-01  9.673182e-01  1.812177e+00 -7.320818e-01  4.615175e-01
-3.394397e-03 -1.225763e-02  4.983021e-03  3.985997e+01  1.000000e+00  1.520050e+01 -4.030080e-01 -9.001536e-01  1.429741e+01
5 -3.362870e-02 -1.474009e-02  3.990904e-01  2.476929e-01  1.000000e+00  1.746370e+01 6 3 -1.000000e+00
 1.560365e-01  6.343952e-02 -1.507980e+00  2.295990e+00  5.000000e-01  6.948496e-01 -5.901610e-01 -6.387219e-01  3.019817e-01
-2.353923e-01  2.054624e-02  1.200188e+01  0.000000e+00  0.000000e+00  4.474547e-01 -4.609821e-01  9.737362e-02  8.598123e-02
-1.754984e-01 -1.478650e-01  4.391218e+01  3.250453e-02  0.000000e+00  4.309614e-01 -1.561856e-02 -5.484416e-01  1.061945e-01
-1.983059e-01 -1.201760e-01 -4.861078e+01  3.315611e-02  5.000000e-01  4.597601e-01 -1.956560e-01 -5.235928e-01  1.282737e-01
 9.681916e-04  3.884865e-04  5.992640e-04  4.649472e+00  1.000000e+00  4.617115e+01 -1.447950e+01 -1.273042e+01  4.492034e+01
3  1.045871e-01  2.214840e-01  1.662280e+00  7.120900e-01  2.273898e-01  9.466490e+00 6 1  2.707659e-01
 1.263611e+00 -6.651803e-01  1.728113e+00  0.000000e+00  0.000000e+00  1.951536e-01  1.140945e-01  2.368419e-01  9.515307e-04
-1.652457e-01  1.842561e-01 -3.929552e-01  3.803003e+02  5.000000e-01  1.177242e+00  2.486171e-01  1.585694e+00  2.115845e-01
-2.235450e-03  2.997577e-03  5.677786e-05  4.046730e+02  1.000000e+00  1.468850e+02  2.579518e+01  5.481363e+01  1.419794e+02
1  3.575578e-01  1.558010e+00  0.000000e+00  1.323199e+00  0.000000e+00  7.982000e+00 0 2 -1.000000e+00
 2.689432e-01  3.182588e+00  3.287795e+00  0.000000e+00  0.000000e+00  3.892387e-01  2.469471e-01 -8.883293e-02  6.203917e-03
3 -1.974081e-02  4.079819e-01  1.163147e+00  5.335774e-01  2.993090e-01  1.712380e+01 6 1 -1.000000e+00
 6.494392e-02 -2.465808e-01 -4.689177e-01  3.456145e+01  5.000000e-01  9.257604e-01  1.362568e+00  5.305566e-01  6.803794e-01
-4.100846e-02  9.117308e-01  1.566668e+00  0.000000e+00  0.000000e+00  1.719409e-01  2.152273e-01 -3.258198e-02  2.681184e-02
 5.150509e-03 -1.830176e-02  4.506930e-03  3.690058e+01  1.000000e+00  1.709198e+01  3.712861e+00  4.825540e+00  1.664260e+01
3 -5.167973e-01 -4.300026e-01  2.128135e+00  8.526493e-01  2.456935e-01  9.349530e+00 6 1 -1.000000e+00
-1.623943e+00 -7.230002e-01  1.642843e+00  0.000000e+00  0.000000e+00  2.086372e-01 -1.511742e-02 -1.316270e-01  4.737341e-03
 2.469518e-01  2.912539e-01 -4.036359e-01  1.386700e+02  5.000000e-01  9.657751e-01  4.634191e-01 -1.504624e+00  2.727145e-01
 7.733358e-03  6.266750e-03  4.708244e-04  1.504403e+02  1.000000e+00  4.801988e+01 -2.182212e+00 -9.064919e+00  4.599677e+01
3 -4.574798e-02 -5.746521e-01  2.378688e+00  1.005216e+00  4.002513e-01  1.643470e+01 6 1 -1.000000e+00
 1.988817e-01 -1.880366e+00  1.851273e+00  0.000000e+00  0.000000e+00  2.582044e-01  9.634538e-02  2.845323e-02  3.069020e-03
 1.738797e-01  4.981910e-01 -7.409746e-01  2.856706e+02  5.000000e-01  8.808686e-01  7.954908e-01 -8.549624e-01  1.213570e-01
 3.748271e-04  3.123886e-03  4.248254e-05  3.397977e+02  1.000000e+00  1.587686e+02  3.428538e+01 -1.328014e+01  1.558071e+02
2 -4.696703e-01 -2.200871e-01  3.388108e+00  1.151934e+00  4.496356e-01  1.534830e+01 6 1 -1.000000e+00
-2.737978e+00 -4.378394e-01  2.309071e+00  0.000000e+00  0.000000e+00  3.408280e-01  2.793106e-02 -2.555546e-02  1.004675e-03
 4.369349e-01  7.450391e-01 -1.038241e+00  2.226762e+02  5.000000e-01  7.367524e-01  6.620335e-01 -7.708300e-01  4.126866e-02
2  2.858217e-01  5.035872e-01  1.894857e+00  6.997484e-01  1.188219e-01  1.387010e+01 6 1 -1.000000e+00
 1.364413e+00  8.341239e-01  1.685360e+00  0.000000e+00  0.000000e+00  2.181830e-01  1.203870e-01 -5.830697e-02  2.103517e-03
-1.115012e-01 -3.542188e-01 -2.002577e-01  2.352705e+02  5.000000e-01  7.595738e-01  1.974015e+00 -1.074540e+00  1.805234e-01
3 -4.474090e-01  4.472167e-02  1.207583e+00  4.873979e-01  1.110612e-01  9.775590e+00 6 1 -1.000000e+00
-9.835157e-01 -1.745006e-01  1.572460e+00  0.000000e+00  0.000000e+00  1.954659e-01 -5.723965e-02  8.973479e-02  4.264751e-03
 1.062941e-03 -1.369028e-04  7.316241e-06  1.563735e+02  1.000000e+00  3.821054e+02 -8.713510e+01  3.108964e+01  3.811179e+02
 2.173005e-01 -4.684237e-02 -1.746393e-01  1.276131e+02  5.000000e-01  6.907542e-01 -2.112369e+00  1.166027e+00  3.200469e-01
3  6.962917e-02  3.224203e-02  4.478508e-01  1.506157e-01  4.411310e-01  1.386420e+01 6 3 -1.000000e+00
 2.942694e-01  1.220636e-01  1.919347e+00  0.000000e+00  0.000000e+00  2.766792e-01 -1.663705e-02 -4.365301e-02  5.016341e-03
-9.097279e-02 -1.063194e-01 -4.350968e+00  1.578310e+01  5.000000e-01  4.508543e-01  2.202403e-01 -6.949022e-01  6.697223e-02
-3.031385e-04 -1.750940e-04  4.254082e-05  2.408162e+01  1.000000e+00  1.550232e+02  1.439182e+01 -3.031297e+00  1.537648e+02
3 -4.969954e-01  1.191250e-01  1.250714e+00  4.903904e-01  1.373569e-01  1.246580e+01 6 1 -1.000000e+00
-9.632051e-01  2.903851e-01  1.566214e+00  0.000000e+00  0.000000e+00  1.807140e-01 -1.552844e-01  9.291904e-02  5.476760e-03
 2.014330e-03 -3.255926e-04  2.907170e-05  8.868794e+01  1.000000e+00  1.883221e+02 -2.602868e+01 -3.789533e+00  1.873899e+02
 2.426366e-01 -4.162553e-02 -2.151302e-01  7.453849e+01  5.000000e-01  6.239713e-01 -2.050274e+00  7.655857e-01  2.807269e-01
2 -9.856411e-01  1.906213e-01  4.396633e+00  2.030127e+00  5.336405e-01  1.319170e+01 6 3 -1.000000e+00
 8.804264e-01 -1.254922e-01 -1.796258e+00  7.044934e+02  5.000000e-01  1.056783e+00 -7.235608e-01  1.907803e-01  2.776482e-02
-3.408544e+00  8.415219e-01  3.366045e+00  0.000000e+00  0.000000e+00  3.821592e-01 -2.627470e-01  1.249266e-01  4.907475e-04
3  9.134856e-02  2.855183e-01  8.356631e-01  3.018722e-01  1.361653e-01  9.531700e+00 6 1 -1.000000e+00
 4.546807e-02  6.873072e-01  1.666057e+00  0.000000e+00  0.000000e+00  2.133968e-01  1.088688e-01 -8.168579e-02  1.908174e-02
-5.541313e-02 -1.422443e-01 -2.268592e-01  4.011441e+01  5.000000e-01  1.220216e+00  1.364131e+00 -1.611106e+00  8.004511e-01
-1.930738e-03 -6.756223e-03  7.690837e-04  4.316511e+01  1.000000e+00  4.101504e+01  1.499080e+01 -8.731015e+00  4.016357e+01
1 -5.360216e-01 -1.076838e-01  0.000000e+00  2.492776e-01  0.000000e+00  1.460780e+01 0 2  2.732952e-01
 7.235721e-02 -6.305335e-01  3.943033e+00  0.000000e+00  0.000000e+00  3.925775e-01  3.109972e-01  1.364953e-01  2.368597e-03
3 -4.502633e-02  4.459668e-01  1.570883e+00  6.451084e-01  3.041878e-01  1.553360e+01 6 1 -1.000000e+00
 1.852132e-01  1.299772e+00  1.419321e+00  0.000000e+00  0.000000e+00  1.424061e-01 -1.234278e-01  1.251830e-01  2.727158e-03
 1.189348e-01 -2.697117e-01 -4.317402e-01  6.459834e+01  5.000000e-01  5.645252e-01  9.311106e-01  1.280187e+00  2.294100e-01
 6.860780e-04 -2.803059e-03  8.573051e-05  7.519007e+01  1.000000e+00  1.102741e+02  2.537816e+00  1.642933e+01  1.092454e+02
1  2.615186e-01  1.163969e-01  0.000000e+00  1.164571e-01  0.000000e+00  1.856470e+01 0 2  3.089062e-01
-2.082005e-01 -3.764969e-01  3.106647e+00  0.000000e+00  0.000000e+00  3.225324e-01  1.941166e-01 -3.152628e-01  1.947011e-03
1  5.230073e-02  4.157960e-02  0.000000e+00  1.907502e-02  0.000000e+00  1.410150e+01 0 2  2.991309e-01
 4.172690e-02  2.181409e-02  4.270826e+00  0.000000e+00  0.000000e+00  4.074060e-01 -2.359850e-01 -2.476531e-01  1.116388e-04
3  1.452145e-01  1.593419e-01  5.502710e-01  3.110796e-01  5.229927e-02  1.534340e+01 6 2 -1.000000e+00
 4.591477e-01  5.656430e-02  4.193132e+00  0.000000e+00  0.000000e+00  3.305908e-01 -2.303119e-01 -3.957018e-01  1.743427e-02
-7.362191e-02 -8.111185e-02 -2.192978e-01  2.103759e+01  5.000000e-01  1.079555e+00  3.098891e-01 -2.114310e+00  4.356352e-01
-3.006616e-03 -2.955903e-03  9.264051e-04  2.304787e+01  1.000000e+00  3.433695e+01 -1.436625e+00 -5.463256e+00  3.291534e+01
1  1.059581e-02 -2.868338e-02  0.000000e+00  1.383969e-02  0.000000e+00  1.746420e+01 0 2 -1.000000e+00
 2.625116e-02 -4.384846e-02  3.637516e+00  0.000000e+00  0.000000e+00  4.034442e-01  2.244329e-01  1.749165e-01  8.078536e-02
3  1.605139e-01 -6.283631e-02  9.042661e-01  3.616438e-01  6.152096e-01  6.164500e+00 6 1 -1.000000e+00
 6.060370e-01 -1.534924e-01  2.260182e+00  0.000000e+00  0.000000e+00  2.948514e-01 -2.117437e-01  9.978378e-02  9.646147e-03
-2.359718e-01  1.762323e-01 -1.390485e+00  5.201928e+01  5.000000e-01  5.840648e-01 -2.530415e-01  9.100249e-01  1.155338e-01
-7.761092e-04  4.729865e-04  3.616899e-05  7.966803e+01  1.000000e+00  1.728694e+02  3.675469e+00  4.333098e+01  1.710643e+02
3 -8.243362e-02 -6.410773e-01  1.435167e+00  5.403760e-01  1.009187e-01  1.256000e+01 6 1 -1.000000e+00
 1.252379e-01 -1.354180e+00  1.796292e+00  0.000000e+00  0.000000e+00  2.479219e-01  8.781258e-02 -3.475937e-02  6.307201e-03
 1.242511e-02  5.587361e-02  9.987618e-02  2.272305e+02  1.000000e+00  7.722273e+00  5.302858e+00 -2.656362e+00  6.821403e+00
 1.737339e-02  7.692799e-02 -1.812795e-01  2.272160e+02  5.000000e-01  5.285428e+00  4.379030e+00 -2.169177e+00  4.449719e+00
3 -7.375378e-02 -4.172010e-02  2.316931e-01  9.429076e-02  3.246540e-01  1.255650e+01 6 1 -1.000000e+00
-1.966933e-01 -5.215616e-02  2.510996e+00  0.000000e+00  0.000000e+00  2.973261e-01 -2.623406e-01 -1.633390e-01  2.751965e-02
 2.179495e-02  2.494493e-02 -8.152047e-01  2.862653e+00  5.000000e-01  2.586401e+00  1.864617e-01 -1.925769e+00  2.057447e+00
 1.422179e-02  1.622018e-02  4.067036e-01  2.863840e+00  1.000000e+00  3.926868e+00  4.694015e-01 -2.426402e+00  3.341516e+00
1 -2.875362e-01  2.005617e-01  0.000000e+00  5.759462e-01  0.000000e+00  1.800720e+01 0 2 -1.000000e+00
-8.162004e-01  2.251427e-01  4.694837e+00  0.000000e+00  0.000000e+00  3.963878e-01 -2.370869e-01  3.084437e-01  4.003286e-02
1  4.818224e-02 -1.151991e-01  0.000000e+00  6.025916e-02  0.000000e+00  1.746510e+01 0 2  2.806651e-01
 1.951344e-02 -1.134885e-01  3.195510e+00  0.000000e+00  0.000000e+00  3.716181e-01  2.814400e-01  5.211724e-02  8.074467e-04
3 -2.253959e-01 -6.822260e-01  1.978471e+00  1.062102e+00  4.453068e-02  1.800250e+01 6 2 -1.000000e+00
-1.392089e-01 -1.662733e+00  4.144379e+00  0.000000e+00  0.000000e+00  4.216875e-01  2.793261e-01 -1.230108e-01  1.877046e-03
 8.731173e-04  1.911497e-03  1.450627e-05  3.415765e+02  1.000000e+00  2.680692e+02  1.025867e+01 -4.780180e+01  2.660011e+02
 1.231647e-01  2.982640e-01 -1.845520e-01  2.971164e+02  5.000000e-01  1.052267e+00  1.684778e+00 -1.607104e+00  2.246146e-01
2  2.976575e+00 -3.349245e-01  3.283218e+00  1.659789e+00  3.687584e-01  1.386950e+01 6 1  2.804548e-01
-2.492851e+00  2.156403e-01  2.443370e+00  0.000000e+00  0.000000e+00  2.565557e-01 -3.573851e-01 -1.253579e-01  5.371085e-04
 7.849504e-01  4.041497e-01 -9.010134e-01  4.776995e+02  5.000000e-01  8.684446e-01 -5.581929e-01 -9.030996e-01  1.144338e-02
3  1.832295e+00 -1.352116e+00  1.027485e+00  4.484194e-01  1.009607e-01  1.672040e+01 6 1  2.872915e-01
 8.287028e-01 -4.031659e-01  1.924885e+00  0.000000e+00  0.000000e+00  2.749913e-01 -1.446420e-02  7.692206e-02  2.178142e-03
-4.821555e-03  3.381401e-03  6.109564e-04  6.559591e+01  1.000000e+00  4.590870e+01 -8.376582e+00  1.760244e+01  4.259944e+01
-8.069379e-02  7.508525e-02 -1.943377e-01  6.390854e+01  5.000000e-01  1.905194e+00  2.027716e-01  2.433915e+00  5.211690e-01
2 -3.518998e+00 -1.293426e+00  2.634703e+00  1.607251e+00  2.286448e-02  1.038240e+01 6 2  2.730833e-01
-2.094040e+00 -9.382221e-01  7.556830e+00  0.000000e+00  0.000000e+00  3.762051e-01 -2.982052e-01 -4.097110e-01  7.497466e-04
 2.990349e-01  1.639819e-01 -1.727830e-01  6.277478e+02  5.000000e-01  1.897709e+00 -1.331383e+00 -2.195657e+00  1.754358e-01
3  7.988808e-02  3.358851e-01  1.000415e+00  3.296544e-01  1.752929e-01  1.405920e+01 6 1 -1.000000e+00
 1.485581e-02  8.369094e-01  1.835006e+00  0.000000e+00  0.000000e+00  2.462677e-01  1.250723e-01 -8.667127e-02  7.364494e-03
-1.867301e-02 -1.629433e-01 -3.216636e-01  8.261923e+01  5.000000e-01  1.005198e+00  1.481779e+00 -9.556138e-01  4.286005e-01
 8.207135e-04 -7.355631e-03  6.379372e-04  8.790490e+01  1.000000e+00  4.769963e+01  2.157960e+01  1.215008e+01  4.644148e+01
3 -1.503331e-01 -1.076022e-02  7.094377e-01  3.031871e-01  3.464324e-01  1.746820e+01 6 1 -1.000000e+00
-5.288653e-01  1.033690e-01  1.757925e+00  0.000000e+00  0.000000e+00  2.414799e-01 -8.050889e-02 -4.310290e-03  1.097207e-02
 1.805306e-01  9.567024e-02 -6.090021e-01  3.076859e+01  5.000000e-01  7.880348e-01 -6.138271e-01 -1.144629e+00  4.076007e-01
 2.282260e-03  7.207877e-04  2.659953e-04  3.926169e+01  1.000000e+00  6.858873e+01 -1.659177e+01 -2.309727e+01  6.758679e+01
3  1.279841e-01 -1.503561e-01  8.172726e-01  4.282326e-01  7.927463e-02  1.477440e+01 6 2  2.708870e-01
-5.055474e-01 -4.977038e-01  3.033311e+00  0.000000e+00  0.000000e+00  3.666574e-01  4.087911e-02 -2.641573e-01  1.992510e-03
 4.383362e-02  1.073706e-01 -2.404647e-01  8.272006e+01  5.000000e-01  1.791343e+00  1.671029e+00 -1.411560e+00  2.763408e-01
 1.096910e-03  2.075953e-03  1.278218e-04  8.749595e+01  1.000000e+00  9.554032e+01  1.715986e+01 -2.863602e+01  9.102461e+01
1 -1.122217e+00  1.178544e+00  0.000000e+00  7.080302e-01  0.000000e+00  1.592730e+01 0 2  3.018851e-01
-8.648549e-01  7.798280e-01  3.265062e+00  0.000000e+00  0.000000e+00  3.328677e-01  1.001992e-01  3.588214e-01  4.381371e-02
3 -2.897322e-01 -1.316259e+00  5.215376e+00  1.768376e+00  2.268536e-01  1.799460e+01 6 1 -1.000000e+00
-1.705608e+00 -3.613362e+00  2.147889e+00  0.000000e+00  0.000000e+00  2.970512e-01  1.454276e-01 -8.610686e-02  8.699989e-03
 8.169476e-02  1.286199e+00 -4.872563e-01  2.836917e+02  5.000000e-01  8.653713e-01  1.435917e+00 -9.260960e-02  3.290642e-01
 1.086045e-03  9.446579e-03  4.205973e-05  3.561904e+02  1.000000e+00  1.743548e+02  7.873289e+01 -8.792689e+00  1.726556e+02
3 -4.074967e-01  4.775762e-01  1.558446e+00  7.373460e-01  2.046398e-01  1.474680e+01 6 1 -1.000000e+00
-1.064508e+00  8.413896e-01  1.491913e+00  0.000000e+00  0.000000e+00  1.702135e-01  9.281581e-02  9.823803e-02  1.531677e-02
 1.428934e-01 -1.439710e-01 -3.053049e-01  6.380021e+01  5.000000e-01  1.490543e+00  3.374477e-01  1.844499e+00  1.133096e+00
 3.232377e-02 -2.842720e-02  1.744396e-02  6.451220e+01  1.000000e+00  9.485916e+00 -9.034150e-01  3.723999e+00  8.955790e+00
3 -1.720055e+00  2.402501e+00  2.088383e+00  1.426623e+00  2.387169e-01  6.212750e+00 6 1  2.931767e-01
 5.308797e-01 -1.234194e-02 -6.158846e-01  1.199658e+02  5.000000e-01  1.350852e+00 -1.320632e+00  5.205500e-02  1.759905e-01
-1.234684e+00  1.103063e+00  2.579979e+00  0.000000e+00  0.000000e+00  3.148488e-01 -5.676380e-02  2.803746e-01  2.395089e-03
 1.392188e-02 -4.040399e-04  9.788635e-04  1.324802e+02  1.000000e+00  3.804836e+01 -1.859934e+01 -2.247876e+00  3.339311e+01
3 -5.045632e-01  4.153954e-01  1.931454e+00  5.290810e-01  2.191268e-01  1.611520e+01 6 1 -1.000000e+00
-1.311812e+00  9.646426e-01  1.519269e+00  0.000000e+00  0.000000e+00  1.885551e-01 -3.805607e-03 -1.473513e-02  2.543773e-03
 1.962823e-01 -2.420750e-01 -3.329126e-01  1.879542e+02  5.000000e-01  7.949061e-01  2.120826e-01  1.732304e+00  3.261225e-01
 3.380906e-03 -4.716932e-03  1.429080e-04  2.062059e+02  1.000000e+00  8.948574e+01  2.286400e+01  1.759133e+01  8.829653e+01
3  5.538093e-02  4.130509e-01  9.033511e-01  4.114846e-01  3.051606e-02  1.092920e+01 6 2 -1.000000e+00
-6.142274e-02  7.158987e-01  4.304017e+00  0.000000e+00  0.000000e+00  3.055449e-01  4.972205e-01 -5.194834e-02  4.063348e-03
-4.616570e-02 -1.873235e-01 -1.313416e-01  7.208689e+01  5.000000e-01  8.243065e-01  2.624042e+00 -8.712088e-01  3.127169e-01
-5.311133e-04 -1.122924e-03  9.110121e-06  8.931290e+01  1.000000e+00  3.724415e+02  4.696594e+01 -1.612294e+02  3.709974e+02
3  7.418000e-02 -1.818813e-01  1.033187e+00  4.259706e-01  8.807319e-01  1.800290e+01 6 1 -1.000000e+00
 2.987311e-01 -6.169202e-01  1.947515e+00  0.000000e+00  0.000000e+00  2.206018e-01  1.579404e-01  2.627573e-01  3.573065e-02
-2.438129e-02  3.644433e-01 -1.715238e+00  1.676426e+01  5.000000e-01  5.007242e-01  8.917886e-01  1.923506e-01  2.557377e-01
-7.223542e-04  4.114716e-03  7.031193e-04  2.404956e+01  1.000000e+00  4.007012e+01  9.591819e+00 -3.498219e+00  3.940134e+01
5  8.016262e-01  3.272991e-01  3.974714e+00  2.965157e+00  1.000000e+00  1.135410e+01 6 3 -1.000000e+00
 2.563271e+00 -1.301198e+00  5.085665e+00  4.706075e+01  0.000000e+00  5.026735e-01 -1.709635e-01  1.465401e-01  6.877654e-03
 2.633946e+00  1.912335e-01 -5.104683e+00  6.295527e+01  5.000000e-01  7.533237e-01 -4.814629e-01 -1.579280e-01  4.247161e-03
 1.291465e+00  2.464550e+00  3.750265e+00  0.000000e+00  0.000000e+00  4.096644e-01  1.364296e-01 -2.514662e-01  1.374729e-03
-4.915102e-01 -1.180194e-01 -2.745735e-01  4.371309e+02  5.000000e-01  1.840095e+00 -1.760652e+00 -1.117084e+00  2.729598e-01
-1.708639e-02 -2.339420e-03  7.045312e-04  4.607607e+02  1.000000e+00  4.215061e+01 -1.649608e+01  1.367054e+00  3.878937e+01
3  3.122769e-01 -8.433572e-01  2.019893e+00  9.444464e-01  2.336397e-02  7.186810e+00 6 2 -1.000000e+00
 8.569735e-01 -1.587573e+00  3.416533e+00  0.000000e+00  0.000000e+00  3.774641e-01  2.033717e-01  2.312931e-01  2.837635e-03
-3.502004e-03  6.991464e-03  1.414517e-04  3.015013e+02  1.000000e+00  9.035861e+01  1.321173e+01  2.721875e+01  8.825933e+01
-8.106618e-02  2.012951e-01 -7.982377e-02  2.890987e+02  5.000000e-01  1.828443e+00  2.832969e+00  2.277762e+00  8.008629e-01
2 -4.159220e-01 -3.924290e-02  1.074253e+00  5.360264e-01  1.056424e-01  1.747100e+01 6 1 -1.000000e+00
-8.507636e-01 -7.927637e-02  1.701053e+00  0.000000e+00  0.000000e+00  2.122431e-01 -1.803128e-01 -1.331414e-02  7.891503e-03
 2.181883e-01  2.731032e-02 -1.797034e-01  1.034693e+02  5.000000e-01  7.493168e-01 -2.307131e+00 -5.520103e-01  3.677898e-01
2  1.834067e-01  2.612024e-01  9.521705e-01  3.548467e-01  8.642883e-02  1.474110e+01 6 2 -1.000000e+00
 2.609264e-01  6.717570e-01  3.322670e+00  0.000000e+00  0.000000e+00  3.291853e-01  1.738443e-01 -3.446850e-01  4.556193e-03
-1.313428e-01 -1.958566e-01 -2.871745e-01  1.022951e+02  5.000000e-01  6.092581e-01  5.263312e-01 -1.832446e+00  7.697685e-02
2  2.961315e-01  4.549377e-01  1.947729e+00  6.109576e-01  1.534422e-01  1.745920e+01 6 1 -1.000000e+00
 1.380484e+00  9.865060e-01  1.597425e+00  0.000000e+00  0.000000e+00  2.020025e-01  1.003833e-01  2.675097e-02  7.828014e-04
-1.003407e-01 -2.787248e-01 -2.451123e-01  3.773840e+02  5.000000e-01  1.027669e+00  1.745484e+00 -1.016767e+00  1.992192e-01
3  2.088881e-01 -7.106735e-02  1.476981e+00  6.414009e-01  6.143712e-01  1.930760e+01 6 3 -1.000000e+00
 9.052415e-01 -2.685836e-01  3.161664e+00  0.000000e+00  0.000000e+00  3.141110e-01 -3.037015e-01  2.488371e-01  1.036815e-01
-5.135944e-01  1.417534e-01 -5.146178e+00  1.255712e+01  5.000000e-01  5.777300e-01 -4.942096e-01  3.583124e-01  3.206097e-01
-2.280943e-02  5.999735e-03  2.828485e-02  1.586918e+01  1.000000e+00  6.961912e+00 -3.536220e-01 -2.544092e-01  6.446880e+00
1  3.568260e+00  8.942875e-01  0.000000e+00  4.176928e+00  0.000000e+00  1.847210e+01 0 2 -1.000000e+00
 9.100907e+00  3.385236e-01  3.619435e+00  0.000000e+00  0.000000e+00  4.078920e-01 -2.550618e-01 -9.617222e-02  6.518337e-03
1 -1.063234e+00 -1.133296e+00  0.000000e+00  1.552421e+00  0.000000e+00  8.554630e+00 0 2 -1.000000e+00
-3.014111e+00 -1.704201e+00  3.470235e+00  0.000000e+00  0.000000e+00  3.996081e-01 -9.526218e-02 -2.514570e-01  1.642836e-03
3  7.638582e-02 -4.171884e-01  1.367092e+00  4.350126e-01  1.400062e-01  1.368330e+01 6 1 -1.000000e+00
 3.295331e-01 -1.182012e+00  1.604712e+00  0.000000e+00  0.000000e+00  1.977314e-01 -1.105780e-01 -9.078909e-02  1.116097e-03
-5.935717e-04  3.811607e-03  1.805397e-04  1.348697e+02  1.000000e+00  7.732884e+01  1.653757e+01  3.695195e+00  7.579693e+01
-1.618626e-02  1.406439e-01 -2.246697e-01  1.289932e+02  5.000000e-01  1.095678e+00  2.076243e+00  3.864563e-01  4.304063e-01
3  3.470242e-01  5.348872e-01  2.096261e+00  9.291005e-01  2.466579e-01  1.410640e+01 6 1 -1.000000e+00
 6.035350e-01  1.606161e+00  1.582820e+00  0.000000e+00  0.000000e+00  2.033851e-01 -3.393912e-02 -4.073596e-02  7.229092e-03
-2.993556e-01 -2.856889e-01 -3.904150e-01  1.327388e+02  5.000000e-01  8.091269e-01 -1.763022e-01 -1.602101e+00  4.118094e-01
-5.989674e-03 -7.062988e-03  3.597724e-04  1.489049e+02  1.000000e+00  5.584786e+01 -2.571159e+00 -1.490443e+01  5.494430e+01
1  3.550095e+00 -1.090825e-01  0.000000e+00  5.704520e+00  0.000000e+00  1.594040e+01 0 2 -1.000000e+00
 8.547065e+00  1.270861e+00  5.050096e+00  0.000000e+00  0.000000e+00  4.250213e-01 -3.641186e-01  1.450454e-03  4.047266e-05
1  8.415778e-01  1.638045e+00  0.000000e+00  8.375527e-01  0.000000e+00  1.592960e+01 0 2 -1.000000e+00
 1.384514e+00  2.126241e+00  4.542341e+00  0.000000e+00  0.000000e+00  3.672709e-01  2.004496e-01 -3.741862e-01  2.032709e-03
3 -6.702198e-02 -9.650929e-02  5.048896e-01  2.005574e-01  2.895874e-01  1.632970e+01 6 3 -1.000000e+00
-2.541990e-01 -2.846888e-01  3.412327e+00  0.000000e+00  0.000000e+00  4.038041e-01  3.999939e-02 -2.465655e-01  7.505803e-03
 5.209769e-02  1.166787e-01 -9.881669e-01  2.227127e+01  5.000000e-01  8.516450e-01  5.824315e-01 -8.335212e-01  1.904805e-01
 1.014271e-03  2.869358e-03  1.204901e-03  2.566085e+01  1.000000e+00  3.155528e+01  1.013194e+01 -1.012649e+00  2.994630e+01
3 -1.307426e+00 -4.466499e+00  2.202592e+00  1.025580e+00  4.246789e-01  1.713780e+01 6 1  3.029413e-01
-7.744615e-01 -1.494659e+00  2.288806e+00  0.000000e+00  0.000000e+00  2.900408e-01  1.037386e-01 -2.374266e-01  4.526299e-03
 3.394425e-01  4.055070e-01 -9.720077e-01  1.172074e+02  5.000000e-01  9.863427e-01  1.036082e-01 -1.009084e+00  1.094748e-01
 5.645540e-03  7.587854e-03  4.635187e-04  1.311137e+02  1.000000e+00  5.031085e+01  4.539526e+00 -1.592301e+01  4.580388e+01
3  5.520484e-02  4.272903e-01  1.033674e+00  4.000045e-01  1.072757e-01  1.553420e+01 6 1 -1.000000e+00
 1.123552e-01  9.314517e-01  1.511068e+00  0.000000e+00  0.000000e+00  1.856680e-01  3.659811e-02  3.684764e-03  6.639384e-03
-1.370904e-02 -9.450598e-02 -1.621008e-01  4.382551e+01  5.000000e-01  2.200764e+00  2.637119e+00 -8.102082e-01  1.635183e+00
-2.995078e-03 -2.180677e-02  9.709561e-03  4.409416e+01  1.000000e+00  1.300381e+01  6.152827e+00 -1.800823e+00  1.217018e+01
3 -9.773242e-01  3.474062e-01  2.885969e+00  1.536126e+00  3.419334e-01  1.591270e+01 6 1  2.801705e-01
-5.296332e-01 -2.414846e+00  1.720661e+00  0.000000e+00  0.000000e+00  2.226668e-01  1.227990e-01  8.941691e-02  5.411328e-04
-3.868718e-01  4.675898e-01 -5.883515e-01  2.765001e+02  5.000000e-01  1.124544e+00  6.803396e-02  1.307879e+00  4.707205e-02
-1.074398e-03  2.170135e-03  2.598852e-05  3.142599e+02  1.000000e+00  2.000285e+02 -5.514160e+00  3.321766e+01  1.937607e+02
1  1.667065e+00 -3.037301e+00  0.000000e+00  1.984995e+00  0.000000e+00  1.553700e+01 0 2  2.800443e-01
-2.361641e+00 -3.808013e+00  3.620428e+00  0.000000e+00  0.000000e+00  4.228129e-01 -2.252752e-02 -2.375439e-01  9.454026e-04
1  9.248741e-02 -5.334514e-01  0.000000e+00  2.040212e-01  0.000000e+00  1.630860e+01 0 2  2.916097e-01
 1.181334e-01  3.252532e-01  3.923127e+00  0.000000e+00  0.000000e+00  4.277360e-01  2.523237e-01 -9.444626e-02  2.789677e-02
3 -2.586437e+00  2.344139e+00  2.528125e+00  1.200733e+00  9.640153e-01  1.746970e+01 6 1  3.116822e-01
-3.440324e-01 -1.795329e+00  2.128300e+00  0.000000e+00  0.000000e+00  2.787763e-01  2.152408e-01  6.305912e-02  2.087990e-02
-4.085435e-01  7.319723e-01 -2.051714e+00  5.536913e+01  5.000000e-01  6.023602e-01  2.297635e-01  7.698854e-01  1.054424e-01
-8.410360e-04  1.370857e-02  1.848548e-03  7.277058e+01  1.000000e+00  2.510961e+01  6.310863e+00 -6.936345e-01  2.220510e+01
1  2.468726e-01  1.622925e+00  0.000000e+00  1.051600e+00  0.000000e+00  1.844610e+01 0 2 -1.000000e+00
 2.313526e-01  2.159175e+00  3.074520e+00  0.000000e+00  0.000000e+00  2.490892e-01  4.747874e-01 -1.148473e-01  2.315565e-02
1  3.445929e-01  5.778400e-01  0.000000e+00  4.585125e-01  0.000000e+00  1.534160e+01 0 2 -1.000000e+00
 4.745672e-01  8.399886e-01  3.229154e+00  0.000000e+00  0.000000e+00  2.694572e-01  2.137839e-01 -4.222684e-01  6.835333e-02
3 -8.732553e-01  1.671516e+00  2.430440e+00  1.248587e+00  1.014690e-01  1.515430e+01 6 1  2.811224e-01
 5.685914e-02  2.125855e+00  2.508635e+00  0.000000e+00  0.000000e+00  2.790085e-01  3.415339e-01 -6.752921e-02  3.641899e-03
 2.094620e-02 -3.043191e-01 -2.545486e-01  3.431278e+02  5.000000e-01  2.417536e+00  2.399439e+00  4.250001e-01  5.554899e-01
 1.090172e-03 -4.964938e-02  7.428534e-03  3.462515e+02  1.000000e+00  1.606738e+01  9.577085e+00  8.303199e-01  1.121559e+01
3  2.779402e-01 -4.072732e-01  1.396179e+00  6.182779e-01  1.384445e-01  6.418910e+00 6 1 -1.000000e+00
 2.950009e-01 -1.039303e+00  1.677690e+00  0.000000e+00  0.000000e+00  1.885126e-01  1.121711e-01  2.233196e-01  9.131991e-03
-2.245256e-01  2.566167e-01 -2.322668e-01  1.039340e+02  5.000000e-01  6.392953e-01  1.583773e-01  2.100100e+00  2.970399e-01
-8.098425e-04  1.053335e-03  7.983433e-06  1.397532e+02  1.000000e+00  3.714482e+02  1.395665e+01  1.085252e+02  3.702419e+02
1 -2.819002e-01 -1.181249e-01  0.000000e+00  2.983857e-01  0.000000e+00  1.712670e+01 0 2 -1.000000e+00
-4.526170e-01 -9.052172e-02  3.485984e+00  0.000000e+00  0.000000e+00  3.031930e-01 -3.424543e-01 -2.853104e-01  3.532542e-02
3 -1.498537e+00 -8.608701e-01  5.504696e+00  2.212687e+00  1.595122e-01  4.561880e+00 6 1 -1.000000e+00
-3.949966e+00 -2.326048e+00  2.545904e+00  0.000000e+00  0.000000e+00  3.416733e-01 -1.201474e-01 -1.617741e-01  1.181472e-02
 7.499161e-01  5.397486e-01 -4.061027e-01  4.528566e+02  5.000000e-01  1.362165e+00 -6.430678e-01 -1.476502e+00  6.688687e-01
 6.376260e-02  4.937233e-02  4.073161e-03  4.697240e+02  1.000000e+00  1.883197e+01 -1.065266e+00 -8.445983e+00  1.755731e+01
3 -2.290737e-01  5.780653e-01  1.362029e+00  4.632101e-01  1.100116e-01  5.140070e+00 6 1 -1.000000e+00
-5.292065e-01  9.932955e-01  1.407771e+00  0.000000e+00  0.000000e+00  1.422814e-01  1.229283e-01  1.011280e-01  2.757607e-03
 5.245475e-02 -2.382862e-01 -1.548710e-01  8.099362e+01  5.000000e-01  5.690700e-01  2.195280e+00  1.350345e+00  2.807099e-01
 1.460210e-04 -2.011075e-03  1.811005e-05  9.489146e+01  1.000000e+00  2.491822e+02  6.272042e+01 -4.942252e+01  2.484099e+02
3 -1.357813e-01  6.714094e-02  1.290418e+00  5.543784e-01  8.850307e-01  1.642890e+01 6 1 -1.000000e+00
 2.998440e-01 -4.363536e-01 -2.416750e+00  2.509567e+01  5.000000e-01  4.826099e-01  3.204946e-01  7.607592e-01  8.309228e-02
-8.416708e-01  1.654123e-01  2.730696e+00  0.000000e+00  0.000000e+00  3.268862e-01 -2.551381e-01  1.475796e-01  1.489233e-02
 8.886149e-04 -5.676428e-04  9.387140e-05  5.059103e+01  1.000000e+00  1.049540e+02  1.234366e+01  1.096096e+00  1.032442e+02
5  7.626240e-01  1.494965e-01  1.286329e+01  4.178567e+00  1.000000e+00  1.799810e+01 6 1 -1.000000e+00
 4.192508e-01 -6.187658e+00  2.493896e+00  4.405344e+02  0.000000e+00  3.613574e-01 -6.461991e-02  5.205346e-02  3.516846e-04
 2.976051e+00 -8.835092e-01 -1.684407e+00  1.046766e+03  5.000000e-01  8.660943e-01 -7.222207e-01  3.000145e-01  3.041182e-03
 1.614513e+00  6.619982e+00  2.182504e+00  0.000000e+00  0.000000e+00  3.089662e-01 -1.088185e-01 -8.658498e-02  2.213510e-04
-1.226106e+00  7.599351e-02 -9.533151e-01  1.535082e+03  5.000000e-01  1.500843e+00 -1.122935e+00  1.970583e-01  3.445412e-02
-1.873357e-02 -1.632624e-03  1.091189e-03  1.601102e+03  1.000000e+00  3.278020e+01 -9.647640e+00  6.874890e-01  2.812253e+01
3 -3.991609e-01  3.459046e-01  1.424289e+00  6.768098e-01  1.135238e-01  5.818130e+00 6 1 -1.000000e+00
-8.855279e-01  8.039788e-01  2.002689e+00  0.000000e+00  0.000000e+00  2.647462e-01  1.410367e-02  2.026586e-01  4.906147e-03
 1.834644e-01 -1.372204e-01 -2.273529e-01  1.977871e+02  5.000000e-01  1.137446e+00 -5.682033e-01  2.023483e+00  4.460410e-01
 3.917907e-03 -2.967193e-03  1.368920e-04  2.147959e+02  1.000000e+00  9.118726e+01 -1.140280e+01  2.643277e+01  8.938406e+01
3  5.705617e-01  9.923966e-01  1.402291e+00  4.173417e-01  9.606270e-01  6.604560e+00 6 3  3.120080e-01
 6.424286e-01 -1.483826e-01  3.252705e+00  1.771633e+00  0.000000e+00  4.326989e-01 -3.590717e-02 -1.144760e-01  5.335487e-03
 2.188558e-01  3.303830e-01 -2.242215e+00  3.782416e+00  5.000000e-01  7.951052e-01  2.313513e-01 -6.591253e-01  3.531037e-02
-5.078110e-01  6.537197e-01  3.386022e+00  0.000000e+00  0.000000e+00  4.448230e-01 -5.278780e-02 -1.005145e-01  2.032117e-03
3  1.970105e-01  7.782849e-01  6.121623e+00  3.328946e+00  2.904499e-01  1.368690e+01 6 3 -1.000000e+00
-1.789261e-01 -1.743377e+00 -2.195527e+00  6.050735e+02  5.000000e-01  1.130156e+00  6.718391e-01 -1.450672e-01  1.263541e-02
 3.656749e+00  3.027563e+00  7.559055e+00  0.000000e+00  0.000000e+00  5.584105e-01 -2.590220e-02 -2.490758e-01  7.189851e-04
-1.107318e-04 -8.705359e-03  3.050011e-04  7.213243e+02  1.000000e+00  5.977042e+01  9.331873e-01  1.320662e+01  5.611345e+01
2 -6.180396e-01 -3.377459e-01  1.811759e+00  5.647857e-01  1.032256e-01  1.553940e+01 6 1 -1.000000e+00
-1.332381e+00 -8.134519e-01  1.506801e+00  0.000000e+00  0.000000e+00  1.846000e-01  1.364091e-02  3.214917e-02  6.828107e-04
 2.278435e-01  1.075095e-01 -1.555405e-01  2.030420e+02  5.000000e-01  6.109260e-01 -1.614578e+00 -1.993417e+00  1.394011e-01
3  6.871962e-01 -3.069307e-02  1.403364e+00  7.929019e-01  1.510482e-02  1.777290e+01 6 2 -1.000000e+00
 1.231910e+00  3.396362e-01  3.291011e+00  0.000000e+00  0.000000e+00  3.520848e-01 -3.338653e-01 -6.685922e-02  4.787421e-03
-1.311162e-01  5.586407e-03 -4.971013e-02  2.160543e+02  5.000000e-01  2.931604e+00 -4.836809e+00  6.730512e-01  1.779091e+00
-9.823066e-03  7.358343e-05  3.440007e-04  2.210171e+02  1.000000e+00  6.334967e+01 -3.131122e+01 -3.442825e-01  6.125019e+01
3  1.369892e-01 -2.840235e-01  4.858870e-01  2.582748e-01  2.634311e-01  9.536080e+00 6 1  2.702590e-01
-1.951986e-01 -3.450597e-01  2.772979e+00  0.000000e+00  0.000000e+00  3.511166e-01  2.082512e-02 -2.449348e-01  8.525091e-03
 1.025916e-01  3.887679e-02 -7.304890e-01  2.903575e+01  5.000000e-01  1.164123e+00 -9.685242e-01 -6.766411e-01  2.418738e-01
 4.133805e-03  2.443293e-03  3.150780e-03  3.134499e+01  1.000000e+00  2.009619e+01 -3.673227e+00 -5.812943e+00  1.768250e+01
3  9.135972e-02  9.344280e-03  5.896269e-01  2.458467e-01  4.795686e-01  1.032680e+01 6 3 -1.000000e+00
-2.150918e-01 -1.588701e-01 -1.676968e+00  6.922068e+00  5.000000e-01  5.686035e-01 -5.397883e-01 -7.007468e-01  3.058937e-01
 3.744912e-01 -1.516734e-01  3.496825e+00  0.000000e+00  0.000000e+00  2.712642e-01 -4.283483e-01  2.481934e-01  4.021151e-02
-3.372185e-03 -1.968871e-03  3.269410e-03  1.041955e+01  1.000000e+00  2.017678e+01  3.600496e+00 -6.994268e+00  1.946263e+01
1 -2.481538e-02 -4.572306e-02  0.000000e+00  3.813236e-02  0.000000e+00  1.246220e+01 0 2  2.911233e-01
-1.130084e-01  8.997955e-02  3.588698e+00  0.000000e+00  0.000000e+00  3.401529e-01  3.972440e-02  3.939131e-01  2.354755e-03
3 -3.332373e-03  8.726974e-02  1.188312e+00  5.660697e-01  7.525889e-01  1.253620e+01 6 3 -1.000000e+00
 2.245259e-01 -4.974371e-01 -3.073960e+00  2.091567e+01  5.000000e-01  4.551348e-01  4.786189e-01  6.269891e-01  9.746398e-02
 1.980707e-01  6.905801e-01  4.084514e+00  0.000000e+00  0.000000e+00  3.501505e-01  3.550809e-01 -2.267042e-01  2.984155e-02
 5.429588e-05 -3.804569e-04  2.081715e-05  6.877414e+01  1.000000e+00  2.251735e+02  3.634128e+01  2.992909e+01  2.236954e+02
1 -1.618464e-01 -5.383700e-02  0.000000e+00  1.072377e-01  0.000000e+00  1.552700e+01 0 2  2.771436e-01
 1.109466e-01 -1.759753e-01  3.004968e+00  0.000000e+00  0.000000e+00  3.900449e-01  2.273587e-02  1.968401e-01  1.956326e-03
3  2.312462e-01 -7.167593e-02  6.892435e-01  1.839026e-01  2.114565e-01  1.134830e+01 6 1 -1.000000e+00
 5.266284e-01 -1.616291e-01  1.667800e+00  0.000000e+00  0.000000e+00  2.205746e-01 -6.841730e-02  5.683971e-02  1.325156e-03
-1.290846e-01  5.073155e-02 -3.526671e-01  7.476378e+01  5.000000e-01  4.566325e-01 -1.415131e+00  1.062162e+00  7.596808e-02
-3.202132e-04  2.447001e-04  5.943777e-06  9.507525e+01  1.000000e+00  4.366140e+02  1.276518e+02  7.225910e+01  4.355253e+02
1 -8.240389e-01 -3.930780e+00  0.000000e+00  8.512821e-01  0.000000e+00  4.557950e+00 0 2  3.004296e-01
-1.341340e+00 -5.726622e-01  8.671675e+00  0.000000e+00  0.000000e+00  5.854690e-01 -4.054457e-02 -2.342522e-01  7.095373e-03
3  1.409400e-01  1.199050e-01  8.615104e-01  4.301802e-01  4.628364e-01  1.693720e+01 6 1 -1.000000e+00
-2.000137e-01 -1.526063e-01 -1.341649e+00  4.736500e+00  5.000000e-01  8.122298e-01 -2.266979e-01 -8.539420e-01  3.582728e-01
 4.619184e-01  3.987974e-01  2.898755e+00  0.000000e+00  0.000000e+00  3.325724e-01 -1.324688e-02 -3.167150e-01  5.007743e-02
-1.091144e-02 -8.969949e-03  1.164719e-02  5.373183e+00  1.000000e+00  1.054601e+01 -5.844730e-01 -2.219689e+00  9.520585e+00
3 -1.945783e-01 -1.333895e-01  7.955552e-01  3.736704e-01  1.459027e-01  1.474030e+01 6 1 -1.000000e+00
-5.737663e-01 -1.801844e-01  2.306656e+00  0.000000e+00  0.000000e+00  2.636878e-01 -2.431152e-01 -2.225368e-01  5.199207e-02
 1.580316e-01  1.318731e-01 -3.365472e-01  2.054429e+01  5.000000e-01  1.258182e+00 -2.322956e-01 -1.727440e+00  8.868295e-01
 8.549441e-03  6.491813e-03  2.168894e-03  2.289626e+01  1.000000e+00  2.613498e+01 -2.929640e+00 -1.273263e+01  2.533125e+01
1 -5.117447e-02  4.686002e-02  0.000000e+00  1.409413e-01  0.000000e+00  9.211330e+00 0 2 -1.000000e+00
-1.959299e-01  5.110289e-02  3.816402e+00  0.000000e+00  0.000000e+00  4.081426e-01 -1.877210e-01  2.302803e-01  1.451241e-01
3  6.712645e-04 -1.621831e-01  7.443368e-01  3.434356e-01  4.988891e-01  1.336360e+01 6 1 -1.000000e+00
 1.570820e-01 -5.382523e-01  1.882865e+00  0.000000e+00  0.000000e+00  2.615640e-01  1.154134e-01 -2.935987e-02  1.647108e-02
 5.722661e-02  1.993561e-01 -9.393411e-01  5.901052e+01  5.000000e-01  5.665703e-01  8.358945e-01 -7.441220e-01  2.143464e-01
-2.804465e-05  2.440995e-03  3.913866e-04  7.566339e+01  1.000000e+00  5.205471e+01  7.169018e+00  4.129401e-01  5.121308e+01
3  2.654716e-01 -7.622232e-02  8.104011e-01  5.176173e-01  1.069109e-01  8.543870e+00 6 3 -1.000000e+00
 5.805079e-01 -2.947802e-01  6.398068e+00  0.000000e+00  0.000000e+00  3.299406e-01 -3.497016e-01  4.127847e-01  1.158289e-01
-1.596776e-01  3.518248e-02 -6.840231e-01  1.100062e+01  5.000000e-01  1.751020e+00 -1.283781e+00  6.147154e-01  1.358704e+00
-6.089456e-02  1.369251e-02  1.616326e-01  1.107139e+01  1.000000e+00  4.181050e+00 -1.823565e+00  7.789889e-01  3.664690e+00
3 -3.229624e-02 -1.474999e-01  6.832507e-01  2.703208e-01  5.615401e-01  1.133960e+01 6 1 -1.000000e+00
 2.259668e-02 -4.969413e-01  2.231577e+00  0.000000e+00  0.000000e+00  2.893186e-01  2.073455e-01 -1.181618e-01  2.854080e-02
 3.500374e-02  1.861967e-01 -1.253120e+00  1.234156e+01  5.000000e-01  6.639583e-01  7.441523e-01 -5.976367e-01  2.283123e-01
-1.661256e-04  5.117476e-03  1.766513e-03  1.471668e+01  1.000000e+00  2.650323e+01  7.964126e+00  4.571731e+00  2.532196e+01
2 -3.969871e-01 -6.871648e-01  3.407261e+00  1.420923e+00  3.189243e-01  5.438840e+00 6 1 -1.000000e+00
-1.568752e+00 -2.414069e+00  2.650650e+00  0.000000e+00  0.000000e+00  3.753155e-01  5.386618e-02 -1.003153e-01  1.430720e-04
 2.442965e-01  4.707674e-01 -8.453567e-01  6.095602e+02  5.000000e-01  1.091144e+00  6.385215e-01 -8.851724e-01  2.163224e-02
3  9.725527e-01 -4.128275e-02  3.411190e+00  9.804061e-01  2.436318e-01  1.889160e+01 6 1 -1.000000e+00
 2.957628e+00 -1.734858e-01  1.766571e+00  0.000000e+00  0.000000e+00  2.471853e-01  1.656915e-02  1.967252e-02  2.731732e-04
-4.513521e-01 -5.071428e-02 -4.303928e-01  6.089388e+02  5.000000e-01  9.458194e-01 -1.514743e+00 -1.787417e-01  8.433389e-02
-2.457848e-03 -1.009297e-03  1.142927e-05  6.694038e+02  1.000000e+00  3.313480e+02 -1.284444e+01 -1.465272e+02  3.284816e+02
3 -9.444448e-01 -7.642445e-01  1.112331e+00  4.878597e-01  1.332852e-01  1.746060e+01 6 3  2.785622e-01
-4.905624e-02 -9.442959e-01  3.096122e+00  0.000000e+00  0.000000e+00  3.640110e-01  2.296668e-01 -1.695596e-01  7.253002e-03
 5.181645e-02  1.634519e-01 -4.126671e-01  8.068426e+01  5.000000e-01  1.847874e+00  1.356282e+00 -1.141337e+00  4.956910e-01
 5.284847e-03  1.840948e-02  6.360177e-03  8.238942e+01  1.000000e+00  1.656256e+01  8.074230e+00 -4.446542e+00  1.331424e+01
2 -4.909067e-01  1.446190e-01  2.505750e+00  1.067462e+00  4.696446e-01  1.630950e+01 6 1 -1.000000e+00
 5.472163e-01 -7.298356e-02 -1.258191e+00  3.407614e+02  5.000000e-01  7.619466e-01 -9.041996e-01  1.840770e-01  2.844785e-02
-1.866005e+00  6.016634e-01  2.679028e+00  0.000000e+00  0.000000e+00  3.837829e-01 -1.940275e-02  7.795712e-02  6.129367e-04
3  1.166332e-01  2.475035e-02  7.932074e-01  2.989777e-01  2.026610e-01  9.330910e+00 6 3 -1.000000e+00
 5.062915e-01  1.371659e-01  2.015362e+00  0.000000e+00  0.000000e+00  2.888451e-01 -9.714251e-02 -1.076318e-02  1.873625e-02
-2.536612e-01 -9.010002e-02 -9.944498e+00  4.138890e+01  5.000000e-01  4.672919e-01 -5.171592e-01 -3.418807e-01  1.219837e-01
-1.093697e-03 -4.422478e-04  1.212103e-04  6.556653e+01  1.000000e+00  9.553069e+01 -8.111830e+00 -2.490237e+01  9.456191e+01
3  1.374043e-03 -8.283601e-03  4.984144e-02  2.368947e-02  3.796101e-01  1.271630e+01 6 1 -1.000000e+00
 2.972061e-02 -2.840248e-02  2.231161e+00  0.000000e+00  0.000000e+00  3.191227e-01  9.732934e-02  7.696550e-02  5.900081e-02
 2.580068e-03  1.340135e-02 -8.469712e-01  2.299492e-01  5.000000e-01  1.076202e+00  9.577382e-01 -5.188661e-01  7.030109e-01
-4.348718e-05  1.157542e-03  3.096773e-02  2.492161e-01  1.000000e+00  7.085627e+00  2.130352e+00 -4.525310e-01  6.520759e+00
2  5.817494e-02 -1.246365e+00  3.105387e-02  5.620595e-01  3.140618e-01  4.459270e+00 6 1  2.829995e-01
-5.977610e-02  4.056363e-02 -9.155474e-02  1.871929e+02  5.000000e-01  5.933243e+00 -1.593489e+00  5.720149e+00  5.074878e+00
-3.454457e-02  2.246079e-02  2.875385e-02  1.872344e+02  1.000000e+00  1.226979e+01 -3.640194e+00  8.887027e+00  1.128697e+01
2 -1.186492e-01  4.872890e-01  1.632437e+00  7.569061e-01  1.040967e-01  9.756430e+00 6 3 -1.000000e+00
-4.381789e-01  1.203261e+00  3.585260e+00  0.000000e+00  0.000000e+00  3.529952e-01  2.592473e-01  2.692329e-01  1.693322e-03
 4.803055e-02 -3.550875e-01 -3.732139e-01  3.083521e+02  5.000000e-01  1.045670e+00  1.574779e+00  4.489839e-01  7.758215e-02
3 -2.120620e-01 -5.041506e-01  2.057451e+00  9.463911e-01  1.348679e-01  1.079060e+01 6 3 -1.000000e+00
-6.505711e-01 -1.391827e+00  4.417129e+00  0.000000e+00  0.000000e+00  3.887688e-01  2.324919e-01 -3.052207e-01  5.596212e-02
 1.863698e-01  4.877038e-01 -5.957288e-01  6.769195e+01  5.000000e-01  1.124162e+00  9.711022e-01 -8.665985e-01  6.213808e-01
 1.420663e-02  3.536245e-02  7.534129e-03  7.357399e+01  1.000000e+00  1.369663e+01  3.945386e+00 -3.592905e+00  1.278501e+01
3  5.206264e-02  1.622609e-01  6.219403e-01  3.684679e-01  5.327841e-01  1.078570e+01 6 1 -1.000000e+00
-4.393804e-02 -1.477925e-01 -1.265503e+00  7.172267e+00  5.000000e-01  8.331596e-01  7.825366e-01 -4.535107e-01  4.233744e-01
 1.868149e-01  4.297564e-01  2.375264e+00  0.000000e+00  0.000000e+00  2.706194e-01  2.683173e-01 -1.974743e-01  3.757627e-02
-5.274024e-03 -1.528187e-02  2.760440e-02  7.605354e+00  1.000000e+00  7.137539e+00  8.932169e-01 -8.033912e-01  6.339957e+00
5 -1.303543e-01  2.428674e-02  7.868596e-01  3.853398e-01  1.000000e+00  1.319780e+01 6 1 -1.000000e+00
-2.864284e-01 -3.481509e-01  2.378587e+00  6.159444e-01  0.000000e+00  2.044065e-01 -1.602478e-01 -4.322871e-01  3.296914e-02
-3.804532e-01  2.337203e-02 -2.447060e+00  1.588842e+00  5.000000e-01  2.398346e-01 -9.783758e-01  1.711314e-01  6.673246e-02
-1.661397e-01  4.294599e-01  2.089561e+00  0.000000e+00  0.000000e+00  1.843564e-01  1.048298e-01  4.191848e-01  2.991028e-02
 2.451016e-01 -3.775413e-02 -3.719287e-01  1.204632e+01  5.000000e-01  4.123844e-01 -1.660843e+00  5.249571e-01  2.105082e-01
 4.708108e-04 -8.265542e-05  1.517308e-05  2.460243e+01  1.000000e+00  2.625811e+02 -4.787867e+01  1.503602e+01  2.619295e+02
1  5.220344e+00  9.533296e+00  0.000000e+00  6.991956e+00  0.000000e+00  1.135980e+01 0 2 -1.000000e+00
 8.709251e+00  1.622785e+01  3.189315e+00  0.000000e+00  0.000000e+00  3.293635e-01  1.429736e-01 -3.402424e-01  3.459865e-04
3 -1.412360e-01 -6.265072e-01  2.846014e+00  1.526281e+00  2.264037e-01  5.140080e+00 6 3 -1.000000e+00
 4.749983e-01 -2.166413e+00  3.530394e+00  0.000000e+00  0.000000e+00  3.929668e-01  2.899950e-01  3.372945e-02  1.104815e-02
 2.606251e-01  6.715156e-01 -7.992944e-01  1.662423e+02  5.000000e-01  1.005916e+00  7.671454e-01 -8.140187e-01  2.017519e-01
 4.330817e-03  1.825293e-02  1.471981e-03  1.888174e+02  1.000000e+00  2.806093e+01  6.352497e+00 -3.547325e+00  2.591077e+01
1 -2.638780e+00  2.555951e+00  0.000000e+00  1.511442e+00  0.000000e+00  1.673080e+01 0 2  2.842738e-01
 1.765986e+00  3.338202e+00  3.818431e+00  0.000000e+00  0.000000e+00  2.854711e-01  1.670367e-01 -4.698538e-01  4.727240e-04
3  1.911778e+00 -1.836696e+00  1.637172e+01  7.041758e+00  4.445791e-01  1.855000e+01 6 3 -1.000000e+00
 8.580089e+00 -7.638851e+00  2.415691e+00  0.000000e+00  0.000000e+00  3.016843e-01 -7.535435e-02  2.607802e-01  9.135075e-05
-2.250552e+00  4.638382e+00 -5.433659e+00  7.099361e+03  5.000000e-01  8.400075e-01  3.039216e-01  3.424432e-01  9.575252e-04
-1.131396e-01  1.107886e-01  2.348616e-02  7.677892e+03  1.000000e+00  8.996006e+00  4.202851e-01  4.602304e+00  4.061885e+00
1  7.280857e-01  4.127447e-01  0.000000e+00  2.596394e+00  0.000000e+00  1.411250e+01 0 2  2.733187e-01
-5.480359e+00 -2.985095e+00  3.666993e+00  0.000000e+00  0.000000e+00  3.304950e-01 -2.150705e-01 -3.595534e-01  4.222565e-05
5  4.314543e-02  1.695891e-01  9.884897e-01  2.999566e-01  1.000000e+00  1.270790e+01 6 3 -1.000000e+00
 5.113405e-01  1.265941e-01  3.083166e+00  5.066507e+00  0.000000e+00  2.822998e-01 -2.323257e-01 -3.698331e-01  1.144086e-02
 2.184647e-01  4.204941e-01 -2.417220e+00  6.678535e+00  5.000000e-01  4.461743e-01  4.495111e-01 -7.199729e-01  8.994167e-02
-4.150903e-01  4.713226e-01  2.157234e+00  0.000000e+00  0.000000e+00  2.905871e-01  1.529394e-01  1.277489e-01  8.374125e-03
-6.932687e-02 -2.461849e-01 -2.728684e-01  3.027225e+01  5.000000e-01  1.076418e+00  1.571887e+00 -1.095344e+00  5.697968e-01
-5.155070e-04 -2.109138e-03  9.797609e-05  4.237876e+01  1.000000e+00  1.201216e+02  5.622860e+01 -2.866601e+01  1.185705e+02
5  3.671929e-02  7.924913e-03  8.660804e-01  3.129376e-01  1.000000e+00  1.064630e+01 6 3 -1.000000e+00
 3.278415e-01 -3.279968e-01  3.472853e+00  0.000000e+00  0.000000e+00  4.257308e-01 -9.045753e-02  1.834527e-01  2.512673e-02
-2.398672e-01 -1.243779e-01 -1.591462e+00  1.976230e+01  5.000000e-01  5.035791e-01 -4.873739e-01 -7.982816e-01  3.188456e-02
 2.276028e-01  2.272912e-01 -3.347712e+00  9.845155e+00  5.000000e-01  4.515618e-01 -9.343452e-02 -7.686130e-01  2.007113e-02
-1.420897e-01  3.995057e-01  4.361063e+00  5.950645e+00  0.000000e+00  4.482311e-01  2.677259e-01  5.890550e-02  3.092819e-02
-1.063026e-04 -3.117082e-06  1.305186e-05  5.626044e+01  1.000000e+00  2.825876e+02 -2.399237e+00  5.165668e+01  2.801536e+02
3 -2.635756e-01  6.325582e-01  1.681758e+00  7.869297e-01  1.002893e-01  1.149870e+01 6 1 -1.000000e+00
-7.591657e-01  1.089355e+00  1.873232e+00  0.000000e+00  0.000000e+00  2.079196e-01  1.977360e-01  2.333563e-01  8.785333e-03
 1.320288e-01 -3.368578e-01 -1.878650e-01  1.065640e+02  5.000000e-01  7.065403e-01  1.833480e+00  1.430888e+00  2.858090e-01
 1.000426e-03 -1.919704e-03  1.416571e-05  1.325200e+02  1.000000e+00  2.736492e+02  1.916619e+01  5.811405e+01  2.722832e+02
1 -8.275994e-01 -7.671610e-01  0.000000e+00  1.110838e+00  0.000000e+00  1.801580e+01 0 2 -1.000000e+00
-1.525700e+00 -1.323071e+00  3.101209e+00  0.000000e+00  0.000000e+00  3.636023e-01  1.523972e-02 -2.869057e-01  5.385722e-03
3  1.223169e-01  7.877777e-02  6.054006e-01  2.814215e-01  3.076274e-01  9.531160e+00 6 1 -1.000000e+00
-1.328296e-01 -5.113229e-02 -5.757483e-01  1.303630e+01  5.000000e-01  9.708047e-01 -1.123068e+00 -6.902462e-01  5.033615e-01
 2.910800e-01  3.810835e-01  1.871576e+00  0.000000e+00  0.000000e+00  2.622242e-01 -4.751507e-02 -8.801466e-02  2.317943e-02
-5.291627e-03 -3.183593e-03  2.527475e-03  1.447372e+01  1.000000e+00  2.260533e+01 -4.377208e+00 -7.209617e+00  2.157398e+01
1 -1.690813e-01  1.106076e-01  0.000000e+00  1.738437e-01  0.000000e+00  1.149870e+01 0 2  2.814129e-01
-6.618570e-04 -3.853687e-01  3.345774e+00  0.000000e+00  0.000000e+00  3.294343e-01  3.878915e-01  1.771946e-02  1.360953e-02
3 -2.038960e-01 -4.291743e-02  6.267706e-01  1.865009e-01  2.320949e-01  1.327100e+01 6 1 -1.000000e+00
-4.930416e-01 -7.784914e-02  1.820483e+00  0.000000e+00  0.000000e+00  2.477164e-01 -1.088795e-01 -6.907393e-02  2.305411e-03
 1.216747e-01  4.448335e-02 -4.225250e-01  4.214386e+01  5.000000e-01  5.623208e-01 -1.355432e+00 -8.491706e-01  1.376332e-01
 6.916047e-04  4.428269e-04  2.517148e-05  5.124759e+01  1.000000e+00  2.156721e+02  2.963999e+01 -7.401419e+01  2.145296e+02
3  5.000492e-01 -1.691014e+00  6.528042e+00  2.241073e+00  1.355573e-01  1.325690e+01 6 1 -1.000000e+00
 1.550308e+00 -5.804815e+00  1.912102e+00  0.000000e+00  0.000000e+00  2.703195e-01 -9.578163e-02  1.657675e-02  4.482033e-04
-6.047139e-03  1.959615e-02  3.719161e-04  1.361852e+03  1.000000e+00  5.415657e+01  9.499418e+00  6.826661e+00  5.214109e+01
-1.231513e-01  5.050876e-01 -2.591993e-01  1.331751e+03  5.000000e-01  1.374053e+00  1.818005e+00  8.323521e-01  3.896145e-01
1 -8.847719e-02 -1.834625e-01  0.000000e+00  2.278770e-01  0.000000e+00  7.985900e+00 0 2 -1.000000e+00
-2.142285e-01 -3.573164e-01  3.763201e+00  0.000000e+00  0.000000e+00  3.336365e-01  1.909126e-01 -3.766451e-01  5.978312e-02
5 -2.570062e-01  1.768763e-01  3.559191e+00  1.863521e+00  1.000000e+00  7.985020e+00 6 3 -1.000000e+00
-2.618069e-03 -1.463244e+00  7.291783e+00  2.201019e+02  0.000000e+00  5.559748e-01  2.284246e-01 -8.854325e-02  2.301495e-03
-7.906211e-01 -1.015848e+00 -5.404124e+00  2.273078e+02  5.000000e-01  7.498327e-01  1.719949e-02 -4.973246e-01  4.936844e-03
 8.655826e-01  4.998877e-02 -1.511282e+00  3.030188e+02  5.000000e-01  1.042067e+00 -7.793027e-01 -2.369531e-01  4.714261e-02
-1.234152e+00  1.876093e+00  2.766028e+00  0.000000e+00  0.000000e+00  3.831821e-01  5.294367e-02  1.270117e-01  9.364762e-04
 1.831748e-03 -7.606440e-04  4.242897e-05  3.908308e+02  1.000000e+00  1.653934e+02 -5.439046e+01  2.231745e+01  1.614932e+02
3 -1.032135e-01  4.217217e-01  1.688337e+00  9.082603e-01  2.335048e-01  1.800350e+01 6 1 -1.000000e+00
-1.054676e-01  1.202701e+00  2.685567e+00  0.000000e+00  0.000000e+00  3.056270e-01  3.230800e-01  7.356844e-02  6.968915e-03
 1.924941e-01 -4.591352e-01 -6.270929e-01  9.060937e+01  5.000000e-01  6.063006e-01  9.965803e-01  8.697626e-01  1.191083e-01
 8.357542e-04 -1.554152e-03  2.360280e-05  1.306290e+02  1.000000e+00  2.159479e+02 -1.085582e+01  6.096619e+01  2.142295e+02
3  2.527868e-01  2.908468e-01  1.060888e+00  3.512108e-01  1.093594e-01  1.170950e+01 6 1 -1.000000e+00
 7.762669e-01  4.829734e-01  1.671495e+00  0.000000e+00  0.000000e+00  2.192518e-01  6.605235e-02 -8.329499e-02  1.480464e-03
-8.329016e-02 -1.388352e-01 -1.827938e-01  1.079631e+02  5.000000e-01  8.748836e-01  1.137499e+00 -2.047534e+00  2.524351e-01
-7.017581e-04 -1.130718e-03  2.283274e-05  1.219160e+02  1.000000e+00  2.140912e+02  3.808452e+01 -1.267570e+01  2.123152e+02
4 -4.372446e-01 -1.174722e+00  1.981529e+00  1.308475e+00  1.000000e+00  5.444810e+00 6 3  2.857932e-01
-5.112649e-01 -6.154971e-01 -1.795388e+00  7.862842e+01  5.000000e-01  8.644589e-01  2.624443e-01 -7.116720e-01  1.773737e-02
 6.302204e-01  8.611426e-01 -3.704241e+00  4.878333e+01  5.000000e-01  6.464328e-01  2.132148e-01 -5.911937e-01  7.648615e-03
-1.326498e+00  1.173730e+00  5.476556e+00  2.381620e+01  0.000000e+00  5.398095e-01  1.254692e-01  1.159149e-01  2.996944e-03
-1.200838e-03 -8.423694e-04  1.489051e-04  1.133815e+02  1.000000e+00  8.452701e+01 -1.443812e+01 -7.253801e+00  7.992916e+01
1  1.436375e+00  1.531582e+00  0.000000e+00  1.853689e+00  0.000000e+00  1.756880e+01 0 2 -1.000000e+00
 3.682088e+00  2.445716e+00  3.915784e+00  0.000000e+00  0.000000e+00  4.518225e-01  3.284385e-02 -2.098646e-01  1.898589e-02
3 -9.382429e-01 -5.806093e-03  2.604588e+00  1.277373e+00  1.644136e-01  1.745870e+01 6 1 -1.000000e+00
-2.163093e+00 -2.644608e-01  2.339921e+00  0.000000e+00  0.000000e+00  2.946096e-01 -2.629512e-01 -3.266969e-02  2.934415e-02
 4.311883e-01 -3.297609e-02 -3.847149e-01  9.829739e+01  5.000000e-01  1.602560e+00 -1.703948e+00  2.428330e-01  1.104086e+00
 8.781482e-02 -5.897800e-03  2.379202e-02  9.983519e+01  1.000000e+00  8.561629e+00 -3.815180e+00  7.692325e-01  7.829052e+00
1  2.905698e+00 -2.054261e+00  0.000000e+00  4.934057e+00  0.000000e+00  1.121020e+01 0 2 -1.000000e+00
 9.907023e+00 -5.007601e+00  3.093810e+00  0.000000e+00  0.000000e+00  4.126595e-01 -8.796067e-02  1.183458e-01  4.542177e-04
1 -1.275228e+00 -1.514199e+00  0.000000e+00  1.501893e+00  0.000000e+00  1.534360e+01 0 2  2.772250e-01
-3.618715e+00  1.164410e+00  3.701915e+00  0.000000e+00  0.000000e+00  3.739139e-01 -1.159575e-01  3.292526e-01  6.323730e-04
3  2.109856e+00 -3.859704e-01  2.156401e+00  1.011418e+00  1.046806e-02  1.337770e+01 6 2  2.830736e-01
 1.781021e+00 -9.748472e-01  3.884675e+00  0.000000e+00  0.000000e+00  3.839059e-01 -3.361928e-01  9.552231e-02  1.051574e-03
-1.348592e-01  1.483539e-02 -4.066499e-02  2.904465e+02  5.000000e-01  3.251017e+00 -5.431288e+00  3.991984e-01  1.022509e+00
-7.915431e-03  2.040108e-03  1.539182e-04  2.946860e+02  1.000000e+00  8.935385e+01 -2.676294e+01  2.435554e+01  8.402921e+01
5 -1.794316e-02 -8.694640e-02  4.226144e+00  1.245660e+00  1.000000e+00  1.672010e+01 6 1 -1.000000e+00
-1.186386e+00 -1.913597e+00  2.439444e+00  0.000000e+00  0.000000e+00  3.567220e-01 -5.607841e-02 -2.706176e-02  2.411820e-03
 9.073800e-01 -6.031441e-01 -1.388404e+00  1.466364e+02  5.000000e-01  7.463591e-01 -3.846184e-01  7.979058e-01  3.138379e-02
-7.169528e-01  7.471842e-01 -1.173102e+00  1.616217e+02  5.000000e-01  8.230222e-01 -1.171660e-01  9.327562e-01  4.544832e-02
 1.153544e+00  1.605639e+00  2.789457e+00  5.826136e+01  0.000000e+00  3.933810e-01 -7.683789e-02 -5.991562e-02  3.322572e-03
 1.027611e-05  3.694134e-04  1.803347e-05  2.878180e+02  1.000000e+00  2.441355e+02  5.190285e+01  3.112114e+01  2.396388e+02
3  1.617120e+00 -1.214737e+00  5.141965e+00  2.400998e+00  1.119468e-02  1.594140e+01 6 2 -1.000000e+00
 3.141622e+00 -3.775682e+00  3.283845e+00  0.000000e+00  0.000000e+00  3.540103e-01 -1.057313e-01  3.187515e-01  1.633626e-04
-6.849637e-03  4.059871e-03  3.894104e-05  1.862332e+03  1.000000e+00  1.665661e+02 -2.964863e+01  2.921053e+01  1.630404e+02
-1.956466e-01  1.361513e-01 -3.676159e-02  1.836499e+03  5.000000e-01  2.661459e+00 -1.599495e+00  5.234918e+00  9.100152e-01
3  4.837387e-01 -7.201347e-02  1.633506e+00  6.159581e-01  2.912145e-01  1.369520e+01 6 1 -1.000000e+00
 1.216623e+00 -1.974622e-01  1.799628e+00  0.000000e+00  0.000000e+00  2.397062e-01 -1.410261e-01  4.987804e-02  2.455143e-03
-3.991195e-01  4.278206e-02 -5.240777e-01  1.624906e+02  5.000000e-01  4.678227e-01 -1.439501e+00  3.452016e-01  6.518605e-02
-3.706123e-04  1.140229e-05  9.586476e-07  2.410116e+02  1.000000e+00  1.029436e+03 -4.653175e+01 -1.112611e+02  1.027948e+03
3  2.866531e-01 -2.559289e-01  1.031582e+00  3.823792e-01  1.722541e-01  1.335650e+01 6 1 -1.000000e+00
 5.348815e-01 -6.238642e-01  1.552343e+00  0.000000e+00  0.000000e+00  1.848420e-01 -6.119446e-02  1.286470e-01  4.449353e-03
-1.618760e-01  1.368527e-01 -2.673973e-01  8.188124e+01  5.000000e-01  5.183869e-01 -4.685318e-01  1.937055e+00  1.927009e-01
-5.958542e-04  6.012190e-04  7.916584e-06  1.033035e+02  1.000000e+00  3.595023e+02  1.899768e+01  4.296378e+01  3.585405e+02
3 -1.214151e+00  1.745130e-01  2.429101e+00  1.367442e+00  1.556484e-02  9.883730e+00 6 2 -1.000000e+00
-1.882325e+00  9.486076e-01  5.067347e+00  0.000000e+00  0.000000e+00  3.762612e-01 -3.674331e-01  2.381197e-01  1.689586e-02
 2.585765e-02 -5.892323e-03  8.029290e-04  2.018233e+02  1.000000e+00  4.104845e+01 -1.641152e+01  9.439299e+00  3.989434e+01
 3.269646e-01 -6.113146e-02 -7.887242e-02  1.947070e+02  5.000000e-01  2.189960e+00 -3.590043e+00  1.098317e+00  1.485485e+00
3  7.127628e-02  2.360805e-01  2.298074e+00  1.140502e+00  4.206552e-01  1.066160e+01 6 3 -1.000000e+00
 5.942483e-01  1.344437e+00  3.703064e+00  0.000000e+00  0.000000e+00  4.355407e-01  1.866377e-01 -1.171925e-01  1.268273e-02
-1.398968e-01 -8.332161e-01 -8.803088e+00  6.805009e+01  5.000000e-01  5.858050e-01  5.296629e-01 -6.790544e-02  4.549479e-02
-1.007394e-03 -2.009537e-03  1.073736e-04  1.199294e+02  1.000000e+00  1.004467e+02  1.160337e+00 -2.397952e+01  9.849028e+01
3  1.328678e-01 -5.064617e-01  1.898066e+00  7.887491e-01  6.652060e-01  1.193380e+01 6 1 -1.000000e+00
 6.578119e-01 -1.569166e+00  1.829548e+00  0.000000e+00  0.000000e+00  2.532934e-01  8.975672e-03 -1.044364e-01  9.413687e-03
-6.108772e-02  1.874901e-01 -1.217026e+00  1.240399e+02  5.000000e-01  1.699831e+00  9.835597e-01  5.865568e-01  1.033029e+00
-3.327014e-02  9.616433e-02  3.332207e-01  1.241496e+02  1.000000e+00  3.363676e+00  1.272021e+00  9.838260e-01  2.555941e+00
3 -5.760050e-01 -6.685464e-02  1.906888e+00  7.647183e-01  2.308963e-01  1.594360e+01 6 1 -1.000000e+00
-1.384970e+00 -7.827778e-01  1.926549e+00  0.000000e+00  0.000000e+00  2.461433e-01 -2.192464e-01 -3.417760e-02  3.850650e-03
 3.448416e-01  1.970158e-02 -4.448331e-01  2.030267e+02  5.000000e-01  1.034344e+00 -1.494999e+00  1.191254e-01  1.600771e-01
 6.877276e-03  2.015468e-03  3.142138e-04  2.210290e+02  1.000000e+00  5.938220e+01 -7.526957e+00 -1.301073e+01  5.613175e+01
3 -2.590082e-02  3.575709e-01  7.459974e-01  4.337551e-01  1.136595e-01  1.369760e+01 6 1 -1.000000e+00
-6.118348e-02  6.711978e-01  1.671088e+00  0.000000e+00  0.000000e+00  2.069930e-01  1.731777e-01  2.138102e-02  5.032896e-03
 2.948151e-03 -7.203790e-02 -1.899350e-01  5.742826e+01  5.000000e-01  1.686667e+00  2.381391e+00  2.558266e-01  1.172338e+00
 5.658929e-04 -1.705368e-02  1.433909e-02  5.778156e+01  1.000000e+00  9.868876e+00  2.986072e+00  3.046640e-02  9.144783e+00
1 -4.430390e+00  2.682225e+00  0.000000e+00  5.070026e+00  0.000000e+00  1.591560e+01 0 2 -1.000000e+00
-8.438640e+00  8.725074e+00  3.315409e+00  0.000000e+00  0.000000e+00  4.132037e-01 -9.204793e-02  1.850276e-01  1.697492e-03
3 -4.074451e-01  2.079725e-01  1.270884e+00  6.054478e-01  1.515573e-01  1.092560e+01 6 1 -1.000000e+00
-9.559007e-01  1.569299e-01  1.610488e+00  0.000000e+00  0.000000e+00  1.648254e-01 -1.885876e-01  2.025379e-01  1.157998e-02
 2.713904e-01 -1.730745e-01 -2.440812e-01  5.873736e+01  5.000000e-01  5.060027e-01 -6.962314e-01  1.963744e+00  2.318040e-01
 9.374832e-04 -4.340318e-04  6.461052e-06  8.185499e+01  1.000000e+00  4.037922e+02 -6.435028e+01  5.768069e+01  4.029130e+02
1 -1.187275e+00 -1.598535e-02  0.000000e+00  2.579178e-01  0.000000e+00  1.148080e+01 0 2  2.996228e-01
 3.082795e-01 -6.332621e-01  3.478983e+00  0.000000e+00  0.000000e+00  3.594763e-01  5.035270e-02  3.468356e-01  2.773076e-03
3 -1.014086e+00 -2.229423e+00  2.595039e+00  9.657488e-01  7.660797e-01  1.092920e+01 6 1  2.709564e-01
 1.567308e+00 -1.518333e+00  2.232448e+00  0.000000e+00  0.000000e+00  3.229209e-01 -3.376901e-02 -9.673122e-02  5.524818e-04
-5.136852e-01  3.205162e-02 -1.710233e+00  3.454884e+02  5.000000e-01  1.034970e+00 -7.453755e-01 -1.742241e-01  3.847229e-02
-4.984386e-03  2.884730e-03  4.467086e-04  3.755906e+02  1.000000e+00  4.905489e+01 -5.288820e+00  6.534891e+00  4.491141e+01
3 -8.805952e-01 -2.194546e-02  1.977060e+00  7.879443e-01  2.518684e-01  9.349530e+00 6 1  2.991308e-01
-9.388619e-01 -1.443250e+00  1.516028e+00  0.000000e+00  0.000000e+00  1.834804e-01  4.113149e-02 -7.344357e-02  7.387490e-03
 1.443836e-01  2.106376e-01 -3.818396e-01  6.096806e+01  5.000000e-01  1.982082e+00  6.091773e-01 -1.792286e+00  7.785802e-01
 2.954152e-02  4.551682e-02  1.863960e-02  6.146940e+01  1.000000e+00  1.042059e+01  2.355640e+00 -5.435923e+00  7.822593e+00
1 -7.197809e-01 -2.286281e+00  0.000000e+00  8.623817e-01  0.000000e+00  1.800370e+01 0 2 -1.000000e+00
-1.258317e+00 -2.660936e+00  5.522233e+00  0.000000e+00  0.000000e+00  3.540866e-01  4.095564e-01 -2.614986e-01  1.204298e-03
3 -1.086779e+00  1.324566e+00  1.203972e+00  5.396207e-01  2.696188e-01  5.145760e+00 6 3  3.088964e-01
-3.344745e-01 -2.322337e-01 -9.600910e+00  1.012316e+01  5.000000e-01  7.725975e-01 -2.120670e-01 -3.330109e-01  1.785070e-01
 3.382787e-01  7.662407e-01  2.588586e+00  0.000000e+00  0.000000e+00  3.619946e-01  1.136586e-01 -8.843881e-02  3.623175e-02
-1.825570e-02 -3.280435e-02  1.542563e-01  1.136795e+01  1.000000e+00  3.593867e+00  6.936429e-02 -4.905242e-01  1.873250e+00
2 -3.059974e-02 -2.016968e-01  1.493725e+00  6.253454e-01  6.280745e-01  1.612360e+01 6 1 -1.000000e+00
 4.893607e-02 -9.592359e-01  2.857457e+00  0.000000e+00  0.000000e+00  3.385721e-01  2.948783e-01  2.391825e-02  8.261693e-03
 2.309022e-01  5.233643e-01 -1.794696e+00  1.015188e+02  5.000000e-01  4.829608e-01  5.524632e-01 -7.206326e-01  5.271700e-02
3 -7.813869e-01  3.707306e-01  1.047533e+00  3.738683e-01  2.038561e-01  1.255560e+01 6 1  2.860099e-01
 9.838326e-02 -2.048383e-01 -3.564267e-01  4.155172e+01  5.000000e-01  1.312702e+00  1.214109e+00  1.195553e+00  3.700015e-01
-7.982246e-01  3.368442e-01  1.748423e+00  0.000000e+00  0.000000e+00  2.422940e-01 -1.281612e-02  4.483484e-02  3.575938e-03
 2.119239e-03 -3.371476e-03  2.678909e-04  4.697118e+01  1.000000e+00  7.032134e+01  1.829972e+01  2.716076e+01  6.710999e+01
3  1.317445e+00 -6.948085e-01  2.741238e+00  1.236722e+00  5.179557e-03  1.844100e+01 6 2 -1.000000e+00
 2.601910e+00 -5.042727e-01  4.059552e+00  0.000000e+00  0.000000e+00  4.025822e-01 -2.269331e-01  2.430571e-01  1.470131e-03
-8.305475e-02  4.831406e-02 -2.102668e-02  5.434057e+02  5.000000e-01  7.716370e+00 -5.005804e+00  8.222541e+00  6.233896e+00
-3.307499e-02  1.961247e-02  3.673756e-03  5.438014e+02  1.000000e+00  2.436594e+01 -7.903199e+00  1.453635e+01  2.257445e+01
1 -1.087420e+00 -5.406649e-01  0.000000e+00  2.074761e+00  0.000000e+00  1.386420e+01 0 2  2.974542e-01
 9.457885e-01  3.227837e+00  7.296794e+00  0.000000e+00  0.000000e+00  4.262917e-01  2.434340e-01 -3.644649e-01  4.344547e-03
1  2.047815e+00 -4.492894e-01  0.000000e+00  2.782723e+00  0.000000e+00  1.066310e+01 0 2 -1.000000e+00
 5.218871e+00 -7.166110e-01  3.902892e+00  0.000000e+00  0.000000e+00  4.418486e-01 -2.259907e-01  6.512195e-02  6.245460e-03
3  2.499669e-01  8.429793e-02  1.489865e+00  8.308154e-01  4.551762e-01  1.170940e+01 6 1 -1.000000e+00
-4.639602e-01 -1.767720e-01 -1.234440e+00  4.158062e+01  5.000000e-01  6.033445e-01 -5.017431e-01 -8.459746e-01  2.988710e-01
 1.023570e+00 -9.338466e-02  2.712006e+00  0.000000e+00  0.000000e+00  3.011735e-01 -3.336335e-01 -9.119413e-02  9.750622e-02
-1.172754e-02 -1.342734e-03  2.560213e-03  5.503172e+01  1.000000e+00  2.215707e+01 -7.457231e+00  1.191088e+00  2.135206e+01
3  1.272103e-01 -1.763166e-01  1.172357e+00  6.386631e-01  1.906826e-01  1.025100e+01 6 3 -1.000000e+00
 3.221424e-01 -7.354306e-01  6.954547e+00  0.000000e+00  0.000000e+00  4.227187e-01  2.420814e-01  3.617450e-01  4.107807e-02
-2.329749e-01  2.971705e-01 -1.326111e+00  3.009945e+01  5.000000e-01  8.074309e-01  1.940557e-01  8.680494e-01  2.424917e-01
-6.991679e-03  9.579990e-03  4.997718e-03  3.676569e+01  1.000000e+00  1.557701e+01  1.010601e+00  3.372925e+00  1.409246e+01
3  2.873317e-01 -1.441135e-01  1.215615e+00  5.105190e-01  5.418905e-01  1.930950e+01 6 1 -1.000000e+00
 8.122010e-01 -3.935402e-01  1.796129e+00  0.000000e+00  0.000000e+00  2.362895e-01 -8.342310e-02  1.397913e-01  1.309542e-02
-2.849057e-01  1.299839e-01 -9.733054e-01  5.093081e+01  5.000000e-01  6.005867e-01 -6.899858e-01  8.431354e-01  2.135169e-01
-4.238105e-03  1.894312e-03  3.883448e-04  6.168398e+01  1.000000e+00  5.237501e+01 -6.586889e+00  4.579690e+00  5.128656e+01
3  8.907616e-01  1.241640e+00  1.868660e+00  1.056494e+00  4.344615e-02  1.474950e+01 6 2  2.838270e-01
 1.529698e+00 -3.268262e-01  3.333010e+00  0.000000e+00  0.000000e+00  2.955986e-01 -4.398965e-01 -5.141332e-02  2.846598e-03
-3.230399e-01 -8.341274e-02 -1.448065e-01  2.012512e+02  5.000000e-01  1.456499e+00 -2.381577e+00 -1.200938e+00  3.544777e-01
-4.245266e-03 -1.618233e-03  4.077384e-05  2.244218e+02  1.000000e+00  1.707015e+02 -4.011024e+01 -5.161641e+01  1.655113e+02
3  6.407653e-02  6.140325e-01  1.599290e+00  8.114616e-01  1.209187e-01  8.802920e+00 6 1 -1.000000e+00
-7.317941e-02  1.444339e+00  1.937571e+00  0.000000e+00  0.000000e+00  2.463289e-01  2.142299e-01 -7.756022e-02  5.780288e-03
-1.657191e-02 -1.539488e-01 -2.342886e-01  1.905752e+02  5.000000e-01  2.292188e+00  2.353415e+00 -6.320034e-01  1.342979e+00
-3.287825e-03 -3.743232e-02  1.352051e-02  1.915015e+02  1.000000e+00  1.189572e+01  6.582888e+00 -1.191899e+00  1.042257e+01
1 -2.776367e+00  3.203758e+00  0.000000e+00  1.419040e+00  0.000000e+00  1.643180e+01 0 2  2.674044e-01
-2.655357e+00  1.451020e+00  4.335800e+00  0.000000e+00  0.000000e+00  3.475113e-01 -1.824392e-01  4.022680e-01  3.439718e-04
3 -8.961603e-02  9.866010e-02  5.363598e-01  2.377787e-01  4.157596e-01  1.611230e+01 6 1 -1.000000e+00
-2.899582e-01  2.518710e-01  2.035998e+00  0.000000e+00  0.000000e+00  2.632555e-01  1.907390e-02  2.264268e-01  1.145774e-02
 9.408707e-02 -1.225500e-01 -8.464857e-01  2.522666e+01  5.000000e-01  5.060428e-01  3.691550e-01  1.135374e+00  1.431535e-01
 3.883089e-04 -4.373639e-04  2.793576e-05  3.615248e+01  1.000000e+00  1.925009e+02  5.278479e+00  2.912616e+01  1.914198e+02
3 -2.570806e-01 -1.013556e-01  1.118148e+00  7.171316e-01  1.950680e-01  1.594150e+01 6 1 -1.000000e+00
-6.103267e-01 -4.759685e-01  2.574353e+00  0.000000e+00  0.000000e+00  2.279413e-01 -1.188003e-01 -4.399023e-01  7.346756e-02
 3.590750e-01  8.127094e-02 -5.021739e-01  2.108615e+01  5.000000e-01  8.351945e-01 -1.268165e+00 -6.405150e-01  6.149173e-01
 9.307030e-03  2.537027e-03  1.343624e-03  2.666243e+01  1.000000e+00  3.079306e+01 -1.115606e+01 -4.348913e+00  3.029533e+01
3  1.267467e+00  8.490226e-01  5.651203e-01  3.005909e-01  1.980339e-01  7.982800e+00 6 1  2.943317e-01
 4.829614e-01 -1.647552e-01  2.814407e+00  0.000000e+00  0.000000e+00  3.382910e-01 -2.872844e-01  3.454319e-03  3.096004e-03
-6.141329e-02 -1.304106e-02 -5.573482e-01  2.009568e+01  5.000000e-01  2.152315e+00 -1.572708e+00 -8.053756e-01  5.793071e-01
-1.952869e-02 -3.691371e-03  6.722978e-02  2.015285e+01  1.000000e+00  6.197647e+00 -3.203185e+00 -1.371415e+00  3.704642e+00
3 -8.575015e-02  1.704991e-01  1.212382e+00  4.839727e-01  5.845605e-01  1.712810e+01 6 1 -1.000000e+00
 3.441910e-01 -2.218108e-01 -9.839990e-01  4.994156e+01  5.000000e-01  3.863121e-01 -7.355069e-01  9.229862e-01  6.405543e-02
-1.415126e-01  8.890272e-01  1.683314e+00  0.000000e+00  0.000000e+00  2.227527e-01  2.729345e-02  9.644817e-02  1.288280e-02
 1.519554e-04 -4.209653e-04  6.241633e-06  9.347909e+01  1.000000e+00  4.118574e+02  8.945071e+01  2.424556e+01  4.104242e+02
2 -1.037934e-01  4.684447e-01  2.063461e+00  1.110235e+00  1.944211e-02  1.092330e+01 6 2  2.784940e-01
-1.792371e+00 -5.468728e-01  3.075970e+00  0.000000e+00  0.000000e+00  3.175496e-01 -2.788131e-01 -2.508008e-01  7.434309e-04
 1.740446e-01  7.849087e-02 -5.980336e-02  3.754155e+02  5.000000e-01  2.416560e+00 -2.742624e+00 -3.347555e+00  4.846950e-01
2 -4.940036e-01  3.671211e-01  1.274107e+00  5.943094e-01  3.444848e-02  1.134030e+01 6 2 -1.000000e+00
-8.611334e-01  5.962436e-01  3.138842e+00  0.000000e+00  0.000000e+00  2.885527e-01 -1.381297e-01  4.104737e-01  1.857127e-03
 1.816231e-01 -1.358815e-01 -1.081283e-01  2.699466e+02  5.000000e-01  7.697600e-01 -8.303886e-01  2.934576e+00  1.552907e-01
3  2.885361e+00 -4.115247e-03  3.184336e+00  1.048842e+00  2.977276e-01  1.545650e+01 6 1  2.951181e-01
 2.729367e+00  5.043470e-01  1.320385e+00  0.000000e+00  0.000000e+00  1.290058e-01 -3.464283e-02 -8.719167e-03  5.295790e-04
-4.091446e-01 -3.392908e-02 -3.931151e-01  3.077795e+02  5.000000e-01  1.180459e+00 -1.588645e+00 -2.292548e-01  1.212378e-01
-7.657887e-03 -8.338950e-04  1.401576e-04  3.216412e+02  1.000000e+00  8.576931e+01 -7.045053e+00  1.173688e+00  8.057697e+01
3  3.003134e-01 -3.492784e-01  1.237057e+00  5.298917e-01  1.710553e-01  1.475920e+01 6 1 -1.000000e+00
 2.908196e-01 -9.755379e-01  1.486552e+00  0.000000e+00  0.000000e+00  1.437195e-01 -3.309963e-02  2.437687e-01  1.830918e-02
-1.838832e-01  1.668137e-01 -2.542826e-01  5.100524e+01  5.000000e-01  8.619098e-01 -4.185481e-01  1.943327e+00  6.043351e-01
-6.431498e-03  7.506719e-03  8.855680e-04  5.597626e+01  1.000000e+00  3.577706e+01  1.310786e+00  8.860431e+00  3.515098e+01
3  4.963331e-01 -2.891834e-01  1.955338e+00  1.152237e+00  1.423937e-01  1.672160e+01 6 1 -1.000000e+00
 8.473669e-01 -1.343019e+00  2.342387e+00  0.000000e+00  0.000000e+00  3.088557e-01 -4.527559e-02  2.207158e-01  5.418777e-03
-4.381226e-01  1.303658e-01 -3.335411e-01  1.391467e+02  5.000000e-01  9.164540e-01 -1.406427e+00  1.013447e+00  3.350203e-01
-6.215489e-03  1.906480e-03  1.810124e-04  1.646136e+02  1.000000e+00  8.022095e+01 -2.715887e+01  3.724350e+00  7.876942e+01
3  2.077532e-01  7.591070e-02  1.847302e+00  7.658640e-01  7.830507e-01  7.488860e+00 6 1 -1.000000e+00
-3.658337e-01 -4.861704e-01 -2.001520e+00  9.361852e+01  5.000000e-01  8.329999e-01  3.759450e-01 -6.214296e-01  1.283265e-01
 1.344341e+00  2.122776e-01  2.556054e+00  0.000000e+00  0.000000e+00  3.660141e-01 -1.031232e-01 -8.695692e-03  7.355488e-03
-5.515438e-03 -3.227109e-03  9.401887e-04  1.218203e+02  1.000000e+00  3.618854e+01 -2.733879e+00 -1.292838e+01  3.362262e+01
3  4.312616e-01 -2.211243e-01  1.368747e+00  6.527410e-01  1.201023e-01  1.545580e+01 6 1 -1.000000e+00
 9.725283e-01 -5.190396e-01  2.015217e+00  0.000000e+00  0.000000e+00  2.713494e-01 -1.196532e-01  1.427950e-01  3.037962e-03
-2.405829e-01  1.148605e-01 -2.420323e-01  1.346801e+02  5.000000e-01  8.063600e-01 -1.195712e+00  1.655129e+00  1.822470e-01
-7.552531e-04  2.638683e-04  3.344184e-06  1.683032e+02  1.000000e+00  5.695362e+02 -1.486624e+02  4.589473e+01  5.672520e+02
3 -2.174553e-02 -7.529556e-01  2.146539e+00  9.653360e-01  1.242346e-01  8.884960e+00 6 1 -1.000000e+00
-3.788977e-01 -1.854340e+00  1.767023e+00  0.000000e+00  0.000000e+00  2.458813e-01  4.336483e-02  2.984706e-02  1.440015e-03
 1.786954e-04  6.515390e-03  2.065141e-04  4.276278e+02  1.000000e+00  7.086470e+01  6.226989e+00 -1.251083e-01  6.933208e+01
-1.659834e-02  2.614034e-01 -2.195253e-01  4.044731e+02  5.000000e-01  1.007720e+00  2.095041e+00  4.076086e-01  3.245776e-01
3  8.384674e-01 -1.541705e-01  2.293071e+00  1.316181e+00  1.478269e-01  8.986630e+00 6 3  2.713167e-01
-1.134039e+00 -1.396388e+00  5.536333e+00  0.000000e+00  0.000000e+00  3.900755e-01  5.656234e-03 -4.374368e-01  3.092154e-03
 3.160401e-01  3.799694e-01 -8.184189e-01  5.082054e+02  5.000000e-01  1.378760e+00  2.491449e-01 -1.141602e+00  1.014727e-01
 2.140694e-02  1.804772e-02  4.351641e-03  5.322613e+02  1.000000e+00  1.791861e+01 -1.704939e+00 -7.316705e+00  1.359299e+01
3 -7.514553e-01  1.220395e-01  2.698627e+00  1.058163e+00  2.847838e-01  1.756380e+01 6 1 -1.000000e+00
 8.199641e-01 -1.731840e-01 -6.196532e-01  7.215186e+01  5.000000e-01  3.893600e-01 -1.354667e+00  3.893128e-01  1.407479e-01
-1.790526e+00  5.108711e-01  2.175873e+00  0.000000e+00  0.000000e+00  1.946947e-01 -4.097683e-01  1.449860e-01  1.704155e-02
 3.605471e-03 -1.441901e-03  4.447482e-05  1.070360e+02  1.000000e+00  1.548792e+02  6.961331e+00  3.384845e+01  1.541317e+02
1  1.476764e-02 -1.899305e-01  0.000000e+00  5.354581e-02  0.000000e+00  1.121020e+01 0 2  3.050644e-01
-1.216845e-01  2.195698e-01  3.586476e+00  0.000000e+00  0.000000e+00  2.910359e-01  3.327228e-01  3.363041e-01  6.897208e-04
3 -3.225899e-01 -1.031831e+00  2.019192e+00  8.265117e-01  9.783321e-03  1.386150e+01 6 2 -1.000000e+00
-1.281155e+00 -1.404054e+00  3.287538e+00  0.000000e+00  0.000000e+00  3.637496e-01  2.646518e-01 -1.749140e-01  5.082873e-03
 1.037473e-02  2.297604e-02  1.541896e-03  3.216017e+02  1.000000e+00  3.230200e+01  1.129024e+01 -1.427562e+01  3.112029e+01
 4.755109e-02  1.163666e-01 -3.216303e-02  3.197240e+02  5.000000e-01  4.312868e+00  5.043116e+00 -4.078440e+00  3.449481e+00
1 -7.523699e+00 -6.046531e+00  0.000000e+00  8.913086e+00  0.000000e+00  1.179360e+01 0 2  2.793545e-01
-1.699770e+01  8.747508e+00  3.035988e+00  0.000000e+00  0.000000e+00  4.226022e-01  2.751867e-02  5.699924e-02  4.842640e-04
3  3.429781e-01 -1.094338e-02  1.514168e+00  8.656000e-01  2.254216e-01  1.194220e+01 6 1 -1.000000e+00
-5.194230e-01  1.037185e-01 -5.440197e-01  6.629899e+01  5.000000e-01  5.306742e-01 -1.344762e+00  5.000516e-01  2.617761e-01
 9.930160e-01  1.760535e-01  2.413344e+00  0.000000e+00  0.000000e+00  2.322067e-01 -3.960190e-01 -1.353243e-01  2.191029e-02
-1.232703e-03  2.550039e-04  1.040277e-05  1.168821e+02  1.000000e+00  3.440461e+02 -1.176345e+02  8.783250e+01  3.432290e+02
1 -1.055618e-01 -1.138368e-01  0.000000e+00  1.444791e-01  0.000000e+00  1.672170e+01 0 2 -1.000000e+00
-2.022944e-01 -2.642099e-01  3.216751e+00  0.000000e+00  0.000000e+00  3.595452e-01  5.563294e-04 -3.151339e-01  4.560012e-02
3 -2.532493e+00  1.217354e-01  1.021870e+01  4.962962e+00  9.965619e-01  1.403440e+01 6 3 -1.000000e+00
-4.810458e+00 -4.465181e+00  4.138595e+01  2.303588e+02  0.000000e+00  5.934764e-01 -2.377752e-01 -2.907948e-01  5.684819e-03
-4.849469e+00  5.753442e+00  3.598548e+00  0.000000e+00  0.000000e+00  4.105082e-01 -1.667849e-01  2.044347e-01  1.292222e-03
-5.035167e+00 -3.963049e+00 -4.152873e+01  2.304438e+02  5.000000e-01  6.156264e-01 -2.894678e-01 -2.967004e-01  6.231751e-03
3  1.719793e+00 -1.136093e+00  1.655036e+00  7.023036e-01  3.978763e-01  9.346990e+00 6 1  2.739908e-01
-3.799834e-01 -1.275011e+00  2.525844e+00  0.000000e+00  0.000000e+00  3.699114e-01  2.032486e-02 -2.629038e-02  2.547393e-03
-9.646721e-02  3.555612e-01 -1.004973e+00  1.465521e+02  5.000000e-01  1.105970e+00  7.476744e-01  6.687779e-01  8.778894e-02
-3.338224e-04  5.008150e-03  4.929198e-04  1.651289e+02  1.000000e+00  4.789545e+01  1.289751e+01  2.027268e+00  4.391964e+01
3  3.287635e-01  1.546392e-01  4.044555e-01  2.139897e-01  1.990548e-01  1.077990e+01 6 3  2.707448e-01
 2.895613e-01 -1.457853e-01  4.139723e+00  0.000000e+00  0.000000e+00  4.591861e-01 -6.337149e-03  2.255603e-01  9.405088e-03
-3.266770e-02  9.865845e-02 -8.240317e-01  1.396307e+01  5.000000e-01  1.036236e+00  9.330526e-01  5.867464e-01  1.780581e-01
-9.178534e-04  2.237496e-03  1.578072e-03  1.613582e+01  1.000000e+00  2.716487e+01  4.987151e+00  5.103344e+00  2.477823e+01
3  5.454463e-03 -2.656364e-01  1.075320e+00  5.307451e-01  2.496239e-01  1.643680e+01 6 3 -1.000000e+00
-1.026432e-01 -7.996154e-01  3.149151e+00  0.000000e+00  0.000000e+00  3.715719e-01  2.781257e-01 -4.702313e-03  3.512092e-03
-6.690478e-03  2.714152e-01 -7.861033e-01  1.229095e+02  5.000000e-01  7.453112e-01  1.142900e+00  1.753380e-01  6.697946e-02
 1.235206e-04  7.325405e-04  1.198789e-05  1.629689e+02  1.000000e+00  2.971624e+02  2.929795e+01 -5.861983e+01  2.946010e+02
3 -4.755815e-01 -7.988096e-01  4.266364e+00  1.737570e+00  3.242979e-01  1.319540e+01 6 1 -1.000000e+00
-1.466027e+00 -3.061999e+00  2.829529e+00  0.000000e+00  0.000000e+00  3.926100e-01  9.275693e-02 -8.308396e-02  7.251409e-03
 5.241090e-01  7.117554e-01 -9.176102e-01  4.504913e+02  5.000000e-01  1.021641e+00  1.875527e-01 -1.027171e+00  2.589344e-01
 7.395138e-03  1.278404e-02  2.538976e-04  5.052181e+02  1.000000e+00  7.221604e+01  1.707420e+01 -2.901036e+01  7.029260e+01
1 -2.446757e+00  3.764659e-01  0.000000e+00  1.820970e+00  0.000000e+00  9.698960e+00 0 2 -1.000000e+00
-4.367090e+00 -7.931811e-01  3.259075e+00  0.000000e+00  0.000000e+00  3.859977e-01 -2.635937e-01  2.610876e-02  1.775599e-03
2  1.175576e-01 -3.532036e-01  1.987853e+00  1.147928e+00  3.277515e-01  1.474670e+01 6 3 -1.000000e+00
 2.107347e-01 -1.418770e+00  3.329411e+00  0.000000e+00  0.000000e+00  4.143805e-01  2.055361e-01  1.875273e-02  1.975787e-03
-3.082146e-01  5.001490e-01 -1.091219e+00  1.796117e+02  5.000000e-01  7.297006e-01  4.392852e-01  8.924664e-01  3.495332e-02
1  8.658946e-01  3.455661e+00  0.000000e+00  5.024652e+00  0.000000e+00  1.592100e+01 0 2 -1.000000e+00
 3.586306e+00  8.953984e+00  4.293098e+00  0.000000e+00  0.000000e+00  4.221854e-01  2.471840e-01 -1.995940e-01  2.337708e-04
3 -4.423959e-02 -6.413446e-02  4.860122e-01  3.505812e-01  3.247927e-01  1.411710e+01 6 3 -1.000000e+00
 4.243553e-02 -3.450718e-01  3.691631e+00  0.000000e+00  0.000000e+00  3.078884e-01  4.539086e-01 -4.585222e-02  1.206427e-01
 1.456269e-01  1.298591e-01 -1.199015e+00  2.961925e+00  5.000000e-01  7.809758e-01  1.301974e-02 -9.390529e-01  5.280591e-01
 5.427774e-03  5.530791e-03  1.532338e-02  3.792362e+00  1.000000e+00  9.412958e+00 -1.050933e+00 -2.100873e+00  8.877035e+00
2 -1.618062e+00 -6.312725e-02  4.076062e+00  1.901880e+00  1.207001e-01  1.025250e+01 6 1  2.805247e-01
-2.575831e+00 -2.671429e+00  1.366266e+00  0.000000e+00  0.000000e+00  1.400637e-01  7.245263e-02 -4.815892e-02  1.075208e-04
 2.825366e-01  2.344296e-01 -1.649085e-01  7.239413e+02  5.000000e-01  2.003193e+00 -6.688740e-01 -2.573513e+00  9.326815e-02
3 -3.948527e-01  1.190380e-01  1.402364e+00  5.666478e-01  2.297304e-01  1.594300e+01 6 1 -1.000000e+00
 3.103199e-01 -5.018067e-02 -5.023328e-01  1.113566e+02  5.000000e-01  6.897855e-01 -1.374101e+00  4.458598e-01  1.365802e-01
-9.726519e-01  5.160408e-01  2.186619e+00  0.000000e+00  0.000000e+00  2.981583e-01 -1.557637e-01  1.048445e-01  3.561582e-03
 1.924568e-03 -3.153313e-04  4.402448e-05  1.368285e+02  1.000000e+00  1.531955e+02 -1.665599e+01 -1.309185e+01  1.515179e+02
3 -3.747344e-01 -4.922726e-01  1.338958e+00  6.651764e-01  2.385053e-01  4.119860e+00 6 3  2.747811e-01
 1.431779e-01 -2.220138e-01 -7.309365e-01  1.640271e+02  5.000000e-01  9.691148e-01  4.493227e-01  1.080357e+00  8.994502e-02
-2.243749e-01  1.065508e+00  3.064655e+00  0.000000e+00  0.000000e+00  3.999170e-01  1.336922e-01  1.261944e-01  1.519219e-03
 9.949153e-04 -1.709985e-03  7.322552e-05  1.876540e+02  1.000000e+00  1.185793e+02 -2.608200e+00  1.271387e+01  1.158489e+02
5  4.422931e-02 -6.294015e-02  1.793283e-01  8.712573e-02  1.000000e+00  1.456530e+01 6 3  2.782942e-01
 1.751319e-02 -6.179372e-02  9.763335e+00  8.700501e-01  0.000000e+00  6.401941e-01  1.573510e-01  4.771756e-02  3.876836e-03
-3.189514e-02 -3.562829e-02 -5.674553e+00  9.113862e-01  5.000000e-01  8.930509e-01 -7.761251e-02 -4.261921e-01  1.027981e-02
 4.754246e-02 -2.325264e-02 -5.641267e+00  9.066385e-01  5.000000e-01  9.506936e-01 -3.610220e-01  2.221697e-01  5.489795e-03
-2.832743e-02  1.115766e-01  2.615308e+00  0.000000e+00  0.000000e+00  3.614852e-01  1.590457e-01  6.449644e-03  1.380771e-03
 1.697430e-03 -7.463035e-03  7.010906e-01  9.788374e-01  1.000000e+00  2.199180e+00 -9.126652e-02  5.791459e-02  3.410049e-02
3 -9.519902e-01  1.664156e+00  3.286313e+00  1.418077e+00  3.979067e-01  9.349530e+00 6 1  2.873211e-01
 1.590391e+00  2.323578e+00  2.448670e+00  0.000000e+00  0.000000e+00  3.513496e-01 -4.695635e-03 -1.110874e-01  9.201471e-04
-2.360365e-01 -4.084569e-01 -9.743421e-01  2.078969e+02  5.000000e-01  1.122855e+00  5.383806e-01 -8.669332e-01  1.252328e-01
-1.032550e-02 -1.734827e-02  2.318489e-03  2.153021e+02  1.000000e+00  2.189782e+01  1.885691e+00 -1.359247e+00  1.953564e+01
3  2.651218e-01 -1.466240e-01  1.275783e+00  5.815164e-01  9.796366e-01  1.801110e+01 6 1 -1.000000e+00
 8.206172e-01 -3.778314e-01  1.957292e+00  0.000000e+00  0.000000e+00  2.300193e-01 -1.177640e-01  2.609442e-01  3.561819e-02
-3.511550e-01  1.267190e-01 -1.917435e+00  3.448438e+01  5.000000e-01  5.895798e-01 -5.231287e-01  6.452219e-01  2.984101e-01
-1.583315e-02  4.847943e-03  7.307669e-03  3.986715e+01  1.000000e+00  1.300294e+01 -2.596534e+00 -6.971795e-01  1.235568e+01
1 -7.382735e+00  6.417359e+00  0.000000e+00  2.225786e+00  0.000000e+00  1.692150e+01 0 2 -1.000000e+00
-5.544138e+00  7.250174e+00  5.033821e+00  0.000000e+00  0.000000e+00  3.066731e-01 -4.331622e-02  5.293105e-01  2.526937e-05
3  7.127683e-01  9.648186e-01  3.264341e+00  1.283378e+00  1.353211e-01  1.476420e+01 6 1 -1.000000e+00
 1.700917e+00  2.323223e+00  1.529309e+00  0.000000e+00  0.000000e+00  1.888194e-01  3.081190e-02 -5.634308e-02  8.615816e-04
-2.349238e-01 -3.051687e-01 -2.069478e-01  5.291754e+02  5.000000e-01  1.094684e+00  5.407712e-01 -2.132761e+00  2.543231e-01
-2.774734e-03 -3.735725e-03  3.167332e-05  5.646481e+02  1.000000e+00  1.804717e+02  6.899331e+00 -2.429384e+01  1.777876e+02
3 -1.463593e+00 -1.313362e-01  2.049057e+00  1.125384e+00  1.751458e-01  1.455310e+01 6 1  2.720052e-01
-5.662346e-01 -1.616601e+00  2.931580e+00  0.000000e+00  0.000000e+00  3.915232e-01  6.975906e-02 -1.557714e-01  1.274635e-03
 4.173178e-01  1.809698e-01 -5.134540e-01  2.579942e+02  5.000000e-01  1.077363e+00 -9.588088e-01 -1.016988e+00  1.208216e-01
 2.410885e-03  1.068789e-03  4.774443e-05  3.073734e+02  1.000000e+00  1.535534e+02 -4.575395e+01 -1.530577e+01  1.501893e+02
1  2.899137e-01 -1.682909e-01  0.000000e+00  1.061761e-01  0.000000e+00  1.868250e+01 0 2  2.705591e-01
 2.201134e-01 -1.594202e-01  3.737229e+00  0.000000e+00  0.000000e+00  4.111700e-01 -1.130931e-02  2.810960e-01  3.960996e-04
1 -8.939187e+00  7.522639e-01  0.000000e+00  8.548373e+00  0.000000e+00  1.457780e+01 0 2 -1.000000e+00
-2.001236e+01  2.723088e+00  3.392329e+00  0.000000e+00  0.000000e+00  4.529161e-01 -3.906473e-02  5.469881e-02  9.363221e-04
1  2.793656e+00 -5.301688e-01  0.000000e+00  1.076564e+00  0.000000e+00  1.403020e+01 0 2 -1.000000e+00
 2.696705e+00 -2.765307e-01  3.152485e+00  0.000000e+00  0.000000e+00  2.282579e-01 -4.946686e-01  1.835177e-01  4.637071e-03
3  1.005728e+00  5.375650e-01  7.432679e+00  3.680853e+00  5.064915e-01  1.369810e+01 6 3 -1.000000e+00
 6.251268e+00  3.154213e-01  3.040727e+00  0.000000e+00  0.000000e+00  4.070405e-01 -1.421829e-01  5.016273e-02  1.713788e-03
-1.065776e+00 -9.905593e-01 -1.540102e+00  1.171787e+03  5.000000e-01  1.522144e+00  8.076454e-02 -9.567751e-01  8.981547e-02
-9.343992e-02 -5.936061e-02  2.129231e-02  1.203377e+03  1.000000e+00  8.927642e+00 -1.206825e+00 -3.798127e+00  5.845387e+00
1 -3.419615e+00  1.318246e+00  0.000000e+00  2.138974e+00  0.000000e+00  8.798560e+00 0 2 -1.000000e+00
-4.534933e+00 -9.712529e-03  9.754822e+00  0.000000e+00  0.000000e+00  3.907382e-01 -4.640597e-01  2.309439e-01  8.899291e-04
2  5.458316e-01 -9.618952e-01  1.300322e+00  4.971070e-01  5.280679e-01  5.930250e+00 6 1  2.746453e-01
-4.448367e-01 -1.020497e+00  1.855724e+00  0.000000e+00  0.000000e+00  2.637768e-01 -5.605729e-02  2.993626e-03  1.524992e-04
 5.470618e-02  1.800421e-01 -9.799483e-01  1.565986e+02  5.000000e-01  9.440859e-01  8.863242e-01 -4.878706e-01  2.805686e-02
3  1.676201e-01  5.052175e-02  6.834497e-01  2.679923e-01  3.280668e-01  1.611320e+01 6 1 -1.000000e+00
-1.911661e-01 -5.490136e-02 -7.505559e-01  3.601530e+01  5.000000e-01  4.751166e-01 -1.122863e+00 -5.890906e-01  6.885480e-02
 4.433774e-01  1.989848e-01  2.287814e+00  0.000000e+00  0.000000e+00  2.779080e-01 -2.472888e-01 -1.522062e-01  5.767506e-03
-2.594032e-04 -1.075239e-04  4.375719e-06  5.654347e+01  1.000000e+00  4.815463e+02  1.957044e+01 -4.480939e+01  4.800379e+02
3  2.837980e-02  5.712981e-01  1.872802e+00  6.818246e-01  4.195315e-01  1.552840e+01 6 1 -1.000000e+00
-4.537464e-03 -3.573254e-01 -6.265741e-01  1.414199e+02  5.000000e-01  5.025169e-01  1.309363e+00 -3.592207e-01  6.070445e-02
-1.247471e-01  1.511615e+00  1.493509e+00  0.000000e+00  0.000000e+00  1.791943e-01 -5.045464e-03 -6.428406e-02  1.107264e-03
 6.915547e-04 -1.538915e-03  1.407065e-05  1.706596e+02  1.000000e+00  3.008660e+02 -1.403291e+01  1.365753e+02  2.992840e+02
3 -1.091081e+00  6.231404e-01  1.339380e+00  5.999608e-01  2.373155e-01  1.024990e+01 6 1  2.816875e-01
-1.015535e+00 -9.269247e-02  2.333683e+00  0.000000e+00  0.000000e+00  2.800723e-01 -2.978323e-01 -3.293363e-02  1.161563e-02
 3.137369e-01  7.154926e-02 -5.538193e-01  8.322970e+01  5.000000e-01  8.552389e-01 -1.246130e+00 -5.232203e-01  2.610029e-01
 6.443664e-03  1.587108e-03  4.756194e-04  9.582969e+01  1.000000e+00  4.854394e+01 -8.847436e+00 -8.923468e+00  4.664844e+01
2 -5.883518e-01  2.032121e-01  2.047376e+00  1.031256e+00  1.120949e-01  1.100200e+01 6 1 -1.000000e+00
-1.498238e+00  6.469238e-01  2.796467e+00  0.000000e+00  0.000000e+00  3.711637e-01 -1.308869e-01  1.439084e-01  2.071844e-03
 4.021489e-01 -1.148374e-01 -3.134698e-01  1.899594e+02  5.000000e-01  8.006605e-01 -1.540020e+00  9.263776e-01  1.150244e-01
1 -5.205393e-02 -2.721388e-02  0.000000e+00  1.293263e-02  0.000000e+00  1.845270e+01 0 2  2.860154e-01
-3.378418e-03 -3.426767e-02  4.570465e+00  0.000000e+00  0.000000e+00  5.033533e-01  1.606151e-01 -4.543801e-02  5.671833e-04
3 -3.158516e-01 -4.974342e-01  2.612144e-01  1.054813e-01  9.654521e-01  1.386620e+01 6 1  2.770716e-01
 1.902145e-01 -3.518351e-02  2.742298e+00  0.000000e+00  0.000000e+00  3.802050e-01 -1.395553e-01  3.531124e-03  6.099369e-03
-6.994636e-02 -1.174631e-02 -2.647558e+00  3.772844e+00  5.000000e-01  7.066413e-01 -6.484481e-01 -2.080409e-01  1.345759e-01
-1.136397e-03 -1.838586e-04  9.687914e-04  4.507827e+00  1.000000e+00  3.475402e+01 -6.214825e+00 -8.276227e+00  3.327683e+01
2  8.178815e-01  1.533908e+00  1.578147e-02  9.500920e-01  1.813529e-01  1.405080e+01 6 1  2.687186e-01
-2.015491e-02 -1.930309e-02 -8.120795e-03  7.578573e+02  5.000000e-01  1.417124e+01  7.167893e-01 -1.720780e+01  9.286793e+00
-8.990613e-03 -8.149016e-03  1.472729e-03  7.579580e+02  1.000000e+00  4.039423e+01 -1.878292e+00 -2.948502e+01  3.409655e+01
1 -3.010742e-02 -2.855972e-02  0.000000e+00  3.353059e-02  0.000000e+00  1.756880e+01 0 2  2.734428e-01
 6.265299e-02 -1.364977e-02  6.519940e+00  0.000000e+00  0.000000e+00  4.695819e-01 -3.359453e-01  1.229165e-01  1.639034e-03
3  2.745987e-02 -7.557838e-01  2.017853e+00  9.113407e-01  5.646967e-02  1.024970e+01 6 2 -1.000000e+00
-3.697108e-01 -1.536907e+00  3.937689e+00  0.000000e+00  0.000000e+00  3.267390e-01  4.356933e-01 -9.744579e-02  3.196922e-02
-2.535293e-02  4.513449e-01 -2.223600e-01  6.376292e+01  5.000000e-01  1.239878e+00  2.115422e+00  2.823837e-01  7.398911e-01
-7.681070e-04  1.879673e-02  8.707377e-04  7.055771e+01  1.000000e+00  3.796555e+01  1.470667e+01  1.309270e+00  3.691657e+01
1  1.908377e+00  1.406283e+00  0.000000e+00  1.189062e+00  0.000000e+00  1.673110e+01 0 2 -1.000000e+00
 1.789133e+00  2.243978e+00  3.614605e+00  0.000000e+00  0.000000e+00  3.261853e-01 -1.164862e-01 -4.047243e-01  1.195338e-03
3 -1.672842e-01 -4.237208e-01  1.594021e+00  6.124482e-01  3.871843e-01  1.256350e+01 6 1 -1.000000e+00
-4.492401e-01 -1.067078e+00  1.539826e+00  0.000000e+00  0.000000e+00  1.793515e-01  1.062867e-01 -1.128844e-01  1.677590e-02
 1.438871e-01  4.124837e-01 -5.961963e-01  9.602215e+01  5.000000e-01  4.684385e-01  1.103355e+00 -8.616640e-01  2.412782e-01
 7.498018e-04  2.027030e-03  2.752770e-05  1.331221e+02  1.000000e+00  1.978787e+02  3.941278e+01 -2.967824e+01  1.973022e+02
1  2.003163e-02 -4.966630e+00  0.000000e+00  2.631928e+00  0.000000e+00  1.800660e+01 0 2  2.730201e-01
-3.275129e+00  4.778249e+00  3.416059e+00  0.000000e+00  0.000000e+00  2.970581e-01  2.920761e-01  3.407107e-01  5.862352e-04
3  5.558123e-01 -2.511928e-01  1.511850e+00  5.952790e-01  1.197286e-01  1.477440e+01 6 1 -1.000000e+00
 1.344108e+00 -5.632150e-02  1.893263e+00  0.000000e+00  0.000000e+00  2.278295e-01 -1.785100e-01  1.902443e-01  5.431645e-03
-1.592986e-01  1.032410e-01 -2.266778e-01  1.403067e+02  5.000000e-01  1.657534e+00 -8.981752e-01  2.009274e+00  8.192003e-01
-2.310206e-02  1.406981e-02  6.850447e-03  1.424788e+02  1.000000e+00  1.413112e+01 -1.513707e+00  4.915196e+00  1.258049e+01
1  2.759299e-01 -1.400761e+00  0.000000e+00  8.571933e-01  0.000000e+00  5.443340e+00 0 2 -1.000000e+00
 3.681372e-01 -2.450191e+00  3.195335e+00  0.000000e+00  0.000000e+00  3.878903e-01  2.333355e-01  8.530345e-02  7.197886e-04
3 -2.217023e-01 -1.128066e-01  7.114207e-01  3.102345e-01  1.364845e-01  1.255060e+01 6 1 -1.000000e+00
-5.500241e-01 -1.152532e-01  2.279776e+00  0.000000e+00  0.000000e+00  2.646167e-01 -2.381905e-01 -2.131061e-01  7.295336e-03
 1.322176e-01  8.640423e-02 -3.111540e-01  2.880327e+01  5.000000e-01  7.952870e-01 -6.804136e-01 -1.671164e+00  2.462898e-01
 1.434995e-03  8.140605e-04  7.757145e-05  3.423125e+01  1.000000e+00  1.161002e+02 -5.797661e+00 -1.797524e+01  1.144566e+02
3  1.689619e-01 -3.298255e-02  5.003608e-01  1.979620e-01  2.857810e-01  1.800250e+01 6 1 -1.000000e+00
 3.721415e-01 -9.877469e-02  1.876309e+00  0.000000e+00  0.000000e+00  2.151304e-01 -2.538261e-01  1.364969e-01  1.724020e-02
-1.171724e-01  5.785335e-03 -5.362135e-01  1.379217e+01  5.000000e-01  6.856681e-01 -1.375895e+00  2.657930e-01  3.747212e-01
-4.620261e-03  1.741338e-04  1.865610e-03  1.536221e+01  1.000000e+00  2.454980e+01 -3.319424e+00 -2.748958e+00  2.393108e+01
1 -3.593117e-01  1.980290e-01  0.000000e+00  2.755949e-01  0.000000e+00  1.713550e+01 0 2  2.791479e-01
-5.623948e-01 -5.115281e-02  3.704229e+00  0.000000e+00  0.000000e+00  2.978716e-01 -1.418699e-01 -4.504392e-01  4.886931e-03
1 -1.799351e-01  5.894884e-01  0.000000e+00  2.105956e-01  0.000000e+00  1.746470e+01 0 2  2.870715e-01
-3.504645e-01  3.177276e-02  4.937661e+00  0.000000e+00  0.000000e+00  5.255244e-01 -1.488205e-01 -2.131797e-02  2.291891e-02
3  1.731936e-01 -3.854689e-01  1.615989e+00  4.198343e-01  2.001934e-01  1.552900e+01 6 1 -1.000000e+00
 4.739250e-01 -1.338929e+00  1.784220e+00  0.000000e+00  0.000000e+00  2.244051e-01 -1.642235e-01 -1.187821e-01  2.344553e-03
-8.498596e-02  1.773285e-01 -3.571891e-01  1.359442e+02  5.000000e-01  1.093773e+00  9.038631e-01  1.411192e+00  4.681307e-01
-2.115034e-03  5.435945e-03  2.989845e-04  1.433759e+02  1.000000e+00  6.323870e+01  1.808818e+01  1.420627e+01  6.184019e+01
2 -9.697426e-02 -1.305751e+00  5.721240e-03  3.791484e-01  1.626953e-01  9.883730e+00 6 1  2.711519e-01
 7.862388e-05  3.720938e-03  2.306519e-05  1.073996e+03  1.000000e+00  2.936991e+02  2.055531e+02 -8.081772e+00  2.915303e+02
 2.182193e-04  9.440474e-03 -1.417693e-04  1.073880e+03  5.000000e-01  8.088927e+01  1.157414e+02 -6.320250e+00  7.907006e+01
3 -5.611209e-01 -7.368618e-01  1.479308e+00  6.418744e-01  4.035500e-03  1.778630e+01 6 2 -1.000000e+00
-1.073995e+00 -9.356052e-01  4.677533e+00  0.000000e+00  0.000000e+00  3.901154e-01  9.745197e-02 -3.855831e-01  3.418770e-03
 1.651556e-02  2.127179e-02  4.674092e-03  4.947393e+02  1.000000e+00  2.470087e+01  4.509071e+00 -1.809569e+01  2.314701e+01
 3.438475e-02  4.411300e-02 -1.887618e-02  4.945147e+02  5.000000e-01  9.889775e+00  2.755219e+00 -1.115409e+01  8.562798e+00
3 -3.343365e-01  2.088597e-02  9.015104e-01  6.993932e-01  4.320812e-02  1.746040e+01 6 2 -1.000000e+00
-6.506088e-01  1.288581e-01  3.754208e+00  0.000000e+00  0.000000e+00  2.396903e-01 -5.046535e-01  2.388051e-01  7.585174e-02
 8.160879e-03  2.798370e-04  4.432633e-04  1.664455e+01  1.000000e+00  5.991607e+01 -3.456023e+01 -4.549520e+00  5.938380e+01
 2.422926e-01  4.568450e-03 -1.622123e-01  1.429873e+01  5.000000e-01  1.502352e+00 -2.532638e+00  5.349542e-02  1.255704e+00
3  3.855068e-01 -1.231752e+00  1.548167e+00  5.857635e-01  2.093318e-01  1.403670e+01 6 1  2.866038e-01
 1.130997e+00 -6.925638e-01  1.935237e+00  0.000000e+00  0.000000e+00  2.644378e-01 -1.501687e-01 -4.205364e-02  3.236776e-03
-2.825045e-01 -6.102951e-02 -4.051065e-01  1.015973e+02  5.000000e-01  9.377894e-01 -1.413239e+00 -6.892845e-01  2.189699e-01
-7.024198e-03 -5.570174e-04  7.203288e-04  1.112865e+02  1.000000e+00  3.865387e+01 -1.788538e+00 -5.134190e+00  3.656870e+01
3  1.074631e-01  3.338245e-02  3.828528e-01  2.233126e-01  1.583787e-01  1.134680e+01 6 1 -1.000000e+00
-9.573911e-02 -2.880118e-02 -4.085127e-01  7.967294e+00  5.000000e-01  1.005697e+00 -1.195098e+00 -1.009791e+00  6.921891e-01
 2.845837e-01  1.513990e-02  2.579342e+00  0.000000e+00  0.000000e+00  2.852047e-01 -3.247890e-01 -1.332238e-01  6.587856e-02
-4.287170e-03 -9.980085e-04  1.905868e-03  9.047634e+00  1.000000e+00  2.640021e+01 -1.022471e+01 -3.991360e+00  2.579695e+01
2 -1.973003e-01  1.730841e-02  1.045721e+00  4.190155e-01  5.397529e-01  1.369740e+01 6 1 -1.000000e+00
 3.567645e-01 -1.088962e-02 -1.409419e+00  9.940021e+01  5.000000e-01  4.322871e-01 -1.015694e+00  1.323289e-02  2.320551e-02
-6.793046e-01  1.308610e-01  2.611230e+00  0.000000e+00  0.000000e+00  3.061146e-01 -3.060972e-01  6.942822e-02  3.400822e-03
3  4.367648e-01  4.421043e-01  2.510313e+00  9.228965e-01  5.218125e-01  1.304370e+01 6 1 -1.000000e+00
-4.026039e-01 -3.139725e-01 -9.896430e-01  2.472365e+02  5.000000e-01  7.511181e-01 -4.317993e-01 -9.412529e-01  1.755141e-01
 1.016683e+00  1.756606e+00  1.896549e+00  0.000000e+00  0.000000e+00  2.613407e-01 -1.013143e-01 -8.988595e-02  4.701674e-03
-7.410932e-03 -8.052011e-03  6.721511e-04  2.750929e+02  1.000000e+00  4.009177e+01  1.574713e+00 -6.158427e+00  3.839764e+01
4 -3.881828e+00 -5.281761e+00  3.069886e+00  1.152548e+00  1.000000e+00  1.192960e+01 6 3  2.796528e-01
 5.552664e-01 -6.739312e-01 -2.472356e+00  1.322438e+02  5.000000e-01  7.888311e-01  3.377038e-01  5.788100e-01  1.047952e-02
-1.873850e+00 -3.920303e-01  2.600998e+00  0.000000e+00  0.000000e+00  3.764271e-01  2.550043e-02 -6.103418e-02  1.166053e-03
 1.168426e+00  1.877357e-02  4.607193e+00  1.208784e+02  0.000000e+00  5.165326e-01 -1.284914e-01  1.337070e-02  6.591232e-03
 1.321412e-01  6.907511e-01 -1.536549e+00  1.474676e+02  5.000000e-01  8.076338e-01  8.131574e-01 -1.630611e-01  8.232064e-03
3  5.022492e-01 -1.028648e-01  1.889773e+00  8.631292e-01  2.479853e-01  5.368510e+00 6 1 -1.000000e+00
 1.308740e+00 -2.728835e-02  2.210299e+00  0.000000e+00  0.000000e+00  2.100285e-01 -4.114124e-01  4.865430e-02  1.557909e-02
-5.680241e-01  1.940694e-01 -5.481217e-01  5.731984e+01  5.000000e-01  4.406608e-01 -1.147413e+00  9.059336e-01  1.432216e-01
-1.514938e-03  3.772219e-04  1.389504e-05  9.099325e+01  1.000000e+00  2.711198e+02 -2.183069e+01  2.280299e+01  2.701623e+02
3 -6.301306e-01  3.359681e-01  2.447824e+00  1.049929e+00  2.120162e-01  1.594560e+01 6 1 -1.000000e+00
-1.483437e+00  1.193143e+00  2.463082e+00  0.000000e+00  0.000000e+00  3.119971e-01 -1.386268e-01  2.193974e-01  8.173028e-03
 4.935395e-01 -2.502564e-01 -5.222134e-01  1.946432e+02  5.000000e-01  8.346257e-01 -9.239694e-01  1.043339e+00  2.102519e-01
 6.177425e-03 -3.893634e-03  1.742550e-04  2.277210e+02  1.000000e+00  7.872183e+01 -3.545918e+00  1.701159e+01  7.680815e+01
3 -5.251892e-01  4.056807e-01  1.101582e+00  4.590915e-01  7.880878e-01  1.441150e+01 6 1  2.912193e-01
-2.849202e-01 -7.592075e-02 -2.390388e+00  2.754765e+01  5.000000e-01  6.717174e-01 -7.064395e-01 -1.644834e-01  4.316358e-02
 5.513924e-01  6.410622e-01  1.883836e+00  0.000000e+00  0.000000e+00  2.695386e-01 -3.566311e-02 -3.834268e-02  1.277284e-03
-5.465518e-04 -3.786079e-04  1.841028e-05  3.561218e+01  1.000000e+00  2.372833e+02 -3.615591e+01 -1.432032e+01  2.334886e+02
3 -3.301277e-01  2.384833e-01  1.071756e+00  5.017640e-01  1.315140e-01  1.746750e+01 6 1 -1.000000e+00
-7.488376e-01  4.570376e-01  2.095847e+00  0.000000e+00  0.000000e+00  2.623418e-01 -6.744428e-02  2.499136e-01  1.525338e-02
 1.590248e-01 -1.125647e-01 -2.756332e-01  7.371314e+01  5.000000e-01  1.143429e+00 -5.765346e-01  1.821041e+00  6.461720e-01
 9.202154e-03 -6.298938e-03  1.512655e-03  7.826996e+01  1.000000e+00  2.822481e+01 -3.619571e+00  8.185326e+00  2.722030e+01
3 -3.440698e-01  1.887780e-01  1.679318e+00  6.775757e-01  5.903279e-01  9.786830e+00 6 1 -1.000000e+00
 3.738488e-01 -2.383727e-01 -1.240859e+00  1.440942e+02  5.000000e-01  6.057504e-01 -3.939426e-01  8.978502e-01  1.139980e-01
-1.097322e+00  5.714192e-01  2.101983e+00  0.000000e+00  0.000000e+00  2.928112e-01 -1.013642e-01  1.187437e-01  6.601841e-03
 1.928582e-03 -1.076348e-03  5.006916e-05  1.888433e+02  1.000000e+00  1.438426e+02 -1.014631e+01  1.812963e+01  1.422254e+02
3 -2.406224e-02  2.431391e-01  6.760651e-01  2.718401e-01  1.227998e-01  4.060060e+00 6 1 -1.000000e+00
-7.499255e-03 -1.110555e-01 -3.203299e-01  5.457336e+01  5.000000e-01  1.872389e+00  1.969935e+00 -4.691809e-02  1.251298e+00
-5.815131e-02  5.631095e-01  2.608553e+00  0.000000e+00  0.000000e+00  3.148224e-01  2.733022e-01  1.068643e-01  2.634710e-02
-2.139770e-03 -2.269569e-02  1.888800e-02  5.539287e+01  1.000000e+00  1.018914e+01  5.392283e+00 -1.555587e+00  9.228744e+00
1 -5.236828e+00 -4.464081e-01  0.000000e+00  6.632667e+00  0.000000e+00  1.209510e+01 0 2 -1.000000e+00
-1.174623e+01 -3.584539e+00  3.197721e+00  0.000000e+00  0.000000e+00  3.763830e-01 -2.531094e-01 -1.100500e-01  4.313403e-05
2 -3.780179e-01 -4.055257e-01  2.146984e+00  8.056168e-01  3.996564e-01  1.474760e+01 6 1 -1.000000e+00
-1.341037e+00 -1.139882e+00  1.860431e+00  0.000000e+00  0.000000e+00  2.642192e-01  6.214684e-02 -1.137397e-03  9.051446e-04
 2.515577e-01  2.999740e-01 -7.435332e-01  4.049563e+02  5.000000e-01  7.115569e-01  3.073128e-01 -1.154854e+00  6.909445e-02
3 -1.037984e-01 -1.038825e-01  7.517014e-01  4.564210e-01  7.224702e-01  7.582740e+00 6 1 -1.000000e+00
-3.082274e-01 -4.510568e-01  2.455721e+00  0.000000e+00  0.000000e+00  3.090824e-01  8.795306e-02 -2.498380e-01  3.900874e-02
 2.202185e-01  8.354576e-02 -1.774185e+00  1.099895e+01  5.000000e-01  8.232463e-01 -5.426668e-01 -5.480818e-01  4.125939e-01
 1.334333e-02  7.830188e-03  2.401670e-02  1.232565e+01  1.000000e+00  7.802596e+00 -1.965293e+00 -8.804830e-01  6.909278e+00
3 -1.061445e+00 -1.107831e+00  2.054772e+00  9.588055e-01  1.343641e-01  1.437450e+01 6 3  2.870678e-01
 1.875159e+00 -3.339216e-01  3.202853e+00  0.000000e+00  0.000000e+00  4.035749e-01 -1.755608e-01 -1.126043e-01  6.002203e-04
-1.562059e-01 -2.465742e-02 -4.303487e-01  2.116322e+02  5.000000e-01  1.917853e+00 -1.708577e+00 -4.969066e-01  4.643581e-01
-2.705144e-02 -5.865298e-03  1.218223e-02  2.125918e+02  1.000000e+00  1.126017e+01 -4.416522e+00 -1.918009e+00  8.700965e+00
3 -3.167677e-01  4.549376e-01  1.676758e+00  6.876986e-01  1.301228e-01  1.322540e+01 6 1 -1.000000e+00
-1.078875e+00  9.336796e-01  1.864933e+00  0.000000e+00  0.000000e+00  2.606093e-01  7.995003e-02  6.398630e-02  4.982209e-03
 1.425085e-01 -2.151201e-01 -2.426703e-01  1.996643e+02  5.000000e-01  1.084455e+00  1.081705e+00  1.719844e+00  4.134296e-01
 3.489421e-03 -3.948297e-03  1.319748e-04  2.174471e+02  1.000000e+00  9.393892e+01 -2.450536e+00  3.247208e+01  9.223578e+01
2  6.484684e-01 -1.907342e-01  2.463326e+00  1.125903e+00  1.710047e-01  1.594260e+01 6 1  2.711456e-01
 1.220214e+00  1.821064e+00  1.548778e+00  0.000000e+00  0.000000e+00  1.872800e-01  1.170778e-01 -3.370528e-02  3.082829e-04
-1.133230e-01 -2.500837e-01 -2.648483e-01  6.523944e+02  5.000000e-01  1.384220e+00  1.439499e+00 -1.360594e+00  1.114605e-01
3 -6.037285e-01  5.061508e-01  2.239221e+00  7.620480e-01  1.379318e-01  1.456280e+01 6 1 -1.000000e+00
-1.568524e+00  1.008706e+00  2.043903e+00  0.000000e+00  0.000000e+00  2.728743e-01 -9.303911e-02  1.754868e-01  3.968085e-03
 2.417352e-01 -3.092742e-01 -2.819193e-01  1.556808e+02  5.000000e-01  1.150237e+00  2.363831e-01  1.874516e+00  4.072086e-01
 7.159281e-03 -1.059363e-02  4.634237e-04  1.676257e+02  1.000000e+00  5.159478e+01  1.458925e+01  1.375259e+01  4.975876e+01
1  3.299793e+00  1.129029e+01  0.000000e+00  1.005460e+01  0.000000e+00  1.367600e+01 0 2 -1.000000e+00
 4.740755e-01  2.379442e+01  3.196161e+00  0.000000e+00  0.000000e+00  3.658545e-01  2.971304e-01  3.128548e-02  2.628078e-04
3  1.234413e+00 -1.148297e+00  3.267823e+00  1.714535e+00  1.151603e-01  1.011830e+01 6 3  2.760568e-01
-2.641128e+00 -6.173086e-01  4.097792e+00  0.000000e+00  0.000000e+00  4.635981e-01 -1.827049e-01 -1.015481e-01  2.358495e-03
 4.894590e-01  3.197566e-01 -4.719031e-01  4.318760e+02  5.000000e-01  1.292940e+00 -4.803681e-01 -1.405041e+00  1.876728e-01
 3.100771e-03  1.548381e-03  1.807016e-05  4.931755e+02  1.000000e+00  2.579260e+02 -6.337629e+01 -8.157553e+01  2.548625e+02
3 -2.486778e-01  1.569625e-01  1.547411e+00  6.377196e-01  7.082032e-01  1.594530e+01 6 1 -1.000000e+00
 4.289195e-01 -2.804716e-01 -1.739306e+00  1.028536e+02  5.000000e-01  4.541897e-01 -3.957187e-01  8.463201e-01  4.320187e-02
-8.567937e-01  5.805870e-01  2.455941e+00  0.000000e+00  0.000000e+00  3.095711e-01 -1.313646e-01  2.286033e-01  5.777305e-03
 3.632144e-04 -2.323311e-04  3.851290e-06  1.882114e+02  1.000000e+00  5.107387e+02  8.309378e+00 -1.055077e+01  5.091969e+02
1  2.103682e+00  2.719767e+00  0.000000e+00  3.428170e+00  0.000000e+00  1.025030e+01 0 2 -1.000000e+00
 4.225313e+00  6.397368e+00  3.202553e+00  0.000000e+00  0.000000e+00  3.984626e-01  8.930452e-02 -2.040125e-01  2.078504e-04
1  1.543918e+00  2.233212e+00  0.000000e+00  1.216140e+00  0.000000e+00  1.476420e+01 0 2 -1.000000e+00
 2.638799e+00  3.145767e+00  3.028290e+00  0.000000e+00  0.000000e+00  3.562413e-01  1.391151e-01 -2.546625e-01  4.633923e-04
3  1.854907e-01  2.302712e-01  8.941130e-01  3.673539e-01  2.506789e-01  1.592100e+01 6 1 -1.000000e+00
 2.930432e-01  6.968289e-01  1.566367e+00  0.000000e+00  0.000000e+00  1.922408e-01 -9.213619e-02 -7.460397e-02  8.579368e-03
-1.159869e-01 -9.823871e-02 -3.926550e-01  5.118506e+01  5.000000e-01  8.673881e-01 -3.967362e-01 -1.551435e+00  5.152318e-01
-5.921744e-03 -6.492898e-03  2.391349e-03  5.417104e+01  1.000000e+00  2.185358e+01 -6.860899e-01 -4.028264e+00  2.118835e+01
1  3.499737e-01 -6.083678e-02  0.000000e+00  3.467880e-01  0.000000e+00  1.387260e+01 0 2 -1.000000e+00
 5.720167e-01  7.302959e-02  3.593492e+00  0.000000e+00  0.000000e+00  3.409210e-01 -3.901869e-01  6.211563e-02  1.773351e-02
5  1.829197e+00 -1.024507e+00  6.067120e+01  2.763332e+01  1.000000e+00  1.545580e+01 6 1 -1.000000e+00
-1.141814e+01 -2.834284e+01  2.308410e+00  7.165049e+01  0.000000e+00  3.187891e-01  1.358842e-01 -1.112888e-01  3.145025e-04
 1.601352e+01 -8.916398e+00 -1.429222e+00  1.443555e+04  5.000000e-01  1.223992e+00 -4.507229e-01  7.393933e-01  4.699115e-04
 1.860049e+01  2.438169e+01  2.302961e+00  0.000000e+00  0.000000e+00  3.189739e-01  4.679181e-02 -1.654792e-01  5.233796e-04
-9.230053e+00  5.116436e+00 -1.326378e+00  1.933769e+04  5.000000e-01  1.709728e+00 -5.876922e-01  9.551254e-01  2.201256e-03
-3.672778e-01  1.785965e-01  5.258191e-02  2.019438e+04  1.000000e+00  6.380476e+00 -1.861148e+00  2.543168e+00  1.484716e+00
3 -2.384663e+00 -1.712070e-01  1.375888e+00  6.243474e-01  5.861918e-01  1.855210e+01 6 3  2.929088e-01
 1.149635e-01 -1.023316e+00  1.912992e+00  0.000000e+00  0.000000e+00  2.624297e-01  1.301110e-01 -6.587566e-02  4.688181e-03
 1.528471e-01  3.520512e-01 -3.263423e+00  5.615686e+01  5.000000e-01  7.107203e-01  2.742211e-01 -5.611705e-01  6.021232e-02
 7.892683e-04  1.769257e-02  1.362223e-02  6.263610e+01  1.000000e+00  9.727664e+00  1.659905e+00  8.619339e-02  6.371222e+00
3 -1.205933e-01  6.772118e-01  1.611334e+00  7.219260e-01  4.233829e-02  1.755050e+01 6 2 -1.000000e+00
-3.193391e-02  1.252151e+00  3.559824e+00  0.000000e+00  0.000000e+00  2.911984e-01  4.560005e-01  1.164067e-01  8.788473e-03
 6.012901e-02 -3.565508e-01 -1.507169e-01  1.939206e+02  5.000000e-01  7.948553e-01  2.408431e+00  9.362169e-01  2.763782e-01
 1.515754e-04 -1.222539e-03  3.846019e-06  2.540610e+02  1.000000e+00  5.283980e+02  1.340586e+02  1.295700e+01  5.267030e+02
5 -2.152093e-01  9.390098e-02  1.724100e+00  4.340139e-01  1.000000e+00  1.672820e+01 6 3 -1.000000e+00
 1.334603e-01 -3.143766e-01 -1.907873e+00  1.103082e+02  5.000000e-01  4.762545e-01  8.290200e-01  3.334352e-01  4.559222e-02
 3.558431e-01 -2.224089e-01  3.913958e+00  1.093693e+02  0.000000e+00  4.383952e-01  5.245420e-02  2.390661e-01  1.830103e-02
 3.080714e-01  1.144342e-01 -1.044784e+00  1.128697e+02  5.000000e-01  6.656977e-01 -5.212513e-01 -8.928556e-01  8.225098e-02
-1.212291e+00  4.941640e-01  1.880423e+00  0.000000e+00  0.000000e+00  2.137260e-01  2.498628e-01 -1.549195e-01  7.065011e-04
 7.315843e-04 -2.212013e-04  2.414642e-05  1.432651e+02  1.000000e+00  2.064819e+02 -3.119850e+00 -2.826785e+01  2.045588e+02
3  1.965914e-01  6.912570e-02  8.611523e-01  3.338480e-01  2.457244e-01  1.475020e+01 6 1 -1.000000e+00
-1.995558e-01 -6.184583e-03 -4.404233e-01  5.442369e+01  5.000000e-01  6.309428e-01 -1.545978e+00  1.292261e-01  1.480471e-01
 5.001917e-01  4.957484e-01  1.792346e+00  0.000000e+00  0.000000e+00  2.440078e-01 -1.154402e-01  1.642796e-02  4.697435e-03
-8.988679e-04 -3.135327e-04  3.752778e-05  6.992951e+01  1.000000e+00  1.646233e+02 -9.073961e+00 -6.581957e+00  1.632030e+02
3  2.989822e-02  1.619513e-01  7.678030e-01  4.112473e-01  6.238461e-01  1.756500e+01 6 3 -1.000000e+00
-4.038856e-02 -1.940976e-01 -1.871559e+00  1.836774e+01  5.000000e-01  8.426745e-01  6.439956e-01 -3.799141e-01  2.397932e-01
-6.649722e-03  5.729637e-01  3.000034e+00  0.000000e+00  0.000000e+00  3.615119e-01  2.532084e-01 -1.011087e-01  2.159567e-02
-1.838186e-03 -1.468635e-02  2.165196e-02  1.986787e+01  1.000000e+00  7.951501e+00  1.459882e+00 -8.314670e-02  6.601139e+00
3 -3.558262e-01  3.740176e-02  8.031324e-01  3.479006e-01  1.012724e-01  4.122660e+00 6 1 -1.000000e+00
-6.672598e-01 -1.831185e-02  1.426458e+00  0.000000e+00  0.000000e+00  1.378855e-01 -2.054173e-01  2.831844e-03  2.012844e-02
 1.353814e-01 -4.639689e-02 -1.444608e-01  1.840141e+01  5.000000e-01  1.800316e+00 -2.328928e+00  1.462496e+00  1.582406e+00
 1.272564e-02 -4.522500e-03  1.952494e-03  1.918418e+01  1.000000e+00  2.878596e+01 -1.075421e+01  1.201004e+01  2.841244e+01
3 -5.807011e-02  4.761620e-02  3.777721e-01  2.096161e-01  2.856084e-01  1.475080e+01 6 3 -1.000000e+00
 1.028307e-01 -7.368058e-02 -1.473296e+00  4.227697e+00  5.000000e-01  7.008816e-01 -2.189209e-01  8.487024e-01  4.183139e-01
-1.980190e-01  1.547952e-01  5.158447e+00  0.000000e+00  0.000000e+00  3.256239e-01 -7.270717e-02  5.056085e-01  1.034775e-01
 5.476212e-03 -3.908731e-03  1.754392e-02  5.046156e+00  1.000000e+00  8.637186e+00 -7.517871e-01  8.727175e-01  8.099093e+00
3 -1.284513e-01 -1.249515e-01  6.798282e-01  2.986709e-01  1.579498e-01  1.778410e+01 6 1 -1.000000e+00
-5.016859e-01 -1.391369e-01  2.429580e+00  0.000000e+00  0.000000e+00  3.055785e-01 -1.215106e-01 -2.363526e-01  2.151870e-02
 1.120255e-01  1.533094e-01 -3.837517e-01  3.372821e+01  5.000000e-01  9.172295e-01  5.285363e-01 -1.527531e+00  5.476978e-01
 2.642349e-03  3.253750e-03  6.133173e-04  4.095163e+01  1.000000e+00  4.511088e+01  6.510622e+00 -1.651982e+01  4.423202e+01
1  2.728952e+00 -3.306788e+00  0.000000e+00  3.396305e+00  0.000000e+00  1.714490e+01 0 2 -1.000000e+00
 9.539912e-01 -7.416406e+00  3.178942e+00  0.000000e+00  0.000000e+00  3.395483e-01  1.658729e-01  3.067777e-01  3.486781e-05
1 -2.857625e-01 -8.182938e-02  0.000000e+00  1.234877e-01  0.000000e+00  1.844610e+01 0 2  2.766984e-01
-2.122154e-01 -1.662246e-02  3.386562e+00  0.000000e+00  0.000000e+00  4.342183e-01 -1.575430e-01 -2.093448e-03  7.733674e-03
3 -9.122603e-02 -7.140765e-02  3.641715e-01  1.332530e-01  1.467504e-01  1.534140e+01 6 1 -1.000000e+00
-2.757400e-01 -1.132939e-01  1.859211e+00  0.000000e+00  0.000000e+00  2.611484e-01  3.029070e-02 -8.439049e-02  4.573391e-03
 4.888288e-02  5.175419e-02 -2.728400e-01  1.638829e+01  5.000000e-01  7.576142e-01  2.379959e-01 -1.915009e+00  2.929507e-01
 3.843002e-04  3.491377e-04  2.833645e-05  1.969844e+01  1.000000e+00  1.944412e+02  6.169319e+00 -4.572953e+01  1.932978e+02
1 -2.454338e+00  4.410428e+00  0.000000e+00  7.901388e+00  0.000000e+00  1.672040e+01 0 2 -1.000000e+00
-5.355864e+00  1.276409e+01  3.285155e+00  0.000000e+00  0.000000e+00  3.887772e-01  1.767245e-01  1.948389e-01  6.983826e-05
3  2.438590e-01 -8.016632e-01  2.846186e+00  1.295553e+00  1.326648e-01  1.171420e+01 6 1 -1.000000e+00
 1.251598e+00 -2.117299e+00  2.719084e+00  0.000000e+00  0.000000e+00  3.438911e-01  1.171281e-01  2.213346e-01  1.785824e-03
-8.677911e-02  3.945768e-01 -3.607267e-01  5.387825e+02  5.000000e-01  1.681868e+00  1.719428e+00  5.298066e-01  2.054436e-01
-3.602669e-03  8.435173e-03  1.912086e-04  5.647707e+02  1.000000e+00  7.955138e+01  1.792466e+01  2.488241e+01  7.524182e+01
3  4.231661e-01  4.272844e-01  2.385829e+00  9.762160e-01  2.029075e-01  1.515370e+01 6 3 -1.000000e+00
-3.290474e-01 -5.395779e-01 -6.089219e-01  1.639601e+02  5.000000e-01  7.854328e-01  5.132392e-01 -1.193680e+00  1.460415e-01
 1.738275e+00  6.513710e-01  3.000983e+00  0.000000e+00  0.000000e+00  3.615958e-01 -1.212593e-01 -2.441965e-01  5.414572e-03
-3.465531e-03 -5.841697e-03  2.684456e-04  2.021181e+02  1.000000e+00  6.387042e+01  1.508181e+01  2.816302e-01  6.217304e+01
3  6.299377e-01  7.611556e-01  6.734745e+00  4.111280e+00  8.533288e-01  1.844560e+01 6 1 -1.000000e+00
-1.559936e+00 -4.337954e-01 -2.170828e+00  1.090674e+03  5.000000e-01  1.128364e+00 -6.743901e-01 -1.494287e-01  7.192754e-02
 2.359991e+00  5.042604e+00  2.543952e+00  0.000000e+00  0.000000e+00  3.579265e-01  6.745308e-02 -1.209103e-01  4.697290e-04
-2.384577e-02 -1.708254e-02  1.009169e-03  1.172802e+03  1.000000e+00  3.882013e+01 -1.051383e+01 -1.813581e+01  3.561647e+01
1 -7.124393e+00  5.664055e+00  0.000000e+00  3.945026e+00  0.000000e+00  1.746390e+01 0 2  2.735899e-01
 4.736938e-01  9.477442e+00  3.376965e+00  0.000000e+00  0.000000e+00  4.554656e-01  1.807166e-02  8.202680e-03  4.552752e-05
2  2.964016e+00 -6.381094e-01  3.716915e-02  1.141934e+00  2.376068e-01  1.611620e+01 6 1  2.783368e-01
-7.368982e-02  5.886430e-03 -2.224532e-02  5.863883e+02  5.000000e-01  1.029704e+01 -1.117259e+01  2.561537e+00  8.167452e+00
-3.668781e-02  2.365440e-03  5.285638e-03  5.865172e+02  1.000000e+00  2.513820e+01 -1.962912e+01  2.856257e+00  2.253846e+01
5 -1.411283e+00 -2.207571e-01  1.849825e+00  7.903997e-01  1.000000e+00  1.271440e+01 6 3  2.835621e-01
 1.256614e-01 -1.163044e+00  2.013678e+00  0.000000e+00  0.000000e+00  2.820377e-01  8.828500e-02  1.052236e-01  6.706705e-04
-4.833050e-01  2.150468e-01 -1.624567e+00  8.152363e+01  5.000000e-01  7.245891e-01 -6.498421e-01  5.187533e-01  2.076653e-02
 4.353329e-01  4.842388e-01 -5.177530e+00  7.127472e+01  5.000000e-01  6.110118e-01 -1.121426e-01 -5.760886e-01  5.401679e-03
 1.756512e-01  6.861054e-01  7.007592e+00  7.058710e+01  0.000000e+00  4.963804e-01  2.413762e-01 -2.294948e-01  2.931897e-03
-3.047126e-04  4.701338e-04  1.330228e-05  1.179129e+02  1.000000e+00  2.805295e+02 -3.624457e+01  4.059545e+01  2.720763e+02
1  3.391756e-02 -1.653023e-01  0.000000e+00  4.334828e-02  0.000000e+00  1.038310e+01 0 2  2.882473e-01
 4.730251e-02 -1.070526e-01  3.417979e+00  0.000000e+00  0.000000e+00  3.610871e-01  3.219230e-01  1.095663e-01  3.315684e-04
2 -5.147801e-01 -9.475757e-02  2.622035e+00  8.238228e-01  1.974450e-03  1.179670e+01 6 2  2.708576e-01
-1.025037e+00  2.291465e+00  3.064305e+00  0.000000e+00  0.000000e+00  3.340827e-01  3.345721e-01  7.189656e-02  2.304807e-04
-4.064335e-03 -1.236302e-01 -6.050316e-03  9.562186e+02  5.000000e-01  4.188724e+00  1.323243e+01  5.927140e-01  2.867008e+00
4 -7.786979e+00  4.414178e+00  1.691802e+01  5.465000e+00  1.000000e+00  1.078590e+01 6 3  2.837836e-01
-3.675175e+00 -5.787973e+00  5.212937e+00  8.845900e+02  0.000000e+00  5.565761e-01 -5.159953e-02 -4.617109e-02  5.015778e-04
 1.961904e+00 -3.562875e+00 -2.909067e+00  1.139523e+03  5.000000e-01  9.484613e-01  9.731011e-02  5.804652e-01  4.332076e-03
-3.613008e+00  9.569245e-01 -2.933229e+00  1.112764e+03  5.000000e-01  8.339380e-01 -4.994948e-01  3.449678e-01  2.422350e-03
 3.798891e+00  9.389570e+00  3.742499e+00  0.000000e+00  0.000000e+00  4.638132e-01 -1.075014e-01 -9.348046e-02  1.952961e-04
3  2.430876e-01 -1.656147e+00  3.561468e+00  1.911337e+00  3.890746e-02  1.322530e+01 6 2 -1.000000e+00
 5.788847e-01 -3.015630e+00  3.087887e+00  0.000000e+00  0.000000e+00  3.009941e-01  3.814508e-01  1.387750e-01  3.127519e-03
-7.638824e-04  1.249683e-02  1.223356e-04  4.443377e+02  1.000000e+00  9.356603e+01  1.957365e+01 -3.332269e+00  9.138327e+01
-5.031899e-02  4.898175e-01 -1.201418e-01  4.173886e+02  5.000000e-01  1.350155e+00  2.818462e+00  7.087861e-01  4.756915e-01
3  4.609928e-01 -5.060293e-01  2.021449e+00  1.003752e+00  1.500069e-01  1.692280e+01 6 1 -1.000000e+00
 6.968700e-01 -1.577103e+00  1.820334e+00  0.000000e+00  0.000000e+00  2.418833e-01  6.409969e-03  1.592171e-01  3.424467e-03
-2.634964e-01  2.016466e-01 -2.730626e-01  2.238157e+02  5.000000e-01  1.139560e+00 -5.369137e-01  1.842109e+00  3.801431e-01
-7.415051e-03  6.148880e-03  3.960644e-04  2.402729e+02  1.000000e+00  5.330439e+01 -7.481969e+00  1.244700e+01  5.128231e+01
3 -1.770696e-01  1.481082e-01  8.730364e-01  4.457907e-01  3.258571e-01  7.280300e+00 6 1 -1.000000e+00
 2.425050e-01 -1.192313e-01 -5.319006e-01  3.825908e+01  5.000000e-01  3.570143e-01 -9.973645e-01  1.139625e+00  8.166138e-02
-3.508693e-01  5.211589e-01  1.632312e+00  0.000000e+00  0.000000e+00  1.763048e-01  8.679432e-03  2.564580e-01  5.437770e-03
 1.431853e-04 -9.481928e-05  7.808955e-07  6.883645e+01  1.000000e+00  1.143317e+03 -1.462810e+02  5.393976e+01  1.142222e+03
3 -2.800074e-01  1.953962e-01  8.388536e-01  3.491792e-01  1.135031e-01  7.983620e+00 6 1 -1.000000e+00
-6.739724e-01  3.061819e-01  1.896040e+00  0.000000e+00  0.000000e+00  2.465637e-01 -7.603494e-02  1.856604e-01  7.200589e-03
 7.946301e-02 -6.261390e-02 -2.152063e-01  5.269246e+01  5.000000e-01  1.724152e+00 -4.412163e-01  2.230791e+00  9.527399e-01
 1.245294e-02 -9.105696e-03  6.870702e-03  5.343499e+01  1.000000e+00  1.424466e+01 -1.418565e+00  5.278566e+00  1.292204e+01
3 -3.034820e-02 -4.458663e-01  1.321577e+00  5.624104e-01  1.008168e-01  7.277330e+00 6 1 -1.000000e+00
-2.082011e-02 -1.033590e+00  2.767773e+00  0.000000e+00  0.000000e+00  3.372728e-01  2.785248e-01 -1.816455e-02  6.849680e-03
 3.380793e-02  2.868574e-01 -2.790380e-01  1.509526e+02  5.000000e-01  8.071997e-01  1.864184e+00 -3.817497e-01  2.540619e-01
 2.403252e-04  1.531687e-03  1.490065e-05  1.887346e+02  1.000000e+00  2.708179e+02  6.498179e+01 -3.831323e+01  2.693301e+02
2  1.511625e+00 -2.795810e+00  1.548883e+01  1.282419e+01  3.625522e-01  1.024710e+01 6 3 -1.000000e+00
 1.430677e+00 -1.140580e+01  5.771487e+00  0.000000e+00  0.000000e+00  3.486770e-01  4.743209e-01  1.611699e-01  7.655914e-05
-3.345772e+00  3.328145e+00 -2.092465e+00  6.840901e+03  5.000000e-01  1.144377e+00  7.354802e-02  7.023821e-01  1.457145e-03
3 -5.012665e-01 -3.526994e-02  1.723166e+00  8.760798e-01  1.560121e-01  1.209640e+01 6 1 -1.000000e+00
-1.283598e+00  4.544804e-01  2.115725e+00  0.000000e+00  0.000000e+00  2.833190e-01 -2.015842e-01  1.855047e-02  1.245001e-02
 3.997120e-01  8.601167e-02 -3.300787e-01  1.109262e+02  5.000000e-01  8.696419e-01 -1.514866e+00 -8.670375e-01  3.687377e-01
 5.065948e-03  4.854532e-04  1.278262e-04  1.342651e+02  1.000000e+00  9.425985e+01 -2.867859e+01 -7.198240e+00  9.299282e+01
3  6.090433e-01 -7.615784e-02  1.798694e+00  8.591764e-01  1.063430e-01  1.064660e+01 6 1 -1.000000e+00
 1.490997e+00 -3.570971e-01  2.074711e+00  0.000000e+00  0.000000e+00  2.908797e-01 -1.359634e-01  4.869047e-02  6.145895e-03
-2.656421e-01  2.957972e-02 -2.206311e-01  1.637497e+02  5.000000e-01  1.454951e+00 -2.154514e+00  3.122513e-01  6.015223e-01
-8.942081e-03  1.563243e-03  3.002250e-04  1.736553e+02  1.000000e+00  6.535626e+01 -2.625585e+01  1.102374e+01  6.325179e+01
1  3.364961e-01  4.719414e-01  0.000000e+00  4.964839e-01  0.000000e+00  1.386950e+01 0 2 -1.000000e+00
 7.957297e-01  5.394347e-01  3.089668e+00  0.000000e+00  0.000000e+00  3.047553e-01  4.966597e-02 -3.965339e-01  1.727980e-02
2 -3.068192e-01  6.305462e-02  1.385096e+00  7.256700e-01  1.766109e-01  1.208290e+01 6 3 -1.000000e+00
-9.359956e-01 -9.890762e-02  3.104393e+00  0.000000e+00  0.000000e+00  2.996335e-01 -4.103131e-01 -5.676735e-03  4.693056e-03
 4.481970e-01 -1.489198e-01 -5.482694e-01  9.747011e+01  5.000000e-01  4.926652e-01 -1.156548e+00  8.623845e-01  9.302996e-02
3 -3.913437e-01  2.964716e-01  1.761950e+00  7.605292e-01  2.950407e-01  1.148990e+01 6 1 -1.000000e+00
-1.000168e+00  9.860269e-01  1.714668e+00  0.000000e+00  0.000000e+00  2.358475e-01 -2.472046e-02  1.070460e-02  3.752764e-03
 3.270746e-01 -1.728069e-01 -5.058968e-01  1.961040e+02  5.000000e-01  6.865793e-01 -8.817364e-01  1.139062e+00  1.995749e-01
 1.494288e-03 -8.895921e-04  1.573898e-05  2.428435e+02  1.000000e+00  2.632674e+02 -5.135292e+01  5.109380e+01  2.617065e+02
3 -3.447409e-01 -2.702612e-01  4.193857e+00  1.692429e+00  6.855322e-01  1.594230e+01 6 3 -1.000000e+00
-2.817752e+00 -1.499219e+00  3.327502e+00  0.000000e+00  0.000000e+00  4.484728e-01 -5.939981e-02 -1.132156e-02  2.547614e-03
 3.393820e-01  1.261386e+00 -2.281110e+00  2.166054e+02  5.000000e-01  8.296746e-01  6.547837e-01 -1.966014e-01  3.736822e-02
 2.071430e-03  1.626152e-03  6.034122e-05  3.139378e+02  1.000000e+00  1.299264e+02 -1.494656e+00 -6.881787e+00  1.274869e+02
1 -2.725806e-01 -1.350990e-01  0.000000e+00  6.852242e-02  0.000000e+00  7.572730e+00 0 2  2.806761e-01
-3.956897e-02 -1.218947e-01  3.566157e+00  0.000000e+00  0.000000e+00  4.550121e-01  4.489222e-02 -1.207585e-01  3.979183e-02
2  1.206255e+00 -1.266372e+00  3.136780e+00  1.466895e+00  1.681795e-03  1.533920e+01 6 2 -1.000000e+00
 1.987961e+00 -2.313499e+00  3.199801e+00  0.000000e+00  0.000000e+00  3.399160e-01  3.781031e-02  3.489438e-01  2.749153e-04
-6.270152e-02  6.014222e-02 -5.381410e-03  1.258063e+03  5.000000e-01  7.319807e+00  1.819480e-01  1.502437e+01  4.906483e+00
3 -1.703914e-01  5.236687e-02  4.568733e-01  1.858189e-01  3.598730e-01  1.327720e+01 6 1 -1.000000e+00
-4.085670e-01  1.385224e-01  2.173653e+00  0.000000e+00  0.000000e+00  3.185762e-01 -5.870255e-02  2.893663e-02  7.325516e-03
 2.169056e-02 -6.763933e-03  6.316681e-01  3.299408e+01  1.000000e+00  5.072073e+00 -3.197081e+00  2.185713e+00  4.234524e+00
 2.431727e-02 -7.574947e-03 -7.822389e-01  3.299397e+01  5.000000e-01  4.447366e+00 -2.997971e+00  2.043253e+00  3.630618e+00
3  1.407064e+00 -1.760927e+00  1.988471e+00  1.161310e+00  2.656481e-01  1.410890e+01 6 1  2.994627e-01
-1.493039e-01 -1.701573e+00  2.070064e+00  0.000000e+00  0.000000e+00  2.523869e-01  2.277063e-01  1.549140e-01  1.653573e-02
-2.381640e-01  2.849114e-01 -5.499087e-01  6.504818e+01  5.000000e-01  1.372320e+00  1.217082e-01  1.393662e+00  4.837547e-01
-3.186340e-02  4.902601e-02  3.060333e-02  6.657335e+01  1.000000e+00  7.180974e+00  5.686333e-01  2.281429e+00  5.374403e+00
1  1.696352e+00 -1.678736e+00  0.000000e+00  2.240590e+00  0.000000e+00  1.713780e+01 0 2 -1.000000e+00
 2.798206e+00 -2.604109e+00  8.343165e+00  0.000000e+00  0.000000e+00  4.436105e-01 -5.984162e-03  4.355167e-01  3.900646e-03
3  1.568659e-01 -6.420088e-01  1.391319e+00  6.189337e-01  2.584138e-01  1.932640e+01 6 1  2.862593e-01
 1.078693e+00  1.554185e-01  1.838399e+00  0.000000e+00  0.000000e+00  2.209200e-01 -1.992080e-01 -1.527423e-01  3.549312e-03
-3.041786e-01  2.336365e-03 -4.750676e-01  6.875702e+01  5.000000e-01  8.324047e-01 -1.458875e+00 -6.880425e-02  1.527175e-01
-1.917761e-03  7.734711e-05  2.679469e-05  8.188332e+01  1.000000e+00  2.029680e+02 -4.926664e+01  3.229611e+01  1.997822e+02
3  2.184038e-01  8.138677e-02  1.188971e+00  4.665268e-01  2.062598e-01  1.192960e+01 6 1 -1.000000e+00
 9.180607e-01 -4.057542e-01  2.231515e+00  0.000000e+00  0.000000e+00  3.001366e-01 -1.418279e-01 -1.468589e-01  3.531534e-03
-2.531132e-01 -2.008046e-01 -4.602718e-01  8.637671e+01  5.000000e-01  6.184911e-01 -2.935832e-01 -1.493984e+00  8.889142e-02
-5.250640e-04 -2.613550e-04  1.172899e-05  1.267939e+02  1.000000e+00  2.945698e+02  2.434306e+01 -1.821697e+01  2.926659e+02
3  5.009986e-01  9.608133e-01  6.079595e-01  3.319750e-01  8.907648e-01  1.064630e+01 6 3  3.057169e-01
-1.492706e-01  4.791288e-02 -2.932651e+00  5.749517e+00  5.000000e-01  1.124326e+00 -4.355786e-01  4.083096e-01  1.364954e-01
 4.144538e-01  2.755742e-01  3.292284e+00  0.000000e+00  0.000000e+00  4.068785e-01 -1.856410e-01 -1.165761e-01  1.833702e-02
-4.107958e-02  5.444376e-03  5.748679e-01  5.863632e+00  1.000000e+00  2.441185e+00 -4.488418e-01  3.688157e-01  4.687072e-01
3 -2.457373e-01  1.081115e-01  1.578293e+00  7.867861e-01  5.480133e-01  3.546680e+00 6 3 -1.000000e+00
 4.190361e-01 -2.120605e-01 -2.140809e+00  4.240513e+01  5.000000e-01  8.677747e-01 -3.771713e-01  5.850970e-01  1.668346e-01
-1.062163e+00  3.329708e-01  3.906491e+00  0.000000e+00  0.000000e+00  4.202830e-01 -2.190503e-01  1.791775e-01  2.101787e-02
 1.736611e-02 -7.340989e-03  8.568656e-03  4.876708e+01  1.000000e+00  1.231688e+01 -2.406445e+00  2.361433e+00  1.032082e+01
3  4.914543e-02 -2.254053e-01  7.946952e-01  4.038656e-01  3.043057e-01  1.867580e+01 6 1 -1.000000e+00
 7.183118e-02 -5.785667e-01  2.157449e+00  0.000000e+00  0.000000e+00  2.480898e-01  2.947014e-01  1.225145e-01  2.451136e-02
-5.016120e-02  2.067093e-01 -6.565241e-01  1.998993e+01  5.000000e-01  6.639833e-01  1.112693e+00  6.308686e-01  3.060115e-01
-9.904955e-04  4.983639e-03  9.650272e-04  2.372955e+01  1.000000e+00  3.359706e+01  4.900069e+00  1.522252e+00  3.270902e+01
2  4.988555e-01  3.087083e-01  1.611905e+00  8.586787e-01  3.834861e-02  1.180400e+01 6 2 -1.000000e+00
 1.250421e+00  8.281119e-03  4.813029e+00  0.000000e+00  0.000000e+00  3.533568e-01 -3.928116e-01 -2.368062e-01  4.437512e-03
-3.440281e-01 -2.283007e-01 -1.845729e-01  2.158488e+02  5.000000e-01  7.254588e-01 -9.081386e-01 -2.160687e+00  1.754093e-01
3  2.968831e-01  2.286797e-01  8.982465e-01  4.610813e-01  3.793146e-03  1.091840e+01 6 2  2.789687e-01
-7.707339e-01  3.271590e-01  6.950539e+00  0.000000e+00  0.000000e+00  3.201514e-01 -4.858083e-01  2.868985e-01  1.429252e-03
 3.889934e-03 -1.503723e-03  1.448103e-04  1.133276e+02  1.000000e+00  9.103903e+01 -2.288629e+01  2.603187e+01  8.658742e+01
 5.714210e-02 -2.136382e-02 -2.636441e-02  1.116792e+02  5.000000e-01  3.746036e+00 -5.208196e+00  4.283144e+00  1.660740e+00
3 -2.859572e-01  1.176446e-01  1.142300e+00  6.403247e-01  1.050533e-01  8.958960e+00 6 3 -1.000000e+00
-8.415246e-01  9.690693e-02  4.083209e+00  0.000000e+00  0.000000e+00  3.958424e-01 -2.907737e-01  1.885515e-01  6.486632e-03
 2.812938e-01 -1.131622e-01 -4.289546e-01  1.078705e+02  5.000000e-01  7.471244e-01 -1.037339e+00  1.148531e+00  1.068608e-01
 5.074338e-04 -1.646068e-04  3.779278e-06  1.572975e+02  1.000000e+00  5.259423e+02 -9.944314e+01  3.278254e+01  5.233778e+02
3 -2.798667e-01  2.558383e-01  1.473699e+00  6.098431e-01  1.627818e-01  1.368540e+01 6 1 -1.000000e+00
-4.462483e-01  1.120518e+00  2.158788e+00  0.000000e+00  0.000000e+00  3.096363e-01 -6.573439e-02  9.517366e-02  3.008649e-03
 2.689591e-01 -1.679957e-01 -3.514113e-01  1.990341e+02  5.000000e-01  7.181532e-01 -9.539134e-01  1.419562e+00  1.372738e-01
 5.086860e-04 -4.694563e-04  4.299524e-06  2.652370e+02  1.000000e+00  4.921563e+02 -5.696465e+00  9.283398e+01  4.903490e+02
3 -4.896513e-01 -6.126216e-02  1.601059e+00  6.560533e-01  3.255356e-01  1.866680e+01 6 1 -1.000000e+00
-1.300289e+00 -1.033983e-01  1.700620e+00  0.000000e+00  0.000000e+00  2.276314e-01 -8.719054e-02 -3.049773e-02  1.343915e-02
 2.940420e-01  4.321568e-02 -5.536123e-01  6.137045e+01  5.000000e-01  1.042725e+00 -1.276220e+00 -4.235641e-01  5.150470e-01
 2.060862e-02  2.578993e-03  3.757716e-03  6.458520e+01  1.000000e+00  1.842956e+01 -5.943651e+00 -1.530820e+00  1.725840e+01
3  2.463907e+00 -7.363342e-01  1.863094e+00  9.486018e-01  1.401012e-01  1.932630e+01 6 1  2.993049e-01
 9.144608e-02 -2.928344e-01 -2.910160e-01  1.289842e+02  5.000000e-01  1.515652e+00  1.594551e+00  1.076819e+00  6.225124e-01
-1.549815e-01  1.553890e+00  2.077185e+00  0.000000e+00  0.000000e+00  2.381399e-01  3.145624e-01 -7.775516e-03  9.885310e-03
 7.583891e-03 -2.825061e-02  4.070113e-03  1.329864e+02  1.000000e+00  1.818632e+01  5.500044e+00  4.407451e+00  1.610039e+01
5  7.626564e-02  1.320578e-01  2.075859e+00  9.568153e-01  1.000000e+00  1.464560e+01 6 3 -1.000000e+00
-3.546787e-01 -5.857591e-01 -1.420788e+00  4.568853e+01  5.000000e-01  7.328328e-01  4.387570e-01 -7.633516e-01  1.677215e-01
 1.154912e+00 -1.056570e-01  4.142246e+00  0.000000e+00  0.000000e+00  4.374532e-01 -2.734173e-01 -1.693850e-02  4.474230e-02
 4.798183e-01  8.312355e-01 -4.736082e+00  9.597507e+00  5.000000e-01  5.605207e-01  3.470618e-01 -5.327618e-01  7.488581e-02
-6.661945e-01  8.907163e-01  4.461302e+00  1.470914e+00  0.000000e+00  4.176640e-01  2.009218e-01  2.731225e-01  4.564858e-02
-2.389853e-03 -3.916673e-03  1.166234e-03  8.047495e+01  1.000000e+00  3.081090e+01  2.024865e+00 -5.208527e+00  2.904495e+01
3 -5.115155e-01 -1.179475e+00  2.299633e+00  1.217647e+00  3.586811e-01  9.214680e+00 6 1  2.756651e-01
 1.483059e+00 -9.761266e-01  2.768926e+00  0.000000e+00  0.000000e+00  3.431736e-01 -1.254519e-01  2.335206e-01  3.324728e-03
-4.743587e-01  2.308640e-01 -9.931612e-01  2.284178e+02  5.000000e-01  9.721521e-01 -5.724820e-01  8.245761e-01  1.338966e-01
-3.544034e-03  1.352617e-03  3.856842e-05  2.652347e+02  1.000000e+00  1.866446e+02 -7.754776e+01  5.022277e+01  1.830141e+02
3  1.100656e-01 -8.693977e-02  7.993015e-01  3.874814e-01  5.868862e-01  1.078240e+01 6 1 -1.000000e+00
 3.186078e-01 -4.412843e-01  1.994892e+00  0.000000e+00  0.000000e+00  2.401948e-01  3.212036e-02  2.738465e-01  2.244226e-02
-2.689382e-01  1.006314e-01 -1.170775e+00  2.103076e+01  5.000000e-01  4.424983e-01 -8.940734e-01  6.046290e-01  1.275854e-01
-5.813401e-04  4.575841e-04  3.817360e-05  3.713573e+01  1.000000e+00  1.644053e+02 -5.555306e+00  2.177898e+01  1.633436e+02
3  2.386606e+00 -1.646047e+00  2.372984e+00  1.178008e+00  5.524758e-02  1.193140e+01 6 2  2.719542e-01
 2.030252e+00 -4.920739e-01  3.563251e+00  0.000000e+00  0.000000e+00  3.300722e-01 -4.063758e-01  5.494857e-02  6.272745e-04
-2.900928e-01  4.966359e-03 -1.968610e-01  5.310471e+02  5.000000e-01  1.571338e+00 -2.321204e+00  1.347817e-01  1.787754e-01
-4.020998e-03 -2.604701e-04  4.568796e-05  5.593121e+02  1.000000e+00  1.504207e+02 -1.603783e+01 -1.348053e+01  1.459129e+02
1  2.854370e-02  5.424526e-02  0.000000e+00  1.357938e-02  0.000000e+00  1.713240e+01 0 2  2.721824e-01
 3.109002e-02 -3.417273e-02  3.098122e+00  0.000000e+00  0.000000e+00  4.313302e-01 -2.467305e-02  6.296015e-04  3.443371e-03
3 -3.274836e-01  2.967456e-01  8.713601e-01  3.531103e-01  1.135341e-01  7.982180e+00 6 1 -1.000000e+00
-5.333489e-01  5.354873e-01  1.660316e+00  0.000000e+00  0.000000e+00  1.719873e-01 -4.585506e-02  2.849690e-01  1.242522e-02
 8.247297e-02 -8.097985e-02 -1.885025e-01  3.707835e+01  5.000000e-01  1.448902e+00 -1.665717e-01  2.340670e+00  1.095740e+00
 1.344275e-02 -1.375527e-02  7.943246e-03  3.765439e+01  1.000000e+00  1.280757e+01  4.703747e-01  3.647501e+00  1.226166e+01
3 -2.475504e+00 -5.197851e-01  5.551581e+00  2.871913e+00  4.807902e-03  1.473850e+01 6 2 -1.000000e+00
-5.264941e+00 -7.066424e-01  3.741690e+00  0.000000e+00  0.000000e+00  3.881447e-01 -3.259620e-01  2.927079e-02  1.196841e-03
 3.515519e-02  1.135540e-02  4.008531e-04  1.352685e+03  1.000000e+00  6.771099e+01 -3.469968e+01 -2.741549e+01  6.452759e+01
 2.314603e-01  7.413717e-02 -1.798968e-02  1.346414e+03  5.000000e-01  6.779528e+00 -7.785331e+00 -5.327194e+00  4.691511e+00
3 -1.810443e-01 -5.585561e-01  1.213448e+00  4.834894e-01  1.356514e-01  1.368380e+01 6 1 -1.000000e+00
-2.776932e-01 -1.073314e+00  1.650244e+00  0.000000e+00  0.000000e+00  2.021507e-01  1.411461e-01 -1.032974e-01  2.597644e-02
 2.816104e-02  6.374557e-02  1.040386e-01  1.075178e+02  1.000000e+00  7.031554e+00  3.471105e+00 -3.836568e+00  6.624386e+00
 4.261197e-02  9.709636e-02 -2.238580e-01  1.074924e+02  5.000000e-01  4.304103e+00  2.725271e+00 -2.820835e+00  3.932953e+00
3  2.013022e+00  1.060404e+00  5.164383e+00  3.070130e+00  3.785977e-03  1.387090e+01 6 2 -1.000000e+00
 2.964478e+00  4.007829e+00  3.600253e+00  0.000000e+00  0.000000e+00  4.028640e-01 -2.734264e-02 -2.794021e-01  3.629485e-04
-1.809819e-01 -8.813666e-02 -1.363048e-02  2.024656e+03  5.000000e-01  4.660683e+00 -5.856765e+00 -7.243198e+00  2.737889e+00
-1.063166e-02 -5.367595e-03  5.294875e-05  2.046541e+03  1.000000e+00  1.528716e+02 -3.957288e+01 -5.111539e+01  1.496152e+02
4 -1.155721e+00  2.624681e+00  2.222871e+01  6.554174e+00  1.000000e+00  1.866300e+01 6 3 -1.000000e+00
-1.022357e+01 -2.486505e+00  3.067009e+00  3.251762e+03  0.000000e+00  3.754476e-01 -1.755216e-01  1.822287e-01  7.311304e-05
-5.341689e+00  4.877546e+00 -2.569650e+00  4.378047e+03  5.000000e-01  6.738773e-01  3.481143e-02  7.030663e-01  7.787249e-05
 7.783043e+00  1.054721e+01  2.165934e+00  0.000000e+00  0.000000e+00  3.059602e-01  1.255167e-01  6.513150e-02  1.075731e-05
 8.806057e-02 -1.641049e-01 -1.085347e-02  8.946990e+03  5.000000e-01  5.308218e+00  6.737445e+00  8.081092e+00  1.565544e+00
3  3.054506e-01 -1.136506e-01  9.657155e-01  4.119329e-01  1.363101e-01  1.171710e+01 6 1 -1.000000e+00
 7.160330e-01 -4.171143e-01  2.099654e+00  0.000000e+00  0.000000e+00  3.007435e-01 -1.020513e-01  4.771040e-02  1.234565e-02
-1.318212e-01  4.521648e-02 -2.862041e-01  6.976938e+01  5.000000e-01  1.534822e+00 -1.598831e+00  1.106248e+00  9.101209e-01
-1.505083e-02  5.696022e-03  5.393449e-03  7.156543e+01  1.000000e+00  1.632329e+01 -5.273314e+00  4.645995e+00  1.526645e+01
3  2.573546e-01 -1.986566e-01  1.067667e+00  4.826907e-01  1.861124e-01  1.327090e+01 6 1 -1.000000e+00
 7.912074e-01 -2.885763e-01  1.889438e+00  0.000000e+00  0.000000e+00  2.551785e-01 -5.622647e-03  1.595919e-01  3.295011e-03
-1.739528e-01  1.679080e-01 -3.516478e-01  9.620530e+01  5.000000e-01  5.580399e-01  1.658913e-01  1.735386e+00  9.192467e-02
-2.789630e-04  1.695461e-04  1.477751e-06  1.349154e+02  1.000000e+00  8.331753e+02 -1.157863e+02  4.904318e+01  8.315021e+02
3  9.163695e-02 -1.268304e-02  2.893252e-01  1.330982e-01  2.433391e-01  1.066340e+01 6 1 -1.000000e+00
 2.332052e-01 -2.204164e-02  2.150191e+00  0.000000e+00  0.000000e+00  2.893235e-01 -1.905577e-01  6.061270e-02  3.005568e-02
-5.470275e-02  6.561103e-03 -5.232255e-01  8.341726e+00  5.000000e-01  1.209032e+00 -1.344327e+00  3.843204e-01  7.839994e-01
-6.965870e-03  7.206821e-04  1.328011e-02  8.626306e+00  1.000000e+00  1.055311e+01 -3.938736e+00  6.690990e-01  9.888501e+00
5 -6.492499e-01  3.890359e-01  1.088347e+00  4.725559e-01  1.000000e+00  1.078900e+01 6 3  3.061966e-01
-1.325892e-01 -3.738353e-01 -2.716453e+00  1.679732e+00  5.000000e-01  7.237043e-01  5.292196e-01 -4.054542e-01  2.964294e-01
 5.848770e-01 -1.868439e-03  4.220263e+00  0.000000e+00  0.000000e+00  4.281386e-01 -2.975711e-01 -3.904918e-02  1.329578e-01
-4.665255e-01  2.792943e-01  5.766818e+00  5.178105e-01  0.000000e+00  4.660416e-01 -1.109706e-01  3.152638e-01  1.577066e-01
 2.093344e-02  4.747983e-01 -5.297227e+00  8.058595e-01  5.000000e-01  6.034673e-01  5.812478e-01 -9.037251e-02  2.181242e-01
-2.612182e-03 -3.618440e-03  1.461592e-02  2.940001e+00  1.000000e+00  9.403476e+00  7.642428e-01 -1.271147e+00  7.992416e+00
3  6.820437e-02 -5.152541e-01  6.559627e-01  3.600862e-01  5.170503e-01  1.553730e+01 6 1  2.869012e-01
-3.167111e-01 -4.169969e-01  2.142579e+00  0.000000e+00  0.000000e+00  2.931298e-01  1.084545e-01 -1.455187e-01  9.489202e-03
 3.696127e-02  1.354548e-01 -1.107821e+00  8.703265e+00  5.000000e-01  8.283814e-01  8.891322e-01 -3.762576e-01  2.129466e-01
 4.818686e-03  8.527043e-03  1.295252e-02  9.255855e+00  1.000000e+00  9.814756e+00 -4.335462e-01 -5.539987e-01  8.521997e+00
1  3.582388e-01 -8.501754e-02  0.000000e+00  6.546360e-01  0.000000e+00  1.746450e+01 0 2 -1.000000e+00
 6.141333e-01 -6.354990e-01  3.040847e+00  0.000000e+00  0.000000e+00  3.429861e-01 -1.588494e-01  2.785290e-01  3.726700e-02
5  3.644232e-02  1.216318e-01  8.687480e-01  3.789836e-01  1.000000e+00  1.515440e+01 6 3 -1.000000e+00
-3.290216e-02 -2.177307e-01 -5.906993e-01  8.551319e+00  5.000000e-01  7.268980e-01  1.269671e+00 -3.942456e-01  3.695070e-01
 4.995201e-01  1.656290e-01  2.361526e+00  0.000000e+00  0.000000e+00  2.891597e-01 -1.153096e-02 -2.858426e-01  5.196306e-02
-3.610556e-01  2.845095e-01  4.379164e+00  2.093085e+00  0.000000e+00  3.566066e-01  1.722340e-01  3.948879e-01  9.305646e-02
-1.170386e-01  3.764506e-01 -4.180701e+00  2.288684e+00  5.000000e-01  3.973710e-01  7.386257e-01  2.383026e-01  1.153067e-01
-1.113351e-03 -4.478111e-03  2.200076e-03  1.112284e+01  1.000000e+00  2.263014e+01  3.540052e+00 -8.952175e-01  2.172286e+01
3 -2.866251e+00  4.449545e+00  4.169594e+00  2.211161e+00  2.754623e-02  1.847210e+01 6 2  2.817019e-01
 3.997483e+00  4.139101e-02  3.568086e+00  0.000000e+00  0.000000e+00  4.266210e-01 -1.498548e-01  1.613837e-01  8.200429e-04
-1.717319e-01  9.767924e-02 -9.828732e-02  5.074653e+02  5.000000e-01  5.387167e+00 -2.872037e+00  4.601401e+00  3.365498e+00
-6.627665e-02  3.848182e-02  1.337555e-02  5.078590e+02  1.000000e+00  1.612773e+01 -6.282438e+00  1.070589e+01  1.351577e+01
3  1.422049e-02 -6.475378e-01  2.585575e+00  1.033951e+00  1.522379e-01  1.594180e+01 6 3 -1.000000e+00
 4.030210e-01 -1.943531e+00  3.764515e+00  0.000000e+00  0.000000e+00  3.987643e-01  2.951155e-01  9.355632e-02  3.227824e-02
 5.302438e-03  6.112725e-01 -5.731018e-01  1.670294e+02  5.000000e-01  1.270356e+00  1.343983e+00 -1.081324e-01  5.657485e-01
-1.203997e-03  3.497628e-02  3.284493e-03  1.811144e+02  1.000000e+00  2.176019e+01  1.121775e+01  8.284968e-01  2.017719e+01
2 -1.831710e+00 -8.138639e-01  2.996807e+00  1.383050e+00  1.207320e-01  9.785410e+00 6 3  2.724108e-01
 4.861191e-02 -2.468341e+00  5.272702e+00  0.000000e+00  0.000000e+00  5.376978e-01  1.368813e-01  7.301215e-02  1.402336e-03
-3.173956e-01  5.060321e-01 -6.365837e-01  5.296066e+02  5.000000e-01  1.144059e+00  4.549172e-01  1.176728e+00  7.930931e-02
3 -1.045957e+00 -9.937058e-01  1.670752e+00  7.855806e-01  1.255229e-01  1.545820e+01 6 1  2.897527e-01
-1.258348e+00 -5.225064e-01  2.406454e+00  0.000000e+00  0.000000e+00  2.202111e-01 -2.699787e-01 -3.458801e-01  1.089611e-02
 2.712683e-01  1.495687e-01 -3.020651e-01  5.988524e+01  5.000000e-01  1.045730e+00 -1.076780e+00 -1.467372e+00  4.630435e-01
 1.955180e-02  1.233846e-02  3.342476e-03  6.278697e+01  1.000000e+00  1.863598e+01 -1.931929e-01 -3.436701e+00  1.717337e+01
1 -1.661077e-01  3.140692e-01  0.000000e+00  1.991131e+00  0.000000e+00  7.279810e+00 0 2  2.855767e-01
 2.872331e-01 -3.018091e+00  3.456487e+00  0.000000e+00  0.000000e+00  2.757176e-01  4.831034e-01  4.341642e-02  2.726139e-03
3 -1.421162e+00 -1.246823e-01  1.837919e+00  9.187766e-01  2.594554e-01  1.756170e+01 6 1  2.927850e-01
 3.022072e-01 -3.824991e-01 -6.681674e-01  1.012302e+02  5.000000e-01  1.098835e+00  1.524214e-01  1.217853e+00  9.101313e-02
-3.897007e-01  1.320208e+00  2.575268e+00  0.000000e+00  0.000000e+00  2.679986e-01  2.812202e-01  2.615956e-01  9.815799e-03
 1.406528e-02 -2.532861e-02  6.241626e-03  1.102277e+02  1.000000e+00  1.491530e+01  3.279858e+00  4.760603e+00  8.440132e+00
3  1.488631e-01  7.885035e-01  4.509060e+00  2.449383e+00  2.313069e-01  1.193490e+01 6 3 -1.000000e+00
-5.173110e-01 -1.002805e+00 -1.082297e+00  4.841712e+02  5.000000e-01  1.089682e+00  5.821628e-01 -7.701233e-01  9.890258e-02
-9.087372e-01  3.489233e+00  4.679053e+00  0.000000e+00  0.000000e+00  4.858009e-01  2.075612e-01  8.718125e-02  1.105575e-03
-3.989036e-03 -7.317653e-03  1.268331e-04  5.742184e+02  1.000000e+00  9.948990e+01  5.351345e+00 -4.227583e+01  9.674526e+01
4  3.386842e+00 -2.800950e+00  8.594193e+00  3.369894e+00  1.000000e+00  1.319680e+01 6 3  2.731998e-01
-2.305217e+00 -3.940927e+00  3.170507e+00  0.000000e+00  0.000000e+00  4.242389e-01  4.074470e-02 -1.201402e-01  9.367723e-05
 2.011774e+00 -8.356405e-01 -2.273981e+00  9.338846e+02  5.000000e-01  1.079198e+00 -4.404728e-01  5.020094e-01  1.897604e-03
-2.078988e+00  1.429909e+00 -2.614784e+00  8.133622e+02  5.000000e-01  9.748913e-01 -2.573190e-01  5.629016e-01  1.085653e-03
 1.711959e+00  3.656602e+00  3.915591e+00  3.523034e+02  0.000000e+00  4.748061e-01  1.062036e-01 -9.570880e-02  1.306927e-04
3  1.195834e-01 -1.026567e-03  6.968252e-01  3.371186e-01  4.025223e-01  7.984130e+00 6 1 -1.000000e+00
-2.241479e-01  1.046057e-01 -7.437713e-01  1.172996e+01  5.000000e-01  5.624429e-01 -7.240054e-01  1.005869e+00  2.191763e-01
 4.579907e-01  2.469161e-01  1.847777e+00  0.000000e+00  0.000000e+00  2.347619e-01 -1.874627e-01 -9.620863e-02  2.279401e-02
-1.402740e-03  1.373418e-04  2.065430e-04  1.793308e+01  1.000000e+00  7.146696e+01 -8.541136e+00  7.143814e+00  7.035852e+01
3 -3.356180e-01 -5.636859e-02  1.319470e+00  8.412706e-01  8.263249e-02  1.066370e+01 6 2 -1.000000e+00
-6.377280e-01 -6.448289e-01  3.974814e+00  0.000000e+00  0.000000e+00  2.363745e-01 -1.602035e-01 -5.530594e-01  4.075347e-02
 4.641476e-01  8.103023e-02 -3.284488e-01  4.991261e+01  5.000000e-01  5.782284e-01 -1.714591e+00 -5.316810e-01  3.124546e-01
 1.600829e-03  3.529440e-04  2.142318e-05  8.609063e+01  1.000000e+00  2.306613e+02 -6.718578e+01 -3.939488e+01  2.298353e+02
3  7.474413e-02 -8.402339e-02  3.571009e-01  1.188071e-01  1.412595e-01  1.553400e+01 6 1 -1.000000e+00
 2.641587e-01 -1.715371e-01  1.948746e+00  0.000000e+00  0.000000e+00  2.802648e-01  6.720223e-02  1.876195e-02  6.007379e-03
-2.419790e-02  3.910838e-02 -2.752789e-01  1.492011e+01  5.000000e-01  1.508342e+00  9.577712e-01  1.724461e+00  9.066866e-01
-2.906527e-03  4.172301e-03  4.776053e-03  1.526672e+01  1.000000e+00  1.713712e+01  3.426939e+00  6.267750e+00  1.617382e+01
1 -3.106612e-01 -7.259630e-01  0.000000e+00  1.493673e-01  0.000000e+00  1.477440e+01 0 2  2.818210e-01
 3.095992e-01  7.342449e-02  3.342493e+00  0.000000e+00  0.000000e+00  4.404482e-01 -7.782991e-02 -8.867266e-02  5.188282e-03
1 -1.210728e-03  1.444571e-02  0.000000e+00  7.757723e-02  0.000000e+00  1.745970e+01 0 2  2.768053e-01
-2.064383e-01  1.403697e-01  3.097237e+00  0.000000e+00  0.000000e+00  2.496512e-01 -7.814974e-02  4.837845e-01  7.390094e-04
3  2.444825e-01 -4.055725e-01  1.089722e+00  5.868760e-01  1.072431e-01  1.438650e+01 6 1 -1.000000e+00
 3.764964e-01 -8.363596e-01  2.042743e+00  0.000000e+00  0.000000e+00  2.278541e-01  2.062188e-01  2.532692e-01  3.226097e-02
-1.136955e-01  1.368859e-01 -2.190701e-01  6.755192e+01  5.000000e-01  1.923852e+00  5.783877e-01  2.254710e+00  1.553687e+00
-2.272156e-02  2.707277e-02  1.299391e-02  6.864306e+01  1.000000e+00  1.161505e+01  4.170459e-01  5.962071e+00  1.107327e+01
3  3.726407e-01  1.765934e-01  1.475162e+00  6.533196e-01  2.777110e-01  1.271930e+01 6 1 -1.000000e+00
-2.780850e-01 -1.674448e-01 -6.273264e-01  1.009876e+02  5.000000e-01  9.416612e-01 -5.068540e-01 -1.157829e+00  4.101705e-01
 1.128373e+00  2.775044e-01  2.258918e+00  0.000000e+00  0.000000e+00  3.042715e-01 -1.393326e-01 -1.481036e-01  1.706080e-02
-1.357441e-02 -6.749953e-03  2.535816e-03  1.100702e+02  1.000000e+00  2.186420e+01 -3.613363e+00 -5.282817e+00  2.072140e+01
3  5.347766e-02 -1.008727e-01  4.116351e-01  1.796315e-01  2.780418e-01  1.672160e+01 6 1 -1.000000e+00
 2.489164e-01 -2.091217e-01  1.835405e+00  0.000000e+00  0.000000e+00  2.369498e-01  9.670915e-02  1.674935e-01  3.977229e-02
-3.021255e-02  9.341827e-02 -5.103193e-01  8.095214e+00  5.000000e-01  9.735520e-01  1.227266e+00  6.738509e-01  6.742795e-01
-2.839936e-03  5.926577e-03  5.731076e-03  8.804952e+00  1.000000e+00  1.510634e+01  3.432609e+00  3.566322e+00  1.456193e+01
2 -2.848697e-01 -5.857387e-01  2.935675e+00  1.165473e+00  1.744040e-01  9.987710e+00 6 1 -1.000000e+00
-2.189728e+00 -1.427420e+00  2.147055e+00  0.000000e+00  0.000000e+00  3.128431e-01  6.874076e-02 -4.129195e-02  4.691019e-04
 9.734249e-02  4.130947e-01 -3.744549e-01  8.801203e+02  5.000000e-01  1.279334e+00  1.566555e+00 -5.426604e-01  9.893517e-02
3  5.398379e-01  8.444981e-01  4.362232e+00  1.629897e+00  3.857619e-01  9.530530e+00 6 1 -1.000000e+00
-3.144338e-02 -9.894075e-01 -9.520515e-01  4.084960e+02  5.000000e-01  1.236355e+00  1.045995e+00 -1.100954e-01  6.249993e-01
 2.834691e+00  2.299109e+00  2.467977e+00  0.000000e+00  0.000000e+00  3.424478e-01  2.546298e-02 -1.628999e-01  1.059400e-02
-2.088788e-02 -1.237121e-01  3.798744e-02  4.226743e+02  1.000000e+00  6.935698e+00  2.953609e+00  4.292021e-01  5.980526e+00
3 -2.537441e-01  3.129150e-01  1.307153e+00  7.414168e-01  1.367989e-01  1.386150e+01 6 3 -1.000000e+00
 2.585591e-01 -2.616126e-01 -4.282287e-01  4.898129e+01  5.000000e-01  8.842875e-01  1.291643e-01  1.527058e+00  6.025741e-01
-5.237219e-01  7.856154e-01  3.130352e+00  0.000000e+00  0.000000e+00  2.599030e-01  1.881262e-01  4.392028e-01  5.918859e-02
 1.052900e-02 -1.036404e-02  2.013779e-03  5.674119e+01  1.000000e+00  2.474245e+01 -1.780254e+00  7.997223e+00  2.417587e+01
3 -1.020440e-01 -1.299352e-01  5.131159e-01  2.058678e-01  1.148471e-01  1.371140e+01 6 1 -1.000000e+00
-3.133696e-01 -2.480675e-01  2.778069e+00  0.000000e+00  0.000000e+00  3.353769e-01 -1.444770e-02 -2.855747e-01  4.369784e-03
 6.149103e-02  1.023144e-01 -3.190531e-01  2.310458e+01  5.000000e-01  7.810353e-01  7.627307e-01 -1.612595e+00  1.683414e-01
 2.968560e-04  5.763223e-04  2.543668e-05  2.922851e+01  1.000000e+00  2.043699e+02  4.453910e+01 -7.891225e+00  2.026007e+02
1 -5.605084e-02  1.124587e-01  0.000000e+00  7.318006e-02  0.000000e+00  1.745730e+01 0 2  2.831001e-01
-4.813436e-02 -1.268147e-01  5.290012e+00  0.000000e+00  0.000000e+00  4.721228e-01  2.931592e-01  6.063463e-02  3.535988e-04
1 -6.582143e+00  1.224544e+01  0.000000e+00  7.444064e+00  0.000000e+00  1.611900e+01 0 2 -1.000000e+00
-1.258380e+01  1.880385e+01  3.035490e+00  0.000000e+00  0.000000e+00  3.518259e-01  2.433622e-01  1.773935e-01  6.259587e-04
3  3.905940e-01 -1.007931e+00  1.053079e+00  6.257696e-01  2.071897e-01  1.801250e+01 6 3  2.885204e-01
-3.490239e-01 -1.060765e-01 -1.169075e+00  2.347610e+01  5.000000e-01  8.278200e-01 -8.014632e-01 -4.926251e-01  9.412854e-02
 5.672727e-01  4.129373e-01  5.642536e+00  0.000000e+00  0.000000e+00  4.284822e-01 -1.061154e-01 -3.716810e-01  1.422068e-02
-1.084355e-03 -4.279568e-04  4.654497e-05  3.634192e+01  1.000000e+00  1.572622e+02 -3.957729e+01 -3.697172e+01  1.533095e+02
1 -7.999135e-01 -8.395001e-01  0.000000e+00  2.757327e-01  0.000000e+00  1.799540e+01 0 2  2.809492e-01
-3.877429e-02 -5.952262e-01  3.228911e+00  0.000000e+00  0.000000e+00  3.240721e-01  3.707368e-01 -9.864517e-02  3.225617e-03
3  7.663065e-02 -5.601916e-02  3.215818e-01  1.270875e-01  2.805951e-01  4.693790e+00 6 1 -1.000000e+00
 2.081418e-01 -1.236720e-01  1.717253e+00  0.000000e+00  0.000000e+00  2.218988e-01 -6.065862e-02  1.394151e-01  1.307005e-02
-5.965541e-02  5.437167e-02 -4.818526e-01  1.102932e+01  5.000000e-01  6.139180e-01 -9.314486e-02  1.488525e+00  2.840919e-01
-4.267377e-04  3.530759e-04  4.063808e-05  1.422635e+01  1.000000e+00  1.651881e+02 -2.371606e+00  4.842147e+01  1.643241e+02
1 -7.733075e-01  6.517721e+00  0.000000e+00  6.388981e+00  0.000000e+00  1.386390e+01 0 2 -1.000000e+00
 2.023480e+00  1.477015e+01  5.183616e+00  0.000000e+00  0.000000e+00  4.607537e-01  3.118914e-01 -2.439010e-02  1.266725e-03
3  8.496252e-01 -7.915661e-01  1.646839e+00  7.913147e-01  6.433601e-01  1.460780e+01 6 1  2.904385e-01
-3.005401e-01 -4.188395e-01 -1.813314e+00  6.002665e+01  5.000000e-01  7.345956e-01  2.454926e-01 -7.494327e-01  1.474698e-01
 8.134222e-01  7.940773e-01  2.818505e+00  0.000000e+00  0.000000e+00  2.890868e-01 -1.693751e-02 -3.877017e-01  2.060489e-02
-1.148239e-02 -1.359741e-02  5.429590e-03  7.068877e+01  1.000000e+00  1.493847e+01  8.890500e-01 -3.051969e+00  1.227374e+01
1  5.299297e-01 -6.550913e-01  0.000000e+00  1.640380e-01  0.000000e+00  1.755430e+01 0 2  2.957991e-01
 2.629604e-01 -3.425866e-01  3.180921e+00  0.000000e+00  0.000000e+00  2.714099e-01  1.845812e-01  4.270819e-01  3.043644e-03
3  1.979104e-01 -4.004787e-01  1.231910e+00  5.421139e-01  1.998030e-01  9.804610e+00 6 1 -1.000000e+00
 3.949347e-01 -9.220639e-01  1.812181e+00  0.000000e+00  0.000000e+00  2.396708e-01  1.030421e-01  1.251466e-01  3.606749e-04
-1.151328e-01  1.992895e-01 -3.620793e-01  1.359060e+02  5.000000e-01  5.549405e-01  8.940031e-01  1.469919e+00  2.689342e-02
-3.849570e-04  5.107681e-04  1.239273e-05  1.633747e+02  1.000000e+00  3.297312e+02 -1.221093e+02 -1.116290e+02  3.279516e+02
