# [0]nim, [1]snr, [2]snr_obs, [3]source_id, [4]ein, [5]fs, [6]frac_sh_trunc [7]snr_max [8]flag_out [9]zs [10]xs [11]ys
# [12+8*i]m_type_i, [13+8*i]zl_i, [14+8*i]mass_i, [15+8*i]xl_i, [16+8*i]yl_i
# [17+8*i]e_i, [18+8*i]p_i, [19+8*i]param1(con, tb, ...)_i, i=0,1,2,3,4
# i=0,1 correspond subhalos and satellite gals if not exist, stored -1, please extract using e.g. np.extract(arr > 0, arr)
# i=2,3 correspond host halos and central gals
# i=4 corresponds perturbation
# m_type: 1 = anfw, 2 = ahern, 3 = pert
# observable multi events: 214 (subhalo 41), high-mag events: 171
3  3.060678e+01  1.936468e+01  3.545000e+03  7.822583e-01 6  2.919133e-01  4.004911e+01 1  18.5497  3.979471e-01 -1.384971e+00  0  0.7590  7.374731e+11  0.000000e+00  0.000000e+00  3.960971e-01  8.756279e+01  2.195038e+01  1  0.7590  3.976722e+10  0.000000e+00  0.000000e+00  4.944143e-01  1.692771e+01  1.216104e-01  2  0.7590  6.102003e+12  1.499513e+01 -3.753145e+01  5.526765e-01 -1.839459e+01  7.735198e+00  3  0.7590  1.027669e+11  1.499513e+01 -3.753145e+01  3.353668e-01 -7.183855e+00  1.301348e-01  4  0.7590  1.854970e+01  0.000000e+00  0.000000e+00  3.097689e-02 -7.890414e+00  0.000000e+00 
1  6.779224e+01  1.453515e+02  2.514000e+03  7.355814e+00 0 -1.000000e+00  1.453515e+02 2  16.9490 -1.130120e+01 -5.825423e-01 -1 -1.0000 -1.000000e+00 -1.000000e+00 -1.000000e+00 -1.000000e+00 -1.000000e+00 -1.000000e+00 -1 -1.0000 -1.000000e+00 -1.000000e+00 -1.000000e+00 -1.000000e+00 -1.000000e+00 -1.000000e+00  0  0.7760  7.348428e+13  0.000000e+00  0.000000e+00  4.575258e-01  1.051754e+02  7.290698e+00  1  0.7760  3.159901e+11  0.000000e+00  0.000000e+00  2.781957e-01  1.186284e+02  3.283860e-01  2  0.7760  1.694900e+01  0.000000e+00  0.000000e+00  1.805525e-01  8.378886e+01  0.000000e+00 
3  3.440201e+01  1.172065e+01  7.330000e+02  1.368726e+00 6 -1.000000e+00  6.387513e+01 2  15.9201  1.043652e+00  1.294470e-01 -1 -1.0000 -1.000000e+00 -1.000000e+00 -1.000000e+00 -1.000000e+00 -1.000000e+00 -1.000000e+00 -1 -1.0000 -1.000000e+00 -1.000000e+00 -1.000000e+00 -1.000000e+00 -1.000000e+00 -1.000000e+00  0  0.8500  1.698793e+13  0.000000e+00  0.000000e+00  1.931077e-01  6.789869e+01  3.757998e+00  1  0.8500  1.404316e+11  0.000000e+00  0.000000e+00  2.184880e-01  7.623770e+01  1.584145e-01  2  0.8500  1.592010e+01  0.000000e+00  0.000000e+00  2.649090e-01 -6.277646e+01  0.000000e+00 
3  6.049924e+01  6.014465e+01  6.681000e+03  1.933655e-01 6 -1.000000e+00  1.234184e+02 3  11.7168 -8.296932e-02 -5.176695e-02 -1 -1.0000 -1.000000e+00 -1.000000e+00 -1.000000e+00 -1.000000e+00 -1.000000e+00 -1.000000e+00 -1 -1.0000 -1.000000e+00 -1.000000e+00 -1.000000e+00 -1.000000e+00 -1.000000e+00 -1.000000e+00  0  2.4280  1.113331e+12  0.000000e+00  0.000000e+00  7.751467e-02  1.508941e+02  3.002945e+00  1  2.4280  1.491541e+10  0.000000e+00  0.000000e+00  3.029957e-01  1.971393e+02  6.116498e-02  2  2.4280  1.171680e+01  0.000000e+00  0.000000e+00  6.633984e-02 -6.290092e+01  0.000000e+00 
1  1.929855e+02  4.877882e+02  3.501000e+03  4.737002e-02 0  2.743307e-01  4.877882e+02 2   7.9782 -1.158683e-01 -1.011775e-02  0  2.6860  2.880283e+10  0.000000e+00  0.000000e+00  2.764660e-01 -1.382249e+02  2.621915e+01  1  2.6860  4.121378e+07  0.000000e+00  0.000000e+00  3.362872e-01 -1.356815e+02  1.654995e-02  2  2.6860  2.863185e+11 -5.188107e+00 -3.458362e-01  5.204453e-01 -8.901551e+01  2.699388e+00  3  2.6860  2.588778e+09 -5.188107e+00 -3.458362e-01  4.994800e-01 -7.476441e+01  5.152988e-02  4  2.6860  7.978200e+00  0.000000e+00  0.000000e+00  5.700802e-02 -6.468134e+01  0.000000e+00 
1  1.502662e+01  3.037102e+01  4.220000e+03  7.789771e-02 0 -1.000000e+00  3.037102e+01 2  14.7592 -3.388406e-02 -1.655993e-02 -1 -1.0000 -1.000000e+00 -1.000000e+00 -1.000000e+00 -1.000000e+00 -1.000000e+00 -1.000000e+00 -1 -1.0000 -1.000000e+00 -1.000000e+00 -1.000000e+00 -1.000000e+00 -1.000000e+00 -1.000000e+00  0  0.7170  3.724189e+11  0.000000e+00  0.000000e+00  1.861729e-01 -7.740017e+00  5.761354e+00  1  0.7170  9.154731e+09  0.000000e+00  0.000000e+00  2.176181e-01 -2.660091e+01  3.027383e-01  2  0.7170  1.475920e+01  0.000000e+00  0.000000e+00  1.348328e-02  1.634740e+02  0.000000e+00 
3  2.865734e+01  9.059710e+00  8.319000e+03  6.840008e-01 6 -1.000000e+00  5.298964e+01 2  16.3274  9.973471e-03 -7.680275e-01 -1 -1.0000 -1.000000e+00 -1.000000e+00 -1.000000e+00 -1.000000e+00 -1.000000e+00 -1.000000e+00 -1 -1.0000 -1.000000e+00 -1.000000e+00 -1.000000e+00 -1.000000e+00 -1.000000e+00 -1.000000e+00  0  0.9640  7.267378e+12  0.000000e+00  0.000000e+00  1.469127e-01  4.291234e+01  3.831502e+00  1  0.9640  6.801286e+10  0.000000e+00  0.000000e+00  4.936936e-01  4.131665e+01  9.025854e-02  2  0.9640  1.632740e+01  0.000000e+00  0.000000e+00  1.437515e-01  1.779655e+02  0.000000e+00 
1  2.297266e+01  4.736727e+01  8.960000e+02  9.548225e-02 0 -1.000000e+00  4.736727e+01 2  12.7198  7.192269e-02  2.026859e-01 -1 -1.0000 -1.000000e+00 -1.000000e+00 -1.000000e+00 -1.000000e+00 -1.000000e+00 -1.000000e+00 -1 -1.0000 -1.000000e+00 -1.000000e+00 -1.000000e+00 -1.000000e+00 -1.000000e+00 -1.000000e+00  0  1.4490  2.868699e+11  0.000000e+00  0.000000e+00  4.797380e-01  1.568251e+02  8.682905e+00  1  1.4490  1.754655e+09  0.000000e+00  0.000000e+00  3.217193e-01  2.354643e+02  5.214038e-02  2  1.4490  1.271980e+01  0.000000e+00  0.000000e+00  1.282746e-01 -1.360345e+01  0.000000e+00 
3  5.719248e+01  2.703161e+01  5.566000e+03  3.490074e-01 6 -1.000000e+00  8.470939e+01 1  13.2636 -1.913863e-01  1.845119e-01 -1 -1.0000 -1.000000e+00 -1.000000e+00 -1.000000e+00 -1.000000e+00 -1.000000e+00 -1.000000e+00 -1 -1.0000 -1.000000e+00 -1.000000e+00 -1.000000e+00 -1.000000e+00 -1.000000e+00 -1.000000e+00  0  2.0040  1.258124e+12  0.000000e+00  0.000000e+00  1.659815e-01  3.879729e+01  2.172853e+00  1  2.0040  2.934380e+10  0.000000e+00  0.000000e+00  2.519122e-01  6.380614e+01  5.317900e-02  2  2.0040  1.326360e+01  0.000000e+00  0.000000e+00  5.637440e-02  7.558874e+01  0.000000e+00 
3  1.437693e+02  6.269353e+01  4.925000e+03  1.922326e-01 6 -1.000000e+00  1.933606e+02 1   9.7687  5.450082e-02  1.443175e-01 -1 -1.0000 -1.000000e+00 -1.000000e+00 -1.000000e+00 -1.000000e+00 -1.000000e+00 -1.000000e+00 -1 -1.0000 -1.000000e+00 -1.000000e+00 -1.000000e+00 -1.000000e+00 -1.000000e+00 -1.000000e+00  0  2.0520  5.382432e+11  0.000000e+00  0.000000e+00  2.635329e-01  7.660451e+01  3.619108e+00  1  2.0520  7.329935e+09  0.000000e+00  0.000000e+00  3.093693e-01  8.352591e+01  2.813434e-02  2  2.0520  9.768680e+00  0.000000e+00  0.000000e+00  1.925431e-01 -5.094249e+01  0.000000e+00 
3  1.024902e+02  2.521558e+01  3.478000e+03  6.572540e-01 6 -1.000000e+00  2.325493e+02 2  17.5650 -2.650333e-01 -8.771194e-01 -1 -1.0000 -1.000000e+00 -1.000000e+00 -1.000000e+00 -1.000000e+00 -1.000000e+00 -1.000000e+00 -1 -1.0000 -1.000000e+00 -1.000000e+00 -1.000000e+00 -1.000000e+00 -1.000000e+00 -1.000000e+00  0  0.7090  1.983322e+12  0.000000e+00  0.000000e+00  2.636933e-01  1.790307e+02  7.224172e+00  1  0.7090  6.803376e+10  0.000000e+00  0.000000e+00  3.251856e-01  1.876105e+02  6.689727e-02  2  0.7090  1.756500e+01  0.000000e+00  0.000000e+00  2.489833e-01 -2.284568e+01  0.000000e+00 
3  1.692334e+01  1.917195e+01  6.149000e+03  7.432128e-01 6 -1.000000e+00  2.717996e+01 1  12.0954 -1.473501e-01 -1.934563e-01 -1 -1.0000 -1.000000e+00 -1.000000e+00 -1.000000e+00 -1.000000e+00 -1.000000e+00 -1.000000e+00 -1 -1.0000 -1.000000e+00 -1.000000e+00 -1.000000e+00 -1.000000e+00 -1.000000e+00 -1.000000e+00  0  0.7620  1.773842e+12  0.000000e+00  0.000000e+00  9.951685e-02 -2.248209e-01  7.024298e+00  1  0.7620  7.037667e+10  0.000000e+00  0.000000e+00  1.962799e-01  5.947228e+01  1.263480e-01  2  0.7620  1.209540e+01  0.000000e+00  0.000000e+00  9.967103e-02  6.429586e+00  0.000000e+00 
1  8.855651e+01  1.723355e+02  6.353000e+03  2.389979e+00 0  2.710258e-01  1.723355e+02 2  15.3468 -9.977458e+00 -8.622723e+00  0  1.3470  1.244749e+13  0.000000e+00  0.000000e+00  2.026658e-01 -9.895162e+01  7.626459e+00  1  1.3470  6.930721e+10  0.000000e+00  0.000000e+00  2.451093e-01 -1.031407e+02  6.084350e-02  2  1.3470  5.674291e+13 -1.969830e+01 -1.069566e+01  3.141444e-01  1.055451e+02  3.370255e+00  3  1.3470  1.498579e+11 -1.969830e+01 -1.069566e+01  1.837567e-01  9.714018e+01  5.749871e-02  4  1.3470  1.534680e+01  0.000000e+00  0.000000e+00  2.048687e-01  1.589275e+02  0.000000e+00 
3  1.961371e+01  1.206299e+01  8.900000e+01  5.147313e-01 6 -1.000000e+00  3.341856e+01 1  14.7744 -2.773044e-01  1.285480e-01 -1 -1.0000 -1.000000e+00 -1.000000e+00 -1.000000e+00 -1.000000e+00 -1.000000e+00 -1.000000e+00 -1 -1.0000 -1.000000e+00 -1.000000e+00 -1.000000e+00 -1.000000e+00 -1.000000e+00 -1.000000e+00  0  0.7600  1.106780e+12  0.000000e+00  0.000000e+00  2.765714e-01  5.366559e+01  5.934034e+00  1  0.7600  3.613373e+10  0.000000e+00  0.000000e+00  1.947660e-01  8.949749e+01  1.220638e-01  2  0.7600  1.477440e+01  0.000000e+00  0.000000e+00  4.052002e-02  9.498824e+01  0.000000e+00 
3  7.629816e+00  6.294405e+00  5.828000e+03  9.144347e-01 6  2.887426e-01  9.738386e+00 1  17.4610 -4.835767e-01  1.501096e-01  0  1.0150  6.112724e+11  0.000000e+00  0.000000e+00  2.701744e-01 -1.130097e+02  3.785412e+01  1  1.0150  2.500227e+10  0.000000e+00  0.000000e+00  3.047763e-01 -8.444003e+01  1.100393e-01  2  1.0150  5.107911e+12 -6.949637e+00 -3.158930e+00  3.240657e-01  1.103319e+02  3.577167e+00  3  1.0150  1.190217e+11 -6.949637e+00 -3.158930e+00  3.281484e-01  1.143004e+02  9.376652e-02  4  1.0150  1.746100e+01  0.000000e+00  0.000000e+00  8.387083e-02  5.476524e+01  0.000000e+00 
3  4.102095e+01  2.846780e+01  8.509000e+03  6.402827e-01 6 -1.000000e+00  5.111018e+01 1  16.7299 -3.380941e-01 -1.760052e-01 -1 -1.0000 -1.000000e+00 -1.000000e+00 -1.000000e+00 -1.000000e+00 -1.000000e+00 -1.000000e+00 -1 -1.0000 -1.000000e+00 -1.000000e+00 -1.000000e+00 -1.000000e+00 -1.000000e+00 -1.000000e+00  0  1.0460  1.874672e+12  0.000000e+00  0.000000e+00  1.087468e-01  4.916424e+01  3.670295e+00  1  1.0460  4.941272e+10  0.000000e+00  0.000000e+00  3.460471e-01  1.042421e+02  5.409551e-02  2  1.0460  1.672990e+01  0.000000e+00  0.000000e+00  2.268454e-01  4.638854e+01  0.000000e+00 
3  9.318377e+01  7.218369e+01  1.785000e+03  5.085924e-01 6 -1.000000e+00  1.306493e+02 1  13.1978 -6.776585e-02  3.905130e-01 -1 -1.0000 -1.000000e+00 -1.000000e+00 -1.000000e+00 -1.000000e+00 -1.000000e+00 -1.000000e+00 -1 -1.0000 -1.000000e+00 -1.000000e+00 -1.000000e+00 -1.000000e+00 -1.000000e+00 -1.000000e+00  0  1.3060  2.669265e+12  0.000000e+00  0.000000e+00  2.800376e-01  1.155322e+02  3.855970e+00  1  1.3060  6.076167e+10  0.000000e+00  0.000000e+00  4.117839e-01  1.354356e+02  1.722160e-01  2  1.3060  1.319780e+01  0.000000e+00  0.000000e+00  1.513024e-01  5.971674e+01  0.000000e+00 
5  1.831698e+02  4.741036e+02  4.154000e+03  3.822262e-01 6 -1.000000e+00  5.627329e+02 3  19.3147 -2.106966e-02  5.011931e-03 -1 -1.0000 -1.000000e+00 -1.000000e+00 -1.000000e+00 -1.000000e+00 -1.000000e+00 -1.000000e+00 -1 -1.0000 -1.000000e+00 -1.000000e+00 -1.000000e+00 -1.000000e+00 -1.000000e+00 -1.000000e+00  0  1.4590  1.975939e+12  0.000000e+00  0.000000e+00  6.731864e-02 -1.623178e+02  3.807844e+00  1  1.4590  4.726476e+10  0.000000e+00  0.000000e+00  6.055099e-01 -1.546279e+02  4.902940e-02  2  1.4590  1.931470e+01  0.000000e+00  0.000000e+00  1.080000e-01 -8.052322e+01  0.000000e+00 
3  1.277288e+02  7.558285e+01  5.053000e+03  5.796161e-01 6  2.935078e-01  1.887378e+02 1  11.7751  3.861080e-01 -1.607058e-01  0  0.6080  4.905373e+11  0.000000e+00  0.000000e+00  3.045604e-01  3.941374e+01  2.750718e+01  1  0.6080  1.684271e+10  0.000000e+00  0.000000e+00  1.665908e-02  4.495776e+01  5.075110e-02  2  0.6080  2.947370e+12  3.045922e+01  1.913449e+01  3.311913e-01 -2.199005e+01  5.596460e+00  3  0.6080  1.072653e+11  3.045922e+01  1.913449e+01  1.347946e-01 -1.033066e+02  1.433033e-01  4  0.6080  1.177510e+01  0.000000e+00  0.000000e+00  8.626438e-02 -4.585450e+01  0.000000e+00 
1  2.384387e+02  4.504674e+02  6.669000e+03  2.234209e+00 0 -1.000000e+00  4.504674e+02 2   9.3420  4.332586e+00  1.598624e+00 -1 -1.0000 -1.000000e+00 -1.000000e+00 -1.000000e+00 -1.000000e+00 -1.000000e+00 -1.000000e+00 -1 -1.0000 -1.000000e+00 -1.000000e+00 -1.000000e+00 -1.000000e+00 -1.000000e+00 -1.000000e+00  0  0.6540  1.891841e+13  0.000000e+00  0.000000e+00  6.287334e-01  9.824521e+01  6.843711e+00  1  0.6540  1.507556e+11  0.000000e+00  0.000000e+00  3.267622e-01  4.479544e+01  1.933230e-01  2  0.6540  9.342020e+00  0.000000e+00  0.000000e+00  1.419883e-01  1.235721e+02  0.000000e+00 
3  1.627132e+01  2.021832e+01  1.055000e+03  7.626880e-01 6 -1.000000e+00  2.477039e+01 1  11.3516 -2.807569e-01 -2.147982e-01 -1 -1.0000 -1.000000e+00 -1.000000e+00 -1.000000e+00 -1.000000e+00 -1.000000e+00 -1.000000e+00 -1 -1.0000 -1.000000e+00 -1.000000e+00 -1.000000e+00 -1.000000e+00 -1.000000e+00 -1.000000e+00  0  0.8360  2.987501e+12  0.000000e+00  0.000000e+00  8.333370e-02  7.113200e+01  5.856096e+00  1  0.8360  8.418955e+10  0.000000e+00  0.000000e+00  1.179066e-01 -1.985773e+01  1.380209e-01  2  0.8360  1.135160e+01  0.000000e+00  0.000000e+00  7.710754e-02 -1.394375e+02  0.000000e+00 
1  3.127358e+01  9.477994e+01  6.754000e+03  2.824022e+00 0  2.771005e-01  9.477994e+01 2  17.4573 -3.793430e+00  8.887465e+00  0  0.9340  1.121609e+13  0.000000e+00  0.000000e+00  1.397550e-01  2.662252e+01  1.023539e+01  1  0.9340  8.096249e+10  0.000000e+00  0.000000e+00  1.183477e-01  2.353296e+01  1.190885e-01  2  0.9340  1.450839e+14 -7.807187e+00  2.054663e+01  2.018714e-01  8.820097e+01  2.508013e+00  3  0.9340  4.403030e+11 -7.807187e+00  2.054663e+01  5.906787e-01  8.160138e+01  3.688726e-01  4  0.9340  1.745730e+01  0.000000e+00  0.000000e+00  1.161233e-01 -1.078817e+02  0.000000e+00 
3  9.464269e+01  5.462643e+01  2.028000e+03  5.845363e-01 6 -1.000000e+00  1.266177e+02 1   9.3265  1.983584e-01 -3.131828e-01 -1 -1.0000 -1.000000e+00 -1.000000e+00 -1.000000e+00 -1.000000e+00 -1.000000e+00 -1.000000e+00 -1 -1.0000 -1.000000e+00 -1.000000e+00 -1.000000e+00 -1.000000e+00 -1.000000e+00 -1.000000e+00  0  1.2900  2.732594e+12  0.000000e+00  0.000000e+00  2.637136e-01  6.284547e-01  3.094356e+00  1  1.2900  8.026075e+10  0.000000e+00  0.000000e+00  2.046388e-01  5.472089e+00  3.117820e-02  2  1.2900  9.326540e+00  0.000000e+00  0.000000e+00  1.826385e-01 -3.899582e+00  0.000000e+00 
3  1.446618e+02  1.158931e+02  5.222000e+03  7.738060e-01 6 -1.000000e+00  2.462623e+02 1  13.6766 -2.681139e-01  1.776568e-01 -1 -1.0000 -1.000000e+00 -1.000000e+00 -1.000000e+00 -1.000000e+00 -1.000000e+00 -1.000000e+00 -1 -1.0000 -1.000000e+00 -1.000000e+00 -1.000000e+00 -1.000000e+00 -1.000000e+00 -1.000000e+00  0  2.8580  2.910142e+12  0.000000e+00  0.000000e+00  1.371676e-01  1.122491e+02  3.246204e+00  1  2.8580  7.823374e+10  0.000000e+00  0.000000e+00  4.512955e-01  1.042851e+02  4.075268e-02  2  2.8580  1.367660e+01  0.000000e+00  0.000000e+00  5.219592e-02  7.605624e+01  0.000000e+00 
3  2.370064e+01  1.106997e+01  2.608000e+03  6.239119e-01 6 -1.000000e+00  2.886875e+01 1   8.3007 -4.973967e-01 -3.140662e-01 -1 -1.0000 -1.000000e+00 -1.000000e+00 -1.000000e+00 -1.000000e+00 -1.000000e+00 -1.000000e+00 -1 -1.0000 -1.000000e+00 -1.000000e+00 -1.000000e+00 -1.000000e+00 -1.000000e+00 -1.000000e+00  0  0.9670  1.417928e+12  0.000000e+00  0.000000e+00  1.914195e-01  4.293972e+01  3.557018e+00  1  0.9670  7.049080e+10  0.000000e+00  0.000000e+00  5.461501e-01  5.980400e+01  7.689698e-02  2  0.9670  8.300690e+00  0.000000e+00  0.000000e+00  6.344042e-02 -1.006636e+02  0.000000e+00 
3  1.184571e+02  9.594872e+01  3.738000e+03  1.594122e-01 6 -1.000000e+00  1.510205e+02 1  12.0907  1.374934e-01 -2.372028e-02 -1 -1.0000 -1.000000e+00 -1.000000e+00 -1.000000e+00 -1.000000e+00 -1.000000e+00 -1.000000e+00 -1 -1.0000 -1.000000e+00 -1.000000e+00 -1.000000e+00 -1.000000e+00 -1.000000e+00 -1.000000e+00  0  1.7070  5.756226e+11  0.000000e+00  0.000000e+00  3.284606e-01  1.364264e+02  3.240535e+00  1  1.7070  1.006124e+10  0.000000e+00  0.000000e+00  3.476428e-01  1.519313e+02  5.441531e-02  2  1.7070  1.209070e+01  0.000000e+00  0.000000e+00  1.074051e-01 -5.700498e+00  0.000000e+00 
3  1.974299e+01  9.347057e+00  3.999000e+03  3.805564e-01 6 -1.000000e+00  2.676605e+01 1  17.1410  1.223670e-01  3.595859e-01 -1 -1.0000 -1.000000e+00 -1.000000e+00 -1.000000e+00 -1.000000e+00 -1.000000e+00 -1.000000e+00 -1 -1.0000 -1.000000e+00 -1.000000e+00 -1.000000e+00 -1.000000e+00 -1.000000e+00 -1.000000e+00  0  1.9440  1.244260e+12  0.000000e+00  0.000000e+00  9.496852e-02  1.315175e+01  6.066558e+00  1  1.9440  2.714456e+10  0.000000e+00  0.000000e+00  3.330486e-01 -3.906618e+00  5.342052e-02  2  1.9440  1.714100e+01  0.000000e+00  0.000000e+00  2.767578e-01 -7.845653e+01  0.000000e+00 
3  9.759230e+01  9.627070e+01  4.087000e+03  1.068854e+00 6 -1.000000e+00  1.871382e+02 3   7.9859  5.228821e-02 -4.844262e-01 -1 -1.0000 -1.000000e+00 -1.000000e+00 -1.000000e+00 -1.000000e+00 -1.000000e+00 -1.000000e+00 -1 -1.0000 -1.000000e+00 -1.000000e+00 -1.000000e+00 -1.000000e+00 -1.000000e+00 -1.000000e+00  0  1.3130  4.364119e+12  0.000000e+00  0.000000e+00  2.147464e-01 -1.362850e+02  9.692179e+00  1  1.3130  6.810583e+10  0.000000e+00  0.000000e+00  3.033015e-01 -1.260182e+02  1.348210e-01  2  1.3130  7.985900e+00  0.000000e+00  0.000000e+00  1.698106e-01  1.452652e+02  0.000000e+00 
3  1.713104e+02  9.655079e+01  1.033000e+03  3.349823e-01 6 -1.000000e+00  2.901793e+02 1   6.1660 -1.906656e-01  1.554570e-01 -1 -1.0000 -1.000000e+00 -1.000000e+00 -1.000000e+00 -1.000000e+00 -1.000000e+00 -1.000000e+00 -1 -1.0000 -1.000000e+00 -1.000000e+00 -1.000000e+00 -1.000000e+00 -1.000000e+00 -1.000000e+00  0  1.6290  1.387881e+12  0.000000e+00  0.000000e+00  6.855454e-02 -1.106357e+02  4.045014e+00  1  1.6290  3.576372e+10  0.000000e+00  0.000000e+00  2.649954e-01 -1.510114e+02  5.682460e-02  2  1.6290  6.166010e+00  0.000000e+00  0.000000e+00  8.064600e-02  6.802370e+01  0.000000e+00 
1  3.711724e+01  7.210741e+01  7.860000e+02  6.594015e-02 0  3.004902e-01  7.210741e+01 2  17.1398  4.664852e-02 -4.186369e-02  0  0.6590  1.310525e+10  0.000000e+00  0.000000e+00  1.245400e-01  5.681202e+01  5.867803e+01  1  0.6590  1.153959e+07  0.000000e+00  0.000000e+00  2.848705e-01  1.018243e+02  4.036827e-02  2  0.6590  1.349515e+11  2.234363e-01 -2.660737e+00  7.120961e-02 -1.699684e+02  5.958599e+00  3  0.6590  6.397055e+08  2.234363e-01 -2.660737e+00  3.733122e-01 -1.628984e+02  1.491159e-01  4  0.6590  1.713980e+01  0.000000e+00  0.000000e+00  2.087043e-01  1.372898e+02  0.000000e+00 
3  1.059338e+02  9.250246e+01  5.474000e+03  1.016733e+00 6  2.878858e-01  1.407876e+02 1  13.0256  1.934091e-01 -1.152189e+00  0  0.7710  1.158713e+12  0.000000e+00  0.000000e+00  1.724726e-01  6.317502e+00  1.879569e+01  1  0.7710  5.912554e+10  0.000000e+00  0.000000e+00  3.381214e-01 -8.001181e+01  1.845719e-01  2  0.7710  7.071848e+12 -5.370992e+00 -7.726672e+00  3.671303e-01 -6.139023e+01  2.770979e+00  3  0.7710  1.236257e+11 -5.370992e+00 -7.726672e+00  2.281472e-01 -7.186527e+01  1.797084e-01  4  0.7710  1.302560e+01  0.000000e+00  0.000000e+00  1.096614e-01 -1.405290e+01  0.000000e+00 
3  4.681097e+01  3.512876e+01  3.005000e+03  5.263854e-01 6 -1.000000e+00  5.816317e+01 1  11.7813 -2.647719e-01  3.443758e-01 -1 -1.0000 -1.000000e+00 -1.000000e+00 -1.000000e+00 -1.000000e+00 -1.000000e+00 -1.000000e+00 -1 -1.0000 -1.000000e+00 -1.000000e+00 -1.000000e+00 -1.000000e+00 -1.000000e+00 -1.000000e+00  0  0.8500  1.837115e+12  0.000000e+00  0.000000e+00  2.177810e-01 -5.398254e+00  3.985859e+00  1  0.8500  6.103876e+10  0.000000e+00  0.000000e+00  2.011840e-01 -2.591481e+01  1.303963e-01  2  0.8500  1.178130e+01  0.000000e+00  0.000000e+00  1.559905e-01  1.351050e+02  0.000000e+00 
3  7.273189e+01  4.342163e+01  2.373000e+03  3.407844e-01 6  2.787634e-01  1.070224e+02 1   7.5715 -4.652211e-01 -2.463372e-01  0  1.1230  6.604988e+11  0.000000e+00  0.000000e+00  3.260650e-01 -1.235366e+02  1.071845e+01  1  1.1230  2.604083e+10  0.000000e+00  0.000000e+00  4.964690e-01 -1.995541e+02  9.013303e-02  2  1.1230  1.770093e+12 -1.122615e+01 -2.138596e+01  2.836088e-01  1.214453e+02  4.723105e+00  3  1.1230  7.331491e+10 -1.122615e+01 -2.138596e+01  4.400912e-01  1.236515e+02  5.083238e-02  4  1.1230  7.571470e+00  0.000000e+00  0.000000e+00  1.199162e-01 -4.628910e+01  0.000000e+00 
3  7.154419e+01  5.859778e+01  1.411000e+03  3.369395e-01 6 -1.000000e+00  1.031445e+02 1  18.9032  9.810272e-02 -1.714944e-01 -1 -1.0000 -1.000000e+00 -1.000000e+00 -1.000000e+00 -1.000000e+00 -1.000000e+00 -1.000000e+00 -1 -1.0000 -1.000000e+00 -1.000000e+00 -1.000000e+00 -1.000000e+00 -1.000000e+00 -1.000000e+00  0  0.7490  6.154954e+11  0.000000e+00  0.000000e+00  2.315422e-01 -3.372579e+01  1.007771e+01  1  0.7490  1.715427e+10  0.000000e+00  0.000000e+00  2.760407e-01 -1.786873e+01  7.237049e-02  2  0.7490  1.890320e+01  0.000000e+00  0.000000e+00  2.657843e-01 -1.086542e+02  0.000000e+00 
1  2.446488e+01  4.624148e+01  3.187000e+03  8.342211e-01 0  2.951966e-01  4.624148e+01 2  16.9355 -3.981638e+00  2.694141e+00  0  0.8810  1.270791e+12  0.000000e+00  0.000000e+00  2.914194e-01 -9.304691e+01  1.237138e+01  1  0.8810  5.075159e+10  0.000000e+00  0.000000e+00  1.299187e-01 -1.003722e+02  1.085650e-01  2  0.8810  3.497867e+13 -1.921315e+01  1.444583e+01  1.290188e-01 -1.797877e+02  4.210375e+00  3  0.8810  2.049422e+11 -1.921315e+01  1.444583e+01  3.428542e-01 -1.883391e+02  1.566502e-01  4  0.8810  1.693550e+01  0.000000e+00  0.000000e+00  1.171657e-01  5.106329e+01  0.000000e+00 
3  7.963912e+01  5.680268e+01  3.845000e+03  4.165052e-01 6 -1.000000e+00  1.137063e+02 1  11.7081  2.605505e-01 -4.626834e-02 -1 -1.0000 -1.000000e+00 -1.000000e+00 -1.000000e+00 -1.000000e+00 -1.000000e+00 -1.000000e+00 -1 -1.0000 -1.000000e+00 -1.000000e+00 -1.000000e+00 -1.000000e+00 -1.000000e+00 -1.000000e+00  0  2.2140  1.634072e+12  0.000000e+00  0.000000e+00  2.825742e-01  1.514223e+02  4.531436e+00  1  2.2140  3.857915e+10  0.000000e+00  0.000000e+00  2.209658e-01  1.830523e+02  2.024231e-02  2  2.2140  1.170810e+01  0.000000e+00  0.000000e+00  1.567254e-01 -6.369942e+01  0.000000e+00 
2  5.312220e+00  6.349885e-01  3.232000e+03  7.542772e-01 6 -1.000000e+00  1.202907e+01 2  12.0839  7.744983e-01 -7.858735e-01 -1 -1.0000 -1.000000e+00 -1.000000e+00 -1.000000e+00 -1.000000e+00 -1.000000e+00 -1.000000e+00 -1 -1.0000 -1.000000e+00 -1.000000e+00 -1.000000e+00 -1.000000e+00 -1.000000e+00 -1.000000e+00  0  2.3860  4.808772e+12  0.000000e+00  0.000000e+00  3.460300e-01  7.992442e+01  4.118355e+00  1  2.3860  6.189530e+10  0.000000e+00  0.000000e+00  2.699422e-01  4.177043e+01  1.589532e-02  2  2.3860  1.208390e+01  0.000000e+00  0.000000e+00  3.106993e-01  3.139798e+01  0.000000e+00 
3  4.992713e+01  4.019837e+01  8.470000e+02  3.648287e-01 6  2.818924e-01  7.299882e+01 1  14.7641 -6.476890e-01 -6.807842e-01  0  1.3770  5.756061e+11  0.000000e+00  0.000000e+00  1.312742e-01  1.530600e+02  1.004869e+01  1  1.3770  1.712787e+10  0.000000e+00  0.000000e+00  4.515922e-01  1.484888e+02  5.630981e-02  2  1.3770  4.486619e+12 -4.538828e+00 -5.666723e+00  2.257907e-01  7.837326e+01  3.211744e+00  3  1.3770  5.685267e+10 -4.538828e+00 -5.666723e+00  3.525971e-01  7.140766e+01  9.351669e-02  4  1.3770  1.476410e+01  0.000000e+00  0.000000e+00  3.404415e-01  1.388072e+01  0.000000e+00 
3  4.800844e+01  5.356441e+01  5.525000e+03  6.694033e-01 6 -1.000000e+00  8.644406e+01 3  17.5576 -2.955135e-01 -7.360392e-02 -1 -1.0000 -1.000000e+00 -1.000000e+00 -1.000000e+00 -1.000000e+00 -1.000000e+00 -1.000000e+00 -1 -1.0000 -1.000000e+00 -1.000000e+00 -1.000000e+00 -1.000000e+00 -1.000000e+00 -1.000000e+00  0  1.3790  8.201070e+12  0.000000e+00  0.000000e+00  3.892731e-01 -9.899720e-01  2.813780e+00  1  1.3790  6.619038e+10  0.000000e+00  0.000000e+00  1.492033e-01 -4.356971e+01  8.748635e-02  2  1.3790  1.755760e+01  0.000000e+00  0.000000e+00  1.129355e-01 -1.020761e+02  0.000000e+00 
5  4.479437e+01  9.523395e+01  7.841000e+03  4.067132e-01 6  2.897417e-01  1.156638e+02 3  11.4967 -1.395346e+00  1.618766e-01  0  1.0900  5.602359e+11  0.000000e+00  0.000000e+00  2.348126e-01 -1.501664e+02  1.344678e+01  1  1.0900  1.477791e+10  0.000000e+00  0.000000e+00  2.482414e-01 -2.034303e+02  1.994340e-01  2  1.0900  7.571092e+12 -5.733768e+00  9.491098e-01  2.431727e-01 -1.255768e+02  5.335698e+00  3  1.0900  1.277555e+11 -5.733768e+00  9.491098e-01  7.023555e-01 -1.533365e+02  1.243435e-01  4  1.0900  1.149670e+01  0.000000e+00  0.000000e+00  1.195338e-01 -1.552157e+02  0.000000e+00 
2  1.228959e+01  7.717400e+00  4.500000e+03  2.106938e+00 6  2.652315e-01  1.883121e+01 1  16.7169  6.007887e+00  4.388356e+00  0  1.5800  6.777543e+12  0.000000e+00  0.000000e+00  3.565066e-01 -5.295475e+01  1.237763e+01  1  1.5800  8.545967e+10  0.000000e+00  0.000000e+00  1.444112e-01 -4.454914e+01  2.752758e-02  2  1.5800  9.170271e+13  5.715077e+01  2.474491e+01  2.643093e-01 -1.245372e+02  2.704621e+00  3  1.5800  1.928015e+11  5.715077e+01  2.474491e+01  4.305605e-01 -1.549120e+02  1.068007e-01  4  1.5800  1.671690e+01  0.000000e+00  0.000000e+00  7.891260e-02  1.700999e+01  0.000000e+00 
5  8.921628e+01  1.470956e+02  1.250000e+02  5.583993e-01 6 -1.000000e+00  2.078882e+02 3   6.4218 -2.474155e-02 -5.102629e-02 -1 -1.0000 -1.000000e+00 -1.000000e+00 -1.000000e+00 -1.000000e+00 -1.000000e+00 -1.000000e+00 -1 -1.0000 -1.000000e+00 -1.000000e+00 -1.000000e+00 -1.000000e+00 -1.000000e+00 -1.000000e+00  0  1.0720  1.521448e+12  0.000000e+00  0.000000e+00  1.996402e-01 -1.290311e+02  4.685690e+00  1  1.0720  5.845514e+10  0.000000e+00  0.000000e+00  1.574460e-01 -1.305285e+02  5.054086e-02  2  1.0720  6.421780e+00  0.000000e+00  0.000000e+00  1.021839e-01  8.547351e+01  0.000000e+00 
3  1.359839e+02  6.647116e+01  6.992000e+03  1.297521e-01 6 -1.000000e+00  1.810448e+02 1  17.5690  9.314354e-03 -9.245579e-02 -1 -1.0000 -1.000000e+00 -1.000000e+00 -1.000000e+00 -1.000000e+00 -1.000000e+00 -1.000000e+00 -1 -1.0000 -1.000000e+00 -1.000000e+00 -1.000000e+00 -1.000000e+00 -1.000000e+00 -1.000000e+00  0  2.9550  4.193816e+11  0.000000e+00  0.000000e+00  1.055980e-01 -5.400895e+01  2.277248e+00  1  2.9550  2.468538e+09  0.000000e+00  0.000000e+00  5.390198e-01 -8.942373e+01  1.812836e-02  2  2.9550  1.756900e+01  0.000000e+00  0.000000e+00  5.742693e-02 -1.082006e+02  0.000000e+00 
3  9.850494e+00  5.416004e+00  1.692000e+03  6.661349e-01 6 -1.000000e+00  1.248332e+01 1  12.7144 -2.248757e-01 -5.071041e-01 -1 -1.0000 -1.000000e+00 -1.000000e+00 -1.000000e+00 -1.000000e+00 -1.000000e+00 -1.000000e+00 -1 -1.0000 -1.000000e+00 -1.000000e+00 -1.000000e+00 -1.000000e+00 -1.000000e+00 -1.000000e+00  0  0.5270  8.254278e+11  0.000000e+00  0.000000e+00  1.325224e-01 -1.164886e+02  1.119925e+01  1  0.5270  4.364284e+10  0.000000e+00  0.000000e+00  2.756927e-01 -1.073350e+02  1.731150e-01  2  0.5270  1.271440e+01  0.000000e+00  0.000000e+00  1.546454e-01 -1.556614e+02  0.000000e+00 
1  7.593658e+00  1.346961e+01  6.109000e+03  5.317367e+00 0 -1.000000e+00  1.346961e+01 2  17.5543 -1.896064e+00 -4.101599e+00 -1 -1.0000 -1.000000e+00 -1.000000e+00 -1.000000e+00 -1.000000e+00 -1.000000e+00 -1.000000e+00 -1 -1.0000 -1.000000e+00 -1.000000e+00 -1.000000e+00 -1.000000e+00 -1.000000e+00 -1.000000e+00  0  2.1140  8.696902e+13  0.000000e+00  0.000000e+00  4.649317e-01 -2.960884e+01  4.544531e+00  1  2.1140  1.278423e+11  0.000000e+00  0.000000e+00  3.861265e-01  6.608396e+00  3.457262e-02  2  2.1140  1.755430e+01  0.000000e+00  0.000000e+00  1.193351e-01  8.121076e+01  0.000000e+00 
3  1.180325e+02  5.161783e+01  8.886000e+03  7.222194e-01 6 -1.000000e+00  1.587857e+02 1  14.0340 -2.072031e-01 -6.342494e-01 -1 -1.0000 -1.000000e+00 -1.000000e+00 -1.000000e+00 -1.000000e+00 -1.000000e+00 -1.000000e+00 -1 -1.0000 -1.000000e+00 -1.000000e+00 -1.000000e+00 -1.000000e+00 -1.000000e+00 -1.000000e+00  0  0.8370  6.061952e+12  0.000000e+00  0.000000e+00  3.044383e-01 -1.398225e+02  2.692643e+00  1  0.8370  8.026207e+10  0.000000e+00  0.000000e+00  6.040605e-03 -1.121693e+02  1.015962e-01  2  0.8370  1.403400e+01  0.000000e+00  0.000000e+00  1.197417e-01  1.535918e+01  0.000000e+00 
3  1.980918e+02  1.611146e+02  1.117000e+03  3.980880e-01 6 -1.000000e+00  2.884634e+02 1  15.9210  3.039139e-02  1.885006e-01 -1 -1.0000 -1.000000e+00 -1.000000e+00 -1.000000e+00 -1.000000e+00 -1.000000e+00 -1.000000e+00 -1 -1.0000 -1.000000e+00 -1.000000e+00 -1.000000e+00 -1.000000e+00 -1.000000e+00 -1.000000e+00  0  1.9530  1.227075e+12  0.000000e+00  0.000000e+00  9.888505e-02 -1.056459e+02  4.281844e+00  1  1.9530  2.494781e+10  0.000000e+00  0.000000e+00  4.540323e-01 -1.181926e+02  4.927651e-02  2  1.9530  1.592100e+01  0.000000e+00  0.000000e+00  2.346648e-01 -5.145569e+01  0.000000e+00 
3  1.029579e+02  8.370328e+01  3.672000e+03  2.517274e-01 6 -1.000000e+00  1.500042e+02 1   9.8821  2.740296e-02 -1.570293e-01 -1 -1.0000 -1.000000e+00 -1.000000e+00 -1.000000e+00 -1.000000e+00 -1.000000e+00 -1.000000e+00 -1 -1.0000 -1.000000e+00 -1.000000e+00 -1.000000e+00 -1.000000e+00 -1.000000e+00 -1.000000e+00  0  0.3860  3.740093e+11  0.000000e+00  0.000000e+00  1.483747e-01  8.731930e+01  1.128191e+01  1  0.3860  1.118982e+10  0.000000e+00  0.000000e+00  6.093142e-01  4.993877e+01  1.465756e-01  2  0.3860  9.882070e+00  0.000000e+00  0.000000e+00  8.463115e-02  2.881288e+01  0.000000e+00 
2  8.607095e+00  4.440230e+00  5.803000e+03  7.030709e-01 6 -1.000000e+00  1.239109e+01 1  13.8766 -5.705542e-01 -2.542724e-01 -1 -1.0000 -1.000000e+00 -1.000000e+00 -1.000000e+00 -1.000000e+00 -1.000000e+00 -1.000000e+00 -1 -1.0000 -1.000000e+00 -1.000000e+00 -1.000000e+00 -1.000000e+00 -1.000000e+00 -1.000000e+00  0  1.4000  3.109722e+12  0.000000e+00  0.000000e+00  3.614374e-01 -1.765708e+02  5.415488e+00  1  1.4000  6.569316e+10  0.000000e+00  0.000000e+00  2.382892e-01 -1.345877e+02  3.482353e-02  2  1.4000  1.387660e+01  0.000000e+00  0.000000e+00  8.571218e-02 -9.700065e+01  0.000000e+00 
3  5.401060e+01  3.860286e+01  6.806000e+03  6.370333e-01 6 -1.000000e+00  8.923276e+01 1  15.1542 -3.279777e-01  2.606276e-01 -1 -1.0000 -1.000000e+00 -1.000000e+00 -1.000000e+00 -1.000000e+00 -1.000000e+00 -1.000000e+00 -1 -1.0000 -1.000000e+00 -1.000000e+00 -1.000000e+00 -1.000000e+00 -1.000000e+00 -1.000000e+00  0  1.9670  2.840181e+12  0.000000e+00  0.000000e+00  1.914799e-01  1.673660e+02  4.675883e+00  1  1.9670  6.519507e+10  0.000000e+00  0.000000e+00  3.100972e-02  1.979349e+02  9.943974e-02  2  1.9670  1.515420e+01  0.000000e+00  0.000000e+00  4.228218e-02  7.837050e+01  0.000000e+00 
1  6.229133e+01  1.106926e+02  8.000000e+00  1.385654e-01 0  2.708288e-01  1.106926e+02 2  15.3404  2.305769e-01  7.534933e-02  0  2.5720  2.141057e+11  0.000000e+00  0.000000e+00  2.529964e-01 -1.351671e+02  1.107962e+01  1  2.5720  2.009888e+09  0.000000e+00  0.000000e+00  1.662175e-01 -1.321309e+02  8.765025e-02  2  2.5720  6.802934e+11  3.566987e+00  1.654347e+00  1.284714e-01  7.253578e+01  3.460777e+00  3  2.5720  9.976212e+09  3.566987e+00  1.654347e+00  4.405123e-01  6.023606e+01  5.308254e-02  4  2.5720  1.534040e+01  0.000000e+00  0.000000e+00  4.650809e-02  7.685943e+01  0.000000e+00 
3  2.912088e+01  3.698201e+01  2.407000e+03  4.657714e-01 6 -1.000000e+00  6.740977e+01 3   8.9755  2.448580e-02  9.221917e-02 -1 -1.0000 -1.000000e+00 -1.000000e+00 -1.000000e+00 -1.000000e+00 -1.000000e+00 -1.000000e+00 -1 -1.0000 -1.000000e+00 -1.000000e+00 -1.000000e+00 -1.000000e+00 -1.000000e+00 -1.000000e+00  0  0.8040  6.875276e+11  0.000000e+00  0.000000e+00  1.768427e-01  6.702647e+01  6.442538e+00  1  0.8040  1.956055e+10  0.000000e+00  0.000000e+00  4.791721e-01  8.680947e+01  5.943181e-02  2  0.8040  8.975470e+00  0.000000e+00  0.000000e+00  1.225957e-01  1.720270e+02  0.000000e+00 
3  1.309115e+01  6.707220e+00  8.878000e+03  1.044348e+00 6 -1.000000e+00  2.094367e+01 1  15.3448 -7.140496e-01 -2.679512e-01 -1 -1.0000 -1.000000e+00 -1.000000e+00 -1.000000e+00 -1.000000e+00 -1.000000e+00 -1.000000e+00 -1 -1.0000 -1.000000e+00 -1.000000e+00 -1.000000e+00 -1.000000e+00 -1.000000e+00 -1.000000e+00  0  0.8970  8.589252e+12  0.000000e+00  0.000000e+00  1.103313e-01 -8.454714e-01  5.100008e+00  1  0.8970  1.102577e+11  0.000000e+00  0.000000e+00  2.102601e-01 -3.226737e+01  1.200178e-01  2  0.8970  1.534480e+01  0.000000e+00  0.000000e+00  1.911865e-01  1.384076e+02  0.000000e+00 
3  3.653301e+01  2.888352e+01  3.948000e+03  4.444342e-01 6 -1.000000e+00  4.790776e+01 1   8.4315  4.047167e-01  1.587225e-01 -1 -1.0000 -1.000000e+00 -1.000000e+00 -1.000000e+00 -1.000000e+00 -1.000000e+00 -1.000000e+00 -1 -1.0000 -1.000000e+00 -1.000000e+00 -1.000000e+00 -1.000000e+00 -1.000000e+00 -1.000000e+00  0  1.6910  4.819695e+12  0.000000e+00  0.000000e+00  3.904459e-01  1.654115e+01  2.765912e+00  1  1.6910  7.228911e+10  0.000000e+00  0.000000e+00  4.347135e-01  1.311008e+01  8.649767e-02  2  1.6910  8.431540e+00  0.000000e+00  0.000000e+00  2.647941e-01 -1.278616e+02  0.000000e+00 
2  2.306069e+02  3.243013e+02  2.198000e+03  8.157739e-01 6 -1.000000e+00  3.754349e+02 1  17.5557  3.895823e-01  5.284831e-02 -1 -1.0000 -1.000000e+00 -1.000000e+00 -1.000000e+00 -1.000000e+00 -1.000000e+00 -1.000000e+00 -1 -1.0000 -1.000000e+00 -1.000000e+00 -1.000000e+00 -1.000000e+00 -1.000000e+00 -1.000000e+00  0  1.9970  2.518650e+12  0.000000e+00  0.000000e+00  1.525909e-01  1.143175e+02  6.007281e+00  1  1.9970  6.914172e+10  0.000000e+00  0.000000e+00  7.203261e-02  1.229853e+02  2.865895e-02  2  1.9970  1.755570e+01  0.000000e+00  0.000000e+00  2.540183e-01  6.082106e+00  0.000000e+00 
3  1.085823e+01  5.655152e+00  1.105000e+03  2.880312e-01 6 -1.000000e+00  1.411788e+01 1  10.6478 -2.739474e-02 -2.666894e-01 -1 -1.0000 -1.000000e+00 -1.000000e+00 -1.000000e+00 -1.000000e+00 -1.000000e+00 -1.000000e+00 -1 -1.0000 -1.000000e+00 -1.000000e+00 -1.000000e+00 -1.000000e+00 -1.000000e+00 -1.000000e+00  0  2.3040  8.255045e+11  0.000000e+00  0.000000e+00  2.315842e-01  3.689668e+01  6.142195e+00  1  2.3040  1.599472e+10  0.000000e+00  0.000000e+00  1.787795e-02 -2.912437e+01  4.561106e-02  2  2.3040  1.064780e+01  0.000000e+00  0.000000e+00  2.454995e-01 -1.033865e+02  0.000000e+00 
1  3.433464e+01  6.424001e+01  5.559000e+03  2.791128e+00 0 -1.000000e+00  6.424001e+01 2  14.0770  2.016461e+00 -2.788956e+00 -1 -1.0000 -1.000000e+00 -1.000000e+00 -1.000000e+00 -1.000000e+00 -1.000000e+00 -1.000000e+00 -1 -1.0000 -1.000000e+00 -1.000000e+00 -1.000000e+00 -1.000000e+00 -1.000000e+00 -1.000000e+00  0  0.5350  4.084407e+13  0.000000e+00  0.000000e+00  4.269243e-01  2.332207e+01  7.420030e+00  1  0.5350  2.009082e+11  0.000000e+00  0.000000e+00  1.615005e-01 -5.552759e+01  1.910432e-01  2  0.5350  1.407700e+01  0.000000e+00  0.000000e+00  8.756245e-02  1.042283e+02  0.000000e+00 
3  2.702996e+01  2.141054e+01  3.960000e+02  2.114981e-01 6 -1.000000e+00  3.577000e+01 1   9.7875  2.006205e-01  1.390561e-02 -1 -1.0000 -1.000000e+00 -1.000000e+00 -1.000000e+00 -1.000000e+00 -1.000000e+00 -1.000000e+00 -1 -1.0000 -1.000000e+00 -1.000000e+00 -1.000000e+00 -1.000000e+00 -1.000000e+00 -1.000000e+00  0  1.6490  7.188058e+11  0.000000e+00  0.000000e+00  3.049143e-01 -1.246625e+00  6.876535e+00  1  1.6490  1.095945e+10  0.000000e+00  0.000000e+00  3.270482e-01  8.779574e+00  4.597111e-02  2  1.6490  9.787460e+00  0.000000e+00  0.000000e+00  1.322300e-01  1.724024e+02  0.000000e+00 
4  4.736289e+01  1.300515e+02  9.493000e+03  1.461730e+00 6 -1.000000e+00  2.081159e+02 3  15.4586  1.728071e-01  9.638802e-02 -1 -1.0000 -1.000000e+00 -1.000000e+00 -1.000000e+00 -1.000000e+00 -1.000000e+00 -1.000000e+00 -1 -1.0000 -1.000000e+00 -1.000000e+00 -1.000000e+00 -1.000000e+00 -1.000000e+00 -1.000000e+00  0  2.3100  9.776634e+12  0.000000e+00  0.000000e+00  2.094093e-01  1.129062e+02  5.004193e+00  1  2.3100  8.702960e+10  0.000000e+00  0.000000e+00  3.328225e-01  1.194894e+02  5.274232e-02  2  2.3100  1.545860e+01  0.000000e+00  0.000000e+00  2.786346e-02 -8.365274e+01  0.000000e+00 
2  1.601591e+01  1.979489e-01  5.419000e+03  4.136430e-01 6 -1.000000e+00  3.445145e-01 1  15.1529  1.724690e+00  7.148106e-01 -1 -1.0000 -1.000000e+00 -1.000000e+00 -1.000000e+00 -1.000000e+00 -1.000000e+00 -1.000000e+00 -1 -1.0000 -1.000000e+00 -1.000000e+00 -1.000000e+00 -1.000000e+00 -1.000000e+00 -1.000000e+00  0  2.5930  1.723602e+12  0.000000e+00  0.000000e+00  1.866359e-01  1.397257e+02  3.275535e+00  1  2.5930  3.462720e+10  0.000000e+00  0.000000e+00  4.918119e-01  1.284022e+02  1.686235e-02  2  2.5930  1.515290e+01  0.000000e+00  0.000000e+00  2.949662e-01 -9.714932e+00  0.000000e+00 
1  7.254087e+01  1.390981e+02  2.700000e+02  6.776383e-02 0 -1.000000e+00  1.390981e+02 2  18.0025  6.380274e-02 -6.975472e-02 -1 -1.0000 -1.000000e+00 -1.000000e+00 -1.000000e+00 -1.000000e+00 -1.000000e+00 -1.000000e+00 -1 -1.0000 -1.000000e+00 -1.000000e+00 -1.000000e+00 -1.000000e+00 -1.000000e+00 -1.000000e+00  0  0.5810  2.149758e+11  0.000000e+00  0.000000e+00  9.398913e-02  7.076725e+01  8.425988e+00  1  0.5810  2.247203e+09  0.000000e+00  0.000000e+00  2.422849e-01  2.332036e+01  1.179889e-01  2  0.5810  1.800250e+01  0.000000e+00  0.000000e+00  1.457705e-01  3.997367e+01  0.000000e+00 
3  2.500494e+02  1.361895e+02  1.379000e+03  3.951557e+00 6 -1.000000e+00  4.547210e+02 2  15.9473 -2.160445e+00  2.616707e-01 -1 -1.0000 -1.000000e+00 -1.000000e+00 -1.000000e+00 -1.000000e+00 -1.000000e+00 -1.000000e+00 -1 -1.0000 -1.000000e+00 -1.000000e+00 -1.000000e+00 -1.000000e+00 -1.000000e+00 -1.000000e+00  0  0.6570  9.260494e+13  0.000000e+00  0.000000e+00  3.699325e-01 -1.355432e+02  5.208139e+00  1  0.6570  2.990897e+11  0.000000e+00  0.000000e+00  3.801551e-01 -1.847413e+02  3.147498e-01  2  0.6570  1.594730e+01  0.000000e+00  0.000000e+00  2.035776e-01 -3.119282e+01  0.000000e+00 
3  2.664988e+01  3.836838e+01  4.894000e+03  1.874789e-01 6 -1.000000e+00  6.531974e+01 3  12.6998  3.157516e-02 -4.713442e-02 -1 -1.0000 -1.000000e+00 -1.000000e+00 -1.000000e+00 -1.000000e+00 -1.000000e+00 -1.000000e+00 -1 -1.0000 -1.000000e+00 -1.000000e+00 -1.000000e+00 -1.000000e+00 -1.000000e+00 -1.000000e+00  0  0.7180  4.219189e+11  0.000000e+00  0.000000e+00  1.822680e-01  9.057575e+01  6.839845e+00  1  0.7180  7.465189e+09  0.000000e+00  0.000000e+00  6.000108e-02  1.108020e+02  1.013605e-01  2  0.7180  1.269980e+01  0.000000e+00  0.000000e+00  1.795786e-01 -5.343888e+01  0.000000e+00 
3  1.379272e+01  2.523320e+01  5.067000e+03  1.359467e+00 6 -1.000000e+00  3.702704e+01 3  10.7919  2.300048e-01  2.620170e-01 -1 -1.0000 -1.000000e+00 -1.000000e+00 -1.000000e+00 -1.000000e+00 -1.000000e+00 -1.000000e+00 -1 -1.0000 -1.000000e+00 -1.000000e+00 -1.000000e+00 -1.000000e+00 -1.000000e+00 -1.000000e+00  0  0.8920  1.085057e+13  0.000000e+00  0.000000e+00  3.055357e-01  9.515610e+01  6.354121e+00  1  0.8920  1.034763e+11  0.000000e+00  0.000000e+00  2.328841e-01  1.472562e+02  1.573439e-01  2  0.8920  1.079190e+01  0.000000e+00  0.000000e+00  1.569010e-01 -1.479416e+02  0.000000e+00 
1  1.082150e+02  1.886737e+02  7.761000e+03  4.929483e-02 0 -1.000000e+00  1.886737e+02 2  14.7632  3.238760e-02 -1.104645e-01 -1 -1.0000 -1.000000e+00 -1.000000e+00 -1.000000e+00 -1.000000e+00 -1.000000e+00 -1.000000e+00 -1 -1.0000 -1.000000e+00 -1.000000e+00 -1.000000e+00 -1.000000e+00 -1.000000e+00 -1.000000e+00  0  2.6480  1.127566e+11  0.000000e+00  0.000000e+00  1.332606e-01 -1.122469e+02  7.412408e+00  1  2.6480  4.245225e+08  0.000000e+00  0.000000e+00  3.859633e-01 -8.245395e+01  2.515756e-02  2  2.6480  1.476320e+01  0.000000e+00  0.000000e+00  2.751904e-01  1.884915e+01  0.000000e+00 
3  3.862551e+02  1.224115e+02  8.348000e+03  8.325825e-01 6 -1.000000e+00  7.859350e+02 2  10.7869  9.726321e-01  1.683440e-01 -1 -1.0000 -1.000000e+00 -1.000000e+00 -1.000000e+00 -1.000000e+00 -1.000000e+00 -1.000000e+00 -1 -1.0000 -1.000000e+00 -1.000000e+00 -1.000000e+00 -1.000000e+00 -1.000000e+00 -1.000000e+00  0  0.4490  2.279676e+12  0.000000e+00  0.000000e+00  3.373295e-01 -8.685014e+01  8.148603e+00  1  0.4490  8.364378e+10  0.000000e+00  0.000000e+00  3.076251e-01 -3.258477e+01  2.058946e-01  2  0.4490  1.078690e+01  0.000000e+00  0.000000e+00  1.914960e-01  9.936483e+01  0.000000e+00 
3  1.292924e+02  4.994258e+01  2.446000e+03  5.785818e-01 6 -1.000000e+00  1.552297e+02 1  11.2075 -4.465745e-01  6.451987e-01 -1 -1.0000 -1.000000e+00 -1.000000e+00 -1.000000e+00 -1.000000e+00 -1.000000e+00 -1.000000e+00 -1 -1.0000 -1.000000e+00 -1.000000e+00 -1.000000e+00 -1.000000e+00 -1.000000e+00 -1.000000e+00  0  1.0520  1.835734e+12  0.000000e+00  0.000000e+00  3.695781e-01 -9.216711e+01  5.764165e+00  1  1.0520  6.879758e+10  0.000000e+00  0.000000e+00  3.967867e-01 -1.776925e+02  5.081458e-02  2  1.0520  1.120750e+01  0.000000e+00  0.000000e+00  2.190874e-01 -3.807116e+01  0.000000e+00 
3  7.553485e+01  1.081736e+02  7.410000e+03  3.667424e-01 6 -1.000000e+00  1.103397e+02 1  11.9338  7.028022e-02 -1.253725e-01 -1 -1.0000 -1.000000e+00 -1.000000e+00 -1.000000e+00 -1.000000e+00 -1.000000e+00 -1.000000e+00 -1 -1.0000 -1.000000e+00 -1.000000e+00 -1.000000e+00 -1.000000e+00 -1.000000e+00 -1.000000e+00  0  1.7590  1.308176e+12  0.000000e+00  0.000000e+00  3.185352e-01 -8.016119e+01  3.091806e+00  1  1.7590  2.971005e+10  0.000000e+00  0.000000e+00  1.095840e-01 -6.264469e+01  5.644036e-02  2  1.7590  1.193380e+01  0.000000e+00  0.000000e+00  5.164655e-02 -3.893466e+01  0.000000e+00 
3  5.583242e+01  4.547826e+01  6.055000e+03  3.642227e-01 6 -1.000000e+00  1.375952e+02 3  16.1259  5.347998e-02 -1.501652e-01 -1 -1.0000 -1.000000e+00 -1.000000e+00 -1.000000e+00 -1.000000e+00 -1.000000e+00 -1.000000e+00 -1 -1.0000 -1.000000e+00 -1.000000e+00 -1.000000e+00 -1.000000e+00 -1.000000e+00 -1.000000e+00  0  2.0830  9.490878e+11  0.000000e+00  0.000000e+00  2.125293e-01  3.305399e+01  6.802503e+00  1  2.0830  1.486318e+10  0.000000e+00  0.000000e+00  2.212410e-01  6.460663e+01  3.386575e-02  2  2.0830  1.612590e+01  0.000000e+00  0.000000e+00  3.594445e-02  1.604559e+01  0.000000e+00 
3  6.961052e+01  4.261716e+01  1.968000e+03  4.866345e-01 6 -1.000000e+00  1.150944e+02 1  17.1402 -2.576776e-02 -3.271877e-01 -1 -1.0000 -1.000000e+00 -1.000000e+00 -1.000000e+00 -1.000000e+00 -1.000000e+00 -1.000000e+00 -1 -1.0000 -1.000000e+00 -1.000000e+00 -1.000000e+00 -1.000000e+00 -1.000000e+00 -1.000000e+00  0  0.6910  1.835218e+12  0.000000e+00  0.000000e+00  3.943060e-01  2.843462e+01  4.198688e+00  1  0.6910  5.322596e+10  0.000000e+00  0.000000e+00  4.608572e-01  4.941772e+01  2.131454e-01  2  0.6910  1.714020e+01  0.000000e+00  0.000000e+00  1.847900e-01 -4.647602e+00  0.000000e+00 
3  1.038595e+02  1.648248e+02  5.471000e+03  1.588459e-01 6 -1.000000e+00  1.648956e+02 1   6.1617 -8.441788e-02 -1.511933e-02 -1 -1.0000 -1.000000e+00 -1.000000e+00 -1.000000e+00 -1.000000e+00 -1.000000e+00 -1.000000e+00 -1 -1.0000 -1.000000e+00 -1.000000e+00 -1.000000e+00 -1.000000e+00 -1.000000e+00 -1.000000e+00  0  1.0400  4.293480e+11  0.000000e+00  0.000000e+00  6.083798e-02  1.751349e+02  9.528363e+00  1  1.0400  6.575729e+09  0.000000e+00  0.000000e+00  5.106040e-01  1.814344e+02  2.858492e-02  2  1.0400  6.161730e+00  0.000000e+00  0.000000e+00  6.739253e-02  2.867792e+01  0.000000e+00 
3  4.992713e+01  2.217955e+01  8.470000e+02  3.305201e-01 6 -1.000000e+00  6.967843e+01 1  14.7641  3.243519e-01 -5.078744e-03 -1 -1.0000 -1.000000e+00 -1.000000e+00 -1.000000e+00 -1.000000e+00 -1.000000e+00 -1.000000e+00 -1 -1.0000 -1.000000e+00 -1.000000e+00 -1.000000e+00 -1.000000e+00 -1.000000e+00 -1.000000e+00  0  1.1530  8.500612e+11  0.000000e+00  0.000000e+00  1.305007e-01  1.345332e+02  4.625689e+00  1  1.1530  2.286437e+10  0.000000e+00  0.000000e+00  2.103111e-01  1.409142e+02  6.469629e-02  2  1.1530  1.476410e+01  0.000000e+00  0.000000e+00  8.666186e-02  5.422115e+01  0.000000e+00 
3  1.049917e+02  1.787342e+02  2.707000e+03  1.529883e+00 6  2.714408e-01  2.017524e+02 3  18.6754 -1.575493e+00  7.840342e-01  0  1.9450  3.321393e+12  0.000000e+00  0.000000e+00  7.044781e-02  2.447610e+00  1.255381e+01  1  1.9450  6.624950e+10  0.000000e+00  0.000000e+00  2.574078e-01 -4.565426e+01  7.174645e-02  2  1.9450  8.173233e+12 -8.594148e+00  3.474534e+00  2.912589e-01 -1.182668e+02  2.143969e+00  3  1.9450  5.838290e+10 -8.594148e+00  3.474534e+00  4.316572e-01 -9.996162e+01  5.391246e-02  4  1.9450  1.867540e+01  0.000000e+00  0.000000e+00  1.813136e-01 -2.915447e+01  0.000000e+00 
3  1.539265e+02  8.329411e+01  6.701000e+03  1.709885e+00 6 -1.000000e+00  2.045065e+02 1  10.2525  4.667256e-03  1.211918e+00 -1 -1.0000 -1.000000e+00 -1.000000e+00 -1.000000e+00 -1.000000e+00 -1.000000e+00 -1.000000e+00 -1 -1.0000 -1.000000e+00 -1.000000e+00 -1.000000e+00 -1.000000e+00 -1.000000e+00 -1.000000e+00  0  0.2770  5.487537e+12  0.000000e+00  0.000000e+00  1.268396e-01 -1.043313e+02  1.119203e+01  1  0.2770  9.667780e+10  0.000000e+00  0.000000e+00  5.066908e-01 -1.007596e+02  2.702498e-01  2  0.2770  1.025250e+01  0.000000e+00  0.000000e+00  1.304915e-01  5.995865e+01  0.000000e+00 
3  3.801160e+01  2.227468e+01  9.637000e+03  6.012207e-01 6 -1.000000e+00  5.636842e+01 1  15.9403  1.714058e-01  3.771650e-01 -1 -1.0000 -1.000000e+00 -1.000000e+00 -1.000000e+00 -1.000000e+00 -1.000000e+00 -1.000000e+00 -1 -1.0000 -1.000000e+00 -1.000000e+00 -1.000000e+00 -1.000000e+00 -1.000000e+00 -1.000000e+00  0  1.9430  2.614547e+12  0.000000e+00  0.000000e+00  4.542588e-01  1.009289e+02  3.044871e+00  1  1.9430  6.209900e+10  0.000000e+00  0.000000e+00  2.125046e-01  1.337292e+02  3.424379e-02  2  1.9430  1.594030e+01  0.000000e+00  0.000000e+00  1.888789e-01 -1.657710e+02  0.000000e+00 
3  1.900391e+02  1.307964e+02  3.240000e+03  4.381363e-01 6 -1.000000e+00  3.604618e+02 3  15.5322  6.556698e-02  2.715663e-01 -1 -1.0000 -1.000000e+00 -1.000000e+00 -1.000000e+00 -1.000000e+00 -1.000000e+00 -1.000000e+00 -1 -1.0000 -1.000000e+00 -1.000000e+00 -1.000000e+00 -1.000000e+00 -1.000000e+00 -1.000000e+00  0  2.0550  2.022308e+12  0.000000e+00  0.000000e+00  1.179414e-01  1.668669e+02  4.194611e+00  1  2.0550  4.802930e+10  0.000000e+00  0.000000e+00  3.560595e-01  1.882584e+02  6.774092e-02  2  2.0550  1.553220e+01  0.000000e+00  0.000000e+00  6.095654e-02  1.258613e+01  0.000000e+00 
3  1.178387e+01  5.118624e+00  1.570000e+03  7.118460e-01 6 -1.000000e+00  1.542352e+01 1  11.2130 -1.955946e-01 -6.225266e-01 -1 -1.0000 -1.000000e+00 -1.000000e+00 -1.000000e+00 -1.000000e+00 -1.000000e+00 -1.000000e+00 -1 -1.0000 -1.000000e+00 -1.000000e+00 -1.000000e+00 -1.000000e+00 -1.000000e+00 -1.000000e+00  0  0.8730  4.692244e+12  0.000000e+00  0.000000e+00  2.316799e-01  1.043783e+02  4.499642e+00  1  0.8730  9.178769e+10  0.000000e+00  0.000000e+00  4.307618e-01  1.461666e+02  1.499369e-01  2  0.8730  1.121300e+01  0.000000e+00  0.000000e+00  2.525832e-01 -6.657182e+01  0.000000e+00 
3  1.644869e+01  2.017476e+01  9.875000e+03  9.182725e-01 6 -1.000000e+00  3.133416e+01 3  19.3276  1.590626e-01  2.564998e-01 -1 -1.0000 -1.000000e+00 -1.000000e+00 -1.000000e+00 -1.000000e+00 -1.000000e+00 -1.000000e+00 -1 -1.0000 -1.000000e+00 -1.000000e+00 -1.000000e+00 -1.000000e+00 -1.000000e+00 -1.000000e+00  0  0.8960  1.311217e+13  0.000000e+00  0.000000e+00  7.033496e-02 -1.668327e+01  2.401434e+00  1  0.8960  1.013723e+11  0.000000e+00  0.000000e+00  8.838672e-02 -6.528208e+01  8.639744e-02  2  0.8960  1.932760e+01  0.000000e+00  0.000000e+00  2.982464e-02  3.084401e+01  0.000000e+00 
3  8.392960e+01  6.282135e+01  7.023000e+03  7.191474e-01 6  2.832709e-01  1.361887e+02 1  15.5290 -6.425452e-01 -9.124662e-01  0  1.3920  4.092316e+11  0.000000e+00  0.000000e+00  2.321831e-01 -3.154596e+01  3.999133e+01  1  1.3920  8.243715e+09  0.000000e+00  0.000000e+00  4.000333e-01 -1.367742e+01  7.985344e-02  2  1.3920  3.838152e+12 -2.211086e+00 -2.006101e+00  4.014816e-01  1.166618e+02  4.137073e+00  3  1.3920  8.609408e+10 -2.211086e+00 -2.006101e+00  6.704476e-02  9.656362e+01  4.015949e-02  4  1.3920  1.552900e+01  0.000000e+00  0.000000e+00  4.407616e-02  1.637433e+02  0.000000e+00 
5  7.622292e+01  1.277760e+02  6.352000e+03  3.955220e-01 6  2.793378e-01  2.352127e+02 3  18.4689 -2.547080e-01  5.357786e-01  0  1.6200  4.449634e+11  0.000000e+00  0.000000e+00  3.478828e-01  1.591728e+02  1.189866e+01  1  1.6200  8.524250e+09  0.000000e+00  0.000000e+00  2.046611e-01  1.298797e+02  5.037907e-02  2  1.6200  3.786950e+12 -1.376551e+00  1.831127e+00  2.227509e-01 -1.272924e+02  3.081192e+00  3  1.6200  6.442448e+10 -1.376551e+00  1.831127e+00  4.078179e-01 -9.125807e+01  2.673986e-02  4  1.6200  1.846890e+01  0.000000e+00  0.000000e+00  1.594963e-01 -1.632666e+02  0.000000e+00 
3  9.287407e+00  7.903349e+00  3.606000e+03  2.673835e-01 6 -1.000000e+00  1.184797e+01 1  11.3499 -8.421978e-02  1.349702e-01 -1 -1.0000 -1.000000e+00 -1.000000e+00 -1.000000e+00 -1.000000e+00 -1.000000e+00 -1.000000e+00 -1 -1.0000 -1.000000e+00 -1.000000e+00 -1.000000e+00 -1.000000e+00 -1.000000e+00 -1.000000e+00  0  1.9060  9.074021e+11  0.000000e+00  0.000000e+00  6.393908e-01  9.294546e+01  5.120352e+00  1  1.9060  1.510250e+10  0.000000e+00  0.000000e+00  5.254565e-01  3.640571e+01  2.799828e-02  2  1.9060  1.134990e+01  0.000000e+00  0.000000e+00  1.337763e-01 -6.232030e+01  0.000000e+00 
5  6.432971e+01  8.666395e+01  3.289000e+03  2.692953e-01 6  2.696721e-01  1.297102e+02 3  10.2473 -3.296636e-01 -2.198341e-01  0  2.8390  5.513674e+11  0.000000e+00  0.000000e+00  3.270151e-01  1.298540e+02  8.333606e+00  1  2.8390  9.779518e+09  0.000000e+00  0.000000e+00  3.118597e-01  1.200601e+02  4.132726e-02  2  2.8390  1.617328e+12 -2.859869e+00 -2.539523e+00  7.681967e-02  1.290823e+02  2.811536e+00  3  2.8390  3.769045e+10 -2.859869e+00 -2.539523e+00  2.527975e-01  1.596976e+02  7.285204e-03  4  2.8390  1.024730e+01  0.000000e+00  0.000000e+00  2.342486e-01 -8.725530e+01  0.000000e+00 
1  1.172262e+01  2.076805e+01  4.039000e+03  2.167253e+00 0 -1.000000e+00  2.076805e+01 2  11.2051  4.324208e+00 -1.234996e+00 -1 -1.0000 -1.000000e+00 -1.000000e+00 -1.000000e+00 -1.000000e+00 -1.000000e+00 -1.000000e+00 -1 -1.0000 -1.000000e+00 -1.000000e+00 -1.000000e+00 -1.000000e+00 -1.000000e+00 -1.000000e+00  0  0.8940  2.358302e+13  0.000000e+00  0.000000e+00  2.743952e-01 -1.293454e+02  6.192258e+00  1  0.8940  1.389841e+11  0.000000e+00  0.000000e+00  2.668080e-01 -1.129219e+02  1.927148e-01  2  0.8940  1.120510e+01  0.000000e+00  0.000000e+00  2.025630e-01 -1.036259e+02  0.000000e+00 
3  1.249148e+01  7.581280e+00  5.154000e+03  5.522997e-01 6 -1.000000e+00  2.109504e+01 1  15.9420 -2.796982e-01  1.075134e-01 -1 -1.0000 -1.000000e+00 -1.000000e+00 -1.000000e+00 -1.000000e+00 -1.000000e+00 -1.000000e+00 -1 -1.0000 -1.000000e+00 -1.000000e+00 -1.000000e+00 -1.000000e+00 -1.000000e+00 -1.000000e+00  0  0.9250  1.835554e+12  0.000000e+00  0.000000e+00  1.259321e-01  1.004450e+02  5.752570e+00  1  0.9250  4.531318e+10  0.000000e+00  0.000000e+00  1.434479e-01  1.133453e+02  1.604534e-01  2  0.9250  1.594200e+01  0.000000e+00  0.000000e+00  2.241817e-01 -9.943845e+01  0.000000e+00 
3  3.019825e+02  2.627204e+02  6.421000e+03  1.535765e-01 6 -1.000000e+00  4.562746e+02 1   9.5308  9.945072e-02 -9.323428e-03 -1 -1.0000 -1.000000e+00 -1.000000e+00 -1.000000e+00 -1.000000e+00 -1.000000e+00 -1.000000e+00 -1 -1.0000 -1.000000e+00 -1.000000e+00 -1.000000e+00 -1.000000e+00 -1.000000e+00 -1.000000e+00  0  1.2080  4.335029e+11  0.000000e+00  0.000000e+00  4.391981e-01  3.291915e-01  6.148284e+00  1  1.2080  6.374816e+09  0.000000e+00  0.000000e+00  5.493168e-01 -4.604422e+01  3.839546e-02  2  1.2080  9.530790e+00  0.000000e+00  0.000000e+00  1.911166e-01  5.816788e+01  0.000000e+00 
3  6.798732e+02  5.713736e+02  1.160000e+02  2.376400e-01 6 -1.000000e+00  1.033546e+03 1   4.8053  1.045638e-01  7.859188e-03 -1 -1.0000 -1.000000e+00 -1.000000e+00 -1.000000e+00 -1.000000e+00 -1.000000e+00 -1.000000e+00 -1 -1.0000 -1.000000e+00 -1.000000e+00 -1.000000e+00 -1.000000e+00 -1.000000e+00 -1.000000e+00  0  1.5590  1.092707e+12  0.000000e+00  0.000000e+00  3.423179e-01  7.545291e+01  2.927628e+00  1  1.5590  2.059886e+10  0.000000e+00  0.000000e+00  2.949542e-01  7.785634e+01  1.001354e-01  2  1.5590  4.805330e+00  0.000000e+00  0.000000e+00  8.451426e-02 -1.614119e+02  0.000000e+00 
1  1.226607e+02  2.606614e+02  9.130000e+03  1.142302e-01 0  2.769669e-01  2.606614e+02 2   8.2495 -1.418929e-01  2.004957e-02  0  1.9810  8.144222e+10  0.000000e+00  0.000000e+00  4.424497e-01  1.354964e+02  2.334911e+01  1  1.9810  4.369537e+08  0.000000e+00  0.000000e+00  1.827256e-01  1.003299e+02  3.748478e-02  2  1.9810  3.857003e+11 -1.433016e+00  7.941551e-01  4.140919e-01 -7.731989e+01  5.540729e+00  3  1.9810  3.390629e+09 -1.433016e+00  7.941551e-01  6.266150e-01 -1.310210e+02  1.056176e-01  4  1.9810  8.249500e+00  0.000000e+00  0.000000e+00  1.759449e-01 -1.678450e+02  0.000000e+00 
3  6.961052e+01  4.251457e+01  1.968000e+03  9.404127e-01 6 -1.000000e+00  1.048089e+02 1  17.1402  2.364797e-01 -5.607526e-01 -1 -1.0000 -1.000000e+00 -1.000000e+00 -1.000000e+00 -1.000000e+00 -1.000000e+00 -1.000000e+00 -1 -1.0000 -1.000000e+00 -1.000000e+00 -1.000000e+00 -1.000000e+00 -1.000000e+00 -1.000000e+00  0  0.9840  6.498951e+12  0.000000e+00  0.000000e+00  3.956753e-01  1.597049e+02  4.714768e+00  1  0.9840  9.653960e+10  0.000000e+00  0.000000e+00  2.815840e-01  1.212943e+02  1.251065e-01  2  0.9840  1.714020e+01  0.000000e+00  0.000000e+00  7.686915e-02 -6.833414e+00  0.000000e+00 
3  1.617265e+01  7.564318e+00  7.955000e+03  1.390176e+00 6 -1.000000e+00  3.190716e+01 2  13.2254  4.227806e-01 -8.501744e-01 -1 -1.0000 -1.000000e+00 -1.000000e+00 -1.000000e+00 -1.000000e+00 -1.000000e+00 -1.000000e+00 -1 -1.0000 -1.000000e+00 -1.000000e+00 -1.000000e+00 -1.000000e+00 -1.000000e+00 -1.000000e+00  0  1.1600  1.607581e+13  0.000000e+00  0.000000e+00  3.979635e-01 -1.409953e+02  4.977084e+00  1  1.1600  1.274155e+11  0.000000e+00  0.000000e+00  1.376547e-01 -1.983349e+02  1.299866e-01  2  1.1600  1.322540e+01  0.000000e+00  0.000000e+00  7.508038e-02 -6.935842e+01  0.000000e+00 
3  1.627132e+01  4.026896e+00  1.055000e+03  1.348727e+00 6 -1.000000e+00  3.235429e+01 2  11.3516  3.706895e-01  1.235851e+00 -1 -1.0000 -1.000000e+00 -1.000000e+00 -1.000000e+00 -1.000000e+00 -1.000000e+00 -1.000000e+00 -1 -1.0000 -1.000000e+00 -1.000000e+00 -1.000000e+00 -1.000000e+00 -1.000000e+00 -1.000000e+00  0  1.4420  1.408072e+13  0.000000e+00  0.000000e+00  3.154508e-01  1.584891e+02  5.290486e+00  1  1.4420  1.261273e+11  0.000000e+00  0.000000e+00  2.881534e-01  2.034436e+02  7.237742e-02  2  1.4420  1.135160e+01  0.000000e+00  0.000000e+00  9.602163e-02  2.401103e+01  0.000000e+00 
2  3.753083e+01  4.956381e+01  3.560000e+03  3.921697e+00 6 -1.000000e+00  7.417494e+01 3  12.0853  2.044432e+00  8.716317e-01 -1 -1.0000 -1.000000e+00 -1.000000e+00 -1.000000e+00 -1.000000e+00 -1.000000e+00 -1.000000e+00 -1 -1.0000 -1.000000e+00 -1.000000e+00 -1.000000e+00 -1.000000e+00 -1.000000e+00 -1.000000e+00  0  1.4630  4.983944e+13  0.000000e+00  0.000000e+00  4.594548e-01  1.796726e+02  7.441528e+00  1  1.4630  1.631031e+11  0.000000e+00  0.000000e+00  1.596893e-01  1.673625e+02  7.116541e-02  2  1.4630  1.208530e+01  0.000000e+00  0.000000e+00  1.008845e-01 -1.549190e+02  0.000000e+00 
5  6.901807e+00  1.162768e+01  1.157000e+03  1.859536e-01 6  2.818749e-01  1.481255e+01 3  12.5446 -8.139084e-02 -6.316385e-01  0  1.9520  1.024235e+11  0.000000e+00  0.000000e+00  3.806897e-01  1.522015e+02  3.471099e+01  1  1.9520  5.567219e+08  0.000000e+00  0.000000e+00  4.339649e-01  1.322321e+02  3.781233e-02  2  1.9520  2.355140e+12 -1.907448e+00 -1.000705e+01  2.880054e-01 -5.342804e+01  3.262436e+00  3  1.9520  5.303233e+10 -1.907448e+00 -1.000705e+01  4.040535e-01 -3.938193e+01  4.482337e-02  4  1.9520  1.254460e+01  0.000000e+00  0.000000e+00  5.038570e-02  1.227911e+02  0.000000e+00 
3  5.971574e+01  5.186177e+01  9.264000e+03  1.625435e-01 6 -1.000000e+00  9.438263e+01 1  14.0697 -7.789714e-02  3.362844e-02 -1 -1.0000 -1.000000e+00 -1.000000e+00 -1.000000e+00 -1.000000e+00 -1.000000e+00 -1.000000e+00 -1 -1.0000 -1.000000e+00 -1.000000e+00 -1.000000e+00 -1.000000e+00 -1.000000e+00 -1.000000e+00  0  2.2680  5.376900e+11  0.000000e+00  0.000000e+00  2.503792e-01  3.139716e+01  5.342785e+00  1  2.2680  7.875744e+09  0.000000e+00  0.000000e+00  4.599185e-01  1.996406e+01  2.571809e-02  2  2.2680  1.406970e+01  0.000000e+00  0.000000e+00  8.186893e-02  1.513300e+01  0.000000e+00 
3  2.449741e+01  1.813533e+01  5.999000e+03  1.136390e+00 6 -1.000000e+00  3.047951e+01 1  13.3886  8.924220e-01 -2.465298e-01 -1 -1.0000 -1.000000e+00 -1.000000e+00 -1.000000e+00 -1.000000e+00 -1.000000e+00 -1.000000e+00 -1 -1.0000 -1.000000e+00 -1.000000e+00 -1.000000e+00 -1.000000e+00 -1.000000e+00 -1.000000e+00  0  0.4000  2.589398e+12  0.000000e+00  0.000000e+00  1.507760e-01  1.309115e+02  1.179319e+01  1  0.4000  9.578627e+10  0.000000e+00  0.000000e+00  1.417232e-01  1.448256e+02  1.533290e-01  2  0.4000  1.338860e+01  0.000000e+00  0.000000e+00  1.846476e-01  1.613746e+02  0.000000e+00 
3  1.107527e+02  8.208283e+01  7.886000e+03  5.918973e-01 6 -1.000000e+00  1.716050e+02 1   9.4518 -1.117332e-01 -3.649474e-01 -1 -1.0000 -1.000000e+00 -1.000000e+00 -1.000000e+00 -1.000000e+00 -1.000000e+00 -1.000000e+00 -1 -1.0000 -1.000000e+00 -1.000000e+00 -1.000000e+00 -1.000000e+00 -1.000000e+00 -1.000000e+00  0  1.9840  4.173040e+12  0.000000e+00  0.000000e+00  2.389877e-01 -9.513490e+01  3.337581e+00  1  1.9840  7.176431e+10  0.000000e+00  0.000000e+00  3.882177e-01 -1.384534e+02  5.111647e-02  2  1.9840  9.451820e+00  0.000000e+00  0.000000e+00  1.064207e-01 -1.621926e+02  0.000000e+00 
3  2.009342e+02  1.470339e+02  4.171000e+03  2.233962e-01 6 -1.000000e+00  2.523195e+02 1  11.4808 -9.134081e-02 -1.759835e-01 -1 -1.0000 -1.000000e+00 -1.000000e+00 -1.000000e+00 -1.000000e+00 -1.000000e+00 -1.000000e+00 -1 -1.0000 -1.000000e+00 -1.000000e+00 -1.000000e+00 -1.000000e+00 -1.000000e+00 -1.000000e+00  0  2.0830  7.432572e+11  0.000000e+00  0.000000e+00  3.066033e-01  5.952941e+01  3.936216e+00  1  2.0830  1.269746e+10  0.000000e+00  0.000000e+00  1.629220e-01  3.034252e+01  3.186409e-02  2  2.0830  1.148080e+01  0.000000e+00  0.000000e+00  2.104847e-01  7.540423e+01  0.000000e+00 
3  2.430332e+01  8.636119e+00  4.026000e+03  1.065741e+00 6 -1.000000e+00  4.425074e+01 2  11.2102  7.337863e-01 -6.673491e-01 -1 -1.0000 -1.000000e+00 -1.000000e+00 -1.000000e+00 -1.000000e+00 -1.000000e+00 -1.000000e+00 -1 -1.0000 -1.000000e+00 -1.000000e+00 -1.000000e+00 -1.000000e+00 -1.000000e+00 -1.000000e+00  0  0.7120  5.400357e+12  0.000000e+00  0.000000e+00  3.117990e-01 -1.646319e+02  9.198334e+00  1  0.7120  7.352837e+10  0.000000e+00  0.000000e+00  9.288829e-02 -1.615769e+02  5.511627e-02  2  0.7120  1.121020e+01  0.000000e+00  0.000000e+00  1.197695e-01 -9.892408e+01  0.000000e+00 
3  1.848401e+02  1.384885e+02  4.301000e+03  2.869333e+00 6 -1.000000e+00  3.588926e+02 3  19.3116 -8.538528e-01  6.135198e-01 -1 -1.0000 -1.000000e+00 -1.000000e+00 -1.000000e+00 -1.000000e+00 -1.000000e+00 -1.000000e+00 -1 -1.0000 -1.000000e+00 -1.000000e+00 -1.000000e+00 -1.000000e+00 -1.000000e+00 -1.000000e+00  0  0.8330  6.113729e+13  0.000000e+00  0.000000e+00  5.551507e-01 -9.201431e+01  3.475088e+00  1  0.8330  2.523822e+11  0.000000e+00  0.000000e+00  3.493878e-02 -1.132754e+02  3.728428e-01  2  0.8330  1.931160e+01  0.000000e+00  0.000000e+00  1.174716e-01 -4.886615e+00  0.000000e+00 
1  1.644869e+01  3.115339e+01  9.875000e+03  2.168229e+00 0 -1.000000e+00  3.115339e+01 2  19.3276 -5.645859e-01  1.891772e+00 -1 -1.0000 -1.000000e+00 -1.000000e+00 -1.000000e+00 -1.000000e+00 -1.000000e+00 -1.000000e+00 -1 -1.0000 -1.000000e+00 -1.000000e+00 -1.000000e+00 -1.000000e+00 -1.000000e+00 -1.000000e+00  0  1.0270  2.181323e+13  0.000000e+00  0.000000e+00  1.777326e-01  1.788547e+01  5.513782e+00  1  1.0270  2.389088e+11  0.000000e+00  0.000000e+00  1.775265e-01  5.389676e+01  2.557570e-01  2  1.0270  1.932760e+01  0.000000e+00  0.000000e+00  1.282133e-01  1.727373e+02  0.000000e+00 
3  1.276678e+01  1.261676e+01  2.812000e+03  9.775489e-01 6 -1.000000e+00  2.546535e+01 3  16.7083  3.931587e-01  3.414789e-01 -1 -1.0000 -1.000000e+00 -1.000000e+00 -1.000000e+00 -1.000000e+00 -1.000000e+00 -1.000000e+00 -1 -1.0000 -1.000000e+00 -1.000000e+00 -1.000000e+00 -1.000000e+00 -1.000000e+00 -1.000000e+00  0  1.0580  6.977862e+12  0.000000e+00  0.000000e+00  1.133813e-01  2.388822e+01  5.796018e+00  1  1.0580  1.075485e+11  0.000000e+00  0.000000e+00  4.063705e-01  1.318576e+01  6.056853e-02  2  1.0580  1.670830e+01  0.000000e+00  0.000000e+00  5.187239e-02  1.239883e+02  0.000000e+00 
3  1.136683e+02  5.586620e+01  3.200000e+02  6.921587e-01 6 -1.000000e+00  2.081902e+02 2  16.9215  5.366693e-01 -1.484681e-01 -1 -1.0000 -1.000000e+00 -1.000000e+00 -1.000000e+00 -1.000000e+00 -1.000000e+00 -1.000000e+00 -1 -1.0000 -1.000000e+00 -1.000000e+00 -1.000000e+00 -1.000000e+00 -1.000000e+00 -1.000000e+00  0  1.5530  4.976969e+12  0.000000e+00  0.000000e+00  2.710102e-01 -1.337505e+02  3.476682e+00  1  1.5530  7.453765e+10  0.000000e+00  0.000000e+00  4.566212e-01 -2.301824e+02  9.718434e-02  2  1.5530  1.692150e+01  0.000000e+00  0.000000e+00  6.393530e-02 -9.972675e+01  0.000000e+00 
1  1.280778e+01  2.439906e+01  8.365000e+03  4.786060e-01 0 -1.000000e+00  2.439906e+01 2   9.7570 -3.596103e-03  5.638457e-01 -1 -1.0000 -1.000000e+00 -1.000000e+00 -1.000000e+00 -1.000000e+00 -1.000000e+00 -1.000000e+00 -1 -1.0000 -1.000000e+00 -1.000000e+00 -1.000000e+00 -1.000000e+00 -1.000000e+00 -1.000000e+00  0  1.9480  1.816168e+12  0.000000e+00  0.000000e+00  1.642722e-01  1.223156e+02  8.215808e+00  1  1.9480  3.195597e+10  0.000000e+00  0.000000e+00  5.319694e-01  1.824143e+02  6.616708e-02  2  1.9480  9.756980e+00  0.000000e+00  0.000000e+00  1.926263e-01 -2.533843e+00  0.000000e+00 
3  6.137389e+01  2.920380e+01  7.811000e+03  4.100609e-01 6 -1.000000e+00  8.674641e+01 1  12.5600 -1.271680e-01 -4.084181e-01 -1 -1.0000 -1.000000e+00 -1.000000e+00 -1.000000e+00 -1.000000e+00 -1.000000e+00 -1.000000e+00 -1 -1.0000 -1.000000e+00 -1.000000e+00 -1.000000e+00 -1.000000e+00 -1.000000e+00 -1.000000e+00  0  0.4890  7.072734e+11  0.000000e+00  0.000000e+00  5.406986e-02 -8.607025e+01  8.275701e+00  1  0.4890  3.243790e+10  0.000000e+00  0.000000e+00  3.871943e-01 -1.719198e+02  1.088507e-01  2  0.4890  1.256000e+01  0.000000e+00  0.000000e+00  6.648319e-02 -4.807174e+01  0.000000e+00 
3  5.009554e+01  2.072086e+01  2.839000e+03  7.586560e-01 6  2.861122e-01  9.646899e+01 2  17.4658  2.852599e-01  1.498857e+00  0  1.2460  7.867264e+11  0.000000e+00  0.000000e+00  1.419393e-01  9.838815e+01  1.801691e+01  1  1.2460  2.487160e+10  0.000000e+00  0.000000e+00  2.715736e-01  1.025595e+02  3.730064e-02  2  1.2460  1.292094e+13  5.104317e+00  1.422771e+01  3.023191e-01 -1.196999e+01  4.644524e+00  3  1.2460  1.235571e+11  5.104317e+00  1.422771e+01  1.976200e-01 -2.704473e+01  8.093821e-02  4  1.2460  1.746580e+01  0.000000e+00  0.000000e+00  1.659708e-01 -7.847826e+01  0.000000e+00 
2  1.469834e+02  2.850819e+01  5.027000e+03  8.651906e-01 6 -1.000000e+00  2.587261e+02 2  14.7444 -6.911012e-01 -5.840852e-01 -1 -1.0000 -1.000000e+00 -1.000000e+00 -1.000000e+00 -1.000000e+00 -1.000000e+00 -1.000000e+00 -1 -1.0000 -1.000000e+00 -1.000000e+00 -1.000000e+00 -1.000000e+00 -1.000000e+00 -1.000000e+00  0  2.2350  4.492831e+12  0.000000e+00  0.000000e+00  3.862099e-01 -8.568292e+01  4.148514e+00  1  2.2350  6.112691e+10  0.000000e+00  0.000000e+00  1.922460e-01 -9.615965e+01  1.536164e-02  2  2.2350  1.474440e+01  0.000000e+00  0.000000e+00  1.627897e-01 -4.313491e+01  0.000000e+00 
3  3.410816e+01  6.362521e+01  4.058000e+03  7.152731e-02 6 -1.000000e+00  6.549831e+01 3  17.4600 -3.461866e-03 -2.859874e-02 -1 -1.0000 -1.000000e+00 -1.000000e+00 -1.000000e+00 -1.000000e+00 -1.000000e+00 -1.000000e+00 -1 -1.0000 -1.000000e+00 -1.000000e+00 -1.000000e+00 -1.000000e+00 -1.000000e+00 -1.000000e+00  0  1.3660  3.601468e+11  0.000000e+00  0.000000e+00  6.731052e-02  1.251128e+01  4.008538e+00  1  1.3660  2.841325e+09  0.000000e+00  0.000000e+00  6.097396e-02 -1.765684e+01  8.596596e-02  2  1.3660  1.746000e+01  0.000000e+00  0.000000e+00  6.558367e-02 -1.065720e+02  0.000000e+00 
3  9.182473e+01  8.151793e+01  8.864000e+03  8.059833e-02 6 -1.000000e+00  1.313581e+02 1  16.7193 -4.742555e-02  1.454989e-02 -1 -1.0000 -1.000000e+00 -1.000000e+00 -1.000000e+00 -1.000000e+00 -1.000000e+00 -1.000000e+00 -1 -1.0000 -1.000000e+00 -1.000000e+00 -1.000000e+00 -1.000000e+00 -1.000000e+00 -1.000000e+00  0  2.1400  2.973999e+11  0.000000e+00  0.000000e+00  3.324062e-01  1.419007e+02  4.225379e+00  1  2.1400  1.932425e+09  0.000000e+00  0.000000e+00  3.530006e-01  1.542910e+02  1.437599e-02  2  2.1400  1.671930e+01  0.000000e+00  0.000000e+00  2.556934e-01 -1.541368e+02  0.000000e+00 
2  3.435964e+01  1.066954e+01  3.293000e+03  5.556282e-01 6 -1.000000e+00  7.381280e+01 2  16.4269  3.519270e-01  2.051244e-02 -1 -1.0000 -1.000000e+00 -1.000000e+00 -1.000000e+00 -1.000000e+00 -1.000000e+00 -1.000000e+00 -1 -1.0000 -1.000000e+00 -1.000000e+00 -1.000000e+00 -1.000000e+00 -1.000000e+00 -1.000000e+00  0  2.6530  1.040444e+12  0.000000e+00  0.000000e+00  3.522110e-01 -8.270744e+01  8.142197e+00  1  2.6530  1.596421e+10  0.000000e+00  0.000000e+00  3.735530e-01 -8.375165e+01  1.117117e-02  2  2.6530  1.642690e+01  0.000000e+00  0.000000e+00  7.132778e-02 -7.213513e+01  0.000000e+00 
3  2.816123e+01  2.970950e+01  6.733000e+03  7.397785e-01 6  2.909701e-01  5.176775e+01 3   7.4742  1.456801e+00 -2.230859e-01  0  0.7090  9.767068e+11  0.000000e+00  0.000000e+00  1.811463e-01  4.965215e+01  1.070648e+01  1  0.7090  6.722478e+10  0.000000e+00  0.000000e+00  2.976653e-01  3.473847e+01  6.797875e-02  2  0.7090  7.183755e+12  1.280153e+01 -3.057578e+00  4.741955e-01 -1.392181e+02  5.189514e+00  3  0.7090  1.348021e+11  1.280153e+01 -3.057578e+00  4.332331e-01 -6.249082e+01  2.972955e-01  4  0.7090  7.474200e+00  0.000000e+00  0.000000e+00  7.742822e-02  1.574155e+02  0.000000e+00 
1  1.916526e+01  3.670166e+01  1.130000e+02  4.965140e+00 0 -1.000000e+00  3.670166e+01 2  15.5293  9.241939e+00  1.498419e+01 -1 -1.0000 -1.000000e+00 -1.000000e+00 -1.000000e+00 -1.000000e+00 -1.000000e+00 -1.000000e+00 -1 -1.0000 -1.000000e+00 -1.000000e+00 -1.000000e+00 -1.000000e+00 -1.000000e+00 -1.000000e+00  0  0.3220  3.959995e+14  0.000000e+00  0.000000e+00  5.807457e-01  1.613721e+02  4.148414e+00  1  0.3220  9.352963e+11  0.000000e+00  0.000000e+00  4.207581e-01  1.557786e+02  1.580044e+00  2  0.3220  1.552930e+01  0.000000e+00  0.000000e+00  1.944808e-01  1.129893e+02  0.000000e+00 
3  7.827586e+00  6.609425e+00  9.249000e+03  2.675532e+00 6 -1.000000e+00  1.374447e+01 3  15.9127  1.461222e+00  2.995803e-02 -1 -1.0000 -1.000000e+00 -1.000000e+00 -1.000000e+00 -1.000000e+00 -1.000000e+00 -1.000000e+00 -1 -1.0000 -1.000000e+00 -1.000000e+00 -1.000000e+00 -1.000000e+00 -1.000000e+00 -1.000000e+00  0  0.4520  3.055807e+13  0.000000e+00  0.000000e+00  3.386925e-01  5.207040e+01  8.015463e+00  1  0.4520  2.425651e+11  0.000000e+00  0.000000e+00  1.780173e-01  2.746881e+01  5.181531e-01  2  0.4520  1.591270e+01  0.000000e+00  0.000000e+00  5.349535e-02  1.639723e+02  0.000000e+00 
3  4.495506e+01  2.375711e+01  4.808000e+03  5.943765e-01 6  2.835363e-01  7.039648e+01 1  16.9294  9.859789e-01  1.117368e+00  0  0.8420  1.832539e+12  0.000000e+00  0.000000e+00  4.129051e-01  2.219213e+01  7.076691e+00  1  0.8420  4.509988e+10  0.000000e+00  0.000000e+00  2.098705e-01 -2.334997e+01  7.324017e-02  2  0.8420  8.073411e+12  1.911366e+01  1.456312e+01  1.684811e-01  1.743955e+02  3.143467e+00  3  0.8420  1.225887e+11  1.911366e+01  1.456312e+01  3.588764e-01  1.653120e+02  7.551676e-02  4  0.8420  1.692940e+01  0.000000e+00  0.000000e+00  1.879450e-01 -1.318668e+02  0.000000e+00 
3  1.522427e+02  2.260038e+02  3.789000e+03  4.825247e-01 6 -1.000000e+00  2.309771e+02 1  12.7121 -2.685878e-02 -8.352389e-02 -1 -1.0000 -1.000000e+00 -1.000000e+00 -1.000000e+00 -1.000000e+00 -1.000000e+00 -1.000000e+00 -1 -1.0000 -1.000000e+00 -1.000000e+00 -1.000000e+00 -1.000000e+00 -1.000000e+00 -1.000000e+00  0  1.1320  1.356259e+12  0.000000e+00  0.000000e+00  5.074124e-01  9.055479e+01  3.393001e+00  1  1.1320  3.989206e+10  0.000000e+00  0.000000e+00  1.511904e-01  8.836735e+01  7.902880e-02  2  1.1320  1.271210e+01  0.000000e+00  0.000000e+00  3.540550e-02 -8.936995e+01  0.000000e+00 
3  5.121730e+01  2.631997e+01  9.759000e+03  5.579362e-01 6 -1.000000e+00  6.978702e+01 1  13.8639  1.034739e-01 -4.130330e-01 -1 -1.0000 -1.000000e+00 -1.000000e+00 -1.000000e+00 -1.000000e+00 -1.000000e+00 -1.000000e+00 -1 -1.0000 -1.000000e+00 -1.000000e+00 -1.000000e+00 -1.000000e+00 -1.000000e+00 -1.000000e+00  0  1.1590  1.503748e+12  0.000000e+00  0.000000e+00  3.632515e-01 -9.523860e+01  2.370799e+00  1  1.1590  5.856186e+10  0.000000e+00  0.000000e+00  7.912867e-02 -7.634636e+01  5.101928e-02  2  1.1590  1.386390e+01  0.000000e+00  0.000000e+00  1.189072e-01  1.724399e+02  0.000000e+00 
1  2.824806e+02  6.133231e+02  5.435000e+03  1.878640e+00 0 -1.000000e+00  6.133231e+02 2   9.3495 -9.061597e-01  2.186638e+00 -1 -1.0000 -1.000000e+00 -1.000000e+00 -1.000000e+00 -1.000000e+00 -1.000000e+00 -1.000000e+00 -1 -1.0000 -1.000000e+00 -1.000000e+00 -1.000000e+00 -1.000000e+00 -1.000000e+00 -1.000000e+00  0  1.2750  5.916168e+13  0.000000e+00  0.000000e+00  5.677005e-01 -1.502690e+02  3.375251e+00  1  1.2750  1.853496e+11  0.000000e+00  0.000000e+00  3.313801e-01 -1.433153e+02  2.128657e-01  2  1.2750  9.349530e+00  0.000000e+00  0.000000e+00  1.088254e-01  1.143494e+02  0.000000e+00 
1  1.207050e+02  2.119913e+02  5.712000e+03  1.659398e-01 0  2.720970e-01  2.119913e+02 2  15.1558  1.054537e-01  3.478733e-02  0  2.3140  1.621422e+11  0.000000e+00  0.000000e+00  1.819612e-01  2.919861e+01  1.597270e+01  1  2.3140  1.489805e+09  0.000000e+00  0.000000e+00  2.446009e-01  5.163068e+01  2.214037e-02  2  2.3140  4.517916e+11  7.134227e+00 -4.502954e+00  2.637494e-01 -6.459994e+01  3.779681e+00  3  2.3140  4.057696e+09  7.134227e+00 -4.502954e+00  5.603345e-01 -1.051316e+02  3.167575e-02  4  2.3140  1.515580e+01  0.000000e+00  0.000000e+00  3.206233e-02  2.196515e+01  0.000000e+00 
3  2.297266e+01  1.788528e+01  8.960000e+02  5.626701e-01 6 -1.000000e+00  3.208105e+01 1  12.7198  2.899364e-02  2.866227e-01 -1 -1.0000 -1.000000e+00 -1.000000e+00 -1.000000e+00 -1.000000e+00 -1.000000e+00 -1.000000e+00 -1 -1.0000 -1.000000e+00 -1.000000e+00 -1.000000e+00 -1.000000e+00 -1.000000e+00 -1.000000e+00  0  1.1600  1.735253e+12  0.000000e+00  0.000000e+00  2.234634e-01 -6.128856e+01  4.927972e+00  1  1.1600  5.913144e+10  0.000000e+00  0.000000e+00  3.169252e-01 -3.508936e+01  5.930976e-02  2  1.1600  1.271980e+01  0.000000e+00  0.000000e+00  1.142965e-01 -5.384650e+01  0.000000e+00 
2  9.215959e+01  7.038349e+01  9.700000e+03  8.288255e-01 6 -1.000000e+00  1.679170e+02 3  17.9889  3.706694e-01  4.068850e-01 -1 -1.0000 -1.000000e+00 -1.000000e+00 -1.000000e+00 -1.000000e+00 -1.000000e+00 -1.000000e+00 -1 -1.0000 -1.000000e+00 -1.000000e+00 -1.000000e+00 -1.000000e+00 -1.000000e+00 -1.000000e+00  0  1.2220  7.219099e+12  0.000000e+00  0.000000e+00  2.057135e-01 -8.023127e+01  4.077409e+00  1  1.2220  1.076100e+11  0.000000e+00  0.000000e+00  4.499482e-01 -5.297184e+00  4.253120e-02  2  1.2220  1.798890e+01  0.000000e+00  0.000000e+00  2.962787e-02  1.736122e+02  0.000000e+00 
3  3.438646e+01  4.989044e+01  9.438000e+03  3.099319e-01 6 -1.000000e+00  5.070205e+01 1  11.2017 -1.275098e-01  8.145558e-02 -1 -1.0000 -1.000000e+00 -1.000000e+00 -1.000000e+00 -1.000000e+00 -1.000000e+00 -1.000000e+00 -1 -1.0000 -1.000000e+00 -1.000000e+00 -1.000000e+00 -1.000000e+00 -1.000000e+00 -1.000000e+00  0  2.5950  1.497634e+12  0.000000e+00  0.000000e+00  4.254791e-01  1.498047e+02  3.736424e+00  1  2.5950  2.385900e+10  0.000000e+00  0.000000e+00  3.095504e-01  1.341325e+02  4.150361e-02  2  2.5950  1.120170e+01  0.000000e+00  0.000000e+00  3.010149e-02 -7.783084e+01  0.000000e+00 
3  1.915042e+02  5.064280e+02  5.020000e+02  7.115327e-02 6 -1.000000e+00  5.451848e+02 3  17.9990 -4.011624e-02 -1.463605e-02 -1 -1.0000 -1.000000e+00 -1.000000e+00 -1.000000e+00 -1.000000e+00 -1.000000e+00 -1.000000e+00 -1 -1.0000 -1.000000e+00 -1.000000e+00 -1.000000e+00 -1.000000e+00 -1.000000e+00 -1.000000e+00  0  1.3330  1.844697e+11  0.000000e+00  0.000000e+00  3.898959e-01  1.034116e+02  8.413131e+00  1  1.3330  6.847605e+08  0.000000e+00  0.000000e+00  5.292264e-02  4.559987e+01  2.190266e-02  2  1.3330  1.799900e+01  0.000000e+00  0.000000e+00  1.878783e-01  1.175051e+02  0.000000e+00 
3  2.590008e+02  3.161377e+02  1.630000e+02  4.442374e-01 6 -1.000000e+00  3.426014e+02 1  12.0785  1.758613e-01  1.191923e-01 -1 -1.0000 -1.000000e+00 -1.000000e+00 -1.000000e+00 -1.000000e+00 -1.000000e+00 -1.000000e+00 -1 -1.0000 -1.000000e+00 -1.000000e+00 -1.000000e+00 -1.000000e+00 -1.000000e+00 -1.000000e+00  0  1.4330  1.059913e+12  0.000000e+00  0.000000e+00  4.426493e-01 -1.051948e+02  5.168783e+00  1  1.4330  3.042565e+10  0.000000e+00  0.000000e+00  7.766783e-02 -6.406762e+01  3.104513e-02  2  1.4330  1.207850e+01  0.000000e+00  0.000000e+00  1.523946e-01 -1.539161e+02  0.000000e+00 
2  2.321390e+01  3.992482e+01  5.300000e+02  2.218952e+00 6 -1.000000e+00  4.316215e+01 3  15.9224  7.974559e-01 -2.529978e-01 -1 -1.0000 -1.000000e+00 -1.000000e+00 -1.000000e+00 -1.000000e+00 -1.000000e+00 -1.000000e+00 -1 -1.0000 -1.000000e+00 -1.000000e+00 -1.000000e+00 -1.000000e+00 -1.000000e+00 -1.000000e+00  0  1.4890  1.742841e+13  0.000000e+00  0.000000e+00  3.601404e-01  1.647436e+02  6.433766e+00  1  1.4890  1.902366e+11  0.000000e+00  0.000000e+00  3.323124e-01  1.129248e+02  3.738034e-02  2  1.4890  1.592240e+01  0.000000e+00  0.000000e+00  9.887303e-02 -8.088604e+01  0.000000e+00 
1  3.007421e+01  6.239228e+01  8.327000e+03  1.671121e-01 0 -1.000000e+00  6.239228e+01 2  14.9544 -5.612513e-03  7.888481e-02 -1 -1.0000 -1.000000e+00 -1.000000e+00 -1.000000e+00 -1.000000e+00 -1.000000e+00 -1.000000e+00 -1 -1.0000 -1.000000e+00 -1.000000e+00 -1.000000e+00 -1.000000e+00 -1.000000e+00 -1.000000e+00  0  0.6770  3.908712e+11  0.000000e+00  0.000000e+00  2.529184e-01 -2.385677e+01  7.023762e+00  1  0.6770  1.090473e+10  0.000000e+00  0.000000e+00  1.906724e-01 -1.145756e+02  2.220768e-01  2  0.6770  1.495440e+01  0.000000e+00  0.000000e+00  9.571213e-02 -1.472149e+01  0.000000e+00 
2  5.775433e+01  6.240820e+01  4.598000e+03  3.103399e+00 6 -1.000000e+00  1.226200e+02 3  17.7887  6.127152e-01 -6.979294e-01 -1 -1.0000 -1.000000e+00 -1.000000e+00 -1.000000e+00 -1.000000e+00 -1.000000e+00 -1.000000e+00 -1 -1.0000 -1.000000e+00 -1.000000e+00 -1.000000e+00 -1.000000e+00 -1.000000e+00 -1.000000e+00  0  0.8870  3.894034e+13  0.000000e+00  0.000000e+00  4.024322e-01  7.540792e+01  5.490663e+00  1  0.8870  1.802713e+11  0.000000e+00  0.000000e+00  3.702770e-01  1.615071e+01  9.094947e-02  2  0.8870  1.778870e+01  0.000000e+00  0.000000e+00  6.788423e-02  1.639334e+02  0.000000e+00 
1  2.094561e+01  6.107817e+01  4.038000e+03  1.078733e-01 0  2.792164e-01  6.107817e+01 2   6.4207  4.712460e-01 -1.925161e-01  0  2.1000  1.077029e+11  0.000000e+00  0.000000e+00  8.445836e-02  2.952059e+01  2.245109e+01  1  2.1000  4.593871e+08  0.000000e+00  0.000000e+00  2.095958e-01 -2.899328e+00  3.414479e-02  2  2.1000  2.207367e+12  9.622379e+00 -4.294321e+00  1.584956e-01 -1.864021e+01  4.849851e+00  3  2.1000  5.995041e+10  9.622379e+00 -4.294321e+00  3.980281e-01 -2.044701e+00  7.168666e-02  4  2.1000  6.420720e+00  0.000000e+00  0.000000e+00  1.029169e-01  1.075648e+02  0.000000e+00 
3  1.509658e+02  2.092219e+02  3.823000e+03  7.614240e-01 6  3.038340e-01  2.232371e+02 1  13.1966  1.079115e+00  1.648041e+00  0  0.5740  1.087471e+12  0.000000e+00  0.000000e+00  5.575406e-01 -1.925260e+00  1.769443e+01  1  0.5740  5.846669e+10  0.000000e+00  0.000000e+00  2.156087e-01  3.262453e+01  1.082578e-01  2  0.5740  2.417887e+13  6.575244e+01  7.115893e+01  3.301869e-01 -5.491413e+01  3.212837e+00  3  0.5740  2.180465e+11  6.575244e+01  7.115893e+01  7.167916e-01 -1.206722e+02  5.041737e-01  4  0.5740  1.319660e+01  0.000000e+00  0.000000e+00  7.873599e-02  1.063873e+02  0.000000e+00 
1  4.775466e+01  8.345297e+01  7.477000e+03  1.612993e-01 0 -1.000000e+00  8.345297e+01 2  15.3400  2.301646e-01  1.525262e-01 -1 -1.0000 -1.000000e+00 -1.000000e+00 -1.000000e+00 -1.000000e+00 -1.000000e+00 -1.000000e+00 -1 -1.0000 -1.000000e+00 -1.000000e+00 -1.000000e+00 -1.000000e+00 -1.000000e+00 -1.000000e+00  0  0.8410  3.463048e+11  0.000000e+00  0.000000e+00  5.319999e-01 -6.237903e+01  1.198653e+01  1  0.8410  4.172822e+09  0.000000e+00  0.000000e+00  3.703551e-01 -7.639803e+01  1.865226e-01  2  0.8410  1.534000e+01  0.000000e+00  0.000000e+00  1.203072e-01 -1.136505e+01  0.000000e+00 
2  1.874002e+01  4.346422e+00  3.041000e+03  1.792682e+00 6 -1.000000e+00  3.387794e+01 2  15.9427 -4.809062e-01 -1.231162e+00 -1 -1.0000 -1.000000e+00 -1.000000e+00 -1.000000e+00 -1.000000e+00 -1.000000e+00 -1.000000e+00 -1 -1.0000 -1.000000e+00 -1.000000e+00 -1.000000e+00 -1.000000e+00 -1.000000e+00 -1.000000e+00  0  0.9290  1.150207e+13  0.000000e+00  0.000000e+00  3.195334e-01 -4.117422e+01  8.100986e+00  1  0.9290  7.422587e+10  0.000000e+00  0.000000e+00  4.288365e-01 -9.908853e+01  5.826792e-02  2  0.9290  1.594270e+01  0.000000e+00  0.000000e+00  9.288304e-02 -1.349584e+02  0.000000e+00 
2  2.834679e+01  1.384213e+01  8.970000e+02  7.121125e-01 6 -1.000000e+00  5.479759e+01 2  12.0964  1.934811e-01  5.287233e-01 -1 -1.0000 -1.000000e+00 -1.000000e+00 -1.000000e+00 -1.000000e+00 -1.000000e+00 -1.000000e+00 -1 -1.0000 -1.000000e+00 -1.000000e+00 -1.000000e+00 -1.000000e+00 -1.000000e+00 -1.000000e+00  0  1.0510  1.209442e+13  0.000000e+00  0.000000e+00  1.356838e-01  2.394080e+01  3.422920e+00  1  1.0510  7.366411e+10  0.000000e+00  0.000000e+00  4.231732e-01  1.533428e+01  2.933938e-02  2  1.0510  1.209640e+01  0.000000e+00  0.000000e+00  1.883054e-01  1.702119e+02  0.000000e+00 
1  1.124782e+02  2.036966e+02  6.445000e+03  1.507878e+00 0 -1.000000e+00  2.036966e+02 2  15.9429  1.328887e+00  3.477112e+00 -1 -1.0000 -1.000000e+00 -1.000000e+00 -1.000000e+00 -1.000000e+00 -1.000000e+00 -1.000000e+00 -1 -1.0000 -1.000000e+00 -1.000000e+00 -1.000000e+00 -1.000000e+00 -1.000000e+00 -1.000000e+00  0  1.1530  2.418990e+13  0.000000e+00  0.000000e+00  3.950443e-01 -1.305766e+01  4.109371e+00  1  1.1530  2.019548e+11  0.000000e+00  0.000000e+00  4.350797e-01 -2.994357e+01  9.902453e-02  2  1.1530  1.594290e+01  0.000000e+00  0.000000e+00  1.117989e-01  1.602353e+02  0.000000e+00 
3  3.233716e+01  1.218028e+01  8.575000e+03  3.560749e-01 6  2.694437e-01  5.972850e+01 2  10.3795  3.926528e-01  3.358495e-01  0  2.8550  1.054220e+12  0.000000e+00  0.000000e+00  3.489162e-01 -9.976541e+01  5.902671e+00  1  2.8550  3.227883e+10  0.000000e+00  0.000000e+00  4.028650e-01 -1.731710e+02  2.817655e-02  2  2.8550  2.855770e+12  1.213422e+01 -6.316162e-01  3.838277e-01  6.705706e+01  4.341164e+00  3  2.8550  4.799992e+10  1.213422e+01 -6.316162e-01  2.248250e-01  5.276345e+01  1.811526e-02  4  2.8550  1.037950e+01  0.000000e+00  0.000000e+00  1.849602e-01  1.839955e+01  0.000000e+00 
3  1.015472e+02  4.303506e+01  7.930000e+03  4.284771e-01 6 -1.000000e+00  1.356851e+02 1  14.3738  2.956666e-01 -3.135224e-01 -1 -1.0000 -1.000000e+00 -1.000000e+00 -1.000000e+00 -1.000000e+00 -1.000000e+00 -1.000000e+00 -1 -1.0000 -1.000000e+00 -1.000000e+00 -1.000000e+00 -1.000000e+00 -1.000000e+00 -1.000000e+00  0  0.8080  7.067401e+11  0.000000e+00  0.000000e+00  2.733315e-01 -2.141469e+01  1.201736e+01  1  0.8080  2.005074e+10  0.000000e+00  0.000000e+00  2.063839e-01  2.205193e+01  2.874350e-02  2  0.8080  1.437380e+01  0.000000e+00  0.000000e+00  7.418492e-02  7.649405e+00  0.000000e+00 
3  4.889837e+01  9.461510e+01  3.151000e+03  4.769907e-01 6 -1.000000e+00  1.180628e+02 3  11.3476  8.405868e-02  2.526036e-02 -1 -1.0000 -1.000000e+00 -1.000000e+00 -1.000000e+00 -1.000000e+00 -1.000000e+00 -1.000000e+00 -1 -1.0000 -1.000000e+00 -1.000000e+00 -1.000000e+00 -1.000000e+00 -1.000000e+00 -1.000000e+00  0  1.0060  1.187925e+12  0.000000e+00  0.000000e+00  2.404581e-01 -1.261150e+02  5.385184e+00  1  1.0060  3.960749e+10  0.000000e+00  0.000000e+00  1.084783e-01 -1.526887e+02  5.988956e-02  2  1.0060  1.134760e+01  0.000000e+00  0.000000e+00  4.050578e-02  1.643383e+02  0.000000e+00 
3  3.581096e+01  1.736426e+01  8.977000e+03  7.504076e-01 6 -1.000000e+00  5.257792e+01 1   8.4136  5.850798e-01 -2.625712e-01 -1 -1.0000 -1.000000e+00 -1.000000e+00 -1.000000e+00 -1.000000e+00 -1.000000e+00 -1.000000e+00 -1 -1.0000 -1.000000e+00 -1.000000e+00 -1.000000e+00 -1.000000e+00 -1.000000e+00 -1.000000e+00  0  1.5040  4.297412e+12  0.000000e+00  0.000000e+00  2.666437e-01 -1.478537e+02  4.567831e+00  1  1.5040  9.973903e+10  0.000000e+00  0.000000e+00  1.433375e-01 -1.570013e+02  7.374293e-02  2  1.5040  8.413590e+00  0.000000e+00  0.000000e+00  5.648623e-02  1.379060e+01  0.000000e+00 
2  7.622292e+01  7.473882e+01  6.352000e+03  6.073207e-01 6  2.789686e-01  1.224563e+02 1  18.4689 -1.076162e+00 -9.425077e-01  0  1.6900  6.317599e+11  0.000000e+00  0.000000e+00  6.894036e-03 -1.977460e+01  2.109116e+01  1  1.6900  2.587036e+10  0.000000e+00  0.000000e+00  5.902288e-01  9.062252e+00  2.072329e-02  2  1.6900  8.661717e+12 -1.543429e+01 -1.803690e+01  2.290684e-01 -8.954510e+01  6.592410e+00  3  1.6900  7.802911e+10 -1.543429e+01 -1.803690e+01  4.280467e-01 -1.044142e+02  7.387675e-02  4  1.6900  1.846890e+01  0.000000e+00  0.000000e+00  1.215207e-01 -1.550059e+02  0.000000e+00 
1  5.890914e+01  1.041746e+02  4.875000e+03  8.806986e-02 0  2.851743e-01  1.041746e+02 2  12.5434  2.986164e-01  5.353606e-02  0  1.7470  5.155199e+10  0.000000e+00  0.000000e+00  2.875549e-01  1.038151e+02  2.267949e+01  1  1.7470  1.354783e+08  0.000000e+00  0.000000e+00  2.203963e-01  1.118831e+02  5.771004e-02  2  1.7470  7.252617e+11  8.923404e+00 -1.035968e+00  3.421627e-01 -1.240516e+02  3.848211e+00  3  1.7470  8.569623e+09  8.923404e+00 -1.035968e+00  3.661966e-01 -1.002397e+02  7.235622e-02  4  1.7470  1.254340e+01  0.000000e+00  0.000000e+00  7.133278e-02 -1.740972e+01  0.000000e+00 
1  1.897183e+01  3.616440e+01  4.178000e+03  5.773908e-02 0  2.753109e-01  3.616440e+01 2  13.6981  6.663419e-02  4.895799e-04  0  2.5100  1.402487e+10  0.000000e+00  0.000000e+00  3.398073e-01 -1.276501e+02  3.485638e+01  1  2.5100  1.698381e+07  0.000000e+00  0.000000e+00  2.712367e-01 -1.400520e+02  2.601871e-02  2  2.5100  7.042751e+10  5.991159e-02  2.528655e-01  2.024881e-01  9.117364e+00  2.857147e+00  3  2.5100  1.710596e+08  5.991159e-02  2.528655e-01  1.579862e-01  4.861456e+01  2.717894e-02  4  2.5100  1.369810e+01  0.000000e+00  0.000000e+00  1.105368e-01 -1.109193e+02  0.000000e+00 
3  1.669282e+01  7.722802e+00  7.448000e+03  3.493525e-01 6  3.158808e-01  2.188495e+01 1  14.5686  1.092164e+00 -1.692468e+00  0  0.6110  3.217023e+11  0.000000e+00  0.000000e+00  3.853256e-01 -1.598868e+02  1.925577e+01  1  0.6110  1.243311e+10  0.000000e+00  0.000000e+00  5.961749e-01 -1.790737e+02  6.914976e-02  2  0.6110  1.563559e+13  7.423584e+00 -1.010266e+01  3.613221e-01  1.561202e+02  3.726536e+00  3  0.6110  1.300940e+11  7.423584e+00 -1.010266e+01  4.108492e-01  1.547043e+02  8.575675e-02  4  0.6110  1.456860e+01  0.000000e+00  0.000000e+00  1.339765e-02 -1.046617e+02  0.000000e+00 
3  1.305832e+01  1.240800e+01  1.838000e+03  4.188889e-01 6  2.834626e-01  1.997182e+01 1  13.6879  6.767607e-01  8.007456e-01  0  1.4040  5.607280e+11  0.000000e+00  0.000000e+00  2.029503e-01 -1.244514e+02  1.228785e+01  1  1.4040  1.779159e+10  0.000000e+00  0.000000e+00  8.168702e-02 -1.611134e+02  5.346462e-02  2  1.4040  7.314949e+12  1.343191e+01  1.523814e+01  3.542302e-02  1.163617e+02  4.779872e+00  3  1.4040  8.276130e+10  1.343191e+01  1.523814e+01  1.808939e-01  1.846125e+02  1.129805e-01  4  1.4040  1.368790e+01  0.000000e+00  0.000000e+00  1.154856e-01  8.680294e+01  0.000000e+00 
1  2.349662e+01  4.122098e+01  1.786000e+03  3.547023e+00 0 -1.000000e+00  4.122098e+01 2  12.4019 -3.413819e+00 -1.607277e+00 -1 -1.0000 -1.000000e+00 -1.000000e+00 -1.000000e+00 -1.000000e+00 -1.000000e+00 -1.000000e+00 -1 -1.0000 -1.000000e+00 -1.000000e+00 -1.000000e+00 -1.000000e+00 -1.000000e+00 -1.000000e+00  0  2.0510  3.089494e+13  0.000000e+00  0.000000e+00  5.503630e-01  1.010892e+02  4.657455e+00  1  2.0510  9.982906e+10  0.000000e+00  0.000000e+00  2.618081e-01  9.199520e+01  1.052207e-01  2  2.0510  1.240190e+01  0.000000e+00  0.000000e+00  3.915168e-02  1.524044e+02  0.000000e+00 
3  4.782158e+01  3.495004e+01  5.097000e+03  6.674807e-01 6 -1.000000e+00  1.239376e+02 2   7.8929 -1.572196e-01  3.381992e-01 -1 -1.0000 -1.000000e+00 -1.000000e+00 -1.000000e+00 -1.000000e+00 -1.000000e+00 -1.000000e+00 -1 -1.0000 -1.000000e+00 -1.000000e+00 -1.000000e+00 -1.000000e+00 -1.000000e+00 -1.000000e+00  0  2.2940  2.826492e+12  0.000000e+00  0.000000e+00  2.863150e-01  3.480294e+01  8.295491e+00  1  2.2940  6.515828e+10  0.000000e+00  0.000000e+00  3.399934e-01 -2.519386e+00  5.520732e-02  2  2.2940  7.892860e+00  0.000000e+00  0.000000e+00  2.109095e-02 -1.270909e+00  0.000000e+00 
3  2.667166e+01  3.839248e+01  6.661000e+03  1.057004e+00 6  3.102027e-01  3.940249e+01 1   7.0920 -3.012018e+00  4.878253e-01  0  0.6140  7.632167e+11  0.000000e+00  0.000000e+00  2.105347e-01 -8.480362e+01  2.949720e+01  1  0.6140  3.508173e+10  0.000000e+00  0.000000e+00  5.455555e-01 -8.687022e+01  1.082352e-01  2  0.6140  3.732606e+13 -7.156397e+01  1.866898e+01  2.580404e-01  7.881481e+01  4.458704e+00  3  0.6140  2.168481e+11 -7.156397e+01  1.866898e+01  2.206611e-01  1.180426e+02  1.730318e-01  4  0.6140  7.092030e+00  0.000000e+00  0.000000e+00  6.082324e-02  1.216699e+02  0.000000e+00 
3  5.773271e+01  3.603588e+01  6.695000e+03  2.442835e-01 6 -1.000000e+00  6.892774e+01 1   8.4198  2.545144e-01 -1.527887e-01 -1 -1.0000 -1.000000e+00 -1.000000e+00 -1.000000e+00 -1.000000e+00 -1.000000e+00 -1.000000e+00 -1 -1.0000 -1.000000e+00 -1.000000e+00 -1.000000e+00 -1.000000e+00 -1.000000e+00 -1.000000e+00  0  0.9780  9.952267e+11  0.000000e+00  0.000000e+00  3.008889e-01 -2.833483e+01  2.765484e+00  1  0.9780  2.510988e+10  0.000000e+00  0.000000e+00  5.803470e-01 -3.610573e+01  8.324578e-02  2  0.9780  8.419840e+00  0.000000e+00  0.000000e+00  1.455188e-01  1.115333e+01  0.000000e+00 
3  6.710938e+01  7.727059e+01  6.499000e+03  1.725700e+00 6  2.802344e-01  1.073124e+02 1  14.5742  6.091167e+00  5.391011e+00  0  1.1170  3.365176e+12  0.000000e+00  0.000000e+00  1.079352e-01 -1.763272e+02  1.597452e+01  1  1.1170  6.467839e+10  0.000000e+00  0.000000e+00  5.275782e-01 -1.141440e+02  7.022538e-02  2  1.1170  1.335019e+14  3.204611e+01  1.530725e+01  4.284107e-01  8.656999e+01  3.723987e+00  3  1.1170  1.959540e+11  3.204611e+01  1.530725e+01  4.401904e-01  1.324663e+02  2.037684e-01  4  1.1170  1.457420e+01  0.000000e+00  0.000000e+00  1.942872e-01 -1.660754e+02  0.000000e+00 
2  5.951010e+01  2.444422e+00  8.100000e+02  5.621094e+00 6 -1.000000e+00  1.178973e+02 2   9.6827  9.128531e-01 -4.100769e+00 -1 -1.0000 -1.000000e+00 -1.000000e+00 -1.000000e+00 -1.000000e+00 -1.000000e+00 -1.000000e+00 -1 -1.0000 -1.000000e+00 -1.000000e+00 -1.000000e+00 -1.000000e+00 -1.000000e+00 -1.000000e+00  0  1.2340  7.596924e+13  0.000000e+00  0.000000e+00  2.024625e-01  6.276471e+01  5.697366e+00  1  1.2340  1.889886e+11  0.000000e+00  0.000000e+00  3.359535e-01  9.364368e+01  4.940469e-02  2  1.2340  9.682700e+00  0.000000e+00  0.000000e+00  1.540173e-01 -9.349646e+00  0.000000e+00 
3  1.529583e+02  8.396326e+01  3.414000e+03  8.694024e-01 6 -1.000000e+00  1.753273e+02 1  12.0859 -4.818770e-01 -5.508542e-01 -1 -1.0000 -1.000000e+00 -1.000000e+00 -1.000000e+00 -1.000000e+00 -1.000000e+00 -1.000000e+00 -1 -1.0000 -1.000000e+00 -1.000000e+00 -1.000000e+00 -1.000000e+00 -1.000000e+00 -1.000000e+00  0  0.4120  7.118303e+11  0.000000e+00  0.000000e+00  3.697926e-01  5.436592e+01  1.773776e+01  1  0.4120  4.269405e+10  0.000000e+00  0.000000e+00  4.029832e-01  9.091126e+01  1.745097e-01  2  0.4120  1.208590e+01  0.000000e+00  0.000000e+00  1.552545e-01 -1.353977e+02  0.000000e+00 
3  5.218795e+01  5.764539e+01  2.681000e+03  4.974221e-01 6 -1.000000e+00  6.385092e+01 1   9.3342 -1.658445e-01  2.603027e-01 -1 -1.0000 -1.000000e+00 -1.000000e+00 -1.000000e+00 -1.000000e+00 -1.000000e+00 -1.000000e+00 -1 -1.0000 -1.000000e+00 -1.000000e+00 -1.000000e+00 -1.000000e+00 -1.000000e+00 -1.000000e+00  0  1.7220  1.022380e+12  0.000000e+00  0.000000e+00  2.919418e-01 -5.027692e+01  6.016275e+00  1  1.7220  3.763683e+10  0.000000e+00  0.000000e+00  2.861064e-01 -7.025672e+01  3.277116e-02  2  1.7220  9.334210e+00  0.000000e+00  0.000000e+00  2.324161e-01 -4.719580e+01  0.000000e+00 
3  8.544033e+01  5.946647e+01  6.940000e+03  1.180269e+00 6 -1.000000e+00  1.425925e+02 1   3.7209 -7.620568e-01  2.108534e-02 -1 -1.0000 -1.000000e+00 -1.000000e+00 -1.000000e+00 -1.000000e+00 -1.000000e+00 -1.000000e+00 -1 -1.0000 -1.000000e+00 -1.000000e+00 -1.000000e+00 -1.000000e+00 -1.000000e+00 -1.000000e+00  0  0.5040  1.372817e+13  0.000000e+00  0.000000e+00  3.218722e-02  4.635106e+01  4.880309e+00  1  0.5040  1.868857e+11  0.000000e+00  0.000000e+00  2.202676e-01  1.844759e+01  2.746169e-01  2  0.5040  3.720890e+00  0.000000e+00  0.000000e+00  1.626116e-01  1.165464e+02  0.000000e+00 
1  3.445024e+01  7.235586e+01  6.638000e+03  8.028944e-01 0 -1.000000e+00  7.235586e+01 2  17.9981  5.148550e-01  1.894377e+00 -1 -1.0000 -1.000000e+00 -1.000000e+00 -1.000000e+00 -1.000000e+00 -1.000000e+00 -1.000000e+00 -1 -1.0000 -1.000000e+00 -1.000000e+00 -1.000000e+00 -1.000000e+00 -1.000000e+00 -1.000000e+00  0  0.5260  1.660487e+13  0.000000e+00  0.000000e+00  6.690772e-01 -1.341005e+01  5.375492e+00  1  0.5260  8.508655e+10  0.000000e+00  0.000000e+00  4.553493e-01 -2.448560e+01  3.049296e-01  2  0.5260  1.799810e+01  0.000000e+00  0.000000e+00  5.470339e-02  1.012640e+02  0.000000e+00 
1  1.952845e+01  3.501729e+01  1.202000e+03  8.402537e+00 0 -1.000000e+00  3.501729e+01 2  13.2629  5.281122e+00 -8.176806e+00 -1 -1.0000 -1.000000e+00 -1.000000e+00 -1.000000e+00 -1.000000e+00 -1.000000e+00 -1.000000e+00 -1 -1.0000 -1.000000e+00 -1.000000e+00 -1.000000e+00 -1.000000e+00 -1.000000e+00 -1.000000e+00  0  1.0050  2.615234e+14  0.000000e+00  0.000000e+00  5.429242e-01 -1.390080e+02  3.986037e+00  1  1.0050  3.895586e+11  0.000000e+00  0.000000e+00  1.946336e-02 -1.696044e+02  3.325275e-01  2  1.0050  1.326290e+01  0.000000e+00  0.000000e+00  2.010598e-01  1.544365e+02  0.000000e+00 
3  5.076684e+01  3.451603e+01  6.529000e+03  7.445518e-01 6  3.139711e-01  6.460511e+01 1  15.5336 -2.284847e+00  3.565193e-02  0  0.4280  5.674909e+11  0.000000e+00  0.000000e+00  1.836566e-01  5.812370e+01  2.833805e+01  1  0.4280  2.680193e+10  0.000000e+00  0.000000e+00  3.405031e-02  9.012115e+01  1.479702e-01  2  0.4280  1.605480e+13 -1.764538e+01 -5.118029e+00  4.541361e-01 -1.746221e+02  4.894431e+00  3  0.4280  1.299358e+11 -1.764538e+01 -5.118029e+00  4.639181e-01 -1.686812e+02  2.725855e-01  4  0.4280  1.553360e+01  0.000000e+00  0.000000e+00  2.014766e-01  6.013704e+01  0.000000e+00 
3  5.188332e+01  2.558790e+01  2.150000e+02  6.863893e-01 6 -1.000000e+00  6.765325e+01 1  17.5500  1.342962e-01  5.056042e-01 -1 -1.0000 -1.000000e+00 -1.000000e+00 -1.000000e+00 -1.000000e+00 -1.000000e+00 -1.000000e+00 -1 -1.0000 -1.000000e+00 -1.000000e+00 -1.000000e+00 -1.000000e+00 -1.000000e+00 -1.000000e+00  0  0.8980  1.089810e+12  0.000000e+00  0.000000e+00  1.136079e-01 -1.369348e+02  5.037271e+00  1  0.8980  5.131965e+10  0.000000e+00  0.000000e+00  3.965539e-01 -9.587644e+01  8.826691e-02  2  0.8980  1.755000e+01  0.000000e+00  0.000000e+00  2.490528e-02 -4.202431e+01  0.000000e+00 
1  1.551413e+01  2.917560e+01  1.630000e+03  1.396369e-01 0 -1.000000e+00  2.917560e+01 2  10.2499  7.601812e-03 -2.048757e-01 -1 -1.0000 -1.000000e+00 -1.000000e+00 -1.000000e+00 -1.000000e+00 -1.000000e+00 -1.000000e+00 -1 -1.0000 -1.000000e+00 -1.000000e+00 -1.000000e+00 -1.000000e+00 -1.000000e+00 -1.000000e+00  0  1.1100  4.865791e+11  0.000000e+00  0.000000e+00  2.541815e-02 -1.716363e+02  6.375409e+00  1  1.1100  9.288525e+09  0.000000e+00  0.000000e+00  4.518337e-01 -1.609473e+02  1.230614e-01  2  1.1100  1.024990e+01  0.000000e+00  0.000000e+00  1.702974e-01  1.678029e+02  0.000000e+00 
1  2.365445e+01  4.215255e+01  1.475000e+03  1.326788e+00 0 -1.000000e+00  4.215255e+01 2  16.3038  3.919964e+00  2.443720e+00 -1 -1.0000 -1.000000e+00 -1.000000e+00 -1.000000e+00 -1.000000e+00 -1.000000e+00 -1.000000e+00 -1 -1.0000 -1.000000e+00 -1.000000e+00 -1.000000e+00 -1.000000e+00 -1.000000e+00 -1.000000e+00  0  2.4390  1.163135e+13  0.000000e+00  0.000000e+00  2.815571e-01 -6.584599e+01  4.114822e+00  1  2.4390  8.245368e+10  0.000000e+00  0.000000e+00  2.879897e-01 -3.553877e+01  6.334667e-02  2  2.4390  1.630380e+01  0.000000e+00  0.000000e+00  3.250299e-01  1.282798e+02  0.000000e+00 
3  1.820561e+01  1.479872e+01  7.341000e+03  1.352297e+00 6 -1.000000e+00  2.367669e+01 1  13.6906 -4.468917e-01  6.299470e-01 -1 -1.0000 -1.000000e+00 -1.000000e+00 -1.000000e+00 -1.000000e+00 -1.000000e+00 -1.000000e+00 -1 -1.0000 -1.000000e+00 -1.000000e+00 -1.000000e+00 -1.000000e+00 -1.000000e+00 -1.000000e+00  0  0.7380  4.825088e+12  0.000000e+00  0.000000e+00  4.370839e-01 -5.199256e+01  1.157126e+01  1  0.7380  8.855781e+10  0.000000e+00  0.000000e+00  2.223762e-01 -1.275805e+02  1.951188e-01  2  0.7380  1.369060e+01  0.000000e+00  0.000000e+00  3.096995e-01 -8.467276e+00  0.000000e+00 
3  1.310826e+01  2.474162e+01  9.112000e+03  2.495510e-01 6 -1.000000e+00  3.745092e+01 3  14.1043 -3.958539e-02  3.277030e-02 -1 -1.0000 -1.000000e+00 -1.000000e+00 -1.000000e+00 -1.000000e+00 -1.000000e+00 -1.000000e+00 -1 -1.0000 -1.000000e+00 -1.000000e+00 -1.000000e+00 -1.000000e+00 -1.000000e+00 -1.000000e+00  0  1.1710  9.022736e+11  0.000000e+00  0.000000e+00  3.627507e-01 -1.658678e+02  4.021830e+00  1  1.1710  1.981423e+10  0.000000e+00  0.000000e+00  1.122962e-01 -1.862555e+02  1.226598e-01  2  1.1710  1.410430e+01  0.000000e+00  0.000000e+00  1.015159e-01 -6.114343e+01  0.000000e+00 
1  4.353931e+01  9.039575e+01  9.879000e+03  1.682041e-02 0 -1.000000e+00  9.039575e+01 2  18.0037  2.204809e-02  1.764281e-02 -1 -1.0000 -1.000000e+00 -1.000000e+00 -1.000000e+00 -1.000000e+00 -1.000000e+00 -1.000000e+00 -1 -1.0000 -1.000000e+00 -1.000000e+00 -1.000000e+00 -1.000000e+00 -1.000000e+00 -1.000000e+00  0  2.3620  1.012144e+11  0.000000e+00  0.000000e+00  1.227931e-01  1.134877e+02  5.083051e+00  1  2.3620  2.209770e+08  0.000000e+00  0.000000e+00  1.956026e-01  1.563617e+02  2.934812e-02  2  2.3620  1.800370e+01  0.000000e+00  0.000000e+00  2.476171e-01  1.188972e+02  0.000000e+00 
3  1.818572e+02  4.001012e+01  1.338000e+03  7.174192e-01 6 -1.000000e+00  4.085635e+02 2   7.2437 -6.330735e-01  7.300049e-02 -1 -1.0000 -1.000000e+00 -1.000000e+00 -1.000000e+00 -1.000000e+00 -1.000000e+00 -1.000000e+00 -1 -1.0000 -1.000000e+00 -1.000000e+00 -1.000000e+00 -1.000000e+00 -1.000000e+00 -1.000000e+00  0  2.7950  4.425358e+12  0.000000e+00  0.000000e+00  4.430978e-01  7.414008e+01  6.593159e+00  1  2.7950  5.335607e+10  0.000000e+00  0.000000e+00  4.162202e-01  1.506850e+02  2.958334e-02  2  2.7950  7.243680e+00  0.000000e+00  0.000000e+00  1.208549e-01 -9.439569e+01  0.000000e+00 
2  2.843708e+01  2.251226e+00  8.156000e+03  8.247357e-01 6 -1.000000e+00  5.095866e+01 2  16.1236  1.350835e+00 -2.709632e-01 -1 -1.0000 -1.000000e+00 -1.000000e+00 -1.000000e+00 -1.000000e+00 -1.000000e+00 -1.000000e+00 -1 -1.0000 -1.000000e+00 -1.000000e+00 -1.000000e+00 -1.000000e+00 -1.000000e+00 -1.000000e+00  0  2.9070  4.089963e+12  0.000000e+00  0.000000e+00  2.418091e-01  6.341170e+01  4.341300e+00  1  2.9070  5.843483e+10  0.000000e+00  0.000000e+00  2.269604e-01  1.132344e+02  1.279561e-02  2  2.9070  1.612360e+01  0.000000e+00  0.000000e+00  1.980259e-01  8.964741e+01  0.000000e+00 
3  1.473233e+02  6.598276e+01  1.953000e+03  6.613009e-01 6  2.791160e-01  1.844998e+02 1  18.0066  1.384837e+00  2.671618e-01  0  1.0280  1.263766e+12  0.000000e+00  0.000000e+00  3.125202e-01  3.194418e+01  1.069679e+01  1  1.0280  4.858275e+10  0.000000e+00  0.000000e+00  4.288112e-01  3.832709e+01  7.817694e-02  2  1.0280  3.810401e+12  1.606044e+01  4.616813e+00  2.287304e-01 -1.272255e+02  4.515832e+00  3  1.0280  8.817181e+10  1.606044e+01  4.616813e+00  3.162024e-01 -2.109170e+02  5.314741e-02  4  1.0280  1.800660e+01  0.000000e+00  0.000000e+00  2.732159e-01  3.840135e+01  0.000000e+00 
3  9.182473e+01  1.326492e+02  8.864000e+03  5.272501e-01 6  2.849983e-01  1.426252e+02 1  16.7193  9.328314e-01 -9.921602e-01  0  1.1080  7.871545e+11  0.000000e+00  0.000000e+00  8.637563e-02 -9.565730e+00  1.047849e+01  1  1.1080  3.485805e+10  0.000000e+00  0.000000e+00  2.750527e-01 -2.977193e+01  6.086592e-02  2  1.1080  5.728872e+12  9.632363e+00 -1.209269e+01  1.063866e-01 -4.318906e+01  6.176352e+00  3  1.1080  7.740134e+10  9.632363e+00 -1.209269e+01  4.669035e-01 -2.962210e+01  4.405615e-02  4  1.1080  1.671930e+01  0.000000e+00  0.000000e+00  8.924313e-02  1.775925e+02  0.000000e+00 
3  6.790570e+01  5.624551e+01  5.626000e+03  6.597915e-01 6  2.763403e-01  1.208981e+02 3  15.9250  8.601594e-01  5.536216e-01  0  1.5170  1.203813e+12  0.000000e+00  0.000000e+00  2.082233e-01 -1.301638e+02  1.056100e+01  1  1.5170  3.953947e+10  0.000000e+00  0.000000e+00  2.513870e-01 -1.584687e+02  3.235878e-02  2  1.5170  4.930917e+12  6.400914e+00  9.503963e+00  2.666494e-01  1.739989e+00  5.179270e+00  3  1.5170  8.244771e+10  6.400914e+00  9.503963e+00  5.769001e-01 -5.412750e+01  5.930937e-02  4  1.5170  1.592500e+01  0.000000e+00  0.000000e+00  9.538910e-02 -4.724545e+00  0.000000e+00 
3  1.669282e+01  4.379354e+00  7.448000e+03  1.038290e+00 6 -1.000000e+00  3.950277e+01 2  14.5686 -8.097424e-01  1.909179e-01 -1 -1.0000 -1.000000e+00 -1.000000e+00 -1.000000e+00 -1.000000e+00 -1.000000e+00 -1.000000e+00 -1 -1.0000 -1.000000e+00 -1.000000e+00 -1.000000e+00 -1.000000e+00 -1.000000e+00 -1.000000e+00  0  1.7330  6.164632e+12  0.000000e+00  0.000000e+00  2.685531e-01  9.344175e+01  4.945282e+00  1  1.7330  7.815588e+10  0.000000e+00  0.000000e+00  3.923072e-01  5.659334e+01  7.164906e-02  2  1.7330  1.456860e+01  0.000000e+00  0.000000e+00  1.900628e-01 -1.179615e+02  0.000000e+00 
3  1.108377e+01  7.400951e+00  2.037000e+03  6.339249e-01 6 -1.000000e+00  1.641585e+01 1  16.1115 -4.486501e-01  9.409348e-02 -1 -1.0000 -1.000000e+00 -1.000000e+00 -1.000000e+00 -1.000000e+00 -1.000000e+00 -1.000000e+00 -1 -1.0000 -1.000000e+00 -1.000000e+00 -1.000000e+00 -1.000000e+00 -1.000000e+00 -1.000000e+00  0  2.0780  3.926933e+12  0.000000e+00  0.000000e+00  5.094967e-01 -1.323482e+02  3.312246e+00  1  2.0780  7.759489e+10  0.000000e+00  0.000000e+00  2.316579e-01 -1.598735e+02  5.187719e-02  2  2.0780  1.611150e+01  0.000000e+00  0.000000e+00  1.279082e-01 -2.216269e+01  0.000000e+00 
1  2.164766e+02  4.993364e+02  8.160000e+03  6.186470e-02 0  2.757906e-01  4.993364e+02 2   8.9933 -2.817012e-01 -6.556968e-02  0  2.2880  9.980252e+10  0.000000e+00  0.000000e+00  6.177393e-02 -1.181050e+02  1.201035e+01  1  2.2880  5.177126e+08  0.000000e+00  0.000000e+00  2.540612e-01 -1.034544e+02  3.216838e-02  2  2.2880  6.057577e+11 -3.960508e+00 -7.907477e-01  7.245551e-02  1.657843e+01  4.912107e+00  3  2.2880  7.462607e+09 -3.960508e+00 -7.907477e-01  2.930067e-01  5.546847e+01  1.025227e-01  4  2.2880  8.993270e+00  0.000000e+00  0.000000e+00  2.502389e-01 -5.754973e+01  0.000000e+00 
3  2.071110e+01  3.384729e+01  1.876000e+03  6.635401e-01 6 -1.000000e+00  3.549213e+01 1   9.7709 -1.327131e-01 -6.801775e-02 -1 -1.0000 -1.000000e+00 -1.000000e+00 -1.000000e+00 -1.000000e+00 -1.000000e+00 -1.000000e+00 -1 -1.0000 -1.000000e+00 -1.000000e+00 -1.000000e+00 -1.000000e+00 -1.000000e+00 -1.000000e+00  0  0.9260  2.399965e+12  0.000000e+00  0.000000e+00  1.383782e-01 -5.671715e+01  4.589143e+00  1  0.9260  6.148776e+10  0.000000e+00  0.000000e+00  1.958987e-01 -8.867335e+01  1.172500e-01  2  0.9260  9.770930e+00  0.000000e+00  0.000000e+00  1.365661e-01  8.888751e+00  0.000000e+00 
3  1.310826e+01  1.370565e+01  9.112000e+03  1.847379e-01 6 -1.000000e+00  1.713283e+01 1  14.1043  6.787367e-02 -1.060611e-01 -1 -1.0000 -1.000000e+00 -1.000000e+00 -1.000000e+00 -1.000000e+00 -1.000000e+00 -1.000000e+00 -1 -1.0000 -1.000000e+00 -1.000000e+00 -1.000000e+00 -1.000000e+00 -1.000000e+00 -1.000000e+00  0  1.4640  7.668288e+11  0.000000e+00  0.000000e+00  2.185408e-01  1.331717e+02  2.974199e+00  1  1.4640  1.180104e+10  0.000000e+00  0.000000e+00  3.667773e-01  1.576785e+02  4.454111e-02  2  1.4640  1.410430e+01  0.000000e+00  0.000000e+00  1.770868e-01 -8.773919e+01  0.000000e+00 
1  1.232785e+02  2.500558e+02  7.013000e+03  4.597952e-01 0  2.752023e-01  2.500558e+02 2  10.1185 -1.053851e+00  8.627969e-01  0  1.8240  7.112930e+11  0.000000e+00  0.000000e+00  4.575312e-01  6.878479e+01  1.289762e+01  1  1.8240  1.582267e+10  0.000000e+00  0.000000e+00  2.123426e-01  1.286326e+02  6.055403e-02  2  1.8240  4.671397e+12 -6.299220e+00  5.518119e+00  3.198956e-01 -1.525250e+02  4.258417e+00  3  1.8240  7.139087e+10 -6.299220e+00  5.518119e+00  2.123517e-01 -1.561479e+02  7.128428e-02  4  1.8240  1.011850e+01  0.000000e+00  0.000000e+00  2.341208e-01 -1.631139e+02  0.000000e+00 
3  8.158209e+01  3.918851e+01  6.311000e+03  9.666265e-01 6 -1.000000e+00  1.052737e+02 1  13.8728 -1.028580e+00  7.930641e-01 -1 -1.0000 -1.000000e+00 -1.000000e+00 -1.000000e+00 -1.000000e+00 -1.000000e+00 -1.000000e+00 -1 -1.0000 -1.000000e+00 -1.000000e+00 -1.000000e+00 -1.000000e+00 -1.000000e+00 -1.000000e+00  0  0.4250  1.269977e+13  0.000000e+00  0.000000e+00  1.959958e-01  1.594739e+02  4.469240e+00  1  0.4250  1.443010e+11  0.000000e+00  0.000000e+00  4.149898e-01  1.704727e+02  2.729136e-01  2  0.4250  1.387280e+01  0.000000e+00  0.000000e+00  1.919211e-01 -5.910290e+01  0.000000e+00 
2  9.617635e+01  9.932952e+01  8.055000e+03  9.907921e-01 6 -1.000000e+00  1.500478e+02 1  11.7955  5.183965e-01 -3.705265e-01 -1 -1.0000 -1.000000e+00 -1.000000e+00 -1.000000e+00 -1.000000e+00 -1.000000e+00 -1.000000e+00 -1 -1.0000 -1.000000e+00 -1.000000e+00 -1.000000e+00 -1.000000e+00 -1.000000e+00 -1.000000e+00  0  1.2000  1.225566e+13  0.000000e+00  0.000000e+00  2.770513e-01  1.395448e+02  4.792096e+00  1  1.2000  8.057870e+10  0.000000e+00  0.000000e+00  4.493633e-01  1.525582e+02  3.257458e-02  2  1.2000  1.179550e+01  0.000000e+00  0.000000e+00  1.011132e-01  1.157838e+02  0.000000e+00 
3  7.794703e+01  7.000875e+01  9.433000e+03  4.524923e-01 6 -1.000000e+00  2.101806e+02 3   7.9822  4.079339e-03 -2.263966e-01 -1 -1.0000 -1.000000e+00 -1.000000e+00 -1.000000e+00 -1.000000e+00 -1.000000e+00 -1.000000e+00 -1 -1.0000 -1.000000e+00 -1.000000e+00 -1.000000e+00 -1.000000e+00 -1.000000e+00 -1.000000e+00  0  0.9650  1.369713e+12  0.000000e+00  0.000000e+00  2.482053e-01  1.137288e+01  7.993349e+00  1  0.9650  4.958691e+10  0.000000e+00  0.000000e+00  5.087678e-01  4.135183e+01  2.003195e-01  2  0.9650  7.982180e+00  0.000000e+00  0.000000e+00  7.930962e-02  1.563127e+02  0.000000e+00 
1  5.408476e+01  1.046922e+02  8.445000e+03  9.587943e+00 0 -1.000000e+00  1.046922e+02 2  12.7166  3.235428e+00 -5.229891e+00 -1 -1.0000 -1.000000e+00 -1.000000e+00 -1.000000e+00 -1.000000e+00 -1.000000e+00 -1.000000e+00 -1 -1.0000 -1.000000e+00 -1.000000e+00 -1.000000e+00 -1.000000e+00 -1.000000e+00 -1.000000e+00  0  1.0210  2.297520e+14  0.000000e+00  0.000000e+00  4.096658e-01 -1.655527e+02  5.513002e+00  1  1.0210  4.038498e+11  0.000000e+00  0.000000e+00  1.868303e-01 -2.228149e+02  2.339519e-01  2  1.0210  1.271660e+01  0.000000e+00  0.000000e+00  1.836932e-01 -1.119985e+02  0.000000e+00 
3  3.872658e+01  5.739582e+01  4.516000e+03  2.467451e+00 6  2.768693e-01  7.807462e+01 3   9.2349  5.163162e+00 -4.421450e+00  0  1.0210  5.996131e+12  0.000000e+00  0.000000e+00  6.415685e-01 -1.214985e+01  1.705856e+01  1  1.0210  6.342128e+10  0.000000e+00  0.000000e+00  1.892420e-01 -5.356623e+01  8.262640e-02  2  1.0210  2.280918e+14  1.725163e+01 -1.832559e+01  4.182068e-01 -1.642857e+02  1.682495e+00  3  1.0210  4.854215e+11  1.725163e+01 -1.832559e+01  5.352514e-01 -1.812690e+02  3.996147e-01  4  1.0210  9.234870e+00  0.000000e+00  0.000000e+00  1.127324e-01  1.356397e+02  0.000000e+00 
3  1.724182e+02  1.476583e+02  8.961000e+03  6.040507e-01 6 -1.000000e+00  2.729028e+02 1  13.3514  1.283662e-01  2.904409e-01 -1 -1.0000 -1.000000e+00 -1.000000e+00 -1.000000e+00 -1.000000e+00 -1.000000e+00 -1.000000e+00 -1 -1.0000 -1.000000e+00 -1.000000e+00 -1.000000e+00 -1.000000e+00 -1.000000e+00 -1.000000e+00  0  1.3840  2.038854e+12  0.000000e+00  0.000000e+00  8.457426e-02 -9.226797e+01  4.797651e+00  1  1.3840  5.392663e+10  0.000000e+00  0.000000e+00  1.181380e-01 -8.050422e+01  8.018296e-02  2  1.3840  1.335140e+01  0.000000e+00  0.000000e+00  1.290504e-02 -1.415080e+02  0.000000e+00 
3  9.849493e+01  1.080135e+02  7.196000e+03  3.867424e-01 6 -1.000000e+00  1.389309e+02 1   3.5505 -9.620628e-02 -1.426629e-01 -1 -1.0000 -1.000000e+00 -1.000000e+00 -1.000000e+00 -1.000000e+00 -1.000000e+00 -1.000000e+00 -1 -1.0000 -1.000000e+00 -1.000000e+00 -1.000000e+00 -1.000000e+00 -1.000000e+00 -1.000000e+00  0  1.3990  2.005610e+12  0.000000e+00  0.000000e+00  8.247706e-02 -4.237776e+01  3.213456e+00  1  1.3990  5.074341e+10  0.000000e+00  0.000000e+00  6.119291e-02 -9.881126e+01  6.092783e-02  2  1.3990  3.550460e+00  0.000000e+00  0.000000e+00  7.752454e-02 -1.128361e+02  0.000000e+00 
4  6.203059e+01  9.412508e+01  4.278000e+03  4.078014e+00 6 -1.000000e+00  1.129381e+02 3  15.5329 -5.817896e-01  4.374320e-02 -1 -1.0000 -1.000000e+00 -1.000000e+00 -1.000000e+00 -1.000000e+00 -1.000000e+00 -1.000000e+00 -1 -1.0000 -1.000000e+00 -1.000000e+00 -1.000000e+00 -1.000000e+00 -1.000000e+00 -1.000000e+00  0  0.7080  2.458585e+13  0.000000e+00  0.000000e+00  3.657019e-01 -7.270863e+01  9.814738e+00  1  0.7080  2.094475e+11  0.000000e+00  0.000000e+00  3.298047e-01 -8.359260e+01  1.595316e-01  2  0.7080  1.553290e+01  0.000000e+00  0.000000e+00  1.869317e-01  1.348068e+02  0.000000e+00 
2  2.153887e+01  1.412744e+01  7.563000e+03  5.813897e-01 6 -1.000000e+00  2.921942e+01 1  13.0176  2.709378e-01 -2.516278e-01 -1 -1.0000 -1.000000e+00 -1.000000e+00 -1.000000e+00 -1.000000e+00 -1.000000e+00 -1.000000e+00 -1 -1.0000 -1.000000e+00 -1.000000e+00 -1.000000e+00 -1.000000e+00 -1.000000e+00 -1.000000e+00  0  1.0970  1.376540e+12  0.000000e+00  0.000000e+00  1.743910e-01  1.079084e+02  5.859259e+00  1  1.0970  5.060836e+10  0.000000e+00  0.000000e+00  4.019176e-01  1.332004e+02  2.318467e-02  2  1.0970  1.301760e+01  0.000000e+00  0.000000e+00  1.470273e-01  8.749785e+01  0.000000e+00 
2  1.097964e+02  5.996411e+01  1.923000e+03  1.367453e+00 6 -1.000000e+00  1.840725e+02 1  14.5889 -8.140593e-01 -2.854499e-01 -1 -1.0000 -1.000000e+00 -1.000000e+00 -1.000000e+00 -1.000000e+00 -1.000000e+00 -1.000000e+00 -1 -1.0000 -1.000000e+00 -1.000000e+00 -1.000000e+00 -1.000000e+00 -1.000000e+00 -1.000000e+00  0  1.4280  8.402659e+12  0.000000e+00  0.000000e+00  3.086456e-01  7.022519e+01  5.750044e+00  1  1.4280  1.013784e+11  0.000000e+00  0.000000e+00  2.206131e-01  5.335994e+01  5.504591e-02  2  1.4280  1.458890e+01  0.000000e+00  0.000000e+00  9.107949e-02 -1.151514e+01  0.000000e+00 
3  5.657572e+01  4.421844e+01  7.584000e+03  6.330657e-01 6 -1.000000e+00  8.610946e+01 1  13.8726 -8.506690e-02  3.111324e-01 -1 -1.0000 -1.000000e+00 -1.000000e+00 -1.000000e+00 -1.000000e+00 -1.000000e+00 -1.000000e+00 -1 -1.0000 -1.000000e+00 -1.000000e+00 -1.000000e+00 -1.000000e+00 -1.000000e+00 -1.000000e+00  0  0.3890  1.535439e+12  0.000000e+00  0.000000e+00  2.053121e-01 -2.475737e+01  7.523561e+00  1  0.3890  7.324499e+10  0.000000e+00  0.000000e+00  3.768053e-01  8.176492e+00  2.343858e-01  2  0.3890  1.387260e+01  0.000000e+00  0.000000e+00  8.714754e-02  1.554753e+02  0.000000e+00 
3  3.721245e+01  2.036905e+01  3.413000e+03  4.217042e-01 6 -1.000000e+00  4.587579e+01 1  15.4585  3.444012e-01 -1.349915e-01 -1 -1.0000 -1.000000e+00 -1.000000e+00 -1.000000e+00 -1.000000e+00 -1.000000e+00 -1.000000e+00 -1 -1.0000 -1.000000e+00 -1.000000e+00 -1.000000e+00 -1.000000e+00 -1.000000e+00 -1.000000e+00  0  1.0180  1.187455e+12  0.000000e+00  0.000000e+00  4.065550e-01 -1.131276e+02  3.207827e+00  1  1.0180  3.636924e+10  0.000000e+00  0.000000e+00  3.959054e-01 -1.368955e+02  3.899426e-02  2  1.0180  1.545850e+01  0.000000e+00  0.000000e+00  1.993303e-01 -8.549183e+00  0.000000e+00 
5  7.551675e+00  1.403927e+01  8.907000e+03  5.488649e-01 6 -1.000000e+00  2.027272e+01 3  15.4565 -5.071610e-02 -1.137405e-02 -1 -1.0000 -1.000000e+00 -1.000000e+00 -1.000000e+00 -1.000000e+00 -1.000000e+00 -1.000000e+00 -1 -1.0000 -1.000000e+00 -1.000000e+00 -1.000000e+00 -1.000000e+00 -1.000000e+00 -1.000000e+00  0  0.5790  2.916858e+12  0.000000e+00  0.000000e+00  1.233756e-01 -6.905892e+01  4.400662e+00  1  0.5790  6.182157e+10  0.000000e+00  0.000000e+00  3.065562e-01 -2.671049e+01  2.255044e-01  2  0.5790  1.545650e+01  0.000000e+00  0.000000e+00  8.591070e-02 -1.791499e+02  0.000000e+00 
3  4.394593e+01  3.071223e+01  1.920000e+03  9.913795e-01 6 -1.000000e+00  6.820070e+01 1   5.7568 -2.853979e-01  4.409332e-01 -1 -1.0000 -1.000000e+00 -1.000000e+00 -1.000000e+00 -1.000000e+00 -1.000000e+00 -1.000000e+00 -1 -1.0000 -1.000000e+00 -1.000000e+00 -1.000000e+00 -1.000000e+00 -1.000000e+00 -1.000000e+00  0  0.6090  2.100076e+12  0.000000e+00  0.000000e+00  5.617940e-02 -8.105374e+01  8.868413e+00  1  0.6090  7.225007e+10  0.000000e+00  0.000000e+00  4.825373e-01 -9.309921e+01  1.950718e-01  2  0.6090  5.756780e+00  0.000000e+00  0.000000e+00  8.106974e-02  1.643592e+00  0.000000e+00 
3  1.276678e+01  1.514615e+01  2.812000e+03  1.155144e+00 6  2.895864e-01  1.748142e+01 1  16.7083 -5.866522e-01 -2.245403e+00  0  1.0010  1.099383e+12  0.000000e+00  0.000000e+00  2.694613e-01  1.433641e+02  2.232665e+01  1  1.0010  4.473191e+10  0.000000e+00  0.000000e+00  1.713107e-01  1.260817e+02  5.403136e-02  2  1.0010  1.456652e+13 -2.005740e+00 -5.768921e+00  3.523236e-01 -1.493565e+02  6.660043e+00  3  1.0010  1.278782e+11 -2.005740e+00 -5.768921e+00  1.450158e-02 -1.560504e+02  4.860341e-02  4  1.0010  1.670830e+01  0.000000e+00  0.000000e+00  1.393575e-01 -3.237182e+01  0.000000e+00 
1  4.633236e+01  9.114245e+01  4.050000e+02  1.631848e+00 0 -1.000000e+00  9.114245e+01 2   7.8771  1.082554e+00 -4.602336e+00 -1 -1.0000 -1.000000e+00 -1.000000e+00 -1.000000e+00 -1.000000e+00 -1.000000e+00 -1.000000e+00 -1 -1.0000 -1.000000e+00 -1.000000e+00 -1.000000e+00 -1.000000e+00 -1.000000e+00 -1.000000e+00  0  1.1750  3.129351e+13  0.000000e+00  0.000000e+00  4.450588e-01 -1.735293e+02  5.144248e+00  1  1.1750  1.250349e+11  0.000000e+00  0.000000e+00  3.010126e-01 -2.001648e+02  1.855023e-01  2  1.1750  7.877110e+00  0.000000e+00  0.000000e+00  1.397388e-01  2.801979e+01  0.000000e+00 
3  6.946072e+01  3.006140e+01  2.982000e+03  4.444680e-01 6 -1.000000e+00  9.191496e+01 1  18.4648  3.231163e-01  4.407741e-02 -1 -1.0000 -1.000000e+00 -1.000000e+00 -1.000000e+00 -1.000000e+00 -1.000000e+00 -1.000000e+00 -1 -1.0000 -1.000000e+00 -1.000000e+00 -1.000000e+00 -1.000000e+00 -1.000000e+00 -1.000000e+00  0  1.5180  1.308996e+12  0.000000e+00  0.000000e+00  3.700214e-01 -1.764792e+02  3.634369e+00  1  1.5180  3.950425e+10  0.000000e+00  0.000000e+00  1.852247e-01 -1.307701e+02  5.065771e-02  2  1.5180  1.846480e+01  0.000000e+00  0.000000e+00  4.623689e-01 -1.153631e+02  0.000000e+00 
5  3.977760e+01  6.011380e+01  6.639000e+03  1.300478e+00 6 -1.000000e+00  1.026183e+02 3  12.0926 -1.158074e-01  4.389745e-01 -1 -1.0000 -1.000000e+00 -1.000000e+00 -1.000000e+00 -1.000000e+00 -1.000000e+00 -1.000000e+00 -1 -1.0000 -1.000000e+00 -1.000000e+00 -1.000000e+00 -1.000000e+00 -1.000000e+00 -1.000000e+00  0  0.2260  2.850368e+12  0.000000e+00  0.000000e+00  3.336065e-01  9.464668e+01  1.253610e+01  1  0.2260  7.940278e+10  0.000000e+00  0.000000e+00  6.046160e-01  1.100526e+02  4.565725e-01  2  0.2260  1.209260e+01  0.000000e+00  0.000000e+00  1.665314e-01 -8.592341e+01  0.000000e+00 
3  4.495506e+01  2.454564e+01  4.808000e+03  7.155024e-01 6  2.863735e-01  6.030436e+01 1  16.9294  9.522556e-01 -2.414448e-01  0  0.4510  1.564934e+12  0.000000e+00  0.000000e+00  2.007160e-01 -4.125671e+01  1.093786e+01  1  0.4510  4.362119e+10  0.000000e+00  0.000000e+00  4.189748e-01 -4.682634e+01  8.996775e-02  2  0.4510  4.680574e+12  3.142296e+01  1.664052e+01  2.620172e-01  1.556121e+02  7.036387e+00  3  0.4510  9.211444e+10  3.142296e+01  1.664052e+01  3.201398e-01  1.415523e+02  1.104527e-01  4  0.4510  1.692940e+01  0.000000e+00  0.000000e+00  7.480230e-02 -3.799944e+01  0.000000e+00 
3  4.989258e+01  3.135047e+01  6.074000e+03  2.108053e-01 6 -1.000000e+00  6.269295e+01 1   7.5704  1.837313e-01 -1.049551e-02 -1 -1.0000 -1.000000e+00 -1.000000e+00 -1.000000e+00 -1.000000e+00 -1.000000e+00 -1.000000e+00 -1 -1.0000 -1.000000e+00 -1.000000e+00 -1.000000e+00 -1.000000e+00 -1.000000e+00 -1.000000e+00  0  0.5480  4.505594e+11  0.000000e+00  0.000000e+00  2.388085e-01  2.828104e+01  5.825476e+00  1  0.5480  8.707856e+09  0.000000e+00  0.000000e+00  1.240848e-01  3.329120e+01  7.889149e-02  2  0.5480  7.570380e+00  0.000000e+00  0.000000e+00  1.674962e-01  1.427443e+02  0.000000e+00 
1  1.945122e+02  4.537585e+02  9.214000e+03  5.608468e+00 0 -1.000000e+00  4.537585e+02 2  17.4641  4.719853e+00  1.475172e-01 -1 -1.0000 -1.000000e+00 -1.000000e+00 -1.000000e+00 -1.000000e+00 -1.000000e+00 -1.000000e+00 -1 -1.0000 -1.000000e+00 -1.000000e+00 -1.000000e+00 -1.000000e+00 -1.000000e+00 -1.000000e+00  0  0.5570  9.350960e+13  0.000000e+00  0.000000e+00  4.703030e-01 -6.501157e+01  5.790092e+00  1  0.5570  5.618402e+11  0.000000e+00  0.000000e+00  1.769477e-01 -1.072329e+02  5.750299e-01  2  0.5570  1.746410e+01  0.000000e+00  0.000000e+00  1.424119e-01 -1.303454e+02  0.000000e+00 
3  4.107292e+01  3.617879e+01  4.409000e+03  1.417654e+00 6 -1.000000e+00  9.761922e+01 3  16.1109 -1.117200e-01 -5.257601e-01 -1 -1.0000 -1.000000e+00 -1.000000e+00 -1.000000e+00 -1.000000e+00 -1.000000e+00 -1.000000e+00 -1 -1.0000 -1.000000e+00 -1.000000e+00 -1.000000e+00 -1.000000e+00 -1.000000e+00 -1.000000e+00  0  1.0900  1.349193e+13  0.000000e+00  0.000000e+00  1.930798e-01 -8.437829e+01  4.933422e+00  1  1.0900  1.154442e+11  0.000000e+00  0.000000e+00  1.404222e-01 -9.395390e+01  2.437542e-01  2  1.0900  1.611090e+01  0.000000e+00  0.000000e+00  2.153595e-01  1.635650e+02  0.000000e+00 
3  3.693558e+01  5.323681e+01  5.727000e+03  8.691568e-01 6 -1.000000e+00  6.130579e+01 1   9.2248 -2.100761e-01 -1.944094e-01 -1 -1.0000 -1.000000e+00 -1.000000e+00 -1.000000e+00 -1.000000e+00 -1.000000e+00 -1.000000e+00 -1 -1.0000 -1.000000e+00 -1.000000e+00 -1.000000e+00 -1.000000e+00 -1.000000e+00 -1.000000e+00  0  1.2620  3.342769e+12  0.000000e+00  0.000000e+00  1.574089e-01  1.074224e+02  5.569810e+00  1  1.2620  5.887451e+10  0.000000e+00  0.000000e+00  6.075931e-01  7.440215e+01  7.133739e-02  2  1.2620  9.224850e+00  0.000000e+00  0.000000e+00  1.200460e-01  2.339282e+01  0.000000e+00 
2  1.980918e+02  9.725260e+01  1.117000e+03  9.147014e-01 6 -1.000000e+00  3.930976e+02 2  15.9210  4.991472e-01 -2.075183e-01 -1 -1.0000 -1.000000e+00 -1.000000e+00 -1.000000e+00 -1.000000e+00 -1.000000e+00 -1.000000e+00 -1 -1.0000 -1.000000e+00 -1.000000e+00 -1.000000e+00 -1.000000e+00 -1.000000e+00 -1.000000e+00  0  2.5240  4.904838e+12  0.000000e+00  0.000000e+00  8.633069e-02  1.003639e+02  4.573625e+00  1  2.5240  6.027763e+10  0.000000e+00  0.000000e+00  2.674530e-01  1.081581e+02  2.133676e-02  2  2.5240  1.592100e+01  0.000000e+00  0.000000e+00  1.324817e-01  8.240414e+01  0.000000e+00 
1  1.341139e+01  2.635688e+01  2.207000e+03  5.816695e+00 0 -1.000000e+00  2.635688e+01 2  16.3155 -2.133966e+00  2.836364e+01 -1 -1.0000 -1.000000e+00 -1.000000e+00 -1.000000e+00 -1.000000e+00 -1.000000e+00 -1.000000e+00 -1 -1.0000 -1.000000e+00 -1.000000e+00 -1.000000e+00 -1.000000e+00 -1.000000e+00 -1.000000e+00  0  0.6740  1.532575e+14  0.000000e+00  0.000000e+00  5.525257e-01 -5.451652e+00  5.747587e+00  1  0.6740  3.772000e+11  0.000000e+00  0.000000e+00  5.142655e-01 -1.009686e+02  5.816595e-01  2  0.6740  1.631550e+01  0.000000e+00  0.000000e+00  2.762392e-01 -1.718737e+02  0.000000e+00 
1  6.418719e+01  1.232268e+02  4.090000e+03  6.027209e+00 0  2.745772e-01  1.232268e+02 2  16.1152  1.452099e+01  4.571547e+00  0  0.7250  7.390771e+13  0.000000e+00  0.000000e+00  3.052702e-01  8.361387e+01  7.307192e+00  1  0.7250  1.727084e+11  0.000000e+00  0.000000e+00  2.695200e-01  1.121913e+02  2.308973e-01  2  0.7250  1.614656e+14  9.604738e+01  4.321525e+01  2.722800e-01 -1.394191e+02  4.894241e+00  3  0.7250  5.775582e+11  9.604738e+01  4.321525e+01  2.241244e-01 -1.272588e+02  6.915826e-01  4  0.7250  1.611520e+01  0.000000e+00  0.000000e+00  5.318723e-02 -1.215873e+02  0.000000e+00 
3  1.417270e+02  1.267498e+02  8.272000e+03  7.287727e-01 6 -1.000000e+00  2.324804e+02 1   6.8385  1.383441e-01 -3.121448e-01 -1 -1.0000 -1.000000e+00 -1.000000e+00 -1.000000e+00 -1.000000e+00 -1.000000e+00 -1.000000e+00 -1 -1.0000 -1.000000e+00 -1.000000e+00 -1.000000e+00 -1.000000e+00 -1.000000e+00 -1.000000e+00  0  1.1080  1.606483e+12  0.000000e+00  0.000000e+00  3.256330e-01 -1.262438e+02  8.956806e+00  1  1.1080  5.213394e+10  0.000000e+00  0.000000e+00  4.121309e-01 -9.621976e+01  1.373352e-01  2  1.1080  6.838510e+00  0.000000e+00  0.000000e+00  1.170401e-01 -3.545947e+01  0.000000e+00 
2  7.388604e+01  7.488537e+01  2.241000e+03  9.227705e-01 6  2.761430e-01  1.208438e+02 1  13.2645 -6.733339e-01 -6.470904e-01  0  1.3850  2.089828e+12  0.000000e+00  0.000000e+00  3.709669e-01  1.311812e+02  1.006129e+01  1  1.3850  6.247029e+10  0.000000e+00  0.000000e+00  3.760278e-01  6.132599e+01  5.588912e-02  2  1.3850  8.251122e+12 -1.682687e+01 -1.752119e+01  3.267689e-01 -9.019658e+01  4.177085e+00  3  1.3850  8.285420e+10 -1.682687e+01 -1.752119e+01  3.866941e-01 -6.691377e+01  5.909183e-02  4  1.3850  1.326450e+01  0.000000e+00  0.000000e+00  1.249901e-01  5.503073e+01  0.000000e+00 
5  1.321354e+02  2.648913e+02  7.236000e+03  1.351721e+00 6 -1.000000e+00  5.390258e+02 3  19.3276 -2.605506e-01  1.416896e-01 -1 -1.0000 -1.000000e+00 -1.000000e+00 -1.000000e+00 -1.000000e+00 -1.000000e+00 -1.000000e+00 -1 -1.0000 -1.000000e+00 -1.000000e+00 -1.000000e+00 -1.000000e+00 -1.000000e+00 -1.000000e+00  0  0.6680  3.472601e+13  0.000000e+00  0.000000e+00  3.330820e-01 -1.754243e+02  4.593503e+00  1  0.6680  1.181936e+11  0.000000e+00  0.000000e+00  3.084352e-01 -1.957215e+02  3.345885e-01  2  0.6680  1.932760e+01  0.000000e+00  0.000000e+00  3.932226e-02 -1.716434e+02  0.000000e+00 
3  6.380427e+01  3.871740e+01  6.883000e+03  1.362389e+00 6 -1.000000e+00  1.267531e+02 2  13.7034  4.361871e-01  7.833926e-01 -1 -1.0000 -1.000000e+00 -1.000000e+00 -1.000000e+00 -1.000000e+00 -1.000000e+00 -1.000000e+00 -1 -1.0000 -1.000000e+00 -1.000000e+00 -1.000000e+00 -1.000000e+00 -1.000000e+00 -1.000000e+00  0  0.7140  1.639477e+13  0.000000e+00  0.000000e+00  2.155218e-01 -4.724868e+00  5.539848e+00  1  0.7140  1.278060e+11  0.000000e+00  0.000000e+00  5.498656e-02 -4.420727e+01  2.357444e-01  2  0.7140  1.370340e+01  0.000000e+00  0.000000e+00  6.114780e-02  9.717854e+01  0.000000e+00 
3  8.140607e+01  3.434096e+01  5.904000e+03  2.613500e-01 6 -1.000000e+00  1.077853e+02 1  14.3971 -2.726128e-01 -1.922993e-01 -1 -1.0000 -1.000000e+00 -1.000000e+00 -1.000000e+00 -1.000000e+00 -1.000000e+00 -1.000000e+00 -1 -1.0000 -1.000000e+00 -1.000000e+00 -1.000000e+00 -1.000000e+00 -1.000000e+00 -1.000000e+00  0  1.0640  6.889560e+11  0.000000e+00  0.000000e+00  3.983783e-01  1.703080e+02  4.974369e+00  1  1.0640  2.021088e+10  0.000000e+00  0.000000e+00  2.907587e-01  1.975585e+02  8.748107e-02  2  1.0640  1.439710e+01  0.000000e+00  0.000000e+00  3.866719e-02 -5.721543e+01  0.000000e+00 
3  9.697173e+01  5.137406e+01  9.683000e+03  6.898332e-01 6 -1.000000e+00  1.370849e+02 1   5.8666 -5.388048e-01 -3.671684e-03 -1 -1.0000 -1.000000e+00 -1.000000e+00 -1.000000e+00 -1.000000e+00 -1.000000e+00 -1.000000e+00 -1 -1.0000 -1.000000e+00 -1.000000e+00 -1.000000e+00 -1.000000e+00 -1.000000e+00 -1.000000e+00  0  0.6330  1.388820e+12  0.000000e+00  0.000000e+00  2.452360e-01  6.085095e+01  9.842405e+00  1  0.6330  5.307722e+10  0.000000e+00  0.000000e+00  2.621637e-01  5.993139e+01  1.426385e-01  2  0.6330  5.866630e+00  0.000000e+00  0.000000e+00  1.076311e-01  1.510288e+02  0.000000e+00 
3  1.980918e+02  6.661732e+01  1.117000e+03  2.805591e-01 6 -1.000000e+00  3.855118e+02 2  15.9210  3.769456e-01 -1.199535e-01 -1 -1.0000 -1.000000e+00 -1.000000e+00 -1.000000e+00 -1.000000e+00 -1.000000e+00 -1.000000e+00 -1 -1.0000 -1.000000e+00 -1.000000e+00 -1.000000e+00 -1.000000e+00 -1.000000e+00 -1.000000e+00  0  1.6970  1.121531e+12  0.000000e+00  0.000000e+00  1.678097e-01 -1.636954e+02  2.837854e+00  1  1.6970  3.106726e+10  0.000000e+00  0.000000e+00  5.383015e-01 -1.976993e+02  1.738360e-02  2  1.6970  1.592100e+01  0.000000e+00  0.000000e+00  2.621437e-01 -1.067735e+02  0.000000e+00 
3  3.623629e+01  4.972891e+01  4.272000e+03  2.684941e-01 6 -1.000000e+00  9.782722e+01 3  11.9426  3.489520e-02 -6.655815e-02 -1 -1.0000 -1.000000e+00 -1.000000e+00 -1.000000e+00 -1.000000e+00 -1.000000e+00 -1.000000e+00 -1 -1.0000 -1.000000e+00 -1.000000e+00 -1.000000e+00 -1.000000e+00 -1.000000e+00 -1.000000e+00  0  1.9280  9.457135e+11  0.000000e+00  0.000000e+00  6.439549e-02  4.440015e+00  5.366430e+00  1  1.9280  1.777292e+10  0.000000e+00  0.000000e+00  2.611395e-01 -6.342987e+00  5.656905e-02  2  1.9280  1.194260e+01  0.000000e+00  0.000000e+00  2.865292e-02 -1.421955e+02  0.000000e+00 
3  1.592337e+02  9.113605e+01  2.555000e+03  9.595869e-02 6 -1.000000e+00  2.172243e+02 1   7.5717 -1.640798e-02 -5.742838e-02 -1 -1.0000 -1.000000e+00 -1.000000e+00 -1.000000e+00 -1.000000e+00 -1.000000e+00 -1.000000e+00 -1 -1.0000 -1.000000e+00 -1.000000e+00 -1.000000e+00 -1.000000e+00 -1.000000e+00 -1.000000e+00  0  2.2750  3.469203e+11  0.000000e+00  0.000000e+00  1.887319e-01 -3.630373e+01  2.839513e+00  1  2.2750  2.613518e+09  0.000000e+00  0.000000e+00  4.968429e-01 -6.840671e+01  1.796195e-02  2  2.2750  7.571680e+00  0.000000e+00  0.000000e+00  8.722082e-02 -5.479362e+01  0.000000e+00 
2  2.228277e+01  1.058545e+01  8.731000e+03  4.582215e-01 6 -1.000000e+00  3.050565e+01 1  15.9431  2.921704e-01 -3.358775e-01 -1 -1.0000 -1.000000e+00 -1.000000e+00 -1.000000e+00 -1.000000e+00 -1.000000e+00 -1.000000e+00 -1 -1.0000 -1.000000e+00 -1.000000e+00 -1.000000e+00 -1.000000e+00 -1.000000e+00 -1.000000e+00  0  2.5560  2.096734e+12  0.000000e+00  0.000000e+00  4.455649e-02 -2.873058e+01  3.874487e+00  1  2.5560  3.743748e+10  0.000000e+00  0.000000e+00  2.094805e-01 -2.174533e+01  1.616274e-02  2  2.5560  1.594310e+01  0.000000e+00  0.000000e+00  1.990230e-01  1.025902e+02  0.000000e+00 
3  2.912088e+01  1.581717e+01  2.407000e+03  7.570853e-01 6 -1.000000e+00  4.546095e+01 1   8.9755  8.874503e-02 -5.006403e-01 -1 -1.0000 -1.000000e+00 -1.000000e+00 -1.000000e+00 -1.000000e+00 -1.000000e+00 -1.000000e+00 -1 -1.0000 -1.000000e+00 -1.000000e+00 -1.000000e+00 -1.000000e+00 -1.000000e+00 -1.000000e+00  0  0.6370  1.169975e+12  0.000000e+00  0.000000e+00  3.330006e-01 -4.393117e+01  1.393503e+01  1  0.6370  4.950780e+10  0.000000e+00  0.000000e+00  4.843615e-01 -5.641525e+01  1.001033e-01  2  0.6370  8.975470e+00  0.000000e+00  0.000000e+00  2.148455e-01 -1.770485e+02  0.000000e+00 
3  1.876097e+01  8.341943e+00  1.426000e+03  1.018943e+00 6 -1.000000e+00  2.350012e+01 1  18.4355 -6.345638e-01  1.071318e-01 -1 -1.0000 -1.000000e+00 -1.000000e+00 -1.000000e+00 -1.000000e+00 -1.000000e+00 -1.000000e+00 -1 -1.0000 -1.000000e+00 -1.000000e+00 -1.000000e+00 -1.000000e+00 -1.000000e+00 -1.000000e+00  0  0.6410  2.189797e+12  0.000000e+00  0.000000e+00  2.201006e-01 -1.056733e+02  5.724002e+00  1  0.6410  6.403411e+10  0.000000e+00  0.000000e+00  5.192894e-01 -8.298529e+01  7.114217e-02  2  0.6410  1.843550e+01  0.000000e+00  0.000000e+00  2.997278e-01 -3.519844e+01  0.000000e+00 
3  3.641966e+01  4.881705e+01  5.268000e+03  9.960027e-01 6 -1.000000e+00  7.801421e+01 3   6.6089 -2.862929e-01 -1.972238e-01 -1 -1.0000 -1.000000e+00 -1.000000e+00 -1.000000e+00 -1.000000e+00 -1.000000e+00 -1.000000e+00 -1 -1.0000 -1.000000e+00 -1.000000e+00 -1.000000e+00 -1.000000e+00 -1.000000e+00 -1.000000e+00  0  0.9920  5.539277e+12  0.000000e+00  0.000000e+00  2.043344e-01  1.508445e+01  7.380124e+00  1  0.9920  8.491498e+10  0.000000e+00  0.000000e+00  3.682949e-01  6.150452e+01  1.302228e-01  2  0.9920  6.608860e+00  0.000000e+00  0.000000e+00  7.175962e-02 -6.485994e+01  0.000000e+00 
3  4.597714e+01  1.857493e+01  7.300000e+02  8.225449e-01 6  2.863778e-01  9.499877e+01 2  10.7824 -2.460244e+00 -1.565799e+00  0  1.2490  9.767986e+11  0.000000e+00  0.000000e+00  2.498604e-01 -1.592627e+02  1.161671e+01  1  1.2490  4.904657e+10  0.000000e+00  0.000000e+00  8.140663e-02 -8.796167e+01  7.732951e-02  2  1.2490  1.586118e+13 -4.831096e+00 -1.938082e+00  3.140892e-01 -1.195397e+02  5.571813e+00  3  1.2490  1.004658e+11 -4.831096e+00 -1.938082e+00  2.940274e-01 -6.947757e+01  3.547660e-02  4  1.2490  1.078240e+01  0.000000e+00  0.000000e+00  1.754867e-01  4.995999e+01  0.000000e+00 
3  2.816123e+01  1.288404e+01  6.733000e+03  5.748898e-01 6 -1.000000e+00  3.618041e+01 1   7.4742 -1.616406e-01 -4.680035e-01 -1 -1.0000 -1.000000e+00 -1.000000e+00 -1.000000e+00 -1.000000e+00 -1.000000e+00 -1.000000e+00 -1 -1.0000 -1.000000e+00 -1.000000e+00 -1.000000e+00 -1.000000e+00 -1.000000e+00 -1.000000e+00  0  1.6790  2.155167e+12  0.000000e+00  0.000000e+00  3.054696e-01 -1.129858e+02  4.243647e+00  1  1.6790  5.452199e+10  0.000000e+00  0.000000e+00  2.968442e-01 -7.333747e+01  5.777825e-02  2  1.6790  7.474200e+00  0.000000e+00  0.000000e+00  1.472387e-01  3.004882e+01  0.000000e+00 
3  4.181231e+01  5.632169e+01  2.813000e+03  5.410947e-02 6 -1.000000e+00  7.501727e+01 3  11.3488 -1.217861e-02 -6.667459e-03 -1 -1.0000 -1.000000e+00 -1.000000e+00 -1.000000e+00 -1.000000e+00 -1.000000e+00 -1.000000e+00 -1 -1.0000 -1.000000e+00 -1.000000e+00 -1.000000e+00 -1.000000e+00 -1.000000e+00 -1.000000e+00  0  1.3410  2.239214e+11  0.000000e+00  0.000000e+00  4.206083e-01 -9.195504e+01  5.408574e+00  1  1.3410  1.201805e+09  0.000000e+00  0.000000e+00  3.767744e-01 -5.403571e+01  5.307749e-02  2  1.3410  1.134880e+01  0.000000e+00  0.000000e+00  1.088539e-01  6.035475e+01  0.000000e+00 
3  3.924691e+01  7.711128e+01  4.250000e+02  7.350750e-01 6 -1.000000e+00  1.232919e+02 3  11.4987 -9.658152e-02 -7.869742e-02 -1 -1.0000 -1.000000e+00 -1.000000e+00 -1.000000e+00 -1.000000e+00 -1.000000e+00 -1.000000e+00 -1 -1.0000 -1.000000e+00 -1.000000e+00 -1.000000e+00 -1.000000e+00 -1.000000e+00 -1.000000e+00  0  1.7930  8.446460e+12  0.000000e+00  0.000000e+00  1.090782e-01 -4.282902e+01  2.641272e+00  1  1.7930  1.072813e+11  0.000000e+00  0.000000e+00  2.492558e-01 -6.071593e+00  6.291497e-02  2  1.7930  1.149870e+01  0.000000e+00  0.000000e+00  2.817550e-02 -1.024175e+02  0.000000e+00 
1  3.312705e+02  5.841220e+02  9.434000e+03  1.564539e-02 0 -1.000000e+00  5.841220e+02 2   9.7850  1.339065e-02  1.456318e-02 -1 -1.0000 -1.000000e+00 -1.000000e+00 -1.000000e+00 -1.000000e+00 -1.000000e+00 -1.000000e+00 -1 -1.0000 -1.000000e+00 -1.000000e+00 -1.000000e+00 -1.000000e+00 -1.000000e+00 -1.000000e+00  0  1.9530  2.640184e+11  0.000000e+00  0.000000e+00  3.100984e-01 -1.739777e+02  2.424301e+00  1  1.9530  1.209766e+09  0.000000e+00  0.000000e+00  3.814881e-01 -1.950191e+02  8.109490e-02  2  1.9530  9.784970e+00  0.000000e+00  0.000000e+00  8.307913e-02 -3.957517e+01  0.000000e+00 
2  2.843708e+01  4.267239e-01  8.156000e+03  1.243541e+00 6  2.736351e-01  4.267239e-01 1  16.1236  1.150542e-01  3.576911e+00  0  1.6970  1.557516e+12  0.000000e+00  0.000000e+00  3.664074e-01 -1.115069e+02  1.560387e+01  1  1.6970  5.425716e+10  0.000000e+00  0.000000e+00  2.589045e-01 -1.623835e+02  1.857274e-02  2  1.6970  5.490889e+12  2.373639e+00  1.597299e+00  2.720367e-01  1.416194e+02  4.135151e+00  3  1.6970  7.272887e+10  2.373639e+00  1.597299e+00  6.720246e-01  1.181359e+02  5.145495e-02  4  1.6970  1.612360e+01  0.000000e+00  0.000000e+00  2.601749e-01 -3.361018e+00  0.000000e+00 
2  3.073808e+01  1.292046e+01  7.512000e+03  1.643707e+00 6  2.692084e-01  5.938376e+01 2   9.5269 -2.296496e-01  1.559308e+00  0  1.8520  2.992936e+12  0.000000e+00  0.000000e+00  3.837898e-01  1.164670e+02  1.498712e+01  1  1.8520  6.927927e+10  0.000000e+00  0.000000e+00  4.718953e-01  9.272760e+01  3.497880e-02  2  1.8520  2.175316e+13  1.127326e-01  7.343080e+00  4.263707e-01  3.328842e+01  3.637274e+00  3  1.8520  6.451898e+10  1.127326e-01  7.343080e+00  6.262017e-01 -4.697139e+01  1.682834e-02  4  1.8520  9.526870e+00  0.000000e+00  0.000000e+00  6.461276e-02 -1.099913e+02  0.000000e+00 
3  7.593658e+00  4.110627e+00  6.109000e+03  4.851761e-01 6 -1.000000e+00  9.326926e+00 1  17.5543 -5.257643e-01 -1.966288e-01 -1 -1.0000 -1.000000e+00 -1.000000e+00 -1.000000e+00 -1.000000e+00 -1.000000e+00 -1.000000e+00 -1 -1.0000 -1.000000e+00 -1.000000e+00 -1.000000e+00 -1.000000e+00 -1.000000e+00 -1.000000e+00  0  0.5960  1.189503e+12  0.000000e+00  0.000000e+00  4.726555e-01  3.517309e+01  7.112256e+00  1  0.5960  4.876232e+10  0.000000e+00  0.000000e+00  7.658762e-01  5.649161e+01  1.563858e-01  2  0.5960  1.755430e+01  0.000000e+00  0.000000e+00  6.023663e-02  1.517366e+02  0.000000e+00 
3  3.007421e+01  1.946353e+01  8.327000e+03  1.505544e+00 6 -1.000000e+00  3.655819e+01 1  14.9544 -1.058115e+00  8.249742e-01 -1 -1.0000 -1.000000e+00 -1.000000e+00 -1.000000e+00 -1.000000e+00 -1.000000e+00 -1.000000e+00 -1 -1.0000 -1.000000e+00 -1.000000e+00 -1.000000e+00 -1.000000e+00 -1.000000e+00 -1.000000e+00  0  0.5160  6.165638e+12  0.000000e+00  0.000000e+00  3.805130e-01 -5.314899e+01  1.276416e+01  1  0.5160  9.420716e+10  0.000000e+00  0.000000e+00  4.457192e-01 -3.567509e+01  9.141476e-02  2  0.5160  1.495440e+01  0.000000e+00  0.000000e+00  2.025534e-01  1.313765e+02  0.000000e+00 
3  2.375553e+01  3.083681e+01  4.870000e+02  8.329621e-01 6 -1.000000e+00  3.456150e+01 1  16.9253 -3.900388e-01  3.482970e-01 -1 -1.0000 -1.000000e+00 -1.000000e+00 -1.000000e+00 -1.000000e+00 -1.000000e+00 -1.000000e+00 -1 -1.0000 -1.000000e+00 -1.000000e+00 -1.000000e+00 -1.000000e+00 -1.000000e+00 -1.000000e+00  0  0.9030  4.740299e+12  0.000000e+00  0.000000e+00  3.337367e-01  1.171739e+02  6.536798e+00  1  0.9030  7.927891e+10  0.000000e+00  0.000000e+00  4.969563e-01  1.390892e+02  2.067260e-01  2  0.9030  1.692530e+01  0.000000e+00  0.000000e+00  9.183379e-02 -1.946390e+01  0.000000e+00 
3  4.001828e+01  5.499852e+01  3.211000e+03  6.470327e-01 6  2.819463e-01  8.415471e+01 3   6.4274 -7.956115e-01 -4.551551e-01  0  1.2270  6.729602e+11  0.000000e+00  0.000000e+00  3.475001e-01 -8.510142e+01  1.603588e+01  1  1.2270  5.074814e+10  0.000000e+00  0.000000e+00  1.763004e-01 -1.085002e+02  1.367234e-01  2  1.2270  3.957478e+12 -3.676981e+00 -1.140400e+00  3.932928e-01  7.922606e+00  5.297752e+00  3  1.2270  7.713330e+10 -3.676981e+00 -1.140400e+00  4.721993e-01 -4.788594e+01  8.001600e-02  4  1.2270  6.427370e+00  0.000000e+00  0.000000e+00  1.050037e-01 -4.738640e+01  0.000000e+00 
3  1.430586e+01  1.141933e+01  6.437000e+03  7.919982e-01 6 -1.000000e+00  2.103693e+01 1   8.4248 -4.245794e-01 -5.491565e-02 -1 -1.0000 -1.000000e+00 -1.000000e+00 -1.000000e+00 -1.000000e+00 -1.000000e+00 -1.000000e+00 -1 -1.0000 -1.000000e+00 -1.000000e+00 -1.000000e+00 -1.000000e+00 -1.000000e+00 -1.000000e+00  0  1.3660  3.140704e+12  0.000000e+00  0.000000e+00  2.870834e-01  9.576582e+01  5.643483e+00  1  1.3660  6.175940e+10  0.000000e+00  0.000000e+00  2.794099e-01  9.317745e+01  6.743477e-02  2  1.3660  8.424810e+00  0.000000e+00  0.000000e+00  2.305235e-01  1.467921e+01  0.000000e+00 
1  7.277890e+01  1.328722e+02  9.103000e+03  4.020465e+00 0 -1.000000e+00  1.328722e+02 2  10.6498 -3.162596e+00 -1.093049e+01 -1 -1.0000 -1.000000e+00 -1.000000e+00 -1.000000e+00 -1.000000e+00 -1.000000e+00 -1.000000e+00 -1 -1.0000 -1.000000e+00 -1.000000e+00 -1.000000e+00 -1.000000e+00 -1.000000e+00 -1.000000e+00  0  1.1330  1.021786e+14  0.000000e+00  0.000000e+00  4.404618e-01 -3.469591e+01  4.091568e+00  1  1.1330  2.240476e+11  0.000000e+00  0.000000e+00  2.386575e-01 -5.425599e+01  1.507806e-01  2  1.1330  1.064980e+01  0.000000e+00  0.000000e+00  2.078101e-01 -1.742227e+02  0.000000e+00 
1  1.669850e+02  3.026661e+02  7.370000e+03  2.160544e-02 0 -1.000000e+00  3.026661e+02 2  15.4571 -3.857270e-02  9.755142e-02 -1 -1.0000 -1.000000e+00 -1.000000e+00 -1.000000e+00 -1.000000e+00 -1.000000e+00 -1.000000e+00 -1 -1.0000 -1.000000e+00 -1.000000e+00 -1.000000e+00 -1.000000e+00 -1.000000e+00 -1.000000e+00  0  1.2480  3.906467e+10  0.000000e+00  0.000000e+00  2.981928e-01 -1.264019e+00  1.846923e+01  1  1.2480  4.351859e+07  0.000000e+00  0.000000e+00  3.982971e-01  1.394509e+01  9.820237e-02  2  1.2480  1.545710e+01  0.000000e+00  0.000000e+00  2.077029e-01  2.776891e+01  0.000000e+00 
1  1.575671e+02  2.827790e+02  4.008000e+03  2.721890e-02 0  2.817843e-01  2.827790e+02 2  14.3975 -6.514172e-02 -1.146684e-01  0  1.5820  3.014894e+10  0.000000e+00  0.000000e+00  3.165368e-01  1.251336e+02  1.834151e+01  1  1.5820  3.111471e+07  0.000000e+00  0.000000e+00  1.195133e-02  9.423562e+01  9.785820e-02  2  1.5820  1.090099e+11 -4.675030e-01 -1.130466e+00  3.831783e-01 -6.576082e+01  4.924447e+00  3  1.5820  3.342127e+08 -4.675030e-01 -1.130466e+00  5.219647e-01 -9.073329e+01  5.260289e-02  4  1.5820  1.439750e+01  0.000000e+00  0.000000e+00  2.162568e-01 -7.730140e+01  0.000000e+00 
3  2.427992e+02  1.544770e+02  5.927000e+03  1.071815e+00 6 -1.000000e+00  3.475214e+02 1  15.9418 -2.701906e-01 -9.545214e-01 -1 -1.0000 -1.000000e+00 -1.000000e+00 -1.000000e+00 -1.000000e+00 -1.000000e+00 -1.000000e+00 -1 -1.0000 -1.000000e+00 -1.000000e+00 -1.000000e+00 -1.000000e+00 -1.000000e+00 -1.000000e+00  0  0.4080  4.871618e+12  0.000000e+00  0.000000e+00  8.753097e-02 -1.545329e+02  1.037146e+01  1  0.4080  1.138335e+11  0.000000e+00  0.000000e+00  3.755866e-01 -1.900687e+02  3.263244e-01  2  0.4080  1.594180e+01  0.000000e+00  0.000000e+00  9.635172e-02 -1.164420e+02  0.000000e+00 
3  1.573182e+01  1.066241e+01  3.408000e+03  8.728289e-01 6 -1.000000e+00  2.703257e+01 1  16.1106  3.175427e-01 -3.083778e-02 -1 -1.0000 -1.000000e+00 -1.000000e+00 -1.000000e+00 -1.000000e+00 -1.000000e+00 -1.000000e+00 -1 -1.0000 -1.000000e+00 -1.000000e+00 -1.000000e+00 -1.000000e+00 -1.000000e+00 -1.000000e+00  0  1.7530  2.872884e+12  0.000000e+00  0.000000e+00  4.742204e-01 -8.514667e+01  5.325272e+00  1  1.7530  6.420546e+10  0.000000e+00  0.000000e+00  2.119598e-01 -9.409031e+01  5.003580e-02  2  1.7530  1.611060e+01  0.000000e+00  0.000000e+00  6.453087e-02 -4.636510e+01  0.000000e+00 
3  1.027416e+02  4.683223e+01  2.303000e+03  9.914628e-01 6 -1.000000e+00  1.316700e+02 1   9.7803 -3.521462e-02  8.974411e-01 -1 -1.0000 -1.000000e+00 -1.000000e+00 -1.000000e+00 -1.000000e+00 -1.000000e+00 -1.000000e+00 -1 -1.0000 -1.000000e+00 -1.000000e+00 -1.000000e+00 -1.000000e+00 -1.000000e+00 -1.000000e+00  0  1.8140  3.020296e+12  0.000000e+00  0.000000e+00  3.415078e-01  5.344494e+01  9.649744e+00  1  1.8140  8.223609e+10  0.000000e+00  0.000000e+00  4.586641e-01  4.555006e+01  4.895530e-02  2  1.8140  9.780330e+00  0.000000e+00  0.000000e+00  2.292120e-01  1.193488e+02  0.000000e+00 
3  4.098545e+01  2.564534e+01  8.861000e+03  1.761110e-01 6 -1.000000e+00  6.613478e+01 1  18.0199 -4.126544e-02  1.224439e-01 -1 -1.0000 -1.000000e+00 -1.000000e+00 -1.000000e+00 -1.000000e+00 -1.000000e+00 -1.000000e+00 -1 -1.0000 -1.000000e+00 -1.000000e+00 -1.000000e+00 -1.000000e+00 -1.000000e+00 -1.000000e+00  0  2.1500  6.822171e+11  0.000000e+00  0.000000e+00  3.405155e-01 -1.519654e+02  3.431430e+00  1  2.1500  8.327125e+09  0.000000e+00  0.000000e+00  2.441247e-01 -1.652352e+02  2.038646e-02  2  2.1500  1.801990e+01  0.000000e+00  0.000000e+00  7.477190e-02 -5.732791e+01  0.000000e+00 
3  7.373583e+01  9.127937e+01  8.771000e+03  6.948882e-02 6 -1.000000e+00  1.204252e+02 1  17.5567 -4.866552e-03 -5.747970e-02 -1 -1.0000 -1.000000e+00 -1.000000e+00 -1.000000e+00 -1.000000e+00 -1.000000e+00 -1.000000e+00 -1 -1.0000 -1.000000e+00 -1.000000e+00 -1.000000e+00 -1.000000e+00 -1.000000e+00 -1.000000e+00  0  2.2000  3.171651e+11  0.000000e+00  0.000000e+00  4.061364e-01  1.570608e+02  3.223718e+00  1  2.2000  2.042071e+09  0.000000e+00  0.000000e+00  1.871718e-01  1.677778e+02  3.386283e-02  2  2.2000  1.755670e+01  0.000000e+00  0.000000e+00  9.676208e-02 -1.211889e+02  0.000000e+00 
3  3.657079e+01  1.814657e+01  6.840000e+02  1.493919e-01 6 -1.000000e+00  5.092008e+01 1  16.7216  1.063604e-01 -5.340010e-02 -1 -1.0000 -1.000000e+00 -1.000000e+00 -1.000000e+00 -1.000000e+00 -1.000000e+00 -1.000000e+00 -1 -1.0000 -1.000000e+00 -1.000000e+00 -1.000000e+00 -1.000000e+00 -1.000000e+00 -1.000000e+00  0  2.6750  4.976554e+11  0.000000e+00  0.000000e+00  1.182495e-01  1.038723e+02  3.606507e+00  1  2.6750  4.888322e+09  0.000000e+00  0.000000e+00  2.519620e-01  7.072062e+01  3.592064e-02  2  2.6750  1.672160e+01  0.000000e+00  0.000000e+00  1.705014e-01 -5.375548e+01  0.000000e+00 
3  4.880381e+01  1.903429e+01  4.404000e+03  7.725706e-01 6 -1.000000e+00  8.549542e+01 2  12.0736 -6.222079e-01  5.742331e-01 -1 -1.0000 -1.000000e+00 -1.000000e+00 -1.000000e+00 -1.000000e+00 -1.000000e+00 -1.000000e+00 -1 -1.0000 -1.000000e+00 -1.000000e+00 -1.000000e+00 -1.000000e+00 -1.000000e+00 -1.000000e+00  0  1.4480  4.361794e+12  0.000000e+00  0.000000e+00  4.571948e-01 -7.003576e-01  5.084995e+00  1  1.4480  1.167733e+11  0.000000e+00  0.000000e+00  3.014360e-01 -1.408592e+01  9.486722e-02  2  1.4480  1.207360e+01  0.000000e+00  0.000000e+00  2.233961e-01  7.248962e+01  0.000000e+00 
3  3.007421e+01  3.240052e+01  8.327000e+03  1.454428e-01 6 -1.000000e+00  4.020620e+01 1  14.9544  4.769215e-02  1.557217e-02 -1 -1.0000 -1.000000e+00 -1.000000e+00 -1.000000e+00 -1.000000e+00 -1.000000e+00 -1.000000e+00 -1 -1.0000 -1.000000e+00 -1.000000e+00 -1.000000e+00 -1.000000e+00 -1.000000e+00 -1.000000e+00  0  2.4640  5.784451e+11  0.000000e+00  0.000000e+00  5.406859e-01  1.458031e+02  2.679960e+00  1  2.4640  6.135048e+09  0.000000e+00  0.000000e+00  2.497742e-01  1.476078e+02  1.115514e-02  2  2.4640  1.495440e+01  0.000000e+00  0.000000e+00  1.978935e-01 -1.633167e+02  0.000000e+00 
1  4.488345e+01  8.641312e+01  6.264000e+03  4.870207e-02 0  2.995476e-01  8.641312e+01 2  10.1187  7.288377e-02  1.281512e-01  0  1.3730  2.079803e+10  0.000000e+00  0.000000e+00  3.224081e-01 -2.461906e+01  2.632091e+01  1  1.3730  3.023402e+07  0.000000e+00  0.000000e+00  5.789305e-01 -2.652949e+01  3.842367e-02  2  1.3730  5.678624e+11  3.184102e-01  6.043758e-01  1.689930e-01  4.310346e+01  6.272171e+00  3  1.3730  1.367330e+10  3.184102e-01  6.043758e-01  1.101838e-01  1.192222e+02  8.007664e-02  4  1.3730  1.011870e+01  0.000000e+00  0.000000e+00  9.371372e-02  1.681900e+02  0.000000e+00 
3  2.406553e+01  2.474754e+01  6.412000e+03  5.838129e-01 6 -1.000000e+00  4.505908e+01 3   7.1868  1.781452e-01  7.826933e-02 -1 -1.0000 -1.000000e+00 -1.000000e+00 -1.000000e+00 -1.000000e+00 -1.000000e+00 -1.000000e+00 -1 -1.0000 -1.000000e+00 -1.000000e+00 -1.000000e+00 -1.000000e+00 -1.000000e+00 -1.000000e+00  0  1.5110  6.816041e+12  0.000000e+00  0.000000e+00  2.683939e-01  1.054706e+02  3.891864e+00  1  1.5110  7.507926e+10  0.000000e+00  0.000000e+00  5.696025e-01  1.424057e+02  1.270489e-01  2  1.5110  7.186810e+00  0.000000e+00  0.000000e+00  1.421654e-01  7.362591e+01  0.000000e+00 
2  3.376408e+01  5.294867e-01  2.781000e+03  3.168113e+00 6 -1.000000e+00  5.882644e+01 2  17.7851  3.265821e+00  4.038301e+00 -1 -1.0000 -1.000000e+00 -1.000000e+00 -1.000000e+00 -1.000000e+00 -1.000000e+00 -1.000000e+00 -1 -1.0000 -1.000000e+00 -1.000000e+00 -1.000000e+00 -1.000000e+00 -1.000000e+00 -1.000000e+00  0  2.0920  4.328668e+13  0.000000e+00  0.000000e+00  5.452468e-01 -3.362557e+01  4.797310e+00  1  2.0920  1.540338e+11  0.000000e+00  0.000000e+00  2.659803e-01 -2.576422e+01  2.048462e-02  2  2.0920  1.778510e+01  0.000000e+00  0.000000e+00  4.158921e-02  1.711278e+02  0.000000e+00 
1  2.415321e+01  4.980455e+01  8.865000e+03  2.014190e-02 0 -1.000000e+00  4.980455e+01 2  14.0596  1.859804e-02 -1.365840e-03 -1 -1.0000 -1.000000e+00 -1.000000e+00 -1.000000e+00 -1.000000e+00 -1.000000e+00 -1.000000e+00 -1 -1.0000 -1.000000e+00 -1.000000e+00 -1.000000e+00 -1.000000e+00 -1.000000e+00 -1.000000e+00  0  1.0620  1.241247e+11  0.000000e+00  0.000000e+00  3.390686e-01 -1.010934e+02  5.826862e+00  1  1.0620  5.556981e+08  0.000000e+00  0.000000e+00  2.613660e-01 -1.603602e+01  6.293364e-02  2  1.0620  1.405960e+01  0.000000e+00  0.000000e+00  1.273089e-01 -7.322053e+01  0.000000e+00 
5  2.680285e+01  5.803178e+01  8.086000e+03  1.781982e+00 6 -1.000000e+00  7.327658e+01 3  15.3467  1.286981e+00 -5.695204e-01 -1 -1.0000 -1.000000e+00 -1.000000e+00 -1.000000e+00 -1.000000e+00 -1.000000e+00 -1.000000e+00 -1 -1.0000 -1.000000e+00 -1.000000e+00 -1.000000e+00 -1.000000e+00 -1.000000e+00 -1.000000e+00  0  1.7220  1.664470e+13  0.000000e+00  0.000000e+00  3.328110e-02 -1.563671e+02  5.069715e+00  1  1.7220  1.182608e+11  0.000000e+00  0.000000e+00  1.727844e-01 -1.554737e+02  8.325290e-02  2  1.7220  1.534670e+01  0.000000e+00  0.000000e+00  3.351288e-01  6.801373e+01  0.000000e+00 
1  8.434156e+01  2.192164e+02  8.613000e+03  3.042649e+00 0 -1.000000e+00  2.192164e+02 2   8.8123  2.553714e+00 -2.834573e-01 -1 -1.0000 -1.000000e+00 -1.000000e+00 -1.000000e+00 -1.000000e+00 -1.000000e+00 -1.000000e+00 -1 -1.0000 -1.000000e+00 -1.000000e+00 -1.000000e+00 -1.000000e+00 -1.000000e+00 -1.000000e+00  0  0.2360  8.126671e+13  0.000000e+00  0.000000e+00  6.194587e-01 -1.247480e+02  8.106677e+00  1  0.2360  3.003807e+11  0.000000e+00  0.000000e+00  4.673936e-01 -1.892798e+02  1.046423e+00  2  0.2360  8.812280e+00  0.000000e+00  0.000000e+00  2.361864e-01 -4.918132e+01  0.000000e+00 
3  7.600460e+00  1.061147e+01  2.900000e+03  1.015379e+00 6 -1.000000e+00  1.375074e+01 3  17.1337  2.414878e-02 -1.936150e-01 -1 -1.0000 -1.000000e+00 -1.000000e+00 -1.000000e+00 -1.000000e+00 -1.000000e+00 -1.000000e+00 -1 -1.0000 -1.000000e+00 -1.000000e+00 -1.000000e+00 -1.000000e+00 -1.000000e+00 -1.000000e+00  0  0.9980  2.202328e+12  0.000000e+00  0.000000e+00  2.610128e-01  9.622054e+01  8.894513e+00  1  0.9980  7.038611e+10  0.000000e+00  0.000000e+00  3.414085e-01  1.048438e+02  8.341205e-02  2  0.9980  1.713370e+01  0.000000e+00  0.000000e+00  1.479534e-01  3.296273e+01  0.000000e+00 
3  1.821757e+02  2.499422e+02  4.807000e+03  3.712604e-01 6 -1.000000e+00  2.859231e+02 1  18.0029 -8.875180e-02  7.374738e-02 -1 -1.0000 -1.000000e+00 -1.000000e+00 -1.000000e+00 -1.000000e+00 -1.000000e+00 -1.000000e+00 -1 -1.0000 -1.000000e+00 -1.000000e+00 -1.000000e+00 -1.000000e+00 -1.000000e+00 -1.000000e+00  0  1.0110  1.570914e+12  0.000000e+00  0.000000e+00  3.814601e-01 -1.422190e+01  3.291936e+00  1  1.0110  7.502997e+10  0.000000e+00  0.000000e+00  7.198796e-01 -1.326067e+01  3.765811e-02  2  1.0110  1.800290e+01  0.000000e+00  0.000000e+00  3.203930e-02 -1.605314e+02  0.000000e+00 
2  2.615022e+01  2.889131e+00  8.330000e+02  1.326393e+00 6 -1.000000e+00  4.680350e+01 2  18.0120 -7.128825e-03 -1.736074e+00 -1 -1.0000 -1.000000e+00 -1.000000e+00 -1.000000e+00 -1.000000e+00 -1.000000e+00 -1.000000e+00 -1 -1.0000 -1.000000e+00 -1.000000e+00 -1.000000e+00 -1.000000e+00 -1.000000e+00 -1.000000e+00  0  1.4420  4.155929e+12  0.000000e+00  0.000000e+00  3.220416e-01 -4.255638e+01  1.103941e+01  1  1.4420  7.737963e+10  0.000000e+00  0.000000e+00  1.322048e-01  4.194333e+00  2.092093e-02  2  1.4420  1.801200e+01  0.000000e+00  0.000000e+00  3.393991e-01 -1.641550e+02  0.000000e+00 
3  1.817820e+01  3.938381e+00  9.240000e+02  8.186004e-01 6 -1.000000e+00  3.605185e+01 2  11.9356 -5.147509e-01 -8.093298e-01 -1 -1.0000 -1.000000e+00 -1.000000e+00 -1.000000e+00 -1.000000e+00 -1.000000e+00 -1.000000e+00 -1 -1.0000 -1.000000e+00 -1.000000e+00 -1.000000e+00 -1.000000e+00 -1.000000e+00 -1.000000e+00  0  1.6500  5.615370e+12  0.000000e+00  0.000000e+00  2.335427e-01  1.217069e+02  3.246211e+00  1  1.6500  9.147700e+10  0.000000e+00  0.000000e+00  1.284742e-01  9.757454e+01  6.022348e-02  2  1.6500  1.193560e+01  0.000000e+00  0.000000e+00  2.226683e-01  1.473928e+02  0.000000e+00 
1  2.051073e+01  3.574264e+01  7.739000e+03  2.463639e+00 0 -1.000000e+00  3.574264e+01 2  13.6873 -1.886887e+00 -8.739518e-01 -1 -1.0000 -1.000000e+00 -1.000000e+00 -1.000000e+00 -1.000000e+00 -1.000000e+00 -1.000000e+00 -1 -1.0000 -1.000000e+00 -1.000000e+00 -1.000000e+00 -1.000000e+00 -1.000000e+00 -1.000000e+00  0  0.3720  1.537924e+13  0.000000e+00  0.000000e+00  3.871300e-01  1.290259e+02  1.208000e+01  1  0.3720  2.010365e+11  0.000000e+00  0.000000e+00  2.587674e-01  1.379627e+02  5.973030e-01  2  0.3720  1.368730e+01  0.000000e+00  0.000000e+00  1.141107e-01  4.234147e+01  0.000000e+00 
3  3.087411e+01  2.101570e+01  4.629000e+03  6.658325e-01 6 -1.000000e+00  4.267145e+01 1  11.9281 -5.383969e-01 -2.574365e-01 -1 -1.0000 -1.000000e+00 -1.000000e+00 -1.000000e+00 -1.000000e+00 -1.000000e+00 -1.000000e+00 -1 -1.0000 -1.000000e+00 -1.000000e+00 -1.000000e+00 -1.000000e+00 -1.000000e+00 -1.000000e+00  0  0.3770  1.871869e+12  0.000000e+00  0.000000e+00  1.175402e-01  1.714309e+02  9.222593e+00  1  0.3770  5.853327e+10  0.000000e+00  0.000000e+00  4.240104e-01  1.818976e+02  8.737083e-02  2  0.3770  1.192810e+01  0.000000e+00  0.000000e+00  1.453166e-02  1.737090e+02  0.000000e+00 
1  4.900493e+01  8.754282e+01  6.640000e+02  7.253637e+00 0 -1.000000e+00  8.754282e+01 2  10.6621  1.000678e+01 -1.167914e+01 -1 -1.0000 -1.000000e+00 -1.000000e+00 -1.000000e+00 -1.000000e+00 -1.000000e+00 -1.000000e+00 -1 -1.0000 -1.000000e+00 -1.000000e+00 -1.000000e+00 -1.000000e+00 -1.000000e+00 -1.000000e+00  0  1.2360  1.844783e+14  0.000000e+00  0.000000e+00  5.677867e-01  2.470751e+01  5.188151e+00  1  1.2360  3.535954e+11  0.000000e+00  0.000000e+00  1.017400e-01  2.790236e+01  1.973379e-01  2  1.2360  1.066210e+01  0.000000e+00  0.000000e+00  2.393034e-01  6.382878e+01  0.000000e+00 
3  2.430332e+01  3.507850e+01  4.026000e+03  1.630935e-01 6  2.820713e-01  3.591631e+01 1  11.2102 -1.054890e-01 -1.980388e-01  0  1.2440  3.254476e+11  0.000000e+00  0.000000e+00  2.304542e-01 -2.533412e+01  8.578846e+00  1  1.2440  7.013136e+09  0.000000e+00  0.000000e+00  4.756058e-01  2.036619e+01  3.658005e-02  2  1.2440  1.498012e+12 -2.479783e+01 -2.067930e+01  7.061368e-01 -5.898718e+01  5.094502e+00  3  1.2440  3.422068e+10 -2.479783e+01 -2.067930e+01  2.229308e-01 -4.405462e+01  6.338100e-02  4  1.2440  1.121020e+01  0.000000e+00  0.000000e+00  1.031715e-01 -1.813483e+01  0.000000e+00 
3  4.146961e+01  2.817547e+01  4.608000e+03  6.976271e-01 6 -1.000000e+00  6.120258e+01 1  13.6922  2.426729e-01  3.573214e-01 -1 -1.0000 -1.000000e+00 -1.000000e+00 -1.000000e+00 -1.000000e+00 -1.000000e+00 -1.000000e+00 -1 -1.0000 -1.000000e+00 -1.000000e+00 -1.000000e+00 -1.000000e+00 -1.000000e+00 -1.000000e+00  0  1.4400  2.768685e+12  0.000000e+00  0.000000e+00  3.690307e-01  1.472054e+02  4.427699e+00  1  1.4400  5.881644e+10  0.000000e+00  0.000000e+00  5.099067e-01  1.110556e+02  8.245972e-02  2  1.4400  1.369220e+01  0.000000e+00  0.000000e+00  2.084867e-01 -1.343293e+02  0.000000e+00 
3  1.313056e+01  7.005840e+00  7.565000e+03  5.976289e-01 6 -1.000000e+00  1.701599e+01 1  15.9274  4.738209e-01 -1.773038e-01 -1 -1.0000 -1.000000e+00 -1.000000e+00 -1.000000e+00 -1.000000e+00 -1.000000e+00 -1.000000e+00 -1 -1.0000 -1.000000e+00 -1.000000e+00 -1.000000e+00 -1.000000e+00 -1.000000e+00 -1.000000e+00  0  1.8820  2.155385e+12  0.000000e+00  0.000000e+00  3.570115e-01  1.260588e+02  3.437112e+00  1  1.8820  5.587872e+10  0.000000e+00  0.000000e+00  5.055079e-01  1.151103e+02  7.463276e-02  2  1.8820  1.592740e+01  0.000000e+00  0.000000e+00  2.423642e-01  7.414080e+00  0.000000e+00 
2  2.985071e+02  2.230768e+02  3.671000e+03  4.840150e-01 6 -1.000000e+00  6.022843e+02 3  13.0441 -9.233969e-02 -2.411233e-01 -1 -1.0000 -1.000000e+00 -1.000000e+00 -1.000000e+00 -1.000000e+00 -1.000000e+00 -1.000000e+00 -1 -1.0000 -1.000000e+00 -1.000000e+00 -1.000000e+00 -1.000000e+00 -1.000000e+00 -1.000000e+00  0  2.2810  1.879991e+12  0.000000e+00  0.000000e+00  1.097191e-01  1.530310e+02  4.311052e+00  1  2.2810  4.418843e+10  0.000000e+00  0.000000e+00  1.167871e-01  1.753335e+02  2.354047e-02  2  2.2810  1.304410e+01  0.000000e+00  0.000000e+00  4.026143e-02  1.576212e+02  0.000000e+00 
3  1.313056e+01  1.073226e+01  7.565000e+03  9.452991e-01 6 -1.000000e+00  2.830157e+01 3  15.9274  3.682198e-01 -7.546182e-02 -1 -1.0000 -1.000000e+00 -1.000000e+00 -1.000000e+00 -1.000000e+00 -1.000000e+00 -1.000000e+00 -1 -1.0000 -1.000000e+00 -1.000000e+00 -1.000000e+00 -1.000000e+00 -1.000000e+00 -1.000000e+00  0  0.7280  5.271670e+12  0.000000e+00  0.000000e+00  3.732010e-01 -8.839907e+01  5.653560e+00  1  0.7280  7.056599e+10  0.000000e+00  0.000000e+00  2.460403e-01 -1.126634e+02  1.302515e-01  2  0.7280  1.592740e+01  0.000000e+00  0.000000e+00  3.643879e-02 -7.324523e+00  0.000000e+00 
3  1.092727e+02  2.148166e+02  6.220000e+03  1.467444e+00 6  2.769405e-01  2.634358e+02 3  15.5323  1.515240e+00  5.873358e+00  0  1.1010  6.236294e+12  0.000000e+00  0.000000e+00  3.734127e-01  8.511389e+01  6.904377e+00  1  1.1010  1.055990e+11  0.000000e+00  0.000000e+00  3.350026e-01  9.395521e+01  1.008582e-01  2  1.1010  6.359048e+13  5.914318e+00  3.014997e+01  3.792836e-01 -1.164322e+02  3.902963e+00  3  1.1010  3.238332e+11  5.914318e+00  3.014997e+01  2.807776e-01 -1.571961e+02  1.669201e-01  4  1.1010  1.553230e+01  0.000000e+00  0.000000e+00  1.524298e-02  8.066657e+01  0.000000e+00 
3  3.773157e+01  3.942614e+01  5.480000e+03  7.094548e-01 6  2.763661e-01  5.352193e+01 1   9.3309  7.311511e-01 -8.502579e-01  0  1.2900  1.634189e+12  0.000000e+00  0.000000e+00  3.752696e-01 -1.561018e+02  8.240522e+00  1  1.2900  6.967022e+10  0.000000e+00  0.000000e+00  2.508297e-01 -1.319469e+02  6.880909e-02  2  1.2900  4.728339e+12  7.765366e+00 -1.507986e+01  1.502083e-01 -7.822023e+01  3.164908e+00  3  1.2900  6.155778e+10  7.765366e+00 -1.507986e+01  3.430478e-01 -5.058889e+01  1.831385e-02  4  1.2900  9.330910e+00  0.000000e+00  0.000000e+00  4.127618e-02 -1.529804e+01  0.000000e+00 
3  4.196456e+01  2.410853e+01  6.535000e+03  2.053706e-01 6 -1.000000e+00  5.913633e+01 1  18.6840 -3.249961e-02  1.741154e-01 -1 -1.0000 -1.000000e+00 -1.000000e+00 -1.000000e+00 -1.000000e+00 -1.000000e+00 -1.000000e+00 -1 -1.0000 -1.000000e+00 -1.000000e+00 -1.000000e+00 -1.000000e+00 -1.000000e+00 -1.000000e+00  0  1.6250  5.513899e+11  0.000000e+00  0.000000e+00  1.506457e-01  1.498073e+02  5.182275e+00  1  1.6250  8.835537e+09  0.000000e+00  0.000000e+00  5.680444e-01  1.243038e+02  5.070650e-02  2  1.6250  1.868400e+01  0.000000e+00  0.000000e+00  6.759686e-02  1.304607e+02  0.000000e+00 
3  2.966500e+00  2.567606e+00  8.700000e+01  1.876617e+00 6  2.796102e-01  4.432525e+00 1  13.8695  2.860179e+00  4.001239e+00  0  1.0930  4.627257e+12  0.000000e+00  0.000000e+00  1.746049e-01  1.288458e+02  1.259481e+01  1  1.0930  7.922971e+10  0.000000e+00  0.000000e+00  3.115238e-01  6.757610e+01  7.247890e-02  2  1.0930  4.906928e+13  7.963603e+00  7.143762e+00  4.867264e-01  5.510868e+01  3.643426e+00  3  1.0930  1.968591e+11  7.963603e+00  7.143762e+00  4.431087e-01  1.001919e+02  2.007990e-01  4  1.0930  1.386950e+01  0.000000e+00  0.000000e+00  2.520384e-01 -3.964673e+01  0.000000e+00 
1  5.611007e+01  1.141548e+02  6.539000e+03  4.748880e-01 0  2.768693e-01  1.141548e+02 2  10.6636  1.463986e+00  7.430821e-01  0  1.6380  8.685444e+11  0.000000e+00  0.000000e+00  3.286578e-01 -1.713772e+02  7.457516e+00  1  1.6380  3.041887e+10  0.000000e+00  0.000000e+00  5.337186e-01 -1.765276e+02  6.383687e-02  2  1.6380  7.217661e+12  3.199167e+00  1.332897e+00  2.403824e-01 -7.255543e+00  3.371211e+00  3  1.6380  1.038556e+11  3.199167e+00  1.332897e+00  5.336329e-01  9.763891e-01  6.022273e-02  4  1.6380  1.066360e+01  0.000000e+00  0.000000e+00  1.058159e-01  1.549806e+02  0.000000e+00 
2  5.937081e+01  2.687634e+01  9.470000e+02  7.704829e-01 6  2.702064e-01  1.127472e+02 2  18.8916 -5.662613e-01  1.262349e-01  0  2.4850  1.590068e+12  0.000000e+00  0.000000e+00  2.622107e-01 -5.731859e+01  7.798243e+00  1  2.4850  4.790734e+10  0.000000e+00  0.000000e+00  3.781459e-01 -5.451756e+01  2.026261e-02  2  2.4850  3.558324e+12 -5.113002e+00 -2.610737e-01  3.575939e-01  2.830870e+00  4.924292e+00  3  2.4850  7.479332e+10 -5.113002e+00 -2.610737e-01  3.969138e-01  4.956921e+01  3.772544e-02  4  2.4850  1.889160e+01  0.000000e+00  0.000000e+00  9.042970e-02  7.637727e+01  0.000000e+00 
2  1.508003e+01  9.506003e+00  7.367000e+03  1.349011e+00 6 -1.000000e+00  4.482626e+01 2   7.9970 -5.235866e-01  1.759094e-01 -1 -1.0000 -1.000000e+00 -1.000000e+00 -1.000000e+00 -1.000000e+00 -1.000000e+00 -1.000000e+00 -1 -1.0000 -1.000000e+00 -1.000000e+00 -1.000000e+00 -1.000000e+00 -1.000000e+00 -1.000000e+00  0  2.9250  1.540986e+13  0.000000e+00  0.000000e+00  1.355189e-01  9.292168e+01  4.843669e+00  1  2.9250  8.083262e+10  0.000000e+00  0.000000e+00  1.985100e-01  1.134793e+02  2.817218e-02  2  2.9250  7.996960e+00  0.000000e+00  0.000000e+00  1.427702e-01 -1.226078e+02  0.000000e+00 
1  2.050547e+01  3.612722e+01  5.770000e+03  2.778404e+00 0 -1.000000e+00  3.612722e+01 2   8.4209  1.046511e+00 -9.598254e-01 -1 -1.0000 -1.000000e+00 -1.000000e+00 -1.000000e+00 -1.000000e+00 -1.000000e+00 -1.000000e+00 -1 -1.0000 -1.000000e+00 -1.000000e+00 -1.000000e+00 -1.000000e+00 -1.000000e+00 -1.000000e+00  0  0.3000  7.786866e+12  0.000000e+00  0.000000e+00  2.697937e-01 -1.177415e+02  2.250105e+01  1  0.3000  9.893527e+10  0.000000e+00  0.000000e+00  4.571924e-01 -6.699117e+01  3.863000e-01  2  0.3000  8.420920e+00  0.000000e+00  0.000000e+00  2.129628e-01 -1.529755e+02  0.000000e+00 
3  1.239436e+02  1.140881e+02  2.570000e+03  1.448272e+00 6  2.864180e-01  2.231819e+02 3  13.0437 -3.120201e+00  2.398420e+00  0  0.8930  3.375817e+12  0.000000e+00  0.000000e+00  2.471458e-01 -3.888687e+01  1.097843e+01  1  0.8930  9.824953e+10  0.000000e+00  0.000000e+00  1.284330e-01 -9.966841e+01  9.123138e-02  2  0.8930  4.343391e+13 -1.222713e+01  1.052539e+01  2.167341e-01 -1.247330e+02  3.002299e+00  3  0.8930  2.009439e+11 -1.222713e+01  1.052539e+01  7.179329e-02 -1.236102e+02  8.889917e-02  4  0.8930  1.304370e+01  0.000000e+00  0.000000e+00  1.328464e-01 -1.372751e+02  0.000000e+00 
3  1.377723e+02  1.469556e+02  8.113000e+03  5.962406e-01 6 -1.000000e+00  1.744592e+02 1  14.0569  3.827882e-01  3.033341e-01 -1 -1.0000 -1.000000e+00 -1.000000e+00 -1.000000e+00 -1.000000e+00 -1.000000e+00 -1.000000e+00 -1 -1.0000 -1.000000e+00 -1.000000e+00 -1.000000e+00 -1.000000e+00 -1.000000e+00 -1.000000e+00  0  1.2370  2.054707e+12  0.000000e+00  0.000000e+00  4.910573e-01  4.537676e+01  8.809866e+00  1  1.2370  5.460070e+10  0.000000e+00  0.000000e+00  4.969182e-01  8.342496e+00  8.844952e-02  2  1.2370  1.405690e+01  0.000000e+00  0.000000e+00  1.551654e-01  7.467272e+00  0.000000e+00 
3  1.825754e+02  1.177909e+02  9.295000e+03  3.751594e-01 6 -1.000000e+00  2.403758e+02 1  13.7032 -3.212169e-01  6.043617e-03 -1 -1.0000 -1.000000e+00 -1.000000e+00 -1.000000e+00 -1.000000e+00 -1.000000e+00 -1.000000e+00 -1 -1.0000 -1.000000e+00 -1.000000e+00 -1.000000e+00 -1.000000e+00 -1.000000e+00 -1.000000e+00  0  1.6400  1.416815e+12  0.000000e+00  0.000000e+00  4.424433e-01  1.575891e+02  2.947093e+00  1  1.6400  4.267026e+10  0.000000e+00  0.000000e+00  1.686395e-01  1.733863e+02  8.205720e-02  2  1.6400  1.370320e+01  0.000000e+00  0.000000e+00  2.454736e-02 -6.274022e+01  0.000000e+00 
1  1.637983e+01  2.907038e+01  4.407000e+03  2.246395e+00 0  2.952713e-01  2.907038e+01 2  13.3636  4.781532e+00 -1.274639e+00  0  0.3090  1.028315e+13  0.000000e+00  0.000000e+00  3.573726e-01 -5.192707e+01  1.334944e+01  1  0.3090  1.373246e+11  0.000000e+00  0.000000e+00  4.295270e-01 -5.411511e+01  2.892196e-01  2  0.3090  1.197805e+14  7.262983e+01 -2.749050e-01  3.274507e-01 -7.720445e+01  4.601216e+00  3  0.3090  4.626001e+11  7.262983e+01 -2.749050e-01  3.217809e-01 -1.040364e+02  1.085626e+00  4  0.3090  1.336360e+01  0.000000e+00  0.000000e+00  9.090547e-02 -6.014738e+01  0.000000e+00 
2  8.941579e+01  5.898917e+01  1.460000e+02  1.722536e+00 6 -1.000000e+00  1.452232e+02 1  15.4559  7.624243e-01 -8.526340e-02 -1 -1.0000 -1.000000e+00 -1.000000e+00 -1.000000e+00 -1.000000e+00 -1.000000e+00 -1.000000e+00 -1 -1.0000 -1.000000e+00 -1.000000e+00 -1.000000e+00 -1.000000e+00 -1.000000e+00 -1.000000e+00  0  1.1630  4.861094e+12  0.000000e+00  0.000000e+00  2.444990e-01 -9.891381e+01  1.165404e+01  1  1.1630  8.740092e+10  0.000000e+00  0.000000e+00  2.716659e-01 -1.128466e+02  3.711516e-02  2  1.1630  1.545590e+01  0.000000e+00  0.000000e+00  1.655731e-01  1.218589e+02  0.000000e+00 
3  3.272905e+01  1.345473e+01  4.961000e+03  2.988957e-01 6 -1.000000e+00  7.747228e+01 2   7.6786 -1.157766e-01 -1.881055e-01 -1 -1.0000 -1.000000e+00 -1.000000e+00 -1.000000e+00 -1.000000e+00 -1.000000e+00 -1.000000e+00 -1 -1.0000 -1.000000e+00 -1.000000e+00 -1.000000e+00 -1.000000e+00 -1.000000e+00 -1.000000e+00  0  1.5850  8.299983e+11  0.000000e+00  0.000000e+00  4.475251e-02  1.324942e+02  3.978227e+00  1  1.5850  1.989285e+10  0.000000e+00  0.000000e+00  2.793158e-01  1.195611e+02  3.693422e-02  2  1.5850  7.678560e+00  0.000000e+00  0.000000e+00  2.448625e-01  1.538158e+02  0.000000e+00 
2  2.702996e+01  8.961925e+00  3.960000e+02  9.664488e-01 6 -1.000000e+00  5.277222e+01 2   9.7875  7.658684e-01  1.203385e-01 -1 -1.0000 -1.000000e+00 -1.000000e+00 -1.000000e+00 -1.000000e+00 -1.000000e+00 -1.000000e+00 -1 -1.0000 -1.000000e+00 -1.000000e+00 -1.000000e+00 -1.000000e+00 -1.000000e+00 -1.000000e+00  0  1.7040  6.841341e+12  0.000000e+00  0.000000e+00  3.119374e-01  1.158781e+02  3.900837e+00  1  1.7040  8.948967e+10  0.000000e+00  0.000000e+00  2.729642e-01  1.062253e+02  1.495803e-02  2  1.7040  9.787460e+00  0.000000e+00  0.000000e+00  6.680965e-02  9.101228e+01  0.000000e+00 
3  9.182473e+01  5.278137e+01  8.864000e+03  1.208213e+00 6 -1.000000e+00  1.203439e+02 1  16.7193  6.982168e-01  5.680121e-01 -1 -1.0000 -1.000000e+00 -1.000000e+00 -1.000000e+00 -1.000000e+00 -1.000000e+00 -1.000000e+00 -1 -1.0000 -1.000000e+00 -1.000000e+00 -1.000000e+00 -1.000000e+00 -1.000000e+00 -1.000000e+00  0  0.2860  1.168278e+13  0.000000e+00  0.000000e+00  1.613803e-01  3.975012e+01  3.718911e+00  1  0.2860  9.774946e+10  0.000000e+00  0.000000e+00  1.087510e-01  5.874172e+01  7.735975e-02  2  0.2860  1.671930e+01  0.000000e+00  0.000000e+00  9.078551e-02 -9.572717e+01  0.000000e+00 
5  5.845420e+01  9.937671e+01  3.210000e+03  2.512964e-01 6 -1.000000e+00  1.068855e+02 3  18.4572  1.124440e-02 -5.399516e-02 -1 -1.0000 -1.000000e+00 -1.000000e+00 -1.000000e+00 -1.000000e+00 -1.000000e+00 -1.000000e+00 -1 -1.0000 -1.000000e+00 -1.000000e+00 -1.000000e+00 -1.000000e+00 -1.000000e+00 -1.000000e+00  0  1.2300  6.596781e+11  0.000000e+00  0.000000e+00  4.830761e-01 -1.546843e+02  6.289785e+00  1  1.2300  1.661204e+10  0.000000e+00  0.000000e+00  1.859246e-01 -1.569466e+02  1.134174e-01  2  1.2300  1.845720e+01  0.000000e+00  0.000000e+00  8.171233e-02 -1.674273e+02  0.000000e+00 
3  2.798582e+02  8.628980e+01  4.174000e+03  1.650617e+00 6 -1.000000e+00  5.185231e+02 2  14.1079  1.083946e+00 -6.993804e-01 -1 -1.0000 -1.000000e+00 -1.000000e+00 -1.000000e+00 -1.000000e+00 -1.000000e+00 -1.000000e+00 -1 -1.0000 -1.000000e+00 -1.000000e+00 -1.000000e+00 -1.000000e+00 -1.000000e+00 -1.000000e+00  0  0.9150  2.084263e+13  0.000000e+00  0.000000e+00  3.623820e-01  9.380830e+01  4.070723e+00  1  0.9150  1.348167e+11  0.000000e+00  0.000000e+00  3.788848e-01  1.155008e+02  6.155306e-02  2  0.9150  1.410790e+01  0.000000e+00  0.000000e+00  1.046677e-01  4.996693e+01  0.000000e+00 
3  1.193122e+02  1.807181e+02  7.821000e+03  4.464054e-01 6 -1.000000e+00  1.878773e+02 1  15.3474 -1.628713e-01 -8.072560e-02 -1 -1.0000 -1.000000e+00 -1.000000e+00 -1.000000e+00 -1.000000e+00 -1.000000e+00 -1.000000e+00 -1 -1.0000 -1.000000e+00 -1.000000e+00 -1.000000e+00 -1.000000e+00 -1.000000e+00 -1.000000e+00  0  1.1470  1.262022e+12  0.000000e+00  0.000000e+00  1.470592e-01  9.387431e+00  5.873848e+00  1  1.1470  3.098252e+10  0.000000e+00  0.000000e+00  1.777949e-01  3.954114e+01  5.100147e-02  2  1.1470  1.534740e+01  0.000000e+00  0.000000e+00  6.661657e-02  3.324211e+01  0.000000e+00 
3  2.955946e+01  4.880385e+01  6.020000e+02  8.048707e-02 6 -1.000000e+00  8.504123e+01 3  11.7777  1.178615e-02  1.171488e-02 -1 -1.0000 -1.000000e+00 -1.000000e+00 -1.000000e+00 -1.000000e+00 -1.000000e+00 -1.000000e+00 -1 -1.0000 -1.000000e+00 -1.000000e+00 -1.000000e+00 -1.000000e+00 -1.000000e+00 -1.000000e+00  0  1.9750  3.506083e+11  0.000000e+00  0.000000e+00  1.051883e-01  1.525683e+02  5.542314e+00  1  1.9750  3.362771e+09  0.000000e+00  0.000000e+00  6.094529e-01  1.546087e+02  4.679931e-02  2  1.9750  1.177770e+01  0.000000e+00  0.000000e+00  9.362796e-02 -1.135271e+02  0.000000e+00 
3  1.430586e+01  2.477354e+01  6.437000e+03  1.295214e+00 6 -1.000000e+00  2.512825e+01 3   8.4248  3.651604e-01 -2.080290e-01 -1 -1.0000 -1.000000e+00 -1.000000e+00 -1.000000e+00 -1.000000e+00 -1.000000e+00 -1.000000e+00 -1 -1.0000 -1.000000e+00 -1.000000e+00 -1.000000e+00 -1.000000e+00 -1.000000e+00 -1.000000e+00  0  0.4170  1.034040e+13  0.000000e+00  0.000000e+00  3.358875e-01 -2.439648e+01  1.020793e+01  1  0.4170  1.231733e+11  0.000000e+00  0.000000e+00  2.143267e-01 -5.752749e-01  6.750378e-01  2  0.4170  8.424810e+00  0.000000e+00  0.000000e+00  1.020609e-01  2.444392e+01  0.000000e+00 
5  3.638635e+01  4.466189e+01  3.857000e+03  3.765113e-01 6 -1.000000e+00  7.915698e+01 3  14.7375 -7.962209e-02 -4.958288e-02 -1 -1.0000 -1.000000e+00 -1.000000e+00 -1.000000e+00 -1.000000e+00 -1.000000e+00 -1.000000e+00 -1 -1.0000 -1.000000e+00 -1.000000e+00 -1.000000e+00 -1.000000e+00 -1.000000e+00 -1.000000e+00  0  0.5430  5.853851e+11  0.000000e+00  0.000000e+00  3.945882e-01 -1.016201e+02  4.384993e+00  1  0.5430  2.106948e+10  0.000000e+00  0.000000e+00  2.077391e-01 -1.459402e+02  4.107393e-02  2  0.5430  1.473750e+01  0.000000e+00  0.000000e+00  1.870997e-01  4.118672e+01  0.000000e+00 
3  9.253631e+00  2.842254e+00  4.519000e+03  2.775417e+00 6 -1.000000e+00  1.766091e+01 2  10.7790 -2.200431e+00 -7.755129e-01 -1 -1.0000 -1.000000e+00 -1.000000e+00 -1.000000e+00 -1.000000e+00 -1.000000e+00 -1.000000e+00 -1 -1.0000 -1.000000e+00 -1.000000e+00 -1.000000e+00 -1.000000e+00 -1.000000e+00 -1.000000e+00  0  0.7090  9.261642e+13  0.000000e+00  0.000000e+00  2.827788e-01  2.444557e+00  4.378038e+00  1  0.7090  2.787249e+11  0.000000e+00  0.000000e+00  5.380116e-01 -1.185453e+01  2.429953e-01  2  0.7090  1.077900e+01  0.000000e+00  0.000000e+00  1.244763e-01  1.197659e+02  0.000000e+00 
1  5.087741e+01  9.731975e+01  9.529000e+03  2.126746e+00 0 -1.000000e+00  9.731975e+01 2  16.9253 -8.777119e-01  1.307012e+00 -1 -1.0000 -1.000000e+00 -1.000000e+00 -1.000000e+00 -1.000000e+00 -1.000000e+00 -1.000000e+00 -1 -1.0000 -1.000000e+00 -1.000000e+00 -1.000000e+00 -1.000000e+00 -1.000000e+00 -1.000000e+00  0  0.9050  2.240146e+13  0.000000e+00  0.000000e+00  1.681343e-01 -2.479860e+01  6.937635e+00  1  0.9050  1.264158e+11  0.000000e+00  0.000000e+00  3.740102e-01  4.319236e+00  1.640341e-01  2  0.9050  1.692530e+01  0.000000e+00  0.000000e+00  9.018267e-02  6.023810e+01  0.000000e+00 
1  1.088797e+02  2.033608e+02  4.951000e+03  2.475632e-02 0  2.811164e-01  2.033608e+02 2  10.9993  7.586118e-02  4.181416e-02  0  1.4990  1.322513e+10  0.000000e+00  0.000000e+00  7.234019e-02 -1.219048e+02  2.714791e+01  1  1.4990  1.001724e+07  0.000000e+00  0.000000e+00  1.663787e-01 -1.488885e+02  8.950727e-02  2  1.4990  5.234444e+10  1.165151e+00  1.168283e+00  1.994222e-01 -1.574016e+02  4.795837e+00  3  1.4990  9.109481e+07  1.165151e+00  1.168283e+00  4.620620e-01 -1.551827e+02  5.949998e-02  4  1.4990  1.099930e+01  0.000000e+00  0.000000e+00  1.472281e-01  1.116987e+02  0.000000e+00 
3  1.047423e+02  4.430797e+01  5.882000e+03  5.590017e-01 6 -1.000000e+00  1.370201e+02 1  14.3727 -6.082077e-01 -4.315118e-01 -1 -1.0000 -1.000000e+00 -1.000000e+00 -1.000000e+00 -1.000000e+00 -1.000000e+00 -1.000000e+00 -1 -1.0000 -1.000000e+00 -1.000000e+00 -1.000000e+00 -1.000000e+00 -1.000000e+00 -1.000000e+00  0  1.7040  3.844064e+12  0.000000e+00  0.000000e+00  4.656359e-01 -2.337382e+00  3.663008e+00  1  1.7040  8.804491e+10  0.000000e+00  0.000000e+00  4.404067e-01  3.724694e+00  5.975240e-02  2  1.7040  1.437270e+01  0.000000e+00  0.000000e+00  7.257464e-02 -1.284985e+02  0.000000e+00 
3  2.702996e+01  3.066051e+01  3.960000e+02  3.923657e-01 6 -1.000000e+00  5.269181e+01 3   9.7875  6.196894e-02  1.276753e-01 -1 -1.0000 -1.000000e+00 -1.000000e+00 -1.000000e+00 -1.000000e+00 -1.000000e+00 -1.000000e+00 -1 -1.0000 -1.000000e+00 -1.000000e+00 -1.000000e+00 -1.000000e+00 -1.000000e+00 -1.000000e+00  0  1.9650  8.463662e+11  0.000000e+00  0.000000e+00  5.238708e-02 -6.229592e+01  1.052285e+01  1  1.9650  1.056959e+10  0.000000e+00  0.000000e+00  2.781768e-01 -7.824298e+01  4.325791e-02  2  1.9650  9.787460e+00  0.000000e+00  0.000000e+00  7.112415e-02 -6.363576e+01  0.000000e+00 
3  1.619338e+02  2.547203e+02  8.585000e+03  6.520841e-01 6 -1.000000e+00  2.630289e+02 1  13.8687  1.684933e-01 -1.978872e-01 -1 -1.0000 -1.000000e+00 -1.000000e+00 -1.000000e+00 -1.000000e+00 -1.000000e+00 -1.000000e+00 -1 -1.0000 -1.000000e+00 -1.000000e+00 -1.000000e+00 -1.000000e+00 -1.000000e+00 -1.000000e+00  0  2.8560  1.981357e+12  0.000000e+00  0.000000e+00  2.293739e-01 -7.708425e+01  7.153776e+00  1  2.8560  3.134554e+10  0.000000e+00  0.000000e+00  1.920913e-01 -4.499699e+01  2.685030e-02  2  2.8560  1.386870e+01  0.000000e+00  0.000000e+00  1.164642e-01  1.609089e+02  0.000000e+00 
3  8.337374e+01  1.271651e+02  5.644000e+03  8.746690e-01 6  3.290108e-01  1.596279e+02 3   8.7992 -6.320295e-01  2.688414e+00  0  0.1880  4.933358e+11  0.000000e+00  0.000000e+00  2.494230e-01 -6.943553e+01  4.323184e+01  1  0.1880  2.202067e+10  0.000000e+00  0.000000e+00  3.065903e-01 -6.004449e+01  3.417108e-01  2  0.1880  2.674077e+13 -1.169120e+01  3.865838e+01  1.993845e-01 -1.053769e+02  5.632749e+00  3  0.1880  2.625196e+11 -1.169120e+01  3.865838e+01  1.673491e-01 -1.477014e+01  9.917115e-01  4  0.1880  8.799240e+00  0.000000e+00  0.000000e+00  7.245161e-02 -7.202975e+01  0.000000e+00 
1  3.742175e+01  7.247537e+01  9.400000e+01  6.714417e+00 0 -1.000000e+00  7.247537e+01 2   9.7736 -1.117449e+01 -3.454430e+00 -1 -1.0000 -1.000000e+00 -1.000000e+00 -1.000000e+00 -1.000000e+00 -1.000000e+00 -1.000000e+00 -1 -1.0000 -1.000000e+00 -1.000000e+00 -1.000000e+00 -1.000000e+00 -1.000000e+00 -1.000000e+00  0  0.4890  1.659934e+14  0.000000e+00  0.000000e+00  2.656801e-01 -3.706684e+01  6.142533e+00  1  0.4890  5.311256e+11  0.000000e+00  0.000000e+00  7.933037e-02 -6.872455e-01  8.266022e-01  2  0.4890  9.773620e+00  0.000000e+00  0.000000e+00  2.004935e-01  1.005383e+02  0.000000e+00 
3  1.931578e+02  8.008097e+01  4.259000e+03  5.693451e-01 6 -1.000000e+00  2.383095e+02 1   5.4416  5.000876e-01 -4.914595e-01 -1 -1.0000 -1.000000e+00 -1.000000e+00 -1.000000e+00 -1.000000e+00 -1.000000e+00 -1.000000e+00 -1 -1.0000 -1.000000e+00 -1.000000e+00 -1.000000e+00 -1.000000e+00 -1.000000e+00 -1.000000e+00  0  0.7360  1.419309e+12  0.000000e+00  0.000000e+00  1.717000e-01 -8.307250e+01  7.884169e+00  1  0.7360  5.855823e+10  0.000000e+00  0.000000e+00  3.946667e-01 -3.572437e+01  1.140771e-01  2  0.7360  5.441550e+00  0.000000e+00  0.000000e+00  1.200669e-01 -2.319373e+01  0.000000e+00 
5  2.613252e+01  6.761986e+01  1.882000e+03  8.479972e-01 6 -1.000000e+00  1.024373e+02 3   5.4334  3.614876e-01  2.463335e-02 -1 -1.0000 -1.000000e+00 -1.000000e+00 -1.000000e+00 -1.000000e+00 -1.000000e+00 -1.000000e+00 -1 -1.0000 -1.000000e+00 -1.000000e+00 -1.000000e+00 -1.000000e+00 -1.000000e+00 -1.000000e+00  0  1.1610  1.113726e+13  0.000000e+00  0.000000e+00  3.700130e-01  1.774559e+02  3.760731e+00  1  1.1610  1.705844e+11  0.000000e+00  0.000000e+00  3.612230e-01  1.744952e+02  1.103493e-01  2  1.1610  5.433430e+00  0.000000e+00  0.000000e+00  1.115676e-01 -1.657654e+02  0.000000e+00 
3  7.000393e+01  3.470940e+01  8.586000e+03  2.593690e-01 6 -1.000000e+00  9.809321e+01 1  13.2610 -1.190002e-01 -1.789798e-01 -1 -1.0000 -1.000000e+00 -1.000000e+00 -1.000000e+00 -1.000000e+00 -1.000000e+00 -1.000000e+00 -1 -1.0000 -1.000000e+00 -1.000000e+00 -1.000000e+00 -1.000000e+00 -1.000000e+00 -1.000000e+00  0  2.2720  9.997422e+11  0.000000e+00  0.000000e+00  1.578902e-01 -9.276756e+01  3.171434e+00  1  2.2720  1.400079e+10  0.000000e+00  0.000000e+00  1.486766e-01 -1.190048e+02  2.459642e-02  2  2.2720  1.326100e+01  0.000000e+00  0.000000e+00  6.841304e-02 -7.716787e+01  0.000000e+00 
1  6.584547e+01  1.433303e+02  7.745000e+03  1.922539e+00 0 -1.000000e+00  1.433303e+02 2  10.6536  1.215592e+00  1.337644e+00 -1 -1.0000 -1.000000e+00 -1.000000e+00 -1.000000e+00 -1.000000e+00 -1.000000e+00 -1.000000e+00 -1 -1.0000 -1.000000e+00 -1.000000e+00 -1.000000e+00 -1.000000e+00 -1.000000e+00 -1.000000e+00  0  0.5960  2.791221e+13  0.000000e+00  0.000000e+00  3.305856e-01 -4.872431e+01  6.327918e+00  1  0.5960  1.280442e+11  0.000000e+00  0.000000e+00  1.723575e-01 -4.982722e+01  2.359433e-01  2  0.5960  1.065360e+01  0.000000e+00  0.000000e+00  7.496169e-03  1.059075e+02  0.000000e+00 
1  1.389283e+02  2.471390e+02  5.737000e+03  1.917997e+00 0  2.813600e-01  2.471390e+02 2   8.5325  9.786909e-01  7.624920e+00  0  0.7930  8.158043e+12  0.000000e+00  0.000000e+00  8.432908e-02 -1.521835e+02  1.059211e+01  1  0.7930  1.558891e+11  0.000000e+00  0.000000e+00  2.217626e-01 -1.291576e+02  4.355975e-01  2  0.7930  5.232442e+13  9.427014e+00  2.671896e+01  3.708712e-01  1.344411e+02  7.176421e+00  3  0.7930  2.525168e+11  9.427014e+00  2.671896e+01  1.548249e-01  1.627893e+02  4.929549e-01  4  0.7930  8.532450e+00  0.000000e+00  0.000000e+00  5.630670e-02 -1.635794e+02  0.000000e+00 
1  4.900493e+01  1.046908e+02  6.640000e+02  3.219675e-02 0  2.907904e-01  1.046908e+02 2  10.6621  5.515221e-02  3.128317e-02  0  1.0080  2.148729e+10  0.000000e+00  0.000000e+00  1.337749e-01 -1.554415e+02  2.926371e+01  1  1.0080  1.561801e+07  0.000000e+00  0.000000e+00  5.433377e-01 -1.711364e+02  8.979889e-02  2  1.0080  1.439785e+11  1.067486e+01  4.096379e+00  3.020024e-01 -7.416689e+01  6.767566e+00  3  1.0080  6.526307e+08  1.067486e+01  4.096379e+00  9.011776e-02 -5.053875e+01  2.438941e-01  4  1.0080  1.066210e+01  0.000000e+00  0.000000e+00  8.115704e-02 -1.785746e+02  0.000000e+00 
3  7.064144e+01  1.031659e+02  7.279000e+03  9.048984e-01 6 -1.000000e+00  1.137754e+02 1   7.0905 -4.696319e-01 -2.862732e-01 -1 -1.0000 -1.000000e+00 -1.000000e+00 -1.000000e+00 -1.000000e+00 -1.000000e+00 -1.000000e+00 -1 -1.0000 -1.000000e+00 -1.000000e+00 -1.000000e+00 -1.000000e+00 -1.000000e+00 -1.000000e+00  0  1.4140  1.721927e+13  0.000000e+00  0.000000e+00  5.724791e-01 -1.739806e+02  3.323697e+00  1  1.4140  1.443860e+11  0.000000e+00  0.000000e+00  1.026289e-01 -1.787957e+02  1.978566e-01  2  1.4140  7.090490e+00  0.000000e+00  0.000000e+00  1.715123e-01 -1.229689e+02  0.000000e+00 
3  2.275658e+02  3.348198e+02  3.444000e+03  3.674393e-01 6 -1.000000e+00  3.379089e+02 1   7.2430  1.978160e-01 -8.656875e-02 -1 -1.0000 -1.000000e+00 -1.000000e+00 -1.000000e+00 -1.000000e+00 -1.000000e+00 -1.000000e+00 -1 -1.0000 -1.000000e+00 -1.000000e+00 -1.000000e+00 -1.000000e+00 -1.000000e+00 -1.000000e+00  0  1.5000  1.851047e+12  0.000000e+00  0.000000e+00  2.884647e-01  1.551710e+02  5.292408e+00  1  1.5000  4.829969e+10  0.000000e+00  0.000000e+00  1.962223e-01  1.752093e+02  2.165959e-01  2  1.5000  7.242990e+00  0.000000e+00  0.000000e+00  5.750551e-02 -4.132631e+01  0.000000e+00 
3  1.541086e+02  1.210814e+02  3.380000e+03  5.065799e-01 6 -1.000000e+00  2.602938e+02 1  12.5362 -3.543450e-01  1.009898e-01 -1 -1.0000 -1.000000e+00 -1.000000e+00 -1.000000e+00 -1.000000e+00 -1.000000e+00 -1.000000e+00 -1 -1.0000 -1.000000e+00 -1.000000e+00 -1.000000e+00 -1.000000e+00 -1.000000e+00 -1.000000e+00  0  2.5760  2.927685e+12  0.000000e+00  0.000000e+00  2.623963e-01 -4.954129e+00  4.588086e+00  1  2.5760  5.824364e+10  0.000000e+00  0.000000e+00  4.470812e-01  1.775909e+01  3.822367e-02  2  2.5760  1.253620e+01  0.000000e+00  0.000000e+00  1.265615e-01  9.997880e+01  0.000000e+00 
1  1.185398e+02  2.451871e+02  6.814000e+03  9.867778e-01 0 -1.000000e+00  2.451871e+02 2  12.4632  6.179159e-01 -5.609330e-01 -1 -1.0000 -1.000000e+00 -1.000000e+00 -1.000000e+00 -1.000000e+00 -1.000000e+00 -1.000000e+00 -1 -1.0000 -1.000000e+00 -1.000000e+00 -1.000000e+00 -1.000000e+00 -1.000000e+00 -1.000000e+00  0  0.6430  4.560296e+12  0.000000e+00  0.000000e+00  3.476319e-01 -1.651085e+02  1.206484e+01  1  0.6430  9.022914e+10  0.000000e+00  0.000000e+00  4.378071e-01 -1.794359e+02  4.220096e-01  2  0.6430  1.246320e+01  0.000000e+00  0.000000e+00  1.080771e-01 -1.044044e+02  0.000000e+00 
1  1.717839e+01  4.365761e+01  9.899000e+03  2.686729e+00 0 -1.000000e+00  4.365761e+01 2  13.6931 -3.053848e+00 -2.086355e+00 -1 -1.0000 -1.000000e+00 -1.000000e+00 -1.000000e+00 -1.000000e+00 -1.000000e+00 -1.000000e+00 -1 -1.0000 -1.000000e+00 -1.000000e+00 -1.000000e+00 -1.000000e+00 -1.000000e+00 -1.000000e+00  0  0.7250  5.964974e+13  0.000000e+00  0.000000e+00  5.824371e-01 -3.958272e+01  5.754218e+00  1  0.7250  2.744719e+11  0.000000e+00  0.000000e+00  8.304979e-01 -4.513984e+01  3.988338e-01  2  0.7250  1.369310e+01  0.000000e+00  0.000000e+00  1.845474e-01  6.690461e+01  0.000000e+00 
3  1.899369e+01  8.894632e-01  6.761000e+03  1.414264e+00 6 -1.000000e+00  4.791757e+01 2   9.6990 -1.416049e+00  3.531477e+00 -1 -1.0000 -1.000000e+00 -1.000000e+00 -1.000000e+00 -1.000000e+00 -1.000000e+00 -1.000000e+00 -1 -1.0000 -1.000000e+00 -1.000000e+00 -1.000000e+00 -1.000000e+00 -1.000000e+00 -1.000000e+00  0  0.8430  3.995414e+13  0.000000e+00  0.000000e+00  4.047709e-01  1.780861e+02  3.124902e+00  1  0.8430  1.981139e+11  0.000000e+00  0.000000e+00  2.304673e-01  1.927164e+02  8.086977e-02  2  0.8430  9.698960e+00  0.000000e+00  0.000000e+00  2.974105e-01  3.089433e+01  0.000000e+00 
3  1.157378e+01  7.426248e+00  1.661000e+03  4.284713e-01 6 -1.000000e+00  1.520220e+01 1  15.4590 -3.103689e-01 -9.942838e-02 -1 -1.0000 -1.000000e+00 -1.000000e+00 -1.000000e+00 -1.000000e+00 -1.000000e+00 -1.000000e+00 -1 -1.0000 -1.000000e+00 -1.000000e+00 -1.000000e+00 -1.000000e+00 -1.000000e+00 -1.000000e+00  0  1.1960  9.686646e+11  0.000000e+00  0.000000e+00  2.642877e-01 -1.325070e+02  4.480008e+00  1  1.1960  3.871600e+10  0.000000e+00  0.000000e+00  2.087343e-01 -1.545463e+02  4.735881e-02  2  1.1960  1.545900e+01  0.000000e+00  0.000000e+00  8.130484e-02  6.296231e+01  0.000000e+00 
1  6.050078e+01  1.185032e+02  7.380000e+02  7.373704e-02 0 -1.000000e+00  1.185032e+02 2  16.4304  4.103734e-02  8.905683e-02 -1 -1.0000 -1.000000e+00 -1.000000e+00 -1.000000e+00 -1.000000e+00 -1.000000e+00 -1.000000e+00 -1 -1.0000 -1.000000e+00 -1.000000e+00 -1.000000e+00 -1.000000e+00 -1.000000e+00 -1.000000e+00  0  1.4850  2.788998e+11  0.000000e+00  0.000000e+00  9.566947e-02 -1.444949e+02  6.826435e+00  1  1.4850  2.276912e+09  0.000000e+00  0.000000e+00  1.403991e-01 -1.831160e+02  9.208580e-02  2  1.4850  1.643040e+01  0.000000e+00  0.000000e+00  1.546531e-01  1.467094e+02  0.000000e+00 
3  1.840285e+02  1.427961e+02  1.797000e+03  4.889421e-01 6 -1.000000e+00  3.729258e+02 3  12.7165 -4.036244e-02  2.397270e-01 -1 -1.0000 -1.000000e+00 -1.000000e+00 -1.000000e+00 -1.000000e+00 -1.000000e+00 -1.000000e+00 -1 -1.0000 -1.000000e+00 -1.000000e+00 -1.000000e+00 -1.000000e+00 -1.000000e+00 -1.000000e+00  0  2.7290  1.758677e+12  0.000000e+00  0.000000e+00  1.052007e-01 -1.589800e+02  4.816262e+00  1  2.7290  3.598983e+10  0.000000e+00  0.000000e+00  2.533532e-01 -1.156275e+02  4.045452e-02  2  2.7290  1.271650e+01  0.000000e+00  0.000000e+00  3.572934e-02  1.770445e+02  0.000000e+00 
1  1.670435e+02  3.530060e+02  6.938000e+03  3.242982e+00 0 -1.000000e+00  3.530060e+02 2  15.3471 -2.433125e+00 -9.123170e-01 -1 -1.0000 -1.000000e+00 -1.000000e+00 -1.000000e+00 -1.000000e+00 -1.000000e+00 -1.000000e+00 -1 -1.0000 -1.000000e+00 -1.000000e+00 -1.000000e+00 -1.000000e+00 -1.000000e+00 -1.000000e+00  0  0.4150  7.881411e+13  0.000000e+00  0.000000e+00  3.468610e-01  9.859181e+01  4.943606e+00  1  0.4150  2.468950e+11  0.000000e+00  0.000000e+00  4.408552e-01  1.100219e+02  4.162547e-01  2  0.4150  1.534710e+01  0.000000e+00  0.000000e+00  5.045537e-02  1.771644e+02  0.000000e+00 
3  6.581545e+01  5.864774e+01  6.110000e+03  8.966896e-01 6 -1.000000e+00  1.116022e+02 1  10.2512 -9.832586e-02 -4.196502e-01 -1 -1.0000 -1.000000e+00 -1.000000e+00 -1.000000e+00 -1.000000e+00 -1.000000e+00 -1.000000e+00 -1 -1.0000 -1.000000e+00 -1.000000e+00 -1.000000e+00 -1.000000e+00 -1.000000e+00 -1.000000e+00  0  1.0580  5.215542e+12  0.000000e+00  0.000000e+00  1.961288e-01 -4.267437e+01  6.207462e+00  1  1.0580  7.831742e+10  0.000000e+00  0.000000e+00  3.581694e-01 -4.647546e+01  7.609946e-02  2  1.0580  1.025120e+01  0.000000e+00  0.000000e+00  6.824522e-02  9.997043e+01  0.000000e+00 
3  9.857425e+01  9.325105e+01  1.025000e+03  5.478055e-01 6 -1.000000e+00  1.467661e+02 1  17.4617 -3.518072e-01 -1.353712e-01 -1 -1.0000 -1.000000e+00 -1.000000e+00 -1.000000e+00 -1.000000e+00 -1.000000e+00 -1.000000e+00 -1 -1.0000 -1.000000e+00 -1.000000e+00 -1.000000e+00 -1.000000e+00 -1.000000e+00 -1.000000e+00  0  1.6770  6.372029e+12  0.000000e+00  0.000000e+00  4.021824e-01 -1.453798e+02  2.042023e+00  1  1.6770  7.863369e+10  0.000000e+00  0.000000e+00  3.734347e-01 -1.739329e+02  4.520668e-02  2  1.6770  1.746170e+01  0.000000e+00  0.000000e+00  8.073145e-02 -3.274197e+01  0.000000e+00 
3  8.553069e+00  4.899670e+00  7.682000e+03  2.476756e-01 6 -1.000000e+00  1.064648e+01 1  11.3468 -2.377997e-01  1.955228e-01 -1 -1.0000 -1.000000e+00 -1.000000e+00 -1.000000e+00 -1.000000e+00 -1.000000e+00 -1.000000e+00 -1 -1.0000 -1.000000e+00 -1.000000e+00 -1.000000e+00 -1.000000e+00 -1.000000e+00 -1.000000e+00  0  1.1300  8.407958e+11  0.000000e+00  0.000000e+00  3.931059e-01 -4.412701e+01  6.176541e+00  1  1.1300  2.087906e+10  0.000000e+00  0.000000e+00  5.136014e-01 -7.133837e+00  7.865052e-02  2  1.1300  1.134680e+01  0.000000e+00  0.000000e+00  1.413946e-01  1.690484e+02  0.000000e+00 
3  1.916526e+01  8.667001e+00  1.130000e+02  1.829777e+00 6  2.753250e-01  2.601715e+01 1  15.5293  2.963281e-01  1.720959e+00  0  1.3960  3.058023e+12  0.000000e+00  0.000000e+00  1.802862e-01  5.169489e+00  2.522774e+01  1  1.3960  8.390700e+10  0.000000e+00  0.000000e+00  3.213690e-01  5.774695e+01  5.451066e-02  2  1.3960  2.021032e+13  1.843386e+01  1.444098e+01  3.731440e-01 -1.277362e+02  3.824904e+00  3  1.3960  8.333384e+10  1.843386e+01  1.444098e+01  1.519216e-01 -1.356413e+02  7.067346e-02  4  1.3960  1.552930e+01  0.000000e+00  0.000000e+00  5.321183e-02 -1.036149e+02  0.000000e+00 
3  7.085951e+01  4.829518e+01  3.364000e+03  8.494923e-01 6 -1.000000e+00  2.100703e+02 2  10.2513  1.749397e-01 -4.035071e-01 -1 -1.0000 -1.000000e+00 -1.000000e+00 -1.000000e+00 -1.000000e+00 -1.000000e+00 -1.000000e+00 -1 -1.0000 -1.000000e+00 -1.000000e+00 -1.000000e+00 -1.000000e+00 -1.000000e+00 -1.000000e+00  0  2.1190  2.856233e+12  0.000000e+00  0.000000e+00  1.196806e-01 -3.613597e+01  7.858104e+00  1  2.1190  5.955929e+10  0.000000e+00  0.000000e+00  4.395041e-01 -6.314329e+01  5.552953e-02  2  2.1190  1.025130e+01  0.000000e+00  0.000000e+00  1.710841e-01 -1.529294e+02  0.000000e+00 
5  1.695673e+01  3.904316e+01  5.630000e+02  1.751197e+00 6 -1.000000e+00  4.338519e+01 3  14.1111 -1.304551e-01  2.211925e-01 -1 -1.0000 -1.000000e+00 -1.000000e+00 -1.000000e+00 -1.000000e+00 -1.000000e+00 -1.000000e+00 -1 -1.0000 -1.000000e+00 -1.000000e+00 -1.000000e+00 -1.000000e+00 -1.000000e+00 -1.000000e+00  0  1.0360  1.911639e+13  0.000000e+00  0.000000e+00  2.594574e-01 -1.399573e+02  5.543586e+00  1  1.0360  1.485360e+11  0.000000e+00  0.000000e+00  1.460883e-01 -1.698655e+02  9.014333e-02  2  1.0360  1.411110e+01  0.000000e+00  0.000000e+00  8.646106e-02 -1.754498e+02  0.000000e+00 
1  1.331691e+01  2.424105e+01  2.123000e+03  1.506945e+00 0 -1.000000e+00  2.424105e+01 2  13.1960  1.832250e+00  3.603526e+00 -1 -1.0000 -1.000000e+00 -1.000000e+00 -1.000000e+00 -1.000000e+00 -1.000000e+00 -1.000000e+00 -1 -1.0000 -1.000000e+00 -1.000000e+00 -1.000000e+00 -1.000000e+00 -1.000000e+00 -1.000000e+00  0  1.0650  4.135704e+13  0.000000e+00  0.000000e+00  4.233124e-01  1.746535e+02  3.466873e+00  1  1.0650  1.798108e+11  0.000000e+00  0.000000e+00  4.353352e-01  1.507603e+02  1.694063e-01  2  1.0650  1.319600e+01  0.000000e+00  0.000000e+00  2.037230e-01 -2.786060e+01  0.000000e+00 
3  1.098929e+02  5.732339e+01  3.027000e+03  1.360796e-01 6 -1.000000e+00  1.384016e+02 1   7.1839  2.673033e-03 -1.332164e-01 -1 -1.0000 -1.000000e+00 -1.000000e+00 -1.000000e+00 -1.000000e+00 -1.000000e+00 -1.000000e+00 -1 -1.0000 -1.000000e+00 -1.000000e+00 -1.000000e+00 -1.000000e+00 -1.000000e+00 -1.000000e+00  0  1.4540  4.121568e+11  0.000000e+00  0.000000e+00  4.582452e-01 -1.260664e+02  4.398292e+00  1  1.4540  5.966249e+09  0.000000e+00  0.000000e+00  4.233053e-01 -1.398483e+02  2.615090e-02  2  1.4540  7.183910e+00  0.000000e+00  0.000000e+00  8.728228e-02 -7.616647e+01  0.000000e+00 
2  2.065140e+01  9.735551e+00  5.867000e+03  4.935991e-01 6 -1.000000e+00  2.599008e+01 1  15.5325 -5.063097e-01 -2.964958e-01 -1 -1.0000 -1.000000e+00 -1.000000e+00 -1.000000e+00 -1.000000e+00 -1.000000e+00 -1.000000e+00 -1 -1.0000 -1.000000e+00 -1.000000e+00 -1.000000e+00 -1.000000e+00 -1.000000e+00 -1.000000e+00  0  1.7490  1.555456e+12  0.000000e+00  0.000000e+00  7.418858e-02  1.568196e+02  6.802406e+00  1  1.7490  4.377120e+10  0.000000e+00  0.000000e+00  4.521353e-01  1.886466e+02  2.129457e-02  2  1.7490  1.553250e+01  0.000000e+00  0.000000e+00  2.516526e-01  1.479070e+01  0.000000e+00 
2  5.213643e+01  5.038452e+01  2.206000e+03  7.922538e-01 6 -1.000000e+00  9.835802e+01 3  15.9220 -3.401917e-01 -1.541284e-01 -1 -1.0000 -1.000000e+00 -1.000000e+00 -1.000000e+00 -1.000000e+00 -1.000000e+00 -1.000000e+00 -1 -1.0000 -1.000000e+00 -1.000000e+00 -1.000000e+00 -1.000000e+00 -1.000000e+00 -1.000000e+00  0  1.8250  2.910538e+12  0.000000e+00  0.000000e+00  3.614272e-01 -1.587224e+02  6.000314e+00  1  1.8250  7.275743e+10  0.000000e+00  0.000000e+00  1.117447e-01 -1.186147e+02  3.957956e-02  2  1.8250  1.592200e+01  0.000000e+00  0.000000e+00  1.382810e-01  1.070888e+02  0.000000e+00 
3  3.176811e+01  2.849907e+01  8.531000e+03  9.768265e-01 6 -1.000000e+00  5.145183e+01 1  15.9428 -7.316442e-02  3.611301e-01 -1 -1.0000 -1.000000e+00 -1.000000e+00 -1.000000e+00 -1.000000e+00 -1.000000e+00 -1.000000e+00 -1 -1.0000 -1.000000e+00 -1.000000e+00 -1.000000e+00 -1.000000e+00 -1.000000e+00 -1.000000e+00  0  0.5710  2.425122e+12  0.000000e+00  0.000000e+00  1.883669e-01 -1.379843e+02  8.282736e+00  1  0.5710  9.187434e+10  0.000000e+00  0.000000e+00  5.718125e-02 -1.836449e+02  6.109861e-02  2  0.5710  1.594280e+01  0.000000e+00  0.000000e+00  1.606093e-01  1.518838e+02  0.000000e+00 
1  9.899343e+01  1.751944e+02  7.770000e+02  4.061973e+00 0 -1.000000e+00  1.751944e+02 2  15.9412 -2.850314e+00  8.023584e-01 -1 -1.0000 -1.000000e+00 -1.000000e+00 -1.000000e+00 -1.000000e+00 -1.000000e+00 -1.000000e+00 -1 -1.0000 -1.000000e+00 -1.000000e+00 -1.000000e+00 -1.000000e+00 -1.000000e+00 -1.000000e+00  0  1.0050  5.532835e+13  0.000000e+00  0.000000e+00  3.815211e-01 -1.516070e+02  6.290150e+00  1  1.0050  2.311828e+11  0.000000e+00  0.000000e+00  2.510451e-01 -1.065869e+02  1.670129e-01  2  1.0050  1.594120e+01  0.000000e+00  0.000000e+00  1.178306e-01  8.062379e+01  0.000000e+00 
3  1.961284e+02  2.868152e+02  3.361000e+03  2.374944e+00 6  2.760858e-01  3.708465e+02 3  17.1332  1.757335e+00  2.121704e+00  0  1.0490  5.752243e+12  0.000000e+00  0.000000e+00  2.449202e-01 -1.101867e+02  1.845125e+01  1  1.0490  8.078376e+10  0.000000e+00  0.000000e+00  1.918440e-01 -7.448721e+01  1.842934e-01  2  1.0490  1.669797e+13  2.308955e+01  2.568742e+01  3.555178e-01 -9.866340e+01  4.333153e+00  3  1.0490  1.078963e+11  2.308955e+01  2.568742e+01  4.456307e-01 -4.483140e+01  9.246959e-02  4  1.0490  1.713320e+01  0.000000e+00  0.000000e+00  1.588485e-01 -1.472348e+01  0.000000e+00 
1  2.415321e+01  4.380325e+01  8.865000e+03  2.441703e+00 0 -1.000000e+00  4.380325e+01 2  14.0596  1.615591e+00 -1.148553e+00 -1 -1.0000 -1.000000e+00 -1.000000e+00 -1.000000e+00 -1.000000e+00 -1.000000e+00 -1.000000e+00 -1 -1.0000 -1.000000e+00 -1.000000e+00 -1.000000e+00 -1.000000e+00 -1.000000e+00 -1.000000e+00  0  0.4960  9.286699e+12  0.000000e+00  0.000000e+00  1.180315e-01  9.302944e+01  1.359116e+01  1  0.4960  1.100167e+11  0.000000e+00  0.000000e+00  4.510710e-01  8.343401e+01  1.910010e-01  2  0.4960  1.405960e+01  0.000000e+00  0.000000e+00  1.475591e-01 -1.436532e+02  0.000000e+00 
5  5.312220e+00  7.358555e+00  3.232000e+03  1.692586e+00 6 -1.000000e+00  9.274772e+00 3  12.0839 -2.878687e-02  2.044212e-01 -1 -1.0000 -1.000000e+00 -1.000000e+00 -1.000000e+00 -1.000000e+00 -1.000000e+00 -1.000000e+00 -1 -1.0000 -1.000000e+00 -1.000000e+00 -1.000000e+00 -1.000000e+00 -1.000000e+00 -1.000000e+00  0  0.6140  1.424261e+13  0.000000e+00  0.000000e+00  4.222879e-01 -1.118808e+02  3.437079e+00  1  0.6140  1.771247e+11  0.000000e+00  0.000000e+00  4.233484e-01 -8.435278e+01  1.030951e-01  2  0.6140  1.208390e+01  0.000000e+00  0.000000e+00  1.304466e-01 -1.233949e+02  0.000000e+00 
3  6.703151e+01  2.732676e+01  1.993000e+03  1.676816e+00 6 -1.000000e+00  1.286660e+02 2  18.6560  1.066710e+00 -8.066250e-01 -1 -1.0000 -1.000000e+00 -1.000000e+00 -1.000000e+00 -1.000000e+00 -1.000000e+00 -1.000000e+00 -1 -1.0000 -1.000000e+00 -1.000000e+00 -1.000000e+00 -1.000000e+00 -1.000000e+00 -1.000000e+00  0  0.6890  2.928368e+13  0.000000e+00  0.000000e+00  2.844614e-01  1.623275e+02  5.261767e+00  1  0.6890  1.154494e+11  0.000000e+00  0.000000e+00  7.700178e-02  1.836990e+02  7.022095e-02  2  0.6890  1.865600e+01  0.000000e+00  0.000000e+00  1.483299e-01 -1.045378e+02  0.000000e+00 
2  3.009624e+01  4.386676e+01  9.200000e+03  1.168846e+00 6 -1.000000e+00  4.732256e+01 1  11.9280  1.233028e-01  4.638461e-01 -1 -1.0000 -1.000000e+00 -1.000000e+00 -1.000000e+00 -1.000000e+00 -1.000000e+00 -1.000000e+00 -1 -1.0000 -1.000000e+00 -1.000000e+00 -1.000000e+00 -1.000000e+00 -1.000000e+00 -1.000000e+00  0  1.0060  8.143393e+12  0.000000e+00  0.000000e+00  3.643938e-01 -9.956450e+01  6.294001e+00  1  1.0060  7.775637e+10  0.000000e+00  0.000000e+00  3.295709e-01 -3.650753e+01  4.857378e-02  2  1.0060  1.192800e+01  0.000000e+00  0.000000e+00  1.215570e-01 -9.143520e+01  0.000000e+00 
3  3.232140e+01  1.656719e+01  2.532000e+03  4.775133e-01 6 -1.000000e+00  4.417494e+01 1  17.4646 -4.630240e-01 -1.087373e-01 -1 -1.0000 -1.000000e+00 -1.000000e+00 -1.000000e+00 -1.000000e+00 -1.000000e+00 -1.000000e+00 -1 -1.0000 -1.000000e+00 -1.000000e+00 -1.000000e+00 -1.000000e+00 -1.000000e+00 -1.000000e+00  0  1.6670  1.735227e+12  0.000000e+00  0.000000e+00  4.572478e-01  1.624108e+01  6.017459e+00  1  1.6670  3.980083e+10  0.000000e+00  0.000000e+00  1.928759e-01 -2.267021e+01  8.326590e-02  2  1.6670  1.746460e+01  0.000000e+00  0.000000e+00  9.714262e-02  1.309092e+02  0.000000e+00 
1  1.897183e+01  3.286415e+01  4.178000e+03  9.905900e-02 0 -1.000000e+00  3.286415e+01 2  13.6981 -3.234616e-02  9.332782e-02 -1 -1.0000 -1.000000e+00 -1.000000e+00 -1.000000e+00 -1.000000e+00 -1.000000e+00 -1.000000e+00 -1 -1.0000 -1.000000e+00 -1.000000e+00 -1.000000e+00 -1.000000e+00 -1.000000e+00 -1.000000e+00  0  1.8390  3.708937e+11  0.000000e+00  0.000000e+00  1.180937e-01  1.607813e+02  6.742387e+00  1  1.8390  2.404096e+09  0.000000e+00  0.000000e+00  1.662582e-01  1.970472e+02  5.733391e-02  2  1.8390  1.369810e+01  0.000000e+00  0.000000e+00  3.133940e-02 -1.158725e+02  0.000000e+00 
3  2.297266e+01  1.769545e+01  8.960000e+02  6.197120e-01 6  2.907243e-01  4.497963e+01 3  12.7198  6.700056e-01 -3.139351e-02  0  0.7600  6.667074e+11  0.000000e+00  0.000000e+00  1.130845e-01 -1.464120e+02  2.019858e+01  1  0.7600  1.928693e+10  0.000000e+00  0.000000e+00  1.112300e-01 -9.081408e+01  5.182259e-02  2  0.7600  4.602886e+12  1.425951e+01  6.864492e+00  2.644477e-01 -4.111014e+01  2.383802e+00  3  0.7600  6.781131e+10  1.425951e+01  6.864492e+00  3.532741e-01 -2.889065e+01  9.411692e-02  4  0.7600  1.271980e+01  0.000000e+00  0.000000e+00  7.737864e-02  1.569830e+02  0.000000e+00 
3  1.341139e+01  1.313695e+00  2.207000e+03  7.029058e-01 6 -1.000000e+00  2.442329e+01 2  16.3155 -1.093306e+00  1.128023e+00 -1 -1.0000 -1.000000e+00 -1.000000e+00 -1.000000e+00 -1.000000e+00 -1.000000e+00 -1.000000e+00 -1 -1.0000 -1.000000e+00 -1.000000e+00 -1.000000e+00 -1.000000e+00 -1.000000e+00 -1.000000e+00  0  0.9560  6.643240e+12  0.000000e+00  0.000000e+00  2.143167e-01  3.246744e+00  4.697742e+00  1  0.9560  7.368634e+10  0.000000e+00  0.000000e+00  4.308846e-01  1.650324e+01  5.784068e-02  2  0.9560  1.631550e+01  0.000000e+00  0.000000e+00  2.684739e-01 -1.262152e+02  0.000000e+00 
3  2.009342e+02  2.344655e+02  4.171000e+03  6.487148e-01 6 -1.000000e+00  5.576526e+02 3  11.4808  9.231444e-02 -1.254451e-01 -1 -1.0000 -1.000000e+00 -1.000000e+00 -1.000000e+00 -1.000000e+00 -1.000000e+00 -1.000000e+00 -1 -1.0000 -1.000000e+00 -1.000000e+00 -1.000000e+00 -1.000000e+00 -1.000000e+00 -1.000000e+00  0  1.0080  3.208675e+12  0.000000e+00  0.000000e+00  2.136968e-01  1.699292e+02  3.695571e+00  1  1.0080  9.981992e+10  0.000000e+00  0.000000e+00  4.517356e-01  1.540402e+02  4.455980e-02  2  1.0080  1.148080e+01  0.000000e+00  0.000000e+00  1.368726e-01 -1.282114e+02  0.000000e+00 
3  3.527841e+01  2.167323e+01  1.493000e+03  4.994526e-01 6 -1.000000e+00  5.219109e+01 1   7.1848  1.180291e-01  3.467543e-01 -1 -1.0000 -1.000000e+00 -1.000000e+00 -1.000000e+00 -1.000000e+00 -1.000000e+00 -1.000000e+00 -1 -1.0000 -1.000000e+00 -1.000000e+00 -1.000000e+00 -1.000000e+00 -1.000000e+00 -1.000000e+00  0  1.2550  1.938617e+12  0.000000e+00  0.000000e+00  9.803110e-02  3.758273e+01  5.177323e+00  1  1.2550  5.646496e+10  0.000000e+00  0.000000e+00  2.640593e-01 -2.355605e+01  7.313967e-02  2  1.2550  7.184810e+00  0.000000e+00  0.000000e+00  8.506875e-02 -1.559072e+02  0.000000e+00 
3  1.718523e+02  8.419946e+01  2.716000e+03  5.883821e-01 6 -1.000000e+00  2.327140e+02 1  17.5617  2.702102e-01  2.121213e-01 -1 -1.0000 -1.000000e+00 -1.000000e+00 -1.000000e+00 -1.000000e+00 -1.000000e+00 -1.000000e+00 -1 -1.0000 -1.000000e+00 -1.000000e+00 -1.000000e+00 -1.000000e+00 -1.000000e+00 -1.000000e+00  0  1.3800  1.105877e+12  0.000000e+00  0.000000e+00  1.992321e-01 -5.609411e+01  4.989291e+00  1  1.3800  3.861882e+10  0.000000e+00  0.000000e+00  4.858919e-01 -7.681912e+01  6.490547e-02  2  1.3800  1.756170e+01  0.000000e+00  0.000000e+00  2.865046e-01 -9.747556e+00  0.000000e+00 
3  9.985411e+01  6.363780e+01  3.540000e+02  5.953134e-01 6  2.846912e-01  1.726549e+02 1  15.9422  1.013403e+00  1.749605e+00  0  1.3640  7.775779e+11  0.000000e+00  0.000000e+00  1.318743e-01  6.389661e+01  9.725311e+00  1  1.3640  2.762602e+10  0.000000e+00  0.000000e+00  3.719400e-01  9.853794e+01  3.182443e-02  2  1.3640  1.458589e+13  9.166697e+00  2.401241e+01  1.924422e-01 -1.724373e+01  6.682731e+00  3  1.3640  1.059619e+11  9.166697e+00  2.401241e+01  3.336528e-01  2.873684e+01  5.210616e-02  4  1.3640  1.594220e+01  0.000000e+00  0.000000e+00  1.095621e-01  8.650420e+01  0.000000e+00 
1  9.444877e+01  2.089569e+02  9.313000e+03  3.346521e+00 0 -1.000000e+00  2.089569e+02 2  16.4303 -1.894472e+00  2.590452e+00 -1 -1.0000 -1.000000e+00 -1.000000e+00 -1.000000e+00 -1.000000e+00 -1.000000e+00 -1.000000e+00 -1 -1.0000 -1.000000e+00 -1.000000e+00 -1.000000e+00 -1.000000e+00 -1.000000e+00 -1.000000e+00  0  0.3540  5.864347e+13  0.000000e+00  0.000000e+00  2.974105e-01 -1.535653e+02  8.443952e+00  1  0.3540  2.770995e+11  0.000000e+00  0.000000e+00  2.797958e-01 -1.781691e+02  1.066399e+00  2  0.3540  1.643030e+01  0.000000e+00  0.000000e+00  1.300965e-01  3.031110e+01  0.000000e+00 
3  1.957509e+02  1.076949e+02  7.116000e+03  5.653555e-01 6 -1.000000e+00  2.800975e+02 1  13.8709 -4.311090e-01  1.898548e-01 -1 -1.0000 -1.000000e+00 -1.000000e+00 -1.000000e+00 -1.000000e+00 -1.000000e+00 -1.000000e+00 -1 -1.0000 -1.000000e+00 -1.000000e+00 -1.000000e+00 -1.000000e+00 -1.000000e+00 -1.000000e+00  0  0.7770  1.241388e+12  0.000000e+00  0.000000e+00  3.634740e-01  5.917547e+01  5.874336e+00  1  0.7770  6.218105e+10  0.000000e+00  0.000000e+00  2.449604e-01  2.923942e+01  1.448427e-01  2  0.7770  1.387090e+01  0.000000e+00  0.000000e+00  5.128258e-02  1.688752e+02  0.000000e+00 
3  4.107292e+01  7.888944e+00  4.409000e+03  1.763081e+00 6 -1.000000e+00  7.701698e+01 2  16.1109 -8.680336e-02 -1.390571e+00 -1 -1.0000 -1.000000e+00 -1.000000e+00 -1.000000e+00 -1.000000e+00 -1.000000e+00 -1.000000e+00 -1 -1.0000 -1.000000e+00 -1.000000e+00 -1.000000e+00 -1.000000e+00 -1.000000e+00 -1.000000e+00  0  1.6590  1.379502e+13  0.000000e+00  0.000000e+00  2.002471e-01 -1.197936e+02  5.163290e+00  1  1.6590  9.049888e+10  0.000000e+00  0.000000e+00  3.973523e-01 -1.036244e+02  4.618616e-02  2  1.6590  1.611090e+01  0.000000e+00  0.000000e+00  1.297430e-01  1.614510e+02  0.000000e+00 
