# num_image x_src y_src, sep, ein, fr, zs, fs, flag_out, frac_sh_trunc
# x_img, y_img, mag, delay, n_i, kappa, gamma1, gamma2, kappa*
# zmin, zmax, log10Mhmin, log10Mhmax, log10mshmin, log10mshmax, n_bins: 0.10, 3.00, 10.00, 16.00, 9.00, 16.00, 100
3  1.032346e-01  6.121474e-01  2.681806e+00  9.377580e-01  3.027542e-01  1.258980e+01 6 1 -1.000000e+00
-5.547042e-03 -6.072495e-01 -7.416943e-01  1.431949e+02  5.000000e-01  1.038971e+00  1.161262e+00  3.540626e-02  4.559815e-01
 6.867584e-01  1.983658e+00  2.449824e+00  0.000000e+00  0.000000e+00  3.511452e-01  1.036695e-01 -4.552487e-02  1.488491e-02
-1.429878e-03 -2.420061e-02  1.909429e-03  1.577739e+02  1.000000e+00  2.679413e+01  1.190043e+01  1.424060e-02  2.554253e+01
3  6.537758e-01 -1.056664e+00  4.714647e+00  2.078473e+00  2.297018e-01  1.849500e+01 6 1 -1.000000e+00
 1.498456e+00 -3.580427e+00  2.227924e+00  0.000000e+00  0.000000e+00  3.291138e-01  1.410325e-02  3.226642e-02  3.229180e-03
-5.819386e-01  6.503952e-01 -5.117581e-01  5.416060e+02  5.000000e-01  8.737194e-01  9.846005e-02  1.400107e+00  2.369757e-01
-7.022734e-03  8.819426e-03  1.380682e-04  6.139456e+02  1.000000e+00  8.867319e+01 -3.114771e+00  2.083486e+01  8.717402e+01
3  1.504676e-01 -5.472780e-01  6.488878e-01  3.265349e-01  5.047084e-02  1.411310e+01 6 2  2.772476e-01
-5.934841e-01 -5.061813e-02  3.056030e+00  0.000000e+00  0.000000e+00  3.986844e-01 -1.576539e-01  9.748733e-02  2.384629e-03
 5.354010e-03 -1.516892e-03  1.244233e-03  3.506840e+01  1.000000e+00  3.736785e+01 -1.965981e+01  1.150671e+01  3.482438e+01
 5.465264e-02 -1.940746e-02 -1.542404e-01  3.458524e+01  5.000000e-01  2.559124e+00 -2.069501e+00  2.152074e+00  1.174127e+00
3 -2.242126e-01  1.203138e-01  8.662690e-01  4.421724e-01  2.389663e-01  8.130660e+00 6 1  2.714126e-01
 5.526794e-01 -4.415041e-01  1.675705e+00  0.000000e+00  0.000000e+00  2.122976e-01 -9.826307e-03  1.536711e-01  3.020307e-03
-1.246798e-01  9.850194e-02 -4.004371e-01  9.810935e+01  5.000000e-01  8.310279e-01 -8.654504e-02  1.586926e+00  2.057367e-01
-1.162634e-03  5.869441e-04  2.001586e-05  1.123464e+02  1.000000e+00  2.553934e+02 -9.789819e+01  7.191363e+01  2.530459e+02
1 -5.730493e+00  1.362163e+00  0.000000e+00  1.360242e+00  0.000000e+00  1.341970e+01 0 2 -1.000000e+00
-5.360120e+00  1.503467e+00  3.463675e+00  0.000000e+00  0.000000e+00  2.642420e-01 -4.451856e-01  2.333217e-01  4.621594e-04
1 -1.383693e-02  1.299088e-02  0.000000e+00  8.914854e-03  0.000000e+00  1.136270e+01 0 2 -1.000000e+00
-2.873521e-02  2.118533e-02  3.986877e+00  0.000000e+00  0.000000e+00  4.355489e-01  9.021438e-03  2.601936e-01  5.944318e-04
3 -3.488040e-01  7.881003e-01  1.211980e+00  8.192066e-01  5.451810e-01  5.758090e+00 6 3  2.786035e-01
 2.746116e-01 -5.653522e-01 -1.871869e+00  6.645809e+01  5.000000e-01  6.838234e-01  5.704969e-01  5.556314e-01  4.966581e-03
 1.001462e+00  3.299876e-01  3.433482e+00  3.333668e+01  0.000000e+00  4.482247e-01 -1.108678e-01 -3.024634e-02  1.125841e-03
-1.094887e-01  5.841532e-01 -1.418491e+00  7.364949e+01  5.000000e-01  8.025117e-01  7.837127e-01  3.602365e-01  5.466117e-03
3  1.526304e-02  2.128121e-01  5.472619e-01  2.630716e-01  2.143973e-01  4.656790e+00 6 1 -1.000000e+00
 5.894434e-02  4.116881e-01  1.507647e+00  0.000000e+00  0.000000e+00  1.242400e-01  3.099744e-01 -8.709796e-02  2.487791e-02
 8.286880e-03 -1.332242e-01 -3.232354e-01  1.255272e+01  5.000000e-01  6.467369e-01  1.792284e+00  7.896181e-02  4.984433e-01
 2.721917e-04 -3.692598e-03  5.727725e-04  1.448318e+01  1.000000e+00  4.405209e+01  8.482161e+00  5.970033e+00  4.375575e+01
3 -1.932992e-01  7.467560e-01  2.159157e+00  8.596359e-01  1.127498e-01  1.150830e+01 6 1 -1.000000e+00
-9.533998e-02  1.746000e+00  1.973898e+00  0.000000e+00  0.000000e+00  2.561330e-01  1.981725e-01  8.633724e-02  6.060059e-03
 1.549766e-01 -3.985979e-01 -2.225567e-01  1.621068e+02  5.000000e-01  9.710812e-01  1.553890e+00  1.442047e+00  4.251890e-01
 1.333955e-03 -3.535997e-03  2.482509e-05  1.909679e+02  1.000000e+00  2.199697e+02  5.594262e+01  6.735220e+01  2.183790e+02
3 -1.609035e-01  2.564420e-01  1.087880e+00  3.935366e-01  2.822454e-01  1.179910e+01 6 1 -1.000000e+00
 1.215346e-01 -3.246980e-01 -5.314478e-01  4.930421e+01  5.000000e-01  5.049535e-01  9.627291e-01  1.095388e+00  3.130270e-01
-4.468204e-01  6.029092e-01  1.882928e+00  0.000000e+00  0.000000e+00  1.722429e-01  8.069562e-02  3.841644e-01  2.606122e-02
 8.251159e-04 -2.575121e-03  9.131610e-05  7.014171e+01  1.000000e+00  1.138126e+02  4.155589e+01  6.986945e+00  1.133329e+02
3 -1.464590e-01 -7.947731e-02  5.697792e-01  2.640328e-01  2.700095e-01  8.022040e+00 6 1 -1.000000e+00
-4.001839e-01 -1.182875e-01  2.287752e+00  0.000000e+00  0.000000e+00  2.351136e-01 -2.766327e-01 -2.672363e-01  3.841391e-02
 1.301961e-01  8.990815e-02 -6.177148e-01  1.969176e+01  5.000000e-01  6.996579e-01 -4.255238e-01 -1.236125e+00  3.962433e-01
 4.598735e-03  2.609145e-03  2.020777e-03  2.301537e+01  1.000000e+00  2.361396e+01 -1.746438e+00 -3.671780e+00  2.296531e+01
3 -8.924103e-01  5.303831e-01  2.263000e+00  9.407420e-01  2.400654e-02  1.694690e+01 6 2 -1.000000e+00
-1.525736e+00  1.271450e+00  3.250518e+00  0.000000e+00  0.000000e+00  3.557655e-01 -1.354340e-01  2.984166e-01  1.657759e-03
 2.372769e-01 -1.473358e-01 -7.803368e-02  4.328486e+02  5.000000e-01  1.266305e+00 -1.824483e+00  3.091466e+00  3.878635e-01
 1.590260e-03 -1.241125e-03  5.768536e-06  4.796605e+02  1.000000e+00  4.304184e+02  1.528214e+01  1.039826e+02  4.281505e+02
3  3.935460e-02 -2.387384e-02  1.043163e-01  5.300779e-02  8.802967e-01  9.811710e+00 6 3  2.706746e-01
-8.075427e-03 -3.246217e-02 -7.369496e+00  5.563085e-01  5.000000e-01  9.850027e-01  3.479635e-01 -1.218229e-01  4.459624e-02
 5.832611e-02  4.799115e-02  6.487344e+00  0.000000e+00  0.000000e+00  5.706143e-01 -4.994018e-02 -1.665285e-01  6.473475e-03
-1.495302e-03 -2.514654e-03  2.293426e-01  6.049867e-01  1.000000e+00  3.181134e+00  4.633908e-01 -4.269931e-01  1.253446e+00
1 -1.494198e-01 -4.422225e+00  0.000000e+00  1.396414e+00  0.000000e+00  2.570510e+00 0 2 -1.000000e+00
-4.414537e-01 -5.891684e+00  3.219285e+00  0.000000e+00  0.000000e+00  3.646026e-01  3.045038e-01 -1.947409e-02  2.089648e-04
3 -6.601052e-02 -2.112660e-01  7.744195e-01  3.417326e-01  2.544329e-01  6.612870e+00 6 1 -1.000000e+00
-3.478718e-01 -4.590772e-01  1.734176e+00  0.000000e+00  0.000000e+00  1.958361e-01  1.771747e-01 -1.965860e-01  6.600757e-03
 8.069581e-03  2.286955e-01 -4.412316e-01  4.654353e+01  5.000000e-01  4.375871e-01  1.600652e+00 -1.435428e-01  1.470800e-01
 4.512394e-05  6.222760e-04  1.277297e-05  6.964604e+01  1.000000e+00  2.889620e+02  4.425037e+01  5.170764e+01  2.880702e+02
2 -1.196249e-01 -7.536067e-01  1.764876e+00  9.446903e-01  3.829318e-02  1.643590e+01 6 2 -1.000000e+00
-2.719933e-01 -1.401909e+00  3.765565e+00  0.000000e+00  0.000000e+00  3.268335e-01  4.130210e-01 -1.303935e-01  2.058573e-03
 5.792178e-02  3.318567e-01 -1.441955e-01  3.365190e+02  5.000000e-01  8.516971e-01  2.497699e+00 -8.476589e-01  1.333925e-01
3 -2.102362e-01 -1.146375e-02  5.826946e-01  1.723918e-01  3.115787e-01  3.458420e+00 6 1 -1.000000e+00
-4.552137e-01 -7.795513e-02  1.550577e+00  0.000000e+00  0.000000e+00  1.784928e-01 -1.689809e-01  3.739420e-02  6.568354e-03
 1.187561e-01  2.250204e-02 -4.831268e-01  4.805575e+01  5.000000e-01  5.412904e-01 -1.494977e+00 -2.128570e-01  2.405202e-01
 2.689592e-03  1.075101e-03  4.740687e-04  5.417478e+01  1.000000e+00  4.930240e+01  3.126872e+00 -1.462688e+01  4.862778e+01
1  4.505918e-01  1.062079e-01  0.000000e+00  2.210881e-01  0.000000e+00  1.535300e+01 0 2 -1.000000e+00
 4.758004e-01  2.351293e-01  3.472441e+00  0.000000e+00  0.000000e+00  2.388386e-01 -4.707781e-01 -2.641074e-01  2.076921e-02
3 -3.114974e-02  2.238445e-01  1.081738e+00  4.482498e-01  4.874207e-01  1.180680e+01 6 1 -1.000000e+00
 4.240499e-02 -3.356702e-01 -1.126296e+00  2.241542e+01  5.000000e-01  6.949575e-01  9.735807e-01  1.818188e-01  3.595013e-01
-1.666778e-01  7.256691e-01  2.310726e+00  0.000000e+00  0.000000e+00  2.804317e-01  2.785231e-01  8.624924e-02  5.548650e-02
 1.282589e-03 -7.794669e-03  1.570650e-03  2.819542e+01  1.000000e+00  2.772079e+01  8.184626e+00  3.214586e+00  2.679700e+01
3  1.674621e-01  3.208632e-01  9.477550e-01  4.917061e-01  2.157168e-01  6.438510e+00 6 1 -1.000000e+00
 9.197247e-02  7.789020e-01  1.461353e+00  0.000000e+00  0.000000e+00  1.458487e-01  4.293929e-02 -2.084063e-01  4.113557e-03
-1.252937e-01 -1.436135e-01 -3.152383e-01  3.568003e+01  5.000000e-01  4.650721e-01  2.901507e-01 -1.836890e+00  2.007362e-01
-1.730612e-03 -2.477094e-03  2.630573e-04  4.084150e+01  1.000000e+00  6.405393e+01 -1.180708e+01  5.910784e+00  6.340457e+01
3 -9.024958e-01 -2.022010e-02  3.428513e+00  1.427924e+00  4.784532e-01  1.746420e+01 6 1 -1.000000e+00
 6.369146e-01  1.415379e-02 -1.053186e+00  4.307380e+02  5.000000e-01  1.056121e+00 -9.702645e-01 -1.060014e-01  1.352824e-01
-2.788339e+00  1.636198e-01  2.201231e+00  0.000000e+00  0.000000e+00  2.982510e-01 -1.938987e-01 -2.374150e-02  2.431238e-03
 1.692077e-02 -5.422286e-04  7.444783e-04  4.582852e+02  1.000000e+00  3.920813e+01 -1.061459e+01  1.992296e+00  3.627970e+01
3  8.905657e-01 -1.245612e-01  1.538952e+00  6.827050e-01  3.143189e-01  1.612270e+01 6 1  2.766282e-01
 4.512850e-01 -1.157061e+00  2.552724e+00  0.000000e+00  0.000000e+00  3.418897e-01  1.619738e-01  1.230256e-01  1.400138e-02
-1.173133e-01  2.729975e-01 -8.023695e-01  1.061540e+02  5.000000e-01  1.334822e+00  7.759762e-01  8.696408e-01  4.475341e-01
-1.171776e-02  2.936069e-02  1.161976e-02  1.096769e+02  1.000000e+00  1.200463e+01  4.266740e+00  4.103220e+00  1.000102e+01
3 -6.871501e-01  4.865436e-01  1.572763e+00  6.286358e-01  1.439804e-02  1.376990e+01 6 2 -1.000000e+00
-1.373448e+00  3.333893e-01  3.846482e+00  0.000000e+00  0.000000e+00  3.299008e-01 -2.385124e-01  3.635477e-01  1.041760e-03
 1.331692e-01 -1.179291e-01 -5.538180e-02  3.244325e+02  5.000000e-01  1.540959e+00 -1.099957e+00  4.139952e+00  5.522410e-01
 2.040593e-03 -2.541134e-03  2.710259e-05  3.464070e+02  1.000000e+00  2.055088e+02  5.005118e+01  4.921270e+01  2.031292e+02
3  3.115246e-01 -5.589480e-01  9.109099e-01  3.969072e-01  1.587894e-01  2.701970e+00 6 1  2.755088e-01
 7.510898e-02 -7.318792e-01  1.791206e+00  0.000000e+00  0.000000e+00  2.310803e-01  1.292751e-01  1.274460e-01  9.630287e-03
-5.973969e-02  1.689940e-01 -2.844247e-01  9.189765e+01  5.000000e-01  7.650643e-01  1.430870e+00  1.234373e+00  4.066440e-01
-1.136668e-03  3.689967e-03  2.500215e-04  1.035387e+02  1.000000e+00  6.552034e+01  1.000483e+01  7.944950e+00  6.468208e+01
1 -3.145700e-02  3.403202e-02  0.000000e+00  4.174115e-02  0.000000e+00  1.172420e+01 0 2  2.702187e-01
 3.564608e-02  6.207869e-02  4.701791e+00  0.000000e+00  0.000000e+00  4.647770e-01  9.206971e-02 -2.555423e-01  6.520140e-03
1 -5.456567e-02  6.412936e-02  0.000000e+00  9.656892e-02  0.000000e+00  1.308520e+01 0 2 -1.000000e+00
-1.539452e-01  1.179087e-01  4.319913e+00  0.000000e+00  0.000000e+00  4.463873e-01  5.882433e-02  2.674707e-01  2.037202e-01
3  1.801134e-01 -2.851972e-02  1.020696e+00  7.195227e-01  2.432247e-01  1.613470e+01 6 1 -1.000000e+00
-3.055877e-01  9.395684e-02 -6.084999e-01  2.438186e+01  5.000000e-01  1.306129e+00 -9.981589e-01  8.606856e-01  7.552205e-01
 6.854689e-01  3.381435e-01  2.501801e+00  0.000000e+00  0.000000e+00  3.262865e-01 -1.515296e-01 -1.766822e-01  3.305669e-02
-1.817436e-02  3.850104e-03  7.911558e-03  2.767023e+01  1.000000e+00  1.507213e+01 -7.585922e+00  3.752507e+00  1.378553e+01
2 -7.887529e-01  6.250719e-02  1.743212e+00  7.436229e-01  5.038966e-01  1.278290e+01 6 1  2.784073e-01
-3.951021e-01 -1.185292e+00  2.088057e+00  0.000000e+00  0.000000e+00  2.827888e-01  1.535629e-01 -1.090700e-01  3.520193e-03
 2.085112e-01  4.500802e-01 -1.052165e+00  7.722068e+01  5.000000e-01  5.735450e-01  6.960863e-01 -8.048285e-01  5.920392e-02
3 -1.828965e-01 -7.336519e-03  4.692472e-01  1.951343e-01  1.423139e-01  1.461780e+01 6 1 -1.000000e+00
-3.713266e-01  3.293269e-02  1.576255e+00  0.000000e+00  0.000000e+00  1.849041e-01 -1.712243e-01 -2.546112e-02  8.680180e-03
 8.436110e-04  6.946397e-05  3.171185e-05  1.962071e+01  1.000000e+00  1.830237e+02 -3.809028e+01 -1.215757e+01  1.823311e+02
 9.739763e-02  1.078410e-02 -2.243229e-01  1.622218e+01  5.000000e-01  6.428308e-01 -2.079647e+00 -5.103904e-01  3.535342e-01
3  4.684283e-01  1.167368e+00  4.230197e+00  1.617945e+00  2.113401e-01  1.328540e+01 6 1 -1.000000e+00
 1.543653e+00  3.449288e+00  1.874133e+00  0.000000e+00  0.000000e+00  2.693161e-01  1.133987e-02 -1.378917e-02  2.291663e-03
-1.500376e-01 -4.270471e-01 -3.960794e-01  3.936411e+02  5.000000e-01  1.424189e+00  1.312414e+00 -9.910855e-01  5.776935e-01
-1.557488e-02 -4.112059e-02  3.551070e-03  4.002006e+02  1.000000e+00  1.926771e+01  5.558366e+00 -4.605291e+00  1.772115e+01
3 -9.726516e-02 -9.594475e-02  6.079126e-01  2.795035e-01  3.279994e-01  1.748980e+01 6 1 -1.000000e+00
-3.959061e-01 -2.124718e-01  2.628251e+00  0.000000e+00  0.000000e+00  3.347311e-01 -8.166015e-02 -2.354425e-01  5.144695e-02
 1.042519e-01  1.330708e-01 -8.620648e-01  6.837213e+00  5.000000e-01  8.967792e-01  3.435881e-01 -1.025967e+00  5.011996e-01
 6.286027e-03  6.710398e-03  7.255909e-03  7.716388e+00  1.000000e+00  1.346246e+01  6.118910e-01 -4.137600e+00  1.266730e+01
3 -3.959226e+00  1.695991e+00  3.153749e+01  8.716546e+00  7.822808e-01  6.923410e+00 6 3 -1.000000e+00
 4.067330e+00 -8.932258e+00  9.232309e+00  2.370454e+04  0.000000e+00  6.601870e-01  6.904047e-02 -4.889831e-02  1.452450e-04
 3.301592e-01 -7.612690e+00 -7.222259e+00  2.384071e+04  5.000000e-01  9.400720e-01  2.717952e-01 -2.611121e-01  4.675575e-04
-1.623151e+01  1.520424e+01  1.978085e+00  0.000000e+00  0.000000e+00  2.752483e-01 -1.356550e-01  3.637583e-02  1.078186e-05
2 -1.009023e+00  8.738418e-01  5.653182e+00  3.000916e+00  2.739487e-01  1.546230e+01 6 1 -1.000000e+00
-3.031716e+00  4.064806e+00  2.056856e+00  0.000000e+00  0.000000e+00  2.978790e-01  2.533860e-02  7.843984e-02  1.147869e-04
 5.443203e-01 -3.135998e-01 -5.634729e-01  2.068285e+03  5.000000e-01  1.559498e+00 -9.090731e-01  1.123091e+00  6.363692e-02
2  2.940327e-01 -1.079222e+00  1.814310e-01  5.085281e-01  7.623051e-01  1.614610e+01 6 3  2.963772e-01
-5.218473e-01 -4.650885e-01  8.570700e+00  7.871512e+01  0.000000e+00  5.335025e-01  3.175372e-01 -1.065301e-02  1.116490e-02
-3.406735e-01 -4.747461e-01 -6.533488e+00  7.881293e+01  5.000000e-01  6.222741e-01  5.376165e-01 -8.187123e-02  1.767243e-02
3 -1.858468e-01 -6.479802e-01  1.672034e+00  7.638482e-01  1.212459e-01  1.399770e+01 6 1 -1.000000e+00
-4.128257e-01 -1.349760e+00  1.759818e+00  0.000000e+00  0.000000e+00  2.163030e-01  1.831675e-01 -1.113114e-01  4.386212e-03
 7.027105e-02  2.509637e-01 -2.133708e-01  1.202354e+02  5.000000e-01  1.124376e+00  1.852924e+00 -1.126419e+00  4.157206e-01
 1.920784e-03  6.889994e-03  2.323165e-04  1.288104e+02  1.000000e+00  6.848769e+01  1.371145e+01 -7.881104e+00  6.646221e+01
3 -1.134318e-01 -1.242043e+00  2.717701e+00  1.156967e+00  6.729832e-01  1.535640e+01 6 1  2.739370e-01
 1.526290e+00 -1.627033e+00  2.062491e+00  0.000000e+00  0.000000e+00  2.972825e-01  8.450593e-02 -4.266176e-02  1.291685e-03
-2.321801e-03  6.200188e-01 -1.388022e+00  2.533625e+02  5.000000e-01  8.464554e-01  8.311438e-01 -2.307071e-01  4.623935e-02
-2.490976e-03  6.316227e-03  4.647383e-04  2.873763e+02  1.000000e+00  4.789149e+01  5.005261e+00  4.691542e+00  4.357922e+01
3 -7.226709e-01  6.148808e-01  1.903338e+00  1.047351e+00  5.021057e-04  1.535760e+01 6 2  2.803208e-01
 1.847825e+00  1.276001e-01  1.102892e+01  0.000000e+00  0.000000e+00  4.122015e-01 -5.046789e-01  1.163911e-02  1.302529e-03
-5.107528e-02 -2.284912e-03 -5.537682e-03  4.572142e+02  5.000000e-01  1.451023e+01 -1.902922e+01 -9.980173e-01  1.202872e+01
-1.651445e-02 -9.097756e-04  5.791518e-04  4.576382e+02  1.000000e+00  6.194443e+01 -4.425429e+01 -5.396059e+00  5.860807e+01
3  6.732160e-01  2.976459e-01  8.035979e-01  3.221438e-01  6.286573e-01  8.944590e+00 6 1  2.783928e-01
 4.531213e-02 -1.652126e-01 -1.088180e+00  4.104868e+01  5.000000e-01  9.308810e-01  9.057670e-01  3.214488e-01  1.341576e-01
-4.806568e-01  4.423451e-01  1.730959e+00  0.000000e+00  0.000000e+00  2.377401e-01 -3.475550e-02  4.601775e-02  3.139994e-03
 2.548806e-03 -3.503080e-03  1.466036e-03  4.483292e+01  1.000000e+00  2.737957e+01  2.346993e+00  2.874316e+00  2.499817e+01
3 -8.290289e-02 -1.517730e-01  4.451995e-01  1.952503e-01  1.654549e-01  9.388890e+00 6 1 -1.000000e+00
-1.639772e-01 -3.308093e-01  1.718817e+00  0.000000e+00  0.000000e+00  2.189955e-01  8.548067e-02 -1.444495e-01  7.059401e-03
 3.707308e-02  6.640770e-02 -2.843868e-01  3.524454e+01  5.000000e-01  8.548552e-01  9.506326e-01 -1.622869e+00  4.466339e-01
 1.197104e-03  2.265842e-03  5.077106e-04  3.802089e+01  1.000000e+00  4.617908e+01  5.129715e+00 -6.723756e+00  4.533505e+01
3 -2.755204e-01  6.920401e-01  3.874570e+00  2.057350e+00  3.497846e-01  1.676380e+01 6 3 -1.000000e+00
 5.656012e-01 -9.296767e-01 -1.416530e+00  1.820753e+02  5.000000e-01  9.655373e-01  3.542170e-01  7.626719e-01  3.537693e-01
-5.070702e-01  2.793450e+00  4.049721e+00  0.000000e+00  0.000000e+00  4.242208e-01  2.748655e-01  9.507888e-02  3.812020e-02
 2.950055e-02 -6.324510e-02  1.493662e-02  2.013488e+02  1.000000e+00  9.754116e+00  1.697566e+00  2.608308e+00  8.591316e+00
3 -7.163588e-02 -2.649528e-01  9.060761e-01  3.366149e-01  1.462562e-01  1.310050e+01 6 1 -1.000000e+00
-3.131400e-01 -6.118069e-01  2.309263e+00  0.000000e+00  0.000000e+00  2.821761e-01  1.833240e-01 -2.205107e-01  2.499757e-02
 3.093401e-02  2.263977e-01 -3.377441e-01  4.273187e+01  5.000000e-01  1.030512e+00  1.656353e+00 -4.671675e-01  5.748575e-01
 8.804463e-04  5.374076e-03  4.327670e-04  4.999239e+01  1.000000e+00  5.437684e+01  2.275115e+01 -4.556298e+00  5.329247e+01
1 -1.270934e+00 -2.964817e-01  0.000000e+00  8.593782e-01  0.000000e+00  1.410960e+01 0 2  2.758033e-01
 1.732471e+00  1.606377e+00  3.363431e+00  0.000000e+00  0.000000e+00  3.361261e-01 -1.494439e-02 -3.784042e-01  7.484015e-04
3 -3.816155e-03  2.734644e-01  1.297274e+00  5.721207e-01  1.467555e-01  1.026280e+01 6 3 -1.000000e+00
-4.769160e-02 -3.859502e-01 -8.669540e-01  9.959484e+01  5.000000e-01  8.440636e-01  1.079367e+00 -1.129055e-01  1.331163e-01
-4.347547e-02  9.113170e-01  5.907471e+00  0.000000e+00  0.000000e+00  4.291725e-01  3.845841e-01  9.306963e-02  9.119073e-03
-6.769948e-04 -2.622521e-03  1.006063e-04  1.328706e+02  1.000000e+00  1.115230e+02  3.061619e+01 -3.658224e+01  1.089954e+02
5 -1.355746e-02 -7.200755e-02  5.651837e-01  2.407286e-01  1.000000e+00  1.858420e+01 6 3 -1.000000e+00
-6.076450e-02 -3.637116e-01 -4.861663e+00  2.651378e-01  5.000000e-01  6.759358e-01  5.486969e-01 -9.818523e-02  4.007092e-01
 2.137835e-01 -2.829709e-01  5.566513e+00  1.362677e-01  0.000000e+00  4.150089e-01  8.606266e-02  3.939062e-01  1.513190e-01
-3.449151e-01 -1.975983e-01  4.082130e+00  0.000000e+00  0.000000e+00  4.330885e-01 -1.773833e-01 -2.120227e-01  1.548416e-01
 4.053625e-02  1.674907e-01 -1.355337e+00  1.937183e+00  5.000000e-01  1.458465e+00  8.897237e-01 -3.954818e-01  1.079002e+00
 8.023000e-03  3.151028e-02  1.800762e-01  2.030944e+00  1.000000e+00  4.134401e+00  1.787999e+00 -1.036496e+00  3.524968e+00
1  4.772158e-01  1.183815e+01  0.000000e+00  4.882263e+00  0.000000e+00  1.392160e+01 0 2 -1.000000e+00
-6.038601e-01  1.844026e+01  3.595658e+00  0.000000e+00  0.000000e+00  3.934280e-01  2.870367e-01 -8.617584e-02  6.503419e-04
3 -3.022210e-01  2.870015e-01  1.489005e+00  6.327608e-01  3.778046e-01  6.528960e+00 6 1 -1.000000e+00
-7.143683e-01  7.818920e-01  1.876753e+00  0.000000e+00  0.000000e+00  2.060399e-01 -4.375061e-02  3.092303e-01  1.204898e-02
 3.059493e-01 -3.025840e-01 -7.090460e-01  5.847978e+01  5.000000e-01  4.591160e-01 -8.404545e-02  1.302243e+00  1.413751e-01
 1.353209e-03 -1.425047e-03  3.838511e-05  8.214650e+01  1.000000e+00  1.631617e+02  8.160107e+00  1.334379e+01  1.620080e+02
1 -1.217618e-02  1.261298e-01  0.000000e+00  4.131525e-02  0.000000e+00  1.211270e+01 0 2  2.856586e-01
 3.613847e-02  7.318674e-02  6.958300e+00  0.000000e+00  0.000000e+00  5.062288e-01  2.541911e-01 -1.883708e-01  2.715510e-03
3 -7.087155e-03 -1.554362e-01  1.011671e+00  4.198352e-01  5.366039e-01  5.364530e+00 6 1 -1.000000e+00
-5.773275e-02 -6.246041e-01  2.954631e+00  0.000000e+00  0.000000e+00  2.851987e-01  4.112903e-01 -5.770105e-02  2.918782e-02
 1.088517e-02  3.847376e-01 -1.585467e+00  5.361716e+01  5.000000e-01  4.360179e-01  9.737559e-01 -2.458689e-02  1.119686e-01
 2.716354e-05  4.205875e-04  7.050400e-06  1.173187e+02  1.000000e+00  3.923332e+02  1.046323e+02 -1.891686e+01  3.909913e+02
3 -5.954980e-01  2.912371e-01  1.596624e+00  5.544750e-01  1.580797e-01  1.067630e+01 6 1 -1.000000e+00
-1.263189e+00  5.622800e-01  1.738976e+00  0.000000e+00  0.000000e+00  2.181608e-01 -1.088658e-01  1.561082e-01  7.376417e-03
 1.816909e-01 -1.170787e-01 -2.748969e-01  8.767947e+01  5.000000e-01  1.320000e+00 -9.922174e-01  1.660010e+00  7.956740e-01
 2.314982e-02 -1.653995e-02  6.421693e-03  8.940647e+01  1.000000e+00  1.434382e+01 -3.836491e-01  4.710438e+00  1.344897e+01
3  2.089965e+00  9.914740e-01  3.894681e+00  1.376480e+00  5.134539e-03  7.280380e+00 6 2 -1.000000e+00
 3.152208e+00  1.979772e+00  3.277936e+00  0.000000e+00  0.000000e+00  3.459661e-01 -2.500466e-01 -2.452897e-01  9.773853e-04
-1.517952e-01 -8.228967e-02 -1.683069e-02  8.176251e+02  5.000000e-01  4.297052e+00 -4.907974e+00 -6.796883e+00  3.117665e+00
-2.163556e-02 -1.236861e-02  4.372808e-04  8.222815e+02  1.000000e+00  5.312128e+01 -8.924094e+00 -1.871173e+01  5.138696e+01
3 -9.873067e-02  1.033585e-01  3.439030e-01  1.436151e-01  1.027206e-01  8.436350e+00 6 1 -1.000000e+00
-2.551802e-01  1.270754e-01  1.942561e+00  0.000000e+00  0.000000e+00  2.320870e-01 -6.409246e-03  2.736150e-01  1.134666e-02
 3.842685e-02 -5.198950e-02 -1.995411e-01  1.779764e+01  5.000000e-01  9.347338e-01  6.451786e-01  2.144645e+00  5.658548e-01
 1.480681e-03 -1.858465e-03  6.206161e-04  1.942175e+01  1.000000e+00  4.200942e+01  4.514186e+00  7.077649e+00  4.133011e+01
3  2.517282e-01  7.407889e-01  2.258356e+00  1.314855e+00  1.083788e-01  9.056310e+00 6 1 -1.000000e+00
-5.180547e-01  1.786446e+00  2.435317e+00  0.000000e+00  0.000000e+00  2.695559e-01  3.473762e-01 -4.747679e-02  1.324155e-02
-2.613499e-01 -4.572728e-01 -2.639366e-01  1.016331e+02  5.000000e-01  1.090802e+00  1.113055e+00 -1.599419e+00  5.811653e-01
-9.992933e-03 -1.760467e-02  1.088407e-03  1.131854e+02  1.000000e+00  3.348297e+01  2.370083e+00 -1.143471e+01  3.234512e+01
3  3.752058e-01 -1.077653e+00  5.390447e+00  2.543608e+00  1.273301e-01  1.612500e+01 6 3 -1.000000e+00
 3.790761e+00 -2.679949e+00  4.064396e+00  0.000000e+00  0.000000e+00  4.634159e-01 -1.194135e-02  2.043060e-01  6.142239e-04
-2.106821e-01  9.318881e-01 -5.175199e-01  6.210532e+02  5.000000e-01  1.396484e+00  1.340077e+00  5.419284e-01  8.840956e-02
-8.550846e-04  2.845646e-03  8.027569e-06  7.117407e+02  1.000000e+00  3.693427e+02  9.351855e+01  4.857923e+01  3.651393e+02
3  5.827218e-01  1.264760e-01  1.419751e+00  5.375617e-01  1.664101e-01  3.757400e+00 6 1 -1.000000e+00
 1.108270e+00  3.821032e-01  1.384530e+00  0.000000e+00  0.000000e+00  1.400080e-01 -1.287892e-01 -2.706986e-02  1.198087e-02
-2.494944e-01 -3.282852e-02 -2.303998e-01  9.764195e+01  5.000000e-01  8.584053e-01 -2.020390e+00 -5.275935e-01  6.373185e-01
-1.059395e-02 -1.690698e-03  7.084685e-04  1.051533e+02  1.000000e+00  3.966944e+01 -9.058096e+00 -1.334540e+00  3.925456e+01
3 -1.343695e-01 -3.991520e-03  6.930428e-01  3.209225e-01  1.737314e-01  1.535040e+01 6 1 -1.000000e+00
-4.685169e-01 -3.765952e-01  2.307975e+00  0.000000e+00  0.000000e+00  3.346523e-01 -8.229606e-02  5.132916e-02  3.123101e-03
 1.466306e-01 -5.737443e-02 -4.009676e-01  3.128418e+01  5.000000e-01  1.350664e+00 -1.225857e+00  1.055559e+00  7.123182e-01
 6.695253e-03 -2.229980e-03  2.768592e-03  3.419292e+01  1.000000e+00  2.433720e+01 -8.375350e+00  1.064349e+01  2.290952e+01
3 -9.427533e-03  1.411737e-01  4.223539e-01  1.947195e-01  2.186286e-01  1.780390e+01 6 1 -1.000000e+00
-6.898320e-02  3.400458e-01  1.756007e+00  0.000000e+00  0.000000e+00  2.398081e-01  8.811704e-02 -2.556159e-02  3.997924e-03
-2.031914e-03 -7.696779e-02 -3.839134e-01  1.951816e+01  5.000000e-01  6.928357e-01  1.637334e+00 -1.350563e-01  2.512300e-01
 2.137871e-05 -1.161586e-03  1.510891e-04  2.200912e+01  1.000000e+00  8.277580e+01  7.669166e+00 -3.139018e+00  8.174114e+01
3  3.377592e-02  3.251761e-01  1.103527e+00  5.265520e-01  2.164765e-01  1.612000e+01 6 1 -1.000000e+00
-3.272067e-01  8.414230e-01  1.574038e+00  0.000000e+00  0.000000e+00  1.835724e-01  1.602667e-01 -7.456374e-02  1.613926e-02
-1.047247e-01 -2.394440e-01 -3.407421e-01  3.648901e+01  5.000000e-01  8.583801e-01  1.119757e+00 -1.304213e+00  5.697660e-01
-2.217304e-03 -8.243151e-03  1.178779e-03  4.132635e+01  1.000000e+00  3.144286e+01  5.297112e+00 -7.097383e+00  3.081639e+01
3  6.828074e-02 -4.667443e-02  5.067650e-01  2.363242e-01  2.876734e-02  1.025300e+01 6 2  2.735197e-01
-9.436940e-02  4.391521e-01  3.154477e+00  0.000000e+00  0.000000e+00  3.657683e-01  2.275600e-01  1.829112e-01  3.922309e-03
 2.742745e-02 -5.275884e-02 -9.074591e-02  2.973636e+01  5.000000e-01  1.997466e+00  2.128751e+00  2.735533e+00  1.029180e+00
 1.442123e-03 -2.567816e-03  2.946714e-04  3.090062e+01  1.000000e+00  6.566282e+01  1.173425e+01  2.549464e+01  6.374377e+01
3 -5.922393e-02  9.042992e-02  1.383162e+00  7.736822e-01  3.875617e-01  9.263440e+00 6 3 -1.000000e+00
 3.091252e-01 -4.946226e-01 -4.773673e+00  6.979996e+01  5.000000e-01  5.768442e-01  2.744582e-01  5.596568e-01  1.597365e-02
-4.669768e-01  6.502805e-01  1.231719e+01  0.000000e+00  0.000000e+00  4.754960e-01  1.466849e-01  4.152116e-01  6.525049e-03
 1.117228e-04 -1.526573e-04  5.172507e-06  2.027606e+02  1.000000e+00  4.416112e+02 -2.721215e+01 -8.239502e+00  4.385030e+02
1  2.376296e+00 -2.630125e+00  0.000000e+00  2.930183e+00  0.000000e+00  1.611300e+01 0 2 -1.000000e+00
 2.356265e+00 -4.918878e+00  3.532103e+00  0.000000e+00  0.000000e+00  3.535770e-01  1.230194e-01  3.458488e-01  2.309591e-03
1 -7.324634e+00 -1.637813e+01  0.000000e+00  9.721001e+00  0.000000e+00  6.529630e+00 0 2 -1.000000e+00
-5.741392e+00 -2.931008e+01  3.114869e+00  0.000000e+00  0.000000e+00  3.285673e-01  2.183324e-01 -2.865521e-01  1.146573e-04
1  1.886559e-01  1.474808e-01  0.000000e+00  4.777744e-02  0.000000e+00  1.346980e+01 0 2  2.966084e-01
-4.169365e-02  5.318972e-02  6.243502e+00  0.000000e+00  0.000000e+00  5.644989e-01 -5.644862e-02  1.621982e-01  4.863624e-03
1 -1.685568e-01 -4.474268e-02  0.000000e+00  4.642287e-01  0.000000e+00  1.066990e+01 0 2  2.763353e-01
 4.056643e-01  7.811465e-01  2.321232e+01  0.000000e+00  0.000000e+00  3.685931e-01  1.704613e-01 -5.714342e-01  2.463351e-02
2 -6.377038e-02 -2.588942e-02  1.185308e+00  5.660208e-01  8.232528e-01  7.189370e+00 6 3 -1.000000e+00
-6.425121e-01 -3.240705e-01  3.950095e+00  0.000000e+00  0.000000e+00  3.286094e-01 -2.413211e-01 -3.733242e-01  5.714692e-03
 5.413298e-01 -2.651303e-01 -4.798155e+00  4.779945e+01  5.000000e-01  4.372040e-01 -4.522807e-01  5.662110e-01  5.599368e-02
3  4.078532e-01  1.092815e+00  2.624689e+00  1.375212e+00  3.888192e-02  7.606870e+00 6 2 -1.000000e+00
 9.536296e-01  1.974669e+00  3.562823e+00  0.000000e+00  0.000000e+00  3.432847e-01  3.073459e-01 -2.369329e-01  1.038427e-02
-2.125886e-01 -3.766979e-01 -1.385294e-01  2.592755e+02  5.000000e-01  1.410917e+00  1.834630e+00 -2.005410e+00  7.813794e-01
-1.169325e-02 -1.618059e-02  4.458433e-04  2.762650e+02  1.000000e+00  5.462741e+01  7.705376e-01 -2.514687e+01  5.342204e+01
3 -1.476213e-01  1.166306e-01  6.000240e-01  3.367383e-01  6.166241e-02  1.413070e+01 6 2 -1.000000e+00
-4.403988e-01  5.191227e-02  4.231253e+00  0.000000e+00  0.000000e+00  3.257241e-01 -3.748761e-01  2.788895e-01  1.854368e-02
 1.372579e-01 -1.103885e-01 -2.609093e-01  2.420676e+01  5.000000e-01  7.156419e-01 -3.680648e-01  1.943743e+00  2.590900e-01
 5.694579e-04 -4.356485e-04  1.702619e-05  3.545088e+01  1.000000e+00  2.515212e+02 -1.932357e+01  6.045184e+01  2.501928e+02
3 -1.412274e-01 -1.198357e-02  4.206556e-01  2.374599e-01  6.659408e-02  1.480930e+01 6 2 -1.000000e+00
-3.228531e-01 -4.912592e-02  4.387180e+00  0.000000e+00  0.000000e+00  3.777527e-01 -3.859938e-01 -1.013097e-01  2.116811e-02
 9.413912e-02  6.269507e-03 -2.921602e-01  1.660737e+01  5.000000e-01  1.100701e+00 -1.836112e+00 -2.482209e-01  5.071643e-01
 2.610198e-03  1.829060e-04  4.817545e-04  1.875853e+01  1.000000e+00  4.973367e+01 -1.718445e+01 -1.979656e+00  4.843758e+01
3 -5.584128e-01 -1.534238e-01  6.563015e-01  3.194229e-01  4.030159e-01  4.641640e+00 6 1  2.888973e-01
-3.258188e-01 -4.177868e-01  2.588246e+00  0.000000e+00  0.000000e+00  3.421618e-01 -4.089216e-02 -2.114636e-01  9.386716e-03
 1.354713e-01  4.905701e-02 -1.043104e+00  1.127465e+01  5.000000e-01  1.011411e+00 -7.960433e-01 -5.701948e-01  2.151350e-01
 9.624997e-03  5.398284e-03  1.587982e-02  1.190548e+01  1.000000e+00  9.059779e+00 -1.026621e+00 -9.659703e-01  7.217112e+00
3 -1.973702e-01  1.989323e-01  7.277695e-01  4.855528e-01  1.030488e-01  7.097350e+00 6 1 -1.000000e+00
-3.687849e-01  4.399509e-01  2.473832e+00  0.000000e+00  0.000000e+00  2.508043e-01  1.083981e-01  3.811991e-01  3.061250e-02
 1.330039e-01 -8.716997e-02 -2.549253e-01  3.086574e+01  5.000000e-01  1.391450e+00 -5.119126e-01  1.952920e+00  1.012275e+00
 1.130252e-02 -6.836165e-03  3.239127e-03  3.275448e+01  1.000000e+00  2.166561e+01 -6.908561e+00  8.403222e+00  2.098096e+01
3  1.297613e+00  5.918187e-01  2.789462e+00  1.183555e+00  9.673147e-01  1.783860e+01 6 1  2.783394e-01
 3.569082e-01 -4.513901e-01 -1.970764e+00  3.207896e+02  5.000000e-01  9.831825e-01  2.193441e-01  6.779295e-01  6.124657e-02
-1.382133e+00  1.729626e+00  2.037356e+00  0.000000e+00  0.000000e+00  2.923862e-01  6.723260e-02  7.324483e-02  1.374542e-03
 5.176147e-03 -5.501030e-03  2.308687e-04  3.478886e+02  1.000000e+00  7.179656e+01 -4.387611e+00  2.571838e+01  6.722750e+01
2  5.477742e-01  6.067375e-01  3.374891e+00  2.116816e+00  2.964244e-02  1.096160e+01 6 2 -1.000000e+00
 1.543137e+00  2.381651e+00  2.251303e+01  0.000000e+00  0.000000e+00  5.516037e-01  1.167636e-01 -3.781624e-01  2.053554e-04
-3.644270e-01 -4.024265e-01 -6.673413e-01  7.643907e+02  5.000000e-01  1.489675e+00  1.627105e-01 -1.308354e+00  2.793433e-02
2  2.679927e-02  6.631360e-01  1.838351e+00  9.078185e-01  4.660985e-02  1.464860e+01 6 2 -1.000000e+00
-6.927293e-01  1.462442e+00  3.104726e+00  0.000000e+00  0.000000e+00  3.619118e-01  2.896603e-01  3.411635e-02  8.630867e-04
-2.255702e-02 -2.494001e-01 -1.447108e-01  3.622674e+02  5.000000e-01  1.204776e+00  2.568188e+00 -5.972235e-01  1.775087e-01
3 -3.770005e-02 -4.765940e-01  1.787846e+00  5.977425e-01  3.334252e-01  1.802970e+01 6 1 -1.000000e+00
-1.397325e-01 -1.377850e+00  1.914624e+00  0.000000e+00  0.000000e+00  2.716050e-01  7.427520e-02 -5.240889e-02  8.055565e-03
 2.392628e-02  4.024894e-01 -6.383839e-01  2.608735e+02  5.000000e-01  7.098046e-01  1.284599e+00 -2.179910e-02  2.327208e-01
 4.585246e-04  2.511627e-03  2.828935e-05  3.231634e+02  1.000000e+00  2.050662e+02  6.903198e+01 -3.909740e+01  2.036853e+02
2 -4.698732e-01  1.537571e-02  1.427265e+00  7.519817e-01  1.526193e-01  1.399770e+01 6 1 -1.000000e+00
-1.104153e+00 -9.499034e-02  1.883254e+00  0.000000e+00  0.000000e+00  2.545606e-01 -1.568346e-01  9.328609e-03  4.128822e-03
 3.215320e-01 -2.785236e-02 -2.874209e-01  2.555659e+02  5.000000e-01  5.786545e-01 -1.862361e+00  4.340044e-01  1.485005e-01
1 -4.253902e-01  2.132258e+00  0.000000e+00  1.668750e+00  0.000000e+00  1.534670e+01 0 2 -1.000000e+00
-1.165374e+00  3.174017e+00  3.252171e+00  0.000000e+00  0.000000e+00  3.325084e-01  3.556892e-01  1.074401e-01  1.505509e-02
3 -6.258737e-01 -7.400373e-01  5.445458e-01  3.121594e-01  4.961254e-01  1.693200e+01 6 3  3.078101e-01
-1.091537e-01 -1.032374e-01 -4.395919e+00  2.944458e+00  5.000000e-01  1.048250e+00 -1.685449e-02 -4.790905e-01  2.137446e-01
 3.101878e-01  2.441569e-01  8.860501e+00  0.000000e+00  0.000000e+00  4.680292e-01 -7.381737e-02 -4.058121e-01  4.483993e-02
-3.362016e-02 -3.060200e-02  8.595947e-01  3.000468e+00  1.000000e+00  2.151568e+00 -2.575546e-02 -4.026254e-01  7.129217e-01
3 -1.128866e+00  3.622566e-01  4.169326e+00  1.793652e+00  1.003857e-03  4.946420e+00 6 2  2.830294e-01
-2.559479e+00 -3.196547e+00  3.024206e+00  0.000000e+00  0.000000e+00  3.306742e-01  2.351347e-01 -2.490851e-01  2.556292e-04
 5.082135e-03  1.188335e-02  8.652659e-05  9.648809e+02  1.000000e+00  1.302886e+02  4.803964e+01 -5.339088e+01  1.261354e+02
 2.900955e-02  7.193919e-02 -3.035870e-03  9.629904e+02  5.000000e-01  1.249816e+01  1.612466e+01 -1.419851e+01  9.704632e+00
2  1.346859e-01  2.399703e-01  1.850726e+00  9.212676e-01  3.457984e-01  1.479060e+01 6 1 -1.000000e+00
-4.509161e-01 -4.077544e-01 -9.396353e-01  1.250849e+02  5.000000e-01  6.668845e-01 -2.472514e-01 -1.055498e+00  6.585962e-02
-4.749969e-02  1.398469e+00  2.717292e+00  0.000000e+00  0.000000e+00  3.748227e-01  1.323759e-01 -7.286820e-02  4.239234e-03
3  2.855523e-01  9.928983e-01  3.049938e+00  1.117646e+00  1.482306e-01  1.326560e+01 6 1 -1.000000e+00
 1.105241e+00  2.403975e+00  1.779746e+00  0.000000e+00  0.000000e+00  2.454615e-01  6.588291e-02  5.576604e-02  4.566666e-04
-6.869828e-02 -4.109829e-01 -2.638128e-01  3.711941e+02  5.000000e-01  7.329035e-01  1.817170e+00 -7.481979e-01  1.112874e-01
 8.136922e-05 -2.676049e-03  1.735110e-05  4.143756e+02  1.000000e+00  2.523086e+02  7.138212e+00  7.397156e+01  2.505384e+02
3  7.887339e-01 -2.057965e+00  2.322954e+00  1.094526e+00  2.998102e-01  1.533970e+01 6 1  2.829707e-01
-4.478928e-01 -1.750003e+00  1.837194e+00  0.000000e+00  0.000000e+00  2.123130e-01  2.546696e-01 -1.062347e-01  2.507518e-03
 2.535759e-01  4.645078e-01 -5.508095e-01  3.183675e+02  5.000000e-01  1.207844e+00  7.485384e-01 -1.139473e+00  9.078913e-02
 1.041061e-02  2.213307e-02  1.876804e-03  3.392277e+02  1.000000e+00  2.834565e+01  8.326165e+00 -1.206810e+01  1.839543e+01
3  5.822334e-01  2.046447e+00  3.373124e+00  1.599197e+00  1.320469e-01  7.285810e+00 6 1  2.743087e-01
 3.043274e+00 -6.725591e-01  1.742149e+00  0.000000e+00  0.000000e+00  2.306305e-01 -8.789179e-02  1.009990e-01  3.884204e-04
-2.592181e-01  1.410607e-02 -2.300454e-01  9.336661e+02  5.000000e-01  2.675630e+00 -2.663362e+00  2.473969e-01  5.055859e-01
-1.321889e-02  5.570479e-04  2.646082e-04  9.435259e+02  1.000000e+00  7.474787e+01 -4.073472e+01 -5.077509e-01  6.868924e+01
3  8.552023e-01 -6.317237e-02  1.321745e+00  6.349031e-01  7.845451e-03  1.257940e+01 6 2 -1.000000e+00
 1.208700e+00  1.022771e-01  3.058263e+00  0.000000e+00  0.000000e+00  2.848830e-01 -4.270141e-01  4.547855e-02  4.937410e-03
-1.085771e-01 -6.302535e-03 -2.399345e-02  2.672414e+02  5.000000e-01  3.477906e+00 -6.905958e+00  3.546749e-01  2.595344e+00
-8.755282e-03 -1.278109e-03  1.784268e-04  2.726607e+02  1.000000e+00  8.985728e+01 -4.320422e+01 -2.060278e+01  8.830483e+01
3 -1.209872e+00 -2.321018e+00  1.336627e+00  7.452674e-01  1.688338e-01  8.558640e+00 6 3  2.689130e-01
-3.847685e-01 -2.195641e-01 -9.102889e-01  1.137685e+02  5.000000e-01  8.612859e-01 -5.624582e-01 -8.952289e-01  1.668185e-01
 9.516795e-01 -1.976803e-01  5.391629e+00  0.000000e+00  0.000000e+00  4.277316e-01 -3.744394e-01  4.258624e-02  1.345940e-02
-3.964221e-03 -2.073315e-03  4.142142e-04  1.526473e+02  1.000000e+00  5.219266e+01 -4.870102e+00 -1.351888e+01  5.001115e+01
3  2.666355e-01 -1.990882e-01  1.158089e+00  5.159605e-01  2.033539e-01  1.092430e+01 6 1 -1.000000e+00
 7.302167e-01 -5.011547e-01  2.370054e+00  0.000000e+00  0.000000e+00  3.094759e-01 -6.842238e-02  2.240775e-01  1.676230e-02
-2.142519e-01  1.690314e-01 -4.819598e-01  1.121639e+02  5.000000e-01  9.060856e-01 -3.485440e-01  1.400785e+00  3.667543e-01
-4.090960e-03  3.286838e-03  3.238114e-04  1.304536e+02  1.000000e+00  6.036278e+01 -3.248920e+00  2.061959e+01  5.892300e+01
3 -1.647241e+00 -1.375109e+00  3.579102e+00  1.502360e+00  3.308957e-01  1.760360e+01 6 1  2.981415e-01
-4.315572e-01  3.226493e+00  1.489993e+00  0.000000e+00  0.000000e+00  1.783358e-01  3.180443e-02  5.455487e-02  4.706794e-03
 1.795378e-02 -3.242685e-01 -4.930322e-01  2.022958e+02  5.000000e-01  2.224907e+00  1.875099e+00  1.125441e-01  1.174690e+00
 1.040754e-02 -1.333502e-01  8.051083e-02  2.025596e+02  1.000000e+00  5.953651e+00  3.462681e+00  3.575072e-01  4.463343e+00
2  1.867882e-01  5.906056e-02  1.981586e+00  1.022176e+00  8.967392e-01  1.392610e+01 6 3 -1.000000e+00
-7.459714e-01  2.459877e-01 -2.916043e+00  6.576655e+01  5.000000e-01  6.417092e-01 -4.851621e-01  4.857165e-01  4.589738e-02
 1.188602e+00  6.750639e-01  3.251829e+00  0.000000e+00  0.000000e+00  4.111243e-01 -1.139803e-01 -1.620611e-01  5.225803e-03
5 -1.460969e-01 -6.373427e-01  6.332727e-01  2.145184e-01  1.000000e+00  1.783330e+01 6 3  2.948174e-01
-9.441656e-02 -1.301081e-01 -2.041508e+00  4.031040e+00  5.000000e-01  9.562428e-01  3.739763e-01 -5.932035e-01  6.013203e-02
 3.464337e-01 -1.126721e-01  2.553383e+00  0.000000e+00  0.000000e+00  3.707796e-01  1.520203e-02  6.363891e-02  1.182675e-02
-2.660956e-01  4.808282e-02  3.806851e+00  2.989285e+00  0.000000e+00  4.840253e-01 -4.309309e-02  4.109187e-02  2.248709e-02
 8.532128e-03  1.343741e-01 -1.853783e+00  4.415021e+00  5.000000e-01  9.771284e-01  7.043881e-01 -2.092798e-01  1.095088e-01
-3.690116e-03  3.184059e-03  3.932086e-02  5.062826e+00  1.000000e+00  6.119072e+00  3.517114e-01  8.058545e-01  3.702419e+00
3  3.878876e+00  1.166795e+00  3.669812e+00  1.703600e+00  8.054959e-03  1.594730e+01 6 2  2.839272e-01
-1.133033e+00 -3.373391e+00  3.001275e+00  0.000000e+00  0.000000e+00  3.453408e-01  1.627392e-01 -2.624936e-01  1.033060e-03
 2.666839e-02  3.843141e-02  4.141067e-03  5.059147e+02  1.000000e+00  2.274590e+01  5.072284e+00 -1.434129e+01  2.061269e+01
 6.723684e-02  9.458741e-02 -2.417514e-02  5.056289e+02  5.000000e-01  7.258644e+00  2.691348e+00 -8.561079e+00  5.524564e+00
3 -3.430902e-01  8.520335e-02  8.367551e-01  3.779633e-01  1.296432e-01  3.744870e+00 6 1 -1.000000e+00
-5.939711e-01  3.061443e-01  1.442131e+00  0.000000e+00  0.000000e+00  1.358325e-01 -2.005687e-01  1.146275e-01  7.013558e-03
 2.079127e-03  2.915588e-05  4.944724e-05  9.158441e+01  1.000000e+00  1.525086e+02 -4.414890e+01 -2.796679e+01  1.519731e+02
 1.825486e-01 -5.587023e-03 -1.869625e-01  7.645336e+01  5.000000e-01  6.511240e-01 -2.312299e+00  3.516440e-01  4.279813e-01
3 -2.831333e-01 -4.906239e-01  2.531585e+00  1.144774e+00  5.622138e-01  1.209460e+01 6 1 -1.000000e+00
-6.405445e-01 -1.849500e+00  1.825872e+00  0.000000e+00  0.000000e+00  2.511446e-01  7.566718e-02 -8.587996e-02  4.632259e-03
 4.386538e-01  4.405339e-01 -1.026531e+00  1.335438e+02  5.000000e-01  8.338749e-01 -1.687632e-01 -9.865453e-01  1.274662e-01
 2.798392e-03  4.325489e-03  1.072340e-04  1.591545e+02  1.000000e+00  1.023813e+02  9.365302e+00 -2.941198e+01  9.923251e+01
1 -4.011348e+00 -2.869244e+00  0.000000e+00  9.678826e-01  0.000000e+00  1.695740e+01 0 2  2.902371e-01
-2.181497e+00  5.075634e-01  3.482860e+00  0.000000e+00  0.000000e+00  4.219233e-01 -1.377934e-01 -1.675268e-01  1.375454e-03
3  2.288188e-02  4.960195e-01  1.883485e+00  8.618332e-01  3.554322e-01  1.274630e+01 6 1 -1.000000e+00
 4.226040e-02 -3.766149e-01 -7.433565e-01  1.414597e+02  5.000000e-01  8.704566e-01  1.105376e+00  3.743991e-01  2.670977e-01
 3.995998e-01  1.472662e+00  2.091416e+00  0.000000e+00  0.000000e+00  2.960508e-01  1.308971e-01  1.629054e-02  6.505953e-03
-7.403526e-05 -1.119297e-02  1.013813e-03  1.549643e+02  1.000000e+00  3.335025e+01  7.708586e+00  8.608946e-01  3.189605e+01
3 -1.197641e+00  3.634588e-01  3.771139e+00  1.348168e+00  1.875609e-01  6.849650e+00 6 1 -1.000000e+00
 4.961472e-01 -1.606757e-01 -3.593480e-01  3.563327e+02  5.000000e-01  1.228651e+00 -1.401202e+00  9.336662e-01  6.728312e-01
-3.068057e+00  1.071372e+00  1.915901e+00  0.000000e+00  0.000000e+00  2.745200e-01 -6.366143e-02  1.790918e-02  6.806529e-03
 4.348807e-02 -1.500130e-02  3.386823e-03  3.669229e+02  1.000000e+00  1.945151e+01 -5.061083e+00  4.425106e+00  1.850072e+01
3  1.501901e-01 -5.138942e-01  1.141121e+00  6.112942e-01  1.125296e-01  1.784410e+01 6 1 -1.000000e+00
 1.182186e-01 -9.289170e-01  1.443518e+00  0.000000e+00  0.000000e+00  1.337489e-01  2.040718e-01  1.264653e-01  6.559691e-03
-1.585276e-03  3.333528e-03  9.826517e-05  7.364140e+01  1.000000e+00  1.039935e+02 -1.530078e-01  2.076279e+01  1.033894e+02
-8.638315e-02  1.937119e-01 -1.624385e-01  6.517248e+01  5.000000e-01  6.869723e-01  1.774591e+00  1.762099e+00  4.316041e-01
3 -2.353746e-01  1.536916e-01  9.629882e-01  4.277433e-01  4.919606e-01  9.836410e+00 6 1 -1.000000e+00
 1.703158e-01 -1.185952e-01 -9.327005e-01  3.663828e+01  5.000000e-01  8.976789e-01 -2.375127e-01  1.013022e+00  4.919072e-01
-6.897478e-01  3.145756e-01  1.895885e+00  0.000000e+00  0.000000e+00  2.450743e-01 -7.123837e-02  1.933381e-01  2.732150e-02
 1.908563e-02 -1.090055e-02  1.743464e-02  3.841117e+01  1.000000e+00  8.858266e+00 -1.275797e+00  1.663612e+00  8.110662e+00
2 -7.277040e-01  1.595717e-01  2.514984e+00  1.197562e+00  1.047310e-01  1.445170e+01 6 3 -1.000000e+00
 4.290687e-01 -1.161218e-01 -3.860139e-01  4.673961e+02  5.000000e-01  1.067675e+00 -1.393828e+00  8.077153e-01  6.598904e-02
-2.031262e+00  4.053376e-01  3.685766e+00  0.000000e+00  0.000000e+00  4.006387e-01 -2.827368e-01  8.933030e-02  6.920893e-04
2  2.159414e-01  6.796803e-01  2.543504e+00  9.449592e-01  1.682227e-01  1.850160e+01 6 1 -1.000000e+00
 5.609980e-02  2.184439e+00  1.839582e+00  0.000000e+00  0.000000e+00  2.556238e-01 -5.212169e-02 -8.819013e-02  4.602958e-04
-1.666175e-01 -3.492946e-01 -3.094594e-01  4.392038e+02  5.000000e-01  8.216099e-01  9.615612e-01 -1.529270e+00  7.788147e-02
3 -2.696183e-01 -3.806089e-01  1.810973e+00  8.389212e-01  1.410416e-01  1.845900e+01 6 1 -1.000000e+00
-1.288449e+00 -6.455515e-01  2.807580e+00  0.000000e+00  0.000000e+00  3.643897e-01  5.967891e-02 -2.103812e-01  5.582421e-03
 2.282782e-01  3.439744e-01 -3.959855e-01  2.992814e+02  5.000000e-01  8.736056e-01  8.365852e-01 -1.356999e+00  2.000538e-01
 9.754510e-04  1.161597e-03  9.213517e-06  3.874688e+02  1.000000e+00  3.613942e+02  8.234707e+00 -1.458766e+02  3.586797e+02
1  1.239159e+00 -7.867262e-01  0.000000e+00  3.286371e-01  0.000000e+00  1.261120e+01 0 2  3.105345e-01
-5.175527e-01 -2.664644e-01  4.200340e+00  0.000000e+00  0.000000e+00  3.711384e-01 -2.449897e-01 -3.120432e-01  1.285938e-02
3 -5.230548e-01  2.151026e+00  2.088808e+00  7.292902e-01  1.155706e-01  9.365990e+00 6 1  2.917058e-01
 1.176121e+00  1.524812e+00  1.468921e+00  0.000000e+00  0.000000e+00  1.740542e-01 -3.737175e-02  4.257174e-03  4.009999e-03
-1.040043e-01 -1.257634e-01 -1.697641e-01  2.248934e+02  5.000000e-01  2.781095e+00  9.752042e-02 -3.008873e+00  1.714831e+00
-2.772019e-02 -3.809881e-02  1.278003e-02  2.255534e+02  1.000000e+00  1.305741e+01  2.444240e+00 -7.820466e+00  1.126181e+01
3  1.569280e-02  5.588011e-02  3.334659e-01  1.460746e-01  4.899527e-01  1.615580e+01 6 1 -1.000000e+00
-4.428143e-02 -7.021653e-02 -1.232594e+00  5.077591e+00  5.000000e-01  7.135488e-01  1.798765e-01 -9.278986e-01  8.208560e-02
-4.651748e-02  2.632419e-01  2.515741e+00  0.000000e+00  0.000000e+00  3.529013e-01  7.549254e-02 -1.246612e-01  6.020345e-03
-8.935112e-05 -8.144098e-04  3.732645e-04  6.215161e+00  1.000000e+00  5.372939e+01  8.465995e+00  5.445218e+00  5.170072e+01
3 -2.935139e-01  1.105901e-01  2.202392e+00  1.135379e+00  1.797857e-01  1.262400e+01 6 3 -1.000000e+00
 6.453119e-01 -3.395921e-01 -2.067085e+00  2.089249e+02  5.000000e-01  9.062223e-01 -4.237540e-01  5.594639e-01  2.341265e-02
-1.497677e+00  1.684702e-01  1.149750e+01  0.000000e+00  0.000000e+00  5.193029e-01 -3.706388e-01  8.198276e-02  1.739973e-03
 6.667349e-04 -3.882722e-04  6.276322e-06  3.091866e+02  1.000000e+00  4.218973e+02 -1.899568e+01  1.321541e+02  4.173924e+02
1  4.119140e-02 -2.465332e-03  0.000000e+00  3.078959e-02  0.000000e+00  1.784400e+01 0 2  2.718137e-01
 6.393809e-02 -6.841712e-02  3.572030e+00  0.000000e+00  0.000000e+00  3.401643e-01  7.134101e-03  3.941820e-01  8.631672e-04
3  6.274036e-02 -3.548777e-01  6.811882e-01  3.336125e-01  7.144017e-01  1.327570e+01 6 1 -1.000000e+00
 2.581280e-02 -6.238027e-01  1.459156e+00  0.000000e+00  0.000000e+00  1.374671e-01  2.225700e-01  9.538392e-02  3.063764e-02
-9.495857e-03  5.104734e-02  8.744583e-01  2.383472e+01  1.000000e+00  4.232554e+00  2.812250e+00  1.181987e+00  4.014305e+00
-1.058405e-02  5.641235e-02 -1.042424e+00  2.383463e+01  5.000000e-01  3.758988e+00  2.693706e+00  1.146851e+00  3.545196e+00
3 -2.114335e-03  7.715366e-02  6.498015e-01  2.357254e-01  8.449221e-01  1.080500e+01 6 3 -1.000000e+00
 4.411875e-04 -2.505902e-01 -2.796932e+00  8.932178e+00  5.000000e-01  4.569456e-01  7.477070e-01  3.055763e-01  9.585472e-02
 1.041710e-01  3.908785e-01  3.310284e+00  0.000000e+00  0.000000e+00  3.364769e-01  3.695157e-01 -4.039966e-02  5.613596e-02
-3.950488e-04 -1.082907e-03  1.829729e-04  1.726885e+01  1.000000e+00  8.679677e+01  1.904199e+01 -3.915606e+01  8.563159e+01
3  2.099922e-01  5.762674e-02  5.902377e-01  2.418699e-01  1.232918e-01  9.842980e+00 6 1 -1.000000e+00
 4.701797e-01  5.229992e-02  1.733072e+00  0.000000e+00  0.000000e+00  2.226045e-01 -1.400253e-01 -8.790146e-02  6.961655e-03
-1.118174e-01 -4.598504e-02 -2.136735e-01  6.182935e+01  5.000000e-01  8.028152e-01 -1.565563e+00 -1.505965e+00  4.213347e-01
-8.413172e-04 -3.549203e-04  1.878530e-05  7.489201e+01  1.000000e+00  2.498606e+02 -4.929748e+01 -7.917232e+01  2.488807e+02
1 -5.020338e-01  3.779710e+00  0.000000e+00  2.686636e+00  0.000000e+00  1.515660e+01 0 2 -1.000000e+00
 4.314946e+00  9.638056e+00  3.012920e+00  0.000000e+00  0.000000e+00  4.110149e-01  6.185474e-02  1.057044e-01  1.230596e-04
3  4.484183e-01 -2.572369e-01  6.946280e-01  3.746281e-01  1.320792e-01  1.634600e+01 6 3  2.785779e-01
-1.548998e-01 -1.106643e-01 -6.155173e-01  2.271584e+01  5.000000e-01  9.489286e-01 -4.016991e-01 -1.210742e+00  3.941899e-01
 4.124374e-01  2.901306e-01  4.660214e+00  0.000000e+00  0.000000e+00  3.442924e-01 -1.316979e-01 -4.450008e-01  3.776874e-02
-5.947621e-03 -4.285081e-03  2.313429e-03  2.595612e+01  1.000000e+00  2.320176e+01 -2.630461e+00 -7.330770e+00  2.167908e+01
2  3.019192e-02 -1.110886e-01  7.782354e-01  4.320708e-01  9.097949e-01  1.243500e+01 6 1 -1.000000e+00
 2.323443e-01 -4.630069e-01  2.370920e+00  0.000000e+00  0.000000e+00  2.977768e-01  1.956986e-01  1.817752e-01  4.604679e-03
 3.346297e-02  2.893870e-01 -2.157051e+00  4.269471e+01  5.000000e-01  4.282226e-01  8.442688e-01 -2.788111e-01  2.733708e-02
3  3.994464e-01  3.577379e+00  2.360700e+00  8.808992e-01  2.859040e-01  1.274540e+01 6 3  3.101232e-01
 1.560764e+00  5.314155e-01  2.139096e+00  0.000000e+00  0.000000e+00  2.978629e-01 -1.271950e-01 -9.659523e-02  9.427775e-03
-7.102743e-01 -1.130155e-01 -7.481866e+00  3.608981e+01  5.000000e-01  6.076652e-01 -5.139335e-01 -1.531516e-01  8.581533e-02
-1.308619e-02 -3.356139e-03  2.769280e-03  4.412032e+01  1.000000e+00  2.004731e+01 -1.191265e+00  5.254587e-01  1.815177e+01
3 -2.302667e-01  1.980370e-02  1.171895e+00  5.025038e-01  2.632891e-01  1.341700e+01 6 3 -1.000000e+00
 4.331889e-01  5.563551e-02 -9.699488e-01  3.690502e+01  5.000000e-01  4.267291e-01 -1.159045e+00 -1.274196e-01  8.018484e-02
-7.224399e-01  2.502138e-01  3.683968e+00  0.000000e+00  0.000000e+00  2.844583e-01 -4.075558e-01  2.728584e-01  9.608460e-03
 8.245500e-04  2.339297e-04  2.039485e-05  6.913174e+01  1.000000e+00  2.381005e+02 -3.338653e+00 -8.469669e+01  2.369960e+02
5  1.735712e-01 -3.420682e-01  5.277535e+00  1.528991e+00  1.000000e+00  1.515470e+01 6 1 -1.000000e+00
-1.366833e+00 -2.669906e+00  2.120638e+00  0.000000e+00  0.000000e+00  3.073492e-01 -5.577695e-03  9.043177e-02  1.243976e-03
 1.165158e+00 -6.252467e-01 -1.239172e+00  2.255666e+02  5.000000e-01  7.961814e-01 -4.286581e-01  8.153435e-01  1.852521e-02
-5.394908e-01  5.524855e-01 -4.126609e-01  3.329885e+02  5.000000e-01  1.097587e+00 -1.109787e-01  1.555797e+00  9.263058e-02
 1.758668e+00  1.582577e+00  2.615186e+00  1.408588e+02  0.000000e+00  3.670662e-01 -1.293798e-01  3.852384e-02  2.254501e-03
-5.660095e-04  1.044773e-03  1.059815e-05  4.366039e+02  1.000000e+00  3.166978e+02  3.412790e+01  6.437617e+01  3.133270e+02
3 -1.415770e-01 -1.920159e-02  3.940686e-01  2.041921e-01  1.390475e-01  1.394380e+01 6 1 -1.000000e+00
-2.829239e-01 -1.359418e-01  1.752800e+00  0.000000e+00  0.000000e+00  2.058238e-01 -2.242292e-01 -9.960670e-02  2.197694e-02
 8.790775e-02 -2.622738e-03 -2.437224e-01  1.010860e+01  5.000000e-01  1.060311e+00 -2.022669e+00  1.243980e-01  7.763694e-01
 3.449542e-03  3.986620e-05  8.240941e-04  1.123503e+01  1.000000e+00  3.893758e+01 -1.483857e+01  2.371401e+00  3.839019e+01
2  3.022500e-01  4.496133e-01  1.564152e+00  5.770588e-01  1.591950e-01  1.197560e+01 6 1 -1.000000e+00
 8.572179e-01  1.022671e+00  1.555305e+00  0.000000e+00  0.000000e+00  1.965937e-01  4.310346e-02  2.536133e-02  7.633950e-04
-1.207461e-01 -1.980494e-01 -2.475969e-01  1.870002e+02  5.000000e-01  6.657087e-01  1.038231e+00 -1.752897e+00  1.172479e-01
3  9.760284e-01  2.852041e-01  2.977579e+00  9.879178e-01  1.505048e-01  1.259900e+01 6 1 -1.000000e+00
-3.080084e-01 -1.089912e-01 -3.140970e-01  3.443184e+02  5.000000e-01  1.296545e+00 -1.409938e+00 -1.133024e+00  3.546537e-01
 2.598430e+00  5.379945e-01  2.086956e+00  0.000000e+00  0.000000e+00  2.937776e-01 -1.156022e-01 -7.886357e-02  1.257252e-03
-2.051699e-02 -7.197279e-03  1.846478e-03  3.522425e+02  1.000000e+00  2.457450e+01 -2.266865e+00 -3.007776e+00  2.269893e+01
3 -7.365564e-01  1.321137e+00  1.079734e+00  4.065554e-01  1.057448e-03  1.026080e+01 6 2  2.703993e-01
-8.649357e-01  5.878148e-01  6.783704e+00  0.000000e+00  0.000000e+00  4.213210e-01  3.019482e-02  4.319092e-01  6.293978e-04
 1.858083e-02 -3.284993e-02 -7.173414e-03  2.255865e+02  5.000000e-01  9.156556e+00  5.190188e+00  1.337890e+01  7.663528e+00
 3.636797e-03 -7.524600e-03  3.624980e-04  2.262210e+02  1.000000e+00  6.997095e+01  3.002952e+01  3.311470e+01  6.792765e+01
3 -1.844928e+00  1.364271e+00  2.832936e+00  1.521610e+00  1.719877e-01  1.756940e+01 6 1  2.940392e-01
 7.868647e-01  2.249414e+00  2.505330e+00  0.000000e+00  0.000000e+00  2.810387e-01  3.354783e-01 -7.218479e-02  3.365575e-03
 8.857370e-02 -4.961123e-01 -4.308858e-01  1.700418e+02  5.000000e-01  1.457143e+00  1.464298e+00  6.209756e-01  2.417288e-01
 3.878534e-03 -2.882431e-02  2.236029e-03  1.768607e+02  1.000000e+00  2.399033e+01  8.478018e+00  3.075257e+00  1.996719e+01
2  2.180278e-01  7.841789e-02  1.410629e+00  5.660877e-01  5.136627e-01  8.544760e+00 6 1 -1.000000e+00
-5.245126e-01 -6.859367e-02 -1.242847e+00  4.615485e+01  5.000000e-01  3.545882e-01 -1.092002e+00 -1.693902e-01  2.010720e-02
 7.437652e-01  5.489385e-01  2.419579e+00  0.000000e+00  0.000000e+00  2.724116e-01 -1.712669e-01 -2.945462e-01  5.411867e-03
3 -1.809840e-01  1.551362e-01  1.898171e+00  7.081361e-01  7.931182e-01  1.012140e+01 6 1 -1.000000e+00
 1.337686e-01 -6.977789e-01 -2.158304e+00  1.236060e+02  5.000000e-01  6.292696e-01  7.319807e-01  2.548962e-01  3.409902e-02
-1.246433e+00  6.053319e-01  2.721289e+00  0.000000e+00  0.000000e+00  3.656176e-01 -6.286815e-02  1.761130e-01  1.134632e-03
 1.744357e-04 -3.426091e-04  4.914758e-06  2.257420e+02  1.000000e+00  4.887811e+02  1.708455e+02 -7.261807e+01  4.857345e+02
3  6.023562e-02 -4.579924e-01  1.080710e+00  4.113452e-01  1.976829e-01  1.937760e+01 6 1 -1.000000e+00
-1.544733e-01 -1.020212e+00  1.667376e+00  0.000000e+00  0.000000e+00  2.179575e-01  4.120395e-02  1.007375e-01  4.335447e-03
-1.166509e-02  5.102102e-02 -3.296118e-01  1.147138e+02  5.000000e-01  5.210316e+00  4.070292e+00  2.047767e+00  4.306665e+00
-9.688722e-03  4.271746e-02  2.363103e-01  1.147150e+02  1.000000e+00  6.440103e+00  4.492385e+00  2.276284e+00  5.492636e+00
3 -1.397053e-01  2.632200e-01  1.100942e+00  5.227177e-01  3.306394e-01  1.644460e+01 6 1 -1.000000e+00
 1.471770e-01 -1.963828e-01 -6.775760e-01  8.389407e+01  5.000000e-01  7.858466e-01  2.509346e-01  1.207784e+00  1.891198e-01
-2.935283e-01  8.125036e-01  2.049290e+00  0.000000e+00  0.000000e+00  2.853967e-01  1.153439e-01  9.684924e-02  6.304298e-03
 1.628799e-03 -3.019710e-03  2.524153e-04  9.732493e+01  1.000000e+00  6.472300e+01  5.080094e+00  8.549208e+00  6.307066e+01
3 -3.837757e+00 -3.231549e+00  4.023805e+00  1.533958e+00  2.189058e-01  1.872350e+01 6 1  3.006149e-01
 2.766209e+00 -2.191267e+00  1.928417e+00  0.000000e+00  0.000000e+00  2.798025e-01  8.258931e-03  7.501126e-03  4.010143e-03
-3.973192e-01  2.953156e-01 -4.221416e-01  2.467361e+02  5.000000e-01  1.774929e+00 -5.999221e-01  1.615389e+00  6.095862e-01
-4.126678e-02  3.359033e-02  4.672002e-03  2.509003e+02  1.000000e+00  1.877499e+01 -1.928110e+00  9.909174e+00  1.627642e+01
3  6.483298e-02  6.956801e-01  1.796554e+00  7.053513e-01  1.669754e-01  1.760360e+01 6 1 -1.000000e+00
 1.437878e-01  1.543145e+00  1.372655e+00  0.000000e+00  0.000000e+00  1.453766e-01 -4.271261e-02  6.462612e-03  4.738509e-03
-3.974705e-02 -2.440094e-01 -2.291996e-01  6.356868e+01  5.000000e-01  9.621985e-01  2.023394e+00 -5.199184e-01  6.012624e-01
-2.428002e-03 -1.164852e-02  7.018097e-04  6.676033e+01  1.000000e+00  4.006125e+01  7.610739e+00 -6.555186e+00  3.930387e+01
3 -2.409483e-01 -2.151179e-01  1.062679e+00  6.014888e-01  1.572990e-01  9.812060e+00 6 1 -1.000000e+00
-6.582239e-01 -3.734977e-01  2.371940e+00  0.000000e+00  0.000000e+00  2.280322e-01 -1.180136e-01 -4.005138e-01  4.251630e-02
 2.364043e-01  2.000232e-01 -3.731039e-01  2.329386e+01  5.000000e-01  6.257560e-01 -4.328028e-02 -1.678810e+00  3.616575e-01
 2.695990e-03  1.796701e-03  1.201992e-04  3.112214e+01  1.000000e+00  9.754157e+01 -1.995259e+01 -2.454891e+01  9.690847e+01
1 -3.310571e+00 -7.018045e+00  0.000000e+00  9.341369e+00  0.000000e+00  9.033410e+00 0 2  2.745784e-01
 1.471427e+01 -6.726821e+00  3.019146e+00  0.000000e+00  0.000000e+00  3.068149e-01 -3.448307e-01  1.742923e-01  6.425057e-06
2  6.785731e-02  1.773169e-01  9.049081e-01  5.081084e-01  3.933016e-01  1.460950e+01 6 1 -1.000000e+00
-7.821806e-02 -2.905430e-01 -1.103590e+00  3.480869e+01  5.000000e-01  4.939756e-01  9.526003e-01 -5.047245e-01  3.738456e-02
 2.992886e-01  5.318604e-01  2.805964e+00  0.000000e+00  0.000000e+00  2.894853e-01  2.302745e-01 -3.089029e-01  5.253006e-03
5 -1.429138e-01  2.890987e-01  3.926685e+00  1.439200e+00  1.000000e+00  1.696300e+01 6 3 -1.000000e+00
 4.187800e-02 -1.056234e+00 -1.271717e+00  1.169096e+02  5.000000e-01  8.495156e-01  8.991159e-01  2.396916e-02  1.821009e-01
 1.732517e+00  5.678521e-01  6.865281e+00  6.093937e+01  0.000000e+00  5.370539e-01 -1.266168e-01 -2.294055e-01  2.919058e-02
-2.179733e+00  9.042410e-01  3.331492e+00  0.000000e+00  0.000000e+00  4.314627e-01 -2.591361e-02  1.496576e-01  1.312662e-02
 9.468009e-01  1.294556e+00 -5.447589e+00  6.426399e+01  5.000000e-01  6.489063e-01  2.872762e-01 -4.736101e-01  6.016929e-02
 3.377798e-03 -9.653894e-03  1.312345e-03  1.601795e+02  1.000000e+00  2.953652e+01  6.924792e+00  2.094141e+00  2.779096e+01
3  1.342810e+00 -2.813599e+00  1.683261e+00  1.051577e+00  1.926601e-01  1.534350e+01 6 1  2.930955e-01
 1.197332e+00 -5.904635e-01  2.304822e+00  0.000000e+00  0.000000e+00  2.439460e-01 -2.713017e-01  2.532588e-01  2.079357e-03
-4.148732e-01 -1.065604e-01 -4.440472e-01  1.251398e+02  5.000000e-01  1.448647e+00 -1.362441e+00 -7.726907e-01  2.885809e-01
-1.168111e-02 -2.147468e-03  5.461030e-04  1.373924e+02  1.000000e+00  5.544757e+01 -3.008492e+01 -1.510890e+01  4.969789e+01
3 -3.690837e+00 -1.999666e+00  2.954169e+01  1.259319e+01  8.104058e-01  7.992760e+00 6 3 -1.000000e+00
 3.649210e+00 -1.414366e+01  4.011642e+00  1.748416e+04  0.000000e+00  3.748146e-01  3.618112e-01  1.033197e-01  4.849051e-06
-5.955712e+00 -1.259518e+01 -3.251058e+00  1.896762e+04  5.000000e-01  6.737761e-01  4.271258e-01 -4.812253e-01  7.874913e-06
-1.873492e+01  5.134892e+00  1.946839e+00  0.000000e+00  0.000000e+00  2.635751e-01 -1.362620e-01  1.005043e-01  7.634163e-06
3  4.235591e-01  1.564810e-01  2.077718e+00  7.963664e-01  8.132777e-01  1.396330e+01 6 1 -1.000000e+00
-5.431975e-01 -2.433618e-02 -1.352691e+00  5.837953e+01  5.000000e-01  5.248135e-01 -9.789449e-01  8.207494e-02  1.449663e-01
 1.404154e+00  7.000494e-01  1.663258e+00  0.000000e+00  0.000000e+00  2.242892e-01 -4.080928e-03  2.193122e-02  6.829150e-03
-2.926839e-03 -8.838759e-04  7.262548e-05  7.666212e+01  1.000000e+00  1.197832e+02 -1.784042e+01 -4.679402e+00  1.186271e+02
3 -2.247612e-01 -2.163887e-02  1.069233e+00  4.744364e-01  4.868112e-01  1.717390e+01 6 1 -1.000000e+00
-7.035691e-01 -1.322329e-01  2.561054e+00  0.000000e+00  0.000000e+00  2.618570e-01 -3.641364e-01 -1.476329e-01  3.120917e-02
 3.598961e-01 -2.131920e-02 -1.246750e+00  2.391471e+01  5.000000e-01  5.204035e-01 -1.014233e+00  5.856613e-02  1.990678e-01
 4.072823e-03 -7.445153e-05  6.037287e-04  3.353177e+01  1.000000e+00  4.210476e+01 -3.876085e+00  4.266602e+00  4.121491e+01
1 -2.218322e+00  1.052752e+00  0.000000e+00  9.672992e-01  0.000000e+00  1.376570e+01 0 2  3.116023e-01
 2.706837e+00 -3.417852e+00  3.363820e+00  0.000000e+00  0.000000e+00  3.071535e-01  2.960385e-01  3.084096e-01  1.851085e-04
1 -1.503185e-01 -1.291954e-01  0.000000e+00  4.191044e-02  0.000000e+00  1.396950e+01 0 2  2.833309e-01
-8.456479e-02  1.932916e-03  3.761983e+00  0.000000e+00  0.000000e+00  4.792032e-01 -6.402295e-02  3.623632e-02  2.372425e-03
1  1.224542e+00  4.655087e-01  0.000000e+00  1.528734e+00  0.000000e+00  1.026030e+01 0 2 -1.000000e+00
 2.776211e+00  1.030076e+00  7.215103e+00  0.000000e+00  0.000000e+00  5.192244e-01 -2.555259e-01 -1.650866e-01  5.267184e-03
2  1.857441e-02  6.892641e-01  2.481316e+00  9.542354e-01  1.034696e-01  1.325080e+01 6 1 -1.000000e+00
-8.640159e-01  1.950544e+00  2.478233e+00  0.000000e+00  0.000000e+00  3.481137e-01  1.445219e-01  2.357668e-02  1.202940e-03
-6.656853e-02 -3.991381e-01 -2.564218e-01  3.705445e+02  5.000000e-01  1.156553e+00  1.785517e+00 -8.580573e-01  1.944070e-01
3  3.433578e-01  2.024817e-02  8.605531e-01  4.484538e-01  6.317317e-02  1.275930e+01 6 2 -1.000000e+00
 5.733766e-01  4.107359e-01  3.112408e+00  0.000000e+00  0.000000e+00  2.847445e-01 -3.682289e-01 -2.338873e-01  1.839653e-02
-1.819231e-01 -1.664364e-03 -1.966207e-01  6.521763e+01  5.000000e-01  1.105495e+00 -2.257645e+00  1.015249e-02  6.008562e-01
-6.361987e-03 -2.658900e-04  5.973294e-04  7.237078e+01  1.000000e+00  4.375523e+01 -1.239471e+01 -5.126209e-01  4.260526e+01
3 -5.114984e-01  4.518912e-02  1.648520e+00  8.344096e-01  2.339119e-01  1.782700e+01 6 1 -1.000000e+00
 4.483020e-01 -7.645046e-03 -4.053592e-01  1.013038e+02  5.000000e-01  5.207693e-01 -1.638875e+00  1.034320e-01  2.177135e-01
-1.191841e+00  1.583338e-01  1.732956e+00  0.000000e+00  0.000000e+00  1.974180e-01 -2.507062e-01  6.508227e-02  1.248191e-02
 1.241423e-03  1.911144e-05  6.061461e-06  1.465886e+02  1.000000e+00  4.284122e+02 -1.286345e+02 -3.402420e+01  4.273605e+02
2 -1.432832e+00  3.079792e+00  3.408283e+00  1.583822e+00  1.529167e-03  1.258410e+01 6 2  2.669521e-01
-3.305567e+00  5.014927e-02  3.285748e+00  0.000000e+00  0.000000e+00  3.647583e-01 -3.031402e-01 -8.540135e-02  7.372977e-05
 1.024402e-01  6.823193e-03 -5.024457e-03  1.417238e+03  5.000000e-01  4.410980e+00 -1.437837e+01 -1.980811e+00  1.729999e+00
3  3.730962e-01  1.678552e-01  1.396149e+00  6.095638e-01  1.497723e-01  6.616430e+00 6 3 -1.000000e+00
-3.276086e-01 -1.933336e-01 -4.894552e-01  2.631192e+01  5.000000e-01  8.397045e-01 -8.794392e-01 -1.138143e+00  4.143299e-01
 8.886015e-01  4.922785e-01  3.267996e+00  0.000000e+00  0.000000e+00  3.005450e-01 -2.961984e-01 -3.090402e-01  3.537521e-02
-8.721747e-03 -6.106151e-03  9.621666e-04  3.101670e+01  1.000000e+00  3.565409e+01 -3.743359e-01 -1.270610e+01  3.461228e+01
1  2.392236e+00 -5.025149e+00  0.000000e+00  2.772512e+00  0.000000e+00  1.632650e+01 0 2 -1.000000e+00
 3.206493e+00 -9.295359e+00  3.020990e+00  0.000000e+00  0.000000e+00  3.756489e-01  1.475670e-01  1.924082e-01  5.121057e-04
3  4.730430e-01  1.125217e+00  1.800482e+00  9.089371e-01  2.482617e-01  1.261110e+01 6 1  2.902573e-01
-1.340514e+00 -5.135824e-01  2.199275e+00  0.000000e+00  0.000000e+00  2.303599e-01 -2.347004e-01 -2.873434e-01  3.314406e-03
 3.345803e-01  1.465657e-01 -5.459957e-01  1.516275e+02  5.000000e-01  1.141732e+00 -8.601330e-01 -1.054408e+00  1.336811e-01
 1.243608e-02  4.625767e-03  1.105752e-03  1.611045e+02  1.000000e+00  3.248656e+01 -7.997102e+00 -4.804972e+00  2.735712e+01
1 -6.841375e-03 -9.383492e-03  0.000000e+00  3.362437e-02  0.000000e+00  1.258820e+01 0 2  2.850915e-01
-5.345671e-02  2.893711e-02  4.451298e+00  0.000000e+00  0.000000e+00  4.004024e-01 -2.173991e-01  2.959753e-01  3.445782e-04
4 -1.103656e+00 -7.552021e-01  3.169407e+00  2.075563e+00  1.000000e+00  1.078550e+01 6 3 -1.000000e+00
-1.606703e+00 -2.371305e+00  5.589977e+00  0.000000e+00  0.000000e+00  4.639299e-01  1.185132e-01 -3.073015e-01  3.591846e-04
-2.900086e+00 -6.715826e-01 -2.455562e+01  3.844416e+01  5.000000e-01  6.516025e-01 -2.896058e-01 -2.797020e-01  3.417907e-04
-3.026519e+00 -3.159850e-01  2.256226e+01  3.804678e+01  0.000000e+00  6.023871e-01 -2.792222e-01 -1.892330e-01  3.449162e-04
 1.187689e-01  7.428078e-02 -1.878992e-02  9.792086e+02  5.000000e-01  3.492131e+00 -3.440909e+00 -6.898615e+00  1.464145e+00
2  1.512399e-01  1.871738e-01  1.263485e+00  6.905371e-01  5.350948e-01  7.992760e+00 6 3 -1.000000e+00
 5.868870e-01  6.407233e-01  1.798137e+00  0.000000e+00  0.000000e+00  2.466208e-01  3.699109e-02 -1.004024e-01  1.403136e-03
-2.257579e-01 -3.267494e-01 -3.360407e+00  1.285426e+02  5.000000e-01  3.794455e-01  3.933432e-01 -7.266031e-01  1.209793e-02
3  1.234884e-01 -2.508102e+00  2.188314e+00  9.964677e-01  1.159799e-01  4.656820e+00 6 1  2.785068e-01
-8.068228e-01 -1.723263e+00  2.006404e+00  0.000000e+00  0.000000e+00  2.597329e-01  1.921380e-01 -1.125798e-01  1.884544e-03
-1.888631e-02  3.182739e-01 -2.327026e-01  3.314053e+02  5.000000e-01  1.414231e+00  2.106033e+00  1.831478e-01  3.683720e-01
-8.203862e-04  1.082573e-02  4.013451e-04  3.484555e+02  1.000000e+00  5.390458e+01  1.481449e+01  9.370365e+00  5.109406e+01
3  2.032416e-01 -4.308353e-01  1.510084e+00  9.237151e-01  1.122645e-01  5.783850e+00 6 3 -1.000000e+00
 2.527495e-01 -1.130578e+00  3.589529e+00  0.000000e+00  0.000000e+00  3.466369e-01  3.164157e-01  2.194912e-01  7.147085e-03
-1.936783e-01  3.120088e-01 -4.029768e-01  1.602348e+02  5.000000e-01  8.312926e-01  7.967510e-01  1.369373e+00  2.012238e-01
-2.477371e-03  3.503883e-03  1.486776e-04  1.927482e+02  1.000000e+00  8.505665e+01 -6.267680e+00  1.732842e+01  8.325988e+01
2 -1.148830e+00  6.678753e-01  2.304173e+00  1.025810e+00  5.251722e-03  1.214460e+01 6 2 -1.000000e+00
-2.131059e+00  2.081141e-01  3.167955e+00  0.000000e+00  0.000000e+00  3.365838e-01 -2.094189e-01  2.839079e-01  6.334896e-04
 1.540153e-01 -8.794309e-02 -1.663722e-02  9.958928e+02  5.000000e-01  1.783233e+00 -3.594620e+00  6.913636e+00  7.699260e-01
3 -1.324441e+00 -3.466430e-01  4.136531e+00  2.210212e+00  1.894161e-01  4.117550e+00 6 1 -1.000000e+00
-3.019369e+00 -1.329305e+00  2.746135e+00  0.000000e+00  0.000000e+00  3.056827e-01 -2.470692e-01 -2.385061e-01  3.841937e-02
 8.751876e-01  6.472577e-02 -5.201621e-01  9.817050e+01  5.000000e-01  1.277572e+00 -1.375541e+00 -3.277364e-01  8.633151e-01
 1.333864e-01  1.028211e-02  2.285578e-02  1.013280e+02  1.000000e+00  8.391581e+00 -3.294110e+00  1.780780e-01  7.768102e+00
3  3.762644e-01 -6.582295e-03  1.369912e+00  7.143174e-01  2.945001e-01  1.783390e+01 6 1 -1.000000e+00
 9.987782e-01 -1.323197e-01  1.920986e+00  0.000000e+00  0.000000e+00  2.222769e-01 -2.704029e-01  1.056858e-01  5.656453e-02
-3.694693e-01 -6.481900e-02 -5.657306e-01  2.522344e+01  5.000000e-01  9.765265e-01 -1.265344e+00 -4.087563e-01  7.154009e-01
-2.044363e-02 -2.739986e-03  4.006202e-03  2.826320e+01  1.000000e+00  1.861565e+01 -7.004859e+00 -3.410314e+00  1.808924e+01
3 -1.383411e+00 -9.478154e-01  2.384056e+00  8.086535e-01  1.058132e-01  1.122380e+01 6 1  2.902397e-01
-7.190575e-01 -2.068595e+00  1.447705e+00  0.000000e+00  0.000000e+00  1.625555e-01 -1.006449e-01 -2.087152e-02  5.067315e-03
 1.735052e-02  4.759772e-02  1.097700e-02  1.622708e+02  1.000000e+00  1.317842e+01  5.966552e+00 -4.649142e+00  1.180643e+01
 5.912079e-02  1.848821e-01 -1.531863e-01  1.616070e+02  5.000000e-01  2.670686e+00  2.605563e+00 -1.590669e+00  1.805788e+00
3 -1.567649e-01 -4.140547e-02  8.255021e-01  3.808462e-01  8.485144e-01  1.873470e+01 6 1 -1.000000e+00
-5.262409e-01 -1.775935e-01  1.936339e+00  0.000000e+00  0.000000e+00  2.454829e-01 -1.882909e-01 -1.319243e-01  1.474216e-02
 2.756139e-01  1.857639e-02 -1.643011e+00  1.602600e+01  5.000000e-01  4.390024e-01 -9.503322e-01 -1.422163e-01  1.287622e-01
 8.774464e-04  7.030477e-05  4.010736e-05  2.587758e+01  1.000000e+00  1.634782e+02 -3.379978e+01  1.799092e+01  1.623831e+02
3  2.636942e+00  2.623544e+00  1.068028e+00  5.481607e-01  2.118197e-01  4.896330e+00 6 3  3.302974e-01
-7.103486e-01 -3.730138e-01  5.552160e+00  0.000000e+00  0.000000e+00  4.093269e-01 -1.440198e-01 -3.847634e-01  3.091440e-02
 1.663199e-01  2.370156e-01 -1.176057e+00  1.022378e+01  5.000000e-01  1.074861e+00  2.190668e-01 -8.988397e-01  4.216439e-01
 2.053618e-02  3.141412e-02  4.850670e-02  1.079104e+01  1.000000e+00  6.004876e+00  1.241494e+00 -1.700520e+00  4.614128e+00
1  2.383989e+00  2.027909e+00  0.000000e+00  3.806920e+00  0.000000e+00  1.612910e+01 0 2 -1.000000e+00
 2.069114e+00  8.301409e+00  3.057785e+00  0.000000e+00  0.000000e+00  3.843443e-01 -3.521995e-02 -2.252940e-01  2.973456e-04
3  1.669704e-01 -7.781834e-01  2.003252e+00  9.432966e-01  5.899969e-02  1.181380e+01 6 2 -1.000000e+00
 1.505729e-01 -1.519900e+00  3.467312e+00  0.000000e+00  0.000000e+00  2.942101e-01  4.324890e-01  1.506149e-01  1.392579e-02
-3.604598e-04  3.828701e-03  3.473333e-05  1.568645e+02  1.000000e+00  1.753687e+02  3.930498e+01 -8.293812e+00  1.743628e+02
-8.658834e-02  4.692638e-01 -2.045704e-01  1.248157e+02  5.000000e-01  7.327638e-01  2.013733e+00  9.510995e-01  3.110893e-01
4  9.883308e-02 -6.473147e-02  4.238965e+00  1.592991e+00  1.000000e+00  1.614980e+01 6 3 -1.000000e+00
-3.840364e-01 -2.169000e+00  3.709880e+00  0.000000e+00  0.000000e+00  4.639159e-01  1.280029e-01 -3.809098e-02  7.178081e-04
 1.360581e+00 -4.091936e-01 -3.374929e+00  2.148822e+02  5.000000e-01  7.502948e-01 -5.086173e-01  3.161703e-01  4.337681e-04
-1.052998e+00  4.505028e-01 -2.278478e+00  3.372947e+02  5.000000e-01  8.833167e-01 -4.999905e-01  4.500156e-01  8.717270e-04
 9.065801e-01  1.868714e+00  4.087119e+00  5.639890e+01  0.000000e+00  4.764747e-01  3.382478e-02 -1.681176e-01  5.996068e-04
3  5.194157e-01  6.172321e-02  1.772703e+00  7.917481e-01  3.109872e-01  1.024560e+01 6 1 -1.000000e+00
-3.724889e-01 -5.040421e-02 -5.818882e-01  5.239881e+01  5.000000e-01  1.144661e+00 -1.316859e+00 -7.315234e-02  8.666884e-01
 1.276132e+00  6.011519e-01  1.871100e+00  0.000000e+00  0.000000e+00  2.375057e-01 -2.145928e-01 -3.004171e-02  6.465684e-02
-5.064559e-02 -1.186949e-02  1.990125e-02  5.448268e+01  1.000000e+00  8.948137e+00 -3.049354e+00 -1.904265e+00  8.498394e+00
1 -6.402081e-01  4.874474e-01  0.000000e+00  1.348408e+00  0.000000e+00  1.416430e+01 0 2 -1.000000e+00
-1.433748e+00  1.113888e+00  3.502768e+00  0.000000e+00  0.000000e+00  3.682010e-01 -4.009428e-02  3.347745e-01  1.462381e-02
1 -9.185331e-02  1.764571e-01  0.000000e+00  7.009133e-02  0.000000e+00  6.544740e+00 0 2  2.882565e-01
-1.467577e-01 -1.474789e-02  4.708070e+00  0.000000e+00  0.000000e+00  4.831912e-01 -1.695817e-01 -1.610347e-01  3.795253e-02
2  3.256105e+00 -1.347486e-01  2.673694e-02  1.400112e+00  2.322804e-01  1.594030e+01 6 1  2.786703e-01
-4.595362e-02  2.482211e-02 -4.157670e-03  1.241848e+03  5.000000e-01  1.973403e+01 -1.530333e+01  1.890215e+01  1.600121e+01
-2.210123e-02  1.274207e-02  9.657453e-04  1.241982e+03  1.000000e+00  5.164139e+01 -2.105428e+01  3.295144e+01  4.700256e+01
3  1.556051e+00 -1.276350e-01  3.520743e+00  1.790526e+00  6.149606e-03  9.819370e+00 6 2 -1.000000e+00
 3.334941e+00 -4.225780e-01  3.720600e+00  0.000000e+00  0.000000e+00  4.206091e-01 -2.546207e-01  4.569719e-02  8.683444e-04
-1.592642e-01  8.888562e-03 -2.288023e-02  8.303133e+02  5.000000e-01  4.565022e+00 -7.433219e+00  1.078191e+00  2.894690e+00
-1.824582e-02  6.745403e-04  3.256273e-04  8.360855e+02  1.000000e+00  6.528338e+01 -3.254811e+01  1.406420e+00  6.266465e+01
4  5.017726e-01 -1.477821e+00  2.444728e+00  1.191774e+00  1.000000e+00  1.324800e+01 6 3  2.783507e-01
-8.220887e-01 -1.221104e+00  3.692080e+00  0.000000e+00  0.000000e+00  3.686928e-01  2.980281e-01 -1.971751e-01  3.765763e-03
 4.971324e-01 -1.118512e+00 -4.576991e+00  1.281559e+01  5.000000e-01  4.438749e-01  5.032229e-01  5.239523e-01  2.061204e-03
 1.440644e+00 -2.955040e-01  3.860496e+00  1.633325e+00  0.000000e+00  3.805841e-01 -1.995971e-01  2.912095e-01  2.374960e-03
-2.833638e-01  6.646555e-01 -7.676533e-01  1.296986e+02  5.000000e-01  6.625108e-01  8.268756e-01  8.560650e-01  9.743511e-03
3  7.098144e-01  1.762275e+00  1.234876e+00  6.286006e-01  1.504571e-01  1.025970e+01 6 1  2.836533e-01
-6.102365e-02 -2.214623e-01 -3.660352e-01  1.018046e+02  5.000000e-01  1.368228e+00  1.483915e+00 -8.158220e-01  7.446710e-02
-2.831907e-01  9.932639e-01  2.432822e+00  0.000000e+00  0.000000e+00  2.900360e-01  2.995693e-01  5.711182e-02  4.047731e-04
-7.227647e-04 -1.404765e-03  2.023219e-05  1.129438e+02  1.000000e+00  2.504418e+02  1.735463e+01 -1.117759e+02  2.435664e+02
1 -1.554887e-01  8.269164e-02  0.000000e+00  5.208109e-02  0.000000e+00  1.260550e+01 0 2  3.178385e-01
 1.851238e-01  1.108381e-01  5.944814e+00  0.000000e+00  0.000000e+00  3.933769e-01 -4.164103e-01 -1.624198e-01  3.092332e-04
1  1.321222e+01  3.609108e+00  0.000000e+00  3.952729e+00  0.000000e+00  8.329590e+00 0 2  2.826763e-01
 6.735415e+00 -2.932276e+00 -1.620411e+01  2.159777e+03  5.000000e-01  6.541212e-01 -4.003205e-01 -1.452183e-01  1.326998e-04
4 -2.171669e+00 -1.399183e+00  4.983173e+00  1.795679e+00  1.000000e+00  1.392980e+01 6 3  2.721147e-01
-4.250606e-01 -3.173470e+00  2.757165e+00  0.000000e+00  0.000000e+00  3.865539e-01 -7.271843e-02 -9.130609e-02  3.081777e-04
-2.012538e+00 -1.606373e-02 -3.572514e+00  2.697702e+02  5.000000e-01  7.228056e-01 -5.757530e-01 -1.589344e-01  2.332103e-03
-1.841923e+00  1.604031e+00  4.215925e+00  2.312408e+02  0.000000e+00  4.715868e-01 -1.287994e-01  1.594846e-01  7.273643e-04
 4.953227e-01  1.588155e-01 -3.761973e-01  6.712251e+02  5.000000e-01  1.619081e+00 -1.473904e+00 -9.322278e-01  1.188618e-01
2 -1.460787e-02 -3.282599e-01  1.428401e+00  6.949157e-01  2.091076e-01  1.535170e+01 6 1 -1.000000e+00
 3.361031e-01 -1.002285e+00  2.934926e+00  0.000000e+00  0.000000e+00  3.575152e-01  2.535169e-01  8.827077e-02  2.773619e-03
 8.462114e-02  4.038034e-01 -6.137153e-01  1.710985e+02  5.000000e-01  6.480247e-01  1.173496e+00 -6.133626e-01  4.567659e-02
3  6.777761e+00  1.225099e+00  3.012329e+01  1.258233e+01  8.606808e-01  6.165280e+00 6 3 -1.000000e+00
 1.159522e+01 -1.210558e+01  3.077509e+00  7.638816e+02  0.000000e+00  3.791058e-01 -2.015052e-01  1.413050e-01  3.858996e-04
 1.272143e+01  2.121744e+00 -2.648753e+00  1.895278e+03  5.000000e-01  7.951050e-01 -6.238110e-01 -1.742930e-01  1.249915e-03
 7.357798e+00  1.771819e+01  2.623288e+00  0.000000e+00  0.000000e+00  3.654466e-01 -8.921332e-02 -1.161805e-01  7.550493e-04
1  1.080471e+00  4.067227e+00  0.000000e+00  3.306596e+00  0.000000e+00  1.805240e+01 0 2 -1.000000e+00
 1.760783e+00  7.598985e+00  3.060058e+00  0.000000e+00  0.000000e+00  3.681565e-01  2.558009e-01 -8.367112e-02  4.041789e-04
2 -1.010092e-01 -1.017284e-03  9.588697e-01  5.555875e-01  3.644702e-01  1.407450e+01 6 3 -1.000000e+00
-4.712885e-01 -4.031497e-01  3.141226e+00  0.000000e+00  0.000000e+00  2.328256e-01 -1.919407e-01 -4.830821e-01  7.728431e-03
 4.376491e-01 -9.775857e-02 -1.144883e+00  2.045831e+01  5.000000e-01  3.061130e-01 -1.062042e+00  4.764427e-01  5.565391e-02
1 -2.462678e-01 -2.222018e-01  0.000000e+00  3.470721e-01  0.000000e+00  1.011630e+01 0 2  2.973766e-01
-7.750274e-01 -1.386038e-01  3.123588e+00  0.000000e+00  0.000000e+00  2.495112e-01 -4.120434e-01 -2.707562e-01  3.895558e-02
1 -1.588453e+00 -9.987452e-01  0.000000e+00  1.946057e+00  0.000000e+00  1.136960e+01 0 2 -1.000000e+00
-2.874943e+00 -2.272113e+00  4.972516e+00  0.000000e+00  0.000000e+00  4.580576e-01 -8.311629e-02 -2.927248e-01  3.747939e-03
3  5.323866e-02 -6.064645e-02  3.958218e-01  2.081579e-01  2.751340e-01  1.611340e+01 6 1 -1.000000e+00
 2.868216e-01 -6.015470e-02  2.731401e+00  0.000000e+00  0.000000e+00  2.971509e-01 -2.582746e-01  2.473433e-01  1.088233e-01
-7.135587e-02  1.083204e-01 -7.515013e-01  6.335187e+00  5.000000e-01  9.196406e-01  5.095814e-01  1.038005e+00  6.584348e-01
-4.665445e-03  5.781564e-03  1.243138e-02  7.381059e+00  1.000000e+00  1.049613e+01  9.510509e-01  2.971606e+00  1.002560e+01
3 -2.569984e-01 -1.451884e+00  2.473066e+00  1.248679e+00  6.213050e-03  1.064570e+01 6 2 -1.000000e+00
-1.075988e+00 -2.065665e+00  3.111517e+00  0.000000e+00  0.000000e+00  3.168843e-01  3.526023e-01 -1.446790e-01  5.621680e-04
 1.146533e-03  4.533748e-03  3.106672e-05  6.841124e+02  1.000000e+00  1.815004e+02  9.534478e+00 -1.734034e+01  1.788070e+02
 2.998047e-02  1.463221e-01 -1.933201e-02  6.664706e+02  5.000000e-01  2.334048e+00  6.839646e+00 -2.593568e+00  1.037660e+00
1  4.107956e+00  3.798057e+00  0.000000e+00  1.237992e+00  0.000000e+00  5.864600e+00 0 2  3.233604e-01
-2.319268e+00 -2.065841e+00  3.312210e+00  0.000000e+00  0.000000e+00  4.141784e-01 -1.566046e-02 -2.025548e-01  3.074703e-03
3 -7.130325e-01 -1.056948e-01  2.372306e+00  8.169824e-01  2.269547e-01  1.515840e+01 6 1 -1.000000e+00
-1.932122e+00 -5.419128e-01  1.993452e+00  0.000000e+00  0.000000e+00  2.857871e-01 -9.195567e-02 -1.366908e-03  2.809248e-03
 3.641956e-01  5.370315e-02 -4.524234e-01  1.882105e+02  5.000000e-01  9.707188e-01 -1.467709e+00 -2.387607e-01  2.567685e-01
 9.464169e-03  2.733080e-03  4.160122e-04  2.013521e+02  1.000000e+00  5.139942e+01 -6.442861e+00 -9.737342e+00  4.967668e+01
3  2.002276e-01 -3.030402e-01  9.635436e-01  4.111456e-01  1.782867e-01  7.089440e+00 6 1 -1.000000e+00
 4.958819e-01 -6.240794e-01  1.667305e+00  0.000000e+00  0.000000e+00  2.095553e-01  8.342646e-02  1.344341e-01  7.976600e-03
-8.783825e-02  1.425281e-01 -2.972583e-01  5.800430e+01  5.000000e-01  9.419973e-01  8.501956e-01  1.626226e+00  4.643441e-01
-3.502050e-03  5.508850e-03  7.322452e-04  6.225254e+01  1.000000e+00  3.888487e+01  3.970785e+00  7.337159e+00  3.776495e+01
3 -4.507156e-01 -1.752293e-01  2.545582e+00  1.370880e+00  2.061737e-01  1.516080e+01 6 3 -1.000000e+00
-1.884907e+00  2.386315e-01  4.067768e+00  0.000000e+00  0.000000e+00  4.291427e-01 -2.828987e-01  3.358373e-03  5.503376e-03
 6.568972e-01  3.772659e-01 -8.386667e-01  2.157854e+02  5.000000e-01  8.669611e-01 -4.941115e-01 -9.828133e-01  8.001758e-02
 1.688070e-03  6.638380e-04  1.732587e-05  3.091506e+02  1.000000e+00  2.470384e+02 -3.830905e+01 -3.674427e+01  2.441610e+02
3 -2.902364e-01  1.956215e+00  2.951143e+00  1.410653e+00  2.363509e-01  1.594300e+01 6 1  2.730682e-01
-2.517875e+00  6.636104e-01  2.204153e+00  0.000000e+00  0.000000e+00  3.216059e-01 -6.414985e-02  4.913612e-02  1.133151e-03
 2.359080e-01 -3.974855e-01 -5.209535e-01  4.739600e+02  5.000000e-01  1.524926e+00  9.054703e-01  1.172701e+00  2.077562e-01
 1.008062e-02 -1.104497e-02  9.697011e-04  4.949100e+02  1.000000e+00  3.610752e+01  3.630205e+00  1.371546e+01  3.249174e+01
3 -1.082405e-01 -4.526807e-01  1.300800e+00  5.706305e-01  1.878357e-01  1.893560e+01 6 1 -1.000000e+00
-5.636313e-01 -9.209570e-01  1.681451e+00  0.000000e+00  0.000000e+00  2.056923e-01  1.788354e-01 -6.494827e-02  2.340480e-02
 3.035454e-02  2.363075e-01 -3.158365e-01  1.480931e+02  5.000000e-01  1.166471e+00  1.766361e+00 -2.718045e-01  8.243894e-01
 4.750066e-03  2.117412e-02  4.732394e-03  1.549141e+02  1.000000e+00  1.658725e+01  5.187384e+00 -2.178052e+00  1.599672e+01
3  2.464743e+00  2.758968e+00  6.928921e+00  3.681064e+00  7.186951e-01  1.534240e+01 6 1  2.871045e-01
-5.490908e+00  2.321694e+00  2.069668e+00  0.000000e+00  0.000000e+00  2.674219e-01  4.715064e-02  2.264468e-01  2.142714e-03
 7.700257e-01 -6.465817e-01 -2.879758e+00  6.673527e+02  5.000000e-01  1.473588e+00  1.494568e-02  7.558531e-01  1.715553e-01
 3.867133e-01 -2.979368e-01  7.798715e-01  6.681456e+02  1.000000e+00  2.682516e+00 -2.686080e-01  1.215091e+00  7.106986e-01
1 -2.079074e+00 -2.617355e+00  0.000000e+00  7.855029e-01  0.000000e+00  6.841320e+00 0 2  2.905692e-01
-4.260905e-01 -1.917486e+00  3.120173e+00  0.000000e+00  0.000000e+00  3.721326e-01  2.403105e-01 -1.263855e-01  5.925515e-03
3  5.530743e-01  4.781362e-01  1.728664e+00  6.071130e-01  1.395985e-01  1.848840e+01 6 1 -1.000000e+00
 1.182739e+00  8.820800e-01  1.503971e+00  0.000000e+00  0.000000e+00  1.732099e-01 -2.466322e-02 -1.344144e-01  1.603283e-02
-1.689267e-01 -1.955469e-01 -2.099521e-01  9.939944e+01  5.000000e-01  1.532322e+00  1.742636e-01 -2.239641e+00  1.214341e+00
-2.154545e-02 -2.532470e-02  4.816966e-03  1.018536e+02  1.000000e+00  1.729543e+01  2.358916e+00 -7.237191e+00  1.678324e+01
3  8.353484e-02  1.490247e+00  1.254696e+00  6.520015e-01  3.112716e-02  8.351140e+00 6 2  2.845672e-01
-2.564525e-01  1.067593e+00  3.371891e+00  0.000000e+00  0.000000e+00  3.556313e-01  2.284148e-01  2.578142e-01  3.887530e-03
 9.614699e-02 -1.365398e-01 -1.049574e-01  1.043104e+02  5.000000e-01  1.595399e+00  1.185390e+00  2.911534e+00  7.055067e-01
 3.910783e-03 -5.221551e-03  2.633510e-04  1.098065e+02  1.000000e+00  6.581135e+01  1.399250e+00  2.003347e+01  6.382382e+01
3  4.466257e-01 -3.769642e-02  2.237323e+00  8.524110e-01  3.232548e-01  1.246300e+01 6 1 -1.000000e+00
-4.250941e-01  1.576811e-01 -7.704999e-01  1.989845e+02  5.000000e-01  8.691889e-01 -7.319228e-01  8.827566e-01  1.152967e-01
 1.771550e+00  5.823810e-01  2.383568e+00  0.000000e+00  0.000000e+00  3.453703e-01 -5.458725e-02  7.759610e-02  1.959864e-03
-3.497524e-03  5.019644e-04  1.125152e-04  2.317488e+02  1.000000e+00  9.624974e+01 -1.094275e+01  8.067348e+00  9.394106e+01
1  1.121456e+00  5.373699e+00  0.000000e+00  6.349549e+00  0.000000e+00  3.745310e+00 0 2 -1.000000e+00
 3.806553e+00  1.720590e+01  3.274694e+00  0.000000e+00  0.000000e+00  4.390155e-01  6.497090e-02 -7.148718e-02  9.517128e-03
3  7.556974e-01 -9.760424e-02  2.468333e+00  1.173211e+00  2.001329e-01  1.025300e+01 6 1 -1.000000e+00
 1.873718e+00 -5.793758e-01  2.272792e+00  0.000000e+00  0.000000e+00  2.889012e-01 -2.135826e-01  1.416209e-01  9.941864e-03
-5.335885e-01 -3.389885e-02 -4.548603e-01  1.278040e+02  5.000000e-01  1.008626e+00 -1.475752e+00 -1.439009e-01  3.805629e-01
-1.769378e-02 -4.873322e-04  9.562944e-04  1.407356e+02  1.000000e+00  3.519614e+01 -1.034989e+01 -4.068463e+00  3.367183e+01
1  5.356683e-02 -1.000253e-01  0.000000e+00  5.468019e-02  0.000000e+00  7.611320e+00 0 2  2.891209e-01
-5.035342e-02 -1.111608e-01  3.443646e+00  0.000000e+00  0.000000e+00  3.989320e-01  1.646161e-01 -2.092710e-01  5.097248e-04
3 -2.231287e+00  6.702751e-01  1.064983e+00  4.998632e-01  3.394322e-02  1.066570e+01 6 2  2.898950e-01
 3.312574e-01 -9.241541e-01  3.553664e+00  0.000000e+00  0.000000e+00  4.127873e-01 -8.708793e-02  2.362937e-01  4.009569e-03
-7.849514e-03  4.755996e-03  1.103951e-03  6.365022e+01  1.000000e+00  3.678544e+01 -6.346092e+00  1.828900e+01  3.372756e+01
-9.725228e-02  5.081728e-02 -1.206228e-01  6.216521e+01  5.000000e-01  2.378148e+00 -2.149864e+00  2.359594e+00  9.396400e-01
2 -1.823649e-01 -4.917523e-01  1.515320e+00  7.833781e-01  1.252483e-01  1.803920e+01 6 1 -1.000000e+00
-4.951092e-01 -1.024448e+00  2.530960e+00  0.000000e+00  0.000000e+00  2.613079e-01  2.802016e-01 -2.684142e-01  1.170876e-03
 1.223013e-01  3.593869e-01 -3.169985e-01  1.377597e+02  5.000000e-01  5.547860e-01  1.456018e+00 -1.110322e+00  3.079184e-02
3 -8.109664e-02 -1.945517e-01  4.963469e-01  2.641427e-01  3.792561e-02  5.149430e+00 6 2 -1.000000e+00
-1.140369e-01 -3.585796e-01  4.548209e+00  0.000000e+00  0.000000e+00  2.613681e-01  4.696457e-01 -3.242579e-01  3.045162e-02
 1.395632e-03  2.347890e-03  2.179524e-04  4.683483e+01  1.000000e+00  7.398837e+01  7.202532e+00 -2.621580e+01  7.323343e+01
 5.690955e-02  1.074007e-01 -1.724936e-01  3.992841e+01  5.000000e-01  1.008809e+00  1.537717e+00 -1.852787e+00  6.543311e-01
3 -3.680773e-01 -3.619391e-01  1.197912e+00  5.609274e-01  1.437762e-01  8.093900e+00 6 1 -1.000000e+00
-5.744141e-01 -8.172119e-01  1.629902e+00  0.000000e+00  0.000000e+00  1.824996e-01 -1.101950e-02 -2.337771e-01  1.596482e-02
 1.603294e-01  1.289087e-01 -2.343411e-01  6.071675e+01  5.000000e-01  1.104876e+00 -4.334277e-01 -2.022479e+00  8.024210e-01
 1.272351e-02  1.078886e-02  2.731133e-03  6.350071e+01  1.000000e+00  2.094238e+01 -1.890446e+00 -5.289250e+00  2.041979e+01
3  4.160991e-01  9.625219e-01  4.408967e+00  2.278957e+00  1.243093e-01  1.371900e+01 6 1 -1.000000e+00
-1.198193e+00  3.823155e+00  2.245964e+00  0.000000e+00  0.000000e+00  3.198713e-01  4.779522e-02 -1.226682e-01  2.670190e-03
-4.258333e-01 -5.176346e-01 -2.791941e-01  6.606637e+02  5.000000e-01  1.273244e+00  3.386387e-01 -1.881947e+00  3.953707e-01
-1.296280e-02 -1.980073e-02  1.100929e-03  7.028283e+02  1.000000e+00  3.222119e+01 -8.568298e-01 -8.105858e+00  3.053908e+01
3 -4.907042e-01 -1.697035e-03  1.874287e+00  9.389230e-01  2.594033e-01  1.534410e+01 6 1 -1.000000e+00
-1.468102e+00 -4.759362e-01  2.357449e+00  0.000000e+00  0.000000e+00  3.201820e-01 -1.897668e-01 -4.419996e-02  6.460693e-03
 3.586784e-01 -5.661942e-02 -6.115300e-01  1.487751e+02  5.000000e-01  1.279706e+00 -1.217743e+00  4.801883e-01  3.855744e-01
 2.266389e-02 -2.337742e-03  3.681658e-03  1.563522e+02  1.000000e+00  1.956954e+01 -8.120784e+00  2.695164e+00  1.735109e+01
3  1.820926e-01  3.198805e-01  1.227116e+00  4.762011e-01  1.635864e-01  1.696120e+01 6 1 -1.000000e+00
 4.261286e-01  8.563274e-01  2.103156e+00  0.000000e+00  0.000000e+00  2.981343e-01  7.269091e-02 -1.088833e-01  6.614544e-03
-1.546572e-01 -2.246451e-01 -3.440476e-01  7.879162e+01  5.000000e-01  8.023512e-01  6.895519e-01 -1.571674e+00  2.773900e-01
-7.348217e-04 -9.393418e-04  9.368625e-06  1.009026e+02  1.000000e+00  3.603739e+02  6.024121e+00 -1.495796e+02  3.587748e+02
2  1.633855e+00 -1.282869e+00  9.301149e-03  3.299304e-01  1.104888e-01  8.910000e+00 6 1 -1.000000e+00
-3.306510e-03  2.911614e-03  2.109746e-05  4.480284e-01  1.000000e+00  2.858360e+02 -2.100190e+01  1.824593e+02  2.849486e+02
-1.038602e-02  8.944186e-03 -1.909466e-04  0.000000e+00  5.000000e-01  5.877927e+01 -1.701517e+01  9.102744e+01  5.803768e+01
1  8.237351e-02  1.145661e-01  0.000000e+00  7.958584e-02  0.000000e+00  1.080940e+01 0 2  2.921413e-01
-1.978571e-01 -6.401142e-02  4.489972e+00  0.000000e+00  0.000000e+00  4.393007e-01 -1.950392e-01 -2.315703e-01  2.125077e-03
1  2.610451e+00  1.414718e+01  0.000000e+00  4.435430e+00  0.000000e+00  1.325920e+01 0 2 -1.000000e+00
 6.457197e+00  1.650695e+01  3.457688e+00  0.000000e+00  0.000000e+00  3.055437e-01  4.159528e-01 -1.415704e-01  8.832873e-05
3  1.496872e-01  1.704585e-01  6.693384e-01  3.973760e-01  1.040747e-01  1.081600e+01 6 1 -1.000000e+00
 1.742589e-01  5.036807e-01  2.947820e+00  0.000000e+00  0.000000e+00  3.026325e-01  2.337545e-01 -3.040502e-01  2.056136e-02
-1.132254e-01 -1.007750e-01 -3.067934e-01  4.093715e+01  5.000000e-01  1.186302e+00 -2.226661e-01 -1.801291e+00  5.646865e-01
-4.865676e-03 -4.809729e-03  1.506388e-03  4.484636e+01  1.000000e+00  2.854328e+01 -1.367841e+00 -9.639575e+00  2.718495e+01
3  5.173513e-01 -3.180068e-01  2.895530e+00  1.765632e+00  2.916791e-01  1.780680e+01 6 1 -1.000000e+00
 8.716560e-01 -2.383519e+00  2.245451e+00  0.000000e+00  0.000000e+00  3.095427e-01  2.246290e-02  1.757327e-01  9.506837e-04
-5.095308e-01  1.613606e-01 -6.549512e-01  5.533137e+02  5.000000e-01  1.406616e+00 -1.162938e+00  5.828745e-01  8.137674e-02
-5.537499e-03  3.388478e-03  1.806257e-04  5.944834e+02  1.000000e+00  7.914023e+01 -1.123432e+01  2.105645e+01  7.447107e+01
3 -1.147248e-01 -1.450487e-01  7.789463e-01  3.280079e-01  4.588282e-01  3.321920e+00 6 1 -1.000000e+00
-3.810769e-01 -3.685578e-01  1.870541e+00  0.000000e+00  0.000000e+00  1.762497e-01 -1.173794e-02 -3.792390e-01  5.419754e-02
 1.156194e-01  2.314839e-01 -8.582572e-01  2.184573e+01  5.000000e-01  5.486026e-01  6.651096e-01 -9.625699e-01  3.860566e-01
 2.323937e-03  3.908293e-03  8.889871e-04  2.904383e+01  1.000000e+00  3.573867e+01  6.995710e+00 -5.741057e+00  3.535213e+01
5 -1.921331e-02  2.189294e-01  2.309208e+00  8.264136e-01  1.000000e+00  1.327040e+01 6 3 -1.000000e+00
 2.391521e-01 -4.937400e-01 -6.247537e-01  6.666469e+01  5.000000e-01  6.743397e-01  7.147747e-01  1.093518e+00  1.870005e-01
-9.754270e-01 -2.872017e-01  3.677044e+00  3.432192e+01  0.000000e+00  4.149726e-01 -2.584343e-01  5.925485e-02  2.615116e-02
-7.114744e-01  3.804613e-01 -2.501345e+00  3.781904e+01  5.000000e-01  5.030539e-01 -2.608367e-01  7.607263e-01  6.224405e-02
 9.069742e-01  1.050336e+00  2.371545e+00  0.000000e+00  0.000000e+00  3.402415e-01  1.147775e-01  2.100683e-02  1.120898e-02
 2.841425e-04 -2.031288e-03  1.079241e-04  1.016294e+02  1.000000e+00  9.923036e+01  1.730690e+01  9.159861e+00  9.788449e+01
3 -2.386798e-01  1.757860e-01  1.201841e+00  5.752264e-01  3.408513e-01  1.305610e+01 6 1 -1.000000e+00
 2.655084e-01 -1.626050e-01 -8.572306e-01  5.382517e+01  5.000000e-01  7.597307e-01 -5.077701e-01  9.830799e-01  2.604931e-01
-6.931014e-01  5.623007e-01  2.514969e+00  0.000000e+00  0.000000e+00  3.336822e-01 -2.248501e-02  2.141369e-01  1.721953e-02
 5.426850e-03 -3.707606e-03  8.644842e-04  6.367796e+01  1.000000e+00  3.581202e+01 -3.570064e+00  6.509382e+00  3.466783e+01
3 -7.882699e-01  1.985289e-01  2.377247e+00  8.100104e-01  1.326002e-01  1.515470e+01 6 1 -1.000000e+00
-1.975445e+00  2.647122e-01  1.922438e+00  0.000000e+00  0.000000e+00  2.739422e-01 -6.948309e-02  4.646685e-02  1.447997e-03
 3.704046e-01 -1.203789e-01 -2.549158e-01  3.379397e+02  5.000000e-01  7.454418e-01 -1.566326e+00  1.238664e+00  1.544947e-01
 1.470102e-03 -3.871923e-04  6.476657e-06  3.990921e+02  1.000000e+00  3.948658e+02 -2.134961e+01  1.654852e+01  3.931606e+02
2 -2.066211e-01 -3.027996e-01  8.611031e-01  4.021197e-01  1.273340e-01  3.745360e+00 6 1 -1.000000e+00
-3.121843e-01 -5.934969e-01  1.480681e+00  0.000000e+00  0.000000e+00  1.459218e-01  6.682477e-02 -2.227534e-01  5.284505e-03
 1.176046e-01  1.526801e-01 -1.885411e-01  1.498787e+02  5.000000e-01  3.948749e-01  6.198300e-01 -2.299102e+00  1.952594e-01
1 -1.425747e+00 -4.041943e-01  0.000000e+00  3.508823e+00  0.000000e+00  8.919920e+00 0 2 -1.000000e+00
-3.811845e+00 -2.783259e+00  6.176747e+00  0.000000e+00  0.000000e+00  5.293115e-01 -1.161814e-01 -2.148301e-01  5.539545e-03
3  2.079856e-01 -1.591072e-01  8.590395e-01  4.503650e-01  1.658174e-01  1.259490e+01 6 1 -1.000000e+00
 5.787252e-01 -2.822883e-01  2.439835e+00  0.000000e+00  0.000000e+00  2.917672e-01 -9.539634e-02  2.874534e-01  8.505635e-03
-1.723336e-01  1.346763e-01 -4.045672e-01  7.432967e+01  5.000000e-01  6.271097e-01 -2.343594e-01  1.598718e+00  1.507895e-01
-5.924365e-04  3.509958e-04  9.136882e-06  1.019523e+02  1.000000e+00  3.406531e+02 -6.098176e+01  4.689296e+01  3.390361e+02
3  3.311548e-01 -3.533704e-01  1.394953e+00  7.636757e-01  9.784171e-02  6.842840e+00 6 2 -1.000000e+00
 8.491540e-01 -7.934758e-01  3.013985e+00  0.000000e+00  0.000000e+00  3.443769e-01  1.461606e-02  3.127961e-01  3.252300e-03
-1.669170e-01  1.622924e-01 -2.948935e-01  3.352458e+02  5.000000e-01  1.211851e+00  1.241562e-01  1.849465e+00  2.615411e-01
-3.752678e-03  2.896417e-03  1.755004e-04  3.630283e+02  1.000000e+00  7.994703e+01 -1.361147e+01  1.869135e+01  7.726924e+01
5  7.093271e-03  5.040426e-03  6.283653e-01  2.639598e-01  1.000000e+00  1.256830e+01 6 3 -1.000000e+00
 3.010246e-01 -1.068831e-01  1.168973e+01  0.000000e+00  0.000000e+00  5.139376e-01 -3.683172e-01  1.226945e-01  1.149473e-01
-1.620694e-01 -2.041992e-01 -1.333380e+01  6.747920e-01  5.000000e-01  5.016166e-01  6.765254e-02 -5.646295e-01  1.174892e-01
-2.241277e-01  2.381648e-01  1.883733e+01  2.230682e-01  0.000000e+00  5.619893e-01  6.487043e-03  3.724584e-01  1.988566e-01
-3.457736e-02  3.041798e-01 -4.927931e+01  2.563705e-01  5.000000e-01  5.361471e-01  4.822579e-01 -5.365942e-02  1.944587e-01
-2.739239e-04 -2.224277e-04  3.347887e-03  3.530972e+00  1.000000e+00  1.853250e+01  1.798907e+00  2.335973e+00  1.670875e+01
3 -2.235920e-01 -3.810591e-01  2.062259e+00  1.009037e+00  2.093231e-01  1.078680e+01 6 3 -1.000000e+00
-4.576827e-01 -1.478594e+00  4.339026e+00  0.000000e+00  0.000000e+00  4.557243e-01  1.881740e-01 -1.742417e-01  5.236702e-03
 3.010043e-01  4.390366e-01 -9.082586e-01  1.429979e+02  5.000000e-01  8.561666e-01  3.227249e-01 -1.008734e+00  8.997136e-02
 1.960918e-03  3.723386e-03  1.918862e-04  1.780631e+02  1.000000e+00  7.332710e+01  4.325964e+00 -1.036221e+00  7.114614e+01
3  6.545348e-01  3.018722e-01  3.866168e-01  2.194523e-01  7.088168e-01  1.323490e+01 6 3  2.955776e-01
-2.097641e-01 -2.044551e-01  4.163180e+00  0.000000e+00  0.000000e+00  3.763705e-01 -1.749384e-02 -3.852359e-01  3.929485e-03
 8.888531e-02  4.106701e-02 -2.950932e+00  5.806729e+00  5.000000e-01  1.071871e+00 -3.769121e-01 -4.494205e-01  5.911323e-02
 1.790776e-02  1.016742e-02  2.773659e-01  5.934519e+00  1.000000e+00  3.053838e+00 -5.606057e-01 -5.464668e-01  8.109771e-01
3  1.111352e+00  1.817405e+00  6.102055e+00  3.596790e+00  4.704788e-03  1.416430e+01 6 2 -1.000000e+00
 1.723316e+00  5.574881e+00  8.864214e+00  0.000000e+00  0.000000e+00  5.170429e-01  2.529327e-01 -2.376119e-01  4.043643e-04
-1.529909e-01 -2.315420e-01 -4.170425e-02  2.162626e+03  5.000000e-01  3.798678e+00  2.350928e+00 -5.126803e+00  1.705062e+00
-1.467714e-02 -2.133207e-02  3.683999e-04  2.177479e+03  1.000000e+00  5.992929e+01  8.641940e+00 -2.614452e+01  5.654132e+01
2 -1.781019e-02 -1.807930e-01  1.042363e+00  6.122534e-01  3.426324e-01  1.781990e+01 6 1 -1.000000e+00
 3.268536e-01 -6.614807e-01  2.127777e+00  0.000000e+00  0.000000e+00  2.450516e-01  2.891754e-01  1.278690e-01  9.465190e-03
 1.431100e-01  3.645600e-01 -7.290451e-01  3.934613e+01  5.000000e-01  3.423154e-01  9.096238e-01 -9.883273e-01  4.497466e-02
2 -7.130528e-02 -2.072111e-01  1.412326e+00  7.562168e-01  5.486889e-01  8.102690e+00 6 3 -1.000000e+00
-3.453131e-02 -9.474480e-01  3.044165e+00  0.000000e+00  0.000000e+00  3.515204e-01  2.821577e-01 -1.114252e-01  7.274304e-03
 2.712039e-01  4.313884e-01 -1.670300e+00  6.790865e+01  5.000000e-01  4.899984e-01  3.288906e-01 -8.663877e-01  4.063005e-02
1 -8.339532e-01  4.343705e-01  0.000000e+00  2.357291e-01  0.000000e+00  1.135780e+01 0 2  2.837299e-01
-1.101852e-01 -3.205898e-01  3.276606e+00  0.000000e+00  0.000000e+00  3.798123e-01  1.169272e-01 -2.564508e-01  2.618877e-03
1  1.291686e-01  9.170803e-02  0.000000e+00  4.839191e-02  0.000000e+00  1.676260e+01 0 2  2.824308e-01
 3.573604e-02  7.809319e-02  6.158807e+00  0.000000e+00  0.000000e+00  4.983567e-01  1.787248e-01 -2.394459e-01  7.349739e-03
3 -4.717962e-01 -2.025859e-01  1.338269e+00  4.795510e-01  1.491694e-01  8.011000e+00 6 1 -1.000000e+00
-1.053121e+00 -2.085780e-01  1.561159e+00  0.000000e+00  0.000000e+00  1.811133e-01 -9.846296e-02 -1.425856e-01  3.336848e-03
 8.107513e-04  4.295216e-04  5.643221e-06  1.274078e+02  1.000000e+00  4.242104e+02  8.646976e+00 -4.276081e+01  4.231266e+02
 2.394179e-01  1.382779e-01 -2.328771e-01  9.990949e+01  5.000000e-01  5.208056e-01 -1.008195e+00 -1.872773e+00  1.729133e-01
3  3.609116e-01  5.162797e-02  1.069122e+00  4.516735e-01  1.306881e-01  1.137430e+01 6 1 -1.000000e+00
 8.665554e-01 -1.890806e-01  1.548827e+00  0.000000e+00  0.000000e+00  1.874825e-01 -5.503119e-02 -1.072670e-01  4.766888e-03
-1.942821e-01 -5.624566e-02 -2.024133e-01  5.818622e+01  5.000000e-01  6.997098e-01 -1.688937e+00 -1.475823e+00  2.767043e-01
-8.818160e-04 -8.736867e-05  6.987399e-06  7.193642e+01  1.000000e+00  3.946088e+02 -1.082613e+02 -9.624693e+00  3.933472e+02
3  3.312816e-01 -9.696730e-01  3.590982e+00  1.580386e+00  2.455849e-02  1.025300e+01 6 2 -1.000000e+00
 9.132153e-01 -2.933802e+00  9.937282e+00  0.000000e+00  0.000000e+00  5.709962e-01  1.982284e-01  2.100443e-01  1.869672e-03
-1.881180e-01  4.841237e-01 -2.440447e-01  6.038564e+02  5.000000e-01  1.402921e+00  1.726171e+00  1.131499e+00  3.138868e-01
-3.661791e-03  5.926298e-03  4.569472e-05  6.611341e+02  1.000000e+00  1.713980e+02  2.046610e+01  8.205035e+01  1.690210e+02
2  5.629303e-01 -1.186056e+00  6.339689e+00  3.052453e+00  1.925804e-01  9.427120e+00 6 1 -1.000000e+00
 4.719424e+00 -3.404163e+00  2.907236e+00  0.000000e+00  0.000000e+00  3.940152e-01 -8.182392e-03  1.522543e-01  1.296108e-04
-1.962091e-01  5.993612e-01 -5.598768e-01  2.261858e+03  5.000000e-01  1.974939e+00  1.430233e+00  8.312927e-01  1.072424e-01
3  1.992241e-01  4.615150e-01  2.693164e+00  1.534681e+00  3.700699e-01  1.781500e+01 6 1 -1.000000e+00
 2.005693e-01  2.283406e+00  2.373713e+00  0.000000e+00  0.000000e+00  3.459955e-01  5.341236e-02 -5.990104e-02  1.705018e-03
-4.151310e-01 -3.384345e-01 -8.784397e-01  3.455066e+02  5.000000e-01  1.169023e+00 -3.818401e-01 -1.010519e+00  2.998900e-01
-1.136482e-02 -1.385852e-02  1.906682e-03  3.695671e+02  1.000000e+00  2.681217e+01 -1.638976e+00 -1.179452e+01  2.486179e+01
5 -4.313476e-01  6.841952e-02  5.017341e-01  2.361171e-01  1.000000e+00  1.873290e+01 6 3  2.734422e-01
-2.109509e-01 -2.138999e-01  2.778530e+00  0.000000e+00  0.000000e+00  3.595729e-01  2.152464e-01 -6.255709e-02  2.153341e-03
 1.669165e-01 -1.151715e-01 -5.607546e+00  3.721085e+00  5.000000e-01  6.491513e-01  8.596716e-02  5.422505e-01  6.514889e-03
 2.510469e-01 -1.820855e-02  6.394551e+00  3.514989e+00  0.000000e+00  5.262754e-01 -1.216545e-01  2.307208e-01  2.845315e-02
-1.625239e-02  3.945126e-02 -8.729751e-01  8.701844e+00  5.000000e-01  1.515683e+00  8.507674e-01  8.292356e-01  1.324134e-01
-2.189846e-03  6.180501e-03  5.818013e-02  8.797288e+00  1.000000e+00  5.356567e+00  6.124341e-01  1.190211e+00  2.937542e+00
2  1.210729e+00  1.541507e+00  1.422962e+00  6.929186e-01  3.236105e-03  1.786020e+01 6 2  2.672012e-01
 5.838036e-01  1.223661e+00  3.179977e+00  0.000000e+00  0.000000e+00  3.035444e-01  1.217034e-01 -3.946785e-01  7.548671e-04
-5.609065e-02 -4.730600e-02 -1.029074e-02  4.338852e+02  5.000000e-01  4.750696e+00 -2.442931e+00 -1.026034e+01  2.375129e+00
3  2.998571e-01 -2.138759e-01  1.490594e+00  5.838058e-01  6.338225e-01  1.848380e+01 6 1 -1.000000e+00
 7.966639e-01 -7.783004e-01  2.216184e+00  0.000000e+00  0.000000e+00  2.971085e-01 -6.321574e-02  1.970639e-01  1.003274e-02
-3.608536e-01  1.608605e-01 -1.404667e+00  3.665521e+01  5.000000e-01  5.739907e-01 -6.275663e-01  7.067932e-01  1.565759e-01
-7.270765e-03  4.470700e-03  1.765021e-03  4.332999e+01  1.000000e+00  2.495524e+01 -6.020519e-01 -2.631656e+00  2.405139e+01
1  9.988496e-01 -2.129292e+00  0.000000e+00  1.143179e+00  0.000000e+00  1.463220e+01 0 2  2.876867e-01
-1.392243e+00  7.464195e-01  5.943328e+00  0.000000e+00  0.000000e+00  3.683609e-01  2.064951e-02  4.798808e-01  1.160205e-02
3 -1.136110e-01 -3.179936e-01  1.060555e+00  5.372047e-01  4.281815e-01  3.345450e+00 6 1 -1.000000e+00
-2.427358e-01 -7.440261e-01  1.493215e+00  0.000000e+00  0.000000e+00  1.449527e-01  1.946562e-01 -1.533593e-01  2.393612e-02
 1.106860e-01  2.559095e-01 -6.393673e-01  5.641141e+01  5.000000e-01  5.247729e-01  9.467306e-01 -9.452980e-01  3.377075e-01
 2.418302e-03  5.544949e-03  6.389994e-04  6.735590e+01  1.000000e+00  4.106131e+01  2.412295e+00 -5.843151e+00  4.061638e+01
3 -2.772269e-01  1.563180e-01  1.202582e+00  4.812928e-01  2.719311e-01  1.171380e+01 6 1 -1.000000e+00
 2.585644e-01 -1.701140e-01 -6.502291e-01  7.697810e+01  5.000000e-01  6.451344e-01 -5.578594e-01  1.163031e+00  1.227061e-01
-7.947586e-01  4.101570e-01  2.391154e+00  0.000000e+00  0.000000e+00  3.164641e-01 -1.245320e-01  1.830435e-01  5.617470e-03
 7.296512e-04 -5.571760e-04  1.087721e-05  1.051551e+02  1.000000e+00  3.133801e+02  1.420880e+01  7.378423e+01  3.116227e+02
1  3.351660e+00 -9.931256e-02  0.000000e+00  1.878079e+00  0.000000e+00  7.183940e+00 0 2 -1.000000e+00
 5.064388e+00 -3.983915e-02  3.191429e+00  0.000000e+00  0.000000e+00  3.399749e-01 -3.492174e-01  1.846716e-02  6.916961e-04
1 -3.442315e-02  5.051390e-02  0.000000e+00  1.373121e-01  0.000000e+00  1.080460e+01 0 2 -1.000000e+00
-8.895903e-02  1.834773e-01  6.114637e+00  0.000000e+00  0.000000e+00  4.810445e-01  1.549711e-01  2.859314e-01  2.151737e-02
3  1.919461e-01 -5.902556e-02  8.503617e-01  4.184185e-01  3.851657e-01  1.746750e+01 6 1 -1.000000e+00
 6.050327e-01 -1.910538e-01  2.020553e+00  0.000000e+00  0.000000e+00  2.879219e-01 -9.393400e-02  5.759782e-02  3.157794e-02
-2.072482e-01  6.057019e-02 -7.782475e-01  4.011837e+01  5.000000e-01  8.767484e-01 -9.542311e-01  6.241573e-01  4.620705e-01
-5.512031e-03  1.563894e-03  8.619184e-04  4.664287e+01  1.000000e+00  3.924100e+01 -1.500708e+01  8.772640e+00  3.826761e+01
3 -4.357438e-01 -7.502128e-02  3.263657e-01  1.833972e-01  1.508333e-01  1.535740e+01 6 3  2.819474e-01
 8.191628e-03 -6.415205e-02 -5.392515e-01  7.185802e+00  5.000000e-01  1.219114e+00  1.317386e+00  4.085672e-01  9.082467e-02
 1.596850e-01  2.249229e-01  3.575149e+00  0.000000e+00  0.000000e+00  3.914165e-01  2.540161e-01 -1.616818e-01  1.385324e-03
 4.027507e-05 -5.065719e-04  6.382030e-05  8.077234e+00  1.000000e+00  1.287279e+02  2.373761e+01  9.051778e+00  1.244709e+02
2  6.015739e-01 -7.417110e-01  4.234195e+00  2.364760e+00  1.121266e-01  1.330420e+01 6 3 -1.000000e+00
 3.232107e+00 -1.333111e+00  7.411711e+00  0.000000e+00  0.000000e+00  4.998500e-01 -1.317500e-01  3.128423e-01  4.626451e-04
-4.878181e-01  6.894028e-01 -8.310497e-01  5.291631e+02  5.000000e-01  1.239681e+00  3.748874e-01  1.058397e+00  4.167305e-02
1  5.170110e-01  2.735449e-02  0.000000e+00  5.098063e-01  0.000000e+00  5.364530e+00 0 2 -1.000000e+00
 1.014931e+00  1.752074e-01  3.890464e+00  0.000000e+00  0.000000e+00  3.619165e-01 -3.851779e-01 -4.183069e-02  7.622523e-03
2  1.100701e-01  6.687616e-01  1.666091e+00  8.674905e-01  1.886178e-02  1.392660e+01 6 2  2.713623e-01
-1.282416e+00  7.168960e-01  3.088656e+00  0.000000e+00  0.000000e+00  3.189772e-01 -2.314000e-01  2.940759e-01  1.588799e-03
 1.839702e-01 -7.403437e-02 -5.825756e-02  3.802966e+02  5.000000e-01  1.732709e+00 -2.951306e+00  2.998635e+00  5.493365e-01
3  4.002546e-01  6.315874e-01  1.897690e+00  8.989144e-01  1.248447e-01  1.278120e+01 6 1 -1.000000e+00
 8.494817e-01  1.411101e+00  2.056089e+00  0.000000e+00  0.000000e+00  2.778250e-01  7.160747e-02 -1.733458e-01  5.933491e-03
-1.416454e-01 -2.071994e-01 -2.566919e-01  1.212098e+02  5.000000e-01  1.331580e+00  8.002889e-01 -1.834449e+00  6.841208e-01
-1.514127e-02 -2.103976e-02  4.020637e-03  1.241477e+02  1.000000e+00  1.747182e+01  9.744055e-01 -4.653437e+00  1.634408e+01
3 -1.748193e-03 -5.522547e-02  4.280307e-01  2.081069e-01  9.720668e-01  1.322290e+01 6 3 -1.000000e+00
 2.467324e-02 -2.619177e-01  2.958344e+00  0.000000e+00  0.000000e+00  2.915202e-01  4.038724e-01  2.835080e-02  7.575863e-02
 2.308521e-02  1.661100e-01 -3.043355e+00  3.120252e+00  5.000000e-01  4.714112e-01  7.290023e-01 -2.766704e-01  2.141111e-01
 5.386049e-07  1.476220e-03  1.003277e-03  5.330384e+00  1.000000e+00  3.304760e+01  5.447611e+00  7.991522e-01  3.231647e+01
3  3.460824e-02 -1.300771e+00  1.528920e+00  1.085657e+00  4.217845e-01  9.833900e+00 6 1  2.760094e-01
-1.990729e-01 -1.170503e+00  2.100252e+00  0.000000e+00  0.000000e+00  2.297521e-01  3.414324e-01  2.392311e-02  1.400180e-03
-2.741223e-01  3.565735e-01 -8.858535e-01  1.549430e+02  5.000000e-01  8.614104e-01  2.695098e-01  1.037028e+00  3.412849e-02
-6.642580e-04  1.502938e-03  4.049686e-05  1.916363e+02  1.000000e+00  1.600924e+02 -6.911905e+00  2.386067e+01  1.530769e+02
1 -2.870606e-01 -1.455961e-01  0.000000e+00  1.060703e-01  0.000000e+00  1.309300e+01 0 2  2.798447e-01
-1.315305e-01 -1.006290e-01  7.577136e+00  0.000000e+00  0.000000e+00  5.052533e-01 -1.749078e-01 -2.867151e-01  3.156109e-03
1 -5.092030e-03 -8.808800e-04  0.000000e+00  3.183506e-03  0.000000e+00  1.535580e+01 0 2 -1.000000e+00
-1.637575e-02 -1.788542e-02  3.280854e+00  0.000000e+00  0.000000e+00  3.981235e-01 -1.302501e-01  2.012250e-01  3.199150e-02
3 -2.617111e-01  2.923019e-02  1.641147e+00  7.175432e-01  4.747117e-01  1.327670e+01 6 3 -1.000000e+00
-1.058411e+00 -2.236987e-01  3.538177e+00  0.000000e+00  0.000000e+00  3.354804e-01 -3.985440e-01 -1.084697e-02  1.595559e-02
 5.773615e-01 -9.098364e-02 -1.679614e+00  2.334116e+01  5.000000e-01  5.244822e-01 -7.977829e-01  4.301563e-01  5.677604e-02
 2.069042e-03  2.952950e-04  1.105404e-04  3.887306e+01  1.000000e+00  9.916087e+01 -3.248366e+00 -2.405274e+01  9.671929e+01
1 -2.524120e+00 -2.522067e+00  0.000000e+00  3.715060e+00  0.000000e+00  1.611300e+01 0 2  2.751779e-01
-4.271531e+00 -8.106536e+00  4.823224e+00  0.000000e+00  0.000000e+00  2.993445e-01 -1.018330e-02 -5.324323e-01  1.206511e-04
3  8.572664e-01  5.447292e-01  2.405284e+00  1.233708e+00  2.468580e-02  7.746820e+00 6 2 -1.000000e+00
 1.781699e+00  1.000941e+00  4.564109e+00  0.000000e+00  0.000000e+00  4.166621e-01 -1.769865e-01 -2.997633e-01  3.928723e-03
-3.086611e-01 -1.889269e-01 -1.126687e-01  4.064623e+02  5.000000e-01  1.313292e+00 -1.209983e+00 -2.740379e+00  4.566737e-01
-4.172017e-03 -2.164989e-03  3.263296e-05  4.513873e+02  1.000000e+00  1.830870e+02 -3.705698e+01 -3.374284e+01  1.810875e+02
1  1.581904e-02  7.934012e-01  0.000000e+00  5.569965e-01  0.000000e+00  1.080580e+01 0 2 -1.000000e+00
 1.574273e-01  1.104074e+00  4.053402e+00  0.000000e+00  0.000000e+00  3.172289e-01  4.623038e-01 -7.579757e-02  9.478183e-03
3  2.298263e-01 -3.514520e-02  7.127230e-01  3.844799e-01  1.678391e-01  1.136600e+01 6 1 -1.000000e+00
 5.256620e-01 -1.453831e-01  1.904171e+00  0.000000e+00  0.000000e+00  2.292436e-01 -2.186057e-01  1.453067e-01  1.606786e-02
-1.753854e-01 -1.690472e-02 -3.195943e-01  2.936587e+01  5.000000e-01  1.032946e+00 -1.765957e+00 -1.069966e-01  6.779163e-01
-4.991792e-03 -6.308041e-04  4.651857e-04  3.368743e+01  1.000000e+00  5.592562e+01 -2.598014e+01 -1.386281e+01  5.512052e+01
2  9.777315e-02  1.071743e-01  1.369471e+00  5.403656e-01  1.325266e-01  1.092110e+01 6 3 -1.000000e+00
-2.571273e-01 -4.826340e-01 -1.972918e+01  4.309761e+01  5.000000e-01  4.524177e-01  3.441066e-01 -4.817918e-01  2.924886e-02
 5.506189e-01  6.232573e-01  2.614642e+00  0.000000e+00  0.000000e+00  3.250758e-01  7.732554e-03 -2.701877e-01  7.065311e-03
3 -2.384437e-01  3.219495e-01  1.265642e+00  5.230692e-01  2.800708e-01  1.257190e+01 6 1 -1.000000e+00
-7.032934e-01  7.340433e-01  1.906688e+00  0.000000e+00  0.000000e+00  2.329612e-01 -2.143541e-03  2.527335e-01  5.031516e-03
 1.121312e-01 -2.339089e-01 -5.340076e-01  1.393936e+02  5.000000e-01  9.233592e-01  9.054576e-01  1.028909e+00  2.273757e-01
 2.603657e-03 -4.097063e-03  2.714988e-04  1.546037e+02  1.000000e+00  6.352666e+01  9.254695e+00  1.186070e+01  6.124711e+01
3 -5.689615e-01  3.148888e-01  8.935828e-01  4.076641e-01  1.053339e-02  1.212050e+01 6 2  2.746179e-01
 8.062479e-01  1.083480e-01  3.903534e+00  0.000000e+00  0.000000e+00  4.207045e-01 -2.725857e-01  7.142947e-02  1.540794e-03
-8.245187e-02  1.505840e-02 -4.111744e-02  9.269170e+01  5.000000e-01  1.705147e+00 -4.501428e+00  2.134235e+00  7.590874e-01
-8.826717e-04  8.400301e-05  6.020182e-06  9.989023e+01  1.000000e+00  4.315225e+02 -1.386595e+02 -3.899121e+00  4.296111e+02
3  2.343213e+00  1.196749e+00  2.742025e+01  7.954900e+00  7.647949e-01  1.380190e+01 6 3 -1.000000e+00
 1.344457e+01 -8.039526e+00  2.539323e+00  0.000000e+00  0.000000e+00  3.678282e-01 -6.931828e-02 -3.209928e-02  4.121188e-04
 4.543317e+00  6.265575e+00 -2.192569e+00  2.239422e+03  5.000000e-01  9.479259e-01  1.202872e-01 -6.665798e-01  8.904274e-03
-5.666568e+00  1.162350e+01  3.320267e+00  1.436549e+03  0.000000e+00  4.399199e-01  9.710355e-02 -5.549771e-02  5.911613e-04
3 -9.923221e-02  2.219008e-02  3.795348e-01  2.635395e-01  8.797136e-02  6.849110e+00 6 2 -1.000000e+00
-1.699166e-01  2.369515e-01  3.485168e+00  0.000000e+00  0.000000e+00  3.598570e-01 -4.994628e-02  3.469268e-01  2.235800e-02
 1.077697e-01 -2.177041e-02 -3.065949e-01  1.812408e+01  5.000000e-01  1.136916e+00 -1.694987e+00  6.382779e-01  6.093082e-01
 2.211497e-03 -5.170851e-04  4.487558e-04  2.234686e+01  1.000000e+00  5.457490e+01 -2.260425e+01  1.144266e+01  5.338141e+01
3  6.400002e-01  1.011937e+00  2.464125e+00  1.041913e+00  3.624757e-01  1.323070e+01 6 1  2.952869e-01
 4.516939e-01 -3.313787e-02 -6.368835e-01  1.437242e+02  5.000000e-01  1.018636e+00 -1.232038e+00  2.292911e-01  1.283480e-01
-1.975306e+00  3.929861e-01  1.757038e+00  0.000000e+00  0.000000e+00  2.298048e-01 -1.066613e-01  1.126247e-01  1.770182e-03
 6.322295e-03 -3.057178e-04  1.378190e-04  1.568574e+02  1.000000e+00  8.933892e+01 -2.188612e+01 -8.298820e+00  8.525609e+01
3  1.060941e+00  1.161286e+00  2.001522e+00  1.021511e+00  4.758332e-01  1.614910e+01 6 1  2.836513e-01
-3.375265e-01 -1.018298e-01 -1.104911e+00  1.066596e+02  5.000000e-01  1.672010e+00 -1.048094e+00 -5.080818e-01  5.531537e-01
 1.157637e+00  1.228801e+00  2.322055e+00  0.000000e+00  0.000000e+00  3.276415e-01  1.234257e-02 -1.458101e-01  1.107907e-02
-1.059153e-01 -4.060456e-02  1.723607e-01  1.073438e+02  1.000000e+00  4.285331e+00 -1.846221e+00 -1.258206e+00  2.447155e+00
3 -1.005275e-01  5.191275e-01  1.468099e+00  7.765757e-01  1.568615e-01  1.392160e+01 6 1 -1.000000e+00
-6.120365e-01  9.990847e-01  1.660148e+00  0.000000e+00  0.000000e+00  1.951620e-01  2.111942e-01  2.837438e-02  3.741798e-03
 1.670588e-02 -3.275646e-01 -2.604132e-01  8.648259e+01  5.000000e-01  4.333690e-01  2.038233e+00  8.203217e-02  1.293856e-01
 1.754705e-04 -1.049210e-03  9.274989e-06  1.139118e+02  1.000000e+00  3.302325e+02 -1.828332e+01 -1.558610e+01  3.293511e+02
3 -2.892577e-03  2.483151e-01  1.128717e+00  5.134960e-01  2.452644e-01  1.612310e+01 6 3 -1.000000e+00
 1.495382e-02 -3.249999e-01 -9.249908e-01  6.957297e+01  5.000000e-01  8.712663e-01  1.044004e+00  8.785748e-02  3.143706e-01
 3.475665e-03  8.036588e-01  3.771402e+00  0.000000e+00  0.000000e+00  3.804718e-01  3.438230e-01 -2.115596e-02  3.506676e-02
 3.087910e-04 -9.882338e-03  2.327202e-03  8.222667e+01  1.000000e+00  2.288452e+01  6.978718e+00  7.274797e-01  2.145703e+01
3 -2.511571e-01  2.995336e-01  1.586436e+00  8.429669e-01  9.503202e-02  7.900790e+00 6 2 -1.000000e+00
-9.436456e-03  1.357407e+00  3.235060e+00  0.000000e+00  0.000000e+00  4.189772e-01  1.306996e-01  1.067326e-01  2.177419e-03
 2.275105e-01 -2.112342e-01 -3.074343e-01  3.340941e+02  5.000000e-01  1.124499e+00 -2.364592e-01  1.792293e+00  1.503168e-01
 8.837526e-04 -1.009605e-03  1.706013e-05  4.048008e+02  1.000000e+00  2.473552e+02  1.812679e+00  4.551251e+01  2.447897e+02
1 -5.771068e+00 -6.700327e+00  0.000000e+00  2.568788e+00  0.000000e+00  1.759700e+01 0 2  2.925885e-01
-1.597820e+01  3.443223e+00  3.836662e+00  0.000000e+00  0.000000e+00  2.760867e-01 -4.183206e-01  2.973468e-01  1.689468e-05
1  1.398339e+00 -2.019235e+00  0.000000e+00  6.648891e-01  0.000000e+00  1.465750e+01 0 2  3.031467e-01
 1.484598e+00  7.181637e-01  6.038183e+00  0.000000e+00  0.000000e+00  3.989909e-01  1.989849e-01 -3.949737e-01  1.601090e-03
1  3.263156e-01  1.226646e-02  0.000000e+00  8.707110e-02  0.000000e+00  1.243060e+01 0 2  2.720533e-01
 2.657578e-01 -3.557121e-02  3.082802e+00  0.000000e+00  0.000000e+00  3.840269e-01 -2.325298e-01  3.118430e-02  1.078060e-03
3 -3.206631e-01  2.969216e+00  2.492666e+01  1.513313e+01  7.502414e-01  9.826170e+00 6 3 -1.000000e+00
 1.368822e+00  2.057074e+01  3.393938e+00  0.000000e+00  0.000000e+00  4.363590e-01  1.319852e-01 -7.502048e-02  1.136277e-03
 3.679181e+00 -4.248622e+00 -4.523795e+00  7.565533e+03  5.000000e-01  1.248655e+00 -1.245737e-01  5.170724e-01  4.109220e-02
 2.961277e-01 -9.034031e-01  3.282525e-01  7.689735e+03  1.000000e+00  3.119443e+00  6.556611e-01  1.007824e+00  1.122287e+00
5  3.366868e-03 -1.464386e-03  4.243548e-01  1.521188e-01  1.000000e+00  1.462150e+01 6 3 -1.000000e+00
-1.184348e-01 -1.748249e-01  3.042982e+00  3.340154e-02  0.000000e+00  4.220837e-01  2.923750e-02 -6.713766e-02  1.050220e-01
 8.869079e-02 -7.211579e-02 -2.037088e+00  6.941778e-01  5.000000e-01  9.555581e-01 -1.855951e-01  6.770718e-01  4.933857e-01
-8.229221e-02  6.425833e-02 -1.895926e+00  7.708409e-01  5.000000e-01  1.022159e+00 -2.109454e-01  6.952983e-01  5.430695e-01
 1.311550e-01  1.683688e-01  3.012218e+00  0.000000e+00  0.000000e+00  4.190825e-01 -1.188654e-03 -7.404364e-02  1.008344e-01
-6.464336e-04  4.035892e-04  3.570505e-02  9.747654e-01  1.000000e+00  6.646813e+00 -3.136111e-01  1.944454e+00  5.316735e+00
3  2.585717e-01  8.598161e-02  1.298493e+00  5.291202e-01  5.077451e-01  5.961210e+00 6 1 -1.000000e+00
-3.930189e-01 -8.836093e-02 -1.276782e+00  9.640809e+01  5.000000e-01  5.372720e-01 -9.355803e-01 -3.493222e-01  9.362071e-02
 8.031501e-01  4.168754e-01  2.514611e+00  0.000000e+00  0.000000e+00  3.135017e-01 -1.960085e-01 -1.875763e-01  1.105759e-02
-1.652551e-03 -6.847875e-04  8.192108e-05  1.405336e+02  1.000000e+00  1.117954e+02  2.692732e+00 -7.841771e+00  1.103875e+02
5 -1.425508e+00  2.168798e-01  3.184568e+00  1.199410e+00  1.000000e+00  8.894360e+00 6 3  3.013134e-01
 1.191531e+00 -1.489819e+00  2.261807e+00  0.000000e+00  0.000000e+00  3.186016e-01 -9.854998e-02  1.116569e-01  6.671991e-03
-6.337765e-01 -1.205647e-01 -6.454337e-01  6.452509e+01  5.000000e-01  9.594222e-01 -1.113173e+00 -5.584254e-01  7.746706e-02
 8.136536e-01  9.030462e-01 -3.475515e+00  3.085478e+01  5.000000e-01  5.471886e-01 -1.357300e-01 -6.887254e-01  1.799425e-02
 8.231675e-02  1.495330e+00  4.347714e+00  2.864249e+01  0.000000e+00  4.252549e-01  1.830235e-01 -2.585120e-01  1.565947e-02
-4.762373e-03  4.722348e-04  2.879302e-04  8.084130e+01  1.000000e+00  6.029288e+01 -5.726359e+00  3.128934e+00  5.611147e+01
3  2.184745e-01 -5.340825e-01  1.643937e+00  6.651827e-01  3.166130e-01  1.199090e+01 6 1 -1.000000e+00
 4.900606e-01 -1.221257e+00  1.391662e+00  0.000000e+00  0.000000e+00  1.517226e-01  6.378319e-03  3.111939e-02  5.841084e-03
-1.105864e-01  3.090205e-01 -4.406182e-01  8.958741e+01  5.000000e-01  5.019234e-01  1.196518e+00  1.042096e+00  2.549564e-01
-1.476536e-03  4.319898e-03  1.423748e-04  1.036291e+02  1.000000e+00  8.510275e+01  7.038526e+00 -1.379865e-01  8.453955e+01
5 -2.275163e-04 -1.779791e-01  5.022268e+00  1.377572e+00  1.000000e+00  1.066360e+01 6 1 -1.000000e+00
-3.848519e-01 -1.093645e+00 -1.284220e+00  2.188096e+02  5.000000e-01  8.935878e-01  6.911721e-01 -5.588270e-01  1.195707e-02
 2.389784e+00 -1.137990e+00  2.535852e+00  0.000000e+00  0.000000e+00  3.707791e-01  2.435144e-02 -3.132541e-02  2.565997e-03
-2.337938e+00  5.566525e-01  2.759743e+00  6.190259e+01  0.000000e+00  3.911765e-01 -2.584982e-02 -8.743727e-02  3.040833e-03
 1.851667e-01  8.162511e-01 -7.238901e-01  2.883736e+02  5.000000e-01  1.051007e+00  1.019882e+00 -5.864019e-01  3.122431e-02
-7.731385e-05  5.730921e-04  1.449574e-05  4.109683e+02  1.000000e+00  2.668531e+02  1.635831e+01  3.774205e+01  2.630959e+02
3  3.533035e-01 -6.836759e-01  2.138114e+00  1.067387e+00  3.787044e-02  1.311810e+01 6 2 -1.000000e+00
 4.452964e-01 -1.887108e+00  3.359736e+00  0.000000e+00  0.000000e+00  3.909418e-01  1.849074e-01  1.977846e-01  1.066680e-03
-2.867815e-03  5.486784e-03  1.334050e-04  3.331948e+02  1.000000e+00  9.131531e+01  1.440974e+01  2.128947e+01  8.845240e+01
-9.940082e-02  1.804593e-01 -1.272347e-01  3.219892e+02  5.000000e-01  1.813369e+00  1.496295e+00  2.506425e+00  5.146316e-01
1 -6.990706e+00  8.000289e+00  0.000000e+00  2.080950e+00  0.000000e+00  1.257940e+01 0 2  2.895433e-01
-6.142404e+00 -2.084627e+00  4.147018e+00  0.000000e+00  0.000000e+00  4.745429e-01 -1.714112e-02 -1.862101e-01  3.673357e-04
5 -1.269579e-02 -1.000531e-02  4.813425e-01  2.281048e-01  1.000000e+00  1.038660e+01 6 3 -1.000000e+00
 1.603139e-02 -2.537584e-01  2.708977e+00  0.000000e+00  0.000000e+00  3.219105e-01  2.933174e-01  6.802379e-02  9.523237e-02
-1.977312e-01 -4.135088e-02 -2.357956e+00  1.002815e+00  5.000000e-01  5.372672e-01 -7.596163e-01 -2.473883e-01  2.873156e-01
 1.678238e-01  6.557865e-02 -1.441389e+00  1.708439e+00  5.000000e-01  6.569835e-01 -7.262653e-01 -5.328925e-01  3.929918e-01
-9.532243e-02  2.145266e-01  3.194910e+00  4.122431e-01  0.000000e+00  3.274827e-01  1.691009e-01  3.326958e-01  1.006529e-01
 6.248156e-04  4.484271e-04  1.974850e-03  3.576949e+00  1.000000e+00  2.463437e+01 -3.019185e+00 -6.565092e+00  2.387299e+01
1  1.395306e+01  8.189364e+00  0.000000e+00  2.825459e+00  0.000000e+00  1.643920e+01 0 2  2.617908e-01
 6.639550e+00  4.660733e-01  3.781462e+00  0.000000e+00  0.000000e+00  4.497432e-01 -1.776324e-01 -8.234850e-02  1.806701e-04
2 -8.545452e-01 -2.361569e+00  4.986711e+00  2.554346e+00  7.705627e-01  1.080470e+01 6 3  2.716162e-01
 4.803733e-02 -1.826009e+00 -2.336897e+00  8.894543e+02  5.000000e-01  8.536373e-01  6.633136e-01  9.672132e-02  3.280136e-04
 2.431400e+00  2.554273e+00  3.032714e+00  0.000000e+00  0.000000e+00  3.541619e-01  5.171488e-02 -2.910236e-01  1.563505e-05
1 -3.443964e+00 -3.545315e+00  0.000000e+00  1.291065e+00  0.000000e+00  1.595120e+01 0 2  3.098895e-01
-2.096976e+00  4.495321e-01  3.689439e+00  0.000000e+00  0.000000e+00  3.270666e-01 -4.236076e-01 -4.849797e-02  2.646006e-02
3  2.645691e-01 -2.350205e-01  2.169218e+00  7.935606e-01  8.761500e-01  1.033330e+01 6 1 -1.000000e+00
 7.805667e-01 -1.244977e+00  2.520880e+00  0.000000e+00  0.000000e+00  3.071303e-01 -1.502378e-02  2.883676e-01  2.453571e-02
-6.173077e-01  4.137736e-01 -2.208669e+00  4.192609e+01  5.000000e-01  4.674783e-01 -5.064469e-01  6.927137e-01  9.497342e-02
-3.070673e-03  4.800840e-03  4.755970e-04  6.393920e+01  1.000000e+00  4.860900e+01  1.279679e+01  4.885112e-01  4.750206e+01
3  4.446320e-01  5.036090e-01  2.147535e+00  7.855561e-01  2.099245e-01  1.313470e+01 6 1 -1.000000e+00
 9.556813e-01  1.361624e+00  1.793610e+00  0.000000e+00  0.000000e+00  2.313940e-01  3.657051e-02 -1.785585e-01  1.531285e-02
-3.224191e-01 -3.641697e-01 -3.765228e-01  1.067726e+02  5.000000e-01  8.370213e-01 -1.871625e-02 -1.637710e+00  3.680688e-01
-3.098065e-03 -4.434043e-03  6.298404e-05  1.278999e+02  1.000000e+00  1.410723e+02  2.880479e+01 -5.397680e+01  1.395760e+02
5 -5.300221e+00  2.744761e-02  2.567301e+00  1.163662e+00  1.000000e+00  1.260420e+01 6 3  3.019922e-01
 3.824456e-02 -1.330934e+00  2.660712e+00  0.000000e+00  0.000000e+00  3.571606e-01  1.930157e-01  1.217707e-02  1.221782e-02
-8.672086e-01 -2.783269e-03 -1.852402e+00  2.547691e+01  5.000000e-01  7.301302e-01 -7.826268e-01 -1.282760e-02  3.618425e-02
 8.098336e-01  1.368698e-01 -1.618659e+00  2.919246e+01  5.000000e-01  7.666138e-01 -7.893755e-01 -2.216998e-01  4.478944e-02
-1.549243e-01  1.229089e+00  3.001204e+00  8.372278e+00  0.000000e+00  3.837742e-01  2.013170e-01  7.749913e-02  1.424670e-02
 3.099593e-04  5.074523e-04  1.831977e-04  5.952891e+01  1.000000e+00  7.601175e+01  3.708215e+00 -1.242689e+01  7.103196e+01
3  4.950914e-01  1.268582e-01  1.085487e+00  5.446434e-01  6.670502e-01  9.810710e+00 6 3  2.780294e-01
-3.882060e-01 -2.066946e-01 -3.096308e+00  1.792725e+01  5.000000e-01  6.813154e-01 -4.399230e-01 -4.806171e-01  5.008737e-02
 2.947182e-01  6.370451e-01  4.641792e+00  0.000000e+00  0.000000e+00  4.471097e-01  1.771979e-01 -2.425996e-01  1.935833e-02
-1.316625e-03 -1.304124e-03  4.669718e-04  3.184190e+01  1.000000e+00  4.857279e+01  2.587626e+00 -1.072461e+01  4.453968e+01
3 -2.395148e-01  3.810415e-01  1.027566e+00  4.947427e-01  1.261580e-01  1.392960e+01 6 1 -1.000000e+00
-3.868949e-01  7.827272e-01  1.576017e+00  0.000000e+00  0.000000e+00  1.913622e-01  6.330891e-02  1.239999e-01  4.089081e-03
 9.871456e-02 -1.228533e-01 -1.988271e-01  6.825013e+01  5.000000e-01  8.275792e-01  6.047572e-01  2.166447e+00  4.196552e-01
 3.653094e-03 -4.391899e-03  5.175505e-04  7.284377e+01  1.000000e+00  4.533826e+01 -4.577234e+00  3.570910e+00  4.451035e+01
3  1.153635e-01  3.210995e-01  1.482844e+00  7.408022e-01  3.480971e-01  1.804930e+01 6 1 -1.000000e+00
-1.445531e-01 -4.947967e-01 -8.280909e-01  3.764140e+01  5.000000e-01  3.447579e-01  1.062064e+00 -7.134132e-01  7.687662e-02
 3.845998e-01  8.904190e-01  2.378908e+00  0.000000e+00  0.000000e+00  2.011215e-01  3.329290e-01 -3.271150e-01  1.217824e-02
-1.366871e-04 -5.575927e-04  4.530557e-06  7.150041e+01  1.000000e+00  4.735858e+02  4.041111e+01  3.131849e+01  4.723693e+02
5 -3.295976e-01 -1.002589e-01  2.186704e+00  1.032288e+00  1.000000e+00  1.463900e+01 6 3 -1.000000e+00
-1.462138e-01 -1.158209e+00  3.241076e+00  9.828907e+00  0.000000e+00  3.356432e-01  2.129716e-01 -2.957592e-01  1.933864e-02
-8.071106e-01 -5.500395e-01 -2.805350e+00  1.356268e+01  5.000000e-01  4.370057e-01 -3.597520e-01 -7.375655e-01  6.260441e-02
-9.968596e-01  8.562580e-01  2.415176e+00  0.000000e+00  0.000000e+00  3.125441e-01 -2.078257e-01  1.239176e-01  1.494814e-02
 5.067407e-01  1.884166e-01 -3.797631e-01  6.082492e+01  5.000000e-01  7.968136e-01 -1.198981e+00 -1.112182e+00  3.124903e-01
 3.401740e-03  1.053204e-03  1.099026e-04  8.879073e+01  1.000000e+00  1.017269e+02 -2.649402e+01 -1.857432e+01  1.003031e+02
3 -1.715288e-02  5.522302e-02  3.635530e-01  2.515324e-01  3.572086e-01  1.850250e+01 6 1 -1.000000e+00
 7.541274e-02 -9.359733e-02 -1.058967e+00  3.198369e+00  5.000000e-01  9.087049e-01  2.815303e-01  9.345543e-01  2.008008e-01
 1.284814e-01  2.660615e-01  2.964563e+00  0.000000e+00  0.000000e+00  3.702643e-01  2.386080e-01 -4.811840e-02  1.038027e-02
 1.402415e-03 -2.289007e-03  3.648218e-03  3.874281e+00  1.000000e+00  1.838427e+01 -9.691418e-01  5.212214e+00  1.632947e+01
2 -7.072318e-01 -4.522497e-01  1.674584e+00  7.149466e-01  2.463308e-02  1.396950e+01 6 2 -1.000000e+00
-1.058924e+00 -9.329857e-01  3.285938e+00  0.000000e+00  0.000000e+00  3.193896e-01 -1.696573e-01 -3.607212e-01  2.904210e-03
 2.208308e-01  1.470410e-01 -8.094276e-02  3.258013e+02  5.000000e-01  9.380996e-01 -1.462569e+00 -3.196738e+00  3.230571e-01
3  1.432767e-01  2.355818e-02  1.266144e+00  6.498945e-01  4.869628e-01  1.695690e+01 6 3 -1.000000e+00
-4.879951e-01  4.143944e-02 -2.206644e+00  6.630300e+01  5.000000e-01  6.502672e-01 -7.376820e-01  1.769609e-01  5.908011e-02
 6.921014e-01  5.002357e-01  4.531443e+00  0.000000e+00  0.000000e+00  4.345946e-01 -1.755619e-01 -2.611150e-01  1.131634e-02
-1.183405e-03 -1.375700e-04  9.756473e-05  1.182472e+02  1.000000e+00  1.030211e+02 -1.252717e+01  1.333675e+00  1.002449e+02
3 -2.712216e-01 -1.954467e-01  9.173173e-01  3.568767e-01  1.207948e-01  1.262420e+01 6 1 -1.000000e+00
-5.186314e-01 -5.533078e-01  1.595185e+00  0.000000e+00  0.000000e+00  2.050199e-01 -6.594163e-02 -2.754465e-02  3.097919e-03
 4.063364e-04  2.813204e-04  2.647951e-06  1.429916e+02  1.000000e+00  6.346699e+02 -6.256349e+01 -1.413252e+02  6.334874e+02
 1.417429e-01  8.338429e-02 -1.926901e-01  1.146896e+02  5.000000e-01  6.613951e-01 -1.259670e+00 -1.928099e+00  2.542746e-01
3 -2.138002e-01  5.548301e-01  1.677448e+00  8.155128e-01  1.848096e-01  1.259640e+01 6 1 -1.000000e+00
-6.756702e-01  1.227734e+00  2.555324e+00  0.000000e+00  0.000000e+00  3.014272e-01  2.231921e-01  2.164474e-01  5.818121e-02
 1.100883e-01 -2.542973e-01 -4.722483e-01  7.079121e+01  5.000000e-01  1.859030e+00  1.229891e+00  1.158806e+00  1.421674e+00
 3.737052e-02 -8.250566e-02  7.120949e-02  7.128295e+01  1.000000e+00  5.791987e+00  1.938684e+00  2.271909e+00  5.217631e+00
3 -2.580348e+00 -1.099291e+00  2.434696e+00  1.105191e+00  3.934292e-01  7.492180e+00 6 3  2.930680e-01
-7.693939e-01 -4.308959e-01 -6.124567e+00  9.817447e+01  5.000000e-01  6.136563e-01 -2.465478e-01 -5.017494e-01  1.433425e-02
 1.601617e+00  1.223236e-01  2.409583e+00  0.000000e+00  0.000000e+00  2.988579e-01 -2.728883e-01 -4.607392e-02  2.691697e-03
-2.277335e-03 -2.529675e-04  7.552116e-05  1.431708e+02  1.000000e+00  1.170212e+02 -1.481787e+01 -1.275414e-01  1.107610e+02
1  2.557922e-02  1.795797e-02  0.000000e+00  2.352981e-02  0.000000e+00  8.905510e+00 0 2 -1.000000e+00
 6.240110e-02  5.056567e-02  3.763099e+00  0.000000e+00  0.000000e+00  4.591651e-01 -8.794093e-02 -1.379506e-01  1.825030e-02
3 -2.289450e-01 -2.451591e-01  1.641603e+00  9.615462e-01  1.918855e-01  1.515730e+01 6 3 -1.000000e+00
-4.351127e-01 -1.091630e+00  4.363616e+00  0.000000e+00  0.000000e+00  4.121775e-01  1.724197e-01 -2.943450e-01  5.371728e-03
 3.949010e-01  3.246815e-01 -8.373144e-01  1.370055e+02  5.000000e-01  7.121471e-01 -2.137694e-01 -1.109710e+00  8.693578e-02
 8.206773e-04  6.487916e-04  1.211269e-05  2.104687e+02  1.000000e+00  2.972450e+02 -4.811804e+01 -5.373721e+01  2.948823e+02
2  4.070226e-02 -2.819721e-01  1.111271e+00  6.335576e-01  2.080128e-01  1.534740e+01 6 1 -1.000000e+00
 1.103981e-01 -7.872332e-01  2.891360e+00  0.000000e+00  0.000000e+00  3.439269e-01  2.890091e-01  3.236770e-02  1.377096e-03
-6.837135e-02  3.095642e-01 -6.014399e-01  1.232817e+02  5.000000e-01  5.307599e-01  1.266640e+00  5.277180e-01  2.214691e-02
3  2.924797e-01  2.716687e-01  1.624170e+00  6.808809e-01  5.676909e-01  1.535280e+01 6 3 -1.000000e+00
-2.643611e-01 -3.234099e-01 -3.115199e+00  9.186659e+00  5.000000e-01  7.029170e-01  1.495209e-01 -6.220198e-01  3.910693e-01
 9.348371e-01  7.719681e-01  1.768470e+00  0.000000e+00  0.000000e+00  2.171699e-01 -2.123509e-02 -2.165908e-01  4.160686e-02
-3.675185e-02 -3.563291e-02  6.538820e-02  9.703261e+00  1.000000e+00  4.925017e+00  8.932503e-02 -3.232645e-01  4.331164e+00
3  4.255717e-01 -1.146208e-01  1.248701e+00  4.653906e-01  2.514249e-01  9.834110e+00 6 1 -1.000000e+00
 9.610088e-01 -2.741269e-01  1.552712e+00  0.000000e+00  0.000000e+00  1.913784e-01 -8.010674e-02  5.845752e-02  6.227772e-03
-2.492576e-01  3.329713e-02 -3.903904e-01  1.104068e+02  5.000000e-01  6.246717e-01 -1.530012e+00  6.012251e-01  2.935497e-01
-4.265141e-03  2.205884e-04  1.851056e-04  1.262166e+02  1.000000e+00  7.689291e+01 -1.543181e+01 -1.092115e+01  7.611475e+01
3 -3.077277e-01 -2.052674e-01  9.926779e-01  4.063508e-01  1.394185e-01  1.463560e+01 6 1 -1.000000e+00
-6.845321e-01 -4.196903e-01  1.850806e+00  0.000000e+00  0.000000e+00  2.461544e-01 -3.452812e-02 -1.636637e-01  4.935431e-03
 1.590996e-01  1.034683e-01 -2.580366e-01  7.476473e+01  5.000000e-01  7.074350e-01 -7.912044e-01 -1.826201e+00  2.643490e-01
 1.481557e-03  9.745945e-04  4.249088e-05  8.759139e+01  1.000000e+00  1.556976e+02 -8.661756e+00 -1.794006e+01  1.545704e+02
3  1.026246e+00  5.099620e-01  4.685580e-01  2.126172e-01  5.317748e-01  1.323670e+01 6 1  2.928785e-01
 2.649131e-01  3.255590e-01  2.653923e+00  0.000000e+00  0.000000e+00  3.375909e-01 -3.311612e-02 -2.467558e-01  9.368704e-03
-3.073497e-02 -3.795000e-02 -1.411289e+00  1.252573e+01  5.000000e-01  2.087785e+00  1.220855e-01 -1.370016e+00  1.062657e+00
-2.049265e-02 -2.624354e-02  6.974914e-01  1.252800e+01  1.000000e+00  3.034012e+00  3.074522e-01 -1.615230e+00  1.869079e+00
2  1.758283e-02  1.289225e-01  1.115209e+00  7.364473e-01  4.337221e-01  1.461780e+01 6 3 -1.000000e+00
-1.563377e-01 -4.571741e-01 -1.648780e+00  2.624309e+01  5.000000e-01  2.929975e-01  8.227695e-01 -6.552952e-01  1.620859e-02
-1.632569e-01  6.580131e-01  3.801467e+00  0.000000e+00  0.000000e+00  2.450337e-01  5.279397e-01  1.679210e-01  6.112837e-03
1 -2.378543e-02 -5.856618e-01  0.000000e+00  4.225997e-01  0.000000e+00  1.443490e+01 0 2 -1.000000e+00
 2.132251e-01 -8.485482e-01  3.755340e+00  0.000000e+00  0.000000e+00  2.856734e-01  4.897065e-01  6.451825e-02  3.164484e-02
4  3.644397e-01 -7.608495e-01  2.226637e+00  9.827356e-01  1.000000e+00  1.760320e+01 6 3  2.747001e-01
-1.181029e+00 -6.272054e-01  2.911504e+00  0.000000e+00  0.000000e+00  3.413046e-01 -2.405839e-01 -1.803717e-01  8.492916e-04
 6.182113e-01 -4.369660e-01 -2.326143e+00  1.223555e+02  5.000000e-01  7.414595e-01 -1.998182e-01  6.758788e-01  6.928743e-03
 2.177661e-01  8.386103e-01 -5.787204e+00  1.079604e+02  5.000000e-01  6.281182e-01  5.163788e-01 -2.108175e-01  4.301566e-03
 6.690348e-01  6.118158e-01  8.010765e+00  1.062861e+02  0.000000e+00  4.888221e-01  9.629244e-04 -3.694183e-01  2.798702e-03
3  1.686275e-01 -1.292640e+00  2.315707e+00  9.920908e-01  5.377622e-03  1.849500e+01 6 2 -1.000000e+00
 8.094608e-01 -2.027627e+00  3.584993e+00  0.000000e+00  0.000000e+00  3.357903e-01  3.707864e-01  1.573258e-01  2.370562e-04
 7.486500e-04  3.233851e-03  1.007309e-05  5.966002e+02  1.000000e+00  3.560077e+02  1.024335e+02 -1.275283e+02  3.529904e+02
 1.788734e-03  1.426645e-01 -1.927874e-02  5.782942e+02  5.000000e-01  2.437497e+00  7.228597e+00  1.297847e+00  1.035413e+00
3 -4.437296e-01 -3.228169e-01  7.228637e-01  4.724758e-01  3.507904e-01  1.746290e+01 6 3  2.752605e-01
-1.492793e-01 -4.962476e-01  4.756238e+00  0.000000e+00  0.000000e+00  3.820041e-01  3.169132e-01 -2.668984e-01  3.731063e-03
 2.007425e-01  1.362211e-01 -1.668443e+00  2.598740e+01  5.000000e-01  9.725135e-01 -2.243761e-01 -7.414662e-01  3.710100e-02
 8.835286e-03  5.822915e-03  1.810488e-02  2.964151e+01  1.000000e+00  8.740072e+00 -1.833940e+00 -1.145273e+00  4.826276e+00
3  2.526508e-02  2.644237e-02  1.491410e-01  7.629850e-02  6.264991e-02  5.768650e+00 6 2 -1.000000e+00
 4.925753e-02  8.684286e-02  7.414346e+00  0.000000e+00  0.000000e+00  3.045917e-01  2.380290e-01 -5.404270e-01  6.979626e-02
-3.502744e-02 -3.619813e-02 -4.645081e-01  3.212606e+00  5.000000e-01  6.765247e-01  1.130104e-02 -1.502439e+00  3.884990e-01
-3.788137e-04 -4.082849e-04  2.704254e-04  4.610835e+00  1.000000e+00  6.472022e+01  2.047274e+00 -1.892611e+01  6.407156e+01
1  1.883730e-01 -3.259583e-02  0.000000e+00  4.655880e-02  0.000000e+00  1.784680e+01 0 2  3.041816e-01
-8.799209e-02 -5.761195e-04  7.379074e+00  0.000000e+00  0.000000e+00  4.547392e-01 -3.890893e-01  1.019832e-01  2.968499e-03
3 -9.315446e-02  2.685717e-01  7.132159e-01  2.789094e-01  1.828952e-01  1.635220e+01 6 1 -1.000000e+00
-4.401345e-01  4.962561e-01  1.801564e+00  0.000000e+00  0.000000e+00  2.315944e-01  1.826267e-01  4.496119e-02  5.580428e-03
 7.581799e-04 -6.436007e-02 -3.294975e-01  4.397261e+01  5.000000e-01  2.553298e+00  2.328017e+00  1.673189e-01  1.979939e+00
 6.033113e-04 -3.273810e-02  1.010729e-01  4.400946e+01  1.000000e+00  5.483139e+00  3.183417e+00 -2.655886e-01  4.807529e+00
1  3.943516e+00 -2.034967e+00  0.000000e+00  3.728761e+00  0.000000e+00  1.535060e+01 0 2 -1.000000e+00
 8.131313e+00 -4.111187e+00  3.750309e+00  0.000000e+00  0.000000e+00  4.298131e-01 -1.750917e-01  1.667671e-01  1.575076e-05
3 -1.030509e-01 -4.565941e-01  1.609703e+00  8.138069e-01  2.055019e-01  1.782350e+01 6 1 -1.000000e+00
-1.570401e-01 -1.129734e+00  2.668872e+00  0.000000e+00  0.000000e+00  2.292632e-01  4.375271e-01 -1.670785e-01  5.757592e-02
 1.118229e-01  4.573564e-01 -5.484585e-01  2.543361e+01  5.000000e-01  7.271764e-01  1.211281e+00 -6.561417e-01  4.652103e-01
 3.301163e-03  1.458031e-02  1.690450e-03  3.038205e+01  1.000000e+00  2.613895e+01  5.729601e+00 -2.753197e+00  2.549859e+01
3 -2.745727e-01  2.307148e-01  8.463009e-01  3.033830e-01  1.142071e-01  1.244190e+01 6 1 -1.000000e+00
-5.266383e-01  5.039046e-01  1.433865e+00  0.000000e+00  0.000000e+00  1.625870e-01 -2.990426e-02  5.431897e-02  1.670802e-02
 8.731500e-02 -7.857853e-02 -1.637576e-01  2.898001e+01  5.000000e-01  1.639187e+00 -4.419181e-01  2.513932e+00  1.339876e+00
 9.414898e-03 -9.010367e-03  2.667291e-03  2.976798e+01  1.000000e+00  2.302814e+01  1.177326e-01  1.050298e+01  2.254052e+01
3  1.006658e-01 -1.493170e-01  4.832051e-01  2.738154e-01  3.022291e-01  1.327410e+01 6 1 -1.000000e+00
 2.546284e-01 -3.007622e-01  1.613616e+00  0.000000e+00  0.000000e+00  1.891367e-01  1.209799e-01  1.521093e-01  1.204927e-02
-5.995058e-02  6.601734e-02 -4.876818e-01  8.775731e+00  5.000000e-01  8.252866e-01  4.305659e-01  1.376828e+00  4.903465e-01
-5.097323e-03  4.653790e-03  4.486937e-03  9.221286e+00  1.000000e+00  1.656949e+01 -2.872260e+00  3.360054e+00  1.595106e+01
3 -3.463420e-02 -1.297351e+00  2.244398e+00  8.964428e-01  3.403313e-01  1.261680e+01 6 1  2.892947e-01
-1.079140e-01 -5.067257e-01 -7.895322e-01  1.359538e+02  5.000000e-01  1.067308e+00  9.580719e-01 -5.943075e-01  1.739956e-01
-2.036243e-01  1.735630e+00  2.319893e+00  0.000000e+00  0.000000e+00  3.191262e-01  1.786543e-01 -2.484711e-02  7.229309e-03
-1.507768e-03 -1.296951e-02  9.267695e-04  1.510929e+02  1.000000e+00  3.626304e+01  1.261188e+01 -2.324982e+00  3.264106e+01
3  1.034461e+00 -3.919729e+00  2.578686e+00  1.406625e+00  1.818773e-01  1.718150e+01 6 1  2.909264e-01
-4.735929e-01 -2.272166e+00  1.495034e+00  0.000000e+00  0.000000e+00  1.585950e-01  1.247249e-01  1.533788e-01  6.614796e-04
-1.760741e-01  2.892994e-01 -2.719128e-01  2.951787e+02  5.000000e-01  1.617404e+00  7.298771e-01  1.877796e+00  2.586285e-01
-4.522848e-03  9.424766e-03  2.953113e-04  3.056950e+02  1.000000e+00  6.409902e+01  1.057890e+01  2.198445e+01  5.866442e+01
1  3.677943e-01 -1.520077e-01  0.000000e+00  9.417242e-02  0.000000e+00  8.941700e+00 0 2  2.927997e-01
 1.713666e-01  1.668999e-01  3.957037e+00  0.000000e+00  0.000000e+00  3.738847e-01  2.889489e-02 -3.721171e-01  7.430695e-03
3  1.778683e-02  9.629341e-02  6.941026e-01  2.755469e-01  6.010378e-01  1.377590e+01 6 1 -1.000000e+00
 1.007174e-01 -2.037682e-01 -1.142769e+00  1.542416e+01  5.000000e-01  5.795392e-01  3.950434e-01  9.464645e-01  1.518412e-01
 1.932510e-01  4.841387e-01  1.901327e+00  0.000000e+00  0.000000e+00  2.745965e-01  1.535699e-02  5.100674e-03  1.009261e-02
-4.908733e-05 -7.681130e-04  7.654789e-05  2.384891e+01  1.000000e+00  1.185299e+02  2.633089e+01  7.499873e+00  1.169658e+02
3  3.350926e-01 -1.175288e-01  9.739020e-01  3.983298e-01  1.332551e-01  1.078790e+01 6 1 -1.000000e+00
 7.780889e-01 -2.270430e-01  1.738153e+00  0.000000e+00  0.000000e+00  2.339255e-01 -5.723498e-02  9.094561e-02  4.444719e-03
-1.552605e-01  5.106505e-02 -2.316178e-01  7.744268e+01  5.000000e-01  8.987449e-01 -1.633781e+00  1.287816e+00  3.593653e-01
-1.947265e-03  5.942111e-04  5.096118e-05  8.716282e+01  1.000000e+00  1.457646e+02 -3.245529e+01  1.675292e+01  1.442891e+02
3  6.990444e-01  1.459836e-01  2.176067e+00  7.480455e-01  1.479839e-01  1.761400e+01 6 1 -1.000000e+00
 1.750293e+00  7.772375e-01  1.718152e+00  0.000000e+00  0.000000e+00  2.296749e-01 -9.941742e-02  3.867975e-02  1.468113e-03
-2.589657e-01 -5.831645e-02 -2.542588e-01  3.458198e+02  5.000000e-01  1.244599e+00 -1.920026e+00 -5.534721e-01  2.891148e-01
-4.911039e-03 -1.981927e-03  9.745187e-05  3.651763e+02  1.000000e+00  1.081050e+02 -1.511198e+01 -3.133095e+01  1.052903e+02
2 -2.293214e+00  4.084573e+00  5.548666e+00  3.002891e+00  7.038332e-01  1.461020e+01 6 3  2.735483e-01
-7.078792e-01 -1.316684e+00 -3.345091e+00  1.146695e+03  5.000000e-01  1.104611e+00  4.017027e-01 -3.853880e-01  1.746586e-03
 4.364322e+00  9.328643e-01  4.752677e+00  0.000000e+00  0.000000e+00  5.182174e-01 -1.147874e-01 -9.236113e-02  6.395268e-05
1  8.767023e-03  3.443287e-02  0.000000e+00  4.552172e-02  0.000000e+00  7.911560e+00 0 2 -1.000000e+00
 2.715374e-02  8.925975e-02  3.237200e+00  0.000000e+00  0.000000e+00  4.094321e-01  1.636563e-01 -1.143593e-01  5.027415e-02
1 -1.548865e+00  2.338084e+00  0.000000e+00  1.849985e+00  0.000000e+00  9.829750e+00 0 2 -1.000000e+00
-1.611408e+00  4.234134e+00  3.388035e+00  0.000000e+00  0.000000e+00  3.749197e-01  1.789395e-01  2.520904e-01  5.726916e-03
3 -1.513379e-01  6.317495e-02  1.073161e+00  4.168354e-01  8.815059e-01  1.614050e+01 6 1 -1.000000e+00
 1.857809e-01 -3.508179e-01 -1.870326e+00  1.898310e+01  5.000000e-01  4.610708e-01  6.306630e-01  6.537393e-01  1.705631e-01
-7.022988e-01  2.516676e-01  1.648703e+00  0.000000e+00  0.000000e+00  2.094717e-01 -1.123472e-01  7.599882e-02  1.866379e-02
 1.355052e-03 -7.810857e-04  1.440973e-04  3.159336e+01  1.000000e+00  8.527841e+01  3.925300e+00  1.215259e+01  8.423145e+01
3  4.546862e-01  1.536019e+00  5.962355e+00  4.071546e+00  2.346391e-01  1.199590e+01 6 3 -1.000000e+00
 5.634945e-01  5.277904e+00  3.119592e+00  0.000000e+00  0.000000e+00  3.838822e-01  2.254952e-01 -9.054446e-02  8.543646e-04
-2.709539e-01 -6.257705e-01 -7.319781e-01  1.595063e+03  5.000000e-01  1.467898e+00  7.916304e-01 -9.789847e-01  2.286900e-01
-1.719422e-02 -4.881190e-02  3.986339e-03  1.619233e+03  1.000000e+00  1.767926e+01  3.662450e+00 -3.731942e+00  1.527111e+01
3  2.041993e-02 -2.649589e-01  8.403483e-01  3.520351e-01  2.927981e-01  1.696160e+01 6 1 -1.000000e+00
 2.017385e-01 -6.399726e-01  1.797436e+00  0.000000e+00  0.000000e+00  2.331115e-01  1.721634e-01 -4.614921e-02  2.418561e-02
-3.426815e-02  1.665546e-01 -5.262859e-01  4.521508e+01  5.000000e-01  9.112894e-01  1.370352e+00  1.735344e-01  5.663328e-01
-3.974328e-03  1.162019e-02  4.106177e-03  4.815666e+01  1.000000e+00  1.817356e+01  3.926486e+00  5.998183e+00  1.755992e+01
3 -1.291651e-01 -1.792219e-01  1.041695e+00  4.363484e-01  7.994368e-01  5.790120e+00 6 1 -1.000000e+00
-5.442609e-01 -5.436689e-01  1.892577e+00  0.000000e+00  0.000000e+00  2.573434e-01  4.403524e-02 -1.456692e-01  2.641762e-02
 1.078357e-01  2.686719e-01 -1.512996e+00  2.766961e+01  5.000000e-01  7.204340e-01  6.937588e-01 -5.077365e-01  3.086061e-01
 5.819651e-03  9.171255e-03  4.287446e-03  3.182659e+01  1.000000e+00  1.684206e+01  2.393960e+00 -3.464228e+00  1.575703e+01
3 -4.941541e-01 -2.875472e-01  1.340767e+00  4.863532e-01  1.434266e-01  4.904170e+00 6 1 -1.000000e+00
-8.980175e-01 -5.542238e-01  1.305883e+00  0.000000e+00  0.000000e+00  1.093087e-01 -1.033325e-01 -1.299532e-01  9.138285e-03
 1.276281e-03  9.678844e-04  9.964238e-06  1.113067e+02  1.000000e+00  3.307770e+02  4.046748e+00 -9.152904e+01  3.303609e+02
 2.385360e-01  1.570438e-01 -1.872984e-01  8.844363e+01  5.000000e-01  5.149721e-01 -1.079269e+00 -2.099882e+00  3.521060e-01
1 -6.583212e+00 -5.709224e-02  0.000000e+00  2.545339e+00  0.000000e+00  1.080580e+01 0 2 -1.000000e+00
-7.560063e+00 -9.199701e-01  3.287801e+00  0.000000e+00  0.000000e+00  3.086464e-01 -4.168127e-01 -9.072707e-03  3.016814e-04
3 -2.050093e-01  5.598164e-02  1.920578e+00  1.095118e+00  4.364277e-03  1.396670e+01 6 2  2.823087e-01
 6.119149e-01 -1.734836e+00  3.953797e+00  0.000000e+00  0.000000e+00  3.332487e-01  3.264472e-01  2.916643e-01  5.975319e-04
-3.349756e-03  1.003390e-02  3.127795e-04  3.365202e+02  1.000000e+00  6.442431e+01  2.349100e+01  1.654316e+01  5.908647e+01
-2.619711e-02  7.663732e-02 -1.725546e-02  3.349705e+02  5.000000e-01  5.526033e+00  6.921696e+00  5.525192e+00  2.659882e+00
3  2.069607e+00  1.031505e+00  9.990956e-01  4.350845e-01  2.200372e-02  8.007610e+00 6 2  2.636470e-01
-4.403906e-01  7.866123e-01  3.040932e+00  0.000000e+00  0.000000e+00  3.652547e-01  1.176161e-01  2.454009e-01  5.342820e-03
 5.972942e-02 -7.829915e-02 -6.691182e-02  1.664543e+02  5.000000e-01  2.990826e+00  1.234040e+00  4.169602e+00  1.892600e+00
 4.660763e-03 -6.015181e-03  4.058335e-04  1.701712e+02  1.000000e+00  6.317782e+01  8.246123e+00  3.652420e+01  6.107171e+01
3 -3.342858e-01  1.857599e-02  1.589761e+00  5.888782e-01  7.740668e-01  7.992760e+00 6 1 -1.000000e+00
-1.082822e+00  1.151401e-01  1.508612e+00  0.000000e+00  0.000000e+00  1.729647e-01 -1.404755e-01  3.732316e-02  8.259983e-03
 5.069311e-01  1.098819e-01 -1.948943e+00  3.856280e+01  5.000000e-01  3.268865e-01 -8.758104e-01 -4.462473e-01  8.237012e-02
 8.206765e-04  6.302101e-05  1.040137e-05  6.566118e+01  1.000000e+00  3.137336e+02 -4.494038e+00 -4.050842e+01  3.128300e+02
3 -6.117487e-01  4.597060e-02  2.441164e+00  8.302531e-01  3.144931e-01  1.632780e+01 6 1 -1.000000e+00
-2.037643e+00 -3.066040e-01  1.684932e+00  0.000000e+00  0.000000e+00  2.156436e-01  1.082345e-01  1.000226e-01  2.397480e-03
 3.940434e-01 -9.170077e-02 -5.298995e-01  1.739272e+02  5.000000e-01  8.165266e-01 -1.092393e+00  8.529307e-01  2.043958e-01
 4.305495e-03 -1.901604e-04  7.759711e-05  1.953448e+02  1.000000e+00  1.177797e+02 -2.739340e+01 -1.151945e-01  1.158411e+02
1  4.288974e+00  1.186569e+00  0.000000e+00  3.354568e+00  0.000000e+00  1.806010e+01 0 2 -1.000000e+00
 7.858514e+00  1.696805e+00  3.763654e+00  0.000000e+00  0.000000e+00  3.841200e-01 -3.118022e-01 -1.280170e-01  9.746000e-05
5 -6.228669e-01  6.331158e-01  6.779790e+00  2.674041e+00  1.000000e+00  1.149890e+01 6 3 -1.000000e+00
-3.379063e+00 -1.238586e+00  4.804491e+00  2.209313e+02  0.000000e+00  4.727648e-01 -2.622610e-01 -3.251973e-02  5.871280e-04
-2.666153e+00  1.474649e+00 -4.584102e+00  3.029030e+02  5.000000e-01  7.003068e-01 -2.732699e-01  4.829957e-01  3.210738e-03
 8.111505e-01  4.091297e+00  3.308802e+00  0.000000e+00  0.000000e+00  4.283409e-01  1.534608e-01  3.193398e-02  4.445930e-04
 6.878870e-01 -6.369967e-01 -5.184876e-01  1.078736e+03  5.000000e-01  1.445691e+00 -1.719122e-01  1.448369e+00  1.111550e-01
 2.354069e-03 -2.378708e-03  1.244249e-05  1.253638e+03  1.000000e+00  3.128676e+02  8.037385e-01  1.299653e+02  3.083407e+02
3 -1.526018e+00  9.468758e-01  1.071771e+00  6.007530e-01  5.251737e-01  8.447570e+00 6 3  2.784572e-01
 4.455869e-01 -1.415608e-01 -4.534955e+00  2.574820e+01  5.000000e-01  6.919765e-01 -4.538581e-01  3.307577e-01  2.310233e-02
-3.109947e-01  6.175681e-01  8.635153e+00  0.000000e+00  0.000000e+00  5.267573e-01  1.477515e-01  2.938068e-01  5.085019e-03
 6.616362e-04 -3.033397e-04  1.311506e-04  5.267167e+01  1.000000e+00  8.959202e+01 -1.495708e+01  9.146369e-02  8.505869e+01
3  6.963686e-01  3.348913e-01  2.640518e+00  1.382796e+00  2.104052e-01  4.640030e+00 6 3 -1.000000e+00
-5.460788e-01 -2.013311e-01 -6.929965e-01  1.225924e+02  5.000000e-01  1.049147e+00 -8.476746e-01 -8.525678e-01  2.696420e-01
 1.883667e+00  8.324335e-01  3.293628e+00  0.000000e+00  0.000000e+00  3.420071e-01 -1.916762e-01 -3.042997e-01  1.099642e-02
-3.307960e-02 -1.110845e-02  5.283772e-03  1.309194e+02  1.000000e+00  1.525418e+01 -3.539760e+00 -1.180245e+00  1.330192e+01
3 -4.578033e-01  1.153513e+00  4.505864e+00  2.410754e+00  1.071051e-01  9.407300e+00 6 1 -1.000000e+00
-9.736515e-01  4.122963e+00  2.106769e+00  0.000000e+00  0.000000e+00  3.096128e-01  4.440331e-02 -1.582485e-03  4.511392e-04
 1.630667e-01 -2.371612e-01 -2.256457e-01  7.252186e+02  5.000000e-01  2.115989e+00  9.287633e-01  2.194210e+00  8.143413e-01
 2.512276e-02 -3.583408e-02  5.009544e-03  7.288685e+02  1.000000e+00  1.719448e+01  1.192885e+00  7.824270e+00  1.517113e+01
2  6.105335e-02  5.760645e-01  1.114479e+00  4.570166e-01  1.500769e-02  1.376880e+01 6 2 -1.000000e+00
 1.876692e-01  9.606058e-01  3.354612e+00  0.000000e+00  0.000000e+00  3.202532e-01  3.932839e-01 -9.636570e-02  2.342549e-03
-1.826197e-02 -1.346819e-01 -5.034498e-02  1.619376e+02  5.000000e-01  1.618483e+00  4.394253e+00 -9.674799e-01  6.132047e-01
3 -6.541988e+00 -2.844996e-01  6.075857e+00  2.907808e+00  2.729620e-01  1.461020e+01 6 1  2.911922e-01
-2.020151e+00 -5.183473e+00  2.065306e+00  0.000000e+00  0.000000e+00  2.796749e-01 -9.333281e-02 -1.611443e-01  2.651588e-04
 6.531489e-01  2.726705e-01 -5.637501e-01  6.041279e+02  5.000000e-01  1.765923e+00 -1.203623e+00 -9.548634e-01  7.526094e-02
 2.048235e-02  1.006113e-02  7.630568e-04  6.163017e+02  1.000000e+00  3.833809e+01 -6.820708e+00 -6.090339e+00  3.278460e+01
3  1.057289e-01  1.536565e-01  1.172282e+00  5.679194e-01  1.809302e-01  9.810390e+00 6 3 -1.000000e+00
-2.205211e-01 -3.954336e-01 -8.918861e-01  1.961102e+01  5.000000e-01  6.439228e-01  5.987580e-01 -9.431326e-01  1.922054e-01
 6.866855e-01  3.470088e-01  4.929448e+00  0.000000e+00  0.000000e+00  3.558882e-01 -2.281513e-01 -3.999556e-01  3.370934e-02
-9.420254e-04 -1.476933e-03  9.039571e-05  3.499225e+01  1.000000e+00  1.109386e+02  1.587524e+01 -2.778489e+01  1.094203e+02
1  7.573365e-02  1.632473e-02  0.000000e+00  6.459586e-02  0.000000e+00  1.715790e+01 0 2  2.918309e-01
-1.077775e-01 -3.132004e-02  4.104960e+00  0.000000e+00  0.000000e+00  4.576576e-01 -1.837313e-01 -1.295003e-01  5.153196e-03
3  2.724982e-03  1.580208e-01  1.214249e+00  6.548717e-01  1.714809e-01  1.325090e+01 6 3 -1.000000e+00
-1.084832e-01 -4.540773e-01 -1.231164e+01  2.781625e+01  5.000000e-01  3.542078e-01  5.674890e-01 -4.197950e-01  5.206898e-02
-5.044942e-02  7.587845e-01  2.111211e+00  0.000000e+00  0.000000e+00  2.560023e-01  2.811786e-01 -2.844944e-02  1.627573e-02
 2.198982e-04 -1.039736e-03  8.433621e-05  5.569823e+01  1.000000e+00  1.126458e+02 -7.366204e+00  2.352084e+01  1.114613e+02
2  3.956488e+00 -7.292249e-01  2.553847e+00  1.170189e+00  9.330367e-04  1.848530e+01 6 2  2.728561e-01
 2.337890e+00  6.224743e-01  1.165445e+01  0.000000e+00  0.000000e+00  4.835032e-01 -3.829137e-01  1.853156e-01  7.256466e-04
-1.479391e-01  3.699411e-02 -1.087403e-02  5.802647e+02  5.000000e-01  3.078058e+00 -8.302764e+00  5.229215e+00  1.908822e+00
5  2.536650e-01 -3.209936e-01  3.281443e+00  9.417754e-01  1.000000e+00  1.697140e+01 6 3 -1.000000e+00
-3.621220e-01 -2.118432e+00  1.949217e+00  0.000000e+00  0.000000e+00  2.248960e-01 -1.803042e-01  2.350534e-01  9.168939e-03
 8.436713e-01  2.205684e-01 -2.165565e+00  6.531605e+01  5.000000e-01  5.524161e-01 -8.134003e-01  2.201147e-02  1.182133e-01
 7.772396e-01  9.588600e-01  3.485944e+00  6.260545e+01  0.000000e+00  3.904060e-01 -2.872898e-01 -4.693756e-02  4.227862e-02
-2.768220e-01  1.907835e-01 -4.037712e-01  9.522342e+01  5.000000e-01  1.387291e+00 -7.859751e-01  1.417352e+00  7.621248e-01
-2.878840e-02  2.937858e-02  2.061425e-02  9.781557e+01  1.000000e+00  8.581044e+00 -6.298353e-01  2.926670e+00  7.434855e+00
1  1.389439e+00  2.999776e-01  0.000000e+00  2.017651e+00  0.000000e+00  3.306710e+00 0 2 -1.000000e+00
 2.597890e+00  1.985377e+00  5.047134e+00  0.000000e+00  0.000000e+00  4.866375e-01 -1.822873e-01 -1.793883e-01  3.514269e-03
3  3.982398e-01  4.718978e-01  2.007813e+00  8.299482e-01  3.863223e-01  1.698230e+01 6 1 -1.000000e+00
-3.354934e-01 -4.323439e-01 -6.744847e-01  1.071126e+02  5.000000e-01  3.614248e-01  3.242384e-01 -1.336137e+00  8.269705e-02
 1.001666e+00  1.065427e+00  1.745912e+00  0.000000e+00  0.000000e+00  1.954136e-01  5.950108e-02 -2.665564e-01  5.137900e-03
-1.151551e-03 -1.629838e-03  2.899913e-05  1.485767e+02  1.000000e+00  1.897285e+02  7.641683e+00  3.280610e+01  1.889154e+02
3 -1.878167e-01 -2.344267e-01  9.298914e-01  4.259433e-01  3.607854e-01  1.259900e+01 6 1 -1.000000e+00
-3.481693e-01 -6.622642e-01  1.541605e+00  0.000000e+00  0.000000e+00  1.820136e-01  2.022758e-02 -1.414854e-01  2.845744e-02
 1.400449e-01  1.291554e-01 -5.561887e-01  2.789234e+01  5.000000e-01  9.735056e-01 -2.150840e-01 -1.323779e+00  6.851299e-01
 1.233923e-02  1.388699e-02  9.331319e-03  2.927707e+01  1.000000e+00  1.190472e+01 -3.276415e-02 -3.427238e+00  1.139356e+01
3  3.075596e-01 -6.106132e-01  1.816812e+00  9.471574e-01  1.159126e-01  1.394590e+01 6 1 -1.000000e+00
 8.701723e-01 -1.215605e+00  2.435911e+00  0.000000e+00  0.000000e+00  2.661652e-01  1.931897e-01  3.011099e-01  4.938945e-03
-1.455766e-01  2.907355e-01 -2.823528e-01  1.535300e+02  5.000000e-01  1.224522e+00  1.207144e+00  1.461123e+00  2.936627e-01
-3.905435e-03  7.019801e-03  2.634740e-04  1.658154e+02  1.000000e+00  6.500682e+01  7.653170e+00  1.558401e+01  6.179527e+01
1  9.468301e-02  6.062610e-02  0.000000e+00  5.387506e-02  0.000000e+00  1.136810e+01 0 2  2.840090e-01
-5.282377e-02  1.235455e-01  3.048650e+00  0.000000e+00  0.000000e+00  4.052927e-01  1.187409e-01  1.075329e-01  2.983115e-03
1 -1.435539e-01 -1.970301e-02  0.000000e+00  7.957590e-02  0.000000e+00  1.067380e+01 0 2 -1.000000e+00
-2.303657e-01 -9.287670e-02  3.140355e+00  0.000000e+00  0.000000e+00  3.699202e-01 -2.768981e-01 -4.350497e-02  2.940795e-03
3 -9.088888e-01  3.248296e+00  1.838171e+00  8.253604e-01  1.422636e-01  1.323960e+01 6 1  3.112589e-01
-1.317439e+00  1.042864e+00  1.993330e+00  0.000000e+00  0.000000e+00  2.647203e-01  3.666129e-02  1.939567e-01  8.395642e-03
 1.065031e-01 -1.195741e-01 -2.835784e-01  6.280529e+01  5.000000e-01  2.803935e+00  2.999359e-01  2.586616e+00  1.855515e+00
 5.122899e-02 -5.743989e-02  7.236359e-02  6.286315e+01  1.000000e+00  6.369163e+00  4.734478e-01  3.845082e+00  5.153941e+00
3  1.127623e+00  2.481591e+00  3.923188e+00  1.352869e+00  1.654074e-01  1.747520e+01 6 1  2.719980e-01
 3.706544e+00  2.207855e-02  1.469105e+00  0.000000e+00  0.000000e+00  1.319868e-01  2.242957e-01  1.498388e-01  8.866875e-05
-2.121312e-01  2.102115e-01 -2.430008e-01  1.012122e+03  5.000000e-01  2.558600e+00  2.285781e-01  2.547979e+00  3.177831e-01
-1.411738e-02  1.440123e-02  8.971168e-04  1.020830e+03  1.000000e+00  4.195002e+01  2.689660e+00  2.355818e+01  3.485923e+01
3 -6.230431e-01  3.014373e+00  2.638379e+00  1.169912e+00  2.765302e-01  6.532890e+00 6 3  2.953277e-01
-9.581667e-01  2.475068e-01 -8.114365e+00  1.208298e+02  5.000000e-01  5.959288e-01 -4.286475e-01  3.205824e-01  1.637617e-02
 1.678106e+00  3.529067e-01  2.243867e+00  0.000000e+00  0.000000e+00  2.930491e-01 -2.096066e-01 -1.009225e-01  2.958048e-03
-1.336967e-02 -1.620299e-03  3.526731e-03  1.665179e+02  1.000000e+00  1.794004e+01 -1.823248e+00  3.030672e-01  1.074904e+01
3  3.288461e-01  2.599350e+00  3.950957e+00  1.334417e+00  1.089444e-03  1.324550e+01 6 2 -1.000000e+00
 1.546919e+00  3.538925e+00  3.623880e+00  0.000000e+00  0.000000e+00  3.603062e-01  3.411390e-01 -1.299423e-01  8.592952e-04
-2.300684e-02 -8.673266e-02 -3.948016e-03  1.255816e+03  5.000000e-01  1.318489e+01  1.856721e+01 -7.551295e+00  1.187531e+01
-7.337407e-03 -2.332075e-02  3.027393e-04  1.257452e+03  1.000000e+00  7.743089e+01  4.019879e+01 -3.037378e+01  7.579159e+01
2  1.323258e+00 -9.525103e-01  1.474921e+00  5.640506e-01  3.349104e-01  1.395370e+01 6 1  2.775023e-01
-5.935999e-01 -1.108745e+00  1.661195e+00  0.000000e+00  0.000000e+00  2.211422e-01  5.392258e-02  4.165900e-02  7.398747e-04
 6.618595e-02  2.103740e-01 -5.563515e-01  1.568414e+02  5.000000e-01  1.052895e+00  1.186096e+00 -6.272153e-01  1.010469e-01
3 -3.877953e-01  3.322803e-01  1.060434e+00  3.960424e-01  1.119241e-01  1.780260e+01 6 1 -1.000000e+00
-7.450636e-01  5.114034e-01  1.813116e+00  0.000000e+00  0.000000e+00  1.930718e-01 -7.624935e-02  3.062391e-01  1.294286e-02
 1.024115e-01 -1.260184e-01 -2.029313e-01  3.941354e+01  5.000000e-01  1.375198e+00  1.487504e-01  2.246425e+00  1.006107e+00
 1.300494e-02 -1.733187e-02  5.712817e-03  4.035722e+01  1.000000e+00  1.530098e+01  3.081622e+00  4.469537e+00  1.470284e+01
3 -2.417941e-01  2.476412e-01  6.106601e-01  3.276489e-01  7.919138e-01  1.392770e+01 6 3  2.963345e-01
-1.845339e-01 -5.111164e-02 -2.712005e+00  5.173277e+00  5.000000e-01  9.870399e-01 -5.636341e-01 -2.263083e-01  7.823643e-02
 2.089036e-01  4.159137e-01  3.424621e+00  0.000000e+00  0.000000e+00  4.051284e-01  4.086533e-02 -2.453551e-01  1.109647e-02
-2.569568e-02 -1.321232e-02  2.284981e-01  5.506759e+00  1.000000e+00  3.224957e+00 -5.718719e-01 -4.969822e-01  4.158745e-01
3 -2.915923e-01 -1.732132e-01  1.606943e+00  4.606489e-01  8.452385e-01  1.534040e+01 6 1 -1.000000e+00
-1.123446e+00 -6.186816e-01  1.699052e+00  0.000000e+00  0.000000e+00  2.326670e-01 -1.109919e-03  1.534043e-02  4.714096e-03
 1.820555e-01  3.182996e-01 -2.010145e+00  9.269685e+01  5.000000e-01  7.810517e-01  4.609994e-01 -5.769700e-01  2.433840e-01
 1.019093e-02  1.051604e-02  4.527228e-03  1.007082e+02  1.000000e+00  1.661651e+01  3.089836e+00 -3.666410e+00  1.526371e+01
3  1.605103e-01 -5.078123e-02  3.861914e-01  2.067249e-01  3.505453e-02  1.535660e+01 6 2 -1.000000e+00
 2.965867e-01  2.166340e-02  4.645439e+00  0.000000e+00  0.000000e+00  2.623163e-01 -5.582671e-01  1.313399e-01  2.274675e-02
-1.235642e-03  3.921785e-04  9.237641e-05  2.052823e+01  1.000000e+00  1.076821e+02 -1.920946e+01  1.366719e+01  1.068970e+02
-8.951284e-02  3.008927e-02 -1.628437e-01  1.683151e+01  5.000000e-01  8.187673e-01 -1.961201e+00  1.525580e+00  4.660714e-01
1 -6.922881e-01 -1.721140e-02  0.000000e+00  8.350168e-01  0.000000e+00  1.135970e+01 0 2 -1.000000e+00
-1.139770e+00  1.154850e-01  3.521504e+00  0.000000e+00  0.000000e+00  2.928187e-01 -4.607981e-01  6.165176e-02  5.652609e-02
1 -1.127548e+00 -1.879159e+00  0.000000e+00  3.157346e+00  0.000000e+00  1.210680e+01 0 2 -1.000000e+00
 1.568033e+00 -6.244396e+00  4.458154e+00  0.000000e+00  0.000000e+00  4.708166e-01  2.004472e-01 -1.246910e-01  5.815807e-04
1  1.544798e-02  6.878646e-01  0.000000e+00  3.700656e-01  0.000000e+00  1.675240e+01 0 2  2.796771e-01
-5.462494e-01  5.662541e-01  3.411018e+00  0.000000e+00  0.000000e+00  3.415259e-01 -9.300322e-02  3.630026e-01  6.805025e-03
3 -2.834651e-01 -1.230346e-01  8.164247e-01  2.078330e-01  1.631027e-01  9.044380e+00 6 1 -1.000000e+00
-6.036183e-01 -2.324680e-01  1.646827e+00  0.000000e+00  0.000000e+00  1.981414e-01 -1.579577e-01 -1.039136e-01  3.631425e-03
 1.334599e-01  1.186232e-01 -2.686019e-01  1.259611e+02  5.000000e-01  7.165610e-01 -7.620574e-01 -1.795157e+00  3.964926e-01
 1.740746e-03  2.101628e-03  6.648399e-05  1.476303e+02  1.000000e+00  1.576085e+02  4.707226e+01 -8.525973e+01  1.568885e+02
3  9.277542e-01  4.411453e-01  3.055596e+00  1.809440e+00  1.839130e-01  1.461870e+01 6 1 -1.000000e+00
 2.317170e+00  1.131242e+00  1.943014e+00  0.000000e+00  0.000000e+00  2.536330e-01 -8.922341e-03 -2.057179e-01  7.397195e-03
-5.100204e-01 -2.792221e-02 -3.573456e-01  1.615304e+02  5.000000e-01  1.718310e+00 -1.755907e+00 -4.808044e-01  1.054626e+00
-7.568379e-02 -2.909419e-03  9.685589e-03  1.649019e+02  1.000000e+00  1.447380e+01 -8.786788e+00  1.043814e+00  1.335743e+01
3  1.445649e-01 -1.917911e-01  1.661948e+00  5.482359e-01  5.339253e-01  8.453780e+00 6 3 -1.000000e+00
 7.464205e-01 -7.665113e-01  3.467187e+00  0.000000e+00  0.000000e+00  3.755008e-01 -9.706600e-03  3.185699e-01  5.666802e-03
-2.408187e-01  5.704369e-01 -1.851219e+00  1.001828e+02  5.000000e-01  5.621524e-01  5.582626e-01  6.482578e-01  7.557855e-02
-1.469940e-04  4.347985e-04  2.650728e-06  2.099336e+02  1.000000e+00  7.020869e+02  3.257525e+02  9.029518e+01  7.001156e+02
2  3.020027e+00 -4.045389e+00  3.656516e+00  1.141801e+00  1.080130e-03  1.343230e+01 6 2  2.674825e-01
 1.661102e+00 -3.153047e+00  4.137301e+00  0.000000e+00  0.000000e+00  4.641585e-01  2.208618e-02  2.119784e-01  2.006700e-04
-6.502251e-02  7.039936e-02 -4.468823e-03  1.392931e+03  5.000000e-01  6.878728e+00  1.359836e+00  1.601508e+01  5.415314e+00
3 -3.007174e-01 -2.030144e-04  1.439431e+00  6.970235e-01  1.406170e-01  7.492180e+00 6 3 -1.000000e+00
-1.012448e+00 -1.056375e-01  5.598694e+00  0.000000e+00  0.000000e+00  4.648839e-01 -3.134926e-01 -9.725468e-02  3.275438e-03
 4.263790e-01 -6.396063e-02 -7.872717e-01  1.736018e+02  5.000000e-01  7.421914e-01 -1.141259e+00  1.849400e-01  7.319183e-02
 7.173617e-04 -2.731662e-04  5.332886e-06  2.702235e+02  1.000000e+00  5.002712e+02 -1.023790e+02  2.264388e+02  4.981910e+02
1  1.384746e+00 -7.571122e-01  0.000000e+00  4.456594e-01  0.000000e+00  1.081600e+01 0 2  2.636630e-01
-2.260296e-01  1.264518e+00  3.628413e+00  0.000000e+00  0.000000e+00  3.594180e-01  2.212401e-01  2.929087e-01  2.835505e-04
1 -4.857676e-04 -3.888176e-02  0.000000e+00  4.540879e-02  0.000000e+00  8.454270e+00 0 2  2.716676e-01
 4.775329e-02  1.007571e-01  3.912252e+00  0.000000e+00  0.000000e+00  4.491286e-01  1.401330e-01 -1.679725e-01  3.249302e-03
3  1.287028e+00  2.955594e+00  2.601969e+00  1.312419e+00  5.235635e-01  8.926390e+00 6 3  2.939208e-01
-5.812069e-01 -5.224599e-01 -1.802019e+00  1.148034e+02  5.000000e-01  7.990648e-01 -5.870040e-04 -7.715619e-01  4.400036e-02
 1.751735e+00  6.297661e-01  3.441834e+00  0.000000e+00  0.000000e+00  3.915537e-01 -1.607966e-01 -2.319668e-01  4.937365e-03
-6.847924e-03 -4.054797e-03  5.501891e-04  1.418920e+02  1.000000e+00  4.443693e+01 -6.168541e+00 -5.582033e+00  4.000049e+01
3  2.384675e+00 -3.285934e+00  2.823417e+00  1.365903e+00  9.770893e-01  1.079420e+01 6 3  2.860710e-01
-3.525189e-01 -7.906629e-01 -3.736136e+00  1.148667e+02  5.000000e-01  7.877351e-01  3.440850e-01 -4.408153e-01  1.706124e-02
 4.042576e-01  1.929443e+00  3.823741e+00  0.000000e+00  0.000000e+00  4.335257e-01  2.378900e-01 -5.270232e-02  1.951399e-03
 1.677397e-04 -3.914428e-03  1.723450e-04  1.504628e+02  1.000000e+00  8.033088e+01  7.306434e+00  2.092108e+01  7.718784e+01
