# [0]nim, [1]snr, [2]snr_obs, [3]source_id, [4]ein, [5]fs, [6]frac_sh_trunc [7]snr_max [8]flag_out [9]zs [10]xs [11]ys
# [12+8*i]m_type_i, [13+8*i]zl_i, [14+8*i]mass_i, [15+8*i]xl_i, [16+8*i]yl_i
# [17+8*i]e_i, [18+8*i]p_i, [19+8*i]param1(con, tb, ...)_i, i=0,1,2,3,4
# i=0,1 correspond subhalos and satellite gals if not exist, stored -1, please extract using e.g. np.extract(arr > 0, arr)
# i=2,3 correspond host halos and central gals
# i=4 corresponds perturbation
# m_type: 1 = anfw, 2 = ahern, 3 = pert
# observable multi events: 228 (subhalo 53), high-mag events: 151
3  1.440643e+01  1.719002e+01  4.660000e+02  2.201573e+00 6 -1.000000e+00  6.592420e+01 2  14.7507 -5.911162e-01 -3.087985e-01 -1 -1.0000 -1.000000e+00 -1.000000e+00 -1.000000e+00 -1.000000e+00 -1.000000e+00 -1.000000e+00 -1 -1.0000 -1.000000e+00 -1.000000e+00 -1.000000e+00 -1.000000e+00 -1.000000e+00 -1.000000e+00  0  0.4820  4.261991e+13  0.000000e+00  0.000000e+00  2.107804e-01 -6.339960e+00  5.067286e+00  1  0.4820  2.675863e+11  0.000000e+00  0.000000e+00  3.199742e-02  7.873248e+00  3.232493e-01  2  0.4820  1.475070e+01  0.000000e+00  0.000000e+00  1.362939e-01  1.040528e+02  0.000000e+00 
3  9.859233e+01  8.478320e+01  8.706000e+03  4.152575e-01 6 -1.000000e+00  1.400147e+02 1   9.3359  2.151487e-01  1.056626e-01 -1 -1.0000 -1.000000e+00 -1.000000e+00 -1.000000e+00 -1.000000e+00 -1.000000e+00 -1.000000e+00 -1 -1.0000 -1.000000e+00 -1.000000e+00 -1.000000e+00 -1.000000e+00 -1.000000e+00 -1.000000e+00  0  1.1030  7.905252e+11  0.000000e+00  0.000000e+00  3.925582e-01 -9.641209e+01  5.439503e+00  1  1.1030  4.038256e+10  0.000000e+00  0.000000e+00  5.755741e-02 -7.332045e+01  1.512909e-01  2  1.1030  9.335880e+00  0.000000e+00  0.000000e+00  1.710370e-01 -3.529683e+00  0.000000e+00 
5  1.707637e+01  2.071948e+01  3.483000e+03  4.206972e-01 6  2.809917e-01  2.877589e+01 1  16.7223  3.070940e-01 -3.187667e-01  0  1.1430  5.135030e+11  0.000000e+00  0.000000e+00  4.450542e-01  1.638807e+02  9.414763e+00  1  1.1430  2.309641e+10  0.000000e+00  0.000000e+00  1.571813e-01  1.588345e+02  6.567670e-02  2  1.1430  1.905911e+12  1.915255e+00 -2.466017e+00  1.704961e-01  8.489539e+00  3.288482e+00  3  1.1430  5.604896e+10  1.915255e+00 -2.466017e+00  5.162575e-01  1.059232e+01  1.011124e-01  4  1.1430  1.672230e+01  0.000000e+00  0.000000e+00  2.865576e-01  1.317894e+02  0.000000e+00 
2  7.468122e+01  1.179868e+02  7.377000e+03  8.288740e-01 6 -1.000000e+00  1.691435e+02 3   7.9840 -2.465653e-01 -2.105628e-01 -1 -1.0000 -1.000000e+00 -1.000000e+00 -1.000000e+00 -1.000000e+00 -1.000000e+00 -1.000000e+00 -1 -1.0000 -1.000000e+00 -1.000000e+00 -1.000000e+00 -1.000000e+00 -1.000000e+00 -1.000000e+00  0  2.1460  6.759083e+12  0.000000e+00  0.000000e+00  7.100606e-02  1.181233e+02  4.184727e+00  1  2.1460  7.429460e+10  0.000000e+00  0.000000e+00  2.409158e-01  7.931270e+01  3.428883e-02  2  2.1460  7.984000e+00  0.000000e+00  0.000000e+00  2.160719e-01  3.848036e+01  0.000000e+00 
5  3.338723e+01  6.192597e+01  7.648000e+03  5.775303e-01 6 -1.000000e+00  7.077427e+01 3  13.0129 -9.284302e-03 -1.036947e-02 -1 -1.0000 -1.000000e+00 -1.000000e+00 -1.000000e+00 -1.000000e+00 -1.000000e+00 -1.000000e+00 -1 -1.0000 -1.000000e+00 -1.000000e+00 -1.000000e+00 -1.000000e+00 -1.000000e+00 -1.000000e+00  0  0.6470  1.207739e+12  0.000000e+00  0.000000e+00  5.803154e-03 -3.877817e+01  8.619358e+00  1  0.6470  4.341860e+10  0.000000e+00  0.000000e+00  2.700258e-01 -4.638885e+01  1.339986e-01  2  0.6470  1.301290e+01  0.000000e+00  0.000000e+00  8.602040e-02  1.257964e+02  0.000000e+00 
3  1.469118e+01  8.801024e+00  5.870000e+02  1.376395e+00 6  2.776358e-01  2.002768e+01 1  14.3933  2.384949e+00 -1.358040e-01  0  1.2290  2.644586e+12  0.000000e+00  0.000000e+00  1.952868e-01  6.308409e+01  1.717783e+01  1  1.2290  7.640273e+10  0.000000e+00  0.000000e+00  3.630085e-01  3.231208e+01  1.159366e-01  2  1.2290  1.291317e+13  3.206441e+01 -1.233455e+01  2.786790e-01 -8.218052e+01  2.901248e+00  3  1.2290  1.652500e+11  3.206441e+01 -1.233455e+01  1.866254e-01 -5.017922e+01  8.323219e-02  4  1.2290  1.439330e+01  0.000000e+00  0.000000e+00  1.476062e-02 -8.039116e+01  0.000000e+00 
2  3.044582e+02  2.223870e+02  3.735000e+03  1.053660e+00 6 -1.000000e+00  7.168757e+02 2  13.8584 -5.073705e-01 -3.327915e-01 -1 -1.0000 -1.000000e+00 -1.000000e+00 -1.000000e+00 -1.000000e+00 -1.000000e+00 -1.000000e+00 -1 -1.0000 -1.000000e+00 -1.000000e+00 -1.000000e+00 -1.000000e+00 -1.000000e+00 -1.000000e+00  0  2.4320  1.034451e+13  0.000000e+00  0.000000e+00  3.707247e-01 -1.671646e+02  3.927567e+00  1  2.4320  9.843320e+10  0.000000e+00  0.000000e+00  1.204134e-01 -1.368179e+02  2.686036e-02  2  2.4320  1.385840e+01  0.000000e+00  0.000000e+00  1.977203e-01  1.110862e+02  0.000000e+00 
2  1.233440e+02  1.635775e+01  3.300000e+02  3.723760e+00 6 -1.000000e+00  2.382075e+02 2  14.7537  1.236505e-01  2.789425e+00 -1 -1.0000 -1.000000e+00 -1.000000e+00 -1.000000e+00 -1.000000e+00 -1.000000e+00 -1.000000e+00 -1 -1.0000 -1.000000e+00 -1.000000e+00 -1.000000e+00 -1.000000e+00 -1.000000e+00 -1.000000e+00  0  1.1440  4.668243e+13  0.000000e+00  0.000000e+00  2.197143e-01  1.554647e+02  5.931380e+00  1  1.1440  2.221581e+11  0.000000e+00  0.000000e+00  2.483257e-01  1.245699e+02  8.692511e-02  2  1.1440  1.475370e+01  0.000000e+00  0.000000e+00  1.000489e-01 -1.466575e+01  0.000000e+00 
3  7.770764e+01  4.571177e+01  4.730000e+03  1.078759e+00 6 -1.000000e+00  1.466815e+02 2  13.2555  7.679281e-01 -6.817869e-02 -1 -1.0000 -1.000000e+00 -1.000000e+00 -1.000000e+00 -1.000000e+00 -1.000000e+00 -1.000000e+00 -1 -1.0000 -1.000000e+00 -1.000000e+00 -1.000000e+00 -1.000000e+00 -1.000000e+00 -1.000000e+00  0  1.2120  1.056880e+13  0.000000e+00  0.000000e+00  2.430869e-01  2.661519e+01  4.957891e+00  1  1.2120  1.133567e+11  0.000000e+00  0.000000e+00  5.096616e-01  3.989524e+01  6.585786e-02  2  1.2120  1.325550e+01  0.000000e+00  0.000000e+00  1.020979e-01  8.360656e+01  0.000000e+00 
5  4.776000e+01  7.494994e+01  1.613000e+03  2.554097e-01 6 -1.000000e+00  9.136603e+01 3  11.3466  4.043557e-03  1.053762e-02 -1 -1.0000 -1.000000e+00 -1.000000e+00 -1.000000e+00 -1.000000e+00 -1.000000e+00 -1.000000e+00 -1 -1.0000 -1.000000e+00 -1.000000e+00 -1.000000e+00 -1.000000e+00 -1.000000e+00 -1.000000e+00  0  1.5810  6.321449e+11  0.000000e+00  0.000000e+00  1.478672e-01 -4.976728e+01  5.306545e+00  1  1.5810  1.420923e+10  0.000000e+00  0.000000e+00  3.534942e-01 -5.266814e+01  5.763461e-02  2  1.5810  1.134660e+01  0.000000e+00  0.000000e+00  8.930610e-02  1.356853e+02  0.000000e+00 
3  6.986108e+01  1.396626e+02  7.539000e+03  1.770303e-01 6 -1.000000e+00  1.671474e+02 3  12.0828  2.890507e-03 -4.360495e-02 -1 -1.0000 -1.000000e+00 -1.000000e+00 -1.000000e+00 -1.000000e+00 -1.000000e+00 -1.000000e+00 -1 -1.0000 -1.000000e+00 -1.000000e+00 -1.000000e+00 -1.000000e+00 -1.000000e+00 -1.000000e+00  0  1.5250  5.068513e+11  0.000000e+00  0.000000e+00  6.355980e-02  3.605409e+01  7.188343e+00  1  1.5250  5.734314e+09  0.000000e+00  0.000000e+00  7.591829e-02 -1.212394e+01  5.346197e-02  2  1.5250  1.208280e+01  0.000000e+00  0.000000e+00  7.925826e-02  1.051405e+02  0.000000e+00 
2  9.496295e+00  6.746054e+00  4.115000e+03  8.629730e-01 6 -1.000000e+00  1.950746e+01 3  17.5567 -4.133167e-01 -6.269183e-02 -1 -1.0000 -1.000000e+00 -1.000000e+00 -1.000000e+00 -1.000000e+00 -1.000000e+00 -1.000000e+00 -1 -1.0000 -1.000000e+00 -1.000000e+00 -1.000000e+00 -1.000000e+00 -1.000000e+00 -1.000000e+00  0  1.9020  6.265821e+12  0.000000e+00  0.000000e+00  8.647223e-02  3.876129e+01  3.962626e+00  1  1.9020  7.657620e+10  0.000000e+00  0.000000e+00  8.500054e-02  2.161124e+01  3.335624e-02  2  1.9020  1.755670e+01  0.000000e+00  0.000000e+00  1.627910e-01  8.523162e+01  0.000000e+00 
3  1.582266e+02  1.288815e+02  7.890000e+03  5.838587e-01 6  3.110587e-01  2.250445e+02 1  12.5504  2.309827e+00  1.113740e+00  0  0.4730  6.180122e+11  0.000000e+00  0.000000e+00  2.777564e-01 -9.973725e+01  1.943560e+01  1  0.4730  2.326985e+10  0.000000e+00  0.000000e+00  8.319905e-01 -1.132061e+02  1.386403e-01  2  0.4730  1.563145e+13  2.474818e+01  1.302105e+01  3.255209e-01 -1.004675e+01  5.379695e+00  3  0.4730  2.197129e+11  2.474818e+01  1.302105e+01  2.977150e-01 -1.788186e+01  2.720970e-01  4  0.4730  1.255040e+01  0.000000e+00  0.000000e+00  1.295775e-02 -6.568262e+01  0.000000e+00 
3  2.733758e+01  1.513707e+01  8.958000e+03  4.743548e-01 6 -1.000000e+00  6.325502e+01 2   7.5745  2.484235e-01  1.281983e-01 -1 -1.0000 -1.000000e+00 -1.000000e+00 -1.000000e+00 -1.000000e+00 -1.000000e+00 -1.000000e+00 -1 -1.0000 -1.000000e+00 -1.000000e+00 -1.000000e+00 -1.000000e+00 -1.000000e+00 -1.000000e+00  0  1.0440  1.737148e+12  0.000000e+00  0.000000e+00  1.849710e-01  1.173755e+02  4.171376e+00  1  1.0440  4.460131e+10  0.000000e+00  0.000000e+00  1.973794e-01  1.224999e+02  1.066695e-01  2  1.0440  7.574520e+00  0.000000e+00  0.000000e+00  1.447217e-01  1.099595e+02  0.000000e+00 
3  2.365129e+01  1.317969e+01  1.055000e+03  2.795422e-01 6 -1.000000e+00  3.106047e+01 1  12.0936  1.555808e-01 -2.446538e-01 -1 -1.0000 -1.000000e+00 -1.000000e+00 -1.000000e+00 -1.000000e+00 -1.000000e+00 -1.000000e+00 -1 -1.0000 -1.000000e+00 -1.000000e+00 -1.000000e+00 -1.000000e+00 -1.000000e+00 -1.000000e+00  0  0.9480  8.223856e+11  0.000000e+00  0.000000e+00  1.307584e-01  3.179552e+01  3.918200e+00  1  0.9480  2.299821e+10  0.000000e+00  0.000000e+00  4.123544e-01 -3.394367e+01  8.642355e-02  2  0.9480  1.209360e+01  0.000000e+00  0.000000e+00  1.121104e-01  7.891897e+01  0.000000e+00 
3  2.630539e+02  1.456156e+02  4.193000e+03  1.740628e+00 6 -1.000000e+00  4.317075e+02 1   8.9734  1.429593e+00 -5.134319e-01 -1 -1.0000 -1.000000e+00 -1.000000e+00 -1.000000e+00 -1.000000e+00 -1.000000e+00 -1.000000e+00 -1 -1.0000 -1.000000e+00 -1.000000e+00 -1.000000e+00 -1.000000e+00 -1.000000e+00 -1.000000e+00  0  1.1010  2.955670e+13  0.000000e+00  0.000000e+00  2.790733e-01 -1.620175e+02  5.124078e+00  1  1.1010  1.960906e+11  0.000000e+00  0.000000e+00  5.331483e-01 -1.852681e+02  2.177091e-01  2  1.1010  8.973380e+00  0.000000e+00  0.000000e+00  1.696295e-02  2.184196e+01  0.000000e+00 
1  1.286608e+02  2.231855e+02  7.698000e+03  5.931817e-01 0  2.951080e-01  2.231855e+02 2  12.0886 -4.112248e-01  7.788205e-01  0  0.7520  6.477896e+11  0.000000e+00  0.000000e+00  2.190731e-01 -3.110881e+00  1.135301e+01  1  0.7520  3.814440e+10  0.000000e+00  0.000000e+00  4.208054e-01  2.146691e+01  2.280602e-01  2  0.7520  7.502098e+12 -1.179209e+00  3.182689e+00  1.430654e-01  5.831690e+01  6.504998e+00  3  0.7520  9.695231e+10 -1.179209e+00  3.182689e+00  2.741919e-01  1.292283e+02  4.968581e-02  4  0.7520  1.208860e+01  0.000000e+00  0.000000e+00  6.944291e-02  2.724963e+01  0.000000e+00 
1  1.762537e+01  4.106286e+01  2.465000e+03  4.308344e-02 0  2.787346e-01  4.106286e+01 2  13.6755 -5.753372e-03 -9.736904e-02  0  1.6300  2.428762e+10  0.000000e+00  0.000000e+00  3.681664e-01  1.582443e+02  2.561453e+01  1  1.6300  2.711884e+07  0.000000e+00  0.000000e+00  2.601270e-01  1.214177e+02  7.313195e-02  2  1.6300  8.145195e+10  1.096343e-01 -5.612142e-01  3.578459e-01  2.468042e+01  5.801080e+00  3  1.6300  1.877077e+08  1.096343e-01 -5.612142e-01  4.163252e-01  2.823054e+00  4.249741e-02  4  1.6300  1.367550e+01  0.000000e+00  0.000000e+00  7.965420e-02  1.081481e+02  0.000000e+00 
3  4.901497e+01  1.701480e+01  1.474000e+03  1.730563e+00 6 -1.000000e+00  8.848938e+01 2  10.1165  1.080863e+00  2.975336e-02 -1 -1.0000 -1.000000e+00 -1.000000e+00 -1.000000e+00 -1.000000e+00 -1.000000e+00 -1.000000e+00 -1 -1.0000 -1.000000e+00 -1.000000e+00 -1.000000e+00 -1.000000e+00 -1.000000e+00 -1.000000e+00  0  1.9620  3.086332e+13  0.000000e+00  0.000000e+00  2.476771e-01 -6.819184e+01  3.404997e+00  1  1.9620  1.272088e+11  0.000000e+00  0.000000e+00  6.033527e-01 -1.327877e+02  7.714964e-02  2  1.9620  1.011650e+01  0.000000e+00  0.000000e+00  1.076454e-01  1.463916e+02  0.000000e+00 
3  3.395317e+00  3.649747e+00  1.870000e+02  8.911844e-01 6  2.812635e-01  5.100431e+00 1  13.1908  4.066688e-02  8.164045e-01  0  0.8580  1.896708e+12  0.000000e+00  0.000000e+00  2.096494e-01 -6.360037e+01  1.243881e+01  1  0.8580  6.294608e+10  0.000000e+00  0.000000e+00  2.707704e-01 -3.547580e+01  2.263836e-01  2  0.8580  6.602521e+12 -2.430282e+00  1.419446e+01  3.478394e-01  1.747513e+02  6.041136e+00  3  0.8580  1.224750e+11 -2.430282e+00  1.419446e+01  3.776488e-01  1.477170e+02  5.220433e-02  4  0.8580  1.319080e+01  0.000000e+00  0.000000e+00  6.019180e-02  1.327681e+02  0.000000e+00 
3  1.319718e+02  7.400464e+01  7.093000e+03  5.925533e-01 6 -1.000000e+00  2.096131e+02 1   5.1439  1.496542e-01 -3.571556e-01 -1 -1.0000 -1.000000e+00 -1.000000e+00 -1.000000e+00 -1.000000e+00 -1.000000e+00 -1.000000e+00 -1 -1.0000 -1.000000e+00 -1.000000e+00 -1.000000e+00 -1.000000e+00 -1.000000e+00 -1.000000e+00  0  1.0510  1.609250e+12  0.000000e+00  0.000000e+00  1.126751e-01  3.094138e+01  7.726418e+00  1  1.0510  4.282667e+10  0.000000e+00  0.000000e+00  5.354432e-01  6.749007e+01  8.095645e-02  2  1.0510  5.143900e+00  0.000000e+00  0.000000e+00  1.369477e-02 -1.736949e+02  0.000000e+00 
3  2.450605e+01  1.855773e+01  5.170000e+02  1.129292e+00 6  2.841564e-01  3.852198e+01 1  14.7730  8.744295e-01 -1.317168e+00  0  1.1790  1.420193e+12  0.000000e+00  0.000000e+00  5.326074e-02 -1.046292e+02  1.791897e+01  1  1.1790  4.553296e+10  0.000000e+00  0.000000e+00  1.754397e-01 -8.804053e+01  5.680429e-02  2  1.1790  1.821832e+13  7.971327e+00 -1.070471e+01  5.115497e-01  5.155482e+01  4.363879e+00  3  1.1790  1.233405e+11  7.971327e+00 -1.070471e+01  4.082625e-01  1.703538e+01  2.242368e-01  4  1.1790  1.477300e+01  0.000000e+00  0.000000e+00  5.999121e-02 -9.817891e+01  0.000000e+00 
3  2.043332e+01  1.104727e+01  7.390000e+03  8.570328e-01 6 -1.000000e+00  3.446948e+01 1  17.9900  4.066028e-01  5.094910e-01 -1 -1.0000 -1.000000e+00 -1.000000e+00 -1.000000e+00 -1.000000e+00 -1.000000e+00 -1.000000e+00 -1 -1.0000 -1.000000e+00 -1.000000e+00 -1.000000e+00 -1.000000e+00 -1.000000e+00 -1.000000e+00  0  1.4260  4.965637e+12  0.000000e+00  0.000000e+00  2.439674e-01 -1.797000e+02  5.704988e+00  1  1.4260  7.505432e+10  0.000000e+00  0.000000e+00  1.449967e-01 -1.826922e+02  6.790961e-02  2  1.4260  1.799000e+01  0.000000e+00  0.000000e+00  6.836136e-03 -4.642803e+01  0.000000e+00 
3  2.802863e+01  1.822495e+01  2.160000e+02  2.317827e-01 6 -1.000000e+00  4.839184e+01 1   8.2530  7.674480e-02  1.602151e-01 -1 -1.0000 -1.000000e+00 -1.000000e+00 -1.000000e+00 -1.000000e+00 -1.000000e+00 -1.000000e+00 -1 -1.0000 -1.000000e+00 -1.000000e+00 -1.000000e+00 -1.000000e+00 -1.000000e+00 -1.000000e+00  0  2.3800  8.309614e+11  0.000000e+00  0.000000e+00  1.329060e-01 -1.515970e+02  7.606367e+00  1  2.3800  1.139087e+10  0.000000e+00  0.000000e+00  4.400414e-01 -1.611851e+02  1.528566e-02  2  2.3800  8.252950e+00  0.000000e+00  0.000000e+00  1.020018e-01 -6.167006e+01  0.000000e+00 
3  1.440643e+01  8.003041e+00  4.660000e+02  1.158809e+00 6 -1.000000e+00  2.400044e+01 1  14.7507 -5.276057e-01 -1.476390e-01 -1 -1.0000 -1.000000e+00 -1.000000e+00 -1.000000e+00 -1.000000e+00 -1.000000e+00 -1.000000e+00 -1 -1.0000 -1.000000e+00 -1.000000e+00 -1.000000e+00 -1.000000e+00 -1.000000e+00 -1.000000e+00  0  2.1800  6.219412e+12  0.000000e+00  0.000000e+00  3.096713e-01  1.019981e+02  4.991689e+00  1  2.1800  7.552610e+10  0.000000e+00  0.000000e+00  3.443351e-01  1.117013e+02  5.118328e-02  2  2.1800  1.475070e+01  0.000000e+00  0.000000e+00  1.739035e-01 -1.230601e+02  0.000000e+00 
5  5.798759e+01  1.177337e+02  1.142000e+03  2.366933e-01 6 -1.000000e+00  1.475255e+02 3  14.0593  1.296325e-02  6.453589e-04 -1 -1.0000 -1.000000e+00 -1.000000e+00 -1.000000e+00 -1.000000e+00 -1.000000e+00 -1.000000e+00 -1 -1.0000 -1.000000e+00 -1.000000e+00 -1.000000e+00 -1.000000e+00 -1.000000e+00 -1.000000e+00  0  1.5550  6.983272e+11  0.000000e+00  0.000000e+00  3.768446e-01 -1.386900e+02  4.613078e+00  1  1.5550  1.014489e+10  0.000000e+00  0.000000e+00  1.239685e-01 -1.173203e+02  2.949199e-02  2  1.5550  1.405930e+01  0.000000e+00  0.000000e+00  6.376647e-03  2.012223e+01  0.000000e+00 
2  7.212873e+01  2.817800e+00  4.333000e+03  6.478737e-01 6  2.666924e-01  6.172474e+00 1  13.0607  1.972313e-01 -1.302210e-01  0  2.6300  9.390696e+11  0.000000e+00  0.000000e+00  2.578207e-01  1.910726e+01  6.536645e+00  1  2.6300  2.406331e+10  0.000000e+00  0.000000e+00  4.697264e-01  6.445723e+01  2.958260e-02  2  2.6300  5.962069e+12 -1.474326e-01 -2.299999e+00  4.334185e-01  1.730381e+02  4.401000e+00  3  2.6300  7.978170e+10 -1.474326e-01 -2.299999e+00  4.593165e-01  1.853162e+02  2.087518e-02  4  2.6300  1.306070e+01  0.000000e+00  0.000000e+00  2.113354e-01  6.361199e+01  0.000000e+00 
3  3.914173e+01  3.748231e+01  7.374000e+03  6.480860e-01 6 -1.000000e+00  5.192552e+01 1   5.6807 -2.038832e-01  2.678102e-01 -1 -1.0000 -1.000000e+00 -1.000000e+00 -1.000000e+00 -1.000000e+00 -1.000000e+00 -1.000000e+00 -1 -1.0000 -1.000000e+00 -1.000000e+00 -1.000000e+00 -1.000000e+00 -1.000000e+00 -1.000000e+00  0  1.0410  1.069401e+12  0.000000e+00  0.000000e+00  3.831819e-01 -6.425595e+01  1.190875e+01  1  1.0410  4.518769e+10  0.000000e+00  0.000000e+00  1.571851e-01 -8.903046e+01  9.109254e-02  2  1.0410  5.680730e+00  0.000000e+00  0.000000e+00  2.060612e-01 -1.002690e+01  0.000000e+00 
3  2.679441e+01  2.282343e+01  1.560000e+03  7.863248e-01 6 -1.000000e+00  4.850338e+01 3  10.7916 -3.332061e-01  2.006652e-01 -1 -1.0000 -1.000000e+00 -1.000000e+00 -1.000000e+00 -1.000000e+00 -1.000000e+00 -1.000000e+00 -1 -1.0000 -1.000000e+00 -1.000000e+00 -1.000000e+00 -1.000000e+00 -1.000000e+00 -1.000000e+00  0  1.0630  8.258085e+12  0.000000e+00  0.000000e+00  8.037114e-02 -7.835825e+01  3.224191e+00  1  1.0630  1.020308e+11  0.000000e+00  0.000000e+00  3.331374e-01 -5.907017e+01  2.717739e-01  2  1.0630  1.079160e+01  0.000000e+00  0.000000e+00  1.954825e-01 -1.502731e+02  0.000000e+00 
3  2.858294e+01  2.023641e+01  6.542000e+03  8.751923e-01 6 -1.000000e+00  4.650426e+01 1  14.6365  3.710090e-01 -8.624273e-02 -1 -1.0000 -1.000000e+00 -1.000000e+00 -1.000000e+00 -1.000000e+00 -1.000000e+00 -1.000000e+00 -1 -1.0000 -1.000000e+00 -1.000000e+00 -1.000000e+00 -1.000000e+00 -1.000000e+00 -1.000000e+00  0  2.1130  4.226133e+12  0.000000e+00  0.000000e+00  4.616262e-01  1.019233e+02  4.785368e+00  1  2.1130  6.388667e+10  0.000000e+00  0.000000e+00  1.035927e-01  1.151755e+02  6.001411e-02  2  2.1130  1.463650e+01  0.000000e+00  0.000000e+00  7.638055e-02 -2.498852e+01  0.000000e+00 
3  9.437158e+01  5.431717e+01  1.524000e+03  2.067474e+00 6 -1.000000e+00  1.480892e+02 1  15.4570 -9.545490e-01  7.355131e-01 -1 -1.0000 -1.000000e+00 -1.000000e+00 -1.000000e+00 -1.000000e+00 -1.000000e+00 -1.000000e+00 -1 -1.0000 -1.000000e+00 -1.000000e+00 -1.000000e+00 -1.000000e+00 -1.000000e+00 -1.000000e+00  0  0.3630  2.252381e+13  0.000000e+00  0.000000e+00  2.649005e-01 -1.032735e+02  6.366681e+00  1  0.3630  1.928616e+11  0.000000e+00  0.000000e+00  4.190515e-01 -1.146462e+02  3.841797e-01  2  0.3630  1.545700e+01  0.000000e+00  0.000000e+00  1.200578e-01  1.220751e+02  0.000000e+00 
3  1.444748e+02  2.588236e+02  5.293000e+03  1.472430e+00 6 -1.000000e+00  3.041234e+02 3  12.3875 -3.593459e-01  1.362388e-01 -1 -1.0000 -1.000000e+00 -1.000000e+00 -1.000000e+00 -1.000000e+00 -1.000000e+00 -1.000000e+00 -1 -1.0000 -1.000000e+00 -1.000000e+00 -1.000000e+00 -1.000000e+00 -1.000000e+00 -1.000000e+00  0  0.7980  2.317241e+13  0.000000e+00  0.000000e+00  3.996175e-01 -1.021861e+01  3.633631e+00  1  0.7980  1.799406e+11  0.000000e+00  0.000000e+00  3.116319e-01 -7.860482e+01  2.862901e-01  2  0.7980  1.238750e+01  0.000000e+00  0.000000e+00  4.264474e-02 -1.443013e+02  0.000000e+00 
3  1.022128e+02  1.074820e+02  3.545000e+03  4.090042e-01 6 -1.000000e+00  1.581004e+02 1   6.1657 -1.040882e-01 -1.726705e-01 -1 -1.0000 -1.000000e+00 -1.000000e+00 -1.000000e+00 -1.000000e+00 -1.000000e+00 -1.000000e+00 -1 -1.0000 -1.000000e+00 -1.000000e+00 -1.000000e+00 -1.000000e+00 -1.000000e+00 -1.000000e+00  0  0.8800  1.224232e+12  0.000000e+00  0.000000e+00  3.263788e-01 -6.587221e+00  4.990252e+00  1  0.8800  4.245295e+10  0.000000e+00  0.000000e+00  2.884307e-01  2.551163e+01  8.903763e-02  2  0.8800  6.165730e+00  0.000000e+00  0.000000e+00  1.374340e-01  9.555494e+01  0.000000e+00 
3  9.444998e+01  1.946864e+01  4.979000e+03  6.465410e-01 6 -1.000000e+00  1.753989e+02 2  18.9165  1.187418e-01  9.227746e-01 -1 -1.0000 -1.000000e+00 -1.000000e+00 -1.000000e+00 -1.000000e+00 -1.000000e+00 -1.000000e+00 -1 -1.0000 -1.000000e+00 -1.000000e+00 -1.000000e+00 -1.000000e+00 -1.000000e+00 -1.000000e+00  0  1.4650  5.845066e+12  0.000000e+00  0.000000e+00  1.745469e-01  1.560342e+02  3.371073e+00  1  1.4650  8.323652e+10  0.000000e+00  0.000000e+00  3.726853e-01  1.936161e+02  9.489781e-02  2  1.4650  1.891650e+01  0.000000e+00  0.000000e+00  2.401471e-01  1.641017e+02  0.000000e+00 
2  3.982925e+01  4.413781e+01  9.999000e+03  1.272264e+00 6  2.677878e-01  7.406563e+01 3  10.1166 -4.518121e+00 -7.174489e-02  0  1.6540  6.846223e+12  0.000000e+00  0.000000e+00  2.206989e-01  3.607072e+01  7.309685e+00  1  1.6540  6.124507e+10  0.000000e+00  0.000000e+00  1.416506e-01 -9.492591e+00  5.105897e-02  2  1.6540  5.144152e+13 -2.786772e+01 -6.841360e+00  3.150072e-01  1.307494e+02  6.911077e+00  3  1.6540  1.786758e+11 -2.786772e+01 -6.841360e+00  4.148154e-01  1.495517e+02  8.390290e-02  4  1.6540  1.011660e+01  0.000000e+00  0.000000e+00  3.056621e-02  1.446654e+02  0.000000e+00 
3  1.784036e+01  1.596179e+01  1.505000e+03  5.566230e-01 6  2.832679e-01  2.671831e+01 1   7.9769 -5.055364e-01 -1.097517e+00  0  0.7940  2.329279e+12  0.000000e+00  0.000000e+00  1.125565e-01  3.505660e+01  6.654665e+00  1  0.7940  4.509540e+10  0.000000e+00  0.000000e+00  2.134847e-01 -4.451439e+01  1.573121e-01  2  0.7940  9.875877e+12 -2.454026e+01 -2.810904e+01  2.214523e-01 -1.018207e+02  4.840212e+00  3  0.7940  1.169057e+11 -2.454026e+01 -2.810904e+01  5.773703e-02 -1.221029e+02  9.460503e-02  4  0.7940  7.976930e+00  0.000000e+00  0.000000e+00  1.169058e-01  1.475201e+02  0.000000e+00 
3  4.901497e+01  2.665545e+01  1.474000e+03  6.065878e-01 6 -1.000000e+00  6.232816e+01 1  10.1165  3.336926e-01 -2.200827e-01 -1 -1.0000 -1.000000e+00 -1.000000e+00 -1.000000e+00 -1.000000e+00 -1.000000e+00 -1.000000e+00 -1 -1.0000 -1.000000e+00 -1.000000e+00 -1.000000e+00 -1.000000e+00 -1.000000e+00 -1.000000e+00  0  1.1920  1.566264e+12  0.000000e+00  0.000000e+00  1.755984e-01  9.841189e+01  2.997173e+00  1  1.1920  4.956116e+10  0.000000e+00  0.000000e+00  3.740129e-01  9.464732e+01  5.508523e-02  2  1.1920  1.011650e+01  0.000000e+00  0.000000e+00  6.511408e-02 -4.539866e+01  0.000000e+00 
3  2.855414e+01  1.667623e+01  7.269000e+03  4.951405e-01 6 -1.000000e+00  4.016269e+01 1  14.5854  4.364631e-01  2.607686e-01 -1 -1.0000 -1.000000e+00 -1.000000e+00 -1.000000e+00 -1.000000e+00 -1.000000e+00 -1.000000e+00 -1 -1.0000 -1.000000e+00 -1.000000e+00 -1.000000e+00 -1.000000e+00 -1.000000e+00 -1.000000e+00  0  1.6700  3.434843e+12  0.000000e+00  0.000000e+00  3.182869e-01 -1.495884e+02  4.465394e+00  1  1.6700  4.626878e+10  0.000000e+00  0.000000e+00  4.552266e-01 -1.554053e+02  5.259824e-02  2  1.6700  1.458540e+01  0.000000e+00  0.000000e+00  5.661332e-02  1.783100e+02  0.000000e+00 
3  1.275133e+02  1.823809e+02  2.261000e+03  1.531218e-01 6 -1.000000e+00  1.994300e+02 1  13.2314 -2.388535e-02 -6.293451e-02 -1 -1.0000 -1.000000e+00 -1.000000e+00 -1.000000e+00 -1.000000e+00 -1.000000e+00 -1.000000e+00 -1 -1.0000 -1.000000e+00 -1.000000e+00 -1.000000e+00 -1.000000e+00 -1.000000e+00 -1.000000e+00  0  1.9610  6.142136e+11  0.000000e+00  0.000000e+00  1.364525e-01  1.388019e+02  3.904383e+00  1  1.9610  7.236982e+09  0.000000e+00  0.000000e+00  9.992344e-02  9.169381e+01  7.684643e-02  2  1.9610  1.323140e+01  0.000000e+00  0.000000e+00  1.297760e-01 -1.040781e+02  0.000000e+00 
3  1.244102e+02  5.026320e+01  9.990000e+02  8.922915e-01 6 -1.000000e+00  1.486745e+02 1  15.9177  4.037525e-01 -7.785454e-01 -1 -1.0000 -1.000000e+00 -1.000000e+00 -1.000000e+00 -1.000000e+00 -1.000000e+00 -1.000000e+00 -1 -1.0000 -1.000000e+00 -1.000000e+00 -1.000000e+00 -1.000000e+00 -1.000000e+00 -1.000000e+00  0  0.5550  1.641853e+12  0.000000e+00  0.000000e+00  2.761454e-01  1.247660e+02  7.239675e+00  1  0.5550  6.614730e+10  0.000000e+00  0.000000e+00  3.492946e-01  1.045102e+02  1.077686e-01  2  0.5550  1.591770e+01  0.000000e+00  0.000000e+00  5.915428e-02 -5.733676e+01  0.000000e+00 
1  2.343904e+01  4.409555e+01  8.151000e+03  1.426821e-01 0 -1.000000e+00  4.409555e+01 2  17.4687 -9.149176e-02 -9.598387e-02 -1 -1.0000 -1.000000e+00 -1.000000e+00 -1.000000e+00 -1.000000e+00 -1.000000e+00 -1.000000e+00 -1 -1.0000 -1.000000e+00 -1.000000e+00 -1.000000e+00 -1.000000e+00 -1.000000e+00 -1.000000e+00  0  0.6910  2.799740e+11  0.000000e+00  0.000000e+00  2.812250e-01  1.426743e+02  8.896728e+00  1  0.6910  4.819174e+09  0.000000e+00  0.000000e+00  3.125118e-01  1.466100e+02  8.476086e-02  2  0.6910  1.746870e+01  0.000000e+00  0.000000e+00  1.232607e-01 -3.273986e+01  0.000000e+00 
3  4.467917e+01  2.099828e+01  5.063000e+03  7.428119e-01 6 -1.000000e+00  5.092471e+01 1  16.7355  7.091440e-01  8.248841e-01 -1 -1.0000 -1.000000e+00 -1.000000e+00 -1.000000e+00 -1.000000e+00 -1.000000e+00 -1.000000e+00 -1 -1.0000 -1.000000e+00 -1.000000e+00 -1.000000e+00 -1.000000e+00 -1.000000e+00 -1.000000e+00  0  0.7220  2.000278e+12  0.000000e+00  0.000000e+00  4.929744e-01 -1.273608e+02  9.602606e+00  1  0.7220  7.293360e+10  0.000000e+00  0.000000e+00  5.811050e-01 -1.407551e+02  8.283720e-02  2  0.7220  1.673550e+01  0.000000e+00  0.000000e+00  3.660287e-01  4.107608e+01  0.000000e+00 
3  3.080209e+02  1.592835e+02  2.431000e+03  4.846469e-01 6 -1.000000e+00  4.945939e+02 1   2.8608 -1.716862e-01 -3.793021e-01 -1 -1.0000 -1.000000e+00 -1.000000e+00 -1.000000e+00 -1.000000e+00 -1.000000e+00 -1.000000e+00 -1 -1.0000 -1.000000e+00 -1.000000e+00 -1.000000e+00 -1.000000e+00 -1.000000e+00 -1.000000e+00  0  0.7670  2.963518e+12  0.000000e+00  0.000000e+00  3.333875e-01 -1.782935e+02  7.448857e+00  1  0.7670  6.165560e+10  0.000000e+00  0.000000e+00  3.997345e-01 -1.601595e+02  1.478419e-01  2  0.7670  2.860810e+00  0.000000e+00  0.000000e+00  1.145832e-01 -1.137507e+01  0.000000e+00 
3  4.401971e+02  2.444497e+02  1.983000e+03  1.654979e+00 6  2.722350e-01  7.131354e+02 1  13.2704 -1.150870e+00 -1.238761e+00  0  1.6030  6.549687e+12  0.000000e+00  0.000000e+00  4.565877e-01 -1.622931e+01  9.650066e+00  1  1.6030  1.205989e+11  0.000000e+00  0.000000e+00  1.936049e-01 -4.707451e+01  7.036128e-02  2  1.6030  1.505207e+13 -3.537909e+01 -3.540432e+00  5.120856e-01 -9.175947e+01  6.263505e+00  3  1.6030  1.094848e+11 -3.537909e+01 -3.540432e+00  1.859469e-01 -1.250130e+02  1.078745e-01  4  1.6030  1.327040e+01  0.000000e+00  0.000000e+00  7.616057e-02 -1.317396e+02  0.000000e+00 
3  7.172859e+01  1.749690e+01  4.299000e+03  8.107921e-01 6 -1.000000e+00  1.349390e+02 2   6.8341  9.276243e-01 -3.646321e-02 -1 -1.0000 -1.000000e+00 -1.000000e+00 -1.000000e+00 -1.000000e+00 -1.000000e+00 -1.000000e+00 -1 -1.0000 -1.000000e+00 -1.000000e+00 -1.000000e+00 -1.000000e+00 -1.000000e+00 -1.000000e+00  0  2.0130  7.235572e+12  0.000000e+00  0.000000e+00  4.168291e-01 -1.062648e+02  4.210161e+00  1  2.0130  1.078327e+11  0.000000e+00  0.000000e+00  2.132920e-01 -1.808016e+02  4.195386e-02  2  2.0130  6.834070e+00  0.000000e+00  0.000000e+00  8.393073e-02 -5.876164e+01  0.000000e+00 
3  4.233171e+02  2.299755e+02  6.867000e+03  9.991702e-01 6 -1.000000e+00  5.977589e+02 1   8.5235 -8.810934e-01  2.560839e-01 -1 -1.0000 -1.000000e+00 -1.000000e+00 -1.000000e+00 -1.000000e+00 -1.000000e+00 -1.000000e+00 -1 -1.0000 -1.000000e+00 -1.000000e+00 -1.000000e+00 -1.000000e+00 -1.000000e+00 -1.000000e+00  0  0.6480  5.047516e+12  0.000000e+00  0.000000e+00  7.013173e-02  1.788549e+02  8.253407e+00  1  0.6480  9.200986e+10  0.000000e+00  0.000000e+00  5.221687e-01  1.349095e+02  9.214111e-02  2  0.6480  8.523490e+00  0.000000e+00  0.000000e+00  8.700934e-02  1.403139e+02  0.000000e+00 
2  8.377315e+01  4.793413e+01  1.473000e+03  1.277366e+00 6  2.881432e-01  1.172880e+02 1  15.4578 -1.321753e+00 -2.716025e-01  0  0.7200  1.730763e+12  0.000000e+00  0.000000e+00  2.484876e-01  1.408768e+01  2.603829e+01  1  0.7200  4.599126e+10  0.000000e+00  0.000000e+00  4.291700e-01  1.132152e+02  4.542408e-02  2  0.7200  1.105750e+13 -3.035504e+01 -2.689536e+01  2.412539e-01  1.480387e+02  4.974931e+00  3  0.7200  1.434321e+11 -3.035504e+01 -2.689536e+01  3.421311e-01  1.594659e+02  2.529821e-01  4  0.7200  1.545780e+01  0.000000e+00  0.000000e+00  2.726107e-01 -1.447175e+02  0.000000e+00 
3  3.190914e+01  1.435168e+01  8.266000e+03  6.321514e-01 6 -1.000000e+00  3.854773e+01 1  17.9975 -1.997751e-02 -5.906410e-01 -1 -1.0000 -1.000000e+00 -1.000000e+00 -1.000000e+00 -1.000000e+00 -1.000000e+00 -1.000000e+00 -1 -1.0000 -1.000000e+00 -1.000000e+00 -1.000000e+00 -1.000000e+00 -1.000000e+00 -1.000000e+00  0  0.8920  1.462024e+12  0.000000e+00  0.000000e+00  4.087733e-01  1.079996e+02  3.817391e+00  1  0.8920  5.317291e+10  0.000000e+00  0.000000e+00  2.558992e-01  1.161727e+02  4.289657e-02  2  0.8920  1.799750e+01  0.000000e+00  0.000000e+00  9.604282e-02 -1.309119e+02  0.000000e+00 
1  9.794209e+01  2.519880e+02  3.063000e+03  5.922689e-02 0  3.057841e-01  2.519880e+02 2   6.2547  2.042774e-01  1.091684e-01  0  1.0160  2.333280e+10  0.000000e+00  0.000000e+00  1.713560e-01 -6.980197e+00  4.249768e+01  1  1.0160  2.020297e+07  0.000000e+00  0.000000e+00  2.674974e-01 -2.491473e+01  1.407163e-01  2  1.0160  8.661878e+11  1.014360e+01  4.073015e+00  3.984688e-01  7.671071e+01  8.266555e+00  3  1.0160  3.228484e+10  1.014360e+01  4.073015e+00  2.054273e-01  7.800252e+01  8.622914e-02  4  1.0160  6.254730e+00  0.000000e+00  0.000000e+00  1.944776e-01  1.135935e+02  0.000000e+00 
3  5.414157e+01  6.484591e+01  8.946000e+03  2.261727e-01 6 -1.000000e+00  8.847679e+01 1  17.1383 -1.365660e-01 -2.042718e-02 -1 -1.0000 -1.000000e+00 -1.000000e+00 -1.000000e+00 -1.000000e+00 -1.000000e+00 -1.000000e+00 -1 -1.0000 -1.000000e+00 -1.000000e+00 -1.000000e+00 -1.000000e+00 -1.000000e+00 -1.000000e+00  0  1.5440  7.382075e+11  0.000000e+00  0.000000e+00  1.676761e-01  7.053553e+00  5.919617e+00  1  1.5440  1.566316e+10  0.000000e+00  0.000000e+00  5.085409e-01  2.422013e+01  7.649034e-02  2  1.5440  1.713830e+01  0.000000e+00  0.000000e+00  4.397293e-02 -1.075588e+02  0.000000e+00 
1  4.760138e+01  1.110208e+02  4.627000e+03  2.188032e+00 0  2.717061e-01  1.110208e+02 2  11.9398 -1.672912e+00 -3.872749e+00  0  1.5700  7.966584e+12  0.000000e+00  0.000000e+00  1.720176e-01 -2.971361e+01  1.182399e+01  1  1.5700  4.944259e+10  0.000000e+00  0.000000e+00  2.416645e-01  8.391488e+00  5.192492e-02  2  1.5700  2.466120e+13 -5.361227e+00 -1.501716e+01  5.549909e-01 -1.630728e+02  3.481621e+00  3  1.5700  9.967448e+10 -5.361227e+00 -1.501716e+01  2.553316e-02 -1.995738e+02  5.088972e-02  4  1.5700  1.193980e+01  0.000000e+00  0.000000e+00  1.445836e-01  3.302793e+01  0.000000e+00 
2  9.112925e+01  4.917178e+01  9.375000e+03  9.186128e-01 6 -1.000000e+00  1.257186e+02 1  11.2059 -7.472950e-01 -2.294419e-01 -1 -1.0000 -1.000000e+00 -1.000000e+00 -1.000000e+00 -1.000000e+00 -1.000000e+00 -1.000000e+00 -1 -1.0000 -1.000000e+00 -1.000000e+00 -1.000000e+00 -1.000000e+00 -1.000000e+00 -1.000000e+00  0  2.2410  7.718017e+12  0.000000e+00  0.000000e+00  3.378370e-01 -1.704343e+02  4.544627e+00  1  2.2410  8.855375e+10  0.000000e+00  0.000000e+00  3.770959e-01 -1.299334e+02  4.561655e-02  2  2.2410  1.120590e+01  0.000000e+00  0.000000e+00  2.473957e-01 -1.258031e+02  0.000000e+00 
1  2.388682e+01  4.391054e+01  6.845000e+03  9.514872e+00 0 -1.000000e+00  4.391054e+01 2  10.6439 -1.071070e+01 -3.656243e-01 -1 -1.0000 -1.000000e+00 -1.000000e+00 -1.000000e+00 -1.000000e+00 -1.000000e+00 -1.000000e+00 -1 -1.0000 -1.000000e+00 -1.000000e+00 -1.000000e+00 -1.000000e+00 -1.000000e+00 -1.000000e+00  0  0.5410  1.199491e+14  0.000000e+00  0.000000e+00  4.137214e-01  9.380496e+01  7.451891e+00  1  0.5410  4.598412e+11  0.000000e+00  0.000000e+00  3.558841e-01  9.118565e+01  4.756380e-01  2  0.5410  1.064390e+01  0.000000e+00  0.000000e+00  7.659137e-02 -1.142544e+02  0.000000e+00 
2  3.402993e+01  1.920000e+01  1.680000e+03  5.210555e-01 6 -1.000000e+00  5.199878e+01 1  17.5671 -3.344480e-01  1.040311e-01 -1 -1.0000 -1.000000e+00 -1.000000e+00 -1.000000e+00 -1.000000e+00 -1.000000e+00 -1.000000e+00 -1 -1.0000 -1.000000e+00 -1.000000e+00 -1.000000e+00 -1.000000e+00 -1.000000e+00 -1.000000e+00  0  2.6680  2.351354e+12  0.000000e+00  0.000000e+00  5.298626e-01 -8.200713e+01  3.043499e+00  1  2.6680  4.054213e+10  0.000000e+00  0.000000e+00  2.430219e-01 -5.154189e+01  2.064980e-02  2  2.6680  1.756710e+01  0.000000e+00  0.000000e+00  1.274535e-01 -2.165565e+00  0.000000e+00 
2  2.238365e+02  3.524610e+00  5.047000e+03  5.692695e-01 6  2.662969e-01  1.087946e+01 1   6.5164 -1.087210e+00 -8.230148e-01  0  2.6860  1.566660e+12  0.000000e+00  0.000000e+00  2.408330e-01 -1.367577e+02  7.568421e+00  1  2.6860  6.413856e+10  0.000000e+00  0.000000e+00  2.332965e-01 -1.353451e+02  3.005773e-02  2  2.6860  7.599560e+12 -3.673025e+00  2.712609e+00  2.380098e-01 -3.073653e+01  4.356726e+00  3  2.6860  7.857822e+10 -3.673025e+00  2.712609e+00  4.430746e-01  1.001902e+01  1.214053e-02  4  2.6860  6.516390e+00  0.000000e+00  0.000000e+00  1.227308e-01 -1.176225e+02  0.000000e+00 
5  1.508251e+02  3.306725e+02  9.358000e+03  1.705029e+00 6 -1.000000e+00  4.512129e+02 3   5.2184 -3.726801e-02  7.457698e-01 -1 -1.0000 -1.000000e+00 -1.000000e+00 -1.000000e+00 -1.000000e+00 -1.000000e+00 -1.000000e+00 -1 -1.0000 -1.000000e+00 -1.000000e+00 -1.000000e+00 -1.000000e+00 -1.000000e+00 -1.000000e+00  0  0.4500  4.367300e+13  0.000000e+00  0.000000e+00  3.485162e-01 -1.752509e+02  3.803609e+00  1  0.4500  3.332285e+11  0.000000e+00  0.000000e+00  3.484215e-01 -1.572147e+02  3.039421e-01  2  0.4500  5.218430e+00  0.000000e+00  0.000000e+00  1.030967e-01  1.742266e+02  0.000000e+00 
3  2.235959e+02  3.133935e+02  1.056000e+03  9.228988e-01 6 -1.000000e+00  4.225318e+02 3   2.7744 -1.182172e-01  1.508568e-01 -1 -1.0000 -1.000000e+00 -1.000000e+00 -1.000000e+00 -1.000000e+00 -1.000000e+00 -1.000000e+00 -1 -1.0000 -1.000000e+00 -1.000000e+00 -1.000000e+00 -1.000000e+00 -1.000000e+00 -1.000000e+00  0  0.6200  8.148274e+12  0.000000e+00  0.000000e+00  9.002990e-02  1.490839e+02  6.567665e+00  1  0.6200  1.135770e+11  0.000000e+00  0.000000e+00  1.690589e-01  1.662329e+02  1.592171e-01  2  0.6200  2.774350e+00  0.000000e+00  0.000000e+00  9.446942e-02  1.799689e+02  0.000000e+00 
3  3.839043e+01  2.238819e+01  5.330000e+03  7.939430e-01 6  2.862978e-01  4.391493e+01 1  13.3729 -7.145155e-01  1.420575e+00  0  1.1370  7.018846e+11  0.000000e+00  0.000000e+00  3.267315e-01  7.591435e+01  2.374581e+01  1  1.1370  3.182497e+10  0.000000e+00  0.000000e+00  2.135872e-01  1.129984e+02  4.566936e-02  2  1.1370  7.103924e+12 -9.612200e+00  9.961504e+00  4.777898e-01 -1.722512e+02  5.965268e+00  3  1.1370  7.091977e+10 -9.612200e+00  9.961504e+00  4.500941e-01 -2.498754e+02  1.202907e-01  4  1.1370  1.337290e+01  0.000000e+00  0.000000e+00  2.978697e-01 -1.240963e+02  0.000000e+00 
5  8.660027e+01  1.596440e+02  8.248000e+03  2.299587e-01 6 -1.000000e+00  2.414527e+02 3  17.1456  2.685364e-02 -1.298086e-02 -1 -1.0000 -1.000000e+00 -1.000000e+00 -1.000000e+00 -1.000000e+00 -1.000000e+00 -1.000000e+00 -1 -1.0000 -1.000000e+00 -1.000000e+00 -1.000000e+00 -1.000000e+00 -1.000000e+00 -1.000000e+00  0  1.5930  8.434343e+11  0.000000e+00  0.000000e+00  1.964024e-01 -6.475271e+01  4.086865e+00  1  1.5930  1.845764e+10  0.000000e+00  0.000000e+00  4.243911e-01 -3.528394e+01  1.101454e-01  2  1.5930  1.714560e+01  0.000000e+00  0.000000e+00  6.194139e-02  1.711230e+02  0.000000e+00 
3  1.245823e+02  7.748075e+01  9.345000e+03  4.391621e-01 6 -1.000000e+00  1.828446e+02 1  15.9102  1.039357e-01 -2.406191e-01 -1 -1.0000 -1.000000e+00 -1.000000e+00 -1.000000e+00 -1.000000e+00 -1.000000e+00 -1.000000e+00 -1 -1.0000 -1.000000e+00 -1.000000e+00 -1.000000e+00 -1.000000e+00 -1.000000e+00 -1.000000e+00  0  2.0940  1.375656e+12  0.000000e+00  0.000000e+00  4.167287e-01  8.053856e+01  4.786002e+00  1  2.0940  2.703155e+10  0.000000e+00  0.000000e+00  3.309249e-01  5.128683e+01  3.453290e-02  2  2.0940  1.591020e+01  0.000000e+00  0.000000e+00  5.433711e-02 -1.362490e+02  0.000000e+00 
1  3.215371e+01  7.397260e+01  6.497000e+03  1.271378e-01 0  2.756035e-01  7.397260e+01 2  10.2504  1.811211e-02  5.607358e-01  0  2.3450  1.154626e+11  0.000000e+00  0.000000e+00  2.312574e-01  3.047504e+01  1.712051e+01  1  2.3450  5.434613e+08  0.000000e+00  0.000000e+00  3.455806e-01  7.844716e+01  6.645591e-02  2  2.3450  4.778374e+12 -5.731684e-01  2.845111e+00  3.100871e-01 -1.084885e+02  2.153581e+00  3  2.3450  7.590088e+10 -5.731684e-01  2.845111e+00  3.504140e-02 -1.280171e+02  3.326759e-02  4  2.3450  1.025040e+01  0.000000e+00  0.000000e+00  1.450358e-01  2.015776e+01  0.000000e+00 
3  5.949641e+01  4.322925e+01  5.644000e+03  7.023174e-01 6 -1.000000e+00  9.760686e+01 1   8.7386  3.182542e-01 -2.675908e-02 -1 -1.0000 -1.000000e+00 -1.000000e+00 -1.000000e+00 -1.000000e+00 -1.000000e+00 -1.000000e+00 -1 -1.0000 -1.000000e+00 -1.000000e+00 -1.000000e+00 -1.000000e+00 -1.000000e+00 -1.000000e+00  0  0.7400  1.649215e+12  0.000000e+00  0.000000e+00  1.680197e-01 -8.490518e+01  4.956170e+00  1  0.7400  7.648940e+10  0.000000e+00  0.000000e+00  4.856626e-01 -1.070134e+02  2.845631e-01  2  0.7400  8.738590e+00  0.000000e+00  0.000000e+00  5.985872e-02  1.678342e+01  0.000000e+00 
3  5.463381e+01  3.564485e+01  2.191000e+03  7.735971e-01 6 -1.000000e+00  8.566579e+01 1  15.3435 -1.186640e-01  5.432286e-01 -1 -1.0000 -1.000000e+00 -1.000000e+00 -1.000000e+00 -1.000000e+00 -1.000000e+00 -1.000000e+00 -1 -1.0000 -1.000000e+00 -1.000000e+00 -1.000000e+00 -1.000000e+00 -1.000000e+00 -1.000000e+00  0  1.5560  6.267838e+12  0.000000e+00  0.000000e+00  7.846968e-02  7.780206e+01  3.527480e+00  1  1.5560  1.011328e+11  0.000000e+00  0.000000e+00  5.484232e-01  4.211014e+01  6.104252e-02  2  1.5560  1.534350e+01  0.000000e+00  0.000000e+00  6.634717e-02  6.634250e+01  0.000000e+00 
3  6.765029e+01  3.893434e+01  9.192000e+03  3.563007e-01 6 -1.000000e+00  9.283711e+01 1   7.9851  2.053958e-01  5.157481e-02 -1 -1.0000 -1.000000e+00 -1.000000e+00 -1.000000e+00 -1.000000e+00 -1.000000e+00 -1.000000e+00 -1 -1.0000 -1.000000e+00 -1.000000e+00 -1.000000e+00 -1.000000e+00 -1.000000e+00 -1.000000e+00  0  1.8680  9.885524e+11  0.000000e+00  0.000000e+00  8.239194e-02  1.011497e+02  3.786546e+00  1  1.8680  2.111748e+10  0.000000e+00  0.000000e+00  3.983595e-01  9.285683e+01  3.942958e-02  2  1.8680  7.985130e+00  0.000000e+00  0.000000e+00  1.017286e-01  2.085188e+01  0.000000e+00 
1  1.810759e+01  3.379282e+01  2.115000e+03  3.025304e-02 0 -1.000000e+00  3.379282e+01 2  15.1555  1.661024e-02 -5.315016e-02 -1 -1.0000 -1.000000e+00 -1.000000e+00 -1.000000e+00 -1.000000e+00 -1.000000e+00 -1.000000e+00 -1 -1.0000 -1.000000e+00 -1.000000e+00 -1.000000e+00 -1.000000e+00 -1.000000e+00 -1.000000e+00  0  2.0830  1.741866e+11  0.000000e+00  0.000000e+00  1.328861e-02  3.799601e+01  4.696857e+00  1  2.0830  6.214880e+08  0.000000e+00  0.000000e+00  5.839194e-01  3.936154e+01  3.352512e-02  2  2.0830  1.515550e+01  0.000000e+00  0.000000e+00  1.822356e-01 -1.425806e+00  0.000000e+00 
3  3.345151e+02  1.669531e+02  4.484000e+03  3.135076e-01 6 -1.000000e+00  4.245987e+02 1   3.2988  4.386066e-02 -2.680600e-01 -1 -1.0000 -1.000000e+00 -1.000000e+00 -1.000000e+00 -1.000000e+00 -1.000000e+00 -1.000000e+00 -1 -1.0000 -1.000000e+00 -1.000000e+00 -1.000000e+00 -1.000000e+00 -1.000000e+00 -1.000000e+00  0  2.6350  9.059215e+12  0.000000e+00  0.000000e+00  3.778417e-01 -8.793197e+01  4.276060e+00  1  2.6350  8.821655e+10  0.000000e+00  0.000000e+00  1.339628e-01 -7.864567e+01  1.567091e-02  2  2.6350  3.298850e+00  0.000000e+00  0.000000e+00  3.803575e-02 -5.658341e+01  0.000000e+00 
3  3.114815e+01  1.759301e+01  8.818000e+03  6.845082e-01 6  3.064899e-01  4.572948e+01 1  16.3172  1.082829e+00  2.113281e+00  0  0.5480  5.513148e+11  0.000000e+00  0.000000e+00  1.854713e-01 -6.029172e+01  1.812728e+01  1  0.5480  3.229355e+10  0.000000e+00  0.000000e+00  3.424582e-01 -1.171406e+02  8.450839e-02  2  0.5480  1.252745e+13  1.369466e+01  1.887852e+01  4.410171e-02  5.185143e+01  6.357401e+00  3  0.5480  1.554358e+11  1.369466e+01  1.887852e+01  4.827290e-01  5.866847e+01  2.054996e-01  4  0.5480  1.631720e+01  0.000000e+00  0.000000e+00  6.542267e-02 -1.667228e+02  0.000000e+00 
3  8.879448e+01  8.658757e+01  2.920000e+03  9.474168e-01 6 -1.000000e+00  1.129478e+02 1  13.2572 -1.799582e-01 -5.158661e-01 -1 -1.0000 -1.000000e+00 -1.000000e+00 -1.000000e+00 -1.000000e+00 -1.000000e+00 -1.000000e+00 -1 -1.0000 -1.000000e+00 -1.000000e+00 -1.000000e+00 -1.000000e+00 -1.000000e+00 -1.000000e+00  0  0.7540  2.185274e+12  0.000000e+00  0.000000e+00  3.692831e-01  6.794278e+01  8.106846e+00  1  0.7540  6.091405e+10  0.000000e+00  0.000000e+00  5.241790e-01  7.190207e+01  9.130039e-02  2  0.7540  1.325720e+01  0.000000e+00  0.000000e+00  1.028774e-01  5.620059e+01  0.000000e+00 
3  1.851232e+02  5.037456e+02  3.162000e+03  2.115529e-02 6 -1.000000e+00  5.531723e+02 3  17.5592 -8.676374e-03  5.768631e-03 -1 -1.0000 -1.000000e+00 -1.000000e+00 -1.000000e+00 -1.000000e+00 -1.000000e+00 -1.000000e+00 -1 -1.0000 -1.000000e+00 -1.000000e+00 -1.000000e+00 -1.000000e+00 -1.000000e+00 -1.000000e+00  0  0.9960  1.461711e+11  0.000000e+00  0.000000e+00  1.464097e-01  5.966764e+01  8.498492e+00  1  0.9960  7.070210e+08  0.000000e+00  0.000000e+00  5.901670e-01  5.749703e+01  1.198369e-01  2  0.9960  1.755920e+01  0.000000e+00  0.000000e+00  2.075318e-01  7.712787e+01  0.000000e+00 
2  2.746137e+01  1.420969e+01  9.510000e+02  9.866227e-01 6 -1.000000e+00  5.533380e+01 2  18.4415  1.718043e-01  6.340869e-01 -1 -1.0000 -1.000000e+00 -1.000000e+00 -1.000000e+00 -1.000000e+00 -1.000000e+00 -1.000000e+00 -1 -1.0000 -1.000000e+00 -1.000000e+00 -1.000000e+00 -1.000000e+00 -1.000000e+00 -1.000000e+00  0  1.2850  5.313856e+12  0.000000e+00  0.000000e+00  2.177171e-01 -6.292661e+01  5.452305e+00  1  1.2850  7.856132e+10  0.000000e+00  0.000000e+00  2.427291e-01 -5.179674e+01  4.513163e-02  2  1.2850  1.844150e+01  0.000000e+00  0.000000e+00  1.234838e-01 -1.765596e+02  0.000000e+00 
3  4.797589e+01  4.453417e+01  1.403000e+03  6.163044e-01 6  2.842010e-01  6.972379e+01 1  15.9249 -7.287523e-01  2.687271e-01  0  1.3650  5.377349e+11  0.000000e+00  0.000000e+00  2.516046e-01  1.215032e+02  1.932337e+01  1  1.3650  1.274353e+10  0.000000e+00  0.000000e+00  2.916377e-01  1.006485e+02  3.307885e-02  2  1.3650  6.859615e+12 -3.351940e+00  2.470787e+00  1.317353e-01  1.007093e+02  2.776427e+00  3  1.3650  6.711738e+10 -3.351940e+00  2.470787e+00  6.165609e-01  1.206135e+02  5.907247e-02  4  1.3650  1.592490e+01  0.000000e+00  0.000000e+00  1.602916e-01 -1.154882e+02  0.000000e+00 
1  6.259285e+01  1.782711e+02  9.949000e+03  1.850850e-01 0  2.867661e-01  1.782711e+02 2  16.4360  6.046080e-01  5.325760e-01  0  1.5710  1.808205e+11  0.000000e+00  0.000000e+00  2.937598e-01 -5.026927e+01  1.578517e+01  1  1.5710  1.804222e+09  0.000000e+00  0.000000e+00  2.545475e-01 -1.247309e+02  5.765383e-02  2  1.5710  4.211112e+12  4.202820e+00  4.207585e+00  3.821484e-02  1.456695e+02  2.977857e+00  3  1.5710  9.808048e+10  4.202820e+00  4.207585e+00  4.025717e-01  1.919880e+02  5.953752e-02  4  1.5710  1.643600e+01  0.000000e+00  0.000000e+00  1.282349e-01 -1.684063e+02  0.000000e+00 
3  4.439394e+01  3.902806e+01  3.700000e+01  1.123433e+00 6 -1.000000e+00  6.847434e+01 1  15.3397 -2.047645e-01  2.437736e-01 -1 -1.0000 -1.000000e+00 -1.000000e+00 -1.000000e+00 -1.000000e+00 -1.000000e+00 -1.000000e+00 -1 -1.0000 -1.000000e+00 -1.000000e+00 -1.000000e+00 -1.000000e+00 -1.000000e+00 -1.000000e+00  0  1.7200  2.351454e+12  0.000000e+00  0.000000e+00  2.446809e-01 -9.585626e+01  2.847982e+00  1  1.7200  8.246793e+10  0.000000e+00  0.000000e+00  7.116807e-01 -8.756234e+01  5.502810e-02  2  1.7200  1.533970e+01  0.000000e+00  0.000000e+00  2.401365e-02 -1.603582e+02  0.000000e+00 
1  7.251502e+01  1.487873e+02  3.871000e+03  8.150612e-01 0  2.742742e-01  1.487873e+02 2  17.1295  1.854273e-01 -7.345266e-01  0  1.8140  8.981208e+11  0.000000e+00  0.000000e+00  1.616574e-01 -4.439236e+01  1.288206e+01  1  1.8140  2.201761e+10  0.000000e+00  0.000000e+00  4.256304e-01 -7.931832e+01  2.729407e-02  2  1.8140  4.576724e+12  4.496630e-01 -1.547365e+00  9.786226e-02 -7.491646e+01  2.245846e+00  3  1.8140  5.736801e+10  4.496630e-01 -1.547365e+00  4.354915e-01 -1.369109e+02  1.782008e-01  4  1.8140  1.712950e+01  0.000000e+00  0.000000e+00  6.748161e-02  9.466067e+01  0.000000e+00 
3  2.090026e+02  1.136173e+02  3.275000e+03  6.078847e-01 6  2.833427e-01  3.034367e+02 1  12.4058 -1.136529e+00  3.086393e-01  0  0.8250  8.285161e+11  0.000000e+00  0.000000e+00  1.161307e-01  1.626605e+02  1.201876e+01  1  0.8250  3.671830e+10  0.000000e+00  0.000000e+00  1.158140e-01  1.626997e+02  4.256599e-02  2  0.8250  2.733669e+12 -7.261918e+00  4.739859e+00  1.774793e-01 -1.716230e+02  5.154455e+00  3  0.8250  8.638840e+10 -7.261918e+00  4.739859e+00  4.708387e-01 -1.655360e+02  6.751985e-02  4  0.8250  1.240580e+01  0.000000e+00  0.000000e+00  3.326221e-03  1.578324e+02  0.000000e+00 
3  1.182491e+02  1.677716e+02  4.465000e+03  4.918526e-01 6 -1.000000e+00  2.185600e+02 3  15.4552  5.076817e-02 -1.400267e-01 -1 -1.0000 -1.000000e+00 -1.000000e+00 -1.000000e+00 -1.000000e+00 -1.000000e+00 -1.000000e+00 -1 -1.0000 -1.000000e+00 -1.000000e+00 -1.000000e+00 -1.000000e+00 -1.000000e+00 -1.000000e+00  0  1.0740  1.051196e+12  0.000000e+00  0.000000e+00  3.846047e-01 -1.549342e+02  7.594666e+00  1  1.0740  3.483934e+10  0.000000e+00  0.000000e+00  1.229159e-01 -1.364993e+02  5.913272e-02  2  1.0740  1.545520e+01  0.000000e+00  0.000000e+00  1.309994e-01 -7.398177e+01  0.000000e+00 
3  3.839043e+01  4.396181e+01  5.330000e+03  5.263660e-01 6 -1.000000e+00  4.778949e+01 1  13.3729  3.535996e-01  3.510583e-02 -1 -1.0000 -1.000000e+00 -1.000000e+00 -1.000000e+00 -1.000000e+00 -1.000000e+00 -1.000000e+00 -1 -1.0000 -1.000000e+00 -1.000000e+00 -1.000000e+00 -1.000000e+00 -1.000000e+00 -1.000000e+00  0  1.3170  1.583639e+12  0.000000e+00  0.000000e+00  2.818140e-01  1.697003e+01  3.534610e+00  1  1.3170  7.081990e+10  0.000000e+00  0.000000e+00  2.132672e-01  2.001979e+01  8.362572e-02  2  1.3170  1.337290e+01  0.000000e+00  0.000000e+00  1.380536e-01  1.749313e+02  0.000000e+00 
3  5.952954e+01  4.367019e+01  3.259000e+03  5.979668e-01 6 -1.000000e+00  8.779974e+01 1  12.5470 -4.308390e-01  6.673432e-03 -1 -1.0000 -1.000000e+00 -1.000000e+00 -1.000000e+00 -1.000000e+00 -1.000000e+00 -1.000000e+00 -1 -1.0000 -1.000000e+00 -1.000000e+00 -1.000000e+00 -1.000000e+00 -1.000000e+00 -1.000000e+00  0  1.3810  2.418827e+12  0.000000e+00  0.000000e+00  2.046819e-01  1.213044e+01  5.016027e+00  1  1.3810  6.345143e+10  0.000000e+00  0.000000e+00  3.673997e-01  4.032755e+01  6.121594e-02  2  1.3810  1.254700e+01  0.000000e+00  0.000000e+00  5.942314e-02 -4.664302e+01  0.000000e+00 
3  5.367122e+01  2.766938e+01  3.270000e+02  9.266733e-01 6 -1.000000e+00  1.110041e+02 2  15.9445  3.573000e-01 -5.217694e-01 -1 -1.0000 -1.000000e+00 -1.000000e+00 -1.000000e+00 -1.000000e+00 -1.000000e+00 -1.000000e+00 -1 -1.0000 -1.000000e+00 -1.000000e+00 -1.000000e+00 -1.000000e+00 -1.000000e+00 -1.000000e+00  0  1.4890  1.089018e+13  0.000000e+00  0.000000e+00  3.124496e-01 -1.379018e+02  2.678131e+00  1  1.4890  1.103926e+11  0.000000e+00  0.000000e+00  8.752073e-02 -1.313382e+02  6.993757e-02  2  1.4890  1.594450e+01  0.000000e+00  0.000000e+00  1.831083e-02  5.094131e+01  0.000000e+00 
3  3.735908e+01  3.374770e+01  2.351000e+03  6.744008e+00 6 -1.000000e+00  8.249302e+01 3   6.5077 -1.635985e+00  7.064435e-01 -1 -1.0000 -1.000000e+00 -1.000000e+00 -1.000000e+00 -1.000000e+00 -1.000000e+00 -1.000000e+00 -1 -1.0000 -1.000000e+00 -1.000000e+00 -1.000000e+00 -1.000000e+00 -1.000000e+00 -1.000000e+00  0  0.4280  1.604872e+14  0.000000e+00  0.000000e+00  3.778312e-01  7.693530e+01  5.826980e+00  1  0.4280  5.598622e+11  0.000000e+00  0.000000e+00  3.916605e-01  5.726986e+01  7.446223e-01  2  0.4280  6.507690e+00  0.000000e+00  0.000000e+00  1.449967e-01  2.274119e+01  0.000000e+00 
3  7.919440e+01  5.475373e+01  2.000000e+01  4.352801e-01 6 -1.000000e+00  9.911013e+01 1  15.5376  2.537464e-01  6.770920e-02 -1 -1.0000 -1.000000e+00 -1.000000e+00 -1.000000e+00 -1.000000e+00 -1.000000e+00 -1.000000e+00 -1 -1.0000 -1.000000e+00 -1.000000e+00 -1.000000e+00 -1.000000e+00 -1.000000e+00 -1.000000e+00  0  0.4490  6.161249e+11  0.000000e+00  0.000000e+00  1.170991e-01  1.534058e+02  9.579408e+00  1  0.4490  2.001085e+10  0.000000e+00  0.000000e+00  4.415590e-01  1.193383e+02  1.165030e-01  2  0.4490  1.553760e+01  0.000000e+00  0.000000e+00  2.460336e-01 -4.301812e+00  0.000000e+00 
1  2.860644e+02  6.712128e+02  1.086000e+03  1.006102e+00 0 -1.000000e+00  6.712128e+02 2  17.4655 -9.355316e-01  7.360774e-01 -1 -1.0000 -1.000000e+00 -1.000000e+00 -1.000000e+00 -1.000000e+00 -1.000000e+00 -1.000000e+00 -1 -1.0000 -1.000000e+00 -1.000000e+00 -1.000000e+00 -1.000000e+00 -1.000000e+00 -1.000000e+00  0  0.7680  4.577780e+12  0.000000e+00  0.000000e+00  2.397448e-01 -1.424287e+02  9.635117e+00  1  0.7680  7.059497e+10  0.000000e+00  0.000000e+00  2.408007e-01 -1.459228e+02  2.789325e-01  2  0.7680  1.746550e+01  0.000000e+00  0.000000e+00  1.577001e-01  5.886044e+01  0.000000e+00 
3  2.880069e+01  2.129189e+01  6.329000e+03  1.559387e-01 6 -1.000000e+00  4.981874e+01 1  13.1947  8.624396e-02  6.036109e-02 -1 -1.0000 -1.000000e+00 -1.000000e+00 -1.000000e+00 -1.000000e+00 -1.000000e+00 -1.000000e+00 -1 -1.0000 -1.000000e+00 -1.000000e+00 -1.000000e+00 -1.000000e+00 -1.000000e+00 -1.000000e+00  0  2.3230  7.846129e+11  0.000000e+00  0.000000e+00  1.325695e-01 -4.340372e+00  3.084951e+00  1  2.3230  9.125068e+09  0.000000e+00  0.000000e+00  4.032794e-01 -1.699989e+01  2.403915e-02  2  2.3230  1.319470e+01  0.000000e+00  0.000000e+00  5.341520e-02  1.067979e+02  0.000000e+00 
1  9.245966e+01  2.086362e+02  9.719000e+03  4.460918e+00 0  2.756337e-01  2.086362e+02 2  15.9260  4.066427e+00 -6.210229e+00  0  0.5740  6.488147e+13  0.000000e+00  0.000000e+00  1.544904e-01  1.409740e+02  5.442436e+00  1  0.5740  1.700388e+11  0.000000e+00  0.000000e+00  4.175441e-01  1.191467e+02  3.242503e-01  2  0.5740  2.544425e+14  4.090129e+01 -1.548326e+01  5.420158e-01 -9.115215e+01  3.947949e+00  3  0.5740  5.287623e+11  4.090129e+01 -1.548326e+01  3.948066e-01 -1.199135e+02  8.353647e-01  4  0.5740  1.592600e+01  0.000000e+00  0.000000e+00  1.320028e-01 -6.222376e+01  0.000000e+00 
3  1.178483e+02  9.467959e+01  2.982000e+03  1.558480e+00 6  2.851826e-01  2.170415e+02 3  10.6542 -1.841207e+00 -1.532468e-01  0  0.5990  4.214619e+12  0.000000e+00  0.000000e+00  3.483240e-01 -1.890104e+01  1.635080e+01  1  0.5990  8.804526e+10  0.000000e+00  0.000000e+00  4.260930e-01 -5.034699e+01  2.712284e-01  2  0.5990  1.935605e+13 -2.652547e+01 -3.151610e+00  4.702474e-01 -1.251035e+02  5.803991e+00  3  0.5990  1.803195e+11 -2.652547e+01 -3.151610e+00  3.885649e-01 -1.606797e+02  2.373440e-01  4  0.5990  1.065420e+01  0.000000e+00  0.000000e+00  5.836010e-02 -1.589425e+02  0.000000e+00 
1  1.673567e+02  3.042443e+02  5.535000e+03  1.054353e+01 0 -1.000000e+00  3.042443e+02 2  14.4105  1.301860e+01 -5.231079e+00 -1 -1.0000 -1.000000e+00 -1.000000e+00 -1.000000e+00 -1.000000e+00 -1.000000e+00 -1.000000e+00 -1 -1.0000 -1.000000e+00 -1.000000e+00 -1.000000e+00 -1.000000e+00 -1.000000e+00 -1.000000e+00  0  0.6740  2.106339e+14  0.000000e+00  0.000000e+00  1.859213e-01 -9.622213e+01  5.513588e+00  1  0.6740  4.668089e+11  0.000000e+00  0.000000e+00  2.880363e-01 -9.190703e+01  4.061678e-01  2  0.6740  1.441050e+01  0.000000e+00  0.000000e+00  1.405386e-01 -1.090522e+02  0.000000e+00 
2  1.573099e+02  9.261807e+01  8.531000e+03  1.147568e+00 6  2.772855e-01  2.198755e+02 1   8.5272  9.855786e-01  2.329851e-01  0  0.8870  1.475664e+12  0.000000e+00  0.000000e+00  7.885511e-02  2.997117e+01  2.410539e+01  1  0.8870  5.030473e+10  0.000000e+00  0.000000e+00  3.891670e-01  6.318499e+01  4.812755e-02  2  0.8870  2.705190e+12  9.065365e+00 -9.733685e+00  3.128775e-01 -1.477564e+02  4.782059e+00  3  0.8870  5.290738e+10  9.065365e+00 -9.733685e+00  1.116958e-01 -1.674214e+02  1.349764e-01  4  0.8870  8.527200e+00  0.000000e+00  0.000000e+00  2.282011e-02  1.310836e+02  0.000000e+00 
3  1.817422e+02  1.013109e+02  8.080000e+03  4.226995e-01 6 -1.000000e+00  2.211964e+02 1   8.9996 -8.476350e-03  3.985630e-01 -1 -1.0000 -1.000000e+00 -1.000000e+00 -1.000000e+00 -1.000000e+00 -1.000000e+00 -1.000000e+00 -1 -1.0000 -1.000000e+00 -1.000000e+00 -1.000000e+00 -1.000000e+00 -1.000000e+00 -1.000000e+00  0  1.0310  1.217514e+12  0.000000e+00  0.000000e+00  3.449974e-01 -7.037113e+01  4.486824e+00  1  1.0310  3.594231e+10  0.000000e+00  0.000000e+00  4.999238e-01 -4.881083e+01  5.048726e-02  2  1.0310  8.999580e+00  0.000000e+00  0.000000e+00  8.291697e-02  9.816295e+01  0.000000e+00 
3  6.435351e+01  7.479332e+01  8.177000e+03  5.839593e-01 6 -1.000000e+00  1.410085e+02 3  14.7655 -1.690762e-01  5.464560e-03 -1 -1.0000 -1.000000e+00 -1.000000e+00 -1.000000e+00 -1.000000e+00 -1.000000e+00 -1.000000e+00 -1 -1.0000 -1.000000e+00 -1.000000e+00 -1.000000e+00 -1.000000e+00 -1.000000e+00 -1.000000e+00  0  1.5870  1.765302e+12  0.000000e+00  0.000000e+00  5.722238e-02  1.679874e+02  5.795276e+00  1  1.5870  6.640206e+10  0.000000e+00  0.000000e+00  3.229818e-01  1.825172e+02  3.047822e-02  2  1.5870  1.476550e+01  0.000000e+00  0.000000e+00  1.142844e-01 -1.088135e+02  0.000000e+00 
3  2.880069e+01  2.121052e+01  6.329000e+03  6.142901e-01 6 -1.000000e+00  3.996833e+01 1  13.1947  4.800677e-01  6.334476e-03 -1 -1.0000 -1.000000e+00 -1.000000e+00 -1.000000e+00 -1.000000e+00 -1.000000e+00 -1.000000e+00 -1 -1.0000 -1.000000e+00 -1.000000e+00 -1.000000e+00 -1.000000e+00 -1.000000e+00 -1.000000e+00  0  1.6050  2.494776e+12  0.000000e+00  0.000000e+00  3.075652e-01 -9.808197e-01  4.655439e+00  1  1.6050  8.318534e+10  0.000000e+00  0.000000e+00  3.984368e-01 -2.918664e+01  4.212866e-02  2  1.6050  1.319470e+01  0.000000e+00  0.000000e+00  7.889851e-02 -4.858673e+01  0.000000e+00 
3  6.537584e+01  2.777383e+01  6.720000e+03  4.621079e-01 6 -1.000000e+00  8.653365e+01 1  14.0466  8.233899e-02 -4.732195e-01 -1 -1.0000 -1.000000e+00 -1.000000e+00 -1.000000e+00 -1.000000e+00 -1.000000e+00 -1.000000e+00 -1 -1.0000 -1.000000e+00 -1.000000e+00 -1.000000e+00 -1.000000e+00 -1.000000e+00 -1.000000e+00  0  2.4410  2.176742e+12  0.000000e+00  0.000000e+00  1.913636e-01 -4.583413e+01  4.577907e+00  1  2.4410  3.850130e+10  0.000000e+00  0.000000e+00  2.432475e-01 -2.022623e+01  5.836715e-02  2  2.4410  1.404660e+01  0.000000e+00  0.000000e+00  1.931967e-01  1.076619e+02  0.000000e+00 
3  4.352391e+01  4.259584e+01  8.774000e+03  2.809920e-01 6 -1.000000e+00  6.418600e+01 1  14.1076  1.269915e-01 -7.897130e-02 -1 -1.0000 -1.000000e+00 -1.000000e+00 -1.000000e+00 -1.000000e+00 -1.000000e+00 -1.000000e+00 -1 -1.0000 -1.000000e+00 -1.000000e+00 -1.000000e+00 -1.000000e+00 -1.000000e+00 -1.000000e+00  0  2.6560  9.314985e+11  0.000000e+00  0.000000e+00  2.715422e-01  1.060613e+01  4.002975e+00  1  2.6560  1.555470e+10  0.000000e+00  0.000000e+00  3.097445e-01  5.815732e+01  2.617855e-02  2  2.6560  1.410760e+01  0.000000e+00  0.000000e+00  1.344175e-01  1.321838e+02  0.000000e+00 
3  1.966055e+02  9.473713e+01  8.843000e+03  8.453535e-01 6 -1.000000e+00  2.611019e+02 1  12.0889  4.708342e-01  6.674058e-01 -1 -1.0000 -1.000000e+00 -1.000000e+00 -1.000000e+00 -1.000000e+00 -1.000000e+00 -1.000000e+00 -1 -1.0000 -1.000000e+00 -1.000000e+00 -1.000000e+00 -1.000000e+00 -1.000000e+00 -1.000000e+00  0  0.6710  5.122022e+12  0.000000e+00  0.000000e+00  3.034422e-01  1.613345e+01  5.767322e+00  1  0.6710  1.005197e+11  0.000000e+00  0.000000e+00  3.400999e-01 -2.939259e+01  1.404864e-01  2  0.6710  1.208890e+01  0.000000e+00  0.000000e+00  1.193850e-01 -1.498225e+02  0.000000e+00 
3  2.717183e+01  1.997512e+01  7.245000e+03  1.082120e+00 6 -1.000000e+00  4.320450e+01 1  16.7185  2.811498e-01  5.669438e-01 -1 -1.0000 -1.000000e+00 -1.000000e+00 -1.000000e+00 -1.000000e+00 -1.000000e+00 -1.000000e+00 -1 -1.0000 -1.000000e+00 -1.000000e+00 -1.000000e+00 -1.000000e+00 -1.000000e+00 -1.000000e+00  0  0.8760  5.340144e+12  0.000000e+00  0.000000e+00  1.270166e-01  1.595267e+02  7.857609e+00  1  0.8760  8.926565e+10  0.000000e+00  0.000000e+00  2.931079e-01  1.410605e+02  1.084592e-01  2  0.8760  1.671850e+01  0.000000e+00  0.000000e+00  1.556852e-01  2.747401e+01  0.000000e+00 
1  3.273194e+01  6.132714e+01  6.761000e+03  5.273093e-02 0  2.857285e-01  6.132714e+01 2  11.9357 -1.040105e-01 -6.491604e-03  0  1.2760  1.457817e+10  0.000000e+00  0.000000e+00  3.987448e-01 -7.787996e+01  3.573816e+01  1  1.2760  7.632138e+06  0.000000e+00  0.000000e+00  4.299846e-01 -5.651863e+01  7.695559e-02  2  1.2760  7.813544e+10 -5.942356e+00  1.077198e+00  2.573632e-01  4.845958e+01  5.061934e+00  3  1.2760  2.107393e+08 -5.942356e+00  1.077198e+00  2.862020e-01  1.107596e+02  6.950276e-02  4  1.2760  1.193570e+01  0.000000e+00  0.000000e+00  8.571323e-02 -1.012167e+02  0.000000e+00 
2  1.274278e+02  7.413184e+01  2.371000e+03  6.026344e-01 6 -1.000000e+00  1.682634e+02 1   5.3666 -2.812043e-01 -2.578824e-01 -1 -1.0000 -1.000000e+00 -1.000000e+00 -1.000000e+00 -1.000000e+00 -1.000000e+00 -1.000000e+00 -1 -1.0000 -1.000000e+00 -1.000000e+00 -1.000000e+00 -1.000000e+00 -1.000000e+00 -1.000000e+00  0  1.3780  1.465727e+12  0.000000e+00  0.000000e+00  5.631098e-01 -8.955781e+01  9.276290e+00  1  1.3780  4.049536e+10  0.000000e+00  0.000000e+00  3.247985e-01 -4.280270e+01  2.703620e-02  2  1.3780  5.366590e+00  0.000000e+00  0.000000e+00  8.518114e-02  3.357879e+01  0.000000e+00 
3  1.330416e+02  2.247510e+02  5.989000e+03  3.565838e-01 6 -1.000000e+00  2.284480e+02 1  16.7312 -2.750823e-02  7.989705e-02 -1 -1.0000 -1.000000e+00 -1.000000e+00 -1.000000e+00 -1.000000e+00 -1.000000e+00 -1.000000e+00 -1 -1.0000 -1.000000e+00 -1.000000e+00 -1.000000e+00 -1.000000e+00 -1.000000e+00 -1.000000e+00  0  1.4750  9.179692e+11  0.000000e+00  0.000000e+00  2.884554e-01  5.260512e+01  3.096767e+00  1  1.4750  2.420833e+10  0.000000e+00  0.000000e+00  3.551751e-01  7.658354e+01  8.990390e-02  2  1.4750  1.673120e+01  0.000000e+00  0.000000e+00  7.500692e-02 -4.473712e+01  0.000000e+00 
3  3.948140e+01  2.988688e+01  3.170000e+03  4.579365e-01 6 -1.000000e+00  5.162386e+01 1  12.4688 -1.640727e-02  3.823844e-01 -1 -1.0000 -1.000000e+00 -1.000000e+00 -1.000000e+00 -1.000000e+00 -1.000000e+00 -1.000000e+00 -1 -1.0000 -1.000000e+00 -1.000000e+00 -1.000000e+00 -1.000000e+00 -1.000000e+00 -1.000000e+00  0  0.8240  8.858149e+11  0.000000e+00  0.000000e+00  1.639165e-01 -1.462146e+02  1.071536e+01  1  0.8240  3.205708e+10  0.000000e+00  0.000000e+00  2.114112e-01 -1.794405e+02  1.347448e-01  2  0.8240  1.246880e+01  0.000000e+00  0.000000e+00  2.270386e-01  1.000719e+02  0.000000e+00 
3  6.652219e+01  5.439468e+01  8.770000e+03  1.770621e+00 6 -1.000000e+00  9.571168e+01 1  15.9142 -2.920520e-01  6.172464e-01 -1 -1.0000 -1.000000e+00 -1.000000e+00 -1.000000e+00 -1.000000e+00 -1.000000e+00 -1.000000e+00 -1 -1.0000 -1.000000e+00 -1.000000e+00 -1.000000e+00 -1.000000e+00 -1.000000e+00 -1.000000e+00  0  1.0020  2.042315e+13  0.000000e+00  0.000000e+00  3.980793e-01 -7.131160e+01  2.711768e+00  1  1.0020  1.618587e+11  0.000000e+00  0.000000e+00  5.651909e-01 -9.572592e+01  9.957984e-02  2  1.0020  1.591420e+01  0.000000e+00  0.000000e+00  1.840321e-01 -1.006384e+02  0.000000e+00 
2  1.417765e+02  6.113853e+01  7.128000e+03  6.770606e-01 6 -1.000000e+00  1.677623e+02 1  16.9346 -4.851749e-01 -7.176599e-01 -1 -1.0000 -1.000000e+00 -1.000000e+00 -1.000000e+00 -1.000000e+00 -1.000000e+00 -1.000000e+00 -1 -1.0000 -1.000000e+00 -1.000000e+00 -1.000000e+00 -1.000000e+00 -1.000000e+00 -1.000000e+00  0  1.0570  1.848209e+12  0.000000e+00  0.000000e+00  6.666664e-02  1.768101e+02  4.641559e+00  1  1.0570  9.228926e+10  0.000000e+00  0.000000e+00  3.016285e-01  1.651983e+02  3.381362e-02  2  1.0570  1.693460e+01  0.000000e+00  0.000000e+00  2.345691e-01  6.442639e+01  0.000000e+00 
3  4.532872e+01  2.293805e+01  2.954000e+03  5.420124e-01 6 -1.000000e+00  9.093748e+01 2  10.2480  3.413317e-01  1.785401e-01 -1 -1.0000 -1.000000e+00 -1.000000e+00 -1.000000e+00 -1.000000e+00 -1.000000e+00 -1.000000e+00 -1 -1.0000 -1.000000e+00 -1.000000e+00 -1.000000e+00 -1.000000e+00 -1.000000e+00 -1.000000e+00  0  1.3710  1.152990e+12  0.000000e+00  0.000000e+00  2.438574e-01  1.215100e+02  1.041035e+01  1  1.3710  2.838843e+10  0.000000e+00  0.000000e+00  3.605673e-01  4.403025e+01  3.385944e-02  2  1.3710  1.024800e+01  0.000000e+00  0.000000e+00  4.438639e-02  1.068734e+02  0.000000e+00 
3  2.141245e+01  1.585277e+01  9.670000e+02  1.063177e-01 6 -1.000000e+00  2.761183e+01 1  15.9248 -2.196274e-02  7.285869e-02 -1 -1.0000 -1.000000e+00 -1.000000e+00 -1.000000e+00 -1.000000e+00 -1.000000e+00 -1.000000e+00 -1 -1.0000 -1.000000e+00 -1.000000e+00 -1.000000e+00 -1.000000e+00 -1.000000e+00 -1.000000e+00  0  1.9920  3.386507e+11  0.000000e+00  0.000000e+00  3.674115e-01  1.123307e+02  3.572860e+00  1  1.9920  2.421165e+09  0.000000e+00  0.000000e+00  2.054118e-01  6.591821e+01  1.864926e-02  2  1.9920  1.592480e+01  0.000000e+00  0.000000e+00  1.640075e-01 -9.379807e+01  0.000000e+00 
3  3.814732e+01  9.466682e+01  1.150000e+03  4.388608e+00 6 -1.000000e+00  9.838772e+01 3  12.5684  4.407089e-01  2.613846e-01 -1 -1.0000 -1.000000e+00 -1.000000e+00 -1.000000e+00 -1.000000e+00 -1.000000e+00 -1.000000e+00 -1 -1.0000 -1.000000e+00 -1.000000e+00 -1.000000e+00 -1.000000e+00 -1.000000e+00 -1.000000e+00  0  0.2720  1.605460e+14  0.000000e+00  0.000000e+00  2.807723e-01  1.005026e+02  5.286518e+00  1  0.2720  6.346067e+11  0.000000e+00  0.000000e+00  7.786068e-02  9.358108e+01  2.018990e+00  2  0.2720  1.256840e+01  0.000000e+00  0.000000e+00  1.262441e-01 -1.478167e+02  0.000000e+00 
1  1.272771e+02  2.253697e+02  1.217000e+03  4.495693e+00 0 -1.000000e+00  2.253697e+02 2  14.1233  2.614829e+00 -6.781456e-01 -1 -1.0000 -1.000000e+00 -1.000000e+00 -1.000000e+00 -1.000000e+00 -1.000000e+00 -1.000000e+00 -1 -1.0000 -1.000000e+00 -1.000000e+00 -1.000000e+00 -1.000000e+00 -1.000000e+00 -1.000000e+00  0  0.8230  8.144032e+13  0.000000e+00  0.000000e+00  4.077688e-01 -1.412404e+02  5.342125e+00  1  0.8230  4.089568e+11  0.000000e+00  0.000000e+00  1.459117e-01 -1.048221e+02  4.039612e-01  2  0.8230  1.412330e+01  0.000000e+00  0.000000e+00  1.184474e-01 -1.031111e+02  0.000000e+00 
3  2.221569e+02  3.325112e+02  3.424000e+03  1.429150e+00 6 -1.000000e+00  4.489188e+02 3   8.7565  5.811693e-01  1.308633e-01 -1 -1.0000 -1.000000e+00 -1.000000e+00 -1.000000e+00 -1.000000e+00 -1.000000e+00 -1.000000e+00 -1 -1.0000 -1.000000e+00 -1.000000e+00 -1.000000e+00 -1.000000e+00 -1.000000e+00 -1.000000e+00  0  0.8380  1.479784e+13  0.000000e+00  0.000000e+00  3.062350e-01  1.523781e+02  7.076950e+00  1  0.8380  1.090543e+11  0.000000e+00  0.000000e+00  2.385918e-01  1.743450e+02  1.655786e-01  2  0.8380  8.756510e+00  0.000000e+00  0.000000e+00  1.859846e-01 -1.237191e+02  0.000000e+00 
1  3.157394e+01  6.393402e+01  4.036000e+03  3.517328e-02 0 -1.000000e+00  6.393402e+01 2  14.5711 -3.906720e-02 -5.558410e-03 -1 -1.0000 -1.000000e+00 -1.000000e+00 -1.000000e+00 -1.000000e+00 -1.000000e+00 -1.000000e+00 -1 -1.0000 -1.000000e+00 -1.000000e+00 -1.000000e+00 -1.000000e+00 -1.000000e+00 -1.000000e+00  0  1.1500  1.403141e+11  0.000000e+00  0.000000e+00  2.281247e-01  3.292203e+01  7.271219e+00  1  1.1500  4.852582e+08  0.000000e+00  0.000000e+00  4.198106e-01  8.925710e+01  5.394383e-02  2  1.1500  1.457110e+01  0.000000e+00  0.000000e+00  1.419839e-01 -7.319195e+01  0.000000e+00 
1  1.765416e+01  4.407257e+01  3.914000e+03  1.658665e+00 0 -1.000000e+00  4.407257e+01 2  17.7937 -4.023601e+00  4.870653e-01 -1 -1.0000 -1.000000e+00 -1.000000e+00 -1.000000e+00 -1.000000e+00 -1.000000e+00 -1.000000e+00 -1 -1.0000 -1.000000e+00 -1.000000e+00 -1.000000e+00 -1.000000e+00 -1.000000e+00 -1.000000e+00  0  1.3380  3.055734e+13  0.000000e+00  0.000000e+00  2.995453e-01  8.949232e+01  2.997006e+00  1  1.3380  1.302142e+11  0.000000e+00  0.000000e+00  2.008212e-01  1.167550e+02  1.477192e-01  2  1.3380  1.779370e+01  0.000000e+00  0.000000e+00  4.012584e-01 -9.658997e+01  0.000000e+00 
3  3.351221e+02  1.750666e+02  4.307000e+03  6.861738e-01 6 -1.000000e+00  4.862108e+02 1  15.3456 -2.759647e-02  5.085080e-01 -1 -1.0000 -1.000000e+00 -1.000000e+00 -1.000000e+00 -1.000000e+00 -1.000000e+00 -1.000000e+00 -1 -1.0000 -1.000000e+00 -1.000000e+00 -1.000000e+00 -1.000000e+00 -1.000000e+00 -1.000000e+00  0  1.4810  2.747606e+12  0.000000e+00  0.000000e+00  2.926224e-01  1.423217e+02  6.320959e+00  1  1.4810  6.375127e+10  0.000000e+00  0.000000e+00  3.061940e-01  2.189438e+02  1.216178e-01  2  1.4810  1.534560e+01  0.000000e+00  0.000000e+00  1.716704e-01 -2.881124e+01  0.000000e+00 
3  1.940933e+02  9.551798e+01  8.766000e+03  1.866663e-01 6 -1.000000e+00  2.542616e+02 1  11.9378 -2.140223e-01 -3.535768e-03 -1 -1.0000 -1.000000e+00 -1.000000e+00 -1.000000e+00 -1.000000e+00 -1.000000e+00 -1.000000e+00 -1 -1.0000 -1.000000e+00 -1.000000e+00 -1.000000e+00 -1.000000e+00 -1.000000e+00 -1.000000e+00  0  2.7360  1.009458e+12  0.000000e+00  0.000000e+00  2.082340e-01  3.672559e+01  3.071063e+00  1  2.7360  1.111900e+10  0.000000e+00  0.000000e+00  4.810288e-01 -3.942810e+01  1.731469e-02  2  2.7360  1.193780e+01  0.000000e+00  0.000000e+00  1.995076e-01  1.673742e+02  0.000000e+00 
3  8.390491e+00  3.735295e+00  1.521000e+03  2.880885e-01 6 -1.000000e+00  9.904507e+00 1  14.0391 -2.386093e-01  2.021636e-01 -1 -1.0000 -1.000000e+00 -1.000000e+00 -1.000000e+00 -1.000000e+00 -1.000000e+00 -1.000000e+00 -1 -1.0000 -1.000000e+00 -1.000000e+00 -1.000000e+00 -1.000000e+00 -1.000000e+00 -1.000000e+00  0  0.6090  5.895853e+11  0.000000e+00  0.000000e+00  2.425968e-01  2.522899e+01  4.257095e+00  1  0.6090  1.755068e+10  0.000000e+00  0.000000e+00  1.180821e-01 -9.729674e+00  9.348371e-02  2  0.6090  1.403910e+01  0.000000e+00  0.000000e+00  2.200463e-01  1.776072e+02  0.000000e+00 
1  1.818449e+01  3.555658e+01  9.347000e+03  1.371383e+00 0  2.803869e-01  3.555658e+01 2  16.9314 -2.612891e+00  8.403360e-01  0  0.8670  3.498543e+12  0.000000e+00  0.000000e+00  2.295626e-01 -1.213834e+02  1.354743e+01  1  0.8670  6.777506e+10  0.000000e+00  0.000000e+00  7.400235e-02 -1.425536e+02  1.295336e-01  2  0.8670  1.306111e+13 -1.892594e+01  1.183913e+01  4.159037e-01 -1.234853e+02  4.039511e+00  3  0.8670  1.733754e+11 -1.892594e+01  1.183913e+01  5.000634e-01 -1.164125e+02  1.420808e-01  4  0.8670  1.693140e+01  0.000000e+00  0.000000e+00  1.392339e-01  1.213461e+02  0.000000e+00 
3  3.782317e+01  2.317037e+01  5.922000e+03  8.462023e-01 6 -1.000000e+00  6.021183e+01 1   7.1883 -1.742115e-01  4.624637e-01 -1 -1.0000 -1.000000e+00 -1.000000e+00 -1.000000e+00 -1.000000e+00 -1.000000e+00 -1.000000e+00 -1 -1.0000 -1.000000e+00 -1.000000e+00 -1.000000e+00 -1.000000e+00 -1.000000e+00 -1.000000e+00  0  1.2350  2.673692e+12  0.000000e+00  0.000000e+00  2.175093e-01 -1.285151e+02  9.959397e+00  1  1.2350  4.904048e+10  0.000000e+00  0.000000e+00  1.954690e-01 -1.112517e+02  3.806507e-02  2  1.2350  7.188300e+00  0.000000e+00  0.000000e+00  6.876258e-02  6.452695e+01  0.000000e+00 
3  1.161391e+01  1.422139e+01  6.495000e+03  4.770318e-01 6 -1.000000e+00  1.775935e+01 1  10.2494 -1.595297e-01  1.632580e-01 -1 -1.0000 -1.000000e+00 -1.000000e+00 -1.000000e+00 -1.000000e+00 -1.000000e+00 -1.000000e+00 -1 -1.0000 -1.000000e+00 -1.000000e+00 -1.000000e+00 -1.000000e+00 -1.000000e+00 -1.000000e+00  0  1.4130  2.491005e+12  0.000000e+00  0.000000e+00  1.564267e-03 -1.609852e+02  4.289526e+00  1  1.4130  5.185809e+10  0.000000e+00  0.000000e+00  3.615233e-01 -1.936538e+02  3.516125e-02  2  1.4130  1.024940e+01  0.000000e+00  0.000000e+00  1.186343e-01 -7.314766e+01  0.000000e+00 
2  9.472066e+01  9.547646e+01  6.663000e+03  6.739619e-01 6 -1.000000e+00  1.304249e+02 1   6.1647  3.938694e-01  1.502674e-01 -1 -1.0000 -1.000000e+00 -1.000000e+00 -1.000000e+00 -1.000000e+00 -1.000000e+00 -1.000000e+00 -1 -1.0000 -1.000000e+00 -1.000000e+00 -1.000000e+00 -1.000000e+00 -1.000000e+00 -1.000000e+00  0  1.9240  4.223969e+12  0.000000e+00  0.000000e+00  1.753303e-01 -8.881241e+00  4.919813e+00  1  1.9240  7.413462e+10  0.000000e+00  0.000000e+00  1.543413e-01 -7.121641e+01  2.880259e-02  2  1.9240  6.164750e+00  0.000000e+00  0.000000e+00  1.865615e-01 -1.571367e+02  0.000000e+00 
1  8.198263e+01  1.509403e+02  3.490000e+03  3.337223e+00 0 -1.000000e+00  1.509403e+02 2   9.3500  3.517441e-01  2.986378e+00 -1 -1.0000 -1.000000e+00 -1.000000e+00 -1.000000e+00 -1.000000e+00 -1.000000e+00 -1.000000e+00 -1 -1.0000 -1.000000e+00 -1.000000e+00 -1.000000e+00 -1.000000e+00 -1.000000e+00 -1.000000e+00  0  0.3660  1.293353e+14  0.000000e+00  0.000000e+00  2.224883e-01  1.729808e+02  5.671849e+00  1  0.3660  5.424122e+11  0.000000e+00  0.000000e+00  6.008500e-01  1.526623e+02  2.256664e+00  2  0.3660  9.350020e+00  0.000000e+00  0.000000e+00  1.858944e-01 -1.404730e+02  0.000000e+00 
3  6.090729e+01  1.145183e+02  9.603000e+03  2.536512e+00 6 -1.000000e+00  1.855910e+02 3  14.3935  3.003811e-01  2.596487e-01 -1 -1.0000 -1.000000e+00 -1.000000e+00 -1.000000e+00 -1.000000e+00 -1.000000e+00 -1.000000e+00 -1 -1.0000 -1.000000e+00 -1.000000e+00 -1.000000e+00 -1.000000e+00 -1.000000e+00 -1.000000e+00  0  1.1360  1.292134e+13  0.000000e+00  0.000000e+00  2.960912e-01  9.980663e+01  9.205684e+00  1  1.1360  8.116271e+10  0.000000e+00  0.000000e+00  1.566754e-02  1.214249e+02  1.523780e-01  2  1.1360  1.439350e+01  0.000000e+00  0.000000e+00  7.251311e-02 -2.044318e+00  0.000000e+00 
4  4.775431e+01  1.029358e+02  5.670000e+03  3.096722e+00 6 -1.000000e+00  1.183830e+02 3  11.2026  3.740496e-01  5.730955e-01 -1 -1.0000 -1.000000e+00 -1.000000e+00 -1.000000e+00 -1.000000e+00 -1.000000e+00 -1.000000e+00 -1 -1.0000 -1.000000e+00 -1.000000e+00 -1.000000e+00 -1.000000e+00 -1.000000e+00 -1.000000e+00  0  1.1710  3.860310e+13  0.000000e+00  0.000000e+00  2.403057e-01 -4.931964e+01  5.757130e+00  1  1.1710  1.616795e+11  0.000000e+00  0.000000e+00  3.552334e-01  4.006021e+01  6.668506e-02  2  1.1710  1.120260e+01  0.000000e+00  0.000000e+00  1.090036e-01 -3.147045e+01  0.000000e+00 
3  1.413890e+02  7.926991e+01  5.463000e+03  3.596209e-01 6 -1.000000e+00  1.864017e+02 1  10.3279  1.815729e-01  2.412629e-01 -1 -1.0000 -1.000000e+00 -1.000000e+00 -1.000000e+00 -1.000000e+00 -1.000000e+00 -1.000000e+00 -1 -1.0000 -1.000000e+00 -1.000000e+00 -1.000000e+00 -1.000000e+00 -1.000000e+00 -1.000000e+00  0  1.6620  9.634632e+11  0.000000e+00  0.000000e+00  2.665038e-01 -6.006426e+01  4.949798e+00  1  1.6620  2.207586e+10  0.000000e+00  0.000000e+00  4.708670e-01 -1.125890e+02  7.421110e-02  2  1.6620  1.032790e+01  0.000000e+00  0.000000e+00  2.177219e-01 -1.381185e+02  0.000000e+00 
3  1.292296e+02  9.801524e+01  4.760000e+03  2.372869e+00 6 -1.000000e+00  2.507657e+02 3  11.7902 -9.442436e-01  5.227570e-01 -1 -1.0000 -1.000000e+00 -1.000000e+00 -1.000000e+00 -1.000000e+00 -1.000000e+00 -1.000000e+00 -1 -1.0000 -1.000000e+00 -1.000000e+00 -1.000000e+00 -1.000000e+00 -1.000000e+00 -1.000000e+00  0  0.5660  1.753154e+13  0.000000e+00  0.000000e+00  2.782900e-01 -9.422400e+01  6.943257e+00  1  0.5660  2.133327e+11  0.000000e+00  0.000000e+00  3.807002e-01 -7.387108e+01  1.942531e-01  2  0.5660  1.179020e+01  0.000000e+00  0.000000e+00  6.622239e-02  5.105882e-01  0.000000e+00 
3  6.281447e+01  2.789170e+01  2.559000e+03  7.390639e-01 6 -1.000000e+00  8.035624e+01 1  12.6982 -6.402357e-01  6.619187e-01 -1 -1.0000 -1.000000e+00 -1.000000e+00 -1.000000e+00 -1.000000e+00 -1.000000e+00 -1.000000e+00 -1 -1.0000 -1.000000e+00 -1.000000e+00 -1.000000e+00 -1.000000e+00 -1.000000e+00 -1.000000e+00  0  0.6940  1.021653e+13  0.000000e+00  0.000000e+00  3.891496e-01 -1.964857e+01  3.356923e+00  1  0.6940  8.881735e+10  0.000000e+00  0.000000e+00  3.163766e-01  1.013501e+01  9.040199e-02  2  0.6940  1.269820e+01  0.000000e+00  0.000000e+00  1.782020e-01  1.393993e+02  0.000000e+00 
3  4.201239e+01  2.714044e+01  2.819000e+03  3.427185e-01 6 -1.000000e+00  5.802967e+01 1  13.7120 -7.925261e-02 -1.960189e-01 -1 -1.0000 -1.000000e+00 -1.000000e+00 -1.000000e+00 -1.000000e+00 -1.000000e+00 -1.000000e+00 -1 -1.0000 -1.000000e+00 -1.000000e+00 -1.000000e+00 -1.000000e+00 -1.000000e+00 -1.000000e+00  0  0.8660  7.281698e+11  0.000000e+00  0.000000e+00  4.008117e-01 -3.679552e+01  6.831905e+00  1  0.8660  1.651605e+10  0.000000e+00  0.000000e+00  2.686134e-01 -9.856264e+01  9.661243e-02  2  0.8660  1.371200e+01  0.000000e+00  0.000000e+00  1.640482e-01  1.039356e+02  0.000000e+00 
1  1.873454e+01  4.153626e+01  1.535000e+03  7.907215e-03 0 -1.000000e+00  4.153626e+01 2   7.4823  4.722959e-03  1.387525e-02 -1 -1.0000 -1.000000e+00 -1.000000e+00 -1.000000e+00 -1.000000e+00 -1.000000e+00 -1.000000e+00 -1 -1.0000 -1.000000e+00 -1.000000e+00 -1.000000e+00 -1.000000e+00 -1.000000e+00 -1.000000e+00  0  0.9380  2.584688e+10  0.000000e+00  0.000000e+00  2.203371e-01 -1.783070e+02  1.919112e+01  1  0.9380  2.130811e+07  0.000000e+00  0.000000e+00  3.214949e-01 -1.756760e+02  4.168912e-02  2  0.9380  7.482260e+00  0.000000e+00  0.000000e+00  7.084588e-02 -6.512889e+01  0.000000e+00 
3  2.274782e+02  2.470810e+02  8.400000e+02  1.112548e+00 6  2.829077e-01  3.450948e+02 1  10.9944 -5.412087e+00 -4.073592e+00  0  1.1570  2.052830e+12  0.000000e+00  0.000000e+00  1.700902e-01 -8.639282e+01  1.026872e+01  1  1.1570  5.590218e+10  0.000000e+00  0.000000e+00  5.828917e-01 -9.735634e+01  4.933136e-02  2  1.1570  1.038644e+14 -2.602116e+01 -2.379456e+01  3.571900e-01 -1.341378e+01  3.175336e+00  3  1.1570  2.612836e+11 -2.602116e+01 -2.379456e+01  2.296547e-01  1.666149e+01  2.326466e-01  4  1.1570  1.099440e+01  0.000000e+00  0.000000e+00  7.974227e-02  1.416675e+02  0.000000e+00 
3  3.297335e+01  1.105092e+01  3.908000e+03  2.042022e+00 6 -1.000000e+00  5.921576e+01 2   3.5059  5.868553e-01  1.417100e+00 -1 -1.0000 -1.000000e+00 -1.000000e+00 -1.000000e+00 -1.000000e+00 -1.000000e+00 -1.000000e+00 -1 -1.0000 -1.000000e+00 -1.000000e+00 -1.000000e+00 -1.000000e+00 -1.000000e+00 -1.000000e+00  0  0.8320  4.732199e+13  0.000000e+00  0.000000e+00  3.515095e-01  1.255971e+02  4.301540e+00  1  0.8320  2.591339e+11  0.000000e+00  0.000000e+00  4.883476e-01  1.145782e+02  2.338596e-01  2  0.8320  3.505850e+00  0.000000e+00  0.000000e+00  2.025291e-02  1.491262e+01  0.000000e+00 
3  1.254315e+01  5.495153e+00  1.733000e+03  7.510576e-01 6 -1.000000e+00  1.581232e+01 1  17.9888  8.174356e-01  1.569134e-02 -1 -1.0000 -1.000000e+00 -1.000000e+00 -1.000000e+00 -1.000000e+00 -1.000000e+00 -1.000000e+00 -1 -1.0000 -1.000000e+00 -1.000000e+00 -1.000000e+00 -1.000000e+00 -1.000000e+00 -1.000000e+00  0  0.9910  2.350145e+12  0.000000e+00  0.000000e+00  1.938972e-03 -1.268178e+01  4.599530e+00  1  0.9910  9.708837e+10  0.000000e+00  0.000000e+00  2.524764e-01  3.451058e+01  8.885737e-02  2  0.9910  1.798880e+01  0.000000e+00  0.000000e+00  9.965310e-02  1.623596e+02  0.000000e+00 
3  3.044492e+02  1.451017e+02  4.891000e+03  4.899651e-01 6 -1.000000e+00  4.147440e+02 1  10.7863 -1.173269e-02 -4.320746e-01 -1 -1.0000 -1.000000e+00 -1.000000e+00 -1.000000e+00 -1.000000e+00 -1.000000e+00 -1.000000e+00 -1 -1.0000 -1.000000e+00 -1.000000e+00 -1.000000e+00 -1.000000e+00 -1.000000e+00 -1.000000e+00  0  1.6360  1.788756e+12  0.000000e+00  0.000000e+00  2.318563e-01 -1.357904e+02  2.546902e+00  1  1.6360  6.145183e+10  0.000000e+00  0.000000e+00  2.729683e-01 -1.358062e+02  5.777866e-02  2  1.6360  1.078630e+01  0.000000e+00  0.000000e+00  4.649523e-02  1.939509e+01  0.000000e+00 
1  1.647800e+02  3.042092e+02  4.699000e+03  1.161871e-01 0  2.729389e-01  3.042092e+02 2   8.7639  7.565530e-02  2.082340e-01  0  2.1420  2.197158e+11  0.000000e+00  0.000000e+00  2.324983e-01 -1.530466e+02  1.216815e+01  1  2.1420  1.807781e+09  0.000000e+00  0.000000e+00  4.135690e-01 -1.362644e+02  6.664585e-02  2  2.1420  6.511929e+11  2.867376e+00  3.320660e+00  2.804845e-01 -2.940318e+01  4.900791e+00  3  2.1420  6.882510e+09  2.867376e+00  3.320660e+00  2.954885e-01 -4.924824e+00  1.489702e-02  4  2.1420  8.763940e+00  0.000000e+00  0.000000e+00  5.640475e-02  6.470836e+01  0.000000e+00 
3  6.713660e+01  3.191435e+01  5.227000e+03  1.141964e+00 6 -1.000000e+00  1.357009e+02 2  14.7421  5.056214e-01 -4.928193e-01 -1 -1.0000 -1.000000e+00 -1.000000e+00 -1.000000e+00 -1.000000e+00 -1.000000e+00 -1.000000e+00 -1 -1.0000 -1.000000e+00 -1.000000e+00 -1.000000e+00 -1.000000e+00 -1.000000e+00 -1.000000e+00  0  0.5700  3.827027e+12  0.000000e+00  0.000000e+00  1.817423e-01 -1.349217e+02  1.074257e+01  1  0.5700  5.815865e+10  0.000000e+00  0.000000e+00  4.022237e-01 -1.002089e+02  1.812029e-01  2  0.5700  1.474210e+01  0.000000e+00  0.000000e+00  1.161654e-01  6.210040e+01  0.000000e+00 
3  2.812746e+01  2.730292e+01  7.403000e+03  9.189129e-01 6 -1.000000e+00  7.064867e+01 3   8.7758 -3.244835e-01 -1.694201e-01 -1 -1.0000 -1.000000e+00 -1.000000e+00 -1.000000e+00 -1.000000e+00 -1.000000e+00 -1.000000e+00 -1 -1.0000 -1.000000e+00 -1.000000e+00 -1.000000e+00 -1.000000e+00 -1.000000e+00 -1.000000e+00  0  0.6810  5.461355e+12  0.000000e+00  0.000000e+00  7.423306e-02 -1.347906e+02  6.790067e+00  1  0.6810  7.588755e+10  0.000000e+00  0.000000e+00  1.627594e-01 -1.263454e+02  1.570346e-01  2  0.6810  8.775760e+00  0.000000e+00  0.000000e+00  1.052656e-01 -5.278321e+01  0.000000e+00 
3  2.795803e+01  5.212960e+01  8.632000e+03  1.284115e+00 6 -1.000000e+00  7.262707e+01 3   8.4274 -3.355710e-01 -5.091355e-02 -1 -1.0000 -1.000000e+00 -1.000000e+00 -1.000000e+00 -1.000000e+00 -1.000000e+00 -1.000000e+00 -1 -1.0000 -1.000000e+00 -1.000000e+00 -1.000000e+00 -1.000000e+00 -1.000000e+00 -1.000000e+00  0  0.8170  1.353799e+13  0.000000e+00  0.000000e+00  3.085265e-01 -1.622320e+02  5.845233e+00  1  0.8170  1.507394e+11  0.000000e+00  0.000000e+00  2.206888e-01 -1.519560e+02  2.068421e-01  2  0.8170  8.427420e+00  0.000000e+00  0.000000e+00  5.265486e-03 -6.612712e+01  0.000000e+00 
3  1.720908e+01  1.275595e+01  5.375000e+03  4.882429e-01 6 -1.000000e+00  3.708076e+01 3  13.2601  4.194729e-02 -2.691615e-01 -1 -1.0000 -1.000000e+00 -1.000000e+00 -1.000000e+00 -1.000000e+00 -1.000000e+00 -1.000000e+00 -1 -1.0000 -1.000000e+00 -1.000000e+00 -1.000000e+00 -1.000000e+00 -1.000000e+00 -1.000000e+00  0  1.1690  3.541902e+12  0.000000e+00  0.000000e+00  1.827681e-01 -1.570108e+02  4.901936e+00  1  1.1690  5.849548e+10  0.000000e+00  0.000000e+00  4.918066e-01 -1.576155e+02  1.793810e-01  2  1.1690  1.326010e+01  0.000000e+00  0.000000e+00  4.871198e-02 -1.585023e+02  0.000000e+00 
3  2.802863e+01  1.314018e+01  2.160000e+02  2.108500e-01 6 -1.000000e+00  3.404625e+01 1   8.2530 -1.546550e-01  2.128256e-01 -1 -1.0000 -1.000000e+00 -1.000000e+00 -1.000000e+00 -1.000000e+00 -1.000000e+00 -1.000000e+00 -1 -1.0000 -1.000000e+00 -1.000000e+00 -1.000000e+00 -1.000000e+00 -1.000000e+00 -1.000000e+00  0  1.7880  8.000514e+11  0.000000e+00  0.000000e+00  2.923626e-01  1.646356e+02  3.493381e+00  1  1.7880  1.531368e+10  0.000000e+00  0.000000e+00  4.459341e-01  1.349867e+02  4.519133e-02  2  1.7880  8.252950e+00  0.000000e+00  0.000000e+00  1.940965e-01  1.227604e+02  0.000000e+00 
1  3.819203e+01  7.525930e+01  1.696000e+03  5.130492e-03 0  2.726832e-01  7.525930e+01 2   5.7430  2.197650e-02 -7.627687e-03  0  2.3310  2.950933e+10  0.000000e+00  0.000000e+00  3.506275e-01  8.535471e+01  1.397880e+01  1  2.3310  5.866594e+07  0.000000e+00  0.000000e+00  2.449843e-01  9.449017e+01  9.434500e-02  2  2.3310  7.729072e+10  1.287151e+00  1.817626e-01  3.736989e-01 -3.022782e+01  2.311320e+00  3  2.3310  1.765399e+08  1.287151e+00  1.817626e-01  1.785436e-01 -2.717486e+01  3.406714e-02  4  2.3310  5.743020e+00  0.000000e+00  0.000000e+00  1.209902e-01  1.105706e+02  0.000000e+00 
3  1.050258e+02  4.423216e+01  9.689000e+03  4.740199e-01 6 -1.000000e+00  1.377855e+02 1  15.3460 -5.392236e-01  3.493781e-01 -1 -1.0000 -1.000000e+00 -1.000000e+00 -1.000000e+00 -1.000000e+00 -1.000000e+00 -1.000000e+00 -1 -1.0000 -1.000000e+00 -1.000000e+00 -1.000000e+00 -1.000000e+00 -1.000000e+00 -1.000000e+00  0  0.3550  8.876134e+11  0.000000e+00  0.000000e+00  2.981029e-01 -1.727016e+02  6.787454e+00  1  0.3550  4.740664e+10  0.000000e+00  0.000000e+00  4.612510e-01 -1.655859e+02  1.808907e-01  2  0.3550  1.534600e+01  0.000000e+00  0.000000e+00  1.676232e-01  9.096515e+01  0.000000e+00 
3  1.930800e+02  5.316415e+02  7.087000e+03  4.141509e-01 6 -1.000000e+00  5.476089e+02 3  16.1266 -1.856693e-01 -1.673466e-01 -1 -1.0000 -1.000000e+00 -1.000000e+00 -1.000000e+00 -1.000000e+00 -1.000000e+00 -1.000000e+00 -1 -1.0000 -1.000000e+00 -1.000000e+00 -1.000000e+00 -1.000000e+00 -1.000000e+00 -1.000000e+00  0  1.8570  1.328234e+12  0.000000e+00  0.000000e+00  5.714104e-02  1.054213e+02  5.654276e+00  1  1.8570  3.335433e+10  0.000000e+00  0.000000e+00  9.919098e-02  1.346742e+02  1.600799e-01  2  1.8570  1.612660e+01  0.000000e+00  0.000000e+00  3.037883e-01 -4.246727e+01  0.000000e+00 
5  2.724962e+01  6.615724e+01  1.906000e+03  4.579484e-01 6 -1.000000e+00  7.404563e+01 3   4.6945 -4.788537e-03 -1.726357e-02 -1 -1.0000 -1.000000e+00 -1.000000e+00 -1.000000e+00 -1.000000e+00 -1.000000e+00 -1.000000e+00 -1 -1.0000 -1.000000e+00 -1.000000e+00 -1.000000e+00 -1.000000e+00 -1.000000e+00 -1.000000e+00  0  1.2280  2.613105e+12  0.000000e+00  0.000000e+00  2.314164e-01 -1.573644e+02  4.615485e+00  1  1.2280  6.917941e+10  0.000000e+00  0.000000e+00  3.848443e-01 -1.888306e+02  6.161375e-02  2  1.2280  4.694500e+00  0.000000e+00  0.000000e+00  9.405478e-02 -5.613393e+01  0.000000e+00 
1  1.362665e+02  2.428193e+02  8.221000e+03  5.632993e-01 0  2.729889e-01  2.428193e+02 2  15.3429  1.280995e+00  1.167822e+00  0  1.7550  9.805477e+11  0.000000e+00  0.000000e+00  2.556539e-01 -1.180760e+02  8.732371e+00  1  1.7550  2.854836e+10  0.000000e+00  0.000000e+00  5.813534e-01 -6.892111e+01  6.158688e-02  2  1.7550  2.376236e+12  3.549818e+00  3.921117e+00  1.854459e-01 -1.421937e+02  3.242117e+00  3  1.7550  7.108746e+10  3.549818e+00  3.921117e+00  8.175826e-02 -1.356215e+02  2.974841e-02  4  1.7550  1.534290e+01  0.000000e+00  0.000000e+00  2.467867e-01 -4.852391e+01  0.000000e+00 
1  1.902198e+02  4.270219e+02  7.260000e+02  1.902154e+00 0  2.928546e-01  4.270219e+02 2  13.0348  7.492579e+00  1.517346e-01  0  0.6070  4.493016e+12  0.000000e+00  0.000000e+00  2.477568e-01  1.126796e+02  1.485461e+01  1  0.6070  7.749122e+10  0.000000e+00  0.000000e+00  2.987194e-01  6.509257e+01  2.100858e-01  2  0.6070  6.821923e+13  1.979479e+01 -1.155534e+00  2.618681e-01  9.874214e+01  6.942403e+00  3  0.6070  2.212959e+11  1.979479e+01 -1.155534e+00  4.193601e-01  5.872478e+01  3.203105e-01  4  0.6070  1.303480e+01  0.000000e+00  0.000000e+00  1.475820e-01  1.513841e+02  0.000000e+00 
3  1.240262e+01  8.346956e+00  1.307000e+03  4.268946e-01 6 -1.000000e+00  1.758540e+01 1  15.3461  4.158363e-01  5.845724e-04 -1 -1.0000 -1.000000e+00 -1.000000e+00 -1.000000e+00 -1.000000e+00 -1.000000e+00 -1.000000e+00 -1 -1.0000 -1.000000e+00 -1.000000e+00 -1.000000e+00 -1.000000e+00 -1.000000e+00 -1.000000e+00  0  1.2440  2.279353e+12  0.000000e+00  0.000000e+00  3.457870e-01  1.726959e+02  2.380023e+00  1  1.2440  7.269092e+10  0.000000e+00  0.000000e+00  3.623702e-01  1.492047e+02  2.165487e-01  2  1.2440  1.534610e+01  0.000000e+00  0.000000e+00  8.876227e-02 -9.620702e+01  0.000000e+00 
3  2.855414e+01  1.426240e+01  7.269000e+03  1.597666e-01 6 -1.000000e+00  3.993723e+01 1  14.5854  7.636629e-02  1.555754e-02 -1 -1.0000 -1.000000e+00 -1.000000e+00 -1.000000e+00 -1.000000e+00 -1.000000e+00 -1.000000e+00 -1 -1.0000 -1.000000e+00 -1.000000e+00 -1.000000e+00 -1.000000e+00 -1.000000e+00 -1.000000e+00  0  1.3520  3.905485e+11  0.000000e+00  0.000000e+00  2.861902e-01  6.758197e+01  4.283822e+00  1  1.3520  3.789280e+09  0.000000e+00  0.000000e+00  3.690479e-01  1.109467e+02  1.584241e-02  2  1.3520  1.458540e+01  0.000000e+00  0.000000e+00  2.438319e-01 -9.806814e+01  0.000000e+00 
3  1.539353e+01  9.497464e+00  8.035000e+03  6.902201e-01 6 -1.000000e+00  2.601577e+01 1  12.7195 -3.443463e-01  1.264481e-01 -1 -1.0000 -1.000000e+00 -1.000000e+00 -1.000000e+00 -1.000000e+00 -1.000000e+00 -1.000000e+00 -1 -1.0000 -1.000000e+00 -1.000000e+00 -1.000000e+00 -1.000000e+00 -1.000000e+00 -1.000000e+00  0  2.2950  4.210316e+12  0.000000e+00  0.000000e+00  5.389926e-02 -1.598274e+01  3.136307e+00  1  2.2950  7.342648e+10  0.000000e+00  0.000000e+00  4.030038e-01  5.805502e+01  3.220891e-02  2  2.2950  1.271950e+01  0.000000e+00  0.000000e+00  1.529402e-01  4.274707e+01  0.000000e+00 
2  6.870666e+01  3.697308e+01  3.644000e+03  8.595082e-01 6  2.813464e-01  1.278312e+02 2   9.5264 -9.823796e-02 -1.439136e+00  0  1.2360  1.385119e+12  0.000000e+00  0.000000e+00  3.976471e-01  6.482718e+01  1.238309e+01  1  1.2360  4.189802e+10  0.000000e+00  0.000000e+00  2.683976e-01  7.635040e+01  3.280521e-02  2  1.2360  1.143597e+13 -2.323433e+00 -6.785840e+00  8.166485e-02 -1.364828e+02  4.875830e+00  3  1.2360  1.229691e+11 -2.323433e+00 -6.785840e+00  2.790064e-01 -1.756867e+02  6.088750e-02  4  1.2360  9.526410e+00  0.000000e+00  0.000000e+00  9.903873e-02  1.329659e+02  0.000000e+00 
3  3.033859e+01  1.340928e+01  2.883000e+03  2.832942e-01 6  2.719812e-01  4.223798e+01 1  17.7786 -6.528523e-01  3.065633e-01  0  2.0910  6.500053e+11  0.000000e+00  0.000000e+00  3.582679e-01  1.758542e+02  4.730348e+00  1  2.0910  1.355291e+10  0.000000e+00  0.000000e+00  2.949075e-01  1.327575e+02  1.854599e-02  2  2.0910  1.516132e+12 -5.294259e+00  2.576157e+00  4.094950e-01  8.077640e+01  3.279861e+00  3  2.0910  3.607896e+10 -5.294259e+00  2.576157e+00  9.962167e-02  6.259637e+01  3.273893e-02  4  2.0910  1.777860e+01  0.000000e+00  0.000000e+00  7.603095e-02  2.370594e+01  0.000000e+00 
3  3.169458e+01  2.506073e+01  3.889000e+03  1.232854e+00 6 -1.000000e+00  4.261004e+01 1  12.6967 -2.756496e-01 -8.219869e-01 -1 -1.0000 -1.000000e+00 -1.000000e+00 -1.000000e+00 -1.000000e+00 -1.000000e+00 -1.000000e+00 -1 -1.0000 -1.000000e+00 -1.000000e+00 -1.000000e+00 -1.000000e+00 -1.000000e+00 -1.000000e+00  0  0.4310  7.326279e+12  0.000000e+00  0.000000e+00  3.341802e-01 -4.735956e+01  6.377478e+00  1  0.4310  1.226863e+11  0.000000e+00  0.000000e+00  4.186461e-01 -1.116680e+02  3.911028e-01  2  0.4310  1.269670e+01  0.000000e+00  0.000000e+00  2.009568e-01 -9.475098e+01  0.000000e+00 
3  3.045685e+02  3.072543e+02  3.869000e+03  2.666156e-01 6  2.847640e-01  4.978477e+02 1  13.6902 -8.583777e-01  6.121799e-01  0  1.6050  2.794258e+11  0.000000e+00  0.000000e+00  2.098572e-01  1.380438e+02  1.589802e+01  1  1.6050  5.527229e+09  0.000000e+00  0.000000e+00  1.613221e-01  1.732436e+02  2.046261e-02  2  1.6050  6.026206e+12 -1.827907e+01  1.258745e+01  2.691460e-01  1.654491e+02  2.524640e+00  3  1.6050  6.674188e+10 -1.827907e+01  1.258745e+01  2.432197e-01  1.566749e+02  3.655706e-02  4  1.6050  1.369020e+01  0.000000e+00  0.000000e+00  1.438965e-01  1.582117e+02  0.000000e+00 
1  2.028169e+02  3.513205e+02  4.110000e+02  5.197387e-02 0  2.714921e-01  3.513205e+02 2   9.3330  9.943566e-02 -3.262072e-02  0  2.4760  1.976411e+11  0.000000e+00  0.000000e+00  2.295370e-01 -2.667718e+01  5.156662e+00  1  2.4760  1.562881e+09  0.000000e+00  0.000000e+00  2.678048e-01 -1.358437e+00  3.514487e-02  2  2.4760  5.051046e+11  6.478186e+00  1.544995e+00  2.274381e-01  1.002677e+02  3.118359e+00  3  2.4760  5.857852e+09  6.478186e+00  1.544995e+00  2.038634e-01  1.090166e+02  5.366048e-02  4  2.4760  9.332960e+00  0.000000e+00  0.000000e+00  1.815169e-01 -4.949399e+01  0.000000e+00 
3  1.824932e+01  1.493722e+01  2.647000e+03  1.163587e+00 6  2.931115e-01  2.952754e+01 1   5.8185  2.896700e+00 -1.710245e+00  0  0.9090  1.539273e+12  0.000000e+00  0.000000e+00  1.809049e-01 -3.979081e+01  1.386347e+01  1  0.9090  8.577679e+10  0.000000e+00  0.000000e+00  3.291376e-01 -6.500823e+01  7.710082e-02  2  0.9090  4.018445e+13  7.670821e+00 -4.423701e+00  2.996880e-01 -5.567637e+01  6.044487e+00  3  0.9090  2.478439e+11  7.670821e+00 -4.423701e+00  2.490833e-01 -8.608617e+01  1.050570e-01  4  0.9090  5.818450e+00  0.000000e+00  0.000000e+00  9.137800e-02  1.252935e+02  0.000000e+00 
3  5.842331e+01  3.550935e+01  5.643000e+03  2.809731e-01 6 -1.000000e+00  8.094470e+01 1  11.3466 -1.622419e-01  5.749949e-02 -1 -1.0000 -1.000000e+00 -1.000000e+00 -1.000000e+00 -1.000000e+00 -1.000000e+00 -1.000000e+00 -1 -1.0000 -1.000000e+00 -1.000000e+00 -1.000000e+00 -1.000000e+00 -1.000000e+00 -1.000000e+00  0  1.2270  4.559126e+11  0.000000e+00  0.000000e+00  1.685183e-01 -1.880880e+01  7.347167e+00  1  1.2270  9.956660e+09  0.000000e+00  0.000000e+00  4.326155e-01 -7.661466e+01  5.262421e-02  2  1.2270  1.134660e+01  0.000000e+00  0.000000e+00  8.478000e-02  1.287849e+02  0.000000e+00 
3  9.444998e+01  4.844742e+01  4.979000e+03  8.004835e-01 6 -1.000000e+00  1.346730e+02 1  18.9165  1.579690e-01  5.793883e-01 -1 -1.0000 -1.000000e+00 -1.000000e+00 -1.000000e+00 -1.000000e+00 -1.000000e+00 -1.000000e+00 -1 -1.0000 -1.000000e+00 -1.000000e+00 -1.000000e+00 -1.000000e+00 -1.000000e+00 -1.000000e+00  0  1.4220  4.147954e+12  0.000000e+00  0.000000e+00  3.312414e-01 -6.500954e+01  3.207660e+00  1  1.4220  7.713462e+10  0.000000e+00  0.000000e+00  4.136441e-01 -7.766414e+01  1.515478e-01  2  1.4220  1.891650e+01  0.000000e+00  0.000000e+00  1.835655e-01  3.472761e+01  0.000000e+00 
1  1.230265e+02  2.597575e+02  7.476000e+03  2.940378e-02 0  2.764596e-01  2.597575e+02 2   9.6860  3.974984e-02  7.651529e-02  0  2.7050  7.041535e+09  0.000000e+00  0.000000e+00  4.821988e-01 -6.069364e+01  3.213626e+01  1  2.7050  4.756846e+06  0.000000e+00  0.000000e+00  2.270100e-01  3.597908e+00  4.073952e-02  2  2.7050  1.603598e+11  1.212515e-02  2.184783e-01  2.862987e-01  5.274506e+00  3.677462e+00  3  2.7050  5.933249e+08  1.212515e-02  2.184783e-01  5.298063e-01 -3.854474e+01  3.182825e-02  4  2.7050  9.686020e+00  0.000000e+00  0.000000e+00  1.635125e-01 -4.012168e+01  0.000000e+00 
3  1.789540e+01  1.303135e+01  8.600000e+02  1.212520e+00 6 -1.000000e+00  2.647553e+01 1  14.3829 -2.371639e-01 -9.685562e-01 -1 -1.0000 -1.000000e+00 -1.000000e+00 -1.000000e+00 -1.000000e+00 -1.000000e+00 -1.000000e+00 -1 -1.0000 -1.000000e+00 -1.000000e+00 -1.000000e+00 -1.000000e+00 -1.000000e+00 -1.000000e+00  0  0.7580  3.137619e+13  0.000000e+00  0.000000e+00  3.721214e-01 -6.771506e+01  2.830751e+00  1  0.7580  2.254473e+11  0.000000e+00  0.000000e+00  3.829509e-01  4.164269e+00  3.347686e-01  2  0.7580  1.438290e+01  0.000000e+00  0.000000e+00  1.335212e-01  7.969680e+01  0.000000e+00 
3  1.704998e+01  7.970703e+00  4.800000e+03  1.342478e+00 6 -1.000000e+00  3.034903e+01 2  12.5571  7.708975e-01  3.818128e-01 -1 -1.0000 -1.000000e+00 -1.000000e+00 -1.000000e+00 -1.000000e+00 -1.000000e+00 -1.000000e+00 -1 -1.0000 -1.000000e+00 -1.000000e+00 -1.000000e+00 -1.000000e+00 -1.000000e+00 -1.000000e+00  0  1.0620  2.208463e+13  0.000000e+00  0.000000e+00  3.632774e-01  1.400184e+02  3.960048e+00  1  1.0620  1.369449e+11  0.000000e+00  0.000000e+00  1.083153e-01  1.714366e+02  1.374666e-01  2  1.0620  1.255710e+01  0.000000e+00  0.000000e+00  1.178350e-01  1.332640e+02  0.000000e+00 
2  1.354827e+01  1.895069e+01  9.284000e+03  8.088168e-01 6 -1.000000e+00  2.414750e+01 3  16.7275  1.911761e-01  3.600605e-03 -1 -1.0000 -1.000000e+00 -1.000000e+00 -1.000000e+00 -1.000000e+00 -1.000000e+00 -1.000000e+00 -1 -1.0000 -1.000000e+00 -1.000000e+00 -1.000000e+00 -1.000000e+00 -1.000000e+00 -1.000000e+00  0  1.7340  3.878170e+12  0.000000e+00  0.000000e+00  3.111838e-01  1.268606e+02  3.140512e+00  1  1.7340  5.906221e+10  0.000000e+00  0.000000e+00  4.646435e-01  9.073554e+01  4.360029e-02  2  1.7340  1.672750e+01  0.000000e+00  0.000000e+00  1.007997e-01 -1.670919e+02  0.000000e+00 
3  2.488780e+01  2.748560e+01  7.413000e+03  1.978670e+00 6  2.863385e-01  3.910828e+01 1  18.0043  1.976193e+00 -2.051195e+00  0  0.8490  2.553668e+12  0.000000e+00  0.000000e+00  3.006556e-01 -1.116983e+02  3.405023e+01  1  0.8490  5.584361e+10  0.000000e+00  0.000000e+00  2.125170e-01 -9.201404e+01  2.884642e-01  2  0.8490  2.173898e+13  7.601703e+00 -9.037294e+00  6.018039e-01  1.785228e+02  3.435911e+00  3  0.8490  1.232610e+11  7.601703e+00 -9.037294e+00  6.367126e-01  9.675642e+01  4.117668e-02  4  0.8490  1.800430e+01  0.000000e+00  0.000000e+00  7.314447e-02  1.793996e+02  0.000000e+00 
2  3.767013e+01  3.416285e+01  8.350000e+03  8.034472e-01 6 -1.000000e+00  5.029868e+01 1  14.5640  3.483573e-01  1.420731e-01 -1 -1.0000 -1.000000e+00 -1.000000e+00 -1.000000e+00 -1.000000e+00 -1.000000e+00 -1.000000e+00 -1 -1.0000 -1.000000e+00 -1.000000e+00 -1.000000e+00 -1.000000e+00 -1.000000e+00 -1.000000e+00  0  0.9230  3.348332e+12  0.000000e+00  0.000000e+00  1.483892e-01 -1.265560e+02  3.213444e+00  1  0.9230  6.131247e+10  0.000000e+00  0.000000e+00  3.682395e-01 -8.619800e+01  3.372409e-02  2  0.9230  1.456400e+01  0.000000e+00  0.000000e+00  1.339971e-01  5.373251e+00  0.000000e+00 
2  7.792783e+01  4.693692e+01  8.526000e+03  9.589002e-01 6 -1.000000e+00  1.116502e+02 1  16.4317  3.458492e-01  4.736416e-01 -1 -1.0000 -1.000000e+00 -1.000000e+00 -1.000000e+00 -1.000000e+00 -1.000000e+00 -1.000000e+00 -1 -1.0000 -1.000000e+00 -1.000000e+00 -1.000000e+00 -1.000000e+00 -1.000000e+00 -1.000000e+00  0  2.2970  3.275452e+12  0.000000e+00  0.000000e+00  2.642119e-01 -9.352383e+01  4.416606e+00  1  2.2970  7.517451e+10  0.000000e+00  0.000000e+00  4.118716e-01 -9.378117e+01  3.509051e-02  2  2.2970  1.643170e+01  0.000000e+00  0.000000e+00  8.093413e-02  3.003724e+01  0.000000e+00 
3  1.848364e+02  2.171280e+02  8.439000e+03  1.619369e+00 6 -1.000000e+00  2.856255e+02 1  18.6790 -3.204931e-01 -8.430186e-01 -1 -1.0000 -1.000000e+00 -1.000000e+00 -1.000000e+00 -1.000000e+00 -1.000000e+00 -1.000000e+00 -1 -1.0000 -1.000000e+00 -1.000000e+00 -1.000000e+00 -1.000000e+00 -1.000000e+00 -1.000000e+00  0  0.4380  2.478492e+13  0.000000e+00  0.000000e+00  6.350397e-01 -1.320099e+02  7.184256e+00  1  0.4380  1.543046e+11  0.000000e+00  0.000000e+00  3.685867e-01 -1.551261e+02  4.686361e-01  2  0.4380  1.867900e+01  0.000000e+00  0.000000e+00  1.007841e-01  1.319824e+02  0.000000e+00 
3  7.578408e+01  5.722618e+01  5.441000e+03  5.259550e-01 6 -1.000000e+00  1.254454e+02 1  11.3383  2.493801e-02  2.570110e-01 -1 -1.0000 -1.000000e+00 -1.000000e+00 -1.000000e+00 -1.000000e+00 -1.000000e+00 -1.000000e+00 -1 -1.0000 -1.000000e+00 -1.000000e+00 -1.000000e+00 -1.000000e+00 -1.000000e+00 -1.000000e+00  0  1.4690  1.801371e+12  0.000000e+00  0.000000e+00  2.492778e-01  1.021561e+02  4.157025e+00  1  1.4690  3.939505e+10  0.000000e+00  0.000000e+00  3.035121e-01  6.701352e+01  4.211754e-02  2  1.4690  1.133830e+01  0.000000e+00  0.000000e+00  1.088716e-01 -1.872066e+01  0.000000e+00 
3  3.730688e+01  1.549143e+01  6.005000e+03  7.296419e-01 6  2.944961e-01  4.573350e+01 1  17.1295  1.049262e+00 -4.465727e-02  0  0.4180  1.016434e+12  0.000000e+00  0.000000e+00  3.165279e-01 -2.686558e+01  1.398301e+01  1  0.4180  4.581598e+10  0.000000e+00  0.000000e+00  1.060570e-01 -1.972720e+01  1.081559e-01  2  0.4180  6.054352e+12  2.458988e+01  2.150599e+01  1.237732e-01  3.927756e+01  6.858697e+00  3  0.4180  1.134486e+11  2.458988e+01  2.150599e+01  3.127613e-01  3.824073e+01  2.670381e-01  4  0.4180  1.712950e+01  0.000000e+00  0.000000e+00  2.195403e-01 -9.874531e+01  0.000000e+00 
3  2.855414e+01  1.521767e+01  7.269000e+03  5.865777e+00 6 -1.000000e+00  7.446078e+01 2  14.5854 -2.395999e+00 -4.284668e-01 -1 -1.0000 -1.000000e+00 -1.000000e+00 -1.000000e+00 -1.000000e+00 -1.000000e+00 -1.000000e+00 -1 -1.0000 -1.000000e+00 -1.000000e+00 -1.000000e+00 -1.000000e+00 -1.000000e+00 -1.000000e+00  0  0.7690  2.392318e+14  0.000000e+00  0.000000e+00  1.963185e-01  1.779705e+01  3.167103e+00  1  0.7690  4.447449e+11  0.000000e+00  0.000000e+00  4.872905e-01  7.440910e+01  2.381315e-01  2  0.7690  1.458540e+01  0.000000e+00  0.000000e+00  1.703160e-01  9.029503e+01  0.000000e+00 
5  3.351221e+02  5.956989e+02  4.307000e+03  9.675195e-01 6 -1.000000e+00  6.072529e+02 3  15.3456  3.952249e-01 -1.633190e-01 -1 -1.0000 -1.000000e+00 -1.000000e+00 -1.000000e+00 -1.000000e+00 -1.000000e+00 -1.000000e+00 -1 -1.0000 -1.000000e+00 -1.000000e+00 -1.000000e+00 -1.000000e+00 -1.000000e+00 -1.000000e+00  0  0.8140  1.621613e+13  0.000000e+00  0.000000e+00  4.696241e-01 -1.230876e+02  3.460589e+00  1  0.8140  1.370509e+11  0.000000e+00  0.000000e+00  5.037542e-01 -1.512628e+02  1.190618e-01  2  0.8140  1.534560e+01  0.000000e+00  0.000000e+00  1.479895e-01 -1.046455e+02  0.000000e+00 
2  2.085552e+01  1.780645e+01  7.408000e+03  8.698600e-01 6  2.745811e-01  3.350646e+01 1  13.3613  9.723934e-01 -9.224709e-01  0  1.6450  1.596751e+12  0.000000e+00  0.000000e+00  2.883008e-01 -1.373659e+02  1.299867e+01  1  1.6450  5.328372e+10  0.000000e+00  0.000000e+00  3.131644e-01 -1.717367e+02  3.809310e-02  2  1.6450  8.144841e+12  5.298474e+00 -1.141729e+01  1.402246e-01  4.767672e+01  2.183913e+00  3  1.6450  6.626591e+10  5.298474e+00 -1.141729e+01  4.084990e-01  6.881679e+01  1.413021e-01  4  1.6450  1.336130e+01  0.000000e+00  0.000000e+00  1.124336e-01 -5.144652e+01  0.000000e+00 
3  3.152349e+01  1.595076e+01  1.697000e+03  5.363996e-01 6 -1.000000e+00  3.954767e+01 1  14.4280 -4.154325e-01  2.346914e-01 -1 -1.0000 -1.000000e+00 -1.000000e+00 -1.000000e+00 -1.000000e+00 -1.000000e+00 -1.000000e+00 -1 -1.0000 -1.000000e+00 -1.000000e+00 -1.000000e+00 -1.000000e+00 -1.000000e+00 -1.000000e+00  0  2.0310  1.794154e+12  0.000000e+00  0.000000e+00  4.612562e-01  1.429001e+02  4.798261e+00  1  2.0310  4.306934e+10  0.000000e+00  0.000000e+00  4.032679e-01  1.221495e+02  2.823548e-02  2  2.0310  1.442800e+01  0.000000e+00  0.000000e+00  1.783175e-01  1.107637e+02  0.000000e+00 
3  1.918780e+02  1.288214e+02  9.683000e+03  9.393340e-01 6  2.869807e-01  2.972284e+02 1  17.4695  7.181661e-01  4.972506e-01  0  0.5620  1.008562e+12  0.000000e+00  0.000000e+00  7.476793e-02  3.278077e+01  2.053599e+01  1  0.5620  4.345318e+10  0.000000e+00  0.000000e+00  2.488103e-01 -2.519067e+01  1.093755e-01  2  0.5620  3.638744e+12  2.490017e+00  5.328355e+00  6.218830e-01  1.373996e+02  6.586638e+00  3  0.5620  7.695550e+10  2.490017e+00  5.328355e+00  5.568106e-01  1.870127e+02  3.717011e-01  4  0.5620  1.746950e+01  0.000000e+00  0.000000e+00  1.045488e-01 -1.314487e+02  0.000000e+00 
3  1.598811e+02  1.189983e+02  4.286000e+03  4.326666e-01 6 -1.000000e+00  2.567738e+02 1  17.4664 -2.454370e-01 -2.310810e-01 -1 -1.0000 -1.000000e+00 -1.000000e+00 -1.000000e+00 -1.000000e+00 -1.000000e+00 -1.000000e+00 -1 -1.0000 -1.000000e+00 -1.000000e+00 -1.000000e+00 -1.000000e+00 -1.000000e+00 -1.000000e+00  0  0.7890  1.455285e+12  0.000000e+00  0.000000e+00  2.458976e-01  1.458871e+02  5.968173e+00  1  0.7890  4.476786e+10  0.000000e+00  0.000000e+00  4.927007e-01  1.866155e+02  5.978408e-02  2  0.7890  1.746640e+01  0.000000e+00  0.000000e+00  8.453919e-02  8.880168e+01  0.000000e+00 
3  7.250496e+01  2.737639e+01  6.797000e+03  5.393396e-01 6 -1.000000e+00  8.394379e+01 1   6.0811  5.583551e-01 -3.597890e-01 -1 -1.0000 -1.000000e+00 -1.000000e+00 -1.000000e+00 -1.000000e+00 -1.000000e+00 -1.000000e+00 -1 -1.0000 -1.000000e+00 -1.000000e+00 -1.000000e+00 -1.000000e+00 -1.000000e+00 -1.000000e+00  0  1.0680  1.597286e+12  0.000000e+00  0.000000e+00  3.496100e-01  1.351478e+02  3.113984e+00  1  1.0680  6.798184e+10  0.000000e+00  0.000000e+00  2.272739e-01  1.368554e+02  5.892339e-02  2  1.0680  6.081090e+00  0.000000e+00  0.000000e+00  9.177625e-02  1.738041e+02  0.000000e+00 
3  1.671632e+02  1.481297e+02  9.670000e+03  6.262635e-01 6 -1.000000e+00  2.911930e+02 3  13.8687  1.839848e-01 -2.238563e-01 -1 -1.0000 -1.000000e+00 -1.000000e+00 -1.000000e+00 -1.000000e+00 -1.000000e+00 -1.000000e+00 -1 -1.0000 -1.000000e+00 -1.000000e+00 -1.000000e+00 -1.000000e+00 -1.000000e+00 -1.000000e+00  0  1.7020  4.235147e+12  0.000000e+00  0.000000e+00  9.556099e-02  1.794312e+02  3.030276e+00  1  1.7020  7.962741e+10  0.000000e+00  0.000000e+00  3.005292e-01  2.144764e+02  6.338724e-02  2  1.7020  1.386870e+01  0.000000e+00  0.000000e+00  5.864243e-02  1.768760e+02  0.000000e+00 
1  1.211250e+01  2.837722e+01  6.880000e+02  5.437235e-01 0 -1.000000e+00  2.837722e+01 2   7.8885  2.854267e-01  7.029259e-01 -1 -1.0000 -1.000000e+00 -1.000000e+00 -1.000000e+00 -1.000000e+00 -1.000000e+00 -1.000000e+00 -1 -1.0000 -1.000000e+00 -1.000000e+00 -1.000000e+00 -1.000000e+00 -1.000000e+00 -1.000000e+00  0  1.9610  1.986850e+12  0.000000e+00  0.000000e+00  3.320493e-01 -3.016343e+01  7.688497e+00  1  1.9610  5.300991e+10  0.000000e+00  0.000000e+00  2.416289e-01 -1.969356e+01  7.306138e-02  2  1.9610  7.888520e+00  0.000000e+00  0.000000e+00  1.861204e-01 -1.525794e+01  0.000000e+00 
3  1.551257e+02  1.073327e+02  8.873000e+03  3.821760e-01 6 -1.000000e+00  2.630306e+02 1  17.5620  2.252480e-01 -1.600291e-02 -1 -1.0000 -1.000000e+00 -1.000000e+00 -1.000000e+00 -1.000000e+00 -1.000000e+00 -1.000000e+00 -1 -1.0000 -1.000000e+00 -1.000000e+00 -1.000000e+00 -1.000000e+00 -1.000000e+00 -1.000000e+00  0  1.9690  1.224099e+12  0.000000e+00  0.000000e+00  1.263616e-01 -8.482651e+01  4.533057e+00  1  1.9690  2.387387e+10  0.000000e+00  0.000000e+00  5.943561e-01 -5.766981e+01  4.119277e-02  2  1.9690  1.756200e+01  0.000000e+00  0.000000e+00  1.142434e-01 -1.367534e+02  0.000000e+00 
1  1.204519e+02  3.187055e+02  6.875000e+03  4.613967e+00 0 -1.000000e+00  3.187055e+02 2   3.9165 -2.475303e+00  4.928238e+00 -1 -1.0000 -1.000000e+00 -1.000000e+00 -1.000000e+00 -1.000000e+00 -1.000000e+00 -1.000000e+00 -1 -1.0000 -1.000000e+00 -1.000000e+00 -1.000000e+00 -1.000000e+00 -1.000000e+00 -1.000000e+00  0  0.5340  2.489399e+14  0.000000e+00  0.000000e+00  4.815187e-01 -1.529860e+02  4.103584e+00  1  0.5340  5.276822e+11  0.000000e+00  0.000000e+00  5.080394e-01 -1.198490e+02  4.840561e-01  2  0.5340  3.916520e+00  0.000000e+00  0.000000e+00  3.513275e-02 -1.065485e+02  0.000000e+00 
3  1.038289e+02  1.062098e+02  5.280000e+03  5.998826e-01 6  2.952390e-01  2.385670e+02 3  13.3569 -1.403929e+00 -2.004548e+00  0  0.9690  9.718573e+11  0.000000e+00  0.000000e+00  1.779701e-01  3.673091e+01  1.152330e+01  1  0.9690  5.392333e+10  0.000000e+00  0.000000e+00  4.034577e-01  1.333046e+01  5.467656e-02  2  0.9690  2.632616e+13 -2.837645e+01 -4.274612e+01  1.650269e-01 -3.996830e+01  3.976355e+00  3  0.9690  1.579402e+11 -2.837645e+01 -4.274612e+01  2.514890e-01 -3.376687e+01  2.717471e-01  4  0.9690  1.335690e+01  0.000000e+00  0.000000e+00  5.556174e-02  5.372205e+00  0.000000e+00 
5  3.273076e+01  6.496871e+01  6.866000e+03  2.603319e+00 6 -1.000000e+00  6.888361e+01 3   4.8722 -3.920470e-01 -2.868659e-01 -1 -1.0000 -1.000000e+00 -1.000000e+00 -1.000000e+00 -1.000000e+00 -1.000000e+00 -1.000000e+00 -1 -1.0000 -1.000000e+00 -1.000000e+00 -1.000000e+00 -1.000000e+00 -1.000000e+00 -1.000000e+00  0  1.0040  2.578370e+13  0.000000e+00  0.000000e+00  2.770220e-01 -5.318298e+01  7.980911e+00  1  1.0040  1.426843e+11  0.000000e+00  0.000000e+00  2.929322e-01 -7.303783e+01  1.634415e-01  2  1.0040  4.872230e+00  0.000000e+00  0.000000e+00  1.042967e-01 -4.464746e+01  0.000000e+00 
1  9.558955e+00  1.831141e+01  7.144000e+03  1.538285e+00 0 -1.000000e+00  1.831141e+01 2  17.1446 -1.376898e+00  2.165847e+00 -1 -1.0000 -1.000000e+00 -1.000000e+00 -1.000000e+00 -1.000000e+00 -1.000000e+00 -1.000000e+00 -1 -1.0000 -1.000000e+00 -1.000000e+00 -1.000000e+00 -1.000000e+00 -1.000000e+00 -1.000000e+00  0  1.6000  1.679737e+13  0.000000e+00  0.000000e+00  4.337638e-01 -1.311795e+02  3.951393e+00  1  1.6000  1.175183e+11  0.000000e+00  0.000000e+00  3.057328e-01 -1.092695e+02  6.202133e-02  2  1.6000  1.714460e+01  0.000000e+00  0.000000e+00  1.079030e-01  1.077238e+01  0.000000e+00 
3  9.202325e+01  8.931564e+01  2.031000e+03  1.243983e+00 6  3.167335e-01  1.107392e+02 1  17.1432  3.129703e+00  3.441729e+00  0  0.3500  1.466048e+12  0.000000e+00  0.000000e+00  3.327708e-01  1.322145e+02  2.822702e+01  1  0.3500  6.059630e+10  0.000000e+00  0.000000e+00  6.089117e-01  1.233500e+02  3.192467e-01  2  0.3500  7.082977e+13  7.710214e+01  5.871968e+01  4.040344e-01  1.215111e+02  4.713186e+00  3  0.3500  3.373811e+11  7.710214e+01  5.871968e+01  8.473316e-03  5.338189e+01  9.980642e-01  4  0.3500  1.714320e+01  0.000000e+00  0.000000e+00  3.698989e-01  1.598314e+02  0.000000e+00 
2  6.540003e+01  6.151512e+01  5.245000e+03  9.077199e-01 6 -1.000000e+00  9.695432e+01 1  13.3577  4.870566e-01  2.635448e-02 -1 -1.0000 -1.000000e+00 -1.000000e+00 -1.000000e+00 -1.000000e+00 -1.000000e+00 -1.000000e+00 -1 -1.0000 -1.000000e+00 -1.000000e+00 -1.000000e+00 -1.000000e+00 -1.000000e+00 -1.000000e+00  0  0.8080  3.778791e+12  0.000000e+00  0.000000e+00  1.920205e-01 -5.270015e+01  5.690772e+00  1  0.8080  8.781483e+10  0.000000e+00  0.000000e+00  2.216559e-01 -4.927494e+01  5.156249e-02  2  0.8080  1.335770e+01  0.000000e+00  0.000000e+00  1.011887e-01 -1.633959e+02  0.000000e+00 
2  4.124651e+01  1.828914e+01  9.804000e+03  6.731161e-01 6  2.773496e-01  2.813853e+01 1  15.3450 -7.676767e-01 -4.950662e-01  0  1.6330  6.147475e+11  0.000000e+00  0.000000e+00  8.619333e-02 -9.143143e+01  1.752888e+01  1  1.6330  2.620864e+10  0.000000e+00  0.000000e+00  3.687099e-01 -5.482991e+01  9.457382e-02  2  1.6330  3.014207e+12 -1.887258e+00 -1.219449e+00  2.314250e-01  1.130349e+02  1.941761e+00  3  1.6330  6.556054e+10 -1.887258e+00 -1.219449e+00  3.208903e-01  8.394400e+01  3.594607e-02  4  1.6330  1.534500e+01  0.000000e+00  0.000000e+00  8.891838e-02 -8.396258e+01  0.000000e+00 
3  2.801487e+01  1.966199e+01  3.480000e+02  1.860377e+00 6 -1.000000e+00  3.920831e+01 1  17.5777 -1.901051e-01  1.056548e+00 -1 -1.0000 -1.000000e+00 -1.000000e+00 -1.000000e+00 -1.000000e+00 -1.000000e+00 -1.000000e+00 -1 -1.0000 -1.000000e+00 -1.000000e+00 -1.000000e+00 -1.000000e+00 -1.000000e+00 -1.000000e+00  0  1.6540  2.359443e+13  0.000000e+00  0.000000e+00  3.349101e-01 -9.470835e+01  3.435004e+00  1  1.6540  1.139796e+11  0.000000e+00  0.000000e+00  2.630187e-01 -7.948595e+01  9.615678e-02  2  1.6540  1.757770e+01  0.000000e+00  0.000000e+00  2.531306e-01 -8.352883e+01  0.000000e+00 
2  7.508705e+00  2.459397e+00  1.182000e+03  1.400018e+00 6  2.665343e-01  1.498049e+01 2  13.2057 -2.811547e+00 -9.806884e-01  0  1.8850  7.088511e+12  0.000000e+00  0.000000e+00  1.869475e-01 -5.332651e-01  6.796917e+00  1  1.8850  7.258354e+10  0.000000e+00  0.000000e+00  2.864264e-01 -1.100070e+01  4.096156e-02  2  1.8850  4.035387e+13 -2.322560e+01 -8.351367e+00  2.629525e-01 -8.197855e+01  3.943855e+00  3  1.8850  1.241853e+11 -2.322560e+01 -8.351367e+00  1.557136e-01 -9.575797e+01  2.541608e-02  4  1.8850  1.320570e+01  0.000000e+00  0.000000e+00  1.179290e-01 -3.388461e+01  0.000000e+00 
5  2.130194e+02  3.877378e+02  8.609000e+03  1.064257e+00 6  2.964252e-01  4.769253e+02 3  14.7527 -8.809658e-01  2.434266e+00  0  0.3860  3.221506e+12  0.000000e+00  0.000000e+00  1.439994e-01 -1.255557e+02  1.368639e+01  1  0.3860  6.996558e+10  0.000000e+00  0.000000e+00  3.685790e-01 -1.518702e+02  1.856848e-01  2  0.3860  2.763447e+13 -4.478544e+01  7.236405e+01  5.584110e-01  4.629166e+01  5.099823e+00  3  0.3860  2.477022e+11 -4.478544e+01  7.236405e+01  1.803696e-01 -2.579878e+00  5.850161e-01  4  0.3860  1.475270e+01  0.000000e+00  0.000000e+00  2.444397e-01 -5.991534e+01  0.000000e+00 
3  1.723960e+02  2.606480e+02  9.754000e+03  2.044757e-01 6 -1.000000e+00  4.005279e+02 3  13.8728  7.300729e-03 -6.406453e-02 -1 -1.0000 -1.000000e+00 -1.000000e+00 -1.000000e+00 -1.000000e+00 -1.000000e+00 -1.000000e+00 -1 -1.0000 -1.000000e+00 -1.000000e+00 -1.000000e+00 -1.000000e+00 -1.000000e+00 -1.000000e+00  0  1.5890  5.843784e+11  0.000000e+00  0.000000e+00  6.091953e-02 -1.105229e+01  7.804771e+00  1  1.5890  8.209521e+09  0.000000e+00  0.000000e+00  3.212184e-01 -5.481064e+00  6.375637e-02  2  1.5890  1.387280e+01  0.000000e+00  0.000000e+00  5.865086e-02 -1.145288e+02  0.000000e+00 
3  1.985628e+02  8.947384e+01  9.609000e+03  4.868354e-01 6 -1.000000e+00  2.587032e+02 1   6.1668 -4.357209e-01  2.948731e-01 -1 -1.0000 -1.000000e+00 -1.000000e+00 -1.000000e+00 -1.000000e+00 -1.000000e+00 -1.000000e+00 -1 -1.0000 -1.000000e+00 -1.000000e+00 -1.000000e+00 -1.000000e+00 -1.000000e+00 -1.000000e+00  0  1.7910  2.162344e+12  0.000000e+00  0.000000e+00  3.056766e-01  1.646699e+02  4.569502e+00  1  1.7910  6.378515e+10  0.000000e+00  0.000000e+00  4.931869e-01  1.305999e+02  4.291109e-02  2  1.7910  6.166830e+00  0.000000e+00  0.000000e+00  8.797979e-03  1.000981e+02  0.000000e+00 
3  2.242050e+02  1.555403e+02  9.310000e+03  8.602767e-01 6 -1.000000e+00  3.146408e+02 1  10.6449  3.683730e-01 -4.629939e-01 -1 -1.0000 -1.000000e+00 -1.000000e+00 -1.000000e+00 -1.000000e+00 -1.000000e+00 -1.000000e+00 -1 -1.0000 -1.000000e+00 -1.000000e+00 -1.000000e+00 -1.000000e+00 -1.000000e+00 -1.000000e+00  0  2.1260  3.426371e+12  0.000000e+00  0.000000e+00  4.664295e-01 -3.833946e+01  6.344476e+00  1  2.1260  6.797575e+10  0.000000e+00  0.000000e+00  4.084699e-01 -7.237279e+01  3.811745e-02  2  2.1260  1.064490e+01  0.000000e+00  0.000000e+00  7.350620e-02 -1.134761e+02  0.000000e+00 
4  8.390491e+00  2.282712e+01  1.521000e+03  4.437720e-01 6 -1.000000e+00  5.517321e+01 3  14.0391 -2.019220e-01 -2.907994e-02 -1 -1.0000 -1.000000e+00 -1.000000e+00 -1.000000e+00 -1.000000e+00 -1.000000e+00 -1.000000e+00 -1 -1.0000 -1.000000e+00 -1.000000e+00 -1.000000e+00 -1.000000e+00 -1.000000e+00 -1.000000e+00  0  2.2950  1.592412e+12  0.000000e+00  0.000000e+00  1.452323e-01 -3.713304e+01  5.151492e+00  1  2.2950  3.925991e+10  0.000000e+00  0.000000e+00  3.548882e-01 -2.188991e+01  2.500878e-02  2  2.2950  1.403910e+01  0.000000e+00  0.000000e+00  2.066573e-01  9.095742e+01  0.000000e+00 
3  3.351221e+02  2.623973e+02  4.307000e+03  7.825208e-01 6 -1.000000e+00  4.167263e+02 1  15.3456  4.102266e-01  3.585075e-01 -1 -1.0000 -1.000000e+00 -1.000000e+00 -1.000000e+00 -1.000000e+00 -1.000000e+00 -1.000000e+00 -1 -1.0000 -1.000000e+00 -1.000000e+00 -1.000000e+00 -1.000000e+00 -1.000000e+00 -1.000000e+00  0  0.9440  1.771693e+12  0.000000e+00  0.000000e+00  3.019964e-01  6.570376e+01  7.357280e+00  1  0.9440  7.586991e+10  0.000000e+00  0.000000e+00  2.210565e-01  1.320348e+02  9.891695e-02  2  0.9440  1.534560e+01  0.000000e+00  0.000000e+00  1.704046e-01  5.335203e+01  0.000000e+00 
3  1.319929e+01  1.989955e+01  5.546000e+03  9.622485e-01 6  2.809816e-01  2.643567e+01 3  15.3467 -1.612439e+00 -2.461320e+00  0  1.2100  1.972790e+12  0.000000e+00  0.000000e+00  1.935872e-01 -1.376151e+02  9.135325e+00  1  1.2100  7.185828e+10  0.000000e+00  0.000000e+00  5.447508e-01 -1.210158e+02  1.762426e-01  2  1.2100  1.919809e+13 -5.498321e+00 -6.885173e+00  2.181724e-01 -8.936624e+01  4.844053e+00  3  1.2100  1.094462e+11 -5.498321e+00 -6.885173e+00  5.914619e-01 -9.086247e+01  1.397216e-01  4  1.2100  1.534670e+01  0.000000e+00  0.000000e+00  1.260712e-01 -9.665006e+01  0.000000e+00 
3  6.436309e+01  5.710966e+01  7.060000e+02  3.199808e-01 6 -1.000000e+00  1.364923e+02 3  16.7300  7.685197e-02  1.229371e-01 -1 -1.0000 -1.000000e+00 -1.000000e+00 -1.000000e+00 -1.000000e+00 -1.000000e+00 -1.000000e+00 -1 -1.0000 -1.000000e+00 -1.000000e+00 -1.000000e+00 -1.000000e+00 -1.000000e+00 -1.000000e+00  0  1.5230  8.559665e+11  0.000000e+00  0.000000e+00  1.024972e-01 -1.379628e+02  5.726942e+00  1  1.5230  1.938142e+10  0.000000e+00  0.000000e+00  2.322356e-01 -1.297543e+02  8.807453e-02  2  1.5230  1.673000e+01  0.000000e+00  0.000000e+00  1.427959e-01 -2.306600e+01  0.000000e+00 
2  4.496112e+01  1.752589e+01  5.898000e+03  7.893390e-01 6  2.722516e-01  9.537656e+01 2  16.7315 -3.300440e-03 -3.280123e-01  0  1.7360  1.748663e+12  0.000000e+00  0.000000e+00  1.866422e-01 -1.032541e+02  8.414182e+00  1  1.7360  4.982575e+10  0.000000e+00  0.000000e+00  2.880450e-01 -5.963365e+01  3.159953e-02  2  1.7360  3.641625e+12 -7.778415e+00 -1.240634e+01  4.157547e-01  1.643663e+02  2.507726e+00  3  1.7360  8.816243e+10 -7.778415e+00 -1.240634e+01  4.474811e-01  1.661238e+02  8.177470e-02  4  1.7360  1.673150e+01  0.000000e+00  0.000000e+00  2.328545e-01 -6.490952e+01  0.000000e+00 
3  4.161678e+01  2.419560e+01  1.952000e+03  2.564158e-01 6 -1.000000e+00  6.627788e+01 1   9.3563  1.593716e-01  1.074294e-01 -1 -1.0000 -1.000000e+00 -1.000000e+00 -1.000000e+00 -1.000000e+00 -1.000000e+00 -1.000000e+00 -1 -1.0000 -1.000000e+00 -1.000000e+00 -1.000000e+00 -1.000000e+00 -1.000000e+00 -1.000000e+00  0  2.1250  9.959297e+11  0.000000e+00  0.000000e+00  1.022340e-02  9.538313e+01  4.864984e+00  1  2.1250  1.511252e+10  0.000000e+00  0.000000e+00  8.787888e-02  7.716879e+01  6.686717e-02  2  2.1250  9.356260e+00  0.000000e+00  0.000000e+00  5.104773e-02 -1.287420e+01  0.000000e+00 
3  1.005061e+02  1.483240e+02  7.043000e+03  2.280495e-01 6 -1.000000e+00  1.597438e+02 1   5.4409 -3.630430e-02 -9.132697e-02 -1 -1.0000 -1.000000e+00 -1.000000e+00 -1.000000e+00 -1.000000e+00 -1.000000e+00 -1.000000e+00 -1 -1.0000 -1.000000e+00 -1.000000e+00 -1.000000e+00 -1.000000e+00 -1.000000e+00 -1.000000e+00  0  1.0650  4.514115e+11  0.000000e+00  0.000000e+00  4.997696e-01 -1.560483e+02  1.505767e+01  1  1.0650  1.027733e+10  0.000000e+00  0.000000e+00  9.209287e-02 -1.950139e+02  1.524714e-01  2  1.0650  5.440890e+00  0.000000e+00  0.000000e+00  3.557840e-02  8.138722e+01  0.000000e+00 
1  2.722600e+01  5.096154e+01  9.225000e+03  9.138203e-01 0  2.744187e-01  5.096154e+01 2  13.3599 -6.119713e-01  2.571767e+00  0  1.4170  3.000761e+12  0.000000e+00  0.000000e+00  2.418237e-01  2.126807e+01  9.083402e+00  1  1.4170  6.214812e+10  0.000000e+00  0.000000e+00  1.637595e-01 -4.553549e+01  7.950554e-02  2  1.4170  9.214747e+12 -1.049818e+00  2.124044e+01  1.966068e-01 -2.941069e+01  1.369081e+01  3  1.4170  7.262378e+10 -1.049818e+00  2.124044e+01  3.612761e-01 -6.621650e+01  8.005600e-02  4  1.4170  1.335990e+01  0.000000e+00  0.000000e+00  3.139429e-01 -1.488863e+02  0.000000e+00 
4  1.649376e+02  2.315959e+02  3.406000e+03  1.656749e+00 6 -1.000000e+00  2.651862e+02 1   8.0877  8.907222e-01 -8.939528e-01 -1 -1.0000 -1.000000e+00 -1.000000e+00 -1.000000e+00 -1.000000e+00 -1.000000e+00 -1.000000e+00 -1 -1.0000 -1.000000e+00 -1.000000e+00 -1.000000e+00 -1.000000e+00 -1.000000e+00 -1.000000e+00  0  1.4570  1.388256e+13  0.000000e+00  0.000000e+00  7.215691e-01  3.203464e+01  1.080275e+01  1  1.4570  1.020281e+11  0.000000e+00  0.000000e+00  2.302396e-01 -8.179459e+00  4.065848e-02  2  1.4570  8.087670e+00  0.000000e+00  0.000000e+00  5.864489e-02 -9.172626e+01  0.000000e+00 
3  2.993492e+02  4.532607e+02  5.770000e+02  7.931589e-02 6 -1.000000e+00  7.280613e+02 3   9.5305 -4.871015e-03 -1.427209e-02 -1 -1.0000 -1.000000e+00 -1.000000e+00 -1.000000e+00 -1.000000e+00 -1.000000e+00 -1.000000e+00 -1 -1.0000 -1.000000e+00 -1.000000e+00 -1.000000e+00 -1.000000e+00 -1.000000e+00 -1.000000e+00  0  1.6670  2.451645e+11  0.000000e+00  0.000000e+00  1.842369e-01  1.028531e+02  7.422676e+00  1  1.6670  1.503671e+09  0.000000e+00  0.000000e+00  4.350262e-01  3.182034e+01  1.998286e-02  2  1.6670  9.530490e+00  0.000000e+00  0.000000e+00  1.287452e-01  1.472584e+02  0.000000e+00 
5  4.826808e+01  1.169946e+02  6.188000e+03  2.196458e-01 6  2.693421e-01  1.548448e+02 3  14.7479 -7.833606e-01  2.187978e-01  0  2.5460  3.732098e+11  0.000000e+00  0.000000e+00  2.234734e-01 -1.190094e+02  9.064250e+00  1  2.5460  5.749992e+09  0.000000e+00  0.000000e+00  4.272576e-01 -1.358582e+02  3.838365e-02  2  2.5460  3.452479e+12 -9.042723e+00  3.386178e+00  2.695898e-01  2.421286e+01  2.713846e+00  3  2.5460  7.231000e+10 -9.042723e+00  3.386178e+00  2.179375e-01  4.963239e+01  1.450142e-02  4  2.5460  1.474790e+01  0.000000e+00  0.000000e+00  1.061449e-01 -4.468403e+00  0.000000e+00 
3  2.262047e+02  2.231927e+02  4.345000e+03  9.970935e-01 6 -1.000000e+00  3.571935e+02 1  15.4570  3.074005e-01 -4.907393e-01 -1 -1.0000 -1.000000e+00 -1.000000e+00 -1.000000e+00 -1.000000e+00 -1.000000e+00 -1.000000e+00 -1 -1.0000 -1.000000e+00 -1.000000e+00 -1.000000e+00 -1.000000e+00 -1.000000e+00 -1.000000e+00  0  0.8000  5.274498e+12  0.000000e+00  0.000000e+00  1.451909e-01  1.585660e+02  7.300965e+00  1  0.8000  8.501889e+10  0.000000e+00  0.000000e+00  3.773849e-01  1.342265e+02  1.212754e-01  2  0.8000  1.545700e+01  0.000000e+00  0.000000e+00  5.595190e-02 -5.511574e+01  0.000000e+00 
2  3.245027e+01  4.616215e+01  8.185000e+03  2.518842e+00 6 -1.000000e+00  5.410216e+01 1  10.7875 -8.664686e-02 -9.653307e-01 -1 -1.0000 -1.000000e+00 -1.000000e+00 -1.000000e+00 -1.000000e+00 -1.000000e+00 -1.000000e+00 -1 -1.0000 -1.000000e+00 -1.000000e+00 -1.000000e+00 -1.000000e+00 -1.000000e+00 -1.000000e+00  0  1.4120  2.080256e+13  0.000000e+00  0.000000e+00  2.925868e-01 -1.015099e+02  5.753650e+00  1  1.4120  1.579540e+11  0.000000e+00  0.000000e+00  2.454482e-01 -1.002491e+02  3.764184e-02  2  1.4120  1.078750e+01  0.000000e+00  0.000000e+00  2.562023e-02  3.120589e+01  0.000000e+00 
3  2.114995e+02  1.356546e+02  9.625000e+03  3.645676e-01 6 -1.000000e+00  2.849389e+02 1  14.7443 -2.778865e-01  6.662903e-02 -1 -1.0000 -1.000000e+00 -1.000000e+00 -1.000000e+00 -1.000000e+00 -1.000000e+00 -1.000000e+00 -1 -1.0000 -1.000000e+00 -1.000000e+00 -1.000000e+00 -1.000000e+00 -1.000000e+00 -1.000000e+00  0  2.7760  1.276653e+12  0.000000e+00  0.000000e+00  1.252454e-01 -1.477550e+01  4.067177e+00  1  2.7760  2.287766e+10  0.000000e+00  0.000000e+00  3.786003e-01 -6.169097e+01  4.011050e-02  2  2.7760  1.474430e+01  0.000000e+00  0.000000e+00  1.689572e-01  1.752888e+02  0.000000e+00 
2  4.268679e+01  3.128790e+01  8.920000e+02  6.997440e-01 6 -1.000000e+00  7.058845e+01 1  10.1190 -2.277738e-01 -2.555132e-01 -1 -1.0000 -1.000000e+00 -1.000000e+00 -1.000000e+00 -1.000000e+00 -1.000000e+00 -1.000000e+00 -1 -1.0000 -1.000000e+00 -1.000000e+00 -1.000000e+00 -1.000000e+00 -1.000000e+00 -1.000000e+00  0  0.8070  2.134445e+12  0.000000e+00  0.000000e+00  2.323372e-01  6.944744e+01  6.415568e+00  1  0.8070  5.136840e+10  0.000000e+00  0.000000e+00  2.486485e-01  5.500523e+01  2.821227e-02  2  0.8070  1.011900e+01  0.000000e+00  0.000000e+00  1.243350e-01  1.234935e+02  0.000000e+00 
3  6.874656e+01  9.529198e+01  2.484000e+03  5.033607e-01 6 -1.000000e+00  1.306292e+02 3  16.9284  1.385464e-02 -1.144571e-01 -1 -1.0000 -1.000000e+00 -1.000000e+00 -1.000000e+00 -1.000000e+00 -1.000000e+00 -1.000000e+00 -1 -1.0000 -1.000000e+00 -1.000000e+00 -1.000000e+00 -1.000000e+00 -1.000000e+00 -1.000000e+00  0  1.2790  1.157725e+12  0.000000e+00  0.000000e+00  4.460758e-02  8.124444e+01  6.388186e+00  1  1.2790  3.280503e+10  0.000000e+00  0.000000e+00  2.315505e-01  6.636071e+01  6.960456e-02  2  1.2790  1.692840e+01  0.000000e+00  0.000000e+00  7.010628e-02 -1.360892e+02  0.000000e+00 
1  1.715507e+01  3.274903e+01  6.336000e+03  8.893648e+00 0 -1.000000e+00  3.274903e+01 2  16.1112 -7.186810e+00  1.190171e+00 -1 -1.0000 -1.000000e+00 -1.000000e+00 -1.000000e+00 -1.000000e+00 -1.000000e+00 -1.000000e+00 -1 -1.0000 -1.000000e+00 -1.000000e+00 -1.000000e+00 -1.000000e+00 -1.000000e+00 -1.000000e+00  0  0.5170  2.064692e+14  0.000000e+00  0.000000e+00  2.493152e-01  6.693385e+01  5.570865e+00  1  0.5170  4.920140e+11  0.000000e+00  0.000000e+00  3.186180e-01  7.278898e+01  4.343509e-01  2  0.5170  1.611120e+01  0.000000e+00  0.000000e+00  1.828780e-01 -1.089013e+02  0.000000e+00 
2  1.004954e+02  1.163576e+00  7.679000e+03  5.488968e-01 6 -1.000000e+00  2.425707e+00 1  17.1227  2.443128e+00  1.508173e+00 -1 -1.0000 -1.000000e+00 -1.000000e+00 -1.000000e+00 -1.000000e+00 -1.000000e+00 -1.000000e+00 -1 -1.0000 -1.000000e+00 -1.000000e+00 -1.000000e+00 -1.000000e+00 -1.000000e+00 -1.000000e+00  0  1.1210  3.080696e+12  0.000000e+00  0.000000e+00  3.731684e-01 -1.670395e+02  4.008864e+00  1  1.1210  5.291854e+10  0.000000e+00  0.000000e+00  3.472473e-01 -1.479480e+02  2.971995e-02  2  1.1210  1.712270e+01  0.000000e+00  0.000000e+00  3.044583e-01 -6.718826e+00  0.000000e+00 
3  1.319929e+01  7.473391e+00  5.546000e+03  2.044641e+00 6  2.728786e-01  1.916895e+01 1  15.3467  6.574645e-01 -3.170664e-01  0  1.4360  5.045132e+12  0.000000e+00  0.000000e+00  3.487675e-01  4.766282e+01  1.679854e+01  1  1.4360  9.130496e+10  0.000000e+00  0.000000e+00  1.667833e-01  4.509665e+01  6.678375e-02  2  1.4360  1.094320e+13  7.830971e+00 -1.785597e+01  2.191480e-01 -1.309883e+02  4.040693e+00  3  1.4360  8.895833e+10  7.830971e+00 -1.785597e+01  1.784842e-01 -1.747014e+02  8.066547e-02  4  1.4360  1.534670e+01  0.000000e+00  0.000000e+00  1.837325e-01  4.710224e+00  0.000000e+00 
3  1.081687e+01  5.146432e+00  3.829000e+03  1.781911e+00 6  2.801578e-01  1.432540e+01 1  15.3460  1.146358e+00  1.747017e+00  0  0.7650  2.782388e+12  0.000000e+00  0.000000e+00  2.051899e-01  8.378033e+01  2.213735e+01  1  0.7650  6.098913e+10  0.000000e+00  0.000000e+00  5.130465e-01  5.689371e+01  1.066495e-01  2  0.7650  7.633606e+12  2.968810e-01  1.126790e+01  2.367973e-02  1.227410e+02  3.229543e+00  3  0.7650  1.168159e+11  2.968810e-01  1.126790e+01  3.123460e-01  1.349009e+02  1.357990e-01  4  0.7650  1.534600e+01  0.000000e+00  0.000000e+00  2.289915e-01 -9.445998e+00  0.000000e+00 
3  4.061794e+01  2.328345e+01  7.360000e+03  6.487228e-01 6 -1.000000e+00  5.835999e+01 1   8.1031  3.114381e-02 -5.187658e-01 -1 -1.0000 -1.000000e+00 -1.000000e+00 -1.000000e+00 -1.000000e+00 -1.000000e+00 -1.000000e+00 -1 -1.0000 -1.000000e+00 -1.000000e+00 -1.000000e+00 -1.000000e+00 -1.000000e+00 -1.000000e+00  0  1.1240  3.944196e+12  0.000000e+00  0.000000e+00  2.890437e-01  1.103623e+02  3.843782e+00  1  1.1240  7.589124e+10  0.000000e+00  0.000000e+00  3.363222e-01  1.380436e+02  7.799679e-02  2  1.1240  8.103150e+00  0.000000e+00  0.000000e+00  1.521087e-01 -1.402102e+02  0.000000e+00 
3  1.225785e+02  1.065240e+02  3.159000e+03  8.820980e-01 6  2.717802e-01  2.118613e+02 1   3.6771 -6.218523e-01  8.649258e-01  0  1.7280  5.515308e+12  0.000000e+00  0.000000e+00  1.382885e-01  1.447439e+02  8.556239e+00  1  1.7280  9.588229e+10  0.000000e+00  0.000000e+00  2.320730e-01  9.883638e+01  4.770067e-02  2  1.7280  1.215356e+13 -2.872015e+00  1.218719e+01  1.435809e-01  1.477287e+01  4.781994e+00  3  1.7280  8.499356e+10 -2.872015e+00  1.218719e+01  3.162726e-01  4.476692e+01  1.194731e-01  4  1.7280  3.677110e+00  0.000000e+00  0.000000e+00  2.770443e-02  4.181503e+01  0.000000e+00 
3  9.293628e+01  6.609828e+01  4.822000e+03  2.300424e-01 6 -1.000000e+00  1.507329e+02 1   9.3592 -1.629172e-01 -6.252685e-02 -1 -1.0000 -1.000000e+00 -1.000000e+00 -1.000000e+00 -1.000000e+00 -1.000000e+00 -1.000000e+00 -1 -1.0000 -1.000000e+00 -1.000000e+00 -1.000000e+00 -1.000000e+00 -1.000000e+00 -1.000000e+00  0  1.8130  1.005122e+12  0.000000e+00  0.000000e+00  1.580817e-01 -1.751738e+02  4.051924e+00  1  1.8130  1.720400e+10  0.000000e+00  0.000000e+00  3.899205e-01 -1.441274e+02  5.833988e-02  2  1.8130  9.359230e+00  0.000000e+00  0.000000e+00  7.735114e-02 -6.997805e+01  0.000000e+00 
3  3.412053e+01  2.456097e+01  7.751000e+03  5.624240e-01 6 -1.000000e+00  4.493624e+01 1  15.9278 -2.835274e-01 -9.329364e-02 -1 -1.0000 -1.000000e+00 -1.000000e+00 -1.000000e+00 -1.000000e+00 -1.000000e+00 -1.000000e+00 -1 -1.0000 -1.000000e+00 -1.000000e+00 -1.000000e+00 -1.000000e+00 -1.000000e+00 -1.000000e+00  0  0.6020  8.462019e+11  0.000000e+00  0.000000e+00  3.277207e-01 -9.612519e+01  7.834202e+00  1  0.6020  4.079903e+10  0.000000e+00  0.000000e+00  1.237412e-01 -8.678293e+01  1.585161e-01  2  0.6020  1.592780e+01  0.000000e+00  0.000000e+00  1.708122e-01  5.205344e+01  0.000000e+00 
3  7.717644e+01  3.841211e+01  6.942000e+03  2.532951e-01 6 -1.000000e+00  1.038624e+02 1   5.4334 -2.385274e-01 -8.044910e-02 -1 -1.0000 -1.000000e+00 -1.000000e+00 -1.000000e+00 -1.000000e+00 -1.000000e+00 -1.000000e+00 -1 -1.0000 -1.000000e+00 -1.000000e+00 -1.000000e+00 -1.000000e+00 -1.000000e+00 -1.000000e+00  0  0.9360  5.939460e+11  0.000000e+00  0.000000e+00  3.910323e-01 -1.646155e+02  9.186264e+00  1  0.9360  1.188166e+10  0.000000e+00  0.000000e+00  9.073929e-02 -1.539050e+02  5.919637e-02  2  0.9360  5.433440e+00  0.000000e+00  0.000000e+00  3.627903e-02  1.228674e+02  0.000000e+00 
3  2.491448e+01  1.269770e+01  6.375000e+03  5.634731e-01 6 -1.000000e+00  3.721992e+01 1  17.4677  3.558999e-01 -2.799295e-01 -1 -1.0000 -1.000000e+00 -1.000000e+00 -1.000000e+00 -1.000000e+00 -1.000000e+00 -1.000000e+00 -1 -1.0000 -1.000000e+00 -1.000000e+00 -1.000000e+00 -1.000000e+00 -1.000000e+00 -1.000000e+00  0  1.0230  1.606994e+12  0.000000e+00  0.000000e+00  2.945306e-03  3.625751e+01  4.049177e+00  1  1.0230  5.283209e+10  0.000000e+00  0.000000e+00  2.535020e-01 -5.205401e+01  7.287527e-02  2  1.0230  1.746770e+01  0.000000e+00  0.000000e+00  9.740490e-02 -1.451353e+02  0.000000e+00 
3  6.292387e+01  3.203379e+00  8.215000e+03  2.458054e+00 6 -1.000000e+00  1.150843e+02 2  16.1177 -2.880813e+00 -2.302894e+00 -1 -1.0000 -1.000000e+00 -1.000000e+00 -1.000000e+00 -1.000000e+00 -1.000000e+00 -1.000000e+00 -1 -1.0000 -1.000000e+00 -1.000000e+00 -1.000000e+00 -1.000000e+00 -1.000000e+00 -1.000000e+00  0  1.2950  5.711455e+13  0.000000e+00  0.000000e+00  4.645206e-01  1.168011e+02  3.048823e+00  1  1.2950  2.068257e+11  0.000000e+00  0.000000e+00  3.082059e-01  2.050364e+02  6.804987e-02  2  1.2950  1.611770e+01  0.000000e+00  0.000000e+00  1.702909e-01 -1.756968e+02  0.000000e+00 
3  1.825558e+01  1.012131e+01  6.650000e+02  7.852674e-01 6 -1.000000e+00  3.988591e+01 2  11.4895  3.478584e-01 -1.672568e-01 -1 -1.0000 -1.000000e+00 -1.000000e+00 -1.000000e+00 -1.000000e+00 -1.000000e+00 -1.000000e+00 -1 -1.0000 -1.000000e+00 -1.000000e+00 -1.000000e+00 -1.000000e+00 -1.000000e+00 -1.000000e+00  0  1.8490  4.188621e+12  0.000000e+00  0.000000e+00  2.444905e-01  8.712607e+01  5.222592e+00  1  1.8490  5.702814e+10  0.000000e+00  0.000000e+00  1.495598e-01  4.873796e+01  4.169536e-02  2  1.8490  1.148950e+01  0.000000e+00  0.000000e+00  2.076480e-01  5.106165e+01  0.000000e+00 
3  1.722934e+01  1.435025e+01  6.189000e+03  2.883162e+00 6 -1.000000e+00  4.552359e+01 2   8.0948  6.185623e-01 -6.889292e-01 -1 -1.0000 -1.000000e+00 -1.000000e+00 -1.000000e+00 -1.000000e+00 -1.000000e+00 -1.000000e+00 -1 -1.0000 -1.000000e+00 -1.000000e+00 -1.000000e+00 -1.000000e+00 -1.000000e+00 -1.000000e+00  0  0.4090  3.408475e+13  0.000000e+00  0.000000e+00  3.460482e-01 -1.172446e+02  6.133755e+00  1  0.4090  2.357320e+11  0.000000e+00  0.000000e+00  5.530035e-01 -8.945867e+01  4.784173e-01  2  0.4090  8.094790e+00  0.000000e+00  0.000000e+00  1.674383e-01  8.585906e+00  0.000000e+00 
3  1.197428e+01  9.952717e+00  1.798000e+03  4.006580e-01 6 -1.000000e+00  2.302316e+01 3  13.8557 -2.750838e-02 -2.031995e-01 -1 -1.0000 -1.000000e+00 -1.000000e+00 -1.000000e+00 -1.000000e+00 -1.000000e+00 -1.000000e+00 -1 -1.0000 -1.000000e+00 -1.000000e+00 -1.000000e+00 -1.000000e+00 -1.000000e+00 -1.000000e+00  0  1.1360  1.177867e+12  0.000000e+00  0.000000e+00  4.384054e-01 -1.486212e+01  5.334544e+00  1  1.1360  3.818330e+10  0.000000e+00  0.000000e+00  3.552036e-01 -1.263163e+01  3.680400e-02  2  1.1360  1.385570e+01  0.000000e+00  0.000000e+00  8.885282e-02 -1.224861e+02  0.000000e+00 
1  1.610403e+02  3.253959e+02  7.443000e+03  3.094372e+00 0 -1.000000e+00  3.253959e+02 2   9.4490 -2.315524e+00  6.158110e-01 -1 -1.0000 -1.000000e+00 -1.000000e+00 -1.000000e+00 -1.000000e+00 -1.000000e+00 -1.000000e+00 -1 -1.0000 -1.000000e+00 -1.000000e+00 -1.000000e+00 -1.000000e+00 -1.000000e+00 -1.000000e+00  0  1.2550  8.958381e+13  0.000000e+00  0.000000e+00  3.357349e-01 -6.629537e+01  2.812546e+00  1  1.2550  2.043157e+11  0.000000e+00  0.000000e+00  4.071358e-01 -8.659122e+01  1.794256e-01  2  1.2550  9.448960e+00  0.000000e+00  0.000000e+00  7.970593e-02  4.113276e+01  0.000000e+00 
2  3.821206e+01  2.228858e+01  1.079000e+03  1.079945e+00 6 -1.000000e+00  6.472051e+01 1  14.7502  7.109186e-01 -3.726745e-01 -1 -1.0000 -1.000000e+00 -1.000000e+00 -1.000000e+00 -1.000000e+00 -1.000000e+00 -1.000000e+00 -1 -1.0000 -1.000000e+00 -1.000000e+00 -1.000000e+00 -1.000000e+00 -1.000000e+00 -1.000000e+00  0  0.5940  6.537077e+12  0.000000e+00  0.000000e+00  1.860872e-01  2.777833e+01  9.287405e+00  1  0.5940  6.435143e+10  0.000000e+00  0.000000e+00  2.583841e-01 -1.003562e+00  4.006746e-02  2  0.5940  1.475020e+01  0.000000e+00  0.000000e+00  2.039812e-02  1.649236e+02  0.000000e+00 
3  7.601678e+01  6.928237e+01  1.453000e+03  1.371154e-01 6 -1.000000e+00  1.144095e+02 1  14.4074  8.675392e-02 -7.673366e-02 -1 -1.0000 -1.000000e+00 -1.000000e+00 -1.000000e+00 -1.000000e+00 -1.000000e+00 -1.000000e+00 -1 -1.0000 -1.000000e+00 -1.000000e+00 -1.000000e+00 -1.000000e+00 -1.000000e+00 -1.000000e+00  0  2.1200  4.341758e+11  0.000000e+00  0.000000e+00  2.655645e-01  1.131824e+02  6.018093e+00  1  2.1200  3.700915e+09  0.000000e+00  0.000000e+00  4.781109e-01  1.314885e+02  3.848992e-02  2  2.1200  1.440740e+01  0.000000e+00  0.000000e+00  9.145429e-02  1.751530e+02  0.000000e+00 
3  1.099064e+02  1.591762e+02  5.816000e+03  4.428987e-01 6 -1.000000e+00  1.809121e+02 1  15.9439 -8.093114e-02  5.960479e-02 -1 -1.0000 -1.000000e+00 -1.000000e+00 -1.000000e+00 -1.000000e+00 -1.000000e+00 -1.000000e+00 -1 -1.0000 -1.000000e+00 -1.000000e+00 -1.000000e+00 -1.000000e+00 -1.000000e+00 -1.000000e+00  0  2.1380  2.336953e+12  0.000000e+00  0.000000e+00  3.255632e-01 -1.233238e+01  3.070956e+00  1  2.1380  4.429358e+10  0.000000e+00  0.000000e+00  3.281301e-01  3.239034e+01  2.023119e-02  2  2.1380  1.594390e+01  0.000000e+00  0.000000e+00  4.412507e-02 -8.612320e+00  0.000000e+00 
1  1.425386e+01  2.736294e+01  5.230000e+02  4.008136e-02 0  2.767498e-01  2.736294e+01 2  17.4586  8.940471e-02 -1.176114e-01  0  2.5500  1.775069e+10  0.000000e+00  0.000000e+00  3.720292e-01 -1.510508e+02  2.557845e+01  1  2.5500  1.854829e+07  0.000000e+00  0.000000e+00  2.058552e-01 -1.452658e+02  1.536268e-02  2  2.5500  2.703536e+11  1.384172e+00 -4.506968e+00  1.458061e-01  1.208346e+02  2.079827e+00  3  2.5500  1.795149e+09  1.384172e+00 -4.506968e+00  3.813759e-01  1.248787e+02  1.049956e-01  4  2.5500  1.745860e+01  0.000000e+00  0.000000e+00  3.614287e-01 -6.611014e+01  0.000000e+00 
3  1.227180e+02  1.460947e+02  3.690000e+03  2.937018e+00 6 -1.000000e+00  2.856027e+02 3  11.7079  1.020112e-01 -9.387771e-01 -1 -1.0000 -1.000000e+00 -1.000000e+00 -1.000000e+00 -1.000000e+00 -1.000000e+00 -1.000000e+00 -1 -1.0000 -1.000000e+00 -1.000000e+00 -1.000000e+00 -1.000000e+00 -1.000000e+00 -1.000000e+00  0  0.6160  4.788139e+13  0.000000e+00  0.000000e+00  2.303281e-01  5.969409e+01  4.723877e+00  1  0.6160  2.525145e+11  0.000000e+00  0.000000e+00  5.019308e-01  9.302984e+01  3.663144e-01  2  0.6160  1.170790e+01  0.000000e+00  0.000000e+00  1.488571e-01  1.528670e+02  0.000000e+00 
1  8.994204e+01  3.254589e+02  2.895000e+03  1.591621e+00 0 -1.000000e+00  3.254589e+02 2  11.9399 -2.272431e+00 -2.641159e-01 -1 -1.0000 -1.000000e+00 -1.000000e+00 -1.000000e+00 -1.000000e+00 -1.000000e+00 -1.000000e+00 -1 -1.0000 -1.000000e+00 -1.000000e+00 -1.000000e+00 -1.000000e+00 -1.000000e+00 -1.000000e+00  0  0.8550  1.347840e+13  0.000000e+00  0.000000e+00  6.154259e-01 -8.338540e+01  5.011758e+00  1  0.8550  1.349042e+11  0.000000e+00  0.000000e+00  2.697743e-01 -7.121218e+01  2.412623e-01  2  0.8550  1.193990e+01  0.000000e+00  0.000000e+00  1.332147e-01 -8.353606e+01  0.000000e+00 
5  2.745200e+01  4.574397e+01  1.048000e+03  7.487186e-01 6  2.873207e-01  7.064134e+01 3  16.7263 -6.625238e-01  1.185906e+00  0  0.9290  8.291342e+11  0.000000e+00  0.000000e+00  3.220156e-01  5.705808e+01  1.876784e+01  1  0.9290  3.507803e+10  0.000000e+00  0.000000e+00  5.599740e-01  5.358688e+01  1.171781e-01  2  0.9290  5.538081e+12 -7.451320e+00  8.976008e+00  4.276558e-01 -1.222162e+02  6.949943e+00  3  0.9290  8.132512e+10 -7.451320e+00  8.976008e+00  4.360746e-01 -7.994553e+01  9.578171e-02  4  0.9290  1.672630e+01  0.000000e+00  0.000000e+00  1.124855e-01 -1.745450e+02  0.000000e+00 
1  2.506470e+01  4.506443e+01  2.804000e+03  7.249340e-01 0  2.774676e-01  4.506443e+01 2  13.1895  2.464567e+00  2.119177e+00  0  1.7340  5.710656e+11  0.000000e+00  0.000000e+00  4.733709e-01 -1.417585e+02  2.220605e+01  1  1.7340  1.510731e+10  0.000000e+00  0.000000e+00  2.816906e-01 -1.252745e+02  3.493362e-02  2  1.7340  2.142779e+13  6.396866e+00  6.338788e+00  4.921364e-01 -3.637068e+01  5.242188e+00  3  1.7340  9.839043e+10  6.396866e+00  6.338788e+00  1.290042e-01 -9.180634e+01  5.492931e-02  4  1.7340  1.318950e+01  0.000000e+00  0.000000e+00  1.283209e-01  3.647274e+01  0.000000e+00 
3  5.758883e+01  5.156572e+01  4.038000e+03  7.832969e-01 6 -1.000000e+00  7.170328e+01 1  10.6512 -5.600219e-01  4.584836e-02 -1 -1.0000 -1.000000e+00 -1.000000e+00 -1.000000e+00 -1.000000e+00 -1.000000e+00 -1.000000e+00 -1 -1.0000 -1.000000e+00 -1.000000e+00 -1.000000e+00 -1.000000e+00 -1.000000e+00 -1.000000e+00  0  0.4430  1.747484e+12  0.000000e+00  0.000000e+00  1.593916e-01 -1.692367e+02  8.652860e+00  1  0.4430  6.359066e+10  0.000000e+00  0.000000e+00  2.356327e-02 -1.850784e+02  1.350981e-01  2  0.4430  1.065120e+01  0.000000e+00  0.000000e+00  1.718340e-01  1.652585e+02  0.000000e+00 
3  7.300694e+01  1.390303e+02  7.802000e+03  1.414503e-01 6  2.870663e-01  1.784373e+02 3   7.0906  7.635144e-02  8.391001e-02  0  1.7850  2.522240e+10  0.000000e+00  0.000000e+00  3.067977e-01  4.817352e+01  3.240181e+01  1  1.7850  4.684854e+07  0.000000e+00  0.000000e+00  3.078663e-01  9.852899e+01  3.404357e-02  2  1.7850  3.922398e+11  9.116696e-02  8.383715e-02  1.905729e-01  6.708116e+01  4.104035e+00  3  1.7850  3.099179e+09  9.116696e-02  8.383715e-02  2.076629e-01  4.179915e+01  2.343138e-02  4  1.7850  7.090590e+00  0.000000e+00  0.000000e+00  5.508830e-02  1.247328e+02  0.000000e+00 
3  2.863853e+01  1.311830e+01  9.696000e+03  3.656274e-01 6 -1.000000e+00  3.975635e+01 1   5.9530 -3.552942e-01 -4.850926e-02 -1 -1.0000 -1.000000e+00 -1.000000e+00 -1.000000e+00 -1.000000e+00 -1.000000e+00 -1.000000e+00 -1 -1.0000 -1.000000e+00 -1.000000e+00 -1.000000e+00 -1.000000e+00 -1.000000e+00 -1.000000e+00  0  2.2390  2.038440e+12  0.000000e+00  0.000000e+00  2.024871e-01  4.105060e+01  4.488102e+00  1  2.2390  4.266887e+10  0.000000e+00  0.000000e+00  1.989376e-01 -2.173044e+01  3.470389e-02  2  2.2390  5.953030e+00  0.000000e+00  0.000000e+00  1.526355e-01 -3.621750e+01  0.000000e+00 
3  1.713181e+02  6.635482e+01  7.319000e+03  6.280826e-01 6 -1.000000e+00  2.081695e+02 1   9.2427  4.533728e-01 -5.839059e-01 -1 -1.0000 -1.000000e+00 -1.000000e+00 -1.000000e+00 -1.000000e+00 -1.000000e+00 -1.000000e+00 -1 -1.0000 -1.000000e+00 -1.000000e+00 -1.000000e+00 -1.000000e+00 -1.000000e+00 -1.000000e+00  0  0.4550  1.111308e+12  0.000000e+00  0.000000e+00  2.171474e-01  1.418462e+02  9.547165e+00  1  0.4550  4.389542e+10  0.000000e+00  0.000000e+00  4.695497e-02  1.077758e+02  1.548377e-01  2  0.4550  9.242730e+00  0.000000e+00  0.000000e+00  1.058870e-01  1.606086e+02  0.000000e+00 
1  4.303737e+01  7.809448e+01  3.817000e+03  4.706553e+00 0  2.768934e-01  7.809448e+01 2   8.4139 -1.570240e+01  1.535720e+01  0  0.5350  5.376786e+13  0.000000e+00  0.000000e+00  3.259508e-01  1.143007e+02  7.452321e+00  1  0.5350  2.003217e+11  0.000000e+00  0.000000e+00  2.115769e-01  1.018796e+02  4.243987e-01  2  0.5350  2.033676e+14 -3.053078e+01  4.381853e+01  5.029927e-01  3.013705e+01  4.138108e+00  3  0.5350  5.013538e+11 -3.053078e+01  4.381853e+01  2.962767e-01  3.032888e+01  5.798592e-01  4  0.5350  8.413860e+00  0.000000e+00  0.000000e+00  2.162835e-01  4.410296e+01  0.000000e+00 
1  1.194752e+02  2.268626e+02  5.919000e+03  2.220607e+00 0 -1.000000e+00  2.268626e+02 2   8.3055  1.823335e+00 -5.963022e-01 -1 -1.0000 -1.000000e+00 -1.000000e+00 -1.000000e+00 -1.000000e+00 -1.000000e+00 -1.000000e+00 -1 -1.0000 -1.000000e+00 -1.000000e+00 -1.000000e+00 -1.000000e+00 -1.000000e+00 -1.000000e+00  0  0.7730  1.034127e+14  0.000000e+00  0.000000e+00  5.263670e-01  1.123510e+02  2.080793e+00  1  0.7730  3.601253e+11  0.000000e+00  0.000000e+00  3.480952e-01  1.201806e+02  3.708491e-01  2  0.7730  8.305520e+00  0.000000e+00  0.000000e+00  1.821562e-01 -1.458053e+02  0.000000e+00 
3  2.061524e+01  1.357618e+01  9.882000e+03  5.740913e-01 6 -1.000000e+00  2.772995e+01 1  15.3467  3.531685e-01  1.088326e-01 -1 -1.0000 -1.000000e+00 -1.000000e+00 -1.000000e+00 -1.000000e+00 -1.000000e+00 -1.000000e+00 -1 -1.0000 -1.000000e+00 -1.000000e+00 -1.000000e+00 -1.000000e+00 -1.000000e+00 -1.000000e+00  0  0.8690  3.802597e+12  0.000000e+00  0.000000e+00  2.780863e-01  1.664285e+02  4.482177e+00  1  0.8690  4.937501e+10  0.000000e+00  0.000000e+00  1.127041e-01  1.925423e+02  9.841524e-02  2  0.8690  1.534670e+01  0.000000e+00  0.000000e+00  2.792972e-01 -2.030352e+01  0.000000e+00 
3  2.240180e+02  2.222860e+02  3.991000e+03  1.125803e+00 6  2.750732e-01  3.856270e+02 1  14.3758 -7.103725e-01 -1.082342e+00  0  1.4110  1.471115e+12  0.000000e+00  0.000000e+00  1.190036e-01 -1.588282e+02  2.254551e+01  1  1.4110  4.747825e+10  0.000000e+00  0.000000e+00  4.306232e-01 -1.638310e+02  4.922712e-02  2  1.4110  4.093231e+12 -2.984754e+00 -6.882364e+00  2.780102e-01  1.713026e+02  2.740019e+00  3  1.4110  6.606035e+10 -2.984754e+00 -6.882364e+00  4.476652e-01  1.742937e+02  6.581248e-02  4  1.4110  1.437580e+01  0.000000e+00  0.000000e+00  1.841174e-01 -8.354903e+01  0.000000e+00 
3  1.147173e+02  1.317009e+02  5.021000e+03  1.203339e+00 6 -1.000000e+00  1.717203e+02 1  15.9439 -6.296325e-01  3.506204e-01 -1 -1.0000 -1.000000e+00 -1.000000e+00 -1.000000e+00 -1.000000e+00 -1.000000e+00 -1.000000e+00 -1 -1.0000 -1.000000e+00 -1.000000e+00 -1.000000e+00 -1.000000e+00 -1.000000e+00 -1.000000e+00  0  1.2680  1.298691e+13  0.000000e+00  0.000000e+00  4.492412e-01  1.502968e+02  4.079614e+00  1  1.2680  1.334176e+11  0.000000e+00  0.000000e+00  1.082081e-01  1.287952e+02  9.687045e-02  2  1.2680  1.594390e+01  0.000000e+00  0.000000e+00  4.818253e-02  1.741975e+01  0.000000e+00 
3  2.433935e+01  2.137079e+01  5.423000e+03  1.038548e+00 6  2.744710e-01  3.576044e+01 1  13.0437 -7.766720e-01  6.655191e-01  0  1.5400  1.327939e+12  0.000000e+00  0.000000e+00  1.934361e-01 -1.714898e+02  2.172460e+01  1  1.5400  4.547647e+10  0.000000e+00  0.000000e+00  2.489056e-01 -1.839377e+02  7.802552e-02  2  1.5400  3.980104e+12 -7.762343e+00  1.373488e+00  2.061454e-01  6.629450e+01  3.748109e+00  3  1.5400  9.962850e+10 -7.762343e+00  1.373488e+00  4.311915e-01  2.286672e+01  2.418974e-01  4  1.5400  1.304370e+01  0.000000e+00  0.000000e+00  1.058415e-01  3.599968e+01  0.000000e+00 
3  3.882806e+01  1.749564e+01  3.113000e+03  3.832007e-01 6 -1.000000e+00  4.704975e+01 1  11.2069 -4.275109e-01  2.016923e-02 -1 -1.0000 -1.000000e+00 -1.000000e+00 -1.000000e+00 -1.000000e+00 -1.000000e+00 -1.000000e+00 -1 -1.0000 -1.000000e+00 -1.000000e+00 -1.000000e+00 -1.000000e+00 -1.000000e+00 -1.000000e+00  0  1.7640  1.102801e+12  0.000000e+00  0.000000e+00  3.876619e-01  1.657683e+02  4.299645e+00  1  1.7640  3.423063e+10  0.000000e+00  0.000000e+00  2.238965e-01  2.176591e+02  3.276157e-02  2  1.7640  1.120690e+01  0.000000e+00  0.000000e+00  1.034575e-01  1.580219e+02  0.000000e+00 
3  1.094143e+02  7.843186e+01  1.670000e+02  5.818319e-01 6 -1.000000e+00  1.526121e+02 1  15.9426 -6.481534e-02 -2.774243e-01 -1 -1.0000 -1.000000e+00 -1.000000e+00 -1.000000e+00 -1.000000e+00 -1.000000e+00 -1.000000e+00 -1 -1.0000 -1.000000e+00 -1.000000e+00 -1.000000e+00 -1.000000e+00 -1.000000e+00 -1.000000e+00  0  1.8360  2.971221e+12  0.000000e+00  0.000000e+00  2.843340e-01  4.246646e+01  4.992160e+00  1  1.8360  4.148809e+10  0.000000e+00  0.000000e+00  5.390881e-01  5.210988e+01  4.778502e-02  2  1.8360  1.594260e+01  0.000000e+00  0.000000e+00  2.727253e-01  4.293503e+01  0.000000e+00 
1  4.800477e+01  8.964163e+01  8.976000e+03  2.760437e+01 0 -1.000000e+00  8.964163e+01 2   9.8877  3.851908e+01  3.852934e+00 -1 -1.0000 -1.000000e+00 -1.000000e+00 -1.000000e+00 -1.000000e+00 -1.000000e+00 -1.000000e+00 -1 -1.0000 -1.000000e+00 -1.000000e+00 -1.000000e+00 -1.000000e+00 -1.000000e+00 -1.000000e+00  0  0.4540  4.526026e+14  0.000000e+00  0.000000e+00  5.142216e-01  8.814234e+01  7.446603e+00  1  0.4540  1.123682e+12  0.000000e+00  0.000000e+00  1.816487e-01  8.713913e+01  2.651198e+00  2  0.4540  9.887710e+00  0.000000e+00  0.000000e+00  1.318780e-01  1.122594e+02  0.000000e+00 
3  1.342095e+01  1.230485e+01  5.300000e+02  3.354373e-01 6  2.970535e-01  1.818710e+01 1  17.7907 -8.810766e-03  7.156617e-01  0  0.7860  2.873866e+11  0.000000e+00  0.000000e+00  2.904811e-01 -1.335403e+02  1.891420e+01  1  0.7860  8.248018e+09  0.000000e+00  0.000000e+00  2.215394e-01 -7.656787e+01  8.427983e-02  2  0.7860  3.395500e+12  6.530997e+00  2.030588e+01  1.748003e-01  1.393981e+02  4.029101e+00  3  0.7860  6.069687e+10  6.530997e+00  2.030588e+01  3.784182e-01  1.475870e+02  1.348453e-01  4  0.7860  1.779070e+01  0.000000e+00  0.000000e+00  1.467876e-01 -1.705296e+02  0.000000e+00 
2  4.676353e+01  3.082969e+01  7.002000e+03  1.287722e+00 6 -1.000000e+00  9.998699e+01 2  12.7217  6.660470e-01  1.973653e-01 -1 -1.0000 -1.000000e+00 -1.000000e+00 -1.000000e+00 -1.000000e+00 -1.000000e+00 -1.000000e+00 -1 -1.0000 -1.000000e+00 -1.000000e+00 -1.000000e+00 -1.000000e+00 -1.000000e+00 -1.000000e+00  0  0.9550  1.140899e+13  0.000000e+00  0.000000e+00  6.117708e-01  1.355681e+02  7.399657e+00  1  0.9550  1.078750e+11  0.000000e+00  0.000000e+00  4.747274e-01  1.993749e+02  7.545867e-02  2  0.9550  1.272170e+01  0.000000e+00  0.000000e+00  1.716046e-01  6.489677e+01  0.000000e+00 
3  1.335955e+02  6.167959e+01  1.869000e+03  8.061420e-01 6 -1.000000e+00  1.777399e+02 1  16.9233  4.121888e-02  6.492682e-01 -1 -1.0000 -1.000000e+00 -1.000000e+00 -1.000000e+00 -1.000000e+00 -1.000000e+00 -1.000000e+00 -1 -1.0000 -1.000000e+00 -1.000000e+00 -1.000000e+00 -1.000000e+00 -1.000000e+00 -1.000000e+00  0  1.0280  2.671358e+12  0.000000e+00  0.000000e+00  4.374687e-01  9.034869e+01  5.820047e+00  1  1.0280  5.539014e+10  0.000000e+00  0.000000e+00  3.091465e-01  7.516585e+01  9.115958e-02  2  1.0280  1.692330e+01  0.000000e+00  0.000000e+00  1.163066e-01 -1.498504e+02  0.000000e+00 
3  2.227690e+01  1.660320e+01  8.791000e+03  1.382523e+00 6 -1.000000e+00  4.164891e+01 3  12.5460  4.015248e-01 -4.608474e-01 -1 -1.0000 -1.000000e+00 -1.000000e+00 -1.000000e+00 -1.000000e+00 -1.000000e+00 -1.000000e+00 -1 -1.0000 -1.000000e+00 -1.000000e+00 -1.000000e+00 -1.000000e+00 -1.000000e+00 -1.000000e+00  0  1.8680  5.001063e+12  0.000000e+00  0.000000e+00  2.229250e-01  5.711902e+01  6.347521e+00  1  1.8680  1.270482e+11  0.000000e+00  0.000000e+00  4.458813e-01  7.860833e+01  5.697849e-02  2  1.8680  1.254600e+01  0.000000e+00  0.000000e+00  1.219518e-01 -4.722477e+00  0.000000e+00 
3  5.545877e+01  4.228805e+01  3.001000e+03  8.231767e-01 6 -1.000000e+00  9.149024e+01 1  11.0046  2.562818e-01 -4.156531e-01 -1 -1.0000 -1.000000e+00 -1.000000e+00 -1.000000e+00 -1.000000e+00 -1.000000e+00 -1.000000e+00 -1 -1.0000 -1.000000e+00 -1.000000e+00 -1.000000e+00 -1.000000e+00 -1.000000e+00 -1.000000e+00  0  0.4250  1.871955e+12  0.000000e+00  0.000000e+00  9.599466e-02 -1.627973e+02  1.038630e+01  1  0.4250  7.600434e+10  0.000000e+00  0.000000e+00  2.169199e-01 -1.554615e+02  2.091293e-01  2  0.4250  1.100460e+01  0.000000e+00  0.000000e+00  6.785416e-02 -1.037361e+02  0.000000e+00 
3  5.650266e+01  2.170138e+01  1.823000e+03  6.859241e-01 6 -1.000000e+00  6.795930e+01 1   6.4301 -6.567291e-01  6.706903e-01 -1 -1.0000 -1.000000e+00 -1.000000e+00 -1.000000e+00 -1.000000e+00 -1.000000e+00 -1.000000e+00 -1 -1.0000 -1.000000e+00 -1.000000e+00 -1.000000e+00 -1.000000e+00 -1.000000e+00 -1.000000e+00  0  0.4700  2.172452e+12  0.000000e+00  0.000000e+00  3.179464e-01 -2.525161e+01  6.422066e+00  1  0.4700  6.669955e+10  0.000000e+00  0.000000e+00  8.466611e-02 -1.388155e+01  1.787909e-01  2  0.4700  6.430110e+00  0.000000e+00  0.000000e+00  4.866220e-02  1.225605e+02  0.000000e+00 
3  7.964519e+01  4.839352e+01  6.164000e+03  7.991185e-01 6 -1.000000e+00  1.011467e+02 1  18.5626 -2.464408e-01 -4.963480e-01 -1 -1.0000 -1.000000e+00 -1.000000e+00 -1.000000e+00 -1.000000e+00 -1.000000e+00 -1.000000e+00 -1 -1.0000 -1.000000e+00 -1.000000e+00 -1.000000e+00 -1.000000e+00 -1.000000e+00 -1.000000e+00  0  0.5710  1.853996e+12  0.000000e+00  0.000000e+00  4.642683e-01  1.547392e+02  3.541338e+00  1  0.5710  7.990491e+10  0.000000e+00  0.000000e+00  3.275524e-01  1.026469e+02  1.930701e-01  2  0.5710  1.856260e+01  0.000000e+00  0.000000e+00  1.786766e-01 -1.485017e+02  0.000000e+00 
1  1.475636e+02  2.717400e+02  2.050000e+02  2.173744e+00 0  2.813588e-01  2.717400e+02 2  17.4597  1.146554e+00  2.093042e-01  0  0.7270  8.319510e+12  0.000000e+00  0.000000e+00  2.159334e-01 -4.763439e+01  1.215070e+01  1  0.7270  9.258012e+10  0.000000e+00  0.000000e+00  2.262727e-01 -7.123853e+01  1.436872e-01  2  0.7270  4.061901e+13 -1.183523e+01  2.172669e+01  2.154387e-01  8.497520e+01  4.739486e+00  3  0.7270  1.716446e+11 -1.183523e+01  2.172669e+01  2.556390e-01  1.456271e+02  3.010297e-01  4  0.7270  1.745970e+01  0.000000e+00  0.000000e+00  3.251828e-01 -1.344140e+02  0.000000e+00 
1  5.800275e+01  1.376379e+02  4.424000e+03  3.693333e-02 0 -1.000000e+00  1.376379e+02 2   8.8736 -3.312004e-02 -1.770854e-02 -1 -1.0000 -1.000000e+00 -1.000000e+00 -1.000000e+00 -1.000000e+00 -1.000000e+00 -1.000000e+00 -1 -1.0000 -1.000000e+00 -1.000000e+00 -1.000000e+00 -1.000000e+00 -1.000000e+00 -1.000000e+00  0  1.4060  1.452711e+11  0.000000e+00  0.000000e+00  5.919428e-02  1.033298e+02  7.315199e+00  1  1.4060  5.835349e+08  0.000000e+00  0.000000e+00  3.735777e-01  1.114549e+02  4.821106e-02  2  1.4060  8.873650e+00  0.000000e+00  0.000000e+00  2.030335e-01  1.277008e+02  0.000000e+00 
3  2.375579e+01  2.131682e+01  5.589000e+03  2.850431e-01 6 -1.000000e+00  3.002206e+01 1  19.3327 -9.043509e-02 -1.688109e-01 -1 -1.0000 -1.000000e+00 -1.000000e+00 -1.000000e+00 -1.000000e+00 -1.000000e+00 -1.000000e+00 -1 -1.0000 -1.000000e+00 -1.000000e+00 -1.000000e+00 -1.000000e+00 -1.000000e+00 -1.000000e+00  0  1.4480  1.035477e+12  0.000000e+00  0.000000e+00  1.852732e-01  7.212791e+01  3.063400e+00  1  1.4480  2.561533e+10  0.000000e+00  0.000000e+00  3.547569e-01  7.123929e+00  5.183695e-02  2  1.4480  1.933270e+01  0.000000e+00  0.000000e+00  1.943159e-01  4.440410e+01  0.000000e+00 
5  7.603348e+01  1.274580e+02  9.630000e+02  5.208314e-02 6 -1.000000e+00  1.794854e+02 3  15.1554 -1.384797e-02 -3.888245e-03 -1 -1.0000 -1.000000e+00 -1.000000e+00 -1.000000e+00 -1.000000e+00 -1.000000e+00 -1.000000e+00 -1 -1.0000 -1.000000e+00 -1.000000e+00 -1.000000e+00 -1.000000e+00 -1.000000e+00 -1.000000e+00  0  1.5150  1.720944e+11  0.000000e+00  0.000000e+00  2.315425e-01 -9.571228e+01  5.347121e+00  1  1.5150  9.774914e+08  0.000000e+00  0.000000e+00  3.632226e-01 -1.284994e+01  2.133136e-02  2  1.5150  1.515540e+01  0.000000e+00  0.000000e+00  2.024446e-01  1.298592e+02  0.000000e+00 
1  2.041835e+01  6.011757e+01  3.959000e+03  6.505227e+00 0 -1.000000e+00  6.011757e+01 2  12.3913 -8.497106e+00 -1.314761e+00 -1 -1.0000 -1.000000e+00 -1.000000e+00 -1.000000e+00 -1.000000e+00 -1.000000e+00 -1.000000e+00 -1 -1.0000 -1.000000e+00 -1.000000e+00 -1.000000e+00 -1.000000e+00 -1.000000e+00 -1.000000e+00  0  0.9010  1.108523e+14  0.000000e+00  0.000000e+00  5.842555e-01 -7.849562e+01  4.352547e+00  1  0.9010  4.463801e+11  0.000000e+00  0.000000e+00  2.745584e-01 -1.112838e+01  5.320101e-01  2  0.9010  1.239130e+01  0.000000e+00  0.000000e+00  4.892074e-02  8.583856e+01  0.000000e+00 
1  2.326292e+01  4.388524e+01  7.650000e+03  1.437348e+00 0 -1.000000e+00  4.388524e+01 2   8.7705  8.927376e-01  1.725653e+00 -1 -1.0000 -1.000000e+00 -1.000000e+00 -1.000000e+00 -1.000000e+00 -1.000000e+00 -1.000000e+00 -1 -1.0000 -1.000000e+00 -1.000000e+00 -1.000000e+00 -1.000000e+00 -1.000000e+00 -1.000000e+00  0  1.1590  3.160226e+13  0.000000e+00  0.000000e+00  3.793167e-01  1.285867e+02  4.009976e+00  1  1.1590  1.592221e+11  0.000000e+00  0.000000e+00  5.856600e-01  2.017807e+02  1.916176e-01  2  1.1590  8.770470e+00  0.000000e+00  0.000000e+00  5.498076e-02 -1.622501e+01  0.000000e+00 
1  3.362759e+01  5.910688e+01  6.901000e+03  2.222077e-01 0  2.947134e-01  5.910688e+01 2  13.8757 -5.321954e-01  8.629406e-01  0  1.1610  1.814892e+11  0.000000e+00  0.000000e+00  1.864251e-01  8.921632e+01  1.905335e+01  1  1.1610  2.816515e+09  0.000000e+00  0.000000e+00  7.863802e-02  1.082175e+02  5.653499e-02  2  1.1610  3.329283e+12 -2.222043e+00  4.894959e+00  2.669573e-01  1.261834e+02  6.519919e+00  3  1.1610  4.070179e+10 -2.222043e+00  4.894959e+00  1.511283e-01  1.217994e+01  6.388965e-02  4  1.1610  1.387570e+01  0.000000e+00  0.000000e+00  6.271795e-02  5.245264e+00  0.000000e+00 
3  1.995036e+02  3.342845e+02  5.114000e+03  9.161995e-01 6  2.791435e-01  3.520894e+02 3  14.7464  2.857734e+00  7.434802e-01  0  1.3980  1.523850e+12  0.000000e+00  0.000000e+00  7.420058e-02 -3.674406e+01  1.179577e+01  1  1.3980  5.015216e+10  0.000000e+00  0.000000e+00  4.420413e-01 -7.825507e+00  2.438060e-01  2  1.3980  3.650587e+13  1.077686e+01  2.365700e+00  1.478366e-01  5.907453e+01  2.996244e+00  3  1.3980  1.492439e+11  1.077686e+01  2.365700e+00  2.876234e-01 -2.236392e+01  1.361286e-01  4  1.3980  1.474640e+01  0.000000e+00  0.000000e+00  2.175921e-01 -1.532486e+02  0.000000e+00 
5  3.877506e+00  6.812980e+00  6.856000e+03  5.593934e-01 6  2.776949e-01  2.316506e+01 3  14.7769  1.791949e-01 -1.244532e+00  0  1.4050  1.227637e+12  0.000000e+00  0.000000e+00  1.806917e-01 -1.501285e+02  8.383755e+00  1  1.4050  4.952731e+10  0.000000e+00  0.000000e+00  3.799450e-01 -1.778165e+02  5.626907e-02  2  1.4050  6.458243e+12  1.250499e+00 -8.206825e+00  3.354143e-01 -9.799036e+01  2.557831e+00  3  1.4050  8.656252e+10  1.250499e+00 -8.206825e+00  2.738085e-01 -8.564195e+01  7.723550e-02  4  1.4050  1.477690e+01  0.000000e+00  0.000000e+00  7.677270e-02 -1.785127e+02  0.000000e+00 
2  2.799314e+02  1.285359e+02  5.253000e+03  1.003961e+00 6 -1.000000e+00  3.711037e+02 1  15.9271  2.916641e-02  9.016755e-01 -1 -1.0000 -1.000000e+00 -1.000000e+00 -1.000000e+00 -1.000000e+00 -1.000000e+00 -1.000000e+00 -1 -1.0000 -1.000000e+00 -1.000000e+00 -1.000000e+00 -1.000000e+00 -1.000000e+00 -1.000000e+00  0  0.7160  7.127032e+12  0.000000e+00  0.000000e+00  4.098029e-01 -5.908809e+01  5.787084e+00  1  0.7160  7.633038e+10  0.000000e+00  0.000000e+00  1.409395e-01 -3.983077e+01  4.172811e-02  2  0.7160  1.592710e+01  0.000000e+00  0.000000e+00  1.149023e-01  1.082514e+02  0.000000e+00 
1  7.581953e+01  1.491071e+02  3.750000e+02  1.784972e-01 0  3.030910e-01  1.491071e+02 2  12.0943  3.983400e-01 -6.222961e-01  0  0.8160  1.685068e+11  0.000000e+00  0.000000e+00  1.734808e-01  1.014550e+02  2.030559e+01  1  0.8160  2.233019e+09  0.000000e+00  0.000000e+00  6.874586e-02  1.011033e+02  1.087280e-01  2  0.8160  3.052067e+12  6.677791e+00 -7.063904e+00  3.284287e-01  1.047591e+02  6.781489e+00  3  0.8160  5.896250e+10  6.677791e+00 -7.063904e+00  2.991480e-01  5.411926e+01  2.021008e-01  4  0.8160  1.209430e+01  0.000000e+00  0.000000e+00  4.865524e-02 -8.109830e+01  0.000000e+00 
3  8.636838e+01  3.289728e+01  2.840000e+02  1.243270e+00 6  2.738901e-01  1.688012e+02 2  10.1167  9.424512e-01  3.002120e-02  0  1.5250  2.697695e+12  0.000000e+00  0.000000e+00  4.806047e-02 -1.389003e+02  1.192436e+01  1  1.5250  6.488221e+10  0.000000e+00  0.000000e+00  3.163244e-01 -1.165306e+02  5.695538e-02  2  1.5250  1.016846e+13  6.369139e+00 -2.659483e+00  2.932159e-01 -8.363484e+01  4.391952e+00  3  1.5250  7.938288e+10  6.369139e+00 -2.659483e+00  5.591900e-01 -9.454385e+01  7.417371e-02  4  1.5250  1.011670e+01  0.000000e+00  0.000000e+00  8.439440e-02 -1.715263e+02  0.000000e+00 
3  4.716972e+01  2.443122e+00  3.164000e+03  1.045361e+00 6 -1.000000e+00  9.121432e+01 2   8.9773  1.474665e+00 -1.103264e+00 -1 -1.0000 -1.000000e+00 -1.000000e+00 -1.000000e+00 -1.000000e+00 -1.000000e+00 -1.000000e+00 -1 -1.0000 -1.000000e+00 -1.000000e+00 -1.000000e+00 -1.000000e+00 -1.000000e+00 -1.000000e+00  0  1.9720  5.592499e+12  0.000000e+00  0.000000e+00  4.927469e-01 -1.332550e+02  7.189310e+00  1  1.9720  8.338511e+10  0.000000e+00  0.000000e+00  4.278088e-01 -1.276394e+02  3.223991e-02  2  1.9720  8.977340e+00  0.000000e+00  0.000000e+00  1.127222e-01 -1.252548e+02  0.000000e+00 
3  1.251552e+02  6.136727e+01  2.686000e+03  8.749635e-01 6 -1.000000e+00  1.886046e+02 1  17.1315 -6.546806e-01  4.301292e-02 -1 -1.0000 -1.000000e+00 -1.000000e+00 -1.000000e+00 -1.000000e+00 -1.000000e+00 -1.000000e+00 -1 -1.0000 -1.000000e+00 -1.000000e+00 -1.000000e+00 -1.000000e+00 -1.000000e+00 -1.000000e+00  0  0.6770  5.215683e+12  0.000000e+00  0.000000e+00  1.349028e-01 -1.235429e+02  4.743879e+00  1  0.6770  8.480730e+10  0.000000e+00  0.000000e+00  3.417370e-01 -1.218961e+02  1.701694e-01  2  0.6770  1.713150e+01  0.000000e+00  0.000000e+00  6.716865e-02 -1.330103e+02  0.000000e+00 
3  2.835478e+01  1.610681e+01  5.394000e+03  2.986170e-01 6 -1.000000e+00  3.500162e+01 1  14.5676  2.005338e-01 -2.479218e-01 -1 -1.0000 -1.000000e+00 -1.000000e+00 -1.000000e+00 -1.000000e+00 -1.000000e+00 -1.000000e+00 -1 -1.0000 -1.000000e+00 -1.000000e+00 -1.000000e+00 -1.000000e+00 -1.000000e+00 -1.000000e+00  0  1.4060  9.317803e+11  0.000000e+00  0.000000e+00  3.015558e-01  1.105271e+02  4.485401e+00  1  1.4060  2.532674e+10  0.000000e+00  0.000000e+00  3.533353e-01  1.743092e+02  5.883089e-02  2  1.4060  1.456760e+01  0.000000e+00  0.000000e+00  3.159578e-01  1.524106e+02  0.000000e+00 
3  8.318770e+01  3.983430e+01  6.139000e+03  3.505482e-01 6 -1.000000e+00  1.016466e+02 1  17.5566 -3.433305e-01 -2.713235e-01 -1 -1.0000 -1.000000e+00 -1.000000e+00 -1.000000e+00 -1.000000e+00 -1.000000e+00 -1.000000e+00 -1 -1.0000 -1.000000e+00 -1.000000e+00 -1.000000e+00 -1.000000e+00 -1.000000e+00 -1.000000e+00  0  1.6940  1.513899e+12  0.000000e+00  0.000000e+00  3.006603e-01 -1.295491e+02  2.818564e+00  1  1.6940  3.724804e+10  0.000000e+00  0.000000e+00  4.289749e-01 -1.461350e+02  6.761367e-02  2  1.6940  1.755660e+01  0.000000e+00  0.000000e+00  1.576755e-01 -1.171875e+02  0.000000e+00 
1  1.965422e+01  4.720376e+01  6.751000e+03  4.233752e-02 0 -1.000000e+00  4.720376e+01 2  15.9260 -3.482071e-02  1.821003e-02 -1 -1.0000 -1.000000e+00 -1.000000e+00 -1.000000e+00 -1.000000e+00 -1.000000e+00 -1.000000e+00 -1 -1.0000 -1.000000e+00 -1.000000e+00 -1.000000e+00 -1.000000e+00 -1.000000e+00 -1.000000e+00  0  1.7750  1.935726e+11  0.000000e+00  0.000000e+00  1.426593e-01  7.457883e+01  4.323154e+00  1  1.7750  6.995989e+08  0.000000e+00  0.000000e+00  2.670586e-01  7.714933e+01  3.820651e-02  2  1.7750  1.592600e+01  0.000000e+00  0.000000e+00  2.003956e-01 -1.159627e+02  0.000000e+00 
1  5.357052e+01  1.307727e+02  5.672000e+03  1.910154e-01 0 -1.000000e+00  1.307727e+02 2  17.4648  4.564606e-02  1.323309e-01 -1 -1.0000 -1.000000e+00 -1.000000e+00 -1.000000e+00 -1.000000e+00 -1.000000e+00 -1.000000e+00 -1 -1.0000 -1.000000e+00 -1.000000e+00 -1.000000e+00 -1.000000e+00 -1.000000e+00 -1.000000e+00  0  2.2360  7.495481e+11  0.000000e+00  0.000000e+00  1.982769e-01  1.138952e+02  4.577959e+00  1  2.2360  9.703870e+09  0.000000e+00  0.000000e+00  1.127302e-01  1.479895e+02  9.810632e-02  2  2.2360  1.746480e+01  0.000000e+00  0.000000e+00  1.607327e-01 -1.460350e+01  0.000000e+00 
1  3.044492e+02  5.892903e+02  4.891000e+03  1.433457e-02 0  2.762962e-01  5.892903e+02 2  10.7863 -1.935020e-02 -2.112558e-03  0  2.6780  8.674024e+09  0.000000e+00  0.000000e+00  3.348798e-01 -7.994487e+01  2.087984e+01  1  2.6780  8.019001e+06  0.000000e+00  0.000000e+00  3.279848e-01 -8.414736e+01  1.763080e-02  2  2.6780  7.119971e+10 -6.861360e-01 -7.078855e-02  2.074570e-01 -7.293837e+01  3.368168e+00  3  2.6780  1.625060e+08 -6.861360e-01 -7.078855e-02  9.724448e-02 -3.207138e+01  6.294102e-02  4  2.6780  1.078630e+01  0.000000e+00  0.000000e+00  2.316323e-01 -1.063947e+02  0.000000e+00 
3  1.178483e+02  9.008778e+01  2.982000e+03  1.044910e-01 6 -1.000000e+00  2.177318e+02 3  10.6542  1.558280e-02 -5.548883e-02 -1 -1.0000 -1.000000e+00 -1.000000e+00 -1.000000e+00 -1.000000e+00 -1.000000e+00 -1.000000e+00 -1 -1.0000 -1.000000e+00 -1.000000e+00 -1.000000e+00 -1.000000e+00 -1.000000e+00 -1.000000e+00  0  1.9700  3.818616e+11  0.000000e+00  0.000000e+00  1.638888e-03  5.152691e+01  5.273514e+00  1  1.9700  2.397143e+09  0.000000e+00  0.000000e+00  1.449841e-01  4.283817e+01  2.014991e-02  2  1.9700  1.065420e+01  0.000000e+00  0.000000e+00  4.970668e-02  3.966738e+01  0.000000e+00 
4  2.525281e+01  5.994532e+01  3.150000e+02  1.594564e+00 6  2.725243e-01  8.481169e+01 3  15.1519 -4.866616e-01  1.442770e+00  0  1.7240  2.772015e+12  0.000000e+00  0.000000e+00  1.932292e-01  1.053923e+02  1.543143e+01  1  1.7240  9.489354e+10  0.000000e+00  0.000000e+00  3.070642e-01  9.878734e+01  6.576696e-02  2  1.7240  8.242247e+12 -2.593013e+00  8.816474e+00  2.192946e-01  8.894106e+01  3.326508e+00  3  1.7240  1.011176e+11 -2.593013e+00  8.816474e+00  2.494438e-01  1.680385e+01  3.963808e-02  4  1.7240  1.515190e+01  0.000000e+00  0.000000e+00  1.018950e-01  5.235049e+00  0.000000e+00 
1  4.715416e+01  1.277752e+02  2.354000e+03  2.056287e-02 0  2.998941e-01  1.277752e+02 2  13.2029  6.648519e-02 -5.370102e-02  0  0.7760  5.500943e+09  0.000000e+00  0.000000e+00  1.261318e-01 -1.622824e+02  4.100192e+01  1  0.7760  1.549167e+06  0.000000e+00  0.000000e+00  3.526201e-01 -1.010760e+02  6.601277e-02  2  0.7760  8.883479e+10  2.674954e-01 -1.604913e-01  3.251840e-01  1.163486e+02  1.005410e+01  3  0.7760  3.108146e+08  2.674954e-01 -1.604913e-01  1.134983e-01  2.120798e+02  1.402255e-01  4  0.7760  1.320290e+01  0.000000e+00  0.000000e+00  1.192152e-01  3.633929e+01  0.000000e+00 
3  9.711607e+00  6.226908e+00  2.717000e+03  7.949065e-01 6  2.728502e-01  1.475664e+01 1  13.7041 -6.530630e-01 -8.126319e-01  0  1.5740  2.634224e+12  0.000000e+00  0.000000e+00  3.974899e-01  1.787844e+02  8.386207e+00  1  1.5740  6.355896e+10  0.000000e+00  0.000000e+00  2.732753e-01  1.573793e+02  4.915735e-02  2  1.5740  6.136830e+12 -1.732920e+00 -6.515471e+00  4.050603e-01 -7.908820e+01  3.315319e+00  3  1.5740  8.378895e+10 -1.732920e+00 -6.515471e+00  2.846688e-01 -1.417959e+02  2.605914e-02  4  1.5740  1.370410e+01  0.000000e+00  0.000000e+00  6.102619e-02 -1.149260e+02  0.000000e+00 
4  1.702747e+02  2.621019e+02  4.162000e+03  7.489085e-01 6  2.719488e-01  6.776339e+02 3  12.4659 -1.483684e+00 -2.086579e-01  0  1.9080  1.599754e+12  0.000000e+00  0.000000e+00  3.048602e-01  4.766136e+01  9.898497e+00  1  1.9080  3.814275e+10  0.000000e+00  0.000000e+00  2.066174e-01  7.994253e+01  2.716964e-02  2  1.9080  8.057203e+12 -1.157795e+01 -3.306055e+00  6.050098e-01  1.558069e+02  3.804375e+00  3  1.9080  8.285101e+10 -1.157795e+01 -3.306055e+00  1.845057e-01  1.225946e+02  5.362097e-02  4  1.9080  1.246590e+01  0.000000e+00  0.000000e+00  1.323771e-01 -1.277016e+02  0.000000e+00 
3  6.598734e+01  8.836757e+01  6.795000e+03  8.371533e-01 6 -1.000000e+00  9.412703e+01 1  15.3401 -1.150061e-01  1.829214e-01 -1 -1.0000 -1.000000e+00 -1.000000e+00 -1.000000e+00 -1.000000e+00 -1.000000e+00 -1.000000e+00 -1 -1.0000 -1.000000e+00 -1.000000e+00 -1.000000e+00 -1.000000e+00 -1.000000e+00 -1.000000e+00  0  0.6420  3.048657e+12  0.000000e+00  0.000000e+00  1.599887e-01 -1.148480e+02  4.928698e+00  1  0.6420  6.749630e+10  0.000000e+00  0.000000e+00  4.930173e-01 -6.978895e+01  1.550082e-01  2  0.6420  1.534010e+01  0.000000e+00  0.000000e+00  1.356666e-01 -7.115441e+01  0.000000e+00 
3  4.189276e+01  2.123608e+01  4.144000e+03  8.294882e-01 6  2.916199e-01  4.975430e+01 1   7.1835 -1.276650e+00  2.685957e-01  0  0.9080  5.952640e+11  0.000000e+00  0.000000e+00  6.628069e-02  7.470982e+01  3.437566e+01  1  0.9080  2.998816e+10  0.000000e+00  0.000000e+00  2.151390e-01  7.765372e+01  6.153531e-02  2  0.9080  6.437699e+12 -7.681822e+00 -2.854503e+00  2.268070e-01  8.013177e+01  3.814914e+00  3  0.9080  6.927071e+10 -7.681822e+00 -2.854503e+00  2.202767e-02  5.481740e+01  9.532663e-02  4  0.9080  7.183530e+00  0.000000e+00  0.000000e+00  2.556380e-01 -6.671802e+01  0.000000e+00 
1  2.238365e+02  8.169850e+02  5.047000e+03  1.224795e+01 0 -1.000000e+00  8.169850e+02 2   6.5164  2.565581e+00  1.484799e+01 -1 -1.0000 -1.000000e+00 -1.000000e+00 -1.000000e+00 -1.000000e+00 -1.000000e+00 -1.000000e+00 -1 -1.0000 -1.000000e+00 -1.000000e+00 -1.000000e+00 -1.000000e+00 -1.000000e+00 -1.000000e+00  0  1.2490  4.387129e+14  0.000000e+00  0.000000e+00  4.257055e-01  1.697578e+02  4.570661e+00  1  1.2490  4.963010e+11  0.000000e+00  0.000000e+00  3.195965e-01  1.274999e+02  3.262540e-01  2  1.2490  6.516390e+00  0.000000e+00  0.000000e+00  8.346439e-02  1.735508e+02  0.000000e+00 
1  6.554627e+01  1.187484e+02  2.046000e+03  9.303409e-01 0 -1.000000e+00  1.187484e+02 2  16.7188 -3.670511e+00 -1.822587e+00 -1 -1.0000 -1.000000e+00 -1.000000e+00 -1.000000e+00 -1.000000e+00 -1.000000e+00 -1.000000e+00 -1 -1.0000 -1.000000e+00 -1.000000e+00 -1.000000e+00 -1.000000e+00 -1.000000e+00 -1.000000e+00  0  1.8240  1.080300e+13  0.000000e+00  0.000000e+00  7.054012e-01  1.273220e+02  3.539255e+00  1  1.8240  7.526617e+10  0.000000e+00  0.000000e+00  2.793200e-02  1.052602e+02  5.502483e-02  2  1.8240  1.671880e+01  0.000000e+00  0.000000e+00  1.819485e-01 -8.813380e+01  0.000000e+00 
1  1.469118e+01  3.266367e+01  5.870000e+02  2.345591e+00 0 -1.000000e+00  3.266367e+01 2  14.3933  6.424189e+00  6.761839e+00 -1 -1.0000 -1.000000e+00 -1.000000e+00 -1.000000e+00 -1.000000e+00 -1.000000e+00 -1.000000e+00 -1 -1.0000 -1.000000e+00 -1.000000e+00 -1.000000e+00 -1.000000e+00 -1.000000e+00 -1.000000e+00  0  0.5090  5.394331e+13  0.000000e+00  0.000000e+00  6.256825e-01 -5.791268e+01  4.526107e+00  1  0.5090  2.620052e+11  0.000000e+00  0.000000e+00  3.360828e-01 -1.243809e+02  3.687560e-01  2  0.5090  1.439330e+01  0.000000e+00  0.000000e+00  2.672254e-01 -3.289537e+01  0.000000e+00 
3  2.722600e+01  1.897042e+01  9.225000e+03  4.948629e-01 6 -1.000000e+00  3.819630e+01 1  13.3599  3.216310e-01 -1.013104e-01 -1 -1.0000 -1.000000e+00 -1.000000e+00 -1.000000e+00 -1.000000e+00 -1.000000e+00 -1.000000e+00 -1 -1.0000 -1.000000e+00 -1.000000e+00 -1.000000e+00 -1.000000e+00 -1.000000e+00 -1.000000e+00  0  1.3390  1.378154e+12  0.000000e+00  0.000000e+00  4.214289e-01  1.199150e+01  6.885841e+00  1  1.3390  3.947228e+10  0.000000e+00  0.000000e+00  1.206898e-01  2.831278e+01  5.759700e-02  2  1.3390  1.335990e+01  0.000000e+00  0.000000e+00  5.539315e-02 -1.371626e+02  0.000000e+00 
3  2.420285e+01  2.293646e+01  5.776000e+03  8.434932e-01 6 -1.000000e+00  3.944370e+01 1  15.3437 -3.686726e-01 -5.771457e-02 -1 -1.0000 -1.000000e+00 -1.000000e+00 -1.000000e+00 -1.000000e+00 -1.000000e+00 -1.000000e+00 -1 -1.0000 -1.000000e+00 -1.000000e+00 -1.000000e+00 -1.000000e+00 -1.000000e+00 -1.000000e+00  0  1.3390  2.786984e+12  0.000000e+00  0.000000e+00  5.697748e-02 -9.297213e+01  5.421857e+00  1  1.3390  7.732585e+10  0.000000e+00  0.000000e+00  2.542656e-01 -1.022072e+02  8.587842e-02  2  1.3390  1.534370e+01  0.000000e+00  0.000000e+00  7.735540e-02  1.644318e+02  0.000000e+00 
5  1.914682e+02  2.785992e+02  4.224000e+03  1.512522e-01 6  2.804735e-01  3.554846e+02 3  15.9409  9.944487e-02 -1.611237e-01  0  1.7740  6.472234e+10  0.000000e+00  0.000000e+00  3.843351e-01 -1.107301e+02  2.798387e+01  1  1.7740  2.180015e+08  0.000000e+00  0.000000e+00  1.359600e-01 -8.644488e+01  4.285972e-02  2  1.7740  4.312584e+11  5.108729e+00 -5.645592e+00  2.270167e-01 -1.064527e+02  5.371693e+00  3  1.7740  4.284741e+09  5.108729e+00 -5.645592e+00  2.911586e-01 -2.520134e+01  8.178556e-02  4  1.7740  1.594090e+01  0.000000e+00  0.000000e+00  1.456285e-01 -1.328466e+02  0.000000e+00 
3  4.800477e+01  4.276481e+01  8.976000e+03  8.183385e-01 6 -1.000000e+00  8.197178e+01 1   9.8877 -3.766481e-01  7.874777e-02 -1 -1.0000 -1.000000e+00 -1.000000e+00 -1.000000e+00 -1.000000e+00 -1.000000e+00 -1.000000e+00 -1 -1.0000 -1.000000e+00 -1.000000e+00 -1.000000e+00 -1.000000e+00 -1.000000e+00 -1.000000e+00  0  0.1690  1.980952e+12  0.000000e+00  0.000000e+00  2.658851e-01  2.264046e+01  1.260871e+01  1  0.1690  5.308505e+10  0.000000e+00  0.000000e+00  3.806466e-01  3.557250e+01  3.483126e-01  2  0.1690  9.887710e+00  0.000000e+00  0.000000e+00  2.450788e-01  1.082372e+02  0.000000e+00 
3  1.267329e+01  9.108828e-01  8.679000e+03  1.319516e+00 6 -1.000000e+00  2.411740e+01 2  18.9112  1.019637e+00 -2.103729e+00 -1 -1.0000 -1.000000e+00 -1.000000e+00 -1.000000e+00 -1.000000e+00 -1.000000e+00 -1.000000e+00 -1 -1.0000 -1.000000e+00 -1.000000e+00 -1.000000e+00 -1.000000e+00 -1.000000e+00 -1.000000e+00  0  0.9060  1.268843e+13  0.000000e+00  0.000000e+00  1.929421e-01 -1.333470e+02  5.564791e+00  1  0.9060  9.735435e+10  0.000000e+00  0.000000e+00  2.928311e-01 -1.378040e+02  4.413863e-02  2  0.9060  1.891120e+01  0.000000e+00  0.000000e+00  1.961996e-01  1.719936e+01  0.000000e+00 
2  3.603315e+01  6.820072e+00  1.713000e+03  1.469583e+00 6  2.747545e-01  6.802826e+01 2  15.5362  4.583759e+00  4.719439e+00  0  1.5000  1.681185e+12  0.000000e+00  0.000000e+00  3.299310e-01  1.613415e+02  1.469066e+01  1  1.5000  8.285348e+10  0.000000e+00  0.000000e+00  2.180893e-01  1.588291e+02  4.702746e-02  2  1.5000  5.870402e+13  7.672178e+00  7.187325e+00  2.439287e-01 -7.333727e+01  4.805598e+00  3  1.5000  1.985638e+11  7.672178e+00  7.187325e+00  2.000354e-01 -8.684758e+01  1.239371e-01  4  1.5000  1.553620e+01  0.000000e+00  0.000000e+00  4.253411e-02 -5.265419e+01  0.000000e+00 
3  1.083456e+02  4.546285e+01  4.590000e+02  7.001943e-01 6 -1.000000e+00  1.399330e+02 1  13.1945  5.763788e-01 -3.044442e-01 -1 -1.0000 -1.000000e+00 -1.000000e+00 -1.000000e+00 -1.000000e+00 -1.000000e+00 -1.000000e+00 -1 -1.0000 -1.000000e+00 -1.000000e+00 -1.000000e+00 -1.000000e+00 -1.000000e+00 -1.000000e+00  0  1.6880  2.457771e+12  0.000000e+00  0.000000e+00  2.409881e-01 -5.174920e+01  4.614513e+00  1  1.6880  6.694257e+10  0.000000e+00  0.000000e+00  4.243198e-01 -5.954787e+01  4.075482e-02  2  1.6880  1.319450e+01  0.000000e+00  0.000000e+00  1.236251e-01  1.184530e+02  0.000000e+00 
1  1.050258e+02  1.847661e+02  9.689000e+03  7.795577e+00 0 -1.000000e+00  1.847661e+02 2  15.3460 -4.557586e+00  4.569169e+00 -1 -1.0000 -1.000000e+00 -1.000000e+00 -1.000000e+00 -1.000000e+00 -1.000000e+00 -1.000000e+00 -1 -1.0000 -1.000000e+00 -1.000000e+00 -1.000000e+00 -1.000000e+00 -1.000000e+00 -1.000000e+00  0  0.8760  1.443648e+14  0.000000e+00  0.000000e+00  4.184626e-01  3.406778e+01  6.117949e+00  1  0.8760  4.361323e+11  0.000000e+00  0.000000e+00  2.045069e-01  6.671668e+01  3.099136e-01  2  0.8760  1.534600e+01  0.000000e+00  0.000000e+00  1.767300e-01 -5.870650e+01  0.000000e+00 
3  2.123625e+01  1.213865e+00  3.236000e+03  1.812805e+00 6 -1.000000e+00  4.144486e+01 2   9.3461 -2.075971e+00 -1.880622e+00 -1 -1.0000 -1.000000e+00 -1.000000e+00 -1.000000e+00 -1.000000e+00 -1.000000e+00 -1.000000e+00 -1 -1.0000 -1.000000e+00 -1.000000e+00 -1.000000e+00 -1.000000e+00 -1.000000e+00 -1.000000e+00  0  1.1530  3.190231e+13  0.000000e+00  0.000000e+00  3.222722e-01 -1.754288e+01  4.831638e+00  1  1.1530  1.323783e+11  0.000000e+00  0.000000e+00  2.104528e-01  1.574467e+01  5.793381e-02  2  1.1530  9.346140e+00  0.000000e+00  0.000000e+00  1.581675e-01  1.047576e+02  0.000000e+00 
1  1.458122e+02  2.617942e+02  4.687000e+03  1.488506e-01 0  2.789084e-01  2.617942e+02 2  16.1216  1.448715e-01 -1.192972e-01  0  1.4640  2.811328e+11  0.000000e+00  0.000000e+00  4.889238e-01  1.754787e+02  1.135750e+01  1  1.4640  3.973268e+09  0.000000e+00  0.000000e+00  2.382003e-01  1.411732e+02  1.354068e-01  2  1.4640  9.664138e+11  1.334995e+00 -2.798029e+00  3.716754e-01 -8.140486e+01  7.095181e+00  3  1.4640  2.942380e+10  1.334995e+00 -2.798029e+00  3.442516e-01 -1.439849e+02  4.142772e-02  4  1.4640  1.612160e+01  0.000000e+00  0.000000e+00  4.279723e-02  1.574397e+02  0.000000e+00 
2  9.011464e+01  9.637992e+01  8.475000e+03  1.639062e+00 6 -1.000000e+00  2.221609e+02 3  15.3468 -8.162617e-02  6.701196e-01 -1 -1.0000 -1.000000e+00 -1.000000e+00 -1.000000e+00 -1.000000e+00 -1.000000e+00 -1.000000e+00 -1 -1.0000 -1.000000e+00 -1.000000e+00 -1.000000e+00 -1.000000e+00 -1.000000e+00 -1.000000e+00  0  1.8670  1.133160e+13  0.000000e+00  0.000000e+00  9.592948e-02 -2.008989e-01  6.206927e+00  1  1.8670  1.012787e+11  0.000000e+00  0.000000e+00  1.506804e-01 -1.207123e+01  5.148103e-02  2  1.8670  1.534680e+01  0.000000e+00  0.000000e+00  2.181700e-02 -1.613218e+01  0.000000e+00 
3  1.870940e+01  1.141992e+01  1.365000e+03  9.689925e-01 6  3.083755e-01  2.800687e+01 1  14.5835  5.126812e-01 -4.275453e+00  0  0.3260  1.553809e+12  0.000000e+00  0.000000e+00  1.528911e-01 -1.694597e+02  2.040459e+01  1  0.3260  5.629030e+10  0.000000e+00  0.000000e+00  2.840105e-01 -1.802052e+02  2.059150e-01  2  0.3260  2.753603e+13  5.193013e+00 -3.973558e+01  4.281709e-01  5.135975e+01  1.171447e+01  3  0.3260  1.991560e+11  5.193013e+00 -3.973558e+01  3.033436e-01  1.448165e+01  9.030098e-01  4  0.3260  1.458350e+01  0.000000e+00  0.000000e+00  4.620411e-02  9.882352e+01  0.000000e+00 
3  1.438408e+02  9.517194e+01  9.160000e+02  1.013133e+00 6 -1.000000e+00  2.546516e+02 3  11.3436 -3.273857e-01  4.358466e-01 -1 -1.0000 -1.000000e+00 -1.000000e+00 -1.000000e+00 -1.000000e+00 -1.000000e+00 -1.000000e+00 -1 -1.0000 -1.000000e+00 -1.000000e+00 -1.000000e+00 -1.000000e+00 -1.000000e+00 -1.000000e+00  0  0.6910  1.165941e+13  0.000000e+00  0.000000e+00  2.057005e-01  2.162227e+01  2.845547e+00  1  0.6910  1.049837e+11  0.000000e+00  0.000000e+00  3.169292e-01  6.209098e+01  6.760828e-02  2  0.6910  1.134360e+01  0.000000e+00  0.000000e+00  2.158925e-02  5.688317e+01  0.000000e+00 
5  2.365129e+01  4.638609e+01  1.055000e+03  4.784258e-01 6  2.861696e-01  7.573918e+01 3  12.0936 -1.217460e+00  3.884381e-01  0  1.1750  5.460130e+11  0.000000e+00  0.000000e+00  4.988062e-01  4.198678e+01  1.857797e+01  1  1.1750  1.575087e+10  0.000000e+00  0.000000e+00  1.103597e-01  1.259200e+01  7.102555e-02  2  1.1750  4.793749e+12 -1.297593e+01  1.087554e+00  2.373112e-01 -5.570467e+01  3.157833e+00  3  1.1750  1.075442e+11 -1.297593e+01  1.087554e+00  3.708308e-01 -4.872333e+01  6.406048e-02  4  1.1750  1.209360e+01  0.000000e+00  0.000000e+00  1.347497e-01 -1.210008e+02  0.000000e+00 
3  5.640103e+01  5.275478e+01  8.550000e+02  1.136719e+00 6 -1.000000e+00  8.534502e+01 1  13.1804  7.098757e-01 -9.666818e-02 -1 -1.0000 -1.000000e+00 -1.000000e+00 -1.000000e+00 -1.000000e+00 -1.000000e+00 -1.000000e+00 -1 -1.0000 -1.000000e+00 -1.000000e+00 -1.000000e+00 -1.000000e+00 -1.000000e+00 -1.000000e+00  0  1.4770  2.549607e+13  0.000000e+00  0.000000e+00  6.299918e-01  1.522287e+02  3.291852e+00  1  1.4770  1.220608e+11  0.000000e+00  0.000000e+00  4.131917e-01  1.446012e+02  6.940957e-02  2  1.4770  1.318040e+01  0.000000e+00  0.000000e+00  4.380158e-02 -1.045974e+02  0.000000e+00 
3  4.303737e+01  3.587502e+01  3.817000e+03  4.490404e-01 6 -1.000000e+00  7.282704e+01 1   8.4139 -5.774645e-02  1.847568e-01 -1 -1.0000 -1.000000e+00 -1.000000e+00 -1.000000e+00 -1.000000e+00 -1.000000e+00 -1.000000e+00 -1 -1.0000 -1.000000e+00 -1.000000e+00 -1.000000e+00 -1.000000e+00 -1.000000e+00 -1.000000e+00  0  1.0360  1.298684e+12  0.000000e+00  0.000000e+00  3.020042e-01 -4.164178e+01  5.190962e+00  1  1.0360  4.581020e+10  0.000000e+00  0.000000e+00  2.386085e-01 -3.081594e+01  9.849518e-02  2  1.0360  8.413860e+00  0.000000e+00  0.000000e+00  1.302858e-01  8.382664e+00  0.000000e+00 
2  2.880069e+01  1.517390e+01  6.329000e+03  6.672262e-01 6 -1.000000e+00  4.283902e+01 1  13.1947  4.980659e-01  9.435643e-02 -1 -1.0000 -1.000000e+00 -1.000000e+00 -1.000000e+00 -1.000000e+00 -1.000000e+00 -1.000000e+00 -1 -1.0000 -1.000000e+00 -1.000000e+00 -1.000000e+00 -1.000000e+00 -1.000000e+00 -1.000000e+00  0  1.2440  1.303428e+12  0.000000e+00  0.000000e+00  4.306534e-02  6.905882e+01  7.991044e+00  1  1.2440  5.260661e+10  0.000000e+00  0.000000e+00  1.624820e-01  5.342720e+01  2.797173e-02  2  1.2440  1.319470e+01  0.000000e+00  0.000000e+00  2.312847e-02  7.693436e+01  0.000000e+00 
3  1.164343e+02  1.091610e+02  2.100000e+03  2.537255e-01 6  2.840570e-01  1.551728e+02 1  12.7180 -3.056724e-01  4.298231e-01  0  1.2970  2.923864e+11  0.000000e+00  0.000000e+00  3.765551e-01 -1.561690e+02  1.596882e+01  1  1.2970  5.630297e+09  0.000000e+00  0.000000e+00  2.045195e-01 -1.236133e+02  3.509881e-02  2  1.2970  1.992676e+12 -1.088238e+01  1.944689e+01  3.753804e-01  6.017323e+01  3.673773e+00  3  1.2970  6.254641e+10 -1.088238e+01  1.944689e+01  2.629949e-01  1.008373e+02  5.876263e-02  4  1.2970  1.271800e+01  0.000000e+00  0.000000e+00  1.261071e-01  2.801657e+01  0.000000e+00 
2  6.660879e+01  4.208470e+01  2.491000e+03  1.176568e+00 6  2.748746e-01  7.613504e+01 1  18.0058  4.262008e-01 -3.769358e-01  0  1.3630  1.299056e+12  0.000000e+00  0.000000e+00  1.600340e-01 -1.315753e+02  2.748544e+01  1  1.3630  6.735268e+10  0.000000e+00  0.000000e+00  4.642828e-01 -1.426751e+02  2.717481e-02  2  1.3630  2.805648e+12  3.580752e+00  1.485277e+01  6.975266e-02  1.194993e+02  4.448764e+00  3  1.3630  6.779320e+10  3.580752e+00  1.485277e+01  4.473664e-02  1.202340e+02  3.993242e-02  4  1.3630  1.800580e+01  0.000000e+00  0.000000e+00  2.838515e-01 -6.564325e+01  0.000000e+00 
3  2.880069e+01  1.765482e+01  6.329000e+03  2.706117e-01 6 -1.000000e+00  4.001701e+01 1  13.1947  1.318586e-01 -1.006241e-01 -1 -1.0000 -1.000000e+00 -1.000000e+00 -1.000000e+00 -1.000000e+00 -1.000000e+00 -1.000000e+00 -1 -1.0000 -1.000000e+00 -1.000000e+00 -1.000000e+00 -1.000000e+00 -1.000000e+00 -1.000000e+00  0  1.8720  7.564247e+11  0.000000e+00  0.000000e+00  1.767746e-01  1.687524e+02  3.701863e+00  1  1.8720  1.614301e+10  0.000000e+00  0.000000e+00  1.146162e-01  2.590100e+02  4.307685e-02  2  1.8720  1.319470e+01  0.000000e+00  0.000000e+00  1.875212e-01  1.593903e+01  0.000000e+00 
2  4.709969e+00  2.929548e+00  5.647000e+03  4.229561e-01 6 -1.000000e+00  6.144541e+00 1  18.0167 -2.692310e-01 -2.786988e-01 -1 -1.0000 -1.000000e+00 -1.000000e+00 -1.000000e+00 -1.000000e+00 -1.000000e+00 -1.000000e+00 -1 -1.0000 -1.000000e+00 -1.000000e+00 -1.000000e+00 -1.000000e+00 -1.000000e+00 -1.000000e+00  0  2.2680  2.075995e+12  0.000000e+00  0.000000e+00  4.460141e-01  2.687513e+01  2.233493e+00  1  2.2680  5.355626e+10  0.000000e+00  0.000000e+00  3.137867e-01  8.794387e-01  1.358738e-02  2  2.2680  1.801670e+01  0.000000e+00  0.000000e+00  8.784958e-03  4.428784e+01  0.000000e+00 
3  1.671424e+01  4.463021e+01  4.340000e+03  5.126320e+00 6 -1.000000e+00  5.261658e+01 3   9.3391  7.264572e+00 -9.186299e+00 -1 -1.0000 -1.000000e+00 -1.000000e+00 -1.000000e+00 -1.000000e+00 -1.000000e+00 -1.000000e+00 -1 -1.0000 -1.000000e+00 -1.000000e+00 -1.000000e+00 -1.000000e+00 -1.000000e+00 -1.000000e+00  0  0.7930  1.648407e+14  0.000000e+00  0.000000e+00  5.169987e-01  4.718861e+01  3.843958e+00  1  0.7930  5.639875e+11  0.000000e+00  0.000000e+00  4.093257e-01  5.938270e+01  5.131088e-01  2  0.7930  9.339100e+00  0.000000e+00  0.000000e+00  2.916310e-01 -1.460224e+02  0.000000e+00 
5  4.546799e+01  7.782424e+01  1.334000e+03  2.619187e-01 6  2.787831e-01  1.035432e+02 3  18.0030  5.077010e-01  9.891093e-01  0  1.9530  2.940595e+11  0.000000e+00  0.000000e+00  2.783652e-01 -1.134250e+02  1.367896e+01  1  1.9530  4.098343e+09  0.000000e+00  0.000000e+00  4.233427e-01 -1.512047e+02  7.630930e-02  2  1.9530  5.485935e+12  2.019589e+00  4.396774e+00  4.850242e-01  5.929316e+01  3.130945e+00  3  1.9530  5.892603e+10  2.019589e+00  4.396774e+00  1.748996e-01  3.421949e+01  6.228756e-02  4  1.9530  1.800300e+01  0.000000e+00  0.000000e+00  2.157788e-01 -1.479657e+02  0.000000e+00 
3  9.479066e+01  1.404796e+02  3.330000e+02  5.249892e-01 6 -1.000000e+00  1.934650e+02 3  13.8860 -1.102212e-01 -5.458268e-02 -1 -1.0000 -1.000000e+00 -1.000000e+00 -1.000000e+00 -1.000000e+00 -1.000000e+00 -1.000000e+00 -1 -1.0000 -1.000000e+00 -1.000000e+00 -1.000000e+00 -1.000000e+00 -1.000000e+00 -1.000000e+00  0  0.5360  1.262822e+12  0.000000e+00  0.000000e+00  5.889816e-02  1.418325e+02  5.679146e+00  1  0.5360  4.604527e+10  0.000000e+00  0.000000e+00  2.168469e-01  1.674957e+02  1.133561e-01  2  0.5360  1.388600e+01  0.000000e+00  0.000000e+00  1.383556e-01 -1.376627e+02  0.000000e+00 
3  3.085012e+01  3.471725e+01  3.564000e+03  4.801475e-01 6  2.736886e-01  6.002680e+01 3  15.4559 -1.776984e+00 -1.017152e+00  0  1.9040  7.090201e+11  0.000000e+00  0.000000e+00  3.316087e-01  2.389250e+01  9.950017e+00  1  1.9040  2.098923e+10  0.000000e+00  0.000000e+00  2.748036e-01 -4.984726e+01  6.060191e-02  2  1.9040  1.361215e+13 -1.005754e+01 -3.232547e+00  3.006497e-01  7.843792e+01  3.387083e+00  3  1.9040  9.128244e+10 -1.005754e+01 -3.232547e+00  5.719719e-01  8.175303e+01  4.510147e-02  4  1.9040  1.545590e+01  0.000000e+00  0.000000e+00  2.792074e-02 -1.426214e+02  0.000000e+00 
3  3.223251e+01  1.792257e+01  9.760000e+03  5.541618e-01 6 -1.000000e+00  4.554859e+01 1  18.9136 -5.642645e-01  6.887125e-02 -1 -1.0000 -1.000000e+00 -1.000000e+00 -1.000000e+00 -1.000000e+00 -1.000000e+00 -1.000000e+00 -1 -1.0000 -1.000000e+00 -1.000000e+00 -1.000000e+00 -1.000000e+00 -1.000000e+00 -1.000000e+00  0  2.6160  4.596052e+12  0.000000e+00  0.000000e+00  2.350584e-01  1.402069e+02  2.815363e+00  1  2.6160  6.197018e+10  0.000000e+00  0.000000e+00  3.375076e-01  1.855914e+02  3.925347e-02  2  2.6160  1.891360e+01  0.000000e+00  0.000000e+00  1.581596e-01 -1.723973e+02  0.000000e+00 
1  6.632811e+01  1.487752e+02  9.079000e+03  1.112745e-01 0 -1.000000e+00  1.487752e+02 2  13.7160  4.112164e-02  5.548686e-02 -1 -1.0000 -1.000000e+00 -1.000000e+00 -1.000000e+00 -1.000000e+00 -1.000000e+00 -1.000000e+00 -1 -1.0000 -1.000000e+00 -1.000000e+00 -1.000000e+00 -1.000000e+00 -1.000000e+00 -1.000000e+00  0  2.6550  3.024906e+11  0.000000e+00  0.000000e+00  3.099129e-01 -4.784391e+01  8.014600e+00  1  2.6550  1.837843e+09  0.000000e+00  0.000000e+00  2.798166e-01 -7.399471e+01  6.907581e-02  2  2.6550  1.371600e+01  0.000000e+00  0.000000e+00  1.728195e-01  1.639955e+02  0.000000e+00 
1  2.308066e+01  4.115505e+01  9.306000e+03  1.898455e+00 0 -1.000000e+00  4.115505e+01 2  16.7282  1.504682e+00  8.481749e-01 -1 -1.0000 -1.000000e+00 -1.000000e+00 -1.000000e+00 -1.000000e+00 -1.000000e+00 -1.000000e+00 -1 -1.0000 -1.000000e+00 -1.000000e+00 -1.000000e+00 -1.000000e+00 -1.000000e+00 -1.000000e+00  0  2.7560  1.750712e+13  0.000000e+00  0.000000e+00  3.027437e-01 -6.478330e+01  4.095113e+00  1  2.7560  7.004740e+10  0.000000e+00  0.000000e+00  1.717112e-01 -5.081085e+01  4.036402e-02  2  2.7560  1.672820e+01  0.000000e+00  0.000000e+00  9.013595e-02  7.477274e+01  0.000000e+00 
3  1.211250e+01  8.271458e+00  6.880000e+02  1.339542e+00 6 -1.000000e+00  1.960814e+01 1   7.8885 -6.417580e-01  8.130545e-01 -1 -1.0000 -1.000000e+00 -1.000000e+00 -1.000000e+00 -1.000000e+00 -1.000000e+00 -1.000000e+00 -1 -1.0000 -1.000000e+00 -1.000000e+00 -1.000000e+00 -1.000000e+00 -1.000000e+00 -1.000000e+00  0  0.8980  1.987309e+13  0.000000e+00  0.000000e+00  4.889113e-01 -1.718141e+01  6.003266e+00  1  0.8980  1.332439e+11  0.000000e+00  0.000000e+00  3.556954e-01 -4.041499e+00  1.064199e-01  2  0.8980  7.888520e+00  0.000000e+00  0.000000e+00  1.265794e-01 -9.502739e+01  0.000000e+00 
1  8.044898e+01  1.764540e+02  8.852000e+03  5.762674e-01 0  2.664331e-01  1.764540e+02 2  18.4488 -1.686414e+00  1.421197e+00  0  2.1430  8.171402e+11  0.000000e+00  0.000000e+00  7.535623e-02 -2.664112e+01  1.084222e+01  1  2.1430  2.995109e+10  0.000000e+00  0.000000e+00  6.452198e-01 -4.702961e+01  5.181298e-02  2  2.1430  2.277375e+13 -8.753625e+00  9.967141e+00  2.544760e-01  1.053246e+02  5.604626e+00  3  2.1430  8.136241e+10 -8.753625e+00  9.967141e+00  1.855643e-01  1.152765e+02  3.945736e-02  4  2.1430  1.844880e+01  0.000000e+00  0.000000e+00  3.144479e-01 -1.689228e+02  0.000000e+00 
1  3.841361e+01  7.163747e+01  2.915000e+03  8.273754e-02 0 -1.000000e+00  7.163747e+01 2  10.3257  4.611312e-02  4.646273e-02 -1 -1.0000 -1.000000e+00 -1.000000e+00 -1.000000e+00 -1.000000e+00 -1.000000e+00 -1.000000e+00 -1 -1.0000 -1.000000e+00 -1.000000e+00 -1.000000e+00 -1.000000e+00 -1.000000e+00 -1.000000e+00  0  1.1240  3.790162e+11  0.000000e+00  0.000000e+00  3.859489e-01  9.131537e+01  3.538488e+00  1  1.1240  5.858365e+09  0.000000e+00  0.000000e+00  2.986548e-01  1.659400e+02  1.258833e-01  2  1.1240  1.032570e+01  0.000000e+00  0.000000e+00  5.971883e-02 -6.141458e+01  0.000000e+00 
2  1.108062e+02  7.345246e+00  8.340000e+02  1.310603e+00 6  2.855889e-01  3.062748e+02 2   8.9719 -2.361021e+00 -8.551129e-01  0  1.1910  1.411777e+12  0.000000e+00  0.000000e+00  2.195317e-01 -8.440343e+01  1.363683e+01  1  1.1910  6.666779e+10  0.000000e+00  0.000000e+00  2.129922e-01 -6.635168e+01  3.359975e-02  2  1.1910  6.664471e+13 -9.700949e+00 -1.047286e-01  4.187278e-01 -1.087120e+02  4.128922e+00  3  1.1910  2.030707e+11 -9.700949e+00 -1.047286e-01  1.460800e-01 -1.045428e+02  6.123580e-02  4  1.1910  8.971880e+00  0.000000e+00  0.000000e+00  9.112190e-02  7.242245e+01  0.000000e+00 
1  5.533416e+01  1.057406e+02  1.408000e+03  4.649905e-02 0  2.936151e-01  1.057406e+02 2  15.9436 -1.534704e-01 -5.802049e-02  0  1.3660  2.449261e+10  0.000000e+00  0.000000e+00  3.417893e-01  1.184744e+02  2.530977e+01  1  1.3660  3.622817e+07  0.000000e+00  0.000000e+00  3.348371e-01  8.896537e+01  4.070038e-02  2  1.3660  3.850744e+11 -5.499568e+00 -1.877073e+00  2.656656e-01 -6.008586e+01  5.312721e+00  3  1.3660  4.513650e+09 -5.499568e+00 -1.877073e+00  5.692962e-02  2.879742e+01  9.898270e-02  4  1.3660  1.594360e+01  0.000000e+00  0.000000e+00  1.357103e-01  7.558204e+01  0.000000e+00 
2  4.090862e+01  3.617459e+00  2.527000e+03  2.095877e+00 6 -1.000000e+00  7.304386e+01 2  10.2461 -4.109500e-01 -2.390492e+00 -1 -1.0000 -1.000000e+00 -1.000000e+00 -1.000000e+00 -1.000000e+00 -1.000000e+00 -1.000000e+00 -1 -1.0000 -1.000000e+00 -1.000000e+00 -1.000000e+00 -1.000000e+00 -1.000000e+00 -1.000000e+00  0  1.7020  7.775861e+13  0.000000e+00  0.000000e+00  3.719317e-01 -3.133434e+01  2.447239e+00  1  1.7020  1.789746e+11  0.000000e+00  0.000000e+00  2.291343e-01 -1.092164e+01  3.966958e-02  2  1.7020  1.024610e+01  0.000000e+00  0.000000e+00  1.107062e-01 -2.949015e+01  0.000000e+00 
3  9.884971e+00  4.783566e+00  7.555000e+03  3.424219e-01 6 -1.000000e+00  1.370545e+01 1  11.9456 -1.107489e-01  2.337002e-01 -1 -1.0000 -1.000000e+00 -1.000000e+00 -1.000000e+00 -1.000000e+00 -1.000000e+00 -1.000000e+00 -1 -1.0000 -1.000000e+00 -1.000000e+00 -1.000000e+00 -1.000000e+00 -1.000000e+00 -1.000000e+00  0  2.0680  1.024230e+12  0.000000e+00  0.000000e+00  3.477370e-01 -1.055087e+02  5.226195e+00  1  2.0680  1.915693e+10  0.000000e+00  0.000000e+00  1.045227e-01 -1.218627e+02  4.078633e-02  2  2.0680  1.194560e+01  0.000000e+00  0.000000e+00  1.129003e-01  6.624774e+01  0.000000e+00 
1  3.262044e+01  6.192434e+01  3.693000e+03  6.155854e-02 0  2.718923e-01  6.192434e+01 2  17.4614  1.406232e-01 -8.790745e-03  0  2.8650  5.669525e+10  0.000000e+00  0.000000e+00  3.363164e-01  1.627382e+02  1.455162e+01  1  2.8650  1.882722e+08  0.000000e+00  0.000000e+00  1.908783e-01  1.450150e+02  6.930354e-02  2  2.8650  1.815368e+11  8.677811e-01  6.239669e-01  3.321746e-01  1.314540e+02  4.538741e+00  3  2.8650  9.563431e+08  8.677811e-01  6.239669e-01  5.816726e-01  1.533908e+02  3.667960e-02  4  2.8650  1.746140e+01  0.000000e+00  0.000000e+00  2.822841e-01 -1.241824e+02  0.000000e+00 
3  9.202325e+01  2.381605e+01  2.031000e+03  3.696336e+00 6 -1.000000e+00  1.748477e+02 2  17.1432 -9.972444e-01 -2.170732e+00 -1 -1.0000 -1.000000e+00 -1.000000e+00 -1.000000e+00 -1.000000e+00 -1.000000e+00 -1.000000e+00 -1 -1.0000 -1.000000e+00 -1.000000e+00 -1.000000e+00 -1.000000e+00 -1.000000e+00 -1.000000e+00  0  0.7470  4.230640e+13  0.000000e+00  0.000000e+00  1.261764e-01  9.650118e+01  6.734951e+00  1  0.7470  2.334484e+11  0.000000e+00  0.000000e+00  2.036109e-01  1.338569e+02  2.000239e-01  2  0.7470  1.714320e+01  0.000000e+00  0.000000e+00  7.720302e-02 -1.790808e+02  0.000000e+00 
3  4.046696e+01  5.044604e+01  6.481000e+03  1.288626e+00 6  2.868278e-01  6.221305e+01 1  13.6843  3.416067e+00  2.338427e+00  0  0.9240  2.558847e+12  0.000000e+00  0.000000e+00  2.977313e-01  4.845547e+01  1.772307e+01  1  0.9240  6.558170e+10  0.000000e+00  0.000000e+00  3.791884e-01  3.198953e+01  9.301343e-02  2  0.9240  3.357217e+13  3.250215e+01  1.540638e+01  3.490595e-01  5.477385e+01  5.163309e+00  3  0.9240  1.816006e+11  3.250215e+01  1.540638e+01  8.074595e-02  1.501726e+02  2.271901e-01  4  0.9240  1.368430e+01  0.000000e+00  0.000000e+00  1.043934e-01  7.250115e+00  0.000000e+00 
3  3.171022e+02  1.354312e+02  7.958000e+03  3.384689e-01 6 -1.000000e+00  3.801652e+02 1   8.5318 -1.986868e-01 -2.719035e-01 -1 -1.0000 -1.000000e+00 -1.000000e+00 -1.000000e+00 -1.000000e+00 -1.000000e+00 -1.000000e+00 -1 -1.0000 -1.000000e+00 -1.000000e+00 -1.000000e+00 -1.000000e+00 -1.000000e+00 -1.000000e+00  0  1.6840  1.161195e+12  0.000000e+00  0.000000e+00  2.335113e-01  8.268998e+01  2.601579e+00  1  1.6840  2.813705e+10  0.000000e+00  0.000000e+00  8.641212e-02  7.477170e+01  3.787260e-02  2  1.6840  8.531750e+00  0.000000e+00  0.000000e+00  2.067422e-01 -9.418209e+01  0.000000e+00 
1  1.440643e+01  2.637782e+01  4.660000e+02  6.478996e-02 0  2.717275e-01  2.637782e+01 2  14.7507 -6.479410e-02  1.348262e-01  0  2.3270  1.004109e+11  0.000000e+00  0.000000e+00  3.576165e-01  1.735530e+02  1.276136e+01  1  2.3270  5.403559e+08  0.000000e+00  0.000000e+00  5.191797e-02  1.610983e+02  7.314112e-02  2  2.3270  1.874118e+11 -2.235090e+00 -8.363862e-01  3.553945e-01  1.553097e+02  4.663371e+00  3  2.3270  1.319193e+09 -2.235090e+00 -8.363862e-01  2.593288e-01  1.283064e+02  3.653041e-02  4  2.3270  1.475070e+01  0.000000e+00  0.000000e+00  1.326789e-01  1.514558e+02  0.000000e+00 
3  9.942034e+01  6.287140e+01  6.752000e+03  5.126740e-01 6 -1.000000e+00  1.256411e+02 1  17.5704  1.136257e-01  3.429747e-01 -1 -1.0000 -1.000000e+00 -1.000000e+00 -1.000000e+00 -1.000000e+00 -1.000000e+00 -1.000000e+00 -1 -1.0000 -1.000000e+00 -1.000000e+00 -1.000000e+00 -1.000000e+00 -1.000000e+00 -1.000000e+00  0  0.6430  8.538332e+11  0.000000e+00  0.000000e+00  1.980002e-01  5.980366e+01  4.244754e+00  1  0.6430  3.775007e+10  0.000000e+00  0.000000e+00  3.300147e-01  7.405338e+01  1.464986e-01  2  0.6430  1.757040e+01  0.000000e+00  0.000000e+00  1.445398e-01 -5.691014e+01  0.000000e+00 
3  7.212873e+01  8.513725e+01  4.333000e+03  2.618794e-01 6 -1.000000e+00  1.150998e+02 1  13.0607 -7.455773e-02 -3.448987e-02 -1 -1.0000 -1.000000e+00 -1.000000e+00 -1.000000e+00 -1.000000e+00 -1.000000e+00 -1.000000e+00 -1 -1.0000 -1.000000e+00 -1.000000e+00 -1.000000e+00 -1.000000e+00 -1.000000e+00 -1.000000e+00  0  0.7760  5.425476e+11  0.000000e+00  0.000000e+00  2.860370e-01  1.564978e+02  8.869678e+00  1  0.7760  1.585924e+10  0.000000e+00  0.000000e+00  2.593524e-01  1.616680e+02  1.309440e-01  2  0.7760  1.306070e+01  0.000000e+00  0.000000e+00  7.156528e-02 -8.225404e+00  0.000000e+00 
3  2.130785e+01  1.355282e+01  6.385000e+03  3.884831e-01 6 -1.000000e+00  3.148773e+01 1   9.2011 -1.343935e-01  2.513403e-01 -1 -1.0000 -1.000000e+00 -1.000000e+00 -1.000000e+00 -1.000000e+00 -1.000000e+00 -1.000000e+00 -1 -1.0000 -1.000000e+00 -1.000000e+00 -1.000000e+00 -1.000000e+00 -1.000000e+00 -1.000000e+00  0  1.1330  1.773011e+12  0.000000e+00  0.000000e+00  2.725660e-01  8.318315e+01  3.804908e+00  1  1.1330  3.182766e+10  0.000000e+00  0.000000e+00  2.164223e-01  1.330775e+02  9.425793e-02  2  1.1330  9.201100e+00  0.000000e+00  0.000000e+00  4.712442e-02  4.010519e+01  0.000000e+00 
1  2.026454e+02  3.788292e+02  5.424000e+03  1.608378e-01 0 -1.000000e+00  3.788292e+02 2  11.3531 -7.094317e-02  6.072780e-01 -1 -1.0000 -1.000000e+00 -1.000000e+00 -1.000000e+00 -1.000000e+00 -1.000000e+00 -1.000000e+00 -1 -1.0000 -1.000000e+00 -1.000000e+00 -1.000000e+00 -1.000000e+00 -1.000000e+00 -1.000000e+00  0  0.1470  1.027975e+12  0.000000e+00  0.000000e+00  2.843692e-01 -1.688869e+02  1.514878e+01  1  0.1470  3.963991e+10  0.000000e+00  0.000000e+00  4.781203e-01 -1.824115e+02  1.604283e+00  2  0.1470  1.135310e+01  0.000000e+00  0.000000e+00  1.347037e-01  2.291630e+01  0.000000e+00 
3  1.276940e+01  1.686957e+01  6.200000e+03  6.268315e-01 6 -1.000000e+00  1.704664e+01 1  11.9276 -8.801894e-02  3.427596e-01 -1 -1.0000 -1.000000e+00 -1.000000e+00 -1.000000e+00 -1.000000e+00 -1.000000e+00 -1.000000e+00 -1 -1.0000 -1.000000e+00 -1.000000e+00 -1.000000e+00 -1.000000e+00 -1.000000e+00 -1.000000e+00  0  1.0300  3.984024e+12  0.000000e+00  0.000000e+00  3.302367e-01  9.276074e+01  3.196733e+00  1  1.0300  6.885587e+10  0.000000e+00  0.000000e+00  4.463849e-01  1.288915e+02  1.099012e-01  2  1.0300  1.192760e+01  0.000000e+00  0.000000e+00  9.120772e-02 -8.788445e+01  0.000000e+00 
3  1.966055e+02  1.023410e+02  8.843000e+03  5.277731e-01 6 -1.000000e+00  2.643582e+02 1  12.0889  3.771927e-02 -4.237493e-01 -1 -1.0000 -1.000000e+00 -1.000000e+00 -1.000000e+00 -1.000000e+00 -1.000000e+00 -1.000000e+00 -1 -1.0000 -1.000000e+00 -1.000000e+00 -1.000000e+00 -1.000000e+00 -1.000000e+00 -1.000000e+00  0  1.1090  1.625101e+12  0.000000e+00  0.000000e+00  2.188704e-01  8.725041e+01  4.836101e+00  1  1.1090  3.798040e+10  0.000000e+00  0.000000e+00  2.725059e-01  8.064972e+01  1.010008e-01  2  1.1090  1.208890e+01  0.000000e+00  0.000000e+00  4.515779e-02  1.334631e+02  0.000000e+00 
3  1.469118e+01  1.107803e+01  5.870000e+02  6.565977e-01 6 -1.000000e+00  1.921513e+01 1  14.3933 -1.851247e-01  2.516454e-01 -1 -1.0000 -1.000000e+00 -1.000000e+00 -1.000000e+00 -1.000000e+00 -1.000000e+00 -1.000000e+00 -1 -1.0000 -1.000000e+00 -1.000000e+00 -1.000000e+00 -1.000000e+00 -1.000000e+00 -1.000000e+00  0  1.3400  1.268203e+12  0.000000e+00  0.000000e+00  1.864801e-01 -6.926951e+01  7.078654e+00  1  1.3400  5.217357e+10  0.000000e+00  0.000000e+00  1.937782e-01 -1.100135e+02  5.481391e-02  2  1.3400  1.439330e+01  0.000000e+00  0.000000e+00  3.292076e-01  1.643491e+02  0.000000e+00 
3  3.223251e+01  3.081789e+01  9.760000e+03  1.112573e+00 6 -1.000000e+00  4.951010e+01 1  18.9136 -4.505941e-01 -3.595678e-01 -1 -1.0000 -1.000000e+00 -1.000000e+00 -1.000000e+00 -1.000000e+00 -1.000000e+00 -1.000000e+00 -1 -1.0000 -1.000000e+00 -1.000000e+00 -1.000000e+00 -1.000000e+00 -1.000000e+00 -1.000000e+00  0  1.8310  6.185082e+12  0.000000e+00  0.000000e+00  3.231513e-01 -1.074728e+02  3.953988e+00  1  1.8310  1.168045e+11  0.000000e+00  0.000000e+00  2.939814e-01 -1.136546e+02  1.040166e-01  2  1.8310  1.891360e+01  0.000000e+00  0.000000e+00  9.742061e-02  1.200361e+01  0.000000e+00 
1  1.001595e+02  2.231816e+02  8.952000e+03  1.836036e-01 0  2.811444e-01  2.231816e+02 2  18.0013 -2.181471e-01 -3.761618e-01  0  1.9350  1.470116e+11  0.000000e+00  0.000000e+00  5.329014e-01 -7.931866e+01  1.559649e+01  1  1.9350  9.481336e+08  0.000000e+00  0.000000e+00  5.547537e-01 -7.204391e+01  3.173883e-02  2  1.9350  1.796102e+12 -5.643015e+00 -5.821405e+00  1.253019e-01 -1.710681e+01  4.526831e+00  3  1.9350  3.469404e+10 -5.643015e+00 -5.821405e+00  3.930410e-01  5.545835e-01  3.936803e-02  4  1.9350  1.800130e+01  0.000000e+00  0.000000e+00  8.351583e-02 -1.351899e+02  0.000000e+00 
3  5.917105e+01  3.518735e+01  1.620000e+03  2.237263e-01 6 -1.000000e+00  8.182599e+01 1  17.5694  3.606263e-02 -1.580182e-01 -1 -1.0000 -1.000000e+00 -1.000000e+00 -1.000000e+00 -1.000000e+00 -1.000000e+00 -1.000000e+00 -1 -1.0000 -1.000000e+00 -1.000000e+00 -1.000000e+00 -1.000000e+00 -1.000000e+00 -1.000000e+00  0  2.6190  5.248253e+11  0.000000e+00  0.000000e+00  8.709513e-03 -7.938346e+01  5.351287e+00  1  2.6190  5.930563e+09  0.000000e+00  0.000000e+00  4.005071e-01 -9.725686e+01  3.098458e-02  2  2.6190  1.756940e+01  0.000000e+00  0.000000e+00  2.327746e-01  1.181105e+02  0.000000e+00 
