# num_image x_src y_src, sep, ein, fr, zs, fs, flag_out, frac_sh_trunc
# x_img, y_img, mag, delay, n_i, kappa, gamma1, gamma2, kappa*
# zmin, zmax, log10Mhmin, log10Mhmax, log10mshmin, log10mshmax, n_bins: 0.10, 3.00, 10.00, 16.00, 9.00, 16.00, 100
3 -5.911162e-01 -3.087985e-01  4.173499e+00  2.201573e+00  6.799283e-02  1.475070e+01 6 2 -1.000000e+00
-2.457673e+00 -1.283267e+00  2.094002e+01  0.000000e+00  0.000000e+00  5.138161e-01 -2.710387e-01 -3.393484e-01  1.801453e-02
 1.220324e+00  6.891517e-01 -1.423771e+00  1.778748e+02  5.000000e-01  7.778484e-01 -4.644514e-01 -7.321178e-01  1.093039e-01
 9.219222e-03  4.957387e-03  3.684024e-04  2.542898e+02  1.000000e+00  5.394777e+01 -4.757212e+00 -8.149357e+00  5.200561e+01
3  2.151487e-01  1.056626e-01  8.716083e-01  4.152575e-01  3.666674e-01  9.335880e+00 6 1 -1.000000e+00
-1.816888e-01 -9.948596e-02 -7.394918e-01  3.405326e+01  5.000000e-01  9.578241e-01 -5.371560e-01 -1.032241e+00  5.987551e-01
 6.433619e-01  1.815699e-01  2.016792e+00  0.000000e+00  0.000000e+00  2.620100e-01 -1.279143e-01 -1.800839e-01  4.401607e-02
-1.552596e-02 -7.439935e-03  9.920844e-03  3.650191e+01  1.000000e+00  1.175417e+01 -2.445676e+00 -2.978736e+00  1.104122e+01
5  3.070940e-01 -3.187667e-01  1.130548e+00  4.206972e-01  1.000000e+00  1.672230e+01 6 1  2.809917e-01
-1.332195e-01 -2.966908e-01 -9.993468e-01  1.540723e+01  5.000000e-01  6.922855e-01  5.820592e-01 -8.697982e-01  1.206625e-01
 4.418054e-01 -2.551504e-01  2.839660e+00  7.981377e+00  0.000000e+00  3.740653e-01 -1.679499e-01  1.069219e-01  2.362498e-02
 2.626114e-01  2.498738e-01 -1.472199e+00  1.211219e+01  5.000000e-01  5.738022e-01  5.823161e-04 -9.278470e-01  8.344215e-02
-4.577439e-01  4.296480e-01  2.091538e+00  0.000000e+00  0.000000e+00  3.055855e-01 -2.503658e-02  5.888680e-02  1.400352e-02
 1.237276e-04 -4.612368e-04  1.014211e-04  2.860434e+01  1.000000e+00  1.016279e+02  1.628294e+01  9.852282e-01  9.927765e+01
2 -2.465653e-01 -2.105628e-01  2.014149e+00  8.288740e-01  4.865823e-01  7.984000e+00 6 3 -1.000000e+00
-1.139576e+00 -9.483365e-01  2.495997e+00  0.000000e+00  0.000000e+00  3.668852e-01  6.356732e-03 -1.234787e-02  1.384390e-03
 4.162566e-01  3.307961e-01 -5.129651e+00  2.496573e+02  5.000000e-01  6.633531e-01 -1.106026e-01 -5.440986e-01  2.769144e-02
5 -9.284302e-03 -1.036947e-02  1.253531e+00  5.775303e-01  1.000000e+00  1.301290e+01 6 3 -1.000000e+00
 3.342160e-01 -5.376270e-01  4.322714e+00  0.000000e+00  0.000000e+00  3.627052e-01  1.856655e-01  3.746155e-01  4.713681e-02
-4.427204e-01 -3.381706e-01 -3.440209e+00  3.070926e+00  5.000000e-01  4.792534e-01 -2.120442e-01 -7.189536e-01  1.389017e-01
 4.138358e-01  3.404497e-01 -2.710587e+00  4.402904e+00  5.000000e-01  5.014329e-01 -1.697052e-01 -7.672634e-01  1.537169e-01
-4.307378e-01  4.554422e-01  4.493554e+00  2.866207e-01  0.000000e+00  3.644260e-01  1.085538e-03  4.259251e-01  4.714112e-02
 1.128423e-04  1.208667e-04  1.237175e-04  2.110470e+01  1.000000e+00  9.338361e+01 -2.040860e-02 -2.125555e+01  9.136623e+01
3  2.384949e+00 -1.358040e-01  2.768705e+00  1.376395e+00  1.931101e-01  1.439330e+01 6 1  2.776358e-01
 1.768170e+00  1.708551e+00  1.858438e+00  0.000000e+00  0.000000e+00  2.205959e-01 -3.775998e-02 -2.606891e-01  9.528475e-04
-2.647223e-01 -1.710966e-01 -3.588833e-01  5.299120e+02  5.000000e-01  1.911127e+00 -8.900173e-01 -1.680608e+00  2.486300e-01
-2.344884e-02 -1.779431e-02  3.362414e-03  5.361683e+02  1.000000e+00  1.969786e+01 -2.156666e+00 -6.895887e+00  1.520896e+01
2 -5.073705e-01 -3.327915e-01  2.157949e+00  1.053660e+00  9.623453e-02  1.385840e+01 6 2 -1.000000e+00
-1.393544e+00 -9.445245e-01  5.544118e+00  0.000000e+00  0.000000e+00  4.248099e-01 -1.942619e-01 -3.357598e-01  1.049431e-03
 3.838782e-01  2.792044e-01 -5.335356e-01  4.895153e+02  5.000000e-01  9.086098e-01 -4.170726e-01 -1.307169e+00  4.247909e-02
2  1.236505e-01  2.789425e+00  7.165622e+00  3.723760e+00  4.715591e-03  1.475370e+01 6 2 -1.000000e+00
-2.432029e+00  6.500444e+00  3.729710e+00  0.000000e+00  0.000000e+00  3.974296e-01  2.865435e-01  1.134310e-01  1.323389e-04
-2.874893e-02 -2.501396e-01 -1.758779e-02  3.024799e+03  5.000000e-01  4.247320e+00  8.084105e+00 -1.431772e+00  1.802799e+00
3  7.679281e-01 -6.817869e-02  2.459543e+00  1.078759e+00  9.711921e-02  1.325550e+01 6 2 -1.000000e+00
 1.977952e+00  3.020287e-01  3.563063e+00  0.000000e+00  0.000000e+00  3.845717e-01 -3.114568e-01 -3.300420e-02  1.405008e-03
-4.747018e-01  1.180688e-01 -3.460418e-01  3.235803e+02  5.000000e-01  9.857186e-01 -1.568301e+00  6.560947e-01  1.479879e-01
-2.520910e-03  1.050597e-03  1.550346e-05  3.831317e+02  1.000000e+00  2.780040e+02 -2.902031e+01  1.067113e+02  2.754266e+02
5  4.043557e-03  1.053762e-02  5.520861e-01  2.554097e-01  1.000000e+00  1.134660e+01 6 3 -1.000000e+00
-1.576362e-01 -1.561819e-01 -1.809525e+00  3.432309e+00  5.000000e-01  5.691485e-01  1.413739e-02 -8.591067e-01  1.931297e-01
 2.121696e-01 -1.731174e-01  3.659661e+00  6.628640e-01  0.000000e+00  3.590120e-01 -7.908914e-02  3.624378e-01  4.080504e-02
 1.875382e-01  1.467743e-01 -2.462714e+00  2.312560e+00  5.000000e-01  5.323965e-01 -1.636813e-01 -7.732513e-01  1.675519e-01
-1.673394e-01  2.278463e-01  3.341023e+00  0.000000e+00  0.000000e+00  3.486020e-01  1.337289e-01  3.273016e-01  3.598310e-02
-7.532245e-05 -1.273814e-04  1.623433e-04  1.124799e+01  1.000000e+00  8.252272e+01  2.255982e-01 -2.204808e+01  8.093571e+01
3  2.890507e-03 -4.360495e-02  3.945402e-01  1.770303e-01  6.981701e-01  1.208280e+01 6 3 -1.000000e+00
 3.203154e-02 -2.482488e-01  3.996591e+00  0.000000e+00  0.000000e+00  4.379839e-01  2.505989e-01  5.337712e-02  3.733078e-02
 5.006750e-03  1.453647e-01 -5.724380e+00  3.991479e+00  5.000000e-01  6.573910e-01  5.363204e-01 -6.657869e-02  1.413904e-01
-9.520391e-05  1.952580e-03  2.809793e-03  5.834353e+00  1.000000e+00  2.035128e+01  4.306543e+00  1.656438e-01  1.885206e+01
2 -4.133167e-01 -6.269183e-02  1.694522e+00  8.629730e-01  1.195909e-01  1.755670e+01 6 3 -1.000000e+00
-1.016606e+00 -8.291682e-01  4.219813e+00  0.000000e+00  0.000000e+00  4.175776e-01 -2.149609e-01 -2.367074e-01  2.629093e-03
 4.459199e-01  2.665002e-02 -5.046512e-01  1.956988e+02  5.000000e-01  7.830498e-01 -1.420003e+00 -1.105727e-01  5.941609e-02
3  2.309827e+00  1.113740e+00  1.086366e+00  5.838587e-01  3.279774e-01  1.255040e+01 6 1  3.110587e-01
 4.281686e-01  8.685131e-01  2.022916e+00  0.000000e+00  0.000000e+00  2.553285e-01  1.045048e-01 -2.219875e-01  1.302223e-03
-1.179078e-01 -7.063111e-02 -6.634709e-01  2.868505e+01  5.000000e-01  1.313916e+00 -2.572218e-01 -1.240808e+00  3.386920e-01
-2.960801e-02 -1.367984e-02  5.289606e-02  2.887272e+01  1.000000e+00  5.842943e+00 -1.996254e+00 -7.510418e-01  4.245714e+00
3  2.484235e-01  1.281983e-01  8.483050e-01  4.743548e-01  5.726560e-02  7.574520e+00 6 2 -1.000000e+00
 4.493927e-01  4.347299e-01  5.353895e+00  0.000000e+00  0.000000e+00  3.108437e-01 -1.269443e-01 -5.215761e-01  5.683903e-02
-2.058547e-01 -1.040393e-01 -3.065940e-01  3.712477e+01  5.000000e-01  9.997849e-01 -1.114701e+00 -1.420945e+00  6.240457e-01
-6.907227e-03 -3.700744e-03  1.084468e-03  4.327605e+01  1.000000e+00  3.346315e+01 -6.118470e+00 -9.711281e+00  3.267340e+01
3  1.555808e-01 -2.446538e-01  7.140096e-01  2.795422e-01  1.800506e-01  1.209360e+01 6 1 -1.000000e+00
 2.161176e-01 -5.399510e-01  1.724671e+00  0.000000e+00  0.000000e+00  1.944050e-01  7.988496e-02  2.505612e-01  1.806161e-02
-6.179307e-02  1.177536e-01 -3.105280e-01  2.614822e+01  5.000000e-01  9.154116e-01  7.269945e-01  1.642850e+00  6.119547e-01
-3.512644e-03  8.907122e-03  2.891299e-03  2.764669e+01  1.000000e+00  2.039223e+01  5.262314e+00  1.581573e+00  1.985853e+01
3  1.429593e+00 -5.134319e-01  4.506063e+00  1.740628e+00  1.137723e-01  8.973380e+00 6 1 -1.000000e+00
 4.325486e+00 -5.773273e-01  2.693331e+00  0.000000e+00  0.000000e+00  3.657460e-01 -1.594038e-01  7.470654e-02  5.041043e-04
-1.001211e-01  5.695528e-02  1.784795e-01  1.142522e+03  1.000000e+00  5.862384e+00 -2.261509e+00  3.595201e+00  3.974067e+00
-1.331545e-01  7.469476e-02 -3.064265e-01  1.142501e+03  5.000000e-01  4.293627e+00 -2.131832e+00  3.093007e+00  2.528466e+00
1 -4.112248e-01  7.788205e-01  0.000000e+00  5.931817e-01  0.000000e+00  1.208860e+01 0 2  2.951080e-01
-7.021742e-01 -9.576542e-01  3.009118e+00  0.000000e+00  0.000000e+00  3.723610e-01  2.260656e-01 -1.024779e-01  9.440103e-03
1 -5.753372e-03 -9.736904e-02  0.000000e+00  4.308344e-02  0.000000e+00  1.367550e+01 0 2  2.787346e-01
-2.893505e-03 -1.068428e-01  5.427773e+00  0.000000e+00  0.000000e+00  5.018153e-01  2.492912e-01 -4.247715e-02  1.047634e-03
3  1.080863e+00  2.975336e-02  3.919400e+00  1.730563e+00  3.697187e-02  1.011650e+01 6 2 -1.000000e+00
 3.403637e+00 -1.346499e+00  3.259303e+00  0.000000e+00  0.000000e+00  4.326983e-01 -1.215301e-01  1.573476e-02  8.242225e-04
-2.714679e-01  1.559675e-02 -1.205026e-01  1.276754e+03  5.000000e-01  1.895769e+00 -2.963816e+00 -5.628285e-01  4.746337e-01
-1.088756e-02  3.708638e-03  1.737529e-04  1.304523e+03  1.000000e+00  9.053938e+01 -2.787284e+01  3.853706e+01  8.791792e+01
3  4.066688e-02  8.164045e-01  1.894566e+00  8.911844e-01  5.120494e-01  1.319080e+01 6 1  2.812635e-01
 1.114681e+00 -1.100085e+00  2.256592e+00  0.000000e+00  0.000000e+00  2.993859e-01  3.633040e-02  2.153931e-01  7.123226e-03
-2.090174e-01  2.553494e-01 -1.155487e+00  1.238822e+02  5.000000e-01  1.215968e+00  1.854474e-01  9.368498e-01  3.210300e-01
-3.525510e-02  4.400489e-02  4.396054e-02  1.259020e+02  1.000000e+00  6.235085e+00  5.477508e-01  2.087680e+00  4.456736e+00
3  1.496542e-01 -3.571556e-01  1.084089e+00  5.925533e-01  1.246467e-01  5.143900e+00 6 1 -1.000000e+00
 3.123782e-01 -8.107798e-01  2.522754e+00  0.000000e+00  0.000000e+00  2.994971e-01  2.433049e-01  1.873895e-01  8.553755e-03
-1.216379e-01  1.826375e-01 -3.144531e-01  7.033611e+01  5.000000e-01  1.065561e+00  1.013439e+00  1.468797e+00  4.616993e-01
-5.623830e-03  6.543082e-03  7.470521e-04  7.658614e+01  1.000000e+00  4.237962e+01 -3.925210e+00  1.892805e+01  4.097854e+01
3  8.744295e-01 -1.317168e+00  2.184561e+00  1.129292e+00  2.320772e-01  1.477300e+01 6 1  2.841564e-01
 1.102950e-01 -3.931630e-01 -5.734599e-01  2.356081e+02  5.000000e-01  1.224596e+00  1.076627e+00  7.969432e-01  7.361864e-02
 2.681240e-01  1.785689e+00  2.470988e+00  0.000000e+00  0.000000e+00  3.134760e-01  2.570215e-01  2.363585e-02  1.063468e-03
 7.492996e-04 -3.829974e-03  7.626973e-05  2.571635e+02  1.000000e+00  1.174647e+02  1.871679e+01  1.011621e+01  1.116060e+02
3  4.066028e-01  5.094910e-01  2.007933e+00  8.570328e-01  1.027166e-01  1.799000e+01 6 1 -1.000000e+00
 1.227327e+00  1.124807e+00  2.845714e+00  0.000000e+00  0.000000e+00  3.554601e-01 -4.375244e-03 -2.529958e-01  3.105078e-03
-1.945016e-01 -2.930076e-01 -2.923021e-01  2.540561e+02  5.000000e-01  1.134414e+00  7.387491e-01 -1.701010e+00  2.566854e-01
-2.253773e-03 -3.248975e-03  5.614244e-05  2.845891e+02  1.000000e+00  1.394478e+02  1.880297e+01 -3.166060e+01  1.369533e+02
3  7.674480e-02  1.602151e-01  5.946438e-01  2.317827e-01  1.418366e-01  8.252950e+00 6 1 -1.000000e+00
 1.225470e-01  4.528953e-01  2.980854e+00  0.000000e+00  0.000000e+00  3.573153e-01  1.766546e-01 -2.153196e-01  3.418233e-03
-5.002842e-02 -1.161557e-01 -4.227942e-01  4.438190e+01  5.000000e-01  8.466502e-01  8.966089e-01 -1.258899e+00  1.124208e-01
-9.488732e-05 -4.862027e-04  9.788383e-06  5.493450e+01  1.000000e+00  3.412357e+02  1.152366e+02  1.785973e+01  3.386768e+02
3 -5.276057e-01 -1.476390e-01  2.189960e+00  1.158809e+00  1.111915e-01  1.475070e+01 6 1 -1.000000e+00
-1.312671e+00 -1.346663e+00  2.775401e+00  0.000000e+00  0.000000e+00  3.863267e-01 -8.493606e-02 -9.524971e-02  1.897690e-03
 3.589193e-01  6.815572e-02 -3.086010e-01  3.966778e+02  5.000000e-01  1.288631e+00 -1.764976e+00 -4.567231e-01  2.357025e-01
 2.479700e-03  7.827656e-04  2.344850e-05  4.506121e+02  1.000000e+00  2.247290e+02 -6.797445e+01 -5.279657e+01  2.216063e+02
5  1.296325e-02  6.453589e-04  4.817471e-01  2.366933e-01  1.000000e+00  1.405930e+01 6 3 -1.000000e+00
 1.010539e-01 -1.983726e-01 -5.028794e+00  1.483565e+00  5.000000e-01  4.358546e-01  4.124215e-01  5.890869e-01  6.074721e-02
 2.136098e-01  1.393052e-01  4.122222e+00  0.000000e+00  0.000000e+00  3.321419e-01 -1.830859e-01 -4.122212e-01  3.622565e-02
-1.331676e-01 -1.950983e-01  6.472381e+00  1.125381e+00  0.000000e+00  3.499275e-01  2.187415e-01 -4.693014e-01  4.144849e-02
-1.685304e-01  1.273620e-01 -3.022569e+00  2.285920e+00  5.000000e-01  4.637208e-01 -1.794771e-01  7.656551e-01  7.885988e-02
-5.062139e-05  2.472226e-07  1.700784e-05  1.160945e+01  1.000000e+00  2.457002e+02 -3.064988e+01  1.193090e+01  2.441284e+02
2  1.972313e-01 -1.302210e-01  1.361983e-02  6.478737e-01  2.084019e-01  1.306070e+01 6 1  2.666924e-01
-4.456429e-03 -2.358444e-02 -7.323219e-03  5.064287e+02  5.000000e-01  1.080441e+01  1.387331e+01 -6.341116e+00  9.044319e+00
-1.785213e-03 -1.022912e-02  1.526173e-03  5.065346e+02  1.000000e+00  3.390462e+01  1.957427e+01 -6.657924e+00  3.185974e+01
3 -2.038832e-01  2.678102e-01  1.343359e+00  6.480860e-01  5.210638e-01  5.680730e+00 6 1 -1.000000e+00
 1.562203e-01 -2.878396e-01 -9.170070e-01  7.731502e+01  5.000000e-01  6.962019e-01  7.714627e-01  7.665786e-01  1.752453e-01
-8.519173e-01  6.000073e-01  1.759875e+00  0.000000e+00  0.000000e+00  2.201201e-01  1.044603e-01  1.705239e-01  9.890882e-03
 3.961093e-03 -4.477845e-03  5.518160e-04  8.984685e+01  1.000000e+00  4.476489e+01 -1.064595e+00  1.010117e+01  4.263966e+01
3 -3.332061e-01  2.006652e-01  1.496730e+00  7.863248e-01  2.214205e-01  1.079160e+01 6 3 -1.000000e+00
 2.744146e-01 -1.622312e-01 -7.255600e-01  8.846664e+01  5.000000e-01  1.033821e+00 -3.413297e-01  1.123781e+00  4.822398e-01
-1.206643e+00  5.379642e-02  3.276843e+00  0.000000e+00  0.000000e+00  3.817127e-01 -1.833491e-01  2.085438e-01  3.650644e-02
 3.046985e-02 -1.283709e-02  1.785232e-02  9.313042e+01  1.000000e+00  8.904507e+00 -2.160459e+00  1.341088e+00  7.984355e+00
3  3.710090e-01 -8.624273e-02  1.600496e+00  8.751923e-01  1.893571e-01  1.463650e+01 6 1 -1.000000e+00
 1.053501e+00 -7.280246e-01  2.647109e+00  0.000000e+00  0.000000e+00  3.620192e-01 -7.984145e-02  1.512419e-01  3.812166e-03
-3.651244e-01  1.297986e-02 -5.012487e-01  2.039085e+02  5.000000e-01  1.003618e+00 -1.412383e+00 -1.430159e-02  1.473166e-01
-2.180782e-03  3.905259e-04  4.868742e-05  2.482623e+02  1.000000e+00  1.478307e+02 -3.146787e+01  5.463089e+00  1.452543e+02
3 -9.545490e-01  7.355131e-01  4.173670e+00  2.067474e+00  1.345326e-01  1.545700e+01 6 1 -1.000000e+00
-2.168382e+00  2.841867e+00  2.462432e+00  0.000000e+00  0.000000e+00  3.524820e-01 -9.827079e-03  1.143699e-01  1.215632e-02
 5.537428e-01 -3.219208e-01 -3.312775e-01  2.360340e+02  5.000000e-01  1.804579e+00 -1.025259e+00  1.617037e+00  1.073227e+00
 7.239708e-02 -4.582449e-02  8.253493e-03  2.414302e+02  1.000000e+00  1.473669e+01 -3.981860e+00  7.188923e+00  1.356160e+01
3 -3.593459e-01  1.362388e-01  2.953497e+00  1.472430e+00  7.242826e-01  1.238750e+01 6 3 -1.000000e+00
-1.984755e+00  3.557860e-01  3.209397e+00  0.000000e+00  0.000000e+00  4.048294e-01 -1.686365e-01  1.191835e-01  2.601971e-02
 8.165655e-01 -5.800290e-01 -4.431139e+00  1.330626e+02  5.000000e-01  6.369009e-01 -4.443103e-02  5.962738e-01  1.028743e-01
 1.162018e-02 -2.672028e-03  1.223303e-03  1.848322e+02  1.000000e+00  3.100047e+01 -8.993959e+00  1.295379e+00  2.953554e+01
3 -1.040882e-01 -1.726705e-01  9.720422e-01  4.090042e-01  4.621737e-01  6.165730e+00 6 1 -1.000000e+00
-2.080983e-01 -6.206407e-01  2.392519e+00  0.000000e+00  0.000000e+00  2.618453e-01  2.000501e-01 -2.947589e-01  3.355431e-02
 1.745397e-01  2.729220e-01 -1.105760e+00  2.626422e+01  5.000000e-01  4.718750e-01  2.852740e-01 -1.049710e+00  1.730874e-01
 9.086883e-04  2.202740e-03  2.171102e-04  3.921919e+01  1.000000e+00  7.028501e+01  1.384500e+01 -1.665113e+00  6.940410e+01
3  1.187418e-01  9.227746e-01  1.662967e+00  6.465410e-01  1.232019e-02  1.891650e+01 6 2 -1.000000e+00
-4.534290e-01  1.451484e+00  3.448658e+00  0.000000e+00  0.000000e+00  3.281560e-01  4.016649e-01 -8.474019e-03  1.159137e-02
-9.016662e-03 -1.510009e-01 -4.248813e-02  2.711990e+02  5.000000e-01  3.673835e+00  5.408565e+00 -1.196998e+00  2.886459e+00
-4.145389e-04 -2.308918e-02  1.231949e-03  2.745156e+02  1.000000e+00  3.641387e+01  2.103195e+01  2.776929e-01  3.524361e+01
2 -4.518121e+00 -7.174489e-02  2.772610e+00  1.272264e+00  3.551306e-01  1.011660e+01 6 3  2.677878e-01
-3.783767e-02 -4.825456e-01 -1.228054e+00  4.394323e+02  5.000000e-01  1.199764e+00  9.130511e-01 -1.433185e-01  7.032973e-02
 3.154131e-02  2.289196e+00  3.458034e+00  0.000000e+00  0.000000e+00  4.294832e-01  1.694296e-01 -8.718548e-02  8.166064e-04
3 -5.055364e-01 -1.097517e+00  1.275752e+00  5.566230e-01  3.568989e-01  7.976930e+00 6 1  2.832679e-01
 9.741811e-01 -2.733253e-01  2.242905e+00  0.000000e+00  0.000000e+00  3.136273e-01 -1.578539e-01  1.842075e-02  1.592729e-02
-2.778262e-01 -2.833647e-02 -8.004904e-01  4.870000e+01  5.000000e-01  9.692186e-01 -1.086045e+00 -2.658702e-01  4.327799e-01
-1.806418e-02 -7.016674e-04  6.100177e-03  5.215027e+01  1.000000e+00  1.459527e+01 -4.394429e+00 -1.261210e+00  1.350058e+01
3  3.336926e-01 -2.200827e-01  1.118704e+00  6.065878e-01  1.828957e-01  1.011650e+01 6 1 -1.000000e+00
 6.689871e-01 -5.345400e-01  1.617004e+00  0.000000e+00  0.000000e+00  1.840054e-01 -5.925429e-02  2.095436e-01  1.074190e-02
-2.434170e-01  1.127754e-01 -2.957431e-01  7.558640e+01  5.000000e-01  6.255436e-01 -1.105537e+00  1.516350e+00  3.443353e-01
-2.088109e-03  8.549334e-04  3.990250e-05  9.480162e+01  1.000000e+00  1.690369e+02 -5.236539e+01  2.081253e+01  1.683149e+02
3  4.364631e-01  2.607686e-01  1.497616e+00  4.951405e-01  1.724051e-01  1.458540e+01 6 1 -1.000000e+00
 1.143410e+00  5.510422e-01  1.978369e+00  0.000000e+00  0.000000e+00  2.767302e-01 -4.548490e-02 -1.248339e-01  1.263976e-03
-1.905793e-01 -1.296386e-01 -3.410811e-01  1.757260e+02  5.000000e-01  8.294397e-01 -6.376171e-01 -1.598246e+00  1.572554e-01
-2.119638e-03 -1.497533e-03  7.141703e-05  1.936298e+02  1.000000e+00  1.196525e+02  8.495059e+00 -1.998701e+00  1.178430e+02
3 -2.388535e-02 -6.293451e-02  3.313760e-01  1.531218e-01  8.363298e-01  1.323140e+01 6 1 -1.000000e+00
-6.482715e-02 -2.398798e-01  2.446079e+00  0.000000e+00  0.000000e+00  3.435617e-01  1.212073e-01 -8.603826e-02  4.242951e-02
 4.089677e-02  7.417832e-02 -2.045729e+00  6.809140e+00  5.000000e-01  8.769254e-01  3.300630e-01 -6.285134e-01  4.330663e-01
 3.404258e-03  7.900642e-03  3.682489e-02  7.262261e+00  1.000000e+00  6.488456e+00  1.038305e+00 -1.374599e+00  5.744494e+00
3  4.037525e-01 -7.785454e-01  1.927138e+00  8.922915e-01  1.142950e-01  1.591770e+01 6 1 -1.000000e+00
 7.925034e-01 -1.444506e+00  1.428109e+00  0.000000e+00  0.000000e+00  1.528434e-01  8.170798e-02  1.037846e-01  4.259896e-03
-4.857391e-03  7.506534e-03  2.659993e-04  1.207671e+02  1.000000e+00  6.317936e+01 -4.375221e-01  1.032824e+01  6.222712e+01
-1.380899e-01  2.430545e-01 -1.632257e-01  1.131709e+02  5.000000e-01  8.993560e-01  1.402660e+00  2.041852e+00  4.966990e-01
1 -9.149176e-02 -9.598387e-02  0.000000e+00  1.426821e-01  0.000000e+00  1.746870e+01 0 2 -1.000000e+00
-2.302123e-01 -1.205898e-01  3.539238e+00  0.000000e+00  0.000000e+00  3.357502e-01 -1.324896e-01 -3.756696e-01  6.392639e-02
3  7.091440e-01  8.248841e-01  3.341051e+00  7.428119e-01  1.700240e-01  1.673550e+01 6 1 -1.000000e+00
 2.190209e+00  2.147468e+00  1.299113e+00  0.000000e+00  0.000000e+00  8.514978e-02  4.844424e-02  2.546533e-01  2.538983e-04
-1.573944e-01 -2.297952e-01 -2.208804e-01  3.196981e+02  5.000000e-01  8.640022e-01  7.083879e-01 -2.010974e+00  2.444109e-01
-3.189157e-03 -5.472386e-03  1.221968e-04  3.309768e+02  1.000000e+00  9.276480e+01  1.381732e+01  6.807599e+00  9.094801e+01
3 -1.716862e-01 -3.793021e-01  1.128838e+00  4.846469e-01  1.037155e-01  2.860810e+00 6 1 -1.000000e+00
-7.167639e-01 -6.179919e-01  2.578322e+00  0.000000e+00  0.000000e+00  2.952220e-01  8.180976e-02 -3.196405e-01  1.425262e-02
 4.610206e-02  2.140605e-01 -2.674120e-01  6.506137e+01  5.000000e-01  1.486696e+00  1.732422e+00 -9.874892e-01  8.750009e-01
 4.490110e-03  2.149965e-02  5.413913e-03  6.779973e+01  1.000000e+00  1.636554e+01  7.056514e+00 -1.263386e+00  1.528553e+01
3 -1.150870e+00 -1.238761e+00  3.223890e+00  1.654979e+00  1.174992e-01  1.327040e+01 6 1  2.722350e-01
 1.565157e+00 -2.286377e+00  2.624519e+00  0.000000e+00  0.000000e+00  3.019798e-01  4.116112e-02  3.232890e-01  7.908202e-04
-1.422722e-01  4.482441e-01 -3.083790e-01  8.611791e+02  5.000000e-01  1.581578e+00  1.602025e+00  1.007230e+00  1.342577e-01
-1.894595e-03  4.224594e-03  3.602299e-05  9.197640e+02  1.000000e+00  1.706793e+02  2.669488e+01  1.784412e+01  1.654024e+02
3  9.276243e-01 -3.646321e-02  1.893261e+00  8.107921e-01  1.681307e-02  6.834070e+00 6 2 -1.000000e+00
 1.660813e+00 -2.050133e-01  3.539083e+00  0.000000e+00  0.000000e+00  3.796917e-01 -3.195323e-01  1.106145e-02  1.341865e-03
-2.200802e-01  1.102942e-02 -5.950285e-02  5.693895e+02  5.000000e-01  1.315362e+00 -4.092122e+00  3.998853e-01  4.150876e-01
-1.854788e-03  8.515116e-05  7.730676e-06  6.263491e+02  1.000000e+00  3.630968e+02 -4.153035e+01  5.876213e+00  3.608940e+02
3 -8.810934e-01  2.560839e-01  2.634491e+00  9.991702e-01  1.480168e-01  8.523490e+00 6 1 -1.000000e+00
-2.054433e+00  8.412426e-01  1.993979e+00  0.000000e+00  0.000000e+00  2.753051e-01 -1.357649e-01  7.239334e-02  1.356236e-03
 4.200142e-01 -6.299900e-02 -2.951423e-01  2.070205e+02  5.000000e-01  9.035942e-01 -1.689712e+00  7.364530e-01  1.857459e-01
 5.343261e-03  1.564093e-04  6.629499e-05  2.292614e+02  1.000000e+00  1.308835e+02 -2.763998e+01 -3.196334e+01  1.288326e+02
2 -1.321753e+00 -2.716025e-01  2.423042e+00  1.277366e+00  1.670255e-01  1.545780e+01 6 1  2.881432e-01
 1.392374e-01 -4.659144e-01 -3.274009e-01  1.753291e+02  5.000000e-01  1.392836e+00  1.407265e+00  1.108280e+00  3.078716e-02
 1.090216e+00  1.762711e+00  1.960186e+00  0.000000e+00  0.000000e+00  2.483938e-01  2.243449e-01 -6.652478e-02  1.087944e-03
3 -1.997751e-02 -5.906410e-01  1.405572e+00  6.321514e-01  1.386143e-01  1.799750e+01 6 1 -1.000000e+00
-1.455598e-01 -1.107139e+00  1.459378e+00  0.000000e+00  0.000000e+00  1.478676e-01  2.006208e-01  2.563675e-02  4.891221e-03
 1.749123e-04  1.119500e-03  5.974971e-06  1.175349e+02  1.000000e+00  4.157789e+02  3.804513e+01 -5.682633e+01  4.149456e+02
 1.518128e-02  2.892112e-01 -2.022906e-01  9.275080e+01  5.000000e-01  4.801334e-01  2.282352e+00 -6.718705e-02  2.104720e-01
1  2.042774e-01  1.091684e-01  0.000000e+00  5.922689e-02  0.000000e+00  6.254730e+00 0 2  3.057841e-01
-7.303717e-02 -8.344514e-02  6.619439e+00  0.000000e+00  0.000000e+00  4.045657e-01 -1.042527e-01 -4.388657e-01  1.021567e-03
3 -1.365660e-01 -2.042718e-02  5.815566e-01  2.261727e-01  5.371635e-01  1.713830e+01 6 1 -1.000000e+00
-4.109047e-01 -1.101439e-01  2.670527e+00  0.000000e+00  0.000000e+00  3.210702e-01 -2.673331e-01 -1.225593e-01  1.231637e-02
 1.618929e-01 -9.590453e-03 -1.434509e+00  1.786054e+01  5.000000e-01  6.738622e-01 -8.962976e-01  1.089772e-02  1.740806e-01
 4.585051e-03 -2.733811e-04  3.003713e-03  2.082894e+01  1.000000e+00  1.961440e+01 -9.370543e-01  3.563233e+00  1.836343e+01
1 -1.672912e+00 -3.872749e+00  0.000000e+00  2.188032e+00  0.000000e+00  1.193980e+01 0 2  2.717061e-01
-1.095223e+00 -3.587001e+00  5.439637e+00  0.000000e+00  0.000000e+00  4.155946e-01  3.844890e-01 -9.930824e-02  1.669667e-04
2 -7.472950e-01 -2.294419e-01  2.824014e+00  9.186128e-01  1.529793e-01  1.120590e+01 6 1 -1.000000e+00
-2.069655e+00 -1.468047e+00  1.903196e+00  0.000000e+00  0.000000e+00  2.606982e-01 -1.187345e-01  8.388856e-02  2.897962e-04
 3.143341e-01  4.577218e-02 -2.911496e-01  7.800957e+02  5.000000e-01  1.086564e+00 -1.799641e+00 -4.510502e-01  1.688850e-01
1 -1.071070e+01 -3.656243e-01  0.000000e+00  9.514872e+00  0.000000e+00  1.064390e+01 0 2 -1.000000e+00
-1.775373e+01 -3.949535e+00  3.379255e+00  0.000000e+00  0.000000e+00  3.687302e-01 -3.139561e-01 -6.332328e-02  3.300802e-04
2 -3.344480e-01  1.040311e-01  1.110735e+00  5.210555e-01  1.363377e-01  1.756710e+01 6 1 -1.000000e+00
-8.051360e-01  3.273308e-01  2.334879e+00  0.000000e+00  0.000000e+00  3.200902e-01 -1.127430e-01  1.458719e-01  2.246746e-03
 2.399229e-01 -4.894707e-02 -3.183321e-01  1.464396e+02  5.000000e-01  6.817864e-01 -1.652276e+00  7.159735e-01  9.898726e-02
2 -1.087210e+00 -8.230148e-01  2.240565e-02  5.692695e-01  1.049560e-01  6.516390e+00 6 1  2.662969e-01
 5.547038e-04  1.032245e-02  2.479478e-04  1.624422e+03  1.000000e+00  8.329410e+01  5.216824e+01 -4.205630e+00  8.143714e+01
 2.343658e-03  3.265657e-02 -2.362397e-03  1.623573e+03  5.000000e-01  1.711402e+01  2.560002e+01 -5.253529e+00  1.567266e+01
5 -3.726801e-02  7.457698e-01  3.606427e+00  1.705029e+00  1.000000e+00  5.218430e+00 6 3 -1.000000e+00
 1.098650e-01 -1.201587e+00 -5.250455e-01  1.750296e+02  5.000000e-01  8.283698e-01  1.384309e+00  1.331997e-01  2.868965e-01
-1.936684e+00  1.767917e+00  4.806725e+00  0.000000e+00  0.000000e+00  4.118801e-01  1.017763e-01  3.570501e-01  3.421397e-02
 1.472979e+00  1.953670e+00  7.370596e+00  5.842923e+00  0.000000e+00  4.112125e-01  2.450100e-01 -3.885442e-01  2.131848e-02
 9.174621e-02  2.346103e+00 -8.949856e+00  8.457590e+00  5.000000e-01  4.783191e-01  6.154607e-01 -7.136406e-02  4.589791e-02
 1.609267e-03 -1.009452e-02  1.933298e-04  2.540971e+02  1.000000e+00  7.789775e+01  2.376054e+01  1.327378e+01  7.657823e+01
3 -1.182172e-01  1.508568e-01  1.851744e+00  9.228988e-01  5.501247e-01  2.774350e+00 6 3 -1.000000e+00
 2.113356e-01 -7.476993e-01 -1.964501e+00  4.546190e+01  5.000000e-01  5.763180e-01  7.263347e-01  4.012227e-01  1.095567e-01
-1.135018e+00  5.236339e-01  3.571010e+00  0.000000e+00  0.000000e+00  3.856902e-01 -1.475964e-01  2.748800e-01  2.216649e-02
 1.071913e-03 -1.642873e-03  1.425379e-04  9.098688e+01  1.000000e+00  8.573978e+01  1.026543e+01  7.731326e+00  8.401365e+01
3 -7.145155e-01  1.420575e+00  2.454694e+00  7.939430e-01  2.599044e-01  1.337290e+01 6 1  2.862978e-01
 1.193679e+00  1.877298e+00  1.308514e+00  0.000000e+00  0.000000e+00  1.040723e-01 -5.935392e-02  1.869162e-01  4.723461e-04
-1.304739e-01 -1.896179e-01 -3.400884e-01  2.962005e+02  5.000000e-01  1.466365e+00  6.822808e-01 -1.640854e+00  2.862970e-01
-3.951289e-03 -5.453413e-03  1.510258e-04  3.035043e+02  1.000000e+00  8.914074e+01  6.037686e+00 -3.333091e+01  8.378959e+01
5  2.685364e-02 -1.298086e-02  5.415526e-01  2.299587e-01  1.000000e+00  1.714560e+01 6 3 -1.000000e+00
-1.882860e-01 -1.407707e-01 -3.255663e+00  4.502378e+00  5.000000e-01  6.240213e-01 -1.966288e-01 -6.401986e-01  2.614882e-01
 2.643584e-01 -1.457743e-01  3.398340e+00  0.000000e+00  0.000000e+00  3.607942e-01 -1.558564e-01  3.000525e-01  5.214042e-02
 3.804181e-02  2.335688e-01 -4.332947e+00  4.123794e+00  5.000000e-01  5.608495e-01  6.313148e-01 -1.583813e-01  2.195584e-01
-1.902978e-01  1.484484e-01  7.773659e+00  3.703702e+00  0.000000e+00  4.238046e-01 -8.426505e-02  4.430135e-01  8.836702e-02
-9.203849e-04  3.248346e-04  2.247322e-03  9.846139e+00  1.000000e+00  2.232550e+01 -1.919025e-01 -3.125098e+00  2.120477e+01
3  1.039357e-01 -2.406191e-01  8.845514e-01  4.391621e-01  1.795657e-01  1.591020e+01 6 1 -1.000000e+00
 8.710832e-02 -6.842483e-01  2.154030e+00  0.000000e+00  0.000000e+00  2.763958e-01  2.113701e-01  1.211597e-01  5.950974e-03
-1.211737e-01  1.754317e-01 -3.867899e-01  7.254668e+01  5.000000e-01  8.156318e-01  5.352445e-01  1.527379e+00  2.552398e-01
-6.843911e-04  1.125839e-03  2.913835e-05  9.102479e+01  1.000000e+00  1.974262e+02  1.298086e+01  6.399773e+01  1.956622e+02
1  1.811211e-02  5.607358e-01  0.000000e+00  1.271378e-01  0.000000e+00  1.025040e+01 0 2  2.756035e-01
 2.251313e-01 -2.087658e-01  5.292728e+00  0.000000e+00  0.000000e+00  4.168206e-01  1.523782e-01  3.576878e-01  1.939689e-03
3  3.182542e-01 -2.675908e-02  1.108120e+00  7.023174e-01  1.961529e-01  8.738590e+00 6 1 -1.000000e+00
 8.757608e-01  8.497740e-02  2.691406e+00  0.000000e+00  0.000000e+00  3.130835e-01 -3.058392e-01 -8.224103e-02  9.878705e-02
-2.316820e-01  4.624178e-02 -5.279270e-01  3.884622e+01  5.000000e-01  1.884726e+00 -1.509318e+00  6.315853e-01  1.521647e+00
-6.229771e-02  1.155702e-02  6.435554e-02  3.942025e+01  1.000000e+00  6.412013e+00 -3.391729e+00  1.499125e+00  5.893500e+00
3 -1.186640e-01  5.432286e-01  1.967568e+00  7.735971e-01  1.731325e-01  1.534350e+01 6 1 -1.000000e+00
 1.767335e-01 -4.241802e-01 -4.256675e-01  2.406631e+02  5.000000e-01  8.312491e-01  1.154924e+00  1.021704e+00  2.457405e-01
-5.343637e-02  1.529878e+00  2.458622e+00  0.000000e+00  0.000000e+00  3.304169e-01  1.953848e-01  5.860414e-02  3.626498e-03
 1.103342e-03 -2.180043e-03  1.672261e-05  3.038570e+02  1.000000e+00  2.789033e+02  4.469238e+01  1.242320e+02  2.771436e+02
3  2.053958e-01  5.157481e-02  6.677032e-01  3.563007e-01  1.758824e-01  7.985130e+00 6 1 -1.000000e+00
 4.928131e-01  1.511489e-01  1.883232e+00  0.000000e+00  0.000000e+00  2.499259e-01 -1.503387e-01 -9.490794e-02  2.083687e-02
-1.506774e-01 -2.702919e-02 -3.312274e-01  4.337907e+01  5.000000e-01  9.199431e-01 -1.619366e+00 -6.349295e-01  5.411590e-01
-2.615323e-03 -4.586277e-04  1.629098e-04  5.096460e+01  1.000000e+00  8.795913e+01 -3.648455e+01 -9.612540e+00  8.706413e+01
1  1.661024e-02 -5.315016e-02  0.000000e+00  3.025304e-02  0.000000e+00  1.515550e+01 0 2 -1.000000e+00
 5.062865e-02 -7.844029e-02  3.482791e+00  0.000000e+00  0.000000e+00  3.736454e-01  2.744163e-01  1.728864e-01  7.487422e-02
3  4.386066e-02 -2.680600e-01  7.096861e-01  3.135076e-01  1.546078e-01  3.298850e+00 6 1 -1.000000e+00
 1.037232e-01 -5.503191e-01  1.611113e+00  0.000000e+00  0.000000e+00  1.948895e-01  1.602272e-01  4.290740e-02  3.238134e-03
-2.321970e-02  1.479215e-01 -2.490906e-01  3.103424e+02  5.000000e-01  4.650317e-01  1.977264e+00  6.254771e-01  1.428136e-01
-4.322257e-05  2.728994e-04  1.622227e-06  4.158742e+02  1.000000e+00  7.893994e+02  6.918120e+01  1.873021e+01  7.884352e+02
3  1.082829e+00  2.113281e+00  1.337863e+00  6.845082e-01  1.480089e-01  1.631720e+01 6 1  3.064899e-01
-3.413653e-01  1.007972e+00  2.155401e+00  0.000000e+00  0.000000e+00  2.369039e-01  3.090027e-01  1.512685e-01  9.362178e-03
 6.360972e-02 -2.671248e-01 -3.190185e-01  4.696915e+01  5.000000e-01  9.430752e-01  1.674925e+00  5.766111e-01  3.108714e-01
 2.536505e-03 -6.432256e-03  3.460008e-04  5.211012e+01  1.000000e+00  5.744876e+01  7.074729e+00  1.569217e+01  5.529440e+01
3 -1.799582e-01 -5.158661e-01  1.872094e+00  9.474168e-01  5.876997e-01  1.325720e+01 6 1 -1.000000e+00
-5.990992e-01 -1.353002e+00  1.618019e+00  0.000000e+00  0.000000e+00  2.068750e-01  9.270830e-02 -4.912120e-02  2.273059e-03
 9.838331e-02  3.843108e-01 -9.509094e-01  1.029879e+02  5.000000e-01  5.840189e-01  9.987433e-01 -4.766308e-01  8.946956e-02
 1.259486e-03  3.420423e-03  1.364565e-04  1.198764e+02  1.000000e+00  8.706236e+01 -7.626066e+00  4.498037e+00  8.534162e+01
3 -8.676374e-03  5.768631e-03  7.884835e-02  2.115529e-02  8.292810e-01  1.755920e+01 6 3 -1.000000e+00
-2.789400e-02 -2.084177e-02  8.928921e+00  3.004081e-02  0.000000e+00  5.886664e-01 -2.391646e-01 -1.916790e-04  1.080370e-01
-2.580829e-02  1.838651e-03 -7.404585e+00  3.230607e-02  5.000000e-01  7.675130e-01 -3.971367e-01  1.771557e-01  2.288281e-01
 2.790496e-04  5.280157e-02  4.152593e+00  0.000000e+00  0.000000e+00  4.925154e-01 -7.378143e-02  1.062239e-01  7.010943e-02
2  1.718043e-01  6.340869e-01  1.920153e+00  9.866227e-01  6.594592e-02  1.844150e+01 6 2 -1.000000e+00
 5.093636e-01  1.439298e+00  4.060099e+00  0.000000e+00  0.000000e+00  3.807916e-01  3.268790e-01 -1.739821e-01  3.500146e-03
-1.200711e-01 -3.747588e-01 -2.677470e-01  2.146552e+02  5.000000e-01  9.377861e-01  1.629651e+00 -1.040663e+00  1.618284e-01
3 -7.287523e-01  2.687271e-01  1.419347e+00  6.163044e-01  4.079668e-01  1.592490e+01 6 1  2.842010e-01
-2.830581e-01 -1.195030e+00  2.112107e+00  0.000000e+00  0.000000e+00  2.950996e-01  1.095310e-01  1.068956e-01  4.637635e-04
-3.120599e-02  2.017937e-01 -8.616694e-01  1.025456e+02  5.000000e-01  1.229121e+00  9.757879e-01  5.107564e-01  6.802407e-02
-2.039034e-04  3.277010e-03  2.070173e-04  1.072564e+02  1.000000e+00  7.164858e+01  1.267493e+01 -2.354905e-01  6.664829e+01
1  6.046080e-01  5.325760e-01  0.000000e+00  1.850850e-01  0.000000e+00  1.643600e+01 0 2  2.867661e-01
-2.381405e-02 -2.706147e-01  8.111705e+00  0.000000e+00  0.000000e+00  4.807489e-01  3.738236e-01 -8.123414e-02  7.543909e-03
3 -2.047645e-01  2.437736e-01  1.266218e+00  1.123433e+00  3.248615e-01  1.533970e+01 6 1 -1.000000e+00
-4.730243e-01  7.354513e-01  2.379076e+00  0.000000e+00  0.000000e+00  2.479950e-01  1.767148e-01  3.375680e-01  4.027201e-03
 3.494311e-01 -2.272918e-01 -7.728704e-01  1.026800e+02  5.000000e-01  4.406583e-01 -2.413369e-01  1.244386e+00  8.516139e-02
 1.162009e-03 -4.147103e-04  1.519802e-05  1.624358e+02  1.000000e+00  3.102294e+02 -1.714727e+02  2.054121e+01  3.090778e+02
1  1.854273e-01 -7.345266e-01  0.000000e+00  8.150612e-01  0.000000e+00  1.712950e+01 0 2  2.742742e-01
-2.778063e-02  5.260092e-01 -4.209940e+00  6.788966e+01  5.000000e-01  7.460044e-01  5.446899e-01  7.321044e-02  4.638524e-03
3 -1.136529e+00  3.086393e-01  1.386473e+00  6.078847e-01  1.402015e-01  1.240580e+01 6 1  2.833427e-01
-1.083189e+00 -1.963097e-01  2.107817e+00  0.000000e+00  0.000000e+00  2.612399e-01 -2.623164e-01 -5.031944e-02  3.970145e-03
 2.838643e-01  3.492741e-02 -2.955191e-01  7.470076e+01  5.000000e-01  7.962912e-01 -1.808246e+00 -3.944881e-01  1.742207e-01
 1.424807e-03  2.272956e-04  1.354892e-05  9.061567e+01  1.000000e+00  2.763600e+02 -3.868046e+01 -2.281122e+01  2.738506e+02
3  5.076817e-02 -1.400267e-01  1.083376e+00  4.918526e-01  5.892446e-01  1.545520e+01 6 3 -1.000000e+00
 1.515186e-01 -6.713354e-01  3.416220e+00  0.000000e+00  0.000000e+00  3.691457e-01  2.945015e-01  1.361061e-01  2.003123e-02
-1.859548e-01  3.581377e-01 -2.012989e+00  2.465443e+01  5.000000e-01  5.717456e-01  4.460942e-01  6.936681e-01  9.250430e-02
-3.261834e-04  7.906571e-04  4.023394e-05  4.630763e+01  1.000000e+00  1.616646e+02  1.768702e+01  2.540979e+01  1.596378e+02
3  3.535996e-01  3.510583e-02  1.401300e+00  5.263660e-01  8.462260e-01  1.337290e+01 6 1 -1.000000e+00
-3.870487e-01 -4.422689e-02 -1.311309e+00  9.240552e+01  5.000000e-01  4.304464e-01 -9.972298e-01 -3.041719e-01  1.465802e-01
 1.011215e+00  4.797741e-02  1.549597e+00  0.000000e+00  0.000000e+00  1.857010e-01 -1.251139e-01 -4.582917e-02  1.111201e-02
-2.511287e-03 -1.022518e-04  8.869115e-05  1.236459e+02  1.000000e+00  1.078362e+02 -1.087176e+01  4.550259e+00  1.069264e+02
3 -4.308390e-01  6.673432e-03  1.442669e+00  5.979668e-01  2.473910e-01  1.254700e+01 6 1 -1.000000e+00
 3.509108e-01 -2.706028e-02 -5.381522e-01  1.214096e+02  5.000000e-01  6.556231e-01 -1.405399e+00  4.072548e-02  1.584923e-01
-1.085672e+00  1.053165e-01  2.175311e+00  0.000000e+00  0.000000e+00  2.738662e-01 -2.597318e-01 -1.026167e-02  7.055579e-03
 2.160014e-03 -4.902074e-04  3.816290e-05  1.534319e+02  1.000000e+00  1.697928e+02 -2.503226e+01  4.075479e+01  1.681544e+02
3  3.573000e-01 -5.217694e-01  1.911017e+00  9.266733e-01  6.213275e-02  1.594450e+01 6 2 -1.000000e+00
 6.736425e-01 -1.335646e+00  4.277551e+00  0.000000e+00  0.000000e+00  4.115065e-01  1.686186e-01  2.900237e-01  6.874848e-03
-2.475297e-01  3.386988e-01 -2.657760e-01  2.434401e+02  5.000000e-01  8.913500e-01  5.779889e-01  1.854805e+00  2.401351e-01
-1.410965e-03  1.975919e-03  2.009205e-05  3.032570e+02  1.000000e+00  2.301608e+02  1.378878e+01  5.053330e+01  2.285156e+02
3 -1.635985e+00  7.064435e-01  1.027039e+01  6.744008e+00  1.673609e-01  6.507690e+00 6 3 -1.000000e+00
-8.445342e+00 -3.526497e+00  4.875759e+00  0.000000e+00  0.000000e+00  5.313048e-01 -1.143322e-01 -3.882121e-02  1.943329e-03
 1.423825e+00 -6.838764e-01 -8.160113e-01  1.174290e+03  5.000000e-01  1.712209e+00 -8.100903e-01  1.037530e+00  4.143415e-01
 1.754024e-01 -8.550175e-02  2.036994e-02  1.197725e+03  1.000000e+00  9.853513e+00 -3.268358e+00  4.313998e+00  7.678244e+00
3  2.537464e-01  6.770920e-02  1.023480e+00  4.352801e-01  3.052048e-01  1.553760e+01 6 1 -1.000000e+00
-1.980286e-01 -1.046386e-01 -4.780116e-01  1.636828e+01  5.000000e-01  1.179323e+00 -6.278044e-01 -1.315301e+00  8.271920e-01
 8.176292e-01  2.166038e-02  1.566199e+00  0.000000e+00  0.000000e+00  2.002446e-01  1.598641e-03 -3.343361e-02  2.513287e-02
-1.392476e-02 -5.392043e-03  3.915506e-03  1.758388e+01  1.000000e+00  1.971910e+01 -6.490763e+00 -7.271853e+00  1.898540e+01
1 -9.355316e-01  7.360774e-01  0.000000e+00  1.006102e+00  0.000000e+00  1.746550e+01 0 2 -1.000000e+00
-1.531223e+00  1.315831e+00  5.505450e+00  0.000000e+00  0.000000e+00  3.873809e-01 -1.131880e-01  4.252674e-01  1.038079e-02
3  8.624396e-02  6.036109e-02  3.930565e-01  1.559387e-01  1.826598e-01  1.319470e+01 6 1 -1.000000e+00
-8.770923e-02 -7.877565e-02 -5.465408e-01  1.479209e+01  5.000000e-01  6.144632e-01 -3.254289e-01 -1.368366e+00  2.330180e-01
 2.285540e-01  1.546145e-01  2.992124e+00  0.000000e+00  0.000000e+00  2.990699e-01 -1.846367e-01 -3.507159e-01  1.952078e-02
-5.367717e-04 -5.789815e-04  6.617228e-05  2.062169e+01  1.000000e+00  1.318791e+02  2.173814e+01 -3.930298e+01  1.308997e+02
1  4.066427e+00 -6.210229e+00  0.000000e+00  4.460918e+00  0.000000e+00  1.592600e+01 0 2  2.756337e-01
-9.709713e+00  3.037670e+00  5.091840e+00  0.000000e+00  0.000000e+00  4.580908e-01 -3.054070e-01  6.324186e-02  2.045149e-04
3 -1.841207e+00 -1.532468e-01  2.853603e+00  1.558480e+00  1.902950e-01  1.065420e+01 6 3  2.851826e-01
 2.019673e+00  1.440028e+00  3.391869e+00  0.000000e+00  0.000000e+00  3.779868e-01 -1.018794e-01 -2.858291e-01  1.286948e-02
-2.391016e-01 -3.038145e-01 -6.454557e-01  2.099368e+02  5.000000e-01  2.351805e+00  6.276426e-01 -1.727060e+00  8.421038e-01
-9.672679e-02 -1.118804e-01  1.106179e-01  2.104843e+02  1.000000e+00  5.768180e+00  7.858400e-01 -3.616333e+00  3.570810e+00
1  1.301860e+01 -5.231079e+00  0.000000e+00  1.054353e+01  0.000000e+00  1.441050e+01 0 2 -1.000000e+00
 1.971287e+01 -1.114225e+01  3.304902e+00  0.000000e+00  0.000000e+00  3.343262e-01 -2.359928e-01  2.912870e-01  9.360184e-05
2  9.855786e-01  2.329851e-01  2.305153e+00  1.147568e+00  1.774343e-01  8.527200e+00 6 1  2.772855e-01
 1.258675e+00  1.463847e+00  1.953628e+00  0.000000e+00  0.000000e+00  2.257073e-01  5.145208e-02 -2.915711e-01  6.171679e-04
-2.349140e-01 -2.919783e-01 -3.466407e-01  2.540123e+02  5.000000e-01  1.319350e+00  4.195732e-01 -1.676536e+00  6.834921e-02
3 -8.476350e-03  3.985630e-01  1.085956e+00  4.226995e-01  2.097760e-01  8.999580e+00 6 1 -1.000000e+00
-4.386485e-02 -2.219962e-01 -3.107423e-01  6.238440e+01  5.000000e-01  6.281919e-01  1.769364e+00 -4.750727e-01  3.038816e-01
-8.347000e-02  8.632372e-01  1.481305e+00  0.000000e+00  0.000000e+00  1.690173e-01  1.227584e-01  1.955567e-02  4.739105e-03
-7.265404e-04 -2.455728e-03  5.991898e-05  7.350135e+01  1.000000e+00  1.405549e+02  2.139945e+01 -4.825378e+01  1.396847e+02
3 -1.690762e-01  5.464560e-03  1.266864e+00  5.839593e-01  2.813422e-01  1.476550e+01 6 3 -1.000000e+00
-7.277570e-01 -3.624723e-01  4.801161e+00  0.000000e+00  0.000000e+00  3.438933e-01 -3.685141e-01 -2.939225e-01  6.518510e-03
 5.081168e-01 -8.397619e-02 -1.350769e+00  5.333328e+01  5.000000e-01  4.634726e-01 -9.522070e-01  3.485431e-01  2.214265e-02
 1.012197e-04 -6.700747e-06  6.379677e-07  1.497097e+02  1.000000e+00  1.257291e+03  9.868216e+01  3.242048e+01  1.254519e+03
3  4.800677e-01  6.334476e-03  1.617957e+00  6.142901e-01  2.816247e-01  1.319470e+01 6 1 -1.000000e+00
 1.205558e+00 -1.866086e-01  1.925866e+00  0.000000e+00  0.000000e+00  2.393856e-01 -2.434301e-01  5.398439e-03  2.712440e-03
-4.080027e-01 -6.742468e-02 -5.423714e-01  1.812398e+02  5.000000e-01  5.370219e-01 -1.363846e+00 -4.450033e-01  8.127297e-02
-6.994734e-04 -1.683939e-04  3.552548e-06  2.551132e+02  1.000000e+00  5.462226e+02 -1.284955e+01 -1.249580e+02  5.443066e+02
3  8.233899e-02 -4.732195e-01  1.462991e+00  4.621079e-01  1.030152e-01  1.404660e+01 6 1 -1.000000e+00
 3.622303e-01 -1.265171e+00  1.752006e+00  0.000000e+00  0.000000e+00  2.437393e-01 -1.593373e-02 -3.003246e-02  2.238757e-03
-6.415289e-04  8.969154e-03  6.668814e-04  2.550995e+02  1.000000e+00  4.390684e+01  1.847400e+01  4.378473e-01  4.232694e+01
-1.000067e-02  1.496739e-01 -1.804833e-01  2.483654e+02  5.000000e-01  1.615654e+00  2.410663e+00  3.292652e-01  8.185184e-01
3  1.269915e-01 -7.897130e-02  6.546129e-01  2.809920e-01  4.404066e-01  1.410760e+01 6 1 -1.000000e+00
 3.964067e-01 -2.652403e-01  2.174827e+00  0.000000e+00  0.000000e+00  3.051514e-01 -8.990095e-02  1.221709e-01  1.265923e-02
-1.496859e-01  9.573173e-02 -9.578082e-01  3.996594e+01  5.000000e-01  6.552620e-01 -4.645172e-01  9.732001e-01  1.903902e-01
-7.179257e-04  4.469409e-04  3.257278e-05  5.406090e+01  1.000000e+00  1.872116e+02 -2.775036e+01  5.660576e+01  1.857555e+02
3  4.708342e-01  6.674058e-01  2.407742e+00  8.453535e-01  1.316499e-01  1.208890e+01 6 1 -1.000000e+00
 1.502323e+00  1.349291e+00  1.763715e+00  0.000000e+00  0.000000e+00  2.397261e-01  4.788106e-02 -9.348123e-02  1.037918e-02
-1.984821e-01 -3.549641e-01 -2.321929e-01  1.726043e+02  5.000000e-01  1.297777e+00  1.245155e+00 -1.686720e+00  7.553600e-01
-8.764333e-03 -1.340989e-02  4.998356e-04  1.849762e+02  1.000000e+00  5.129181e+01  1.013160e+01 -2.063876e+01  5.011051e+01
3  2.811498e-01  5.669438e-01  2.565213e+00  1.082120e+00  2.137573e-01  1.671850e+01 6 1 -1.000000e+00
 1.507835e+00  1.426902e+00  2.528252e+00  0.000000e+00  0.000000e+00  3.503673e-01  7.937069e-02 -1.421013e-01  6.245987e-03
-1.912469e-01 -4.949310e-01 -5.404323e-01  1.957978e+02  5.000000e-01  1.043587e+00  1.140085e+00 -7.432883e-01  2.294654e-01
-3.673938e-03 -6.476025e-03  1.687161e-04  2.228127e+02  1.000000e+00  8.399637e+01  1.360158e+01 -2.786176e+01  8.152812e+01
1 -1.040105e-01 -6.491604e-03  0.000000e+00  5.273093e-02  0.000000e+00  1.193570e+01 0 2  2.857285e-01
-8.171451e-02 -5.115702e-02  3.510443e+00  0.000000e+00  0.000000e+00  3.864830e-01 -2.126702e-01 -2.151978e-01  7.662408e-04
2 -2.812043e-01 -2.578824e-01  1.231480e+00  6.026344e-01  1.941020e-01  5.366590e+00 6 1 -1.000000e+00
-5.978124e-01 -7.751202e-01  1.743617e+00  0.000000e+00  0.000000e+00  2.247267e-01  7.127458e-02 -1.498267e-01  4.841149e-03
 2.215576e-01  1.442140e-01 -3.384395e-01  1.139397e+02  5.000000e-01  8.495222e-01 -8.855579e-01 -1.480935e+00  1.831154e-01
3 -2.750823e-02  7.989705e-02  6.140375e-01  3.565838e-01  9.678958e-01  1.673120e+01 6 1 -1.000000e+00
-1.126936e-01  3.621361e-01  2.853834e+00  0.000000e+00  0.000000e+00  2.861012e-01  3.636045e-01  1.644309e-01  5.058080e-02
 1.396570e-01 -1.976507e-01 -2.948493e+00  1.113979e+01  5.000000e-01  4.911037e-01  3.525883e-01  6.883409e-01  2.022069e-01
 1.022147e-03 -1.745618e-03  8.942725e-04  1.861728e+01  1.000000e+00  3.532843e+01 -2.379078e+00  7.386044e+00  3.456761e+01
3 -1.640727e-02  3.823844e-01  1.312184e+00  4.579365e-01  3.351662e-01  1.246880e+01 6 1 -1.000000e+00
 7.178358e-03 -1.887414e-01 -5.730283e-01  5.684121e+01  5.000000e-01  1.533131e+00  1.421785e+00  8.871295e-02  8.447899e-01
-1.049526e-01  1.118643e+00  1.709684e+00  0.000000e+00  0.000000e+00  2.344671e-01  1.517689e-02 -3.011623e-02  1.305151e-02
 1.447388e-03 -3.587826e-02  2.288720e-02  5.757166e+01  1.000000e+00  9.010904e+00  4.510892e+00  3.659077e-01  7.812605e+00
3 -2.920520e-01  6.172464e-01  3.084809e+00  1.770621e+00  3.229854e-01  1.591420e+01 6 1 -1.000000e+00
-3.507809e-01  2.515718e+00  2.070126e+00  0.000000e+00  0.000000e+00  2.986703e-01 -4.436564e-02  8.265982e-02  1.067384e-03
 5.407334e-01 -4.374585e-01 -6.686205e-01  3.115908e+02  5.000000e-01  6.662153e-01 -3.113012e-01  1.228870e+00  1.293424e-01
 1.964752e-03 -1.854292e-03  2.488311e-05  3.925698e+02  1.000000e+00  2.170039e+02 -6.513753e+01  4.718982e+01  2.154747e+02
2 -4.851749e-01 -7.176599e-01  2.326306e+00  6.770606e-01  1.328133e-01  1.693460e+01 6 1 -1.000000e+00
-9.736753e-01 -1.681804e+00  1.400168e+00  0.000000e+00  0.000000e+00  1.525508e-01 -5.709192e-02  2.666048e-02  2.293347e-03
 2.139421e-01  3.185127e-01 -1.859609e-01  2.620081e+02  5.000000e-01  6.115440e-01  7.414093e-01 -2.231296e+00  2.328962e-01
3  3.413317e-01  1.785401e-01  1.080475e+00  5.420124e-01  6.362488e-02  1.024800e+01 6 2 -1.000000e+00
 7.553192e-01  4.323780e-01  4.024750e+00  0.000000e+00  0.000000e+00  3.700486e-01 -2.091507e-01 -3.234688e-01  2.175271e-03
-1.888334e-01 -9.298073e-02 -2.560742e-01  8.270291e+01  5.000000e-01  1.044798e+00 -1.141246e+00 -1.613903e+00  1.250746e-01
-1.125650e-03 -4.163043e-04  1.989542e-05  9.730440e+01  1.000000e+00  2.271904e+02 -2.835407e+01  9.763065e+00  2.239069e+02
3 -2.196274e-02  7.285869e-02  2.576978e-01  1.063177e-01  3.296247e-01  1.592480e+01 6 1 -1.000000e+00
-3.260303e-02  2.049605e-01  1.662867e+00  0.000000e+00  0.000000e+00  2.226750e-01 -1.623075e-03  5.348465e-02  9.221722e-03
 2.327529e-02 -4.660617e-02 -5.481220e-01  5.541552e+00  5.000000e-01  7.481282e-01  7.809677e-01  1.130460e+00  3.982427e-01
 5.423402e-04 -1.291321e-03  5.976492e-04  6.176201e+00  1.000000e+00  4.354605e+01  5.682638e+00  1.022996e+01  4.282887e+01
3  4.407089e-01  2.613846e-01  7.969249e+00  4.388608e+00  9.257927e-01  1.256840e+01 6 3 -1.000000e+00
-3.066770e+00 -1.967905e-01 -6.158395e+00  1.838559e+02  5.000000e-01  8.576431e-01 -4.262285e-01  3.122059e-02  1.249060e-01
 3.597048e+00  4.173846e+00  6.652023e+00  0.000000e+00  0.000000e+00  5.821933e-01  3.826987e-02 -1.508897e-01  3.258094e-02
-7.696029e-02 -4.012073e-02  4.071786e-02  2.433336e+02  1.000000e+00  6.116471e+00 -9.152547e-01 -8.839307e-01  4.479308e+00
1  2.614829e+00 -6.781456e-01  0.000000e+00  4.495693e+00  0.000000e+00  1.412330e+01 0 2 -1.000000e+00
 7.515001e+00  2.645992e+00  3.135381e+00  0.000000e+00  0.000000e+00  3.788609e-01 -2.547349e-01 -4.453598e-02  1.297454e-03
3  5.811693e-01  1.308633e-01  3.441506e+00  1.429150e+00  5.486269e-01  8.756510e+00 6 3 -1.000000e+00
-8.145874e-01 -1.858109e-01 -2.240233e+00  2.506422e+02  5.000000e-01  9.172801e-01 -6.444246e-01 -1.947865e-01  5.776058e-02
 2.315301e+00  1.245190e+00  4.083345e+00  0.000000e+00  0.000000e+00  4.623101e-01 -1.974181e-01 -7.238238e-02  2.806473e-03
-1.051858e-02 -3.311004e-03  6.886727e-04  2.864098e+02  1.000000e+00  3.978301e+01 -4.089195e+00 -5.944019e+00  3.705107e+01
1 -3.906720e-02 -5.558410e-03  0.000000e+00  3.517328e-02  0.000000e+00  1.457110e+01 0 2 -1.000000e+00
-7.135543e-02 -1.111258e-02  4.100213e+00  0.000000e+00  0.000000e+00  4.192759e-01 -2.834503e-01 -1.140467e-01  9.049438e-02
1 -4.023601e+00  4.870653e-01  0.000000e+00  1.658665e+00  0.000000e+00  1.779370e+01 0 2 -1.000000e+00
-3.874338e+00  2.898419e+00  6.232218e+00  0.000000e+00  0.000000e+00  3.447592e-01 -4.609614e-01  2.374840e-01  4.118837e-04
3 -2.759647e-02  5.085080e-01  1.598125e+00  6.861738e-01  1.296455e-01  1.534560e+01 6 1 -1.000000e+00
 2.324267e-03 -2.385869e-01 -2.728980e-01  1.715162e+02  5.000000e-01  1.465378e+00  1.931561e+00 -3.873256e-01  6.193553e-01
-7.516580e-01  1.170496e+00  2.104956e+00  0.000000e+00  0.000000e+00  2.826070e-01  1.928827e-01  4.878229e-02  1.157210e-02
 3.434429e-03 -1.943507e-02  2.932777e-03  1.775598e+02  1.000000e+00  2.157097e+01  8.163139e+00  3.943892e+00  1.989397e+01
3 -2.140223e-01 -3.535768e-03  6.223358e-01  1.866663e-01  1.411265e-01  1.193780e+01 6 1 -1.000000e+00
-5.280325e-01  3.419094e-02  1.716093e+00  0.000000e+00  0.000000e+00  2.348452e-01  2.706450e-02 -4.483645e-02  1.490728e-03
 9.403189e-02  1.581179e-02 -2.421862e-01  5.467190e+01  5.000000e-01  7.177303e-01 -2.000010e+00 -4.568253e-01  2.657583e-01
 7.899190e-04  2.518699e-04  2.165283e-05  6.213918e+01  1.000000e+00  2.316242e+02 -3.062044e+01 -7.788821e+01  2.305346e+02
3 -2.386093e-01  2.021636e-01  7.478753e-01  2.880885e-01  1.422277e-01  1.403910e+01 6 1 -1.000000e+00
-6.029083e-01  2.368418e-01  1.393449e+00  0.000000e+00  0.000000e+00  1.390560e-01  6.007691e-02  1.413205e-01  1.881499e-02
 7.391410e-02 -8.132312e-02 -1.981869e-01  1.819530e+01  5.000000e-01  1.506364e+00  3.767956e-01  2.271601e+00  1.272046e+00
 1.117629e-02 -1.073764e-02  6.428369e-03  1.861719e+01  1.000000e+00  1.469093e+01  3.658736e-01  5.634469e+00  1.433731e+01
1 -2.612891e+00  8.403360e-01  0.000000e+00  1.371383e+00  0.000000e+00  1.693140e+01 0 2  2.803869e-01
-2.364964e+00 -5.064937e-02  3.823294e+00  0.000000e+00  0.000000e+00  3.632522e-01 -3.714947e-01 -7.671233e-02  2.304519e-03
3 -1.742115e-01  4.624637e-01  1.674165e+00  8.462023e-01  1.480820e-01  7.188300e+00 6 1 -1.000000e+00
 1.564068e-01 -2.930399e-01 -3.752752e-01  1.627738e+02  5.000000e-01  1.054671e+00  8.548217e-01  1.391754e+00  1.166258e-01
-7.490992e-02  1.365068e+00  2.534240e+00  0.000000e+00  0.000000e+00  3.259078e-01  2.271476e-01  9.060112e-02  1.616317e-03
 5.439612e-04 -1.096246e-03  8.964520e-06  1.939764e+02  1.000000e+00  3.425511e+02  1.882172e+01  6.893495e+01  3.388303e+02
3 -1.595297e-01  1.632580e-01  1.240356e+00  4.770318e-01  6.412535e-01  1.024940e+01 6 1 -1.000000e+00
 3.295073e-01 -2.435612e-01 -1.499434e+00  6.198065e+01  5.000000e-01  4.616012e-01 -4.290950e-01  8.790161e-01  3.830687e-02
-4.550675e-01  7.171285e-01  2.338285e+00  0.000000e+00  0.000000e+00  3.040330e-01  3.260869e-02  2.358875e-01  6.698130e-03
 1.746319e-04 -2.715463e-04  2.894664e-06  1.146977e+02  1.000000e+00  6.023055e+02  1.258021e+02  1.670332e+01  6.005715e+02
2  3.938694e-01  1.502674e-01  1.760253e+00  6.739619e-01  5.358847e-01  6.164750e+00 6 1 -1.000000e+00
-3.519579e-01 -1.570478e-01 -1.016022e+00  2.645247e+02  5.000000e-01  6.502275e-01 -6.672025e-01 -8.132724e-01  8.088272e-02
 1.295038e+00  4.641576e-01  1.895972e+00  0.000000e+00  0.000000e+00  2.735281e-01 -1.808950e-02 -2.817451e-04  2.058522e-03
1  3.517441e-01  2.986378e+00  0.000000e+00  3.337223e+00  0.000000e+00  9.350020e+00 0 2 -1.000000e+00
 5.931179e+00  8.161561e+00  3.389740e+00  0.000000e+00  0.000000e+00  4.441039e-01  1.177197e-01 -1.243728e-02  1.409378e-02
3  3.003811e-01  2.596487e-01  3.930461e+00  2.536512e+00  3.807466e-01  1.439350e+01 6 3 -1.000000e+00
-1.306739e+00 -7.350153e-01 -3.535180e+00  2.793229e+02  5.000000e-01  9.333899e-01 -2.598484e-01 -4.688142e-01  1.020400e-02
 1.240978e+00  2.257920e+00  9.284863e+00  0.000000e+00  0.000000e+00  5.092041e-01  2.278970e-01 -2.850288e-01  2.199498e-03
-7.234543e-03 -6.030074e-03  8.701878e-04  3.672079e+02  1.000000e+00  3.596317e+01 -2.130967e+00 -8.288840e+00  3.117326e+01
4  3.740496e-01  5.730955e-01  7.384629e+00  3.096722e+00  1.000000e+00  1.120260e+01 6 3 -1.000000e+00
-8.337381e-01 -1.071409e+00 -1.487021e+00  7.327214e+02  5.000000e-01  1.185371e+00  1.876301e-01 -8.195383e-01  6.975027e-03
 3.973008e+00 -8.050881e-01  5.676346e+00  9.468542e+01  0.000000e+00  5.315728e-01 -2.073341e-01 -1.633756e-02  5.193062e-04
 2.438520e+00  2.219205e+00 -6.145444e+00  1.824626e+02  5.000000e-01  7.141186e-01  9.613347e-03 -4.943258e-01  4.974108e-04
-1.830935e+00  3.760762e+00  4.646310e+00  0.000000e+00  0.000000e+00  4.876651e-01  2.023397e-01  7.950538e-02  7.992376e-04
3  1.815729e-01  2.412629e-01  8.441011e-01  3.596209e-01  1.808493e-01  1.032790e+01 6 1 -1.000000e+00
 4.901155e-01  5.693438e-01  1.738076e+00  0.000000e+00  0.000000e+00  2.398006e-01  4.782493e-02  1.634162e-02  3.705082e-03
-6.346179e-02 -6.788366e-02 -3.143298e-01  6.097257e+01  5.000000e-01  1.310240e+00  3.372495e-01 -1.778731e+00  7.195420e-01
-9.647050e-03 -9.325326e-03  8.454709e-03  6.182848e+01  1.000000e+00  1.247123e+01 -1.110558e+00 -3.475403e+00  1.153614e+01
3 -9.442436e-01  5.227570e-01  4.107124e+00  2.372869e+00  1.527746e-01  1.179020e+01 6 3 -1.000000e+00
 8.395465e-01 -3.437796e-01 -5.752588e-01  3.320591e+02  5.000000e-01  9.931922e-01 -8.469015e-01  1.010521e+00  1.806143e-01
-2.772933e+00  1.610309e+00  3.765409e+00  0.000000e+00  0.000000e+00  4.174040e-01 -9.753591e-02  2.536325e-01  4.813505e-03
 1.105169e-02 -3.370086e-03  1.687603e-04  3.846622e+02  1.000000e+00  8.264555e+01 -2.685616e+01  4.379232e+00  8.037351e+01
3 -6.402357e-01  6.619187e-01  2.682639e+00  7.390639e-01  1.204789e-01  1.269820e+01 6 1 -1.000000e+00
-1.772873e+00  1.499236e+00  1.636514e+00  0.000000e+00  0.000000e+00  2.156768e-01  2.536346e-02 -5.886278e-02  2.716274e-03
 2.167308e-01 -3.002168e-01 -1.971654e-01  2.111369e+02  5.000000e-01  9.911667e-01  6.752803e-01  2.148478e+00  5.333632e-01
 3.849983e-03 -5.390745e-03  7.334586e-05  2.296963e+02  1.000000e+00  1.259532e+02  2.480241e+01  3.693391e+01  1.249616e+02
3 -7.925261e-02 -1.960189e-01  6.708858e-01  3.427185e-01  2.187427e-01  1.371200e+01 6 1 -1.000000e+00
 1.315704e-03 -5.634149e-01  1.907855e+00  0.000000e+00  0.000000e+00  2.585862e-01  1.151011e-01 -1.108938e-01  1.625762e-02
 6.732710e-02  1.042154e-01 -4.173294e-01  1.717894e+01  5.000000e-01  1.140944e+00  5.590725e-01 -1.450342e+00  6.257685e-01
 5.360520e-03  1.054139e-02  8.370694e-03  1.792166e+01  1.000000e+00  1.242034e+01  1.285636e+00 -3.050736e+00  1.152843e+01
1  4.722959e-03  1.387525e-02  0.000000e+00  7.907215e-03  0.000000e+00  7.482260e+00 0 2 -1.000000e+00
 8.939084e-03  3.441086e-02  4.915512e+00  0.000000e+00  0.000000e+00  5.179959e-01  1.186158e-01 -1.217400e-01  1.213272e-02
3 -5.412087e+00 -4.073592e+00  2.248119e+00  1.112548e+00  5.126277e-01  1.099440e+01 6 1  2.829077e-01
 1.279949e+00 -1.204652e+00  2.301426e+00  0.000000e+00  0.000000e+00  3.381447e-01 -1.534148e-02  5.747961e-02  1.377304e-03
-5.047014e-01  1.624840e-01 -1.179775e+00  1.738699e+02  5.000000e-01  9.204995e-01 -8.070391e-01  4.501418e-01  1.337009e-01
-2.077382e-03  7.471859e-04  1.987778e-05  2.117668e+02  1.000000e+00  2.619264e+02 -1.198286e+02  5.844884e+01  2.584847e+02
3  5.868553e-01  1.417100e+00  3.953646e+00  2.042022e+00  3.482750e-02  3.505850e+00 6 2 -1.000000e+00
 6.526431e-01  3.666362e+00  3.225139e+00  0.000000e+00  0.000000e+00  4.065513e-01  1.816685e-01 -9.546570e-02  1.916922e-03
-1.458116e-01 -2.058193e-01 -1.123235e-01  8.083707e+02  5.000000e-01  3.855306e+00  1.811040e+00 -3.711571e+00  2.669207e+00
-5.771653e-02 -7.680087e-02  1.740544e-02  8.094843e+02  1.000000e+00  1.213531e+01  2.005615e+00 -7.906918e+00  1.067676e+01
3  8.174356e-01  1.569134e-02  1.995984e+00  7.510576e-01  1.207727e-01  1.798880e+01 6 1 -1.000000e+00
 1.650991e+00 -1.132958e-01  1.589196e+00  0.000000e+00  0.000000e+00  1.938112e-01 -1.403138e-01 -3.167604e-02  5.501008e-03
-3.415193e-01  4.394794e-03 -1.919314e-01  2.026518e+02  5.000000e-01  8.147859e-01 -2.284627e+00 -1.580486e-01  3.906361e-01
-5.221943e-03  5.541814e-04  7.282033e-05  2.274164e+02  1.000000e+00  1.215775e+02 -2.323106e+01  1.633457e+01  1.204778e+02
3 -1.173269e-02 -4.320746e-01  1.091565e+00  4.899651e-01  1.224010e-01  1.078630e+01 6 1 -1.000000e+00
-1.408341e-01 -8.309637e-01  1.855797e+00  0.000000e+00  0.000000e+00  1.985672e-01  3.154021e-01 -6.295988e-02  1.122889e-02
-2.228580e-02  2.541449e-01 -2.271514e-01  1.135467e+02  5.000000e-01  6.631991e-01  2.109058e+00  2.601146e-01  3.534654e-01
-2.828117e-04  2.385108e-03  4.535354e-05  1.400298e+02  1.000000e+00  1.547643e+02  3.155404e+01  2.447079e+01  1.539871e+02
1  7.565530e-02  2.082340e-01  0.000000e+00  1.161871e-01  0.000000e+00  8.763940e+00 0 2  2.729389e-01
-2.365018e-01  5.418955e-02  3.408284e+00  0.000000e+00  0.000000e+00  4.061233e-01 -2.180536e-01  1.083485e-01  1.105313e-02
3  5.056214e-01 -4.928193e-01  1.803199e+00  1.141964e+00  5.531036e-02  1.474210e+01 6 2 -1.000000e+00
 7.226991e-01 -1.450673e+00  4.085515e+00  0.000000e+00  0.000000e+00  3.923604e-01  1.146626e-01  3.336333e-01  7.182757e-03
-1.635247e-01  1.197202e-01 -2.259713e-01  9.609422e+01  5.000000e-01  2.730913e+00 -5.914922e-01  2.659236e+00  1.613617e+00
-5.362264e-02  3.715256e-02  2.864608e-02  9.646384e+01  1.000000e+00  9.187862e+00 -2.143431e+00  5.247666e+00  7.643611e+00
3 -3.244835e-01 -1.694201e-01  1.708279e+00  9.189129e-01  1.493517e-01  8.775760e+00 6 3 -1.000000e+00
-1.117553e+00 -4.020611e-01  6.308803e+00  0.000000e+00  0.000000e+00  4.124415e-01 -2.909151e-01 -3.195070e-01  2.139306e-02
 4.662695e-01  2.380363e-01 -9.422306e-01  5.955763e+01  5.000000e-01  7.519726e-01 -5.718539e-01 -8.920830e-01  1.700724e-01
 6.243274e-03  2.753735e-03  5.849077e-04  7.720653e+01  1.000000e+00  4.304707e+01 -6.536786e+00 -3.943996e+00  4.138291e+01
3 -3.355710e-01 -5.091355e-02  2.985000e+00  1.284115e+00  5.151950e-01  8.427420e+00 6 3 -1.000000e+00
-1.907799e+00 -4.501195e-01  3.476606e+00  0.000000e+00  0.000000e+00  4.120759e-01 -2.159314e-01 -1.067312e-01  9.496773e-03
 1.073585e+00 -3.032362e-01 -6.748137e+00  1.273552e+02  5.000000e-01  6.421229e-01 -4.295824e-01  3.028598e-01  5.571056e-02
 4.992727e-03  3.556039e-04  3.674934e-04  1.993526e+02  1.000000e+00  5.351363e+01 -5.255453e+00  2.987361e+00  5.124527e+01
3  4.194729e-02 -2.691615e-01  1.125111e+00  4.882429e-01  1.183392e-01  1.326010e+01 6 3 -1.000000e+00
-1.808965e-01 -8.394894e-01  4.642819e+00  0.000000e+00  0.000000e+00  4.188956e-01  3.299996e-01 -1.157421e-01  3.571362e-02
-7.853132e-02  2.809550e-01 -5.494275e-01  5.368186e+01  5.000000e-01  1.408772e+00  1.222429e+00  7.020253e-01  7.794505e-01
-6.746480e-03  2.515096e-02  1.037270e-02  5.755925e+01  1.000000e+00  1.297315e+01  5.657461e+00  3.865569e+00  1.180825e+01
3 -1.546550e-01  2.128256e-01  6.612050e-01  2.108500e-01  1.489581e-01  8.252950e+00 6 1 -1.000000e+00
-3.498998e-01  4.665878e-01  1.475485e+00  0.000000e+00  0.000000e+00  1.756599e-01 -2.380880e-02 -3.502291e-02  3.090275e-03
 4.041501e-02 -6.712215e-02 -2.197855e-01  4.673133e+01  5.000000e-01  9.902543e-01  8.992296e-01  1.934263e+00  6.061923e-01
 2.684702e-03 -4.619993e-03  1.442650e-03  4.824597e+01  1.000000e+00  2.775666e+01  3.917302e+00  2.721165e+00  2.708494e+01
1  2.197650e-02 -7.627687e-03  0.000000e+00  5.130492e-03  0.000000e+00  5.743020e+00 0 2  2.726832e-01
-2.408919e-02 -1.964504e-02  3.883065e+00  0.000000e+00  0.000000e+00  4.350964e-01 -1.757545e-01 -1.752083e-01  8.826609e-03
3 -5.392236e-01  3.493781e-01  1.350254e+00  4.740199e-01  1.030550e-01  1.534600e+01 6 1 -1.000000e+00
-8.016934e-01  8.042867e-01  1.721137e+00  0.000000e+00  0.000000e+00  1.626979e-01 -1.881328e-01  2.909803e-01  3.669005e-02
 1.551100e-01 -1.484530e-01 -1.773717e-01  3.751522e+01  5.000000e-01  1.782564e+00 -6.156442e-01  2.423070e+00  1.528126e+00
 2.517594e-02 -2.713052e-02  7.542736e-03  3.826188e+01  1.000000e+00  1.478347e+01  1.781778e+00  7.364205e+00  1.438582e+01
3 -1.856693e-01 -1.673466e-01  9.450141e-01  4.141509e-01  9.425333e-01  1.612660e+01 6 3 -1.000000e+00
-1.436440e-02 -5.802717e-01  7.581640e+00  5.148630e+00  0.000000e+00  4.110166e-01  3.396633e-01 -3.156466e-01  4.033528e-02
-6.621505e-01  1.077870e-01  3.475305e+00  0.000000e+00  0.000000e+00  3.741369e-01 -2.427850e-01 -2.121688e-01  2.694961e-02
-2.434455e-01 -4.592036e-01 -8.043896e+00  5.509849e+00  5.000000e-01  4.605336e-01  2.276420e-01 -6.029270e-01  5.837749e-02
5 -4.788537e-03 -1.726357e-02  1.156707e+00  4.579484e-01  1.000000e+00  4.694500e+00 6 3 -1.000000e+00
 2.469171e-01  4.797787e-01 -4.055917e+00  8.150932e+00  5.000000e-01  4.012566e-01  3.720036e-01 -6.831254e-01  8.615826e-02
-3.322588e-01 -4.495155e-01 -7.274287e+00  3.942415e+00  5.000000e-01  3.684020e-01  1.324161e-01 -7.203141e-01  6.379285e-02
 4.098673e-01 -4.447636e-01  5.894321e+00  0.000000e+00  0.000000e+00  3.474317e-01 -7.608771e-03  5.060955e-01  2.985078e-02
-5.360279e-01  2.210098e-01  7.383766e+00  1.629694e+00  0.000000e+00  3.316833e-01 -4.466622e-01  3.342273e-01  2.399434e-02
 1.236054e-05  5.354585e-05  6.934422e-06  7.090176e+01  1.000000e+00  3.994328e+02  1.131390e+02 -4.171492e+01  3.976856e+02
1  1.280995e+00  1.167822e+00  0.000000e+00  5.632993e-01  0.000000e+00  1.534290e+01 0 2  2.729889e-01
 1.013073e+00  8.011803e-01  3.175323e+00  0.000000e+00  0.000000e+00  2.581715e-01 -5.437647e-02 -4.821038e-01  4.311491e-03
1  7.492579e+00  1.517346e-01  0.000000e+00  1.902154e+00  0.000000e+00  1.303480e+01 0 2  2.928546e-01
 2.617866e+00  2.477491e+00  5.039517e+00  0.000000e+00  0.000000e+00  4.612357e-01 -9.806317e-02 -2.867384e-01  1.028695e-03
3  4.158363e-01  5.845724e-04  9.625898e-01  4.268946e-01  2.252950e-01  1.534610e+01 6 1 -1.000000e+00
 8.257791e-01 -2.039901e-02  2.010378e+00  0.000000e+00  0.000000e+00  2.162884e-01 -3.381501e-01  4.939056e-02  3.553337e-02
-1.368005e-01 -2.484744e-02 -4.529281e-01  7.103239e+01  5.000000e-01  1.911629e+00 -1.677321e+00 -4.748879e-01  1.573643e+00
-5.682034e-02 -1.072726e-02  1.009044e-01  7.124952e+01  1.000000e+00  4.995186e+00 -2.201129e+00 -1.098260e+00  4.579489e+00
3  7.636629e-02  1.555754e-02  2.788950e-01  1.597666e-01  1.275350e-01  1.458540e+01 6 1 -1.000000e+00
 1.312370e-01  1.748109e-01  1.956220e+00  0.000000e+00  0.000000e+00  2.395377e-01 -1.479616e-01 -2.126508e-01  1.767033e-02
-7.869593e-02 -8.793546e-03 -2.494866e-01  4.452583e+00  5.000000e-01  7.298649e-01 -2.011612e+00 -1.860715e-01  3.850496e-01
-4.747679e-04 -1.246563e-04  3.727090e-05  6.219082e+00  1.000000e+00  1.773961e+02 -5.387777e+01 -3.717767e+01  1.765419e+02
3 -3.443463e-01  1.264481e-01  1.367662e+00  6.902201e-01  1.332729e-01  1.271950e+01 6 1 -1.000000e+00
-1.035255e+00 -7.706157e-02  2.856253e+00  0.000000e+00  0.000000e+00  3.428573e-01 -2.679612e-01  9.962047e-02  4.841646e-03
 3.293269e-01 -1.687936e-01 -3.806612e-01  1.819763e+02  5.000000e-01  7.224756e-01 -8.955108e-01  1.379162e+00  1.802120e-01
 5.240786e-04 -2.404770e-04  2.094130e-06  2.730844e+02  1.000000e+00  7.440376e+02 -1.491217e+02  2.287842e+02  7.421442e+02
2 -9.823796e-02 -1.439136e+00  1.697290e+00  8.595082e-01  8.365605e-02  9.526410e+00 6 2  2.813464e-01
-2.732109e-01 -9.539718e-02 -2.895834e-01  1.677370e+02  5.000000e-01  1.151479e+00 -1.365929e+00 -1.269023e+00  1.521447e-01
 1.401845e+00  1.784289e-01  3.461596e+00  0.000000e+00  0.000000e+00  3.703779e-01 -2.129613e-01 -2.493738e-01  1.958634e-03
3 -6.528523e-01  3.065633e-01  7.145620e-01  2.832942e-01  1.007871e-01  1.777860e+01 6 1  2.719812e-01
-5.981882e-01  3.948635e-03  1.938275e+00  0.000000e+00  0.000000e+00  2.606834e-01 -1.406075e-01  1.043828e-01  2.731256e-03
 6.684315e-04 -3.357205e-05  9.497681e-06  6.343725e+01  1.000000e+00  3.338571e+02 -6.575247e+01 -3.437388e+01  3.323650e+02
 1.157677e-01 -2.547809e-02 -1.953530e-01  5.421651e+01  5.000000e-01  7.487094e-01 -1.939210e+00  1.192287e+00  2.205753e-01
3 -2.756496e-01 -8.219869e-01  2.746695e+00  1.232854e+00  3.459103e-01  1.269670e+01 6 1 -1.000000e+00
-3.036737e-01 -2.432473e+00  1.807399e+00  0.000000e+00  0.000000e+00  2.546348e-01 -1.700018e-02 -4.470888e-02  7.512511e-03
 1.227123e-01  2.809250e-01 -6.251978e-01  1.330318e+02  5.000000e-01  1.474407e+00  7.755229e-01 -1.105948e+00  8.545666e-01
 3.159137e-02  9.060008e-02  7.774391e-02  1.336052e+02  1.000000e+00  4.998690e+00  1.258333e+00 -1.242328e+00  4.179141e+00
3 -8.583777e-01  6.121799e-01  5.464958e-01  2.666156e-01  3.808930e-01  1.369020e+01 6 1  2.847640e-01
-1.254160e-01 -1.041847e-01 -1.017715e+00  1.432622e+01  5.000000e-01  8.945185e-01 -8.297169e-02 -9.933961e-01  5.510289e-02
 4.163842e-01 -3.269905e-02  2.671917e+00  0.000000e+00  0.000000e+00  3.515885e-01 -2.123312e-01 -3.301327e-02  3.071601e-03
-5.028471e-04 -2.782865e-04  5.575595e-05  1.894918e+01  1.000000e+00  1.368447e+02 -4.033929e+00 -2.240976e+01  1.325349e+02
1  9.943566e-02 -3.262072e-02  0.000000e+00  5.197387e-02  0.000000e+00  9.332960e+00 0 2  2.714921e-01
-1.030954e-01 -1.067808e-01  3.000535e+00  0.000000e+00  0.000000e+00  3.041710e-01 -3.328108e-02 -3.870356e-01  1.965047e-02
3  2.896700e+00 -1.710245e+00  2.433403e+00  1.163587e+00  2.559088e-01  5.818450e+00 6 1  2.931115e-01
 2.833856e-01 -4.136272e-01 -6.699566e-01  2.268699e+02  5.000000e-01  8.985924e-01  3.575518e-01  1.172636e+00  7.703386e-02
-6.148050e-01  1.847944e+00  2.617951e+00  0.000000e+00  0.000000e+00  3.437089e-01  1.160191e-01  1.878282e-01  1.624109e-03
 1.634994e-03 -2.607963e-03  4.573236e-05  2.635888e+02  1.000000e+00  1.490904e+02 -1.624633e+00  7.859367e+00  1.456332e+02
3 -1.622419e-01  5.749949e-02  5.272843e-01  2.809731e-01  1.924459e-01  1.134660e+01 6 1 -1.000000e+00
 1.005334e-01 -1.377951e-02 -3.694138e-01  1.617045e+01  5.000000e-01  1.286645e+00 -1.579243e+00  5.432753e-01  7.824674e-01
-3.785925e-01  2.063728e-01  1.919572e+00  0.000000e+00  0.000000e+00  2.564366e-01 -1.272020e-01  1.255263e-01  1.382885e-02
 7.869729e-03 -1.097020e-03  3.421056e-03  1.699503e+01  1.000000e+00  2.071487e+01 -9.778055e+00  8.707278e-01  1.971659e+01
3  1.579690e-01  5.793883e-01  1.566965e+00  8.004835e-01  1.294136e-01  1.891650e+01 6 1 -1.000000e+00
 6.208776e-01  1.230512e+00  2.033095e+00  0.000000e+00  0.000000e+00  2.773899e-01  1.738994e-01 -7.957738e-03  7.920386e-03
-7.284094e-02 -1.745265e-01 -2.631101e-01  1.730820e+02  5.000000e-01  1.515516e+00  1.651345e+00 -1.157370e+00  9.267056e-01
-1.385889e-02 -2.750776e-02  9.084186e-03  1.755234e+02  1.000000e+00  1.262034e+01  2.096274e+00 -4.533938e+00  1.172108e+01
1  3.974984e-02  7.651529e-02  0.000000e+00  2.940378e-02  0.000000e+00  9.686020e+00 0 2  2.764596e-01
 7.759234e-02  3.477874e-02  4.457988e+00  0.000000e+00  0.000000e+00  4.431983e-01 -5.980784e-02 -2.865916e-01  1.838518e-04
3 -2.371639e-01 -9.685562e-01  3.748611e+00  1.212520e+00  2.422645e-01  1.438290e+01 6 1 -1.000000e+00
-3.133967e-01 -3.182567e+00  2.188801e+00  0.000000e+00  0.000000e+00  3.235727e-01  1.371248e-02 -2.224276e-02  1.445780e-02
 1.265318e-01  5.401398e-01 -5.302688e-01  3.769382e+02  5.000000e-01  1.441118e+00  1.163974e+00 -8.518124e-01  8.302385e-01
 1.137471e-02  7.531223e-02  1.100011e-02  3.849574e+02  1.000000e+00  1.256950e+01  6.327660e+00 -1.704677e+00  1.162107e+01
3  7.708975e-01  3.818128e-01  2.907176e+00  1.342478e+00  6.897690e-02  1.255710e+01 6 2 -1.000000e+00
 2.535451e+00 -4.943129e-01  3.168415e+00  0.000000e+00  0.000000e+00  4.029506e-01 -1.799783e-01 -9.198156e-02  2.897614e-03
-3.598217e-01 -2.315061e-01 -2.185474e-01  3.663599e+02  5.000000e-01  1.399254e+00 -8.272189e-01 -2.012655e+00  4.108979e-01
-1.025173e-02 -5.774241e-03  3.410707e-04  3.922739e+02  1.000000e+00  5.739475e+01 -6.295603e+00 -1.444957e+01  5.536774e+01
2  1.911761e-01  3.600605e-03  1.346405e+00  8.088168e-01  6.158937e-01  1.672750e+01 6 3 -1.000000e+00
-4.846382e-01 -6.495478e-02 -1.956512e+00  6.506152e+01  5.000000e-01  5.745537e-01 -7.854780e-01 -2.741214e-01  1.142499e-01
 8.617385e-01 -5.623466e-02  3.176704e+00  0.000000e+00  0.000000e+00  3.717615e-01 -2.770772e-01  5.585876e-02  2.409301e-02
3  1.976193e+00 -2.051195e+00  3.663327e+00  1.978670e+00  4.939387e-01  1.800430e+01 6 1  2.863385e-01
-1.004419e+00 -2.515810e+00  2.469247e+00  0.000000e+00  0.000000e+00  2.683312e-01  3.128873e-01 -1.801638e-01  2.009515e-03
-2.106548e-01  1.060487e+00 -1.219657e+00  3.839728e+02  5.000000e-01  8.491964e-01  8.500870e-01  3.464056e-01  2.231399e-02
-1.111847e-03  6.557060e-02  1.555329e-02  4.245541e+02  1.000000e+00  9.277389e+00  1.932124e+00  6.978499e-01  2.787014e+00
2  3.483573e-01  1.420731e-01  1.534650e+00  8.034472e-01  4.613123e-01  1.456400e+01 6 1 -1.000000e+00
 1.035496e+00  3.165796e-01  1.782867e+00  0.000000e+00  0.000000e+00  2.293544e-01 -1.193281e-01 -1.369711e-01  1.036545e-02
-4.165831e-01 -1.800239e-01 -8.224584e-01  7.169730e+01  5.000000e-01  4.215412e-01 -7.576482e-01 -9.881552e-01  1.110073e-01
2  3.458492e-01  4.736416e-01  1.814198e+00  9.589002e-01  1.767301e-01  1.643170e+01 6 1 -1.000000e+00
 8.931253e-01  1.177888e+00  2.052738e+00  0.000000e+00  0.000000e+00  2.828229e-01  8.674058e-02 -1.402314e-01  1.227038e-03
-2.209751e-01 -2.539271e-01 -3.627805e-01  3.448082e+02  5.000000e-01  7.787597e-01  3.429365e-01 -1.639460e+00  9.473788e-02
3 -3.204931e-01 -8.430186e-01  3.912834e+00  1.619369e+00  5.778802e-01  1.867900e+01 6 1 -1.000000e+00
-1.537955e+00 -2.868959e+00  2.387916e+00  0.000000e+00  0.000000e+00  3.289245e-01  6.671439e-02 -1.646700e-01  7.335572e-03
-1.191848e-02  7.340228e-01 -1.379929e+00  2.236643e+02  5.000000e-01  1.251497e+00  8.770452e-01  1.368107e-01  4.307741e-01
 1.497571e-02  1.153559e-01  4.785547e-02  2.279177e+02  1.000000e+00  6.305115e+00  2.692171e+00  1.424273e-02  4.927413e+00
3  2.493801e-02  2.570110e-01  9.458556e-01  5.259550e-01  2.081039e-01  1.133830e+01 6 1 -1.000000e+00
-4.290999e-02 -2.776296e-01 -5.702083e-01  5.326153e+01  5.000000e-01  5.059569e-01  1.311944e+00 -5.259532e-01  9.837222e-02
-8.991065e-02  6.670575e-01  2.740018e+00  0.000000e+00  0.000000e+00  2.764078e-01  3.982392e-01  5.476628e-03  9.991008e-03
 8.996605e-06 -7.658522e-04  1.567165e-05  7.970390e+01  1.000000e+00  2.551725e+02  1.099346e+01  2.594847e+01  2.537921e+02
3  1.049262e+00 -4.465727e-02  2.128918e+00  7.296419e-01  1.147398e-01  1.712950e+01 6 1  2.944961e-01
 1.840802e-01 -1.846907e+00  1.502765e+00  0.000000e+00  0.000000e+00  1.800191e-01 -7.892807e-03  8.286259e-02  5.021073e-03
-2.227639e-03  1.323056e-02  5.102114e-04  9.106865e+01  1.000000e+00  4.840826e+01  1.638288e+01  4.378658e+00  4.697831e+01
-5.120607e-02  2.689693e-01 -1.724269e-01  8.724519e+01  5.000000e-01  1.343171e+00  2.215209e+00  1.005075e+00  7.427085e-01
3 -2.395999e+00 -4.284668e-01  1.019918e+01  5.865777e+00  4.176778e-02  1.458540e+01 6 2 -1.000000e+00
-7.439012e+00 -5.795567e+00  6.800125e+00  0.000000e+00  0.000000e+00  5.399081e-01 -1.905670e-01 -1.682638e-01  3.048562e-04
 9.136315e-01  5.735354e-02 -2.840261e-01  2.642329e+03  5.000000e-01  1.959557e+00 -2.064268e+00 -4.246795e-01  5.508305e-01
 4.393022e-02 -3.429752e-04  4.642739e-04  2.696974e+03  1.000000e+00  5.675296e+01 -3.059266e+01  4.310567e+00  5.415840e+01
5  3.952249e-01 -1.633190e-01  2.744747e+00  9.675195e-01  1.000000e+00  1.534560e+01 6 3 -1.000000e+00
 1.451665e-01 -1.603049e+00  3.196764e+00  5.152407e+00  0.000000e+00  3.906673e-01  1.628078e-01  1.787835e-01  2.129267e-02
 1.077258e+00 -6.935051e-01 -3.283470e+00  1.642593e+01  5.000000e-01  5.282487e-01 -4.118315e-01  5.979130e-01  3.351263e-02
-5.771641e-01  3.300534e-01 -4.313535e-01  1.072223e+02  5.000000e-01  7.896480e-01 -9.760589e-01  1.187367e+00  1.757359e-01
 1.274113e+00  8.987731e-01  3.159712e+00  0.000000e+00  0.000000e+00  3.615274e-01 -2.647492e-01 -1.451570e-01  5.695003e-03
-2.228921e-03  1.775762e-03  4.493472e-05  1.636825e+02  1.000000e+00  1.639973e+02  1.518245e+01  6.389926e+01  1.623769e+02
2  9.723934e-01 -9.224709e-01  1.862067e+00  8.698600e-01  2.824213e-01  1.336130e+01 6 1  2.745811e-01
-3.678417e-01 -1.974901e-01 -7.289747e-01  2.502281e+02  5.000000e-01  9.039574e-01 -6.604284e-01 -9.720331e-01  4.084692e-02
 1.305065e+00  6.202356e-01  2.581161e+00  0.000000e+00  0.000000e+00  2.884858e-01 -1.644146e-01 -3.029812e-01  1.100276e-03
3 -4.154325e-01  2.346914e-01  1.396377e+00  5.363996e-01  1.626750e-01  1.442800e+01 6 1 -1.000000e+00
-8.344143e-01  8.456056e-01  1.573886e+00  0.000000e+00  0.000000e+00  1.926652e-01 -1.247412e-01  2.931015e-02  8.656956e-04
 2.189421e-01 -7.107785e-02 -2.560319e-01  1.935951e+02  5.000000e-01  6.961795e-01 -1.656804e+00  1.119405e+00  1.446455e-01
 7.421408e-04 -2.249563e-04  4.535917e-06  2.289769e+02  1.000000e+00  4.835727e+02 -1.045960e+02 -3.838604e+01  4.815894e+02
3  7.181661e-01  4.972506e-01  1.982799e+00  9.393340e-01  1.878430e-01  1.746950e+01 6 1  2.869807e-01
 1.595977e+00 -3.638413e-01  2.399554e+00  0.000000e+00  0.000000e+00  2.982507e-01 -1.922297e-01  1.968646e-01  3.453137e-03
-3.157325e-01  1.623320e-01 -4.507395e-01  9.421254e+01  5.000000e-01  1.184218e+00 -8.338047e-01  1.247911e+00  2.077291e-01
-1.016316e-02  4.645026e-03  7.300789e-04  1.004616e+02  1.000000e+00  3.883949e+01 -5.096639e+00  6.011314e+00  3.570075e+01
3 -2.454370e-01 -2.310810e-01  1.210166e+00  4.326666e-01  2.147731e-01  1.746640e+01 6 1 -1.000000e+00
-5.266557e-01 -6.777804e-01  2.579330e+00  0.000000e+00  0.000000e+00  2.724392e-01 -1.056756e-02 -3.762119e-01  1.171033e-02
 2.393817e-01  2.590703e-01 -5.539708e-01  4.223507e+01  5.000000e-01  5.152246e-01 -1.441224e-01 -1.421051e+00  1.204955e-01
 7.253561e-04  1.305565e-03  2.762436e-05  6.087528e+01  1.000000e+00  2.031395e+02  6.606422e+01 -1.720404e+01  2.018692e+02
3  5.583551e-01 -3.597890e-01  1.419271e+00  5.393396e-01  1.063592e-01  6.081090e+00 6 1 -1.000000e+00
 1.041388e+00 -5.572112e-01  1.340422e+00  0.000000e+00  0.000000e+00  1.253191e-01 -2.152582e-02  1.362714e-01  4.895790e-03
-2.447477e-03  1.422901e-03  3.578500e-05  1.639613e+02  1.000000e+00  1.695996e+02 -1.594075e+01  1.506826e+01  1.689903e+02
-2.006683e-01  1.295385e-01 -1.425663e-01  1.439795e+02  5.000000e-01  6.358721e-01 -9.930385e-01  2.482085e+00  3.912477e-01
3  1.839848e-01 -2.238563e-01  1.404078e+00  6.262635e-01  2.587751e-01  1.386870e+01 6 3 -1.000000e+00
 7.862107e-01 -5.684929e-01  3.034454e+00  0.000000e+00  0.000000e+00  3.401220e-01 -4.935003e-02  3.216441e-01  1.867080e-02
-2.459861e-01  3.833502e-01 -7.852410e-01  1.042769e+02  5.000000e-01  6.257956e-01  5.637059e-01  1.046785e+00  1.725604e-01
-8.286044e-04  1.060977e-03  2.124664e-05  1.651796e+02  1.000000e+00  2.294762e+02  2.105367e+01  6.849705e+01  2.280189e+02
1  2.854267e-01  7.029259e-01  0.000000e+00  5.437235e-01  0.000000e+00  7.888520e+00 0 2 -1.000000e+00
 5.752778e-01  9.867509e-01  5.488731e+00  0.000000e+00  0.000000e+00  3.531538e-01  3.148176e-01 -3.702816e-01  7.157888e-03
3  2.252480e-01 -1.600291e-02  8.058396e-01  3.821760e-01  1.665142e-01  1.756200e+01 6 1 -1.000000e+00
-1.989150e-01 -6.050864e-03 -4.787363e-01  4.972346e+01  5.000000e-01  7.740068e-01 -1.429530e+00  3.104024e-01  2.277249e-01
 5.978722e-01  1.143964e-01  2.875049e+00  0.000000e+00  0.000000e+00  3.411302e-01 -2.930425e-01  2.037727e-02  1.722119e-02
-2.285405e-03 -5.888709e-04  1.042257e-04  6.121800e+01  1.000000e+00  1.147457e+02 -3.895826e+01 -4.272912e+01  1.132712e+02
1 -2.475303e+00  4.928238e+00  0.000000e+00  4.613967e+00  0.000000e+00  3.916520e+00 0 2 -1.000000e+00
-2.120753e+00  1.147900e+01  7.000862e+00  0.000000e+00  0.000000e+00  5.299793e-01  2.250847e-01  1.655800e-01  4.540079e-04
3 -1.403929e+00 -2.004548e+00  1.341490e+00  5.998826e-01  1.982022e-01  1.335690e+01 6 3  2.952390e-01
 8.268203e-03 -5.246219e-01 -1.046388e+00  3.996328e+01  5.000000e-01  5.965656e-01  1.057515e+00 -9.433586e-03  1.091231e-01
 3.784999e-01  7.647666e-01  5.279398e+00  0.000000e+00  0.000000e+00  3.298490e-01  3.304942e-01 -3.878924e-01  1.459637e-02
 1.128489e-05 -7.302361e-04  1.067433e-05  8.048955e+01  1.000000e+00  3.277545e+02  1.101998e+02  3.068923e+01  3.246416e+02
5 -3.920470e-01 -2.868659e-01  5.972100e+00  2.603319e+00  1.000000e+00  4.872230e+00 6 3 -1.000000e+00
 9.575826e-01 -2.988698e+00  4.429143e+00  4.188667e+01  0.000000e+00  4.784060e-01  2.131618e-01  2.906979e-02  1.270205e-03
-1.811645e+00 -1.704478e+00 -4.426900e+00  1.301524e+02  5.000000e-01  7.278431e-01 -3.322388e-02 -5.466784e-01  5.159650e-03
 9.499250e-01  7.342136e-01 -1.408800e+00  4.334704e+02  5.000000e-01  1.168148e+00 -1.775684e-01 -8.405755e-01  4.174222e-02
-2.919296e+00  1.553966e+00  3.940002e+00  0.000000e+00  0.000000e+00  4.648385e-01 -1.522677e-01  9.698152e-02  1.654389e-03
 8.026235e-03  4.930578e-03  4.461102e-04  5.183899e+02  1.000000e+00  5.157866e+01 -1.013334e+01 -1.462592e+01  4.744069e+01
1 -1.376898e+00  2.165847e+00  0.000000e+00  1.538285e+00  0.000000e+00  1.714460e+01 0 2 -1.000000e+00
-2.226745e+00  3.301117e+00  3.669635e+00  0.000000e+00  0.000000e+00  3.836245e-01  1.758757e-01  2.765499e-01  3.503203e-04
3  3.129703e+00  3.441729e+00  3.706806e+00  1.243983e+00  6.505076e-01  1.714320e+01 6 1  3.167335e-01
 5.342161e-01  1.401700e-01 -9.420196e-01  1.480541e+02  5.000000e-01  1.425152e+00 -7.818230e-01 -7.943905e-01  4.545741e-01
-2.987185e+00  1.297815e+00  1.448130e+00  0.000000e+00  0.000000e+00  1.433023e-01  1.567142e-01 -1.372072e-01  1.390947e-03
 1.081962e-01  6.590759e-03  6.654904e-02  1.496929e+02  1.000000e+00  5.721076e+00 -2.446266e+00 -1.130411e+00  3.609312e+00
2  4.870566e-01  2.635448e-02  2.046914e+00  9.077199e-01  4.025589e-01  1.335770e+01 6 1 -1.000000e+00
-5.855061e-01 -5.814732e-02 -8.847241e-01  1.083677e+02  5.000000e-01  5.410216e-01 -1.144424e+00 -1.767807e-01  8.236952e-02
 1.454333e+00  1.118910e-01  2.197751e+00  0.000000e+00  0.000000e+00  2.903623e-01 -2.203910e-01 -1.660791e-03  6.050883e-03
2 -7.676767e-01 -4.950662e-01  3.974761e-02  6.731161e-01  4.224583e-01  1.534500e+01 6 1  2.773496e-01
 9.312110e-02  5.358114e-02 -4.654022e-01  1.246066e+02  5.000000e-01  3.537474e+00 -1.596823e+00 -2.457155e+00  1.698262e+00
 5.833104e-02  3.435813e-02  1.966130e-01  1.246365e+02  1.000000e+00  5.670017e+00 -2.115309e+00 -3.499771e+00  3.404924e+00
3 -1.901051e-01  1.056548e+00  5.254702e+00  1.860377e+00  2.514772e-01  1.757770e+01 6 1 -1.000000e+00
-4.764267e-01  4.864100e+00  1.958750e+00  0.000000e+00  0.000000e+00  2.729107e-01 -1.317893e-01 -2.757941e-02  1.681751e-04
 9.725473e-02 -3.591925e-01 -4.925808e-01  1.413992e+03  5.000000e-01  1.348908e+00  1.174148e+00  8.793387e-01  2.382760e-01
 1.963838e-03 -1.078112e-02  2.775485e-04  1.439960e+03  1.000000e+00  6.244060e+01  1.219337e+01  4.826552e+00  6.006995e+01
2 -2.811547e+00 -9.806884e-01  2.629604e+00  1.400018e+00  2.695289e-02  1.320570e+01 6 2  2.665343e-01
 2.396470e+00  2.829513e-01  3.980356e+00  0.000000e+00  0.000000e+00  3.980952e-01 -2.487714e-01 -2.217394e-01  3.480672e-04
-1.972653e-01 -1.498922e-01 -1.072821e-01  6.922242e+02  5.000000e-01  1.902977e+00 -9.378621e-01 -3.042532e+00  3.411061e-01
5 -8.809658e-01  2.434266e+00  2.892718e+00  1.064257e+00  1.000000e+00  1.475270e+01 6 3  2.964252e-01
 9.200898e-01 -1.034776e+00  5.012592e+00  1.114798e+01  0.000000e+00  4.791460e-01 -7.543593e-02  2.571006e-01  4.249276e-02
-7.103322e-01 -5.159349e-01 -1.852303e+00  2.490625e+01  5.000000e-01  5.833405e-01 -3.263555e-01 -7.790800e-01  4.735730e-02
 1.071229e+00  1.304997e-01 -4.016175e+00  1.421909e+01  5.000000e-01  5.220168e-01 -6.130411e-01 -3.188130e-01  3.005457e-02
-4.462708e-01  1.514905e+00  3.313125e+00  0.000000e+00  0.000000e+00  4.144691e-01  2.021312e-01  1.263347e-02  3.070118e-02
-4.936337e-04 -1.462898e-03  1.871813e-04  5.191909e+01  1.000000e+00  7.570197e+01  1.424924e+01  5.910045e+00  7.288275e+01
3  7.300729e-03 -6.406453e-02  4.825406e-01  2.044757e-01  4.234899e-01  1.387280e+01 6 3 -1.000000e+00
-1.814425e-02 -3.186522e-01  5.397730e+00  0.000000e+00  0.000000e+00  4.683702e-01  3.120100e-01  4.119850e-03  4.788032e-02
-2.269651e-02  1.638669e-01 -2.285884e+00  7.388917e+00  5.000000e-01  8.009589e-01  6.398600e-01  2.601233e-01  2.105647e-01
-2.074867e-04  3.768504e-03  3.927614e-03  9.618170e+00  1.000000e+00  1.820412e+01  6.431048e+00  1.259135e-01  1.655308e+01
3 -4.357209e-01  2.948731e-01  1.247433e+00  4.868354e-01  1.196158e-01  6.166830e+00 6 1 -1.000000e+00
-8.711717e-01  5.536890e-01  1.697492e+00  0.000000e+00  0.000000e+00  2.066454e-01 -8.087518e-02  1.837564e-01  2.005716e-03
 1.822151e-01 -1.144914e-01 -2.030469e-01  2.011554e+02  5.000000e-01  6.396968e-01 -7.979682e-01  2.101912e+00  1.691402e-01
 1.452244e-03 -6.072653e-04  2.179271e-05  2.326944e+02  1.000000e+00  2.191749e+02 -3.232020e+01 -2.586111e+01  2.177956e+02
3  3.683730e-01 -4.629939e-01  1.794328e+00  8.602767e-01  2.443745e-01  1.064490e+01 6 1 -1.000000e+00
 8.831628e-01 -1.174793e+00  1.969425e+00  0.000000e+00  0.000000e+00  2.502746e-01  1.241036e-02  2.327485e-01  9.292223e-04
-2.001821e-01  2.555841e-01 -4.812774e-01  3.590563e+02  5.000000e-01  8.285331e-01  4.269937e-01  1.387401e+00  7.320435e-02
-9.129470e-04  7.903210e-04  8.319705e-06  4.164078e+02  1.000000e+00  3.536291e+02 -6.176888e+01  1.831067e+01  3.504975e+02
4 -2.019220e-01 -2.907994e-02  9.112178e-01  4.437720e-01  1.000000e+00  1.403910e+01 6 3 -1.000000e+00
 2.973239e-01  5.246989e-02 -5.437292e-01  6.516845e+01  5.000000e-01  6.197347e-01 -1.352325e+00 -3.936600e-01  4.917911e-02
-4.481626e-01 -4.715221e-01  7.401630e+00  0.000000e+00  0.000000e+00  4.038798e-01 -1.899055e-01 -4.291734e-01  1.156434e-02
-5.854224e-01  7.350866e-02 -4.323961e+01  1.480017e+00  5.000000e-01  3.927540e-01 -6.195209e-01  8.982451e-02  5.860464e-03
-5.735782e-01  1.677779e-01  3.874142e+01  1.469189e+00  0.000000e+00  3.849210e-01 -5.564079e-01  2.071721e-01  5.381202e-03
3  4.102266e-01  3.585075e-01  1.957339e+00  7.825208e-01  3.964760e-01  1.534560e+01 6 1 -1.000000e+00
 1.008563e+00  1.166404e+00  1.546307e+00  0.000000e+00  0.000000e+00  1.937011e-01 -2.107504e-02 -5.451422e-02  9.568980e-03
-3.581159e-01 -2.347966e-01 -6.130737e-01  1.369602e+02  5.000000e-01  7.613240e-01 -6.821648e-01 -1.105777e+00  2.939397e-01
-4.683552e-03 -4.097003e-03  1.690322e-04  1.587621e+02  1.000000e+00  8.262578e+01 -3.696339e+00 -2.707531e+01  8.107717e+01
3 -1.612439e+00 -2.461320e+00  1.960479e+00  9.622485e-01  5.666380e-01  1.534670e+01 6 3  2.809816e-01
-2.071673e-01 -1.482688e+00  4.011248e+00  0.000000e+00  0.000000e+00  4.560273e-01  1.181258e-01 -1.807033e-01  3.874718e-03
 3.442809e-01  3.986369e-01 -2.272926e+00  1.177232e+02  5.000000e-01  7.756436e-01  3.072681e-02 -6.995379e-01  5.521821e-02
 4.944184e-03  8.731880e-03  2.933497e-03  1.374017e+02  1.000000e+00  1.949874e+01 -3.930676e-01  1.076477e+00  1.705782e+01
3  7.685197e-02  1.229371e-01  5.851300e-01  3.199808e-01  1.750663e-01  1.673000e+01 6 3 -1.000000e+00
-7.692561e-02 -1.508568e-01 -7.873093e-01  1.871188e+01  5.000000e-01  7.969634e-01  6.745522e-01 -9.253929e-01  2.816505e-01
 3.328427e-01  2.668358e-01  4.497206e+00  0.000000e+00  0.000000e+00  3.596637e-01  3.039489e-02 -4.321418e-01  3.005235e-02
-2.753215e-03 -4.804559e-03  3.068950e-03  2.200767e+01  1.000000e+00  1.928879e+01  1.957786e+00 -2.191488e+00  1.805770e+01
2 -3.300440e-03 -3.280123e-01  1.371794e+00  7.893390e-01  3.376577e-02  1.673150e+01 6 2  2.722516e-01
 5.763023e-01  9.836320e-01  4.499965e+00  0.000000e+00  0.000000e+00  3.369942e-01  7.396883e-03 -4.661524e-01  3.428191e-03
-2.368534e-01 -1.211746e-01 -1.519448e-01  1.806640e+02  5.000000e-01  1.229980e+00 -1.554312e+00 -2.053861e+00  2.829745e-01
3  1.593716e-01  1.074294e-01  5.275942e-01  2.564158e-01  1.332710e-01  9.356260e+00 6 1 -1.000000e+00
 4.010156e-01  2.097909e-01  2.536298e+00  0.000000e+00  0.000000e+00  3.261315e-01 -9.285489e-02 -2.262770e-01  1.767423e-02
-6.297524e-02 -4.134277e-02 -3.380150e-01  3.547286e+01  5.000000e-01  1.693946e+00 -6.515841e-01 -1.736504e+00  1.050343e+00
-1.296463e-02 -8.109197e-03  1.930131e-02  3.591766e+01  1.000000e+00  9.339398e+00 -1.902751e+00 -3.757012e+00  8.387262e+00
3 -3.630430e-02 -9.132697e-02  4.844903e-01  2.280495e-01  8.621334e-01  5.440890e+00 6 1 -1.000000e+00
-2.634505e-01 -3.079664e-01  2.526173e+00  0.000000e+00  0.000000e+00  3.361043e-01  2.266188e-02 -2.106854e-01  3.456167e-02
 8.421357e-03  9.305291e-02 -2.177898e+00  1.007654e+01  5.000000e-01  1.503818e+00  8.433650e-01  4.154538e-02  5.311201e-01
 8.077996e-03  4.055812e-02  6.697229e-01  1.011092e+01  1.000000e+00  2.633761e+00  1.077708e+00 -1.206926e-01  1.344752e+00
1 -6.119713e-01  2.571767e+00  0.000000e+00  9.138203e-01  0.000000e+00  1.335990e+01 0 2  2.744187e-01
 5.706590e-01  1.809497e+00  3.503623e+00  0.000000e+00  0.000000e+00  3.078437e-01  4.136020e-01  1.503156e-01  2.264842e-03
4  8.907222e-01 -8.939528e-01  4.659434e+00  1.656749e+00  1.000000e+00  8.087670e+00 6 1 -1.000000e+00
-3.397436e-01 -3.225205e+00  2.585013e+00  1.738816e+02  0.000000e+00  3.402519e-01  2.124368e-01 -5.738318e-02  4.766816e-04
 1.442748e+00 -2.663206e+00 -1.971617e+00  2.524784e+02  5.000000e-01  8.698783e-01  3.411491e-01  6.385507e-01  4.225478e-04
 3.259318e+00 -2.659682e-01  2.086890e+00  0.000000e+00  0.000000e+00  2.527321e-01 -2.804830e-01  2.359146e-02  2.146675e-04
-1.649153e-01  2.061039e-01 -3.976545e-02  1.130806e+03  5.000000e-01  3.631858e+00  1.277997e+00  5.517324e+00  4.024583e-01
3 -4.871015e-03 -1.427209e-02  1.638093e-01  7.931589e-02  3.875790e-01  9.530490e+00 6 3 -1.000000e+00
 4.529753e-02 -1.024229e-01  5.915338e+00  0.000000e+00  0.000000e+00  4.692636e-01  3.004858e-01  1.494567e-01  7.323005e-02
 2.796964e-02  6.046728e-02 -2.292661e+00  7.603330e-01  5.000000e-01  5.926884e-01  3.816772e-01 -6.755736e-01  9.028379e-02
 2.361164e-05  3.219165e-04  6.042718e-04  1.467761e+00  1.000000e+00  4.353136e+01  1.018561e+01  7.091206e+00  4.203221e+01
5 -7.833606e-01  2.187978e-01  4.744218e-01  2.196458e-01  1.000000e+00  1.474790e+01 6 3  2.693421e-01
 8.316166e-02 -1.747212e-01 -4.203757e+00  4.193116e+00  5.000000e-01  6.884593e-01  3.979709e-01  4.201895e-01  7.197347e-02
-1.839984e-01  1.238069e-01 -7.918593e+00  2.648322e+00  5.000000e-01  6.630967e-01 -1.400182e-01  4.692375e-01  5.839080e-02
 1.846645e-01  1.768245e-01  5.875055e+00  0.000000e+00  0.000000e+00  4.874336e-01  4.362315e-02 -3.010152e-01  1.023282e-02
-2.237159e-01 -6.463249e-02  1.029137e+01  2.247985e+00  0.000000e+00  5.565968e-01 -2.574944e-01 -1.820281e-01  1.640960e-02
-4.195301e-06 -2.740683e-04  4.320462e-04  1.043209e+01  1.000000e+00  5.063161e+01  5.662240e+00  1.080134e+01  4.746357e+01
3  3.074005e-01 -4.907393e-01  2.322396e+00  9.970935e-01  3.904388e-01  1.545700e+01 6 1 -1.000000e+00
 1.073901e+00 -1.441637e+00  2.493469e+00  0.000000e+00  0.000000e+00  3.381789e-01  5.935011e-02  1.828579e-01  3.347140e-03
-2.287358e-01  4.810329e-01 -9.735472e-01  1.456225e+02  5.000000e-01  7.961422e-01  6.477974e-01  8.056600e-01  1.033932e-01
-2.534729e-03  5.204157e-03  2.297515e-04  1.700603e+02  1.000000e+00  6.740513e+01  7.531059e+00 -6.296251e-01  6.525257e+01
2 -8.664686e-02 -9.653307e-01  4.580651e+00  2.518842e+00  7.280192e-01  1.078750e+01 6 1 -1.000000e+00
-6.871145e-01 -3.553421e+00  2.779665e+00  0.000000e+00  0.000000e+00  3.649132e-01  2.018480e-01 -5.326486e-02  2.383593e-04
-1.508821e-02  9.776656e-01 -2.023650e+00  9.870369e+02  5.000000e-01  9.512420e-01  6.999570e-01  8.120436e-02  1.164504e-02
3 -2.778865e-01  6.662903e-02  9.427242e-01  3.645676e-01  2.266553e-01  1.474430e+01 6 1 -1.000000e+00
-7.801625e-01  1.343472e-01  1.815034e+00  0.000000e+00  0.000000e+00  2.569315e-01  1.668109e-03  3.455494e-02  3.705324e-03
 1.494037e-01 -2.261045e-02 -4.113871e-01  1.101495e+02  5.000000e-01  9.258446e-01 -1.408577e+00  6.724654e-01  3.394441e-01
 3.377503e-03 -1.194117e-04  2.163644e-04  1.196576e+02  1.000000e+00  7.414359e+01 -2.605670e+01 -7.014356e+00  7.273154e+01
2 -2.277738e-01 -2.555132e-01  1.327141e+00  6.997440e-01  1.964651e-01  1.011900e+01 6 1 -1.000000e+00
-3.669124e-01 -8.597486e-01  2.734515e+00  0.000000e+00  0.000000e+00  2.684353e-01  1.876906e-01 -3.664200e-01  4.613164e-03
 3.154269e-01  2.785470e-01 -5.372369e-01  5.227295e+01  5.000000e-01  4.625539e-01 -2.260501e-01 -1.448836e+00  4.710599e-02
3  1.385464e-02 -1.144571e-01  9.056148e-01  5.033607e-01  5.321478e-01  1.692840e+01 6 3 -1.000000e+00
-1.302824e-01 -5.724465e-01  3.610593e+00  0.000000e+00  0.000000e+00  3.522182e-01  3.618201e-01 -1.083730e-01  2.001301e-02
-1.423029e-01  3.330886e-01 -1.921369e+00  2.073053e+01  5.000000e-01  5.379120e-01  5.860363e-01  6.249392e-01  9.952767e-02
-2.258184e-04  9.485180e-04  1.053749e-04  3.970555e+01  1.000000e+00  9.950309e+01  5.276621e+00  1.360471e+01  9.767079e+01
1 -7.186810e+00  1.190171e+00  0.000000e+00  8.893648e+00  0.000000e+00  1.611120e+01 0 2 -1.000000e+00
-1.481337e+01 -7.095263e+00  3.644281e+00  0.000000e+00  0.000000e+00  4.000973e-01 -2.891781e-01 -4.309039e-02  2.457605e-04
2  2.443128e+00  1.508173e+00  1.277053e-02  5.488968e-01  2.300980e-01  1.712270e+01 6 1 -1.000000e+00
-2.006421e-02 -1.245877e-02 -5.826183e-04  0.000000e+00  5.000000e-01  3.815839e+01 -2.427966e+01 -5.007628e+01  3.730007e+01
-9.230591e-03 -5.697186e-03  1.340593e-04  1.125602e-01  1.000000e+00  1.166064e+02 -3.407426e+01 -6.887953e+01  1.156201e+02
3  6.574645e-01 -3.170664e-01  3.546077e+00  2.044641e+00  1.519984e-01  1.534670e+01 6 1  2.728786e-01
 2.039178e+00  2.438085e+00  2.109091e+00  0.000000e+00  0.000000e+00  2.214090e-01  2.737333e-01 -2.390318e-01  4.272912e-04
 6.731889e-02 -5.091904e-01 -3.205784e-01  1.017582e+03  5.000000e-01  1.953651e+00  1.899546e+00  6.484887e-01  1.063315e-01
 1.582508e-04 -7.996768e-03  7.844308e-05  1.056414e+03  1.000000e+00  1.204724e+02  3.817060e+01  8.280686e+00  1.119316e+02
3  1.146358e+00  1.747017e+00  3.867984e+00  1.781911e+00  1.290621e-01  1.534600e+01 6 1  2.801578e-01
 3.604676e+00  4.103611e-01  1.753923e+00  0.000000e+00  0.000000e+00  2.368927e-01  1.478780e-02 -1.093782e-01  4.733463e-04
-2.317907e-01 -8.240474e-02 -2.263650e-01  5.090018e+02  5.000000e-01  2.815697e+00 -1.776854e+00 -2.134758e+00  4.955946e-01
-3.915151e-02 -7.779199e-03  4.751655e-03  5.107747e+02  1.000000e+00  1.877507e+01 -9.588612e+00 -3.682209e+00  1.409351e+01
3  3.114381e-02 -5.187658e-01  1.519211e+00  6.487228e-01  1.591711e-01  8.103150e+00 6 1 -1.000000e+00
-2.080932e-01 -1.173975e+00  2.064404e+00  0.000000e+00  0.000000e+00  2.571069e-01  2.539924e-01  5.455893e-02  1.121802e-02
-1.103492e-02  3.324015e-01 -3.285935e-01  1.276643e+02  5.000000e-01  7.091230e-01  1.721022e+00  4.073891e-01  2.807843e-01
 4.733070e-04  3.839089e-03  8.161966e-05  1.522919e+02  1.000000e+00  1.169426e+02  2.664056e+01 -2.193199e+01  1.158201e+02
3 -6.218523e-01  8.649258e-01  1.811737e+00  8.820980e-01  2.528086e-01  3.677110e+00 6 1  2.717802e-01
-1.267219e+00 -6.272848e-01  2.987270e+00  0.000000e+00  0.000000e+00  3.847470e-01 -1.054657e-01 -1.807193e-01  3.291641e-03
 3.255150e-01  2.361909e-01 -7.552074e-01  3.400587e+02  5.000000e-01  9.396736e-01 -2.668689e-01 -1.120964e+00  1.037363e-01
 1.554375e-03  8.548510e-04  2.040666e-05  4.124339e+02  1.000000e+00  2.318574e+02 -4.564894e+01 -4.698634e+01  2.287435e+02
3 -1.629172e-01 -6.252685e-02  5.206908e-01  2.300424e-01  1.922934e-01  9.359230e+00 6 1 -1.000000e+00
-3.740656e-01 -1.380107e-01  2.630544e+00  0.000000e+00  0.000000e+00  2.858372e-01 -2.624274e-01 -2.470036e-01  1.522790e-02
 1.165592e-01  3.636300e-02 -5.058361e-01  2.607390e+01  5.000000e-01  7.496941e-01 -1.097703e+00 -9.135789e-01  3.146557e-01
 4.008882e-03  9.744174e-04  1.404656e-03  2.927220e+01  1.000000e+00  2.803747e+01 -4.263476e+00  9.640285e-01  2.711703e+01
3 -2.835274e-01 -9.329364e-02  1.130749e+00  5.624240e-01  2.987429e-01  1.592780e+01 6 1 -1.000000e+00
-6.817760e-01 -5.599261e-01  1.734450e+00  0.000000e+00  0.000000e+00  2.218576e-01 -1.110223e-01 -1.289494e-01  3.358850e-02
 2.813755e-01  3.246891e-02 -5.181546e-01  2.860334e+01  5.000000e-01  9.248113e-01 -1.384954e+00 -1.322139e-01  5.457750e-01
 1.268201e-02  3.625053e-03  3.112083e-03  3.197256e+01  1.000000e+00  2.000747e+01 -5.650314e+00 -2.833665e+00  1.916705e+01
3 -2.385274e-01 -8.044910e-02  6.090833e-01  2.532951e-01  1.367791e-01  5.433440e+00 6 1 -1.000000e+00
-5.050085e-01 -1.458008e-01  1.811119e+00  0.000000e+00  0.000000e+00  2.241077e-01 -1.766456e-01 -1.366031e-01  1.115216e-02
 7.901408e-02  2.711543e-02 -2.477232e-01  2.176167e+01  5.000000e-01  1.529856e+00 -1.612595e+00 -1.310361e+00  9.590110e-01
 1.100135e-02  3.609062e-03  6.242841e-03  2.216955e+01  1.000000e+00  1.491998e+01 -4.684174e+00 -3.411860e+00  1.392811e+01
3  3.558999e-01 -2.799295e-01  1.152061e+00  5.634731e-01  1.163857e-01  1.746770e+01 6 1 -1.000000e+00
 7.614691e-01 -4.458499e-01  2.231759e+00  0.000000e+00  0.000000e+00  2.237791e-01 -1.171363e-01  3.751280e-01  1.244526e-02
-2.132028e-01  1.683651e-01 -2.597448e-01  6.996823e+01  5.000000e-01  6.349579e-01 -3.491137e-01  1.965021e+00  2.823638e-01
-2.520407e-03  1.716317e-03  8.794934e-05  8.515618e+01  1.000000e+00  1.084653e+02 -1.013893e+01  8.706593e+00  1.075524e+02
3 -2.880813e+00 -2.302894e+00  7.842019e+00  2.458054e+00  7.747915e-04  1.611770e+01 6 2 -1.000000e+00
-7.076547e+00 -3.120450e+00  3.345037e+00  0.000000e+00  0.000000e+00  4.261564e-01 -6.416130e-03 -1.740832e-01  5.641382e-05
 9.063999e-03  8.480287e-03  3.880620e-05  3.755348e+03  1.000000e+00  1.725199e+02  2.488429e+00 -6.036392e+01  1.699123e+02
 8.533469e-02  7.403189e-02 -2.591706e-03  3.744857e+03  5.000000e-01  8.660993e+00 -4.164721e+00 -2.066863e+01  6.820386e+00
3  3.478584e-01 -1.672568e-01  1.368996e+00  7.852674e-01  6.439238e-02  1.148950e+01 6 2 -1.000000e+00
 1.064396e+00  3.429306e-01  4.773616e+00  0.000000e+00  0.000000e+00  4.422240e-01 -3.175925e-01  2.764509e-02  3.540922e-03
-2.899731e-01  1.433412e-01 -3.073845e-01  1.454839e+02  5.000000e-01  9.830236e-01 -1.089089e+00  1.437855e+00  1.608160e-01
-1.010652e-03  5.312806e-04  1.088840e-05  1.909491e+02  1.000000e+00  3.131874e+02 -3.550949e+01  6.602448e+01  3.104688e+02
3  6.185623e-01 -6.889292e-01  4.004726e+00  2.883162e+00  9.936788e-02  8.094790e+00 6 2 -1.000000e+00
 3.107896e+00 -8.356410e-01  6.981288e+00  0.000000e+00  0.000000e+00  5.208701e-01 -1.268547e-01  2.650156e-01  3.287851e-02
-6.587795e-01  5.245002e-01 -6.937158e-01  1.924468e+02  5.000000e-01  1.174999e+00  6.831771e-02  1.211392e+00  3.443515e-01
-5.701429e-02  3.248104e-02  8.895913e-03  2.048833e+02  1.000000e+00  1.310668e+01 -4.380602e+00  3.869230e+00  1.160164e+01
3 -2.750838e-02 -2.031995e-01  1.013133e+00  4.006580e-01  1.868759e-01  1.385570e+01 6 3 -1.000000e+00
-2.080190e-01 -6.344171e-01  3.696844e+00  0.000000e+00  0.000000e+00  3.296315e-01  3.650154e-01 -2.136742e-01  2.622055e-02
 3.640122e-02  3.487908e-01 -6.908512e-01  3.335765e+01  5.000000e-01  5.590611e-01  1.266781e+00 -1.928264e-01  1.555819e-01
 8.228485e-05  4.980954e-04  5.284993e-06  6.238015e+01  1.000000e+00  4.621666e+02  1.419592e+02 -5.750846e+01  4.606576e+02
1 -2.315524e+00  6.158110e-01  0.000000e+00  3.094372e+00  0.000000e+00  9.448960e+00 0 2 -1.000000e+00
-5.540382e+00  2.150795e+00  4.082769e+00  0.000000e+00  0.000000e+00  4.601577e-01 -1.463922e-01  1.583263e-01  7.197164e-04
2  7.109186e-01 -3.726745e-01  2.632073e+00  1.079945e+00  1.185989e-01  1.475020e+01 6 1 -1.000000e+00
 2.029334e+00 -7.409513e-01  2.868686e+00  0.000000e+00  0.000000e+00  3.666226e-01 -1.640972e-01  1.601479e-01  8.842304e-04
-4.064736e-01  2.563696e-01 -3.402231e-01  1.619519e+02  5.000000e-01  9.669537e-01 -7.306810e-01  1.551272e+00  7.820086e-02
3  8.675392e-02 -7.673366e-02  3.148242e-01  1.371154e-01  3.667086e-01  1.440740e+01 6 1 -1.000000e+00
 2.337035e-01 -1.762599e-01  2.265194e+00  0.000000e+00  0.000000e+00  3.195149e-01  2.429530e-02  1.449361e-01  4.496949e-03
-1.758109e-02  1.339857e-02 -8.306662e-01  1.152123e+01  5.000000e-01  2.459511e+00 -4.111368e-01  1.779042e+00  1.604184e+00
-1.280176e-02  9.664124e-03  4.614969e-01  1.152207e+01  1.000000e+00  3.483531e+00 -5.253016e-01  1.930058e+00  2.558781e+00
3 -8.093114e-02  5.960479e-02  9.800881e-01  4.428987e-01  7.741427e-01  1.594390e+01 6 1 -1.000000e+00
 1.732427e-01 -3.844852e-01 -2.097539e+00  3.806686e+01  5.000000e-01  4.493047e-01  6.580644e-01  5.890379e-01  4.682282e-02
-5.953627e-01  2.236418e-01  2.709499e+00  0.000000e+00  0.000000e+00  3.108451e-01 -2.322974e-01  2.278169e-01  8.710245e-03
 4.400775e-05 -4.068930e-05  3.176223e-07  1.244088e+02  1.000000e+00  1.843014e+03  1.145781e+02  4.811369e+02  1.841134e+03
1  8.940471e-02 -1.176114e-01  0.000000e+00  4.008136e-02  0.000000e+00  1.745860e+01 0 2  2.767498e-01
 4.406180e-02  8.235632e-02  3.685197e+00  0.000000e+00  0.000000e+00  3.146012e-01 -1.140460e-01 -4.305916e-01  4.743352e-04
3  1.020112e-01 -9.387771e-01  4.565230e+00  2.937018e+00  2.616644e-01  1.170790e+01 6 3 -1.000000e+00
 1.358580e+00 -3.333542e+00  5.416367e+00  0.000000e+00  0.000000e+00  5.018602e-01  2.412386e-01  7.294949e-02  3.319927e-03
-9.601852e-02  9.937514e-01 -1.417270e+00  3.600380e+02  5.000000e-01  9.402568e-01  8.367358e-01  9.499531e-02  9.178757e-02
-4.307148e-03  2.722905e-02  2.758184e-03  3.959505e+02  1.000000e+00  2.006364e+01  1.154222e-01  9.228707e-01  1.812821e+01
1 -2.272431e+00 -2.641159e-01  0.000000e+00  1.591621e+00  0.000000e+00  1.193990e+01 0 2 -1.000000e+00
-2.982331e+00 -3.458699e-01  1.309383e+01  0.000000e+00  0.000000e+00  4.450124e-01 -4.690064e-01 -1.080388e-01  5.896311e-03
5 -6.625238e-01  1.185906e+00  1.582100e+00  7.487186e-01  1.000000e+00  1.672630e+01 6 3  2.873207e-01
 2.349984e-01 -4.013381e-01 -9.659795e-01  4.221689e+01  5.000000e-01  9.022593e-01  6.064520e-01  8.227928e-01  1.352535e-01
-8.715884e-01  9.562876e-02  6.621706e+00  1.466343e+01  0.000000e+00  4.750572e-01 -3.119390e-01  1.650470e-01  2.013941e-02
-7.210412e-01  4.015614e-01 -5.895561e+00  1.510573e+01  5.000000e-01  5.852196e-01 -1.700732e-01  5.592290e-01  5.566767e-02
 5.478250e-01  7.944182e-01  2.776641e+00  0.000000e+00  0.000000e+00  3.248649e-01  2.297785e-01 -2.070311e-01  4.344924e-03
 3.046819e-03 -5.430707e-03  1.177193e-03  5.496363e+01  1.000000e+00  3.351850e+01  1.387969e+00  1.435436e+01  2.948067e+01
1  2.464567e+00  2.119177e+00  0.000000e+00  7.249340e-01  0.000000e+00  1.318950e+01 0 2  2.774676e-01
 1.121433e+00  9.641361e-01  3.232530e+00  0.000000e+00  0.000000e+00  3.708882e-01  1.565324e-02 -2.935667e-01  2.712270e-04
3 -5.600219e-01  4.584836e-02  2.006235e+00  7.832969e-01  5.171828e-01  1.065120e+01 6 1 -1.000000e+00
 4.734347e-01 -1.403855e-02 -8.017623e-01  6.441090e+01  5.000000e-01  6.212591e-01 -1.179272e+00  3.972614e-03  2.647770e-01
-1.518064e+00  2.286770e-01  1.550249e+00  0.000000e+00  0.000000e+00  1.926528e-01 -8.167817e-02 -8.983201e-03  1.184513e-02
 7.516275e-03 -6.131444e-04  2.984779e-04  7.596931e+01  1.000000e+00  6.034528e+01 -1.292776e+01  2.098491e+00  5.929018e+01
3  7.635144e-02  8.391001e-02  8.093089e-02  1.414503e-01  6.070822e-01  7.090590e+00 6 3  2.870663e-01
 4.856630e-02  3.397658e-02 -6.129960e-01  3.539602e+00  5.000000e-01  1.071648e+00  1.155746e-02 -1.279192e+00  6.632338e-03
-1.266058e-02 -1.894863e-02 -5.973692e+00  3.957098e+00  5.000000e-01  1.404176e+00  8.020502e-02 -5.694961e-01  2.788094e-02
-7.238577e-03 -1.252165e-02  3.626522e+00  3.957804e+00  1.000000e+00  1.764203e+00  1.166447e-01 -5.428201e-01  5.005732e-02
3 -3.552942e-01 -4.850926e-02  9.459465e-01  3.656274e-01  1.088784e-01  5.953030e+00 6 1 -1.000000e+00
-7.788996e-01  7.065463e-02  1.927133e+00  0.000000e+00  0.000000e+00  2.539066e-01 -1.724940e-01 -8.941778e-02  3.744714e-03
 1.664549e-01  3.719390e-02 -2.098232e-01  1.488389e+02  5.000000e-01  7.948879e-01 -1.978386e+00 -9.455045e-01  2.917797e-01
 1.484561e-03  3.415308e-04  3.046912e-05  1.728199e+02  1.000000e+00  1.855567e+02 -2.367951e+01 -2.608351e+01  1.841858e+02
3  4.533728e-01 -5.839059e-01  1.522393e+00  6.280826e-01  1.016040e-01  9.242730e+00 6 1 -1.000000e+00
 1.016727e+00 -9.572104e-01  1.476481e+00  0.000000e+00  0.000000e+00  1.638639e-01  7.301021e-02  1.284790e-01  1.144915e-02
-3.333004e-02  4.274356e-02  3.066581e-02  6.426289e+01  1.000000e+00  8.755470e+00  1.391939e+00  5.059666e+00  8.083685e+00
-7.700507e-02  1.017667e-01 -1.500164e-01  6.416741e+01  5.000000e-01  3.106631e+00  1.043718e+00  3.164567e+00  2.579987e+00
1 -1.570240e+01  1.535720e+01  0.000000e+00  4.706553e+00  0.000000e+00  8.413860e+00 0 2  2.768934e-01
-1.891299e+01  3.912833e+00  3.292678e+00  0.000000e+00  0.000000e+00  3.430072e-01  1.021846e-02  3.575346e-01  7.553393e-05
1  1.823335e+00 -5.963022e-01  0.000000e+00  2.220607e+00  0.000000e+00  8.305520e+00 0 2 -1.000000e+00
 3.969830e+00 -1.200903e+00  3.605539e+00  0.000000e+00  0.000000e+00  4.201958e-01 -1.448326e-01  1.945388e-01  5.351294e-03
3  3.531685e-01  1.088326e-01  1.588788e+00  5.740913e-01  2.396939e-01  1.534670e+01 6 1 -1.000000e+00
 1.329314e+00 -1.989323e-01  1.809345e+00  0.000000e+00  0.000000e+00  2.417350e-01  5.472693e-02 -1.388687e-01  6.013422e-03
-2.594295e-01 -1.871042e-01 -4.336889e-01  7.488113e+01  5.000000e-01  7.612233e-01 -2.058598e-01 -1.523298e+00  2.767137e-01
-4.670839e-03 -1.519598e-03  3.128763e-04  8.642357e+01  1.000000e+00  5.841308e+01 -7.556673e+00 -6.557988e+00  5.725889e+01
3 -7.103725e-01 -1.082342e+00  2.307777e+00  1.125803e+00  3.322685e-01  1.437580e+01 6 1  2.750732e-01
-5.099248e-01 -1.662199e+00  2.963255e+00  0.000000e+00  0.000000e+00  3.282559e-01  1.545414e-01 -2.998173e-01  1.436083e-03
 4.706082e-01  4.269131e-01 -9.845963e-01  2.534371e+02  5.000000e-01  8.662439e-01 -2.516478e-01 -9.849918e-01  1.280068e-02
 1.079868e-03  1.963993e-03  3.289454e-05  3.077118e+02  1.000000e+00  1.818849e+02  4.663986e+01 -1.199507e+01  1.719924e+02
3 -6.296325e-01  3.506204e-01  3.015446e+00  1.203339e+00  5.882127e-01  1.594390e+01 6 1 -1.000000e+00
 5.571150e-01 -3.488969e-01 -1.318012e+00  3.861398e+02  5.000000e-01  7.452217e-01 -3.301888e-01  8.453434e-01  9.388531e-02
-2.153318e+00  9.726414e-01  2.240707e+00  0.000000e+00  0.000000e+00  3.168542e-01 -6.028388e-02  1.294851e-01  2.641770e-03
 3.564086e-03 -1.813701e-03  5.074430e-05  4.565039e+02  1.000000e+00  1.435174e+02 -1.765618e+01  1.711162e+01  1.413641e+02
3 -7.766720e-01  6.655191e-01  2.194093e+00  1.038548e+00  3.571376e-01  1.304370e+01 6 1  2.744710e-01
-5.425624e-03 -5.056721e-01 -7.709449e-01  2.940902e+02  5.000000e-01  1.195147e+00  1.149894e+00  1.137319e-01  8.074578e-02
 7.087332e-01  1.568941e+00  2.158677e+00  0.000000e+00  0.000000e+00  2.764646e-01  1.860534e-01 -1.601283e-01  2.407573e-03
-1.559606e-03 -1.152096e-02  6.769781e-04  3.186629e+02  1.000000e+00  4.354814e+01  1.777833e+01 -4.137904e+00  3.676275e+01
3 -4.275109e-01  2.016923e-02  1.086833e+00  3.832007e-01  1.382754e-01  1.120690e+01 6 1 -1.000000e+00
-8.942558e-01  1.430776e-01  1.468328e+00  0.000000e+00  0.000000e+00  1.699529e-01 -8.530188e-02 -2.559805e-02  3.559034e-03
 1.821039e-01 -7.437927e-03 -2.030337e-01  1.160128e+02  5.000000e-01  6.963143e-01 -2.239582e+00 -4.230874e-02  2.916288e-01
 1.375708e-03 -2.246504e-04  1.643914e-05  1.341420e+02  1.000000e+00  2.543126e+02 -4.371292e+01  3.776259e+01  2.531141e+02
3 -6.481534e-02 -2.774243e-01  1.539798e+00  5.818319e-01  2.641236e-01  1.594260e+01 6 1 -1.000000e+00
-8.428548e-01 -1.041513e+00  1.945493e+00  0.000000e+00  0.000000e+00  2.715440e-01  5.843452e-02  1.149997e-01  6.709930e-04
-8.683743e-02  2.999105e-01 -5.138505e-01  1.422580e+02  5.000000e-01  8.400788e-01  1.123849e+00  8.418010e-01  1.173121e-01
-1.157538e-04  1.250739e-03  3.698912e-05  1.711996e+02  1.000000e+00  1.739247e+02  1.374197e+01  5.176040e+01  1.715696e+02
1  3.851908e+01  3.852934e+00  0.000000e+00  2.760437e+01  0.000000e+00  9.887710e+00 0 2 -1.000000e+00
 5.279815e+01 -2.063688e+00  3.486989e+00  0.000000e+00  0.000000e+00  3.296276e-01 -3.973903e-01 -6.855496e-02  1.485893e-04
3 -8.810766e-03  7.156617e-01  7.338880e-01  3.354373e-01  4.577472e-01  1.779070e+01 6 1  2.970535e-01
-6.270720e-01 -7.539382e-02  1.836370e+00  0.000000e+00  0.000000e+00  2.572874e-01 -8.182835e-02 -1.932830e-02  1.220695e-02
 1.040625e-01 -1.188060e-02 -8.405932e-01  1.648997e+01  5.000000e-01  1.650230e+00 -1.170290e+00  4.928055e-01  6.921454e-01
 3.100762e-02 -1.041065e-03  8.469686e-02  1.658315e+01  1.000000e+00  5.446810e+00 -2.793481e+00  4.046908e-01  3.914229e+00
2  6.660470e-01  1.973653e-01  2.615615e+00  1.287722e+00  9.507169e-02  1.272170e+01 6 2 -1.000000e+00
 2.083717e+00 -2.294394e-01  4.571644e+00  0.000000e+00  0.000000e+00  4.035523e-01 -3.533515e-01  1.102403e-01  1.485825e-03
-5.317039e-01 -2.612787e-01 -4.346339e-01  2.605432e+02  5.000000e-01  1.199476e+00 -9.136260e-01 -1.227137e+00  4.596607e-02
3  4.121888e-02  6.492682e-01  1.593395e+00  8.061420e-01  1.204240e-01  1.692330e+01 6 1 -1.000000e+00
 3.164058e-01  1.336449e+00  1.770054e+00  0.000000e+00  0.000000e+00  2.215796e-01  2.018868e-01  1.501762e-02  3.650342e-03
 2.213862e-03 -2.256624e-01 -2.131570e-01  1.375472e+02  5.000000e-01  1.063886e+00  2.166664e+00  3.199503e-02  4.708747e-01
 7.285159e-05 -9.118539e-03  5.160833e-04  1.447734e+02  1.000000e+00  4.588528e+01  8.412060e+00  2.500745e+00  4.454221e+01
3  4.015248e-01 -4.608474e-01  2.408000e+00  1.382523e+00  1.589192e-01  1.254600e+01 6 3 -1.000000e+00
 1.584387e+00 -9.704094e-01  3.495407e+00  0.000000e+00  0.000000e+00  3.928043e-01 -3.037265e-02  2.857873e-01  4.601271e-03
-3.766621e-01  4.269985e-01 -5.554872e-01  4.131524e+02  5.000000e-01  9.237893e-01  3.581945e-01  1.295271e+00  7.954794e-02
-1.351866e-03  9.602297e-04  8.061052e-06  5.310131e+02  1.000000e+00  3.795531e+02 -9.680502e+01  9.938771e+01  3.759556e+02
3  2.562818e-01 -4.156531e-01  1.834455e+00  8.231767e-01  2.136416e-01  1.100460e+01 6 1 -1.000000e+00
 4.955809e-01 -1.242251e+00  2.721505e+00  0.000000e+00  0.000000e+00  2.971244e-01  2.116759e-01  2.859784e-01  4.176965e-02
-2.764119e-01  4.218563e-01 -5.814265e-01  5.025530e+01  5.000000e-01  8.801741e-01  4.449501e-01  1.239470e+00  4.361499e-01
-7.948649e-03  1.358948e-02  1.418665e-03  5.878279e+01  1.000000e+00  2.941761e+01  5.288881e+00  8.642946e+00  2.822399e+01
3 -6.567291e-01  6.706903e-01  1.787866e+00  6.859241e-01  1.019710e-01  6.430110e+00 6 1 -1.000000e+00
-1.169971e+00  1.181813e+00  1.446638e+00  0.000000e+00  0.000000e+00  1.577463e-01 -1.182334e-02  1.341404e-01  1.114262e-02
 8.419114e-02 -9.237009e-02 -1.475152e-01  1.004207e+02  5.000000e-01  4.064107e+00  3.420887e-01  4.006331e+00  3.613266e+00
 4.954641e-02 -5.439355e-02  5.511082e-02  1.004550e+02  1.000000e+00  7.823507e+00  5.336681e-01  5.303790e+00  7.307482e+00
3 -2.464408e-01 -4.963480e-01  1.569641e+00  7.991185e-01  2.289131e-01  1.856260e+01 6 1 -1.000000e+00
-8.123726e-01 -9.347182e-01  1.612815e+00  0.000000e+00  0.000000e+00  1.813253e-01  1.624621e-01 -1.542737e-01  3.231224e-02
 1.629447e-01  2.951306e-01 -3.691945e-01  6.272327e+01  5.000000e-01  8.504250e-01  1.157454e+00 -1.179522e+00  6.076452e-01
 1.094975e-02  1.495077e-02  2.143190e-03  6.829745e+01  1.000000e+00  2.391621e+01 -9.498303e-02 -7.651758e+00  2.347564e+01
1  1.146554e+00  2.093042e-01  0.000000e+00  2.173744e+00  0.000000e+00  1.745970e+01 0 2  2.813588e-01
 2.235164e+00 -4.862531e+00  3.391162e+00  0.000000e+00  0.000000e+00  2.318013e-01  1.516081e-01  5.217855e-01  2.587020e-04
1 -3.312004e-02 -1.770854e-02  0.000000e+00  3.693333e-02  0.000000e+00  8.873650e+00 0 2 -1.000000e+00
-7.010182e-02 -7.602531e-03  5.630915e+00  0.000000e+00  0.000000e+00  4.476630e-01 -2.679470e-01 -2.359863e-01  8.605263e-02
3 -9.043509e-02 -1.688109e-01  8.289178e-01  2.850431e-01  5.041549e-01  1.933270e+01 6 1 -1.000000e+00
-3.709489e-01 -4.854775e-01  1.597136e+00  0.000000e+00  0.000000e+00  2.046247e-01  5.057816e-02 -6.279297e-02  1.326809e-02
 3.874182e-02  2.351183e-01 -8.052040e-01  3.309832e+01  5.000000e-01  5.677067e-01  1.162391e+00 -2.786508e-01  2.849124e-01
 5.604676e-04  1.716808e-03  1.071196e-04  4.443659e+01  1.000000e+00  1.031127e+02  3.201163e+01 -8.178785e+00  1.023314e+02
5 -1.384797e-02 -3.888245e-03  1.397590e-01  5.208314e-02  1.000000e+00  1.515540e+01 6 3 -1.000000e+00
 8.820847e-03 -7.125539e-02  5.572481e+00  1.729017e-01  0.000000e+00  4.296550e-01  3.794289e-01 -4.328877e-02  1.238737e-01
-2.347590e-02 -6.096471e-02 -5.330478e+00  1.806767e-01  5.000000e-01  4.949872e-01  3.291157e-01 -5.782052e-01  1.783997e-01
 3.456360e-02  2.362414e-02 -1.018870e+00  4.620981e-01  5.000000e-01  6.573182e-01 -4.784877e-01 -9.327162e-01  2.783513e-01
-6.873658e-02  4.500907e-02  2.810116e+00  0.000000e+00  0.000000e+00  3.502967e-01 -2.259629e-01  1.232798e-01  3.911089e-02
 4.330250e-04  2.183000e-04  1.866325e-03  6.812479e-01  1.000000e+00  2.469765e+01  1.245061e+00 -4.920973e+00  2.382063e+01
1 -8.497106e+00 -1.314761e+00  0.000000e+00  6.505227e+00  0.000000e+00  1.239130e+01 0 2 -1.000000e+00
-1.307815e+01 -2.085391e+00  8.668847e+00  0.000000e+00  0.000000e+00  4.797034e-01 -3.795209e-01 -1.063808e-01  2.484851e-04
1  8.927376e-01  1.725653e+00  0.000000e+00  1.437348e+00  0.000000e+00  8.770470e+00 0 2 -1.000000e+00
 9.843091e-01  3.763022e+00  3.558840e+00  0.000000e+00  0.000000e+00  4.093645e-01  1.987674e-01 -1.683787e-01  1.257097e-03
1 -5.321954e-01  8.629406e-01  0.000000e+00  2.222077e-01  0.000000e+00  1.387570e+01 0 2  2.947134e-01
-3.955994e-01 -1.015064e-02  3.089473e+00  0.000000e+00  0.000000e+00  4.064876e-01 -1.617481e-01  4.914096e-02  6.853584e-03
3  2.857734e+00  7.434802e-01  2.005817e+00  9.161995e-01  9.014189e-01  1.474640e+01 6 3  2.791435e-01
-1.445729e+00 -8.655721e-01  2.807572e+00  0.000000e+00  0.000000e+00  3.917693e-01 -8.282464e-02 -8.309623e-02  3.932757e-03
 2.773592e-01  1.612038e-01 -3.114614e+00  1.809206e+02  5.000000e-01  1.353689e+00 -4.212844e-01 -5.183459e-01  2.076360e-01
 1.017053e-01  6.776745e-02  5.196647e-01  1.815022e+02  1.000000e+00  2.812786e+00 -5.033788e-01 -1.052846e+00  1.082192e+00
5  1.791949e-01 -1.244532e+00  1.332088e+00  5.593934e-01  1.000000e+00  1.477690e+01 6 3  2.776949e-01
 8.583444e-01 -9.694063e-02  3.087231e+00  0.000000e+00  0.000000e+00  3.799220e-01 -2.272097e-01  9.464474e-02  5.905658e-03
-2.087891e-01  4.672897e-01 -1.437913e+00  4.115965e+01  5.000000e-01  6.345091e-01  6.285190e-01  6.587867e-01  7.244373e-02
-3.907910e-01 -5.596706e-01  3.569125e+01  2.057866e+01  0.000000e+00  4.570659e-01  2.732387e-01 -4.382921e-01  2.289763e-02
-3.254351e-01 -5.919402e-01 -3.455252e+01  2.058346e+01  5.000000e-01  4.692588e-01  3.789145e-01 -4.087193e-01  2.732775e-02
-2.509002e-04  3.529410e-04  1.633986e-05  8.857785e+01  1.000000e+00  2.577064e+02  5.943813e+01  3.413605e+01  2.545523e+02
2  2.916641e-02  9.016755e-01  2.715655e+00  1.003961e+00  1.199661e-01  1.592710e+01 6 1 -1.000000e+00
-4.248326e-01  2.288551e+00  1.757468e+00  0.000000e+00  0.000000e+00  2.435388e-01  4.522568e-02 -3.446259e-02  1.057408e-03
-7.119412e-02 -4.039792e-01 -2.108366e-01  2.211226e+02  5.000000e-01  8.327358e-01  1.988688e+00 -9.033874e-01  1.837007e-01
1  3.983400e-01 -6.222961e-01  0.000000e+00  1.784972e-01  0.000000e+00  1.209430e+01 0 2  3.030910e-01
-2.700447e-01  1.355215e-01  3.867535e+00  0.000000e+00  0.000000e+00  4.092439e-01 -1.996230e-01  2.249017e-01  1.711547e-02
3  9.424512e-01  3.002120e-02  2.234893e+00  1.243270e+00  3.798123e-02  1.011670e+01 6 2  2.738901e-01
-5.242485e-01  1.922812e+00  3.819808e+00  0.000000e+00  0.000000e+00  3.632870e-01  2.863536e-01  2.482171e-01  1.036964e-03
 1.267389e-01 -2.151684e-01 -1.450810e-01  4.546980e+02  5.000000e-01  2.023843e+00  1.500359e+00  2.385347e+00  4.414090e-01
 3.946616e-03 -5.608308e-03  1.029225e-04  4.716923e+02  1.000000e+00  1.083914e+02  6.147568e+00  4.217893e+01  1.039836e+02
3  1.474665e+00 -1.103264e+00  2.675424e+00  1.045361e+00  7.174050e-04  8.977340e+00 6 2 -1.000000e+00
 2.230074e+00 -1.331908e+00  3.739378e+00  0.000000e+00  0.000000e+00  3.445919e-01 -1.698875e-01  3.650670e-01  7.646440e-04
-6.235751e-02  4.745767e-02 -2.682648e-03  1.236655e+03  5.000000e-01  1.209050e+01 -5.880065e+00  2.147534e+01  9.984163e+00
-5.481767e-03  4.154052e-03  2.047861e-05  1.245236e+03  1.000000e+00  2.754166e+02 -4.336661e+01  1.568196e+02  2.719709e+02
3 -6.546806e-01  4.301292e-02  1.786512e+00  8.749635e-01  1.058691e-01  1.713150e+01 6 1 -1.000000e+00
-1.456350e+00 -2.263032e-01  2.270944e+00  0.000000e+00  0.000000e+00  2.897284e-01 -2.528280e-01 -1.477439e-02  1.595001e-02
 3.231686e-01 -6.837276e-02 -2.404227e-01  1.032821e+02  5.000000e-01  1.407511e+00 -1.934063e+00  7.647276e-01  8.940471e-01
 2.279538e-02 -4.749807e-03  2.023118e-03  1.089518e+02  1.000000e+00  2.609077e+01 -9.853317e+00  6.178377e+00  2.515232e+01
3  2.005338e-01 -2.479218e-01  1.064460e+00  2.986170e-01  2.117595e-01  1.456760e+01 6 1 -1.000000e+00
 7.236339e-01 -5.605426e-01  1.523785e+00  0.000000e+00  0.000000e+00  1.720571e-01  1.257652e-01 -1.158094e-01  3.570861e-03
-6.740513e-02  1.517298e-01 -3.226759e-01  6.541568e+01  5.000000e-01  9.402352e-01  1.248085e+00  1.242956e+00  5.505627e-01
-2.566482e-03  4.830995e-03  5.008997e-04  7.021454e+01  1.000000e+00  4.888864e+01  1.382700e+01  1.028240e+01  4.799780e+01
3 -3.433305e-01 -2.713235e-01  1.100532e+00  3.505482e-01  1.535779e-01  1.755660e+01 6 1 -1.000000e+00
-6.351280e-01 -7.080731e-01  1.493026e+00  0.000000e+00  0.000000e+00  1.773554e-01 -8.058252e-02 -2.168132e-02  3.411288e-03
 1.245015e-01  8.825152e-02 -2.292958e-01  1.057934e+02  5.000000e-01  8.069670e-01 -8.547407e-01 -1.915165e+00  4.257977e-01
 4.334989e-03  3.750501e-03  5.290865e-04  1.119884e+02  1.000000e+00  4.464637e+01  1.016727e+00 -3.731158e+00  4.388297e+01
1 -3.482071e-02  1.821003e-02  0.000000e+00  4.233752e-02  0.000000e+00  1.592600e+01 0 2 -1.000000e+00
-4.967035e-02  4.614964e-02  5.768219e+00  0.000000e+00  0.000000e+00  3.957047e-01 -1.410509e-01  4.146248e-01  8.655013e-02
1  4.564606e-02  1.323309e-01  0.000000e+00  1.910154e-01  0.000000e+00  1.746480e+01 0 2 -1.000000e+00
 5.421840e-02  2.974450e-01  5.959127e+00  0.000000e+00  0.000000e+00  4.099724e-01  3.802537e-01 -1.890237e-01  4.780857e-02
1 -1.935020e-02 -2.112558e-03  0.000000e+00  1.433457e-02  0.000000e+00  1.078630e+01 0 2  2.762962e-01
 3.683343e-02  2.718935e-02  3.746526e+00  0.000000e+00  0.000000e+00  4.023511e-01 -2.951466e-01 -5.620303e-02  1.542107e-03
3  1.558280e-02 -5.548883e-02  2.153473e-01  1.044910e-01  1.711939e-01  1.065420e+01 6 3 -1.000000e+00
 2.182479e-02 -1.589050e-01  3.413480e+00  0.000000e+00  0.000000e+00  3.696161e-01  2.986677e-01  1.233910e-01  2.256821e-02
-1.875225e-02  5.258492e-02 -5.843668e-01  3.859088e+00  5.000000e-01  8.587093e-01  1.024016e+00  8.262016e-01  3.497648e-01
-4.286420e-04  1.254016e-03  8.017360e-04  4.534751e+00  1.000000e+00  3.794692e+01  7.668957e+00  7.679081e+00  3.685402e+01
4 -4.866616e-01  1.442770e+00  3.479405e+00  1.594564e+00  1.000000e+00  1.515190e+01 6 3  2.725243e-01
 7.795697e-01 -1.063040e+00 -5.634965e+00  1.413861e+02  5.000000e-01  5.107847e-01  3.172380e-01  5.622767e-01  4.740269e-03
-1.913173e+00 -9.277872e-02  3.852910e+00  0.000000e+00  0.000000e+00  4.258306e-01 -2.646566e-01 -9.126987e-03  3.855751e-03
 1.525340e+00  4.390948e-01  1.127956e+01  1.207003e+02  0.000000e+00  5.273210e-01 -3.017542e-01 -2.090787e-01  6.585451e-03
 5.716507e-01  1.264420e+00 -6.879249e+00  1.302636e+02  5.000000e-01  5.350156e-01  5.079868e-01 -3.217524e-01  4.401870e-03
1  6.648519e-02 -5.370102e-02  0.000000e+00  2.056287e-02  0.000000e+00  1.320290e+01 0 2  2.998941e-01
 4.150425e-02 -1.279270e-02  7.342649e+00  0.000000e+00  0.000000e+00  5.271979e-01 -1.372012e-01  2.617767e-01  6.788723e-04
3 -6.530630e-01 -8.126319e-01  1.981563e+00  7.949065e-01  1.780614e-01  1.370410e+01 6 1  2.728502e-01
 2.452635e-01 -2.567180e-01 -4.111145e-01  2.850940e+02  5.000000e-01  1.056564e+00  1.541861e-01  1.553010e+00  1.054372e-01
-1.524214e+00  6.352118e-01  2.308835e+00  0.000000e+00  0.000000e+00  2.997891e-01 -1.328272e-01  1.988302e-01  1.172881e-03
 1.478208e-03 -1.276026e-03  1.975764e-05  3.233540e+02  1.000000e+00  2.275336e+02  1.219771e+01  2.356536e+01  2.239731e+02
4 -1.483684e+00 -2.086579e-01  1.735148e+00  7.489085e-01  1.000000e+00  1.246590e+01 6 3  2.719488e-01
-5.687021e-01 -9.911342e-01  2.141234e+00  0.000000e+00  0.000000e+00  3.066515e-01  5.059040e-02 -1.056046e-01  1.287168e-03
-1.712774e-01  5.079433e-01 -2.369408e+00  1.126150e+02  5.000000e-01  7.100349e-01  4.517756e-01  5.495680e-01  1.254218e-02
 5.670647e-01  2.149710e-01 -1.324314e+01  1.044897e+02  5.000000e-01  5.599329e-01 -4.724141e-01 -2.144638e-01  1.224091e-02
 5.148322e-01  3.641118e-01  1.583762e+01  1.043961e+02  0.000000e+00  5.223834e-01 -2.371827e-01 -3.297290e-01  9.234553e-03
3 -1.150061e-01  1.829214e-01  1.405130e+00  8.371533e-01  8.813677e-01  1.534010e+01 6 1 -1.000000e+00
 5.074975e-01 -1.750739e-01 -1.793348e+00  3.110409e+01  5.000000e-01  5.036029e-01 -6.938581e-01  5.679676e-01  1.581234e-01
-3.675441e-01  9.243320e-01  2.034733e+00  0.000000e+00  0.000000e+00  2.693687e-01  1.308338e-01  1.588700e-01  1.462386e-02
 1.819080e-03 -2.026793e-03  3.742296e-04  4.928647e+01  1.000000e+00  5.366301e+01 -9.765435e+00 -2.423418e+00  5.261546e+01
3 -1.276650e+00  2.685957e-01  2.392366e+00  8.294882e-01  1.821745e-01  7.183530e+00 6 1  2.916199e-01
-9.134367e-01  1.993026e+00  1.410533e+00  0.000000e+00  0.000000e+00  1.479601e-01 -7.703694e-02 -1.052877e-01  5.234726e-04
 1.004486e-01 -1.738736e-01 -2.569632e-01  2.497316e+02  5.000000e-01  2.045013e+00  1.133328e+00  1.923338e+00  3.984590e-01
 8.412691e-03 -1.366750e-02  1.228160e-03  2.524237e+02  1.000000e+00  3.338837e+01  5.952588e+00  1.411905e+01  2.780052e+01
1  2.565581e+00  1.484799e+01  0.000000e+00  1.224795e+01  0.000000e+00  6.516390e+00 0 2 -1.000000e+00
 7.902771e+00  2.717944e+01  1.332191e+01  0.000000e+00  0.000000e+00  4.680316e-01  3.995872e-01 -2.196725e-01  2.140286e-05
1 -3.670511e+00 -1.822587e+00  0.000000e+00  9.303409e-01  0.000000e+00  1.671880e+01 0 2 -1.000000e+00
-3.715727e+00 -3.004169e+00  3.282161e+00  0.000000e+00  0.000000e+00  3.384408e-01 -2.412146e-01 -2.734935e-01  1.059004e-04
1  6.424189e+00  6.761839e+00  0.000000e+00  2.345591e+00  0.000000e+00  1.439330e+01 0 2 -1.000000e+00
 7.273369e+00  6.435312e+00  4.943297e+00  0.000000e+00  0.000000e+00  3.408971e-01  5.877472e-02 -4.781925e-01  3.241503e-04
3  3.216310e-01 -1.013104e-01  1.150948e+00  4.948629e-01  2.466672e-01  1.335990e+01 6 1 -1.000000e+00
 8.905996e-01 -3.972966e-02  1.968226e+00  0.000000e+00  0.000000e+00  2.452829e-01 -2.326806e-01  8.594094e-02  7.841852e-03
-2.471739e-01  1.339149e-01 -4.854967e-01  7.629792e+01  5.000000e-01  7.581525e-01 -7.179499e-01  1.266011e+00  2.123329e-01
-2.303580e-03  8.852179e-04  8.113593e-05  9.324991e+01  1.000000e+00  1.147905e+02 -1.450071e+01  2.032274e+01  1.129431e+02
3 -3.686726e-01 -5.771457e-02  1.649601e+00  8.434932e-01  3.381407e-01  1.534370e+01 6 1 -1.000000e+00
-1.183282e+00 -3.499046e-02  2.655965e+00  0.000000e+00  0.000000e+00  3.328054e-01 -2.544223e-01 -6.250617e-02  1.524064e-02
 4.622274e-01  8.112712e-02 -8.980899e-01  1.160189e+02  5.000000e-01  7.057610e-01 -9.885328e-01 -4.720738e-01  1.707986e-01
 3.171451e-03  2.348020e-04  8.639839e-05  1.542789e+02  1.000000e+00  1.138000e+02 -3.388316e+01  1.216247e+00  1.119626e+02
5  9.944487e-02 -1.611237e-01  3.391830e-01  1.512522e-01  1.000000e+00  1.594090e+01 6 3  2.804735e-01
-1.266491e-01 -1.532074e-01  2.117221e+00  0.000000e+00  0.000000e+00  3.062365e-01  4.333147e-02 -8.433817e-02  1.979199e-03
 6.933502e-02 -1.812974e-02 -1.633649e+00  2.664887e+00  5.000000e-01  1.234115e+00 -6.179346e-01  5.339412e-01  2.414400e-02
-7.045057e-02  7.443206e-02 -2.342849e+00  2.117521e+00  5.000000e-01  8.431039e-01 -2.207324e-02  6.715355e-01  9.592952e-03
 5.520847e-02  1.331017e-01  3.447053e+00  1.710925e+00  0.000000e+00  4.287056e-01  1.874773e-01 -3.356663e-02  4.017664e-03
 6.607174e-03  1.238544e-03  1.504348e-01  2.826598e+00  1.000000e+00  3.845331e+00 -1.167072e+00  2.940309e-01  5.171175e-01
3 -3.766481e-01  7.874777e-02  1.854377e+00  8.183385e-01  2.721726e-01  9.887710e+00 6 1 -1.000000e+00
 5.453837e-01 -1.266680e-01 -7.936047e-01  1.556988e+01  5.000000e-01  7.248758e-01 -1.138451e+00  1.992369e-01  4.132197e-01
-9.557702e-01  9.620245e-01  2.915814e+00  0.000000e+00  0.000000e+00  3.244281e-01 -1.959822e-01  2.739177e-01  1.003588e-01
 1.918252e-02 -8.315377e-03  4.278123e-03  1.888487e+01  1.000000e+00  1.732519e+01 -2.117549e+00  5.317939e+00  1.658766e+01
3  1.019637e+00 -2.103729e+00  3.513202e+00  1.319516e+00  1.426475e-03  1.891120e+01 6 2 -1.000000e+00
 1.802174e+00 -2.849977e+00  3.621450e+00  0.000000e+00  0.000000e+00  3.441789e-01  2.469585e-01  3.049266e-01  7.033455e-04
-2.782135e-03  4.814269e-03  8.447212e-06  7.846185e+02  1.000000e+00  3.846429e+02  7.259194e+01  1.533950e+02  3.821878e+02
-6.676103e-02  1.248625e-01 -5.165908e-03  7.712402e+02  5.000000e-01  5.673433e+00  8.730142e+00  1.179841e+01  4.317486e+00
2  4.583759e+00  4.719439e+00  3.475822e+00  1.469583e+00  1.005077e-02  1.553620e+01 6 2  2.747545e-01
 3.309947e+00 -3.913834e-01  3.564300e+00  0.000000e+00  0.000000e+00  4.281430e-01 -3.967960e-02 -2.118631e-01  2.216597e-04
-1.563250e-01 -1.338981e-01 -3.582394e-02  7.922287e+02  5.000000e-01  2.905933e+00 -9.394353e-01 -5.537539e+00  9.240002e-01
3  5.763788e-01 -3.044442e-01  1.692870e+00  7.001943e-01  1.055536e-01  1.319450e+01 6 1 -1.000000e+00
 1.099602e+00 -9.371761e-01  1.668083e+00  0.000000e+00  0.000000e+00  2.160187e-01 -9.836860e-02  7.389074e-02  1.165312e-03
-1.438907e-03  3.557830e-04  8.701833e-06  2.955151e+02  1.000000e+00  3.530301e+02 -9.024762e+01 -2.936360e+01  3.512310e+02
-2.496708e-01  8.520947e-02 -1.760722e-01  2.564171e+02  5.000000e-01  7.972713e-01 -1.840345e+00  1.527652e+00  2.148732e-01
1 -4.557586e+00  4.569169e+00  0.000000e+00  7.795577e+00  0.000000e+00  1.534600e+01 0 2 -1.000000e+00
-1.211452e+01  1.420225e+01  3.094943e+00  0.000000e+00  0.000000e+00  4.059125e-01 -2.836199e-02  1.703756e-01  9.717507e-05
3 -2.075971e+00 -1.880622e+00  5.276280e+00  1.812805e+00  8.578263e-04  9.346140e+00 6 2 -1.000000e+00
-3.184014e+00 -4.085965e+00  3.808778e+00  0.000000e+00  0.000000e+00  4.007085e-01 -6.340944e-02 -3.042667e-01  1.523530e-04
 8.300562e-03  8.878614e-03  5.834370e-05  1.952544e+03  1.000000e+00  1.465942e+02  9.356749e+00 -6.301049e+01  1.436919e+02
 6.805125e-02  6.893737e-02 -3.267270e-03  1.946976e+03  5.000000e-01  9.217367e+00 -7.584623e-01 -1.931362e+01  7.211434e+00
1  1.448715e-01 -1.192972e-01  0.000000e+00  1.488506e-01  0.000000e+00  1.612160e+01 0 2  2.789084e-01
-9.901199e-02  4.696886e-01  3.223535e+00  0.000000e+00  0.000000e+00  3.631968e-01  2.937026e-01  9.507218e-02  7.145840e-03
2 -8.162617e-02  6.701196e-01  3.207419e+00  1.639062e+00  1.882080e-01  1.534680e+01 6 3 -1.000000e+00
 6.338310e-02 -7.171263e-01 -1.143885e+00  6.145966e+02  5.000000e-01  1.159076e+00  9.359186e-01  1.535420e-01  3.840195e-02
-6.032138e-01  2.420259e+00  6.077772e+00  0.000000e+00  0.000000e+00  4.793737e-01  2.976926e-01  1.337791e-01  9.946974e-04
3  5.126812e-01 -4.275453e+00  2.276131e+00  9.689925e-01  1.662636e-01  1.458350e+01 6 1  3.083755e-01
 1.585924e+00 -1.055141e+00  2.240832e+00  0.000000e+00  0.000000e+00  2.815613e-01 -9.862997e-02  2.452824e-01  8.344543e-03
-2.636638e-01  2.714319e-01 -3.725687e-01  7.622742e+01  5.000000e-01  1.404708e+00 -4.886009e-02  1.686852e+00  5.512291e-01
-2.496273e-02  2.666460e-02  5.112310e-03  7.861210e+01  1.000000e+00  1.638874e+01  1.487262e+00  6.244603e+00  1.449099e+01
3 -3.273857e-01  4.358466e-01  1.956187e+00  1.013133e+00  1.396771e-01  1.134360e+01 6 3 -1.000000e+00
-8.213392e-01  1.102514e+00  3.134212e+00  0.000000e+00  0.000000e+00  3.096186e-01  1.215385e-01  3.778828e-01  1.477110e-02
 3.684726e-01 -4.502309e-01 -4.377775e-01  9.853108e+01  5.000000e-01  5.623057e-01  3.989130e-01  1.522074e+00  1.714756e-01
 8.524940e-04 -8.860991e-04  5.314663e-06  1.548147e+02  1.000000e+00  4.553310e+02 -3.371998e+01  1.308470e+02  4.542410e+02
5 -1.217460e+00  3.884381e-01  8.285933e-01  4.784258e-01  1.000000e+00  1.209360e+01 6 3  2.861696e-01
-5.811869e-01  3.935810e-01 -1.025490e+01  1.587791e+00  5.000000e-01  4.868170e-01 -2.641549e-01  5.395306e-01  8.476850e-03
-2.012209e-01  7.535967e-01  3.846500e+00  0.000000e+00  0.000000e+00  3.762782e-01  2.018734e-01  2.971521e-01  7.436017e-03
-6.801751e-01  1.839815e-01  8.979989e+00  1.440840e+00  0.000000e+00  3.874472e-01 -4.110556e-01  3.080512e-01  7.603301e-03
 4.361372e-02 -3.799847e-02 -2.195270e-01  4.831689e+01  5.000000e-01  4.737942e+00 -6.280426e-01  4.258289e+00  2.546046e+00
 2.827798e-02 -2.467432e-02  1.029493e-01  4.832495e+01  1.000000e+00  7.264940e+00 -7.179146e-01  5.387073e+00  4.733683e+00
3  7.098757e-01 -9.666818e-02  3.272170e+00  1.136719e+00  3.820915e-01  1.318040e+01 6 1 -1.000000e+00
 2.576728e+00 -9.828722e-01  2.289719e+00  0.000000e+00  0.000000e+00  3.314383e-01 -9.133993e-02  4.355479e-02  5.498312e-04
-5.909345e-01 -1.625025e-01 -8.748823e-01  5.590817e+02  5.000000e-01  9.124604e-01 -8.269860e-01 -6.832044e-01  7.994768e-02
-2.239693e-03 -2.025326e-04  1.758996e-05  6.438988e+02  1.000000e+00  2.463892e+02 -2.559199e+01 -5.206059e+01  2.438422e+02
3 -5.774645e-02  1.847568e-01  8.938987e-01  4.490404e-01  2.426605e-01  8.413860e+00 6 1 -1.000000e+00
 3.047701e-02 -3.148603e-01 -6.948531e-01  2.898374e+01  5.000000e-01  6.012340e-01  1.229990e+00  2.920496e-01  2.596627e-01
-4.305130e-01  4.510008e-01  2.863478e+00  0.000000e+00  0.000000e+00  2.608989e-01  1.367911e-01  4.222950e-01  3.193117e-02
 5.105515e-04 -2.892945e-03  3.326422e-04  4.219751e+01  1.000000e+00  5.724443e+01  1.245012e+01 -1.482014e+00  5.621663e+01
2  4.980659e-01  9.435643e-02  1.420152e+00  6.672262e-01  1.254629e-01  1.319470e+01 6 1 -1.000000e+00
 1.067644e+00  2.660181e-01  2.212449e+00  0.000000e+00  0.000000e+00  2.581637e-01 -2.850984e-01 -1.305835e-01  3.161183e-03
-3.173357e-01 -4.808697e-02 -2.775802e-01  1.226976e+02  5.000000e-01  6.985666e-01 -1.827874e+00 -5.935480e-01  1.151740e-01
3 -3.056724e-01  4.298231e-01  6.040983e-01  2.537255e-01  4.948846e-01  1.271800e+01 6 1  2.840570e-01
-4.742228e-01 -1.359969e-01  1.776107e+00  0.000000e+00  0.000000e+00  2.422419e-01 -1.056635e-01 -1.842638e-03  4.037717e-03
 1.240839e-01 -5.254734e-02 -8.789680e-01  1.725720e+01  5.000000e-01  9.965970e-01 -5.670696e-01  9.034055e-01  1.843560e-01
 3.397694e-03 -3.948738e-04  1.097570e-03  1.894236e+01  1.000000e+00  3.298844e+01 -9.595505e+00  4.481396e+00  3.025967e+01
2  4.262008e-01 -3.769358e-01  3.289741e+00  1.176568e+00  3.055479e-01  1.800580e+01 6 1  2.748746e-01
 1.009403e+00 -2.614563e+00  1.306490e+00  0.000000e+00  0.000000e+00  1.224303e-01  1.488686e-02 -6.706240e-02  5.099642e-04
-1.358320e-01  4.694000e-01 -3.991952e-01  6.661448e+02  5.000000e-01  1.272852e+00  1.436481e+00  7.183386e-01  7.212969e-02
3  1.318586e-01 -1.006241e-01  5.668827e-01  2.706117e-01  1.946423e-01  1.319470e+01 6 1 -1.000000e+00
 4.330498e-01 -9.538311e-02  1.930560e+00  0.000000e+00  0.000000e+00  2.447550e-01 -8.452385e-02  2.127587e-01  1.974310e-02
-9.947146e-02  9.898034e-02 -3.757687e-01  2.682177e+01  5.000000e-01  7.275592e-01  2.241562e-01  1.638655e+00  3.531940e-01
-1.766351e-03  1.240469e-03  2.475684e-04  3.252543e+01  1.000000e+00  6.675925e+01 -7.345701e+00  1.519973e+01  6.585054e+01
2 -2.692310e-01 -2.786988e-01  1.183087e+00  4.229561e-01  2.273119e-01  1.801670e+01 6 1 -1.000000e+00
-6.623967e-01 -5.853762e-01  1.701934e+00  0.000000e+00  0.000000e+00  2.027999e-01 -1.337912e-02 -2.185914e-01  2.174779e-03
 1.889372e-01  2.361621e-01 -3.868699e-01  1.450796e+02  5.000000e-01  3.918260e-01  3.698398e-01 -1.678673e+00  6.067679e-02
3  7.264572e+00 -9.186299e+00  1.384941e+01  5.126320e+00  7.194702e-01  9.339100e+00 6 3 -1.000000e+00
 3.339124e+00 -1.422977e+01  5.504211e+00  0.000000e+00  0.000000e+00  3.604723e-01  2.695496e-01  3.932679e-01  2.831070e-04
 1.016343e+01 -9.625610e+00 -9.909960e+00  1.792778e+02  5.000000e-01  4.895339e-01  9.076976e-02  5.943443e-01  7.570691e-04
 1.419732e+01 -5.632937e+00  7.129920e+00  1.082087e+02  0.000000e+00  4.013458e-01 -5.012861e-02  4.643489e-01  6.265102e-04
5  5.077010e-01  9.891093e-01  7.211365e-01  2.619187e-01  1.000000e+00  1.800300e+01 6 3  2.787831e-01
-3.163936e-01 -2.673674e-01  2.929667e+00  0.000000e+00  0.000000e+00  4.043988e-01  8.168451e-02 -8.205281e-02  3.918299e-03
 1.980981e-01 -1.150601e-01 -3.480229e+00  8.306154e+00  5.000000e-01  8.013823e-01 -1.282589e-01  5.570782e-01  3.952224e-02
 2.888984e-01  1.246267e-01  5.185992e+00  7.027803e+00  0.000000e+00  5.498292e-01 -8.256933e-02 -5.485385e-02  7.892231e-03
-6.158350e-02  1.543441e-01 -1.986045e+00  1.060692e+01  5.000000e-01  9.562424e-01  4.699610e-01  5.334460e-01  1.236113e-01
 6.919804e-04  5.203646e-03  2.607074e-02  1.234333e+01  1.000000e+00  7.459456e+00  1.690867e+00  7.129908e-01  4.690931e+00
3 -1.102212e-01 -5.458268e-02  1.194005e+00  5.249892e-01  5.272562e-01  1.388600e+01 6 3 -1.000000e+00
-6.240259e-01 -4.186344e-01  2.196319e+00  0.000000e+00  0.000000e+00  2.429390e-01 -1.835498e-01 -2.900750e-01  4.716772e-02
 5.046230e-01 -2.901862e-02 -4.165563e+00  1.174806e+01  5.000000e-01  3.314652e-01 -7.933061e-01  2.401414e-01  1.005077e-01
 9.276052e-04  5.995106e-04  1.077943e-04  2.837843e+01  1.000000e+00  9.861100e+01  3.513495e+00 -1.544773e+01  9.775180e+01
3 -1.776984e+00 -1.017152e+00  1.007594e+00  4.801475e-01  3.345031e-01  1.545590e+01 6 3  2.736886e-01
-6.449664e-02 -7.502636e-01  3.785967e+00  0.000000e+00  0.000000e+00  4.383328e-01  2.192166e-01 -5.727830e-02  6.164879e-03
-1.765888e-02  2.562408e-01 -1.266418e+00  5.684198e+01  5.000000e-01  9.480066e-01  8.682235e-01  1.962660e-01  9.905948e-02
 4.799549e-04  3.988412e-03  6.845309e-04  6.631165e+01  1.000000e+00  4.066468e+01  8.932041e+00 -5.714139e+00  3.786577e+01
3 -5.642645e-01  6.887125e-02  1.818211e+00  5.541618e-01  1.548285e-01  1.891360e+01 6 1 -1.000000e+00
-1.550078e+00  1.078943e-01  1.996925e+00  0.000000e+00  0.000000e+00  2.907818e-01 -1.238931e-02  4.546338e-02  8.347414e-04
 2.623432e-01 -3.709190e-02 -3.091809e-01  3.644938e+02  5.000000e-01  7.952641e-01 -1.750147e+00  4.617939e-01  1.353638e-01
 1.258945e-03 -2.744326e-04  1.061466e-05  4.151868e+02  1.000000e+00  3.093943e+02 -1.998266e+00  2.989502e+01  3.075454e+02
1  4.112164e-02  5.548686e-02  0.000000e+00  1.112745e-01  0.000000e+00  1.371600e+01 0 2 -1.000000e+00
 1.927236e-01  4.215662e-02  5.031136e+00  0.000000e+00  0.000000e+00  4.936142e-01 -6.492839e-02 -2.311896e-01  2.525449e-02
1  1.504682e+00  8.481749e-01  0.000000e+00  1.898455e+00  0.000000e+00  1.672820e+01 0 2 -1.000000e+00
 2.701724e+00  2.948398e+00  3.179433e+00  0.000000e+00  0.000000e+00  3.985065e-01 -6.751425e-02 -2.066756e-01  1.317780e-04
3 -6.417580e-01  8.130545e-01  3.745990e+00  1.339542e+00  1.779472e-01  7.888520e+00 6 1 -1.000000e+00
-2.058759e+00  2.445747e+00  2.620627e+00  0.000000e+00  0.000000e+00  3.533962e-01 -5.649021e-02  1.825303e-01  1.331245e-03
 2.572818e-01 -4.984667e-01 -4.663334e-01  5.168493e+02  5.000000e-01  1.233664e+00  8.508564e-01  1.214509e+00  2.250994e-01
 3.960956e-03 -7.661055e-03  1.078267e-04  5.540291e+02  1.000000e+00  1.040072e+02  2.996217e+01  2.094305e+01  1.013426e+02
1 -1.686414e+00  1.421197e+00  0.000000e+00  5.762674e-01  0.000000e+00  1.844880e+01 0 2  2.664331e-01
 3.862275e-02 -1.411443e+00  4.810853e+00  0.000000e+00  0.000000e+00  2.561674e-01  5.332431e-01  2.471344e-01  5.921452e-04
1  4.611312e-02  4.646273e-02  0.000000e+00  8.273754e-02  0.000000e+00  1.032570e+01 0 2 -1.000000e+00
 9.327497e-02  1.275703e-01  3.477845e+00  0.000000e+00  0.000000e+00  3.615985e-01  7.274600e-03 -3.463656e-01  1.718126e-01
2 -2.361021e+00 -8.551129e-01  2.755769e+00  1.310603e+00  5.751619e-04  8.971880e+00 6 2  2.855889e-01
 2.648238e+00  2.680477e-01  7.640025e+00  0.000000e+00  0.000000e+00  4.196016e-01 -4.536760e-01  1.227783e-02  4.805857e-04
-9.465650e-02  1.980025e-03 -4.394251e-03  7.023360e+02  5.000000e-01  6.629249e+00 -1.602940e+01  1.522071e+00  4.532934e+00
1 -1.534704e-01 -5.802049e-02  0.000000e+00  4.649905e-02  0.000000e+00  1.594360e+01 0 2  2.936151e-01
 5.342972e-02 -5.506482e-02  3.651714e+00  0.000000e+00  0.000000e+00  4.164408e-01 -1.443659e-01  2.141397e-01  3.230195e-03
2 -4.109500e-01 -2.390492e+00  6.212283e+00  2.095877e+00  2.452674e-03  1.024610e+01 6 2 -1.000000e+00
 2.344189e+00 -5.580184e+00  3.188142e+00  0.000000e+00  0.000000e+00  4.098986e-01  1.838056e-01 -2.780142e-02  9.234119e-05
 3.709406e-02  1.878120e-01 -7.819475e-03  3.087924e+03  5.000000e-01  3.939863e+00  1.069958e+01 -4.695480e+00  2.302962e+00
3 -1.107489e-01  2.337002e-01  7.489293e-01  3.424219e-01  1.218196e-01  1.194560e+01 6 1 -1.000000e+00
-5.817696e-02  6.285596e-01  1.922364e+00  0.000000e+00  0.000000e+00  2.579958e-01  1.120092e-01  1.335342e-01  6.214021e-03
 7.231170e-02 -1.089144e-01 -2.341816e-01  6.098415e+01  5.000000e-01  1.082028e+00  6.612411e-01  1.959510e+00  4.684581e-01
 1.508106e-03 -2.818672e-03  2.534385e-04  6.682170e+01  1.000000e+00  6.668728e+01  8.721234e+00  1.711806e+01  6.524444e+01
1  1.406232e-01 -8.790745e-03  0.000000e+00  6.155854e-02  0.000000e+00  1.746140e+01 0 2  2.718923e-01
 4.588066e-02 -1.668269e-01  3.603654e+00  0.000000e+00  0.000000e+00  3.926512e-01  6.816515e-02  2.944995e-01  2.320986e-03
3 -9.972444e-01 -2.170732e+00  6.652852e+00  3.696336e+00  1.855323e-02  1.714320e+01 6 2 -1.000000e+00
-3.197545e+00 -5.516708e+00  3.610146e+00  0.000000e+00  0.000000e+00  4.028008e-01  1.905135e-01 -2.082171e-01  9.883363e-04
 4.077645e-02  7.697391e-02  6.105283e-03  1.601380e+03  1.000000e+00  1.917571e+01  7.195141e+00 -1.071418e+01  1.655879e+01
 1.268354e-01  2.460116e-01 -6.697986e-02  1.599681e+03  5.000000e-01  4.896979e+00  3.325496e+00 -4.365476e+00  2.920198e+00
3  3.416067e+00  2.338427e+00  2.672187e+00  1.288626e+00  6.574930e-01  1.368430e+01 6 1  2.868278e-01
-3.159326e-01 -6.487614e-01 -1.554007e+00  2.243004e+02  5.000000e-01  8.113218e-01  5.329683e-01 -6.285236e-01  3.152983e-02
 1.458022e+00  1.349656e+00  2.363534e+00  0.000000e+00  0.000000e+00  2.744384e-01  4.554254e-02 -3.182299e-01  1.400431e-03
-2.664476e-03 -5.174588e-03  1.878063e-04  2.609707e+02  1.000000e+00  7.531082e+01  1.379208e+01 -2.690968e+00  6.981144e+01
3 -1.986868e-01 -2.719035e-01  8.647376e-01  3.384689e-01  1.269091e-01  8.531750e+00 6 1 -1.000000e+00
-2.565043e-01 -6.774314e-01  1.437296e+00  0.000000e+00  0.000000e+00  1.575198e-01 -7.496056e-02 -9.166653e-02  5.514459e-03
 1.188016e-03  1.528036e-03  5.576854e-05  8.412524e+01  1.000000e+00  1.376737e+02  3.610143e+00 -2.711850e+01  1.370162e+02
 1.027904e-01  1.091298e-01 -1.824060e-01  7.363276e+01  5.000000e-01  7.123238e-01 -4.398166e-02 -2.358623e+00  4.241595e-01
1 -6.479410e-02  1.348262e-01  0.000000e+00  6.478996e-02  0.000000e+00  1.475070e+01 0 2  2.717275e-01
 6.090461e-02  2.393128e-01  3.352471e+00  0.000000e+00  0.000000e+00  3.551748e-01  2.523263e-01 -2.320421e-01  3.531874e-03
3  1.136257e-01  3.429747e-01  9.417664e-01  5.126740e-01  2.504050e-01  1.757040e+01 6 1 -1.000000e+00
-8.160845e-02 -1.788031e-01 -3.999040e-01  2.857197e+01  5.000000e-01  8.277335e-01  9.834399e-01 -1.250249e+00  6.000174e-01
 5.172422e-02  7.534771e-01  1.597029e+00  0.000000e+00  0.000000e+00  1.594912e-01  2.246203e-01 -1.727368e-01  2.500473e-02
-4.873630e-03 -1.358507e-02  4.589088e-03  3.043891e+01  1.000000e+00  1.599505e+01  1.795346e+00 -1.928714e+00  1.557600e+01
3 -7.455773e-02 -3.448987e-02  5.663641e-01  2.618794e-01  5.471296e-01  1.306070e+01 6 1 -1.000000e+00
-4.070238e-01 -1.330542e-02  2.546434e+00  0.000000e+00  0.000000e+00  3.227224e-01 -2.524967e-01 -4.737389e-02  4.890055e-02
 1.330175e-01  1.573509e-01 -1.393230e+00  6.165732e+00  5.000000e-01  7.956192e-01  1.922491e-01 -8.500404e-01  3.550932e-01
 4.755968e-03  3.150371e-03  7.286642e-03  7.849284e+00  1.000000e+00  1.317351e+01  1.409894e-01 -3.307113e+00  1.206279e+01
3 -1.343935e-01  2.513403e-01  8.053627e-01  3.884831e-01  1.852580e-01  9.201100e+00 6 1 -1.000000e+00
 8.512031e-02 -1.539803e-01 -4.045578e-01  3.764264e+01  5.000000e-01  8.658316e-01  7.414698e-01  1.392860e+00  4.796495e-01
-2.230456e-01  5.900915e-01  2.183754e+00  0.000000e+00  0.000000e+00  2.537754e-01  1.943759e-01  2.472693e-01  2.151964e-02
 3.537871e-03 -7.573832e-03  1.929369e-03  4.112946e+01  1.000000e+00  2.435710e+01  3.956883e+00  3.404860e+00  2.360638e+01
1 -7.094317e-02  6.072780e-01  0.000000e+00  1.608378e-01  0.000000e+00  1.135310e+01 0 2 -1.000000e+00
 8.413953e-02  8.991127e-01  3.494726e+00  0.000000e+00  0.000000e+00  3.791887e-01  3.075075e-01  6.855905e-02  1.519826e-01
3 -8.801894e-02  3.427596e-01  1.473181e+00  6.268315e-01  9.793332e-01  1.192760e+01 6 1 -1.000000e+00
 8.024621e-02 -3.955160e-01 -1.745288e+00  7.480467e+01  5.000000e-01  4.751171e-01  7.728237e-01  5.012155e-01  1.312117e-01
-1.814279e-01  1.054239e+00  1.782119e+00  0.000000e+00  0.000000e+00  2.366931e-01  1.155381e-01  9.032430e-02  9.817110e-03
 7.765425e-05 -4.251681e-03  2.872634e-04  9.522248e+01  1.000000e+00  6.169374e+01  8.015166e+00 -1.176270e+01  6.078536e+01
3  3.771927e-02 -4.237493e-01  1.053419e+00  5.277731e-01  1.498697e-01  1.208890e+01 6 1 -1.000000e+00
 1.297354e-01 -8.829677e-01  1.807982e+00  0.000000e+00  0.000000e+00  2.302927e-01  1.977271e-01  1.582440e-02  9.756340e-03
-2.056086e-02  1.596748e-01 -2.709618e-01  6.733902e+01  5.000000e-01  1.170413e+00  1.893346e+00  3.672046e-01  6.894596e-01
-2.253580e-03  1.380019e-02  3.094637e-03  6.971148e+01  1.000000e+00  1.977379e+01  4.808926e+00  2.487960e+00  1.890102e+01
3 -1.851247e-01  2.516454e-01  1.497037e+00  6.565977e-01  3.323827e-01  1.439330e+01 6 1 -1.000000e+00
 1.104818e-01 -3.494528e-01 -5.686066e-01  9.981873e+01  5.000000e-01  5.905558e-01  1.301183e+00  4.829609e-01  1.170536e-01
-1.069371e+00  5.719959e-01  1.710699e+00  0.000000e+00  0.000000e+00  2.216566e-01  1.434461e-01  2.617491e-02  6.124153e-03
 8.968787e-04 -1.019483e-03  2.429655e-05  1.333011e+02  1.000000e+00  2.093401e+02 -7.826613e+00  4.675699e+01  2.072773e+02
3 -4.505941e-01 -3.595678e-01  2.279423e+00  1.112573e+00  3.874522e-01  1.891360e+01 6 1 -1.000000e+00
-1.398712e+00 -1.092968e+00  2.359389e+00  0.000000e+00  0.000000e+00  3.273129e-01  1.363859e-02 -1.687701e-01  3.843593e-03
 4.319102e-01  2.651892e-01 -9.141504e-01  3.366739e+02  5.000000e-01  7.968566e-01 -4.358342e-01 -9.722282e-01  1.321364e-01
 4.448902e-03  2.618209e-03  1.464779e-04  3.934944e+02  1.000000e+00  8.541691e+01 -1.531173e+01 -8.049766e+00  8.340881e+01
1 -2.181471e-01 -3.761618e-01  0.000000e+00  1.836036e-01  0.000000e+00  1.800130e+01 0 2  2.811444e-01
 3.373656e-01  1.689785e-02  4.965145e+00  0.000000e+00  0.000000e+00  4.439977e-01 -3.281825e-01  5.558081e-03  3.725853e-03
3  3.606263e-02 -1.580182e-01  5.438585e-01  2.237263e-01  1.849228e-01  1.756940e+01 6 1 -1.000000e+00
 1.786886e-01 -4.522929e-01  1.912335e+00  0.000000e+00  0.000000e+00  2.721953e-01 -6.266176e-03 -8.209384e-02  2.000503e-03
-1.498272e-02  5.591321e-02 -3.536344e-01  3.211597e+01  5.000000e-01  1.221354e+00  1.589674e+00  5.913649e-01  4.890484e-01
-1.767014e-03  4.438267e-03  2.777286e-03  3.282432e+01  1.000000e+00  2.090495e+01  2.982773e+00  5.219811e+00  1.959657e+01
