# num_image x_src y_src, sep, ein, fr, zs, fs, flag_out, frac_sh_trunc
# x_img, y_img, mag, delay, n_i, kappa, gamma1, gamma2, kappa*
# zmin, zmax, log10Mhmin, log10Mhmax, log10mshmin, log10mshmax, n_bins: 0.10, 3.00, 10.00, 16.00, 9.00, 16.00, 100
3 -1.048190e+00 -1.118354e+00  7.119366e-01  3.953756e-01  4.764294e-01  1.320340e+01 6 3  3.061672e-01
-1.535093e-01 -1.636293e-01 -1.518795e+00  1.069290e+01  5.000000e-01  6.477086e-01  9.716990e-02 -8.792518e-01  1.513818e-01
 2.799224e-01  4.011633e-01  3.187871e+00  0.000000e+00  0.000000e+00  3.030883e-01  9.198521e-02 -4.043954e-01  1.903774e-02
-3.176946e-03 -2.964541e-03  1.544726e-03  1.337712e+01  1.000000e+00  2.695752e+01 -2.917381e+00 -4.232915e+00  2.501156e+01
3  9.170250e-01  1.151978e+00  3.328098e+00  1.801408e+00  3.922775e-02  1.209510e+01 6 2 -1.000000e+00
 3.086232e+00  7.436121e-01  3.126289e+00  0.000000e+00  0.000000e+00  3.432394e-01  1.821607e-02 -3.333686e-01  7.222673e-03
-1.260249e-01 -1.268147e-01 -1.226373e-01  5.607765e+02  5.000000e-01  4.770374e+00  5.195531e-01 -4.701054e+00  3.560033e+00
-7.614281e-02 -7.363987e-02  4.650866e-02  5.609216e+02  1.000000e+00  8.867087e+00  3.583209e-02 -6.355187e+00  7.479551e+00
2  2.149238e+00 -8.771820e-01  5.580340e+00  2.432074e+00  9.426327e-03  1.801110e+01 6 2 -1.000000e+00
 4.030728e+00 -3.397646e+00  3.087747e+00  0.000000e+00  0.000000e+00  3.706479e-01 -1.630147e-01  2.136576e-01  1.849718e-04
-3.055451e-01  1.147512e-01 -2.910611e-02  2.334364e+03  5.000000e-01  1.994698e+00 -4.599370e+00  3.767263e+00  5.467426e-01
2  3.871118e-01 -5.816719e-01  4.455864e+00  1.872698e+00  8.263559e-01  1.611910e+01 6 1 -1.000000e+00
 2.415675e+00 -2.339364e+00  2.428920e+00  0.000000e+00  0.000000e+00  3.188505e-01 -5.280776e-02  2.224195e-01  2.318755e-04
-7.825836e-02  1.353199e+00 -2.007153e+00  7.429868e+02  5.000000e-01  1.018564e+00  7.056543e-01 -2.479616e-02  8.277830e-03
3  1.245147e-01 -1.143392e-01  9.540185e-01  4.199945e-01  8.609775e-01  1.194210e+01 6 1 -1.000000e+00
 3.869512e-01 -5.015993e-01  2.445869e+00  0.000000e+00  0.000000e+00  2.644815e-01  5.205825e-02  3.597566e-01  1.041655e-02
-2.952249e-01  1.653243e-01 -2.105838e+00  2.259078e+01  5.000000e-01  4.759396e-01 -4.872156e-01  7.156329e-01  5.105683e-02
-6.975898e-04  8.686319e-04  1.017993e-04  3.665799e+01  1.000000e+00  1.016906e+02  1.401060e+01 -1.091078e+01  9.975327e+01
1  1.754276e+00 -6.234715e+00  0.000000e+00  3.155420e+00  0.000000e+00  1.552900e+01 0 2 -1.000000e+00
 3.442004e-01 -1.161319e+01  4.167278e+00  0.000000e+00  0.000000e+00  4.358050e-01  2.557435e-01  1.137828e-01  5.787216e-04
1  7.107446e-05  5.827671e-02  0.000000e+00  7.263457e-02  0.000000e+00  8.975470e+00 0 2 -1.000000e+00
 4.673270e-02  1.303444e-01  3.482673e+00  0.000000e+00  0.000000e+00  3.495871e-01  3.353576e-01 -1.530898e-01  1.107059e-01
1  5.797590e-03 -2.290420e-02  0.000000e+00  5.918478e-03  0.000000e+00  1.799580e+01 0 2 -1.000000e+00
 1.868944e-02 -3.270608e-02  4.344005e+00  0.000000e+00  0.000000e+00  4.318810e-01  2.691632e-01  1.418026e-01  9.414918e-03
3  3.346334e-03  6.506345e-01  1.701207e+00  6.539447e-01  1.449893e-01  9.775590e+00 6 1 -1.000000e+00
 1.593739e-01  1.400755e+00  1.519573e+00  0.000000e+00  0.000000e+00  1.859810e-01  6.204824e-02  2.640754e-02  1.781543e-03
 4.397669e-02 -2.965331e-01 -2.203218e-01  3.061238e+02  5.000000e-01  5.894198e-01  2.116903e+00  4.755118e-01  2.038444e-01
 3.971870e-04 -1.411401e-03  7.760284e-06  3.666086e+02  1.000000e+00  3.788389e+02  3.163966e+01  1.135778e+02  3.777288e+02
4 -3.101546e-01  1.542637e+00  2.208238e+00  1.062355e+00  1.000000e+00  1.611190e+01 6 3  2.693718e-01
-1.724969e-01 -9.859571e-01  1.160138e+01  7.602192e+01  0.000000e+00  4.516385e-01  3.830783e-01 -2.602972e-01  2.372331e-03
 8.417327e-01 -3.394770e-01 -3.933450e+00  9.544081e+01  5.000000e-01  5.741060e-01 -5.540833e-01  3.586184e-01  1.031486e-02
-2.823316e-01  1.219548e+00  3.533440e+00  0.000000e+00  0.000000e+00  3.805142e-01  2.990181e-01  1.064918e-01  1.535686e-03
-6.517157e-01 -6.631307e-01 -9.514911e+00  7.771119e+01  5.000000e-01  4.661256e-01 -8.696791e-02 -6.185117e-01  3.450703e-03
3  4.571458e-02 -1.144556e-03  5.510755e-01  2.889791e-01  8.600286e-01  1.747190e+01 6 1 -1.000000e+00
 3.467936e-01 -1.107166e-01  2.822475e+00  0.000000e+00  0.000000e+00  3.214798e-01 -2.691372e-01  1.834555e-01  5.668180e-02
-2.031925e-01 -1.453507e-01 -2.427410e+00  4.565241e+00  5.000000e-01  5.318678e-01 -1.778794e-01 -7.742535e-01  1.901135e-01
-1.017170e-03 -5.184079e-05  6.597631e-04  9.608976e+00  1.000000e+00  4.040880e+01 -5.260649e+00 -3.111855e+00  3.924331e+01
3  4.741934e-01 -2.204921e-01  1.486990e+00  8.005409e-01  7.438272e-02  1.844560e+01 6 2 -1.000000e+00
 1.143190e+00 -3.739221e-01  3.406092e+00  0.000000e+00  0.000000e+00  3.523379e-01 -2.465667e-01  2.551070e-01  8.759768e-03
-5.245321e-03  2.307051e-03  1.671189e-04  1.518593e+02  1.000000e+00  8.368769e+01 -2.049152e+01  2.082274e+01  8.136436e+01
-2.595440e-01  1.195115e-01 -2.533544e-01  1.366723e+02  5.000000e-01  1.227331e+00 -1.258833e+00  1.553724e+00  4.053446e-01
3  1.157716e-01 -1.484881e+00  1.335135e+00  6.250971e-01  3.596056e-02  1.459680e+01 6 2  2.830995e-01
-1.072046e+00  3.626183e-01  4.620244e+00  0.000000e+00  0.000000e+00  2.754532e-01 -3.911609e-01  3.943633e-01  8.008631e-04
 1.719934e-01 -1.220981e-01 -1.661465e-01  1.646300e+02  5.000000e-01  1.435662e+00 -9.913295e-01  2.286012e+00  1.169427e-01
 1.488879e-03 -1.518112e-03  3.006163e-05  1.788316e+02  1.000000e+00  1.895019e+02  4.413811e+01  1.788306e+01  1.837110e+02
5  1.998420e-02 -3.518518e-01  3.879094e+00  2.182911e+00  1.000000e+00  1.410530e+01 6 3 -1.000000e+00
 2.621284e-01 -2.340820e+00  2.427094e+00  0.000000e+00  0.000000e+00  3.409169e-01  1.343245e-01  6.581910e-02  6.131511e-03
-1.287029e+00  6.289580e-01 -3.380128e+00  1.081848e+02  5.000000e-01  4.438384e-01 -5.185909e-01  5.798500e-01  7.103981e-02
 1.050177e+00  9.197497e-01 -2.385522e+00  1.158907e+02  5.000000e-01  5.263935e-01 -1.665685e-01 -7.846996e-01  7.138926e-02
-4.986130e-01  1.462947e+00  5.875434e+00  1.046817e+02  0.000000e+00  4.023956e-01  2.978154e-01  3.134276e-01  2.120022e-02
-6.188883e-07  1.214866e-03  2.903679e-05  2.494634e+02  1.000000e+00  1.904337e+02 -3.588610e+01 -1.257932e+01  1.889287e+02
1  6.873041e-01  1.265866e+00  0.000000e+00  1.590341e+00  0.000000e+00  1.025130e+01 0 2 -1.000000e+00
 1.498415e+00  2.651811e+00  3.871765e+00  0.000000e+00  0.000000e+00  3.988846e-01  2.000948e-01 -2.510412e-01  4.186887e-03
2  3.157688e-01  4.394682e-01  1.762923e+00  8.466572e-01  1.749940e-01  1.930750e+01 6 1 -1.000000e+00
 7.938198e-01  1.078470e+00  2.789180e+00  0.000000e+00  0.000000e+00  3.279917e-01  9.091846e-02 -2.912055e-01  3.032772e-03
-2.436088e-01 -3.468857e-01 -4.880897e-01  1.428263e+02  5.000000e-01  5.991863e-01  5.058664e-01 -1.397696e+00  8.147716e-02
3  4.197938e-01 -4.399136e-01  2.249805e+00  1.029906e+00  1.936127e-01  1.801380e+01 6 1 -1.000000e+00
 1.797292e+00 -5.999496e-01  2.257696e+00  0.000000e+00  0.000000e+00  3.005381e-01 -5.252789e-02  2.087065e-01  2.738267e-03
-2.262936e-01  3.832697e-01 -4.371186e-01  3.140993e+02  5.000000e-01  9.520683e-01  9.019253e-01  1.215128e+00  1.106753e-01
-2.450282e-03  2.187190e-03  5.889865e-05  3.628612e+02  1.000000e+00  1.320771e+02 -1.013285e+01  1.001044e+01  1.294699e+02
3  5.983329e-02  7.447845e-01  2.005959e+00  8.341612e-01  1.626696e-01  1.495440e+01 6 1 -1.000000e+00
-2.857001e-01  1.688125e+00  1.506169e+00  0.000000e+00  0.000000e+00  1.786108e-01  5.327768e-02 -8.891270e-02  2.873712e-03
-3.067541e-02 -3.015563e-01 -2.450078e-01  1.682052e+02  5.000000e-01  7.292458e-01  1.861237e+00 -8.310275e-01  2.526500e-01
 1.004354e-03 -5.699687e-03  1.395499e-04  1.838890e+02  1.000000e+00  8.859687e+01  7.038381e+00  2.139568e+01  8.739489e+01
3 -4.508304e-01  1.947663e-01  1.281553e+00  5.368295e-01  1.500820e-01  9.003190e+00 6 1 -1.000000e+00
-1.044212e+00  4.163438e-01  2.024190e+00  0.000000e+00  0.000000e+00  2.771559e-01 -1.136638e-01  1.247377e-01  1.278934e-02
 1.434649e-01 -6.511395e-02 -3.037946e-01  1.266772e+02  5.000000e-01  1.805890e+00 -1.311273e+00  1.490544e+00  1.200013e+00
 3.470254e-02 -1.570891e-02  2.258642e-02  1.276767e+02  1.000000e+00  8.762320e+00 -2.595863e+00  3.039852e+00  7.899706e+00
3 -5.460611e-02 -1.194796e-04  1.704583e-01  7.642608e-02  3.122079e-01  1.386390e+01 6 1 -1.000000e+00
 2.787033e-02 -1.098703e-02 -6.627101e-01  1.050741e+00  5.000000e-01  2.209855e+00 -1.342903e+00  1.081349e+00  1.837687e+00
-1.421625e-01  1.050400e-03  2.122656e+00  0.000000e+00  0.000000e+00  2.643624e-01 -2.279654e-01 -1.344864e-01  4.097918e-02
 1.232819e-02 -4.809593e-03  1.665966e-01  1.054029e+00  1.000000e+00  4.960222e+00 -2.072653e+00  2.320549e+00  4.514159e+00
3 -1.998634e-01  4.450246e-01  1.818910e+00  6.666393e-01  9.891398e-01  7.576210e+00 6 1 -1.000000e+00
 1.034871e-01 -3.280188e-01 -1.538040e+00  1.289500e+02  5.000000e-01  8.239955e-01  6.116122e-01  5.541536e-01  3.606295e-01
-5.561905e-01  1.367050e+00  1.554927e+00  0.000000e+00  0.000000e+00  1.978812e-01 -1.399555e-02  9.039719e-03  9.728050e-03
 8.325621e-03 -3.161324e-02  1.357109e-02  1.341321e+02  1.000000e+00  1.000705e+01  2.685252e+00  4.798716e-01  9.031221e+00
3  1.182881e+00  3.523267e-01  2.789911e+00  1.047769e+00  1.266742e-01  9.353220e+00 6 1  2.739063e-01
 1.792643e+00  1.873909e+00  1.271047e+00  0.000000e+00  0.000000e+00  1.129986e-01 -9.031278e-04 -4.189412e-03  3.877453e-04
-1.259936e-01 -1.515388e-01 -1.610088e-01  7.533444e+02  5.000000e-01  2.619507e+00  4.610012e-01 -2.936174e+00  4.952662e-01
-1.237091e-02 -1.585666e-02  1.243302e-03  7.581293e+02  1.000000e+00  3.319229e+01  4.562210e+00 -1.453341e+01  2.672807e+01
3  1.875014e-01  3.854813e-02  5.637280e-01  2.481188e-01  1.463845e-01  4.566100e+00 6 1 -1.000000e+00
 3.973504e-01  7.367236e-02  2.123659e+00  0.000000e+00  0.000000e+00  1.982472e-01 -3.983782e-01 -1.149655e-01  1.821781e-02
-1.525778e-01 -5.029628e-02 -3.108708e-01  6.037502e+01  5.000000e-01  5.266668e-01 -1.615328e+00 -9.118822e-01  2.821306e-01
-7.242937e-04 -3.253887e-04  1.850531e-05  8.538947e+01  1.000000e+00  2.507347e+02 -2.908686e+01 -8.650344e+01  2.501208e+02
3 -1.442099e-01 -1.772142e+00  2.269756e+00  9.367774e-01  6.157234e-01  1.170750e+01 6 1  2.975665e-01
 1.376244e+00 -1.060787e+00  1.896660e+00  0.000000e+00  0.000000e+00  2.549656e-01 -4.248088e-02  1.613348e-01  3.818308e-03
-4.460622e-01  2.923545e-01 -1.167818e+00  7.308569e+01  5.000000e-01  7.370039e-01 -4.035656e-01  8.732695e-01  9.882743e-02
-4.979033e-03  3.609007e-03  2.496191e-04  8.501480e+01  1.000000e+00  6.447920e+01 -1.562887e+00  4.589462e+00  6.188885e+01
1 -6.070182e+00  1.659413e+01  0.000000e+00  8.742170e+00  0.000000e+00  1.368260e+01 0 2 -1.000000e+00
-2.747571e+00  2.705932e+01  6.802919e+00  0.000000e+00  0.000000e+00  4.255152e-01  3.483751e-01  2.483383e-01  1.526748e-04
3  5.598806e-01  7.283415e-02  1.797746e+00  7.437358e-01  1.505285e-01  1.246360e+01 6 1 -1.000000e+00
 1.370736e+00  5.579234e-01  2.416639e+00  0.000000e+00  0.000000e+00  3.180312e-01 -2.200518e-01 -5.348663e-02  2.278289e-03
-3.315835e-01 -2.000220e-02 -3.637730e-01  3.740904e+02  5.000000e-01  9.113128e-01 -1.657084e+00 -1.044243e-01  1.533061e-01
-2.125866e-03 -2.477964e-04  2.545124e-05  4.335399e+02  1.000000e+00  2.010616e+02 -2.678583e+01 -4.041155e+00  1.985819e+02
1  5.828638e-01  2.112020e-01  0.000000e+00  7.531757e-01  0.000000e+00  7.285510e+00 0 2 -1.000000e+00
 1.217047e+00  4.331758e-01  5.321260e+00  0.000000e+00  0.000000e+00  3.741547e-01 -3.713993e-01 -2.565531e-01  1.554365e-01
5 -1.547699e-02  1.194900e-02  9.619873e-01  4.559668e-01  1.000000e+00  7.487450e+00 6 3 -1.000000e+00
 1.897850e-01  3.914711e-01 -5.539149e+00  3.138778e+00  5.000000e-01  3.295586e-01  5.215676e-01 -5.983243e-01  6.028334e-02
 3.041963e-02 -4.223561e-01 -3.878446e+00  4.242645e+00  5.000000e-01  3.440594e-01  8.264334e-01  7.142255e-02  6.760242e-02
 4.703670e-01  1.466621e-03  6.867515e+00  2.340616e+00  0.000000e+00  3.185829e-01 -5.631074e-01 -4.032788e-02  5.053777e-02
-4.832520e-01  1.280779e-01  4.342122e+00  0.000000e+00  0.000000e+00  3.063691e-01 -4.312635e-01  2.546243e-01  4.374748e-02
 4.186478e-05 -3.257308e-05  8.401148e-06  3.110679e+01  1.000000e+00  3.476524e+02 -7.142448e+00  3.294700e+01  3.461356e+02
2 -4.619574e-01 -2.277789e+00  2.769910e+00  1.353767e+00  3.854935e-01  1.890320e+01 6 1  2.796892e-01
-1.965385e+00 -1.039645e+00  2.016664e+00  0.000000e+00  0.000000e+00  2.633778e-01  8.677313e-03 -2.160291e-01  9.201621e-04
 1.697325e-01  7.249158e-01 -7.774109e-01  2.821373e+02  5.000000e-01  9.813479e-01  1.069878e+00 -3.768684e-01  2.359075e-02
1  1.069650e+00 -1.612348e+00  0.000000e+00  1.259741e+00  0.000000e+00  1.746110e+01 0 2 -1.000000e+00
 3.073509e+00 -2.336259e+00  3.386450e+00  0.000000e+00  0.000000e+00  4.059793e-01  7.856280e-02  2.267025e-01  7.150975e-04
1  1.736905e-02  4.956957e-01  0.000000e+00  2.185182e-01  0.000000e+00  1.304410e+01 0 2  2.862088e-01
-6.639869e-01 -2.268244e-01  3.270486e+00  0.000000e+00  0.000000e+00  3.411114e-01 -4.230679e-02 -3.557800e-01  4.360254e-04
3  1.099656e-01  4.078878e-01  9.126160e-01  3.645154e-01  1.019056e-01  1.134680e+01 6 1 -1.000000e+00
 1.540743e-01  7.775857e-01  1.505764e+00  0.000000e+00  0.000000e+00  1.673911e-01  1.483402e-01 -8.436738e-02  2.451517e-02
-4.554785e-02 -1.129304e-01 -1.534457e-01  3.466909e+01  5.000000e-01  2.275393e+00  2.165069e+00 -1.859050e+00  1.997471e+00
-1.008723e-02 -2.435787e-02  9.436456e-03  3.506231e+01  1.000000e+00  1.380998e+01  5.001605e+00 -5.753910e+00  1.341527e+01
3 -3.151209e+00  9.528114e-01  6.097618e+00  2.618183e+00  8.563105e-01  1.611060e+01 6 1  2.811275e-01
 1.370777e+00  4.870051e+00  1.848294e+00  0.000000e+00  0.000000e+00  2.613693e-01  4.624385e-02 -4.896218e-02  2.626351e-04
-6.690464e-01 -8.762578e-01 -1.582713e+00  1.032783e+03  5.000000e-01  1.568959e+00  7.043650e-02 -9.749767e-01  2.374696e-02
-9.225930e-02 -1.499843e-01  1.239514e-01  1.041055e+03  1.000000e+00  6.616317e+00  1.975724e+00 -4.424009e+00  1.926601e+00
2  2.509059e-01  6.309060e-01  2.233229e+00  1.024174e+00  1.661125e-01  7.578500e+00 6 1 -1.000000e+00
 6.790421e-01  1.686470e+00  2.375554e+00  0.000000e+00  0.000000e+00  3.303307e-01  1.279466e-01 -1.055094e-01  1.461832e-03
-1.629794e-01 -3.819385e-01 -3.946093e-01  2.798837e+02  5.000000e-01  8.156476e-01  1.130481e+00 -1.135848e+00  1.037487e-01
3 -3.842083e-02  7.258072e-02  2.847506e-01  1.142109e-01  7.712076e-01  1.746420e+01 6 1 -1.000000e+00
 7.712890e-03 -5.234304e-02 -1.422958e+00  5.107377e+00  5.000000e-01  1.200728e+00  8.089969e-01  2.976191e-01  8.314516e-01
-1.245847e-01  1.998082e-01  1.845104e+00  0.000000e+00  0.000000e+00  2.508345e-01  7.223011e-02  1.185614e-01  2.628863e-02
 3.053652e-03 -1.570501e-02  1.716765e-01  5.152311e+00  1.000000e+00  3.782042e+00  1.380700e+00  9.227270e-02  3.282583e+00
3  1.203679e-01  1.326378e-02  4.155219e-01  1.502463e-01  6.840157e-01  5.680960e+00 6 1 -1.000000e+00
-1.137137e-01 -1.066082e-02 -1.293978e+00  6.565034e+00  5.000000e-01  5.460491e-01 -9.477772e-01 -2.839020e-01  3.320038e-01
 3.014804e-01  5.842033e-03  1.891738e+00  0.000000e+00  0.000000e+00  1.846783e-01 -3.595722e-01 -8.272140e-02  3.607796e-02
-6.273493e-03 -3.678695e-05  9.197942e-03  7.379688e+00  1.000000e+00  1.147598e+01  3.651037e-02  1.012317e+00  1.106687e+01
1 -2.504725e+00  2.379246e+00  0.000000e+00  7.713267e-01  0.000000e+00  1.594190e+01 0 2  2.778433e-01
 1.980454e+00 -9.671421e-03  3.331421e+00  0.000000e+00  0.000000e+00  3.062516e-01 -4.192279e-01  7.322990e-02  5.489476e-04
2  7.100322e-01 -4.176702e-01  3.132478e+00  1.811742e+00  5.222816e-02  1.389730e+01 6 2 -1.000000e+00
 2.421670e+00 -1.068837e+00  8.544428e+00  0.000000e+00  0.000000e+00  5.318059e-01 -1.806176e-01  2.637188e-01  6.942196e-04
-4.265447e-01  2.350384e-01 -4.462597e-01  5.535283e+02  5.000000e-01  1.223792e+00 -7.060101e-01  1.338835e+00  8.247212e-02
3 -1.143587e+00 -3.696536e-02  3.567120e+00  1.293149e+00  1.055677e-01  8.975470e+00 6 1 -1.000000e+00
-3.164042e+00 -2.401535e-01  1.854921e+00  0.000000e+00  0.000000e+00  2.626522e-01  5.080880e-02  4.465103e-02  4.184040e-03
 2.683639e-02  3.657054e-03  9.430786e-04  2.810414e+02  1.000000e+00  3.831190e+01 -1.702531e+01 -6.477627e+00  3.712014e+01
 3.919140e-01  4.184242e-02 -1.958198e-01  2.731998e+02  5.000000e-01  1.610763e+00 -2.315800e+00 -3.418183e-01  9.550623e-01
1  4.655262e-01  5.413920e-01  0.000000e+00  1.747856e+00  0.000000e+00  5.866630e+00 0 2 -1.000000e+00
 2.539781e+00  5.315939e-01  4.700904e+00  0.000000e+00  0.000000e+00  4.188508e-01 -2.159206e-01 -2.799779e-01  1.603040e-01
1 -2.901315e-01  1.221310e-01  0.000000e+00  1.077029e-01  0.000000e+00  7.471150e+00 0 2  3.138554e-01
-2.483380e-01 -4.445827e-01  3.159563e+00  0.000000e+00  0.000000e+00  3.495111e-01  3.171016e-01  7.799315e-02  5.053297e-04
3 -4.205528e-02 -2.076487e-01  8.668060e-01  4.633290e-01  5.724377e-01  1.612290e+01 6 1 -1.000000e+00
 4.078465e-02 -6.846321e-01  2.051702e+00  0.000000e+00  0.000000e+00  2.775462e-01  1.688449e-01 -7.765749e-02  2.504961e-02
 9.277325e-02  1.806135e-01 -1.174472e+00  2.616855e+01  5.000000e-01  9.375167e-01  4.852308e-01 -7.873385e-01  4.772760e-01
 7.093339e-03  2.053626e-02  2.737784e-02  2.753453e+01  1.000000e+00  7.350420e+00  1.078979e+00 -1.624117e+00  6.461409e+00
3  1.987564e+00  9.978734e-01  5.008139e+00  2.383373e+00  6.154123e-01  1.693050e+01 6 1  2.761516e-01
 7.954083e-01  4.193365e-01 -1.069226e+00  1.141483e+03  5.000000e-01  1.275824e+00 -3.763783e-01 -9.325633e-01  2.026530e-02
-4.181699e+00  9.759803e-01  1.737414e+00  0.000000e+00  0.000000e+00  2.104850e-01 -1.995967e-01 -8.903420e-02  2.422618e-04
 1.238521e-02  2.357778e-03  2.114874e-04  1.180198e+03  1.000000e+00  7.492002e+01 -2.528317e+01 -9.824265e+00  6.735078e+01
3  3.735110e-01  1.785685e-01  6.722245e-01  3.213256e-01  5.995244e-01  5.441550e+00 6 1  2.702353e-01
 1.117142e-01 -1.088291e-01 -1.653711e+00  5.906430e+01  5.000000e-01  9.420919e-01 -2.465678e-02  7.793882e-01  7.163266e-02
-3.850374e-01  3.440766e-01  2.758371e+00  0.000000e+00  0.000000e+00  3.437887e-01 -6.446912e-02  2.528324e-01  2.697989e-03
 2.681518e-03 -2.339439e-03  1.262482e-03  6.458430e+01  1.000000e+00  2.963278e+01 -5.797210e-01  5.235455e+00  2.635694e+01
3  4.481636e-01 -3.328471e-01  1.461805e+00  1.006705e+00  1.138252e-01  1.692560e+01 6 1 -1.000000e+00
 4.903772e-01 -1.108601e+00  1.783611e+00  0.000000e+00  0.000000e+00  1.938883e-01  7.266548e-03  2.985011e-01  1.191050e-02
-1.463395e-02  5.482128e-03  1.127862e-03  8.933914e+01  1.000000e+00  3.455570e+01 -1.434860e+01  5.785228e+00  3.386134e+01
-3.097680e-01  1.147717e-01 -2.030198e-01  8.151761e+01  5.000000e-01  1.206140e+00 -1.512998e+00  1.636753e+00  8.630352e-01
3  3.652401e-02  4.389857e-02  1.370090e-01  7.385450e-02  1.127455e-01  1.256240e+01 6 1 -1.000000e+00
 9.531143e-02  7.684522e-02  2.644200e+00  0.000000e+00  0.000000e+00  3.233193e-01  3.595923e-02 -2.800312e-01  1.090383e-02
-1.015674e-02 -1.060730e-02 -2.981217e-01  2.781717e+00  5.000000e-01  1.952702e+00  3.800736e-01 -2.029168e+00  1.298849e+00
-3.562914e-03 -3.355601e-03  4.170692e-02  2.791807e+00  1.000000e+00  6.778831e+00 -2.467680e-01 -3.058946e+00  5.948745e+00
1 -4.976369e-01  7.740668e-01  0.000000e+00  1.135664e+00  0.000000e+00  8.991830e+00 0 2 -1.000000e+00
-5.361903e-01  2.225036e+00  3.867635e+00  0.000000e+00  0.000000e+00  4.294852e-01  1.569108e-01  2.056943e-01  4.939107e-03
3 -9.087926e-02  7.551234e-02  3.478457e-01  1.342084e-01  1.454959e-01  1.534710e+01 6 1 -1.000000e+00
 5.041410e-02 -5.276852e-02 -4.053600e-01  7.227868e+00  5.000000e-01  1.070493e+00 -3.235163e-01  1.538587e+00  6.410809e-01
-1.373082e-01  2.400744e-01  2.786059e+00  0.000000e+00  0.000000e+00  2.933988e-01 -2.375818e-02  3.738862e-01  4.055552e-02
 3.796091e-03 -5.099987e-03  5.767208e-03  7.656773e+00  1.000000e+00  1.551227e+01  3.370544e+00  5.084428e+00  1.474565e+01
3 -3.659720e-01  2.887723e-01  1.360245e+00  5.560870e-01  1.188940e-01  1.368240e+01 6 1 -1.000000e+00
-1.124339e+00  1.732602e-01  1.915211e+00  0.000000e+00  0.000000e+00  2.388814e-01 -8.060724e-02  2.250964e-01  3.694127e-03
 1.829896e-01 -2.024480e-01 -2.277071e-01  1.289321e+02  5.000000e-01  8.592828e-01  2.849862e-01  2.080911e+00  2.308190e-01
 1.544695e-03 -1.490874e-03  3.781662e-05  1.529407e+02  1.000000e+00  1.657322e+02  1.287422e+01  2.296869e+01  1.636728e+02
3 -6.026177e-01  6.819640e-01  6.575339e-01  3.452160e-01  6.411276e-02  8.866710e+00 6 2  2.717279e-01
 4.889981e-03 -1.955258e-01 -5.844827e-01  3.645610e+01  5.000000e-01  8.157105e-01  1.320523e+00 -3.311784e-02  1.444077e-01
-1.859468e-01  4.337056e-01  9.116481e+00  0.000000e+00  0.000000e+00  4.449437e-01  3.746106e-01  2.409625e-01  1.682477e-02
 1.330110e-04 -9.257659e-04  4.452128e-05  5.105288e+01  1.000000e+00  1.576655e+02  3.833749e+01  2.476208e+01  1.553399e+02
1 -9.616673e-01 -1.575240e+00  0.000000e+00  2.602012e+00  0.000000e+00  1.322540e+01 0 2 -1.000000e+00
-2.559094e+00 -5.646855e+00  3.956020e+00  0.000000e+00  0.000000e+00  4.886066e-01  5.714911e-02 -7.401238e-02  3.646437e-02
1 -1.584544e+00 -1.439620e+00  0.000000e+00  7.561481e-01  0.000000e+00  5.370390e+00 0 2  2.774428e-01
-7.441214e-01 -1.578323e+00  3.023439e+00  0.000000e+00  0.000000e+00  2.917920e-01  7.961762e-02 -4.055495e-01  1.799407e-03
1  8.384933e-02 -1.168817e-01  0.000000e+00  4.200170e-02  0.000000e+00  1.692150e+01 0 2  2.830751e-01
-2.169856e-03 -1.412791e-01  4.026948e+00  0.000000e+00  0.000000e+00  4.892531e-01  9.223771e-02  6.346341e-02  1.121577e-03
1 -3.866213e+00 -5.095362e+00  0.000000e+00  3.308176e+00  0.000000e+00  1.515290e+01 0 2 -1.000000e+00
-5.328811e+00 -5.574391e+00  4.679005e+00  0.000000e+00  0.000000e+00  3.093643e-01  2.012897e-01 -4.719528e-01  5.556203e-05
1 -5.048677e-01  3.054691e-01  0.000000e+00  2.226676e-01  0.000000e+00  9.360210e+00 0 2  2.821416e-01
-4.322639e-01 -5.385308e-01  5.287858e+00  0.000000e+00  0.000000e+00  4.238462e-01  3.521436e-01  1.372428e-01  2.408967e-04
3  1.657009e-02 -7.758092e-03  1.045252e-01  4.922333e-02  6.037703e-01  1.552800e+01 6 1 -1.000000e+00
 7.345107e-02 -1.008800e-02  2.215776e+00  0.000000e+00  0.000000e+00  2.890128e-01 -2.011074e-01  1.172580e-01  6.504574e-02
-2.557826e-02  2.335926e-02 -1.337820e+00  7.237449e-01  5.000000e-01  6.732496e-01  5.421659e-02  9.226653e-01  3.856751e-01
-8.731579e-04  4.452908e-04  4.302275e-03  9.140229e-01  1.000000e+00  1.674503e+01 -1.936216e+00  3.423737e+00  1.620482e+01
3 -6.721881e-01  5.168141e-01  1.434509e+00  5.581228e-01  5.403481e-01  8.880450e+00 6 3  2.882209e-01
 8.356695e-02 -4.474510e-01 -3.635623e+00  3.720802e+01  5.000000e-01  6.008522e-01  5.705267e-01  3.299610e-01  4.936852e-02
 7.729771e-02  9.870445e-01  1.964502e+00  0.000000e+00  0.000000e+00  2.788221e-01  1.032671e-01 -1.996407e-02  5.147987e-03
 1.410571e-05 -9.414583e-04  2.169659e-05  5.550492e+01  1.000000e+00  2.197350e+02  4.105385e+01  8.329017e+00  2.158928e+02
3  2.325437e-01 -5.174596e-01  2.042261e+00  5.275790e-01  1.282658e-01  1.643380e+01 6 1 -1.000000e+00
 1.244807e+00 -1.361863e+00  1.582500e+00  0.000000e+00  0.000000e+00  1.688270e-01  3.732303e-02 -2.398833e-01  5.995276e-03
-1.100829e-02  1.937670e-02  2.484171e-03  2.260516e+02  1.000000e+00  2.549071e+01  6.750614e+00  1.231564e+01  2.436004e+01
-7.827660e-02  1.938621e-01 -2.029807e-01  2.217723e+02  5.000000e-01  1.757178e+00  2.057142e+00  1.126083e+00  1.123986e+00
1  1.391069e-01 -1.836780e-01  0.000000e+00  1.722185e-01  0.000000e+00  1.756280e+01 0 2 -1.000000e+00
 2.566955e-01 -3.353382e-01  3.959631e+00  0.000000e+00  0.000000e+00  3.755942e-01  9.079684e-02  3.592906e-01  4.026365e-02
2  2.669273e-01  2.723013e-01  1.794572e+00  7.294928e-01  6.828610e-01  1.713320e+01 6 1  2.721452e-01
-1.306654e+00 -4.505380e-01  1.676055e+00  0.000000e+00  0.000000e+00  1.996310e-01 -1.382131e-01 -1.576340e-01  9.282651e-04
 3.847118e-01  1.492725e-01 -1.144512e+00  2.538097e+02  5.000000e-01  7.045730e-01 -6.855069e-01 -7.007795e-01  3.035699e-02
3 -3.487945e-01  4.168544e-01  1.663703e+00  6.256581e-01  9.935383e-01  1.755430e+01 6 3  3.093780e-01
 2.848618e-01 -7.090576e-01 -6.625364e+00  2.124568e+00  5.000000e-01  5.007967e-01  6.056173e-01  1.826655e-01  5.490852e-02
 6.602804e-01 -6.142544e-01  6.668454e+00  2.031419e+00  0.000000e+00  4.356216e-01  3.197128e-01  2.575788e-01  5.196276e-02
-9.943767e-01 -4.409972e-01  3.018436e+00  0.000000e+00  0.000000e+00  3.299890e-01  2.123252e-01 -2.693237e-01  4.099649e-02
3  6.476549e-01  7.685137e-02  1.590174e+00  9.296458e-01  4.118324e-02  1.120170e+01 6 2 -1.000000e+00
 1.299293e+00 -2.489415e-01  3.512020e+00  0.000000e+00  0.000000e+00  3.299130e-01 -3.873500e-01  1.193317e-01  8.676761e-03
-2.803759e-01 -6.646240e-02 -1.446364e-01  1.602023e+02  5.000000e-01  1.644269e+00 -2.475639e+00 -1.095529e+00  7.247746e-01
-9.775538e-03 -2.448052e-03  3.281592e-04  1.730928e+02  1.000000e+00  6.221752e+01 -2.110969e+01 -1.595820e+01  6.008936e+01
3 -3.095841e-01  3.564576e-01  1.482832e+00  6.141747e-01  1.288638e-01  1.755000e+01 6 1 -1.000000e+00
-7.791343e-01  8.338112e-01  2.854667e+00  0.000000e+00  0.000000e+00  3.270868e-01  2.207467e-02  3.194078e-01  7.297291e-03
 2.067717e-01 -2.737904e-01 -3.678632e-01  1.860006e+02  5.000000e-01  8.326489e-01  3.451832e-01  1.620881e+00  2.235764e-01
 1.342745e-03 -2.103086e-03  3.631946e-05  2.287214e+02  1.000000e+00  1.750366e+02  3.676198e+01  3.746768e+01  1.731382e+02
2  3.642038e-01  3.325563e-03  1.063820e+00  4.167484e-01  7.199077e-02  1.318370e+01 6 2 -1.000000e+00
 7.425486e-01 -3.843884e-01  3.564495e+00  0.000000e+00  0.000000e+00  3.462188e-01 -3.526872e-01  1.499899e-01  2.023313e-03
-2.575003e-01 -2.160157e-02 -2.566108e-01  1.761422e+02  5.000000e-01  6.321112e-01 -1.979560e+00 -3.371008e-01  5.489817e-02
2  4.233678e-01 -3.890781e-01  1.616141e+00  7.324671e-01  6.953360e-01  1.844610e+01 6 3  2.735948e-01
-4.016600e-01 -3.997435e-01 -2.171612e+00  8.964021e+01  5.000000e-01  6.211581e-01 -5.815466e-03 -7.771581e-01  1.758107e-02
 9.146173e-01  5.379805e-01  3.123112e+00  0.000000e+00  0.000000e+00  3.206270e-01 -1.879766e-01 -3.256057e-01  2.655894e-03
1 -4.065319e-01  1.402397e+00  0.000000e+00  1.007195e+00  0.000000e+00  1.844780e+01 0 2 -1.000000e+00
-8.435668e-01  2.289980e+00  3.050645e+00  0.000000e+00  0.000000e+00  3.615265e-01  2.207484e-01  1.764058e-01  2.437108e-03
2  1.598762e+00  1.347332e-01  3.892476e+00  1.823289e+00  9.855238e-03  1.369080e+01 6 2 -1.000000e+00
 3.479586e+00  1.114306e+00  3.491538e+00  0.000000e+00  0.000000e+00  3.895852e-01 -2.902968e-01 -4.389984e-02  4.350607e-04
-2.402797e-01 -3.197714e-02 -3.440994e-02  1.283387e+03  5.000000e-01  2.466798e+00 -5.474023e+00 -1.117114e+00  8.385217e-01
1  7.520460e-01  8.440644e-01  0.000000e+00  4.227282e-01  0.000000e+00  7.487890e+00 0 2  3.017792e-01
-2.162189e-01  6.519812e-01  3.400457e+00  0.000000e+00  0.000000e+00  3.438279e-01  3.668504e-01 -4.364112e-02  4.552536e-02
1  2.263267e+00  1.332958e+00  0.000000e+00  2.670589e+00  0.000000e+00  1.800170e+01 0 2 -1.000000e+00
 3.501948e+00  4.442654e+00  3.062907e+00  0.000000e+00  0.000000e+00  3.804206e-01 -5.215834e-02 -2.338182e-01  1.165773e-03
3  9.892053e-02  3.812703e-01  1.079751e+00  4.874129e-01  2.401692e-01  1.439630e+01 6 1 -1.000000e+00
 2.412505e-01  8.425763e-01  1.499686e+00  0.000000e+00  0.000000e+00  1.768386e-01  9.934409e-02 -3.032141e-02  4.303507e-03
-4.634771e-02 -1.981685e-01 -3.601785e-01  5.132686e+01  5.000000e-01  6.320021e-01  1.508596e+00 -7.974712e-01  2.369646e-01
-5.279584e-04 -2.788595e-03  1.209081e-04  5.833642e+01  1.000000e+00  9.230672e+01  7.657480e+00  2.744918e+00  9.118090e+01
1 -2.383965e-01 -3.379706e-01  0.000000e+00  7.672277e-02  0.000000e+00  1.746680e+01 0 2  2.956299e-01
 2.047140e-01  4.778323e-02  3.422018e+00  0.000000e+00  0.000000e+00  3.612055e-01 -1.985333e-01 -2.764377e-01  3.693292e-03
3 -6.117100e-01 -3.726191e-01  2.437620e+00  1.068944e+00  1.934118e-01  9.303480e+00 6 1 -1.000000e+00
-1.369206e+00 -1.508543e+00  2.171545e+00  0.000000e+00  0.000000e+00  3.046469e-01 -6.624049e-02 -1.364794e-01  3.848618e-03
 3.919885e-01  1.767430e-01 -4.200024e-01  1.682590e+02  5.000000e-01  1.047210e+00 -1.115524e+00 -1.067133e+00  2.547421e-01
 8.890496e-03  5.150529e-03  4.316908e-04  1.828939e+02  1.000000e+00  5.012420e+01 -5.649227e+00 -8.049873e+00  4.804506e+01
1 -2.247626e-01 -6.030456e-01  0.000000e+00  6.534393e-01  0.000000e+00  1.255680e+01 0 2  2.932837e-01
-1.342300e+00 -4.994505e-01  3.979926e+00  0.000000e+00  0.000000e+00  2.846687e-01 -4.721571e-01 -1.936636e-01  2.222600e-03
3  8.723903e-01  3.974288e-01  1.743895e+00  8.863737e-01  1.433973e-01  1.411690e+01 6 3  2.740112e-01
 6.417078e-02 -1.403814e+00  3.466931e+00  0.000000e+00  0.000000e+00  4.198783e-01  2.118878e-01 -5.661417e-02  2.087157e-03
 1.148012e-01  3.393454e-01 -4.971486e-01  1.643012e+02  5.000000e-01  1.001097e+00  1.068785e+00 -9.322936e-01  8.422072e-02
 6.399818e-04  2.567038e-03  8.690509e-05  1.924099e+02  1.000000e+00  1.084077e+02 -1.501549e+00  5.229215e+00  1.054998e+02
3 -3.741605e-01  1.279607e-01  1.511073e+00  7.500122e-01  1.471287e-01  1.552930e+01 6 1 -1.000000e+00
-7.190545e-01  9.892330e-01  1.925214e+00  0.000000e+00  0.000000e+00  2.581488e-01 -1.548666e-01  8.328767e-02  6.005080e-03
 3.795065e-01 -4.831420e-02 -2.832544e-01  1.537367e+02  5.000000e-01  6.363963e-01 -1.896132e+00  2.593969e-01  2.199005e-01
 9.791131e-04 -3.055622e-04  7.417166e-06  2.190659e+02  1.000000e+00  3.814077e+02 -8.580938e+01  5.024358e+01  3.801924e+02
5  1.215194e-01  6.558895e-01  8.458867e-01  3.749162e-01  1.000000e+00  1.594430e+01 6 3  2.722742e-01
 2.436613e-01 -3.174554e-01 -5.486196e+00  5.401586e+00  5.000000e-01  5.624267e-01  1.839777e-01  5.830079e-01  8.896545e-02
-1.425785e-02  3.994385e-01 -8.779297e+00  4.904612e+00  5.000000e-01  5.439485e-01  5.667320e-01 -2.649920e-02  4.857267e-02
-4.100549e-01 -1.403694e-01  7.862474e+00  0.000000e+00  0.000000e+00  4.268021e-01 -3.306064e-01 -3.034284e-01  2.152547e-02
 3.906984e-01  1.322446e-01  9.428527e+00  3.364259e+00  0.000000e+00  4.514025e-01 -3.268781e-01 -2.967302e-01  2.470464e-02
 7.898104e-05  1.701898e-05  4.540749e-05  3.370910e+01  1.000000e+00  1.517381e+02 -2.931920e+00  2.627886e+01  1.491738e+02
1 -9.793758e-02  9.338682e-01  0.000000e+00  2.175250e-01  0.000000e+00  1.713240e+01 0 2  3.091226e-01
 2.254769e-01 -2.117863e-01  5.887183e+00  0.000000e+00  0.000000e+00  3.979928e-01 -9.480235e-02  4.284444e-01  4.541184e-03
3  5.531384e-01 -3.170966e-01  1.587522e+00  7.568522e-01  1.875980e-01  1.077990e+01 6 1 -1.000000e+00
 1.241900e+00 -5.750398e-01  1.984946e+00  0.000000e+00  0.000000e+00  2.462449e-01 -1.421579e-01  2.101092e-01  3.846228e-02
-1.879881e-01  1.146306e-01 -3.723719e-01  5.944757e+01  5.000000e-01  2.091308e+00 -8.644026e-01  1.768968e+00  1.665944e+00
-7.158609e-02  4.266908e-02  6.920648e-02  5.967578e+01  1.000000e+00  5.931087e+00 -1.434821e+00  2.794171e+00  5.388499e+00
5 -2.122845e-01 -1.355597e-01  3.457100e+00  1.341377e+00  1.000000e+00  1.672160e+01 6 1 -1.000000e+00
 4.415109e-01 -1.723587e+00  2.762444e+00  0.000000e+00  0.000000e+00  3.718483e-01  1.140474e-01 -1.398906e-01  9.399200e-03
-1.052624e+00 -3.677982e-01 -2.003653e+00  2.593205e+01  5.000000e-01  5.564462e-01 -5.658338e-01 -6.129115e-01  3.946417e-02
-1.156115e+00  1.342214e+00  2.930542e+00  6.208416e+00  0.000000e+00  4.092446e-01 -8.327890e-02  2.868350e-02  1.338237e-02
 6.802820e-01  3.130841e-01 -6.889508e-01  6.139057e+01  5.000000e-01  7.060545e-01 -7.399270e-01 -9.951857e-01  1.068209e-01
 1.472252e-03  7.001820e-04  5.845966e-05  1.031984e+02  1.000000e+00  1.336024e+02 -2.150877e+01 -3.868738e+00  1.315550e+02
3  1.860747e+00 -1.074514e+00  5.039943e+00  2.778311e+00  7.211361e-03  1.120510e+01 6 2 -1.000000e+00
 3.956187e+00 -2.423280e+00  7.765843e+00  0.000000e+00  0.000000e+00  5.090566e-01 -1.336270e-01  3.072461e-01  2.605945e-03
-3.514182e-01  1.931232e-01 -5.600230e-02  1.156263e+03  5.000000e-01  2.844789e+00 -2.466213e+00  3.895825e+00  1.599985e+00
-2.873795e-02  1.590631e-02  4.694919e-04  1.176650e+03  1.000000e+00  5.310064e+01 -1.323336e+01  2.023345e+01  5.108778e+01
3 -2.020926e-01 -5.308984e-01  1.194821e+00  7.831501e-01  4.896180e-02  1.778680e+01 6 2 -1.000000e+00
-4.751604e-01 -8.199860e-01  3.351053e+00  0.000000e+00  0.000000e+00  2.360251e-01  3.595775e-01 -3.949024e-01  7.686192e-03
 1.491728e-03  2.620783e-03  6.372544e-05  1.015102e+02  1.000000e+00  1.277934e+02 -9.994400e+00 -1.686273e+01  1.264668e+02
 9.566944e-02  2.296572e-01 -1.640736e-01  8.682990e+01  5.000000e-01  7.400893e-01  1.894701e+00 -1.603898e+00  2.725701e-01
2 -9.298803e-01  1.826451e+00  1.187887e-02  4.680871e-01  1.867724e-01  1.746460e+01 6 1 -1.000000e+00
 1.041315e-02 -1.812733e-02 -4.811831e-04  0.000000e+00  5.000000e-01  5.452586e+01  3.708348e+01  5.973311e+01  5.337981e+01
 4.546069e-03 -7.798488e-03  8.987171e-05  8.796453e-02  1.000000e+00  1.700069e+02  6.483800e+01  1.150321e+02  1.686488e+02
3  2.175542e+00  4.653312e-02  4.411173e+00  2.130336e+00  2.368624e-03  1.271630e+01 6 2 -1.000000e+00
 4.229295e+00  8.096837e-01  3.440572e+00  0.000000e+00  0.000000e+00  3.716386e-01 -3.226344e-01  9.784323e-03  4.615584e-04
-1.061947e-01 -3.933894e-03 -8.149423e-03  1.312191e+03  5.000000e-01  9.696806e+00 -1.404006e+01 -1.104251e+00  7.471910e+00
-2.527886e-02 -8.412408e-04  4.653651e-04  1.314018e+03  1.000000e+00  6.087591e+01 -3.779127e+01 -2.844924e+00  5.785413e+01
1  2.054324e+00  2.538080e+00  0.000000e+00  5.308046e+00  0.000000e+00  1.407160e+01 0 2 -1.000000e+00
 7.785505e+00  3.403883e+00  6.662373e+00  0.000000e+00  0.000000e+00  4.142459e-01 -2.412583e-01 -3.671589e-01  2.650776e-04
3  9.426520e-01 -3.381942e-01  2.238105e+00  9.890423e-01  1.040348e-02  1.011850e+01 6 2 -1.000000e+00
 1.742119e+00 -1.049639e+00  5.678444e+00  0.000000e+00  0.000000e+00  4.631789e-01 -2.310246e-01  2.422806e-01  2.127668e-03
-1.855491e-01  8.755628e-02 -5.907560e-02  5.124320e+02  5.000000e-01  2.144268e+00 -3.160086e+00  2.872398e+00  9.233427e-01
-7.480054e-03  4.691087e-03  1.482913e-04  5.297921e+02  1.000000e+00  9.023158e+01 -4.945457e+00  3.455911e+01  8.792483e+01
2  2.372534e+00 -1.983810e+00  1.438664e-02  5.364083e-01  1.060011e-01  9.219190e+00 6 1 -1.000000e+00
-5.192335e-03  4.373109e-03  1.846088e-05  7.136558e-01  1.000000e+00  3.245265e+02 -3.787370e+01  2.215094e+02  3.234681e+02
-1.619151e-02  1.364638e-02 -1.741575e-04  0.000000e+00  5.000000e-01  6.862335e+01 -1.716662e+01  1.001007e+02  6.774906e+01
3  1.404507e-01 -1.704192e-01  1.272909e+00  6.803956e-01  8.075374e-01  1.078700e+01 6 1 -1.000000e+00
 4.386174e-01 -7.896544e-01  2.152144e+00  0.000000e+00  0.000000e+00  2.906467e-01  8.218482e-02  1.782551e-01  1.762167e-02
-3.644816e-01  1.979336e-01 -1.737937e+00  4.818028e+01  5.000000e-01  6.789640e-01 -5.027776e-01  6.524367e-01  2.059493e-01
-5.115906e-03  4.424369e-03  1.469231e-03  6.188797e+01  1.000000e+00  2.805965e+01 -4.258160e+00  5.784894e+00  2.633644e+01
4 -1.078945e+00  4.613649e-01  2.692185e+00  1.032776e+00  1.000000e+00  1.475220e+01 6 3  2.744952e-01
-2.657660e-01 -1.650200e+00  2.015124e+00  0.000000e+00  0.000000e+00  2.908643e-01  7.992396e-03 -8.100736e-02  1.538100e-03
 5.321806e-01  1.653999e-01 -5.980750e-01  1.491148e+02  5.000000e-01  9.006495e-01 -1.135710e+00 -6.261502e-01  4.884814e-02
-8.423451e-01  3.891231e-01 -2.716166e+00  9.596205e+01  5.000000e-01  6.054545e-01 -6.079378e-01  3.927389e-01  1.818420e-02
-4.853832e-01  1.033013e+00  3.846265e+00  9.067750e+01  0.000000e+00  4.240136e-01 -1.585560e-02  2.674256e-01  6.995137e-03
1  6.876317e-02 -3.271533e-02  0.000000e+00  1.908030e-02  0.000000e+00  1.409980e+01 0 2  3.086099e-01
-7.521257e-02 -3.694573e-03  5.001246e+00  0.000000e+00  0.000000e+00  3.773492e-01 -3.240279e-01 -2.876624e-01  1.465206e-03
3  4.793385e-01 -1.976227e-01  1.824335e+00  8.220320e-01  2.425314e-01  6.166010e+00 6 1 -1.000000e+00
 1.106106e+00 -9.024954e-01  1.763412e+00  0.000000e+00  0.000000e+00  2.356123e-01 -1.101246e-01  7.126554e-02  3.709500e-03
-4.477879e-01  5.333513e-02 -4.276829e-01  1.120173e+02  5.000000e-01  5.453218e-01 -1.563834e+00  3.151757e-01  1.648880e-01
-1.315622e-03  2.548978e-04  9.640108e-06  1.525783e+02  1.000000e+00  3.329189e+02 -7.542715e+01 -2.734282e+01  3.318471e+02
3  1.932958e-01  1.102449e-01  8.939169e-01  5.567923e-01  1.968573e-01  1.369250e+01 6 1 -1.000000e+00
-3.027584e-01 -7.113187e-02 -5.285869e-01  3.558682e+01  5.000000e-01  5.683242e-01 -1.128741e+00 -8.967298e-01  1.308111e-01
 2.337756e-01  6.438637e-01  2.685127e+00  0.000000e+00  0.000000e+00  2.644977e-01  1.108753e-01 -3.952826e-01  6.503324e-03
-1.611402e-03 -1.468965e-04  7.944372e-05  5.282044e+01  1.000000e+00  1.248366e+02 -4.124334e+01  3.235695e+01  1.233938e+02
1 -4.175613e-02  2.029623e-01  0.000000e+00  1.173199e-01  0.000000e+00  1.594460e+01 0 2 -1.000000e+00
-5.644114e-03  2.971589e-01  3.406940e+00  0.000000e+00  0.000000e+00  3.041101e-01  4.055443e-01  1.621053e-01  5.797247e-02
3  8.887779e-02  6.644330e-02  3.420692e-01  1.657843e-01  8.510427e-02  1.692440e+01 6 2 -1.000000e+00
 2.448389e-01  7.718370e-02  3.853271e+00  0.000000e+00  0.000000e+00  3.303029e-01 -2.650960e-01 -3.445264e-01  7.661264e-03
-6.906646e-02 -5.873819e-02 -3.279298e-01  8.851853e+00  5.000000e-01  6.528950e-01 -2.592457e-01 -1.761450e+00  1.335147e-01
-2.600590e-04 -1.991944e-04  1.627735e-05  1.215886e+01  1.000000e+00  2.490279e+02  4.014829e-01 -9.087534e+00  2.475026e+02
3 -3.596747e-01 -1.218032e-01  1.506803e+00  5.730615e-01  3.994771e-01  1.545580e+01 6 1 -1.000000e+00
-1.237026e+00 -4.273750e-02  1.669177e+00  0.000000e+00  0.000000e+00  1.970457e-01 -2.094571e-01 -4.201920e-02  1.781840e-03
 2.386851e-01  2.617850e-01 -6.667979e-01  3.013851e+02  5.000000e-01  1.074780e+00  2.925092e-01 -1.191526e+00  1.231518e-01
 2.604370e-03  1.410263e-03  9.273307e-05  3.428061e+02  1.000000e+00  1.096985e+02 -4.997191e+00 -3.172925e+01  1.055580e+02
1  1.608156e+01  2.208726e+01  0.000000e+00  3.062045e+01  0.000000e+00  7.682670e+00 0 2 -1.000000e+00
 1.749471e+01  4.991132e+01  4.055822e+00  0.000000e+00  0.000000e+00  3.817513e-01  2.798075e-01 -2.395415e-01  3.549411e-04
3  6.031968e-02  3.543825e-01  1.057844e+00  4.629067e-01  2.344707e-01  1.386430e+01 6 1 -1.000000e+00
-5.944278e-02 -1.824291e-01 -4.146093e-01  4.203452e+01  5.000000e-01  1.252369e+00  1.316593e+00 -8.615003e-01  7.698767e-01
 8.229003e-02  8.658773e-01  1.768278e+00  0.000000e+00  0.000000e+00  2.290299e-01  1.652452e-01 -3.958454e-02  1.738082e-02
-6.081361e-03 -1.875210e-02  6.237589e-03  4.359869e+01  1.000000e+00  1.518676e+01  4.520948e+00 -4.528452e+00  1.426203e+01
3 -9.421478e-02  3.098517e-03  2.225718e-01  1.020167e-01  1.166177e-01  1.386390e+01 6 1 -1.000000e+00
-1.930125e-01 -1.720352e-03  1.691566e+00  0.000000e+00  0.000000e+00  2.186105e-01 -1.341711e-01  3.741027e-02  2.644852e-02
 6.653126e-03  2.625505e-04  1.322794e-02  4.133087e+00  1.000000e+00  1.160913e+01 -6.035750e+00 -7.251334e-01  1.119569e+01
 2.954439e-02  8.548422e-04 -1.972666e-01  4.089289e+00  5.000000e-01  2.075765e+00 -2.495160e+00 -2.704425e-02  1.760384e+00
1 -1.326412e-01  6.570268e-02  0.000000e+00  1.113366e-01  0.000000e+00  1.746810e+01 0 2  2.749356e-01
 2.048109e-01 -1.214580e-01  3.890906e+00  0.000000e+00  0.000000e+00  3.527526e-01 -1.158044e-03  4.023908e-01  5.229347e-03
3  1.341065e-01 -6.011439e-01  4.049380e+00  2.266547e+00  4.470894e-01  6.415790e+00 6 3 -1.000000e+00
 8.292129e-01 -2.581235e+00  5.227427e+00  0.000000e+00  0.000000e+00  4.512237e-01  2.629180e-01  2.018190e-01  5.918511e-03
-1.315766e-01  1.352512e+00 -2.337127e+00  1.250453e+02  5.000000e-01  7.104724e-01  6.955635e-01  1.670130e-01  4.250142e-02
-7.160188e-04  6.440848e-03  2.633760e-04  1.811202e+02  1.000000e+00  6.310451e+01 -1.837650e+00 -7.532676e+00  6.065386e+01
3  2.096185e-01  3.502218e-01  1.481497e+00  6.943449e-01  2.408640e-01  9.804610e+00 6 3 -1.000000e+00
-1.551722e-01 -3.081920e-01 -8.550211e-01  3.158664e+01  5.000000e-01  1.337441e+00  6.234119e-01 -9.459313e-01  1.024168e+00
 5.405912e-01  9.997632e-01  3.549809e+00  0.000000e+00  0.000000e+00  3.396750e-01  1.655316e-01 -3.562626e-01  1.187652e-01
-3.546850e-02 -7.150644e-02  8.643918e-02  3.229731e+01  1.000000e+00  4.978181e+00  1.351537e+00 -1.558988e+00  4.551218e+00
3  2.335861e+00 -1.467264e-01  1.283380e+00  5.141510e-01  2.939762e-01  9.757770e+00 6 1  2.791189e-01
 6.755263e-01 -8.071619e-01  1.689251e+00  0.000000e+00  0.000000e+00  2.170595e-01  1.316049e-02  1.443757e-01  1.000761e-03
-1.154739e-01  2.034734e-01 -4.965995e-01  1.304372e+02  5.000000e-01  9.391826e-01  7.595650e-01  1.200190e+00  7.974423e-02
-5.682882e-04  9.252956e-04  1.478070e-05  1.487993e+02  1.000000e+00  2.623168e+02  2.436317e+01  6.089140e+00  2.578809e+02
1  6.953180e-02 -5.590571e-01  0.000000e+00  1.214671e-01  0.000000e+00  1.256240e+01 0 2  2.798066e-01
-9.045030e-02 -3.074182e-01  3.088497e+00  0.000000e+00  0.000000e+00  3.698661e-01  2.044029e-01 -1.774997e-01  2.969354e-03
2 -4.216943e-01 -2.997422e-01  1.614051e+00  6.506260e-01  1.633919e-01  5.945920e+00 6 1 -1.000000e+00
-1.167922e+00 -5.620571e-01  1.944819e+00  0.000000e+00  0.000000e+00  2.633767e-01 -7.223220e-02 -1.523473e-01  2.733602e-03
 2.468036e-01  2.149318e-01 -3.177677e-01  1.938701e+02  5.000000e-01  8.370248e-01 -1.714935e-01 -1.773162e+00  1.588883e-01
3 -1.169959e+00 -1.999024e-01  7.338296e-01  3.621047e-01  3.471422e-01  1.611910e+01 6 3  2.834636e-01
-3.510992e-01  4.832060e-01  3.578195e+00  0.000000e+00  0.000000e+00  4.133481e-01 -9.890796e-03  2.541498e-01  3.891340e-03
 8.976183e-02 -1.034347e-01 -1.242142e+00  3.054118e+01  5.000000e-01  1.301486e+00  2.063875e-02  9.463239e-01  1.657001e-01
 7.578855e-03 -1.005292e-02  1.307828e-02  3.138841e+01  1.000000e+00  1.117431e+01  1.894795e+00  4.843932e+00  8.285711e+00
3 -7.242464e-02 -2.520340e-02  3.596733e-01  2.005619e-01  2.807277e-01  7.187490e+00 6 1 -1.000000e+00
-2.577854e-01  4.379384e-02  2.186365e+00  0.000000e+00  0.000000e+00  2.753228e-01 -2.468867e-01 -8.260695e-02  3.154006e-02
 1.018202e-01  5.077735e-02 -6.137734e-01  8.402897e+00  5.000000e-01  4.761423e-01 -5.692940e-01 -1.256820e+00  1.647839e-01
 4.425664e-04  7.633659e-05  3.860996e-05  1.318803e+01  1.000000e+00  1.696580e+02 -5.036867e+01  2.910873e+00  1.687732e+02
2 -1.264971e-01 -1.393665e-01  1.330374e+00  6.495791e-01  5.213135e-01  1.386950e+01 6 3 -1.000000e+00
-3.860193e-01 -8.083754e-01  3.057155e+00  0.000000e+00  0.000000e+00  3.807653e-01  1.034165e-01 -2.136706e-01  2.563180e-03
 3.887000e-01  2.731531e-01 -1.593736e+00  7.207031e+01  5.000000e-01  5.668740e-01 -4.171771e-01 -8.006360e-01  4.663403e-02
3  1.283405e-01  3.038334e-01  9.607173e-01  3.985424e-01  1.280689e-01  1.474570e+01 6 1 -1.000000e+00
 3.233095e-01  6.466238e-01  2.467378e+00  0.000000e+00  0.000000e+00  2.580154e-01  2.300325e-01 -3.038711e-01  2.397149e-02
-7.390359e-02 -2.281330e-01 -3.159943e-01  5.521634e+01  5.000000e-01  8.476177e-01  1.381817e+00 -1.130671e+00  4.717392e-01
-1.250930e-03 -4.202487e-03  2.240784e-04  6.571812e+01  1.000000e+00  7.254995e+01  2.371801e+01 -9.701985e+00  7.164685e+01
3  6.517029e-01 -9.207907e-02  3.801173e-01  1.576721e-01  4.970785e-01  6.591850e+00 6 3  2.790772e-01
-3.701962e-02 -1.226075e-01 -7.669214e+00  4.989146e+00  5.000000e-01  7.765975e-01  2.861686e-01 -3.136999e-01  1.736200e-01
-9.478200e-03  2.565108e-01  3.812201e+00  0.000000e+00  0.000000e+00  4.688378e-01  1.400057e-01 -1.470007e-02  3.167593e-02
-5.630765e-04 -5.130319e-03  2.171073e-02  6.041699e+00  1.000000e+00  8.354154e+00  2.709013e+00 -8.274333e-01  6.804437e+00
3  7.377934e-01  3.284220e-01  7.381292e-01  2.370660e-01  1.703082e-01  1.440090e+01 6 1  3.102657e-01
-6.292358e-01 -1.239550e-01  1.625344e+00  0.000000e+00  0.000000e+00  2.020955e-01 -1.407354e-01  3.988709e-02  5.501538e-03
 9.713057e-02  7.295345e-03 -2.768094e-01  1.226273e+01  5.000000e-01  1.156121e+00 -1.905778e+00 -7.056490e-02  6.136357e-01
 9.694933e-03  1.457944e-03  4.076327e-03  1.257040e+01  1.000000e+00  1.712076e+01 -3.211482e+00 -2.060697e+00  1.610100e+01
3 -3.551725e-02  7.401395e-02  2.434735e-01  1.295323e-01  1.160856e-01  1.038530e+01 6 3 -1.000000e+00
 2.298954e-02 -4.912846e-02 -4.214434e-01  2.779413e+00  5.000000e-01  1.317106e+00  1.069844e+00  1.152731e+00  9.391174e-01
-1.281753e-01  1.417342e-01  3.630454e+00  0.000000e+00  0.000000e+00  3.202184e-01  1.521820e-01  4.043464e-01  7.149882e-02
 3.429569e-03 -6.768931e-03  1.846087e-02  2.892524e+00  1.000000e+00  9.101258e+00  1.960894e+00  2.759829e+00  8.538000e+00
3  7.199779e-01  7.829397e-01  1.731810e+00  7.572966e-01  8.768859e-03  1.594710e+01 6 2 -1.000000e+00
 1.062894e+00  1.168144e+00  3.281243e+00  0.000000e+00  0.000000e+00  3.298680e-01  4.734347e-02 -3.769257e-01  2.616506e-03
-1.041407e-01 -1.113854e-01 -2.877276e-02  2.914420e+02  5.000000e-01  2.265814e+00  4.117422e-01 -6.015634e+00  1.451495e+00
-4.102545e-03 -4.399562e-03  6.562114e-05  3.021116e+02  1.000000e+00  1.301384e+02  2.053475e+00 -3.786176e+01  1.286298e+02
3  3.047062e-01 -2.173062e-01  1.084346e+00  5.780186e-01  1.575473e-01  1.844100e+01 6 1 -1.000000e+00
 6.177807e-01 -5.703484e-01  1.971667e+00  0.000000e+00  0.000000e+00  2.412336e-01 -4.763689e-02  2.574337e-01  9.101498e-03
-2.194261e-01  1.187756e-01 -3.106308e-01  8.791490e+01  5.000000e-01  7.654592e-01 -9.253206e-01  1.555007e+00  3.155108e-01
-2.145748e-03  1.097844e-03  5.546383e-05  1.067849e+02  1.000000e+00  1.419921e+02 -3.522224e+01  2.466550e+01  1.406721e+02
3  2.835618e-01 -3.653076e-01  1.390052e+00  7.559900e-01  1.891100e-01  1.745480e+01 6 1 -1.000000e+00
 4.040945e-01 -1.007938e+00  2.025295e+00  0.000000e+00  0.000000e+00  2.348996e-01  1.437777e-01  2.663669e-01  2.588921e-02
-2.406796e-01  2.235286e-01 -3.830036e-01  3.417919e+01  5.000000e-01  9.805771e-01 -8.907323e-02  1.613501e+00  6.024961e-01
-1.187119e-02  1.184550e-02  2.355106e-03  3.755328e+01  1.000000e+00  2.286465e+01 -1.780676e+00  7.091019e+00  2.203184e+01
3 -1.060979e+00 -9.523585e-01  3.893075e+00  1.736030e+00  7.953876e-03  9.778480e+00 6 2 -1.000000e+00
-2.546480e+00 -2.002721e+00  2.292522e+01  0.000000e+00  0.000000e+00  5.249038e-01 -1.216818e-01 -4.090109e-01  1.175106e-03
 2.087997e-03  2.757133e-03  1.431396e-05  5.695742e+02  1.000000e+00  2.700420e+02  4.799646e+01  1.476778e+01  2.675162e+02
 4.616089e-01  4.686017e-01 -1.823444e-01  4.900129e+02  5.000000e-01  1.109616e+00 -1.046509e-01 -2.342049e+00  1.192780e-01
1 -6.436550e-02 -2.294693e+00  0.000000e+00  1.320356e+00  0.000000e+00  1.612410e+01 0 2 -1.000000e+00
-9.234636e-02 -3.741795e+00  3.041055e+00  0.000000e+00  0.000000e+00  3.701149e-01  2.599457e-01 -1.871437e-02  1.386231e-03
3  1.174568e-01  4.486984e-02  1.287689e+00  7.121647e-01  6.481962e-01  8.426270e+00 6 3 -1.000000e+00
-4.354325e-01 -2.907293e-01 -2.313830e+00  4.049703e+01  5.000000e-01  4.937378e-01 -1.411777e-01 -8.176516e-01  4.939123e-02
 8.312687e-01 -5.918806e-02  3.569644e+00  0.000000e+00  0.000000e+00  3.666366e-01 -3.440915e-01 -5.109000e-02  4.271478e-02
-1.047780e-03 -3.829008e-05  8.176005e-05  9.271098e+01  1.000000e+00  1.195712e+02 -3.338064e+01  2.671971e+01  1.179693e+02
1 -2.798002e-01  5.535615e-02  0.000000e+00  1.178062e-01  0.000000e+00  1.534490e+01 0 2  2.745070e-01
-2.673006e-01 -9.984349e-02  3.065922e+00  0.000000e+00  0.000000e+00  3.430810e-01 -2.675701e-01 -1.838006e-01  1.852680e-03
3  4.538795e-01  9.305475e-02  3.322888e+00  1.173366e+00  3.485096e-01  1.247040e+01 6 1 -1.000000e+00
-5.292740e-01 -5.092704e-01 -7.748895e-01  3.217866e+02  5.000000e-01  8.797100e-01  2.030574e-01 -1.124164e+00  1.314653e-01
 2.793458e+00 -4.771145e-01  2.223438e+00  0.000000e+00  0.000000e+00  3.196520e-01  9.544849e-02 -6.331735e-02  1.675787e-03
-3.998059e-03 -1.405397e-03  1.321848e-04  3.885032e+02  1.000000e+00  8.972805e+01 -5.109490e+00 -1.677481e+01  8.747573e+01
1  3.705816e+00 -1.278485e+00  0.000000e+00  1.329198e+00  0.000000e+00  7.678560e+00 0 2  2.793008e-01
 2.611690e+00  1.578656e-01  3.485900e+00  0.000000e+00  0.000000e+00  3.554010e-01 -3.106137e-01  1.793237e-01  1.922555e-04
3 -1.404431e-01  2.795012e-01  1.825995e+00  7.913742e-01  9.410082e-01  1.326650e+01 6 1 -1.000000e+00
 2.871263e-01 -5.045249e-01 -2.380306e+00  1.188673e+02  5.000000e-01  5.723663e-01  3.948851e-01  6.686183e-01  7.351440e-02
-5.314211e-01  1.127724e+00  2.529527e+00  0.000000e+00  0.000000e+00  3.475242e-01  1.032415e-01  1.404813e-01  8.197640e-03
 5.140211e-04 -8.555832e-04  1.211493e-05  1.915063e+02  1.000000e+00  2.955534e+02  1.435278e+01  6.334777e+01  2.936141e+02
1  9.319187e-01 -2.586318e-02  0.000000e+00  2.007603e-01  0.000000e+00  1.747210e+01 0 2  2.785343e-01
 2.907776e-01 -4.654857e-01  3.315599e+00  0.000000e+00  0.000000e+00  4.192529e-01 -1.223862e-01  1.438200e-01  1.635778e-03
3  3.805147e-01 -4.355347e-01  1.531190e+00  7.431286e-01  1.153076e-01  1.064980e+01 6 1 -1.000000e+00
 4.062156e-01 -1.167477e+00  1.648295e+00  0.000000e+00  0.000000e+00  1.925201e-01  5.042169e-02  2.068664e-01  9.104873e-03
-2.337060e-03  2.330065e-03  4.863731e-05  1.220192e+02  1.000000e+00  1.482426e+02 -7.744808e+00  3.255845e+01  1.473273e+02
-2.533290e-01  2.143858e-01 -1.900608e-01  1.008710e+02  5.000000e-01  7.697435e-01 -4.813223e-01  2.254511e+00  3.910077e-01
3  2.899184e-02  3.133858e-01  8.448027e-01  2.993914e-01  1.608818e-01  1.193940e+01 6 1 -1.000000e+00
-2.737103e-03  6.907507e-01  1.505849e+00  0.000000e+00  0.000000e+00  1.820668e-01  3.479438e-02 -6.104914e-02  7.684308e-03
-9.739682e-03 -1.540231e-01 -2.422637e-01  3.822427e+01  5.000000e-01  7.339203e-01  1.999133e+00 -4.494447e-01  4.222214e-01
 2.456117e-05 -2.269176e-03  7.951385e-05  4.365023e+01  1.000000e+00  1.176303e+02  3.074267e+01  9.005406e+00  1.169127e+02
1 -2.050785e-01 -5.390597e+00  0.000000e+00  2.595846e+00  0.000000e+00  8.874400e+00 0 2 -1.000000e+00
 2.591750e+00 -7.593895e+00  4.655171e+00  0.000000e+00  0.000000e+00  3.825513e-01  4.035941e-01  5.949639e-02  2.886200e-04
3 -6.792964e-02 -1.017713e+00  1.715371e+00  6.539504e-01  2.865517e-01  1.643710e+01 6 1  2.847492e-01
-1.322128e+00 -5.382265e-01  1.652641e+00  0.000000e+00  0.000000e+00  1.910072e-01 -2.100344e-01  7.254442e-02  2.254166e-03
 3.304436e-01 -7.833311e-02 -4.735670e-01  1.180646e+02  5.000000e-01  8.338126e-01 -1.235046e+00  7.835262e-01  1.606833e-01
 3.715704e-03 -4.255876e-04  9.577270e-05  1.333474e+02  1.000000e+00  1.052785e+02 -1.632660e+01  1.288643e+01  1.020197e+02
1 -9.416184e-02 -1.814682e+00  0.000000e+00  3.012414e+00  0.000000e+00  7.982180e+00 0 2  2.769323e-01
-3.576869e+00 -4.850975e+00  4.210312e+00  0.000000e+00  0.000000e+00  3.192387e-01  4.281320e-02 -4.733824e-01  4.627108e-04
1 -3.717378e-02 -3.604283e-02  0.000000e+00  1.246199e-02  0.000000e+00  1.747030e+01 0 2  2.789300e-01
 4.008446e-02 -9.812149e-03  3.632895e+00  0.000000e+00  0.000000e+00  4.195164e-01 -1.213343e-01  2.167409e-01  1.470139e-03
3 -3.125400e-02 -8.030857e-02  2.852632e-01  1.328575e-01  7.213066e-02  1.515430e+01 6 2 -1.000000e+00
-2.323288e-02 -2.209515e-01  5.361598e+00  0.000000e+00  0.000000e+00  4.207184e-01  3.428834e-01 -1.774448e-01  2.664713e-02
 2.230108e-02  6.065420e-02 -3.867356e-01  7.589324e+00  5.000000e-01  1.151882e+00  1.151823e+00 -1.132306e+00  5.072472e-01
 8.657134e-04  2.728197e-03  1.734907e-03  8.356206e+00  1.000000e+00  2.684946e+01  8.323327e+00 -4.745208e+00  2.554934e+01
3  2.149998e-02 -1.874820e-01  1.318838e+00  6.240644e-01  6.604845e-01  1.756280e+01 6 1 -1.000000e+00
-2.422272e-01 -9.563642e-01  2.191642e+00  0.000000e+00  0.000000e+00  3.099947e-01  1.407990e-01  2.006603e-03  3.797554e-02
-2.374265e-01  3.624647e-01 -1.447545e+00  3.275217e+01  5.000000e-01  6.439229e-01  1.555831e-01  8.907353e-01  1.890101e-01
-1.575095e-04  7.153014e-03  2.198425e-03  4.363350e+01  1.000000e+00  2.279236e+01  4.287452e+00 -1.286018e+00  2.166378e+01
3  5.426696e-01 -1.319404e+00  1.147221e+00  4.876888e-01  2.582032e-01  1.776440e+01 6 1  2.911093e-01
 7.818691e-01 -2.912696e-01  2.983634e+00  0.000000e+00  0.000000e+00  3.163473e-01 -1.580660e-01  3.274666e-01  2.912311e-03
-2.253667e-01  2.579038e-01 -7.703837e-01  3.778339e+01  5.000000e-01  7.231999e-01  1.068354e-01  1.167587e+00  1.209614e-01
-7.498500e-04  1.077281e-03  1.912982e-05  5.204489e+01  1.000000e+00  2.643546e+02  7.809997e+01  1.047933e+02  2.606626e+02
3  1.537637e-01 -6.161277e-01  2.059820e+00  5.945824e-01  1.278941e-01  1.171740e+01 6 1 -1.000000e+00
 3.950435e-01 -1.693641e+00  2.129922e+00  0.000000e+00  0.000000e+00  3.144673e-01 -5.867608e-03  2.048774e-02  1.174891e-03
-4.808091e-02  3.179499e-01 -2.724043e-01  2.284189e+02  5.000000e-01  8.179161e-01  1.762727e+00  7.726327e-01  1.698432e-01
 4.688512e-05  1.344660e-03  5.522491e-06  2.686736e+02  1.000000e+00  4.588218e+02  1.389673e+02 -9.597475e+01  4.570493e+02
3  9.777372e-02 -1.784510e-01  6.958807e-01  3.025355e-01  4.316292e-01  1.545650e+01 6 1 -1.000000e+00
 2.696863e-01 -4.604287e-01  1.503840e+00  0.000000e+00  0.000000e+00  1.841358e-01  2.529683e-02 -5.487719e-03  6.193312e-03
-8.858741e-02  1.361364e-01 -6.491013e-01  2.732827e+01  5.000000e-01  4.591633e-01  6.519489e-01  1.186616e+00  1.787995e-01
-4.734971e-04  5.994864e-04  1.977291e-05  3.550460e+01  1.000000e+00  2.332667e+02 -1.734055e+01  5.543344e+01  2.325149e+02
1  8.999416e-02 -3.134836e-01  0.000000e+00  8.690364e-02  0.000000e+00  1.745850e+01 0 2  2.704235e-01
 2.066208e-01  1.477600e-01  3.015083e+00  0.000000e+00  0.000000e+00  4.185812e-01 -7.985816e-02 -2.152448e-03  8.818822e-04
1  4.284274e+00  5.701211e-01  0.000000e+00  1.077673e+01  0.000000e+00  1.799810e+01 0 2 -1.000000e+00
 1.523758e+01 -1.386262e+00  4.232540e+00  0.000000e+00  0.000000e+00  4.450507e-01 -2.662766e-01 -2.829813e-02  5.302389e-04
3 -5.508381e-01 -2.765980e-02  1.763083e+00  1.009616e+00  1.107691e-01  1.632500e+01 6 1 -1.000000e+00
-1.261956e+00 -5.048682e-01  2.761348e+00  0.000000e+00  0.000000e+00  3.105000e-01 -2.926967e-01 -1.661230e-01  9.543747e-03
 4.397333e-01 -4.365923e-02 -3.058721e-01  1.148836e+02  5.000000e-01  9.676826e-01 -1.785955e+00  2.841683e-01  3.886630e-01
 5.107581e-03 -5.664677e-04  9.224760e-05  1.403335e+02  1.000000e+00  1.151004e+02 -4.204187e+01  2.027312e+01  1.134334e+02
1 -1.360532e-01  3.579610e+00  0.000000e+00  1.081887e+00  0.000000e+00  1.066520e+01 0 2  2.840044e-01
 1.010773e+00  1.982540e+00  3.802705e+00  0.000000e+00  0.000000e+00  3.044277e-01  3.878563e-01 -2.653631e-01  4.062774e-03
3  3.585618e-01  2.717328e-01  4.690433e-01  2.090851e-01  1.580735e-01  1.064360e+01 6 1  2.690570e-01
-2.307790e-02 -8.118841e-02 -4.375350e-01  3.441237e+01  5.000000e-01  1.303346e+00  1.410575e+00 -6.227589e-01  4.098909e-01
 7.089418e-02  3.783449e-01  2.767921e+00  0.000000e+00  0.000000e+00  3.482120e-01  2.411989e-01 -7.327231e-02  6.658328e-03
-1.499857e-03 -3.799337e-03  1.217535e-03  3.638691e+01  1.000000e+00  3.398161e+01  9.705723e+00 -1.312456e+01  3.178389e+01
3  9.061235e-01 -8.792515e-01  1.378461e+00  7.162553e-01  1.662150e-01  1.368670e+01 6 3  2.947826e-01
-2.364895e-01 -1.042832e-01 -6.377794e-01  6.417754e+01  5.000000e-01  1.596338e+00 -9.995472e-01 -9.614911e-01  2.195567e-01
 8.345314e-01  7.635127e-01  3.837076e+00  0.000000e+00  0.000000e+00  3.764830e-01 -2.048030e-01 -2.936224e-01  4.504956e-03
-3.558902e-02 -1.419531e-02  2.417470e-02  6.551610e+01  1.000000e+00  8.817369e+00 -2.941453e+00 -3.330700e+00  4.855468e+00
4 -6.534132e-01 -6.441348e-01  1.176715e+01  4.076749e+00  1.000000e+00  1.464560e+01 6 3 -1.000000e+00
 1.178300e+00 -6.505834e+00  2.670911e+00  0.000000e+00  0.000000e+00  3.709772e-01  5.642046e-02 -1.344704e-01  3.705065e-05
-3.566820e+00 -6.703599e-02 -3.317482e+00  2.389186e+03  5.000000e-01  7.444501e-01 -5.619460e-01 -2.257341e-01  2.439490e-04
-3.358202e+00  4.351698e+00  3.984418e+00  1.830102e+03  0.000000e+00  4.836096e-01 -1.070311e-01  6.500545e-02  4.927161e-05
 8.122107e-01  5.044763e-01 -2.096583e+00  4.015856e+03  5.000000e-01  1.589956e+00 -5.355642e-01 -7.336116e-01  1.750272e-02
3  5.264341e-01  3.727322e-01  2.262303e+00  1.306154e+00  1.744491e-01  1.611520e+01 6 3 -1.000000e+00
 1.734746e+00  4.324033e-01  3.593128e+00  0.000000e+00  0.000000e+00  3.472089e-01 -2.913233e-01 -2.509142e-01  1.331263e-01
-4.075679e-01 -2.945804e-01 -6.268181e-01  2.408890e+01  5.000000e-01  1.617974e+00 -3.553338e-01 -1.360511e+00  1.296450e+00
-1.090270e-01 -7.461946e-02  8.339075e-02  2.450368e+01  1.000000e+00  5.317632e+00 -9.141751e-01 -2.411327e+00  4.882715e+00
3 -1.981762e-01 -4.642709e-01  2.137262e+00  1.121269e+00  5.283786e-01  8.436210e+00 6 1 -1.000000e+00
-7.320405e-01 -1.388370e+00  2.732851e+00  0.000000e+00  0.000000e+00  3.107658e-01  2.130442e-01 -2.524633e-01  7.837315e-02
 2.167037e-01  5.267733e-01 -1.443980e+00  4.031862e+01  5.000000e-01  9.215376e-01  6.293118e-01 -5.501394e-01  5.703495e-01
 3.030805e-02  6.567712e-02  4.788349e-02  4.270848e+01  1.000000e+00  5.829657e+00  9.652472e-01 -1.228766e+00  5.233774e+00
3  1.043946e+00 -1.098135e-01  1.983050e+00  9.096143e-01  1.645635e-02  1.632360e+01 6 2 -1.000000e+00
 1.656489e+00 -3.025456e-01  4.391073e+00  0.000000e+00  0.000000e+00  3.336813e-01 -4.463751e-01  1.303656e-01  3.753999e-03
-2.943141e-01  5.362057e-02 -7.226105e-02  1.891015e+02  5.000000e-01  1.206248e+00 -3.640668e+00  7.916991e-01  4.680594e-01
-3.007626e-03  1.128040e-03  1.274951e-05  2.126496e+02  1.000000e+00  3.025454e+02 -4.339876e+01  1.030137e+02  3.006851e+02
3 -4.336992e-01 -1.157586e-01  1.429730e+00  7.717020e-01  1.077760e-01  1.079060e+01 6 1 -1.000000e+00
-1.076922e+00  4.251222e-01  2.394368e+00  0.000000e+00  0.000000e+00  2.920062e-01 -2.812497e-01 -6.713478e-02  1.799920e-02
 3.132577e-01  9.116230e-02 -2.580553e-01  1.021550e+02  5.000000e-01  9.196824e-01 -1.492765e+00 -1.285785e+00  4.369549e-01
 5.767782e-03  9.963403e-04  2.201499e-04  1.207084e+02  1.000000e+00  7.268860e+01 -2.404535e+01 -4.326294e+00  7.127636e+01
1 -1.054355e+00 -2.195883e+00  0.000000e+00  1.464699e+00  0.000000e+00  7.186920e+00 0 2 -1.000000e+00
-1.752739e+00 -2.930612e+00  4.069211e+00  0.000000e+00  0.000000e+00  3.345861e-01  2.910210e-01 -3.351635e-01  7.581475e-04
4 -2.039149e+00 -1.612744e+00  2.200344e+00  8.578231e-01  1.000000e+00  1.553900e+01 6 3  2.823789e-01
-2.418127e-01 -4.727216e-01 -9.413084e-01  7.126154e+01  5.000000e-01  8.984174e-01  6.495911e-01 -8.066607e-01  5.870780e-02
 1.177368e+00  4.683061e-02  4.082166e+00  0.000000e+00  0.000000e+00  4.643273e-01 -1.768394e-01 -1.034655e-01  2.006776e-03
-9.186410e-01  7.163530e-01  6.616152e+00  1.700966e+01  0.000000e+00  5.536386e-01  1.559594e-01  1.541749e-01  1.472793e-03
 2.301224e-02  8.832019e-01 -4.835069e+00  2.383703e+01  5.000000e-01  6.398433e-01  5.688604e-01 -1.137233e-01  8.068047e-03
3  6.716420e-02  1.515256e-01  1.327723e+00  6.531196e-01  7.664181e-01  1.271630e+01 6 3 -1.000000e+00
-1.443162e-02 -5.138743e-01 -2.429756e+00  5.723184e+01  5.000000e-01  5.409928e-01  7.887989e-01  6.923969e-03  6.397990e-02
 5.748094e-01  6.759333e-01  3.170274e+00  0.000000e+00  0.000000e+00  3.678618e-01  1.244589e-01 -2.620660e-01  9.143345e-03
-1.786952e-04 -5.709621e-04  1.722107e-05  1.138306e+02  1.000000e+00  2.454615e+02  4.114556e+01  2.632997e-01  2.433558e+02
3  2.778326e-01 -3.362259e-01  1.742543e+00  6.297700e-01  3.461329e-01  9.303060e+00 6 1 -1.000000e+00
 1.038659e+00 -1.000603e+00  2.055519e+00  0.000000e+00  0.000000e+00  3.021919e-01  1.549848e-02  1.417069e-02  8.539366e-04
-1.659720e-01  2.584929e-01 -7.114829e-01  3.008776e+02  5.000000e-01  8.071060e-01  5.919183e-01  1.045158e+00  7.420283e-02
-6.638179e-04  8.408153e-04  1.228618e-05  3.524931e+02  1.000000e+00  2.864437e+02  7.506161e+00  5.428201e+00  2.839971e+02
3  1.046675e-02 -2.042539e-01  5.137601e-01  2.354872e-01  1.727778e-01  6.514170e+00 6 1 -1.000000e+00
-6.434895e-02 -4.374912e-01  1.699787e+00  0.000000e+00  0.000000e+00  2.163857e-01  1.507988e-01  5.479223e-02  8.986296e-03
 3.425446e-03  7.177895e-02 -2.936856e-01  5.872860e+01  5.000000e-01  1.172471e+00  1.833277e+00  2.717409e-01  7.145093e-01
 1.582141e-03  8.559245e-03  5.891629e-03  6.014679e+01  1.000000e+00  1.496747e+01  3.825615e+00 -3.274530e+00  1.421543e+01
3  1.181019e+00  1.242412e-01  1.844904e+00  7.678192e-01  5.515282e-01  1.403480e+01 6 1  2.950756e-01
 3.001485e-01 -3.273683e-01 -2.509326e+00  1.083075e+02  5.000000e-01  6.166102e-01  1.304592e-02  7.384653e-01  5.595632e-02
-8.548943e-01  1.111223e+00  1.383964e+00  0.000000e+00  0.000000e+00  1.406573e-01  5.385184e-02  1.140512e-01  2.389155e-03
 3.319846e-03 -5.829798e-03  4.304522e-04  1.221842e+02  1.000000e+00  5.010166e+01  8.452787e+00  4.047858e+00  4.558583e+01
1 -1.014637e+01  1.335192e+00  0.000000e+00  3.809646e+00  0.000000e+00  1.844100e+01 0 2  2.679521e-01
-9.285989e+00  1.122140e+00  3.402908e+00  0.000000e+00  0.000000e+00  4.105462e-01 -1.796280e-01  1.460250e-01  1.651169e-05
3 -6.806485e-01  5.966634e-01  2.098839e+00  1.133547e+00  2.304289e-02  1.777680e+01 6 2 -1.000000e+00
-1.672513e+00  5.824102e-01  4.755011e+00  0.000000e+00  0.000000e+00  3.956550e-01 -1.814539e-01  3.492891e-01  3.701976e-03
 2.635472e-01 -2.280195e-01 -1.095692e-01  4.669326e+02  5.000000e-01  1.119310e+00 -2.490607e-01  3.013114e+00  2.864468e-01
 1.549895e-03 -1.098350e-03  6.633476e-06  5.496231e+02  1.000000e+00  3.982068e+02 -5.559554e+01  6.270457e+01  3.959709e+02
3  3.139547e-02 -7.245305e-01  8.530686e-01  3.660145e-01  1.508351e-01  1.437270e+01 6 1  2.705560e-01
 3.150755e-01 -6.735546e-01  1.906051e+00  0.000000e+00  0.000000e+00  2.654113e-01  1.167148e-01  3.678658e-02  3.919862e-03
-7.650061e-03  1.161126e-01 -2.874994e-01  1.053499e+02  5.000000e-01  1.319641e+00  1.883774e+00  1.784198e-01  5.336937e-01
-9.356186e-04  7.786889e-03  1.907420e-03  1.089256e+02  1.000000e+00  2.505941e+01  7.375668e+00  4.317100e-01  2.344525e+01
1  3.136696e+00  2.987300e+00  0.000000e+00  1.003951e+00  0.000000e+00  9.884990e+00 0 2  2.991425e-01
 1.877333e+00 -1.938739e+00  3.295454e+00  0.000000e+00  0.000000e+00  3.925776e-01 -6.217411e-02  2.482902e-01  4.223491e-04
3 -4.737832e-01  1.168954e-01  1.392176e+00  6.015110e-01  1.025473e-01  1.594530e+01 6 1 -1.000000e+00
-8.836930e-01  7.686649e-01  2.268878e+00  0.000000e+00  0.000000e+00  2.865508e-01 -2.152415e-01  1.481028e-01  4.349333e-03
 2.535620e-01 -3.433327e-02 -2.326673e-01  1.638067e+02  5.000000e-01  9.513385e-01 -2.024883e+00  4.474361e-01  2.724660e-01
 3.340796e-03 -7.079551e-04  9.614881e-05  1.857837e+02  1.000000e+00  1.040632e+02 -1.450426e+01  3.332178e+00  1.021489e+02
2  1.465314e+00  2.779872e+00  1.649208e+00  7.728292e-01  9.501786e-02  1.458890e+01 6 2  2.819218e-01
-4.242639e-01 -3.062556e-01 -6.345009e-01  1.033159e+02  5.000000e-01  8.156672e-01 -5.101821e-01 -1.161781e+00  4.227346e-02
 4.175212e-01  1.111942e+00  6.677702e+00  0.000000e+00  0.000000e+00  4.221148e-01  2.162882e-01 -3.707002e-01  9.781768e-03
3 -3.041603e-01  4.752454e-01  1.367177e+00  1.079718e+00  5.791265e-02  1.692710e+01 6 2 -1.000000e+00
-5.855712e-01  8.819810e-01  3.934337e+00  0.000000e+00  0.000000e+00  2.976457e-01  2.243030e-01  4.345311e-01  4.134095e-03
 1.986682e-01 -2.379031e-01 -2.278479e-01  1.767560e+02  5.000000e-01  6.569881e-01  7.887559e-01  1.970892e+00  1.536250e-01
 2.065977e-03 -1.356986e-03  3.145601e-05  2.172906e+02  1.000000e+00  1.974533e+02 -7.708253e+01  2.935586e+01  1.960864e+02
1  1.437385e-02  4.283977e-02  0.000000e+00  2.214975e-02  0.000000e+00  1.319760e+01 0 2 -1.000000e+00
 2.809613e-02  7.543239e-02  3.763925e+00  0.000000e+00  0.000000e+00  4.200195e-01  2.176864e-01 -1.526760e-01  4.186209e-02
1  5.889714e-02 -1.186285e-02  0.000000e+00  4.571733e-02  0.000000e+00  1.642890e+01 0 2 -1.000000e+00
 9.848551e-02  1.200152e-03  3.521779e+00  0.000000e+00  0.000000e+00  3.544198e-01 -3.461110e-01  1.141648e-01  3.934152e-02
3 -3.144866e-01  4.999260e-02  1.142057e+00  5.738154e-01  2.322913e-01  1.553400e+01 6 1 -1.000000e+00
 2.959779e-01 -3.413598e-02 -6.383866e-01  2.216640e+01  5.000000e-01  8.626822e-01 -1.206637e+00  3.596287e-01  3.589530e-01
-8.359716e-01  1.174689e-01  2.748216e+00  0.000000e+00  0.000000e+00  3.015749e-01 -3.327443e-01  1.149189e-01  2.739684e-02
 1.037503e-02 -8.099383e-04  1.837491e-03  2.529588e+01  1.000000e+00  2.537844e+01 -7.075138e+00 -1.739909e-01  2.404827e+01
3 -4.693246e-01 -1.721472e-01  2.298453e+00  1.151607e+00  3.478576e-01  1.066270e+01 6 3 -1.000000e+00
-1.732298e+00 -5.186228e-01  3.189877e+00  0.000000e+00  0.000000e+00  4.165768e-01 -1.190199e-01 -1.128056e-01  1.312314e-02
 4.645880e-01  1.570813e-01 -1.109623e+00  1.097306e+02  5.000000e-01  1.110010e+00 -7.264694e-01 -6.209280e-01  3.185178e-01
 3.116818e-02  9.608393e-03  7.689789e-03  1.164361e+02  1.000000e+00  1.354087e+01 -4.487360e+00 -2.663559e+00  1.187697e+01
3  3.495938e-01  3.622952e-01  1.256437e+00  4.105456e-01  1.196417e-01  1.545600e+01 6 1 -1.000000e+00
 7.142799e-01  8.496646e-01  1.455379e+00  0.000000e+00  0.000000e+00  1.708395e-01 -1.817314e-02 -8.391355e-03  2.989317e-03
-9.932806e-02 -1.077668e-01 -1.741240e-01  9.107976e+01  5.000000e-01  1.170722e+00 -3.830691e-02 -2.402231e+00  6.280406e-01
-4.727979e-03 -6.034080e-03  6.023739e-04  9.445737e+01  1.000000e+00  4.318454e+01  5.232305e+00 -9.594769e+00  4.202982e+01
1  1.211086e+01  2.528241e+00  0.000000e+00  5.696357e+00  0.000000e+00  1.746500e+01 0 2 -1.000000e+00
 1.640090e+01  7.401226e-01  3.825231e+00  0.000000e+00  0.000000e+00  3.600182e-01 -3.594661e-01 -1.376181e-01  4.122031e-05
1 -8.592397e-01  1.124880e+00  0.000000e+00  3.472063e-01  0.000000e+00  1.368870e+01 0 2  2.947131e-01
-2.379025e-01  9.239269e-01  3.810373e+00  0.000000e+00  0.000000e+00  4.252577e-01  1.496260e-01  2.133057e-01  4.525916e-04
3  5.801054e-02  4.641056e-01  1.194159e+00  8.582471e-01  1.079412e-01  1.776440e+01 6 1 -1.000000e+00
 3.974677e-01  8.771701e-01  2.564767e+00  0.000000e+00  0.000000e+00  2.725584e-01  3.480829e-01 -1.345758e-01  3.864000e-03
-2.361868e-02 -2.402837e-01 -2.768441e-01  1.098626e+02  5.000000e-01  6.999349e-01  1.909959e+00 -2.328864e-01  1.472735e-01
-6.852565e-04 -2.780511e-03  1.239648e-04  1.269589e+02  1.000000e+00  9.206928e+01 -1.408180e+01 -5.339548e+00  9.051465e+01
2  1.799502e-01 -1.458042e+00  1.489874e+00  7.536284e-01  1.189349e-01  1.386840e+01 6 1  2.759394e-01
-7.234527e-01 -1.024943e+00  2.294841e+00  0.000000e+00  0.000000e+00  2.876396e-01  2.491983e-01 -9.796615e-02  1.477092e-03
 1.080111e-02  2.714344e-01 -2.729366e-01  1.638240e+02  5.000000e-01  9.450559e-01  1.914888e+00  8.742985e-03  9.758291e-02
3 -4.684586e-01  9.809566e-01  2.888155e+00  1.343660e+00  6.609219e-02  8.554920e+00 6 2 -1.000000e+00
-5.465064e-01  2.457380e+00  4.471657e+00  0.000000e+00  0.000000e+00  4.129847e-01  2.758066e-01  2.118653e-01  3.573020e-02
 1.784052e-01 -3.383200e-01 -2.955416e-01  1.649707e+02  5.000000e-01  2.758107e+00  1.456789e+00  2.086223e+00  2.057743e+00
 7.204526e-02 -1.361984e-01  6.198766e-02  1.654719e+02  1.000000e+00  6.999268e+00  2.476780e+00  3.704663e+00  6.135091e+00
3 -6.121317e-01 -5.479053e-01  2.406459e+00  8.500754e-01  1.074397e-01  1.846890e+01 6 1 -1.000000e+00
-1.967113e+00 -6.971531e-01  1.870784e+00  0.000000e+00  0.000000e+00  2.578240e-01  6.112682e-02 -1.120417e-01  5.188844e-03
 9.458178e-03  1.041970e-02  5.355803e-04  1.726051e+02  1.000000e+00  4.659142e+01  4.465438e+00 -1.383848e+01  4.554505e+01
 2.272963e-01  2.905789e-01 -2.009965e-01  1.616699e+02  5.000000e-01  1.178277e+00  6.420299e-01 -2.143547e+00  6.374899e-01
3 -1.639330e-01  6.171608e-02  6.349380e-01  2.863433e-01  3.534827e-01  8.411970e+00 6 1 -1.000000e+00
 1.215765e-01 -4.041632e-02 -9.164408e-01  1.175696e+01  5.000000e-01  1.165873e+00 -8.878010e-01  5.748924e-01  6.023935e-01
-4.374272e-01  2.606836e-01  2.592604e+00  0.000000e+00  0.000000e+00  3.373296e-01 -1.645596e-01  1.622948e-01  3.200377e-02
 2.101914e-02 -7.990615e-03  4.993172e-02  1.205445e+01  1.000000e+00  5.836670e+00 -1.389321e+00  1.198254e+00  4.923170e+00
3 -4.075822e+00  4.002463e-01  4.518718e+00  2.098316e+00  2.597876e-03  9.879300e+00 6 2  2.800933e-01
 4.339825e+00 -7.260579e-01  3.471632e+00  0.000000e+00  0.000000e+00  3.433636e-01 -3.042422e-01  2.248534e-01  8.148782e-04
-1.154551e-01  2.845915e-02 -9.018869e-03  1.112872e+03  5.000000e-01  1.047498e+01 -1.263794e+01  6.398155e+00  8.454408e+00
-3.792939e-02  9.637667e-03  1.013986e-03  1.113802e+03  1.000000e+00  4.379310e+01 -2.569123e+01  1.360158e+01  4.118832e+01
1 -3.434730e-01  2.610070e-01  0.000000e+00  7.585517e-02  0.000000e+00  1.856080e+01 0 2  2.918216e-01
 9.807559e-02  1.237620e-01  3.406314e+00  0.000000e+00  0.000000e+00  4.294450e-01 -8.895378e-03 -1.785538e-01  1.195816e-03
3  2.822086e-01  1.303060e-01  1.841706e+00  8.470146e-01  8.140210e-01  1.714100e+01 6 1 -1.000000e+00
 1.041365e+00  5.872004e-01  2.205293e+00  0.000000e+00  0.000000e+00  2.658815e-01 -1.842080e-01 -2.270307e-01  6.971100e-02
-5.942904e-01 -2.592721e-01 -1.795155e+00  2.433436e+01  5.000000e-01  5.439444e-01 -6.542108e-01 -5.805600e-01  2.993658e-01
-6.722457e-03 -3.458850e-03  6.581756e-04  3.580557e+01  1.000000e+00  4.212435e+01 -6.654397e+00 -1.129513e+01  4.150413e+01
3 -4.804205e-01  9.854273e-02  3.582659e+00  1.366301e+00  8.362787e-01  1.672630e+01 6 1 -1.000000e+00
 8.554923e-01 -7.146688e-01 -2.394183e+00  2.087067e+02  5.000000e-01  7.249067e-01 -5.810439e-05  7.023925e-01  2.483834e-02
-2.655347e+00 -9.104045e-04  2.862901e+00  0.000000e+00  0.000000e+00  3.984040e-01 -1.103522e-01  2.107533e-02  1.073372e-03
 6.315672e-04 -2.493483e-04  3.207542e-06  3.260776e+02  1.000000e+00  5.676208e+02  4.760053e+01  8.383334e+01  5.644312e+02
3  1.952045e-01  1.466850e-01  1.125489e+00  5.667146e-01  5.639522e-01  1.387540e+01 6 1 -1.000000e+00
-2.427828e-01 -2.687634e-01 -1.038440e+00  4.031738e+01  5.000000e-01  3.970584e-01  3.089598e-01 -1.109534e+00  9.984887e-02
 7.354274e-01  2.878607e-01  1.841361e+00  0.000000e+00  0.000000e+00  2.166058e-01 -9.938730e-02 -2.464793e-01  1.639609e-02
-1.047567e-03 -5.545990e-04  3.788182e-05  6.359198e+01  1.000000e+00  1.659696e+02 -2.854946e+01 -1.417949e+00  1.649433e+02
1  7.849625e-01  2.661452e-01  0.000000e+00  1.989494e-01  0.000000e+00  1.078570e+01 0 2  2.907586e-01
 5.630010e-01  2.644697e-01  3.047570e+00  0.000000e+00  0.000000e+00  3.438848e-01 -1.973752e-01 -2.517936e-01  1.914778e-03
5  3.329365e-02  3.399801e-01  1.812484e-01  9.122056e-02  1.000000e+00  9.531390e+00 6 3  2.925693e-01
-2.699581e-02 -8.913280e-02  1.708543e+01  0.000000e+00  0.000000e+00  6.803468e-01  1.619706e-01 -1.319633e-01  6.051733e-03
 7.639776e-02 -4.003275e-02 -1.513172e+01  7.309549e-02  5.000000e-01  8.264884e-01 -1.223733e-01  2.849867e-01  1.848033e-02
 1.008120e-01  3.938230e-02  1.563705e+01  3.654658e-02  0.000000e+00  7.343453e-01 -7.853924e-02 -2.129249e-02  5.035494e-03
-5.561147e-03  7.518843e-02 -1.222832e+01  1.347398e-01  5.000000e-01  8.686099e-01  3.144953e-01 -1.155293e-02  1.226007e-02
-2.403084e-05  1.567312e-03  2.325349e-01  2.484931e-01  1.000000e+00  3.095686e+00  1.854158e-01  2.389383e-01  5.895565e-01
3 -6.058226e-03  5.893965e-01  1.601083e+00  6.396964e-01  4.770093e-02  7.472530e+00 6 2 -1.000000e+00
 3.309056e-01  1.229343e+00  3.851887e+00  0.000000e+00  0.000000e+00  3.706667e-01  3.594981e-01 -8.490337e-02  5.232489e-03
 3.013403e-02 -3.432354e-01 -1.837386e-01  1.758540e+02  5.000000e-01  9.950111e-01  2.315189e+00  2.871215e-01  3.585902e-01
 2.701151e-04 -1.773625e-03  8.556633e-06  2.201642e+02  1.000000e+00  3.762755e+02  1.358630e+02  7.419266e+01  3.745002e+02
1  5.024352e+00 -4.108288e+00  0.000000e+00  3.230058e+00  0.000000e+00  1.133750e+01 0 2 -1.000000e+00
 4.455872e+00 -7.664488e+00  3.220823e+00  0.000000e+00  0.000000e+00  3.249461e-01  2.800634e-02  3.800444e-01  8.644412e-05
3  2.312666e-01 -2.744177e-01  7.283104e-01  2.974111e-01  1.694130e-02  1.410630e+01 6 2 -1.000000e+00
 3.324291e-01 -5.267621e-01  4.048517e+00  0.000000e+00  0.000000e+00  3.560926e-01  9.633182e-02  3.979106e-01  1.018681e-02
-1.482090e-03  1.992638e-03  5.165969e-05  1.228743e+02  1.000000e+00  1.588859e+02  2.586686e+01  7.001019e+01  1.572169e+02
-6.574662e-02  8.306748e-02 -6.858713e-02  1.133378e+02  5.000000e-01  1.864006e+00  7.188007e-01  3.848354e+00  1.109496e+00
1 -3.149391e+00  1.052112e+00  0.000000e+00  2.181894e+00  0.000000e+00  9.884990e+00 0 2 -1.000000e+00
-4.002894e+00  2.285245e+00  3.203653e+00  0.000000e+00  0.000000e+00  3.419035e-01 -2.430237e-01  2.487705e-01  4.172656e-03
1  5.380146e+00 -1.515802e+00  0.000000e+00  3.675193e+00  0.000000e+00  6.161730e+00 0 2  2.765580e-01
 4.429600e+00 -6.034486e+00  3.239878e+00  0.000000e+00  0.000000e+00  3.513135e-01  1.163573e-01  3.140088e-01  2.505446e-04
3  8.092766e-02  2.519713e-01  1.163957e+00  5.225552e-01  1.844610e-01  1.208530e+01 6 1 -1.000000e+00
-3.888534e-02 -4.169155e-01 -4.219528e-01  6.973392e+01  5.000000e-01  5.079375e-01  1.574016e+00 -3.667873e-01  1.276193e-01
 7.388756e-01  4.490430e-01  2.287490e+00  0.000000e+00  0.000000e+00  2.423427e-01  2.239767e-02 -3.693002e-01  5.948482e-03
-3.542372e-05 -3.888017e-04  2.297722e-06  1.341644e+02  1.000000e+00  6.943093e+02  1.985102e+02  7.783239e+01  6.929206e+02
1 -3.183000e-01 -1.582321e-01  0.000000e+00  1.583471e-01  0.000000e+00  1.024970e+01 0 2  2.777988e-01
 1.612793e-01 -2.871074e-01  3.288278e+00  0.000000e+00  0.000000e+00  4.282868e-01 -1.312617e-01  7.426849e-02  1.547355e-04
3  1.149649e+00  1.485756e+00  6.590993e+00  2.895486e+00  1.043389e-01  1.326530e+01 6 3 -1.000000e+00
 4.882913e+00  3.091075e+00  3.591906e+00  0.000000e+00  0.000000e+00  4.209978e-01  1.010324e-02 -2.381969e-01  6.746587e-04
-4.503296e-01 -7.816127e-01 -3.747754e-01  1.002579e+03  5.000000e-01  1.182481e+00  8.376602e-01 -1.414174e+00  1.421548e-01
-6.063179e-03 -1.062874e-02  1.104366e-04  1.073099e+03  1.000000e+00  9.713041e+01  1.364079e+01  1.383027e-01  9.461407e+01
1 -2.846538e+00 -1.135268e+00  0.000000e+00  7.773542e-01  0.000000e+00  1.092240e+01 0 2  3.039902e-01
-4.063473e-01 -2.235983e+00  3.055598e+00  0.000000e+00  0.000000e+00  4.246389e-01 -5.292743e-02  3.115922e-02  7.473281e-04
1 -1.904720e-01 -2.006938e-02  0.000000e+00  1.547017e-01  0.000000e+00  1.745920e+01 0 2 -1.000000e+00
-3.335738e-01 -6.941155e-02  4.158888e+00  0.000000e+00  0.000000e+00  3.817639e-01 -3.568677e-01 -1.200518e-01  3.928844e-03
5 -1.523907e+00 -3.508962e-01  2.508622e+00  1.014248e+00  1.000000e+00  1.800500e+01 6 1  2.998236e-01
 2.195052e-02 -8.589281e-01 -1.347653e+00  1.469495e+01  5.000000e-01  6.522031e-01  9.194538e-01 -1.326579e-01  5.426209e-02
 1.109467e+00 -4.582938e-01  2.409985e+00  8.203211e+00  0.000000e+00  3.178835e-01 -1.611466e-01  1.561231e-01  6.640566e-02
-1.323937e+00  1.514027e-01  2.002424e+00  0.000000e+00  0.000000e+00  2.573339e-01 -2.146205e-01 -7.807890e-02  4.273012e-02
 1.819638e-01  6.865318e-01 -9.472800e-01  2.069530e+01  5.000000e-01  6.927389e-01  9.180109e-01 -5.543640e-01  7.698977e-02
 1.602039e-03  9.074900e-04  3.825514e-04  3.641833e+01  1.000000e+00  5.280507e+01 -8.109128e+00  1.994945e+00  4.966337e+01
3 -5.039052e-02 -2.290987e-01  1.175608e+00  5.550851e-01  4.165039e-01  1.632920e+01 6 1 -1.000000e+00
-2.206753e-01 -7.602108e-01  2.870251e+00  0.000000e+00  0.000000e+00  3.178512e-01  3.104427e-01 -1.433553e-01  2.589471e-02
 8.208282e-02  3.757432e-01 -1.195471e+00  2.742791e+01  5.000000e-01  5.969410e-01  9.216168e-01 -3.867424e-01  1.713075e-01
 6.419572e-04  2.866672e-03  2.262604e-04  3.938921e+01  1.000000e+00  6.870675e+01  1.150581e+01 -5.668719e+00  6.726580e+01
1 -4.386389e+00  1.638722e+00  0.000000e+00  1.211682e+00  0.000000e+00  1.078400e+01 0 2  2.880420e-01
-2.534270e+00 -6.495975e-01  3.463706e+00  0.000000e+00  0.000000e+00  2.395090e-01 -5.369370e-01  3.656747e-02  1.445245e-03
3 -8.598120e-02 -9.074812e-02  4.729889e-01  1.779646e-01  2.278045e-01  1.780260e+01 6 1 -1.000000e+00
-1.213988e-01 -3.107231e-01  2.574128e+00  0.000000e+00  0.000000e+00  2.394368e-01  1.203215e-01 -4.189250e-01  2.737719e-02
 9.861283e-02  1.079813e-01 -5.863979e-01  1.488442e+01  5.000000e-01  4.117320e-01 -1.778210e-01 -1.421185e+00  1.501752e-01
 4.636735e-04  9.149513e-04  1.216669e-04  2.155506e+01  1.000000e+00  9.556204e+01  2.670807e+01  3.082099e+00  9.491421e+01
5 -2.303502e-01  8.489854e-01  1.281583e+01  4.218524e+00  1.000000e+00  1.592500e+01 6 3 -1.000000e+00
-5.977397e+00 -1.642967e+00  3.946046e+00  4.101273e+02  0.000000e+00  4.773041e-01 -1.397602e-01  1.611800e-02  9.583430e-04
 8.606915e-01 -1.752966e+00 -1.031286e+00  1.358893e+03  5.000000e-01  1.282905e+00  5.738802e-01  8.487400e-01  2.763656e-02
-2.745928e+00  3.322438e+00 -3.000805e+00  7.360719e+02  5.000000e-01  8.561375e-01  1.536627e-01  5.747418e-01  2.898641e-03
 4.880908e+00  5.164581e+00  3.144409e+00  0.000000e+00  0.000000e+00  4.276336e-01  5.106035e-02 -8.349468e-02  6.332297e-04
 1.061703e-03 -3.752737e-03  2.693889e-05  1.620307e+03  1.000000e+00  1.967324e+02  2.839451e+01  1.959236e+01  1.922556e+02
3 -9.243259e-01  9.051978e-03  2.590142e+00  1.035889e+00  1.104960e-01  9.756380e+00 6 1 -1.000000e+00
-2.176651e+00  2.523600e-01  1.999177e+00  0.000000e+00  0.000000e+00  2.804573e-01 -1.315602e-01 -1.509031e-02  3.359483e-03
 5.826065e-03  3.461242e-04  6.250907e-05  3.040024e+02  1.000000e+00  1.324943e+02 -3.442657e+01 -1.038713e+01  1.308964e+02
 4.030599e-01  2.012993e-02 -2.209010e-01  2.753059e+02  5.000000e-01  1.015203e+00 -2.118168e+00 -2.012667e-01  3.794944e-01
3  8.392471e-01  6.061442e-01  1.640715e+00  8.423723e-01  1.164959e-02  1.745730e+01 6 2 -1.000000e+00
 1.226560e+00  7.628153e-01  3.025637e+00  0.000000e+00  0.000000e+00  2.745596e-01 -1.391742e-01 -4.199826e-01  2.871203e-03
-1.646074e-01 -1.070102e-01 -3.524742e-02  2.585608e+02  5.000000e-01  1.453720e+00 -1.786230e+00 -5.038463e+00  7.573929e-01
-1.832399e-03 -9.685002e-04  5.923665e-06  2.842725e+02  1.000000e+00  4.300533e+02 -9.972711e+01 -7.298498e+01  4.283235e+02
5 -4.875674e-01 -1.328243e+00  2.709138e+01  9.284947e+00  1.000000e+00  6.842410e+00 6 3 -1.000000e+00
-1.091185e+01 -1.114185e+01  2.839423e+00  0.000000e+00  0.000000e+00  4.001412e-01  2.239667e-02 -8.452655e-02  3.674442e-04
 6.305496e+00 -4.096293e+00 -3.007445e+00  2.565543e+03  5.000000e-01  9.503304e-01 -1.315848e-01  5.636140e-01  6.341607e-03
-2.247264e+00  4.638044e+00 -2.195635e+00  3.061602e+03  5.000000e-01  1.178565e+00  3.294085e-01  6.154873e-01  2.042792e-02
 9.888290e+00  6.216049e+00  4.546713e+00  1.976394e+03  0.000000e+00  5.201865e-01 -7.592456e-02 -6.721142e-02  8.242341e-04
 1.380414e-02  7.984941e-02  6.310730e-03  3.348271e+03  1.000000e+00  1.416645e+01  3.817583e+00  5.668166e-01  1.067590e+01
3 -1.171173e-02 -1.325687e-02  1.449515e-01  7.731174e-02  6.674614e-01  1.757390e+01 6 3 -1.000000e+00
-1.956479e-02 -1.122685e-01  3.281302e+00  0.000000e+00  0.000000e+00  4.285433e-01  1.258492e-01 -7.725097e-02  1.199740e-01
 3.574160e-02  2.171714e-02 -2.190143e+00  5.476683e-01  5.000000e-01  1.085232e+00 -4.436743e-01 -5.167290e-01  5.869723e-01
 4.396746e-03  4.334979e-03  1.932706e-01  5.783143e-01  1.000000e+00  3.505726e+00 -2.125005e-01 -1.029278e+00  2.768047e+00
1  1.044651e+00 -9.621218e-01  0.000000e+00  4.549132e-01  0.000000e+00  1.755670e+01 0 2  2.935078e-01
-6.046959e-01  3.774475e-01  5.031247e+00  0.000000e+00  0.000000e+00  4.765455e-01 -7.597536e-02  2.635801e-01  1.285194e-03
2 -2.240476e-01 -9.179535e-03  8.448279e-01  4.855261e-01  1.193218e-01  8.411970e+00 6 3 -1.000000e+00
 2.604278e-01  1.759591e-02 -4.352296e-01  4.438982e+01  5.000000e-01  5.686560e-01 -1.554305e+00 -2.604454e-01  1.590524e-01
-5.818338e-01  8.339475e-02  3.647527e+00  0.000000e+00  0.000000e+00  3.236697e-01 -4.251370e-01  5.022775e-02  1.571909e-02
1  2.777717e-01  3.495571e-02  0.000000e+00  1.436454e-01  0.000000e+00  7.243570e+00 0 2  2.745448e-01
-1.250362e-01  1.828588e-01  7.441143e+00  0.000000e+00  0.000000e+00  4.979774e-01  1.138515e-01  3.235375e-01  1.355672e-02
3  3.476309e-02 -4.791831e-02  2.100011e-01  8.441031e-02  4.426205e-01  1.801170e+01 6 1 -1.000000e+00
 1.252774e-01 -1.204829e-01  1.862299e+00  0.000000e+00  0.000000e+00  2.633062e-01  4.874362e-02  5.806070e-02  2.200888e-02
-1.715370e-02  3.383449e-02 -8.242914e-01  4.319990e+00  5.000000e-01  1.084826e+00  7.451687e-01  8.155257e-01  6.885903e-01
-3.163704e-03  4.933143e-03  2.924551e-02  4.430381e+00  1.000000e+00  7.285021e+00  1.223523e+00  1.952227e+00  6.706888e+00
3 -1.738976e-01  7.706168e-01  1.473376e+00  4.999310e-01  7.949366e-01  1.474590e+01 6 1  2.704141e-01
 1.531380e-01 -2.923787e-01 -1.540879e+00  1.670669e+02  5.000000e-01  8.413105e-01  5.851558e-01  5.759819e-01  2.128093e-02
-9.937609e-01  6.325324e-01  1.938368e+00  0.000000e+00  0.000000e+00  2.815751e-01  1.483531e-02  4.036040e-03  3.144464e-04
 4.424685e-04 -7.784504e-04  2.427893e-05  1.977547e+02  1.000000e+00  2.137990e+02  5.853910e+01 -2.585716e+01  2.089834e+02
3 -1.921712e-01 -3.463946e-01  1.352396e+00  5.852004e-01  4.248465e-01  8.527810e+00 6 1 -1.000000e+00
-4.731328e-01 -9.322243e-01  1.648626e+00  0.000000e+00  0.000000e+00  2.130488e-01  6.268135e-02 -9.379592e-02  8.004001e-03
 1.622615e-01  2.616135e-01 -7.004131e-01  3.987443e+01  5.000000e-01  6.403742e-01  5.294602e-01 -1.129925e+00  2.154153e-01
 2.072788e-03  3.639878e-03  2.108573e-04  4.691002e+01  1.000000e+00  7.066950e+01  4.815003e+00 -9.386815e+00  6.937992e+01
3  4.040322e-01  1.328695e-02  1.467031e+00  6.269058e-01  2.233227e-01  1.406710e+01 6 1 -1.000000e+00
 1.057628e+00 -4.003709e-01  2.030244e+00  0.000000e+00  0.000000e+00  2.640955e-01 -2.181274e-01 -3.773990e-02  8.489315e-03
-3.667851e-01 -4.933385e-02 -4.533997e-01  1.335915e+02  5.000000e-01  5.551209e-01 -1.401401e+00 -6.629869e-01  1.284908e-01
-1.156705e-03  1.270499e-04  1.140319e-05  1.843953e+02  1.000000e+00  3.045956e+02 -4.874139e+01  4.582391e+01  3.030648e+02
1 -2.872229e+00 -4.715320e-01  0.000000e+00  1.373076e+00  0.000000e+00  1.387150e+01 0 2 -1.000000e+00
-3.998325e+00 -5.483007e-01  3.088367e+00  0.000000e+00  0.000000e+00  3.412390e-01 -3.190344e-01 -9.158305e-02  3.324128e-04
3  4.276424e-01 -6.108786e-01  9.087696e-01  3.788030e-01  7.410827e-01  9.342020e+00 6 1  2.729096e-01
 5.962397e-01 -5.261937e-01  1.913224e+00  0.000000e+00  0.000000e+00  2.744954e-01 -5.885890e-02  1.465097e-02  1.534601e-03
-9.577622e-02  6.285318e-02 -1.417857e+00  7.794175e+01  5.000000e-01  1.428180e+00 -3.191867e-01  8.869878e-01  2.717987e-01
-2.025170e-02  1.134759e-02  4.842081e-02  7.842893e+01  1.000000e+00  6.595321e+00 -1.669812e+00  2.804829e+00  4.341157e+00
1  8.807919e-01  3.064177e+00  0.000000e+00  1.328435e+00  0.000000e+00  9.698960e+00 0 2 -1.000000e+00
 1.447807e+00  4.032230e+00  6.809242e+00  0.000000e+00  0.000000e+00  4.198687e-01  3.613283e-01 -2.431767e-01  7.841081e-04
1  9.777023e-01 -1.748794e+00  0.000000e+00  1.167237e+00  0.000000e+00  1.240170e+01 0 2 -1.000000e+00
 1.293519e+00 -2.584444e+00  3.262259e+00  0.000000e+00  0.000000e+00  3.190024e-01  2.244732e-01  3.268539e-01  9.231220e-04
3  6.274679e-02  2.670961e-01  1.026326e+00  4.695398e-01  1.069536e-01  1.335110e+01 6 3 -1.000000e+00
 5.130103e-01  5.482946e-01  4.128642e+00  0.000000e+00  0.000000e+00  3.195246e-01  1.474864e-01 -4.461884e-01  1.446770e-02
-1.281985e-02 -3.330952e-01 -4.415731e-01  7.601968e+01  5.000000e-01  8.031532e-01  1.475856e+00 -3.538755e-01  3.078453e-01
 1.226028e-04 -3.950868e-03  2.428231e-04  1.012960e+02  1.000000e+00  7.087520e+01  2.440403e+01  1.299086e+01  6.959655e+01
3  2.021349e-01  4.377918e-02  1.117710e+00  4.794028e-01  5.839177e-01  6.245330e+00 6 3 -1.000000e+00
 7.529388e-01  1.993264e-01  1.927420e+00  0.000000e+00  0.000000e+00  2.537091e-01 -1.545022e-01 -1.193772e-01  8.537099e-03
-3.502310e-01  1.962485e-02 -3.300842e+00  7.816455e+01  5.000000e-01  5.536105e-01 -6.847178e-01  1.826968e-01  6.617266e-02
-9.538862e-04 -2.616550e-04  2.592622e-05  1.134609e+02  1.000000e+00  2.050304e+02 -4.309777e+01 -3.464064e+01  2.025276e+02
1 -5.786080e+00 -4.741387e+00  0.000000e+00  2.092022e+00  0.000000e+00  9.783950e+00 0 2  2.922274e-01
-2.158928e+00  3.874786e+00  3.071444e+00  0.000000e+00  0.000000e+00  3.911934e-01  6.885526e-02  2.008102e-01  1.642643e-03
3  5.497411e-01  4.234481e-01  6.093861e-01  5.449664e-01  6.314428e-01  5.818130e+00 6 1  2.894349e-01
-1.692072e-01 -1.853777e-01 -7.518827e-01  4.371269e+01  5.000000e-01  1.108601e+00 -1.505269e-01 -1.148534e+00  3.243658e-01
 3.244231e-01  1.719465e-01 -4.747709e-01  3.799843e+01  5.000000e-01  1.049756e+00 -4.812531e-01 -1.370091e+00  1.090746e-01
-3.271484e-03 -8.446004e-03  6.672363e-03  4.604250e+01  1.000000e+00  1.427624e+01  3.399163e+00 -3.851265e+00  1.256715e+01
1  5.413328e-01  1.679641e-01  0.000000e+00  2.432678e-01  0.000000e+00  1.066370e+01 0 2  2.857608e-01
-3.634353e-01 -4.449624e-01  3.145351e+00  0.000000e+00  0.000000e+00  3.484352e-01 -4.068290e-02 -3.239630e-01  9.399681e-03
3  2.158936e-01 -2.202927e-01  1.353119e+00  5.631991e-01  2.431254e-01  1.534280e+01 6 1 -1.000000e+00
 8.486816e-01 -5.115098e-01  2.772363e+00  0.000000e+00  0.000000e+00  3.543435e-01 -4.262294e-02  2.331364e-01  7.566214e-03
-2.304941e-01  3.047689e-01 -6.740318e-01  9.811616e+01  5.000000e-01  7.075697e-01  4.067360e-01  1.184775e+00  1.603359e-01
-6.174026e-04  7.474126e-04  9.271881e-06  1.424681e+02  1.000000e+00  3.511817e+02  4.134525e+01  1.143015e+02  3.492478e+02
3  3.810028e-01  5.372102e-02  1.107617e+00  3.424917e-01  1.550038e-01  6.505480e+00 6 1 -1.000000e+00
-1.976999e-01 -2.420572e-02 -3.853530e-01  1.363233e+02  5.000000e-01  7.467254e-01 -1.508524e+00 -6.192957e-01  1.132482e-01
 9.097872e-01 -7.236809e-03  2.486087e+00  0.000000e+00  0.000000e+00  3.238312e-01 -2.286891e-01 -5.164244e-02  1.811779e-03
-2.999560e-03  5.067310e-04  2.191847e-04  1.521868e+02  1.000000e+00  7.190709e+01  8.450111e+00  1.985065e+01  7.040702e+01
2 -3.077750e-01 -3.512123e-01  3.010293e+00  1.725355e+00  5.381500e-01  1.545710e+01 6 3 -1.000000e+00
-5.674423e-01 -2.218933e+00  3.333023e+00  0.000000e+00  0.000000e+00  3.964483e-01  1.835782e-01 -1.747734e-01  5.890267e-04
 7.459351e-01  4.897390e-01 -1.793666e+00  4.707663e+02  5.000000e-01  9.851467e-01 -3.773268e-01 -6.444863e-01  9.272391e-03
3  1.599892e+00  5.183350e-02  5.535695e+00  2.367859e+00  1.603713e-01  1.534490e+01 6 1 -1.000000e+00
 4.158071e+00 -2.007162e+00  2.399281e+00  0.000000e+00  0.000000e+00  3.286549e-01 -1.838480e-01  1.061148e-02  1.202493e-02
-1.097637e+00 -2.689271e-01 -3.847758e-01  3.323006e+02  5.000000e-01  9.940880e-01 -1.393413e+00 -8.107722e-01  4.652145e-01
-4.692572e-02 -5.545745e-03  1.811202e-03  3.627494e+02  1.000000e+00  2.521217e+01 -5.090874e+00 -2.862231e+00  2.430898e+01
1 -7.835715e-02  5.498799e-02  0.000000e+00  8.058824e-02  0.000000e+00  1.410980e+01 0 2  2.983872e-01
 1.631480e-01 -1.024768e-01  3.073973e+00  0.000000e+00  0.000000e+00  2.946276e-01 -1.552458e-01  3.848857e-01  1.507412e-03
1 -5.410872e+00  1.355822e+00  0.000000e+00  1.170541e+00  0.000000e+00  1.386960e+01 0 2  2.958765e-01
 5.396367e-01  2.512946e+00  3.846451e+00  0.000000e+00  0.000000e+00  3.079945e-01  4.675013e-01  1.828294e-02  1.263050e-03
1  1.002381e+00  2.319281e+00  0.000000e+00  7.608599e-01  0.000000e+00  5.944780e+00 0 2 -1.000000e+00
 1.074056e+00  2.923053e+00  3.603983e+00  0.000000e+00  0.000000e+00  3.291126e-01  2.678134e-01 -3.176399e-01  2.411625e-03
1 -5.075896e-02  4.238731e-02  0.000000e+00  4.257234e-02  0.000000e+00  1.100200e+01 0 2 -1.000000e+00
-9.180531e-02  4.790642e-02  3.308720e+00  0.000000e+00  0.000000e+00  3.640265e-01 -4.049480e-02  3.171606e-01  1.439634e-02
3 -1.858732e-01 -4.174355e-01  2.034430e+00  9.546889e-01  6.047641e-01  9.785410e+00 6 1 -1.000000e+00
-9.928400e-01 -1.187632e+00  1.792939e+00  0.000000e+00  0.000000e+00  2.327547e-01  1.288600e-01 -1.196540e-01  1.714886e-02
 2.416557e-02  5.743571e-01 -1.084305e+00  5.374689e+01  5.000000e-01  6.466188e-01  1.023262e+00 -7.979130e-03  2.683742e-01
 4.312983e-03  1.351576e-02  2.052674e-03  6.388180e+01  1.000000e+00  2.334960e+01  3.511077e+00  8.571797e-02  2.227457e+01
3  9.820421e-02 -3.653317e+00  4.080000e+00  1.669801e+00  8.474110e-01  1.410890e+01 6 1  2.873073e-01
-3.317447e+00 -2.229388e-01  1.626955e+00  0.000000e+00  0.000000e+00  2.049672e-01 -1.077955e-01  7.623693e-02  4.653804e-04
 7.623473e-01 -2.639216e-01 -1.378699e+00  5.265952e+02  5.000000e-01  1.047213e+00 -5.360089e-01  6.635095e-01  2.600272e-02
 8.708658e-03 -1.236452e-03  1.586674e-04  5.591009e+02  1.000000e+00  8.317704e+01 -2.064657e+01  4.928776e+00  7.608284e+01
2  4.290157e-02  2.695526e-01  1.742930e+00  9.778529e-01  8.390892e-01  9.478860e+00 6 3 -1.000000e+00
-5.058940e-02 -5.813031e-01 -3.440143e+00  7.139286e+01  5.000000e-01  5.316678e-01  7.117594e-01 -5.847451e-02  3.220585e-02
 2.772410e-01  1.130518e+00  2.886586e+00  0.000000e+00  0.000000e+00  3.711164e-01  2.100745e-01 -7.023730e-02  4.831188e-03
3  2.084175e-01  1.217116e-01  6.521884e-01  2.724469e-01  1.013372e-01  1.386870e+01 6 1 -1.000000e+00
 4.642116e-01  1.574979e-01  2.153409e+00  0.000000e+00  0.000000e+00  2.230920e-01 -2.517829e-01 -2.753390e-01  1.422963e-02
-1.341305e-01 -1.019945e-01 -2.182203e-01  2.929887e+01  5.000000e-01  7.343491e-01 -6.990425e-01 -2.040695e+00  4.190090e-01
-8.982017e-04 -7.419843e-04  2.340488e-05  3.839295e+01  1.000000e+00  2.254730e+02  5.515974e+00 -8.735894e+01  2.246474e+02
3 -4.804972e-03 -1.114685e-03  1.808584e-01  9.545553e-02  9.817192e-01  1.386870e+01 6 3 -1.000000e+00
-8.635206e-02 -6.002351e-02  1.150578e+01  0.000000e+00  0.000000e+00  4.649607e-01 -1.890282e-01 -4.045028e-01  1.411087e-01
 8.957890e-02 -1.809450e-02 -1.172004e+01  2.891155e-01  5.000000e-01  5.139700e-01 -5.141674e-01  2.391257e-01  1.816780e-01
 1.984113e-04  4.952775e-05  2.241545e-03  1.240699e+00  1.000000e+00  2.220402e+01 -1.477219e+00 -1.143430e+00  2.120256e+01
3  8.882705e-01  1.674930e-01  1.206335e+00  4.878389e-01  2.688683e-01  1.842990e+01 6 1  2.848811e-01
-1.976445e-01  1.962335e-02 -5.071061e-01  6.585206e+01  5.000000e-01  1.247144e+00 -1.399945e+00  2.705719e-01  1.935457e-01
 1.008650e+00  2.953873e-02  1.886076e+00  0.000000e+00  0.000000e+00  1.708202e-01 -3.940625e-01  4.530530e-02  2.418113e-03
-1.617611e-02  1.978441e-03  4.357197e-03  6.752878e+01  1.000000e+00  1.691161e+01 -4.597910e+00  1.591565e+00  1.304579e+01
2 -2.576961e-01  6.505315e-01  2.400497e+00  9.640976e-01  1.047890e-01  1.611150e+01 6 1 -1.000000e+00
-7.376059e-01  1.836074e+00  2.975748e+00  0.000000e+00  0.000000e+00  3.970588e-01  9.856998e-02  1.333117e-01  5.805962e-04
 1.446112e-01 -3.964305e-01 -3.118256e-01  4.283005e+02  5.000000e-01  9.246477e-01  1.390147e+00  1.131410e+00  5.490522e-02
3 -3.947511e-01 -3.466388e-01  1.715479e+00  1.137944e+00  9.752255e-02  1.460370e+01 6 2 -1.000000e+00
-7.408850e-01 -1.046259e+00  3.708146e+00  0.000000e+00  0.000000e+00  3.427777e-01  8.987696e-02 -3.926662e-01  1.204690e-02
 3.868954e-01  2.464051e-01 -3.616279e-01  7.535728e+01  5.000000e-01  8.521535e-01 -5.369195e-01 -1.580775e+00  3.330914e-01
 4.750623e-03  2.619154e-03  1.242867e-04  9.409408e+01  1.000000e+00  9.842679e+01 -3.000259e+01 -2.336465e+01  9.713090e+01
1 -8.987654e-02  8.402061e-01  0.000000e+00  2.630498e-01  0.000000e+00  1.844610e+01 0 2  2.888363e-01
-3.510853e-01  7.051656e-01  3.080923e+00  0.000000e+00  0.000000e+00  3.395450e-01  2.950167e-01 -1.568053e-01  9.726005e-03
3 -3.608268e-01  2.672077e-01  2.371102e+00  7.448840e-01  7.973932e-01  1.778630e+01 6 1 -1.000000e+00
 1.872166e-01 -3.702491e-01 -2.174979e+00  1.522861e+02  5.000000e-01  9.881027e-01  5.799930e-01  3.514601e-01  2.833016e-01
-1.756595e+00  9.875889e-01  1.734314e+00  0.000000e+00  0.000000e+00  2.337465e-01  7.620026e-02 -6.885475e-02  4.827602e-03
 4.752220e-02 -4.477084e-02  8.715964e-02  1.554254e+02  1.000000e+00  4.551832e+00  2.997935e-01  1.025883e+00  3.229570e+00
3 -6.553646e-01  1.709388e-02  2.315198e+00  7.960687e-01  1.234169e-01  1.715620e+01 6 1  2.761833e-01
-1.278369e+00 -1.616122e+00  1.512764e+00  0.000000e+00  0.000000e+00  1.856076e-01  3.024636e-02 -3.575753e-02  4.687773e-04
 1.073539e-03  3.599960e-03  4.525996e-05  3.317413e+02  1.000000e+00  1.549723e+02  3.929576e+01  8.290667e+00  1.506998e+02
 1.000716e-01  2.439970e-01 -1.867007e-01  3.143212e+02  5.000000e-01  1.387774e+00  1.619874e+00 -1.697805e+00  2.059805e-01
5  1.221050e-01  5.324430e-02  1.870938e+00  7.574322e-01  1.000000e+00  1.800250e+01 6 1 -1.000000e+00
 8.779846e-01 -5.612924e-01  2.407248e+00  0.000000e+00  0.000000e+00  3.467015e-01 -8.108141e-02  6.937249e-02  3.766825e-03
-4.140006e-01 -3.101042e-01 -6.158325e-01  8.232166e+01  5.000000e-01  7.542191e-01 -2.844439e-01 -1.266222e+00  1.547097e-01
 4.446051e-01  5.305692e-01 -1.745109e+00  4.151101e+01  5.000000e-01  5.733712e-01  1.549519e-01 -8.550041e-01  5.524635e-02
-4.180470e-01  7.880449e-01  2.895242e+00  2.465665e+01  0.000000e+00  3.644182e-01  2.233734e-01  9.313570e-02  5.116000e-03
-3.267815e-04 -1.814245e-04  5.353957e-06  1.689298e+02  1.000000e+00  4.746480e+02 -7.890312e+01 -1.770281e+02  4.725430e+02
3  4.720261e-01  3.393047e-01  2.116909e+00  7.467530e-01  5.432519e-01  6.250830e+00 6 1 -1.000000e+00
-2.901175e-01 -3.382990e-01 -7.686915e-01  1.133846e+02  5.000000e-01  5.134277e-01  4.417443e-01 -1.158674e+00  1.323203e-01
 1.572975e+00  6.667834e-01  1.414982e+00  0.000000e+00  0.000000e+00  1.528432e-01  1.006464e-01 -2.866918e-02  3.854858e-03
-4.266012e-03 -2.350466e-03  1.748539e-04  1.331210e+02  1.000000e+00  7.711068e+01 -7.597210e+00  4.007374e+00  7.580638e+01
3  5.884824e-02  1.249232e-01  9.320723e-01  5.134640e-01  2.199368e-01  1.591270e+01 6 3 -1.000000e+00
-2.010339e-01 -2.986652e-01 -1.301255e+00  1.095349e+01  5.000000e-01  6.911526e-01  4.216257e-01 -8.283159e-01  2.945096e-01
 1.097924e-01  5.800530e-01  5.916495e+00  0.000000e+00  0.000000e+00  3.594676e-01  4.662030e-01 -1.546530e-01  6.748098e-02
-2.916913e-03 -4.509377e-03  1.850142e-03  1.635041e+01  1.000000e+00  2.540040e+01  8.256378e-01 -7.361971e+00  2.421378e+01
1 -2.172961e+01  1.002907e+00  0.000000e+00  1.739487e+01  0.000000e+00  1.745590e+01 0 2 -1.000000e+00
-3.700481e+01 -4.855161e+00  3.211062e+00  0.000000e+00  0.000000e+00  3.396875e-01 -3.484271e-01 -5.645957e-02  4.268048e-05
3 -1.942788e-01  3.279349e-01  1.031682e+00  4.652673e-01  1.440028e-01  1.747020e+01 6 1 -1.000000e+00
 1.091097e-01 -2.461301e-01 -3.350135e-01  4.854123e+01  5.000000e-01  6.535393e-01  1.053127e+00  1.412768e+00  3.600492e-01
-4.461184e-01  6.234036e-01  2.326437e+00  0.000000e+00  0.000000e+00  2.000086e-01  1.551819e-01  4.313503e-01  2.087053e-02
 1.834854e-03 -4.664529e-03  3.189428e-04  5.833881e+01  1.000000e+00  5.847410e+01  1.278045e+01  2.138466e+00  5.773934e+01
3  2.606318e-01  5.649892e-01  1.590436e+00  9.860672e-01  1.009140e-01  1.631050e+01 6 3 -1.000000e+00
 5.897075e-01  1.187627e+00  3.278628e+00  0.000000e+00  0.000000e+00  3.368176e-01  2.836529e-01 -2.331228e-01  2.286942e-02
-1.428652e-01 -2.240472e-01 -3.308594e-01  8.203422e+01  5.000000e-01  1.487491e+00  9.142446e-01 -1.556996e+00  9.401501e-01
-2.486653e-02 -3.773019e-02  1.607760e-02  8.368367e+01  1.000000e+00  9.727727e+00  8.452948e-01 -3.641480e+00  8.931542e+00
5  1.733731e-03 -1.811797e-04  3.019744e-02  1.795676e-02  1.000000e+00  1.800150e+01 6 3 -1.000000e+00
 1.344711e-02 -1.249135e-02  4.957016e+00  0.000000e+00  0.000000e+00  4.884108e-01  1.013931e-02  2.447169e-01  1.521240e-01
-1.080195e-02 -3.119059e-03 -3.126896e+00  2.522212e-02  5.000000e-01  9.673229e-01 -4.526414e-01 -3.405724e-01  5.611286e-01
 9.929076e-03  1.133036e-02 -1.211998e+01  1.174060e-02  5.000000e-01  6.811615e-01  8.354292e-02 -4.209358e-01  2.836514e-01
 1.260355e-03  1.513778e-02  1.290186e+01  1.115556e-02  0.000000e+00  5.674798e-01  3.216732e-01 -7.805025e-02  1.894498e-01
-5.186964e-04 -2.908587e-05  8.969575e-02  3.173899e-02  1.000000e+00  4.668174e+00 -1.414625e+00 -5.527531e-01  3.986358e+00
2 -3.890938e+00  3.036462e+00  2.033374e-02  1.224014e+00  1.490672e-01  1.746230e+01 6 1  2.677003e-01
 2.024224e-02 -2.513887e-02 -8.407336e-04  3.756401e+03  5.000000e-01  2.815326e+01  6.120520e+00  4.346581e+01  2.580603e+01
 7.261064e-03 -9.487986e-03  1.253258e-04  3.757093e+03  1.000000e+00  1.144070e+02  1.870670e+01  6.732023e+01  1.115283e+02
3 -2.723048e+00 -2.205297e-01  2.243506e+00  9.124769e-01  8.115505e-01  1.386130e+01 6 1  2.997542e-01
 1.774934e-01 -1.829475e+00  1.797332e+00  0.000000e+00  0.000000e+00  2.539800e-01  7.485257e-03 -1.046718e-02  1.540127e-03
 2.228370e-01  4.135727e-01 -2.214689e+00  1.209695e+02  5.000000e-01  9.506727e-01  1.586438e-01 -6.548252e-01  1.040437e-01
 5.761939e-03  3.487115e-02  1.803656e-02  1.258660e+02  1.000000e+00  9.131132e+00  2.802992e+00 -1.677974e+00  6.206763e+00
1  2.016996e+01  1.343887e+01  0.000000e+00  1.023313e+01  0.000000e+00  1.745730e+01 0 2 -1.000000e+00
 1.984191e+01  1.712892e+01  1.007737e+01  0.000000e+00  0.000000e+00  3.352619e-01 -1.379648e-01 -5.688675e-01  1.249541e-05
1 -2.433701e+00 -1.220275e+00  0.000000e+00  4.498168e+00  0.000000e+00  1.594470e+01 0 2 -1.000000e+00
-5.059743e+00 -5.400214e+00  3.874339e+00  0.000000e+00  0.000000e+00  4.122845e-01 -8.557310e-02 -2.828042e-01  2.201310e-04
3  7.683460e-01 -3.203456e-01  2.660066e+00  9.802835e-01  1.302594e-01  1.170980e+01 6 1 -1.000000e+00
 2.141814e+00 -6.001643e-01  2.280429e+00  0.000000e+00  0.000000e+00  3.325399e-01 -4.901757e-02  6.772137e-02  2.939171e-03
-3.937990e-01  2.039612e-01 -2.970473e-01  3.129338e+02  5.000000e-01  9.208116e-01 -1.060427e+00  1.499411e+00  2.818734e-01
-4.366595e-03  2.293340e-03  5.670137e-05  3.535643e+02  1.000000e+00  1.375863e+02 -1.006745e+01  3.030185e+01  1.360658e+02
3  6.861289e-02 -1.872126e-01  6.011377e-01  2.661478e-01  1.843028e-02  1.318840e+01 6 2  2.843685e-01
-6.246251e-02  5.535791e-01  3.437026e+00  0.000000e+00  0.000000e+00  4.028491e-01  2.561703e-01 -4.097044e-03  2.303670e-03
-7.173858e-03 -4.501071e-02 -6.334536e-02  2.367703e+01  5.000000e-01  3.273533e+00  4.485345e+00 -9.149360e-01  2.015874e+00
-1.410418e-03 -6.581024e-03  1.530397e-03  2.389029e+01  1.000000e+00  3.238417e+01  1.595047e+01 -8.782013e+00  3.044348e+01
2 -1.371559e+00 -6.111222e-01  1.947657e+00  8.547599e-01  1.863267e-01  7.187490e+00 6 1  2.760604e-01
-1.646269e+00  1.304419e-01  1.469643e+00  0.000000e+00  0.000000e+00  1.639058e-01 -1.104228e-01  8.014244e-02  1.267948e-03
 2.907062e-01 -7.326158e-02 -2.738337e-01  3.654797e+02  5.000000e-01  1.075821e+00 -1.555614e+00  1.112504e+00  1.353941e-01
3 -1.106730e-01  6.337666e-02  3.161018e-01  1.236506e-01  1.447780e-01  1.404310e+01 6 1 -1.000000e+00
-2.536274e-01  8.929720e-02  1.773524e+00  0.000000e+00  0.000000e+00  2.214694e-01 -1.263684e-01  1.621470e-01  2.358895e-02
 3.825599e-02 -3.204691e-02 -2.567672e-01  9.540551e+00  5.000000e-01  1.725215e+00 -4.474486e-01  2.054338e+00  1.381561e+00
 7.289120e-03 -5.928033e-03  1.369243e-02  9.700110e+00  1.000000e+00  1.103700e+01 -3.501371e-01  5.252218e+00  1.055472e+01
5 -1.009725e-02 -5.328002e-02  3.291479e-01  2.376149e-01  1.000000e+00  1.844100e+01 6 3 -1.000000e+00
-7.673649e-02 -2.173375e-01  2.327853e+00  0.000000e+00  0.000000e+00  3.306172e-01  1.357159e-01  8.607324e-03  6.955406e-03
-3.538849e-03  8.956289e-02 -1.165376e+01  7.019211e+00  5.000000e-01  5.434411e-01  5.065029e-01  1.941908e-01  6.531484e-02
 5.012413e-02  8.638069e-02  2.229673e+01  7.005059e+00  0.000000e+00  5.428241e-01  3.152222e-01 -2.545488e-01  7.769249e-02
 8.631927e-02  6.074753e-02 -9.645974e+00  7.016581e+00  5.000000e-01  6.503303e-01 -9.355210e-02 -4.660334e-01  1.716838e-01
 1.386396e-03  2.041399e-03  6.895130e-03  8.404689e+00  1.000000e+00  1.405552e+01 -4.238163e+00 -2.730308e+00  1.296328e+01
1  1.168268e+01  7.382321e+00  0.000000e+00  3.462581e+00  0.000000e+00  1.386840e+01 0 2  2.722164e-01
 1.256705e+01 -8.625763e+00  3.303076e+00  0.000000e+00  0.000000e+00  4.392221e-01  3.266083e-02  1.032329e-01  1.817109e-05
1  1.170302e-01 -7.015810e-02  0.000000e+00  2.146831e-01  0.000000e+00  1.612150e+01 0 2 -1.000000e+00
 2.241730e-01 -2.051060e-01  3.204327e+00  0.000000e+00  0.000000e+00  3.538684e-01 -5.326457e-02  3.202669e-01  3.943280e-02
2 -3.158678e-01  2.238118e-01  1.508930e+00  8.316164e-01  1.120723e-01  1.411210e+01 6 3 -1.000000e+00
 3.346763e-01 -2.748616e-01 -4.198333e-01  1.410294e+02  5.000000e-01  6.423138e-01 -1.979283e-01  1.571834e+00  8.206241e-02
-1.107453e+00  1.691343e-01  3.746095e+00  0.000000e+00  0.000000e+00  3.845159e-01 -2.482097e-01  2.242052e-01  5.760774e-03
2  6.041387e-01  2.383970e+00  1.580685e+00  8.888118e-01  4.440741e-02  1.024880e+01 6 2  2.732557e-01
-6.173937e-01 -1.139798e+00  6.041368e+00  0.000000e+00  0.000000e+00  4.277900e-01  3.286220e-01 -2.321777e-01  2.641474e-03
 1.902894e-02  3.071058e-01 -2.682815e-01  2.138854e+02  5.000000e-01  1.118547e+00  1.921883e+00 -2.187383e-01  1.613836e-01
3  9.425477e-01 -2.176045e-01  1.162271e+00  4.446106e-01  2.938224e-01  1.477440e+01 6 3  2.743991e-01
-1.368278e-01 -3.029156e-01 -1.094425e+01  4.852770e+01  5.000000e-01  8.760984e-01  2.358621e-01 -2.260372e-01  3.655642e-02
 5.565973e-01  6.298408e-01  3.215666e+00  0.000000e+00  0.000000e+00  4.418658e-01 -1.716930e-02 -1.553793e-02  1.978166e-03
-7.849317e-03 -1.309903e-02  2.434712e-02  5.307617e+01  1.000000e+00  8.330411e+00  2.148825e+00 -2.836348e+00  5.338486e+00
3 -1.828388e+00 -5.270140e-01  1.196842e+00  5.343594e-01  1.127058e-01  1.642800e+01 6 1  2.675326e-01
-1.043654e+00 -2.023506e-01  2.242672e+00  0.000000e+00  0.000000e+00  2.965324e-01 -2.094378e-01 -7.145420e-02  2.782889e-03
 1.370456e-01 -6.448632e-03 -2.527622e-01  1.897698e+02  5.000000e-01  1.753291e+00 -2.125844e+00  6.726095e-02  6.440867e-01
 1.669333e-02 -1.263338e-03  4.656661e-03  1.925120e+02  1.000000e+00  1.715569e+01 -6.444192e+00  2.175470e+00  1.499684e+01
1  9.114265e+00 -2.460898e+00  0.000000e+00  1.313236e+01  0.000000e+00  1.208760e+01 0 2 -1.000000e+00
 2.567467e+01 -1.954000e+00  3.661627e+00  0.000000e+00  0.000000e+00  3.890231e-01 -3.151253e-01  2.976770e-02  1.977161e-04
3 -1.269521e-01  4.093148e-01  1.382772e+00  6.146059e-01  4.378264e-01  1.714370e+01 6 1 -1.000000e+00
 5.588071e-02 -2.661548e-01 -7.011884e-01  5.835025e+01  5.000000e-01  8.066628e-01  1.141436e+00  4.008162e-01  4.391181e-01
-4.353071e-01  1.026436e+00  1.601522e+00  0.000000e+00  0.000000e+00  2.045162e-01  8.227701e-02  4.023340e-02  1.345358e-02
 4.762118e-03 -1.562335e-02  3.620994e-03  6.217251e+01  1.000000e+00  1.808576e+01  3.360650e+00  2.112373e+00  1.735976e+01
3  2.384254e-01  1.853479e-01  1.182186e+00  5.727764e-01  8.878475e-02  1.134480e+01 6 2 -1.000000e+00
-2.761356e-01 -2.282733e-01 -5.716259e-01  4.916035e+01  5.000000e-01  7.427126e-01 -3.698542e-01 -1.295685e+00  2.141719e-01
 5.193890e-01  6.462003e-01  6.438334e+00  0.000000e+00  0.000000e+00  3.496851e-01 -5.343266e-03 -5.172632e-01  2.739077e-02
-2.778885e-03 -2.709983e-03  2.376888e-04  6.486025e+01  1.000000e+00  6.801821e+01  5.065342e+00 -1.608105e+01  6.620084e+01
3  2.608702e-01  2.734856e-01  1.063213e+00  4.258956e-01  1.838061e-01  1.194220e+01 6 1 -1.000000e+00
 4.419550e-01  8.411702e-01  1.529336e+00  0.000000e+00  0.000000e+00  1.849678e-01 -8.909805e-02 -4.960198e-02  1.029011e-02
-9.266173e-02 -7.785470e-02 -2.811012e-01  6.608097e+01  5.000000e-01  1.861578e+00 -5.718659e-01 -1.993169e+00  1.307490e+00
-2.111596e-02 -2.006690e-02  2.049490e-02  6.657176e+01  1.000000e+00  9.293441e+00 -5.650859e-01 -4.434999e+00  8.458694e+00
3 -2.766485e-01 -8.899528e-01  3.126997e+00  1.516135e+00  3.119255e-01  7.680450e+00 6 1 -1.000000e+00
-4.938547e-01 -2.696235e+00  1.869173e+00  0.000000e+00  0.000000e+00  2.570688e-01  9.211596e-02 -9.200724e-02  1.177590e-03
 1.273022e-01  3.684473e-01 -5.830426e-01  6.465137e+02  5.000000e-01  1.297463e+00  9.774609e-01 -9.209750e-01  2.329909e-01
 4.682079e-03  1.799745e-02  1.153742e-03  6.638740e+02  1.000000e+00  3.165612e+01  7.815553e+00 -3.459712e+00  2.899080e+01
5  2.203535e-01  1.051329e-01  1.404995e+00  5.483698e-01  1.000000e+00  1.406710e+01 6 3 -1.000000e+00
 6.811921e-01 -3.956447e-01  6.332423e+00  1.253724e+01  0.000000e+00  3.472728e-01 -4.810110e-01  1.917387e-01  1.532894e-02
 6.957525e-01 -2.099296e-03 -6.368221e+00  1.345204e+01  5.000000e-01  3.484534e-01 -7.417956e-01 -1.768669e-01  1.350265e-02
 1.587172e-01  9.085912e-01  3.317054e+00  0.000000e+00  0.000000e+00  3.675684e-01  8.621983e-02 -3.017673e-01  1.086402e-02
-3.582745e-01 -1.527120e-01 -5.041172e-01  8.484801e+01  5.000000e-01  5.219741e-01 -1.070119e+00 -1.032966e+00  6.183748e-02
-3.828397e-04 -1.946301e-04  5.837355e-06  1.539180e+02  1.000000e+00  4.154767e+02  1.992951e+01  9.124670e+00  4.134889e+02
3 -4.290851e-01 -3.741676e-01  1.668836e+00  7.223986e-01  1.313020e-01  1.545530e+01 6 1 -1.000000e+00
-7.460628e-01 -1.170038e+00  1.937529e+00  0.000000e+00  0.000000e+00  2.610314e-01 -5.056429e-02 -1.655188e-01  2.451364e-03
 2.470742e-01  1.711151e-01 -2.544014e-01  2.598717e+02  5.000000e-01  8.256104e-01 -8.150670e-01 -1.815729e+00  1.996409e-01
 1.215930e-03  9.700771e-04  1.185827e-05  3.074463e+02  1.000000e+00  2.954580e+02 -2.074762e+01 -4.411004e+01  2.934409e+02
1 -3.327120e+00  2.917373e+00  0.000000e+00  2.420100e+00  0.000000e+00  1.301350e+01 0 2 -1.000000e+00
-6.429140e+00  3.833565e+00  4.091696e+00  0.000000e+00  0.000000e+00  4.209131e-01 -9.533370e-02  2.861043e-01  9.655119e-03
1  2.328678e+00 -3.384545e-01  0.000000e+00  1.359890e+00  0.000000e+00  8.426270e+00 0 2 -1.000000e+00
 2.876298e+00 -2.418046e-02  3.561261e+00  0.000000e+00  0.000000e+00  2.816108e-01 -4.716878e-01  1.131116e-01  5.509364e-03
1  1.637594e+01  1.284666e+01  0.000000e+00  1.361665e+01  0.000000e+00  1.611150e+01 0 2 -1.000000e+00
 2.308847e+01  2.234099e+01  3.037460e+00  0.000000e+00  0.000000e+00  3.307531e-01  7.494271e-03 -3.444020e-01  6.370476e-05
3 -2.408174e-01  2.398169e-01  1.166485e+00  6.652883e-01  1.282534e-01  1.745600e+01 6 1 -1.000000e+00
-1.396344e-01  9.996433e-01  1.795262e+00  0.000000e+00  0.000000e+00  2.291227e-01 -4.488316e-02  1.876584e-01  3.894310e-03
 2.078311e-01 -1.138895e-01 -2.302486e-01  8.965180e+01  5.000000e-01  1.088015e+00 -1.105271e+00  1.768970e+00  5.067090e-01
 4.123984e-03 -2.576516e-03  2.772948e-04  1.014015e+02  1.000000e+00  6.608956e+01 -1.838723e+01  1.709649e+01  6.454210e+01
2 -2.533376e-01 -3.550771e-01  2.108023e+00  1.158784e+00  3.004711e-01  1.534830e+01 6 3 -1.000000e+00
-5.737507e-01 -1.532773e+00  3.039620e+00  0.000000e+00  0.000000e+00  4.024817e-01  1.092424e-01 -1.269086e-01  1.166840e-03
 3.761817e-01  3.490845e-01 -9.133179e-01  2.413847e+02  5.000000e-01  8.799535e-01 -1.245914e-01 -1.045848e+00  5.328830e-02
2  3.502043e-01  2.795035e-01  2.299157e+00  1.143317e+00  5.336502e-01  1.756200e+01 6 1 -1.000000e+00
-5.840957e-01 -3.935412e-01 -1.430175e+00  1.182967e+02  5.000000e-01  6.414290e-01 -3.435438e-01 -8.424760e-01  7.365393e-02
 1.208606e+00  1.046021e+00  2.679987e+00  0.000000e+00  0.000000e+00  3.405292e-01 -2.612128e-02 -2.471501e-01  6.671535e-03
3  5.810045e-01 -3.979047e-01  5.375308e-01  2.150915e-01  4.301819e-01  7.981080e+00 6 3  2.970937e-01
-3.836525e-01  3.083759e-02  2.335270e+00  0.000000e+00  0.000000e+00  3.138811e-01 -1.932783e-01  7.201809e-02  7.008794e-03
 1.538101e-01  2.227494e-02 -5.428564e+00  7.563344e+00  5.000000e-01  7.729754e-01 -4.612446e-01 -1.516719e-01  7.636687e-02
 7.355167e-03 -8.266940e-05  1.546732e-02  8.377607e+00  1.000000e+00  9.262832e+00 -1.861613e+00 -3.954147e-01  6.782916e+00
2 -1.585447e+00 -5.811330e-01  7.663104e+00  3.274314e+00  6.069801e-01  8.436210e+00 6 1 -1.000000e+00
-5.780836e+00 -3.786626e+00  2.333220e+00  0.000000e+00  0.000000e+00  3.276097e-01 -1.242569e-01 -8.987045e-02  1.351481e-04
 7.868668e-01  1.615935e-01 -1.416218e+00  3.438332e+03  5.000000e-01  1.479292e+00 -9.459729e-01 -2.023910e-01  8.269567e-02
3 -3.463886e-02 -3.869543e-02  1.847721e-01  1.015836e-01  1.700999e-01  6.833790e+00 6 1 -1.000000e+00
-1.023810e-01 -8.404051e-02  2.809997e+00  0.000000e+00  0.000000e+00  2.801219e-01  1.202379e-02 -4.027501e-01  6.439708e-02
 3.752070e-02  3.665842e-02 -4.779803e-01  5.788370e+00  5.000000e-01  8.230061e-01  1.794508e-01 -1.446119e+00  5.397590e-01
 1.167667e-03  9.814179e-04  1.062094e-03  6.939906e+00  1.000000e+00  3.442692e+01 -4.903980e+00 -1.231965e+01  3.389241e+01
3 -5.625749e-01  4.351400e-01  3.374581e+00  1.312469e+00  3.709244e-01  1.515480e+01 6 3 -1.000000e+00
 4.969917e-01 -5.864127e-01 -1.131207e+00  3.855471e+02  5.000000e-01  1.017544e+00  1.936515e-01  9.202274e-01  2.018877e-02
-2.324549e+00  1.264722e+00  3.049696e+00  0.000000e+00  0.000000e+00  3.895317e-01 -1.438622e-01  1.551572e-01  4.594807e-04
 1.043689e-03 -1.167401e-03  1.258612e-05  4.654439e+02  1.000000e+00  2.892821e+02  5.295580e+01 -2.914855e+01  2.850146e+02
3 -2.965677e-01  8.200040e-01  2.273868e+00  9.350661e-01  1.301225e-01  8.093570e+00 6 1 -1.000000e+00
-6.023176e-01  1.838261e+00  1.539576e+00  0.000000e+00  0.000000e+00  1.940525e-01  4.662811e-03 -2.962706e-04  1.408636e-03
 1.270088e-01 -3.154710e-01 -2.003334e-01  3.575718e+02  5.000000e-01  6.253796e-01  1.618194e+00  1.585392e+00  1.973526e-01
 7.257023e-04 -1.899687e-03  1.203223e-05  4.101417e+02  1.000000e+00  2.893593e+02 -2.121969e-01  6.400404e+00  2.882072e+02
3 -5.019753e-02 -4.287111e-01  1.307228e+00  6.196664e-01  1.418460e-01  4.567850e+00 6 1 -1.000000e+00
-2.109942e-01 -9.791542e-01  2.554965e+00  0.000000e+00  0.000000e+00  2.933966e-01  3.189620e-01 -7.846569e-02  6.947831e-03
 5.059356e-02  3.016332e-01 -3.624116e-01  1.703178e+02  5.000000e-01  7.271480e-01  1.645093e+00 -3.569446e-01  1.790404e-01
 5.259937e-04  1.580324e-03  1.947120e-05  2.150103e+02  1.000000e+00  2.393107e+02  3.151256e+01 -6.664119e+01  2.374961e+02
2 -1.275679e+00 -4.090530e-01  2.164603e+00  9.913180e-01  4.844883e-03  1.439710e+01 6 2 -1.000000e+00
-1.769731e+00 -8.921761e-01  4.157059e+00  0.000000e+00  0.000000e+00  3.487174e-01 -3.230237e-01 -2.815494e-01  1.215304e-03
 1.755337e-01  5.727141e-02 -2.014047e-02  5.762393e+02  5.000000e-01  2.010729e+00 -5.850352e+00 -4.055396e+00  9.947475e-01
5 -1.380437e-02  7.806291e-02  7.283147e-01  3.295258e-01  1.000000e+00  1.594120e+01 6 3 -1.000000e+00
 1.002241e-01 -2.807964e-01 -8.511164e-01  2.257931e+01  5.000000e-01  5.220928e-01  9.681419e-01  6.826594e-01  1.850863e-01
-4.095483e-01  1.235156e-01  4.606398e+00  3.565694e+00  0.000000e+00  3.212282e-01 -3.626261e-01  3.348792e-01  3.728642e-02
 2.869628e-01  3.363877e-01  3.241837e+00  0.000000e+00  0.000000e+00  2.939828e-01  1.710308e-01 -4.009260e-01  1.671002e-02
-2.357826e-01  3.291776e-01 -4.375116e+00  4.361892e+00  5.000000e-01  3.981442e-01  3.205265e-01  6.986119e-01  9.984580e-02
 1.386284e-04 -3.800357e-04  2.172004e-05  5.611214e+01  1.000000e+00  2.313130e+02  4.395962e+01  7.121254e+01  2.301363e+02
2  2.378334e+00 -2.332235e-01  1.036473e-02  4.838239e-01  3.618057e-01  1.545620e+01 6 1 -1.000000e+00
-2.472371e-02  5.123937e-03 -1.225740e-03  0.000000e+00  5.000000e-01  3.660360e+01 -4.317775e+01  1.480310e+01  3.598571e+01
-1.453289e-02  3.233243e-03  4.434797e-04  9.153154e-02  1.000000e+00  7.774806e+01 -5.515131e+01  2.436601e+01  7.707283e+01
1  1.768102e-01  3.264941e-02  0.000000e+00  5.272004e-02  0.000000e+00  8.993270e+00 0 2  2.771171e-01
 1.228053e-01  5.742196e-02  3.357703e+00  0.000000e+00  0.000000e+00  4.000240e-01 -1.371378e-01 -2.081868e-01  5.381667e-03
1  1.295936e-01 -4.803123e-02  0.000000e+00  2.993416e-02  0.000000e+00  1.100350e+01 0 2  2.861678e-01
-2.400356e-02 -6.711506e-02  3.001146e+00  0.000000e+00  0.000000e+00  3.453541e-01  1.274533e-01 -2.812665e-01  7.641337e-04
3  1.072563e-01  1.110509e-01  4.694579e-01  2.075857e-01  2.291087e-01  6.514170e+00 6 1 -1.000000e+00
 3.488210e-01  2.087478e-01  1.958528e+00  0.000000e+00  0.000000e+00  2.712645e-01  8.850478e-02 -1.124050e-01  1.263851e-02
-4.470830e-02 -4.723140e-02 -4.487159e-01  3.628492e+01  5.000000e-01  1.356612e+00  2.865264e-01 -1.507865e+00  8.218569e-01
-8.650484e-03 -8.003836e-03  2.020603e-02  3.681738e+01  1.000000e+00  8.718694e+00 -3.669818e-01 -3.154896e+00  7.902104e+00
3 -7.556541e-02 -1.109714e-01  7.186820e-01  4.049490e-01  2.226016e-01  1.091990e+01 6 3 -1.000000e+00
-2.050784e-01 -4.046279e-01  4.421833e+00  0.000000e+00  0.000000e+00  2.545866e-01  3.459619e-01 -4.580404e-01  4.806725e-02
 1.700042e-01  2.084111e-01 -9.843070e-01  1.323095e+01  5.000000e-01  4.786413e-01  2.563125e-01 -1.105469e+00  1.881277e-01
 8.530396e-04  1.198131e-03  1.744876e-04  2.240995e+01  1.000000e+00  7.750338e+01  2.282273e+00 -1.079316e+01  7.647161e+01
3 -2.443023e-02 -8.388545e-01  3.168442e+00  1.877326e+00  1.200688e-01  1.611150e+01 6 1 -1.000000e+00
-2.028845e+00 -2.044710e+00  2.855739e+00  0.000000e+00  0.000000e+00  3.683471e-01  1.905950e-01 -1.117442e-01  2.195356e-03
-9.891610e-02  4.681365e-01 -3.428850e-01  3.310754e+02  5.000000e-01  1.274752e+00  1.599181e+00  6.591953e-01  2.370724e-01
-2.563423e-03  1.742806e-02  1.371760e-03  3.489575e+02  1.000000e+00  2.846375e+01  1.579323e+00  4.772076e+00  2.637698e+01
3  5.323695e-01 -7.339544e-01  2.845418e+00  1.722565e+00  4.867753e-02  1.692560e+01 6 2 -1.000000e+00
 2.232797e+00 -9.236137e-01  4.384574e+00  0.000000e+00  0.000000e+00  4.584492e-01 -7.267864e-02  2.447913e-01  7.791403e-03
-7.701107e-03  6.207210e-03  2.058225e-04  3.177888e+02  1.000000e+00  7.524898e+01 -1.731641e+01  1.882808e+01  7.309400e+01
-3.050988e-01  3.630453e-01 -2.134302e-01  2.880732e+02  5.000000e-01  1.296268e+00  7.322173e-01  2.058398e+00  2.857781e-01
3 -1.740622e-01  1.534659e-01  1.663806e+00  7.732308e-01  4.600925e-01  1.024690e+01 6 3 -1.000000e+00
-7.674305e-01  8.328650e-01  2.228116e+00  0.000000e+00  0.000000e+00  2.928342e-01 -3.259623e-02  2.240785e-01  1.156990e-02
 5.795538e-01 -1.438043e-01 -4.842756e+00  5.445926e+01  5.000000e-01  5.811361e-01 -5.817939e-01  2.084631e-01  8.282055e-02
 4.640444e-03 -3.500787e-03  1.098002e-03  7.624711e+01  1.000000e+00  3.150962e+01 -2.952212e+00  3.372846e+00  2.874533e+01
2  1.360385e+00 -5.266037e-01  6.611163e+00  2.853422e+00  1.208905e-01  1.643500e+01 6 1 -1.000000e+00
 5.384184e+00 -3.122471e+00  2.680441e+00  0.000000e+00  0.000000e+00  3.608974e-01 -1.880926e-01  5.444877e-04  4.408464e-05
-3.349475e-01  1.940041e-01 -3.240399e-01  3.019181e+03  5.000000e-01  2.688262e+00 -1.013268e+00  2.215752e+00  1.427310e-01
3  4.571983e-01  7.687476e-01  1.565607e+00  7.665891e-01  5.781081e-01  1.545780e+01 6 1  2.877684e-01
 5.029287e-01 -9.571966e-01  2.571136e+00  0.000000e+00  0.000000e+00  2.644399e-01  1.621347e-01  3.547222e-01  1.385990e-02
-2.687517e-01  4.050202e-01 -1.486394e+00  6.456738e+01  5.000000e-01  6.143128e-01  3.028132e-01  8.542995e-01  1.137857e-01
-2.757749e-03  4.640068e-03  4.051875e-04  8.320591e+01  1.000000e+00  5.147449e+01  5.627959e+00  6.928743e+00  4.864909e+01
3 -7.126247e-01 -1.611993e+00  2.558970e+00  1.435191e+00  4.701307e-01  5.680960e+00 6 1  2.887694e-01
 9.393852e-01 -2.469965e-01 -1.240823e+00  1.501949e+02  5.000000e-01  7.912342e-01 -8.684525e-01  3.086914e-01  3.704111e-02
-1.037214e+00  1.378236e+00  2.639314e+00  0.000000e+00  0.000000e+00  2.972166e-01  1.085049e-01  3.213174e-01  1.151851e-02
 1.502350e-02 -8.117214e-03  2.486689e-03  2.064594e+02  1.000000e+00  2.302799e+01 -4.631077e+00  7.851381e+00  1.297476e+01
2 -3.416511e-01 -5.157160e-01  1.677350e+00  8.932386e-01  3.691213e-02  1.515420e+01 6 2 -1.000000e+00
-5.363363e-01 -1.207327e+00  5.536098e+00  0.000000e+00  0.000000e+00  3.712625e-01  2.916481e-01 -3.600273e-01  1.074079e-03
 2.119283e-01  2.938736e-01 -2.043492e-01  2.641915e+02  5.000000e-01  9.198507e-01  6.601031e-01 -2.112882e+00  4.526363e-02
3 -2.971518e-01  6.261032e-01  2.069143e+00  7.883948e-01  1.591591e-01  1.078040e+01 6 1 -1.000000e+00
-4.341634e-01  1.783939e+00  1.588125e+00  0.000000e+00  0.000000e+00  2.057562e-01 -2.970517e-02  1.635897e-02  9.055803e-03
 1.343795e-01 -2.055607e-01 -2.527646e-01  1.159273e+02  5.000000e-01  1.864712e+00  6.744074e-01  2.061347e+00  1.266864e+00
 2.109896e-02 -3.735205e-02  9.456739e-03  1.173460e+02  1.000000e+00  1.332999e+01  3.053494e+00  6.079486e+00  1.238993e+01
3 -5.921333e-03 -1.630228e-01  4.241695e-01  2.183771e-01  1.200579e-01  1.460370e+01 6 1 -1.000000e+00
-2.181587e-02 -3.244347e-01  2.325012e+00  0.000000e+00  0.000000e+00  2.357004e-01  3.898689e-01 -4.528580e-02  1.767858e-02
 1.814593e-03  9.907599e-02 -2.791361e-01  7.335289e+00  5.000000e-01  7.553429e-01  1.907065e+00 -7.376703e-02  3.925293e-01
 4.749911e-05  1.917823e-03  2.545172e-04  8.568207e+00  1.000000e+00  6.480384e+01  1.191313e+01 -1.276508e-02  6.394471e+01
3  6.464489e-01 -2.793360e-01  2.326650e+00  1.022051e+00  2.754078e-01  1.594250e+01 6 1 -1.000000e+00
 1.672168e+00 -9.924975e-01  1.715617e+00  0.000000e+00  0.000000e+00  2.285542e-01 -6.454012e-02  8.990362e-02  3.066855e-03
-3.714679e-01  1.196420e-01 -4.724944e-01  2.214271e+02  5.000000e-01  1.171806e+00 -1.264165e+00  7.401555e-01  2.418130e-01
-8.601530e-03  3.759610e-03  3.117168e-04  2.366884e+02  1.000000e+00  6.075006e+01 -1.291624e+01  1.397141e+01  5.756263e+01
3  2.616420e-01  8.982755e-03  8.058496e-01  3.421313e-01  1.002162e-01  8.763800e+00 6 1 -1.000000e+00
-1.305009e-01 -7.439802e-03 -2.930562e-01  3.010794e+01  5.000000e-01  1.238899e+00 -1.861943e+00  5.054574e-02  4.263046e-01
 5.410632e-01  4.379758e-01  2.924238e+00  0.000000e+00  0.000000e+00  3.420157e-01 -2.917742e-01 -7.643130e-02  9.548760e-03
-7.256933e-03 -1.111984e-03  1.843555e-03  3.174988e+01  1.000000e+00  2.538289e+01 -6.149045e+00 -3.779472e+00  2.344595e+01
3  7.142503e-01 -1.178922e+00  2.525794e+00  1.093353e+00  5.753156e-01  1.135160e+01 6 1  2.742582e-01
 1.971611e+00 -6.160944e-01  2.262791e+00  0.000000e+00  0.000000e+00  3.324219e-01 -6.063097e-02 -7.233347e-03  2.329864e-03
-4.610953e-01  6.329681e-02 -1.301819e+00  2.609203e+02  5.000000e-01  1.079646e+00 -8.564899e-01  2.022980e-01  1.563014e-01
-1.035254e-02  1.398230e-03  5.235684e-04  2.792575e+02  1.000000e+00  4.919419e+01 -1.996993e+01  3.729798e+00  4.617580e+01
3  1.159691e+00  6.942015e-01  1.405361e+00  6.907447e-01  2.594368e-01  1.149890e+01 6 1  2.776855e-01
-1.168698e+00  1.345317e-01  2.254500e+00  0.000000e+00  0.000000e+00  3.065294e-01 -1.174427e-01 -1.534647e-01  4.366456e-03
 2.320258e-01  2.485945e-01 -5.849003e-01  1.069816e+02  5.000000e-01  9.396379e-01  2.471159e-01 -1.285407e+00  1.289569e-01
 2.899216e-03  1.977925e-03  2.267214e-04  1.268464e+02  1.000000e+00  6.899086e+01 -4.939442e+00 -1.369887e+01  6.558934e+01
5 -2.855628e-02 -5.693530e-02  7.891037e-01  2.743402e-01  1.000000e+00  1.714510e+01 6 3 -1.000000e+00
-2.229390e-02 -3.604260e-01 -2.345725e+00  6.118423e+00  5.000000e-01  5.026552e-01  8.024171e-01 -1.725863e-01  1.633599e-01
 3.280138e-01 -2.497202e-01  3.247813e+00  3.503192e+00  0.000000e+00  3.527727e-01 -1.409016e-02  3.328741e-01  3.247790e-02
-4.331361e-01 -4.154843e-02  2.812197e+00  0.000000e+00  0.000000e+00  3.329264e-01 -2.546513e-01 -1.566716e-01  2.030331e-02
 6.690425e-02  2.622822e-01 -8.094339e-01  1.808917e+01  5.000000e-01  6.736450e-01  9.787186e-01 -6.197168e-01  2.943809e-01
 2.807436e-04  9.361904e-04  1.940857e-04  3.533741e+01  1.000000e+00  7.899168e+01  2.909530e+01 -9.154446e+00  7.781466e+01
4 -4.451506e-02 -1.789348e-01  2.941448e+00  1.083562e+00  1.000000e+00  1.778770e+01 6 3 -1.000000e+00
 5.548692e-01 -1.624004e+00  2.260072e+00  0.000000e+00  0.000000e+00  3.345324e-01  1.953582e-02  1.306788e-03  4.908805e-04
-8.358339e-01 -1.663303e-01 -1.912468e+00  2.397255e+02  5.000000e-01  7.320100e-01 -6.658280e-01 -3.890708e-01  1.276424e-02
 4.771232e-01  4.105740e-01 -9.226498e-01  3.185871e+02  5.000000e-01  9.496031e-01 -2.899791e-01 -1.001143e+00  3.490542e-02
-7.523773e-01  1.010995e+00  3.314967e+00  1.880529e+02  0.000000e+00  4.309126e-01 -8.193480e-02  1.244388e-01  1.200419e-03
3  7.021199e-01 -4.451150e-01  2.249207e+00  1.701606e+00  1.303587e-01  1.133950e+01 6 1 -1.000000e+00
 1.323436e+00 -1.628996e+00  1.836578e+00  0.000000e+00  0.000000e+00  2.531943e-01 -6.987970e-02  9.134893e-02  2.600137e-03
-1.842584e-01  4.007270e-02 -2.394139e-01  2.102413e+02  5.000000e-01  5.444507e+00 -4.393956e+00  2.150268e+00  4.613633e+00
-1.233184e-01  2.667674e-02  1.121711e-01  2.102785e+02  1.000000e+00  8.645772e+00 -6.459871e+00  2.795164e+00  7.716758e+00
1 -5.590605e-01 -1.015959e+00  0.000000e+00  2.527293e-01  0.000000e+00  1.410070e+01 0 2  2.806074e-01
 3.723194e-01 -6.204695e-01  3.317500e+00  0.000000e+00  0.000000e+00  4.413422e-01  9.906340e-02 -2.920852e-02  2.184892e-03
3 -1.913954e-01  3.402595e-01  8.271424e-01  3.200739e-01  3.052373e-02  1.594360e+01 6 2 -1.000000e+00
-2.046373e-01  6.381972e-01  3.271821e+00  0.000000e+00  0.000000e+00  2.793371e-01  2.926763e-01  3.578482e-01  2.726920e-02
 7.347862e-02 -1.407868e-01 -9.986817e-02  8.449835e+01  5.000000e-01  1.537445e+00  1.657053e+00  2.748859e+00  1.074899e+00
 1.742076e-03 -3.664001e-03  1.060336e-04  9.429348e+01  1.000000e+00  1.131745e+02  3.810332e+01  4.123435e+01  1.121487e+02
3  1.606529e-01  2.459634e-01  1.328171e+00  6.195048e-01  9.272887e-01  1.037950e+01 6 1 -1.000000e+00
-1.855206e-01 -3.449781e-01 -1.759040e+00  1.973324e+01  5.000000e-01  4.760349e-01  6.237217e-01 -6.737970e-01  1.445471e-01
 5.939682e-01  7.303985e-01  1.631138e+00  0.000000e+00  0.000000e+00  2.031288e-01  7.456871e-02 -1.279628e-01  1.534869e-02
-1.881176e-03 -2.299858e-03  1.569516e-04  2.666639e+01  1.000000e+00  8.246463e+01 -3.801808e+00 -1.583168e+01  8.120772e+01
3  8.825573e-02 -3.469650e-01  1.151052e+00  4.879102e-01  1.802692e-01  9.206490e+00 6 1 -1.000000e+00
 1.221489e-01 -9.019100e-01  2.507670e+00  0.000000e+00  0.000000e+00  3.042752e-01  2.788079e-01  8.673269e-02  5.462701e-02
-7.070428e-02  2.328716e-01 -4.520555e-01  4.904356e+01  5.000000e-01  1.410335e+00  1.254095e+00  8.987425e-01  9.527648e-01
-8.608620e-03  3.144446e-02  1.461840e-02  5.089774e+01  1.000000e+00  1.062388e+01  4.170463e+00  2.611409e+00  9.852101e+00
3 -1.672479e-01  2.871189e-02  1.063550e+00  4.275807e-01  6.308469e-01  1.534530e+01 6 3 -1.000000e+00
-7.152330e-01 -1.608172e-01  3.396323e+00  0.000000e+00  0.000000e+00  3.403168e-01 -3.746073e-01  2.037496e-02  1.681661e-02
 3.475865e-01 -1.213990e-01 -2.142560e+00  2.359385e+01  5.000000e-01  5.672095e-01 -5.543235e-01  5.888673e-01  5.886776e-02
 3.424853e-03  4.422319e-04  9.613959e-04  3.400676e+01  1.000000e+00  3.463546e+01  7.582219e-01 -9.519193e+00  3.266320e+01
1 -5.033002e-01  4.366816e+00  0.000000e+00  2.235512e+00  0.000000e+00  8.305840e+00 0 2 -1.000000e+00
-1.672840e-01  8.848467e+00  3.242151e+00  0.000000e+00  0.000000e+00  4.250254e-01  1.475045e-01  2.002679e-02  1.814811e-04
1  4.992502e-01 -4.367565e-01  0.000000e+00  1.066279e-01  0.000000e+00  1.515420e+01 0 2  2.961466e-01
-3.317314e-02 -2.143338e-01  4.828600e+00  0.000000e+00  0.000000e+00  4.427803e-01  2.909080e-01 -1.369924e-01  5.036023e-03
3 -1.607566e-01 -1.677938e-01  7.191050e-01  3.352047e-01  1.169016e-01  1.403440e+01 6 1 -1.000000e+00
-1.470880e-01 -5.375478e-01  1.732321e+00  0.000000e+00  0.000000e+00  2.007239e-01  8.667292e-02 -2.325292e-01  7.731100e-03
 3.801306e-04  3.516996e-04  3.776111e-06  6.292065e+01  1.000000e+00  5.700718e+02 -3.796924e+01 -2.399549e+02  5.690553e+02
 1.518248e-01  1.164882e-01 -2.025111e-01  4.329558e+01  5.000000e-01  7.187391e-01 -7.537860e-01 -2.109245e+00  3.764834e-01
3 -1.198672e+00 -6.414458e-01  1.033950e+00  5.836516e-01  2.752785e-01  1.439750e+01 6 3  2.741180e-01
 3.319712e-01 -1.111765e-02 -1.082562e+00  5.149674e+01  5.000000e-01  9.293250e-01 -9.627559e-01 -4.278258e-02  7.693844e-02
-5.809895e-01  4.742236e-01  3.932608e+00  0.000000e+00  0.000000e+00  4.348762e-01 -7.239565e-02  2.446213e-01  6.776249e-03
 1.080542e-03 -2.239341e-04  4.249558e-05  7.304574e+01  1.000000e+00  1.676792e+02 -5.747920e+01  3.076078e+01  1.633882e+02
3  2.299629e-01 -8.195039e-02  8.124552e-01  4.544942e-01  1.426107e-01  7.242780e+00 6 1 -1.000000e+00
 6.025533e-01 -1.150669e-01  2.750012e+00  0.000000e+00  0.000000e+00  3.104580e-01 -2.852011e-01  1.746244e-01  4.677091e-02
-1.889143e-01  6.840660e-02 -3.921811e-01  6.878863e+01  5.000000e-01  1.070919e+00 -1.159531e+00  1.100163e+00  6.606284e-01
-7.940586e-03  2.534058e-03  1.433997e-03  7.733211e+01  1.000000e+00  3.043683e+01 -1.087234e+01  7.139165e+00  2.959685e+01
5 -6.994667e-01  2.504495e-02  7.800447e+00  2.969769e+00  1.000000e+00  8.525220e+00 6 3 -1.000000e+00
 1.652229e+00 -1.929373e+00 -4.777809e+00  2.800603e+02  5.000000e-01  7.196501e-01  2.563259e-01  4.713746e-01  5.166440e-02
 2.829657e+00 -2.690601e-01  1.028506e+01  2.719216e+02  0.000000e+00  5.878460e-01 -2.695069e-01 -2.919747e-03  3.341534e-02
-4.927209e+00  5.543452e-01  3.026367e+00  0.000000e+00  0.000000e+00  4.159015e-01 -9.562623e-02 -3.996928e-02  7.253393e-03
 1.822811e+00  1.555424e+00 -5.359179e+00  2.787937e+02  5.000000e-01  6.312312e-01  8.624628e-02 -5.613802e-01  3.248254e-02
 8.055987e-03 -1.165181e-03  1.660217e-04  4.381277e+02  1.000000e+00  8.106541e+01 -1.598049e+01  1.147968e+01  7.881436e+01
3  4.511840e-01 -5.301779e-02  1.514857e+00  7.348490e-01  3.092163e-01  1.386950e+01 6 1  2.853698e-01
 1.568515e-01 -3.026614e-01 -6.197609e-01  1.081383e+02  5.000000e-01  9.328557e-01  8.113289e-01  9.796832e-01  7.540008e-02
-1.016356e+00  6.556577e-01  2.004296e+00  0.000000e+00  0.000000e+00  2.496164e-01 -3.446875e-02  2.509168e-01  1.828813e-03
 8.009691e-04 -9.766887e-04  1.227788e-05  1.283649e+02  1.000000e+00  2.923656e+02  1.891325e+01  5.557828e+01  2.870097e+02
3  1.486015e-01  5.278948e-01  9.256748e-01  4.288600e-01  2.131158e-02  1.671930e+01 6 2 -1.000000e+00
 1.076402e-01  7.811452e-01  3.044596e+00  0.000000e+00  0.000000e+00  2.435323e-01  4.277051e-01 -2.467001e-01  8.837624e-03
-3.221205e-02 -1.339040e-01 -6.488514e-02  1.056729e+02  5.000000e-01  1.405325e+00  3.407791e+00 -1.990753e+00  8.760742e-01
-7.609320e-04 -3.854360e-03  9.369129e-05  1.139161e+02  1.000000e+00  1.086464e+02  2.963079e+01 -6.034174e+00  1.074677e+02
2 -7.216730e-01  6.586710e-01  3.636591e+00  1.169468e+00  1.156954e-01  1.177770e+01 6 1 -1.000000e+00
-2.965441e+00  1.588886e+00  1.909804e+00  0.000000e+00  0.000000e+00  2.686605e-01  1.004974e-01  3.381923e-02  7.223672e-05
 1.947091e-01 -2.106266e-01 -2.209556e-01  1.099610e+03  5.000000e-01  1.299210e+00  2.669554e-01  2.131680e+00  9.944616e-02
3 -6.289767e-01 -7.301252e-01  2.008244e+00  1.113205e+00  2.526435e-02  1.672390e+01 6 2 -1.000000e+00
-1.398735e+00 -1.166233e+00  3.076101e+00  0.000000e+00  0.000000e+00  3.587770e-01  6.465707e-02 -2.861810e-01  4.088602e-03
 1.839635e-02  1.341216e-02  1.559611e-03  1.672140e+02  1.000000e+00  2.941604e+01 -6.495090e+00 -1.114000e+01  2.780820e+01
 1.410347e-01  1.230116e-01 -7.771570e-02  1.647543e+02  5.000000e-01  2.325045e+00  1.237595e-01 -3.822020e+00  1.340491e+00
3  2.919766e-02  4.719400e-01  3.734561e-01  1.862799e-01  9.538530e-01  1.066630e+01 6 3  2.968218e-01
-4.745198e-02 -1.016825e-01 -3.654543e+00  3.274071e+00  5.000000e-01  9.990301e-01  4.087732e-01 -3.264007e-01  1.116968e-02
 2.182712e-01  1.607306e-01  3.485897e+00  0.000000e+00  0.000000e+00  4.082788e-01 -2.743677e-02 -2.500220e-01  3.241236e-03
-1.293994e-02 -1.931604e-02  4.091345e-01  3.417025e+00  1.000000e+00  2.699691e+00  3.322950e-01 -5.782247e-01  4.949585e-02
3 -2.980671e-01  3.286945e-01  1.342563e+00  7.932190e-01  2.856237e-02  1.713280e+01 6 2 -1.000000e+00
-9.174296e-01  5.630313e-01  1.051882e+01  0.000000e+00  0.000000e+00  4.326788e-01 -1.488702e-01  4.523530e-01  5.299711e-03
 1.845383e-01 -2.038731e-01 -3.004424e-01  1.331461e+02  5.000000e-01  1.254252e+00  2.819182e-01  1.820327e+00  1.869418e-01
 2.641515e-03 -2.361926e-03  1.121769e-04  1.508922e+02  1.000000e+00  9.797803e+01 -9.632533e+00  1.993653e+01  9.464878e+01
3  2.456135e-02 -2.861968e-01  1.094230e+00  6.542991e-01  3.664214e-01  1.241640e+01 6 1 -1.000000e+00
 3.251581e-01 -7.430294e-01  1.997115e+00  0.000000e+00  0.000000e+00  2.302253e-01  2.783579e-01  1.197820e-01  1.473239e-02
 1.945319e-02  3.076293e-01 -7.317857e-01  3.776167e+01  5.000000e-01  5.497546e-01  1.204917e+00 -3.426614e-01  1.333554e-01
-9.167067e-04  3.141283e-03  2.838727e-04  4.860749e+01  1.000000e+00  6.144216e+01 -2.748857e+00  1.109020e+01  6.017708e+01
3  9.669259e-02  5.141440e-01  1.808771e+00  5.768174e-01  1.537700e-01  1.889620e+01 6 1 -1.000000e+00
-3.668859e-01  1.390269e+00  1.879285e+00  0.000000e+00  0.000000e+00  2.525504e-01  1.501798e-01 -6.332136e-02  8.743079e-03
-1.179629e-01 -4.012920e-01 -2.889776e-01  1.876586e+02  5.000000e-01  7.273894e-01  1.336563e+00 -1.322267e+00  2.051565e-01
-6.413935e-05 -1.077604e-03  3.124716e-06  2.554729e+02  1.000000e+00  6.371424e+02  2.908223e+02  8.391256e+00  6.352517e+02
3  1.361553e-01 -2.132184e-01  8.231509e-01  3.414926e-01  2.191558e-01  1.209510e+01 6 1 -1.000000e+00
 2.904650e-01 -6.096783e-01  1.972013e+00  0.000000e+00  0.000000e+00  2.761104e-01  4.443467e-02  1.222521e-01  7.065774e-03
-8.825558e-02  1.211761e-01 -4.321780e-01  6.783975e+01  5.000000e-01  9.927654e-01  3.818495e-01  1.472449e+00  3.807585e-01
-2.288953e-03  3.519792e-03  4.566314e-04  7.382988e+01  1.000000e+00  5.038074e+01  6.114813e+00  1.452986e+01  4.888097e+01
3 -8.473197e-01  3.779905e-01  2.672793e+00  9.367375e-01  1.246438e-01  1.325870e+01 6 1 -1.000000e+00
-2.204788e+00  7.144443e-01  1.729962e+00  0.000000e+00  0.000000e+00  2.388123e-01  2.589497e-02  2.624408e-02  3.774081e-03
 3.183307e-01 -1.674277e-01 -2.156290e-01  1.938831e+02  5.000000e-01  1.195196e+00 -1.213723e+00  1.789574e+00  5.661040e-01
 1.170097e-02 -6.055206e-03  3.858513e-04  2.047059e+02  1.000000e+00  5.452146e+01 -7.869045e+00  1.452421e+01  5.312611e+01
3  3.188465e-01 -3.507777e-01  1.774215e+00  8.642877e-01  4.879922e-01  1.889160e+01 6 1 -1.000000e+00
 8.419075e-01 -1.060852e+00  2.223978e+00  0.000000e+00  0.000000e+00  2.858828e-01  3.674158e-02  2.428348e-01  2.555283e-02
-3.080489e-01  2.902358e-01 -1.085284e+00  1.079125e+02  5.000000e-01  8.612749e-01 -5.929483e-02  9.680633e-01  3.911075e-01
-2.301093e-02  2.304646e-02  1.182829e-02  1.156405e+02  1.000000e+00  1.049698e+01 -3.172230e-01  2.355622e+00  9.532014e+00
3 -2.968518e-02  1.633839e-02  2.024652e-01  1.096172e-01  3.743976e-01  5.739390e+00 6 3 -1.000000e+00
 5.148321e-02 -3.673864e-02 -1.441472e+00  1.445663e+00  5.000000e-01  9.498976e-01 -1.750795e-01  8.158386e-01  5.311749e-01
-1.447369e-01  1.315931e-02  3.850110e+00  0.000000e+00  0.000000e+00  4.086332e-01 -2.775399e-01  1.138132e-01  1.041802e-01
 4.448582e-03 -2.465837e-03  3.360058e-02  1.621177e+00  1.000000e+00  6.888459e+00 -1.125882e+00  1.909176e+00  6.138690e+00
3 -4.172855e-01  1.378573e-01  1.101787e+00  5.398620e-01  1.534503e-01  1.179360e+01 6 1 -1.000000e+00
-8.773741e-01  2.499276e-01  1.706912e+00  0.000000e+00  0.000000e+00  1.988015e-01 -1.650318e-01  1.697947e-01  2.236639e-02
 1.849384e-01 -4.234909e-02 -2.619262e-01  8.214738e+01  5.000000e-01  1.378182e+00 -1.717096e+00  1.006217e+00  9.746350e-01
 1.896825e-02 -3.914204e-03  3.925435e-03  8.512499e+01  1.000000e+00  1.891705e+01 -7.810336e+00  2.295789e+00  1.815719e+01
1 -3.135758e-02  2.062604e-01  0.000000e+00  1.019936e-01  0.000000e+00  1.868400e+01 0 2  2.830045e-01
 8.588754e-02  1.548117e-01  4.839636e+00  0.000000e+00  0.000000e+00  3.637501e-01  1.801240e-01 -4.071144e-01  1.287556e-03
2 -2.666640e-01 -8.411099e-01  2.661953e+00  9.165150e-01  1.899228e-01  1.325430e+01 6 1 -1.000000e+00
-4.550036e-01 -2.257243e+00  1.641374e+00  0.000000e+00  0.000000e+00  1.991064e-01 -1.989880e-03 -1.793907e-01  3.982919e-04
 5.095936e-02  3.561832e-01 -3.117344e-01  8.713988e+02  5.000000e-01  1.034111e+00  1.709630e+00 -5.349654e-01  9.667302e-02
3 -1.533727e+00 -1.556052e+00  1.368881e+00  7.464363e-01  1.027531e-02  1.844610e+01 6 2  3.012616e-01
-1.160648e+00  2.634199e-01  3.385033e+00  0.000000e+00  0.000000e+00  2.229258e-01 -4.926485e-01  2.563663e-01  1.081500e-02
 5.259940e-03 -1.709049e-03  4.320874e-05  1.023962e+02  1.000000e+00  1.745182e+02 -6.608330e+01  5.097153e+01  1.725631e+02
 1.707008e-01 -5.493086e-02 -3.478226e-02  9.627260e+01  5.000000e-01  2.462581e+00 -4.550184e+00  3.191435e+00  1.714865e+00
3  8.032034e-03 -7.001733e-02  4.677536e-01  2.389883e-01  8.317068e-02  1.024970e+01 6 2 -1.000000e+00
-9.564205e-03  1.870527e-01 -1.030747e+00  3.988089e+00  5.000000e-01  5.509054e-01  1.069096e+00  1.699739e-01  2.557919e-01
 1.099420e-01 -2.651771e-01  1.239315e+01  0.000000e+00  0.000000e+00  3.165266e-01  4.502075e-01  4.286716e-01  7.950777e-02
-6.718769e-05  1.361639e-03  4.781498e-04  7.088078e+00  1.000000e+00  4.780749e+01  9.879549e+00 -1.392962e+00  4.696823e+01
1  7.920514e-01 -3.114670e-01  0.000000e+00  1.627394e-01  0.000000e+00  1.208660e+01 0 2  2.952827e-01
 1.449210e-01 -4.028755e-01  4.158999e+00  0.000000e+00  0.000000e+00  4.050655e-01  5.162499e-02  3.329255e-01  2.259722e-03
3 -3.006907e-01 -9.733953e-02  1.107130e+00  4.459777e-01  1.714439e-01  1.384420e+01 6 1 -1.000000e+00
-9.020957e-01  1.192045e-01  1.690340e+00  0.000000e+00  0.000000e+00  2.151675e-01  2.890321e-03 -1.560670e-01  4.121567e-03
 2.050308e-01  1.163372e-01 -2.897986e-01  8.891028e+01  5.000000e-01  5.719272e-01 -6.935582e-01 -1.775639e+00  1.661117e-01
 6.147751e-04  1.746343e-04  5.579992e-06  1.177892e+02  1.000000e+00  4.309331e+02 -6.950008e+01 -2.829313e+01  4.296184e+02
2 -5.692234e-02 -4.022814e-01  1.344584e+00  4.492846e-01  1.067850e-01  9.683630e+00 6 1 -1.000000e+00
-5.331610e-01 -1.021734e+00  1.832740e+00  0.000000e+00  0.000000e+00  2.598138e-01  2.521661e-02  4.010722e-02  5.740297e-04
-8.758956e-03  2.163731e-01 -1.957092e-01  2.070794e+02  5.000000e-01  9.194412e-01  2.238433e+00  3.248539e-01  1.223137e-01
3  2.064346e-01  1.172935e-01  8.218030e-01  3.846290e-01  1.753220e-01  1.592740e+01 6 1 -1.000000e+00
 6.039551e-01  2.141537e-01  2.113950e+00  0.000000e+00  0.000000e+00  2.919908e-01 -7.864672e-02 -1.484714e-01  2.261204e-02
-1.570808e-01 -9.598259e-02 -3.706219e-01  6.734683e+01  5.000000e-01  1.041307e+00 -6.125709e-01 -1.524674e+00  5.753056e-01
-3.532378e-03 -1.905957e-03  2.696333e-04  7.737714e+01  1.000000e+00  7.090485e+01 -1.942074e+01 -2.829810e+01  6.979354e+01
1  1.009774e-02 -3.541101e-02  0.000000e+00  1.288054e-02  0.000000e+00  6.500570e+00 0 2  2.699856e-01
-3.934184e-02 -2.259593e-03  3.475638e+00  0.000000e+00  0.000000e+00  4.490304e-01 -1.239083e-01  2.229763e-02  1.090226e-02
3  9.996066e-01 -8.781078e-01  2.264050e+00  1.027975e+00  6.325357e-01  1.475470e+01 6 1  2.879417e-01
-4.203944e-01 -4.562629e-01 -1.832211e+00  4.796636e+01  5.000000e-01  7.351820e-01 -5.868853e-02 -7.826066e-01  1.187209e-01
 1.086195e+00  1.233741e+00  2.896612e+00  0.000000e+00  0.000000e+00  3.102133e-01  4.060218e-02 -3.590631e-01  1.013261e-02
-1.294977e-02 -2.331399e-02  6.845496e-03  5.384777e+01  1.000000e+00  1.351391e+01  3.204515e+00 -4.975630e-01  1.162594e+01
3  8.210357e-01  4.823022e-01  2.062413e+00  1.259559e+00  1.924125e-02  1.612290e+01 6 2 -1.000000e+00
 1.557386e+00  9.930767e-01  3.384128e+00  0.000000e+00  0.000000e+00  3.754823e-01 -1.181688e-01 -2.838334e-01  5.750556e-03
-2.008109e-01 -8.501925e-02 -6.511487e-02  2.201976e+02  5.000000e-01  2.827669e+00 -2.623286e+00 -3.437473e+00  1.928889e+00
-1.785010e-02 -6.498825e-03  5.471690e-04  2.253634e+02  1.000000e+00  5.466130e+01 -2.675028e+01 -1.834036e+01  5.314176e+01
3  1.002485e-01 -1.487746e-01  8.822034e-01  5.374707e-01  1.990409e-01  1.121020e+01 6 3 -1.000000e+00
 3.458614e-01 -4.368192e-01  3.710688e+00  0.000000e+00  0.000000e+00  2.445398e-01  1.989064e-01  5.115316e-01  2.012269e-02
-1.981249e-01  2.577035e-01 -7.385788e-01  2.921491e+01  5.000000e-01  3.674029e-01  4.892535e-01  1.230757e+00  9.012036e-02
-2.006408e-04  1.811639e-04  2.324644e-06  6.436927e+01  1.000000e+00  6.953988e+02 -1.414250e+02  1.789280e+02  6.944038e+02
3  2.985638e-01 -1.325176e+00  5.115395e-01  3.486696e-01  2.790631e-01  1.078570e+01 6 1  2.817334e-01
-1.341063e-01 -4.329197e-01  2.969522e+00  0.000000e+00  0.000000e+00  3.408777e-01  3.124866e-01 -6.312943e-03  3.579549e-03
-5.405305e-02  7.231697e-02 -8.286840e-01  2.212994e+01  5.000000e-01  1.763768e+00  2.396179e-01  1.316304e+00  2.440898e-01
-8.924788e-03  1.573893e-02  5.825660e-02  2.236499e+01  1.000000e+00  6.292466e+00  1.206331e+00  3.064234e+00  3.341886e+00
1  1.348964e-02  3.271216e-01  0.000000e+00  1.655798e-01  0.000000e+00  1.747100e+01 0 2 -1.000000e+00
-1.419860e-02  4.429419e-01  5.451183e+00  0.000000e+00  0.000000e+00  3.542135e-01  4.786533e-01 -6.696884e-02  1.060445e-02
3 -1.326186e+00  1.187319e-01  3.093324e+00  1.458345e+00  1.196556e-01  5.439320e+00 6 1 -1.000000e+00
-2.646819e+00 -9.760422e-02  1.781776e+00  0.000000e+00  0.000000e+00  2.162140e-01 -2.253477e-01  4.797144e-02  2.610724e-02
 4.456923e-01 -2.671726e-02 -2.131996e-01  5.524368e+01  5.000000e-01  1.839782e+00 -2.280080e+00  4.437426e-01  1.414823e+00
 8.607719e-02 -2.612947e-03  1.130292e-02  5.604915e+01  1.000000e+00  1.195657e+01 -5.616891e+00  1.555571e-01  1.130645e+01
2  4.921548e-01  1.201382e-01  1.194071e+00  4.572694e-01  1.175574e-01  1.405300e+01 6 1 -1.000000e+00
 8.351193e-01  3.997783e-01  1.568598e+00  0.000000e+00  0.000000e+00  1.476030e-01 -2.528885e-01 -1.584808e-01  2.558562e-03
-2.741658e-01 -4.214036e-02 -1.844003e-01  9.048945e+01  5.000000e-01  3.610867e-01 -2.320432e+00 -6.684231e-01  8.753844e-02
3 -3.653112e-01 -8.397521e-02  8.448983e-01  3.064116e-01  1.330982e-01  8.763800e+00 6 1 -1.000000e+00
-6.798515e-01 -2.040640e-01  1.605671e+00  0.000000e+00  0.000000e+00  1.852902e-01 -1.919107e-01 -6.426297e-02  1.065559e-02
 1.311605e-01  3.281719e-02 -2.137120e-01  5.432913e+01  5.000000e-01  1.022340e+00 -1.951357e+00 -9.337545e-01  6.877266e-01
 8.547530e-03  2.366682e-03  1.559583e-03  5.699256e+01  1.000000e+00  2.695044e+01 -4.414288e+00 -3.569625e+00  2.634308e+01
1  4.268398e-01  4.169038e-01  0.000000e+00  5.373301e-01  0.000000e+00  9.755770e+00 0 2  2.807581e-01
-6.938132e-01 -2.594092e-01  4.869608e+00  0.000000e+00  0.000000e+00  4.105929e-01 -3.298129e-01 -1.823974e-01  2.679700e-02
2  2.010614e+00  1.067454e-01  1.451275e+01  8.100442e+00  8.835926e-01  1.119670e+01 6 1 -1.000000e+00
 1.108337e+01 -5.210236e+00  2.532568e+00  0.000000e+00  0.000000e+00  3.560400e-01 -9.740176e-02  1.016916e-01  1.125306e-05
-2.902401e+00 -1.334898e+00 -2.866216e+00  1.099803e+04  5.000000e-01  1.410367e+00 -3.230573e-01 -6.425942e-01  8.387070e-04
3  8.405341e-01 -1.115424e+00  1.738716e+00  7.473964e-01  3.906293e-03  1.642690e+01 6 2 -1.000000e+00
 8.942658e-01 -1.341815e+00  4.784160e+00  0.000000e+00  0.000000e+00  2.381935e-01  1.433573e-01  5.922623e-01  5.603408e-03
-1.014921e-02  1.660772e-02  5.704902e-04  1.868516e+02  1.000000e+00  4.890463e+01  1.217820e+01  1.984103e+01  4.751656e+01
-6.849742e-02  1.060183e-01 -1.868833e-02  1.851808e+02  5.000000e-01  4.450533e+00  2.855053e+00  7.567310e+00  3.578529e+00
3  1.443376e-01 -4.911016e-01  1.343430e+00  6.148217e-01  1.552983e-01  1.800770e+01 6 1 -1.000000e+00
 3.915373e-01 -9.613335e-01  1.693793e+00  0.000000e+00  0.000000e+00  1.932283e-01  1.886195e-01  1.578362e-01  4.848200e-03
-6.122910e-02  3.035008e-01 -2.630431e-01  7.938220e+01  5.000000e-01  4.927315e-01  1.850580e+00  7.964507e-01  1.578779e-01
-1.992441e-04  9.897238e-04  7.138296e-06  1.050193e+02  1.000000e+00  3.769703e+02  2.880857e+01 -2.083968e+01  3.759662e+02
3 -3.217115e-01 -1.189855e-02  1.700065e+00  7.889939e-01  3.017099e-01  1.553470e+01 6 3 -1.000000e+00
 5.600712e-01  9.182833e-02 -1.079109e+00  9.876933e+01  5.000000e-01  5.878408e-01 -9.652848e-01 -4.059441e-01  5.373968e-02
-1.117686e+00  3.663340e-01  3.576645e+00  0.000000e+00  0.000000e+00  3.574082e-01 -3.472550e-01  1.129011e-01  8.162730e-03
 8.157429e-04 -1.756385e-05  1.037731e-05  1.663757e+02  1.000000e+00  3.123147e+02 -1.563506e+01  1.755889e+01  3.099015e+02
3  1.010963e-01  2.218594e-01  9.550487e-01  4.692400e-01  2.675681e-01  1.064660e+01 6 1 -1.000000e+00
-7.691209e-02 -2.696132e-01 -6.721422e-01  5.557032e+01  5.000000e-01  6.112919e-01  1.113784e+00 -6.311576e-01  9.149330e-02
 4.098470e-01  5.520823e-01  2.512042e+00  0.000000e+00  0.000000e+00  2.794147e-01  1.320615e-01 -3.220565e-01  7.347827e-03
-2.607182e-04 -5.726900e-04  1.013727e-05  8.162737e+01  1.000000e+00  3.169405e+02  2.262502e+01 -2.570152e+01  3.147443e+02
3  8.850791e-02 -2.233657e-01  6.345359e-01  2.795291e-01  1.222582e-01  6.833790e+00 6 1 -1.000000e+00
 1.316502e-01 -5.109660e-01  1.967140e+00  0.000000e+00  0.000000e+00  2.496281e-01  1.683507e-01  1.623695e-01  2.465391e-03
-4.013711e-02  9.987353e-02 -2.404990e-01  5.536024e+01  5.000000e-01  8.717130e-01  1.344778e+00  1.538197e+00  1.997604e-01
-1.906952e-04  7.463072e-04  1.783890e-05  6.326053e+01  1.000000e+00  2.423705e+02  4.687860e+01 -2.197988e+00  2.401690e+02
3  4.055023e-02 -8.541374e-02  3.845829e-01  1.666163e-01  4.208615e-01  1.256000e+01 6 1 -1.000000e+00
 9.239497e-02 -2.745693e-01  2.599875e+00  0.000000e+00  0.000000e+00  3.457890e-01  1.090069e-01  1.774137e-01  8.806986e-03
-3.731038e-02  8.748108e-02 -1.094187e+00  1.127308e+01  5.000000e-01  6.910558e-01  5.972031e-01  8.079080e-01  1.587119e-01
-5.130607e-04  1.693225e-03  8.172456e-04  1.323644e+01  1.000000e+00  3.642604e+01  5.247864e+00 -1.960161e+00  3.515361e+01
1 -9.024445e-02 -1.321803e-01  0.000000e+00  1.349298e-01  0.000000e+00  9.698960e+00 0 2  2.770712e-01
-3.621283e-01  5.198611e-01  3.254769e+00  0.000000e+00  0.000000e+00  2.671602e-01  4.674184e-01  1.064554e-01  6.574430e-05
