# num_image x_src y_src, sep, ein, fr, zs, fs, flag_out, frac_sh_trunc
# x_img, y_img, mag, delay, n_i, kappa, gamma1, gamma2, kappa*
# zmin, zmax, log10Mhmin, log10Mhmax, log10mshmin, log10mshmax, n_bins: 0.10, 3.00, 10.00, 16.00, 9.00, 16.00, 100
3  3.374607e-01 -6.390916e-02  2.670081e+00  1.344105e+00  5.401454e-01  6.078970e+00 6 3 -1.000000e+00
 1.634020e+00 -9.511491e-01  4.554070e+00  0.000000e+00  0.000000e+00  4.914555e-01 -1.557155e-01  1.215995e-01  9.111261e-03
-8.507009e-01  2.634456e-02 -2.459860e+00  1.500042e+02  5.000000e-01  7.800503e-01 -6.691764e-01 -8.430953e-02  7.843608e-02
-4.544094e-03  9.869129e-04  2.048395e-04  2.093248e+02  1.000000e+00  7.439731e+01 -1.987845e+01  1.049488e+01  7.192778e+01
3 -1.149666e-01 -6.132326e-01  2.329559e+00  8.174139e-01  1.715953e-01  2.732270e+00 6 1 -1.000000e+00
-8.007724e-02 -1.703122e+00  2.571824e+00  0.000000e+00  0.000000e+00  3.214458e-01  2.663974e-01 -2.528163e-02  5.590179e-03
 2.324122e-01  6.053831e-01 -4.413130e-01  2.166879e+02  5.000000e-01  7.053184e-01  1.209501e+00 -9.433505e-01  2.406177e-01
 5.755478e-04  1.254879e-03  3.006876e-06  3.223723e+02  1.000000e+00  6.868868e+02  1.774001e+02 -3.261884e+02  6.855513e+02
1 -1.077557e-02 -4.431179e+00  0.000000e+00  3.528265e+00  0.000000e+00  1.257450e+01 0 2 -1.000000e+00
-1.068710e+00 -7.338607e+00  1.101488e+01  0.000000e+00  0.000000e+00  4.266170e-01  4.770391e-01 -1.020566e-01  2.881094e-04
1 -2.759782e+00  9.461186e+00  0.000000e+00  5.994305e+00  0.000000e+00  7.183590e+00 0 2 -1.000000e+00
-1.762586e+00  1.513196e+01  3.489942e+00  0.000000e+00  0.000000e+00  3.333282e-01  3.497456e-01  1.886573e-01  2.724472e-04
1  4.547189e+00  5.232912e+00  0.000000e+00  1.346579e+00  0.000000e+00  1.282930e+01 0 2  2.825919e-01
 6.518600e+00  9.151854e-01  3.035505e+00  0.000000e+00  0.000000e+00  3.063237e-01  2.085683e-01 -3.290161e-01  2.393907e-04
1 -6.376650e-01 -5.570162e+00  0.000000e+00  1.813370e+00  0.000000e+00  7.492360e+00 0 2  2.812286e-01
-3.872468e-02 -3.845906e+00  3.451224e+00  0.000000e+00  0.000000e+00  3.513717e-01  3.575337e-01 -5.600047e-02  7.145198e-04
1 -3.386942e+00 -3.767907e+00  0.000000e+00  6.654351e+00  0.000000e+00  1.243880e+01 0 2 -1.000000e+00
-1.083203e+01 -9.766754e+00  3.227262e+00  0.000000e+00  0.000000e+00  4.143639e-01  1.530730e-03 -1.819536e-01  5.344524e-05
3 -7.779112e-02 -1.493182e-02  4.046137e-01  1.741073e-01  7.639303e-01  7.475240e+00 6 1 -1.000000e+00
-2.838263e-01  1.823399e-02  2.293115e+00  0.000000e+00  0.000000e+00  2.716282e-01 -3.011913e-01 -6.100254e-02  4.458137e-02
 1.193593e-01  5.219935e-02 -1.751780e+00  5.382454e+00  5.000000e-01  5.835613e-01 -5.047326e-01 -6.996528e-01  2.450967e-01
 3.500221e-03  4.468955e-04  4.145756e-03  6.735830e+00  1.000000e+00  1.663837e+01 -1.797856e+00  3.402952e-01  1.583442e+01
3  9.187468e-01  1.048715e-01  2.605535e+00  9.897897e-01  1.213408e-01  7.463750e+00 6 1 -1.000000e+00
 2.350583e+00  1.062302e-01  1.883278e+00  0.000000e+00  0.000000e+00  2.556333e-01 -1.507098e-01  1.947557e-02  1.933833e-03
-2.499480e-01 -5.516612e-02 -2.285185e-01  6.921041e+02  5.000000e-01  1.810861e+00 -2.002670e+00 -1.011346e+00  6.836025e-01
-2.583877e-02 -4.610578e-03  2.503791e-03  7.014512e+02  1.000000e+00  2.288337e+01 -8.040537e+00 -3.851934e+00  2.071601e+01
1 -1.011951e+01 -5.181666e-01  0.000000e+00  1.096385e+01  0.000000e+00  5.800320e+00 0 2 -1.000000e+00
-1.798189e+01  4.907163e+00  1.161568e+01  0.000000e+00  0.000000e+00  5.292292e-01 -3.488943e-01  1.175046e-01  1.950339e-02
3 -1.563321e-01  4.301300e-01  1.052271e+00  4.448909e-01  1.666765e-01  7.248450e+00 6 1 -1.000000e+00
-3.638235e-01  7.895653e-01  1.320702e+00  0.000000e+00  0.000000e+00  1.178147e-01  1.189203e-01  8.328253e-02  1.739162e-02
 5.562868e-02 -1.754916e-01 -2.201301e-01  3.659781e+01  5.000000e-01  1.002454e+00  1.772613e+00  1.183478e+00  8.107511e-01
 3.795724e-03 -1.084687e-02  1.400987e-03  3.874989e+01  1.000000e+00  2.891979e+01  6.496648e+00  4.850317e+00  2.856340e+01
1  3.091209e+00 -1.433215e+00  0.000000e+00  2.155742e+00  0.000000e+00  1.409960e+01 0 2 -1.000000e+00
 4.655578e+00 -1.666230e+00  1.262617e+01  0.000000e+00  0.000000e+00  4.194010e-01 -3.871547e-01  3.286424e-01  1.911722e-03
5 -6.729703e-02 -1.029116e-02  4.899272e-01  3.775075e-01  1.000000e+00  3.747920e+00 6 3 -1.000000e+00
 1.534713e-01  3.220269e-02 -9.017257e-01  5.506853e+00  5.000000e-01  1.399227e+00 -1.002966e+00 -5.122752e-01  1.031153e+00
-2.684412e-01  2.111236e-01  3.070285e+00  0.000000e+00  0.000000e+00  3.663595e-01 -4.869744e-02  2.709727e-01  9.861038e-02
-1.409717e-01 -2.619304e-01  6.000487e+00  9.737842e-01  0.000000e+00  4.065939e-01  2.387173e-01 -3.584575e-01  1.205119e-01
-2.763095e-01 -1.243643e-01 -4.678704e+00  1.140988e+00  5.000000e-01  6.031200e-01 -3.423314e-01 -5.040410e-01  3.197778e-01
 1.756231e-02  2.999564e-03  5.578149e-02  6.002075e+00  1.000000e+00  6.380003e+00 -3.108628e+00 -1.163516e+00  5.724820e+00
3 -1.258918e-01 -1.587113e-01  7.248432e-01  4.793417e-01  4.068408e-01  9.191930e+00 6 1 -1.000000e+00
-2.791701e-01 -4.300469e-01  1.958998e+00  0.000000e+00  0.000000e+00  2.041370e-01  1.382838e-01 -3.221963e-01  5.915234e-03
 1.738955e-01  1.357527e-01 -7.970003e-01  2.614847e+01  5.000000e-01  4.006712e-01 -1.003628e-01 -1.266423e+00  9.297225e-02
 9.014446e-04  4.873120e-04  5.011917e-05  3.731759e+01  1.000000e+00  1.539313e+02 -5.802917e+01  8.255104e+00  1.529051e+02
3 -2.393027e-01 -3.406255e-01  6.853803e-01  3.349483e-01  3.152257e-01  6.198890e+00 6 1  2.796156e-01
 1.972307e-01  5.763158e-01  1.999176e+00  0.000000e+00  0.000000e+00  2.759971e-01  1.337735e-01  7.796738e-02  3.618697e-03
 4.826168e-02 -9.267933e-02 -6.301919e-01  3.288133e+01  5.000000e-01  1.531076e+00  6.669895e-01  1.193308e+00  4.897053e-01
 6.446562e-03 -1.625542e-02  3.051166e-02  3.335257e+01  1.000000e+00  7.669506e+00  1.969889e+00  2.797766e+00  5.683184e+00
3 -2.311687e-02 -1.869167e-02  9.170306e-02  4.254649e-02  6.867878e-01  9.667580e+00 6 1 -1.000000e+00
-6.638875e-02 -4.091963e-02  2.034625e+00  0.000000e+00  0.000000e+00  2.707058e-01 -2.154068e-02 -1.997873e-01  3.983399e-02
 1.078473e-02  8.615249e-03 -1.397356e+00  9.955624e-01  5.000000e-01  1.439197e+00 -1.284474e-01 -9.444748e-01  1.079771e+00
 5.424612e-03  4.125722e-03  4.097626e-01  9.974509e-01  1.000000e+00  2.889120e+00 -2.513154e-01 -1.032075e+00  2.477089e+00
3 -2.806124e-01 -3.098461e-02  6.302737e-01  2.346315e-01  1.015909e-01  5.943830e+00 6 1 -1.000000e+00
-5.323873e-01 -9.877097e-02  1.495347e+00  0.000000e+00  0.000000e+00  1.751499e-01 -1.074382e-01 -9.667508e-03  8.791000e-03
 5.452302e-03  4.871025e-04  8.603641e-04  3.597986e+01  1.000000e+00  3.673330e+01 -1.061197e+01 -1.398686e+00  3.612769e+01
 8.902906e-02  6.521776e-03 -1.519136e-01  3.441821e+01  5.000000e-01  1.215396e+00 -2.550930e+00 -3.490552e-01  8.783474e-01
3 -4.227169e-01  2.356687e-01  1.099388e+00  6.896690e-01  3.059031e-02  8.401620e+00 6 2 -1.000000e+00
-9.031831e-01 -1.337210e-01  3.612824e+00  0.000000e+00  0.000000e+00  3.143172e-01 -4.074622e-01  1.653592e-01  1.672337e-02
 1.956709e-01 -9.947361e-02 -1.105174e-01  9.625613e+01  5.000000e-01  1.375581e+00 -1.587035e+00  2.582775e+00  7.620015e-01
 4.220408e-03 -1.853676e-03  1.059244e-04  1.098041e+02  1.000000e+00  1.076349e+02 -3.356251e+01  2.835264e+01  1.061950e+02
3 -1.286853e-01 -1.875230e-01  1.858753e+00  6.750994e-01  8.574840e-01  5.547950e+00 6 3 -1.000000e+00
-7.317315e-01 -9.644860e-01  3.163186e+00  0.000000e+00  0.000000e+00  3.793064e-01 -1.011743e-02 -2.627189e-01  6.251544e-03
 1.457339e-01  6.741158e-01 -3.688916e+00  1.157836e+02  5.000000e-01  6.835067e-01  5.696933e-01 -2.161014e-01  5.153382e-02
 2.350051e-04  5.005299e-04  4.754679e-06  2.121767e+02  1.000000e+00  4.986368e+02  1.576618e+02 -1.116512e+02  4.951936e+02
5 -6.338241e-02  5.022449e-02  9.526455e-01  2.065440e-01  1.000000e+00  1.406190e+01 6 1 -1.000000e+00
 1.076079e-01 -3.487922e-01  2.849602e+00  2.216259e+01  0.000000e+00  4.001095e-01  9.237366e-02  2.023709e-02  2.898430e-02
-1.286649e-01 -2.385668e-01 -1.644872e+00  2.413966e+01  5.000000e-01  5.227814e-01  6.807930e-02 -9.116211e-01  7.408484e-02
 2.052211e-01  1.911332e-02 -8.277709e-01  2.792072e+01  5.000000e-01  5.036265e-01 -1.138915e+00 -3.966398e-01  2.572248e-02
-2.865169e-01  5.185019e-01  2.001007e+00  0.000000e+00  0.000000e+00  2.759261e-01 -1.439136e-01 -6.183377e-02  3.954862e-03
 1.265513e-04 -2.554286e-04  1.683891e-05  4.534504e+01  1.000000e+00  2.711729e+02  1.166184e+02  2.699559e+00  2.692641e+02
1  1.150952e+00 -7.194029e-01  0.000000e+00  7.895320e-01  0.000000e+00  1.278180e+01 0 2 -1.000000e+00
 1.694104e+00 -1.102680e+00  3.407953e+00  0.000000e+00  0.000000e+00  3.712298e-01 -1.451257e-01  2.843576e-01  1.806704e-03
1  4.638882e-01  1.436669e+00  0.000000e+00  8.263703e-01  0.000000e+00  7.283400e+00 0 2 -1.000000e+00
 7.889281e-01  2.737749e+00  3.292428e+00  0.000000e+00  0.000000e+00  4.064017e-01  1.251883e-01 -1.815480e-01  5.165436e-04
3  3.344664e-02  1.117167e-02  3.451009e-01  1.800723e-01  8.548183e-01  1.063190e+01 6 1 -1.000000e+00
-1.042342e-01 -9.997248e-02 -2.317090e+00  4.406794e+00  5.000000e-01  4.559970e-01  1.080042e-01 -8.460793e-01  1.137560e-01
 2.221846e-01  1.203381e-02  2.710623e+00  0.000000e+00  0.000000e+00  3.198246e-01 -3.010806e-01 -5.540885e-02  3.635917e-02
-2.281147e-04 -7.897637e-05  5.157887e-05  1.026009e+01  1.000000e+00  1.433449e+02 -2.245325e+01 -1.923867e+01  1.421832e+02
3 -1.734523e+00 -1.923913e+00  4.533126e+00  1.810961e+00  7.825141e-01  1.364240e+01 6 1  2.843525e-01
-1.591952e-01 -1.137764e+00 -1.786773e+00  2.888150e+02  5.000000e-01  9.242599e-01  6.348546e-01 -4.029446e-01  3.475468e-02
-1.561686e+00  3.172949e+00  2.283375e+00  0.000000e+00  0.000000e+00  3.369249e-01  3.549583e-02  2.145886e-02  9.073786e-04
 3.392677e-04 -3.757094e-03  4.050145e-05  3.478117e+02  1.000000e+00  1.631240e+02  3.935560e+01 -6.697579e+00  1.582044e+02
1 -1.237895e+00 -8.913448e-01  0.000000e+00  9.281337e-01  0.000000e+00  9.377510e+00 0 2  2.725156e-01
-2.036136e+00  7.592243e-01  3.637793e+00  0.000000e+00  0.000000e+00  4.309810e-01 -7.775135e-02  2.069911e-01  1.163345e-03
3  1.327790e-01 -5.842522e-01  1.540890e+00  5.899520e-01  1.050217e-01  7.867390e+00 6 1 -1.000000e+00
 3.039261e-01 -1.284706e+00  1.615143e+00  0.000000e+00  0.000000e+00  2.116415e-01  4.837764e-02  5.346422e-03  2.975263e-03
-9.534402e-04  3.013782e-03  4.665055e-05  2.348700e+02  1.000000e+00  1.520195e+02  2.422789e+01  2.799850e+01  1.506907e+02
-5.825322e-02  2.130153e-01 -1.696251e-01  2.136389e+02  5.000000e-01  9.430722e-01  2.140929e+00  1.146742e+00  4.207321e-01
3  2.238632e-01 -3.344601e-01  1.023189e+00  4.084905e-01  1.493935e-01  4.870490e+00 6 1 -1.000000e+00
 4.018890e-01 -6.881241e-01  1.781293e+00  0.000000e+00  0.000000e+00  1.975332e-01  9.160049e-02  2.723458e-01  1.248567e-02
-1.139574e-01  1.955147e-01 -2.661135e-01  2.602047e+01  5.000000e-01  6.758322e-01  7.901208e-01  1.799608e+00  3.560629e-01
-1.547725e-03  3.256796e-03  1.454385e-04  3.051287e+01  1.000000e+00  8.605305e+01  1.772197e+01  6.648073e+00  8.527108e+01
3 -9.245719e-02  9.209536e-02  1.245900e+00  5.145193e-01  5.963434e-01  3.287890e+00 6 3 -1.000000e+00
 3.604905e-01 -3.694944e-01 -2.773911e+00  2.472552e+01  5.000000e-01  4.446596e-01 -6.978108e-02  8.148837e-01  6.566621e-02
-4.625113e-01  5.658849e-01  4.651532e+00  0.000000e+00  0.000000e+00  3.354023e-01  3.572535e-02  4.747956e-01  2.779995e-02
 2.224275e-04 -3.099443e-04  8.506040e-06  6.783180e+01  1.000000e+00  3.584766e+02  7.051721e+01  7.247973e+01  3.563699e+02
3  1.895220e-01  3.465590e-01  1.194939e+00  5.065247e-01  1.653105e-01  5.552410e+00 6 1 -1.000000e+00
 5.085612e-01  7.050043e-01  2.483380e+00  0.000000e+00  0.000000e+00  2.331360e-01  1.483449e-01 -4.042243e-01  1.723987e-02
-1.107736e-01 -3.169077e-01 -4.105288e-01  8.143928e+01  5.000000e-01  5.820887e-01  1.113349e+00 -1.170891e+00  2.786343e-01
-1.121816e-03 -4.235954e-03  2.157602e-04  1.033190e+02  1.000000e+00  7.173521e+01  1.858008e+01  4.845014e+00  7.104692e+01
3 -3.051956e-02 -1.102678e-02  4.659479e-01  2.123176e-01  6.884305e-01  1.743390e+01 6 3 -1.000000e+00
-2.904326e-01  2.998891e-02  3.348565e+00  0.000000e+00  0.000000e+00  2.581864e-01 -4.927249e-01  9.420293e-02  2.424553e-02
 1.500541e-01  1.819062e-01 -2.305254e+00  3.920997e+00  5.000000e-01  3.791817e-01  1.305632e-01 -8.956340e-01  1.173965e-01
 9.613364e-05  6.403257e-05  1.677721e-05  1.502236e+01  1.000000e+00  2.528038e+02  3.826656e+01 -4.833384e+01  2.518207e+02
3 -4.783449e-01 -6.035488e-01  1.664410e+00  9.761104e-01  1.446808e-02  8.516060e+00 6 2 -1.000000e+00
-7.611063e-01 -1.145827e+00  8.044141e+00  0.000000e+00  0.000000e+00  3.435400e-01  2.219920e-01 -5.072920e-01  2.034228e-02
 1.820060e-02  1.553108e-02  1.070528e-03  1.335252e+02  1.000000e+00  4.028958e+01 -6.242581e+00 -2.388687e+01  3.904828e+01
 2.148643e-01  2.024101e-01 -1.163833e-01  1.277129e+02  5.000000e-01  2.192610e+00  2.347232e-01 -3.155871e+00  1.529272e+00
3  1.717516e+00 -1.275892e+00  2.230235e+00  9.715022e-01  2.852985e-01  8.080480e+00 6 1  2.793725e-01
-3.426445e-01 -2.620967e-01 -7.136650e-01  1.751441e+02  5.000000e-01  1.055374e+00 -3.365688e-01 -1.136224e+00  3.165781e-01
 1.593315e+00  8.451573e-01  2.501468e+00  0.000000e+00  0.000000e+00  3.383638e-01 -1.136556e-01 -1.583654e-01  7.363256e-03
-1.705426e-02 -1.279758e-02  2.509997e-03  1.861728e+02  1.000000e+00  2.213553e+01 -6.892768e-01 -6.915842e+00  2.042926e+01
3  1.970095e-01 -6.117890e-02  8.162553e-01  3.272449e-01  3.151700e-01  1.530230e+01 6 1 -1.000000e+00
 5.774995e-01 -3.247352e-01  2.363227e+00  0.000000e+00  0.000000e+00  3.309932e-01 -1.326083e-01  8.267370e-02  6.558715e-03
-1.465140e-01  5.219624e-02 -7.448183e-01  4.057785e+01  5.000000e-01  1.086944e+00 -1.055998e+00  4.848065e-01  2.193948e-01
-4.757227e-03  2.906565e-03  1.013642e-03  4.355277e+01  1.000000e+00  3.700416e+01 -4.219683e+00  1.708660e+01  3.464734e+01
3 -6.755233e-01 -5.813332e-01  6.721597e-01  3.368100e-01  8.324448e-01  1.543860e+01 6 3  2.779833e-01
 4.177022e-01 -1.926626e-01  2.698638e+00  0.000000e+00  0.000000e+00  3.596079e-01 -8.195298e-02  1.811863e-01  1.047810e-02
-2.436443e-01 -7.258201e-02 -3.241823e+00  1.492316e+01  5.000000e-01  7.271728e-01 -4.307979e-01 -4.442030e-01  5.769168e-02
-1.108509e-03  3.188245e-04  3.038429e-04  2.288989e+01  1.000000e+00  6.016509e+01 -1.364416e+01  4.813524e+00  5.701577e+01
2  1.982270e-01 -2.901531e-01  3.837460e+00  2.260979e+00  7.218812e-01  8.509290e+00 6 3 -1.000000e+00
 9.910583e-01 -2.378718e+00  6.647788e+00  0.000000e+00  0.000000e+00  5.687140e-01  1.462465e-01  1.191368e-01  1.744327e-03
-1.105550e+00  8.353657e-01 -4.798913e+00  2.289458e+02  5.000000e-01  7.996374e-01 -1.615968e-01  4.716060e-01  2.000334e-02
3  3.557970e-01  1.610373e-01  2.010947e+00  1.070127e+00  1.579553e-01  5.553040e+00 6 3 -1.000000e+00
-5.447194e-01 -2.409737e-01 -7.577108e-01  6.406571e+01  5.000000e-01  1.143536e+00 -8.568270e-01 -7.785980e-01  5.645899e-01
 1.113965e+00  8.959848e-01  4.796996e+00  0.000000e+00  0.000000e+00  4.280278e-01 -8.830815e-02 -3.330017e-01  7.149629e-02
-2.359255e-02 -1.198320e-02  3.744161e-03  7.405596e+01  1.000000e+00  2.106818e+01 -6.620545e+00 -9.582147e+00  1.966989e+01
2 -1.463358e+00  2.865769e+00  3.010244e+00  1.585036e+00  1.009270e-03  6.644540e+00 6 2  2.792914e-01
-2.677380e+00 -1.198892e+00  4.463214e+00  0.000000e+00  0.000000e+00  3.702127e-01 -3.072678e-01 -2.795796e-01  7.561812e-04
 7.546280e-02  1.906704e-02 -4.504589e-03  6.805682e+02  5.000000e-01  1.269534e+01 -1.652651e+01 -9.254796e+00  1.067138e+01
3 -3.060592e-01  5.107728e-01  1.580185e+00  6.291450e-01  1.257535e-01  8.502700e+00 6 1 -1.000000e+00
-4.663144e-01  1.303183e+00  1.857759e+00  0.000000e+00  0.000000e+00  2.507180e-01 -3.493446e-03  1.520805e-01  9.219666e-04
 1.088561e-01 -1.686060e-01 -2.336198e-01  2.429705e+02  5.000000e-01  8.957895e-01  7.787005e-01  1.919621e+00  1.931234e-01
 2.098365e-03 -3.552465e-03  1.923622e-04  2.581787e+02  1.000000e+00  7.352938e+01 -3.389104e+00 -7.106219e+00  7.178984e+01
3 -8.264652e-02 -4.636717e-01  1.117677e+00  5.486917e-01  2.970992e-01  1.134090e+01 6 1  2.942526e-01
 5.475485e-02 -2.696759e-01 -7.590958e-01  3.349862e+01  5.000000e-01  1.161926e+00  1.039717e+00  5.124113e-01  2.520021e-01
 1.498667e-01  8.439467e-01  2.555024e+00  0.000000e+00  0.000000e+00  2.856797e-01  3.340631e-01 -8.526191e-02  1.506944e-02
 2.409902e-03 -2.124481e-02  1.014668e-02  3.564066e+01  1.000000e+00  1.189643e+01  4.294444e+00  1.317438e+00  8.757676e+00
3 -7.564852e-01 -9.773665e-02  2.887039e+00  1.006152e+00  5.176209e-01  5.504170e+00 6 1 -1.000000e+00
-2.374841e+00 -2.532692e-01  2.151938e+00  0.000000e+00  0.000000e+00  3.086834e-01 -1.074688e-01 -4.088745e-02  3.525178e-03
 4.976807e-01  3.588676e-02 -1.113888e+00  2.469673e+02  5.000000e-01  9.292688e-01 -9.290627e-01 -1.990013e-01  2.214392e-01
 2.475710e-02  5.987743e-04  2.941356e-03  2.592708e+02  1.000000e+00  1.998246e+01 -4.368741e+00  1.126354e+00  1.842930e+01
5  9.978584e-02 -3.965986e-01  2.976189e+00  1.159271e+00  1.000000e+00  9.680220e+00 6 3 -1.000000e+00
 6.231235e-01 -1.998324e+00  2.253047e+00  0.000000e+00  0.000000e+00  3.331617e-01 -3.037102e-03 -2.864626e-02  3.781555e-03
 2.272956e-01  7.485845e-01 -3.857114e+00  2.010116e+02  5.000000e-01  5.811356e-01  3.675816e-01 -5.473503e-01  4.144824e-02
-6.055480e-01  5.941417e-01 -7.857396e+00  1.992848e+02  5.000000e-01  5.933996e-01 -1.909981e-01  5.060753e-01  6.882290e-02
-3.799430e-01  8.037391e-01  1.244555e+01  1.989670e+02  0.000000e+00  5.456653e-01  2.043034e-01  2.903966e-01  4.781082e-02
-8.240422e-04  2.048415e-03  3.875918e-05  2.827202e+02  1.000000e+00  1.660041e+02  1.207470e+01  3.578011e+01  1.642774e+02
2  5.637343e-02 -2.923818e-01  1.671522e+00  1.000492e+00  3.555275e-01  1.363300e+01 6 3 -1.000000e+00
 3.762087e-01 -1.074869e+00  4.567110e+00  0.000000e+00  0.000000e+00  3.716526e-01  2.792341e-01  3.128768e-01  1.741366e-03
 2.958535e-02  5.603185e-01 -1.623733e+00  2.188702e+02  5.000000e-01  7.557008e-01  8.204989e-01 -4.825323e-02  1.263851e-02
1 -7.403930e+00 -5.980434e+00  0.000000e+00  2.505196e+00  0.000000e+00  4.795690e+00 0 2  2.773565e-01
-3.832942e+00 -4.594746e+00  3.364995e+00  0.000000e+00  0.000000e+00  3.865140e-01 -4.657855e-02 -2.775216e-01  2.317316e-04
3  7.493534e-01 -3.274032e-01  1.815385e+00  9.981009e-01  5.986810e-02  6.212250e+00 6 2 -1.000000e+00
 1.424527e+00 -5.039665e-01  3.242532e+00  0.000000e+00  0.000000e+00  2.901446e-01 -3.065992e-01  3.185760e-01  3.398069e-02
-4.250572e-02  1.700722e-02  7.441918e-03  6.651359e+01  1.000000e+00  1.412275e+01 -4.574427e+00  4.111855e+00  1.334481e+01
-2.819468e-01  1.153631e-01 -1.941242e-01  6.494487e+01  5.000000e-01  1.758349e+00 -1.662046e+00  1.721638e+00  1.268332e+00
2 -4.458355e-01 -4.549512e-01  2.006877e+00  7.714285e-01  2.026674e-01  8.803000e+00 6 1 -1.000000e+00
-9.417932e-01 -1.336495e+00  1.773276e+00  0.000000e+00  0.000000e+00  2.343243e-01 -4.783752e-02 -1.415725e-01  2.267794e-03
 2.745519e-01  2.597694e-01 -3.593851e-01  2.110652e+02  5.000000e-01  8.355360e-01 -2.014556e-01 -1.664030e+00  1.583585e-01
3 -1.650603e+00 -3.976063e-02  1.149851e+00  6.227377e-01  2.107391e-01  9.297030e+00 6 1  3.000213e-01
 2.388397e-01 -9.313026e-02 -5.435110e-01  4.520822e+01  5.000000e-01  1.131365e+00 -9.668189e-01  9.604203e-01  1.418518e-01
-6.406964e-01  6.475267e-01  2.579071e+00  0.000000e+00  0.000000e+00  2.804462e-01 -9.756247e-02  3.471350e-01  3.058418e-03
 8.173187e-03 -2.330412e-03  1.179685e-03  4.900100e+01  1.000000e+00  3.204410e+01 -1.059066e+01  1.972286e+00  2.755295e+01
1  2.270376e+00  4.156221e+00  0.000000e+00  4.652179e+00  0.000000e+00  7.179760e+00 0 2 -1.000000e+00
 9.287724e+00  7.742265e+00  3.288496e+00  0.000000e+00  0.000000e+00  3.998731e-01  2.946187e-02 -2.349338e-01  5.241793e-05
3  2.582391e-01  1.675543e-01  8.494181e-01  4.539959e-01  1.936456e-01  3.615100e+00 6 1 -1.000000e+00
-1.794997e-01 -7.706189e-02 -4.014033e-01  4.814032e+01  5.000000e-01  8.730006e-01 -9.698109e-01 -1.251741e+00  5.053215e-01
 4.961440e-01  4.377359e-01  2.072876e+00  0.000000e+00  0.000000e+00  2.196797e-01 -9.169143e-02 -3.436145e-01  1.973548e-02
-8.884511e-03 -3.652688e-03  2.074328e-03  5.269075e+01  1.000000e+00  2.398113e+01 -6.405923e+00 -2.238876e+00  2.317421e+01
3 -1.110154e-01  8.029647e-02  1.709082e+00  7.630196e-01  8.208000e-01  9.364470e+00 6 3 -1.000000e+00
-9.507178e-01  5.108742e-01  3.460135e+00  0.000000e+00  0.000000e+00  3.852475e-01 -1.923704e-01  2.278339e-01  6.062366e-03
 2.522005e-01 -7.031886e-01 -4.215565e+00  4.501777e+01  5.000000e-01  5.836169e-01  5.423270e-01  3.412805e-01  2.520167e-02
 1.107412e-04 -9.858693e-05  1.335272e-06  1.311275e+02  1.000000e+00  8.796505e+02  5.913767e+01  1.400663e+02  8.759005e+02
3  9.692039e-01 -2.260458e-01  1.595131e+00  7.759647e-01  3.031259e-01  7.563680e+00 6 1  2.973687e-01
 1.110727e+00 -6.968990e-01  1.630475e+00  0.000000e+00  0.000000e+00  1.939205e-01 -7.020199e-02  1.775318e-01  1.325974e-02
-2.740371e-01  9.485302e-02 -4.942392e-01  2.810884e+01  5.000000e-01  1.299466e+00 -1.211237e+00  8.036773e-01  5.169408e-01
-2.852834e-02  1.290820e-02  8.354837e-03  2.900662e+01  1.000000e+00  1.310990e+01 -3.671839e+00  3.670999e+00  1.109288e+01
3 -2.714353e-01  3.874764e-01  2.369837e+00  1.195842e+00  2.834697e-01  4.116080e+00 6 3 -1.000000e+00
 3.136237e-01 -7.179756e-01 -8.577226e-01  9.604649e+01  5.000000e-01  8.057516e-01  7.508823e-01  7.998664e-01  4.411557e-01
-1.572048e+00  7.174232e-01  3.025800e+00  0.000000e+00  0.000000e+00  3.286742e-01 -1.329332e-01  3.201813e-01  6.627210e-02
 1.411973e-02 -2.401724e-02  5.772003e-03  1.172121e+02  1.000000e+00  1.455137e+01  2.253875e+00  2.304275e+00  1.392646e+01
3 -5.854125e-03  5.912243e-01  2.178357e+00  9.940477e-01  1.421208e-01  5.549650e+00 6 3 -1.000000e+00
-6.610213e-02 -3.862725e-01 -4.862156e-01  1.680660e+02  5.000000e-01  1.640777e+00  1.474432e+00 -5.416153e-01  7.823585e-01
-7.307482e-01  1.688212e+00  3.421144e+00  0.000000e+00  0.000000e+00  4.075941e-01  1.991539e-01  1.377774e-01  1.255611e-02
-7.374871e-03 -5.643823e-02  1.769344e-02  1.721261e+02  1.000000e+00  1.005768e+01  4.702839e+00 -1.845719e+00  8.693659e+00
3 -9.255100e-01 -1.585636e+00  5.751145e-01  3.283286e-01  8.167745e-02  1.123330e+01 6 2  2.791695e-01
 3.893326e-01  2.360079e-01  5.635414e+00  0.000000e+00  0.000000e+00  4.053127e-01 -1.154637e-01 -4.035739e-01  1.061899e-02
-7.554945e-02 -1.025794e-01 -4.602863e-01  2.593027e+01  5.000000e-01  1.154317e+00  5.277451e-01 -1.384868e+00  2.637379e-01
-2.330797e-03 -2.541194e-03  6.875446e-04  2.871950e+01  1.000000e+00  4.119026e+01 -5.165106e-02 -1.268083e+01  3.877881e+01
3 -1.271828e-01 -1.575325e-01  8.321744e-01  2.691114e-01  2.754144e-01  1.589930e+01 6 1 -1.000000e+00
-5.853258e-01 -3.909905e-01  2.107176e+00  0.000000e+00  0.000000e+00  3.071374e-01  4.453848e-02 -5.921259e-02  2.876130e-03
 4.847603e-02  1.482770e-01 -5.803468e-01  7.241335e+01  5.000000e-01  1.107077e+00  1.062303e+00 -7.785144e-01  3.947529e-01
 2.469910e-03  6.286393e-03  1.941090e-03  7.724487e+01  1.000000e+00  2.623909e+01  1.038678e+01 -3.735242e+00  2.467153e+01
3 -2.707629e-01  3.529429e-01  1.193161e+00  3.873830e-01  1.375389e-01  1.282620e+01 6 1 -1.000000e+00
 1.340776e-01 -2.011526e-01 -2.697662e-01  8.241081e+01  5.000000e-01  6.693283e-01  2.983941e-01  1.930600e+00  1.940317e-01
-3.728450e-01  8.789689e-01  1.961381e+00  0.000000e+00  0.000000e+00  2.383240e-01  5.252428e-02  2.598974e-01  6.157120e-03
 7.186690e-04 -2.337253e-03  4.411483e-05  9.763473e+01  1.000000e+00  1.655598e+02  6.639325e+01 -1.936705e+00  1.642030e+02
1  3.407803e-01 -2.325064e-02  0.000000e+00  1.569370e-01  0.000000e+00  9.981420e+00 0 2  2.814697e-01
-1.811089e-01 -1.785990e-01  3.626552e+00  0.000000e+00  0.000000e+00  4.396280e-01  6.932224e-03 -1.955114e-01  6.352522e-03
3  2.584201e-02 -3.899287e-01  9.343957e-01  4.339204e-01  2.629414e-02  7.482820e+00 6 2 -1.000000e+00
-1.935178e-01 -7.009141e-01  5.975686e+00  0.000000e+00  0.000000e+00  3.175163e-01  5.308998e-01 -1.287810e-01  2.434076e-02
-3.927694e-04  4.358377e-03  1.517620e-04  9.457857e+01  1.000000e+00  8.865231e+01  3.230106e+01  7.092677e+00  8.751606e+01
-1.834610e-02  2.169149e-01 -1.571255e-01  8.091155e+01  5.000000e-01  1.143692e+00  2.493528e+00  4.090286e-01  6.631067e-01
2 -9.722377e-02 -1.490352e+00  4.181005e+00  1.565970e+00  3.856235e-03  1.541880e+01 6 2 -1.000000e+00
-1.272498e+00 -3.795531e+00  4.811230e+00  0.000000e+00  0.000000e+00  4.908946e-01  2.137237e-01 -7.525561e-02  1.717825e-04
 1.658970e-02  1.817870e-01 -1.855323e-02  2.003610e+03  5.000000e-01  3.163329e+00  7.572193e+00 -1.113929e+00  1.127441e+00
1  5.347726e-01  9.873189e-01  0.000000e+00  6.424272e-01  0.000000e+00  1.320740e+01 0 2  2.952543e-01
 9.608083e-01  6.591963e-02  3.588227e+00  0.000000e+00  0.000000e+00  3.842423e-01 -2.960893e-01  1.131347e-01  1.797738e-02
1  4.159741e-02  8.107435e-02  0.000000e+00  7.647304e-02  0.000000e+00  9.901260e+00 0 2  2.737122e-01
 1.601633e-01  6.354257e-03  3.121649e+00  0.000000e+00  0.000000e+00  3.898138e-01 -2.202505e-01  5.893525e-02  5.167255e-03
3 -2.992155e-01 -3.520030e-01  8.216073e-01  3.552962e-01  9.537456e-03  9.296910e+00 6 2  2.724678e-01
 6.811024e-02 -7.624112e-01  3.211427e+00  0.000000e+00  0.000000e+00  3.391804e-01  2.968081e-01  1.928714e-01  1.183138e-03
-1.460864e-03  2.941391e-03  1.087764e-04  1.071029e+02  1.000000e+00  1.080011e+02  2.374046e+01  4.113950e+01  1.045996e+02
-2.217834e-02  5.421997e-02 -3.062884e-02  1.049698e+02  5.000000e-01  3.306567e+00  4.755588e+00  3.918367e+00  1.666965e+00
3  4.394577e-01  4.607827e-01  1.585113e+00  6.313705e-01  1.255483e-01  1.206440e+01 6 1  2.703824e-01
-1.142103e+00  7.758504e-01  2.112074e+00  0.000000e+00  0.000000e+00  3.018306e-01 -1.171341e-01 -1.587055e-02  1.929622e-03
 2.269704e-01 -2.303793e-02 -2.651673e-01  2.500982e+02  5.000000e-01  1.161013e+00 -1.938536e+00  1.980100e-01  3.164271e-01
 3.473364e-03 -6.559176e-04  9.215816e-05  2.716046e+02  1.000000e+00  1.093145e+02 -2.858537e+01  8.000314e+00  1.070124e+02
3  8.321970e-02  9.328217e-01  3.125022e+00  1.025420e+00  1.305844e-01  5.552340e+00 6 1 -1.000000e+00
 4.122035e-01  2.670718e+00  2.178695e+00  0.000000e+00  0.000000e+00  3.207212e-01  4.723468e-02 -1.407643e-02  3.953341e-03
 5.981336e-03 -4.277889e-01 -2.845035e-01  2.600782e+02  5.000000e-01  1.326741e+00  1.902899e+00  2.509834e-02  6.270582e-01
 2.572611e-04 -1.545921e-02  3.688103e-04  2.739768e+02  1.000000e+00  5.977579e+01  2.697457e+01  3.942785e+00  5.836852e+01
3 -2.176264e-01 -1.565411e-01  2.863233e+00  1.048932e+00  3.522531e-01  9.384030e+00 6 3 -1.000000e+00
-1.484060e+00 -1.365618e+00  3.709711e+00  0.000000e+00  0.000000e+00  4.694556e-01 -6.052232e-02 -9.083843e-02  9.289422e-03
 9.433689e-01  1.528333e-01 -1.053138e+01  1.426030e+02  5.000000e-01  7.118678e-01 -4.180668e-01  5.652132e-02  2.371118e-02
 7.067552e-03  7.650242e-03  1.462945e-03  1.926937e+02  1.000000e+00  3.027999e+01  4.162013e+00 -1.250772e+01  2.796896e+01
3  3.734729e-01  3.470822e-01  1.459303e+00  5.211798e-01  1.762159e-01  5.812180e+00 6 1 -1.000000e+00
 7.814611e-01  7.675863e-01  1.895933e+00  0.000000e+00  0.000000e+00  2.180933e-01 -3.708070e-02 -2.873294e-01  5.059537e-03
-2.503594e-01 -2.643593e-01 -3.340935e-01  1.304712e+02  5.000000e-01  4.757596e-01 -7.182871e-02 -1.806334e+00  1.228392e-01
-4.114634e-04 -6.172557e-04  2.866643e-06  1.849581e+02  1.000000e+00  6.153801e+02  1.529848e+02 -7.223928e+01  6.142002e+02
1 -8.811519e-02 -4.932340e-02  0.000000e+00  4.856735e-02  0.000000e+00  5.369380e+00 0 2  3.005384e-01
-5.683733e-02  7.960374e-02  3.916794e+00  0.000000e+00  0.000000e+00  4.830679e-01  7.601879e-02  7.828860e-02  3.425426e-03
5  1.696261e+00  3.251959e+00  2.894985e+01  1.627022e+01  1.000000e+00  7.559460e+00 6 3 -1.000000e+00
 1.783030e+00  1.890157e+01  1.986696e+00  0.000000e+00  0.000000e+00  2.688759e-01  1.374923e-01 -1.108612e-01  1.076782e-04
 6.133517e+00 -9.719528e+00  8.715924e+00  8.932352e+03  0.000000e+00  5.782240e-01  3.044933e-02  2.494700e-01  6.627924e-04
 8.513572e+00 -6.519193e+00 -7.205868e+00  8.979656e+03  5.000000e-01  7.501221e-01 -2.538654e-01  3.698204e-01  1.023850e-03
-4.609233e+00 -2.178641e+00 -1.973142e+00  1.109098e+04  5.000000e-01  1.305958e+00 -6.228330e-01 -4.609722e-01  6.563735e-03
-1.221820e-01 -1.867592e-01  2.030691e-02  1.137067e+04  1.000000e+00  9.440149e+00  1.100228e+00 -4.558652e+00  5.331886e+00
2 -9.094612e-01  8.471518e-01  9.044181e-03  2.279147e-01  1.142131e-01  3.615570e+00 6 1  2.852920e-01
 4.137089e-03  2.789935e-04  9.107607e-05  1.365944e-01  1.000000e+00  1.234405e+02 -6.299643e+01 -6.579344e+00  1.222535e+02
 1.313886e-02  1.153881e-03 -7.974220e-04  0.000000e+00  5.000000e-01  2.307367e+01 -4.060985e+01 -9.598318e+00  2.211903e+01
3 -1.068450e-01  2.749401e-01  7.993924e-01  3.551200e-01  1.451540e-01  7.565750e+00 6 1 -1.000000e+00
-2.809654e-01  5.541001e-01  1.947614e+00  0.000000e+00  0.000000e+00  2.280978e-01  2.153268e-01  1.897862e-01  1.900225e-02
 6.147845e-02 -1.682298e-01 -2.827041e-01  5.850695e+01  5.000000e-01  8.260754e-01  1.463515e+00  1.194002e+00  4.779679e-01
 1.394597e-03 -3.698904e-03  2.844734e-04  6.734242e+01  1.000000e+00  6.261896e+01  1.287808e+01  1.076028e+01  6.181236e+01
3  5.076536e-02  5.236981e-02  2.590625e-01  1.089284e-01  2.274971e-01  7.867390e+00 6 3 -1.000000e+00
-3.074647e-02 -5.446880e-02 -7.709880e-01  5.258758e+00  5.000000e-01  8.933022e-01  4.401689e-01 -1.055781e+00  2.986407e-01
 1.821908e-01  9.308150e-02  3.389002e+00  0.000000e+00  0.000000e+00  3.617213e-01 -1.002763e-01 -3.198003e-01  1.135181e-02
-1.721894e-03 -3.119483e-03  6.753617e-03  5.707391e+00  1.000000e+00  1.366551e+01  3.452924e+00 -6.509384e-01  1.250327e+01
2  5.613184e-01 -1.374903e+00  4.204386e+00  1.764626e+00  1.039458e-01  6.643230e+00 6 1 -1.000000e+00
 1.860561e+00 -3.229016e+00  1.916105e+00  0.000000e+00  0.000000e+00  2.701647e-01  9.080897e-02  5.021102e-02  1.590589e-04
-1.497204e-01  4.636299e-01 -1.991709e-01  7.093081e+02  5.000000e-01  7.963312e-01  1.865386e+00  1.258025e+00  6.091773e-02
1 -2.763620e-01  2.043422e-01  0.000000e+00  6.264892e-02  0.000000e+00  4.795690e+00 0 2  3.085478e-01
-8.381024e-02  4.089564e-02  8.518057e+00  0.000000e+00  0.000000e+00  4.962567e-01 -1.774494e-01  3.238385e-01  6.921492e-03
3 -3.667231e-02 -3.188535e-01  1.020036e+00  3.143886e-01  2.886373e-01  5.807480e+00 6 1 -1.000000e+00
-1.498012e-02 -7.743946e-01  1.767717e+00  0.000000e+00  0.000000e+00  2.153289e-01  2.049245e-01 -8.951741e-02  8.324348e-03
-2.980472e-02  2.455335e-01 -5.102292e-01  6.557604e+01  5.000000e-01  6.761787e-01  1.431954e+00 -1.194591e-01  2.911605e-01
-1.292161e-03  4.048888e-03  1.522527e-04  7.779688e+01  1.000000e+00  1.024467e+02  3.702837e+01  4.850062e+01  1.013592e+02
3 -4.261458e-01  5.385297e-01  2.295375e+00  9.742839e-01  2.582183e-01  6.499200e+00 6 1 -1.000000e+00
 1.934038e-01 -3.590047e-01 -7.061941e-01  1.370165e+02  5.000000e-01  1.206540e+00  5.698067e-01  1.064904e+00  4.407290e-01
-1.338929e+00  1.350002e+00  2.734873e+00  0.000000e+00  0.000000e+00  3.431526e-01  2.549096e-02  2.552467e-01  7.884087e-03
 2.156255e-02 -4.241641e-02  1.387037e-02  1.408787e+02  1.000000e+00  1.028076e+01  2.899577e+00  2.372523e+00  8.870990e+00
3  3.228394e-01 -2.328632e+00  2.298105e+00  1.048911e+00  3.710933e-01  1.590750e+01 6 1  2.832328e-01
 1.372612e+00 -1.079634e+00  2.993180e+00  0.000000e+00  0.000000e+00  3.982022e-01  4.097492e-02  1.624461e-01  4.733244e-03
-2.171986e-01  5.798214e-01 -1.110749e+00  1.029860e+02  5.000000e-01  8.317092e-01  8.110681e-01  5.203687e-01  8.669713e-02
-1.628873e-03  2.887208e-03  9.022343e-05  1.323048e+02  1.000000e+00  1.083785e+02  1.157013e+01  1.768280e+01  1.054279e+02
3 -5.979317e-01  4.687591e-01  2.285472e+00  7.804076e-01  1.036138e-01  1.205180e+01 6 1 -1.000000e+00
-1.405697e+00  1.471859e+00  1.729294e+00  0.000000e+00  0.000000e+00  2.332573e-01 -8.203915e-02 -5.378806e-02  6.417888e-04
 2.154852e-01 -1.390871e-01 -1.791787e-01  5.634892e+02  5.000000e-01  9.113807e-01 -9.321690e-01  2.172541e+00  2.807781e-01
 1.760339e-03 -9.836072e-04  1.179112e-05  6.140429e+02  1.000000e+00  3.006020e+02 -6.206433e+01  3.316335e+01  2.989585e+02
5  1.624608e-01  2.083649e-03  1.821561e+00  8.677893e-01  1.000000e+00  8.236310e+00 6 3 -1.000000e+00
 9.028156e-01 -6.169616e-01  2.163424e+00  0.000000e+00  0.000000e+00  2.400080e-01 -1.777705e-01  2.894050e-01  5.579158e-02
-6.063002e-01 -3.206703e-01 -1.091572e+00  1.572857e+01  5.000000e-01  5.568609e-01 -5.542924e-01 -8.973530e-01  2.392062e-01
-1.111145e-01  8.963233e-01  6.390295e+00  8.154011e+00  0.000000e+00  3.276615e-01  5.427222e-01  3.169243e-02  1.003870e-01
 2.765019e-01  8.196556e-01 -5.576018e+00  8.300995e+00  5.000000e-01  4.003876e-01  5.136178e-01 -5.244723e-01  1.305862e-01
-3.041943e-03 -2.713374e-04  4.590894e-04  2.976279e+01  1.000000e+00  4.836155e+01 -6.795401e+00 -4.325980e+00  4.727914e+01
3  3.992868e-01 -4.057580e-01  2.029731e+00  9.610669e-01  3.550342e-01  2.126920e+00 6 1 -1.000000e+00
 9.253178e-01 -1.217458e+00  1.858287e+00  0.000000e+00  0.000000e+00  2.380003e-01  3.130268e-02  2.037980e-01  2.726826e-02
-4.033062e-01  3.170021e-01 -6.597554e-01  6.956915e+01  5.000000e-01  7.688049e-01 -3.433266e-01  1.204696e+00  4.280782e-01
-1.253578e-02  1.147087e-02  1.484332e-03  7.954483e+01  1.000000e+00  2.809462e+01 -1.676504e+00  7.589718e+00  2.735912e+01
1  1.679490e-01 -4.252629e+00  0.000000e+00  1.623341e+00  0.000000e+00  6.166160e+00 0 2 -1.000000e+00
-7.734009e-02 -6.036525e+00  3.018465e+00  0.000000e+00  0.000000e+00  3.480787e-01  2.951930e-01  8.104519e-02  4.917076e-04
1 -5.956775e-02  3.659693e-02  0.000000e+00  1.458275e-02  0.000000e+00  5.535840e+00 0 2  2.777847e-01
-2.061867e-02  7.550056e-02  3.827139e+00  0.000000e+00  0.000000e+00  4.297686e-01  2.045191e-01  1.484723e-01  4.178381e-03
2 -3.861566e-01 -3.477320e-01  1.486734e+00  4.724449e-01  1.024835e-01  4.117340e+00 6 1 -1.000000e+00
-8.381969e-01 -7.506812e-01  2.971049e+00  0.000000e+00  0.000000e+00  2.963454e-01 -8.377895e-02 -3.892679e-01  9.852576e-04
 2.465009e-01  2.660828e-01 -3.044836e-01  1.414370e+02  5.000000e-01  6.146130e-01 -5.840927e-02 -1.851853e+00  3.210315e-02
3 -3.743612e-03 -7.486688e-02  5.134823e-01  2.681505e-01  2.590358e-01  9.383790e+00 6 3 -1.000000e+00
 7.486299e-03 -3.274035e-01  2.275804e+00  0.000000e+00  0.000000e+00  2.862578e-01  2.602587e-01 -4.783437e-02  2.144480e-02
 6.565721e-03  1.860780e-01 -8.785675e+00  7.186373e+00  5.000000e-01  4.326399e-01  6.451645e-01 -1.395776e-01  9.149753e-02
-1.109120e-04  1.053487e-03  3.818520e-04  1.167115e+01  1.000000e+00  5.276967e+01  4.718437e-01  7.814074e+00  5.168392e+01
3  2.064167e-01 -3.851279e-01  1.706617e+00  8.861501e-01  3.612069e-01  7.719100e+00 6 1 -1.000000e+00
 4.011046e-01 -1.284241e+00  2.042710e+00  0.000000e+00  0.000000e+00  2.864899e-01  7.926091e-02  1.151895e-01  1.669389e-03
-2.501726e-01  2.932189e-01 -7.378409e-01  1.804716e+02  5.000000e-01  7.372852e-01  1.357867e-01  1.185701e+00  8.904271e-02
-7.420639e-04  8.861920e-04  1.068505e-05  2.267703e+02  1.000000e+00  3.163021e+02 -4.161848e+01  6.398915e+01  3.137715e+02
3 -7.184533e-02  9.558730e-02  3.804853e-01  1.620230e-01  2.235590e-01  1.530230e+01 6 1 -1.000000e+00
-2.245417e-01  1.947607e-01  2.071266e+00  0.000000e+00  0.000000e+00  2.661862e-01  4.588486e-02  2.314753e-01  1.920386e-02
 4.224610e-02 -7.652020e-02 -4.630502e-01  1.322361e+01  5.000000e-01  8.474817e-01  7.975138e-01  1.243715e+00  4.662115e-01
 1.719710e-03 -2.773087e-03  1.390269e-03  1.475039e+01  1.000000e+00  2.886037e+01  4.828986e+00  5.796172e+00  2.811096e+01
1 -1.892330e-01 -1.062736e-01  0.000000e+00  1.679496e-01  0.000000e+00  1.243160e+01 0 2  2.747001e-01
-1.967686e-01  3.233122e-01  3.007340e+00  0.000000e+00  0.000000e+00  3.433726e-01 -2.426153e-03  3.140603e-01  7.485890e-04
3  1.299381e-02  8.660077e-02  3.773401e-01  1.550311e-01  1.731908e-01  1.065170e+01 6 1 -1.000000e+00
-3.925075e-02 -1.013061e-01 -3.425916e-01  1.134597e+01  5.000000e-01  1.065975e+00  1.188418e+00 -1.229204e+00  6.854174e-01
-1.478356e-01  2.600731e-01  1.978117e+00  0.000000e+00  0.000000e+00  2.663208e-01  1.752250e-01  4.527874e-02  1.954726e-02
-7.181418e-04 -2.627989e-03  9.386088e-04  1.367025e+01  1.000000e+00  3.767771e+01  1.307193e+01 -1.043900e+01  3.685046e+01
3 -4.354907e-01 -1.457988e+00  3.604169e+00  1.415257e+00  1.156704e-01  1.366900e+01 6 1 -1.000000e+00
-9.365113e-01 -3.166764e+00  1.310874e+00  0.000000e+00  0.000000e+00  1.215196e-01 -7.969203e-02  5.026960e-02  1.776204e-03
 9.475411e-03  3.559983e-02  2.825876e-03  1.786272e+02  1.000000e+00  2.024621e+01  3.696971e+00 -1.695970e+00  1.946627e+01
 8.104449e-02  2.907803e-01 -1.516292e-01  1.764262e+02  5.000000e-01  1.344203e+00  2.188065e+00 -1.387762e+00  8.917160e-01
1  1.123581e+01 -1.232750e+01  0.000000e+00  6.460646e+00  0.000000e+00  1.225320e+01 0 2 -1.000000e+00
 1.331101e+01 -1.703165e+01  3.644168e+00  0.000000e+00  0.000000e+00  3.371740e-01  6.531074e-02  4.008263e-01  3.884885e-04
3 -9.412942e-01  8.599921e-02  4.063164e+00  2.269911e+00  1.271495e-01  9.997770e+00 6 3 -1.000000e+00
-3.340011e+00 -3.944974e-01  5.301260e+00  0.000000e+00  0.000000e+00  5.010638e-01 -2.448090e-01 -1.927269e-02  3.539520e-03
 7.086526e-01 -5.153158e-02 -6.740525e-01  3.907526e+02  5.000000e-01  1.306165e+00 -1.207542e+00  3.451703e-01  1.875838e-01
 2.022038e-02  1.582969e-03  7.480858e-04  4.172166e+02  1.000000e+00  4.078333e+01 -1.452250e+01 -5.921584e+00  3.815628e+01
3 -7.614155e-01 -2.257646e+00  9.874350e-01  5.568230e-01  5.029795e-02  8.494640e+00 6 2  3.007476e-01
-5.992011e-01 -5.905225e-01  3.998911e+00  0.000000e+00  0.000000e+00  3.533834e-01  7.401847e-02 -4.031950e-01  1.949072e-02
 1.785747e-02  1.604474e-02  6.523770e-03  5.049434e+01  1.000000e+00  1.727286e+01 -1.860912e+00 -1.039507e+01  1.539668e+01
 9.895071e-02  1.077697e-01 -2.011370e-01  4.965072e+01  5.000000e-01  2.156825e+00  7.372970e-01 -2.401327e+00  1.143827e+00
3  1.479235e-01 -7.188455e-01  7.057690e-01  3.166811e-01  6.042934e-03  1.244120e+01 6 2  2.753202e-01
 1.173685e-01 -6.428888e-01  5.001005e+00  0.000000e+00  0.000000e+00  3.668706e-01  4.270086e-01  1.362229e-01  1.705253e-03
-8.616921e-05  3.303542e-03  1.584335e-04  6.136578e+01  1.000000e+00  8.658326e+01  3.180123e+01 -1.174610e+00  8.304339e+01
-2.895352e-03  5.255819e-02 -3.022074e-02  6.020746e+01  5.000000e-01  3.301579e+00  6.128914e+00  9.074910e-01  1.558658e+00
2 -3.330586e-01  8.601373e-01  4.683781e+00  2.541428e+00  2.717446e-01  1.363710e+01 6 1 -1.000000e+00
 3.737371e-01  4.134088e+00  2.767558e+00  0.000000e+00  0.000000e+00  3.848222e-01  1.262407e-01  3.431681e-02  8.542815e-05
 3.581354e-01 -5.496673e-01 -7.520689e-01  1.243114e+03  5.000000e-01  1.421022e+00  3.040231e-01  1.189325e+00  2.152689e-02
3  4.653913e-01  2.080399e+00  9.923482e+00  5.730110e+00  5.797551e-01  1.256890e+01 6 3 -1.000000e+00
 3.311989e+00  7.788743e+00  1.843017e+00  0.000000e+00  0.000000e+00  2.453999e-01  1.314307e-01 -9.776905e-02  2.498062e-04
 4.187817e-01 -1.703614e+00 -3.178958e+00  2.873888e+03  5.000000e-01  1.282116e+00  3.880660e-01  4.935206e-01  2.151874e-02
-4.024671e-02 -3.022625e-01  2.337983e-01  2.893383e+03  1.000000e+00  3.753262e+00  1.817488e+00 -1.178732e-04  1.096161e+00
1  6.007783e+00  3.860811e+00  0.000000e+00  2.677493e+00  0.000000e+00  5.808050e+00 0 2  2.701663e-01
 1.603431e+00 -6.016039e+00  3.874509e+00  0.000000e+00  0.000000e+00  4.406326e-01  2.228866e-01 -7.152746e-02  1.439675e-04
1  2.722082e-01  2.014377e-01  0.000000e+00  9.007117e-02  0.000000e+00  9.373750e+00 0 2  2.745818e-01
-1.118443e-01 -1.687249e-01  3.014299e+00  0.000000e+00  0.000000e+00  3.151699e-01  5.712941e-02 -3.660277e-01  3.274172e-04
3 -1.024249e+00  2.414159e+00  3.545751e+00  1.496183e+00  6.098316e-03  4.117720e+00 6 2  2.755754e-01
 3.213471e+00  1.238500e+00  3.118647e+00  0.000000e+00  0.000000e+00  4.003243e-01 -1.559164e-01 -1.210336e-01  8.961088e-04
-9.225551e-02 -4.388866e-02 -1.901849e-02  6.607668e+02  5.000000e-01  8.201664e+00 -6.234710e+00 -8.097701e+00  6.439143e+00
-3.354376e-02 -1.555396e-02  2.590525e-03  6.612479e+02  1.000000e+00  2.917339e+01 -1.290141e+01 -1.553292e+01  2.699968e+01
3 -1.271186e-02  4.355397e-02  5.455260e-01  2.992321e-01  8.415039e-01  7.275160e+00 6 1 -1.000000e+00
 1.861986e-01 -1.511507e-01 -2.411368e+00  6.811522e+00  5.000000e-01  5.209965e-01 -2.432909e-01  7.648244e-01  2.059534e-01
 4.441061e-02  3.756270e-01  2.865546e+00  0.000000e+00  0.000000e+00  3.388405e-01  2.967833e-01  8.824143e-03  8.393471e-02
 4.032165e-04 -1.635145e-03  2.024199e-03  1.286660e+01  1.000000e+00  2.336595e+01  2.461330e+00  3.940176e-01  2.239317e+01
3  1.892083e-01 -4.127791e-01  1.025897e+00  3.724071e-01  1.062576e-01  6.496180e+00 6 1 -1.000000e+00
 2.564320e-01 -7.519407e-01  1.560481e+00  0.000000e+00  0.000000e+00  1.387141e-01  1.992929e-01  2.475237e-01  1.527181e-02
-4.885830e-04  1.874836e-03  2.274440e-05  3.222968e+01  1.000000e+00  2.229190e+02  7.191741e+01  1.044377e+01  2.224043e+02
-8.386804e-02  2.158714e-01 -1.658130e-01  2.590389e+01  5.000000e-01  6.189887e-01  1.608627e+00  1.894302e+00  4.162640e-01
3 -8.061947e-01  5.050927e-01  1.833115e+00  8.954896e-01  1.493703e-02  8.251730e+00 6 2 -1.000000e+00
-1.266071e+00  9.463611e-01  3.975789e+00  0.000000e+00  0.000000e+00  3.657039e-01 -1.691557e-01  3.495646e-01  7.203713e-03
 2.158627e-01 -1.326115e-01 -5.938649e-02  3.119042e+02  5.000000e-01  1.708590e+00 -1.812079e+00  3.749309e+00  1.036110e+00
 4.592418e-03 -2.704805e-03  3.939669e-05  3.389287e+02  1.000000e+00  1.745576e+02 -3.564339e+01  5.889762e+01  1.731988e+02
4  1.256283e-01 -3.265246e-01  1.514044e+01  5.186424e+00  1.000000e+00  9.384030e+00 6 3 -1.000000e+00
-4.126429e+00 -6.964404e+00  5.244759e+00  0.000000e+00  0.000000e+00  5.408623e-01  4.801395e-02 -1.335500e-01  6.782713e-05
 4.302258e+00 -2.859583e+00 -6.188770e+00  1.151995e+03  5.000000e-01  6.611174e-01 -2.325702e-01  4.715246e-01  8.900473e-04
-2.820896e+00  3.550572e+00 -4.316725e+00  1.838294e+03  5.000000e-01  7.849565e-01 -8.465272e-03  5.270950e-01  1.532962e-03
 5.315180e+00  4.871516e+00  6.697054e+00  6.165154e+02  0.000000e+00  5.561862e-01 -1.470349e-01 -1.613445e-01  8.694769e-05
5 -4.103540e-04  3.329261e-02  4.807077e-01  1.950013e-01  1.000000e+00  1.065020e+01 6 3 -1.000000e+00
 3.334575e-02 -1.976600e-01 -1.114519e+00  5.142480e+00  5.000000e-01  6.192944e-01  9.936274e-01  2.342854e-01  3.723740e-01
-2.529005e-01  8.272259e-02  3.210363e+00  4.376811e-01  0.000000e+00  2.834699e-01 -3.763053e-01  2.455981e-01  9.119544e-02
 2.251399e-01  1.332922e-01  3.172752e+00  0.000000e+00  0.000000e+00  2.638583e-01 -1.735273e-01 -4.434061e-01  6.391676e-02
-6.406079e-02  2.419443e-01 -3.026101e+00  1.320543e+00  5.000000e-01  4.720174e-01  7.144916e-01  3.142063e-01  2.436472e-01
 1.448104e-04 -9.042783e-04  6.452913e-04  1.154641e+01  1.000000e+00  4.321764e+01  1.273992e+01  8.386628e+00  4.259165e+01
3  2.666982e-02 -1.388252e-02  4.013549e-01  1.758889e-01  1.621737e-01  9.380030e+00 6 3 -1.000000e+00
-1.548594e-01  9.940929e-02 -2.684822e+00  3.391255e+00  5.000000e-01  3.582626e-01 -4.330000e-01  7.725297e-01  5.648491e-02
 2.230261e-01 -3.582481e-02  1.655522e+01  0.000000e+00  0.000000e+00  3.065222e-01 -6.025974e-01  2.395495e-01  2.729439e-02
-8.171824e-05  6.225207e-05  1.936751e-05  1.343681e+01  1.000000e+00  2.316854e+02  3.883551e+01  8.641639e+00  2.305123e+02
3 -3.819087e-02 -7.062761e-02  1.693367e-01  1.002608e-01  1.059867e-01  6.407230e+00 6 1 -1.000000e+00
-3.267428e-02 -1.351425e-01  1.962225e+00  0.000000e+00  0.000000e+00  1.990111e-01  2.119577e-01 -2.950109e-01  5.014470e-03
 4.755025e-04  5.904349e-04  3.416669e-04  6.632334e+00  1.000000e+00  5.632898e+01 -1.129642e+01  2.619249e+00  5.578133e+01
 1.883612e-02  2.616966e-02 -2.079696e-01  5.961579e+00  5.000000e-01  5.635022e-01  8.819554e-01 -2.054527e+00  2.735428e-01
3 -2.945931e-02 -1.513474e-02  1.783963e-01  1.113902e-01  2.479267e-01  7.491580e+00 6 3 -1.000000e+00
-6.639352e-02 -1.005186e-01  3.027002e+00  0.000000e+00  0.000000e+00  2.650849e-01  7.064628e-02 -4.524925e-01  2.112333e-02
 6.766899e-02  1.717798e-02 -7.504747e-01  2.532700e+00  5.000000e-01  4.654461e-01 -1.069954e+00 -6.880665e-01  1.739111e-01
 1.891165e-04  5.203772e-05  4.503460e-05  4.740370e+00  1.000000e+00  1.552404e+02 -3.936459e+01  5.947347e+00  1.544547e+02
3  4.541429e-01  3.429579e-01  1.299478e+00  5.193145e-01  1.106339e-01  7.491590e+00 6 1 -1.000000e+00
 8.158267e-01  6.454150e-01  1.783986e+00  0.000000e+00  0.000000e+00  2.021661e-01 -7.079109e-02 -2.664300e-01  2.356058e-03
-2.146198e-01 -1.463069e-01 -1.973693e-01  1.101099e+02  5.000000e-01  4.882110e-01 -7.238347e-01 -2.191948e+00  1.259201e-01
-1.020285e-03 -5.228427e-04  1.104026e-05  1.358107e+02  1.000000e+00  3.084695e+02 -3.000707e+01  5.531277e+01  3.074462e+02
2  2.497708e+00 -6.982198e-01  3.302755e+00  1.398389e+00  1.006640e-01  1.210550e+01 6 1  2.765100e-01
 2.602145e+00  1.437244e+00  1.928433e+00  0.000000e+00  0.000000e+00  2.794061e-01  1.686888e-02  2.037968e-02  4.425235e-04
-3.627557e-01 -1.793819e-02 -1.941239e-01  4.945420e+02  5.000000e-01  1.720189e+00 -2.379114e+00  9.918711e-02  2.121976e-01
3 -1.392237e-01 -1.839674e-01  1.537837e+00  7.376977e-01  5.499542e-01  3.753980e+00 6 3 -1.000000e+00
-6.372718e-01 -9.566080e-01  2.986867e+00  0.000000e+00  0.000000e+00  4.120387e-01  4.424949e-02 -9.455968e-02  5.269206e-03
 3.716105e-01  2.040387e-01 -5.431120e+00  2.285573e+02  5.000000e-01  7.733157e-01 -3.236054e-01 -3.616482e-01  9.211743e-02
 6.815125e-03  7.514182e-03  4.610318e-03  2.624446e+02  1.000000e+00  1.588686e+01 -9.298880e-01 -1.961889e+00  1.425359e+01
3  2.449282e-01 -2.289264e-01  8.483105e-01  3.304069e-01  1.151103e-01  4.805460e+00 6 1 -1.000000e+00
 6.295088e-01 -2.675760e-01  2.052078e+00  0.000000e+00  0.000000e+00  2.302169e-01 -1.181185e-01  3.021642e-01  9.019219e-03
-1.092811e-01  1.493414e-01 -2.362153e-01  3.213924e+01  5.000000e-01  8.532183e-01  4.210384e-01  2.019331e+00  3.930666e-01
-2.572888e-03  3.840684e-03  4.055445e-04  3.637642e+01  1.000000e+00  5.241018e+01  1.211281e+01  5.519598e+00  5.134800e+01
3  7.324217e-01 -1.193246e-02  9.454828e-01  4.266974e-01  1.080236e-01  1.132180e+01 6 1  2.904924e-01
 3.109324e-01 -8.076804e-01  1.446690e+00  0.000000e+00  0.000000e+00  1.661225e-01 -6.337897e-02  1.008543e-02  1.553645e-03
-5.541499e-03  5.161843e-03  1.422065e-03  3.840988e+01  1.000000e+00  3.011638e+01 -2.947911e+00  1.165635e+01  2.746688e+01
-7.221022e-02  5.669196e-02 -1.562766e-01  3.774236e+01  5.000000e-01  1.983478e+00 -8.547992e-01  2.575938e+00  7.635619e-01
1 -2.697308e+00 -9.848221e+00  0.000000e+00  6.479076e+00  0.000000e+00  9.369340e+00 0 2 -1.000000e+00
-1.165772e+00 -2.214309e+01  3.633281e+00  0.000000e+00  0.000000e+00  4.317339e-01  1.766022e-01 -1.284706e-01  1.720870e-04
3  6.893530e-01 -2.580239e-02  2.025709e+00  7.936988e-01  1.187708e-01  1.099320e+01 6 1 -1.000000e+00
 1.658210e+00 -4.233852e-01  1.916348e+00  0.000000e+00  0.000000e+00  2.707543e-01 -7.561292e-02 -6.523922e-02  4.575757e-03
-3.240014e-01 -5.851088e-03 -2.276062e-01  1.928848e+02  5.000000e-01  9.574199e-01 -2.084473e+00 -2.243659e-01  4.248179e-01
-5.223350e-03  2.072058e-04  8.790606e-05  2.141886e+02  1.000000e+00  1.120688e+02 -3.088394e+01  2.583189e+00  1.108266e+02
3 -1.391020e+00  6.367500e-01  6.220271e+00  2.743545e+00  4.056102e-01  5.135510e+00 6 3 -1.000000e+00
 1.151798e+00 -5.634970e-01 -1.223781e+00  3.196281e+02  5.000000e-01  9.716518e-01 -4.259599e-01  7.978103e-01  3.798280e-01
-4.873609e+00  9.812526e-01  3.017137e+00  0.000000e+00  0.000000e+00  3.887950e-01 -1.377708e-01  1.521534e-01  1.938893e-02
 1.409479e-01 -4.804142e-02  2.933117e-02  3.327383e+02  1.000000e+00  7.066324e+00 -1.473249e+00  7.323942e-01  6.126515e+00
5 -7.221155e-01  3.916073e+00  6.483761e+00  3.844513e+00  1.000000e+00  7.238960e+00 6 3  2.815277e-01
 1.878719e+00 -3.681936e+00  8.079756e+00  0.000000e+00  0.000000e+00  4.926866e-01  1.986552e-01  3.068173e-01  3.559497e-04
 3.974438e+00 -6.922092e-01 -1.356536e+01  1.916660e+01  5.000000e-01  6.161907e-01 -4.348562e-01  1.786809e-01  1.578713e-03
-2.368084e+00  6.537354e-01 -2.570352e+00  2.733752e+02  5.000000e-01  9.610114e-01 -5.275619e-01  3.350377e-01  5.084565e-03
 3.631681e+00  2.044252e+00  1.005876e+01  1.012054e+01  0.000000e+00  5.202503e-01 -2.062665e-01 -2.969816e-01  3.020902e-03
-1.779779e-02  9.409297e-04  9.433092e-04  3.616445e+02  1.000000e+00  3.782481e+01 -1.695113e+01 -2.937285e+00  3.180330e+01
3  2.605519e-01  2.020002e-02  8.053052e-01  3.117747e-01  3.641531e-01  5.598540e+00 6 1 -1.000000e+00
-1.510380e-01 -1.349956e-02 -8.214333e-01  4.555539e+01  5.000000e-01  1.031647e+00 -1.074667e+00 -2.519452e-01  5.551200e-01
 6.537686e-01  1.483565e-02  2.255736e+00  0.000000e+00  0.000000e+00  2.884840e-01 -2.498205e-01 -2.303000e-02  2.093899e-02
-2.439084e-02 -1.137217e-03  3.561455e-02  4.669352e+01  1.000000e+00  6.469787e+00 -1.355142e+00 -6.121028e-02  5.731099e+00
3  3.217191e-01 -7.541705e-01  3.063461e+00  1.618168e+00  6.039280e-01  6.756350e+00 6 1 -1.000000e+00
 1.175967e+00 -1.862003e+00  1.843951e+00  0.000000e+00  0.000000e+00  1.985939e-01  1.984100e-01  2.461127e-01  2.436056e-02
-1.792520e-01  8.853919e-01 -1.113614e+00  7.142705e+01  5.000000e-01  4.821120e-01  9.814305e-01  4.505325e-01  2.444228e-01
-6.412844e-03  1.952639e-02  1.709274e-03  8.746481e+01  1.000000e+00  2.527678e+01  9.552904e-01 -1.845450e+00  2.475435e+01
5 -8.930482e-01  1.624616e+00  1.239185e+00  6.013444e-01  1.000000e+00  9.997760e+00 6 3  3.125108e-01
 1.071531e-02 -4.008649e-01 -9.932142e-01  7.975291e+00  5.000000e-01  6.807665e-01  1.024394e+00  2.436370e-01  2.027965e-01
-5.859664e-01  3.290257e-01  7.827839e+00  1.630531e+00  0.000000e+00  3.739428e-01 -4.561611e-02  5.119743e-01  4.584743e-02
 6.400424e-01  5.092538e-01  3.261119e+00  0.000000e+00  0.000000e+00  3.829498e-01  6.047081e-02 -2.654261e-01  6.895175e-02
-3.220472e-01  5.316839e-01 -8.195444e+00  1.710604e+00  5.000000e-01  4.116042e-01  3.838579e-01  5.664643e-01  5.312482e-02
-7.741829e-04 -4.949284e-03  1.495583e-03  1.176288e+01  1.000000e+00  2.772911e+01  4.455650e+00 -5.094794e+00  2.605931e+01
5  5.280120e-01 -1.502615e+00  9.885106e+00  3.070006e+00  1.000000e+00  1.195610e+01 6 3 -1.000000e+00
-5.450325e-01 -4.303033e+00 -4.692914e+00  3.605047e+02  5.000000e-01  7.460265e-01  5.267357e-01 -1.180265e-02  3.872938e-03
-3.758102e+00 -3.703156e+00  5.538600e+00  3.129512e+02  0.000000e+00  5.221295e-01  1.562529e-01 -1.529517e-01  4.738524e-03
 5.975985e+00 -1.981857e+00  3.284956e+00  0.000000e+00  0.000000e+00  4.295555e-01  4.216467e-03  1.448141e-01  8.979876e-04
-1.916023e-01  8.957815e-01 -2.357218e-01  1.076417e+03  5.000000e-01  1.492653e+00  1.903011e+00  9.292718e-01  1.925788e-01
-2.082355e-03  1.253088e-02  1.324178e-04  1.162327e+03  1.000000e+00  8.984629e+01  1.702668e+01 -7.204347e+00  8.703619e+01
4 -2.777121e-02  1.960348e-01  1.846870e+00  8.586056e-01  1.000000e+00  1.638330e+01 6 3 -1.000000e+00
-3.979122e-01 -6.031471e-01  1.165747e+01  6.979456e+01  0.000000e+00  4.624629e-01  5.471115e-02 -4.474047e-01  7.556606e-03
 4.424374e-01 -3.816301e-01 -1.536269e+00  8.007406e+01  5.000000e-01  5.014953e-01 -2.947143e-01  9.014311e-01  2.073911e-02
 1.132735e-01  1.171569e+00  2.170582e+00  0.000000e+00  0.000000e+00  3.101667e-01  1.126909e-01  4.964745e-02  1.642280e-03
-5.110288e-01 -4.714448e-01 -9.843743e+00  6.988479e+01  5.000000e-01  4.978989e-01 -2.283950e-01 -5.491162e-01  9.614704e-03
3 -4.204910e+00  4.511653e-01  2.263724e+00  9.088780e-01  5.362911e-01  1.005410e+01 6 1  3.083145e-01
-1.111689e-01 -3.788229e-01 -1.116710e+00  7.500116e+01  5.000000e-01  1.107057e+00  7.414466e-01 -5.976670e-01  4.459741e-01
-7.138918e-02  1.884552e+00  2.082283e+00  0.000000e+00  0.000000e+00  3.039582e-01  3.606263e-02 -5.414383e-02  9.310034e-03
-9.995614e-03 -4.852393e-02  2.163643e-02  7.699337e+01  1.000000e+00  8.487536e+00  2.727757e+00 -1.550541e+00  7.237912e+00
3 -3.322669e+00 -4.116713e+00  2.028515e+00  9.994348e-01  1.755099e-01  1.206610e+01 6 1  2.712540e-01
 5.624911e-01 -1.723622e+00  2.723834e+00  0.000000e+00  0.000000e+00  3.594581e-01  1.322262e-01  1.602517e-01  3.811394e-03
-1.058483e-01  1.916317e-01 -4.780599e-01  3.031015e+02  5.000000e-01  2.079070e+00  9.212496e-01  1.551606e+00  7.168093e-01
-2.701951e-02  5.031805e-02  3.601200e-02  3.043913e+02  1.000000e+00  7.768999e+00  2.288217e+00  3.579788e+00  5.612106e+00
3  3.120266e-03 -4.867485e-02  2.075406e-01  1.323716e-01  4.121889e-01  9.992330e+00 6 1 -1.000000e+00
-2.779565e-02 -1.447444e-01  2.458094e+00  0.000000e+00  0.000000e+00  2.812507e-01  3.308670e-01 -1.755744e-02  1.443786e-02
-1.421483e-02  6.235142e-02 -1.013199e+00  3.044561e+00  5.000000e-01  4.938421e-01  9.809645e-01  5.299787e-01  1.254042e-01
-1.831279e-05  4.878512e-04  2.384019e-04  4.202540e+00  1.000000e+00  6.586688e+01 -3.059620e+00 -1.937055e+00  6.492615e+01
3  4.675558e-01 -2.134224e-01  1.931901e+00  9.989297e-01  1.551112e-01  5.962430e+00 6 3 -1.000000e+00
 1.437915e+00  2.526754e-02  3.077127e+00  0.000000e+00  0.000000e+00  3.187443e-01 -3.518855e-01  1.237233e-01  1.827827e-02
-4.778967e-01  2.740772e-01 -4.772969e-01  6.274676e+01  5.000000e-01  7.795388e-01 -6.843368e-01  1.294379e+00  2.418552e-01
-5.524106e-03  2.664087e-03  2.137591e-04  8.045773e+01  1.000000e+00  7.102214e+01 -8.412424e+00  1.241644e+01  6.929728e+01
2 -1.249100e+00 -2.557235e+00  1.872561e-02  5.223171e-01  1.837519e-01  8.525820e+00 6 1 -1.000000e+00
 6.038552e-03  1.269361e-02  9.453258e-05  2.661219e-01  1.000000e+00  1.741695e+02  8.778746e+01 -1.081789e+02  1.734375e+02
 1.414121e-02  2.957542e-02 -5.144576e-04  0.000000e+00  5.000000e-01  5.632622e+01  4.398545e+01 -5.540818e+01  5.568886e+01
3 -8.542981e-01 -7.181136e-01  3.308682e+00  1.774141e+00  2.632851e-02  1.010180e+01 6 2 -1.000000e+00
-2.272772e+00 -2.074639e+00  3.359534e+00  0.000000e+00  0.000000e+00  4.133151e-01  2.382487e-02 -2.144090e-01  5.483057e-04
 7.135011e-03  5.340190e-03  1.376344e-04  7.999944e+02  1.000000e+00  9.092561e+01 -1.105237e+01 -2.643549e+01  8.798354e+01
 1.866350e-01  1.386604e-01 -8.845153e-02  7.834540e+02  5.000000e-01  2.203339e+00 -1.029157e+00 -3.419720e+00  7.134498e-01
1  1.455368e-01 -2.125665e-01  0.000000e+00  9.825181e-02  0.000000e+00  1.543520e+01 0 2  2.747496e-01
 1.757692e-01 -1.604837e-01  3.747121e+00  0.000000e+00  0.000000e+00  3.911459e-01  2.014653e-01  2.514827e-01  2.060251e-03
5  5.589958e-01  2.985162e-01  1.040676e+00  2.514508e-01  1.000000e+00  1.206370e+01 6 3  2.713548e-01
 4.570034e-01 -5.611972e-01  3.027066e+00  0.000000e+00  0.000000e+00  4.095353e-01 -2.011917e-02 -1.337570e-01  1.686686e-03
 6.922070e-02  2.311156e-01 -6.301986e+00  2.926496e+01  5.000000e-01  7.226937e-01 -3.978313e-03 -4.853484e-01  1.238934e-02
-4.539405e-02  3.501771e-01  9.585076e+00  2.894338e+01  0.000000e+00  5.975678e-01 -5.367592e-02 -2.339695e-01  6.913515e-03
-7.433084e-02  1.568915e-02 -9.418224e-01  3.451953e+01  5.000000e-01  1.417285e+00 -1.111632e+00 -1.307419e-02  3.172523e-01
-1.056813e-02  5.509538e-03  3.597767e-02  3.485068e+01  1.000000e+00  7.339486e+00 -2.180308e+00  2.764113e+00  5.571260e+00
3 -9.277672e-01 -6.931026e-01  2.245906e+00  1.114301e+00  1.375924e-02  5.810450e+00 6 2 -1.000000e+00
-1.469133e+00 -1.381748e+00  3.284761e+00  0.000000e+00  0.000000e+00  3.547920e-01 -2.781755e-02 -3.332918e-01  1.493639e-03
 2.489438e-03  1.670230e-03  1.151519e-05  4.810549e+02  1.000000e+00  3.033463e+02 -3.572002e+01 -5.740712e+01  3.011098e+02
 1.916093e-01  1.302133e-01 -4.519583e-02  4.482846e+02  5.000000e-01  1.644443e+00 -1.707763e+00 -4.429987e+00  6.730248e-01
3 -2.729912e-01 -1.046752e+00  2.816351e+00  8.376679e-01  1.990320e-02  7.238950e+00 6 2 -1.000000e+00
-8.834766e-01 -2.384026e+00  3.725926e+00  0.000000e+00  0.000000e+00  4.391160e-01  1.782386e-01 -1.201345e-01  1.456710e-03
-1.768731e-04  1.270435e-02  1.246701e-04  5.773774e+02  1.000000e+00  1.189311e+02  7.577739e+01  1.201511e+01  1.172328e+02
 2.232475e-02  2.826866e-01 -7.415788e-02  5.569766e+02  5.000000e-01  2.369062e+00  3.695595e+00 -1.304474e+00  1.413555e+00
3 -3.164380e-01  8.224665e-02  1.046974e+00  4.985374e-01  2.156863e-01  4.870520e+00 6 1 -1.000000e+00
 2.608407e-01 -7.885555e-02 -4.525310e-01  8.715471e+01  5.000000e-01  7.349427e-01 -1.226719e+00  8.804597e-01  3.877753e-01
-7.695864e-01  1.065471e-01  2.098098e+00  0.000000e+00  0.000000e+00  2.385768e-01 -2.937250e-01  1.298798e-01  2.740439e-02
 5.691414e-03 -1.467918e-03  5.242435e-04  1.037961e+02  1.000000e+00  4.602179e+01 -9.584375e+00  5.252662e+00  4.515191e+01
3 -2.088914e+00 -3.154648e+00  2.477580e+00  1.242816e+00  5.834326e-01  3.616800e+00 6 3  2.947576e-01
-1.640552e-01 -8.784753e-01 -1.891740e+00  5.662796e+01  5.000000e-01  8.147282e-01  6.828356e-01 -3.109262e-01  1.198343e-01
-1.120401e+00  1.407089e+00  3.242431e+00  0.000000e+00  0.000000e+00  3.814175e-01  1.119575e-01  2.483933e-01  1.082316e-02
 1.363022e-03 -9.636974e-03  1.151872e-03  7.559024e+01  1.000000e+00  3.162596e+01  8.313444e+00 -8.272562e-01  2.914521e+01
3  9.007816e-01 -9.968018e-01  2.352792e+00  9.195597e-01  6.989090e-03  9.668990e+00 6 2 -1.000000e+00
 9.803394e-01 -1.907745e+00  3.205074e+00  0.000000e+00  0.000000e+00  3.544848e-01  5.145835e-02  3.194317e-01  1.588348e-03
-1.743876e-03  1.676174e-03  3.174582e-06  5.301633e+02  1.000000e+00  6.279136e+02 -3.402314e+01  2.772382e+02  6.259786e+02
-1.507578e-01  1.553234e-01 -2.240055e-02  4.915932e+02  5.000000e-01  2.332314e+00  4.397259e-01  6.798784e+00  1.457334e+00
3  8.056102e-01 -3.695662e-01  2.242662e+00  8.966272e-01  1.136512e-01  7.483490e+00 6 1 -1.000000e+00
 1.736303e+00 -8.303243e-01  1.709812e+00  0.000000e+00  0.000000e+00  2.275043e-01 -5.167484e-02  9.601954e-02  5.706228e-03
-1.312234e-02  5.256177e-03  5.314441e-04  1.869189e+02  1.000000e+00  4.641465e+01 -1.067630e+01  8.175691e+00  4.532647e+01
-2.962356e-01  1.174739e-01 -1.943221e-01  1.774783e+02  5.000000e-01  1.173292e+00 -1.634672e+00  1.582394e+00  6.447851e-01
3  5.004522e-02 -5.932163e-02  2.954779e-01  1.601161e-01  5.575909e-01  4.868630e+00 6 1 -1.000000e+00
 1.773424e-01 -1.345262e-01  2.036270e+00  0.000000e+00  0.000000e+00  2.388769e-01  4.435790e-02  2.936779e-01  9.490030e-02
-4.867228e-02  5.580142e-02 -1.135406e+00  2.395222e+00  5.000000e-01  9.322682e-01  3.039269e-01  8.904822e-01  7.192303e-01
-7.793295e-03  7.437934e-03  4.610779e-02  2.511476e+00  1.000000e+00  5.977385e+00 -3.503177e-01  1.721432e+00  5.648223e+00
3  2.744589e+00  8.032350e-01  2.284604e+00  1.017828e+00  1.424043e-01  3.872450e+00 6 1  2.843346e-01
 1.849168e+00  9.762433e-01  1.915393e+00  0.000000e+00  0.000000e+00  2.523743e-01 -1.190750e-01 -1.505964e-01  2.090292e-03
-1.703656e-01 -9.188547e-02 -2.727602e-01  3.097983e+02  5.000000e-01  2.370225e+00 -1.168747e+00 -2.043959e+00  8.807577e-01
-4.468427e-02 -2.207905e-02  1.862265e-02  3.107761e+02  1.000000e+00  1.001829e+01 -3.129602e+00 -4.223402e+00  7.603185e+00
3  1.917519e-01 -3.503673e-01  1.562227e+00  6.060081e-01  3.305623e-01  1.282320e+01 6 1 -1.000000e+00
 3.030078e-01 -1.149486e+00  2.010900e+00  0.000000e+00  0.000000e+00  2.825821e-01  3.840567e-02  1.261891e-01  7.109895e-03
-2.201075e-01  3.225554e-01 -6.647277e-01  9.858781e+01  5.000000e-01  5.712065e-01  2.780435e-01  1.269225e+00  1.285505e-01
-7.171826e-04  1.735602e-03  3.695136e-05  1.303937e+02  1.000000e+00  1.673887e+02  2.478745e+01  2.858649e+00  1.660350e+02
5  2.705198e-02 -6.194113e-02  6.582842e-01  2.847183e-01  1.000000e+00  1.063700e+01 6 3 -1.000000e+00
 3.446933e-01 -2.038995e-01  2.175121e+00  0.000000e+00  0.000000e+00  2.645723e-01 -2.207826e-02  2.839401e-01  2.596634e-02
-2.547499e-01 -1.830223e-01 -7.162329e+00  6.914121e+00  5.000000e-01  4.205616e-01 -8.024039e-02 -6.847844e-01  1.267965e-01
 2.165897e-02  2.316195e-01 -9.645451e-01  1.258442e+01  5.000000e-01  5.152306e-01  1.116404e+00 -1.593796e-01  2.002549e-01
-3.062331e-01 -1.057522e-01  8.072914e+00  6.876741e+00  0.000000e+00  3.712840e-01 -3.352436e-01 -3.987789e-01  8.783940e-02
-1.674288e-04  7.046480e-04  1.778933e-04  2.355202e+01  1.000000e+00  7.729689e+01  1.171958e+01 -7.906945e+00  7.632835e+01
3 -2.369230e-01 -4.867668e-01  8.116366e-01  2.868016e-01  2.300251e-01  1.451690e+01 6 1  2.676774e-01
-4.729092e-01  4.987939e-01  1.818293e+00  0.000000e+00  0.000000e+00  2.532167e-01  7.620407e-02  4.372357e-02  1.475464e-03
 4.707210e-02 -1.244023e-01 -4.182530e-01  8.805923e+01  5.000000e-01  9.714799e-01  1.231739e+00  9.351625e-01  2.138441e-01
 4.486451e-04 -1.051037e-03  3.376474e-05  9.825158e+01  1.000000e+00  1.815280e+02  4.781143e+01  2.622459e+01  1.790086e+02
2 -1.215335e+00  2.865089e-01  1.805372e+00  9.437469e-01  3.543651e-03  8.224950e+00 6 2  2.705567e-01
 1.386817e+00  9.657162e-01  1.131552e+01  0.000000e+00  0.000000e+00  5.334779e-01 -1.869506e-01 -3.071126e-01  1.388803e-04
-1.039826e-01 -5.255784e-02 -4.009826e-02  7.165706e+02  5.000000e-01  1.667649e+00 -2.872036e+00 -4.139554e+00  3.101468e-01
3  1.353461e+00  1.392539e+00  1.746606e+00  9.451806e-01  5.720573e-01  1.131820e+01 6 3  2.985451e-01
 8.989571e-01 -7.581769e-01  3.168108e+00  0.000000e+00  0.000000e+00  3.323238e-01 -1.294592e-01  3.367284e-01  1.511468e-02
-7.404992e-01 -1.558365e-01 -1.812339e+00  1.766668e+01  5.000000e-01  5.712088e-01 -8.111626e-01 -2.786577e-01  1.454793e-01
-2.542121e-03  2.141564e-05  2.157983e-04  3.317098e+01  1.000000e+00  7.244332e+01 -1.442844e+01 -1.618673e+01  7.053793e+01
5 -1.273658e-01  6.184348e-03  1.466015e+00  5.821163e-01  1.000000e+00  7.276910e+00 6 3 -1.000000e+00
 3.631585e-01 -4.143025e-01 -3.015880e+00  2.987869e+01  5.000000e-01  4.665426e-01  1.559233e-01  7.693132e-01  9.469292e-02
-8.522298e-01 -9.407716e-02  2.375555e+00  0.000000e+00  0.000000e+00  2.864919e-01 -2.968827e-01  3.224628e-04  2.846503e-02
 3.592175e-01  4.952538e-01 -6.204035e+00  2.736142e+01  5.000000e-01  4.970874e-01  2.840335e-01 -5.774353e-01  1.097909e-01
 5.693341e-01  2.641923e-01  8.892244e+00  2.705136e+01  0.000000e+00  4.084979e-01 -3.201306e-01 -3.673330e-01  7.674652e-02
 1.496773e-03  2.361381e-05  2.219924e-04  6.256839e+01  1.000000e+00  6.830746e+01 -2.911764e+00 -4.142260e+00  6.670909e+01
3  1.331625e-01  3.460227e-02  7.317505e-01  3.279735e-01  7.503943e-01  8.502700e+00 6 1 -1.000000e+00
-2.239426e-01 -4.195150e-02 -1.828299e+00  1.847252e+01  5.000000e-01  6.044787e-01 -8.005308e-01 -2.500879e-01  1.083240e-01
 4.772431e-01  1.673267e-01  2.436451e+00  0.000000e+00  0.000000e+00  3.215493e-01 -1.910429e-01 -1.156071e-01  1.247701e-02
-1.081673e-03 -2.943665e-04  9.239387e-05  2.629395e+01  1.000000e+00  1.070220e+02 -1.711779e+01 -1.115445e+01  1.051061e+02
3 -2.574809e-01 -1.599704e+00  3.081317e+00  1.196137e+00  6.043785e-03  5.962430e+00 6 2 -1.000000e+00
-6.990832e-01 -2.831200e+00  3.184043e+00  0.000000e+00  0.000000e+00  3.616181e-01  2.832588e-01 -1.150210e-01  1.010380e-03
 5.303758e-04  1.182161e-02  1.058084e-04  9.002445e+02  1.000000e+00  1.100779e+02  4.945110e+01  1.240596e+00  1.079189e+02
 1.495601e-02  1.662432e-01 -1.924367e-02  8.881016e+02  5.000000e-01  3.834655e+00  7.500068e+00 -1.936332e+00  2.563028e+00
1  9.641485e-02  1.929398e-01  0.000000e+00  1.912346e-01  0.000000e+00  7.183790e+00 0 2  2.823690e-01
 2.772709e-02 -3.152985e-01  4.802876e+00  0.000000e+00  0.000000e+00  4.740678e-01  2.530617e-01 -6.599897e-02  2.262103e-02
3 -7.963398e-01  9.633020e-01  1.355846e+00  6.133127e-01  1.639214e-01  4.177590e+00 6 1  2.688708e-01
-9.812264e-01 -5.060222e-01  2.318317e+00  0.000000e+00  0.000000e+00  2.997196e-01  5.173032e-02 -2.374218e-01  3.306126e-03
 1.154491e-01  2.912362e-01 -3.800218e-01  2.632733e+02  5.000000e-01  8.157022e-01  1.252962e+00 -1.046652e+00  1.510529e-01
 6.193199e-04  1.193279e-03  1.883614e-05  3.324287e+02  1.000000e+00  2.356391e+02  3.748368e+01 -2.368628e+01  2.331953e+02
3  2.791978e-01 -4.385136e-01  1.937105e+00  8.921947e-01  2.239662e-01  6.416480e+00 6 1 -1.000000e+00
 8.242035e-01 -1.179171e+00  2.527990e+00  0.000000e+00  0.000000e+00  3.184727e-01  1.319867e-01  2.269091e-01  2.177539e-02
-2.875652e-01  4.071281e-01 -5.661843e-01  7.897572e+01  5.000000e-01  8.341525e-01  5.148916e-01  1.236366e+00  3.393190e-01
-4.937098e-03  6.677814e-03  3.192086e-04  9.506680e+01  1.000000e+00  6.071400e+01  3.585214e+00  2.049780e+01  5.940766e+01
3 -5.830909e-02 -3.249111e-01  1.879591e+00  8.392288e-01  1.217429e-01  8.401710e+00 6 3 -1.000000e+00
 4.924867e-01 -1.188371e+00  6.226387e+00  0.000000e+00  0.000000e+00  4.306837e-01  3.470920e-01  2.074641e-01  1.834131e-02
 1.240678e-01  6.547589e-01 -7.580182e-01  5.904792e+01  5.000000e-01  7.082085e-01  1.073674e+00 -5.015931e-01  1.357957e-01
 1.778163e-04  1.393785e-03  1.694243e-05  1.043581e+02  1.000000e+00  2.573639e+02  8.095542e+01 -1.205169e+01  2.551943e+02
3  3.558204e-01 -7.068473e-01  1.760549e+00  6.663473e-01  1.509145e-02  1.099350e+01 6 2 -1.000000e+00
 1.390896e+00 -8.919826e-01  3.511476e+00  0.000000e+00  0.000000e+00  3.879965e-01  2.362325e-03  2.996034e-01  1.893705e-03
-7.200890e-03  2.540233e-02  2.319024e-03  4.005175e+02  1.000000e+00  2.874024e+01  1.627056e+01  8.577506e+00  2.689556e+01
-4.142589e-02  1.317297e-01 -5.299328e-02  3.977163e+02  5.000000e-01  4.161586e+00  4.111051e+00  3.459074e+00  2.846599e+00
2 -2.048761e-01 -3.131936e-01  1.316059e+00  6.410499e-01  1.358496e-01  1.131610e+01 6 3 -1.000000e+00
-6.706489e-01 -6.901379e-01  3.294711e+00  0.000000e+00  0.000000e+00  3.311262e-01  7.925631e-02 -3.709365e-01  6.047342e-03
 1.824032e-01  3.120171e-01 -4.475852e-01  1.392242e+02  5.000000e-01  6.622740e-01  7.834433e-01 -1.316999e+00  1.010562e-01
5 -4.465697e-02 -2.174531e-02  2.298114e+00  8.568151e-01  1.000000e+00  6.079880e+00 6 3 -1.000000e+00
 2.675718e-01 -9.449666e-01 -2.514432e+00  1.209244e+01  5.000000e-01  6.289319e-01  6.331672e-01  3.667358e-01  2.055182e-01
-1.181966e+00 -1.925237e-01  3.446229e+00  0.000000e+00  0.000000e+00  3.663662e-01 -3.081656e-01 -1.278809e-01  4.163404e-02
 1.101469e+00  6.681650e-02  4.307333e+00  5.908277e+00  0.000000e+00  3.921862e-01 -3.654263e-01 -6.114749e-02  5.169747e-02
-2.318261e-02  9.505616e-01 -2.252898e+00  1.367264e+01  5.000000e-01  6.378781e-01  7.581176e-01  1.620925e-02  2.165322e-01
 7.420069e-04  5.062216e-04  5.699638e-04  3.842777e+01  1.000000e+00  4.344935e+01  6.882378e+00 -2.869302e-01  4.181582e+01
3  2.555170e-02 -4.488425e-01  1.635337e+00  7.591170e-01  6.255989e-01  9.779610e+00 6 1 -1.000000e+00
-1.176301e-01 -1.298673e+00  1.808493e+00  0.000000e+00  0.000000e+00  2.419378e-01  1.432431e-01  3.454148e-02  3.959877e-02
-4.032558e-02  3.348362e-01 -1.131391e+00  4.578561e+01  5.000000e-01  1.023734e+00  8.770433e-01  3.394493e-01  6.617888e-01
-2.244160e-03  5.810585e-02  4.934456e-02  4.703697e+01  1.000000e+00  5.846269e+00  1.788292e+00  1.505964e-01  5.271654e+00
1  3.114001e+00 -4.636094e+00  0.000000e+00  1.162892e+00  0.000000e+00  3.648450e+00 0 2  3.008752e-01
 2.280024e+00 -1.517261e+00  3.723658e+00  0.000000e+00  0.000000e+00  3.094878e-01 -4.921000e-02  4.536874e-01  3.321436e-03
3  1.804074e-01  4.095773e-01  3.029045e+00  1.833236e+00  9.736873e-01  3.950080e+00 6 3 -1.000000e+00
-3.224880e-01 -1.029570e+00 -3.096214e+00  3.809795e+01  5.000000e-01  5.938790e-01  6.337343e-01 -2.937520e-01  3.511000e-01
 1.267758e+00  1.548459e+00  3.179885e+00  0.000000e+00  0.000000e+00  3.247872e-01  2.080604e-01 -3.132831e-01  1.213388e-01
-2.245413e-02 -3.876670e-02  2.083303e-02  4.868113e+01  1.000000e+00  7.999754e+00 -1.799642e-01 -9.815641e-01  7.537986e+00
1  9.588726e-01 -5.841806e-01  0.000000e+00  2.307467e-01  0.000000e+00  5.935650e+00 0 2  3.244845e-01
 8.499583e-01  4.664174e-01  3.071064e+00  0.000000e+00  0.000000e+00  3.852845e-01  2.283678e-01 -1.015748e-02  5.038167e-04
1  4.659917e+00  7.431330e+00  0.000000e+00  2.637872e+00  0.000000e+00  6.420400e+00 0 2  2.674570e-01
 3.000982e+00  4.118007e+00  3.970480e+00  0.000000e+00  0.000000e+00  4.112879e-01  2.986273e-02 -3.063191e-01  2.217960e-04
3  1.280386e+00  8.183335e-01  1.003047e+00  4.573144e-01  9.939614e-01  4.674620e+00 6 1  2.776004e-01
 6.566810e-01 -1.945407e-01  2.398020e+00  0.000000e+00  0.000000e+00  2.956104e-01 -2.706032e-01  7.699323e-02  4.701220e-03
-3.422357e-01 -1.036061e-01 -2.383540e+00  5.745559e+01  5.000000e-01  5.632504e-01 -5.848373e-01 -5.179379e-01  2.672717e-02
-4.192090e-04  3.711739e-05  1.180666e-05  9.647637e+01  1.000000e+00  2.934132e+02 -2.299490e+01  1.669698e+01  2.884168e+02
3 -8.025986e-01 -1.964629e-01  1.887949e+00  7.523385e-01  1.692100e-01  1.068210e+01 6 1 -1.000000e+00
-1.506725e+00 -5.787430e-01  1.690505e+00  0.000000e+00  0.000000e+00  1.963102e-01 -2.042653e-01 -1.124890e-01  1.542418e-02
 2.811043e-01  2.789917e-02 -2.860504e-01  8.620092e+01  5.000000e-01  1.352654e+00 -1.838285e+00 -4.908781e-01  1.001361e+00
 4.828315e-02  4.850958e-03  1.297056e-02  8.769368e+01  1.000000e+00  1.041245e+01 -3.389642e+00  8.250545e-02  9.885225e+00
1  1.038480e+00  4.277474e+00  0.000000e+00  2.580979e+00  0.000000e+00  9.365200e+00 0 2 -1.000000e+00
 4.245401e+00  7.650143e+00  3.282788e+00  0.000000e+00  0.000000e+00  4.178304e-01  1.623057e-01 -8.921398e-02  9.766191e-04
3 -2.055370e-02  6.416236e-02  2.010647e-01  1.153573e-01  5.736197e-01  5.423290e+00 6 3  2.969429e-01
 2.450019e-02 -1.253244e-01  3.765522e+00  0.000000e+00  0.000000e+00  3.731583e-01  3.215336e-01  1.548522e-01  8.178432e-04
-7.065250e-02  5.179980e-02 -6.564491e+00  3.724539e-01  5.000000e-01  6.554556e-01 -1.718248e-01  4.914487e-01  1.876891e-03
-1.143588e-03  2.664372e-03  5.394922e-02  5.437805e-01  1.000000e+00  5.326682e+00  1.257956e-01  4.103746e-01  1.857072e-02
3  2.665443e+00  3.374723e-01  1.116064e+00  6.047608e-01  3.419884e-01  6.926870e+00 6 1  2.971728e-01
-1.972284e-01 -8.245889e-02 -6.622292e-01  5.943072e+01  5.000000e-01  1.126010e+00 -8.421958e-01 -9.036792e-01  1.739664e-01
 4.329253e-01  8.386850e-01  1.936408e+00  0.000000e+00  0.000000e+00  2.302247e-01  1.883507e-02 -2.752802e-01  2.117627e-03
-1.151965e-02 -5.529892e-03  4.735682e-03  6.200783e+01  1.000000e+00  1.624439e+01 -4.486880e+00 -1.047084e+00  1.334705e+01
3 -8.844799e-02 -1.917873e-01  8.744884e-01  4.519291e-01  7.061508e-01  2.823350e+00 6 1 -1.000000e+00
-9.207831e-02 -6.963432e-01  2.367545e+00  0.000000e+00  0.000000e+00  3.100635e-01  1.640274e-01 -1.634899e-01  6.934425e-02
 9.996155e-02  1.567985e-01 -1.671844e+00  4.155235e+01  5.000000e-01  1.136248e+00  2.083432e-01 -7.571648e-01  7.414642e-01
 2.340501e-02  4.718253e-02  2.244722e-01  4.213062e+01  1.000000e+00  3.315098e+00  4.692830e-01 -8.273792e-01  2.770165e+00
1  2.308974e+00 -2.631153e+00  0.000000e+00  2.352739e+00  0.000000e+00  6.408290e+00 0 2 -1.000000e+00
 6.190997e+00 -4.730830e+00  3.215920e+00  0.000000e+00  0.000000e+00  4.171010e-01 -3.679424e-02  1.657240e-01  1.847637e-04
1  8.631530e-02 -3.191696e-01  0.000000e+00  2.647919e-01  0.000000e+00  7.736620e+00 0 2  2.748092e-01
-1.149795e-01  3.473824e-01  1.142405e+01  0.000000e+00  0.000000e+00  4.480559e-01  3.896833e-01  2.554496e-01  1.712262e-03
3  2.384608e-01  6.117646e-01  9.399437e-01  4.248736e-01  6.761096e-01  5.552230e+00 6 1  3.011325e-01
 1.299665e-01 -1.973645e-01 -1.064688e+00  1.403320e+01  5.000000e-01  7.463693e-01  2.958960e-01  9.570872e-01  3.926222e-01
-2.256416e-01  6.727143e-01  1.574728e+00  0.000000e+00  0.000000e+00  1.856632e-01  1.103046e-01  1.262806e-01  2.861600e-02
 5.448639e-03 -1.111461e-02  4.866022e-03  1.549506e+01  1.000000e+00  1.591984e+01  2.390174e+00  3.373737e+00  1.493906e+01
3 -4.962018e-01  9.381413e-01  8.335039e-01  3.218136e-01  1.360569e-01  6.164450e+00 6 1  2.910940e-01
-5.797498e-01 -5.148847e-01  2.076415e+00  0.000000e+00  0.000000e+00  2.705551e-01 -1.823780e-01 -1.312586e-01  4.801815e-03
 5.173576e-02  2.913258e-02 -2.825105e-01  4.240255e+01  5.000000e-01  2.604834e+00 -1.574700e+00 -1.906700e+00  1.674334e+00
 2.667185e-02  1.629381e-02  8.950803e-02  4.242545e+01  1.000000e+00  5.457797e+00 -1.467908e+00 -2.558323e+00  4.338817e+00
1 -9.086606e-01 -3.425336e-01  0.000000e+00  4.208703e-01  0.000000e+00  5.962430e+00 0 2  2.845395e-01
 6.919675e-01  2.631688e-01  4.663759e+00  0.000000e+00  0.000000e+00  3.002729e-01 -4.565947e-01 -2.583022e-01  5.264770e-03
3  1.132362e-01  1.919236e-01  9.571066e-01  4.494822e-01  2.993997e-01  3.238910e+00 6 1 -1.000000e+00
-1.969873e-01 -2.008061e-01 -5.634453e-01  2.029842e+01  5.000000e-01  1.173950e+00 -6.119033e-02 -1.342129e+00  9.037721e-01
 1.610779e-01  6.867988e-01  1.881917e+00  0.000000e+00  0.000000e+00  2.247809e-01  2.399631e-01 -1.095867e-01  6.258214e-02
-1.191853e-02 -1.473618e-02  7.503245e-03  2.261158e+01  1.000000e+00  1.468742e+01  5.757323e-01 -7.330643e+00  1.412287e+01
3  4.088975e-01  1.555577e-01  1.549722e+00  9.177173e-01  1.174000e-01  5.071840e+00 6 1 -1.000000e+00
-3.539398e-01 -1.501805e-01 -3.381566e-01  5.935192e+01  5.000000e-01  1.437095e+00 -1.151658e+00 -1.349795e+00  9.076570e-01
 1.176688e+00  9.233914e-02  2.880380e+00  0.000000e+00  0.000000e+00  3.292067e-01 -3.118455e-01 -7.442849e-02  5.436571e-02
-2.153826e-02 -8.190432e-03  2.702332e-03  6.510075e+01  1.000000e+00  2.438597e+01 -9.905944e+00 -8.872724e+00  2.322173e+01
3  9.732870e-01 -1.595615e-01  3.780149e+00  1.628033e+00  1.971988e-01  7.238820e+00 6 1 -1.000000e+00
 3.279586e+00 -5.149516e-01  2.155272e+00  0.000000e+00  0.000000e+00  3.147194e-01 -7.292646e-02 -1.768001e-02  1.042185e-03
-4.504103e-01  9.876917e-02 -4.250169e-01  6.864217e+02  5.000000e-01  1.456070e+00 -1.416191e+00  7.451508e-01  2.679057e-01
-6.237926e-03  1.021994e-03  4.975621e-05  7.232715e+02  1.000000e+00  1.574300e+02 -6.263218e+01  2.120300e+01  1.539673e+02
3  2.567719e+00 -6.457236e-01  2.125301e+00  7.548683e-01  1.693278e-01  1.095080e+01 6 1  2.811961e-01
 1.074701e-01 -2.462716e-01 -3.696196e-01  1.912407e+02  5.000000e-01  1.547147e+00  1.019554e+00  1.401914e+00  2.239284e-01
 5.970623e-01  1.821869e+00  2.182864e+00  0.000000e+00  0.000000e+00  3.043093e-01 -9.970139e-02  1.262200e-01  3.722003e-04
 1.473215e-03 -3.727848e-03  1.316801e-04  2.027564e+02  1.000000e+00  9.644931e+01  2.217570e+01  3.201013e+01  9.223384e+01
2  4.791833e-01  4.740724e-01  1.384605e+00  7.439040e-01  1.603670e-02  1.203980e+01 6 2 -1.000000e+00
 1.022194e+00  5.912769e-01  4.652530e+00  0.000000e+00  0.000000e+00  3.518860e-01 -1.185243e-01 -4.371121e-01  3.185028e-03
-1.504576e-01 -1.449431e-01 -7.461121e-02  3.332015e+02  5.000000e-01  1.355366e+00  8.980151e-02 -3.677096e+00  3.717447e-01
3 -2.368457e-01  5.618148e-01  1.881704e+00  7.628067e-01  1.462351e-01  9.373910e+00 6 1 -1.000000e+00
-8.174501e-01  1.349893e+00  2.100408e+00  0.000000e+00  0.000000e+00  2.983473e-01  9.762186e-02  8.178375e-02  9.560700e-04
 9.308819e-02 -2.968401e-01 -3.071534e-01  5.056906e+02  5.000000e-01  7.624707e-01  1.526756e+00  9.905250e-01  1.121891e-01
 2.409267e-04 -7.262779e-04  2.774388e-06  6.051475e+02  1.000000e+00  6.044027e+02  5.979435e+01 -8.918651e+00  6.023909e+02
3 -5.735423e-02 -1.929521e-01  5.218683e-01  2.691381e-01  1.315503e-02  8.523680e+00 6 2 -1.000000e+00
-5.776736e-02 -4.171827e-01  1.733685e+01  0.000000e+00  0.000000e+00  4.044006e-01  5.002196e-01 -2.164218e-01  2.479288e-02
 2.595627e-02  9.792584e-02 -2.280669e-01  2.464889e+01  5.000000e-01  1.577259e+00  1.837937e+00 -1.157539e+00  7.580172e-01
 1.704029e-03  7.149309e-03  2.265692e-03  2.598476e+01  1.000000e+00  2.449096e+01  9.630450e+00 -4.208713e+00  2.278891e+01
3  2.903271e-01  3.619635e-02  1.059939e+00  6.571188e-01  1.823854e-01  7.475880e+00 6 1 -1.000000e+00
 7.450921e-01  1.323909e-01  2.184867e+00  0.000000e+00  0.000000e+00  2.664271e-01 -2.706436e-01 -8.477909e-02  2.617256e-02
-3.020562e-01 -3.177891e-02 -3.984877e-01  9.630299e+01  5.000000e-01  6.788816e-01 -1.587312e+00 -3.050342e-01  3.281928e-01
-8.941550e-04 -1.081285e-04  6.529440e-06  1.435859e+02  1.000000e+00  4.437438e+02 -2.012823e+02 -4.852909e+01  4.426653e+02
2 -2.156449e-01 -2.303447e-01  1.525428e+00  7.133137e-01  6.432119e-01  7.726030e+00 6 1 -1.000000e+00
-6.447790e-01 -8.658390e-01  2.411830e+00  0.000000e+00  0.000000e+00  3.093071e-01  4.645122e-02 -2.455119e-01  3.469650e-03
 3.536647e-01  2.874351e-01 -1.551318e+00  1.609897e+02  5.000000e-01  5.944487e-01 -2.347645e-01 -8.683149e-01  4.144956e-02
3  1.561440e-01  2.076164e-01  1.303591e+00  6.003339e-01  3.898040e-01  1.540740e+01 6 3 -1.000000e+00
-1.873143e-01 -3.513006e-01 -1.355817e+00  1.032000e+02  5.000000e-01  7.248625e-01  5.038074e-01 -7.479582e-01  5.009378e-02
 6.221159e-01  6.705470e-01  3.478202e+00  0.000000e+00  0.000000e+00  3.650363e-01 -2.419543e-03 -3.401002e-01  4.395465e-03
-3.862834e-04 -5.604562e-04  9.639348e-06  1.508198e+02  1.000000e+00  3.267685e+02  2.746141e+01 -4.036737e+01  3.234762e+02
3  9.600845e-01 -8.356274e-02  4.920949e+00  2.009691e+00  6.548616e-01  5.431800e+00 6 1 -1.000000e+00
 3.781110e+00  1.668300e-01  2.529644e+00  0.000000e+00  0.000000e+00  3.574656e-01 -1.317477e-01 -1.343274e-02  1.611020e-03
-1.134677e+00  3.921772e-01 -1.656566e+00  3.668399e+02  5.000000e-01  8.000859e-01 -5.538938e-01  5.803668e-01  4.831364e-02
-2.150630e-03  2.772391e-04  6.839783e-06  4.712278e+02  1.000000e+00  3.900080e+02 -6.484268e+01  3.031857e+01  3.870010e+02
1  2.479638e-01 -1.807868e+00  0.000000e+00  1.546528e+00  0.000000e+00  1.365770e+01 0 2 -1.000000e+00
 1.160963e+00 -3.331709e+00  3.076176e+00  0.000000e+00  0.000000e+00  3.560822e-01  2.633265e-01  1.421631e-01  3.204687e-02
3 -1.421458e-01 -2.505295e-01  6.704816e-01  3.119296e-01  3.271789e-02  1.063200e+01 6 2 -1.000000e+00
-2.266523e-01 -4.724753e-01  3.996648e+00  0.000000e+00  0.000000e+00  2.301522e-01  4.636707e-01 -3.570231e-01  5.300839e-02
 1.464230e-02  1.451733e-02  4.165195e-03  2.410563e+01  1.000000e+00  2.442462e+01 -1.507414e+00 -1.750302e+01  2.399501e+01
 1.045956e-01  1.104658e-01 -1.307619e-01  2.315956e+01  5.000000e-01  2.716906e+00  6.652900e-01 -3.186321e+00  2.448802e+00
1 -1.892332e+00 -7.326984e-02  0.000000e+00  1.276365e+00  0.000000e+00  6.161390e+00 0 2 -1.000000e+00
-2.884093e+00 -6.398353e-01  3.237353e+00  0.000000e+00  0.000000e+00  3.800870e-01 -2.669644e-01 -6.424830e-02  1.247045e-03
3  8.785753e-01 -7.921184e-01  7.696919e-01  3.600749e-01  4.810736e-03  5.142440e+00 6 2  2.877327e-01
 5.132799e-02 -6.924512e-01  6.660226e+00  0.000000e+00  0.000000e+00  3.404362e-01  5.260539e-01  9.025895e-02  3.590911e-03
-2.218655e-04  3.046598e-03  7.417906e-05  6.778305e+01  1.000000e+00  1.254926e+02  4.450780e+01  6.046684e+00  1.225609e+02
-5.493759e-03  7.514049e-02 -3.204059e-02  6.536768e+01  5.000000e-01  2.713907e+00  5.779627e+00  8.624367e-01  1.414815e+00
3  4.915199e-01  3.057204e-01  1.364391e+00  4.986890e-01  1.330393e-01  8.833290e+00 6 1 -1.000000e+00
 8.274790e-01  7.139147e-01  1.734180e+00  0.000000e+00  0.000000e+00  1.847624e-01 -1.479573e-01 -2.570599e-01  1.675250e-02
-2.190758e-01 -1.614621e-01 -2.307142e-01  5.072417e+01  5.000000e-01  8.224054e-01 -9.482731e-01 -1.861903e+00  5.448158e-01
-7.060254e-03 -6.587760e-03  5.426509e-04  5.587629e+01  1.000000e+00  4.600002e+01  5.045402e+00 -1.251961e+01  4.545645e+01
3  1.081228e-01  1.176032e-01  1.163374e+00  5.698950e-01  2.471556e-01  8.223300e+00 6 3 -1.000000e+00
 5.217615e-01  5.161674e-01  2.436382e+00  0.000000e+00  0.000000e+00  2.804819e-01  3.774629e-02 -3.253258e-01  1.335520e-02
-2.865174e-01 -3.205670e-01 -9.857687e+00  3.241895e+01  5.000000e-01  5.016114e-01  1.144328e-01 -5.802931e-01  5.568051e-02
-1.251915e-03 -1.169388e-03  1.459838e-04  5.164389e+01  1.000000e+00  8.615501e+01 -6.155699e+00 -1.906328e+01  8.275243e+01
3  3.444343e-01 -9.544719e-02  1.080460e+00  4.750770e-01  1.409443e-01  4.298090e+00 6 1 -1.000000e+00
 8.180752e-01 -2.391916e-01  2.088336e+00  0.000000e+00  0.000000e+00  2.831595e-01 -1.623726e-01  9.297974e-02  1.102233e-02
-2.163479e-01  7.283809e-02 -2.943389e-01  1.189438e+02  5.000000e-01  9.000288e-01 -1.550973e+00  1.000960e+00  4.046832e-01
-2.429933e-03  9.931939e-04  5.873467e-05  1.405951e+02  1.000000e+00  1.430953e+02 -3.278974e+01  4.571854e+01  1.418035e+02
1  1.828152e+00 -1.837269e-03  0.000000e+00  1.315433e+00  0.000000e+00  9.180880e+00 0 2 -1.000000e+00
 3.022123e+00 -4.667263e-01  4.294065e+00  0.000000e+00  0.000000e+00  4.258121e-01 -3.105902e-01  1.860021e-02  2.461922e-03
3 -5.808951e-02  2.663773e-01  7.509005e-01  4.147776e-01  3.590301e-01  1.256890e+01 6 1  2.919796e-01
 3.544413e-01 -5.236887e-01  2.551669e+00  0.000000e+00  0.000000e+00  2.877592e-01  5.591021e-02  3.350531e-01  1.127208e-02
-9.416902e-02  7.847442e-02 -9.161258e-01  1.879317e+01  5.000000e-01  1.590772e+00 -2.744709e-01  1.168431e+00  4.917958e-01
-3.033433e-02  2.689833e-02  1.356747e-01  1.889107e+01  1.000000e+00  4.360438e+00 -3.631350e-01  1.946820e+00  2.493766e+00
3  2.376720e-01 -1.385605e-01  9.634618e-01  4.371181e-01  2.908673e-01  7.189870e+00 6 1 -1.000000e+00
 5.566006e-01 -4.780846e-01  1.873352e+00  0.000000e+00  0.000000e+00  2.453381e-01 -6.197174e-02  1.785260e-01  6.535589e-03
-2.249788e-01  8.529109e-02 -5.448967e-01  6.766491e+01  5.000000e-01  6.233621e-01 -1.101593e+00  8.738184e-01  1.559856e-01
-1.113461e-03  5.745844e-04  3.455569e-05  8.743819e+01  1.000000e+00  1.725711e+02 -1.831737e+01  1.274032e+01  1.710550e+02
3  5.765593e-01  2.401997e-01  4.173524e-01  1.754173e-01  7.756926e-01  7.564510e+00 6 3  2.782049e-01
 8.456945e-02 -7.897730e-02 -3.561113e+00  9.387042e+00  5.000000e-01  8.057388e-01 -7.030890e-02  5.600046e-01  2.518921e-01
-2.335695e-01  1.911533e-01  2.762329e+00  0.000000e+00  0.000000e+00  3.760799e-01 -5.617591e-02  1.552649e-01  2.780325e-02
 5.860084e-03 -5.467938e-03  2.516972e-02  1.030878e+01  1.000000e+00  7.599044e+00  2.370150e-01  1.939311e+00  6.431419e+00
3  1.285855e-01 -1.765675e-02  4.949408e-01  2.202621e-01  2.792376e-01  8.521290e+00 6 1 -1.000000e+00
-1.366466e-01  5.327421e-02 -4.927570e-01  3.132423e+01  5.000000e-01  5.046005e-01 -1.025929e+00  1.105571e+00  2.326952e-01
 3.567601e-01  9.221271e-02  1.764652e+00  0.000000e+00  0.000000e+00  2.089198e-01 -2.428445e-01  1.225860e-02  1.790181e-02
-9.102840e-04  1.659980e-04  7.935296e-05  4.381212e+01  1.000000e+00  1.144423e+02 -1.328521e+01  9.525623e+00  1.137855e+02
3 -3.901689e+00 -1.770911e+00  3.529135e+00  1.802900e+00  4.941605e-01  9.379910e+00 6 1  2.939456e-01
 9.038939e-01 -1.835093e-02 -1.439361e+00  2.448771e+02  5.000000e-01  1.147108e+00 -8.430318e-01 -7.543673e-02  4.743153e-02
-2.094349e+00  1.843189e+00  2.912741e+00  0.000000e+00  0.000000e+00  3.896756e-01 -6.231185e-02  1.590401e-01  1.727492e-03
 1.123294e-01 -1.559767e-02  7.562118e-02  2.563671e+02  1.000000e+00  5.063577e+00 -1.792929e+00  2.724983e-01  1.284817e+00
3  3.190054e-01 -1.718839e-01  1.428134e+00  6.682141e-01  2.674914e-01  9.298010e+00 6 1 -1.000000e+00
 9.592681e-01 -3.316793e-01  2.265988e+00  0.000000e+00  0.000000e+00  2.792478e-01 -1.941752e-01  2.011746e-01  9.352119e-03
-3.515281e-01  2.352233e-01 -6.061324e-01  7.784751e+01  5.000000e-01  5.257532e-01 -4.557741e-01  1.291118e+00  1.148985e-01
-5.059571e-04  2.794187e-04  2.988381e-06  1.256432e+02  1.000000e+00  5.918065e+02 -5.984502e+01  1.041231e+02  5.903535e+02
3  4.261479e-01 -7.620066e-02  1.331834e+00  5.892045e-01  1.056155e-01  5.866190e+00 6 3 -1.000000e+00
 9.401780e-01 -3.448940e-01  3.747808e+00  0.000000e+00  0.000000e+00  3.321353e-01 -3.803689e-01  1.858497e-01  1.277147e-02
-3.270252e-01  6.495727e-02 -3.958266e-01  1.239518e+02  5.000000e-01  7.191154e-01 -1.536283e+00  4.950659e-01  2.228726e-01
-3.701219e-03  1.082205e-03  1.486017e-04  1.520623e+02  1.000000e+00  8.412279e+01 -5.473303e+00  1.224923e+01  8.287453e+01
3  2.987319e-01 -1.288007e-01  8.446692e-01  4.264189e-01  6.552463e-02  8.502700e+00 6 2 -1.000000e+00
 5.036006e-01 -4.562856e-01  3.194767e+00  0.000000e+00  0.000000e+00  3.261959e-01 -1.794979e-01  3.298191e-01  1.552250e-02
-4.513375e-03  1.897368e-03  3.816935e-04  9.518766e+01  1.000000e+00  5.433922e+01 -1.073878e+01  1.048084e+01  5.312018e+01
-1.620504e-01  6.369015e-02 -2.093359e-01  8.513822e+01  5.000000e-01  1.081925e+00 -1.640585e+00  1.446445e+00  5.319292e-01
3  2.363123e-01  3.569712e-01  1.272130e+00  5.093875e-01  1.455070e-01  1.097810e+01 6 1 -1.000000e+00
 2.276464e-01  9.781535e-01  2.226062e+00  0.000000e+00  0.000000e+00  2.684489e-01  1.192990e-01 -2.677889e-01  1.149652e-02
-1.573640e-01 -2.343161e-01 -3.239076e-01  9.734717e+01  5.000000e-01  7.192741e-01  4.015762e-01 -1.733448e+00  2.511565e-01
-1.411103e-03 -3.144707e-03  1.104723e-04  1.161522e+02  1.000000e+00  9.890623e+01  2.213940e+01 -6.590390e+00  9.757848e+01
1  5.009905e+00  5.526049e+00  0.000000e+00  2.893041e+00  0.000000e+00  6.502270e+00 0 2 -1.000000e+00
 7.041404e+00  7.066251e+00  3.322295e+00  0.000000e+00  0.000000e+00  3.212836e-01  5.748539e-03 -3.995324e-01  2.970753e-05
3 -2.139880e+00 -1.825755e+00  2.153445e+00  1.311461e+00  1.235948e-01  9.690140e+00 6 1  3.107887e-01
-9.018661e-01  1.566882e+00  1.627133e+00  0.000000e+00  0.000000e+00  1.825736e-01  6.139836e-02  2.232447e-01  5.513610e-03
 3.391374e-01 -1.930152e-01 -2.011051e-01  8.201835e+01  5.000000e-01  1.307476e+00 -1.142011e+00  1.939814e+00  5.491795e-01
 1.024931e-02 -6.515856e-03  3.413443e-04  8.859208e+01  1.000000e+00  5.956597e+01 -1.472854e+01  1.683594e+01  5.731884e+01
3 -1.265816e-01 -4.811025e-01  1.342635e+00  5.340538e-01  1.172558e-01  1.364350e+01 6 1 -1.000000e+00
-4.182303e-01 -9.109497e-01  1.889959e+00  0.000000e+00  0.000000e+00  1.890936e-01  2.746723e-01 -2.302441e-01  2.225266e-02
 7.834012e-02  3.364823e-01 -2.216088e-01  6.461304e+01  5.000000e-01  6.753290e-01  1.993910e+00 -8.013687e-01  3.781077e-01
 5.779308e-04  1.791907e-03  1.440046e-05  8.655373e+01  1.000000e+00  2.823941e+02  7.410315e+01 -6.518542e+01  2.814881e+02
3  2.858508e-01 -4.599373e-01  8.651999e-01  4.106431e-01  7.456381e-01  8.326860e+00 6 3  2.950761e-01
 6.243135e-02 -3.213252e-01 -3.294806e+00  1.133921e+01  5.000000e-01  7.428140e-01  5.271346e-01  3.029551e-01  4.162882e-02
 1.261044e-01  5.415286e-01  4.418773e+00  0.000000e+00  0.000000e+00  4.051816e-01  3.380308e-01 -1.150520e-01  1.196681e-02
 5.086450e-04 -1.317143e-02  2.835313e-02  1.465460e+01  1.000000e+00  7.168192e+00  1.664008e+00  9.048173e-02  2.543981e+00
2  1.720263e-01  1.107807e+00  1.523620e+00  6.461416e-01  1.110862e-01  1.202640e+01 6 1  2.706230e-01
-4.737422e-01  1.225197e+00  1.602165e+00  0.000000e+00  0.000000e+00  2.053780e-01  6.219892e-02  5.830943e-02  2.979651e-04
 1.033926e-01 -1.848855e-01 -1.779784e-01  2.886766e+02  5.000000e-01  9.025010e-01  1.163650e+00  2.067386e+00  6.411582e-02
3  8.107181e-01 -4.470857e-01  2.028258e+00  8.766887e-01  1.107484e-01  6.208760e+00 6 1 -1.000000e+00
 1.542091e+00 -9.082291e-01  1.596460e+00  0.000000e+00  0.000000e+00  1.946756e-01 -7.463377e-02  1.288079e-01  9.145753e-03
-2.252901e-01  8.685675e-02 -1.768054e-01  1.031314e+02  5.000000e-01  1.717598e+00 -1.654092e+00  1.853338e+00  1.291683e+00
-3.995104e-02  1.396988e-02  7.102249e-03  1.044471e+02  1.000000e+00  1.425809e+01 -5.170102e+00  2.871687e+00  1.361483e+01
2 -7.355225e-01  2.471498e+00  3.008951e-02  1.030342e+00  1.383505e-01  1.363550e+01 6 1  2.835418e-01
 3.012487e-02 -3.709370e-02 -2.715272e-03  1.117670e+03  5.000000e-01  1.940785e+01  3.337542e+00  2.638175e+01  1.612143e+01
 1.080168e-02 -1.402873e-02  3.756592e-04  1.117956e+03  1.000000e+00  7.327008e+01  1.272906e+01  4.897906e+01  6.888462e+01
5  8.601223e-01  7.082881e-01  1.921636e+00  5.779173e-01  1.000000e+00  1.205290e+01 6 3  2.932222e-01
 9.278780e-01 -5.213864e-01  3.202025e+00  0.000000e+00  0.000000e+00  4.173028e-01  1.453429e-01 -7.816074e-02  3.397325e-03
-2.643704e-01 -3.395422e-01 -1.392701e+00  1.982904e+01  5.000000e-01  6.718280e-01  3.193187e-01 -8.507419e-01  3.944218e-02
 2.003877e-01  3.484217e-01 -1.141498e+00  2.174568e+01  5.000000e-01  7.307486e-01  4.860830e-01 -8.439559e-01  4.598581e-02
-7.341626e-01  4.431375e-01  3.041495e+00  7.540330e+00  0.000000e+00  4.263629e-01 -9.714492e-04 -1.652271e-02  6.244301e-03
-4.332552e-05  1.577602e-04  4.628548e-05  3.689917e+01  1.000000e+00  1.482673e+02  6.503124e+00  6.349409e+00  1.438743e+02
1  5.600245e-01  2.944136e-02  0.000000e+00  1.179060e+00  0.000000e+00  8.251940e+00 0 2  2.784746e-01
-1.978906e+00 -1.311411e+00  3.356029e+00  0.000000e+00  0.000000e+00  3.354512e-01 -1.697720e-01 -3.388677e-01  1.977941e-03
3  5.740272e-03 -6.239285e-02  5.793624e-01  2.630485e-01  2.030896e-01  4.932810e+00 6 3 -1.000000e+00
-1.442659e-02  2.425087e-01 -1.560707e+00  6.088374e+00  5.000000e-01  5.621373e-01  9.114305e-01  4.187567e-02  2.694315e-01
 1.633447e-01 -3.089060e-01  7.684821e+00  0.000000e+00  0.000000e+00  3.643763e-01  3.224994e-01  4.121711e-01  1.107797e-01
-1.963384e-04  1.535696e-03  6.257939e-04  1.210283e+01  1.000000e+00  4.275929e+01  1.138981e+01  4.017545e+00  4.184437e+01
3  3.231978e-01 -3.722289e-01  1.586346e+00  9.097858e-01  1.687640e-01  9.999170e+00 6 1 -1.000000e+00
 5.169252e-01 -1.177042e+00  2.595835e+00  0.000000e+00  0.000000e+00  3.330312e-01  1.065339e-01  2.196939e-01  1.523599e-02
-2.621177e-01  2.048348e-01 -4.380834e-01  1.803214e+02  5.000000e-01  1.066968e+00 -3.207685e-01  1.477925e+00  5.258979e-01
-1.558784e-02  1.339127e-02  3.812304e-03  1.930538e+02  1.000000e+00  1.800942e+01 -2.409852e+00  4.604821e+00  1.708110e+01
2 -1.559509e+00 -1.988072e-01  2.725575e+00  1.508490e+00  1.564613e-01  1.256890e+01 6 3  2.747757e-01
-7.152553e-01 -5.908296e-01 -2.245082e+00  1.609642e+02  5.000000e-01  8.974481e-01 -2.172830e-01 -6.393145e-01  1.211817e-02
 2.926754e-01  1.941528e+00  1.434913e+01  0.000000e+00  0.000000e+00  5.891978e-01  2.445544e-01 -1.981438e-01  2.572561e-03
3 -8.774159e-02 -2.717182e-01  1.590428e+00  8.654658e-01  6.543678e-01  5.662600e+00 6 1 -1.000000e+00
-1.059277e-01 -1.096180e+00  2.538218e+00  0.000000e+00  0.000000e+00  3.158004e-01  2.516245e-01 -1.041011e-01  3.188921e-02
 3.049418e-01  4.402607e-01 -1.660928e+00  5.419149e+01  5.000000e-01  6.028565e-01  2.840463e-01 -8.240835e-01  2.367768e-01
 3.381710e-03  7.654941e-03  1.463964e-03  7.262308e+01  1.000000e+00  2.757277e+01  1.176918e+00 -4.652977e+00  2.672063e+01
2 -2.415234e-01 -5.266344e-01  1.845138e+00  1.045132e+00  1.323319e-01  1.365770e+01 6 3 -1.000000e+00
-6.230163e-01 -1.226912e+00  3.078382e+00  0.000000e+00  0.000000e+00  3.241422e-01  2.207771e-01 -2.884358e-01  1.291562e-03
 1.889020e-01  4.299902e-01 -4.073681e-01  2.521853e+02  5.000000e-01  5.709550e-01  1.113924e+00 -1.182385e+00  2.990537e-02
3 -2.547450e+00  2.301366e+00  4.243523e+00  1.767961e+00  2.785511e-01  9.383530e+00 6 3  2.877558e-01
 2.345020e+00  2.209133e+00  2.115528e+00  0.000000e+00  0.000000e+00  3.064685e-01  8.668091e-02  2.787779e-02  8.390258e-03
-9.060700e-01 -5.181190e-01 -7.594759e+00  1.310221e+02  5.000000e-01  7.885202e-01 -2.889550e-01 -3.047926e-01  1.519239e-01
-3.772837e-02 -3.571323e-02  1.187763e-02  1.421361e+02  1.000000e+00  1.069703e+01 -6.695110e-01 -3.064681e+00  9.161487e+00
1 -1.108335e+01 -1.232203e+01  0.000000e+00  3.065473e+00  0.000000e+00  4.612230e+00 0 2 -1.000000e+00
-1.094507e+01 -1.726673e+01  4.200191e+00  0.000000e+00  0.000000e+00  3.982764e-01  4.692398e-02 -3.489770e-01  1.704091e-03
1  5.491457e-01  8.730644e-01  0.000000e+00  8.747080e-01  0.000000e+00  5.552190e+00 0 2 -1.000000e+00
 8.439220e-01  1.640720e+00  3.893461e+00  0.000000e+00  0.000000e+00  3.843017e-01  1.819890e-01 -2.985356e-01  6.450032e-02
3  3.390110e-01 -3.060470e-01  1.115341e+00  5.825237e-01  1.718114e-01  1.284610e+01 6 1 -1.000000e+00
 6.416974e-01 -7.363231e-01  1.587055e+00  0.000000e+00  0.000000e+00  1.954147e-01 -6.475975e-03  1.312157e-01  4.365432e-03
-1.377371e-01  6.146553e-02 -2.726741e-01  5.874724e+01  5.000000e-01  1.346663e+00 -9.841199e-01  1.679007e+00  8.223697e-01
-1.931190e-02  7.482109e-03  6.747355e-03  5.983460e+01  1.000000e+00  1.473128e+01 -5.991562e+00  2.107835e+00  1.383837e+01
4 -6.419051e-01  5.699056e-01  1.096650e+01  2.345528e+00  1.000000e+00  1.363300e+01 6 3 -1.000000e+00
 3.530025e+00 -1.624811e+00  3.573767e+00  2.367883e+03  0.000000e+00  4.499145e-01  5.495954e-02 -1.405585e-01  5.134298e-04
 6.037602e-02 -8.890759e-01 -8.997089e-01  2.737487e+03  5.000000e-01  1.288247e+00  1.016295e+00 -4.021219e-01  1.729481e-02
 1.192927e+00  7.284317e-01 -1.505229e+00  2.640334e+03  5.000000e-01  1.069062e+00  7.700670e-02 -8.143650e-01  5.788612e-03
-6.095598e+00  3.629859e+00  1.889667e+00  0.000000e+00  0.000000e+00  2.613004e-01  6.871947e-02 -1.084478e-01  8.259025e-05
3  2.954553e-01  7.354135e-02  8.946613e-01  4.947641e-01  4.935741e-02  9.371850e+00 6 2 -1.000000e+00
 5.458959e-01  4.485312e-01  4.898776e+00  0.000000e+00  0.000000e+00  3.932692e-01 -2.338579e-01 -3.306058e-01  8.189534e-03
-2.007064e-01 -4.442310e-02 -2.417909e-01  9.316399e+01  5.000000e-01  9.596274e-01 -1.854543e+00 -8.355263e-01  2.651897e-01
-1.532197e-03 -3.482278e-04  3.748548e-05  1.151206e+02  1.000000e+00  1.689525e+02 -3.630029e+01 -1.460608e+01  1.669666e+02
3  2.316899e-01 -2.223956e-01  1.760387e+00  8.683905e-01  1.444659e-01  9.364470e+00 6 3 -1.000000e+00
 1.046407e+00 -4.098289e-01  4.492521e+00  0.000000e+00  0.000000e+00  2.642825e-01 -3.845970e-01  4.132472e-01  6.585624e-02
-4.586799e-01  5.032292e-01 -6.490159e-01  2.345863e+01  5.000000e-01  5.632953e-01  1.363479e-01  1.308784e+00  3.219253e-01
-2.423450e-03  2.467937e-03  1.079992e-04  4.187245e+01  1.000000e+00  1.033088e+02  2.590898e+00  3.465611e+01  1.026451e+02
1  1.316059e+00  8.164672e-01  0.000000e+00  1.530616e+00  0.000000e+00  1.095080e+01 0 2 -1.000000e+00
 1.467176e+00  2.174861e+00  3.663436e+00  0.000000e+00  0.000000e+00  3.808062e-01 -6.512079e-02 -3.258719e-01  3.026102e-03
2 -8.266698e-02  2.212069e-01  1.129988e+00  5.864321e-01  5.041745e-01  8.527770e+00 6 1 -1.000000e+00
 7.173826e-02 -3.418836e-01 -1.236170e+00  1.239417e+02  5.000000e-01  5.296171e-01  9.580785e-01  3.351057e-01  2.925116e-02
-4.179860e-01  6.764696e-01  2.451870e+00  0.000000e+00  0.000000e+00  3.055560e-01  1.853720e-01  2.000941e-01  2.685871e-03
3  1.665223e-01 -8.671195e-02  5.292914e-01  2.373599e-01  1.633617e-01  1.203930e+01 6 1 -1.000000e+00
 3.874757e-01 -1.717417e-01  2.026704e+00  0.000000e+00  0.000000e+00  2.655280e-01 -1.098668e-01  1.842999e-01  1.082267e-02
-9.496441e-02  4.597588e-02 -3.310858e-01  4.529281e+01  5.000000e-01  8.526430e-01 -9.921378e-01  1.434483e+00  4.043680e-01
-2.558050e-03  1.095684e-03  4.188390e-04  5.041467e+01  1.000000e+00  5.127023e+01 -9.891356e+00  6.457921e+00  5.029773e+01
1  4.968528e-01 -2.351067e+00  0.000000e+00  5.246809e+00  0.000000e+00  9.671860e+00 0 2 -1.000000e+00
 4.112588e+00 -8.968915e+00  3.718943e+00  0.000000e+00  0.000000e+00  4.704177e-01  1.024292e-01  3.274281e-02  2.185294e-03
3  8.685138e-01  8.412744e-01  3.727845e+00  1.920644e+00  1.072091e-01  8.390400e+00 6 1 -1.000000e+00
 2.100696e+00  2.656247e+00  1.845060e+00  0.000000e+00  0.000000e+00  2.636160e-01 -1.542069e-02  5.990260e-03  2.040273e-03
-3.236118e-01 -1.756355e-01 -1.978073e-01  2.217723e+02  5.000000e-01  2.253939e+00 -1.130852e+00 -2.312782e+00  1.384203e+00
-5.651962e-02 -2.804941e-02  5.772407e-03  2.238592e+02  1.000000e+00  1.842327e+01 -7.962714e+00 -8.180926e+00  1.703838e+01
3 -2.309264e-01 -7.887508e-02  6.599612e-01  2.451766e-01  2.665554e-01  1.205140e+01 6 1 -1.000000e+00
-5.750598e-01 -6.679209e-02  1.826455e+00  0.000000e+00  0.000000e+00  2.427126e-01 -9.909077e-02 -1.271086e-01  1.488202e-02
 7.656120e-02  3.779706e-02 -4.868515e-01  2.695214e+01  5.000000e-01  1.581883e+00 -9.158401e-01 -1.246531e+00  1.111052e+00
 2.444371e-02  1.122215e-02  6.382161e-02  2.709350e+01  1.000000e+00  5.533878e+00 -1.231039e+00 -1.836279e+00  4.907482e+00
3  3.057765e-01  1.076473e+00  7.833019e-01  4.371201e-01  9.358082e-02  1.131880e+01 6 2  2.722585e-01
 3.989760e-01  5.440255e-01  5.786167e+00  0.000000e+00  0.000000e+00  4.329757e-01  1.816141e-01 -3.401572e-01  1.633487e-03
-4.778452e-02 -9.937708e-02 -5.414743e-01  6.823891e+01  5.000000e-01  1.961743e+00  9.750114e-01 -1.349486e+00  2.434487e-01
-4.130088e-03 -1.059701e-02  6.475743e-03  6.920788e+01  1.000000e+00  1.595665e+01  6.177653e+00 -5.578132e+00  1.183790e+01
3  3.115870e-01  1.594274e-02  1.322475e+00  5.321576e-01  4.546124e-01  6.417490e+00 6 1 -1.000000e+00
 1.053001e+00 -6.103105e-02  1.843852e+00  0.000000e+00  0.000000e+00  2.628825e-01  2.984880e-02  1.040424e-02  6.853445e-03
-2.693533e-01 -4.321813e-02 -8.382379e-01  1.052502e+02  5.000000e-01  8.356065e-01 -9.649038e-01 -5.375543e-01  2.238754e-01
-4.821033e-03  1.525490e-04  3.494187e-04  1.193511e+02  1.000000e+00  5.735387e+01 -1.726104e+01  3.989954e+00  5.566536e+01
3 -2.406489e+00  1.040509e+00  2.015158e+00  9.801465e-01  1.498187e-01  1.245330e+01 6 3  2.938804e-01
 4.094940e-01 -3.190204e-01 -6.279774e-01  7.326580e+01  5.000000e-01  9.033647e-01 -3.574648e-01  1.214072e+00  1.173799e-01
-1.150555e+00  9.565609e-01  4.191583e+00  0.000000e+00  0.000000e+00  3.762916e-01 -1.255174e-01  3.669935e-01  6.486711e-03
 3.575478e-03 -2.908598e-03  1.349549e-04  8.937760e+01  1.000000e+00  8.814493e+01  1.313677e+00  1.351415e+01  8.495414e+01
3  6.502339e-01  2.200263e+00  4.636070e+00  3.023093e+00  3.823538e-01  3.756120e+00 6 1  2.809929e-01
 2.574657e+00 -2.681381e+00  2.942084e+00  0.000000e+00  0.000000e+00  3.348451e-01  1.274315e-01  2.937639e-01  1.071442e-03
-7.410500e-01  5.588705e-01 -1.124917e+00  5.120386e+02  5.000000e-01  1.209603e+00 -2.668539e-01  9.282654e-01  6.109885e-02
-7.624454e-03  6.723390e-03  1.334984e-04  5.519363e+02  1.000000e+00  9.113570e+01 -9.738931e+00  2.321367e+01  8.633577e+01
3 -1.926463e-01  1.496564e-01  5.084907e-01  2.362150e-01  1.305515e-01  4.117840e+00 6 1 -1.000000e+00
-3.422358e-01  2.576065e-01  1.946192e+00  0.000000e+00  0.000000e+00  1.879357e-01 -1.054421e-01  3.667511e-01  2.753002e-02
 6.265388e-02 -5.000878e-02 -2.540782e-01  2.349187e+01  5.000000e-01  1.476440e+00 -4.522222e-01  1.989544e+00  1.177046e+00
 1.236023e-02 -9.775784e-03  1.561646e-02  2.386066e+01  1.000000e+00  9.639670e+00 -6.971447e-01  3.181646e+00  9.202879e+00
1 -1.177148e-01 -9.262863e-02  0.000000e+00  7.108455e-02  0.000000e+00  1.440230e+01 0 2  2.873639e-01
 1.246437e-01 -7.165458e-02  5.158152e+00  0.000000e+00  0.000000e+00  5.203483e-01  5.936463e-03  1.901647e-01  1.101138e-03
3 -2.097652e-02 -1.624600e-01  5.638152e-01  2.743161e-01  2.857242e-01  5.552650e+00 6 1 -1.000000e+00
-1.010800e-01 -4.268958e-01  2.657274e+00  0.000000e+00  0.000000e+00  3.035465e-01  3.195562e-01 -8.127621e-02  7.162832e-02
 2.402896e-02  1.228635e-01 -7.592475e-01  1.162729e+01  5.000000e-01  1.246939e+00  1.123383e+00 -3.407100e-01  8.584898e-01
 5.027480e-03  2.258230e-02  4.605400e-02  1.195544e+01  1.000000e+00  6.293658e+00  2.183100e+00 -1.242275e+00  5.687728e+00
3  1.752971e-01 -2.323097e-01  9.723954e-01  4.899480e-01  2.053204e-01  4.806380e+00 6 1 -1.000000e+00
 2.127576e-01 -7.177628e-01  2.199926e+00  0.000000e+00  0.000000e+00  2.560117e-01  1.837877e-01  2.553038e-01  4.202878e-02
-1.693316e-01  1.764187e-01 -4.516898e-01  3.895760e+01  5.000000e-01  9.816537e-01 -3.025604e-02  1.487726e+00  6.145487e-01
-8.614946e-03  1.058059e-02  3.736592e-03  4.306489e+01  1.000000e+00  1.836197e+01  7.226266e-01  5.769956e+00  1.760185e+01
3  9.129893e-02 -2.023351e-01  9.570254e-01  3.632418e-01  3.225240e-01  4.612490e+00 6 1 -1.000000e+00
 1.695988e-01 -6.577898e-01  2.342626e+00  0.000000e+00  0.000000e+00  3.009969e-01  1.828980e-01  1.681735e-01  1.282536e-02
-1.279393e-01  2.518083e-01 -7.555531e-01  5.596835e+01  5.000000e-01  5.844431e-01  5.962634e-01  1.068031e+00  1.258537e-01
-1.883045e-04  5.681996e-04  7.443507e-06  8.602714e+01  1.000000e+00  3.856282e+02  1.073050e+02  4.559854e+01  3.838635e+02
3 -3.056197e-01  1.563800e+00  4.545417e+00  2.225061e+00  4.946654e-02  1.545100e+01 6 2 -1.000000e+00
-8.498736e-02  4.289506e+00  4.519217e+00  0.000000e+00  0.000000e+00  4.746798e-01  2.026141e-01  1.167541e-01  2.199614e-03
 3.012707e-02 -2.544537e-01 -2.235500e-01  4.859939e+02  5.000000e-01  3.162524e+00  2.910744e+00  8.230151e-01  1.871638e+00
 1.404205e-02 -1.268309e-01  6.183546e-02  4.862282e+02  1.000000e+00  6.738264e+00  4.001463e+00  8.625633e-01  5.235865e+00
5 -8.463644e-02 -2.222764e-01  1.704009e+00  6.884265e-01  1.000000e+00  1.204850e+01 6 3 -1.000000e+00
 5.369048e-01 -9.221604e-01  2.516741e+00  0.000000e+00  0.000000e+00  3.055740e-01  2.442423e-01  1.588515e-01  1.287810e-02
-6.914479e-01 -4.974787e-01 -4.718405e+00  1.833124e+01  5.000000e-01  4.475915e-01 -1.273180e-01 -7.077297e-01  2.426204e-02
-9.288903e-01 -5.320007e-02  4.994133e+00  1.701149e+01  0.000000e+00  3.735011e-01 -3.793455e-01 -2.199157e-01  1.190046e-02
 2.523494e-01  4.765965e-01 -5.666301e-01  7.082690e+01  5.000000e-01  6.397483e-01  6.845697e-01 -1.194138e+00  1.413536e-01
 2.376246e-04  7.295078e-04  9.321515e-06  1.354955e+02  1.000000e+00  3.459131e+02  9.355501e+01 -5.416479e+01  3.440565e+02
1  9.606075e-03  1.340695e-02  0.000000e+00  2.556180e-02  0.000000e+00  7.178820e+00 0 2 -1.000000e+00
 3.787471e-02  3.171757e-02  3.316654e+00  0.000000e+00  0.000000e+00  3.746979e-01 -6.243797e-02 -2.925671e-01  8.829590e-02
3 -2.016119e-01 -1.379258e-01  8.750418e-01  4.521497e-01  1.385495e-01  8.941350e+00 6 3 -1.000000e+00
-5.949097e-01 -1.950818e-01  3.135446e+00  0.000000e+00  0.000000e+00  3.032453e-01 -2.514840e-01 -3.213859e-01  1.329422e-02
 2.063684e-01  1.565596e-01 -4.344145e-01  6.281813e+01  5.000000e-01  5.769257e-01 -3.428595e-01 -1.537332e+00  1.463549e-01
 5.810817e-04  3.728524e-04  1.102608e-05  9.510237e+01  1.000000e+00  3.060130e+02 -2.661735e+01 -4.037758e+01  3.045743e+02
3  2.334123e-01 -4.654439e-02  6.878933e-01  3.707434e-01  1.230768e-01  1.408690e+01 6 1 -1.000000e+00
 5.130965e-01 -1.013336e-01  2.245772e+00  0.000000e+00  0.000000e+00  2.660467e-01 -2.765205e-01  1.301638e-01  1.456814e-02
-1.629170e-01  2.595759e-02 -2.764024e-01  5.512264e+01  5.000000e-01  7.580883e-01 -1.797010e+00  6.687230e-01  3.480819e-01
-1.090696e-03  1.369209e-04  2.278253e-05  7.019477e+01  1.000000e+00  2.244141e+02 -7.704390e+01  9.208777e+00  2.232919e+02
1 -3.509656e+00 -2.792436e+00  0.000000e+00  9.797280e-01  0.000000e+00  1.206770e+01 0 2  2.809135e-01
-1.935095e+00 -2.623057e-01  3.332395e+00  0.000000e+00  0.000000e+00  2.706573e-01 -3.359578e-01 -3.449473e-01  3.469417e-03
3  3.343530e-01  3.822071e-01  1.581748e+00  5.878226e-01  1.260267e-01  1.745000e+01 6 1 -1.000000e+00
 7.010826e-01  1.169092e+00  1.865862e+00  0.000000e+00  0.000000e+00  2.620241e-01 -2.076926e-02 -9.072927e-02  1.786683e-03
-1.540808e-01 -1.615554e-01 -2.351485e-01  2.762888e+02  5.000000e-01  1.190941e+00 -8.603006e-02 -2.069224e+00  2.870513e-01
-9.632208e-04 -1.187594e-03  1.026320e-05  3.065521e+02  1.000000e+00  3.350931e+02  3.190008e+01 -1.147392e+02  3.320336e+02
2  1.822473e-01  2.770577e-01  1.890367e+00  9.685596e-01  9.579337e-01  1.368940e+01 6 1 -1.000000e+00
 6.072998e-01  1.070224e+00  1.990576e+00  0.000000e+00  0.000000e+00  2.432081e-01  1.421129e-01 -2.239884e-01  5.634277e-03
-4.709713e-01 -4.824571e-01 -2.077989e+00  1.037021e+02  5.000000e-01  3.741654e-01 -1.037640e-02 -9.342354e-01  3.762069e-02
1  1.583676e-01 -2.831367e+00  0.000000e+00  2.290011e+00  0.000000e+00  6.643470e+00 0 2 -1.000000e+00
-6.151747e-01 -5.294345e+00  4.984920e+00  0.000000e+00  0.000000e+00  4.400240e-01  3.360387e-01 -6.789044e-03  1.768666e-03
1  3.844207e-01 -3.828444e-01  0.000000e+00  3.342760e-01  0.000000e+00  8.802250e+00 0 2  2.905014e-01
 3.896828e-01 -2.693196e-01  3.041087e+00  0.000000e+00  0.000000e+00  2.960777e-01 -8.113890e-02  4.001166e-01  3.866616e-03
3  1.019974e+00 -6.808993e-01  8.518467e-01  5.099623e-01  2.123864e-01  1.211660e+01 6 3  2.887124e-01
-1.366433e-01 -5.766136e-01  3.952095e+00  0.000000e+00  0.000000e+00  3.125243e-01  4.003197e-01 -2.435910e-01  1.076349e-02
 1.495712e-01  2.257106e-01 -8.393713e-01  3.087635e+01  5.000000e-01  7.317174e-01  4.890076e-01 -1.012035e+00  1.205403e-01
 9.810377e-04  1.477766e-03  1.137751e-04  4.191945e+01  1.000000e+00  9.806124e+01  1.002143e-01 -2.513172e+01  9.482131e+01
1  1.934780e-01 -2.859652e-01  0.000000e+00  2.684433e-01  0.000000e+00  6.503010e+00 0 2  2.770887e-01
-7.703326e-02  6.040755e-01  3.034765e+00  0.000000e+00  0.000000e+00  3.259834e-01  3.277522e-01  1.317651e-01  4.224506e-03
1  4.826519e-02 -1.203824e-01  0.000000e+00  2.632048e-02  0.000000e+00  8.385270e+00 0 2  2.731106e-01
 6.249810e-02 -3.890560e-02  3.007343e+00  0.000000e+00  0.000000e+00  4.106061e-01  1.969933e-02  1.203234e-01  7.142085e-03
3  3.551618e-01 -1.645723e-01  1.613203e+00  8.408683e-01  3.408286e-01  1.123330e+01 6 1 -1.000000e+00
 9.334096e-01 -5.511119e-01  2.192668e+00  0.000000e+00  0.000000e+00  2.135313e-01 -2.044784e-01  3.473561e-01  2.288807e-02
-5.151126e-01  1.589626e-01 -7.473239e-01  2.739429e+01  5.000000e-01  4.203791e-01 -1.019601e+00  7.965438e-01  1.826668e-01
-2.301186e-03  6.263671e-04  5.357370e-05  4.307140e+01  1.000000e+00  1.410196e+02 -3.033925e+01 -4.375974e+00  1.403526e+02
1 -2.253904e-01  1.047123e-01  0.000000e+00  8.277451e-02  0.000000e+00  2.866940e+00 0 2  2.897464e-01
 1.549762e-01 -1.407065e-01  3.028146e+00  0.000000e+00  0.000000e+00  3.878790e-01  3.383971e-02  2.081152e-01  1.665679e-02
2  2.844959e-01  5.903700e-01  1.695010e+00  8.017494e-01  6.664042e-02  8.793890e+00 6 2 -1.000000e+00
 5.884538e-01  1.229118e+00  3.343937e+00  0.000000e+00  0.000000e+00  3.168664e-01  2.392703e-01 -3.322237e-01  2.131119e-03
-1.310966e-01 -3.055831e-01 -2.228414e-01  2.514657e+02  5.000000e-01  9.580644e-01  1.377952e+00 -1.609504e+00  1.234668e-01
3 -3.615844e-01  1.564779e-01  1.319950e+00  5.305298e-01  3.135249e-01  8.844040e+00 6 1 -1.000000e+00
 3.267023e-01 -1.488228e-01 -5.512540e-01  4.991491e+01  5.000000e-01  5.130725e-01 -1.044208e+00  9.801912e-01  1.946668e-01
-8.393537e-01  4.697087e-01  1.758247e+00  0.000000e+00  0.000000e+00  1.986314e-01 -1.975761e-01  1.854909e-01  1.397857e-02
 1.780228e-03 -1.038952e-03  3.903624e-05  6.714583e+01  1.000000e+00  1.651975e+02 -3.193167e+00  3.651572e+01  1.640905e+02
3 -4.807460e-01 -1.689531e-01  1.658791e+00  6.197843e-01  4.165115e-01  7.474390e+00 6 1 -1.000000e+00
-1.374753e+00 -2.625073e-01  1.921135e+00  0.000000e+00  0.000000e+00  2.701452e-01 -6.230229e-02 -9.099899e-02  1.005024e-02
 2.513883e-01  6.498433e-02 -8.001748e-01  8.542214e+01  5.000000e-01  1.081841e+00 -8.284606e-01 -7.550350e-01  5.193039e-01
 4.264864e-02  5.857221e-03  2.813705e-02  8.699709e+01  1.000000e+00  7.375841e+00 -2.260733e+00 -9.848130e-03  6.480793e+00
1 -4.942414e-02 -5.941077e-02  0.000000e+00  1.259195e-02  0.000000e+00  8.838490e+00 0 2  2.710986e-01
-5.252896e-02  6.584058e-03  3.068296e+00  0.000000e+00  0.000000e+00  4.246097e-01  7.413775e-03 -7.145115e-02  7.176599e-03
3  2.542572e-01  2.188110e-01  1.016170e+00  5.604320e-01  8.331017e-02  1.014230e+01 6 2 -1.000000e+00
 4.470873e-01  5.945113e-01  4.082129e+00  0.000000e+00  0.000000e+00  2.960792e-01  4.791102e-02 -4.982357e-01  1.634263e-02
-2.213985e-01 -1.708177e-01 -3.400829e-01  4.315398e+01  5.000000e-01  6.866447e-01 -4.109645e-01 -1.694036e+00  2.427870e-01
-1.876343e-03 -1.421801e-03  7.988986e-05  5.620299e+01  1.000000e+00  1.145028e+02 -1.041992e+01 -1.603333e+01  1.132144e+02
3  4.826965e-02 -7.359519e-02  8.252006e-01  4.613410e-01  3.394873e-01  4.583240e+00 6 3 -1.000000e+00
 1.324375e-01 -4.690099e-01  5.526462e+00  0.000000e+00  0.000000e+00  2.743272e-01  4.900350e-01  3.248371e-01  7.642526e-02
-2.404645e-01  2.671288e-01 -1.876163e+00  1.508762e+01  5.000000e-01  4.236666e-01  1.252095e-01  9.216753e-01  1.882995e-01
-6.926060e-04  9.327732e-04  2.206547e-04  3.565309e+01  1.000000e+00  6.926805e+01 -2.330554e-02  1.133837e+01  6.850286e+01
3  1.042301e+00 -4.367565e-01  3.412221e+00  1.393934e+00  1.206744e-01  1.205290e+01 6 1 -1.000000e+00
 2.755818e+00 -1.292397e+00  2.471746e+00  0.000000e+00  0.000000e+00  3.225858e-01 -1.769869e-01  1.516357e-01  8.193433e-04
-3.382138e-01  1.464308e-01 -2.982765e-01  8.921071e+02  5.000000e-01  1.481055e+00 -1.292093e+00  1.383656e+00  2.825720e-01
-1.191044e-02  4.997311e-03  3.645287e-04  9.182932e+02  1.000000e+00  5.458492e+01 -7.887159e+00  8.115905e+00  5.175920e+01
3 -2.145251e-01  1.907838e-01  7.686243e-01  2.344425e-01  1.725442e-01  1.643470e+01 6 1 -1.000000e+00
-5.542413e-01  4.404028e-01  1.501445e+00  0.000000e+00  0.000000e+00  1.808290e-01  2.808019e-02 -6.501980e-02  5.502918e-03
 4.100624e-02 -4.587248e-02 -2.590657e-01  2.403532e+01  5.000000e-01  2.370042e+00  2.045803e-01  2.386459e+00  1.807909e+00
 1.605593e-02 -1.796469e-02  4.268925e-02  2.407641e+01  1.000000e+00  7.267966e+00  6.443340e-01  3.930283e+00  6.547974e+00
5 -5.060170e-01  5.189841e-01  5.493613e-01  1.453390e-01  1.000000e+00  1.195510e+01 6 3  3.100395e-01
-2.889577e-01 -9.428867e-02  3.221253e+00  0.000000e+00  0.000000e+00  4.116706e-01  1.848092e-01  3.922743e-02  5.110486e-04
 3.876638e-02 -7.150798e-02 -1.690049e+00  1.774872e+00  5.000000e-01  1.150914e+00  5.056439e-01  5.989976e-01  2.240310e-02
-2.796192e-02  6.980159e-02 -1.636829e+00  1.813532e+00  5.000000e-01  1.199214e+00  5.811421e-01  5.593723e-01  2.812197e-02
 2.299577e-01  8.605713e-02  3.157838e+00  5.903856e-01  0.000000e+00  4.339156e-01  5.833029e-02  1.941071e-02  9.241170e-04
 4.778056e-04  6.808266e-04  4.743954e-02  1.950790e+00  1.000000e+00  5.679374e+00  8.245642e-01  3.703615e-01  1.635638e+00
3 -1.261824e-01  2.884200e-01  1.043550e+00  4.228002e-01  1.277319e-01  1.741850e+01 6 1 -1.000000e+00
 1.699581e-01  8.954812e-01  1.832376e+00  0.000000e+00  0.000000e+00  2.290682e-01  2.557761e-02  2.189566e-01  6.726601e-03
 9.355900e-02 -1.452684e-01 -2.340529e-01  6.640494e+01  5.000000e-01  1.046050e+00  5.837691e-01  1.983399e+00  5.071998e-01
 2.239481e-03 -5.082491e-03  5.508557e-04  7.208462e+01  1.000000e+00  4.537704e+01  8.198296e+00  9.314062e+00  4.409728e+01
3  8.947729e-02 -8.066729e-02  1.144300e+00  5.969780e-01  4.056317e-01  8.253320e+00 6 1 -1.000000e+00
 7.548104e-01 -7.553759e-02  2.947637e+00  0.000000e+00  0.000000e+00  3.227828e-01 -3.328303e-01  9.269440e-02  3.773327e-02
-2.841169e-01  4.041006e-01 -1.195655e+00  4.095430e+01  5.000000e-01  5.124636e-01  4.717161e-01  9.227879e-01  1.840022e-01
-7.039513e-04  6.576944e-04  5.797214e-05  9.480325e+01  1.000000e+00  1.386029e+02 -1.083191e+00  4.103318e+01  1.374937e+02
1  3.221714e+00  1.123255e+00  0.000000e+00  2.860209e+00  0.000000e+00  1.134010e+01 0 2 -1.000000e+00
 5.308656e+00  4.065612e+00  3.075196e+00  0.000000e+00  0.000000e+00  3.518854e-01 -2.481236e-01 -1.824958e-01  1.042675e-04
1 -1.383874e+01 -2.065689e+01  0.000000e+00  6.950445e+00  0.000000e+00  5.282360e+00 0 2 -1.000000e+00
-2.115732e+01 -2.550982e+01  4.368695e+00  0.000000e+00  0.000000e+00  4.009046e-01  1.313855e-01 -3.357854e-01  7.813135e-05
1 -1.361652e+00 -2.951121e+00  0.000000e+00  3.140305e+00  0.000000e+00  7.867660e+00 0 2 -1.000000e+00
-5.862660e+00 -7.023953e+00  3.512374e+00  0.000000e+00  0.000000e+00  4.515395e-01  6.475839e-02 -1.091218e-01  8.855191e-04
2 -1.482119e-01 -1.408415e-01  1.383146e+00  6.562520e-01  1.500624e-01  8.833560e+00 6 3 -1.000000e+00
 3.419581e-01  3.770993e-01 -1.408515e+00  9.870866e+01  5.000000e-01  6.140927e-01  5.558017e-02 -9.250962e-01  3.723117e-02
-6.988247e-01 -5.338690e-01  9.386192e+00  0.000000e+00  0.000000e+00  4.517150e-01 -1.331117e-01 -4.199503e-01  7.045986e-03
3 -4.542784e-01 -4.173855e-01  1.563259e+00  6.490473e-01  1.964040e-01  6.200930e+00 6 1 -1.000000e+00
-9.589005e-01 -7.798104e-01  1.353761e+00  0.000000e+00  0.000000e+00  1.291980e-01  3.653200e-03 -1.399995e-01  4.541998e-03
 2.394893e-01  2.240032e-01 -2.658841e-01  6.301359e+01  5.000000e-01  4.479738e-01 -3.341076e-02 -2.016099e+00  1.869721e-01
 1.086879e-03  8.703131e-04  9.155537e-06  7.944443e+01  1.000000e+00  3.331198e+02 -2.529251e+01 -2.098458e+01  3.322403e+02
3 -1.262021e+00 -2.041059e+00  1.666505e+00  8.842099e-01  3.419460e-01  7.566350e+00 6 1  2.967771e-01
-7.420486e-02 -3.787320e-01 -6.651514e-01  9.945332e+01  5.000000e-01  8.822674e-01  1.132479e+00 -4.845304e-01  5.833481e-02
-6.066827e-01  1.200415e+00  1.945194e+00  0.000000e+00  0.000000e+00  2.401848e-01  2.235058e-01  1.152255e-01  1.055449e-03
-3.405610e-04 -2.357320e-03  6.390172e-05  1.158742e+02  1.000000e+00  1.302064e+02 -1.046813e+00 -3.231345e+01  1.257450e+02
3  2.801159e-02  1.999833e-01  7.185968e-01  4.855441e-01  2.809684e-01  3.246280e+00 6 1 -1.000000e+00
-5.304674e-02 -2.120532e-01 -6.974374e-01  2.382522e+01  5.000000e-01  4.360383e-01  1.232259e+00 -4.831266e-01  1.077723e-01
 3.738343e-02  5.008310e-01  2.482263e+00  0.000000e+00  0.000000e+00  2.365797e-01  4.142128e-01 -9.154276e-02  9.628187e-03
-5.353070e-04 -1.181275e-03  9.176262e-05  3.355082e+01  1.000000e+00  1.095803e+02 -1.877614e+01 -2.322610e+01  1.085322e+02
2 -1.356404e+00 -2.376148e+00  2.407366e+00  1.269288e+00  1.091720e-02  1.196650e+01 6 2  2.804492e-01
-8.648677e-01 -1.906258e+00  1.111650e+01  0.000000e+00  0.000000e+00  4.396544e-01  1.552922e-01 -4.471187e-01  1.358689e-03
 1.743845e-01  2.652318e-01 -1.213611e-01  3.148382e+02  5.000000e-01  1.476032e+00  1.134627e+00 -2.679385e+00  2.780048e-01
3 -1.004056e-01  1.277291e-01  6.537159e-01  3.719479e-01  1.875617e-01  7.867390e+00 6 3 -1.000000e+00
 1.352413e-01 -1.284921e-01 -6.310514e-01  1.748357e+01  5.000000e-01  9.685219e-01 -3.383649e-02  1.258770e+00  4.445245e-01
-1.847363e-01  4.415596e-01  3.364500e+00  0.000000e+00  0.000000e+00  3.379352e-01  2.464121e-01  2.835311e-01  3.632946e-02
 5.149388e-03 -5.268518e-03  2.993636e-03  2.015147e+01  1.000000e+00  2.060216e+01 -1.152172e+00  6.991076e+00  1.937252e+01
3  3.470452e-02  1.826203e-01  1.085905e+00  4.987820e-01  2.322085e-01  1.098450e+01 6 3 -1.000000e+00
 1.468062e-01  6.833859e-01  1.588009e+00  0.000000e+00  0.000000e+00  1.795591e-01  2.027715e-01 -4.782822e-02  1.739592e-02
-1.096689e-01 -3.717964e-01 -6.838720e+00  3.071732e+01  5.000000e-01  3.128667e-01  6.680365e-01 -4.148562e-01  9.043866e-02
-1.612266e-04 -6.830833e-04  2.043728e-05  5.700429e+01  1.000000e+00  2.236490e+02  1.748841e+01 -1.834549e+01  2.227719e+02
3  2.431039e-02  2.754077e-02  4.634676e-01  2.863141e-01  6.288430e-01  4.868880e+00 6 3 -1.000000e+00
-1.185142e-01 -1.678618e-01 -3.662717e+00  1.504218e+01  5.000000e-01  3.391185e-01  3.492819e-01 -7.666733e-01  4.173584e-02
 2.273112e-01  1.406946e-01  5.824533e+00  0.000000e+00  0.000000e+00  2.918771e-01 -1.290116e-01 -5.595592e-01  2.915748e-02
-1.275604e-04 -8.490444e-05  3.278737e-05  5.259866e+01  1.000000e+00  1.823358e+02 -4.347112e+01  2.221245e+01  1.811848e+02
5  2.287039e+00 -3.807071e-01  1.603830e+00  6.069678e-01  1.000000e+00  6.200930e+00 6 3  2.823589e-01
-7.144869e-01 -6.313116e-01  4.217230e+00  0.000000e+00  0.000000e+00  4.629601e-01 -2.086954e-01 -8.795243e-02  2.109894e-02
 3.085032e-01 -9.523793e-02 -6.889624e-01  5.781236e+01  5.000000e-01  7.777782e-01 -9.026310e-01  8.283102e-01  6.724687e-02
-5.105830e-01  4.156041e-01 -6.203295e+00  1.190699e+01  5.000000e-01  5.213832e-01 -2.301947e-01  5.807659e-01  7.898277e-03
-6.953264e-02  8.371250e-01  6.508280e+00  9.415417e+00  0.000000e+00  4.862124e-01  1.344955e-01  3.037074e-01  7.869109e-03
 1.713513e-03 -7.620797e-06  1.324863e-04  7.983403e+01  1.000000e+00  9.162327e+01 -9.606609e+00 -2.392366e+01  8.948924e+01
4 -9.639103e-01 -1.373023e-01  1.187202e+01  5.164805e+00  1.000000e+00  1.440230e+01 6 1 -1.000000e+00
-1.360675e+00 -6.281926e+00  2.537614e+00  0.000000e+00  0.000000e+00  3.632560e-01  6.614690e-02 -8.364499e-02  8.949442e-05
-4.186266e+00 -4.216140e-01 -2.398789e+00  1.425234e+03  5.000000e-01  7.680335e-01 -6.807766e-01 -8.502146e-02  3.511668e-04
-2.131295e+00  5.565059e+00  2.760966e+00  3.134428e+02  0.000000e+00  3.632999e-01  9.290514e-03  2.076262e-01  7.345815e-05
 1.448946e+00  2.462567e-01 -1.458294e+00  3.345638e+03  5.000000e-01  1.646599e+00 -1.005496e+00 -3.046338e-01  7.945810e-03
2  1.552672e-01  4.771576e-01  1.813090e+00  9.388214e-01  2.913551e-01  6.083800e+00 6 1 -1.000000e+00
 1.785431e-01  1.373914e+00  1.908340e+00  0.000000e+00  0.000000e+00  2.625517e-01  1.164871e-01 -7.902594e-02  2.137250e-03
-2.195374e-01 -3.949357e-01 -5.560046e-01  2.037774e+02  5.000000e-01  5.228611e-01  7.091150e-01 -1.234246e+00  7.241288e-02
3 -2.706846e-01  6.506369e-01  2.008604e+00  9.389141e-01  3.160390e-02  1.061740e+01 6 2 -1.000000e+00
 2.987149e-01  1.783826e+00  3.281952e+00  0.000000e+00  0.000000e+00  4.014369e-01  2.244014e-01  5.679006e-02  8.588477e-04
 1.167545e-01 -2.165194e-01 -1.037225e-01  3.179046e+02  5.000000e-01  1.705949e+00  1.820408e+00  2.612583e+00  5.086153e-01
 1.439111e-03 -2.453108e-03  1.941317e-05  3.453804e+02  1.000000e+00  2.472636e+02  2.847700e+01  9.123251e+01  2.444192e+02
3  2.879190e-01 -2.973812e-01  1.045775e+00  3.597688e-01  1.012975e-01  1.587560e+01 6 1 -1.000000e+00
 6.481895e-01 -6.333174e-01  1.641746e+00  0.000000e+00  0.000000e+00  2.176847e-01 -2.176929e-02  4.935450e-02  5.663161e-03
-4.474536e-03  5.247189e-03  5.580693e-04  9.513788e+01  1.000000e+00  4.586766e+01  4.057673e+00  1.430908e+01  4.479469e+01
-9.056054e-02  1.068804e-01 -1.663048e-01  9.080551e+01  5.000000e-01  1.293254e+00  3.649366e-01  2.442514e+00  7.603221e-01
3  4.785961e-01  9.046084e-02  1.184628e+00  5.113075e-01  1.371962e-01  8.253400e+00 6 1 -1.000000e+00
 9.768884e-01  1.750425e-01  1.773374e+00  0.000000e+00  0.000000e+00  2.138471e-01 -2.269974e-01 -5.110301e-02  1.768322e-02
-1.877821e-01 -4.148938e-02 -2.433001e-01  1.488869e+02  5.000000e-01  1.351172e+00 -1.854809e+00 -8.905936e-01  9.215630e-01
-1.888889e-02 -3.759488e-03  3.639033e-03  1.539789e+02  1.000000e+00  1.901096e+01 -6.446445e+00 -2.835448e+00  1.823900e+01
1  6.295125e-01 -2.584677e-01  0.000000e+00  4.682056e-01  0.000000e+00  1.030500e+01 0 2 -1.000000e+00
 7.462698e-01 -1.024979e+00  3.501210e+00  0.000000e+00  0.000000e+00  3.640970e-01 -1.930502e-01  2.854623e-01  8.219563e-02
1  1.849893e+00  2.554969e+00  0.000000e+00  9.441077e-01  0.000000e+00  8.825850e+00 0 2 -1.000000e+00
 1.831653e+00  2.823016e+00  3.130439e+00  0.000000e+00  0.000000e+00  2.762113e-01  1.569132e-01 -4.240334e-01  3.744180e-04
3  3.391264e-01  8.491531e-02  5.468867e-01  2.465267e-01  4.526291e-01  1.065000e+01 6 3  2.802618e-01
 1.578541e-01 -9.593327e-02 -7.739936e+00  7.314968e+00  5.000000e-01  6.893896e-01 -2.745922e-01  3.876570e-01  1.019197e-01
-2.581316e-01  2.590892e-01  3.503320e+00  0.000000e+00  0.000000e+00  4.253073e-01 -1.083219e-02  2.114495e-01  1.745828e-02
 2.158270e-03 -1.866088e-03  2.533679e-03  9.579819e+00  1.000000e+00  2.120238e+01 -8.177577e-01  3.575543e+00  1.958704e+01
3 -1.223648e+00 -2.654371e-01  1.182579e+00  6.670034e-01  3.527405e-01  4.803650e+00 6 3  2.933807e-01
 4.887902e-01  4.016918e-02 -1.654473e+00  1.458412e+01  5.000000e-01  6.165995e-01 -8.374467e-01 -2.238329e-01  1.492154e-01
-5.515800e-01  6.024174e-01  4.690339e+00  0.000000e+00  0.000000e+00  4.274666e-01 -8.633843e-02  3.273163e-01  4.750602e-02
 3.154206e-03 -1.919864e-04  8.727382e-04  2.629772e+01  1.000000e+00  3.558482e+01 -6.615187e+00  2.555440e+00  3.347241e+01
3 -1.058912e+00 -9.342368e-01  1.565996e+00  7.134016e-01  1.003193e-01  1.068210e+01 6 1  2.712490e-01
-1.315980e+00 -8.811933e-02  2.464998e+00  0.000000e+00  0.000000e+00  3.218763e-01 -2.265031e-01 -5.355558e-02  2.195209e-03
 2.453977e-01  3.206331e-02 -2.472870e-01  2.783912e+02  5.000000e-01  1.184677e+00 -1.938614e+00 -5.654787e-01  2.355516e-01
 2.587902e-03  2.616196e-04  3.727332e-05  3.072507e+02  1.000000e+00  1.691697e+02 -3.783593e+01 -4.544667e+00  1.659771e+02
3 -1.419630e-01 -9.465013e-01  3.150832e+00  1.716078e+00  1.422129e-01  5.505940e+00 6 1 -1.000000e+00
-6.582383e-01 -2.831066e+00  2.115499e+00  0.000000e+00  0.000000e+00  2.945995e-01  1.436837e-01 -6.514032e-02  5.779761e-04
 1.877063e-02  2.461729e-01 -3.008513e-01  6.692160e+02  5.000000e-01  1.837413e+00  1.993720e+00 -2.241488e-01  4.857780e-01
 2.165594e-03  2.033127e-02  1.553950e-03  6.757707e+02  1.000000e+00  2.839017e+01  1.022107e+01 -1.493276e+00  2.580421e+01
