# num_image x_src y_src, sep, ein, fr, zs, fs, flag_out, frac_sh_trunc
# x_img, y_img, mag, delay, n_i, kappa, gamma1, gamma2, kappa*
# zmin, zmax, log10Mhmin, log10Mhmax, log10mshmin, log10mshmax, n_bins: 0.10, 3.00, 10.00, 16.00, 9.00, 16.00, 100
3 -5.557466e-01 -8.943502e-01  6.792678e-01  2.606727e-01  1.247126e-01  6.837380e+00 6 1  3.023114e-01
-5.315324e-01  1.946374e-01  2.353632e+00  0.000000e+00  0.000000e+00  2.750845e-01 -1.150596e-01  2.956155e-01  7.033852e-03
 6.522872e-02 -1.298329e-01 -2.935276e-01  1.674881e+01  5.000000e-01  1.467290e+00  8.911376e-01  1.682578e+00  8.135150e-01
 5.053898e-03 -1.109057e-02  3.765265e-03  1.764756e+01  1.000000e+00  2.096304e+01  9.294605e+00  6.822602e+00  1.948617e+01
3  4.208884e-01  9.526831e-02  1.489478e+00  6.661894e-01  2.055786e-01  1.097950e+01 6 1 -1.000000e+00
-2.639120e-01 -5.207513e-02 -4.509213e-01  1.510209e+02  5.000000e-01  1.109253e+00 -1.403941e+00 -5.084966e-01  4.110145e-01
 1.171249e+00  3.464927e-01  2.193426e+00  0.000000e+00  0.000000e+00  3.149235e-01 -1.023431e-01 -5.429435e-02  7.963490e-03
-8.913788e-03 -2.100129e-03  7.135776e-04  1.628439e+02  1.000000e+00  4.125144e+01 -1.316226e+01 -6.748612e+00  3.960282e+01
3 -1.465646e-01 -1.053514e+00  1.817167e+00  8.850051e-01  5.450923e-01  7.492950e+00 6 1  2.707982e-01
 6.447578e-01 -1.280786e+00  1.610513e+00  0.000000e+00  0.000000e+00  2.087542e-01  7.058251e-02 -1.296432e-02  5.903616e-04
 5.662477e-03  4.202880e-01 -2.954570e+00  3.200109e+02  5.000000e-01  7.191793e-01  6.151785e-01 -1.971659e-01  2.305866e-02
-8.081973e-04  2.474790e-03  1.407783e-04  3.634216e+02  1.000000e+00  8.549735e+01 -3.601147e+00 -4.844228e+00  8.129824e+01
3  1.443770e-01  5.181173e-02  1.338292e+00  6.794406e-01  8.063524e-01  4.799470e+00 6 1 -1.000000e+00
 8.328676e-01  8.449768e-02  2.139727e+00  0.000000e+00  0.000000e+00  1.997339e-01 -3.698150e-01 -1.905605e-01  3.822779e-02
-4.289042e-01 -3.615503e-01 -2.653587e+00  2.136640e+01  5.000000e-01  2.455391e-01  2.591106e-03 -9.726525e-01  6.787103e-02
-6.382313e-04 -7.674591e-05  2.440072e-05  5.815073e+01  1.000000e+00  2.091474e+02 -3.453211e+01  3.391851e+01  2.085797e+02
3  9.880313e-02 -1.056438e+00  3.455072e+00  1.413987e+00  1.752023e-01  7.231300e+00 6 1 -1.000000e+00
 1.201180e+00 -2.709650e+00  1.851633e+00  0.000000e+00  0.000000e+00  2.572425e-01  1.065521e-01  1.648010e-02  6.268764e-03
 6.634598e-02  5.537341e-01 -3.244104e-01  5.201910e+02  5.000000e-01  1.089261e+00  1.619219e+00 -6.845531e-01  4.848331e-01
-1.724431e-03  2.291121e-02  9.011984e-04  5.526144e+02  1.000000e+00  3.596199e+01  1.057499e+01  9.364230e-01  3.477311e+01
3  6.770144e-02 -4.451015e-01  1.460121e+00  5.467082e-01  1.369020e-01  9.690570e+00 6 1 -1.000000e+00
-4.234254e-01 -1.089169e+00  1.620099e+00  0.000000e+00  0.000000e+00  1.964902e-01  1.570693e-01  6.091915e-02  9.109985e-03
-1.609917e-04  1.277733e-03  8.411484e-06  1.413432e+02  1.000000e+00  3.638656e+02  1.108941e+02  2.211024e+01  3.627673e+02
-1.087854e-01  3.366475e-01 -2.217948e-01  1.035444e+02  5.000000e-01  6.675782e-01  1.543222e+00  1.495875e+00  2.850516e-01
2  3.274295e-01  4.845045e-01  7.206175e-01  3.454019e-01  2.218656e-01  4.930290e+00 6 3  2.806237e-01
-2.426334e-01 -9.321077e-02 -1.152556e+00  1.969734e+01  5.000000e-01  6.536537e-01 -7.748240e-01 -6.222861e-01  5.175157e-02
 4.707708e-01  8.494265e-03  5.194841e+00  0.000000e+00  0.000000e+00  3.875738e-01 -4.270537e-01 -1.387004e-02  5.434701e-03
3  4.369678e-01 -3.195358e-02  1.192606e+00  6.147790e-01  1.001219e-01  1.388270e+01 6 1 -1.000000e+00
 9.814769e-01 -1.616407e-02  1.990288e+00  0.000000e+00  0.000000e+00  2.722521e-01 -1.644664e-01  1.131335e-02  2.132285e-02
-2.104882e-01  2.291432e-02 -1.992714e-01  1.989666e+02  5.000000e-01  1.430699e+00 -2.223551e+00  5.095137e-01  9.909872e-01
-1.077154e-02  1.051032e-03  7.708446e-04  2.125600e+02  1.000000e+00  4.239240e+01 -1.991266e+01  4.420199e+00  4.158543e+01
3  1.034096e+00 -2.014721e+00  1.711596e+00  8.775990e-01  1.501250e-01  7.575820e+00 6 1  2.935925e-01
 1.146442e+00 -6.587828e-01  2.062692e+00  0.000000e+00  0.000000e+00  2.516830e-01 -1.420673e-01  2.345035e-01  4.305980e-03
-3.626174e-01  1.488690e-01 -3.096615e-01  9.568047e+01  5.000000e-01  6.790405e-01 -1.191503e+00  1.382993e+00  1.579469e-01
-1.439986e-03  3.714837e-04  8.507027e-06  1.233923e+02  1.000000e+00  3.591479e+02 -1.028731e+02 -1.171131e+01  3.571596e+02
3  1.035106e-01 -8.289373e-02  8.205387e-01  4.131038e-01  4.290560e-01  4.868630e+00 6 3 -1.000000e+00
 4.207087e-01 -2.763261e-01  3.112001e+00  0.000000e+00  0.000000e+00  2.415289e-01 -1.828848e-01  4.695688e-01  1.953661e-02
-2.371438e-01  2.140959e-01 -1.335223e+00  3.990092e+01  5.000000e-01  3.400697e-01 -8.511049e-02  1.084990e+00  6.896718e-02
-1.424445e-04  1.078166e-04  2.341005e-06  1.000565e+02  1.000000e+00  6.586216e+02 -3.449600e+01  6.410330e+01  6.575744e+02
3 -2.380575e-02 -1.724546e-02  2.154786e-01  8.319057e-02  2.328216e-01  9.372320e+00 6 3 -1.000000e+00
-1.038465e-01 -1.034982e-01  2.949166e+00  0.000000e+00  0.000000e+00  3.728959e-01 -1.029432e-01 -2.087664e-01  7.218795e-02
 6.124447e-02  3.497917e-02 -1.266707e+01  5.893954e-01  5.000000e-01  6.626174e-01 -3.149354e-01 -3.059210e-01  2.651886e-01
 3.894790e-03  3.806862e-03  8.848197e-02  6.770651e-01  1.000000e+00  4.411950e+00  4.071672e-01 -4.169907e-01  3.650219e+00
3  3.918787e-01 -4.282065e-01  9.698335e-01  3.578907e-01  1.864979e-01  4.926980e+00 6 1  2.731066e-01
 7.553047e-01  2.512345e-01  1.926851e+00  0.000000e+00  0.000000e+00  2.622076e-01 -1.443861e-01 -6.714861e-02  1.792056e-03
-1.651862e-01 -5.417294e-02 -3.593538e-01  1.107247e+02  5.000000e-01  8.175592e-01 -1.326015e+00 -1.028466e+00  1.332793e-01
-1.071303e-03 -2.622909e-04  2.443950e-05  1.278565e+02  1.000000e+00  2.039035e+02 -1.466824e+01  6.109097e+00  2.015408e+02
3 -3.663598e-01  3.440420e-01  1.589718e+00  6.154558e-01  2.649245e-01  8.392700e+00 6 1 -1.000000e+00
 2.096462e-01 -1.707763e-01 -4.518636e-01  1.083750e+02  5.000000e-01  1.077146e+00 -4.581323e-01  1.417436e+00  6.187255e-01
-7.815139e-01  1.072126e+00  1.705632e+00  0.000000e+00  0.000000e+00  2.279553e-01 -6.414472e-02  7.513592e-02  1.252756e-02
 1.491645e-02 -1.420253e-02  3.575538e-03  1.132782e+02  1.000000e+00  1.897599e+01 -3.264193e-01  6.584179e+00  1.809520e+01
3  1.853186e-01  6.185273e-01  1.651485e+00  6.987049e-01  3.299522e-02  9.901260e+00 6 2 -1.000000e+00
 4.635837e-01  1.264805e+00  4.455454e+00  0.000000e+00  0.000000e+00  3.983997e-01  3.273661e-01 -1.740988e-01  3.861274e-03
-1.187259e-01 -2.806136e-01 -1.470087e-01  4.274241e+02  5.000000e-01  1.101978e+00  2.061628e+00 -1.600752e+00  3.002964e-01
-7.503625e-04 -1.192306e-03  3.847146e-06  5.181289e+02  1.000000e+00  5.907824e+02  5.048177e+01 -2.921675e+02  5.884283e+02
3 -5.464803e-01 -2.515536e-01  2.062198e+00  7.653736e-01  1.892440e-01  7.978950e+00 6 1 -1.000000e+00
-1.093468e+00 -1.126916e+00  1.985740e+00  0.000000e+00  0.000000e+00  2.583747e-01 -1.616906e-01 -1.423849e-01  8.941210e-03
 4.982853e-01  1.841835e-01 -3.757892e-01  1.181101e+02  5.000000e-01  4.491204e-01 -1.483751e+00 -8.735084e-01  1.156856e-01
 6.965464e-04  4.921781e-04  2.373005e-06  1.783802e+02  1.000000e+00  6.756008e+02  3.565417e+01 -1.800232e+02  6.746102e+02
3  1.175764e+00  1.007213e+00  3.149777e+00  1.533840e+00  9.924184e-03  9.977740e+00 6 2 -1.000000e+00
 2.340032e+00  1.755048e+00  4.074007e+00  0.000000e+00  0.000000e+00  4.029828e-01 -7.338031e-02 -3.249405e-01  7.234750e-03
-1.780657e-01 -1.371149e-01 -4.043120e-02  4.876352e+02  5.000000e-01  5.027056e+00 -1.299026e+00 -6.266026e+00  3.856867e+00
-3.858643e-02 -2.850176e-02  1.977284e-03  4.902721e+02  1.000000e+00  3.237359e+01 -6.735593e+00 -2.081321e+01  3.071745e+01
3  1.938235e-01 -4.981161e-01  1.215466e+00  5.203247e-01  4.281443e-01  8.800680e+00 6 1  2.904994e-01
 2.460533e-02 -2.092247e-01 -8.686449e-01  4.945533e+01  5.000000e-01  1.523553e+00  1.157881e+00  2.909275e-01  4.989222e-01
-1.007019e-01  9.997652e-01  2.028860e+00  0.000000e+00  0.000000e+00  2.716681e-01  1.889519e-01  4.332416e-02  1.250966e-02
 5.024138e-03 -4.490691e-02  4.715946e-02  5.004667e+01  1.000000e+00  6.859911e+00  3.533421e+00  8.055035e-01  4.737952e+00
3 -5.123351e-01 -2.713269e-01  2.776632e+00  1.010596e+00  2.728427e-01  7.735780e+00 6 3 -1.000000e+00
-2.032565e+00 -8.756853e-01  1.710179e+00  0.000000e+00  0.000000e+00  2.282452e-01  8.425396e-02  6.142101e-02  3.039024e-03
 5.554210e-01  1.303048e-01 -6.268002e+00  1.906363e+02  5.000000e-01  6.356481e-01 -4.229923e-01 -3.367051e-01  1.687125e-01
 1.723274e-02  2.032856e-03  1.471339e-03  2.078310e+02  1.000000e+00  3.043687e+01 -1.334609e+01  2.959416e+00  2.928330e+01
1 -2.752644e+00  1.211173e+01  0.000000e+00  4.217798e+00  0.000000e+00  3.853420e+00 0 2 -1.000000e+00
-4.604338e+00  1.748164e+01  3.140337e+00  0.000000e+00  0.000000e+00  3.485395e-01  2.962524e-01  1.349003e-01  1.314076e-04
1  2.088789e-02  8.475128e-01  0.000000e+00  1.160266e+00  0.000000e+00  8.082160e+00 0 2  2.702857e-01
-2.345132e+00 -3.082510e+00  3.049869e+00  0.000000e+00  0.000000e+00  3.304580e-01 -3.581088e-02 -3.451393e-01  3.417540e-04
3 -1.044574e-01  1.927166e-01  9.455478e-01  4.438207e-01  3.171209e-01  9.377510e+00 6 1 -1.000000e+00
 1.691096e-01 -2.358461e-01 -7.518684e-01  6.720344e+01  5.000000e-01  5.080769e-01  2.437482e-01  1.229876e+00  1.661971e-01
-7.650455e-02  6.772445e-01  2.370920e+00  0.000000e+00  0.000000e+00  2.807921e-01  2.242289e-01  2.126130e-01  2.247484e-02
 8.586812e-04 -2.000227e-03  1.794146e-04  9.455391e+01  1.000000e+00  7.614778e+01  8.571135e+00  2.052491e-01  7.521862e+01
1  1.391087e-02  1.611038e-02  0.000000e+00  1.915216e-02  0.000000e+00  6.526910e+00 0 2 -1.000000e+00
 1.924844e-02  3.432796e-02  3.275021e+00  0.000000e+00  0.000000e+00  3.810181e-01  5.424644e-02 -2.735952e-01  3.903228e-02
1 -1.096062e-01 -5.628588e-02  0.000000e+00  1.004108e-01  0.000000e+00  1.750510e+01 0 2 -1.000000e+00
-1.877843e-01 -1.247884e-01  3.256385e+00  0.000000e+00  0.000000e+00  3.557772e-01 -1.997860e-01 -2.608055e-01  4.862967e-02
3  3.120442e-02 -2.457132e-02  1.503347e-01  7.773227e-02  1.285898e-01  7.492520e+00 6 3 -1.000000e+00
 1.205719e-01 -4.091818e-03  3.281578e+00  0.000000e+00  0.000000e+00  3.772439e-01 -2.402585e-01  1.592783e-01  3.988300e-02
-2.685307e-02  2.534310e-02 -4.219774e-01  3.154466e+00  5.000000e-01  1.470942e+00 -5.838797e-02  1.608780e+00  1.017884e+00
-3.024879e-03  2.711741e-03  1.339672e-02  3.341484e+00  1.000000e+00  1.129693e+01 -3.120388e-01  5.593229e+00  1.055569e+01
3  3.864394e-01 -2.169063e-01  1.164415e+00  4.700841e-01  1.019786e-01  6.161390e+00 6 1 -1.000000e+00
 6.855538e-01 -6.298465e-01  2.288772e+00  0.000000e+00  0.000000e+00  2.602008e-01 -1.435956e-01  2.996123e-01  3.181507e-02
-1.931779e-01  1.341519e-01 -2.334056e-01  5.890398e+01  5.000000e-01  1.228499e+00 -1.096822e+00  1.770192e+00  7.584628e-01
-9.753057e-03  8.438524e-03  1.210202e-03  6.350460e+01  1.000000e+00  3.358803e+01  9.177605e-01  1.532414e+01  3.259364e+01
3  1.374960e-02  2.982051e-01  8.788281e-01  3.571675e-01  1.612926e-01  5.505940e+00 6 1 -1.000000e+00
-4.781096e-02  6.685828e-01  1.957164e+00  0.000000e+00  0.000000e+00  2.315983e-01  2.801317e-01  3.200116e-02  1.525898e-02
-4.525011e-02 -2.102416e-01 -3.156762e-01  4.964002e+01  5.000000e-01  8.218267e-01  1.688359e+00 -5.907567e-01  4.557922e-01
-8.396623e-04 -3.363371e-03  1.629765e-04  5.933903e+01  1.000000e+00  8.626400e+01  2.360496e+01 -2.401874e+01  8.535566e+01
1  2.669114e+00  2.395778e+00  0.000000e+00  7.390737e-01  0.000000e+00  3.490200e+00 0 2  2.700048e-01
 2.710850e+00  1.586103e+00  3.065998e+00  0.000000e+00  0.000000e+00  3.418253e-01 -5.539562e-02 -3.224394e-01  4.209008e-04
1 -3.752680e+00  9.192291e+00  0.000000e+00  2.748098e+00  0.000000e+00  7.091320e+00 0 2  2.891759e-01
 2.580053e-01  6.569878e+00  9.062743e+00  0.000000e+00  0.000000e+00  4.562879e-01  3.628487e-01  2.315639e-01  9.110656e-04
3 -4.266294e-02  1.413668e-01  1.445998e+00  8.574093e-01  9.086060e-01  1.272180e+01 6 3 -1.000000e+00
-4.844667e-01  7.931206e-01  3.287305e+00  0.000000e+00  0.000000e+00  3.217241e-01  2.252883e-01  3.241956e-01  6.799089e-03
-1.423386e-01 -6.118203e-01 -3.617966e+00  3.837528e+01  5.000000e-01  5.373771e-01  6.340539e-01 -2.973113e-01  2.709154e-02
 1.335302e-04 -5.320008e-04  2.587151e-05  8.424059e+01  1.000000e+00  1.981032e+02 -4.416152e+00 -1.332729e+01  1.936963e+02
3 -3.063850e-01  1.953168e+00  1.276570e+00  6.371413e-01  5.488195e-01  8.513910e+00 6 3  2.821498e-01
 8.105377e-01  1.721756e-01  3.654572e+00  0.000000e+00  0.000000e+00  3.546102e-01 -3.606939e-01 -1.131286e-01  8.321266e-03
-4.623515e-01  2.690408e-01 -2.005700e+00  4.402249e+01  5.000000e-01  5.722741e-01 -3.597575e-01  7.430363e-01  2.430620e-02
-2.580985e-04  5.447486e-05  6.376538e-06  1.054836e+02  1.000000e+00  3.972863e+02 -3.080393e-01 -1.475834e+01  3.928604e+02
3 -5.078472e-01 -2.382237e-01  7.036098e-01  2.880317e-01  7.384499e-01  9.382520e+00 6 3  2.921474e-01
 2.691567e-01 -3.939030e-01  4.007141e+00  0.000000e+00  0.000000e+00  4.374680e-01  4.880342e-02  2.539803e-01  2.759218e-02
-1.427506e-01  1.765346e-01 -2.959073e+00  7.855952e+00  5.000000e-01  8.683891e-01  4.515352e-02  5.943284e-01  1.472703e-01
-5.834654e-03  8.469484e-03  1.559593e-02  9.197059e+00  1.000000e+00  9.739291e+00  1.697757e+00  3.061620e+00  7.338798e+00
3 -1.822318e-01 -3.184132e-01  1.146727e+00  4.494335e-01  1.345112e-01  1.206910e+01 6 1 -1.000000e+00
-5.772681e-01 -6.784732e-01  2.455388e+00  0.000000e+00  0.000000e+00  2.968870e-01  8.529477e-02 -2.825334e-01  2.499241e-02
 1.043909e-01  2.436573e-01 -3.302772e-01  7.682160e+01  5.000000e-01  1.144096e+00  1.174640e+00 -1.291799e+00  6.706227e-01
 4.260776e-03  9.739372e-03  1.056197e-03  8.533252e+01  1.000000e+00  3.543087e+01  1.180820e+01 -9.962806e+00  3.440428e+01
1 -4.065821e-02 -8.215914e-02  0.000000e+00  3.615881e-02  0.000000e+00  8.989820e+00 0 2 -1.000000e+00
-6.956091e-02 -1.372876e-01  3.237151e+00  0.000000e+00  0.000000e+00  3.953492e-01  1.407506e-01 -1.920373e-01  2.052516e-02
3 -3.316766e-01 -2.657948e-01  1.611090e+00  8.100660e-01  4.992774e-01  8.418360e+00 6 1 -1.000000e+00
-9.644305e-01 -7.171173e-01  2.178710e+00  0.000000e+00  0.000000e+00  2.764742e-01 -1.809403e-02 -2.533279e-01  1.338449e-02
 3.503370e-01  2.140092e-01 -1.087781e+00  5.030374e+01  5.000000e-01  7.025350e-01 -3.441336e-01 -9.430591e-01  2.227663e-01
 1.054169e-02  5.734084e-03  1.779587e-03  5.749607e+01  1.000000e+00  2.530964e+01 -5.109941e+00 -1.708501e+00  2.405876e+01
3 -8.330835e-01 -6.362184e-02  1.643376e+00  8.434795e-01  3.469355e-01  6.635620e+00 6 1  2.771054e-01
-9.965377e-01 -9.083219e-01  2.087138e+00  0.000000e+00  0.000000e+00  2.562790e-01  1.356545e-01 -2.357831e-01  5.333788e-03
 3.821750e-02  3.683794e-01 -7.241021e-01  1.762810e+02  5.000000e-01  1.258835e+00  1.200945e+00 -7.581482e-02  1.310815e-01
 8.646156e-03  3.075335e-02  1.267864e-02  1.843541e+02  1.000000e+00  1.096564e+01  3.967071e+00 -2.168771e+00  6.753537e+00
3  4.199418e-01  5.618528e-01  1.282740e+00  5.642466e-01  2.384221e-01  6.078970e+00 6 3  2.721787e-01
 2.424835e-01 -5.452735e-02 -7.320056e-01  1.594894e+02  5.000000e-01  9.601970e-01 -1.113101e+00  3.587474e-01  5.833905e-02
-8.500988e-01  6.175475e-01  3.070209e+00  0.000000e+00  0.000000e+00  3.936974e-01 -1.725735e-01  1.100476e-01  1.040965e-03
 5.918557e-04 -2.156986e-04  6.342268e-06  1.895303e+02  1.000000e+00  4.021251e+02 -3.043281e+01  4.798872e+01  3.981973e+02
3 -1.910342e-01 -1.184693e-01  6.592544e-01  3.786537e-01  1.691482e-01  6.502270e+00 6 1 -1.000000e+00
-4.245215e-01 -2.896571e-01  1.687820e+00  0.000000e+00  0.000000e+00  2.182469e-01 -4.362280e-02 -1.294397e-01  7.968183e-03
 1.357653e-01  5.775477e-02 -2.854916e-01  6.323294e+01  5.000000e-01  7.209723e-01 -1.163380e+00 -1.492358e+00  3.818539e-01
 1.003243e-03  3.363563e-04  2.018076e-05  7.881442e+01  1.000000e+00  2.518131e+02 -1.076936e+02 -4.191843e+01  2.509566e+02
3 -1.110103e+00  3.876813e+00  3.034306e+00  1.387471e+00  9.037048e-01  8.248590e+00 6 1  2.976489e-01
-3.026712e-01 -7.182761e-01 -2.055135e+00  1.797872e+02  5.000000e-01  7.259261e-01  6.321843e-01 -4.025489e-01  4.649692e-02
 1.971451e+00  1.290549e+00  2.274122e+00  0.000000e+00  0.000000e+00  3.215768e-01  6.347530e-02 -1.284475e-01  2.732007e-03
-9.626964e-03 -9.559668e-03  1.355170e-03  2.063131e+02  1.000000e+00  2.849967e+01 -1.862424e+00 -3.853348e+00  2.458325e+01
3 -3.579189e-01  5.584017e-01  2.906060e+00  1.633450e+00  3.464971e-01  7.189870e+00 6 3 -1.000000e+00
-1.354760e+00  1.814745e+00  3.563395e+00  0.000000e+00  0.000000e+00  4.231915e-01  9.738416e-02  2.063811e-01  4.454727e-03
 3.735494e-01 -5.215198e-01 -1.234706e+00  2.308098e+02  5.000000e-01  8.979055e-01  3.958957e-01  8.146160e-01  1.300880e-01
 9.835162e-03 -1.035620e-02  9.520956e-04  2.571883e+02  1.000000e+00  3.458063e+01 -4.158698e+00  7.749148e+00  3.269324e+01
3 -2.140685e-01  2.391616e-01  9.126537e-01  4.324167e-01  3.584258e-01  9.677870e+00 6 1 -1.000000e+00
-6.155359e-01  4.863981e-01  1.536958e+00  0.000000e+00  0.000000e+00  1.875740e-01  8.759866e-02  4.155267e-02  4.540256e-03
 1.013139e-01 -7.845874e-02 -5.508854e-01  6.230483e+01  5.000000e-01  9.123163e-01  1.244637e-01  1.344417e+00  4.568300e-01
 1.341246e-02 -6.979570e-03  8.435408e-03  6.379694e+01  1.000000e+00  1.277793e+01 -4.151034e+00  1.714807e+00  1.197557e+01
3 -1.485560e+00  8.826063e-01  2.532927e+00  1.554687e+00  1.080388e-01  8.492890e+00 6 3  2.729101e-01
-1.708828e+00 -1.588886e+00  3.818254e+00  0.000000e+00  0.000000e+00  3.689389e-01  4.384488e-02 -3.666278e-01  3.460822e-03
 1.496194e-01  1.321287e-01 -4.125197e-01  6.252474e+02  5.000000e-01  3.757465e+00 -3.669022e-01 -3.145334e+00  1.433823e+00
 8.155323e-02  7.189737e-02  1.210718e-01  6.254388e+02  1.000000e+00  6.843355e+00 -6.605318e-01 -5.044694e+00  3.886987e+00
5  2.965591e-02  7.351983e-03  1.611954e+00  5.011306e-01  1.000000e+00  1.450960e+01 6 1 -1.000000e+00
 1.466780e-01 -3.983363e-01 -7.473957e-01  3.769467e+01  5.000000e-01  5.638668e-01  8.808366e-01  8.673629e-01  1.311198e-01
-6.912410e-01 -3.260893e-01  1.921811e+00  1.189407e+01  0.000000e+00  2.781842e-01  8.386597e-03 -2.460311e-02  2.171608e-02
 7.742903e-01  3.451884e-01  1.815151e+00  0.000000e+00  0.000000e+00  2.570146e-01  3.004633e-02  1.436330e-02  1.615409e-02
-2.086032e-01  3.599567e-01 -7.081695e-01  3.892561e+01  5.000000e-01  5.810773e-01  6.511457e-01  1.078701e+00  1.270689e-01
-1.634464e-04 -5.212086e-05  4.317236e-05  8.107220e+01  1.000000e+00  1.535797e+02  1.388779e+00 -1.075554e+01  1.517895e+02
3 -5.758341e-01 -1.772048e-01  2.037784e+00  1.026306e+00  1.674131e-01  3.612510e+00 6 1 -1.000000e+00
-1.385112e+00 -4.510774e-01  2.681213e+00  0.000000e+00  0.000000e+00  2.700520e-01 -3.217367e-01 -2.373690e-01  2.240138e-02
 5.579995e-01  1.628304e-01 -4.488702e-01  6.781784e+01  5.000000e-01  6.309861e-01 -1.294290e+00 -8.299392e-01  2.591215e-01
 4.413656e-03  1.315131e-03  8.204785e-05  9.078815e+01  1.000000e+00  1.140736e+02 -2.087117e+01 -1.272880e+01  1.130233e+02
3 -2.575254e-01  2.258040e-01  2.039395e+00  1.121362e+00  2.247197e-01  1.063260e+01 6 3 -1.000000e+00
 4.696435e-01 -4.226565e-01 -1.788764e+00  2.084853e+02  5.000000e-01  9.088145e-01 -6.009828e-02  7.508316e-01  3.236026e-02
-1.152240e+00  8.137195e-01  7.959981e+00  0.000000e+00  0.000000e+00  4.635775e-01 -1.074013e-01  3.880537e-01  3.438977e-03
 2.101462e-03 -1.714530e-03  8.928409e-05  2.681805e+02  1.000000e+00  1.096842e+02 -7.702952e+00  2.350982e+01  1.050368e+02
1  1.793781e+00 -8.436629e-02  0.000000e+00  2.700985e+00  0.000000e+00  8.254510e+00 0 2 -1.000000e+00
 5.036009e+00 -6.627198e-01  4.683137e+00  0.000000e+00  0.000000e+00  4.319716e-01 -3.174298e-01  9.144721e-02  3.640640e-04
3  1.472942e-01 -2.011460e-01  9.178638e-01  4.076666e-01  2.991501e-01  6.927290e+00 6 1 -1.000000e+00
 2.986605e-01 -6.030768e-01  2.044780e+00  0.000000e+00  0.000000e+00  2.616759e-01  9.637313e-02  2.162972e-01  6.797116e-03
-1.672057e-01  1.877725e-01 -6.116961e-01  5.713559e+01  5.000000e-01  5.206664e-01  5.277917e-02  1.364468e+00  1.016202e-01
-3.370597e-04  5.125127e-04  1.004550e-05  8.258425e+01  1.000000e+00  3.176320e+02  2.208279e+01  1.487156e+01  3.162050e+02
3  1.666002e-01  8.154974e-02  6.637571e-01  3.176548e-01  3.196547e-01  6.416480e+00 6 1 -1.000000e+00
-1.490119e-01 -4.721357e-02 -6.983365e-01  3.535207e+01  5.000000e-01  8.640508e-01 -9.992012e-01 -6.723494e-01  3.242856e-01
 4.255070e-01  2.852042e-01  2.184659e+00  0.000000e+00  0.000000e+00  2.837939e-01 -9.766262e-02 -2.137191e-01  1.502169e-02
-5.216507e-03 -2.125166e-03  1.833785e-03  3.932630e+01  1.000000e+00  2.510456e+01 -5.040897e+00 -3.209211e+00  2.380320e+01
3 -3.163232e-02 -3.761016e-01  1.804386e+00  8.074263e-01  7.081642e-01  7.467550e+00 6 1 -1.000000e+00
-1.039971e-01 -1.229197e+00  2.127130e+00  0.000000e+00  0.000000e+00  2.522719e-01  2.802435e-01 -1.021950e-01  4.400824e-02
-5.504792e-02  5.745248e-01 -1.506357e+00  3.742389e+01  5.000000e-01  6.210656e-01  8.950532e-01  7.952530e-02  3.143049e-01
-1.125984e-03  1.411546e-02  2.206188e-03  4.698976e+01  1.000000e+00  2.320950e+01  5.285656e+00  3.471769e+00  2.240760e+01
1 -6.013309e-01 -1.812260e+00  0.000000e+00  1.717187e+00  0.000000e+00  9.384230e+00 0 2 -1.000000e+00
-2.440151e+00 -3.805543e+00  3.369678e+00  0.000000e+00  0.000000e+00  3.903656e-01  1.290639e-01 -2.413139e-01  2.298929e-02
3  1.491786e-01  1.268941e+00  5.765220e+00  1.930054e+00  1.689564e-01  1.365140e+01 6 1 -1.000000e+00
-1.114235e+00  5.156325e+00  2.077495e+00  0.000000e+00  0.000000e+00  2.873592e-01 -8.828271e-02 -1.367997e-01  4.992538e-04
-1.398974e-01 -5.259658e-01 -3.510060e-01  9.687690e+02  5.000000e-01  1.095268e+00  1.218046e+00 -1.172345e+00  2.215386e-01
-1.016327e-04 -9.440818e-03  1.114121e-04  1.012562e+03  1.000000e+00  9.810736e+01  2.014259e+01  6.958863e+00  9.613886e+01
3  9.268607e-02  4.367736e-01  1.521320e+00  5.914001e-01  2.604689e-01  7.726420e+00 6 1 -1.000000e+00
 1.209092e-01  1.123777e+00  1.780408e+00  0.000000e+00  0.000000e+00  2.278835e-01  1.760016e-01 -5.931493e-02  1.060897e-02
-1.172462e-01 -3.787860e-01 -4.637409e-01  1.162580e+02  5.000000e-01  5.657722e-01  1.233684e+00 -9.071677e-01  2.136490e-01
-3.193340e-04 -1.217398e-03  8.591112e-06  1.623311e+02  1.000000e+00  3.574917e+02  8.374078e+01 -6.061731e+01  3.563973e+02
2  2.288602e-01  1.121512e-01  1.379632e+00  7.020100e-01  6.050988e-01  9.384280e+00 6 1 -1.000000e+00
-4.780381e-01 -9.611331e-02 -1.241728e+00  9.400507e+01  5.000000e-01  4.112200e-01 -1.021723e+00 -3.287445e-01  5.852094e-02
 7.397183e-01  5.523115e-01  2.052109e+00  0.000000e+00  0.000000e+00  2.474529e-01 -1.030057e-01 -2.615595e-01  7.819761e-03
1  1.735696e+00  1.080955e+00  0.000000e+00  8.797290e-01  0.000000e+00  9.674530e+00 0 2  3.024940e-01
 7.162400e-01 -1.269849e+00  3.771996e+00  0.000000e+00  0.000000e+00  3.571842e-01  1.242985e-01  3.642121e-01  5.575536e-02
3 -4.624980e+00 -5.671264e-01  2.320296e+00  1.109797e+00  7.901409e-02  4.868880e+00 6 2  2.967943e-01
-9.599931e-01  1.728792e+00  5.121115e+00  0.000000e+00  0.000000e+00  4.420363e-01 -1.420845e-02  3.403699e-01  1.259755e-02
 2.619010e-01 -2.437058e-01 -4.046403e-01  9.182030e+01  5.000000e-01  1.437305e+00 -5.378275e-01  1.540554e+00  4.669668e-01
 2.638915e-02 -3.368639e-02  8.745691e-03  9.420933e+01  1.000000e+00  1.318653e+01  2.751420e+00  5.157448e+00  1.145141e+01
1 -5.956220e-01 -6.743697e-01  0.000000e+00  3.374287e-01  0.000000e+00  5.497040e+00 0 2  3.045088e-01
-5.738370e-01  4.150040e-01  4.900342e+00  0.000000e+00  0.000000e+00  4.981718e-01  1.701650e-01  1.371425e-01  4.405049e-03
3  5.435631e-02 -2.797999e-01  6.843188e-01  3.134598e-01  6.487053e-01  3.950080e+00 6 3  2.759400e-01
-1.532176e-01 -1.661368e-01 -1.971119e+00  2.058264e+01  5.000000e-01  7.261575e-01  1.542432e-01 -7.473451e-01  1.145343e-01
 4.691817e-01  1.183125e-01  3.038543e+00  0.000000e+00  0.000000e+00  3.904567e-01 -1.600797e-01 -1.296627e-01  1.403544e-02
-2.210630e-03 -1.534090e-03  1.270048e-03  2.745635e+01  1.000000e+00  2.936061e+01 -5.951682e-02 -4.116878e+00  2.713514e+01
3  6.215115e-04 -1.744636e-01  7.820902e-01  2.860959e-01  2.645074e-01  6.417510e+00 6 1 -1.000000e+00
 2.821184e-01 -5.556790e-01  1.897146e+00  0.000000e+00  0.000000e+00  2.642391e-01  1.187207e-01 -1.191469e-02  2.236346e-02
 4.151612e-02  1.884821e-01 -5.018091e-01  3.660473e+01  5.000000e-01  1.037451e+00  1.132186e+00 -8.440069e-01  5.932491e-01
 3.043624e-04  7.924372e-03  2.263825e-03  4.115046e+01  1.000000e+00  2.479237e+01  1.105340e+01 -1.472672e+00  2.378750e+01
3 -1.923761e-01 -1.247688e+00  6.801191e+00  3.106194e+00  1.657326e-01  1.245070e+01 6 3 -1.000000e+00
-4.844912e+00 -3.749483e+00  3.383147e+00  0.000000e+00  0.000000e+00  4.342895e-01  9.675621e-02 -1.228161e-01  1.413848e-03
-8.264471e-02  1.106133e+00 -5.606979e-01  7.282645e+02  5.000000e-01  1.425994e+00  1.356197e+00  3.545320e-01  2.746871e-01
 2.468379e-03  3.568584e-02  1.172219e-03  7.694410e+02  1.000000e+00  3.309859e+01  1.331154e+01 -1.987386e-01  3.070368e+01
3 -1.297472e-02  1.331053e-01  1.399399e+00  6.517321e-01  6.751955e-01  9.423660e+00 6 1 -1.000000e+00
 3.694739e-01 -4.227754e-01 -1.661814e+00  3.509206e+01  5.000000e-01  5.999080e-01 -7.472430e-02  8.696217e-01  2.273024e-01
 2.239401e-01  9.690359e-01  2.461234e+00  0.000000e+00  0.000000e+00  3.412360e-01  1.531063e-01 -6.502407e-02  4.682773e-02
 6.419431e-04 -3.846433e-03  9.833236e-04  5.914531e+01  1.000000e+00  3.388444e+01  6.858740e+00  4.169513e+00  3.285542e+01
3  1.871572e+00  3.528399e-01  1.429118e+00  5.220554e-01  1.742584e-01  7.974890e+00 6 1  2.883146e-01
 7.386656e-01 -1.003581e+00  1.512015e+00  0.000000e+00  0.000000e+00  1.850811e-01  4.467981e-02 -2.697179e-02  1.266390e-03
-6.368676e-02  1.790470e-01 -2.634814e-01  1.377693e+02  5.000000e-01  1.096816e+00  1.615272e+00  1.093437e+00  2.558881e-01
-1.089318e-03  2.347523e-03  5.397990e-05  1.479172e+02  1.000000e+00  1.402977e+02  2.137469e+01  2.053225e+01  1.371390e+02
3 -1.414141e-01 -1.101321e-01  5.488918e-01  2.130364e-01  2.242426e-01  5.500880e+00 6 1 -1.000000e+00
-4.312337e-01 -1.412888e-01  1.705860e+00  0.000000e+00  0.000000e+00  2.158390e-01 -1.512968e-02 -1.687160e-01  1.484743e-02
 6.902072e-02  8.460435e-02 -3.825266e-01  4.162871e+01  5.000000e-01  9.755867e-01  4.012067e-01 -1.566469e+00  5.921002e-01
 4.680722e-03  4.555079e-03  2.960200e-03  4.450523e+01  1.000000e+00  2.014393e+01  1.392995e+00 -5.170572e+00  1.941573e+01
3  4.626075e-02  7.165618e-02  3.325634e-01  1.735990e-01  3.277091e-01  8.253650e+00 6 1 -1.000000e+00
-6.556527e-02 -6.182663e-02 -6.632466e-01  1.022277e+01  5.000000e-01  6.381521e-01 -1.453557e-01 -1.271826e+00  2.023723e-01
 7.822897e-02  2.380427e-01  2.023888e+00  0.000000e+00  0.000000e+00  2.653137e-01  1.214823e-01 -1.758054e-01  9.774325e-03
-4.190592e-04 -5.244761e-04  9.348215e-05  1.322209e+01  1.000000e+00  1.067544e+02 -3.660474e+00 -2.175673e+01  1.055164e+02
3  5.376711e-01 -5.752425e-01  1.592354e+00  7.595603e-01  6.097750e-02  6.751310e+00 6 2 -1.000000e+00
 8.971904e-01 -1.082679e+00  3.332838e+00  0.000000e+00  0.000000e+00  2.946241e-01  2.651819e-03  4.444137e-01  3.775002e-02
-5.356992e-02  6.611557e-02  5.226990e-02  1.008859e+02  1.000000e+00  7.407643e+00  1.048948e+00  4.563565e+00  6.737043e+00
-1.177044e-01  1.443418e-01 -2.032281e-01  1.007077e+02  5.000000e-01  3.111488e+00  5.342837e-01  3.015544e+00  2.558515e+00
3 -5.176675e-01  1.310110e+00  1.673851e+00  8.099919e-01  1.809229e-01  8.514870e+00 6 1  3.076071e-01
 7.917179e-01 -1.105791e+00  2.019524e+00  0.000000e+00  0.000000e+00  1.590019e-01  6.120486e-02  4.564710e-01  1.406817e-03
-1.754930e-01  2.603275e-01 -3.653782e-01  1.123094e+02  5.000000e-01  1.227239e+00  5.633127e-01  1.572007e+00  8.369246e-02
-7.139816e-03  9.075527e-03  8.834373e-04  1.178635e+02  1.000000e+00  3.539262e+01  2.303457e+00  6.753079e+00  2.716220e+01
3  1.840641e-01 -5.810075e-02  4.686262e-01  1.883237e-01  1.178309e-01  9.351030e+00 6 1 -1.000000e+00
 3.630711e-01 -1.495902e-01  1.782780e+00  0.000000e+00  0.000000e+00  2.322895e-01 -1.401380e-01  9.390986e-02  6.394015e-03
-7.619069e-02  1.368735e-02 -2.100665e-01  3.906811e+01  5.000000e-01  9.487757e-01 -1.963957e+00  9.517855e-01  5.367144e-01
-2.822051e-03  3.509273e-04  4.725893e-04  4.198676e+01  1.000000e+00  4.885774e+01 -1.285592e+01 -3.014367e+00  4.805747e+01
2  1.127231e+00 -8.249584e-02  2.833652e+00  1.354451e+00  6.823204e-03  1.123590e+01 6 2 -1.000000e+00
 2.687368e+00 -1.645441e-01  3.746677e+00  0.000000e+00  0.000000e+00  4.170965e-01 -2.694161e-01  1.697773e-02  1.673606e-04
-1.402464e-01  2.033117e-02 -2.556434e-02  1.464900e+03  5.000000e-01  2.624166e+00 -6.347681e+00  1.209067e+00  8.417001e-01
3  3.635314e-01 -3.115146e-01  1.629537e+00  5.386338e-01  1.331457e-01  9.365780e+00 6 1 -1.000000e+00
 1.060326e+00 -6.008677e-01  2.580283e+00  0.000000e+00  0.000000e+00  2.963517e-01 -1.728164e-01  2.787491e-01  1.150731e-02
-2.529060e-01  3.639187e-01 -3.435537e-01  7.594426e+01  5.000000e-01  1.069050e+00  3.452446e-01  1.672222e+00  6.023078e-01
-4.945584e-03  7.899648e-03  2.931053e-04  9.074718e+01  1.000000e+00  7.358446e+01  2.641106e+01  3.404728e+01  7.243096e+01
3  1.354728e-01  3.773539e-01  1.164773e+00  4.722354e-01  1.454301e-01  4.295960e+00 6 1 -1.000000e+00
 4.842627e-01  7.439366e-01  1.842670e+00  0.000000e+00  0.000000e+00  2.178990e-01  1.776193e-01 -1.935011e-01  1.765617e-02
-7.784900e-02 -2.762238e-01 -2.679798e-01  7.166804e+01  5.000000e-01  7.122001e-01  1.731729e+00 -9.030884e-01  3.784457e-01
-8.238304e-04 -2.270014e-03  4.329630e-05  9.104632e+01  1.000000e+00  1.604288e+02  3.675459e+01 -3.114429e+01  1.595418e+02
1 -3.803996e-01 -2.638717e-01  0.000000e+00  1.932551e-01  0.000000e+00  8.830420e+00 0 2  2.856339e-01
 3.633575e-01 -3.687225e-02  3.353339e+00  0.000000e+00  0.000000e+00  3.641826e-01 -3.035970e-01  1.178237e-01  8.718317e-03
3  2.071466e-01  3.109773e-01  1.394636e+00  8.044150e-01  1.124616e-01  5.348610e+00 6 3 -1.000000e+00
-2.245384e-01 -2.676395e-01 -5.708877e-01  1.012266e+02  5.000000e-01  1.026175e+00  3.303126e-01 -1.281888e+00  4.240269e-01
 3.773473e-01  9.904319e-01  5.076288e+00  0.000000e+00  0.000000e+00  4.296902e-01  2.342576e-01 -2.708916e-01  2.278142e-02
-1.091472e-02 -1.219165e-02  3.317323e-03  1.126505e+02  1.000000e+00  1.945836e+01 -9.375009e-01 -6.195498e+00  1.829249e+01
3  1.906994e-01  5.719460e-01  9.887758e-01  4.723149e-01  1.039787e-01  3.138470e+00 6 1  2.743338e-01
-7.604890e-01  4.392687e-01  2.024648e+00  0.000000e+00  0.000000e+00  2.724452e-01 -1.731004e-01  7.388702e-02  8.739874e-03
 2.158940e-02 -2.783795e-03  8.781937e-03  1.374679e+02  1.000000e+00  1.404632e+01 -7.361354e+00  1.465201e+00  1.273525e+01
 1.197181e-01 -1.118990e-02 -2.105203e-01  1.358949e+02  5.000000e-01  2.123047e+00 -2.428170e+00  3.396458e-01  1.316052e+00
3  2.403963e-02 -2.273323e-02  8.099465e-02  3.313213e-02  1.273775e-01  5.552110e+00 6 1 -1.000000e+00
 4.153603e-02 -5.045138e-02  1.739161e+00  0.000000e+00  0.000000e+00  1.939654e-01 -3.399958e-02  2.711939e-01  3.844941e-02
-1.104978e-02  1.115110e-02 -2.215300e-01  1.541681e+00  5.000000e-01  1.287477e+00 -1.410992e-01  2.139345e+00  1.057516e+00
-8.356401e-04  8.979939e-04  2.309933e-03  1.630350e+00  1.000000e+00  2.412681e+01  1.440924e+00  9.993015e+00  2.375948e+01
1 -2.062168e-01 -1.830780e+00  0.000000e+00  1.134650e+00  0.000000e+00  5.505920e+00 0 2 -1.000000e+00
-4.567759e-02 -2.832399e+00  4.674158e+00  0.000000e+00  0.000000e+00  3.717872e-01  4.210912e-01 -5.823427e-02  8.380922e-03
3 -1.805413e-01 -1.731994e-01  1.274994e+00  5.937382e-01  1.787904e-01  1.207160e+01 6 1 -1.000000e+00
-3.668832e-01 -7.952885e-01  2.785476e+00  0.000000e+00  0.000000e+00  3.163867e-01  2.250360e-01 -2.401686e-01  4.442465e-02
 3.460936e-01  2.617237e-01 -4.980165e-01  3.862630e+01  5.000000e-01  9.869183e-01 -4.632320e-01 -1.339236e+00  6.237129e-01
 4.812568e-03  4.064772e-03  4.065819e-04  5.297723e+01  1.000000e+00  6.068003e+01 -7.164400e+00 -3.241680e+01  5.983212e+01
3  9.007717e-01 -8.413742e-01  3.752304e+00  1.459743e+00  1.091755e-01  9.901260e+00 6 1 -1.000000e+00
 2.429508e+00 -1.990940e+00  2.614864e+00  0.000000e+00  0.000000e+00  3.527742e-01 -4.036072e-02  1.866633e-01  3.464061e-03
-4.153537e-01  4.558034e-01 -2.854791e-01  5.336646e+02  5.000000e-01  1.071397e+00  1.221676e-01  1.868972e+00  3.267619e-01
-6.563512e-03  7.490674e-03  1.056646e-04  5.877013e+02  1.000000e+00  1.023886e+02  1.049456e+01  2.656313e+01  1.006068e+02
3  7.658419e-02  3.538572e-02  4.540803e-01  1.607869e-01  6.681991e-01  1.205490e+01 6 1 -1.000000e+00
 2.747903e-01  1.623386e-01  1.944544e+00  0.000000e+00  0.000000e+00  2.773753e-01 -8.453677e-02 -2.793973e-02  1.843120e-02
-1.216712e-01 -5.903724e-02 -2.910127e+00  9.150981e+00  5.000000e-01  5.287262e-01 -5.744153e-01 -4.855653e-01  1.637316e-01
-1.006106e-03 -6.714504e-04  2.660512e-04  1.234576e+01  1.000000e+00  6.520044e+01 -3.358966e-01 -1.905015e+01  6.421579e+01
3  1.884257e+00  1.863668e+00  1.381989e+00  5.938980e-01  1.689546e-01  7.247650e+00 6 1  2.961877e-01
 3.088824e-03  1.146309e+00  2.009765e+00  0.000000e+00  0.000000e+00  2.557003e-01  2.200012e-01 -8.950296e-02  6.638244e-03
-4.632257e-02 -2.347961e-01 -3.395589e-01  8.957158e+01  5.000000e-01  1.289470e+00  1.543763e+00 -8.034830e-01  3.863653e-01
-1.180817e-03 -9.164291e-03  6.498918e-04  9.503614e+01  1.000000e+00  4.367762e+01  1.655069e+01 -2.955717e+00  4.077422e+01
3  1.983476e+00  1.041010e+00  3.592313e+00  1.211872e+00  5.152757e-01  8.244700e+00 6 1  2.699331e-01
 3.062513e+00 -1.119434e+00  2.236472e+00  0.000000e+00  0.000000e+00  3.127317e-01  1.038901e-01 -1.200491e-01  1.309867e-04
-3.739544e-01 -7.281602e-02 -1.152400e+00  9.126473e+02  5.000000e-01  1.234425e+00 -7.087934e-01 -6.483219e-01  4.015839e-02
-6.813031e-03  1.630096e-03  3.543997e-04  9.372078e+02  1.000000e+00  5.555496e+01 -4.741704e+00  1.149290e+01  5.151916e+01
3  2.798899e-01 -3.856384e-01  1.819919e+00  8.950778e-01  1.523105e-01  9.779610e+00 6 3 -1.000000e+00
 1.049933e+00 -8.150136e-01  3.565002e+00  0.000000e+00  0.000000e+00  3.575639e-01 -2.085856e-02  3.630210e-01  3.222643e-03
-2.549041e-01  4.536485e-01 -5.429871e-01  1.243374e+02  5.000000e-01  6.112144e-01  7.536963e-01  1.193633e+00  4.769581e-02
-2.546289e-04  3.742142e-04  1.765768e-06  1.972905e+02  1.000000e+00  7.551983e+02  6.082453e+00 -4.952066e+01  7.532340e+02
3  4.547475e-01 -2.921086e-01  1.810006e+00  8.032624e-01  1.335946e-01  1.545010e+01 6 1 -1.000000e+00
 1.446292e+00 -3.181144e-01  2.638119e+00  0.000000e+00  0.000000e+00  3.518545e-01 -1.158225e-01  1.661921e-01  7.504684e-03
-2.791356e-01  2.287128e-01 -3.524385e-01  2.013019e+02  5.000000e-01  9.584292e-01 -1.915059e-01  1.674045e+00  3.240135e-01
-5.503030e-03  3.565267e-03  2.425743e-04  2.279903e+02  1.000000e+00  6.726504e+01 -6.436252e+00  1.507252e+01  6.586711e+01
3 -1.800544e-01 -2.742967e-02  1.711851e+00  8.192791e-01  9.550371e-01  9.423660e+00 6 3 -1.000000e+00
-1.009879e+00 -2.439921e-01  3.852875e+00  0.000000e+00  0.000000e+00  3.913421e-01 -3.025434e-01 -1.392319e-01  1.566195e-02
 6.769113e-01  4.784779e-02 -4.034267e+00  5.075948e+01  5.000000e-01  5.212822e-01 -6.896110e-01 -3.852258e-02  4.605985e-02
 4.944669e-04  1.315932e-04  9.200250e-06  1.218876e+02  1.000000e+00  3.373273e+02 -3.681772e+01 -5.538794e+01  3.351169e+02
1 -1.368306e-01  2.281341e+00  0.000000e+00  4.790979e+00  0.000000e+00  4.674620e+00 0 2 -1.000000e+00
-5.032042e+00  7.899229e+00  3.602605e+00  0.000000e+00  0.000000e+00  4.283954e-01  4.599919e-02  2.168847e-01  1.131029e-04
3  6.523108e-02  6.350007e-02  2.167870e-01  7.123684e-02  1.850001e-01  8.492890e+00 6 1 -1.000000e+00
 1.419810e-01  1.451287e-01  1.771216e+00  0.000000e+00  0.000000e+00  2.467217e-01 -3.923532e-02 -3.612498e-02  1.104969e-02
-8.831195e-03 -1.060279e-02 -3.276751e-01  6.844416e+00  5.000000e-01  4.573764e+00  6.251680e-01 -3.928455e+00  4.017154e+00
-6.809309e-03 -8.207094e-03  2.009656e-01  6.844693e+00  1.000000e+00  6.218559e+00  8.491184e-01 -4.640731e+00  5.631023e+00
1 -7.434409e+00  1.490434e+01  0.000000e+00  5.590238e+00  0.000000e+00  1.030280e+01 0 2 -1.000000e+00
-2.033817e+01  1.136210e+01  3.241242e+00  0.000000e+00  0.000000e+00  3.233738e-01  1.993816e-01  3.309777e-01  3.942803e-04
1  9.811379e-01 -2.898946e+00  0.000000e+00  3.250344e+00  0.000000e+00  1.029150e+01 0 2 -1.000000e+00
 4.371958e+00 -7.584475e+00  4.229801e+00  0.000000e+00  0.000000e+00  4.842786e-01  6.456032e-02  1.593198e-01  7.127332e-04
3 -5.370108e-02 -5.708401e-01  1.596404e+00  7.899794e-01  1.065550e-01  9.687310e+00 6 1 -1.000000e+00
-2.388345e-01 -1.270111e+00  2.639766e+00  0.000000e+00  0.000000e+00  3.076687e-01  3.041396e-01 -8.944432e-02  1.686636e-03
 3.433884e-03  3.078027e-01 -2.812804e-01  2.070832e+02  5.000000e-01  8.725859e-01  1.883039e+00 -1.599047e-01  1.205060e-01
-1.675904e-04  1.248692e-03  8.201825e-06  2.479876e+02  1.000000e+00  3.611563e+02  3.724891e+01  8.000625e+01  3.584409e+02
3 -4.882925e-01 -2.375445e-01  2.251404e+00  9.586286e-01  2.734950e-01  8.399360e+00 6 1 -1.000000e+00
-1.824198e+00 -1.579078e-01  2.287529e+00  0.000000e+00  0.000000e+00  3.228725e-01 -1.256319e-02 -1.455708e-01  2.880092e-03
 3.900304e-01  2.495384e-01 -6.256278e-01  3.384686e+02  5.000000e-01  7.537381e-01 -3.066088e-01 -1.251012e+00  1.012485e-01
 2.036609e-03  7.132310e-04  2.552680e-05  4.124199e+02  1.000000e+00  2.021972e+02 -3.588259e+01 -4.271187e+00  1.999420e+02
1 -6.235501e-03 -4.233623e-02  0.000000e+00  1.375382e-02  0.000000e+00  1.030500e+01 0 2  2.891564e-01
-5.168269e-03 -2.433338e-02  5.733626e+00  0.000000e+00  0.000000e+00  5.316371e-01  1.943149e-01  8.482801e-02  1.432273e-04
3 -2.293807e-01  4.611367e-01  1.715999e+00  5.614425e-01  2.712181e-01  7.491450e+00 6 1 -1.000000e+00
 1.852869e-01 -3.392071e-01 -4.566108e-01  1.453622e+02  5.000000e-01  5.029137e-01  6.020839e-01  1.440361e+00  1.136682e-01
-3.416123e-01  1.293897e+00  1.683556e+00  0.000000e+00  0.000000e+00  2.202683e-01  2.790112e-04  1.183236e-01  4.478437e-03
 2.165883e-04 -8.198712e-04  3.369503e-06  1.970782e+02  1.000000e+00  5.691724e+02  1.611742e+02 -7.943154e+00  5.678179e+02
5  1.824694e-02 -1.514384e-02  7.575461e-01  3.019435e-01  1.000000e+00  9.682620e+00 6 3 -1.000000e+00
 2.028208e-01 -3.440479e-01  2.782535e+00  0.000000e+00  0.000000e+00  3.077393e-01  1.208404e-01  3.244040e-01  4.523130e-02
-2.823314e-01 -7.832050e-02 -2.230969e+00  7.440912e+00  5.000000e-01  4.591695e-01 -7.472702e-01 -4.269903e-01  8.734649e-02
-1.316432e-01  3.356652e-01  3.908613e+00  4.219004e+00  0.000000e+00  3.408865e-01  2.911010e-01  3.063424e-01  6.920869e-02
 2.265544e-01  2.185351e-01 -3.117820e+00  6.111180e+00  5.000000e-01  4.422973e-01 -1.616253e-01 -7.782329e-01  1.149721e-01
-1.206458e-04  1.333561e-04  8.752421e-05  2.550220e+01  1.000000e+00  1.089656e+02  1.519850e+01 -4.043596e-01  1.076073e+02
3 -9.157914e-02  4.340126e-01  1.214684e+00  6.441096e-01  1.032450e-01  1.590410e+01 6 1 -1.000000e+00
 4.443341e-02 -2.087827e-01 -2.687717e-01  1.228211e+02  5.000000e-01  9.847345e-01  1.802571e+00  6.867305e-01  2.525901e-01
-3.306327e-01  9.465456e-01  2.603243e+00  0.000000e+00  0.000000e+00  3.187516e-01  2.561040e-01  1.198909e-01  3.828041e-03
 9.595660e-04 -3.393457e-03  1.388147e-04  1.360950e+02  1.000000e+00  8.672054e+01  6.961339e+00  9.782877e+00  8.476467e+01
3 -6.154592e-01 -2.972184e-01  2.312240e+00  1.305624e+00  1.998656e-01  9.689550e+00 6 1 -1.000000e+00
-1.590694e+00 -8.576475e-01  2.194283e+00  0.000000e+00  0.000000e+00  2.907380e-01 -1.039020e-01 -1.911209e-01  4.115924e-02
 4.801797e-01  1.709115e-01 -4.385618e-01  5.953866e+01  5.000000e-01  1.299977e+00 -1.144280e+00 -1.029946e+00  8.570222e-01
 4.101768e-02  1.434133e-02  5.554987e-03  6.318819e+01  1.000000e+00  1.673983e+01 -6.885383e+00 -4.507251e+00  1.589808e+01
3  1.089349e+00 -1.726985e+00  3.159392e+00  1.683773e+00  2.061864e-01  8.238030e+00 6 1  2.849769e-01
 9.674505e-01  2.812733e+00  2.085261e+00  0.000000e+00  0.000000e+00  2.752478e-01  2.034688e-01 -6.564930e-02  2.076687e-03
 3.278256e-02 -2.052394e-01 -4.299524e-01  3.145589e+02  5.000000e-01  3.199422e+00  2.422751e+00  1.137355e+00  1.414306e+00
 1.484263e-02 -1.180115e-01  1.463229e-01  3.146290e+02  1.000000e+00  5.566356e+00  3.493858e+00  1.345499e+00  3.417096e+00
2 -3.812529e+00  5.456823e+00  2.270552e+00  7.673428e+00  1.049835e-01  9.298010e+00 6 1  2.769147e-01
 9.771570e-01 -2.431743e+00 -2.730739e+00  6.513522e+03  5.000000e-01  1.301722e+00  4.321651e-01  5.200682e-01  8.094095e-03
 1.323451e-01 -3.242090e-01  2.866825e-01  6.547342e+03  1.000000e+00  5.124139e+00  2.739043e+00  2.453159e+00  1.256411e+00
1 -5.302892e-02 -7.007132e-02  0.000000e+00  1.611349e-02  0.000000e+00  8.838490e+00 0 2  3.005079e-01
 8.569153e-03  3.131318e-02  3.049242e+00  0.000000e+00  0.000000e+00  4.251557e-01  1.455767e-02  4.778855e-02  3.400019e-04
1 -4.788870e-02 -6.159477e-01  0.000000e+00  9.148628e-01  0.000000e+00  9.368800e+00 0 2  2.735686e-01
 1.302308e+00 -1.484098e+00  3.023426e+00  0.000000e+00  0.000000e+00  2.669035e-01 -3.515102e-02  4.532596e-01  2.364814e-03
3 -1.828804e-01 -1.910156e-01  8.864620e-01  4.584998e-01  1.215738e-01  9.691610e+00 6 3 -1.000000e+00
-2.003127e-01 -6.483519e-01  4.085289e+00  0.000000e+00  0.000000e+00  3.355718e-01  2.115487e-01 -3.897836e-01  1.843571e-02
 1.664126e-01  1.586967e-01 -4.966640e-01  4.937741e+01  5.000000e-01  7.962265e-01 -1.412060e-01 -1.426541e+00  2.292355e-01
 3.622990e-03  4.156690e-03  1.080875e-03  5.782265e+01  1.000000e+00  3.149850e+01  1.452048e+00 -1.695229e+00  3.002965e+01
3  1.023172e+00 -1.799492e+00  8.262855e+00  2.963347e+00  1.771588e-01  1.594230e+01 6 1 -1.000000e+00
 2.748395e+00 -6.797440e+00  2.564771e+00  0.000000e+00  0.000000e+00  3.677437e-01 -1.566530e-02  9.800132e-02  1.211443e-03
-4.109805e-01  8.375534e-01 -4.543716e-01  1.093618e+03  5.000000e-01  1.560950e+00  9.084513e-01  1.300086e+00  3.175405e-01
-1.747418e-02  3.811688e-02  8.635855e-04  1.123776e+03  1.000000e+00  3.787264e+01  1.050629e+01  9.552304e+00  3.509428e+01
1 -3.997226e+00 -1.372999e+00  0.000000e+00  4.406014e+00  0.000000e+00  5.353660e+00 0 2 -1.000000e+00
-7.127065e+00 -3.283141e+00  3.224343e+00  0.000000e+00  0.000000e+00  3.580682e-01 -2.238818e-01 -2.276241e-01  6.195773e-04
3 -4.838169e-01  8.068453e-01  3.188984e+00  1.208643e+00  1.061823e-01  1.132010e+01 6 1 -1.000000e+00
-2.321695e+00  1.532813e+00  2.282341e+00  0.000000e+00  0.000000e+00  3.249745e-01  9.429637e-02  9.284986e-02  2.108951e-03
 1.754079e-01 -4.506420e-01 -2.423442e-01  4.362051e+02  5.000000e-01  1.087586e+00  1.600329e+00  1.254185e+00  3.171734e-01
 3.077787e-03 -6.069280e-03  8.860058e-05  4.805304e+02  1.000000e+00  1.102511e+02  1.931178e+01  1.662108e+01  1.084402e+02
1  1.508425e-02  1.801726e+00  0.000000e+00  1.718196e+00  0.000000e+00  1.364540e+01 0 2 -1.000000e+00
-2.081557e+00  4.589657e+00  3.141434e+00  0.000000e+00  0.000000e+00  4.034958e-01  1.635946e-01 -1.035765e-01  1.464127e-03
1 -2.263340e-01 -1.729839e+00  0.000000e+00  1.200819e+00  0.000000e+00  7.978350e+00 0 2 -1.000000e+00
 7.941278e-01 -3.350838e+00  3.040352e+00  0.000000e+00  0.000000e+00  3.749070e-01  2.418813e-01 -5.766554e-02  8.061427e-04
3 -3.387964e-01 -1.527862e-01  9.543638e-01  3.988278e-01  1.891822e-01  5.395130e+00 6 1 -1.000000e+00
-6.048035e-01 -5.075668e-01  1.493419e+00  0.000000e+00  0.000000e+00  1.577906e-01 -1.532924e-01 -1.273335e-01  1.157670e-02
 1.740494e-01  4.397504e-02 -2.825283e-01  2.235637e+01  5.000000e-01  9.006352e-01 -1.667490e+00 -8.768234e-01  5.679855e-01
 8.319337e-03  2.709720e-03  1.321765e-03  2.399407e+01  1.000000e+00  2.928322e+01 -6.340870e+00 -1.780468e+00  2.854401e+01
3 -9.022565e-01 -2.529382e-01  2.150434e+00  9.268803e-01  4.456468e-01  4.868630e+00 6 1  3.048950e-01
 1.567671e+00 -8.308510e-01  1.452573e+00  0.000000e+00  0.000000e+00  1.667807e-01 -7.161113e-02  2.631675e-02  6.178769e-03
-3.937756e-01  5.067810e-02 -6.473343e-01  1.099133e+02  5.000000e-01  1.160104e+00 -1.246784e+00  1.263327e-01  2.981838e-01
-2.811306e-02  7.548559e-03  4.748873e-03  1.144592e+02  1.000000e+00  1.691195e+01 -5.847644e+00  2.901556e+00  1.382944e+01
1 -1.996970e+00 -1.376776e+00  0.000000e+00  9.311277e-01  0.000000e+00  7.487970e+00 0 2  2.956847e-01
-6.062639e-01 -1.958656e+00  3.041910e+00  0.000000e+00  0.000000e+00  4.001342e-01  9.360908e-02 -1.494506e-01  5.658352e-03
5 -4.580419e-02 -1.104289e-01  1.376860e+00  5.231162e-01  1.000000e+00  7.529500e+00 6 3 -1.000000e+00
 2.787550e-01 -7.726579e-01  2.160058e+00  0.000000e+00  0.000000e+00  2.989951e-01  1.634051e-01  4.190587e-02  2.814031e-02
-5.485569e-01 -7.326493e-02 -3.432394e+00  1.055280e+01  5.000000e-01  3.607412e-01 -7.514563e-01 -3.678411e-01  5.644051e-02
-5.413906e-01  3.332833e-01  4.169932e+00  9.940330e+00  0.000000e+00  3.318401e-01 -3.773805e-01  2.533959e-01  3.908605e-02
 2.902484e-01  3.227321e-01 -8.532086e-01  2.027644e+01  5.000000e-01  5.101367e-01 -6.385827e-02 -1.186564e+00  1.539633e-01
 3.405985e-04  9.133022e-04  7.042987e-05  3.954200e+01  1.000000e+00  1.235758e+02  2.374081e+01 -1.620728e+01  1.221546e+02
1 -3.129142e+00  2.250197e+00  0.000000e+00  2.664285e+00  0.000000e+00  1.363910e+01 0 2 -1.000000e+00
-7.412659e+00  1.556757e+00  3.405008e+00  0.000000e+00  0.000000e+00  3.765627e-01 -1.777772e-01  2.517624e-01  2.702264e-04
1  4.195915e+00 -1.040468e+01  0.000000e+00  7.133509e+00  0.000000e+00  1.926760e+01 0 2 -1.000000e+00
 1.008227e+00 -1.888581e+01  7.201785e+00  0.000000e+00  0.000000e+00  4.413606e-01  3.824934e-01  1.640804e-01  2.047677e-04
3 -8.254332e-02  2.584825e-01  8.271050e-01  3.820835e-01  1.770636e-01  8.251730e+00 6 1 -1.000000e+00
-3.817067e-01  5.326601e-01  2.058374e+00  0.000000e+00  0.000000e+00  2.645683e-01  1.760781e-01  1.550349e-01  1.010706e-02
 2.796904e-02 -1.858581e-01 -3.644631e-01  2.973514e+01  5.000000e-01  7.492671e-01  1.600017e+00  4.965632e-01  3.185043e-01
 6.917489e-04 -3.540086e-03  3.599040e-04  3.451337e+01  1.000000e+00  5.453729e+01  9.205266e+00 -1.727884e+00  5.352910e+01
3 -3.771014e-01 -1.208323e-01  9.067980e-01  3.259695e-01  1.036129e-01  1.098300e+01 6 1 -1.000000e+00
-6.952189e-01 -2.791914e-01  1.565888e+00  0.000000e+00  0.000000e+00  1.859515e-01 -1.272479e-01 -8.869916e-02  4.924167e-03
 1.592401e-03  6.576959e-04  3.553856e-05  8.710122e+01  1.000000e+00  1.708382e+02 -9.111810e+00 -2.497078e+01  1.700082e+02
 1.504228e-01  4.818120e-02 -1.622462e-01  7.581726e+01  5.000000e-01  6.958767e-01 -2.123648e+00 -1.321394e+00  3.497310e-01
3  2.072330e-01 -2.958880e+00  1.848725e+00  1.184993e+00  2.378538e-01  3.047670e+00 6 3  3.043126e-01
 6.713454e-01 -1.169627e+00  4.181830e+00  0.000000e+00  0.000000e+00  3.977402e-01  1.926442e-01  2.940668e-01  8.504189e-03
-4.646228e-01  2.889205e-01 -9.946641e-01  5.834766e+01  5.000000e-01  1.036436e+00 -4.330859e-01  9.050573e-01  1.347683e-01
-8.272209e-03  5.940974e-03  1.088386e-03  6.909460e+01  1.000000e+00  3.333229e+01 -5.827550e+00  9.624180e+00  2.980571e+01
1  4.322175e-02  1.604801e-02  0.000000e+00  3.161863e-02  0.000000e+00  9.991470e+00 0 2 -1.000000e+00
 7.723642e-02  9.484123e-03  4.133833e+00  0.000000e+00  0.000000e+00  4.107229e-01 -2.644882e-01 -1.881150e-01  1.235385e-01
3  2.954992e-01  1.461338e-01  1.207082e+00  3.500481e-01  4.497657e-01  7.974180e+00 6 1 -1.000000e+00
-2.341178e-01 -1.274624e-01 -7.826816e-01  1.680162e+02  5.000000e-01  5.291451e-01 -8.523249e-01 -8.791504e-01  1.147012e-01
 7.918098e-01  5.085550e-01  1.740198e+00  0.000000e+00  0.000000e+00  2.396420e-01 -5.905315e-02  3.151051e-03  3.655202e-03
-9.485286e-04 -8.771245e-04  2.143838e-05  2.118703e+02  1.000000e+00  2.304052e+02  4.294792e+01 -6.431878e+01  2.291981e+02
3 -1.981452e-02 -3.451130e-01  2.737477e+00  1.598434e+00  8.132332e-01  6.908600e+00 6 3 -1.000000e+00
-5.029498e-01 -1.633306e+00  3.091135e+00  0.000000e+00  0.000000e+00  2.675776e-01  4.061426e-01 -2.190548e-01  6.564598e-02
-3.099985e-01  1.097362e+00 -2.513814e+00  3.205335e+01  5.000000e-01  4.463010e-01  7.317567e-01  4.109947e-01  2.048447e-01
-1.154536e-04  7.998780e-03  9.145072e-04  5.844017e+01  1.000000e+00  3.419915e+01  1.872868e+00  2.278395e+00  3.358341e+01
3 -1.000511e+00 -9.607572e-01  1.288041e+00  5.917079e-01  3.963603e-01  8.829610e+00 6 3  3.031451e-01
 3.312407e-01 -8.424309e-02 -1.241442e+00  2.548506e+01  5.000000e-01  8.320842e-01 -8.344275e-01  3.707307e-01  2.286885e-01
-8.709890e-01  3.780277e-01  3.132105e+00  0.000000e+00  0.000000e+00  3.955860e-01 -1.784449e-01  1.191624e-01  1.780181e-02
 9.517862e-03 -2.870562e-03  2.369083e-03  2.948182e+01  1.000000e+00  2.231839e+01 -4.652693e+00  3.274450e+00  2.069211e+01
2 -1.222797e+00  3.737682e+00  9.715279e+00  4.806465e+00  6.456328e-04  1.097320e+01 6 2 -1.000000e+00
-3.853835e+00  8.804111e+00  3.000261e+00  0.000000e+00  0.000000e+00  3.734890e-01  2.203650e-01  1.032034e-01  1.450883e-05
 3.683258e-02 -9.809958e-02 -1.937067e-03  7.079479e+03  5.000000e-01  8.044483e+00  1.855100e+01  1.489059e+01  5.038451e+00
3 -3.878839e-02  4.244849e-03  1.981345e-01  1.078660e-01  8.790285e-01  1.064990e+01 6 3 -1.000000e+00
-1.678763e-01 -1.606622e-02  3.211607e+00  0.000000e+00  0.000000e+00  4.161778e-01 -1.541684e-01 -7.556317e-02  7.916276e-02
 3.020227e-02 -1.136182e-02 -1.395289e+01  2.235462e+00  5.000000e-01  1.883611e+00 -6.174273e-01  6.864555e-01  1.312551e+00
 2.771153e-02 -1.025448e-02  1.226499e+01  2.235474e+00  1.000000e+00  2.002179e+00 -6.447334e-01  7.121439e-01  1.419239e+00
3 -4.369625e-01 -5.921510e-01  4.465404e+00  2.029197e+00  5.248006e-01  8.080190e+00 6 1 -1.000000e+00
-3.120862e+00 -1.911870e+00  2.543853e+00  0.000000e+00  0.000000e+00  3.689919e-01  4.728493e-02 -5.320614e-02  1.103432e-02
 3.295146e-01  9.226908e-01 -1.335016e+00  3.522505e+02  5.000000e-01  9.018842e-01  8.314866e-01 -2.594448e-01  1.488576e-01
 2.677283e-02  2.628200e-02  4.015283e-03  3.874471e+02  1.000000e+00  1.801841e+01 -1.514802e+00 -6.187350e+00  1.637290e+01
3 -6.142915e-01  3.383717e-01  1.090944e+00  5.206614e-01  3.835944e-01  8.502700e+00 6 1  2.943495e-01
 7.980940e-01  4.594103e-01  2.633612e+00  0.000000e+00  0.000000e+00  3.454661e-01 -3.915412e-02 -2.171979e-01  6.968207e-03
-1.478991e-01 -8.396506e-02 -1.010239e+00  3.794910e+01  5.000000e-01  1.268789e+00 -4.138871e-01 -9.438274e-01  4.112739e-01
-2.934944e-02 -1.452227e-02  4.629734e-02  3.842678e+01  1.000000e+00  6.088334e+00 -1.488457e+00 -1.440876e+00  4.691404e+00
3  4.359014e-02  2.778840e-01  3.586921e-01  3.209576e-01  4.927064e-01  6.908600e+00 6 1  2.787033e-01
-8.241069e-02 -1.764336e-01 -1.313977e+00  1.653417e+01  5.000000e-01  1.110435e+00  6.677729e-01 -5.721219e-01  6.097084e-02
 6.192687e-03  1.711430e-01 -6.474049e-01  1.665988e+01  5.000000e-01  1.325050e+00  1.279634e+00 -1.132388e-01  4.030703e-02
-4.131255e-03  2.467350e-05  3.330035e-02  1.854692e+01  1.000000e+00  6.604875e+00  2.053502e-01 -1.158765e+00  2.329495e+00
3 -7.837902e-01  5.537428e-01  2.961326e+00  1.351800e+00  1.051685e-01  1.095080e+01 6 3 -1.000000e+00
-1.988440e+00  1.399583e+00  3.020362e+00  0.000000e+00  0.000000e+00  3.718681e-01 -1.016429e-01  2.305046e-01  3.932666e-03
 4.291304e-01 -3.106236e-01 -3.176470e-01  4.388549e+02  5.000000e-01  1.034665e+00 -5.291866e-01  1.693904e+00  2.616706e-01
 5.311960e-03 -3.625551e-03  7.163124e-05  4.936574e+02  1.000000e+00  1.227708e+02 -1.199577e+01  2.690440e+01  1.207493e+02
3 -3.698008e-01  2.103777e-02  1.044731e+00  5.246296e-01  9.821516e-01  1.798460e+01 6 1  2.770452e-01
-2.620177e-01 -6.772918e-01  2.298855e+00  0.000000e+00  0.000000e+00  2.781146e-01  2.119426e-01 -2.029774e-01  2.616442e-03
-1.005712e-01  3.548893e-01 -2.257825e+00  4.250162e+01  5.000000e-01  7.698388e-01  5.768967e-01  4.038175e-01  2.393735e-02
 3.740339e-04  7.756840e-03  4.750868e-03  5.215592e+01  1.000000e+00  1.584141e+01  2.842761e+00  1.303142e+00  9.445288e+00
3 -2.347546e+00 -3.508748e+00  2.579491e+00  1.446532e+00  2.817290e-02  5.570320e+00 6 2  2.882023e-01
-2.035182e+00 -9.590908e-01  6.406219e+00  0.000000e+00  0.000000e+00  4.912388e-01 -7.325186e-02 -3.120477e-01  6.227102e-03
 1.077387e-02  1.117016e-02  5.680300e-04  1.911232e+02  1.000000e+00  4.618661e+01 -2.978128e+00 -1.650727e+01  4.378431e+01
 2.254134e-01  2.832784e-01 -1.804818e-01  1.817309e+02  5.000000e-01  1.671263e+00  7.967742e-01 -2.314405e+00  5.120785e-01
1  5.522184e-01  8.849402e-01  0.000000e+00  2.532968e-01  0.000000e+00  4.547360e+00 0 2  3.015213e-01
-1.046322e+00  4.961286e-01  4.017525e+00  0.000000e+00  0.000000e+00  4.011805e-01 -3.281464e-01 -4.466799e-02  3.253350e-04
3  1.855613e-02  3.031377e-02  1.679946e-01  6.500323e-02  6.728495e-01  8.803050e+00 6 1 -1.000000e+00
 1.634750e-02 -4.375147e-02 -1.111936e+00  1.194983e+00  5.000000e-01  1.347125e+00  6.897788e-01  7.375862e-01  1.104465e+00
 8.028105e-02  1.116019e-01  1.652577e+00  0.000000e+00  0.000000e+00  2.110011e-01 -1.081220e-02 -1.314794e-01  3.986736e-02
-2.848098e-04 -6.395481e-03  1.140845e-01  1.237521e+00  1.000000e+00  4.438641e+00  1.124518e+00  1.339505e+00  4.086952e+00
3  2.229914e-01  2.599860e-01  5.024818e-01  2.596772e-01  2.922322e-01  2.881550e+00 6 3  2.825021e-01
 2.007161e-01 -8.549975e-02 -7.032001e+00  4.323522e+00  5.000000e-01  7.000975e-01 -3.379764e-01  3.433955e-01  7.463745e-02
-2.320780e-01  1.697986e-01  2.406306e+01  0.000000e+00  0.000000e+00  5.371089e-01 -1.498878e-01  3.876136e-01  4.318196e-02
 4.187362e-03 -1.985831e-03  3.972465e-02  7.473048e+00  1.000000e+00  6.072223e+00 -4.660797e-01  5.804531e-01  2.857362e+00
1  3.273414e+00  2.562990e-01  0.000000e+00  3.980546e+00  0.000000e+00  3.701990e+00 0 2 -1.000000e+00
 6.478675e+00  2.142749e+00  3.358565e+00  0.000000e+00  0.000000e+00  3.753349e-01 -2.811880e-01 -1.157307e-01  9.320463e-05
3 -1.144538e+00 -1.185460e+00  1.305617e+00  5.413787e-01  2.620872e-01  8.509520e+00 6 1  2.723916e-01
 3.193560e-01 -1.041716e+00  1.787310e+00  0.000000e+00  0.000000e+00  2.398031e-01  1.147996e-01  7.225308e-02  1.565568e-03
-4.264757e-02  2.127121e-01 -4.684312e-01  1.766142e+02  5.000000e-01  1.118427e+00  1.355042e+00  5.591711e-01  1.565296e-01
-3.807838e-04  2.080697e-03  4.196216e-05  1.932210e+02  1.000000e+00  1.617667e+02  4.410172e+01  8.364236e+00  1.575485e+02
3 -1.412394e-01  4.606073e-01  1.347182e+00  6.456012e-01  2.652382e-01  7.736540e+00 6 1 -1.000000e+00
-6.810465e-02  1.144669e+00  1.856649e+00  0.000000e+00  0.000000e+00  2.260197e-01  2.331565e-01  7.796549e-02  4.958486e-02
 9.431110e-02 -1.926866e-01 -4.924542e-01  2.638347e+01  5.000000e-01  2.085427e+00  1.055525e+00  1.447295e+00  1.703068e+00
 3.633441e-02 -7.883273e-02  1.094790e-01  2.648377e+01  1.000000e+00  5.174850e+00  1.680972e+00  2.338704e+00  4.679995e+00
3  2.500736e+00 -4.246976e-01  6.505348e+00  2.996187e+00  3.778316e-02  7.960490e+00 6 2 -1.000000e+00
 5.674601e+00 -2.015433e+00  3.865542e+00  0.000000e+00  0.000000e+00  3.802512e-01 -3.249717e-01  1.406627e-01  9.722300e-04
-4.679526e-01  1.266662e-01 -1.460524e-01  1.172650e+03  5.000000e-01  2.290872e+00 -2.719591e+00  1.056897e+00  7.269541e-01
-6.338883e-02  2.535154e-02  3.234118e-03  1.180782e+03  1.000000e+00  2.027960e+01 -4.621169e+00  6.414396e+00  1.766956e+01
3  1.884715e-01 -5.704443e-01  1.955753e+00  8.454622e-01  2.928888e-01  9.906440e+00 6 1 -1.000000e+00
-3.015226e-02 -1.664806e+00  1.612472e+00  0.000000e+00  0.000000e+00  2.018781e-01  4.564402e-02  1.214480e-01  7.915888e-03
-1.379339e-01  2.879749e-01 -4.722752e-01  1.273837e+02  5.000000e-01  9.886330e-01  6.180820e-01  1.317389e+00  3.850587e-01
-4.466627e-03  2.128851e-02  3.547479e-03  1.331777e+02  1.000000e+00  1.838739e+01  4.451450e+00  7.845717e-01  1.705442e+01
3 -4.089974e-01 -5.945256e-01  2.192226e+00  1.031750e+00  3.543050e-01  6.526910e+00 6 1  2.801039e-01
 6.629063e-01 -1.641099e+00  1.875534e+00  0.000000e+00  0.000000e+00  2.281514e-01  1.656858e-01  1.873954e-01  1.688571e-03
-1.799004e-01  3.826436e-01 -6.645111e-01  2.237291e+02  5.000000e-01  9.692121e-01  7.640070e-01  9.602641e-01  9.223043e-02
-2.593894e-03  6.133269e-03  2.266235e-04  2.434137e+02  1.000000e+00  6.777288e+01  5.641605e+00  3.766387e+00  6.324632e+01
1 -5.208082e+00  5.309193e+00  0.000000e+00  4.585722e+00  0.000000e+00  6.502270e+00 0 2 -1.000000e+00
-8.224423e+00  7.961611e+00  5.388608e+00  0.000000e+00  0.000000e+00  4.163315e-01  4.594969e-02  3.911276e-01  1.351226e-04
1  8.308682e-03 -3.465627e-01  0.000000e+00  2.183175e-01  0.000000e+00  7.179760e+00 0 2  2.813591e-01
 2.903804e-01 -2.561496e-01  3.977576e+00  0.000000e+00  0.000000e+00  3.670757e-01 -1.368026e-01  3.612046e-01  7.209258e-03
3  1.805304e-02 -2.872255e-01  7.596425e-01  3.101537e-01  1.059567e-01  9.779610e+00 6 1 -1.000000e+00
 9.736447e-02 -6.058698e-01  1.993883e+00  0.000000e+00  0.000000e+00  2.629813e-01  2.041128e-01  7.984563e-04  5.025298e-03
-5.106821e-05  7.684007e-04  9.746290e-06  1.095810e+02  1.000000e+00  3.298339e+02  7.357831e+01  1.071488e+01  3.285433e+02
-7.395486e-03  1.465144e-01 -2.112653e-01  9.001970e+01  5.000000e-01  7.466691e-01  2.183660e+00  1.708495e-01  2.770740e-01
3  7.903939e-01 -2.414977e-01  2.103801e+00  6.866422e-01  1.589366e-01  7.974180e+00 6 1 -1.000000e+00
 1.846348e+00 -4.081057e-01  1.731588e+00  0.000000e+00  0.000000e+00  2.346498e-01 -7.112820e-02  5.654331e-02  4.914313e-03
-2.009708e-01  7.611055e-02 -2.752127e-01  1.475287e+02  5.000000e-01  1.629023e+00 -1.497505e+00  1.336676e+00  9.982152e-01
-4.409425e-02  1.592939e-02  1.638983e-02  1.485875e+02  1.000000e+00  9.507725e+00 -2.419677e+00  2.347998e+00  8.583068e+00
1 -3.371028e+00  2.487914e+00  0.000000e+00  5.976943e+00  0.000000e+00  1.097130e+01 0 2  2.748674e-01
 8.145771e+00  3.042299e+00  5.533743e+00  0.000000e+00  0.000000e+00  4.472115e-01 -3.062732e-01 -1.762452e-01  1.595851e-04
3 -1.570942e+00  1.113520e+00  1.179493e+00  5.688167e-01  2.996779e-01  9.997200e+00 6 1  2.943337e-01
 1.730525e-01 -1.973552e-01 -5.317091e-01  6.166390e+01  5.000000e-01  8.673175e-01  1.978882e-01  1.363515e+00  3.370124e-01
-4.174536e-01  8.236771e-01  1.774268e+00  0.000000e+00  0.000000e+00  2.262136e-01  8.429740e-02  1.674119e-01  1.067011e-02
 4.671729e-03 -5.443144e-03  6.687390e-04  6.899299e+01  1.000000e+00  4.165776e+01 -1.422801e+00  1.247709e+01  3.997877e+01
3 -4.100530e-01  1.947680e-01  1.560733e+00  8.271366e-01  1.753693e-01  6.499200e+00 6 1 -1.000000e+00
 3.059991e-01 -1.334020e-01 -5.004339e-01  2.190488e+02  5.000000e-01  8.282361e-01 -8.371337e-01  1.151944e+00  1.204968e-01
-1.179924e+00  3.440084e-01  2.853600e+00  0.000000e+00  0.000000e+00  3.461782e-01 -1.659385e-01  2.225149e-01  3.560770e-03
 1.154397e-03 -2.893711e-04  7.954278e-06  2.708366e+02  1.000000e+00  3.777623e+02 -1.269138e+02  1.114372e+01  3.752640e+02
5  1.718106e-02  7.048473e-02  9.697469e-01  4.004530e-01  1.000000e+00  4.604400e+00 6 3 -1.000000e+00
-1.851450e-01 -2.624363e-01 -1.063072e+00  4.059696e+01  5.000000e-01  5.702247e-01  2.799086e-01 -1.023244e+00  8.974052e-02
 3.795551e-01  1.570676e-01 -3.638424e+00  2.019020e+01  5.000000e-01  4.851027e-01 -4.366018e-01 -5.910520e-01  3.209681e-02
-2.818080e-01  4.796243e-01  2.620463e+00  0.000000e+00  0.000000e+00  3.393896e-01  1.805703e-01  1.489583e-01  1.221950e-02
 4.335929e-01 -1.750594e-01  4.447909e+00  1.798014e+01  0.000000e+00  4.031254e-01 -3.291455e-01  1.519795e-01  1.612976e-02
-6.251199e-05 -2.210963e-04  1.000031e-05  9.470817e+01  1.000000e+00  3.259595e+02  5.854603e+01 -4.662718e+01  3.239510e+02
3  1.344533e+00 -2.277583e+00  1.530511e+00  6.234902e-01  2.120536e-01  3.490110e+00 6 1  2.950984e-01
-3.294543e-01 -1.181608e-01 -4.392307e-01  7.493042e+01  5.000000e-01  7.365814e-01 -1.286756e+00 -8.308771e-01  2.745326e-01
 9.731712e-01  6.853514e-01  2.071320e+00  0.000000e+00  0.000000e+00  2.676180e-01 -1.576511e-01 -1.695450e-01  1.240010e-02
-5.575642e-03 -2.872376e-03  3.257880e-04  8.744179e+01  1.000000e+00  5.733368e+01 -2.421351e+00 -9.906561e+00  5.616294e+01
3  4.398211e-01 -3.246139e-01  1.440294e+00  6.643451e-01  1.119267e-01  1.439990e+01 6 1 -1.000000e+00
 9.686062e-01 -5.679528e-01  1.895745e+00  0.000000e+00  0.000000e+00  2.215305e-01 -9.725832e-02  2.627901e-01  2.555843e-02
-5.309808e-03  3.831879e-03  1.656844e-04  8.181834e+01  1.000000e+00  8.579694e+01 -1.116631e+01  3.209773e+01  8.501807e+01
-2.535274e-01  1.941724e-01 -2.121846e-01  7.069523e+01  5.000000e-01  9.923830e-01 -4.871923e-01  2.115557e+00  6.571823e-01
1  5.788523e-01  1.191809e+00  0.000000e+00  1.685568e+00  0.000000e+00  4.355710e+00 0 2 -1.000000e+00
 9.165129e-01  3.790864e+00  3.019093e+00  0.000000e+00  0.000000e+00  4.096309e-01  7.511935e-02 -1.080160e-01  9.765706e-04
3 -4.078795e-01  2.607617e-02  8.395483e-01  5.271847e-01  2.930831e-02  9.423660e+00 6 2 -1.000000e+00
-6.968177e-01 -1.980648e-01  3.112153e+00  0.000000e+00  0.000000e+00  2.980984e-01 -4.055816e-01 -8.275496e-02  1.804631e-02
 1.357226e-02 -1.507049e-03  1.667912e-03  6.421151e+01  1.000000e+00  3.110749e+01 -1.696896e+01  4.354716e+00  2.993941e+01
 1.222975e-01 -1.396803e-02 -9.121195e-02  6.244569e+01  5.000000e-01  2.546542e+00 -3.564966e+00  8.039196e-01  1.875203e+00
1 -7.027148e-03  2.143826e-02  0.000000e+00  1.409318e-02  0.000000e+00  1.124880e+01 0 2 -1.000000e+00
-1.591993e-02  4.185287e-02  4.243743e+00  0.000000e+00  0.000000e+00  4.587232e-01  1.975319e-01  1.353541e-01  2.464217e-02
3  2.175144e-01  5.648945e-02  1.033358e+00  6.178188e-01  2.337154e-01  5.213120e+00 6 1 -1.000000e+00
 7.131805e-01 -3.128846e-01  2.101533e+00  0.000000e+00  0.000000e+00  2.475968e-01 -2.617052e-01  1.475735e-01  6.460854e-02
-3.054017e-01 -1.387622e-01 -4.911607e-01  1.822534e+01  5.000000e-01  1.053625e+00 -8.816642e-01 -1.123182e+00  7.735272e-01
-1.438170e-02 -4.989879e-03  5.035975e-03  2.147517e+01  1.000000e+00  1.666041e+01 -4.873877e+00 -4.787742e+00  1.608445e+01
3 -1.656303e+00  2.858816e+00  1.764549e+00  9.566495e-01  4.283392e-02  9.373720e+00 6 2  2.977935e-01
-1.560164e+00  3.935015e-01  3.407504e+00  0.000000e+00  0.000000e+00  3.099673e-01 -3.640022e-01  2.240035e-01  1.299499e-03
 2.572700e-02 -6.192383e-04  5.874808e-03  1.463219e+02  1.000000e+00  1.490918e+01 -4.785153e+00 -5.909264e-01  1.157912e+01
 1.587969e-01 -5.006904e-03 -1.459567e-01  1.453136e+02  5.000000e-01  2.422359e+00 -2.964786e+00  2.906816e-01  6.007678e-01
1 -5.133777e+00 -5.509256e+00  0.000000e+00  5.774935e+00  0.000000e+00  3.065410e+00 0 2  2.741790e-01
-8.858348e+00 -3.471497e+00  3.339809e+00  0.000000e+00  0.000000e+00  3.334867e-01 -3.098472e-01 -2.209445e-01  2.673264e-05
3  2.620534e-01  9.266035e-02  1.253737e+00  7.168378e-01  1.122505e-01  1.132190e+01 6 3 -1.000000e+00
-3.530153e-01 -1.089889e-01 -8.953145e-01  6.689725e+01  5.000000e-01  9.206434e-01 -8.606459e-01 -6.184756e-01  2.977328e-01
 8.187627e-01  3.368728e-01  7.976038e+00  0.000000e+00  0.000000e+00  4.176766e-01 -3.224736e-01 -3.312638e-01  3.633667e-02
-1.291222e-02 -4.044858e-03  3.749205e-03  7.802136e+01  1.000000e+00  1.819066e+01 -4.628995e+00 -2.714405e+00  1.657838e+01
3  1.266648e-01 -2.764567e-02  3.714884e-01  1.640119e-01  1.984736e-01  9.418240e+00 6 1 -1.000000e+00
 2.929083e-01 -1.169885e-01  1.912449e+00  0.000000e+00  0.000000e+00  2.583902e-01 -1.310106e-01  9.965774e-02  1.049615e-02
-6.094757e-02 -3.897200e-03 -3.795707e-01  7.770744e+00  5.000000e-01  1.416818e+00 -1.674963e+00 -5.282759e-02  8.746947e-01
-8.694318e-03 -4.927219e-04  1.161823e-02  7.948615e+00  1.000000e+00  1.162410e+01 -4.801933e+00 -1.934258e+00  1.074759e+01
3 -1.272343e-01  1.246462e-01  1.127274e+00  3.485350e-01  2.962430e-01  8.502700e+00 6 3 -1.000000e+00
 2.883579e-01 -2.925714e-01 -1.064495e+00  3.582224e+01  5.000000e-01  4.573055e-01 -3.293472e-01  1.060877e+00  1.424206e-01
-2.671731e-01  6.883117e-01  3.593315e+00  0.000000e+00  0.000000e+00  3.522932e-01  1.859787e-01  3.265601e-01  8.039723e-02
 4.908660e-04 -8.317741e-04  1.752595e-05  7.012972e+01  1.000000e+00  2.851420e+02  1.032419e+02  1.141032e+02  2.841158e+02
3 -4.837985e-01  1.005313e-01  1.185807e+00  3.700452e-01  1.635337e-01  3.541610e+00 6 1 -1.000000e+00
-9.859000e-01  1.464533e-01  1.333231e+00  0.000000e+00  0.000000e+00  1.327070e-01 -3.718141e-02  2.751367e-02  5.005004e-03
 1.829610e-01 -5.330206e-02 -2.180281e-01  1.823254e+02  5.000000e-01  7.099764e-01 -1.840572e+00  1.132684e+00  4.420209e-01
 4.436334e-03 -1.265196e-03  1.999073e-04  1.989558e+02  1.000000e+00  7.259725e+01 -6.534913e+00  9.007905e+00  7.200440e+01
3  2.180765e-01  8.472749e-02  8.044725e-01  3.360751e-01  2.470994e-01  1.283560e+01 6 1 -1.000000e+00
-1.868271e-01 -2.631887e-02 -5.180137e-01  4.724650e+01  5.000000e-01  7.038943e-01 -1.360724e+00 -4.081172e-01  2.551501e-01
 4.855582e-01  4.153531e-01  2.096378e+00  0.000000e+00  0.000000e+00  2.805042e-01 -1.484830e-01 -1.364320e-01  8.043327e-03
-3.525860e-03 -7.524463e-04  5.378739e-04  5.495328e+01  1.000000e+00  4.478003e+01 -6.656877e+00  3.633859e+00  4.372171e+01
4  1.205183e-01  4.537492e-02  2.556150e+00  1.064318e+00  1.000000e+00  9.417970e+00 6 3 -1.000000e+00
 1.437283e-01 -8.651785e-01 -1.766168e+00  6.169865e+01  5.000000e-01  4.780319e-01  8.327013e-01  3.811256e-01  3.190232e-02
-9.842299e-01 -5.516228e-01  3.302479e+00  4.719704e+01  0.000000e+00  3.776060e-01 -1.108515e-01 -2.688557e-01  1.491539e-02
-6.235498e-01  6.006827e-01 -1.509137e+00  6.597858e+01  5.000000e-01  5.215785e-01  1.132379e-01  9.373872e-01  4.292741e-02
 1.292739e+00  6.099770e-01  2.307939e+00  0.000000e+00  0.000000e+00  3.250853e-01 -7.849338e-02 -1.267342e-01  7.751555e-03
1  1.617744e+00  9.625033e-01  0.000000e+00  1.405706e+00  0.000000e+00  1.065080e+01 0 2 -1.000000e+00
 3.211443e+00  1.341026e+00  3.008168e+00  0.000000e+00  0.000000e+00  3.819155e-01 -1.015957e-01 -1.981881e-01  9.784060e-04
1  2.139797e-01  1.054950e-01  0.000000e+00  8.355626e-02  0.000000e+00  6.247650e+00 0 2  2.871571e-01
 1.032672e-01 -1.839025e-01  3.089363e+00  0.000000e+00  0.000000e+00  3.672853e-01  1.942631e-01  1.972269e-01  2.142191e-03
3  2.322971e-01 -1.884230e-01  5.255244e-01  2.620421e-01  7.896275e-01  9.298010e+00 6 3  2.745970e-01
 1.023744e-01 -5.200694e-02 -4.298454e+00  1.499640e+01  5.000000e-01  1.147101e+00 -2.685970e-01  4.267739e-01  2.690140e-01
-3.726083e-01  1.728649e-01  3.394178e+00  0.000000e+00  0.000000e+00  4.257210e-01 -8.625852e-02  1.665344e-01  2.097164e-02
 3.460080e-02 -1.688100e-02  6.716000e-01  1.513091e+01  1.000000e+00  2.426350e+00 -4.714268e-01  5.685505e-01  1.087617e+00
1 -2.606645e-02  2.324184e-01  0.000000e+00  4.995350e-02  0.000000e+00  8.082160e+00 0 2  2.737854e-01
-1.467883e-02  9.396767e-02  4.027669e+00  0.000000e+00  0.000000e+00  4.202539e-01  2.780913e-01  1.024119e-01  2.571510e-03
1  1.108457e+00  3.560748e+00  0.000000e+00  3.747198e+00  0.000000e+00  1.543160e+01 0 2 -1.000000e+00
 4.033720e+00  5.566677e+00  7.644185e+00  0.000000e+00  0.000000e+00  4.253069e-01  3.215576e-01 -3.099266e-01  1.428862e-03
3 -3.659873e+00  1.164168e+00  2.816628e+00  1.436892e+00  5.773895e-02  1.081840e+01 6 2  2.826363e-01
-2.455974e+00 -1.145462e-01  4.226278e+00  0.000000e+00  0.000000e+00  4.067132e-01 -3.025880e-01  1.543210e-01  1.086836e-03
 3.604235e-01 -1.505217e-01 -2.440209e-01  2.744757e+02  5.000000e-01  1.399227e+00 -1.403565e+00  1.512414e+00  1.758954e-01
 4.376828e-03 -1.702017e-03  5.287324e-05  2.951300e+02  1.000000e+00  1.397859e+02 -1.377110e+01  1.259897e+01  1.360378e+02
3 -3.706304e-01 -3.033692e-01  9.412421e-01  4.568612e-01  2.385436e-02  6.835720e+00 6 2 -1.000000e+00
-6.218533e-01 -5.229647e-01  3.989447e+00  0.000000e+00  0.000000e+00  3.006359e-01 -1.245008e-01 -4.721740e-01  1.113892e-02
 6.977813e-03  6.337312e-03  7.069489e-04  1.389702e+02  1.000000e+00  4.325723e+01 -8.182690e-01 -1.924773e+01  4.153396e+01
 9.610207e-02  8.570342e-02 -9.516570e-02  1.343737e+02  5.000000e-01  2.052942e+00 -4.830651e-01 -3.373918e+00  1.210664e+00
3  3.621365e-01  7.738701e-02  7.019267e-01  4.331951e-01  2.050643e-01  7.178820e+00 6 1  2.725956e-01
 5.741628e-02 -6.187418e-01  2.649365e+00  0.000000e+00  0.000000e+00  3.265127e-01  2.331368e-01  1.475920e-01  2.629295e-03
-5.961053e-02  7.336062e-02 -5.432901e-01  6.138947e+01  5.000000e-01  1.872478e+00  4.989705e-01  1.533911e+00  5.656410e-01
-1.642714e-02  1.836041e-02  4.734159e-02  6.175582e+01  1.000000e+00  6.842850e+00  1.453820e-01  3.604814e+00  4.675189e+00
3  2.530296e-01  8.729323e-02  1.107679e+00  4.701226e-01  5.840388e-01  3.123280e+00 6 1 -1.000000e+00
-3.130209e-01 -1.165255e-01 -1.225182e+00  1.936190e+01  5.000000e-01  6.001820e-01 -7.913738e-01 -5.914281e-01  2.940515e-01
 7.177261e-01  2.890777e-01  2.097775e+00  0.000000e+00  0.000000e+00  2.301672e-01 -2.701888e-01 -2.072316e-01  3.960495e-02
-8.963711e-03 -3.806969e-03  2.649452e-03  2.343882e+01  1.000000e+00  2.070537e+01 -1.382841e+00 -2.992117e+00  1.986369e+01
5  3.558443e-01 -1.915447e-01  1.687022e+01  7.352414e+00  1.000000e+00  1.206610e+01 6 3 -1.000000e+00
-4.483599e+00 -6.169577e+00 -1.021505e+01  5.757752e+02  5.000000e-01  6.735519e-01  1.431505e-01 -4.289185e-01  2.560252e-03
 8.437629e+00 -2.995811e+00  6.851176e+00  0.000000e+00  0.000000e+00  4.930847e-01 -2.624120e-01  2.052869e-01  7.828933e-04
-1.887922e-01  7.444039e+00 -8.073936e+00  6.643009e+02  5.000000e-01  7.012698e-01  4.615219e-01  9.625977e-03  3.698979e-03
-7.866543e+00  1.337566e+00  1.366751e+01  4.719132e+02  0.000000e+00  5.547748e-01 -3.365728e-01  1.085264e-01  1.055033e-03
-4.809297e-03  3.437020e-03  3.531766e-04  1.722171e+03  1.000000e+00  5.463430e+01  5.376794e+00  4.035236e+00  4.730967e+01
3  2.145700e-02 -6.695245e-01  2.219721e+00  8.183898e-01  1.124102e-01  6.161390e+00 6 1 -1.000000e+00
-2.033245e-02 -1.810235e+00  2.615600e+00  0.000000e+00  0.000000e+00  3.734068e-01  1.009655e-01 -1.017652e-02  3.746482e-03
-2.422677e-02  4.094821e-01 -2.940201e-01  3.743492e+02  5.000000e-01  9.313223e-01  1.828452e+00  2.502130e-01  2.347377e-01
-9.157800e-05  2.836407e-03  2.637208e-05  4.434372e+02  1.000000e+00  2.003212e+02  4.245173e+01  2.812021e+00  1.985178e+02
3 -2.248215e-02 -1.741208e-01  6.198292e-01  2.854721e-01  2.740420e-01  6.923610e+00 6 1 -1.000000e+00
-4.600387e-03 -4.448813e-01  2.087591e+00  0.000000e+00  0.000000e+00  2.309813e-01  3.296667e-01 -6.073433e-02  2.843277e-02
 2.849192e-02  1.740639e-01 -5.720876e-01  1.321948e+01  5.000000e-01  6.164680e-01  1.279952e+00 -5.067587e-01  3.037578e-01
 2.497871e-04  2.324683e-03  2.642015e-04  1.687620e+01  1.000000e+00  6.418471e+01  1.424532e+01 -2.094810e+00  6.332309e+01
5 -1.569850e+00  4.444405e-03  1.715205e+00  8.259000e-01  1.000000e+00  5.348610e+00 6 3  2.887706e-01
 3.105373e-01 -8.842027e-01  3.209349e+00  0.000000e+00  0.000000e+00  3.697638e-01  2.717997e-01  1.083186e-01  1.172890e-02
 4.586801e-01  3.518655e-01 -2.165182e+00  2.863172e+01  5.000000e-01  7.513376e-01 -1.237841e-01 -7.129975e-01  6.512095e-02
-6.270988e-01  5.520306e-01  4.872095e+00  1.435350e+01  0.000000e+00  4.600208e-01 -3.258158e-02  2.920025e-01  3.129848e-02
-7.488774e-01 -8.198233e-02 -4.198040e+00  1.718338e+01  5.000000e-01  6.527952e-01 -5.467193e-01 -2.446538e-01  8.855484e-02
 2.306111e-03  4.122688e-03  5.099315e-03  4.432904e+01  1.000000e+00  1.528094e+01 -2.388322e+00 -1.461612e+00  1.104203e+01
1  5.526035e-02 -6.241816e-02  0.000000e+00  1.591943e-01  0.000000e+00  7.725780e+00 0 2 -1.000000e+00
 3.369199e-02 -2.594352e-01  3.009889e+00  0.000000e+00  0.000000e+00  3.861652e-01  1.176456e-01  1.752558e-01  6.298380e-02
5 -3.333121e-02 -2.320705e-03  1.027487e+00  3.806992e-01  1.000000e+00  5.552790e+00 6 3 -1.000000e+00
 1.037997e-01 -4.247416e-01 -2.312412e+00  1.133640e+01  5.000000e-01  4.043246e-01  7.896403e-01  4.046558e-01  8.795522e-02
-5.424835e-01 -1.221481e-02  2.720809e+00  0.000000e+00  0.000000e+00  2.746789e-01 -3.976606e-01 -2.046862e-02  1.650183e-02
 4.849684e-01 -3.716181e-03  3.973934e+00  7.545852e+00  0.000000e+00  2.968992e-01 -4.924969e-01  1.255877e-02  2.252313e-02
 9.819267e-02  4.248678e-01 -2.080986e+00  1.176996e+01  5.000000e-01  4.128702e-01  8.278788e-01 -3.740044e-01  1.079580e-01
 6.167960e-05  1.037674e-05  6.304415e-06  5.678295e+01  1.000000e+00  4.038836e+02  5.460668e+01 -2.672666e+01  4.022688e+02
3  2.744409e-01 -3.150363e-01  1.024846e+00  3.525090e-01  1.376940e-01  5.954870e+00 6 1 -1.000000e+00
 5.014040e-01 -7.143966e-01  1.622525e+00  0.000000e+00  0.000000e+00  2.063211e-01 -3.418645e-02  1.115087e-01  5.662512e-03
-3.872546e-03  5.888824e-03  7.514500e-04  1.049578e+02  1.000000e+00  3.838884e+01  6.253203e+00  5.297406e+00  3.758514e+01
-9.357494e-02  1.200553e-01 -2.234120e-01  9.934691e+01  5.000000e-01  9.416005e-01  2.799713e-01  2.097871e+00  5.287022e-01
2  3.107691e-01 -3.914006e-01  1.945262e+00  8.164619e-01  2.419508e-01  1.245070e+01 6 1 -1.000000e+00
 1.190876e+00 -9.286153e-01  2.361376e+00  0.000000e+00  0.000000e+00  3.292361e-01  2.619976e-02  1.604862e-01  1.004894e-03
-2.344629e-01  3.951868e-01 -5.713367e-01  3.521410e+02  5.000000e-01  6.745078e-01  7.465009e-01  1.139720e+00  3.482531e-02
3  3.164679e-01  1.275501e-01  1.818961e+00  1.043253e+00  1.986360e-01  9.372270e+00 6 3 -1.000000e+00
-5.351491e-01 -2.391732e-01 -9.150635e-01  3.256168e+01  5.000000e-01  9.310425e-01 -6.514588e-01 -8.204736e-01  5.129161e-01
 1.229051e+00  2.037924e-01  4.606735e+00  0.000000e+00  0.000000e+00  3.938627e-01 -3.588855e-01 -1.467315e-01  9.311188e-02
-2.120106e-02 -8.361311e-03  4.735536e-03  3.939067e+01  1.000000e+00  1.723312e+01 -5.316539e+00 -4.907075e+00  1.629798e+01
1  1.644488e+01 -1.479045e+00  0.000000e+00  7.576804e+00  0.000000e+00  5.500880e+00 0 2 -1.000000e+00
 2.328959e+01 -3.793451e+00  3.825250e+00  0.000000e+00  0.000000e+00  4.163855e-01 -2.770339e-01  4.936879e-02  2.992797e-04
3  4.428959e-03  3.541731e-01  8.942233e-01  5.381444e-01  1.204080e-01  1.131530e+01 6 1 -1.000000e+00
 3.148874e-02 -1.935073e-01 -3.469488e-01  4.306735e+01  5.000000e-01  1.026921e+00  1.669210e+00  3.110165e-01  5.871266e-01
 1.615554e-01  6.912062e-01  2.881443e+00  0.000000e+00  0.000000e+00  2.447400e-01  4.585337e-01 -1.145255e-01  1.955111e-02
 2.894751e-03 -1.416070e-02  3.990484e-03  4.585732e+01  1.000000e+00  1.776745e+01  3.734661e+00  4.074749e+00  1.685570e+01
3 -2.841847e-01 -5.763102e-01  1.560492e+00  6.690348e-01  1.030956e-01  1.363240e+01 6 1 -1.000000e+00
-7.182130e-01 -1.188536e+00  1.555496e+00  0.000000e+00  0.000000e+00  1.957456e-01  6.260862e-02 -4.860505e-03  3.359664e-03
 6.789927e-03  1.077621e-02  1.143992e-03  2.184480e+02  1.000000e+00  3.183854e+01  1.929329e+00 -8.553456e+00  3.078028e+01
 8.322474e-02  1.504319e-01 -1.603649e-01  2.126802e+02  5.000000e-01  1.325859e+00  1.524469e+00 -2.004484e+00  7.663597e-01
1 -2.513166e+00  1.897487e+00  0.000000e+00  2.601806e+00  0.000000e+00  9.410790e+00 0 2  2.810340e-01
 1.348381e+00 -3.860749e+00  5.970689e+00  0.000000e+00  0.000000e+00  4.248513e-01  3.762469e-01  1.474767e-01  4.558039e-04
3 -1.634838e-01  1.786707e-01  1.023443e+00  4.934607e-01  1.307598e-01  9.999800e+00 6 3 -1.000000e+00
-6.980152e-01  2.482932e-01  3.463738e+00  0.000000e+00  0.000000e+00  3.458209e-01 -2.522512e-01  2.749803e-01  3.395530e-02
 1.939506e-01 -2.535354e-01 -4.529177e-01  7.388101e+01  5.000000e-01  9.309049e-01  4.221319e-01  1.426354e+00  4.047239e-01
 3.126535e-03 -3.674623e-03  4.325229e-04  9.611844e+01  1.000000e+00  5.264554e+01  4.172051e+00  1.838042e+01  5.144849e+01
1  2.990495e-01  3.074414e-01  0.000000e+00  1.354111e-01  0.000000e+00  7.283070e+00 0 2  2.852048e-01
 1.175713e-01 -1.630449e-01  3.434693e+00  0.000000e+00  0.000000e+00  4.002428e-01  4.131234e-02  2.585637e-01  1.514228e-03
3 -1.014847e-03 -7.802687e-02  7.526766e-01  4.467363e-01  2.293856e-02  1.196650e+01 6 2  2.715197e-01
 6.307162e-02  6.672956e-01  3.820596e+00  0.000000e+00  0.000000e+00  2.983593e-01  4.746697e-01 -7.245077e-02  5.238654e-03
-5.072555e-03 -8.228992e-02 -8.763897e-02  9.441428e+01  5.000000e-01  2.030068e+00  3.491234e+00 -5.317670e-01  1.116932e+00
-3.683300e-04 -8.797604e-03  1.484585e-03  9.616251e+01  1.000000e+00  2.849950e+01  9.086480e+00 -2.629517e-01  2.684993e+01
1  1.542608e-01  2.053904e+00  0.000000e+00  1.303735e+00  0.000000e+00  9.411600e+00 0 2 -1.000000e+00
-8.935738e-01  2.920948e+00  3.050199e+00  0.000000e+00  0.000000e+00  3.056936e-01  3.926665e-01 -5.190350e-03  1.092195e-02
3 -4.294052e-01 -8.633095e-02  1.120299e+00  5.038182e-01  1.777749e-01  5.356890e+00 6 1 -1.000000e+00
-7.998831e-01 -2.728137e-01  1.534030e+00  0.000000e+00  0.000000e+00  1.257902e-01 -3.031688e-01 -1.430171e-01  2.307538e-02
 2.749610e-01  4.306719e-02 -2.727120e-01  3.687008e+01  5.000000e-01  5.864088e-01 -1.884832e+00 -5.341691e-01  4.206471e-01
 3.973117e-03  7.983988e-04  1.383876e-04  4.491766e+01  1.000000e+00  8.789229e+01 -1.661945e+01 -6.927040e+00  8.747326e+01
3  1.330564e-01  3.941045e-01  1.825372e+00  8.140247e-01  3.235965e-01  4.934520e+00 6 1 -1.000000e+00
-1.349470e-01 -4.856175e-01 -7.595828e-01  9.660386e+01  5.000000e-01  7.297883e-01  1.120436e+00 -3.662652e-01  2.401240e-01
 7.922771e-01  1.086717e+00  2.347315e+00  0.000000e+00  0.000000e+00  3.110463e-01  1.431711e-01 -1.677511e-01  2.799119e-02
-3.563866e-03 -6.784385e-03  4.263664e-04  1.206814e+02  1.000000e+00  5.266050e+01  5.562829e+00 -1.710152e+01  5.130370e+01
3 -1.809368e-01 -2.383880e-01  6.727858e-01  3.230204e-01  1.130344e-01  4.456210e+00 6 1 -1.000000e+00
-3.466370e-01 -4.493529e-01  1.514538e+00  0.000000e+00  0.000000e+00  1.787685e-01  5.168960e-02 -1.071547e-01  6.684941e-03
 2.834606e-03  2.617092e-03  3.687064e-04  1.753070e+02  1.000000e+00  5.499930e+01 -7.708316e+00 -1.201340e+01  5.446102e+01
 7.257767e-02  7.685989e-02 -1.711949e-01  1.633766e+02  5.000000e-01  8.959409e-01  4.105152e-01 -2.384031e+00  6.007954e-01
3 -9.432637e-01  7.515606e-02  2.105585e+00  1.156453e+00  2.887458e-02  8.250990e+00 6 2 -1.000000e+00
-1.764876e+00  3.163129e-01  4.654975e+00  0.000000e+00  0.000000e+00  3.706352e-01 -4.161869e-01  8.980345e-02  1.617530e-02
 2.787466e-02 -3.577983e-03  1.694739e-03  1.627432e+02  1.000000e+00  2.830088e+01 -1.189627e+01  3.708828e+00  2.706553e+01
 3.113669e-01 -3.397316e-02 -1.344105e-01  1.574112e+02  5.000000e-01  1.867787e+00 -2.817322e+00  5.056152e-01  1.151066e+00
3  4.097175e-01  1.467997e+00  2.255301e+00  9.216843e-01  3.867548e-01  3.904110e+00 6 1  2.831208e-01
-1.172066e+00  1.530271e+00  1.892756e+00  0.000000e+00  0.000000e+00  2.521329e-01 -1.280530e-01  1.207377e-01  1.597178e-03
 2.424769e-01 -2.262742e-01 -7.320326e-01  1.402296e+02  5.000000e-01  1.145842e+00 -1.387994e-01  1.169643e+00  1.878749e-01
 1.058412e-02 -9.690343e-03  1.308531e-03  1.453641e+02  1.000000e+00  2.968272e+01 -2.251246e-01  7.644071e+00  2.670465e+01
3 -4.271224e-01 -1.009011e+00  2.026857e+00  7.993458e-01  1.924113e-02  6.414930e+00 6 2 -1.000000e+00
-7.554622e-01 -1.673091e+00  4.246202e+00  0.000000e+00  0.000000e+00  3.620999e-01  2.691097e-01 -3.146298e-01  9.144649e-03
 8.797516e-03  5.273755e-02  7.441990e-03  3.414658e+02  1.000000e+00  1.619701e+01  9.484931e+00 -2.571480e+00  1.518610e+01
 4.176720e-02  1.903935e-01 -8.170174e-02  3.397454e+02  5.000000e-01  3.333151e+00  3.481295e+00 -2.358775e+00  2.566752e+00
3  2.528000e-02  7.581976e-01  2.163011e+00  1.098853e+00  1.270469e-01  8.392700e+00 6 1 -1.000000e+00
 1.112008e-01  1.795572e+00  2.399506e+00  0.000000e+00  0.000000e+00  2.977283e-01  2.763425e-01 -8.240799e-03  2.408306e-03
-1.342540e-02 -3.638454e-01 -3.048498e-01  2.639696e+02  5.000000e-01  1.057249e+00  1.807197e+00 -1.327386e-01  2.109269e-01
-1.042775e-04 -3.685330e-03  4.075753e-05  2.933184e+02  1.000000e+00  1.609419e+02  3.231891e+01 -1.244514e+00  1.582070e+02
5 -2.890988e-02 -1.327855e-02  1.001201e+00  4.049665e-01  1.000000e+00  5.552740e+00 6 3 -1.000000e+00
 1.601238e-01 -4.039220e-01 -3.767972e+00  8.556481e+00  5.000000e-01  6.661441e-01  5.171886e-01  3.307120e-01  9.602618e-02
-5.272267e-01 -4.555750e-02  3.639931e+00  0.000000e+00  0.000000e+00  3.730362e-01 -3.094346e-01 -1.503441e-01  2.994224e-02
 4.739471e-01 -3.813032e-02  5.372688e+00  5.968351e+00  0.000000e+00  4.333848e-01 -3.664096e-01 -2.588960e-02  4.659811e-02
 3.221026e-02  3.945930e-01 -3.254709e+00  1.006212e+01  5.000000e-01  6.436091e-01  6.329659e-01 -1.833459e-01  7.156448e-02
 7.583922e-04  2.403070e-04  1.143620e-03  2.412832e+01  1.000000e+00  3.084475e+01 -1.046346e+00  3.898516e+00  2.754655e+01
3 -3.098103e-01 -8.079304e-01  1.555540e+00  6.986059e-01  2.088113e-02  1.205130e+01 6 2 -1.000000e+00
-3.645987e-01 -1.312760e+00  3.412211e+00  0.000000e+00  0.000000e+00  3.028222e-01  3.528872e-01 -2.616530e-01  1.703241e-02
 8.744965e-03  2.259785e-02  1.643205e-03  1.483738e+02  1.000000e+00  2.954031e+01  1.056929e+01 -9.709404e+00  2.852560e+01
 7.099559e-02  1.805453e-01 -7.125082e-02  1.453360e+02  5.000000e-01  2.556320e+00  2.951787e+00 -2.782807e+00  1.921633e+00
2 -2.483022e-01  4.184999e-01  1.594042e+00  8.625185e-01  6.996612e-01  1.096720e+01 6 1  2.732479e-01
-5.558063e-01  3.597230e-01 -1.993101e+00  7.953181e+01  5.000000e-01  6.732252e-01 -1.606496e-01  7.633506e-01  7.788443e-03
 1.035900e+00  2.734699e-01  2.848666e+00  0.000000e+00  0.000000e+00  3.429620e-01 -2.336163e-01 -1.614957e-01  2.785714e-03
3  3.327635e-01  1.517551e+00  1.027212e+00  5.274995e-01  1.095966e-01  6.496180e+00 6 1  2.744007e-01
 6.405741e-01  4.615485e-01  2.556074e+00  0.000000e+00  0.000000e+00  2.933974e-01 -7.331362e-02 -3.204488e-01  9.841710e-03
-1.974627e-01 -1.324703e-01 -2.801370e-01  1.132322e+02  5.000000e-01  8.680285e-01 -6.896380e-01 -1.763944e+00  2.765033e-01
-1.070028e-03 -7.120724e-04  1.469493e-05  1.427867e+02  1.000000e+00  2.774311e+02 -4.175091e+01 -8.136541e+01  2.752780e+02
1 -4.546144e+00  1.768761e+00  0.000000e+00  2.344690e+00  0.000000e+00  5.662600e+00 0 2 -1.000000e+00
-5.705611e+00  3.902234e+00  3.385511e+00  0.000000e+00  0.000000e+00  3.408976e-01 -2.921375e-01  2.317224e-01  1.694842e-03
3 -4.475457e-02  1.756077e-01  6.394124e-01  2.769259e-01  2.511350e-01  6.161500e+00 6 1 -1.000000e+00
 5.547420e-02 -1.630767e-01 -5.440156e-01  8.669604e+00  5.000000e-01  8.871643e-01  1.131315e+00  7.556722e-01  5.943109e-01
-1.225057e-01  4.510660e-01  2.166228e+00  0.000000e+00  0.000000e+00  2.494875e-01  2.942476e-01  1.227003e-01  5.562290e-02
 2.412640e-03 -6.789335e-03  2.169053e-03  9.913965e+00  1.000000e+00  2.431982e+01  6.217251e+00  6.642972e+00  2.370574e+01
3  2.727538e-03  3.599243e-01  1.311354e+00  5.284937e-01  2.780654e-01  1.543030e+01 6 1 -1.000000e+00
-3.916967e-02 -3.645382e-01 -5.931075e-01  3.644251e+01  5.000000e-01  6.425200e-01  1.346557e+00 -2.472821e-02  2.757760e-01
 1.383514e-01  9.347446e-01  2.132978e+00  0.000000e+00  0.000000e+00  2.493969e-01  3.069610e-01  1.876004e-02  2.443668e-02
-1.016492e-03 -4.195164e-03  1.698890e-04  4.674653e+01  1.000000e+00  8.417338e+01  2.109476e+01 -2.422032e+01  8.307773e+01
2  1.038273e+01  4.067573e-01  5.626206e+00  2.528895e+00  1.257431e-04  8.516340e+00 6 2  2.786117e-01
 3.944879e+00  3.931059e+00  3.253977e+00  0.000000e+00  0.000000e+00  3.109336e-01 -2.012404e-01 -3.563685e-01  2.203745e-05
-5.485583e-02 -2.574665e-02 -4.091652e-04  2.286689e+03  5.000000e-01  1.548073e+01 -3.233026e+01 -4.010544e+01  1.008043e+01
3  5.089348e-01  1.498531e-03  1.835853e+00  9.804110e-01  1.195640e-01  4.806380e+00 6 1 -1.000000e+00
 1.498265e+00 -3.331625e-01  2.837907e+00  0.000000e+00  0.000000e+00  3.833823e-01 -1.637570e-01  3.207369e-02  2.705184e-03
-3.103682e-01 -1.819807e-02 -3.393117e-01  2.304655e+02  5.000000e-01  1.276757e+00 -1.712919e+00 -2.994107e-01  2.567217e-01
-2.887255e-03 -4.609366e-05  3.675811e-05  2.581328e+02  1.000000e+00  1.788255e+02 -6.636706e+01 -3.525676e+00  1.757070e+02
3 -4.685289e-02  2.347962e-02  8.446214e-01  3.380006e-01  7.577194e-01  1.064550e+01 6 3 -1.000000e+00
-4.556263e-01  1.942306e-01  4.110855e+00  0.000000e+00  0.000000e+00  3.393480e-01 -3.515426e-01  2.638568e-01  2.880090e-02
 1.617133e-01 -3.822043e-01 -5.425299e+00  1.464320e+01  5.000000e-01  4.889270e-01  4.443874e-01  4.980332e-01  1.273254e-01
 2.902914e-04 -2.539499e-04  7.861442e-05  4.982659e+01  1.000000e+00  1.175356e+02  2.508785e+01  1.519313e+01  1.162569e+02
3  1.674072e-01 -2.387944e-01  1.191248e+00  4.696461e-01  2.059270e-01  1.133730e+01 6 1 -1.000000e+00
 7.348891e-01 -5.103226e-01  2.488998e+00  0.000000e+00  0.000000e+00  3.259017e-01  2.751374e-02  2.277793e-01  3.475248e-03
-1.437774e-01  2.940511e-01 -5.125518e-01  1.054344e+02  5.000000e-01  6.625473e-01  9.667391e-01  1.063161e+00  1.163063e-01
-1.267863e-04  2.209014e-04  6.429280e-07  1.678062e+02  1.000000e+00  1.331468e+03  2.974575e+02  3.553577e+02  1.329195e+03
3 -7.417991e-02 -3.549087e-01  9.348934e-01  3.698465e-01  1.102457e-01  1.406900e+01 6 1 -1.000000e+00
-2.334298e-01 -7.348584e-01  1.801238e+00  0.000000e+00  0.000000e+00  2.366616e-01  1.556983e-01 -5.718294e-02  2.975150e-03
 8.265029e-05  9.275644e-04  9.957284e-06  1.111586e+02  1.000000e+00  3.257025e+02  6.851643e+01  1.755568e+01  3.241664e+02
 2.201609e-02  1.644597e-01 -1.985788e-01  9.384872e+01  5.000000e-01  7.681550e-01  2.161971e+00 -6.445292e-01  2.537188e-01
3  6.801674e-01 -4.920645e-02  2.124877e+00  9.369896e-01  1.007611e-01  1.097450e+01 6 1  2.799916e-01
 1.351309e+00  1.418321e+00  1.523511e+00  0.000000e+00  0.000000e+00  1.713958e-01  1.309941e-01 -1.142238e-01  3.958204e-03
-8.766392e-02 -1.451559e-01 -1.535107e-01  2.623247e+02  5.000000e-01  2.731089e+00  1.474459e+00 -2.708661e+00  1.615434e+00
-2.654012e-02 -4.354250e-02  1.506780e-02  2.630532e+02  1.000000e+00  1.118217e+01  2.845637e+00 -5.404831e+00  9.419785e+00
1 -2.680028e-01  3.380739e-01  0.000000e+00  2.037566e-01  0.000000e+00  1.320740e+01 0 2 -1.000000e+00
-5.338581e-01  2.560710e-01  3.129304e+00  0.000000e+00  0.000000e+00  2.942169e-01  5.747107e-02  4.186490e-01  3.293625e-03
3  1.024252e+00 -4.003326e+00  6.582722e+00  2.190625e+00  9.100659e-01  9.381800e+00 6 3  2.769606e-01
-1.613762e+00 -2.883592e+00  4.892293e+00  1.434763e+02  0.000000e+00  4.484578e-01  3.134282e-01 -3.947731e-02  1.901174e-03
 4.092815e-01 -2.684267e+00 -4.452309e+00  1.584521e+02  5.000000e-01  6.109279e-01  5.275774e-01  3.124768e-01  9.602264e-03
 4.150988e+00  2.944410e-01  2.625772e+00  0.000000e+00  0.000000e+00  3.623152e-01 -7.985335e-02  1.393730e-01  5.067258e-04
3 -7.165086e-02  1.313813e-01  4.663170e-01  2.055152e-01  2.897990e-01  9.364450e+00 6 1 -1.000000e+00
 5.057674e-02 -7.084087e-02 -4.919526e-01  9.499018e+00  5.000000e-01  1.232854e+00  3.609611e-01  1.398801e+00  8.901344e-01
-1.148012e-01  3.651656e-01  1.697565e+00  0.000000e+00  0.000000e+00  2.217104e-01  6.187091e-02  1.132590e-01  3.099959e-02
 6.368139e-03 -1.036169e-02  1.545301e-02  9.789108e+00  1.000000e+00  9.909019e+00  1.435545e+00  3.549297e+00  9.368701e+00
3 -2.157950e-01  3.238983e-01  1.330424e+00  5.378698e-01  1.494843e-01  1.387100e+01 6 3 -1.000000e+00
 2.053372e-01 -3.342310e-01 -4.553242e-01  1.014061e+02  5.000000e-01  4.739494e-01  5.781326e-01  1.462439e+00  5.707001e-02
-4.470586e-01  8.252552e-01  3.045968e+00  0.000000e+00  0.000000e+00  2.847210e-01  1.796663e-01  3.886401e-01  4.926464e-03
 1.435065e-04 -4.492009e-04  2.593627e-06  1.646583e+02  1.000000e+00  6.457993e+02  1.352920e+02 -1.090947e+02  6.442673e+02
3 -5.656774e-03  2.144641e-01  6.921786e-01  2.782825e-01  2.267938e-01  7.283070e+00 6 1 -1.000000e+00
 6.031036e-03 -1.786793e-01 -4.287506e-01  3.577000e+01  5.000000e-01  7.007671e-01  1.547581e+00  1.639839e-01  3.816112e-01
-1.618996e-03  5.134570e-01  1.890487e+00  0.000000e+00  0.000000e+00  2.267427e-01  2.624391e-01 -9.401906e-03  2.452886e-02
-2.581310e-05 -2.395574e-03  1.577941e-04  4.419682e+01  1.000000e+00  8.484521e+01  2.619314e+01 -2.562607e+00  8.403932e+01
3  7.459567e-02 -3.664703e-01  1.321091e+00  5.938279e-01  3.583149e-01  1.132000e+01 6 1 -1.000000e+00
 2.954800e-01 -1.047032e+00  1.803390e+00  0.000000e+00  0.000000e+00  2.518703e-01  7.072218e-02 -1.360783e-02  1.555243e-03
-5.305136e-02  2.272553e-01 -6.461814e-01  1.311573e+02  5.000000e-01  8.206106e-01  1.170725e+00  4.573152e-01  1.169200e-01
-6.012418e-04  1.694827e-03  4.472312e-05  1.483358e+02  1.000000e+00  1.529422e+02  4.793515e+00  2.652658e+01  1.505014e+02
3 -4.330799e-01  3.487773e-01  1.313448e+00  4.401011e-01  1.086380e-01  1.543010e+01 6 1 -1.000000e+00
-7.348209e-01  9.062185e-01  1.603508e+00  0.000000e+00  0.000000e+00  1.829170e-01 -1.326076e-01  1.625026e-01  5.378252e-03
 1.065400e-01 -1.023727e-01 -1.742019e-01  6.350907e+01  5.000000e-01  1.646302e+00 -4.552981e-01  2.439442e+00  9.291583e-01
 1.089447e-02 -1.203747e-02  2.336406e-03  6.466181e+01  1.000000e+00  2.396335e+01  2.577078e+00  9.626343e+00  2.252402e+01
3  8.954197e-01  6.840552e-01  4.008549e+00  1.603569e+00  3.859929e-01  8.253400e+00 6 1 -1.000000e+00
 2.703806e+00  2.061439e+00  2.218052e+00  0.000000e+00  0.000000e+00  3.033061e-01 -6.601769e-02 -1.737185e-01  1.379945e-03
-4.622001e-01 -3.971940e-01 -8.561525e-01  5.540886e+02  5.000000e-01  1.133675e+00 -1.847434e-01 -1.073199e+00  1.579723e-01
-1.574126e-02 -1.409510e-02  9.718024e-04  5.770644e+02  1.000000e+00  3.395661e+01  9.348153e-01 -7.499889e+00  3.138916e+01
3 -4.835854e-02 -1.511615e-01  6.542631e-01  2.911647e-01  3.168700e-01  7.178390e+00 6 1 -1.000000e+00
-2.426369e-02 -4.963826e-01  2.151457e+00  0.000000e+00  0.000000e+00  2.923367e-01  1.744759e-01 -7.445951e-02  1.718462e-02
 8.331763e-02  1.489750e-01 -6.817322e-01  2.279244e+01  5.000000e-01  8.444929e-01  5.569339e-01 -1.086673e+00  3.487691e-01
 1.484843e-03  3.516746e-03  7.866249e-04  2.679937e+01  1.000000e+00  3.892878e+01  7.321253e+00 -1.066479e+01  3.762921e+01
3 -1.418849e-02 -8.996529e-02  2.518919e-01  1.285128e-01  1.638659e-01  7.566350e+00 6 1 -1.000000e+00
-4.961558e-02 -1.801763e-01  2.113501e+00  0.000000e+00  0.000000e+00  1.955023e-01  3.707044e-01 -1.914319e-01  2.571288e-02
 3.624891e-03  6.602479e-02 -3.463308e-01  6.676672e+00  5.000000e-01  6.385589e-01  1.715019e+00 -2.770593e-01  3.987455e-01
 7.376112e-05  1.322963e-03  3.933884e-04  8.024736e+00  1.000000e+00  5.237752e+01  9.395092e+00  3.060096e+00  5.189289e+01
3 -2.972282e-01 -5.104897e-01  1.405081e+00  6.711095e-01  1.192974e-01  3.858140e+00 6 1 -1.000000e+00
-6.456386e-01 -9.621125e-01  1.661267e+00  0.000000e+00  0.000000e+00  1.942109e-01  1.034059e-01 -1.914504e-01  8.027537e-03
 3.793214e-03  4.888749e-03  1.974266e-04  6.921087e+01  1.000000e+00  7.520087e+01 -1.454449e+00 -2.093990e+01  7.404001e+01
 1.319995e-01  2.081577e-01 -1.981848e-01  6.307012e+01  5.000000e-01  9.379083e-01  1.164548e+00 -1.921842e+00  4.840502e-01
3  6.425006e-01 -1.945580e+00  8.347768e-01  4.954421e-01  4.528206e-01  7.491790e+00 6 1  2.865208e-01
-4.018495e-01 -5.174099e-01  2.517892e+00  0.000000e+00  0.000000e+00  3.085139e-01  3.647704e-02 -2.822494e-01  4.461233e-03
 2.115820e-01  4.876517e-02 -1.140153e+00  4.030961e+01  5.000000e-01  1.008571e+00 -7.943099e-01 -4.962058e-01  1.611249e-01
 1.133291e-02  2.953575e-03  9.110331e-03  4.350752e+01  1.000000e+00  1.232814e+01 -4.258576e+00  6.525416e-01  9.903170e+00
5  1.603669e-01  5.061906e-01  5.087593e+00  1.469352e+00  1.000000e+00  4.303860e+00 6 3 -1.000000e+00
 1.230924e-01 -1.154772e+00 -6.102052e-01  2.594534e+02  5.000000e-01  9.511368e-01  1.264746e+00  2.039584e-01  1.747417e-01
-2.285728e+00  5.708211e-01  4.196064e+00  1.237445e+02  0.000000e+00  4.627296e-01 -1.188302e-01  1.903162e-01  7.688594e-03
 2.730688e+00  1.418862e+00  2.630521e+00  0.000000e+00  0.000000e+00  3.704406e-01  2.315242e-02 -1.251247e-01  1.996282e-03
-1.073703e+00  1.666832e+00 -2.624976e+00  1.384021e+02  5.000000e-01  6.880433e-01  3.996428e-01  5.644098e-01  6.654941e-02
 1.892768e-04 -4.279809e-03  6.545665e-05  3.609920e+02  1.000000e+00  1.389028e+02  5.034426e+01  3.471833e+01  1.366388e+02
1 -2.401673e-01 -2.040714e-02  0.000000e+00  6.391890e-02  0.000000e+00  7.875030e+00 0 2  2.901334e-01
-7.640833e-02 -1.014377e-01  3.158887e+00  0.000000e+00  0.000000e+00  3.936942e-01  1.742318e-01 -1.438155e-01  5.440882e-03
3 -1.670191e-01  1.823655e-01  6.814510e-01  3.429117e-01  1.111072e-01  6.643930e+00 6 1 -1.000000e+00
-4.090558e-01  3.173628e-01  2.336413e+00  0.000000e+00  0.000000e+00  2.543579e-01 -8.389189e-03  3.576385e-01  4.698732e-03
 1.086373e-01 -1.257729e-01 -2.595922e-01  4.620825e+01  5.000000e-01  5.631045e-01  3.963084e-01  1.971297e+00  1.129793e-01
 1.489260e-04 -1.396645e-04  9.526898e-07  6.709954e+01  1.000000e+00  1.036364e+03 -7.549616e+01  1.289196e+02  1.034654e+03
3  2.345143e-01 -4.944892e-01  1.554253e+00  7.799476e-01  3.951997e-02  9.662950e+00 6 2 -1.000000e+00
-1.776961e-01 -1.432648e+00  3.392408e+00  0.000000e+00  0.000000e+00  3.977037e-01  2.521050e-01  6.654333e-02  1.951881e-04
-1.288482e-02  1.013964e-02  9.668502e-04  2.857724e+02  1.000000e+00  4.966958e+01 -1.242636e+01  3.435152e+01  4.694402e+01
-1.044853e-01  1.198799e-01 -1.340679e-01  2.808994e+02  5.000000e-01  2.280899e+00  1.431508e+00  2.655259e+00  7.548111e-01
3 -1.734871e-01 -7.214261e-01  2.330132e+00  1.218383e+00  6.746965e-02  1.207090e+01 6 2 -1.000000e+00
-8.124116e-01 -1.590287e+00  4.804890e+00  0.000000e+00  0.000000e+00  3.981962e-01  3.171659e-01 -2.311974e-01  5.303898e-03
 1.212400e-01  5.446161e-01 -3.241843e-01  1.406552e+02  5.000000e-01  7.643724e-01  1.616918e+00 -7.250935e-01  1.441080e-01
 3.648006e-04  1.618048e-03  7.305842e-06  1.876544e+02  1.000000e+00  3.752503e+02  5.271269e+01 -2.019622e+01  3.733965e+02
2  1.068996e-01  8.216937e-02  2.021208e+00  1.021831e+00  6.277214e-01  1.204390e+01 6 3 -1.000000e+00
-4.120518e-01 -8.001530e-01 -2.831217e+00  5.904211e+01  5.000000e-01  6.551713e-01  4.698151e-01 -5.013837e-01  3.874893e-02
 1.321876e+00  2.384897e-01  4.510308e+00  0.000000e+00  0.000000e+00  4.609355e-01 -2.495299e-01 -8.130802e-02  8.752443e-03
3  1.188105e+00 -1.110416e+00  5.328963e+00  2.480628e+00  4.562348e-02  5.186050e+00 6 2 -1.000000e+00
 2.943125e+00 -4.076556e+00  4.020430e+00  0.000000e+00  0.000000e+00  4.460012e-01  1.297508e-03  2.412124e-01  9.934768e-04
-4.529724e-02  6.698397e-02  1.181017e-02  1.614505e+03  1.000000e+00  1.284617e+01  2.909849e+00  6.869624e+00  1.090141e+01
-1.907551e-01  2.335069e-01 -1.834260e-01  1.611211e+03  5.000000e-01  2.738043e+00 -1.648485e-02  2.910724e+00  1.287305e+00
3  6.272254e-02  3.154098e-01  7.746904e-01  3.763198e-01  1.013715e-01  8.248590e+00 6 1 -1.000000e+00
 1.417957e-01  6.058265e-01  2.145355e+00  0.000000e+00  0.000000e+00  2.443364e-01  3.037705e-01 -1.123731e-01  1.474282e-02
-4.809158e-02 -1.452315e-01 -2.174780e-01  5.765792e+01  5.000000e-01  1.007255e+00  1.909521e+00 -9.756781e-01  5.992900e-01
-2.430458e-03 -5.422548e-03  5.853806e-04  6.301034e+01  1.000000e+00  4.558137e+01  5.906547e+00 -1.563077e+01  4.474165e+01
1  1.423272e-01  4.867670e-02  0.000000e+00  5.135898e-02  0.000000e+00  9.659920e+00 0 2 -1.000000e+00
 1.765391e-01  8.242026e-02  3.030556e+00  0.000000e+00  0.000000e+00  3.455192e-01 -2.450925e-01 -1.957096e-01  2.200373e-02
1 -7.702707e-03  1.719935e-03  0.000000e+00  4.195730e-03  0.000000e+00  6.425910e+00 0 2 -1.000000e+00
-1.466674e-02  5.497982e-03  8.516300e+00  0.000000e+00  0.000000e+00  5.536588e-01 -2.621240e-01  1.144099e-01  1.398252e-01
3  1.394379e+00 -6.334639e-01  1.835109e+00  8.047343e-01  1.088649e-03  1.097160e+01 6 2 -1.000000e+00
 1.484895e+00 -9.756326e-01  3.583514e+00  0.000000e+00  0.000000e+00  2.744358e-01 -2.827606e-01  4.091872e-01  7.349847e-04
-5.624967e-02  2.060896e-02 -3.901188e-03  9.170334e+02  5.000000e-01  8.549087e+00 -1.254561e+01  1.248714e+01  7.041674e+00
-7.852858e-03  2.518052e-03  8.813455e-05  9.215201e+02  1.000000e+00  1.210848e+02 -4.804797e+01  2.766715e+01  1.187984e+02
1 -2.623854e-01  6.496688e-01  0.000000e+00  9.961188e-01  0.000000e+00  9.383420e+00 0 2 -1.000000e+00
-1.298315e+00  1.403805e+00  4.124103e+00  0.000000e+00  0.000000e+00  4.240576e-01  1.129913e-01  2.765243e-01  2.385146e-02
3 -1.127507e+00 -9.555097e-01  7.566603e-01  3.661783e-01  3.953260e-02  6.165910e+00 6 2  2.842576e-01
 6.486865e-01 -1.336507e-01  3.138622e+00  0.000000e+00  0.000000e+00  3.273376e-01 -3.622908e-01 -5.107680e-02  3.210651e-03
-9.702266e-02 -5.382382e-03 -1.240779e-01  5.902654e+01  5.000000e-01  1.624374e+00 -2.866958e+00 -4.794296e-01  5.238710e-01
-2.900436e-03 -6.454145e-05  1.559568e-04  6.216280e+01  1.000000e+00  8.480149e+01 -2.454318e+01  2.879083e+00  8.183928e+01
3  2.805650e-01  4.521037e-02  6.445240e-01  4.103827e-01  3.265076e-02  9.364450e+00 6 2 -1.000000e+00
 4.532281e-01  2.540156e-01  3.837961e+00  0.000000e+00  0.000000e+00  3.038344e-01 -3.568096e-01 -3.110923e-01  6.322907e-03
-1.354283e-01 -8.462631e-03 -1.253124e-01  4.491244e+01  5.000000e-01  1.120328e+00 -2.775988e+00 -5.370575e-01  5.099842e-01
-1.148550e-03 -1.187643e-05  1.640375e-05  5.408852e+01  1.000000e+00  2.721019e+02 -1.099918e+02  2.088908e+01  2.704109e+02
1 -8.735032e+00  3.587468e+00  0.000000e+00  4.378992e+00  0.000000e+00  1.063700e+01 0 2 -1.000000e+00
-1.209614e+01  2.960448e+00  3.540318e+00  0.000000e+00  0.000000e+00  3.786969e-01 -2.094452e-01  2.443149e-01  3.514255e-03
3  1.164381e+00  2.730593e-01  2.671032e+00  1.460533e+00  1.600028e-02  9.677280e+00 6 2 -1.000000e+00
 2.416398e+00  1.876860e-01  4.152298e+00  0.000000e+00  0.000000e+00  4.126747e-01 -3.083848e-01 -9.496979e-02  5.336393e-03
-2.439452e-01 -5.103103e-02 -6.643794e-02  3.540952e+02  5.000000e-01  2.782923e+00 -3.795976e+00 -1.954743e+00  1.725519e+00
-2.316743e-02 -3.960741e-03  7.034279e-04  3.606386e+02  1.000000e+00  4.532342e+01 -2.226426e+01 -6.874445e+00  4.357609e+01
3  2.682259e-01  3.701844e-01  1.625916e+00  5.150615e-01  2.260863e-01  1.063030e+01 6 1 -1.000000e+00
 9.258482e-01  8.840204e-01  1.947173e+00  0.000000e+00  0.000000e+00  2.759452e-01  2.554256e-02 -1.001897e-01  4.080032e-03
-1.454823e-01 -3.390304e-01 -4.402292e-01  1.231992e+02  5.000000e-01  7.772362e-01  1.021150e+00 -1.130672e+00  2.541628e-01
-9.652626e-04 -2.404285e-03  3.641871e-05  1.519122e+02  1.000000e+00  1.811167e+02  6.600608e+01 -2.503639e+01  1.795799e+02
3  9.919677e-02 -6.424583e-02  1.171125e+00  5.921575e-01  8.983738e-01  9.381800e+00 6 1 -1.000000e+00
 7.197197e-01 -2.346432e-01  2.608806e+00  0.000000e+00  0.000000e+00  2.890817e-01 -2.669323e-01  2.254659e-01  2.280856e-02
-2.281547e-01  4.531561e-01 -2.343683e+00  3.280872e+01  5.000000e-01  4.386088e-01  5.852906e-01  6.318812e-01  6.624567e-02
-3.236691e-04  2.046429e-04  1.342384e-05  8.695997e+01  1.000000e+00  2.756602e+02 -1.546727e+01  2.654594e+01  2.740293e+02
2  7.262733e-02  7.495711e-01  1.321571e+00  8.391878e-01  7.094514e-01  8.253990e+00 6 1  2.737310e-01
-7.058718e-02 -6.798452e-01 -1.881862e+00  6.392107e+01  5.000000e-01  7.988089e-01  7.459453e-01 -1.242261e-01  1.349857e-02
 3.079523e-02  6.378310e-01 -1.335090e+00  7.510800e+01  5.000000e-01  9.637800e-01  8.542975e-01 -1.431818e-01  1.677039e-02
3 -2.254632e-01  9.249117e-02  1.869301e+00  8.370619e-01  6.603314e-01  9.678860e+00 6 3 -1.000000e+00
 6.343158e-01 -3.798688e-01 -2.130112e+00  4.670061e+01  5.000000e-01  4.547782e-01 -4.299447e-01  7.628062e-01  9.894335e-02
-1.088183e+00  3.462726e-01  3.225822e+00  0.000000e+00  0.000000e+00  3.200976e-01 -3.299046e-01  2.084027e-01  2.393515e-02
 7.416218e-04 -4.334742e-04  1.356859e-05  1.076767e+02  1.000000e+00  2.812367e+02 -4.594459e+00  6.936766e+01  2.799065e+02
3 -4.858317e-01  1.067083e-01  1.497765e+00  7.423087e-01  1.068403e-01  8.783030e+00 6 1 -1.000000e+00
-1.197791e+00 -2.211822e-01  1.979827e+00  0.000000e+00  0.000000e+00  2.616376e-01 -1.908801e-01  6.040795e-02  6.089707e-03
 2.956516e-01 -1.074788e-01 -2.115252e-01  8.424765e+01  5.000000e-01  1.045120e+00 -1.591591e+00  1.482039e+00  4.676734e-01
 2.872901e-03 -8.905316e-04  3.561594e-05  1.005609e+02  1.000000e+00  1.854626e+02 -5.826523e+01  5.054014e+01  1.837246e+02
3 -3.229630e-01 -2.839332e-01  5.913006e-01  1.616098e-01  1.302940e-01  1.098210e+01 6 1  2.750975e-01
 4.004683e-01 -3.554046e-01  1.652446e+00  0.000000e+00  0.000000e+00  2.001217e-01 -2.473659e-02 -1.844720e-01  1.978713e-03
-4.101856e-02  3.794726e-02 -2.153037e-01  2.963586e+01  5.000000e-01  1.287558e+00 -1.512107e-01  2.168969e+00  7.712103e-01
-2.733774e-03  2.439340e-03  9.268454e-04  3.037845e+01  1.000000e+00  3.599392e+01 -7.738822e-01  1.204353e+01  3.506729e+01
3  6.834276e-01 -8.554761e-02  1.787901e+00  6.683994e-01  1.164600e-01  9.367260e+00 6 1 -1.000000e+00
 1.489714e+00 -3.587838e-01  1.676930e+00  0.000000e+00  0.000000e+00  2.259682e-01 -5.288873e-02 -4.343308e-04  5.026676e-03
-2.631020e-01 -6.326080e-03 -1.952953e-01  6.142510e+01  5.000000e-01  1.119220e+00 -2.265394e+00  5.152297e-02  6.377106e-01
-1.124430e-02 -5.934863e-04  5.425875e-04  6.507153e+01  1.000000e+00  4.641225e+01 -1.327808e+01 -6.553232e+00  4.546028e+01
1  6.117111e-01 -4.487222e-01  0.000000e+00  1.715902e-01  0.000000e+00  1.511720e+01 0 2  2.970633e-01
 4.415197e-01 -3.182569e-01  3.204431e+00  0.000000e+00  0.000000e+00  2.659347e-01 -2.975932e-01  3.717825e-01  2.317685e-03
3 -6.472252e-01  1.635208e-01  1.049869e+00  5.564498e-01  4.320959e-01  9.906440e+00 6 3  2.979099e-01
-1.400066e-01 -2.638073e-01 -5.988537e+00  1.335106e+01  5.000000e-01  8.950966e-01  2.483341e-01 -3.410580e-01  1.814977e-01
 2.931896e-01  6.925225e-01  2.587622e+00  0.000000e+00  0.000000e+00  3.291913e-01  2.041341e-01 -1.478458e-01  3.263102e-02
-2.874127e-02 -5.914652e-02  4.097452e-01  1.380337e+01  1.000000e+00  2.649693e+00  2.493236e-01 -4.677440e-01  9.533188e-01
3 -8.556744e-02  7.012424e-02  3.853049e-01  1.325102e-01  6.822524e-01  7.377290e+00 6 1 -1.000000e+00
 8.184939e-02 -5.527850e-02 -1.183689e+00  5.478944e+00  5.000000e-01  4.481277e-01 -4.820918e-01  9.575838e-01  1.293590e-01
-1.959469e-01  2.117217e-01  1.734973e+00  0.000000e+00  0.000000e+00  2.099115e-01 -5.875910e-02  2.107350e-01  7.942679e-03
 1.181396e-03 -1.214546e-03  8.787443e-04  6.548277e+00  1.000000e+00  3.545054e+01  4.129903e+00 -5.638833e+00  3.468249e+01
3 -6.277539e-01 -7.432521e-01  3.631478e+00  1.357717e+00  1.934416e-01  5.808410e+00 6 1 -1.000000e+00
-2.696129e+00 -1.894076e+00  2.249027e+00  0.000000e+00  0.000000e+00  3.311065e-01  2.738982e-02 -4.507265e-02  2.449154e-03
 1.948895e-01  3.035677e-01 -4.350554e-01  4.010812e+02  5.000000e-01  1.601510e+00  8.833201e-01 -1.371174e+00  6.364441e-01
 3.623768e-02  4.525090e-02  1.330899e-02  4.047454e+02  1.000000e+00  1.064317e+01  1.263223e+00 -4.032107e+00  9.159830e+00
2 -1.673617e-01  3.020196e-01  1.880199e+00  6.230324e-01  8.713285e-01  1.203860e+01 6 1 -1.000000e+00
 3.004942e-02 -4.325364e-01 -1.911794e+00  1.932261e+02  5.000000e-01  5.538964e-01  8.284764e-01 -1.889557e-01  3.206962e-02
-7.937821e-01  1.257568e+00  1.665801e+00  0.000000e+00  0.000000e+00  2.085187e-01 -6.767923e-02 -1.467997e-01  7.991095e-04
3 -1.403312e-01  3.203031e-01  9.429293e-01  3.633170e-01  1.355204e-01  7.974180e+00 6 1 -1.000000e+00
-4.710454e-01  6.213597e-01  1.625311e+00  0.000000e+00  0.000000e+00  2.049588e-01  1.108644e-01  6.732626e-02  2.622023e-03
 4.602480e-02 -1.671541e-01 -2.202629e-01  1.288770e+02  5.000000e-01  6.659062e-01  1.887416e+00  1.043699e+00  2.157183e-01
 2.632133e-04 -8.264099e-04  1.056774e-05  1.549567e+02  1.000000e+00  3.122088e+02  4.714992e+01 -4.752962e-01  3.108748e+02
3  4.923536e-01  3.158017e-01  2.229695e+00  1.402880e+00  2.188948e-01  1.061790e+01 6 1 -1.000000e+00
 1.356569e+00  6.919090e-01  2.764360e+00  0.000000e+00  0.000000e+00  2.559127e-01 -1.715480e-01 -4.031003e-01  1.553234e-02
-6.286822e-01 -3.231379e-01 -6.051040e-01  1.546922e+02  5.000000e-01  4.438598e-01 -6.120539e-01 -1.259877e+00  1.302338e-01
-1.955353e-03 -5.635166e-04  1.422084e-05  2.461568e+02  1.000000e+00  2.847409e+02 -1.007882e+02  5.595446e+00  2.838555e+02
3 -6.184782e-01  3.890428e-01  1.213815e+00  4.977215e-01  1.330862e-01  1.282710e+01 6 1  2.701789e-01
 5.346211e-01  9.384261e-01  1.808811e+00  0.000000e+00  0.000000e+00  2.439665e-01 -1.319191e-01 -3.653231e-02  1.561523e-03
-1.639285e-01 -5.423449e-02 -2.407277e-01  1.648577e+02  5.000000e-01  1.176419e+00 -1.674981e+00 -1.174578e+00  3.960164e-01
-4.238958e-03 -1.680447e-03  3.236460e-04  1.759076e+02  1.000000e+00  5.933280e+01 -1.715649e+01 -4.309893e+00  5.744204e+01
3 -1.865235e-01 -1.190984e-01  1.155380e+00  5.515117e-01  7.126739e-01  1.195610e+01 6 1 -1.000000e+00
-6.277227e-01 -4.172597e-01  2.077739e+00  0.000000e+00  0.000000e+00  2.437855e-01 -1.051277e-01 -2.819859e-01  1.592206e-02
 3.506177e-01  1.973558e-01 -1.480750e+00  5.239880e+01  5.000000e-01  3.945542e-01 -5.303151e-01 -8.721604e-01  9.388038e-02
 4.112761e-04  2.466154e-04  5.801052e-06  1.001531e+02  1.000000e+00  4.219643e+02 -4.098828e+01 -5.611038e+01  4.208796e+02
3 -1.141702e+00 -6.104870e-01  4.014774e+00  1.719267e+00  2.262291e-01  8.253420e+00 6 1 -1.000000e+00
-2.628031e+00 -2.091828e+00  1.814073e+00  0.000000e+00  0.000000e+00  2.448820e-01 -9.368179e-02 -1.009021e-01  8.008290e-02
 5.731515e-01  3.311535e-01 -4.103961e-01  1.047557e+02  5.000000e-01  2.104931e+00 -1.090262e+00 -1.571264e+00  1.838325e+00
 1.786624e-01  1.087863e-01  5.502733e-02  1.055663e+02  1.000000e+00  7.005397e+00 -1.932059e+00 -3.762865e+00  6.663884e+00
3  1.781357e+00 -1.887672e+00  1.680744e+00  8.001884e-01  2.012139e-01  7.980270e+00 6 1  3.094565e-01
 1.448941e-01 -1.310777e+00  2.019190e+00  0.000000e+00  0.000000e+00  2.582533e-01  2.343468e-01 -4.648245e-03  8.364954e-03
 1.257184e-01  3.698579e-01 -4.062892e-01  5.304647e+01  5.000000e-01  9.421557e-01  1.187360e+00 -1.027046e+00  2.269174e-01
 1.370203e-03  5.864796e-03  2.613230e-04  6.172969e+01  1.000000e+00  6.400608e+01  9.745116e+00 -6.936628e+00  6.145797e+01
3 -4.073783e-01  1.734573e-01  1.046572e+00  4.330541e-01  1.367594e-01  3.246280e+00 6 1 -1.000000e+00
-8.266722e-01  1.985607e-01  1.883010e+00  0.000000e+00  0.000000e+00  2.104774e-01 -1.787267e-01  2.456383e-01  6.582831e-03
 1.909917e-01 -4.571889e-02 -2.575193e-01  4.727050e+01  5.000000e-01  7.405666e-01 -1.447384e+00  1.362201e+00  3.270959e-01
 6.436827e-03 -4.178605e-05  4.693055e-04  5.178193e+01  1.000000e+00  5.130648e+01 -1.488801e+01 -1.335219e+01  5.036749e+01
3 -1.884418e+00 -1.602993e-01  4.588103e+00  2.136690e+00  9.985570e-03  7.492570e+00 6 2 -1.000000e+00
-4.301390e+00 -7.970715e-01  3.320093e+00  0.000000e+00  0.000000e+00  3.551679e-01 -3.282661e-01 -8.278549e-02  1.740805e-04
 6.956798e-03  1.967546e-03  3.795602e-05  1.684123e+03  1.000000e+00  1.697838e+02 -2.380025e+01 -3.968904e+01  1.657091e+02
 2.117465e-01  2.893644e-02 -3.315303e-02  1.660967e+03  5.000000e-01  2.825738e+00 -5.715309e+00 -9.119871e-01  8.404376e-01
1  4.357088e-02 -3.411031e+00  0.000000e+00  7.658574e-01  0.000000e+00  9.169570e+00 0 2  2.902689e-01
-3.923508e-01 -1.317316e+00  5.168722e+00  0.000000e+00  0.000000e+00  4.372033e-01  2.780527e-01 -2.143720e-01  6.615900e-03
3 -3.993786e-01 -2.142169e-02  9.255584e-01  4.163318e-01  7.252014e-01  6.526910e+00 6 1  2.742045e-01
-1.736855e-01 -1.372220e-01 -1.695374e+00  6.839925e+01  5.000000e-01  9.543884e-01 -1.419014e-01 -7.561645e-01  1.438030e-01
 6.767058e-01  2.281449e-01  2.337797e+00  0.000000e+00  0.000000e+00  3.123056e-01 -1.363817e-01 -1.630046e-01  5.521195e-03
-1.048903e-02 -7.516529e-03  9.243607e-03  7.298126e+01  1.000000e+00  1.205403e+01 -3.688024e-01 -3.724596e+00  9.496383e+00
5 -6.853950e-02 -1.130160e-01  1.427094e+00  6.918742e-01  1.000000e+00  6.755680e+00 6 3 -1.000000e+00
 6.650177e-02 -8.631716e-01  2.155823e+00  0.000000e+00  0.000000e+00  2.542788e-01  2.968900e-01 -6.400271e-02  2.487237e-02
 4.412328e-01  2.800523e-01 -1.060414e+00  2.315780e+01  5.000000e-01  4.235105e-01 -5.432032e-01 -9.901001e-01  1.002711e-01
-6.201722e-01  2.592464e-01 -9.455906e+00  1.281507e+01  5.000000e-01  3.774419e-01 -6.061714e-01  3.548083e-01  5.325807e-02
-5.553479e-01  4.213132e-01  1.011517e+01  1.277365e+01  0.000000e+00  3.528506e-01 -3.007122e-01  4.790752e-01  4.791516e-02
 2.582548e-04  4.200500e-04  1.808671e-05  5.560967e+01  1.000000e+00  2.374562e+02  1.006168e+01 -2.282722e+01  2.360902e+02
3  2.817296e-01 -1.454772e-02  6.462207e-01  3.536790e-01  1.773359e-01  8.792330e+00 6 1 -1.000000e+00
 5.515513e-01 -1.856323e-01  1.919205e+00  0.000000e+00  0.000000e+00  2.394021e-01 -2.359906e-01  4.205276e-02  3.663088e-02
-6.729236e-02  4.691585e-04 -3.403440e-01  3.576576e+01  5.000000e-01  3.474645e+00 -3.009491e+00 -7.098682e-02  3.035735e+00
-4.324525e-02  6.363508e-04  1.578552e-01  3.577787e+01  1.000000e+00  5.635973e+00 -3.893213e+00 -1.482022e-02  5.147695e+00
3  2.387455e-01  5.050713e-01  1.294738e+00  7.663895e-01  1.346631e-01  5.067690e+00 6 1 -1.000000e+00
 1.981858e-01  1.062425e+00  1.671483e+00  0.000000e+00  0.000000e+00  1.828608e-01  1.783204e-01 -1.940291e-01  1.206744e-02
-1.432638e-01 -1.864784e-01 -2.250871e-01  8.623102e+01  5.000000e-01  1.072314e+00  7.350994e-01 -1.976761e+00  7.545798e-01
-9.842217e-03 -1.278784e-02  2.012146e-03  9.098847e+01  1.000000e+00  2.460095e+01 -1.390159e+00 -7.621705e+00  2.402616e+01
3  5.598332e-02  1.597951e-01  5.062218e-01  1.886964e-01  1.210874e-01  1.407010e+01 6 1 -1.000000e+00
 1.374109e-01  3.898198e-01  2.141674e+00  0.000000e+00  0.000000e+00  3.028502e-01  1.140508e-01 -7.801198e-02  5.057020e-03
-3.154115e-02 -8.737585e-02 -2.593297e-01  2.000094e+01  5.000000e-01  9.181816e-01  1.510526e+00 -1.257418e+00  3.191042e-01
-2.344623e-04 -6.604507e-04  2.083961e-05  2.345513e+01  1.000000e+00  2.313731e+02  5.494678e+01 -4.546487e+01  2.297314e+02
1  2.792613e-01 -9.745379e-02  0.000000e+00  1.482191e-01  0.000000e+00  1.068360e+01 0 2  2.839684e-01
 3.410279e-02  3.514239e-01  3.335593e+00  0.000000e+00  0.000000e+00  4.175229e-01  1.474059e-01  1.332452e-01  9.263447e-04
5 -1.026261e-01 -7.273084e-01  1.571814e+00  5.133406e-01  1.000000e+00  1.541090e+01 6 3  2.922132e-01
-2.219021e-01 -5.946933e-01  4.230230e+00  1.212388e+01  0.000000e+00  4.824692e-01 -1.590627e-02 -1.766107e-01  9.168409e-02
-4.150676e-01 -2.310661e-01 -2.807017e+00  1.288163e+01  5.000000e-01  6.292260e-01 -6.027048e-01 -3.612068e-01  1.964169e-01
 2.773981e-01 -1.176677e-01 -1.175400e+00  1.700284e+01  5.000000e-01  8.586888e-01 -7.493647e-01  5.560533e-01  3.249497e-01
-2.685207e-02  9.649716e-01  2.201869e+00  0.000000e+00  0.000000e+00  3.151505e-01 -6.709918e-02  1.017694e-01  2.853681e-02
 9.149803e-03 -1.215429e-02  2.663840e-02  1.907475e+01  1.000000e+00  7.188717e+00 -1.055021e-03  8.720256e-01  5.746699e+00
3  1.009900e-01  9.770002e-01  1.544784e+00  7.742314e-01  1.261159e-01  7.980170e+00 6 1  2.908252e-01
 5.768342e-01 -1.185740e+00  2.988944e+00  0.000000e+00  0.000000e+00  3.854842e-01  1.522473e-01  1.410111e-01  7.040100e-03
-9.666116e-02  2.044980e-01 -3.769534e-01  1.124089e+02  5.000000e-01  1.432665e+00  1.222146e+00  1.160347e+00  5.752408e-01
-1.126471e-02  2.005281e-02  5.389659e-03  1.154031e+02  1.000000e+00  1.597477e+01  2.394153e+00  5.742049e+00  1.443594e+01
2  2.899717e-01  1.435012e+00  1.730091e+00  9.275678e-01  1.903352e-01  5.354480e+00 6 3  2.717842e-01
-1.464700e-01 -3.644014e-01 -6.032061e-01  2.144163e+02  5.000000e-01  1.063575e+00  1.057668e+00 -7.370134e-01  3.195581e-02
 1.333558e+00  5.315503e-01  3.169178e+00  0.000000e+00  0.000000e+00  4.218760e-01 -1.332885e-02 -1.360531e-01  3.270103e-03
3  8.368159e-02 -3.170722e-01  1.205726e+00  4.118613e-01  2.099176e-01  1.065020e+01 6 1 -1.000000e+00
 1.647101e-01 -1.000820e+00  2.024241e+00  0.000000e+00  0.000000e+00  2.956077e-01  4.503710e-02  1.130547e-02  3.545549e-03
-5.951126e-02  1.838741e-01 -4.249237e-01  1.971502e+02  5.000000e-01  1.212826e+00  1.166367e+00  1.018945e+00  3.176313e-01
-7.914263e-04  3.377379e-03  1.392116e-04  2.136531e+02  1.000000e+00  9.390934e+01  3.465830e+01  1.573646e+01  9.131565e+01
3 -2.760343e-01  4.690952e-01  1.332875e+00  6.730857e-01  1.122481e-01  8.792600e+00 6 1 -1.000000e+00
-9.510673e-02  1.149537e+00  1.627176e+00  0.000000e+00  0.000000e+00  1.838595e-01  1.363223e-01  1.814934e-01  2.112539e-02
 1.414854e-01 -1.621719e-01 -1.826474e-01  8.005171e+01  5.000000e-01  1.968006e+00  3.169336e-01  2.512294e+00  1.588847e+00
 2.252670e-02 -2.793708e-02  8.880644e-03  8.170240e+01  1.000000e+00  1.365869e+01  6.009973e-01  6.875815e+00  1.307265e+01
3  1.446607e-01 -5.481314e-01  1.693021e+00  7.791596e-01  1.008784e-01  5.071840e+00 6 1 -1.000000e+00
 9.141260e-01 -1.069746e+00  2.452891e+00  0.000000e+00  0.000000e+00  3.015971e-01  1.754564e-01  2.220349e-01  4.211475e-03
-4.145712e-02  3.278164e-01 -2.474436e-01  1.669027e+02  5.000000e-01  1.048441e+00  1.975104e+00  3.776698e-01  2.617039e-01
-6.734382e-04  2.882657e-03  3.983349e-05  1.935799e+02  1.000000e+00  1.644156e+02  3.727297e+01  1.452146e+01  1.620491e+02
1  2.512171e-01 -3.615263e-01  0.000000e+00  1.934954e-01  0.000000e+00  1.015680e+01 0 2  2.860685e-01
-2.624881e-01 -3.887433e-01  3.431626e+00  0.000000e+00  0.000000e+00  4.492931e-01 -1.880924e-02 -1.073184e-01  5.972500e-03
3 -2.114890e-02 -9.105628e-02  6.416637e-01  3.345515e-01  9.155832e-01  8.519930e+00 6 1 -1.000000e+00
-2.950788e-02 -5.048733e-01  2.211725e+00  0.000000e+00  0.000000e+00  3.241131e-01  6.783837e-02 -9.236350e-03  4.075773e-03
 1.279888e-01  1.171613e-01 -2.415646e+00  1.575542e+01  5.000000e-01  9.468349e-01 -2.162452e-01 -6.083029e-01  1.162576e-01
 4.076266e-03  9.421886e-03  3.150691e-02  1.705047e+01  1.000000e+00  6.845056e+00  3.251133e-01 -1.523127e+00  4.521035e+00
3  9.308981e-02 -3.454655e-01  9.652130e-01  3.526120e-01  1.261286e-01  7.733540e+00 6 1 -1.000000e+00
 1.224372e-01 -7.577946e-01  1.697968e+00  0.000000e+00  0.000000e+00  2.141355e-01  1.483409e-01  8.147776e-02  9.860498e-03
-7.377769e-02  1.872641e-01 -2.141623e-01  1.509193e+02  5.000000e-01  8.512745e-01  1.636333e+00  1.419115e+00  5.064968e-01
-7.586788e-04  1.812000e-03  3.010237e-05  1.807460e+02  1.000000e+00  2.016966e+02  4.726709e+01  6.946208e+01  2.008591e+02
3  1.181700e-01  4.773749e-01  1.277350e+00  6.589359e-01  1.991039e-01  6.644470e+00 6 1 -1.000000e+00
 1.289054e-01  9.508226e-01  1.452643e+00  0.000000e+00  0.000000e+00  1.245572e-01  2.505777e-01 -1.233315e-01  7.129470e-03
-9.937729e-02 -3.059625e-01 -2.892269e-01  6.757459e+01  5.000000e-01  3.443113e-01  1.586511e+00 -1.170642e+00  1.606395e-01
-2.697877e-04 -8.851504e-04  6.335364e-06  9.401222e+01  1.000000e+00  3.991723e+02  3.552934e+00 -2.616129e+01  3.986288e+02
3 -2.711831e+00  2.486853e+00  2.883540e+00  1.232080e+00  1.698802e-02  9.423660e+00 6 2  2.927972e-01
-2.127170e+00 -1.698304e+00  4.263060e+00  0.000000e+00  0.000000e+00  4.594455e-01  1.685309e-01 -1.709479e-01  6.962540e-04
 2.745247e-03  1.147574e-02  3.236682e-04  3.133129e+02  1.000000e+00  6.047216e+01  2.010572e+01 -6.566114e+00  5.804113e+01
 4.721480e-02  1.955958e-01 -7.242095e-02  3.074047e+02  5.000000e-01  2.319257e+00  3.489168e+00 -1.836929e+00  9.868420e-01
1  6.035193e-01 -1.988544e+00  0.000000e+00  3.498809e+00  0.000000e+00  9.997770e+00 0 2 -1.000000e+00
 1.891638e+00 -5.896647e+00  3.029151e+00  0.000000e+00  0.000000e+00  3.949861e-01  1.768063e-01  6.823428e-02  5.135643e-04
3 -6.123638e-01 -2.847570e-01  1.864899e+00  7.861805e-01  1.044141e-01  8.948540e+00 6 1 -1.000000e+00
-1.554074e+00 -2.676034e-01  1.978005e+00  0.000000e+00  0.000000e+00  2.635632e-01 -1.265870e-01 -1.440659e-01  8.986443e-03
 1.392995e-02  8.166597e-03  8.243287e-04  2.053830e+02  1.000000e+00  4.046845e+01 -7.417883e+00 -1.701837e+01  3.911404e+01
 2.607948e-01  1.614637e-01 -2.065317e-01  1.944645e+02  5.000000e-01  1.470552e+00 -9.706403e-01 -2.030061e+00  8.412461e-01
3  7.597608e-02  1.170978e-01  5.853283e-01  2.927320e-01  4.218402e-01  9.180880e+00 6 1 -1.000000e+00
-4.239117e-02 -1.489075e-01 -9.301846e-01  1.581421e+01  5.000000e-01  8.175282e-01  9.099503e-01 -5.294732e-01  3.996937e-01
 4.004744e-01  2.338187e-01  2.205064e+00  0.000000e+00  0.000000e+00  2.797232e-01  4.723933e-02 -2.511284e-01  3.270324e-02
-4.710836e-03 -8.930421e-03  1.434531e-02  1.736321e+01  1.000000e+00  9.440766e+00  1.164625e+00 -4.254342e-01  8.599970e+00
3 -6.966112e-02 -2.141308e-01  7.022525e-01  2.534104e-01  1.808398e-01  6.216320e+00 6 1 -1.000000e+00
-1.959574e-01 -5.100716e-01  2.011206e+00  0.000000e+00  0.000000e+00  2.591980e-01  1.605784e-01 -1.605867e-01  3.071593e-02
 3.214307e-02  1.541037e-01 -3.637061e-01  3.765818e+01  5.000000e-01  1.110419e+00  1.488023e+00 -7.399005e-01  7.255114e-01
 1.522954e-03  7.519671e-03  1.538888e-03  4.125269e+01  1.000000e+00  2.962779e+01  1.254953e+01 -3.498606e+00  2.885351e+01
3 -2.881873e-01  1.642487e-02  1.085061e+00  5.825623e-01  2.295245e-01  3.904110e+00 6 1 -1.000000e+00
-7.904448e-01  7.244319e-03  2.498046e+00  0.000000e+00  0.000000e+00  3.002367e-01 -2.956771e-01  4.394143e-02  4.479299e-02
 2.944703e-01 -1.051800e-02 -5.733629e-01  5.850254e+01  5.000000e-01  8.560653e-01 -1.320966e+00  1.409304e-01  4.874254e-01
 8.479088e-03 -2.223374e-04  1.103385e-03  6.898476e+01  1.000000e+00  3.344349e+01 -1.209447e+01  3.954509e-02  3.265495e+01
3  4.809612e-01  5.258385e-01  1.575567e+00  6.682438e-01  2.652436e-02  9.918080e+00 6 2 -1.000000e+00
 4.977363e-01  1.217282e+00  3.454676e+00  0.000000e+00  0.000000e+00  3.390244e-01  1.188648e-01 -3.650989e-01  8.846313e-03
-1.856800e-01 -2.023502e-01 -9.163306e-02  1.952886e+02  5.000000e-01  1.463664e+00  2.117661e-01 -3.329149e+00  7.890312e-01
-2.506330e-03 -2.772707e-03  2.739676e-05  2.224468e+02  1.000000e+00  2.136016e+02  1.006915e+01 -9.272201e+01  2.118358e+02
3 -2.226087e-01 -1.898588e-01  1.238155e+00  5.758944e-01  1.641512e-01  7.575820e+00 6 1 -1.000000e+00
-3.173647e-01 -8.975539e-01  2.931549e+00  0.000000e+00  0.000000e+00  3.680099e-01  8.162969e-02 -2.272257e-01  1.129683e-02
 2.701398e-01  1.923387e-01 -4.812175e-01  7.771058e+01  5.000000e-01  8.337974e-01 -6.376308e-01 -1.303500e+00  2.070810e-01
 1.472138e-03  1.377285e-03  5.256577e-05  1.027621e+02  1.000000e+00  1.463505e+02  1.313516e+00 -4.583958e+01  1.443412e+02
3  1.794639e-01  3.460908e-01  9.524519e-01  3.839017e-01  1.064816e-01  6.642180e+00 6 1 -1.000000e+00
 1.696348e-01  7.840030e-01  1.700101e+00  0.000000e+00  0.000000e+00  2.068174e-01  4.792667e-02 -1.965738e-01  6.608613e-03
-7.660200e-02 -1.360688e-01 -1.810294e-01  8.067635e+01  5.000000e-01  9.103962e-01  1.046497e+00 -2.106380e+00  4.847763e-01
-1.550624e-03 -3.307556e-03  1.697074e-04  8.842423e+01  1.000000e+00  7.964056e+01  1.255733e+01 -1.158256e+01  7.863165e+01
1 -9.452380e-01 -7.424888e-01  0.000000e+00  1.065220e+00  0.000000e+00  9.998590e+00 0 2 -1.000000e+00
-1.763657e+00 -8.464101e-01  3.751974e+00  0.000000e+00  0.000000e+00  3.353031e-01 -1.764771e-01 -3.796728e-01  3.930347e-02
3  1.589548e-01  5.357438e-02  1.083784e+00  4.945572e-01  8.939093e-01  1.097060e+01 6 1 -1.000000e+00
-4.112845e-01  2.679465e-02 -1.816239e+00  3.515148e+01  5.000000e-01  3.734527e-01 -9.483607e-01  2.091930e-01  9.525827e-02
 6.217761e-01  3.544749e-01  2.031794e+00  0.000000e+00  0.000000e+00  2.453693e-01 -1.790801e-01 -2.126545e-01  1.661359e-02
-5.670508e-04 -1.487764e-04  1.878837e-05  7.141828e+01  1.000000e+00  2.325556e+02 -1.881143e+01  6.299594e+00  2.316362e+02
3  2.692223e-01 -1.481095e+00  2.507367e+00  9.165350e-01  5.014828e-03  1.015680e+01 6 2 -1.000000e+00
 9.836808e-01 -2.151796e+00  3.127607e+00  0.000000e+00  0.000000e+00  3.578969e-01  2.672898e-01  1.453246e-01  1.689997e-03
-2.021327e-03  1.058348e-02  1.110723e-04  5.650299e+02  1.000000e+00  1.046964e+02  3.875471e+01  1.574415e+01  1.030465e+02
-2.521130e-02  1.436405e-01 -1.568441e-02  5.561470e+02  5.000000e-01  3.849698e+00  8.026697e+00  2.729557e+00  2.816037e+00
3 -1.787863e-01  9.725936e-02  6.105262e-01  2.631229e-01  2.687766e-01  9.298010e+00 6 1 -1.000000e+00
-5.003482e-01  2.401468e-01  2.239181e+00  0.000000e+00  0.000000e+00  3.121695e-01 -5.030943e-02  1.548801e-01  4.689224e-03
 4.895272e-02 -2.633154e-02 -6.018392e-01  5.185449e+01  5.000000e-01  2.072201e+00 -9.705679e-01  1.367182e+00  1.041561e+00
 2.223857e-02 -1.234659e-02  1.375468e-01  5.190733e+01  1.000000e+00  4.611941e+00 -1.328356e+00  2.002833e+00  3.311944e+00
5  6.688116e-01  8.615113e-02  2.723665e+00  1.428023e+00  1.000000e+00  9.691430e+00 6 3 -1.000000e+00
 1.616746e+00 -9.935859e-01  1.314298e+01  5.002016e+00  0.000000e+00  4.428628e-01 -3.922460e-01  2.836524e-01  3.207217e-02
 1.756634e+00 -3.148083e-01 -1.493724e+01  5.258036e+00  5.000000e-01  4.631567e-01 -5.855561e-01  1.107769e-01  3.872847e-02
-6.885938e-01 -1.082373e-01 -5.187390e-01  8.326930e+01  5.000000e-01  9.919565e-01 -1.352114e+00 -3.155999e-01  3.978062e-01
 1.247879e+00  1.704986e+00  5.012329e+00  0.000000e+00  0.000000e+00  4.228423e-01 -1.367024e-01 -3.389917e-01  4.215079e-02
-2.925679e-02 -6.478154e-03  3.618112e-03  9.489632e+01  1.000000e+00  1.825858e+01 -3.661499e+00 -2.839842e+00  1.708111e+01
1 -6.000608e-01  5.750429e+00  0.000000e+00  3.212152e+00  0.000000e+00  9.987920e+00 0 2 -1.000000e+00
-1.902374e+00  1.329649e+01  3.622851e+00  0.000000e+00  0.000000e+00  4.586761e-01  1.284118e-01  2.272068e-02  4.770843e-04
5 -4.573480e-02  1.379473e-01  1.691565e+00  6.918457e-01  1.000000e+00  9.785120e+00 6 1 -1.000000e+00
 1.119485e-01 -4.963508e-01 -7.329161e-01  3.259189e+01  5.000000e-01  5.026930e-01  1.168755e+00  4.957202e-01  5.152882e-02
-9.285042e-01  1.583501e-01  2.368174e+00  0.000000e+00  0.000000e+00  3.179440e-01 -1.409649e-01  1.518647e-01  7.954867e-03
 7.458242e-01  3.992183e-01  2.761462e+00  6.274112e+00  0.000000e+00  2.966730e-01 -7.095337e-03 -3.639939e-01  1.360590e-02
-5.160625e-03  6.841984e-01 -2.486041e+00  1.095034e+01  5.000000e-01  3.793385e-01  8.865206e-01  3.934349e-02  2.400165e-02
 3.815191e-05 -1.429426e-04  1.311263e-06  8.471360e+01  1.000000e+00  8.796181e+02  9.665821e+01  1.849742e+00  8.768151e+02
3 -5.950335e-01  2.991548e-01  1.905492e+00  8.976907e-01  1.186456e-01  6.916240e+00 6 1 -1.000000e+00
-1.152370e+00  1.014447e+00  2.369038e+00  0.000000e+00  0.000000e+00  3.037928e-01 -1.296998e-01  2.139395e-01  1.832180e-03
 3.797653e-01 -1.184520e-01 -2.810759e-01  1.748129e+02  5.000000e-01  6.992266e-01 -1.467854e+00  1.222140e+00  1.375105e-01
 1.873940e-03 -2.455469e-04  1.311279e-05  2.162871e+02  1.000000e+00  2.948912e+02 -8.255502e+01 -5.740464e+01  2.932538e+02
3 -1.102734e-01  4.401555e-01  1.673358e+00  6.739517e-01  3.998492e-01  6.926870e+00 6 1 -1.000000e+00
 1.492088e-01 -4.137479e-01 -6.759712e-01  1.728547e+02  5.000000e-01  4.739428e-01  1.001734e+00  8.675359e-01  1.241084e-01
-2.127212e-01  1.220000e+00  1.690565e+00  0.000000e+00  0.000000e+00  2.220664e-01  1.010092e-01  5.881972e-02  5.796833e-03
 2.319741e-04 -6.579147e-04  2.791990e-06  2.560014e+02  1.000000e+00  6.160344e+02  7.741201e+01  1.187740e+02  6.148094e+02
3 -3.355175e-02 -5.345029e-01  1.243856e+00  6.068462e-01  1.153849e-01  6.917730e+00 6 1 -1.000000e+00
-2.777951e-01 -9.488922e-01  1.781843e+00  0.000000e+00  0.000000e+00  1.711351e-01  3.408232e-01 -9.818344e-02  1.729317e-02
-2.024123e-04  7.602838e-03  3.723830e-04  5.720379e+01  1.000000e+00  5.450142e+01  1.264844e+01  4.124474e+00  5.385980e+01
-1.289254e-02  2.664283e-01 -2.055978e-01  5.091160e+01  5.000000e-01  8.561487e-01  2.203294e+00  1.733563e-01  5.697801e-01
4 -3.778522e+00  2.115720e-01  1.881991e+01  1.214542e+01  1.000000e+00  1.282620e+01 6 3 -1.000000e+00
-1.049752e+01  9.123726e+00  2.080526e+00  0.000000e+00  0.000000e+00  2.600404e-01 -4.542579e-02  2.546154e-01  3.706113e-05
-6.622000e+00 -9.292824e+00  2.057891e+01  3.180825e+03  0.000000e+00  5.279514e-01  1.075147e-01 -4.033324e-01  9.132451e-05
-7.484938e+00 -8.556164e+00 -1.979147e+01  3.182030e+03  5.000000e-01  5.857017e-01  2.812790e-02 -4.705090e-01  1.108913e-04
 5.166504e-01  5.426261e-02 -4.444040e-02  7.593552e+03  5.000000e-01  5.712315e+00 -6.421756e+00 -1.862527e+00  1.504152e+00
3  3.584616e-01 -5.534417e-01  3.244147e+00  1.884151e+00  2.513654e-01  8.253510e+00 6 3 -1.000000e+00
 1.107315e+00 -1.954598e+00  4.755568e+00  0.000000e+00  0.000000e+00  3.973337e-01  2.282677e-01  3.175228e-01  2.065229e-02
-6.271519e-01  7.869544e-01 -1.195385e+00  1.237162e+02  5.000000e-01  7.433931e-01  2.514789e-01  9.160545e-01  1.672308e-01
-9.345089e-03  1.269392e-02  1.041104e-03  1.577881e+02  1.000000e+00  3.239320e+01 -7.813411e-02  5.000818e+00  3.079621e+01
3 -1.558518e-02 -5.162656e-01  1.482370e+00  6.332102e-01  1.482690e-01  9.909050e+00 6 1 -1.000000e+00
-2.801011e-01 -1.144763e+00  1.878440e+00  0.000000e+00  0.000000e+00  2.317086e-01  2.119380e-01 -1.140057e-01  7.236876e-03
-6.696857e-02  3.222053e-01 -2.785144e-01  6.491777e+01  5.000000e-01  9.492144e-01  1.796099e+00  6.058775e-01  3.859498e-01
-1.291228e-03  5.742170e-03  1.964071e-04  7.478279e+01  1.000000e+00  7.741224e+01  1.649884e+01  2.179801e+01  7.594305e+01
3 -4.485557e-01 -2.071694e-01  6.803585e-01  3.559757e-01  2.709360e-01  6.159340e+00 6 1  2.760757e-01
 1.723972e-01 -1.703379e-02 -7.641400e-01  3.499267e+01  5.000000e-01  9.158426e-01 -1.130860e+00  1.920918e-01  1.572579e-01
-5.013623e-01  7.749569e-02  2.820370e+00  0.000000e+00  0.000000e+00  3.481960e-01 -2.471947e-01  9.581143e-02  8.513690e-03
 1.560675e-03 -2.475431e-04  1.160993e-04  4.249799e+01  1.000000e+00  9.887943e+01 -2.893508e+01  1.139430e+01  9.581121e+01
3  1.272753e+00 -9.561466e-01  5.598691e+00  3.715269e+00  6.196341e-03  4.674620e+00 6 2 -1.000000e+00
 3.037214e+00 -4.525018e+00  4.050898e+00  0.000000e+00  0.000000e+00  4.591229e-01  8.270763e-02  1.971005e-01  7.853263e-05
-1.355877e-01  8.786234e-02 -2.510074e-02  4.146063e+03  5.000000e-01  4.186983e+00 -2.734259e+00  6.520747e+00  1.616044e+00
-8.844852e-03  5.464536e-03  1.108222e-04  4.168503e+03  1.000000e+00  1.030612e+02 -2.098410e+01  3.086556e+01  9.878863e+01
3  4.933774e-02  1.007555e-01  4.419728e-01  2.244903e-01  1.362637e-01  4.295960e+00 6 3 -1.000000e+00
-7.133599e-02 -1.137453e-01 -5.297961e-01  2.765803e+01  5.000000e-01  8.256604e-01  8.120916e-01 -1.121793e+00  5.177213e-01
 1.834831e-01  2.473740e-01  3.888021e+00  0.000000e+00  0.000000e+00  3.131180e-01  2.500491e-01 -3.899770e-01  8.093146e-02
-2.159960e-03 -2.936619e-03  1.201235e-03  3.416718e+01  1.000000e+00  3.283358e+01  8.533923e-01 -1.342283e+01  3.218933e+01
3  1.714403e-01 -1.681584e-01  1.553000e+00  8.823403e-01  4.939548e-01  5.354480e+00 6 1 -1.000000e+00
 2.090147e-01 -1.123880e+00  2.394515e+00  0.000000e+00  0.000000e+00  2.732576e-01  2.135887e-01  2.547806e-01  9.123268e-02
-5.283601e-01  2.429001e-01 -1.182782e+00  1.403256e+01  5.000000e-01  6.432421e-01 -6.570647e-01  7.355314e-01  3.829785e-01
-1.072876e-02  9.570748e-03  6.521661e-03  1.874585e+01  1.000000e+00  1.347279e+01 -7.278384e-01  1.305989e+00  1.285539e+01
3 -4.678060e-01 -5.378198e-01  3.981271e-01  1.831566e-01  9.782577e-01  1.241580e+01 6 1  3.052825e-01
 9.467086e-02 -3.096189e-02 -2.633076e+00  4.174014e+00  5.000000e-01  9.653029e-01 -5.547311e-01  2.706681e-01  6.798591e-02
-1.393735e-01  2.911071e-01  2.575827e+00  0.000000e+00  0.000000e+00  3.128646e-01 -7.128619e-02  2.807998e-01  3.370216e-03
 1.752797e-02 -1.080004e-02  2.913521e-01  4.294537e+00  1.000000e+00  2.909196e+00 -3.299565e-01  3.223134e-01  6.194080e-01
3  3.389407e-03 -3.024711e-01  1.309533e+00  5.800435e-01  3.320640e-01  8.791970e+00 6 1 -1.000000e+00
 9.043494e-02 -8.715601e-01  2.277781e+00  0.000000e+00  0.000000e+00  2.322942e-01  3.827658e-01  6.195691e-02  3.070308e-02
 2.827127e-02  4.364964e-01 -7.563691e-01  6.251504e+01  5.000000e-01  4.697195e-01  1.255034e+00 -1.679083e-01  2.094503e-01
 6.965554e-05  1.810039e-03  4.328311e-05  9.942842e+01  1.000000e+00  1.573673e+02  3.568479e+01 -8.580552e+00  1.566333e+02
2 -7.802042e-01  1.825612e-02  2.519098e+00  1.151857e+00  2.118970e-01  9.364500e+00 6 1 -1.000000e+00
-2.075425e+00 -2.341808e-01  2.110543e+00  0.000000e+00  0.000000e+00  2.745148e-01 -2.277777e-01 -2.518510e-02  1.527946e-03
 4.355842e-01 -3.246327e-02 -4.472176e-01  5.004292e+02  5.000000e-01  1.067182e+00 -1.432604e+00  4.338290e-01  9.782535e-02
3  1.781588e-01 -2.031759e-01  9.178074e-01  5.263005e-01  2.208105e-01  5.552230e+00 6 1 -1.000000e+00
 2.945792e-01 -6.160574e-01  1.985008e+00  0.000000e+00  0.000000e+00  2.273371e-01  1.349575e-01  2.738946e-01  1.859228e-02
-2.062619e-01  1.530517e-01 -4.383107e-01  4.306278e+01  5.000000e-01  6.964620e-01 -4.170082e-01  1.483147e+00  3.597634e-01
-2.633891e-03  2.206349e-03  2.268298e-04  5.418361e+01  1.000000e+00  7.044394e+01 -1.071946e+01  1.729049e+01  6.961027e+01
2  3.132118e-01  1.950784e-01  1.436032e+00  4.950496e-01  5.390238e-01  9.659920e+00 6 1 -1.000000e+00
-3.202170e-01 -1.872935e-01 -8.936653e-01  1.015270e+02  5.000000e-01  4.746357e-01 -6.993597e-01 -9.517830e-01  7.499609e-02
 8.539016e-01  6.395285e-01  1.657933e+00  0.000000e+00  0.000000e+00  2.186491e-01 -5.693060e-02 -6.408898e-02  4.067520e-03
3  2.287200e-01  1.345395e+00  2.901766e+00  1.142938e+00  2.420298e-02  5.547360e+00 6 2 -1.000000e+00
 1.000032e+00  2.366034e+00  3.073701e+00  0.000000e+00  0.000000e+00  3.396660e-01  3.074328e-01 -1.272215e-01  8.760471e-03
-6.510395e-02 -3.331754e-01 -7.439272e-02  2.845059e+02  5.000000e-01  2.444455e+00  3.701207e+00 -1.352661e+00  1.533213e+00
-5.133528e-03 -2.436928e-02  5.214155e-04  2.931588e+02  1.000000e+00  5.200167e+01  2.357326e+01 -1.129670e+01  5.025278e+01
3 -2.378522e-01  4.283263e-02  1.322261e+00  7.875651e-01  1.163802e-01  6.161500e+00 6 3 -1.000000e+00
 4.550615e-01 -4.902912e-02 -9.036086e-01  5.331114e+01  5.000000e-01  6.732125e-01 -1.071684e+00  2.548683e-01  8.370218e-02
-8.174550e-01  3.102436e-01  7.764279e+00  0.000000e+00  0.000000e+00  4.199829e-01 -3.423523e-01  3.006989e-01  1.191482e-02
 5.366028e-04 -6.818164e-05  5.379938e-06  9.657939e+01  1.000000e+00  4.451349e+02 -1.062402e+02  9.646880e+00  4.427602e+02
3 -1.078429e-01  5.310140e-02  6.500938e-01  2.354523e-01  4.094520e-01  7.246940e+00 6 3 -1.000000e+00
 2.132745e-01 -9.538234e-02 -1.410506e+00  2.501446e+01  5.000000e-01  4.202371e-01 -7.415813e-01  7.036673e-01  3.710247e-02
-3.440816e-01  2.392460e-01  3.444862e+00  0.000000e+00  0.000000e+00  2.924060e-01 -2.197905e-01  4.026091e-01  8.183295e-03
 2.840662e-04 -2.548859e-04  2.460730e-05  4.642449e+01  1.000000e+00  2.127311e+02  6.407881e+01 -9.252846e+00  2.112841e+02
