# [0]nim, [1]snr, [2]snr_obs, [3]source_id, [4]ein, [5]fs, [6]frac_sh_trunc [7]snr_max [8]flag_out [9]zs [10]xs [11]ys
# [12+8*i]m_type_i, [13+8*i]zl_i, [14+8*i]mass_i, [15+8*i]xl_i, [16+8*i]yl_i
# [17+8*i]e_i, [18+8*i]p_i, [19+8*i]param1(con, tb, ...)_i, i=0,1,2,3,4
# i=0,1 correspond subhalos and satellite gals if not exist, stored -1, please extract using e.g. np.extract(arr > 0, arr)
# i=2,3 correspond host halos and central gals
# i=4 corresponds perturbation
# m_type: 1 = anfw, 2 = ahern, 3 = pert
# observable multi events: 138 (subhalo 36), high-mag events: 86
3  5.865540e+02  4.579511e+02  2.038000e+03  6.491912e-01 6  3.248333e-01  8.360444e+02 1   6.4138 -2.041605e+00  2.985788e+00  0  0.3610  5.788627e+11  0.000000e+00  0.000000e+00  1.415684e-01 -1.168059e+02  1.774689e+01  1  0.3610  3.095666e+10  0.000000e+00  0.000000e+00  3.075774e-01 -9.009696e+01  2.323703e-01  2  0.3610  4.255112e+13 -6.462137e+01  1.108728e+02  3.808923e-01  1.635426e+02  6.964991e+00  3  0.3610  2.354227e+11 -6.462137e+01  1.108728e+02  3.130387e-01  1.331959e+02  7.488107e-01  4  0.3610  6.413840e+00  0.000000e+00  0.000000e+00  9.218154e-02 -1.325837e+02  0.000000e+00 
3  1.085574e+03  1.228737e+03  2.055000e+03  4.359557e-01 6  2.833589e-01  2.359509e+03 3   7.4565 -4.300980e-01  4.810531e-01  0  1.3480  4.659614e+11  0.000000e+00  0.000000e+00  1.896458e-01 -1.661451e+02  1.906470e+01  1  1.3480  1.549756e+10  0.000000e+00  0.000000e+00  2.316969e-01 -8.420517e+01  6.137028e-02  2  1.3480  4.168652e+12 -1.109960e+01  1.434350e+01  9.627708e-02  1.156018e+02  6.487065e+00  3  1.3480  6.164900e+10 -1.109960e+01  1.434350e+01  2.438501e-01  4.936951e+01  1.751237e-01  4  1.3480  7.456520e+00  0.000000e+00  0.000000e+00  7.335482e-02 -3.005475e+01  0.000000e+00 
3  3.965990e+02  1.801261e+02  1.889000e+03  6.580082e-01 6 -1.000000e+00  5.239337e+02 1   6.6193  6.770610e-01  4.993692e-01 -1 -1.0000 -1.000000e+00 -1.000000e+00 -1.000000e+00 -1.000000e+00 -1.000000e+00 -1.000000e+00 -1 -1.0000 -1.000000e+00 -1.000000e+00 -1.000000e+00 -1.000000e+00 -1.000000e+00 -1.000000e+00  0  0.7880  2.872546e+12  0.000000e+00  0.000000e+00  1.237951e-01  5.849310e+01  5.159301e+00  1  0.7880  7.607948e+10  0.000000e+00  0.000000e+00  3.573038e-01  4.739110e+01  1.620846e-01  2  0.7880  6.619330e+00  0.000000e+00  0.000000e+00  1.841001e-01  1.621189e+02  0.000000e+00 
1  1.763734e+03  4.532419e+03  9.775000e+03  8.427793e-02 0  2.955088e-01  4.532419e+03 2   3.2347  9.422386e-02  8.581726e-02  0  0.9610  3.967191e+10  0.000000e+00  0.000000e+00  1.852791e-01  1.090323e+02  4.261824e+01  1  0.9610  8.349168e+07  0.000000e+00  0.000000e+00  2.701680e-01  1.017634e+02  5.643127e-02  2  0.9610  4.379997e+11  6.291755e+00  4.014481e+00  2.531625e-01 -5.992261e+01  5.845020e+00  3  0.9610  9.421849e+09  6.291755e+00  4.014481e+00  3.832392e-01 -3.783581e+01  1.128699e-01  4  0.9610  3.234720e+00  0.000000e+00  0.000000e+00  4.992042e-02 -1.145977e+02  0.000000e+00 
3  3.806427e+03  1.989726e+03  2.288000e+03  3.105161e-01 6  2.875555e-01  5.013490e+03 1   2.6580  4.493800e-01  3.311341e-01  0  1.2440  4.381724e+11  0.000000e+00  0.000000e+00  1.173756e-01  1.940285e+01  1.776762e+01  1  1.2440  1.897059e+10  0.000000e+00  0.000000e+00  2.457182e-01 -8.476426e+01  5.866616e-02  2  1.2440  5.000515e+12  5.537078e+00  1.198465e+01  1.722286e-01 -1.710914e+02  4.534573e+00  3  1.2440  5.952658e+10  5.537078e+00  1.198465e+01  1.350561e-01 -1.662951e+02  6.538818e-02  4  1.2440  2.657970e+00  0.000000e+00  0.000000e+00  9.701331e-02  1.358434e+02  0.000000e+00 
3  6.008400e+02  7.382212e+02  3.070000e+02  5.270627e+00 6  2.870138e-01  1.049830e+03 3   7.7351  4.736554e-01  5.595192e+00  0  0.1370  1.777019e+13  0.000000e+00  0.000000e+00  3.500439e-01  9.943123e+01  2.379186e+01  1  0.1370  1.927493e+11  0.000000e+00  0.000000e+00  4.052427e-01  9.778649e+01  1.283328e+00  2  0.1370  6.290376e+13 -7.589078e+00  5.951969e+01  3.054820e-01 -1.610238e+02  5.318641e+00  3  0.1370  5.130855e+11 -7.589078e+00  5.951969e+01  4.202201e-01 -1.856066e+02  3.516414e+00  4  0.1370  7.735140e+00  0.000000e+00  0.000000e+00  1.091248e-01  1.063847e+02  0.000000e+00 
3  7.747011e+02  4.857563e+02  6.685000e+03  8.108796e-02 6 -1.000000e+00  1.039867e+03 1   2.9240 -5.906998e-02  3.856754e-02 -1 -1.0000 -1.000000e+00 -1.000000e+00 -1.000000e+00 -1.000000e+00 -1.000000e+00 -1.000000e+00 -1 -1.0000 -1.000000e+00 -1.000000e+00 -1.000000e+00 -1.000000e+00 -1.000000e+00 -1.000000e+00  0  1.7320  4.454425e+11  0.000000e+00  0.000000e+00  1.863682e-01 -9.108171e+01  4.029502e+00  1  1.7320  5.542533e+09  0.000000e+00  0.000000e+00  4.096710e-01 -5.460300e+01  3.487792e-02  2  1.7320  2.924000e+00  0.000000e+00  0.000000e+00  8.929357e-02  2.468113e+01  0.000000e+00 
3  4.515249e+02  2.318986e+02  7.060000e+03  3.280855e-01 6 -1.000000e+00  6.176765e+02 1   2.8793  6.095403e-02 -2.687812e-01 -1 -1.0000 -1.000000e+00 -1.000000e+00 -1.000000e+00 -1.000000e+00 -1.000000e+00 -1.000000e+00 -1 -1.0000 -1.000000e+00 -1.000000e+00 -1.000000e+00 -1.000000e+00 -1.000000e+00 -1.000000e+00  0  1.1570  1.361631e+12  0.000000e+00  0.000000e+00  1.558718e-01  4.515830e+01  4.336122e+00  1  1.1570  4.116481e+10  0.000000e+00  0.000000e+00  4.598726e-01  3.846442e+01  2.068359e-02  2  1.1570  2.879300e+00  0.000000e+00  0.000000e+00  6.034499e-02 -1.367991e+02  0.000000e+00 
3  5.882851e+02  7.755246e+02  4.400000e+03  8.469205e-01 6 -1.000000e+00  1.100480e+03 3   4.6941 -1.421727e-03 -2.340038e-01 -1 -1.0000 -1.000000e+00 -1.000000e+00 -1.000000e+00 -1.000000e+00 -1.000000e+00 -1.000000e+00 -1 -1.0000 -1.000000e+00 -1.000000e+00 -1.000000e+00 -1.000000e+00 -1.000000e+00 -1.000000e+00  0  0.7460  9.133093e+12  0.000000e+00  0.000000e+00  1.613983e-01 -1.164803e+02  4.737720e+00  1  0.7460  7.709901e+10  0.000000e+00  0.000000e+00  1.205635e-01 -1.055729e+02  1.325136e-01  2  0.7460  4.694110e+00  0.000000e+00  0.000000e+00  6.570103e-02  3.440130e+01  0.000000e+00 
3  8.165640e+02  5.802713e+02  4.710000e+02  2.395009e-01 6 -1.000000e+00  1.224253e+03 1   4.8753  1.512918e-01  5.100942e-02 -1 -1.0000 -1.000000e+00 -1.000000e+00 -1.000000e+00 -1.000000e+00 -1.000000e+00 -1.000000e+00 -1 -1.0000 -1.000000e+00 -1.000000e+00 -1.000000e+00 -1.000000e+00 -1.000000e+00 -1.000000e+00  0  2.2110  1.413217e+12  0.000000e+00  0.000000e+00  7.775949e-02  1.477042e+02  2.654732e+00  1  2.2110  4.019753e+10  0.000000e+00  0.000000e+00  3.527456e-01  1.546043e+02  6.072718e-02  2  2.2110  4.875270e+00  0.000000e+00  0.000000e+00  5.442425e-02 -5.233775e+01  0.000000e+00 
5  6.791210e+01  1.262590e+02  4.600000e+02  9.091945e-01 6 -1.000000e+00  1.437678e+02 3   4.4092 -3.093517e-02  6.938521e-02 -1 -1.0000 -1.000000e+00 -1.000000e+00 -1.000000e+00 -1.000000e+00 -1.000000e+00 -1.000000e+00 -1 -1.0000 -1.000000e+00 -1.000000e+00 -1.000000e+00 -1.000000e+00 -1.000000e+00 -1.000000e+00  0  0.8230  4.460052e+12  0.000000e+00  0.000000e+00  1.604595e-01 -2.512335e+01  8.751009e+00  1  0.8230  9.658029e+10  0.000000e+00  0.000000e+00  1.780832e-01 -1.063200e+01  1.224820e-01  2  0.8230  4.409160e+00  0.000000e+00  0.000000e+00  1.133724e-01 -4.453912e+00  0.000000e+00 
3  1.965032e+03  8.421751e+02  1.623000e+03  1.329019e-01 6 -1.000000e+00  2.483216e+03 1   2.8896  1.842712e-01 -2.856498e-02 -1 -1.0000 -1.000000e+00 -1.000000e+00 -1.000000e+00 -1.000000e+00 -1.000000e+00 -1.000000e+00 -1 -1.0000 -1.000000e+00 -1.000000e+00 -1.000000e+00 -1.000000e+00 -1.000000e+00 -1.000000e+00  0  1.1760  4.948528e+11  0.000000e+00  0.000000e+00  3.539903e-01  1.192920e+02  7.029755e+00  1  1.1760  9.201264e+09  0.000000e+00  0.000000e+00  5.931565e-01  1.432758e+02  3.453667e-02  2  1.1760  2.889620e+00  0.000000e+00  0.000000e+00  1.186168e-01 -1.641493e+02  0.000000e+00 
3  1.744900e+03  1.198157e+03  6.719000e+03  5.856380e-01 6 -1.000000e+00  2.618174e+03 1   5.1636  3.855789e-02 -4.699547e-01 -1 -1.0000 -1.000000e+00 -1.000000e+00 -1.000000e+00 -1.000000e+00 -1.000000e+00 -1.000000e+00 -1 -1.0000 -1.000000e+00 -1.000000e+00 -1.000000e+00 -1.000000e+00 -1.000000e+00 -1.000000e+00  0  1.4100  9.455405e+12  0.000000e+00  0.000000e+00  1.607511e-01  1.671405e+02  2.891317e+00  1  1.4100  8.710063e+10  0.000000e+00  0.000000e+00  3.701840e-01  1.526864e+02  4.540815e-02  2  1.4100  5.163640e+00  0.000000e+00  0.000000e+00  1.230066e-01 -9.638631e+01  0.000000e+00 
3  2.972181e+02  1.468595e+02  4.623000e+03  5.808631e-01 6 -1.000000e+00  4.131769e+02 1   6.3857  6.956551e-02  4.819811e-01 -1 -1.0000 -1.000000e+00 -1.000000e+00 -1.000000e+00 -1.000000e+00 -1.000000e+00 -1.000000e+00 -1 -1.0000 -1.000000e+00 -1.000000e+00 -1.000000e+00 -1.000000e+00 -1.000000e+00 -1.000000e+00  0  1.6690  2.746230e+12  0.000000e+00  0.000000e+00  2.238965e-01 -1.197375e+02  4.201972e+00  1  1.6690  6.539768e+10  0.000000e+00  0.000000e+00  2.299602e-01 -1.222674e+02  4.179866e-02  2  1.6690  6.385680e+00  0.000000e+00  0.000000e+00  1.461213e-02  7.904561e+00  0.000000e+00 
3  1.233978e+03  6.112868e+02  4.389000e+03  6.119866e-01 6 -1.000000e+00  1.557956e+03 1   5.7816 -3.708246e-02 -5.213445e-01 -1 -1.0000 -1.000000e+00 -1.000000e+00 -1.000000e+00 -1.000000e+00 -1.000000e+00 -1.000000e+00 -1 -1.0000 -1.000000e+00 -1.000000e+00 -1.000000e+00 -1.000000e+00 -1.000000e+00 -1.000000e+00  0  1.3070  1.537122e+12  0.000000e+00  0.000000e+00  1.846950e-01 -1.194355e+02  4.979315e+00  1  1.3070  6.588580e+10  0.000000e+00  0.000000e+00  1.800173e-01 -9.970086e+01  4.045847e-02  2  1.3070  5.781650e+00  0.000000e+00  0.000000e+00  4.918528e-02  9.386544e+01  0.000000e+00 
5  5.883385e+02  1.067835e+03  2.373000e+03  1.959901e+00 6 -1.000000e+00  2.310740e+03 3   6.9006  1.410723e+00 -9.307124e-01 -1 -1.0000 -1.000000e+00 -1.000000e+00 -1.000000e+00 -1.000000e+00 -1.000000e+00 -1.000000e+00 -1 -1.0000 -1.000000e+00 -1.000000e+00 -1.000000e+00 -1.000000e+00 -1.000000e+00 -1.000000e+00  0  1.4740  3.958247e+13  0.000000e+00  0.000000e+00  5.897760e-01  4.353642e+01  4.143781e+00  1  1.4740  1.663814e+11  0.000000e+00  0.000000e+00  3.501114e-01  6.741653e+01  8.318778e-02  2  1.4740  6.900570e+00  0.000000e+00  0.000000e+00  9.449846e-02  7.039214e+01  0.000000e+00 
3  6.012479e+02  9.531850e+02  5.273000e+03  1.083566e+00 6 -1.000000e+00  1.536423e+03 3   7.1635 -1.547634e-01 -1.559403e-01 -1 -1.0000 -1.000000e+00 -1.000000e+00 -1.000000e+00 -1.000000e+00 -1.000000e+00 -1.000000e+00 -1 -1.0000 -1.000000e+00 -1.000000e+00 -1.000000e+00 -1.000000e+00 -1.000000e+00 -1.000000e+00  0  0.6240  6.462307e+12  0.000000e+00  0.000000e+00  1.419145e-01  1.535492e+02  6.056659e+00  1  0.6240  1.016367e+11  0.000000e+00  0.000000e+00  1.248884e-01  9.824946e+01  1.025298e-01  2  0.6240  7.163550e+00  0.000000e+00  0.000000e+00  8.401900e-03  5.532104e+01  0.000000e+00 
3  1.649284e+03  9.485518e+02  2.157000e+03  6.547570e-01 6 -1.000000e+00  1.955776e+03 1   4.5726  4.376577e-01  3.335467e-01 -1 -1.0000 -1.000000e+00 -1.000000e+00 -1.000000e+00 -1.000000e+00 -1.000000e+00 -1.000000e+00 -1 -1.0000 -1.000000e+00 -1.000000e+00 -1.000000e+00 -1.000000e+00 -1.000000e+00 -1.000000e+00  0  0.9400  2.176702e+12  0.000000e+00  0.000000e+00  1.869884e-01 -9.217193e+01  3.310478e+00  1  0.9400  7.767550e+10  0.000000e+00  0.000000e+00  3.316080e-01 -1.173614e+02  6.931654e-02  2  0.9400  4.572610e+00  0.000000e+00  0.000000e+00  1.496269e-01  4.482242e+01  0.000000e+00 
3  1.058559e+03  5.794904e+02  9.549000e+03  2.482020e-01 6 -1.000000e+00  1.310837e+03 1   6.1418 -1.625197e-01 -1.814555e-01 -1 -1.0000 -1.000000e+00 -1.000000e+00 -1.000000e+00 -1.000000e+00 -1.000000e+00 -1.000000e+00 -1 -1.0000 -1.000000e+00 -1.000000e+00 -1.000000e+00 -1.000000e+00 -1.000000e+00 -1.000000e+00  0  2.2870  1.402879e+12  0.000000e+00  0.000000e+00  2.988574e-01  6.261339e+00  3.135672e+00  1  2.2870  2.808195e+10  0.000000e+00  0.000000e+00  2.103783e-01  1.112727e+01  3.829771e-02  2  2.2870  6.141840e+00  0.000000e+00  0.000000e+00  1.954072e-01  2.717143e+01  0.000000e+00 
1  2.682273e+03  5.189236e+03  3.623000e+03  1.848858e-01 0  3.151025e-01  5.189236e+03 2   3.7279  1.106890e-01 -7.977618e-01  0  0.8420  2.041317e+11  0.000000e+00  0.000000e+00  5.870924e-01 -1.575325e+02  2.912748e+01  1  0.8420  3.720700e+09  0.000000e+00  0.000000e+00  3.745824e-01 -1.824905e+02  1.563472e-01  2  0.8420  2.336962e+13  5.374563e+00 -1.022919e+01  5.918665e-01  4.205650e+01  1.734316e+00  3  0.8420  1.533888e+11  5.374563e+00 -1.022919e+01  1.466985e-01  3.885683e+01  1.395407e-01  4  0.8420  3.727920e+00  0.000000e+00  0.000000e+00  6.862745e-02 -6.645657e+00  0.000000e+00 
2  6.936740e+02  3.258379e+02  5.773000e+03  3.587920e-01 6 -1.000000e+00  9.072236e+02 1   6.4308 -2.922324e-01 -9.007428e-02 -1 -1.0000 -1.000000e+00 -1.000000e+00 -1.000000e+00 -1.000000e+00 -1.000000e+00 -1.000000e+00 -1 -1.0000 -1.000000e+00 -1.000000e+00 -1.000000e+00 -1.000000e+00 -1.000000e+00 -1.000000e+00  0  1.6890  1.258796e+12  0.000000e+00  0.000000e+00  6.314806e-01  1.668051e+02  6.774091e+00  1  1.6890  2.824978e+10  0.000000e+00  0.000000e+00  1.291409e-01  1.534890e+02  1.559797e-02  2  1.6890  6.430830e+00  0.000000e+00  0.000000e+00  1.717968e-01  1.237349e+02  0.000000e+00 
1  7.175465e+02  1.347609e+03  3.950000e+02  1.813343e+00 0 -1.000000e+00  1.347609e+03 2   3.0875  1.436519e+00 -1.476510e+00 -1 -1.0000 -1.000000e+00 -1.000000e+00 -1.000000e+00 -1.000000e+00 -1.000000e+00 -1.000000e+00 -1 -1.0000 -1.000000e+00 -1.000000e+00 -1.000000e+00 -1.000000e+00 -1.000000e+00 -1.000000e+00  0  0.5100  7.304099e+13  0.000000e+00  0.000000e+00  4.574857e-01  1.920503e+01  4.828877e+00  1  0.5100  2.655857e+11  0.000000e+00  0.000000e+00  3.665645e-01  1.809098e+01  4.364640e-01  2  0.5100  3.087500e+00  0.000000e+00  0.000000e+00  1.207650e-01 -7.120546e+01  0.000000e+00 
3  7.270411e+02  1.490670e+03  3.922000e+03  5.724581e-01 6  2.703854e-01  3.270254e+03 3   5.3493 -2.982954e-01  7.283235e-01  0  2.1250  1.889459e+12  0.000000e+00  0.000000e+00  3.434896e-02 -7.781409e+01  1.093006e+01  1  2.1250  3.533597e+10  0.000000e+00  0.000000e+00  2.134543e-01 -1.635536e+01  4.256412e-02  2  2.1250  6.233992e+12 -1.586026e+00  4.948132e+00  2.197988e-01 -9.588497e+01  2.617163e+00  3  2.1250  8.223537e+10 -1.586026e+00  4.948132e+00  2.728219e-01 -8.550533e+01  1.257801e-02  4  2.1250  5.349290e+00  0.000000e+00  0.000000e+00  4.703614e-02  1.767013e+02  0.000000e+00 
3  8.513938e+02  4.138123e+02  2.456000e+03  5.486063e-01 6 -1.000000e+00  1.066824e+03 1   7.7163  1.063108e-01  3.000863e-01 -1 -1.0000 -1.000000e+00 -1.000000e+00 -1.000000e+00 -1.000000e+00 -1.000000e+00 -1.000000e+00 -1 -1.0000 -1.000000e+00 -1.000000e+00 -1.000000e+00 -1.000000e+00 -1.000000e+00 -1.000000e+00  0  0.7900  1.079883e+12  0.000000e+00  0.000000e+00  1.340312e-01  1.482478e+02  3.657469e+00  1  0.7900  3.197480e+10  0.000000e+00  0.000000e+00  7.480468e-01  1.039378e+02  1.059688e-01  2  0.7900  7.716310e+00  0.000000e+00  0.000000e+00  1.659765e-01  1.266990e+02  0.000000e+00 
3  6.054120e+02  4.181958e+02  7.010000e+03  7.139827e-01 6 -1.000000e+00  1.080501e+03 3   6.9859  4.389783e-01  1.493092e-01 -1 -1.0000 -1.000000e+00 -1.000000e+00 -1.000000e+00 -1.000000e+00 -1.000000e+00 -1.000000e+00 -1 -1.0000 -1.000000e+00 -1.000000e+00 -1.000000e+00 -1.000000e+00 -1.000000e+00 -1.000000e+00  0  1.3320  4.032931e+12  0.000000e+00  0.000000e+00  3.105918e-01 -1.465901e+02  5.964427e+00  1  1.3320  7.153897e+10  0.000000e+00  0.000000e+00  7.652676e-02 -1.777324e+02  6.836868e-02  2  1.3320  6.985950e+00  0.000000e+00  0.000000e+00  1.319043e-01 -5.765311e+01  0.000000e+00 
5  2.415579e+02  5.106607e+02  7.882000e+03  9.167978e-01 6 -1.000000e+00  1.100082e+03 3   7.4572 -1.867268e-01  6.462335e-02 -1 -1.0000 -1.000000e+00 -1.000000e+00 -1.000000e+00 -1.000000e+00 -1.000000e+00 -1.000000e+00 -1 -1.0000 -1.000000e+00 -1.000000e+00 -1.000000e+00 -1.000000e+00 -1.000000e+00 -1.000000e+00  0  0.8880  5.538285e+12  0.000000e+00  0.000000e+00  3.882449e-01 -1.048379e+02  5.611064e+00  1  0.8880  8.150893e+10  0.000000e+00  0.000000e+00  6.590329e-01 -7.412320e+01  3.944668e-01  2  0.8880  7.457150e+00  0.000000e+00  0.000000e+00  1.246307e-01 -1.464170e+02  0.000000e+00 
3  6.526247e+01  3.550838e+01  1.450000e+02  7.931049e-01 6 -1.000000e+00  8.510647e+01 1   4.8643  8.403803e-01  4.514513e-02 -1 -1.0000 -1.000000e+00 -1.000000e+00 -1.000000e+00 -1.000000e+00 -1.000000e+00 -1.000000e+00 -1 -1.0000 -1.000000e+00 -1.000000e+00 -1.000000e+00 -1.000000e+00 -1.000000e+00 -1.000000e+00  0  0.9670  3.258486e+12  0.000000e+00  0.000000e+00  3.800329e-01 -1.395137e+02  7.571246e+00  1  0.9670  1.340106e+11  0.000000e+00  0.000000e+00  3.765125e-01 -1.929995e+02  1.264275e-01  2  0.9670  4.864340e+00  0.000000e+00  0.000000e+00  3.693779e-02 -6.226412e+00  0.000000e+00 
1  1.657951e+03  2.993871e+03  5.250000e+03  6.994668e-03 0 -1.000000e+00  2.993871e+03 2   5.2943 -9.384912e-03  1.662330e-02 -1 -1.0000 -1.000000e+00 -1.000000e+00 -1.000000e+00 -1.000000e+00 -1.000000e+00 -1.000000e+00 -1 -1.0000 -1.000000e+00 -1.000000e+00 -1.000000e+00 -1.000000e+00 -1.000000e+00 -1.000000e+00  0  1.6930  8.381108e+10  0.000000e+00  0.000000e+00  1.048598e-01  1.417066e+02  9.647112e+00  1  1.6930  2.512922e+08  0.000000e+00  0.000000e+00  2.191402e-01  1.287281e+02  7.755496e-02  2  1.6930  5.294330e+00  0.000000e+00  0.000000e+00  5.679022e-02  5.402460e+01  0.000000e+00 
1  1.482541e+03  3.282308e+03  8.532000e+03  2.248665e+00 0  2.915989e-01  3.282308e+03 2   4.2793 -2.193126e+00  5.147391e-01  0  0.3160  8.638799e+12  0.000000e+00  0.000000e+00  1.775234e-01 -1.647319e+02  1.531131e+01  1  0.3160  8.252427e+10  0.000000e+00  0.000000e+00  4.270196e-01 -1.503402e+02  6.330299e-01  2  0.3160  5.923505e+13 -1.206867e+01  1.099791e+00  4.108661e-01  1.100047e+02  4.554880e+00  3  0.3160  4.127423e+11 -1.206867e+01  1.099791e+00  5.382826e-01  7.389970e+01  8.283503e-01  4  0.3160  4.279320e+00  0.000000e+00  0.000000e+00  8.344365e-02  1.297201e+02  0.000000e+00 
3  7.022537e+02  4.756669e+02  2.830000e+02  4.715991e-01 6  3.019289e-01  8.763792e+02 1   5.8509 -1.866325e-01  1.468633e+00  0  0.6350  5.283691e+11  0.000000e+00  0.000000e+00  5.262847e-01  1.518142e+02  1.464089e+01  1  0.6350  3.201687e+10  0.000000e+00  0.000000e+00  2.946098e-01  1.843564e+02  8.954852e-02  2  0.6350  8.464682e+12  4.262783e+00  1.154781e+01  4.456166e-01  1.230182e+02  6.984574e+00  3  0.6350  1.035679e+11  4.262783e+00  1.154781e+01  1.384046e-01  1.859733e+02  2.017417e-01  4  0.6350  5.850850e+00  0.000000e+00  0.000000e+00  5.521190e-02 -4.083943e+01  0.000000e+00 
3  1.414980e+03  1.384348e+03  2.415000e+03  3.420996e-01 6 -1.000000e+00  2.279657e+03 1   4.1971 -2.408106e-02  1.269598e-01 -1 -1.0000 -1.000000e+00 -1.000000e+00 -1.000000e+00 -1.000000e+00 -1.000000e+00 -1.000000e+00 -1 -1.0000 -1.000000e+00 -1.000000e+00 -1.000000e+00 -1.000000e+00 -1.000000e+00 -1.000000e+00  0  1.2290  1.627524e+12  0.000000e+00  0.000000e+00  9.742978e-02 -1.563781e+02  3.759577e+00  1  1.2290  4.016635e+10  0.000000e+00  0.000000e+00  3.622765e-01 -1.262501e+02  1.240558e-01  2  1.2290  4.197120e+00  0.000000e+00  0.000000e+00  5.205536e-02 -1.261955e+02  0.000000e+00 
3  1.039529e+02  8.950716e+01  6.900000e+03  4.087310e-01 6  2.837338e-01  1.369494e+02 1   5.5352 -4.990043e-01  6.880832e-01  0  1.3150  6.218359e+11  0.000000e+00  0.000000e+00  1.874961e-01  4.950220e+01  1.258860e+01  1  1.3150  2.087879e+10  0.000000e+00  0.000000e+00  3.429078e-02  6.541186e+01  4.027566e-02  2  1.3150  5.796932e+12 -3.395630e+00  1.118372e+01  4.338033e-02 -1.695323e+01  3.207025e+00  3  1.3150  9.284596e+10 -3.395630e+00  1.118372e+01  5.736905e-01 -1.926947e+01  3.982801e-02  4  1.3150  5.535170e+00  0.000000e+00  0.000000e+00  1.210928e-01  3.509915e+01  0.000000e+00 
3  5.188255e+03  2.935090e+03  5.348000e+03  4.796298e-01 6  2.969454e-01  8.309290e+03 1   1.1202  2.280960e-01 -2.158649e-01  0  0.5250  6.870161e+11  0.000000e+00  0.000000e+00  3.192126e-01  1.388714e+02  3.497725e+01  1  0.5250  3.808090e+10  0.000000e+00  0.000000e+00  4.979917e-01  1.497924e+02  1.176241e-01  2  0.5250  5.623671e+12  2.186014e+01  3.224324e+00  8.227553e-02 -1.664949e+02  2.872267e+00  3  0.5250  1.049394e+11  2.186014e+01  3.224324e+00  2.869489e-01 -1.641932e+02  1.586345e-01  4  0.5250  1.120210e+00  0.000000e+00  0.000000e+00  4.381828e-02  1.761720e+02  0.000000e+00 
3  2.031890e+02  2.156878e+02  5.040000e+03  9.011633e-01 6 -1.000000e+00  2.749902e+02 1   2.0678  1.412435e-01  2.512158e-01 -1 -1.0000 -1.000000e+00 -1.000000e+00 -1.000000e+00 -1.000000e+00 -1.000000e+00 -1.000000e+00 -1 -1.0000 -1.000000e+00 -1.000000e+00 -1.000000e+00 -1.000000e+00 -1.000000e+00 -1.000000e+00  0  0.8760  1.843523e+12  0.000000e+00  0.000000e+00  2.813897e-01  7.586104e+01  8.598479e+00  1  0.8760  7.176292e+10  0.000000e+00  0.000000e+00  7.658532e-01  8.532711e+01  1.559847e-01  2  0.8760  2.067820e+00  0.000000e+00  0.000000e+00  2.027142e-02 -1.449055e+02  0.000000e+00 
3  1.712215e+03  1.216894e+03  4.632000e+03  3.404276e-01 6 -1.000000e+00  2.471764e+03 1   4.7599  1.671086e-02  2.436957e-01 -1 -1.0000 -1.000000e+00 -1.000000e+00 -1.000000e+00 -1.000000e+00 -1.000000e+00 -1.000000e+00 -1 -1.0000 -1.000000e+00 -1.000000e+00 -1.000000e+00 -1.000000e+00 -1.000000e+00 -1.000000e+00  0  1.3330  1.433495e+12  0.000000e+00  0.000000e+00  2.381269e-01  1.278739e+02  4.000200e+00  1  1.3330  4.965610e+10  0.000000e+00  0.000000e+00  3.732621e-01  1.813206e+02  6.800916e-02  2  1.3330  4.759910e+00  0.000000e+00  0.000000e+00  4.779766e-02  1.029480e+02  0.000000e+00 
1  1.775302e+02  3.142534e+02  9.812000e+03  3.884256e+00 0  2.784983e-01  3.142534e+02 2   5.5249  1.621371e+01 -1.052352e+01  0  0.6040  2.900313e+13  0.000000e+00  0.000000e+00  4.269339e-01 -1.358692e+02  1.109056e+01  1  0.6040  1.446085e+11  0.000000e+00  0.000000e+00  2.990553e-01 -1.485345e+02  1.273971e-01  2  0.6040  1.287817e+14  4.321592e+01 -2.640110e+01  4.059905e-01 -1.058700e+02  5.518932e+00  3  0.6040  4.079614e+11  4.321592e+01 -2.640110e+01  2.279718e-01 -8.269562e+01  7.657280e-01  4  0.6040  5.524950e+00  0.000000e+00  0.000000e+00  9.562074e-02  6.598951e+01  0.000000e+00 
3  4.393652e+02  5.987150e+02  6.660000e+03  1.122194e+00 6  2.827725e-01  8.530674e+02 3   7.7050  9.506280e-01 -1.707639e+00  0  1.0730  1.875779e+12  0.000000e+00  0.000000e+00  1.924534e-01  4.418653e+01  1.643519e+01  1  1.0730  8.631759e+10  0.000000e+00  0.000000e+00  1.098577e-01  9.639466e+01  1.092962e-01  2  1.0730  1.373944e+13  1.178341e+01 -1.679235e+01  4.923455e-01  1.434584e+02  2.941419e+00  3  1.0730  1.174915e+11  1.178341e+01 -1.679235e+01  4.076717e-01  1.072770e+02  8.879331e-02  4  1.0730  7.705030e+00  0.000000e+00  0.000000e+00  1.115649e-01  4.650510e+01  0.000000e+00 
3  2.463134e+03  1.482708e+03  7.389000e+03  5.084507e-01 6 -1.000000e+00  3.496815e+03 1   3.7173  1.631569e-01 -2.958995e-01 -1 -1.0000 -1.000000e+00 -1.000000e+00 -1.000000e+00 -1.000000e+00 -1.000000e+00 -1.000000e+00 -1 -1.0000 -1.000000e+00 -1.000000e+00 -1.000000e+00 -1.000000e+00 -1.000000e+00 -1.000000e+00  0  1.3490  4.251241e+12  0.000000e+00  0.000000e+00  4.403844e-01 -1.092308e+00  6.151397e+00  1  1.3490  6.450508e+10  0.000000e+00  0.000000e+00  2.298690e-01  2.462055e+01  7.804685e-02  2  1.3490  3.717320e+00  0.000000e+00  0.000000e+00  1.409709e-01 -2.713833e+01  0.000000e+00 
5  2.135131e+02  4.221791e+02  1.363000e+03  1.270448e+00 6  2.789467e-01  5.892111e+02 3   5.3443 -1.048625e+00  6.997912e-01  0  0.8530  2.392827e+12  0.000000e+00  0.000000e+00  9.124658e-02 -2.179225e+01  1.750602e+01  1  0.8530  4.659045e+10  0.000000e+00  0.000000e+00  1.599631e-01 -6.728111e+01  1.268208e-01  2  0.8530  6.258948e+12 -3.149131e+00  1.916224e+00  3.240113e-01  1.368135e+01  7.025564e+00  3  0.8530  9.183573e+10 -3.149131e+00  1.916224e+00  7.431490e-02 -2.409864e+01  6.379368e-02  4  0.8530  5.344260e+00  0.000000e+00  0.000000e+00  8.717375e-02 -1.569973e+02  0.000000e+00 
2  7.036004e+02  4.743486e+02  7.075000e+03  1.148134e+00 6  2.757449e-01  1.193981e+03 1   6.3714  2.567267e-01  1.182941e+00  0  1.2670  2.935867e+12  0.000000e+00  0.000000e+00  2.333866e-01 -9.762018e+01  1.352383e+01  1  1.2670  6.606957e+10  0.000000e+00  0.000000e+00  8.078694e-02 -1.007574e+02  2.085963e-02  2  1.2670  9.013867e+12  1.136034e+01  1.614604e+01  2.243290e-01 -1.640962e+02  2.661459e+00  3  1.2670  1.056825e+11  1.136034e+01  1.614604e+01  3.490946e-01 -1.982458e+02  1.110226e-01  4  1.2670  6.371420e+00  0.000000e+00  0.000000e+00  7.775428e-02 -8.275784e+01  0.000000e+00 
2  1.734670e+02  2.881185e+02  5.674000e+03  2.160590e+00 6 -1.000000e+00  3.858805e+02 3   6.1974  8.852982e-01  1.212727e-01 -1 -1.0000 -1.000000e+00 -1.000000e+00 -1.000000e+00 -1.000000e+00 -1.000000e+00 -1.000000e+00 -1 -1.0000 -1.000000e+00 -1.000000e+00 -1.000000e+00 -1.000000e+00 -1.000000e+00 -1.000000e+00  0  1.4390  4.284421e+13  0.000000e+00  0.000000e+00  3.439620e-01  2.060719e+01  4.499548e+00  1  1.4390  1.840568e+11  0.000000e+00  0.000000e+00  2.334803e-01  7.091906e+01  6.589466e-02  2  1.4390  6.197450e+00  0.000000e+00  0.000000e+00  1.545817e-01 -2.798981e+01  0.000000e+00 
3  1.499424e+03  6.686476e+02  8.738000e+03  6.301817e-01 6 -1.000000e+00  1.828100e+03 1   5.3152  3.846515e-01 -5.884012e-01 -1 -1.0000 -1.000000e+00 -1.000000e+00 -1.000000e+00 -1.000000e+00 -1.000000e+00 -1.000000e+00 -1 -1.0000 -1.000000e+00 -1.000000e+00 -1.000000e+00 -1.000000e+00 -1.000000e+00 -1.000000e+00  0  0.6410  1.397784e+12  0.000000e+00  0.000000e+00  2.195373e-01  1.542239e+02  7.561936e+00  1  0.6410  5.968253e+10  0.000000e+00  0.000000e+00  4.207045e-01  1.274341e+02  1.248604e-01  2  0.6410  5.315180e+00  0.000000e+00  0.000000e+00  1.119950e-01 -8.097946e+01  0.000000e+00 
3  1.514212e+03  7.178802e+02  2.002000e+03  5.382338e-01 6 -1.000000e+00  2.005106e+03 1   3.8546  8.357980e-02  5.370491e-01 -1 -1.0000 -1.000000e+00 -1.000000e+00 -1.000000e+00 -1.000000e+00 -1.000000e+00 -1.000000e+00 -1 -1.0000 -1.000000e+00 -1.000000e+00 -1.000000e+00 -1.000000e+00 -1.000000e+00 -1.000000e+00  0  0.8030  1.643919e+12  0.000000e+00  0.000000e+00  9.300275e-02 -1.993029e+01  5.676998e+00  1  0.8030  7.028629e+10  0.000000e+00  0.000000e+00  3.091467e-01 -1.488658e+00  4.831699e-02  2  0.8030  3.854580e+00  0.000000e+00  0.000000e+00  5.672429e-02  1.136646e+02  0.000000e+00 
3  6.526247e+01  5.630675e+01  1.450000e+02  3.468178e-01 6  2.788686e-01  1.420431e+02 3   4.8643  5.678496e-02  8.736401e-01  0  1.2780  9.602876e+11  0.000000e+00  0.000000e+00  1.493854e-01 -1.971152e+01  7.700846e+00  1  1.2780  3.143325e+10  0.000000e+00  0.000000e+00  2.544080e-01 -9.346251e+00  6.740311e-02  2  1.2780  4.089896e+12  8.337087e-01  1.292092e+01  3.952090e-01  1.038758e+02  2.761693e+00  3  1.2780  8.008496e+10  8.337087e-01  1.292092e+01  3.152828e-01  1.181163e+02  1.075230e-01  4  1.2780  4.864340e+00  0.000000e+00  0.000000e+00  2.877459e-02 -6.278374e+01  0.000000e+00 
3  1.846481e+03  9.424145e+02  8.756000e+03  2.172452e-01 6 -1.000000e+00  2.504711e+03 1   4.7769 -1.496538e-01  1.515781e-01 -1 -1.0000 -1.000000e+00 -1.000000e+00 -1.000000e+00 -1.000000e+00 -1.000000e+00 -1.000000e+00 -1 -1.0000 -1.000000e+00 -1.000000e+00 -1.000000e+00 -1.000000e+00 -1.000000e+00 -1.000000e+00  0  2.1570  1.265579e+12  0.000000e+00  0.000000e+00  6.750960e-02  3.439692e+01  3.842718e+00  1  2.1570  2.475585e+10  0.000000e+00  0.000000e+00  2.810961e-01  9.944493e+00  2.604691e-02  2  2.1570  4.776880e+00  0.000000e+00  0.000000e+00  6.708577e-02  1.046828e+02  0.000000e+00 
3  6.643042e+02  4.884808e+02  3.142000e+03  3.357677e+00 6 -1.000000e+00  1.163135e+03 3   5.4886  1.424017e+00 -7.575843e-01 -1 -1.0000 -1.000000e+00 -1.000000e+00 -1.000000e+00 -1.000000e+00 -1.000000e+00 -1.000000e+00 -1 -1.0000 -1.000000e+00 -1.000000e+00 -1.000000e+00 -1.000000e+00 -1.000000e+00 -1.000000e+00  0  0.3720  4.491273e+13  0.000000e+00  0.000000e+00  2.055673e-01 -6.805850e+01  8.155337e+00  1  0.3720  2.433763e+11  0.000000e+00  0.000000e+00  2.533351e-01 -9.758804e+01  4.844994e-01  2  0.3720  5.488640e+00  0.000000e+00  0.000000e+00  7.050899e-02  1.049708e+02  0.000000e+00 
3  9.572339e+02  1.388023e+03  5.461000e+03  1.464073e+00 6 -1.000000e+00  2.582439e+03 3   5.3518 -3.796511e-01  2.697109e-01 -1 -1.0000 -1.000000e+00 -1.000000e+00 -1.000000e+00 -1.000000e+00 -1.000000e+00 -1.000000e+00 -1 -1.0000 -1.000000e+00 -1.000000e+00 -1.000000e+00 -1.000000e+00 -1.000000e+00 -1.000000e+00  0  0.5230  3.453347e+13  0.000000e+00  0.000000e+00  1.429493e-01 -1.571735e+02  4.911283e+00  1  0.5230  1.847965e+11  0.000000e+00  0.000000e+00  3.365491e-01 -1.436599e+02  4.802704e-01  2  0.5230  5.351780e+00  0.000000e+00  0.000000e+00  6.493157e-02  1.065784e+02  0.000000e+00 
1  9.789187e+01  1.954023e+02  8.453000e+03  1.697616e-01 0  2.819916e-01  1.954023e+02 2  10.9030 -4.866789e-01 -7.089488e-01  0  1.6400  2.971329e+11  0.000000e+00  0.000000e+00  8.456030e-02 -1.225307e+02  9.386176e+00  1  1.6400  2.591460e+09  0.000000e+00  0.000000e+00  7.763144e-02 -9.701624e+01  4.502078e-02  2  1.6400  3.289651e+12 -1.524816e+00 -2.166363e+00  3.947186e-01  1.263872e+02  3.329019e+00  3  1.6400  5.874593e+10 -1.524816e+00 -2.166363e+00  1.864027e-01  1.383818e+02  2.197010e-02  4  1.6400  1.090300e+01  0.000000e+00  0.000000e+00  6.123468e-02  1.302844e+02  0.000000e+00 
3  1.122695e+02  1.737179e+02  1.034000e+03  5.621805e-01 6 -1.000000e+00  1.816341e+02 1   9.3089  1.613628e-01 -7.911957e-02 -1 -1.0000 -1.000000e+00 -1.000000e+00 -1.000000e+00 -1.000000e+00 -1.000000e+00 -1.000000e+00 -1 -1.0000 -1.000000e+00 -1.000000e+00 -1.000000e+00 -1.000000e+00 -1.000000e+00 -1.000000e+00  0  1.4410  1.720898e+12  0.000000e+00  0.000000e+00  3.656523e-01  1.350149e+02  5.221206e+00  1  1.4410  5.555707e+10  0.000000e+00  0.000000e+00  1.567988e-01  6.893968e+01  9.024783e-02  2  1.4410  9.308860e+00  0.000000e+00  0.000000e+00  3.292097e-02  1.601462e+02  0.000000e+00 
3  1.846481e+03  1.143398e+03  8.756000e+03  2.409788e-01 6 -1.000000e+00  2.464908e+03 1   4.7769 -1.532170e-01 -1.364236e-01 -1 -1.0000 -1.000000e+00 -1.000000e+00 -1.000000e+00 -1.000000e+00 -1.000000e+00 -1.000000e+00 -1 -1.0000 -1.000000e+00 -1.000000e+00 -1.000000e+00 -1.000000e+00 -1.000000e+00 -1.000000e+00  0  0.9050  5.535102e+11  0.000000e+00  0.000000e+00  1.061067e-01 -1.730881e+02  6.600754e+00  1  0.9050  1.329651e+10  0.000000e+00  0.000000e+00  4.497719e-01 -1.315892e+02  5.193402e-02  2  0.9050  4.776880e+00  0.000000e+00  0.000000e+00  1.254000e-01 -9.276835e+01  0.000000e+00 
3  1.306689e+03  5.330324e+02  2.123000e+03  8.905875e-01 6 -1.000000e+00  1.649694e+03 1   3.7212  4.052315e-01 -5.731324e-01 -1 -1.0000 -1.000000e+00 -1.000000e+00 -1.000000e+00 -1.000000e+00 -1.000000e+00 -1.000000e+00 -1 -1.0000 -1.000000e+00 -1.000000e+00 -1.000000e+00 -1.000000e+00 -1.000000e+00 -1.000000e+00  0  0.9260  2.737977e+12  0.000000e+00  0.000000e+00  2.911380e-01  5.527685e+01  4.853367e+00  1  0.9260  9.022961e+10  0.000000e+00  0.000000e+00  4.367716e-01  9.889274e+01  4.213802e-02  2  0.9260  3.721180e+00  0.000000e+00  0.000000e+00  1.264412e-01 -8.855767e+01  0.000000e+00 
2  5.902100e+02  9.904665e+01  5.105000e+03  1.110145e+00 6 -1.000000e+00  1.024547e+03 2   6.9723 -1.012655e+00  9.181773e-01 -1 -1.0000 -1.000000e+00 -1.000000e+00 -1.000000e+00 -1.000000e+00 -1.000000e+00 -1.000000e+00 -1 -1.0000 -1.000000e+00 -1.000000e+00 -1.000000e+00 -1.000000e+00 -1.000000e+00 -1.000000e+00  0  1.0210  1.083814e+13  0.000000e+00  0.000000e+00  3.352142e-01  4.085268e+01  4.892989e+00  1  1.0210  8.869250e+10  0.000000e+00  0.000000e+00  3.263648e-01  1.114273e+02  2.125364e-02  2  1.0210  6.972330e+00  0.000000e+00  0.000000e+00  1.183067e-01  2.882567e+01  0.000000e+00 
3  4.214010e+02  2.135954e+02  5.943000e+03  6.593522e-01 6 -1.000000e+00  6.567919e+02 1   3.8719 -2.542634e-01  2.597410e-01 -1 -1.0000 -1.000000e+00 -1.000000e+00 -1.000000e+00 -1.000000e+00 -1.000000e+00 -1.000000e+00 -1 -1.0000 -1.000000e+00 -1.000000e+00 -1.000000e+00 -1.000000e+00 -1.000000e+00 -1.000000e+00  0  1.7040  4.072211e+12  0.000000e+00  0.000000e+00  4.440133e-01 -1.281071e+02  3.762284e+00  1  1.7040  6.778624e+10  0.000000e+00  0.000000e+00  5.959128e-01 -1.005938e+02  3.211667e-02  2  1.7040  3.871870e+00  0.000000e+00  0.000000e+00  7.451434e-02  1.503715e+02  0.000000e+00 
1  2.083150e+03  4.262587e+03  3.691000e+03  9.319732e-01 0  3.013200e-01  4.262587e+03 2   1.8270  1.395089e+00  2.488382e+00  0  0.5840  1.921177e+12  0.000000e+00  0.000000e+00  2.946270e-01  5.121719e+01  2.582127e+01  1  0.5840  6.074177e+10  0.000000e+00  0.000000e+00  2.447309e-01  1.007607e+01  2.548354e-01  2  0.5840  4.329956e+13  5.340670e+00  3.544019e+01  4.047737e-01  6.217708e+01  5.708925e+00  3  0.5840  2.106096e+11  5.340670e+00  3.544019e+01  2.837039e-01  1.207190e+02  5.169577e-01  4  0.5840  1.827040e+00  0.000000e+00  0.000000e+00  1.112954e-01  4.749296e+01  0.000000e+00 
3  6.930601e+02  3.704173e+02  3.997000e+03  6.345439e-01 6 -1.000000e+00  9.611925e+02 1   6.3970 -1.763956e-01  4.482353e-01 -1 -1.0000 -1.000000e+00 -1.000000e+00 -1.000000e+00 -1.000000e+00 -1.000000e+00 -1.000000e+00 -1 -1.0000 -1.000000e+00 -1.000000e+00 -1.000000e+00 -1.000000e+00 -1.000000e+00 -1.000000e+00  0  1.1800  2.220614e+12  0.000000e+00  0.000000e+00  1.404422e-01  1.041103e+02  5.186884e+00  1  1.1800  6.293303e+10  0.000000e+00  0.000000e+00  4.125957e-01  6.682521e+01  1.194154e-01  2  1.1800  6.397010e+00  0.000000e+00  0.000000e+00  5.108077e-02 -3.100351e+01  0.000000e+00 
3  5.321510e+01  4.328520e+01  1.430000e+02  4.140174e-01 6 -1.000000e+00  8.603620e+01 1   2.3252 -2.095349e-01 -4.269381e-02 -1 -1.0000 -1.000000e+00 -1.000000e+00 -1.000000e+00 -1.000000e+00 -1.000000e+00 -1.000000e+00 -1 -1.0000 -1.000000e+00 -1.000000e+00 -1.000000e+00 -1.000000e+00 -1.000000e+00 -1.000000e+00  0  0.9840  1.088866e+12  0.000000e+00  0.000000e+00  1.925927e-01  2.732677e+00  7.349961e+00  1  0.9840  5.077285e+10  0.000000e+00  0.000000e+00  3.112335e-02  2.670182e+01  5.751363e-02  2  0.9840  2.325240e+00  0.000000e+00  0.000000e+00  6.021102e-02  9.948613e+01  0.000000e+00 
1  1.935061e+03  7.272568e+03  4.030000e+03  4.270652e+00 0 -1.000000e+00  7.272568e+03 2   3.0872 -2.398159e+00 -3.428547e-01 -1 -1.0000 -1.000000e+00 -1.000000e+00 -1.000000e+00 -1.000000e+00 -1.000000e+00 -1.000000e+00 -1 -1.0000 -1.000000e+00 -1.000000e+00 -1.000000e+00 -1.000000e+00 -1.000000e+00 -1.000000e+00  0  1.3630  8.387276e+13  0.000000e+00  0.000000e+00  4.657464e-01  7.581332e+01  6.526755e+00  1  1.3630  1.722530e+11  0.000000e+00  0.000000e+00  3.964717e-01  1.407168e+02  9.252050e-02  2  1.3630  3.087220e+00  0.000000e+00  0.000000e+00  1.587616e-01  1.375072e+02  0.000000e+00 
1  2.966398e+02  7.116709e+02  3.814000e+03  6.021655e-02 0  2.865610e-01  7.116709e+02 2   8.7386  2.855248e-01 -1.104974e-01  0  1.5570  9.395906e+10  0.000000e+00  0.000000e+00  1.769082e-01 -1.690222e+02  1.678911e+01  1  1.5570  3.691029e+08  0.000000e+00  0.000000e+00  2.852630e-01 -1.837834e+02  7.237305e-02  2  1.5570  1.330568e+12  1.588796e+01 -9.573493e+00  3.817651e-01 -1.415035e+02  4.093343e+00  3  1.5570  3.385080e+10  1.588796e+01 -9.573493e+00  3.069482e-01 -9.986784e+01  1.831979e-02  4  1.5570  8.738570e+00  0.000000e+00  0.000000e+00  5.914130e-02  6.063628e+01  0.000000e+00 
3  7.426904e+02  3.561284e+02  6.337000e+03  2.106928e-01 6 -1.000000e+00  1.107486e+03 1   4.2726  2.246962e-01  6.854814e-02 -1 -1.0000 -1.000000e+00 -1.000000e+00 -1.000000e+00 -1.000000e+00 -1.000000e+00 -1.000000e+00 -1 -1.0000 -1.000000e+00 -1.000000e+00 -1.000000e+00 -1.000000e+00 -1.000000e+00 -1.000000e+00  0  0.9060  5.272691e+11  0.000000e+00  0.000000e+00  1.218265e-01 -1.330542e+02  1.186557e+01  1  0.9060  8.949829e+09  0.000000e+00  0.000000e+00  5.718342e-01 -1.463063e+02  4.571875e-02  2  0.9060  4.272560e+00  0.000000e+00  0.000000e+00  5.520195e-02  1.365823e+02  0.000000e+00 
1  1.403835e+03  3.675924e+03  6.787000e+03  7.387745e+00 0 -1.000000e+00  3.675924e+03 2   4.4513  2.277406e+00 -2.309734e+00 -1 -1.0000 -1.000000e+00 -1.000000e+00 -1.000000e+00 -1.000000e+00 -1.000000e+00 -1.000000e+00 -1 -1.0000 -1.000000e+00 -1.000000e+00 -1.000000e+00 -1.000000e+00 -1.000000e+00 -1.000000e+00  0  0.9350  2.480055e+14  0.000000e+00  0.000000e+00  4.685229e-01  1.648377e+02  5.425251e+00  1  0.9350  4.576102e+11  0.000000e+00  0.000000e+00  4.390827e-01  1.208599e+02  4.839797e-01  2  0.9350  4.451310e+00  0.000000e+00  0.000000e+00  2.374917e-01 -1.191260e+02  0.000000e+00 
3  6.991177e+02  5.378229e+02  6.456000e+03  9.836915e-01 6  2.824872e-01  1.085212e+03 1   4.7915 -1.649673e+00  2.232476e-01  0  1.0790  2.410176e+12  0.000000e+00  0.000000e+00  3.854423e-01 -5.864238e+01  1.540314e+01  1  1.0790  5.538138e+10  0.000000e+00  0.000000e+00  2.624568e-01 -1.350076e+02  5.442185e-02  2  1.0790  2.253781e+13 -3.514063e+01  1.401221e+01  1.708631e-01  6.769648e+01  4.784261e+00  3  1.0790  1.360854e+11 -3.514063e+01  1.401221e+01  4.009112e-01  1.046990e+02  2.245668e-01  4  1.0790  4.791500e+00  0.000000e+00  0.000000e+00  9.665119e-02  1.964045e+01  0.000000e+00 
3  7.342356e+02  3.417117e+02  2.991000e+03  4.220972e-01 6 -1.000000e+00  1.311615e+03 2   8.1244  2.254599e-01 -3.287390e-01 -1 -1.0000 -1.000000e+00 -1.000000e+00 -1.000000e+00 -1.000000e+00 -1.000000e+00 -1.000000e+00 -1 -1.0000 -1.000000e+00 -1.000000e+00 -1.000000e+00 -1.000000e+00 -1.000000e+00 -1.000000e+00  0  1.7150  1.811959e+12  0.000000e+00  0.000000e+00  3.407123e-01 -1.778617e+02  6.147354e+00  1  1.7150  4.753982e+10  0.000000e+00  0.000000e+00  4.922449e-01 -2.057535e+02  4.296618e-02  2  1.7150  8.124420e+00  0.000000e+00  0.000000e+00  1.412797e-01  3.479813e+01  0.000000e+00 
3  2.029289e+03  8.882322e+02  2.376000e+03  1.015976e+00 6 -1.000000e+00  2.776523e+03 1   3.5874  2.591983e-02  8.135143e-01 -1 -1.0000 -1.000000e+00 -1.000000e+00 -1.000000e+00 -1.000000e+00 -1.000000e+00 -1.000000e+00 -1 -1.0000 -1.000000e+00 -1.000000e+00 -1.000000e+00 -1.000000e+00 -1.000000e+00 -1.000000e+00  0  0.9420  9.937760e+12  0.000000e+00  0.000000e+00  4.865302e-01 -6.970661e+01  4.674108e+00  1  0.9420  1.086008e+11  0.000000e+00  0.000000e+00  3.177288e-01 -9.016085e+01  1.457052e-01  2  0.9420  3.587420e+00  0.000000e+00  0.000000e+00  6.667726e-02 -2.628360e+01  0.000000e+00 
3  2.108185e+03  8.020652e+02  4.450000e+03  3.426278e-01 6 -1.000000e+00  2.497165e+03 1   4.2854 -6.312925e-01 -5.432427e-02 -1 -1.0000 -1.000000e+00 -1.000000e+00 -1.000000e+00 -1.000000e+00 -1.000000e+00 -1.000000e+00 -1 -1.0000 -1.000000e+00 -1.000000e+00 -1.000000e+00 -1.000000e+00 -1.000000e+00 -1.000000e+00  0  0.3540  9.297930e+11  0.000000e+00  0.000000e+00  1.767451e-01 -1.039157e+02  7.211002e+00  1  0.3540  2.526898e+10  0.000000e+00  0.000000e+00  4.671305e-01 -1.742893e+02  1.250018e-01  2  0.3540  4.285370e+00  0.000000e+00  0.000000e+00  1.236137e-01  1.529305e+02  0.000000e+00 
3  3.631297e+02  1.629545e+02  6.065000e+03  9.394243e-01 6 -1.000000e+00  4.413270e+02 1   2.9436 -5.188031e-01  8.338887e-01 -1 -1.0000 -1.000000e+00 -1.000000e+00 -1.000000e+00 -1.000000e+00 -1.000000e+00 -1.000000e+00 -1 -1.0000 -1.000000e+00 -1.000000e+00 -1.000000e+00 -1.000000e+00 -1.000000e+00 -1.000000e+00  0  0.6990  9.160585e+12  0.000000e+00  0.000000e+00  4.663653e-01  1.151137e+02  3.872015e+00  1  0.6990  1.171448e+11  0.000000e+00  0.000000e+00  1.499476e-01  1.194508e+02  5.596848e-02  2  0.6990  2.943570e+00  0.000000e+00  0.000000e+00  1.196080e-01 -4.665320e+01  0.000000e+00 
3  1.114770e+03  8.027630e+02  5.595000e+03  2.524817e-01 6  2.863441e-01  1.742043e+03 1   4.4455 -8.099531e-02 -5.833190e-01  0  1.1290  4.504714e+11  0.000000e+00  0.000000e+00  4.601240e-01 -1.461381e+02  1.049109e+01  1  1.1290  1.388103e+10  0.000000e+00  0.000000e+00  1.902162e-01 -1.358136e+02  6.456654e-02  2  1.1290  3.550564e+12 -7.887353e+00 -1.398106e+01  3.676155e-01  1.332083e+02  5.584745e+00  3  1.1290  6.017080e+10 -7.887353e+00 -1.398106e+01  4.939400e-01  1.245548e+02  2.043879e-02  4  1.1290  4.445450e+00  0.000000e+00  0.000000e+00  1.341632e-01 -5.973599e+01  0.000000e+00 
3  1.776796e+01  8.615912e+00  4.640000e+02  6.849692e-01 6 -1.000000e+00  2.380382e+01 1   5.1412  4.352738e-01 -3.401185e-01 -1 -1.0000 -1.000000e+00 -1.000000e+00 -1.000000e+00 -1.000000e+00 -1.000000e+00 -1.000000e+00 -1 -1.0000 -1.000000e+00 -1.000000e+00 -1.000000e+00 -1.000000e+00 -1.000000e+00 -1.000000e+00  0  0.7460  4.197745e+12  0.000000e+00  0.000000e+00  2.630838e-01  1.269941e+02  3.441352e+00  1  0.7460  7.075738e+10  0.000000e+00  0.000000e+00  2.901035e-01  1.032665e+02  1.689510e-01  2  0.7460  5.141190e+00  0.000000e+00  0.000000e+00  7.758551e-02  8.184709e+01  0.000000e+00 
3  6.533850e+02  6.949484e+02  1.405000e+03  7.249593e-01 6 -1.000000e+00  1.098044e+03 1   2.8874  2.422631e-01 -1.163876e-01 -1 -1.0000 -1.000000e+00 -1.000000e+00 -1.000000e+00 -1.000000e+00 -1.000000e+00 -1.000000e+00 -1 -1.0000 -1.000000e+00 -1.000000e+00 -1.000000e+00 -1.000000e+00 -1.000000e+00 -1.000000e+00  0  0.7770  9.307892e+12  0.000000e+00  0.000000e+00  4.607682e-01 -1.514547e+02  5.476644e+00  1  0.7770  9.427403e+10  0.000000e+00  0.000000e+00  1.494519e-01 -1.652856e+02  1.791443e-01  2  0.7770  2.887410e+00  0.000000e+00  0.000000e+00  4.423308e-02  1.566153e+02  0.000000e+00 
5  9.767357e+02  2.433705e+03  2.311000e+03  9.117233e-01 6 -1.000000e+00  4.985122e+03 3   3.7518 -1.888069e-01 -4.501875e-02 -1 -1.0000 -1.000000e+00 -1.000000e+00 -1.000000e+00 -1.000000e+00 -1.000000e+00 -1.000000e+00 -1 -1.0000 -1.000000e+00 -1.000000e+00 -1.000000e+00 -1.000000e+00 -1.000000e+00 -1.000000e+00  0  0.7860  3.989848e+12  0.000000e+00  0.000000e+00  2.718166e-01  1.229464e+02  9.906717e+00  1  0.7860  7.026314e+10  0.000000e+00  0.000000e+00  2.636900e-01  1.345598e+02  6.625077e-02  2  0.7860  3.751770e+00  0.000000e+00  0.000000e+00  6.543482e-02  8.997262e+01  0.000000e+00 
3  1.551593e+03  2.188177e+03  3.628000e+03  3.277748e-01 6  2.846883e-01  3.067267e+03 3   3.0192  4.911170e-01 -4.709044e-01  0  1.3990  5.957162e+11  0.000000e+00  0.000000e+00  2.597695e-01 -2.463729e+01  1.144592e+01  1  1.3990  2.348238e+10  0.000000e+00  0.000000e+00  5.263962e-01 -4.244343e+01  8.111065e-02  2  1.3990  1.084333e+13  1.146072e+00 -1.658367e+00  2.005599e-01  1.731015e+02  4.045926e+00  3  1.3990  7.788650e+10  1.146072e+00 -1.658367e+00  3.597985e-01  2.257609e+02  7.836617e-02  4  1.3990  3.019230e+00  0.000000e+00  0.000000e+00  3.939261e-02 -1.694945e+02  0.000000e+00 
3  2.156345e+03  1.599423e+03  6.142000e+03  7.373372e-01 6 -1.000000e+00  2.735935e+03 1   2.6741  1.634005e-01 -4.905111e-01 -1 -1.0000 -1.000000e+00 -1.000000e+00 -1.000000e+00 -1.000000e+00 -1.000000e+00 -1.000000e+00 -1 -1.0000 -1.000000e+00 -1.000000e+00 -1.000000e+00 -1.000000e+00 -1.000000e+00 -1.000000e+00  0  0.9100  6.955582e+12  0.000000e+00  0.000000e+00  5.208201e-01 -5.223996e+01  3.990383e+00  1  0.9100  9.509147e+10  0.000000e+00  0.000000e+00  4.507907e-01 -7.278970e+01  1.638908e-01  2  0.9100  2.674110e+00  0.000000e+00  0.000000e+00  6.727151e-02  1.272921e+02  0.000000e+00 
3  1.301472e+03  7.781586e+02  5.350000e+02  1.039391e+00 6 -1.000000e+00  1.695999e+03 1   3.5286 -2.470956e-01  8.413365e-01 -1 -1.0000 -1.000000e+00 -1.000000e+00 -1.000000e+00 -1.000000e+00 -1.000000e+00 -1.000000e+00 -1 -1.0000 -1.000000e+00 -1.000000e+00 -1.000000e+00 -1.000000e+00 -1.000000e+00 -1.000000e+00  0  0.1170  1.784831e+12  0.000000e+00  0.000000e+00  8.356753e-02  1.154270e+01  1.028770e+01  1  0.1170  7.420812e+10  0.000000e+00  0.000000e+00  2.301690e-01 -9.902583e-01  4.100471e-01  2  0.1170  3.528610e+00  0.000000e+00  0.000000e+00  7.726889e-02  1.390292e+02  0.000000e+00 
3  2.312028e+03  3.130825e+03  6.368000e+03  1.116800e+00 6  2.852568e-01  4.590713e+03 3   3.1169 -1.138166e+00 -5.046759e-01  0  0.8380  2.595324e+12  0.000000e+00  0.000000e+00  9.205821e-02  1.623419e+02  1.547025e+01  1  0.8380  8.763410e+10  0.000000e+00  0.000000e+00  3.045738e-01  1.553266e+02  6.720813e-02  2  0.8380  1.689944e+13 -8.118518e+00 -2.255949e+00  2.350935e-01  1.162791e+02  3.921853e+00  3  0.8380  1.545098e+11 -8.118518e+00 -2.255949e+00  4.742485e-01  9.096798e+01  7.376224e-02  4  0.8380  3.116870e+00  0.000000e+00  0.000000e+00  5.067761e-02 -1.038279e+02  0.000000e+00 
3  8.292429e+02  7.640633e+02  8.750000e+03  6.989595e-01 6 -1.000000e+00  1.748309e+03 3   7.0370 -2.409246e-01  2.740739e-02 -1 -1.0000 -1.000000e+00 -1.000000e+00 -1.000000e+00 -1.000000e+00 -1.000000e+00 -1.000000e+00 -1 -1.0000 -1.000000e+00 -1.000000e+00 -1.000000e+00 -1.000000e+00 -1.000000e+00 -1.000000e+00  0  1.1640  5.596357e+12  0.000000e+00  0.000000e+00  2.715672e-01 -1.153191e+02  2.868460e+00  1  1.1640  8.860136e+10  0.000000e+00  0.000000e+00  1.452617e-01 -1.219588e+02  9.773754e-02  2  1.1640  7.037000e+00  0.000000e+00  0.000000e+00  3.139153e-02 -1.040422e+02  0.000000e+00 
3  1.003207e+03  4.984690e+02  4.777000e+03  7.806007e-01 6 -1.000000e+00  1.374808e+03 1   2.0915  5.829071e-01 -3.312717e-01 -1 -1.0000 -1.000000e+00 -1.000000e+00 -1.000000e+00 -1.000000e+00 -1.000000e+00 -1.000000e+00 -1 -1.0000 -1.000000e+00 -1.000000e+00 -1.000000e+00 -1.000000e+00 -1.000000e+00 -1.000000e+00  0  0.6610  6.719643e+12  0.000000e+00  0.000000e+00  3.072340e-01 -7.033234e+01  4.075172e+00  1  0.6610  1.211498e+11  0.000000e+00  0.000000e+00  3.185317e-01 -1.163124e+02  2.305386e-01  2  0.6610  2.091530e+00  0.000000e+00  0.000000e+00  2.982337e-02  1.593195e+02  0.000000e+00 
3  1.050581e+03  1.027470e+03  7.180000e+03  4.582363e-01 6 -1.000000e+00  1.370029e+03 1   7.1771  2.911671e-01 -4.491892e-02 -1 -1.0000 -1.000000e+00 -1.000000e+00 -1.000000e+00 -1.000000e+00 -1.000000e+00 -1.000000e+00 -1 -1.0000 -1.000000e+00 -1.000000e+00 -1.000000e+00 -1.000000e+00 -1.000000e+00 -1.000000e+00  0  1.0690  1.113866e+12  0.000000e+00  0.000000e+00  1.048674e-01  1.722993e+02  6.109468e+00  1  1.0690  4.213193e+10  0.000000e+00  0.000000e+00  3.877069e-01  2.256711e+02  6.533482e-02  2  1.0690  7.177100e+00  0.000000e+00  0.000000e+00  1.446913e-01 -2.170295e+01  0.000000e+00 
3  1.457894e+03  7.046470e+02  6.196000e+03  2.651120e-01 6 -1.000000e+00  2.181327e+03 1   6.1802  1.125575e-01  1.588516e-01 -1 -1.0000 -1.000000e+00 -1.000000e+00 -1.000000e+00 -1.000000e+00 -1.000000e+00 -1.000000e+00 -1 -1.0000 -1.000000e+00 -1.000000e+00 -1.000000e+00 -1.000000e+00 -1.000000e+00 -1.000000e+00  0  2.0710  1.082494e+12  0.000000e+00  0.000000e+00  1.984216e-01 -1.780993e+02  4.002679e+00  1  2.0710  1.538809e+10  0.000000e+00  0.000000e+00  3.611587e-01 -9.518344e+01  3.857298e-02  2  2.0710  6.180200e+00  0.000000e+00  0.000000e+00  5.718984e-02  1.177194e+02  0.000000e+00 
3  9.275426e+02  1.096275e+03  7.319000e+03  7.660997e+00 6 -1.000000e+00  1.526530e+03 1   5.3734 -4.760202e-01 -2.127220e+00 -1 -1.0000 -1.000000e+00 -1.000000e+00 -1.000000e+00 -1.000000e+00 -1.000000e+00 -1.000000e+00 -1 -1.0000 -1.000000e+00 -1.000000e+00 -1.000000e+00 -1.000000e+00 -1.000000e+00 -1.000000e+00  0  0.4160  1.269630e+14  0.000000e+00  0.000000e+00  3.147097e-01  1.148417e+02  7.751245e+00  1  0.4160  5.469451e+11  0.000000e+00  0.000000e+00  4.328249e-01  7.790886e+01  8.433969e-01  2  0.4160  5.373380e+00  0.000000e+00  0.000000e+00  1.315787e-01  1.340742e+02  0.000000e+00 
3  9.468968e+01  4.989603e+01  6.085000e+03  8.281910e-01 6  3.253987e-01  1.235660e+02 1   9.9101  2.486833e+00 -3.739341e+00  0  0.3400  8.516135e+11  0.000000e+00  0.000000e+00  1.394589e-01 -1.360919e+01  1.812474e+01  1  0.3400  4.055871e+10  0.000000e+00  0.000000e+00  2.326017e-01 -7.620619e+01  1.497938e-01  2  0.3400  7.279156e+13  9.929439e+01 -1.478548e+02  4.346159e-01  1.341565e+00  6.617466e+00  3  0.3400  2.856712e+11  9.929439e+01 -1.478548e+02  4.760869e-01  3.582581e+01  6.393421e-01  4  0.3400  9.910060e+00  0.000000e+00  0.000000e+00  8.858859e-02 -1.658564e+02  0.000000e+00 
1  1.146991e+03  2.188832e+03  1.073000e+03  3.425201e+00 0  2.734838e-01  2.188832e+03 2   3.3599 -8.356987e-02 -3.616573e+00  0  0.9580  2.461045e+13  0.000000e+00  0.000000e+00  3.421974e-01 -1.041097e+02  9.030978e+00  1  0.9580  1.197159e+11  0.000000e+00  0.000000e+00  1.735220e-01 -9.363385e+01  1.448476e-01  2  0.9580  1.024747e+14  1.116707e+01 -1.108227e+01  5.437597e-01  6.049728e+01  3.902256e+00  3  0.9580  2.278770e+11  1.116707e+01 -1.108227e+01  3.334504e-01 -7.461545e+00  2.533603e-01  4  0.9580  3.359900e+00  0.000000e+00  0.000000e+00  7.685022e-02 -6.506713e+01  0.000000e+00 
3  8.189720e+02  4.060068e+02  6.160000e+02  4.912110e-01 6 -1.000000e+00  1.101627e+03 1   4.7960  4.176429e-01  2.948213e-01 -1 -1.0000 -1.000000e+00 -1.000000e+00 -1.000000e+00 -1.000000e+00 -1.000000e+00 -1.000000e+00 -1 -1.0000 -1.000000e+00 -1.000000e+00 -1.000000e+00 -1.000000e+00 -1.000000e+00 -1.000000e+00  0  1.5360  2.514668e+12  0.000000e+00  0.000000e+00  2.299361e-01 -1.710589e+02  4.767902e+00  1  1.5360  7.667761e+10  0.000000e+00  0.000000e+00  3.380687e-01 -1.543508e+02  4.492888e-02  2  1.5360  4.796010e+00  0.000000e+00  0.000000e+00  1.292210e-02  1.564696e+02  0.000000e+00 
3  6.643042e+02  2.726917e+02  3.142000e+03  5.920213e-01 6 -1.000000e+00  8.448790e+02 1   5.4886  4.941943e-01  2.599254e-01 -1 -1.0000 -1.000000e+00 -1.000000e+00 -1.000000e+00 -1.000000e+00 -1.000000e+00 -1.000000e+00 -1 -1.0000 -1.000000e+00 -1.000000e+00 -1.000000e+00 -1.000000e+00 -1.000000e+00 -1.000000e+00  0  1.6930  2.732744e+12  0.000000e+00  0.000000e+00  1.746038e-01  4.735851e+01  3.046380e+00  1  1.6930  8.543026e+10  0.000000e+00  0.000000e+00  3.037195e-01  6.606437e+01  6.510110e-02  2  1.6930  5.488640e+00  0.000000e+00  0.000000e+00  5.978058e-02  6.628692e+01  0.000000e+00 
3  1.066849e+03  8.825429e+02  3.580000e+03  2.685112e-01 6 -1.000000e+00  1.573660e+03 1   4.2786  1.667694e-01  6.982516e-02 -1 -1.0000 -1.000000e+00 -1.000000e+00 -1.000000e+00 -1.000000e+00 -1.000000e+00 -1.000000e+00 -1 -1.0000 -1.000000e+00 -1.000000e+00 -1.000000e+00 -1.000000e+00 -1.000000e+00 -1.000000e+00  0  0.6870  3.619602e+11  0.000000e+00  0.000000e+00  9.708076e-02 -1.072681e+01  1.766325e+01  1  0.6870  7.461082e+09  0.000000e+00  0.000000e+00  4.511596e-01  5.113804e+01  6.253901e-02  2  0.6870  4.278620e+00  0.000000e+00  0.000000e+00  9.737556e-02 -1.280699e+02  0.000000e+00 
2  2.356033e+03  1.589085e+03  7.094000e+03  6.597139e-01 6  2.973344e-01  4.375256e+03 3   3.3497  9.170909e-01  1.133122e+00  0  0.7510  6.471191e+11  0.000000e+00  0.000000e+00  1.567791e-01  1.522113e+02  2.457298e+01  1  0.7510  3.444231e+10  0.000000e+00  0.000000e+00  1.079342e-01  1.436836e+02  3.437401e-02  2  0.7510  8.687910e+12  9.738451e+00  1.113670e+01  2.822806e-01 -3.881531e+01  4.148442e+00  3  0.7510  7.713416e+10  9.738451e+00  1.113670e+01  3.955885e-01 -8.974475e+01  9.003323e-02  4  0.7510  3.349670e+00  0.000000e+00  0.000000e+00  8.249980e-02 -1.727071e+02  0.000000e+00 
2  1.949536e+03  6.627660e+02  9.753000e+03  8.240030e-01 6 -1.000000e+00  3.651307e+03 2   4.4202 -6.478689e-01  1.299267e-01 -1 -1.0000 -1.000000e+00 -1.000000e+00 -1.000000e+00 -1.000000e+00 -1.000000e+00 -1.000000e+00 -1 -1.0000 -1.000000e+00 -1.000000e+00 -1.000000e+00 -1.000000e+00 -1.000000e+00 -1.000000e+00  0  0.9950  6.725203e+12  0.000000e+00  0.000000e+00  1.136560e-01 -7.314627e+01  3.483775e+00  1  0.9950  7.714014e+10  0.000000e+00  0.000000e+00  4.667782e-01 -7.078389e+01  3.397888e-02  2  0.9950  4.420160e+00  0.000000e+00  0.000000e+00  1.670065e-01  7.399947e+01  0.000000e+00 
1  6.744327e+02  1.526579e+03  1.784000e+03  7.200947e-01 0  2.992582e-01  1.526579e+03 2   6.1736  4.640271e-01  2.498130e+00  0  0.4740  2.028809e+12  0.000000e+00  0.000000e+00  2.853097e-01 -1.299609e+02  1.158202e+01  1  0.4740  5.385358e+10  0.000000e+00  0.000000e+00  2.069639e-01 -1.349932e+02  6.886562e-01  2  0.4740  2.531367e+13  5.313920e+00  8.476658e+00  3.319205e-01  1.205577e+02  6.767287e+00  3  0.4740  1.656451e+11  5.313920e+00  8.476658e+00  3.402843e-01  7.418190e+01  5.149458e-01  4  0.4740  6.173590e+00  0.000000e+00  0.000000e+00  1.710519e-01 -8.284390e+01  0.000000e+00 
5  1.494428e+02  2.376039e+02  9.960000e+02  5.290256e+00 6 -1.000000e+00  4.015759e+02 3   5.7688 -1.701168e+00  5.156088e-01 -1 -1.0000 -1.000000e+00 -1.000000e+00 -1.000000e+00 -1.000000e+00 -1.000000e+00 -1.000000e+00 -1 -1.0000 -1.000000e+00 -1.000000e+00 -1.000000e+00 -1.000000e+00 -1.000000e+00 -1.000000e+00  0  0.8730  2.164727e+14  0.000000e+00  0.000000e+00  4.954180e-01 -1.685481e+02  4.375389e+00  1  0.8730  3.680789e+11  0.000000e+00  0.000000e+00  2.687418e-01 -2.017063e+02  4.649068e-01  2  0.8730  5.768770e+00  0.000000e+00  0.000000e+00  4.766045e-02  1.758972e+02  0.000000e+00 
1  3.552293e+02  8.304347e+02  7.906000e+03  1.990123e-01 0 -1.000000e+00  8.304347e+02 2   7.2487  1.295619e-01  1.657956e-01 -1 -1.0000 -1.000000e+00 -1.000000e+00 -1.000000e+00 -1.000000e+00 -1.000000e+00 -1.000000e+00 -1 -1.0000 -1.000000e+00 -1.000000e+00 -1.000000e+00 -1.000000e+00 -1.000000e+00 -1.000000e+00  0  1.5050  5.917825e+11  0.000000e+00  0.000000e+00  3.094710e-01  1.518932e+02  8.699705e+00  1  1.5050  7.791859e+09  0.000000e+00  0.000000e+00  3.460915e-01  1.339739e+02  6.816931e-02  2  1.5050  7.248720e+00  0.000000e+00  0.000000e+00  1.644178e-01 -3.527921e+01  0.000000e+00 
3  7.411380e+02  5.341440e+02  6.496000e+03  1.633063e+00 6 -1.000000e+00  1.402777e+03 3   6.1658 -3.565811e-01  9.292563e-01 -1 -1.0000 -1.000000e+00 -1.000000e+00 -1.000000e+00 -1.000000e+00 -1.000000e+00 -1.000000e+00 -1 -1.0000 -1.000000e+00 -1.000000e+00 -1.000000e+00 -1.000000e+00 -1.000000e+00 -1.000000e+00  0  0.7310  6.129780e+13  0.000000e+00  0.000000e+00  3.677460e-01  5.120221e+01  2.525256e+00  1  0.7310  3.837211e+11  0.000000e+00  0.000000e+00  2.570275e-01  9.494059e+00  4.556326e-01  2  0.7310  6.165810e+00  0.000000e+00  0.000000e+00  1.297719e-02  1.097858e+02  0.000000e+00 
3  1.814791e+02  5.669308e+01  2.400000e+01  3.019459e+00 6 -1.000000e+00  5.087438e+02 2   5.5326  1.903069e+00 -3.004939e-01 -1 -1.0000 -1.000000e+00 -1.000000e+00 -1.000000e+00 -1.000000e+00 -1.000000e+00 -1.000000e+00 -1 -1.0000 -1.000000e+00 -1.000000e+00 -1.000000e+00 -1.000000e+00 -1.000000e+00 -1.000000e+00  0  0.7720  7.018987e+13  0.000000e+00  0.000000e+00  2.912650e-01  7.632938e+01  3.996593e+00  1  0.7720  3.447882e+11  0.000000e+00  0.000000e+00  2.699747e-01  7.753044e+01  2.406552e-01  2  0.7720  5.532590e+00  0.000000e+00  0.000000e+00  6.338216e-02  1.032092e+02  0.000000e+00 
1  1.908288e+02  3.649071e+02  1.678000e+03  3.538962e-03 0 -1.000000e+00  3.649071e+02 2   2.2476 -2.658578e-03 -2.722023e-03 -1 -1.0000 -1.000000e+00 -1.000000e+00 -1.000000e+00 -1.000000e+00 -1.000000e+00 -1.000000e+00 -1 -1.0000 -1.000000e+00 -1.000000e+00 -1.000000e+00 -1.000000e+00 -1.000000e+00 -1.000000e+00  0  1.5090  3.143754e+11  0.000000e+00  0.000000e+00  2.286415e-01  5.366127e+01  4.044979e+00  1  1.5090  2.455675e+09  0.000000e+00  0.000000e+00  2.059397e-01  7.244885e+01  1.211684e-01  2  1.5090  2.247560e+00  0.000000e+00  0.000000e+00  8.240918e-02  7.972802e+01  0.000000e+00 
1  1.546196e+03  2.690034e+03  1.384000e+03  1.180107e-01 0 -1.000000e+00  2.690034e+03 2   3.3099  1.218262e-01 -1.093685e-01 -1 -1.0000 -1.000000e+00 -1.000000e+00 -1.000000e+00 -1.000000e+00 -1.000000e+00 -1.000000e+00 -1 -1.0000 -1.000000e+00 -1.000000e+00 -1.000000e+00 -1.000000e+00 -1.000000e+00 -1.000000e+00  0  0.5520  6.373026e+11  0.000000e+00  0.000000e+00  2.268988e-01 -1.301044e+02  6.538686e+00  1  0.5520  2.202602e+10  0.000000e+00  0.000000e+00  4.247569e-01 -1.471097e+02  4.584909e-01  2  0.5520  3.309860e+00  0.000000e+00  0.000000e+00  2.349201e-02  1.694527e+02  0.000000e+00 
3  1.027517e+03  7.705926e+02  1.427000e+03  1.629809e+00 6  2.846279e-01  1.772732e+03 1   6.1357  1.955701e+00  3.501008e-02  0  0.5680  4.841975e+12  0.000000e+00  0.000000e+00  2.017441e-01 -9.324011e+01  1.440864e+01  1  0.5680  7.777892e+10  0.000000e+00  0.000000e+00  1.705090e-01 -1.490827e+02  1.012464e-01  2  0.5680  2.036250e+13  8.418769e+00 -5.082499e+00  2.316824e-01  4.439955e+01  2.774808e+00  3  0.5680  1.873103e+11  8.418769e+00 -5.082499e+00  4.863919e-01  3.176260e+01  2.059385e-01  4  0.5680  6.135680e+00  0.000000e+00  0.000000e+00  5.551368e-02  1.441947e+02  0.000000e+00 
3  7.043389e+01  1.838694e+02  3.084000e+03  4.404210e+00 6 -1.000000e+00  3.458701e+02 3   7.2304 -7.765670e-01 -2.244252e-01 -1 -1.0000 -1.000000e+00 -1.000000e+00 -1.000000e+00 -1.000000e+00 -1.000000e+00 -1.000000e+00 -1 -1.0000 -1.000000e+00 -1.000000e+00 -1.000000e+00 -1.000000e+00 -1.000000e+00 -1.000000e+00  0  0.7570  9.864473e+13  0.000000e+00  0.000000e+00  3.282043e-01  1.391401e+01  5.721174e+00  1  0.7570  3.320832e+11  0.000000e+00  0.000000e+00  2.014035e-01  4.298594e+01  2.383735e-01  2  0.7570  7.230400e+00  0.000000e+00  0.000000e+00  1.008414e-01  1.054567e+02  0.000000e+00 
3  1.306146e+03  6.157187e+02  9.744000e+03  5.874083e-01 6 -1.000000e+00  1.937009e+03 1   5.5391 -1.383528e-01  5.291696e-01 -1 -1.0000 -1.000000e+00 -1.000000e+00 -1.000000e+00 -1.000000e+00 -1.000000e+00 -1.000000e+00 -1 -1.0000 -1.000000e+00 -1.000000e+00 -1.000000e+00 -1.000000e+00 -1.000000e+00 -1.000000e+00  0  1.3320  2.717498e+12  0.000000e+00  0.000000e+00  3.212916e-01 -1.584605e+02  5.876583e+00  1  1.3320  8.366733e+10  0.000000e+00  0.000000e+00  4.277773e-01 -1.365316e+02  1.249547e-01  2  1.3320  5.539080e+00  0.000000e+00  0.000000e+00  1.225098e-01  1.198016e+02  0.000000e+00 
1  2.019137e+03  3.594726e+03  3.606000e+03  4.258858e-01 0 -1.000000e+00  3.594726e+03 2   4.7632  2.078810e-01 -1.115210e-01 -1 -1.0000 -1.000000e+00 -1.000000e+00 -1.000000e+00 -1.000000e+00 -1.000000e+00 -1.000000e+00 -1 -1.0000 -1.000000e+00 -1.000000e+00 -1.000000e+00 -1.000000e+00 -1.000000e+00 -1.000000e+00  0  0.3310  2.834920e+12  0.000000e+00  0.000000e+00  1.123862e-01 -1.786159e+02  3.986308e+00  1  0.3310  6.692298e+10  0.000000e+00  0.000000e+00  2.098676e-01 -1.759598e+02  5.979162e-01  2  0.3310  4.763160e+00  0.000000e+00  0.000000e+00  5.384240e-02 -1.162054e+02  0.000000e+00 
3  9.414468e+02  2.396444e+03  1.109000e+03  3.320249e+00 6 -1.000000e+00  2.421214e+03 3   7.6531  7.636889e-01  5.263321e+00 -1 -1.0000 -1.000000e+00 -1.000000e+00 -1.000000e+00 -1.000000e+00 -1.000000e+00 -1.000000e+00 -1 -1.0000 -1.000000e+00 -1.000000e+00 -1.000000e+00 -1.000000e+00 -1.000000e+00 -1.000000e+00  0  0.5220  1.216014e+14  0.000000e+00  0.000000e+00  6.665182e-01  1.790092e+02  5.486404e+00  1  0.5220  4.446133e+11  0.000000e+00  0.000000e+00  2.471217e-01  1.626075e+02  5.462179e-01  2  0.5220  7.653130e+00  0.000000e+00  0.000000e+00  1.398237e-01 -3.329663e+01  0.000000e+00 
3  3.288314e+02  7.538091e+01  9.800000e+02  1.897327e+00 6 -1.000000e+00  5.960938e+02 2   4.7824  8.797074e-01  1.258152e+00 -1 -1.0000 -1.000000e+00 -1.000000e+00 -1.000000e+00 -1.000000e+00 -1.000000e+00 -1.000000e+00 -1 -1.0000 -1.000000e+00 -1.000000e+00 -1.000000e+00 -1.000000e+00 -1.000000e+00 -1.000000e+00  0  1.4620  5.991171e+13  0.000000e+00  0.000000e+00  3.771369e-01  1.135050e+02  3.238632e+00  1  1.4620  2.033999e+11  0.000000e+00  0.000000e+00  7.906545e-02  1.326043e+02  7.392364e-02  2  1.4620  4.782360e+00  0.000000e+00  0.000000e+00  7.135707e-02 -1.452631e+02  0.000000e+00 
3  1.816694e+03  1.613303e+03  3.512000e+03  8.203210e-01 6 -1.000000e+00  3.022303e+03 1   4.8784 -1.166446e-01  3.564849e-01 -1 -1.0000 -1.000000e+00 -1.000000e+00 -1.000000e+00 -1.000000e+00 -1.000000e+00 -1.000000e+00 -1 -1.0000 -1.000000e+00 -1.000000e+00 -1.000000e+00 -1.000000e+00 -1.000000e+00 -1.000000e+00  0  0.5220  2.265649e+12  0.000000e+00  0.000000e+00  3.945424e-01  1.687521e+01  1.059942e+01  1  0.5220  7.994045e+10  0.000000e+00  0.000000e+00  2.136989e-01 -4.888137e+01  2.279446e-01  2  0.5220  4.878420e+00  0.000000e+00  0.000000e+00  1.429584e-01 -1.117063e+02  0.000000e+00 
3  1.074654e+03  6.636044e+02  3.140000e+03  4.163969e-01 6 -1.000000e+00  1.539851e+03 1   5.4738  3.523497e-01 -2.151313e-01 -1 -1.0000 -1.000000e+00 -1.000000e+00 -1.000000e+00 -1.000000e+00 -1.000000e+00 -1.000000e+00 -1 -1.0000 -1.000000e+00 -1.000000e+00 -1.000000e+00 -1.000000e+00 -1.000000e+00 -1.000000e+00  0  0.7510  1.067066e+12  0.000000e+00  0.000000e+00  2.954506e-02  2.318158e+01  8.650530e+00  1  0.7510  4.339367e+10  0.000000e+00  0.000000e+00  3.818859e-01 -6.015085e+00  1.503515e-01  2  0.7510  5.473850e+00  0.000000e+00  0.000000e+00  5.562388e-02  9.843021e+01  0.000000e+00 
1  2.000263e+03  4.548772e+03  2.426000e+03  3.248422e+00 0 -1.000000e+00  4.548772e+03 2   2.8840 -1.644988e+00  1.062790e+00 -1 -1.0000 -1.000000e+00 -1.000000e+00 -1.000000e+00 -1.000000e+00 -1.000000e+00 -1.000000e+00 -1 -1.0000 -1.000000e+00 -1.000000e+00 -1.000000e+00 -1.000000e+00 -1.000000e+00 -1.000000e+00  0  0.8560  7.886057e+13  0.000000e+00  0.000000e+00  3.104437e-01  3.306482e+01  6.405817e+00  1  0.8560  2.942792e+11  0.000000e+00  0.000000e+00  4.317713e-01  4.644868e+01  3.597220e-01  2  0.8560  2.883960e+00  0.000000e+00  0.000000e+00  1.361874e-01  1.114060e+02  0.000000e+00 
3  8.251648e+02  7.485978e+02  8.304000e+03  2.440747e-01 6 -1.000000e+00  1.080657e+03 1   5.8630 -1.676928e-01 -1.152467e-01 -1 -1.0000 -1.000000e+00 -1.000000e+00 -1.000000e+00 -1.000000e+00 -1.000000e+00 -1.000000e+00 -1 -1.0000 -1.000000e+00 -1.000000e+00 -1.000000e+00 -1.000000e+00 -1.000000e+00 -1.000000e+00  0  1.0200  8.752315e+11  0.000000e+00  0.000000e+00  4.699646e-01 -1.091729e+02  4.305762e+00  1  1.0200  2.393582e+10  0.000000e+00  0.000000e+00  6.361301e-01 -1.445742e+02  5.357338e-02  2  1.0200  5.863030e+00  0.000000e+00  0.000000e+00  5.919707e-03  1.268598e+02  0.000000e+00 
5  4.697335e+02  1.063095e+03  1.841000e+03  4.390576e-01 6  2.911484e-01  1.417924e+03 3   5.9825  3.625825e-01 -5.550621e-01  0  1.1180  2.775694e+11  0.000000e+00  0.000000e+00  3.766688e-01 -4.775463e+01  4.011944e+01  1  1.1180  4.918339e+09  0.000000e+00  0.000000e+00  4.853883e-01 -7.337680e+00  4.011644e-01  2  1.1180  3.524238e+12  1.537005e+00 -2.709664e+00  8.223462e-02 -1.298494e+01  3.945761e+00  3  1.1180  9.844378e+10  1.537005e+00 -2.709664e+00  1.886842e-01 -1.741118e+01  1.527562e-01  4  1.1180  5.982480e+00  0.000000e+00  0.000000e+00  8.227847e-02 -1.558637e+02  0.000000e+00 
1  1.646016e+03  2.968891e+03  2.229000e+03  7.628346e-02 0  2.863777e-01  2.968891e+03 2   1.8616 -4.000367e-02 -2.688060e-01  0  1.2280  2.888196e+11  0.000000e+00  0.000000e+00  2.178172e-01  9.725532e+01  1.172444e+01  1  1.2280  5.947970e+09  0.000000e+00  0.000000e+00  2.241016e-01  3.565103e+01  5.689097e-02  2  1.2280  2.506365e+12 -1.722786e+00 -8.420411e+00  2.006211e-01  1.860766e+01  3.388678e+00  3  1.2280  5.755143e+10 -1.722786e+00 -8.420411e+00  7.103654e-01 -5.062988e+01  7.883506e-02  4  1.2280  1.861580e+00  0.000000e+00  0.000000e+00  4.250604e-02  2.399856e+01  0.000000e+00 
3  2.517166e+03  1.451535e+03  9.694000e+03  2.496205e-01 6 -1.000000e+00  3.557818e+03 1   3.3554  5.231892e-02 -1.824149e-01 -1 -1.0000 -1.000000e+00 -1.000000e+00 -1.000000e+00 -1.000000e+00 -1.000000e+00 -1.000000e+00 -1 -1.0000 -1.000000e+00 -1.000000e+00 -1.000000e+00 -1.000000e+00 -1.000000e+00 -1.000000e+00  0  0.8540  5.597685e+11  0.000000e+00  0.000000e+00  2.253818e-02 -8.722718e+01  5.690510e+00  1  0.8540  1.398869e+10  0.000000e+00  0.000000e+00  2.666031e-01 -7.289242e+01  7.556236e-02  2  0.8540  3.355410e+00  0.000000e+00  0.000000e+00  7.268192e-02 -8.730833e-01  0.000000e+00 
3  3.537954e+02  2.825284e+02  3.630000e+02  4.672937e-01 6 -1.000000e+00  6.025898e+02 1   3.1083 -1.449510e-01  1.174663e-01 -1 -1.0000 -1.000000e+00 -1.000000e+00 -1.000000e+00 -1.000000e+00 -1.000000e+00 -1.000000e+00 -1 -1.0000 -1.000000e+00 -1.000000e+00 -1.000000e+00 -1.000000e+00 -1.000000e+00 -1.000000e+00  0  1.2770  4.553217e+12  0.000000e+00  0.000000e+00  3.703792e-01 -1.391486e+02  5.189208e+00  1  1.2770  7.701592e+10  0.000000e+00  0.000000e+00  2.818767e-01 -1.651458e+02  1.040437e-01  2  1.2770  3.108310e+00  0.000000e+00  0.000000e+00  9.530908e-02  2.546622e+01  0.000000e+00 
3  3.552293e+02  6.973027e+01  7.906000e+03  4.379983e-01 6 -1.000000e+00  6.154499e+02 2   7.2487  3.512353e-01  4.405185e-01 -1 -1.0000 -1.000000e+00 -1.000000e+00 -1.000000e+00 -1.000000e+00 -1.000000e+00 -1.000000e+00 -1 -1.0000 -1.000000e+00 -1.000000e+00 -1.000000e+00 -1.000000e+00 -1.000000e+00 -1.000000e+00  0  2.6440  3.208951e+12  0.000000e+00  0.000000e+00  1.233110e-01 -3.363674e+01  4.161897e+00  1  2.6440  5.416902e+10  0.000000e+00  0.000000e+00  6.163486e-01 -5.122152e+01  3.926601e-02  2  2.6440  7.248720e+00  0.000000e+00  0.000000e+00  2.044978e-01  1.557221e+02  0.000000e+00 
3  5.155836e+02  1.858533e+02  4.656000e+03  7.831271e-01 6  2.733764e-01  1.035811e+03 2   8.4582  1.208663e+00 -1.813686e+00  0  1.5780  2.706472e+12  0.000000e+00  0.000000e+00  1.604359e-01  7.284856e+01  4.767318e+00  1  1.5780  7.481378e+10  0.000000e+00  0.000000e+00  1.805923e-01  6.313115e+01  4.084027e-02  2  1.5780  1.151550e+13  3.502005e+00 -4.652996e+00  1.140653e-01  1.404618e+02  3.578160e+00  3  1.5780  1.217642e+11  3.502005e+00 -4.652996e+00  8.265313e-02  1.677763e+02  1.081652e-01  4  1.5780  8.458200e+00  0.000000e+00  0.000000e+00  7.490265e-02 -1.584516e+02  0.000000e+00 
3  1.528307e+03  1.234358e+03  3.420000e+03  4.198485e-01 6 -1.000000e+00  2.106472e+03 1   1.9203 -2.012997e-01 -1.773977e-01 -1 -1.0000 -1.000000e+00 -1.000000e+00 -1.000000e+00 -1.000000e+00 -1.000000e+00 -1.000000e+00 -1 -1.0000 -1.000000e+00 -1.000000e+00 -1.000000e+00 -1.000000e+00 -1.000000e+00 -1.000000e+00  0  0.5260  1.125655e+12  0.000000e+00  0.000000e+00  3.798130e-01  1.731145e+02  4.677537e+00  1  0.5260  4.823191e+10  0.000000e+00  0.000000e+00  1.232340e-01  2.620215e+02  2.250615e-01  2  0.5260  1.920310e+00  0.000000e+00  0.000000e+00  3.965236e-02  7.806489e+00  0.000000e+00 
3  1.616335e+03  9.081247e+02  4.180000e+02  1.680157e+00 6 -1.000000e+00  2.516025e+03 1   4.1296  6.062760e-01  7.328842e-01 -1 -1.0000 -1.000000e+00 -1.000000e+00 -1.000000e+00 -1.000000e+00 -1.000000e+00 -1.000000e+00 -1 -1.0000 -1.000000e+00 -1.000000e+00 -1.000000e+00 -1.000000e+00 -1.000000e+00 -1.000000e+00  0  0.6120  1.812266e+13  0.000000e+00  0.000000e+00  4.575011e-01  9.635552e+01  5.318757e+00  1  0.6120  1.793410e+11  0.000000e+00  0.000000e+00  3.414562e-01  1.155681e+02  1.488947e-01  2  0.6120  4.129570e+00  0.000000e+00  0.000000e+00  1.535317e-02 -2.019052e+01  0.000000e+00 
3  1.247826e+03  1.224148e+03  1.098000e+03  7.210943e-01 6  2.940272e-01  2.519593e+03 3   4.9029  1.894277e+00 -2.172507e+00  0  0.6540  1.903148e+12  0.000000e+00  0.000000e+00  3.072102e-01 -1.061816e+01  9.713841e+00  1  0.6540  6.714598e+10  0.000000e+00  0.000000e+00  3.272891e-01 -8.311414e-01  2.033469e-01  2  0.6540  2.241782e+13  9.320571e+00 -1.322739e+01  3.382954e-01  1.711215e+02  5.366188e+00  3  0.6540  1.667813e+11  9.320571e+00 -1.322739e+01  2.979346e-01  2.306489e+02  2.180819e-01  4  0.6540  4.902930e+00  0.000000e+00  0.000000e+00  1.184207e-01 -9.071399e+01  0.000000e+00 
3  5.259310e+02  6.379759e+02  5.745000e+03  1.755872e-01 6 -1.000000e+00  1.459270e+03 3   3.3660 -3.279069e-02  1.208690e-03 -1 -1.0000 -1.000000e+00 -1.000000e+00 -1.000000e+00 -1.000000e+00 -1.000000e+00 -1.000000e+00 -1 -1.0000 -1.000000e+00 -1.000000e+00 -1.000000e+00 -1.000000e+00 -1.000000e+00 -1.000000e+00  0  0.7740  3.989800e+11  0.000000e+00  0.000000e+00  1.851031e-01 -3.531548e+01  6.319190e+00  1  0.7740  7.292890e+09  0.000000e+00  0.000000e+00  4.826144e-01 -8.414123e+01  1.137044e-01  2  0.7740  3.366030e+00  0.000000e+00  0.000000e+00  4.423113e-02  2.496068e+01  0.000000e+00 
3  1.509868e+03  1.134945e+03  9.465000e+03  8.095011e-01 6 -1.000000e+00  2.062332e+03 1   3.8490  4.603342e-01  5.194762e-01 -1 -1.0000 -1.000000e+00 -1.000000e+00 -1.000000e+00 -1.000000e+00 -1.000000e+00 -1.000000e+00 -1 -1.0000 -1.000000e+00 -1.000000e+00 -1.000000e+00 -1.000000e+00 -1.000000e+00 -1.000000e+00  0  1.0940  1.108599e+13  0.000000e+00  0.000000e+00  5.179864e-01  3.383595e+01  5.921366e+00  1  1.0940  8.258468e+10  0.000000e+00  0.000000e+00  3.619780e-01  4.109251e+01  9.990114e-02  2  1.0940  3.849030e+00  0.000000e+00  0.000000e+00  7.920884e-02 -1.145380e+02  0.000000e+00 
1  3.321401e+02  8.123743e+02  9.500000e+02  2.602700e+01 0 -1.000000e+00  8.123743e+02 2   8.7105  1.935488e+01  3.206433e+00 -1 -1.0000 -1.000000e+00 -1.000000e+00 -1.000000e+00 -1.000000e+00 -1.000000e+00 -1.000000e+00 -1 -1.0000 -1.000000e+00 -1.000000e+00 -1.000000e+00 -1.000000e+00 -1.000000e+00 -1.000000e+00  0  0.5050  1.249324e+15  0.000000e+00  0.000000e+00  2.441282e-01 -1.029126e+02  3.752928e+00  1  0.5050  1.788550e+12  0.000000e+00  0.000000e+00  1.189279e-01 -7.004063e+01  5.016601e+00  2  0.5050  8.710510e+00  0.000000e+00  0.000000e+00  1.315989e-01  1.258217e+02  0.000000e+00 
3  3.982197e+02  2.167656e+02  9.691000e+03  7.811374e-01 6 -1.000000e+00  4.879016e+02 1   6.4170  3.437041e-01 -6.219580e-01 -1 -1.0000 -1.000000e+00 -1.000000e+00 -1.000000e+00 -1.000000e+00 -1.000000e+00 -1.000000e+00 -1 -1.0000 -1.000000e+00 -1.000000e+00 -1.000000e+00 -1.000000e+00 -1.000000e+00 -1.000000e+00  0  0.2660  1.467961e+12  0.000000e+00  0.000000e+00  2.498627e-01  9.995061e+01  6.980561e+00  1  0.2660  6.184544e+10  0.000000e+00  0.000000e+00  4.140402e-03  1.058539e+02  2.537055e-01  2  0.2660  6.416970e+00  0.000000e+00  0.000000e+00  5.326174e-02  9.560019e+01  0.000000e+00 
3  7.594119e+02  3.512733e+02  6.199000e+03  6.709416e-01 6 -1.000000e+00  9.757553e+02 1   7.4404 -7.052711e-01 -3.289530e-01 -1 -1.0000 -1.000000e+00 -1.000000e+00 -1.000000e+00 -1.000000e+00 -1.000000e+00 -1.000000e+00 -1 -1.0000 -1.000000e+00 -1.000000e+00 -1.000000e+00 -1.000000e+00 -1.000000e+00 -1.000000e+00  0  0.6310  2.529344e+12  0.000000e+00  0.000000e+00  4.476032e-01 -1.418306e+02  6.725837e+00  1  0.6310  7.616499e+10  0.000000e+00  0.000000e+00  2.903697e-01 -1.476297e+02  1.892188e-01  2  0.6310  7.440380e+00  0.000000e+00  0.000000e+00  8.650786e-02  1.473078e+02  0.000000e+00 
3  2.761069e+02  2.210955e+02  5.248000e+03  2.058501e-01 6 -1.000000e+00  3.835363e+02 1   9.7992 -5.731652e-02 -1.186234e-01 -1 -1.0000 -1.000000e+00 -1.000000e+00 -1.000000e+00 -1.000000e+00 -1.000000e+00 -1.000000e+00 -1 -1.0000 -1.000000e+00 -1.000000e+00 -1.000000e+00 -1.000000e+00 -1.000000e+00 -1.000000e+00  0  0.9780  4.443082e+11  0.000000e+00  0.000000e+00  9.530196e-02 -6.538219e+01  9.835409e+00  1  0.9780  7.725642e+09  0.000000e+00  0.000000e+00  3.350883e-01 -1.328284e+01  5.355740e-02  2  0.9780  9.799170e+00  0.000000e+00  0.000000e+00  2.633835e-01  9.531299e+01  0.000000e+00 
5  8.185193e+02  1.397167e+03  3.700000e+01  2.075899e-01 6 -1.000000e+00  1.817939e+03 3   3.6211  9.388141e-03  1.352307e-02 -1 -1.0000 -1.000000e+00 -1.000000e+00 -1.000000e+00 -1.000000e+00 -1.000000e+00 -1.000000e+00 -1 -1.0000 -1.000000e+00 -1.000000e+00 -1.000000e+00 -1.000000e+00 -1.000000e+00 -1.000000e+00  0  1.2070  7.122834e+11  0.000000e+00  0.000000e+00  4.977643e-01 -1.372358e+02  4.685553e+00  1  1.2070  1.843659e+10  0.000000e+00  0.000000e+00  2.636461e-01 -1.264400e+02  9.987014e-02  2  1.2070  3.621090e+00  0.000000e+00  0.000000e+00  5.819887e-02  9.675853e+01  0.000000e+00 
3  5.552315e+02  7.430497e+01  1.057000e+03  9.402489e-01 6  2.760285e-01  1.259137e+03 2   6.6384 -2.123097e+00 -1.859486e+00  0  1.4340  2.342794e+12  0.000000e+00  0.000000e+00  3.625860e-01  1.042319e+02  9.983653e+00  1  1.4340  5.427674e+10  0.000000e+00  0.000000e+00  2.264029e-01  9.515992e+01  4.844461e-02  2  1.4340  1.399956e+13 -5.834848e+00 -4.248740e+00  3.481796e-01  1.026402e+02  5.335531e+00  3  1.4340  8.378169e+10 -5.834848e+00 -4.248740e+00  5.167130e-01  1.539342e+02  6.027525e-02  4  1.4340  6.638430e+00  0.000000e+00  0.000000e+00  3.940405e-02  1.992003e+01  0.000000e+00 
2  3.845404e+02  2.941376e+02  5.722000e+03  5.656324e-01 6 -1.000000e+00  6.551304e+02 1   8.1541  3.487813e-02 -3.312225e-01 -1 -1.0000 -1.000000e+00 -1.000000e+00 -1.000000e+00 -1.000000e+00 -1.000000e+00 -1.000000e+00 -1 -1.0000 -1.000000e+00 -1.000000e+00 -1.000000e+00 -1.000000e+00 -1.000000e+00 -1.000000e+00  0  1.5060  1.626458e+12  0.000000e+00  0.000000e+00  2.697157e-01 -1.648135e+02  6.905111e+00  1  1.5060  5.753849e+10  0.000000e+00  0.000000e+00  1.771098e-01 -1.688744e+02  1.664266e-02  2  1.5060  8.154060e+00  0.000000e+00  0.000000e+00  6.332309e-02  1.161370e+02  0.000000e+00 
3  1.768374e+02  1.070884e+02  4.940000e+03  1.029309e+00 6 -1.000000e+00  2.669873e+02 1   8.5130 -4.323820e-01 -6.572799e-01 -1 -1.0000 -1.000000e+00 -1.000000e+00 -1.000000e+00 -1.000000e+00 -1.000000e+00 -1.000000e+00 -1 -1.0000 -1.000000e+00 -1.000000e+00 -1.000000e+00 -1.000000e+00 -1.000000e+00 -1.000000e+00  0  0.8560  6.877505e+12  0.000000e+00  0.000000e+00  2.702451e-01  7.737960e+00  7.891396e+00  1  0.8560  8.577584e+10  0.000000e+00  0.000000e+00  2.453450e-01  2.449983e+01  1.229602e-01  2  0.8560  8.512950e+00  0.000000e+00  0.000000e+00  7.991025e-02  4.471104e+01  0.000000e+00 
3  1.395561e+03  7.870371e+02  5.206000e+03  6.397027e-01 6 -1.000000e+00  2.096921e+03 1   4.1390 -3.241539e-01  4.207476e-01 -1 -1.0000 -1.000000e+00 -1.000000e+00 -1.000000e+00 -1.000000e+00 -1.000000e+00 -1.000000e+00 -1 -1.0000 -1.000000e+00 -1.000000e+00 -1.000000e+00 -1.000000e+00 -1.000000e+00 -1.000000e+00  0  0.9630  3.632982e+12  0.000000e+00  0.000000e+00  2.839774e-01  1.495798e+02  4.431443e+00  1  0.9630  9.841357e+10  0.000000e+00  0.000000e+00  2.156284e-01  1.712067e+02  8.330465e-02  2  0.9630  4.138960e+00  0.000000e+00  0.000000e+00  8.286631e-02  4.825510e+01  0.000000e+00 
3  6.655951e+02  3.040946e+02  8.940000e+02  1.145959e+00 6 -1.000000e+00  1.215125e+03 2   5.5501  4.595138e-01  5.893680e-01 -1 -1.0000 -1.000000e+00 -1.000000e+00 -1.000000e+00 -1.000000e+00 -1.000000e+00 -1.000000e+00 -1 -1.0000 -1.000000e+00 -1.000000e+00 -1.000000e+00 -1.000000e+00 -1.000000e+00 -1.000000e+00  0  1.0490  1.010140e+13  0.000000e+00  0.000000e+00  3.128204e-01 -5.234456e+01  5.990211e+00  1  1.0490  1.042915e+11  0.000000e+00  0.000000e+00  2.521816e-01 -6.634339e+01  1.663327e-01  2  1.0490  5.550080e+00  0.000000e+00  0.000000e+00  5.152271e-02 -8.596478e+01  0.000000e+00 
3  1.396296e+03  7.299358e+02  8.470000e+03  5.355326e-01 6  2.821505e-01  2.997598e+03 2   4.9902 -4.964570e-01  6.088348e-01  0  1.3810  9.183666e+11  0.000000e+00  0.000000e+00  4.491528e-01 -9.775683e+01  1.051261e+01  1  1.3810  4.430759e+10  0.000000e+00  0.000000e+00  1.253464e-01 -1.129056e+02  1.055492e-01  2  1.3810  9.224446e+12 -2.548866e+01  1.882770e+01  2.472509e-01 -8.790321e+01  6.936296e+00  3  1.3810  7.945578e+10 -2.548866e+01  1.882770e+01  1.702919e-01 -1.215903e+02  5.962064e-02  4  1.3810  4.990230e+00  0.000000e+00  0.000000e+00  1.131539e-01  8.740005e+01  0.000000e+00 
3  5.292585e+02  4.506170e+02  3.381000e+03  8.015319e-01 6  2.825344e-01  8.928484e+02 1   7.2077  7.943249e-01 -1.952053e+00  0  1.4640  8.003078e+11  0.000000e+00  0.000000e+00  1.309450e-01 -7.040603e+01  2.191563e+01  1  1.4640  3.047385e+10  0.000000e+00  0.000000e+00  7.061992e-02 -3.631347e+01  4.951138e-02  2  1.4640  1.761875e+13  3.070560e+00 -7.617152e+00  3.364451e-01 -1.296906e+02  3.360201e+00  3  1.4640  1.323955e+11  3.070560e+00 -7.617152e+00  2.713798e-01 -8.508412e+01  1.533618e-01  4  1.4640  7.207680e+00  0.000000e+00  0.000000e+00  3.596940e-02  3.331904e+01  0.000000e+00 
3  9.759728e+02  4.235956e+02  1.763000e+03  5.111405e-01 6  2.751187e-01  1.304347e+03 1   4.1066  6.442278e-01  4.318293e-01  0  1.5140  1.283308e+12  0.000000e+00  0.000000e+00  1.739273e-01  1.308924e+02  1.408289e+01  1  1.5140  3.592596e+10  0.000000e+00  0.000000e+00  4.326025e-01  1.462672e+02  5.457447e-02  2  1.5140  4.262168e+12  3.519629e+00  7.431446e+00  3.669267e-01 -5.937701e+01  3.858735e+00  3  1.5140  8.920902e+10  3.519629e+00  7.431446e+00  2.047919e-01 -9.210335e+01  3.465849e-02  4  1.5140  4.106610e+00  0.000000e+00  0.000000e+00  3.764931e-02  1.473670e+02  0.000000e+00 
3  2.322795e+02  1.627605e+02  3.400000e+02  2.805387e-01 6  2.733139e-01  3.790945e+02 1   2.0900 -3.413928e-01  3.485085e-01  0  1.5630  1.566098e+12  0.000000e+00  0.000000e+00  2.993582e-01 -1.293830e+02  1.735614e+01  1  1.5630  6.194059e+10  0.000000e+00  0.000000e+00  3.271936e-01 -1.608485e+02  8.736771e-02  2  1.5630  3.541213e+12 -6.163515e+00  6.430776e+00  2.796869e-01  4.833407e+01  6.037315e+00  3  1.5630  6.291234e+10 -6.163515e+00  6.430776e+00  2.799529e-01  6.862400e+01  4.401769e-02  4  1.5630  2.090030e+00  0.000000e+00  0.000000e+00  6.711782e-02  1.098007e+02  0.000000e+00 
3  1.095340e+02  2.789795e+02  1.076000e+03  2.678377e-01 6 -1.000000e+00  3.293501e+02 3   9.3614  4.001699e-02 -5.365012e-02 -1 -1.0000 -1.000000e+00 -1.000000e+00 -1.000000e+00 -1.000000e+00 -1.000000e+00 -1.000000e+00 -1 -1.0000 -1.000000e+00 -1.000000e+00 -1.000000e+00 -1.000000e+00 -1.000000e+00 -1.000000e+00  0  0.4370  4.056639e+11  0.000000e+00  0.000000e+00  4.420328e-01 -1.615019e+02  1.328501e+01  1  0.4370  1.415658e+10  0.000000e+00  0.000000e+00  4.508093e-01 -8.817397e+01  3.402171e-01  2  0.4370  9.361400e+00  0.000000e+00  0.000000e+00  6.437460e-02  9.022580e+01  0.000000e+00 
3  1.231975e+03  1.138325e+03  8.708000e+03  6.770335e-01 6  2.838301e-01  1.886579e+03 1   4.3080 -6.888373e-01 -1.298028e+00  0  1.1840  1.481987e+12  0.000000e+00  0.000000e+00  2.281183e-01  1.529544e+02  1.119112e+01  1  1.1840  5.967089e+10  0.000000e+00  0.000000e+00  2.179232e-01  1.605373e+02  6.285459e-02  2  1.1840  1.683314e+13 -3.401186e+00 -8.830853e+00  2.827717e-03  1.574869e+02  3.634792e+00  3  1.1840  8.145841e+10 -3.401186e+00 -8.830853e+00  3.370774e-01  6.885694e+01  3.534597e-01  4  1.1840  4.308000e+00  0.000000e+00  0.000000e+00  8.523554e-02 -3.460816e+01  0.000000e+00 
3  1.856688e+03  1.746438e+03  5.642000e+03  7.709557e-01 6 -1.000000e+00  2.741531e+03 1   4.8457  4.663618e-01 -3.673339e-02 -1 -1.0000 -1.000000e+00 -1.000000e+00 -1.000000e+00 -1.000000e+00 -1.000000e+00 -1.000000e+00 -1 -1.0000 -1.000000e+00 -1.000000e+00 -1.000000e+00 -1.000000e+00 -1.000000e+00 -1.000000e+00  0  0.4090  4.103247e+12  0.000000e+00  0.000000e+00  1.776117e-01 -1.291368e+02  8.271714e+00  1  0.4090  5.663870e+10  0.000000e+00  0.000000e+00  2.158928e-01 -1.530389e+02  1.514417e-01  2  0.4090  4.845700e+00  0.000000e+00  0.000000e+00  1.821372e-01  1.459751e+02  0.000000e+00 
2  7.567678e+02  1.019987e+03  9.441000e+03  4.929797e-01 6 -1.000000e+00  1.407373e+03 3   6.8674 -1.100234e-01 -8.150440e-02 -1 -1.0000 -1.000000e+00 -1.000000e+00 -1.000000e+00 -1.000000e+00 -1.000000e+00 -1.000000e+00 -1 -1.0000 -1.000000e+00 -1.000000e+00 -1.000000e+00 -1.000000e+00 -1.000000e+00 -1.000000e+00  0  2.1140  2.044861e+12  0.000000e+00  0.000000e+00  2.038755e-01  2.948954e+00  4.606916e+00  1  2.1140  5.176226e+10  0.000000e+00  0.000000e+00  1.106669e-01  8.178807e+01  2.673770e-02  2  2.1140  6.867430e+00  0.000000e+00  0.000000e+00  1.700038e-02  1.480381e+02  0.000000e+00 
2  1.852433e+02  2.643209e+02  9.250000e+03  6.026383e-01 6  2.719486e-01  3.028308e+02 1   7.4484  1.758325e+00 -7.064655e-02  0  1.7530  1.654610e+12  0.000000e+00  0.000000e+00  4.068910e-01 -1.459946e+02  9.664794e+00  1  1.7530  4.406621e+10  0.000000e+00  0.000000e+00  1.454175e-01 -1.877232e+02  2.334667e-02  2  1.7530  2.153019e+13  4.078046e+01  1.043486e+01  5.024767e-01 -5.800621e+01  2.816431e+00  3  1.7530  1.105369e+11  4.078046e+01  1.043486e+01  5.921249e-01 -9.461681e+00  4.572076e-02  4  1.7530  7.448410e+00  0.000000e+00  0.000000e+00  7.519523e-02  6.616002e+01  0.000000e+00 
3  4.327031e+03  4.218904e+03  5.061000e+03  6.157357e-01 6 -1.000000e+00  7.414136e+03 1   2.5558 -1.223456e-01  3.227680e-01 -1 -1.0000 -1.000000e+00 -1.000000e+00 -1.000000e+00 -1.000000e+00 -1.000000e+00 -1.000000e+00 -1 -1.0000 -1.000000e+00 -1.000000e+00 -1.000000e+00 -1.000000e+00 -1.000000e+00 -1.000000e+00  0  0.5200  3.047895e+12  0.000000e+00  0.000000e+00  2.476588e-01  1.486353e+01  9.475516e+00  1  0.5200  6.835548e+10  0.000000e+00  0.000000e+00  4.524917e-01 -2.169454e+01  1.589095e-01  2  0.5200  2.555810e+00  0.000000e+00  0.000000e+00  6.473745e-02 -6.320492e+01  0.000000e+00 
3  1.023248e+03  4.446324e+02  8.655000e+03  2.284825e-01 6 -1.000000e+00  1.291001e+03 1   5.7466 -2.137583e-01 -8.248975e-02 -1 -1.0000 -1.000000e+00 -1.000000e+00 -1.000000e+00 -1.000000e+00 -1.000000e+00 -1.000000e+00 -1 -1.0000 -1.000000e+00 -1.000000e+00 -1.000000e+00 -1.000000e+00 -1.000000e+00 -1.000000e+00  0  1.2060  4.776800e+11  0.000000e+00  0.000000e+00  2.088799e-01  5.640069e+01  6.004102e+00  1  1.2060  1.144816e+10  0.000000e+00  0.000000e+00  3.362773e-01  5.776203e+01  4.548914e-02  2  1.2060  5.746560e+00  0.000000e+00  0.000000e+00  7.943858e-02 -1.717790e+02  0.000000e+00 
1  4.448954e+02  7.855317e+02  2.919000e+03  1.074793e-02 0 -1.000000e+00  7.855317e+02 2   2.3625  2.652817e-03  9.798666e-03 -1 -1.0000 -1.000000e+00 -1.000000e+00 -1.000000e+00 -1.000000e+00 -1.000000e+00 -1.000000e+00 -1 -1.0000 -1.000000e+00 -1.000000e+00 -1.000000e+00 -1.000000e+00 -1.000000e+00 -1.000000e+00  0  1.5490  3.035315e+11  0.000000e+00  0.000000e+00  5.373503e-01  9.756318e+01  2.694622e+00  1  1.5490  1.821398e+09  0.000000e+00  0.000000e+00  3.176748e-01  5.481791e+01  7.143173e-02  2  1.5490  2.362490e+00  0.000000e+00  0.000000e+00  1.334118e-01  1.554924e+02  0.000000e+00 
3  1.520024e+03  7.402025e+02  1.582000e+03  4.385472e-01 6 -1.000000e+00  2.295045e+03 1   6.1809 -3.767492e-01  1.273100e-01 -1 -1.0000 -1.000000e+00 -1.000000e+00 -1.000000e+00 -1.000000e+00 -1.000000e+00 -1.000000e+00 -1 -1.0000 -1.000000e+00 -1.000000e+00 -1.000000e+00 -1.000000e+00 -1.000000e+00 -1.000000e+00  0  1.7400  1.584583e+12  0.000000e+00  0.000000e+00  1.822047e-01 -1.699650e+02  6.975405e+00  1  1.7400  4.325651e+10  0.000000e+00  0.000000e+00  3.599633e-01 -1.483439e+02  2.863586e-02  2  1.7400  6.180910e+00  0.000000e+00  0.000000e+00  6.036433e-02 -1.211030e+02  0.000000e+00 
3  5.648258e+02  5.235124e+02  4.832000e+03  6.131632e-01 6 -1.000000e+00  8.276442e+02 1   8.7442 -2.313999e-01  1.787513e-01 -1 -1.0000 -1.000000e+00 -1.000000e+00 -1.000000e+00 -1.000000e+00 -1.000000e+00 -1.000000e+00 -1 -1.0000 -1.000000e+00 -1.000000e+00 -1.000000e+00 -1.000000e+00 -1.000000e+00 -1.000000e+00  0  0.8740  3.233616e+12  0.000000e+00  0.000000e+00  2.473089e-01  2.541208e+01  5.041771e+00  1  0.8740  8.660327e+10  0.000000e+00  0.000000e+00  4.695617e-01  1.033188e+01  4.893951e-02  2  0.8740  8.744230e+00  0.000000e+00  0.000000e+00  1.125586e-01 -8.922993e+00  0.000000e+00 
3  2.219796e+02  3.169430e+02  7.649000e+03  9.027810e-02 6 -1.000000e+00  3.455478e+02 1   8.2330 -4.426603e-04 -2.280929e-02 -1 -1.0000 -1.000000e+00 -1.000000e+00 -1.000000e+00 -1.000000e+00 -1.000000e+00 -1.000000e+00 -1 -1.0000 -1.000000e+00 -1.000000e+00 -1.000000e+00 -1.000000e+00 -1.000000e+00 -1.000000e+00  0  1.1710  2.634504e+11  0.000000e+00  0.000000e+00  9.739163e-02  3.932251e+01  5.875571e+00  1  1.1710  2.268373e+09  0.000000e+00  0.000000e+00  2.406846e-01  5.295633e+01  4.232890e-02  2  1.1710  8.233000e+00  0.000000e+00  0.000000e+00  1.369099e-01 -1.047499e+02  0.000000e+00 
3  2.874474e+02  8.771926e+01  7.370000e+02  4.542912e-01 6 -1.000000e+00  5.143474e+02 2   8.1476  3.300968e-01  2.363908e-01 -1 -1.0000 -1.000000e+00 -1.000000e+00 -1.000000e+00 -1.000000e+00 -1.000000e+00 -1.000000e+00 -1 -1.0000 -1.000000e+00 -1.000000e+00 -1.000000e+00 -1.000000e+00 -1.000000e+00 -1.000000e+00  0  1.6860  1.703104e+12  0.000000e+00  0.000000e+00  1.668910e-01  1.007395e+02  5.282626e+00  1  1.6860  3.664931e+10  0.000000e+00  0.000000e+00  5.335095e-01  1.240157e+02  5.364180e-02  2  1.6860  8.147630e+00  0.000000e+00  0.000000e+00  1.714285e-01  1.444849e+02  0.000000e+00 
1  2.262441e+03  4.127230e+03  7.850000e+02  4.684208e-01 0  3.028126e-01  4.127230e+03 2   3.7077 -4.857699e-02 -1.272034e+00  0  0.5080  4.507008e+11  0.000000e+00  0.000000e+00  3.256065e-01  9.018792e+01  1.723460e+01  1  0.5080  2.287381e+10  0.000000e+00  0.000000e+00  3.587967e-01  8.299842e+01  2.864217e-01  2  0.5080  5.699734e+12 -3.623933e-01 -1.168871e+01  2.134273e-01  1.626709e+02  7.117839e+00  3  0.5080  7.719528e+10 -3.623933e-01 -1.168871e+01  4.174637e-02  1.404629e+02  2.846085e-01  4  0.5080  3.707680e+00  0.000000e+00  0.000000e+00  1.014765e-01  1.434959e+02  0.000000e+00 
3  1.197331e+03  4.437996e+02  7.198000e+03  4.300077e-01 6 -1.000000e+00  2.267005e+03 2   6.1713  3.278613e-01  2.127051e-01 -1 -1.0000 -1.000000e+00 -1.000000e+00 -1.000000e+00 -1.000000e+00 -1.000000e+00 -1.000000e+00 -1 -1.0000 -1.000000e+00 -1.000000e+00 -1.000000e+00 -1.000000e+00 -1.000000e+00 -1.000000e+00  0  1.7350  1.603055e+12  0.000000e+00  0.000000e+00  4.742870e-01  1.557615e+02  8.132400e+00  1  1.7350  3.085088e+10  0.000000e+00  0.000000e+00  2.119251e-02  1.366136e+02  4.136223e-02  2  1.7350  6.171310e+00  0.000000e+00  0.000000e+00  1.378076e-01  9.551465e+01  0.000000e+00 
1  3.885350e+02  6.798114e+02  5.240000e+02  2.847352e+00 0 -1.000000e+00  6.798114e+02 2   7.4728  2.413235e+00 -4.336654e+00 -1 -1.0000 -1.000000e+00 -1.000000e+00 -1.000000e+00 -1.000000e+00 -1.000000e+00 -1.000000e+00 -1 -1.0000 -1.000000e+00 -1.000000e+00 -1.000000e+00 -1.000000e+00 -1.000000e+00 -1.000000e+00  0  0.5860  6.683457e+13  0.000000e+00  0.000000e+00  4.363473e-02  3.285307e+01  5.321505e+00  1  0.5860  2.812912e+11  0.000000e+00  0.000000e+00  2.641666e-01  1.376001e+01  3.838762e-01  2  0.5860  7.472820e+00  0.000000e+00  0.000000e+00  1.139383e-01 -1.519590e+02  0.000000e+00 
3  8.119975e+02  3.360983e+02  3.277000e+03  1.625965e-01 6 -1.000000e+00  1.030592e+03 1   7.4103 -2.074550e-02 -1.701674e-01 -1 -1.0000 -1.000000e+00 -1.000000e+00 -1.000000e+00 -1.000000e+00 -1.000000e+00 -1.000000e+00 -1 -1.0000 -1.000000e+00 -1.000000e+00 -1.000000e+00 -1.000000e+00 -1.000000e+00 -1.000000e+00  0  2.8350  6.249420e+11  0.000000e+00  0.000000e+00  2.443931e-01 -7.402176e+01  4.746407e+00  1  2.8350  7.449642e+09  0.000000e+00  0.000000e+00  6.317146e-02 -8.745691e+01  1.624575e-02  2  2.8350  7.410290e+00  0.000000e+00  0.000000e+00  1.788777e-01  9.042746e+01  0.000000e+00 
3  1.064707e+02  1.037907e+02  6.700000e+01  6.428519e-01 6  2.711390e-01  1.660996e+02 1   8.2121 -8.694163e-02  6.733274e-01  0  2.0900  1.786610e+12  0.000000e+00  0.000000e+00  4.442702e-01 -5.542916e+01  8.233069e+00  1  2.0900  6.640136e+10  0.000000e+00  0.000000e+00  5.700065e-01 -2.674734e+01  4.583879e-02  2  2.0900  4.150634e+12  1.784383e+00  5.133862e+00  1.811280e-01  1.333195e+01  1.703297e+00  3  2.0900  9.216781e+10  1.784383e+00  5.133862e+00  4.901393e-01 -3.872221e+01  3.667609e-02  4  2.0900  8.212110e+00  0.000000e+00  0.000000e+00  4.550279e-02  4.443464e+01  0.000000e+00 
5  1.536345e+03  4.033294e+03  3.889000e+03  2.502942e-01 6 -1.000000e+00  5.580291e+03 3   3.1024 -5.777628e-03 -2.195923e-02 -1 -1.0000 -1.000000e+00 -1.000000e+00 -1.000000e+00 -1.000000e+00 -1.000000e+00 -1.000000e+00 -1 -1.0000 -1.000000e+00 -1.000000e+00 -1.000000e+00 -1.000000e+00 -1.000000e+00 -1.000000e+00  0  0.5480  4.579150e+11  0.000000e+00  0.000000e+00  3.830681e-01 -1.063961e+02  9.557517e+00  1  0.5480  1.037713e+10  0.000000e+00  0.000000e+00  1.995621e-01 -1.233950e+02  9.261738e-02  2  0.5480  3.102430e+00  0.000000e+00  0.000000e+00  2.966821e-02  1.349060e+02  0.000000e+00 
3  6.831437e+02  3.401643e+02  6.315000e+03  4.543807e-01 6 -1.000000e+00  8.949837e+02 1   5.9103  3.246550e-01 -1.441981e-01 -1 -1.0000 -1.000000e+00 -1.000000e+00 -1.000000e+00 -1.000000e+00 -1.000000e+00 -1.000000e+00 -1 -1.0000 -1.000000e+00 -1.000000e+00 -1.000000e+00 -1.000000e+00 -1.000000e+00 -1.000000e+00  0  1.4470  1.109750e+12  0.000000e+00  0.000000e+00  2.239229e-01 -1.194334e+02  4.143390e+00  1  1.4470  5.010960e+10  0.000000e+00  0.000000e+00  3.800552e-01 -1.247592e+02  4.902764e-02  2  1.4470  5.910300e+00  0.000000e+00  0.000000e+00  1.509740e-01  1.237077e+02  0.000000e+00 
3  6.450078e+02  2.917293e+02  9.770000e+02  1.741247e-01 6 -1.000000e+00  8.332812e+02 1   4.7681 -1.061705e-01 -1.242272e-01 -1 -1.0000 -1.000000e+00 -1.000000e+00 -1.000000e+00 -1.000000e+00 -1.000000e+00 -1.000000e+00 -1 -1.0000 -1.000000e+00 -1.000000e+00 -1.000000e+00 -1.000000e+00 -1.000000e+00 -1.000000e+00  0  0.7560  3.516434e+11  0.000000e+00  0.000000e+00  2.938323e-01 -5.289917e+01  4.840608e+00  1  0.7560  8.721055e+09  0.000000e+00  0.000000e+00  2.835422e-01 -1.752918e+01  4.439020e-02  2  0.7560  4.768120e+00  0.000000e+00  0.000000e+00  1.766743e-01  1.780163e+02  0.000000e+00 
1  1.518221e+03  2.760859e+03  7.842000e+03  5.338313e-02 0  2.857694e-01  2.760859e+03 2   5.1498 -1.365496e-01  2.118228e-01  0  1.1650  1.150354e+11  0.000000e+00  0.000000e+00  1.896503e-01  3.601864e+01  1.589011e+01  1  1.1650  8.451129e+08  0.000000e+00  0.000000e+00  9.841676e-02  7.302153e+01  1.360359e-01  2  1.1650  5.462866e+11 -1.479981e+00  1.608685e+00  3.915584e-01 -2.161953e+01  4.553336e+00  3  1.1650  1.357046e+10 -1.479981e+00  1.608685e+00  3.529576e-01 -4.380650e+01  3.722307e-02  4  1.1650  5.149800e+00  0.000000e+00  0.000000e+00  1.423262e-01  1.651044e+02  0.000000e+00 
2  2.669349e+02  4.378624e+02  3.558000e+03  1.117863e+00 6 -1.000000e+00  5.616462e+02 3   7.4764  1.937094e-01 -5.967754e-03 -1 -1.0000 -1.000000e+00 -1.000000e+00 -1.000000e+00 -1.000000e+00 -1.000000e+00 -1.000000e+00 -1 -1.0000 -1.000000e+00 -1.000000e+00 -1.000000e+00 -1.000000e+00 -1.000000e+00 -1.000000e+00  0  2.0600  1.038152e+13  0.000000e+00  0.000000e+00  2.316071e-01  8.333100e+01  2.779832e+00  1  2.0600  1.070332e+11  0.000000e+00  0.000000e+00  6.283228e-01  7.961425e+01  4.160681e-02  2  2.0600  7.476430e+00  0.000000e+00  0.000000e+00  1.366103e-01  1.644881e+02  0.000000e+00 
2  8.397160e+02  4.555589e+02  6.753000e+03  5.601403e-01 6  2.698706e-01  2.011613e+03 2   6.4327 -6.195273e-01  2.784233e-01  0  2.2040  1.758237e+12  0.000000e+00  0.000000e+00  3.265894e-01  2.494556e+01  7.230423e+00  1  2.2040  6.280829e+10  0.000000e+00  0.000000e+00  2.165614e-01  3.436684e+01  1.886004e-02  2  2.2040  6.343512e+12 -8.283834e+00  5.990712e+00  4.585315e-01 -3.215316e+01  3.125618e+00  3  2.2040  1.056275e+11 -8.283834e+00  5.990712e+00  3.698616e-01 -5.900719e+01  4.423543e-02  4  2.2040  6.432740e+00  0.000000e+00  0.000000e+00  8.760172e-02 -1.577731e+02  0.000000e+00 
3  9.855635e+02  1.371214e+03  9.020000e+02  1.542000e+00 6 -1.000000e+00  1.651305e+03 1   4.5466  1.373901e-01 -3.779510e-01 -1 -1.0000 -1.000000e+00 -1.000000e+00 -1.000000e+00 -1.000000e+00 -1.000000e+00 -1.000000e+00 -1 -1.0000 -1.000000e+00 -1.000000e+00 -1.000000e+00 -1.000000e+00 -1.000000e+00 -1.000000e+00  0  0.5500  1.589211e+13  0.000000e+00  0.000000e+00  4.305946e-01 -1.025328e+02  6.206105e+00  1  0.5500  1.638044e+11  0.000000e+00  0.000000e+00  2.896413e-01 -1.182559e+02  3.956122e-01  2  0.5500  4.546630e+00  0.000000e+00  0.000000e+00  5.152529e-02  1.264767e+02  0.000000e+00 
3  1.039877e+03  4.606196e+02  7.796000e+03  4.530980e-01 6 -1.000000e+00  1.365041e+03 1   5.5047 -1.360138e-01  3.932893e-01 -1 -1.0000 -1.000000e+00 -1.000000e+00 -1.000000e+00 -1.000000e+00 -1.000000e+00 -1.000000e+00 -1 -1.0000 -1.000000e+00 -1.000000e+00 -1.000000e+00 -1.000000e+00 -1.000000e+00 -1.000000e+00  0  1.2670  1.235374e+12  0.000000e+00  0.000000e+00  1.185837e-01  7.598591e+01  5.349094e+00  1  1.2670  4.516985e+10  0.000000e+00  0.000000e+00  5.578103e-01  6.044682e+01  9.502996e-02  2  1.2670  5.504730e+00  0.000000e+00  0.000000e+00  8.352327e-02  1.408337e+02  0.000000e+00 
3  1.640485e+02  5.371414e+01  4.101000e+03  6.586657e-01 6 -1.000000e+00  3.562771e+02 2   9.3138  3.952427e-01  4.184728e-01 -1 -1.0000 -1.000000e+00 -1.000000e+00 -1.000000e+00 -1.000000e+00 -1.000000e+00 -1.000000e+00 -1 -1.0000 -1.000000e+00 -1.000000e+00 -1.000000e+00 -1.000000e+00 -1.000000e+00 -1.000000e+00  0  1.5200  1.983142e+12  0.000000e+00  0.000000e+00  4.258546e-01 -6.180406e+01  9.447324e+00  1  1.5200  3.908706e+10  0.000000e+00  0.000000e+00  3.132772e-01  1.539301e+01  3.876674e-02  2  1.5200  9.313810e+00  0.000000e+00  0.000000e+00  1.269999e-01 -8.514280e+00  0.000000e+00 
1  7.337034e+01  1.388412e+02  2.104000e+03  4.817769e-02 0 -1.000000e+00  1.388412e+02 2   5.1803 -7.002769e-03 -3.382076e-02 -1 -1.0000 -1.000000e+00 -1.000000e+00 -1.000000e+00 -1.000000e+00 -1.000000e+00 -1.000000e+00 -1 -1.0000 -1.000000e+00 -1.000000e+00 -1.000000e+00 -1.000000e+00 -1.000000e+00 -1.000000e+00  0  0.8260  1.463494e+11  0.000000e+00  0.000000e+00  2.009286e-01  1.297095e+02  9.311334e+00  1  0.8260  1.182925e+09  0.000000e+00  0.000000e+00  1.551838e-01  8.656082e+01  7.986660e-02  2  0.8260  5.180280e+00  0.000000e+00  0.000000e+00  1.298323e-01 -1.607406e+02  0.000000e+00 
1  1.363608e+03  2.364749e+03  1.838000e+03  2.263230e-02 0 -1.000000e+00  2.364749e+03 2   5.8422 -9.942480e-03 -3.269008e-02 -1 -1.0000 -1.000000e+00 -1.000000e+00 -1.000000e+00 -1.000000e+00 -1.000000e+00 -1.000000e+00 -1 -1.0000 -1.000000e+00 -1.000000e+00 -1.000000e+00 -1.000000e+00 -1.000000e+00 -1.000000e+00  0  1.7040  1.717773e+11  0.000000e+00  0.000000e+00  5.675045e-01 -1.211823e+01  4.120035e+00  1  1.7040  6.156619e+08  0.000000e+00  0.000000e+00  2.820142e-01  3.269763e+01  3.459874e-02  2  1.7040  5.842230e+00  0.000000e+00  0.000000e+00  8.061259e-02 -1.545806e+01  0.000000e+00 
3  7.936040e+02  3.382774e+02  2.632000e+03  4.245565e-01 6 -1.000000e+00  1.039364e+03 1   5.3443 -1.200287e-01 -3.777789e-01 -1 -1.0000 -1.000000e+00 -1.000000e+00 -1.000000e+00 -1.000000e+00 -1.000000e+00 -1.000000e+00 -1 -1.0000 -1.000000e+00 -1.000000e+00 -1.000000e+00 -1.000000e+00 -1.000000e+00 -1.000000e+00  0  1.3140  1.114936e+12  0.000000e+00  0.000000e+00  3.348164e-01 -7.523642e+01  1.119621e+01  1  1.3140  2.144137e+10  0.000000e+00  0.000000e+00  3.074097e-01 -2.042104e+01  6.371491e-02  2  1.3140  5.344320e+00  0.000000e+00  0.000000e+00  9.812733e-02 -1.117384e+02  0.000000e+00 
2  9.030842e+02  5.794056e+02  6.230000e+02  8.426435e-01 6 -1.000000e+00  1.434333e+03 1   8.2343 -4.803099e-01  1.121881e-01 -1 -1.0000 -1.000000e+00 -1.000000e+00 -1.000000e+00 -1.000000e+00 -1.000000e+00 -1.000000e+00 -1 -1.0000 -1.000000e+00 -1.000000e+00 -1.000000e+00 -1.000000e+00 -1.000000e+00 -1.000000e+00  0  2.4730  6.437632e+12  0.000000e+00  0.000000e+00  1.812205e-01  7.720587e+01  3.616645e+00  1  2.4730  8.718713e+10  0.000000e+00  0.000000e+00  3.165393e-01  1.012796e+02  2.749249e-02  2  2.4730  8.234350e+00  0.000000e+00  0.000000e+00  1.334287e-01  1.529717e+00  0.000000e+00 
3  1.963251e+01  1.098986e+01  1.069000e+03  1.008331e+00 6 -1.000000e+00  3.109382e+01 1   6.5835 -6.854389e-01 -4.137132e-01 -1 -1.0000 -1.000000e+00 -1.000000e+00 -1.000000e+00 -1.000000e+00 -1.000000e+00 -1.000000e+00 -1 -1.0000 -1.000000e+00 -1.000000e+00 -1.000000e+00 -1.000000e+00 -1.000000e+00 -1.000000e+00  0  0.7750  9.570986e+12  0.000000e+00  0.000000e+00  2.319870e-01 -3.791731e+00  6.120134e+00  1  0.7750  9.581548e+10  0.000000e+00  0.000000e+00  2.053833e-01  1.682508e+01  7.102532e-02  2  0.7750  6.583540e+00  0.000000e+00  0.000000e+00  5.747956e-02 -2.549843e+01  0.000000e+00 
3  7.142545e+02  1.768653e+03  6.850000e+02  7.182797e-02 6 -1.000000e+00  2.324491e+03 3   4.3612 -1.628723e-02  1.572968e-02 -1 -1.0000 -1.000000e+00 -1.000000e+00 -1.000000e+00 -1.000000e+00 -1.000000e+00 -1.000000e+00 -1 -1.0000 -1.000000e+00 -1.000000e+00 -1.000000e+00 -1.000000e+00 -1.000000e+00 -1.000000e+00  0  0.3400  2.283496e+11  0.000000e+00  0.000000e+00  2.008032e-01  1.523548e+01  1.080745e+01  1  0.3400  4.637351e+09  0.000000e+00  0.000000e+00  4.376858e-01 -2.695811e+01  2.485824e-01  2  0.3400  4.361230e+00  0.000000e+00  0.000000e+00  1.036719e-01  6.806164e+01  0.000000e+00 
3  5.217699e+02  4.283933e+02  1.325000e+03  9.782664e-01 6  2.682007e-01  1.773947e+03 2   9.2369 -1.049272e+00  1.089027e+00  0  2.2430  4.326560e+12  0.000000e+00  0.000000e+00  1.961141e-01  1.495716e+02  7.170002e+00  1  2.2430  6.761038e+10  0.000000e+00  0.000000e+00  1.562305e-01  1.269384e+02  1.029452e-01  2  2.2430  1.626705e+13 -1.091557e+01  1.318924e+01  1.442312e-01  5.847412e+01  1.821205e+00  3  2.2430  8.914651e+10 -1.091557e+01  1.318924e+01  3.202844e-01  6.573608e+01  2.601633e-02  4  2.2430  9.236900e+00  0.000000e+00  0.000000e+00  1.444126e-01 -1.661165e+02  0.000000e+00 
3  1.064707e+02  5.162314e+01  6.700000e+01  5.394565e-01 6 -1.000000e+00  1.351626e+02 1   8.2121  2.147218e-01 -3.978031e-01 -1 -1.0000 -1.000000e+00 -1.000000e+00 -1.000000e+00 -1.000000e+00 -1.000000e+00 -1.000000e+00 -1 -1.0000 -1.000000e+00 -1.000000e+00 -1.000000e+00 -1.000000e+00 -1.000000e+00 -1.000000e+00  0  0.4130  8.447932e+11  0.000000e+00  0.000000e+00  3.536865e-01 -1.722462e+02  4.657139e+00  1  0.4130  3.140807e+10  0.000000e+00  0.000000e+00  2.260253e-01 -2.517162e+02  8.989089e-02  2  0.4130  8.212110e+00  0.000000e+00  0.000000e+00  6.228707e-02  1.754315e+02  0.000000e+00 
5  1.876377e+03  3.217648e+03  5.988000e+03  2.071599e+00 6 -1.000000e+00  5.172135e+03 3   4.7824  6.632913e-01  1.089974e+00 -1 -1.0000 -1.000000e+00 -1.000000e+00 -1.000000e+00 -1.000000e+00 -1.000000e+00 -1.000000e+00 -1 -1.0000 -1.000000e+00 -1.000000e+00 -1.000000e+00 -1.000000e+00 -1.000000e+00 -1.000000e+00  0  0.5380  2.190136e+13  0.000000e+00  0.000000e+00  3.100261e-01  1.434289e+02  8.056760e+00  1  0.5380  2.225960e+11  0.000000e+00  0.000000e+00  1.538443e-01  1.586866e+02  2.466332e-01  2  0.5380  4.782410e+00  0.000000e+00  0.000000e+00  2.360312e-01 -1.843417e+01  0.000000e+00 
3  1.988167e+03  1.647141e+03  9.766000e+03  2.774414e-01 6  2.926313e-01  3.050650e+03 1   4.2664  2.727623e-01 -4.942022e-01  0  0.8000  2.895387e+11  0.000000e+00  0.000000e+00  3.336606e-01 -4.650333e+01  1.729975e+01  1  0.8000  7.147490e+09  0.000000e+00  0.000000e+00  3.655054e-01 -8.684419e+01  7.291343e-02  2  0.8000  2.312197e+12  1.508415e+01 -1.766350e+01  2.045551e-01 -1.795662e+02  4.837942e+00  3  0.8000  7.269105e+10  1.508415e+01 -1.766350e+01  4.263894e-01 -1.673860e+02  1.258167e-01  4  0.8000  4.266350e+00  0.000000e+00  0.000000e+00  2.074843e-01  3.529041e+01  0.000000e+00 
1  2.412350e+02  6.696143e+02  3.030000e+02  7.495891e-01 0  2.847187e-01  6.696143e+02 2   3.7204  2.300164e+00 -2.768784e+00  0  1.0890  1.822566e+12  0.000000e+00  0.000000e+00  2.590629e-01  1.182781e+02  8.062069e+00  1  1.0890  6.160638e+10  0.000000e+00  0.000000e+00  3.838762e-01  1.032909e+02  1.390490e-01  2  1.0890  2.312280e+13  3.761430e+00 -4.356965e+00  1.735571e-01 -1.351241e+02  7.447727e+00  3  1.0890  1.262242e+11  3.761430e+00 -4.356965e+00  2.081269e-01 -1.027405e+02  6.803474e-02  4  1.0890  3.720370e+00  0.000000e+00  0.000000e+00  9.047973e-02  1.402785e+02  0.000000e+00 
3  1.045560e+03  9.338378e+02  1.812000e+03  2.855780e-01 6  2.732171e-01  1.746234e+03 1   3.3678  1.899209e-02 -1.024827e-01  0  1.7070  6.429426e+11  0.000000e+00  0.000000e+00  2.700903e-01  9.948245e+01  1.238397e+01  1  1.7070  1.611099e+10  0.000000e+00  0.000000e+00  4.118286e-01  1.159439e+02  2.187371e-02  2  1.7070  1.362659e+12  2.193963e+00 -1.039191e+01  1.225696e-01  2.064610e+01  3.723544e+00  3  1.7070  2.758674e+10  2.193963e+00 -1.039191e+01  4.031988e-01 -4.580477e+01  2.395658e-02  4  1.7070  3.367780e+00  0.000000e+00  0.000000e+00  1.349901e-01 -1.458155e+02  0.000000e+00 
3  8.905155e+01  4.246713e+01  1.564000e+03  8.298204e-01 6 -1.000000e+00  1.302164e+02 1   3.8941  3.595924e-01  4.788394e-01 -1 -1.0000 -1.000000e+00 -1.000000e+00 -1.000000e+00 -1.000000e+00 -1.000000e+00 -1.000000e+00 -1 -1.0000 -1.000000e+00 -1.000000e+00 -1.000000e+00 -1.000000e+00 -1.000000e+00 -1.000000e+00  0  0.3140  1.849574e+12  0.000000e+00  0.000000e+00  2.464425e-01 -8.697453e+01  6.224729e+00  1  0.3140  4.637928e+10  0.000000e+00  0.000000e+00  4.071430e-01 -9.989618e+01  1.566989e-01  2  0.3140  3.894060e+00  0.000000e+00  0.000000e+00  1.353612e-01  1.535455e+02  0.000000e+00 
3  8.479262e+02  6.980080e+02  8.284000e+03  8.298324e-01 6 -1.000000e+00  1.805554e+03 3   5.8991  1.384860e-01  3.392373e-01 -1 -1.0000 -1.000000e+00 -1.000000e+00 -1.000000e+00 -1.000000e+00 -1.000000e+00 -1.000000e+00 -1 -1.0000 -1.000000e+00 -1.000000e+00 -1.000000e+00 -1.000000e+00 -1.000000e+00 -1.000000e+00  0  0.3150  2.679981e+12  0.000000e+00  0.000000e+00  1.242919e-01 -2.251766e+01  6.814981e+00  1  0.3150  7.706373e+10  0.000000e+00  0.000000e+00  1.894316e-01 -3.333154e+01  2.334208e-01  2  0.3150  5.899130e+00  0.000000e+00  0.000000e+00  7.212991e-02 -4.658584e+00  0.000000e+00 
3  7.608924e+02  1.520845e+03  4.312000e+03  2.524964e-01 6  3.018644e-01  2.097962e+03 3   4.3681  4.097257e-01  5.052814e-01  0  0.5600  2.010873e+11  0.000000e+00  0.000000e+00  1.692696e-01 -1.329453e+02  3.268797e+01  1  0.5600  3.522179e+09  0.000000e+00  0.000000e+00  4.878863e-01 -1.295106e+02  1.863261e-01  2  0.5600  2.440571e+12  1.328075e+01  1.065475e+01  3.830865e-01 -8.945072e+01  6.439844e+00  3  0.5600  7.066471e+10  1.328075e+01  1.065475e+01  1.054491e-01 -1.174343e+02  1.652563e-01  4  0.5600  4.368090e+00  0.000000e+00  0.000000e+00  9.015566e-02 -2.698102e+01  0.000000e+00 
2  6.754192e+02  4.575187e+02  1.980000e+02  7.981836e-01 6  2.757792e-01  1.283366e+03 3   5.8937 -4.391112e-01 -1.310099e-01  0  1.3230  1.469513e+12  0.000000e+00  0.000000e+00  2.253701e-01  5.416245e+01  1.287604e+01  1  1.3230  5.910377e+10  0.000000e+00  0.000000e+00  3.403748e-01  6.079665e+01  2.330415e-02  2  1.3230  4.101166e+12 -1.744728e+01  3.171787e+00  4.241511e-01  1.119340e+02  4.841145e+00  3  1.3230  8.115074e+10 -1.744728e+01  3.171787e+00  2.923403e-01  1.244963e+02  3.793982e-02  4  1.3230  5.893680e+00  0.000000e+00  0.000000e+00  8.269047e-02 -4.319299e+00  0.000000e+00 
1  8.816787e+02  1.760840e+03  1.725000e+03  6.729907e-03 0  2.806980e-01  1.760840e+03 2   5.8033 -1.883102e-02 -1.762181e-02  0  1.4480  8.841886e+09  0.000000e+00  0.000000e+00  3.514556e-01  8.066195e+01  2.229138e+01  1  1.4480  3.637144e+06  0.000000e+00  0.000000e+00  2.610551e-01  8.035042e+01  7.773200e-02  2  1.4480  3.081413e+10 -6.461573e-02 -2.181649e-01  1.034099e-01  4.091256e+01  6.780714e+00  3  1.4480  3.179707e+07 -6.461573e-02 -2.181649e-01  3.719801e-01  3.894122e+01  6.196231e-02  4  1.4480  5.803320e+00  0.000000e+00  0.000000e+00  5.518969e-02  9.830709e+01  0.000000e+00 
3  1.905137e+02  2.922339e+02  8.130000e+03  4.568904e-01 6  2.890505e-01  7.790718e+02 3   6.6182 -4.110402e-01  3.682248e-01  0  0.9440  3.646294e+11  0.000000e+00  0.000000e+00  1.961156e-01  2.000137e+01  2.687061e+01  1  0.9440  6.937260e+09  0.000000e+00  0.000000e+00  6.219680e-01  1.538688e+01  6.375194e-02  2  0.9440  2.586684e+12 -1.704632e+00  1.125993e+00  1.088354e-01  8.037697e+01  4.168284e+00  3  0.9440  4.613895e+10 -1.704632e+00  1.125993e+00  6.336870e-01  1.050994e+02  7.913754e-02  4  0.9440  6.618200e+00  0.000000e+00  0.000000e+00  1.543350e-01 -3.362728e+01  0.000000e+00 
2  6.950972e+01  1.197410e+00  8.520000e+02  8.700682e-01 6  2.803783e-01  2.916261e+00 1   6.2123 -1.868282e+00 -1.125473e+00  0  1.1930  1.667861e+12  0.000000e+00  0.000000e+00  2.149025e-01 -2.714659e+01  1.229435e+01  1  1.1930  6.300206e+10  0.000000e+00  0.000000e+00  3.608548e-01 -3.308448e+01  3.660680e-02  2  1.1930  8.911190e+12 -4.492532e+00  3.901872e+00  2.482137e-01 -1.756871e+02  5.385888e+00  3  1.1930  6.768157e+10 -4.492532e+00  3.901872e+00  3.854386e-01 -1.655986e+02  4.632366e-02  4  1.1930  6.212280e+00  0.000000e+00  0.000000e+00  1.113695e-01 -1.220644e+02  0.000000e+00 
3  1.338514e+02  1.546165e+02  3.442000e+03  3.618547e-01 6  2.699809e-01  2.561062e+02 3   8.4973 -3.803480e-01 -7.196494e-01  0  2.2830  9.620693e+11  0.000000e+00  0.000000e+00  2.496027e-01  1.561267e+02  9.035521e+00  1  2.2830  2.263509e+10  0.000000e+00  0.000000e+00  3.229418e-01  1.549514e+02  4.707154e-02  2  2.2830  5.566239e+12 -1.016031e+01 -1.371303e+01  2.403191e-01 -4.632022e+01  4.386005e+00  3  2.2830  7.035977e+10 -1.016031e+01 -1.371303e+01  3.868026e-01 -5.620258e+01  2.537004e-02  4  2.2830  8.497310e+00  0.000000e+00  0.000000e+00  1.462608e-01 -8.612037e+01  0.000000e+00 
3  2.310869e+03  2.401424e+03  5.416000e+03  6.132749e-01 6  3.228806e-01  3.329134e+03 1   2.5568 -2.283479e+00 -2.268688e+00  0  0.4180  4.924749e+11  0.000000e+00  0.000000e+00  1.459185e-01 -4.963040e+01  2.405658e+01  1  0.4180  3.155216e+10  0.000000e+00  0.000000e+00  2.143456e-01 -7.349943e+01  2.239856e-01  2  0.4180  3.737168e+13 -1.442795e+01 -1.713917e+01  7.461277e-02  8.550317e+01  4.984339e+00  3  0.4180  2.870250e+11 -1.442795e+01 -1.713917e+01  1.548381e-01  1.167726e+02  4.210773e-01  4  0.4180  2.556850e+00  0.000000e+00  0.000000e+00  2.699961e-02 -1.770876e+02  0.000000e+00 
3  2.017921e+03  3.231904e+03  1.334000e+03  3.674452e-01 6 -1.000000e+00  3.311940e+03 1   3.7102 -1.263805e-04 -9.770806e-02 -1 -1.0000 -1.000000e+00 -1.000000e+00 -1.000000e+00 -1.000000e+00 -1.000000e+00 -1.000000e+00 -1 -1.0000 -1.000000e+00 -1.000000e+00 -1.000000e+00 -1.000000e+00 -1.000000e+00 -1.000000e+00  0  1.1970  1.084715e+12  0.000000e+00  0.000000e+00  2.607761e-01  1.029195e+02  6.575354e+00  1  1.1970  2.601234e+10  0.000000e+00  0.000000e+00  1.972187e-01  1.036230e+02  4.574771e-02  2  1.1970  3.710190e+00  0.000000e+00  0.000000e+00  8.569462e-02 -1.326022e+02  0.000000e+00 
3  3.517020e+02  2.911205e+02  6.189000e+03  3.341978e-01 6  2.800103e-01  5.746935e+02 1   5.1571  5.721910e-01 -3.839298e-01  0  1.3640  4.246304e+11  0.000000e+00  0.000000e+00  1.788662e-01 -3.631781e+01  1.924203e+01  1  1.3640  8.403740e+09  0.000000e+00  0.000000e+00  1.615713e-01 -3.320587e+01  4.570069e-02  2  1.3640  1.779857e+12  3.587044e+00 -3.276671e+00  9.221333e-02 -1.136881e+00  5.911016e+00  3  1.3640  6.041497e+10  3.587044e+00 -3.276671e+00  2.866926e-01 -6.581216e+00  9.532719e-02  4  1.3640  5.157130e+00  0.000000e+00  0.000000e+00  3.469874e-02  1.349494e+02  0.000000e+00 
3  1.790471e+03  3.193336e+03  7.994000e+03  5.116748e-02 6 -1.000000e+00  4.233275e+03 3   4.4517 -1.373804e-03  1.694012e-02 -1 -1.0000 -1.000000e+00 -1.000000e+00 -1.000000e+00 -1.000000e+00 -1.000000e+00 -1.000000e+00 -1 -1.0000 -1.000000e+00 -1.000000e+00 -1.000000e+00 -1.000000e+00 -1.000000e+00 -1.000000e+00  0  1.5920  1.920974e+11  0.000000e+00  0.000000e+00  2.900161e-01 -7.478074e+01  8.417084e+00  1  1.5920  1.112529e+09  0.000000e+00  0.000000e+00  1.926202e-01 -5.407182e+01  3.840674e-02  2  1.5920  4.451700e+00  0.000000e+00  0.000000e+00  7.093003e-02  5.768911e+01  0.000000e+00 
3  4.542625e+02  3.311967e+02  9.320000e+03  7.569341e-01 6 -1.000000e+00  6.160152e+02 1   7.3910 -6.311795e-01  2.891807e-01 -1 -1.0000 -1.000000e+00 -1.000000e+00 -1.000000e+00 -1.000000e+00 -1.000000e+00 -1.000000e+00 -1 -1.0000 -1.000000e+00 -1.000000e+00 -1.000000e+00 -1.000000e+00 -1.000000e+00 -1.000000e+00  0  0.4810  6.738592e+12  0.000000e+00  0.000000e+00  1.984204e-01  6.289923e+01  4.456602e+00  1  0.4810  1.010152e+11  0.000000e+00  0.000000e+00  3.954291e-01  7.951680e+00  1.760603e-01  2  0.4810  7.391030e+00  0.000000e+00  0.000000e+00  1.547271e-01 -4.626893e+01  0.000000e+00 
3  8.771946e+01  3.672748e+01  3.170000e+03  4.567084e-01 6 -1.000000e+00  1.071892e+02 1  10.6137 -2.542742e-01 -4.632537e-01 -1 -1.0000 -1.000000e+00 -1.000000e+00 -1.000000e+00 -1.000000e+00 -1.000000e+00 -1.000000e+00 -1 -1.0000 -1.000000e+00 -1.000000e+00 -1.000000e+00 -1.000000e+00 -1.000000e+00 -1.000000e+00  0  1.2010  1.639949e+12  0.000000e+00  0.000000e+00  3.987086e-01 -1.530087e+02  4.296661e+00  1  1.2010  3.891385e+10  0.000000e+00  0.000000e+00  4.672580e-02 -2.004138e+02  4.536509e-02  2  1.2010  1.061370e+01  0.000000e+00  0.000000e+00  2.294051e-01 -9.926547e+01  0.000000e+00 
3  3.576085e+03  3.666178e+03  7.060000e+02  6.061620e-01 6 -1.000000e+00  6.257868e+03 3   1.2430  1.570665e-01  1.497119e-01 -1 -1.0000 -1.000000e+00 -1.000000e+00 -1.000000e+00 -1.000000e+00 -1.000000e+00 -1.000000e+00 -1 -1.0000 -1.000000e+00 -1.000000e+00 -1.000000e+00 -1.000000e+00 -1.000000e+00 -1.000000e+00  0  0.2820  1.257413e+12  0.000000e+00  0.000000e+00  3.313796e-01 -1.010552e+02  8.210522e+00  1  0.2820  5.542943e+10  0.000000e+00  0.000000e+00  3.178180e-01 -8.140223e+01  4.182147e-01  2  0.2820  1.243030e+00  0.000000e+00  0.000000e+00  5.196767e-02  1.465459e+02  0.000000e+00 
1  4.796626e+02  8.525881e+02  6.546000e+03  2.719511e+00 0 -1.000000e+00  8.525881e+02 2   7.2194 -2.331296e+00  2.024842e+00 -1 -1.0000 -1.000000e+00 -1.000000e+00 -1.000000e+00 -1.000000e+00 -1.000000e+00 -1.000000e+00 -1 -1.0000 -1.000000e+00 -1.000000e+00 -1.000000e+00 -1.000000e+00 -1.000000e+00 -1.000000e+00  0  0.5430  4.006288e+13  0.000000e+00  0.000000e+00  1.984446e-01 -5.450232e+01  6.857625e+00  1  0.5430  1.881907e+11  0.000000e+00  0.000000e+00  4.324540e-01 -1.195858e+02  3.996634e-01  2  0.5430  7.219350e+00  0.000000e+00  0.000000e+00  1.769047e-01  3.347713e+01  0.000000e+00 
1  7.185784e+02  1.293764e+03  2.231000e+03  1.313923e-02 0  2.765536e-01  1.293764e+03 2   8.7564 -1.752861e-02  1.822523e-03  0  1.7390  3.842654e+09  0.000000e+00  0.000000e+00  1.288527e-01 -5.045169e+01  3.587195e+01  1  1.7390  8.751977e+05  0.000000e+00  0.000000e+00  4.021161e-01 -5.602873e-01  1.745809e-02  2  1.7390  1.381648e+10 -7.203930e-01 -4.387722e-01  2.782662e-01 -1.766916e+02  4.381794e+00  3  1.7390  8.096804e+06 -7.203930e-01 -4.387722e-01  2.182234e-01 -1.581128e+02  3.031806e-02  4  1.7390  8.756440e+00  0.000000e+00  0.000000e+00  1.419055e-01  4.455785e+01  0.000000e+00 
3  6.541805e+02  2.986430e+02  6.655000e+03  5.408669e-01 6 -1.000000e+00  8.058888e+02 1   7.2087 -2.887652e-01  4.372720e-01 -1 -1.0000 -1.000000e+00 -1.000000e+00 -1.000000e+00 -1.000000e+00 -1.000000e+00 -1.000000e+00 -1 -1.0000 -1.000000e+00 -1.000000e+00 -1.000000e+00 -1.000000e+00 -1.000000e+00 -1.000000e+00  0  2.0410  1.935842e+12  0.000000e+00  0.000000e+00  3.092583e-01 -7.713931e+01  4.185493e+00  1  2.0410  6.468212e+10  0.000000e+00  0.000000e+00  1.667602e-01 -5.755359e+01  3.982128e-02  2  2.0410  7.208660e+00  0.000000e+00  0.000000e+00  1.084636e-01 -7.416458e+01  0.000000e+00 
