# num_image x_src y_src, sep, ein, fr, zs, fs, flag_out, frac_sh_trunc
# x_img, y_img, mag, delay, n_i, kappa, gamma1, gamma2, kappa*
# zmin, zmax, log10Mhmin, log10Mhmax, log10mshmin, log10mshmax, n_bins: 0.10, 3.00, 10.00, 16.00, 9.00, 16.00, 100
3  3.508646e-01 -1.258485e+00  4.460896e+00  1.903381e+00  1.859366e-01  1.442970e+01 6 1 -1.000000e+00
 1.387815e+00 -3.749685e+00  1.816236e+00  0.000000e+00  0.000000e+00  2.516522e-01  4.866143e-02 -8.406734e-02  1.104968e-03
-1.634253e-01  4.328077e-01 -3.377048e-01  5.734444e+02  5.000000e-01  1.297417e+00  1.339473e+00  1.120462e+00  3.979720e-01
-6.803139e-03  1.791002e-02  5.050420e-04  5.903942e+02  1.000000e+00  4.771963e+01  8.656340e+00  1.130303e+01  4.572590e+01
4  8.577715e-01 -2.993277e-02  8.148233e-01  3.869160e-01  1.000000e+00  6.504580e+00 6 3  2.805519e-01
 1.242360e-02 -2.965079e-01  3.653095e+00  2.042123e+01  0.000000e+00  3.625781e-01  3.547982e-01  8.175848e-02  1.410859e-02
-2.040183e-01 -1.485363e-01 -1.448928e+00  2.180243e+01  5.000000e-01  5.136008e-01 -4.804215e-01 -8.342330e-01  5.661536e-02
 2.039497e-01 -1.466516e-01 -1.765393e+00  2.137865e+01  5.000000e-01  4.315660e-01 -4.676563e-01  8.190610e-01  4.098512e-02
 8.504177e-03  5.183060e-01  1.757567e+00  0.000000e+00  0.000000e+00  2.441952e-01  3.232825e-02  3.503235e-02  2.831477e-03
3 -3.800923e-01 -1.132300e+00  1.195593e+00  9.088027e-01  8.484856e-01  1.442850e+01 6 1  2.712628e-01
-2.406394e-01 -6.432551e-01 -1.230418e+00  1.326478e+02  5.000000e-01  9.161656e-01  7.970481e-01 -4.295053e-01  3.210625e-02
 1.181797e-02  5.253802e-01 -1.043992e+00  1.585104e+02  5.000000e-01  7.790654e-01  1.000101e+00 -8.044605e-02  4.989552e-02
-2.031341e-04  2.985040e-04  1.972684e-05  2.285313e+02  1.000000e+00  2.268167e+02  1.464657e+01 -9.290320e+00  2.240652e+02
3  2.546342e-01  4.718133e-01  1.992797e+00  8.439878e-01  6.278081e-01  9.692370e+00 6 1 -1.000000e+00
-9.169722e-02 -4.309152e-01 -1.079137e+00  5.902839e+01  5.000000e-01  7.782650e-01  9.238315e-01 -3.498110e-01  3.694274e-01
 9.732116e-01  1.253486e+00  1.718897e+00  0.000000e+00  0.000000e+00  2.290111e-01  7.527101e-02 -8.360483e-02  1.395542e-02
-1.054728e-02 -2.631600e-02  7.986144e-03  6.323128e+01  1.000000e+00  1.240730e+01  2.141844e+00 -5.675773e-01  1.158722e+01
3  2.443364e-01 -5.405351e-02  1.103983e+00  5.660975e-01  3.005407e-01  6.166640e+00 6 1 -1.000000e+00
 6.536082e-01 -4.875533e-01  2.054148e+00  0.000000e+00  0.000000e+00  2.595704e-01 -1.611686e-01  1.882571e-01  2.996230e-02
-3.348214e-01  4.163436e-03 -6.173551e-01  4.379542e+01  5.000000e-01  6.821179e-01 -1.306034e+00 -1.230350e-01  3.076386e-01
-4.408211e-03  9.064638e-04  4.432014e-04  5.721729e+01  1.000000e+00  5.006886e+01 -1.153110e+01  4.298450e+00  4.905889e+01
3  1.520209e-01  4.641765e-01  1.485412e+00  5.626157e-01  1.295627e-01  6.758050e+00 6 1 -1.000000e+00
 2.122705e-01  1.091135e+00  2.439894e+00  0.000000e+00  0.000000e+00  2.767943e-01  2.817587e-01 -1.838060e-01  1.674794e-02
-1.015214e-01 -3.607551e-01 -3.161192e-01  1.119505e+02  5.000000e-01  7.248565e-01  1.409395e+00 -1.119229e+00  2.908184e-01
-3.978873e-04 -2.540386e-03  3.013176e-05  1.448802e+02  1.000000e+00  1.964674e+02  7.082511e+01 -1.931105e+00  1.952015e+02
5  3.942944e-02 -2.615437e-02  9.930383e-01  5.537518e-01  1.000000e+00  4.119000e+00 6 3 -1.000000e+00
-3.950037e-01  2.425646e-01 -3.908641e+00  1.017668e+01  5.000000e-01  4.123763e-01 -2.941138e-01  7.173856e-01  8.524664e-02
 2.673878e-01 -4.619535e-01  6.056663e+01  5.602313e-02  0.000000e+00  3.567544e-01  2.805528e-01  5.643973e-01  5.121476e-02
 4.035712e-01 -3.476922e-01 -9.055943e+01  6.833543e-02  5.000000e-01  3.614977e-01 -7.128936e-02  6.431528e-01  5.506553e-02
-3.376869e-04  1.702365e-04  9.054732e-05  4.701207e+01  1.000000e+00  1.068984e+02 -1.279478e+01 -2.610318e+00  1.054797e+02
 5.512103e-01 -4.154682e-02  3.631186e+01  0.000000e+00  0.000000e+00  3.770929e-01 -5.708320e-01  1.860775e-01  7.499816e-02
1  1.958313e+00 -5.247092e-01  0.000000e+00  1.874526e+00  0.000000e+00  9.797390e+00 0 2 -1.000000e+00
 4.023804e+00  1.052229e-01  3.203739e+00  0.000000e+00  0.000000e+00  3.786799e-01 -2.558086e-01  9.200773e-02  7.848992e-04
3 -4.557079e-01 -2.269284e-01  1.754094e+00  8.656866e-01  1.266088e-01  9.312250e+00 6 1 -1.000000e+00
-1.441625e+00 -1.618094e-01  2.139343e+00  0.000000e+00  0.000000e+00  3.063669e-01 -2.592517e-02 -1.141118e-01  6.813687e-03
 2.833090e-01  1.567006e-01 -2.708597e-01  2.631858e+02  5.000000e-01  1.048403e+00 -7.284817e-01 -1.778653e+00  3.757411e-01
 2.781471e-03  1.096845e-03  3.094482e-05  3.066081e+02  1.000000e+00  2.030008e+02 -7.314137e+01 -5.602757e+01  2.010270e+02
1  3.955823e-02  2.389512e-01  0.000000e+00  5.725839e-02  0.000000e+00  1.339820e+01 0 2  2.736399e-01
-4.735917e-02 -1.714013e-01  3.315655e+00  0.000000e+00  0.000000e+00  3.424486e-01  3.495531e-01 -9.266570e-02  1.150346e-03
3  7.588203e-02 -5.866899e-02  1.404512e+00  6.607319e-01  5.147708e-01  5.506410e+00 6 3 -1.000000e+00
 1.780261e-01 -9.151034e-01  5.906569e+00  0.000000e+00  0.000000e+00  4.287246e-01  2.976538e-01  2.616387e-01  3.900838e-02
-5.903453e-01  2.605920e-01 -3.040529e+00  4.121858e+01  5.000000e-01  5.138581e-01 -5.392590e-01  5.238548e-01  3.221686e-02
-2.941690e-04  3.759381e-04  3.561465e-05  1.257188e+02  1.000000e+00  1.739112e+02  4.194869e+01  7.761789e+00  1.717333e+02
5  7.146312e-02  1.326707e-01  1.247680e+00  5.941230e-01  1.000000e+00  5.868010e+00 6 1 -1.000000e+00
-3.451343e-01 -3.117467e-01  2.801185e+00  5.867105e+01  0.000000e+00  3.052647e-01 -1.799553e-02 -3.540359e-01  4.924231e-02
 1.422905e-01 -3.292897e-01 -1.062826e+00  6.557398e+01  5.000000e-01  4.103671e-01  7.100797e-01  8.856307e-01  1.095769e-01
-4.106708e-01  2.945457e-02 -1.292642e+00  6.179464e+01  5.000000e-01  5.170545e-01 -9.369938e-01  3.590100e-01  2.108485e-01
 4.872739e-01  6.176625e-01  1.603158e+00  0.000000e+00  0.000000e+00  2.070803e-01  7.035618e-02 -1.694919e-03  9.877683e-03
-5.860282e-04 -7.738709e-04  8.814963e-05  1.092931e+02  1.000000e+00  1.090886e+02 -1.836797e+01  1.190997e+00  1.081549e+02
3 -1.639719e-01  3.992850e-01  1.596052e+00  8.910657e-01  1.896169e-01  1.000070e+01 6 1 -1.000000e+00
-1.294427e-01  1.096760e+00  2.325914e+00  0.000000e+00  0.000000e+00  1.974058e-01  4.451354e-01  1.267816e-01  1.819172e-02
 3.200759e-01 -4.346817e-01 -4.410327e-01  3.923570e+01  5.000000e-01  5.825057e-01  6.694933e-01  1.411909e+00  3.145997e-01
 2.215000e-03 -2.736100e-03  6.773250e-05  5.810941e+01  1.000000e+00  1.351237e+02 -1.263842e+01  5.536683e+01  1.343392e+02
3  4.874365e-01 -2.058443e-01  1.392054e+00  5.927484e-01  5.845526e-02  8.803420e+00 6 2 -1.000000e+00
 1.173484e+00 -2.778720e-01  3.399498e+00  0.000000e+00  0.000000e+00  3.810636e-01 -2.517515e-01  1.598199e-01  3.007683e-03
-7.076473e-03  3.500911e-03  5.940030e-04  2.318267e+02  1.000000e+00  4.285575e+01 -3.385993e+00  7.546254e+00  4.096044e+01
-1.699095e-01  8.696756e-02 -1.987185e-01  2.212136e+02  5.000000e-01  1.356840e+00 -1.341298e+00  1.833166e+00  4.281851e-01
1  4.463845e-01 -1.796040e-01  0.000000e+00  1.385869e-01  0.000000e+00  5.506450e+00 0 2  2.684607e-01
-1.898850e-01  1.064794e-01  6.400065e+00  0.000000e+00  0.000000e+00  4.409556e-01 -8.704185e-02  3.856242e-01  1.312679e-02
3  1.320189e+00  1.022525e+00  1.979013e+00  8.066873e-01  2.867897e-01  1.275180e+01 6 1  2.958094e-01
 1.596339e+00 -3.172844e-01  1.543496e+00  0.000000e+00  0.000000e+00  1.788650e-01 -1.400759e-01  8.222943e-02  3.332246e-03
-3.261933e-01  1.521437e-01 -4.426587e-01  1.253258e+02  5.000000e-01  1.061853e+00 -8.719552e-01  1.225804e+00  2.068740e-01
-7.011656e-03  2.352663e-03  2.301429e-04  1.356194e+02  1.000000e+00  6.950800e+01 -1.477529e+01  1.139783e+01  6.561384e+01
3 -1.716017e+00  1.335610e+00  6.211418e+00  3.194679e+00  1.160312e-02  9.193070e+00 6 2 -1.000000e+00
-5.708011e+00  1.413341e+00  4.835605e+00  0.000000e+00  0.000000e+00  4.459403e-01 -2.404344e-01  2.058497e-01  3.148566e-04
 2.804450e-01 -2.359353e-01 -5.610808e-02  1.848740e+03  5.000000e-01  2.463873e+00 -4.275979e-01  4.447789e+00  5.960270e-01
 8.532174e-03 -5.773557e-03  5.665004e-05  1.886590e+03  1.000000e+00  1.365421e+02 -1.541970e+01  2.194654e+01  1.328434e+02
3 -4.761176e-01  4.882410e-02  5.338498e-01  2.627624e-01  8.647039e-01  1.461130e+01 6 3  2.875661e-01
 1.756306e-01 -5.516765e-02 -3.357886e+00  8.157709e+00  5.000000e-01  7.787289e-01 -5.046332e-01  3.035006e-01  9.479312e-03
-3.451421e-01  6.226922e-02  3.883279e+00  0.000000e+00  0.000000e+00  3.616421e-01 -3.769056e-01  8.904253e-02  1.517996e-03
 9.992624e-03 -2.937672e-03  3.679566e-02  9.481821e+00  1.000000e+00  6.468719e+00 -1.184348e+00  1.151993e+00  1.702130e+00
1 -1.860243e+00  4.871405e+00  0.000000e+00  3.207172e+00  0.000000e+00  1.323680e+01 0 2 -1.000000e+00
-4.744150e+00  8.872932e+00  3.838081e+00  0.000000e+00  0.000000e+00  4.169292e-01  1.469984e-01  2.404499e-01  1.545401e-04
2 -3.433995e-01 -3.079655e-01  2.592738e+00  1.273851e+00  7.045743e-01  1.207490e+01 6 3 -1.000000e+00
-1.732314e+00 -9.586280e-01  3.246075e+00  0.000000e+00  0.000000e+00  4.185609e-01 -9.525667e-03 -1.729633e-01  1.306905e-03
 4.278150e-01  4.752940e-01 -2.287101e+00  3.194077e+02  5.000000e-01  8.223211e-01  1.979359e-01 -6.554586e-01  2.493411e-02
3  3.241893e-01 -2.877554e-01  1.366801e+00  4.945023e-01  1.012459e-01  1.017650e+01 6 1 -1.000000e+00
 5.796429e-01 -1.086783e+00  1.846710e+00  0.000000e+00  0.000000e+00  2.570801e-01 -9.675439e-02  3.263471e-02  2.571098e-03
-6.078184e-03  5.858132e-03  8.234168e-04  1.775250e+02  1.000000e+00  3.827454e+01  1.710916e-01  1.322536e+01  3.633513e+01
-1.158588e-01  8.983224e-02 -1.869718e-01  1.723667e+02  5.000000e-01  1.565519e+00 -8.998741e-01  2.204186e+00  6.321607e-01
1 -5.888795e+00  1.042421e+00  0.000000e+00  9.085782e+00  0.000000e+00  1.339810e+01 0 2 -1.000000e+00
-1.482597e+01  9.421180e-01  4.996051e+00  0.000000e+00  0.000000e+00  4.189719e-01 -3.701498e-01 -2.060745e-02  7.803183e-04
1 -9.784237e+00  4.578008e+00  0.000000e+00  8.894706e+00  0.000000e+00  9.692450e+00 0 2 -1.000000e+00
-1.805940e+01  5.946209e+00  3.691246e+00  0.000000e+00  0.000000e+00  3.622014e-01 -3.026983e-01  2.103558e-01  5.237676e-04
3  1.358909e+00 -1.180568e+00  2.939706e+00  1.492649e+00  5.441125e-03  1.340000e+01 6 2  2.817491e-01
-1.212507e+00 -2.502298e+00  3.564731e+00  0.000000e+00  0.000000e+00  3.250203e-01  1.895131e-01 -3.730367e-01  1.245029e-03
 1.205045e-02  1.293535e-02  1.717429e-04  5.132599e+02  1.000000e+00  1.065551e+02  2.191945e+00 -7.290007e+01  1.030722e+02
 1.082279e-01  1.240170e-01 -1.939615e-02  5.090589e+02  5.000000e-01  6.239731e+00  1.831289e+00 -8.698149e+00  4.342351e+00
3 -1.847512e-01 -1.460347e+00  1.874076e+00  8.870229e-01  4.159121e-01  1.099830e+01 6 1  2.815236e-01
-4.423648e-01  1.343948e+00  2.090285e+00  0.000000e+00  0.000000e+00  2.842847e-01  1.514557e-01  1.044314e-01  2.415964e-03
 1.398722e-01 -4.373892e-01 -8.693748e-01  1.324883e+02  5.000000e-01  5.969477e-01  9.397657e-01  6.553957e-01  6.124059e-02
 2.603405e-04 -7.996820e-04  5.213863e-06  1.791636e+02  1.000000e+00  4.390436e+02  6.270170e+00  6.816333e+00  4.369009e+02
3 -1.390838e-01 -1.080332e+00  1.289659e+00  8.733507e-01  1.578822e-01  8.529420e+00 6 1  2.994042e-01
-7.988564e-01  7.760029e-01  1.647613e+00  0.000000e+00  0.000000e+00  1.929749e-01 -6.080656e-02  2.016271e-01  1.072547e-02
 2.087588e-01 -2.893922e-02 -2.601288e-01  5.731008e+01  5.000000e-01  2.246018e+00 -2.268392e+00  5.012082e-01  1.170379e+00
 3.915843e-02 -7.730014e-03  1.477973e-02  5.814747e+01  1.000000e+00  1.183088e+01 -6.761843e+00  1.981202e+00  9.691019e+00
3 -2.418692e-01  4.337390e-02  2.082243e+00  9.034992e-01  5.829604e-01  8.529540e+00 6 3 -1.000000e+00
 6.343466e-01 -4.252433e-01 -5.099640e+00  5.713686e+01  5.000000e-01  5.876585e-01 -1.431945e-01  5.878887e-01  7.579972e-02
-1.366091e+00  1.526726e-01  2.972888e+00  0.000000e+00  0.000000e+00  3.933179e-01 -1.761570e-01  2.566487e-02  1.404083e-02
 2.207559e-03 -4.774612e-04  1.168350e-04  9.789732e+01  1.000000e+00  9.459502e+01 -1.150193e+01  8.285979e+00  9.298427e+01
4  6.995013e-02 -1.987867e+00  2.845041e+00  1.101224e+00  1.000000e+00  1.134260e+01 6 3  2.798293e-01
 6.992057e-01 -8.144732e-01 -6.114056e+00  1.182078e+02  5.000000e-01  5.667601e-01  3.459901e-01  4.811915e-01  1.726181e-03
 1.095249e+00 -5.219355e-01  7.582560e+00  1.168823e+02  0.000000e+00  5.164955e-01 -3.419950e-02  3.173727e-01  1.192181e-03
-1.738915e+00 -2.733826e-01  2.395934e+00  0.000000e+00  0.000000e+00  3.444268e-01 -7.294164e-02 -8.415437e-02  6.628318e-04
 3.393358e-01  7.102572e-01 -1.461368e+00  1.594477e+02  5.000000e-01  6.594470e-01  6.873146e-01 -5.725951e-01  1.474525e-02
3  6.831415e-02 -8.900757e-01  3.350816e+00  1.213305e+00  1.300317e-01  1.323480e+01 6 1 -1.000000e+00
 1.261452e+00 -2.787438e+00  2.010369e+00  0.000000e+00  0.000000e+00  2.943592e-01  7.163025e-03 -2.136430e-02  8.750128e-04
 7.077304e-02  3.446947e-01 -2.614116e-01  3.372168e+02  5.000000e-01  1.717288e+00  1.938957e+00 -7.617961e-01  5.558938e-01
 5.540943e-03  2.668508e-02  2.244003e-03  3.440139e+02  1.000000e+00  2.461733e+01  7.876210e+00 -7.078952e+00  2.246011e+01
3  5.536706e-02 -1.046552e-01  8.102324e-01  3.753534e-01  9.880751e-01  7.096180e+00 6 1 -1.000000e+00
 1.968082e-01 -4.736690e-01  2.404876e+00  0.000000e+00  0.000000e+00  2.750018e-01  2.374829e-01  2.310897e-01  6.918306e-02
-1.875984e-01  2.395687e-01 -2.376198e+00  1.231917e+01  5.000000e-01  5.149357e-01  1.503075e-01  7.959493e-01  2.571572e-01
-1.572057e-03  2.696560e-03  8.865084e-04  1.939856e+01  1.000000e+00  3.557547e+01  3.076824e+00  7.614165e+00  3.488253e+01
3  7.899187e-01 -4.188780e-01  3.819607e+00  1.509609e+00  1.830084e-01  9.311530e+00 6 1 -1.000000e+00
 3.352147e+00  6.832491e-02  2.512536e+00  0.000000e+00  0.000000e+00  3.480896e-01 -8.485094e-02  1.406530e-01  1.378265e-03
-4.526337e-01  4.045393e-01 -4.598151e-01  5.795908e+02  5.000000e-01  1.180304e+00  5.801170e-02  1.484564e+00  2.320189e-01
-7.694255e-03  4.800754e-03  1.496960e-04  6.280932e+02  1.000000e+00  8.746674e+01 -8.675065e+00  2.685211e+01  8.502879e+01
1 -5.956613e-03 -1.734384e-03  0.000000e+00  7.306081e-03  0.000000e+00  2.944910e+00 0 2 -1.000000e+00
-1.728443e-02 -7.064452e-03  4.079079e+00  0.000000e+00  0.000000e+00  4.975740e-01 -6.599111e-02 -5.407131e-02  1.873543e-01
3 -2.295332e-01 -3.055428e-01  9.918942e-01  4.245935e-01  3.334485e-02  1.198140e+01 6 2 -1.000000e+00
-6.561063e-01 -4.982630e-01  3.943184e+00  0.000000e+00  0.000000e+00  3.710136e-01 -1.786878e-02 -3.764339e-01  9.913463e-03
 1.734004e-03  2.132308e-03  3.931450e-05  1.563034e+02  1.000000e+00  1.937648e+02  1.919555e+01 -1.065547e+02  1.913794e+02
 1.032851e-01  1.398427e-01 -1.314849e-01  1.400213e+02  5.000000e-01  1.688800e+00  1.002303e+00 -2.659938e+00  7.997773e-01
3  1.469629e+00  1.846444e+00  3.620461e+00  1.584660e+00  8.234027e-01  1.643430e+01 6 1  3.022395e-01
 3.144106e+00 -7.024617e-01  1.476516e+00  0.000000e+00  0.000000e+00  1.703443e-01 -1.051076e-01  3.315670e-03  2.445515e-03
-3.975012e-01  4.904256e-02 -1.215767e+00  2.306237e+02  5.000000e-01  2.177435e+00 -1.467137e+00  2.374617e-01  4.095564e-01
-2.379452e-01  3.403027e-02  4.700656e-01  2.307029e+02  1.000000e+00  3.557733e+00 -2.050326e+00  4.591253e-01  1.049273e+00
3  1.194192e+00  7.552285e-01  1.127047e+00  4.294312e-01  2.510284e-01  8.529490e+00 6 1  3.054896e-01
-9.039844e-01 -1.097671e-01  1.817082e+00  0.000000e+00  0.000000e+00  2.344293e-01 -1.728358e-01  7.676776e-02  5.537798e-03
 2.170523e-01  6.473776e-03 -4.561391e-01  4.192662e+01  5.000000e-01  8.630160e-01 -1.471846e+00  2.115392e-01  2.322675e-01
 5.244167e-03  1.092955e-03  4.156518e-04  4.618945e+01  1.000000e+00  5.283178e+01 -9.110480e+00 -1.405963e+01  5.080694e+01
3  2.286304e-01  2.398152e-01  1.421824e+00  6.233004e-01  8.653864e-01  1.453810e+01 6 1 -1.000000e+00
-3.635703e-01 -2.625612e-01 -1.410520e+00  7.216616e+01  5.000000e-01  3.270591e-01 -3.676717e-01 -1.013225e+00  6.206455e-02
 6.118866e-01  7.718801e-01  1.629931e+00  0.000000e+00  0.000000e+00  1.885924e-01  2.171984e-02 -2.106833e-01  6.229568e-03
-5.929772e-04 -5.431350e-04  1.373584e-05  1.171557e+02  1.000000e+00  2.734663e+02 -1.735895e+01  3.367908e+01  2.725243e+02
3 -8.543995e-01  9.762457e-01  1.009417e+00  5.098639e-01  6.967265e-01  1.134260e+01 6 1  2.801796e-01
 3.273726e-01 -5.179018e-02 -2.063544e+00  3.693212e+01  5.000000e-01  7.289536e-01 -7.208669e-01  1.960111e-01  8.333661e-02
-5.661457e-01  4.178351e-01  2.961770e+00  0.000000e+00  0.000000e+00  3.474905e-01 -8.005213e-02  2.858748e-01  9.619790e-03
 2.330863e-03 -1.011064e-03  3.396691e-04  4.929203e+01  1.000000e+00  5.634385e+01 -9.031269e+00  6.110317e+00  5.353772e+01
3 -3.374239e+00 -1.858838e+00  1.638679e+00  7.429548e-01  2.872906e-01  8.803540e+00 6 1  3.050666e-01
-9.353273e-01 -9.998375e-01  2.634713e+00  0.000000e+00  0.000000e+00  3.591719e-01  1.477091e-02 -1.757681e-01  5.077928e-03
 1.676556e-01  2.120609e-01 -7.569283e-01  7.994777e+01  5.000000e-01  1.391796e+00  2.809120e-01 -1.181407e+00  3.233093e-01
 1.809626e-02  2.304623e-02  1.093790e-02  8.182582e+01  1.000000e+00  1.194582e+01  1.436276e+00 -5.130575e+00  9.327407e+00
3 -2.115653e-01 -9.930001e-02  1.217349e+00  4.989302e-01  6.128892e-01  1.070340e+01 6 1 -1.000000e+00
-7.326363e-01 -3.729420e-01  2.242021e+00  0.000000e+00  0.000000e+00  2.792569e-01 -2.072894e-01 -1.745723e-01  6.161581e-02
 3.325423e-01  2.164082e-01 -1.374110e+00  5.809851e+01  5.000000e-01  6.721198e-01 -4.520086e-01 -7.943156e-01  3.860335e-01
 7.094239e-03  4.673692e-03  1.487200e-03  7.513382e+01  1.000000e+00  2.918493e+01 -2.044362e+00 -1.085387e+01  2.853704e+01
3 -1.321597e-01  4.371147e-01  1.921034e+00  8.376562e-01  2.645839e-01  1.407750e+01 6 1 -1.000000e+00
 9.349281e-02 -5.181981e-01 -7.604335e-01  6.731906e+01  5.000000e-01  8.417697e-01  1.101779e+00  3.551888e-01  3.422895e-01
-6.358956e-01  1.258981e+00  2.874073e+00  0.000000e+00  0.000000e+00  3.482922e-01  1.760908e-01  2.139552e-01  2.792477e-02
 3.389167e-03 -1.266604e-02  1.176875e-03  7.985331e+01  1.000000e+00  3.171134e+01  8.701683e+00  4.214158e+00  3.059933e+01
3  1.147422e-01 -4.371238e-01  1.212146e+00  5.230309e-01  1.364793e-01  1.065200e+01 6 1 -1.000000e+00
 5.065598e-02 -9.917713e-01  1.725747e+00  0.000000e+00  0.000000e+00  2.229618e-01  9.348632e-02  1.248582e-01  3.619453e-03
-6.774252e-02  2.145785e-01 -2.355288e-01  1.047373e+02  5.000000e-01  6.633000e-01  1.634797e+00  1.298680e+00  2.224046e-01
-3.673413e-04  1.472129e-03  2.129809e-05  1.244223e+02  1.000000e+00  2.185924e+02  1.848080e+01  7.236683e+00  2.173004e+02
3  1.618575e-01 -1.948121e-01  7.279252e-01  3.303951e-01  1.885899e-01  2.912140e+00 6 1 -1.000000e+00
 3.386312e-01 -4.572160e-01  1.943214e+00  0.000000e+00  0.000000e+00  2.319501e-01  5.913073e-02  2.679420e-01  3.183119e-02
-1.041453e-01  1.205591e-01 -3.664707e-01  3.693287e+01  5.000000e-01  1.025222e+00  2.124929e-01  1.638357e+00  6.719528e-01
-5.818749e-03  6.954702e-03  2.234299e-03  4.000595e+01  1.000000e+00  2.365505e+01  1.369752e+00  7.987950e+00  2.294203e+01
3  4.187022e-01 -5.315788e-02  1.189526e+00  4.395612e-01  1.436934e-01  3.542410e+00 6 1 -1.000000e+00
 9.294305e-01 -6.241927e-02  2.264357e+00  0.000000e+00  0.000000e+00  2.872637e-01 -2.443782e-01  8.152190e-02  4.051190e-03
-2.568016e-01  2.604208e-02 -3.253731e-01  1.759876e+02  5.000000e-01  6.169149e-01 -1.738079e+00  4.463501e-01  1.447747e-01
-1.603151e-03  5.397790e-05  3.419494e-05  2.166773e+02  1.000000e+00  1.727739e+02  2.856330e+00 -1.593783e+01  1.715230e+02
3  2.333469e-01 -3.079124e+00  4.455972e+00  2.170473e+00  4.162096e-03  1.553360e+01 6 2  2.748081e-01
 4.162457e+00 -1.448997e+00  3.051017e+00  0.000000e+00  0.000000e+00  3.259135e-01 -2.424421e-01 -2.604896e-01  9.720035e-05
-6.914076e-02 -5.283685e-02 -1.269863e-02  1.046576e+03  5.000000e-01  7.122924e+00 -3.268510e+00 -1.027403e+01  3.679790e+00
-1.181203e-02 -9.511207e-03  3.763433e-04  1.048205e+03  1.000000e+00  6.064112e+01 -5.045795e+00 -2.957117e+01  5.533933e+01
3  4.696397e-01  4.850923e-01  1.665896e+00  8.264637e-01  1.248820e-01  1.030660e+01 6 1 -1.000000e+00
 1.255171e+00  6.482485e-01  1.409469e+00  0.000000e+00  0.000000e+00  1.406052e-01  1.359710e-01 -1.028810e-01  2.262364e-02
-1.979735e-01 -1.663566e-01 -1.760174e-01  6.263371e+01  5.000000e-01  1.256845e+00  2.490886e-01 -2.384362e+00  1.026563e+00
-1.663393e-02 -1.065248e-02  1.395046e-03  6.557802e+01  1.000000e+00  3.174604e+01 -9.053661e+00 -1.210489e+01  3.134639e+01
3 -3.554914e-01  2.049760e-01  1.078860e+00  4.121736e-01  2.036468e-01  1.243720e+01 6 1 -1.000000e+00
-7.704178e-01  3.955362e-01  1.350888e+00  0.000000e+00  0.000000e+00  1.339857e-01 -4.323879e-02  8.864242e-02  1.633669e-02
 1.780686e-01 -1.185765e-01 -2.751041e-01  4.331854e+01  5.000000e-01  8.354524e-01 -7.552906e-01  1.758295e+00  6.167783e-01
 5.395641e-03 -3.544556e-03  3.895081e-04  4.806036e+01  1.000000e+00  5.458450e+01 -5.066307e+00  1.668203e+01  5.410110e+01
2  2.766006e-02  8.504151e-01  2.695535e+00  1.253800e+00  6.822731e-02  1.070320e+01 6 2 -1.000000e+00
-1.914389e-01  2.251910e+00  3.977422e+00  0.000000e+00  0.000000e+00  4.175326e-01  2.949983e-01  2.872602e-02  1.507190e-03
-4.352094e-02 -4.395631e-01 -2.713688e-01  4.335438e+02  5.000000e-01  1.200889e+00  1.901804e+00 -3.294213e-01  1.980748e-01
3  2.803873e-01 -1.818040e-01  4.572326e-01  1.708192e-01  1.346426e-01  1.139810e+01 6 1  2.710232e-01
 2.066553e-01 -3.680217e-01  2.013812e+00  0.000000e+00  0.000000e+00  2.949573e-01 -1.361204e-02 -1.814641e-02  1.224681e-03
-1.548543e-02  3.162206e-02 -2.711450e-01  2.378040e+01  5.000000e-01  1.842827e+00  1.346903e+00  1.607568e+00  7.629972e-01
-2.575243e-03  4.929339e-03  7.129556e-03  2.394301e+01  1.000000e+00  1.408591e+01  3.200095e+00  4.554051e+00  1.235046e+01
3 -2.305141e-01  1.482079e-01  1.415236e+00  7.551257e-01  1.722683e-01  8.084560e+00 6 1  2.868016e-01
 6.028614e-01 -1.043708e+00  2.716130e+00  0.000000e+00  0.000000e+00  2.965631e-01  1.724773e-01  3.112944e-01  7.809213e-03
-1.115231e-01  1.779911e-01 -4.679032e-01  7.433163e+01  5.000000e-01  1.651903e+00  6.011292e-01  1.483515e+00  5.171264e-01
-2.272824e-02  4.027061e-02  3.430214e-02  7.505561e+01  1.000000e+00  7.082090e+00  1.456177e+00  2.391373e+00  4.941944e+00
3  3.535922e-01 -1.745592e-01  1.517809e+00  7.317958e-01  1.896393e-01  9.311840e+00 6 1 -1.000000e+00
 1.202843e+00 -2.873785e-01  2.520983e+00  0.000000e+00  0.000000e+00  3.561454e-01 -8.517942e-02  1.030657e-01  5.499903e-03
-2.536634e-01  1.396266e-01 -4.780774e-01  1.134986e+02  5.000000e-01  1.117248e+00 -6.356694e-01  1.304371e+00  2.661002e-01
-4.087144e-03  1.789710e-03  1.606725e-04  1.270201e+02  1.000000e+00  8.610926e+01 -2.323158e+01  2.190976e+01  8.362265e+01
3 -2.289060e-01  2.685622e-01  9.939154e-01  3.855691e-01  2.341337e-01  1.070310e+01 6 1 -1.000000e+00
 1.279886e-01 -1.400267e-01 -3.585269e-01  6.526157e+01  5.000000e-01  6.511405e-01  7.237962e-02  1.704598e+00  2.868373e-01
-4.672735e-01  6.559199e-01  1.531291e+00  0.000000e+00  0.000000e+00  1.866914e-01 -1.579033e-02  9.043188e-02  5.775214e-03
 1.837282e-03 -2.236001e-03  1.389974e-04  7.425243e+01  1.000000e+00  8.650885e+01  3.309773e+00  1.031636e+01  8.557749e+01
1 -5.642442e+00 -9.421186e+00  0.000000e+00  2.043573e+00  0.000000e+00  1.390720e+01 0 2  2.673861e-01
-4.790184e+00 -3.837402e+00  4.350481e+00  0.000000e+00  0.000000e+00  3.701110e-01  3.002797e-02 -4.074295e-01  1.076619e-04
3 -1.974664e-02  1.629169e-01  4.620815e-01  1.917387e-01  1.348894e-01  6.504460e+00 6 1 -1.000000e+00
 5.742347e-02  3.733302e-01  1.734984e+00  0.000000e+00  0.000000e+00  2.279276e-01  1.302988e-01  5.238054e-02  5.618723e-03
 2.987676e-02 -8.792944e-02 -2.340308e-01  4.668858e+01  5.000000e-01  8.300186e-01  1.680989e+00  1.214954e+00  4.271279e-01
 4.091602e-04 -1.227875e-03  8.949684e-05  5.415467e+01  1.000000e+00  1.129334e+02  1.776068e+01  3.225005e+01  1.120134e+02
3  6.345169e-02 -6.396937e-01  1.940362e+00  9.432407e-01  3.439392e-01  4.360470e+00 6 1 -1.000000e+00
 2.394474e-01 -1.550052e+00  1.832410e+00  0.000000e+00  0.000000e+00  2.343066e-01  1.803000e-01  8.971469e-02  1.868910e-02
 5.069656e-02  3.811078e-01 -6.302375e-01  8.570901e+01  5.000000e-01  1.025569e+00  1.244095e+00 -1.989593e-01  6.117828e-01
 5.114573e-03  4.413716e-02  1.410131e-02  8.894902e+01  1.000000e+00  9.973204e+00  2.493380e+00 -1.840121e+00  9.269531e+00
3  8.022600e-01  1.168278e-01  1.610659e+00  5.706849e-01  1.034329e-01  1.546180e+01 6 1 -1.000000e+00
 1.311582e+00  5.277330e-01  1.450373e+00  0.000000e+00  0.000000e+00  1.338459e-01 -2.464108e-01  5.164129e-03  1.978867e-02
-1.892940e-01 -5.672659e-02 -1.500162e-01  8.186044e+01  5.000000e-01  1.933512e+00 -2.548524e+00 -1.020987e+00  1.685344e+00
-4.023909e-02 -1.506302e-02  9.098948e-03  8.271594e+01  1.000000e+00  1.327731e+01 -4.215008e+00 -4.802433e+00  1.292151e+01
3 -3.474257e-01 -1.714131e-01  9.810952e-01  4.978175e-01  1.641345e-01  9.312160e+00 6 1 -1.000000e+00
-7.403752e-01 -3.011404e-01  1.600058e+00  0.000000e+00  0.000000e+00  1.866559e-01 -7.902834e-02 -1.740854e-01  2.216831e-02
 1.727586e-01  5.765551e-02 -2.626247e-01  4.930212e+01  5.000000e-01  1.144617e+00 -1.368180e+00 -1.398826e+00  8.579243e-01
 1.290050e-02  3.519557e-03  2.199575e-03  5.206364e+01  1.000000e+00  2.455081e+01 -9.570544e+00 -2.900404e+00  2.404384e+01
3 -7.648560e-02  4.924474e-02  2.087250e-01  7.887243e-02  2.871014e-01  3.337620e+00 6 1 -1.000000e+00
-1.333276e-01  1.346087e-01  1.533117e+00  0.000000e+00  0.000000e+00  1.789865e-01 -1.123346e-01  9.580326e-02  1.473723e-02
 1.737488e-02 -9.803507e-03 -4.401602e-01  7.788715e+00  5.000000e-01  2.149741e+00 -1.102250e+00  1.542352e+00  1.821167e+00
 9.369616e-03 -5.585935e-03  1.512612e-01  7.794191e+00  1.000000e+00  4.368882e+00 -1.186674e+00  1.824852e+00  3.996757e+00
3  4.404815e-01  5.674078e-01  1.660343e+00  9.664626e-01  7.002494e-02  1.546030e+01 6 2 -1.000000e+00
 7.133109e-01  1.215234e+00  3.316655e+00  0.000000e+00  0.000000e+00  3.036401e-01  1.657010e-01 -3.949072e-01  1.332992e-02
-1.704832e-01 -1.903435e-01 -2.322486e-01  1.146304e+02  5.000000e-01  1.627134e+00  3.253109e-01 -2.143175e+00  8.624134e-01
-2.358209e-02 -2.576939e-02  7.021871e-03  1.171190e+02  1.000000e+00  1.403765e+01 -5.981803e-02 -5.250185e+00  1.266593e+01
3  4.729771e-01  1.738663e-01  1.080891e+00  3.863817e-01  1.027194e-01  5.945400e+00 6 1 -1.000000e+00
 8.209492e-01  3.712872e-01  1.334272e+00  0.000000e+00  0.000000e+00  1.250363e-01 -1.098466e-01 -6.342347e-02  7.788908e-03
-1.673050e-01 -6.652533e-02 -1.370556e-01  6.779356e+01  5.000000e-01  8.137573e-01 -2.110554e+00 -1.696042e+00  5.749086e-01
-3.172182e-03 -1.522695e-03  8.431566e-05  7.534931e+01  1.000000e+00  1.135530e+02 -1.123868e+01 -2.610879e+01  1.130059e+02
5  1.729407e-01  9.396358e-01  5.609330e-01  2.260582e-01  1.000000e+00  8.512770e+00 6 3  2.968448e-01
-9.292224e-02 -1.337328e-01 -2.355970e+00  2.249529e+00  5.000000e-01  9.707665e-01  2.414575e-01 -6.058106e-01  1.617218e-01
 2.501347e-01 -1.179306e-01  4.111055e+00  5.002841e-01  0.000000e+00  4.758492e-01 -8.912009e-02  1.534441e-01  3.584084e-02
 1.371169e-01  1.493945e-01 -3.162209e+00  1.548514e+00  5.000000e-01  8.450494e-01  1.092261e-01 -5.729869e-01  1.067609e-01
-2.190002e-01  1.895726e-01  3.657493e+00  0.000000e+00  0.000000e+00  4.414028e-01  4.493914e-02  1.913112e-01  3.312850e-02
-9.244200e-04 -2.721732e-03  3.769268e-02  2.968264e+00  1.000000e+00  6.422233e+00  8.645893e-01 -1.456964e+00  3.681432e+00
3  3.552137e-01 -2.027274e-01  4.678870e-01  2.273732e-01  1.772721e-01  1.275170e+01 6 3  2.755668e-01
 2.790319e-01 -8.641988e-02  4.204222e+00  0.000000e+00  0.000000e+00  4.523667e-01 -1.893847e-01  1.618008e-01  1.743343e-03
-1.408385e-01  1.200433e-01 -2.371621e+01  5.681911e+00  5.000000e-01  6.730711e-01  1.523890e-02  3.857662e-01  3.103683e-03
-7.623436e-04 -1.048217e-05  4.420498e-04  8.930062e+00  1.000000e+00  5.503112e+01 -2.256182e+01 -1.217118e+01  5.045255e+01
3  1.365023e-01 -8.087703e-01  4.032317e+00  1.679395e+00  7.773603e-01  1.246150e+01 6 1 -1.000000e+00
 4.354087e-01 -2.940390e+00  2.694883e+00  0.000000e+00  0.000000e+00  3.717161e-01  1.387960e-01  6.635292e-02  5.047281e-03
 1.520234e-03  1.068515e+00 -2.094895e+00  2.319795e+02  5.000000e-01  6.700761e-01  7.564305e-01  1.183793e-01  1.016900e-01
 1.788579e-03  1.183537e-02  3.594719e-04  2.846643e+02  1.000000e+00  5.716955e+01  9.793237e+00 -1.665087e+01  5.568200e+01
3 -2.706726e+00  3.905209e+00  4.404835e+00  1.824025e+00  6.097808e-01  6.166630e+00 6 1  2.913346e-01
-2.610867e+00 -2.656109e+00  1.639657e+00  0.000000e+00  0.000000e+00  2.167263e-01  2.813930e-02 -5.331279e-02  8.467873e-04
 3.764785e-01  5.809175e-01 -2.688929e+00  5.373561e+02  5.000000e-01  1.208126e+00  3.663126e-01 -5.301198e-01  8.194327e-02
 7.996620e-02  1.000776e-01  8.603397e-02  5.411632e+02  1.000000e+00  5.421532e+00  7.700175e-01 -2.708080e+00  2.496276e+00
5  1.273221e+00 -2.652903e-01  1.221073e+01  1.039667e+01  1.000000e+00  1.671490e+01 6 3 -1.000000e+00
 4.252436e+00 -6.601710e+00  4.788368e+00  0.000000e+00  0.000000e+00  4.493783e-01  1.950748e-01  2.372563e-01  5.775078e-04
 7.800586e+00  3.755146e-01 -5.719495e+00  4.018599e+02  5.000000e-01  8.215975e-01 -4.534919e-01 -3.183009e-02  1.009057e-03
 5.515780e+00  5.543491e+00  5.864900e+00  2.307341e+02  0.000000e+00  5.032194e-01  8.525210e-02 -2.627112e-01  5.745860e-04
-2.785882e+00  2.287269e-01 -1.877702e+00  1.930388e+03  5.000000e-01  1.564612e+00 -9.126975e-01  1.354116e-01  1.906848e-02
-3.347199e-02  5.876942e-03  9.369417e-04  2.073063e+03  1.000000e+00  3.741130e+01 -1.536076e+01  4.746312e+00  3.232659e+01
3 -9.374412e-02  1.996507e-01  6.512084e-01  3.311439e-01  1.928523e-01  1.515560e+01 6 1 -1.000000e+00
-1.112063e-01  4.760746e-01  2.012020e+00  0.000000e+00  0.000000e+00  2.235714e-01  2.344617e-01  2.255129e-01  1.029168e-02
 8.143043e-02 -1.459892e-01 -3.880227e-01  2.373276e+01  5.000000e-01  5.100266e-01  8.075710e-01  1.471418e+00  1.808708e-01
 4.897042e-04 -1.134590e-03  6.839205e-05  3.059701e+01  1.000000e+00  1.219771e+02  3.270079e+00 -1.786622e+00  1.211257e+02
3 -3.717456e-01  7.774079e-02  2.064690e+00  1.016244e+00  4.584644e-01  9.798540e+00 6 3 -1.000000e+00
 5.274154e-01 -8.430623e-02 -1.699310e+00  1.538701e+02  5.000000e-01  8.669330e-01 -7.280977e-01  2.757804e-01  6.224148e-02
-1.504284e+00  2.833109e-01  3.706525e+00  0.000000e+00  0.000000e+00  4.435576e-01 -1.760670e-01  9.398979e-02  3.107057e-03
 2.091840e-03 -1.851984e-04  4.009371e-05  1.944353e+02  1.000000e+00  1.646887e+02 -4.253119e+01 -6.597636e+00  1.617558e+02
3  4.722490e-03 -2.047861e-01  6.307479e-01  3.248758e-01  4.553288e-01  2.071400e+00 6 1 -1.000000e+00
 2.824439e-03 -4.842040e-01  1.542182e+00  0.000000e+00  0.000000e+00  1.735758e-01  1.842071e-01  2.475362e-02  2.040734e-02
 3.980275e-03  1.465428e-01 -7.021997e-01  9.038439e+01  5.000000e-01  6.419422e-01  1.245910e+00 -2.953208e-03  3.902916e-01
 2.742636e-04  6.344597e-03  2.435144e-03  1.001672e+02  1.000000e+00  2.149271e+01  2.743087e+00 -1.331624e+00  2.097442e+01
3  9.009028e-01 -1.253049e+00  5.223440e+00  2.002109e+00  7.488331e-02  3.490390e+00 6 2 -1.000000e+00
 3.964848e+00 -2.618763e+00  3.992452e+00  0.000000e+00  0.000000e+00  4.707682e-01 -3.010862e-02  1.694317e-01  2.064281e-03
-2.175054e-01  5.104936e-01 -2.989680e-01  6.066065e+02  5.000000e-01  1.951462e+00  1.198755e+00  1.677231e+00  8.053245e-01
-3.511057e-02  9.787709e-02  1.469108e-02  6.120877e+02  1.000000e+00  1.078862e+01  4.570622e+00  2.618779e+00  9.162667e+00
1  1.058819e+00 -7.840110e+00  0.000000e+00  1.241470e+01  0.000000e+00  5.868150e+00 0 2 -1.000000e+00
 1.733634e+01 -2.029995e+01  3.140683e+00  0.000000e+00  0.000000e+00  3.935586e-01  7.327339e-03  2.220707e-01  3.442306e-05
3 -3.242123e-01 -1.302716e-01  1.201705e+00  4.448135e-01  4.827612e-01  2.823500e+00 6 1 -1.000000e+00
-8.311892e-01 -2.921731e-01  1.692475e+00  0.000000e+00  0.000000e+00  2.002749e-01 -1.590529e-01 -1.530093e-01  1.207513e-02
 2.906362e-01  1.386436e-01 -8.170615e-01  7.604946e+01  5.000000e-01  4.599332e-01 -7.846733e-01 -9.486085e-01  1.815042e-01
 3.085473e-03  1.435944e-03  2.113579e-04  9.633231e+01  1.000000e+00  6.989396e+01  1.500943e+00 -3.579633e+00  6.919315e+01
3 -2.037002e-01 -4.232328e-01  1.551124e+00  7.479981e-01  6.456050e-01  9.430080e+00 6 1 -1.000000e+00
-5.685764e-01 -1.189681e+00  1.707566e+00  0.000000e+00  0.000000e+00  2.338144e-01  3.014509e-02 -2.242430e-02  1.201669e-02
 1.217569e-01  1.993571e-01 -1.102414e+00  6.356623e+01  5.000000e-01  1.104859e+00  4.702851e-01 -8.348221e-01  6.335065e-01
 2.826534e-02  4.690354e-02  6.993155e-02  6.423316e+01  1.000000e+00  5.045787e+00  4.735504e-01 -1.358104e+00  4.356837e+00
3  2.575059e-01  3.801018e-01  4.340915e+00  2.206972e+00  9.566968e-01  1.030680e+01 6 1 -1.000000e+00
-1.403583e+00 -5.474111e-01 -2.240612e+00  2.530544e+02  5.000000e-01  8.703252e-01 -6.154127e-01 -2.904985e-01  2.179525e-02
 1.151956e+00  2.961543e+00  2.342030e+00  0.000000e+00  0.000000e+00  3.321368e-01  1.268147e-01 -5.458208e-02  2.881296e-03
-1.000335e-02 -1.292106e-02  1.520094e-03  3.188289e+02  1.000000e+00  2.864323e+01  1.420437e+00 -1.021157e+01  2.343796e+01
5 -9.308445e-02 -8.120172e-02  1.715817e+00  6.528749e-01  1.000000e+00  1.594900e+01 6 1 -1.000000e+00
 4.952618e-01 -7.213024e-01  2.719256e+00  4.073481e+00  0.000000e+00  3.273831e-01  1.687338e-01  2.370543e-01  5.601891e-02
-3.598190e-01 -6.305741e-01 -2.031588e+00  9.296021e+00  5.000000e-01  5.440522e-01  3.748806e-01 -7.480499e-01  2.108759e-01
-8.605716e-01  3.302412e-01  2.445313e+00  0.000000e+00  0.000000e+00  3.083694e-01 -2.447144e-01  9.758080e-02  4.177708e-02
 3.342255e-01  4.266800e-01 -8.385704e-01  2.325235e+01  5.000000e-01  7.612181e-01  2.277350e-01 -1.094376e+00  3.785568e-01
 3.086003e-03  3.423194e-03  1.333663e-03  3.800197e+01  1.000000e+00  3.010808e+01  3.293113e+00 -9.307061e+00  2.892290e+01
1  5.131239e+00 -3.402746e+00  0.000000e+00  1.099847e+00  0.000000e+00  1.099920e+01 0 2  2.804107e-01
 1.207929e+00 -1.012282e+00  5.439891e+00  0.000000e+00  0.000000e+00  3.869412e-01 -1.069940e-01  4.249307e-01  3.673767e-03
5  2.469522e-02  2.299690e-02  2.026612e-01  1.236798e-01  1.000000e+00  1.591640e+01 6 3 -1.000000e+00
-4.279849e-02 -3.823746e-02 -1.781089e+00  1.020914e+00  5.000000e-01  1.273336e+00 -1.012317e-01 -7.911503e-01  6.674689e-01
 1.338236e-01  5.743156e-02 -3.873109e+01  5.945245e-02  5.000000e-01  5.760266e-01 -2.856671e-01 -3.520892e-01  1.540197e-01
 1.778941e-02  1.551551e-01  7.786400e+00  0.000000e+00  0.000000e+00  5.130315e-01  2.931333e-01 -1.509375e-01  1.122724e-01
 1.443373e-01  2.959885e-02  3.524091e+01  5.881728e-02  0.000000e+00  5.513163e-01 -3.541398e-01 -2.180046e-01  1.399411e-01
-9.419172e-03 -8.600053e-03  2.464622e-01  1.054100e+00  1.000000e+00  3.379999e+00 -1.334400e-01 -1.260623e+00  2.486010e+00
3  5.812478e-01 -1.164491e-01  2.359162e+00  9.227086e-01  5.004238e-01  1.594830e+01 6 1 -1.000000e+00
 1.812243e+00 -5.304648e-01  1.712527e+00  0.000000e+00  0.000000e+00  2.357684e-01  5.203300e-03  9.513682e-03  6.214423e-03
-4.813116e-01  2.203199e-02 -8.569893e-01  1.985107e+02  5.000000e-01  8.182201e-01 -1.094659e+00 -4.050411e-02  2.412461e-01
-9.330377e-03  1.742263e-03  4.149406e-04  2.222482e+02  1.000000e+00  5.214773e+01 -1.357574e+01  4.669719e+00  5.048624e+01
1 -1.857740e+00 -1.225417e-01  0.000000e+00  9.599781e-01  0.000000e+00  9.193420e+00 0 2  2.784708e-01
-1.664582e+00 -1.524195e+00  3.056448e+00  0.000000e+00  0.000000e+00  3.790375e-01 -1.434899e-02 -2.412704e-01  2.225506e-03
3  1.372109e-01  2.420899e-01  1.071402e+00  4.746427e-01  4.786907e-01  8.404500e+00 6 1 -1.000000e+00
-1.406163e-01 -1.490594e-01 -8.077851e-01  3.312129e+01  5.000000e-01  9.428702e-01 -2.177371e-01 -1.092615e+00  4.949281e-01
 9.975622e-02  8.950305e-01  1.687488e+00  0.000000e+00  0.000000e+00  2.164682e-01  1.210887e-05 -1.460321e-01  2.347855e-02
-1.143213e-02 -2.292200e-02  2.716482e-02  3.435333e+01  1.000000e+00  7.219206e+00  8.504699e-01 -1.069066e+00  6.450044e+00
3  3.140098e-01  1.352356e+00  8.033100e-01  4.144762e-01  4.817498e-01  3.288350e+00 6 3  2.972871e-01
-3.361917e-01 -1.923832e-03 -2.667531e+00  8.364508e+00  5.000000e-01  5.750813e-01 -7.442666e-01  3.875159e-02  8.070074e-02
 4.445450e-01  1.871716e-01  5.537171e+00  0.000000e+00  0.000000e+00  3.997704e-01 -3.006655e-01 -2.987946e-01  3.841023e-02
-7.946822e-04 -1.858214e-04  1.631746e-04  1.881203e+01  1.000000e+00  8.019709e+01 -6.290092e+00 -1.020831e+01  7.814467e+01
3  3.205995e-01  2.086799e-01  1.373244e+00  5.967486e-01  3.499595e-01  6.166650e+00 6 1 -1.000000e+00
-2.780005e-01 -1.973778e-01 -6.646710e-01  8.879430e+01  5.000000e-01  5.089524e-01 -2.709397e-01 -1.293145e+00  6.811013e-02
 9.424682e-01  4.321093e-01  1.899280e+00  0.000000e+00  0.000000e+00  2.565578e-01 -4.793506e-02 -1.545741e-01  3.332619e-03
-7.155911e-04 -2.703671e-04  7.379952e-06  1.227343e+02  1.000000e+00  3.774461e+02 -6.718623e+01  4.117570e+01  3.759058e+02
3  1.519927e-01  3.949029e-01  9.077390e-01  4.435603e-01  3.847189e-02  1.339790e+01 6 2 -1.000000e+00
 3.976504e-01  5.826116e-01  3.219928e+00  0.000000e+00  0.000000e+00  2.463912e-01  2.832579e-01 -4.208626e-01  1.373825e-02
-7.319712e-02 -1.934635e-01 -1.238767e-01  1.023308e+02  5.000000e-01  7.504219e-01  2.242831e+00 -1.761970e+00  3.683145e-01
-4.480323e-04 -9.451476e-04  7.607869e-06  1.321237e+02  1.000000e+00  3.767441e+02  4.550846e+01 -8.757733e+01  3.757792e+02
1  1.456048e+01 -3.427198e+00  0.000000e+00  4.234507e+00  0.000000e+00  6.504590e+00 0 2  2.855929e-01
 1.382266e+01 -7.227315e-01  3.904845e+00  0.000000e+00  0.000000e+00  3.950639e-01 -3.257203e-01  6.133415e-02  2.303858e-04
1 -6.972986e-01  1.115735e+00  0.000000e+00  2.541328e+00  0.000000e+00  6.166620e+00 0 2  2.739403e-01
 2.920268e+00 -2.611716e+00  4.109800e+00  0.000000e+00  0.000000e+00  3.741739e-01  5.633078e-02  3.810043e-01  6.182089e-04
3  1.466692e-01 -2.171574e-01  8.245414e-01  4.026487e-01  2.429770e-01  5.813160e+00 6 1 -1.000000e+00
 3.618872e-01 -5.552635e-01  1.760096e+00  0.000000e+00  0.000000e+00  2.397554e-01  8.283377e-03  9.875411e-02  2.300667e-03
-1.013522e-01  1.268492e-01 -4.276628e-01  1.019093e+02  5.000000e-01  6.627108e-01  5.391091e-01  1.470176e+00  1.485011e-01
-6.114458e-04  5.000387e-04  1.106151e-05  1.236378e+02  1.000000e+00  3.266135e+02 -8.262109e+01  9.377797e+01  3.249235e+02
3 -8.293036e-01  1.710886e-01  2.312694e+00  9.383808e-01  1.582726e-01  1.373390e+01 6 1 -1.000000e+00
 3.152662e-01 -9.656317e-02 -3.527673e-01  1.549520e+02  5.000000e-01  1.392342e+00 -1.493045e+00  8.714812e-01  4.284329e-01
-1.947207e+00  3.827779e-01  2.228860e+00  0.000000e+00  0.000000e+00  2.807134e-01 -2.524674e-01  7.052253e-02  3.951813e-03
 2.848705e-02 -9.806230e-03  4.261832e-03  1.588468e+02  1.000000e+00  1.711605e+01 -3.103000e+00  3.931621e+00  1.504662e+01
3  1.166281e-01 -4.230343e-01  1.056638e+00  3.987253e-01  1.373682e-01  1.534470e+01 6 1 -1.000000e+00
 1.120316e-01 -8.725880e-01  1.304431e+00  0.000000e+00  0.000000e+00  1.212859e-01  3.463392e-02  6.573614e-02  1.376121e-02
-2.988699e-03  7.583227e-03  5.549845e-04  4.737555e+01  1.000000e+00  4.696605e+01  1.079247e+01  1.394806e+01  4.659118e+01
-7.047747e-02  1.681683e-01 -1.791873e-01  4.411495e+01  5.000000e-01  1.097426e+00  1.666620e+00  1.677087e+00  9.010466e-01
1 -2.762684e-02  1.354722e-01  0.000000e+00  3.220858e-02  0.000000e+00  1.243710e+01 0 2  3.119853e-01
 7.501746e-04 -5.011840e-02  3.684030e+00  0.000000e+00  0.000000e+00  4.296009e-01  1.686800e-01  1.595630e-01  6.322760e-04
2  3.867362e+00  2.897140e+00  3.704311e+00  1.563440e+00  7.290201e-04  1.407750e+01 6 2  2.720157e-01
 3.536554e+00 -6.974063e-01  4.342304e+00  0.000000e+00  0.000000e+00  4.356810e-01 -2.828016e-01 -9.048062e-02  4.175383e-05
-1.073918e-01 -3.139169e-02 -3.165627e-03  1.740995e+03  5.000000e-01  3.072353e+00 -1.484449e+01 -9.991438e+00  1.228219e+00
3  4.646392e-01 -3.285878e-02  1.109889e+00  3.118125e-01  1.330835e-01  9.311900e+00 6 1 -1.000000e+00
 9.114851e-01 -1.682086e-01  1.565342e+00  0.000000e+00  0.000000e+00  1.889929e-01 -1.362851e-01 -1.790803e-02  2.218528e-03
-1.822658e-01  2.037071e-02 -2.083211e-01  1.781224e+02  5.000000e-01  5.768855e-01 -2.222809e+00  1.960244e-01  1.962094e-01
-1.820152e-03  5.975636e-04  4.337632e-05  2.022592e+02  1.000000e+00  1.571149e+02  1.555914e+01  3.279838e+01  1.561639e+02
2  4.913441e-01 -2.681262e+00  1.248651e-02  8.074397e-01  1.072812e-01  1.065360e+01 6 1  2.702374e-01
 4.755494e-04  5.964788e-03  2.137884e-05  2.837325e+03  1.000000e+00  2.940435e+02  1.957614e+02 -2.786964e+01  2.894780e+02
 1.878991e-03  1.837218e-02 -1.992785e-04  2.836782e+03  5.000000e-01  6.187008e+01  8.987419e+01 -2.541457e+01  5.832699e+01
3 -1.882438e-01  2.283340e-01  1.204841e+00  4.948374e-01  4.250162e-01  5.917990e+00 6 1 -1.000000e+00
 1.354054e-01 -2.613657e-01 -8.876382e-01  3.151885e+01  5.000000e-01  1.073057e+00  6.743558e-01  8.229014e-01  6.963951e-01
-7.310478e-01  5.758324e-01  2.088481e+00  0.000000e+00  0.000000e+00  2.816530e-01 -1.701187e-02  1.921355e-01  4.919276e-02
 1.815424e-02 -2.782685e-02  2.347969e-02  3.326548e+01  1.000000e+00  8.218560e+00  1.685528e+00  2.583910e+00  7.579399e+00
1  1.535803e+01 -3.084107e+01  0.000000e+00  8.448257e+00  0.000000e+00  8.529530e+00 0 2 -1.000000e+00
 2.330503e+01 -4.081871e+01  3.206649e+00  0.000000e+00  0.000000e+00  3.599024e-01  2.394746e-01  2.013077e-01  7.650693e-05
1 -1.646499e+01  1.097997e+01  0.000000e+00  1.067798e+01  0.000000e+00  1.801650e+01 0 2  2.698761e-01
 1.425708e+01  7.027228e+00  5.961749e+00  0.000000e+00  0.000000e+00  4.497229e-01 -3.095454e-01 -1.981174e-01  2.157270e-04
3 -5.291209e-01  1.410679e-01  1.714398e+00  7.166767e-01  2.616098e-01  4.421980e+00 6 1 -1.000000e+00
 3.862567e-01 -1.003571e-01 -4.853668e-01  1.011957e+02  5.000000e-01  6.474624e-01 -1.254725e+00  7.811826e-01  2.846694e-01
-1.280987e+00  2.989659e-01  1.855308e+00  0.000000e+00  0.000000e+00  2.396473e-01 -1.738674e-01  9.440544e-02  1.209493e-02
 5.791751e-03 -1.184716e-03  2.069231e-04  1.201297e+02  1.000000e+00  7.174905e+01 -1.298076e+01  2.052892e+00  7.089937e+01
3  6.952470e-01  2.806188e-01  3.151431e+00  1.103549e+00  3.252477e-01  9.385750e+00 6 1 -1.000000e+00
-4.227331e-01 -1.719227e-01 -6.383879e-01  2.736306e+02  5.000000e-01  8.580684e-01 -6.950222e-01 -1.050493e+00  3.132725e-01
 2.623261e+00  6.364314e-01  1.962774e+00  0.000000e+00  0.000000e+00  2.672073e-01  1.644487e-01  2.142269e-02  2.885138e-03
-8.641878e-03 -2.165149e-03  1.875524e-04  2.961528e+02  1.000000e+00  8.050184e+01 -3.010858e+01 -9.064973e+00  7.930670e+01
2  2.255905e-01  8.984928e-02  1.190487e+00  8.699916e-01  1.392422e-01  1.207440e+01 6 3 -1.000000e+00
 3.702529e-01  8.049305e-01  3.430931e+00  0.000000e+00  0.000000e+00  3.671014e-01  5.636312e-02 -3.254501e-01  1.522202e-03
-3.929763e-01 -1.087107e-01 -4.777302e-01  1.276730e+02  5.000000e-01  6.934672e-01 -1.282635e+00 -7.362351e-01  1.181111e-01
3  3.426869e-01  1.250592e-01  9.894843e-01  5.589222e-01  1.507512e-02  1.084020e+01 6 2  2.693320e-01
-4.026692e-02 -8.903132e-01  5.908034e+00  0.000000e+00  0.000000e+00  4.000321e-01  4.232912e-01 -1.073544e-01  1.099218e-03
-5.111047e-04  3.103574e-03  1.075475e-04  2.203464e+02  1.000000e+00  1.044055e+02  3.051000e+01  2.153175e+01  9.984998e+01
-9.272691e-03  9.868556e-02 -8.906429e-02  2.132766e+02  5.000000e-01  2.370566e+00  3.594890e+00  4.278563e-01  5.521844e-01
3 -5.577512e-01 -4.094985e-01  3.880007e-01  2.106696e-01  5.239682e-01  1.323470e+01 6 3  2.848858e-01
-3.217348e-01 -8.197546e-02  3.597242e+00  0.000000e+00  0.000000e+00  4.538119e-01 -1.371425e-01 -3.902008e-02  3.327835e-02
 6.145328e-02 -2.105443e-02 -1.884840e+00  6.031551e+00  5.000000e-01  1.647862e+00 -6.127267e-01  7.581824e-01  6.365411e-01
 2.898820e-02 -7.581728e-03  5.706524e-01  6.047824e+00  1.000000e+00  2.945398e+00 -1.136728e+00  8.602567e-01  1.664129e+00
2  2.944969e-01 -1.200581e+00  1.922866e+00  8.881109e-01  2.993447e-01  9.673380e+00 6 3  2.732006e-01
-3.842573e-01 -1.349808e+00  3.002283e+00  0.000000e+00  0.000000e+00  3.477922e-01  2.731175e-01 -1.330486e-01  3.657762e-03
 7.027966e-02  5.185623e-01 -8.987174e-01  2.354452e+02  5.000000e-01  8.331465e-01  1.036209e+00 -2.584732e-01  6.017548e-02
3  6.317719e-02 -2.404095e-01  9.006695e-01  5.930722e-01  9.132763e-02  9.797820e+00 6 2 -1.000000e+00
 2.156864e-01 -5.807429e-01  6.060405e+00  0.000000e+00  0.000000e+00  2.964445e-01  4.635006e-01  3.393406e-01  1.959578e-02
-6.980725e-02  2.734812e-01 -5.534825e-01  2.438489e+01  5.000000e-01  5.612425e-01  1.252165e+00  6.567598e-01  1.545017e-01
-6.768579e-04  2.290750e-03  2.144943e-04  3.371654e+01  1.000000e+00  6.934150e+01 -2.841579e+00  5.979652e-01  6.811264e+01
3 -3.807159e-01 -2.616761e-01  1.023378e+00  4.241838e-01  1.009670e-01  5.213640e+00 6 1 -1.000000e+00
-6.424213e-01 -5.982088e-01  1.475260e+00  0.000000e+00  0.000000e+00  1.625440e-01 -7.077867e-02 -1.359275e-01  8.937562e-03
 7.362022e-03  4.727025e-03  7.883186e-04  6.177340e+01  1.000000e+00  3.849728e+01 -5.598660e+00 -1.030431e+01  3.766947e+01
 1.275430e-01  7.592546e-02 -1.489525e-01  5.900838e+01  5.000000e-01  1.265556e+00 -1.299807e+00 -2.257115e+00  8.611265e-01
3  2.325538e-01  1.069843e-01  9.616680e-01  4.613567e-01  2.761461e-01  5.813160e+00 6 1 -1.000000e+00
-1.829371e-01 -1.029484e-01 -7.805709e-01  7.157679e+01  5.000000e-01  1.120157e+00 -5.425737e-01 -1.000582e+00  4.838527e-01
 7.388550e-01  1.711040e-01  2.826659e+00  0.000000e+00  0.000000e+00  3.494541e-01 -2.018452e-01 -1.693926e-01  2.384265e-02
-1.846350e-02 -9.241781e-03  1.403553e-02  7.513546e+01  1.000000e+00  1.014903e+01 -1.948535e+00 -2.942811e+00  8.907830e+00
3 -1.247474e+00  1.844556e-01  1.295290e+00  6.094041e-01  4.123034e-01  1.546160e+01 6 1  3.042533e-01
-2.108935e-01 -1.589058e-01 -7.169074e-01  4.352228e+01  5.000000e-01  9.908267e-01 -3.742370e-01 -1.120228e+00  2.429991e-01
 6.044694e-01  8.475534e-01  1.738786e+00  0.000000e+00  0.000000e+00  2.270286e-01  1.102842e-02 -1.491617e-01  5.684790e-03
-8.212320e-03 -6.851098e-03  1.778834e-03  4.668281e+01  1.000000e+00  2.584797e+01 -2.970375e+00 -6.814133e+00  2.328100e+01
1  8.497848e-03 -8.351776e-01  0.000000e+00  1.877927e-01  0.000000e+00  7.284700e+00 0 2  2.965821e-01
-2.821593e-03 -2.916668e-01  6.630137e+00  0.000000e+00  0.000000e+00  4.535960e-01  3.785318e-01  6.666802e-02  1.949692e-02
2  1.659052e-01 -3.573535e-01  1.701532e+00  7.731117e-01  4.653277e-01  4.422070e+00 6 1 -1.000000e+00
 5.395230e-01 -1.104667e+00  2.446682e+00  0.000000e+00  0.000000e+00  3.063382e-01  1.471457e-01  2.253843e-01  2.590106e-03
-1.679740e-01  4.428019e-01 -1.138509e+00  1.498314e+02  5.000000e-01  6.547064e-01  7.444178e-01  6.658915e-01  4.228532e-02
1 -4.430788e+00 -2.616411e+00  0.000000e+00  2.053487e+00  0.000000e+00  1.643410e+01 0 2  2.734118e-01
 2.259264e-01  3.507827e+00  4.582808e+00  0.000000e+00  0.000000e+00  3.647362e-01  2.532731e-01 -3.481465e-01  8.786369e-04
2  3.275094e-01 -6.937104e-02  1.362467e+00  6.264193e-01  3.754280e-01  6.590870e+00 6 1 -1.000000e+00
 9.344651e-01 -3.510159e-01  1.934367e+00  0.000000e+00  0.000000e+00  2.691510e-01 -1.179824e-01  5.705629e-02  2.067966e-03
-3.784440e-01  1.310947e-02 -7.262155e-01  1.966892e+02  5.000000e-01  4.542652e-01 -1.294128e+00  7.800243e-03  5.059015e-02
1 -6.112828e-02  1.021980e-01  0.000000e+00  2.316791e-01  0.000000e+00  1.339990e+01 0 2  2.710371e-01
 3.943736e-01 -5.464787e-02  4.276675e+00  0.000000e+00  0.000000e+00  3.825846e-01 -3.699801e-01  1.024204e-01  1.828050e-03
3 -9.058058e-02  5.428734e-01  2.683185e+00  1.053884e+00  7.907078e-01  8.084380e+00 6 1 -1.000000e+00
-7.136144e-02 -7.223279e-01 -1.528671e+00  1.660275e+02  5.000000e-01  6.470018e-01  8.142012e-01 -3.403633e-01  1.276505e-01
-6.305214e-01  1.901947e+00  1.933294e+00  0.000000e+00  0.000000e+00  2.704844e-01  1.198733e-01  2.390911e-02  6.418076e-03
 3.139811e-04 -2.790683e-03  2.525082e-05  2.193768e+02  1.000000e+00  2.144636e+02  7.654968e+01  1.020716e+01  2.123727e+02
1  1.970061e-02  1.043056e-01  0.000000e+00  4.348696e-02  0.000000e+00  1.947520e+00 0 2  2.952055e-01
-1.046463e-01 -1.235864e-02  3.305660e+00  0.000000e+00  0.000000e+00  4.146239e-01 -1.971985e-01 -3.558886e-02  7.410830e-03
5 -8.743352e-02  7.253157e-02  1.461631e+00  6.915214e-01  1.000000e+00  5.432630e+00 6 3 -1.000000e+00
 4.882111e-01 -4.265078e-01 -1.630537e+00  2.307500e+01  5.000000e-01  4.809051e-01 -1.996762e-01  9.180871e-01  8.291342e-02
-8.206546e-01 -2.277003e-01  6.465529e+00  5.913070e-01  0.000000e+00  3.580520e-01 -4.748631e-01 -1.787061e-01  2.190337e-02
 7.357517e-02  8.831429e-01  5.603988e+00  0.000000e+00  0.000000e+00  3.673344e-01  4.706164e-01 -1.848183e-02  4.452783e-02
-6.453141e-01  4.962522e-01 -8.682832e+00  2.067403e+00  5.000000e-01  4.078466e-01 -2.149274e-01  6.477821e-01  4.193192e-02
 2.766966e-04 -3.078712e-04  1.420545e-05  7.927794e+01  1.000000e+00  2.737542e+02  3.730875e+01  5.106215e+01  2.722775e+02
3  6.560262e-02 -1.300448e-01  1.438915e+00  6.234907e-01  6.630174e-01  6.217700e+00 6 1 -1.000000e+00
 6.631520e-01 -7.364317e-01  2.403866e+00  0.000000e+00  0.000000e+00  3.117939e-01  9.416097e-03  2.398799e-01  1.028612e-02
 1.175742e-01  5.950413e-01 -1.593805e+00  4.167985e+01  5.000000e-01  5.625927e-01  7.735805e-01 -4.693907e-01  6.841447e-02
-9.892190e-05  2.767333e-04  4.172431e-06  1.021180e+02  1.000000e+00  5.055191e+02  1.172088e+02  3.366282e+01  5.034012e+02
3  5.649564e-01 -5.852883e-02  1.660573e+00  7.106370e-01  1.292573e-01  9.311840e+00 6 1 -1.000000e+00
 1.359593e+00 -1.825903e-01  1.768906e+00  0.000000e+00  0.000000e+00  2.478255e-01 -1.869050e-02 -9.802138e-03  6.477969e-03
-2.883085e-01  2.216421e-02 -2.286440e-01  1.397442e+02  5.000000e-01  9.195505e-01 -2.064739e+00  3.419594e-01  4.588644e-01
-3.548617e-03  2.298792e-04  4.842802e-05  1.597385e+02  1.000000e+00  1.538937e+02 -5.213179e+01  3.090151e+00  1.527861e+02
3 -1.651094e-01 -2.196633e-01  7.181318e-01  2.705702e-01  2.093856e-01  1.747140e+01 6 1 -1.000000e+00
-4.004526e-01 -4.247288e-01  1.391922e+00  0.000000e+00  0.000000e+00  1.482150e-01  7.967862e-02 -2.753615e-02  1.762112e-03
 7.657973e-02  1.120704e-01 -2.914486e-01  2.878763e+01  5.000000e-01  3.812585e-01  7.734839e-01 -1.793238e+00  1.125605e-01
 3.051818e-04  4.104023e-04  9.526281e-06  3.543853e+01  1.000000e+00  3.280000e+02 -1.094531e+01  4.285396e+01  3.272214e+02
1 -2.980344e-02 -1.541391e-02  0.000000e+00  5.383224e-02  0.000000e+00  1.390530e+01 0 2 -1.000000e+00
-7.633715e-02 -5.025407e-02  3.872503e+00  0.000000e+00  0.000000e+00  4.424576e-01 -1.023361e-01 -2.053045e-01  3.219239e-02
3  4.228233e-02  4.865577e-01  1.019243e+00  5.460797e-01  1.319326e-01  5.813140e+00 6 1 -1.000000e+00
 1.880043e-01  8.668311e-01  1.670683e+00  0.000000e+00  0.000000e+00  1.836172e-01  2.565060e-01 -4.612951e-02  1.182366e-02
 7.926992e-03 -1.363782e-01 -2.204176e-01  4.556626e+01  5.000000e-01  1.492855e+00  2.185119e+00  7.073289e-02  1.122946e+00
 1.789855e-03 -2.537346e-02  1.121492e-02  4.617839e+01  1.000000e+00  1.117924e+01  3.546571e+00  1.368154e+00  1.062480e+01
3 -1.517580e-01  6.357226e-01  1.975699e+00  8.322318e-01  2.118148e-01  9.922270e+00 6 1 -1.000000e+00
-6.264829e-01  1.442369e+00  1.627955e+00  0.000000e+00  0.000000e+00  2.057916e-01  1.265960e-01  2.174893e-02  2.919064e-03
 6.277615e-02 -4.092007e-01 -3.448250e-01  2.082460e+02  5.000000e-01  6.091251e-01  1.700337e+00  4.020677e-01  1.313106e-01
 2.401782e-04 -1.005363e-03  3.886999e-06  2.682315e+02  1.000000e+00  5.116552e+02  5.275851e+01  2.678462e+01  5.097097e+02
3 -9.157392e-02  7.025211e-01  2.416030e+00  1.057579e+00  4.659542e-01  1.030680e+01 6 1 -1.000000e+00
-3.209885e-01  1.871130e+00  1.599649e+00  0.000000e+00  0.000000e+00  2.041230e-01  8.997366e-02  1.369557e-02  6.714067e-03
 6.835552e-02 -5.133216e-01 -7.453629e-01  2.411447e+02  5.000000e-01  6.786890e-01  1.178325e+00  2.375264e-01  2.193665e-01
 1.620359e-03 -8.037352e-03  2.465786e-04  2.762461e+02  1.000000e+00  6.599772e+01  1.026055e+01  7.995185e+00  6.455778e+01
3  1.918051e-01 -2.660099e-01  1.940548e+00  7.576723e-01  9.520083e-01  9.923240e+00 6 1 -1.000000e+00
 9.234680e-01 -9.722026e-01  2.016190e+00  0.000000e+00  0.000000e+00  2.721000e-01  4.030356e-02  1.795244e-01  9.613308e-03
-1.854522e-01  6.202870e-01 -2.117828e+00  1.033969e+02  5.000000e-01  5.331657e-01  7.616960e-01  3.315650e-01  9.287222e-02
-5.382269e-04  8.859588e-04  9.440226e-06  1.707065e+02  1.000000e+00  3.443881e+02  6.587481e+01  8.744269e+01  3.422019e+02
3  1.689249e-01  3.768217e-01  1.254993e+00  4.823842e-01  1.658824e-01  1.478720e+01 6 1 -1.000000e+00
 7.079799e-01  8.115400e-01  1.886581e+00  0.000000e+00  0.000000e+00  2.591836e-01  1.059951e-01 -8.668653e-02  4.709929e-03
-4.195115e-02 -1.947461e-01 -3.129505e-01  9.507724e+01  5.000000e-01  1.209467e+00  1.638468e+00 -7.447777e-01  5.342236e-01
-2.758404e-03 -1.082882e-02  1.596052e-03  9.969626e+01  1.000000e+00  2.768652e+01  9.092197e+00 -1.719337e+00  2.625891e+01
2 -3.373320e-01  2.141678e-01  1.537305e+00  6.969075e-01  2.851810e-01  7.096190e+00 6 1 -1.000000e+00
 4.056002e-01 -1.627391e-01 -6.164610e-01  1.736659e+02  5.000000e-01  4.742708e-01 -1.043819e+00  8.994416e-01  4.959516e-02
-7.461187e-01  8.555199e-01  2.161648e+00  0.000000e+00  0.000000e+00  2.717265e-01 -8.406648e-02  2.463842e-01  2.637211e-03
2  9.626479e-02 -3.226658e+00  3.936377e-02  1.020528e+00  2.006364e-01  1.207390e+01 6 1  2.757894e-01
 5.340127e-04  3.028793e-02  2.928752e-03  6.571786e+02  1.000000e+00  2.874788e+01  2.068727e+01 -7.342094e-01  2.678703e+01
 9.762753e-04  6.964921e-02 -1.459731e-02  6.569296e+02  5.000000e-01  1.001297e+01  1.223570e+01 -1.645359e-01  8.353730e+00
1 -8.716877e+00  7.476045e+00  0.000000e+00  5.577152e+00  0.000000e+00  3.756210e+00 0 2 -1.000000e+00
-1.339209e+01  1.355066e+01  4.820757e+00  0.000000e+00  0.000000e+00  4.526115e-01 -5.964397e-02  2.977255e-01  1.820989e-03
5  5.588747e-01 -3.979467e-01  1.268665e+00  5.828069e-01  1.000000e+00  1.099770e+01 6 3  2.952842e-01
 2.489104e-01 -7.923508e-01  3.852514e+00  3.093020e-01  0.000000e+00  3.533807e-01  3.955014e-01  4.608999e-02  7.714967e-02
-3.209361e-01 -6.317023e-01 -5.120098e+00  9.453201e-01  5.000000e-01  4.135836e-01  3.195555e-01 -6.611182e-01  6.960722e-02
-7.765575e-01 -4.540547e-02  3.701289e+00  0.000000e+00  0.000000e+00  2.808901e-01 -4.154042e-01 -2.727312e-01  5.390098e-02
 2.061233e-01  3.325469e-01 -6.643538e-01  1.290935e+01  5.000000e-01  7.435033e-01  4.556313e-01 -1.167653e+00  2.697673e-01
 3.701721e-03  6.080013e-03  1.815671e-03  1.760862e+01  1.000000e+00  2.480821e+01  3.366313e+00 -2.176772e+00  2.328911e+01
3  8.920768e-02 -6.374887e-01  1.721428e+00  5.185291e-01  1.411569e-01  7.493120e+00 6 1 -1.000000e+00
-2.630879e-02 -1.347632e+00  1.793402e+00  0.000000e+00  0.000000e+00  2.066846e-01  2.483402e-01  1.003844e-01  8.852863e-03
-2.091539e-03  3.736261e-01 -2.531511e-01  1.120898e+02  5.000000e-01  7.112968e-01  1.932267e+00  5.476355e-01  2.878796e-01
 6.281096e-04  2.983915e-03  1.650085e-05  1.369586e+02  1.000000e+00  3.037357e+02  1.375631e+02 -1.101016e+02  3.023527e+02
3  9.495379e-02  1.134192e-01  6.355944e-01  3.484449e-01  1.713653e-01  8.255860e+00 6 1 -1.000000e+00
-1.101022e-01 -1.419643e-01 -5.134376e-01  3.293655e+01  5.000000e-01  8.905426e-01  5.572421e-01 -1.284180e+00  3.551807e-01
 4.661444e-01  1.262148e-01  2.996158e+00  0.000000e+00  0.000000e+00  3.528557e-01 -1.546432e-01 -2.472255e-01  3.791260e-02
-2.782633e-03 -2.688172e-03  8.626453e-04  4.031967e+01  1.000000e+00  3.734112e+01 -2.744424e+00 -1.240645e+01  3.603094e+01
1  1.830124e-02 -1.127497e-02  0.000000e+00  4.498618e-02  0.000000e+00  9.430120e+00 0 2  2.709234e-01
-1.147708e-01  2.695915e-02  3.025390e+00  0.000000e+00  0.000000e+00  3.785256e-01 -2.328917e-01  3.815876e-02  3.189600e-03
2  4.202047e-01  8.567251e-01  3.464616e+00  1.692573e+00  1.708150e-01  1.594900e+01 6 1 -1.000000e+00
-1.689884e-01 -5.862203e-01 -4.448915e-01  3.707753e+02  5.000000e-01  9.469592e-01  1.338819e+00 -6.768420e-01  7.357752e-02
 2.368406e+00  1.772847e+00  2.604522e+00  0.000000e+00  0.000000e+00  3.336917e-01  1.403905e-01 -2.007729e-01  8.151673e-04
3 -2.556919e-02  2.160955e-02  1.746328e-01  6.380142e-02  4.209513e-01  1.546240e+01 6 1 -1.000000e+00
 1.337419e-02 -4.101201e-02 -8.063191e-01  1.887022e+00  5.000000e-01  1.127905e+00  9.740731e-01  5.547477e-01  7.380668e-01
-1.373568e-01  4.717408e-02  1.915469e+00  0.000000e+00  0.000000e+00  2.748636e-01  2.112327e-02  5.754402e-02  2.744465e-02
 2.263544e-03 -3.286615e-03  2.874197e-02  2.002485e+00  1.000000e+00  7.395708e+00  1.926487e+00  1.549648e+00  6.780227e+00
3  1.606055e-01  2.789829e-02  9.166729e-01  4.693402e-01  2.451918e-01  6.166630e+00 6 3 -1.000000e+00
-3.461275e-01 -1.912618e-02 -1.031224e+00  3.074191e+01  5.000000e-01  4.613219e-01 -1.109744e+00 -1.684130e-01  7.474873e-02
 5.434709e-01  2.020159e-01  4.205784e+00  0.000000e+00  0.000000e+00  2.797892e-01 -4.089984e-01 -3.371294e-01  1.507527e-02
-3.769303e-04 -2.367494e-05  7.521544e-06  6.355515e+01  1.000000e+00  3.694014e+02 -4.294951e+01  3.038970e+01  3.674073e+02
1 -1.042542e-02 -3.261102e-02  0.000000e+00  2.271295e-02  0.000000e+00  1.084020e+01 0 2  2.812915e-01
 1.610558e-02 -5.591267e-02  4.028626e+00  0.000000e+00  0.000000e+00  4.917395e-01  1.003256e-01  6.317545e-03  7.218260e-04
3  3.994383e-01 -2.939885e-01  1.597973e+00  7.766212e-01  2.394714e-01  1.671440e+01 6 1 -1.000000e+00
 8.938939e-01 -8.184009e-01  2.794675e+00  0.000000e+00  0.000000e+00  2.750777e-01 -1.106841e-01  3.942562e-01  3.760532e-02
-3.141239e-01  2.276444e-01 -6.692446e-01  6.053124e+01  5.000000e-01  9.226767e-01 -4.122489e-01  1.153365e+00  5.039454e-01
-2.474576e-02  1.845773e-02  9.111616e-03  6.497624e+01  1.000000e+00  1.188791e+01 -8.000814e-01  2.855936e+00  1.103022e+01
3  4.082569e-02 -2.897773e-03  4.745037e-01  2.281794e-01  5.729980e-01  3.124430e+00 6 3 -1.000000e+00
 2.865938e-01  4.754043e-03  3.255665e+00  0.000000e+00  0.000000e+00  3.310524e-01 -3.707695e-01 -5.351570e-02  1.887717e-01
-1.777194e-01  1.025649e-01 -5.681809e+00  2.322097e+00  5.000000e-01  5.740356e-01 -2.669195e-01  5.349766e-01  4.137166e-01
-3.726334e-03  5.907256e-04  1.198317e-02  3.876848e+00  1.000000e+00  1.031206e+01 -1.393686e+00  1.149696e+00  9.958925e+00
3  1.206424e+00  2.358940e-01  1.447422e+00  8.329056e-01  1.418548e-01  8.255490e+00 6 3  2.850653e-01
 8.049935e-01  8.829146e-01  3.167473e+00  0.000000e+00  0.000000e+00  3.356188e-01  3.507835e-02 -3.527929e-01  1.255995e-02
-1.916416e-01 -1.667275e-01 -4.493213e-01  7.203695e+01  5.000000e-01  1.503579e+00 -8.735443e-02 -1.572113e+00  5.760934e-01
-2.633723e-02 -2.098337e-02  1.186016e-02  7.380688e+01  1.000000e+00  1.148084e+01 -1.597517e+00 -4.793748e+00  9.602029e+00
2 -3.194967e-01  5.121721e-01  1.323124e+00  6.095805e-01  8.428318e-01  8.512430e+00 6 3  2.713037e-01
 3.230557e-01 -7.620197e-01  3.089881e+00  0.000000e+00  0.000000e+00  3.192823e-01  2.515916e-01  2.764801e-01  3.507843e-03
-1.518197e-01  4.729497e-01 -3.666071e+00  8.772992e+01  5.000000e-01  4.909995e-01  5.719546e-01  4.524611e-01  1.693420e-02
1  5.850707e-01  8.348775e-02  0.000000e+00  9.088679e-01  0.000000e+00  7.190450e+00 0 2 -1.000000e+00
 1.508466e+00 -4.712376e-01  3.650748e+00  0.000000e+00  0.000000e+00  4.300097e-01 -2.257080e-01 -5.325248e-03  3.550883e-02
5 -1.198531e+00  1.216353e+00  1.709070e+00  6.991835e-01  1.000000e+00  5.369740e+00 6 3  2.982894e-01
 3.453557e-01 -4.928349e-01 -2.154957e+00  1.711034e+01  5.000000e-01  6.371288e-01  2.511938e-01  7.298107e-01  1.051630e-01
-8.323188e-01 -3.949352e-01  3.362322e+00  0.000000e+00  0.000000e+00  4.325017e-01 -9.935404e-02 -1.215301e-01  1.278072e-02
 6.382690e-01  4.758636e-01  4.694340e+00  8.298106e+00  0.000000e+00  4.656874e-01 -1.050023e-01 -2.478748e-01  2.081697e-02
-2.311865e-01  6.041466e-01 -2.453824e+00  1.489789e+01  5.000000e-01  6.707039e-01  4.724578e-01  5.410606e-01  1.051263e-01
 3.404661e-04  4.038353e-05  1.371385e-04  4.266559e+01  1.000000e+00  8.702267e+01  7.634678e+00  7.050553e+00  8.440565e+01
3  4.355347e-02  4.607103e-01  1.386919e+00  7.477655e-01  2.704249e-01  9.922270e+00 6 1 -1.000000e+00
 6.195461e-03 -2.855059e-01 -4.545400e-01  8.983175e+01  5.000000e-01  6.569477e-01  1.513924e+00  1.604545e-01  1.362935e-01
 2.634061e-01  1.077354e+00  1.680836e+00  0.000000e+00  0.000000e+00  2.092090e-01  1.689073e-01 -4.334402e-02  3.187958e-03
-2.811887e-04 -2.401521e-03  6.765689e-05  1.053692e+02  1.000000e+00  1.226119e+02 -2.151783e+00 -2.087445e+00  1.208551e+02
3  3.288282e-01 -1.695950e-01  9.621448e-01  4.248952e-01  1.362541e-01  1.134260e+01 6 1 -1.000000e+00
 6.767439e-01 -2.620421e-01  2.001461e+00  0.000000e+00  0.000000e+00  2.019867e-01 -2.342676e-01  2.868950e-01  9.891686e-03
-2.094341e-01  1.126727e-01 -2.727071e-01  5.337507e+01  5.000000e-01  5.173719e-01 -1.022355e+00  1.689573e+00  2.072098e-01
-1.329353e-03  6.078436e-04  3.031824e-05  6.905536e+01  1.000000e+00  1.830499e+02 -1.237926e+01  2.340898e+00  1.821922e+02
3 -3.734165e-01  3.236986e-01  1.293541e+00  6.560512e-01  1.010475e-01  6.217780e+00 6 1 -1.000000e+00
-9.011200e-01  5.155669e-01  2.463800e+00  0.000000e+00  0.000000e+00  2.805433e-01 -7.273419e-02  3.262676e-01  7.685248e-03
 1.963228e-01 -1.691728e-01 -2.489609e-01  1.408401e+02  5.000000e-01  8.619520e-01 -1.147666e-01  2.005637e+00  2.945386e-01
 3.053476e-03 -2.114748e-03  1.038599e-04  1.615574e+02  1.000000e+00  1.011936e+02 -1.428651e+01  1.436280e+01  9.964806e+01
1 -3.486415e-01 -2.992456e-01  0.000000e+00  1.914701e-01  0.000000e+00  1.134240e+01 0 2  2.728613e-01
-3.849797e-01 -1.321610e-01  3.001302e+00  0.000000e+00  0.000000e+00  3.125317e-01 -2.171109e-01 -3.037874e-01  1.536882e-03
3  5.576622e-01 -5.921058e-01  1.687549e+00  8.001991e-01  5.051749e-01  9.312250e+00 6 1  2.869239e-01
 1.143375e-01 -1.295536e+00  1.612505e+00  0.000000e+00  0.000000e+00  1.921873e-01  1.757810e-01 -3.884755e-02  4.987849e-03
 1.212623e-01  3.919987e-01 -8.145969e-01  7.919954e+01  5.000000e-01  7.429862e-01  8.602750e-01 -7.440323e-01  1.250733e-01
 6.198843e-04  4.356157e-03  1.643567e-04  9.322844e+01  1.000000e+00  8.033273e+01  1.325965e+01 -5.790908e+00  7.680545e+01
3  1.780288e-01 -1.750268e-01  9.754169e-01  4.509558e-01  6.570449e-01  3.246570e+00 6 1 -1.000000e+00
 5.946231e-01 -4.380254e-01  1.748064e+00  0.000000e+00  0.000000e+00  2.286834e-01  7.263687e-03  1.510465e-01  2.200775e-02
-1.605962e-01  1.792930e-01 -1.148557e+00  3.945581e+01  5.000000e-01  7.032422e-01  2.767473e-01  9.392200e-01  3.094927e-01
-7.796289e-03  6.277433e-03  3.255521e-03  4.414941e+01  1.000000e+00  1.909258e+01 -2.096126e+00  3.972054e+00  1.814094e+01
3 -9.833924e-02 -1.351873e-01  9.350269e-01  4.752800e-01  2.298845e-01  9.692400e+00 6 3 -1.000000e+00
-4.328139e-02 -6.996563e-01  3.013298e+00  0.000000e+00  0.000000e+00  3.883295e-01  1.920571e-01 -7.343432e-02  5.637073e-03
 2.116247e-01  1.999537e-01 -6.927106e-01  7.229769e+01  5.000000e-01  8.201850e-01 -1.671963e-01 -1.203322e+00  1.012104e-01
 3.091557e-04  3.872092e-04  9.342179e-06  1.129256e+02  1.000000e+00  3.398686e+02  8.586609e+00 -8.784528e+01  3.372742e+02
3 -2.275085e-01 -3.469641e-01  1.392844e+00  6.443392e-01  2.801483e-01  6.504830e+00 6 1 -1.000000e+00
-4.786635e-01 -8.605789e-01  1.838511e+00  0.000000e+00  0.000000e+00  1.828793e-01  1.599279e-01 -3.133543e-01  1.241441e-02
 2.359327e-01  3.349827e-01 -5.150557e-01  4.737892e+01  5.000000e-01  4.228510e-01  4.609954e-01 -1.436009e+00  1.419561e-01
 5.177475e-04  8.363663e-04  7.936353e-06  7.202547e+01  1.000000e+00  3.596731e+02  2.964740e+01 -4.201124e+01  3.585606e+02
3  9.450325e-01 -5.306320e-01  6.965407e-01  3.792353e-01  2.248905e-01  1.323680e+01 6 1  2.894820e-01
-1.894272e-01 -5.070738e-01  2.569614e+00  0.000000e+00  0.000000e+00  3.268132e-01  2.489978e-01 -4.491179e-02  9.854019e-03
-1.089985e-01  1.848079e-01 -5.778819e-01  1.844604e+01  5.000000e-01  8.584126e-01  6.359542e-01  1.160201e+00  2.212394e-01
-1.049501e-03  2.029663e-03  3.277866e-04  2.399616e+01  1.000000e+00  5.888814e+01  4.608521e+00  1.670426e+01  5.649492e+01
3  2.140843e-01 -1.594305e-01  7.058981e-01  3.715202e-01  1.771948e-01  7.190420e+00 6 1 -1.000000e+00
 4.694324e-01 -3.349711e-01  2.069380e+00  0.000000e+00  0.000000e+00  2.534571e-01 -4.213721e-02  2.689132e-01  1.728182e-02
-1.142097e-01  6.208569e-02 -3.666835e-01  1.090467e+02  5.000000e-01  1.117045e+00 -7.066309e-01  1.497171e+00  6.832203e-01
-1.110249e-02  5.427470e-03  5.475173e-03  1.136504e+02  1.000000e+00  1.546565e+01 -4.249229e+00  2.925163e+00  1.471340e+01
3  4.710456e-01  7.064212e-02  1.520181e+00  8.207117e-01  1.081109e-01  1.546120e+01 6 1 -1.000000e+00
 9.566236e-01  7.370822e-01  2.365353e+00  0.000000e+00  0.000000e+00  2.923524e-01 -2.065782e-01 -1.879379e-01  8.205273e-03
-3.622902e-01 -1.883874e-02 -2.557204e-01  1.794106e+02  5.000000e-01  8.095076e-01 -1.986477e+00  2.682629e-02  2.185535e-01
-1.179356e-03 -2.677734e-04  6.594945e-06  2.396312e+02  1.000000e+00  4.126526e+02 -1.104006e+02 -7.508874e+01  4.107727e+02
3  4.188057e-01 -7.961911e-01  1.351189e+00  6.018969e-01  9.649792e-01  1.207420e+01 6 1  2.895025e-01
-4.224294e-01 -9.584892e-01  2.138514e+00  0.000000e+00  0.000000e+00  3.029070e-01  9.776273e-02 -9.362969e-02  9.474919e-03
 1.025928e-01  2.865259e-01 -2.216124e+00  3.180189e+01  5.000000e-01  9.710794e-01  5.455030e-01 -3.930664e-01  1.890001e-01
 1.240394e-02  3.039906e-02  3.496454e-02  3.310935e+01  1.000000e+00  6.738639e+00  1.475708e+00 -1.467603e+00  4.696046e+00
5 -2.351937e-02 -6.953066e-02  2.050110e+00  8.391346e-01  1.000000e+00  1.099750e+01 6 3 -1.000000e+00
 1.734789e-01 -1.090243e+00  2.434272e+00  0.000000e+00  0.000000e+00  3.421245e-01  1.483193e-01 -1.053136e-03  2.210117e-02
-7.088667e-01  7.235786e-03 -1.695498e+00  1.751870e+01  5.000000e-01  4.497846e-01 -9.390297e-01 -1.037180e-01  1.027695e-01
 6.053753e-01  2.490118e-01 -1.264528e+00  2.177144e+01  5.000000e-01  4.737478e-01 -7.715918e-01 -6.873110e-01  1.172171e-01
-3.026848e-01  9.038026e-01  3.081689e+00  1.095894e+01  0.000000e+00  3.842707e-01  1.639906e-01  1.665300e-01  3.402965e-02
 1.716627e-04  4.540520e-04  6.035983e-05  5.465104e+01  1.000000e+00  1.299579e+02  2.158248e+00 -7.626657e+00  1.280975e+02
3 -1.635921e-01  4.295509e-01  1.102589e+00  4.967680e-01  2.453556e-01  3.756820e+00 6 1  2.901597e-01
-6.188634e-01 -5.051344e-01  2.414660e+00  0.000000e+00  0.000000e+00  2.405333e-01 -4.576665e-02 -4.006970e-01  1.802999e-02
 1.947504e-01  2.389993e-01 -5.924503e-01  3.936049e+01  5.000000e-01  7.197068e-01  2.154247e-01 -1.311511e+00  2.511950e-01
 2.824347e-03  3.611695e-03  3.100203e-04  4.840565e+01  1.000000e+00  6.008767e+01  8.309150e+00 -1.402553e+01  5.816240e+01
1  5.975847e-01 -9.069135e-01  0.000000e+00  1.453507e+00  0.000000e+00  1.284890e+01 0 2 -1.000000e+00
-7.075461e-01 -3.002833e+00  3.671581e+00  0.000000e+00  0.000000e+00  4.311233e-01  1.512988e-01  1.684254e-01  2.827534e-03
3  6.151127e-02  2.378835e-02  2.969981e-01  1.658370e-01  4.466530e-01  4.298800e+00 6 3 -1.000000e+00
-7.445763e-02 -1.702717e-02 -1.409828e+00  4.146901e+00  5.000000e-01  1.102518e+00 -7.423558e-01 -4.107602e-01  6.909331e-01
 2.041235e-01  8.593114e-02  3.156429e+00  0.000000e+00  0.000000e+00  3.633914e-01 -1.726264e-01 -2.421919e-01  8.494461e-02
-1.261025e-02 -3.110180e-03  8.168078e-02  4.310743e+00  1.000000e+00  4.926794e+00 -1.684400e+00 -5.828584e-01  4.294265e+00
3  5.184717e-02  1.566879e-01  5.909659e-01  2.500573e-01  2.923254e-01  1.631450e+01 6 1  2.722960e-01
-3.602221e-01 -4.257512e-01  1.949816e+00  0.000000e+00  0.000000e+00  2.769245e-01 -7.152402e-02 -6.966855e-02  9.152699e-04
 2.951963e-02  1.848094e-02 -5.699808e-01  3.631465e+01  5.000000e-01  2.687063e+00 -1.063018e+00 -1.862960e+00  9.378053e-01
 1.549151e-02  1.009584e-02  1.645334e-01  3.632392e+01  1.000000e+00  4.882270e+00 -1.348814e+00 -2.678605e+00  2.721092e+00
3 -3.062826e-01  4.811261e-01  1.941210e+00  8.628839e-01  5.865744e-01  5.736220e+00 6 1 -1.000000e+00
 2.185732e-01 -3.770878e-01 -9.198919e-01  7.941837e+01  5.000000e-01  6.618337e-01  6.182189e-01  9.051221e-01  3.824774e-01
-9.284248e-01  1.189019e+00  1.568244e+00  0.000000e+00  0.000000e+00  1.945050e-01  7.810601e-02  7.117425e-02  1.853028e-02
 1.161086e-02 -1.728499e-02  3.285229e-03  8.710387e+01  1.000000e+00  1.870534e+01  8.375568e-01  2.895628e+00  1.815560e+01
3 -1.221763e-01 -5.117107e-01  2.419995e+00  1.190120e+00  5.199799e-01  1.546100e+01 6 1 -1.000000e+00
 1.654823e-01 -1.922945e+00  1.921086e+00  0.000000e+00  0.000000e+00  2.656043e-01  8.818968e-02 -1.049804e-01  3.612012e-03
 3.086303e-01  4.928133e-01 -9.989264e-01  1.722882e+02  5.000000e-01  7.441445e-01  2.896214e-01 -9.912902e-01  1.198305e-01
 1.692640e-03  5.345805e-03  2.104297e-04  2.045403e+02  1.000000e+00  7.076335e+01  5.664438e+00 -9.091729e+00  6.837462e+01
1 -3.613892e+00  7.003945e-01  0.000000e+00  1.580863e+00  0.000000e+00  1.410480e+01 0 2  2.715284e-01
-2.624461e+00 -1.846616e+00  3.031004e+00  0.000000e+00  0.000000e+00  3.491519e-01 -2.211589e-01 -2.115854e-01  1.204285e-03
3  2.521386e-01 -3.617029e-01  1.666286e+00  6.753427e-01  2.412262e-01  8.529420e+00 6 1 -1.000000e+00
 1.097833e+00 -7.328760e-01  2.141774e+00  0.000000e+00  0.000000e+00  2.851536e-01 -3.442349e-03  2.099782e-01  2.808734e-02
-1.514206e-01  3.697907e-01 -5.166520e-01  4.426259e+01  5.000000e-01  1.188547e+00  1.043953e+00  9.387493e-01  7.205657e-01
-1.420259e-02  2.792557e-02  7.651457e-03  4.746308e+01  1.000000e+00  1.385040e+01  4.196428e+00  4.102269e+00  1.293027e+01
3  7.434997e-01 -1.956095e-03  2.036132e+00  8.916542e-01  1.197958e-01  7.737220e+00 6 1  2.876387e-01
 3.652262e-01 -1.636428e+00  2.272601e+00  0.000000e+00  0.000000e+00  2.833828e-01  2.344868e-01  1.361316e-01  6.341617e-03
-4.173026e-02  3.586204e-01 -2.722480e-01  1.149405e+02  5.000000e-01  1.304837e+00  1.877981e+00  4.891164e-01  3.886857e-01
-1.280520e-03  1.162013e-02  4.648098e-04  1.234242e+02  1.000000e+00  5.003098e+01  1.584305e+01  1.271868e+00  4.724933e+01
1  3.189645e-02 -2.300965e+00  0.000000e+00  1.539406e+00  0.000000e+00  1.099770e+01 0 2 -1.000000e+00
 1.232104e-01 -3.844954e+00  6.530478e+00  0.000000e+00  0.000000e+00  4.462150e-01  3.918487e-01  2.074837e-03  3.939809e-03
3 -2.039377e-02  1.743369e-01  1.059454e+00  5.032510e-01  8.147418e-01  1.594720e+01 6 1 -1.000000e+00
 1.451814e-01 -3.213347e-01 -1.754497e+00  3.136403e+01  5.000000e-01  4.643670e-01  4.619191e-01  8.021829e-01  6.039805e-02
 9.706694e-02  7.370263e-01  2.153440e+00  0.000000e+00  0.000000e+00  2.968513e-01  1.684836e-01  4.071923e-02  9.719474e-03
-4.013644e-06 -7.084171e-04  2.703185e-05  5.279773e+01  1.000000e+00  1.948946e+02  1.075466e+01 -2.204661e+01  1.932262e+02
3  7.054181e-02  9.243725e-02  5.194092e-01  2.172438e-01  6.295195e-01  7.190460e+00 6 1 -1.000000e+00
-7.662857e-02 -8.246293e-02 -1.282040e+00  1.231909e+01  5.000000e-01  1.149883e+00  1.288585e-01 -8.864915e-01  6.776943e-01
 2.700434e-01  3.043245e-01  2.036538e+00  0.000000e+00  0.000000e+00  2.931024e-01  7.091446e-02 -6.038136e-02  4.227273e-02
-1.128487e-02 -1.200889e-02  3.438897e-02  1.273679e+01  1.000000e+00  7.493860e+00 -3.955559e-02 -3.617950e+00  6.671231e+00
1  3.097646e-01 -5.813944e-01  0.000000e+00  1.354712e-01  0.000000e+00  1.643540e+01 0 2  2.958215e-01
 1.662238e-01 -4.436417e-01  3.659698e+00  0.000000e+00  0.000000e+00  3.749790e-01  2.955243e-01  1.734073e-01  1.436943e-02
2 -8.991776e-01 -1.818774e+00  3.530825e-02  9.998370e-01  1.208725e-01  5.735720e+00 6 1  2.905589e-01
-1.580565e-03  1.858138e-02  9.975939e-04  5.819964e+02  1.000000e+00  4.202647e+01  2.580898e+01  3.828317e+00  3.902743e+01
-3.473129e-03  5.383887e-02 -8.253272e-03  5.817521e+02  5.000000e-01  1.019680e+01  1.429688e+01  1.159480e+00  7.984157e+00
2  6.869119e-01  1.203089e+00  2.628856e+00  1.086601e+00  3.144863e-03  1.643490e+01 6 2 -1.000000e+00
 1.945427e+00  1.557534e+00  4.542584e+00  0.000000e+00  0.000000e+00  4.153200e-01  1.090960e-01 -3.313755e-01  4.136919e-04
-7.152414e-02 -1.285254e-01 -1.428581e-02  1.161620e+03  5.000000e-01  2.858502e+00  4.413906e+00 -7.346497e+00  1.380592e+00
3 -6.765534e-01 -2.681281e-01  2.535127e+00  1.209952e+00  2.515819e-01  7.675220e+00 6 1 -1.000000e+00
-1.626855e+00 -9.003250e-01  2.116534e+00  0.000000e+00  0.000000e+00  2.610643e-01 -1.809278e-01 -2.020408e-01  9.050896e-03
 6.628088e-01  1.879351e-01 -5.324816e-01  8.713908e+01  5.000000e-01  5.527628e-01 -1.223183e+00 -7.627874e-01  1.630973e-01
 2.530383e-03  7.107587e-04  1.856794e-05  1.209759e+02  1.000000e+00  2.376070e+02 -4.584485e+01 -4.985152e+00  2.364064e+02
3 -4.649411e-01 -1.146819e-03  2.882067e+00  1.814129e+00  1.267654e-01  7.576520e+00 6 3 -1.000000e+00
-2.038903e+00 -2.838871e-01  1.132250e+01  0.000000e+00  0.000000e+00  5.420023e-01 -3.235308e-01 -1.294993e-01  3.587070e-03
 8.355481e-01 -7.450271e-02 -1.435302e+00  2.592096e+02  5.000000e-01  1.078455e+00 -8.334876e-01  9.039516e-02  6.636985e-02
 7.059649e-03 -1.468502e-03  2.522593e-04  3.179280e+02  1.000000e+00  7.108520e+01 -2.414599e+01  1.909796e+01  6.727548e+01
1 -4.321549e+00  1.240800e+00  0.000000e+00  6.292139e+00  0.000000e+00  1.339790e+01 0 2 -1.000000e+00
-1.025936e+01  2.849706e+00  4.502613e+00  0.000000e+00  0.000000e+00  4.240239e-01 -2.981533e-01  1.440826e-01  2.675719e-05
3  1.935134e-01 -6.282484e-02  4.718097e-01  1.715772e-01  1.358513e-01  7.284900e+00 6 1 -1.000000e+00
 3.948526e-01 -8.124962e-02  1.591035e+00  0.000000e+00  0.000000e+00  1.912446e-01 -1.115285e-01  1.145639e-01  1.217502e-02
-6.719091e-03  3.056660e-03  3.596383e-03  2.173346e+01  1.000000e+00  1.879692e+01 -3.141796e+00  5.366782e+00  1.827664e+01
-6.399694e-02  2.857513e-02 -2.161441e-01  2.109796e+01  5.000000e-01  1.281325e+00 -1.525665e+00  1.542087e+00  9.571987e-01
2 -4.222985e-01 -1.182164e-01  1.330917e+00  5.181504e-01  1.535375e-01  1.246130e+01 6 1 -1.000000e+00
-9.461735e-01 -3.822562e-01  2.260937e+00  0.000000e+00  0.000000e+00  2.852640e-01 -2.309129e-01 -1.234197e-01  2.880024e-03
 2.997712e-01  8.567798e-02 -3.471386e-01  1.831653e+02  5.000000e-01  5.739970e-01 -1.538650e+00 -8.335041e-01  8.289439e-02
3  3.707466e-01  3.473308e-01  1.173963e+00  5.478580e-01  1.009387e-01  1.643680e+01 6 1 -1.000000e+00
 8.088426e-01  6.078961e-01  1.871694e+00  0.000000e+00  0.000000e+00  2.323541e-01 -1.566876e-02 -2.340071e-01  1.822033e-02
-1.205147e-01 -1.093786e-01 -1.889264e-01  4.095828e+01  5.000000e-01  1.823936e+00 -9.113642e-02 -2.442055e+00  1.293862e+00
-1.969515e-02 -1.686772e-02  6.735936e-03  4.166682e+01  1.000000e+00  1.494928e+01 -1.231480e+00 -6.678948e+00  1.408200e+01
3 -2.567635e+00  6.267852e-01  1.912719e+00  1.069724e+00  6.944629e-02  1.284870e+01 6 2  3.020860e-01
 1.488323e+00  1.472337e-01  4.206976e+00  0.000000e+00  0.000000e+00  3.245118e-01 -4.243013e-01 -1.963475e-01  4.636279e-03
-4.023406e-01 -1.423910e-01 -2.921589e-01  1.402116e+02  5.000000e-01  1.389624e+00 -1.397599e+00 -1.273311e+00  1.324560e-01
-4.573328e-03 -1.283168e-03  6.722093e-05  1.587534e+02  1.000000e+00  1.328051e+02 -4.599024e+01 -1.952350e+01  1.226832e+02
1  7.430342e+00 -3.361381e+00  0.000000e+00  1.771756e+00  0.000000e+00  5.142870e+00 0 2  2.734545e-01
 2.616654e+00 -3.063777e+00  8.778583e+00  0.000000e+00  0.000000e+00  4.319901e-01 -2.018265e-01  4.098630e-01  2.312043e-04
3  8.849591e-02 -6.447085e-01  1.162140e+00  5.675686e-01  1.981609e-01  9.430240e+00 6 1  2.763666e-01
 8.141117e-01  5.395003e-01  2.073421e+00  0.000000e+00  0.000000e+00  2.539853e-01  1.053168e-01 -2.513001e-01  1.842526e-03
-4.370364e-03 -2.855184e-01 -4.108709e-01  1.118564e+02  5.000000e-01  1.234275e+00  1.577006e+00  4.230580e-02  1.350310e-01
-3.740461e-04 -2.786320e-03  1.013875e-04  1.292522e+02  1.000000e+00  1.092578e+02  4.225533e+01 -8.431430e+00  1.028206e+02
5  5.442300e-01  1.041211e+00  2.401775e+00  8.984901e-01  1.000000e+00  1.213080e+01 6 3  2.803603e-01
 9.008231e-01 -8.405460e-01  4.538025e+00  0.000000e+00  0.000000e+00  4.767677e-01 -6.813437e-02  2.208384e-01  1.554499e-02
-6.555585e-01 -4.699335e-01 -2.699056e+00  1.934579e+01  5.000000e-01  5.756106e-01 -2.406060e-01 -7.019366e-01  2.975229e-02
 6.653365e-01  6.160154e-01 -4.339633e+00  1.052475e+01  5.000000e-01  5.258574e-01 -9.163682e-02 -6.684670e-01  2.395594e-02
-5.766891e-01  1.052991e+00  4.780985e+00  2.791839e+00  0.000000e+00  4.792904e-01  1.813198e-01  1.705865e-01  2.507530e-02
-2.926454e-04 -1.835858e-04  6.175567e-05  5.888667e+01  1.000000e+00  1.295783e+02  1.840831e+01 -8.127505e-01  1.257065e+02
3 -3.785339e-01 -1.126018e-01  1.055266e+00  5.147560e-01  1.673624e-01  1.515920e+01 6 1 -1.000000e+00
-7.602941e-01 -1.720528e-01  1.613836e+00  0.000000e+00  0.000000e+00  1.473337e-01 -2.724027e-01 -1.821951e-01  1.483933e-02
 2.658018e-01  7.434904e-02 -2.700955e-01  4.316556e+01  5.000000e-01  4.528861e-01 -1.643436e+00 -1.140547e+00  2.550408e-01
 1.081573e-03  2.228297e-04  1.019978e-05  5.984331e+01  1.000000e+00  3.223439e+02 -7.180927e+01 -7.999179e+00  3.217877e+02
3  1.529211e+00  1.729221e+00  3.669652e+00  1.606619e+00  1.552669e-01  1.099920e+01 6 1  2.729695e-01
 3.523998e+00 -3.995647e-01  1.885030e+00  0.000000e+00  0.000000e+00  2.528329e-01 -1.032843e-01  1.307494e-01  2.884121e-04
-7.920565e-02  1.778988e-02  1.206729e-01  1.083525e+03  1.000000e+00  6.646334e+00 -4.444796e+00  1.959084e+00  3.625524e+00
-1.208358e-01  2.649894e-02 -2.926827e-01  1.083485e+03  5.000000e-01  4.347249e+00 -3.506540e+00  1.524768e+00  1.720503e+00
3  8.232286e-01  2.120629e-01  2.849670e+00  1.164700e+00  4.354677e-01  9.430350e+00 6 1 -1.000000e+00
 2.390372e+00  6.203874e-01  2.664355e+00  0.000000e+00  0.000000e+00  3.509600e-01 -2.006844e-01 -7.518909e-02  1.168019e-02
-3.444277e-01 -1.805451e-01 -1.160241e+00  1.578458e+02  5.000000e-01  1.730852e+00 -7.985214e-01 -8.708605e-01  8.752117e-01
-1.626536e-01 -9.061288e-02  3.050004e-01  1.580978e+02  1.000000e+00  3.517871e+00 -8.702021e-01 -1.517808e+00  2.441912e+00
3 -4.485961e-01 -4.718014e-01  2.644496e+00  8.165055e-01  1.598923e-01  1.747310e+01 6 1 -1.000000e+00
-1.930414e+00 -1.221294e+00  2.292771e+00  0.000000e+00  0.000000e+00  3.247133e-01  1.228461e-01  6.904708e-02  2.652492e-03
 2.305192e-01  3.030832e-01 -3.665964e-01  3.363693e+02  5.000000e-01  1.036951e+00  6.239751e-01 -1.529646e+00  4.185496e-01
 4.420420e-03  5.016116e-03  1.307163e-04  3.671188e+02  1.000000e+00  9.588196e+01  6.689071e+00 -3.616200e+01  9.453672e+01
1  3.183065e-02  1.055554e-02  0.000000e+00  3.305309e-02  0.000000e+00  3.288630e+00 0 2 -1.000000e+00
 9.238167e-02  8.066626e-04  3.720047e+00  0.000000e+00  0.000000e+00  4.597386e-01 -1.390117e-01 -6.119047e-02  9.112920e-02
3  6.914244e-01  1.399438e-01  1.960551e+00  7.102100e-01  1.655249e-01  1.367070e+01 6 1 -1.000000e+00
-2.537252e-01 -1.398894e-02 -3.337760e-01  2.563189e+02  5.000000e-01  1.275753e+00 -1.732196e+00 -2.675024e-01  5.971850e-01
 1.673954e+00  3.435213e-01  2.016470e+00  0.000000e+00  0.000000e+00  2.773391e-01 -1.050783e-01 -1.236170e-01  4.370456e-03
-2.578399e-02 -1.825405e-03  4.620004e-03  2.621117e+02  1.000000e+00  1.645180e+01 -4.679420e+00  6.412133e-01  1.528053e+01
5  4.471322e+00 -1.850538e+00  5.398852e+01  1.472884e+01  1.000000e+00  1.207390e+01 6 3 -1.000000e+00
-5.172741e+00 -1.320848e+01 -2.142232e+00  9.923339e+03  5.000000e-01  9.669955e-01  6.134388e-01 -3.026302e-01  6.891166e-03
-2.061890e+01 -4.867555e+00  3.484414e+00  8.833865e+03  0.000000e+00  4.549006e-01 -5.098554e-02 -8.684207e-02  6.242250e-04
 3.326524e+01 -1.511955e+00  1.867907e+00  0.000000e+00  0.000000e+00  2.652226e-01 -4.963732e-02  4.555682e-02  1.528888e-04
-3.027199e+00  7.163858e+00 -1.673493e+00  1.139612e+04  5.000000e-01  1.413963e+00  7.585158e-01  4.399673e-01  2.269510e-02
-7.936538e-01  6.527524e-01  1.807689e-01  1.159762e+04  1.000000e+00  3.654688e+00  5.338911e-01  1.109235e+00  7.712012e-01
1  7.224077e-01 -2.936732e-01  0.000000e+00  2.745208e-01  0.000000e+00  9.193070e+00 0 2  3.023099e-01
-3.640879e-01 -2.711192e-01  4.458409e+00  0.000000e+00  0.000000e+00  4.674733e-01 -8.771439e-02 -2.271467e-01  6.390104e-02
1 -9.032664e-01 -3.854846e-02  0.000000e+00  5.425725e-01  0.000000e+00  9.384990e+00 0 2  3.116748e-01
 9.179029e-01  1.076917e+00  3.545931e+00  0.000000e+00  0.000000e+00  3.623058e-01 -8.621076e-02 -3.423569e-01  9.864088e-03
3  4.962988e-02 -4.057641e-03  2.982595e-01  1.305001e-01  7.893674e-01  1.275120e+01 6 3 -1.000000e+00
-7.492303e-02  1.330129e-02 -4.162537e+00  1.785419e+00  5.000000e-01  9.510180e-01 -4.288696e-01  2.422978e-01  2.873985e-01
 2.231736e-01  3.445494e-03  3.285771e+00  0.000000e+00  0.000000e+00  4.207430e-01 -1.764695e-01 -7.390714e-03  3.586272e-02
-1.332103e-02  5.267785e-04  2.124712e-01  1.850771e+00  1.000000e+00  3.290113e+00 -7.309750e-01  6.141958e-02  2.197559e+00
3  1.166208e-01 -9.571429e-02  5.222674e-01  2.525346e-01  2.243882e-01  1.594820e+01 6 1 -1.000000e+00
 1.578272e-01 -3.813456e-01  1.523537e+00  0.000000e+00  0.000000e+00  1.657000e-01 -6.521604e-02  1.882451e-01  1.976522e-02
-1.259730e-01  5.708419e-02 -3.418638e-01  1.147363e+01  5.000000e-01  6.053206e-01 -1.260322e+00  1.221680e+00  4.082227e-01
-1.641500e-03  1.151902e-03  2.847011e-04  1.430656e+01  1.000000e+00  6.148272e+01 -7.330543e+00  9.589979e+00  6.103384e+01
3  9.117386e-02 -1.558533e-02  4.606740e-01  1.796501e-01  6.099115e-01  7.477710e+00 6 1 -1.000000e+00
 3.352014e-01 -6.338974e-02  1.789612e+00  0.000000e+00  0.000000e+00  2.511166e-01 -2.664271e-02  3.655216e-02  2.550765e-02
-1.219976e-01 -6.912701e-03 -2.934215e+00  1.822231e+01  5.000000e-01  6.783124e-01 -6.496631e-01 -1.490887e-01  3.143259e-01
-5.475879e-03  5.643486e-04  6.614007e-03  2.050670e+01  1.000000e+00  1.379599e+01 -3.539917e+00  1.097861e-01  1.303170e+01
1  6.084868e-01  9.091453e+00  0.000000e+00  6.185291e+00  0.000000e+00  5.736220e+00 0 2  2.768290e-01
-3.777741e+00  7.754599e+00  1.208714e+01  0.000000e+00  0.000000e+00  4.610668e-01  2.636656e-01  3.717484e-01  1.086504e-04
3  4.109545e-01 -6.640940e-01  2.194385e+00  9.113109e-01  1.390358e-01  1.099710e+01 6 1 -1.000000e+00
 8.841339e-01 -1.561943e+00  2.148283e+00  0.000000e+00  0.000000e+00  2.715254e-01  7.518357e-02  2.439972e-01  7.178062e-03
-1.896940e-01  3.517500e-01 -2.986882e-01  1.381752e+02  5.000000e-01  1.120131e+00  9.486133e-01  1.569247e+00  3.884224e-01
-5.267198e-03  1.000424e-02  3.753220e-04  1.500544e+02  1.000000e+00  5.507715e+01  1.105103e+01  1.174027e+01  5.301810e+01
3  1.362055e-02 -4.999656e-03  2.287624e-01  1.233051e-01  7.942435e-01  9.430920e+00 6 3 -1.000000e+00
 1.226348e-01 -6.531519e-02  4.331595e+00  0.000000e+00  0.000000e+00  3.854887e-01 -1.769327e-01  3.397898e-01  1.185208e-01
-1.038812e-01 -3.333421e-02 -5.453737e+00  3.996710e-01  5.000000e-01  6.016237e-01 -4.700053e-01 -3.480793e-01  3.025250e-01
-9.401715e-04  2.010243e-04  6.312179e-03  8.221989e-01  1.000000e+00  1.379589e+01 -2.183896e+00 -7.358944e-01  1.297768e+01
3 -1.847979e-01 -5.139876e-02  9.073764e-01  4.810068e-01  3.460926e-01  1.515830e+01 6 1 -1.000000e+00
-5.373105e-01 -2.539413e-01  2.339768e+00  0.000000e+00  0.000000e+00  2.153697e-01 -3.040958e-01 -3.094796e-01  4.118063e-02
 3.163138e-01  5.372353e-02 -8.097765e-01  2.168527e+01  5.000000e-01  4.542698e-01 -1.182189e+00 -3.676397e-01  2.244628e-01
 1.344409e-03  3.293888e-04  6.089347e-05  3.610050e+01  1.000000e+00  1.330631e+02 -2.957773e+01 -1.198765e+01  1.323197e+02
3  2.629087e-01 -1.461137e-01  8.252896e-01  4.410979e-01  1.256439e-01  1.390490e+01 6 1 -1.000000e+00
 4.572026e-01 -5.487562e-01  1.720344e+00  0.000000e+00  0.000000e+00  2.220131e-01 -1.001416e-01  1.181358e-01  1.062539e-02
-1.246477e-01  3.652425e-02 -2.161507e-01  3.716960e+01  5.000000e-01  1.659118e+00 -1.893999e+00  1.213922e+00  1.161912e+00
-1.406615e-02  4.761569e-03  4.704130e-03  3.825554e+01  1.000000e+00  1.785780e+01 -7.510159e+00  3.899199e+00  1.700711e+01
3 -2.093470e-01 -2.649882e-01  1.267916e+00  4.772660e-01  3.331210e-01  1.030660e+01 6 1 -1.000000e+00
-5.319290e-01 -8.437273e-01  2.095093e+00  0.000000e+00  0.000000e+00  3.026122e-01 -1.404647e-02 -9.405594e-02  6.727056e-03
 1.733009e-01  2.099624e-01 -6.979194e-01  1.005162e+02  5.000000e-01  7.222473e-01  1.279622e-01 -1.222130e+00  2.190924e-01
 1.828982e-03  2.583752e-03  1.373888e-04  1.181601e+02  1.000000e+00  8.870825e+01  9.842827e+00 -1.781133e+01  8.745790e+01
5  6.147659e-01 -6.538145e-01  1.802788e+00  6.652958e-01  1.000000e+00  8.084560e+00 6 1  2.920093e-01
 6.596555e-03 -5.438471e-01 -1.591581e+00  1.389718e+01  5.000000e-01  6.316335e-01  8.738458e-01 -1.983589e-02  7.861420e-02
-8.492340e-01 -6.018212e-02  2.632077e+00  5.837067e+00  0.000000e+00  3.596715e-01 -1.403520e-01 -1.019504e-01  2.271752e-02
 9.510072e-01  3.560745e-02  2.235207e+00  0.000000e+00  0.000000e+00  3.192131e-01 -1.034707e-01 -7.334051e-02  1.720491e-02
-1.432582e-01  5.230571e-01 -1.496739e+00  1.462376e+01  5.000000e-01  6.798583e-01  8.233530e-01  3.044663e-01  8.581497e-02
-1.145039e-03  1.743416e-04  1.207206e-03  2.652432e+01  1.000000e+00  3.005340e+01 -2.456528e+00  3.115512e+00  2.472339e+01
3  8.519852e-01 -1.352140e+00  1.842058e+00  7.827230e-01  2.526918e-01  4.678130e+00 6 1  2.731993e-01
-3.686975e-01 -1.346767e-01 -6.757933e-01  2.224982e+02  5.000000e-01  1.139908e+00 -1.021283e+00 -6.754975e-01  4.228185e-01
 1.456401e+00  1.147112e-01  2.674378e+00  0.000000e+00  0.000000e+00  3.711008e-01 -1.446317e-01 -2.602216e-02  6.935353e-03
-1.398377e-02 -6.089489e-03  1.213706e-03  2.421596e+02  1.000000e+00  3.597687e+01 -1.082833e+01 -1.679900e+01  3.429168e+01
3 -1.533111e+00 -5.417588e-01  2.896543e+00  1.296014e+00  5.236583e-01  4.421980e+00 6 1  2.945874e-01
-1.110419e+00  2.372582e+00  1.758419e+00  0.000000e+00  0.000000e+00  2.409172e-01  9.277767e-03  8.618541e-02  2.395652e-03
 1.550669e-01 -2.328941e-01 -9.208106e-01  1.987337e+02  5.000000e-01  1.937068e+00  5.752015e-01  1.277982e+00  6.225674e-01
 7.030548e-02 -1.026787e-01  1.853790e-01  1.989277e+02  1.000000e+00  4.251924e+00  8.637397e-01  2.105851e+00  2.375219e+00
3  6.038501e-01 -9.724668e-01  3.110548e+00  1.597769e+00  4.949137e-02  9.692990e+00 6 2 -1.000000e+00
 1.880358e+00 -2.156788e+00  3.177206e+00  0.000000e+00  0.000000e+00  3.885656e-01  1.112880e-01  2.161600e-01  3.101640e-03
-3.602907e-02  4.501540e-02  9.705799e-03  3.889084e+02  1.000000e+00  1.356063e+01  1.357817e+00  7.272869e+00  1.132816e+01
-1.487182e-01  2.008292e-01 -1.572443e-01  3.871925e+02  5.000000e-01  2.777197e+00  1.151658e+00  2.862105e+00  1.291916e+00
3  1.242712e-01  8.751513e-02  6.536682e-01  4.026142e-01  1.258172e-01  6.166630e+00 6 1 -1.000000e+00
 1.786814e-01  4.352138e-01  1.830063e+00  0.000000e+00  0.000000e+00  1.900164e-01  2.485531e-01 -2.187820e-01  2.710441e-02
-2.040366e-01 -9.470038e-02 -2.302534e-01  1.830879e+01  5.000000e-01  1.718990e+00 -1.443814e+00 -1.665950e+00  1.495050e+00
-6.728958e-03 -3.404604e-03  1.176292e-03  2.238886e+01  1.000000e+00  4.147567e+01 -1.802939e+01 -2.151956e+01  4.100664e+01
3  1.586488e-01 -1.705480e-01  1.889512e+00  7.307183e-01  5.758620e-01  9.692560e+00 6 3 -1.000000e+00
 8.365501e-01 -8.234083e-01  4.761028e+00  0.000000e+00  0.000000e+00  4.164322e-01 -1.985440e-02  3.607194e-01  1.316104e-02
-4.206974e-01  5.871176e-01 -2.741695e+00  1.023693e+02  5.000000e-01  5.771896e-01  1.773364e-01  7.155825e-01  7.324736e-02
-4.466941e-04  7.765426e-04  1.223281e-05  2.102190e+02  1.000000e+00  3.136732e+02  9.762767e+01  8.053559e+01  3.116925e+02
1  6.678705e+00 -1.168724e+01  0.000000e+00  2.378658e+00  0.000000e+00  5.186600e+00 0 2  2.728200e-01
 3.840617e-02 -9.970805e+00  4.618888e+00  0.000000e+00  0.000000e+00  4.246424e-01  5.950550e-02  3.331564e-01  1.729223e-05
3 -9.881017e-02  9.668198e-02  1.214629e+00  5.125163e-01  6.276970e-01  4.871260e+00 6 3 -1.000000e+00
 3.121370e-01 -3.861819e-01 -2.612081e+00  3.830656e+01  5.000000e-01  4.731643e-01  1.177820e-01  8.040645e-01  8.524783e-02
-5.295550e-01  4.895333e-01  4.161373e+00  0.000000e+00  0.000000e+00  3.273483e-01 -8.070432e-02  4.534774e-01  2.631548e-02
 3.233515e-04 -4.120877e-04  1.424709e-05  9.332491e+01  1.000000e+00  2.769586e+02  4.283674e+01  6.425269e+01  2.748544e+02
3  3.631324e-02 -4.250683e-01  4.284703e-01  2.365594e-01  9.272562e-01  5.142890e+00 6 3  3.083724e-01
 6.468455e-02 -9.776183e-02 -4.721136e+00  9.242064e-01  5.000000e-01  1.173479e+00  2.961729e-01  3.926701e-01  1.752023e-01
-3.386953e-01  4.670805e-02  5.091512e+00  0.000000e+00  0.000000e+00  5.119117e-01 -1.760776e-01  1.040268e-01  3.375921e-02
 2.429794e-02 -2.663662e-02  1.179034e+00  9.395676e-01  1.000000e+00  2.080406e+00  1.948831e-01  5.302309e-01  4.782413e-01
2 -5.586808e-02  6.473024e-02  6.070992e-01  2.975971e-01  4.698460e-01  1.410460e+01 6 1 -1.000000e+00
 7.804283e-02 -2.454377e-01 -8.927277e-01  1.601945e+01  5.000000e-01  2.379721e-01  1.092777e+00  7.118204e-01  3.054870e-02
-3.918342e-01  1.389905e-01  1.900043e+00  0.000000e+00  0.000000e+00  1.836316e-01 -1.994472e-01  3.168191e-01  6.482651e-03
3 -3.180196e-01  1.104839e-01  1.137345e+00  3.980806e-01  5.630921e-01  1.339790e+01 6 1 -1.000000e+00
 2.875242e-01 -4.477854e-02 -8.396249e-01  2.200253e+01  5.000000e-01  4.313084e-01 -1.161624e+00  4.062601e-01  1.406836e-01
-7.799917e-01  3.476025e-01  1.491097e+00  0.000000e+00  0.000000e+00  1.686544e-01 -1.138242e-01  8.678916e-02  6.490565e-03
 2.433671e-03 -4.457763e-04  1.349288e-04  2.770167e+01  1.000000e+00  8.811695e+01 -2.998725e+00 -1.300214e+01  8.720976e+01
5 -5.261275e-01  6.971458e-01  2.778389e+01  7.966873e+00  1.000000e+00  3.288540e+00 6 3 -1.000000e+00
-6.923033e-01 -4.954211e+00 -1.836463e+00  4.713996e+03  5.000000e-01  1.300082e+00  7.453925e-01 -2.810057e-01  1.305599e-02
 1.285535e+01 -1.822074e+00  3.210899e+00  1.878212e+03  0.000000e+00  4.355053e-01 -8.181833e-02  2.282054e-02  7.845475e-04
-1.423832e+01  4.332367e+00  2.641381e+00  0.000000e+00  0.000000e+00  3.771455e-01 -5.481625e-02  7.970635e-02  5.757664e-04
 2.584208e+00  6.481010e+00 -2.076063e+00  4.064939e+03  5.000000e-01  1.098163e+00  5.565952e-01 -4.260500e-01  4.833530e-03
 4.923549e-02 -9.335286e-02  2.195695e-02  5.096442e+03  1.000000e+00  8.125739e+00  2.031285e+00  1.051841e+00  4.490291e+00
3  4.978070e-02  1.655171e-01  4.015736e-01  1.691220e-01  1.453136e-01  1.183300e+01 6 1 -1.000000e+00
 1.040173e-01  3.430758e-01  1.548226e+00  0.000000e+00  0.000000e+00  1.915932e-01  7.820650e-02 -3.879197e-02  1.520224e-02
-1.395159e-02 -4.077924e-02 -2.249784e-01  1.026314e+01  5.000000e-01  2.182676e+00  1.936664e+00 -1.446695e+00  1.808684e+00
-4.472769e-03 -1.298335e-02  2.723926e-02  1.030632e+01  1.000000e+00  8.456712e+00  3.365695e+00 -2.750080e+00  7.974145e+00
2 -4.860888e+00 -4.669089e+00  2.042679e-02  1.185499e+00  1.180186e-01  1.099700e+01 6 1 -1.000000e+00
 7.285996e-03  7.737821e-03  9.348108e-06  1.336427e+00  1.000000e+00  4.777958e+02  2.249895e+01 -3.462001e+02  4.760398e+02
 2.149256e-02  2.241526e-02 -7.920879e-05  0.000000e+00  5.000000e-01  1.107644e+02  1.631543e+00 -1.570682e+02  1.093014e+02
3 -3.800614e+00  1.271261e+00  3.039895e+00  1.292191e+00  5.499424e-02  5.142820e+00 6 2  2.864884e-01
-1.321331e+00  2.401327e+00  3.070044e+00  0.000000e+00  0.000000e+00  3.506840e-01  1.208964e-01  2.850737e-01  5.537842e-03
 1.216587e-01 -2.742557e-01 -1.688347e-01  2.285677e+02  5.000000e-01  2.559186e+00  1.639847e+00  2.380109e+00  1.425329e+00
 2.410080e-02 -6.288824e-02  9.285985e-03  2.299636e+02  1.000000e+00  1.424717e+01  6.437887e+00  5.133423e+00  1.252214e+01
3  1.311595e+00 -2.787984e-01  1.341702e+00  6.598601e-01  6.707392e-01  1.546110e+01 6 1  2.984309e-01
-3.954214e-02 -4.228941e-01 -1.885705e+00  3.146622e+01  5.000000e-01  6.633495e-01  8.021029e-01 -1.643270e-02  3.240806e-02
 6.703566e-01  7.156168e-01  2.811383e+00  0.000000e+00  0.000000e+00  3.927052e-01  6.858132e-02 -9.168856e-02  3.999157e-03
-3.674014e-04 -6.187690e-04  2.621175e-05  4.887344e+01  1.000000e+00  1.975784e+02 -1.881682e+01 -1.175515e+01  1.946194e+02
5  3.654097e-02  1.700279e-01  1.949986e+00  7.108054e-01  1.000000e+00  7.284830e+00 6 3 -1.000000e+00
-6.974276e-01 -3.921330e-01  3.994015e+00  5.727335e+01  0.000000e+00  4.149810e-01 -2.582476e-01 -1.586847e-01  3.031623e-02
 2.345949e-01 -4.650085e-01 -9.611085e-01  8.039824e+01  5.000000e-01  7.933035e-01  4.576041e-01  9.347659e-01  1.207329e-01
-6.383438e-01  1.859584e-01 -2.667794e+00  6.076153e+01  5.000000e-01  5.833112e-01 -5.235946e-01  5.237554e-01  5.058812e-02
 6.874203e-01  9.806894e-01  2.042318e+00  0.000000e+00  0.000000e+00  2.950538e-01  4.133295e-02 -7.483876e-02  1.149292e-02
-4.095429e-04 -2.488982e-03  2.677403e-04  1.156977e+02  1.000000e+00  6.345946e+01  1.278153e+01 -1.689308e+00  6.112868e+01
3 -8.499387e-01  1.873775e-01  2.320399e+00  1.120562e+00  1.065484e-01  1.712840e+01 6 1 -1.000000e+00
-1.968834e+00  1.929506e-01  2.049636e+00  0.000000e+00  0.000000e+00  2.477794e-01 -2.693050e-01  7.361501e-02  1.274770e-03
 2.269539e-03 -6.931744e-04  9.550111e-06  3.821700e+02  1.000000e+00  3.436305e+02 -8.257987e+01  7.658570e+01  3.377396e+02
 3.332515e-01 -9.800365e-02 -2.183856e-01  3.494540e+02  5.000000e-01  1.493506e+00 -1.836852e+00  1.203569e+00  2.079854e-01
2 -7.542534e-01 -2.335345e+00  2.179617e+00  9.410484e-01  1.803173e-01  3.618010e+00 6 1  2.752970e-01
-1.719277e+00 -6.546899e-01  1.805012e+00  0.000000e+00  0.000000e+00  2.304691e-01 -4.862213e-02 -1.892112e-01  7.850635e-04
 2.552212e-01  2.683948e-01 -3.254750e-01  4.950045e+02  5.000000e-01  1.161145e+00  2.496919e-01 -1.742428e+00  8.457534e-02
3  5.159897e-01 -1.226327e-01  2.185811e+00  8.609063e-01  5.457299e-01  1.099790e+01 6 1 -1.000000e+00
 1.635084e+00 -2.590040e-01  2.054570e+00  0.000000e+00  0.000000e+00  2.900414e-01 -1.241239e-01  4.375714e-02  6.910481e-03
-5.070425e-01  1.758121e-01 -1.121240e+00  1.260339e+02  5.000000e-01  6.562256e-01 -7.346217e-01  6.858434e-01  1.447741e-01
-4.790078e-03  9.764320e-04  1.449116e-04  1.540645e+02  1.000000e+00  8.520276e+01 -1.334004e+01  3.374635e+00  8.371091e+01
3  2.482906e-01  1.134128e-01  5.900593e-01  2.832194e-01  1.142648e-01  5.142840e+00 6 1 -1.000000e+00
 4.462150e-01  3.076036e-01  1.636258e+00  0.000000e+00  0.000000e+00  2.049634e-01 -1.050930e-01 -9.943887e-02  1.171375e-02
-4.855103e-02 -1.391872e-02 -1.869667e-01  2.623464e+01  5.000000e-01  3.411412e+00 -2.795538e+00 -1.829869e+00  2.886508e+00
-2.475154e-02 -7.130553e-03  5.456239e-02  2.625596e+01  1.000000e+00  7.532596e+00 -4.279731e+00 -2.455824e+00  6.912034e+00
3 -8.056010e-01 -8.073501e-01  3.448432e+00  1.325664e+00  3.444417e-02  9.311880e+00 6 2 -1.000000e+00
-1.065103e+00 -2.870597e+00  4.091702e+00  0.000000e+00  0.000000e+00  4.623747e-01  4.053573e-02 -2.073662e-01  9.048600e-04
 1.443210e-03  2.068371e-03  9.904383e-06  8.231960e+02  1.000000e+00  3.239777e+02  5.676825e+01 -1.125026e+01  3.212992e+02
 2.919076e-01  2.996088e-01 -1.409353e-01  7.413242e+02  5.000000e-01  1.242544e+00 -1.744999e-01 -2.669051e+00  1.750158e-01
1 -1.400998e+00  2.405494e+00  0.000000e+00  6.448690e+00  0.000000e+00  7.248820e+00 0 2 -1.000000e+00
-8.705242e+00  9.776409e+00  4.690718e+00  0.000000e+00  0.000000e+00  4.980891e-01 -4.396515e-02  1.918192e-01  8.416470e-04
3  1.107267e-01  1.257228e-01  1.065517e+00  4.974102e-01  8.017629e-01  1.546030e+01 6 1 -1.000000e+00
-2.747801e-01 -2.484191e-01 -1.885573e+00  1.781040e+01  5.000000e-01  6.358720e-01 -1.758029e-02 -8.140166e-01  2.875127e-01
 4.915036e-01  4.919426e-01  2.351783e+00  0.000000e+00  0.000000e+00  3.034904e-01  9.214089e-02 -2.267742e-01  5.888733e-02
-2.917702e-03 -2.756814e-03  5.429233e-04  2.592081e+01  1.000000e+00  4.777306e+01 -3.583806e+00 -1.824815e+01  4.668573e+01
3  5.878909e-02 -1.279396e-01  4.015227e-01  1.787537e-01  6.529891e-02  4.422310e+00 6 2 -1.000000e+00
 4.574724e-03 -3.048750e-01  3.555186e+00  0.000000e+00  0.000000e+00  2.780437e-01  4.714586e-01  1.329225e-01  7.162960e-02
-4.491370e-02  9.358623e-02 -2.321498e-01  1.528908e+01  5.000000e-01  1.354702e+00  1.261847e+00  1.685562e+00  1.052406e+00
-2.457864e-03  5.420827e-03  2.065767e-03  1.699552e+01  1.000000e+00  2.620748e+01  8.131665e+00  9.231003e+00  2.565601e+01
3  5.658396e-02 -6.025167e-03  8.203680e-01  4.860591e-01  5.585817e-01  4.422120e+00 6 3 -1.000000e+00
 4.478496e-01 -6.208723e-02  6.322459e+00  0.000000e+00  0.000000e+00  2.999784e-01 -5.594185e-01  1.375314e-01  5.151753e-02
-3.661201e-01  4.017295e-02 -3.531610e+00  1.346702e+01  5.000000e-01  3.647145e-01 -8.137037e-01  1.569422e-01  9.077024e-02
-1.031522e-04  1.264266e-05  2.604371e-06  6.161187e+01  1.000000e+00  6.531192e+02 -1.953605e+02  5.589158e+01  6.517311e+02
2 -1.267606e+00  4.242431e-01  9.600545e-01  4.117978e-01  1.743827e-03  7.284900e+00 6 2  2.825138e-01
-8.937388e-01  2.060158e-01  4.888865e+00  0.000000e+00  0.000000e+00  3.964332e-01 -3.228651e-01  2.355940e-01  4.167396e-04
 4.192185e-02 -9.028085e-03 -8.525334e-03  1.087338e+02  5.000000e-01  4.042707e+00 -1.009282e+01  4.968948e+00  2.347177e+00
3  7.551002e-01 -2.369190e-02  2.167144e+00  8.238658e-01  1.225135e-01  1.213180e+01 6 1 -1.000000e+00
 1.876934e+00 -1.542589e-01  1.533116e+00  0.000000e+00  0.000000e+00  1.888802e-01  5.958546e-02 -4.580883e-02  9.347357e-03
-2.805140e-01  5.051184e-02 -1.878273e-01  1.353291e+02  5.000000e-01  1.724381e+00 -2.353065e+00  5.584370e-01  1.276198e+00
-2.371364e-02  5.335569e-03  1.401693e-03  1.395415e+02  1.000000e+00  3.417415e+01 -1.673690e+01  1.034299e+01  3.335185e+01
3  4.229323e-01 -3.538620e-01  8.182094e-01  4.734216e-01  6.143626e-01  4.678020e+00 6 1  2.884612e-01
 2.813398e-01 -5.273301e-02 -1.620396e+00  1.292530e+01  5.000000e-01  8.410188e-01 -7.603747e-01  2.534531e-01  1.654569e-01
-2.974097e-01  5.256402e-01  2.637524e+00  0.000000e+00  0.000000e+00  3.402179e-01  9.738339e-02  2.160680e-01  2.164274e-02
 5.936703e-03 -3.589239e-03  7.154510e-03  1.604441e+01  1.000000e+00  1.297893e+01 -1.769138e+00  7.700647e-01  1.089385e+01
3 -1.873073e-01 -9.652493e-02  7.989793e-01  4.392382e-01  1.581342e-01  1.407670e+01 6 1 -1.000000e+00
-2.698050e-01 -5.730535e-01  1.872710e+00  0.000000e+00  0.000000e+00  2.357740e-01  8.665004e-03 -2.235636e-01  2.033586e-02
 1.999859e-01  7.321612e-02 -2.961395e-01  3.310831e+01  5.000000e-01  1.037690e+00 -1.582604e+00 -9.346505e-01  5.548408e-01
 3.601284e-03  2.014728e-03  3.434847e-04  3.999068e+01  1.000000e+00  6.218396e+01 -1.432895e+01 -2.503639e+01  6.093369e+01
3 -3.685913e-01 -4.562608e-02  1.040125e+00  4.877937e-01  1.684294e-01  3.648000e+00 6 1 -1.000000e+00
-7.741104e-01 -7.000634e-02  1.682901e+00  0.000000e+00  0.000000e+00  1.809780e-01 -2.730045e-01 -4.531677e-02  1.486840e-02
 2.591001e-01  4.972725e-02 -2.834500e-01  1.025750e+02  5.000000e-01  5.716654e-01 -1.817236e+00 -6.395958e-01  3.132825e-01
 1.299896e-03  2.943391e-04  1.453090e-05  1.371942e+02  1.000000e+00  2.766632e+02 -6.654561e+01 -5.237393e+01  2.759457e+02
2  2.753757e-01 -4.076146e-01  1.971024e+00  7.946222e-01  2.239709e-01  1.594840e+01 6 1 -1.000000e+00
 5.258679e-01 -1.472827e+00  2.564590e+00  0.000000e+00  0.000000e+00  3.556785e-01  8.193161e-02  1.360567e-01  1.145264e-03
-2.696733e-01  3.305172e-01 -5.743933e-01  2.778354e+02  5.000000e-01  8.540177e-01  1.118521e-01  1.322788e+00  3.815642e-02
2 -6.375081e-01 -6.996695e-01  2.615516e+00  1.190287e+00  3.687186e-02  1.246170e+01 6 2 -1.000000e+00
-1.308801e+00 -1.901129e+00  3.300539e+00  0.000000e+00  0.000000e+00  3.812907e-01  6.455383e-02 -2.750512e-01  1.177683e-03
 2.085185e-01  2.292845e-01 -1.216970e-01  7.677020e+02  5.000000e-01  1.587773e+00  7.125966e-02 -2.925325e+00  3.342060e-01
3  1.601870e+00 -7.887942e-01  2.561022e+00  1.444497e+00  8.432467e-01  5.506890e+00 6 3  2.979273e-01
-1.543605e+00  4.089890e-01  3.807259e+00  0.000000e+00  0.000000e+00  3.882162e-01 -2.390958e-01  2.333592e-01  4.928761e-02
 8.654601e-01 -4.600587e-01 -4.515001e+00  4.479432e+01  5.000000e-01  6.339086e-01 -2.019594e-01  5.609984e-01  1.182061e-01
 1.346266e-02 -4.389508e-03  2.397065e-03  6.700807e+01  1.000000e+00  2.382596e+01 -9.092041e+00  4.602453e+00  2.074947e+01
3 -7.683193e-01  1.696409e-01  1.881657e+00  7.886472e-01  1.153586e-01  4.613540e+00 6 1 -1.000000e+00
-1.642240e+00  2.642247e-01  1.724672e+00  0.000000e+00  0.000000e+00  2.281743e-01 -1.021818e-01  7.384643e-02  1.354804e-02
 4.794041e-02 -1.023051e-02  1.270934e-02  1.160875e+02  1.000000e+00  1.146161e+01 -5.070533e+00  2.247821e+00  1.071306e+01
 2.135556e-01 -4.667526e-02 -1.989557e-01  1.150842e+02  5.000000e-01  2.027174e+00 -2.226286e+00  1.060652e+00  1.511723e+00
3 -1.647812e+00  9.536665e-01  1.289839e+00  5.434743e-01  6.059281e-01  5.658530e+00 6 3  3.012768e-01
-8.392096e-01 -1.267970e-01  2.371721e+00  0.000000e+00  0.000000e+00  2.667705e-01 -3.129293e-01 -1.344098e-01  1.551766e-02
 4.407433e-01  3.258982e-02 -3.914195e+00  2.865556e+01  5.000000e-01  5.398333e-01 -6.650080e-01 -1.581079e-01  9.005002e-02
 4.866030e-03  2.250260e-04  8.616101e-04  3.913356e+01  1.000000e+00  3.558115e+01 -5.019208e+00  3.169530e+00  3.307346e+01
5  5.815664e-02  2.127137e-01  1.116448e+00  3.524009e-01  1.000000e+00  1.546420e+01 6 1 -1.000000e+00
 5.715503e-01  4.634907e-03  2.881765e+00  1.573814e+01  0.000000e+00  3.439563e-01 -2.762328e-01 -8.413848e-02  3.585591e-02
 4.353573e-01  3.137296e-01 -1.150937e+00  1.727550e+01  5.000000e-01  8.232170e-01 -2.585116e-01 -9.128424e-01  4.920119e-01
-3.466662e-01  6.397206e-01  1.883412e+00  0.000000e+00  0.000000e+00  2.425347e-01  2.046525e-01  3.032578e-02  7.966676e-03
-9.897318e-02 -1.160742e-01 -2.749457e-01  3.865849e+01  5.000000e-01  4.155792e+00  6.270524e-01 -3.633581e+00  3.655738e+00
-4.038780e-02 -4.850754e-02  8.162393e-02  3.879672e+01  1.000000e+00  8.643908e+00  7.804699e-01 -6.750473e+00  8.017102e+00
1  6.416717e-01  1.568416e+00  0.000000e+00  6.231042e-01  0.000000e+00  1.198140e+01 0 2  2.739044e-01
 3.430903e-01  1.432588e+00  3.552694e+00  0.000000e+00  0.000000e+00  2.637818e-01  3.639949e-01 -3.578384e-01  1.028487e-03
3 -1.982785e+00  4.179367e-01  1.642127e+00  7.744971e-01  1.612180e-01  1.284850e+01 6 1  2.836296e-01
-6.310377e-01  1.235489e+00  2.425858e+00  0.000000e+00  0.000000e+00  3.119219e-01  6.633636e-02  2.383816e-01  1.711032e-03
 1.759903e-01 -1.946460e-01 -3.910921e-01  1.644860e+02  5.000000e-01  1.303867e+00  2.433849e-02  1.627478e+00  1.512251e-01
 3.718155e-03 -5.181266e-03  3.533768e-04  1.741967e+02  1.000000e+00  5.524733e+01  6.180233e+00  8.645074e+00  5.095017e+01
3  4.339626e-02  7.594281e-01  2.338956e+00  7.049808e-01  2.819699e-01  9.798060e+00 6 1 -1.000000e+00
 3.090341e-02 -3.678949e-01 -3.726312e-01  7.266291e+01  5.000000e-01  9.678848e-01  1.623950e+00  2.178014e-01  6.327045e-01
 1.011823e-01  1.970005e+00  1.321528e+00  0.000000e+00  0.000000e+00  1.208841e-01 -1.249665e-01 -2.298707e-02  7.332380e-03
 1.268809e-03 -1.622311e-02  7.521005e-04  7.710097e+01  1.000000e+00  4.083863e+01  1.510713e+01  5.411258e+00  4.003654e+01
3  1.996197e-01  2.043378e-01  1.661881e+00  7.981097e-01  6.458208e-01  4.613280e+00 6 1 -1.000000e+00
-5.559667e-01 -2.880443e-01 -1.415110e+00  4.138584e+01  5.000000e-01  3.975779e-01 -6.202124e-01 -8.275917e-01  1.467269e-01
 4.661634e-01  1.022337e+00  2.191180e+00  0.000000e+00  0.000000e+00  2.218769e-01  1.429017e-01 -3.587193e-01  3.728036e-02
-2.599791e-03 -2.973360e-03  4.305044e-04  6.824130e+01  1.000000e+00  4.938933e+01  2.273637e+00  3.674455e+00  4.879960e+01
3  2.822630e-01  4.711516e-01  1.887902e+00  8.417769e-01  2.010365e-01  6.504390e+00 6 1 -1.000000e+00
-2.778677e-01 -3.490929e-01 -4.175966e-01  9.349480e+01  5.000000e-01  7.709793e-01  1.994584e-01 -1.551555e+00  2.709190e-01
 3.838279e-01  1.419051e+00  2.077217e+00  0.000000e+00  0.000000e+00  2.776920e-01  1.220466e-01 -1.594373e-01  1.046593e-02
-2.171137e-03 -3.593723e-03  7.811560e-05  1.145471e+02  1.000000e+00  1.184573e+02  1.432448e+01 -2.809783e+01  1.170845e+02
1 -1.732532e+00 -4.682513e+00  0.000000e+00  1.892496e+00  0.000000e+00  1.099710e+01 0 2 -1.000000e+00
-2.190904e+00 -6.502357e+00  3.051422e+00  0.000000e+00  0.000000e+00  3.268546e-01  2.494999e-01 -2.513135e-01  2.034623e-04
3  3.675326e-01  3.337355e-02  1.094658e+00  4.827873e-01  1.335219e-01  1.198190e+01 6 1 -1.000000e+00
 8.268754e-01  2.070698e-01  2.974589e+00  0.000000e+00  0.000000e+00  3.218260e-01 -3.312344e-01 -1.184182e-01  1.330585e-02
-2.456292e-01 -1.204139e-02 -3.971729e-01  8.401796e+01  5.000000e-01  8.432873e-01 -1.591468e+00 -9.789608e-02  3.193292e-01
-6.637469e-03 -7.451052e-04  7.361854e-04  9.485834e+01  1.000000e+00  3.823499e+01 -5.009342e+00 -1.731229e+00  3.709724e+01
3 -7.165871e-02 -6.774542e-02  5.076061e-01  2.658309e-01  1.714465e-01  3.745410e+00 6 3 -1.000000e+00
-2.859698e-01 -1.643568e-01  4.226954e+00  0.000000e+00  0.000000e+00  3.127497e-01 -1.999541e-01 -4.424414e-01  4.910481e-02
 1.284564e-01  1.287556e-01 -7.246966e-01  1.730671e+01  5.000000e-01  5.670873e-01  9.231168e-02 -1.248511e+00  2.218337e-01
 5.290210e-04  4.483492e-04  4.902008e-05  2.977748e+01  1.000000e+00  1.513556e+02 -1.303872e+01 -4.513311e+01  1.503046e+02
3  5.096054e-02 -4.230465e-01  1.586515e+00  7.569613e-01  2.303774e-01  1.323650e+01 6 1 -1.000000e+00
 4.886395e-01 -1.092795e+00  2.363419e+00  0.000000e+00  0.000000e+00  3.040671e-01  2.310398e-01  8.847202e-02  9.900461e-03
-1.921645e-02  4.102392e-01 -5.444783e-01  1.584552e+02  5.000000e-01  6.328703e-01  1.401931e+00 -7.742186e-02  1.400078e-01
-5.178114e-04  1.929071e-03  3.214229e-05  2.110976e+02  1.000000e+00  1.817777e+02  1.934521e+01  3.456418e+01  1.802596e+02
1  3.932429e-01  4.982038e-02  0.000000e+00  6.822149e-01  0.000000e+00  1.831460e+00 0 2 -1.000000e+00
 8.352439e-01  1.265673e-01  3.732849e+00  0.000000e+00  0.000000e+00  3.646643e-01 -3.452682e-01 -1.286448e-01  1.376509e-01
1 -1.460264e+00 -9.430328e+00  0.000000e+00  2.340876e+00  0.000000e+00  7.190490e+00 0 2  2.832509e-01
-4.036527e+00 -2.628010e+00  3.878823e+00  0.000000e+00  0.000000e+00  4.168634e-01  7.070473e-04 -2.867712e-01  8.653107e-04
3 -1.605105e-01  7.418189e-01  2.085720e+00  8.290529e-01  1.908489e-01  6.084150e+00 6 1 -1.000000e+00
-4.204919e-01  1.639607e+00  1.673485e+00  0.000000e+00  0.000000e+00  2.105582e-01  1.355719e-01  8.534143e-02  6.268162e-03
 3.064372e-02 -3.967391e-01 -3.193827e-01  1.706342e+02  5.000000e-01  8.088190e-01  1.727152e+00  4.295766e-01  3.619323e-01
 1.806698e-04 -8.179103e-03  2.064288e-04  1.905077e+02  1.000000e+00  7.377214e+01  1.930766e+01 -8.872100e+00  7.262865e+01
3 -1.379822e+00  3.239919e-01  3.065458e+00  1.720783e+00  4.254425e-03  1.323470e+01 6 2 -1.000000e+00
-2.908093e+00  4.276959e-01  6.613741e+00  0.000000e+00  0.000000e+00  4.878437e-01 -2.984697e-01  1.483900e-01  1.995346e-03
 4.079667e-02 -1.234414e-02  3.305214e-03  6.110337e+02  1.000000e+00  2.637606e+01 -1.538323e+01  1.023466e+01  2.441872e+01
 1.222780e-01 -3.477943e-02 -2.813767e-02  6.102484e+02  5.000000e-01  6.914364e+00 -7.353181e+00  4.055857e+00  5.347480e+00
2 -3.202423e-01 -3.083206e-01  1.462217e+00  7.184153e-01  2.535170e-01  6.217780e+00 6 1 -1.000000e+00
-9.032698e-01 -6.045745e-01  1.721853e+00  0.000000e+00  0.000000e+00  2.097795e-01  8.263738e-03 -2.088311e-01  9.038709e-03
 2.643044e-01  2.756802e-01 -4.365189e-01  1.555917e+02  5.000000e-01  4.671647e-01  2.682760e-01 -1.582022e+00  1.436118e-01
5 -6.207738e-01 -1.072420e+00  1.964990e+00  1.038100e+00  1.000000e+00  1.478830e+01 6 3 -1.000000e+00
-4.169394e-01 -1.748945e+00  3.827888e+01  0.000000e+00  0.000000e+00  4.131142e-01  3.794182e-01 -4.175556e-01  5.687857e-03
-1.192075e+00 -1.305513e+00  4.489737e+01  4.626004e-02  0.000000e+00  4.052160e-01  1.826977e-01 -5.460006e-01  5.307945e-03
-8.465282e-01 -1.529966e+00 -8.012834e+01  1.320457e-01  5.000000e-01  4.158021e-01  2.932587e-01 -5.174616e-01  5.536711e-03
 1.142819e-02  2.177228e-02  1.394171e-03  4.247016e+02  1.000000e+00  2.987107e+01  6.584744e+00 -8.538610e+00  2.862406e+01
 8.218274e-02  1.515978e-01 -4.515433e-02  4.196167e+02  5.000000e-01  2.764820e+00  2.621224e+00 -4.288362e+00  1.902704e+00
3 -3.100783e-01 -2.120830e-01  1.149873e+00  5.268076e-01  1.637223e-01  5.369740e+00 6 1  2.809045e-01
 9.823289e-01 -4.312064e-02  2.080389e+00  0.000000e+00  0.000000e+00  2.589899e-01 -2.609293e-01 -1.823674e-02  7.305862e-04
-1.667478e-01 -3.244843e-04 -3.406060e-01  1.338911e+02  5.000000e-01  1.287396e+00 -1.735188e+00 -8.753064e-02  1.123640e-01
-1.978966e-03  1.627924e-04  5.348914e-05  1.424849e+02  1.000000e+00  1.392327e+02 -1.485436e+01  1.386501e+01  1.338288e+02
3 -6.655669e-01  8.246021e-01  1.790291e+00  5.968644e-01  3.556899e-01  1.198140e+01 6 1  2.831801e-01
-1.391444e+00 -4.870407e-01  1.578397e+00  0.000000e+00  0.000000e+00  1.974961e-01 -1.022063e-01  3.499648e-03  2.824336e-03
 2.995629e-01  1.008690e-01 -5.614200e-01  1.452832e+02  5.000000e-01  9.036563e-01 -1.177219e+00 -6.361100e-01  1.906858e-01
 6.027286e-03  3.090231e-03  2.801883e-04  1.576665e+02  1.000000e+00  6.397741e+01 -2.225620e+00 -1.980333e+01  6.132756e+01
1  2.924108e-02  4.545354e-02  0.000000e+00  5.001505e-02  0.000000e+00  1.125570e+01 0 2  2.813158e-01
-6.636693e-02 -6.165358e-02  4.176686e+00  0.000000e+00  0.000000e+00  4.303392e-01  1.142467e-01 -2.683969e-01  1.918521e-03
3  3.467295e-01 -7.442392e-01  2.461674e+00  1.235130e+00  1.716605e-01  1.134250e+01 6 1 -1.000000e+00
 7.481004e-01 -1.697993e+00  2.115362e+00  0.000000e+00  0.000000e+00  2.499850e-01  2.294609e-01  1.927118e-01  8.305516e-03
-2.929448e-01  5.327169e-01 -3.631242e-01  1.492291e+02  5.000000e-01  6.150115e-01  9.366520e-01  1.422947e+00  1.894666e-01
-1.324016e-03  2.486012e-03  1.795500e-05  1.957216e+02  1.000000e+00  2.401500e+02  1.210709e+01  3.676085e+01  2.388213e+02
3  7.144714e-02  1.008760e-01  5.332584e-01  3.118707e-01  4.361675e-01  7.190460e+00 6 1 -1.000000e+00
-1.312986e-01 -1.197273e-01 -9.901746e-01  5.907702e+00  5.000000e-01  5.588659e-01 -4.413549e-02 -1.096619e+00  3.354786e-01
 1.465657e-01  3.354166e-01  2.270170e+00  0.000000e+00  0.000000e+00  2.166994e-01  2.429576e-01 -3.376920e-01  4.985990e-02
-2.613580e-03 -2.862497e-03  1.838076e-03  7.645404e+00  1.000000e+00  2.470295e+01 -2.123921e+00 -3.643023e+00  2.417504e+01
3 -3.087639e-01  1.058696e+00  3.288911e+00  1.581222e+00  1.088370e-01  1.084020e+01 6 1 -1.000000e+00
-2.750148e-01  2.957277e+00  1.826694e+00  0.000000e+00  0.000000e+00  2.488685e-01  1.224617e-01  4.200578e-02  1.909349e-03
 1.256536e-01 -3.071371e-01 -1.988119e-01  4.647088e+02  5.000000e-01  1.831240e+00  1.484084e+00  1.875722e+00  6.856759e-01
 5.540401e-03 -1.865840e-02  5.930569e-04  4.748393e+02  1.000000e+00  4.716938e+01  1.745415e+01  1.186532e+01  4.468663e+01
3  5.525326e-01 -3.405506e-01  1.915576e+00  5.926080e-01  1.807883e-01  1.671490e+01 6 1 -1.000000e+00
 1.285339e+00 -1.039882e+00  1.601632e+00  0.000000e+00  0.000000e+00  2.066717e-01 -2.394774e-02 -6.658172e-02  2.161847e-03
-2.386666e-01  1.206522e-01 -2.895563e-01  1.664242e+02  5.000000e-01  7.929993e-01 -1.203019e+00  1.431487e+00  3.117191e-01
-5.017038e-03  3.078331e-03  2.108189e-04  1.792029e+02  1.000000e+00  7.014789e+01 -2.967467e+00  5.405133e+00  6.907113e+01
3  9.484432e-02 -2.768743e-01  1.775185e+00  8.115189e-01  2.915271e-01  1.747280e+01 6 1 -1.000000e+00
-4.098698e-01 -1.423123e+00  2.199689e+00  0.000000e+00  0.000000e+00  3.148509e-01  6.086345e-02  1.054292e-01  8.448353e-03
-3.052099e-01  3.489744e-01 -6.412691e-01  1.434854e+02  5.000000e-01  7.575418e-01 -8.384567e-02  1.269316e+00  1.389436e-01
-7.738548e-04  2.877358e-03  1.370415e-04  1.858418e+02  1.000000e+00  8.874222e+01  1.908347e+01  6.120147e+00  8.698234e+01
3  1.789044e+00 -9.809673e-01  2.249189e+00  1.163801e+00  1.596565e-01  9.194070e+00 6 1  2.760417e-01
 1.937066e+00 -2.778034e-01  1.968307e+00  0.000000e+00  0.000000e+00  2.168312e-01 -2.605954e-01  1.933713e-01  1.675323e-03
-2.800616e-01  1.006134e-01 -3.142529e-01  5.096513e+02  5.000000e-01  2.286149e+00 -1.602647e+00  1.505939e+00  2.387470e-01
-4.812686e-02  1.509241e-02  1.162977e-02  5.137525e+02  1.000000e+00  1.332382e+01 -6.613286e+00  4.706872e+00  6.805926e+00
3  2.722008e-01 -1.057840e-01  9.656132e-01  4.389377e-01  2.982084e-01  7.576700e+00 6 1 -1.000000e+00
 7.034497e-01 -2.243610e-01  1.681400e+00  0.000000e+00  0.000000e+00  2.197229e-01 -7.707793e-02  9.027047e-02  6.619645e-03
-2.132217e-01  7.915592e-02 -5.014074e-01  8.739982e+01  5.000000e-01  5.469554e-01 -1.030113e+00  1.067007e+00  1.734369e-01
-7.783555e-04  1.905419e-04  9.193394e-06  1.155887e+02  1.000000e+00  3.437637e+02 -9.260719e+01  1.170806e+01  3.425774e+02
3  2.064736e-01 -5.356506e-01  1.631542e+00  6.262018e-01  1.993166e-01  1.154020e+01 6 1 -1.000000e+00
 6.178909e-01 -1.139178e+00  1.537266e+00  0.000000e+00  0.000000e+00  1.772218e-01  1.332740e-01  9.325444e-02  2.597798e-02
-1.216059e-01  3.151514e-01 -3.064026e-01  8.113901e+01  5.000000e-01  1.000319e+00  1.458099e+00  1.066597e+00  7.006847e-01
-5.568005e-03  1.209927e-02  7.277364e-04  8.912262e+01  1.000000e+00  4.187522e+01  1.016360e+01  1.390544e+01  4.119499e+01
3 -5.977496e-01 -4.102282e-01  2.962289e+00  9.452238e-01  4.413434e-01  1.339850e+01 6 1 -1.000000e+00
-1.704642e+00 -1.702164e+00  2.172190e+00  0.000000e+00  0.000000e+00  3.155479e-01 -8.251880e-02 -3.606016e-02  9.559789e-03
 4.403039e-01  3.409620e-01 -9.586816e-01  1.840813e+02  5.000000e-01  9.250193e-01 -4.990444e-01 -8.942460e-01  3.351320e-01
 2.056068e-02  2.133352e-02  2.924537e-03  1.958894e+02  1.000000e+00  2.139260e+01  2.437488e+00 -8.245130e+00  2.019856e+01
3 -4.425575e-02  1.749071e-01  4.950035e-01  2.144480e-01  4.707521e-02  5.186620e+00 6 2 -1.000000e+00
-1.657693e-01  3.187243e-01  4.450575e+00  0.000000e+00  0.000000e+00  2.502944e-01  3.874977e-01  4.326822e-01  5.187912e-02
 2.939907e-02 -1.361798e-01 -2.095117e-01  4.996848e+01  5.000000e-01  9.310478e-01  1.983158e+00  9.191515e-01  6.520406e-01
 5.054124e-04 -2.305837e-03  1.844924e-04  6.260684e+01  1.000000e+00  8.089211e+01  2.877333e+01  1.160036e+01  8.028535e+01
3 -1.845101e-01  3.492459e-01  1.491911e+00  7.297732e-01  2.358273e-01  9.673040e+00 6 1 -1.000000e+00
 1.498084e-01 -4.277285e-01 -5.903189e-01  3.244741e+01  5.000000e-01  6.743891e-01  1.047309e+00  8.385500e-01  2.901387e-01
-7.873226e-01  7.331263e-01  2.503183e+00  0.000000e+00  0.000000e+00  2.480044e-01  8.835791e-02  3.977423e-01  2.700202e-02
 2.880318e-03 -6.904474e-03  5.905826e-04  4.120614e+01  1.000000e+00  4.309668e+01  7.990749e+00  3.877544e+00  4.179090e+01
1 -1.226474e+00 -2.053684e+00  0.000000e+00  1.386273e+00  0.000000e+00  7.877530e+00 0 2  2.674536e-01
 2.308539e+00  3.135816e+00  3.215775e+00  0.000000e+00  0.000000e+00  3.446038e-01  2.403576e-01 -2.465874e-01  1.459883e-04
2  1.072928e-01 -1.950342e-01  1.570264e+00  6.928464e-01  3.975705e-01  1.084040e+01 6 3 -1.000000e+00
 1.010556e+00 -6.294178e-01  3.158738e+00  0.000000e+00  0.000000e+00  4.108370e-01  8.150264e-03  1.745408e-01  1.067022e-03
-6.817262e-02  5.116662e-01 -1.255821e+00  1.182771e+02  5.000000e-01  7.166695e-01  9.200021e-01  1.736784e-01  2.719818e-02
3  1.972063e-01  9.234103e-02  6.220589e-01  2.673551e-01  1.536066e-01  1.084010e+01 6 1 -1.000000e+00
 4.894021e-01  1.277847e-01  2.322194e+00  0.000000e+00  0.000000e+00  2.915979e-01 -2.061370e-01 -1.694512e-01  1.041876e-02
-1.041431e-01 -5.839088e-02 -3.567042e-01  4.538310e+01  5.000000e-01  9.904619e-01 -7.957222e-01 -1.473214e+00  4.057449e-01
-4.614249e-03 -2.105286e-03  1.288585e-03  4.892660e+01  1.000000e+00  2.944622e+01 -3.849868e+00 -4.280320e+00  2.820920e+01
3  7.375819e-02 -1.800904e-01  1.152594e+00  6.303979e-01  3.753149e-01  8.960740e+00 6 3 -1.000000e+00
 3.689196e-01 -6.220169e-01  3.527544e+00  0.000000e+00  0.000000e+00  2.734379e-01  2.817532e-01  4.062318e-01  1.664227e-02
-1.411222e-01  4.115842e-01 -1.323940e+00  4.101295e+01  5.000000e-01  4.153141e-01  8.543385e-01  6.060403e-01  6.471542e-02
-1.754744e-04  3.622836e-04  5.996897e-06  8.788892e+01  1.000000e+00  4.117271e+02  5.428665e+00  4.375391e+01  4.099330e+02
3 -1.022311e-01 -8.677948e-02  6.440329e-01  2.744154e-01  4.785255e-01  9.692320e+00 6 1 -1.000000e+00
-4.128527e-01 -2.193655e-01  2.128578e+00  0.000000e+00  0.000000e+00  2.867711e-01 -9.089991e-02 -1.750297e-01  3.895658e-02
 1.146844e-01  1.500705e-01 -1.018579e+00  1.696390e+01  5.000000e-01  7.854754e-01  3.806345e-01 -9.396266e-01  3.890646e-01
 4.142978e-03  3.943014e-03  2.465768e-03  2.023369e+01  1.000000e+00  2.243009e+01  4.618519e-01 -7.313167e+00  2.150409e+01
3  5.814500e-01  6.804159e-01  4.765869e-01  2.507969e-01  8.980399e-01  7.248810e+00 6 1  3.091324e-01
 4.204221e-02 -3.858985e-01  2.102991e+00  0.000000e+00  0.000000e+00  3.041457e-01  8.960019e-02  2.591929e-02  1.893610e-02
 7.241479e-02  8.971951e-02 -2.341757e+00  3.311037e+00  5.000000e-01  1.227726e+00 -3.983919e-02 -6.908704e-01  5.046908e-01
 1.086484e-02  2.592531e-02  3.882471e-01  3.369339e+00  1.000000e+00  2.850318e+00  1.785118e-01 -9.033995e-01  1.627155e+00
3  1.503155e-01  5.390176e-01  1.549321e+00  7.920253e-01  2.397014e-01  3.757060e+00 6 1 -1.000000e+00
-7.721766e-02 -2.865769e-01 -4.126932e-01  7.941496e+01  5.000000e-01  8.182191e-01  1.390748e+00 -7.224772e-01  3.535784e-01
 4.217081e-01  1.180212e+00  1.721697e+00  0.000000e+00  0.000000e+00  2.104427e-01  1.817913e-01 -9.762417e-02  8.441896e-03
-3.227389e-03 -1.011825e-02  8.972777e-04  8.617004e+01  1.000000e+00  3.482858e+01  3.851960e+00 -3.879847e+00  3.368365e+01
5 -4.952035e-02  1.812878e-01  2.233527e+00  1.083742e+00  1.000000e+00  6.166600e+00 6 3 -1.000000e+00
-8.178970e-01 -6.227039e-01  8.089447e+00  6.339630e+01  0.000000e+00  4.620449e-01 -2.096709e-01 -3.490214e-01  5.362796e-02
 5.467844e-01 -4.840368e-01 -1.422791e+00  9.624894e+01  5.000000e-01  5.389661e-01 -1.590997e-01  9.434424e-01  8.146360e-02
-9.295921e-01 -2.647763e-01 -7.003207e+00  6.401591e+01  5.000000e-01  5.189087e-01 -5.936177e-01 -1.478462e-01  6.537385e-02
 3.526539e-01  1.279519e+00  2.491538e+00  0.000000e+00  0.000000e+00  3.250553e-01  2.327898e-01 -8.929464e-04  1.826061e-02
 3.072711e-04 -1.279216e-03  7.942899e-05  1.872652e+02  1.000000e+00  1.132904e+02  4.098685e+00 -1.572573e+00  1.114245e+02
3  1.853859e-01  1.419801e+00  2.176258e+00  1.003216e+00  6.924396e-01  1.134370e+01 6 3  2.770421e-01
 1.500187e+00 -3.657011e-01  3.041771e+00  0.000000e+00  0.000000e+00  4.113277e-01 -9.557411e-02  9.297758e-02  4.854834e-03
-5.457523e-01  3.760766e-01 -4.392833e+00  1.358024e+02  5.000000e-01  7.590566e-01 -4.566954e-02  5.325519e-01  3.628729e-02
-4.123980e-03  1.124860e-03  2.820206e-04  1.754199e+02  1.000000e+00  6.308225e+01 -1.725918e+01  3.238120e+00  5.975559e+01
3  3.576456e+00  2.744195e+00  1.941785e+01  5.875326e+00  8.686607e-01  1.284880e+01 6 1 -1.000000e+00
 1.106807e+01 -4.214820e+00  2.293556e+00  0.000000e+00  0.000000e+00  3.060894e-01 -1.586844e-01 -1.425731e-01  3.277235e-04
 5.571465e+00  5.477549e+00 -2.378926e+00  1.007114e+03  5.000000e-01  7.094895e-01 -4.424071e-02 -7.090817e-01  2.651704e-03
-1.524840e+00  1.056596e+01  2.738614e+00  5.022311e+02  0.000000e+00  3.383130e-01  1.597897e-01 -2.171374e-01  3.904344e-04
3 -3.968453e-01 -1.387142e+00  2.341142e+00  1.260593e+00  1.314281e-01  7.493020e+00 6 1  2.917191e-01
-1.211145e+00  1.585034e+00  2.213050e+00  0.000000e+00  0.000000e+00  2.304041e-01  2.798591e-01  2.491822e-01  1.021838e-03
 2.082405e-02 -4.057443e-01 -2.908569e-01  2.393162e+02  5.000000e-01  1.457624e+00  1.904052e+00  1.487383e-01  1.273531e-01
 2.408256e-04 -5.398004e-03  7.104294e-05  2.571061e+02  1.000000e+00  1.246944e+02  3.425391e+01 -7.139886e+00  1.174278e+02
3 -7.326210e-02  5.840413e-02  5.986880e-01  2.604684e-01  9.974542e-01  1.366940e+01 6 1 -1.000000e+00
 6.509454e-02 -2.186523e-01 -1.739170e+00  8.711550e+00  5.000000e-01  4.344397e-01  8.326748e-01  4.488853e-01  1.778541e-01
-3.595234e-01  2.033985e-01  1.734743e+00  0.000000e+00  0.000000e+00  2.079740e-01 -9.110055e-02  2.062803e-01  2.746415e-02
 8.814896e-04 -7.915105e-04  2.920338e-04  1.442772e+01  1.000000e+00  5.963192e+01  3.116382e+00  1.931088e+00  5.886822e+01
3 -1.331778e-01  2.837668e-02  1.327811e+00  7.521303e-01  6.807427e-01  5.735660e+00 6 1 -1.000000e+00
 5.327441e-01  1.962611e-01 -1.784121e+00  4.808886e+01  5.000000e-01  5.311844e-01 -6.023333e-01 -6.461291e-01  1.190283e-01
-7.749485e-01  4.265244e-01  2.620845e+00  0.000000e+00  0.000000e+00  3.198640e-01 -1.561753e-01  2.379871e-01  1.716634e-02
 6.475537e-04 -3.464593e-05  2.407192e-05  1.110559e+02  1.000000e+00  2.122276e+02 -5.182671e+01 -1.972071e+01  2.106428e+02
3  4.010870e-01 -3.548263e-01  2.203579e+00  9.744798e-01  6.062250e-01  1.410500e+01 6 1 -1.000000e+00
 1.227525e+00 -1.306101e+00  2.240741e+00  0.000000e+00  0.000000e+00  3.158598e-01 -1.671064e-02  1.465862e-01  2.126071e-03
-3.400153e-01  2.426328e-01 -1.358393e+00  2.213661e+02  5.000000e-01  9.722283e-01 -3.167302e-01  7.978830e-01  1.181485e-01
-9.626717e-03  7.450279e-03  1.347792e-03  2.358886e+02  1.000000e+00  2.876396e+01 -2.611053e+00  4.697421e+00  2.633700e+01
1  1.798406e+00  2.917030e+00  0.000000e+00  2.234751e+00  0.000000e+00  6.838730e+00 0 2 -1.000000e+00
 1.147396e+00  5.220792e+00  3.378215e+00  0.000000e+00  0.000000e+00  3.415642e-01  2.476405e-01 -2.760392e-01  1.077431e-04
1 -9.729704e-01 -1.343294e+00  0.000000e+00  7.512463e-01  0.000000e+00  1.246090e+01 0 2  2.669528e-01
 6.197228e-01 -1.162697e+00  3.505314e+00  0.000000e+00  0.000000e+00  3.901933e-01  2.128313e-01  2.031895e-01  2.297261e-03
