# [0]nim, [1]snr, [2]snr_obs, [3]source_id, [4]ein, [5]fs, [6]frac_sh_trunc [7]snr_max [8]flag_out [9]zs [10]xs [11]ys
# [12+8*i]m_type_i, [13+8*i]zl_i, [14+8*i]mass_i, [15+8*i]xl_i, [16+8*i]yl_i
# [17+8*i]e_i, [18+8*i]p_i, [19+8*i]param1(con, tb, ...)_i, i=0,1,2,3,4
# i=0,1 correspond subhalos and satellite gals if not exist, stored -1, please extract using e.g. np.extract(arr > 0, arr)
# i=2,3 correspond host halos and central gals
# i=4 corresponds perturbation
# m_type: 1 = anfw, 2 = ahern, 3 = pert
# observable multi events: 211 (subhalo 50), high-mag events: 148
3  5.533158e+01  3.390721e+01  6.078000e+03  7.319056e-01 6 -1.000000e+00  8.219635e+01 1   2.3680 -2.913823e-01  3.880779e-01 -1 -1.0000 -1.000000e+00 -1.000000e+00 -1.000000e+00 -1.000000e+00 -1.000000e+00 -1.000000e+00 -1 -1.0000 -1.000000e+00 -1.000000e+00 -1.000000e+00 -1.000000e+00 -1.000000e+00 -1.000000e+00  0  0.8770  6.064021e+12  0.000000e+00  0.000000e+00  3.921953e-01  7.524867e+00  6.347530e+00  1  0.8770  1.039679e+11  0.000000e+00  0.000000e+00  1.855604e-01  8.225140e+01  1.820362e-01  2  0.8770  2.368000e+00  0.000000e+00  0.000000e+00  8.788980e-02  1.671795e+02  0.000000e+00 
3  3.686248e+01  2.262665e+01  2.840000e+03  5.408646e-01 6 -1.000000e+00  5.231349e+01 1  10.7035  4.154626e-01  3.053285e-01 -1 -1.0000 -1.000000e+00 -1.000000e+00 -1.000000e+00 -1.000000e+00 -1.000000e+00 -1.000000e+00 -1 -1.0000 -1.000000e+00 -1.000000e+00 -1.000000e+00 -1.000000e+00 -1.000000e+00 -1.000000e+00  0  0.6300  2.787759e+12  0.000000e+00  0.000000e+00  1.606111e-01 -1.157410e+02  6.777931e+00  1  0.6300  4.391966e+10  0.000000e+00  0.000000e+00  4.266338e-01 -1.739025e+02  5.460397e-02  2  0.6300  1.070350e+01  0.000000e+00  0.000000e+00  8.628548e-02 -1.795781e+02  0.000000e+00 
3  1.592585e+02  6.929706e+01  7.343000e+03  1.151290e-01 6 -1.000000e+00  2.172187e+02 1  12.8483 -4.391155e-02  7.782810e-02 -1 -1.0000 -1.000000e+00 -1.000000e+00 -1.000000e+00 -1.000000e+00 -1.000000e+00 -1.000000e+00 -1 -1.0000 -1.000000e+00 -1.000000e+00 -1.000000e+00 -1.000000e+00 -1.000000e+00 -1.000000e+00  0  1.3370  2.693652e+11  0.000000e+00  0.000000e+00  3.689962e-01  6.326291e+01  4.461552e+00  1  1.3370  2.023613e+09  0.000000e+00  0.000000e+00  5.460912e-01  7.328377e+01  2.531769e-02  2  1.3370  1.284830e+01  0.000000e+00  0.000000e+00  3.298772e-02  1.456417e+02  0.000000e+00 
3  1.419567e+02  1.601938e+01  6.473000e+03  8.052185e-01 6 -1.000000e+00  2.600432e+02 2  15.1574  1.089800e+00 -1.882969e-01 -1 -1.0000 -1.000000e+00 -1.000000e+00 -1.000000e+00 -1.000000e+00 -1.000000e+00 -1.000000e+00 -1 -1.0000 -1.000000e+00 -1.000000e+00 -1.000000e+00 -1.000000e+00 -1.000000e+00 -1.000000e+00  0  1.9300  5.043893e+12  0.000000e+00  0.000000e+00  3.249148e-01  6.762455e+01  4.148984e+00  1  1.9300  6.017439e+10  0.000000e+00  0.000000e+00  2.335809e-01  6.201827e+01  5.508602e-02  2  1.9300  1.515740e+01  0.000000e+00  0.000000e+00  1.623216e-01 -7.887657e+01  0.000000e+00 
3  1.405022e+02  9.431378e+01  2.846000e+03  3.231492e-01 6 -1.000000e+00  2.233939e+02 1   7.7372  2.364005e-01  1.296634e-01 -1 -1.0000 -1.000000e+00 -1.000000e+00 -1.000000e+00 -1.000000e+00 -1.000000e+00 -1.000000e+00 -1 -1.0000 -1.000000e+00 -1.000000e+00 -1.000000e+00 -1.000000e+00 -1.000000e+00 -1.000000e+00  0  0.9740  8.806218e+11  0.000000e+00  0.000000e+00  3.162725e-01 -2.869391e+00  7.738877e+00  1  0.9740  2.395446e+10  0.000000e+00  0.000000e+00  4.621172e-01  2.799556e+01  5.212433e-02  2  0.9740  7.737220e+00  0.000000e+00  0.000000e+00  9.680755e-02  1.124082e+02  0.000000e+00 
2  2.476630e+01  2.099441e+01  6.893000e+03  8.856135e-01 6 -1.000000e+00  3.827376e+01 1  15.4606 -3.214073e-01 -5.555143e-01 -1 -1.0000 -1.000000e+00 -1.000000e+00 -1.000000e+00 -1.000000e+00 -1.000000e+00 -1.000000e+00 -1 -1.0000 -1.000000e+00 -1.000000e+00 -1.000000e+00 -1.000000e+00 -1.000000e+00 -1.000000e+00  0  1.0480  7.143557e+12  0.000000e+00  0.000000e+00  3.681015e-01  4.288427e+01  5.070236e+00  1  1.0480  1.006029e+11  0.000000e+00  0.000000e+00  5.012471e-01  3.177939e+01  4.063479e-02  2  1.0480  1.546060e+01  0.000000e+00  0.000000e+00  1.323503e-01  1.119954e+02  0.000000e+00 
3  3.918017e+02  6.341894e+02  4.951000e+03  6.614965e-01 6  2.799555e-01  8.739804e+02 3  12.0749 -7.947218e-01 -8.489947e-02  0  1.1420  1.076193e+12  0.000000e+00  0.000000e+00  2.912393e-01 -7.922933e+01  1.088999e+01  1  1.1420  5.608065e+10  0.000000e+00  0.000000e+00  3.825111e-01 -1.477699e+02  8.386463e-02  2  1.1420  4.300572e+12 -2.829934e+01 -1.519851e+00  3.324556e-01  1.082937e+02  5.936013e+00  3  1.1420  8.323949e+10 -2.829934e+01 -1.519851e+00  2.500174e-01  1.198353e+02  4.778679e-02  4  1.1420  1.207490e+01  0.000000e+00  0.000000e+00  1.723259e-01  4.254363e+00  0.000000e+00 
2  3.441355e+01  9.622378e+00  9.893000e+03  1.319712e+00 6 -1.000000e+00  7.187093e+01 2  10.9974  5.508185e-01  9.412475e-01 -1 -1.0000 -1.000000e+00 -1.000000e+00 -1.000000e+00 -1.000000e+00 -1.000000e+00 -1.000000e+00 -1 -1.0000 -1.000000e+00 -1.000000e+00 -1.000000e+00 -1.000000e+00 -1.000000e+00 -1.000000e+00  0  1.5700  1.484103e+13  0.000000e+00  0.000000e+00  3.933427e-01  1.677714e+02  5.119089e+00  1  1.5700  1.042484e+11  0.000000e+00  0.000000e+00  1.073151e-01  1.486301e+02  3.849293e-02  2  1.5700  1.099740e+01  0.000000e+00  0.000000e+00  5.769687e-02  1.422185e+02  0.000000e+00 
3  4.907294e+02  4.630259e+02  9.730000e+02  7.835683e-01 6 -1.000000e+00  6.448351e+02 1   5.2135  3.201303e-01  9.620466e-02 -1 -1.0000 -1.000000e+00 -1.000000e+00 -1.000000e+00 -1.000000e+00 -1.000000e+00 -1.000000e+00 -1 -1.0000 -1.000000e+00 -1.000000e+00 -1.000000e+00 -1.000000e+00 -1.000000e+00 -1.000000e+00  0  0.4790  1.933402e+12  0.000000e+00  0.000000e+00  3.670811e-01  3.356027e+01  1.033127e+01  1  0.4790  6.399902e+10  0.000000e+00  0.000000e+00  2.444738e-01  4.039635e+01  1.123592e-01  2  0.4790  5.213520e+00  0.000000e+00  0.000000e+00  1.540021e-01 -1.276216e+02  0.000000e+00 
3  5.032087e+02  2.608194e+02  4.278000e+03  1.400589e+00 6  2.907377e-01  1.256079e+03 2   3.9055  4.384784e-01 -3.394030e+00  0  0.5010  5.887093e+12  0.000000e+00  0.000000e+00  2.107961e-01 -1.582969e+02  1.317056e+01  1  0.5010  7.800469e+10  0.000000e+00  0.000000e+00  2.546143e-02 -1.800960e+02  7.129483e-02  2  0.5010  4.682339e+13  3.960322e+00 -3.193166e+01  5.284790e-02 -9.822409e+01  6.343567e+00  3  0.5010  2.055282e+11  3.960322e+00 -3.193166e+01  2.521229e-01 -1.171714e+02  7.436339e-01  4  0.5010  3.905460e+00  0.000000e+00  0.000000e+00  8.202517e-02  1.455558e+02  0.000000e+00 
1  7.921897e+01  1.825896e+02  4.160000e+02  2.113493e-01 0  2.999862e-01  1.825896e+02 2  10.8402  5.904930e-01  3.887762e-01  0  0.5320  1.389311e+11  0.000000e+00  0.000000e+00  2.235687e-01 -1.571103e+02  2.734698e+01  1  0.5320  1.948027e+09  0.000000e+00  0.000000e+00  2.994898e-01 -2.331640e+02  1.937140e-01  2  0.5320  1.260115e+12  9.035365e-01  4.289522e-01  2.475637e-01 -2.987559e+01  5.635965e+00  3  0.5320  6.385391e+10  9.035365e-01  4.289522e-01  1.461484e-01 -5.338530e+00  1.140031e-01  4  0.5320  1.084020e+01  0.000000e+00  0.000000e+00  1.258233e-01 -3.327866e+01  0.000000e+00 
1  4.073952e+01  9.473269e+01  1.624000e+03  3.664513e-02 0  2.949069e-01  9.473269e+01 2   7.5768 -1.648578e-01  6.341082e-03  0  0.6980  3.741520e+10  0.000000e+00  0.000000e+00  1.080533e-01  1.370503e+02  2.799018e+01  1  0.6980  8.997546e+07  0.000000e+00  0.000000e+00  3.776581e-01  1.345968e+02  1.368192e-01  2  0.6980  2.210468e+11 -7.401876e+00 -2.882288e-01  4.283550e-01  1.296494e+02  7.707660e+00  3  0.6980  2.589532e+09 -7.401876e+00 -2.882288e-01  2.888023e-01  1.045806e+02  1.435737e-01  4  0.6980  7.576810e+00  0.000000e+00  0.000000e+00  1.414350e-01 -7.657287e+01  0.000000e+00 
3  2.588144e+02  2.589502e+02  2.780000e+02  1.419942e-01 6  2.718438e-01  5.074531e+02 3   6.4180  4.691467e-01 -4.872790e-02  0  2.3980  2.467369e+11  0.000000e+00  0.000000e+00  3.437283e-01 -2.347914e+01  1.391073e+01  1  2.3980  2.341096e+09  0.000000e+00  0.000000e+00  2.056244e-01  1.788435e+01  2.827823e-02  2  2.3980  2.255260e+12  4.021918e+00 -8.153214e-01  6.257907e-03 -6.760387e+01  5.485714e+00  3  2.3980  5.358170e+10  4.021918e+00 -8.153214e-01  4.668399e-01 -5.520386e+01  1.851958e-02  4  2.3980  6.418030e+00  0.000000e+00  0.000000e+00  5.686939e-02 -1.434603e+02  0.000000e+00 
5  8.889955e+01  1.517768e+02  1.214000e+03  1.073200e+00 6 -1.000000e+00  1.883642e+02 3  10.9979  4.173929e-02 -1.546414e-01 -1 -1.0000 -1.000000e+00 -1.000000e+00 -1.000000e+00 -1.000000e+00 -1.000000e+00 -1.000000e+00 -1 -1.0000 -1.000000e+00 -1.000000e+00 -1.000000e+00 -1.000000e+00 -1.000000e+00 -1.000000e+00  0  0.8040  6.912155e+12  0.000000e+00  0.000000e+00  3.884616e-01 -1.394407e+02  5.911688e+00  1  0.8040  1.211767e+11  0.000000e+00  0.000000e+00  2.010477e-01 -1.326747e+02  1.811934e-01  2  0.8040  1.099790e+01  0.000000e+00  0.000000e+00  7.234849e-02 -1.238338e+02  0.000000e+00 
3  1.389431e+02  1.078511e+02  5.375000e+03  1.155727e-01 6 -1.000000e+00  2.236034e+02 1  15.5330  5.079448e-02 -5.544449e-02 -1 -1.0000 -1.000000e+00 -1.000000e+00 -1.000000e+00 -1.000000e+00 -1.000000e+00 -1.000000e+00 -1 -1.0000 -1.000000e+00 -1.000000e+00 -1.000000e+00 -1.000000e+00 -1.000000e+00 -1.000000e+00  0  1.2570  2.944885e+11  0.000000e+00  0.000000e+00  1.007929e-01 -1.003289e+01  5.586657e+00  1  1.2570  3.422741e+09  0.000000e+00  0.000000e+00  2.759461e-01 -2.032043e+01  2.747220e-02  2  1.2570  1.553300e+01  0.000000e+00  0.000000e+00  4.827225e-02 -1.549925e+02  0.000000e+00 
3  1.421998e+02  1.541023e+02  4.388000e+03  3.190091e-01 6 -1.000000e+00  2.555707e+02 3   6.7581 -1.480076e-02 -1.144263e-01 -1 -1.0000 -1.000000e+00 -1.000000e+00 -1.000000e+00 -1.000000e+00 -1.000000e+00 -1.000000e+00 -1 -1.0000 -1.000000e+00 -1.000000e+00 -1.000000e+00 -1.000000e+00 -1.000000e+00 -1.000000e+00  0  2.0660  1.379091e+12  0.000000e+00  0.000000e+00  2.856253e-01 -9.982643e+01  3.938338e+00  1  2.0660  2.765377e+10  0.000000e+00  0.000000e+00  1.301139e-01 -1.167721e+02  5.699797e-02  2  2.0660  6.758090e+00  0.000000e+00  0.000000e+00  1.102195e-01  1.528834e+02  0.000000e+00 
2  1.611490e+01  8.243395e+00  4.612000e+03  8.577529e-01 6 -1.000000e+00  1.948042e+01 1  10.6525 -4.809693e-01 -6.565104e-01 -1 -1.0000 -1.000000e+00 -1.000000e+00 -1.000000e+00 -1.000000e+00 -1.000000e+00 -1.000000e+00 -1 -1.0000 -1.000000e+00 -1.000000e+00 -1.000000e+00 -1.000000e+00 -1.000000e+00 -1.000000e+00  0  2.5990  4.078012e+12  0.000000e+00  0.000000e+00  3.606274e-01  3.306857e+01  7.732380e+00  1  2.5990  6.340824e+10  0.000000e+00  0.000000e+00  2.903178e-01 -1.150135e+00  2.929704e-02  2  2.5990  1.065250e+01  0.000000e+00  0.000000e+00  2.330167e-01 -1.331191e+02  0.000000e+00 
5  5.064773e+01  6.670600e+01  2.059000e+03  9.999077e-01 6 -1.000000e+00  1.320624e+02 3  12.5943 -2.836907e-01  6.719114e-02 -1 -1.0000 -1.000000e+00 -1.000000e+00 -1.000000e+00 -1.000000e+00 -1.000000e+00 -1.000000e+00 -1 -1.0000 -1.000000e+00 -1.000000e+00 -1.000000e+00 -1.000000e+00 -1.000000e+00 -1.000000e+00  0  0.4030  1.803368e+12  0.000000e+00  0.000000e+00  3.424655e-01  7.933365e+01  5.844590e+00  1  0.4030  6.703175e+10  0.000000e+00  0.000000e+00  5.844540e-01  8.000715e+01  2.529757e-01  2  0.4030  1.259430e+01  0.000000e+00  0.000000e+00  2.153336e-01  5.104633e+01  0.000000e+00 
2  5.793930e+02  8.616325e+02  1.768000e+03  7.496196e-01 6  2.933613e-01  1.242997e+03 3   6.2178  7.138537e-01 -1.907513e+00  0  0.8240  1.252282e+12  0.000000e+00  0.000000e+00  5.320230e-02  1.262203e+02  1.267294e+01  1  0.8240  4.440686e+10  0.000000e+00  0.000000e+00  1.951245e-01  1.042250e+02  4.899127e-02  2  0.8240  1.820753e+13  6.699490e+00 -2.831054e+01  3.022277e-01  1.445329e+02  4.353575e+00  3  0.8240  1.120872e+11  6.699490e+00 -2.831054e+01  1.765108e-01  8.378455e+01  9.384003e-02  4  0.8240  6.217780e+00  0.000000e+00  0.000000e+00  8.861407e-02 -1.476970e+02  0.000000e+00 
3  6.095219e+01  3.786753e+01  9.050000e+02  4.163613e-01 6 -1.000000e+00  8.970568e+01 1   6.8386 -2.493712e-01  1.029552e-01 -1 -1.0000 -1.000000e+00 -1.000000e+00 -1.000000e+00 -1.000000e+00 -1.000000e+00 -1.000000e+00 -1 -1.0000 -1.000000e+00 -1.000000e+00 -1.000000e+00 -1.000000e+00 -1.000000e+00 -1.000000e+00  0  1.6650  1.419662e+12  0.000000e+00  0.000000e+00  2.435486e-01  1.281933e+02  4.538982e+00  1  1.6650  3.599905e+10  0.000000e+00  0.000000e+00  2.280749e-01  6.796574e+01  5.751415e-02  2  1.6650  6.838560e+00  0.000000e+00  0.000000e+00  5.488431e-02  2.234930e+01  0.000000e+00 
3  3.020006e+02  1.443631e+02  9.800000e+03  3.610264e-01 6 -1.000000e+00  3.908414e+02 1   5.3700  5.153065e-01 -4.378181e-02 -1 -1.0000 -1.000000e+00 -1.000000e+00 -1.000000e+00 -1.000000e+00 -1.000000e+00 -1.000000e+00 -1 -1.0000 -1.000000e+00 -1.000000e+00 -1.000000e+00 -1.000000e+00 -1.000000e+00 -1.000000e+00  0  1.6810  3.167971e+12  0.000000e+00  0.000000e+00  1.522159e-01  1.449911e+02  3.354286e+00  1  1.6810  8.312339e+10  0.000000e+00  0.000000e+00  6.922658e-01  1.418904e+02  1.295488e-01  2  1.6810  5.369980e+00  0.000000e+00  0.000000e+00  7.120471e-02  1.458015e+02  0.000000e+00 
2  3.343138e+01  2.130512e+01  2.975000e+03  6.539135e-01 6 -1.000000e+00  4.480578e+01 1  14.1036  3.709426e-01  2.390861e-01 -1 -1.0000 -1.000000e+00 -1.000000e+00 -1.000000e+00 -1.000000e+00 -1.000000e+00 -1.000000e+00 -1 -1.0000 -1.000000e+00 -1.000000e+00 -1.000000e+00 -1.000000e+00 -1.000000e+00 -1.000000e+00  0  1.8140  1.793416e+12  0.000000e+00  0.000000e+00  3.154834e-01  9.904179e+01  5.145993e+00  1  1.8140  5.186715e+10  0.000000e+00  0.000000e+00  1.814473e-01  7.207214e+01  2.230339e-02  2  1.8140  1.410360e+01  0.000000e+00  0.000000e+00  1.965409e-01 -1.377803e+02  0.000000e+00 
1  5.169213e+01  9.049708e+01  1.246000e+03  1.028187e+00 0  3.073137e-01  9.049708e+01 2  17.7662  2.377865e+00  1.499102e-01  0  0.3960  1.133442e+12  0.000000e+00  0.000000e+00  2.566079e-01 -1.167557e+02  2.047898e+01  1  0.3960  3.483808e+10  0.000000e+00  0.000000e+00  5.735256e-01 -1.010906e+02  2.554772e-01  2  0.3960  2.256036e+13  5.640368e+00 -7.982432e-02  3.411847e-01  4.465607e+01  4.911517e+00  3  0.3960  1.152415e+11  5.640368e+00 -7.982432e-02  2.190593e-01  2.567103e+01  4.258676e-01  4  0.3960  1.776620e+01  0.000000e+00  0.000000e+00  1.953927e-01 -5.845115e+01  0.000000e+00 
3  3.055219e+01  4.142314e+01  3.455000e+03  2.060982e-01 6  3.118606e-01  5.342392e+01 3   3.4388 -4.138520e-01  9.151187e-01  0  0.6710  1.663358e+11  0.000000e+00  0.000000e+00  2.350565e-01  1.233180e+02  2.967474e+01  1  0.6710  2.278328e+09  0.000000e+00  0.000000e+00  6.115267e-01  1.275351e+02  4.287997e-02  2  0.6710  6.836347e+12 -1.010940e+01  2.287595e+01  1.338214e-01 -1.383644e+02  7.124146e+00  3  0.6710  1.028713e+11 -1.010940e+01  2.287595e+01  4.576642e-01 -1.450563e+02  2.366444e-01  4  0.6710  3.438850e+00  0.000000e+00  0.000000e+00  8.256259e-02  9.528522e+01  0.000000e+00 
3  1.763945e+02  1.836809e+02  3.092000e+03  7.017366e-01 6 -1.000000e+00  2.089340e+02 1  13.7364 -1.672529e-01  3.461403e-01 -1 -1.0000 -1.000000e+00 -1.000000e+00 -1.000000e+00 -1.000000e+00 -1.000000e+00 -1.000000e+00 -1 -1.0000 -1.000000e+00 -1.000000e+00 -1.000000e+00 -1.000000e+00 -1.000000e+00 -1.000000e+00  0  0.7070  1.424869e+12  0.000000e+00  0.000000e+00  3.181631e-01  1.028573e+02  3.333213e+00  1  0.7070  6.128340e+10  0.000000e+00  0.000000e+00  4.492364e-01  7.744680e+01  1.654762e-01  2  0.7070  1.373640e+01  0.000000e+00  0.000000e+00  2.944045e-01 -3.726875e+01  0.000000e+00 
5  1.507448e+02  2.509731e+02  8.981000e+03  7.168980e-01 6 -1.000000e+00  4.548557e+02 3  12.8484  6.779293e-02 -9.011668e-02 -1 -1.0000 -1.000000e+00 -1.000000e+00 -1.000000e+00 -1.000000e+00 -1.000000e+00 -1.000000e+00 -1 -1.0000 -1.000000e+00 -1.000000e+00 -1.000000e+00 -1.000000e+00 -1.000000e+00 -1.000000e+00  0  0.8210  1.393828e+12  0.000000e+00  0.000000e+00  1.721123e-01 -8.776860e+01  1.013569e+01  1  0.8210  5.794377e+10  0.000000e+00  0.000000e+00  4.374871e-01 -4.617709e+01  9.724266e-02  2  0.8210  1.284840e+01  0.000000e+00  0.000000e+00  1.379839e-01 -2.536212e+01  0.000000e+00 
3  3.734387e+02  4.851026e+02  9.216000e+03  4.121117e-01 6 -1.000000e+00  5.109091e+02 1  12.0740  1.556790e-01 -1.374948e-01 -1 -1.0000 -1.000000e+00 -1.000000e+00 -1.000000e+00 -1.000000e+00 -1.000000e+00 -1.000000e+00 -1 -1.0000 -1.000000e+00 -1.000000e+00 -1.000000e+00 -1.000000e+00 -1.000000e+00 -1.000000e+00  0  0.9570  1.002889e+12  0.000000e+00  0.000000e+00  1.623296e-01 -8.576850e+00  7.668223e+00  1  0.9570  2.511783e+10  0.000000e+00  0.000000e+00  3.983223e-01 -5.373113e+01  9.448638e-02  2  0.9570  1.207400e+01  0.000000e+00  0.000000e+00  2.179667e-01  1.190913e+02  0.000000e+00 
3  7.948639e+01  1.934828e+02  2.541000e+03  8.688361e-02 6  2.970522e-01  3.750231e+02 3   5.7358 -9.541171e-03  2.292331e-01  0  0.9660  5.544277e+10  0.000000e+00  0.000000e+00  3.757680e-01  5.691206e+01  2.987905e+01  1  0.9660  1.360619e+08  0.000000e+00  0.000000e+00  4.055525e-01  4.116976e+01  9.527816e-02  2  0.9660  6.298189e+11  5.484016e-02  2.407678e+00  9.333791e-02  1.717688e+02  5.131384e+00  3  0.9660  1.376643e+10  5.484016e-02  2.407678e+00  3.630474e-01  1.164430e+02  9.381282e-02  4  0.9660  5.735780e+00  0.000000e+00  0.000000e+00  1.243066e-01  1.530630e+02  0.000000e+00 
2  6.923923e+01  1.067931e+01  7.202000e+03  2.614531e+00 6 -1.000000e+00  1.248450e+02 2  12.4373 -1.273736e+00 -1.423625e+00 -1 -1.0000 -1.000000e+00 -1.000000e+00 -1.000000e+00 -1.000000e+00 -1.000000e+00 -1.000000e+00 -1 -1.0000 -1.000000e+00 -1.000000e+00 -1.000000e+00 -1.000000e+00 -1.000000e+00 -1.000000e+00  0  1.3180  1.718314e+13  0.000000e+00  0.000000e+00  2.921292e-01  1.307891e+02  7.807864e+00  1  1.3180  1.238176e+11  0.000000e+00  0.000000e+00  4.199655e-01  1.003477e+02  5.029399e-02  2  1.3180  1.243730e+01  0.000000e+00  0.000000e+00  5.569833e-02  4.160218e+01  0.000000e+00 
1  1.100955e+02  3.183730e+02  4.357000e+03  4.929811e-02 0  2.962737e-01  3.183730e+02 2  15.4604 -6.935539e-03  9.180561e-02  0  0.7860  1.146102e+10  0.000000e+00  0.000000e+00  3.043330e-01  7.961681e+01  4.588906e+01  1  0.7860  7.897996e+06  0.000000e+00  0.000000e+00  3.361736e-01  9.172204e+01  1.467673e-01  2  0.7860  9.580758e+10 -4.375899e-01  3.707211e+00  1.895843e-01  1.019024e+02  6.869734e+00  3  0.7860  4.018748e+08 -4.375899e-01  3.707211e+00  4.154228e-01  1.105921e+02  5.585724e-01  4  0.7860  1.546040e+01  0.000000e+00  0.000000e+00  1.570946e-01  1.661006e+02  0.000000e+00 
1  4.284909e+01  7.572102e+01  9.940000e+02  1.726076e+00 0 -1.000000e+00  7.572102e+01 2   6.1666 -1.063307e+00  9.251565e-01 -1 -1.0000 -1.000000e+00 -1.000000e+00 -1.000000e+00 -1.000000e+00 -1.000000e+00 -1.000000e+00 -1 -1.0000 -1.000000e+00 -1.000000e+00 -1.000000e+00 -1.000000e+00 -1.000000e+00 -1.000000e+00  0  2.2100  1.804554e+13  0.000000e+00  0.000000e+00  2.801981e-01  8.785027e+01  5.810342e+00  1  2.2100  9.000401e+10  0.000000e+00  0.000000e+00  2.797957e-01  1.011642e+02  7.039163e-02  2  2.2100  6.166640e+00  0.000000e+00  0.000000e+00  7.532220e-02 -1.590104e+02  0.000000e+00 
3  2.574572e+02  4.877121e+02  4.832000e+03  2.398501e-01 6 -1.000000e+00  9.211662e+02 3   4.1191 -4.903316e-02 -3.059077e-02 -1 -1.0000 -1.000000e+00 -1.000000e+00 -1.000000e+00 -1.000000e+00 -1.000000e+00 -1.000000e+00 -1 -1.0000 -1.000000e+00 -1.000000e+00 -1.000000e+00 -1.000000e+00 -1.000000e+00 -1.000000e+00  0  0.6330  6.716754e+11  0.000000e+00  0.000000e+00  2.746563e-01 -1.372294e+02  1.109901e+01  1  0.6330  2.115206e+10  0.000000e+00  0.000000e+00  3.208550e-01 -1.433189e+02  3.330692e-01  2  0.6330  4.119110e+00  0.000000e+00  0.000000e+00  6.891511e-02  1.640282e+02  0.000000e+00 
3  4.794920e+02  5.122239e+02  4.133000e+03  7.247457e-01 6 -1.000000e+00  7.510119e+02 1   4.6131  1.782555e-01  1.104829e-01 -1 -1.0000 -1.000000e+00 -1.000000e+00 -1.000000e+00 -1.000000e+00 -1.000000e+00 -1.000000e+00 -1 -1.0000 -1.000000e+00 -1.000000e+00 -1.000000e+00 -1.000000e+00 -1.000000e+00 -1.000000e+00  0  0.6990  1.920785e+13  0.000000e+00  0.000000e+00  4.575147e-01 -2.564611e+01  2.261587e+00  1  0.6990  1.634027e+11  0.000000e+00  0.000000e+00  5.038796e-01 -7.433138e+00  1.836382e-01  2  0.6990  4.613100e+00  0.000000e+00  0.000000e+00  6.356606e-02  2.233718e+01  0.000000e+00 
3  1.893851e+01  1.271557e+01  1.090000e+03  2.982744e-01 6 -1.000000e+00  3.285398e+01 3  13.9072 -1.037464e-01 -1.200929e-01 -1 -1.0000 -1.000000e+00 -1.000000e+00 -1.000000e+00 -1.000000e+00 -1.000000e+00 -1.000000e+00 -1 -1.0000 -1.000000e+00 -1.000000e+00 -1.000000e+00 -1.000000e+00 -1.000000e+00 -1.000000e+00  0  0.8210  6.917861e+11  0.000000e+00  0.000000e+00  2.086565e-01 -6.514379e+00  5.476481e+00  1  0.8210  1.914742e+10  0.000000e+00  0.000000e+00  9.939193e-02  1.876981e+01  9.607936e-02  2  0.8210  1.390720e+01  0.000000e+00  0.000000e+00  1.889471e-01 -3.244919e+01  0.000000e+00 
3  3.702581e+02  2.121445e+02  9.451000e+03  1.619147e+00 6  2.857805e-01  6.261808e+02 1   6.2177 -3.289014e-01 -3.667528e+00  0  0.8330  4.527300e+12  0.000000e+00  0.000000e+00  7.385970e-02 -9.634115e+01  1.585064e+01  1  0.8330  6.162092e+10  0.000000e+00  0.000000e+00  2.058402e-01 -8.489418e+01  1.161816e-01  2  0.8330  4.906852e+13  4.594451e+00 -4.053912e+01  2.299819e-01 -4.770968e+00  4.433359e+00  3  0.8330  2.047230e+11  4.594451e+00 -4.053912e+01  2.139016e-01 -6.586539e+00  1.323285e-01  4  0.8330  6.217690e+00  0.000000e+00  0.000000e+00  8.415062e-02  1.114426e+02  0.000000e+00 
3  3.794673e+02  5.591798e+02  1.599000e+03  3.809839e-01 6 -1.000000e+00  5.681467e+02 1   9.3851 -1.278996e-01  5.021721e-02 -1 -1.0000 -1.000000e+00 -1.000000e+00 -1.000000e+00 -1.000000e+00 -1.000000e+00 -1.000000e+00 -1 -1.0000 -1.000000e+00 -1.000000e+00 -1.000000e+00 -1.000000e+00 -1.000000e+00 -1.000000e+00  0  2.4670  9.738658e+11  0.000000e+00  0.000000e+00  1.305160e-01 -8.132967e+01  4.997879e+00  1  2.4670  2.588522e+10  0.000000e+00  0.000000e+00  2.662412e-01 -1.000880e+02  3.330130e-02  2  2.4670  9.385110e+00  0.000000e+00  0.000000e+00  1.441146e-01 -1.630919e+01  0.000000e+00 
3  2.972524e+01  2.392906e+01  2.124000e+03  6.845227e-01 6 -1.000000e+00  6.762484e+01 3   6.1667  3.482158e-01  7.677587e-02 -1 -1.0000 -1.000000e+00 -1.000000e+00 -1.000000e+00 -1.000000e+00 -1.000000e+00 -1.000000e+00 -1 -1.0000 -1.000000e+00 -1.000000e+00 -1.000000e+00 -1.000000e+00 -1.000000e+00 -1.000000e+00  0  1.6780  3.917027e+12  0.000000e+00  0.000000e+00  1.386906e-01 -1.049319e+02  6.790397e+00  1  1.6780  6.142294e+10  0.000000e+00  0.000000e+00  5.111814e-01 -1.308047e+02  1.030699e-01  2  1.6780  6.166660e+00  0.000000e+00  0.000000e+00  1.003836e-01  1.280577e+02  0.000000e+00 
3  5.578513e+02  2.561079e+02  6.173000e+03  4.185890e-01 6 -1.000000e+00  7.690962e+02 1   6.2492  3.301669e-01 -2.936462e-01 -1 -1.0000 -1.000000e+00 -1.000000e+00 -1.000000e+00 -1.000000e+00 -1.000000e+00 -1.000000e+00 -1 -1.0000 -1.000000e+00 -1.000000e+00 -1.000000e+00 -1.000000e+00 -1.000000e+00 -1.000000e+00  0  2.3460  2.449458e+12  0.000000e+00  0.000000e+00  2.156057e-01 -3.197859e+01  6.712135e+00  1  2.3460  4.918092e+10  0.000000e+00  0.000000e+00  4.044114e-01  1.530372e+01  8.240171e-02  2  2.3460  6.249170e+00  0.000000e+00  0.000000e+00  6.970072e-02 -5.753229e+01  0.000000e+00 
1  1.398227e+02  2.813832e+02  1.981000e+03  1.007264e-01 0  2.698665e-01  2.813832e+02 2  11.3985  2.779610e-01 -1.997845e-01  0  2.7630  1.600343e+11  0.000000e+00  0.000000e+00  1.398357e-01 -4.330591e+00  1.065485e+01  1  2.7630  1.524197e+09  0.000000e+00  0.000000e+00  1.353534e-01 -3.486204e+01  3.244360e-02  2  2.7630  1.513196e+12  6.109809e+00 -4.851155e+00  3.172310e-01 -1.415374e+02  3.676903e+00  3  2.7630  3.279959e+10  6.109809e+00 -4.851155e+00  3.122751e-01 -1.471177e+02  3.223350e-02  4  2.7630  1.139850e+01  0.000000e+00  0.000000e+00  1.497720e-01 -9.419415e+01  0.000000e+00 
3  1.419567e+02  6.019854e+01  6.473000e+03  3.021219e-01 6 -1.000000e+00  1.843239e+02 1  15.1574  2.539860e-01 -1.533659e-01 -1 -1.0000 -1.000000e+00 -1.000000e+00 -1.000000e+00 -1.000000e+00 -1.000000e+00 -1.000000e+00 -1 -1.0000 -1.000000e+00 -1.000000e+00 -1.000000e+00 -1.000000e+00 -1.000000e+00 -1.000000e+00  0  1.0260  6.881455e+11  0.000000e+00  0.000000e+00  4.021594e-01 -6.869986e+00  4.241195e+00  1  1.0260  1.893763e+10  0.000000e+00  0.000000e+00  2.124618e-02 -4.520438e+01  5.896671e-02  2  1.0260  1.515740e+01  0.000000e+00  0.000000e+00  1.361467e-01 -1.458612e+02  0.000000e+00 
2  1.317522e+02  1.410234e+02  9.072000e+03  4.515297e-01 6 -1.000000e+00  1.987683e+02 1   6.2178  3.173163e-02  9.443729e-02 -1 -1.0000 -1.000000e+00 -1.000000e+00 -1.000000e+00 -1.000000e+00 -1.000000e+00 -1.000000e+00 -1 -1.0000 -1.000000e+00 -1.000000e+00 -1.000000e+00 -1.000000e+00 -1.000000e+00 -1.000000e+00  0  2.4090  2.387281e+12  0.000000e+00  0.000000e+00  3.669983e-01  1.167337e+02  5.432678e+00  1  2.4090  4.423724e+10  0.000000e+00  0.000000e+00  6.768826e-02  1.597824e+02  2.090385e-02  2  2.4090  6.217770e+00  0.000000e+00  0.000000e+00  1.269914e-01 -8.516437e+01  0.000000e+00 
1  1.793442e+02  3.303441e+02  7.616000e+03  2.908661e+00 0 -1.000000e+00  3.303441e+02 2   4.6131  1.433644e+00  2.077136e+00 -1 -1.0000 -1.000000e+00 -1.000000e+00 -1.000000e+00 -1.000000e+00 -1.000000e+00 -1.000000e+00 -1 -1.0000 -1.000000e+00 -1.000000e+00 -1.000000e+00 -1.000000e+00 -1.000000e+00 -1.000000e+00  0  0.2380  3.313900e+13  0.000000e+00  0.000000e+00  2.321708e-01 -7.486378e+01  9.156872e+00  1  0.2380  2.930390e+11  0.000000e+00  0.000000e+00  2.749275e-01 -7.701147e+01  1.100308e+00  2  0.2380  4.613080e+00  0.000000e+00  0.000000e+00  1.717135e-01  1.403538e+02  0.000000e+00 
3  7.486007e+01  7.791235e+01  5.180000e+02  4.508581e-01 6 -1.000000e+00  1.402459e+02 3  19.3281  1.229684e-01  4.939413e-02 -1 -1.0000 -1.000000e+00 -1.000000e+00 -1.000000e+00 -1.000000e+00 -1.000000e+00 -1.000000e+00 -1 -1.0000 -1.000000e+00 -1.000000e+00 -1.000000e+00 -1.000000e+00 -1.000000e+00 -1.000000e+00  0  0.3060  5.433768e+11  0.000000e+00  0.000000e+00  2.338280e-01 -6.971250e+01  1.530650e+01  1  0.3060  2.060868e+10  0.000000e+00  0.000000e+00  4.374303e-01 -4.427116e+01  1.825439e-01  2  0.3060  1.932810e+01  0.000000e+00  0.000000e+00  4.997007e-02 -1.189940e+01  0.000000e+00 
4  4.588522e+01  7.228638e+01  2.195000e+03  9.605118e-01 6 -1.000000e+00  7.563425e+01 1   9.7981  1.077708e-01 -3.427545e-02 -1 -1.0000 -1.000000e+00 -1.000000e+00 -1.000000e+00 -1.000000e+00 -1.000000e+00 -1.000000e+00 -1 -1.0000 -1.000000e+00 -1.000000e+00 -1.000000e+00 -1.000000e+00 -1.000000e+00 -1.000000e+00  0  0.6720  2.918580e+12  0.000000e+00  0.000000e+00  3.339820e-01 -7.505711e+01  5.742489e+00  1  0.6720  9.159130e+10  0.000000e+00  0.000000e+00  2.558460e-01 -5.942746e+01  4.260838e-02  2  0.6720  9.798060e+00  0.000000e+00  0.000000e+00  1.556569e-01 -1.088778e+02  0.000000e+00 
3  1.720393e+02  8.481539e+01  7.304000e+03  6.755762e-01 6 -1.000000e+00  2.235762e+02 1  15.4606  6.618233e-01 -1.312257e-01 -1 -1.0000 -1.000000e+00 -1.000000e+00 -1.000000e+00 -1.000000e+00 -1.000000e+00 -1.000000e+00 -1 -1.0000 -1.000000e+00 -1.000000e+00 -1.000000e+00 -1.000000e+00 -1.000000e+00 -1.000000e+00  0  1.0600  1.873833e+12  0.000000e+00  0.000000e+00  2.020811e-01  1.372120e+02  7.373067e+00  1  1.0600  6.710800e+10  0.000000e+00  0.000000e+00  3.227822e-01  1.625719e+02  3.094237e-02  2  1.0600  1.546060e+01  0.000000e+00  0.000000e+00  2.524632e-01 -1.511909e+02  0.000000e+00 
3  1.455516e+02  1.270364e+02  1.513000e+03  3.447218e-01 6 -1.000000e+00  2.664251e+02 3   7.6753 -3.082094e-02 -1.494717e-01 -1 -1.0000 -1.000000e+00 -1.000000e+00 -1.000000e+00 -1.000000e+00 -1.000000e+00 -1.000000e+00 -1 -1.0000 -1.000000e+00 -1.000000e+00 -1.000000e+00 -1.000000e+00 -1.000000e+00 -1.000000e+00  0  1.2300  7.005035e+11  0.000000e+00  0.000000e+00  8.815482e-02  5.880110e+01  7.976681e+00  1  1.2300  1.464265e+10  0.000000e+00  0.000000e+00  2.364960e-01  1.027928e+02  3.220388e-02  2  1.2300  7.675350e+00  0.000000e+00  0.000000e+00  5.741929e-02 -2.199216e+01  0.000000e+00 
3  2.960236e+01  1.900828e+01  8.454000e+03  4.484629e-01 6 -1.000000e+00  3.843145e+01 1  15.4590  1.885478e-01 -3.233994e-01 -1 -1.0000 -1.000000e+00 -1.000000e+00 -1.000000e+00 -1.000000e+00 -1.000000e+00 -1.000000e+00 -1 -1.0000 -1.000000e+00 -1.000000e+00 -1.000000e+00 -1.000000e+00 -1.000000e+00 -1.000000e+00  0  1.0950  1.019476e+12  0.000000e+00  0.000000e+00  2.626901e-01 -8.809060e+01  7.487199e+00  1  1.0950  2.739700e+10  0.000000e+00  0.000000e+00  2.116910e-01 -4.468024e+01  8.754875e-02  2  1.0950  1.545900e+01  0.000000e+00  0.000000e+00  1.338931e-01  1.307016e+02  0.000000e+00 
3  8.323791e+02  4.067811e+02  2.832000e+03  2.376807e-01 6  2.907840e-01  1.133426e+03 1   1.8622  3.018071e-01  6.817049e-01  0  1.0320  6.484845e+11  0.000000e+00  0.000000e+00  1.243026e-01 -1.863599e+00  1.216032e+01  1  1.0320  2.705323e+10  0.000000e+00  0.000000e+00  2.003910e-01 -5.700124e+00  7.385225e-02  2  1.0320  8.410307e+12  1.467249e+00  1.607448e+01  1.135668e-01  1.585537e+02  3.764308e+00  3  1.0320  1.261095e+11  1.467249e+00  1.607448e+01  4.221638e-01  1.975349e+02  1.588949e-01  4  1.0320  1.862180e+00  0.000000e+00  0.000000e+00  4.301248e-02 -8.721717e+01  0.000000e+00 
3  3.296602e+02  5.205936e+02  1.144000e+03  1.078093e+00 6  3.027337e-01  5.776695e+02 3   5.8131 -8.147898e-02 -3.688283e+00  0  0.4800  2.533699e+12  0.000000e+00  0.000000e+00  3.753372e-01  1.482197e+01  1.653720e+01  1  0.4800  8.265970e+10  0.000000e+00  0.000000e+00  2.966155e-01  6.627695e+01  3.893363e-01  2  0.4800  5.723986e+13  8.917601e+00 -1.268925e+02  4.675319e-01 -1.783920e+02  5.493248e+00  3  0.4800  2.907401e+11  8.917601e+00 -1.268925e+02  1.952222e-01 -1.577852e+02  4.318055e-01  4  0.4800  5.813100e+00  0.000000e+00  0.000000e+00  9.525398e-02  1.364524e+02  0.000000e+00 
3  1.247861e+02  6.835868e+01  8.357000e+03  6.418706e-01 6 -1.000000e+00  1.692351e+02 1   8.2554  4.346300e-01  3.542651e-01 -1 -1.0000 -1.000000e+00 -1.000000e+00 -1.000000e+00 -1.000000e+00 -1.000000e+00 -1.000000e+00 -1 -1.0000 -1.000000e+00 -1.000000e+00 -1.000000e+00 -1.000000e+00 -1.000000e+00 -1.000000e+00  0  0.5260  1.739475e+12  0.000000e+00  0.000000e+00  7.613503e-02  9.483973e+01  6.087346e+00  1  0.5260  5.397895e+10  0.000000e+00  0.000000e+00  6.275480e-01  5.746702e+01  1.136799e-01  2  0.5260  8.255370e+00  0.000000e+00  0.000000e+00  8.115615e-02 -7.593315e+01  0.000000e+00 
1  9.560157e+01  1.680527e+02  8.552000e+03  2.069460e-01 0  3.007317e-01  1.680527e+02 2  10.6542  6.075716e-01 -5.270034e-01  0  0.7220  9.538537e+10  0.000000e+00  0.000000e+00  2.915911e-01 -1.441610e+01  3.725621e+01  1  0.7220  8.972626e+08  0.000000e+00  0.000000e+00  7.002609e-02  3.755965e+00  2.138630e-01  2  0.7220  1.027722e+12  1.713098e+00 -8.435985e-01  3.670485e-01  1.131701e+02  1.105080e+01  3  0.7220  3.613195e+10  1.713098e+00 -8.435985e-01  5.047704e-01  1.107802e+02  2.076331e-01  4  0.7220  1.065420e+01  0.000000e+00  0.000000e+00  5.339808e-02  3.198480e+01  0.000000e+00 
3  4.480339e+02  1.979521e+02  3.594000e+03  1.524358e-01 6 -1.000000e+00  5.798831e+02 1   9.6932 -9.367618e-02  1.167439e-01 -1 -1.0000 -1.000000e+00 -1.000000e+00 -1.000000e+00 -1.000000e+00 -1.000000e+00 -1.000000e+00 -1 -1.0000 -1.000000e+00 -1.000000e+00 -1.000000e+00 -1.000000e+00 -1.000000e+00 -1.000000e+00  0  2.2730  5.339723e+11  0.000000e+00  0.000000e+00  3.673073e-01  1.332840e+02  4.121699e+00  1  2.2730  5.606438e+09  0.000000e+00  0.000000e+00  1.044266e-01  1.057268e+02  2.145808e-02  2  2.2730  9.693180e+00  0.000000e+00  0.000000e+00  1.308450e-01 -1.440531e+01  0.000000e+00 
1  2.962530e+02  5.298215e+02  4.800000e+01  1.560618e+00 0 -1.000000e+00  5.298215e+02 2   3.8727 -1.764777e+00 -3.404272e-02 -1 -1.0000 -1.000000e+00 -1.000000e+00 -1.000000e+00 -1.000000e+00 -1.000000e+00 -1.000000e+00 -1 -1.0000 -1.000000e+00 -1.000000e+00 -1.000000e+00 -1.000000e+00 -1.000000e+00 -1.000000e+00  0  0.7780  2.125042e+13  0.000000e+00  0.000000e+00  5.923074e-02 -1.185285e+02  6.003469e+00  1  0.7780  1.202982e+11  0.000000e+00  0.000000e+00  4.682825e-01 -1.123397e+02  1.591409e-01  2  0.7780  3.872710e+00  0.000000e+00  0.000000e+00  9.461223e-02  9.931962e+01  0.000000e+00 
3  3.449924e+02  1.542650e+02  7.488000e+03  9.346453e-01 6 -1.000000e+00  4.705383e+02 1   8.5298 -2.852773e-01  9.002638e-01 -1 -1.0000 -1.000000e+00 -1.000000e+00 -1.000000e+00 -1.000000e+00 -1.000000e+00 -1.000000e+00 -1 -1.0000 -1.000000e+00 -1.000000e+00 -1.000000e+00 -1.000000e+00 -1.000000e+00 -1.000000e+00  0  0.8180  4.085850e+12  0.000000e+00  0.000000e+00  1.156027e-01 -2.641180e+01  9.727668e+00  1  0.8180  7.764221e+10  0.000000e+00  0.000000e+00  3.720311e-01 -6.377450e+00  5.857947e-02  2  0.8180  8.529840e+00  0.000000e+00  0.000000e+00  1.818552e-01 -9.828929e+01  0.000000e+00 
3  2.552409e+02  1.656025e+02  2.038000e+03  6.967343e-01 6 -1.000000e+00  3.493909e+02 1  14.6081  5.823363e-01  6.476895e-03 -1 -1.0000 -1.000000e+00 -1.000000e+00 -1.000000e+00 -1.000000e+00 -1.000000e+00 -1.000000e+00 -1 -1.0000 -1.000000e+00 -1.000000e+00 -1.000000e+00 -1.000000e+00 -1.000000e+00 -1.000000e+00  0  1.9550  5.529438e+12  0.000000e+00  0.000000e+00  4.042517e-01 -2.953553e+01  4.439068e+00  1  1.9550  7.635593e+10  0.000000e+00  0.000000e+00  3.639871e-01 -1.426354e+01  9.445486e-02  2  1.9550  1.460810e+01  0.000000e+00  0.000000e+00  1.347106e-01  1.539003e+02  0.000000e+00 
3  3.026449e+02  1.934532e+02  4.519000e+03  2.766570e-01 6 -1.000000e+00  4.099739e+02 1  14.0773 -1.555894e-02 -1.987378e-01 -1 -1.0000 -1.000000e+00 -1.000000e+00 -1.000000e+00 -1.000000e+00 -1.000000e+00 -1.000000e+00 -1 -1.0000 -1.000000e+00 -1.000000e+00 -1.000000e+00 -1.000000e+00 -1.000000e+00 -1.000000e+00  0  2.3650  9.133874e+11  0.000000e+00  0.000000e+00  1.533561e-01 -1.029227e+02  3.212256e+00  1  2.3650  1.611709e+10  0.000000e+00  0.000000e+00  2.800491e-01 -9.312800e+01  6.557263e-02  2  2.3650  1.407730e+01  0.000000e+00  0.000000e+00  1.337879e-01  1.182271e+02  0.000000e+00 
3  2.642637e+02  1.400677e+02  7.291000e+03  1.046910e+00 6 -1.000000e+00  3.864407e+02 1  17.4723  3.939252e-01 -7.439128e-01 -1 -1.0000 -1.000000e+00 -1.000000e+00 -1.000000e+00 -1.000000e+00 -1.000000e+00 -1.000000e+00 -1 -1.0000 -1.000000e+00 -1.000000e+00 -1.000000e+00 -1.000000e+00 -1.000000e+00 -1.000000e+00  0  0.8450  5.397863e+12  0.000000e+00  0.000000e+00  2.119944e-01 -6.732893e+01  6.496485e+00  1  0.8450  8.338864e+10  0.000000e+00  0.000000e+00  2.499236e-01 -4.839093e+01  5.826710e-02  2  0.8450  1.747230e+01  0.000000e+00  0.000000e+00  2.039251e-02 -1.484896e+01  0.000000e+00 
1  2.220290e+02  4.984022e+02  1.478000e+03  6.744555e-02 0  2.774134e-01  4.984022e+02 2  15.4595 -1.903734e-02 -2.064337e-01  0  2.3890  4.063647e+10  0.000000e+00  0.000000e+00  3.172167e-01 -3.026518e+01  2.169600e+01  1  2.3890  7.047747e+07  0.000000e+00  0.000000e+00  3.225843e-01 -8.436543e+01  6.298180e-02  2  2.3890  3.176058e+11  1.705986e-01 -1.358862e+00  2.309642e-01  5.730236e+01  2.831501e+00  3  2.3890  2.204108e+09  1.705986e-01 -1.358862e+00  5.191930e-01  3.640197e+01  2.104160e-02  4  2.3890  1.545950e+01  0.000000e+00  0.000000e+00  2.977452e-02  1.354933e+02  0.000000e+00 
3  1.347985e+01  1.363747e+01  9.888000e+03  5.232050e-01 6 -1.000000e+00  1.879170e+01 1  15.4610  1.663832e-01  2.284280e-01 -1 -1.0000 -1.000000e+00 -1.000000e+00 -1.000000e+00 -1.000000e+00 -1.000000e+00 -1.000000e+00 -1 -1.0000 -1.000000e+00 -1.000000e+00 -1.000000e+00 -1.000000e+00 -1.000000e+00 -1.000000e+00  0  0.4550  8.495613e+11  0.000000e+00  0.000000e+00  3.717206e-01  9.485633e+01  5.018440e+00  1  0.4550  4.921072e+10  0.000000e+00  0.000000e+00  2.030127e-01  8.539095e+01  3.218010e-01  2  0.4550  1.546100e+01  0.000000e+00  0.000000e+00  7.070258e-02 -1.593983e+02  0.000000e+00 
1  5.791425e+01  2.126782e+02  3.102000e+03  1.026550e-01 0 -1.000000e+00  2.126782e+02 2  10.4366 -3.174180e-03  7.602760e-02 -1 -1.0000 -1.000000e+00 -1.000000e+00 -1.000000e+00 -1.000000e+00 -1.000000e+00 -1.000000e+00 -1 -1.0000 -1.000000e+00 -1.000000e+00 -1.000000e+00 -1.000000e+00 -1.000000e+00 -1.000000e+00  0  1.4060  3.405222e+11  0.000000e+00  0.000000e+00  5.886003e-02  1.685154e+02  5.282514e+00  1  1.4060  3.584938e+09  0.000000e+00  0.000000e+00  1.483879e-01  1.243129e+02  6.716728e-02  2  1.4060  1.043660e+01  0.000000e+00  0.000000e+00  2.273329e-01 -1.749672e+02  0.000000e+00 
3  8.671353e+01  6.653616e+01  4.174000e+03  5.591103e-01 6 -1.000000e+00  1.303624e+02 1  11.3974 -2.634322e-01  8.027821e-03 -1 -1.0000 -1.000000e+00 -1.000000e+00 -1.000000e+00 -1.000000e+00 -1.000000e+00 -1.000000e+00 -1 -1.0000 -1.000000e+00 -1.000000e+00 -1.000000e+00 -1.000000e+00 -1.000000e+00 -1.000000e+00  0  0.6860  1.810455e+12  0.000000e+00  0.000000e+00  7.117507e-02  6.933296e+01  5.378568e+00  1  0.6860  5.052872e+10  0.000000e+00  0.000000e+00  1.210685e-01  9.713039e+01  2.028223e-01  2  0.6860  1.139740e+01  0.000000e+00  0.000000e+00  1.804108e-01  5.272048e+01  0.000000e+00 
3  2.680666e+02  4.116894e+02  9.622000e+03  5.982517e-01 6  2.907717e-01  8.799717e+02 3   8.8034  1.210610e+00 -4.706925e-01  0  0.8990  8.349774e+11  0.000000e+00  0.000000e+00  3.148131e-01 -1.694790e+02  1.453223e+01  1  0.8990  4.637972e+10  0.000000e+00  0.000000e+00  2.907884e-01 -2.006362e+02  7.406000e-02  2  0.8990  8.345645e+12  2.913433e+01 -1.728048e+01  3.132158e-01  4.798230e+01  3.611933e+00  3  0.8990  1.074409e+11  2.913433e+01 -1.728048e+01  1.213214e-01  2.451738e+01  1.418742e-01  4  0.8990  8.803420e+00  0.000000e+00  0.000000e+00  4.732436e-02 -1.334028e+02  0.000000e+00 
3  4.072138e+01  1.815709e+01  4.637000e+03  4.251616e-01 6 -1.000000e+00  4.932097e+01 1  12.4615  2.071740e-02 -4.471566e-01 -1 -1.0000 -1.000000e+00 -1.000000e+00 -1.000000e+00 -1.000000e+00 -1.000000e+00 -1.000000e+00 -1 -1.0000 -1.000000e+00 -1.000000e+00 -1.000000e+00 -1.000000e+00 -1.000000e+00 -1.000000e+00  0  0.9460  1.022009e+12  0.000000e+00  0.000000e+00  5.912330e-02 -1.067645e+02  4.121789e+00  1  0.9460  3.640656e+10  0.000000e+00  0.000000e+00  1.702337e-01 -1.251165e+02  1.050100e-01  2  0.9460  1.246150e+01  0.000000e+00  0.000000e+00  1.757266e-01  1.187857e+02  0.000000e+00 
3  9.010902e+01  5.737288e+01  1.319000e+03  4.986699e-01 6 -1.000000e+00  1.568274e+02 3   5.3584  2.972503e-01 -3.526703e-02 -1 -1.0000 -1.000000e+00 -1.000000e+00 -1.000000e+00 -1.000000e+00 -1.000000e+00 -1.000000e+00 -1 -1.0000 -1.000000e+00 -1.000000e+00 -1.000000e+00 -1.000000e+00 -1.000000e+00 -1.000000e+00  0  1.7400  1.527158e+12  0.000000e+00  0.000000e+00  3.767282e-01  9.773274e+01  6.149921e+00  1  1.7400  5.450090e+10  0.000000e+00  0.000000e+00  6.825694e-02 -1.349602e+01  2.874655e-02  2  1.7400  5.358400e+00  0.000000e+00  0.000000e+00  7.890045e-02 -1.474151e+02  0.000000e+00 
3  4.328753e+02  1.803358e+02  8.286000e+03  3.886941e-01 6 -1.000000e+00  5.416037e+02 1   8.5294 -1.752563e-01  3.527532e-01 -1 -1.0000 -1.000000e+00 -1.000000e+00 -1.000000e+00 -1.000000e+00 -1.000000e+00 -1.000000e+00 -1 -1.0000 -1.000000e+00 -1.000000e+00 -1.000000e+00 -1.000000e+00 -1.000000e+00 -1.000000e+00  0  0.9280  8.679146e+11  0.000000e+00  0.000000e+00  7.815084e-02 -1.726298e+02  5.092142e+00  1  0.9280  2.544367e+10  0.000000e+00  0.000000e+00  1.538383e-01 -1.201436e+02  5.064204e-02  2  0.9280  8.529370e+00  0.000000e+00  0.000000e+00  8.361034e-02 -5.640371e+01  0.000000e+00 
3  2.616782e+02  4.065678e+02  5.384000e+03  5.947156e-01 6 -1.000000e+00  4.964871e+02 3   5.5531 -1.245143e-03 -7.611765e-02 -1 -1.0000 -1.000000e+00 -1.000000e+00 -1.000000e+00 -1.000000e+00 -1.000000e+00 -1.000000e+00 -1 -1.0000 -1.000000e+00 -1.000000e+00 -1.000000e+00 -1.000000e+00 -1.000000e+00 -1.000000e+00  0  1.5420  3.748060e+12  0.000000e+00  0.000000e+00  1.669277e-01  1.062766e+02  2.251005e+00  1  1.5420  7.235967e+10  0.000000e+00  0.000000e+00  2.533943e-01  7.800674e+01  3.936958e-02  2  1.5420  5.553120e+00  0.000000e+00  0.000000e+00  9.318419e-02  3.239984e+01  0.000000e+00 
1  4.537791e+01  1.180323e+02  1.204000e+03  8.497561e-02 0  2.963360e-01  1.180323e+02 2  12.0744  1.441833e-01  9.228442e-02  0  1.7840  9.352223e+09  0.000000e+00  0.000000e+00  2.570266e-01 -1.060583e+02  4.917353e+01  1  1.7840  5.406085e+06  0.000000e+00  0.000000e+00  4.854114e-01 -3.115857e+01  6.653337e-02  2  1.7840  7.542081e+11  3.932752e-01  3.091200e-01  3.030710e-01  1.368507e+02  7.273795e+00  3  1.7840  1.262728e+10  3.932752e-01  3.091200e-01  1.784410e-01  1.909815e+02  5.692501e-02  4  1.7840  1.207440e+01  0.000000e+00  0.000000e+00  4.108696e-02 -4.505751e+01  0.000000e+00 
3  1.233141e+02  8.082778e+01  4.868000e+03  1.523827e-01 6 -1.000000e+00  4.223042e+02 2   9.7984  5.579490e-03  8.546214e-02 -1 -1.0000 -1.000000e+00 -1.000000e+00 -1.000000e+00 -1.000000e+00 -1.000000e+00 -1.000000e+00 -1 -1.0000 -1.000000e+00 -1.000000e+00 -1.000000e+00 -1.000000e+00 -1.000000e+00 -1.000000e+00  0  2.3620  7.405486e+11  0.000000e+00  0.000000e+00  1.918361e-01 -4.925774e+01  3.717098e+00  1  2.3620  8.716223e+09  0.000000e+00  0.000000e+00  2.879736e-01 -3.580836e+01  5.421244e-02  2  2.3620  9.798400e+00  0.000000e+00  0.000000e+00  1.994792e-01 -1.764888e+02  0.000000e+00 
3  5.951825e+01  6.994045e+01  5.740000e+02  5.194514e-01 6  3.024358e-01  9.040629e+01 1   4.4220 -9.606624e-01 -1.473932e+00  0  0.6550  6.089322e+11  0.000000e+00  0.000000e+00  1.326935e-01  3.613027e+01  2.129255e+01  1  0.6550  3.044852e+10  0.000000e+00  0.000000e+00  1.831049e-01  1.707739e+01  2.135850e-01  2  0.6550  1.246210e+13 -2.073495e+01 -2.456247e+01  2.316904e-01 -9.306293e+01  3.701202e+00  3  0.6550  1.190012e+11 -2.073495e+01 -2.456247e+01  4.950589e-01 -8.188792e+01  2.100571e-01  4  0.6550  4.421980e+00  0.000000e+00  0.000000e+00  1.370632e-01  4.167545e+01  0.000000e+00 
3  2.752842e+02  1.213518e+02  3.159000e+03  7.448446e-01 6 -1.000000e+00  3.441976e+02 1  13.9053  8.759732e-01  3.231027e-01 -1 -1.0000 -1.000000e+00 -1.000000e+00 -1.000000e+00 -1.000000e+00 -1.000000e+00 -1.000000e+00 -1 -1.0000 -1.000000e+00 -1.000000e+00 -1.000000e+00 -1.000000e+00 -1.000000e+00 -1.000000e+00  0  0.8590  2.330183e+12  0.000000e+00  0.000000e+00  1.453546e-01  1.161081e+02  1.050347e+01  1  0.8590  7.184010e+10  0.000000e+00  0.000000e+00  6.463065e-01  1.567282e+02  5.390353e-02  2  0.8590  1.390530e+01  0.000000e+00  0.000000e+00  2.614249e-01 -1.713780e+02  0.000000e+00 
3  1.254576e+02  8.196846e+01  3.450000e+02  1.275000e+00 6 -1.000000e+00  1.967533e+02 1  12.4610  1.638797e-01  8.846260e-01 -1 -1.0000 -1.000000e+00 -1.000000e+00 -1.000000e+00 -1.000000e+00 -1.000000e+00 -1.000000e+00 -1 -1.0000 -1.000000e+00 -1.000000e+00 -1.000000e+00 -1.000000e+00 -1.000000e+00 -1.000000e+00  0  0.9360  1.209797e+13  0.000000e+00  0.000000e+00  2.358939e-01 -1.108052e+02  5.176599e+00  1  0.9360  1.372722e+11  0.000000e+00  0.000000e+00  3.574536e-01 -1.390221e+02  2.069086e-01  2  0.9360  1.246100e+01  0.000000e+00  0.000000e+00  3.681361e-02 -1.477401e+02  0.000000e+00 
3  1.017870e+02  1.786831e+02  5.370000e+03  1.415996e-01 6  2.739629e-01  1.984435e+02 3   7.1904  1.284277e-01  3.592574e-01  0  2.0130  3.508799e+11  0.000000e+00  0.000000e+00  1.199997e-01 -5.142893e+00  7.126281e+00  1  2.0130  4.913842e+09  0.000000e+00  0.000000e+00  3.062519e-01  1.069129e+01  1.457663e-02  2  2.0130  1.444957e+12  1.285583e+00  2.929843e+00  3.693345e-01  1.460032e+02  3.264205e+00  3  2.0130  3.780128e+10  1.285583e+00  2.929843e+00  4.823321e-01  1.707613e+02  3.869837e-02  4  2.0130  7.190400e+00  0.000000e+00  0.000000e+00  1.479875e-01  7.721607e+01  0.000000e+00 
3  9.804167e+01  1.582437e+02  6.870000e+02  2.172598e+00 6 -1.000000e+00  1.642919e+02 1   8.5126  1.051933e+00 -2.473862e-01 -1 -1.0000 -1.000000e+00 -1.000000e+00 -1.000000e+00 -1.000000e+00 -1.000000e+00 -1.000000e+00 -1 -1.0000 -1.000000e+00 -1.000000e+00 -1.000000e+00 -1.000000e+00 -1.000000e+00 -1.000000e+00  0  0.4820  4.537040e+13  0.000000e+00  0.000000e+00  3.979332e-01  1.375531e+02  5.966757e+00  1  0.4820  2.545030e+11  0.000000e+00  0.000000e+00  2.266634e-01  1.704454e+02  7.101708e-01  2  0.4820  8.512580e+00  0.000000e+00  0.000000e+00  1.028313e-01  1.780820e+02  0.000000e+00 
3  2.273894e+02  1.177951e+02  6.513000e+03  4.380872e-01 6  2.956943e-01  3.386226e+02 1   7.2488  1.309755e+00  1.188171e+00  0  0.8480  4.899892e+11  0.000000e+00  0.000000e+00  2.867953e-01  9.252995e+00  1.487968e+01  1  0.8480  1.706808e+10  0.000000e+00  0.000000e+00  1.111389e-01  3.023138e+01  2.376538e-02  2  0.8480  7.212580e+12  6.540191e+00  6.683884e+00  1.470917e-01 -8.991989e+01  7.635707e+00  3  0.8480  7.647483e+10  6.540191e+00  6.683884e+00  4.089079e-01 -6.224255e+01  1.227572e-01  4  0.8480  7.248810e+00  0.000000e+00  0.000000e+00  9.588330e-02  6.433884e+01  0.000000e+00 
3  5.190610e+02  3.251623e+02  1.925000e+03  1.080591e+00 6 -1.000000e+00  7.163853e+02 1   6.9294  3.134619e-01 -3.714221e-01 -1 -1.0000 -1.000000e+00 -1.000000e+00 -1.000000e+00 -1.000000e+00 -1.000000e+00 -1.000000e+00 -1 -1.0000 -1.000000e+00 -1.000000e+00 -1.000000e+00 -1.000000e+00 -1.000000e+00 -1.000000e+00  0  0.7000  2.141795e+12  0.000000e+00  0.000000e+00  2.070181e-01 -8.860526e+01  9.826780e+00  1  0.7000  6.439171e+10  0.000000e+00  0.000000e+00  5.234179e-01 -8.431816e+01  1.091117e-01  2  0.7000  6.929350e+00  0.000000e+00  0.000000e+00  1.762939e-01 -1.019810e+02  0.000000e+00 
3  7.873072e+01  7.770335e+01  2.430000e+02  3.159861e-01 6 -1.000000e+00  1.132171e+02 1   3.2883  1.164985e-01 -2.503074e-02 -1 -1.0000 -1.000000e+00 -1.000000e+00 -1.000000e+00 -1.000000e+00 -1.000000e+00 -1.000000e+00 -1 -1.0000 -1.000000e+00 -1.000000e+00 -1.000000e+00 -1.000000e+00 -1.000000e+00 -1.000000e+00  0  1.6520  1.374744e+12  0.000000e+00  0.000000e+00  2.848270e-01  3.591735e+01  5.629023e+00  1  1.6520  5.201625e+10  0.000000e+00  0.000000e+00  4.333863e-01  3.756302e+01  4.135576e-02  2  1.6520  3.288290e+00  0.000000e+00  0.000000e+00  6.968085e-02  1.250989e+01  0.000000e+00 
3  7.864361e+01  1.531074e+01  5.762000e+03  3.100338e-01 6 -1.000000e+00  1.473678e+02 2   6.2492 -2.410449e-01 -4.471611e-01 -1 -1.0000 -1.000000e+00 -1.000000e+00 -1.000000e+00 -1.000000e+00 -1.000000e+00 -1.000000e+00 -1 -1.0000 -1.000000e+00 -1.000000e+00 -1.000000e+00 -1.000000e+00 -1.000000e+00 -1.000000e+00  0  1.7910  1.322932e+12  0.000000e+00  0.000000e+00  4.947311e-01 -4.729670e+01  4.992598e+00  1  1.7910  3.329034e+10  0.000000e+00  0.000000e+00  3.863547e-01 -1.541272e+01  2.823934e-02  2  1.7910  6.249240e+00  0.000000e+00  0.000000e+00  1.952701e-01  1.671918e+02  0.000000e+00 
3  6.548661e+01  2.794156e+01  3.276000e+03  4.883920e-01 6 -1.000000e+00  8.469147e+01 1  10.9972 -4.196845e-01 -2.371129e-01 -1 -1.0000 -1.000000e+00 -1.000000e+00 -1.000000e+00 -1.000000e+00 -1.000000e+00 -1.000000e+00 -1 -1.0000 -1.000000e+00 -1.000000e+00 -1.000000e+00 -1.000000e+00 -1.000000e+00 -1.000000e+00  0  0.9960  1.518170e+12  0.000000e+00  0.000000e+00  1.216350e-01 -2.366684e+01  3.416443e+00  1  0.9960  4.536831e+10  0.000000e+00  0.000000e+00  6.814926e-02 -3.267563e+01  5.312302e-02  2  0.9960  1.099720e+01  0.000000e+00  0.000000e+00  4.787772e-02 -1.366399e+01  0.000000e+00 
3  6.089500e+01  5.085668e+01  2.359000e+03  3.889611e-01 6 -1.000000e+00  9.979617e+01 1   7.4930  1.120053e-01 -1.111246e-01 -1 -1.0000 -1.000000e+00 -1.000000e+00 -1.000000e+00 -1.000000e+00 -1.000000e+00 -1.000000e+00 -1 -1.0000 -1.000000e+00 -1.000000e+00 -1.000000e+00 -1.000000e+00 -1.000000e+00 -1.000000e+00  0  1.2220  8.216664e+11  0.000000e+00  0.000000e+00  3.275765e-01  9.444880e+01  4.437491e+00  1  1.2220  2.851817e+10  0.000000e+00  0.000000e+00  2.280383e-01  6.806966e+01  5.397537e-02  2  1.2220  7.493010e+00  0.000000e+00  0.000000e+00  3.454589e-02  4.313661e+01  0.000000e+00 
1  2.607068e+02  4.648433e+02  6.918000e+03  3.552757e+00 0 -1.000000e+00  4.648433e+02 2  14.1042 -6.061593e+00  3.011587e+00 -1 -1.0000 -1.000000e+00 -1.000000e+00 -1.000000e+00 -1.000000e+00 -1.000000e+00 -1.000000e+00 -1 -1.0000 -1.000000e+00 -1.000000e+00 -1.000000e+00 -1.000000e+00 -1.000000e+00 -1.000000e+00  0  1.2480  6.628912e+13  0.000000e+00  0.000000e+00  4.367775e-01  4.954043e+01  4.128057e+00  1  1.2480  2.172615e+11  0.000000e+00  0.000000e+00  6.829071e-02  7.076185e+01  2.302181e-01  2  1.2480  1.410420e+01  0.000000e+00  0.000000e+00  6.834978e-02 -1.032627e+02  0.000000e+00 
3  3.577461e+01  3.624791e+01  7.200000e+01  7.346330e-01 6  2.754295e-01  5.469716e+01 1  15.9164 -3.266131e-01  1.292738e+00  0  1.5580  1.535865e+12  0.000000e+00  0.000000e+00  4.245191e-01 -5.774423e+01  8.653768e+00  1  1.5580  5.224950e+10  0.000000e+00  0.000000e+00  3.617362e-01 -3.954909e+01  6.693782e-02  2  1.5580  7.748062e+12 -4.265133e+00  6.454910e+00  3.209056e-01 -9.645820e+01  3.913211e+00  3  1.5580  7.810947e+10 -4.265133e+00  6.454910e+00  2.810774e-01 -1.083003e+02  5.771598e-02  4  1.5580  1.591640e+01  0.000000e+00  0.000000e+00  1.623923e-01 -2.079860e+01  0.000000e+00 
3  2.656211e+02  2.218772e+02  5.843000e+03  8.953360e-01 6  3.078019e-01  4.794321e+02 3   7.4778  1.971214e+00  2.174504e+00  0  0.6300  7.566073e+11  0.000000e+00  0.000000e+00  1.818073e-01 -5.951587e+01  3.280258e+01  1  0.6300  3.673872e+10  0.000000e+00  0.000000e+00  1.880956e-01 -1.036865e+01  1.078349e-01  2  0.6300  2.561243e+13  2.862778e+01  3.329139e+01  3.115891e-01  1.195029e+02  4.327626e+00  3  0.6300  1.742672e+11  2.862778e+01  3.329139e+01  2.481463e-01  2.092001e+02  3.012592e-01  4  0.6300  7.477780e+00  0.000000e+00  0.000000e+00  1.153923e-01  5.999069e+01  0.000000e+00 
3  6.400572e+01  4.128421e+01  5.420000e+02  5.782055e-01 6 -1.000000e+00  9.865392e+01 1  12.7510 -2.257715e-01 -2.123493e-01 -1 -1.0000 -1.000000e+00 -1.000000e+00 -1.000000e+00 -1.000000e+00 -1.000000e+00 -1.000000e+00 -1 -1.0000 -1.000000e+00 -1.000000e+00 -1.000000e+00 -1.000000e+00 -1.000000e+00 -1.000000e+00  0  0.7340  7.462832e+11  0.000000e+00  0.000000e+00  1.611165e-03 -3.874326e+01  1.054692e+01  1  0.7340  2.734503e+10  0.000000e+00  0.000000e+00  4.402819e-01 -8.081428e+01  1.056704e-01  2  0.7340  1.275100e+01  0.000000e+00  0.000000e+00  1.494009e-01  1.706810e+02  0.000000e+00 
3  1.218789e+02  8.847942e+01  3.551000e+03  5.964906e-01 6 -1.000000e+00  1.929909e+02 1   7.5765 -1.266268e-01 -3.155344e-01 -1 -1.0000 -1.000000e+00 -1.000000e+00 -1.000000e+00 -1.000000e+00 -1.000000e+00 -1.000000e+00 -1 -1.0000 -1.000000e+00 -1.000000e+00 -1.000000e+00 -1.000000e+00 -1.000000e+00 -1.000000e+00  0  1.6280  1.712202e+12  0.000000e+00  0.000000e+00  4.293765e-02  6.681741e+01  7.740386e+00  1  1.6280  3.889881e+10  0.000000e+00  0.000000e+00  3.860830e-01  1.137066e+02  4.346117e-02  2  1.6280  7.576520e+00  0.000000e+00  0.000000e+00  3.742590e-02 -7.546322e+01  0.000000e+00 
2  1.514156e+01  7.485846e+00  2.466000e+03  6.314268e-01 6 -1.000000e+00  2.271722e+01 1   6.5046 -6.462560e-02  4.963829e-01 -1 -1.0000 -1.000000e+00 -1.000000e+00 -1.000000e+00 -1.000000e+00 -1.000000e+00 -1.000000e+00 -1 -1.0000 -1.000000e+00 -1.000000e+00 -1.000000e+00 -1.000000e+00 -1.000000e+00 -1.000000e+00  0  1.6300  5.253718e+12  0.000000e+00  0.000000e+00  2.919419e-01  1.226844e+01  2.697390e+00  1  1.6300  7.961158e+10  0.000000e+00  0.000000e+00  3.723663e-01  1.234391e+02  2.272379e-02  2  1.6300  6.504570e+00  0.000000e+00  0.000000e+00  8.652916e-02 -4.793220e+01  0.000000e+00 
3  6.616475e+01  5.375720e+01  7.220000e+02  4.595486e-01 6 -1.000000e+00  9.203239e+01 1   3.0955  3.770717e-04  2.293283e-01 -1 -1.0000 -1.000000e+00 -1.000000e+00 -1.000000e+00 -1.000000e+00 -1.000000e+00 -1.000000e+00 -1 -1.0000 -1.000000e+00 -1.000000e+00 -1.000000e+00 -1.000000e+00 -1.000000e+00 -1.000000e+00  0  0.8500  1.151616e+12  0.000000e+00  0.000000e+00  1.120699e-01 -5.604385e+01  6.004323e+00  1  0.8500  4.372514e+10  0.000000e+00  0.000000e+00  1.177756e-01 -6.735530e+01  7.661657e-02  2  0.8500  3.095490e+00  0.000000e+00  0.000000e+00  1.078834e-01 -4.470932e+01  0.000000e+00 
1  5.731266e+01  1.013944e+02  9.122000e+03  1.511226e+00 0  2.771131e-01  1.013944e+02 2   8.8480  9.941806e-01 -5.722423e-01  0  0.9230  7.448898e+12  0.000000e+00  0.000000e+00  2.748414e-01 -3.544874e+01  9.339136e+00  1  0.9230  1.010851e+11  0.000000e+00  0.000000e+00  1.725726e-01 -2.823766e+01  1.959511e-01  2  0.9230  2.323065e+13  3.107582e+01  5.787478e-01  4.324717e-01  9.765213e+01  2.820080e+00  3  0.9230  1.709838e+11  3.107582e+01  5.787478e-01  4.707585e-01  8.935808e+01  1.597429e-01  4  0.9230  8.847950e+00  0.000000e+00  0.000000e+00  8.707292e-02  5.974894e+01  0.000000e+00 
3  1.651314e+01  1.712218e+01  2.412000e+03  5.899293e-01 6 -1.000000e+00  2.993123e+01 3   7.5767 -6.836185e-02  2.231328e-01 -1 -1.0000 -1.000000e+00 -1.000000e+00 -1.000000e+00 -1.000000e+00 -1.000000e+00 -1.000000e+00 -1 -1.0000 -1.000000e+00 -1.000000e+00 -1.000000e+00 -1.000000e+00 -1.000000e+00 -1.000000e+00  0  1.5820  5.832758e+12  0.000000e+00  0.000000e+00  3.315897e-01 -3.151751e+00  3.517552e+00  1  1.5820  8.910489e+10  0.000000e+00  0.000000e+00  4.082221e-01 -3.304811e+01  1.031541e-01  2  1.5820  7.576700e+00  0.000000e+00  0.000000e+00  4.628379e-02 -5.224762e+01  0.000000e+00 
3  5.097372e+01  2.512679e+01  7.853000e+03  2.578602e-01 6 -1.000000e+00  6.502553e+01 1  18.0156 -2.265367e-01 -4.048498e-02 -1 -1.0000 -1.000000e+00 -1.000000e+00 -1.000000e+00 -1.000000e+00 -1.000000e+00 -1.000000e+00 -1 -1.0000 -1.000000e+00 -1.000000e+00 -1.000000e+00 -1.000000e+00 -1.000000e+00 -1.000000e+00  0  2.6900  1.007289e+12  0.000000e+00  0.000000e+00  1.546882e-01  9.744572e+00  2.290585e+00  1  2.6900  1.336701e+10  0.000000e+00  0.000000e+00  2.041192e-01  8.669815e+01  2.525033e-02  2  2.6900  1.801560e+01  0.000000e+00  0.000000e+00  1.673457e-01  6.041441e+00  0.000000e+00 
3  2.078100e+01  1.492147e+01  5.590000e+02  4.997653e-01 6 -1.000000e+00  2.693030e+01 1  11.8326  3.560300e-01 -1.493921e-01 -1 -1.0000 -1.000000e+00 -1.000000e+00 -1.000000e+00 -1.000000e+00 -1.000000e+00 -1.000000e+00 -1 -1.0000 -1.000000e+00 -1.000000e+00 -1.000000e+00 -1.000000e+00 -1.000000e+00 -1.000000e+00  0  0.9970  1.147799e+12  0.000000e+00  0.000000e+00  3.257902e-01 -5.710401e+00  8.773384e+00  1  0.9970  3.754852e+10  0.000000e+00  0.000000e+00  1.345459e-01  4.911875e+00  7.392383e-02  2  0.9970  1.183260e+01  0.000000e+00  0.000000e+00  1.206572e-01  9.958547e+00  0.000000e+00 
3  1.279425e+02  6.123925e+01  5.893000e+03  6.809218e-01 6  2.809062e-01  1.528152e+02 1  10.9972 -1.283385e+00 -1.230080e+00  0  1.2530  1.135194e+12  0.000000e+00  0.000000e+00  3.925583e-01 -1.519801e+02  1.628732e+01  1  1.2530  3.146997e+10  0.000000e+00  0.000000e+00  3.191347e-01 -1.698748e+02  5.026861e-02  2  1.2530  7.500938e+12 -8.571628e+00 -1.496046e+01  2.914552e-01 -3.589074e+01  3.642520e+00  3  1.2530  8.580132e+10 -8.571628e+00 -1.496046e+01  2.882990e-01  7.946308e+00  7.597781e-02  4  1.2530  1.099720e+01  0.000000e+00  0.000000e+00  2.985682e-01  1.771325e+02  0.000000e+00 
1  8.740245e+01  1.561086e+02  1.340000e+03  1.228577e+00 0  2.836112e-01  1.561086e+02 2   4.0602  1.140828e+00 -3.215764e-01  0  0.9500  3.395582e+12  0.000000e+00  0.000000e+00  3.306256e-01 -5.083671e+01  1.624151e+01  1  0.9500  5.770288e+10  0.000000e+00  0.000000e+00  1.396029e-01 -4.966930e+01  1.264100e-01  2  0.9500  3.220702e+13  1.864697e+01  4.359693e+00  2.179336e-01 -9.540450e+01  4.933302e+00  3  0.9500  1.469875e+11  1.864697e+01  4.359693e+00  1.469070e-01 -1.572273e+02  1.102214e-01  4  0.9500  4.060160e+00  0.000000e+00  0.000000e+00  9.070530e-02  1.270629e+02  0.000000e+00 
3  6.532242e+01  2.707342e+01  6.790000e+02  4.116654e-01 6 -1.000000e+00  8.420636e+01 1   4.3605  4.852600e-01 -1.529227e-01 -1 -1.0000 -1.000000e+00 -1.000000e+00 -1.000000e+00 -1.000000e+00 -1.000000e+00 -1.000000e+00 -1 -1.0000 -1.000000e+00 -1.000000e+00 -1.000000e+00 -1.000000e+00 -1.000000e+00 -1.000000e+00  0  1.0200  1.212330e+12  0.000000e+00  0.000000e+00  1.468985e-01 -1.367270e+02  7.650602e+00  1  1.0200  4.421786e+10  0.000000e+00  0.000000e+00  4.681654e-01 -1.506280e+02  5.936733e-02  2  1.0200  4.360470e+00  0.000000e+00  0.000000e+00  1.151604e-01  1.405536e+02  0.000000e+00 
1  1.991509e+01  5.765643e+01  4.599000e+03  2.203027e+00 0 -1.000000e+00  5.765643e+01 2   8.4044 -1.579913e+00  3.970079e+00 -1 -1.0000 -1.000000e+00 -1.000000e+00 -1.000000e+00 -1.000000e+00 -1.000000e+00 -1.000000e+00 -1 -1.0000 -1.000000e+00 -1.000000e+00 -1.000000e+00 -1.000000e+00 -1.000000e+00 -1.000000e+00  0  1.3790  4.411889e+13  0.000000e+00  0.000000e+00  1.391371e-01 -1.683665e+02  4.207375e+00  1  1.3790  1.750426e+11  0.000000e+00  0.000000e+00  3.500806e-01 -1.991575e+02  9.796225e-02  2  1.3790  8.404390e+00  0.000000e+00  0.000000e+00  2.930171e-01 -1.587935e+02  0.000000e+00 
1  1.893851e+01  3.390134e+01  1.090000e+03  1.082456e-01 0  2.944040e-01  3.390134e+01 2  13.9072 -4.010429e-01 -1.595232e-03  0  1.4900  3.344519e+10  0.000000e+00  0.000000e+00  3.027399e-01 -8.280386e+00  2.965574e+01  1  1.4900  4.078553e+07  0.000000e+00  0.000000e+00  1.029113e-01  3.245346e+01  2.396741e-02  2  1.4900  8.994860e+11 -9.087934e-01  2.201827e-02  2.787910e-01  5.591652e+01  7.595322e+00  3  1.4900  1.928025e+10 -9.087934e-01  2.201827e-02  3.876284e-01  3.399759e+01  6.616916e-02  4  1.4900  1.390720e+01  0.000000e+00  0.000000e+00  1.050527e-01  1.095975e+02  0.000000e+00 
1  3.859288e+02  8.793965e+02  1.126000e+03  3.944746e-01 0  2.685327e-01  8.793965e+02 2   7.5765  1.771134e+00 -8.084067e-01  0  2.2160  7.102140e+11  0.000000e+00  0.000000e+00  2.192159e-01  9.431517e+01  6.706577e+00  1  2.2160  2.157742e+10  0.000000e+00  0.000000e+00  1.430181e-01  1.067373e+02  9.897401e-02  2  2.2160  1.541968e+13  3.032930e+00 -1.720181e+00  3.606283e-01 -1.480493e+02  3.939101e+00  3  2.2160  1.119323e+11  3.032930e+00 -1.720181e+00  3.826952e-01 -1.233097e+02  8.746360e-02  4  2.2160  7.576490e+00  0.000000e+00  0.000000e+00  9.110799e-02  1.459232e+02  0.000000e+00 
3  1.479493e+02  6.800477e+01  2.720000e+02  4.842837e-01 6 -1.000000e+00  1.860924e+02 1  15.4599 -3.835269e-01 -5.034084e-01 -1 -1.0000 -1.000000e+00 -1.000000e+00 -1.000000e+00 -1.000000e+00 -1.000000e+00 -1.000000e+00 -1 -1.0000 -1.000000e+00 -1.000000e+00 -1.000000e+00 -1.000000e+00 -1.000000e+00 -1.000000e+00  0  0.8620  2.922411e+12  0.000000e+00  0.000000e+00  2.713226e-01  6.772155e+01  3.212339e+00  1  0.8620  5.933678e+10  0.000000e+00  0.000000e+00  5.537535e-01  4.350400e+01  1.506972e-01  2  0.8620  1.545990e+01  0.000000e+00  0.000000e+00  1.691220e-02  8.215332e+01  0.000000e+00 
3  8.942807e+02  6.521305e+02  8.135000e+03  8.115306e-01 6 -1.000000e+00  2.382218e+03 2   2.8676  2.622961e-01 -2.106095e-01 -1 -1.0000 -1.000000e+00 -1.000000e+00 -1.000000e+00 -1.000000e+00 -1.000000e+00 -1.000000e+00 -1 -1.0000 -1.000000e+00 -1.000000e+00 -1.000000e+00 -1.000000e+00 -1.000000e+00 -1.000000e+00  0  0.9470  1.555467e+13  0.000000e+00  0.000000e+00  4.042060e-01  7.200473e+01  2.264085e+00  1  0.9470  1.612217e+11  0.000000e+00  0.000000e+00  3.901162e-01  5.115672e+01  1.466527e-01  2  0.9470  2.867630e+00  0.000000e+00  0.000000e+00  4.184973e-02  2.383069e+01  0.000000e+00 
3  1.751599e+02  1.081644e+02  1.706000e+03  6.913425e-01 6 -1.000000e+00  1.927924e+02 1   6.4315 -4.444439e-01 -5.448503e-01 -1 -1.0000 -1.000000e+00 -1.000000e+00 -1.000000e+00 -1.000000e+00 -1.000000e+00 -1.000000e+00 -1 -1.0000 -1.000000e+00 -1.000000e+00 -1.000000e+00 -1.000000e+00 -1.000000e+00 -1.000000e+00  0  0.4670  1.649546e+12  0.000000e+00  0.000000e+00  3.840945e-01 -1.636424e+02  3.180998e+00  1  0.4670  6.942707e+10  0.000000e+00  0.000000e+00  5.354721e-01 -1.274425e+02  7.808380e-02  2  0.4670  6.431510e+00  0.000000e+00  0.000000e+00  1.719274e-01 -1.383909e+02  0.000000e+00 
3  9.284917e+01  5.280660e+01  6.700000e+02  1.023401e+00 6 -1.000000e+00  1.265775e+02 1   3.9053 -3.339777e-02  8.186278e-01 -1 -1.0000 -1.000000e+00 -1.000000e+00 -1.000000e+00 -1.000000e+00 -1.000000e+00 -1.000000e+00 -1 -1.0000 -1.000000e+00 -1.000000e+00 -1.000000e+00 -1.000000e+00 -1.000000e+00 -1.000000e+00  0  0.5920  3.138178e+12  0.000000e+00  0.000000e+00  8.898393e-02  1.579218e+02  7.806874e+00  1  0.5920  1.252164e+11  0.000000e+00  0.000000e+00  5.729529e-02  1.353643e+02  1.094818e-01  2  0.5920  3.905280e+00  0.000000e+00  0.000000e+00  5.730074e-02 -1.054138e+02  0.000000e+00 
3  3.538901e+02  1.862744e+02  2.458000e+03  7.733471e-01 6 -1.000000e+00  5.053840e+02 1   2.1068 -6.449741e-01 -2.802935e-01 -1 -1.0000 -1.000000e+00 -1.000000e+00 -1.000000e+00 -1.000000e+00 -1.000000e+00 -1.000000e+00 -1 -1.0000 -1.000000e+00 -1.000000e+00 -1.000000e+00 -1.000000e+00 -1.000000e+00 -1.000000e+00  0  0.7810  9.284219e+12  0.000000e+00  0.000000e+00  3.675456e-01  1.655904e+02  7.243771e+00  1  0.7810  1.043220e+11  0.000000e+00  0.000000e+00  4.238741e-01  1.418004e+02  9.029032e-02  2  0.7810  2.106830e+00  0.000000e+00  0.000000e+00  7.443454e-02  3.612358e+01  0.000000e+00 
1  6.209227e+01  1.187232e+02  1.929000e+03  5.054766e+00 0 -1.000000e+00  1.187232e+02 2  13.9084 -1.670725e+00  1.950677e+01 -1 -1.0000 -1.000000e+00 -1.000000e+00 -1.000000e+00 -1.000000e+00 -1.000000e+00 -1.000000e+00 -1 -1.0000 -1.000000e+00 -1.000000e+00 -1.000000e+00 -1.000000e+00 -1.000000e+00 -1.000000e+00  0  0.7810  2.159891e+14  0.000000e+00  0.000000e+00  5.596304e-01  1.568369e+01  3.597476e+00  1  0.7810  4.603922e+11  0.000000e+00  0.000000e+00  3.565131e-01  1.066516e+02  3.570792e-01  2  0.7810  1.390840e+01  0.000000e+00  0.000000e+00  1.306001e-01 -1.680429e+01  0.000000e+00 
3  3.145500e+02  1.456909e+02  2.240000e+02  1.761910e+00 6  2.831634e-01  3.691332e+02 1   9.9218  1.064906e+00  2.070997e+00  0  0.4480  2.341510e+12  0.000000e+00  0.000000e+00  2.481515e-01  8.566541e+01  2.572272e+01  1  0.4480  6.783987e+10  0.000000e+00  0.000000e+00  4.427232e-01  1.025923e+02  1.002958e-01  2  0.4480  5.541047e+12  2.686228e+01  2.193099e+01  8.028368e-02  3.562815e+01  5.255354e+00  3  0.4480  1.220264e+11  2.686228e+01  2.193099e+01  1.431956e-01  4.680892e+01  2.448038e-01  4  0.4480  9.921790e+00  0.000000e+00  0.000000e+00  1.786305e-01  6.650894e+01  0.000000e+00 
3  4.768115e+01  3.823702e+01  2.140000e+02  1.371901e+00 6 -1.000000e+00  8.295964e+01 3   9.1931 -5.601335e-01 -7.905328e-01 -1 -1.0000 -1.000000e+00 -1.000000e+00 -1.000000e+00 -1.000000e+00 -1.000000e+00 -1.000000e+00 -1 -1.0000 -1.000000e+00 -1.000000e+00 -1.000000e+00 -1.000000e+00 -1.000000e+00 -1.000000e+00  0  0.7860  3.257222e+13  0.000000e+00  0.000000e+00  3.775572e-01  1.889038e+01  4.057432e+00  1  0.7860  1.782495e+11  0.000000e+00  0.000000e+00  2.696072e-01  2.755444e+01  3.568764e-01  2  0.7860  9.193070e+00  0.000000e+00  0.000000e+00  5.266165e-02  9.842166e+01  0.000000e+00 
3  7.336478e+01  3.713680e+01  2.100000e+01  4.092133e-01 6 -1.000000e+00  1.019168e+02 1   6.4313  1.711027e-02 -3.646186e-01 -1 -1.0000 -1.000000e+00 -1.000000e+00 -1.000000e+00 -1.000000e+00 -1.000000e+00 -1.000000e+00 -1 -1.0000 -1.000000e+00 -1.000000e+00 -1.000000e+00 -1.000000e+00 -1.000000e+00 -1.000000e+00  0  1.5740  1.347815e+12  0.000000e+00  0.000000e+00  6.708065e-02 -1.248658e+01  6.371812e+00  1  1.5740  3.615763e+10  0.000000e+00  0.000000e+00  1.144207e-01  1.755084e+01  5.684072e-02  2  1.5740  6.431340e+00  0.000000e+00  0.000000e+00  9.845359e-02 -6.497115e+01  0.000000e+00 
3  2.145477e+01  1.820960e+01  3.343000e+03  5.708535e-01 6 -1.000000e+00  3.178062e+01 1  12.8487  2.815865e-01 -1.771140e-01 -1 -1.0000 -1.000000e+00 -1.000000e+00 -1.000000e+00 -1.000000e+00 -1.000000e+00 -1.000000e+00 -1 -1.0000 -1.000000e+00 -1.000000e+00 -1.000000e+00 -1.000000e+00 -1.000000e+00 -1.000000e+00  0  0.9810  5.619072e+12  0.000000e+00  0.000000e+00  3.191086e-01  2.638983e+01  5.023591e+00  1  0.9810  1.123095e+11  0.000000e+00  0.000000e+00  7.220173e-01 -3.335579e-01  1.480657e-01  2  0.9810  1.284870e+01  0.000000e+00  0.000000e+00  1.452746e-01 -1.756397e+02  0.000000e+00 
3  3.703235e+02  3.813836e+02  2.292000e+03  3.508550e-01 6  2.876242e-01  6.797318e+02 3   7.0961  1.569217e-01 -5.710942e-01  0  1.1870  3.532018e+11  0.000000e+00  0.000000e+00  4.256935e-01  1.223816e+02  2.097683e+01  1  1.1870  6.775899e+09  0.000000e+00  0.000000e+00  4.484937e-01  1.310722e+02  3.781388e-02  2  1.1870  3.512893e+12  3.380849e+00 -1.071239e+01  1.267172e-01 -1.686480e+02  5.340803e+00  3  1.1870  6.339420e+10  3.380849e+00 -1.071239e+01  5.227033e-01 -1.677960e+02  4.740468e-02  4  1.1870  7.096120e+00  0.000000e+00  0.000000e+00  1.568783e-01 -1.586664e+02  0.000000e+00 
3  3.242823e+01  1.954814e+01  1.688000e+03  1.353404e+00 6 -1.000000e+00  5.959898e+01 3   9.9216  1.489095e-01  7.648956e-01 -1 -1.0000 -1.000000e+00 -1.000000e+00 -1.000000e+00 -1.000000e+00 -1.000000e+00 -1.000000e+00 -1 -1.0000 -1.000000e+00 -1.000000e+00 -1.000000e+00 -1.000000e+00 -1.000000e+00 -1.000000e+00  0  0.5580  2.279167e+13  0.000000e+00  0.000000e+00  2.556845e-01 -1.046689e+00  5.052489e+00  1  0.5580  1.341444e+11  0.000000e+00  0.000000e+00  3.083816e-01 -5.290491e+01  3.076096e-01  2  0.5580  9.921610e+00  0.000000e+00  0.000000e+00  1.697970e-01 -1.663403e+02  0.000000e+00 
1  2.954581e+01  5.605475e+01  1.900000e+02  1.868493e+00 0 -1.000000e+00  5.605475e+01 2   7.8774 -1.829485e+00  1.130244e-01 -1 -1.0000 -1.000000e+00 -1.000000e+00 -1.000000e+00 -1.000000e+00 -1.000000e+00 -1.000000e+00 -1 -1.0000 -1.000000e+00 -1.000000e+00 -1.000000e+00 -1.000000e+00 -1.000000e+00 -1.000000e+00  0  0.7620  5.732678e+13  0.000000e+00  0.000000e+00  3.460976e-01  9.156943e+01  2.899449e+00  1  0.7620  2.295694e+11  0.000000e+00  0.000000e+00  1.104734e-01  1.137076e+02  2.374239e-01  2  0.7620  7.877410e+00  0.000000e+00  0.000000e+00  1.036033e-01 -6.396868e+01  0.000000e+00 
5  6.809741e+01  8.698958e+01  2.021000e+03  4.154646e-01 6 -1.000000e+00  1.388316e+02 3   6.2177 -1.219695e-01  4.149579e-02 -1 -1.0000 -1.000000e+00 -1.000000e+00 -1.000000e+00 -1.000000e+00 -1.000000e+00 -1.000000e+00 -1 -1.0000 -1.000000e+00 -1.000000e+00 -1.000000e+00 -1.000000e+00 -1.000000e+00 -1.000000e+00  0  1.0800  1.139531e+12  0.000000e+00  0.000000e+00  3.322173e-01 -1.280111e+02  5.048190e+00  1  1.0800  4.464885e+10  0.000000e+00  0.000000e+00  4.034414e-01 -1.454134e+02  5.514558e-02  2  1.0800  6.217690e+00  0.000000e+00  0.000000e+00  2.513427e-01  1.548322e+01  0.000000e+00 
3  1.647494e+02  2.826287e+02  6.853000e+03  9.208525e-02 6 -1.000000e+00  3.151878e+02 3   3.7025 -1.834906e-02  2.277512e-02 -1 -1.0000 -1.000000e+00 -1.000000e+00 -1.000000e+00 -1.000000e+00 -1.000000e+00 -1.000000e+00 -1 -1.0000 -1.000000e+00 -1.000000e+00 -1.000000e+00 -1.000000e+00 -1.000000e+00 -1.000000e+00  0  1.0870  2.928975e+11  0.000000e+00  0.000000e+00  3.266983e-01 -5.975251e+01  6.441778e+00  1  1.0870  3.758517e+09  0.000000e+00  0.000000e+00  1.526025e-01 -7.320189e+01  7.254405e-02  2  1.0870  3.702500e+00  0.000000e+00  0.000000e+00  7.720056e-02 -2.725352e+00  0.000000e+00 
1  1.017870e+02  2.273784e+02  5.370000e+03  5.018159e-01 0  2.849408e-01  2.273784e+02 2   7.1904 -1.476594e+00 -1.414940e+00  0  1.3670  7.966504e+11  0.000000e+00  0.000000e+00  2.042296e-01  8.656503e+01  9.566342e+00  1  1.3670  3.047655e+10  0.000000e+00  0.000000e+00  2.071447e-01  1.424297e+02  1.227098e-01  2  1.3670  1.520659e+13 -6.371937e+00 -2.897443e+00  6.877480e-01  9.322521e+01  5.280600e+00  3  1.3670  1.341825e+11 -6.371937e+00 -2.897443e+00  4.869078e-01  1.154010e+02  1.143126e-01  4  1.3670  7.190400e+00  0.000000e+00  0.000000e+00  2.563781e-02  5.299423e+01  0.000000e+00 
3  8.925932e+01  3.076842e+01  6.622000e+03  8.319882e-01 6 -1.000000e+00  1.971399e+02 2  12.0741  6.606307e-01  1.316878e-01 -1 -1.0000 -1.000000e+00 -1.000000e+00 -1.000000e+00 -1.000000e+00 -1.000000e+00 -1.000000e+00 -1 -1.0000 -1.000000e+00 -1.000000e+00 -1.000000e+00 -1.000000e+00 -1.000000e+00 -1.000000e+00  0  1.5710  4.253143e+12  0.000000e+00  0.000000e+00  3.101970e-01 -9.179231e+01  5.201927e+00  1  1.5710  6.707548e+10  0.000000e+00  0.000000e+00  2.150548e-01 -4.719412e+01  4.924123e-02  2  1.5710  1.207410e+01  0.000000e+00  0.000000e+00  8.206669e-02 -6.875848e+01  0.000000e+00 
3  1.655179e+02  7.715335e+01  6.522000e+03  3.720409e-01 6 -1.000000e+00  2.324537e+02 1   8.8475 -7.662065e-02 -3.374569e-01 -1 -1.0000 -1.000000e+00 -1.000000e+00 -1.000000e+00 -1.000000e+00 -1.000000e+00 -1.000000e+00 -1 -1.0000 -1.000000e+00 -1.000000e+00 -1.000000e+00 -1.000000e+00 -1.000000e+00 -1.000000e+00  0  2.0260  1.777751e+12  0.000000e+00  0.000000e+00  2.626494e-01  1.662373e+02  3.151586e+00  1  2.0260  4.871835e+10  0.000000e+00  0.000000e+00  2.039691e-01  1.849549e+02  7.549686e-02  2  2.0260  8.847490e+00  0.000000e+00  0.000000e+00  1.736578e-01  1.212586e+02  0.000000e+00 
3  3.566606e+01  3.449738e+01  7.510000e+02  1.951385e-01 6 -1.000000e+00  6.205636e+01 3  13.0716 -8.431768e-02 -1.418258e-02 -1 -1.0000 -1.000000e+00 -1.000000e+00 -1.000000e+00 -1.000000e+00 -1.000000e+00 -1.000000e+00 -1 -1.0000 -1.000000e+00 -1.000000e+00 -1.000000e+00 -1.000000e+00 -1.000000e+00 -1.000000e+00  0  2.0690  7.554153e+11  0.000000e+00  0.000000e+00  2.855230e-01  3.594979e+01  3.913952e+00  1  2.0690  8.698739e+09  0.000000e+00  0.000000e+00  3.099334e-01  4.345729e+01  2.185442e-02  2  2.0690  1.307160e+01  0.000000e+00  0.000000e+00  6.218461e-02 -8.321774e+01  0.000000e+00 
3  1.533621e+02  9.423343e+01  7.003000e+03  5.036423e-01 6 -1.000000e+00  2.121802e+02 1  10.4364 -2.717087e-01  1.734631e-01 -1 -1.0000 -1.000000e+00 -1.000000e+00 -1.000000e+00 -1.000000e+00 -1.000000e+00 -1.000000e+00 -1 -1.0000 -1.000000e+00 -1.000000e+00 -1.000000e+00 -1.000000e+00 -1.000000e+00 -1.000000e+00  0  0.4340  1.019545e+12  0.000000e+00  0.000000e+00  1.477888e-01 -1.273089e+02  8.487316e+00  1  0.4340  3.114464e+10  0.000000e+00  0.000000e+00  4.082968e-01 -1.304060e+02  1.375818e-01  2  0.4340  1.043640e+01  0.000000e+00  0.000000e+00  1.442558e-01 -1.790463e+02  0.000000e+00 
1  1.773665e+02  3.114988e+02  7.500000e+03  3.927754e+00 0 -1.000000e+00  3.114988e+02 2   3.8585 -6.544711e-01  3.896318e+00 -1 -1.0000 -1.000000e+00 -1.000000e+00 -1.000000e+00 -1.000000e+00 -1.000000e+00 -1.000000e+00 -1 -1.0000 -1.000000e+00 -1.000000e+00 -1.000000e+00 -1.000000e+00 -1.000000e+00 -1.000000e+00  0  0.5630  6.698630e+13  0.000000e+00  0.000000e+00  4.326072e-01  1.714463e+02  9.222516e+00  1  0.5630  2.997124e+11  0.000000e+00  0.000000e+00  4.879970e-01  1.433998e+02  4.582344e-01  2  0.5630  3.858520e+00  0.000000e+00  0.000000e+00  2.225819e-02 -8.433383e+01  0.000000e+00 
3  1.219670e+02  8.299359e+01  6.425000e+03  2.510800e-01 6 -1.000000e+00  2.059407e+02 1   5.2135 -1.830317e-01 -6.838688e-03 -1 -1.0000 -1.000000e+00 -1.000000e+00 -1.000000e+00 -1.000000e+00 -1.000000e+00 -1.000000e+00 -1 -1.0000 -1.000000e+00 -1.000000e+00 -1.000000e+00 -1.000000e+00 -1.000000e+00 -1.000000e+00  0  1.0180  6.511861e+11  0.000000e+00  0.000000e+00  4.375836e-01  1.195317e+02  7.904889e+00  1  1.0180  1.770068e+10  0.000000e+00  0.000000e+00  4.345423e-01  1.515215e+02  7.861136e-02  2  1.0180  5.213540e+00  0.000000e+00  0.000000e+00  5.912771e-02 -1.156599e+02  0.000000e+00 
3  2.939309e+01  8.635383e+00  2.918000e+03  5.478730e-01 6  2.815619e-01  5.454412e+01 2   6.9193  4.740363e-01  3.450521e-01  0  1.3320  8.125830e+11  0.000000e+00  0.000000e+00  3.111439e-01  7.420661e+01  1.282184e+01  1  1.3320  2.682436e+10  0.000000e+00  0.000000e+00  1.993072e-01  5.921083e+01  2.327715e-02  2  1.3320  6.692584e+12  2.758119e+01  8.224369e+00  2.317979e-01 -6.503669e+01  2.293561e+00  3  1.3320  7.434451e+10  2.758119e+01  8.224369e+00  2.490487e-01 -3.853891e+01  7.673394e-02  4  1.3320  6.919330e+00  0.000000e+00  0.000000e+00  1.534839e-01  9.193094e+01  0.000000e+00 
3  1.466333e+02  1.065593e+02  7.906000e+03  3.255272e-01 6 -1.000000e+00  2.775831e+02 3   6.1667 -5.254921e-02  1.253838e-01 -1 -1.0000 -1.000000e+00 -1.000000e+00 -1.000000e+00 -1.000000e+00 -1.000000e+00 -1.000000e+00 -1 -1.0000 -1.000000e+00 -1.000000e+00 -1.000000e+00 -1.000000e+00 -1.000000e+00 -1.000000e+00  0  2.6730  1.135560e+12  0.000000e+00  0.000000e+00  3.865441e-01  2.893757e+01  8.445026e+00  1  2.6730  1.835782e+10  0.000000e+00  0.000000e+00  3.223301e-01  7.066826e+01  1.656945e-02  2  2.6730  6.166660e+00  0.000000e+00  0.000000e+00  1.334198e-01 -1.901277e+01  0.000000e+00 
3  9.509230e+01  1.415171e+02  3.020000e+02  7.315503e-01 6 -1.000000e+00  1.842682e+02 3   7.7374 -2.120447e-02  2.472724e-01 -1 -1.0000 -1.000000e+00 -1.000000e+00 -1.000000e+00 -1.000000e+00 -1.000000e+00 -1.000000e+00 -1 -1.0000 -1.000000e+00 -1.000000e+00 -1.000000e+00 -1.000000e+00 -1.000000e+00 -1.000000e+00  0  1.2190  4.016131e+12  0.000000e+00  0.000000e+00  2.473397e-01 -6.142729e+01  4.300903e+00  1  1.2190  7.367708e+10  0.000000e+00  0.000000e+00  2.337451e-01 -9.107799e+01  1.249209e-01  2  1.2190  7.737390e+00  0.000000e+00  0.000000e+00  9.763120e-02 -8.377785e+01  0.000000e+00 
3  6.457794e+01  4.503776e+01  5.125000e+03  9.621456e-01 6 -1.000000e+00  1.119958e+02 3   5.8133  5.702468e-02 -5.630822e-01 -1 -1.0000 -1.000000e+00 -1.000000e+00 -1.000000e+00 -1.000000e+00 -1.000000e+00 -1.000000e+00 -1 -1.0000 -1.000000e+00 -1.000000e+00 -1.000000e+00 -1.000000e+00 -1.000000e+00 -1.000000e+00  0  2.1990  9.476462e+12  0.000000e+00  0.000000e+00  2.306430e-01  1.139106e+02  5.385012e+00  1  2.1990  1.003063e+11  0.000000e+00  0.000000e+00  2.237804e-01  1.283369e+02  5.787673e-02  2  2.1990  5.813330e+00  0.000000e+00  0.000000e+00  1.212885e-01  3.953940e+01  0.000000e+00 
1  1.272430e+02  2.626595e+02  5.119000e+03  1.629910e-01 0  2.884877e-01  2.626595e+02 2  14.5388  3.546547e-01  3.632525e-01  0  0.7480  2.307502e+11  0.000000e+00  0.000000e+00  3.110210e-01  1.273585e+02  1.888199e+01  1  0.7480  4.936627e+09  0.000000e+00  0.000000e+00  2.796163e-01  7.094258e+01  4.501796e-01  2  0.7480  9.222463e+11  4.713153e+00  5.612917e+00  4.350632e-02  8.217144e+01  8.980280e+00  3  0.7480  3.361618e+10  4.713153e+00  5.612917e+00  4.195147e-01  5.614314e+01  5.656994e-02  4  0.7480  1.453880e+01  0.000000e+00  0.000000e+00  8.636785e-02  1.306535e+02  0.000000e+00 
5  3.433594e+01  4.947408e+01  1.306000e+03  1.113892e+00 6 -1.000000e+00  6.774139e+01 3   8.9607 -3.292644e-03 -4.921062e-02 -1 -1.0000 -1.000000e+00 -1.000000e+00 -1.000000e+00 -1.000000e+00 -1.000000e+00 -1.000000e+00 -1 -1.0000 -1.000000e+00 -1.000000e+00 -1.000000e+00 -1.000000e+00 -1.000000e+00 -1.000000e+00  0  1.3820  2.077073e+13  0.000000e+00  0.000000e+00  2.984620e-01  1.137654e+02  3.193993e+00  1  1.3820  1.358491e+11  0.000000e+00  0.000000e+00  3.333508e-01  1.569807e+02  9.067532e-02  2  1.3820  8.960740e+00  0.000000e+00  0.000000e+00  1.181831e-01  1.209782e+02  0.000000e+00 
3  1.863626e+02  9.478600e+01  5.826000e+03  2.377028e+00 6  2.991547e-01  3.828061e+02 2  10.1765 -6.741667e-01  7.500702e+00  0  0.1660  8.441323e+12  0.000000e+00  0.000000e+00  1.537863e-01 -1.658134e+02  2.249366e+01  1  0.1660  1.071540e+11  0.000000e+00  0.000000e+00  3.115027e-01 -1.789426e+02  2.555823e-01  2  0.1660  7.972111e+13  2.303853e+01  6.413472e+01  5.585130e-01 -6.362186e+01  5.817468e+00  3  0.1660  3.775352e+11  2.303853e+01  6.413472e+01  3.052751e-01 -6.977262e+00  1.418665e+00  4  0.1660  1.017650e+01  0.000000e+00  0.000000e+00  1.101185e-01 -1.384666e+02  0.000000e+00 
3  2.529252e+01  1.447540e+01  1.589000e+03  2.845204e-01 6 -1.000000e+00  4.717079e+01 2  11.3973  2.188597e-01  1.289660e-02 -1 -1.0000 -1.000000e+00 -1.000000e+00 -1.000000e+00 -1.000000e+00 -1.000000e+00 -1.000000e+00 -1 -1.0000 -1.000000e+00 -1.000000e+00 -1.000000e+00 -1.000000e+00 -1.000000e+00 -1.000000e+00  0  0.3610  3.537857e+11  0.000000e+00  0.000000e+00  1.867119e-01  7.303380e+01  1.026532e+01  1  0.3610  1.025700e+10  0.000000e+00  0.000000e+00  1.366136e-01  5.369993e+01  1.217598e-01  2  0.3610  1.139730e+01  0.000000e+00  0.000000e+00  1.664359e-01 -9.059806e+01  0.000000e+00 
3  2.413232e+01  1.247040e+01  1.100000e+02  8.444532e-01 6 -1.000000e+00  3.090493e+01 1  15.5309  5.305990e-01  2.712144e-01 -1 -1.0000 -1.000000e+00 -1.000000e+00 -1.000000e+00 -1.000000e+00 -1.000000e+00 -1.000000e+00 -1 -1.0000 -1.000000e+00 -1.000000e+00 -1.000000e+00 -1.000000e+00 -1.000000e+00 -1.000000e+00  0  0.4740  1.698953e+12  0.000000e+00  0.000000e+00  9.944660e-02 -1.168805e+02  6.561383e+00  1  0.4740  6.542086e+10  0.000000e+00  0.000000e+00  3.132425e-01 -1.187569e+02  8.389875e-02  2  0.4740  1.553090e+01  0.000000e+00  0.000000e+00  1.800997e-01 -1.005131e+02  0.000000e+00 
5  3.649975e+01  5.879153e+01  4.000000e+02  3.796573e-01 6 -1.000000e+00  9.882633e+01 3  11.5413 -4.446230e-03 -1.345251e-01 -1 -1.0000 -1.000000e+00 -1.000000e+00 -1.000000e+00 -1.000000e+00 -1.000000e+00 -1.000000e+00 -1 -1.0000 -1.000000e+00 -1.000000e+00 -1.000000e+00 -1.000000e+00 -1.000000e+00 -1.000000e+00  0  1.2690  1.585252e+12  0.000000e+00  0.000000e+00  1.884801e-01  3.159771e+01  4.425708e+00  1  1.2690  3.524081e+10  0.000000e+00  0.000000e+00  2.767745e-01 -5.709265e+00  6.642845e-02  2  1.2690  1.154130e+01  0.000000e+00  0.000000e+00  2.878617e-01  9.397635e+01  0.000000e+00 
1  4.250992e+01  8.246007e+01  7.618000e+03  1.289103e+00 0 -1.000000e+00  8.246007e+01 2  10.3061 -1.016620e+00  1.368949e+00 -1 -1.0000 -1.000000e+00 -1.000000e+00 -1.000000e+00 -1.000000e+00 -1.000000e+00 -1.000000e+00 -1 -1.0000 -1.000000e+00 -1.000000e+00 -1.000000e+00 -1.000000e+00 -1.000000e+00 -1.000000e+00  0  1.3550  1.477658e+13  0.000000e+00  0.000000e+00  3.303235e-01 -1.552948e+02  5.448797e+00  1  1.3550  9.044558e+10  0.000000e+00  0.000000e+00  2.343996e-01 -1.510757e+02  9.219857e-02  2  1.3550  1.030610e+01  0.000000e+00  0.000000e+00  6.436570e-02 -1.505733e+02  0.000000e+00 
3  8.940012e+01  7.514816e+01  4.300000e+01  2.207905e+00 6 -1.000000e+00  1.322279e+02 1  11.2547  8.178511e-01 -9.623472e-01 -1 -1.0000 -1.000000e+00 -1.000000e+00 -1.000000e+00 -1.000000e+00 -1.000000e+00 -1.000000e+00 -1 -1.0000 -1.000000e+00 -1.000000e+00 -1.000000e+00 -1.000000e+00 -1.000000e+00 -1.000000e+00  0  0.6170  2.043248e+13  0.000000e+00  0.000000e+00  3.916839e-01 -7.137056e+01  6.403273e+00  1  0.6170  1.824595e+11  0.000000e+00  0.000000e+00  2.502949e-01 -1.132850e+02  8.640057e-02  2  0.6170  1.125470e+01  0.000000e+00  0.000000e+00  1.903087e-01 -1.266917e+01  0.000000e+00 
5  2.166010e+02  4.482906e+02  5.783000e+03  1.343584e-01 6  2.959722e-01  9.433949e+02 3  13.6691 -5.263452e-01  1.506956e-01  0  1.0680  1.292003e+11  0.000000e+00  0.000000e+00  1.531260e-02 -6.540984e+01  2.092173e+01  1  1.0680  9.627674e+08  0.000000e+00  0.000000e+00  3.685066e-01 -1.253334e+01  5.125680e-02  2  1.0680  2.322069e+12 -2.046917e+01  5.004176e+00  8.987922e-02  6.963347e+01  6.407139e+00  3  1.0680  5.955768e+10 -2.046917e+01  5.004176e+00  3.347499e-01  6.252453e+01  9.675880e-02  4  1.0680  1.366910e+01  0.000000e+00  0.000000e+00  1.731221e-01 -9.608137e+01  0.000000e+00 
4  2.588144e+02  3.873225e+02  2.780000e+02  1.451422e+00 6  2.782513e-01  5.311405e+02 3   6.4180 -2.316954e+00  2.255754e+00  0  1.2510  3.198392e+12  0.000000e+00  0.000000e+00  3.749450e-01 -9.483167e+01  1.730258e+01  1  1.2510  7.294328e+10  0.000000e+00  0.000000e+00  3.052583e-01 -1.301248e+02  4.140574e-02  2  1.2510  2.877750e+13 -2.284295e+01  1.975968e+01  4.006677e-01  1.355473e+02  6.670519e+00  3  1.2510  1.290040e+11 -2.284295e+01  1.975968e+01  5.366741e-01  1.493773e+02  1.005376e-01  4  1.2510  6.418030e+00  0.000000e+00  0.000000e+00  1.965853e-01  3.317598e+01  0.000000e+00 
3  2.084487e+02  1.156532e+02  3.252000e+03  4.268590e-01 6 -1.000000e+00  3.168652e+02 1   6.2177 -5.079314e-01  6.163253e-02 -1 -1.0000 -1.000000e+00 -1.000000e+00 -1.000000e+00 -1.000000e+00 -1.000000e+00 -1.000000e+00 -1 -1.0000 -1.000000e+00 -1.000000e+00 -1.000000e+00 -1.000000e+00 -1.000000e+00 -1.000000e+00  0  1.4200  4.797268e+12  0.000000e+00  0.000000e+00  1.831582e-01  1.068325e+01  3.118173e+00  1  1.4200  8.781253e+10  0.000000e+00  0.000000e+00  5.951596e-01  2.265081e+00  7.022635e-02  2  1.4200  6.217730e+00  0.000000e+00  0.000000e+00  1.029016e-01  7.147760e+01  0.000000e+00 
3  2.392089e+02  1.010101e+02  4.420000e+02  3.368278e-01 6 -1.000000e+00  5.670349e+02 2  12.1311 -1.825937e-01 -8.836867e-02 -1 -1.0000 -1.000000e+00 -1.000000e+00 -1.000000e+00 -1.000000e+00 -1.000000e+00 -1.000000e+00 -1 -1.0000 -1.000000e+00 -1.000000e+00 -1.000000e+00 -1.000000e+00 -1.000000e+00 -1.000000e+00  0  1.5210  6.906175e+11  0.000000e+00  0.000000e+00  1.234043e-01 -1.264296e+02  6.188194e+00  1  1.5210  1.192423e+10  0.000000e+00  0.000000e+00  4.683226e-01 -7.582503e+01  2.590564e-02  2  1.5210  1.213110e+01  0.000000e+00  0.000000e+00  1.803114e-01 -5.793911e+01  0.000000e+00 
3  4.670128e+02  1.321167e+02  6.208000e+03  8.879145e-01 6  2.768163e-01  8.308039e+02 2   5.5530 -1.819951e+00  5.659400e-01  0  1.2060  3.160791e+12  0.000000e+00  0.000000e+00  1.626636e-01 -6.971372e+01  9.206354e+00  1  1.2060  6.722510e+10  0.000000e+00  0.000000e+00  1.267609e-01 -9.214809e+01  8.830849e-02  2  1.2060  1.271931e+13 -3.296869e+01  2.073797e+01  3.145690e-01  9.893088e+01  4.657701e+00  3  1.2060  9.176874e+10 -3.296869e+01  2.073797e+01  3.557682e-01  1.245734e+02  6.752810e-02  4  1.2060  5.552970e+00  0.000000e+00  0.000000e+00  7.619391e-02  1.145883e+02  0.000000e+00 
3  3.417605e+02  1.404858e+02  4.646000e+03  7.233351e-01 6 -1.000000e+00  5.940370e+02 2  13.6694 -4.203463e-01 -1.338085e-01 -1 -1.0000 -1.000000e+00 -1.000000e+00 -1.000000e+00 -1.000000e+00 -1.000000e+00 -1.000000e+00 -1 -1.0000 -1.000000e+00 -1.000000e+00 -1.000000e+00 -1.000000e+00 -1.000000e+00 -1.000000e+00  0  1.5160  1.445623e+12  0.000000e+00  0.000000e+00  2.340329e-01 -6.068437e+01  6.314247e+00  1  1.5160  4.379523e+10  0.000000e+00  0.000000e+00  5.017348e-01 -9.158733e+01  6.545185e-02  2  1.5160  1.366940e+01  0.000000e+00  0.000000e+00  3.311710e-02 -5.859086e+01  0.000000e+00 
3  2.438079e+02  1.801792e+02  8.088000e+03  1.849454e-01 6 -1.000000e+00  3.137810e+02 1   2.5674 -7.118125e-02  1.060947e-01 -1 -1.0000 -1.000000e+00 -1.000000e+00 -1.000000e+00 -1.000000e+00 -1.000000e+00 -1.000000e+00 -1 -1.0000 -1.000000e+00 -1.000000e+00 -1.000000e+00 -1.000000e+00 -1.000000e+00 -1.000000e+00  0  1.5680  1.149487e+12  0.000000e+00  0.000000e+00  1.829865e-01  6.837774e+01  3.538830e+00  1  1.5680  2.820172e+10  0.000000e+00  0.000000e+00  1.653198e-01  2.446221e+01  5.144949e-02  2  1.5680  2.567360e+00  0.000000e+00  0.000000e+00  1.020706e-01 -7.451191e+01  0.000000e+00 
2  2.046719e+02  1.072876e+02  2.810000e+02  5.046372e-01 6 -1.000000e+00  2.683915e+02 1   8.8037  1.685468e-01 -1.989008e-01 -1 -1.0000 -1.000000e+00 -1.000000e+00 -1.000000e+00 -1.000000e+00 -1.000000e+00 -1.000000e+00 -1 -1.0000 -1.000000e+00 -1.000000e+00 -1.000000e+00 -1.000000e+00 -1.000000e+00 -1.000000e+00  0  1.6700  1.054101e+12  0.000000e+00  0.000000e+00  5.306263e-01  9.561282e+01  8.110107e+00  1  1.6700  2.365184e+10  0.000000e+00  0.000000e+00  1.700377e-01  1.075047e+02  1.936804e-02  2  1.6700  8.803660e+00  0.000000e+00  0.000000e+00  2.117081e-01 -1.141646e+02  0.000000e+00 
3  9.246741e+02  4.882025e+02  6.796000e+03  2.521277e-01 6 -1.000000e+00  1.404196e+03 1   4.8711  1.833309e-02  1.799326e-01 -1 -1.0000 -1.000000e+00 -1.000000e+00 -1.000000e+00 -1.000000e+00 -1.000000e+00 -1.000000e+00 -1 -1.0000 -1.000000e+00 -1.000000e+00 -1.000000e+00 -1.000000e+00 -1.000000e+00 -1.000000e+00  0  2.5110  1.226042e+12  0.000000e+00  0.000000e+00  1.742121e-01  1.416301e+02  3.769287e+00  1  2.5110  2.543122e+10  0.000000e+00  0.000000e+00  4.335576e-01  1.153225e+02  3.193737e-02  2  2.5110  4.871140e+00  0.000000e+00  0.000000e+00  8.199430e-02 -1.690312e+02  0.000000e+00 
3  5.182334e+01  4.129905e+01  4.360000e+03  1.649274e+00 6 -1.000000e+00  9.908253e+01 3   9.3116  6.494371e-01 -4.677591e-01 -1 -1.0000 -1.000000e+00 -1.000000e+00 -1.000000e+00 -1.000000e+00 -1.000000e+00 -1.000000e+00 -1 -1.0000 -1.000000e+00 -1.000000e+00 -1.000000e+00 -1.000000e+00 -1.000000e+00 -1.000000e+00  0  0.4890  1.075350e+13  0.000000e+00  0.000000e+00  2.301850e-01 -4.416502e+00  8.070008e+00  1  0.4890  1.322032e+11  0.000000e+00  0.000000e+00  3.373888e-01 -7.142703e+01  1.503814e-01  2  0.4890  9.311640e+00  0.000000e+00  0.000000e+00  9.228214e-02  4.961903e+01  0.000000e+00 
3  1.631944e+02  1.332931e+02  6.800000e+02  2.003876e-01 6 -1.000000e+00  2.184986e+02 1  13.9058  1.070117e-01 -5.521939e-02 -1 -1.0000 -1.000000e+00 -1.000000e+00 -1.000000e+00 -1.000000e+00 -1.000000e+00 -1.000000e+00 -1 -1.0000 -1.000000e+00 -1.000000e+00 -1.000000e+00 -1.000000e+00 -1.000000e+00 -1.000000e+00  0  1.1740  5.052704e+11  0.000000e+00  0.000000e+00  2.058161e-01 -8.220364e+01  5.946786e+00  1  1.1740  8.682843e+09  0.000000e+00  0.000000e+00  3.450670e-01 -5.265000e+01  7.853628e-02  2  1.1740  1.390580e+01  0.000000e+00  0.000000e+00  2.385200e-01 -5.288369e+01  0.000000e+00 
2  1.622288e+02  3.676493e+02  5.338000e+03  2.960296e-01 6  2.901607e-01  4.730263e+02 3   8.2559 -1.634666e-01  6.288148e-01  0  0.7920  2.454971e+11  0.000000e+00  0.000000e+00  2.235769e-01 -2.266737e+01  2.405240e+01  1  0.7920  4.457553e+09  0.000000e+00  0.000000e+00  2.697775e-01  8.967707e+00  1.099696e-01  2  0.7920  1.397359e+12 -2.300383e-01  1.179200e+00  2.904937e-01  9.200814e+01  3.150235e+00  3  0.7920  4.271696e+10 -2.300383e-01  1.179200e+00  1.177407e-01  5.638384e+01  6.608101e-02  4  0.7920  8.255900e+00  0.000000e+00  0.000000e+00  1.473268e-01  7.228478e+01  0.000000e+00 
2  4.028766e+01  4.234475e+01  8.610000e+02  4.808822e-01 6 -1.000000e+00  6.881732e+01 1   3.9527 -2.059764e-01  3.679878e-02 -1 -1.0000 -1.000000e+00 -1.000000e+00 -1.000000e+00 -1.000000e+00 -1.000000e+00 -1.000000e+00 -1 -1.0000 -1.000000e+00 -1.000000e+00 -1.000000e+00 -1.000000e+00 -1.000000e+00 -1.000000e+00  0  1.4160  2.051813e+12  0.000000e+00  0.000000e+00  5.902693e-02 -1.240654e+02  5.731754e+00  1  1.4160  6.598214e+10  0.000000e+00  0.000000e+00  2.421343e-01 -1.732365e+02  1.386993e-02  2  1.4160  3.952650e+00  0.000000e+00  0.000000e+00  1.301454e-02  2.876209e+01  0.000000e+00 
3  1.455428e+02  9.736765e+01  8.323000e+03  4.646813e-01 6 -1.000000e+00  2.723480e+02 3   5.8681 -1.797948e-01  1.896873e-01 -1 -1.0000 -1.000000e+00 -1.000000e+00 -1.000000e+00 -1.000000e+00 -1.000000e+00 -1.000000e+00 -1 -1.0000 -1.000000e+00 -1.000000e+00 -1.000000e+00 -1.000000e+00 -1.000000e+00 -1.000000e+00  0  2.0460  2.008508e+12  0.000000e+00  0.000000e+00  1.796244e-01 -1.348076e+02  6.333330e+00  1  2.0460  3.901031e+10  0.000000e+00  0.000000e+00  2.182795e-01 -1.235851e+02  2.381928e-02  2  2.0460  5.868100e+00  0.000000e+00  0.000000e+00  2.591590e-02  1.789817e+02  0.000000e+00 
3  3.859288e+02  3.099417e+02  1.126000e+03  9.506930e-01 6 -1.000000e+00  6.308581e+02 1   7.5765 -5.782946e-02  6.062182e-01 -1 -1.0000 -1.000000e+00 -1.000000e+00 -1.000000e+00 -1.000000e+00 -1.000000e+00 -1.000000e+00 -1 -1.0000 -1.000000e+00 -1.000000e+00 -1.000000e+00 -1.000000e+00 -1.000000e+00 -1.000000e+00  0  1.2550  5.530782e+12  0.000000e+00  0.000000e+00  2.353280e-01 -8.416358e+00  7.357445e+00  1  1.2550  9.857451e+10  0.000000e+00  0.000000e+00  2.598708e-01  8.544445e+00  5.746052e-02  2  1.2550  7.576490e+00  0.000000e+00  0.000000e+00  1.213391e-01 -8.037403e+01  0.000000e+00 
1  5.096441e+02  8.883177e+02  9.613000e+03  6.417443e-01 0 -1.000000e+00  8.883177e+02 2   2.8675 -1.297736e+00  1.730377e+00 -1 -1.0000 -1.000000e+00 -1.000000e+00 -1.000000e+00 -1.000000e+00 -1.000000e+00 -1.000000e+00 -1 -1.0000 -1.000000e+00 -1.000000e+00 -1.000000e+00 -1.000000e+00 -1.000000e+00 -1.000000e+00  0  1.4650  2.331217e+13  0.000000e+00  0.000000e+00  5.374765e-01  3.784166e+01  4.915847e+00  1  1.4650  1.473716e+11  0.000000e+00  0.000000e+00  5.830825e-01  1.211061e+01  9.471442e-02  2  1.4650  2.867460e+00  0.000000e+00  0.000000e+00  3.951597e-02 -1.336019e+02  0.000000e+00 
3  7.321008e+01  5.273417e+01  2.743000e+03  8.669770e-01 6  2.991760e-01  9.786150e+01 1   2.7356 -6.631338e-01  7.644573e-01  0  0.4750  1.192794e+12  0.000000e+00  0.000000e+00  4.382253e-01  1.214587e+02  1.653922e+01  1  0.4750  6.316758e+10  0.000000e+00  0.000000e+00  3.505576e-01  1.246138e+02  1.131541e-01  2  0.4750  1.312558e+13 -1.784620e+01  3.933224e+01  2.854441e-01 -1.463547e+01  7.051233e+00  3  0.4750  1.208267e+11 -1.784620e+01  3.933224e+01  4.306008e-01  5.775555e+00  1.146358e-01  4  0.4750  2.735610e+00  0.000000e+00  0.000000e+00  1.154308e-01 -1.263979e+02  0.000000e+00 
2  5.085712e+00  7.064001e+00  8.390000e+02  5.418812e+00 6 -1.000000e+00  8.358013e+00 1  15.9483  1.667712e+00  1.318202e+00 -1 -1.0000 -1.000000e+00 -1.000000e+00 -1.000000e+00 -1.000000e+00 -1.000000e+00 -1.000000e+00 -1 -1.0000 -1.000000e+00 -1.000000e+00 -1.000000e+00 -1.000000e+00 -1.000000e+00 -1.000000e+00  0  0.7010  4.933315e+13  0.000000e+00  0.000000e+00  4.661504e-01  6.172677e+01  8.655049e+00  1  0.7010  2.058330e+11  0.000000e+00  0.000000e+00  4.899737e-01  6.828003e+01  1.317889e-01  2  0.7010  1.594830e+01  0.000000e+00  0.000000e+00  1.016702e-01 -1.558014e+02  0.000000e+00 
3  2.780922e+02  3.778826e+02  6.180000e+02  9.071880e-01 6  2.822914e-01  4.221731e+02 1   4.8712 -2.206159e-01  6.936030e-01  0  1.0720  1.149118e+12  0.000000e+00  0.000000e+00  1.612528e-01  5.021394e+01  1.879988e+01  1  1.0720  6.375151e+10  0.000000e+00  0.000000e+00  3.298147e-01  1.039286e+02  5.635384e-02  2  1.0720  6.019721e+12 -2.092813e+01  2.551690e+01  1.887942e-01  1.720008e+02  4.358892e+00  3  1.0720  8.578491e+10 -2.092813e+01  2.551690e+01  2.624472e-01  1.511294e+02  1.649741e-01  4  1.0720  4.871200e+00  0.000000e+00  0.000000e+00  1.269351e-01 -1.647879e+02  0.000000e+00 
1  2.399334e+02  5.398989e+02  3.663000e+03  1.331786e-01 0  2.882498e-01  5.398989e+02 2  15.9172  4.647803e-01 -7.584784e-02  0  1.1250  1.507987e+11  0.000000e+00  0.000000e+00  3.283269e-01  1.093645e+02  1.699606e+01  1  1.1250  1.499972e+09  0.000000e+00  0.000000e+00  1.528659e-01  1.101359e+02  1.201856e-01  2  1.1250  9.657975e+11  3.909121e+00 -9.502520e-01  2.866897e-01 -1.744937e+02  4.969658e+00  3  1.1250  2.656372e+10  3.909121e+00 -9.502520e-01  6.782512e-01 -2.146838e+02  2.389110e-01  4  1.1250  1.591720e+01  0.000000e+00  0.000000e+00  1.453304e-01  2.656089e+01  0.000000e+00 
3  2.374002e+02  1.177564e+02  6.782000e+03  4.615526e-01 6 -1.000000e+00  2.849883e+02 1  10.9976  4.786256e-01 -1.671053e-01 -1 -1.0000 -1.000000e+00 -1.000000e+00 -1.000000e+00 -1.000000e+00 -1.000000e+00 -1.000000e+00 -1 -1.0000 -1.000000e+00 -1.000000e+00 -1.000000e+00 -1.000000e+00 -1.000000e+00 -1.000000e+00  0  1.1820  1.320508e+12  0.000000e+00  0.000000e+00  3.409778e-01  1.569792e+02  4.026758e+00  1  1.1820  5.390520e+10  0.000000e+00  0.000000e+00  2.705135e-01  1.397348e+02  1.124259e-01  2  1.1820  1.099760e+01  0.000000e+00  0.000000e+00  9.183378e-02 -3.497911e+01  0.000000e+00 
3  8.390056e+01  3.513172e+01  4.642000e+03  3.320887e-01 6 -1.000000e+00  1.527795e+02 2  10.3075 -9.495060e-02  2.581543e-01 -1 -1.0000 -1.000000e+00 -1.000000e+00 -1.000000e+00 -1.000000e+00 -1.000000e+00 -1.000000e+00 -1 -1.0000 -1.000000e+00 -1.000000e+00 -1.000000e+00 -1.000000e+00 -1.000000e+00 -1.000000e+00  0  1.2450  7.932900e+11  0.000000e+00  0.000000e+00  1.089494e-01 -1.671935e+02  5.491255e+00  1  1.2450  1.612062e+10  0.000000e+00  0.000000e+00  5.900799e-01 -2.473162e+02  5.697263e-02  2  1.2450  1.030750e+01  0.000000e+00  0.000000e+00  1.988060e-01  1.388563e+01  0.000000e+00 
2  1.356074e+02  1.093694e+02  1.388000e+03  8.291133e-01 6 -1.000000e+00  1.917112e+02 1  11.3426 -1.810863e-01 -4.492523e-01 -1 -1.0000 -1.000000e+00 -1.000000e+00 -1.000000e+00 -1.000000e+00 -1.000000e+00 -1.000000e+00 -1 -1.0000 -1.000000e+00 -1.000000e+00 -1.000000e+00 -1.000000e+00 -1.000000e+00 -1.000000e+00  0  1.4640  8.054828e+12  0.000000e+00  0.000000e+00  2.869665e-01 -1.505786e+02  4.572935e+00  1  1.4640  7.829424e+10  0.000000e+00  0.000000e+00  3.332837e-01 -2.038129e+02  3.577508e-02  2  1.4640  1.134260e+01  0.000000e+00  0.000000e+00  2.883091e-01  4.858098e+01  0.000000e+00 
3  3.880964e+02  2.446397e+02  4.936000e+03  5.318718e-01 6 -1.000000e+00  4.922645e+02 1   8.8035  3.274814e-01  3.197599e-01 -1 -1.0000 -1.000000e+00 -1.000000e+00 -1.000000e+00 -1.000000e+00 -1.000000e+00 -1.000000e+00 -1 -1.0000 -1.000000e+00 -1.000000e+00 -1.000000e+00 -1.000000e+00 -1.000000e+00 -1.000000e+00  0  1.9100  1.675882e+12  0.000000e+00  0.000000e+00  2.365612e-01 -1.210686e+02  5.863603e+00  1  1.9100  4.719456e+10  0.000000e+00  0.000000e+00  1.484926e-01 -1.354594e+02  3.263002e-02  2  1.9100  8.803550e+00  0.000000e+00  0.000000e+00  1.562747e-01  3.664174e+01  0.000000e+00 
5  7.717425e+01  1.001960e+02  5.410000e+02  4.815157e-01 6 -1.000000e+00  1.119862e+02 1  14.6083  3.381770e-02  1.599866e-01 -1 -1.0000 -1.000000e+00 -1.000000e+00 -1.000000e+00 -1.000000e+00 -1.000000e+00 -1.000000e+00 -1 -1.0000 -1.000000e+00 -1.000000e+00 -1.000000e+00 -1.000000e+00 -1.000000e+00 -1.000000e+00  0  1.9650  1.875489e+12  0.000000e+00  0.000000e+00  5.850111e-01 -1.159824e+01  3.135407e+00  1  1.9650  4.764897e+10  0.000000e+00  0.000000e+00  3.031426e-01 -5.811107e+01  4.536227e-02  2  1.9650  1.460830e+01  0.000000e+00  0.000000e+00  1.973953e-01 -1.355329e+01  0.000000e+00 
3  8.478173e+01  2.752988e+01  3.372000e+03  2.075890e+00 6 -1.000000e+00  1.576831e+02 2  13.7335 -3.476056e-01 -1.626202e+00 -1 -1.0000 -1.000000e+00 -1.000000e+00 -1.000000e+00 -1.000000e+00 -1.000000e+00 -1.000000e+00 -1 -1.0000 -1.000000e+00 -1.000000e+00 -1.000000e+00 -1.000000e+00 -1.000000e+00 -1.000000e+00  0  0.8330  5.335419e+13  0.000000e+00  0.000000e+00  4.148488e-01 -4.401271e+01  3.685834e+00  1  0.8330  2.393482e+11  0.000000e+00  0.000000e+00  5.448783e-01 -4.817218e+01  1.614932e-01  2  0.8330  1.373350e+01  0.000000e+00  0.000000e+00  3.988593e-02  2.587502e+00  0.000000e+00 
5  1.147095e+02  1.912598e+02  7.599000e+03  5.492897e-01 6 -1.000000e+00  2.751610e+02 3  18.0171 -6.416613e-02 -2.492970e-03 -1 -1.0000 -1.000000e+00 -1.000000e+00 -1.000000e+00 -1.000000e+00 -1.000000e+00 -1.000000e+00 -1 -1.0000 -1.000000e+00 -1.000000e+00 -1.000000e+00 -1.000000e+00 -1.000000e+00 -1.000000e+00  0  1.2350  1.528919e+12  0.000000e+00  0.000000e+00  1.860393e-01 -1.366756e+02  4.624356e+00  1  1.2350  4.365866e+10  0.000000e+00  0.000000e+00  3.347339e-01 -1.177359e+02  6.791945e-02  2  1.2350  1.801710e+01  0.000000e+00  0.000000e+00  9.384689e-02 -1.297122e+02  0.000000e+00 
3  4.887287e+01  3.072227e+01  1.152000e+03  2.443031e-01 6 -1.000000e+00  8.182070e+01 1  12.0740 -4.417981e-02 -1.527805e-01 -1 -1.0000 -1.000000e+00 -1.000000e+00 -1.000000e+00 -1.000000e+00 -1.000000e+00 -1.000000e+00 -1 -1.0000 -1.000000e+00 -1.000000e+00 -1.000000e+00 -1.000000e+00 -1.000000e+00 -1.000000e+00  0  2.1390  8.148274e+11  0.000000e+00  0.000000e+00  3.973322e-01  1.536344e+02  6.439782e+00  1  2.1390  1.114090e+10  0.000000e+00  0.000000e+00  1.938735e-01  1.769413e+02  2.862132e-02  2  2.1390  1.207400e+01  0.000000e+00  0.000000e+00  2.173258e-01  3.863863e+01  0.000000e+00 
3  4.032833e+02  5.711647e+02  1.944000e+03  7.014858e-01 6  2.957869e-01  6.767280e+02 1   4.8068 -3.337561e-04 -5.663887e-01  0  0.4560  5.723204e+11  0.000000e+00  0.000000e+00  4.186030e-01  1.766321e+02  3.083371e+01  1  0.4560  2.637594e+10  0.000000e+00  0.000000e+00  2.949588e-01  1.705692e+02  1.767882e-01  2  0.4560  3.757734e+12 -2.866287e+00 -2.849588e+00  2.988627e-01 -8.229699e+01  3.629938e+00  3  0.4560  6.487386e+10 -2.866287e+00 -2.849588e+00  1.272694e-01 -3.234968e+01  1.918968e-01  4  0.4560  4.806830e+00  0.000000e+00  0.000000e+00  9.794743e-02  1.206935e+02  0.000000e+00 
3  1.360432e+02  8.294536e+01  1.036000e+03  5.598243e-01 6 -1.000000e+00  2.446855e+02 3  10.3067 -1.465208e-01  3.055949e-01 -1 -1.0000 -1.000000e+00 -1.000000e+00 -1.000000e+00 -1.000000e+00 -1.000000e+00 -1.000000e+00 -1 -1.0000 -1.000000e+00 -1.000000e+00 -1.000000e+00 -1.000000e+00 -1.000000e+00 -1.000000e+00  0  0.4610  9.533444e+11  0.000000e+00  0.000000e+00  3.356732e-01  5.972620e+01  9.673377e+00  1  0.4610  3.347978e+10  0.000000e+00  0.000000e+00  4.352780e-01  5.360166e+01  1.206365e-01  2  0.4610  1.030670e+01  0.000000e+00  0.000000e+00  9.855452e-02  1.753211e+02  0.000000e+00 
2  2.395792e+02  1.791136e+02  2.681000e+03  5.396285e-01 6 -1.000000e+00  2.952840e+02 1  14.5405 -2.671471e-02  3.943557e-01 -1 -1.0000 -1.000000e+00 -1.000000e+00 -1.000000e+00 -1.000000e+00 -1.000000e+00 -1.000000e+00 -1 -1.0000 -1.000000e+00 -1.000000e+00 -1.000000e+00 -1.000000e+00 -1.000000e+00 -1.000000e+00  0  1.5260  1.465567e+12  0.000000e+00  0.000000e+00  1.971797e-01  1.462717e+02  3.063371e+00  1  1.5260  4.022574e+10  0.000000e+00  0.000000e+00  4.530604e-01  1.097549e+02  2.162310e-02  2  1.5260  1.454050e+01  0.000000e+00  0.000000e+00  3.110499e-01  8.022010e+01  0.000000e+00 
3  4.219122e+02  2.314359e+02  1.393000e+03  7.302988e-01 6 -1.000000e+00  5.177378e+02 1  14.1044 -1.381571e-01 -6.887661e-01 -1 -1.0000 -1.000000e+00 -1.000000e+00 -1.000000e+00 -1.000000e+00 -1.000000e+00 -1.000000e+00 -1 -1.0000 -1.000000e+00 -1.000000e+00 -1.000000e+00 -1.000000e+00 -1.000000e+00 -1.000000e+00  0  0.4220  1.730647e+12  0.000000e+00  0.000000e+00  2.570787e-01  6.773739e+01  1.026442e+01  1  0.4220  5.380095e+10  0.000000e+00  0.000000e+00  4.174869e-01  3.629757e+01  1.108525e-01  2  0.4220  1.410440e+01  0.000000e+00  0.000000e+00  1.576428e-01  5.324231e+01  0.000000e+00 
3  2.508092e+02  7.958355e+01  4.352000e+03  3.497137e+00 6 -1.000000e+00  4.901561e+02 2   9.3851 -1.481752e+00 -1.361089e+00 -1 -1.0000 -1.000000e+00 -1.000000e+00 -1.000000e+00 -1.000000e+00 -1.000000e+00 -1.000000e+00 -1 -1.0000 -1.000000e+00 -1.000000e+00 -1.000000e+00 -1.000000e+00 -1.000000e+00 -1.000000e+00  0  0.8370  5.321748e+13  0.000000e+00  0.000000e+00  2.842156e-01  1.438179e+02  6.270057e+00  1  0.8370  2.576799e+11  0.000000e+00  0.000000e+00  5.376650e-01  1.351285e+02  1.803927e-01  2  0.8370  9.385120e+00  0.000000e+00  0.000000e+00  1.656544e-01 -9.053798e+01  0.000000e+00 
2  7.864361e+01  2.354873e+00  5.762000e+03  9.505676e-01 6  2.764276e-01  5.650864e+00 1   6.2492  1.023030e+00 -1.397521e+00  0  1.5280  1.475842e+12  0.000000e+00  0.000000e+00  2.274514e-01  1.088940e+02  1.515361e+01  1  1.5280  5.014200e+10  0.000000e+00  0.000000e+00  2.187495e-01  3.405951e+01  3.943487e-02  2  1.5280  1.072738e+13  4.177887e+00  1.839248e-01  2.816797e-01  1.429343e+02  6.647626e+00  3  1.5280  1.006309e+11  4.177887e+00  1.839248e-01  1.880203e-01  1.620232e+02  3.285870e-02  4  1.5280  6.249240e+00  0.000000e+00  0.000000e+00  2.113106e-01  1.674024e+01  0.000000e+00 
3  4.705543e+01  2.210064e+01  1.869000e+03  2.147262e-01 6 -1.000000e+00  6.692618e+01 1  12.0745  3.336243e-02  1.943427e-01 -1 -1.0000 -1.000000e+00 -1.000000e+00 -1.000000e+00 -1.000000e+00 -1.000000e+00 -1.000000e+00 -1 -1.0000 -1.000000e+00 -1.000000e+00 -1.000000e+00 -1.000000e+00 -1.000000e+00 -1.000000e+00  0  1.6070  6.378144e+11  0.000000e+00  0.000000e+00  1.691525e-01  1.091865e+02  5.205137e+00  1  1.6070  9.360319e+09  0.000000e+00  0.000000e+00  9.821468e-02  1.576957e+02  3.496634e-02  2  1.6070  1.207450e+01  0.000000e+00  0.000000e+00  6.791530e-02  4.263673e+01  0.000000e+00 
1  5.085712e+00  1.095203e+01  8.390000e+02  1.955793e-01 0 -1.000000e+00  1.095203e+01 2  15.9483  1.070677e-02 -8.126781e-02 -1 -1.0000 -1.000000e+00 -1.000000e+00 -1.000000e+00 -1.000000e+00 -1.000000e+00 -1.000000e+00 -1 -1.0000 -1.000000e+00 -1.000000e+00 -1.000000e+00 -1.000000e+00 -1.000000e+00 -1.000000e+00  0  0.6600  5.509127e+11  0.000000e+00  0.000000e+00  2.895553e-01 -1.219858e+01  5.882164e+00  1  0.6600  1.862364e+10  0.000000e+00  0.000000e+00  2.468988e-01  4.146293e+01  2.848812e-01  2  0.6600  1.594830e+01  0.000000e+00  0.000000e+00  2.450204e-02 -7.961687e+01  0.000000e+00 
3  2.338048e+01  1.429210e+01  8.107000e+03  6.076745e-01 6 -1.000000e+00  4.164597e+01 3   3.9059  3.782524e-01 -2.763318e-01 -1 -1.0000 -1.000000e+00 -1.000000e+00 -1.000000e+00 -1.000000e+00 -1.000000e+00 -1.000000e+00 -1 -1.0000 -1.000000e+00 -1.000000e+00 -1.000000e+00 -1.000000e+00 -1.000000e+00 -1.000000e+00  0  0.7130  4.334366e+12  0.000000e+00  0.000000e+00  3.024290e-03 -1.570663e+02  5.542298e+00  1  0.7130  7.847291e+10  0.000000e+00  0.000000e+00  3.722488e-01 -1.610001e+02  1.417753e-01  2  0.7130  3.905890e+00  0.000000e+00  0.000000e+00  6.923722e-02 -1.201382e+02  0.000000e+00 
1  3.066551e+02  8.532165e+02  1.105000e+03  2.948798e-01 0 -1.000000e+00  8.532165e+02 2  11.5406  2.020904e-01 -3.896271e-01 -1 -1.0000 -1.000000e+00 -1.000000e+00 -1.000000e+00 -1.000000e+00 -1.000000e+00 -1.000000e+00 -1 -1.0000 -1.000000e+00 -1.000000e+00 -1.000000e+00 -1.000000e+00 -1.000000e+00 -1.000000e+00  0  0.7230  7.415488e+11  0.000000e+00  0.000000e+00  2.795508e-01  2.033388e+01  1.041540e+01  1  0.7230  2.285805e+10  0.000000e+00  0.000000e+00  5.205202e-01  3.420377e+01  2.243208e-01  2  0.7230  1.154060e+01  0.000000e+00  0.000000e+00  1.833477e-01  2.957149e+01  0.000000e+00 
3  1.529007e+02  1.014281e+02  7.859000e+03  2.838033e-01 6 -1.000000e+00  3.125731e+02 3  15.9173  1.319406e-01 -5.469273e-02 -1 -1.0000 -1.000000e+00 -1.000000e+00 -1.000000e+00 -1.000000e+00 -1.000000e+00 -1.000000e+00 -1 -1.0000 -1.000000e+00 -1.000000e+00 -1.000000e+00 -1.000000e+00 -1.000000e+00 -1.000000e+00  0  2.1800  1.059571e+12  0.000000e+00  0.000000e+00  4.966408e-01 -7.728600e+01  3.983310e+00  1  2.1800  1.442678e+10  0.000000e+00  0.000000e+00  4.513370e-01 -1.295784e+02  3.093099e-02  2  2.1800  1.591730e+01  0.000000e+00  0.000000e+00  8.043387e-02 -1.407451e+02  0.000000e+00 
3  3.836618e+02  4.023541e+02  6.110000e+02  7.690695e-01 6 -1.000000e+00  6.767723e+02 3  10.8399  2.378893e-01  7.900830e-02 -1 -1.0000 -1.000000e+00 -1.000000e+00 -1.000000e+00 -1.000000e+00 -1.000000e+00 -1.000000e+00 -1 -1.0000 -1.000000e+00 -1.000000e+00 -1.000000e+00 -1.000000e+00 -1.000000e+00 -1.000000e+00  0  1.2550  2.534156e+12  0.000000e+00  0.000000e+00  4.558198e-01 -1.147291e+02  6.735861e+00  1  1.2550  8.509144e+10  0.000000e+00  0.000000e+00  2.807372e-01 -1.610825e+02  6.401904e-02  2  1.2550  1.083990e+01  0.000000e+00  0.000000e+00  6.104687e-02  1.189101e+02  0.000000e+00 
3  2.160554e+02  2.311064e+02  3.036000e+03  3.195002e-01 6  2.718592e-01  3.141715e+02 1  12.0744 -1.745274e-01 -4.460851e-01  0  2.0320  5.217031e+11  0.000000e+00  0.000000e+00  3.268559e-01 -3.205771e+01  9.058733e+00  1  2.0320  1.259224e+10  0.000000e+00  0.000000e+00  1.425275e-01 -1.076203e+02  2.541540e-02  2  2.0320  1.026561e+12 -1.157164e+00 -5.508495e+00  2.554114e-01  1.293345e+02  3.767105e+00  3  2.0320  1.725272e+10 -1.157164e+00 -5.508495e+00  1.686758e-01  1.172611e+02  7.962589e-02  4  2.0320  1.207440e+01  0.000000e+00  0.000000e+00  2.181061e-01  3.376388e+01  0.000000e+00 
3  4.913858e+01  4.777870e+01  3.256000e+03  1.461849e-01 6 -1.000000e+00  1.375783e+02 3   5.4325 -3.575642e-02  2.366247e-02 -1 -1.0000 -1.000000e+00 -1.000000e+00 -1.000000e+00 -1.000000e+00 -1.000000e+00 -1.000000e+00 -1 -1.0000 -1.000000e+00 -1.000000e+00 -1.000000e+00 -1.000000e+00 -1.000000e+00 -1.000000e+00  0  1.2370  4.840252e+11  0.000000e+00  0.000000e+00  3.260138e-01 -1.605768e+02  4.056928e+00  1  1.2370  6.422865e+09  0.000000e+00  0.000000e+00  3.392034e-01 -1.351064e+02  2.870367e-02  2  1.2370  5.432500e+00  0.000000e+00  0.000000e+00  6.070331e-02 -9.992612e+01  0.000000e+00 
3  7.377042e+01  7.977711e+01  9.339000e+03  2.283034e-01 6 -1.000000e+00  1.104859e+02 1   4.8713 -1.196319e-01 -6.676138e-02 -1 -1.0000 -1.000000e+00 -1.000000e+00 -1.000000e+00 -1.000000e+00 -1.000000e+00 -1.000000e+00 -1 -1.0000 -1.000000e+00 -1.000000e+00 -1.000000e+00 -1.000000e+00 -1.000000e+00 -1.000000e+00  0  1.7370  8.637608e+11  0.000000e+00  0.000000e+00  1.816797e-01  2.499094e+01  6.581419e+00  1  1.7370  2.066358e+10  0.000000e+00  0.000000e+00  1.796586e-01 -1.069076e+00  8.228636e-02  2  1.7370  4.871260e+00  0.000000e+00  0.000000e+00  6.960316e-02  6.018344e+01  0.000000e+00 
3  1.779899e+01  1.020600e+01  2.070000e+03  5.177022e-01 6 -1.000000e+00  2.454088e+01 1   7.5765  4.328635e-01  1.714015e-01 -1 -1.0000 -1.000000e+00 -1.000000e+00 -1.000000e+00 -1.000000e+00 -1.000000e+00 -1.000000e+00 -1 -1.0000 -1.000000e+00 -1.000000e+00 -1.000000e+00 -1.000000e+00 -1.000000e+00 -1.000000e+00  0  0.3990  1.652017e+12  0.000000e+00  0.000000e+00  3.517068e-01 -2.069592e+01  4.215748e+00  1  0.3990  5.138781e+10  0.000000e+00  0.000000e+00  3.820653e-01 -3.008769e+01  1.744054e-01  2  0.3990  7.576480e+00  0.000000e+00  0.000000e+00  1.429732e-01  7.305810e+01  0.000000e+00 
1  6.718725e+01  1.215584e+02  5.737000e+03  3.853418e+00 0  2.725202e-01  1.215584e+02 2   9.7974  6.905590e-01 -3.685407e-01  0  0.9610  4.752385e+13  0.000000e+00  0.000000e+00  2.647636e-01  9.566402e+01  5.355471e+00  1  0.9610  1.515359e+11  0.000000e+00  0.000000e+00  5.056022e-01  1.686426e+02  1.275808e-01  2  0.9610  1.477706e+14  2.941161e+01  1.372547e+01  2.832927e-01  9.068349e+01  3.372958e+00  3  0.9610  3.829099e+11  2.941161e+01  1.372547e+01  2.241121e-01  8.345891e+01  3.023983e-01  4  0.9610  9.797410e+00  0.000000e+00  0.000000e+00  1.650930e-01 -2.286523e+01  0.000000e+00 
3  1.802091e+02  9.455007e+01  4.356000e+03  4.352362e-01 6 -1.000000e+00  2.552753e+02 1  14.1051  3.332351e-01 -1.935830e-02 -1 -1.0000 -1.000000e+00 -1.000000e+00 -1.000000e+00 -1.000000e+00 -1.000000e+00 -1.000000e+00 -1 -1.0000 -1.000000e+00 -1.000000e+00 -1.000000e+00 -1.000000e+00 -1.000000e+00 -1.000000e+00  0  1.8690  2.077561e+12  0.000000e+00  0.000000e+00  2.192996e-01 -1.694961e+01  3.116660e+00  1  1.8690  5.445917e+10  0.000000e+00  0.000000e+00  3.470215e-01  3.074625e+00  2.892462e-02  2  1.8690  1.410510e+01  0.000000e+00  0.000000e+00  2.889017e-01  1.093806e+02  0.000000e+00 
1  1.979314e+02  3.492793e+02  1.700000e+01  2.502384e-02 0  2.826602e-01  3.492793e+02 2   5.9180 -1.212878e-01 -1.165386e-01  0  1.9990  1.868463e+10  0.000000e+00  0.000000e+00  3.602836e-01  1.613138e+02  2.803479e+01  1  1.9990  1.760290e+07  0.000000e+00  0.000000e+00  2.062136e-01  1.850866e+02  1.635013e-02  2  1.9990  2.491063e+11 -1.714869e+00 -1.202020e+00  4.931612e-03 -1.138697e+02  5.305496e+00  3  1.9990  1.283861e+09 -1.714869e+00 -1.202020e+00  4.258498e-01 -1.275089e+02  2.149354e-02  4  1.9990  5.917990e+00  0.000000e+00  0.000000e+00  3.482690e-02 -5.179476e+01  0.000000e+00 
5  1.679877e+02  2.865652e+02  3.646000e+03  4.712316e-01 6 -1.000000e+00  3.116415e+02 3   6.6451 -4.985881e-02  1.298230e-02 -1 -1.0000 -1.000000e+00 -1.000000e+00 -1.000000e+00 -1.000000e+00 -1.000000e+00 -1.000000e+00 -1 -1.0000 -1.000000e+00 -1.000000e+00 -1.000000e+00 -1.000000e+00 -1.000000e+00 -1.000000e+00  0  2.0480  1.326241e+12  0.000000e+00  0.000000e+00  3.300346e-01 -1.068654e+02  9.042321e+00  1  2.0480  2.586411e+10  0.000000e+00  0.000000e+00  3.055233e-01 -5.284091e+01  3.494032e-02  2  2.0480  6.645140e+00  0.000000e+00  0.000000e+00  1.148193e-01  9.738110e+01  0.000000e+00 
3  1.659253e+01  7.411958e+00  7.876000e+03  8.387014e-01 6 -1.000000e+00  3.025466e+01 2  11.9818 -6.816309e-01 -1.366424e-01 -1 -1.0000 -1.000000e+00 -1.000000e+00 -1.000000e+00 -1.000000e+00 -1.000000e+00 -1.000000e+00 -1 -1.0000 -1.000000e+00 -1.000000e+00 -1.000000e+00 -1.000000e+00 -1.000000e+00 -1.000000e+00  0  0.4580  1.480565e+12  0.000000e+00  0.000000e+00  2.980836e-01 -6.153232e+01  1.068423e+01  1  0.4580  7.092003e+10  0.000000e+00  0.000000e+00  4.588657e-01 -4.644612e+01  1.181921e-01  2  0.4580  1.198180e+01  0.000000e+00  0.000000e+00  1.159881e-01 -9.820838e+01  0.000000e+00 
3  3.430562e+02  2.072152e+02  5.120000e+02  4.866323e-01 6 -1.000000e+00  5.359009e+02 1  11.8344  3.542131e-01 -1.355305e-01 -1 -1.0000 -1.000000e+00 -1.000000e+00 -1.000000e+00 -1.000000e+00 -1.000000e+00 -1.000000e+00 -1 -1.0000 -1.000000e+00 -1.000000e+00 -1.000000e+00 -1.000000e+00 -1.000000e+00 -1.000000e+00  0  1.1090  1.320017e+12  0.000000e+00  0.000000e+00  1.551896e-01  9.845150e+01  4.827004e+00  1  1.1090  5.184752e+10  0.000000e+00  0.000000e+00  2.627931e-01 -1.880774e+01  6.701700e-02  2  1.1090  1.183440e+01  0.000000e+00  0.000000e+00  6.538080e-02  5.231311e+01  0.000000e+00 
3  7.850379e+01  7.678199e+01  1.711000e+03  2.911664e+00 6  2.810472e-01  1.543531e+02 3  12.5934  3.708260e+00 -2.978976e+00  0  0.9130  6.833205e+12  0.000000e+00  0.000000e+00  3.129512e-01 -4.671356e+01  2.461822e+01  1  0.9130  1.154630e+11  0.000000e+00  0.000000e+00  1.183673e-01 -6.482485e+01  1.211876e-01  2  0.9130  7.381463e+13  3.176838e+01 -2.764168e+01  2.044552e-01 -3.656161e+01  4.630753e+00  3  0.9130  2.369787e+11  3.176838e+01 -2.764168e+01  3.522634e-01 -6.488817e+01  1.903291e-01  4  0.9130  1.259340e+01  0.000000e+00  0.000000e+00  1.511632e-01  5.474108e+01  0.000000e+00 
3  2.949999e+01  2.211926e+01  6.071000e+03  1.183031e-01 6 -1.000000e+00  6.039263e+01 3  14.1049 -4.225956e-02 -3.714786e-02 -1 -1.0000 -1.000000e+00 -1.000000e+00 -1.000000e+00 -1.000000e+00 -1.000000e+00 -1.000000e+00 -1 -1.0000 -1.000000e+00 -1.000000e+00 -1.000000e+00 -1.000000e+00 -1.000000e+00 -1.000000e+00  0  1.0850  3.681729e+11  0.000000e+00  0.000000e+00  2.836639e-01  1.707209e+02  4.382954e+00  1  1.0850  5.199052e+09  0.000000e+00  0.000000e+00  3.447266e-01  1.634442e+02  5.241067e-02  2  1.0850  1.410490e+01  0.000000e+00  0.000000e+00  2.098485e-01  1.158178e+02  0.000000e+00 
3  2.337497e+02  1.451746e+02  8.637000e+03  9.475791e-01 6  2.882381e-01  3.518208e+02 1  14.1047  3.705327e-01  1.025717e+00  0  1.1500  7.691548e+11  0.000000e+00  0.000000e+00  3.973663e-01 -6.981074e+01  1.968182e+01  1  1.1500  3.775464e+10  0.000000e+00  0.000000e+00  3.845460e-01 -7.885307e+01  5.113256e-02  2  1.1500  1.260431e+13  3.740447e+00  1.248355e+01  2.276265e-01 -5.207240e+01  2.323529e+00  3  1.1500  1.253356e+11  3.740447e+00  1.248355e+01  3.034085e-01 -5.222985e+01  1.059490e-01  4  1.1500  1.410470e+01  0.000000e+00  0.000000e+00  1.858959e-01 -1.432408e+02  0.000000e+00 
1  4.911350e+01  8.811670e+01  8.770000e+03  3.800652e+00 0  2.719447e-01  8.811670e+01 2  17.4684  6.781094e-03  2.271613e-01  0  1.4050  1.403591e+13  0.000000e+00  0.000000e+00  2.309429e-01  1.249621e+02  1.484386e+01  1  1.4050  7.116032e+10  0.000000e+00  0.000000e+00  3.874753e-01  1.420042e+02  7.120151e-02  2  1.4050  3.838211e+13  1.415319e+01  2.213487e+01  2.101157e-01 -3.074798e+01  3.791919e+00  3  1.4050  1.560035e+11  1.415319e+01  2.213487e+01  2.074496e-01  8.699670e+00  1.544768e-01  4  1.4050  1.746840e+01  0.000000e+00  0.000000e+00  6.895719e-02 -6.312852e+00  0.000000e+00 
3  1.410169e+02  9.889265e+01  6.094000e+03  2.415322e-01 6 -1.000000e+00  2.279147e+02 1   7.4930 -4.125818e-02  1.307389e-01 -1 -1.0000 -1.000000e+00 -1.000000e+00 -1.000000e+00 -1.000000e+00 -1.000000e+00 -1.000000e+00 -1 -1.0000 -1.000000e+00 -1.000000e+00 -1.000000e+00 -1.000000e+00 -1.000000e+00 -1.000000e+00  0  2.2460  1.202381e+12  0.000000e+00  0.000000e+00  4.516833e-01 -4.445338e+01  2.727977e+00  1  2.2460  1.768686e+10  0.000000e+00  0.000000e+00  1.323086e-01 -6.305823e+01  3.097400e-02  2  2.2460  7.493000e+00  0.000000e+00  0.000000e+00  1.089056e-01  2.371474e+01  0.000000e+00 
3  5.859715e+00  5.185104e+00  3.858000e+03  1.879389e+00 6 -1.000000e+00  9.790912e+00 1  14.5374 -9.165865e-01  2.478084e-02 -1 -1.0000 -1.000000e+00 -1.000000e+00 -1.000000e+00 -1.000000e+00 -1.000000e+00 -1.000000e+00 -1 -1.0000 -1.000000e+00 -1.000000e+00 -1.000000e+00 -1.000000e+00 -1.000000e+00 -1.000000e+00  0  0.8020  2.126774e+13  0.000000e+00  0.000000e+00  1.957071e-01 -6.027928e+01  5.687595e+00  1  0.8020  1.309109e+11  0.000000e+00  0.000000e+00  3.540298e-01 -6.300373e+01  1.805814e-01  2  0.8020  1.453740e+01  0.000000e+00  0.000000e+00  1.555917e-01  1.736021e+02  0.000000e+00 
3  1.718614e+02  6.477068e+01  1.801000e+03  1.160491e+00 6 -1.000000e+00  3.909454e+02 2  15.1555 -1.050379e+00 -9.148630e-02 -1 -1.0000 -1.000000e+00 -1.000000e+00 -1.000000e+00 -1.000000e+00 -1.000000e+00 -1.000000e+00 -1 -1.0000 -1.000000e+00 -1.000000e+00 -1.000000e+00 -1.000000e+00 -1.000000e+00 -1.000000e+00  0  0.8180  1.417789e+13  0.000000e+00  0.000000e+00  2.027627e-01  1.667536e+02  4.792455e+00  1  0.8180  1.228550e+11  0.000000e+00  0.000000e+00  2.497779e-01  2.094352e+02  1.563315e-01  2  0.8180  1.515550e+01  0.000000e+00  0.000000e+00  2.566258e-01  8.509671e+01  0.000000e+00 
3  4.385994e+02  3.550458e+02  5.660000e+02  7.805190e-01 6  2.768864e-01  9.264647e+02 3   9.7974 -4.375715e-02 -5.752678e-01  0  1.4120  6.632074e+11  0.000000e+00  0.000000e+00  2.837546e-01  5.090938e+01  2.773088e+01  1  1.4120  2.391162e+10  0.000000e+00  0.000000e+00  7.571352e-02  1.376840e+02  1.157470e-01  2  1.4120  2.167729e+12 -1.879445e+00 -1.759664e+00  1.935850e-01 -3.367164e+01  4.417678e+00  3  1.4120  6.278673e+10 -1.879445e+00 -1.759664e+00  4.517160e-01 -1.245206e+02  1.320397e-01  4  1.4120  9.797390e+00  0.000000e+00  0.000000e+00  1.345748e-01  6.076739e+01  0.000000e+00 
3  3.097969e+01  1.227105e+01  1.127000e+03  3.705577e-01 6 -1.000000e+00  3.760207e+01 1  18.0179  3.053753e-01 -3.182638e-01 -1 -1.0000 -1.000000e+00 -1.000000e+00 -1.000000e+00 -1.000000e+00 -1.000000e+00 -1.000000e+00 -1 -1.0000 -1.000000e+00 -1.000000e+00 -1.000000e+00 -1.000000e+00 -1.000000e+00 -1.000000e+00  0  1.6080  9.486179e+11  0.000000e+00  0.000000e+00  5.565088e-01 -3.213523e+01  7.123780e+00  1  1.6080  2.001430e+10  0.000000e+00  0.000000e+00  1.665050e-01 -2.759949e+01  1.759447e-02  2  1.6080  1.801790e+01  0.000000e+00  0.000000e+00  4.472743e-02 -2.196538e+01  0.000000e+00 
3  1.585163e+02  6.835094e+01  1.200000e+01  8.767394e-01 6 -1.000000e+00  2.090659e+02 1  10.3068 -8.844042e-01  2.252619e-01 -1 -1.0000 -1.000000e+00 -1.000000e+00 -1.000000e+00 -1.000000e+00 -1.000000e+00 -1.000000e+00 -1 -1.0000 -1.000000e+00 -1.000000e+00 -1.000000e+00 -1.000000e+00 -1.000000e+00 -1.000000e+00  0  0.5130  4.178889e+12  0.000000e+00  0.000000e+00  2.043365e-03  1.112861e+02  7.189721e+00  1  0.5130  8.526585e+10  0.000000e+00  0.000000e+00  4.311789e-01  1.396971e+02  1.382432e-01  2  0.5130  1.030680e+01  0.000000e+00  0.000000e+00  2.359623e-01  1.241880e+02  0.000000e+00 
3  5.952258e+01  1.526646e+02  2.550000e+02  8.236789e-01 6  2.839680e-01  1.925001e+02 3   3.4909 -9.753162e-01 -6.318395e-04  0  0.6220  2.340693e+12  0.000000e+00  0.000000e+00  2.164733e-01 -5.254881e+00  1.420829e+01  1  0.6220  6.483072e+10  0.000000e+00  0.000000e+00  2.069997e-01 -9.343928e+00  1.030403e-01  2  0.6220  7.848759e+12 -5.629052e+01 -5.347677e+00  1.054998e-01  1.073760e+01  4.338455e+00  3  0.6220  1.114057e+11 -5.629052e+01 -5.347677e+00  2.192127e-01  2.568427e+01  6.397264e-02  4  0.6220  3.490930e+00  0.000000e+00  0.000000e+00  5.262691e-02 -9.740806e+01  0.000000e+00 
3  9.383857e+01  5.204958e+01  2.880000e+02  6.720680e-01 6 -1.000000e+00  1.414184e+02 1  10.8406 -2.189749e-01 -1.852141e-01 -1 -1.0000 -1.000000e+00 -1.000000e+00 -1.000000e+00 -1.000000e+00 -1.000000e+00 -1.000000e+00 -1 -1.0000 -1.000000e+00 -1.000000e+00 -1.000000e+00 -1.000000e+00 -1.000000e+00 -1.000000e+00  0  0.9510  2.206160e+12  0.000000e+00  0.000000e+00  2.113330e-01 -3.522538e+01  3.752911e+00  1  0.9510  5.742320e+10  0.000000e+00  0.000000e+00  4.365000e-01 -9.575982e+01  1.512273e-01  2  0.9510  1.084060e+01  0.000000e+00  0.000000e+00  2.812779e-01 -6.180233e+01  0.000000e+00 
2  6.064481e+01  4.612790e+01  7.417000e+03  1.463975e+00 6 -1.000000e+00  1.817196e+02 2  13.2368  4.483738e-01  1.695193e-01 -1 -1.0000 -1.000000e+00 -1.000000e+00 -1.000000e+00 -1.000000e+00 -1.000000e+00 -1.000000e+00 -1 -1.0000 -1.000000e+00 -1.000000e+00 -1.000000e+00 -1.000000e+00 -1.000000e+00 -1.000000e+00  0  1.3860  8.143197e+12  0.000000e+00  0.000000e+00  1.134336e-01 -1.429381e+02  4.441915e+00  1  1.3860  1.229510e+11  0.000000e+00  0.000000e+00  5.522897e-01 -8.489814e+01  6.723176e-02  2  1.3860  1.323680e+01  0.000000e+00  0.000000e+00  1.392452e-01 -5.976382e+01  0.000000e+00 
1  1.102979e+02  3.505942e+02  2.789000e+03  1.403609e+00 0  3.077494e-01  3.505942e+02 2  15.3451  3.760266e+00  1.291403e+00  0  0.3780  1.844523e+12  0.000000e+00  0.000000e+00  8.008552e-02 -5.632164e+01  1.250699e+01  1  0.3780  7.677655e+10  0.000000e+00  0.000000e+00  9.006242e-02 -5.819044e+01  3.111322e-01  2  0.3780  4.197966e+13  6.263130e+00  2.448491e+00  2.835098e-01 -5.954103e+01  6.270896e+00  3  0.3780  3.263888e+11  6.263130e+00  2.448491e+00  2.736381e-02 -6.238780e+01  7.072434e-01  4  0.3780  1.534510e+01  0.000000e+00  0.000000e+00  1.310351e-01  2.198136e+01  0.000000e+00 
3  2.159950e+02  1.742422e+02  9.260000e+03  6.016624e-01 6  2.782324e-01  3.624024e+02 1   7.2489 -7.992303e-01  1.052552e+00  0  1.5700  9.405379e+11  0.000000e+00  0.000000e+00  1.846853e-01  1.157197e+02  8.653944e+00  1  1.5700  3.909496e+10  0.000000e+00  0.000000e+00  5.034307e-01  9.717078e+01  7.206069e-02  2  1.5700  1.233930e+13 -1.263781e+01  1.537705e+01  1.935853e-02 -1.617134e+02  3.687311e+00  3  1.5700  1.060767e+11 -1.263781e+01  1.537705e+01  4.706702e-01 -1.707325e+02  3.771451e-02  4  1.5700  7.248890e+00  0.000000e+00  0.000000e+00  9.644112e-02 -1.697954e+02  0.000000e+00 
3  7.828175e+01  4.183306e+01  1.974000e+03  1.396818e-01 6 -1.000000e+00  1.074813e+02 1   7.7372 -9.424753e-02  1.299954e-01 -1 -1.0000 -1.000000e+00 -1.000000e+00 -1.000000e+00 -1.000000e+00 -1.000000e+00 -1.000000e+00 -1 -1.0000 -1.000000e+00 -1.000000e+00 -1.000000e+00 -1.000000e+00 -1.000000e+00 -1.000000e+00  0  1.9210  6.115511e+11  0.000000e+00  0.000000e+00  3.070680e-01  1.404214e+02  4.345700e+00  1  1.9210  8.698029e+09  0.000000e+00  0.000000e+00  6.379335e-01  1.392108e+02  2.743449e-02  2  1.9210  7.737160e+00  0.000000e+00  0.000000e+00  9.391969e-02  1.456712e+01  0.000000e+00 
2  3.027447e+01  1.785200e+01  4.018000e+03  5.175374e-01 6  2.701796e-01  3.741742e+01 1  15.4604 -4.674224e-03 -4.446269e-01  0  2.4580  7.751211e+11  0.000000e+00  0.000000e+00  6.271891e-01 -3.073062e+01  1.425592e+01  1  2.4580  1.659842e+10  0.000000e+00  0.000000e+00  3.343013e-01 -1.869105e+01  1.811947e-02  2  2.4580  2.106794e+12 -1.811033e+00 -4.822839e+00  2.516278e-01 -1.282539e+02  2.124408e+00  3  2.4580  6.118446e+10 -1.811033e+00 -4.822839e+00  1.292415e-02 -1.347417e+02  1.155770e-01  4  2.4580  1.546040e+01  0.000000e+00  0.000000e+00  2.138177e-01  7.630712e+00  0.000000e+00 
1  3.201033e+02  5.962813e+02  5.180000e+03  2.243624e+00 0  2.824477e-01  5.962813e+02 2   3.2885  4.368671e+00 -6.141737e+00  0  0.8150  8.004251e+12  0.000000e+00  0.000000e+00  9.543462e-02 -9.000326e+01  1.191398e+01  1  0.8150  7.522115e+10  0.000000e+00  0.000000e+00  2.384367e-01 -1.086721e+02  5.712300e-02  2  0.8150  1.785910e+14  1.540701e+01 -8.347945e+00  3.848372e-01 -9.220886e+01  5.044322e+00  3  0.8150  4.150927e+11  1.540701e+01 -8.347945e+00  8.342525e-02 -7.766697e+01  6.124004e-01  4  0.8150  3.288540e+00  0.000000e+00  0.000000e+00  5.756488e-02 -8.479148e+01  0.000000e+00 
3  1.873439e+02  1.971262e+02  1.979000e+03  1.508795e-01 6 -1.000000e+00  2.773434e+02 1   7.5766 -6.502838e-02 -7.318034e-02 -1 -1.0000 -1.000000e+00 -1.000000e+00 -1.000000e+00 -1.000000e+00 -1.000000e+00 -1.000000e+00 -1 -1.0000 -1.000000e+00 -1.000000e+00 -1.000000e+00 -1.000000e+00 -1.000000e+00 -1.000000e+00  0  1.3330  4.990112e+11  0.000000e+00  0.000000e+00  1.922409e-01 -4.508255e+01  4.559412e+00  1  1.3330  9.874301e+09  0.000000e+00  0.000000e+00  4.983349e-01  9.301562e+00  2.902195e-02  2  1.3330  7.576590e+00  0.000000e+00  0.000000e+00  7.033002e-02 -1.163467e+02  0.000000e+00 
3  1.390879e+01  5.694825e+00  2.494000e+03  1.482448e+00 6 -1.000000e+00  1.657165e+01 1   7.8774 -2.927865e-01  1.297491e+00 -1 -1.0000 -1.000000e+00 -1.000000e+00 -1.000000e+00 -1.000000e+00 -1.000000e+00 -1.000000e+00 -1 -1.0000 -1.000000e+00 -1.000000e+00 -1.000000e+00 -1.000000e+00 -1.000000e+00 -1.000000e+00  0  0.2970  4.631936e+12  0.000000e+00  0.000000e+00  4.046625e-01 -1.173563e+02  8.391610e+00  1  0.2970  1.133127e+11  0.000000e+00  0.000000e+00  4.484953e-01 -1.042313e+02  2.980264e-01  2  0.2970  7.877430e+00  0.000000e+00  0.000000e+00  2.419077e-01  7.550779e+01  0.000000e+00 
3  7.634661e+01  1.234532e+02  1.775000e+03  9.017628e-01 6  3.088466e-01  1.403516e+02 3   6.1666  2.117537e+00  1.193275e+00  0  0.3320  1.525002e+12  0.000000e+00  0.000000e+00  3.609894e-01  5.529089e+00  1.697046e+01  1  0.3320  4.769261e+10  0.000000e+00  0.000000e+00  2.963247e-01  2.777289e+00  1.815226e-01  2  0.3320  3.125969e+13  1.797328e+01  1.157428e+01  4.277171e-01 -6.051499e+01  3.684756e+00  3  0.3320  1.759030e+11  1.797328e+01  1.157428e+01  3.393668e-01 -2.127058e+01  5.159952e-01  4  0.3320  6.166650e+00  0.000000e+00  0.000000e+00  9.749125e-02  1.302131e+02  0.000000e+00 
3  4.670128e+02  5.156960e+02  6.208000e+03  7.560864e-01 6 -1.000000e+00  6.773055e+02 1   5.5530 -2.125607e-01 -1.361025e-01 -1 -1.0000 -1.000000e+00 -1.000000e+00 -1.000000e+00 -1.000000e+00 -1.000000e+00 -1.000000e+00 -1 -1.0000 -1.000000e+00 -1.000000e+00 -1.000000e+00 -1.000000e+00 -1.000000e+00 -1.000000e+00  0  0.3950  3.780021e+12  0.000000e+00  0.000000e+00  4.813403e-01 -1.004464e+01  6.260398e+00  1  0.3950  6.687578e+10  0.000000e+00  0.000000e+00  5.005824e-02 -1.129042e+02  2.234338e-01  2  0.3950  5.552970e+00  0.000000e+00  0.000000e+00  8.039566e-02  2.780374e+00  0.000000e+00 
3  3.991087e+01  3.110941e+01  9.450000e+02  6.003437e+00 6 -1.000000e+00  5.607698e+01 1   3.9527  2.483045e+00 -1.870067e+00 -1 -1.0000 -1.000000e+00 -1.000000e+00 -1.000000e+00 -1.000000e+00 -1.000000e+00 -1.000000e+00 -1 -1.0000 -1.000000e+00 -1.000000e+00 -1.000000e+00 -1.000000e+00 -1.000000e+00 -1.000000e+00  0  0.3980  4.273753e+13  0.000000e+00  0.000000e+00  4.219980e-01 -6.524385e+01  1.385738e+01  1  0.3980  3.339447e+11  0.000000e+00  0.000000e+00  1.875560e-01 -7.385984e+01  3.520665e-01  2  0.3980  3.952660e+00  0.000000e+00  0.000000e+00  7.833046e-02 -8.234983e+00  0.000000e+00 
3  5.317288e+01  4.033519e+01  7.160000e+02  7.087315e-01 6 -1.000000e+00  7.593360e+01 1  12.8488 -2.713983e-03  3.592423e-01 -1 -1.0000 -1.000000e+00 -1.000000e+00 -1.000000e+00 -1.000000e+00 -1.000000e+00 -1.000000e+00 -1 -1.0000 -1.000000e+00 -1.000000e+00 -1.000000e+00 -1.000000e+00 -1.000000e+00 -1.000000e+00  0  0.5200  8.852376e+11  0.000000e+00  0.000000e+00  2.337252e-01 -1.518830e+02  1.128051e+01  1  0.5200  4.304006e+10  0.000000e+00  0.000000e+00  1.633114e-01 -9.633836e+01  7.308120e-02  2  0.5200  1.284880e+01  0.000000e+00  0.000000e+00  9.037908e-02 -1.328466e+02  0.000000e+00 
3  2.280342e+02  1.186988e+02  2.079000e+03  5.320094e-01 6  2.753507e-01  3.192539e+02 1   6.5046 -2.954081e-01  5.477342e-01  0  1.5370  9.116012e+11  0.000000e+00  0.000000e+00  3.774422e-01  8.341606e+01  1.009640e+01  1  1.5370  3.528464e+10  0.000000e+00  0.000000e+00  2.028655e-01  5.828985e+01  5.575072e-02  2  1.5370  2.690851e+12  2.983365e+00  1.316826e+01  3.497784e-01 -5.540486e+01  4.966752e+00  3  1.5370  5.193203e+10  2.983365e+00  1.316826e+01  4.560996e-01 -7.146919e+01  8.386291e-02  4  1.5370  6.504580e+00  0.000000e+00  0.000000e+00  1.751072e-01 -1.471568e+02  0.000000e+00 
2  2.384858e+02  3.131869e+02  9.682000e+03  5.671500e-02 6  2.887627e-01  4.815479e+02 3  16.4345  3.154284e-02  1.641059e-02  0  1.5830  7.675161e+09  0.000000e+00  0.000000e+00  1.444955e-01  4.675131e+01  4.589181e+01  1  1.5830  2.578175e+06  0.000000e+00  0.000000e+00  4.856897e-01  2.571330e+01  2.063296e-02  2  1.5830  1.005657e+11  5.432768e-02  2.825786e-02  3.651174e-01 -1.505631e+01  3.140290e+00  3  1.5830  3.102096e+08  5.432768e-02  2.825786e-02  2.221969e-01  3.770184e+01  4.446337e-02  4  1.5830  1.643450e+01  0.000000e+00  0.000000e+00  2.362998e-01 -1.778315e+02  0.000000e+00 
3  1.719836e+01  8.584938e+00  4.910000e+02  6.602907e-01 6 -1.000000e+00  2.353881e+01 1  12.5938  5.819245e-01  1.858903e-01 -1 -1.0000 -1.000000e+00 -1.000000e+00 -1.000000e+00 -1.000000e+00 -1.000000e+00 -1.000000e+00 -1 -1.0000 -1.000000e+00 -1.000000e+00 -1.000000e+00 -1.000000e+00 -1.000000e+00 -1.000000e+00  0  1.6310  5.642980e+12  0.000000e+00  0.000000e+00  4.965849e-01 -1.301681e+01  4.627625e+00  1  1.6310  7.294336e+10  0.000000e+00  0.000000e+00  3.034755e-01 -9.347800e+00  8.691834e-02  2  1.6310  1.259380e+01  0.000000e+00  0.000000e+00  1.255152e-01  1.452176e+02  0.000000e+00 
3  7.861479e+01  4.360040e+01  4.095000e+03  6.717051e-01 6  2.742474e-01  1.231375e+02 1  18.5688 -6.016024e-01  1.913554e+00  0  1.8510  9.085169e+11  0.000000e+00  0.000000e+00  1.927055e-02  1.010823e+02  9.952144e+00  1  1.8510  3.116786e+10  0.000000e+00  0.000000e+00  3.512713e-02  1.351723e+02  5.288269e-02  2  1.8510  1.525299e+13 -2.534224e+00  6.217407e+00  1.818728e-01  1.386473e+02  4.258507e+00  3  1.8510  9.344136e+10 -2.534224e+00  6.217407e+00  3.673869e-01  2.902566e+01  1.742157e-01  4  1.8510  1.856880e+01  0.000000e+00  0.000000e+00  3.130845e-01 -7.071226e+01  0.000000e+00 
1  1.046984e+02  2.053470e+02  8.156000e+03  3.044211e+00 0 -1.000000e+00  2.053470e+02 2   6.2177 -2.629771e+00  6.390505e+00 -1 -1.0000 -1.000000e+00 -1.000000e+00 -1.000000e+00 -1.000000e+00 -1.000000e+00 -1.000000e+00 -1 -1.0000 -1.000000e+00 -1.000000e+00 -1.000000e+00 -1.000000e+00 -1.000000e+00 -1.000000e+00  0  0.8700  6.446552e+13  0.000000e+00  0.000000e+00  4.355770e-01  1.730922e+01  5.786467e+00  1  0.8700  2.857414e+11  0.000000e+00  0.000000e+00  2.582569e-01 -1.691010e+01  1.880097e-01  2  0.8700  6.217700e+00  0.000000e+00  0.000000e+00  9.802781e-02  3.933074e+01  0.000000e+00 
3  2.413530e+02  1.382392e+02  2.631000e+03  8.304469e-01 6 -1.000000e+00  3.409682e+02 1  13.7337  1.298162e-01  5.948642e-01 -1 -1.0000 -1.000000e+00 -1.000000e+00 -1.000000e+00 -1.000000e+00 -1.000000e+00 -1.000000e+00 -1 -1.0000 -1.000000e+00 -1.000000e+00 -1.000000e+00 -1.000000e+00 -1.000000e+00 -1.000000e+00  0  1.3530  2.951709e+12  0.000000e+00  0.000000e+00  3.369025e-02 -8.747120e+01  4.209356e+00  1  1.3530  9.672786e+10  0.000000e+00  0.000000e+00  1.201629e-01 -8.798785e+01  5.763692e-02  2  1.3530  1.373370e+01  0.000000e+00  0.000000e+00  5.996903e-02  4.155452e+01  0.000000e+00 
2  9.853274e+00  4.891350e+00  2.610000e+03  7.762883e-01 6  2.710034e-01  1.172698e+01 1   8.5124 -5.941956e-01 -7.316073e-01  0  2.2090  2.003829e+12  0.000000e+00  0.000000e+00  3.287745e-01 -8.255457e+01  8.403216e+00  1  2.2090  7.425021e+10  0.000000e+00  0.000000e+00  1.564985e-02 -7.043074e+01  2.332417e-02  2  2.2090  3.858514e+12 -1.096607e+01  1.028246e+00  1.668761e-01  5.034824e+01  3.797806e+00  3  2.2090  7.262814e+10 -1.096607e+01  1.028246e+00  3.504248e-01  6.761447e+01  3.023025e-02  4  2.2090  8.512430e+00  0.000000e+00  0.000000e+00  1.968930e-01  1.076241e+02  0.000000e+00 
1  3.528151e+01  7.466532e+01  5.121000e+03  6.169745e+00 0 -1.000000e+00  7.466532e+01 2   8.4045 -1.112143e+00  2.615537e+00 -1 -1.0000 -1.000000e+00 -1.000000e+00 -1.000000e+00 -1.000000e+00 -1.000000e+00 -1.000000e+00 -1 -1.0000 -1.000000e+00 -1.000000e+00 -1.000000e+00 -1.000000e+00 -1.000000e+00 -1.000000e+00  0  0.4000  2.092051e+14  0.000000e+00  0.000000e+00  2.513256e-01  1.472633e+02  5.652286e+00  1  0.4000  6.575068e+11  0.000000e+00  0.000000e+00  1.033560e-01  1.630598e+02  1.935270e+00  2  0.4000  8.404500e+00  0.000000e+00  0.000000e+00  3.426917e-02  4.702772e+01  0.000000e+00 
3  2.057177e+02  2.363450e+02  3.690000e+02  2.043076e+00 6  2.940502e-01  3.573363e+02 3   6.1667  1.940655e+00 -5.551092e+00  0  0.7130  3.514141e+12  0.000000e+00  0.000000e+00  1.611979e-01 -2.077650e+01  2.602356e+01  1  0.7130  7.576674e+10  0.000000e+00  0.000000e+00  4.799593e-01 -6.195728e+01  2.013461e-01  2  0.7130  1.080338e+14  2.867652e+00 -2.248634e+01  3.077170e-01 -7.046131e+01  2.787401e+00  3  0.7130  3.718700e+11  2.867652e+00 -2.248634e+01  2.203573e-01 -8.882763e+00  3.251118e-01  4  0.7130  6.166660e+00  0.000000e+00  0.000000e+00  6.278802e-02  8.156752e+01  0.000000e+00 
1  9.244986e+01  1.630165e+02  1.077000e+03  3.094954e+00 0  2.767014e-01  1.630165e+02 2   5.8132  9.021497e+00  4.328498e+00  0  0.7720  2.169227e+13  0.000000e+00  0.000000e+00  4.740003e-01  2.372825e+00  1.040357e+01  1  0.7720  1.211974e+11  0.000000e+00  0.000000e+00  1.535210e-01 -2.968643e-01  9.916916e-02  2  0.7720  1.610238e+14  5.449340e+01  9.381017e+00  3.845489e-01 -7.121830e+01  5.644065e+00  3  0.7720  6.236026e+11  5.449340e+01  9.381017e+00  1.011029e-01 -4.953074e+01  6.997670e-01  4  0.7720  5.813160e+00  0.000000e+00  0.000000e+00  7.080587e-02 -3.865332e+01  0.000000e+00 
3  5.255048e+01  3.841527e+01  3.080000e+03  4.908338e-01 6 -1.000000e+00  7.057864e+01 1   4.9357  8.707825e-02  2.729599e-01 -1 -1.0000 -1.000000e+00 -1.000000e+00 -1.000000e+00 -1.000000e+00 -1.000000e+00 -1.000000e+00 -1 -1.0000 -1.000000e+00 -1.000000e+00 -1.000000e+00 -1.000000e+00 -1.000000e+00 -1.000000e+00  0  0.8320  1.179487e+12  0.000000e+00  0.000000e+00  3.765817e-01  7.060653e+01  4.516518e+00  1  0.8320  4.010478e+10  0.000000e+00  0.000000e+00  1.864370e-01  7.712896e+01  7.360747e-02  2  0.8320  4.935670e+00  0.000000e+00  0.000000e+00  9.432109e-02  1.314354e+02  0.000000e+00 
3  1.220417e+02  1.271575e+02  5.790000e+02  1.045391e+00 6 -1.000000e+00  2.247294e+02 3   7.1905  4.345534e-01  2.541721e-02 -1 -1.0000 -1.000000e+00 -1.000000e+00 -1.000000e+00 -1.000000e+00 -1.000000e+00 -1.000000e+00 -1 -1.0000 -1.000000e+00 -1.000000e+00 -1.000000e+00 -1.000000e+00 -1.000000e+00 -1.000000e+00  0  1.3570  8.358155e+12  0.000000e+00  0.000000e+00  1.113412e-01 -1.092592e+02  5.229072e+00  1  1.3570  8.613362e+10  0.000000e+00  0.000000e+00  1.894129e-01 -8.629148e+01  6.545759e-02  2  1.3570  7.190530e+00  0.000000e+00  0.000000e+00  1.033835e-01 -2.221363e+01  0.000000e+00 
3  1.398227e+02  1.312117e+02  1.981000e+03  4.064732e+00 6 -1.000000e+00  3.075429e+02 3  11.3985 -1.266702e+00  1.170468e+00 -1 -1.0000 -1.000000e+00 -1.000000e+00 -1.000000e+00 -1.000000e+00 -1.000000e+00 -1.000000e+00 -1 -1.0000 -1.000000e+00 -1.000000e+00 -1.000000e+00 -1.000000e+00 -1.000000e+00 -1.000000e+00  0  0.3230  1.369704e+14  0.000000e+00  0.000000e+00  1.660488e-01 -6.805564e+01  5.063033e+00  1  0.3230  3.716181e+11  0.000000e+00  0.000000e+00  2.636121e-01 -9.583753e+01  6.426621e-01  2  0.3230  1.139850e+01  0.000000e+00  0.000000e+00  9.774542e-02 -1.676018e+02  0.000000e+00 
3  3.262968e+02  3.538357e+02  5.094000e+03  6.285895e-01 6 -1.000000e+00  5.223175e+02 1   1.7016 -1.263243e-01 -1.316554e-01 -1 -1.0000 -1.000000e+00 -1.000000e+00 -1.000000e+00 -1.000000e+00 -1.000000e+00 -1.000000e+00 -1 -1.0000 -1.000000e+00 -1.000000e+00 -1.000000e+00 -1.000000e+00 -1.000000e+00 -1.000000e+00  0  1.0740  1.904259e+13  0.000000e+00  0.000000e+00  4.370507e-01 -1.797511e+02  3.405685e+00  1  1.0740  1.813122e+11  0.000000e+00  0.000000e+00  4.024166e-02 -2.287648e+02  7.523754e-02  2  1.0740  1.701580e+00  0.000000e+00  0.000000e+00  3.745806e-02  1.755981e+02  0.000000e+00 
3  3.848579e+01  3.515982e+01  5.890000e+03  4.298162e-01 6 -1.000000e+00  4.967011e+01 1  12.8481 -3.893230e-01 -2.601523e-02 -1 -1.0000 -1.000000e+00 -1.000000e+00 -1.000000e+00 -1.000000e+00 -1.000000e+00 -1.000000e+00 -1 -1.0000 -1.000000e+00 -1.000000e+00 -1.000000e+00 -1.000000e+00 -1.000000e+00 -1.000000e+00  0  1.2750  2.100858e+12  0.000000e+00  0.000000e+00  1.944208e-01 -1.720091e+02  3.692491e+00  1  1.2750  5.780244e+10  0.000000e+00  0.000000e+00  5.385471e-01 -1.479758e+02  8.514092e-02  2  1.2750  1.284810e+01  0.000000e+00  0.000000e+00  1.479062e-01 -1.904470e+01  0.000000e+00 
3  6.718725e+01  3.250910e+01  5.737000e+03  7.563420e-01 6 -1.000000e+00  9.096487e+01 1   9.7974  5.200510e-01  3.756744e-01 -1 -1.0000 -1.000000e+00 -1.000000e+00 -1.000000e+00 -1.000000e+00 -1.000000e+00 -1.000000e+00 -1 -1.0000 -1.000000e+00 -1.000000e+00 -1.000000e+00 -1.000000e+00 -1.000000e+00 -1.000000e+00  0  0.6770  2.293609e+12  0.000000e+00  0.000000e+00  2.765407e-01 -8.059285e+01  5.287919e+00  1  0.6770  6.376608e+10  0.000000e+00  0.000000e+00  4.372390e-01 -1.184260e+02  9.247299e-02  2  0.6770  9.797410e+00  0.000000e+00  0.000000e+00  9.680103e-02 -9.430818e-01  0.000000e+00 
3  1.193901e+02  4.748814e+01  1.924000e+03  1.372001e+00 6  2.792685e-01  2.293317e+02 2  11.3421 -1.729680e+00 -1.233017e+00  0  1.2040  2.299067e+12  0.000000e+00  0.000000e+00  3.012163e-01 -1.424793e+02  1.636657e+01  1  1.2040  8.305945e+10  0.000000e+00  0.000000e+00  3.489839e-01 -1.244474e+02  1.122825e-01  2  1.2040  1.386047e+13 -3.196814e+00 -9.396904e+00  3.584521e-01 -1.682957e+02  5.868935e+00  3  1.2040  1.086107e+11 -3.196814e+00 -9.396904e+00  1.619133e-01 -2.062903e+02  5.749386e-02  4  1.2040  1.134210e+01  0.000000e+00  0.000000e+00  1.276188e-01  6.923521e+01  0.000000e+00 
1  9.010902e+01  1.822853e+02  1.319000e+03  5.952770e+00 0 -1.000000e+00  1.822853e+02 2   5.3584  2.054818e+00  7.652625e-01 -1 -1.0000 -1.000000e+00 -1.000000e+00 -1.000000e+00 -1.000000e+00 -1.000000e+00 -1.000000e+00 -1 -1.0000 -1.000000e+00 -1.000000e+00 -1.000000e+00 -1.000000e+00 -1.000000e+00 -1.000000e+00  0  1.2120  6.808111e+13  0.000000e+00  0.000000e+00  2.655068e-01  1.063210e+02  7.812466e+00  1  1.2120  2.141650e+11  0.000000e+00  0.000000e+00  4.134783e-01  1.536135e+02  2.535923e-01  2  1.2120  5.358400e+00  0.000000e+00  0.000000e+00  1.074796e-01 -3.226425e+01  0.000000e+00 
3  1.492179e+02  9.055326e+01  3.687000e+03  1.865547e-01 6 -1.000000e+00  2.016259e+02 1   6.5046 -2.371437e-02 -1.570920e-01 -1 -1.0000 -1.000000e+00 -1.000000e+00 -1.000000e+00 -1.000000e+00 -1.000000e+00 -1.000000e+00 -1 -1.0000 -1.000000e+00 -1.000000e+00 -1.000000e+00 -1.000000e+00 -1.000000e+00 -1.000000e+00  0  0.8710  3.302704e+11  0.000000e+00  0.000000e+00  3.153257e-01  4.284189e+01  6.179306e+00  1  0.8710  8.656740e+09  0.000000e+00  0.000000e+00  4.122844e-02  1.076267e+02  7.341616e-02  2  0.8710  6.504620e+00  0.000000e+00  0.000000e+00  4.356502e-02  1.202218e+02  0.000000e+00 
3  5.101974e+01  9.302481e+00  2.628000e+03  1.190625e+00 6 -1.000000e+00  1.009516e+02 2   7.0962 -9.182243e-01 -8.165864e-01 -1 -1.0000 -1.000000e+00 -1.000000e+00 -1.000000e+00 -1.000000e+00 -1.000000e+00 -1.000000e+00 -1 -1.0000 -1.000000e+00 -1.000000e+00 -1.000000e+00 -1.000000e+00 -1.000000e+00 -1.000000e+00  0  1.4400  7.197510e+12  0.000000e+00  0.000000e+00  1.723322e-01 -3.902017e+01  7.743914e+00  1  1.4400  9.307251e+10  0.000000e+00  0.000000e+00  4.387471e-01 -4.732528e+01  4.443078e-02  2  1.4400  7.096180e+00  0.000000e+00  0.000000e+00  1.076160e-01 -4.430573e+01  0.000000e+00 
2  9.401030e+01  2.035693e+01  9.486000e+03  1.801748e+00 6 -1.000000e+00  2.126878e+02 2  13.6705  3.296983e-01 -1.483415e+00 -1 -1.0000 -1.000000e+00 -1.000000e+00 -1.000000e+00 -1.000000e+00 -1.000000e+00 -1.000000e+00 -1 -1.0000 -1.000000e+00 -1.000000e+00 -1.000000e+00 -1.000000e+00 -1.000000e+00 -1.000000e+00  0  1.8800  4.484843e+13  0.000000e+00  0.000000e+00  3.755831e-01 -8.636284e-01  2.908514e+00  1  1.8800  1.527590e+11  0.000000e+00  0.000000e+00  2.048793e-01 -6.368577e+00  5.132441e-02  2  1.8800  1.367050e+01  0.000000e+00  0.000000e+00  8.821485e-02  9.174475e+01  0.000000e+00 
3  1.309333e+02  1.686718e+02  5.150000e+03  1.557218e+00 6  2.851084e-01  2.424042e+02 3  12.4617  3.077828e+00  6.264382e-01  0  0.5230  8.250242e+12  0.000000e+00  0.000000e+00  3.541670e-01  2.982427e+01  1.027537e+01  1  0.5230  8.609760e+10  0.000000e+00  0.000000e+00  1.842897e-01 -4.673803e+00  2.815962e-01  2  0.5230  4.087783e+13  2.165596e+01  4.906589e+00  1.720409e-01 -1.513839e+02  3.894302e+00  3  0.5230  2.279221e+11  2.165596e+01  4.906589e+00  4.942184e-01 -1.264678e+02  4.234230e-01  4  0.5230  1.246170e+01  0.000000e+00  0.000000e+00  1.516489e-01  1.566478e+02  0.000000e+00 
3  4.162123e+01  6.579014e+01  9.230000e+02  1.795574e+00 6  2.851554e-01  6.618776e+01 1  15.1556  3.489465e+00 -7.539712e-01  0  0.8260  3.915440e+12  0.000000e+00  0.000000e+00  1.782391e-01  1.194637e+02  1.580840e+01  1  0.8260  9.283377e+10  0.000000e+00  0.000000e+00  3.343706e-01  1.117052e+02  1.612605e-01  2  0.8260  3.443565e+13  1.837222e+01 -4.582484e+00  2.495981e-01 -6.266178e+01  3.436132e+00  3  0.8260  2.258774e+11  1.837222e+01 -4.582484e+00  4.115361e-01 -7.316492e+01  1.564829e-01  4  0.8260  1.515560e+01  0.000000e+00  0.000000e+00  1.243958e-01 -1.251867e+02  0.000000e+00 
3  1.192589e+02  7.364908e+01  2.340000e+03  9.903115e-01 6 -1.000000e+00  1.818227e+02 1   9.7989  8.014704e-01 -8.349756e-02 -1 -1.0000 -1.000000e+00 -1.000000e+00 -1.000000e+00 -1.000000e+00 -1.000000e+00 -1.000000e+00 -1 -1.0000 -1.000000e+00 -1.000000e+00 -1.000000e+00 -1.000000e+00 -1.000000e+00 -1.000000e+00  0  0.8450  3.806906e+12  0.000000e+00  0.000000e+00  1.564825e-01 -1.480583e+02  1.036576e+01  1  0.8450  1.022348e+11  0.000000e+00  0.000000e+00  6.106315e-01 -1.398203e+02  1.891469e-01  2  0.8450  9.798870e+00  0.000000e+00  0.000000e+00  1.237486e-02 -1.425600e+02  0.000000e+00 
1  9.068239e+01  1.803695e+02  6.886000e+03  1.463512e+00 0 -1.000000e+00  1.803695e+02 2  15.3468 -1.199099e+00  1.910773e+00 -1 -1.0000 -1.000000e+00 -1.000000e+00 -1.000000e+00 -1.000000e+00 -1.000000e+00 -1.000000e+00 -1 -1.0000 -1.000000e+00 -1.000000e+00 -1.000000e+00 -1.000000e+00 -1.000000e+00 -1.000000e+00  0  1.2000  2.965063e+13  0.000000e+00  0.000000e+00  4.733708e-01  2.660220e+01  3.828889e+00  1  1.2000  1.169877e+11  0.000000e+00  0.000000e+00  4.404353e-02  1.577471e+01  1.490474e-01  2  1.2000  1.534680e+01  0.000000e+00  0.000000e+00  3.341161e-02 -1.538816e+01  0.000000e+00 
3  3.635379e+02  4.415147e+02  7.099000e+03  9.170308e-01 6 -1.000000e+00  7.201182e+02 3   5.5529  1.334901e-01 -3.208271e-01 -1 -1.0000 -1.000000e+00 -1.000000e+00 -1.000000e+00 -1.000000e+00 -1.000000e+00 -1.000000e+00 -1 -1.0000 -1.000000e+00 -1.000000e+00 -1.000000e+00 -1.000000e+00 -1.000000e+00 -1.000000e+00  0  1.4510  7.245851e+12  0.000000e+00  0.000000e+00  2.993344e-01 -5.918575e+01  5.491305e+00  1  1.4510  1.079201e+11  0.000000e+00  0.000000e+00  2.788953e-01 -4.045853e+01  6.666479e-02  2  1.4510  5.552910e+00  0.000000e+00  0.000000e+00  1.270293e-01 -1.383772e+02  0.000000e+00 
3  4.933076e+01  4.137225e+01  4.740000e+02  6.619788e-01 6 -1.000000e+00  6.659746e+01 1  14.1065  1.941956e-02  4.487690e-01 -1 -1.0000 -1.000000e+00 -1.000000e+00 -1.000000e+00 -1.000000e+00 -1.000000e+00 -1.000000e+00 -1 -1.0000 -1.000000e+00 -1.000000e+00 -1.000000e+00 -1.000000e+00 -1.000000e+00 -1.000000e+00  0  0.8710  3.302061e+12  0.000000e+00  0.000000e+00  2.124213e-01  9.429935e+01  4.803062e+00  1  0.8710  6.186071e+10  0.000000e+00  0.000000e+00  2.997611e-01  1.419142e+02  8.099357e-02  2  0.8710  1.410650e+01  0.000000e+00  0.000000e+00  1.711495e-01 -1.209046e+02  0.000000e+00 
3  2.149226e+02  2.356691e+02  3.225000e+03  6.098374e-01 6  2.671004e-01  4.032023e+02 3   9.3118  1.291346e-01 -1.233647e+00  0  2.7720  1.969415e+12  0.000000e+00  0.000000e+00  2.975729e-01 -9.662665e+01  7.519754e+00  1  2.7720  3.759054e+10  0.000000e+00  0.000000e+00  3.109564e-01 -1.400754e+02  3.488723e-02  2  2.7720  7.286028e+12 -2.905330e-01 -1.977240e+01  1.185492e-01 -8.517705e+00  2.726505e+00  3  2.7720  1.008896e+11 -2.905330e-01 -1.977240e+01  3.546430e-01 -4.635063e+01  9.059865e-02  4  2.7720  9.311840e+00  0.000000e+00  0.000000e+00  9.972985e-03 -8.519149e+01  0.000000e+00 
5  1.067819e+02  2.570948e+02  1.579000e+03  1.372510e+00 6 -1.000000e+00  2.904473e+02 3   7.7373 -5.217867e-02  1.549394e-02 -1 -1.0000 -1.000000e+00 -1.000000e+00 -1.000000e+00 -1.000000e+00 -1.000000e+00 -1.000000e+00 -1 -1.0000 -1.000000e+00 -1.000000e+00 -1.000000e+00 -1.000000e+00 -1.000000e+00 -1.000000e+00  0  0.1520  8.882952e+12  0.000000e+00  0.000000e+00  2.179051e-01 -1.414158e+02  7.111488e+00  1  0.1520  1.349463e+11  0.000000e+00  0.000000e+00  3.639967e-01 -1.364454e+02  6.030252e-01  2  0.1520  7.737320e+00  0.000000e+00  0.000000e+00  3.936191e-02  1.167898e+02  0.000000e+00 
3  1.589222e+02  1.324375e+02  9.454000e+03  7.557909e-01 6 -1.000000e+00  2.113279e+02 1  15.4599  4.264390e-01  4.634736e-02 -1 -1.0000 -1.000000e+00 -1.000000e+00 -1.000000e+00 -1.000000e+00 -1.000000e+00 -1.000000e+00 -1 -1.0000 -1.000000e+00 -1.000000e+00 -1.000000e+00 -1.000000e+00 -1.000000e+00 -1.000000e+00  0  0.4270  2.273697e+12  0.000000e+00  0.000000e+00  3.172449e-01  1.079630e+02  5.936461e+00  1  0.4270  7.761897e+10  0.000000e+00  0.000000e+00  2.314172e-01  5.520203e+01  3.196903e-01  2  0.4270  1.545990e+01  0.000000e+00  0.000000e+00  2.188680e-01  3.106174e+01  0.000000e+00 
3  7.344044e+02  1.049051e+03  8.884000e+03  8.609660e-01 6  2.830703e-01  1.314533e+03 3   2.0361  4.468371e-01 -1.107072e+00  0  0.9110  2.858486e+12  0.000000e+00  0.000000e+00  1.614268e-01  1.539196e+02  1.932286e+01  1  0.9110  6.440824e+10  0.000000e+00  0.000000e+00  1.038696e-01  1.780192e+02  9.868323e-02  2  0.9110  1.676188e+13  3.669961e+00 -1.270973e+01  3.880753e-01  4.668748e+01  2.340607e+00  3  0.9110  1.508923e+11  3.669961e+00 -1.270973e+01  1.395833e-01  7.081652e+01  9.180818e-02  4  0.9110  2.036140e+00  0.000000e+00  0.000000e+00  2.878369e-02 -1.122263e+02  0.000000e+00 
3  7.322317e+00  4.105251e+00  6.890000e+02  4.567746e-01 6  2.818579e-01  9.231109e+00 1  13.3981 -5.139141e-01 -1.953464e-02  0  1.2160  4.674778e+11  0.000000e+00  0.000000e+00  4.587702e-01 -7.044373e+01  1.555748e+01  1  1.2160  1.292529e+10  0.000000e+00  0.000000e+00  1.839617e-01 -7.506030e+01  2.550390e-02  2  1.2160  2.307153e+12 -1.213743e+01  6.351383e+00  1.926150e-01  1.131554e+02  4.091772e+00  3  1.2160  1.214407e+11 -1.213743e+01  6.351383e+00  6.480845e-01  1.123181e+02  2.584412e-01  4  1.2160  1.339810e+01  0.000000e+00  0.000000e+00  1.071757e-01 -4.009637e+01  0.000000e+00 
3  5.736778e+01  2.542297e+01  2.397000e+03  1.062117e-01 6 -1.000000e+00  7.273072e+01 1   2.5271 -3.121769e-02  1.117203e-01 -1 -1.0000 -1.000000e+00 -1.000000e+00 -1.000000e+00 -1.000000e+00 -1.000000e+00 -1.000000e+00 -1 -1.0000 -1.000000e+00 -1.000000e+00 -1.000000e+00 -1.000000e+00 -1.000000e+00 -1.000000e+00  0  1.8070  1.031012e+12  0.000000e+00  0.000000e+00  1.724389e-01 -1.389926e+02  3.266616e+00  1  1.8070  1.504506e+10  0.000000e+00  0.000000e+00  1.149698e-01 -1.521932e+02  3.980059e-02  2  1.8070  2.527090e+00  0.000000e+00  0.000000e+00  1.715574e-02 -3.181823e+01  0.000000e+00 
3  1.760242e+02  1.587477e+02  9.612000e+03  4.259873e-01 6 -1.000000e+00  2.834400e+02 1  13.6697 -1.653003e-01  4.007897e-02 -1 -1.0000 -1.000000e+00 -1.000000e+00 -1.000000e+00 -1.000000e+00 -1.000000e+00 -1.000000e+00 -1 -1.0000 -1.000000e+00 -1.000000e+00 -1.000000e+00 -1.000000e+00 -1.000000e+00 -1.000000e+00  0  2.0040  1.617658e+12  0.000000e+00  0.000000e+00  4.117537e-01  1.495663e+02  5.829945e+00  1  2.0040  2.617577e+10  0.000000e+00  0.000000e+00  3.952166e-01  1.295486e+02  4.362853e-02  2  2.0040  1.366970e+01  0.000000e+00  0.000000e+00  1.831315e-01 -8.540606e+01  0.000000e+00 
3  8.232886e+01  6.962850e+01  4.460000e+03  9.085006e-01 6 -1.000000e+00  1.319605e+02 1  11.3433  6.836335e-01 -8.258175e-02 -1 -1.0000 -1.000000e+00 -1.000000e+00 -1.000000e+00 -1.000000e+00 -1.000000e+00 -1.000000e+00 -1 -1.0000 -1.000000e+00 -1.000000e+00 -1.000000e+00 -1.000000e+00 -1.000000e+00 -1.000000e+00  0  0.7310  3.280047e+12  0.000000e+00  0.000000e+00  3.390351e-01  6.404986e+01  9.705775e+00  1  0.7310  7.986972e+10  0.000000e+00  0.000000e+00  3.323244e-01  2.783391e+01  2.409545e-01  2  0.7310  1.134330e+01  0.000000e+00  0.000000e+00  7.704868e-02 -1.320626e+01  0.000000e+00 
3  3.832436e+02  3.399873e+02  1.640000e+02  4.227855e-01 6 -1.000000e+00  5.456176e+02 1   7.5765 -1.008766e-01 -2.004658e-01 -1 -1.0000 -1.000000e+00 -1.000000e+00 -1.000000e+00 -1.000000e+00 -1.000000e+00 -1.000000e+00 -1 -1.0000 -1.000000e+00 -1.000000e+00 -1.000000e+00 -1.000000e+00 -1.000000e+00 -1.000000e+00  0  2.4230  1.474820e+12  0.000000e+00  0.000000e+00  3.974132e-01 -1.502344e+02  3.665554e+00  1  2.4230  4.936865e+10  0.000000e+00  0.000000e+00  3.058490e-01 -1.147931e+02  5.722635e-02  2  2.4230  7.576470e+00  0.000000e+00  0.000000e+00  6.772319e-03 -4.938359e+01  0.000000e+00 
3  8.609164e+01  6.743636e+01  1.401000e+03  6.171347e-01 6 -1.000000e+00  1.375617e+02 1   4.0601  1.068998e-01 -3.822399e-01 -1 -1.0000 -1.000000e+00 -1.000000e+00 -1.000000e+00 -1.000000e+00 -1.000000e+00 -1.000000e+00 -1 -1.0000 -1.000000e+00 -1.000000e+00 -1.000000e+00 -1.000000e+00 -1.000000e+00 -1.000000e+00  0  0.7050  4.121251e+12  0.000000e+00  0.000000e+00  2.117778e-01  1.359081e+02  4.936105e+00  1  0.7050  8.399981e+10  0.000000e+00  0.000000e+00  2.300317e-01  1.806207e+02  1.835635e-01  2  0.7050  4.060090e+00  0.000000e+00  0.000000e+00  4.910679e-02  5.956690e+01  0.000000e+00 
5  3.248912e+01  6.228726e+01  1.269000e+03  4.792275e-01 6 -1.000000e+00  8.769067e+01 3   7.8775  8.880268e-02 -5.975525e-03 -1 -1.0000 -1.000000e+00 -1.000000e+00 -1.000000e+00 -1.000000e+00 -1.000000e+00 -1.000000e+00 -1 -1.0000 -1.000000e+00 -1.000000e+00 -1.000000e+00 -1.000000e+00 -1.000000e+00 -1.000000e+00  0  0.7340  8.917329e+11  0.000000e+00  0.000000e+00  2.562562e-01 -1.070748e+01  5.579746e+00  1  0.7340  4.779186e+10  0.000000e+00  0.000000e+00  2.140418e-01  5.502416e+00  7.190880e-02  2  0.7340  7.877460e+00  0.000000e+00  0.000000e+00  8.251795e-02 -2.653454e+00  0.000000e+00 
3  2.031126e+02  9.780806e+01  3.441000e+03  5.379541e-01 6 -1.000000e+00  2.507884e+02 1   2.2165  2.377790e-01  3.191838e-01 -1 -1.0000 -1.000000e+00 -1.000000e+00 -1.000000e+00 -1.000000e+00 -1.000000e+00 -1.000000e+00 -1 -1.0000 -1.000000e+00 -1.000000e+00 -1.000000e+00 -1.000000e+00 -1.000000e+00 -1.000000e+00  0  1.1020  2.081272e+12  0.000000e+00  0.000000e+00  2.883180e-01 -8.702777e+01  5.044096e+00  1  1.1020  6.780907e+10  0.000000e+00  0.000000e+00  4.773132e-01 -9.451748e+01  1.072023e-01  2  1.1020  2.216460e+00  0.000000e+00  0.000000e+00  4.351651e-02  5.989971e+01  0.000000e+00 
3  1.627774e+02  1.281519e+02  7.747000e+03  2.055452e-01 6 -1.000000e+00  2.563839e+02 1   6.5909 -6.054878e-02  1.095911e-01 -1 -1.0000 -1.000000e+00 -1.000000e+00 -1.000000e+00 -1.000000e+00 -1.000000e+00 -1.000000e+00 -1 -1.0000 -1.000000e+00 -1.000000e+00 -1.000000e+00 -1.000000e+00 -1.000000e+00 -1.000000e+00  0  1.4030  9.001085e+11  0.000000e+00  0.000000e+00  4.376292e-01  1.662783e+02  3.256204e+00  1  1.4030  1.594918e+10  0.000000e+00  0.000000e+00  2.113861e-01  1.680538e+02  5.561842e-02  2  1.4030  6.590920e+00  0.000000e+00  0.000000e+00  5.681204e-02 -1.156765e+02  0.000000e+00 
1  9.938565e+00  1.754508e+01  1.141000e+03  1.535587e+00 0  2.910399e-01  1.754508e+01 2  15.3445  4.188640e+00 -1.580161e+00  0  0.7020  3.769321e+12  0.000000e+00  0.000000e+00  2.424461e-01  6.959885e+01  1.226820e+01  1  0.7020  7.277553e+10  0.000000e+00  0.000000e+00  2.148424e-01  3.890221e+00  1.076693e-01  2  0.7020  5.226426e+13  1.130833e+01  4.605498e-01  1.862625e-01 -4.549329e+01  3.013585e+00  3  0.7020  2.647688e+11  1.130833e+01  4.605498e-01  4.019157e-01 -8.166553e+01  3.548311e-01  4  0.7020  1.534450e+01  0.000000e+00  0.000000e+00  1.468659e-01  3.584655e+00  0.000000e+00 
3  1.466333e+02  1.054811e+02  7.906000e+03  5.110841e-01 6 -1.000000e+00  1.856419e+02 1   6.1667  2.670240e-01 -2.862079e-01 -1 -1.0000 -1.000000e+00 -1.000000e+00 -1.000000e+00 -1.000000e+00 -1.000000e+00 -1.000000e+00 -1 -1.0000 -1.000000e+00 -1.000000e+00 -1.000000e+00 -1.000000e+00 -1.000000e+00 -1.000000e+00  0  0.8360  2.126568e+12  0.000000e+00  0.000000e+00  3.189920e-01 -1.271055e+02  3.313950e+00  1  0.8360  5.870827e+10  0.000000e+00  0.000000e+00  1.841674e-01 -1.839342e+02  7.027640e-02  2  0.8360  6.166660e+00  0.000000e+00  0.000000e+00  1.682579e-01 -3.103659e+01  0.000000e+00 
3  1.341938e+02  9.510170e+01  9.485000e+03  8.943004e-01 6 -1.000000e+00  2.764359e+02 3  12.1314 -3.932428e-01  4.399531e-02 -1 -1.0000 -1.000000e+00 -1.000000e+00 -1.000000e+00 -1.000000e+00 -1.000000e+00 -1.000000e+00 -1 -1.0000 -1.000000e+00 -1.000000e+00 -1.000000e+00 -1.000000e+00 -1.000000e+00 -1.000000e+00  0  0.9990  2.547411e+12  0.000000e+00  0.000000e+00  3.757519e-01 -1.041475e+02  7.249160e+00  1  0.9990  7.012843e+10  0.000000e+00  0.000000e+00  5.889717e-01 -1.173201e+02  7.677531e-02  2  0.9990  1.213140e+01  0.000000e+00  0.000000e+00  1.043271e-01 -3.773751e+01  0.000000e+00 
1  9.538496e+01  1.829458e+02  5.646000e+03  1.153904e+00 0  2.862593e-01  1.829458e+02 2  11.2557  5.800703e-01  3.497671e-01  0  1.0570  2.365664e+12  0.000000e+00  0.000000e+00  1.179881e-01  1.058391e+01  1.000908e+01  1  1.0570  7.257773e+10  0.000000e+00  0.000000e+00  2.267245e-01 -3.131591e+01  1.910496e-01  2  1.0570  4.716254e+13 -9.890374e+00  7.499263e+00  6.932987e-01 -1.207708e+02  2.118074e+00  3  1.0570  1.869697e+11 -9.890374e+00  7.499263e+00  4.762505e-01 -1.189761e+02  7.929515e-02  4  1.0570  1.125570e+01  0.000000e+00  0.000000e+00  2.105682e-01 -1.333512e+02  0.000000e+00 
1  8.225876e+01  1.582713e+02  1.196000e+03  3.726836e-01 0  2.861162e-01  1.582713e+02 2  10.3075  1.142437e+00 -9.261921e-01  0  1.1520  4.399923e+11  0.000000e+00  0.000000e+00  8.787172e-02  6.766422e+01  1.052371e+01  1  1.1520  2.051113e+10  0.000000e+00  0.000000e+00  2.815677e-01  4.033442e+01  1.332777e-01  2  1.1520  3.417738e+12  2.573396e+00 -1.470612e+00  3.991243e-02  3.284087e+00  3.952297e+00  3  1.1520  6.754647e+10  2.573396e+00 -1.470612e+00  2.894725e-01 -2.927224e+01  3.896430e-02  4  1.1520  1.030750e+01  0.000000e+00  0.000000e+00  1.986934e-01  3.541213e+01  0.000000e+00 
3  6.457794e+01  1.237465e+02  5.125000e+03  1.229626e+00 6 -1.000000e+00  1.983423e+02 3   5.8133 -1.075058e-01 -1.938835e-01 -1 -1.0000 -1.000000e+00 -1.000000e+00 -1.000000e+00 -1.000000e+00 -1.000000e+00 -1.000000e+00 -1 -1.0000 -1.000000e+00 -1.000000e+00 -1.000000e+00 -1.000000e+00 -1.000000e+00 -1.000000e+00  0  0.6700  1.076803e+13  0.000000e+00  0.000000e+00  1.666027e-01  1.260504e+02  6.442331e+00  1  0.6700  1.422243e+11  0.000000e+00  0.000000e+00  2.297899e-01  1.518105e+02  2.070283e-01  2  0.6700  5.813330e+00  0.000000e+00  0.000000e+00  1.643360e-01  5.081219e+01  0.000000e+00 
3  3.353424e+01  1.903883e+01  1.796000e+03  8.415135e-01 6 -1.000000e+00  5.191980e+01 1   9.9995 -5.246338e-02  6.306695e-01 -1 -1.0000 -1.000000e+00 -1.000000e+00 -1.000000e+00 -1.000000e+00 -1.000000e+00 -1.000000e+00 -1 -1.0000 -1.000000e+00 -1.000000e+00 -1.000000e+00 -1.000000e+00 -1.000000e+00 -1.000000e+00  0  0.7010  7.100931e+12  0.000000e+00  0.000000e+00  2.634511e-01 -1.007789e+02  5.368514e+00  1  0.7010  8.634743e+10  0.000000e+00  0.000000e+00  2.073995e-01 -1.954317e+01  2.208977e-01  2  0.7010  9.999490e+00  0.000000e+00  0.000000e+00  1.866728e-01 -1.480497e+02  0.000000e+00 
3  5.325898e+02  4.096783e+02  2.067000e+03  1.703916e-01 6 -1.000000e+00  1.026700e+03 3   7.6752 -8.996448e-02  1.869328e-02 -1 -1.0000 -1.000000e+00 -1.000000e+00 -1.000000e+00 -1.000000e+00 -1.000000e+00 -1.000000e+00 -1 -1.0000 -1.000000e+00 -1.000000e+00 -1.000000e+00 -1.000000e+00 -1.000000e+00 -1.000000e+00  0  1.9100  5.746643e+11  0.000000e+00  0.000000e+00  2.749330e-01  1.360666e+02  4.637563e+00  1  1.9100  9.736303e+09  0.000000e+00  0.000000e+00  1.251081e-01  1.071505e+02  7.135121e-02  2  1.9100  7.675200e+00  0.000000e+00  0.000000e+00  1.763625e-01 -1.249906e+02  0.000000e+00 
3  2.752842e+02  2.479663e+02  3.159000e+03  1.273215e+00 6 -1.000000e+00  6.883457e+02 3  13.9053  3.193173e-01  2.201245e-01 -1 -1.0000 -1.000000e+00 -1.000000e+00 -1.000000e+00 -1.000000e+00 -1.000000e+00 -1.000000e+00 -1 -1.0000 -1.000000e+00 -1.000000e+00 -1.000000e+00 -1.000000e+00 -1.000000e+00 -1.000000e+00  0  1.0070  3.246085e+12  0.000000e+00  0.000000e+00  1.831342e-01  7.342643e+01  1.054218e+01  1  1.0070  7.178693e+10  0.000000e+00  0.000000e+00  4.113205e-01  1.021596e+02  7.013397e-02  2  1.0070  1.390530e+01  0.000000e+00  0.000000e+00  1.468294e-01 -5.219121e+01  0.000000e+00 
1  3.891101e+01  1.185717e+02  1.870000e+03  1.855635e-01 0  2.712186e-01  1.185717e+02 2  17.9859  2.467286e-01 -9.513861e-02  0  2.8190  1.015174e+11  0.000000e+00  0.000000e+00  9.439888e-02 -1.369392e+02  2.054886e+01  1  2.8190  5.564550e+08  0.000000e+00  0.000000e+00  3.842776e-01 -7.616041e+01  2.938033e-02  2  2.8190  3.386233e+11  7.905916e-01 -1.789701e-01  1.947204e-01 -3.679984e+01  5.097388e+00  3  2.8190  2.707451e+09  7.905916e-01 -1.789701e-01  4.838496e-01 -1.318768e+01  1.817389e-02  4  2.8190  1.798590e+01  0.000000e+00  0.000000e+00  7.842189e-02  4.540454e+01  0.000000e+00 
1  5.444619e+01  1.373535e+02  7.648000e+03  2.561868e+00 0 -1.000000e+00  1.373535e+02 2  10.0010 -3.888443e+00 -3.433004e+00 -1 -1.0000 -1.000000e+00 -1.000000e+00 -1.000000e+00 -1.000000e+00 -1.000000e+00 -1.000000e+00 -1 -1.0000 -1.000000e+00 -1.000000e+00 -1.000000e+00 -1.000000e+00 -1.000000e+00 -1.000000e+00  0  0.6060  4.737343e+13  0.000000e+00  0.000000e+00  4.081767e-01 -5.395788e+01  5.317299e+00  1  0.6060  2.262406e+11  0.000000e+00  0.000000e+00  9.228326e-02 -6.032017e+01  2.519042e-01  2  0.6060  1.000100e+01  0.000000e+00  0.000000e+00  2.297447e-01  1.310478e+02  0.000000e+00 
2  1.178327e+01  6.972524e+00  9.876000e+03  1.578579e+00 6  2.901999e-01  8.353281e+00 1   7.4930  2.474595e+00  1.889084e+00  0  0.7640  1.795639e+12  0.000000e+00  0.000000e+00  4.249425e-01  1.090005e+02  2.345802e+01  1  0.7640  6.907510e+10  0.000000e+00  0.000000e+00  3.741529e-01  1.025137e+02  1.537743e-01  2  0.7640  1.529918e+13  3.525534e+00  2.122322e+00  3.083584e-01 -1.435067e+02  6.387357e+00  3  0.7640  1.936696e+11  3.525534e+00  2.122322e+00  2.759758e-01 -1.395649e+02  3.320677e-01  4  0.7640  7.492990e+00  0.000000e+00  0.000000e+00  5.859501e-02 -2.121791e+01  0.000000e+00 
3  9.853274e+00  4.833744e+00  2.610000e+03  2.449523e-01 6 -1.000000e+00  3.888531e+01 2   8.5124  7.700308e-02 -1.777574e-01 -1 -1.0000 -1.000000e+00 -1.000000e+00 -1.000000e+00 -1.000000e+00 -1.000000e+00 -1.000000e+00 -1 -1.0000 -1.000000e+00 -1.000000e+00 -1.000000e+00 -1.000000e+00 -1.000000e+00 -1.000000e+00  0  0.7790  4.582330e+11  0.000000e+00  0.000000e+00  3.318672e-01 -1.499511e+02  1.044967e+01  1  0.7790  1.132362e+10  0.000000e+00  0.000000e+00  2.706286e-01 -1.589081e+02  8.014117e-02  2  0.7790  8.512430e+00  0.000000e+00  0.000000e+00  1.295666e-01  1.898733e+01  0.000000e+00 
3  4.185154e+02  5.804576e+02  8.080000e+02  2.171482e-01 6 -1.000000e+00  6.242361e+02 1   3.1424 -4.011150e-02 -3.961310e-02 -1 -1.0000 -1.000000e+00 -1.000000e+00 -1.000000e+00 -1.000000e+00 -1.000000e+00 -1.000000e+00 -1 -1.0000 -1.000000e+00 -1.000000e+00 -1.000000e+00 -1.000000e+00 -1.000000e+00 -1.000000e+00  0  0.8820  5.896691e+11  0.000000e+00  0.000000e+00  1.386613e-01  6.242992e+01  8.725086e+00  1  0.8820  1.409646e+10  0.000000e+00  0.000000e+00  3.406226e-01  7.012357e+01  1.639183e-01  2  0.8820  3.142410e+00  0.000000e+00  0.000000e+00  1.609405e-01 -1.193778e+02  0.000000e+00 
3  4.385994e+02  2.478663e+02  5.660000e+02  1.274397e-01 6 -1.000000e+00  7.476506e+02 1   9.7974 -5.848502e-02  5.962444e-02 -1 -1.0000 -1.000000e+00 -1.000000e+00 -1.000000e+00 -1.000000e+00 -1.000000e+00 -1.000000e+00 -1 -1.0000 -1.000000e+00 -1.000000e+00 -1.000000e+00 -1.000000e+00 -1.000000e+00 -1.000000e+00  0  1.8620  3.901433e+11  0.000000e+00  0.000000e+00  1.354289e-01  4.364003e+01  5.375558e+00  1  1.8620  3.671228e+09  0.000000e+00  0.000000e+00  1.916029e-01  6.385208e+01  3.290989e-02  2  1.8620  9.797390e+00  0.000000e+00  0.000000e+00  1.120855e-01 -1.048199e+02  0.000000e+00 
1  3.852213e+02  8.951948e+02  7.860000e+02  1.614104e+01 0 -1.000000e+00  8.951948e+02 2   4.6777  2.088607e+01 -5.122572e+00 -1 -1.0000 -1.000000e+00 -1.000000e+00 -1.000000e+00 -1.000000e+00 -1.000000e+00 -1.000000e+00 -1 -1.0000 -1.000000e+00 -1.000000e+00 -1.000000e+00 -1.000000e+00 -1.000000e+00 -1.000000e+00  0  0.7660  3.789090e+14  0.000000e+00  0.000000e+00  5.485216e-01  9.438890e+01  4.590697e+00  1  0.7660  7.010793e+11  0.000000e+00  0.000000e+00  4.384970e-01  6.219368e+01  7.325296e-01  2  0.7660  4.677730e+00  0.000000e+00  0.000000e+00  1.762566e-01 -1.259094e+02  0.000000e+00 
3  2.284626e+01  1.622327e+01  1.479000e+03  1.689158e+00 6 -1.000000e+00  4.615681e+01 3  11.9814 -4.866917e-01 -2.190106e-01 -1 -1.0000 -1.000000e+00 -1.000000e+00 -1.000000e+00 -1.000000e+00 -1.000000e+00 -1.000000e+00 -1 -1.0000 -1.000000e+00 -1.000000e+00 -1.000000e+00 -1.000000e+00 -1.000000e+00 -1.000000e+00  0  1.0920  1.711227e+13  0.000000e+00  0.000000e+00  3.837475e-01 -8.858029e+01  4.482275e+00  1  1.0920  1.356573e+11  0.000000e+00  0.000000e+00  3.785699e-01 -6.740263e+01  1.162663e-01  2  1.0920  1.198140e+01  0.000000e+00  0.000000e+00  8.628682e-02 -6.012501e+01  0.000000e+00 
2  2.334940e+02  3.605918e+02  1.074000e+03  2.731708e+00 6  2.729571e-01  5.346770e+02 3   4.1190  2.720289e+00  2.660551e+00  0  1.1760  3.683421e+13  0.000000e+00  0.000000e+00  2.884524e-01 -6.210889e+01  7.106503e+00  1  1.1760  1.488393e+11  0.000000e+00  0.000000e+00  3.934065e-01 -2.259470e+01  7.312792e-02  2  1.1760  8.169152e+13  4.693139e+01  6.157161e+01  3.031635e-01  1.659838e+02  2.947500e+00  3  1.1760  2.920718e+11  4.693139e+01  6.157161e+01  3.617084e-01  2.143127e+02  1.445445e-01  4  1.1760  4.119000e+00  0.000000e+00  0.000000e+00  7.983182e-02 -2.646820e+00  0.000000e+00 
3  2.699101e+02  3.444483e+02  8.892000e+03  4.482365e-01 6 -1.000000e+00  5.389906e+02 3   6.8388 -2.939385e-02  7.387537e-02 -1 -1.0000 -1.000000e+00 -1.000000e+00 -1.000000e+00 -1.000000e+00 -1.000000e+00 -1.000000e+00 -1 -1.0000 -1.000000e+00 -1.000000e+00 -1.000000e+00 -1.000000e+00 -1.000000e+00 -1.000000e+00  0  1.2990  1.761772e+12  0.000000e+00  0.000000e+00  1.977455e-01  4.064707e+01  4.360060e+00  1  1.2990  4.328680e+10  0.000000e+00  0.000000e+00  3.949967e-01  4.733819e+01  4.579497e-02  2  1.2990  6.838840e+00  0.000000e+00  0.000000e+00  3.194271e-02 -1.127293e+02  0.000000e+00 
3  5.169213e+01  4.312074e+01  1.246000e+03  4.719190e-01 6 -1.000000e+00  6.543267e+01 1  17.7662  2.683521e-01 -4.246072e-01 -1 -1.0000 -1.000000e+00 -1.000000e+00 -1.000000e+00 -1.000000e+00 -1.000000e+00 -1.000000e+00 -1 -1.0000 -1.000000e+00 -1.000000e+00 -1.000000e+00 -1.000000e+00 -1.000000e+00 -1.000000e+00  0  1.3480  2.570157e+12  0.000000e+00  0.000000e+00  3.601058e-02 -2.397722e+01  3.147033e+00  1  1.3480  8.297535e+10  0.000000e+00  0.000000e+00  5.971285e-01 -8.888907e+00  2.696551e-02  2  1.3480  1.776620e+01  0.000000e+00  0.000000e+00  1.816302e-01  1.105499e+02  0.000000e+00 
2  1.088311e+02  3.210263e+02  8.617000e+03  2.889102e+00 6  2.748629e-01  3.358578e+02 3   6.2177 -1.491481e+00 -1.067790e+00  0  0.9480  1.200022e+13  0.000000e+00  0.000000e+00  2.161140e-01  2.094115e+01  1.181079e+01  1  0.9480  1.055763e+11  0.000000e+00  0.000000e+00  3.703766e-01  2.475621e+01  7.899124e-02  2  0.9480  2.473036e+13 -4.884724e+00 -3.598359e+00  8.406494e-02 -2.938107e+01  2.745194e+00  3  0.9480  1.816348e+11 -4.884724e+00 -3.598359e+00  3.546036e-01 -1.016892e+02  1.399674e-01  4  0.9480  6.217680e+00  0.000000e+00  0.000000e+00  7.404068e-03  1.846471e+00  0.000000e+00 
1  1.313943e+02  2.884896e+02  4.687000e+03  1.725651e-01 0  2.804177e-01  2.884896e+02 2   9.6923  4.657189e-01 -2.389535e-01  0  1.5640  2.128493e+11  0.000000e+00  0.000000e+00  3.202205e-01 -3.756267e+01  1.682148e+01  1  1.5640  1.977780e+09  0.000000e+00  0.000000e+00  6.678757e-02 -1.213036e+02  8.339556e-02  2  1.5640  1.310265e+12  5.528894e+00 -1.740975e+00  3.420156e-01 -5.930947e+01  5.306486e+00  3  1.5640  3.471983e+10  5.528894e+00 -1.740975e+00  1.136746e-01 -1.746794e+01  5.688926e-02  4  1.5640  9.692300e+00  0.000000e+00  0.000000e+00  1.241140e-01  5.323817e+01  0.000000e+00 
1  2.970133e+02  5.918379e+02  6.568000e+03  1.298196e-01 0 -1.000000e+00  5.918379e+02 2   8.8034 -3.250666e-02  6.463170e-02 -1 -1.0000 -1.000000e+00 -1.000000e+00 -1.000000e+00 -1.000000e+00 -1.000000e+00 -1.000000e+00 -1 -1.0000 -1.000000e+00 -1.000000e+00 -1.000000e+00 -1.000000e+00 -1.000000e+00 -1.000000e+00  0  2.9500  4.262048e+11  0.000000e+00  0.000000e+00  9.809909e-02 -6.465005e+01  8.023566e+00  1  2.9500  3.233224e+09  0.000000e+00  0.000000e+00  2.109523e-01 -9.268076e+01  6.777503e-02  2  2.9500  8.803440e+00  0.000000e+00  0.000000e+00  4.228857e-02 -1.533492e+02  0.000000e+00 
1  6.608819e+01  1.369603e+02  3.947000e+03  3.540382e-01 0 -1.000000e+00  1.369603e+02 2  13.3982  1.031813e-01  5.838020e-01 -1 -1.0000 -1.000000e+00 -1.000000e+00 -1.000000e+00 -1.000000e+00 -1.000000e+00 -1.000000e+00 -1 -1.0000 -1.000000e+00 -1.000000e+00 -1.000000e+00 -1.000000e+00 -1.000000e+00 -1.000000e+00  0  0.8300  9.918032e+11  0.000000e+00  0.000000e+00  4.410757e-01  1.681773e+02  7.630018e+00  1  0.8300  3.438350e+10  0.000000e+00  0.000000e+00  3.405595e-01  1.946539e+02  1.850452e-01  2  0.8300  1.339820e+01  0.000000e+00  0.000000e+00  1.561438e-01  1.692085e+02  0.000000e+00 
3  1.482329e+01  5.366325e+00  2.265000e+03  2.362847e+00 6 -1.000000e+00  3.497949e+01 2  11.5396  3.527968e-01  1.659210e+00 -1 -1.0000 -1.000000e+00 -1.000000e+00 -1.000000e+00 -1.000000e+00 -1.000000e+00 -1.000000e+00 -1 -1.0000 -1.000000e+00 -1.000000e+00 -1.000000e+00 -1.000000e+00 -1.000000e+00 -1.000000e+00  0  0.8320  5.472975e+13  0.000000e+00  0.000000e+00  3.784869e-01  9.239203e+00  4.291236e+00  1  0.8320  3.022822e+11  0.000000e+00  0.000000e+00  1.566310e-01  1.794949e+01  2.651709e-01  2  0.8320  1.153960e+01  0.000000e+00  0.000000e+00  1.945224e-01 -3.387245e+01  0.000000e+00 
3  1.221033e+02  5.462737e+01  1.345000e+03  2.991259e-01 6  2.934681e-01  1.719948e+02 1   5.5067  1.026835e+00 -6.383072e-01  0  1.2950  3.005646e+11  0.000000e+00  0.000000e+00  3.656247e-01  1.806099e+01  1.730276e+01  1  1.2950  7.131378e+09  0.000000e+00  0.000000e+00  2.715507e-01  1.650522e+01  2.061404e-02  2  1.2950  1.002666e+13  2.653700e+00 -3.395790e+00  3.755444e-01 -1.752960e+02  3.159605e+00  3  1.2950  9.089115e+10  2.653700e+00 -3.395790e+00  2.681383e-01 -1.580282e+02  2.290970e-02  4  1.2950  5.506730e+00  0.000000e+00  0.000000e+00  1.681751e-01  3.538888e+01  0.000000e+00 
3  1.979314e+02  9.987899e+01  1.700000e+01  8.700704e-01 6 -1.000000e+00  2.592348e+02 1   5.9180 -4.132103e-01 -5.991038e-01 -1 -1.0000 -1.000000e+00 -1.000000e+00 -1.000000e+00 -1.000000e+00 -1.000000e+00 -1.000000e+00 -1 -1.0000 -1.000000e+00 -1.000000e+00 -1.000000e+00 -1.000000e+00 -1.000000e+00 -1.000000e+00  0  0.5010  4.115874e+12  0.000000e+00  0.000000e+00  6.157922e-02  6.495511e+01  5.747755e+00  1  0.5010  7.685080e+10  0.000000e+00  0.000000e+00  3.674737e-01  1.219502e+02  1.361500e-01  2  0.5010  5.917990e+00  0.000000e+00  0.000000e+00  9.950579e-02  5.990602e+01  0.000000e+00 
3  3.353424e+01  2.202667e+01  1.796000e+03  5.669398e-01 6  3.024365e-01  5.176623e+01 1   9.9995 -2.019337e+00 -3.994317e-01  0  0.7040  5.731191e+11  0.000000e+00  0.000000e+00  1.766793e-01  1.165870e+02  1.505517e+01  1  0.7040  3.520401e+10  0.000000e+00  0.000000e+00  1.421269e-01  1.035016e+02  1.715648e-01  2  0.7040  1.308731e+13 -3.326552e+01 -9.810493e+00  3.370108e-01  1.012295e+02  7.797578e+00  3  0.7040  1.269004e+11 -3.326552e+01 -9.810493e+00  3.316865e-01  1.530526e+02  1.014783e-01  4  0.7040  9.999490e+00  0.000000e+00  0.000000e+00  6.002094e-02 -1.009611e+02  0.000000e+00 
4  1.471780e+02  2.381796e+02  2.106000e+03  7.469588e-01 6 -1.000000e+00  3.996506e+02 3  13.0708 -3.336237e-02  1.475784e-01 -1 -1.0000 -1.000000e+00 -1.000000e+00 -1.000000e+00 -1.000000e+00 -1.000000e+00 -1.000000e+00 -1 -1.0000 -1.000000e+00 -1.000000e+00 -1.000000e+00 -1.000000e+00 -1.000000e+00 -1.000000e+00  0  2.6630  4.542194e+12  0.000000e+00  0.000000e+00  2.649077e-01 -5.599591e+01  3.783449e+00  1  2.6630  7.044029e+10  0.000000e+00  0.000000e+00  3.839823e-02 -8.703513e+01  2.236248e-02  2  2.6630  1.307080e+01  0.000000e+00  0.000000e+00  1.540269e-01 -3.338982e+01  0.000000e+00 
3  1.220018e+02  5.128010e+01  8.285000e+03  7.666352e-01 6 -1.000000e+00  1.578016e+02 1  13.6703  7.114210e-01 -9.233545e-02 -1 -1.0000 -1.000000e+00 -1.000000e+00 -1.000000e+00 -1.000000e+00 -1.000000e+00 -1.000000e+00 -1 -1.0000 -1.000000e+00 -1.000000e+00 -1.000000e+00 -1.000000e+00 -1.000000e+00 -1.000000e+00  0  0.9860  1.708678e+12  0.000000e+00  0.000000e+00  3.239376e-01 -5.283708e+01  6.839112e+00  1  0.9860  7.303068e+10  0.000000e+00  0.000000e+00  4.898821e-02 -4.765610e+01  3.601347e-02  2  0.9860  1.367030e+01  0.000000e+00  0.000000e+00  6.418249e-02  1.307765e+02  0.000000e+00 
2  4.794920e+02  4.689221e+01  4.133000e+03  1.200813e+00 6 -1.000000e+00  1.029074e+03 2   4.6131  5.136830e-01 -1.507354e+00 -1 -1.0000 -1.000000e+00 -1.000000e+00 -1.000000e+00 -1.000000e+00 -1.000000e+00 -1.000000e+00 -1 -1.0000 -1.000000e+00 -1.000000e+00 -1.000000e+00 -1.000000e+00 -1.000000e+00 -1.000000e+00  0  1.6640  2.146500e+13  0.000000e+00  0.000000e+00  3.451536e-01  2.192303e+01  5.453799e+00  1  1.6640  1.084903e+11  0.000000e+00  0.000000e+00  1.433600e-01 -2.100436e+01  2.951257e-02  2  1.6640  4.613100e+00  0.000000e+00  0.000000e+00  6.123877e-02  1.754351e+02  0.000000e+00 
5  2.307654e+01  4.652550e+01  6.187000e+03  2.518550e+00 6  2.823080e-01  6.118530e+01 3  12.0743  2.563947e+00  4.369653e-01  0  0.6390  7.183862e+12  0.000000e+00  0.000000e+00  4.298189e-01  9.921580e+01  1.596557e+01  1  0.6390  1.005787e+11  0.000000e+00  0.000000e+00  6.557305e-01  9.867092e+01  2.143329e-01  2  0.6390  2.948417e+13  4.572215e+01  1.302884e+01  4.920158e-01 -1.723730e+01  2.676160e+00  3  0.6390  1.620279e+11  4.572215e+01  1.302884e+01  2.857597e-01 -2.626786e+01  1.917725e-01  4  0.6390  1.207430e+01  0.000000e+00  0.000000e+00  9.519843e-02 -1.457924e+02  0.000000e+00 
1  7.451033e+01  1.509954e+02  3.033000e+03  2.041528e-01 0 -1.000000e+00  1.509954e+02 2  16.4349 -1.085024e-02 -1.592996e-01 -1 -1.0000 -1.000000e+00 -1.000000e+00 -1.000000e+00 -1.000000e+00 -1.000000e+00 -1.000000e+00 -1 -1.0000 -1.000000e+00 -1.000000e+00 -1.000000e+00 -1.000000e+00 -1.000000e+00 -1.000000e+00  0  0.6690  5.807102e+11  0.000000e+00  0.000000e+00  2.240565e-01 -1.476200e+02  9.658973e+00  1  0.6690  1.588589e+10  0.000000e+00  0.000000e+00  6.159578e-01 -1.699660e+02  1.739776e-01  2  0.6690  1.643490e+01  0.000000e+00  0.000000e+00  1.171165e-01  1.654549e+02  0.000000e+00 
3  5.785522e+01  3.544858e+01  5.903000e+03  3.220163e-01 6 -1.000000e+00  8.356945e+01 1   6.5044  1.698736e-01 -1.610653e-01 -1 -1.0000 -1.000000e+00 -1.000000e+00 -1.000000e+00 -1.000000e+00 -1.000000e+00 -1.000000e+00 -1 -1.0000 -1.000000e+00 -1.000000e+00 -1.000000e+00 -1.000000e+00 -1.000000e+00 -1.000000e+00  0  1.5190  9.453376e+11  0.000000e+00  0.000000e+00  2.633493e-01 -1.015463e+02  4.935459e+00  1  1.5190  2.563786e+10  0.000000e+00  0.000000e+00  1.138784e-02 -1.164081e+02  6.180608e-02  2  1.5190  6.504390e+00  0.000000e+00  0.000000e+00  3.890225e-02  1.506139e+02  0.000000e+00 
3  9.171885e+01  3.619432e+01  6.156000e+03  4.763534e-01 6  2.738642e-01  1.072855e+02 1   7.7373 -1.419686e-01  5.769102e-01  0  1.8080  1.074390e+12  0.000000e+00  0.000000e+00  3.165347e-01 -1.764924e+02  8.601894e+00  1  1.8080  4.646067e+10  0.000000e+00  0.000000e+00  2.602984e-01 -1.960666e+02  4.301999e-02  2  1.8080  5.906927e+12 -1.626963e+01  1.125868e+01  1.035043e-01  1.225844e+02  4.169137e+00  3  1.8080  1.130702e+11 -1.626963e+01  1.125868e+01  3.705753e-01  1.546195e+02  5.069209e-02  4  1.8080  7.737340e+00  0.000000e+00  0.000000e+00  2.100384e-01 -3.735721e+00  0.000000e+00 
3  7.322317e+00  8.285291e+00  6.890000e+02  2.253905e+00 6 -1.000000e+00  1.507258e+01 3  13.3981  8.752200e-01 -2.561188e-01 -1 -1.0000 -1.000000e+00 -1.000000e+00 -1.000000e+00 -1.000000e+00 -1.000000e+00 -1.000000e+00 -1 -1.0000 -1.000000e+00 -1.000000e+00 -1.000000e+00 -1.000000e+00 -1.000000e+00 -1.000000e+00  0  0.9880  8.206035e+12  0.000000e+00  0.000000e+00  2.449519e-01  6.943054e+01  1.286351e+01  1  0.9880  1.028125e+11  0.000000e+00  0.000000e+00  3.618036e-01  3.450897e+01  1.999912e-01  2  0.9880  1.339810e+01  0.000000e+00  0.000000e+00  6.751377e-02 -2.891672e+01  0.000000e+00 
3  4.301409e+02  2.657117e+02  3.323000e+03  4.371610e-01 6 -1.000000e+00  6.149725e+02 1   7.2488  9.770214e-02  3.126327e-01 -1 -1.0000 -1.000000e+00 -1.000000e+00 -1.000000e+00 -1.000000e+00 -1.000000e+00 -1.000000e+00 -1 -1.0000 -1.000000e+00 -1.000000e+00 -1.000000e+00 -1.000000e+00 -1.000000e+00 -1.000000e+00  0  1.6300  2.141645e+12  0.000000e+00  0.000000e+00  2.061432e-01  1.605946e+02  3.807104e+00  1  1.6300  4.712422e+10  0.000000e+00  0.000000e+00  2.844513e-01  1.402291e+02  4.398488e-02  2  1.6300  7.248810e+00  0.000000e+00  0.000000e+00  1.314954e-01  4.683681e+01  0.000000e+00 
3  5.639221e+01  4.794266e+01  4.594000e+03  4.135791e-01 6 -1.000000e+00  8.595905e+01 1   9.4304 -1.905125e-01 -1.556164e-01 -1 -1.0000 -1.000000e+00 -1.000000e+00 -1.000000e+00 -1.000000e+00 -1.000000e+00 -1.000000e+00 -1 -1.0000 -1.000000e+00 -1.000000e+00 -1.000000e+00 -1.000000e+00 -1.000000e+00 -1.000000e+00  0  1.8260  1.847786e+12  0.000000e+00  0.000000e+00  2.440841e-01 -1.275308e+02  3.722026e+00  1  1.8260  3.900909e+10  0.000000e+00  0.000000e+00  4.818685e-01 -1.309339e+02  3.542517e-02  2  1.8260  9.430440e+00  0.000000e+00  0.000000e+00  4.211973e-02  1.179846e+02  0.000000e+00 
3  9.990254e+00  2.143896e+01  4.425000e+03  3.258628e-01 6  2.714349e-01  2.155309e+01 3  15.1583 -3.723070e-01 -1.164956e+00  0  2.1830  6.088518e+11  0.000000e+00  0.000000e+00  2.325420e-01  1.058801e+02  3.726715e+00  1  2.1830  1.745909e+10  0.000000e+00  0.000000e+00  3.483426e-01  9.552477e+01  4.014231e-02  2  2.1830  5.954533e+12 -1.425588e+00 -8.206601e+00  3.859225e-01 -1.718566e+02  5.700880e+00  3  2.1830  7.562545e+10 -1.425588e+00 -8.206601e+00  1.111609e-01 -1.890789e+02  2.097224e-02  4  2.1830  1.515830e+01  0.000000e+00  0.000000e+00  2.694533e-02 -1.462779e+02  0.000000e+00 
2  5.799785e+01  2.581300e+01  6.770000e+02  6.662702e-01 6 -1.000000e+00  1.105384e+02 2   8.4044 -1.496485e-01 -4.358590e-01 -1 -1.0000 -1.000000e+00 -1.000000e+00 -1.000000e+00 -1.000000e+00 -1.000000e+00 -1.000000e+00 -1 -1.0000 -1.000000e+00 -1.000000e+00 -1.000000e+00 -1.000000e+00 -1.000000e+00 -1.000000e+00  0  2.6100  3.314675e+12  0.000000e+00  0.000000e+00  2.268322e-01  1.069401e+02  4.558902e+00  1  2.6100  6.143274e+10  0.000000e+00  0.000000e+00  2.778445e-01  7.580558e+01  2.387064e-02  2  2.6100  8.404400e+00  0.000000e+00  0.000000e+00  1.483725e-01  1.646154e+02  0.000000e+00 
2  7.486007e+01  5.787532e+01  5.180000e+02  8.992651e-01 6 -1.000000e+00  1.191440e+02 1  19.3281 -3.919387e-01  4.064644e-01 -1 -1.0000 -1.000000e+00 -1.000000e+00 -1.000000e+00 -1.000000e+00 -1.000000e+00 -1.000000e+00 -1 -1.0000 -1.000000e+00 -1.000000e+00 -1.000000e+00 -1.000000e+00 -1.000000e+00 -1.000000e+00  0  1.1240  6.005334e+12  0.000000e+00  0.000000e+00  2.785097e-01 -4.025856e+01  5.043047e+00  1  1.1240  8.071113e+10  0.000000e+00  0.000000e+00  1.499669e-01  7.810503e+00  2.090544e-02  2  1.1240  1.932810e+01  0.000000e+00  0.000000e+00  7.708950e-02 -1.637126e+02  0.000000e+00 
1  4.126420e+02  8.235534e+02  8.320000e+02  4.459050e-02 0  2.848887e-01  8.235534e+02 2   7.4777 -6.066344e-02 -2.915402e-02  0  1.3130  2.741702e+10  0.000000e+00  0.000000e+00  2.849103e-01 -1.024588e+02  2.625542e+01  1  1.3130  4.193103e+07  0.000000e+00  0.000000e+00  5.894851e-01 -1.746150e+02  2.980412e-02  2  1.3130  1.194328e+11 -2.447522e+00 -1.661931e-01  5.686303e-02  7.582354e+01  4.107326e+00  3  1.3130  4.351168e+08 -2.447522e+00 -1.661931e-01  2.804271e-01  8.343301e+01  7.022745e-02  4  1.3130  7.477720e+00  0.000000e+00  0.000000e+00  1.527958e-01 -8.968490e+00  0.000000e+00 
3  1.621248e+02  7.758098e+01  5.442000e+03  2.067279e-01 6 -1.000000e+00  2.043581e+02 1  15.4619 -2.148458e-01  3.640424e-02 -1 -1.0000 -1.000000e+00 -1.000000e+00 -1.000000e+00 -1.000000e+00 -1.000000e+00 -1.000000e+00 -1 -1.0000 -1.000000e+00 -1.000000e+00 -1.000000e+00 -1.000000e+00 -1.000000e+00 -1.000000e+00  0  1.4630  5.839818e+11  0.000000e+00  0.000000e+00  4.254092e-01  1.363770e+02  4.106373e+00  1  1.4630  1.019516e+10  0.000000e+00  0.000000e+00  1.648980e-01  1.674035e+02  2.779835e-02  2  1.4630  1.546190e+01  0.000000e+00  0.000000e+00  5.155579e-02  1.633005e+02  0.000000e+00 
1  7.717425e+01  2.335293e+02  5.410000e+02  3.267392e-02 0 -1.000000e+00  2.335293e+02 2  14.6083 -4.494541e-03  1.659400e-02 -1 -1.0000 -1.000000e+00 -1.000000e+00 -1.000000e+00 -1.000000e+00 -1.000000e+00 -1.000000e+00 -1 -1.0000 -1.000000e+00 -1.000000e+00 -1.000000e+00 -1.000000e+00 -1.000000e+00 -1.000000e+00  0  1.6460  1.534861e+11  0.000000e+00  0.000000e+00  5.874221e-02 -2.282539e+01  7.171507e+00  1  1.6460  6.474135e+08  0.000000e+00  0.000000e+00  3.434201e-01 -3.677099e+00  5.428736e-02  2  1.6460  1.460830e+01  0.000000e+00  0.000000e+00  9.596686e-02 -1.379839e+02  0.000000e+00 
