# [0]nim, [1]snr, [2]snr_obs, [3]source_id, [4]ein, [5]fs, [6]frac_sh_trunc [7]snr_max [8]flag_out [9]zs [10]xs [11]ys
# [12+8*i]m_type_i, [13+8*i]zl_i, [14+8*i]mass_i, [15+8*i]xl_i, [16+8*i]yl_i
# [17+8*i]e_i, [18+8*i]p_i, [19+8*i]param1(con, tb, ...)_i, i=0,1,2,3,4
# i=0,1 correspond subhalos and satellite gals if not exist, stored -1, please extract using e.g. np.extract(arr > 0, arr)
# i=2,3 correspond host halos and central gals
# i=4 corresponds perturbation
# m_type: 1 = anfw, 2 = ahern, 3 = pert
# observable multi events: 219 (subhalo 51), high-mag events: 161
3  9.216422e+01  6.055751e+01  4.820000e+02  1.003547e+00 6 -1.000000e+00  1.324707e+02 1  10.7032  9.261541e-02  4.195692e-01 -1 -1.0000 -1.000000e+00 -1.000000e+00 -1.000000e+00 -1.000000e+00 -1.000000e+00 -1.000000e+00 -1 -1.0000 -1.000000e+00 -1.000000e+00 -1.000000e+00 -1.000000e+00 -1.000000e+00 -1.000000e+00  0  0.4940  7.824714e+12  0.000000e+00  0.000000e+00  3.542655e-01  9.734794e+01  4.329033e+00  1  0.4940  1.168945e+11  0.000000e+00  0.000000e+00  2.387544e-01  1.212212e+02  3.216551e-01  2  0.4940  1.070320e+01  0.000000e+00  0.000000e+00  3.063900e-01 -3.033845e+01  0.000000e+00 
3  8.633100e+02  4.724008e+02  4.495000e+03  1.223340e+00 6 -1.000000e+00  1.222795e+03 1   2.8896 -3.928911e-01 -7.425667e-01 -1 -1.0000 -1.000000e+00 -1.000000e+00 -1.000000e+00 -1.000000e+00 -1.000000e+00 -1.000000e+00 -1 -1.0000 -1.000000e+00 -1.000000e+00 -1.000000e+00 -1.000000e+00 -1.000000e+00 -1.000000e+00  0  0.6890  9.381336e+12  0.000000e+00  0.000000e+00  3.598344e-01 -1.067690e+02  5.415591e+00  1  0.6890  1.446761e+11  0.000000e+00  0.000000e+00  3.663354e-01 -9.919583e+01  2.069535e-01  2  0.6890  2.889620e+00  0.000000e+00  0.000000e+00  1.098050e-01  1.271633e+02  0.000000e+00 
3  1.243617e+02  1.644484e+02  3.470000e+02  2.107752e-01 6 -1.000000e+00  2.072426e+02 1   4.8713  6.926517e-02 -6.984941e-02 -1 -1.0000 -1.000000e+00 -1.000000e+00 -1.000000e+00 -1.000000e+00 -1.000000e+00 -1.000000e+00 -1 -1.0000 -1.000000e+00 -1.000000e+00 -1.000000e+00 -1.000000e+00 -1.000000e+00 -1.000000e+00  0  1.8610  9.817916e+11  0.000000e+00  0.000000e+00  2.455980e-01 -1.702970e+02  6.089357e+00  1  1.8610  2.012228e+10  0.000000e+00  0.000000e+00  4.623279e-01 -1.894671e+02  1.858021e-02  2  1.8610  4.871280e+00  0.000000e+00  0.000000e+00  6.387741e-02 -6.376069e+01  0.000000e+00 
3  1.700117e+02  7.950649e+01  1.738000e+03  5.881504e-01 6 -1.000000e+00  1.996095e+02 1   5.7359 -8.204990e-02 -5.950892e-01 -1 -1.0000 -1.000000e+00 -1.000000e+00 -1.000000e+00 -1.000000e+00 -1.000000e+00 -1.000000e+00 -1 -1.0000 -1.000000e+00 -1.000000e+00 -1.000000e+00 -1.000000e+00 -1.000000e+00 -1.000000e+00  0  0.7720  1.608809e+12  0.000000e+00  0.000000e+00  3.417725e-01  7.812900e+01  4.218472e+00  1  0.7720  6.497938e+10  0.000000e+00  0.000000e+00  1.657184e-01  1.265108e+02  1.245045e-01  2  0.7720  5.735900e+00  0.000000e+00  0.000000e+00  1.007701e-01  9.175118e+01  0.000000e+00 
1  1.454842e+02  2.567297e+02  3.015000e+03  1.000516e+00 0 -1.000000e+00  2.567297e+02 2  13.9049  1.028046e+00 -3.361038e-01 -1 -1.0000 -1.000000e+00 -1.000000e+00 -1.000000e+00 -1.000000e+00 -1.000000e+00 -1.000000e+00 -1 -1.0000 -1.000000e+00 -1.000000e+00 -1.000000e+00 -1.000000e+00 -1.000000e+00 -1.000000e+00  0  0.8520  9.269500e+12  0.000000e+00  0.000000e+00  1.393684e-01  4.738473e+00  6.596224e+00  1  0.8520  1.037173e+11  0.000000e+00  0.000000e+00  4.963322e-01  1.733406e+00  2.082600e-01  2  0.8520  1.390490e+01  0.000000e+00  0.000000e+00  9.364647e-02 -1.101268e+02  0.000000e+00 
3  1.364860e+02  1.212238e+02  2.454000e+03  5.346889e-01 6 -1.000000e+00  2.748510e+02 3  12.0744  9.817652e-02 -1.439386e-01 -1 -1.0000 -1.000000e+00 -1.000000e+00 -1.000000e+00 -1.000000e+00 -1.000000e+00 -1.000000e+00 -1 -1.0000 -1.000000e+00 -1.000000e+00 -1.000000e+00 -1.000000e+00 -1.000000e+00 -1.000000e+00  0  1.1750  1.795723e+12  0.000000e+00  0.000000e+00  4.983020e-01 -1.731938e+02  4.479528e+00  1  1.1750  4.718564e+10  0.000000e+00  0.000000e+00  3.422774e-01 -1.215972e+02  6.041829e-02  2  1.1750  1.207440e+01  0.000000e+00  0.000000e+00  3.522473e-02 -1.349999e+02  0.000000e+00 
1  3.695388e+01  8.596042e+01  2.910000e+03  4.190048e+00 0 -1.000000e+00  8.596042e+01 2   3.0481  1.731820e+00 -4.166485e+00 -1 -1.0000 -1.000000e+00 -1.000000e+00 -1.000000e+00 -1.000000e+00 -1.000000e+00 -1.000000e+00 -1 -1.0000 -1.000000e+00 -1.000000e+00 -1.000000e+00 -1.000000e+00 -1.000000e+00 -1.000000e+00  0  1.1250  1.420178e+14  0.000000e+00  0.000000e+00  4.318863e-01  3.765118e+01  5.392743e+00  1  1.1250  3.808130e+11  0.000000e+00  0.000000e+00  3.705115e-01  4.537070e+01  2.444311e-01  2  1.1250  3.048060e+00  0.000000e+00  0.000000e+00  8.413373e-02  7.161056e+00  0.000000e+00 
4  2.566264e+02  3.196548e+02  3.130000e+03  1.901413e+00 6  2.835833e-01  4.992344e+02 3  10.9971  6.646063e-01 -1.762907e+00  0  0.7620  2.761712e+12  0.000000e+00  0.000000e+00  3.906938e-01 -1.613063e+01  2.450948e+01  1  0.7620  7.708455e+10  0.000000e+00  0.000000e+00  2.791975e-01 -3.936760e+01  1.653366e-01  2  0.7620  1.242747e+13 -1.729927e-01 -6.209752e+00  3.108448e-01  1.573024e+02  5.128566e+00  3  0.7620  8.478291e+10 -1.729927e-01 -6.209752e+00  3.245177e-01  9.416809e+01  9.146382e-02  4  0.7620  1.099710e+01  0.000000e+00  0.000000e+00  2.116067e-01 -4.596932e+01  0.000000e+00 
3  4.092086e+02  6.523646e+02  8.875000e+03  1.732420e+00 6  2.858247e-01  1.164646e+03 3   8.8035 -5.508785e-01  5.728266e+00  0  0.8820  4.554754e+12  0.000000e+00  0.000000e+00  1.237629e-01  9.783123e+01  1.574014e+01  1  0.8820  6.612012e+10  0.000000e+00  0.000000e+00  2.565112e-01  8.280558e+01  1.667411e-01  2  0.8820  7.870883e+13 -9.946527e+00  6.483699e+01  1.498790e-01 -9.660419e+01  5.560757e+00  3  0.8820  3.266429e+11 -9.946527e+00  6.483699e+01  2.569758e-01 -1.010095e+02  4.159867e-01  4  0.8820  8.803490e+00  0.000000e+00  0.000000e+00  1.064116e-01  1.301510e+02  0.000000e+00 
3  1.065515e+02  9.580798e+01  2.787000e+03  1.516877e+00 6 -1.000000e+00  2.736516e+02 3  11.3970 -5.207265e-01  1.720839e-01 -1 -1.0000 -1.000000e+00 -1.000000e+00 -1.000000e+00 -1.000000e+00 -1.000000e+00 -1.000000e+00 -1 -1.0000 -1.000000e+00 -1.000000e+00 -1.000000e+00 -1.000000e+00 -1.000000e+00 -1.000000e+00  0  1.0190  8.865551e+12  0.000000e+00  0.000000e+00  3.479905e-01  8.475137e+01  7.718927e+00  1  1.0190  6.562669e+10  0.000000e+00  0.000000e+00  1.350083e-01  4.864626e+01  7.063975e-02  2  1.0190  1.139700e+01  0.000000e+00  0.000000e+00  1.144399e-01 -1.754122e+02  0.000000e+00 
1  2.435735e+02  4.354460e+02  4.903000e+03  1.411081e+00 0 -1.000000e+00  4.354460e+02 2   2.8676 -1.735117e+00  4.023186e+00 -1 -1.0000 -1.000000e+00 -1.000000e+00 -1.000000e+00 -1.000000e+00 -1.000000e+00 -1.000000e+00 -1 -1.0000 -1.000000e+00 -1.000000e+00 -1.000000e+00 -1.000000e+00 -1.000000e+00 -1.000000e+00  0  1.1960  6.029807e+13  0.000000e+00  0.000000e+00  4.652766e-01 -1.575447e+02  4.775071e+00  1  1.1960  1.541820e+11  0.000000e+00  0.000000e+00  4.095378e-01 -1.375860e+02  1.313472e-01  2  1.1960  2.867650e+00  0.000000e+00  0.000000e+00  3.929961e-02  1.507922e+01  0.000000e+00 
3  1.508145e+02  1.036500e+02  9.800000e+02  5.018900e-01 6 -1.000000e+00  2.033132e+02 1   8.5123 -9.568333e-02  2.981763e-01 -1 -1.0000 -1.000000e+00 -1.000000e+00 -1.000000e+00 -1.000000e+00 -1.000000e+00 -1.000000e+00 -1 -1.0000 -1.000000e+00 -1.000000e+00 -1.000000e+00 -1.000000e+00 -1.000000e+00 -1.000000e+00  0  1.2370  1.368420e+12  0.000000e+00  0.000000e+00  3.229788e-01  1.780108e+02  7.355175e+00  1  1.2370  6.178771e+10  0.000000e+00  0.000000e+00  4.040294e-01  1.753150e+02  4.620576e-02  2  1.2370  8.512290e+00  0.000000e+00  0.000000e+00  1.802108e-01 -4.010895e+01  0.000000e+00 
3  2.529252e+01  5.049805e+01  1.589000e+03  3.443738e+00 6 -1.000000e+00  5.086527e+01 3  11.3973 -7.063979e-01 -8.191505e-01 -1 -1.0000 -1.000000e+00 -1.000000e+00 -1.000000e+00 -1.000000e+00 -1.000000e+00 -1.000000e+00 -1 -1.0000 -1.000000e+00 -1.000000e+00 -1.000000e+00 -1.000000e+00 -1.000000e+00 -1.000000e+00  0  1.3750  8.442057e+13  0.000000e+00  0.000000e+00  3.412660e-01  1.633751e+02  3.782770e+00  1  1.3750  2.238667e+11  0.000000e+00  0.000000e+00  1.807504e-01  1.529394e+02  1.367226e-01  2  1.3750  1.139730e+01  0.000000e+00  0.000000e+00  1.979644e-01 -1.279298e+02  0.000000e+00 
2  3.465142e+02  1.610514e+02  3.091000e+03  6.593339e-01 6 -1.000000e+00  4.514584e+02 1  12.8485 -2.722236e-01  3.855314e-01 -1 -1.0000 -1.000000e+00 -1.000000e+00 -1.000000e+00 -1.000000e+00 -1.000000e+00 -1.000000e+00 -1 -1.0000 -1.000000e+00 -1.000000e+00 -1.000000e+00 -1.000000e+00 -1.000000e+00 -1.000000e+00  0  2.1200  1.623783e+12  0.000000e+00  0.000000e+00  4.889024e-01 -6.991600e+01  3.356507e+00  1  2.1200  5.418325e+10  0.000000e+00  0.000000e+00  4.693178e-01 -7.679367e+01  1.749326e-02  2  2.1200  1.284850e+01  0.000000e+00  0.000000e+00  8.491067e-02  5.008382e+01  0.000000e+00 
3  2.927018e+01  1.348687e+01  2.841000e+03  6.822060e-01 6 -1.000000e+00  4.016887e+01 1   6.7580  7.417966e-01 -2.167991e-02 -1 -1.0000 -1.000000e+00 -1.000000e+00 -1.000000e+00 -1.000000e+00 -1.000000e+00 -1.000000e+00 -1 -1.0000 -1.000000e+00 -1.000000e+00 -1.000000e+00 -1.000000e+00 -1.000000e+00 -1.000000e+00  0  0.3940  1.723192e+12  0.000000e+00  0.000000e+00  2.364445e-01  7.350974e+01  8.056267e+00  1  0.3940  6.015808e+10  0.000000e+00  0.000000e+00  2.170335e-01  3.268295e+01  2.212063e-01  2  0.3940  6.757960e+00  0.000000e+00  0.000000e+00  1.307374e-01  1.287069e+02  0.000000e+00 
2  1.585163e+02  4.248165e+02  1.200000e+01  1.886680e+00 6  2.809666e-01  4.275991e+02 3  10.3068  2.548652e-01  2.243623e+00  0  0.7010  4.942350e+12  0.000000e+00  0.000000e+00  2.409218e-01  1.349186e+02  1.559757e+01  1  0.7010  6.741120e+10  0.000000e+00  0.000000e+00  3.298521e-01  1.186019e+02  6.178124e-02  2  0.7010  1.595780e+13  9.707981e-01  1.119491e+01  2.254272e-01 -3.172252e+01  6.983160e+00  3  0.7010  1.424760e+11  9.707981e-01  1.119491e+01  4.796991e-01  2.520679e+01  7.762361e-02  4  0.7010  1.030680e+01  0.000000e+00  0.000000e+00  1.271119e-01  5.909452e+01  0.000000e+00 
1  3.107632e+02  5.723190e+02  5.647000e+03  1.111884e+00 0  2.858101e-01  5.723190e+02 2   3.6186  1.251186e+00 -1.468089e+00  0  0.6860  2.225831e+12  0.000000e+00  0.000000e+00  2.954481e-01  9.176614e+01  1.959674e+01  1  0.6860  5.626898e+10  0.000000e+00  0.000000e+00  2.803782e-01  1.484887e+01  1.727202e-01  2  0.6860  1.062937e+13  1.244599e+01 -3.054670e+01  3.092493e-01  3.788659e+01  7.747033e+00  3  0.6860  1.333834e+11  1.244599e+01 -3.054670e+01  2.382953e-01  7.103293e+00  2.352688e-01  4  0.6860  3.618630e+00  0.000000e+00  0.000000e+00  6.239805e-02 -9.470216e+01  0.000000e+00 
3  1.729861e+02  9.289449e+01  5.262000e+03  4.842863e-01 6 -1.000000e+00  2.148522e+02 1  12.4619  4.565526e-01 -1.073893e-01 -1 -1.0000 -1.000000e+00 -1.000000e+00 -1.000000e+00 -1.000000e+00 -1.000000e+00 -1.000000e+00 -1 -1.0000 -1.000000e+00 -1.000000e+00 -1.000000e+00 -1.000000e+00 -1.000000e+00 -1.000000e+00  0  0.7950  1.151837e+12  0.000000e+00  0.000000e+00  3.521544e-01 -4.219225e+01  6.325882e+00  1  0.7950  3.722147e+10  0.000000e+00  0.000000e+00  1.527289e-01 -3.692048e+01  8.469096e-02  2  0.7950  1.246190e+01  0.000000e+00  0.000000e+00  2.255717e-01  1.920355e+01  0.000000e+00 
2  2.303331e+02  1.406463e+02  2.129000e+03  7.727586e-01 6  2.874736e-01  3.545811e+02 1   3.9052 -2.949969e-01 -1.832303e+00  0  0.8670  1.681609e+12  0.000000e+00  0.000000e+00  2.181852e-01 -4.510490e+01  1.351364e+01  1  0.8670  5.758215e+10  0.000000e+00  0.000000e+00  2.278104e-01 -2.989056e+01  3.208975e-02  2  0.8670  1.372186e+13 -2.258232e+00 -1.806758e+01  3.733496e-01 -1.512743e+02  1.816021e+00  3  0.8670  1.336971e+11 -2.258232e+00 -1.806758e+01  2.977467e-01 -1.636556e+02  1.209715e-01  4  0.8670  3.905220e+00  0.000000e+00  0.000000e+00  8.474945e-02  6.111468e+01  0.000000e+00 
3  1.637982e+01  1.173392e+01  3.291000e+03  2.795096e-01 6 -1.000000e+00  2.174608e+01 1  10.8393 -1.678482e-01  1.700686e-01 -1 -1.0000 -1.000000e+00 -1.000000e+00 -1.000000e+00 -1.000000e+00 -1.000000e+00 -1.000000e+00 -1 -1.0000 -1.000000e+00 -1.000000e+00 -1.000000e+00 -1.000000e+00 -1.000000e+00 -1.000000e+00  0  1.5410  1.005824e+12  0.000000e+00  0.000000e+00  2.884282e-01 -2.764405e+01  4.642405e+00  1  1.5410  2.134977e+10  0.000000e+00  0.000000e+00  3.320643e-01 -2.952995e+01  5.972567e-02  2  1.5410  1.083930e+01  0.000000e+00  0.000000e+00  7.805042e-02 -2.034540e+01  0.000000e+00 
2  4.823814e+01  7.713701e+01  2.061000e+03  1.519543e+00 6  2.894908e-01  8.119367e+01 1  17.4696 -2.570863e+00  4.087202e-01  0  0.7500  2.271695e+12  0.000000e+00  0.000000e+00  6.391484e-02  1.232341e+02  2.183978e+01  1  0.7500  8.343901e+10  0.000000e+00  0.000000e+00  5.231781e-02  1.016448e+02  3.688330e-02  2  0.7500  2.143388e+13 -3.748105e+01 -2.593700e+00  2.216092e-01 -3.220367e+01  5.474087e+00  3  0.7500  1.973154e+11 -3.748105e+01 -2.593700e+00  3.271042e-01  2.635017e+01  2.764969e-01  4  0.7500  1.746960e+01  0.000000e+00  0.000000e+00  1.174723e-01  4.842193e+01  0.000000e+00 
3  4.172155e+01  8.490581e+00  1.167000e+03  2.171959e+00 6 -1.000000e+00  7.900793e+01 2  14.6091 -2.092507e+00  1.627605e-01 -1 -1.0000 -1.000000e+00 -1.000000e+00 -1.000000e+00 -1.000000e+00 -1.000000e+00 -1.000000e+00 -1 -1.0000 -1.000000e+00 -1.000000e+00 -1.000000e+00 -1.000000e+00 -1.000000e+00 -1.000000e+00  0  0.8560  3.154413e+13  0.000000e+00  0.000000e+00  1.255154e-01 -1.931572e+01  4.831313e+00  1  0.8560  1.820471e+11  0.000000e+00  0.000000e+00  2.286166e-01 -6.817687e+01  7.122017e-02  2  0.8560  1.460910e+01  0.000000e+00  0.000000e+00  1.481761e-01  7.098306e+01  0.000000e+00 
1  1.390879e+01  3.553506e+01  2.494000e+03  2.120557e-01 0  2.933642e-01  3.553506e+01 2   7.8774 -1.299598e-02  2.228866e-01  0  0.8570  2.271576e+11  0.000000e+00  0.000000e+00  2.773596e-01  1.404201e+02  1.366351e+01  1  0.8570  4.363828e+09  0.000000e+00  0.000000e+00  4.991984e-01  9.756214e+01  1.061263e-01  2  0.8570  1.975998e+12 -3.678262e-02  8.782700e-01  2.085744e-01 -1.964161e+01  3.708057e+00  3  0.8570  3.401189e+10 -3.678262e-02  8.782700e-01  1.525851e-01 -3.553476e+01  1.241059e-01  4  0.8570  7.877430e+00  0.000000e+00  0.000000e+00  1.219605e-01 -1.225749e+02  0.000000e+00 
3  9.216422e+01  1.103510e+02  4.820000e+02  7.037832e-01 6 -1.000000e+00  1.812202e+02 3  10.7032 -2.138006e-01 -1.699980e-01 -1 -1.0000 -1.000000e+00 -1.000000e+00 -1.000000e+00 -1.000000e+00 -1.000000e+00 -1.000000e+00 -1 -1.0000 -1.000000e+00 -1.000000e+00 -1.000000e+00 -1.000000e+00 -1.000000e+00 -1.000000e+00  0  0.8600  3.929358e+12  0.000000e+00  0.000000e+00  2.621906e-01  1.064625e+02  5.868927e+00  1  0.8600  7.383557e+10  0.000000e+00  0.000000e+00  4.648589e-01  4.047884e+01  1.750683e-01  2  0.8600  1.070320e+01  0.000000e+00  0.000000e+00  1.371019e-01  1.710740e+02  0.000000e+00 
3  1.541527e+02  4.654495e+01  5.609000e+03  8.074192e-01 6  2.920140e-01  3.016160e+02 2   4.8071 -1.849301e-02 -2.980143e+00  0  1.0560  1.117303e+12  0.000000e+00  0.000000e+00  2.722124e-01 -5.585771e+01  1.619120e+01  1  1.0560  4.402823e+10  0.000000e+00  0.000000e+00  1.140690e-01 -8.133997e+01  4.824111e-02  2  1.0560  2.775572e+13  2.117532e+00 -9.215020e+00  3.272559e-01  6.877224e+01  3.196535e+00  3  1.0560  2.496604e+11  2.117532e+00 -9.215020e+00  2.064897e-01  4.910321e+01  2.147929e-01  4  1.0560  4.807120e+00  0.000000e+00  0.000000e+00  1.055339e-01 -1.412198e+01  0.000000e+00 
1  2.097524e+01  3.791807e+01  7.177000e+03  2.093848e-01 0 -1.000000e+00  3.791807e+01 2  14.6113  2.053184e-01 -8.844404e-02 -1 -1.0000 -1.000000e+00 -1.000000e+00 -1.000000e+00 -1.000000e+00 -1.000000e+00 -1.000000e+00 -1 -1.0000 -1.000000e+00 -1.000000e+00 -1.000000e+00 -1.000000e+00 -1.000000e+00 -1.000000e+00  0  0.4060  4.380019e+11  0.000000e+00  0.000000e+00  2.192208e-01  3.123557e+01  8.056453e+00  1  0.4060  1.342912e+10  0.000000e+00  0.000000e+00  3.860909e-02  2.686018e+01  2.680872e-01  2  0.4060  1.461130e+01  0.000000e+00  0.000000e+00  1.837506e-01  8.072017e+01  0.000000e+00 
3  1.900284e+02  2.104719e+02  1.566000e+03  8.230497e-01 6  2.931672e-01  2.975717e+02 1   3.8727  5.945724e-01  2.136283e-01  0  0.4840  1.055508e+12  0.000000e+00  0.000000e+00  2.743885e-01  4.807409e+01  1.655424e+01  1  0.4840  7.127069e+10  0.000000e+00  0.000000e+00  7.420216e-02  8.919887e+01  3.466262e-01  2  0.4840  6.349687e+12  4.627080e+00  4.178181e+00  1.798161e-01  7.360758e+01  4.108391e+00  3  0.4840  5.734614e+10  4.627080e+00  4.178181e+00  3.966888e-01  4.904509e+01  2.152846e-01  4  0.4840  3.872660e+00  0.000000e+00  0.000000e+00  8.573528e-02  4.895083e+01  0.000000e+00 
3  3.293133e+02  6.681083e+02  3.784000e+03  2.235173e-01 6 -1.000000e+00  7.636366e+02 3   9.6731 -1.611631e-02  1.244975e-02 -1 -1.0000 -1.000000e+00 -1.000000e+00 -1.000000e+00 -1.000000e+00 -1.000000e+00 -1.000000e+00 -1 -1.0000 -1.000000e+00 -1.000000e+00 -1.000000e+00 -1.000000e+00 -1.000000e+00 -1.000000e+00  0  1.6590  7.809910e+11  0.000000e+00  0.000000e+00  2.998654e-01 -1.366748e+02  6.612027e+00  1  1.6590  1.193216e+10  0.000000e+00  0.000000e+00  5.854870e-01 -1.371957e+02  4.909861e-02  2  1.6590  9.673100e+00  0.000000e+00  0.000000e+00  1.407348e-01 -3.327359e+01  0.000000e+00 
3  5.386917e+01  2.224589e+01  2.426000e+03  1.587984e+00 6 -1.000000e+00  1.276319e+02 2   9.3849 -1.000205e+00  1.157472e-01 -1 -1.0000 -1.000000e+00 -1.000000e+00 -1.000000e+00 -1.000000e+00 -1.000000e+00 -1.000000e+00 -1 -1.0000 -1.000000e+00 -1.000000e+00 -1.000000e+00 -1.000000e+00 -1.000000e+00 -1.000000e+00  0  0.7350  8.389524e+12  0.000000e+00  0.000000e+00  9.341091e-02 -8.874683e+01  8.355600e+00  1  0.7350  1.000856e+11  0.000000e+00  0.000000e+00  3.032149e-01 -9.419197e+01  6.803115e-02  2  0.7350  9.384860e+00  0.000000e+00  0.000000e+00  1.119425e-01  8.298186e+01  0.000000e+00 
3  1.158800e+02  1.639484e+02  5.853000e+03  4.670310e-01 6 -1.000000e+00  2.750590e+02 3  14.1060 -1.832060e-01 -3.532334e-02 -1 -1.0000 -1.000000e+00 -1.000000e+00 -1.000000e+00 -1.000000e+00 -1.000000e+00 -1.000000e+00 -1 -1.0000 -1.000000e+00 -1.000000e+00 -1.000000e+00 -1.000000e+00 -1.000000e+00 -1.000000e+00  0  1.1630  1.771565e+12  0.000000e+00  0.000000e+00  1.764245e-01 -4.916633e+00  5.243957e+00  1  1.1630  5.500817e+10  0.000000e+00  0.000000e+00  3.537202e-01 -2.967147e+01  1.689929e-01  2  1.1630  1.410600e+01  0.000000e+00  0.000000e+00  2.045285e-01  2.783710e+01  0.000000e+00 
1  9.383857e+01  1.667420e+02  2.880000e+02  3.005377e+00 0 -1.000000e+00  1.667420e+02 2  10.8406  2.174621e+00 -1.356557e+00 -1 -1.0000 -1.000000e+00 -1.000000e+00 -1.000000e+00 -1.000000e+00 -1.000000e+00 -1.000000e+00 -1 -1.0000 -1.000000e+00 -1.000000e+00 -1.000000e+00 -1.000000e+00 -1.000000e+00 -1.000000e+00  0  0.3980  1.453708e+13  0.000000e+00  0.000000e+00  1.894640e-01  7.041643e+01  1.434774e+01  1  0.3980  2.078176e+11  0.000000e+00  0.000000e+00  3.566845e-01  4.916272e+01  6.545197e-01  2  0.3980  1.084060e+01  0.000000e+00  0.000000e+00  7.250837e-02 -1.514882e+02  0.000000e+00 
3  2.464039e+01  2.116812e+01  5.991000e+03  1.934397e+00 6 -1.000000e+00  4.499297e+01 3   9.3865  7.799847e-01  2.565163e-01 -1 -1.0000 -1.000000e+00 -1.000000e+00 -1.000000e+00 -1.000000e+00 -1.000000e+00 -1.000000e+00 -1 -1.0000 -1.000000e+00 -1.000000e+00 -1.000000e+00 -1.000000e+00 -1.000000e+00 -1.000000e+00  0  0.9630  1.869765e+13  0.000000e+00  0.000000e+00  2.843087e-01 -7.682957e+01  5.499733e+00  1  0.9630  1.497177e+11  0.000000e+00  0.000000e+00  3.301732e-01 -7.609346e+01  1.762766e-01  2  0.9630  9.386460e+00  0.000000e+00  0.000000e+00  1.754163e-01 -1.530154e+02  0.000000e+00 
3  3.791843e+01  2.549900e+01  7.001000e+03  5.653072e-01 6  2.883118e-01  5.053402e+01 1  12.5951  1.084541e+00  1.680781e+00  0  1.0340  1.020845e+12  0.000000e+00  0.000000e+00  6.968922e-02  8.221185e+01  8.951345e+00  1  1.0340  3.332395e+10  0.000000e+00  0.000000e+00  4.043133e-01  5.833332e+01  5.649676e-02  2  1.0340  1.288792e+13  2.494737e+01  2.865649e+01  3.187720e-01  1.261859e+02  3.916786e+00  3  1.0340  1.182594e+11  2.494737e+01  2.865649e+01  2.206495e-01  1.518227e+02  2.161980e-01  4  1.0340  1.259510e+01  0.000000e+00  0.000000e+00  1.614121e-01  9.752129e+01  0.000000e+00 
3  1.839354e+02  1.735239e+02  9.340000e+02  2.683892e-01 6 -1.000000e+00  3.609262e+02 3   8.8473 -4.833380e-02  9.766488e-02 -1 -1.0000 -1.000000e+00 -1.000000e+00 -1.000000e+00 -1.000000e+00 -1.000000e+00 -1.000000e+00 -1 -1.0000 -1.000000e+00 -1.000000e+00 -1.000000e+00 -1.000000e+00 -1.000000e+00 -1.000000e+00  0  1.0860  6.134175e+11  0.000000e+00  0.000000e+00  7.589460e-02  1.227335e+02  6.167408e+00  1  1.0860  1.167673e+10  0.000000e+00  0.000000e+00  2.687496e-01  1.162765e+02  4.849873e-02  2  1.0860  8.847270e+00  0.000000e+00  0.000000e+00  9.289024e-02 -1.617267e+02  0.000000e+00 
1  5.428211e+01  1.176660e+02  5.970000e+02  3.028976e-02 0 -1.000000e+00  1.176660e+02 2  12.5939  5.949629e-03 -5.826019e-02 -1 -1.0000 -1.000000e+00 -1.000000e+00 -1.000000e+00 -1.000000e+00 -1.000000e+00 -1.000000e+00 -1 -1.0000 -1.000000e+00 -1.000000e+00 -1.000000e+00 -1.000000e+00 -1.000000e+00 -1.000000e+00  0  1.1910  1.212115e+11  0.000000e+00  0.000000e+00  6.701877e-02 -3.587866e+01  9.163930e+00  1  1.1910  5.200253e+08  0.000000e+00  0.000000e+00  3.348115e-01 -2.753356e+01  5.998672e-02  2  1.1910  1.259390e+01  0.000000e+00  0.000000e+00  2.179033e-01 -1.653361e+02  0.000000e+00 
3  1.873607e+02  1.099924e+02  9.618000e+03  4.310559e-01 6 -1.000000e+00  2.698760e+02 1   7.2488 -6.714237e-02  2.312464e-01 -1 -1.0000 -1.000000e+00 -1.000000e+00 -1.000000e+00 -1.000000e+00 -1.000000e+00 -1.000000e+00 -1 -1.0000 -1.000000e+00 -1.000000e+00 -1.000000e+00 -1.000000e+00 -1.000000e+00 -1.000000e+00  0  2.5210  2.016564e+12  0.000000e+00  0.000000e+00  2.041772e-01 -1.292700e+02  2.864720e+00  1  2.5210  4.047862e+10  0.000000e+00  0.000000e+00  2.988929e-01 -8.493660e+01  1.906423e-02  2  2.5210  7.248830e+00  0.000000e+00  0.000000e+00  1.184260e-01  4.977757e+01  0.000000e+00 
3  1.225051e+02  4.968306e+01  1.597000e+03  2.544582e-01 6 -1.000000e+00  1.564549e+02 1  15.5321 -2.407053e-01  2.395203e-01 -1 -1.0000 -1.000000e+00 -1.000000e+00 -1.000000e+00 -1.000000e+00 -1.000000e+00 -1.000000e+00 -1 -1.0000 -1.000000e+00 -1.000000e+00 -1.000000e+00 -1.000000e+00 -1.000000e+00 -1.000000e+00  0  1.2490  8.501284e+11  0.000000e+00  0.000000e+00  4.316208e-01 -1.244922e+02  3.805760e+00  1  1.2490  2.268927e+10  0.000000e+00  0.000000e+00  3.516104e-01 -1.852694e+02  8.615242e-02  2  1.2490  1.553210e+01  0.000000e+00  0.000000e+00  2.332537e-01  9.551290e+01  0.000000e+00 
3  1.943401e+02  3.027618e+02  1.646000e+03  4.739332e-01 6  2.739636e-01  3.639847e+02 3   6.2492 -2.670056e-01  1.306710e-01  0  1.7280  7.349177e+11  0.000000e+00  0.000000e+00  2.828817e-01 -4.885811e+01  1.280405e+01  1  1.7280  3.155127e+10  0.000000e+00  0.000000e+00  6.287990e-01 -5.964758e+01  4.384094e-02  2  1.7280  2.215883e+12 -1.417535e+01  9.518172e+00  1.386200e-01  1.208452e+02  2.912990e+00  3  1.7280  8.817118e+10 -1.417535e+01  9.518172e+00  2.532883e-01  1.208934e+02  1.140834e-01  4  1.7280  6.249240e+00  0.000000e+00  0.000000e+00  1.916984e-02  8.847547e+01  0.000000e+00 
3  1.588771e+01  1.241492e+01  5.955000e+03  2.786188e-01 6 -1.000000e+00  2.791654e+01 3  15.4657 -3.062915e-02 -9.185488e-02 -1 -1.0000 -1.000000e+00 -1.000000e+00 -1.000000e+00 -1.000000e+00 -1.000000e+00 -1.000000e+00 -1 -1.0000 -1.000000e+00 -1.000000e+00 -1.000000e+00 -1.000000e+00 -1.000000e+00 -1.000000e+00  0  2.8130  9.246207e+11  0.000000e+00  0.000000e+00  3.760372e-02 -9.875135e+01  4.583408e+00  1  2.8130  1.207103e+10  0.000000e+00  0.000000e+00  3.293863e-01 -1.232020e+02  2.133665e-02  2  2.8130  1.546570e+01  0.000000e+00  0.000000e+00  2.410585e-01 -8.161649e-01  0.000000e+00 
3  2.543034e+02  2.110289e+02  9.435000e+03  1.857222e+00 6 -1.000000e+00  5.794151e+02 3   3.2466 -3.135377e-01  5.926009e-01 -1 -1.0000 -1.000000e+00 -1.000000e+00 -1.000000e+00 -1.000000e+00 -1.000000e+00 -1.000000e+00 -1 -1.0000 -1.000000e+00 -1.000000e+00 -1.000000e+00 -1.000000e+00 -1.000000e+00 -1.000000e+00  0  0.7330  4.100124e+13  0.000000e+00  0.000000e+00  3.899117e-01  5.374692e+01  5.599200e+00  1  0.7330  1.904188e+11  0.000000e+00  0.000000e+00  3.560536e-01  3.720695e+01  2.248899e-01  2  0.7330  3.246580e+00  0.000000e+00  0.000000e+00  6.560647e-02 -1.753125e+02  0.000000e+00 
1  3.819764e+01  7.455512e+01  1.673000e+03  5.261196e+00 0 -1.000000e+00  7.455512e+01 2  11.3419 -2.479082e+00 -7.145450e+00 -1 -1.0000 -1.000000e+00 -1.000000e+00 -1.000000e+00 -1.000000e+00 -1.000000e+00 -1.000000e+00 -1 -1.0000 -1.000000e+00 -1.000000e+00 -1.000000e+00 -1.000000e+00 -1.000000e+00 -1.000000e+00  0  0.8120  1.898500e+14  0.000000e+00  0.000000e+00  4.408782e-01 -5.648252e+00  3.919095e+00  1  0.8120  5.442149e+11  0.000000e+00  0.000000e+00  2.045955e-01 -6.598802e+01  5.602824e-01  2  0.8120  1.134190e+01  0.000000e+00  0.000000e+00  1.628028e-02  1.063548e+02  0.000000e+00 
1  3.821323e+01  7.698812e+01  3.578000e+03  5.832915e+00 0 -1.000000e+00  7.698812e+01 2   7.2489  9.811564e+00  9.584302e+00 -1 -1.0000 -1.000000e+00 -1.000000e+00 -1.000000e+00 -1.000000e+00 -1.000000e+00 -1.000000e+00 -1 -1.0000 -1.000000e+00 -1.000000e+00 -1.000000e+00 -1.000000e+00 -1.000000e+00 -1.000000e+00  0  1.0000  1.599869e+14  0.000000e+00  0.000000e+00  5.008606e-01  1.323601e+02  4.331119e+00  1  1.0000  5.037960e+11  0.000000e+00  0.000000e+00  2.767049e-01  1.664750e+02  3.555126e-01  2  1.0000  7.248930e+00  0.000000e+00  0.000000e+00  1.014988e-01 -5.001108e+01  0.000000e+00 
1  2.334940e+02  4.223305e+02  1.074000e+03  1.279659e+01 0 -1.000000e+00  4.223305e+02 2   4.1190  1.981760e+01 -4.535790e+00 -1 -1.0000 -1.000000e+00 -1.000000e+00 -1.000000e+00 -1.000000e+00 -1.000000e+00 -1.000000e+00 -1 -1.0000 -1.000000e+00 -1.000000e+00 -1.000000e+00 -1.000000e+00 -1.000000e+00 -1.000000e+00  0  0.4120  1.275799e+15  0.000000e+00  0.000000e+00  4.499521e-01  8.936246e+01  2.676583e+00  1  0.4120  1.548784e+12  0.000000e+00  0.000000e+00  9.595027e-02  1.299905e+02  3.746091e+00  2  0.4120  4.119000e+00  0.000000e+00  0.000000e+00  4.902552e-02 -1.946707e+01  0.000000e+00 
2  7.422710e+01  9.076502e+01  7.028000e+03  5.381752e-01 6 -1.000000e+00  1.228842e+02 1  11.2552  7.692980e-03 -1.137828e-01 -1 -1.0000 -1.000000e+00 -1.000000e+00 -1.000000e+00 -1.000000e+00 -1.000000e+00 -1.000000e+00 -1 -1.0000 -1.000000e+00 -1.000000e+00 -1.000000e+00 -1.000000e+00 -1.000000e+00 -1.000000e+00  0  1.6820  2.320206e+12  0.000000e+00  0.000000e+00  1.486311e-01  3.523184e+01  3.525395e+00  1  1.6820  7.107043e+10  0.000000e+00  0.000000e+00  2.775986e-01 -6.107314e+00  1.942025e-02  2  1.6820  1.125520e+01  0.000000e+00  0.000000e+00  1.060344e-01  5.172273e+01  0.000000e+00 
3  1.485436e+02  2.698822e+02  9.322000e+03  5.024829e-01 6  2.994635e-01  4.655306e+02 3   9.9226  2.164302e-01  7.272270e-01  0  0.7410  1.658372e+11  0.000000e+00  0.000000e+00  2.525760e-01  4.863767e+01  6.581176e+01  1  0.7410  2.226011e+09  0.000000e+00  0.000000e+00  3.003141e-01  7.971880e+01  1.197679e-01  2  0.7410  2.209136e+12  5.250791e-01  1.795594e+00  1.417090e-01  1.424322e+02  7.289942e+00  3  0.7410  6.280802e+10  5.250791e-01  1.795594e+00  3.981593e-01  1.232402e+02  6.611470e-02  4  0.7410  9.922610e+00  0.000000e+00  0.000000e+00  1.669421e-01  6.946562e+01  0.000000e+00 
3  1.445009e+02  7.112113e+01  2.331000e+03  4.878649e-01 6 -1.000000e+00  1.848479e+02 1  14.5388 -1.324274e-01 -4.524051e-01 -1 -1.0000 -1.000000e+00 -1.000000e+00 -1.000000e+00 -1.000000e+00 -1.000000e+00 -1.000000e+00 -1 -1.0000 -1.000000e+00 -1.000000e+00 -1.000000e+00 -1.000000e+00 -1.000000e+00 -1.000000e+00  0  0.7690  9.025896e+11  0.000000e+00  0.000000e+00  3.246526e-01 -1.759648e+02  7.128760e+00  1  0.7690  4.476097e+10  0.000000e+00  0.000000e+00  2.534871e-01 -1.471952e+02  1.164944e-01  2  0.7690  1.453880e+01  0.000000e+00  0.000000e+00  1.225989e-01  4.704300e+01  0.000000e+00 
3  3.312598e+02  1.646359e+02  9.755000e+03  3.660896e-01 6 -1.000000e+00  5.045762e+02 1   6.9294  1.463397e-01 -3.357048e-01 -1 -1.0000 -1.000000e+00 -1.000000e+00 -1.000000e+00 -1.000000e+00 -1.000000e+00 -1.000000e+00 -1 -1.0000 -1.000000e+00 -1.000000e+00 -1.000000e+00 -1.000000e+00 -1.000000e+00 -1.000000e+00  0  0.9880  1.037144e+12  0.000000e+00  0.000000e+00  2.240642e-01 -1.533816e+02  5.816227e+00  1  0.9880  3.914660e+10  0.000000e+00  0.000000e+00  4.009386e-01 -1.944868e+02  7.476193e-02  2  0.9880  6.929390e+00  0.000000e+00  0.000000e+00  5.280579e-02 -1.254943e+02  0.000000e+00 
3  1.686704e+01  1.006514e+01  5.770000e+02  6.614760e-01 6 -1.000000e+00  3.095488e+01 3  15.9479  3.252272e-01  2.610042e-01 -1 -1.0000 -1.000000e+00 -1.000000e+00 -1.000000e+00 -1.000000e+00 -1.000000e+00 -1.000000e+00 -1 -1.0000 -1.000000e+00 -1.000000e+00 -1.000000e+00 -1.000000e+00 -1.000000e+00 -1.000000e+00  0  1.9670  5.171354e+12  0.000000e+00  0.000000e+00  1.437179e-02  3.356254e+01  3.907545e+00  1  1.9670  4.503694e+10  0.000000e+00  0.000000e+00  4.414081e-01  1.274885e+02  4.370641e-02  2  1.9670  1.594790e+01  0.000000e+00  0.000000e+00  2.459928e-02  7.954536e+01  0.000000e+00 
2  1.098415e+01  8.391166e-01  1.404000e+03  1.417897e+00 6 -1.000000e+00  1.983168e+01 2  17.1301  1.489923e+00  6.074690e-01 -1 -1.0000 -1.000000e+00 -1.000000e+00 -1.000000e+00 -1.000000e+00 -1.000000e+00 -1.000000e+00 -1 -1.0000 -1.000000e+00 -1.000000e+00 -1.000000e+00 -1.000000e+00 -1.000000e+00 -1.000000e+00  0  2.1260  6.011180e+12  0.000000e+00  0.000000e+00  4.868611e-01 -7.437973e+01  6.196930e+00  1  2.1260  7.004051e+10  0.000000e+00  0.000000e+00  1.713116e-01 -1.120214e+02  2.811900e-02  2  2.1260  1.713010e+01  0.000000e+00  0.000000e+00  8.331083e-02 -7.845730e+01  0.000000e+00 
3  6.663335e+01  5.153517e+01  2.420000e+03  7.920379e-01 6 -1.000000e+00  1.040231e+02 1  11.3419  5.117962e-01  2.177444e-01 -1 -1.0000 -1.000000e+00 -1.000000e+00 -1.000000e+00 -1.000000e+00 -1.000000e+00 -1.000000e+00 -1 -1.0000 -1.000000e+00 -1.000000e+00 -1.000000e+00 -1.000000e+00 -1.000000e+00 -1.000000e+00  0  1.1390  5.718281e+12  0.000000e+00  0.000000e+00  8.379643e-02  1.001596e+02  5.268128e+00  1  1.1390  9.005695e+10  0.000000e+00  0.000000e+00  4.508387e-01  1.557822e+02  8.119853e-02  2  1.1390  1.134190e+01  0.000000e+00  0.000000e+00  1.277837e-01  1.786488e+02  0.000000e+00 
1  2.405293e+02  4.211928e+02  1.447000e+03  2.751328e+00 0  2.723219e-01  4.211928e+02 2   5.9456 -2.253028e+00  1.560122e-01  0  1.2470  1.037433e+13  0.000000e+00  0.000000e+00  4.717864e-01 -7.332890e+01  1.433105e+01  1  1.2470  8.892048e+10  0.000000e+00  0.000000e+00  2.477776e-02 -5.969828e+01  8.864574e-02  2  1.2470  5.975939e+13 -1.607567e+01  4.583695e+00  2.331353e-01 -1.260441e+02  4.890238e+00  3  1.2470  2.210346e+11 -1.607567e+01  4.583695e+00  1.708828e-01 -1.406668e+02  5.947596e-02  4  1.2470  5.945560e+00  0.000000e+00  0.000000e+00  5.571542e-02  5.092575e+01  0.000000e+00 
3  5.906225e+01  3.354702e+01  5.440000e+03  4.576898e-01 6 -1.000000e+00  9.629878e+01 1  11.3972  1.642509e-01 -2.042087e-01 -1 -1.0000 -1.000000e+00 -1.000000e+00 -1.000000e+00 -1.000000e+00 -1.000000e+00 -1.000000e+00 -1 -1.0000 -1.000000e+00 -1.000000e+00 -1.000000e+00 -1.000000e+00 -1.000000e+00 -1.000000e+00  0  1.3040  9.399902e+11  0.000000e+00  0.000000e+00  3.072441e-01  7.791477e+01  5.504999e+00  1  1.3040  2.462237e+10  0.000000e+00  0.000000e+00  2.807892e-01  8.269853e+01  2.146111e-02  2  1.3040  1.139720e+01  0.000000e+00  0.000000e+00  6.676070e-02 -1.506919e+02  0.000000e+00 
3  9.853274e+00  1.222283e+01  2.610000e+03  4.446655e-01 6 -1.000000e+00  1.335894e+01 1   8.5124  7.854830e-02 -2.311766e-01 -1 -1.0000 -1.000000e+00 -1.000000e+00 -1.000000e+00 -1.000000e+00 -1.000000e+00 -1.000000e+00 -1 -1.0000 -1.000000e+00 -1.000000e+00 -1.000000e+00 -1.000000e+00 -1.000000e+00 -1.000000e+00  0  1.6260  1.957444e+12  0.000000e+00  0.000000e+00  2.703190e-01  1.376154e+02  3.397950e+00  1  1.6260  5.799404e+10  0.000000e+00  0.000000e+00  4.137378e-01  1.343333e+02  1.007929e-01  2  1.6260  8.512430e+00  0.000000e+00  0.000000e+00  9.591156e-02  1.019904e+02  0.000000e+00 
3  7.322317e+00  3.214703e+00  6.890000e+02  4.385116e-01 6 -1.000000e+00  1.009031e+01 1  13.3981 -1.429019e-01 -3.766030e-01 -1 -1.0000 -1.000000e+00 -1.000000e+00 -1.000000e+00 -1.000000e+00 -1.000000e+00 -1.000000e+00 -1 -1.0000 -1.000000e+00 -1.000000e+00 -1.000000e+00 -1.000000e+00 -1.000000e+00 -1.000000e+00  0  2.5620  1.813458e+12  0.000000e+00  0.000000e+00  1.494915e-01 -1.709410e+02  2.952657e+00  1  2.5620  4.691132e+10  0.000000e+00  0.000000e+00  3.686850e-02 -1.234946e+02  5.935176e-02  2  2.5620  1.339810e+01  0.000000e+00  0.000000e+00  1.291310e-01  2.660920e+01  0.000000e+00 
1  2.072739e+02  4.102738e+02  5.391000e+03  2.265293e+00 0 -1.000000e+00  4.102738e+02 2   7.2488 -1.117589e+00 -5.740469e-01 -1 -1.0000 -1.000000e+00 -1.000000e+00 -1.000000e+00 -1.000000e+00 -1.000000e+00 -1.000000e+00 -1 -1.0000 -1.000000e+00 -1.000000e+00 -1.000000e+00 -1.000000e+00 -1.000000e+00 -1.000000e+00  0  0.8470  3.413934e+13  0.000000e+00  0.000000e+00  2.293272e-01  9.068477e+01  4.572037e+00  1  0.8470  2.062393e+11  0.000000e+00  0.000000e+00  3.915606e-01  9.912470e+01  2.925025e-01  2  0.8470  7.248820e+00  0.000000e+00  0.000000e+00  5.353341e-02  9.746798e+01  0.000000e+00 
3  3.503574e+01  3.434380e+01  5.800000e+02  9.561419e-01 6 -1.000000e+00  6.336893e+01 3  10.8395  2.442573e-01 -2.483538e-01 -1 -1.0000 -1.000000e+00 -1.000000e+00 -1.000000e+00 -1.000000e+00 -1.000000e+00 -1.000000e+00 -1 -1.0000 -1.000000e+00 -1.000000e+00 -1.000000e+00 -1.000000e+00 -1.000000e+00 -1.000000e+00  0  1.3600  7.889108e+12  0.000000e+00  0.000000e+00  7.848546e-02  7.871281e+01  3.293160e+00  1  1.3600  8.742822e+10  0.000000e+00  0.000000e+00  3.279851e-01  9.494299e+01  6.146679e-02  2  1.3600  1.083950e+01  0.000000e+00  0.000000e+00  4.648029e-02  9.258058e+01  0.000000e+00 
3  2.198317e+02  1.262071e+02  5.300000e+03  5.957275e-01 6 -1.000000e+00  3.375444e+02 1  15.4614 -4.718005e-01 -5.997632e-02 -1 -1.0000 -1.000000e+00 -1.000000e+00 -1.000000e+00 -1.000000e+00 -1.000000e+00 -1.000000e+00 -1 -1.0000 -1.000000e+00 -1.000000e+00 -1.000000e+00 -1.000000e+00 -1.000000e+00 -1.000000e+00  0  1.4320  2.158091e+12  0.000000e+00  0.000000e+00  3.346022e-01  4.834748e+01  4.306642e+00  1  1.4320  7.087717e+10  0.000000e+00  0.000000e+00  2.291012e-01  3.372053e+01  9.715504e-02  2  1.4320  1.546140e+01  0.000000e+00  0.000000e+00  1.448534e-01  1.317991e+02  0.000000e+00 
3  7.322317e+00  8.098347e+00  6.890000e+02  1.936616e+00 6  2.964457e-01  1.164894e+01 1  13.3981  3.049845e+00  1.471362e+00  0  0.2960  3.073700e+12  0.000000e+00  0.000000e+00  1.140583e-01 -3.395214e+01  3.098486e+01  1  0.2960  8.791977e+10  0.000000e+00  0.000000e+00  3.467399e-01 -3.690256e+01  2.427527e-01  2  0.2960  2.255752e+13  4.925240e+01  4.310359e+01  3.480980e-01 -1.742687e+02  5.391084e+00  3  0.2960  2.959931e+11  4.925240e+01  4.310359e+01  1.593731e-01 -2.026321e+02  6.335730e-01  4  0.2960  1.339810e+01  0.000000e+00  0.000000e+00  4.229763e-02  1.326699e+02  0.000000e+00 
1  5.935121e+01  1.326530e+02  1.357000e+03  5.547256e+00 0 -1.000000e+00  1.326530e+02 2   5.4325  4.666246e-02  1.124419e+01 -1 -1.0000 -1.000000e+00 -1.000000e+00 -1.000000e+00 -1.000000e+00 -1.000000e+00 -1.000000e+00 -1 -1.0000 -1.000000e+00 -1.000000e+00 -1.000000e+00 -1.000000e+00 -1.000000e+00 -1.000000e+00  0  0.6510  3.709621e+14  0.000000e+00  0.000000e+00  5.156329e-01  1.740238e+02  3.635310e+00  1  0.6510  8.152246e+11  0.000000e+00  0.000000e+00  3.576121e-01  1.775376e+02  2.024280e+00  2  0.6510  5.432530e+00  0.000000e+00  0.000000e+00  1.085414e-01  3.112246e+01  0.000000e+00 
3  4.518029e+02  3.935215e+02  3.211000e+03  4.626761e-01 6 -1.000000e+00  6.433960e+02 1   8.8472 -1.099694e-01  2.253295e-01 -1 -1.0000 -1.000000e+00 -1.000000e+00 -1.000000e+00 -1.000000e+00 -1.000000e+00 -1.000000e+00 -1 -1.0000 -1.000000e+00 -1.000000e+00 -1.000000e+00 -1.000000e+00 -1.000000e+00 -1.000000e+00  0  1.8980  1.172267e+12  0.000000e+00  0.000000e+00  1.745870e-01  1.333984e+02  5.522958e+00  1  1.8980  3.232063e+10  0.000000e+00  0.000000e+00  2.284602e-01  9.789982e+01  2.018123e-02  2  1.8980  8.847220e+00  0.000000e+00  0.000000e+00  5.300721e-02 -7.843130e+01  0.000000e+00 
3  1.605629e+02  3.006104e+02  7.293000e+03  5.814756e-01 6 -1.000000e+00  3.197380e+02 3   9.3853 -9.523891e-02 -6.006508e-02 -1 -1.0000 -1.000000e+00 -1.000000e+00 -1.000000e+00 -1.000000e+00 -1.000000e+00 -1.000000e+00 -1 -1.0000 -1.000000e+00 -1.000000e+00 -1.000000e+00 -1.000000e+00 -1.000000e+00 -1.000000e+00  0  0.9190  1.579852e+12  0.000000e+00  0.000000e+00  8.384004e-02 -2.416296e+01  1.056954e+01  1  0.9190  3.969215e+10  0.000000e+00  0.000000e+00  1.944122e-01  1.434363e+01  1.469108e-01  2  0.9190  9.385270e+00  0.000000e+00  0.000000e+00  9.441355e-02  1.748244e+01  0.000000e+00 
1  4.698831e+01  8.748414e+01  3.620000e+02  1.571255e+00 0 -1.000000e+00  8.748414e+01 2   3.7568  5.405451e-01 -6.687333e-01 -1 -1.0000 -1.000000e+00 -1.000000e+00 -1.000000e+00 -1.000000e+00 -1.000000e+00 -1.000000e+00 -1 -1.0000 -1.000000e+00 -1.000000e+00 -1.000000e+00 -1.000000e+00 -1.000000e+00 -1.000000e+00  0  1.0190  2.667379e+13  0.000000e+00  0.000000e+00  8.829553e-02 -1.678767e+02  5.972113e+00  1  1.0190  1.268847e+11  0.000000e+00  0.000000e+00  1.724954e-01 -1.140627e+02  2.531699e-01  2  1.0190  3.756820e+00  0.000000e+00  0.000000e+00  1.265562e-01 -1.376829e+00  0.000000e+00 
2  6.794810e+01  4.026741e+01  3.514000e+03  7.754452e-01 6 -1.000000e+00  1.450974e+02 2  10.7034 -3.403571e-01  1.379965e-01 -1 -1.0000 -1.000000e+00 -1.000000e+00 -1.000000e+00 -1.000000e+00 -1.000000e+00 -1.000000e+00 -1 -1.0000 -1.000000e+00 -1.000000e+00 -1.000000e+00 -1.000000e+00 -1.000000e+00 -1.000000e+00  0  1.3450  5.505906e+12  0.000000e+00  0.000000e+00  3.900180e-01 -1.115693e+02  2.839366e+00  1  1.3450  8.494329e+10  0.000000e+00  0.000000e+00  1.081762e-01 -1.075662e+02  2.832830e-02  2  1.3450  1.070340e+01  0.000000e+00  0.000000e+00  1.062424e-01 -9.986846e+01  0.000000e+00 
3  2.149636e+01  1.063150e+01  9.310000e+02  7.375152e-01 6  2.790161e-01  6.739691e+01 2   8.4040  3.116658e+00  1.249801e+00  0  1.5180  9.523003e+11  0.000000e+00  0.000000e+00  1.274001e-01 -7.962526e+01  1.243115e+01  1  1.5180  3.519451e+10  0.000000e+00  0.000000e+00  6.603611e-02 -8.178601e+01  6.748096e-02  2  1.5180  3.837352e+13  8.804921e+00  2.377613e+00  3.314533e-01 -1.001550e+02  3.200958e+00  3  1.5180  1.110879e+11  8.804921e+00  2.377613e+00  4.285756e-01 -9.666388e+01  7.777087e-02  4  1.5180  8.404010e+00  0.000000e+00  0.000000e+00  3.388689e-02  1.280308e+02  0.000000e+00 
1  1.113597e+02  2.309277e+02  1.491000e+03  1.689288e+00 0 -1.000000e+00  2.309277e+02 2  13.6700  1.078561e+00  8.107706e+00 -1 -1.0000 -1.000000e+00 -1.000000e+00 -1.000000e+00 -1.000000e+00 -1.000000e+00 -1.000000e+00 -1 -1.0000 -1.000000e+00 -1.000000e+00 -1.000000e+00 -1.000000e+00 -1.000000e+00 -1.000000e+00  0  0.7540  5.722797e+13  0.000000e+00  0.000000e+00  4.828722e-01  8.404268e+00  3.501408e+00  1  0.7540  2.361060e+11  0.000000e+00  0.000000e+00  2.400385e-01  1.893380e+01  4.039178e-01  2  0.7540  1.367000e+01  0.000000e+00  0.000000e+00  2.766191e-01  1.661913e+02  0.000000e+00 
3  7.897441e+01  1.414840e+02  7.144000e+03  1.441292e+00 6 -1.000000e+00  1.993523e+02 3   4.1191 -5.552918e-01  3.810491e-01 -1 -1.0000 -1.000000e+00 -1.000000e+00 -1.000000e+00 -1.000000e+00 -1.000000e+00 -1.000000e+00 -1 -1.0000 -1.000000e+00 -1.000000e+00 -1.000000e+00 -1.000000e+00 -1.000000e+00 -1.000000e+00  0  1.3630  5.480240e+13  0.000000e+00  0.000000e+00  3.332497e-01 -1.658765e+01  3.954260e+00  1  1.3630  1.632030e+11  0.000000e+00  0.000000e+00  3.774876e-01 -1.478927e+01  1.567488e-01  2  1.3630  4.119100e+00  0.000000e+00  0.000000e+00  1.012861e-01 -6.195000e+01  0.000000e+00 
3  1.063129e+02  6.978782e+01  3.184000e+03  5.937058e-01 6  2.727019e-01  1.614614e+02 1  18.0150  4.760822e-01  8.486468e-01  0  1.9830  7.778643e+11  0.000000e+00  0.000000e+00  3.255842e-01 -1.271451e+02  1.323967e+01  1  1.9830  1.903150e+10  0.000000e+00  0.000000e+00  1.774095e-01 -7.485129e+01  5.809937e-02  2  1.9830  6.779990e+12  5.273104e+00  1.277256e+01  2.587755e-01 -4.718502e+01  2.732987e+00  3  1.9830  7.395080e+10  5.273104e+00  1.277256e+01  1.348461e-01  1.888613e+01  2.797532e-02  4  1.9830  1.801500e+01  0.000000e+00  0.000000e+00  7.826635e-02 -9.615244e+01  0.000000e+00 
3  9.361189e+01  4.911653e+01  5.922000e+03  5.706395e-01 6 -1.000000e+00  1.207556e+02 1   8.4045  4.690588e-01  1.290340e-01 -1 -1.0000 -1.000000e+00 -1.000000e+00 -1.000000e+00 -1.000000e+00 -1.000000e+00 -1.000000e+00 -1 -1.0000 -1.000000e+00 -1.000000e+00 -1.000000e+00 -1.000000e+00 -1.000000e+00 -1.000000e+00  0  2.3500  2.692038e+12  0.000000e+00  0.000000e+00  3.156614e-01  1.571562e+02  4.978454e+00  1  2.3500  6.111568e+10  0.000000e+00  0.000000e+00  1.383465e-01  1.249468e+02  3.857811e-02  2  2.3500  8.404510e+00  0.000000e+00  0.000000e+00  1.899087e-01 -4.664456e+00  0.000000e+00 
3  6.095219e+01  3.363933e+01  9.050000e+02  1.008330e+00 6  3.002926e-01  8.896012e+01 1   6.8386 -1.083942e+00 -3.246136e-01  0  0.5670  8.903350e+11  0.000000e+00  0.000000e+00  2.829580e-01 -1.614000e+02  2.880988e+01  1  0.5670  3.427142e+10  0.000000e+00  0.000000e+00  5.130233e-01 -1.080318e+02  1.188495e-01  2  0.5670  1.276554e+13 -6.812289e+00 -3.155932e-01  2.899934e-01 -1.622845e+02  5.636584e+00  3  0.5670  1.220906e+11 -6.812289e+00 -3.155932e-01  3.443130e-01 -2.136856e+02  1.673986e-01  4  0.5670  6.838560e+00  0.000000e+00  0.000000e+00  7.531718e-02 -1.709078e+02  0.000000e+00 
3  1.164353e+02  7.936542e+01  5.324000e+03  2.436641e-01 6 -1.000000e+00  1.747436e+02 1   8.2556 -2.446136e-01  4.963860e-02 -1 -1.0000 -1.000000e+00 -1.000000e+00 -1.000000e+00 -1.000000e+00 -1.000000e+00 -1.000000e+00 -1 -1.0000 -1.000000e+00 -1.000000e+00 -1.000000e+00 -1.000000e+00 -1.000000e+00 -1.000000e+00  0  0.9980  8.578270e+11  0.000000e+00  0.000000e+00  2.060393e-01  1.594024e+02  7.151369e+00  1  0.9980  1.976558e+10  0.000000e+00  0.000000e+00  4.682425e-01  1.834290e+02  1.115410e-01  2  0.9980  8.255580e+00  0.000000e+00  0.000000e+00  1.808842e-01 -7.628315e+01  0.000000e+00 
3  4.597822e+01  1.950879e+01  1.102000e+03  3.400027e-01 6 -1.000000e+00  5.641770e+01 1   2.1795  1.982391e-01 -2.469486e-01 -1 -1.0000 -1.000000e+00 -1.000000e+00 -1.000000e+00 -1.000000e+00 -1.000000e+00 -1.000000e+00 -1 -1.0000 -1.000000e+00 -1.000000e+00 -1.000000e+00 -1.000000e+00 -1.000000e+00 -1.000000e+00  0  1.5390  3.449483e+12  0.000000e+00  0.000000e+00  4.496105e-02  4.736309e+01  2.839461e+00  1  1.5390  8.256937e+10  0.000000e+00  0.000000e+00  8.814077e-02  9.229807e+01  2.747480e-02  2  1.5390  2.179500e+00  0.000000e+00  0.000000e+00  7.040049e-02  7.655465e+01  0.000000e+00 
3  1.825364e+02  3.235407e+02  2.742000e+03  4.922997e-01 6 -1.000000e+00  3.469994e+02 3   1.5803  1.093743e-01 -9.993403e-02 -1 -1.0000 -1.000000e+00 -1.000000e+00 -1.000000e+00 -1.000000e+00 -1.000000e+00 -1.000000e+00 -1 -1.0000 -1.000000e+00 -1.000000e+00 -1.000000e+00 -1.000000e+00 -1.000000e+00 -1.000000e+00  0  0.4330  1.463338e+12  0.000000e+00  0.000000e+00  1.674761e-01 -4.440054e+01  9.635145e+00  1  0.4330  6.056330e+10  0.000000e+00  0.000000e+00  7.918327e-02 -5.453574e+01  3.747032e-01  2  0.4330  1.580260e+00  0.000000e+00  0.000000e+00  1.569152e-02 -1.492956e+02  0.000000e+00 
3  1.511085e+02  1.301101e+02  1.059000e+03  6.973901e-01 6  3.093972e-01  2.162838e+02 1  10.9760 -1.534588e+00  8.629103e-01  0  0.5240  6.444178e+11  0.000000e+00  0.000000e+00  3.552938e-02 -5.483218e+01  2.106225e+01  1  0.5240  3.413137e+10  0.000000e+00  0.000000e+00  1.530672e-01  4.561440e+00  5.702412e-02  2  0.5240  1.664103e+13 -2.852879e+01  1.241601e+01  2.461859e-01 -1.430121e+01  3.549159e+00  3  0.5240  1.092399e+11 -2.852879e+01  1.241601e+01  5.892682e-01 -3.488475e+01  1.092264e-01  4  0.5240  1.097600e+01  0.000000e+00  0.000000e+00  8.289287e-02 -5.222827e+00  0.000000e+00 
3  1.666061e+02  5.931387e+01  3.800000e+01  8.419865e-01 6  2.895365e-01  3.413410e+02 2   3.6484  1.713468e+00  1.002328e+00  0  0.7040  1.256008e+12  0.000000e+00  0.000000e+00  2.657065e-01  1.484961e+02  1.723150e+01  1  0.7040  6.038502e+10  0.000000e+00  0.000000e+00  5.505642e-02  1.713191e+02  7.683670e-02  2  0.7040  8.003646e+12  8.116628e+00  5.202383e+00  3.387488e-01 -1.756028e+02  5.023457e+00  3  0.7040  1.016885e+11  8.116628e+00  5.202383e+00  3.822245e-01 -1.329505e+02  9.194961e-02  4  0.7040  3.648380e+00  0.000000e+00  0.000000e+00  1.148444e-01  1.077318e+02  0.000000e+00 
3  7.530498e+01  9.871464e+01  5.621000e+03  3.358681e-01 6 -1.000000e+00  1.104731e+02 1   9.3115  1.580688e-01  1.164760e-01 -1 -1.0000 -1.000000e+00 -1.000000e+00 -1.000000e+00 -1.000000e+00 -1.000000e+00 -1.000000e+00 -1 -1.0000 -1.000000e+00 -1.000000e+00 -1.000000e+00 -1.000000e+00 -1.000000e+00 -1.000000e+00  0  0.7170  1.086432e+12  0.000000e+00  0.000000e+00  3.486061e-01  4.720272e+01  5.784408e+00  1  0.7170  3.812142e+10  0.000000e+00  0.000000e+00  2.852914e-01  1.493205e+00  2.410428e-01  2  0.7170  9.311530e+00  0.000000e+00  0.000000e+00  1.487590e-01 -1.534534e+02  0.000000e+00 
3  3.478171e+02  3.361700e+02  1.285000e+03  9.982873e-01 6  2.775673e-01  4.896527e+02 1   3.2884 -9.482109e-01  5.192499e-01  0  0.9090  4.281953e+12  0.000000e+00  0.000000e+00  2.476864e-01 -1.061973e+02  1.220934e+01  1  0.9090  6.049127e+10  0.000000e+00  0.000000e+00  2.508042e-01 -1.481590e+02  1.042735e-01  2  0.9090  1.158630e+13 -2.696676e+01  2.658023e+01  5.173428e-01  7.664087e+01  2.893618e+00  3  0.9090  1.099480e+11 -2.696676e+01  2.658023e+01  4.817507e-01  1.089701e+01  1.765918e-01  4  0.9090  3.288430e+00  0.000000e+00  0.000000e+00  1.151142e-01 -9.615876e+01  0.000000e+00 
3  1.429623e+02  8.552797e+01  9.404000e+03  7.167374e-01 6 -1.000000e+00  2.495686e+02 3   9.3850  2.420045e-01 -3.607748e-01 -1 -1.0000 -1.000000e+00 -1.000000e+00 -1.000000e+00 -1.000000e+00 -1.000000e+00 -1.000000e+00 -1 -1.0000 -1.000000e+00 -1.000000e+00 -1.000000e+00 -1.000000e+00 -1.000000e+00 -1.000000e+00  0  1.0400  3.333462e+12  0.000000e+00  0.000000e+00  1.766964e-01 -8.380287e+01  4.402159e+00  1  1.0400  6.701819e+10  0.000000e+00  0.000000e+00  1.955823e-01 -8.006463e+01  1.014040e-01  2  1.0400  9.385050e+00  0.000000e+00  0.000000e+00  1.609026e-01 -1.663122e+02  0.000000e+00 
1  7.002220e+01  1.411377e+02  1.726000e+03  1.749058e+00 0  2.722496e-01  1.411377e+02 2   6.9194 -7.134641e+00 -2.856448e+00  0  1.2810  1.532606e+13  0.000000e+00  0.000000e+00  2.393425e-01 -2.869827e+01  5.960071e+00  1  1.2810  8.075800e+10  0.000000e+00  0.000000e+00  3.916714e-01 -6.007986e+01  6.470999e-02  2  1.2810  4.903349e+13 -1.495443e+01 -5.287512e+00  3.142179e-01 -2.293545e+01  2.931944e+00  3  1.2810  2.023127e+11 -1.495443e+01 -5.287512e+00  4.055862e-01 -5.967123e+01  1.852596e-01  4  1.2810  6.919380e+00  0.000000e+00  0.000000e+00  1.195252e-01 -3.971603e+01  0.000000e+00 
1  3.890031e+01  7.689371e+01  3.608000e+03  2.172211e+00 0 -1.000000e+00  7.689371e+01 2  16.3145  1.803344e+00 -2.274084e+00 -1 -1.0000 -1.000000e+00 -1.000000e+00 -1.000000e+00 -1.000000e+00 -1.000000e+00 -1.000000e+00 -1 -1.0000 -1.000000e+00 -1.000000e+00 -1.000000e+00 -1.000000e+00 -1.000000e+00 -1.000000e+00  0  2.2410  1.738777e+13  0.000000e+00  0.000000e+00  2.240087e-01  2.633991e+01  5.592410e+00  1  2.2410  7.381051e+10  0.000000e+00  0.000000e+00  5.572345e-01  7.476541e+01  3.450666e-02  2  2.2410  1.631450e+01  0.000000e+00  0.000000e+00  1.313548e-01 -1.340048e+02  0.000000e+00 
3  1.019309e+02  5.403650e+01  1.630000e+02  6.744548e-01 6 -1.000000e+00  1.436718e+02 1  10.9977 -3.378231e-01 -4.100137e-01 -1 -1.0000 -1.000000e+00 -1.000000e+00 -1.000000e+00 -1.000000e+00 -1.000000e+00 -1.000000e+00 -1 -1.0000 -1.000000e+00 -1.000000e+00 -1.000000e+00 -1.000000e+00 -1.000000e+00 -1.000000e+00  0  0.4420  2.064833e+12  0.000000e+00  0.000000e+00  4.114739e-01  8.362840e+00  6.753148e+00  1  0.4420  5.768664e+10  0.000000e+00  0.000000e+00  4.858983e-01  1.284058e+02  1.619066e-01  2  0.4420  1.099770e+01  0.000000e+00  0.000000e+00  3.888690e-02  5.211778e+01  0.000000e+00 
2  1.019309e+02  2.655783e+02  1.630000e+02  4.207783e+00 6  2.790195e-01  3.224028e+02 3  10.9977 -1.235036e+01 -3.615762e+00  0  0.7480  1.438817e+13  0.000000e+00  0.000000e+00  2.893452e-01  6.255005e+01  1.091565e+01  1  0.7480  1.040430e+11  0.000000e+00  0.000000e+00  5.123502e-02  7.092390e+01  1.099909e-01  2  0.7480  2.921071e+14 -2.105419e+01 -1.046461e+01  2.627746e-01 -3.118186e+01  4.304433e+00  3  0.7480  5.439635e+11 -2.105419e+01 -1.046461e+01  4.581560e-01 -2.529931e+01  4.797128e-01  4  0.7480  1.099770e+01  0.000000e+00  0.000000e+00  8.729781e-02 -1.705251e+02  0.000000e+00 
2  3.224494e+02  1.351770e+02  7.141000e+03  7.956954e-01 6 -1.000000e+00  4.011562e+02 1   7.2488  3.629335e-01  5.259046e-01 -1 -1.0000 -1.000000e+00 -1.000000e+00 -1.000000e+00 -1.000000e+00 -1.000000e+00 -1.000000e+00 -1 -1.0000 -1.000000e+00 -1.000000e+00 -1.000000e+00 -1.000000e+00 -1.000000e+00 -1.000000e+00  0  0.8060  1.964037e+12  0.000000e+00  0.000000e+00  2.994063e-01  9.415968e+01  3.683147e+00  1  0.8060  6.246822e+10  0.000000e+00  0.000000e+00  6.455604e-01  7.111507e+01  3.666029e-02  2  0.8060  7.248820e+00  0.000000e+00  0.000000e+00  7.190812e-02  1.135460e+02  0.000000e+00 
3  1.858660e+02  8.767502e+01  1.718000e+03  5.297825e-01 6 -1.000000e+00  2.363347e+02 1   5.6580 -5.274243e-01 -2.502187e-01 -1 -1.0000 -1.000000e+00 -1.000000e+00 -1.000000e+00 -1.000000e+00 -1.000000e+00 -1.000000e+00 -1 -1.0000 -1.000000e+00 -1.000000e+00 -1.000000e+00 -1.000000e+00 -1.000000e+00 -1.000000e+00  0  0.7050  9.419145e+11  0.000000e+00  0.000000e+00  1.324228e-01  1.608556e+01  9.712883e+00  1  0.7050  4.672617e+10  0.000000e+00  0.000000e+00  2.911822e-01  1.616310e+01  5.325213e-02  2  0.7050  5.657970e+00  0.000000e+00  0.000000e+00  1.933308e-02 -1.561856e+02  0.000000e+00 
1  6.450055e+01  1.317884e+02  2.535000e+03  5.420920e-01 0  3.015966e-01  1.317884e+02 2   4.3604 -1.011602e+00  1.393977e+00  0  0.7790  6.779285e+11  0.000000e+00  0.000000e+00  2.147358e-01  1.132837e+02  1.645398e+01  1  0.7790  3.332718e+10  0.000000e+00  0.000000e+00  4.675858e-01  1.190181e+02  1.970058e-01  2  0.7790  1.737488e+13 -9.118725e+00  2.233462e+01  3.327444e-01 -5.202832e+01  3.345657e+00  3  0.7790  1.143855e+11 -9.118725e+00  2.233462e+01  2.490361e-01 -6.446574e+01  8.964229e-02  4  0.7790  4.360410e+00  0.000000e+00  0.000000e+00  1.494775e-01 -1.314100e+01  0.000000e+00 
2  1.205651e+02  8.619858e+01  4.924000e+03  1.090633e+00 6  2.952921e-01  2.011423e+02 1  18.0184 -1.089540e+00 -1.855892e+00  0  0.6920  1.949873e+12  0.000000e+00  0.000000e+00  2.452382e-01 -1.480463e+02  1.305287e+01  1  0.6920  6.591670e+10  0.000000e+00  0.000000e+00  4.318495e-01 -1.134123e+02  3.228949e-02  2  0.6920  2.705653e+13 -3.163348e+01 -8.970604e+01  4.100660e-01  1.555133e+02  5.394263e+00  3  0.6920  1.609903e+11 -3.163348e+01 -8.970604e+01  3.308167e-01  9.392838e+01  1.503869e-01  4  0.6920  1.801840e+01  0.000000e+00  0.000000e+00  8.059147e-02 -1.445287e+02  0.000000e+00 
3  1.117461e+02  9.466718e+01  4.943000e+03  1.891249e-01 6 -1.000000e+00  2.398080e+02 3   5.2135 -3.136363e-02  7.145036e-02 -1 -1.0000 -1.000000e+00 -1.000000e+00 -1.000000e+00 -1.000000e+00 -1.000000e+00 -1.000000e+00 -1 -1.0000 -1.000000e+00 -1.000000e+00 -1.000000e+00 -1.000000e+00 -1.000000e+00 -1.000000e+00  0  0.8550  5.356960e+11  0.000000e+00  0.000000e+00  1.715201e-01  1.618989e+02  6.347739e+00  1  0.8550  1.208692e+10  0.000000e+00  0.000000e+00  3.165996e-01  1.771642e+02  8.126430e-02  2  0.8550  5.213520e+00  0.000000e+00  0.000000e+00  1.706553e-01  4.066656e+01  0.000000e+00 
5  5.231895e+01  8.146083e+01  6.053000e+03  3.432628e-01 6 -1.000000e+00  9.538238e+01 3   9.3115  3.607568e-02  6.398146e-02 -1 -1.0000 -1.000000e+00 -1.000000e+00 -1.000000e+00 -1.000000e+00 -1.000000e+00 -1.000000e+00 -1 -1.0000 -1.000000e+00 -1.000000e+00 -1.000000e+00 -1.000000e+00 -1.000000e+00 -1.000000e+00  0  1.2560  8.559113e+11  0.000000e+00  0.000000e+00  1.141231e-01  1.958917e+00  8.381302e+00  1  1.2560  2.364169e+10  0.000000e+00  0.000000e+00  2.829446e-01  1.400193e+00  7.539556e-02  2  1.2560  9.311480e+00  0.000000e+00  0.000000e+00  2.068533e-01  1.727664e+02  0.000000e+00 
3  3.302723e+02  3.128890e+02  2.357000e+03  3.532613e-01 6 -1.000000e+00  5.870420e+02 3   6.2177 -8.615129e-02 -1.356922e-01 -1 -1.0000 -1.000000e+00 -1.000000e+00 -1.000000e+00 -1.000000e+00 -1.000000e+00 -1.000000e+00 -1 -1.0000 -1.000000e+00 -1.000000e+00 -1.000000e+00 -1.000000e+00 -1.000000e+00 -1.000000e+00  0  1.8980  1.452736e+12  0.000000e+00  0.000000e+00  4.666356e-01  1.069415e+02  4.796763e+00  1  1.8980  3.674263e+10  0.000000e+00  0.000000e+00  2.720251e-01  3.060116e+01  5.872904e-02  2  1.8980  6.217720e+00  0.000000e+00  0.000000e+00  6.013429e-02  1.736695e+02  0.000000e+00 
3  7.545081e+02  3.077978e+02  6.155000e+03  3.947060e-02 6 -1.000000e+00  9.329867e+02 1   3.2883 -7.776319e-03 -5.661563e-02 -1 -1.0000 -1.000000e+00 -1.000000e+00 -1.000000e+00 -1.000000e+00 -1.000000e+00 -1.000000e+00 -1 -1.0000 -1.000000e+00 -1.000000e+00 -1.000000e+00 -1.000000e+00 -1.000000e+00 -1.000000e+00  0  2.7070  6.776588e+11  0.000000e+00  0.000000e+00  2.093346e-01  8.871899e+00  3.334393e+00  1  2.7070  7.482862e+09  0.000000e+00  0.000000e+00  6.775662e-01  3.392885e+01  1.702592e-02  2  2.7070  3.288340e+00  0.000000e+00  0.000000e+00  5.940219e-02 -3.680845e+01  0.000000e+00 
3  2.425076e+02  1.908362e+02  6.184000e+03  7.005465e-01 6 -1.000000e+00  3.508344e+02 1  10.1764 -1.330426e-01  3.410792e-01 -1 -1.0000 -1.000000e+00 -1.000000e+00 -1.000000e+00 -1.000000e+00 -1.000000e+00 -1.000000e+00 -1 -1.0000 -1.000000e+00 -1.000000e+00 -1.000000e+00 -1.000000e+00 -1.000000e+00 -1.000000e+00  0  0.2280  1.537447e+12  0.000000e+00  0.000000e+00  2.822059e-01 -1.345894e+02  8.128105e+00  1  0.2280  6.413970e+10  0.000000e+00  0.000000e+00  1.457023e-01 -1.658922e+02  4.377786e-01  2  0.2280  1.017640e+01  0.000000e+00  0.000000e+00  2.062318e-01 -1.607387e+01  0.000000e+00 
3  6.261908e+02  1.227798e+03  9.046000e+03  7.099935e+00 6  2.704380e-01  1.384298e+03 3   7.7372 -9.865333e+00  5.062853e-01  0  0.7120  9.635474e+13  0.000000e+00  0.000000e+00  5.420572e-01 -4.101552e+01  7.905832e+00  1  0.7120  2.144448e+11  0.000000e+00  0.000000e+00  2.039239e-01 -1.250792e+01  2.871595e-01  2  0.7120  4.731609e+14 -1.917972e+02 -7.561481e+01  8.269536e-01 -5.939516e+01  3.818520e+00  3  0.7120  8.436362e+11 -1.917972e+02 -7.561481e+01  2.573842e-01 -3.273309e+01  4.048698e-01  4  0.7120  7.737200e+00  0.000000e+00  0.000000e+00  1.367375e-02 -1.954659e+01  0.000000e+00 
3  1.080296e+02  8.243025e+01  1.540000e+02  3.059747e-01 6 -1.000000e+00  2.063487e+02 3  13.7339  1.491743e-01  4.987406e-02 -1 -1.0000 -1.000000e+00 -1.000000e+00 -1.000000e+00 -1.000000e+00 -1.000000e+00 -1.000000e+00 -1 -1.0000 -1.000000e+00 -1.000000e+00 -1.000000e+00 -1.000000e+00 -1.000000e+00 -1.000000e+00  0  2.5820  1.038316e+12  0.000000e+00  0.000000e+00  3.109527e-01 -1.098149e+02  5.515279e+00  1  2.5820  1.376037e+10  0.000000e+00  0.000000e+00  3.780850e-01 -1.256418e+02  6.131479e-02  2  2.5820  1.373390e+01  0.000000e+00  0.000000e+00  5.118238e-02  1.299176e+02  0.000000e+00 
1  3.832436e+02  6.958643e+02  1.640000e+02  3.736639e-02 0 -1.000000e+00  6.958643e+02 2   7.5765 -2.799719e-02  4.734739e-02 -1 -1.0000 -1.000000e+00 -1.000000e+00 -1.000000e+00 -1.000000e+00 -1.000000e+00 -1.000000e+00 -1 -1.0000 -1.000000e+00 -1.000000e+00 -1.000000e+00 -1.000000e+00 -1.000000e+00 -1.000000e+00  0  0.3820  1.961678e+11  0.000000e+00  0.000000e+00  2.580177e-01 -7.141525e+01  1.458830e+01  1  0.3820  2.891461e+09  0.000000e+00  0.000000e+00  4.413948e-01 -5.669497e+01  3.867964e-01  2  0.3820  7.576470e+00  0.000000e+00  0.000000e+00  1.106206e-01 -1.562943e+02  0.000000e+00 
5  6.962855e+01  1.142170e+02  6.330000e+02  1.157518e-01 6  2.725501e-01  1.450839e+02 3  13.0719 -1.559766e-01  3.543700e-02  0  2.4790  1.040796e+11  0.000000e+00  0.000000e+00  4.588815e-01 -1.752581e+02  1.696469e+01  1  2.4790  4.934181e+08  0.000000e+00  0.000000e+00  5.509137e-01 -1.619336e+02  2.725361e-02  2  2.4790  3.553573e+11 -1.364542e+00  7.462765e-02  4.431542e-01  1.395754e+02  3.893959e+00  3  2.4790  2.685271e+09 -1.364542e+00  7.462765e-02  1.917593e-01  1.588070e+02  2.922448e-02  4  2.4790  1.307190e+01  0.000000e+00  0.000000e+00  1.017718e-01  1.640858e+02  0.000000e+00 
1  1.454299e+02  2.947708e+02  7.080000e+02  2.043147e+00 0 -1.000000e+00  2.947708e+02 2   6.7579 -1.298756e+00  3.173177e+00 -1 -1.0000 -1.000000e+00 -1.000000e+00 -1.000000e+00 -1.000000e+00 -1.000000e+00 -1.000000e+00 -1 -1.0000 -1.000000e+00 -1.000000e+00 -1.000000e+00 -1.000000e+00 -1.000000e+00 -1.000000e+00  0  0.5480  3.903651e+13  0.000000e+00  0.000000e+00  5.528064e-01 -1.610293e+02  6.508593e+00  1  0.5480  1.900075e+11  0.000000e+00  0.000000e+00  1.517297e-01 -2.112781e+02  1.980955e-01  2  0.5480  6.757930e+00  0.000000e+00  0.000000e+00  5.678323e-02 -6.433006e+01  0.000000e+00 
3  7.664393e+01  4.019314e+01  3.705000e+03  3.857755e-01 6 -1.000000e+00  9.740307e+01 1  12.4613 -2.446866e-02 -3.745815e-01 -1 -1.0000 -1.000000e+00 -1.000000e+00 -1.000000e+00 -1.000000e+00 -1.000000e+00 -1.000000e+00 -1 -1.0000 -1.000000e+00 -1.000000e+00 -1.000000e+00 -1.000000e+00 -1.000000e+00 -1.000000e+00  0  0.5820  1.021999e+12  0.000000e+00  0.000000e+00  1.775240e-02  1.685591e+02  3.289181e+00  1  0.5820  3.734992e+10  0.000000e+00  0.000000e+00  2.999605e-01  1.793915e+02  1.185027e-01  2  0.5820  1.246130e+01  0.000000e+00  0.000000e+00  8.422620e-02  1.109185e+02  0.000000e+00 
3  2.402589e+02  4.124072e+02  6.174000e+03  1.932319e-01 6  2.830507e-01  4.293873e+02 3   8.5294  2.824189e-01  6.983089e-02  0  1.1100  1.914314e+11  0.000000e+00  0.000000e+00  2.799646e-01 -1.582420e+02  1.960191e+01  1  1.1100  3.344403e+09  0.000000e+00  0.000000e+00  2.982627e-01 -9.372565e+01  1.079303e-01  2  1.1100  7.435277e+11  5.149989e+00  1.029275e+00  3.845350e-01 -2.217515e+01  5.667276e+00  3  1.1100  2.204724e+10  5.149989e+00  1.029275e+00  2.064406e-01 -2.617417e+01  5.044053e-02  4  1.1100  8.529350e+00  0.000000e+00  0.000000e+00  2.176073e-01 -3.837651e+01  0.000000e+00 
3  5.952258e+01  2.285299e+01  2.550000e+02  1.282025e-01 6 -1.000000e+00  6.952995e+01 1   3.4909  1.041468e-01 -9.617749e-02 -1 -1.0000 -1.000000e+00 -1.000000e+00 -1.000000e+00 -1.000000e+00 -1.000000e+00 -1.000000e+00 -1 -1.0000 -1.000000e+00 -1.000000e+00 -1.000000e+00 -1.000000e+00 -1.000000e+00 -1.000000e+00  0  2.6030  1.069806e+12  0.000000e+00  0.000000e+00  5.603964e-01 -3.794227e+01  4.998327e+00  1  2.6030  1.821816e+10  0.000000e+00  0.000000e+00  3.865875e-01  5.126822e+01  1.935681e-02  2  2.6030  3.490930e+00  0.000000e+00  0.000000e+00  1.042679e-01 -1.933903e+01  0.000000e+00 
3  1.377372e+02  8.235369e+01  6.754000e+03  4.872052e-01 6 -1.000000e+00  2.065044e+02 1   7.2488  2.073725e-01  2.683959e-01 -1 -1.0000 -1.000000e+00 -1.000000e+00 -1.000000e+00 -1.000000e+00 -1.000000e+00 -1.000000e+00 -1 -1.0000 -1.000000e+00 -1.000000e+00 -1.000000e+00 -1.000000e+00 -1.000000e+00 -1.000000e+00  0  0.3590  8.569682e+11  0.000000e+00  0.000000e+00  1.309820e-01  5.448961e+01  4.385817e+00  1  0.3590  3.098305e+10  0.000000e+00  0.000000e+00  9.672246e-02  4.870221e+01  1.291263e-01  2  0.3590  7.248810e+00  0.000000e+00  0.000000e+00  1.144623e-01 -4.814734e+01  0.000000e+00 
3  3.592387e+02  2.175917e+02  3.260000e+03  3.242882e+00 6  2.843655e-01  5.709243e+02 1   4.8068 -2.878584e+00 -9.043980e+00  0  0.4630  2.416408e+13  0.000000e+00  0.000000e+00  5.622355e-01 -1.331733e+02  1.153908e+01  1  0.4630  1.824460e+11  0.000000e+00  0.000000e+00  2.000052e-01 -1.323197e+02  1.494967e-01  2  0.4630  2.253660e+14 -1.312469e+01 -8.514807e+01  5.935116e-01 -1.649495e+02  2.606101e+00  3  0.4630  6.632335e+11 -1.312469e+01 -8.514807e+01  2.811629e-01 -6.905878e+01  8.372430e-01  4  0.4630  4.806830e+00  0.000000e+00  0.000000e+00  2.447578e-01  1.599355e+02  0.000000e+00 
5  2.588144e+02  3.995832e+02  2.780000e+02  4.141040e-01 6 -1.000000e+00  5.325332e+02 3   6.4180  4.207102e-02  6.426094e-03 -1 -1.0000 -1.000000e+00 -1.000000e+00 -1.000000e+00 -1.000000e+00 -1.000000e+00 -1.000000e+00 -1 -1.0000 -1.000000e+00 -1.000000e+00 -1.000000e+00 -1.000000e+00 -1.000000e+00 -1.000000e+00  0  1.1070  1.372970e+12  0.000000e+00  0.000000e+00  1.929062e-02  6.819783e+01  3.299533e+00  1  1.1070  4.202780e+10  0.000000e+00  0.000000e+00  1.023200e-01 -3.697353e+00  5.028539e-02  2  1.1070  6.418030e+00  0.000000e+00  0.000000e+00  1.334964e-01  1.771450e+02  0.000000e+00 
1  4.024943e+02  7.263872e+02  7.406000e+03  2.560094e+00 0  2.728351e-01  7.263872e+02 2  11.3419 -3.417363e+00 -1.896957e+00  0  1.1370  1.471562e+13  0.000000e+00  0.000000e+00  2.662467e-01  1.447473e+02  8.717544e+00  1  1.1370  1.122360e+11  0.000000e+00  0.000000e+00  4.018983e-01  1.449094e+02  9.481717e-02  2  1.1370  8.195195e+13 -3.225033e+01 -4.296352e+00  2.906756e-01  5.717840e+01  2.443784e+00  3  1.1370  2.308785e+11 -3.225033e+01 -4.296352e+00  8.114884e-02 -3.347086e+01  1.132977e-01  4  1.1370  1.134190e+01  0.000000e+00  0.000000e+00  8.658944e-02 -1.207123e+02  0.000000e+00 
2  1.943401e+02  1.054940e+02  1.646000e+03  9.258946e-01 6  2.769661e-01  4.924498e+02 2   6.2492 -3.717221e-01 -7.777138e-01  0  1.5200  1.447994e+12  0.000000e+00  0.000000e+00  4.530754e-01  1.057471e+02  1.179292e+01  1  1.5200  6.120218e+10  0.000000e+00  0.000000e+00  4.528825e-01  9.134961e+01  3.093932e-02  2  1.5200  9.208201e+12 -2.238905e+01 -1.903990e+01  2.990835e-01 -6.939126e+01  3.496954e+00  3  1.5200  8.946106e+10 -2.238905e+01 -1.903990e+01  3.417911e-01  4.211807e+00  5.856120e-02  4  1.5200  6.249240e+00  0.000000e+00  0.000000e+00  1.176179e-01  4.835383e+01  0.000000e+00 
3  3.280882e+02  1.232621e+02  3.105000e+03  7.063545e-01 6  2.998109e-01  3.892050e+02 1   4.4610  4.011377e-01 -1.707769e+00  0  0.5710  7.864994e+11  0.000000e+00  0.000000e+00  3.797884e-01 -8.435284e+01  1.275426e+01  1  0.5710  5.170075e+10  0.000000e+00  0.000000e+00  1.361109e-01 -1.078563e+02  1.230962e-01  2  0.5710  9.119589e+12  2.776758e+01 -5.713310e+01  3.062231e-01  4.441728e+01  7.065059e+00  3  0.5710  1.657659e+11  2.776758e+01 -5.713310e+01  3.537346e-01  2.050782e+01  2.555968e-01  4  0.5710  4.460950e+00  0.000000e+00  0.000000e+00  7.190466e-02 -5.533699e+01  0.000000e+00 
3  7.486007e+01  5.820883e+01  5.180000e+02  5.188438e-01 6 -1.000000e+00  1.054507e+02 1  19.3281  2.143624e-01 -2.257498e-01 -1 -1.0000 -1.000000e+00 -1.000000e+00 -1.000000e+00 -1.000000e+00 -1.000000e+00 -1.000000e+00 -1 -1.0000 -1.000000e+00 -1.000000e+00 -1.000000e+00 -1.000000e+00 -1.000000e+00 -1.000000e+00  0  0.6040  2.304593e+12  0.000000e+00  0.000000e+00  1.472204e-01  1.598208e+02  7.039242e+00  1  0.6040  7.561428e+10  0.000000e+00  0.000000e+00  6.156597e-01  1.879636e+02  2.031882e-01  2  0.6040  1.932810e+01  0.000000e+00  0.000000e+00  1.120092e-01 -1.675932e+01  0.000000e+00 
3  4.499022e+02  3.846990e+02  2.377000e+03  6.213990e-01 6 -1.000000e+00  5.857713e+02 1   2.8672  1.441395e-01 -1.186466e-01 -1 -1.0000 -1.000000e+00 -1.000000e+00 -1.000000e+00 -1.000000e+00 -1.000000e+00 -1.000000e+00 -1 -1.0000 -1.000000e+00 -1.000000e+00 -1.000000e+00 -1.000000e+00 -1.000000e+00 -1.000000e+00  0  0.9460  1.672090e+12  0.000000e+00  0.000000e+00  4.576655e-01  1.440266e+02  4.231142e+00  1  0.9460  5.790804e+10  0.000000e+00  0.000000e+00  6.256009e-01  9.541431e+01  1.528738e-01  2  0.9460  2.867190e+00  0.000000e+00  0.000000e+00  3.881566e-02 -4.795383e+01  0.000000e+00 
3  1.585163e+02  7.662167e+01  1.200000e+01  5.068519e-01 6 -1.000000e+00  1.945890e+02 1  10.3068 -4.973609e-01  3.656986e-01 -1 -1.0000 -1.000000e+00 -1.000000e+00 -1.000000e+00 -1.000000e+00 -1.000000e+00 -1.000000e+00 -1 -1.0000 -1.000000e+00 -1.000000e+00 -1.000000e+00 -1.000000e+00 -1.000000e+00 -1.000000e+00  0  0.9680  1.871064e+12  0.000000e+00  0.000000e+00  3.180521e-01 -1.769192e+02  6.957187e+00  1  0.9680  5.617391e+10  0.000000e+00  0.000000e+00  4.641268e-01 -1.856966e+02  4.911301e-02  2  0.9680  1.030680e+01  0.000000e+00  0.000000e+00  2.037549e-01 -1.250751e+01  0.000000e+00 
3  1.911416e+02  9.490377e+01  3.096000e+03  8.473813e-01 6 -1.000000e+00  2.299060e+02 1   9.3850 -1.000263e+00 -2.284170e-01 -1 -1.0000 -1.000000e+00 -1.000000e+00 -1.000000e+00 -1.000000e+00 -1.000000e+00 -1.000000e+00 -1 -1.0000 -1.000000e+00 -1.000000e+00 -1.000000e+00 -1.000000e+00 -1.000000e+00 -1.000000e+00  0  1.2370  5.835207e+12  0.000000e+00  0.000000e+00  5.203479e-01  1.765681e+02  4.118974e+00  1  1.2370  1.474324e+11  0.000000e+00  0.000000e+00  3.229474e-01  2.100093e+02  9.468952e-02  2  1.2370  9.384980e+00  0.000000e+00  0.000000e+00  1.530871e-01 -4.814702e+00  0.000000e+00 
3  4.083715e+01  5.903009e+01  2.372000e+03  2.774098e+00 6  3.038619e-01  6.130590e+01 1   5.2136  1.219331e+01  7.110085e+00  0  0.3980  6.278232e+12  0.000000e+00  0.000000e+00  5.437735e-02  1.079346e+01  2.964048e+01  1  0.3980  8.966594e+10  0.000000e+00  0.000000e+00  1.494042e-01  2.837416e+01  2.308709e-01  2  0.3980  3.442463e+14  1.241985e+02  4.749552e+01  4.880417e-01 -1.101335e+02  7.111635e+00  3  0.3980  7.008868e+11  1.241985e+02  4.749552e+01  4.190338e-01 -1.476367e+02  9.799889e-01  4  0.3980  5.213620e+00  0.000000e+00  0.000000e+00  1.688386e-01 -1.415646e+02  0.000000e+00 
3  1.098415e+01  5.727943e+00  1.404000e+03  4.318218e-01 6 -1.000000e+00  1.456911e+01 1  17.1301  3.471346e-01  2.138762e-01 -1 -1.0000 -1.000000e+00 -1.000000e+00 -1.000000e+00 -1.000000e+00 -1.000000e+00 -1.000000e+00 -1 -1.0000 -1.000000e+00 -1.000000e+00 -1.000000e+00 -1.000000e+00 -1.000000e+00 -1.000000e+00  0  0.5060  7.296072e+11  0.000000e+00  0.000000e+00  2.691303e-01  4.680490e+01  8.865465e+00  1  0.5060  2.503339e+10  0.000000e+00  0.000000e+00  1.113886e-01  3.681376e+01  1.279340e-01  2  0.5060  1.713010e+01  0.000000e+00  0.000000e+00  2.317212e-02 -4.422604e+01  0.000000e+00 
1  4.087345e+02  7.081080e+02  9.007000e+03  4.022983e-01 0 -1.000000e+00  7.081080e+02 2  10.9986 -7.717328e-01  9.166965e-01 -1 -1.0000 -1.000000e+00 -1.000000e+00 -1.000000e+00 -1.000000e+00 -1.000000e+00 -1.000000e+00 -1 -1.0000 -1.000000e+00 -1.000000e+00 -1.000000e+00 -1.000000e+00 -1.000000e+00 -1.000000e+00  0  1.1920  1.471568e+12  0.000000e+00  0.000000e+00  3.404820e-01  2.582845e+01  5.788305e+00  1  1.1920  3.547257e+10  0.000000e+00  0.000000e+00  2.811545e-01  4.677368e+01  1.572113e-01  2  1.1920  1.099860e+01  0.000000e+00  0.000000e+00  3.042094e-01 -1.386314e+02  0.000000e+00 
3  2.164028e+01  1.915021e+01  8.358000e+03  1.900665e-01 6 -1.000000e+00  3.071336e+01 1   7.5764  4.294640e-02  1.113591e-01 -1 -1.0000 -1.000000e+00 -1.000000e+00 -1.000000e+00 -1.000000e+00 -1.000000e+00 -1.000000e+00 -1 -1.0000 -1.000000e+00 -1.000000e+00 -1.000000e+00 -1.000000e+00 -1.000000e+00 -1.000000e+00  0  1.3570  4.352793e+11  0.000000e+00  0.000000e+00  1.495644e-01 -1.352793e+02  6.960624e+00  1  1.3570  7.089691e+09  0.000000e+00  0.000000e+00  1.487166e-01 -1.176977e+02  4.204823e-02  2  1.3570  7.576430e+00  0.000000e+00  0.000000e+00  1.012169e-01 -9.074292e+01  0.000000e+00 
3  1.585163e+02  2.165372e+02  1.200000e+01  2.841553e-01 6  2.704476e-01  2.496915e+02 1  10.3068  2.090747e-01  8.968428e-03  0  2.8270  2.143986e+11  0.000000e+00  0.000000e+00  2.846815e-01  1.438877e+02  2.535934e+01  1  2.8270  2.318274e+09  0.000000e+00  0.000000e+00  9.527882e-02  1.512222e+02  7.006477e-02  2  2.8270  5.655323e+11  1.876987e+00 -5.869403e-01  1.167434e-01 -1.748109e+02  2.746980e+00  3  2.8270  6.519212e+09  1.876987e+00 -5.869403e-01  5.497575e-01 -2.037444e+02  6.755014e-02  4  2.8270  1.030680e+01  0.000000e+00  0.000000e+00  1.591252e-01 -8.142572e+01  0.000000e+00 
3  4.809864e+01  1.988182e+01  7.690000e+03  5.940609e-01 6 -1.000000e+00  8.658856e+01 2  16.4345  3.268847e-01 -1.227919e-01 -1 -1.0000 -1.000000e+00 -1.000000e+00 -1.000000e+00 -1.000000e+00 -1.000000e+00 -1.000000e+00 -1 -1.0000 -1.000000e+00 -1.000000e+00 -1.000000e+00 -1.000000e+00 -1.000000e+00 -1.000000e+00  0  1.2860  1.115566e+12  0.000000e+00  0.000000e+00  5.039217e-01  6.137506e+01  8.679212e+00  1  1.2860  2.376610e+10  0.000000e+00  0.000000e+00  4.684849e-01  9.159084e+01  7.950428e-02  2  1.2860  1.643450e+01  0.000000e+00  0.000000e+00  6.714428e-02  1.768966e+02  0.000000e+00 
1  2.529252e+01  6.552625e+01  1.589000e+03  5.209159e-01 0 -1.000000e+00  6.552625e+01 2  11.3973  4.509458e-02 -5.503315e-01 -1 -1.0000 -1.000000e+00 -1.000000e+00 -1.000000e+00 -1.000000e+00 -1.000000e+00 -1.000000e+00 -1 -1.0000 -1.000000e+00 -1.000000e+00 -1.000000e+00 -1.000000e+00 -1.000000e+00 -1.000000e+00  0  2.6750  3.857161e+12  0.000000e+00  0.000000e+00  2.210469e-01  1.683384e+01  3.581254e+00  1  2.6750  7.036627e+10  0.000000e+00  0.000000e+00  2.816198e-01 -3.884577e+01  1.791777e-01  2  2.6750  1.139730e+01  0.000000e+00  0.000000e+00  1.836956e-01  6.415705e+00  0.000000e+00 
3  2.922884e+02  1.934720e+02  1.679000e+03  2.825332e-01 6 -1.000000e+00  3.918953e+02 1  12.1320  7.598753e-02  2.239823e-01 -1 -1.0000 -1.000000e+00 -1.000000e+00 -1.000000e+00 -1.000000e+00 -1.000000e+00 -1.000000e+00 -1 -1.0000 -1.000000e+00 -1.000000e+00 -1.000000e+00 -1.000000e+00 -1.000000e+00 -1.000000e+00  0  0.4860  3.675166e+11  0.000000e+00  0.000000e+00  2.737945e-01  3.833277e+01  1.391497e+01  1  0.4860  1.041531e+10  0.000000e+00  0.000000e+00  3.071081e-01  2.171145e+01  7.242786e-02  2  0.4860  1.213200e+01  0.000000e+00  0.000000e+00  5.539886e-02 -1.126772e+02  0.000000e+00 
3  3.061701e+01  4.720358e+01  7.880000e+02  7.902456e-01 6  2.937260e-01  5.058443e+01 1   7.2849 -5.858282e-01 -2.207823e+00  0  1.0480  8.749280e+11  0.000000e+00  0.000000e+00  1.170510e-01 -1.153643e+02  1.514473e+01  1  1.0480  4.056433e+10  0.000000e+00  0.000000e+00  1.944748e-01 -1.038790e+02  1.338350e-01  2  1.0480  2.571499e+13 -2.884125e+00 -7.393177e+00  3.836843e-01  1.267094e+02  4.393579e+00  3  1.0480  1.401263e+11 -2.884125e+00 -7.393177e+00  2.991137e-01  1.359384e+02  1.298023e-01  4  1.0480  7.284900e+00  0.000000e+00  0.000000e+00  1.272605e-01  1.327469e+02  0.000000e+00 
1  7.404871e+01  2.187953e+02  2.160000e+02  1.634604e+00 0 -1.000000e+00  2.187953e+02 2   8.5297 -7.805135e-01  1.641957e+00 -1 -1.0000 -1.000000e+00 -1.000000e+00 -1.000000e+00 -1.000000e+00 -1.000000e+00 -1.000000e+00 -1 -1.0000 -1.000000e+00 -1.000000e+00 -1.000000e+00 -1.000000e+00 -1.000000e+00 -1.000000e+00  0  1.1920  4.890449e+13  0.000000e+00  0.000000e+00  4.622554e-01 -1.478120e+02  3.396417e+00  1  1.1920  1.514087e+11  0.000000e+00  0.000000e+00  2.270038e-01 -1.517765e+02  1.491122e-01  2  1.1920  8.529680e+00  0.000000e+00  0.000000e+00  7.731370e-02  1.653298e+02  0.000000e+00 
1  2.477665e+01  4.730880e+01  9.336000e+03  1.352338e-02 0 -1.000000e+00  4.730880e+01 2   7.2847  2.034166e-05 -3.770428e-03 -1 -1.0000 -1.000000e+00 -1.000000e+00 -1.000000e+00 -1.000000e+00 -1.000000e+00 -1.000000e+00 -1 -1.0000 -1.000000e+00 -1.000000e+00 -1.000000e+00 -1.000000e+00 -1.000000e+00 -1.000000e+00  0  1.9380  1.073684e+11  0.000000e+00  0.000000e+00  1.616800e-01 -9.542433e+00  6.376030e+00  1  1.9380  2.333345e+08  0.000000e+00  0.000000e+00  4.446614e-01 -4.747180e+01  3.259551e-02  2  1.9380  7.284750e+00  0.000000e+00  0.000000e+00  1.711863e-01 -7.421088e+01  0.000000e+00 
1  1.117461e+02  2.197785e+02  4.943000e+03  1.578412e+00 0 -1.000000e+00  2.197785e+02 2   5.2135 -4.436508e-01 -1.382321e+00 -1 -1.0000 -1.000000e+00 -1.000000e+00 -1.000000e+00 -1.000000e+00 -1.000000e+00 -1.000000e+00 -1 -1.0000 -1.000000e+00 -1.000000e+00 -1.000000e+00 -1.000000e+00 -1.000000e+00 -1.000000e+00  0  0.7980  1.160767e+13  0.000000e+00  0.000000e+00  4.577640e-01 -1.533815e+01  1.082443e+01  1  0.7980  1.895113e+11  0.000000e+00  0.000000e+00  4.068890e-01  8.399661e+00  3.214979e-01  2  0.7980  5.213520e+00  0.000000e+00  0.000000e+00  1.144009e-01 -9.000502e+01  0.000000e+00 
3  1.024073e+02  6.989963e+01  6.558000e+03  7.436453e-02 6 -1.000000e+00  1.711310e+02 1   3.0953  2.274755e-02 -4.399810e-02 -1 -1.0000 -1.000000e+00 -1.000000e+00 -1.000000e+00 -1.000000e+00 -1.000000e+00 -1.000000e+00 -1 -1.0000 -1.000000e+00 -1.000000e+00 -1.000000e+00 -1.000000e+00 -1.000000e+00 -1.000000e+00  0  2.1810  6.650256e+11  0.000000e+00  0.000000e+00  2.341103e-01 -1.597385e+02  4.110842e+00  1  2.1810  9.027490e+09  0.000000e+00  0.000000e+00  2.972722e-01 -1.596921e+02  3.156807e-02  2  2.1810  3.095340e+00  0.000000e+00  0.000000e+00  4.752422e-02 -1.055186e+02  0.000000e+00 
3  1.452221e+01  1.175892e+01  5.083000e+03  2.722392e+00 6  2.988429e-01  2.203310e+01 1  15.5336  3.563536e+00  1.870728e-01  0  0.2900  4.823937e+12  0.000000e+00  0.000000e+00  2.282832e-02  1.407726e+02  3.227192e+01  1  0.2900  9.227517e+10  0.000000e+00  0.000000e+00  2.356466e-01  9.672591e+01  2.456391e-01  2  0.2900  4.932944e+13  8.713833e+01  4.021502e+01  1.233760e-01 -1.336918e+02  3.711829e+00  3  0.2900  2.549295e+11  8.713833e+01  4.021502e+01  2.135192e-01 -1.912648e+02  9.913776e-01  4  0.2900  1.553360e+01  0.000000e+00  0.000000e+00  3.173466e-02  4.910826e+01  0.000000e+00 
3  1.485436e+02  9.528655e+01  9.322000e+03  4.179340e-01 6 -1.000000e+00  2.032077e+02 1   9.9226  1.827180e-01 -2.424460e-01 -1 -1.0000 -1.000000e+00 -1.000000e+00 -1.000000e+00 -1.000000e+00 -1.000000e+00 -1.000000e+00 -1 -1.0000 -1.000000e+00 -1.000000e+00 -1.000000e+00 -1.000000e+00 -1.000000e+00 -1.000000e+00  0  1.3980  1.232244e+12  0.000000e+00  0.000000e+00  1.831369e-01  6.973249e+01  5.940887e+00  1  1.3980  2.820387e+10  0.000000e+00  0.000000e+00  9.912489e-02  1.175332e+02  6.979131e-02  2  1.3980  9.922610e+00  0.000000e+00  0.000000e+00  1.502494e-01 -7.427357e+01  0.000000e+00 
3  4.794920e+02  2.751601e+02  4.133000e+03  8.034745e-01 6  3.091987e-01  6.448746e+02 1   4.6131 -5.162647e-01  2.281949e+00  0  0.6010  6.573207e+11  0.000000e+00  0.000000e+00  4.684086e-01 -1.064423e+02  2.048413e+01  1  0.6010  3.485957e+10  0.000000e+00  0.000000e+00  4.216295e-01 -8.339263e+01  1.302340e-01  2  0.6010  2.385537e+13  3.328089e+00  7.546255e+01  6.210741e-01  1.633507e+02  5.749429e+00  3  0.6010  2.360924e+11  3.328089e+00  7.546255e+01  3.980493e-01  1.538727e+02  4.546189e-01  4  0.6010  4.613100e+00  0.000000e+00  0.000000e+00  5.534615e-02 -1.074161e+02  0.000000e+00 
1  4.101319e+02  7.372076e+02  2.280000e+02  5.752783e+00 0 -1.000000e+00  7.372076e+02 2   4.0601  2.012757e+00  4.378414e+00 -1 -1.0000 -1.000000e+00 -1.000000e+00 -1.000000e+00 -1.000000e+00 -1.000000e+00 -1.000000e+00 -1 -1.0000 -1.000000e+00 -1.000000e+00 -1.000000e+00 -1.000000e+00 -1.000000e+00 -1.000000e+00  0  0.7520  1.780316e+14  0.000000e+00  0.000000e+00  2.933874e-01 -4.501427e+01  4.883559e+00  1  0.7520  5.130793e+11  0.000000e+00  0.000000e+00  8.878989e-02 -4.143802e+01  6.114422e-01  2  0.7520  4.060100e+00  0.000000e+00  0.000000e+00  5.880615e-02 -1.095142e+02  0.000000e+00 
3  2.741358e+02  2.508091e+02  5.570000e+02  5.523436e-01 6 -1.000000e+00  5.085766e+02 3   7.7373 -5.854910e-02 -2.503761e-01 -1 -1.0000 -1.000000e+00 -1.000000e+00 -1.000000e+00 -1.000000e+00 -1.000000e+00 -1.000000e+00 -1 -1.0000 -1.000000e+00 -1.000000e+00 -1.000000e+00 -1.000000e+00 -1.000000e+00 -1.000000e+00  0  2.1990  2.591206e+12  0.000000e+00  0.000000e+00  2.239145e-01  1.508155e+01  6.929678e+00  1  2.1990  4.593547e+10  0.000000e+00  0.000000e+00  1.362606e-01 -6.778543e+00  4.180249e-02  2  2.1990  7.737250e+00  0.000000e+00  0.000000e+00  3.368537e-02 -1.422631e+02  0.000000e+00 
3  5.108099e+01  2.433474e+01  2.761000e+03  5.918563e-01 6 -1.000000e+00  6.445482e+01 1  14.4307 -2.968929e-01  5.298089e-01 -1 -1.0000 -1.000000e+00 -1.000000e+00 -1.000000e+00 -1.000000e+00 -1.000000e+00 -1.000000e+00 -1 -1.0000 -1.000000e+00 -1.000000e+00 -1.000000e+00 -1.000000e+00 -1.000000e+00 -1.000000e+00  0  0.5130  1.561713e+12  0.000000e+00  0.000000e+00  1.758196e-01  6.184686e+01  4.932418e+00  1  0.5130  6.147213e+10  0.000000e+00  0.000000e+00  2.133907e-01  1.526070e+01  1.599986e-01  2  0.5130  1.443070e+01  0.000000e+00  0.000000e+00  7.656428e-02  1.024132e+02  0.000000e+00 
3  5.726750e+01  8.491302e+01  2.109000e+03  1.490145e+00 6 -1.000000e+00  9.790081e+01 1   8.0844 -3.005168e-02  4.908697e-01 -1 -1.0000 -1.000000e+00 -1.000000e+00 -1.000000e+00 -1.000000e+00 -1.000000e+00 -1.000000e+00 -1 -1.0000 -1.000000e+00 -1.000000e+00 -1.000000e+00 -1.000000e+00 -1.000000e+00 -1.000000e+00  0  0.5680  2.702688e+13  0.000000e+00  0.000000e+00  1.763528e-01 -1.336172e+02  3.851583e+00  1  0.5680  1.700324e+11  0.000000e+00  0.000000e+00  2.763709e-01 -1.229407e+02  1.718145e-01  2  0.5680  8.084380e+00  0.000000e+00  0.000000e+00  1.824522e-01 -5.622893e+01  0.000000e+00 
2  4.178300e+02  1.197962e+03  7.992000e+03  4.611245e+00 6 -1.000000e+00  1.673640e+03 3   8.5124  4.184860e-01 -6.093392e-02 -1 -1.0000 -1.000000e+00 -1.000000e+00 -1.000000e+00 -1.000000e+00 -1.000000e+00 -1.000000e+00 -1 -1.0000 -1.000000e+00 -1.000000e+00 -1.000000e+00 -1.000000e+00 -1.000000e+00 -1.000000e+00  0  1.0830  7.859657e+13  0.000000e+00  0.000000e+00  2.518775e-01 -1.036059e+01  6.108792e+00  1  1.0830  2.081754e+11  0.000000e+00  0.000000e+00  4.751401e-01 -1.297581e+01  7.723344e-02  2  1.0830  8.512370e+00  0.000000e+00  0.000000e+00  1.636068e-01  7.622512e+01  0.000000e+00 
1  9.446563e+01  1.709840e+02  3.143000e+03  5.115636e+00 0 -1.000000e+00  1.709840e+02 2  15.4603 -9.092429e+00  1.330778e-02 -1 -1.0000 -1.000000e+00 -1.000000e+00 -1.000000e+00 -1.000000e+00 -1.000000e+00 -1.000000e+00 -1 -1.0000 -1.000000e+00 -1.000000e+00 -1.000000e+00 -1.000000e+00 -1.000000e+00 -1.000000e+00  0  1.1310  7.681755e+13  0.000000e+00  0.000000e+00  3.064361e-01  9.390910e+01  4.435021e+00  1  1.1310  2.101867e+11  0.000000e+00  0.000000e+00  4.207929e-01  7.764887e+01  3.029135e-01  2  1.1310  1.546030e+01  0.000000e+00  0.000000e+00  1.328565e-01 -9.245063e+01  0.000000e+00 
3  4.068257e+01  2.172439e+01  1.752000e+03  1.551897e-01 6 -1.000000e+00  5.304935e+01 1   8.8473 -2.547500e-02  1.290189e-01 -1 -1.0000 -1.000000e+00 -1.000000e+00 -1.000000e+00 -1.000000e+00 -1.000000e+00 -1.000000e+00 -1 -1.0000 -1.000000e+00 -1.000000e+00 -1.000000e+00 -1.000000e+00 -1.000000e+00 -1.000000e+00  0  2.4720  8.480709e+11  0.000000e+00  0.000000e+00  4.190836e-01  1.468254e+02  2.639514e+00  1  2.4720  1.115159e+10  0.000000e+00  0.000000e+00  2.964330e-01  1.567649e+02  3.602394e-02  2  2.4720  8.847310e+00  0.000000e+00  0.000000e+00  1.214675e-01 -3.867575e+01  0.000000e+00 
3  1.979314e+02  8.776999e+01  1.700000e+01  1.475466e+00 6 -1.000000e+00  3.596702e+02 2   5.9180 -9.025860e-01  3.543970e-01 -1 -1.0000 -1.000000e+00 -1.000000e+00 -1.000000e+00 -1.000000e+00 -1.000000e+00 -1.000000e+00 -1 -1.0000 -1.000000e+00 -1.000000e+00 -1.000000e+00 -1.000000e+00 -1.000000e+00 -1.000000e+00  0  0.6990  7.003923e+12  0.000000e+00  0.000000e+00  3.800571e-01 -1.139059e+02  1.043882e+01  1  0.6990  1.175979e+11  0.000000e+00  0.000000e+00  3.030319e-01 -1.488597e+02  1.666747e-01  2  0.6990  5.917990e+00  0.000000e+00  0.000000e+00  8.911175e-02  3.093225e+01  0.000000e+00 
1  2.229953e+02  3.942588e+02  1.586000e+03  1.835546e-01 0  3.036235e-01  3.942588e+02 2   6.4314 -1.062538e-01 -6.191175e-01  0  0.7800  1.659210e+11  0.000000e+00  0.000000e+00  2.386879e-01 -8.415663e+01  1.846782e+01  1  0.7800  2.745808e+09  0.000000e+00  0.000000e+00  1.547521e-01 -1.065663e+02  9.598052e-02  2  0.7800  3.431600e+12 -1.287763e+00 -2.442598e+00  1.866895e-01  1.446073e+02  5.792005e+00  3  0.7800  6.281293e+10 -1.287763e+00 -2.442598e+00  5.733868e-02  1.101305e+02  4.014863e-02  4  0.7800  6.431360e+00  0.000000e+00  0.000000e+00  5.990315e-02 -1.041300e+02  0.000000e+00 
3  3.546746e+02  1.823120e+02  6.655000e+03  5.434544e-01 6 -1.000000e+00  4.446619e+02 1  11.3447 -4.124117e-01  1.965215e-01 -1 -1.0000 -1.000000e+00 -1.000000e+00 -1.000000e+00 -1.000000e+00 -1.000000e+00 -1.000000e+00 -1 -1.0000 -1.000000e+00 -1.000000e+00 -1.000000e+00 -1.000000e+00 -1.000000e+00 -1.000000e+00  0  1.1580  1.244294e+12  0.000000e+00  0.000000e+00  1.689495e-01  8.786162e+01  4.375888e+00  1  1.1580  4.449376e+10  0.000000e+00  0.000000e+00  3.204276e-01  1.106728e+02  6.795912e-02  2  1.1580  1.134470e+01  0.000000e+00  0.000000e+00  1.674865e-01 -8.261876e+00  0.000000e+00 
2  6.623893e+01  1.059486e+02  3.320000e+02  2.660377e+00 6 -1.000000e+00  1.146963e+02 1   6.9193 -4.931183e-01 -8.219212e-01 -1 -1.0000 -1.000000e+00 -1.000000e+00 -1.000000e+00 -1.000000e+00 -1.000000e+00 -1.000000e+00 -1 -1.0000 -1.000000e+00 -1.000000e+00 -1.000000e+00 -1.000000e+00 -1.000000e+00 -1.000000e+00  0  1.1920  2.069746e+13  0.000000e+00  0.000000e+00  3.457666e-01  7.079021e+01  7.598288e+00  1  1.1920  1.484284e+11  0.000000e+00  0.000000e+00  2.516287e-01  5.134833e+01  8.963063e-02  2  1.1920  6.919280e+00  0.000000e+00  0.000000e+00  1.526345e-01 -1.782584e+02  0.000000e+00 
3  3.035286e+02  4.826734e+02  5.559000e+03  4.600065e-01 6 -1.000000e+00  6.280391e+02 3   6.6452 -9.765887e-02  7.129564e-02 -1 -1.0000 -1.000000e+00 -1.000000e+00 -1.000000e+00 -1.000000e+00 -1.000000e+00 -1.000000e+00 -1 -1.0000 -1.000000e+00 -1.000000e+00 -1.000000e+00 -1.000000e+00 -1.000000e+00 -1.000000e+00  0  0.4130  1.012032e+12  0.000000e+00  0.000000e+00  9.641638e-02 -1.169284e+02  7.861327e+00  1  0.4130  3.532373e+10  0.000000e+00  0.000000e+00  8.660577e-02 -1.470970e+02  2.430340e-01  2  0.4130  6.645170e+00  0.000000e+00  0.000000e+00  2.890121e-02 -5.365614e+01  0.000000e+00 
3  5.968902e+02  4.407217e+02  2.588000e+03  5.440687e-01 6 -1.000000e+00  8.780859e+02 1   3.1244  1.609769e-01  2.306222e-01 -1 -1.0000 -1.000000e+00 -1.000000e+00 -1.000000e+00 -1.000000e+00 -1.000000e+00 -1.000000e+00 -1 -1.0000 -1.000000e+00 -1.000000e+00 -1.000000e+00 -1.000000e+00 -1.000000e+00 -1.000000e+00  0  1.5850  8.631803e+12  0.000000e+00  0.000000e+00  4.325940e-01  9.819108e+01  3.382111e+00  1  1.5850  6.567099e+10  0.000000e+00  0.000000e+00  3.485840e-01  8.648537e+01  5.582488e-02  2  1.5850  3.124450e+00  0.000000e+00  0.000000e+00  5.349655e-02  3.007130e+01  0.000000e+00 
3  4.320512e+01  3.798779e+01  1.942000e+03  7.245497e-01 6 -1.000000e+00  7.300615e+01 1   7.9807 -1.452406e-02 -3.777740e-01 -1 -1.0000 -1.000000e+00 -1.000000e+00 -1.000000e+00 -1.000000e+00 -1.000000e+00 -1.000000e+00 -1 -1.0000 -1.000000e+00 -1.000000e+00 -1.000000e+00 -1.000000e+00 -1.000000e+00 -1.000000e+00  0  2.5810  2.669994e+12  0.000000e+00  0.000000e+00  3.430776e-01  6.142435e+01  8.339022e+00  1  2.5810  4.586687e+10  0.000000e+00  0.000000e+00  4.050255e-01  5.710023e+01  4.118178e-02  2  2.5810  7.980740e+00  0.000000e+00  0.000000e+00  1.522029e-01 -3.555054e+01  0.000000e+00 
3  8.601428e+01  5.648109e+01  6.340000e+02  6.965817e-01 6 -1.000000e+00  1.277500e+02 1  13.2352  3.150169e-01 -2.891098e-01 -1 -1.0000 -1.000000e+00 -1.000000e+00 -1.000000e+00 -1.000000e+00 -1.000000e+00 -1.000000e+00 -1 -1.0000 -1.000000e+00 -1.000000e+00 -1.000000e+00 -1.000000e+00 -1.000000e+00 -1.000000e+00  0  0.4900  1.504210e+12  0.000000e+00  0.000000e+00  1.173665e-01  4.274533e+00  9.515515e+00  1  0.4900  5.866101e+10  0.000000e+00  0.000000e+00  3.119221e-01 -3.541755e+01  1.415908e-01  2  0.4900  1.323520e+01  0.000000e+00  0.000000e+00  2.020389e-01  2.489065e+01  0.000000e+00 
1  9.146732e+01  1.827021e+02  1.010000e+03  2.005422e-01 0  2.918586e-01  1.827021e+02 2  17.1299  5.390436e-01 -6.068068e-01  0  1.4710  1.831973e+11  0.000000e+00  0.000000e+00  3.902590e-01  4.913957e+01  1.842511e+01  1  1.4710  1.934885e+09  0.000000e+00  0.000000e+00  1.459400e-02  3.184822e+01  5.132783e-02  2  1.4710  5.226739e+12  8.848779e+00 -1.229011e+01  5.347390e-02  1.213267e+02  3.473398e+00  3  1.4710  6.732031e+10  8.848779e+00 -1.229011e+01  3.022324e-01  1.064300e+02  3.888431e-02  4  1.4710  1.712990e+01  0.000000e+00  0.000000e+00  2.295736e-01  8.635221e+00  0.000000e+00 
3  1.540179e+02  7.123180e+01  3.768000e+03  2.056243e+00 6  2.756759e-01  2.049831e+02 1  11.3421  7.498171e-01  4.655088e-01  0  1.1430  5.287094e+12  0.000000e+00  0.000000e+00  1.917353e-01  1.040789e+02  1.712293e+01  1  1.1430  6.855661e+10  0.000000e+00  0.000000e+00  2.572494e-01  6.236146e+01  6.482990e-02  2  1.1430  1.697400e+13  3.254845e+01 -5.726389e-01  6.627783e-01  9.626463e+01  6.093326e+00  3  1.1430  1.269646e+11  3.254845e+01 -5.726389e-01  3.810962e-01  1.051491e+02  1.070091e-01  4  1.1430  1.134210e+01  0.000000e+00  0.000000e+00  2.150225e-01 -9.608643e+01  0.000000e+00 
3  5.617485e+01  3.446121e+01  3.850000e+02  2.714117e-01 6 -1.000000e+00  1.019823e+02 3  16.7158 -1.398319e-01  4.779404e-02 -1 -1.0000 -1.000000e+00 -1.000000e+00 -1.000000e+00 -1.000000e+00 -1.000000e+00 -1.000000e+00 -1 -1.0000 -1.000000e+00 -1.000000e+00 -1.000000e+00 -1.000000e+00 -1.000000e+00 -1.000000e+00  0  1.5800  8.262267e+11  0.000000e+00  0.000000e+00  3.612701e-01  4.659933e+00  2.958979e+00  1  1.5800  1.979312e+10  0.000000e+00  0.000000e+00  2.936315e-01  5.000052e+01  6.710245e-02  2  1.5800  1.671580e+01  0.000000e+00  0.000000e+00  1.809091e-01 -1.107036e+02  0.000000e+00 
1  7.336478e+01  1.292387e+02  2.100000e+01  1.616818e+00 0 -1.000000e+00  1.292387e+02 2   6.4313 -1.740178e+00  2.039901e+00 -1 -1.0000 -1.000000e+00 -1.000000e+00 -1.000000e+00 -1.000000e+00 -1.000000e+00 -1.000000e+00 -1 -1.0000 -1.000000e+00 -1.000000e+00 -1.000000e+00 -1.000000e+00 -1.000000e+00 -1.000000e+00  0  0.4520  6.340015e+13  0.000000e+00  0.000000e+00  3.093862e-01 -1.462739e+02  3.769179e+00  1  0.4520  2.718670e+11  0.000000e+00  0.000000e+00  2.832360e-01 -1.492453e+02  7.756490e-01  2  0.4520  6.431340e+00  0.000000e+00  0.000000e+00  7.006623e-02 -1.668826e+02  0.000000e+00 
3  2.477665e+01  2.887097e+01  9.336000e+03  4.135480e-01 6 -1.000000e+00  3.640507e+01 1   7.2847 -5.300932e-02  9.407674e-02 -1 -1.0000 -1.000000e+00 -1.000000e+00 -1.000000e+00 -1.000000e+00 -1.000000e+00 -1.000000e+00 -1 -1.0000 -1.000000e+00 -1.000000e+00 -1.000000e+00 -1.000000e+00 -1.000000e+00 -1.000000e+00  0  0.9120  1.678182e+12  0.000000e+00  0.000000e+00  2.905050e-01 -3.270953e+01  4.967735e+00  1  0.9120  2.917282e+10  0.000000e+00  0.000000e+00  2.800221e-01  4.649388e+01  5.608892e-02  2  0.9120  7.284750e+00  0.000000e+00  0.000000e+00  1.384816e-01 -2.712836e+01  0.000000e+00 
3  2.922554e+01  3.019204e+01  8.690000e+03  5.392464e-01 6 -1.000000e+00  4.595739e+01 1   4.1191  1.235555e-01  8.654645e-02 -1 -1.0000 -1.000000e+00 -1.000000e+00 -1.000000e+00 -1.000000e+00 -1.000000e+00 -1.000000e+00 -1 -1.0000 -1.000000e+00 -1.000000e+00 -1.000000e+00 -1.000000e+00 -1.000000e+00 -1.000000e+00  0  0.6000  3.078816e+12  0.000000e+00  0.000000e+00  4.423677e-01  1.869425e+01  2.701640e+00  1  0.6000  6.225198e+10  0.000000e+00  0.000000e+00  1.068373e-01 -2.472039e+01  1.438078e-01  2  0.6000  4.119060e+00  0.000000e+00  0.000000e+00  1.173450e-01  1.472468e+02  0.000000e+00 
5  3.724613e+01  7.846170e+01  1.194000e+03  4.523156e+00 6 -1.000000e+00  1.243933e+02 3   9.4320  5.679282e-01  1.461645e-01 -1 -1.0000 -1.000000e+00 -1.000000e+00 -1.000000e+00 -1.000000e+00 -1.000000e+00 -1.000000e+00 -1 -1.0000 -1.000000e+00 -1.000000e+00 -1.000000e+00 -1.000000e+00 -1.000000e+00 -1.000000e+00  0  0.6180  7.654463e+13  0.000000e+00  0.000000e+00  1.626793e-01  1.017279e+02  5.802243e+00  1  0.6180  2.966117e+11  0.000000e+00  0.000000e+00  4.137680e-01  1.021258e+02  3.049034e-01  2  0.6180  9.431970e+00  0.000000e+00  0.000000e+00  2.405045e-01 -1.565967e+02  0.000000e+00 
3  2.435001e+01  1.773133e+01  6.105000e+03  2.682630e+00 6  2.770557e-01  3.546733e+01 1  16.9243  4.115492e-01 -3.348683e+00  0  0.7580  1.335539e+13  0.000000e+00  0.000000e+00  4.164613e-01 -1.587139e+02  1.064324e+01  1  0.7580  1.001646e+11  0.000000e+00  0.000000e+00  4.099844e-01 -1.431543e+02  9.138946e-02  2  0.7580  3.694483e+13  4.889411e+00 -1.624768e+01  4.857901e-01  1.593770e+02  4.747796e+00  3  0.7580  1.684397e+11  4.889411e+00 -1.624768e+01  1.979536e-01  1.908650e+02  2.304970e-01  4  0.7580  1.692430e+01  0.000000e+00  0.000000e+00  8.464389e-02 -1.090780e+02  0.000000e+00 
1  5.239483e+01  9.360731e+01  4.100000e+01  3.447864e+00 0 -1.000000e+00  9.360731e+01 2   6.5910  4.220016e+00 -9.882730e-01 -1 -1.0000 -1.000000e+00 -1.000000e+00 -1.000000e+00 -1.000000e+00 -1.000000e+00 -1.000000e+00 -1 -1.0000 -1.000000e+00 -1.000000e+00 -1.000000e+00 -1.000000e+00 -1.000000e+00 -1.000000e+00  0  1.1090  3.255250e+13  0.000000e+00  0.000000e+00  4.296833e-01  9.254786e+01  6.722870e+00  1  1.1090  9.922516e+10  0.000000e+00  0.000000e+00  1.589177e-01  8.070309e+01  4.112427e-02  2  1.1090  6.591020e+00  0.000000e+00  0.000000e+00  9.538886e-02 -1.367637e+02  0.000000e+00 
3  4.066713e+01  4.188860e+01  8.730000e+02  2.541335e+00 6 -1.000000e+00  7.120030e+01 3  10.1767  4.901308e-01 -9.701091e-01 -1 -1.0000 -1.000000e+00 -1.000000e+00 -1.000000e+00 -1.000000e+00 -1.000000e+00 -1.000000e+00 -1 -1.0000 -1.000000e+00 -1.000000e+00 -1.000000e+00 -1.000000e+00 -1.000000e+00 -1.000000e+00  0  1.4980  2.250288e+13  0.000000e+00  0.000000e+00  2.453768e-01 -3.830753e+01  6.233955e+00  1  1.4980  1.479548e+11  0.000000e+00  0.000000e+00  4.626177e-01 -8.022128e+01  8.900859e-02  2  1.4980  1.017670e+01  0.000000e+00  0.000000e+00  5.812099e-02  2.973459e+00  0.000000e+00 
1  1.154130e+02  2.104938e+02  3.876000e+03  1.251744e-01 0 -1.000000e+00  2.104938e+02 2  12.5937  1.683824e-01  3.409567e-02 -1 -1.0000 -1.000000e+00 -1.000000e+00 -1.000000e+00 -1.000000e+00 -1.000000e+00 -1.000000e+00 -1 -1.0000 -1.000000e+00 -1.000000e+00 -1.000000e+00 -1.000000e+00 -1.000000e+00 -1.000000e+00  0  2.5230  4.477661e+11  0.000000e+00  0.000000e+00  3.130024e-01  5.880933e+01  4.571381e+00  1  2.5230  3.361612e+09  0.000000e+00  0.000000e+00  7.153728e-02  6.154090e+01  2.123311e-02  2  2.5230  1.259370e+01  0.000000e+00  0.000000e+00  2.805384e-01  1.004286e+02  0.000000e+00 
1  9.216422e+01  1.775071e+02  4.820000e+02  2.202710e-01 0 -1.000000e+00  1.775071e+02 2  10.7032 -2.482155e-01  1.449037e-01 -1 -1.0000 -1.000000e+00 -1.000000e+00 -1.000000e+00 -1.000000e+00 -1.000000e+00 -1.000000e+00 -1 -1.0000 -1.000000e+00 -1.000000e+00 -1.000000e+00 -1.000000e+00 -1.000000e+00 -1.000000e+00  0  0.2650  9.342364e+11  0.000000e+00  0.000000e+00  2.362003e-01  4.686218e+01  1.103868e+01  1  0.2650  2.953584e+10  0.000000e+00  0.000000e+00  4.334405e-01  6.297228e+01  9.102352e-01  2  0.2650  1.070320e+01  0.000000e+00  0.000000e+00  2.300327e-01 -1.086874e+02  0.000000e+00 
4  1.966713e+01  3.859690e+01  1.840000e+03  1.698567e+00 6 -1.000000e+00  9.951413e+01 3  12.4615 -2.458675e-01 -2.385180e-01 -1 -1.0000 -1.000000e+00 -1.000000e+00 -1.000000e+00 -1.000000e+00 -1.000000e+00 -1.000000e+00 -1 -1.0000 -1.000000e+00 -1.000000e+00 -1.000000e+00 -1.000000e+00 -1.000000e+00 -1.000000e+00  0  0.9300  1.846963e+13  0.000000e+00  0.000000e+00  3.483410e-01 -3.728701e+01  6.771992e+00  1  0.9300  9.805491e+10  0.000000e+00  0.000000e+00  3.207287e-01  3.254843e+00  5.173011e-02  2  0.9300  1.246150e+01  0.000000e+00  0.000000e+00  3.284531e-01  5.949258e+01  0.000000e+00 
1  9.538496e+01  1.768561e+02  5.646000e+03  2.405052e+00 0 -1.000000e+00  1.768561e+02 2  11.2557  4.103546e+00  9.021188e-01 -1 -1.0000 -1.000000e+00 -1.000000e+00 -1.000000e+00 -1.000000e+00 -1.000000e+00 -1.000000e+00 -1 -1.0000 -1.000000e+00 -1.000000e+00 -1.000000e+00 -1.000000e+00 -1.000000e+00 -1.000000e+00  0  1.5210  1.655529e+13  0.000000e+00  0.000000e+00  4.586604e-01 -7.775333e+01  6.132049e+00  1  1.5210  1.450732e+11  0.000000e+00  0.000000e+00  2.969343e-01 -1.351230e+02  1.141256e-01  2  1.5210  1.125570e+01  0.000000e+00  0.000000e+00  1.510783e-01  9.450502e+01  0.000000e+00 
5  6.883711e+01  1.823558e+02  6.512000e+03  4.883234e-01 6 -1.000000e+00  3.205966e+02 3  11.3443  1.794206e-02 -3.826664e-02 -1 -1.0000 -1.000000e+00 -1.000000e+00 -1.000000e+00 -1.000000e+00 -1.000000e+00 -1.000000e+00 -1 -1.0000 -1.000000e+00 -1.000000e+00 -1.000000e+00 -1.000000e+00 -1.000000e+00 -1.000000e+00  0  1.6660  2.140649e+12  0.000000e+00  0.000000e+00  2.147256e-01 -1.679372e+02  2.331616e+00  1  1.6660  5.307944e+10  0.000000e+00  0.000000e+00  2.809736e-01 -1.292613e+02  3.311495e-02  2  1.6660  1.134430e+01  0.000000e+00  0.000000e+00  3.365363e-02 -1.292425e+02  0.000000e+00 
3  7.214641e+01  3.206893e+01  5.343000e+03  1.350471e+00 6  2.721303e-01  1.278566e+02 2   8.2554  1.715321e+00 -5.622727e-01  0  1.6810  2.389036e+12  0.000000e+00  0.000000e+00  2.177146e-01 -7.670388e+01  1.641399e+01  1  1.6810  8.897049e+10  0.000000e+00  0.000000e+00  3.000363e-01 -5.363739e+01  7.687045e-02  2  1.6810  2.802807e+13  1.154312e+01 -4.263960e+00  8.611286e-02  4.499896e+01  3.314488e+00  3  1.6810  1.003285e+11  1.154312e+01 -4.263960e+00  4.291660e-01  3.451431e+01  4.041029e-02  4  1.6810  8.255380e+00  0.000000e+00  0.000000e+00  6.643987e-02 -8.574480e+01  0.000000e+00 
3  3.294927e+01  2.310236e+01  3.700000e+02  5.525985e-01 6 -1.000000e+00  5.825195e+01 3   5.3583 -3.184094e-01  1.433380e-01 -1 -1.0000 -1.000000e+00 -1.000000e+00 -1.000000e+00 -1.000000e+00 -1.000000e+00 -1.000000e+00 -1 -1.0000 -1.000000e+00 -1.000000e+00 -1.000000e+00 -1.000000e+00 -1.000000e+00 -1.000000e+00  0  1.1600  1.979456e+12  0.000000e+00  0.000000e+00  2.133955e-01 -1.376559e+02  5.218076e+00  1  1.1600  8.478719e+10  0.000000e+00  0.000000e+00  5.742764e-02 -1.818719e+02  1.933839e-01  2  1.1600  5.358340e+00  0.000000e+00  0.000000e+00  1.118839e-01 -8.592245e+01  0.000000e+00 
1  8.731948e+01  1.803793e+02  9.170000e+02  4.364828e-02 0 -1.000000e+00  1.803793e+02 2  13.9068  9.687433e-03  5.910918e-02 -1 -1.0000 -1.000000e+00 -1.000000e+00 -1.000000e+00 -1.000000e+00 -1.000000e+00 -1.000000e+00 -1 -1.0000 -1.000000e+00 -1.000000e+00 -1.000000e+00 -1.000000e+00 -1.000000e+00 -1.000000e+00  0  2.0450  1.330013e+11  0.000000e+00  0.000000e+00  3.099898e-01 -1.727307e+02  8.923177e+00  1  2.0450  5.180064e+08  0.000000e+00  0.000000e+00  2.768756e-01 -1.756862e+02  3.425384e-02  2  2.0450  1.390680e+01  0.000000e+00  0.000000e+00  9.106088e-02 -4.968198e+00  0.000000e+00 
1  3.716952e+01  6.485275e+01  1.442000e+03  5.617609e-02 0  2.757209e-01  6.485275e+01 2  13.9054  4.880260e-02 -2.414808e-01  0  2.4020  6.058916e+10  0.000000e+00  0.000000e+00  7.976217e-02  1.241860e+02  1.324708e+01  1  2.4020  2.447864e+08  0.000000e+00  0.000000e+00  3.838997e-01  8.969063e+01  2.156929e-02  2  2.4020  5.108920e+11  1.501036e+00 -7.715138e+00  2.937749e-01 -1.405397e+02  4.366100e+00  3  2.4020  5.021513e+09  1.501036e+00 -7.715138e+00  2.728612e-01 -1.125053e+02  2.541412e-02  4  2.4020  1.390540e+01  0.000000e+00  0.000000e+00  1.906737e-02 -1.594914e+02  0.000000e+00 
1  2.253451e+02  4.957850e+02  6.225000e+03  1.729450e+00 0 -1.000000e+00  4.957850e+02 2   9.3853 -5.885595e-01 -2.358908e+00 -1 -1.0000 -1.000000e+00 -1.000000e+00 -1.000000e+00 -1.000000e+00 -1.000000e+00 -1.000000e+00 -1 -1.0000 -1.000000e+00 -1.000000e+00 -1.000000e+00 -1.000000e+00 -1.000000e+00 -1.000000e+00  0  2.6040  4.138332e+13  0.000000e+00  0.000000e+00  2.257120e-01  1.373812e+02  2.937709e+00  1  2.6040  1.057010e+11  0.000000e+00  0.000000e+00  2.356815e-01  1.496198e+02  4.058732e-02  2  2.6040  9.385290e+00  0.000000e+00  0.000000e+00  1.766025e-01  1.668917e+02  0.000000e+00 
3  1.100165e+02  6.230695e+01  3.283000e+03  1.111670e+00 6 -1.000000e+00  2.368093e+02 2   7.0962 -8.218400e-02  7.408535e-01 -1 -1.0000 -1.000000e+00 -1.000000e+00 -1.000000e+00 -1.000000e+00 -1.000000e+00 -1.000000e+00 -1 -1.0000 -1.000000e+00 -1.000000e+00 -1.000000e+00 -1.000000e+00 -1.000000e+00 -1.000000e+00  0  1.2050  1.696558e+13  0.000000e+00  0.000000e+00  3.510894e-01 -1.447303e+02  4.106810e+00  1  1.2050  1.463879e+11  0.000000e+00  0.000000e+00  2.283411e-01 -1.832305e+02  1.047450e-01  2  1.2050  7.096170e+00  0.000000e+00  0.000000e+00  5.806196e-02 -2.295382e+01  0.000000e+00 
3  1.243617e+02  5.055894e+01  3.470000e+02  5.928381e-01 6 -1.000000e+00  1.543507e+02 1   4.8713 -2.988964e-01  4.623004e-01 -1 -1.0000 -1.000000e+00 -1.000000e+00 -1.000000e+00 -1.000000e+00 -1.000000e+00 -1.000000e+00 -1 -1.0000 -1.000000e+00 -1.000000e+00 -1.000000e+00 -1.000000e+00 -1.000000e+00 -1.000000e+00  0  1.6550  2.131092e+12  0.000000e+00  0.000000e+00  3.607900e-01  1.422505e+02  5.096972e+00  1  1.6550  5.975660e+10  0.000000e+00  0.000000e+00  3.734238e-01  1.026001e+02  2.478540e-02  2  1.6550  4.871280e+00  0.000000e+00  0.000000e+00  8.401216e-02  9.665455e+01  0.000000e+00 
1  1.098415e+01  1.959801e+01  1.404000e+03  1.576560e-01 0  3.057748e-01  1.959801e+01 2  17.1301  6.154287e-01  4.052105e-01  0  0.5110  8.012171e+10  0.000000e+00  0.000000e+00  4.768902e-01  1.170414e+02  3.630851e+01  1  0.5110  6.151556e+08  0.000000e+00  0.000000e+00  7.486865e-02  1.190817e+02  9.306355e-02  2  0.5110  9.700307e+11  7.080234e+00  6.651541e+00  2.964041e-01 -7.313843e+01  1.154512e+01  3  0.5110  3.802535e+10  7.080234e+00  6.651541e+00  2.518159e-01 -4.542315e+01  1.407400e-01  4  0.5110  1.713010e+01  0.000000e+00  0.000000e+00  1.667505e-01 -8.642094e+01  0.000000e+00 
3  1.473318e+02  1.091172e+02  8.980000e+02  8.483425e-01 6  3.025059e-01  1.849070e+02 1  10.8396  2.394181e+00 -4.786985e-01  0  0.6910  8.795991e+11  0.000000e+00  0.000000e+00  1.373462e-01 -3.538882e+01  2.477224e+01  1  0.6910  4.121078e+10  0.000000e+00  0.000000e+00  4.871605e-01 -4.115589e+01  1.456835e-01  2  0.6910  2.318317e+13  2.924354e+01 -9.131573e+00  4.599723e-01 -8.638780e+01  5.574759e+00  3  0.6910  1.809203e+11  2.924354e+01 -9.131573e+00  3.399058e-01 -1.049561e+02  1.988944e-01  4  0.6910  1.083960e+01  0.000000e+00  0.000000e+00  2.765913e-01  5.707808e+01  0.000000e+00 
3  3.658024e+01  2.187822e+01  2.376000e+03  1.701442e-01 6  2.695011e-01  6.109708e+01 1   8.4045  1.435237e-01  2.085768e-01  0  2.9180  2.664973e+11  0.000000e+00  0.000000e+00  4.265672e-01 -1.221074e+02  7.923092e+00  1  2.9180  4.531300e+09  0.000000e+00  0.000000e+00  5.892116e-01 -7.476927e+01  1.838001e-02  2  2.9180  1.034425e+12  1.044058e+00  6.254720e-01  2.235350e-01 -5.016685e+01  2.495344e+00  3  2.9180  2.446241e+10  1.044058e+00  6.254720e-01  3.705478e-01 -5.575545e+01  7.385745e-02  4  2.9180  8.404470e+00  0.000000e+00  0.000000e+00  2.517613e-01  1.601345e+02  0.000000e+00 
2  4.522748e+02  4.442824e+02  6.453000e+03  4.734130e-01 6 -1.000000e+00  6.026542e+02 1   4.1191 -1.731350e-01 -1.884215e-02 -1 -1.0000 -1.000000e+00 -1.000000e+00 -1.000000e+00 -1.000000e+00 -1.000000e+00 -1.000000e+00 -1 -1.0000 -1.000000e+00 -1.000000e+00 -1.000000e+00 -1.000000e+00 -1.000000e+00 -1.000000e+00  0  1.0560  1.852544e+12  0.000000e+00  0.000000e+00  1.157368e-01 -1.787574e+02  6.041542e+00  1  1.0560  5.896400e+10  0.000000e+00  0.000000e+00  4.716459e-01 -2.122244e+02  3.101114e-02  2  1.0560  4.119100e+00  0.000000e+00  0.000000e+00  2.018846e-01 -1.631222e+01  0.000000e+00 
3  1.341717e+02  5.916204e+01  3.439000e+03  7.925401e-01 6 -1.000000e+00  1.655065e+02 1  14.7872  5.022808e-01 -5.843811e-01 -1 -1.0000 -1.000000e+00 -1.000000e+00 -1.000000e+00 -1.000000e+00 -1.000000e+00 -1.000000e+00 -1 -1.0000 -1.000000e+00 -1.000000e+00 -1.000000e+00 -1.000000e+00 -1.000000e+00 -1.000000e+00  0  1.4080  2.047379e+12  0.000000e+00  0.000000e+00  1.963990e-01  1.270226e+02  7.469020e+00  1  1.4080  6.638551e+10  0.000000e+00  0.000000e+00  1.109926e-01  1.168852e+02  5.702787e-02  2  1.4080  1.478720e+01  0.000000e+00  0.000000e+00  2.045911e-01  1.537740e+02  0.000000e+00 
3  2.622772e+02  1.738562e+02  5.940000e+02  4.927712e-01 6 -1.000000e+00  4.104931e+02 1   4.0601 -2.825446e-01  6.638982e-02 -1 -1.0000 -1.000000e+00 -1.000000e+00 -1.000000e+00 -1.000000e+00 -1.000000e+00 -1.000000e+00 -1 -1.0000 -1.000000e+00 -1.000000e+00 -1.000000e+00 -1.000000e+00 -1.000000e+00 -1.000000e+00  0  1.6240  4.220343e+12  0.000000e+00  0.000000e+00  4.200711e-01 -1.542951e+02  3.266300e+00  1  1.6240  7.054066e+10  0.000000e+00  0.000000e+00  4.093046e-02 -1.101083e+02  3.017298e-02  2  1.6240  4.060100e+00  0.000000e+00  0.000000e+00  6.597985e-02  8.126724e+01  0.000000e+00 
3  3.234118e+02  2.741810e+02  2.285000e+03  8.906442e-01 6  3.009621e-01  5.225194e+02 1   5.6581  1.289625e+00  1.431439e+00  0  0.5660  1.191177e+12  0.000000e+00  0.000000e+00  1.223355e-01 -5.364743e+01  1.854262e+01  1  0.5660  4.048262e+10  0.000000e+00  0.000000e+00  3.070145e-01 -4.922251e+01  1.726448e-01  2  0.5660  2.030604e+13  3.040886e+00  8.549706e+00  3.583152e-01 -2.285832e+00  3.696478e+00  3  0.5660  2.015080e+11  3.040886e+00  8.549706e+00  3.358666e-01  1.956689e+01  2.151878e-01  4  0.5660  5.658080e+00  0.000000e+00  0.000000e+00  2.549848e-02 -1.193098e+02  0.000000e+00 
3  4.602395e+01  4.583810e+01  5.430000e+03  3.933783e-01 6 -1.000000e+00  9.945908e+01 3   5.1429  1.167118e-01  2.908147e-03 -1 -1.0000 -1.000000e+00 -1.000000e+00 -1.000000e+00 -1.000000e+00 -1.000000e+00 -1.000000e+00 -1 -1.0000 -1.000000e+00 -1.000000e+00 -1.000000e+00 -1.000000e+00 -1.000000e+00 -1.000000e+00  0  1.1850  8.572786e+11  0.000000e+00  0.000000e+00  3.125224e-01  3.671058e+01  7.958749e+00  1  1.1850  2.304270e+10  0.000000e+00  0.000000e+00  5.149915e-01  9.089802e+01  1.413558e-01  2  1.1850  5.142870e+00  0.000000e+00  0.000000e+00  3.079723e-02 -4.336248e+01  0.000000e+00 
2  2.083231e+02  8.473469e-01  7.136000e+03  5.262509e-01 6 -1.000000e+00  1.965960e+00 1  15.9475  2.361136e+00  2.477507e+00 -1 -1.0000 -1.000000e+00 -1.000000e+00 -1.000000e+00 -1.000000e+00 -1.000000e+00 -1.000000e+00 -1 -1.0000 -1.000000e+00 -1.000000e+00 -1.000000e+00 -1.000000e+00 -1.000000e+00 -1.000000e+00  0  1.4600  1.484079e+12  0.000000e+00  0.000000e+00  3.449007e-01  6.956517e+01  4.383916e+00  1  1.4600  3.708274e+10  0.000000e+00  0.000000e+00  1.232259e-01  9.715928e+01  1.428498e-02  2  1.4600  1.594750e+01  0.000000e+00  0.000000e+00  2.453827e-01 -1.225705e+02  0.000000e+00 
1  5.567566e+01  1.079851e+02  6.652000e+03  2.918110e-01 0  2.892559e-01  1.079851e+02 2  10.6531  3.160763e-01  6.952628e-01  0  1.0920  3.395067e+11  0.000000e+00  0.000000e+00  2.386684e-01 -9.841831e+01  1.533839e+01  1  1.0920  7.304845e+09  0.000000e+00  0.000000e+00  5.032364e-01 -1.180524e+02  1.660434e-01  2  1.0920  2.935775e+12  1.260312e+00  4.218445e+00  1.939899e-01 -2.761358e+01  6.841207e+00  3  1.0920  7.212626e+10  1.260312e+00  4.218445e+00  5.464090e-01 -5.795687e+01  5.093501e-02  4  1.0920  1.065310e+01  0.000000e+00  0.000000e+00  6.585705e-02 -9.631777e+01  0.000000e+00 
3  3.561733e+02  2.759082e+02  4.128000e+03  4.878129e-01 6 -1.000000e+00  6.944748e+02 3   6.2494  2.574384e-01  5.974396e-02 -1 -1.0000 -1.000000e+00 -1.000000e+00 -1.000000e+00 -1.000000e+00 -1.000000e+00 -1.000000e+00 -1 -1.0000 -1.000000e+00 -1.000000e+00 -1.000000e+00 -1.000000e+00 -1.000000e+00 -1.000000e+00  0  1.6280  2.196755e+12  0.000000e+00  0.000000e+00  7.116442e-02  8.835476e+00  6.171587e+00  1  1.6280  4.986380e+10  0.000000e+00  0.000000e+00  5.517778e-01  5.359372e+01  1.057330e-01  2  1.6280  6.249380e+00  0.000000e+00  0.000000e+00  1.241320e-01 -8.801354e+01  0.000000e+00 
2  6.399903e+01  3.984339e+01  2.773000e+03  4.945074e-01 6 -1.000000e+00  1.087884e+02 1  11.4007  2.076137e-01  3.068450e-01 -1 -1.0000 -1.000000e+00 -1.000000e+00 -1.000000e+00 -1.000000e+00 -1.000000e+00 -1.000000e+00 -1 -1.0000 -1.000000e+00 -1.000000e+00 -1.000000e+00 -1.000000e+00 -1.000000e+00 -1.000000e+00  0  1.4400  1.814766e+12  0.000000e+00  0.000000e+00  2.200962e-01  2.334188e+01  5.441941e+00  1  1.4400  5.318789e+10  0.000000e+00  0.000000e+00  4.194845e-01 -2.127762e+01  1.868842e-02  2  1.4400  1.140070e+01  0.000000e+00  0.000000e+00  7.785707e-02 -4.927708e+01  0.000000e+00 
1  5.838850e+01  1.217362e+02  9.210000e+02  9.159078e-01 0 -1.000000e+00  1.217362e+02 2  12.4616 -8.529508e-01 -1.440029e-01 -1 -1.0000 -1.000000e+00 -1.000000e+00 -1.000000e+00 -1.000000e+00 -1.000000e+00 -1.000000e+00 -1 -1.0000 -1.000000e+00 -1.000000e+00 -1.000000e+00 -1.000000e+00 -1.000000e+00 -1.000000e+00  0  1.5370  3.604188e+12  0.000000e+00  0.000000e+00  2.141489e-01 -6.538507e+01  5.142227e+00  1  1.5370  8.712265e+10  0.000000e+00  0.000000e+00  6.269549e-01 -6.792009e+01  1.213584e-01  2  1.5370  1.246160e+01  0.000000e+00  0.000000e+00  1.491975e-01 -9.245503e+01  0.000000e+00 
3  1.508145e+02  8.123133e+01  9.800000e+02  1.375330e-01 6 -1.000000e+00  3.996766e+02 2   8.5123 -6.991005e-02 -2.094483e-02 -1 -1.0000 -1.000000e+00 -1.000000e+00 -1.000000e+00 -1.000000e+00 -1.000000e+00 -1.000000e+00 -1 -1.0000 -1.000000e+00 -1.000000e+00 -1.000000e+00 -1.000000e+00 -1.000000e+00 -1.000000e+00  0  1.8300  4.011891e+11  0.000000e+00  0.000000e+00  3.151372e-01 -7.199662e+01  4.796975e+00  1  1.8300  3.265330e+09  0.000000e+00  0.000000e+00  3.609030e-01 -1.092524e+02  1.447755e-02  2  1.8300  8.512290e+00  0.000000e+00  0.000000e+00  1.069371e-01 -7.359941e+01  0.000000e+00 
3  3.778143e+01  3.105785e+01  7.592000e+03  3.607813e-01 6 -1.000000e+00  5.197668e+01 1   5.9454 -1.479317e-01  1.220661e-01 -1 -1.0000 -1.000000e+00 -1.000000e+00 -1.000000e+00 -1.000000e+00 -1.000000e+00 -1.000000e+00 -1 -1.0000 -1.000000e+00 -1.000000e+00 -1.000000e+00 -1.000000e+00 -1.000000e+00 -1.000000e+00  0  0.8850  7.242586e+11  0.000000e+00  0.000000e+00  2.367776e-02 -1.055493e+02  6.269375e+00  1  0.8850  2.002330e+10  0.000000e+00  0.000000e+00  8.800919e-01 -7.301728e+01  5.587313e-02  2  0.8850  5.945400e+00  0.000000e+00  0.000000e+00  2.489621e-02 -5.095429e+01  0.000000e+00 
3  1.953185e+02  2.282505e+02  1.557000e+03  8.564748e-01 6  3.088641e-01  3.385832e+02 3  12.8507  1.456977e+00 -5.870754e-01  0  0.4110  5.739960e+11  0.000000e+00  0.000000e+00  1.605802e-01  1.341854e+02  2.478826e+01  1  0.4110  3.198422e+10  0.000000e+00  0.000000e+00  3.592265e-01  1.138916e+02  1.271949e-01  2  0.4110  1.168676e+13  3.942044e+00 -1.429052e+00  1.312100e-01  5.993870e+00  4.147216e+00  3  0.4110  1.651839e+11  3.942044e+00 -1.429052e+00  3.429336e-01  6.515722e+01  3.205099e-01  4  0.4110  1.285070e+01  0.000000e+00  0.000000e+00  5.714304e-02 -4.871601e+01  0.000000e+00 
3  1.812128e+02  2.060198e+02  1.290000e+03  1.277769e+00 6  2.952855e-01  2.865229e+02 1   6.8387  2.817270e+00 -1.742139e+00  0  0.4730  2.726260e+12  0.000000e+00  0.000000e+00  3.394747e-01  2.950665e+01  2.113103e+01  1  0.4730  6.244979e+10  0.000000e+00  0.000000e+00  1.375808e-01  2.641026e+01  3.244838e-01  2  0.4730  2.493889e+13  3.087841e+01 -6.637836e+00  5.916127e-01  1.426056e+02  5.013697e+00  3  0.4730  1.825971e+11  3.087841e+01 -6.637836e+00  1.941331e-01  1.029090e+02  6.896876e-01  4  0.4730  6.838670e+00  0.000000e+00  0.000000e+00  1.149253e-01  1.004910e+02  0.000000e+00 
3  1.139518e+02  1.752361e+02  8.756000e+03  3.414650e-01 6 -1.000000e+00  2.246368e+02 3   6.5909 -5.987406e-03 -1.084016e-01 -1 -1.0000 -1.000000e+00 -1.000000e+00 -1.000000e+00 -1.000000e+00 -1.000000e+00 -1.000000e+00 -1 -1.0000 -1.000000e+00 -1.000000e+00 -1.000000e+00 -1.000000e+00 -1.000000e+00 -1.000000e+00  0  0.6490  7.377787e+11  0.000000e+00  0.000000e+00  1.930487e-01 -1.242495e+02  5.693416e+00  1  0.6490  2.596661e+10  0.000000e+00  0.000000e+00  2.147655e-01 -5.982979e+01  1.762180e-01  2  0.6490  6.590940e+00  0.000000e+00  0.000000e+00  7.157656e-02 -1.100291e+02  0.000000e+00 
3  8.053654e+01  3.825532e+01  3.729000e+03  9.136777e-01 6 -1.000000e+00  1.129954e+02 1  13.0705  8.257758e-01 -8.922305e-02 -1 -1.0000 -1.000000e+00 -1.000000e+00 -1.000000e+00 -1.000000e+00 -1.000000e+00 -1.000000e+00 -1 -1.0000 -1.000000e+00 -1.000000e+00 -1.000000e+00 -1.000000e+00 -1.000000e+00 -1.000000e+00  0  0.7570  9.625724e+12  0.000000e+00  0.000000e+00  2.503497e-01 -7.504506e+01  3.164358e+00  1  0.7570  1.140024e+11  0.000000e+00  0.000000e+00  1.234280e-01 -1.630937e+01  1.192213e-01  2  0.7570  1.307050e+01  0.000000e+00  0.000000e+00  1.167724e-01 -3.938474e+01  0.000000e+00 
3  3.417605e+02  3.319635e+02  4.646000e+03  5.919722e-02 6 -1.000000e+00  5.500232e+02 1  13.6694  1.558156e-02 -2.360696e-02 -1 -1.0000 -1.000000e+00 -1.000000e+00 -1.000000e+00 -1.000000e+00 -1.000000e+00 -1.000000e+00 -1 -1.0000 -1.000000e+00 -1.000000e+00 -1.000000e+00 -1.000000e+00 -1.000000e+00 -1.000000e+00  0  1.0770  1.435092e+11  0.000000e+00  0.000000e+00  2.988839e-01  1.448762e+02  7.625357e+00  1  1.0770  7.363680e+08  0.000000e+00  0.000000e+00  9.455773e-02  1.562963e+02  1.969921e-02  2  1.0770  1.366940e+01  0.000000e+00  0.000000e+00  8.623832e-02 -1.763612e+02  0.000000e+00 
3  1.649217e+02  1.701778e+02  1.619000e+03  4.270480e-01 6 -1.000000e+00  2.817301e+02 1   5.3699 -8.247306e-02  2.413341e-01 -1 -1.0000 -1.000000e+00 -1.000000e+00 -1.000000e+00 -1.000000e+00 -1.000000e+00 -1.000000e+00 -1 -1.0000 -1.000000e+00 -1.000000e+00 -1.000000e+00 -1.000000e+00 -1.000000e+00 -1.000000e+00  0  1.3120  6.113293e+12  0.000000e+00  0.000000e+00  3.212012e-02 -9.873547e+01  3.023169e+00  1  1.3120  8.800445e+10  0.000000e+00  0.000000e+00  4.968190e-01 -1.854200e+02  1.874267e-01  2  1.3120  5.369880e+00  0.000000e+00  0.000000e+00  9.165029e-02  8.640815e+01  0.000000e+00 
3  6.361103e+01  8.223141e+01  2.786000e+03  7.318312e-01 6 -1.000000e+00  8.813593e+01 1  10.8400 -2.966546e-01  1.492491e-01 -1 -1.0000 -1.000000e+00 -1.000000e+00 -1.000000e+00 -1.000000e+00 -1.000000e+00 -1.000000e+00 -1 -1.0000 -1.000000e+00 -1.000000e+00 -1.000000e+00 -1.000000e+00 -1.000000e+00 -1.000000e+00  0  1.4040  2.732427e+12  0.000000e+00  0.000000e+00  3.720225e-01  1.087714e+02  5.412143e+00  1  1.4040  6.335300e+10  0.000000e+00  0.000000e+00  1.697778e-01  1.240895e+02  3.515428e-02  2  1.4040  1.084000e+01  0.000000e+00  0.000000e+00  1.830567e-01  1.584558e+02  0.000000e+00 
3  4.162123e+01  2.231881e+01  9.230000e+02  3.315879e-01 6 -1.000000e+00  5.865030e+01 1  15.1556  1.277682e-01  2.707137e-01 -1 -1.0000 -1.000000e+00 -1.000000e+00 -1.000000e+00 -1.000000e+00 -1.000000e+00 -1.000000e+00 -1 -1.0000 -1.000000e+00 -1.000000e+00 -1.000000e+00 -1.000000e+00 -1.000000e+00 -1.000000e+00  0  1.4690  1.433365e+12  0.000000e+00  0.000000e+00  1.989828e-01 -4.952738e+01  2.350744e+00  1  1.4690  4.620712e+10  0.000000e+00  0.000000e+00  4.936062e-01  1.263010e+00  4.604238e-02  2  1.4690  1.515560e+01  0.000000e+00  0.000000e+00  1.835437e-01 -5.748475e+01  0.000000e+00 
3  9.389865e+01  8.908860e+01  2.347000e+03  1.095201e+00 6  2.717360e-01  1.542844e+02 1   5.4323 -1.374945e+00  1.359332e+00  0  1.6000  5.256643e+12  0.000000e+00  0.000000e+00  1.308189e-01 -1.108649e+02  6.860678e+00  1  1.6000  1.075879e+11  0.000000e+00  0.000000e+00  4.060223e-01 -8.230702e+01  8.066950e-02  2  1.6000  1.876779e+13 -1.105450e+01  1.879569e+01  8.219346e-02 -1.666792e+02  3.750304e+00  3  1.6000  9.510523e+10 -1.105450e+01  1.879569e+01  3.907498e-01 -2.080132e+02  5.225239e-02  4  1.6000  5.432340e+00  0.000000e+00  0.000000e+00  5.239679e-02 -1.045309e+02  0.000000e+00 
3  1.342837e+02  1.016209e+02  1.372000e+03  6.522382e-01 6 -1.000000e+00  2.083381e+02 1   8.9613  3.577852e-02  2.671047e-01 -1 -1.0000 -1.000000e+00 -1.000000e+00 -1.000000e+00 -1.000000e+00 -1.000000e+00 -1.000000e+00 -1 -1.0000 -1.000000e+00 -1.000000e+00 -1.000000e+00 -1.000000e+00 -1.000000e+00 -1.000000e+00  0  1.6840  2.352486e+12  0.000000e+00  0.000000e+00  2.723673e-01  1.091132e+02  4.198629e+00  1  1.6840  8.491330e+10  0.000000e+00  0.000000e+00  3.342308e-01  4.550028e+01  4.133029e-02  2  1.6840  8.961260e+00  0.000000e+00  0.000000e+00  1.963845e-01  1.537656e+02  0.000000e+00 
3  1.071059e+02  5.587996e+01  1.831000e+03  3.278042e-01 6 -1.000000e+00  1.596988e+02 1   5.4324 -2.292371e-01 -1.671233e-02 -1 -1.0000 -1.000000e+00 -1.000000e+00 -1.000000e+00 -1.000000e+00 -1.000000e+00 -1.000000e+00 -1 -1.0000 -1.000000e+00 -1.000000e+00 -1.000000e+00 -1.000000e+00 -1.000000e+00 -1.000000e+00  0  2.4270  1.781513e+12  0.000000e+00  0.000000e+00  9.576710e-02  7.499563e+01  2.233656e+00  1  2.4270  4.081823e+10  0.000000e+00  0.000000e+00  1.877402e-01  6.187322e+01  1.858492e-02  2  2.4270  5.432420e+00  0.000000e+00  0.000000e+00  6.942083e-02  1.091233e+02  0.000000e+00 
1  9.313684e+01  1.749566e+02  9.163000e+03  3.197471e-01 0  3.180361e-01  1.749566e+02 2   4.1555  1.203133e+00 -1.577202e+00  0  0.3340  1.995170e+11  0.000000e+00  0.000000e+00  3.432521e-01  1.687145e+02  3.388051e+01  1  0.3340  4.081205e+09  0.000000e+00  0.000000e+00  2.797384e-01  1.443621e+02  2.059678e-01  2  0.3340  6.244899e+12  2.179852e+00 -2.957034e+00  1.673296e-01  1.011305e+01  7.003032e+00  3  0.3340  1.244562e+11  2.179852e+00 -2.957034e+00  4.388843e-01  2.889837e+01  5.666018e-01  4  0.3340  4.155510e+00  0.000000e+00  0.000000e+00  9.826421e-02  1.851903e+01  0.000000e+00 
3  7.813732e+01  8.543264e+01  6.087000e+03  3.028365e+00 6 -1.000000e+00  1.186602e+02 1  11.8336  5.145421e-01  7.904311e-01 -1 -1.0000 -1.000000e+00 -1.000000e+00 -1.000000e+00 -1.000000e+00 -1.000000e+00 -1.000000e+00 -1 -1.0000 -1.000000e+00 -1.000000e+00 -1.000000e+00 -1.000000e+00 -1.000000e+00 -1.000000e+00  0  0.5600  2.793774e+13  0.000000e+00  0.000000e+00  2.079711e-01  9.522674e+01  4.451053e+00  1  0.5600  2.522661e+11  0.000000e+00  0.000000e+00  7.277050e-01  9.357618e+01  3.318973e-01  2  0.5600  1.183360e+01  0.000000e+00  0.000000e+00  1.638429e-01 -1.266044e+02  0.000000e+00 
3  2.925169e+02  1.081562e+02  7.672000e+03  3.244834e+00 6 -1.000000e+00  6.145423e+02 2  14.5393  1.905228e+00 -3.279427e-02 -1 -1.0000 -1.000000e+00 -1.000000e+00 -1.000000e+00 -1.000000e+00 -1.000000e+00 -1.000000e+00 -1 -1.0000 -1.000000e+00 -1.000000e+00 -1.000000e+00 -1.000000e+00 -1.000000e+00 -1.000000e+00  0  1.2390  2.490935e+13  0.000000e+00  0.000000e+00  1.681349e-01  5.981091e+01  7.435176e+00  1  1.2390  1.997230e+11  0.000000e+00  0.000000e+00  2.960113e-01  2.775342e+01  8.141017e-02  2  1.2390  1.453930e+01  0.000000e+00  0.000000e+00  1.237761e-01  1.181944e+02  0.000000e+00 
4  5.066752e+01  9.138470e+01  6.486000e+03  5.222338e-01 6  2.701028e-01  1.037477e+02 3   9.1930  3.318287e-01  5.240867e-01  0  2.4890  5.926248e+11  0.000000e+00  0.000000e+00  1.531438e-01 -8.438843e+01  2.087412e+01  1  2.4890  8.054697e+09  0.000000e+00  0.000000e+00  3.547777e-01 -1.018406e+02  1.695352e-02  2  2.4890  2.748865e+12  1.808334e+00  4.959705e+00  4.294743e-01  2.104316e+01  4.868120e+00  3  2.4890  5.231227e+10  1.808334e+00  4.959705e+00  8.844683e-02 -1.506658e+01  3.350521e-02  4  2.4890  9.192970e+00  0.000000e+00  0.000000e+00  1.255176e-01  1.388251e+02  0.000000e+00 
3  1.439987e+02  9.699226e+01  1.106000e+03  5.714592e-01 6 -1.000000e+00  2.270518e+02 1   6.8388 -3.199545e-02 -3.641328e-01 -1 -1.0000 -1.000000e+00 -1.000000e+00 -1.000000e+00 -1.000000e+00 -1.000000e+00 -1.000000e+00 -1 -1.0000 -1.000000e+00 -1.000000e+00 -1.000000e+00 -1.000000e+00 -1.000000e+00 -1.000000e+00  0  1.0250  2.024624e+12  0.000000e+00  0.000000e+00  2.836112e-01 -1.436818e+02  5.859703e+00  1  1.0250  7.625843e+10  0.000000e+00  0.000000e+00  2.796374e-01 -1.695934e+02  1.129602e-01  2  1.0250  6.838770e+00  0.000000e+00  0.000000e+00  2.037311e-01 -4.263968e+01  0.000000e+00 
3  6.902998e+01  1.147632e+02  4.439000e+03  2.962060e-01 6  3.012906e-01  1.529961e+02 3   9.9232  3.126218e-01  1.287043e+00  0  0.9370  2.891909e+11  0.000000e+00  0.000000e+00  1.683086e-01  1.319978e+02  2.079900e+01  1  0.9370  4.771884e+09  0.000000e+00  0.000000e+00  2.570060e-01  1.078600e+02  1.008841e-01  2  0.9370  8.329168e+12  5.268861e+00  1.774626e+01  2.541846e-01  9.517744e+01  4.256187e+00  3  0.9370  9.303827e+10  5.268861e+00  1.774626e+01  3.312653e-01  1.222889e+02  1.383842e-01  4  0.9370  9.923240e+00  0.000000e+00  0.000000e+00  7.356047e-03  1.538303e+02  0.000000e+00 
3  1.812128e+02  3.848354e+02  1.290000e+03  6.204263e-01 6  2.861531e-01  5.392367e+02 3   6.8387  1.115825e+00 -1.183139e+00  0  1.3180  6.798879e+11  0.000000e+00  0.000000e+00  1.952284e-01 -5.242515e+01  2.130992e+01  1  1.3180  2.754216e+10  0.000000e+00  0.000000e+00  6.543715e-01 -5.980801e+01  6.510915e-02  2  1.3180  1.367155e+13  2.348867e+01 -1.916230e+01  3.925468e-01  6.641097e+01  3.472245e+00  3  1.3180  1.198269e+11  2.348867e+01 -1.916230e+01  2.946096e-01  7.301588e+01  8.211537e-02  4  1.3180  6.838670e+00  0.000000e+00  0.000000e+00  3.872868e-03  2.554932e+00  0.000000e+00 
3  7.621744e+01  1.275788e+02  2.112000e+03  2.081207e-02 6 -1.000000e+00  1.888056e+02 3  13.6704  7.395241e-04 -3.824563e-03 -1 -1.0000 -1.000000e+00 -1.000000e+00 -1.000000e+00 -1.000000e+00 -1.000000e+00 -1.000000e+00 -1 -1.0000 -1.000000e+00 -1.000000e+00 -1.000000e+00 -1.000000e+00 -1.000000e+00 -1.000000e+00  0  1.4550  9.828251e+10  0.000000e+00  0.000000e+00  1.730977e-01 -1.334769e+02  6.528590e+00  1  1.4550  2.306627e+08  0.000000e+00  0.000000e+00  2.649246e-01 -2.022962e+02  2.492498e-02  2  1.4550  1.367040e+01  0.000000e+00  0.000000e+00  9.835797e-02  1.634364e+02  0.000000e+00 
3  2.768017e+02  5.452143e+01  7.762000e+03  1.534188e+00 6 -1.000000e+00  4.970232e+02 2   5.6583  1.685307e+00 -1.450085e-01 -1 -1.0000 -1.000000e+00 -1.000000e+00 -1.000000e+00 -1.000000e+00 -1.000000e+00 -1.000000e+00 -1 -1.0000 -1.000000e+00 -1.000000e+00 -1.000000e+00 -1.000000e+00 -1.000000e+00 -1.000000e+00  0  0.6750  1.636417e+13  0.000000e+00  0.000000e+00  2.265053e-01  9.975804e+01  4.574547e+00  1  0.6750  1.582274e+11  0.000000e+00  0.000000e+00  2.683350e-01  9.587755e+01  9.682405e-02  2  0.6750  5.658310e+00  0.000000e+00  0.000000e+00  1.529086e-01 -1.106465e+02  0.000000e+00 
3  1.538367e+01  6.818153e+00  6.117000e+03  4.709487e-01 6 -1.000000e+00  1.848231e+01 1  15.9478  1.271094e-01 -4.459218e-01 -1 -1.0000 -1.000000e+00 -1.000000e+00 -1.000000e+00 -1.000000e+00 -1.000000e+00 -1.000000e+00 -1 -1.0000 -1.000000e+00 -1.000000e+00 -1.000000e+00 -1.000000e+00 -1.000000e+00 -1.000000e+00  0  0.8600  1.397848e+12  0.000000e+00  0.000000e+00  9.830010e-02  3.355896e+01  3.195193e+00  1  0.8600  3.936429e+10  0.000000e+00  0.000000e+00  2.262835e-01  4.148505e+01  4.593332e-02  2  0.8600  1.594780e+01  0.000000e+00  0.000000e+00  1.805762e-01  7.491976e+01  0.000000e+00 
3  1.006594e+02  4.610487e+01  6.074000e+03  4.821524e-01 6 -1.000000e+00  1.301695e+02 1  11.3432  4.700433e-02  4.310766e-01 -1 -1.0000 -1.000000e+00 -1.000000e+00 -1.000000e+00 -1.000000e+00 -1.000000e+00 -1.000000e+00 -1 -1.0000 -1.000000e+00 -1.000000e+00 -1.000000e+00 -1.000000e+00 -1.000000e+00 -1.000000e+00  0  1.2870  1.562828e+12  0.000000e+00  0.000000e+00  2.816309e-01 -9.589500e+01  4.241235e+00  1  1.2870  4.531082e+10  0.000000e+00  0.000000e+00  1.271962e-01 -1.247704e+02  1.016218e-01  2  1.2870  1.134320e+01  0.000000e+00  0.000000e+00  2.666148e-01 -4.611827e+01  0.000000e+00 
1  3.184537e+02  7.472666e+02  3.900000e+03  9.219387e-01 0  2.923579e-01  7.472666e+02 2  11.8333 -2.093694e+00  4.069126e-01  0  0.4660  1.654268e+12  0.000000e+00  0.000000e+00  2.518855e-01  6.016487e+01  1.555833e+01  1  0.4660  7.373572e+10  0.000000e+00  0.000000e+00  4.126428e-01 -1.629752e+01  2.352557e-01  2  0.4660  9.339398e+12 -2.267886e+01  1.248607e+01  3.015236e-01 -1.074216e+02  6.709849e+00  3  0.4660  1.167480e+11 -2.267886e+01  1.248607e+01  4.073216e-01 -1.145640e+02  3.003354e-01  4  0.4660  1.183330e+01  0.000000e+00  0.000000e+00  3.378685e-01 -5.333915e+01  0.000000e+00 
1  2.663904e+02  5.909746e+02  5.144000e+03  2.315456e+00 0 -1.000000e+00  5.909746e+02 2  10.7035  1.787256e+00 -1.389258e+00 -1 -1.0000 -1.000000e+00 -1.000000e+00 -1.000000e+00 -1.000000e+00 -1.000000e+00 -1.000000e+00 -1 -1.0000 -1.000000e+00 -1.000000e+00 -1.000000e+00 -1.000000e+00 -1.000000e+00 -1.000000e+00  0  0.6020  2.182783e+13  0.000000e+00  0.000000e+00  3.536458e-01 -1.101009e+02  7.687553e+00  1  0.6020  1.476068e+11  0.000000e+00  0.000000e+00  5.093132e-01 -1.277319e+02  1.840864e-01  2  0.6020  1.070350e+01  0.000000e+00  0.000000e+00  1.454366e-01  4.829864e+01  0.000000e+00 
3  3.237930e+02  4.017932e+02  6.475000e+03  5.223927e-01 6  2.919079e-01  4.850797e+02 1  10.9992 -1.168076e-01 -5.963014e-01  0  0.7340  4.499392e+11  0.000000e+00  0.000000e+00  2.225768e-01  1.662617e+02  2.265646e+01  1  0.7340  2.195684e+10  0.000000e+00  0.000000e+00  1.510552e-01  1.410739e+02  1.115013e-01  2  0.7340  2.879094e+12 -5.820139e+00 -9.061035e+00  2.592986e-01  9.937827e+01  4.667495e+00  3  0.7340  9.818088e+10 -5.820139e+00 -9.061035e+00  4.511088e-01  8.537108e+01  1.284519e-01  4  0.7340  1.099920e+01  0.000000e+00  0.000000e+00  2.195899e-01 -1.241899e+02  0.000000e+00 
3  9.842492e+01  8.481774e+01  2.066000e+03  4.462475e-01 6 -1.000000e+00  1.490550e+02 1  15.5355  5.740502e-02  1.950314e-01 -1 -1.0000 -1.000000e+00 -1.000000e+00 -1.000000e+00 -1.000000e+00 -1.000000e+00 -1.000000e+00 -1 -1.0000 -1.000000e+00 -1.000000e+00 -1.000000e+00 -1.000000e+00 -1.000000e+00 -1.000000e+00  0  1.3860  7.948266e+11  0.000000e+00  0.000000e+00  3.375593e-01  8.247978e+01  7.707835e+00  1  1.3860  1.214075e+10  0.000000e+00  0.000000e+00  5.325219e-01  9.293790e+01  3.532893e-02  2  1.3860  1.553550e+01  0.000000e+00  0.000000e+00  4.558499e-02  1.694583e+00  0.000000e+00 
2  1.229831e+02  1.194124e+02  1.300000e+02  1.096810e+00 6 -1.000000e+00  2.128441e+02 1  13.9050  2.530071e-01  5.316329e-01 -1 -1.0000 -1.000000e+00 -1.000000e+00 -1.000000e+00 -1.000000e+00 -1.000000e+00 -1.000000e+00 -1 -1.0000 -1.000000e+00 -1.000000e+00 -1.000000e+00 -1.000000e+00 -1.000000e+00 -1.000000e+00  0  1.4970  6.662381e+12  0.000000e+00  0.000000e+00  2.470046e-01 -9.062159e+01  5.987726e+00  1  1.4970  9.204543e+10  0.000000e+00  0.000000e+00  4.039157e-01  1.087882e+01  3.492644e-02  2  1.4970  1.390500e+01  0.000000e+00  0.000000e+00  7.932064e-02 -1.654349e+02  0.000000e+00 
3  2.156078e+03  2.731328e+03  9.948000e+03  2.882761e-01 6 -1.000000e+00  3.280332e+03 1   3.0481 -1.262416e-01  1.415927e-02 -1 -1.0000 -1.000000e+00 -1.000000e+00 -1.000000e+00 -1.000000e+00 -1.000000e+00 -1.000000e+00 -1 -1.0000 -1.000000e+00 -1.000000e+00 -1.000000e+00 -1.000000e+00 -1.000000e+00 -1.000000e+00  0  1.5640  1.765866e+12  0.000000e+00  0.000000e+00  4.337616e-01 -1.552810e+02  3.720916e+00  1  1.5640  6.121698e+10  0.000000e+00  0.000000e+00  3.383132e-01 -1.452776e+02  1.069389e-01  2  1.5640  3.048090e+00  0.000000e+00  0.000000e+00  8.886961e-02 -4.951949e+01  0.000000e+00 
3  9.454653e+01  7.760092e+01  4.162000e+03  3.865839e-01 6 -1.000000e+00  1.292732e+02 1   9.3849  2.326239e-01 -3.429405e-02 -1 -1.0000 -1.000000e+00 -1.000000e+00 -1.000000e+00 -1.000000e+00 -1.000000e+00 -1.000000e+00 -1 -1.0000 -1.000000e+00 -1.000000e+00 -1.000000e+00 -1.000000e+00 -1.000000e+00 -1.000000e+00  0  1.8820  1.715409e+12  0.000000e+00  0.000000e+00  4.372796e-02  1.767606e+02  2.909393e+00  1  1.8820  4.659813e+10  0.000000e+00  0.000000e+00  4.616306e-01  2.184392e+02  2.942083e-02  2  1.8820  9.384940e+00  0.000000e+00  0.000000e+00  1.108041e-01  2.160278e+01  0.000000e+00 
3  6.209227e+01  2.308310e+01  1.929000e+03  9.504013e-01 6 -1.000000e+00  1.204103e+02 2  13.9084 -5.907356e-01  5.158978e-01 -1 -1.0000 -1.000000e+00 -1.000000e+00 -1.000000e+00 -1.000000e+00 -1.000000e+00 -1.000000e+00 -1 -1.0000 -1.000000e+00 -1.000000e+00 -1.000000e+00 -1.000000e+00 -1.000000e+00 -1.000000e+00  0  0.8560  1.069593e+13  0.000000e+00  0.000000e+00  3.210733e-01 -1.306303e+02  3.573896e+00  1  0.8560  9.155754e+10  0.000000e+00  0.000000e+00  1.535771e-01 -1.086755e+02  1.216927e-01  2  0.8560  1.390840e+01  0.000000e+00  0.000000e+00  1.003680e-01 -1.532065e+02  0.000000e+00 
3  4.213693e+01  6.657600e+01  5.250000e+03  3.025907e+00 6  2.868694e-01  1.213939e+02 3   6.6450  6.473583e+00 -1.730584e+00  0  0.6040  9.038213e+12  0.000000e+00  0.000000e+00  7.926615e-02  1.013866e+02  1.763705e+01  1  0.6040  9.637304e+10  0.000000e+00  0.000000e+00  4.544537e-01  8.676403e+01  3.183414e-01  2  0.6040  8.265024e+13  1.996481e+01 -2.820255e+00  2.429626e-01  3.009758e+01  6.245771e+00  3  0.6040  3.788064e+11  1.996481e+01 -2.820255e+00  1.994492e-01  5.508972e+01  5.655897e-01  4  0.6040  6.645020e+00  0.000000e+00  0.000000e+00  7.250580e-02  7.556664e+01  0.000000e+00 
3  5.448992e+01  3.595064e+01  8.044000e+03  9.043983e-01 6 -1.000000e+00  7.297899e+01 1  18.0168 -4.292411e-01  4.186395e-01 -1 -1.0000 -1.000000e+00 -1.000000e+00 -1.000000e+00 -1.000000e+00 -1.000000e+00 -1.000000e+00 -1 -1.0000 -1.000000e+00 -1.000000e+00 -1.000000e+00 -1.000000e+00 -1.000000e+00 -1.000000e+00  0  0.9660  2.352317e+12  0.000000e+00  0.000000e+00  5.847365e-01  1.162924e+02  8.061826e+00  1  0.9660  7.171926e+10  0.000000e+00  0.000000e+00  1.556771e-01  8.281576e+01  1.229509e-01  2  0.9660  1.801680e+01  0.000000e+00  0.000000e+00  6.173407e-02  4.233673e+01  0.000000e+00 
3  1.443867e+01  6.955942e+00  6.447000e+03  5.314230e-01 6 -1.000000e+00  1.843456e+01 1  13.6728  2.065246e-01  4.478223e-01 -1 -1.0000 -1.000000e+00 -1.000000e+00 -1.000000e+00 -1.000000e+00 -1.000000e+00 -1.000000e+00 -1 -1.0000 -1.000000e+00 -1.000000e+00 -1.000000e+00 -1.000000e+00 -1.000000e+00 -1.000000e+00  0  1.2720  1.671618e+12  0.000000e+00  0.000000e+00  1.460008e-01 -1.359054e+02  4.366652e+00  1  1.2720  5.133880e+10  0.000000e+00  0.000000e+00  4.527184e-03 -1.023212e+02  7.812796e-02  2  1.2720  1.367280e+01  0.000000e+00  0.000000e+00  1.558456e-01 -1.475296e+02  0.000000e+00 
1  1.141263e+02  2.263105e+02  2.547000e+03  1.654794e-01 0  2.748136e-01  2.263105e+02 2   6.4183  8.717541e-02  9.210740e-02  0  2.1940  2.103560e+11  0.000000e+00  0.000000e+00  4.977255e-01  1.768889e+02  1.960863e+01  1  2.1940  1.801475e+09  0.000000e+00  0.000000e+00  1.194361e-01  2.235332e+02  4.052196e-02  2  2.1940  1.557736e+12  1.893018e+00  2.908258e+00  2.151189e-01  1.152816e+02  4.559428e+00  3  2.1940  3.409782e+10  1.893018e+00  2.908258e+00  1.870540e-01  1.183621e+02  4.131828e-02  4  2.1940  6.418270e+00  0.000000e+00  0.000000e+00  8.863285e-02 -3.866028e+01  0.000000e+00 
3  2.411065e+02  1.155868e+02  9.253000e+03  2.518003e-01 6 -1.000000e+00  3.442558e+02 1   6.6453 -1.498121e-01 -1.676576e-01 -1 -1.0000 -1.000000e+00 -1.000000e+00 -1.000000e+00 -1.000000e+00 -1.000000e+00 -1.000000e+00 -1 -1.0000 -1.000000e+00 -1.000000e+00 -1.000000e+00 -1.000000e+00 -1.000000e+00 -1.000000e+00  0  0.8090  4.523557e+11  0.000000e+00  0.000000e+00  4.080439e-01 -3.370862e+01  7.080014e+00  1  0.8090  1.405055e+10  0.000000e+00  0.000000e+00  2.999581e-01 -3.965421e+01  6.776897e-02  2  0.8090  6.645260e+00  0.000000e+00  0.000000e+00  7.867745e-02 -1.434947e+02  0.000000e+00 
2  1.027038e+02  1.222204e+02  2.510000e+03  4.081769e-01 6  2.808715e-01  1.540752e+02 1   8.4043  6.958719e-01 -6.511743e-01  0  1.3490  6.212267e+11  0.000000e+00  0.000000e+00  7.741996e-02 -1.139624e+02  1.287383e+01  1  1.3490  2.013326e+10  0.000000e+00  0.000000e+00  4.464568e-01 -2.000292e+02  2.131878e-02  2  1.3490  3.932075e+12  4.627129e+00 -7.527758e+00  1.797054e-01 -1.700075e+02  4.247568e+00  3  1.3490  7.566313e+10  4.627129e+00 -7.527758e+00  3.836628e-01 -1.813060e+02  3.239116e-02  4  1.3490  8.404270e+00  0.000000e+00  0.000000e+00  9.763733e-02  1.700107e+02  0.000000e+00 
1  2.672909e+02  4.876389e+02  6.480000e+02  2.114049e+00 0 -1.000000e+00  4.876389e+02 2   9.3848  1.532672e+00  3.131560e+00 -1 -1.0000 -1.000000e+00 -1.000000e+00 -1.000000e+00 -1.000000e+00 -1.000000e+00 -1.000000e+00 -1 -1.0000 -1.000000e+00 -1.000000e+00 -1.000000e+00 -1.000000e+00 -1.000000e+00 -1.000000e+00  0  0.1260  2.982758e+13  0.000000e+00  0.000000e+00  3.534614e-01  1.442533e+02  1.312679e+01  1  0.1260  3.756310e+11  0.000000e+00  0.000000e+00  3.511952e-01  1.279790e+02  4.639323e+00  2  0.1260  9.384820e+00  0.000000e+00  0.000000e+00  9.681534e-02  1.399204e+02  0.000000e+00 
3  2.236913e+01  2.237824e+01  2.302000e+03  1.306532e+00 6 -1.000000e+00  4.118528e+01 3  10.3062  4.759703e-01 -5.573199e-01 -1 -1.0000 -1.000000e+00 -1.000000e+00 -1.000000e+00 -1.000000e+00 -1.000000e+00 -1.000000e+00 -1 -1.0000 -1.000000e+00 -1.000000e+00 -1.000000e+00 -1.000000e+00 -1.000000e+00 -1.000000e+00  0  0.8030  1.581915e+13  0.000000e+00  0.000000e+00  2.759856e-01 -1.461613e+02  5.975424e+00  1  0.8030  1.284159e+11  0.000000e+00  0.000000e+00  3.886839e-01 -1.649977e+02  1.323739e-01  2  0.8030  1.030620e+01  0.000000e+00  0.000000e+00  1.689081e-01  1.293413e+02  0.000000e+00 
3  6.191356e+01  4.310664e+01  5.357000e+03  5.529158e-01 6 -1.000000e+00  1.000183e+02 1   9.3123  7.967470e-02  3.163699e-01 -1 -1.0000 -1.000000e+00 -1.000000e+00 -1.000000e+00 -1.000000e+00 -1.000000e+00 -1.000000e+00 -1 -1.0000 -1.000000e+00 -1.000000e+00 -1.000000e+00 -1.000000e+00 -1.000000e+00 -1.000000e+00  0  1.0700  5.298362e+12  0.000000e+00  0.000000e+00  1.252268e-01 -1.715955e+02  3.846518e+00  1  1.0700  7.859912e+10  0.000000e+00  0.000000e+00  4.950808e-01 -1.641668e+02  9.382288e-02  2  1.0700  9.312250e+00  0.000000e+00  0.000000e+00  1.250078e-01  1.917960e+01  0.000000e+00 
1  1.454842e+02  2.584491e+02  3.015000e+03  2.088756e-01 0  2.811006e-01  2.584491e+02 2  13.9049  1.616653e-01 -9.662650e-01  0  1.5570  4.114663e+11  0.000000e+00  0.000000e+00  4.327142e-01 -1.005515e+02  7.230779e+00  1  1.5570  1.040440e+10  0.000000e+00  0.000000e+00  3.735812e-01 -1.374479e+02  1.268777e-01  2  1.5570  2.992733e+12  2.091555e+00 -5.901909e+00  1.633570e-01 -1.076016e+02  7.578743e+00  3  1.5570  7.145532e+10  2.091555e+00 -5.901909e+00  6.097547e-01 -1.174274e+02  8.201784e-02  4  1.5570  1.390490e+01  0.000000e+00  0.000000e+00  1.639653e-01  1.302017e+02  0.000000e+00 
3  5.935121e+01  4.013147e+01  1.357000e+03  4.157539e-01 6 -1.000000e+00  8.700125e+01 1   5.4325 -3.137452e-01  8.370025e-02 -1 -1.0000 -1.000000e+00 -1.000000e+00 -1.000000e+00 -1.000000e+00 -1.000000e+00 -1.000000e+00 -1 -1.0000 -1.000000e+00 -1.000000e+00 -1.000000e+00 -1.000000e+00 -1.000000e+00 -1.000000e+00  0  2.5760  6.552492e+12  0.000000e+00  0.000000e+00  3.553251e-01  3.341220e+01  3.714697e+00  1  2.5760  6.561122e+10  0.000000e+00  0.000000e+00  4.996471e-01  3.657549e+01  2.613279e-02  2  2.5760  5.432530e+00  0.000000e+00  0.000000e+00  1.108859e-01 -9.710294e+00  0.000000e+00 
3  9.010902e+01  8.057934e+01  1.319000e+03  5.714588e-01 6 -1.000000e+00  1.212642e+02 1   5.3584  1.716315e-01  2.642066e-01 -1 -1.0000 -1.000000e+00 -1.000000e+00 -1.000000e+00 -1.000000e+00 -1.000000e+00 -1.000000e+00 -1 -1.0000 -1.000000e+00 -1.000000e+00 -1.000000e+00 -1.000000e+00 -1.000000e+00 -1.000000e+00  0  0.5380  1.078752e+12  0.000000e+00  0.000000e+00  4.226730e-01  6.076635e+01  1.037845e+01  1  0.5380  4.422486e+10  0.000000e+00  0.000000e+00  2.804605e-01  1.303840e+02  1.973026e-01  2  0.5380  5.358400e+00  0.000000e+00  0.000000e+00  1.035340e-01  9.487602e+01  0.000000e+00 
3  1.854006e+02  1.211184e+02  3.661000e+03  1.306365e+00 6 -1.000000e+00  2.875668e+02 1   3.4910 -9.721899e-01 -2.507393e-01 -1 -1.0000 -1.000000e+00 -1.000000e+00 -1.000000e+00 -1.000000e+00 -1.000000e+00 -1.000000e+00 -1 -1.0000 -1.000000e+00 -1.000000e+00 -1.000000e+00 -1.000000e+00 -1.000000e+00 -1.000000e+00  0  0.9190  3.114421e+13  0.000000e+00  0.000000e+00  4.337360e-01 -3.300412e+00  5.276749e+00  1  0.9190  1.607095e+11  0.000000e+00  0.000000e+00  4.092716e-01  3.417480e+01  1.074758e-01  2  0.9190  3.490990e+00  0.000000e+00  0.000000e+00  1.286657e-01  1.327456e+02  0.000000e+00 
1  4.154419e+02  7.963804e+02  4.321000e+03  2.398726e+00 0  2.738573e-01  7.963804e+02 2   8.4043  3.440131e-01 -5.016035e-01  0  0.9820  3.115821e+13  0.000000e+00  0.000000e+00  4.864230e-01 -5.137432e+01  5.991749e+00  1  0.9820  1.565141e+11  0.000000e+00  0.000000e+00  5.086578e-01 -9.807178e+00  1.229642e-01  2  0.9820  6.725529e+13  2.149365e+01  3.453268e+01  2.040202e-01 -1.555476e+02  3.961637e+00  3  0.9820  2.382974e+11  2.149365e+01  3.453268e+01  5.333257e-01 -1.706079e+02  2.614667e-01  4  0.9820  8.404330e+00  0.000000e+00  0.000000e+00  1.314647e-01 -5.911153e+00  0.000000e+00 
3  2.702271e+01  1.418080e+01  1.710000e+02  4.008530e-01 6 -1.000000e+00  3.866701e+01 1   8.8481 -3.559494e-01 -1.788505e-01 -1 -1.0000 -1.000000e+00 -1.000000e+00 -1.000000e+00 -1.000000e+00 -1.000000e+00 -1.000000e+00 -1 -1.0000 -1.000000e+00 -1.000000e+00 -1.000000e+00 -1.000000e+00 -1.000000e+00 -1.000000e+00  0  2.3320  2.113807e+12  0.000000e+00  0.000000e+00  1.485531e-01 -1.060873e+01  3.871985e+00  1  2.3320  5.417816e+10  0.000000e+00  0.000000e+00  3.166911e-01  8.602148e+00  6.038749e-02  2  2.3320  8.848090e+00  0.000000e+00  0.000000e+00  3.931804e-02  1.621013e+02  0.000000e+00 
2  1.098415e+01  5.856891e+00  1.404000e+03  5.434378e-01 6 -1.000000e+00  1.778248e+01 1  17.1301  2.972489e-01  2.870907e-01 -1 -1.0000 -1.000000e+00 -1.000000e+00 -1.000000e+00 -1.000000e+00 -1.000000e+00 -1.000000e+00 -1 -1.0000 -1.000000e+00 -1.000000e+00 -1.000000e+00 -1.000000e+00 -1.000000e+00 -1.000000e+00  0  2.7160  2.668186e+12  0.000000e+00  0.000000e+00  2.097693e-01 -3.932012e+00  5.959484e+00  1  2.7160  2.844370e+10  0.000000e+00  0.000000e+00  3.958618e-01 -9.448297e+00  2.033226e-02  2  2.7160  1.713010e+01  0.000000e+00  0.000000e+00  6.280452e-02 -1.766570e+02  0.000000e+00 
3  9.890722e+01  8.181025e+01  4.200000e+01  6.555523e-01 6 -1.000000e+00  1.597408e+02 1  10.1762  4.353513e-01 -1.344223e-01 -1 -1.0000 -1.000000e+00 -1.000000e+00 -1.000000e+00 -1.000000e+00 -1.000000e+00 -1.000000e+00 -1 -1.0000 -1.000000e+00 -1.000000e+00 -1.000000e+00 -1.000000e+00 -1.000000e+00 -1.000000e+00  0  0.5770  2.985621e+12  0.000000e+00  0.000000e+00  1.315155e-01  1.105391e+02  7.928071e+00  1  0.5770  6.984810e+10  0.000000e+00  0.000000e+00  3.142328e-01  1.712884e+02  3.021012e-01  2  0.5770  1.017620e+01  0.000000e+00  0.000000e+00  1.791970e-01 -1.423387e+02  0.000000e+00 
3  1.625907e+02  9.509060e+01  7.244000e+03  1.292703e+00 6 -1.000000e+00  2.125571e+02 1   3.9053  2.455711e-01  8.814365e-01 -1 -1.0000 -1.000000e+00 -1.000000e+00 -1.000000e+00 -1.000000e+00 -1.000000e+00 -1.000000e+00 -1 -1.0000 -1.000000e+00 -1.000000e+00 -1.000000e+00 -1.000000e+00 -1.000000e+00 -1.000000e+00  0  0.7100  5.463882e+12  0.000000e+00  0.000000e+00  4.107731e-01 -7.118707e+01  7.110408e+00  1  0.7100  1.184357e+11  0.000000e+00  0.000000e+00  4.969895e-01 -7.381496e+01  1.094005e-01  2  0.7100  3.905310e+00  0.000000e+00  0.000000e+00  2.036591e-01  4.596826e+01  0.000000e+00 
3  1.388546e+01  1.088108e+01  6.439000e+03  5.004828e-01 6 -1.000000e+00  1.738404e+01 1  12.4375 -2.846166e-01  1.237620e-01 -1 -1.0000 -1.000000e+00 -1.000000e+00 -1.000000e+00 -1.000000e+00 -1.000000e+00 -1.000000e+00 -1 -1.0000 -1.000000e+00 -1.000000e+00 -1.000000e+00 -1.000000e+00 -1.000000e+00 -1.000000e+00  0  0.7120  8.683413e+11  0.000000e+00  0.000000e+00  3.083010e-01  1.199797e+02  7.093882e+00  1  0.7120  3.763398e+10  0.000000e+00  0.000000e+00  1.416211e-01  9.978658e+01  1.509716e-01  2  0.7120  1.243750e+01  0.000000e+00  0.000000e+00  1.725161e-01 -4.347365e+01  0.000000e+00 
3  5.301304e+02  2.654081e+02  1.923000e+03  9.308070e-02 6 -1.000000e+00  7.090392e+02 1   1.7025 -6.967268e-02 -2.834073e-02 -1 -1.0000 -1.000000e+00 -1.000000e+00 -1.000000e+00 -1.000000e+00 -1.000000e+00 -1.000000e+00 -1 -1.0000 -1.000000e+00 -1.000000e+00 -1.000000e+00 -1.000000e+00 -1.000000e+00 -1.000000e+00  0  1.1000  3.740272e+11  0.000000e+00  0.000000e+00  3.211243e-01 -1.720363e+01  7.065859e+00  1  1.1000  5.387444e+09  0.000000e+00  0.000000e+00  2.536138e-01 -6.378461e+01  2.766604e-02  2  1.1000  1.702540e+00  0.000000e+00  0.000000e+00  1.300011e-02 -1.436516e+02  0.000000e+00 
1  1.853581e+01  4.448043e+01  4.561000e+03  3.566542e-02 0  2.718258e-01  4.448043e+01 2  12.4623  1.504882e-01 -1.359488e-01  0  2.9140  4.440418e+10  0.000000e+00  0.000000e+00  4.900671e-01  1.513901e+02  1.287058e+01  1  2.9140  1.227544e+08  0.000000e+00  0.000000e+00  5.208796e-01  6.813082e+01  3.928991e-02  2  2.9140  6.971595e+11  5.747649e-01 -1.127460e+00  4.289992e-01  3.439465e+01  4.325893e+00  3  2.9140  6.560739e+09  5.747649e-01 -1.127460e+00  3.007105e-01  1.789120e+01  4.282749e-02  4  2.9140  1.246230e+01  0.000000e+00  0.000000e+00  3.170960e-01  1.178270e+02  0.000000e+00 
1  2.668547e+01  4.837957e+01  1.260000e+02  5.240365e-01 0 -1.000000e+00  4.837957e+01 2  14.7883 -1.603030e-01 -6.620106e-01 -1 -1.0000 -1.000000e+00 -1.000000e+00 -1.000000e+00 -1.000000e+00 -1.000000e+00 -1.000000e+00 -1 -1.0000 -1.000000e+00 -1.000000e+00 -1.000000e+00 -1.000000e+00 -1.000000e+00 -1.000000e+00  0  0.5130  2.722465e+12  0.000000e+00  0.000000e+00  2.003865e-01  1.489051e+02  6.874531e+00  1  0.5130  5.160621e+10  0.000000e+00  0.000000e+00  4.246054e-01  1.616207e+02  2.223158e-01  2  0.5130  1.478830e+01  0.000000e+00  0.000000e+00  2.708423e-01  1.770929e+02  0.000000e+00 
3  6.623983e+01  3.617189e+01  2.134000e+03  3.178280e-01 6 -1.000000e+00  9.345459e+01 1  10.9971  1.222041e-02 -3.266416e-01 -1 -1.0000 -1.000000e+00 -1.000000e+00 -1.000000e+00 -1.000000e+00 -1.000000e+00 -1.000000e+00 -1 -1.0000 -1.000000e+00 -1.000000e+00 -1.000000e+00 -1.000000e+00 -1.000000e+00 -1.000000e+00  0  0.7590  1.101729e+12  0.000000e+00  0.000000e+00  2.805512e-01 -1.667277e+02  5.925668e+00  1  0.7590  3.135628e+10  0.000000e+00  0.000000e+00  5.120081e-01 -2.072796e+02  1.416719e-01  2  0.7590  1.099710e+01  0.000000e+00  0.000000e+00  1.318144e-01 -4.555002e+01  0.000000e+00 
3  4.014741e+02  3.699760e+02  2.960000e+03  5.388453e-01 6  2.770930e-01  6.125788e+02 1   3.7023 -2.998645e-01  8.706815e-01  0  1.4450  1.688180e+12  0.000000e+00  0.000000e+00  2.417330e-02  1.287320e+02  8.757599e+00  1  1.4450  5.677718e+10  0.000000e+00  0.000000e+00  3.033186e-02  9.297582e+01  3.780880e-02  2  1.4450  8.915196e+12  1.953707e-01  1.800210e+01  2.685709e-01  1.091608e+02  3.377629e+00  3  1.4450  1.015926e+11  1.953707e-01  1.800210e+01  2.200354e-01  1.288910e+02  8.480851e-02  4  1.4450  3.702300e+00  0.000000e+00  0.000000e+00  7.781359e-02  5.572518e+01  0.000000e+00 
3  2.161542e+01  2.525129e+01  4.580000e+02  3.611034e-01 6  2.796502e-01  3.601989e+01 1   9.6923 -4.367875e-01  4.036157e-01  0  1.5470  2.875367e+11  0.000000e+00  0.000000e+00  3.907292e-01  6.668114e+01  1.970165e+01  1  1.5470  6.003666e+09  0.000000e+00  0.000000e+00  2.244793e-01  1.010857e+02  4.725404e-02  2  1.5470  1.515328e+12 -1.041481e+00  8.647216e-01  1.855942e-01  1.577319e+02  4.572894e+00  3  1.5470  5.129432e+10 -1.041481e+00  8.647216e-01  3.194417e-01  1.300943e+02  4.792226e-02  4  1.5470  9.692330e+00  0.000000e+00  0.000000e+00  1.464676e-01 -4.747028e+01  0.000000e+00 
3  3.465596e+01  6.620311e+01  3.084000e+03  1.154407e+00 6 -1.000000e+00  7.108844e+01 3  10.3066 -2.234536e-01  1.959565e-01 -1 -1.0000 -1.000000e+00 -1.000000e+00 -1.000000e+00 -1.000000e+00 -1.000000e+00 -1.000000e+00 -1 -1.0000 -1.000000e+00 -1.000000e+00 -1.000000e+00 -1.000000e+00 -1.000000e+00 -1.000000e+00  0  1.5630  9.084534e+12  0.000000e+00  0.000000e+00  2.403267e-02  1.689079e+02  6.360515e+00  1  1.5630  7.384118e+10  0.000000e+00  0.000000e+00  4.760092e-01  2.049457e+02  4.541755e-02  2  1.5630  1.030660e+01  0.000000e+00  0.000000e+00  8.902067e-02 -1.358159e+01  0.000000e+00 
3  1.183800e+02  1.617084e+02  8.147000e+03  2.193121e-01 6 -1.000000e+00  2.101353e+02 3   7.9811 -6.932254e-02 -1.645164e-02 -1 -1.0000 -1.000000e+00 -1.000000e+00 -1.000000e+00 -1.000000e+00 -1.000000e+00 -1.000000e+00 -1 -1.0000 -1.000000e+00 -1.000000e+00 -1.000000e+00 -1.000000e+00 -1.000000e+00 -1.000000e+00  0  2.5480  9.383168e+11  0.000000e+00  0.000000e+00  1.482038e-01 -1.404967e+02  3.731365e+00  1  2.5480  1.374555e+10  0.000000e+00  0.000000e+00  4.856067e-01 -1.267626e+02  1.530590e-02  2  2.5480  7.981120e+00  0.000000e+00  0.000000e+00  3.724008e-02  1.443481e+02  0.000000e+00 
3  2.908692e+02  3.490924e+02  6.505000e+03  1.150913e+00 6 -1.000000e+00  4.386512e+02 1   8.5295 -3.449846e-01 -6.190584e-02 -1 -1.0000 -1.000000e+00 -1.000000e+00 -1.000000e+00 -1.000000e+00 -1.000000e+00 -1.000000e+00 -1 -1.0000 -1.000000e+00 -1.000000e+00 -1.000000e+00 -1.000000e+00 -1.000000e+00 -1.000000e+00  0  0.4060  1.159833e+13  0.000000e+00  0.000000e+00  2.891883e-01  1.379971e+02  4.374356e+00  1  0.4060  1.481983e+11  0.000000e+00  0.000000e+00  1.213977e-01  1.855175e+02  2.514857e-01  2  0.4060  8.529530e+00  0.000000e+00  0.000000e+00  1.102168e-01  1.642550e+02  0.000000e+00 
3  9.804167e+01  1.335943e+01  6.870000e+02  1.183697e+00 6 -1.000000e+00  1.759089e+02 2   8.5126 -1.793351e+00 -5.912800e-01 -1 -1.0000 -1.000000e+00 -1.000000e+00 -1.000000e+00 -1.000000e+00 -1.000000e+00 -1.000000e+00 -1 -1.0000 -1.000000e+00 -1.000000e+00 -1.000000e+00 -1.000000e+00 -1.000000e+00 -1.000000e+00  0  1.3120  3.115007e+13  0.000000e+00  0.000000e+00  3.150349e-01 -7.517943e+01  2.293966e+00  1  1.3120  1.859317e+11  0.000000e+00  0.000000e+00  2.481956e-01 -1.750505e+01  1.224685e-01  2  1.3120  8.512580e+00  0.000000e+00  0.000000e+00  1.040909e-01 -4.707717e+01  0.000000e+00 
2  4.504849e+01  1.268487e+01  3.490000e+03  2.307850e+00 6 -1.000000e+00  8.450329e+01 2  10.4382 -1.204928e+00  4.124342e-01 -1 -1.0000 -1.000000e+00 -1.000000e+00 -1.000000e+00 -1.000000e+00 -1.000000e+00 -1.000000e+00 -1 -1.0000 -1.000000e+00 -1.000000e+00 -1.000000e+00 -1.000000e+00 -1.000000e+00 -1.000000e+00  0  1.5090  1.288084e+13  0.000000e+00  0.000000e+00  2.622434e-01 -8.102588e+01  7.815720e+00  1  1.5090  8.802016e+10  0.000000e+00  0.000000e+00  3.614599e-01 -8.054527e+01  2.125938e-02  2  1.5090  1.043820e+01  0.000000e+00  0.000000e+00  2.419926e-02  5.952797e+01  0.000000e+00 
3  1.762106e+02  1.425522e+02  2.659000e+03  3.786089e-01 6 -1.000000e+00  2.317136e+02 1  15.1563 -2.680038e-01 -6.521994e-02 -1 -1.0000 -1.000000e+00 -1.000000e+00 -1.000000e+00 -1.000000e+00 -1.000000e+00 -1.000000e+00 -1 -1.0000 -1.000000e+00 -1.000000e+00 -1.000000e+00 -1.000000e+00 -1.000000e+00 -1.000000e+00  0  1.5190  1.538511e+12  0.000000e+00  0.000000e+00  1.434375e-01  1.417937e+02  4.056052e+00  1  1.5190  4.018123e+10  0.000000e+00  0.000000e+00  5.220250e-01  1.493156e+02  4.427589e-02  2  1.5190  1.515630e+01  0.000000e+00  0.000000e+00  2.009411e-01 -2.195003e+00  0.000000e+00 
3  2.395216e+02  1.979024e+02  1.169000e+03  1.253875e-01 6 -1.000000e+00  3.404038e+02 1  13.3980 -7.992837e-02  4.836549e-02 -1 -1.0000 -1.000000e+00 -1.000000e+00 -1.000000e+00 -1.000000e+00 -1.000000e+00 -1.000000e+00 -1 -1.0000 -1.000000e+00 -1.000000e+00 -1.000000e+00 -1.000000e+00 -1.000000e+00 -1.000000e+00  0  2.2650  4.758370e+11  0.000000e+00  0.000000e+00  2.368050e-01  1.544266e+02  4.251560e+00  1  2.2650  5.037349e+09  0.000000e+00  0.000000e+00  4.135231e-01  1.534396e+02  1.965905e-02  2  2.2650  1.339800e+01  0.000000e+00  0.000000e+00  1.198925e-01 -1.692993e+02  0.000000e+00 
3  1.511085e+02  8.647440e+01  1.059000e+03  8.034190e-01 6 -1.000000e+00  2.336261e+02 1  10.9760  1.581589e-01 -4.360981e-01 -1 -1.0000 -1.000000e+00 -1.000000e+00 -1.000000e+00 -1.000000e+00 -1.000000e+00 -1.000000e+00 -1 -1.0000 -1.000000e+00 -1.000000e+00 -1.000000e+00 -1.000000e+00 -1.000000e+00 -1.000000e+00  0  0.6980  1.218101e+12  0.000000e+00  0.000000e+00  1.842462e-01  1.176454e+02  7.916586e+00  1  0.6980  5.803292e+10  0.000000e+00  0.000000e+00  3.026332e-01  9.771710e+01  6.576311e-02  2  0.6980  1.097600e+01  0.000000e+00  0.000000e+00  1.819051e-01 -1.421969e+02  0.000000e+00 
2  3.543526e+02  7.579120e+00  5.422000e+03  2.196728e+00 6  2.853505e-01  8.924023e+02 2   5.3697  2.291627e-01 -2.164511e+00  0  0.7680  5.004565e+12  0.000000e+00  0.000000e+00  3.789837e-01  1.471174e+02  1.289462e+01  1  0.7680  7.814415e+10  0.000000e+00  0.000000e+00  5.309724e-01  1.874490e+02  1.228509e-01  2  0.7680  4.210352e+13 -4.750420e-01 -3.810789e+00  2.365896e-01 -5.844178e+00  3.487550e+00  3  0.7680  2.091894e+11 -4.750420e-01 -3.810789e+00  6.195963e-01 -5.953896e+01  1.865313e-01  4  0.7680  5.369730e+00  0.000000e+00  0.000000e+00  1.161360e-01 -8.262698e+01  0.000000e+00 
3  7.205720e+01  4.163435e+01  7.068000e+03  8.457498e-01 6  2.791506e-01  1.012177e+02 1   6.1666  1.086098e+00  1.367578e+00  0  0.9660  2.940857e+12  0.000000e+00  0.000000e+00  4.266995e-01  1.394648e+02  8.750450e+00  1  0.9660  6.263600e+10  0.000000e+00  0.000000e+00  4.055519e-01  1.203103e+02  7.279045e-02  2  0.9660  1.034777e+13  1.394201e+01  1.180965e+01  4.057951e-01 -1.920246e+00  4.339289e+00  3  0.9660  1.223006e+11  1.394201e+01  1.180965e+01  6.709710e-01 -4.058561e+00  9.546954e-02  4  0.9660  6.166630e+00  0.000000e+00  0.000000e+00  3.213495e-02  3.477533e+01  0.000000e+00 
1  7.539486e+01  1.467047e+02  7.210000e+02  2.078590e+00 0  2.756110e-01  1.467047e+02 2   8.9615  5.675601e+00  1.511836e+00  0  1.0690  9.369362e+12  0.000000e+00  0.000000e+00  3.374735e-01 -2.677572e+01  9.609862e+00  1  1.0690  2.156535e+11  0.000000e+00  0.000000e+00  4.773807e-01 -7.029153e+01  2.752855e-01  2  1.0690  5.308722e+13  6.221739e+01 -5.639218e+01  6.907842e-01  2.361145e+01  5.166508e+00  3  1.0690  1.883558e+11  6.221739e+01 -5.639218e+01  3.000730e-01 -4.588054e+01  8.745981e-02  4  1.0690  8.961520e+00  0.000000e+00  0.000000e+00  2.848852e-01 -4.480276e+01  0.000000e+00 
3  9.853274e+00  1.180535e+01  2.610000e+03  1.060420e+00 6 -1.000000e+00  1.851880e+01 3   8.5124 -2.986956e-01 -1.974615e-01 -1 -1.0000 -1.000000e+00 -1.000000e+00 -1.000000e+00 -1.000000e+00 -1.000000e+00 -1.000000e+00 -1 -1.0000 -1.000000e+00 -1.000000e+00 -1.000000e+00 -1.000000e+00 -1.000000e+00 -1.000000e+00  0  1.4830  8.126362e+12  0.000000e+00  0.000000e+00  6.361359e-02  8.796691e+01  4.510699e+00  1  1.4830  8.808428e+10  0.000000e+00  0.000000e+00  6.087611e-01  6.992077e+01  8.679453e-02  2  1.4830  8.512430e+00  0.000000e+00  0.000000e+00  5.248631e-02  6.130577e+01  0.000000e+00 
3  3.066551e+02  2.577766e+02  1.105000e+03  7.331205e-01 6 -1.000000e+00  6.456149e+02 3  11.5406 -4.341388e-01  4.672974e-02 -1 -1.0000 -1.000000e+00 -1.000000e+00 -1.000000e+00 -1.000000e+00 -1.000000e+00 -1.000000e+00 -1 -1.0000 -1.000000e+00 -1.000000e+00 -1.000000e+00 -1.000000e+00 -1.000000e+00 -1.000000e+00  0  2.1050  5.889009e+12  0.000000e+00  0.000000e+00  2.929816e-01  2.654700e+01  3.954478e+00  1  2.1050  1.149023e+11  0.000000e+00  0.000000e+00  5.333540e-01  3.174571e+01  6.381776e-02  2  2.1050  1.154060e+01  0.000000e+00  0.000000e+00  1.218415e-01  9.847702e+01  0.000000e+00 
3  8.958622e+01  8.583719e+01  2.304000e+03  5.809379e-01 6 -1.000000e+00  1.866223e+02 3  13.6695 -7.379935e-02 -2.485966e-01 -1 -1.0000 -1.000000e+00 -1.000000e+00 -1.000000e+00 -1.000000e+00 -1.000000e+00 -1.000000e+00 -1 -1.0000 -1.000000e+00 -1.000000e+00 -1.000000e+00 -1.000000e+00 -1.000000e+00 -1.000000e+00  0  0.6970  2.360789e+12  0.000000e+00  0.000000e+00  1.924366e-01  1.525198e+01  4.471165e+00  1  0.6970  7.190845e+10  0.000000e+00  0.000000e+00  2.220703e-01  3.888724e+01  2.490147e-01  2  0.6970  1.366950e+01  0.000000e+00  0.000000e+00  1.203458e-01  1.381105e+02  0.000000e+00 
3  3.734387e+02  1.585905e+02  9.216000e+03  5.129452e-01 6  2.793367e-01  4.813277e+02 1  12.0740  8.224230e-01  1.270333e-01  0  1.2210  6.057159e+11  0.000000e+00  0.000000e+00  2.176531e-01  9.783685e+01  1.459270e+01  1  1.2210  2.184957e+10  0.000000e+00  0.000000e+00  2.704186e-01  1.231358e+02  5.451829e-02  2  1.2210  2.148600e+12  5.837820e+00  7.172968e+00  3.930970e-01 -1.790085e+02  8.039098e+00  3  1.2210  6.533860e+10  5.837820e+00  7.172968e+00  4.579813e-01 -1.555024e+02  8.939991e-02  4  1.2210  1.207400e+01  0.000000e+00  0.000000e+00  3.396954e-01  1.788125e+02  0.000000e+00 
3  1.092158e+02  8.651379e+01  7.131000e+03  3.952967e-01 6 -1.000000e+00  2.120793e+02 3  12.0746  1.322834e-01  1.142402e-01 -1 -1.0000 -1.000000e+00 -1.000000e+00 -1.000000e+00 -1.000000e+00 -1.000000e+00 -1.000000e+00 -1 -1.0000 -1.000000e+00 -1.000000e+00 -1.000000e+00 -1.000000e+00 -1.000000e+00 -1.000000e+00  0  1.4100  1.184573e+12  0.000000e+00  0.000000e+00  2.608488e-01  6.229148e+00  6.134882e+00  1  1.4100  2.750136e+10  0.000000e+00  0.000000e+00  4.179152e-02  7.399764e+01  8.694436e-02  2  1.4100  1.207460e+01  0.000000e+00  0.000000e+00  1.735147e-01  1.358281e+02  0.000000e+00 
3  1.256549e+02  1.618506e+02  1.440000e+02  6.227963e-01 6 -1.000000e+00  1.647883e+02 1  13.6705  3.875801e-01  3.472828e-02 -1 -1.0000 -1.000000e+00 -1.000000e+00 -1.000000e+00 -1.000000e+00 -1.000000e+00 -1.000000e+00 -1 -1.0000 -1.000000e+00 -1.000000e+00 -1.000000e+00 -1.000000e+00 -1.000000e+00 -1.000000e+00  0  0.4070  2.540107e+12  0.000000e+00  0.000000e+00  3.540688e-01  1.426404e+02  6.026980e+00  1  0.4070  6.745026e+10  0.000000e+00  0.000000e+00  1.666962e-01  1.593983e+02  3.432010e-01  2  0.4070  1.367050e+01  0.000000e+00  0.000000e+00  1.678311e-01 -1.680073e+02  0.000000e+00 
4  3.716952e+01  7.558657e+01  1.442000e+03  4.511219e+00 6 -1.000000e+00  2.156677e+02 3  13.9054 -1.781330e+00 -8.102717e-01 -1 -1.0000 -1.000000e+00 -1.000000e+00 -1.000000e+00 -1.000000e+00 -1.000000e+00 -1.000000e+00 -1 -1.0000 -1.000000e+00 -1.000000e+00 -1.000000e+00 -1.000000e+00 -1.000000e+00 -1.000000e+00  0  0.9840  7.422466e+13  0.000000e+00  0.000000e+00  2.803013e-01  3.769389e+01  5.528783e+00  1  0.9840  2.367210e+11  0.000000e+00  0.000000e+00  2.722174e-01  8.104543e+00  1.224444e-01  2  0.9840  1.390540e+01  0.000000e+00  0.000000e+00  2.571000e-01 -1.507768e+02  0.000000e+00 
1  2.653542e+02  7.283165e+02  9.536000e+03  8.148113e-01 0 -1.000000e+00  7.283165e+02 2   8.2560 -2.857420e-02  6.935762e-01 -1 -1.0000 -1.000000e+00 -1.000000e+00 -1.000000e+00 -1.000000e+00 -1.000000e+00 -1.000000e+00 -1 -1.0000 -1.000000e+00 -1.000000e+00 -1.000000e+00 -1.000000e+00 -1.000000e+00 -1.000000e+00  0  1.3170  2.913340e+12  0.000000e+00  0.000000e+00  2.135719e-01 -1.686234e+02  7.289208e+00  1  1.3170  6.188145e+10  0.000000e+00  0.000000e+00  5.357652e-01 -7.957255e+01  2.004253e-01  2  1.3170  8.256000e+00  0.000000e+00  0.000000e+00  1.998377e-01  1.799674e+02  0.000000e+00 
1  7.321008e+01  1.315666e+02  2.743000e+03  1.840785e+00 0  2.660605e-01  1.315666e+02 2   2.7356 -8.299902e-01  7.067178e-02  0  1.3390  5.166932e+12  0.000000e+00  0.000000e+00  3.573697e-01  6.582964e+01  1.822391e+01  1  1.3390  9.860574e+10  0.000000e+00  0.000000e+00  1.396648e-01  7.562695e+01  7.431308e-02  2  1.3390  2.037641e+14 -1.517004e+01 -1.266402e+01  6.920386e-01 -4.495211e+01  6.038206e+00  3  1.3390  2.420374e+11 -1.517004e+01 -1.266402e+01  5.021035e-01  6.590360e+00  1.336839e-01  4  1.3390  2.735610e+00  0.000000e+00  0.000000e+00  1.062704e-01 -3.112572e+01  0.000000e+00 
3  1.023805e+02  1.293470e+02  4.000000e+03  6.598761e-01 6 -1.000000e+00  1.835877e+02 3   8.4050 -1.227118e-01 -1.011230e-01 -1 -1.0000 -1.000000e+00 -1.000000e+00 -1.000000e+00 -1.000000e+00 -1.000000e+00 -1.000000e+00 -1 -1.0000 -1.000000e+00 -1.000000e+00 -1.000000e+00 -1.000000e+00 -1.000000e+00 -1.000000e+00  0  1.3670  3.365848e+12  0.000000e+00  0.000000e+00  2.378525e-01  1.065004e+02  4.127405e+00  1  1.3670  7.242672e+10  0.000000e+00  0.000000e+00  1.600864e-01  1.313373e+02  6.819627e-02  2  1.3670  8.405020e+00  0.000000e+00  0.000000e+00  7.360158e-02  6.749814e+01  0.000000e+00 
3  4.698831e+01  4.452060e+01  3.620000e+02  3.235103e-01 6 -1.000000e+00  1.400772e+02 3   3.7568  4.018566e-02 -1.034047e-01 -1 -1.0000 -1.000000e+00 -1.000000e+00 -1.000000e+00 -1.000000e+00 -1.000000e+00 -1.000000e+00 -1 -1.0000 -1.000000e+00 -1.000000e+00 -1.000000e+00 -1.000000e+00 -1.000000e+00 -1.000000e+00  0  2.2190  2.947691e+12  0.000000e+00  0.000000e+00  2.888589e-01 -1.282763e+02  4.940786e+00  1  2.2190  5.690242e+10  0.000000e+00  0.000000e+00  1.310451e-01 -1.368812e+02  6.818437e-02  2  2.2190  3.756820e+00  0.000000e+00  0.000000e+00  8.163739e-02  3.879106e+00  0.000000e+00 
1  6.759023e+01  1.322207e+02  7.446000e+03  8.536692e-01 0 -1.000000e+00  1.322207e+02 2   6.2177  5.240982e-01 -1.440772e-01 -1 -1.0000 -1.000000e+00 -1.000000e+00 -1.000000e+00 -1.000000e+00 -1.000000e+00 -1.000000e+00 -1 -1.0000 -1.000000e+00 -1.000000e+00 -1.000000e+00 -1.000000e+00 -1.000000e+00 -1.000000e+00  0  0.5190  1.797768e+12  0.000000e+00  0.000000e+00  3.747575e-01  1.122828e+02  9.842013e+00  1  0.5190  5.660950e+10  0.000000e+00  0.000000e+00  4.246806e-01  8.985379e+01  2.627936e-01  2  0.5190  6.217750e+00  0.000000e+00  0.000000e+00  1.264788e-01 -1.259963e+02  0.000000e+00 
2  1.506589e+02  4.729166e+00  8.900000e+03  4.411702e-01 6  2.702165e-01  1.352980e+01 1  16.4359 -5.924441e-01 -7.831933e-01  0  2.4960  7.277127e+11  0.000000e+00  0.000000e+00  2.522833e-01  5.019920e+01  8.538708e+00  1  2.4960  2.035808e+10  0.000000e+00  0.000000e+00  3.760517e-01  1.104466e+01  2.807736e-02  2  2.4960  1.934818e+12  6.779889e-01 -2.626886e+00  1.209710e-01  1.590693e+02  2.548092e+00  3  2.4960  4.565622e+10  6.779889e-01 -2.626886e+00  4.281533e-01  1.884912e+02  3.815647e-02  4  2.4960  1.643590e+01  0.000000e+00  0.000000e+00  2.334249e-01 -1.790900e+02  0.000000e+00 
3  1.979314e+02  1.592605e+02  1.700000e+01  7.840392e-01 6 -1.000000e+00  2.687722e+02 1   5.9180 -2.681749e-01  3.848741e-02 -1 -1.0000 -1.000000e+00 -1.000000e+00 -1.000000e+00 -1.000000e+00 -1.000000e+00 -1.000000e+00 -1 -1.0000 -1.000000e+00 -1.000000e+00 -1.000000e+00 -1.000000e+00 -1.000000e+00 -1.000000e+00  0  0.5870  3.598828e+12  0.000000e+00  0.000000e+00  4.065558e-01 -1.406910e+02  6.685556e+00  1  0.5870  7.356734e+10  0.000000e+00  0.000000e+00  6.598588e-02 -1.421259e+02  1.374137e-01  2  0.5870  5.917990e+00  0.000000e+00  0.000000e+00  1.877160e-01 -1.480105e+02  0.000000e+00 
3  7.322317e+00  4.092253e+00  6.890000e+02  5.483649e-01 6 -1.000000e+00  1.930316e+01 2  13.3981  3.145860e-01  2.824018e-01 -1 -1.0000 -1.000000e+00 -1.000000e+00 -1.000000e+00 -1.000000e+00 -1.000000e+00 -1.000000e+00 -1 -1.0000 -1.000000e+00 -1.000000e+00 -1.000000e+00 -1.000000e+00 -1.000000e+00 -1.000000e+00  0  0.7120  2.605433e+12  0.000000e+00  0.000000e+00  4.928600e-02  1.613787e+02  6.303353e+00  1  0.7120  5.239659e+10  0.000000e+00  0.000000e+00  4.054901e-01  1.842873e+02  8.463932e-02  2  0.7120  1.339810e+01  0.000000e+00  0.000000e+00  2.049922e-01  1.247719e+02  0.000000e+00 
3  2.097353e+02  4.644892e+01  5.487000e+03  1.195409e+00 6 -1.000000e+00  4.017886e+02 2  13.0701 -7.081933e-01  9.881497e-01 -1 -1.0000 -1.000000e+00 -1.000000e+00 -1.000000e+00 -1.000000e+00 -1.000000e+00 -1.000000e+00 -1 -1.0000 -1.000000e+00 -1.000000e+00 -1.000000e+00 -1.000000e+00 -1.000000e+00 -1.000000e+00  0  1.2330  9.324523e+12  0.000000e+00  0.000000e+00  1.201442e-01 -8.669033e+00  5.100152e+00  1  1.2330  9.076858e+10  0.000000e+00  0.000000e+00  3.398398e-01 -6.851379e+01  5.714114e-02  2  1.2330  1.307010e+01  0.000000e+00  0.000000e+00  1.485500e-01  4.638357e+01  0.000000e+00 
3  5.617485e+01  1.511774e+01  3.850000e+02  1.014566e+00 6 -1.000000e+00  1.131449e+02 2  16.7158  9.676001e-01 -3.264468e-01 -1 -1.0000 -1.000000e+00 -1.000000e+00 -1.000000e+00 -1.000000e+00 -1.000000e+00 -1.000000e+00 -1 -1.0000 -1.000000e+00 -1.000000e+00 -1.000000e+00 -1.000000e+00 -1.000000e+00 -1.000000e+00  0  0.8560  9.956187e+12  0.000000e+00  0.000000e+00  3.053795e-01  7.441328e+01  3.731947e+00  1  0.8560  1.127447e+11  0.000000e+00  0.000000e+00  3.333431e-01  5.227447e+01  1.635146e-01  2  0.8560  1.671580e+01  0.000000e+00  0.000000e+00  1.657311e-01 -1.198571e+02  0.000000e+00 
3  7.701687e+01  6.217526e+01  7.850000e+02  2.307173e+00 6 -1.000000e+00  1.153622e+02 1  14.4283 -5.402063e-01 -5.021067e-01 -1 -1.0000 -1.000000e+00 -1.000000e+00 -1.000000e+00 -1.000000e+00 -1.000000e+00 -1.000000e+00 -1 -1.0000 -1.000000e+00 -1.000000e+00 -1.000000e+00 -1.000000e+00 -1.000000e+00 -1.000000e+00  0  1.1680  2.651324e+13  0.000000e+00  0.000000e+00  4.568721e-01  9.552662e+01  4.286612e+00  1  1.1680  1.529833e+11  0.000000e+00  0.000000e+00  2.761998e-01  9.303465e+01  1.587703e-01  2  1.1680  1.442830e+01  0.000000e+00  0.000000e+00  2.561849e-01  5.561571e+01  0.000000e+00 
1  3.767173e+02  6.644459e+02  4.281000e+03  1.762018e-01 0  2.823859e-01  6.644459e+02 2   5.8132  1.153686e-01  5.334204e-01  0  1.3820  3.040032e+11  0.000000e+00  0.000000e+00  2.389837e-01 -8.102141e+01  1.388148e+01  1  1.3820  7.164365e+09  0.000000e+00  0.000000e+00  2.068523e-01 -2.742756e+01  1.965467e-01  2  1.3820  1.677086e+12  2.077980e+00  9.088335e+00  3.878204e-01  1.023810e+02  3.600834e+00  3  1.3820  5.591401e+10  2.077980e+00  9.088335e+00  4.171768e-01  1.339998e+02  1.063042e-01  4  1.3820  5.813230e+00  0.000000e+00  0.000000e+00  1.195366e-01 -5.151980e+01  0.000000e+00 
3  1.595408e+01  2.223414e+01  8.391000e+03  2.143361e+00 6 -1.000000e+00  2.551232e+01 1  14.1041  8.456528e-02  7.837206e-01 -1 -1.0000 -1.000000e+00 -1.000000e+00 -1.000000e+00 -1.000000e+00 -1.000000e+00 -1.000000e+00 -1 -1.0000 -1.000000e+00 -1.000000e+00 -1.000000e+00 -1.000000e+00 -1.000000e+00 -1.000000e+00  0  0.6560  1.604944e+13  0.000000e+00  0.000000e+00  4.476714e-01  6.141202e+01  7.379429e+00  1  0.6560  1.357182e+11  0.000000e+00  0.000000e+00  5.534758e-01  7.258956e+01  2.351827e-01  2  0.6560  1.410410e+01  0.000000e+00  0.000000e+00  3.600681e-02  1.374774e+02  0.000000e+00 
3  1.115808e+02  4.732782e+01  4.567000e+03  2.154567e-01 6 -1.000000e+00  2.830997e+02 2  12.4620 -1.810586e-01 -1.467823e-01 -1 -1.0000 -1.000000e+00 -1.000000e+00 -1.000000e+00 -1.000000e+00 -1.000000e+00 -1.000000e+00 -1 -1.0000 -1.000000e+00 -1.000000e+00 -1.000000e+00 -1.000000e+00 -1.000000e+00 -1.000000e+00  0  1.6740  1.442626e+12  0.000000e+00  0.000000e+00  3.486738e-02 -6.185880e+01  4.202721e+00  1  1.6740  2.277521e+10  0.000000e+00  0.000000e+00  7.695783e-01 -3.005048e+01  3.807704e-02  2  1.6740  1.246200e+01  0.000000e+00  0.000000e+00  1.476122e-01  1.198503e+02  0.000000e+00 
3  1.390879e+01  1.785219e+01  2.494000e+03  5.621805e-01 6  2.714352e-01  2.473220e+01 3   7.8774 -2.113385e-01 -2.565339e-01  0  1.9920  1.734198e+12  0.000000e+00  0.000000e+00  4.330605e-01  1.626178e+02  1.138290e+01  1  1.9920  5.033384e+10  0.000000e+00  0.000000e+00  3.878016e-01  1.797112e+02  8.869351e-02  2  1.9920  4.000685e+12 -2.445423e+01 -3.882063e+00  4.042216e-01 -1.042114e+02  3.847095e+00  3  1.9920  8.942021e+10 -2.445423e+01 -3.882063e+00  4.968993e-01 -1.403919e+02  5.277441e-02  4  1.9920  7.877430e+00  0.000000e+00  0.000000e+00  9.614414e-02 -1.842110e+01  0.000000e+00 
1  5.064773e+01  1.056148e+02  2.059000e+03  1.723084e-02 0 -1.000000e+00  1.056148e+02 2  12.5943  3.314443e-02 -5.813799e-03 -1 -1.0000 -1.000000e+00 -1.000000e+00 -1.000000e+00 -1.000000e+00 -1.000000e+00 -1.000000e+00 -1 -1.0000 -1.000000e+00 -1.000000e+00 -1.000000e+00 -1.000000e+00 -1.000000e+00 -1.000000e+00  0  1.3470  9.842698e+10  0.000000e+00  0.000000e+00  3.326717e-01  9.855694e+01  9.289536e+00  1  1.3470  4.025971e+08  0.000000e+00  0.000000e+00  3.870779e-01  8.430063e+01  1.104259e-01  2  1.3470  1.259430e+01  0.000000e+00  0.000000e+00  5.567629e-02  8.277476e+01  0.000000e+00 
3  2.035311e+02  1.046945e+02  1.648000e+03  4.515923e-01 6 -1.000000e+00  2.854040e+02 1   5.7356 -3.533454e-01 -2.977288e-01 -1 -1.0000 -1.000000e+00 -1.000000e+00 -1.000000e+00 -1.000000e+00 -1.000000e+00 -1.000000e+00 -1 -1.0000 -1.000000e+00 -1.000000e+00 -1.000000e+00 -1.000000e+00 -1.000000e+00 -1.000000e+00  0  1.6700  2.714701e+12  0.000000e+00  0.000000e+00  2.249226e-01  1.433022e+02  3.708324e+00  1  1.6700  7.544860e+10  0.000000e+00  0.000000e+00  3.570199e-01  1.797266e+02  4.623729e-02  2  1.6700  5.735570e+00  0.000000e+00  0.000000e+00  1.127736e-01 -1.059342e+02  0.000000e+00 
3  7.927667e+02  6.442045e+02  4.566000e+03  1.267855e+00 6 -1.000000e+00  1.140438e+03 1   5.1867  1.559016e-01  7.442706e-01 -1 -1.0000 -1.000000e+00 -1.000000e+00 -1.000000e+00 -1.000000e+00 -1.000000e+00 -1.000000e+00 -1 -1.0000 -1.000000e+00 -1.000000e+00 -1.000000e+00 -1.000000e+00 -1.000000e+00 -1.000000e+00  0  0.2690  1.136057e+13  0.000000e+00  0.000000e+00  2.300235e-01  1.739758e+02  5.394585e+00  1  0.2690  1.097996e+11  0.000000e+00  0.000000e+00  3.268180e-02  2.088574e+02  1.297426e-01  2  0.2690  5.186650e+00  0.000000e+00  0.000000e+00  9.212531e-02 -9.535458e+01  0.000000e+00 
3  5.552321e+01  4.902052e+01  3.570000e+03  7.005487e-01 6  2.925443e-01  7.856604e+01 1   4.3605 -5.801810e-01  5.607615e-01  0  0.5470  9.107407e+11  0.000000e+00  0.000000e+00  2.872967e-01 -1.411655e+02  1.569550e+01  1  0.5470  4.742332e+10  0.000000e+00  0.000000e+00  2.714148e-01 -1.719560e+02  1.415146e-01  2  0.5470  5.122493e+12 -3.325114e+00  6.130475e+00  2.722980e-01 -2.099002e+00  6.072786e+00  3  0.5470  6.910919e+10 -3.325114e+00  6.130475e+00  4.203636e-01 -8.376694e+01  2.231480e-01  4  0.5470  4.360450e+00  0.000000e+00  0.000000e+00  1.533136e-01 -1.312664e+02  0.000000e+00 
3  4.162123e+01  9.306528e+01  9.230000e+02  6.256339e-01 6 -1.000000e+00  1.422997e+02 3  15.1556 -6.079075e-02  1.756455e-02 -1 -1.0000 -1.000000e+00 -1.000000e+00 -1.000000e+00 -1.000000e+00 -1.000000e+00 -1.000000e+00 -1 -1.0000 -1.000000e+00 -1.000000e+00 -1.000000e+00 -1.000000e+00 -1.000000e+00 -1.000000e+00  0  0.8950  1.115428e+12  0.000000e+00  0.000000e+00  1.754709e-01  1.330975e+01  1.143584e+01  1  0.8950  3.049014e+10  0.000000e+00  0.000000e+00  2.341766e-01  7.038893e+01  4.515593e-02  2  0.8950  1.515560e+01  0.000000e+00  0.000000e+00  7.308057e-02 -7.718033e+01  0.000000e+00 
3  7.701687e+01  7.680356e+01  7.850000e+02  1.190732e-01 6 -1.000000e+00  1.070651e+02 1  14.4283 -2.974403e-02 -7.680263e-02 -1 -1.0000 -1.000000e+00 -1.000000e+00 -1.000000e+00 -1.000000e+00 -1.000000e+00 -1.000000e+00 -1 -1.0000 -1.000000e+00 -1.000000e+00 -1.000000e+00 -1.000000e+00 -1.000000e+00 -1.000000e+00  0  2.5740  5.117484e+11  0.000000e+00  0.000000e+00  1.820253e-01 -4.503848e+01  3.408013e+00  1  2.5740  3.236027e+09  0.000000e+00  0.000000e+00  4.890485e-02 -6.226940e+01  1.474608e-02  2  2.5740  1.442830e+01  0.000000e+00  0.000000e+00  3.020026e-01 -1.211548e+02  0.000000e+00 
3  6.918785e+02  8.814372e+02  2.969000e+03  6.709980e-01 6 -1.000000e+00  9.206290e+02 1   4.7101  5.985030e-01 -4.490924e-02 -1 -1.0000 -1.000000e+00 -1.000000e+00 -1.000000e+00 -1.000000e+00 -1.000000e+00 -1.000000e+00 -1 -1.0000 -1.000000e+00 -1.000000e+00 -1.000000e+00 -1.000000e+00 -1.000000e+00 -1.000000e+00  0  0.5100  5.456015e+12  0.000000e+00  0.000000e+00  3.026903e-01  1.756128e+02  7.951575e+00  1  0.5100  6.748983e+10  0.000000e+00  0.000000e+00  4.084749e-01  1.798513e+02  2.289597e-01  2  0.5100  4.710090e+00  0.000000e+00  0.000000e+00  1.864977e-01  1.760888e+02  0.000000e+00 
2  4.493595e+01  4.345627e+01  1.132000e+03  4.231869e-01 6 -1.000000e+00  8.342711e+01 3   6.5048 -1.369591e-01 -6.881677e-02 -1 -1.0000 -1.000000e+00 -1.000000e+00 -1.000000e+00 -1.000000e+00 -1.000000e+00 -1.000000e+00 -1 -1.0000 -1.000000e+00 -1.000000e+00 -1.000000e+00 -1.000000e+00 -1.000000e+00 -1.000000e+00  0  1.7800  1.198122e+12  0.000000e+00  0.000000e+00  4.715995e-01  1.660641e+02  7.118618e+00  1  1.7800  3.258502e+10  0.000000e+00  0.000000e+00  3.392824e-01  1.224301e+02  1.473268e-02  2  1.7800  6.504780e+00  0.000000e+00  0.000000e+00  8.770872e-02 -8.433495e+01  0.000000e+00 
3  1.216022e+02  9.600226e+01  2.354000e+03  9.015578e-01 6 -1.000000e+00  2.320386e+02 3   9.6923  4.375008e-01 -1.708635e-01 -1 -1.0000 -1.000000e+00 -1.000000e+00 -1.000000e+00 -1.000000e+00 -1.000000e+00 -1.000000e+00 -1 -1.0000 -1.000000e+00 -1.000000e+00 -1.000000e+00 -1.000000e+00 -1.000000e+00 -1.000000e+00  0  2.3830  3.639444e+12  0.000000e+00  0.000000e+00  4.338847e-02  8.173726e+01  7.849251e+00  1  2.3830  5.713668e+10  0.000000e+00  0.000000e+00  7.779768e-02  1.276576e+02  4.228833e-02  2  2.3830  9.692330e+00  0.000000e+00  0.000000e+00  3.590537e-02 -1.448206e+02  0.000000e+00 
3  2.486034e+01  1.134431e+01  5.415000e+03  8.078146e-01 6 -1.000000e+00  3.125294e+01 1  12.1332  3.132649e-01 -5.454956e-01 -1 -1.0000 -1.000000e+00 -1.000000e+00 -1.000000e+00 -1.000000e+00 -1.000000e+00 -1.000000e+00 -1 -1.0000 -1.000000e+00 -1.000000e+00 -1.000000e+00 -1.000000e+00 -1.000000e+00 -1.000000e+00  0  0.2520  8.508054e+11  0.000000e+00  0.000000e+00  2.971214e-01 -7.775365e+01  1.188336e+01  1  0.2520  3.564335e+10  0.000000e+00  0.000000e+00  3.913462e-01 -1.135380e+02  1.172773e-01  2  0.2520  1.213320e+01  0.000000e+00  0.000000e+00  8.817273e-02 -1.171615e+02  0.000000e+00 
3  2.768017e+02  1.404054e+02  7.762000e+03  7.108480e-01 6 -1.000000e+00  3.814870e+02 1   5.6583  5.128099e-01  2.248761e-01 -1 -1.0000 -1.000000e+00 -1.000000e+00 -1.000000e+00 -1.000000e+00 -1.000000e+00 -1.000000e+00 -1 -1.0000 -1.000000e+00 -1.000000e+00 -1.000000e+00 -1.000000e+00 -1.000000e+00 -1.000000e+00  0  0.6550  4.002637e+12  0.000000e+00  0.000000e+00  3.150724e-01 -1.524426e+02  4.817986e+00  1  0.6550  5.192696e+10  0.000000e+00  0.000000e+00  3.471474e-01 -1.129000e+02  6.569879e-02  2  0.6550  5.658310e+00  0.000000e+00  0.000000e+00  3.559925e-02 -6.517705e+01  0.000000e+00 
3  2.436538e+02  2.826451e+02  7.435000e+03  1.034207e+00 6  2.783997e-01  4.438864e+02 3   9.3848 -3.223627e-01  8.354792e-01  0  0.8310  1.875293e+12  0.000000e+00  0.000000e+00  9.986828e-02  6.456760e+01  1.738796e+01  1  0.8310  5.930429e+10  0.000000e+00  0.000000e+00  3.175489e-01  3.348675e+01  9.214450e-02  2  0.8310  4.093545e+12 -1.032912e+01  3.287059e+01  2.642011e-01  5.939274e+01  3.665428e+00  3  0.8310  6.578850e+10 -1.032912e+01  3.287059e+01  3.722744e-01 -5.601960e-01  1.348135e-01  4  0.8310  9.384830e+00  0.000000e+00  0.000000e+00  1.367747e-01 -1.537391e+02  0.000000e+00 
1  3.876884e+02  7.073752e+02  3.108000e+03  1.138874e-01 0 -1.000000e+00  7.073752e+02 2   3.6483  6.442916e-02  9.567005e-02 -1 -1.0000 -1.000000e+00 -1.000000e+00 -1.000000e+00 -1.000000e+00 -1.000000e+00 -1.000000e+00 -1 -1.0000 -1.000000e+00 -1.000000e+00 -1.000000e+00 -1.000000e+00 -1.000000e+00 -1.000000e+00  0  1.0430  3.959645e+11  0.000000e+00  0.000000e+00  2.988147e-01 -5.597395e+01  7.065652e+00  1  1.0430  6.694864e+09  0.000000e+00  0.000000e+00  3.861127e-01 -3.749832e+01  9.399130e-02  2  1.0430  3.648320e+00  0.000000e+00  0.000000e+00  4.593412e-02  1.741812e+02  0.000000e+00 
3  1.812128e+02  1.580543e+02  1.290000e+03  5.520071e-01 6 -1.000000e+00  3.423376e+02 3   6.8387 -1.668453e-01  1.929883e-01 -1 -1.0000 -1.000000e+00 -1.000000e+00 -1.000000e+00 -1.000000e+00 -1.000000e+00 -1.000000e+00 -1 -1.0000 -1.000000e+00 -1.000000e+00 -1.000000e+00 -1.000000e+00 -1.000000e+00 -1.000000e+00  0  1.1530  3.329276e+12  0.000000e+00  0.000000e+00  4.042703e-01  1.294707e+02  3.501845e+00  1  1.1530  6.627801e+10  0.000000e+00  0.000000e+00  1.505331e-01  2.092810e+02  8.684460e-02  2  1.1530  6.838670e+00  0.000000e+00  0.000000e+00  1.183133e-01  4.227364e+01  0.000000e+00 
1  7.351119e+01  1.720842e+02  1.091000e+03  6.546676e+00 0 -1.000000e+00  1.720842e+02 2  14.0775 -2.349660e+00 -9.680726e+00 -1 -1.0000 -1.000000e+00 -1.000000e+00 -1.000000e+00 -1.000000e+00 -1.000000e+00 -1.000000e+00 -1 -1.0000 -1.000000e+00 -1.000000e+00 -1.000000e+00 -1.000000e+00 -1.000000e+00 -1.000000e+00  0  0.4180  3.723925e+14  0.000000e+00  0.000000e+00  5.582349e-01 -4.883149e+00  4.470184e+00  1  0.4180  7.953567e+11  0.000000e+00  0.000000e+00  1.775307e-01  6.186705e+01  1.251863e+00  2  0.4180  1.407750e+01  0.000000e+00  0.000000e+00  3.211407e-02  1.234073e+02  0.000000e+00 
3  4.523781e+02  5.057380e+02  5.320000e+03  4.106497e-01 6  3.054528e-01  1.627850e+03 2   6.6452 -2.756378e-01  1.164891e+00  0  0.6310  4.600688e+11  0.000000e+00  0.000000e+00  2.745348e-01  9.883629e+01  1.358122e+01  1  0.6310  2.273559e+10  0.000000e+00  0.000000e+00  2.578213e-01  9.311919e+01  2.356274e-01  2  0.6310  1.060832e+13 -2.341008e+01  3.974622e+01  6.429236e-01 -1.362343e+02  7.917046e+00  3  0.6310  1.271426e+11 -2.341008e+01  3.974622e+01  3.481150e-01 -9.680076e+01  1.319720e-01  4  0.6310  6.645160e+00  0.000000e+00  0.000000e+00  7.984341e-02 -9.219461e+01  0.000000e+00 
3  8.850241e+01  3.279703e+01  1.580000e+02  4.179260e-01 6 -1.000000e+00  1.027404e+02 1  15.4595  5.713406e-01 -1.844038e-02 -1 -1.0000 -1.000000e+00 -1.000000e+00 -1.000000e+00 -1.000000e+00 -1.000000e+00 -1.000000e+00 -1 -1.0000 -1.000000e+00 -1.000000e+00 -1.000000e+00 -1.000000e+00 -1.000000e+00 -1.000000e+00  0  0.6510  9.275328e+11  0.000000e+00  0.000000e+00  2.389704e-01  1.590951e+02  3.721636e+00  1  0.6510  3.833134e+10  0.000000e+00  0.000000e+00  1.498900e-01  1.656814e+02  1.268161e-01  2  0.6510  1.545950e+01  0.000000e+00  0.000000e+00  7.014566e-02 -1.609254e+02  0.000000e+00 
3  4.083715e+01  8.379235e+00  2.372000e+03  1.496750e+00 6 -1.000000e+00  7.430687e+01 2   5.2136  1.461390e+00  6.558333e-01 -1 -1.0000 -1.000000e+00 -1.000000e+00 -1.000000e+00 -1.000000e+00 -1.000000e+00 -1.000000e+00 -1 -1.0000 -1.000000e+00 -1.000000e+00 -1.000000e+00 -1.000000e+00 -1.000000e+00 -1.000000e+00  0  1.1600  2.038859e+13  0.000000e+00  0.000000e+00  3.911525e-01  1.271240e+02  4.048108e+00  1  1.1600  1.976375e+11  0.000000e+00  0.000000e+00  2.108211e-01  8.204587e+01  8.227616e-02  2  1.1600  5.213620e+00  0.000000e+00  0.000000e+00  1.002458e-01 -1.093304e+02  0.000000e+00 
3  6.135922e+01  3.852038e+01  1.582000e+03  1.732425e-01 6 -1.000000e+00  9.907633e+01 1   9.4301 -2.196569e-02 -1.070545e-01 -1 -1.0000 -1.000000e+00 -1.000000e+00 -1.000000e+00 -1.000000e+00 -1.000000e+00 -1.000000e+00 -1 -1.0000 -1.000000e+00 -1.000000e+00 -1.000000e+00 -1.000000e+00 -1.000000e+00 -1.000000e+00  0  1.6770  4.456700e+11  0.000000e+00  0.000000e+00  3.153806e-01 -1.785067e+02  6.583343e+00  1  1.6770  4.831959e+09  0.000000e+00  0.000000e+00  2.198210e-01 -2.652647e+02  2.609613e-02  2  1.6770  9.430120e+00  0.000000e+00  0.000000e+00  8.211190e-02  4.949064e+01  0.000000e+00 
3  8.225876e+01  3.831839e+01  1.196000e+03  5.168964e-01 6 -1.000000e+00  1.193284e+02 1  10.3075 -3.690413e-01 -2.432649e-01 -1 -1.0000 -1.000000e+00 -1.000000e+00 -1.000000e+00 -1.000000e+00 -1.000000e+00 -1.000000e+00 -1 -1.0000 -1.000000e+00 -1.000000e+00 -1.000000e+00 -1.000000e+00 -1.000000e+00 -1.000000e+00  0  2.5040  1.989053e+12  0.000000e+00  0.000000e+00  3.297905e-01 -9.794589e+01  4.787410e+00  1  2.5040  5.074413e+10  0.000000e+00  0.000000e+00  1.758396e-01 -2.657371e+01  4.611994e-02  2  2.5040  1.030750e+01  0.000000e+00  0.000000e+00  3.967651e-02 -1.679792e+02  0.000000e+00 
3  5.952258e+01  3.199003e+01  2.550000e+02  3.528585e-01 6 -1.000000e+00  7.937167e+01 1   3.4909 -1.234120e-01 -1.407181e-01 -1 -1.0000 -1.000000e+00 -1.000000e+00 -1.000000e+00 -1.000000e+00 -1.000000e+00 -1.000000e+00 -1 -1.0000 -1.000000e+00 -1.000000e+00 -1.000000e+00 -1.000000e+00 -1.000000e+00 -1.000000e+00  0  1.2950  9.466938e+11  0.000000e+00  0.000000e+00  5.419217e-01 -7.909077e+01  6.005263e+00  1  1.2950  2.226330e+10  0.000000e+00  0.000000e+00  3.136495e-01 -8.490113e+01  2.703652e-02  2  1.2950  3.490930e+00  0.000000e+00  0.000000e+00  9.313532e-02  1.103998e+02  0.000000e+00 
1  1.736748e+02  4.109514e+02  5.000000e+00  1.443444e-01 0 -1.000000e+00  4.109514e+02 2  15.4590  1.296448e-01 -1.298033e-01 -1 -1.0000 -1.000000e+00 -1.000000e+00 -1.000000e+00 -1.000000e+00 -1.000000e+00 -1.000000e+00 -1 -1.0000 -1.000000e+00 -1.000000e+00 -1.000000e+00 -1.000000e+00 -1.000000e+00 -1.000000e+00  0  2.1050  5.380912e+11  0.000000e+00  0.000000e+00  2.841134e-01  7.443546e+01  5.919164e+00  1  2.1050  5.634712e+09  0.000000e+00  0.000000e+00  5.358520e-01  3.227997e+01  6.480582e-02  2  2.1050  1.545900e+01  0.000000e+00  0.000000e+00  2.972240e-01 -1.432234e+02  0.000000e+00 
3  3.066551e+02  1.621477e+02  1.105000e+03  3.597009e-01 6  2.691545e-01  6.910073e+02 2  11.5406 -1.157860e-01  3.206795e-01  0  2.8870  9.308241e+11  0.000000e+00  0.000000e+00  1.589056e-01  1.614970e+02  8.506116e+00  1  2.8870  2.035358e+10  0.000000e+00  0.000000e+00  4.788520e-01  2.066593e+02  3.316286e-02  2  2.8870  2.415543e+12 -7.108242e+00  8.518203e+00  1.794831e-01  9.879568e+01  3.357932e+00  3  2.8870  4.575638e+10 -7.108242e+00  8.518203e+00  4.186357e-01  1.005099e+02  2.517803e-02  4  2.8870  1.154060e+01  0.000000e+00  0.000000e+00  1.589000e-01 -1.203134e+02  0.000000e+00 
3  2.920707e+01  2.056804e+01  6.908000e+03  1.715269e+00 6 -1.000000e+00  4.092124e+01 1  10.6527 -1.379743e+00 -7.356760e-01 -1 -1.0000 -1.000000e+00 -1.000000e+00 -1.000000e+00 -1.000000e+00 -1.000000e+00 -1.000000e+00 -1 -1.0000 -1.000000e+00 -1.000000e+00 -1.000000e+00 -1.000000e+00 -1.000000e+00 -1.000000e+00  0  0.1760  1.225542e+13  0.000000e+00  0.000000e+00  1.544472e-01 -1.659427e+02  1.314745e+01  1  0.1760  1.406131e+11  0.000000e+00  0.000000e+00  4.056894e-01 -2.007626e+02  4.928701e-01  2  0.1760  1.065270e+01  0.000000e+00  0.000000e+00  1.325060e-01 -1.375336e+02  0.000000e+00 
3  1.626789e+01  2.578259e+01  2.852000e+03  2.272722e+00 6 -1.000000e+00  3.651029e+01 3  12.1310 -8.411813e-01 -4.776818e-01 -1 -1.0000 -1.000000e+00 -1.000000e+00 -1.000000e+00 -1.000000e+00 -1.000000e+00 -1.000000e+00 -1 -1.0000 -1.000000e+00 -1.000000e+00 -1.000000e+00 -1.000000e+00 -1.000000e+00 -1.000000e+00  0  0.3820  2.348493e+13  0.000000e+00  0.000000e+00  3.060728e-01 -1.663380e+02  9.419594e+00  1  0.3820  2.332759e+11  0.000000e+00  0.000000e+00  3.891238e-01 -1.403205e+02  5.592245e-01  2  0.3820  1.213100e+01  0.000000e+00  0.000000e+00  6.898222e-02  2.851047e+01  0.000000e+00 
3  1.311705e+02  1.137357e+02  2.093000e+03  6.079428e-01 6 -1.000000e+00  1.790702e+02 1  11.9826  2.674285e-01 -2.798998e-02 -1 -1.0000 -1.000000e+00 -1.000000e+00 -1.000000e+00 -1.000000e+00 -1.000000e+00 -1.000000e+00 -1 -1.0000 -1.000000e+00 -1.000000e+00 -1.000000e+00 -1.000000e+00 -1.000000e+00 -1.000000e+00  0  0.9720  1.388490e+12  0.000000e+00  0.000000e+00  3.349660e-01 -1.657036e+02  4.264383e+00  1  0.9720  5.389775e+10  0.000000e+00  0.000000e+00  3.729476e-01 -2.463987e+02  7.115120e-02  2  0.9720  1.198260e+01  0.000000e+00  0.000000e+00  1.049856e-01  1.358851e+02  0.000000e+00 
3  6.378229e+02  1.231756e+02  5.870000e+02  9.118670e-01 6 -1.000000e+00  1.286416e+03 2   5.1429 -1.049361e+00  5.203140e-01 -1 -1.0000 -1.000000e+00 -1.000000e+00 -1.000000e+00 -1.000000e+00 -1.000000e+00 -1.000000e+00 -1 -1.0000 -1.000000e+00 -1.000000e+00 -1.000000e+00 -1.000000e+00 -1.000000e+00 -1.000000e+00  0  1.1070  4.714552e+12  0.000000e+00  0.000000e+00  1.616736e-01  1.164815e+02  6.177351e+00  1  1.1070  1.122687e+11  0.000000e+00  0.000000e+00  5.436238e-02  7.578114e+01  1.145755e-01  2  1.1070  5.142900e+00  0.000000e+00  0.000000e+00  2.799354e-01 -1.227296e+02  0.000000e+00 
1  5.386917e+01  1.000624e+02  2.426000e+03  2.093508e-02 0  2.922861e-01  1.000624e+02 2   9.3849  8.589226e-02 -8.186831e-02  0  1.6590  8.061279e+09  0.000000e+00  0.000000e+00  2.173424e-01 -1.043557e+02  2.937444e+01  1  1.6590  2.893106e+06  0.000000e+00  0.000000e+00  1.372712e-01 -8.911811e+01  8.163343e-02  2  1.6590  1.113331e+11  6.641406e-01 -4.814748e-01  3.880443e-01 -1.075485e+02  7.226801e+00  3  1.6590  3.610088e+08  6.641406e-01 -4.814748e-01  1.343567e-01 -8.388416e+01  3.023053e-02  4  1.6590  9.384860e+00  0.000000e+00  0.000000e+00  1.374427e-01 -1.637330e+02  0.000000e+00 
3  8.601428e+01  6.964034e+01  6.340000e+02  5.695751e-01 6 -1.000000e+00  1.235648e+02 1  13.2352 -8.398327e-02  3.483036e-01 -1 -1.0000 -1.000000e+00 -1.000000e+00 -1.000000e+00 -1.000000e+00 -1.000000e+00 -1.000000e+00 -1 -1.0000 -1.000000e+00 -1.000000e+00 -1.000000e+00 -1.000000e+00 -1.000000e+00 -1.000000e+00  0  0.7450  2.749014e+12  0.000000e+00  0.000000e+00  1.786429e-01  1.454100e+02  6.109197e+00  1  0.7450  5.069065e+10  0.000000e+00  0.000000e+00  3.831714e-01  1.659430e+02  4.846500e-02  2  0.7450  1.323520e+01  0.000000e+00  0.000000e+00  1.037743e-01 -4.972015e+01  0.000000e+00 
3  9.694555e+01  1.277571e+02  4.920000e+02  4.536702e-01 6 -1.000000e+00  1.521182e+02 1   6.4181  1.880032e-01  5.161438e-02 -1 -1.0000 -1.000000e+00 -1.000000e+00 -1.000000e+00 -1.000000e+00 -1.000000e+00 -1.000000e+00 -1 -1.0000 -1.000000e+00 -1.000000e+00 -1.000000e+00 -1.000000e+00 -1.000000e+00 -1.000000e+00  0  0.7920  1.775240e+12  0.000000e+00  0.000000e+00  1.147502e-01 -1.224520e+01  4.586807e+00  1  0.7920  5.224618e+10  0.000000e+00  0.000000e+00  2.635243e-01 -1.872791e+01  1.392166e-01  2  0.7920  6.418050e+00  0.000000e+00  0.000000e+00  2.930252e-02  3.189657e+01  0.000000e+00 
3  9.387034e+01  1.453518e+02  5.268000e+03  7.934599e-01 6 -1.000000e+00  1.618738e+02 1  10.9977  3.105781e-02  2.492648e-01 -1 -1.0000 -1.000000e+00 -1.000000e+00 -1.000000e+00 -1.000000e+00 -1.000000e+00 -1.000000e+00 -1 -1.0000 -1.000000e+00 -1.000000e+00 -1.000000e+00 -1.000000e+00 -1.000000e+00 -1.000000e+00  0  0.8800  5.553180e+12  0.000000e+00  0.000000e+00  2.812567e-01 -1.151651e+02  5.717219e+00  1  0.8800  8.761085e+10  0.000000e+00  0.000000e+00  4.313400e-01 -1.647367e+02  7.939614e-02  2  0.8800  1.099770e+01  0.000000e+00  0.000000e+00  2.184619e-02 -1.097575e+02  0.000000e+00 
1  4.616923e+02  8.050606e+02  1.986000e+03  1.755682e-01 0  3.034575e-01  8.050606e+02 2   4.8714 -6.833955e-01  3.260812e-02  0  0.9420  1.393371e+11  0.000000e+00  0.000000e+00  1.765752e-01  8.784634e+01  2.714901e+01  1  0.9420  1.481200e+09  0.000000e+00  0.000000e+00  4.628370e-02  1.058825e+02  1.047869e-01  2  0.9420  4.476231e+12 -9.331042e+00  1.641004e+00  2.601208e-01  1.678306e+02  3.567246e+00  3  0.9420  9.317484e+10 -9.331042e+00  1.641004e+00  3.895754e-01  1.304191e+02  5.496449e-02  4  0.9420  4.871430e+00  0.000000e+00  0.000000e+00  9.122337e-02  2.977319e+01  0.000000e+00 
3  2.021384e+02  1.396354e+02  1.116000e+03  5.157859e-01 6 -1.000000e+00  2.642295e+02 1  14.1048 -2.407343e-01  1.234106e-01 -1 -1.0000 -1.000000e+00 -1.000000e+00 -1.000000e+00 -1.000000e+00 -1.000000e+00 -1.000000e+00 -1 -1.0000 -1.000000e+00 -1.000000e+00 -1.000000e+00 -1.000000e+00 -1.000000e+00 -1.000000e+00  0  1.0300  1.526988e+12  0.000000e+00  0.000000e+00  1.873384e-01  1.255379e+02  4.139261e+00  1  1.0300  5.609417e+10  0.000000e+00  0.000000e+00  2.473635e-01  1.571891e+02  6.693179e-02  2  1.0300  1.410480e+01  0.000000e+00  0.000000e+00  2.467366e-01 -8.049991e+01  0.000000e+00 
3  1.071059e+02  1.024070e+02  1.831000e+03  4.359789e-01 6 -1.000000e+00  2.175990e+02 3   5.4324  2.882067e-02 -2.143363e-01 -1 -1.0000 -1.000000e+00 -1.000000e+00 -1.000000e+00 -1.000000e+00 -1.000000e+00 -1.000000e+00 -1 -1.0000 -1.000000e+00 -1.000000e+00 -1.000000e+00 -1.000000e+00 -1.000000e+00 -1.000000e+00  0  1.2600  3.436858e+12  0.000000e+00  0.000000e+00  3.949316e-01  1.701276e+02  5.537404e+00  1  1.2600  5.479317e+10  0.000000e+00  0.000000e+00  5.297161e-01  1.942909e+02  4.097464e-02  2  1.2600  5.432420e+00  0.000000e+00  0.000000e+00  7.565517e-02  9.409340e+01  0.000000e+00 
3  4.172155e+01  2.443787e+01  1.167000e+03  5.104779e-01 6  2.958509e-01  6.967205e+01 1  14.6091  2.584324e-01  1.186727e+00  0  0.8370  4.756893e+11  0.000000e+00  0.000000e+00  5.653206e-03  1.308332e+02  1.851062e+01  1  0.8370  1.706789e+10  0.000000e+00  0.000000e+00  2.944152e-01  7.296659e+01  8.244901e-02  2  0.8370  6.871947e+12 -1.150738e+00  3.842588e+01  3.132957e-01  1.131069e-01  5.551164e+00  3  0.8370  1.003315e+11 -1.150738e+00  3.842588e+01  3.698121e-01  1.431960e+01  2.107908e-01  4  0.8370  1.460910e+01  0.000000e+00  0.000000e+00  9.052220e-02  1.009229e+02  0.000000e+00 
2  6.760390e+01  3.731880e+01  3.462000e+03  5.687035e-01 6  2.837471e-01  9.853335e+01 1   5.2136 -2.756025e+00 -1.055159e+00  0  1.2890  1.257899e+12  0.000000e+00  0.000000e+00  1.819806e-01 -7.855387e+01  9.782498e+00  1  1.2890  3.827325e+10  0.000000e+00  0.000000e+00  1.703084e-01 -1.288629e+02  2.397541e-02  2  1.2890  3.221044e+13 -2.392530e+01 -6.746900e+00  2.028406e-01 -1.016735e+02  2.239352e+00  3  1.2890  1.793216e+11 -2.392530e+01 -6.746900e+00  2.026648e-01 -1.145922e+02  9.700312e-02  4  1.2890  5.213570e+00  0.000000e+00  0.000000e+00  1.985078e-01 -1.075030e+02  0.000000e+00 
3  2.211573e+02  1.616341e+02  9.323000e+03  3.538980e-01 6 -1.000000e+00  3.877494e+02 3   3.7565 -2.349270e-02  2.232893e-01 -1 -1.0000 -1.000000e+00 -1.000000e+00 -1.000000e+00 -1.000000e+00 -1.000000e+00 -1.000000e+00 -1 -1.0000 -1.000000e+00 -1.000000e+00 -1.000000e+00 -1.000000e+00 -1.000000e+00 -1.000000e+00  0  1.4340  1.949592e+12  0.000000e+00  0.000000e+00  1.999931e-01  1.248726e+01  5.231132e+00  1  1.4340  5.640895e+10  0.000000e+00  0.000000e+00  1.193724e-01 -4.552049e+00  1.590360e-01  2  1.4340  3.756490e+00  0.000000e+00  0.000000e+00  9.336799e-02  1.515481e+02  0.000000e+00 
3  7.597430e+01  4.796332e+01  6.400000e+02  1.598096e-01 6 -1.000000e+00  1.219822e+02 1   5.2136  9.884983e-02 -2.346723e-02 -1 -1.0000 -1.000000e+00 -1.000000e+00 -1.000000e+00 -1.000000e+00 -1.000000e+00 -1.000000e+00 -1 -1.0000 -1.000000e+00 -1.000000e+00 -1.000000e+00 -1.000000e+00 -1.000000e+00 -1.000000e+00  0  1.5850  5.378088e+11  0.000000e+00  0.000000e+00  1.287546e-01  8.436759e+01  3.696752e+00  1  1.5850  9.302545e+09  0.000000e+00  0.000000e+00  1.695276e-03  9.575615e+01  4.058948e-02  2  1.5850  5.213620e+00  0.000000e+00  0.000000e+00  1.043616e-01 -1.273015e+02  0.000000e+00 
1  7.422710e+01  1.344543e+02  7.028000e+03  3.644396e-02 0  2.739747e-01  1.344543e+02 2  11.2552  1.456691e-01 -9.565310e-02  0  2.4200  5.072112e+10  0.000000e+00  0.000000e+00  2.663950e-01  1.182241e+02  1.429016e+01  1  2.4200  1.208358e+08  0.000000e+00  0.000000e+00  1.842181e-01  1.217560e+02  4.894571e-02  2  2.4200  2.589258e+11  2.763137e+00 -2.131979e+00  3.249577e-01  7.576304e+01  2.515566e+00  3  2.4200  1.244328e+09  2.763137e+00 -2.131979e+00  3.592671e-01  8.152992e+01  8.095010e-03  4  2.4200  1.125520e+01  0.000000e+00  0.000000e+00  1.028826e-01 -9.534098e+01  0.000000e+00 
3  2.567531e+02  3.015177e+02  8.440000e+03  7.097212e-01 6 -1.000000e+00  5.416841e+02 3   2.4710 -1.632771e-01 -2.095836e-01 -1 -1.0000 -1.000000e+00 -1.000000e+00 -1.000000e+00 -1.000000e+00 -1.000000e+00 -1.000000e+00 -1 -1.0000 -1.000000e+00 -1.000000e+00 -1.000000e+00 -1.000000e+00 -1.000000e+00 -1.000000e+00  0  0.3890  1.586058e+12  0.000000e+00  0.000000e+00  3.119607e-01 -3.643369e+00  1.229021e+01  1  0.3890  6.111312e+10  0.000000e+00  0.000000e+00  2.522333e-01  5.214924e+01  2.536230e-01  2  0.3890  2.471000e+00  0.000000e+00  0.000000e+00  7.518278e-02  1.152876e+02  0.000000e+00 
3  3.168862e+01  4.020335e+01  2.611000e+03  5.848246e+00 6 -1.000000e+00  7.967152e+01 3   5.3585 -1.227203e+00  1.972195e+00 -1 -1.0000 -1.000000e+00 -1.000000e+00 -1.000000e+00 -1.000000e+00 -1.000000e+00 -1.000000e+00 -1 -1.0000 -1.000000e+00 -1.000000e+00 -1.000000e+00 -1.000000e+00 -1.000000e+00 -1.000000e+00  0  0.7100  1.607075e+14  0.000000e+00  0.000000e+00  1.796423e-01  1.726430e+02  5.432568e+00  1  0.7100  5.205086e+11  0.000000e+00  0.000000e+00  4.555978e-01  1.923522e+02  4.850270e-01  2  0.7100  5.358470e+00  0.000000e+00  0.000000e+00  1.061071e-01  7.575967e+01  0.000000e+00 
1  8.781388e+01  1.611718e+02  6.579000e+03  6.998474e-01 0  2.807421e-01  1.611718e+02 2   5.1866  5.551137e-01  1.429115e+00  0  0.8870  1.268696e+12  0.000000e+00  0.000000e+00  2.039991e-01  1.679425e+02  1.194827e+01  1  0.8870  4.467400e+10  0.000000e+00  0.000000e+00  2.531036e-01  1.142573e+02  8.925676e-02  2  0.8870  3.859911e+12  2.655070e+00  3.691526e+00  1.969124e-01  1.665951e+02  4.142129e+00  3  0.8870  6.441759e+10  2.655070e+00  3.691526e+00  4.385465e-01  1.851202e+02  1.254188e-01  4  0.8870  5.186600e+00  0.000000e+00  0.000000e+00  1.397834e-01 -1.671173e+02  0.000000e+00 
3  4.602395e+01  3.182803e+01  5.430000e+03  1.222043e+00 6 -1.000000e+00  8.902630e+01 3   5.1429 -5.572366e-01  7.668073e-02 -1 -1.0000 -1.000000e+00 -1.000000e+00 -1.000000e+00 -1.000000e+00 -1.000000e+00 -1.000000e+00 -1 -1.0000 -1.000000e+00 -1.000000e+00 -1.000000e+00 -1.000000e+00 -1.000000e+00 -1.000000e+00  0  0.9710  1.161356e+13  0.000000e+00  0.000000e+00  2.463095e-01  5.862610e+01  5.488068e+00  1  0.9710  1.203331e+11  0.000000e+00  0.000000e+00  6.493393e-01  6.217377e+01  6.714090e-02  2  0.9710  5.142870e+00  0.000000e+00  0.000000e+00  1.589677e-02 -1.559802e+02  0.000000e+00 
3  5.276473e+02  2.849645e+02  3.619000e+03  3.710698e-01 6 -1.000000e+00  7.123534e+02 1   6.6450  1.616042e-01  2.231019e-01 -1 -1.0000 -1.000000e+00 -1.000000e+00 -1.000000e+00 -1.000000e+00 -1.000000e+00 -1.000000e+00 -1 -1.0000 -1.000000e+00 -1.000000e+00 -1.000000e+00 -1.000000e+00 -1.000000e+00 -1.000000e+00  0  1.5220  1.252758e+12  0.000000e+00  0.000000e+00  5.258794e-01  1.053312e+02  2.979950e+00  1  1.5220  4.180622e+10  0.000000e+00  0.000000e+00  1.036771e-01  1.807548e+02  5.677908e-02  2  1.5220  6.645030e+00  0.000000e+00  0.000000e+00  9.002455e-02 -6.266753e+01  0.000000e+00 
3  2.388636e+02  1.414412e+02  5.930000e+02  1.899974e-01 6 -1.000000e+00  3.130192e+02 1   8.4046  1.409117e-01  9.085928e-02 -1 -1.0000 -1.000000e+00 -1.000000e+00 -1.000000e+00 -1.000000e+00 -1.000000e+00 -1.000000e+00 -1 -1.0000 -1.000000e+00 -1.000000e+00 -1.000000e+00 -1.000000e+00 -1.000000e+00 -1.000000e+00  0  2.2630  7.460061e+11  0.000000e+00  0.000000e+00  1.595208e-01  8.420017e+01  3.257169e+00  1  2.2630  1.168348e+10  0.000000e+00  0.000000e+00  3.853683e-01  4.548550e+01  2.398515e-02  2  2.2630  8.404570e+00  0.000000e+00  0.000000e+00  8.561310e-02 -1.339775e+02  0.000000e+00 
2  1.474284e+02  7.340996e-01  7.660000e+02  6.195735e-01 6  2.696492e-01  1.749320e+00 1   9.4309 -2.232230e+00  7.948069e-01  0  2.6190  1.551523e+12  0.000000e+00  0.000000e+00  5.759591e-02  4.092862e+01  9.490621e+00  1  2.6190  4.415299e+10  0.000000e+00  0.000000e+00  3.498263e-01  5.169336e+00  1.382617e-02  2  2.6190  3.831654e+12  3.658273e-01 -5.444071e+00  3.183991e-01 -1.197951e+02  4.231948e+00  3  2.6190  7.220956e+10  3.658273e-01 -5.444071e+00  4.990337e-02 -8.873899e+01  2.991300e-02  4  2.6190  9.430920e+00  0.000000e+00  0.000000e+00  3.596223e-02  1.073232e+02  0.000000e+00 
