# [0]nim, [1]snr, [2]snr_obs, [3]source_id, [4]ein, [5]fs, [6]frac_sh_trunc [7]snr_max [8]flag_out [9]zs [10]xs [11]ys
# [12+8*i]m_type_i, [13+8*i]zl_i, [14+8*i]mass_i, [15+8*i]xl_i, [16+8*i]yl_i
# [17+8*i]e_i, [18+8*i]p_i, [19+8*i]param1(con, tb, ...)_i, i=0,1,2,3,4
# i=0,1 correspond subhalos and satellite gals if not exist, stored -1, please extract using e.g. np.extract(arr > 0, arr)
# i=2,3 correspond host halos and central gals
# i=4 corresponds perturbation
# m_type: 1 = anfw, 2 = ahern, 3 = pert
# observable multi events: 201 (subhalo 32), high-mag events: 126
3  2.663630e+02  1.116523e+02  2.390000e+03  5.013097e-01 6 -1.000000e+00  3.136606e+02 1   5.9454 -2.162031e-01  4.788497e-01 -1 -1.0000 -1.000000e+00 -1.000000e+00 -1.000000e+00 -1.000000e+00 -1.000000e+00 -1.000000e+00 -1 -1.0000 -1.000000e+00 -1.000000e+00 -1.000000e+00 -1.000000e+00 -1.000000e+00 -1.000000e+00  0  1.1700  1.637452e+12  0.000000e+00  0.000000e+00  2.846502e-01  1.381372e+02  3.648752e+00  1  1.1700  4.416810e+10  0.000000e+00  0.000000e+00  2.345808e-01  1.061694e+02  3.944467e-02  2  1.1700  5.945360e+00  0.000000e+00  0.000000e+00  1.490029e-01  1.195669e+02  0.000000e+00 
2  5.589953e+01  5.891231e+01  1.281000e+03  1.791729e+00 6  2.733943e-01  9.700781e+01 3   8.8475 -1.080096e-01  2.613608e+00  0  1.4190  5.180719e+12  0.000000e+00  0.000000e+00  3.124190e-01 -9.639460e+01  1.204919e+01  1  1.4190  6.165044e+10  0.000000e+00  0.000000e+00  5.794949e-02 -1.515966e+02  2.598929e-02  2  1.4190  1.636545e+13  4.312689e+00  1.517544e+01  2.239549e-01 -6.566308e+01  5.096388e+00  3  1.4190  1.272918e+11  4.312689e+00  1.517544e+01  9.901837e-02 -2.159319e+01  6.625119e-02  4  1.4190  8.847460e+00  0.000000e+00  0.000000e+00  2.126368e-02 -4.002669e+01  0.000000e+00 
2  4.162123e+01  3.121375e+01  9.230000e+02  1.224353e+00 6 -1.000000e+00  6.709474e+01 1  15.1556 -5.414721e-01  2.931899e-01 -1 -1.0000 -1.000000e+00 -1.000000e+00 -1.000000e+00 -1.000000e+00 -1.000000e+00 -1.000000e+00 -1 -1.0000 -1.000000e+00 -1.000000e+00 -1.000000e+00 -1.000000e+00 -1.000000e+00 -1.000000e+00  0  1.8220  6.909359e+12  0.000000e+00  0.000000e+00  4.409645e-01  9.281204e+01  5.616867e+00  1  1.8220  8.828329e+10  0.000000e+00  0.000000e+00  4.547604e-01  1.778634e+02  1.958279e-02  2  1.8220  1.515560e+01  0.000000e+00  0.000000e+00  1.180188e-01 -2.049013e+01  0.000000e+00 
3  2.831935e+02  1.635451e+02  1.912000e+03  4.430845e-01 6 -1.000000e+00  4.132946e+02 1   1.9475  1.378159e-01  3.254201e-01 -1 -1.0000 -1.000000e+00 -1.000000e+00 -1.000000e+00 -1.000000e+00 -1.000000e+00 -1.000000e+00 -1 -1.0000 -1.000000e+00 -1.000000e+00 -1.000000e+00 -1.000000e+00 -1.000000e+00 -1.000000e+00  0  0.4450  2.059500e+12  0.000000e+00  0.000000e+00  7.073201e-02  9.105595e+01  4.877801e+00  1  0.4450  5.097809e+10  0.000000e+00  0.000000e+00  4.650582e-01  1.563400e+02  1.147850e-01  2  0.4450  1.947520e+00  0.000000e+00  0.000000e+00  7.113225e-02 -1.517440e+02  0.000000e+00 
3  4.602395e+01  7.576979e+01  5.430000e+03  2.208795e+00 6  2.928948e-01  7.717558e+01 1   5.1429 -1.757445e+00  2.077501e+00  0  0.4960  7.022284e+12  0.000000e+00  0.000000e+00  2.722739e-01 -1.162333e+01  1.819610e+01  1  0.4960  7.231695e+10  0.000000e+00  0.000000e+00  3.024313e-01  4.119978e+01  3.190805e-01  2  0.4960  9.495562e+13 -1.853815e+01  3.082919e+01  7.613275e-01  3.356272e+01  2.706037e+00  3  0.4960  4.221478e+11 -1.853815e+01  3.082919e+01  4.322681e-01  9.171928e+01  6.978715e-01  4  0.4960  5.142870e+00  0.000000e+00  0.000000e+00  8.926345e-02  6.623263e+01  0.000000e+00 
3  3.485451e+02  1.492725e+02  8.070000e+02  1.019795e+00 6 -1.000000e+00  4.658344e+02 1   6.7580 -6.083625e-01 -6.979401e-01 -1 -1.0000 -1.000000e+00 -1.000000e+00 -1.000000e+00 -1.000000e+00 -1.000000e+00 -1.000000e+00 -1 -1.0000 -1.000000e+00 -1.000000e+00 -1.000000e+00 -1.000000e+00 -1.000000e+00 -1.000000e+00  0  0.8020  5.384872e+12  0.000000e+00  0.000000e+00  3.530893e-02 -1.226593e+02  5.190077e+00  1  0.8020  9.896335e+10  0.000000e+00  0.000000e+00  3.550050e-01 -1.113765e+02  8.037063e-02  2  0.8020  6.758040e+00  0.000000e+00  0.000000e+00  8.544524e-02  3.697180e+01  0.000000e+00 
1  1.992410e+02  3.497597e+02  5.260000e+03  1.463597e-01 0  2.966510e-01  3.497597e+02 2   8.8036  1.703203e-01  5.312957e-01  0  1.1050  7.390738e+10  0.000000e+00  0.000000e+00  1.740625e-01 -1.333248e+02  3.212236e+01  1  1.1050  3.410256e+08  0.000000e+00  0.000000e+00  7.632730e-02 -1.282196e+02  1.101578e-01  2  1.1050  1.001986e+12  1.315144e+00  2.510916e+00  2.135737e-01  1.399276e+02  8.389869e+00  3  1.1050  2.320603e+10  1.315144e+00  2.510916e+00  1.924441e-01  1.344720e+02  7.099308e-02  4  1.1050  8.803600e+00  0.000000e+00  0.000000e+00  4.276031e-02 -1.704079e+02  0.000000e+00 
3  9.010902e+01  1.023122e+02  1.319000e+03  6.097911e-01 6 -1.000000e+00  2.049000e+02 3   5.3584 -1.083709e-01 -1.007996e-01 -1 -1.0000 -1.000000e+00 -1.000000e+00 -1.000000e+00 -1.000000e+00 -1.000000e+00 -1.000000e+00 -1 -1.0000 -1.000000e+00 -1.000000e+00 -1.000000e+00 -1.000000e+00 -1.000000e+00 -1.000000e+00  0  1.1650  3.429588e+12  0.000000e+00  0.000000e+00  3.394332e-01  1.607438e+02  2.912124e+00  1  1.1650  8.948599e+10  0.000000e+00  0.000000e+00  5.291302e-01  1.250391e+02  8.171526e-02  2  1.1650  5.358400e+00  0.000000e+00  0.000000e+00  7.030498e-02 -1.176304e+02  0.000000e+00 
3  1.088229e+02  8.937525e+01  1.109000e+03  1.273265e+00 6  2.949752e-01  1.459876e+02 1  13.3979 -4.285473e+00  2.419374e+00  0  0.6430  3.112688e+12  0.000000e+00  0.000000e+00  4.147533e-01 -4.901668e+01  6.979614e+00  1  0.6430  9.198005e+10  0.000000e+00  0.000000e+00  6.763779e-01 -7.872459e+01  1.113123e-01  2  0.6430  5.472498e+13 -2.732176e+01  2.258530e+01  3.743823e-01 -2.122672e+00  7.894249e+00  3  0.6430  2.027724e+11 -2.732176e+01  2.258530e+01  1.828950e-01 -3.018149e-02  1.639789e-01  4  0.6430  1.339790e+01  0.000000e+00  0.000000e+00  1.613315e-01 -7.940952e+01  0.000000e+00 
3  7.397973e+01  8.987508e+01  7.868000e+03  2.749655e-01 6 -1.000000e+00  9.587155e+01 1  12.5941  1.029300e-01 -1.269396e-01 -1 -1.0000 -1.000000e+00 -1.000000e+00 -1.000000e+00 -1.000000e+00 -1.000000e+00 -1.000000e+00 -1 -1.0000 -1.000000e+00 -1.000000e+00 -1.000000e+00 -1.000000e+00 -1.000000e+00 -1.000000e+00  0  0.9300  5.698689e+11  0.000000e+00  0.000000e+00  2.752271e-01  1.518030e+02  6.401655e+00  1  0.9300  1.207747e+10  0.000000e+00  0.000000e+00  3.211527e-01  1.217353e+02  5.585714e-02  2  0.9300  1.259410e+01  0.000000e+00  0.000000e+00  1.449755e-01 -6.359947e+01  0.000000e+00 
3  2.210141e+02  3.595903e+02  2.503000e+03  2.411938e-01 6  2.988636e-01  8.242136e+02 3  10.7030 -5.016902e-01 -4.082045e-01  0  0.9790  1.116312e+11  0.000000e+00  0.000000e+00  2.104098e-01  7.871251e+01  3.554848e+01  1  0.9790  8.210483e+08  0.000000e+00  0.000000e+00  2.938708e-01  1.338487e+02  4.303853e-02  2  0.9790  2.041945e+12 -2.168681e+00 -1.347242e+00  2.066085e-01 -1.385430e+02  5.190286e+00  3  0.9790  5.949958e+10 -2.168681e+00 -1.347242e+00  3.170712e-01 -1.345896e+02  6.961880e-02  4  0.9790  1.070300e+01  0.000000e+00  0.000000e+00  4.577790e-02 -1.095544e+02  0.000000e+00 
3  8.004020e+01  3.565423e+01  2.485000e+03  9.769228e-01 6 -1.000000e+00  1.006433e+02 1   6.7583 -5.955205e-01 -5.906337e-01 -1 -1.0000 -1.000000e+00 -1.000000e+00 -1.000000e+00 -1.000000e+00 -1.000000e+00 -1.000000e+00 -1 -1.0000 -1.000000e+00 -1.000000e+00 -1.000000e+00 -1.000000e+00 -1.000000e+00 -1.000000e+00  0  1.2160  2.900170e+12  0.000000e+00  0.000000e+00  4.101944e-01 -1.039653e+02  6.951350e+00  1  1.2160  9.805307e+10  0.000000e+00  0.000000e+00  3.158328e-01 -1.074282e+02  8.770206e-02  2  1.2160  6.758310e+00  0.000000e+00  0.000000e+00  1.393594e-01 -1.605336e+02  0.000000e+00 
3  4.147722e+02  1.998705e+02  4.842000e+03  6.741371e-01 6 -1.000000e+00  5.286864e+02 1  13.6700  4.192147e-01 -5.702779e-01 -1 -1.0000 -1.000000e+00 -1.000000e+00 -1.000000e+00 -1.000000e+00 -1.000000e+00 -1.000000e+00 -1 -1.0000 -1.000000e+00 -1.000000e+00 -1.000000e+00 -1.000000e+00 -1.000000e+00 -1.000000e+00  0  1.6050  3.344142e+12  0.000000e+00  0.000000e+00  3.806928e-02 -4.178290e+00  3.369463e+00  1  1.6050  8.193749e+10  0.000000e+00  0.000000e+00  1.987190e-01 -4.237015e+01  5.616796e-02  2  1.6050  1.367000e+01  0.000000e+00  0.000000e+00  2.082662e-01 -5.629869e+01  0.000000e+00 
1  7.664896e+01  2.086223e+02  1.559000e+03  1.473027e+00 0  2.789242e-01  2.086223e+02 2  13.3985 -1.151056e+00 -1.172232e+00  0  0.7680  6.219267e+12  0.000000e+00  0.000000e+00  2.300189e-01 -1.058570e+02  9.645740e+00  1  0.7680  8.863558e+10  0.000000e+00  0.000000e+00  4.022928e-01 -1.087619e+02  2.089997e-01  2  0.7680  1.866254e+13 -1.207320e+01 -1.934527e+01  3.478215e-01  1.786103e+02  7.978405e+00  3  0.7680  1.460370e+11 -1.207320e+01 -1.934527e+01  3.680828e-01  2.117441e+02  1.299210e-01  4  0.7680  1.339850e+01  0.000000e+00  0.000000e+00  1.998662e-01  1.603444e+02  0.000000e+00 
3  4.328753e+02  4.425124e+02  8.286000e+03  1.188686e+00 6 -1.000000e+00  6.397141e+02 1   8.5294  7.129523e-01  3.150071e-01 -1 -1.0000 -1.000000e+00 -1.000000e+00 -1.000000e+00 -1.000000e+00 -1.000000e+00 -1.000000e+00 -1 -1.0000 -1.000000e+00 -1.000000e+00 -1.000000e+00 -1.000000e+00 -1.000000e+00 -1.000000e+00  0  0.8560  1.431252e+13  0.000000e+00  0.000000e+00  2.249664e-01  1.928105e+01  5.119263e+00  1  0.8560  1.122405e+11  0.000000e+00  0.000000e+00  6.137962e-02  3.070212e+01  1.212546e-01  2  0.8560  8.529370e+00  0.000000e+00  0.000000e+00  1.458399e-01  3.554648e+01  0.000000e+00 
3  1.232675e+02  8.782201e+01  5.056000e+03  2.558336e-01 6 -1.000000e+00  1.658850e+02 1   7.5767  1.315959e-01  3.728394e-02 -1 -1.0000 -1.000000e+00 -1.000000e+00 -1.000000e+00 -1.000000e+00 -1.000000e+00 -1.000000e+00 -1 -1.0000 -1.000000e+00 -1.000000e+00 -1.000000e+00 -1.000000e+00 -1.000000e+00 -1.000000e+00  0  1.0620  5.393402e+11  0.000000e+00  0.000000e+00  2.323403e-01  3.159431e+01  5.251419e+00  1  1.0620  1.105161e+10  0.000000e+00  0.000000e+00  4.907489e-01  7.456898e+01  7.669147e-02  2  1.0620  7.576670e+00  0.000000e+00  0.000000e+00  7.906335e-02  1.729993e+01  0.000000e+00 
3  1.979314e+02  1.513621e+02  1.700000e+01  4.471661e-01 6  2.916319e-01  3.425726e+02 1   5.9180  8.269814e-01  9.087123e-01  0  1.1260  5.084283e+11  0.000000e+00  0.000000e+00  2.084762e-01 -8.549541e+01  1.814008e+01  1  1.1260  1.550693e+10  0.000000e+00  0.000000e+00  4.936435e-01 -6.461734e+01  8.741880e-02  2  1.1260  8.642016e+12  1.016529e+01  8.015493e+00  1.607128e-01 -1.452672e+02  4.151460e+00  3  1.1260  1.152515e+11  1.016529e+01  8.015493e+00  5.431063e-02 -1.173118e+02  7.118597e-02  4  1.1260  5.917990e+00  0.000000e+00  0.000000e+00  5.248889e-02 -1.159298e+02  0.000000e+00 
2  5.746880e+01  3.890692e+01  6.858000e+03  1.006356e+00 6 -1.000000e+00  8.148877e+01 1  14.5404 -1.543185e-02  6.757258e-01 -1 -1.0000 -1.000000e+00 -1.000000e+00 -1.000000e+00 -1.000000e+00 -1.000000e+00 -1.000000e+00 -1 -1.0000 -1.000000e+00 -1.000000e+00 -1.000000e+00 -1.000000e+00 -1.000000e+00 -1.000000e+00  0  1.4220  5.093709e+12  0.000000e+00  0.000000e+00  2.837902e-01  1.045838e+02  5.744090e+00  1  1.4220  7.246290e+10  0.000000e+00  0.000000e+00  2.261967e-01  1.247086e+02  3.795277e-02  2  1.4220  1.454040e+01  0.000000e+00  0.000000e+00  6.340565e-02  1.068990e+02  0.000000e+00 
5  2.210141e+02  3.571517e+02  2.503000e+03  3.848162e-01 6 -1.000000e+00  4.412238e+02 3  10.7030 -2.788736e-02  2.592363e-01 -1 -1.0000 -1.000000e+00 -1.000000e+00 -1.000000e+00 -1.000000e+00 -1.000000e+00 -1.000000e+00 -1 -1.0000 -1.000000e+00 -1.000000e+00 -1.000000e+00 -1.000000e+00 -1.000000e+00 -1.000000e+00  0  0.4330  6.506923e+11  0.000000e+00  0.000000e+00  4.738430e-01  7.940083e+00  1.259875e+01  1  0.4330  2.770869e+10  0.000000e+00  0.000000e+00  3.621594e-01 -9.569803e+00  1.809997e-01  2  0.4330  1.070300e+01  0.000000e+00  0.000000e+00  1.794199e-01  1.232587e+01  0.000000e+00 
3  3.311585e+02  2.417692e+02  6.810000e+02  7.660471e-01 6 -1.000000e+00  4.645223e+02 1   5.5529  4.555474e-03 -4.388699e-01 -1 -1.0000 -1.000000e+00 -1.000000e+00 -1.000000e+00 -1.000000e+00 -1.000000e+00 -1.000000e+00 -1 -1.0000 -1.000000e+00 -1.000000e+00 -1.000000e+00 -1.000000e+00 -1.000000e+00 -1.000000e+00  0  0.9660  5.020462e+12  0.000000e+00  0.000000e+00  1.315653e-01 -1.152662e+02  3.446061e+00  1  0.9660  6.568975e+10  0.000000e+00  0.000000e+00  3.700208e-01 -1.014685e+02  4.771463e-02  2  0.9660  5.552890e+00  0.000000e+00  0.000000e+00  4.549329e-02  1.021243e+02  0.000000e+00 
3  1.803171e+02  2.198287e+02  7.565000e+03  4.997124e-01 6 -1.000000e+00  2.342919e+02 1   5.4324  2.296087e-01  8.432759e-02 -1 -1.0000 -1.000000e+00 -1.000000e+00 -1.000000e+00 -1.000000e+00 -1.000000e+00 -1.000000e+00 -1 -1.0000 -1.000000e+00 -1.000000e+00 -1.000000e+00 -1.000000e+00 -1.000000e+00 -1.000000e+00  0  1.1080  1.512827e+12  0.000000e+00  0.000000e+00  4.064076e-01 -1.505642e+02  6.362883e+00  1  1.1080  4.742549e+10  0.000000e+00  0.000000e+00  3.642124e-01 -1.212850e+02  1.014234e-01  2  1.1080  5.432380e+00  0.000000e+00  0.000000e+00  1.103429e-01 -1.537651e+02  0.000000e+00 
3  3.073120e+02  3.446528e+02  2.266000e+03  4.903930e-01 6 -1.000000e+00  4.380397e+02 1   3.8727  1.057959e-01  2.258475e-01 -1 -1.0000 -1.000000e+00 -1.000000e+00 -1.000000e+00 -1.000000e+00 -1.000000e+00 -1.000000e+00 -1 -1.0000 -1.000000e+00 -1.000000e+00 -1.000000e+00 -1.000000e+00 -1.000000e+00 -1.000000e+00  0  0.4610  8.107188e+11  0.000000e+00  0.000000e+00  3.365620e-01  1.533404e+01  1.342438e+01  1  0.4610  3.294933e+10  0.000000e+00  0.000000e+00  3.126391e-01 -5.277663e+01  2.105941e-01  2  0.4610  3.872710e+00  0.000000e+00  0.000000e+00  1.310845e-01 -1.303985e+02  0.000000e+00 
3  8.162989e+02  4.433865e+02  4.192000e+03  1.173190e+00 6 -1.000000e+00  1.422711e+03 2   1.9474 -8.620425e-01  1.737863e-01 -1 -1.0000 -1.000000e+00 -1.000000e+00 -1.000000e+00 -1.000000e+00 -1.000000e+00 -1.000000e+00 -1 -1.0000 -1.000000e+00 -1.000000e+00 -1.000000e+00 -1.000000e+00 -1.000000e+00 -1.000000e+00  0  0.8100  5.125980e+13  0.000000e+00  0.000000e+00  1.984951e-01 -6.112246e+01  3.129650e+00  1  0.8100  2.637445e+11  0.000000e+00  0.000000e+00  1.837166e-01 -4.117112e+01  1.962692e-01  2  0.8100  1.947420e+00  0.000000e+00  0.000000e+00  4.684502e-02  8.258571e+01  0.000000e+00 
1  7.396125e+01  1.360073e+02  5.577000e+03  1.287695e+00 0 -1.000000e+00  1.360073e+02 2   2.6937 -6.659771e-01 -2.713668e+00 -1 -1.0000 -1.000000e+00 -1.000000e+00 -1.000000e+00 -1.000000e+00 -1.000000e+00 -1.000000e+00 -1 -1.0000 -1.000000e+00 -1.000000e+00 -1.000000e+00 -1.000000e+00 -1.000000e+00 -1.000000e+00  0  1.5000  6.637523e+13  0.000000e+00  0.000000e+00  3.324907e-01 -3.316812e+01  5.039934e+00  1  1.5000  1.717221e+11  0.000000e+00  0.000000e+00  5.497953e-01 -4.603558e+01  1.707241e-01  2  1.5000  2.693690e+00  0.000000e+00  0.000000e+00  9.420087e-02  7.053169e-01  0.000000e+00 
3  2.395216e+02  1.283974e+02  1.169000e+03  9.244657e-01 6 -1.000000e+00  3.070005e+02 1  13.3980  7.327578e-02 -8.739934e-01 -1 -1.0000 -1.000000e+00 -1.000000e+00 -1.000000e+00 -1.000000e+00 -1.000000e+00 -1.000000e+00 -1 -1.0000 -1.000000e+00 -1.000000e+00 -1.000000e+00 -1.000000e+00 -1.000000e+00 -1.000000e+00  0  0.6320  3.917156e+12  0.000000e+00  0.000000e+00  1.241035e-01 -8.454668e+01  7.271189e+00  1  0.6320  7.696680e+10  0.000000e+00  0.000000e+00  5.322307e-01 -5.961226e+01  1.954927e-01  2  0.6320  1.339800e+01  0.000000e+00  0.000000e+00  1.806583e-01 -8.079200e+01  0.000000e+00 
3  7.668902e+02  8.646495e+02  8.805000e+03  9.534053e-01 6  2.728695e-01  3.502680e+03 2   5.1428 -1.222877e+00 -3.046313e-01  0  1.4180  4.946456e+12  0.000000e+00  0.000000e+00  1.316107e-01  6.132674e+01  7.189480e+00  1  1.4180  9.522088e+10  0.000000e+00  0.000000e+00  1.316383e-01  8.761453e+01  7.002243e-02  2  1.4180  9.482065e+12 -3.069975e+01 -1.256156e+01  2.314016e-01  1.142062e+02  3.441458e+00  3  1.4180  1.240914e+11 -3.069975e+01 -1.256156e+01  3.180330e-01  1.442358e+02  4.233471e-02  4  1.4180  5.142800e+00  0.000000e+00  0.000000e+00  6.185319e-02 -1.212634e+02  0.000000e+00 
3  9.673280e+01  9.890552e+01  1.314000e+03  1.894354e-01 6 -1.000000e+00  1.535476e+02 1  14.1058 -8.270649e-02 -8.097327e-02 -1 -1.0000 -1.000000e+00 -1.000000e+00 -1.000000e+00 -1.000000e+00 -1.000000e+00 -1.000000e+00 -1 -1.0000 -1.000000e+00 -1.000000e+00 -1.000000e+00 -1.000000e+00 -1.000000e+00 -1.000000e+00  0  1.6030  5.631009e+11  0.000000e+00  0.000000e+00  3.187164e-01 -1.065428e+02  5.886347e+00  1  1.6030  7.989233e+09  0.000000e+00  0.000000e+00  4.572050e-01 -1.384746e+02  5.189904e-02  2  1.6030  1.410580e+01  0.000000e+00  0.000000e+00  6.617339e-02  1.688546e+02  0.000000e+00 
3  2.935362e+01  8.530428e+00  3.161000e+03  4.861903e-01 6 -1.000000e+00  5.176344e+01 2   8.8475 -5.545229e-01 -2.020686e-01 -1 -1.0000 -1.000000e+00 -1.000000e+00 -1.000000e+00 -1.000000e+00 -1.000000e+00 -1.000000e+00 -1 -1.0000 -1.000000e+00 -1.000000e+00 -1.000000e+00 -1.000000e+00 -1.000000e+00 -1.000000e+00  0  1.7670  2.625321e+12  0.000000e+00  0.000000e+00  1.622613e-01  1.123508e+02  4.296499e+00  1  1.7670  5.442084e+10  0.000000e+00  0.000000e+00  4.819536e-01  1.448683e+02  2.476674e-02  2  1.7670  8.847500e+00  0.000000e+00  0.000000e+00  1.674943e-01  1.201674e+02  0.000000e+00 
3  3.836618e+02  3.137430e+02  6.110000e+02  7.202296e-01 6 -1.000000e+00  6.872523e+02 3  10.8399  2.630139e-01  5.869672e-02 -1 -1.0000 -1.000000e+00 -1.000000e+00 -1.000000e+00 -1.000000e+00 -1.000000e+00 -1.000000e+00 -1 -1.0000 -1.000000e+00 -1.000000e+00 -1.000000e+00 -1.000000e+00 -1.000000e+00 -1.000000e+00  0  0.5840  3.967272e+12  0.000000e+00  0.000000e+00  3.302897e-01  1.224221e+02  6.741081e+00  1  0.5840  7.318662e+10  0.000000e+00  0.000000e+00  5.510395e-01  1.265252e+02  3.401235e-01  2  0.5840  1.083990e+01  0.000000e+00  0.000000e+00  4.329160e-02  1.139988e+02  0.000000e+00 
3  1.405022e+02  9.460668e+01  2.846000e+03  3.804082e-01 6 -1.000000e+00  1.981133e+02 1   7.7372 -2.589885e-02  2.620265e-01 -1 -1.0000 -1.000000e+00 -1.000000e+00 -1.000000e+00 -1.000000e+00 -1.000000e+00 -1.000000e+00 -1 -1.0000 -1.000000e+00 -1.000000e+00 -1.000000e+00 -1.000000e+00 -1.000000e+00 -1.000000e+00  0  1.6000  1.122800e+12  0.000000e+00  0.000000e+00  1.732377e-01 -1.302354e+02  5.765710e+00  1  1.6000  2.425559e+10  0.000000e+00  0.000000e+00  2.563897e-01 -6.710758e+01  4.873172e-02  2  1.6000  7.737220e+00  0.000000e+00  0.000000e+00  1.233381e-01  1.216065e+02  0.000000e+00 
4  4.172155e+01  8.775482e+01  1.167000e+03  7.868600e-01 6 -1.000000e+00  1.296594e+02 3  14.6091  8.048830e-02  2.074629e-02 -1 -1.0000 -1.000000e+00 -1.000000e+00 -1.000000e+00 -1.000000e+00 -1.000000e+00 -1.000000e+00 -1 -1.0000 -1.000000e+00 -1.000000e+00 -1.000000e+00 -1.000000e+00 -1.000000e+00 -1.000000e+00  0  1.7750  3.178894e+12  0.000000e+00  0.000000e+00  1.298143e-01 -7.295108e+01  5.908700e+00  1  1.7750  7.488954e+10  0.000000e+00  0.000000e+00  2.371329e-01 -1.132476e+01  3.358744e-02  2  1.7750  1.460910e+01  0.000000e+00  0.000000e+00  9.886021e-02  1.478977e+02  0.000000e+00 
3  8.580012e+02  5.869133e+02  3.050000e+02  5.488762e-01 6 -1.000000e+00  1.721668e+03 3   6.4314 -6.121461e-02 -2.471263e-01 -1 -1.0000 -1.000000e+00 -1.000000e+00 -1.000000e+00 -1.000000e+00 -1.000000e+00 -1.000000e+00 -1 -1.0000 -1.000000e+00 -1.000000e+00 -1.000000e+00 -1.000000e+00 -1.000000e+00 -1.000000e+00  0  0.4810  1.414092e+12  0.000000e+00  0.000000e+00  3.904511e-01 -7.301372e+00  9.951491e+00  1  0.4810  3.983736e+10  0.000000e+00  0.000000e+00  2.347355e-01 -1.288904e+01  1.080545e-01  2  0.4810  6.431380e+00  0.000000e+00  0.000000e+00  1.159195e-01  1.532550e+02  0.000000e+00 
3  2.413232e+01  3.664067e+01  1.100000e+02  3.123495e-01 6 -1.000000e+00  4.294516e+01 3  15.5309  1.857155e-01 -2.012420e-01 -1 -1.0000 -1.000000e+00 -1.000000e+00 -1.000000e+00 -1.000000e+00 -1.000000e+00 -1.000000e+00 -1 -1.0000 -1.000000e+00 -1.000000e+00 -1.000000e+00 -1.000000e+00 -1.000000e+00 -1.000000e+00  0  0.6120  1.090742e+12  0.000000e+00  0.000000e+00  1.651679e-01  1.769515e+02  5.524763e+00  1  0.6120  4.144565e+10  0.000000e+00  0.000000e+00  5.249252e-01  2.179721e+02  3.407594e-01  2  0.6120  1.553090e+01  0.000000e+00  0.000000e+00  4.064075e-01 -1.242663e+02  0.000000e+00 
3  2.779601e+02  2.458451e+02  1.244000e+03  6.020415e-01 6 -1.000000e+00  3.626791e+02 1   9.6926  3.196849e-02  3.774950e-01 -1 -1.0000 -1.000000e+00 -1.000000e+00 -1.000000e+00 -1.000000e+00 -1.000000e+00 -1.000000e+00 -1 -1.0000 -1.000000e+00 -1.000000e+00 -1.000000e+00 -1.000000e+00 -1.000000e+00 -1.000000e+00  0  0.8290  1.719614e+12  0.000000e+00  0.000000e+00  3.782840e-01  9.030824e+01  4.860506e+00  1  0.8290  6.466584e+10  0.000000e+00  0.000000e+00  4.203499e-01  4.061632e+01  6.382852e-02  2  0.8290  9.692560e+00  0.000000e+00  0.000000e+00  3.927645e-02  6.075172e+01  0.000000e+00 
5  2.922884e+02  3.257313e+02  1.679000e+03  2.532189e-01 6 -1.000000e+00  4.444229e+02 1  12.1320 -2.983543e-02 -1.053712e-02 -1 -1.0000 -1.000000e+00 -1.000000e+00 -1.000000e+00 -1.000000e+00 -1.000000e+00 -1.000000e+00 -1 -1.0000 -1.000000e+00 -1.000000e+00 -1.000000e+00 -1.000000e+00 -1.000000e+00 -1.000000e+00  0  2.3050  8.447536e+11  0.000000e+00  0.000000e+00  2.992928e-01  1.209300e+02  4.364417e+00  1  2.3050  1.134044e+10  0.000000e+00  0.000000e+00  2.012127e-01  9.284625e+01  3.765318e-02  2  2.3050  1.213200e+01  0.000000e+00  0.000000e+00  2.579110e-01 -6.286474e+01  0.000000e+00 
1  6.399903e+01  1.177755e+02  2.773000e+03  5.509260e+00 0 -1.000000e+00  1.177755e+02 2  11.4007 -3.396558e+00 -6.826830e+00 -1 -1.0000 -1.000000e+00 -1.000000e+00 -1.000000e+00 -1.000000e+00 -1.000000e+00 -1.000000e+00 -1 -1.0000 -1.000000e+00 -1.000000e+00 -1.000000e+00 -1.000000e+00 -1.000000e+00 -1.000000e+00  0  0.5870  2.384678e+14  0.000000e+00  0.000000e+00  5.418003e-01  1.195525e+02  3.521508e+00  1  0.5870  5.078293e+11  0.000000e+00  0.000000e+00  5.730783e-02  8.779332e+01  5.250806e-01  2  0.5870  1.140070e+01  0.000000e+00  0.000000e+00  1.617524e-01 -5.067903e+00  0.000000e+00 
3  3.775787e+02  4.529323e+02  8.400000e+03  9.000344e-01 6 -1.000000e+00  6.475678e+02 1   9.9999  1.720263e-01 -6.787129e-02 -1 -1.0000 -1.000000e+00 -1.000000e+00 -1.000000e+00 -1.000000e+00 -1.000000e+00 -1.000000e+00 -1 -1.0000 -1.000000e+00 -1.000000e+00 -1.000000e+00 -1.000000e+00 -1.000000e+00 -1.000000e+00  0  0.3270  1.679535e+12  0.000000e+00  0.000000e+00  1.765082e-01 -7.423860e+01  9.401623e+00  1  0.3270  6.945816e+10  0.000000e+00  0.000000e+00  3.925874e-01 -5.338105e+01  1.849344e-01  2  0.3270  9.999930e+00  0.000000e+00  0.000000e+00  1.994641e-01 -1.454610e+02  0.000000e+00 
1  1.370660e+02  2.458280e+02  1.431000e+03  1.916675e-01 0  3.288129e-01  2.458280e+02 2   8.0847 -6.123389e-01 -6.317678e-01  0  0.5900  3.748546e+10  0.000000e+00  0.000000e+00  1.910512e-01  1.626536e+02  7.259832e+01  1  0.5900  8.894633e+07  0.000000e+00  0.000000e+00  1.494927e-01  1.563276e+02  2.664501e-01  2  0.5900  4.727132e+12 -2.297507e+00 -2.358943e+00  3.252191e-01  1.080993e+02  7.936059e+00  3  0.5900  8.709144e+10 -2.297507e+00 -2.358943e+00  5.411424e-01  9.598251e+01  1.121091e-01  4  0.5900  8.084720e+00  0.000000e+00  0.000000e+00  1.256250e-01 -1.623875e+02  0.000000e+00 
3  1.261437e+02  6.609025e+01  9.650000e+02  4.137891e-01 6 -1.000000e+00  1.583532e+02 1  10.6525  1.848400e-01  2.972703e-01 -1 -1.0000 -1.000000e+00 -1.000000e+00 -1.000000e+00 -1.000000e+00 -1.000000e+00 -1.000000e+00 -1 -1.0000 -1.000000e+00 -1.000000e+00 -1.000000e+00 -1.000000e+00 -1.000000e+00 -1.000000e+00  0  1.7510  1.243535e+12  0.000000e+00  0.000000e+00  3.995600e-01  9.429542e+01  3.920090e+00  1  1.7510  2.933107e+10  0.000000e+00  0.000000e+00  1.731441e-01  9.545739e+01  4.155920e-02  2  1.7510  1.065250e+01  0.000000e+00  0.000000e+00  1.389861e-01  4.909861e+01  0.000000e+00 
1  3.619395e+01  9.338825e+01  1.571000e+03  4.255177e-02 0 -1.000000e+00  9.338825e+01 2  10.9755  1.515952e-02 -2.097707e-02 -1 -1.0000 -1.000000e+00 -1.000000e+00 -1.000000e+00 -1.000000e+00 -1.000000e+00 -1.000000e+00 -1 -1.0000 -1.000000e+00 -1.000000e+00 -1.000000e+00 -1.000000e+00 -1.000000e+00 -1.000000e+00  0  2.6500  2.262345e+11  0.000000e+00  0.000000e+00  1.717318e-01  6.916070e+00  4.914988e+00  1  2.6500  1.543937e+09  0.000000e+00  0.000000e+00  4.523600e-01 -4.014495e+00  4.679976e-02  2  2.6500  1.097550e+01  0.000000e+00  0.000000e+00  1.670194e-01 -1.131556e+02  0.000000e+00 
3  1.327411e+02  9.731980e+01  1.259000e+03  1.046368e+00 6 -1.000000e+00  1.708161e+02 1   7.5767  4.098919e-01 -1.973335e-02 -1 -1.0000 -1.000000e+00 -1.000000e+00 -1.000000e+00 -1.000000e+00 -1.000000e+00 -1.000000e+00 -1 -1.0000 -1.000000e+00 -1.000000e+00 -1.000000e+00 -1.000000e+00 -1.000000e+00 -1.000000e+00  0  0.2470  2.361328e+12  0.000000e+00  0.000000e+00  1.257971e-01  1.273832e+02  5.351498e+00  1  0.2470  7.055149e+10  0.000000e+00  0.000000e+00  3.339262e-01  7.703341e+01  2.180224e-01  2  0.2470  7.576680e+00  0.000000e+00  0.000000e+00  1.851719e-01 -1.443024e+02  0.000000e+00 
3  6.317267e+02  4.493240e+02  6.991000e+03  5.050807e-01 6 -1.000000e+00  7.802882e+02 1   5.8680  6.381068e-03  4.529423e-01 -1 -1.0000 -1.000000e+00 -1.000000e+00 -1.000000e+00 -1.000000e+00 -1.000000e+00 -1.000000e+00 -1 -1.0000 -1.000000e+00 -1.000000e+00 -1.000000e+00 -1.000000e+00 -1.000000e+00 -1.000000e+00  0  0.5960  1.133082e+12  0.000000e+00  0.000000e+00  3.432485e-01 -8.173323e+01  7.128338e+00  1  0.5960  4.569047e+10  0.000000e+00  0.000000e+00  6.316014e-01 -1.315823e+02  8.576212e-02  2  0.5960  5.868040e+00  0.000000e+00  0.000000e+00  8.127901e-02  1.187727e+02  0.000000e+00 
1  1.907529e+02  3.696056e+02  3.422000e+03  1.283522e+00 0  2.891691e-01  3.696056e+02 2   9.4304  2.509412e+00  1.171258e+00  0  0.6500  4.368671e+12  0.000000e+00  0.000000e+00  2.681848e-01 -9.151779e+01  1.137433e+01  1  0.6500  7.010214e+10  0.000000e+00  0.000000e+00  2.942536e-01 -1.023258e+02  2.205563e-01  2  0.6500  4.097035e+13  5.725009e+01  6.400613e+00  2.546913e-01  6.588284e+01  7.308213e+00  3  0.6500  2.312732e+11  5.725009e+01  6.400613e+00  1.945213e-01  6.322337e+01  3.238322e-01  4  0.6500  9.430350e+00  0.000000e+00  0.000000e+00  1.198723e-01 -1.408175e+02  0.000000e+00 
2  1.327533e+02  1.940124e+02  2.111000e+03  9.780751e-01 6 -1.000000e+00  2.428074e+02 3  15.3453 -2.019897e-01 -7.669660e-02 -1 -1.0000 -1.000000e+00 -1.000000e+00 -1.000000e+00 -1.000000e+00 -1.000000e+00 -1.000000e+00 -1 -1.0000 -1.000000e+00 -1.000000e+00 -1.000000e+00 -1.000000e+00 -1.000000e+00 -1.000000e+00  0  1.0260  3.566252e+12  0.000000e+00  0.000000e+00  2.302016e-01 -1.411008e+02  7.748813e+00  1  1.0260  9.756415e+10  0.000000e+00  0.000000e+00  1.612307e-01 -1.805686e+02  6.364386e-02  2  1.0260  1.534530e+01  0.000000e+00  0.000000e+00  8.801582e-02 -9.851207e+01  0.000000e+00 
3  5.948604e+02  3.456946e+02  6.096000e+03  3.955808e-01 6 -1.000000e+00  7.897348e+02 1   4.9356  1.437553e-02  3.038274e-01 -1 -1.0000 -1.000000e+00 -1.000000e+00 -1.000000e+00 -1.000000e+00 -1.000000e+00 -1.000000e+00 -1 -1.0000 -1.000000e+00 -1.000000e+00 -1.000000e+00 -1.000000e+00 -1.000000e+00 -1.000000e+00  0  0.7750  9.966541e+11  0.000000e+00  0.000000e+00  3.810163e-01 -4.932770e+01  5.542988e+00  1  0.7750  2.735883e+10  0.000000e+00  0.000000e+00  4.429241e-02 -8.556549e+01  6.506431e-02  2  0.7750  4.935580e+00  0.000000e+00  0.000000e+00  1.621481e-01 -1.351239e+02  0.000000e+00 
3  3.640510e+02  3.630689e+02  5.665000e+03  1.085730e-01 6 -1.000000e+00  9.826031e+02 3  10.9985  3.050406e-02  3.574691e-02 -1 -1.0000 -1.000000e+00 -1.000000e+00 -1.000000e+00 -1.000000e+00 -1.000000e+00 -1.000000e+00 -1 -1.0000 -1.000000e+00 -1.000000e+00 -1.000000e+00 -1.000000e+00 -1.000000e+00 -1.000000e+00  0  1.6360  4.489515e+11  0.000000e+00  0.000000e+00  7.235239e-02 -4.155580e+01  5.102755e+00  1  1.6360  4.887008e+09  0.000000e+00  0.000000e+00  3.888741e-01 -1.234762e+01  5.602297e-02  2  1.6360  1.099850e+01  0.000000e+00  0.000000e+00  5.774255e-02  1.313863e+02  0.000000e+00 
3  4.607948e+02  3.617218e+02  6.880000e+02  2.030295e-01 6 -1.000000e+00  6.477850e+02 1   5.6585  9.448536e-02  7.233717e-02 -1 -1.0000 -1.000000e+00 -1.000000e+00 -1.000000e+00 -1.000000e+00 -1.000000e+00 -1.000000e+00 -1 -1.0000 -1.000000e+00 -1.000000e+00 -1.000000e+00 -1.000000e+00 -1.000000e+00 -1.000000e+00  0  1.8620  8.548738e+11  0.000000e+00  0.000000e+00  9.013799e-02 -1.433588e+02  3.837142e+00  1  1.8620  1.597928e+10  0.000000e+00  0.000000e+00  1.994149e-01 -1.460124e+02  4.499439e-02  2  1.8620  5.658530e+00  0.000000e+00  0.000000e+00  1.572472e-01 -1.104282e+01  0.000000e+00 
3  2.948320e+01  1.342247e+01  2.120000e+03  2.304680e-01 6 -1.000000e+00  4.070366e+01 1   7.9810  2.048204e-01 -8.406547e-02 -1 -1.0000 -1.000000e+00 -1.000000e+00 -1.000000e+00 -1.000000e+00 -1.000000e+00 -1.000000e+00 -1 -1.0000 -1.000000e+00 -1.000000e+00 -1.000000e+00 -1.000000e+00 -1.000000e+00 -1.000000e+00  0  1.9290  9.655446e+11  0.000000e+00  0.000000e+00  1.239041e-01 -1.544062e+02  3.226307e+00  1  1.9290  1.725496e+10  0.000000e+00  0.000000e+00  1.353621e-01 -1.614011e+02  3.809508e-02  2  1.9290  7.980980e+00  0.000000e+00  0.000000e+00  7.186461e-02  3.160841e+01  0.000000e+00 
3  1.202365e+02  8.087948e+01  2.487000e+03  3.758614e-01 6 -1.000000e+00  1.661171e+02 1   7.8776  1.855055e-01 -3.104554e-01 -1 -1.0000 -1.000000e+00 -1.000000e+00 -1.000000e+00 -1.000000e+00 -1.000000e+00 -1.000000e+00 -1 -1.0000 -1.000000e+00 -1.000000e+00 -1.000000e+00 -1.000000e+00 -1.000000e+00 -1.000000e+00  0  1.9440  2.750558e+12  0.000000e+00  0.000000e+00  2.711353e-01 -7.701612e+01  2.258625e+00  1  1.9440  6.905916e+10  0.000000e+00  0.000000e+00  6.378449e-01 -4.303915e+01  9.812067e-02  2  1.9440  7.877550e+00  0.000000e+00  0.000000e+00  1.056398e-01 -1.768168e+02  0.000000e+00 
1  7.948639e+01  1.488186e+02  2.541000e+03  5.722073e-02 0  2.914422e-01  1.488186e+02 2   5.7358  3.352624e-02  6.000103e-02  0  0.6960  5.933630e+10  0.000000e+00  0.000000e+00  1.765271e-01 -9.138484e+01  2.689734e+01  1  0.6960  2.797329e+08  0.000000e+00  0.000000e+00  5.572237e-02 -6.403051e+01  2.105900e-01  2  0.6960  2.652079e+11 -5.850828e+00  1.463278e+01  2.681978e-01  4.069580e+01  7.405718e+00  3  0.6960  4.890826e+09 -5.850828e+00  1.463278e+01  3.908957e-01  4.293054e+00  1.081549e-01  4  0.6960  5.735780e+00  0.000000e+00  0.000000e+00  7.588245e-02  5.656524e+01  0.000000e+00 
3  9.010902e+01  8.146280e+01  1.319000e+03  1.806190e-01 6 -1.000000e+00  1.355259e+02 1   5.3584 -2.904396e-02 -6.497147e-02 -1 -1.0000 -1.000000e+00 -1.000000e+00 -1.000000e+00 -1.000000e+00 -1.000000e+00 -1.000000e+00 -1 -1.0000 -1.000000e+00 -1.000000e+00 -1.000000e+00 -1.000000e+00 -1.000000e+00 -1.000000e+00  0  1.5110  4.829542e+11  0.000000e+00  0.000000e+00  1.587293e-01  1.038212e+02  4.581989e+00  1  1.5110  6.727020e+09  0.000000e+00  0.000000e+00  4.664546e-01  7.210174e+01  3.066663e-02  2  1.5110  5.358400e+00  0.000000e+00  0.000000e+00  1.109553e-01 -5.231053e+01  0.000000e+00 
1  9.853274e+00  1.720558e+01  2.610000e+03  1.386787e+00 0  3.005325e-01  1.720558e+01 2   8.5124  5.090160e+00  1.372621e+00  0  0.2110  7.475239e+12  0.000000e+00  0.000000e+00  2.536994e-01  8.414530e+01  1.287175e+01  1  0.2110  8.866378e+10  0.000000e+00  0.000000e+00  5.249936e-01  1.263286e+02  7.558180e-01  2  0.2110  9.200126e+13  4.308952e+01  3.426389e+01  5.246722e-01 -3.533834e+01  2.961865e+00  3  0.2110  3.820684e+11  4.308952e+01  3.426389e+01  9.367760e-02 -7.869246e+01  1.170857e+00  4  0.2110  8.512430e+00  0.000000e+00  0.000000e+00  4.069800e-02  4.711233e+01  0.000000e+00 
3  2.621735e+02  1.960786e+02  7.120000e+02  4.445720e-01 6 -1.000000e+00  3.742984e+02 1  15.9468  6.228282e-02 -2.757245e-01 -1 -1.0000 -1.000000e+00 -1.000000e+00 -1.000000e+00 -1.000000e+00 -1.000000e+00 -1.000000e+00 -1 -1.0000 -1.000000e+00 -1.000000e+00 -1.000000e+00 -1.000000e+00 -1.000000e+00 -1.000000e+00  0  2.1760  2.401838e+12  0.000000e+00  0.000000e+00  3.339782e-01  5.211181e+01  2.965458e+00  1  2.1760  5.555615e+10  0.000000e+00  0.000000e+00  4.705701e-01  2.713465e+01  2.886110e-02  2  2.1760  1.594680e+01  0.000000e+00  0.000000e+00  9.351057e-02  8.317162e+01  0.000000e+00 
3  1.117461e+02  1.524426e+02  4.943000e+03  3.618337e-01 6 -1.000000e+00  1.805094e+02 1   5.2135  1.076825e-01  1.054467e-02 -1 -1.0000 -1.000000e+00 -1.000000e+00 -1.000000e+00 -1.000000e+00 -1.000000e+00 -1.000000e+00 -1 -1.0000 -1.000000e+00 -1.000000e+00 -1.000000e+00 -1.000000e+00 -1.000000e+00 -1.000000e+00  0  2.4990  3.896860e+12  0.000000e+00  0.000000e+00  7.965050e-02  2.274602e+01  2.803799e+00  1  2.4990  7.879157e+10  0.000000e+00  0.000000e+00  3.615722e-01 -1.506472e+01  4.654293e-02  2  2.4990  5.213520e+00  0.000000e+00  0.000000e+00  9.484013e-02  1.461471e+02  0.000000e+00 
3  6.089500e+01  1.136261e+01  2.359000e+03  8.860413e-01 6  2.995405e-01  1.058680e+02 2   7.4930 -8.720927e-01 -3.010194e+00  0  0.5740  1.297720e+12  0.000000e+00  0.000000e+00  1.845735e-01 -6.935897e+01  1.674368e+01  1  0.5740  5.214325e+10  0.000000e+00  0.000000e+00  2.084378e-01 -4.569757e+01  9.912660e-02  2  0.5740  1.988224e+13 -7.667707e-01 -5.924677e+01  1.849071e-01  5.521987e+01  6.607023e+00  3  0.5740  1.210090e+11 -7.667707e-01 -5.924677e+01  3.327680e-01  1.047365e+02  2.700158e-01  4  0.5740  7.493010e+00  0.000000e+00  0.000000e+00  1.975128e-01  1.438810e+02  0.000000e+00 
3  2.939309e+01  2.861514e+01  2.918000e+03  6.810402e-01 6 -1.000000e+00  4.739911e+01 1   6.9193 -7.499008e-02  1.942009e-01 -1 -1.0000 -1.000000e+00 -1.000000e+00 -1.000000e+00 -1.000000e+00 -1.000000e+00 -1.000000e+00 -1 -1.0000 -1.000000e+00 -1.000000e+00 -1.000000e+00 -1.000000e+00 -1.000000e+00 -1.000000e+00  0  0.8340  4.035645e+12  0.000000e+00  0.000000e+00  5.074340e-01 -1.255474e+02  4.336788e+00  1  0.8340  8.161476e+10  0.000000e+00  0.000000e+00  2.394716e-01 -1.395483e+02  1.434539e-01  2  0.8340  6.919330e+00  0.000000e+00  0.000000e+00  2.454604e-02  9.010476e+01  0.000000e+00 
3  1.970253e+02  1.680202e+02  1.560000e+03  5.319884e-01 6 -1.000000e+00  2.749856e+02 1   1.9473 -1.417079e-01 -2.555519e-01 -1 -1.0000 -1.000000e+00 -1.000000e+00 -1.000000e+00 -1.000000e+00 -1.000000e+00 -1.000000e+00 -1 -1.0000 -1.000000e+00 -1.000000e+00 -1.000000e+00 -1.000000e+00 -1.000000e+00 -1.000000e+00  0  0.8550  3.389630e+12  0.000000e+00  0.000000e+00  2.267581e-01  5.311611e+01  2.832282e+00  1  0.8550  9.282016e+10  0.000000e+00  0.000000e+00  3.274736e-01  5.524106e+01  1.050537e-01  2  0.8550  1.947340e+00  0.000000e+00  0.000000e+00  4.354331e-02 -2.187209e+01  0.000000e+00 
3  9.387034e+01  1.228354e+02  5.268000e+03  2.692209e-01 6 -1.000000e+00  1.393032e+02 1  10.9977 -7.856900e-02 -1.061727e-01 -1 -1.0000 -1.000000e+00 -1.000000e+00 -1.000000e+00 -1.000000e+00 -1.000000e+00 -1.000000e+00 -1 -1.0000 -1.000000e+00 -1.000000e+00 -1.000000e+00 -1.000000e+00 -1.000000e+00 -1.000000e+00  0  1.2620  4.451871e+11  0.000000e+00  0.000000e+00  3.403056e-01 -1.436370e+02  1.028140e+01  1  1.2620  8.912706e+09  0.000000e+00  0.000000e+00  3.351602e-01 -1.232058e+02  3.808885e-02  2  1.2620  1.099770e+01  0.000000e+00  0.000000e+00  2.132618e-02 -1.048678e+02  0.000000e+00 
3  1.454299e+02  2.468306e+02  7.080000e+02  3.229753e-01 6 -1.000000e+00  2.606276e+02 3   6.7579  3.348026e-02 -4.458962e-02 -1 -1.0000 -1.000000e+00 -1.000000e+00 -1.000000e+00 -1.000000e+00 -1.000000e+00 -1.000000e+00 -1 -1.0000 -1.000000e+00 -1.000000e+00 -1.000000e+00 -1.000000e+00 -1.000000e+00 -1.000000e+00  0  1.2640  1.073114e+12  0.000000e+00  0.000000e+00  1.688898e-01  1.297031e+02  5.008329e+00  1  1.2640  2.426326e+10  0.000000e+00  0.000000e+00  2.577921e-01  2.039758e+02  2.690236e-02  2  1.2640  6.757930e+00  0.000000e+00  0.000000e+00  6.565775e-02  1.620750e+02  0.000000e+00 
3  1.454842e+02  2.227955e+02  3.015000e+03  3.943746e-01 6  2.805195e-01  2.599827e+02 3  13.9049  1.544873e-01  2.219756e-01  0  1.2860  3.135907e+11  0.000000e+00  0.000000e+00  3.799690e-02 -1.129701e+02  2.719802e+01  1  1.2860  4.773030e+09  0.000000e+00  0.000000e+00  4.872502e-01 -1.381231e+02  1.041122e-01  2  1.2860  1.266410e+12  8.388903e+00  1.614194e+01  8.898845e-02  2.665459e+01  6.153325e+00  3  1.2860  4.519096e+10  8.388903e+00  1.614194e+01  7.130216e-02  5.474925e+01  1.076398e-01  4  1.2860  1.390490e+01  0.000000e+00  0.000000e+00  1.314798e-01 -1.451170e+02  0.000000e+00 
2  5.325461e+02  1.019622e+01  1.292000e+03  6.942444e-01 6  2.735154e-01  2.916234e+01 1   6.4318  1.010635e+00  2.179790e+00  0  1.8140  1.136892e+12  0.000000e+00  0.000000e+00  3.028067e-01 -1.292475e+01  1.009722e+01  1  1.8140  6.160639e+10  0.000000e+00  0.000000e+00  3.308278e-01  3.826989e+01  3.666072e-02  2  1.8140  7.231523e+12  3.067343e+00  2.302700e+00  2.689218e-01  1.098215e+02  4.274211e+00  3  1.8140  6.818161e+10  3.067343e+00  2.302700e+00  5.054528e-01  8.008452e+01  6.426886e-02  4  1.8140  6.431810e+00  0.000000e+00  0.000000e+00  9.903230e-02 -7.113666e+01  0.000000e+00 
2  1.658179e+01  1.426431e+01  5.844000e+03  1.177855e+00 6  2.801387e-01  2.362844e+01 1  10.9971  1.561668e+00  1.092929e+00  0  0.9000  2.325278e+12  0.000000e+00  0.000000e+00  1.215801e-01  2.799953e+01  1.721319e+01  1  0.9000  6.806983e+10  0.000000e+00  0.000000e+00  3.830597e-01  2.751625e+01  3.226839e-02  2  0.9000  7.643946e+12  2.057606e+01  9.822659e+00  8.734217e-02 -3.962382e+01  3.296582e+00  3  0.9000  8.905727e+10  2.057606e+01  9.822659e+00  1.544539e-01 -3.228320e+01  1.000991e-01  4  0.9000  1.099710e+01  0.000000e+00  0.000000e+00  1.205364e-01  2.298344e+01  0.000000e+00 
1  7.411288e+01  1.591913e+02  4.167000e+03  1.648427e+00 0 -1.000000e+00  1.591913e+02 2   4.8070  1.471176e+00 -2.123143e+00 -1 -1.0000 -1.000000e+00 -1.000000e+00 -1.000000e+00 -1.000000e+00 -1.000000e+00 -1.000000e+00 -1 -1.0000 -1.000000e+00 -1.000000e+00 -1.000000e+00 -1.000000e+00 -1.000000e+00 -1.000000e+00  0  0.9590  2.416536e+13  0.000000e+00  0.000000e+00  4.535733e-01  1.799256e+01  6.284513e+00  1  0.9590  1.298512e+11  0.000000e+00  0.000000e+00  4.219286e-01  6.563859e+01  1.331562e-01  2  0.9590  4.807000e+00  0.000000e+00  0.000000e+00  1.252933e-01 -1.332501e+02  0.000000e+00 
5  2.752842e+02  4.720074e+02  3.159000e+03  1.812743e-01 6  2.995799e-01  5.933568e+02 3  13.9053  3.398997e-01 -4.651164e-01  0  0.9070  1.070869e+11  0.000000e+00  0.000000e+00  2.690830e-01  1.898921e+01  3.191464e+01  1  0.9070  1.073439e+09  0.000000e+00  0.000000e+00  3.029974e-01  9.000411e+01  1.112258e-01  2  0.9070  1.646439e+12  4.287665e+00 -4.736200e+00  3.462314e-01 -9.531044e+01  5.925930e+00  3  0.9070  6.620667e+10  4.287665e+00 -4.736200e+00  3.946626e-01 -3.716627e+01  1.317839e-01  4  0.9070  1.390530e+01  0.000000e+00  0.000000e+00  9.424008e-02  3.638131e-01  0.000000e+00 
3  1.332637e+02  1.312656e+02  2.148000e+03  7.413534e-01 6 -1.000000e+00  2.019231e+02 1  12.4610  3.973818e-01 -2.725221e-02 -1 -1.0000 -1.000000e+00 -1.000000e+00 -1.000000e+00 -1.000000e+00 -1.000000e+00 -1.000000e+00 -1 -1.0000 -1.000000e+00 -1.000000e+00 -1.000000e+00 -1.000000e+00 -1.000000e+00 -1.000000e+00  0  2.7730  4.477106e+12  0.000000e+00  0.000000e+00  6.080674e-02  7.911941e+01  3.728179e+00  1  2.7730  8.270973e+10  0.000000e+00  0.000000e+00  2.771090e-02  1.063523e+02  6.370228e-02  2  2.7730  1.246100e+01  0.000000e+00  0.000000e+00  1.886910e-01 -2.335334e+01  0.000000e+00 
3  4.504849e+01  1.475596e+01  3.490000e+03  9.479743e-01 6 -1.000000e+00  7.836467e+01 2  10.4382  1.146638e+00 -1.483177e-01 -1 -1.0000 -1.000000e+00 -1.000000e+00 -1.000000e+00 -1.000000e+00 -1.000000e+00 -1.000000e+00 -1 -1.0000 -1.000000e+00 -1.000000e+00 -1.000000e+00 -1.000000e+00 -1.000000e+00 -1.000000e+00  0  0.9870  8.918196e+12  0.000000e+00  0.000000e+00  2.576560e-01  5.119300e+00  5.453815e+00  1  0.9870  1.137956e+11  0.000000e+00  0.000000e+00  3.957531e-01 -4.483841e+00  5.856461e-02  2  0.9870  1.043820e+01  0.000000e+00  0.000000e+00  1.803514e-01 -8.725937e+01  0.000000e+00 
3  1.187103e+03  6.080742e+02  8.521000e+03  3.505749e-01 6  2.796946e-01  1.677788e+03 1   3.8727 -2.142172e-01 -3.273499e-01  0  1.0360  4.675421e+11  0.000000e+00  0.000000e+00  1.541230e-01  1.436993e+02  1.667300e+01  1  1.0360  1.763202e+10  0.000000e+00  0.000000e+00  2.228664e-01  2.007635e+02  2.475566e-02  2  1.0360  1.226202e+12  6.954899e+00 -1.868118e+01  2.740227e-01  9.260606e+01  4.191721e+00  3  1.0360  5.779179e+10  6.954899e+00 -1.868118e+01  1.953320e-01  1.699932e+02  8.018785e-02  4  1.0360  3.872720e+00  0.000000e+00  0.000000e+00  4.993765e-02  1.391349e+02  0.000000e+00 
1  6.557961e+01  1.856777e+02  1.461000e+03  1.597714e-01 0  2.776326e-01  1.856777e+02 2   4.6136  6.900085e-02  5.486591e-01  0  1.6340  5.401424e+11  0.000000e+00  0.000000e+00  3.687700e-01  1.289362e+02  8.943215e+00  1  1.6340  1.002837e+10  0.000000e+00  0.000000e+00  2.082103e-01  1.546654e+02  1.114864e-01  2  1.6340  2.794452e+12  3.411634e+00  1.347759e+01  1.917014e-01 -2.471452e+01  5.190440e+00  3  1.6340  4.787461e+10  3.411634e+00  1.347759e+01  2.746538e-01 -6.316190e+01  2.131507e-02  4  1.6340  4.613560e+00  0.000000e+00  0.000000e+00  2.482034e-01  3.677700e+01  0.000000e+00 
3  4.083051e+01  2.274351e+01  6.140000e+03  4.823798e-01 6 -1.000000e+00  5.865038e+01 1  15.9473  2.620905e-01  3.208601e-01 -1 -1.0000 -1.000000e+00 -1.000000e+00 -1.000000e+00 -1.000000e+00 -1.000000e+00 -1.000000e+00 -1 -1.0000 -1.000000e+00 -1.000000e+00 -1.000000e+00 -1.000000e+00 -1.000000e+00 -1.000000e+00  0  1.1880  1.454816e+12  0.000000e+00  0.000000e+00  1.345575e-01 -2.416715e+01  6.312670e+00  1  1.1880  3.939862e+10  0.000000e+00  0.000000e+00  1.770676e-01  3.052119e+01  1.074018e-01  2  1.1880  1.594730e+01  0.000000e+00  0.000000e+00  1.444957e-01 -9.460698e+01  0.000000e+00 
3  1.455447e+02  9.850402e+01  2.939000e+03  3.806358e-01 6 -1.000000e+00  2.699817e+02 3   9.6923 -1.792337e-01 -1.891614e-01 -1 -1.0000 -1.000000e+00 -1.000000e+00 -1.000000e+00 -1.000000e+00 -1.000000e+00 -1.000000e+00 -1 -1.0000 -1.000000e+00 -1.000000e+00 -1.000000e+00 -1.000000e+00 -1.000000e+00 -1.000000e+00  0  2.8730  2.108281e+12  0.000000e+00  0.000000e+00  1.223243e-02  6.063275e+01  4.466742e+00  1  2.8730  3.844612e+10  0.000000e+00  0.000000e+00  3.451456e-01  1.775172e+01  3.926237e-02  2  2.8730  9.692280e+00  0.000000e+00  0.000000e+00  1.015916e-01  1.156824e+02  0.000000e+00 
1  1.080296e+02  2.277615e+02  1.540000e+02  5.483097e+00 0 -1.000000e+00  2.277615e+02 2  13.7339 -5.333452e+00  9.806167e+00 -1 -1.0000 -1.000000e+00 -1.000000e+00 -1.000000e+00 -1.000000e+00 -1.000000e+00 -1.000000e+00 -1 -1.0000 -1.000000e+00 -1.000000e+00 -1.000000e+00 -1.000000e+00 -1.000000e+00 -1.000000e+00  0  0.2700  7.904994e+14  0.000000e+00  0.000000e+00  4.219244e-01 -4.994258e-01  3.216842e+00  1  0.2700  1.370938e+12  0.000000e+00  0.000000e+00  8.405165e-02  5.635894e+00  4.642776e+00  2  0.2700  1.373390e+01  0.000000e+00  0.000000e+00  1.230746e-01  5.419730e+01  0.000000e+00 
3  1.341717e+02  1.264832e+02  3.439000e+03  3.922367e-01 6 -1.000000e+00  1.828895e+02 1  14.7872 -2.703018e-01  1.705664e-01 -1 -1.0000 -1.000000e+00 -1.000000e+00 -1.000000e+00 -1.000000e+00 -1.000000e+00 -1.000000e+00 -1 -1.0000 -1.000000e+00 -1.000000e+00 -1.000000e+00 -1.000000e+00 -1.000000e+00 -1.000000e+00  0  0.8770  9.363990e+11  0.000000e+00  0.000000e+00  1.141701e-01  1.435853e+01  8.464494e+00  1  0.8770  2.923801e+10  0.000000e+00  0.000000e+00  5.858974e-01 -3.985827e+01  7.735527e-02  2  0.8770  1.478720e+01  0.000000e+00  0.000000e+00  9.998756e-02  1.486077e+02  0.000000e+00 
2  8.740245e+01  9.992042e+01  1.340000e+03  8.116683e-01 6 -1.000000e+00  1.341909e+02 1   4.0602 -3.369575e-01 -1.969164e-01 -1 -1.0000 -1.000000e+00 -1.000000e+00 -1.000000e+00 -1.000000e+00 -1.000000e+00 -1.000000e+00 -1 -1.0000 -1.000000e+00 -1.000000e+00 -1.000000e+00 -1.000000e+00 -1.000000e+00 -1.000000e+00  0  1.2640  6.008690e+12  0.000000e+00  0.000000e+00  3.960028e-01  6.312014e+01  5.121263e+00  1  1.2640  1.147440e+11  0.000000e+00  0.000000e+00  2.317153e-01  4.121012e+01  4.830693e-02  2  1.2640  4.060160e+00  0.000000e+00  0.000000e+00  1.051133e-01 -8.340088e+00  0.000000e+00 
3  2.756506e+02  3.207592e+02  6.442000e+03  7.140560e-01 6  2.921947e-01  4.062308e+02 1   9.6926 -1.094045e+00 -8.871156e-01  0  0.3950  1.619772e+12  0.000000e+00  0.000000e+00  2.637348e-01  1.688028e+02  8.789565e+00  1  0.3950  5.414470e+10  0.000000e+00  0.000000e+00  3.138712e-01  1.384709e+02  1.268653e-01  2  0.3950  8.017360e+12 -3.032896e+01 -3.165006e+01  2.233064e-01 -1.484867e+02  6.874543e+00  3  0.3950  1.393819e+11 -3.032896e+01 -3.165006e+01  1.344791e-01 -1.127136e+02  2.240087e-01  4  0.3950  9.692590e+00  0.000000e+00  0.000000e+00  1.108723e-01 -5.361337e+01  0.000000e+00 
3  6.103213e+02  3.333452e+02  5.528000e+03  2.840587e-01 6 -1.000000e+00  8.524805e+02 1   6.4314  1.361291e-01  1.716344e-01 -1 -1.0000 -1.000000e+00 -1.000000e+00 -1.000000e+00 -1.000000e+00 -1.000000e+00 -1.000000e+00 -1 -1.0000 -1.000000e+00 -1.000000e+00 -1.000000e+00 -1.000000e+00 -1.000000e+00 -1.000000e+00  0  1.1580  8.363219e+11  0.000000e+00  0.000000e+00  1.888470e-01 -1.021212e+01  5.533721e+00  1  1.1580  2.683455e+10  0.000000e+00  0.000000e+00  4.119578e-01 -2.524291e+01  7.359594e-02  2  1.1580  6.431410e+00  0.000000e+00  0.000000e+00  1.287435e-01  3.051920e+00  0.000000e+00 
3  3.386595e+01  1.632624e+01  6.532000e+03  4.159152e-01 6 -1.000000e+00  4.456728e+01 1   7.9810  3.785002e-01  5.218775e-02 -1 -1.0000 -1.000000e+00 -1.000000e+00 -1.000000e+00 -1.000000e+00 -1.000000e+00 -1.000000e+00 -1 -1.0000 -1.000000e+00 -1.000000e+00 -1.000000e+00 -1.000000e+00 -1.000000e+00 -1.000000e+00  0  1.1670  1.212796e+12  0.000000e+00  0.000000e+00  1.717450e-01 -1.329251e+02  3.740580e+00  1  1.1670  4.176382e+10  0.000000e+00  0.000000e+00  3.687221e-01 -2.193624e+02  3.906762e-02  2  1.1670  7.981050e+00  0.000000e+00  0.000000e+00  1.196923e-01  1.372758e+02  0.000000e+00 
3  5.428211e+01  4.782497e+01  5.970000e+02  2.693413e-01 6 -1.000000e+00  7.795672e+01 1  12.5939  1.583051e-01  6.927832e-02 -1 -1.0000 -1.000000e+00 -1.000000e+00 -1.000000e+00 -1.000000e+00 -1.000000e+00 -1.000000e+00 -1 -1.0000 -1.000000e+00 -1.000000e+00 -1.000000e+00 -1.000000e+00 -1.000000e+00 -1.000000e+00  0  1.2860  6.743116e+11  0.000000e+00  0.000000e+00  1.490978e-01  9.732914e+01  5.840580e+00  1  1.2860  1.626706e+10  0.000000e+00  0.000000e+00  3.219944e-01  5.113358e+01  1.017648e-01  2  1.2860  1.259390e+01  0.000000e+00  0.000000e+00  1.985865e-01 -9.583907e+00  0.000000e+00 
5  2.948320e+01  4.788530e+01  2.120000e+03  5.164018e-01 6  2.771846e-01  5.610363e+01 3   7.9810 -2.502550e-01  1.160646e+00  0  1.4470  1.231155e+12  0.000000e+00  0.000000e+00  3.212192e-01 -1.663753e+01  7.664480e+00  1  1.4470  5.263022e+10  0.000000e+00  0.000000e+00  4.956000e-01 -2.807484e+01  5.479079e-02  2  1.4470  6.467595e+12 -1.448266e+00  9.787168e+00  2.054897e-01 -1.130459e+01  2.829488e+00  3  1.4470  7.827614e+10 -1.448266e+00  9.787168e+00  2.682687e-01 -1.022059e+01  3.618014e-02  4  1.4470  7.980980e+00  0.000000e+00  0.000000e+00  2.439795e-01 -1.431059e+02  0.000000e+00 
3  7.933373e+01  5.122794e+01  1.028000e+03  6.953606e-01 6 -1.000000e+00  1.097293e+02 1   6.5044 -3.515981e-01  4.040299e-01 -1 -1.0000 -1.000000e+00 -1.000000e+00 -1.000000e+00 -1.000000e+00 -1.000000e+00 -1.000000e+00 -1 -1.0000 -1.000000e+00 -1.000000e+00 -1.000000e+00 -1.000000e+00 -1.000000e+00 -1.000000e+00  0  0.7660  4.059389e+12  0.000000e+00  0.000000e+00  1.274945e-02  1.405332e+02  5.057254e+00  1  0.7660  6.255611e+10  0.000000e+00  0.000000e+00  9.419664e-02  1.293660e+02  8.875728e-02  2  0.7660  6.504430e+00  0.000000e+00  0.000000e+00  1.002533e-01 -6.137958e+01  0.000000e+00 
3  1.454299e+02  1.107907e+02  7.080000e+02  6.584515e-01 6 -1.000000e+00  2.210410e+02 1   6.7579 -3.881070e-01  1.895712e-01 -1 -1.0000 -1.000000e+00 -1.000000e+00 -1.000000e+00 -1.000000e+00 -1.000000e+00 -1.000000e+00 -1 -1.0000 -1.000000e+00 -1.000000e+00 -1.000000e+00 -1.000000e+00 -1.000000e+00 -1.000000e+00  0  0.6660  2.781192e+12  0.000000e+00  0.000000e+00  2.371371e-01 -1.747940e+02  6.948077e+00  1  0.6660  7.587602e+10  0.000000e+00  0.000000e+00  3.170826e-01 -1.694309e+02  1.333064e-01  2  0.6660  6.757930e+00  0.000000e+00  0.000000e+00  7.259651e-02  3.891491e+01  0.000000e+00 
3  4.068257e+01  2.610714e+01  1.752000e+03  3.629861e-01 6 -1.000000e+00  5.901838e+01 1   8.8473 -1.354064e-01  3.468923e-01 -1 -1.0000 -1.000000e+00 -1.000000e+00 -1.000000e+00 -1.000000e+00 -1.000000e+00 -1.000000e+00 -1 -1.0000 -1.000000e+00 -1.000000e+00 -1.000000e+00 -1.000000e+00 -1.000000e+00 -1.000000e+00  0  0.5780  9.190549e+11  0.000000e+00  0.000000e+00  1.388182e-01 -1.320007e+02  7.514363e+00  1  0.5780  2.367932e+10  0.000000e+00  0.000000e+00  1.673065e-01 -1.856784e+02  1.312565e-01  2  0.5780  8.847310e+00  0.000000e+00  0.000000e+00  2.672958e-02 -1.804467e+00  0.000000e+00 
3  4.655395e+02  3.651714e+02  2.440000e+03  6.805507e-01 6 -1.000000e+00  6.845800e+02 1   5.5529 -4.662599e-01 -1.292692e-02 -1 -1.0000 -1.000000e+00 -1.000000e+00 -1.000000e+00 -1.000000e+00 -1.000000e+00 -1.000000e+00 -1 -1.0000 -1.000000e+00 -1.000000e+00 -1.000000e+00 -1.000000e+00 -1.000000e+00 -1.000000e+00  0  0.7870  1.938795e+12  0.000000e+00  0.000000e+00  2.472005e-01 -1.740923e+02  8.095514e+00  1  0.7870  7.817269e+10  0.000000e+00  0.000000e+00  4.473760e-01 -1.365778e+02  1.099468e-01  2  0.7870  5.552870e+00  0.000000e+00  0.000000e+00  3.988840e-02 -7.241987e+01  0.000000e+00 
3  2.469015e+01  1.527411e+01  7.496000e+03  1.381230e+00 6  2.858973e-01  4.711417e+01 3   9.9999  2.384447e+00 -4.488697e+00  0  0.9990  2.900209e+12  0.000000e+00  0.000000e+00  1.425461e-01  1.440642e+02  1.281480e+01  1  0.9990  7.609538e+10  0.000000e+00  0.000000e+00  4.056955e-01  1.225559e+02  9.472085e-02  2  0.9990  4.692255e+13  5.516507e+00 -9.233874e+00  5.137968e-01 -4.261949e+01  6.323698e+00  3  0.9990  2.300276e+11  5.516507e+00 -9.233874e+00  3.231784e-01 -7.297353e+01  9.323223e-02  4  0.9990  9.999860e+00  0.000000e+00  0.000000e+00  1.265199e-01 -6.409091e+01  0.000000e+00 
3  2.592753e+02  1.791311e+02  2.384000e+03  1.074720e+00 6 -1.000000e+00  3.854148e+02 1   8.4042 -7.644298e-01 -5.373856e-01 -1 -1.0000 -1.000000e+00 -1.000000e+00 -1.000000e+00 -1.000000e+00 -1.000000e+00 -1.000000e+00 -1 -1.0000 -1.000000e+00 -1.000000e+00 -1.000000e+00 -1.000000e+00 -1.000000e+00 -1.000000e+00  0  0.5530  1.421617e+13  0.000000e+00  0.000000e+00  2.378061e-01 -1.595764e+02  5.342236e+00  1  0.5530  1.291776e+11  0.000000e+00  0.000000e+00  3.389358e-01 -1.591540e+02  2.166414e-01  2  0.5530  8.404160e+00  0.000000e+00  0.000000e+00  3.647496e-02  1.996913e+01  0.000000e+00 
3  1.302166e+02  1.027139e+02  2.653000e+03  5.792330e-01 6 -1.000000e+00  1.522177e+02 1   9.9997 -3.490449e-01 -3.981913e-01 -1 -1.0000 -1.000000e+00 -1.000000e+00 -1.000000e+00 -1.000000e+00 -1.000000e+00 -1.000000e+00 -1 -1.0000 -1.000000e+00 -1.000000e+00 -1.000000e+00 -1.000000e+00 -1.000000e+00 -1.000000e+00  0  0.9090  1.547939e+12  0.000000e+00  0.000000e+00  6.127806e-01 -1.287018e+02  8.219354e+00  1  0.9090  6.094882e+10  0.000000e+00  0.000000e+00  3.789401e-01 -1.692147e+02  6.030802e-02  2  0.9090  9.999660e+00  0.000000e+00  0.000000e+00  1.786009e-01 -1.595377e+02  0.000000e+00 
1  5.842254e+01  1.333749e+02  1.052000e+03  4.214875e-02 0  3.072039e-01  1.333749e+02 2   3.4908  1.383840e-01  7.774273e-02  0  1.0290  1.709386e+10  0.000000e+00  0.000000e+00  1.790265e-01  1.284415e+01  3.087148e+01  1  1.0290  1.643581e+07  0.000000e+00  0.000000e+00  1.544640e-01  1.428086e+01  3.815878e-02  2  1.0290  6.989140e+11  3.522095e-01  9.705777e-02  2.820675e-01 -8.391324e+01  7.379649e+00  3  1.0290  1.851427e+10  3.522095e-01  9.705777e-02  2.777469e-01 -1.044625e+02  5.823644e-02  4  1.0290  3.490760e+00  0.000000e+00  0.000000e+00  1.073814e-01 -1.431209e+02  0.000000e+00 
4  3.942335e+02  8.862163e+02  8.500000e+01  1.594097e+00 6  2.696685e-01  1.677505e+03 3   7.1904 -1.182211e+00  1.328580e+00  0  1.9830  7.380603e+12  0.000000e+00  0.000000e+00  1.802997e-01 -7.079314e+01  8.539923e+00  1  1.9830  7.362879e+10  0.000000e+00  0.000000e+00  1.306182e-01 -5.843806e+01  2.619204e-02  2  1.9830  2.218911e+13 -6.543225e+00  6.960036e+00  2.066110e-01  5.379363e+01  2.806067e+00  3  1.9830  1.375279e+11 -6.543225e+00  6.960036e+00  4.103304e-01  6.206069e+01  3.098042e-02  4  1.9830  7.190420e+00  0.000000e+00  0.000000e+00  7.293684e-02 -8.862005e+01  0.000000e+00 
3  1.058674e+02  6.042731e+01  6.741000e+03  3.897015e-01 6 -1.000000e+00  1.653368e+02 1  15.4606  2.360611e-01 -9.282921e-02 -1 -1.0000 -1.000000e+00 -1.000000e+00 -1.000000e+00 -1.000000e+00 -1.000000e+00 -1.000000e+00 -1 -1.0000 -1.000000e+00 -1.000000e+00 -1.000000e+00 -1.000000e+00 -1.000000e+00 -1.000000e+00  0  1.1760  7.586647e+11  0.000000e+00  0.000000e+00  1.554934e-01 -1.152337e+02  6.374113e+00  1  1.1760  1.942867e+10  0.000000e+00  0.000000e+00  1.846888e-01 -9.027821e+01  4.331111e-02  2  1.1760  1.546060e+01  0.000000e+00  0.000000e+00  2.327557e-02  1.247617e+02  0.000000e+00 
3  1.474284e+02  1.607728e+02  7.660000e+02  1.300045e-01 6 -1.000000e+00  2.082987e+02 1   9.4309  6.813741e-02 -2.705801e-02 -1 -1.0000 -1.000000e+00 -1.000000e+00 -1.000000e+00 -1.000000e+00 -1.000000e+00 -1.000000e+00 -1 -1.0000 -1.000000e+00 -1.000000e+00 -1.000000e+00 -1.000000e+00 -1.000000e+00 -1.000000e+00  0  1.3030  3.981691e+11  0.000000e+00  0.000000e+00  4.246895e-01 -5.261095e+01  5.408923e+00  1  1.3030  4.270634e+09  0.000000e+00  0.000000e+00  3.372899e-01 -5.412000e+01  5.003002e-02  2  1.3030  9.430920e+00  0.000000e+00  0.000000e+00  9.696486e-02 -1.785252e+02  0.000000e+00 
3  6.569864e+00  3.781925e+00  7.867000e+03  3.333118e-01 6 -1.000000e+00  9.366370e+00 1  15.9480  1.727814e-01 -1.561007e-01 -1 -1.0000 -1.000000e+00 -1.000000e+00 -1.000000e+00 -1.000000e+00 -1.000000e+00 -1.000000e+00 -1 -1.0000 -1.000000e+00 -1.000000e+00 -1.000000e+00 -1.000000e+00 -1.000000e+00 -1.000000e+00  0  2.4840  1.017389e+12  0.000000e+00  0.000000e+00  1.057760e-01  8.228027e+01  4.411782e+00  1  2.4840  1.478062e+10  0.000000e+00  0.000000e+00  3.941937e-01  6.635266e+01  1.983142e-02  2  2.4840  1.594800e+01  0.000000e+00  0.000000e+00  1.810617e-01  1.606307e+02  0.000000e+00 
3  4.117803e+02  4.298877e+02  3.686000e+03  3.756611e-01 6 -1.000000e+00  5.894230e+02 1   5.5530 -2.310114e-01 -1.665224e-02 -1 -1.0000 -1.000000e+00 -1.000000e+00 -1.000000e+00 -1.000000e+00 -1.000000e+00 -1.000000e+00 -1 -1.0000 -1.000000e+00 -1.000000e+00 -1.000000e+00 -1.000000e+00 -1.000000e+00 -1.000000e+00  0  1.0300  1.366674e+12  0.000000e+00  0.000000e+00  4.888403e-01 -1.612635e+02  6.068031e+00  1  1.0300  3.597588e+10  0.000000e+00  0.000000e+00  1.808646e-01 -1.701968e+02  9.686796e-02  2  1.0300  5.553000e+00  0.000000e+00  0.000000e+00  4.640606e-02  1.149193e+02  0.000000e+00 
3  9.535242e+01  3.989953e+01  7.414000e+03  2.986840e-01 6 -1.000000e+00  1.724185e+02 2  11.8336  2.083595e-01  8.440764e-02 -1 -1.0000 -1.000000e+00 -1.000000e+00 -1.000000e+00 -1.000000e+00 -1.000000e+00 -1.000000e+00 -1 -1.0000 -1.000000e+00 -1.000000e+00 -1.000000e+00 -1.000000e+00 -1.000000e+00 -1.000000e+00  0  2.7960  1.039943e+12  0.000000e+00  0.000000e+00  2.674745e-01  5.549385e+01  4.340862e+00  1  2.7960  1.425734e+10  0.000000e+00  0.000000e+00  3.302758e-01  6.974685e+01  2.349622e-02  2  2.7960  1.183360e+01  0.000000e+00  0.000000e+00  1.941780e-01 -4.782200e+01  0.000000e+00 
3  2.620876e+02  3.535854e+02  6.980000e+03  1.011356e+00 6  2.903013e-01  7.611208e+02 3   4.4223 -1.745871e+00  4.522695e-01  0  0.8530  1.544276e+12  0.000000e+00  0.000000e+00  1.945797e-01 -1.292714e+02  1.671877e+01  1  0.8530  6.575707e+10  0.000000e+00  0.000000e+00  2.555282e-01 -1.323545e+02  7.017609e-02  2  0.8530  1.611043e+13 -7.272035e+00  8.660005e-01  3.471508e-01  1.164333e+02  3.873915e+00  3  0.8530  1.425229e+11 -7.272035e+00  8.660005e-01  3.760165e-01  1.385352e+02  1.620473e-01  4  0.8530  4.422310e+00  0.000000e+00  0.000000e+00  8.847003e-02  1.421343e+02  0.000000e+00 
1  5.267432e+02  9.233538e+02  2.082000e+03  2.944479e+00 0 -1.000000e+00  9.233538e+02 2   6.9295  1.816942e+00  3.511601e+00 -1 -1.0000 -1.000000e+00 -1.000000e+00 -1.000000e+00 -1.000000e+00 -1.000000e+00 -1.000000e+00 -1 -1.0000 -1.000000e+00 -1.000000e+00 -1.000000e+00 -1.000000e+00 -1.000000e+00 -1.000000e+00  0  0.4190  9.999291e+13  0.000000e+00  0.000000e+00  3.702330e-01 -3.021068e+00  5.113844e+00  1  0.4190  5.131110e+11  0.000000e+00  0.000000e+00  2.770868e-01 -1.843449e+01  1.063185e+00  2  0.4190  6.929450e+00  0.000000e+00  0.000000e+00  1.479501e-02  8.336886e+01  0.000000e+00 
1  6.733124e+01  1.269682e+02  3.582000e+03  1.839890e+00 0 -1.000000e+00  1.269682e+02 2  13.2350 -1.640949e+00 -6.868771e-02 -1 -1.0000 -1.000000e+00 -1.000000e+00 -1.000000e+00 -1.000000e+00 -1.000000e+00 -1.000000e+00 -1 -1.0000 -1.000000e+00 -1.000000e+00 -1.000000e+00 -1.000000e+00 -1.000000e+00 -1.000000e+00  0  0.5460  1.069826e+13  0.000000e+00  0.000000e+00  3.207611e-01 -1.075948e+02  8.425923e+00  1  0.5460  1.100779e+11  0.000000e+00  0.000000e+00  6.261207e-01 -1.062643e+02  3.223259e-01  2  0.5460  1.323500e+01  0.000000e+00  0.000000e+00  1.426582e-01 -5.247655e+01  0.000000e+00 
3  1.721592e+01  7.947568e+00  1.715000e+03  6.638233e-01 6 -1.000000e+00  2.197064e+01 1  10.8397 -4.019816e-01  6.182049e-01 -1 -1.0000 -1.000000e+00 -1.000000e+00 -1.000000e+00 -1.000000e+00 -1.000000e+00 -1.000000e+00 -1 -1.0000 -1.000000e+00 -1.000000e+00 -1.000000e+00 -1.000000e+00 -1.000000e+00 -1.000000e+00  0  0.9870  3.697343e+12  0.000000e+00  0.000000e+00  4.026869e-01  1.263444e+02  5.303701e+00  1  0.9870  6.493535e+10  0.000000e+00  0.000000e+00  2.682154e-01  1.724092e+02  4.418072e-02  2  0.9870  1.083970e+01  0.000000e+00  0.000000e+00  1.482485e-01 -9.156792e+01  0.000000e+00 
3  4.501952e+02  2.349425e+02  3.712000e+03  3.781333e-01 6 -1.000000e+00  5.528839e+02 1   6.7580 -3.861127e-01  1.324139e-01 -1 -1.0000 -1.000000e+00 -1.000000e+00 -1.000000e+00 -1.000000e+00 -1.000000e+00 -1.000000e+00 -1 -1.0000 -1.000000e+00 -1.000000e+00 -1.000000e+00 -1.000000e+00 -1.000000e+00 -1.000000e+00  0  0.7550  1.037649e+12  0.000000e+00  0.000000e+00  1.661293e-01 -2.663776e+01  5.267595e+00  1  0.7550  3.292737e+10  0.000000e+00  0.000000e+00  2.059193e-01  1.009061e+01  9.813171e-02  2  0.7550  6.758050e+00  0.000000e+00  0.000000e+00  8.141033e-02  1.614040e+02  0.000000e+00 
3  1.454299e+02  4.160678e+01  7.080000e+02  1.720790e+00 6 -1.000000e+00  2.812874e+02 2   6.7579 -3.811344e-01 -1.457686e+00 -1 -1.0000 -1.000000e+00 -1.000000e+00 -1.000000e+00 -1.000000e+00 -1.000000e+00 -1.000000e+00 -1 -1.0000 -1.000000e+00 -1.000000e+00 -1.000000e+00 -1.000000e+00 -1.000000e+00 -1.000000e+00  0  1.1150  2.681259e+13  0.000000e+00  0.000000e+00  1.942463e-01  2.153091e+01  4.795096e+00  1  1.1150  1.967458e+11  0.000000e+00  0.000000e+00  1.671931e-01 -2.696370e+01  1.389129e-01  2  1.1150  6.757930e+00  0.000000e+00  0.000000e+00  1.637089e-01 -4.695090e+01  0.000000e+00 
3  2.823613e+01  4.253077e+01  1.483000e+03  2.856988e-01 6 -1.000000e+00  4.297548e+01 1   5.2135  1.933246e-02  9.629014e-02 -1 -1.0000 -1.000000e+00 -1.000000e+00 -1.000000e+00 -1.000000e+00 -1.000000e+00 -1.000000e+00 -1 -1.0000 -1.000000e+00 -1.000000e+00 -1.000000e+00 -1.000000e+00 -1.000000e+00 -1.000000e+00  0  1.2010  8.220588e+11  0.000000e+00  0.000000e+00  2.661000e-01 -7.315246e+01  4.595180e+00  1  1.2010  2.214366e+10  0.000000e+00  0.000000e+00  1.308467e-01 -1.147053e+02  8.596645e-02  2  1.2010  5.213530e+00  0.000000e+00  0.000000e+00  4.517771e-02  9.382937e+01  0.000000e+00 
1  1.626789e+01  3.234152e+01  2.852000e+03  3.679120e+00 0  2.754620e-01  3.234152e+01 2  12.1310 -7.241764e+00  1.139503e+01  0  0.8240  2.380475e+13  0.000000e+00  0.000000e+00  2.250203e-01 -1.874606e+01  8.990665e+00  1  0.8240  1.200742e+11  0.000000e+00  0.000000e+00  2.267941e-01 -3.645711e+01  2.159033e-01  2  0.8240  1.147857e+14 -1.720729e+01  2.432040e+01  1.166553e-01 -1.657784e+02  6.622030e+00  3  0.8240  3.786451e+11 -1.720729e+01  2.432040e+01  6.120201e-01 -1.667119e+02  3.072210e-01  4  0.8240  1.213100e+01  0.000000e+00  0.000000e+00  4.216053e-02 -1.157292e+02  0.000000e+00 
3  1.205148e+02  1.368773e+02  2.795000e+03  4.574776e-01 6 -1.000000e+00  2.140707e+02 3   3.5424  1.189390e-01 -1.186214e-01 -1 -1.0000 -1.000000e+00 -1.000000e+00 -1.000000e+00 -1.000000e+00 -1.000000e+00 -1.000000e+00 -1 -1.0000 -1.000000e+00 -1.000000e+00 -1.000000e+00 -1.000000e+00 -1.000000e+00 -1.000000e+00  0  1.1860  1.107794e+12  0.000000e+00  0.000000e+00  4.021827e-01 -1.626765e+02  1.057939e+01  1  1.1860  3.546035e+10  0.000000e+00  0.000000e+00  2.382133e-01 -8.088506e+01  6.570753e-02  2  1.1860  3.542410e+00  0.000000e+00  0.000000e+00  6.938243e-02 -6.310656e+01  0.000000e+00 
4  4.013063e+02  5.487412e+02  5.380000e+03  3.184669e-01 6  2.796183e-01  1.179030e+03 3  10.8406 -3.048736e-02  5.402970e-01  0  1.3170  4.101052e+11  0.000000e+00  0.000000e+00  3.092916e-01 -1.740281e+02  1.587000e+01  1  1.3170  9.017632e+09  0.000000e+00  0.000000e+00  1.609847e-01 -1.682586e+02  9.944525e-03  2  1.3170  1.520998e+12  2.471633e-01  1.070066e+01  2.536049e-01  4.220887e+00  3.699227e+00  3  1.3170  4.125914e+10  2.471633e-01  1.070066e+01  5.261252e-01 -6.279637e+00  5.368298e-02  4  1.3170  1.084060e+01  0.000000e+00  0.000000e+00  2.633716e-01  1.554674e+02  0.000000e+00 
3  1.657484e+02  1.034272e+02  3.382000e+03  7.168829e-01 6 -1.000000e+00  2.255596e+02 1   7.4930 -6.933492e-02 -3.424686e-01 -1 -1.0000 -1.000000e+00 -1.000000e+00 -1.000000e+00 -1.000000e+00 -1.000000e+00 -1.000000e+00 -1 -1.0000 -1.000000e+00 -1.000000e+00 -1.000000e+00 -1.000000e+00 -1.000000e+00 -1.000000e+00  0  1.3520  1.788547e+12  0.000000e+00  0.000000e+00  2.199654e-01 -3.067497e+01  4.849211e+00  1  1.3520  6.013278e+10  0.000000e+00  0.000000e+00  4.658647e-01 -8.194807e+01  5.177834e-02  2  1.3520  7.493030e+00  0.000000e+00  0.000000e+00  1.765032e-01 -5.597203e+01  0.000000e+00 
3  7.701687e+01  3.673706e+01  7.850000e+02  5.142240e-01 6 -1.000000e+00  1.103598e+02 1  14.4283 -7.714533e-01 -1.331583e-01 -1 -1.0000 -1.000000e+00 -1.000000e+00 -1.000000e+00 -1.000000e+00 -1.000000e+00 -1.000000e+00 -1 -1.0000 -1.000000e+00 -1.000000e+00 -1.000000e+00 -1.000000e+00 -1.000000e+00 -1.000000e+00  0  1.3880  5.168372e+12  0.000000e+00  0.000000e+00  1.226620e-01  1.476669e+02  4.585368e+00  1  1.3880  8.701800e+10  0.000000e+00  0.000000e+00  7.705650e-01  1.948439e+02  9.704730e-02  2  1.3880  1.442830e+01  0.000000e+00  0.000000e+00  7.382423e-02 -4.479914e+00  0.000000e+00 
3  1.480961e+02  8.227318e+01  9.538000e+03  5.697224e-01 6 -1.000000e+00  3.651395e+02 2  10.6520  1.702226e-01 -3.516347e-01 -1 -1.0000 -1.000000e+00 -1.000000e+00 -1.000000e+00 -1.000000e+00 -1.000000e+00 -1.000000e+00 -1 -1.0000 -1.000000e+00 -1.000000e+00 -1.000000e+00 -1.000000e+00 -1.000000e+00 -1.000000e+00  0  0.3610  1.561229e+12  0.000000e+00  0.000000e+00  2.066944e-01  2.574145e+01  9.187175e+00  1  0.3610  4.457712e+10  0.000000e+00  0.000000e+00  3.285677e-01  1.641952e+01  1.843633e-01  2  0.3610  1.065200e+01  0.000000e+00  0.000000e+00  1.372477e-01  2.256219e+01  0.000000e+00 
1  2.454616e+02  5.675576e+02  8.430000e+03  3.078558e+00 0 -1.000000e+00  5.675576e+02 2   6.4315  1.895234e+00 -3.157635e+00 -1 -1.0000 -1.000000e+00 -1.000000e+00 -1.000000e+00 -1.000000e+00 -1.000000e+00 -1.000000e+00 -1 -1.0000 -1.000000e+00 -1.000000e+00 -1.000000e+00 -1.000000e+00 -1.000000e+00 -1.000000e+00  0  0.5770  8.807769e+13  0.000000e+00  0.000000e+00  3.221061e-01  4.607235e+01  5.050019e+00  1  0.5770  2.555663e+11  0.000000e+00  0.000000e+00  3.064322e-01  2.792937e+01  2.239541e-01  2  0.5770  6.431490e+00  0.000000e+00  0.000000e+00  7.976795e-02  2.458289e+01  0.000000e+00 
1  8.536256e+01  1.587133e+02  3.515000e+03  2.028493e+00 0  2.818904e-01  1.587133e+02 2   4.6131 -5.990148e+00 -4.487834e+00  0  0.5770  1.616961e+13  0.000000e+00  0.000000e+00  3.363064e-01  2.751083e+01  1.024762e+01  1  0.5770  1.138152e+11  0.000000e+00  0.000000e+00  2.505589e-01  6.178215e+00  2.062119e-01  2  0.5770  8.351964e+13 -5.360789e+01 -2.435137e+01  1.993317e-01 -1.024680e+02  4.083873e+00  3  0.5770  3.183408e+11 -5.360789e+01 -2.435137e+01  5.294513e-02 -9.738640e+01  8.543914e-01  4  0.5770  4.613060e+00  0.000000e+00  0.000000e+00  1.368779e-01  1.483184e+02  0.000000e+00 
3  9.231484e+02  7.642105e+02  3.254000e+03  9.478134e-01 6 -1.000000e+00  1.816415e+03 3   4.1780  3.323789e-01  1.281504e-01 -1 -1.0000 -1.000000e+00 -1.000000e+00 -1.000000e+00 -1.000000e+00 -1.000000e+00 -1.000000e+00 -1 -1.0000 -1.000000e+00 -1.000000e+00 -1.000000e+00 -1.000000e+00 -1.000000e+00 -1.000000e+00  0  0.5890  2.542601e+12  0.000000e+00  0.000000e+00  2.490636e-01  7.981638e+01  8.537364e+00  1  0.5890  6.856516e+10  0.000000e+00  0.000000e+00  3.457980e-01  7.518417e+01  7.735933e-02  2  0.5890  4.177970e+00  0.000000e+00  0.000000e+00  5.056028e-02 -4.838286e+01  0.000000e+00 
3  7.664896e+01  6.385471e+01  1.559000e+03  1.011679e+00 6 -1.000000e+00  1.277861e+02 1  13.3985  3.876430e-01 -4.344938e-02 -1 -1.0000 -1.000000e+00 -1.000000e+00 -1.000000e+00 -1.000000e+00 -1.000000e+00 -1.000000e+00 -1 -1.0000 -1.000000e+00 -1.000000e+00 -1.000000e+00 -1.000000e+00 -1.000000e+00 -1.000000e+00  0  0.9870  9.318431e+12  0.000000e+00  0.000000e+00  1.321962e-01  2.512839e+01  5.626603e+00  1  0.9870  7.236931e+10  0.000000e+00  0.000000e+00  3.305807e-01  6.063037e+01  2.457575e-01  2  0.9870  1.339850e+01  0.000000e+00  0.000000e+00  2.467856e-01 -1.297650e+02  0.000000e+00 
1  3.592387e+02  8.155142e+02  3.260000e+03  2.967068e-03 0  2.794740e-01  8.155142e+02 2   4.8068  8.755735e-03  1.307168e-02  0  2.3430  3.854026e+09  0.000000e+00  0.000000e+00  1.073273e-01  8.090139e+01  2.800243e+01  1  2.3430  8.379407e+05  0.000000e+00  0.000000e+00  3.990977e-01  8.683764e+01  5.355953e-02  2  2.3430  2.210390e+10  2.299071e-01  1.298291e-01  3.799134e-01  8.832586e+01  6.976745e+00  3  2.3430  1.692849e+07  2.299071e-01  1.298291e-01  2.235141e-01  7.775694e+01  8.442413e-02  4  2.3430  4.806830e+00  0.000000e+00  0.000000e+00  8.183004e-02 -1.197453e+02  0.000000e+00 
3  2.230035e+02  1.106821e+02  4.385000e+03  6.525215e-01 6 -1.000000e+00  2.998240e+02 1   6.2177  5.726829e-01 -2.175853e-01 -1 -1.0000 -1.000000e+00 -1.000000e+00 -1.000000e+00 -1.000000e+00 -1.000000e+00 -1.000000e+00 -1 -1.0000 -1.000000e+00 -1.000000e+00 -1.000000e+00 -1.000000e+00 -1.000000e+00 -1.000000e+00  0  0.2950  1.697164e+12  0.000000e+00  0.000000e+00  3.412204e-01 -1.030809e+02  5.120427e+00  1  0.2950  5.373907e+10  0.000000e+00  0.000000e+00  2.149430e-01 -1.520646e+02  1.960888e-01  2  0.2950  6.217710e+00  0.000000e+00  0.000000e+00  1.113421e-02  4.222231e+01  0.000000e+00 
3  8.940012e+01  1.367195e+02  4.300000e+01  1.322290e+00 6  3.091397e-01  1.543662e+02 1  11.2547  2.375925e+00 -3.265432e+00  0  0.3770  2.064642e+12  0.000000e+00  0.000000e+00  3.747125e-01 -1.496916e+02  2.166955e+01  1  0.3770  5.515112e+10  0.000000e+00  0.000000e+00  3.467813e-01 -1.237334e+02  3.951540e-01  2  0.3770  5.961503e+13  9.138571e+00 -1.626256e+01  3.452261e-01  6.395358e+00  3.525613e+00  3  0.3770  2.665809e+11  9.138571e+00 -1.626256e+01  1.784651e-01 -7.863338e+00  5.372372e-01  4  0.3770  1.125470e+01  0.000000e+00  0.000000e+00  2.404421e-01  4.837121e+01  0.000000e+00 
1  1.377699e+02  2.470603e+02  1.683000e+03  1.231919e+00 0  3.193475e-01  2.470603e+02 2  16.1189 -3.737704e+00 -1.720683e+00  0  0.3850  1.675836e+12  0.000000e+00  0.000000e+00  3.447136e-01  4.379136e+01  1.497364e+01  1  0.3850  6.259725e+10  0.000000e+00  0.000000e+00  1.729790e-01 -5.216947e+00  5.849717e-01  2  0.3850  1.327002e+14 -1.718524e+01 -1.876731e+00  2.769702e-01 -1.111556e+02  7.187059e+00  3  0.3850  3.755808e+11 -1.718524e+01 -1.876731e+00  2.684166e-01 -8.920364e+01  6.120953e-01  4  0.3850  1.611890e+01  0.000000e+00  0.000000e+00  1.818979e-01  7.839545e+01  0.000000e+00 
3  7.530498e+01  8.637736e+01  5.621000e+03  1.015978e+00 6 -1.000000e+00  1.242029e+02 1   9.3115 -2.668074e-01  8.547252e-02 -1 -1.0000 -1.000000e+00 -1.000000e+00 -1.000000e+00 -1.000000e+00 -1.000000e+00 -1.000000e+00 -1 -1.0000 -1.000000e+00 -1.000000e+00 -1.000000e+00 -1.000000e+00 -1.000000e+00 -1.000000e+00  0  0.7760  1.571710e+12  0.000000e+00  0.000000e+00  3.207142e-01 -1.072797e+02  6.827671e+00  1  0.7760  9.473007e+10  0.000000e+00  0.000000e+00  4.271919e-01 -8.100542e+01  1.205020e-01  2  0.7760  9.311530e+00  0.000000e+00  0.000000e+00  1.032890e-01 -1.725947e+01  0.000000e+00 
3  9.582085e+01  1.147571e+02  7.968000e+03  1.622589e-01 6 -1.000000e+00  1.650654e+02 1  17.4689 -1.216951e-03  6.082824e-02 -1 -1.0000 -1.000000e+00 -1.000000e+00 -1.000000e+00 -1.000000e+00 -1.000000e+00 -1.000000e+00 -1 -1.0000 -1.000000e+00 -1.000000e+00 -1.000000e+00 -1.000000e+00 -1.000000e+00 -1.000000e+00  0  1.6220  4.094199e+11  0.000000e+00  0.000000e+00  2.602117e-01  6.909913e+01  6.693125e+00  1  1.6220  4.853623e+09  0.000000e+00  0.000000e+00  2.233732e-01  6.312239e+01  7.251740e-02  2  1.6220  1.746890e+01  0.000000e+00  0.000000e+00  2.503024e-01 -3.603422e+01  0.000000e+00 
3  3.172091e+01  1.953775e+01  2.409000e+03  6.430726e-01 6 -1.000000e+00  4.945308e+01 1   6.5046 -3.430986e-01 -2.221165e-01 -1 -1.0000 -1.000000e+00 -1.000000e+00 -1.000000e+00 -1.000000e+00 -1.000000e+00 -1.000000e+00 -1 -1.0000 -1.000000e+00 -1.000000e+00 -1.000000e+00 -1.000000e+00 -1.000000e+00 -1.000000e+00  0  1.7080  1.538305e+12  0.000000e+00  0.000000e+00  2.573153e-01 -1.409123e+02  8.820204e+00  1  1.7080  4.965754e+10  0.000000e+00  0.000000e+00  2.973961e-01 -1.010580e+02  3.653455e-02  2  1.7080  6.504590e+00  0.000000e+00  0.000000e+00  8.163306e-02  1.267141e+02  0.000000e+00 
3  1.388633e+02  4.963794e+01  4.855000e+03  3.067977e-01 6 -1.000000e+00  2.417874e+02 2   9.6922 -7.600885e-02  2.416490e-01 -1 -1.0000 -1.000000e+00 -1.000000e+00 -1.000000e+00 -1.000000e+00 -1.000000e+00 -1.000000e+00 -1 -1.0000 -1.000000e+00 -1.000000e+00 -1.000000e+00 -1.000000e+00 -1.000000e+00 -1.000000e+00  0  2.9840  1.058673e+12  0.000000e+00  0.000000e+00  2.593516e-01  3.912495e+00  5.972667e+00  1  2.9840  1.388815e+10  0.000000e+00  0.000000e+00  3.144141e-01  7.994646e+01  2.622109e-02  2  2.9840  9.692210e+00  0.000000e+00  0.000000e+00  4.900865e-02 -8.768922e+00  0.000000e+00 
3  2.322670e+02  1.851177e+02  2.349000e+03  1.030154e+00 6 -1.000000e+00  3.707731e+02 1   5.4326  3.657927e-01  6.286261e-01 -1 -1.0000 -1.000000e+00 -1.000000e+00 -1.000000e+00 -1.000000e+00 -1.000000e+00 -1.000000e+00 -1 -1.0000 -1.000000e+00 -1.000000e+00 -1.000000e+00 -1.000000e+00 -1.000000e+00 -1.000000e+00  0  0.7120  7.178499e+12  0.000000e+00  0.000000e+00  4.342668e-01  2.506195e+01  8.672391e+00  1  0.7120  8.947131e+10  0.000000e+00  0.000000e+00  3.796070e-01  4.667759e+01  1.967521e-01  2  0.7120  5.432630e+00  0.000000e+00  0.000000e+00  1.379735e-01 -7.412960e+01  0.000000e+00 
3  1.115044e+02  7.057837e+01  6.970000e+03  7.971460e-01 6 -1.000000e+00  1.432144e+02 1  11.8330  4.399415e-01 -3.867612e-01 -1 -1.0000 -1.000000e+00 -1.000000e+00 -1.000000e+00 -1.000000e+00 -1.000000e+00 -1.000000e+00 -1 -1.0000 -1.000000e+00 -1.000000e+00 -1.000000e+00 -1.000000e+00 -1.000000e+00 -1.000000e+00  0  0.9190  2.286890e+12  0.000000e+00  0.000000e+00  2.003185e-01  1.341741e+02  5.775433e+00  1  0.9190  6.501244e+10  0.000000e+00  0.000000e+00  5.238945e-01  1.082592e+02  1.326603e-01  2  0.9190  1.183300e+01  0.000000e+00  0.000000e+00  1.313989e-01  1.597701e+02  0.000000e+00 
1  4.162123e+01  7.536450e+01  9.230000e+02  1.020853e+00 0  2.899218e-01  7.536450e+01 2  15.1556 -1.258626e+00 -2.427185e+00  0  1.0700  1.001361e+12  0.000000e+00  0.000000e+00  3.375076e-01 -1.238615e+02  1.890212e+01  1  1.0700  3.276579e+10  0.000000e+00  0.000000e+00  3.861476e-01 -7.807804e+01  8.415404e-02  2  1.0700  1.683663e+13 -5.184183e+00 -4.216702e+00  2.385641e-01 -8.510714e+01  8.455905e+00  3  1.0700  7.636258e+10 -5.184183e+00 -4.216702e+00  2.278839e-01 -7.875308e+01  2.017378e-01  4  1.0700  1.515560e+01  0.000000e+00  0.000000e+00  1.587805e-01 -1.503720e+02  0.000000e+00 
1  3.869593e+02  7.395495e+02  4.650000e+03  8.389116e-01 0  2.859773e-01  7.395495e+02 2   8.8033  1.679081e+00 -1.585505e-02  0  0.9010  2.142535e+12  0.000000e+00  0.000000e+00  2.574361e-01  2.018541e+01  1.257708e+01  1  0.9010  5.997760e+10  0.000000e+00  0.000000e+00  4.822350e-01  1.060704e+00  1.617886e-01  2  0.9010  1.688621e+13  2.466467e+01 -1.130045e+01  3.898148e-01  5.311303e+01  4.245045e+00  3  0.9010  1.912777e+11  2.466467e+01 -1.130045e+01  5.865714e-01  4.565811e+01  1.237003e-01  4  0.9010  8.803310e+00  0.000000e+00  0.000000e+00  1.334586e-01  1.628753e+02  0.000000e+00 
3  5.989313e+02  2.491928e+02  2.629000e+03  4.578179e-01 6 -1.000000e+00  7.780829e+02 1   3.8727  1.728307e-01 -3.680331e-01 -1 -1.0000 -1.000000e+00 -1.000000e+00 -1.000000e+00 -1.000000e+00 -1.000000e+00 -1.000000e+00 -1 -1.0000 -1.000000e+00 -1.000000e+00 -1.000000e+00 -1.000000e+00 -1.000000e+00 -1.000000e+00  0  0.9040  1.028375e+12  0.000000e+00  0.000000e+00  1.077075e-01  1.364968e+02  5.461756e+00  1  0.9040  3.276256e+10  0.000000e+00  0.000000e+00  3.268509e-01  9.526015e+01  7.016918e-02  2  0.9040  3.872740e+00  0.000000e+00  0.000000e+00  2.802132e-02 -1.553494e+02  0.000000e+00 
3  6.623893e+01  3.378337e+01  3.320000e+02  6.559549e-01 6 -1.000000e+00  2.159336e+02 2   6.9193 -6.876273e-04  4.353930e-01 -1 -1.0000 -1.000000e+00 -1.000000e+00 -1.000000e+00 -1.000000e+00 -1.000000e+00 -1.000000e+00 -1 -1.0000 -1.000000e+00 -1.000000e+00 -1.000000e+00 -1.000000e+00 -1.000000e+00 -1.000000e+00  0  1.2970  2.934896e+12  0.000000e+00  0.000000e+00  3.563975e-01 -1.830341e+01  6.609546e+00  1  1.2970  6.989795e+10  0.000000e+00  0.000000e+00  2.325488e-01  4.036285e+01  9.013109e-02  2  1.2970  6.919280e+00  0.000000e+00  0.000000e+00  1.652456e-01  1.193119e+01  0.000000e+00 
3  9.383857e+01  5.966905e+01  2.880000e+02  9.078969e-01 6 -1.000000e+00  1.937128e+02 2  10.8406 -5.617742e-01  2.490013e-01 -1 -1.0000 -1.000000e+00 -1.000000e+00 -1.000000e+00 -1.000000e+00 -1.000000e+00 -1.000000e+00 -1 -1.0000 -1.000000e+00 -1.000000e+00 -1.000000e+00 -1.000000e+00 -1.000000e+00 -1.000000e+00  0  0.3510  3.940995e+12  0.000000e+00  0.000000e+00  3.699798e-01  7.817025e+01  8.974737e+00  1  0.3510  7.796501e+10  0.000000e+00  0.000000e+00  2.213577e-01  1.626017e+02  3.017562e-01  2  0.3510  1.084060e+01  0.000000e+00  0.000000e+00  7.565064e-02  7.015366e+01  0.000000e+00 
5  1.567177e+02  2.434659e+02  2.650000e+02  5.695757e-01 6 -1.000000e+00  4.111742e+02 3  10.7031  1.931302e-01 -2.315782e-01 -1 -1.0000 -1.000000e+00 -1.000000e+00 -1.000000e+00 -1.000000e+00 -1.000000e+00 -1.000000e+00 -1 -1.0000 -1.000000e+00 -1.000000e+00 -1.000000e+00 -1.000000e+00 -1.000000e+00 -1.000000e+00  0  0.4240  1.992970e+12  0.000000e+00  0.000000e+00  2.615370e-01  5.324332e+01  6.749765e+00  1  0.4240  5.872645e+10  0.000000e+00  0.000000e+00  4.465723e-01  3.344207e+01  2.451066e-01  2  0.4240  1.070310e+01  0.000000e+00  0.000000e+00  1.907165e-01  2.644283e+01  0.000000e+00 
3  1.535577e+02  7.875866e+01  1.951000e+03  1.282262e+00 6 -1.000000e+00  2.311662e+02 1  12.8493 -2.608264e-01  1.128607e+00 -1 -1.0000 -1.000000e+00 -1.000000e+00 -1.000000e+00 -1.000000e+00 -1.000000e+00 -1.000000e+00 -1 -1.0000 -1.000000e+00 -1.000000e+00 -1.000000e+00 -1.000000e+00 -1.000000e+00 -1.000000e+00  0  0.5190  1.229459e+13  0.000000e+00  0.000000e+00  3.745228e-01 -1.535050e+02  7.235340e+00  1  0.5190  1.196053e+11  0.000000e+00  0.000000e+00  2.259726e-01 -1.899723e+02  1.668594e-01  2  0.5190  1.284930e+01  0.000000e+00  0.000000e+00  2.478805e-01  1.017675e+02  0.000000e+00 
1  2.207191e+02  6.392041e+02  3.134000e+03  3.145390e+00 0 -1.000000e+00  6.392041e+02 2  12.8488 -2.422506e+00 -2.325358e+00 -1 -1.0000 -1.000000e+00 -1.000000e+00 -1.000000e+00 -1.000000e+00 -1.000000e+00 -1.000000e+00 -1 -1.0000 -1.000000e+00 -1.000000e+00 -1.000000e+00 -1.000000e+00 -1.000000e+00 -1.000000e+00  0  0.8340  4.677291e+13  0.000000e+00  0.000000e+00  2.838222e-01  1.588386e+02  6.172620e+00  1  0.8340  1.865875e+11  0.000000e+00  0.000000e+00  1.637900e-01  1.000186e+02  3.080104e-01  2  0.8340  1.284880e+01  0.000000e+00  0.000000e+00  1.811817e-01 -6.265914e+01  0.000000e+00 
3  1.006461e+02  5.948774e+01  2.945000e+03  7.439761e-01 6 -1.000000e+00  1.655218e+02 1   7.5765 -5.117866e-01  3.287944e-01 -1 -1.0000 -1.000000e+00 -1.000000e+00 -1.000000e+00 -1.000000e+00 -1.000000e+00 -1.000000e+00 -1 -1.0000 -1.000000e+00 -1.000000e+00 -1.000000e+00 -1.000000e+00 -1.000000e+00 -1.000000e+00  0  1.0990  6.824457e+12  0.000000e+00  0.000000e+00  2.720928e-01  5.567070e+01  4.734504e+00  1  1.0990  8.886173e+10  0.000000e+00  0.000000e+00  2.768949e-01  3.616073e+00  1.362967e-01  2  1.0990  7.576480e+00  0.000000e+00  0.000000e+00  1.076469e-01 -4.294128e+01  0.000000e+00 
3  3.870969e+02  1.680075e+02  7.745000e+03  3.466286e-01 6 -1.000000e+00  5.004247e+02 1   8.5136 -3.300451e-01  1.010592e-01 -1 -1.0000 -1.000000e+00 -1.000000e+00 -1.000000e+00 -1.000000e+00 -1.000000e+00 -1.000000e+00 -1 -1.0000 -1.000000e+00 -1.000000e+00 -1.000000e+00 -1.000000e+00 -1.000000e+00 -1.000000e+00  0  1.8910  1.047042e+12  0.000000e+00  0.000000e+00  3.437110e-01 -1.465186e+02  3.568725e+00  1  1.8910  3.124479e+10  0.000000e+00  0.000000e+00  1.004848e-01 -1.360332e+02  3.082866e-02  2  1.8910  8.513640e+00  0.000000e+00  0.000000e+00  8.837946e-02  1.381945e+02  0.000000e+00 
2  4.836193e+02  3.493199e+02  6.272000e+03  4.722605e-01 6 -1.000000e+00  6.169987e+02 1  11.3419 -1.225486e-02 -4.194710e-01 -1 -1.0000 -1.000000e+00 -1.000000e+00 -1.000000e+00 -1.000000e+00 -1.000000e+00 -1.000000e+00 -1 -1.0000 -1.000000e+00 -1.000000e+00 -1.000000e+00 -1.000000e+00 -1.000000e+00 -1.000000e+00  0  1.8980  2.020305e+12  0.000000e+00  0.000000e+00  2.969953e-01 -1.330593e+02  3.774481e+00  1  1.8980  4.863973e+10  0.000000e+00  0.000000e+00  1.915451e-01 -1.741712e+02  1.598292e-02  2  1.8980  1.134190e+01  0.000000e+00  0.000000e+00  2.271143e-01 -8.755584e+01  0.000000e+00 
3  4.353967e+02  3.985247e+02  6.534000e+03  3.253583e-01 6 -1.000000e+00  6.393489e+02 1   7.8775  1.468497e-01  9.392030e-02 -1 -1.0000 -1.000000e+00 -1.000000e+00 -1.000000e+00 -1.000000e+00 -1.000000e+00 -1.000000e+00 -1 -1.0000 -1.000000e+00 -1.000000e+00 -1.000000e+00 -1.000000e+00 -1.000000e+00 -1.000000e+00  0  0.7560  7.368837e+11  0.000000e+00  0.000000e+00  2.573520e-01 -1.662751e+02  3.798688e+00  1  0.7560  2.684933e+10  0.000000e+00  0.000000e+00  1.810361e-01 -1.892072e+02  8.642701e-02  2  0.7560  7.877530e+00  0.000000e+00  0.000000e+00  9.196289e-02 -9.562468e+01  0.000000e+00 
3  6.146290e+02  2.877698e+02  3.909000e+03  1.966472e+00 6 -1.000000e+00  9.083669e+02 1   6.6451  9.615651e-01 -1.215148e+00 -1 -1.0000 -1.000000e+00 -1.000000e+00 -1.000000e+00 -1.000000e+00 -1.000000e+00 -1.000000e+00 -1 -1.0000 -1.000000e+00 -1.000000e+00 -1.000000e+00 -1.000000e+00 -1.000000e+00 -1.000000e+00  0  0.8580  1.580641e+13  0.000000e+00  0.000000e+00  1.914304e-01 -5.336891e+01  7.590740e+00  1  0.8580  2.060161e+11  0.000000e+00  0.000000e+00  2.012704e-01 -3.337081e+01  2.124347e-01  2  0.8580  6.645110e+00  0.000000e+00  0.000000e+00  5.271430e-02 -8.665617e+01  0.000000e+00 
3  2.379005e+02  2.035353e+02  1.937000e+03  9.071242e-01 6 -1.000000e+00  3.686459e+02 1  14.4306  4.235318e-01  1.392023e-01 -1 -1.0000 -1.000000e+00 -1.000000e+00 -1.000000e+00 -1.000000e+00 -1.000000e+00 -1.000000e+00 -1 -1.0000 -1.000000e+00 -1.000000e+00 -1.000000e+00 -1.000000e+00 -1.000000e+00 -1.000000e+00  0  0.9910  1.999102e+12  0.000000e+00  0.000000e+00  1.334425e-01 -1.115601e+02  1.042628e+01  1  0.9910  6.770249e+10  0.000000e+00  0.000000e+00  9.823139e-02 -1.351247e+02  6.578862e-02  2  0.9910  1.443060e+01  0.000000e+00  0.000000e+00  8.344827e-02 -1.195624e+02  0.000000e+00 
3  3.224494e+02  1.351425e+02  7.141000e+03  2.981736e-01 6  2.837193e-01  4.001115e+02 1   7.2488  3.145036e-01  4.765765e-01  0  1.1370  4.508223e+11  0.000000e+00  0.000000e+00  4.147094e-01 -3.248981e+01  1.449881e+01  1  1.1370  1.396598e+10  0.000000e+00  0.000000e+00  5.241629e-01 -2.711554e+01  4.515614e-02  2  1.1370  2.467481e+12  1.082262e+01  2.265296e+00  4.709325e-01 -1.344383e+02  5.650176e+00  3  1.1370  8.649005e+10  1.082262e+01  2.265296e+00  1.309861e-01 -1.147346e+02  3.456323e-02  4  1.1370  7.248820e+00  0.000000e+00  0.000000e+00  1.381436e-01 -8.460059e+01  0.000000e+00 
3  4.055805e+01  2.164028e+01  8.995000e+03  3.657058e-01 6 -1.000000e+00  5.154936e+01 1  10.0006 -2.119932e-01 -3.083875e-01 -1 -1.0000 -1.000000e+00 -1.000000e+00 -1.000000e+00 -1.000000e+00 -1.000000e+00 -1.000000e+00 -1 -1.0000 -1.000000e+00 -1.000000e+00 -1.000000e+00 -1.000000e+00 -1.000000e+00 -1.000000e+00  0  1.0500  8.177506e+11  0.000000e+00  0.000000e+00  4.830211e-01 -1.486701e+02  5.067648e+00  1  1.0500  3.266371e+10  0.000000e+00  0.000000e+00  4.244340e-01 -1.408574e+02  5.512077e-02  2  1.0500  1.000060e+01  0.000000e+00  0.000000e+00  1.810010e-01  1.075205e+02  0.000000e+00 
3  8.937749e+01  1.111296e+02  3.790000e+02  2.331013e-01 6 -1.000000e+00  1.343231e+02 1  17.7657 -1.415133e-01 -1.384186e-02 -1 -1.0000 -1.000000e+00 -1.000000e+00 -1.000000e+00 -1.000000e+00 -1.000000e+00 -1.000000e+00 -1 -1.0000 -1.000000e+00 -1.000000e+00 -1.000000e+00 -1.000000e+00 -1.000000e+00 -1.000000e+00  0  1.2230  3.586000e+11  0.000000e+00  0.000000e+00  1.611305e-01 -1.475874e+02  1.456759e+01  1  1.2230  4.195892e+09  0.000000e+00  0.000000e+00  4.196359e-01 -1.572053e+02  3.201538e-02  2  1.2230  1.776570e+01  0.000000e+00  0.000000e+00  1.243353e-01 -1.195698e+01  0.000000e+00 
3  1.653688e+02  6.631545e+01  3.657000e+03  6.777108e-01 6 -1.000000e+00  2.023238e+02 1   8.8475 -5.609735e-01 -8.092059e-02 -1 -1.0000 -1.000000e+00 -1.000000e+00 -1.000000e+00 -1.000000e+00 -1.000000e+00 -1.000000e+00 -1 -1.0000 -1.000000e+00 -1.000000e+00 -1.000000e+00 -1.000000e+00 -1.000000e+00 -1.000000e+00  0  1.0030  1.531901e+12  0.000000e+00  0.000000e+00  3.065539e-01 -4.959936e+01  4.524646e+00  1  1.0030  5.451126e+10  0.000000e+00  0.000000e+00  4.416270e-01 -7.019655e+01  3.209745e-02  2  1.0030  8.847460e+00  0.000000e+00  0.000000e+00  1.416216e-01 -1.206431e+01  0.000000e+00 
3  1.869371e+02  1.005552e+02  9.920000e+02  6.566787e-01 6 -1.000000e+00  2.617038e+02 1   5.7357 -7.992448e-02  4.875957e-01 -1 -1.0000 -1.000000e+00 -1.000000e+00 -1.000000e+00 -1.000000e+00 -1.000000e+00 -1.000000e+00 -1 -1.0000 -1.000000e+00 -1.000000e+00 -1.000000e+00 -1.000000e+00 -1.000000e+00 -1.000000e+00  0  1.4450  2.466684e+12  0.000000e+00  0.000000e+00  1.159815e-01 -1.075601e+02  7.880380e+00  1  1.4450  5.681453e+10  0.000000e+00  0.000000e+00  2.390132e-01 -1.331180e+02  5.975607e-02  2  1.4450  5.735660e+00  0.000000e+00  0.000000e+00  1.379241e-01 -1.197609e+02  0.000000e+00 
3  3.531913e+01  3.776431e+01  6.801000e+03  5.727879e-01 6 -1.000000e+00  5.799132e+01 1   8.9614 -2.001960e-01 -3.354206e-02 -1 -1.0000 -1.000000e+00 -1.000000e+00 -1.000000e+00 -1.000000e+00 -1.000000e+00 -1.000000e+00 -1 -1.0000 -1.000000e+00 -1.000000e+00 -1.000000e+00 -1.000000e+00 -1.000000e+00 -1.000000e+00  0  1.7680  2.355579e+12  0.000000e+00  0.000000e+00  3.667240e-01 -1.446294e+02  3.338248e+00  1  1.7680  7.582404e+10  0.000000e+00  0.000000e+00  2.848437e-01 -1.325694e+02  4.518567e-02  2  1.7680  8.961410e+00  0.000000e+00  0.000000e+00  5.458300e-02  9.197879e+01  0.000000e+00 
1  1.432734e+02  2.507414e+02  8.012000e+03  2.407391e+00 0 -1.000000e+00  2.507414e+02 2   4.6133 -4.211871e+00  3.993573e+00 -1 -1.0000 -1.000000e+00 -1.000000e+00 -1.000000e+00 -1.000000e+00 -1.000000e+00 -1.000000e+00 -1 -1.0000 -1.000000e+00 -1.000000e+00 -1.000000e+00 -1.000000e+00 -1.000000e+00 -1.000000e+00  0  1.8230  2.913602e+13  0.000000e+00  0.000000e+00  5.010281e-01  5.108625e+01  8.408818e+00  1  1.8230  8.852121e+10  0.000000e+00  0.000000e+00  2.579483e-01 -5.052724e+00  5.191398e-02  2  1.8230  4.613350e+00  0.000000e+00  0.000000e+00  1.468328e-01 -1.325691e+02  0.000000e+00 
1  2.854235e+02  5.356021e+02  5.780000e+03  3.911995e-01 0 -1.000000e+00  5.356021e+02 2   5.8132  1.258859e-01 -1.678083e-01 -1 -1.0000 -1.000000e+00 -1.000000e+00 -1.000000e+00 -1.000000e+00 -1.000000e+00 -1.000000e+00 -1 -1.0000 -1.000000e+00 -1.000000e+00 -1.000000e+00 -1.000000e+00 -1.000000e+00 -1.000000e+00  0  0.7110  2.096316e+12  0.000000e+00  0.000000e+00  1.801032e-01  1.775468e+02  4.502662e+00  1  0.7110  6.209869e+10  0.000000e+00  0.000000e+00  1.793411e-01  1.328173e+02  4.311950e-01  2  0.7110  5.813180e+00  0.000000e+00  0.000000e+00  6.180180e-02  5.269820e+01  0.000000e+00 
3  6.643906e+01  5.698235e+01  7.292000e+03  9.095640e-01 6 -1.000000e+00  1.236648e+02 3   8.2961 -1.287117e-01 -4.774453e-01 -1 -1.0000 -1.000000e+00 -1.000000e+00 -1.000000e+00 -1.000000e+00 -1.000000e+00 -1.000000e+00 -1 -1.0000 -1.000000e+00 -1.000000e+00 -1.000000e+00 -1.000000e+00 -1.000000e+00 -1.000000e+00  0  1.4330  5.482856e+12  0.000000e+00  0.000000e+00  3.338719e-01  5.977267e+01  5.934117e+00  1  1.4330  9.614960e+10  0.000000e+00  0.000000e+00  3.533515e-01  3.279034e+01  6.432987e-02  2  1.4330  8.296080e+00  0.000000e+00  0.000000e+00  1.194349e-01 -2.277272e+01  0.000000e+00 
3  1.283507e+02  5.969754e+01  7.430000e+03  6.947372e-01 6 -1.000000e+00  1.542765e+02 1   9.7985 -6.375694e-03  4.451179e-01 -1 -1.0000 -1.000000e+00 -1.000000e+00 -1.000000e+00 -1.000000e+00 -1.000000e+00 -1.000000e+00 -1 -1.0000 -1.000000e+00 -1.000000e+00 -1.000000e+00 -1.000000e+00 -1.000000e+00 -1.000000e+00  0  1.4380  1.059828e+12  0.000000e+00  0.000000e+00  1.720372e-01  4.053588e+01  3.741133e+00  1  1.4380  3.493653e+10  0.000000e+00  0.000000e+00  7.170663e-01  9.144419e+01  5.436439e-02  2  1.4380  9.798540e+00  0.000000e+00  0.000000e+00  1.550590e-01 -9.824476e+01  0.000000e+00 
1  1.837050e+01  3.352935e+01  2.664000e+03  4.626225e-02 0 -1.000000e+00  3.352935e+01 2  14.6093  3.775311e-02 -4.115060e-03 -1 -1.0000 -1.000000e+00 -1.000000e+00 -1.000000e+00 -1.000000e+00 -1.000000e+00 -1.000000e+00 -1 -1.0000 -1.000000e+00 -1.000000e+00 -1.000000e+00 -1.000000e+00 -1.000000e+00 -1.000000e+00  0  2.3230  2.040764e+11  0.000000e+00  0.000000e+00  1.309209e-01 -1.596404e+02  4.971141e+00  1  2.3230  1.191335e+09  0.000000e+00  0.000000e+00  4.079156e-01 -1.689094e+02  3.629167e-02  2  2.3230  1.460930e+01  0.000000e+00  0.000000e+00  1.255609e-01  7.271966e+01  0.000000e+00 
3  1.879587e+02  1.346995e+02  8.565000e+03  4.864495e-01 6 -1.000000e+00  3.457875e+02 3  15.4612  9.179331e-02  1.883837e-01 -1 -1.0000 -1.000000e+00 -1.000000e+00 -1.000000e+00 -1.000000e+00 -1.000000e+00 -1.000000e+00 -1 -1.0000 -1.000000e+00 -1.000000e+00 -1.000000e+00 -1.000000e+00 -1.000000e+00 -1.000000e+00  0  2.5960  1.612200e+12  0.000000e+00  0.000000e+00  3.884898e-01 -5.849324e+01  3.482199e+00  1  2.5960  3.107274e+10  0.000000e+00  0.000000e+00  4.313050e-01 -7.453942e+01  3.099070e-02  2  2.5960  1.546120e+01  0.000000e+00  0.000000e+00  5.651166e-02  1.794133e+02  0.000000e+00 
3  2.287229e+02  1.866449e+02  4.090000e+02  2.783956e+00 6 -1.000000e+00  3.195924e+02 1   3.4906 -2.344676e+00 -1.512308e-01 -1 -1.0000 -1.000000e+00 -1.000000e+00 -1.000000e+00 -1.000000e+00 -1.000000e+00 -1.000000e+00 -1 -1.0000 -1.000000e+00 -1.000000e+00 -1.000000e+00 -1.000000e+00 -1.000000e+00 -1.000000e+00  0  0.3720  3.208556e+13  0.000000e+00  0.000000e+00  3.267296e-01  3.677749e+00  1.095351e+01  1  0.3720  3.291708e+11  0.000000e+00  0.000000e+00  4.085242e-01  7.538731e+00  4.641391e-01  2  0.3720  3.490600e+00  0.000000e+00  0.000000e+00  6.630478e-02  1.675798e+02  0.000000e+00 
3  1.117461e+02  8.600473e+01  4.943000e+03  5.429453e-01 6 -1.000000e+00  1.545683e+02 1   5.2135 -3.256391e-01  1.452291e-01 -1 -1.0000 -1.000000e+00 -1.000000e+00 -1.000000e+00 -1.000000e+00 -1.000000e+00 -1.000000e+00 -1 -1.0000 -1.000000e+00 -1.000000e+00 -1.000000e+00 -1.000000e+00 -1.000000e+00 -1.000000e+00  0  0.6870  1.235904e+12  0.000000e+00  0.000000e+00  2.944872e-01 -6.623138e+01  6.845978e+00  1  0.6870  5.600824e+10  0.000000e+00  0.000000e+00  9.124553e-02 -3.295672e+01  1.740896e-01  2  0.6870  5.213520e+00  0.000000e+00  0.000000e+00  4.040211e-02  1.249826e+02  0.000000e+00 
1  7.596444e+01  1.368833e+02  1.311000e+03  2.946023e+00 0  2.762647e-01  1.368833e+02 2   3.2393 -1.187053e+01 -2.671897e+00  0  0.7690  2.493418e+13  0.000000e+00  0.000000e+00  5.000398e-01  8.085698e+01  1.006541e+01  1  0.7690  1.768686e+11  0.000000e+00  0.000000e+00  2.178544e-01 -1.242770e+01  1.482583e-01  2  0.7690  1.221819e+14 -3.165181e+01 -6.971193e+00  5.016470e-01  6.517587e+01  5.345036e+00  3  0.7690  2.954157e+11 -3.165181e+01 -6.971193e+00  4.023180e-01  8.625690e+01  3.039778e-01  4  0.7690  3.239340e+00  0.000000e+00  0.000000e+00  1.360779e-01  4.154821e+01  0.000000e+00 
3  4.662782e+02  2.289548e+02  7.666000e+03  2.489757e-01 6 -1.000000e+00  6.006832e+02 1   5.7357  1.223784e-01 -2.480868e-01 -1 -1.0000 -1.000000e+00 -1.000000e+00 -1.000000e+00 -1.000000e+00 -1.000000e+00 -1.000000e+00 -1 -1.0000 -1.000000e+00 -1.000000e+00 -1.000000e+00 -1.000000e+00 -1.000000e+00 -1.000000e+00  0  1.1980  8.872278e+11  0.000000e+00  0.000000e+00  3.919448e-01  1.305997e+02  5.158755e+00  1  1.1980  1.774869e+10  0.000000e+00  0.000000e+00  3.502453e-01  1.366353e+02  7.663088e-02  2  1.1980  5.735660e+00  0.000000e+00  0.000000e+00  2.301801e-02  5.588561e+01  0.000000e+00 
3  4.022378e+02  1.922455e+02  3.031000e+03  3.504608e-01 6 -1.000000e+00  5.763768e+02 1  11.3972 -1.487473e-01  2.872127e-01 -1 -1.0000 -1.000000e+00 -1.000000e+00 -1.000000e+00 -1.000000e+00 -1.000000e+00 -1.000000e+00 -1 -1.0000 -1.000000e+00 -1.000000e+00 -1.000000e+00 -1.000000e+00 -1.000000e+00 -1.000000e+00  0  1.5860  1.583872e+12  0.000000e+00  0.000000e+00  3.333746e-01  1.576724e+02  3.128008e+00  1  1.5860  3.265096e+10  0.000000e+00  0.000000e+00  1.522104e-01  1.909838e+02  5.580129e-02  2  1.5860  1.139720e+01  0.000000e+00  0.000000e+00  3.545060e-02 -1.384893e+02  0.000000e+00 
1  1.040935e+02  1.884003e+02  3.321000e+03  6.609476e-02 0 -1.000000e+00  1.884003e+02 2  14.0770 -9.247066e-02  1.292846e-01 -1 -1.0000 -1.000000e+00 -1.000000e+00 -1.000000e+00 -1.000000e+00 -1.000000e+00 -1.000000e+00 -1 -1.0000 -1.000000e+00 -1.000000e+00 -1.000000e+00 -1.000000e+00 -1.000000e+00 -1.000000e+00  0  2.9240  3.166166e+11  0.000000e+00  0.000000e+00  4.105218e-01 -1.739818e+02  5.739499e+00  1  2.9240  2.407468e+09  0.000000e+00  0.000000e+00  8.039266e-02 -1.280615e+02  9.863020e-02  2  2.9240  1.407700e+01  0.000000e+00  0.000000e+00  1.974043e-01  6.191061e+01  0.000000e+00 
3  1.381207e+02  8.975287e+01  1.371000e+03  6.300737e-01 6 -1.000000e+00  2.001173e+02 1   6.2177 -3.408826e-01 -3.126371e-01 -1 -1.0000 -1.000000e+00 -1.000000e+00 -1.000000e+00 -1.000000e+00 -1.000000e+00 -1.000000e+00 -1 -1.0000 -1.000000e+00 -1.000000e+00 -1.000000e+00 -1.000000e+00 -1.000000e+00 -1.000000e+00  0  1.1080  1.544612e+12  0.000000e+00  0.000000e+00  2.598068e-01 -1.697672e+02  1.031679e+01  1  1.1080  5.149048e+10  0.000000e+00  0.000000e+00  9.924645e-02 -2.098582e+02  5.138892e-02  2  1.1080  6.217700e+00  0.000000e+00  0.000000e+00  6.474802e-03  8.455620e+01  0.000000e+00 
3  1.654864e+02  1.385159e+02  7.570000e+02  4.575817e-01 6 -1.000000e+00  2.343680e+02 1   2.4863 -6.216730e-02  2.065143e-01 -1 -1.0000 -1.000000e+00 -1.000000e+00 -1.000000e+00 -1.000000e+00 -1.000000e+00 -1.000000e+00 -1 -1.0000 -1.000000e+00 -1.000000e+00 -1.000000e+00 -1.000000e+00 -1.000000e+00 -1.000000e+00  0  1.5040  3.280640e+12  0.000000e+00  0.000000e+00  4.649184e-01 -1.150289e+02  5.206007e+00  1  1.5040  7.521190e+10  0.000000e+00  0.000000e+00  4.016660e-01 -9.174633e+01  9.943869e-02  2  1.5040  2.486270e+00  0.000000e+00  0.000000e+00  2.232724e-02  1.676192e+02  0.000000e+00 
3  1.333016e+02  1.774884e+02  8.230000e+03  9.899036e-02 6 -1.000000e+00  2.033573e+02 1  15.4643  2.863356e-02  3.905971e-02 -1 -1.0000 -1.000000e+00 -1.000000e+00 -1.000000e+00 -1.000000e+00 -1.000000e+00 -1.000000e+00 -1 -1.0000 -1.000000e+00 -1.000000e+00 -1.000000e+00 -1.000000e+00 -1.000000e+00 -1.000000e+00  0  2.9680  4.815479e+11  0.000000e+00  0.000000e+00  4.050565e-01 -1.259368e+02  3.153277e+00  1  2.9680  2.862895e+09  0.000000e+00  0.000000e+00  3.972346e-01 -1.270504e+02  2.847604e-02  2  2.9680  1.546430e+01  0.000000e+00  0.000000e+00  6.548560e-02  1.754984e+02  0.000000e+00 
3  2.202106e+02  1.329983e+02  1.177000e+03  5.864480e-01 6 -1.000000e+00  3.284963e+02 1   6.5047  2.617166e-01  3.290370e-01 -1 -1.0000 -1.000000e+00 -1.000000e+00 -1.000000e+00 -1.000000e+00 -1.000000e+00 -1.000000e+00 -1 -1.0000 -1.000000e+00 -1.000000e+00 -1.000000e+00 -1.000000e+00 -1.000000e+00 -1.000000e+00  0  1.3110  1.404629e+12  0.000000e+00  0.000000e+00  3.157111e-01 -1.357886e+02  8.314958e+00  1  1.3110  4.710504e+10  0.000000e+00  0.000000e+00  2.520828e-01 -1.159956e+02  6.060365e-02  2  1.3110  6.504690e+00  0.000000e+00  0.000000e+00  8.678520e-02 -4.110594e+01  0.000000e+00 
3  1.451422e+02  2.119582e+02  4.716000e+03  5.016468e-01 6 -1.000000e+00  2.282807e+02 1   5.1428  2.634356e-01 -3.762983e-02 -1 -1.0000 -1.000000e+00 -1.000000e+00 -1.000000e+00 -1.000000e+00 -1.000000e+00 -1.000000e+00 -1 -1.0000 -1.000000e+00 -1.000000e+00 -1.000000e+00 -1.000000e+00 -1.000000e+00 -1.000000e+00  0  1.7890  4.339076e+12  0.000000e+00  0.000000e+00  2.554949e-01 -1.630461e+02  5.352650e+00  1  1.7890  6.577796e+10  0.000000e+00  0.000000e+00  3.912488e-01 -2.001045e+02  4.285041e-02  2  1.7890  5.142820e+00  0.000000e+00  0.000000e+00  5.931509e-02 -2.215040e+01  0.000000e+00 
2  1.987428e+02  2.362456e+01  1.335000e+03  3.265377e+00 6 -1.000000e+00  1.296201e+03 2   6.1666  7.545546e-01 -1.528015e+00 -1 -1.0000 -1.000000e+00 -1.000000e+00 -1.000000e+00 -1.000000e+00 -1.000000e+00 -1.000000e+00 -1 -1.0000 -1.000000e+00 -1.000000e+00 -1.000000e+00 -1.000000e+00 -1.000000e+00 -1.000000e+00  0  2.0130  6.130504e+13  0.000000e+00  0.000000e+00  3.595713e-01 -1.646039e+02  5.842313e+00  1  2.0130  1.072113e+11  0.000000e+00  0.000000e+00  5.551390e-02 -1.909046e+02  1.692566e-02  2  2.0130  6.166630e+00  0.000000e+00  0.000000e+00  5.812280e-02  6.248758e+01  0.000000e+00 
1  1.669762e+02  2.916196e+02  5.879000e+03  3.520417e-02 0  2.815193e-01  2.916196e+02 2   5.5064  1.028032e-01 -4.441252e-02  0  2.1540  1.630119e+10  0.000000e+00  0.000000e+00  1.053250e-01 -1.436590e+02  3.526604e+01  1  2.1540  1.111982e+07  0.000000e+00  0.000000e+00  2.456788e-01 -1.538883e+02  3.151180e-02  2  2.1540  1.133304e+11  1.250036e+00 -6.398256e-01  1.427549e-01  7.388166e+01  6.898646e+00  3  2.1540  3.537716e+08  1.250036e+00 -6.398256e-01  4.102079e-01  8.621992e+01  5.428551e-02  4  2.1540  5.506410e+00  0.000000e+00  0.000000e+00  1.580475e-01 -8.163647e+01  0.000000e+00 
1  1.345513e+02  2.543912e+02  5.493000e+03  7.983323e-01 0 -1.000000e+00  2.543912e+02 2  17.4679  1.096760e-01  1.201088e+00 -1 -1.0000 -1.000000e+00 -1.000000e+00 -1.000000e+00 -1.000000e+00 -1.000000e+00 -1.000000e+00 -1 -1.0000 -1.000000e+00 -1.000000e+00 -1.000000e+00 -1.000000e+00 -1.000000e+00 -1.000000e+00  0  1.3760  2.977693e+12  0.000000e+00  0.000000e+00  1.502756e-01 -1.191259e+02  7.274147e+00  1  1.3760  4.682795e+10  0.000000e+00  0.000000e+00  3.176239e-01 -1.094788e+02  1.714447e-01  2  1.3760  1.746790e+01  0.000000e+00  0.000000e+00  3.881330e-01  1.660534e+02  0.000000e+00 
3  7.092047e+01  4.225330e+01  3.088000e+03  4.843800e-01 6 -1.000000e+00  8.458798e+01 1   8.2554 -4.149050e-02  3.618871e-01 -1 -1.0000 -1.000000e+00 -1.000000e+00 -1.000000e+00 -1.000000e+00 -1.000000e+00 -1.000000e+00 -1 -1.0000 -1.000000e+00 -1.000000e+00 -1.000000e+00 -1.000000e+00 -1.000000e+00 -1.000000e+00  0  0.4770  8.759616e+11  0.000000e+00  0.000000e+00  3.153225e-01  1.250400e+02  5.284282e+00  1  0.4770  2.108764e+10  0.000000e+00  0.000000e+00  4.470834e-01  9.569136e+01  1.115081e-01  2  0.4770  8.255380e+00  0.000000e+00  0.000000e+00  1.030923e-01  7.076830e+01  0.000000e+00 
3  4.927601e+02  8.637791e+01  3.647000e+03  7.761750e-01 6  2.998836e-01  8.565386e+02 2   7.9808 -3.382519e-01 -1.880655e+00  0  0.6640  6.571101e+11  0.000000e+00  0.000000e+00  4.611183e-01  1.613383e+02  1.941528e+01  1  0.6640  2.990463e+10  0.000000e+00  0.000000e+00  1.726090e-01  2.336276e+02  7.205926e-02  2  0.6640  9.028090e+12 -3.659125e-01 -2.882446e+00  2.639656e-01  1.264699e+02  4.791588e+00  3  0.6640  9.354846e+10 -3.659125e-01 -2.882446e+00  3.666531e-01  1.751488e+02  1.935871e-01  4  0.6640  7.980830e+00  0.000000e+00  0.000000e+00  1.748549e-01  1.483885e+02  0.000000e+00 
3  1.290263e+02  1.296666e+02  3.568000e+03  4.598408e-01 6 -1.000000e+00  2.377736e+02 3  12.0753  8.448287e-02 -1.729047e-01 -1 -1.0000 -1.000000e+00 -1.000000e+00 -1.000000e+00 -1.000000e+00 -1.000000e+00 -1.000000e+00 -1 -1.0000 -1.000000e+00 -1.000000e+00 -1.000000e+00 -1.000000e+00 -1.000000e+00 -1.000000e+00  0  0.8510  1.782637e+12  0.000000e+00  0.000000e+00  1.776609e-01 -1.797130e+02  5.911985e+00  1  0.8510  5.440588e+10  0.000000e+00  0.000000e+00  4.122195e-01 -1.580407e+02  1.781395e-01  2  0.8510  1.207530e+01  0.000000e+00  0.000000e+00  5.562498e-02  1.409070e+02  0.000000e+00 
3  1.769911e+02  7.824483e+01  9.905000e+03  4.857408e-01 6 -1.000000e+00  2.351378e+02 1   5.5530 -1.729617e-01  4.665576e-01 -1 -1.0000 -1.000000e+00 -1.000000e+00 -1.000000e+00 -1.000000e+00 -1.000000e+00 -1.000000e+00 -1 -1.0000 -1.000000e+00 -1.000000e+00 -1.000000e+00 -1.000000e+00 -1.000000e+00 -1.000000e+00  0  1.6220  1.939562e+12  0.000000e+00  0.000000e+00  3.406885e-01  1.445911e+02  6.733848e+00  1  1.6220  5.119768e+10  0.000000e+00  0.000000e+00  3.295090e-01  1.431332e+02  3.884770e-02  2  1.6220  5.552980e+00  0.000000e+00  0.000000e+00  2.676642e-02 -5.652652e+01  0.000000e+00 
1  4.107715e+02  9.668998e+02  4.947000e+03  7.768787e-01 0  2.866452e-01  9.668998e+02 2  14.1070 -1.942782e+00  1.820654e+00  0  1.0390  1.100936e+12  0.000000e+00  0.000000e+00  2.817969e-01 -1.156230e+02  1.613915e+01  1  1.0390  3.710776e+10  0.000000e+00  0.000000e+00  3.917661e-01 -1.430736e+02  6.146775e-02  2  1.0390  1.089660e+13 -7.534881e+00  1.235369e+01  3.326239e-01  1.702871e+02  4.287488e+00  3  1.0390  8.780600e+10 -7.534881e+00  1.235369e+01  4.886132e-01  1.639310e+02  5.811062e-02  4  1.0390  1.410700e+01  0.000000e+00  0.000000e+00  2.235919e-01  6.978714e+01  0.000000e+00 
1  7.060279e+01  1.275083e+02  7.011000e+03  1.202868e+00 0 -1.000000e+00  1.275083e+02 2  14.1048  1.292772e+00 -4.542441e-01 -1 -1.0000 -1.000000e+00 -1.000000e+00 -1.000000e+00 -1.000000e+00 -1.000000e+00 -1.000000e+00 -1 -1.0000 -1.000000e+00 -1.000000e+00 -1.000000e+00 -1.000000e+00 -1.000000e+00 -1.000000e+00  0  1.5090  1.169218e+13  0.000000e+00  0.000000e+00  5.446359e-01 -7.100843e+01  4.274708e+00  1  1.5090  8.682567e+10  0.000000e+00  0.000000e+00  2.575042e-01 -3.767806e+01  9.172652e-02  2  1.5090  1.410480e+01  0.000000e+00  0.000000e+00  2.084647e-01 -1.241654e+02  0.000000e+00 
3  1.763945e+02  1.478116e+02  3.092000e+03  3.645118e-01 6 -1.000000e+00  3.914823e+02 3  13.7364  9.369867e-02  1.719913e-01 -1 -1.0000 -1.000000e+00 -1.000000e+00 -1.000000e+00 -1.000000e+00 -1.000000e+00 -1.000000e+00 -1 -1.0000 -1.000000e+00 -1.000000e+00 -1.000000e+00 -1.000000e+00 -1.000000e+00 -1.000000e+00  0  1.8620  1.397315e+12  0.000000e+00  0.000000e+00  2.831642e-01  5.652760e+01  4.403497e+00  1  1.8620  3.344496e+10  0.000000e+00  0.000000e+00  4.395318e-01  3.798424e+01  7.912998e-02  2  1.8620  1.373640e+01  0.000000e+00  0.000000e+00  1.890403e-01  1.520125e+02  0.000000e+00 
3  1.762106e+02  1.912181e+02  2.659000e+03  4.344914e-01 6 -1.000000e+00  4.622107e+02 3  15.1563  5.343145e-02  1.601814e-01 -1 -1.0000 -1.000000e+00 -1.000000e+00 -1.000000e+00 -1.000000e+00 -1.000000e+00 -1.000000e+00 -1 -1.0000 -1.000000e+00 -1.000000e+00 -1.000000e+00 -1.000000e+00 -1.000000e+00 -1.000000e+00  0  1.9680  1.710194e+12  0.000000e+00  0.000000e+00  4.623379e-01 -1.391360e+02  5.073632e+00  1  1.9680  3.911656e+10  0.000000e+00  0.000000e+00  4.470138e-01 -1.482397e+02  3.459871e-02  2  1.9680  1.515630e+01  0.000000e+00  0.000000e+00  1.964789e-01 -3.939243e+01  0.000000e+00 
3  1.212122e+02  7.389078e+01  2.680000e+02  1.410474e+00 6 -1.000000e+00  1.698040e+02 1   4.8712  4.054187e-01 -5.738521e-01 -1 -1.0000 -1.000000e+00 -1.000000e+00 -1.000000e+00 -1.000000e+00 -1.000000e+00 -1.000000e+00 -1 -1.0000 -1.000000e+00 -1.000000e+00 -1.000000e+00 -1.000000e+00 -1.000000e+00 -1.000000e+00  0  0.3250  4.168913e+12  0.000000e+00  0.000000e+00  2.059027e-01  8.487411e+01  7.954234e+00  1  0.3250  9.730561e+10  0.000000e+00  0.000000e+00  5.908358e-01  7.649644e+01  2.613663e-01  2  0.3250  4.871200e+00  0.000000e+00  0.000000e+00  2.356158e-02  8.735076e+01  0.000000e+00 
3  1.420939e+02  7.333738e+01  9.799000e+03  7.156876e-01 6 -1.000000e+00  1.996901e+02 1  13.6697  7.914045e-01  4.545879e-02 -1 -1.0000 -1.000000e+00 -1.000000e+00 -1.000000e+00 -1.000000e+00 -1.000000e+00 -1.000000e+00 -1 -1.0000 -1.000000e+00 -1.000000e+00 -1.000000e+00 -1.000000e+00 -1.000000e+00 -1.000000e+00  0  0.6910  3.768868e+12  0.000000e+00  0.000000e+00  4.309877e-02  1.284524e+01  6.768085e+00  1  0.6910  7.803628e+10  0.000000e+00  0.000000e+00  5.258930e-01  2.820417e+01  9.810566e-02  2  0.6910  1.366970e+01  0.000000e+00  0.000000e+00  3.300393e-02  4.939180e+00  0.000000e+00 
3  6.333804e+01  1.219887e+01  2.177000e+03  3.434706e+00 6 -1.000000e+00  1.123748e+02 2  13.6698  2.047815e+00 -5.755153e-01 -1 -1.0000 -1.000000e+00 -1.000000e+00 -1.000000e+00 -1.000000e+00 -1.000000e+00 -1.000000e+00 -1 -1.0000 -1.000000e+00 -1.000000e+00 -1.000000e+00 -1.000000e+00 -1.000000e+00 -1.000000e+00  0  1.1810  3.685013e+13  0.000000e+00  0.000000e+00  2.720002e-01  1.162775e+02  5.721953e+00  1  1.1810  1.738683e+11  0.000000e+00  0.000000e+00  3.238652e-01  1.149192e+02  8.220059e-02  2  1.1810  1.366980e+01  0.000000e+00  0.000000e+00  2.757887e-02 -1.184405e+02  0.000000e+00 
1  9.486740e+01  1.645054e+02  5.100000e+01  2.088913e-01 0  2.889448e-01  1.645054e+02 2   4.3607  3.387194e-01 -5.206921e-01  0  1.3680  3.113920e+11  0.000000e+00  0.000000e+00  2.349699e-01  1.253353e+02  1.435234e+01  1  1.3680  5.735798e+09  0.000000e+00  0.000000e+00  8.958804e-02  9.441368e+01  7.620651e-02  2  1.3680  5.606930e+12  1.409918e+00 -2.634293e+00  2.425975e-01 -6.400055e+01  4.174260e+00  3  1.3680  8.090271e+10  1.409918e+00 -2.634293e+00  3.166892e-01 -4.846470e+01  3.007427e-02  4  1.3680  4.360690e+00  0.000000e+00  0.000000e+00  6.466028e-03  1.477018e+02  0.000000e+00 
3  2.920707e+01  2.545091e+01  6.908000e+03  1.466934e+00 6  2.955807e-01  3.632937e+01 1  10.6527  2.258950e-01 -8.349796e-01  0  0.3590  1.557289e+12  0.000000e+00  0.000000e+00  2.755952e-01  1.225012e+02  3.331451e+01  1  0.3590  6.551678e+10  0.000000e+00  0.000000e+00  1.252477e-01  1.493373e+02  2.830306e-01  2  0.3590  9.874213e+12  4.715320e+00 -1.694818e+01  1.353382e-01  1.659116e+02  9.814514e+00  3  0.3590  1.545263e+11  4.715320e+00 -1.694818e+01  2.034250e-01  2.072407e+02  5.387259e-01  4  0.3590  1.065270e+01  0.000000e+00  0.000000e+00  1.687216e-01 -5.637673e+01  0.000000e+00 
2  9.842492e+01  6.752449e+01  2.066000e+03  6.564216e-01 6 -1.000000e+00  1.575664e+02 1  15.5355  3.432961e-02 -3.098327e-01 -1 -1.0000 -1.000000e+00 -1.000000e+00 -1.000000e+00 -1.000000e+00 -1.000000e+00 -1.000000e+00 -1 -1.0000 -1.000000e+00 -1.000000e+00 -1.000000e+00 -1.000000e+00 -1.000000e+00 -1.000000e+00  0  1.5430  1.686717e+12  0.000000e+00  0.000000e+00  1.408538e-01  1.004997e+02  4.982067e+00  1  1.5430  5.344239e+10  0.000000e+00  0.000000e+00  2.071011e-01  1.006968e+02  2.921303e-02  2  1.5430  1.553550e+01  0.000000e+00  0.000000e+00  1.819011e-01 -1.496026e+02  0.000000e+00 
3  1.585163e+02  1.024953e+02  1.200000e+01  5.751955e-01 6 -1.000000e+00  2.157113e+02 1  10.3068  3.535535e-01 -3.109149e-01 -1 -1.0000 -1.000000e+00 -1.000000e+00 -1.000000e+00 -1.000000e+00 -1.000000e+00 -1.000000e+00 -1 -1.0000 -1.000000e+00 -1.000000e+00 -1.000000e+00 -1.000000e+00 -1.000000e+00 -1.000000e+00  0  1.6290  3.444749e+12  0.000000e+00  0.000000e+00  8.004341e-02 -5.112937e+01  3.246200e+00  1  1.6290  7.532188e+10  0.000000e+00  0.000000e+00  1.496764e-01 -6.158372e+01  1.717584e-01  2  1.6290  1.030680e+01  0.000000e+00  0.000000e+00  1.638979e-01  1.632891e+02  0.000000e+00 
3  1.106901e+01  1.814662e+01  3.870000e+02  1.837093e-01 6  2.710629e-01  2.167254e+01 3   7.2847  1.928532e-01 -7.941864e-02  0  2.4950  2.699606e+11  0.000000e+00  0.000000e+00  3.230731e-01  1.172081e+02  1.509253e+01  1  2.4950  2.055766e+09  0.000000e+00  0.000000e+00  2.337784e-01  1.026842e+02  2.612152e-02  2  2.4950  5.509258e+11  1.144554e+01 -3.665732e+00  4.515371e-01 -9.120396e+01  4.440453e+00  3  2.4950  5.372497e+09  1.144554e+01 -3.665732e+00  7.024480e-01 -1.311149e+02  2.774756e-02  4  2.4950  7.284750e+00  0.000000e+00  0.000000e+00  1.857993e-01 -1.791377e+02  0.000000e+00 
3  4.839238e+01  2.623682e+01  2.030000e+02  4.170011e-01 6 -1.000000e+00  7.071202e+01 1   7.9808  1.844044e-01 -2.222470e-01 -1 -1.0000 -1.000000e+00 -1.000000e+00 -1.000000e+00 -1.000000e+00 -1.000000e+00 -1.000000e+00 -1 -1.0000 -1.000000e+00 -1.000000e+00 -1.000000e+00 -1.000000e+00 -1.000000e+00 -1.000000e+00  0  2.5020  2.111844e+12  0.000000e+00  0.000000e+00  3.087152e-01 -5.933454e+01  3.940288e+00  1  2.5020  2.988564e+10  0.000000e+00  0.000000e+00  4.312379e-01 -8.256749e+01  7.485109e-02  2  2.5020  7.980840e+00  0.000000e+00  0.000000e+00  7.833507e-02 -1.734915e+02  0.000000e+00 
3  7.027775e+01  3.549096e+01  2.210000e+02  7.438797e-01 6 -1.000000e+00  9.851646e+01 1   8.8476  4.651011e-01 -6.781584e-01 -1 -1.0000 -1.000000e+00 -1.000000e+00 -1.000000e+00 -1.000000e+00 -1.000000e+00 -1.000000e+00 -1 -1.0000 -1.000000e+00 -1.000000e+00 -1.000000e+00 -1.000000e+00 -1.000000e+00 -1.000000e+00  0  0.3260  8.758056e+12  0.000000e+00  0.000000e+00  4.491076e-01 -1.123045e+02  3.011289e+00  1  0.3260  1.088487e+11  0.000000e+00  0.000000e+00  3.947580e-01 -1.806994e+02  3.396514e-01  2  0.3260  8.847580e+00  0.000000e+00  0.000000e+00  1.055638e-02  3.882384e+01  0.000000e+00 
3  4.751995e+02  3.201122e+02  7.520000e+02  6.727209e-01 6 -1.000000e+00  6.977125e+02 1   4.5487  2.837695e-01 -4.011219e-01 -1 -1.0000 -1.000000e+00 -1.000000e+00 -1.000000e+00 -1.000000e+00 -1.000000e+00 -1.000000e+00 -1 -1.0000 -1.000000e+00 -1.000000e+00 -1.000000e+00 -1.000000e+00 -1.000000e+00 -1.000000e+00  0  0.5530  4.032372e+12  0.000000e+00  0.000000e+00  1.307323e-01  1.066772e+02  5.544615e+00  1  0.5530  6.431267e+10  0.000000e+00  0.000000e+00  1.776560e-01  1.363778e+02  1.870767e-01  2  0.5530  4.548680e+00  0.000000e+00  0.000000e+00  8.367545e-02 -3.940754e+00  0.000000e+00 
3  4.038157e+01  2.698662e+01  9.621000e+03  6.205283e-01 6  2.804023e-01  5.210551e+01 1  13.9078  1.080462e-01 -4.427775e-01  0  1.0680  8.426981e+11  0.000000e+00  0.000000e+00  4.298210e-01  1.298794e+00  1.749365e+01  1  1.0680  2.865165e+10  0.000000e+00  0.000000e+00  2.372609e-01  3.303113e+01  1.045455e-01  2  1.0680  2.758217e+12  1.472703e+01 -5.188157e+00  3.962784e-01 -1.137777e+02  5.004795e+00  3  1.0680  7.602541e+10  1.472703e+01 -5.188157e+00  1.563209e-01 -1.411114e+02  9.279838e-02  4  1.0680  1.390780e+01  0.000000e+00  0.000000e+00  1.080222e-01  1.526450e+02  0.000000e+00 
3  1.064956e+02  6.970750e+01  5.672000e+03  1.377175e+00 6 -1.000000e+00  1.908352e+02 3  15.4610 -9.621936e-02  5.967629e-01 -1 -1.0000 -1.000000e+00 -1.000000e+00 -1.000000e+00 -1.000000e+00 -1.000000e+00 -1.000000e+00 -1 -1.0000 -1.000000e+00 -1.000000e+00 -1.000000e+00 -1.000000e+00 -1.000000e+00 -1.000000e+00  0  1.0810  2.279211e+13  0.000000e+00  0.000000e+00  1.825580e-01  1.551667e+02  3.008492e+00  1  1.0810  1.496880e+11  0.000000e+00  0.000000e+00  1.645252e-01  1.078748e+02  6.212110e-02  2  1.0810  1.546100e+01  0.000000e+00  0.000000e+00  1.900797e-01  1.701742e+02  0.000000e+00 
2  1.341717e+02  1.009510e+02  3.439000e+03  1.123664e+00 6  2.729590e-01  2.030938e+02 1  14.7872 -1.988116e-01  1.488004e+00  0  1.7210  1.458216e+12  0.000000e+00  0.000000e+00  3.575350e-01  7.668901e+01  1.600273e+01  1  1.7210  4.239229e+10  0.000000e+00  0.000000e+00  2.836775e-01  7.939012e+01  3.047459e-02  2  1.7210  4.005318e+12 -5.463965e+00  9.649434e+00  5.575804e-01 -9.585394e+01  4.365891e+00  3  1.7210  6.625980e+10 -5.463965e+00  9.649434e+00  2.613875e-01 -7.630227e+01  2.913412e-02  4  1.7210  1.478720e+01  0.000000e+00  0.000000e+00  1.615952e-01  1.455523e+02  0.000000e+00 
1  2.552409e+02  5.711293e+02  2.038000e+03  4.143736e-01 0 -1.000000e+00  5.711293e+02 2  14.6081 -2.150288e-01 -5.802498e-01 -1 -1.0000 -1.000000e+00 -1.000000e+00 -1.000000e+00 -1.000000e+00 -1.000000e+00 -1.000000e+00 -1 -1.0000 -1.000000e+00 -1.000000e+00 -1.000000e+00 -1.000000e+00 -1.000000e+00 -1.000000e+00  0  0.5590  8.009715e+11  0.000000e+00  0.000000e+00  3.556461e-01 -1.734186e+02  1.233290e+01  1  0.5590  3.218242e+10  0.000000e+00  0.000000e+00  1.189219e-01 -1.189746e+02  3.587131e-01  2  0.5590  1.460810e+01  0.000000e+00  0.000000e+00  2.539404e-01 -2.717208e+01  0.000000e+00 
5  1.589222e+02  1.732393e+02  9.454000e+03  4.202778e-01 6  3.043008e-01  2.391818e+02 1  15.4599 -1.289144e+00  8.174246e-01  0  0.6490  3.958826e+11  0.000000e+00  0.000000e+00  2.948901e-01  8.277414e+00  2.153960e+01  1  0.6490  1.286971e+10  0.000000e+00  0.000000e+00  3.028028e-01  2.403055e+01  1.267312e-01  2  0.6490  8.105215e+12 -1.321566e+01  8.015039e+00  3.423848e-01 -1.194325e+02  7.358447e+00  3  0.6490  1.176055e+11 -1.321566e+01  8.015039e+00  9.479273e-02 -1.246475e+02  5.511788e-01  4  0.6490  1.545990e+01  0.000000e+00  0.000000e+00  2.650390e-01 -1.725940e+02  0.000000e+00 
3  2.832174e+01  2.155308e+01  9.450000e+03  9.916995e-01 6 -1.000000e+00  4.012936e+01 1  15.4605  6.719523e-02  4.908671e-01 -1 -1.0000 -1.000000e+00 -1.000000e+00 -1.000000e+00 -1.000000e+00 -1.000000e+00 -1.000000e+00 -1 -1.0000 -1.000000e+00 -1.000000e+00 -1.000000e+00 -1.000000e+00 -1.000000e+00 -1.000000e+00  0  0.7790  4.628223e+12  0.000000e+00  0.000000e+00  2.354008e-01  5.546732e+01  6.244447e+00  1  0.7790  9.150758e+10  0.000000e+00  0.000000e+00  2.062551e-01  4.871425e+01  8.088026e-02  2  0.7790  1.546050e+01  0.000000e+00  0.000000e+00  1.713547e-01 -1.426461e+02  0.000000e+00 
3  5.190031e+02  3.346082e+02  2.937000e+03  6.714650e-01 6 -1.000000e+00  6.772618e+02 1   8.5294  1.033405e-01 -5.503406e-01 -1 -1.0000 -1.000000e+00 -1.000000e+00 -1.000000e+00 -1.000000e+00 -1.000000e+00 -1.000000e+00 -1 -1.0000 -1.000000e+00 -1.000000e+00 -1.000000e+00 -1.000000e+00 -1.000000e+00 -1.000000e+00  0  1.0420  1.892326e+12  0.000000e+00  0.000000e+00  2.474952e-01  1.412131e+02  7.042213e+00  1  1.0420  7.357043e+10  0.000000e+00  0.000000e+00  3.086862e-01  1.429104e+02  7.709561e-02  2  1.0420  8.529440e+00  0.000000e+00  0.000000e+00  1.043010e-01 -8.039470e+01  0.000000e+00 
1  1.028942e+02  1.866347e+02  4.459000e+03  1.327733e-01 0 -1.000000e+00  1.866347e+02 2   7.0961  3.369903e-03 -1.380985e-01 -1 -1.0000 -1.000000e+00 -1.000000e+00 -1.000000e+00 -1.000000e+00 -1.000000e+00 -1.000000e+00 -1 -1.0000 -1.000000e+00 -1.000000e+00 -1.000000e+00 -1.000000e+00 -1.000000e+00 -1.000000e+00  0  1.6210  5.950525e+11  0.000000e+00  0.000000e+00  3.990670e-01  3.068573e+01  6.128222e+00  1  1.6210  6.828348e+09  0.000000e+00  0.000000e+00  3.218153e-01  7.165851e+00  6.350469e-02  2  1.6210  7.096120e+00  0.000000e+00  0.000000e+00  1.929418e-01 -3.540410e+01  0.000000e+00 
3  1.625751e+02  9.057178e+01  7.140000e+03  4.376287e-01 6 -1.000000e+00  2.279604e+02 1  11.8336 -2.525731e-01  2.850147e-01 -1 -1.0000 -1.000000e+00 -1.000000e+00 -1.000000e+00 -1.000000e+00 -1.000000e+00 -1.000000e+00 -1 -1.0000 -1.000000e+00 -1.000000e+00 -1.000000e+00 -1.000000e+00 -1.000000e+00 -1.000000e+00  0  1.9250  2.445850e+12  0.000000e+00  0.000000e+00  1.966064e-01 -3.251067e+01  3.493553e+00  1  1.9250  5.303651e+10  0.000000e+00  0.000000e+00  3.708718e-01  1.041873e+01  3.606422e-02  2  1.9250  1.183360e+01  0.000000e+00  0.000000e+00  1.306215e-01 -1.799396e+02  0.000000e+00 
1  9.526424e+01  1.742984e+02  9.349000e+03  4.333458e-02 0  2.746461e-01  1.742984e+02 2  13.6706 -4.684238e-02  3.119686e-03  0  2.6190  1.034131e+10  0.000000e+00  0.000000e+00  3.156292e-01  1.373731e+02  3.782898e+01  1  2.6190  8.375994e+06  0.000000e+00  0.000000e+00  3.252045e-01  1.441926e+02  2.941961e-02  2  2.6190  7.731481e+10 -3.521694e+00 -5.040570e-01  1.772014e-01 -7.214574e+01  2.218600e+00  3  2.6190  2.388079e+08 -3.521694e+00 -5.040570e-01  2.357291e-01 -7.732058e+01  4.238289e-02  4  2.6190  1.367060e+01  0.000000e+00  0.000000e+00  1.091686e-01 -1.728524e+02  0.000000e+00 
1  4.028766e+01  7.197763e+01  8.610000e+02  1.984757e+00 0 -1.000000e+00  7.197763e+01 2   3.9527  1.356405e+00  7.168576e-01 -1 -1.0000 -1.000000e+00 -1.000000e+00 -1.000000e+00 -1.000000e+00 -1.000000e+00 -1.000000e+00 -1 -1.0000 -1.000000e+00 -1.000000e+00 -1.000000e+00 -1.000000e+00 -1.000000e+00 -1.000000e+00  0  0.3990  2.279472e+13  0.000000e+00  0.000000e+00  3.866850e-01 -5.159138e+01  7.004824e+00  1  0.3990  1.981802e+11  0.000000e+00  0.000000e+00  4.549775e-01 -7.652982e+01  6.359573e-01  2  0.3990  3.952650e+00  0.000000e+00  0.000000e+00  8.708563e-02  2.488468e+01  0.000000e+00 
2  1.058674e+02  3.545351e+00  6.741000e+03  2.435393e+00 6 -1.000000e+00  2.128339e+02 2  15.4606  1.792446e+00  3.193082e+00 -1 -1.0000 -1.000000e+00 -1.000000e+00 -1.000000e+00 -1.000000e+00 -1.000000e+00 -1.000000e+00 -1 -1.0000 -1.000000e+00 -1.000000e+00 -1.000000e+00 -1.000000e+00 -1.000000e+00 -1.000000e+00  0  1.1520  3.279857e+13  0.000000e+00  0.000000e+00  3.083101e-01 -2.859621e+01  5.488385e+00  1  1.1520  1.389404e+11  0.000000e+00  0.000000e+00  2.697230e-01 -2.929510e+01  5.153887e-02  2  1.1520  1.546060e+01  0.000000e+00  0.000000e+00  1.457893e-01 -1.675249e+01  0.000000e+00 
3  1.538875e+02  9.822507e+01  3.006000e+03  3.837057e+00 6 -1.000000e+00  2.758424e+02 3  10.9971  1.546924e+00 -5.304964e-01 -1 -1.0000 -1.000000e+00 -1.000000e+00 -1.000000e+00 -1.000000e+00 -1.000000e+00 -1.000000e+00 -1 -1.0000 -1.000000e+00 -1.000000e+00 -1.000000e+00 -1.000000e+00 -1.000000e+00 -1.000000e+00  0  0.7080  1.652426e+14  0.000000e+00  0.000000e+00  3.590175e-01  4.653454e+01  2.963907e+00  1  0.7080  4.984868e+11  0.000000e+00  0.000000e+00  1.544633e-01  8.188773e+01  4.395201e-01  2  0.7080  1.099710e+01  0.000000e+00  0.000000e+00  1.403159e-01 -1.558948e+02  0.000000e+00 
3  1.034712e+02  3.455540e+01  1.477000e+03  5.611221e-01 6  2.892676e-01  1.889186e+02 2   5.3698 -1.170578e+00  1.256199e+00  0  0.8090  1.026232e+12  0.000000e+00  0.000000e+00  1.308284e-01 -1.433925e+02  1.164359e+01  1  0.8090  4.761520e+10  0.000000e+00  0.000000e+00  4.649053e-01 -1.479691e+02  7.355470e-02  2  0.8090  7.660436e+12 -1.652464e+01  8.880898e+00  2.365246e-01  1.300285e+02  5.967988e+00  3  0.8090  1.154051e+11 -1.652464e+01  8.880898e+00  1.489149e-01  1.075943e+02  1.490745e-01  4  0.8090  5.369770e+00  0.000000e+00  0.000000e+00  1.686108e-01  1.771359e+02  0.000000e+00 
1  5.148770e+01  9.109347e+01  5.800000e+01  3.393164e-01 0  2.864966e-01  9.109347e+01 2   7.1904 -7.896473e-02  4.228879e-02  0  0.9280  2.790780e+11  0.000000e+00  0.000000e+00  3.154732e-01 -8.586516e+01  2.117816e+01  1  0.9280  6.953280e+09  0.000000e+00  0.000000e+00  3.543101e-02 -6.703852e+01  5.712781e-02  2  0.9280  1.349918e+12  1.934106e+00 -1.114452e-03  1.722186e-01  6.765789e+01  4.420782e+00  3  0.9280  5.139713e+10  1.934106e+00 -1.114452e-03  3.570528e-01  2.300969e+01  5.884087e-02  4  0.9280  7.190430e+00  0.000000e+00  0.000000e+00  1.059682e-01 -7.907718e+01  0.000000e+00 
3  7.471883e+01  6.185711e+01  4.060000e+02  2.723326e+00 6 -1.000000e+00  1.102734e+02 1   6.2177  1.877953e-01 -1.432720e+00 -1 -1.0000 -1.000000e+00 -1.000000e+00 -1.000000e+00 -1.000000e+00 -1.000000e+00 -1.000000e+00 -1 -1.0000 -1.000000e+00 -1.000000e+00 -1.000000e+00 -1.000000e+00 -1.000000e+00 -1.000000e+00  0  0.9740  3.098518e+13  0.000000e+00  0.000000e+00  1.733189e-01  9.942448e+01  6.870188e+00  1  0.9740  1.685557e+11  0.000000e+00  0.000000e+00  3.446117e-01  1.551707e+02  1.694906e-01  2  0.9740  6.217700e+00  0.000000e+00  0.000000e+00  1.426502e-01  1.021551e+02  0.000000e+00 
1  1.287684e+02  2.804199e+02  7.069000e+03  1.640862e+00 0 -1.000000e+00  2.804199e+02 2   5.6584  2.366747e+00  2.401423e+00 -1 -1.0000 -1.000000e+00 -1.000000e+00 -1.000000e+00 -1.000000e+00 -1.000000e+00 -1.000000e+00 -1 -1.0000 -1.000000e+00 -1.000000e+00 -1.000000e+00 -1.000000e+00 -1.000000e+00 -1.000000e+00  0  1.6020  4.447592e+13  0.000000e+00  0.000000e+00  4.257229e-01  1.196869e+02  3.377681e+00  1  1.6020  1.919294e+11  0.000000e+00  0.000000e+00  3.452523e-01  1.561777e+02  6.648703e-02  2  1.6020  5.658400e+00  0.000000e+00  0.000000e+00  1.468871e-01 -3.220540e+01  0.000000e+00 
4  1.720393e+02  3.138269e+02  7.304000e+03  6.600339e-01 6 -1.000000e+00  5.744306e+02 3  15.4606  1.786410e-01 -6.598330e-02 -1 -1.0000 -1.000000e+00 -1.000000e+00 -1.000000e+00 -1.000000e+00 -1.000000e+00 -1.000000e+00 -1 -1.0000 -1.000000e+00 -1.000000e+00 -1.000000e+00 -1.000000e+00 -1.000000e+00 -1.000000e+00  0  2.3110  2.114069e+12  0.000000e+00  0.000000e+00  2.740828e-01  7.538795e+01  3.885135e+00  1  2.3110  4.150691e+10  0.000000e+00  0.000000e+00  4.857732e-01  7.907807e+01  2.137135e-02  2  2.3110  1.546060e+01  0.000000e+00  0.000000e+00  1.602310e-01  5.696842e+01  0.000000e+00 
5  1.385931e+02  2.223551e+02  4.809000e+03  1.875745e+00 6  2.751757e-01  5.214327e+02 3   7.7373  1.151282e-01 -2.725104e+00  0  1.1140  7.519222e+12  0.000000e+00  0.000000e+00  1.965300e-01  1.568244e+01  1.244377e+01  1  1.1140  1.389130e+11  0.000000e+00  0.000000e+00  7.266365e-02  1.520021e+01  6.995381e-02  2  1.1140  2.330037e+13 -9.494785e+00 -3.156500e+01  3.682824e-01  1.235905e+02  2.285224e+00  3  1.1140  1.599972e+11 -9.494785e+00 -3.156500e+01  5.613684e-01  1.058830e+02  6.387287e-02  4  1.1140  7.737340e+00  0.000000e+00  0.000000e+00  1.761275e-01  3.335568e+01  0.000000e+00 
3  1.837050e+01  1.897012e+01  2.664000e+03  5.001267e-01 6 -1.000000e+00  3.372822e+01 3  14.6093 -1.392653e-01 -1.429434e-01 -1 -1.0000 -1.000000e+00 -1.000000e+00 -1.000000e+00 -1.000000e+00 -1.000000e+00 -1.000000e+00 -1 -1.0000 -1.000000e+00 -1.000000e+00 -1.000000e+00 -1.000000e+00 -1.000000e+00 -1.000000e+00  0  0.5040  7.263487e+11  0.000000e+00  0.000000e+00  3.639930e-01 -5.135020e+01  8.324202e+00  1  0.5040  3.987504e+10  0.000000e+00  0.000000e+00  2.055991e-01 -4.580003e+01  2.002742e-01  2  0.5040  1.460930e+01  0.000000e+00  0.000000e+00  6.669554e-02 -1.332951e+02  0.000000e+00 
1  4.480339e+02  7.964499e+02  3.594000e+03  1.189772e+00 0  2.756529e-01  7.964499e+02 2   9.6932 -2.042102e+00  3.017080e+00  0  1.2480  4.322948e+12  0.000000e+00  0.000000e+00  1.515663e-01  1.667257e+02  9.154371e+00  1  1.2480  8.892660e+10  0.000000e+00  0.000000e+00  9.600827e-02  1.699310e+02  2.997692e-01  2  1.2480  1.913711e+13 -1.412718e+01  8.067882e+00  3.257053e-01 -1.048333e+02  3.493668e+00  3  1.2480  1.499106e+11 -1.412718e+01  8.067882e+00  1.695670e-01 -8.053079e+01  6.937799e-02  4  1.2480  9.693180e+00  0.000000e+00  0.000000e+00  1.820280e-01  6.247806e-01  0.000000e+00 
1  3.058764e+02  5.344504e+02  7.855000e+03  1.584272e+00 0 -1.000000e+00  5.344504e+02 2   4.8067  4.106629e+00  1.010644e+00 -1 -1.0000 -1.000000e+00 -1.000000e+00 -1.000000e+00 -1.000000e+00 -1.000000e+00 -1.000000e+00 -1 -1.0000 -1.000000e+00 -1.000000e+00 -1.000000e+00 -1.000000e+00 -1.000000e+00 -1.000000e+00  0  1.2490  1.655572e+13  0.000000e+00  0.000000e+00  6.179842e-01  1.038251e+02  6.093739e+00  1  1.2490  1.394172e+11  0.000000e+00  0.000000e+00  4.225306e-01  1.767234e+02  1.143920e-01  2  1.2490  4.806670e+00  0.000000e+00  0.000000e+00  1.422224e-01 -6.538775e+01  0.000000e+00 
1  2.054852e+02  4.118813e+02  6.726000e+03  9.716350e-01 0 -1.000000e+00  4.118813e+02 2  14.1059  1.396268e+00  8.902714e-01 -1 -1.0000 -1.000000e+00 -1.000000e+00 -1.000000e+00 -1.000000e+00 -1.000000e+00 -1.000000e+00 -1 -1.0000 -1.000000e+00 -1.000000e+00 -1.000000e+00 -1.000000e+00 -1.000000e+00 -1.000000e+00  0  1.3040  1.015923e+13  0.000000e+00  0.000000e+00  3.342052e-01 -5.531959e+01  3.702557e+00  1  1.3040  7.888095e+10  0.000000e+00  0.000000e+00  5.219483e-01 -6.450992e+01  1.215607e-01  2  1.3040  1.410590e+01  0.000000e+00  0.000000e+00  1.552638e-01  1.185466e+02  0.000000e+00 
3  3.209082e+01  2.940473e+01  1.016000e+03  1.432851e-01 6 -1.000000e+00  5.879762e+01 3   8.5295 -6.519245e-02  4.212244e-02 -1 -1.0000 -1.000000e+00 -1.000000e+00 -1.000000e+00 -1.000000e+00 -1.000000e+00 -1.000000e+00 -1 -1.0000 -1.000000e+00 -1.000000e+00 -1.000000e+00 -1.000000e+00 -1.000000e+00 -1.000000e+00  0  1.3170  3.571304e+11  0.000000e+00  0.000000e+00  1.647942e-01  3.863505e+01  9.432269e+00  1  1.3170  3.784231e+09  0.000000e+00  0.000000e+00  2.800974e-01 -3.206938e+01  4.838779e-02  2  1.3170  8.529480e+00  0.000000e+00  0.000000e+00  8.365396e-02 -1.604230e+02  0.000000e+00 
3  2.423804e+02  2.158506e+02  7.810000e+03  3.583244e-01 6 -1.000000e+00  3.461938e+02 1  16.4362  2.427001e-01 -1.547176e-01 -1 -1.0000 -1.000000e+00 -1.000000e+00 -1.000000e+00 -1.000000e+00 -1.000000e+00 -1.000000e+00 -1 -1.0000 -1.000000e+00 -1.000000e+00 -1.000000e+00 -1.000000e+00 -1.000000e+00 -1.000000e+00  0  2.5920  1.668911e+12  0.000000e+00  0.000000e+00  4.503276e-01 -4.209298e+01  4.494519e+00  1  2.5920  3.091986e+10  0.000000e+00  0.000000e+00  3.935963e-01 -1.736028e+01  6.583740e-02  2  2.5920  1.643620e+01  0.000000e+00  0.000000e+00  3.636639e-02  8.028727e+01  0.000000e+00 
3  1.707347e+02  1.325111e+02  5.980000e+02  7.684307e-01 6  2.840758e-01  4.109048e+02 3   5.8681 -4.275314e-01  1.259789e+00  0  1.1210  1.359989e+12  0.000000e+00  0.000000e+00  4.488004e-02  1.565351e+02  1.190777e+01  1  1.1210  6.107365e+10  0.000000e+00  0.000000e+00  2.810673e-01  1.670422e+02  4.246421e-02  2  1.1210  1.290496e+13  1.351413e-02  5.625894e+00  4.727523e-01  1.126881e+02  4.032416e+00  3  1.1210  1.152587e+11  1.351413e-02  5.625894e+00  2.479891e-01  9.722362e+01  1.003415e-01  4  1.1210  5.868100e+00  0.000000e+00  0.000000e+00  6.796805e-02 -5.722113e+01  0.000000e+00 
1  1.940956e+02  3.464618e+02  1.158000e+03  4.266887e+00 0 -1.000000e+00  3.464618e+02 2   6.2492 -2.753626e+00 -6.162858e+00 -1 -1.0000 -1.000000e+00 -1.000000e+00 -1.000000e+00 -1.000000e+00 -1.000000e+00 -1.000000e+00 -1 -1.0000 -1.000000e+00 -1.000000e+00 -1.000000e+00 -1.000000e+00 -1.000000e+00 -1.000000e+00  0  1.1810  1.141278e+14  0.000000e+00  0.000000e+00  3.874511e-01 -2.081403e+01  4.483890e+00  1  1.1810  3.825667e+11  0.000000e+00  0.000000e+00  4.930658e-02  3.618901e+01  2.317461e-01  2  1.1810  6.249150e+00  0.000000e+00  0.000000e+00  4.057142e-02  7.127560e+01  0.000000e+00 
1  9.671106e+01  2.237086e+02  2.921000e+03  6.567902e-02 0  2.851195e-01  2.237086e+02 2  16.4348  9.419962e-02  7.528308e-03  0  1.4740  3.648436e+10  0.000000e+00  0.000000e+00  2.110780e-01 -2.458602e+01  2.429763e+01  1  1.4740  4.391109e+07  0.000000e+00  0.000000e+00  4.001727e-01  2.193495e+00  2.694637e-02  2  1.4740  2.672520e+11  6.877605e-01 -8.419930e-01  3.275673e-01 -3.095349e+01  4.820827e+00  3  1.4740  1.703042e+09  6.877605e-01 -8.419930e-01  2.269947e-01  7.204375e+00  6.240436e-02  4  1.4740  1.643480e+01  0.000000e+00  0.000000e+00  2.179163e-01  7.948671e+00  0.000000e+00 
3  1.856824e+02  2.066226e+02  4.156000e+03  4.659854e-01 6 -1.000000e+00  2.427247e+02 1   2.6934  2.031480e-01 -1.545345e-01 -1 -1.0000 -1.000000e+00 -1.000000e+00 -1.000000e+00 -1.000000e+00 -1.000000e+00 -1.000000e+00 -1 -1.0000 -1.000000e+00 -1.000000e+00 -1.000000e+00 -1.000000e+00 -1.000000e+00 -1.000000e+00  0  0.5200  2.234744e+12  0.000000e+00  0.000000e+00  4.390247e-01  8.022836e+01  2.044587e+00  1  0.5200  6.624690e+10  0.000000e+00  0.000000e+00  4.029897e-01  1.309546e+02  2.732757e-01  2  0.5200  2.693430e+00  0.000000e+00  0.000000e+00  3.437524e-02  1.167118e+02  0.000000e+00 
1  1.893851e+01  3.319889e+01  1.090000e+03  1.025512e-01 0 -1.000000e+00  3.319889e+01 2  13.9072 -1.051314e-01  3.983415e-03 -1 -1.0000 -1.000000e+00 -1.000000e+00 -1.000000e+00 -1.000000e+00 -1.000000e+00 -1.000000e+00 -1 -1.0000 -1.000000e+00 -1.000000e+00 -1.000000e+00 -1.000000e+00 -1.000000e+00 -1.000000e+00  0  1.0240  3.844628e+11  0.000000e+00  0.000000e+00  3.557549e-01 -5.118951e+01  4.447434e+00  1  1.0240  6.543342e+09  0.000000e+00  0.000000e+00  3.132599e-01 -3.734916e+01  1.397561e-01  2  1.0240  1.390720e+01  0.000000e+00  0.000000e+00  1.473827e-01  7.639736e+01  0.000000e+00 
2  2.992138e+01  4.956896e+01  3.629000e+03  6.410530e+00 6 -1.000000e+00  6.097142e+01 3  12.5946 -1.969406e+00 -2.929012e-01 -1 -1.0000 -1.000000e+00 -1.000000e+00 -1.000000e+00 -1.000000e+00 -1.000000e+00 -1.000000e+00 -1 -1.0000 -1.000000e+00 -1.000000e+00 -1.000000e+00 -1.000000e+00 -1.000000e+00 -1.000000e+00  0  1.2470  8.981731e+13  0.000000e+00  0.000000e+00  2.962765e-02 -6.413966e+01  5.580819e+00  1  1.2470  2.810610e+11  0.000000e+00  0.000000e+00  1.641001e-01 -8.435993e+01  8.938565e-02  2  1.2470  1.259460e+01  0.000000e+00  0.000000e+00  1.877553e-01  3.520861e+01  0.000000e+00 
3  7.219421e+01  3.188742e+01  4.706000e+03  1.809373e-01 6 -1.000000e+00  9.363870e+01 1  10.6523 -1.528577e-01 -1.431680e-01 -1 -1.0000 -1.000000e+00 -1.000000e+00 -1.000000e+00 -1.000000e+00 -1.000000e+00 -1.000000e+00 -1 -1.0000 -1.000000e+00 -1.000000e+00 -1.000000e+00 -1.000000e+00 -1.000000e+00 -1.000000e+00  0  1.6590  6.257894e+11  0.000000e+00  0.000000e+00  2.879880e-01 -1.323282e+02  4.409294e+00  1  1.6590  9.759220e+09  0.000000e+00  0.000000e+00  3.306029e-01 -1.824444e+02  2.055067e-02  2  1.6590  1.065230e+01  0.000000e+00  0.000000e+00  1.169625e-01 -1.793747e+02  0.000000e+00 
3  7.321008e+01  4.615690e+01  2.743000e+03  1.692702e-01 6 -1.000000e+00  1.076859e+02 1   2.7356 -7.734354e-02  9.069091e-02 -1 -1.0000 -1.000000e+00 -1.000000e+00 -1.000000e+00 -1.000000e+00 -1.000000e+00 -1.000000e+00 -1 -1.0000 -1.000000e+00 -1.000000e+00 -1.000000e+00 -1.000000e+00 -1.000000e+00 -1.000000e+00  0  0.5810  4.233214e+11  0.000000e+00  0.000000e+00  4.056051e-01  1.943583e+01  4.872800e+00  1  0.5810  1.313583e+10  0.000000e+00  0.000000e+00  4.496057e-01  1.962624e+01  1.027588e-01  2  0.5810  2.735610e+00  0.000000e+00  0.000000e+00  3.873197e-02 -1.683257e+02  0.000000e+00 
3  4.270552e+01  4.620990e+01  3.990000e+03  7.429751e-01 6 -1.000000e+00  8.232724e+01 3   3.4905  1.219727e-01 -1.223111e-02 -1 -1.0000 -1.000000e+00 -1.000000e+00 -1.000000e+00 -1.000000e+00 -1.000000e+00 -1.000000e+00 -1 -1.0000 -1.000000e+00 -1.000000e+00 -1.000000e+00 -1.000000e+00 -1.000000e+00 -1.000000e+00  0  0.6830  2.066049e+12  0.000000e+00  0.000000e+00  2.390095e-01 -1.193399e+02  8.083377e+00  1  0.6830  6.587114e+10  0.000000e+00  0.000000e+00  4.223142e-01 -1.123726e+02  1.537490e-01  2  0.6830  3.490550e+00  0.000000e+00  0.000000e+00  3.992670e-02  7.149809e+01  0.000000e+00 
3  3.959482e+01  3.995833e+01  7.655000e+03  1.220334e+00 6 -1.000000e+00  5.253579e+01 1  12.8486  7.186642e-01 -2.308314e-01 -1 -1.0000 -1.000000e+00 -1.000000e+00 -1.000000e+00 -1.000000e+00 -1.000000e+00 -1.000000e+00 -1 -1.0000 -1.000000e+00 -1.000000e+00 -1.000000e+00 -1.000000e+00 -1.000000e+00 -1.000000e+00  0  0.3840  1.284587e+13  0.000000e+00  0.000000e+00  4.262346e-01  8.137670e+00  5.290608e+00  1  0.3840  1.329364e+11  0.000000e+00  0.000000e+00  1.785247e-01 -3.509682e+01  2.128488e-01  2  0.3840  1.284860e+01  0.000000e+00  0.000000e+00  1.499494e-01  1.775660e+02  0.000000e+00 
3  3.577461e+01  1.855062e+01  7.200000e+01  5.051259e-01 6 -1.000000e+00  5.255200e+01 1  15.9164  4.170631e-01  2.944217e-01 -1 -1.0000 -1.000000e+00 -1.000000e+00 -1.000000e+00 -1.000000e+00 -1.000000e+00 -1.000000e+00 -1 -1.0000 -1.000000e+00 -1.000000e+00 -1.000000e+00 -1.000000e+00 -1.000000e+00 -1.000000e+00  0  1.4980  3.606552e+12  0.000000e+00  0.000000e+00  2.631389e-01 -1.719254e+02  4.027799e+00  1  1.4980  4.984295e+10  0.000000e+00  0.000000e+00  3.583408e-01 -1.824748e+02  3.614566e-02  2  1.4980  1.591640e+01  0.000000e+00  0.000000e+00  1.895445e-01  8.069079e+01  0.000000e+00 
5  9.694308e+01  1.552887e+02  1.645000e+03  6.637658e-01 6 -1.000000e+00  1.664351e+02 1   7.4930  9.394914e-02  1.610350e-01 -1 -1.0000 -1.000000e+00 -1.000000e+00 -1.000000e+00 -1.000000e+00 -1.000000e+00 -1.000000e+00 -1 -1.0000 -1.000000e+00 -1.000000e+00 -1.000000e+00 -1.000000e+00 -1.000000e+00 -1.000000e+00  0  0.3830  1.365118e+12  0.000000e+00  0.000000e+00  2.251687e-01  1.278896e+02  8.522057e+00  1  0.3830  4.522465e+10  0.000000e+00  0.000000e+00  3.408385e-01  1.143782e+02  2.308747e-01  2  0.3830  7.493030e+00  0.000000e+00  0.000000e+00  2.170829e-01 -2.881944e+01  0.000000e+00 
3  7.828640e+01  4.036137e+01  5.003000e+03  8.257625e-02 6 -1.000000e+00  9.617795e+01 1   6.5044 -7.913620e-02  7.062391e-02 -1 -1.0000 -1.000000e+00 -1.000000e+00 -1.000000e+00 -1.000000e+00 -1.000000e+00 -1.000000e+00 -1 -1.0000 -1.000000e+00 -1.000000e+00 -1.000000e+00 -1.000000e+00 -1.000000e+00 -1.000000e+00  0  1.5710  3.804823e+11  0.000000e+00  0.000000e+00  2.001814e-01  1.434488e+02  2.854808e+00  1  1.5710  4.030952e+09  0.000000e+00  0.000000e+00  4.677031e-01  1.775744e+02  1.985287e-02  2  1.5710  6.504390e+00  0.000000e+00  0.000000e+00  6.346071e-02  1.142011e+02  0.000000e+00 
1  8.256159e+01  1.459689e+02  1.649000e+03  5.601094e-02 0 -1.000000e+00  1.459689e+02 2  14.4297  3.450797e-02 -9.141301e-02 -1 -1.0000 -1.000000e+00 -1.000000e+00 -1.000000e+00 -1.000000e+00 -1.000000e+00 -1.000000e+00 -1 -1.0000 -1.000000e+00 -1.000000e+00 -1.000000e+00 -1.000000e+00 -1.000000e+00 -1.000000e+00  0  0.5830  2.957507e+11  0.000000e+00  0.000000e+00  2.837290e-01  1.413751e+02  8.259686e+00  1  0.5830  4.158552e+09  0.000000e+00  0.000000e+00  3.370323e-01  2.074663e+02  2.421815e-01  2  0.5830  1.442970e+01  0.000000e+00  0.000000e+00  1.357937e-01  4.473873e+01  0.000000e+00 
3  3.145500e+02  3.380305e+02  2.240000e+02  3.811680e-01 6 -1.000000e+00  3.859124e+02 1   9.9218  9.593320e-02  1.892809e-01 -1 -1.0000 -1.000000e+00 -1.000000e+00 -1.000000e+00 -1.000000e+00 -1.000000e+00 -1.000000e+00 -1 -1.0000 -1.000000e+00 -1.000000e+00 -1.000000e+00 -1.000000e+00 -1.000000e+00 -1.000000e+00  0  0.6820  6.148230e+11  0.000000e+00  0.000000e+00  5.516787e-01 -1.267778e+02  1.027051e+01  1  0.6820  2.683861e+10  0.000000e+00  0.000000e+00  3.793806e-01 -1.755398e+02  6.344496e-02  2  0.6820  9.921790e+00  0.000000e+00  0.000000e+00  1.183524e-01  5.129408e+01  0.000000e+00 
1  3.965328e+02  8.075522e+02  5.832000e+03  6.681817e+00 0 -1.000000e+00  8.075522e+02 2   8.5296  9.637502e+00 -1.765386e+00 -1 -1.0000 -1.000000e+00 -1.000000e+00 -1.000000e+00 -1.000000e+00 -1.000000e+00 -1.000000e+00 -1 -1.0000 -1.000000e+00 -1.000000e+00 -1.000000e+00 -1.000000e+00 -1.000000e+00 -1.000000e+00  0  0.1290  4.616903e+14  0.000000e+00  0.000000e+00  5.069846e-01  1.038351e+02  6.050119e+00  1  0.1290  8.588520e+11  0.000000e+00  0.000000e+00  1.412705e-01  8.046931e+01  4.220266e+00  2  0.1290  8.529590e+00  0.000000e+00  0.000000e+00  2.317519e-01 -1.427733e+02  0.000000e+00 
1  3.318791e+01  7.276754e+01  1.690000e+03  2.009987e-01 0  2.767720e-01  7.276754e+01 2   6.5909  1.468075e-01 -2.213932e-01  0  1.9150  2.189532e+11  0.000000e+00  0.000000e+00  2.150953e-01 -1.421469e+02  1.716329e+01  1  1.9150  1.934074e+09  0.000000e+00  0.000000e+00  4.820510e-01 -1.173422e+02  3.518505e-02  2  1.9150  9.766272e+11 -1.128685e-01 -1.045495e+00  3.411538e-01  1.345091e+02  4.946466e+00  3  1.9150  2.025895e+10 -1.128685e-01 -1.045495e+00  1.211678e-01  9.397207e+01  1.458193e-02  4  1.9150  6.590870e+00  0.000000e+00  0.000000e+00  1.624359e-01 -7.306592e+01  0.000000e+00 
1  3.775787e+02  6.968513e+02  8.400000e+03  2.368950e+00 0 -1.000000e+00  6.968513e+02 2   9.9999  1.563679e+00  1.525967e-01 -1 -1.0000 -1.000000e+00 -1.000000e+00 -1.000000e+00 -1.000000e+00 -1.000000e+00 -1.000000e+00 -1 -1.0000 -1.000000e+00 -1.000000e+00 -1.000000e+00 -1.000000e+00 -1.000000e+00 -1.000000e+00  0  1.0340  3.909500e+13  0.000000e+00  0.000000e+00  2.652250e-01  1.329207e+02  5.085333e+00  1  1.0340  1.504491e+11  0.000000e+00  0.000000e+00  2.805767e-01  1.545145e+02  2.966942e-01  2  1.0340  9.999930e+00  0.000000e+00  0.000000e+00  1.020856e-02 -2.060894e+00  0.000000e+00 
3  5.428211e+01  3.510393e+01  5.970000e+02  1.239383e+00 6 -1.000000e+00  9.337419e+01 1  12.5939 -6.083098e-01  1.028635e-01 -1 -1.0000 -1.000000e+00 -1.000000e+00 -1.000000e+00 -1.000000e+00 -1.000000e+00 -1.000000e+00 -1 -1.0000 -1.000000e+00 -1.000000e+00 -1.000000e+00 -1.000000e+00 -1.000000e+00 -1.000000e+00  0  1.6500  6.768500e+12  0.000000e+00  0.000000e+00  3.158365e-01 -1.097766e+02  5.713923e+00  1  1.6500  8.420047e+10  0.000000e+00  0.000000e+00  3.635126e-01 -6.853095e+01  6.882266e-02  2  1.6500  1.259390e+01  0.000000e+00  0.000000e+00  1.304247e-01  9.414205e+00  0.000000e+00 
3  5.257916e+02  7.142121e+02  9.794000e+03  5.190924e-01 6 -1.000000e+00  7.375938e+02 1   8.5297  7.364082e-02  1.313904e-01 -1 -1.0000 -1.000000e+00 -1.000000e+00 -1.000000e+00 -1.000000e+00 -1.000000e+00 -1.000000e+00 -1 -1.0000 -1.000000e+00 -1.000000e+00 -1.000000e+00 -1.000000e+00 -1.000000e+00 -1.000000e+00  0  2.1520  1.661301e+12  0.000000e+00  0.000000e+00  2.282925e-01 -1.269041e+02  5.045168e+00  1  2.1520  6.200167e+10  0.000000e+00  0.000000e+00  1.570462e-01 -1.519456e+02  4.067213e-02  2  2.1520  8.529730e+00  0.000000e+00  0.000000e+00  1.762465e-01 -9.799186e+01  0.000000e+00 
1  6.882632e+01  1.392828e+02  4.830000e+02  4.285064e-01 0 -1.000000e+00  1.392828e+02 2   8.4044  3.721126e-01  3.427226e-01 -1 -1.0000 -1.000000e+00 -1.000000e+00 -1.000000e+00 -1.000000e+00 -1.000000e+00 -1.000000e+00 -1 -1.0000 -1.000000e+00 -1.000000e+00 -1.000000e+00 -1.000000e+00 -1.000000e+00 -1.000000e+00  0  0.1440  9.886224e+11  0.000000e+00  0.000000e+00  2.073159e-01  1.185374e+02  4.853905e+00  1  0.1440  4.381748e+10  0.000000e+00  0.000000e+00  4.422621e-01  1.394509e+02  7.325623e-01  2  0.1440  8.404420e+00  0.000000e+00  0.000000e+00  7.559667e-02 -5.899020e+01  0.000000e+00 
3  2.392342e+02  1.607894e+02  2.092000e+03  5.509215e-01 6 -1.000000e+00  3.482296e+02 1   4.8069 -2.663601e-01 -1.816676e-01 -1 -1.0000 -1.000000e+00 -1.000000e+00 -1.000000e+00 -1.000000e+00 -1.000000e+00 -1.000000e+00 -1 -1.0000 -1.000000e+00 -1.000000e+00 -1.000000e+00 -1.000000e+00 -1.000000e+00 -1.000000e+00  0  1.0430  1.666431e+12  0.000000e+00  0.000000e+00  1.530837e-01  7.962314e+01  5.640905e+00  1  1.0430  5.480619e+10  0.000000e+00  0.000000e+00  1.418234e-01  6.414262e+01  7.591726e-02  2  1.0430  4.806880e+00  0.000000e+00  0.000000e+00  9.450749e-02  8.910199e+01  0.000000e+00 
3  1.797950e+01  1.121276e+01  6.000000e+01  1.017906e+00 6 -1.000000e+00  4.042050e+01 2  11.3978 -5.269266e-01 -3.849185e-01 -1 -1.0000 -1.000000e+00 -1.000000e+00 -1.000000e+00 -1.000000e+00 -1.000000e+00 -1.000000e+00 -1 -1.0000 -1.000000e+00 -1.000000e+00 -1.000000e+00 -1.000000e+00 -1.000000e+00 -1.000000e+00  0  1.0960  1.215780e+13  0.000000e+00  0.000000e+00  3.139642e-01  1.653603e+02  5.053251e+00  1  1.0960  9.090581e+10  0.000000e+00  0.000000e+00  2.719011e-01  1.602573e+02  9.456196e-02  2  1.0960  1.139780e+01  0.000000e+00  0.000000e+00  9.270909e-02  1.022580e+02  0.000000e+00 
3  7.760270e+02  5.957839e+02  4.840000e+02  8.326585e-01 6 -1.000000e+00  1.525541e+03 3   6.6451  3.313065e-01 -1.878650e-01 -1 -1.0000 -1.000000e+00 -1.000000e+00 -1.000000e+00 -1.000000e+00 -1.000000e+00 -1.000000e+00 -1 -1.0000 -1.000000e+00 -1.000000e+00 -1.000000e+00 -1.000000e+00 -1.000000e+00 -1.000000e+00  0  1.6110  7.995822e+12  0.000000e+00  0.000000e+00  3.756909e-01  5.117963e+01  5.052595e+00  1  1.6110  7.739218e+10  0.000000e+00  0.000000e+00  1.967978e-01  3.434563e+01  6.927224e-02  2  1.6110  6.645050e+00  0.000000e+00  0.000000e+00  8.265700e-02  1.742174e+02  0.000000e+00 
3  5.799785e+01  5.787553e+01  6.770000e+02  5.539176e-01 6 -1.000000e+00  7.550480e+01 1   8.4044 -1.603034e-01 -2.146468e-01 -1 -1.0000 -1.000000e+00 -1.000000e+00 -1.000000e+00 -1.000000e+00 -1.000000e+00 -1.000000e+00 -1 -1.0000 -1.000000e+00 -1.000000e+00 -1.000000e+00 -1.000000e+00 -1.000000e+00 -1.000000e+00  0  1.8490  1.575566e+12  0.000000e+00  0.000000e+00  3.036739e-01  1.723356e+02  3.354647e+00  1  1.8490  5.083973e+10  0.000000e+00  0.000000e+00  6.921926e-01  1.066182e+02  7.619996e-02  2  1.8490  8.404400e+00  0.000000e+00  0.000000e+00  2.339068e-01  3.294936e+01  0.000000e+00 
3  3.318791e+01  2.116516e+01  1.690000e+03  1.627040e+00 6 -1.000000e+00  4.891137e+01 1   6.5909 -1.440724e+00 -9.869170e-02 -1 -1.0000 -1.000000e+00 -1.000000e+00 -1.000000e+00 -1.000000e+00 -1.000000e+00 -1.000000e+00 -1 -1.0000 -1.000000e+00 -1.000000e+00 -1.000000e+00 -1.000000e+00 -1.000000e+00 -1.000000e+00  0  0.4210  2.494736e+13  0.000000e+00  0.000000e+00  2.700265e-01  1.928647e+00  4.016002e+00  1  0.4210  3.482633e+11  0.000000e+00  0.000000e+00  2.672180e-01  1.800918e+00  4.043431e-01  2  0.4210  6.590870e+00  0.000000e+00  0.000000e+00  7.725135e-02  1.151080e+02  0.000000e+00 
3  3.490592e+02  1.725947e+02  2.310000e+03  6.512362e-01 6 -1.000000e+00  4.585742e+02 1   6.4180  2.069494e-01  6.632568e-01 -1 -1.0000 -1.000000e+00 -1.000000e+00 -1.000000e+00 -1.000000e+00 -1.000000e+00 -1.000000e+00 -1 -1.0000 -1.000000e+00 -1.000000e+00 -1.000000e+00 -1.000000e+00 -1.000000e+00 -1.000000e+00  0  0.4720  2.254085e+12  0.000000e+00  0.000000e+00  2.703753e-01  2.893369e+01  6.258506e+00  1  0.4720  8.284238e+10  0.000000e+00  0.000000e+00  4.178958e-01 -3.220840e+00  1.296060e-01  2  0.4720  6.418020e+00  0.000000e+00  0.000000e+00  6.654921e-02 -8.962136e+01  0.000000e+00 
3  8.174899e+01  4.846836e+01  6.690000e+02  7.735727e-01 6 -1.000000e+00  1.203272e+02 1  18.8772  4.584467e-01 -6.434766e-02 -1 -1.0000 -1.000000e+00 -1.000000e+00 -1.000000e+00 -1.000000e+00 -1.000000e+00 -1.000000e+00 -1 -1.0000 -1.000000e+00 -1.000000e+00 -1.000000e+00 -1.000000e+00 -1.000000e+00 -1.000000e+00  0  1.1500  2.858752e+12  0.000000e+00  0.000000e+00  2.588348e-01  1.247590e+02  4.500989e+00  1  1.1500  7.412379e+10  0.000000e+00  0.000000e+00  3.500218e-01  1.205828e+02  6.331037e-02  2  1.1500  1.887720e+01  0.000000e+00  0.000000e+00  8.671765e-02  1.142639e+02  0.000000e+00 
3  6.299896e+02  4.596134e+02  2.760000e+02  8.835049e-01 6 -1.000000e+00  8.942229e+02 1   3.4912  5.090614e-01  9.877582e-02 -1 -1.0000 -1.000000e+00 -1.000000e+00 -1.000000e+00 -1.000000e+00 -1.000000e+00 -1.000000e+00 -1 -1.0000 -1.000000e+00 -1.000000e+00 -1.000000e+00 -1.000000e+00 -1.000000e+00 -1.000000e+00  0  0.4210  3.796610e+12  0.000000e+00  0.000000e+00  2.166277e-01  1.418300e+02  5.561978e+00  1  0.4210  1.002913e+11  0.000000e+00  0.000000e+00  1.127028e-02  1.712916e+02  2.046614e-01  2  0.4210  3.491170e+00  0.000000e+00  0.000000e+00  9.297131e-02 -3.796932e+01  0.000000e+00 
3  4.329622e+01  4.128019e+01  1.179000e+03  1.050154e+00 6  2.992836e-01  1.044610e+02 3   3.9055  1.192896e+00  2.413074e+00  0  0.6840  1.453251e+12  0.000000e+00  0.000000e+00  1.474237e-01  1.384552e+02  2.086436e+01  1  0.6840  6.468724e+10  0.000000e+00  0.000000e+00  1.973893e-01  9.678824e+01  2.562928e-01  2  0.6840  3.222361e+13  3.758888e+00  8.964586e+00  3.562449e-01  7.668474e+01  3.110848e+00  3  0.6840  1.817412e+11  3.758888e+00  8.964586e+00  4.283138e-01  1.499119e+01  1.996390e-01  4  0.6840  3.905510e+00  0.000000e+00  0.000000e+00  8.891563e-02  1.088942e+02  0.000000e+00 
3  4.250992e+01  1.903658e+01  7.618000e+03  7.525494e-01 6 -1.000000e+00  5.701497e+01 1  10.3061  2.010050e-01  6.853134e-01 -1 -1.0000 -1.000000e+00 -1.000000e+00 -1.000000e+00 -1.000000e+00 -1.000000e+00 -1.000000e+00 -1 -1.0000 -1.000000e+00 -1.000000e+00 -1.000000e+00 -1.000000e+00 -1.000000e+00 -1.000000e+00  0  0.8850  3.644928e+12  0.000000e+00  0.000000e+00  3.907131e-01  6.428817e+01  5.831551e+00  1  0.8850  5.987566e+10  0.000000e+00  0.000000e+00  1.404413e-01  4.016765e+01  4.997962e-02  2  0.8850  1.030610e+01  0.000000e+00  0.000000e+00  1.421390e-02 -1.394593e+01  0.000000e+00 
3  7.921897e+01  4.332999e+01  4.160000e+02  6.766151e-01 6 -1.000000e+00  9.939292e+01 1  10.8402  5.500844e-01  9.264392e-02 -1 -1.0000 -1.000000e+00 -1.000000e+00 -1.000000e+00 -1.000000e+00 -1.000000e+00 -1.000000e+00 -1 -1.0000 -1.000000e+00 -1.000000e+00 -1.000000e+00 -1.000000e+00 -1.000000e+00 -1.000000e+00  0  1.0630  3.408723e+12  0.000000e+00  0.000000e+00  3.905980e-01  4.821905e+01  3.896008e+00  1  1.0630  8.458066e+10  0.000000e+00  0.000000e+00  3.100972e-01  3.303345e+01  5.617802e-02  2  1.0630  1.084020e+01  0.000000e+00  0.000000e+00  1.940170e-01  4.602575e+01  0.000000e+00 
2  1.637982e+01  1.022076e+01  3.291000e+03  7.354710e-01 6 -1.000000e+00  2.630254e+01 1  10.8393 -3.349769e-01 -2.790659e-01 -1 -1.0000 -1.000000e+00 -1.000000e+00 -1.000000e+00 -1.000000e+00 -1.000000e+00 -1.000000e+00 -1 -1.0000 -1.000000e+00 -1.000000e+00 -1.000000e+00 -1.000000e+00 -1.000000e+00 -1.000000e+00  0  1.1770  1.418710e+12  0.000000e+00  0.000000e+00  2.504427e-01 -9.874511e+01  1.012593e+01  1  1.1770  3.699509e+10  0.000000e+00  0.000000e+00  4.755229e-01 -1.149515e+02  2.163447e-02  2  1.1770  1.083930e+01  0.000000e+00  0.000000e+00  1.254511e-01  1.674479e+02  0.000000e+00 
1  1.349753e+02  2.454072e+02  2.691000e+03  1.904613e-01 0  2.857292e-01  2.454072e+02 2   9.1931 -3.780114e-01 -3.090695e-01  0  1.1970  1.836389e+11  0.000000e+00  0.000000e+00  3.695532e-01 -8.733778e+01  1.635512e+01  1  1.1970  2.194420e+09  0.000000e+00  0.000000e+00  3.673325e-01 -8.206372e+01  4.182500e-02  2  1.1970  1.062729e+12 -7.500182e-01 -1.408986e+00  1.443881e-01  1.254286e+01  5.614772e+00  3  1.1970  4.049896e+10 -7.500182e-01 -1.408986e+00  4.147692e-02  5.347325e+01  3.978701e-02  4  1.1970  9.193140e+00  0.000000e+00  0.000000e+00  1.073827e-01 -1.345298e+02  0.000000e+00 
2  7.285196e+01  9.188489e+01  1.078000e+03  4.781167e-01 6 -1.000000e+00  9.905910e+01 1   7.0961  1.638918e-01  2.047184e-01 -1 -1.0000 -1.000000e+00 -1.000000e+00 -1.000000e+00 -1.000000e+00 -1.000000e+00 -1.000000e+00 -1 -1.0000 -1.000000e+00 -1.000000e+00 -1.000000e+00 -1.000000e+00 -1.000000e+00 -1.000000e+00  0  1.8000  6.216117e+12  0.000000e+00  0.000000e+00  1.821121e-01 -1.152926e+02  1.792087e+00  1  1.8000  7.071319e+10  0.000000e+00  0.000000e+00  3.968376e-01 -1.464182e+02  2.900998e-02  2  1.8000  7.096130e+00  0.000000e+00  0.000000e+00  1.435727e-01  3.495915e+01  0.000000e+00 
3  1.342837e+02  1.331177e+02  1.372000e+03  8.137477e-01 6 -1.000000e+00  2.231652e+02 1   8.9613 -1.006833e-01  3.855324e-01 -1 -1.0000 -1.000000e+00 -1.000000e+00 -1.000000e+00 -1.000000e+00 -1.000000e+00 -1.000000e+00 -1 -1.0000 -1.000000e+00 -1.000000e+00 -1.000000e+00 -1.000000e+00 -1.000000e+00 -1.000000e+00  0  2.2280  6.975321e+12  0.000000e+00  0.000000e+00  1.542968e-01  6.599707e+01  4.165881e+00  1  2.2280  6.333844e+10  0.000000e+00  0.000000e+00  2.390255e-01  7.121040e+01  4.343441e-02  2  2.2280  8.961260e+00  0.000000e+00  0.000000e+00  8.908940e-02 -7.616166e+01  0.000000e+00 
3  4.736686e+02  2.292596e+02  6.404000e+03  5.172977e-01 6 -1.000000e+00  6.617703e+02 1   9.1934 -4.465026e-01  2.026619e-01 -1 -1.0000 -1.000000e+00 -1.000000e+00 -1.000000e+00 -1.000000e+00 -1.000000e+00 -1.000000e+00 -1 -1.0000 -1.000000e+00 -1.000000e+00 -1.000000e+00 -1.000000e+00 -1.000000e+00 -1.000000e+00  0  2.4120  3.672429e+12  0.000000e+00  0.000000e+00  4.864834e-02  1.500121e+02  3.489576e+00  1  2.4120  5.483166e+10  0.000000e+00  0.000000e+00  2.922737e-01  1.378053e+02  2.942069e-02  2  2.4120  9.193420e+00  0.000000e+00  0.000000e+00  1.204415e-01  1.376349e+02  0.000000e+00 
1  2.182350e+02  4.352914e+02  3.285000e+03  4.277749e+00 0 -1.000000e+00  4.352914e+02 2  11.5402 -2.543441e+00 -3.792294e+00 -1 -1.0000 -1.000000e+00 -1.000000e+00 -1.000000e+00 -1.000000e+00 -1.000000e+00 -1.000000e+00 -1 -1.0000 -1.000000e+00 -1.000000e+00 -1.000000e+00 -1.000000e+00 -1.000000e+00 -1.000000e+00  0  1.1020  5.407130e+13  0.000000e+00  0.000000e+00  4.340852e-01  1.797229e+02  7.942599e+00  1  1.1020  2.233590e+11  0.000000e+00  0.000000e+00  3.721621e-01  2.395780e+02  1.078943e-01  2  1.1020  1.154020e+01  0.000000e+00  0.000000e+00  1.652151e-01 -6.659804e+01  0.000000e+00 
3  1.932508e+02  6.451470e+01  7.329000e+03  6.017542e-01 6 -1.000000e+00  3.462069e+02 2  13.6737 -8.796240e-03  7.032053e-01 -1 -1.0000 -1.000000e+00 -1.000000e+00 -1.000000e+00 -1.000000e+00 -1.000000e+00 -1.000000e+00 -1 -1.0000 -1.000000e+00 -1.000000e+00 -1.000000e+00 -1.000000e+00 -1.000000e+00 -1.000000e+00  0  2.1430  5.150767e+12  0.000000e+00  0.000000e+00  3.584161e-01  1.676900e+02  4.221258e+00  1  2.1430  7.426426e+10  0.000000e+00  0.000000e+00  5.225678e-01  1.689507e+02  3.546648e-02  2  2.1430  1.367370e+01  0.000000e+00  0.000000e+00  1.083472e-01 -1.197104e+02  0.000000e+00 
3  2.405363e+02  2.640029e+02  1.251000e+03  7.762166e-01 6 -1.000000e+00  3.406368e+02 1   3.2882 -1.887310e-01  2.461646e-01 -1 -1.0000 -1.000000e+00 -1.000000e+00 -1.000000e+00 -1.000000e+00 -1.000000e+00 -1.000000e+00 -1 -1.0000 -1.000000e+00 -1.000000e+00 -1.000000e+00 -1.000000e+00 -1.000000e+00 -1.000000e+00  0  0.2430  1.581634e+12  0.000000e+00  0.000000e+00  2.813536e-01  4.909577e+01  7.212518e+00  1  0.2430  6.732956e+10  0.000000e+00  0.000000e+00  3.353949e-01  1.125718e+02  4.535593e-01  2  0.2430  3.288240e+00  0.000000e+00  0.000000e+00  9.866549e-02 -9.510271e+01  0.000000e+00 
3  7.351119e+01  7.714034e+01  1.091000e+03  1.262049e+00 6  2.992175e-01  1.172069e+02 1  14.0775 -5.212873e-01  2.094920e+00  0  0.6630  1.054910e+12  0.000000e+00  0.000000e+00  2.576164e-01 -3.045627e+01  3.414608e+01  1  0.6630  5.207466e+10  0.000000e+00  0.000000e+00  3.168643e-01 -5.530694e+01  1.973994e-01  2  0.6630  1.660233e+13 -6.191645e+00  8.784948e+00  1.701078e-01  1.869858e+01  5.217553e+00  3  0.6630  1.165622e+11 -6.191645e+00  8.784948e+00  3.200070e-01  5.849951e+00  1.249967e-01  4  0.6630  1.407750e+01  0.000000e+00  0.000000e+00  2.473250e-01 -8.469796e+01  0.000000e+00 
3  4.123553e+02  4.690761e+02  7.791000e+03  7.534106e-01 6 -1.000000e+00  6.999154e+02 1   1.3795 -2.915496e-01  1.692426e-01 -1 -1.0000 -1.000000e+00 -1.000000e+00 -1.000000e+00 -1.000000e+00 -1.000000e+00 -1.000000e+00 -1 -1.0000 -1.000000e+00 -1.000000e+00 -1.000000e+00 -1.000000e+00 -1.000000e+00 -1.000000e+00  0  0.7170  3.089052e+13  0.000000e+00  0.000000e+00  1.065181e-01 -8.174710e+01  3.503137e+00  1  0.7170  1.701445e+11  0.000000e+00  0.000000e+00  4.642536e-01 -4.819317e+01  1.529733e-01  2  0.7170  1.379480e+00  0.000000e+00  0.000000e+00  1.249051e-02 -9.918446e+01  0.000000e+00 
1  2.644941e+02  4.882475e+02  1.282000e+03  2.260995e+00 0 -1.000000e+00  4.882475e+02 2  10.6526  5.066151e-01 -4.129814e+00 -1 -1.0000 -1.000000e+00 -1.000000e+00 -1.000000e+00 -1.000000e+00 -1.000000e+00 -1.000000e+00 -1 -1.0000 -1.000000e+00 -1.000000e+00 -1.000000e+00 -1.000000e+00 -1.000000e+00 -1.000000e+00  0  1.0380  6.313897e+13  0.000000e+00  0.000000e+00  5.513429e-02  6.752492e+01  3.225878e+00  1  1.0380  1.977198e+11  0.000000e+00  0.000000e+00  2.360732e-01  4.986315e+01  1.065374e-01  2  1.0380  1.065260e+01  0.000000e+00  0.000000e+00  2.012165e-01 -1.648640e+02  0.000000e+00 
3  4.015778e+01  2.358636e+01  3.605000e+03  4.778700e-01 6 -1.000000e+00  5.336281e+01 1  15.4624  2.110277e-01  3.297218e-01 -1 -1.0000 -1.000000e+00 -1.000000e+00 -1.000000e+00 -1.000000e+00 -1.000000e+00 -1.000000e+00 -1 -1.0000 -1.000000e+00 -1.000000e+00 -1.000000e+00 -1.000000e+00 -1.000000e+00 -1.000000e+00  0  1.3700  1.641534e+12  0.000000e+00  0.000000e+00  1.333538e-01 -5.372677e+01  4.437786e+00  1  1.3700  4.226295e+10  0.000000e+00  0.000000e+00  3.012062e-02 -4.087905e+01  9.155237e-02  2  1.3700  1.546240e+01  0.000000e+00  0.000000e+00  1.854594e-01  7.886667e+01  0.000000e+00 
3  5.204349e+02  8.521267e+02  4.584000e+03  3.516880e-01 6 -1.000000e+00  1.507241e+03 3   4.4608  4.174289e-02 -6.109320e-02 -1 -1.0000 -1.000000e+00 -1.000000e+00 -1.000000e+00 -1.000000e+00 -1.000000e+00 -1.000000e+00 -1 -1.0000 -1.000000e+00 -1.000000e+00 -1.000000e+00 -1.000000e+00 -1.000000e+00 -1.000000e+00  0  1.4420  1.186683e+12  0.000000e+00  0.000000e+00  3.023440e-01 -6.793667e+01  4.278254e+00  1  1.4420  3.908100e+10  0.000000e+00  0.000000e+00  9.581367e-02 -7.513524e+01  8.996707e-02  2  1.4420  4.460780e+00  0.000000e+00  0.000000e+00  3.412223e-02 -4.324562e+01  0.000000e+00 
4  3.242823e+01  6.034725e+01  1.688000e+03  6.817959e-01 6  2.709156e-01  9.604401e+01 3   9.9216  3.543789e-02  1.499497e+00  0  2.0220  1.301255e+12  0.000000e+00  0.000000e+00  1.298943e-01 -7.745109e+01  7.426438e+00  1  2.0220  4.873014e+10  0.000000e+00  0.000000e+00  3.572765e-01 -4.619688e+01  2.176736e-02  2  2.0220  9.867405e+12  3.705211e-01  4.633958e+00  6.965267e-02 -1.549025e+01  4.091611e+00  3  2.0220  6.157845e+10  3.705211e-01  4.633958e+00  3.094286e-01 -6.479088e+01  7.240957e-02  4  2.0220  9.921610e+00  0.000000e+00  0.000000e+00  1.000872e-01 -4.144155e+01  0.000000e+00 
3  4.235049e+01  2.897822e+01  1.532000e+03  4.948156e-01 6 -1.000000e+00  6.311289e+01 1   9.9221  8.517257e-02  3.678078e-01 -1 -1.0000 -1.000000e+00 -1.000000e+00 -1.000000e+00 -1.000000e+00 -1.000000e+00 -1.000000e+00 -1 -1.0000 -1.000000e+00 -1.000000e+00 -1.000000e+00 -1.000000e+00 -1.000000e+00 -1.000000e+00  0  0.4200  1.783888e+12  0.000000e+00  0.000000e+00  8.885029e-02 -1.795675e+02  5.107491e+00  1  0.4200  4.154212e+10  0.000000e+00  0.000000e+00  2.416772e-01 -2.265071e+02  2.436978e-01  2  0.4200  9.922100e+00  0.000000e+00  0.000000e+00  5.552701e-02  2.680750e+01  0.000000e+00 
3  3.318791e+01  3.909876e+01  1.690000e+03  3.046395e-01 6 -1.000000e+00  5.926252e+01 3   6.5909 -9.231415e-02 -6.202709e-02 -1 -1.0000 -1.000000e+00 -1.000000e+00 -1.000000e+00 -1.000000e+00 -1.000000e+00 -1.000000e+00 -1 -1.0000 -1.000000e+00 -1.000000e+00 -1.000000e+00 -1.000000e+00 -1.000000e+00 -1.000000e+00  0  0.4630  5.558314e+11  0.000000e+00  0.000000e+00  2.788310e-01 -4.319733e+01  9.178432e+00  1  0.4630  1.912434e+10  0.000000e+00  0.000000e+00  2.278362e-01 -7.265975e+01  2.604633e-01  2  0.4630  6.590870e+00  0.000000e+00  0.000000e+00  1.182914e-01  7.936957e+01  0.000000e+00 
3  1.374950e+02  9.448497e+01  2.755000e+03  6.948581e-01 6 -1.000000e+00  1.661385e+02 1   7.0009 -1.419733e-01 -5.277031e-01 -1 -1.0000 -1.000000e+00 -1.000000e+00 -1.000000e+00 -1.000000e+00 -1.000000e+00 -1.000000e+00 -1 -1.0000 -1.000000e+00 -1.000000e+00 -1.000000e+00 -1.000000e+00 -1.000000e+00 -1.000000e+00  0  0.6170  1.255681e+12  0.000000e+00  0.000000e+00  3.396372e-01 -1.175617e+02  7.639294e+00  1  0.6170  6.188537e+10  0.000000e+00  0.000000e+00  3.859888e-01 -1.174303e+02  1.726824e-01  2  0.6170  7.000920e+00  0.000000e+00  0.000000e+00  1.018041e-01  5.509221e+01  0.000000e+00 
3  4.008037e+02  5.228114e+02  3.523000e+03  4.864232e-01 6 -1.000000e+00  8.430360e+02 3   2.8672  1.544066e-01 -3.158352e-02 -1 -1.0000 -1.000000e+00 -1.000000e+00 -1.000000e+00 -1.000000e+00 -1.000000e+00 -1.000000e+00 -1 -1.0000 -1.000000e+00 -1.000000e+00 -1.000000e+00 -1.000000e+00 -1.000000e+00 -1.000000e+00  0  0.6720  8.367348e+11  0.000000e+00  0.000000e+00  1.257653e-01 -3.464843e+01  1.369559e+01  1  0.6720  3.701268e+10  0.000000e+00  0.000000e+00  1.801536e-01  1.319280e+01  8.585070e-02  2  0.6720  2.867150e+00  0.000000e+00  0.000000e+00  5.022081e-02  7.710020e+01  0.000000e+00 
3  1.567177e+02  8.420893e+01  2.650000e+02  1.065957e+00 6  2.877132e-01  2.187736e+02 1  10.7031 -1.582609e+00 -3.476918e+00  0  0.9560  2.173398e+12  0.000000e+00  0.000000e+00  9.383439e-02 -6.447831e+01  1.329243e+01  1  0.9560  4.102163e+10  0.000000e+00  0.000000e+00  4.171759e-01 -5.954484e+01  6.642605e-02  2  0.9560  3.565774e+13 -1.005281e+01 -1.368454e+01  2.182575e-01  1.438744e+02  4.794725e+00  3  0.9560  1.944300e+11 -1.005281e+01 -1.368454e+01  3.718506e-01  1.040862e+02  7.571746e-02  4  0.9560  1.070310e+01  0.000000e+00  0.000000e+00  1.340234e-01  1.357764e+02  0.000000e+00 
3  3.123286e+02  3.845617e+02  4.850000e+03  5.832924e-01 6 -1.000000e+00  4.859920e+02 1  12.5977 -2.784911e-01 -6.752208e-02 -1 -1.0000 -1.000000e+00 -1.000000e+00 -1.000000e+00 -1.000000e+00 -1.000000e+00 -1.000000e+00 -1 -1.0000 -1.000000e+00 -1.000000e+00 -1.000000e+00 -1.000000e+00 -1.000000e+00 -1.000000e+00  0  1.7390  9.463457e+12  0.000000e+00  0.000000e+00  3.045091e-01 -2.393526e+01  2.292843e+00  1  1.7390  7.352424e+10  0.000000e+00  0.000000e+00  3.289898e-01 -1.444451e+01  6.058686e-02  2  1.7390  1.259770e+01  0.000000e+00  0.000000e+00  1.185110e-01  9.224230e+00  0.000000e+00 
5  1.969604e+02  3.571108e+02  3.094000e+03  2.924382e+00 6 -1.000000e+00  5.095955e+02 3  12.0745 -5.427592e-01  9.873480e-03 -1 -1.0000 -1.000000e+00 -1.000000e+00 -1.000000e+00 -1.000000e+00 -1.000000e+00 -1.000000e+00 -1 -1.0000 -1.000000e+00 -1.000000e+00 -1.000000e+00 -1.000000e+00 -1.000000e+00 -1.000000e+00  0  0.4870  4.684014e+13  0.000000e+00  0.000000e+00  2.759661e-01 -7.129668e+01  5.540093e+00  1  0.4870  3.613909e+11  0.000000e+00  0.000000e+00  2.670830e-01 -7.026583e+01  7.899067e-01  2  0.4870  1.207450e+01  0.000000e+00  0.000000e+00  1.497370e-01  1.340842e+02  0.000000e+00 
1  9.682260e+01  1.695624e+02  5.331000e+03  8.293094e-01 0  2.852317e-01  1.695624e+02 2  13.0726 -3.769472e+00  2.081395e+00  0  0.9850  1.709995e+12  0.000000e+00  0.000000e+00  2.883546e-01  1.714225e+02  8.898965e+00  1  0.9850  5.225379e+10  0.000000e+00  0.000000e+00  3.854327e-01  1.664509e+02  9.760380e-02  2  0.9850  1.390031e+13 -5.165089e+00  3.353320e+00  1.963674e-01  1.123962e+02  9.020639e+00  3  0.9850  1.576955e+11 -5.165089e+00  3.353320e+00  2.430934e-01  1.031729e+02  1.551358e-01  4  0.9850  1.307260e+01  0.000000e+00  0.000000e+00  1.695137e-01  7.835102e+01  0.000000e+00 
3  1.442892e+02  1.342927e+02  3.060000e+02  5.497811e-01 6 -1.000000e+00  2.356876e+02 1   7.7373  2.415993e-01  7.419425e-02 -1 -1.0000 -1.000000e+00 -1.000000e+00 -1.000000e+00 -1.000000e+00 -1.000000e+00 -1.000000e+00 -1 -1.0000 -1.000000e+00 -1.000000e+00 -1.000000e+00 -1.000000e+00 -1.000000e+00 -1.000000e+00  0  1.1740  2.396881e+12  0.000000e+00  0.000000e+00  6.962268e-02  1.352534e+02  4.191605e+00  1  1.1740  6.401152e+10  0.000000e+00  0.000000e+00  3.710667e-01  1.401243e+02  5.927380e-02  2  1.1740  7.737250e+00  0.000000e+00  0.000000e+00  3.160399e-02 -1.839051e+01  0.000000e+00 
4  3.353979e+01  4.267202e+01  8.013000e+03  3.215725e+00 6 -1.000000e+00  7.179197e+01 3  12.8485 -1.369070e+00  4.771710e-01 -1 -1.0000 -1.000000e+00 -1.000000e+00 -1.000000e+00 -1.000000e+00 -1.000000e+00 -1.000000e+00 -1 -1.0000 -1.000000e+00 -1.000000e+00 -1.000000e+00 -1.000000e+00 -1.000000e+00 -1.000000e+00  0  2.6590  3.257634e+13  0.000000e+00  0.000000e+00  3.730101e-01 -2.534417e+01  6.446630e+00  1  2.6590  5.508649e+10  0.000000e+00  0.000000e+00  2.849782e-01 -2.312247e+01  2.122142e-02  2  2.6590  1.284850e+01  0.000000e+00  0.000000e+00  1.342950e-01  9.438995e+01  0.000000e+00 
3  9.501958e+01  4.298367e+01  2.882000e+03  2.661497e-01 6 -1.000000e+00  1.290076e+02 1   7.4779 -3.275263e-02 -2.390783e-01 -1 -1.0000 -1.000000e+00 -1.000000e+00 -1.000000e+00 -1.000000e+00 -1.000000e+00 -1.000000e+00 -1 -1.0000 -1.000000e+00 -1.000000e+00 -1.000000e+00 -1.000000e+00 -1.000000e+00 -1.000000e+00  0  2.6630  1.154064e+12  0.000000e+00  0.000000e+00  1.418827e-01 -6.607791e+00  3.387626e+00  1  2.6630  2.401863e+10  0.000000e+00  0.000000e+00  2.556829e-01 -7.381623e+01  6.903835e-02  2  2.6630  7.477870e+00  0.000000e+00  0.000000e+00  1.602860e-01 -5.582919e+01  0.000000e+00 
1  1.426856e+02  2.486324e+02  1.394000e+03  6.004466e-01 0  2.919956e-01  2.486324e+02 2   2.6935 -3.451215e-02 -2.136289e-02  0  0.7010  8.548710e+11  0.000000e+00  0.000000e+00  2.552448e-01  1.021389e+02  2.208843e+01  1  0.7010  2.483430e+10  0.000000e+00  0.000000e+00  2.882008e-01  1.297587e+02  1.737517e-01  2  0.7010  6.721061e+12  2.833764e+00  2.643238e+00  7.226413e-02  8.512088e+00  3.094917e+00  3  0.7010  8.244343e+10  2.833764e+00  2.643238e+00  3.963518e-01 -5.300946e+01  2.887792e-01  4  0.7010  2.693500e+00  0.000000e+00  0.000000e+00  8.349636e-02  1.267748e+02  0.000000e+00 
3  1.198160e+02  9.768863e+01  9.689000e+03  1.539361e+00 6 -1.000000e+00  1.999928e+02 1  13.6691 -5.726076e-01 -3.410158e-01 -1 -1.0000 -1.000000e+00 -1.000000e+00 -1.000000e+00 -1.000000e+00 -1.000000e+00 -1.000000e+00 -1 -1.0000 -1.000000e+00 -1.000000e+00 -1.000000e+00 -1.000000e+00 -1.000000e+00 -1.000000e+00  0  1.0930  1.452481e+13  0.000000e+00  0.000000e+00  4.012378e-01  1.056669e+02  3.697497e+00  1  1.0930  1.641930e+11  0.000000e+00  0.000000e+00  3.378857e-01  7.411693e+01  1.021559e-01  2  1.0930  1.366910e+01  0.000000e+00  0.000000e+00  1.582575e-01 -1.408423e+02  0.000000e+00 
3  1.043722e+02  1.289770e+02  2.990000e+03  2.767294e-01 6 -1.000000e+00  1.817505e+02 3   5.1428 -1.107945e-01 -3.845897e-02 -1 -1.0000 -1.000000e+00 -1.000000e+00 -1.000000e+00 -1.000000e+00 -1.000000e+00 -1.000000e+00 -1 -1.0000 -1.000000e+00 -1.000000e+00 -1.000000e+00 -1.000000e+00 -1.000000e+00 -1.000000e+00  0  2.7920  2.978829e+12  0.000000e+00  0.000000e+00  3.779911e-01 -1.171172e+02  4.450453e+00  1  2.7920  4.711477e+10  0.000000e+00  0.000000e+00  3.001251e-01 -1.765516e+02  7.781426e-02  2  2.7920  5.142840e+00  0.000000e+00  0.000000e+00  1.744834e-02 -6.327977e+01  0.000000e+00 
3  1.585163e+02  9.140932e+01  1.200000e+01  9.943529e-01 6  2.827890e-01  2.891975e+02 2  10.3068  1.398109e+00  1.933578e+00  0  1.2380  1.761456e+12  0.000000e+00  0.000000e+00  3.320971e-01  1.519158e+02  1.585889e+01  1  1.2380  6.353295e+10  0.000000e+00  0.000000e+00  2.103094e-01  1.799639e+02  5.124268e-02  2  1.2380  2.925064e+13  1.650777e+01  2.378912e+01  1.967256e-01 -1.779493e+01  3.607601e+00  3  1.2380  1.569740e+11  1.650777e+01  2.378912e+01  2.284468e-01  1.630201e+01  7.053939e-02  4  1.2380  1.030680e+01  0.000000e+00  0.000000e+00  1.910393e-02 -1.794549e+02  0.000000e+00 
2  3.242823e+01  6.605864e+01  1.688000e+03  9.946911e-01 6 -1.000000e+00  9.681179e+01 3   9.9216  9.143132e-02  2.467273e-02 -1 -1.0000 -1.000000e+00 -1.000000e+00 -1.000000e+00 -1.000000e+00 -1.000000e+00 -1.000000e+00 -1 -1.0000 -1.000000e+00 -1.000000e+00 -1.000000e+00 -1.000000e+00 -1.000000e+00 -1.000000e+00  0  2.2660  6.433190e+12  0.000000e+00  0.000000e+00  4.482372e-01  7.085854e+01  3.955868e+00  1  2.2660  7.761136e+10  0.000000e+00  0.000000e+00  4.105064e-01  9.609061e+01  3.880564e-02  2  2.2660  9.921610e+00  0.000000e+00  0.000000e+00  1.345660e-01 -1.985605e+01  0.000000e+00 
3  1.789135e+02  8.940075e+01  1.564000e+03  4.810147e-01 6  2.978300e-01  2.448845e+02 1   3.3376  5.063434e-01  8.317744e-02  0  0.3120  5.483648e+11  0.000000e+00  0.000000e+00  3.609654e-01 -3.058645e+01  1.529847e+01  1  0.3120  2.390287e+10  0.000000e+00  0.000000e+00  5.341482e-02 -9.507577e+00  1.478070e-01  2  0.3120  3.170583e+12  4.217996e+01 -3.022492e+01  9.559809e-02 -3.971064e+01  6.840996e+00  3  0.3120  6.977826e+10  4.217996e+01 -3.022492e+01  2.317939e-01 -5.385237e+01  2.282929e-01  4  0.3120  3.337620e+00  0.000000e+00  0.000000e+00  6.076559e-02 -4.807072e+01  0.000000e+00 
3  1.053082e+02  1.015327e+02  9.918000e+03  4.306831e-01 6 -1.000000e+00  1.474644e+02 1   8.2555 -1.773910e-01  3.167499e-02 -1 -1.0000 -1.000000e+00 -1.000000e+00 -1.000000e+00 -1.000000e+00 -1.000000e+00 -1.000000e+00 -1 -1.0000 -1.000000e+00 -1.000000e+00 -1.000000e+00 -1.000000e+00 -1.000000e+00 -1.000000e+00  0  0.5590  9.181433e+11  0.000000e+00  0.000000e+00  2.565798e-01 -1.727716e+01  3.650429e+00  1  0.5590  4.664576e+10  0.000000e+00  0.000000e+00  2.221961e-01 -1.802558e+01  1.755571e-01  2  0.5590  8.255470e+00  0.000000e+00  0.000000e+00  1.588144e-01  1.115924e+02  0.000000e+00 
3  1.300983e+02  1.164381e+02  9.460000e+02  6.229262e-01 6  3.071299e-01  1.973888e+02 1   4.1190  1.949602e-02 -2.704610e+00  0  0.6140  6.366446e+11  0.000000e+00  0.000000e+00  2.901743e-01 -3.595101e+01  2.208680e+01  1  0.6140  3.374361e+10  0.000000e+00  0.000000e+00  2.815662e-01 -2.128063e+01  2.032474e-01  2  0.6140  1.609383e+13  1.103172e+00 -1.128838e+01  2.813019e-01  5.981856e+00  1.033689e+01  3  0.6140  1.531782e+11  1.103172e+00 -1.128838e+01  3.523149e-01 -7.960045e+01  1.673895e-01  4  0.6140  4.119000e+00  0.000000e+00  0.000000e+00  1.041886e-01  3.130054e+01  0.000000e+00 
2  3.283043e+01  1.524507e+01  7.595000e+03  1.290749e+00 6 -1.000000e+00  8.816066e+01 2   6.6451 -5.493321e-02  6.342431e-01 -1 -1.0000 -1.000000e+00 -1.000000e+00 -1.000000e+00 -1.000000e+00 -1.000000e+00 -1.000000e+00 -1 -1.0000 -1.000000e+00 -1.000000e+00 -1.000000e+00 -1.000000e+00 -1.000000e+00 -1.000000e+00  0  2.5560  1.922419e+13  0.000000e+00  0.000000e+00  3.985526e-01  2.701409e+01  4.786396e+00  1  2.5560  8.320459e+10  0.000000e+00  0.000000e+00  5.171367e-01  1.003109e+02  2.997544e-02  2  2.5560  6.645060e+00  0.000000e+00  0.000000e+00  1.766646e-01 -3.757858e+01  0.000000e+00 
3  1.262027e+02  5.079501e+01  8.331000e+03  7.025807e-01 6 -1.000000e+00  1.540944e+02 1  17.4675  3.905697e-01 -6.447500e-01 -1 -1.0000 -1.000000e+00 -1.000000e+00 -1.000000e+00 -1.000000e+00 -1.000000e+00 -1.000000e+00 -1 -1.0000 -1.000000e+00 -1.000000e+00 -1.000000e+00 -1.000000e+00 -1.000000e+00 -1.000000e+00  0  0.4800  1.573163e+12  0.000000e+00  0.000000e+00  4.527275e-02  5.178837e+01  6.913251e+00  1  0.4800  5.767460e+10  0.000000e+00  0.000000e+00  6.145558e-02  3.183728e+01  1.282569e-01  2  0.4800  1.746750e+01  0.000000e+00  0.000000e+00  2.081555e-01  1.549997e+02  0.000000e+00 
1  2.897193e+01  5.793721e+01  3.045000e+03  1.072159e-01 0 -1.000000e+00  5.793721e+01 2   9.3849  4.169059e-02 -1.125282e-01 -1 -1.0000 -1.000000e+00 -1.000000e+00 -1.000000e+00 -1.000000e+00 -1.000000e+00 -1.000000e+00 -1 -1.0000 -1.000000e+00 -1.000000e+00 -1.000000e+00 -1.000000e+00 -1.000000e+00 -1.000000e+00  0  0.9130  2.353358e+11  0.000000e+00  0.000000e+00  1.956447e-01 -1.766228e+02  1.114655e+01  1  0.9130  2.931333e+09  0.000000e+00  0.000000e+00  4.753930e-01 -2.049529e+02  5.832794e-02  2  0.9130  9.384890e+00  0.000000e+00  0.000000e+00  1.148071e-01 -1.476545e+02  0.000000e+00 
1  6.923923e+01  1.296248e+02  7.202000e+03  3.835584e+00 0 -1.000000e+00  1.296248e+02 2  12.4373  3.704149e+00 -3.155833e+00 -1 -1.0000 -1.000000e+00 -1.000000e+00 -1.000000e+00 -1.000000e+00 -1.000000e+00 -1.000000e+00 -1 -1.0000 -1.000000e+00 -1.000000e+00 -1.000000e+00 -1.000000e+00 -1.000000e+00 -1.000000e+00  0  0.9100  5.891348e+13  0.000000e+00  0.000000e+00  2.968476e-01 -2.672429e+01  6.219759e+00  1  0.9100  1.910216e+11  0.000000e+00  0.000000e+00  2.653561e-01 -3.570329e+01  2.252634e-01  2  0.9100  1.243730e+01  0.000000e+00  0.000000e+00  2.603744e-01  6.113425e+01  0.000000e+00 
3  8.095993e+01  6.809025e+01  2.636000e+03  1.411009e+00 6  2.784523e-01  9.537214e+01 1  10.9969  6.069880e-01 -1.646317e+00  0  1.1840  3.270351e+12  0.000000e+00  0.000000e+00  3.291902e-01 -1.010342e+01  1.824040e+01  1  1.1840  8.889400e+10  0.000000e+00  0.000000e+00  5.098817e-01  1.394235e+01  1.207516e-01  2  1.1840  2.253865e+13  2.909493e+01 -2.792911e+01  1.727918e-01 -1.725674e+02  2.371756e+00  3  1.1840  1.389439e+11  2.909493e+01 -2.792911e+01  1.651001e-01 -1.688568e+02  9.743674e-02  4  1.1840  1.099690e+01  0.000000e+00  0.000000e+00  3.597859e-01 -1.523288e+02  0.000000e+00 
3  1.893851e+01  2.675642e+01  1.090000e+03  5.771632e-01 6 -1.000000e+00  2.794365e+01 1  13.9072  1.260078e-01 -1.534486e-01 -1 -1.0000 -1.000000e+00 -1.000000e+00 -1.000000e+00 -1.000000e+00 -1.000000e+00 -1.000000e+00 -1 -1.0000 -1.000000e+00 -1.000000e+00 -1.000000e+00 -1.000000e+00 -1.000000e+00 -1.000000e+00  0  1.7620  2.023065e+12  0.000000e+00  0.000000e+00  1.526556e-01 -6.907822e+01  3.253388e+00  1  1.7620  4.432572e+10  0.000000e+00  0.000000e+00  3.967803e-01 -7.823340e+01  5.139362e-02  2  1.7620  1.390720e+01  0.000000e+00  0.000000e+00  1.104022e-01  1.572077e+02  0.000000e+00 
1  1.287433e+03  2.378740e+03  3.637000e+03  5.610752e-01 0  3.022075e-01  2.378740e+03 2   3.7456 -6.745339e-01 -6.368666e-01  0  0.2420  3.439541e+11  0.000000e+00  0.000000e+00  2.277851e-01 -8.853529e+01  3.561221e+01  1  0.2420  1.342649e+10  0.000000e+00  0.000000e+00  5.281989e-01 -8.945006e+01  3.331233e-01  2  0.2420  2.531030e+12 -1.164731e+01 -1.034219e+01  1.669344e-01  1.647203e+02  7.557898e+00  3  0.2420  9.007572e+10 -1.164731e+01 -1.034219e+01  1.868839e-02  1.408664e+02  1.382229e+00  4  0.2420  3.745550e+00  0.000000e+00  0.000000e+00  7.183590e-02  1.605555e+02  0.000000e+00 
3  6.948763e+01  6.043781e+01  2.009000e+03  3.882955e-01 6 -1.000000e+00  1.153903e+02 1   6.5912 -1.691958e-01  9.051190e-03 -1 -1.0000 -1.000000e+00 -1.000000e+00 -1.000000e+00 -1.000000e+00 -1.000000e+00 -1.000000e+00 -1 -1.0000 -1.000000e+00 -1.000000e+00 -1.000000e+00 -1.000000e+00 -1.000000e+00 -1.000000e+00  0  0.3450  4.353901e+11  0.000000e+00  0.000000e+00  3.008793e-01 -9.924500e+01  9.111765e+00  1  0.3450  1.899720e+10  0.000000e+00  0.000000e+00  1.625056e-01 -1.068759e+02  1.753033e-01  2  0.3450  6.591230e+00  0.000000e+00  0.000000e+00  5.615331e-02 -1.423116e+02  0.000000e+00 
3  7.698908e+01  4.610957e+01  3.124000e+03  1.129578e+00 6 -1.000000e+00  1.175581e+02 1  11.3419 -5.249965e-01  3.192893e-01 -1 -1.0000 -1.000000e+00 -1.000000e+00 -1.000000e+00 -1.000000e+00 -1.000000e+00 -1.000000e+00 -1 -1.0000 -1.000000e+00 -1.000000e+00 -1.000000e+00 -1.000000e+00 -1.000000e+00 -1.000000e+00  0  0.9000  9.911361e+12  0.000000e+00  0.000000e+00  1.302550e-01  2.511037e+01  4.763284e+00  1  0.9000  1.428247e+11  0.000000e+00  0.000000e+00  3.124188e-01  4.378426e+01  1.680161e-01  2  0.9000  1.134190e+01  0.000000e+00  0.000000e+00  2.311570e-01 -1.555942e+02  0.000000e+00 
1  6.733124e+01  1.606351e+02  3.582000e+03  1.354414e+00 0  2.847086e-01  1.606351e+02 2  13.2350  1.870680e+00 -3.162467e+00  0  1.0920  1.648216e+12  0.000000e+00  0.000000e+00  2.733452e-01 -1.564692e+00  2.639980e+01  1  1.0920  4.328754e+10  0.000000e+00  0.000000e+00  5.049238e-01 -1.374648e+01  5.459647e-02  2  1.0920  1.724586e+13  5.768494e+00 -5.887477e+00  1.110910e-01  1.055172e+02  3.305486e+00  3  1.0920  1.044046e+11  5.768494e+00 -5.887477e+00  2.258775e-01  1.026350e+02  3.711971e-01  4  1.0920  1.323500e+01  0.000000e+00  0.000000e+00  1.910544e-01 -1.715658e+02  0.000000e+00 
3  1.291134e+02  1.722619e+02  4.291000e+03  1.269870e-01 6 -1.000000e+00  2.020025e+02 1  12.0743  2.584927e-02 -4.418081e-02 -1 -1.0000 -1.000000e+00 -1.000000e+00 -1.000000e+00 -1.000000e+00 -1.000000e+00 -1.000000e+00 -1 -1.0000 -1.000000e+00 -1.000000e+00 -1.000000e+00 -1.000000e+00 -1.000000e+00 -1.000000e+00  0  1.9900  4.764715e+11  0.000000e+00  0.000000e+00  3.708986e-01 -8.461132e+01  3.928549e+00  1  1.9900  4.450945e+09  0.000000e+00  0.000000e+00  6.046438e-02 -1.202357e+02  4.265105e-02  2  1.9900  1.207430e+01  0.000000e+00  0.000000e+00  3.381816e-02 -4.767002e+01  0.000000e+00 
2  2.546371e+02  1.360267e+02  7.547000e+03  5.147479e-01 6 -1.000000e+00  3.655908e+02 1  15.4605  3.869435e-01  9.024346e-02 -1 -1.0000 -1.000000e+00 -1.000000e+00 -1.000000e+00 -1.000000e+00 -1.000000e+00 -1.000000e+00 -1 -1.0000 -1.000000e+00 -1.000000e+00 -1.000000e+00 -1.000000e+00 -1.000000e+00 -1.000000e+00  0  2.8460  1.428816e+12  0.000000e+00  0.000000e+00  1.539185e-02 -1.075248e+02  6.182775e+00  1  2.8460  2.996083e+10  0.000000e+00  0.000000e+00  5.457089e-02 -7.767441e+01  1.668012e-02  2  2.8460  1.546050e+01  0.000000e+00  0.000000e+00  1.027375e-01  2.947674e+01  0.000000e+00 
