# num_image x_src y_src, sep, ein, fr, zs, fs, flag_out, frac_sh_trunc
# x_img, y_img, mag, delay, n_i, kappa, gamma1, gamma2, kappa*
# zmin, zmax, log10Mhmin, log10Mhmax, log10mshmin, log10mshmax, n_bins: 0.10, 3.00, 10.00, 16.00, 9.00, 16.00, 100
1  4.567848e+00  3.404624e+00  0.000000e+00  8.475797e+00  0.000000e+00  3.794961e+00 0 2 -1.000000e+00
 1.166641e+01  9.320594e+00  3.940511e+00  0.000000e+00  0.000000e+00  4.510671e-01  8.810990e-03 -2.178889e-01  1.745186e-03
3 -8.265945e-02  2.206111e-01  5.644707e-01  2.661552e-01  1.440952e-01  1.327651e+00 6 1 -1.000000e+00
-1.680273e-01  4.012558e-01  1.727282e+00  0.000000e+00  0.000000e+00  1.496398e-01  2.749025e-01  2.619099e-01  3.120806e-02
 4.158776e-02 -1.228517e-01 -2.488931e-01  2.128345e+01  5.000000e-01  8.197610e-01  1.582182e+00  1.243775e+00  6.315127e-01
 1.499589e-03 -4.412548e-03  7.200892e-04  2.389745e+01  1.000000e+00  3.956158e+01  8.340411e+00  5.358723e+00  3.917780e+01
1  5.612390e+00 -5.237191e-01  0.000000e+00  1.219917e+00  0.000000e+00  4.130664e+00 0 2  2.840592e-01
 2.454533e+00  1.277883e+00  3.042112e+00  0.000000e+00  0.000000e+00  3.143869e-01 -3.289132e-01 -1.821057e-01  3.660952e-03
3  3.512216e-01 -3.952732e-01  1.403251e+00  4.986293e-01  1.123153e-01  5.959286e+00 6 1 -1.000000e+00
 6.878613e-01 -9.301588e-01  1.903805e+00  0.000000e+00  0.000000e+00  2.587499e-01 -1.218742e-03  1.555199e-01  3.470692e-03
-9.426741e-04  1.440557e-03  1.664031e-05  1.667107e+02  1.000000e+00  2.529877e+02  4.641845e+01  3.532831e+01  2.515435e+02
-1.588159e-01  1.888813e-01 -2.138265e-01  1.423652e+02  5.000000e-01  7.759801e-01  1.733539e-01  2.167215e+00  2.505488e-01
1 -2.787665e-03 -2.183457e-02  0.000000e+00  5.077516e-02  0.000000e+00  3.820067e+00 0 2 -1.000000e+00
 2.349995e-03 -8.916849e-02  3.507431e+00  0.000000e+00  0.000000e+00  4.522086e-01  1.198959e-01 -2.431941e-02  4.971813e-02
3 -1.033285e+00  8.961755e-01  7.102036e-01  2.872301e-01  1.914610e-01  2.482743e+00 6 1  2.794264e-01
-5.803490e-01  8.230949e-02  1.828081e+00  0.000000e+00  0.000000e+00  2.412163e-01 -1.693756e-01 -6.556370e-03  1.363188e-02
 1.276581e-01  2.649616e-02 -3.500062e-01  7.641601e+01  5.000000e-01  1.085339e+00 -1.559276e+00 -6.580514e-01  6.239468e-01
 9.397261e-03  1.584619e-03  3.473861e-03  8.044339e+01  1.000000e+00  1.879227e+01 -4.452172e+00 -2.979764e+00  1.792696e+01
1  4.883004e-01 -3.890388e+00  0.000000e+00  7.900128e-01  0.000000e+00  3.888427e+00 0 2  2.628799e-01
-8.133811e-01  1.721788e+00  3.483640e+00  0.000000e+00  0.000000e+00  3.887331e-01  9.757637e-02  2.776149e-01  1.259166e-03
3  2.579380e-01  3.412359e-01  1.452490e+00  5.900286e-01  3.134122e-01  5.674572e+00 6 1 -1.000000e+00
-1.785307e-01 -3.719722e-01 -5.617879e-01  3.713828e+01  5.000000e-01  6.584433e-01  7.999504e-01 -1.121058e+00  4.039598e-01
 7.533780e-01  7.421521e-01  1.792489e+00  0.000000e+00  0.000000e+00  1.883659e-01  1.046791e-02 -3.174220e-01  2.948805e-02
-4.335301e-03 -8.189921e-03  7.628563e-04  4.503117e+01  1.000000e+00  3.867122e+01  8.918955e+00 -5.358183e+00  3.804441e+01
1 -3.582829e-02  5.137808e-01  0.000000e+00  3.527996e-01  0.000000e+00  3.407756e+00 0 2 -1.000000e+00
 9.156162e-02  9.505192e-01  3.886974e+00  0.000000e+00  0.000000e+00  3.350363e-01  4.236322e-01 -7.377665e-02  1.057487e-01
3 -2.993272e-01  7.569825e-01  1.796694e+00  6.866327e-01  1.075606e-01  5.216502e+00 6 1 -1.000000e+00
-6.856704e-01  1.366260e+00  1.378556e+00  0.000000e+00  0.000000e+00  1.345481e-01  1.138270e-01  1.032157e-01  4.418788e-03
 7.481083e-02 -2.615544e-01 -1.482782e-01  1.142364e+02  5.000000e-01  9.958378e-01  2.155356e+00  1.448633e+00  5.292142e-01
 1.620629e-03 -6.067884e-03  1.118478e-04  1.236018e+02  1.000000e+00  9.897141e+01  2.509475e+01  5.284692e+00  9.759324e+01
3 -7.703096e-03  7.203308e-01  1.904349e+00  7.324077e-01  2.646224e-02  5.459732e+00 6 2 -1.000000e+00
 7.811047e-01  1.309877e+00  5.894629e+00  0.000000e+00  0.000000e+00  4.033170e-01  3.602705e-01 -2.378862e-01  3.526577e-03
 4.215274e-02 -4.452567e-01 -1.559851e-01  1.940868e+02  5.000000e-01  1.106111e+00  2.529072e+00  1.610127e-01  4.718016e-01
 6.630712e-04 -3.120872e-03  1.434724e-05  2.458860e+02  1.000000e+00  3.110738e+02  1.345482e+02  9.133839e+01  3.093880e+02
3  1.897065e-01 -2.446911e-01  1.406015e+00  7.729829e-01  3.134569e-01  7.266045e+00 6 1 -1.000000e+00
 1.761819e-01 -1.040623e+00  2.023472e+00  0.000000e+00  0.000000e+00  2.485047e-01  1.552924e-01  2.154746e-01  1.153075e-02
-3.683857e-01  2.556506e-01 -6.342711e-01  7.456990e+01  5.000000e-01  5.320344e-01 -5.360328e-01  1.228118e+00  1.352167e-01
-1.027554e-03  1.172071e-03  4.278360e-05  1.123489e+02  1.000000e+00  1.544569e+02 -7.102069e+00  1.118622e+01  1.531015e+02
3  5.670543e-02 -2.095279e-01  8.993552e-01  5.105433e-01  2.221767e-01  4.980009e+00 6 1 -1.000000e+00
-1.674776e-01 -6.464739e-01  2.468101e+00  0.000000e+00  0.000000e+00  2.729394e-01  3.503305e-01 -2.675591e-02  2.473925e-02
-1.357881e-01  2.523229e-01 -5.483546e-01  5.223544e+01  5.000000e-01  7.010429e-01  7.768179e-01  1.144363e+00  3.224270e-01
-1.442953e-03  3.511443e-03  4.441650e-04  6.887212e+01  1.000000e+00  5.001084e+01  4.833626e+00  1.128199e+01  4.907075e+01
3 -5.440133e-02  1.720304e-01  6.680481e-01  3.311002e-01  2.706258e-01  5.402268e+00 6 1 -1.000000e+00
 2.884441e-02  5.235867e-01  1.745406e+00  0.000000e+00  0.000000e+00  2.246304e-01  1.426420e-01  8.898728e-02  1.583897e-02
 9.881861e-02 -1.407866e-01 -4.723520e-01  3.457341e+01  5.000000e-01  8.102701e-01  4.453484e-01  1.398116e+00  4.558768e-01
 1.950251e-03 -3.792039e-03  8.630738e-04  4.038965e+01  1.000000e+00  3.684157e+01  2.667898e+00  1.090188e+01  3.601543e+01
1  1.402841e-01 -8.855016e-02  0.000000e+00  1.669655e-01  0.000000e+00  1.705004e+01 0 2 -1.000000e+00
 2.824694e-01 -9.675268e-02  3.510665e+00  0.000000e+00  0.000000e+00  3.427087e-01 -1.941752e-01  3.308799e-01  1.332730e-02
3  1.126056e+00  1.169051e-01  9.604891e-01  4.090814e-01  1.663267e-02  3.738223e+00 6 2  2.718735e-01
 8.521606e-01  2.593561e-02  3.092978e+00  0.000000e+00  0.000000e+00  3.286656e-01 -3.506112e-01 -6.669845e-02  3.868314e-03
-1.083113e-01  2.019299e-02 -5.144449e-02  2.172553e+02  5.000000e-01  2.069036e+00 -4.494366e+00  6.180175e-01  1.474447e+00
-6.001316e-03  1.872456e-03  1.892362e-04  2.256942e+02  1.000000e+00  8.866946e+01 -3.255346e+01  3.663068e+01  8.761283e+01
1  6.814471e+00 -1.404352e+00  0.000000e+00  5.426506e+00  0.000000e+00  5.196973e+00 0 2 -1.000000e+00
 1.355186e+01 -4.472028e-01  3.706160e+00  0.000000e+00  0.000000e+00  4.256890e-01 -2.366362e-01  6.336716e-02  4.160441e-04
3  7.468412e-02  3.164371e-01  1.435101e+00  7.031122e-01  4.342612e-01  8.145174e+00 6 1 -1.000000e+00
-5.750737e-02 -4.621670e-01 -1.040996e+00  4.034051e+01  5.000000e-01  5.507544e-01  1.036212e+00 -2.978338e-01  2.663306e-01
 2.982771e-01  9.281328e-01  2.397166e+00  0.000000e+00  0.000000e+00  2.522041e-01  3.108628e-01 -2.130813e-01  3.964891e-02
-1.045963e-03 -6.877091e-03  7.714303e-04  5.402083e+01  1.000000e+00  3.757314e+01  6.406501e+00  5.081960e-01  3.686891e+01
3 -6.774949e-01 -1.020994e+00  5.342658e-01  2.374448e-01  2.006931e-01  2.677454e+00 6 1  3.017737e-01
 2.826032e-01 -3.265816e-01  1.547413e+00  0.000000e+00  0.000000e+00  1.741055e-01  4.995050e-02  1.826658e-01  4.291660e-03
-6.960485e-02  7.515143e-02 -3.105551e-01  1.826863e+01  5.000000e-01  5.683667e-01  2.430672e-01  1.829554e+00  2.219404e-01
-1.124631e-03  1.086878e-03  1.536593e-04  2.073333e+01  1.000000e+00  8.211327e+01 -8.125950e+00 -2.329702e+00  8.120673e+01
3 -1.112337e-01  6.878588e-02  4.784515e-01  1.985660e-01  3.408947e-01  3.032813e+00 6 1 -1.000000e+00
 9.468339e-02 -6.341220e-02 -7.836335e-01  1.035454e+01  5.000000e-01  9.082901e-01 -5.689183e-01  9.802293e-01  4.141611e-01
-2.745739e-01  2.408327e-01  2.298755e+00  0.000000e+00  0.000000e+00  2.853033e-01 -1.392409e-01  2.374557e-01  2.730587e-02
 5.054701e-03 -3.900657e-03  4.278267e-03  1.128773e+01  1.000000e+00  1.737135e+01 -5.180079e-01  5.832092e+00  1.621124e+01
1  7.645220e+00  4.385695e+00  0.000000e+00  2.093074e+00  0.000000e+00  4.524963e+00 0 2  2.729116e-01
 4.858528e+00  5.412943e-02  4.489053e+00  0.000000e+00  0.000000e+00  4.473625e-01 -2.156051e-01 -1.901539e-01  1.224895e-03
3  7.858516e-02  2.531769e-01  4.710024e-01  2.441498e-01  1.976604e-01  3.038589e+00 6 3  2.765874e-01
-3.204904e-01  8.099905e-03  3.539339e+00  0.000000e+00  0.000000e+00  3.180943e-01 -4.257014e-01 -3.514434e-02  3.502642e-02
 1.410930e-01  1.018232e-01 -6.995872e-01  1.139176e+01  5.000000e-01  7.796922e-01 -4.111793e-01 -1.144064e+00  3.879805e-01
 1.712542e-03  1.130372e-03  5.012600e-04  1.654198e+01  1.000000e+00  5.024589e+01 -4.698441e+00 -2.020171e+01  4.905877e+01
3 -2.694538e-02  1.726657e-01  7.407062e-01  3.900104e-01  2.273990e-01  4.817071e+00 6 1 -1.000000e+00
 8.396139e-02 -2.033655e-01 -4.712410e-01  2.926459e+01  5.000000e-01  6.093326e-01  9.964170e-01  1.132180e+00  1.279692e-01
 2.217070e-01  5.244201e-01  2.072309e+00  0.000000e+00  0.000000e+00  2.660198e-01  2.348772e-01 -3.172203e-02  7.956898e-03
 1.192883e-04 -5.543025e-04  1.601122e-05  4.369304e+01  1.000000e+00  2.526631e+02  1.924737e+01  2.253064e+01  2.509109e+02
1 -5.295834e-02 -3.409982e-01  0.000000e+00  7.962922e-02  0.000000e+00  3.734299e+00 0 2  2.894329e-01
-3.204791e-04 -1.871475e-01  3.164063e+00  0.000000e+00  0.000000e+00  3.738352e-01  2.574041e-01  9.887448e-02  5.340787e-03
3 -5.037952e-01 -1.537698e-01  1.406276e+00  5.877705e-01  8.043537e-02  9.076068e+00 6 2 -1.000000e+00
-1.097061e+00 -3.978188e-01  3.341072e+00  0.000000e+00  0.000000e+00  3.587087e-01 -2.738095e-01 -1.922958e-01  5.681381e-03
 2.237735e-01  8.488947e-02 -2.687403e-01  1.568662e+02  5.000000e-01  1.114487e+00 -1.586086e+00 -1.103857e+00  3.779767e-01
 7.926335e-03  4.029201e-03  6.551277e-04  1.678495e+02  1.000000e+00  4.151817e+01 -1.742362e+00 -1.059556e+01  3.994080e+01
3  6.711826e-02 -1.004523e-02  3.603500e-01  1.719576e-01  6.002423e-01  3.551814e+00 6 1 -1.000000e+00
 2.344725e-01 -5.489638e-02  2.745938e+00  0.000000e+00  0.000000e+00  2.980499e-01 -3.251921e-01  1.510288e-01  4.919972e-02
-1.204535e-01  7.390125e-03 -1.648228e+00  2.750378e+01  5.000000e-01  6.148656e-01 -8.648866e-01  8.373685e-02  2.585953e-01
-2.358418e-03  3.331861e-04  1.922344e-03  3.617531e+01  1.000000e+00  2.435729e+01 -4.883294e+00  1.232187e+00  2.337867e+01
3  6.686055e-01  2.188686e-01  8.311031e-01  3.667231e-01  2.503770e-01  5.873732e+00 6 3  2.701003e-01
-1.888095e-01 -1.225377e-01 -7.681233e-01  8.935000e+01  5.000000e-01  7.010744e-01 -4.441488e-01 -1.092686e+00  7.183978e-02
 6.422494e-01 -1.311032e-01  3.067867e+00  0.000000e+00  0.000000e+00  4.052945e-01 -1.341799e-01 -9.854418e-02  2.048032e-03
-3.998865e-04 -2.390402e-04  1.258822e-05  1.266401e+02  1.000000e+00  2.899615e+02  2.873824e+01 -5.686440e+01  2.873721e+02
3  1.139942e+00  1.161131e-01  2.646762e+00  1.325401e+00  5.100135e-02  9.618451e+00 6 2 -1.000000e+00
 2.096047e+00  3.108627e-01  3.109734e+00  0.000000e+00  0.000000e+00  2.996030e-01 -3.942777e-01 -1.163190e-01  8.923291e-03
-5.297360e-01 -2.172179e-02 -1.586006e-01  1.032390e+02  5.000000e-01  9.466022e-01 -2.485296e+00 -3.623523e-01  4.144006e-01
-6.594692e-03  1.081858e-04  5.015269e-05  1.201657e+02  1.000000e+00  1.476011e+02 -3.704403e+01  1.343547e+01  1.462797e+02
1  7.729462e-01  7.907227e-01  0.000000e+00  2.199330e+00  0.000000e+00  1.231207e+01 0 2 -1.000000e+00
 9.168117e-01  2.897102e+00  5.730368e+00  0.000000e+00  0.000000e+00  4.512195e-01  2.281011e-01 -2.731686e-01  3.109020e-02
3 -5.184356e+00 -1.598336e+00  3.546323e+00  1.669475e+00  2.164854e-01  3.847241e+00 6 1  3.051610e-01
 3.992046e-01 -5.696563e-01 -6.264417e-01  1.672366e+02  5.000000e-01  1.420267e+00  5.712035e-01  1.202775e+00  3.210025e-01
-2.351542e+00  1.668602e+00  2.893691e+00  0.000000e+00  0.000000e+00  3.699308e-01 -6.485604e-02  2.172588e-01  6.876525e-03
 2.178608e-02 -2.581381e-02  1.878034e-03  1.764500e+02  1.000000e+00  2.846002e+01  2.822332e+00  1.461559e+01  2.533352e+01
3  1.205473e-01 -4.149502e-01  1.237753e+00  5.620991e-01  1.095270e-01  4.084424e+00 6 1 -1.000000e+00
 2.939784e-01 -8.483603e-01  2.620804e+00  0.000000e+00  0.000000e+00  2.132498e-01  3.978060e-01  2.813608e-01  4.265817e-02
-9.407411e-02  3.269894e-01 -2.870488e-01  4.173222e+01  5.000000e-01  7.738252e-01  1.607982e+00  9.743090e-01  5.002223e-01
-1.608327e-03  5.339619e-03  2.100348e-04  5.184175e+01  1.000000e+00  7.389995e+01  1.935412e+01  1.336807e+01  7.316257e+01
3 -1.652623e-01 -1.604538e-01  6.020700e-01  3.117275e-01  2.648046e-01  1.401104e+00 6 1 -1.000000e+00
-3.206746e-01 -3.436665e-01  1.640859e+00  0.000000e+00  0.000000e+00  1.524180e-01  2.294873e-02 -3.292899e-01  4.084547e-02
 1.047896e-01  8.232467e-02 -4.345070e-01  5.377696e+01  5.000000e-01  9.237792e-01 -2.768681e-01 -1.493524e+00  7.495033e-01
 9.675023e-03  7.710532e-03  7.304212e-03  5.692105e+01  1.000000e+00  1.320636e+01 -1.539487e+00 -3.117355e+00  1.291368e+01
5 -9.439096e-04  1.055202e-02  1.912153e-01  8.631792e-02  1.000000e+00  4.053652e+00 6 3 -1.000000e+00
 5.362841e-02 -5.183091e-02 -5.188957e+00  4.462348e-01  5.000000e-01  7.375420e-01 -1.320647e-01  4.941256e-01  4.662790e-01
 1.322747e-02  1.150918e-01  4.144057e+00  0.000000e+00  0.000000e+00  4.555589e-01  2.240633e-01 -7.001660e-02  2.326883e-01
-5.616194e-02 -6.308907e-02  4.553619e+01  3.620231e-01  0.000000e+00  5.867760e-01 -6.965475e-02 -3.793965e-01  3.401142e-01
-6.505717e-02 -5.026818e-02 -4.278955e+01  3.622271e-01  5.000000e-01  5.990407e-01 -2.154351e-01 -3.711149e-01  3.483046e-01
 3.410809e-04 -2.239349e-03  6.219681e-02  6.542918e-01  1.000000e+00  5.099786e+00  7.200966e-01  4.601171e-01  4.571211e+00
3 -9.725613e-01 -3.269684e-01  2.027956e+00  1.033204e+00  1.849545e-02  7.959643e+00 6 2 -1.000000e+00
-1.785477e+00 -1.302969e-01  3.334022e+00  0.000000e+00  0.000000e+00  3.435026e-01 -3.078524e-01 -1.904670e-01  5.221828e-03
 7.002826e-03  1.590541e-03  7.664011e-05  2.985541e+02  1.000000e+00  1.238272e+02 -4.328507e+01 -1.284227e+01  1.222386e+02
 2.326698e-01  6.892035e-02 -6.166425e-02  2.818530e+02  5.000000e-01  1.762575e+00 -3.241147e+00 -2.508653e+00  9.832515e-01
2  3.172718e+00  1.429323e+00  2.761413e+00  1.021535e+00  5.663447e-03  8.786308e+00 6 2  2.772414e-01
 2.592559e+00 -3.173347e-01  3.068648e+00  0.000000e+00  0.000000e+00  3.880577e-01 -2.169237e-01 -3.925649e-02  2.930438e-04
-1.509488e-01 -3.387835e-03 -1.737912e-02  5.676073e+02  5.000000e-01  2.268036e+00 -7.688875e+00 -1.715330e-01  1.006349e+00
5 -4.394911e-02  1.563883e-02  4.665828e-01  1.717427e-01  1.000000e+00  5.643469e+00 6 3 -1.000000e+00
 1.023807e-01 -1.128028e-01 -9.467272e-01  1.125286e+01  5.000000e-01  5.578892e-01  1.047408e-01  1.113895e+00  9.072193e-02
-2.730472e-01 -7.906116e-02  2.244830e+00  0.000000e+00  0.000000e+00  2.952183e-01 -2.244671e-01 -2.939030e-02  1.232180e-02
 1.033268e-01  1.966961e-01  6.861644e+00  6.346619e+00  0.000000e+00  3.934867e-01  3.592643e-01 -3.050408e-01  5.582710e-02
 2.420005e-02  2.093705e-01 -6.050281e+00  6.411410e+00  5.000000e-01  4.551196e-01  6.795805e-01  1.861623e-02  8.052881e-02
 1.844714e-04 -8.960145e-05  3.491308e-05  2.188888e+01  1.000000e+00  1.713649e+02  1.757515e+01  8.529128e+00  1.697226e+02
1 -8.026248e-01  3.528541e-02  0.000000e+00  3.229797e-01  0.000000e+00  4.146911e+00 0 2  2.944267e-01
-3.585873e-01 -4.529229e-01  3.008098e+00  0.000000e+00  0.000000e+00  3.512725e-01  2.243787e-02 -2.964927e-01  2.892197e-02
3 -1.390613e+00 -5.763331e-01  1.081533e+00  5.551188e-01  4.375461e-01  1.932648e+00 6 1  3.073088e-01
 5.390296e-01 -6.844061e-01  1.950625e+00  0.000000e+00  0.000000e+00  2.207148e-01 -1.912586e-02  3.070235e-01  4.653139e-03
-2.048357e-01  1.006919e-01 -8.534885e-01  5.798225e+01  5.000000e-01  1.102289e+00 -6.988652e-01  8.328941e-01  1.597761e-01
-1.822641e-02  1.106622e-02  1.481030e-02  6.019201e+01  1.000000e+00  9.594994e+00 -1.673769e+00  1.884631e+00  6.410680e+00
3  3.954434e-01 -8.438315e-01  2.034067e+00  9.237830e-01  1.923615e-02  1.121084e+01 6 2 -1.000000e+00
 1.935102e-01 -1.817725e+00  3.550359e+00  0.000000e+00  0.000000e+00  3.854292e-01  2.566581e-01  1.736726e-01  2.899111e-03
-1.210241e-02  1.527535e-02  5.726435e-04  3.964834e+02  1.000000e+00  5.382727e+01  3.432913e+00  3.213484e+01  5.240797e+01
-1.337179e-01  1.898475e-01 -6.829524e-02  3.859916e+02  5.000000e-01  2.700885e+00  1.933797e+00  3.714263e+00  1.836204e+00
3 -1.175590e-01  3.436272e-01  6.536529e-01  2.801707e-01  3.569946e-01  1.014305e+01 6 1  2.719232e-01
 4.935715e-01 -1.006402e-01  2.567237e+00  0.000000e+00  0.000000e+00  3.605454e-01 -6.198701e-02  1.246434e-01  1.700514e-03
-9.083755e-02  1.921536e-01 -9.164897e-01  2.496340e+01  5.000000e-01  6.283857e-01  7.722101e-01  7.955554e-01  3.534527e-02
-5.763531e-05  8.177705e-05  1.778330e-06  4.462034e+01  1.000000e+00  7.685820e+02  1.566724e+02 -4.806785e+01  7.657273e+02
4 -1.773291e-01 -6.367605e-02  2.192381e+00  9.043911e-01  1.000000e+00  1.014165e+01 6 3 -1.000000e+00
 2.747230e-02 -1.178260e+00  3.280534e+00  5.812169e+00  0.000000e+00  4.032127e-01  2.036353e-01 -9.929401e-02  7.395858e-03
-8.103098e-01 -4.087252e-01 -3.086190e+00  3.367497e+01  5.000000e-01  5.109126e-01 -4.913026e-01 -5.673203e-01  1.606120e-02
 5.769179e-01  2.471583e-01 -8.400564e-01  1.334872e+02  5.000000e-01  6.387016e-01 -8.096632e-01 -8.157072e-01  4.565083e-02
-7.882867e-01  8.567023e-01  3.130851e+00  0.000000e+00  0.000000e+00  3.699362e-01 -1.387143e-01  2.415300e-01  7.143200e-03
3 -1.680437e+00  2.147280e+00  1.722597e+00  7.706428e-01  1.869332e-01  1.663242e+00 6 1  3.090974e-01
 4.288452e-01  1.404248e+00  1.450856e+00  0.000000e+00  0.000000e+00  1.535926e-01  1.494666e-01 -6.940359e-02  1.279337e-02
-5.179777e-02 -2.499358e-01 -2.712132e-01  5.799417e+01  5.000000e-01  1.320728e+00  1.798645e+00 -7.449016e-01  9.041210e-01
-6.572330e-03 -2.915594e-02  4.744027e-03  5.944925e+01  1.000000e+00  1.677554e+01  5.650377e+00 -2.479830e+00  1.595239e+01
3 -5.260900e-01 -1.757929e-01  1.859721e+00  7.210304e-01  3.156893e-01  4.052898e+00 6 1 -1.000000e+00
-1.348724e+00 -7.215043e-01  1.784081e+00  0.000000e+00  0.000000e+00  2.444181e-01 -1.019023e-01  2.686157e-03  2.642178e-02
 3.132000e-01  1.131044e-01 -5.632153e-01  9.119880e+01  5.000000e-01  1.192919e+00 -1.149266e+00 -7.013736e-01  8.030843e-01
 3.828705e-02  1.650796e-02  1.174863e-02  9.413499e+01  1.000000e+00  1.144997e+01 -3.103550e+00 -3.801774e+00  1.081410e+01
3 -2.196121e-01 -9.121627e-02  7.318306e-01  3.485577e-01  3.104180e-01  2.118043e+00 6 1 -1.000000e+00
-4.961558e-01 -3.089225e-01  1.594180e+00  0.000000e+00  0.000000e+00  1.908866e-01 -9.039732e-02 -1.386038e-01  2.495543e-02
 1.553243e-01  2.446884e-02 -4.948622e-01  2.196574e+01  5.000000e-01  1.008213e+00 -1.350332e+00 -4.443379e-01  7.007301e-01
 1.242778e-02  2.950467e-03  6.159771e-03  2.328624e+01  1.000000e+00  1.464991e+01 -4.821560e+00 -8.538310e-01  1.410232e+01
3  1.297850e+00  7.287688e-02  1.761150e+00  8.008656e-01  9.727890e-01  2.357072e+00 6 1  2.956388e-01
 1.369635e-01 -3.361548e-01 -1.890584e+00  9.892013e+01  5.000000e-01  1.051485e+00  5.208610e-01  5.101878e-01  2.192100e-01
-5.347432e-01  1.291868e+00  1.839140e+00  0.000000e+00  0.000000e+00  2.452051e-01  1.093882e-01  1.183935e-01  8.332198e-03
 2.155140e-02 -5.233255e-02  5.410024e-02  1.012283e+02  1.000000e+00  5.768623e+00  1.478899e+00  1.438200e+00  3.646359e+00
3 -8.705205e-01  1.920733e-01  2.820487e+00  1.065452e+00  1.464644e-01  3.283980e+00 6 1 -1.000000e+00
-2.101122e+00  1.486801e+00  1.820394e+00  0.000000e+00  0.000000e+00  2.492724e-01 -1.138522e-01  3.602862e-02  1.615627e-03
 3.289501e-01  5.505471e-02 -2.666230e-01  3.211531e+02  5.000000e-01  1.646636e+00 -1.965782e+00 -5.517729e-01  7.286569e-01
 3.812820e-02  5.028619e-03  5.500556e-03  3.264289e+02  1.000000e+00  1.632328e+01 -5.793352e+00 -4.409113e+00  1.475730e+01
3  3.551243e-01  2.795995e+00  1.582160e+00  5.892707e-01  3.123231e-01  3.709640e+00 6 1  2.956087e-01
 1.314650e+00  3.339306e-02  1.737647e+00  0.000000e+00  0.000000e+00  2.281245e-01 -1.172984e-01  8.088191e-02  4.203056e-03
-2.643346e-01  1.335828e-01 -5.427072e-01  1.183643e+02  5.000000e-01  1.012794e+00 -7.432389e-01  1.135946e+00  3.027442e-01
-1.054584e-02  4.203303e-03  1.226476e-03  1.264222e+02  1.000000e+00  3.099297e+01 -4.218259e+00  8.151106e+00  2.881439e+01
3 -8.588627e-02 -3.442657e-02  3.387726e-01  1.695917e-01  5.421046e-01  2.644036e+00 6 1 -1.000000e+00
-2.362203e-01 -9.869687e-02  2.015921e+00  0.000000e+00  0.000000e+00  2.419303e-01 -1.592650e-01 -2.307666e-01  6.819937e-02
 8.243100e-02  1.631709e-02 -1.092840e+00  6.383827e+00  5.000000e-01  9.782230e-01 -8.503141e-01 -4.387334e-01  7.238658e-01
 1.171450e-02  2.617164e-03  4.098989e-02  6.673059e+00  1.000000e+00  6.338226e+00 -1.993107e+00 -3.576630e-01  5.942530e+00
1 -7.109840e-01 -7.229835e-01  0.000000e+00  2.606470e-01  0.000000e+00  8.839196e+00 0 2  3.053450e-01
-6.440866e-01  4.761766e-01  3.358332e+00  0.000000e+00  0.000000e+00  3.790609e-01 -9.202768e-02  2.816547e-01  6.157434e-04
3  4.632630e-03  6.548480e-02  2.068732e-01  8.844580e-02  2.084268e-01  8.571233e+00 6 1 -1.000000e+00
-2.130462e-03 -5.083841e-02 -4.151799e-01  2.127699e+00  5.000000e-01  7.708241e-01  1.568503e+00 -3.021861e-02  4.500646e-01
 3.247403e-02  1.531201e-01  1.991970e+00  0.000000e+00  0.000000e+00  2.437442e-01  2.607226e-01 -4.394352e-02  2.653437e-02
-1.084091e-04 -1.134463e-03  4.376063e-04  2.497088e+00  1.000000e+00  5.115680e+01  1.473998e+01 -3.643901e+00  5.047485e+01
3  2.323799e+00 -4.036491e-01  2.789220e+00  1.258729e+00  1.004796e-01  8.433105e+00 6 1  2.777787e-01
 1.548924e+00  2.140995e+00  2.282164e+00  0.000000e+00  0.000000e+00  3.113501e-01  1.813301e-01 -5.636972e-02  8.049360e-04
-4.666583e-02 -1.467636e-01 -2.293110e-01  4.759248e+02  5.000000e-01  3.060648e+00  2.308577e+00 -1.810423e+00  1.318951e+00
-1.583422e-02 -5.407507e-02  2.857562e-02  4.763429e+02  1.000000e+00  9.185239e+00  4.706128e+00 -3.139369e+00  6.768533e+00
3 -5.159365e-01  4.040024e-01  1.866955e+00  7.713331e-01  1.561906e-01  1.020718e+01 6 1 -1.000000e+00
-1.258596e+00  8.662845e-01  1.709687e+00  0.000000e+00  0.000000e+00  2.291235e-01  7.816806e-03  9.636990e-02  2.860071e-03
 2.692417e-01 -2.066718e-01 -2.670370e-01  2.130215e+02  5.000000e-01  7.137041e-01 -4.210557e-01  1.910360e+00  2.000880e-01
 1.148764e-03 -7.883811e-04  6.564484e-06  2.574528e+02  1.000000e+00  3.988130e+02 -4.505238e+01  6.237406e+01  3.971341e+02
3 -1.308602e-01  1.846106e-01  1.149355e+00  4.745044e-01  4.729700e-01  7.778563e+00 6 1 -1.000000e+00
 2.066857e-01 -2.413631e-01 -1.208007e+00  5.264950e+01  5.000000e-01  9.612778e-01  1.426727e-01  8.994186e-01  4.251367e-01
-4.626708e-01  6.929698e-01  2.554087e+00  0.000000e+00  0.000000e+00  3.461627e-01  9.344136e-02  1.650534e-01  4.003256e-02
 8.815502e-03 -1.067833e-02  3.990098e-03  5.969689e+01  1.000000e+00  1.935284e+01  1.140418e+00  9.214436e+00  1.799645e+01
3  1.422329e-01 -1.935628e-01  5.432292e-01  2.368835e-01  1.047900e-01  3.810356e+00 6 1  2.746183e-01
-6.869081e-02 -4.862333e-01  1.504586e+00  0.000000e+00  0.000000e+00  1.799510e-01  7.496446e-02 -4.718130e-02  7.412477e-03
 4.776608e-03  1.176255e-02  1.038515e-02  3.724053e+01  1.000000e+00  1.277198e+01  4.227071e+00 -4.941654e+00  1.194983e+01
 2.074146e-02  4.958363e-02 -1.576656e-01  3.700495e+01  5.000000e-01  2.268130e+00  2.012704e+00 -1.974769e+00  1.710024e+00
3 -2.791844e-02  4.952591e-02  4.640982e-01  2.299775e-01  4.915220e-01  6.384775e+00 6 1 -1.000000e+00
 1.463024e-01 -1.014478e-01 -1.132903e+00  9.818052e+00  5.000000e-01  5.677097e-01 -5.211601e-01  8.932834e-01  1.517932e-01
-2.196742e-02  3.310708e-01  2.304887e+00  0.000000e+00  0.000000e+00  3.150908e-01  1.758469e-01  6.570958e-02  2.123974e-02
 2.529405e-04 -3.954710e-04  7.252562e-05  1.791934e+01  1.000000e+00  1.223839e+02  8.164402e+00  2.965087e+01  1.209333e+02
2  5.009785e-01  2.071572e-01  2.034834e+00  1.017985e+00  1.194737e-01  5.309152e+00 6 3 -1.000000e+00
-3.503571e-01 -1.369036e-01 -5.516575e-01  3.627615e+02  5.000000e-01  1.060058e+00 -9.627454e-01 -9.431051e-01  9.932689e-02
 1.592635e+00  4.675236e-01  4.617399e+00  0.000000e+00  0.000000e+00  4.531728e-01 -2.002559e-01 -2.057801e-01  1.489826e-03
1 -2.792484e-01 -2.122202e-02  0.000000e+00  1.228432e-01  0.000000e+00  5.802211e+00 0 2  2.775344e-01
-2.122502e-01  1.830944e-01  3.765351e+00  0.000000e+00  0.000000e+00  4.212866e-01  5.910225e-02  2.565865e-01  1.784386e-03
1  6.215707e+00  6.001669e+00  0.000000e+00  3.162794e+00  0.000000e+00  8.270762e+00 0 2 -1.000000e+00
 8.189470e+00  8.418023e+00  3.486867e+00  0.000000e+00  0.000000e+00  3.507862e-01 -3.677572e-02 -3.651517e-01  2.491197e-03
1  2.428874e+00  2.082211e+00  0.000000e+00  2.871679e+00  0.000000e+00  5.079895e+00 0 2 -1.000000e+00
 4.715209e+00  6.400167e+00  5.642299e+00  0.000000e+00  0.000000e+00  5.093032e-01 -3.281037e-02 -2.499483e-01  1.672730e-03
3  1.431760e+00 -1.348390e+00  3.253131e+00  1.320839e+00  7.576768e-01  5.202000e+00 6 1  2.814086e-01
-1.934005e+00 -1.624169e+00  2.139378e+00  0.000000e+00  0.000000e+00  3.100162e-01 -6.101828e-02 -7.020600e-02  3.215987e-03
 2.783470e-01  7.608595e-01 -2.823603e+00  2.431031e+02  5.000000e-01  9.118383e-01  5.516333e-01 -2.400637e-01  1.061352e-01
 1.880528e-02  2.343359e-02  5.759209e-03  2.634710e+02  1.000000e+00  1.508680e+01  2.464767e+00 -4.327561e+00  1.252434e+01
3  2.078008e-01 -2.643786e-01  1.260568e+00  6.754106e-01  5.958306e-02  4.149145e+00 6 2 -1.000000e+00
 8.535539e-01 -3.556985e-01  5.990379e+00  0.000000e+00  0.000000e+00  4.081686e-01 -1.844189e-01  3.864192e-01  3.382799e-02
-2.341989e-01  2.813454e-01 -3.569251e-01  7.694982e+01  5.000000e-01  9.083382e-01  4.485565e-01  1.615211e+00  3.891509e-01
-2.633544e-03  2.775155e-03  1.243057e-04  1.019611e+02  1.000000e+00  9.922636e+01 -3.110822e+00  3.992570e+01  9.801654e+01
3  3.032345e-01  1.070042e-01  1.555080e+00  7.773734e-01  1.668401e-01  3.758720e+00 6 3 -1.000000e+00
-4.403644e-01 -1.944102e-01 -9.294154e-01  1.124410e+02  5.000000e-01  7.736840e-01 -7.544048e-01 -7.470190e-01  2.094158e-01
 1.014550e+00  3.546779e-01  5.570696e+00  0.000000e+00  0.000000e+00  4.154787e-01 -3.456355e-01 -2.066167e-01  2.511873e-02
-4.798260e-03 -2.076591e-03  3.340196e-04  1.491806e+02  1.000000e+00  5.825967e+01 -9.415820e+00 -1.400627e+01  5.671102e+01
3  6.858339e-03  1.516481e-01  3.830404e-01  1.916695e-01  4.321860e-01  5.261444e+00 6 1 -1.000000e+00
 5.159061e-02  3.407447e-01  1.591301e+00  0.000000e+00  0.000000e+00  2.007939e-01  1.012883e-01 -7.391898e-03  1.699823e-02
 4.312949e-03 -3.936692e-02 -6.877383e-01  1.408469e+01  5.000000e-01  2.128147e+00  1.605632e+00  3.856187e-01  1.736447e+00
 2.351099e-03 -2.395409e-02  2.826884e-01  1.409089e+01  1.000000e+00  3.705621e+00  1.869644e+00  5.360553e-01  3.267292e+00
3 -1.730315e-01  4.982819e-02  5.771553e-01  1.984463e-01  1.433406e-01  5.540814e+00 6 1 -1.000000e+00
-4.451103e-01  2.776734e-02  2.033072e+00  0.000000e+00  0.000000e+00  2.593801e-01 -2.217033e-01  8.659636e-02  4.068613e-03
 1.222118e-01 -7.831668e-02 -2.914218e-01  2.931099e+01  5.000000e-01  1.012087e+00 -1.016733e+00  1.548500e+00  5.729116e-01
 1.577466e-03 -1.158867e-03  7.219652e-05  3.550487e+01  1.000000e+00  1.565373e+02 -1.143687e+01  1.010444e+02  1.553020e+02
3  1.715538e-01 -6.926201e-02  5.088761e-01  1.840965e-01  1.848302e-01  6.279734e+00 6 1 -1.000000e+00
 3.432709e-01 -2.124046e-01  1.747515e+00  0.000000e+00  0.000000e+00  2.185451e-01 -1.381675e-01  1.390700e-01  4.271017e-03
-1.041868e-01  2.995158e-02 -3.229936e-01  4.244893e+01  5.000000e-01  5.447643e-01 -1.569097e+00  9.171758e-01  1.657991e-01
-7.179050e-04  2.713581e-04  4.202692e-05  5.163741e+01  1.000000e+00  1.553948e+02  1.874776e+00 -6.320689e+00  1.544226e+02
3 -8.741821e-01 -4.179549e-02  2.163866e+00  7.752623e-01  2.306206e-01  1.522610e+00 6 1 -1.000000e+00
-1.757692e+00 -5.000599e-02  1.572180e+00  0.000000e+00  0.000000e+00  1.739986e-01 -2.131363e-01 -2.813783e-02  1.497934e-02
 4.058551e-01 -1.287013e-02 -3.625770e-01  9.584848e+01  5.000000e-01  8.341663e-01 -1.667806e+00 -6.292471e-02  5.673842e-01
 2.823353e-02 -2.302103e-03  3.119114e-03  1.013649e+02  1.000000e+00  1.930729e+01 -3.081040e+00  2.249445e+00  1.883983e+01
3 -1.100453e-01 -1.709472e-01  1.298091e+00  5.539299e-01  3.428542e-01  4.619123e+00 6 1 -1.000000e+00
-6.535616e-01 -5.040970e-01  2.838346e+00  0.000000e+00  0.000000e+00  2.431885e-01 -9.246924e-02 -4.603209e-01  2.797136e-02
 1.829546e-01  4.885166e-01 -9.731390e-01  1.813642e+01  5.000000e-01  4.522864e-01  8.738189e-01 -7.510214e-01  1.703996e-01
 3.677555e-04  7.621974e-04  1.689014e-05  3.923666e+01  1.000000e+00  2.556801e+02  6.202182e+01 -4.253376e+01  2.545940e+02
3 -2.110109e-02  1.558822e+00  4.258820e+00  1.716773e+00  4.232307e-02  5.696879e+00 6 2 -1.000000e+00
-3.439515e-01  3.890556e+00  3.092745e+00  0.000000e+00  0.000000e+00  3.997985e-01  1.883352e-01  3.787203e-02  2.141836e-03
-5.855485e-02 -3.586904e-01 -1.308945e-01  4.453929e+02  5.000000e-01  2.463450e+00  3.079464e+00 -5.461969e-01  1.357576e+00
-1.301763e-02 -5.662080e-02  3.611511e-03  4.493102e+02  1.000000e+00  2.135423e+01  9.843738e+00 -6.364210e+00  1.968568e+01
3  4.254029e-01 -1.954785e+00  2.176701e+00  1.097671e+00  4.361868e-01  5.600432e+00 6 3  2.846125e-01
-5.316681e-01 -1.322709e+00  3.511454e+00  0.000000e+00  0.000000e+00  4.216276e-01  1.985678e-01 -1.015048e-01  5.316970e-03
-8.082697e-02  8.067911e-01 -8.050345e+00  7.508189e+01  5.000000e-01  5.961673e-01  4.998833e-01  1.934316e-01  2.403467e-02
 3.584041e-04  1.194832e-03  4.644284e-05  1.323360e+02  1.000000e+00  1.483593e+02  5.513623e+00 -1.234930e+01  1.450285e+02
1 -4.079817e-01  4.385929e-01  0.000000e+00  4.706283e-01  0.000000e+00  1.229642e+01 0 2  2.970504e-01
-4.915493e-01 -9.752529e-01  3.853032e+00  0.000000e+00  0.000000e+00  3.655347e-01  3.591429e-01 -1.184345e-01  6.600638e-04
3 -1.098588e-01 -1.959085e-01  6.537389e-01  2.745871e-01  1.610679e-01  8.156100e+00 6 1 -1.000000e+00
-2.054825e-01 -4.288155e-01  2.594663e+00  0.000000e+00  0.000000e+00  2.152079e-01  2.170337e-01 -4.282389e-01  2.555458e-02
 6.392591e-02  1.668301e-01 -4.179169e-01  2.507716e+01  5.000000e-01  6.197454e-01  9.511335e-01 -1.277794e+00  3.392598e-01
 9.687520e-04  3.820839e-03  5.671425e-04  3.024174e+01  1.000000e+00  4.503353e+01  1.296481e+01  2.764088e+00  4.439304e+01
3  4.886282e-01 -2.602635e-01  1.499538e+00  6.258667e-01  1.344211e-01  8.177190e+00 6 1 -1.000000e+00
 1.110732e+00 -4.831477e-01  1.846944e+00  0.000000e+00  0.000000e+00  2.390655e-01 -1.191632e-01  1.529268e-01  6.648392e-03
-2.494121e-01  1.482173e-01 -2.482683e-01  1.760164e+02  5.000000e-01  8.573886e-01 -9.319633e-01  1.783166e+00  3.344232e-01
-2.950829e-03  1.651887e-03  5.798465e-05  2.033500e+02  1.000000e+00  1.360938e+02 -1.475266e+01  2.804916e+01  1.345864e+02
5  2.181037e+00 -1.800492e+00  2.173319e+00  9.793598e-01  1.000000e+00  3.866514e+00 6 3  3.061384e-01
 4.607150e-01 -5.856466e-01 -1.643052e+00  2.326680e+01  5.000000e-01  6.785384e-01  2.274920e-01  8.125322e-01  5.236908e-02
-1.228493e+00 -2.519316e-01  3.618226e+00  0.000000e+00  0.000000e+00  4.027221e-01 -2.811667e-01 -3.616139e-02  1.395812e-02
-2.327209e-01  9.749945e-01 -6.265829e+00  7.941776e+00  5.000000e-01  5.067999e-01  5.266543e-01  3.542278e-01  3.004818e-02
 5.742076e-01  9.619822e-01  6.236581e+00  6.830069e+00  0.000000e+00  4.360515e-01  2.904003e-01 -2.708529e-01  2.889122e-02
 1.201779e-03 -1.139199e-03  1.813575e-04  4.466970e+01  1.000000e+00  7.550905e+01  3.607738e+00  4.961125e+00  7.148933e+01
3  1.112272e-01  4.161731e-01  8.909710e-01  4.919600e-01  1.038578e-01  4.499894e+00 6 1 -1.000000e+00
 1.688000e-01  7.158740e-01  1.820319e+00  0.000000e+00  0.000000e+00  1.815313e-01  2.993988e-01 -1.757761e-01  8.765020e-03
-3.688048e-02 -1.510313e-01 -1.890543e-01  4.223411e+01  5.000000e-01  8.733726e-01  2.000559e+00 -1.141614e+00  4.930194e-01
-1.384278e-03 -6.594149e-03  7.554578e-04  4.521869e+01  1.000000e+00  3.755952e+01  3.585155e+00  2.116675e-01  3.672745e+01
5 -8.539056e-02 -7.751337e-02  1.643091e+00  6.124195e-01  1.000000e+00  9.564343e+00 6 3 -1.000000e+00
 1.727600e-02 -9.440807e-01  2.753348e+00  0.000000e+00  0.000000e+00  3.785986e-01  1.298795e-01 -7.795452e-02  2.383863e-02
-6.211428e-01  6.129530e-02 -3.159202e+00  1.493267e+01  5.000000e-01  4.103875e-01 -8.147113e-01  2.059259e-02  5.335056e-02
 4.408119e-01  2.101200e-01 -1.069443e+00  3.009229e+01  5.000000e-01  5.320612e-01 -7.783819e-01 -7.403745e-01  1.100577e-01
-4.354181e-01  6.354179e-01  4.068764e+00  1.275858e+01  0.000000e+00  3.931644e-01 -8.594764e-02  3.392456e-01  3.599445e-02
 6.677872e-04  6.770851e-04  8.621154e-05  5.971823e+01  1.000000e+00  1.099437e+02  5.261277e+00 -1.554615e+01  1.081105e+02
3  1.590669e-01 -3.053171e-01  1.330073e+00  6.741646e-01  1.743468e-01  8.911505e+00 6 3 -1.000000e+00
 2.291609e-01 -9.437599e-01  3.207691e+00  0.000000e+00  0.000000e+00  3.245638e-01  3.244021e-01  1.980570e-01  1.527295e-02
-2.054975e-01  3.132868e-01 -5.592507e-01  7.715209e+01  5.000000e-01  8.254939e-01  4.800664e-01  1.260197e+00  1.963255e-01
-1.427931e-03  2.794504e-03  1.088148e-04  9.934143e+01  1.000000e+00  1.004395e+02  1.585030e+01  2.114371e+01  9.818317e+01
3 -1.590708e+00 -9.799188e-01  3.081374e+00  1.062272e+00  8.059322e-04  2.978303e+00 6 2 -1.000000e+00
-2.745124e+00 -1.310454e+00  3.689365e+00  0.000000e+00  0.000000e+00  4.052997e-01 -1.441278e-01 -2.486890e-01  2.270632e-04
 1.455074e-02  9.733321e-03  6.177925e-04  1.165667e+03  1.000000e+00  5.784852e+01 -1.533360e+01 -3.712100e+01  5.562272e+01
 3.328374e-02  2.195676e-02 -2.973378e-03  1.165405e+03  5.000000e-01  1.915418e+01 -1.073182e+01 -2.346743e+01  1.722641e+01
3 -2.072665e-01 -2.416695e-01  1.463129e+00  7.949640e-01  8.108211e-01  5.566997e+00 6 1 -1.000000e+00
-6.160648e-01 -8.915672e-01  1.985750e+00  0.000000e+00  0.000000e+00  2.654261e-01  9.493009e-02 -1.643135e-01  5.258273e-03
 3.809109e-01  1.793137e-01 -1.610088e+00  1.133441e+02  5.000000e-01  6.673619e-01 -5.141667e-01 -6.836409e-01  1.066247e-01
 4.209178e-03  3.033953e-03  7.302269e-04  1.388098e+02  1.000000e+00  3.903937e+01 -8.411752e+00  2.607434e+00  3.722093e+01
3  3.493741e-01  3.798659e-01  1.867091e+00  1.034015e+00  1.970261e-01  9.718715e+00 6 1 -1.000000e+00
-3.388363e-01 -3.450608e-01 -5.860879e-01  1.900769e+02  5.000000e-01  6.862371e-01  1.371405e-01 -1.336364e+00  9.703569e-02
 1.067886e+00  8.826050e-01  2.974672e+00  0.000000e+00  0.000000e+00  3.325875e-01  3.609698e-02 -3.285802e-01  5.388616e-03
-1.307209e-03 -1.084512e-03  1.821120e-05  2.539614e+02  1.000000e+00  2.383928e+02 -3.203837e+01 -2.043655e+01  2.361783e+02
2  2.652660e+00 -3.859952e+00  2.495648e+00  1.169962e+00  2.990027e-01  2.904897e+00 6 1  2.708432e-01
-9.835296e-01 -1.961627e+00  2.328290e+00  0.000000e+00  0.000000e+00  3.302670e-01  1.348688e-01 -2.920369e-02  2.618037e-04
 9.681575e-02  2.880655e-01 -6.961650e-01  5.713528e+02  5.000000e-01  1.244931e+00  1.045587e+00 -6.349638e-01  7.012288e-02
2  2.183003e-01  5.282063e-01  1.627016e+00  7.328358e-01  1.420556e-01  5.092380e+00 6 1 -1.000000e+00
 6.844856e-01  1.179323e+00  1.860188e+00  0.000000e+00  0.000000e+00  2.583548e-01  1.109222e-01 -1.240847e-02  2.665069e-04
-9.553782e-02 -2.485231e-01 -2.642502e-01  2.661576e+02  5.000000e-01  5.801149e-01  1.519546e+00 -1.285137e+00  3.174335e-02
3 -1.829080e-01  6.118570e-02  6.574005e-01  2.971065e-01  4.556790e-01  2.976826e+00 6 1 -1.000000e+00
 1.623146e-01 -1.017553e-03 -7.508313e-01  1.262685e+01  5.000000e-01  8.045332e-01 -1.155211e+00  1.885531e-01  4.946570e-01
-4.713605e-01  1.740004e-01  1.647720e+00  0.000000e+00  0.000000e+00  1.994249e-01 -1.046908e-01  1.518587e-01  1.932488e-02
 8.253954e-03 -1.903914e-04  3.384415e-03  1.390036e+01  1.000000e+00  1.977057e+01 -6.850903e+00 -3.150781e+00  1.912386e+01
3  3.557237e-01 -4.596933e-01  3.499121e-01  2.374032e-01  1.614634e-01  5.264598e+00 6 3  2.998959e-01
 2.362985e-01  1.716214e-01  4.409281e+00  0.000000e+00  0.000000e+00  3.378019e-01 -8.650083e-02 -4.519176e-01  2.935961e-02
-5.563705e-02 -2.128304e-02 -7.119375e-01  4.628888e+00  5.000000e-01  1.726276e+00 -9.059704e-01 -1.054188e+00  1.018814e+00
-2.156326e-02 -7.770172e-03  1.465795e-01  4.649357e+00  1.000000e+00  4.349888e+00 -1.737993e+00 -1.174262e+00  3.393426e+00
3 -6.102044e-01  2.872466e-01  1.825344e+00  5.734439e-01  1.751183e-01  2.988924e+00 6 1 -1.000000e+00
-1.337418e+00  6.428112e-01  1.641317e+00  0.000000e+00  0.000000e+00  2.116264e-01 -9.149045e-02  6.241520e-02  2.175461e-03
 3.003933e-01 -1.630756e-01 -2.874247e-01  1.485380e+02  5.000000e-01  5.546101e-01 -1.105183e+00  1.567200e+00  1.437791e-01
 1.323387e-03 -8.156548e-04  1.156810e-05  1.797046e+02  1.000000e+00  2.967613e+02  2.792431e+01  1.582305e+01  2.955781e+02
2  3.218963e-01 -9.328700e-01  3.085805e+00  1.331272e+00  1.185226e-01  3.853355e+00 6 1 -1.000000e+00
 9.304141e-01 -2.593410e+00  2.092769e+00  0.000000e+00  0.000000e+00  2.898690e-01  9.190546e-02  1.341775e-01  2.291608e-04
-7.928989e-02  3.225272e-01 -2.480404e-01  7.386398e+02  5.000000e-01  1.408009e+00  1.800376e+00  9.781204e-01  1.135372e-01
3  3.292326e-02 -2.010546e-01  1.027944e+00  5.358189e-01  3.933836e-01  3.985488e+00 6 1 -1.000000e+00
 3.879617e-01 -6.375348e-01  2.394073e+00  0.000000e+00  0.000000e+00  3.023874e-01  1.796167e-01  1.915801e-01  1.401147e-02
 6.638436e-02  3.388136e-01 -9.417890e-01  6.238539e+01  5.000000e-01  6.063385e-01  1.042993e+00 -3.590872e-01  1.763744e-01
 1.747132e-04  2.812267e-03  3.641827e-04  8.774328e+01  1.000000e+00  5.474150e+01  3.760845e+00 -1.131949e+01  5.358025e+01
3 -8.695659e-02 -2.753824e-01  1.176871e+00  5.185679e-01  6.150283e-01  6.522530e+00 6 1 -1.000000e+00
-1.079347e-01 -9.143449e-01  1.833104e+00  0.000000e+00  0.000000e+00  2.519549e-01  7.962958e-02 -8.779435e-02  1.026327e-02
 1.177687e-01  2.406801e-01 -1.127411e+00  7.739930e+01  5.000000e-01  7.769364e-01  4.527687e-01 -8.554215e-01  2.261672e-01
 2.406685e-03  8.778646e-03  2.087595e-03  8.570168e+01  1.000000e+00  2.344284e+01  4.523091e+00 -2.050040e+00  2.190689e+01
3 -2.121524e-01 -1.971242e-01  7.281320e-01  4.090050e-01  1.127844e-01  2.244575e+00 6 1 -1.000000e+00
-3.971363e-01 -3.840480e-01  1.922082e+00  0.000000e+00  0.000000e+00  2.027805e-01  6.425656e-04 -3.395430e-01  8.090225e-03
 4.924651e-04  3.085385e-04  5.056103e-06  1.271429e+02  1.000000e+00  4.648254e+02 -1.082663e+02 -7.504437e+01  4.640064e+02
 1.380713e-01  1.096413e-01 -2.167809e-01  9.345164e+01  5.000000e-01  5.234438e-01 -3.186590e-01 -2.176813e+00  2.256847e-01
3  6.313562e-02 -1.679232e-01  7.388903e-01  2.775231e-01  1.649836e-01  8.783824e+00 6 1 -1.000000e+00
 4.169305e-01 -3.406864e-01  2.149970e+00  0.000000e+00  0.000000e+00  2.577656e-01  5.738885e-02  2.872208e-01  1.877454e-02
-5.463325e-02  2.281602e-01 -3.547099e-01  3.672938e+01  5.000000e-01  7.376398e-01  1.588366e+00  6.042604e-01  3.879798e-01
-3.709999e-04  1.044044e-03  2.788242e-05  5.526503e+01  1.000000e+00  2.136544e+02  7.634580e+01  5.939957e+01  2.126310e+02
2  6.544403e-02 -5.100423e-01  1.665414e+00  6.841469e-01  9.824311e-02  8.359436e+00 6 2 -1.000000e+00
 3.197042e-01 -1.318376e+00  3.203358e+00  0.000000e+00  0.000000e+00  3.905602e-01  2.303762e-01  7.855705e-02  1.047863e-03
-1.968638e-02  3.120892e-01 -3.147079e-01  3.816263e+02  5.000000e-01  9.140524e-01  1.760211e+00  2.942711e-01  9.673676e-02
3  4.713920e-01 -2.181335e-01  1.647382e+00  7.529214e-01  2.151280e-01  1.990482e+00 6 1 -1.000000e+00
 1.158248e+00 -4.571203e-01  2.110476e+00  0.000000e+00  0.000000e+00  2.402945e-01 -2.459787e-01  2.069306e-01  5.304701e-02
-3.502078e-01  2.050184e-01 -4.540226e-01  6.594585e+01  5.000000e-01  1.019310e+00 -7.661543e-01  1.271186e+00  7.431488e-01
-2.229681e-02  1.263010e-02  3.744784e-03  7.211350e+01  1.000000e+00  1.890689e+01 -3.030262e+00  6.666038e+00  1.841693e+01
3 -3.080458e-01  1.801865e-01  1.015780e+00  4.408174e-01  3.810653e-01  4.208481e+00 6 1 -1.000000e+00
 2.111338e-01 -1.204359e-01 -6.164924e-01  2.409014e+01  5.000000e-01  7.039324e-01 -6.194071e-01  1.151552e+00  5.096143e-01
-6.777613e-01  3.711688e-01  1.617813e+00  0.000000e+00  0.000000e+00  1.498468e-01 -1.608048e-01  2.806845e-01  3.423503e-02
 1.386454e-02 -7.395137e-03  5.248157e-03  2.619119e+01  1.000000e+00  1.499328e+01 -1.597331e+00  1.648431e+00  1.460513e+01
1 -1.448967e-02  2.042953e-01  0.000000e+00  2.529148e-01  0.000000e+00  3.606458e+00 0 2 -1.000000e+00
-4.332344e-02  4.472544e-01  3.424786e+00  0.000000e+00  0.000000e+00  3.096226e-01  4.185766e-01  9.708462e-02  1.186357e-01
3  3.881963e-01  9.289834e-02  1.497317e+00  6.989473e-01  1.912676e-01  3.266037e+00 6 3 -1.000000e+00
-4.355564e-01 -1.250344e-01 -5.767301e-01  5.611949e+01  5.000000e-01  6.297196e-01 -1.234666e+00 -5.887459e-01  3.185444e-01
 9.779487e-01  3.688896e-01  3.015305e+00  0.000000e+00  0.000000e+00  2.812061e-01 -3.707529e-01 -2.180953e-01  4.094068e-02
-6.124080e-03 -2.305924e-03  3.925786e-04  7.341733e+01  1.000000e+00  5.325389e+01 -6.397979e+00 -1.192790e+01  5.258003e+01
1  3.332997e+00  1.544259e+00  0.000000e+00  2.668025e+00  0.000000e+00  1.014043e+01 0 2 -1.000000e+00
 4.644449e+00  4.386061e+00  3.103251e+00  0.000000e+00  0.000000e+00  3.671272e-01 -1.532943e-01 -2.340644e-01  6.773502e-04
3  2.175082e-01 -3.223465e-01  1.041699e+00  5.197788e-01  1.531179e-01  5.192206e+00 6 1 -1.000000e+00
 4.849056e-01 -6.839101e-01  1.952570e+00  0.000000e+00  0.000000e+00  2.325434e-01  1.214987e-01  2.491630e-01  5.214705e-03
-1.197407e-01  1.643467e-01 -2.989735e-01  5.264080e+01  5.000000e-01  8.549911e-01  6.266215e-01  1.724283e+00  2.557978e-01
-1.556651e-03  1.999083e-03  7.669374e-05  5.997802e+01  1.000000e+00  1.173553e+02 -6.390476e-01  2.234431e+01  1.153643e+02
3  1.830604e-01  2.248982e-01  1.348577e+00  7.771325e-01  1.525346e-01  8.465443e+00 6 3 -1.000000e+00
-2.531622e-01 -3.489593e-01 -6.241220e-01  6.753211e+01  5.000000e-01  6.665960e-01  5.009045e-01 -1.209340e+00  1.494892e-01
 9.572084e-01  2.457363e-01  4.091675e+00  0.000000e+00  0.000000e+00  3.822894e-01 -1.952183e-01 -3.147339e-01  2.163271e-02
-1.532586e-03 -1.629566e-03  8.922905e-05  9.985085e+01  1.000000e+00  1.082479e+02 -5.310783e+00 -1.633401e+01  1.067014e+02
1  6.737936e-02  7.233696e-02  0.000000e+00  1.929348e-02  0.000000e+00  3.974562e+00 0 2  2.838293e-01
-1.238700e-02  6.367106e-02  4.476081e+00  0.000000e+00  0.000000e+00  5.009586e-01  1.454428e-01  6.692522e-02  8.776336e-03
3 -3.758614e-02 -6.998466e-01  9.276698e-01  5.393159e-01  3.109797e-01  6.324149e+00 6 3  3.014812e-01
-4.152736e-01  7.445528e-02 -3.364151e+00  1.815911e+00  5.000000e-01  6.758914e-01 -5.991250e-01  2.082007e-01  4.384410e-01
 5.001669e-01  2.245889e-01  1.081791e+01  0.000000e+00  0.000000e+00  4.393215e-01 -2.966823e-01 -3.659244e-01  2.302622e-01
-7.407738e-03  8.348200e-04  1.588826e-02  3.292530e+00  1.000000e+00  9.214706e+00 -1.981228e+00  7.852290e-01  8.573044e+00
1  8.982566e-01  3.739277e+00  0.000000e+00  1.985634e+00  0.000000e+00  3.607026e+00 0 2 -1.000000e+00
 1.354607e+00  5.892977e+00  3.671765e+00  0.000000e+00  0.000000e+00  3.944337e-01  2.813128e-01 -1.233901e-01  3.124223e-03
3  8.463845e-01  7.545488e-01  3.404088e+00  1.600521e+00  2.500315e-01  1.943609e+00 6 1 -1.000000e+00
 2.002992e+00  2.232840e+00  2.413128e+00  0.000000e+00  0.000000e+00  3.343709e-01 -6.182880e-03 -1.691863e-01  1.563446e-02
-3.204034e-01 -2.550615e-01 -6.033582e-01  2.169254e+02  5.000000e-01  1.844178e+00 -4.096084e-01 -1.483997e+00  1.199823e+00
-1.262330e-01 -1.048345e-01  1.158395e-01  2.174798e+02  1.000000e+00  4.745567e+00 -5.388416e-01 -2.259710e+00  3.952505e+00
3 -2.803021e-01 -7.309239e-01  2.027125e+00  8.385042e-01  1.010845e-01  5.021039e+00 6 1 -1.000000e+00
-3.048409e-01 -1.684540e+00  1.824373e+00  0.000000e+00  0.000000e+00  2.462382e-01  1.011341e-01 -9.897135e-02  1.017903e-02
 1.197192e-02  1.893913e-02  1.258262e-03  9.481029e+01  1.000000e+00  3.335383e+01  4.008429e+00 -1.536086e+01  3.251457e+01
 1.732577e-01  2.853988e-01 -1.844158e-01  9.024662e+01  5.000000e-01  1.477584e+00  1.255371e+00 -2.018579e+00  1.023316e+00
3 -6.296327e-01  1.475746e-01  1.868658e+00  9.622158e-01  3.613328e-02  7.231115e+00 6 2 -1.000000e+00
 3.856299e-01 -1.512800e-01 -3.084022e-01  9.271672e+01  5.000000e-01  1.428249e+00 -1.530988e+00  1.040189e+00  9.053888e-01
-1.366121e+00  4.992973e-01  8.535130e+00  0.000000e+00  0.000000e+00  3.925483e-01 -4.503272e-01  2.214503e-01  5.176877e-02
 3.564561e-02 -1.603625e-02  5.655096e-03  9.806322e+01  1.000000e+00  1.643726e+01 -4.165680e+00  6.642620e+00  1.556764e+01
1 -1.780181e+00  7.599502e-01  0.000000e+00  5.501041e-01  0.000000e+00  6.347743e+00 0 2  3.046066e-01
 4.569594e-01  9.549690e-01  4.068341e+00  0.000000e+00  0.000000e+00  3.424759e-01  1.742986e-01 -3.951678e-01  3.599805e-03
3  7.306357e-02 -1.712097e-01  7.672316e-01  2.769550e-01  1.770857e-01  4.332774e+00 6 1 -1.000000e+00
 3.723268e-01 -3.847896e-01  2.244887e+00  0.000000e+00  0.000000e+00  2.223461e-01  2.610209e-02  3.982556e-01  3.787061e-02
-4.987289e-02  2.558287e-01 -3.975374e-01  2.564424e+01  5.000000e-01  8.903725e-01  1.449758e+00  6.524622e-01  6.482199e-01
-9.213924e-04  3.971923e-03  3.912898e-04  3.450914e+01  1.000000e+00  5.915772e+01  2.765125e+01  7.878967e+00  5.861281e+01
1  2.137655e-02 -5.345743e-02  0.000000e+00  3.062981e-02  0.000000e+00  1.998531e+00 0 2  2.808258e-01
-5.001792e-02 -5.663411e-03  5.524020e+00  0.000000e+00  0.000000e+00  4.568766e-01 -3.342368e-01 -4.734120e-02  1.134911e-01
3 -5.786949e-02  3.964279e-02  4.242853e-01  1.933046e-01  5.959487e-01  1.937616e+00 6 1 -1.000000e+00
 1.310713e-01 -1.028875e-01 -1.369894e+00  2.246277e+01  5.000000e-01  2.958266e-01 -2.914695e-01  1.068124e+00  1.483313e-01
-2.168791e-01  1.399056e-01  2.298677e+00  0.000000e+00  0.000000e+00  1.689441e-01 -2.211389e-01  4.546633e-01  4.341059e-02
 2.053519e-04 -1.632068e-04  1.614147e-05  5.041582e+01  1.000000e+00  2.551679e+02  2.747287e+00  5.139590e+01  2.546792e+02
3  1.431236e-01  2.795016e-01  1.118331e+00  4.441875e-01  3.292403e-01  5.986307e+00 6 1 -1.000000e+00
 4.521787e-01  7.368860e-01  1.793063e+00  0.000000e+00  0.000000e+00  2.443768e-01  7.457724e-02 -8.774823e-02  5.683744e-03
-1.203410e-01 -2.237829e-01 -5.903485e-01  9.659782e+01  5.000000e-01  6.736374e-01  8.867459e-01 -1.007030e+00  1.629159e-01
-5.507057e-04 -7.140450e-04  7.501068e-06  1.239802e+02  1.000000e+00  4.023354e+02 -6.815384e-01 -1.665993e+02  4.003921e+02
3 -3.718781e-01 -5.027520e-01  1.738470e+00  6.805076e-01  1.543269e-01  7.059372e+00 6 1 -1.000000e+00
-1.116293e+00 -9.392498e-01  1.583966e+00  0.000000e+00  0.000000e+00  1.963682e-01  9.271004e-02 -7.682540e-02  3.763059e-03
 2.066462e-03  2.758246e-03  5.282675e-05  3.227837e+02  1.000000e+00  1.411228e+02  6.907401e+00 -2.562955e+01  1.396916e+02
 1.506417e-01  2.511935e-01 -2.444484e-01  2.860997e+02  5.000000e-01  8.041209e-01  1.118005e+00 -1.696843e+00  3.082703e-01
3  4.768131e-01 -1.923407e+00  2.057001e+00  1.049870e+00  2.823303e-01  4.836774e+00 6 1  2.995158e-01
 8.123597e-01 -1.646839e+00  1.476718e+00  0.000000e+00  0.000000e+00  1.588077e-01  1.169889e-01  1.293859e-01  7.640117e-03
-1.214509e-01  1.859866e-01 -4.169223e-01  1.167977e+02  5.000000e-01  2.236066e+00  7.590144e-01  1.830378e+00  1.140910e+00
-4.744932e-02  7.495340e-02  6.962525e-02  1.170145e+02  1.000000e+00  6.213928e+00  1.380541e+00  3.304020e+00  4.474286e+00
3  8.759398e-01 -9.943011e-03  1.576510e+00  6.919868e-01  2.626613e-01  5.851961e+00 6 1  2.872676e-01
 1.043738e+00 -7.115155e-01  2.538728e+00  0.000000e+00  0.000000e+00  3.466005e-01  1.253330e-01  1.316227e-01  1.446364e-03
-1.664518e-01  2.988435e-01 -6.668256e-01  6.915000e+01  5.000000e-01  7.352143e-01  7.133924e-01  1.029964e+00  5.362176e-02
-4.275152e-04  5.219940e-04  6.013357e-06  8.876847e+01  1.000000e+00  4.092159e+02 -1.784900e+01  5.017006e+00  4.061922e+02
3  3.750788e-01  1.231575e+00  1.162424e+00  4.696858e-01  2.840117e-01  4.817270e+00 6 3  2.981559e-01
 7.150234e-01 -5.779086e-01  2.887877e+00  0.000000e+00  0.000000e+00  4.092680e-01 -9.471789e-04  5.184834e-02  8.119676e-03
-1.309610e-01  2.192988e-01 -1.016816e+01  2.807881e+01  5.000000e-01  1.028648e+00  2.528239e-01  1.877418e-01  1.457356e-01
-6.035663e-02  7.018745e-02  1.495053e+00  2.829596e+01  1.000000e+00  1.925195e+00  1.512158e-01  4.052743e-01  5.678444e-01
3  1.068961e-01 -5.735573e-02  4.567021e-01  1.885082e-01  4.927619e-01  2.950770e+00 6 1 -1.000000e+00
 2.770278e-01 -1.683403e-01  1.964328e+00  0.000000e+00  0.000000e+00  2.188942e-01 -1.835368e-01  2.595393e-01  2.981302e-02
-1.153892e-01  6.529566e-02 -9.679461e-01  1.153393e+01  5.000000e-01  5.462311e-01 -6.340727e-01  9.148625e-01  2.735452e-01
-2.450616e-03  1.527406e-03  1.184121e-03  1.417780e+01  1.000000e+00  3.028566e+01  1.041282e-02  3.625169e+00  2.964197e+01
3  2.481274e+00 -8.351709e-02  1.615807e+00  7.250952e-01  2.589068e-02  6.057225e+00 6 2  2.827862e-01
 1.247858e+00  8.218744e-01  3.155798e+00  0.000000e+00  0.000000e+00  3.413687e-01 -3.310816e-01 -8.545777e-02  2.066219e-03
-1.366487e-01 -1.117730e-02 -8.170577e-02  2.044329e+02  5.000000e-01  1.915238e+00 -3.616171e+00 -1.628717e-03  6.525664e-01
-9.162763e-03 -2.303548e-03  5.819104e-04  2.086414e+02  1.000000e+00  4.409894e+01 -6.430165e+00 -9.884031e+00  4.151288e+01
1 -6.558212e-01  4.098325e+00  0.000000e+00  1.020461e+00  0.000000e+00  5.321277e+00 0 2  2.813970e-01
 2.212497e-01  1.833133e+00  4.390178e+00  0.000000e+00  0.000000e+00  3.756492e-01  3.933326e-01 -8.557014e-02  8.609286e-04
3 -3.600584e-02  3.059263e-01  7.445126e-01  2.884322e-01  1.242660e-01  7.729816e+00 6 1 -1.000000e+00
-1.387108e-01  6.536082e-01  1.450382e+00  0.000000e+00  0.000000e+00  1.681173e-01 -9.297106e-03 -4.968882e-02  6.737559e-03
 1.650654e-02 -7.454461e-02 -1.802332e-01  4.478923e+01  5.000000e-01  1.716547e+00  2.356608e+00  7.128840e-01  1.338450e+00
 3.726720e-03 -1.329702e-02  6.885736e-03  4.526208e+01  1.000000e+00  1.458377e+01  4.890589e+00  3.920880e+00  1.403041e+01
1 -1.989562e+00 -4.833407e-01  0.000000e+00  2.836594e+00  0.000000e+00  3.608948e+00 0 2 -1.000000e+00
-4.504205e+00 -1.538520e+00  3.575001e+00  0.000000e+00  0.000000e+00  3.975743e-01 -2.260710e-01 -1.791326e-01  3.047387e-04
3  9.661961e-02  9.710031e-02  1.655420e+00  7.845529e-01  8.182438e-01  6.622808e+00 6 3 -1.000000e+00
-3.164345e-01 -6.339876e-01 -2.982902e+00  2.335981e+01  5.000000e-01  5.158520e-01  5.716930e-01 -4.927580e-01  1.336354e-01
 9.160710e-01  4.711572e-01  3.645493e+00  0.000000e+00  0.000000e+00  3.803363e-01 -1.866520e-01 -2.735558e-01  5.285265e-02
-1.111979e-03 -1.103906e-03  1.077682e-04  5.583701e+01  1.000000e+00  1.036489e+02 -6.459746e-01 -3.545717e+01  1.022126e+02
3 -5.741724e-01  1.732192e+00  1.742263e+00  7.975904e-01  1.022152e-01  1.310817e+01 6 1  2.974917e-01
-1.413147e+00  4.944988e-01  2.955331e+00  0.000000e+00  0.000000e+00  3.917779e-01 -6.674144e-02  1.646455e-01  6.960196e-03
 2.038418e-01 -1.542138e-01 -3.020797e-01  8.110860e+01  5.000000e-01  1.518755e+00 -4.121625e-01  1.846514e+00  6.350693e-01
 1.672279e-02 -1.197767e-02  2.801197e-03  8.383139e+01  1.000000e+00  2.216790e+01 -3.083017e+00  9.032427e+00  2.020223e+01
1 -2.293817e+00  9.803527e-01  0.000000e+00  2.445008e+00  0.000000e+00  2.246451e+00 0 2 -1.000000e+00
-4.061086e+00  2.262313e+00  4.957078e+00  0.000000e+00  0.000000e+00  4.636040e-01 -1.677178e-01  2.405404e-01  4.462582e-03
3 -4.754337e-01  3.303641e-01  1.718131e+00  6.304679e-01  1.654882e-01  4.171124e+00 6 1 -1.000000e+00
-1.018746e+00  9.414574e-01  1.831112e+00  0.000000e+00  0.000000e+00  2.515447e-01 -6.151759e-02  1.014132e-01  1.355793e-02
 2.689242e-01 -1.960306e-01 -3.030275e-01  1.297977e+02  5.000000e-01  9.308564e-01 -7.853507e-01  1.639523e+00  5.048138e-01
 6.559674e-03 -5.834572e-03  3.310017e-04  1.445565e+02  1.000000e+00  5.996940e+01  1.697624e+00  2.129263e+01  5.906487e+01
3 -4.826969e-01  2.273214e-01  3.496593e+00  2.434112e+00  2.228191e-01  3.140160e+00 6 3 -1.000000e+00
 9.994241e-01 -2.762247e-01 -1.093730e+00  3.853164e+02  5.000000e-01  1.040064e+00 -8.464018e-01  4.466674e-01  1.120925e-01
-9.074797e-01  2.654625e+00  4.908601e+00  0.000000e+00  0.000000e+00  4.903008e-01  9.633542e-02  2.163070e-01  3.100815e-03
 5.900039e-03 -2.581594e-03  1.417865e-04  4.923635e+02  1.000000e+00  9.189709e+01 -2.474310e+01  2.443775e+01  8.912714e+01
3  4.043429e-01  3.822078e+00  4.475568e+00  1.982748e+00  5.158606e-02  5.663565e+00 6 2  2.861931e-01
-3.186582e+00  2.655379e+00  3.791314e+00  0.000000e+00  0.000000e+00  4.750124e-01 -8.572156e-02  6.710432e-02  2.892252e-04
 6.848371e-03 -3.612594e-03  6.959283e-05  7.119113e+02  1.000000e+00  1.367497e+02 -4.470017e+01  4.539359e+01  1.330421e+02
 2.724173e-01 -1.846972e-01 -1.955790e-01  6.942549e+02  5.000000e-01  1.955186e+00 -6.473457e-01  2.367773e+00  4.317397e-01
3 -4.677475e-01 -1.842403e-01  1.652250e+00  6.248530e-01  1.708633e-01  1.628891e+01 6 1  2.774012e-01
-1.426823e+00  3.230028e-01  1.319275e+00  0.000000e+00  0.000000e+00  1.183387e-01 -1.219322e-01  6.683428e-02  1.299692e-03
 1.886467e-01 -2.367740e-02 -2.254156e-01  1.743567e+02  5.000000e-01  1.557083e+00 -2.055834e+00  7.212048e-01  3.933841e-01
 9.539663e-03 -3.137411e-04  4.401831e-04  1.787480e+02  1.000000e+00  5.314098e+01 -2.088120e+01 -3.297690e+00  4.878504e+01
3  1.276213e-01  2.730660e-01  1.625600e+00  7.694799e-01  2.397338e-01  3.147415e+00 6 1 -1.000000e+00
-8.388181e-02 -4.929261e-01 -6.796536e-01  1.434971e+02  5.000000e-01  8.691500e-01  1.174597e+00 -3.298211e-01  1.086260e-01
 1.108728e+00  6.117273e-01  2.835035e+00  0.000000e+00  0.000000e+00  3.599492e-01 -4.654090e-02 -2.340290e-01  6.005372e-03
-5.671739e-04 -1.407290e-03  3.204301e-05  2.039778e+02  1.000000e+00  1.817964e+02  3.246779e+01 -2.061896e+01  1.792496e+02
3  7.839049e-02 -6.060348e-01  2.103990e+00  8.981896e-01  1.494087e-01  1.152041e+01 6 1 -1.000000e+00
-9.086671e-02 -1.834011e+00  2.331067e+00  0.000000e+00  0.000000e+00  3.355264e-01  1.059470e-01 -3.622644e-02  4.054037e-03
-7.789873e-02  2.699388e-01 -3.482818e-01  3.249298e+02  5.000000e-01  1.467321e+00  1.394681e+00  1.069809e+00  5.571473e-01
-3.624636e-03  1.962781e-02  2.291910e-03  3.347744e+02  1.000000e+00  2.382964e+01  8.263976e+00  4.072085e+00  2.215021e+01
3 -8.685348e-02  2.662973e-02  6.841388e-01  3.560359e-01  3.988614e-01  5.197546e+00 6 1 -1.000000e+00
-4.541585e-01 -1.575565e-01  2.609431e+00  0.000000e+00  0.000000e+00  3.013724e-01 -3.196792e-01 -5.157881e-02  1.638639e-02
 2.299263e-01 -1.489600e-01 -1.040801e+00  3.022241e+01  5.000000e-01  3.978806e-01 -3.726542e-01  1.088336e+00  5.576035e-02
 1.437504e-04 -3.324089e-05  3.635528e-06  7.417325e+01  1.000000e+00  5.280067e+02 -4.997190e+01 -1.325425e+01  5.262772e+02
3 -5.221656e-01 -8.281051e-01  3.510721e+00  1.578604e+00  3.647873e-01  1.289325e+01 6 1 -1.000000e+00
-1.303650e+00 -2.312753e+00  2.408080e+00  0.000000e+00  0.000000e+00  2.997979e-01  1.011859e-01 -2.545111e-01  2.377489e-02
 4.123991e-01  7.499812e-01 -8.784371e-01  1.108772e+02  5.000000e-01  7.821105e-01  5.043790e-01 -9.651234e-01  3.664611e-01
 1.932792e-02  3.813151e-02  4.314934e-03  1.223489e+02  1.000000e+00  1.663168e+01  2.853715e+00 -2.110075e+00  1.583974e+01
1 -2.054823e-01 -1.808082e+00  0.000000e+00  1.278495e+00  0.000000e+00  9.888931e-01 0 2 -1.000000e+00
 1.103313e+00 -3.248455e+00  3.315398e+00  0.000000e+00  0.000000e+00  3.935485e-01  2.532834e-01  4.481087e-02  3.080957e-02
3 -1.633077e-01 -6.646071e-01  2.276111e+00  9.804786e-01  8.260154e-02  4.150244e+00 6 2 -1.000000e+00
-4.099941e-01 -1.676895e+00  4.712785e+00  0.000000e+00  0.000000e+00  3.621477e-01  3.891986e-01 -2.078248e-01  3.966196e-02
 1.159074e-01  5.376277e-01 -3.892833e-01  7.944039e+01  5.000000e-01  1.288400e+00  1.454829e+00 -7.317588e-01  6.203381e-01
 5.428768e-03  2.861041e-02  2.215379e-03  8.695564e+01  1.000000e+00  2.546157e+01  1.147389e+01 -3.915130e+00  2.376505e+01
3  1.139747e+00  4.330729e-01  4.365133e+00  1.466518e+00  1.579385e-01  7.690808e+00 6 1 -1.000000e+00
 3.932908e+00  3.864605e-01  1.621238e+00  0.000000e+00  0.000000e+00  2.118674e-01  6.199133e-02 -2.230555e-02  1.238524e-03
-3.875389e-01 -2.365366e-01 -2.560560e-01  4.468108e+02  5.000000e-01  1.629308e+00 -6.814205e-01 -1.958849e+00  5.346167e-01
-2.018655e-02 -9.491724e-03  6.376180e-04  4.584953e+02  1.000000e+00  4.456621e+01 -1.002128e+01 -1.514105e+01  4.205095e+01
3  1.391144e-01 -1.517694e-01  2.190440e+00  1.187696e+00  9.446581e-01  3.711078e+00 6 3 -1.000000e+00
 8.248290e-01 -1.174712e+00  3.109715e+00  0.000000e+00  0.000000e+00  3.850464e-01  9.769093e-02  2.169138e-01  7.729397e-03
-8.995128e-01  1.760918e-01 -3.291895e+00  9.474361e+01  5.000000e-01  5.471909e-01 -6.939168e-01  1.652026e-01  3.455254e-02
-1.456283e-04  1.346368e-04  1.140699e-06  2.659661e+02  1.000000e+00  9.500487e+02 -6.616102e+01  1.402179e+02  9.480674e+02
1  1.045030e-01  2.019120e-01  0.000000e+00  8.259380e-02  0.000000e+00  6.055171e+00 0 2  2.872959e-01
-5.303807e-02  1.589322e-01  5.687170e+00  0.000000e+00  0.000000e+00  4.879372e-01  2.731667e-01  1.084153e-01  1.720878e-02
3  7.851838e-02  6.915038e-02  4.560562e-01  2.688735e-01  2.208011e-01  5.407289e+00 6 1 -1.000000e+00
-1.068610e-01 -7.167992e-02 -6.285750e-01  1.155580e+01  5.000000e-01  1.224226e+00 -5.392873e-01 -1.162044e+00  8.199857e-01
 8.369912e-02  3.426558e-01  2.846793e+00  0.000000e+00  0.000000e+00  3.306991e-01  2.149416e-01 -2.247029e-01  7.070394e-02
-1.012879e-02 -7.786927e-03  2.067524e-02  1.247299e+01  1.000000e+00  8.871726e+00 -1.253353e+00 -3.467873e+00  8.171738e+00
2  2.197678e-01 -3.279931e-01  1.419268e+00  6.885270e-01  9.041524e-02  5.706078e+00 6 2 -1.000000e+00
 3.018904e-01 -1.126210e+00  3.680680e+00  0.000000e+00  0.000000e+00  4.395927e-01  1.047214e-01  1.772028e-01  8.421972e-04
-1.741086e-01  2.108568e-01 -3.327896e-01  3.509145e+02  5.000000e-01  8.598693e-01  2.774993e-01  1.716838e+00  8.995086e-02
3 -5.222752e-01 -6.361665e-01  1.742326e+00  6.726426e-01  1.417778e-01  5.506033e+00 6 1 -1.000000e+00
-1.048536e+00 -1.287581e+00  1.660186e+00  0.000000e+00  0.000000e+00  2.136657e-01  1.171716e-02 -1.258661e-01  2.676172e-03
 3.711149e-02  4.774343e-02  1.332903e-01  2.523240e+02  1.000000e+00  6.033562e+00  1.042120e+00 -4.092471e+00  5.040456e+00
 5.026233e-02  6.458022e-02 -2.353777e-01  2.523137e+02  5.000000e-01  4.151089e+00  8.980486e-01 -3.656687e+00  3.234731e+00
3  1.608043e-01  1.842903e-01  6.316118e-01  2.728285e-01  1.419915e-01  4.059703e+00 6 1 -1.000000e+00
-8.696626e-02 -9.668783e-02 -2.719128e-01  4.556543e+01  5.000000e-01  8.233470e-01  5.434811e-02 -1.925072e+00  4.581302e-01
 2.673663e-01  4.261715e-01  1.914994e+00  0.000000e+00  0.000000e+00  2.273839e-01  4.547429e-02 -2.695790e-01  1.476393e-02
-2.256385e-03 -2.926130e-03  4.533858e-04  5.090038e+01  1.000000e+00  4.907265e+01  4.574252e+00 -9.188538e+00  4.830606e+01
3  2.012169e-01  1.682720e-01  8.901582e-01  2.964639e-01  2.668947e-01  5.947433e+00 6 1 -1.000000e+00
-1.549557e-01 -1.913734e-01 -4.677185e-01  6.578963e+01  5.000000e-01  6.377359e-01  1.616325e-01 -1.497714e+00  3.361342e-01
 5.229441e-01  3.855439e-01  1.752446e+00  0.000000e+00  0.000000e+00  2.034519e-01 -9.474108e-02 -2.342688e-01  1.451618e-02
-1.120572e-03 -1.524369e-03  4.942694e-05  8.686348e+01  1.000000e+00  1.598061e+02  4.060531e+01 -5.778159e+01  1.589292e+02
3 -6.719895e-02 -9.698850e-03  6.279014e-01  3.009898e-01  7.642540e-01  2.720084e+00 6 3 -1.000000e+00
-4.167272e-01 -1.034908e-01  2.484693e+00  0.000000e+00  0.000000e+00  3.224557e-01 -1.923014e-01 -1.400794e-01  1.195606e-01
 2.104199e-01 -1.342592e-01 -3.251135e+00  3.672594e+00  5.000000e-01  7.358371e-01 -1.557536e-01  5.942287e-01  4.383057e-01
 9.543484e-03  1.233219e-04  3.300113e-02  4.777836e+00  1.000000e+00  6.633536e+00 -1.038745e+00  5.964424e-01  5.947104e+00
1  4.382926e+00 -1.768860e+00  0.000000e+00  9.158140e-01  0.000000e+00  3.055704e+00 0 2  3.032046e-01
 2.366671e+00  2.828923e+00  3.128268e+00  0.000000e+00  0.000000e+00  4.270708e-01 -1.727878e-03 -9.262406e-02  1.118523e-03
3 -5.618843e-02  9.174869e-02  4.352308e-01  2.534539e-01  3.027450e-01  1.079310e+01 6 1 -1.000000e+00
 8.110906e-02 -8.395501e-02 -8.163307e-01  4.764786e+00  5.000000e-01  8.717396e-01  1.827707e-01  1.099108e+00  3.403335e-01
-1.494641e-01  2.851816e-01  2.696430e+00  0.000000e+00  0.000000e+00  3.314890e-01  1.889368e-01  2.008711e-01  1.832330e-02
 2.764003e-03 -2.710486e-03  1.961493e-03  5.468611e+00  1.000000e+00  2.555635e+01 -3.808541e+00  8.870936e+00  2.429241e+01
3 -1.570385e-01 -7.917719e-01  3.325136e+00  1.749113e+00  1.921173e-01  1.130147e+01 6 3 -1.000000e+00
-7.966253e-01 -2.561001e+00  4.320433e+00  0.000000e+00  0.000000e+00  4.356283e-01  2.680066e-01 -1.234083e-01  2.791609e-03
 1.256540e-01  6.336712e-01 -8.300301e-01  4.469115e+02  5.000000e-01  1.149181e+00  1.041041e+00 -3.785035e-01  1.472617e-01
 1.319254e-03  5.522300e-03  5.355614e-05  4.980841e+02  1.000000e+00  1.511379e+02  5.398149e+01 -3.090924e+01  1.479838e+02
3 -4.000807e-03  1.338402e-01  6.436541e-01  2.640346e-01  7.652712e-02  3.217914e+00 6 2 -1.000000e+00
 2.074620e-02 -2.431603e-01 -4.679073e-01  2.057694e+01  5.000000e-01  6.676172e-01  1.486491e+00  1.949288e-01  4.977984e-01
 1.149753e-01  3.935591e-01  6.114268e+00  0.000000e+00  0.000000e+00  2.340200e-01  5.420525e-01 -3.596562e-01  9.357424e-02
 1.949455e-04 -2.121012e-03  2.136712e-04  3.332297e+01  1.000000e+00  7.605454e+01  2.975801e+01  8.219345e+00  7.562696e+01
2  1.157364e+00 -1.136257e+00  2.716782e+00  1.370677e+00  1.109712e-01  7.204047e+00 6 1  2.771937e-01
 3.123763e-01  2.439475e+00  1.547120e+00  0.000000e+00  0.000000e+00  1.899080e-01  7.608228e-02 -6.401836e-02  3.316330e-04
-1.172393e-01 -2.431234e-01 -1.716858e-01  4.870581e+02  5.000000e-01  1.516031e+00  1.356617e+00 -2.061667e+00  2.346974e-01
3 -1.013784e-02 -3.465206e-01  9.375717e-01  3.985434e-01  1.951261e-01  2.696549e+00 6 1 -1.000000e+00
-1.204791e-02 -7.167475e-01  1.541916e+00  0.000000e+00  0.000000e+00  1.609780e-01  2.353824e-01 -3.052698e-03  8.681544e-03
 2.050777e-03  2.207182e-01 -3.008681e-01  9.428202e+01  5.000000e-01  5.276070e-01  1.878429e+00 -1.355488e-01  2.316916e-01
-7.124977e-05  1.030106e-03  1.223742e-05  1.223463e+02  1.000000e+00  2.942443e+02  5.795846e+01  3.027340e+01  2.932237e+02
5 -1.253869e-02  2.085226e-02  9.086309e-01  5.100836e-01  1.000000e+00  7.485433e+00 6 3 -1.000000e+00
 2.446407e-01 -3.459735e-01 -3.643399e+00  6.117127e+00  5.000000e-01  4.410359e-01  4.148036e-01  6.440868e-01  1.475332e-01
-4.925503e-01 -6.897818e-02  5.077665e+00  0.000000e+00  0.000000e+00  3.485999e-01 -4.222932e-01 -2.214714e-01  8.636438e-02
 3.279409e-01  3.214118e-01  6.795327e+00  5.276829e-01  0.000000e+00  3.092090e-01  1.197990e-01 -5.618545e-01  5.110564e-02
-2.367771e-01  3.912043e-01 -9.363813e+00  1.758045e+00  5.000000e-01  3.914342e-01  4.551028e-01  5.196421e-01  1.094652e-01
 2.156933e-04 -2.251959e-04  1.422883e-04  3.131473e+01  1.000000e+00  8.999169e+01 -1.287373e+01  2.694077e+01  8.874400e+01
3  1.604035e-01 -2.071237e-01  7.392639e-01  3.620161e-01  1.121158e-01  1.052250e+01 6 1 -1.000000e+00
 3.679957e-01 -3.936561e-01  2.319402e+00  0.000000e+00  0.000000e+00  2.178782e-01  8.968404e-02  4.153622e-01  2.911440e-02
-1.260647e-01  1.562670e-01 -2.600417e-01  3.524143e+01  5.000000e-01  6.531556e-01  5.353540e-01  1.918133e+00  3.922747e-01
-9.994723e-04  1.128570e-03  3.730838e-05  4.696680e+01  1.000000e+00  1.737336e+02 -8.289819e-01  5.506886e+01  1.731034e+02
3 -1.271605e-02  1.064161e-02  8.341084e-02  3.935953e-02  8.628286e-01  2.399274e+00 6 1 -1.000000e+00
 2.030940e-02 -1.583627e-02 -2.279816e+00  7.175026e-01  5.000000e-01  7.816138e-01 -2.332989e-01  6.571880e-01  6.325814e-01
-3.922270e-02  4.258715e-02  2.642258e+00  0.000000e+00  0.000000e+00  2.820534e-01 -3.917240e-02  3.680335e-01  1.607942e-01
 2.174446e-03 -1.958320e-03  7.159271e-02  7.836647e-01  1.000000e+00  4.847781e+00 -1.253942e-02  9.150723e-01  4.625192e+00
3 -8.871431e-02  5.689841e-02  4.257858e-01  1.901280e-01  1.514978e-01  7.055146e+00 6 1 -1.000000e+00
 1.049206e-01 -8.600008e-02 -4.249986e-01  1.355586e+01  5.000000e-01  1.008068e+00 -3.434454e-01  1.495011e+00  7.905574e-01
-2.704964e-01  1.148872e-01  2.805311e+00  0.000000e+00  0.000000e+00  2.592159e-01 -3.411259e-01  2.755495e-01  9.398778e-02
 3.098639e-03 -2.445872e-03  1.203376e-03  1.682412e+01  1.000000e+00  3.448953e+01 -2.423293e+00  1.687250e+01  3.407177e+01
3  1.455904e-02  2.634127e-01  9.523064e-01  3.542082e-01  2.043707e-01  5.539523e+00 6 1 -1.000000e+00
-4.922757e-02 -2.069030e-01 -3.910182e-01  9.678909e+01  5.000000e-01  9.787639e-01  1.339758e+00 -8.734562e-01  4.191665e-01
-1.823667e-01  7.360505e-01  1.913279e+00  0.000000e+00  0.000000e+00  2.655452e-01  1.291330e-01  9.258001e-03  1.098721e-02
-4.387685e-04 -3.801852e-03  2.465596e-04  1.118232e+02  1.000000e+00  7.017064e+01  2.560938e+01 -8.539510e+00  6.870150e+01
3 -1.403323e-01  4.040821e-01  1.303258e+00  6.941091e-01  1.077141e-01  7.223247e+00 6 1  2.715764e-01
 1.040784e+00 -1.864886e-01  2.843796e+00  0.000000e+00  0.000000e+00  2.793260e-01 -2.686985e-01  3.090783e-01  2.296568e-03
-1.827999e-01  2.622032e-01 -3.063168e-01  2.048586e+02  5.000000e-01  1.158557e+00  6.711147e-01  1.685034e+00  1.226308e-01
-5.552550e-04  6.560246e-04  4.526882e-06  2.585685e+02  1.000000e+00  4.991470e+02  3.327174e+01  1.616813e+02  4.929614e+02
3  1.169660e+00  6.998217e-01  1.833393e+00  7.416096e-01  2.825127e-01  9.039693e+00 6 1  2.698205e-01
 1.316188e+00 -6.669816e-01  2.245883e+00  0.000000e+00  0.000000e+00  3.265006e-01 -6.973998e-02  5.897981e-02  1.523381e-03
-3.210675e-01  1.580777e-01 -6.344905e-01  3.173454e+02  5.000000e-01  9.123957e-01 -8.081914e-01  9.646600e-01  9.058738e-02
-5.946927e-04  3.279376e-04  2.373569e-06  3.901632e+02  1.000000e+00  6.770210e+02 -7.113086e+01  1.750380e+02  6.733307e+02
2  5.760666e-01 -2.027545e+00  4.653593e+00  1.862733e+00  4.839257e-04  1.080554e+01 6 2 -1.000000e+00
 2.955652e+00 -3.532612e+00  3.640715e+00  0.000000e+00  0.000000e+00  4.099281e-01  1.591576e-01  2.195048e-01  6.330442e-05
-1.606377e-02  4.856560e-02 -1.761836e-03  2.902076e+03  5.000000e-01  1.542045e+01  2.289256e+01  1.585781e+01  1.144793e+01
1  2.189857e-01  4.985500e-03  0.000000e+00  4.924440e-02  0.000000e+00  8.527022e+00 0 2  2.739470e-01
 9.427999e-02 -2.347467e-02  4.943008e+00  0.000000e+00  0.000000e+00  4.339830e-01 -3.402723e-01  4.779097e-02  2.523264e-03
3  1.941965e-01 -2.018928e-02  1.152804e+00  5.917651e-01  2.913578e-01  3.758989e+00 6 3 -1.000000e+00
-4.427752e-01  1.133298e-01 -9.473914e-01  9.033098e+00  5.000000e-01  5.014489e-01 -1.006630e+00  5.392403e-01  3.521795e-01
 6.741193e-01  3.988178e-01  3.251642e+00  0.000000e+00  0.000000e+00  2.398101e-01 -4.024167e-01 -3.292607e-01  1.071698e-01
-6.390171e-03  9.222905e-04  1.828918e-03  1.401460e+01  1.000000e+00  2.453561e+01 -2.201368e+00  1.518997e+00  2.416821e+01
5  1.284149e+00  8.446096e-01  7.446628e-01  3.761528e-01  1.000000e+00  5.418739e+00 6 3  2.948635e-01
 2.776356e-01 -3.078201e-01  5.148326e+00  0.000000e+00  0.000000e+00  4.358630e-01  5.009498e-02  3.485730e-01  5.508592e-02
-2.776773e-01  1.883153e-01  1.874877e+01  4.060584e+00  0.000000e+00  5.210239e-01 -1.206105e-01  4.019134e-01  9.908890e-02
 8.021870e-02  3.206437e-01 -1.120680e+01  4.399439e+00  5.000000e-01  6.099698e-01  4.547111e-01 -1.859917e-01  1.392807e-01
-3.411127e-01 -5.231492e-02 -9.803316e+00  4.199541e+00  5.000000e-01  6.186207e-01 -4.841774e-01 -1.141435e-01  2.067425e-01
-1.586894e-03  1.877171e-03  9.508199e-03  9.437185e+00  1.000000e+00  1.132053e+01 -7.324657e-01 -8.968627e-01  9.535925e+00
3  2.584017e-01  3.903950e-01  1.930322e+00  7.832035e-01  5.329091e-01  7.412093e+00 6 1 -1.000000e+00
 9.657065e-01  1.151125e+00  1.984850e+00  0.000000e+00  0.000000e+00  2.761812e-01  4.531200e-02 -1.343282e-01  3.008488e-03
-1.896058e-01 -3.952893e-01 -1.057745e+00  1.367635e+02  5.000000e-01  8.283822e-01  6.787703e-01 -7.170295e-01  1.044823e-01
-1.413553e-03 -2.416429e-03  5.169563e-05  1.616062e+02  1.000000e+00  1.444102e+02  2.194330e+01 -2.722108e+01  1.413216e+02
3  1.934504e-01  6.734524e-02  6.729540e-01  2.630444e-01  2.520513e-01  1.037601e+01 6 1 -1.000000e+00
-1.598370e-01 -1.020246e-01 -4.148958e-01  2.252915e+01  5.000000e-01  4.714618e-01 -6.918512e-01 -1.486922e+00  2.094149e-01
 5.023890e-01  1.765764e-02  1.646077e+00  0.000000e+00  0.000000e+00  1.794674e-01 -2.262265e-01 -1.207904e-01  1.027015e-02
-8.478237e-04 -4.590820e-04  3.646171e-05  3.116486e+01  1.000000e+00  1.696297e+02  7.543276e+00 -3.087168e+01  1.689042e+02
1 -1.280242e+00 -5.970956e+00  0.000000e+00  2.536308e+00  0.000000e+00  3.409330e+00 0 2 -1.000000e+00
-3.314339e+00 -9.353783e+00  3.015263e+00  0.000000e+00  0.000000e+00  3.653405e-01  2.385443e-01 -1.193451e-01  5.356593e-04
3 -6.848404e-02  5.098421e-01  1.285100e+00  6.734646e-01  1.731618e-01  4.039587e+00 6 1 -1.000000e+00
-3.866660e-02  1.046695e+00  1.609562e+00  0.000000e+00  0.000000e+00  1.841092e-01  2.009982e-01  6.317051e-02  6.030644e-03
 4.404345e-02 -2.357411e-01 -2.787147e-01  5.931153e+01  5.000000e-01  7.530136e-01  1.775225e+00  7.053201e-01  3.168223e-01
 8.678018e-04 -5.256814e-03  2.689139e-04  6.574003e+01  1.000000e+00  6.222488e+01  4.431149e+00  3.192021e+00  6.102887e+01
3 -6.575145e-01  9.698717e-01  3.522482e+00  1.513713e+00  6.271945e-02  1.076471e+01 6 2 -1.000000e+00
-1.683628e+00  2.675232e+00  3.163263e+00  0.000000e+00  0.000000e+00  4.097579e-01  7.370016e-02  1.637827e-01  4.692324e-03
 2.043336e-01 -2.985666e-01 -1.983981e-01  4.645276e+02  5.000000e-01  2.135558e+00  8.809004e-01  2.356666e+00  1.073457e+00
 2.781498e-02 -4.135211e-02  4.414655e-03  4.703721e+02  1.000000e+00  1.875041e+01  3.543691e+00  8.717850e+00  1.705709e+01
1 -1.928638e-01 -1.282144e-01  0.000000e+00  2.971279e-01  0.000000e+00  1.567549e+01 0 2 -1.000000e+00
-4.316939e-01 -9.514595e-02  3.487114e+00  0.000000e+00  0.000000e+00  3.671435e-01 -1.915512e-01 -2.775704e-01  7.767667e-02
2 -2.530333e-01  2.424380e-01  1.356887e+00  5.600397e-01  1.984921e-01  1.017694e+01 6 3 -1.000000e+00
-7.142168e-01  6.797017e-01  3.264936e+00  0.000000e+00  0.000000e+00  3.634718e-01 -2.977807e-02  3.130441e-01  2.267862e-03
 2.580131e-01 -2.668247e-01 -6.480638e-01  1.109871e+02  5.000000e-01  6.050291e-01 -2.327488e-03  1.303478e+00  4.001902e-02
3 -3.564917e-01 -3.522233e-02  1.219149e+00  4.213295e-01  2.532619e-01  1.642639e+01 6 1 -1.000000e+00
-9.839953e-01 -8.826476e-03  1.862953e+00  0.000000e+00  0.000000e+00  2.656218e-01 -3.075785e-02 -3.978659e-02  1.409642e-03
 2.346782e-01  2.520537e-02 -4.718149e-01  1.624475e+02  5.000000e-01  6.112924e-01 -1.435532e+00 -4.580587e-01  8.080644e-02
 3.893956e-04 -2.858871e-05  1.846851e-06  2.090631e+02  1.000000e+00  7.507506e+02 -7.384613e+01  1.233312e+02  7.489398e+02
3  3.309053e-01 -3.346781e-01  1.201363e+00  6.701929e-01  3.122724e-01  1.153382e+01 6 1 -1.000000e+00
 8.145713e-01 -6.531447e-01  2.077067e+00  0.000000e+00  0.000000e+00  2.490719e-01  2.436077e-02  2.860972e-01  7.423806e-02
-1.212579e-01  1.001792e-01 -6.486108e-01  2.774740e+01  5.000000e-01  2.706742e+00 -2.923145e-01  2.090282e+00  2.390783e+00
-7.991679e-02  6.519589e-02  3.164229e-01  2.775842e+01  1.000000e+00  4.208424e+00 -5.219914e-01  2.619385e+00  3.860714e+00
5  5.443751e-01  8.833299e-02  4.260339e+00  1.815730e+00  1.000000e+00  2.890158e+00 6 3 -1.000000e+00
 1.586969e+00 -1.965122e+00  2.433496e+00  0.000000e+00  0.000000e+00  3.482487e-01 -1.088032e-01  4.483379e-02  1.952498e-02
-6.159912e-01 -8.796028e-02 -4.694387e-01  1.176719e+02  5.000000e-01  1.346118e+00 -1.335777e+00 -6.824225e-01  5.123057e-01
 1.383321e+00  6.875531e-01 -2.544331e+00  4.234289e+01  5.000000e-01  6.133658e-01 -4.515174e-01 -5.819353e-01  4.649863e-02
 2.023230e-01  2.063928e+00  3.252182e+00  2.915062e+01  0.000000e+00  3.861202e-01  8.192660e-02 -2.503008e-01  1.465346e-02
-4.496145e-02 -4.195719e-04  8.932816e-03  1.258833e+02  1.000000e+00  1.298375e+01 -5.590749e+00  6.379634e-01  1.139095e+01
3 -4.293224e-03  3.891081e-01  1.720556e+00  1.038571e+00  8.091458e-01  8.898580e+00 6 1 -1.000000e+00
-4.400535e-02 -5.035503e-01 -1.797961e+00  5.295324e+01  5.000000e-01  5.168240e-01  8.816041e-01 -1.114406e-01  1.234636e-01
-3.046042e-02  1.216952e+00  2.222048e+00  0.000000e+00  0.000000e+00  2.868347e-01  2.407704e-01  2.447516e-02  1.168450e-02
-4.669467e-04 -5.922508e-03  6.039255e-04  6.819185e+01  1.000000e+00  4.188849e+01 -2.138036e+00 -3.385923e+00  4.089097e+01
3  1.700984e+00  1.929986e+00  2.415792e+00  1.421787e+00  4.434745e-01  7.901619e+00 6 3  2.781178e-01
-7.270127e-01 -3.449523e-01 -1.823936e+00  8.717319e+01  5.000000e-01  9.082976e-01 -4.988680e-01 -5.548017e-01  5.312903e-02
 4.959286e-01  1.738427e+00  4.112831e+00  0.000000e+00  0.000000e+00  4.701537e-01  1.503750e-01 -1.224048e-01  3.515881e-03
-4.005700e-03 -2.481382e-03  4.325909e-04  1.168274e+02  1.000000e+00  5.023304e+01 -1.010028e+01 -3.197420e+00  4.714361e+01
3  2.926742e-01  4.842966e-01  1.239716e+00  5.586577e-01  1.267033e-01  4.344337e+00 6 1 -1.000000e+00
 5.218543e-01  8.724217e-01  1.405838e+00  0.000000e+00  0.000000e+00  1.391150e-01  8.184840e-02 -1.520019e-01  3.811928e-03
-1.189911e-01 -1.888100e-01 -1.781244e-01  1.146616e+02  5.000000e-01  5.302380e-01  1.082959e+00 -2.159150e+00  2.584708e-01
-1.190310e-03 -1.790080e-03  3.533747e-05  1.328582e+02  1.000000e+00  1.693658e+02 -6.508114e+00 -2.474525e+00  1.686536e+02
3  9.630855e-02  1.137012e-01  9.125706e-01  3.617665e-01  8.706997e-01  3.006816e+00 6 1 -1.000000e+00
 4.536484e-01  3.823313e-01  2.089223e+00  0.000000e+00  0.000000e+00  2.226235e-01 -1.741894e-02 -3.540677e-01  5.195363e-03
-1.101789e-01 -3.352229e-01 -2.399476e+00  3.880248e+01  5.000000e-01  3.222313e-01  7.280718e-01 -5.882513e-01  2.844610e-02
-1.979388e-04 -2.803006e-04  2.034237e-05  8.017631e+01  1.000000e+00  2.421983e+02 -3.068054e+00  9.491436e+01  2.409924e+02
1  2.859829e-01  9.848939e-02  0.000000e+00  7.071896e-02  0.000000e+00  4.580237e+00 0 2  2.906780e-01
 8.915332e-02  1.774061e-01  3.016365e+00  0.000000e+00  0.000000e+00  3.871906e-01  1.004596e-01 -1.841694e-01  1.498913e-03
3 -2.408750e-01 -4.659839e-02  1.609497e+00  9.182123e-01  3.538053e-01  2.690817e+00 6 3 -1.000000e+00
-9.194882e-01 -3.303929e-01  3.300203e+00  0.000000e+00  0.000000e+00  2.143078e-01 -3.864362e-01 -4.061620e-01  4.243149e-02
 6.613383e-01 -2.795315e-02 -1.167629e+00  2.215901e+01  5.000000e-01  4.273904e-01 -1.086300e+00 -6.534597e-02  2.219217e-01
 2.162523e-03 -1.328767e-04  7.793188e-05  4.542817e+01  1.000000e+00  1.227828e+02 -3.678631e+01  2.541844e+01  1.220926e+02
3  7.989082e-02  7.070227e-02  3.513354e-01  1.812610e-01  3.651107e-01  3.785018e+00 6 1 -1.000000e+00
-6.244548e-02 -3.501786e-02 -6.114793e-01  5.537510e+00  5.000000e-01  1.282193e+00 -7.884072e-01 -1.045670e+00  1.022331e+00
 1.453249e-01  2.482983e-01  1.674778e+00  0.000000e+00  0.000000e+00  2.058285e-01  6.066382e-03 -1.832416e-01  5.371283e-02
-1.139351e-02 -8.054279e-03  4.454436e-02  5.665696e+00  1.000000e+00  6.282702e+00 -1.170235e+00 -2.021870e+00  5.919374e+00
1 -3.889266e-02  1.164879e-03  0.000000e+00  1.078440e-01  0.000000e+00  1.267744e+01 0 2 -1.000000e+00
-1.661903e-01  5.008077e-02  3.052960e+00  0.000000e+00  0.000000e+00  4.081344e-01 -1.459015e-01  3.829746e-02  1.224722e-01
3 -6.612870e-01 -1.447886e-01  1.658606e+00  6.309918e-01  1.093527e-01  3.549639e+00 6 1 -1.000000e+00
-1.267490e+00 -3.842113e-01  1.848420e+00  0.000000e+00  0.000000e+00  2.236950e-01 -2.366968e-01 -7.497626e-02  9.325134e-03
 3.710258e-03  1.663593e-03  4.998471e-05  2.512955e+02  1.000000e+00  1.512063e+02 -1.538728e+01 -4.815645e+01  1.504740e+02
 3.187113e-01  1.004930e-01 -2.021297e-01  2.140816e+02  5.000000e-01  7.351531e-01 -1.995502e+00 -1.017563e+00  3.989757e-01
3 -2.155488e-01  1.438000e-01  7.523850e-01  2.517314e-01  1.183264e-01  1.041352e+01 6 1 -1.000000e+00
-5.434969e-01  2.855307e-01  1.718216e+00  0.000000e+00  0.000000e+00  2.341770e-01 -1.181625e-02  6.592578e-02  4.683269e-03
 1.093673e-01 -8.843653e-02 -2.033104e-01  3.756014e+01  5.000000e-01  8.972606e-01 -4.660003e-01  2.170711e+00  4.221328e-01
 4.129405e-04 -3.438874e-04  3.152112e-06  4.643996e+01  1.000000e+00  6.433095e+02 -2.167902e+01  3.079674e+02  6.418582e+02
3 -4.059896e-01  9.873427e-01  1.232617e+00  4.887322e-01  2.136021e-01  1.113940e+01 6 1  2.745748e-01
-9.674541e-01  3.131967e-01  2.194622e+00  0.000000e+00  0.000000e+00  3.211176e-01 -5.907963e-02  4.161212e-02  2.521139e-03
 2.103675e-01 -5.023327e-02 -4.687758e-01  1.095257e+02  5.000000e-01  1.063457e+00 -1.375292e+00  4.957982e-01  1.720741e-01
 2.197369e-03 -9.574943e-04  7.292951e-05  1.225417e+02  1.000000e+00  1.250953e+02 -1.604109e+01  3.782146e+01  1.221313e+02
3  1.887437e-01 -1.039695e-01  8.152565e-01  2.484255e-01  7.819178e-01  4.973542e+00 6 1 -1.000000e+00
 5.128384e-01 -3.242976e-01  1.736465e+00  0.000000e+00  0.000000e+00  2.295573e-01 -9.175284e-02  9.633729e-02  7.817110e-03
-1.696021e-01  1.217049e-01 -1.357773e+00  1.247909e+02  5.000000e-01  4.787773e-01 -4.865690e-01  8.783073e-01  1.470538e-01
-1.873552e-03  1.851014e-03  3.161875e-04  1.530153e+02  1.000000e+00  5.939737e+01  1.350304e+01  8.077104e+00  5.860333e+01
3  3.411637e-01  4.471599e-01  1.247769e+00  7.770321e-01  6.188831e-01  6.032376e+00 6 1 -1.000000e+00
 6.438122e-01  9.147852e-01  1.566721e+00  0.000000e+00  0.000000e+00  1.697258e-01  1.028662e-01 -2.012418e-01  3.227075e-02
-1.031654e-01 -8.469029e-02 -9.696175e-01  2.466778e+01  5.000000e-01  2.933906e+00 -3.636584e-01 -2.153852e+00  2.661215e+00
-8.377792e-02 -6.866386e-02  6.729649e-01  2.466877e+01  1.000000e+00  3.710399e+00 -5.123211e-01 -2.365973e+00  3.424034e+00
1 -8.691121e-01 -4.595764e+00  0.000000e+00  2.868732e+00  0.000000e+00  2.432692e+00 0 2 -1.000000e+00
-1.333451e+00 -9.298952e+00  3.206576e+00  0.000000e+00  0.000000e+00  4.120283e-01  1.751505e-01 -5.633730e-02  1.811686e-03
3  9.132149e-01  6.160959e-01  8.203178e-01  4.172770e-01  9.072964e-01  3.064823e+00 6 1  3.138307e-01
 2.838309e-01 -5.926922e-01  1.881310e+00  0.000000e+00  0.000000e+00  2.325453e-01  1.502415e-01  1.867344e-01  4.182713e-03
-9.173760e-02  1.366018e-01 -1.706906e+00  1.438998e+01  5.000000e-01  1.125160e+00  2.569122e-01  7.317899e-01  1.356451e-01
-1.623337e-02  2.748484e-02  8.643175e-02  1.461864e+01  1.000000e+00  4.812306e+00  7.077535e-01  1.569375e+00  2.177901e+00
3  3.721620e-02  6.711297e-02  6.575467e-01  4.611732e-01  5.967137e-01  2.043017e+00 6 1 -1.000000e+00
-2.717527e-01 -1.227341e-01 -1.303300e+00  1.628924e+01  5.000000e-01  5.626159e-01 -6.323509e-01 -7.474760e-01  3.209230e-01
 8.393030e-02  4.303095e-01  2.184129e+00  0.000000e+00  0.000000e+00  2.264565e-01  3.480801e-01 -1.391451e-01  4.049626e-02
-1.007485e-03 -1.032480e-03  4.709398e-04  3.063720e+01  1.000000e+00  4.926719e+01 -1.002638e+01 -1.028491e+01  4.851399e+01
2  8.667166e-02  1.277899e-01  5.777989e-01  2.385851e-01  3.631594e-01  7.084342e+00 6 1 -1.000000e+00
 2.697464e-01  2.967854e-01  1.645743e+00  0.000000e+00  0.000000e+00  1.719666e-01  6.742335e-02 -2.710446e-01  8.348604e-03
-8.107664e-02 -1.623166e-01 -5.976671e-01  1.367114e+01  5.000000e-01  3.187460e-01  9.181528e-01 -1.137662e+00  9.405819e-02
3  2.115915e-01  1.531837e-01  1.021123e+00  5.651852e-01  8.516234e-02  5.716524e+00 6 2 -1.000000e+00
-2.889726e-01 -1.924730e-01 -3.990715e-01  4.944451e+01  5.000000e-01  6.016459e-01 -6.145538e-01 -1.512226e+00  3.271571e-01
 4.740624e-01  4.861065e-01  4.686009e+00  0.000000e+00  0.000000e+00  2.604670e-01 -1.592867e-02 -5.772817e-01  4.860182e-02
-1.296260e-03 -8.623688e-04  3.282638e-05  7.946686e+01  1.000000e+00  1.876154e+02 -2.973969e+01 -5.897088e+01  1.868202e+02
2  8.266120e-02  6.713273e-01  3.810397e+00  1.767544e+00  2.420389e-01  8.797433e+00 6 3 -1.000000e+00
-5.860516e-03 -7.547004e-01 -1.062497e+00  4.924736e+02  5.000000e-01  9.192344e-01  9.481867e-01  2.205548e-01  2.668804e-02
 1.928149e+00  2.528398e+00  4.389777e+00  0.000000e+00  0.000000e+00  4.936217e-01  1.620942e-01 -4.839844e-02  2.204290e-03
3  7.510116e-02 -4.751941e-02  5.587536e-01  2.561361e-01  2.876169e-01  1.380091e+01 6 3 -1.000000e+00
 1.790425e-01 -3.242507e-01  3.991224e+00  0.000000e+00  0.000000e+00  3.161842e-01  1.003599e-01  4.549529e-01  5.358846e-02
-1.872965e-01  9.765140e-02 -1.147944e+00  1.273594e+01  5.000000e-01  4.891713e-01 -7.192126e-01  7.840932e-01  1.354963e-01
-7.312956e-04  6.545436e-04  1.742033e-04  2.251654e+01  1.000000e+00  7.849744e+01  9.147378e+00  1.348186e+01  7.735870e+01
3  2.311357e-02  1.153280e-01  3.512219e-01  2.109809e-01  6.017460e-01  2.122825e+00 6 1 -1.000000e+00
-2.167923e-02 -8.326151e-02 -8.767709e-01  4.481987e+01  5.000000e-01  5.658585e-01  1.012097e+00 -5.519843e-01  4.113318e-01
 4.018379e-02  2.624693e-01  1.457045e+00  0.000000e+00  0.000000e+00  1.310459e-01  2.391340e-01 -1.075898e-01  2.817104e-02
-1.122494e-03 -4.743563e-03  5.417977e-03  4.927133e+01  1.000000e+00  1.461609e+01  5.338640e-01 -7.362685e-01  1.432332e+01
3 -4.608595e-02  5.973290e-01  1.248381e+00  6.609859e-01  2.181356e-02  4.460024e+00 6 2 -1.000000e+00
-1.895791e-01  1.130885e+00  3.454386e+00  0.000000e+00  0.000000e+00  3.723694e-01  3.073193e-01  9.993970e-02  2.327112e-03
 4.520928e-03 -1.023140e-01 -7.535244e-02  2.638572e+02  5.000000e-01  2.261686e+00  3.842267e+00  3.159217e-01  1.228156e+00
 6.975445e-04 -1.201668e-02  1.471732e-03  2.671233e+02  1.000000e+00  2.858636e+01  9.005294e+00  6.635343e-01  2.695078e+01
3 -2.301576e-01  6.975032e-02  7.427254e-01  2.869533e-01  3.051697e-01  6.118885e+00 6 1 -1.000000e+00
 1.672463e-01 -3.312615e-02 -4.454646e-01  5.687185e+01  5.000000e-01  5.163916e-01 -1.494255e+00  4.959105e-01  2.591420e-01
-5.253034e-01  2.352317e-01  1.459727e+00  0.000000e+00  0.000000e+00  1.676401e-01 -8.501000e-02  2.317163e-02  9.433567e-03
 1.423049e-03 -4.207305e-04  6.259702e-05  7.026816e+01  1.000000e+00  1.291015e+02 -1.789058e+01  1.071096e+01  1.284591e+02
1  2.155410e+00 -6.945174e-01  0.000000e+00  2.515334e+00  0.000000e+00  3.006472e+00 0 2 -1.000000e+00
 6.757333e+00 -2.324811e+00  3.170274e+00  0.000000e+00  0.000000e+00  4.302364e-01 -9.577849e-02  5.181112e-03  3.975911e-03
3 -1.063323e+00 -2.528733e+00  3.441361e+00  1.458707e+00  5.421089e-01  2.650880e+00 6 3  2.843532e-01
-2.329748e+00  3.519754e-01  2.916105e+00  0.000000e+00  0.000000e+00  3.655928e-01 -2.389445e-01  4.954655e-02  6.072441e-03
 1.106979e+00  1.734502e-01 -5.379186e+00  1.277345e+02  5.000000e-01  6.594454e-01 -5.074935e-01 -2.105457e-01  4.783551e-02
 8.202121e-03 -4.693517e-04  4.537399e-04  1.690824e+02  1.000000e+00  4.828079e+01 -5.615011e+00  1.984103e-01  4.556198e+01
3  1.827651e-01 -1.037663e-01  9.344987e-01  4.464368e-01  1.468658e-01  4.578223e+00 6 1 -1.000000e+00
 6.486807e-01 -1.083127e-02  1.864330e+00  0.000000e+00  0.000000e+00  2.063597e-01 -3.020094e-01  4.764033e-02  2.100888e-02
-2.664184e-01  1.785930e-01 -2.738064e-01  3.205995e+01  5.000000e-01  1.001712e+00 -4.978705e-01  1.845086e+00  7.518497e-01
-1.648039e-03  9.480292e-04  3.373951e-05  4.973290e+01  1.000000e+00  2.281412e+02 -7.408548e+01  1.283184e+02  2.273557e+02
3  8.893663e-02  2.862196e-02  5.067551e-01  2.043963e-01  9.484924e-01  5.360345e+00 6 1 -1.000000e+00
-1.738553e-01 -3.465370e-02 -2.236999e+00  1.341900e+01  5.000000e-01  3.995559e-01 -7.659200e-01 -4.700290e-01  6.151738e-02
 3.205141e-01  7.669977e-02  2.358478e+00  0.000000e+00  0.000000e+00  2.662710e-01 -2.474633e-01 -2.304733e-01  1.064506e-02
-4.597461e-04 -2.228887e-05  4.976862e-05  2.302857e+01  1.000000e+00  1.477627e+02 -6.180194e+00  3.752469e+01  1.466174e+02
3 -1.884744e-02  5.206056e-02  2.500024e-01  1.132434e-01  4.810064e-01  5.537999e+00 6 1 -1.000000e+00
 3.885915e-02 -7.292783e-02 -9.033329e-01  5.913432e+00  5.000000e-01  5.245702e-01  5.479405e-01  1.016271e+00  3.490912e-01
-2.479457e-02  1.688353e-01  1.878006e+00  0.000000e+00  0.000000e+00  2.020005e-01  2.892144e-01  1.438005e-01  5.966656e-02
 4.051221e-04 -1.119561e-03  6.438840e-04  8.120799e+00  1.000000e+00  4.154117e+01  7.290869e+00  6.111879e+00  4.119484e+01
1 -1.332664e-02  3.520434e-02  0.000000e+00  4.556008e-02  0.000000e+00  7.922662e+00 0 2  2.741242e-01
 2.879010e-02 -9.002696e-02  3.242537e+00  0.000000e+00  0.000000e+00  3.896659e-01  2.461979e-01 -5.910765e-02  1.882211e-03
3 -1.888716e-01  2.061597e-01  1.326793e+00  7.412052e-01  4.721571e-01  4.935969e+00 6 1 -1.000000e+00
 3.666565e-01 -2.023351e-01 -9.257819e-01  1.913680e+01  5.000000e-01  7.794936e-01 -6.183846e-01  8.639396e-01  5.113491e-01
-3.781485e-01  8.956837e-01  1.960750e+00  0.000000e+00  0.000000e+00  2.388919e-01  1.307905e-01  2.284084e-01  5.936463e-02
 1.369595e-02 -1.169513e-02  6.928479e-03  2.253587e+01  1.000000e+00  1.350980e+01 -1.652859e+00  3.071035e+00  1.293041e+01
1 -3.370983e+00  4.949447e-01  0.000000e+00  1.983757e+00  0.000000e+00  6.145809e+00 0 2 -1.000000e+00
-5.369911e+00  4.009796e-01  4.053822e+00  0.000000e+00  0.000000e+00  4.231834e-01 -2.685628e-01  1.179434e-01  8.054613e-03
2  9.825435e-01 -1.353348e+00  9.134988e-01  1.457905e+00  2.837256e-04  7.441053e+00 6 2  2.979372e-01
-7.774240e-01 -5.074049e-01 -3.752144e+00  1.786611e+02  5.000000e-01  9.147804e-01 -1.277647e-01 -5.073981e-01  6.928170e-02
-1.330082e-02 -6.809470e-03  1.064579e-03  1.965251e+02  1.000000e+00  3.490468e+01 -3.877399e+00 -1.396980e+01  3.162807e+01
3 -4.179620e-01  4.740443e-01  1.629755e+00  9.595473e-01  1.206526e-01  6.299745e+00 6 1 -1.000000e+00
-6.458524e-01  1.091426e+00  2.116138e+00  0.000000e+00  0.000000e+00  2.095180e-01  1.369065e-01  3.654577e-01  2.228929e-02
 2.913339e-01 -2.419097e-01 -2.553176e-01  7.170192e+01  5.000000e-01  1.005148e+00 -1.991691e-01  1.969022e+00  6.559233e-01
 1.093053e-02 -8.778440e-03  7.419857e-04  8.009150e+01  1.000000e+00  4.074629e+01 -7.100715e+00  1.347636e+01  3.993672e+01
3  1.008844e-01 -7.281589e-01  1.804451e+00  5.765658e-01  1.138726e-01  6.262245e+00 6 1 -1.000000e+00
 4.123486e-01 -1.455449e+00  1.391511e+00  0.000000e+00  0.000000e+00  1.493744e-01  6.764151e-02 -1.858001e-02  1.294599e-02
-6.870139e-04  1.246164e-02  4.009548e-04  1.036616e+02  1.000000e+00  5.642190e+01  2.403101e+01  2.254949e-01  5.582295e+01
-1.124015e-02  2.985789e-01 -1.584550e-01  9.662006e+01  5.000000e-01  1.262497e+00  2.519785e+00  1.747292e-01  9.744771e-01
5  1.018929e-02 -1.321311e-02  3.919705e-01  1.894165e-01  1.000000e+00  6.820598e+00 6 3 -1.000000e+00
-9.013813e-02 -1.844657e-01  2.962733e+00  0.000000e+00  0.000000e+00  3.121288e-01  2.666499e-01 -2.540442e-01  7.596403e-02
 1.426554e-01 -9.846792e-02 -2.846543e+00  3.854367e-01  5.000000e-01  4.896400e-01 -2.371429e-01  7.453415e-01  1.824155e-01
-1.110452e-01  9.822835e-02 -1.462531e+00  8.725949e-01  5.000000e-01  5.809845e-01 -8.581609e-02  9.230145e-01  2.502311e-01
 1.635919e-01  1.143017e-01  3.328585e+00  1.357682e-01  0.000000e+00  3.254905e-01 -1.663975e-01 -3.561560e-01  9.230379e-02
-2.818364e-04  3.090015e-04  7.009329e-04  2.107237e+00  1.000000e+00  3.956418e+01 -1.875883e+00  7.550317e+00  3.854270e+01
3  1.042760e-01 -9.790768e-01  3.230218e+00  1.631886e+00  9.232188e-02  3.364018e+00 6 2 -1.000000e+00
-2.413543e-02 -2.696320e+00  4.484976e+00  0.000000e+00  0.000000e+00  4.541578e-01  2.732940e-01  1.695354e-02  9.175169e-03
-1.107660e-01  5.327356e-01 -4.140614e-01  3.684589e+02  5.000000e-01  1.344221e+00  1.498419e+00  5.369629e-01  5.596373e-01
-1.042857e-02  4.429387e-02  4.692480e-03  3.829257e+02  1.000000e+00  1.692890e+01  5.167522e+00  3.730890e+00  1.561514e+01
1  1.079840e+01  1.978256e+00  0.000000e+00  8.172717e+00  0.000000e+00  1.001535e+01 0 2 -1.000000e+00
 1.946976e+01  3.736874e+00  6.155914e+00  0.000000e+00  0.000000e+00  4.915436e-01 -2.983668e-01 -8.402257e-02  3.347447e-04
1  1.574536e+00  2.064012e-02  0.000000e+00  2.463663e+00  0.000000e+00  5.688331e+00 0 2 -1.000000e+00
 3.755562e+00 -1.037062e+00  3.463585e+00  0.000000e+00  0.000000e+00  4.115071e-01 -2.379973e-01  3.103259e-02  3.998726e-03
3  2.512886e-01  4.397281e-01  1.297483e+00  6.326737e-01  1.623345e-01  3.584407e+00 6 1 -1.000000e+00
 4.840973e-01  1.039329e+00  1.609080e+00  0.000000e+00  0.000000e+00  2.016521e-01  8.356152e-02 -9.436011e-02  4.961946e-03
-9.011192e-02 -1.241767e-01 -2.612093e-01  1.075678e+02  5.000000e-01  1.591282e+00  6.286269e-01 -1.944940e+00  8.010866e-01
-1.254957e-02 -1.823171e-02  6.896104e-03  1.090530e+02  1.000000e+00  1.409886e+01  1.227740e+00 -5.006329e+00  1.264239e+01
3 -3.387330e-01 -4.909376e-01  1.353997e+00  6.245501e-01  1.061582e-01  6.807111e+00 6 1 -1.000000e+00
-6.697094e-01 -9.247423e-01  1.567882e+00  0.000000e+00  0.000000e+00  1.904805e-01  4.870171e-02 -1.230731e-01  4.580804e-03
 3.258933e-03  3.547932e-03  1.463588e-04  1.190390e+02  1.000000e+00  8.521611e+01 -8.032531e+00 -1.397531e+01  8.440908e+01
 1.296463e-01  1.681161e-01 -1.664436e-01  1.089789e+02  5.000000e-01  8.123999e-01  8.324673e-01 -2.313057e+00  4.399921e-01
1 -1.391508e+00 -1.218241e+00  0.000000e+00  1.910574e+00  0.000000e+00  6.506312e+00 0 2 -1.000000e+00
-1.326983e+00 -2.772640e+00  4.060727e+00  0.000000e+00  0.000000e+00  3.788183e-01  8.258773e-02 -3.643963e-01  7.102378e-04
3 -6.245471e-02  3.847330e-01  1.629606e+00  8.187572e-01  4.383953e-01  7.022337e+00 6 1 -1.000000e+00
 1.578181e-02 -4.456893e-01 -1.036531e+00  1.223621e+02  5.000000e-01  6.504336e-01  1.041772e+00  4.079346e-02  1.052568e-01
-3.385485e-01  1.144929e+00  2.364376e+00  0.000000e+00  0.000000e+00  3.029644e-01  2.262793e-01  1.082206e-01  6.568603e-03
 2.844767e-04 -2.546138e-03  7.732296e-05  1.592354e+02  1.000000e+00  1.153879e+02  1.209471e+01 -2.352219e+00  1.134045e+02
3 -1.255237e+00 -4.195126e-02  1.850975e+00  9.968275e-01  3.086928e-01  5.814003e+00 6 1  2.801867e-01
-1.139064e-01 -1.426707e+00  2.704929e+00  0.000000e+00  0.000000e+00  3.184021e-01  3.002174e-01  6.891841e-02  2.636936e-03
-2.807852e-01  4.167301e-01 -8.349921e-01  1.843962e+02  5.000000e-01  9.071357e-01  3.463315e-01  1.042254e+00  5.132553e-02
-8.213339e-04  2.063577e-03  4.739692e-05  2.282173e+02  1.000000e+00  1.471654e+02  9.217137e+00  1.345174e+01  1.420062e+02
3 -2.975655e-01 -1.298083e-02  9.564943e-01  5.186432e-01  1.093687e-01  3.444124e+00 6 3 -1.000000e+00
 2.750554e-01  1.717472e-02 -3.320302e-01  1.744003e+02  5.000000e-01  5.632551e-01 -1.759455e+00 -3.268630e-01  1.954633e-01
-6.760441e-01  1.186191e-01  3.035880e+00  0.000000e+00  0.000000e+00  2.788242e-01 -4.339343e-01  4.900809e-02  1.651422e-02
 6.732842e-04 -8.437240e-06  5.758486e-06  2.647325e+02  1.000000e+00  4.318004e+02 -1.073235e+02  2.034561e+01  4.307019e+02
1 -4.086751e-01  2.774108e-01  0.000000e+00  1.757099e-01  0.000000e+00  6.834575e+00 0 2  2.741230e-01
 1.190049e-02  3.773524e-01  3.553586e+00  0.000000e+00  0.000000e+00  4.121669e-01  2.448996e-01  6.454509e-02  4.353454e-03
3  2.808886e-01  5.251522e-01  1.870226e+00  9.120457e-01  2.244060e-01  2.036827e+00 6 1 -1.000000e+00
-2.131356e-01 -3.769354e-01 -5.229398e-01  5.175577e+01  5.000000e-01  1.112322e+00  7.528780e-01 -1.165357e+00  7.644488e-01
 6.981111e-01  1.256275e+00  2.330329e+00  0.000000e+00  0.000000e+00  2.614513e-01  1.901141e-01 -2.831730e-01  5.551693e-02
-2.227149e-02 -3.828711e-02  1.079876e-02  5.471264e+01  1.000000e+00  1.149691e+01  1.905114e+00 -3.735313e+00  1.086841e+01
3  5.900120e-03 -1.416458e-01  1.020274e+00  4.427393e-01  8.938048e-01  2.454887e+00 6 3 -1.000000e+00
 3.704111e-02 -6.457714e-01  3.085394e+00  0.000000e+00  0.000000e+00  3.355947e-01  3.411310e-01  3.092512e-02  1.036053e-01
-1.552546e-02  3.731475e-01 -2.757740e+00  9.856040e+00  5.000000e-01  6.389060e-01  7.006833e-01  4.524916e-02  3.370682e-01
-4.976832e-04  9.571497e-03  6.029064e-03  1.345418e+01  1.000000e+00  1.443147e+01  3.781753e+00  4.894300e-01  1.363856e+01
3  3.629010e-02  1.164717e+00  1.999266e+00  8.982634e-01  1.424364e-01  6.606225e+00 6 1  3.017113e-01
 1.398030e+00 -1.205359e+00  1.507357e+00  0.000000e+00  0.000000e+00  1.620665e-01  8.293247e-02  1.784438e-01  2.956724e-03
-9.647780e-02  1.226126e-01 -2.147026e-01  1.437518e+02  5.000000e-01  2.773608e+00  5.193041e-01  2.744743e+00  1.424278e+00
-3.527610e-02  4.685802e-02  3.099733e-02  1.439578e+02  1.000000e+00  8.572327e+00  1.321537e+00  4.830406e+00  6.517654e+00
3 -1.420389e-01  2.370466e-01  6.963429e-01  3.646688e-01  2.154293e-01  5.120379e+00 6 1 -1.000000e+00
-3.041050e-01  4.895268e-01  1.697398e+00  0.000000e+00  0.000000e+00  1.923720e-01  1.394505e-01  2.089969e-01  3.225741e-02
 7.226802e-02 -9.633739e-02 -3.656694e-01  3.126365e+01  5.000000e-01  1.387852e+00  6.068620e-01  1.586461e+00  1.081884e+00
 1.330654e-02 -1.713975e-02  1.761986e-02  3.188743e+01  1.000000e+00  9.439670e+00  4.848966e-01  3.773431e+00  8.968406e+00
3 -1.387816e+00 -9.989499e-01  3.417510e+00  1.552904e+00  5.387881e-01  1.612505e+01 6 1  2.732813e-01
 6.622116e-01 -1.483066e-01 -9.243657e-01  7.712710e+02  5.000000e-01  1.100902e+00 -9.631772e-01  4.053317e-01  1.115200e-01
-2.526234e+00  1.081813e+00  1.715639e+00  0.000000e+00  0.000000e+00  2.158514e-01 -1.450740e-01  1.047338e-01  2.063461e-03
 2.107481e-02 -4.452339e-03  9.643834e-04  8.155883e+02  1.000000e+00  3.603511e+01 -1.320468e+01  4.020394e+00  3.102663e+01
3 -1.792110e-01  2.387822e-01  3.228258e-01  1.255972e-01  1.126749e-01  6.034357e+00 6 1  2.705581e-01
-1.982226e-01  2.211708e-01  1.949224e+00  0.000000e+00  0.000000e+00  2.790916e-01 -5.676709e-03  8.156021e-02  4.222239e-03
 1.834494e-02 -1.823462e-02 -2.196286e-01  2.006793e+01  5.000000e-01  2.363410e+00 -2.675326e-02  2.532057e+00  1.561116e+00
 5.446830e-03 -5.450890e-03  2.022483e-02  2.012735e+01  1.000000e+00  9.802818e+00 -5.743713e-02  5.295482e+00  8.710442e+00
1  2.579950e+00  4.687561e+00  0.000000e+00  3.197379e+00  0.000000e+00  7.313750e+00 0 2 -1.000000e+00
 1.277065e+00  8.347518e+00  9.329445e+00  0.000000e+00  0.000000e+00  4.982107e-01  2.839585e-01 -2.529279e-01  1.739178e-03
3 -3.569255e+00 -1.297310e+00  2.575849e+00  1.203390e+00  6.547531e-01  4.172854e+00 6 3  2.991292e-01
-1.096049e+00  1.469649e+00  1.998285e+00  0.000000e+00  0.000000e+00  2.771295e-01  5.065389e-02  1.398102e-01  9.802557e-03
 8.716231e-01 -1.926573e-01 -3.051967e+00  1.003695e+02  5.000000e-01  6.352695e-01 -6.657530e-01  1.321316e-01  8.281936e-02
 4.708610e-03 -4.654388e-03  4.078796e-04  1.390163e+02  1.000000e+00  5.255927e+01 -3.804809e+00  1.386284e+01  4.937012e+01
3  9.082028e-01 -7.054804e-01  2.546312e+00  1.122901e+00  3.075947e-02  8.310124e+00 6 2 -1.000000e+00
 1.687324e+00 -1.467252e+00  3.418876e+00  0.000000e+00  0.000000e+00  3.633379e-01 -9.354704e-02  3.226358e-01  1.927652e-02
-3.801257e-02  3.373122e-02  3.663991e-03  2.948110e+02  1.000000e+00  2.196236e+01 -1.146755e+00  1.285220e+01  2.090345e+01
-2.347421e-01  2.028879e-01 -1.051628e-01  2.906014e+02  5.000000e-01  2.753251e+00 -6.602325e-01  3.485261e+00  2.040418e+00
1 -6.608844e+00 -3.816272e+00  0.000000e+00  1.635671e+00  0.000000e+00  3.147865e+00 0 2  2.886962e-01
-3.322110e+00 -4.162521e+00  6.145548e+00  0.000000e+00  0.000000e+00  4.676350e-01 -3.289093e-01 -1.118560e-01  2.435838e-04
3 -2.789738e-01 -3.205991e-01  1.788229e+00  6.961353e-01  3.399799e-01  2.535296e+00 6 1  2.847925e-01
 1.431355e+00  1.627919e-01  1.506959e+00  0.000000e+00  0.000000e+00  1.650041e-01 -1.778302e-01 -4.479266e-02  2.722380e-03
-3.335364e-01 -1.251710e-01 -5.123357e-01  2.148704e+02  5.000000e-01  8.540943e-01 -9.979531e-01 -9.885462e-01  1.403630e-01
-3.149687e-03 -7.500444e-04  5.225809e-05  2.432469e+02  1.000000e+00  1.418387e+02 -2.241870e+01 -1.404092e+01  1.379439e+02
1 -4.005785e-01 -7.352840e-01  0.000000e+00  5.980701e-01  0.000000e+00  2.504943e+00 0 2 -1.000000e+00
-7.494240e-01 -1.410609e+00  3.641477e+00  0.000000e+00  0.000000e+00  4.112636e-01  1.613676e-01 -2.143762e-01  2.705133e-02
2 -4.656918e+00 -4.540620e-01  4.613790e+00  2.896928e+00  3.154804e-03  4.988281e+00 6 2  2.718095e-01
 3.616204e+00  2.721312e+00  9.789164e+00  0.000000e+00  0.000000e+00  5.993240e-01 -1.643640e-01 -1.771213e-01  2.027065e-04
-1.105487e-01  1.317239e-03 -3.088289e-02  9.620148e+02  5.000000e-01  6.310518e+00 -7.781490e+00 -1.743546e-01  4.113358e+00
3 -7.609769e-02  2.862764e-01  1.074438e+00  3.770371e-01  3.273550e-01  2.513170e+00 6 1 -1.000000e+00
 4.776252e-02 -2.819380e-01 -6.407234e-01  8.288270e+01  5.000000e-01  5.762447e-01  1.159517e+00  6.291461e-01  1.930066e-01
-1.401660e-01  7.759373e-01  1.957274e+00  0.000000e+00  0.000000e+00  2.520004e-01  1.757381e-01  1.330594e-01  1.162655e-02
 3.453921e-05 -1.620044e-03  3.246273e-05  1.106149e+02  1.000000e+00  1.912261e+02  6.868696e+01 -2.575898e+01  1.900758e+02
3 -1.598397e+00 -7.923250e-01  1.038712e+00  5.326512e-01  9.845126e-01  5.908056e+00 6 3  2.780706e-01
 4.348354e-01  3.400989e-02 -3.685797e+00  3.241630e+01  5.000000e-01  6.161415e-01 -6.289742e-01 -1.518240e-01  6.442215e-02
-4.809123e-01  5.242426e-01  3.628714e+00  0.000000e+00  0.000000e+00  4.388036e-01  1.291486e-02  1.979769e-01  1.048477e-02
 6.385546e-04 -4.371007e-04  1.383383e-04  6.501859e+01  1.000000e+00  8.620707e+01 -5.543566e+00 -9.258509e-01  8.396017e+01
3 -1.134170e-01 -5.984745e-01  1.725748e+00  6.505221e-01  1.359744e-01  6.029528e+00 6 1 -1.000000e+00
-6.579046e-01 -1.322103e+00  1.921021e+00  0.000000e+00  0.000000e+00  2.635358e-01  1.463668e-01 -1.999223e-02  2.445862e-02
 4.787665e-02  2.527240e-01 -2.612097e-01  9.162906e+01  5.000000e-01  1.727993e+00  2.022823e+00 -5.162410e-01  1.238787e+00
 9.816842e-03  3.933832e-02  9.186803e-03  9.346296e+01  1.000000e+00  1.341023e+01  5.860059e+00 -3.289655e+00  1.265103e+01
1  9.184393e-02 -2.670624e-01  0.000000e+00  2.833157e-01  0.000000e+00  4.064407e+00 0 2 -1.000000e+00
 1.824233e-01 -5.807997e-01  4.247780e+00  0.000000e+00  0.000000e+00  3.553307e-01  3.490349e-01  2.415701e-01  1.107549e-01
2 -6.346384e-02  4.891762e-01  1.587481e+00  8.302165e-01  2.510814e-01  1.161585e+01 6 1  2.742494e-01
-9.599433e-01 -7.745894e-01  2.239403e+00  0.000000e+00  0.000000e+00  2.841849e-01 -9.748802e-02 -2.373601e-01  2.698235e-03
 3.723724e-01  8.856239e-02 -5.622724e-01  1.454100e+02  5.000000e-01  8.861349e-01 -1.232122e+00 -5.228163e-01  9.100427e-02
3 -2.265371e-01  7.489261e-02  1.120846e+00  5.104224e-01  1.954886e-01  1.510467e+01 6 3 -1.000000e+00
-8.014151e-01 -2.513289e-01  3.350772e+00  0.000000e+00  0.000000e+00  3.644035e-01 -3.241404e-01 -2.184491e-02  6.685957e-03
 3.167689e-01 -1.741298e-01 -6.550378e-01  6.330052e+01  5.000000e-01  6.539272e-01 -7.291245e-01  1.055828e+00  1.044190e-01
 1.010570e-03 -5.836377e-04  3.794393e-05  9.590940e+01  1.000000e+00  1.673514e+02  1.449722e+01  3.328576e+01  1.654305e+02
2 -8.225664e-01 -3.461832e-01  1.140930e+01  5.074138e+00  1.459967e-01  8.168653e+00 6 3 -1.000000e+00
-6.584047e+00 -2.665030e+00  4.689805e+00  0.000000e+00  0.000000e+00  4.671125e-01 -1.955760e-01 -1.802516e-01  6.762819e-05
 3.162281e+00  3.266349e+00 -3.212268e+01  3.398961e+03  5.000000e-01  7.293354e-01  3.294291e-02 -3.214106e-01  2.449656e-04
3 -2.892013e-01  7.695670e-02  1.432798e+00  8.053774e-01  4.143452e-01  3.706661e+00 6 1 -1.000000e+00
 4.473580e-01 -7.210923e-03 -1.034008e+00  2.072886e+01  5.000000e-01  8.637728e-01 -9.913538e-01  5.372076e-02  5.038900e-01
-9.191734e-01  4.234898e-01  2.495523e+00  0.000000e+00  0.000000e+00  2.949825e-01 -1.807463e-01  2.523151e-01  5.820823e-02
 2.093074e-02 -2.112386e-03  7.023344e-03  2.413787e+01  1.000000e+00  1.390360e+01 -4.901769e+00 -3.052913e-01  1.312743e+01
5 -3.866882e-02  2.019771e-02  1.874943e+00  7.311549e-01  1.000000e+00  2.489523e+00 6 3 -1.000000e+00
-4.265564e-01 -8.388392e-01  3.776309e+00  1.344903e+00  0.000000e+00  3.895751e-01  1.590941e-01 -2.872261e-01  5.437084e-02
 6.183155e-01 -2.416219e-01 -2.075871e+00  1.420278e+01  5.000000e-01  5.235441e-01 -6.094231e-01  5.808091e-01  3.742101e-02
-6.933418e-01  2.324696e-01 -3.215710e+00  8.107893e+00  5.000000e-01  4.880410e-01 -5.895678e-01  4.748528e-01  2.957070e-02
 1.694175e-01  9.388631e-01  3.404910e+00  0.000000e+00  0.000000e+00  3.813310e-01  2.938577e-01 -5.201426e-02  3.521262e-02
 1.673071e-04 -6.343279e-05  3.197868e-05  5.225065e+01  1.000000e+00  1.807054e+02  1.972473e-01 -3.198664e+01  1.780784e+02
3  7.856491e-03  1.080999e-01  1.062826e+00  4.335653e-01  7.571657e-01  4.745725e+00 6 3 -1.000000e+00
-9.058866e-02 -4.285718e-01 -2.591492e+00  1.749467e+01  5.000000e-01  3.540541e-01  6.767058e-01 -5.875317e-01  9.324581e-02
-1.946099e-01  6.291511e-01  3.422622e+00  0.000000e+00  0.000000e+00  3.016607e-01  4.262862e-01  1.174065e-01  8.414926e-02
 2.119708e-04 -9.954269e-04  8.117193e-05  4.287372e+01  1.000000e+00  1.218208e+02  2.940116e+01  3.759945e+01  1.208281e+02
1 -9.856014e-02  1.606389e-01  0.000000e+00  1.543487e-01  0.000000e+00  3.995938e+00 0 2 -1.000000e+00
-1.953515e-01  2.623528e-01  4.632387e+00  0.000000e+00  0.000000e+00  3.623206e-01  1.406711e-01  4.134915e-01  1.379013e-01
3 -1.271912e-01 -3.778321e-01  1.341780e+00  5.968512e-01  1.854051e-01  6.517309e+00 6 1 -1.000000e+00
-1.954523e-01 -1.000981e+00  2.397829e+00  0.000000e+00  0.000000e+00  3.005294e-01  2.396400e-01 -1.216059e-01  2.169403e-02
 1.278585e-01  3.012653e-01 -4.445698e-01  8.490426e+01  5.000000e-01  8.835675e-01  1.024257e+00 -1.101735e+00  4.147150e-01
 2.745005e-03  7.215777e-03  5.428158e-04  9.858865e+01  1.000000e+00  4.624803e+01  9.892641e+00 -1.035732e+01  4.515974e+01
3  3.777665e-02 -3.779598e-01  9.808589e-01  6.204804e-01  2.384819e-01  4.882929e+00 6 1 -1.000000e+00
 8.342291e-02 -7.806107e-01  1.799452e+00  0.000000e+00  0.000000e+00  2.064073e-01  2.713687e-01  2.058802e-02  1.248678e-02
-3.926153e-02  1.925454e-01 -4.291369e-01  7.033831e+01  5.000000e-01  7.611329e-01  1.471894e+00  4.699411e-01  4.155787e-01
-2.527523e-03  1.078186e-02  2.808529e-03  7.535787e+01  1.000000e+00  2.006961e+01  6.835768e-01  2.669166e+00  1.940617e+01
3  1.272558e-01 -4.544403e-01  1.660844e+00  6.746029e-01  9.710127e-02  7.849047e+00 6 2 -1.000000e+00
 6.255355e-01 -1.148594e+00  3.839414e+00  0.000000e+00  0.000000e+00  4.102385e-01  1.898203e-01  2.265623e-01  6.544172e-03
-6.557971e-02  3.616257e-01 -3.728120e-01  1.357376e+02  5.000000e-01  1.095796e+00  1.524512e+00  6.061007e-01  2.977629e-01
-6.616325e-04  4.000923e-03  8.178572e-05  1.598252e+02  1.000000e+00  1.211296e+02  4.631559e+01  7.675388e+00  1.188999e+02
1  1.861193e+00  4.399180e+00  0.000000e+00  1.702541e+00  0.000000e+00  8.030134e+00 0 2  2.742093e-01
 1.533972e+00  3.714036e+00  3.771123e+00  0.000000e+00  0.000000e+00  3.082031e-01  3.641147e-01 -2.843069e-01  5.524430e-04
3 -1.494497e-01  1.710047e-01  5.340446e-01  2.441718e-01  1.699770e-01  2.833146e+00 6 1 -1.000000e+00
 7.463297e-02 -7.545292e-02 -2.577251e-01  3.383843e+01  5.000000e-01  4.178085e-01  2.954326e-01  2.032676e+00  1.355140e-01
-3.099629e-01  2.950733e-01  1.516235e+00  0.000000e+00  0.000000e+00  1.607346e-01  6.320187e-02  2.020980e-01  2.760318e-03
 7.398965e-04 -4.672129e-04  4.509877e-05  4.022661e+01  1.000000e+00  1.570603e+02 -3.912073e+01 -2.551114e+01  1.563292e+02
1 -1.045034e+00  1.459989e+00  0.000000e+00  3.851880e-01  0.000000e+00  1.285309e+01 0 2  2.772282e-01
 5.165466e-01 -2.263205e-01  3.433341e+00  0.000000e+00  0.000000e+00  3.141659e-01 -2.802432e-01  3.171289e-01  6.847721e-03
3 -6.720077e-01  3.435087e-01  1.568934e+00  9.157814e-01  2.210001e-02  7.327413e+00 6 2 -1.000000e+00
-1.011725e+00  8.413608e-01  3.600970e+00  0.000000e+00  0.000000e+00  3.419097e-01 -1.395769e-01  3.686437e-01  5.295078e-03
 2.389165e-01 -1.059773e-01 -7.958146e-02  3.835977e+02  5.000000e-01  1.326418e+00 -2.318534e+00  2.701239e+00  6.059808e-01
 2.029334e-03 -8.419070e-04  9.352593e-06  4.441511e+02  1.000000e+00  3.522066e+02 -1.017218e+02  7.795202e+01  3.504051e+02
3 -1.068032e-01  1.071774e-01  5.025105e-01  1.867502e-01  3.237495e-01  4.126506e+00 6 1 -1.000000e+00
-3.208805e-01  2.466318e-01  1.754507e+00  0.000000e+00  0.000000e+00  2.371314e-01  5.870717e-03  1.094230e-01  1.054504e-02
 5.881944e-02 -8.252578e-02 -5.680207e-01  4.613886e+01  5.000000e-01  8.727872e-01  4.663079e-01  1.248695e+00  4.150343e-01
 2.603226e-03 -3.209682e-03  1.480185e-03  5.007653e+01  1.000000e+00  2.813922e+01  3.416101e+00  7.019711e+00  2.713013e+01
1  3.553163e-01 -6.843870e-02  0.000000e+00  4.540971e-01  0.000000e+00  6.184491e+00 0 2  2.902205e-01
 3.446582e-01  7.348396e-01  3.169837e+00  0.000000e+00  0.000000e+00  3.674376e-01  2.706006e-01 -1.069434e-01  4.047212e-02
3  9.801829e-01  1.470783e-01  1.436606e+00  9.276467e-01  4.845302e-02  7.489251e+00 6 2  2.854885e-01
 8.808269e-01  6.830907e-01  7.030408e+00  0.000000e+00  0.000000e+00  3.738653e-01 -5.609882e-02 -4.966471e-01  2.806052e-02
-2.796572e-01 -1.637349e-01 -3.406445e-01  6.895004e+01  5.000000e-01  1.547496e+00 -8.502821e-01 -1.585050e+00  5.567877e-01
-2.078017e-02 -1.270865e-02  4.302681e-03  7.324802e+01  1.000000e+00  1.840401e+01 -4.259365e+00 -7.234932e+00  1.572562e+01
1 -3.156075e-02 -4.359881e-02  0.000000e+00  2.668224e-02  0.000000e+00  2.929735e+00 0 2  2.875984e-01
 2.358511e-02 -4.516709e-02  3.403015e+00  0.000000e+00  0.000000e+00  3.904478e-01  1.962393e-01  1.979568e-01  7.726565e-04
1 -2.143441e+00 -3.373688e+00  0.000000e+00  5.973633e+00  0.000000e+00  7.547594e+00 0 2 -1.000000e+00
-3.201404e+00 -8.389387e+00  3.995692e+00  0.000000e+00  0.000000e+00  3.715608e-01  2.719570e-01 -2.659053e-01  2.741948e-05
3 -7.316406e-02  1.676368e-03  2.934444e-01  1.925720e-01  2.478592e-01  7.613174e+00 6 3 -1.000000e+00
-2.177695e-01 -7.880491e-02  4.122996e+00  0.000000e+00  0.000000e+00  3.809558e-01 -3.260517e-01 -1.853753e-01  1.805383e-01
 6.532107e-02 -1.543422e-03 -1.021923e+00  1.194070e+00  5.000000e-01  1.641142e+00 -1.170506e+00  1.397382e-01  1.328025e+00
 2.387820e-02 -1.025931e-05  2.374875e-01  1.204553e+00  1.000000e+00  3.736922e+00 -1.810815e+00  3.073446e-02  3.335777e+00
3 -5.201550e-01  7.671394e-01  3.202261e+00  1.846171e+00  1.499538e-01  1.492804e+00 6 3 -1.000000e+00
 5.843080e-01 -6.127615e-01 -4.613700e-01  2.416161e+02  5.000000e-01  8.623756e-01  2.715819e-01  1.453493e+00  4.209374e-01
-1.154162e+00  2.076513e+00  3.076747e+00  0.000000e+00  0.000000e+00  3.355007e-01  1.899770e-01  2.836361e-01  2.062534e-02
 1.394254e-02 -1.298907e-02  5.308195e-04  2.871391e+02  1.000000e+00  4.861542e+01 -7.524045e+00  1.807588e+01  4.770188e+01
3  5.985802e-01 -2.026921e-01  1.926523e+00  9.978037e-01  1.671090e-01  4.737843e+00 6 1 -1.000000e+00
 1.199590e+00 -1.045467e+00  2.342378e+00  0.000000e+00  0.000000e+00  2.910123e-01 -1.583219e-01  2.251246e-01  4.329373e-02
-3.544374e-01  9.316730e-02 -3.914324e-01  8.026896e+01  5.000000e-01  1.472910e+00 -1.530838e+00  6.594687e-01  1.029169e+00
-5.541581e-02  1.888410e-02  1.813008e-02  8.245382e+01  1.000000e+00  9.519985e+00 -3.378336e+00  2.453573e+00  8.852841e+00
3  3.181006e-01  3.064932e-01  1.796173e+00  9.053052e-01  2.562959e-01  4.398309e+00 6 1 -1.000000e+00
-4.186468e-01 -3.160699e-01 -6.613121e-01  6.257928e+01  5.000000e-01  6.807296e-01 -3.992868e-01 -1.206088e+00  2.210184e-01
 6.846504e-01  1.101313e+00  2.580267e+00  0.000000e+00  0.000000e+00  3.042842e-01  7.084494e-02 -3.023983e-01  1.805428e-02
-3.550314e-03 -3.109282e-03  1.616233e-04  8.279015e+01  1.000000e+00  8.175086e+01 -5.241894e+00 -1.749273e+01  8.032864e+01
3  6.710482e-01  2.771475e-02  1.218466e+00  6.583193e-01  2.838547e-01  4.154037e+00 6 3  2.910547e-01
 3.572183e-01 -1.370726e-01 -1.117331e+00  2.906656e+01  5.000000e-01  9.872031e-01 -7.865334e-01  5.258511e-01  2.725785e-01
-4.019475e-01  8.159897e-01  3.936276e+00  0.000000e+00  0.000000e+00  4.208501e-01  1.144826e-01  2.612684e-01  1.831780e-02
 1.007912e-02 -5.986112e-03  3.830294e-03  3.445219e+01  1.000000e+00  1.863972e+01 -4.222127e+00  5.679518e+00  1.678009e+01
3  2.850196e-01 -2.370838e+00  2.734547e+00  1.198122e+00  1.076267e-01  4.248835e+00 6 1  2.897588e-01
 2.605709e+00  3.339566e-01  1.717598e+00  0.000000e+00  0.000000e+00  2.352959e-01 -5.055082e-02 -2.903581e-03  1.133970e-03
-1.115642e-01  2.707985e-02 -1.848595e-01  3.036251e+02  5.000000e-01  5.598141e+00 -4.695473e+00  2.122485e+00  3.506745e+00
-7.841173e-02  1.960728e-02  9.216071e-02  3.036391e+02  1.000000e+00  8.333880e+00 -5.850065e+00  2.951596e+00  5.991060e+00
3  5.559318e-01 -1.287934e-01  1.326654e+00  6.836099e-01  3.741529e-01  1.006644e+01 6 1  2.809415e-01
-7.652733e-01 -6.489244e-01  2.761067e+00  0.000000e+00  0.000000e+00  3.563568e-01 -1.178780e-01 -1.954546e-01  8.719542e-03
 4.101092e-01 -3.371249e-02 -1.033061e+00  6.337199e+01  5.000000e-01  8.667720e-01 -9.299845e-01  3.476715e-01  4.692922e-02
 2.192876e-03  6.499323e-04  1.342550e-04  8.389715e+01  1.000000e+00  9.198691e+01 -1.707685e+01 -2.320537e+01  8.702219e+01
3  4.151211e-01  1.078919e+00  1.785534e+00  7.299866e-01  8.861573e-01  9.372114e+00 6 1  2.829009e-01
 3.470950e-01 -2.765453e-01 -2.220512e+00  1.118673e+02  5.000000e-01  8.362985e-01  1.492640e-01  6.744368e-01  5.382392e-02
-1.395037e+00  1.147464e-01  1.967723e+00  0.000000e+00  0.000000e+00  2.853190e-01  5.807844e-03  5.033446e-02  2.977916e-03
 1.171343e-02 -3.050130e-03  2.901025e-03  1.239546e+02  1.000000e+00  2.104507e+01 -6.730529e+00  3.434964e+00  1.720957e+01
3  9.327523e-03  2.355472e-02  2.728656e-01  1.395844e-01  8.421579e-01  4.741853e+00 6 1 -1.000000e+00
 5.877374e-02 -1.212580e-01 -2.183195e+00  4.319523e+00  5.000000e-01  5.049157e-01  5.678546e-01  6.170040e-01  2.478898e-01
 9.076548e-02  1.497257e-01  2.592382e+00  0.000000e+00  0.000000e+00  2.476075e-01  1.691318e-01 -3.895425e-01  3.876684e-02
-4.310522e-05 -3.471391e-04  3.436162e-04  1.003524e+01  1.000000e+00  5.670459e+01  5.152109e+00  1.289314e+01  5.599727e+01
1  6.220293e+00  3.736788e+00  0.000000e+00  3.579783e+00  0.000000e+00  1.555638e+01 0 2 -1.000000e+00
 8.632724e+00  4.806647e+00  3.155402e+00  0.000000e+00  0.000000e+00  3.155528e-01 -2.203101e-01 -3.209589e-01  6.795934e-05
3  5.825465e-01  6.951622e-01  8.938892e+00  4.220368e+00  5.834406e-01  7.640997e+00 6 3 -1.000000e+00
-2.415915e+00 -2.243387e+00 -3.276009e+00  3.854735e+03  5.000000e-01  9.225538e-01 -9.381296e-02 -5.499513e-01  1.221114e-03
 2.543033e+00  5.193858e+00  5.614984e+00  0.000000e+00  0.000000e+00  4.721988e-01  2.248179e-01 -2.234640e-01  1.929791e-04
-1.897649e-02 -2.206094e-02  1.518927e-03  4.664179e+03  1.000000e+00  3.337839e+01  2.735974e+00 -1.955801e+01  2.601815e+01
3  1.374144e-01 -2.019822e-01  3.280122e-01  1.472350e-01  7.458559e-01  4.871819e+00 6 3  2.704842e-01
 1.208707e-01 -3.126664e-02 -4.779778e+00  9.307838e+00  5.000000e-01  5.417068e-01 -5.809305e-01  2.859496e-01  7.584690e-02
-1.830282e-01  9.217343e-02  3.565025e+00  0.000000e+00  0.000000e+00  3.881350e-01 -1.980145e-01  2.338077e-01  2.025144e-02
 4.066499e-04 -1.666111e-04  2.065200e-04  1.675136e+01  1.000000e+00  7.075216e+01 -3.191470e+00  3.609837e+00  6.911493e+01
3  4.597124e-01 -3.271553e-01  1.546531e+00  5.844968e-01  3.324531e-01  3.589306e+00 6 1 -1.000000e+00
 9.123882e-01 -7.204204e-01  1.332667e+00  0.000000e+00  0.000000e+00  1.027494e-01 -8.566153e-02  2.175900e-01  1.541851e-02
-3.078337e-01  2.297466e-01 -4.430491e-01  2.203916e+01  5.000000e-01  4.243577e-01 -5.726191e-01  1.503515e+00  2.845644e-01
-4.128421e-03  3.588480e-03  1.996897e-04  2.682480e+01  1.000000e+00  7.227362e+01  5.151784e+00  6.754165e+00  7.192734e+01
3 -2.133835e-01  2.187513e-01  1.338734e+00  6.867481e-01  1.512062e-01  5.831220e+00 6 3 -1.000000e+00
 2.511327e-01 -2.592047e-01 -8.572081e-01  2.541453e+01  5.000000e-01  1.271907e+00  6.484545e-02  1.111893e+00  8.848283e-01
-7.556426e-01  6.231860e-01  5.669134e+00  0.000000e+00  0.000000e+00  4.048124e-01 -6.168014e-02  4.171931e-01  1.425060e-01
 3.813804e-02 -3.834680e-02  4.639701e-02  2.672027e+01  1.000000e+00  6.471829e+00  6.007592e-03  2.896163e+00  5.843465e+00
3 -3.452189e-01 -6.980858e-01  2.229275e+00  1.116501e+00  1.443481e-01  3.846547e+00 6 1 -1.000000e+00
-2.595198e-01 -1.811564e+00  2.065892e+00  0.000000e+00  0.000000e+00  2.478179e-01  2.170794e-01 -1.860160e-01  9.229249e-03
 2.399792e-01  3.610308e-01 -2.982075e-01  1.404739e+02  5.000000e-01  1.213183e+00  6.722106e-01 -1.716668e+00  5.005932e-01
 9.173621e-03  1.504841e-02  8.446053e-04  1.512262e+02  1.000000e+00  3.817495e+01  4.682564e+00 -1.326898e+01  3.617045e+01
3 -3.594394e-01 -4.635642e-01  1.523173e+00  8.635865e-01  1.759974e-01  6.334354e+00 6 1 -1.000000e+00
-7.402357e-01 -1.071828e+00  1.977627e+00  0.000000e+00  0.000000e+00  2.516746e-01  1.101507e-01 -2.054290e-01  1.782693e-02
 1.656349e-01  1.526944e-01 -3.480572e-01  7.255534e+01  5.000000e-01  1.681094e+00 -2.791070e-02 -1.826527e+00  1.121629e+00
 3.715158e-02  3.421046e-02  2.418338e-02  7.336691e+01  1.000000e+00  8.533015e+00 -8.458572e-01 -3.831465e+00  7.693344e+00
1 -9.958070e-02 -3.965761e-03  0.000000e+00  1.569519e-01  0.000000e+00  8.560664e+00 0 2 -1.000000e+00
-2.473741e-01 -3.537122e-02  5.323435e+00  0.000000e+00  0.000000e+00  4.734003e-01 -2.933206e-01 -5.849494e-02  8.748472e-02
3 -6.575311e-02  3.609967e-01  6.659433e-01  2.508914e-01  5.425756e-01  3.152156e+00 6 1  2.937118e-01
-4.164446e-01 -3.775032e-01  1.571923e+00  0.000000e+00  0.000000e+00  2.004190e-01  2.622460e-02 -4.978434e-02  9.467205e-03
 6.361017e-02  8.404619e-02 -8.528868e-01  1.763524e+01  5.000000e-01  1.243833e+00  3.783075e-01 -1.043469e+00  5.622756e-01
 1.068959e-02  1.287152e-02  2.179379e-02  1.793170e+01  1.000000e+00  8.789170e+00  9.194070e-01 -3.733795e+00  7.409929e+00
3 -1.129804e-03  4.298297e-02  6.944657e-01  3.585967e-01  5.132775e-01  3.856196e+00 6 3 -1.000000e+00
-1.308019e-02 -3.179408e-01 -8.305095e+00  4.794634e+00  5.000000e-01  2.559116e-01  8.156635e-01 -9.364092e-02  7.181773e-02
-2.893751e-02  3.763438e-01  4.262818e+00  0.000000e+00  0.000000e+00  2.192865e-01  6.086193e-01  6.715272e-02  4.523440e-02
 4.228135e-06 -1.176658e-04  9.954117e-06  2.376842e+01  1.000000e+00  3.185080e+02  1.824609e+01  4.180875e+00  3.176825e+02
3  1.244272e+00  4.625724e-01  4.930345e+00  1.920220e+00  1.853576e-01  1.044252e+01 6 1 -1.000000e+00
 3.199464e+00  3.052913e+00  1.950438e+00  0.000000e+00  0.000000e+00  2.679882e-01 -1.387207e-01 -6.238982e-02  5.632262e-04
-5.962741e-01 -9.362100e-02 -3.615284e-01  1.011949e+03  5.000000e-01  1.243550e+00 -1.669639e+00 -1.940524e-01  1.435331e-01
-4.944360e-03 -2.011656e-03  2.965454e-05  1.077391e+03  1.000000e+00  1.879101e+02 -2.190877e+01 -2.708739e+01  1.845331e+02
1  1.561149e-01  4.082574e-02  0.000000e+00  1.023934e-01  0.000000e+00  2.628766e+00 0 2  2.917553e-01
 1.023971e-01 -1.244604e-01  4.122116e+00  0.000000e+00  0.000000e+00  4.430528e-01  9.370778e-02  2.425185e-01  4.134259e-03
3 -1.159977e-01 -1.387309e+00  1.219024e+00  4.740183e-01  1.894634e-01  4.104894e+00 6 1  2.854270e-01
-6.000112e-01 -7.221655e-01  2.335011e+00  0.000000e+00  0.000000e+00  2.854662e-01  7.845373e-02 -2.759349e-01  1.250629e-02
 9.257863e-02  2.809985e-01 -4.423991e-01  7.961883e+01  5.000000e-01  1.094434e+00  1.219805e+00 -8.839665e-01  4.160896e-01
 2.366903e-03  6.442457e-03  4.223516e-04  9.085457e+01  1.000000e+00  5.603800e+01  2.158857e+01 -1.397924e+01  5.377732e+01
2  5.304823e-01  6.754326e-01  2.377042e+00  1.021136e+00  1.033000e-01  9.363969e+00 6 1 -1.000000e+00
 1.087411e+00  1.677928e+00  1.995115e+00  0.000000e+00  0.000000e+00  2.791492e-01  3.726869e-02 -1.304324e-01  1.362368e-03
-2.524607e-01 -2.855058e-01 -2.060954e-01  4.283845e+02  5.000000e-01  8.222083e-01  2.394795e-01 -2.196903e+00  1.662004e-01
3 -1.083823e-01 -1.780136e-01  1.102128e+00  5.955321e-01  8.808302e-01  6.648791e+00 6 1 -1.000000e+00
-3.847720e-01 -6.577885e-01  2.223266e+00  0.000000e+00  0.000000e+00  2.875582e-01  1.559852e-01 -1.829022e-01  8.541054e-03
 2.427370e-01  2.482572e-01 -2.524058e+00  7.125716e+01  5.000000e-01  5.945325e-01  3.188687e-02 -7.480472e-01  8.913486e-02
 1.086178e-03  1.336363e-03  1.038421e-04  9.902545e+01  1.000000e+00  1.012664e+02 -7.148115e+00 -1.929382e+01  9.907841e+01
3  2.082984e-01 -2.796269e-01  1.215334e+00  5.377632e-01  2.304671e-01  3.959561e+00 6 1 -1.000000e+00
 5.696240e-01 -7.047718e-01  2.449383e+00  0.000000e+00  0.000000e+00  2.976263e-01  3.532859e-02  2.895076e-01  3.123557e-03
-1.663572e-01  2.623721e-01 -5.645022e-01  1.685979e+02  5.000000e-01  6.298972e-01  5.787274e-01  1.254401e+00  6.895519e-02
-3.141121e-04  4.744345e-04  5.024728e-06  2.343940e+02  1.000000e+00  4.477666e+02  2.289040e+01 -7.790493e+00  4.455084e+02
3  1.051354e+00  1.183397e+00  1.193369e+00  6.041686e-01  6.611709e-01  3.612954e+00 6 1  3.103780e-01
 6.944323e-02 -9.928291e-01  2.237454e+00  0.000000e+00  0.000000e+00  2.943807e-01  2.257397e-01  1.881483e-03  1.025741e-02
 1.862736e-02  1.994570e-01 -1.479339e+00  2.769090e+01  5.000000e-01  1.431187e+00  9.031160e-01 -2.151296e-01  3.841844e-01
 5.104680e-03  7.246514e-02  2.539536e-01  2.781555e+01  1.000000e+00  3.433995e+00  1.384604e+00 -2.635882e-01  1.699031e+00
1 -1.549552e+00 -1.090947e+00  0.000000e+00  1.304893e+00  0.000000e+00  1.180193e+01 0 2 -1.000000e+00
-2.369115e+00 -2.036631e+00  3.731650e+00  0.000000e+00  0.000000e+00  3.655023e-01 -1.178356e-01 -3.474539e-01  2.058725e-03
3  3.462356e-01  1.718671e-01  1.530470e+00  5.167666e-01  3.964535e-01  7.017506e+00 6 1 -1.000000e+00
-3.100773e-01 -2.852492e-01 -6.322205e-01  6.738968e+01  5.000000e-01  8.311870e-01 -1.411513e-01 -1.261071e+00  5.391243e-01
 1.044112e+00  4.278489e-01  1.594690e+00  0.000000e+00  0.000000e+00  1.969427e-01 -1.133242e-01 -7.055147e-02  2.155457e-02
-7.067303e-03 -5.970640e-03  5.570230e-04  8.077893e+01  1.000000e+00  4.999302e+01  1.750414e+00 -2.453557e+01  4.922898e+01
3 -1.146267e-01  1.019950e-01  4.491096e-01  2.634252e-01  1.618207e-01  3.911283e+00 6 1 -1.000000e+00
-2.532531e-01  2.249633e-01  1.895237e+00  0.000000e+00  0.000000e+00  2.191449e-01  1.376940e-02  2.861932e-01  2.153702e-02
 9.324278e-02 -6.076400e-02 -3.066885e-01  1.496549e+01  5.000000e-01  8.250007e-01 -4.930652e-01  1.745895e+00  5.137837e-01
 1.658075e-03 -9.264663e-04  1.626137e-04  1.795459e+01  1.000000e+00  8.887205e+01 -2.885512e+01  2.719074e+01  8.813693e+01
3  1.712863e-01  4.314869e-01  1.453479e+00  4.608354e-01  1.663713e-01  4.595353e+00 6 1 -1.000000e+00
 6.555144e-01  9.870770e-01  1.983276e+00  0.000000e+00  0.000000e+00  2.692789e-01  1.243473e-01 -1.194767e-01  3.744249e-03
-2.825102e-02 -2.955240e-01 -3.299601e-01  2.170007e+02  5.000000e-01  1.025280e+00  1.661477e+00 -5.203883e-01  4.999361e-01
-3.441282e-04 -6.689333e-03  2.213009e-04  2.426832e+02  1.000000e+00  8.040299e+01  4.150345e+01  7.972712e+00  7.914191e+01
3  5.304661e-01 -1.097754e+00  1.681873e+00  7.682229e-01  1.560901e-01  1.417661e+01 6 1  2.924974e-01
-2.716000e-01 -2.103143e-01 -3.345636e-01  5.507248e+01  5.000000e-01  9.945155e-01 -2.795683e-01 -1.706118e+00  3.581325e-01
 1.408507e+00 -1.332501e-01  2.143400e+00  0.000000e+00  0.000000e+00  2.579394e-01 -2.141208e-01 -1.955960e-01  1.320132e-02
-1.157359e-02 -6.324866e-03  1.413016e-03  6.019194e+01  1.000000e+00  2.801795e+01 -2.790832e+00 -3.804585e+00  2.643143e+01
3 -1.012014e+00 -1.494221e+00  2.336376e+00  1.173836e+00  7.911222e-01  5.295194e+00 6 3  2.914572e-01
 7.154825e-01 -4.010978e-01 -3.138300e+00  5.722914e+01  5.000000e-01  9.759811e-01 -2.718031e-01  4.953219e-01  1.843064e-01
-1.619706e+00 -3.265932e-01  3.966897e+00  0.000000e+00  0.000000e+00  4.681593e-01 -1.181074e-01 -1.296881e-01  1.861443e-02
 3.434393e-02 -7.949202e-03  2.613365e-02  6.721205e+01  1.000000e+00  7.943064e+00 -2.284198e+00  2.173414e+00  5.899383e+00
3 -2.206960e-01 -1.027808e-01  1.751068e+00  9.179386e-01  3.599159e-01  3.740751e+00 6 1 -1.000000e+00
-8.389591e-01 -1.167937e+00  2.753157e+00  0.000000e+00  0.000000e+00  3.904263e-01 -2.972555e-02 -8.647067e-02  3.481947e-03
 4.829197e-01 -1.951309e-02 -9.909051e-01  1.921279e+02  5.000000e-01  8.976806e-01 -9.802674e-01  2.423290e-01  8.026689e-02
 1.682694e-03  7.305023e-04  8.013019e-05  2.510902e+02  1.000000e+00  1.144087e+02 -1.509140e+01 -1.241304e+01  1.119784e+02
3 -4.743054e-02 -1.920615e-01  4.969222e-01  2.532328e-01  1.649730e-01  1.140835e+01 6 1 -1.000000e+00
-7.737334e-02 -4.018505e-01  1.538345e+00  0.000000e+00  0.000000e+00  1.875035e-01  8.778613e-02 -4.893857e-02  3.610239e-03
 2.831889e-02  8.370160e-02 -2.537854e-01  2.953632e+01  5.000000e-01  5.822962e-01  1.659655e+00 -1.166344e+00  2.604080e-01
 3.891501e-04  1.036656e-03  7.538032e-05  3.364597e+01  1.000000e+00  1.169580e+02 -4.224984e+00 -1.274117e+01  1.162397e+02
3 -6.919165e-02 -1.587775e-01  4.638122e-01  2.293917e-01  2.242945e-02  9.721335e+00 6 2 -1.000000e+00
-1.090781e-01 -3.909209e-01  7.299233e+00  0.000000e+00  0.000000e+00  4.649096e-01  3.222042e-01 -2.133202e-01  7.622598e-03
 5.129587e-03  7.648437e-03  4.583894e-03  4.025921e+01  1.000000e+00  2.088632e+01  4.334464e+00 -1.259059e+01  1.907634e+01
 3.098057e-02  5.123892e-02 -1.637178e-01  3.966763e+01  5.000000e-01  2.596795e+00  1.660717e+00 -2.428959e+00  1.470358e+00
2 -1.880793e+00 -2.503381e+00  3.722631e+00  1.876587e+00  1.318009e-01  1.719967e+01 6 1  2.854597e-01
-3.186830e+00 -6.352865e-01  2.068258e+00  0.000000e+00  0.000000e+00  2.375485e-01 -2.297078e-01 -2.122922e-01  2.507679e-04
 4.272668e-01  2.570632e-01 -2.725983e-01  4.809695e+02  5.000000e-01  1.701643e+00 -7.955826e-01 -1.878231e+00  4.325387e-02
3 -4.242505e-02 -2.022254e-02  4.268432e-01  2.413109e-01  6.099180e-01  9.812910e+00 6 3 -1.000000e+00
-1.950999e-01 -1.695200e-01  3.295032e+00  0.000000e+00  0.000000e+00  2.611445e-01 -7.430172e-02 -4.867233e-01  7.659370e-02
 1.823178e-01  2.985657e-02 -2.009699e+00  2.224156e+00  5.000000e-01  4.361928e-01 -8.555460e-01 -2.889748e-01  2.389322e-01
 7.624799e-04  2.670628e-04  3.631628e-04  4.779349e+00  1.000000e+00  5.467999e+01 -1.094999e+01 -2.837903e+00  5.409756e+01
3  4.915951e-01  2.012015e-01  1.881530e+00  1.065617e+00  1.235871e-01  3.968426e+00 6 3 -1.000000e+00
-3.998151e-01 -1.264226e-01 -5.051691e-01  1.251211e+02  5.000000e-01  1.124726e+00 -1.182268e+00 -7.728739e-01  4.093449e-01
 1.209860e+00  8.477964e-01  4.087554e+00  0.000000e+00  0.000000e+00  4.081807e-01 -1.230090e-01 -3.007886e-01  1.879340e-02
-1.988287e-02 -7.843609e-03  3.155202e-03  1.358551e+02  1.000000e+00  1.967332e+01 -4.281239e+00 -3.664290e+00  1.828790e+01
2  3.039276e-01  3.752102e-01  3.565666e+00  1.712315e+00  5.661857e-01  6.958133e+00 6 3 -1.000000e+00
-5.711566e-01 -1.159343e+00 -2.495519e+00  2.380120e+02  5.000000e-01  7.068831e-01  4.352679e-01 -5.451399e-01  1.766605e-02
 1.914519e+00  1.397097e+00  4.407598e+00  0.000000e+00  0.000000e+00  4.098980e-01 -7.537309e-02 -3.400859e-01  2.614712e-03
1 -5.499847e-01 -5.710557e-01  0.000000e+00  1.618749e-01  0.000000e+00  1.067403e+01 0 2  3.072207e-01
 1.055110e-01  3.025837e-01  5.065926e+00  0.000000e+00  0.000000e+00  3.821454e-01  3.702187e-01 -2.174515e-01  1.154066e-03
3 -1.717567e-01  3.451904e-01  1.185821e+00  6.406181e-01  1.058493e-01  4.296448e+00 6 1 -1.000000e+00
-6.737842e-01  5.428568e-01  2.704322e+00  0.000000e+00  0.000000e+00  2.356405e-01  1.022356e-01  4.516801e-01  1.745069e-02
 1.417726e-01 -3.179795e-01 -2.862505e-01  6.919347e+01  5.000000e-01  5.006022e-01  1.395589e+00  1.339840e+00  1.809193e-01
 4.689062e-04 -7.936088e-04  7.756389e-06  1.058262e+02  1.000000e+00  3.657114e+02  1.038459e+01  6.309169e+01  3.646746e+02
3 -7.061084e-02 -5.636966e-01  1.898062e+00  7.843684e-01  2.725373e-01  1.185416e+01 6 1 -1.000000e+00
 5.080786e-02 -1.575038e+00  1.620817e+00  0.000000e+00  0.000000e+00  2.142576e-01 -1.683100e-03 -2.038086e-02  1.991177e-03
 8.733856e-02  3.226729e-01 -4.417330e-01  1.761549e+02  5.000000e-01  7.098787e-01  1.199965e+00 -9.529246e-01  1.421180e-01
 9.829796e-05  2.263186e-03  3.166230e-05  2.037145e+02  1.000000e+00  1.797706e+02  1.573723e+01  1.131194e+01  1.780143e+02
3  4.787213e-01  5.075098e-02  1.585039e+00  6.141134e-01  2.538049e-01  4.194552e+00 6 1 -1.000000e+00
-3.699930e-01  1.224263e-03 -5.578745e-01  1.776566e+02  5.000000e-01  6.906362e-01 -1.371292e+00 -8.822342e-02  1.191531e-01
 1.196177e+00  2.450708e-01  2.198044e+00  0.000000e+00  0.000000e+00  2.794938e-01 -2.454952e-01 -6.254177e-02  3.631004e-03
-2.847822e-03  3.731295e-04  7.327379e-05  2.159400e+02  1.000000e+00  1.210822e+02 -6.289659e+00  2.706877e+01  1.191135e+02
3  1.052726e-01 -1.583752e-02  2.599352e-01  1.007270e-01  1.356878e-01  3.816470e+00 6 1 -1.000000e+00
 1.928662e-01 -3.380914e-02  1.733246e+00  0.000000e+00  0.000000e+00  1.634486e-01 -3.321242e-01  1.120698e-01  6.679728e-03
-6.356694e-02  8.715330e-03 -2.351804e-01  2.154447e+01  5.000000e-01  3.788512e-01 -2.075486e+00  5.746643e-01  1.554922e-01
-1.915222e-04  2.810651e-05  6.580319e-06  2.962255e+01  1.000000e+00  3.908431e+02  2.204417e+00 -2.110583e+00  3.902729e+02
3 -2.126694e-01 -2.948524e-01  8.474466e-01  3.897029e-01  1.133489e-01  5.871336e+00 6 1 -1.000000e+00
-3.248697e-01 -6.653757e-01  1.552864e+00  0.000000e+00  0.000000e+00  1.856333e-01  5.006906e-02 -1.292853e-01  1.181316e-02
 1.023023e-02  1.212395e-02  5.108817e-03  2.334834e+01  1.000000e+00  1.667419e+01  5.237987e-01 -7.047404e+00  1.582762e+01
 7.411481e-02  8.227200e-02 -1.760154e-01  2.293185e+01  5.000000e-01  1.751696e+00  2.145512e-01 -2.490047e+00  1.245901e+00
3 -1.873020e-01 -4.049222e-01  1.127394e+00  5.034710e-01  1.719642e-01  8.545948e+00 6 1 -1.000000e+00
-4.420169e-01 -8.519498e-01  1.391762e+00  0.000000e+00  0.000000e+00  1.521863e-01  1.600701e-02  4.286252e-03  2.421486e-03
 1.687050e-03  2.692528e-03  1.366482e-04  4.946028e+01  1.000000e+00  8.721830e+01 -6.591710e+00 -8.490123e+00  8.622242e+01
 7.405893e-02  1.503886e-01 -2.393332e-01  4.538432e+01  5.000000e-01  6.822029e-01  1.393108e+00 -1.529222e+00  2.908375e-01
3  1.530792e+00  6.708195e-01  1.925539e+00  8.987258e-01  3.872505e-01  2.794140e+00 6 1  2.841156e-01
-5.529725e-02 -3.682294e-01 -8.491932e-01  1.657238e+02  5.000000e-01  1.069507e+00  1.065148e+00 -2.188144e-01  1.891156e-01
 2.479741e-01  1.533278e+00  2.192878e+00  0.000000e+00  0.000000e+00  2.947055e-01  2.016659e-01 -2.737821e-02  4.348800e-03
-4.356792e-03 -1.689712e-02  2.388594e-03  1.751148e+02  1.000000e+00  2.277137e+01  5.444554e+00 -5.068827e+00  2.000987e+01
3  8.363539e-01 -7.379740e-01  2.404862e+00  1.423097e+00  2.774220e-02  9.062722e+00 6 2 -1.000000e+00
 2.190495e+00 -6.268379e-01  3.645323e+00  0.000000e+00  0.000000e+00  3.657716e-01 -2.053414e-01  2.928420e-01  8.431739e-03
-6.696428e-02  4.455754e-02  3.819080e-02  3.072388e+02  1.000000e+00  1.092830e+01 -2.818641e+00  8.027580e+00  9.033629e+00
-1.092445e-01  7.641375e-02 -1.011293e-01  3.071734e+02  5.000000e-01  6.017146e+00 -1.354352e+00  5.764184e+00  4.360599e+00
5 -1.371580e+00  2.221028e+00  1.711783e+01  5.501931e+00  1.000000e+00  1.311736e+01 6 3 -1.000000e+00
-1.108145e+01  2.038020e+00  3.800007e+00  0.000000e+00  0.000000e+00  4.626798e-01 -1.493033e-01  5.713219e-02  1.041483e-04
-2.554352e+00  8.874363e+00 -4.832945e+00  1.214122e+03  5.000000e-01  8.750664e-01  3.856710e-01  2.716238e-01  9.000226e-04
 4.473912e+00  9.182996e+00  5.375604e+00  8.641799e+02  0.000000e+00  5.304575e-01  1.322460e-01 -1.302133e-01  3.812871e-04
 1.560359e-01 -3.434618e-01 -5.085465e-02  3.973664e+03  5.000000e-01  5.330690e+00  3.650608e+00  5.009174e+00  2.812149e+00
 3.192392e-02 -7.807748e-02  2.665101e-03  3.980032e+03  1.000000e+00  2.821617e+01  1.401785e+01  1.299997e+01  2.492301e+01
5 -7.750066e-01 -2.011101e+00  2.741399e+00  1.508966e+00  1.000000e+00  2.515102e+00 6 3  2.806692e-01
 2.309087e-01 -1.600198e+00  2.809326e+00  0.000000e+00  0.000000e+00  3.562053e-01  2.415305e-01 -1.331547e-02  1.735797e-03
-9.398057e-01  4.221752e-01 -2.442664e+00  1.147988e+02  5.000000e-01  7.769809e-01 -5.213111e-01  4.328526e-01  4.200400e-02
 1.178044e-01  1.138866e+00  6.919024e+00  9.540470e+01  0.000000e+00  4.627746e-01  3.404801e-01 -1.677958e-01  3.760907e-03
 8.983508e-01  5.175758e-01 -4.843392e+00  1.011759e+02  5.000000e-01  5.922494e-01 -3.148125e-01 -5.230875e-01  7.666138e-03
-2.513892e-04  4.251541e-04  9.077391e-06  2.299937e+02  1.000000e+00  3.554909e+02 -5.888375e+01  1.096936e+02  3.503309e+02
3  7.613036e-02  8.976249e-02  4.262550e-01  1.753907e-01  3.108905e-01  3.701285e+00 6 1 -1.000000e+00
-5.391051e-02 -8.085476e-02 -6.464753e-01  9.455269e+00  5.000000e-01  1.335765e+00  5.403087e-01 -1.169468e+00  1.033725e+00
 2.502691e-01  2.177555e-01  2.079431e+00  0.000000e+00  0.000000e+00  2.688117e-01 -2.434995e-02 -2.305271e-01  7.812745e-02
-9.332280e-03 -1.284648e-02  3.148932e-02  9.780337e+00  1.000000e+00  7.679955e+00  1.353230e+00 -3.321712e+00  7.212290e+00
5  7.111235e-02 -1.882385e-01  1.096828e+00  4.089637e-01  1.000000e+00  6.539161e+00 6 3 -1.000000e+00
 1.187265e-01 -6.653829e-01 -5.178057e+00  4.043762e+00  5.000000e-01  3.636529e-01  7.414958e-01  2.196457e-01  1.273231e-01
 6.399162e-01 -3.261130e-01  2.838975e+00  0.000000e+00  0.000000e+00  2.486368e-01 -2.233592e-01  4.030106e-01  2.884187e-02
-1.443736e-01  3.994225e-01 -3.862766e-01  4.974655e+01  5.000000e-01  8.140421e-01  1.290587e+00  9.786640e-01  5.337647e-01
-1.902025e-01 -6.467913e-01  6.153654e+00  3.605079e+00  0.000000e+00  2.697110e-01  5.255361e-01 -3.076180e-01  3.691550e-02
-7.848713e-04  1.973780e-03  6.249127e-05  8.797100e+01  1.000000e+00  1.511789e+02  5.804305e+01  5.641335e+01  1.503823e+02
3  5.422059e-01  2.076195e-01  1.918101e+00  5.888963e-01  3.901789e-01  8.807202e+00 6 1 -1.000000e+00
-3.134328e-01 -1.803705e-01 -6.258279e-01  2.176891e+02  5.000000e-01  6.598223e-01 -6.320205e-01 -1.146366e+00  2.593788e-01
 1.503363e+00  4.347435e-01  1.603951e+00  0.000000e+00  0.000000e+00  2.102557e-01  8.783137e-03 -1.259084e-02  4.712813e-03
-7.149185e-03 -3.508993e-03  4.511149e-04  2.416034e+02  1.000000e+00  4.850744e+01 -2.870345e-01 -6.335947e+00  4.759716e+01
1 -4.638388e-01 -2.969745e-02  0.000000e+00  1.600986e-01  0.000000e+00  6.254234e+00 0 2  2.789335e-01
-3.120713e-01 -1.848090e-01  3.215182e+00  0.000000e+00  0.000000e+00  3.234966e-01 -2.016782e-01 -3.255124e-01  2.883368e-02
3  1.163800e+00 -1.235450e+00  1.013727e+00  4.915691e-01  5.153402e-01  4.820642e+00 6 3  2.838281e-01
 7.629381e-01  3.588663e-02  3.569558e+00  0.000000e+00  0.000000e+00  4.141956e-01 -2.027507e-01  1.480277e-01  6.659013e-03
-2.473875e-01  1.188543e-01 -1.839537e+00  4.844452e+01  5.000000e-01  8.255657e-01 -3.658459e-01  6.634751e-01  8.437878e-02
-7.213039e-03  2.414595e-03  3.791542e-03  5.544311e+01  1.000000e+00  1.760940e+01 -3.091513e+00  1.603022e+00  1.464061e+01
3  4.044002e-01  2.946076e-01  1.403224e+00  6.556075e-01  1.146431e-01  9.853488e+00 6 1 -1.000000e+00
 8.392420e-01  7.261070e-01  2.543030e+00  0.000000e+00  0.000000e+00  2.958632e-01 -9.254967e-02 -3.066128e-01  1.490994e-02
-2.382826e-01 -1.727692e-01 -2.915407e-01  1.566852e+02  5.000000e-01  1.004207e+00 -6.196265e-01 -1.745318e+00  4.617739e-01
-6.242738e-03 -4.687570e-03  3.890672e-04  1.752440e+02  1.000000e+00  5.424120e+01 -4.061908e+00 -1.574411e+01  5.292790e+01
1 -1.399375e+00 -5.624527e-01  0.000000e+00  5.835562e-01  0.000000e+00  5.328727e+00 0 2  2.959999e-01
-1.001216e+00 -3.933871e-01  8.396341e+00  0.000000e+00  0.000000e+00  4.434551e-01 -3.553816e-01 -2.536664e-01  8.837352e-03
1 -2.812860e-01  2.024766e+00  0.000000e+00  2.161507e+00  0.000000e+00  8.164770e+00 0 2 -1.000000e+00
 1.292396e+00  5.404451e+00  3.927238e+00  0.000000e+00  0.000000e+00  4.589349e-01  1.884629e-01  5.100334e-02  1.088767e-03
3  3.229441e-01 -4.098640e-01  4.296308e+00  2.406176e+00  9.985779e-01  3.294668e+00 6 3 -1.000000e+00
 1.744421e+00 -2.401732e+00  6.258226e+00  0.000000e+00  0.000000e+00  5.399046e-01  6.398793e-02  2.186404e-01  3.282807e-03
-9.239259e-01  9.654911e-01 -6.249327e+00  4.095746e+02  5.000000e-01  8.245346e-01  4.321906e-02  4.346694e-01  3.387303e-02
-1.065702e-02  8.682381e-03  1.219402e-03  5.100911e+02  1.000000e+00  3.074720e+01 -6.054228e+00  5.307368e+00  2.840602e+01
1  1.397448e+00 -2.004826e+00  0.000000e+00  7.565564e-01  0.000000e+00  5.366807e+00 0 2  2.829606e-01
 1.013458e+00 -7.739331e-01  8.150959e+00  0.000000e+00  0.000000e+00  4.179956e-01 -2.126169e-02  4.643190e-01  8.467045e-03
3  2.075983e-01  1.094765e-01  8.962072e-01  5.226569e-01  1.059383e-01  4.171930e+00 6 3  2.804876e-01
 2.134095e-01 -7.725942e-02 -7.236873e-01  5.451348e+01  5.000000e-01  1.372904e+00 -9.794180e-01  7.494062e-01  1.037367e-01
-6.696517e-01  7.567975e-02  6.831217e+00  0.000000e+00  0.000000e+00  3.932882e-01 -4.681320e-01  5.064471e-02  5.549426e-03
 1.350144e-02 -4.988187e-03  8.894124e-03  5.809276e+01  1.000000e+00  1.261331e+01 -3.186987e+00  3.504037e+00  7.886598e+00
3 -4.132574e-01  8.363267e-01  4.875173e+00  1.861803e+00  9.174931e-01  1.266372e+01 6 1 -1.000000e+00
 3.382746e-02 -1.076304e+00 -1.879160e+00  2.262365e+02  5.000000e-01  7.463301e-01  7.446778e-01 -2.048316e-01  1.546076e-01
-1.996388e+00  3.356024e+00  1.724117e+00  0.000000e+00  0.000000e+00  2.334358e-01 -5.984576e-02 -6.349805e-02  5.351402e-03
 1.526869e-02 -2.851240e-02  2.809555e-03  2.506694e+02  1.000000e+00  2.009639e+01  1.310501e+00  2.650723e+00  1.857325e+01
3 -2.078011e-01 -5.734468e-02  1.097337e+00  4.829447e-01  7.227641e-01  2.380393e+00 6 1 -1.000000e+00
-6.879375e-01 -2.267644e-01  2.487836e+00  0.000000e+00  0.000000e+00  2.511867e-01 -3.022993e-01 -2.595780e-01  3.254455e-02
 3.772385e-01  3.695582e-02 -1.798118e+00  2.311575e+01  5.000000e-01  5.099057e-01 -8.583595e-01 -2.440255e-01  1.792576e-01
 5.163578e-03  8.328631e-04  1.242343e-03  3.200283e+01  1.000000e+00  2.955204e+01 -2.211809e+00  2.322943e+00  2.848202e+01
3 -1.390162e-02  2.307697e-01  9.986017e-01  5.141271e-01  2.379101e-01  5.607235e+00 6 3 -1.000000e+00
-3.578459e-02 -3.157233e-01 -8.605865e-01  2.196950e+01  5.000000e-01  7.837396e-01  1.090482e+00 -1.400580e-01  3.207215e-01
-1.805850e-01  6.723244e-01  3.617276e+00  0.000000e+00  0.000000e+00  3.024237e-01  4.066917e-01  2.115735e-01  3.508956e-02
-1.086796e-03 -9.474238e-03  2.646669e-03  2.667417e+01  1.000000e+00  2.149805e+01  5.346627e+00 -3.708117e+00  2.004041e+01
3  1.612624e+00 -1.141382e-01  9.380501e-01  4.009291e-01  7.562876e-01  4.765465e+00 6 3  2.981252e-01
 6.261116e-01 -1.663353e-01  3.035508e+00  0.000000e+00  0.000000e+00  3.667382e-01 -2.254875e-01  1.440201e-01  3.026261e-02
-2.149056e-01  2.491499e-01 -4.013696e+00  1.518326e+01  5.000000e-01  7.740679e-01  9.275842e-02  5.399890e-01  2.037139e-01
-1.597278e-02  1.065287e-02  4.780900e-02  1.772026e+01  1.000000e+00  5.704212e+00  2.607142e-01  1.070083e+00  3.939378e+00
3 -4.005678e-02 -4.097018e-01  9.523079e-01  6.714828e-01  7.578487e-02  3.982788e+00 6 2  2.905008e-01
 6.762850e-01  4.684343e-01  4.332095e+00  0.000000e+00  0.000000e+00  3.332814e-01  1.282609e-01 -4.441032e-01  1.432848e-02
-8.096351e-02 -1.090301e-01 -3.283073e-01  4.487695e+01  5.000000e-01  1.772000e+00  9.099088e-01 -1.677491e+00  6.481403e-01
-1.817319e-02 -2.013915e-02  1.864366e-02  4.540887e+01  1.000000e+00  9.585926e+00 -8.130280e-02 -4.480401e+00  7.491752e+00
3  2.806305e-01 -8.541188e-02  6.763247e-01  2.778767e-01  1.245907e-01  1.660681e+00 6 1 -1.000000e+00
 4.621655e-01 -2.448956e-01  1.541506e+00  0.000000e+00  0.000000e+00  1.334899e-01 -2.569379e-01  1.900165e-01  1.061076e-02
-9.747573e-04  3.168017e-04  2.203902e-05  8.095579e+01  1.000000e+00  2.149624e+02 -1.401255e+01  1.447455e+01  2.145121e+02
-1.522136e-01  3.786479e-02 -1.920573e-01  6.362631e+01  5.000000e-01  4.691506e-01 -2.117392e+00  1.002612e+00  2.806252e-01
1  1.898937e-01  8.876490e-02  0.000000e+00  1.658340e-01  0.000000e+00  5.322871e+00 0 2  2.767384e-01
 1.201332e-01  3.253329e-01  4.226234e+00  0.000000e+00  0.000000e+00  4.098929e-01  2.805290e-01 -1.814184e-01  3.340625e-03
3  1.843134e-01 -6.985316e-02  6.912355e-01  3.634607e-01  1.207500e-01  4.445921e+00 6 3 -1.000000e+00
 4.031955e-01 -2.842765e-01  3.704991e+00  0.000000e+00  0.000000e+00  3.017352e-01 -2.360985e-01  4.023990e-01  2.929787e-02
-1.948357e-01  6.237209e-02 -4.473775e-01  3.780372e+01  5.000000e-01  6.923466e-01 -1.254555e+00  8.694774e-01  2.917545e-01
-2.340382e-03  8.324576e-04  2.468207e-04  4.941507e+01  1.000000e+00  6.590528e+01 -1.046929e+01  7.180895e+00  6.485747e+01
3 -6.143743e-02 -7.494448e-01  1.098479e+00  6.232591e-01  6.525219e-01  8.990695e+00 6 3  2.772132e-01
 4.404540e-02 -4.206794e-01 -1.971094e+00  4.335578e+01  5.000000e-01  6.710001e-01  7.833149e-01  4.462145e-02  1.449907e-02
-7.090411e-01  3.790179e-01  3.020733e+00  0.000000e+00  0.000000e+00  3.821180e-01 -4.399266e-02  2.209012e-01  4.300316e-03
 2.216701e-04 -2.301637e-04  1.052835e-05  7.836213e+01  1.000000e+00  3.138818e+02 -3.610918e+01  4.011870e+01  3.082446e+02
2  6.101102e-02 -2.049718e-01  1.101439e+00  5.436648e-01  1.369019e-01  5.615279e+00 6 3 -1.000000e+00
-1.716818e-02 -7.160922e-01  4.924515e+00  0.000000e+00  0.000000e+00  3.248271e-01  5.024132e-01  1.933389e-02  8.263966e-03
-1.470700e-01  3.776600e-01 -6.741756e-01  8.584827e+01  5.000000e-01  4.984619e-01  9.750141e-01  8.855399e-01  5.805875e-02
1 -3.925131e+00 -8.345668e-01  0.000000e+00  1.187043e+00  0.000000e+00  2.376105e+00 0 2  3.033038e-01
 1.666181e+00 -1.343024e+00  3.751594e+00  0.000000e+00  0.000000e+00  4.056899e-01 -9.246256e-02  2.794671e-01  2.279256e-02
5  1.718605e-01  3.139341e-01  1.485435e+00  6.538825e-01  1.000000e+00  6.894260e+00 6 3 -1.000000e+00
 9.846487e-01  2.184707e-01  2.257569e+00  0.000000e+00  0.000000e+00  2.036782e-01 -2.497583e-01 -3.588798e-01  3.242312e-02
-3.446988e-01  8.813062e-01  3.698527e+00  2.285775e+00  0.000000e+00  2.310527e-01  5.313683e-01  1.963409e-01  5.800828e-02
-1.981398e-01 -4.360936e-01 -2.954079e-01  2.348604e+01  5.000000e-01  7.411678e-01  1.182184e+00 -1.433383e+00  5.000036e-01
 1.537349e-01  8.649628e-01 -3.747234e+00  2.642459e+00  5.000000e-01  2.976537e-01  7.762704e-01 -3.969360e-01  1.151740e-01
-2.000626e-03 -4.358657e-03  1.798817e-04  3.422538e+01  1.000000e+00  8.085746e+01  2.117338e+01 -1.922737e+01  8.016250e+01
3 -1.097683e-01  1.095788e-01  3.408903e-01  1.552941e-01  7.506706e-01  7.505117e+00 6 3  2.997504e-01
 1.405906e-02 -2.113900e-01 -1.311891e+01  5.743838e-02  5.000000e-01  6.655638e-01  4.041073e-01  1.573872e-01  1.724866e-02
-1.253264e-01 -1.978028e-01  9.847979e+00  3.709320e-02  0.000000e+00  5.833020e-01  1.698943e-01 -2.079170e-01  2.604571e-02
 1.969299e-01 -8.664046e-02  7.397823e+00  0.000000e+00  0.000000e+00  4.934411e-01 -1.641007e-01  3.074052e-01  1.015693e-02
3 -1.382986e-01 -4.481863e-01  1.979512e+00  9.798100e-01  1.978173e-01  5.771252e+00 6 3 -1.000000e+00
 6.753948e-02 -1.425467e+00  3.058761e+00  0.000000e+00  0.000000e+00  3.318612e-01  3.419338e-01 -5.060581e-02  2.034521e-02
 2.580760e-01  5.448542e-01 -6.050758e-01  8.143119e+01  5.000000e-01  7.240452e-01  8.083885e-01 -1.036988e+00  2.558695e-01
 1.935914e-03  4.989605e-03  1.630990e-04  1.099797e+02  1.000000e+00  8.253968e+01  1.377885e+01 -1.810021e+01  8.126466e+01
3 -6.294649e-01  1.090191e-01  3.258470e+00  1.214175e+00  9.386760e-01  3.056836e+00 6 1 -1.000000e+00
 9.854917e-01 -2.898664e-01 -2.031265e+00  1.992393e+02  5.000000e-01  4.762352e-01 -7.281912e-01  4.861801e-01  4.086146e-02
-2.224935e+00  2.676204e-01  2.163968e+00  0.000000e+00  0.000000e+00  2.901810e-01 -1.953115e-01  5.985315e-02  4.032225e-03
 9.239760e-04 -2.622368e-04  3.977509e-06  3.359871e+02  1.000000e+00  5.050983e+02  2.560827e+01  4.522873e+01  5.032146e+02
3  3.666926e-01  1.467546e-01  1.083248e+00  3.973193e-01  2.863054e-01  4.447558e+00 6 1 -1.000000e+00
-2.154541e-01 -8.306239e-02 -4.427931e-01  3.872781e+01  5.000000e-01  6.788121e-01 -1.244390e+00 -9.016914e-01  3.749346e-01
 7.494511e-01  4.092633e-01  1.546576e+00  0.000000e+00  0.000000e+00  1.671571e-01 -1.595169e-01 -1.469423e-01  1.414794e-02
-7.391756e-03 -3.854272e-03  1.113744e-03  4.280356e+01  1.000000e+00  3.134690e+01 -4.537271e-01 -4.780810e+00  3.064656e+01
2  3.154873e-01  1.417875e-01  2.006628e+00  1.163822e+00  1.232970e-01  8.257119e+00 6 3 -1.000000e+00
-4.903818e-01 -2.043519e-01 -1.008224e+00  1.356977e+02  5.000000e-01  1.109867e+00 -7.300554e-01 -6.862457e-01  2.686776e-02
 1.044436e+00  1.088278e+00  8.177196e+00  0.000000e+00  0.000000e+00  5.521361e-01  5.975929e-03 -2.797410e-01  1.417220e-03
3 -1.082950e-01 -1.463151e-01  9.572146e-01  3.737030e-01  6.052844e-01  7.057899e+00 6 1 -1.000000e+00
-2.887521e-01 -5.770360e-01  2.525828e+00  0.000000e+00  0.000000e+00  2.994724e-01  9.423054e-02 -2.931720e-01  1.901898e-02
 1.924683e-01  2.504220e-01 -1.528844e+00  7.772526e+01  5.000000e-01  5.096472e-01  8.487139e-02 -9.419828e-01  1.085775e-01
 5.061640e-04  9.978504e-04  4.553194e-05  1.221203e+02  1.000000e+00  1.553291e+02  3.816933e+01 -1.994896e+01  1.538308e+02
2 -1.568456e-01 -8.198891e-02  5.016780e-01  2.018328e-01  1.967219e-01  5.876464e+00 6 1 -1.000000e+00
-3.740980e-01 -7.491384e-02  1.529568e+00  0.000000e+00  0.000000e+00  1.559749e-01 -1.210597e-01 -2.096275e-01  4.841596e-03
 1.057287e-01  7.153478e-02 -3.008995e-01  5.086975e+01  5.000000e-01  3.106234e-01 -5.553565e-01 -1.868204e+00  9.471606e-02
3 -4.913451e-01  3.008311e-01  1.757810e+00  6.909679e-01  4.274087e-01  8.577463e+00 6 1 -1.000000e+00
 3.227662e-01 -2.285712e-01 -6.012210e-01  3.599233e+01  5.000000e-01  7.151640e-01 -4.137536e-01  1.254281e+00  5.198853e-01
-1.197881e+00  6.532047e-01  1.406665e+00  0.000000e+00  0.000000e+00  1.474596e-01 -5.812053e-02  1.120086e-01  2.563103e-02
 1.645655e-02 -1.069446e-02  2.467812e-03  3.946108e+01  1.000000e+00  2.173864e+01 -1.634467e+00  4.711928e+00  2.136538e+01
3 -5.057102e-01  5.793679e-01  1.975003e+00  9.448578e-01  1.280219e-01  4.241855e+00 6 1 -1.000000e+00
-1.050132e+00  1.319965e+00  2.307021e+00  0.000000e+00  0.000000e+00  2.898585e-01  4.008636e-02  2.631246e-01  1.149038e-02
 1.937330e-01 -2.141267e-01 -2.953492e-01  8.470835e+01  5.000000e-01  1.488071e+00  1.892066e-01  1.894264e+00  8.079144e-01
 2.683183e-02 -2.985461e-02  8.467788e-03  8.641912e+01  1.000000e+00  1.279134e+01  3.917142e-01  4.559344e+00  1.162717e+01
3 -8.392162e-02  1.231996e-01  1.549558e+00  8.754194e-01  2.073574e-01  6.434993e+00 6 3  2.903200e-01
 1.058769e+00 -6.077678e-01  3.585566e+00  0.000000e+00  0.000000e+00  3.652194e-01 -1.866765e-02  3.517129e-01  8.105964e-03
-1.177472e-01  4.006673e-01 -7.434938e-01  5.504642e+01  5.000000e-01  1.182357e+00  9.951161e-01  6.228957e-01  2.376479e-01
-1.088305e-02  3.764577e-02  2.017861e-02  5.899854e+01  1.000000e+00  8.889061e+00  3.141738e+00  1.676106e+00  5.404302e+00
3  6.012009e-02 -1.763398e+00  1.555294e+00  7.889506e-01  1.587744e-01  3.076715e+00 6 3  2.890644e-01
-5.647403e-01 -1.086198e+00  4.334095e+00  0.000000e+00  0.000000e+00  4.461554e-01  1.910787e-01 -1.987562e-01  6.954622e-03
 1.217089e-02  3.581404e-01 -6.881431e-01  9.855539e+01  5.000000e-01  1.081724e+00  1.208101e+00  1.887234e-02  1.652864e-01
 1.157356e-03  5.888893e-03  4.058664e-04  1.121803e+02  1.000000e+00  5.309304e+01  1.406362e+01 -7.213494e+00  5.027737e+01
3 -1.371458e-01 -2.488170e-01  1.152169e+00  5.156329e-01  2.254558e-01  2.762631e+00 6 1 -1.000000e+00
-1.702839e-01 -7.765451e-01  2.460769e+00  0.000000e+00  0.000000e+00  2.373571e-01  3.331229e-01 -2.535277e-01  5.149983e-02
 2.008231e-01  3.142221e-01 -5.547946e-01  7.760859e+01  5.000000e-01  5.890088e-01  4.611500e-01 -1.326169e+00  3.302461e-01
 1.617382e-03  3.273225e-03  1.973382e-04  1.097349e+02  1.000000e+00  7.533298e+01  1.471847e+01 -1.553431e+01  7.464940e+01
1 -1.279056e-02 -2.211524e-02  0.000000e+00  4.428265e-02  0.000000e+00  2.675021e+00 0 2 -1.000000e+00
-5.637066e-02 -5.147016e-02  5.655449e+00  0.000000e+00  0.000000e+00  4.405385e-01 -6.815669e-03 -3.689581e-01  1.031670e-01
1  1.045353e-01  5.911957e-01  0.000000e+00  1.360929e-01  0.000000e+00  7.869331e+00 0 2  2.852034e-01
 2.394472e-01 -2.583607e-01  3.069367e+00  0.000000e+00  0.000000e+00  3.749697e-01  6.354162e-02  2.466277e-01  9.397234e-03
2 -5.252380e-02  2.277700e-01  1.236753e+00  6.320311e-01  7.248558e-01  5.038300e+00 6 1 -1.000000e+00
 1.277159e-01 -3.847451e-01 -1.811207e+00  8.798040e+01  5.000000e-01  5.008333e-01  6.775083e-01  5.850368e-01  2.652930e-02
-7.705035e-02  8.349389e-01  2.498713e+00  0.000000e+00  0.000000e+00  3.021657e-01  2.667019e-01  1.250472e-01  3.179679e-03
3  3.371036e-02 -7.346906e-02  5.761518e-01  2.447941e-01  4.116932e-01  7.453224e+00 6 3 -1.000000e+00
 8.966529e-02 -3.348019e-01  3.525857e+00  0.000000e+00  0.000000e+00  2.516749e-01  4.194027e-01  3.169745e-01  2.272881e-02
-1.062340e-01  2.070231e-01 -1.451571e+00  1.355346e+01  5.000000e-01  3.224289e-01  5.492889e-01  9.199419e-01  5.902180e-02
-2.032034e-05  6.390993e-05  7.067703e-07  4.127572e+01  1.000000e+00  1.223131e+03  2.758478e+02  5.124945e+01  1.222057e+03
5  4.899718e+00 -1.885697e-01  7.709708e+00  2.089686e+00  1.000000e+00  5.816948e+00 6 1  2.636542e-01
-1.590331e+00 -3.109116e+00  2.389194e+00  5.603215e+02  0.000000e+00  3.440095e-01 -1.070647e-01  1.759377e-02  8.277000e-05
-1.643177e+00  1.684487e-01 -1.370187e+00  1.051189e+03  5.000000e-01  9.892689e-01 -7.910833e-01  3.226911e-01  8.623027e-04
 8.848939e-01  4.192450e+00  2.259125e+00  0.000000e+00  0.000000e+00  3.086828e-01 -4.480442e-02  1.823809e-01  6.432224e-05
 3.536677e-01 -1.613025e-01 -4.549966e-01  1.403850e+03  5.000000e-01  2.041879e+00 -1.415605e+00  1.131103e+00  8.464689e-02
 4.234024e-03 -4.231025e-03  1.577595e-04  1.433520e+03  1.000000e+00  9.129758e+01  4.325872e+00  4.238134e+01  8.627431e+01
3  1.296763e+00  1.544341e+00  1.354079e+00  6.391670e-01  1.286603e-01  6.137890e+00 6 3  3.047753e-01
-6.280638e-02 -3.232191e-01 -5.017451e-01  2.127215e+01  5.000000e-01  1.374959e+00  1.282117e+00 -6.998679e-01  5.777961e-01
-2.115282e-01  1.022668e+00  3.899765e+00  0.000000e+00  0.000000e+00  3.570033e-01  3.876381e-01  8.219380e-02  4.630555e-02
-3.495478e-03 -2.981614e-02  8.977769e-03  2.262138e+01  1.000000e+00  1.352248e+01  6.618918e+00 -1.271313e+00  1.148787e+01
3 -2.516828e-02 -4.649249e-01  1.614365e+00  8.533635e-01  8.766240e-01  1.016852e+01 6 1 -1.000000e+00
-8.924145e-02 -1.213051e+00  1.464404e+00  0.000000e+00  0.000000e+00  1.637805e-01  1.279918e-01 -3.057048e-03  2.000797e-02
 2.837960e-02  3.970239e-01 -1.283731e+00  3.624130e+01  5.000000e-01  5.380855e-01  9.904278e-01 -1.067566e-01  3.124014e-01
 1.389807e-03  1.558122e-02  3.071010e-03  4.079305e+01  1.000000e+00  1.910926e+01  1.303623e+00 -7.873568e-01  1.863924e+01
3  5.458560e-01 -2.144847e-01  2.277925e+00  1.055213e+00  2.773441e-01  4.157279e+00 6 1 -1.000000e+00
 1.431295e+00 -8.616926e-01  2.531204e+00  0.000000e+00  0.000000e+00  3.052046e-01 -1.806472e-01  2.346024e-01  7.861979e-03
-5.962484e-01  1.765814e-01 -7.020144e-01  1.614217e+02  5.000000e-01  6.707791e-01 -1.071799e+00  6.197626e-01  1.206731e-01
-2.559029e-03  1.021905e-03  3.424811e-05  2.163242e+02  1.000000e+00  1.736791e+02 -1.751742e+01  1.767856e+01  1.715947e+02
3 -4.278820e-01 -1.694486e-01  1.528252e+00  5.759499e-01  3.072843e-01  7.598709e+00 6 1 -1.000000e+00
-1.105827e+00 -3.969689e-01  1.584413e+00  0.000000e+00  0.000000e+00  2.007444e-01 -5.468486e-02 -6.834187e-02  6.008207e-03
 3.198747e-01  1.534225e-01 -4.868653e-01  1.345362e+02  5.000000e-01  5.824932e-01 -9.775236e-01 -1.128147e+00  1.987531e-01
 9.830173e-04  5.515132e-04  6.174750e-06  1.777912e+02  1.000000e+00  4.288839e+02 -4.118017e+01 -1.394236e+02  4.274751e+02
2 -6.763911e-01 -5.769730e-01  1.482421e+00  7.506920e-01  2.839978e-01  1.570860e+01 6 3  2.713803e-01
 4.259242e-01 -8.097036e-02 -1.091470e+00  1.388451e+02  5.000000e-01  8.951120e-01 -9.405520e-01  2.062980e-01  2.883310e-02
-8.972668e-01  5.874138e-01  3.843235e+00  0.000000e+00  0.000000e+00  3.988602e-01 -2.132831e-01  2.359702e-01  3.629717e-03
2 -5.276883e-02 -8.294770e-02  7.796944e-01  4.797475e-01  4.049242e-01  2.123609e+01 6 1 -1.000000e+00
-3.704302e-02 -5.316757e-01  2.881093e+00  0.000000e+00  0.000000e+00  3.352271e-01  2.823908e-01 -1.228328e-01  6.633536e-03
 2.597701e-01  1.893134e-01 -1.166624e+00  3.952977e+01  5.000000e-01  4.936064e-01 -3.490679e-01 -9.958716e-01  9.750935e-02
3 -7.743155e-01 -2.527848e-01  1.726783e+00  6.598008e-01  1.091089e-01  2.513384e+00 6 1 -1.000000e+00
-1.354948e+00 -4.743731e-01  1.529477e+00  0.000000e+00  0.000000e+00  1.567016e-01 -1.988536e-01 -1.333842e-01  1.080341e-02
 1.173989e-02  4.660359e-03  5.594656e-04  8.483584e+01  1.000000e+00  4.436926e+01 -5.587266e+00 -7.890195e+00  4.368074e+01
 2.736858e-01  9.950170e-02 -1.668795e-01  7.927926e+01  5.000000e-01  9.808087e-01 -1.946793e+00 -1.484154e+00  6.601836e-01
3  1.064919e-01 -2.142326e-02  8.489276e-01  3.728633e-01  8.019029e-01  8.696335e+00 6 3 -1.000000e+00
 5.225942e-01 -3.582415e-02  3.274527e+00  0.000000e+00  0.000000e+00  3.212612e-01 -3.680041e-01  1.409674e-01  3.614356e-02
-3.199642e-01  6.797057e-02 -4.083446e+00  1.396912e+01  5.000000e-01  4.787368e-01 -6.065892e-01  3.855595e-01  1.093905e-01
-2.373851e-03  1.198612e-04  9.034671e-04  2.373722e+01  1.000000e+00  3.462756e+01 -1.967268e+00 -4.482766e+00  3.321261e+01
3  7.444381e-01 -8.250745e-01  3.873923e+00  1.506223e+00  2.085158e-01  6.390693e+00 6 1 -1.000000e+00
 1.935054e+00 -2.909427e+00  1.840859e+00  0.000000e+00  0.000000e+00  2.617358e-01  7.969814e-03  4.178284e-02  4.248725e-04
-2.811218e-01  2.679688e-01 -3.838482e-01  6.967210e+02  5.000000e-01  1.223729e+00 -4.101539e-01  1.577030e+00  1.729983e-01
-5.683810e-03  9.812736e-03  3.283577e-04  7.182796e+02  1.000000e+00  5.745632e+01  1.164232e+01  2.512511e+00  5.498775e+01
3 -1.720636e+00 -2.385343e-01  3.645068e+00  1.408272e+00  6.858380e-01  1.346840e+01 6 3  2.765399e-01
 7.198560e-01 -3.094398e+00  2.151046e+00  0.000000e+00  0.000000e+00  3.155436e-01 -3.265429e-02  5.023991e-02  6.609284e-04
-2.458409e-01  4.204213e-01 -3.136376e+00  4.720687e+02  5.000000e-01  1.224409e+00  9.290120e-02  6.004734e-01  8.828499e-02
-2.267175e-02  6.619706e-02  5.570243e-02  4.757945e+02  1.000000e+00  5.861784e+00  1.847842e+00  1.506613e+00  3.520288e+00
1  2.145729e-01  1.399925e-01  0.000000e+00  9.487184e-02  0.000000e+00  3.109573e+00 0 2  2.913638e-01
 2.411998e-02  1.226528e-01  5.404105e+00  0.000000e+00  0.000000e+00  4.840316e-01  2.818457e-01 -4.173608e-02  1.199988e-02
3 -9.295067e-02  4.840811e-02  3.286394e-01  1.236698e-01  2.255476e-01  2.757925e+00 6 1 -1.000000e+00
 7.662653e-02 -5.624403e-02 -4.728879e-01  1.042123e+01  5.000000e-01  4.558699e-01 -6.099289e-01  1.427841e+00  1.782945e-01
-2.206296e-01  8.390808e-02  2.096621e+00  0.000000e+00  0.000000e+00  2.020806e-01 -2.871551e-01  2.779559e-01  1.230902e-02
 4.979888e-04 -4.170509e-04  7.498705e-05  1.416620e+01  1.000000e+00  1.191913e+02  2.083137e+01  1.412784e+01  1.184623e+02
3 -1.336522e-01 -6.459144e-01  1.496410e+00  7.746427e-01  4.211035e-02  8.275146e+00 6 2 -1.000000e+00
-1.825598e-01 -1.236268e+00  3.338020e+00  0.000000e+00  0.000000e+00  3.267770e-01  3.758447e-01 -1.113157e-01  3.721843e-03
 4.768965e-04  3.086006e-03  4.445523e-05  2.296468e+02  1.000000e+00  1.526517e+02  2.243321e+01 -6.738586e-01  1.505282e+02
 5.275709e-02  2.415235e-01 -1.405652e-01  2.055213e+02  5.000000e-01  1.106069e+00  2.386828e+00 -1.195174e+00  3.232080e-01
2 -1.520418e-01 -4.607162e-01  1.298427e+00  4.970172e-01  1.535938e-01  8.096703e+00 6 1 -1.000000e+00
-2.514244e-01 -1.014396e+00  1.645929e+00  0.000000e+00  0.000000e+00  2.072528e-01  8.432437e-02 -1.173796e-01  1.625923e-03
 7.137400e-02  2.432661e-01 -2.528045e-01  1.364111e+02  5.000000e-01  5.315792e-01  1.634836e+00 -1.225706e+00  9.503056e-02
3  1.223901e-01  3.163413e-03  9.145115e-01  5.475935e-01  2.232593e-01  3.648949e+00 6 3 -1.000000e+00
 5.275423e-01 -2.166058e-01  5.182598e+00  0.000000e+00  0.000000e+00  3.447587e-01 -3.895022e-01  2.909910e-01  2.936738e-02
-3.679352e-01 -3.099492e-02 -1.157063e+00  4.393016e+01  5.000000e-01  4.717433e-01 -1.035125e+00 -2.680063e-01  9.180644e-02
-2.457852e-04  9.697298e-06  3.804982e-06  1.139229e+02  1.000000e+00  5.328849e+02 -1.370415e+02  3.616346e+01  5.312402e+02
3 -8.005629e-02  1.087115e-01  4.721472e-01  1.745820e-01  1.099335e-01  7.149197e+00 6 3 -1.000000e+00
 6.246181e-02 -1.127784e-01 -3.756367e-01  1.922227e+01  5.000000e-01  1.289391e+00  7.488775e-01  1.478200e+00  9.934154e-01
-2.075549e-01  2.745380e-01  3.416943e+00  0.000000e+00  0.000000e+00  3.039332e-01  2.943868e-02  4.370162e-01  9.541728e-02
 3.873797e-03 -7.195019e-03  3.664661e-03  2.136834e+01  1.000000e+00  2.091951e+01  7.063738e+00  8.603136e+00  2.038538e+01
3 -1.522175e-01 -2.476062e-02  3.666867e-01  1.618405e-01  1.042043e-01  6.529154e+00 6 3 -1.000000e+00
-2.833309e-01 -4.836255e-02  3.232496e+00  0.000000e+00  0.000000e+00  2.450644e-01 -4.830184e-01 -1.651133e-01  3.195649e-02
 7.873905e-02  9.641488e-03 -3.368401e-01  1.787803e+01  5.000000e-01  9.493571e-01 -1.646435e+00 -5.104743e-01  6.402613e-01
 6.901364e-03  6.262256e-04  6.311613e-03  1.893842e+01  1.000000e+00  1.379371e+01 -2.275937e+00  2.472044e-01  1.329859e+01
3 -5.709737e-02  1.035985e-01  6.224645e-01  2.690635e-01  9.882607e-01  2.623260e+00 6 1 -1.000000e+00
 1.092769e-01 -1.831688e-01 -2.089305e+00  5.670201e+01  5.000000e-01  3.943921e-01  3.341164e-01  8.565951e-01  1.037707e-01
-1.622281e-01  3.769625e-01  2.114123e+00  0.000000e+00  0.000000e+00  2.501684e-01  1.635662e-01  2.499683e-01  1.929701e-02
 2.927547e-04 -8.071461e-04  9.123712e-05  9.206482e+01  1.000000e+00  1.070547e+02  1.566822e+01 -6.454362e+00  1.062664e+02
3  6.242424e-02  1.034904e-01  2.741588e-01  1.071184e-01  1.129213e-01  9.986871e+00 6 1 -1.000000e+00
 8.951958e-02  2.227028e-01  1.663524e+00  0.000000e+00  0.000000e+00  2.074812e-01  3.633849e-02 -1.601000e-01  1.597510e-02
-1.680145e-02 -3.000034e-02 -1.878473e-01  1.550338e+01  5.000000e-01  1.762805e+00  1.068086e+00 -2.182782e+00  1.413109e+00
-2.901093e-03 -5.713384e-03  8.733655e-03  1.570547e+01  1.000000e+00  1.310893e+01  3.572469e+00 -4.400467e+00  1.262173e+01
3  2.850415e-01 -3.746314e-02  2.816299e+00  1.323028e+00  8.859542e-01  7.533201e+00 6 3 -1.000000e+00
 1.788991e+00 -7.283977e-01  2.705138e+00  0.000000e+00  0.000000e+00  3.403607e-01 -2.246713e-01  1.223922e-01  5.131922e-02
-1.017667e+00 -4.955649e-01 -3.053361e+00  3.122354e+01  5.000000e-01  5.491271e-01 -3.440165e-01 -6.422204e-01  1.329774e-01
-9.908792e-03  2.386732e-03  1.851043e-03  5.217536e+01  1.000000e+00  2.459695e+01 -2.211651e+00  3.418882e+00  2.320805e+01
3 -7.802862e-01  1.342807e-01  2.228673e+00  1.276284e+00  2.175223e-02  8.890058e+00 6 2 -1.000000e+00
-1.700125e+00  1.139489e-01  1.091157e+01  0.000000e+00  0.000000e+00  4.156690e-01 -4.905229e-01  9.583419e-02  1.558211e-02
 5.188777e-01 -9.344155e-02 -2.373510e-01  1.356841e+02  5.000000e-01  9.810604e-01 -1.917961e+00  7.314052e-01  3.540832e-01
 6.423704e-03 -1.057455e-03  9.741468e-05  1.637766e+02  1.000000e+00  1.058456e+02 -2.570474e+01  8.152617e+00  1.043696e+02
1  4.800728e+00 -3.534929e+00  0.000000e+00  2.630024e+00  0.000000e+00  8.348174e+00 0 2 -1.000000e+00
 5.647003e+00 -4.863794e+00  3.550878e+00  0.000000e+00  0.000000e+00  3.034073e-01 -1.138371e-01  4.366486e-01  7.669149e-04
3 -1.602470e-01  1.684248e-01  1.299178e+00  5.148988e-01  8.157307e-01  4.445578e+00 6 1 -1.000000e+00
 1.650696e-01 -4.228675e-01 -2.640888e+00  3.140544e+01  5.000000e-01  5.311388e-01  5.258153e-01  5.674589e-01  1.940649e-01
-6.505949e-01  5.883471e-01  2.154253e+00  0.000000e+00  0.000000e+00  2.659971e-01 -4.571090e-02  2.692077e-01  2.624323e-02
 3.602257e-03 -5.629081e-03  1.792144e-03  4.275075e+01  1.000000e+00  2.504324e+01  4.460682e+00 -4.346836e-01  2.410868e+01
1  9.955945e-03 -9.924472e-02  0.000000e+00  1.269571e-01  0.000000e+00  1.091838e+01 0 2 -1.000000e+00
 3.687007e-02 -2.718156e-01  3.839079e+00  0.000000e+00  0.000000e+00  4.422784e-01  2.181523e-01  5.462480e-02  1.946690e-02
3  5.713975e-02  2.758404e-01  7.936572e-01  3.583654e-01  1.520657e-01  2.739360e+00 6 1 -1.000000e+00
 1.000969e-02  6.789511e-01  2.668770e+00  0.000000e+00  0.000000e+00  3.200097e-01  2.913714e-01 -5.277458e-02  3.493320e-02
-2.483974e-02 -1.139406e-01 -4.058285e-01  2.934892e+01  5.000000e-01  2.109912e+00  1.691061e+00 -9.144998e-01  1.377451e+00
-7.323168e-03 -3.847820e-02  6.159744e-02  2.950373e+01  1.000000e+00  6.362122e+00  3.259514e+00 -1.376039e+00  5.342927e+00
1 -2.257903e+00 -3.540629e+00  0.000000e+00  1.789158e+00  0.000000e+00  6.249380e+00 0 2  2.795336e-01
-4.055266e+00  8.899428e-01  4.030429e+00  0.000000e+00  0.000000e+00  4.199355e-01 -2.422715e-01  1.722404e-01  1.270416e-03
3 -2.815542e-01  2.402933e-01  8.081095e-01  3.374834e-01  1.114267e-01  3.401149e+00 6 1 -1.000000e+00
-5.946936e-01  3.584900e-01  1.527911e+00  0.000000e+00  0.000000e+00  1.640635e-01 -3.126389e-02  2.081439e-01  2.266644e-02
 8.372872e-02 -8.058195e-02 -1.702500e-01  4.820913e+01  5.000000e-01  1.782712e+00 -1.358171e-02  2.546795e+00  1.478660e+00
 1.351303e-02 -1.228367e-02  6.022287e-03  4.912788e+01  1.000000e+00  1.571032e+01 -3.840559e-01  7.084919e+00  1.523791e+01
3 -7.247978e-02 -4.708186e-02  6.189545e-01  3.075771e-01  5.116634e-01  3.042197e+00 6 3 -1.000000e+00
-3.358080e-01 -1.557190e-01  3.098052e+00  0.000000e+00  0.000000e+00  2.069588e-01 -3.364605e-01 -4.392325e-01  4.904394e-02
 1.975139e-01  1.584027e-01 -1.585160e+00  1.339230e+01  5.000000e-01  3.223199e-01 -2.008805e-01 -1.024572e+00  1.370767e-01
 3.445242e-04  2.273244e-04  2.841220e-05  3.212655e+01  1.000000e+00  1.907540e+02 -1.013564e+01 -2.660241e+01  1.901199e+02
2 -4.999928e-02  8.265421e-02  1.099060e+00  8.600306e-01  1.152402e-01  4.311856e+00 6 3 -1.000000e+00
 2.960706e-01 -4.049196e-01 -1.863126e+00  2.580868e+01  5.000000e-01  2.576118e-01  4.133851e-01  9.575935e-01  2.210336e-02
-1.669996e-01  5.918245e-01  1.616732e+01  0.000000e+00  0.000000e+00  2.186192e-01  6.300877e-01  3.894769e-01  8.804170e-03
3  1.011970e-01 -2.043489e-03  6.355406e-01  3.556357e-01  3.771553e-01  3.151221e+00 6 3 -1.000000e+00
 3.936542e-01 -4.930448e-02  3.318808e+00  0.000000e+00  0.000000e+00  2.874227e-01 -4.477590e-01  7.723511e-02  6.841708e-02
-2.398345e-01  1.725424e-03 -1.251706e+00  2.441382e+01  5.000000e-01  5.123720e-01 -1.016465e+00 -5.906806e-02  2.369092e-01
-1.206716e-03  8.536330e-05  1.431785e-04  4.315499e+01  1.000000e+00  8.896917e+01 -2.661284e+01  6.785511e+00  8.807267e+01
3 -3.122210e-02 -1.775463e-01  1.041156e+00  5.398460e-01  4.204178e-01  5.533247e+00 6 1 -1.000000e+00
 1.363451e-01 -7.497644e-01  1.978536e+00  0.000000e+00  0.000000e+00  2.663890e-01  1.800576e-01  1.844113e-02  1.577661e-02
 2.253665e-01  2.875788e-01 -8.318116e-01  6.695658e+01  5.000000e-01  6.298142e-01  2.170615e-01 -1.136713e+00  2.610889e-01
 8.359031e-04  2.045500e-03  2.005208e-04  9.980397e+01  1.000000e+00  7.458197e+01  3.562773e+00 -2.036172e+01  7.360762e+01
3 -1.039685e-02 -1.810486e-01  1.794893e-01  8.220423e-02  3.600797e-01  5.725747e+00 6 3  2.697448e-01
-1.233789e-01 -4.348203e-02  4.416764e+00  0.000000e+00  0.000000e+00  4.633490e-01 -1.513108e-01 -1.966959e-01  1.217080e-02
 3.014409e-02  4.950771e-02 -1.590387e+00  3.954856e+00  5.000000e-01  9.322200e-01  4.393673e-01 -6.635723e-01  1.977641e-01
 7.312974e-04  8.610115e-04  1.875994e-03  4.895244e+00  1.000000e+00  2.710389e+01  2.844963e+00 -1.184351e+01  2.498184e+01
5  3.317879e-02 -3.151748e-02  2.209612e+00  8.642300e-01  1.000000e+00  6.806384e+00 6 1 -1.000000e+00
 7.068681e-02 -7.675521e-01 -1.799971e+00  4.024530e+00  5.000000e-01  5.754501e-01  8.414536e-01  1.666216e-01  4.269477e-01
-1.046604e+00 -2.480475e-01  2.541020e+00  1.237751e+00  0.000000e+00  3.248533e-01 -1.969871e-01 -1.532197e-01  2.021925e-01
 1.135635e+00  9.867748e-02  2.283008e+00  0.000000e+00  0.000000e+00  3.035596e-01 -2.150171e-01 -2.789703e-02  1.818588e-01
-1.742062e-01  6.932851e-01 -1.462626e+00  5.116768e+00  5.000000e-01  6.431765e-01  8.162780e-01  3.804141e-01  4.884481e-01
-2.139242e-03  2.227192e-03  5.332115e-03  9.380999e+00  1.000000e+00  1.486093e+01  6.664572e-01  2.034283e+00  1.445850e+01
3  1.871083e-01  3.843541e-01  1.225482e+00  6.413908e-01  2.736652e-01  1.833449e+00 6 1 -1.000000e+00
 2.969002e-01  9.403217e-01  2.138329e+00  0.000000e+00  0.000000e+00  2.306386e-01  2.628971e-01 -2.348345e-01  7.744208e-02
-1.204805e-01 -2.118929e-01 -5.851861e-01  1.975958e+01  5.000000e-01  1.438910e+00  6.650935e-01 -1.207953e+00  1.166529e+00
-2.971958e-02 -5.595522e-02  6.538018e-02  2.004248e+01  1.000000e+00  5.509595e+00  1.151893e+00 -1.927287e+00  5.127546e+00
3  1.001145e-01  2.071744e+00  1.896146e+00  1.034631e+00  8.556207e-02  5.046156e+00 6 2  2.963909e-01
 1.377652e+00  5.961189e-01  4.059234e+00  0.000000e+00  0.000000e+00  3.922747e-01 -2.429898e-01 -2.528520e-01  6.891102e-03
-3.880622e-01 -9.498515e-02 -3.473164e-01  5.469627e+01  5.000000e-01  1.067776e+00 -1.439835e+00 -9.003818e-01  2.732454e-01
-7.808392e-03 -1.299899e-03  2.937551e-04  6.172343e+01  1.000000e+00  6.179144e+01 -1.702904e+01  1.189069e+00  5.966396e+01
1  1.326940e+00  1.112149e+00  0.000000e+00  1.635064e+00  0.000000e+00  2.960244e+00 0 2 -1.000000e+00
 3.069077e+00  1.406858e+00  4.055177e+00  0.000000e+00  0.000000e+00  4.081049e-01 -1.416199e-01 -2.892839e-01  1.201563e-02
2 -1.115967e+00 -2.419813e+00  1.174335e+00  1.704230e+00  1.968978e-04  3.882652e+00 6 2  3.140612e-01
-1.180003e+00  1.074306e-01 -5.353298e+00  1.469544e+02  5.000000e-01  7.627227e-01 -4.919930e-01 -3.231342e-02  3.193000e-02
-1.026165e-02  3.660876e-03  1.054053e-03  1.862270e+02  1.000000e+00  3.247955e+01 -5.118972e+00  4.004872e+00  2.788359e+01
3 -1.725448e-01  2.708827e-01  8.484401e-01  4.721022e-01  1.217148e-01  2.514818e+00 6 1 -1.000000e+00
-3.606218e-01  5.591613e-01  2.247364e+00  0.000000e+00  0.000000e+00  2.608984e-01  1.361874e-01  2.876774e-01  1.103905e-02
 1.110740e-01 -1.460718e-01 -2.735375e-01  7.371307e+01  5.000000e-01  8.263813e-01  7.400630e-01  1.771513e+00  3.605654e-01
 2.573831e-03 -2.682575e-03  2.357905e-04  8.449390e+01  1.000000e+00  6.893554e+01 -8.799080e+00  1.722677e+01  6.776415e+01
5  8.720828e-03 -2.284742e-03  2.156892e-01  1.127043e-01  1.000000e+00  1.606142e+01 6 1 -1.000000e+00
 7.657700e-03 -1.115171e-01  2.519339e+00  0.000000e+00  0.000000e+00  3.169556e-01  2.591258e-01  4.973892e-02  1.004483e-01
 8.731164e-02 -1.135551e-02 -1.875542e+00  3.678499e-01  5.000000e-01  6.343280e-01 -7.990042e-01  1.687820e-01  3.732168e-01
-7.170671e-02  1.319735e-02 -1.117248e+00  6.932360e-01  5.000000e-01  8.057801e-01 -9.198665e-01  2.943183e-01  5.329638e-01
 3.437163e-02  1.025114e-01  2.676941e+00  5.956464e-02  0.000000e+00  3.234490e-01  1.889033e-01 -2.201728e-01  9.969807e-02
-6.465452e-04  1.723676e-04  4.592295e-03  1.163751e+00  1.000000e+00  1.679593e+01 -4.874822e+00  2.826926e+00  1.619636e+01
3  9.146254e-02  2.351468e-01  1.032166e+00  6.130284e-01  4.046451e-01  7.441078e+00 6 1 -1.000000e+00
 1.428785e-01  6.960730e-01  1.991693e+00  0.000000e+00  0.000000e+00  2.132788e-01  2.927796e-01 -1.764227e-01  1.082098e-02
-1.831663e-01 -2.832442e-01 -8.059288e-01  6.985436e+01  5.000000e-01  3.940295e-01  5.668785e-01 -1.134307e+00  1.180319e-01
-4.628884e-04 -7.163091e-04  1.824599e-05  1.129840e+02  1.000000e+00  2.404537e+02 -2.800539e+01 -4.179985e+01  2.395680e+02
1  1.030559e-01 -3.527645e-01  0.000000e+00  9.916151e-02  0.000000e+00  4.730823e+00 0 2  2.831339e-01
-2.096808e-01  2.651257e-01  3.669469e+00  0.000000e+00  0.000000e+00  3.728314e-01  6.196742e-02  3.420256e-01  2.153292e-03
5  4.670627e-02  1.160771e-02  1.298229e+00  5.683634e-01  1.000000e+00  5.392582e+00 6 3 -1.000000e+00
 6.821524e-02 -4.838619e-01 -2.019416e+00  3.331481e+01  5.000000e-01  4.603310e-01  8.291283e-01  3.146134e-01  4.803782e-02
-5.398863e-01 -2.628611e-01  3.491113e+00  2.288855e+01  0.000000e+00  3.533898e-01 -2.081015e-01 -2.972489e-01  3.060278e-02
 6.488751e-01  2.589109e-01  2.524951e+00  0.000000e+00  0.000000e+00  3.201193e-01 -1.914183e-01 -1.718998e-01  2.055203e-02
-2.929922e-01  3.804622e-01 -1.821803e+00  3.603006e+01  5.000000e-01  4.619359e-01  3.239286e-01  8.564403e-01  5.979921e-02
-1.153416e-04 -2.214642e-05  6.760711e-06  1.301125e+02  1.000000e+00  3.891626e+02 -5.248562e+01 -1.416869e+00  3.875236e+02
1  1.625550e+00 -4.962435e-01  0.000000e+00  2.116810e+00  0.000000e+00  4.449965e+00 0 2 -1.000000e+00
 4.209813e+00 -5.812209e-01  3.249177e+00  0.000000e+00  0.000000e+00  4.112678e-01 -1.535294e-01  1.235477e-01  2.454649e-03
3  2.325773e-01  2.821742e-01  1.399466e+00  6.739586e-01  3.275331e-01  2.309055e+00 6 1 -1.000000e+00
-2.750898e-01 -2.502879e-01 -6.889020e-01  5.073062e+01  5.000000e-01  7.305976e-01 -1.758017e-01 -1.221989e+00  3.248945e-01
 5.084347e-01  9.092786e-01  2.103305e+00  0.000000e+00  0.000000e+00  2.743910e-01  7.871514e-02 -2.118258e-01  2.135366e-02
-5.046413e-03 -5.474300e-03  6.410162e-04  6.079694e+01  1.000000e+00  4.193134e+01 -7.672418e-01 -1.071274e+01  4.095189e+01
1 -3.103873e+00 -4.771295e-01  0.000000e+00  2.560412e+00  0.000000e+00  5.587634e+00 0 2 -1.000000e+00
-5.639489e+00 -2.485527e+00  3.500723e+00  0.000000e+00  0.000000e+00  4.045112e-01 -2.321273e-01 -1.227539e-01  1.197181e-03
3 -1.710101e+00 -1.217651e+00  2.460439e+00  1.088498e+00  4.021223e-01  6.098274e+00 6 3  2.857769e-01
-2.562101e-01 -6.647943e-01 -4.715820e+00  1.626075e+02  5.000000e-01  6.284169e-01  3.876725e-01 -4.470305e-01  3.490344e-02
 2.890234e-01  1.734472e+00  1.896337e+00  0.000000e+00  0.000000e+00  2.636583e-01  1.155467e-01 -3.893034e-02  2.672172e-03
-3.836595e-04 -2.019329e-03  3.374144e-05  2.145012e+02  1.000000e+00  1.745143e+02  2.068709e+01 -6.490179e+00  1.706809e+02
3 -5.846809e-02 -2.830099e-01  1.014384e+00  3.749088e-01  1.929933e-01  6.335556e+00 6 1 -1.000000e+00
-4.796654e-01 -6.519796e-01  1.668075e+00  0.000000e+00  0.000000e+00  2.099916e-01  1.312807e-01 -8.593774e-02  1.987092e-02
-9.576235e-03  2.469032e-01 -3.219273e-01  4.943171e+01  5.000000e-01  1.114673e+00  1.748062e+00  2.524255e-01  7.497216e-01
 6.058713e-04  9.741311e-03  1.383001e-03  5.549920e+01  1.000000e+00  3.103412e+01  1.336088e+01  6.854391e-01  3.019791e+01
2 -7.518635e-01 -1.880950e+00  4.098866e-02  6.761758e-01  1.521403e-01  4.155207e+00 6 1  2.862765e-01
-1.070544e-02  2.311551e-02  2.076880e-03  5.571431e+02  1.000000e+00  3.094015e+01  1.344293e+01  1.530388e+01  2.984041e+01
-2.923838e-02  5.967506e-02 -1.365109e-02  5.568153e+02  5.000000e-01  8.431277e+00  6.202028e+00  9.487516e+00  7.543188e+00
3 -5.093795e-02  2.829565e-02  8.158387e-01  4.558985e-01  7.397693e-01  3.139668e+00 6 1 -1.000000e+00
 1.914662e-01 -3.381867e-01 -2.148286e+00  3.348202e+01  5.000000e-01  3.530651e-01  5.499950e-01  7.625729e-01  9.579964e-02
-5.356756e-01  3.175605e-02  2.903995e+00  0.000000e+00  0.000000e+00  2.871222e-01 -3.905843e-01  1.062330e-01  4.466343e-02
 2.387651e-04 -1.250306e-04  2.763480e-05  1.136581e+02  1.000000e+00  1.920078e+02 -1.300439e+01  1.134011e+01  1.911104e+02
2  7.848862e-01  3.993541e-01  2.963962e+00  1.989681e+00  3.237634e-02  8.884326e+00 6 2 -1.000000e+00
 1.645906e+00  2.130076e+00  4.867457e+00  0.000000e+00  0.000000e+00  4.670124e-01 -1.958814e-03 -2.804029e-01  2.677605e-04
-2.882724e-01 -1.158148e-01 -1.575904e-01  9.488891e+02  5.000000e-01  1.761632e+00 -1.880913e+00 -1.840602e+00  2.147420e-01
3 -2.724371e-02  1.392996e-01  6.557496e-01  2.928062e-01  4.148110e-01  3.943328e+00 6 1 -1.000000e+00
 1.320005e-02 -2.236384e-01 -1.105586e+00  7.555834e+01  5.000000e-01  3.965931e-01  1.091613e+00  2.774500e-01  3.876257e-02
-8.885943e-02  4.241203e-01  2.665277e+00  0.000000e+00  0.000000e+00  2.637459e-01  3.573892e-01  1.978572e-01  4.689860e-03
-5.129004e-05 -2.259373e-04  3.982088e-06  1.401324e+02  1.000000e+00  5.484514e+02  2.659535e+01 -2.187948e+02  5.470299e+02
2 -6.039596e-01  5.920021e-02  1.466293e+00  5.774476e-01  4.123137e-02  8.427050e+00 6 2 -1.000000e+00
-1.161278e+00  3.594469e-02  3.831271e+00  0.000000e+00  0.000000e+00  3.472535e-01 -3.952151e-01  9.419649e-02  6.857834e-04
 3.038919e-01 -2.143504e-02 -1.579685e-01  4.217710e+02  5.000000e-01  6.383511e-01 -2.505627e+00  4.277821e-01  3.493847e-02
1 -9.015033e-01  7.979449e-01  0.000000e+00  8.922380e-01  0.000000e+00  7.914766e+00 0 2 -1.000000e+00
-1.685066e+00  9.883051e-01  3.964846e+00  0.000000e+00  0.000000e+00  3.363747e-01 -1.771834e-01  3.959647e-01  1.639968e-01
1  1.387236e+00  1.241016e+00  0.000000e+00  1.412185e+00  0.000000e+00  5.696289e+00 0 2 -1.000000e+00
 1.876927e+00  2.757936e+00  4.175686e+00  0.000000e+00  0.000000e+00  4.013234e-01 -5.286603e-04 -3.448649e-01  2.549154e-02
3 -6.378812e-01  6.857031e-01  4.070115e+00  2.103841e+00  1.970455e-01  4.609823e+00 6 3 -1.000000e+00
 8.156270e-01 -7.362383e-01 -7.994692e-01  2.816099e+02  5.000000e-01  7.670826e-01 -1.436819e-01  1.133330e+00  8.642058e-02
-1.719494e+00  2.447941e+00  4.057283e+00  0.000000e+00  0.000000e+00  4.198922e-01  1.009825e-01  2.825903e-01  5.295729e-03
 2.740219e-03 -2.985633e-03  3.220150e-05  3.791807e+02  1.000000e+00  1.778537e+02  2.260848e+00  1.475384e+01  1.757402e+02
3 -5.828229e-01 -1.323270e-01  1.397948e+00  3.998326e-01  1.457698e-01  7.217613e+00 6 1 -1.000000e+00
-1.201414e+00 -1.374126e-01  1.371017e+00  0.000000e+00  0.000000e+00  1.430263e-01 -3.247595e-02 -6.295913e-02  2.060114e-03
 6.517035e-03 -1.228083e-03  2.867106e-04  8.723359e+01  1.000000e+00  6.578754e+01 -1.257916e+01  2.348088e+01  6.479454e+01
 1.883451e-01  1.367301e-02 -1.998530e-01  8.232361e+01  5.000000e-01  7.732418e-01 -2.042327e+00 -9.402113e-01  3.526594e-01
3 -2.931097e-01 -1.317772e-01  1.469875e+00  6.832124e-01  7.561851e-02  5.392895e+00 6 2 -1.000000e+00
-9.321574e-01 -1.711606e-01  7.245504e+00  0.000000e+00  0.000000e+00  2.672341e-01 -5.955248e-01 -2.104267e-01  4.058807e-02
 4.637846e-01  2.891421e-01 -5.478942e-01  5.745946e+01  5.000000e-01  5.848008e-01 -8.085673e-01 -1.159215e+00  3.061069e-01
 2.793521e-03  2.049599e-03  1.129274e-04  9.384883e+01  1.000000e+00  1.031534e+02  1.550158e+00 -3.971982e+01  1.024225e+02
3 -6.304563e-02 -4.922522e-01  6.458331e-01  2.334232e-01  5.843284e-01  1.099870e+01 6 1  2.868019e-01
 8.183684e-02 -3.221637e-02 -1.041557e+00  1.476691e+01  5.000000e-01  1.329254e+00 -6.183532e-01  8.283410e-01  4.134803e-01
-5.605769e-01  3.415451e-02  1.782485e+00  0.000000e+00  0.000000e+00  2.498504e-01  1.627611e-02  3.801210e-02  4.014843e-03
 1.493045e-02 -4.153092e-03  3.399872e-02  1.492721e+01  1.000000e+00  7.241382e+00 -2.511325e+00  1.798673e+00  5.548620e+00
3  2.981420e-01 -4.942455e-01  9.153628e-01  4.293404e-01  3.419460e-01  2.446827e+00 6 3  2.847585e-01
-2.300245e-01 -6.019818e-01  3.159824e+00  0.000000e+00  0.000000e+00  3.644942e-01  2.137356e-01 -2.042338e-01  1.432413e-02
 1.493533e-01  2.310618e-01 -1.080489e+00  4.759713e+01  5.000000e-01  8.247560e-01  4.194858e-01 -8.833169e-01  1.749098e-01
 1.671308e-03  2.465329e-03  2.863729e-04  6.100274e+01  1.000000e+00  6.515883e+01  4.952917e+00 -2.449231e+01  6.231930e+01
3 -9.122488e-01  2.099599e-03  1.593027e+00  8.491434e-01  9.801388e-03  4.982312e+00 6 2 -1.000000e+00
-1.419917e+00  8.556506e-02  3.448602e+00  0.000000e+00  0.000000e+00  3.203286e-01 -4.146151e-01  8.659509e-03  3.073696e-03
 2.249377e-03 -9.817877e-05  7.025521e-06  2.891046e+02  1.000000e+00  4.119041e+02 -1.610673e+02  2.369201e+01  4.094880e+02
 1.706310e-01 -3.279087e-03 -3.380109e-02  2.684042e+02  5.000000e-01  2.074653e+00 -5.543955e+00  6.548555e-02  1.109580e+00
2 -2.886338e-01  1.300246e+00  3.641795e+00  1.587257e+00  3.087315e-01  6.271411e+00 6 1  2.748441e-01
 3.093411e+00 -7.652969e-01  1.924251e+00  0.000000e+00  0.000000e+00  2.736760e-01  1.128469e-02  8.795657e-02  1.259174e-04
-2.921253e-01  5.766466e-01 -5.940767e-01  6.862140e+02  5.000000e-01  1.192990e+00  9.654488e-01  8.879402e-01  1.191111e-02
3 -1.530314e+00 -3.576234e+00  2.985104e+00  1.500414e+00  2.397978e-01  6.786520e+00 6 3  2.668568e-01
-1.115992e+00 -1.966581e+00 -1.563608e+01  2.847275e+03  5.000000e-01  9.366206e-01  1.529640e-01 -2.111247e-01  6.392965e-04
 3.494528e-01  6.340576e-01 -3.749497e+00  3.119169e+03  5.000000e-01  1.038577e+00  2.721200e-01 -4.406147e-01  1.630945e-02
 2.397574e-03  3.218595e-03  3.076524e-04  3.165578e+03  1.000000e+00  6.119527e+01 -8.869799e-01 -1.929409e+01  5.747728e+01
3  4.166392e-01 -1.029079e+00  3.435525e+00  1.705808e+00  9.299529e-02  7.088813e+00 6 2 -1.000000e+00
-1.389423e-02 -3.080407e+00  3.743398e+00  0.000000e+00  0.000000e+00  4.360088e-01  1.721897e-01  1.459446e-01  8.115058e-03
-1.704990e-01  3.515463e-01 -3.481184e-01  2.743519e+02  5.000000e-01  1.932893e+00  1.187557e+00  1.527280e+00  1.084031e+00
-4.393310e-02  9.244141e-02  3.246156e-02  2.760813e+02  1.000000e+00  7.645335e+00  2.185508e+00  2.928884e+00  6.505125e+00
3 -2.451549e+00 -4.724429e-01  8.758431e+00  3.123572e+00  1.325751e-01  6.265981e+00 6 1 -1.000000e+00
-7.572307e+00 -2.838986e+00  2.228278e+00  0.000000e+00  0.000000e+00  3.125188e-01 -1.527405e-01  2.288334e-02  6.614296e-04
 6.620552e-01  1.452022e-01 -2.954141e-01  2.185154e+03  5.000000e-01  1.817527e+00 -1.854876e+00 -7.828568e-01  5.359494e-01
 5.053761e-02  1.173809e-02  1.234864e-03  2.209287e+03  1.000000e+00  3.220607e+01 -1.122684e+01 -6.162085e+00  2.976674e+01
3 -2.465350e-01 -7.717561e-01  2.720138e+00  1.417667e+00  5.633264e-02  6.412209e+00 6 2 -1.000000e+00
 1.004379e-01 -2.181682e+00  7.089751e+00  0.000000e+00  0.000000e+00  4.634545e-01  3.818771e-01 -3.165877e-02  2.667557e-02
 2.417112e-01  5.347849e-01 -3.993844e-01  2.280577e+02  5.000000e-01  1.530593e+00  1.187337e+00 -1.172865e+00  8.650642e-01
 2.766147e-02  5.901068e-02  1.006186e-02  2.384442e+02  1.000000e+00  1.276160e+01  3.490625e+00 -5.173551e+00  1.174227e+01
3 -2.484773e-01 -1.680769e-02  9.519425e-01  4.301357e-01  3.585820e-01  2.004952e+00 6 1 -1.000000e+00
-6.629444e-01 -3.332814e-02  2.207559e+00  0.000000e+00  0.000000e+00  2.270498e-01 -3.654398e-01 -1.044827e-01  3.331219e-02
 2.889790e-01 -2.729333e-02 -7.915909e-01  4.503120e+01  5.000000e-01  5.898761e-01 -1.196081e+00  2.949323e-02  3.103539e-01
 5.375405e-03 -8.363100e-04  7.490557e-04  5.708691e+01  1.000000e+00  3.934076e+01 -7.561736e+00  8.821536e+00  3.863800e+01
1 -1.072032e+01 -7.770196e+00  0.000000e+00  4.713294e+00  0.000000e+00  5.112933e+00 0 2 -1.000000e+00
-1.577225e+01 -9.566682e+00  3.151861e+00  0.000000e+00  0.000000e+00  3.529209e-01 -1.232418e-01 -2.936835e-01  5.777615e-05
3 -1.252640e-01  2.365709e-01  1.337912e+00  5.128159e-01  3.536992e-01  7.535933e+00 6 1 -1.000000e+00
 2.531192e-01 -2.850365e-01 -6.776731e-01  5.126933e+01  5.000000e-01  6.577527e-01 -1.839218e-01  1.248577e+00  1.621176e-01
-5.394142e-02  1.017163e+00  1.915958e+00  0.000000e+00  0.000000e+00  2.664269e-01  8.816104e-02  9.178858e-02  1.851638e-02
 8.546993e-04 -2.162360e-03  7.719725e-05  7.023257e+01  1.000000e+00  1.225132e+02  3.620595e+01  2.237736e+01  1.207953e+02
3 -1.315609e-01  2.995387e-01  1.421313e+00  5.036497e-01  5.774738e-01  9.524989e+00 6 1 -1.000000e+00
 1.017436e-01 -3.993787e-01 -1.052100e+00  5.941041e+01  5.000000e-01  6.682785e-01  8.787285e-01  5.369872e-01  3.431157e-01
-4.169368e-01  9.239132e-01  1.821901e+00  0.000000e+00  0.000000e+00  2.375587e-01  8.428415e-02  1.591717e-01  3.014260e-02
 2.014880e-03 -7.289663e-03  6.674327e-04  7.383298e+01  1.000000e+00  4.246765e+01  1.427642e+01  4.179938e+00  4.161269e+01
1  3.141686e-02  5.607158e-02  0.000000e+00  9.869714e-02  0.000000e+00  2.973520e+00 0 2 -1.000000e+00
 1.428568e-01  1.174184e-01  7.217812e+00  0.000000e+00  0.000000e+00  4.859112e-01 -4.494409e-02 -3.517403e-01  4.786133e-02
3  5.224408e-01 -1.613249e-01  1.625537e+00  5.533612e-01  1.733915e-01  8.817432e+00 6 1 -1.000000e+00
 1.149736e+00 -4.920603e-01  2.093081e+00  0.000000e+00  0.000000e+00  2.675851e-01 -2.086896e-01  1.229454e-01  2.759787e-03
-3.566185e-01  1.188952e-01 -3.629224e-01  1.514657e+02  5.000000e-01  5.164163e-01 -1.476839e+00  8.990056e-01  8.088711e-02
-5.813132e-04  3.444653e-04  2.666376e-06  2.082210e+02  1.000000e+00  6.303198e+02  9.195243e+01  1.120147e+02  6.289432e+02
3  2.811009e-01 -1.556862e+00  1.104066e+00  5.504561e-01  5.290106e-01  7.954970e+00 6 1  2.915968e-01
 7.696609e-02 -8.994061e-01  1.650147e+00  0.000000e+00  0.000000e+00  1.950309e-01  1.789065e-01  9.980578e-02  9.924902e-04
-6.184019e-02  1.958991e-01 -8.729453e-01  7.132667e+01  5.000000e-01  1.115847e+00  8.114703e-01  7.074487e-01  6.422072e-02
-5.214060e-04  2.565652e-03  1.073162e-04  7.591093e+01  1.000000e+00  1.031280e+02  3.137646e+01  1.128692e+01  9.627964e+01
5 -6.856149e-03  8.785985e-03  8.997866e-01  5.030198e-01  1.000000e+00  4.928438e+00 6 3 -1.000000e+00
-4.027978e-01 -1.105986e-01 -2.714191e+00  6.064502e+00  5.000000e-01  4.076211e-01 -7.609534e-01 -3.745620e-01  1.211390e-01
 4.052180e-01  3.462719e-02 -2.755554e+00  7.223149e+00  5.000000e-01  3.889885e-01 -8.554022e-01 -6.727254e-02  9.589322e-02
-6.106701e-02  4.535376e-01  3.932615e+00  0.000000e+00  0.000000e+00  2.918127e-01  4.677487e-01  1.686908e-01  1.334207e-02
-4.873343e-04 -4.442075e-01  4.515652e+00  2.250568e+00  0.000000e+00  2.961769e-01  5.224072e-01  3.171384e-02  1.603246e-02
 1.072689e-05 -8.325659e-06  2.874488e-06  5.586557e+01  1.000000e+00  6.199099e+02 -1.508893e+02 -1.113271e+02  6.181472e+02
3  3.193857e-01 -8.924663e-01  1.557841e+00  7.144325e-01  1.859232e-01  9.809967e+00 6 1  2.765023e-01
 1.464437e-01 -2.553458e-01 -3.916338e-01  1.867627e+02  5.000000e-01  1.405219e+00  9.631537e-01  1.337888e+00  2.207557e-01
-1.193552e+00  5.391861e-01  2.106427e+00  0.000000e+00  0.000000e+00  2.618849e-01 -9.823743e-02  2.458167e-01  3.450280e-03
 5.076188e-03 -6.395665e-03  5.261249e-04  1.996609e+02  1.000000e+00  4.745876e+01  4.854102e+00  1.530245e+01  4.336004e+01
3  5.680730e-02  2.853226e-01  6.360665e-01  2.723880e-01  1.217981e-01  2.759200e+00 6 1 -1.000000e+00
 9.007588e-02  4.915067e-01  1.426230e+00  0.000000e+00  0.000000e+00  1.170436e-01  2.464681e-01 -1.331034e-01  1.108377e-02
-1.825921e-02 -1.352660e-01 -1.737121e-01  8.269692e+01  5.000000e-01  5.618475e-01  2.302637e+00 -8.040484e-01  3.888193e-01
-1.084974e-04 -1.371059e-03  3.686727e-05  9.978653e+01  1.000000e+00  1.693831e+02  3.350454e+01  1.029519e+01  1.689704e+02
3 -1.568190e-02  2.054653e+00  1.031511e+00  4.297175e-01  3.373457e-03  7.523632e+00 6 2  2.723643e-01
-2.140143e-02  8.968106e-01  9.875755e+00  0.000000e+00  0.000000e+00  3.139762e-01  6.073299e-01  2.282588e-02  3.064694e-03
 2.258626e-02 -1.337622e-01 -3.331543e-02  2.022454e+02  5.000000e-01  1.565503e+00  5.446818e+00  8.173645e-01  8.562267e-01
 5.695198e-04 -1.601790e-03  6.186995e-06  2.234282e+02  1.000000e+00  4.623981e+02  1.224444e+02  1.904370e+02  4.606924e+02
3 -6.580965e-02 -1.489078e-01  4.672281e-01  1.999922e-01  2.617062e-01  5.396710e+00 6 1 -1.000000e+00
-6.952200e-02 -3.850816e-01  1.450889e+00  0.000000e+00  0.000000e+00  1.647456e-01 -2.132164e-02 -8.923331e-02  1.377983e-02
 4.297631e-02  6.840074e-02 -3.797066e-01  3.084059e+01  5.000000e-01  9.145505e-01  5.334396e-01 -1.535043e+00  6.400317e-01
 2.505218e-03  5.443086e-03  3.561436e-03  3.240584e+01  1.000000e+00  1.827396e+01  2.488642e+00 -3.377993e+00  1.781344e+01
3 -1.181966e-01  1.503516e-01  1.947565e+00  8.952655e-01  7.826221e-01  9.155087e+00 6 3 -1.000000e+00
 4.274215e-01 -6.170410e-01 -4.829633e+00  1.442040e+01  5.000000e-01  7.312434e-01  1.534874e-01  5.056944e-01  3.290173e-01
-7.226370e-01  9.547015e-01  6.171093e+00  0.000000e+00  0.000000e+00  4.649645e-01  6.573815e-02  3.462595e-01  1.387486e-01
 1.713921e-02 -2.493932e-02  3.657100e-02  1.929999e+01  1.000000e+00  6.407604e+00  7.185381e-01  1.175507e+00  5.457663e+00
3  4.313680e-01  2.827047e-01  1.512547e+00  5.584348e-01  1.636670e-01  5.506564e+00 6 1 -1.000000e+00
 1.033359e+00  5.905174e-01  2.308328e+00  0.000000e+00  0.000000e+00  2.988308e-01 -1.071343e-01 -2.166715e-01  2.366351e-03
-2.639428e-01 -1.871753e-01 -3.777971e-01  6.648637e+01  5.000000e-01  5.899674e-01 -5.398719e-01 -1.588581e+00  9.561429e-02
-1.093352e-03 -7.265930e-04  1.712965e-05  8.307264e+01  1.000000e+00  2.441344e+02  1.205413e+01  2.430485e+01  2.427900e+02
1 -2.115686e+00 -8.189997e+00  0.000000e+00  4.631255e+00  0.000000e+00  4.292192e+00 0 2 -1.000000e+00
-6.682488e+00 -1.354598e+01  3.206386e+00  0.000000e+00  0.000000e+00  3.772247e-01  2.115483e-01 -1.766882e-01  8.641229e-05
5 -2.308876e-01 -6.304392e-01  5.636686e+00  1.854410e+00  1.000000e+00  7.220613e+00 6 3 -1.000000e+00
-3.266673e+00 -1.543946e+00  2.669773e+00  0.000000e+00  0.000000e+00  3.772505e-01  8.119579e-02 -8.161177e-02  2.343265e-03
 1.397201e+00 -1.552492e+00 -4.514597e+00  2.693320e+02  5.000000e-01  6.430226e-01  2.897656e-01  5.147548e-01  3.500380e-02
 2.321223e+00 -8.039190e-01  5.938430e+00  2.621081e+02  0.000000e+00  5.134455e-01 -2.912237e-02  2.597931e-01  1.659791e-02
-5.063130e-03  1.015328e+00 -5.573927e-01  4.711604e+02  5.000000e-01  9.288613e-01  1.340753e+00  3.884860e-02  1.136787e-01
 7.980687e-04  4.523406e-03  8.341494e-05  5.952340e+02  1.000000e+00  1.123612e+02  1.559478e+01  1.303310e+01  1.101696e+02
3 -1.720644e-01  2.990450e-01  1.377491e+00  7.241078e-01  5.942550e-01  2.690465e+00 6 1 -1.000000e+00
 1.875182e-01 -3.034578e-01 -1.515999e+00  1.267148e+02  5.000000e-01  5.873439e-01  4.384895e-01  7.985255e-01  8.946229e-02
-4.926633e-01  8.943881e-01  2.551092e+00  0.000000e+00  0.000000e+00  3.250128e-01  1.186759e-01  2.225641e-01  5.223371e-03
 3.267524e-03 -4.537746e-03  1.010417e-03  1.509058e+02  1.000000e+00  3.314427e+01 -5.204771e+00 -4.058845e+00  3.191374e+01
3 -1.487997e+00  1.658336e+00  1.277044e+00  5.919117e-01  1.972429e-02  5.498761e+00 6 2  2.744338e-01
 1.147131e-01  1.174673e+00  4.074985e+00  0.000000e+00  0.000000e+00  3.967179e-01  3.339019e-01 -8.401860e-02  9.172109e-03
-2.684047e-02 -9.450146e-02 -8.037617e-02  1.694173e+02  5.000000e-01  3.951453e+00  3.864952e+00 -2.492934e+00  2.971812e+00
-9.382405e-03 -3.430211e-02  1.307321e-02  1.697837e+02  1.000000e+00  1.272195e+01  6.643997e+00 -4.094998e+00  1.151730e+01
1 -2.042290e+00 -3.016502e+00  0.000000e+00  4.054630e+00  0.000000e+00  7.760031e+00 0 2 -1.000000e+00
-2.456664e+00 -7.309954e+00  3.065866e+00  0.000000e+00  0.000000e+00  3.796457e-01  1.470869e-01 -1.924390e-01  5.525463e-05
3 -4.857960e-01 -1.569288e-03  1.178230e+00  5.022432e-01  5.460128e-02  3.979554e+00 6 2 -1.000000e+00
-9.242206e-01 -7.724281e-02  3.473762e+00  0.000000e+00  0.000000e+00  3.258096e-01 -4.077490e-01 -2.002946e-02  5.578636e-03
 1.682369e-03  2.117267e-04  2.523440e-05  1.825252e+02  1.000000e+00  2.015911e+02 -4.561348e+00 -2.423942e+01  2.002676e+02
 2.509557e-01  7.525345e-03 -1.896719e-01  1.488539e+02  5.000000e-01  7.308640e-01 -2.311860e+00  9.832742e-04  2.059494e-01
3 -1.962723e-01 -1.298599e-01  1.408677e+00  6.675325e-01  3.228613e-01  6.892744e+00 6 3 -1.000000e+00
-5.655178e-01 -8.037495e-01  3.455419e+00  0.000000e+00  0.000000e+00  3.929474e-01  5.275894e-02 -2.762768e-01  2.034169e-02
 4.253348e-01  1.975409e-01 -1.115621e+00  8.223642e+01  5.000000e-01  6.795749e-01 -7.634696e-01 -6.450955e-01  9.783802e-02
 8.706173e-04  7.480494e-04  2.094178e-05  1.337327e+02  1.000000e+00  2.362923e+02  5.256544e+00 -8.708262e+01  2.343352e+02
1  2.666365e-01  2.682670e-01  0.000000e+00  7.324865e-02  0.000000e+00  6.375316e+00 0 2  2.885326e-01
-4.243673e-02  1.109360e-01  4.311982e+00  0.000000e+00  0.000000e+00  4.535535e-01  1.396369e-01  2.172405e-01  3.790366e-03
3  3.365630e-01  7.840695e-02  9.238992e-01  3.463684e-01  1.424512e-01  1.231495e+01 6 1 -1.000000e+00
-1.892473e-01 -4.892626e-02 -2.839065e-01  1.040276e+02  5.000000e-01  6.412840e-01 -1.737214e+00 -7.956451e-01  2.034905e-01
 6.834825e-01  2.542774e-01  1.993009e+00  0.000000e+00  0.000000e+00  2.417330e-01 -2.553300e-01 -8.956258e-02  5.570225e-03
-1.356240e-03 -4.755959e-04  3.320102e-05  1.260205e+02  1.000000e+00  1.761433e+02 -2.833223e+00 -2.340075e+01  1.748801e+02
5 -4.327421e-03 -1.213419e-03  3.317771e-01  1.963526e-01  1.000000e+00  3.857349e+00 6 3 -1.000000e+00
 6.077248e-02 -1.427445e-01  1.319399e+01  1.184218e+00  0.000000e+00  2.523719e-01  5.118369e-01  4.702964e-01  4.494551e-02
-1.396280e-01  8.850431e-02  6.110968e+00  0.000000e+00  0.000000e+00  2.633468e-01 -1.285089e-01  6.020824e-01  5.835385e-02
 1.442868e-01  7.728135e-02 -3.560437e+00  4.668332e+00  5.000000e-01  4.414178e-01 -3.518076e-01 -6.849160e-01  2.335123e-01
-1.382553e-01 -9.663237e-02 -6.954873e+00  2.105959e+00  5.000000e-01  3.905674e-01 -1.289054e-01 -7.060988e-01  1.854440e-01
 4.092756e-05  1.343044e-05  5.382378e-05  3.961115e+01  1.000000e+00  1.503453e+02 -4.678932e+01 -3.918694e+01  1.494813e+02
3  3.383436e+00 -2.271744e+00  1.834119e+00  1.010319e+00  2.007698e-01  4.436119e+00 6 3  3.129071e-01
-2.922481e-01 -1.210923e+00  7.237281e+00  0.000000e+00  0.000000e+00  4.427045e-01  3.894974e-01 -1.438633e-01  4.495167e-02
 3.171455e-02  5.943587e-01 -1.453028e+00  2.231147e+01  5.000000e-01  7.724915e-01  8.581239e-01 -6.001334e-02  2.419316e-01
 1.852435e-03  1.847887e-02  6.030127e-03  2.756016e+01  1.000000e+00  1.409548e+01  2.282466e+00 -6.692092e-01  1.286988e+01
3 -1.776056e+00 -1.590868e+00  1.626346e+00  7.521455e-01  2.313202e-01  4.674968e+00 6 1  3.037672e-01
-1.251749e+00 -7.409813e-02  2.332151e+00  0.000000e+00  0.000000e+00  2.823207e-01 -2.621234e-01 -1.325374e-01  9.443081e-03
 3.646122e-01  1.058372e-01 -5.394736e-01  6.079894e+01  5.000000e-01  8.041813e-01 -1.115445e+00 -8.048512e-01  2.229465e-01
 6.166651e-03  1.431793e-03  2.982979e-04  7.045941e+01  1.000000e+00  6.013525e+01 -1.110482e+01 -4.616034e+00  5.806333e+01
3 -7.294060e-03 -2.974696e-01  1.701841e+00  9.042547e-01  5.860824e-01  3.757544e+00 6 3 -1.000000e+00
 1.053095e-01 -1.183360e+00  3.659070e+00  0.000000e+00  0.000000e+00  3.952094e-01  2.978003e-01  6.158885e-02  2.519521e-02
 1.037433e-01  5.184803e-01 -2.144517e+00  5.155172e+01  5.000000e-01  7.962811e-01  6.630885e-01 -2.609992e-01  1.917409e-01
 2.283486e-03  1.961485e-02  8.731466e-03  6.060562e+01  1.000000e+00  1.196911e+01  2.039314e+00 -1.278377e+00  1.039078e+01
3 -5.143241e-01  1.047017e+00  3.042355e+00  1.120589e+00  1.062894e-01  4.478113e+00 6 1 -1.000000e+00
-9.714474e-01  2.341387e+00  1.867765e+00  0.000000e+00  0.000000e+00  2.460789e-01  6.952617e-02  1.678206e-01  4.466099e-03
 2.002084e-01 -4.663070e-01 -1.985236e-01  3.245853e+02  5.000000e-01  9.730071e-01  1.457326e+00  1.707077e+00  3.750347e-01
 2.107719e-03 -5.501470e-03  3.692627e-05  3.654781e+02  1.000000e+00  1.728519e+02  4.307651e+01  2.442310e+01  1.711472e+02
3  8.793948e-02  4.796498e-01  3.903717e-01  2.102041e-01  6.404842e-01  2.937340e+00 6 3  2.975644e-01
 7.202326e-02 -8.997011e-02 -3.834772e+00  3.788571e+00  5.000000e-01  8.939427e-01 -1.828573e-02  5.212346e-01  9.646709e-02
-2.577113e-02  2.879536e-01  2.456111e+00  0.000000e+00  0.000000e+00  3.322782e-01  1.953334e-01  2.344232e-02  1.602962e-02
 2.599965e-03 -1.180158e-02  1.032559e-01  4.070701e+00  1.000000e+00  4.205417e+00  6.406687e-01  4.237505e-01  2.207945e+00
3  7.378996e-01 -6.370347e-01  2.322478e+00  1.355602e+00  1.096185e-02  4.646583e+00 6 2 -1.000000e+00
 1.984228e+00 -8.269143e-01  4.879182e+00  0.000000e+00  0.000000e+00  4.577497e-01 -1.510781e-01  2.574070e-01  4.490072e-03
-1.468031e-01  9.645481e-02 -5.348485e-02  2.903641e+02  5.000000e-01  3.390238e+00 -1.036186e+00  4.830781e+00  1.965238e+00
-1.834067e-02  9.558684e-03  7.743923e-04  2.938806e+02  1.000000e+00  4.666597e+01 -1.832327e+01  2.140803e+01  4.442265e+01
3  2.440302e-01 -1.379746e-01  1.816002e-01  6.657208e-02  8.694977e-01  9.586044e+00 6 3  3.035209e-01
-7.362271e-02 -9.029583e-02  2.828740e+00  0.000000e+00  0.000000e+00  4.036326e-01 -4.603065e-02 -4.587080e-03  1.266342e-03
-2.703439e-02  4.974724e-02 -7.198897e+00  2.958257e-01  5.000000e-01  7.267394e-01  4.137054e-02  4.602934e-01  3.579490e-03
 6.766257e-03  7.254226e-02  8.279375e+00  2.878238e-01  0.000000e+00  5.820472e-01  1.480003e-01  1.788809e-01  2.186637e-03
3  1.508052e-01  1.354734e-01  6.469445e-01  2.579845e-01  3.631799e-01  6.135985e+00 6 1 -1.000000e+00
 3.681798e-01  3.041155e-01  1.553880e+00  0.000000e+00  0.000000e+00  1.709430e-01 -2.951137e-02 -2.071572e-01  1.365607e-02
-1.178984e-01 -1.228097e-01 -5.643379e-01  4.168688e+01  5.000000e-01  4.592990e-01  2.959600e-02 -1.436478e+00  2.284278e-01
-9.967102e-04 -1.039889e-03  8.858272e-05  5.378152e+01  1.000000e+00  1.083027e+02  7.324690e+00 -1.308924e+01  1.077245e+02
3 -2.668743e-01  1.166058e-01  1.460241e+00  6.019620e-01  9.252820e-01  5.210799e+00 6 1 -1.000000e+00
 4.129742e-01 -2.327537e-01 -2.363491e+00  2.158721e+01  5.000000e-01  5.123385e-01 -3.837428e-01  7.166994e-01  1.737575e-01
-9.472943e-01  2.982581e-01  2.186896e+00  0.000000e+00  0.000000e+00  2.581751e-01 -2.112703e-01  2.199996e-01  2.810989e-02
 8.184433e-03 -3.478121e-03  2.240209e-03  2.804270e+01  1.000000e+00  2.212965e+01 -2.745644e-01 -8.347930e-04  2.111437e+01
5 -1.450363e+00 -2.523385e+00  3.264433e+00  1.072592e+00  1.000000e+00  5.925597e+00 6 3  2.844198e-01
-3.544988e-01 -7.425820e-01 -1.093001e+00  8.599491e+01  5.000000e-01  7.571772e-01  7.148158e-01 -6.803778e-01  1.081195e-01
 1.932288e+00 -7.461308e-02  2.921588e+00  0.000000e+00  0.000000e+00  4.101171e-01 -3.176184e-02 -6.836175e-02  2.895481e-03
-1.266301e+00  5.777292e-01  4.840260e+00  5.383182e+01  0.000000e+00  5.107260e-01 -4.136726e-03  1.810290e-01  6.354006e-03
-2.734329e-01  1.032923e+00 -3.091136e+00  6.031071e+01  5.000000e-01  6.194826e-01  6.552156e-01  1.974631e-01  2.498925e-02
-9.541770e-04 -8.685690e-04  3.408852e-05  1.395645e+02  1.000000e+00  1.817748e+02  1.869159e+01 -5.472460e+01  1.792096e+02
1  3.695049e+00  5.242942e-02  0.000000e+00  2.004752e+00  0.000000e+00  2.931175e+00 0 2  2.787742e-01
 2.231973e+00 -4.042647e+00  3.078862e+00  0.000000e+00  0.000000e+00  4.225514e-01  7.215868e-02  5.869148e-02  2.449367e-04
3  3.213580e-01  1.859277e-01  2.081955e+00  7.955127e-01  5.823552e-01  1.310520e+01 6 1 -1.000000e+00
-4.814491e-01 -2.351978e-01 -1.436710e+00  9.620100e+01  5.000000e-01  7.532927e-01 -5.935154e-01 -6.361122e-01  2.004956e-01
 1.299662e+00  8.428469e-01  2.467068e+00  0.000000e+00  0.000000e+00  3.632715e-01 -4.188443e-03  8.132627e-03  9.270565e-03
-8.933134e-04 -4.884598e-04  3.589746e-06  1.362127e+02  1.000000e+00  6.556077e+02 -2.142247e+02 -3.225644e+02  6.538392e+02
3  6.105754e-02 -1.995942e-01  1.553222e+00  8.168015e-01  4.036064e-01  6.520880e+00 6 3 -1.000000e+00
 7.948173e-01 -7.309993e-01  3.349222e+00  0.000000e+00  0.000000e+00  3.745704e-01  7.020727e-02  2.960682e-01  1.154485e-02
-1.478854e-02  5.945337e-01 -1.351767e+00  9.629970e+01  5.000000e-01  5.886866e-01  9.533354e-01 -1.013632e-02  7.101924e-02
-2.083096e-04  8.432037e-04  2.443527e-05  1.842863e+02  1.000000e+00  2.046262e+02  2.319408e+01  1.100419e+00  2.023401e+02
3  3.110054e-01  2.209068e-03  1.263550e+00  6.340160e-01  2.433653e-01  7.700585e+00 6 1 -1.000000e+00
 9.428357e-01  2.947302e-01  2.120467e+00  0.000000e+00  0.000000e+00  3.012504e-01 -1.249634e-01 -3.226492e-02  9.913286e-03
-2.988824e-01  6.085878e-02 -5.160481e-01  2.265066e+02  5.000000e-01  9.020809e-01 -1.218788e+00  6.796672e-01  3.297174e-01
-4.054514e-03  3.069108e-04  1.951847e-04  2.709417e+02  1.000000e+00  7.814147e+01 -2.758703e+01  8.149139e+00  7.661447e+01
3  1.648102e+00 -2.319271e+00  1.552967e+00  5.579287e-01  2.047570e-01  7.983455e+00 6 1  3.195531e-01
 1.388234e+00 -1.228800e-01  1.557648e+00  0.000000e+00  0.000000e+00  1.890980e-01 -1.221316e-01 -2.553865e-02  3.389790e-03
-1.584512e-01  1.665763e-02 -3.189393e-01  4.852014e+01  5.000000e-01  1.661447e+00 -1.862144e+00  3.245375e-01  7.559657e-01
-3.594507e-02  4.059488e-03  1.991657e-02  4.880960e+01  1.000000e+00  8.741386e+00 -2.978853e+00  9.198010e-01  7.136883e+00
3  2.868960e-01  4.168433e-01  1.268785e+00  7.427847e-01  5.106531e-02  6.289113e+00 6 2 -1.000000e+00
 5.726570e-01  7.560560e-01  4.412310e+00  0.000000e+00  0.000000e+00  2.488987e-01  2.162786e-01 -5.392013e-01  3.885972e-02
-1.996113e-01 -2.506303e-01 -2.253160e-01  3.683625e+01  5.000000e-01  9.310137e-01  6.601653e-01 -2.001787e+00  5.908248e-01
-5.908249e-03 -6.692256e-03  4.674220e-04  4.278992e+01  1.000000e+00  4.992280e+01 -1.814552e+00 -1.583519e+01  4.913503e+01
3  4.117489e-01 -6.061892e-01  4.134776e-01  2.090894e-01  2.541502e-01  1.057743e+00 6 1  3.055936e-01
-3.548636e-04 -1.008669e-01 -5.080734e-01  2.190129e+01  5.000000e-01  8.803747e-01  1.401906e+00 -1.311093e-01  6.164533e-01
-1.685835e-03  3.126086e-01  1.999107e+00  0.000000e+00  0.000000e+00  1.992030e-01  3.720285e-01 -5.145214e-02  4.668125e-02
 2.236519e-04 -7.032558e-03  5.300423e-03  2.377260e+01  1.000000e+00  1.538337e+01  4.128142e+00  1.084308e+00  1.484006e+01
3 -9.834076e-01 -7.627425e-01  6.173667e+00  2.720118e+00  4.688034e-01  2.084878e+00 6 3 -1.000000e+00
-3.882475e+00 -3.164909e+00  1.987583e+00  0.000000e+00  0.000000e+00  2.716671e-01  1.292061e-02 -1.648582e-01  4.784941e-04
 1.271526e+00  2.336839e-01 -4.239695e+00  1.570088e+03  5.000000e-01  1.001255e+00 -4.849337e-01  2.658854e-02  2.480495e-02
 1.538386e-02  1.150396e-02  5.513973e-04  1.647100e+03  1.000000e+00  4.555894e+01 -4.364755e+00 -1.236420e+01  4.199248e+01
3 -3.877773e-01 -1.684455e+00  4.110209e+00  1.743451e+00  1.187760e-02  3.264483e+00 6 2 -1.000000e+00
 4.094424e-01 -3.792324e+00  3.714533e+00  0.000000e+00  0.000000e+00  4.086885e-01  2.835862e-01  3.907825e-03  7.251929e-04
 6.737050e-03  1.413660e-02  9.558020e-05  1.740841e+03  1.000000e+00  1.266376e+02  3.756639e+01 -6.253921e+01  1.241478e+02
 1.238422e-01  3.079503e-01 -4.411973e-02  1.695942e+03  5.000000e-01  3.056464e+00  4.113022e+00 -3.158748e+00  1.701129e+00
3  1.205454e-01 -1.816254e-01  9.004328e-01  3.330026e-01  2.842172e-01  4.837686e+00 6 1 -1.000000e+00
 4.102331e-01 -4.555810e-01  1.891899e+00  0.000000e+00  0.000000e+00  2.089215e-01  6.017331e-02  3.059655e-01  3.433888e-02
-1.400173e-01  2.571629e-01 -5.377103e-01  5.191850e+01  5.000000e-01  5.199950e-01  8.552015e-01  1.165664e+00  2.957279e-01
-4.276245e-04  6.888501e-04  1.053983e-05  8.570360e+01  1.000000e+00  3.397509e+02  6.775339e+01  1.236263e+02  3.391040e+02
1  1.979282e+00  2.048364e+00  0.000000e+00  9.917572e-01  0.000000e+00  7.020535e+00 0 2  2.589214e-01
-6.035537e-01 -2.074716e+00  3.021288e+00  0.000000e+00  0.000000e+00  3.238135e-01  3.551927e-01  9.036199e-03  4.228188e-04
1  3.333460e+00  2.491818e+00  0.000000e+00  6.268144e+00  0.000000e+00  5.276955e+00 0 2 -1.000000e+00
 1.161506e+01  1.023272e+01  3.260919e+00  0.000000e+00  0.000000e+00  4.325274e-01 -5.819399e-02 -1.094378e-01  7.648018e-03
3 -3.457208e-01 -1.540450e-01  2.909936e-01  1.419869e-01  6.492245e-01  1.128798e+01 6 3  3.052113e-01
 1.196574e-02 -6.383021e-02 -4.136993e+00  9.778725e-01  5.000000e-01  1.016988e+00  4.784074e-01  1.146139e-01  3.362228e-01
-4.257553e-02  2.220063e-01  2.685837e+00  0.000000e+00  0.000000e+00  3.663845e-01  1.646852e-01 -4.498953e-02  2.605903e-02
 3.129913e-03 -1.577625e-02  3.054762e-01  9.942006e-01  1.000000e+00  3.009788e+00  7.427508e-01  4.625922e-01  1.909773e+00
3  3.908057e-01 -4.237780e-02  1.130074e+00  6.474677e-01  1.245592e-01  4.921490e+00 6 3 -1.000000e+00
 8.692024e-01 -3.424066e-01  3.609431e+00  0.000000e+00  0.000000e+00  3.425940e-01 -3.330125e-01  2.103172e-01  3.877580e-02
-2.058452e-01  5.933118e-03 -4.495879e-01  3.797130e+01  5.000000e-01  1.660124e+00 -1.628441e+00  9.057455e-02  1.023210e+00
-4.829071e-02  2.162435e-03  4.211326e-02  3.850893e+01  1.000000e+00  6.748382e+00 -3.048106e+00  8.632004e-02  5.793073e+00
3 -9.424416e+00 -1.701176e+00  7.608638e+00  3.163381e+00  4.471886e-01  1.011845e+01 6 3  2.803661e-01
 1.848779e+00 -4.075128e-01 -6.586872e+00  7.354331e+02  5.000000e-01  8.607706e-01 -4.132482e-01 -2.068477e-02  8.976541e-03
-4.446326e+00  3.866014e+00  2.945574e+00  0.000000e+00  0.000000e+00  4.028673e-01 -1.247796e-01  3.879653e-02  1.000699e-03
 8.774222e-02 -8.281540e-02  3.802736e-02  7.803141e+02  1.000000e+00  6.794545e+00  4.358570e-01  2.662692e+00  4.051077e+00
1 -9.623103e-01 -3.182007e+00  0.000000e+00  3.432567e+00  0.000000e+00  5.431359e+00 0 2 -1.000000e+00
-5.684370e+00 -6.798322e+00  3.070201e+00  0.000000e+00  0.000000e+00  4.053526e-01  6.163373e-02 -1.552262e-01  1.184942e-03
3  1.314452e+00 -7.338660e-02  1.449270e+00  5.556439e-01  1.771042e-01  4.445863e+00 6 1  2.989439e-01
-6.231204e-01  1.084662e+00  1.461378e+00  0.000000e+00  0.000000e+00  1.698622e-01  4.132172e-02  5.599727e-02  1.616681e-03
 8.875809e-02 -1.777210e-01 -2.588162e-01  7.743289e+01  5.000000e-01  9.055451e-01  1.109696e+00  1.625190e+00  2.632840e-01
 1.894141e-03 -4.415959e-03  2.182172e-04  8.229214e+01  1.000000e+00  6.908559e+01  7.191598e+00 -1.157170e+00  6.716763e+01
1  4.589059e+00 -1.409679e+01  0.000000e+00  5.415886e+00  0.000000e+00  6.021885e+00 0 2  2.723114e-01
-6.819378e+00 -1.254113e+01  3.225732e+00  0.000000e+00  0.000000e+00  4.098863e-01 -2.407740e-02 -1.940292e-01  7.252258e-05
1 -6.567026e-02 -8.230697e-02  0.000000e+00  6.135520e-02  0.000000e+00  3.879333e+00 0 2  3.004971e-01
 7.277477e-03  9.933082e-02  6.412458e+00  0.000000e+00  0.000000e+00  4.550531e-01  3.646911e-01 -8.956028e-02  3.705904e-03
3 -4.413440e-01  4.821734e-01  1.770070e+00  8.150266e-01  1.476290e-01  6.349246e+00 6 1 -1.000000e+00
-1.138790e+00  9.976780e-01  1.575341e+00  0.000000e+00  0.000000e+00  1.978702e-01  4.615865e-02  8.061316e-02  1.954189e-03
 1.820898e-01 -1.806374e-01 -2.325660e-01  1.467916e+02  5.000000e-01  9.483997e-01  2.954678e-01  2.053099e+00  2.591421e-01
 2.842539e-03 -1.947863e-03  4.813790e-05  1.604029e+02  1.000000e+00  1.523402e+02 -3.680302e+01  2.785193e+01  1.501587e+02
3 -4.116140e-01 -6.367691e-01  1.916490e+00  7.870095e-01  1.138425e-01  5.518349e+00 6 1 -1.000000e+00
-1.017474e+00 -1.255931e+00  1.889755e+00  0.000000e+00  0.000000e+00  2.554038e-01  6.781184e-02 -1.437217e-01  2.784093e-03
 2.436646e-03  4.088419e-03  9.968220e-05  2.219272e+02  1.000000e+00  1.013243e+02  5.157912e+00 -2.546757e+00  1.001537e+02
 1.487964e-01  2.648420e-01 -2.151345e-01  2.009132e+02  5.000000e-01  7.945207e-01  1.143141e+00 -1.839485e+00  2.816631e-01
3  1.608962e+00  2.092021e-01  4.527704e+00  1.976321e+00  1.507586e-02  3.805427e+00 6 2 -1.000000e+00
 4.217537e+00  8.286664e-02  4.437929e+00  0.000000e+00  0.000000e+00  4.856360e-01 -1.886130e-01 -6.054059e-02  7.934189e-04
-3.087998e-01 -2.838902e-02 -6.690558e-02  1.140715e+03  5.000000e-01  2.150613e+00 -3.921085e+00 -9.462776e-01  9.434080e-01
-1.501467e-02 -7.351410e-04  1.967826e-04  1.165255e+03  1.000000e+00  7.614450e+01 -2.373525e+01  1.257881e+00  7.407760e+01
3  1.117668e-01 -4.950048e-01  1.274000e+00  4.855346e-01  1.365492e-01  4.539419e+00 6 1 -1.000000e+00
 4.189271e-01 -9.528362e-01  1.426897e+00  0.000000e+00  0.000000e+00  1.534902e-01  1.212356e-01  3.254618e-02  8.074441e-03
-5.963062e-04  2.842294e-03  4.807910e-05  1.239681e+02  1.000000e+00  1.501680e+02  3.554350e+01  1.373700e+01  1.494104e+02
-2.931970e-02  2.397030e-01 -1.948417e-01  1.068656e+02  5.000000e-01  7.425022e-01  2.245633e+00  3.947248e-01  4.406232e-01
3 -1.380194e-01 -7.042972e-02  6.974957e-01  3.836674e-01  3.064650e-01  1.141088e+01 6 3 -1.000000e+00
-4.444552e-01 -1.836855e-01  3.383496e+00  0.000000e+00  0.000000e+00  3.107653e-01 -2.426865e-01 -3.472686e-01  8.948652e-02
 1.989861e-01  8.554215e-02 -1.036923e+00  1.649789e+01  5.000000e-01  7.825471e-01 -6.172251e-01 -7.941727e-01  4.879393e-01
 1.030003e-02  4.117872e-03  8.611620e-03  1.926723e+01  1.000000e+00  1.227433e+01 -2.826658e+00 -1.731562e+00  1.170017e+01
1 -1.864342e+00 -2.653048e+00  0.000000e+00  1.602581e+00  0.000000e+00  7.816782e+00 0 2 -1.000000e+00
-1.685658e+00 -4.253871e+00  3.051414e+00  0.000000e+00  0.000000e+00  3.254158e-01  1.736345e-01 -3.117658e-01  2.702060e-04
1 -1.784815e+00  9.749806e-01  0.000000e+00  2.382164e+00  0.000000e+00  4.690155e+00 0 2 -1.000000e+00
-5.695224e+00  5.713562e-01  3.129325e+00  0.000000e+00  0.000000e+00  4.008223e-01 -1.505280e-01  1.296053e-01  1.279643e-04
3 -1.416112e+00 -8.199320e-01  5.932546e+00  3.112767e+00  1.902653e-02  9.064024e+00 6 2 -1.000000e+00
-5.714354e+00 -3.844006e-01  3.150078e+00  0.000000e+00  0.000000e+00  4.203170e-01 -1.214939e-01 -6.179934e-02  3.248744e-04
 2.967897e-02  1.735769e-02  1.358801e-03  1.988667e+03  1.000000e+00  3.330984e+01 -8.407458e+00 -1.540447e+01  2.990504e+01
 1.966333e-01  1.209081e-01 -5.993506e-02  1.982152e+03  5.000000e-01  3.994362e+00 -2.122236e+00 -4.598591e+00  1.732058e+00
4  7.451304e-02  1.690524e-01  1.917003e+00  7.150174e-01  1.000000e+00  5.956040e+00 6 3 -1.000000e+00
-4.594745e-01 -5.674782e-01  3.630987e+00  9.104319e+01  0.000000e+00  4.158276e-01 -8.009824e-03 -2.564878e-01  2.545378e-03
 2.723902e-01 -4.656022e-01 -1.241749e+00  1.053264e+02  5.000000e-01  6.679015e-01  2.773921e-01  9.157831e-01  1.205363e-02
-5.822371e-01  2.197181e-02 -1.882430e+00  9.762554e+01  5.000000e-01  5.952055e-01 -7.917384e-01  2.612227e-01  6.072900e-03
 5.962353e-01  1.032640e+00  1.888328e+00  0.000000e+00  0.000000e+00  2.698445e-01  2.954295e-02 -5.181872e-02  6.265906e-04
3  4.948776e-01  6.172379e-01  1.303505e+00  6.107010e-01  1.225636e-02  7.990717e+00 6 2 -1.000000e+00
 9.304733e-01  6.697410e-01  3.024793e+00  0.000000e+00  0.000000e+00  2.939660e-01  2.209305e-02 -4.091390e-01  3.997978e-03
-1.030647e-01 -1.245665e-01 -3.707296e-02  2.065831e+02  5.000000e-01  1.458464e+00  1.327488e+00 -5.042004e+00  8.069608e-01
-1.238593e-03 -1.277908e-03  7.211884e-06  2.284706e+02  1.000000e+00  3.898351e+02 -2.134355e+01 -1.098962e+02  3.883845e+02
3  7.494971e-01 -2.329512e-01  2.969096e+00  1.447535e+00  7.751994e-02  5.099724e+00 6 2 -1.000000e+00
 2.598913e+00 -5.982892e-02  3.946536e+00  0.000000e+00  0.000000e+00  4.729803e-01 -1.447072e-01  5.850464e-02  4.542983e-03
-3.630533e-01  1.458040e-01 -3.059352e-01  6.451962e+02  5.000000e-01  1.750013e+00 -1.353580e+00  1.413863e+00  7.891660e-01
-2.719431e-02  9.941625e-03  1.966535e-03  6.648681e+02  1.000000e+00  2.805708e+01 -1.104149e+01  1.008279e+01  2.643241e+01
3 -1.247608e-01 -3.628677e-02  4.684221e-01  2.713865e-01  2.014579e-01  5.321882e+00 6 1 -1.000000e+00
-3.761420e-01  1.371738e-02  2.277132e+00  0.000000e+00  0.000000e+00  3.111506e-01 -1.791427e-01 -5.720592e-02  5.830187e-02
 9.206470e-02  2.792150e-02 -4.587462e-01  2.354609e+01  5.000000e-01  1.463283e+00 -1.123841e+00 -1.063705e+00  1.014522e+00
 1.253241e-02  2.746940e-03  1.395961e-02  2.443512e+01  1.000000e+00  1.136792e+01 -5.495991e+00 -2.377534e+00  1.065080e+01
3 -2.195611e-01 -4.598593e-02  6.080001e-01  2.247380e-01  1.703333e-01  6.464259e+00 6 1 -1.000000e+00
-4.514624e-01 -1.937669e-01  2.158502e+00  0.000000e+00  0.000000e+00  2.605224e-01 -2.625144e-01 -1.209503e-01  1.303258e-02
 1.134381e-01  3.106986e-02 -3.676648e-01  4.702095e+01  5.000000e-01  8.782693e-01 -1.561460e+00 -5.445449e-01  4.237741e-01
 5.457613e-03  2.453672e-03  1.727996e-03  5.051942e+01  1.000000e+00  2.608613e+01 -1.300678e+00 -6.994065e+00  2.519709e+01
3  5.311646e-03  7.333725e-02  3.285084e-01  1.666895e-01  1.365095e-01  8.650152e+00 6 3 -1.000000e+00
-2.995368e-03 -1.061648e-01 -7.106672e-01  9.323438e+00  5.000000e-01  6.745986e-01  1.228206e+00 -6.726520e-02  2.300097e-01
 5.204934e-02  2.176991e-01  5.205991e+00  0.000000e+00  0.000000e+00  3.659317e-01  4.244614e-01 -1.725941e-01  3.289507e-02
-5.035879e-05 -1.026340e-03  2.840810e-04  1.303852e+01  1.000000e+00  6.155498e+01  1.211503e+01 -9.020236e-02  6.042263e+01
3  6.263663e-01  5.547379e-03  1.554174e+00  6.029894e-01  2.461880e-01  1.680251e+00 6 1 -1.000000e+00
-2.216981e-01  1.380083e-02 -4.575923e-01  4.400193e+01  5.000000e-01  1.475021e+00 -1.548773e+00  1.108911e-01  1.074514e+00
 1.332475e+00  1.442159e-02  1.858711e+00  0.000000e+00  0.000000e+00  2.303006e-01 -2.329489e-01 -1.283516e-02  2.038559e-02
-6.233274e-02  4.499721e-03  4.908867e-02  4.433183e+01  1.000000e+00  6.026171e+00 -2.157160e+00  4.876038e-01  5.487907e+00
3  6.998340e-01 -9.455508e-01  1.423741e+00  7.737298e-01  2.315402e-01  1.473370e+00 6 1  2.870446e-01
-1.182954e+00 -1.315746e-01  2.999590e+00  0.000000e+00  0.000000e+00  3.730643e-01 -2.256020e-01 -9.366558e-02  3.599600e-02
 2.192436e-01  1.151680e-01 -6.945256e-01  6.830526e+01  5.000000e-01  1.961328e+00 -7.956412e-01 -1.315651e+00  1.167712e+00
 7.531734e-02  3.709039e-02  1.113791e-01  6.873854e+01  1.000000e+00  5.324733e+00 -1.795116e+00 -2.550006e+00  4.197426e+00
3  2.022606e-01  5.019535e-01  1.515336e+00  5.292838e-01  1.923048e-01  5.104496e+00 6 1 -1.000000e+00
 5.283430e-01  1.125121e+00  1.520024e+00  0.000000e+00  0.000000e+00  1.852207e-01  5.553520e-02 -5.382334e-02  2.490040e-02
-8.734633e-02 -2.594983e-01 -2.923079e-01  7.279337e+01  5.000000e-01  1.246769e+00  1.496870e+00 -1.114148e+00  9.526243e-01
-7.240410e-03 -2.035911e-02  2.677309e-03  7.649834e+01  1.000000e+00  2.263468e+01  7.828213e+00 -5.767956e+00  2.211287e+01
3  1.535470e-02  2.292118e-01  7.558462e-01  3.145943e-01  2.458700e-01  8.546117e+00 6 1 -1.000000e+00
-2.822168e-02 -1.836728e-01 -4.873566e-01  2.398837e+01  5.000000e-01  8.521969e-01  1.401336e+00 -3.316451e-01  5.070046e-01
 3.581952e-02  5.694555e-01  1.982171e+00  0.000000e+00  0.000000e+00  2.489500e-01  2.438285e-01 -1.124895e-02  3.007355e-02
-1.128705e-03 -6.237251e-03  1.135906e-03  2.728696e+01  1.000000e+00  3.270286e+01  9.503083e+00 -5.865868e+00  3.196232e+01
3  8.059312e-02  3.141021e-01  1.077968e+00  4.767046e-01  3.406705e-01  6.213409e+00 6 1 -1.000000e+00
-1.017309e-01 -2.470485e-01 -5.515597e-01  5.326123e+01  5.000000e-01  7.519281e-01  9.364141e-01 -9.988537e-01  4.633768e-01
 1.064677e-01  8.106225e-01  1.619041e+00  0.000000e+00  0.000000e+00  1.920666e-01  1.764817e-01 -6.293820e-02  2.660661e-02
-2.549449e-03 -7.871483e-03  1.060498e-03  6.100491e+01  1.000000e+00  3.310199e+01  6.684740e+00 -6.549713e+00  3.245021e+01
3 -6.970797e-03 -9.417939e-02  9.365993e-01  4.277364e-01  6.245441e-01  5.083974e+00 6 3 -1.000000e+00
-2.777210e-01 -5.424964e-01  3.193942e+00  0.000000e+00  0.000000e+00  3.556827e-01  2.094117e-01 -2.412445e-01  4.102392e-02
-9.835674e-02  3.767678e-01 -1.994758e+00  1.729673e+01  5.000000e-01  5.261005e-01  6.667079e-01  5.304670e-01  1.268853e-01
 8.575158e-05  9.705173e-04  1.142725e-04  3.694780e+01  1.000000e+00  9.723012e+01  2.201962e+01 -4.935386e+00  9.577396e+01
2  3.999680e-01  3.957500e-01  1.891245e+00  8.907079e-01  1.833745e-01  9.377877e+00 6 1 -1.000000e+00
 9.358242e-01  1.279910e+00  1.940238e+00  0.000000e+00  0.000000e+00  2.756576e-01 -2.219635e-03 -9.626154e-02  1.143920e-03
-2.542146e-01 -1.899925e-01 -3.557901e-01  3.143299e+02  5.000000e-01  9.884987e-01 -5.104127e-01 -1.596952e+00  1.675440e-01
5 -3.114586e+00 -3.143188e+00  4.649987e+00  1.876356e+00  1.000000e+00  1.531305e+01 6 3  2.902656e-01
 9.483883e-01 -2.285393e+00  4.866848e+00  7.210084e+00  0.000000e+00  5.272306e-01  1.022722e-01  8.706032e-02  2.638632e-03
-1.256535e+00 -1.317549e+00 -4.119731e+00  4.122018e+01  5.000000e-01  7.167146e-01 -3.608208e-02 -5.671711e-01  9.194778e-03
 9.837385e-01  8.803600e-01 -2.248656e+00  9.801274e+01  5.000000e-01  8.281209e-01 -1.153295e-01 -6.789342e-01  2.085744e-02
-2.056175e+00  1.263548e+00  4.589005e+00  0.000000e+00  0.000000e+00  4.980493e-01 -1.319304e-01  1.289835e-01  1.858051e-03
 1.546834e-03  1.393888e-03  1.239709e-04  1.651153e+02  1.000000e+00  9.398491e+01  7.758176e+00 -2.279469e+01  8.836691e+01
5  1.893293e+00 -3.800498e-01  9.697639e-01  4.258353e-01  1.000000e+00  1.918674e+00 6 3  3.002420e-01
 1.192739e-01 -5.070850e-01  5.103159e+00  0.000000e+00  0.000000e+00  3.802963e-01  3.535110e-01  2.512082e-01  2.730693e-02
-4.080738e-01  8.734136e-02 -4.516019e+00  5.785773e+00  5.000000e-01  4.017115e-01 -7.016129e-01  2.951652e-01  3.113609e-02
 3.795689e-01  2.592012e-01 -1.252957e+01  3.531738e+00  5.000000e-01  4.021553e-01 -3.499088e-01 -5.610644e-01  4.865447e-02
 1.529122e-01  4.620953e-01  1.296275e+01  3.351110e+00  0.000000e+00  4.132811e-01  3.887180e-01 -3.405779e-01  5.626643e-02
-3.487116e-05  4.932547e-05  7.596517e-06  3.440513e+01  1.000000e+00  3.676481e+02  4.642976e+01 -2.521497e+01  3.652987e+02
1 -6.150307e+00  1.400928e+01  0.000000e+00  4.763599e+00  0.000000e+00  7.899046e+00 0 2  2.764198e-01
-9.336667e+00  4.808071e+00  3.016770e+00  0.000000e+00  0.000000e+00  3.883865e-01  3.330778e-02  2.036696e-01  3.551467e-05
3  1.478220e-01  2.717951e-01  1.066562e+00  4.277852e-01  7.458923e-01  6.768179e+00 6 1 -1.000000e+00
-1.173816e-01 -2.188978e-01 -1.051813e+00  5.601122e+01  5.000000e-01  4.129116e-01  5.960769e-01 -9.695896e-01  1.495742e-01
 3.738375e-01  7.278110e-01  1.410141e+00  0.000000e+00  0.000000e+00  1.575980e-01 -6.817731e-03 -2.111538e-02  5.737289e-03
-1.009555e-03 -2.052653e-03  1.300474e-04  6.847919e+01  1.000000e+00  8.875953e+01  2.496728e+00  2.448843e+00  8.803375e+01
1  4.085791e-01  2.203306e+00  0.000000e+00  5.158152e-01  0.000000e+00  5.783666e+00 0 2  2.903006e-01
 3.263332e-01  1.204564e+00  1.758843e+01  0.000000e+00  0.000000e+00  4.051194e-01  5.013429e-01 -2.137349e-01  1.795445e-03
2 -7.498734e-01 -2.690269e-01  3.239218e+00  1.364377e+00  2.130982e-01  7.717510e+00 6 1 -1.000000e+00
-2.618223e+00 -8.092400e-01  2.824822e+00  0.000000e+00  0.000000e+00  3.802754e-01 -1.664388e-01 -4.849777e-02  2.099159e-04
 4.520930e-01  2.230837e-01 -6.019645e-01  6.088831e+02  5.000000e-01  1.232795e+00 -7.519210e-01 -1.072397e+00  3.486572e-02
3 -3.393114e-02 -1.068401e-01  3.122036e-01  1.422961e-01  1.823758e-01  1.769018e+00 6 1 -1.000000e+00
-8.980307e-02 -2.037126e-01  1.706408e+00  0.000000e+00  0.000000e+00  9.958097e-02  3.413715e-01 -3.289278e-01  4.620891e-02
 2.070212e-02  8.828006e-02 -3.112074e-01  5.382148e+01  5.000000e-01  5.496749e-01  1.636108e+00 -8.597868e-01  4.805171e-01
 3.278001e-04  1.332678e-03  2.177070e-04  6.901035e+01  1.000000e+00  7.096688e+01  1.666907e+01 -4.916911e+00  7.082552e+01
3  1.370199e+00 -3.815744e-01  1.838958e+00  8.457727e-01  1.345561e-01  1.100698e+01 6 1  2.725791e-01
-2.449429e-02 -1.627783e+00  2.471818e+00  0.000000e+00  0.000000e+00  3.206852e-01  3.655871e-02 -2.357361e-01  7.082599e-04
 1.567822e-01  2.022184e-01 -3.325981e-01  2.764920e+02  5.000000e-01  1.053834e+00  4.052854e-01 -1.686794e+00  1.506876e-01
 2.606085e-03  2.957126e-03  1.329531e-04  2.970767e+02  1.000000e+00  8.943349e+01 -1.384130e+01 -1.036581e+01  8.646209e+01
2  2.957819e-01 -2.912550e-01  1.579526e+00  8.649688e-01  1.683181e-01  6.782590e+00 6 1 -1.000000e+00
 3.115959e-01 -1.197610e+00  2.297097e+00  0.000000e+00  0.000000e+00  2.942556e-01  5.981629e-02  2.432387e-01  1.310424e-03
-3.610297e-01  2.315424e-01 -3.866429e-01  2.309768e+02  5.000000e-01  5.547723e-01 -7.860420e-01  1.471982e+00  4.259655e-02
3 -4.707966e-01  2.601720e-01  2.971123e+00  1.275726e+00  6.319442e-01  6.777305e+00 6 3 -1.000000e+00
 6.994164e-01 -6.322247e-01 -1.965837e+00  1.526969e+02  5.000000e-01  7.620752e-01 -1.016217e-01  7.449634e-01  8.068811e-02
-1.984268e+00  6.426901e-01  3.110776e+00  0.000000e+00  0.000000e+00  3.491453e-01 -2.400173e-01  2.110457e-01  6.904004e-03
 1.262941e-02 -1.128500e-02  2.055891e-03  1.872474e+02  1.000000e+00  2.374465e+01  3.534110e+00  4.292109e+00  2.077402e+01
3 -4.853180e-01  2.160402e-01  1.719539e+00  7.751240e-01  2.444622e-01  5.830363e+00 6 1 -1.000000e+00
-1.267704e+00  4.528356e-01  2.116514e+00  0.000000e+00  0.000000e+00  2.604686e-01 -1.793796e-01  2.055590e-01  7.145753e-03
 3.370390e-01 -1.649144e-01 -5.174076e-01  9.051168e+01  5.000000e-01  9.260306e-01 -8.652982e-01  1.090616e+00  2.382522e-01
 5.370021e-03 -2.815339e-03  1.948406e-04  1.026673e+02  1.000000e+00  7.629611e+01 -1.052843e+01  2.064594e+01  7.374092e+01
3 -1.237993e-01  2.791776e-01  8.097932e-01  3.416798e-01  2.034794e-01  5.377675e+00 6 1 -1.000000e+00
-2.579069e-01  5.945887e-01  1.678177e+00  0.000000e+00  0.000000e+00  1.970558e-01  1.374925e-01  1.730041e-01  1.668953e-02
 5.497766e-02 -1.523171e-01 -3.414744e-01  2.863052e+01  5.000000e-01  8.919043e-01  1.236642e+00  1.187804e+00  5.532515e-01
 2.396386e-03 -7.386598e-03  1.364950e-03  3.094633e+01  1.000000e+00  2.916866e+01  7.257425e+00  2.859269e+00  2.846614e+01
3  1.734265e+00  2.071470e+00  1.199043e+00  5.540759e-01  2.647784e-01  5.095237e+00 6 3  3.057395e-01
 1.801649e-01 -2.136648e-01 -1.139802e+00  4.818962e+01  5.000000e-01  9.537179e-01  1.071040e-01  9.316737e-01  5.292428e-02
-6.108182e-01  6.874734e-01  4.304741e+00  0.000000e+00  0.000000e+00  4.546865e-01 -5.363856e-02  2.493746e-01  1.792494e-03
 1.146634e-03 -1.502012e-03  1.032097e-04  5.651932e+01  1.000000e+00  1.010250e+02  1.561690e+01  8.491598e+00  9.704920e+01
3  1.986163e-01  2.668239e-01  8.005873e-01  2.986067e-01  1.081345e-01  4.875098e+00 6 1 -1.000000e+00
 5.523517e-01  4.239000e-01  1.680010e+00  0.000000e+00  0.000000e+00  2.027976e-01  8.752624e-02 -1.806553e-01  3.560907e-03
-5.205416e-02 -1.011081e-01 -1.816670e-01  5.385323e+01  5.000000e-01  1.156248e+00  1.294012e+00 -1.963294e+00  5.523384e-01
-2.302942e-03 -4.489084e-03  5.682995e-04  5.658822e+01  1.000000e+00  4.452726e+01  1.019585e+01 -5.570593e+00  4.314740e+01
1 -5.314334e-01 -1.525655e-01  0.000000e+00  3.544342e-01  0.000000e+00  6.914886e+00 0 2  2.764998e-01
-6.133097e-01  5.171110e-02  4.158639e+00  0.000000e+00  0.000000e+00  3.812177e-01 -3.767419e-01 -2.222120e-02  4.348273e-03
3 -3.448532e-01  6.630717e-02  1.450813e+00  6.713862e-01  3.296894e-01  9.021426e+00 6 1 -1.000000e+00
 3.778019e-01 -1.007476e-01 -7.746219e-01  1.947945e+02  5.000000e-01  6.265643e-01 -1.034818e+00  5.996319e-01  1.109184e-01
-1.050689e+00  1.527751e-01  2.349550e+00  0.000000e+00  0.000000e+00  3.192688e-01 -1.874318e-01  5.148742e-02  5.968218e-03
 5.398513e-04 -1.436136e-04  2.572682e-06  2.892897e+02  1.000000e+00  6.520086e+02 -1.443668e+02  1.194616e+02  6.501037e+02
3 -1.458140e-01  8.825141e-01  2.225184e+00  1.096430e+00  6.267210e-02  2.989295e+00 6 2 -1.000000e+00
 1.886393e-01  1.938696e+00  4.201536e+00  0.000000e+00  0.000000e+00  3.908688e-01  3.627752e-01  3.777235e-02  2.578027e-02
 4.696408e-02 -2.819731e-01 -2.633191e-01  1.285903e+02  5.000000e-01  2.366712e+00  2.229126e+00  8.346104e-01  1.631271e+00
 1.449109e-02 -9.298626e-02  3.911624e-02  1.292080e+02  1.000000e+00  7.552962e+00  3.962632e+00  1.293842e+00  6.599327e+00
3 -7.228533e-01  7.663200e-01  1.449440e+00  7.148360e-01  2.168201e-01  3.603238e+00 6 1  2.847802e-01
 7.931706e-01  8.982725e-01  2.417089e+00  0.000000e+00  0.000000e+00  3.161749e-01  5.319383e-02 -2.259790e-01  4.425382e-03
-1.656821e-01 -1.886855e-01 -5.240735e-01  8.807395e+01  5.000000e-01  1.157337e+00  3.905600e-01 -1.334297e+00  2.648639e-01
-1.105710e-02 -9.419031e-03  2.669781e-03  9.227474e+01  1.000000e+00  2.138991e+01 -3.417557e+00 -5.431938e+00  1.916517e+01
3 -9.753102e-02 -4.705583e-01  1.385367e+00  6.457633e-01  8.752342e-02  2.469213e+00 6 2 -1.000000e+00
-2.088099e-01 -1.037027e+00  3.163631e+00  0.000000e+00  0.000000e+00  3.279514e-01  3.430445e-01 -1.337062e-01  1.365634e-02
 7.742683e-02  3.184474e-01 -2.768919e-01  1.074674e+02  5.000000e-01  8.267534e-01  1.728130e+00 -8.093830e-01  3.268151e-01
 8.795520e-04  3.141824e-03  6.332431e-05  1.319808e+02  1.000000e+00  1.314058e+02  2.602496e+01 -2.316545e+01  1.301567e+02
3 -2.586147e-02  3.448466e-01  7.348180e-01  4.162533e-01  4.122027e-02  5.690590e+00 6 2 -1.000000e+00
-2.152091e-01  5.859544e-01  3.570137e+00  0.000000e+00  0.000000e+00  3.100376e-01  4.086876e-01  1.700628e-01  7.977075e-03
 1.738197e-03 -1.161078e-01 -1.471620e-01  4.239188e+01  5.000000e-01  1.380244e+00  2.628468e+00  1.759937e-01  6.361237e-01
-3.742042e-05 -6.642303e-03  9.777309e-04  4.453075e+01  1.000000e+00  3.391410e+01  7.548218e+00 -1.893751e+00  3.236739e+01
3  4.523877e-01 -2.581692e-01  3.451544e-01  1.893210e-01  3.170842e-01  6.373314e+00 6 3  2.692755e-01
 2.236675e-01 -1.646069e-01  4.056140e+00  0.000000e+00  0.000000e+00  4.206161e-01 -1.191850e-01  2.737532e-01  1.283903e-03
-7.364493e-02  1.071236e-02 -1.286138e+00  1.715301e+01  5.000000e-01  1.194409e+00 -8.503192e-01  3.037655e-01  7.958047e-02
-3.068459e-03  1.604068e-04  3.945872e-03  1.812503e+01  1.000000e+00  1.823698e+01 -6.212350e+00 -2.256270e+00  1.512819e+01
1 -3.954016e+00 -5.263128e+00  0.000000e+00  3.572917e+00  0.000000e+00  1.694541e+00 0 2 -1.000000e+00
-6.196374e+00 -8.937128e+00  1.011281e+01  0.000000e+00  0.000000e+00  5.113081e-01  1.077742e-01 -3.582178e-01  4.751743e-04
5  2.513490e-02 -5.142731e-02  1.430165e+00  7.006740e-01  1.000000e+00  1.234417e+01 6 3 -1.000000e+00
-4.130236e-01 -3.660921e-01 -2.366553e+00  9.687638e+00  5.000000e-01  4.532296e-01  5.844859e-02 -8.474061e-01  3.462377e-02
 6.277226e-01 -4.379009e-01  2.489474e+00  0.000000e+00  0.000000e+00  3.104921e-01 -1.368038e-02  2.711876e-01  2.197054e-02
 1.699674e-01  4.691021e-01 -1.610145e+00  1.280779e+01  5.000000e-01  4.424237e-01  7.245618e-01 -6.379370e-01  3.428319e-02
-6.288911e-01  2.449571e-01  3.455507e+00  6.992541e+00  0.000000e+00  3.600744e-01 -2.600176e-01  2.291341e-01  3.781760e-02
-6.448362e-05  8.923733e-05  4.715302e-06  4.370966e+01  1.000000e+00  4.692811e+02 -5.508428e+01  6.463296e+01  4.671559e+02
3 -5.657415e-01 -3.313666e-02  2.430214e+00  9.767549e-01  5.958880e-01  6.259900e+00 6 1 -1.000000e+00
-1.811960e+00 -1.668544e-01  2.241709e+00  0.000000e+00  0.000000e+00  3.083611e-01 -1.750014e-01 -4.062824e-02  6.632130e-03
 6.161488e-01 -6.572063e-02 -1.335807e+00  1.827412e+02  5.000000e-01  7.048707e-01 -9.042792e-01  1.341314e-01  1.532347e-01
 7.366423e-03 -1.064982e-03  2.690900e-04  2.194200e+02  1.000000e+00  6.484425e+01 -1.334750e+01  1.347976e+01  6.318176e+01
3  1.336106e-01  4.615702e-03  3.653571e-01  1.191305e-01  4.520945e-01  3.156742e+00 6 1 -1.000000e+00
 2.954270e-01 -1.197135e-02  1.456386e+00  0.000000e+00  0.000000e+00  1.557446e-01 -1.602192e-01 -2.157947e-02  1.663888e-02
-6.977140e-02 -1.205201e-03 -6.584239e-01  1.295873e+01  5.000000e-01  7.552547e-01 -1.243282e+00 -1.814636e-01  5.103464e-01
-6.690426e-03  4.129715e-04  9.476570e-03  1.354082e+01  1.000000e+00  1.139630e+01 -1.325190e+00  8.964222e-01  1.098062e+01
3  7.703456e-02 -2.997756e-01  9.356075e-01  4.311522e-01  1.165913e-01  9.090717e+00 6 1 -1.000000e+00
-1.103628e-01 -7.092682e-01  2.260680e+00  0.000000e+00  0.000000e+00  2.550444e-01  3.302129e-01  5.977882e-02  6.417232e-03
-8.626049e-02  2.260289e-01 -2.635755e-01  6.205624e+01  5.000000e-01  6.610263e-01  1.426076e+00  1.369375e+00  1.957349e-01
-1.655798e-04  5.013257e-04  3.235664e-06  8.866895e+01  1.000000e+00  5.772148e+02  1.028665e+02  1.112944e+02  5.754610e+02
4 -1.729239e+00  1.889011e-02  2.007605e+00  7.535017e-01  1.000000e+00  3.857746e+00 6 3  2.723654e-01
 2.015484e-01 -5.138461e-01 -1.831559e+00  1.236019e+02  5.000000e-01  6.012470e-01  7.339564e-01  4.077928e-01  1.396263e-02
 7.459716e-01 -1.273950e-01  3.823099e+00  1.117124e+02  0.000000e+00  4.594011e-01 -1.313730e-01  1.158462e-01  1.131814e-02
-1.249603e+00  9.205677e-02  2.536030e+00  0.000000e+00  0.000000e+00  3.717416e-01  9.612939e-03  1.729188e-02  2.844919e-03
 2.963515e-01  4.409581e-01 -1.353992e+00  1.308866e+02  5.000000e-01  6.767630e-01  5.634018e-01 -7.249948e-01  2.639827e-02
2 -6.198998e-01  1.657012e-01  1.738706e+00  7.287220e-01  1.459225e-01  5.411009e+00 6 1 -1.000000e+00
-1.396080e+00  4.259255e-01  1.717780e+00  0.000000e+00  0.000000e+00  2.134037e-01 -1.409488e-01  1.293079e-01  9.468581e-04
 2.770244e-01 -4.717370e-02 -2.506628e-01  3.391512e+02  5.000000e-01  9.358775e-01 -1.878635e+00  6.813718e-01  1.244798e-01
3  1.067393e+00 -2.913773e-01  1.081801e+00  5.063375e-01  2.063436e-01  2.904081e+00 6 3  2.672134e-01
-5.623696e-01 -6.080588e-01  3.667425e+00  0.000000e+00  0.000000e+00  4.111407e-01 -2.709318e-02 -2.708327e-01  7.484130e-03
 1.824526e-01  1.765011e-01 -7.567498e-01  1.955963e+02  5.000000e-01  8.614769e-01 -1.222917e-01 -1.151379e+00  1.747591e-01
 2.412078e-03  2.690244e-03  2.999457e-04  2.289975e+02  1.000000e+00  6.009869e+01  5.783571e+00 -1.119235e+01  5.838520e+01
3  2.300720e-01 -4.915789e-01  1.969256e+00  7.624415e-01  1.730481e-01  3.096826e+00 6 1 -1.000000e+00
 8.125913e-01 -1.241755e+00  2.824537e+00  0.000000e+00  0.000000e+00  3.187494e-01  1.239240e-01  3.077416e-01  7.447512e-02
-1.622261e-01  4.692975e-01 -4.887808e-01  4.864867e+01  5.000000e-01  1.311148e+00  1.131899e+00  9.281836e-01  9.398736e-01
-1.624322e-02  4.534574e-02  1.022320e-02  5.200399e+01  1.000000e+00  1.266543e+01  5.070631e+00  3.543198e+00  1.200735e+01
3  1.983730e-01 -5.206876e-01  1.237064e+00  7.089545e-01  1.522202e-01  4.436556e+00 6 1 -1.000000e+00
 2.558917e-01 -9.789101e-01  1.478476e+00  0.000000e+00  0.000000e+00  1.339990e-01  2.312553e-01  1.417986e-01  1.830688e-02
-1.290187e-01  1.967479e-01 -2.250540e-01  3.698045e+01  5.000000e-01  1.080599e+00  1.088852e+00  1.806731e+00  8.738927e-01
-1.008971e-02  1.482678e-02  2.329644e-03  3.900285e+01  1.000000e+00  2.332403e+01 -1.127846e-01  8.312606e+00  2.296981e+01
3  6.252585e-03 -4.963444e-01  1.519995e+00  5.904953e-01  2.621889e-01  4.889923e+00 6 1 -1.000000e+00
-5.774962e-02 -1.235152e+00  1.598609e+00  0.000000e+00  0.000000e+00  2.043823e-01  8.402222e-02  2.010036e-02  1.017505e-02
-1.001041e-02  2.840932e-01 -4.191376e-01  6.317933e+01  5.000000e-01  9.464148e-01  1.537428e+00  1.582296e-01  4.539943e-01
-1.213520e-04  1.032557e-02  7.678143e-04  6.840620e+01  1.000000e+00  3.904898e+01  1.205197e+01  2.775180e-01  3.777202e+01
3 -2.497196e-01  2.983448e-01  1.127900e+00  4.665143e-01  2.878508e-01  9.251035e+00 6 1 -1.000000e+00
-6.520883e-01  6.292262e-01  1.425748e+00  0.000000e+00  0.000000e+00  1.586506e-01  5.359861e-02  6.008004e-02  1.635735e-02
 1.397796e-01 -1.739577e-01 -4.104026e-01  3.743726e+01  5.000000e-01  8.020066e-01  4.670003e-01  1.502579e+00  5.366007e-01
 6.349187e-03 -6.994185e-03  1.149045e-03  4.076762e+01  1.000000e+00  3.168831e+01  2.643482e-02  8.454821e+00  3.112746e+01
3  7.083823e-01 -4.493234e-01  2.340575e+00  9.794862e-01  2.029144e-01  8.689477e+00 6 1 -1.000000e+00
 1.595577e+00 -1.047441e+00  1.764266e+00  0.000000e+00  0.000000e+00  2.258893e-01 -9.055592e-02  1.556886e-01  4.619995e-03
-3.745234e-01  2.162815e-01 -3.579950e-01  1.686875e+02  5.000000e-01  7.991904e-01 -7.468316e-01  1.508609e+00  2.676150e-01
-7.268189e-03  3.467121e-03  1.965145e-04  1.874783e+02  1.000000e+00  7.358255e+01 -1.256240e+01  4.661599e+00  7.210456e+01
1  4.458155e-01 -9.637661e-01  0.000000e+00  5.770524e-01  0.000000e+00  4.987017e+00 0 2 -1.000000e+00
 6.931488e-01 -1.675716e+00  3.388246e+00  0.000000e+00  0.000000e+00  3.560428e-01  2.126814e-01  2.725977e-01  3.626860e-02
3  2.371173e-01 -5.341684e-01  1.714257e+00  7.759105e-01  2.149060e-01  2.333837e+00 6 1 -1.000000e+00
 3.859216e-01 -1.381631e+00  1.847108e+00  0.000000e+00  0.000000e+00  2.523560e-01  6.102471e-02  1.177307e-01  2.274652e-03
-1.286678e-01  2.535673e-01 -3.969546e-01  1.592244e+02  5.000000e-01  7.556586e-01  8.540749e-01  1.359941e+00  1.876993e-01
-1.774699e-03  4.625070e-03  2.140402e-04  1.746767e+02  1.000000e+00  6.943291e+01  1.748060e+00 -2.826333e+00  6.800926e+01
3 -3.166478e-01  7.725881e-01  2.204556e+00  8.914882e-01  1.171517e-01  4.994305e+00 6 1 -1.000000e+00
-8.193503e-01  1.755324e+00  1.568015e+00  0.000000e+00  0.000000e+00  1.991036e-01  4.754622e-02  3.775135e-02  8.041334e-04
 9.275793e-02 -2.516960e-01 -1.836956e-01  2.655364e+02  5.000000e-01  9.603908e-01  1.793543e+00  1.492836e+00  2.216134e-01
 9.225544e-04 -2.408398e-03  2.238167e-05  2.873624e+02  1.000000e+00  2.127189e+02  1.130563e+01  4.201838e+00  2.104579e+02
1  9.607177e-04 -1.003183e-01  0.000000e+00  1.613156e-01  0.000000e+00  1.834161e+00 0 2 -1.000000e+00
-6.535577e-03 -2.485607e-01  3.851746e+00  0.000000e+00  0.000000e+00  3.443095e-01  4.125844e-01  9.030773e-03  9.370511e-02
1  1.617837e-01 -2.302834e-01  0.000000e+00  1.117801e-01  0.000000e+00  2.322689e+00 0 2  2.876895e-01
 1.124351e-01  2.398601e-01  3.044323e+00  0.000000e+00  0.000000e+00  3.581911e-01  1.790997e-01 -2.266313e-01  4.042280e-02
3  2.680127e-01 -3.736052e-01  4.877915e-01  2.230904e-01  4.204192e-02  3.386219e+00 6 2  2.808163e-01
-7.538087e-02  1.235277e-01 -6.352262e-01  1.299347e+01  5.000000e-01  8.673068e-01  5.023658e-01  1.157358e+00  7.966005e-02
 2.277197e-01 -2.586640e-01  1.510935e+01  0.000000e+00  0.000000e+00  4.863922e-01  8.182653e-02  4.369361e-01  5.914436e-03
-1.893966e-04  4.972364e-04  3.524234e-05  1.841182e+01  1.000000e+00  1.754188e+02  4.524145e+01  3.950807e-01  1.723208e+02
3 -7.842549e-01  1.370073e-01  5.752904e+00  2.654007e+00  7.237463e-01  6.322346e+00 6 3 -1.000000e+00
-4.611090e+00 -1.490099e+00  3.036262e+00  0.000000e+00  0.000000e+00  4.056809e-01 -1.544754e-01 -4.455749e-04  5.028305e-04
 1.097987e+00 -7.813406e-01 -2.197484e+00  1.303424e+03  5.000000e-01  1.113061e+00 -7.161433e-02  6.802354e-01  2.289119e-02
 1.031625e-02 -2.211726e-03  3.017747e-04  1.425311e+03  1.000000e+00  6.049852e+01 -1.290682e+01  7.730314e+00  5.667611e+01
1  1.450013e-01 -8.359351e-01  0.000000e+00  5.232405e-01  0.000000e+00  3.181392e+00 0 2  2.756772e-01
 9.855372e-01 -1.832479e-01  3.098406e+00  0.000000e+00  0.000000e+00  3.422943e-01 -3.275370e-01  5.049419e-02  1.210211e-02
2 -8.113475e-01 -5.710068e-01  1.288939e+00  6.254213e-01  1.373904e-01  6.288044e+00 6 1  2.729319e-01
-1.039659e+00 -4.817885e-02  2.760004e+00  0.000000e+00  0.000000e+00  3.695864e-01 -9.652997e-02 -1.605766e-01  4.102227e-03
 2.408324e-01  9.914947e-02 -3.791979e-01  1.530278e+02  5.000000e-01  8.414218e-01 -1.001332e+00 -1.288265e+00  1.462291e-01
1  4.476697e-02 -3.661987e-02  0.000000e+00  1.005174e-02  0.000000e+00  5.279219e+00 0 2  2.775678e-01
-2.033451e-02  1.715785e-02  3.841492e+00  0.000000e+00  0.000000e+00  4.733039e-01  4.820377e-02  1.215304e-01  2.212948e-03
3  5.592684e-01 -1.284065e-01  2.200534e+00  1.030357e+00  2.228120e-01  8.606344e+00 6 1 -1.000000e+00
 1.309170e+00 -1.314203e+00  1.701201e+00  0.000000e+00  0.000000e+00  2.220959e-01 -1.314700e-01 -5.523282e-03  2.606431e-02
-4.313202e-01  3.228998e-02 -3.790480e-01  4.096299e+01  5.000000e-01  1.224045e+00 -1.636363e+00 -1.034358e-01  7.387362e-01
-3.599256e-02  8.941731e-03  6.868349e-03  4.325054e+01  1.000000e+00  1.432495e+01 -5.024409e+00  2.591186e+00  1.335271e+01
3  7.211845e-01 -2.549489e-01  6.727909e+00  2.596340e+00  4.243302e-01  5.476594e+00 6 3 -1.000000e+00
 4.312360e+00 -1.849477e+00  2.782131e+00  0.000000e+00  0.000000e+00  3.749583e-01 -1.719778e-01  4.079304e-02  4.163112e-03
-1.226867e+00  1.969126e+00 -6.556523e+00  3.644318e+02  5.000000e-01  8.460468e-01  2.846427e-01  3.085450e-01  2.991715e-02
-4.808802e-02  2.286512e-02  8.158448e-03  4.342852e+02  1.000000e+00  1.274340e+01 -1.765695e+00  3.495356e+00  9.706531e+00
1  4.556816e+00  9.444526e-02  0.000000e+00  1.076566e+01  0.000000e+00  2.731163e+00 0 2 -1.000000e+00
 1.461387e+01  5.287864e+00  3.500561e+00  0.000000e+00  0.000000e+00  3.820542e-01 -2.480526e-01 -1.861678e-01  1.938205e-04
3  2.873571e+00 -6.732971e+00  4.575174e+00  2.544428e+00  1.970204e-01  2.535670e+00 6 1  2.830627e-01
-1.631931e+00 -3.703798e+00  2.219003e+00  0.000000e+00  0.000000e+00  2.897021e-01  2.167887e-01 -8.290335e-02  6.251760e-04
 3.263971e-02  5.578246e-01 -4.371889e-01  7.341380e+02  5.000000e-01  1.488651e+00  1.589027e+00  3.337797e-02  1.426032e-01
 1.966017e-03  8.631213e-03  8.189260e-05  7.642264e+02  1.000000e+00  1.153703e+02  2.327767e+01 -1.809987e+01  1.110444e+02
3 -2.575970e+00  2.232842e+00  1.119840e+00  5.230380e-01  6.108108e-01  7.738732e+00 6 3  3.138789e-01
 6.231982e-02 -7.216937e-01  2.995147e+00  0.000000e+00  0.000000e+00  3.534601e-01  2.860514e-01  4.811493e-02  3.630501e-02
-3.856574e-02  3.935926e-01 -4.903560e+00  1.795350e+01  5.000000e-01  6.730627e-01  5.469366e-01  1.080829e-01  1.472483e-01
-1.131040e-03  1.218115e-02  1.093159e-02  2.287886e+01  1.000000e+00  1.082277e+01  2.192665e+00  4.483280e-01  8.642786e+00
2 -1.384053e-01 -4.662968e-01  1.365842e+00  5.814160e-01  1.329390e-01  6.951648e+00 6 1 -1.000000e+00
-2.547922e-01 -1.010938e+00  2.087625e+00  0.000000e+00  0.000000e+00  2.500509e-01  2.413098e-01 -1.586819e-01  3.481588e-03
 8.906529e-02  3.109124e-01 -2.775267e-01  1.176500e+02  5.000000e-01  5.474681e-01  1.615371e+00 -1.094815e+00  1.014206e-01
2  2.011452e-01 -1.214948e-03  1.887446e+00  8.518589e-01  7.754789e-01  8.919439e+00 6 3 -1.000000e+00
-7.238667e-01 -1.103471e-01 -3.810816e+00  9.192875e+01  5.000000e-01  5.777213e-01 -6.165739e-01 -2.461034e-01  1.264962e-02
 1.160134e+00 -2.243378e-01  4.914146e+00  0.000000e+00  0.000000e+00  4.487392e-01 -3.077063e-01  7.557201e-02  3.424527e-03
3 -1.228789e-01  5.151697e-02  3.343442e-01  1.467909e-01  1.137509e-01  4.451679e+00 6 1 -1.000000e+00
-2.767878e-01  9.007164e-02  1.960564e+00  0.000000e+00  0.000000e+00  2.567533e-01 -1.626191e-01  1.261483e-01  2.480243e-02
 3.868474e-02 -2.066734e-02 -2.230160e-01  1.321202e+01  5.000000e-01  2.383389e+00 -1.434547e+00  2.083224e+00  1.870152e+00
 1.039534e-02 -5.493918e-03  1.985485e-02  1.330891e+01  1.000000e+00  1.042817e+01 -3.277957e+00  5.270669e+00  9.715562e+00
3 -7.835834e-02 -4.414204e-01  1.013024e+00  5.629610e-01  1.124962e-01  5.576491e+00 6 1 -1.000000e+00
-4.201639e-01 -7.874835e-01  1.909211e+00  0.000000e+00  0.000000e+00  2.254426e-01  2.648148e-01 -7.768958e-02  1.173708e-02
 3.143122e-02  1.193132e-01 -2.147789e-01  1.368181e+02  5.000000e-01  1.601105e+00  2.138813e+00 -6.653991e-01  1.045639e+00
 8.384025e-03  2.210208e-02  1.087394e-02  1.384322e+02  1.000000e+00  1.155565e+01  2.792767e+00 -3.414578e+00  1.070336e+01
3  1.875965e-01 -2.705223e-01  8.564972e-01  4.024692e-01  1.594305e-01  7.016444e+00 6 1 -1.000000e+00
 3.695575e-01 -5.555202e-01  1.852492e+00  0.000000e+00  0.000000e+00  2.100964e-01  1.170470e-01  2.653946e-01  9.628132e-03
-1.102842e-01  1.539439e-01 -2.953436e-01  9.506232e+01  5.000000e-01  6.374092e-01  5.825761e-01  1.782684e+00  2.869373e-01
-1.344451e-03  1.986429e-03  1.056773e-04  1.126214e+02  1.000000e+00  9.889935e+01  4.926068e+00  9.861281e+00  9.800984e+01
3  9.800927e-01 -2.329117e+00  3.321531e+00  1.402704e+00  2.008142e-01  6.754100e+00 6 1  2.905862e-01
 5.184604e-01  2.415631e-01 -3.952451e-01  1.663910e+02  5.000000e-01  1.213653e+00 -9.830895e-01 -1.268566e+00  2.389509e-01
-2.796690e+00  4.473368e-01  1.968213e+00  0.000000e+00  0.000000e+00  2.776165e-01 -1.169985e-01 -8.614943e-03  2.622008e-03
 1.688121e-02  6.084729e-03  9.090027e-04  1.776297e+02  1.000000e+00  3.493230e+01 -2.133389e+00 -6.836869e+00  3.240125e+01
1  3.266789e+00  5.076914e+00  0.000000e+00  2.039290e+00  0.000000e+00  3.427546e+00 0 2 -1.000000e+00
 5.283245e+00  7.081505e+00  3.004652e+00  0.000000e+00  0.000000e+00  3.591675e-01  1.243998e-01 -2.497473e-01  2.985042e-03
5 -5.865832e+00 -5.296680e+00  1.058947e+01  4.343515e+00  1.000000e+00  3.939276e+00 6 3  2.814458e-01
 2.673749e+00 -4.619397e+00  3.084323e+00  8.061123e+01  0.000000e+00  3.918759e-01  4.921126e-02  2.077810e-01  1.973293e-03
-2.590713e+00 -3.095865e+00 -2.143809e+00  3.056787e+02  5.000000e-01  9.410992e-01  4.965303e-02 -6.837129e-01  4.143835e-03
 2.082215e+00  2.054478e+00 -1.514106e+00  4.775026e+02  5.000000e-01  1.162858e+00 -4.577779e-02 -8.275766e-01  1.008259e-02
-4.247118e+00  3.395489e+00  2.901734e+00  0.000000e+00  0.000000e+00  3.597198e-01 -1.282175e-01  2.211276e-01  1.830453e-03
 8.087875e-03  4.113847e-03  6.517587e-04  6.277196e+02  1.000000e+00  4.093442e+01 -3.150239e+00 -7.107978e+00  3.457997e+01
1  1.674921e+00 -9.013921e-01  0.000000e+00  6.483552e-01  0.000000e+00  3.036795e+00 0 2  2.949400e-01
 1.376459e+00 -3.418492e-02  3.929501e+00  0.000000e+00  0.000000e+00  3.765526e-01 -2.953173e-01  2.167696e-01  2.733140e-03
1 -8.503553e-01 -2.482254e-01  0.000000e+00  5.046326e-01  0.000000e+00  4.782497e+00 0 2  2.934089e-01
 6.514216e-01  1.735084e-01  4.194898e+00  0.000000e+00  0.000000e+00  3.223121e-01 -3.333076e-01 -3.313338e-01  2.650230e-02
3 -3.340333e-01  2.832347e-01  1.560404e+00  6.898048e-01  3.099226e-01  8.245928e+00 6 1 -1.000000e+00
-9.170160e-01  6.652295e-01  2.110040e+00  0.000000e+00  0.000000e+00  2.554309e-01 -5.382412e-02  2.784984e-01  7.982745e-03
 3.152412e-01 -2.920606e-01 -6.539489e-01  1.153984e+02  5.000000e-01  5.102426e-01 -7.584172e-02  1.327886e+00  1.201554e-01
 1.116473e-03 -9.724516e-04  1.955889e-05  1.615497e+02  1.000000e+00  2.277588e+02  3.710231e-01  1.708186e+01  2.264847e+02
3  5.603369e-01 -6.324579e-02  1.601748e+00  7.664229e-01  1.032069e-01  6.576623e+00 6 1 -1.000000e+00
 1.306559e+00 -3.975857e-01  1.851915e+00  0.000000e+00  0.000000e+00  2.547801e-01 -1.187388e-01  3.566699e-02  6.655878e-03
-2.413212e-01  1.431623e-02 -1.911305e-01  1.990040e+02  5.000000e-01  1.412323e+00 -2.323676e+00  5.067254e-02  6.623794e-01
-6.721220e-03  9.175265e-04  1.755692e-04  2.131644e+02  1.000000e+00  8.585080e+01 -3.712911e+01  1.119497e+01  8.396181e+01
3 -3.745590e-03 -2.681918e-01  9.907093e-01  4.752107e-01  5.003553e-01  7.235057e+00 6 1 -1.000000e+00
-5.323597e-03 -6.919829e-01  1.573389e+00  0.000000e+00  0.000000e+00  1.663774e-01  2.435754e-01 -5.201138e-03  8.573000e-03
 7.056226e-03  2.986491e-01 -7.872537e-01  6.050671e+01  5.000000e-01  3.220794e-01  1.313710e+00 -6.310320e-02  9.314716e-02
 8.867787e-06  4.074807e-04  3.609517e-06  9.957474e+01  1.000000e+00  5.284124e+02  3.303017e+01 -5.234025e+00  5.276010e+02
3  2.242521e-01 -1.031500e-02  8.404087e-01  4.018470e-01  3.069837e-01  8.228431e+00 6 1 -1.000000e+00
 6.903991e-01 -1.079917e-01  2.063894e+00  0.000000e+00  0.000000e+00  2.971809e-01 -8.337924e-02  4.981563e-02  1.669053e-02
-1.448385e-01 -1.490571e-02 -6.335819e-01  5.256115e+01  5.000000e-01  1.429013e+00 -1.278143e+00 -3.587913e-01  7.464366e-01
-2.066561e-02 -9.113273e-04  1.667629e-02  5.380578e+01  1.000000e+00  1.029747e+01 -5.071269e+00 -8.717020e-01  9.109026e+00
3  1.891614e-01  1.464821e-01  1.981228e-01  1.151057e-01  2.500271e-01  4.523965e+00 6 3  2.770022e-01
-3.812819e-03 -5.745940e-02 -2.249858e+00  3.039170e+00  5.000000e-01  1.048594e+00  6.596007e-01 -1.084472e-01  1.573209e-01
 8.789756e-02  1.181590e-01  8.998458e+00  0.000000e+00  0.000000e+00  5.244374e-01  1.475993e-01 -3.053589e-01  1.367987e-02
-5.935785e-04 -4.692927e-03  4.611647e-02  3.281624e+00  1.000000e+00  6.009860e+00  1.845425e+00 -9.423657e-02  4.072770e+00
1 -1.076467e-01 -1.309870e-01  0.000000e+00  5.578047e-02  0.000000e+00  6.828950e+00 0 2  2.775810e-01
-1.298288e-01  1.009730e-01  3.179655e+00  0.000000e+00  0.000000e+00  3.817918e-01 -6.976739e-02  2.506279e-01  3.773650e-03
1 -1.618262e-03  1.311720e-02  0.000000e+00  1.229934e-02  0.000000e+00  5.260603e+00 0 2 -1.000000e+00
-1.828184e-03  2.897075e-02  3.001712e+00  0.000000e+00  0.000000e+00  3.790234e-01  2.250070e-01  4.290148e-02  1.575855e-01
3  6.115975e-02  7.197963e-01  2.330099e+00  1.131163e+00  3.703621e-01  4.215955e+00 6 1 -1.000000e+00
 5.260071e-02 -4.590425e-01 -6.348848e-01  6.766478e+01  5.000000e-01  1.008177e+00  1.205227e+00  3.501208e-01  5.806947e-01
 5.277667e-01  1.822093e+00  1.714227e+00  0.000000e+00  0.000000e+00  2.216378e-01  1.457426e-01 -3.540499e-02  1.966936e-02
 3.195104e-04 -4.782577e-02  1.224801e-02  7.055136e+01  1.000000e+00  1.045298e+01  2.688782e+00  6.951989e-01  9.682475e+00
3  9.729838e-02 -2.741478e-01  1.297408e+00  5.909861e-01  1.316887e-01  4.071370e+00 6 3 -1.000000e+00
 5.993029e-02 -8.794287e-01  4.482532e+00  0.000000e+00  0.000000e+00  3.382307e-01  4.450287e-01  1.296141e-01  4.378649e-02
-1.573232e-01  3.996600e-01 -5.902986e-01  5.385480e+01  5.000000e-01  6.856112e-01  9.383956e-01  9.551502e-01  2.872421e-01
-1.147423e-03  3.353695e-03  1.688291e-04  7.826932e+01  1.000000e+00  8.161190e+01  1.932392e+01  1.420261e+01  8.049258e+01
1 -7.761129e+00 -3.153515e-02  0.000000e+00  1.161991e+01  0.000000e+00  5.379393e+00 0 2 -1.000000e+00
-1.548561e+01  5.733525e+00  3.375552e+00  0.000000e+00  0.000000e+00  3.639461e-01 -2.375702e-01  2.277654e-01  1.835220e-04
3 -2.246521e-02  3.214349e-02  2.360439e-01  1.147986e-01  4.860891e-01  3.422888e+00 6 3 -1.000000e+00
 3.421177e-02 -6.650785e-02 -1.901365e+00  1.725531e+00  5.000000e-01  8.909939e-01  4.768545e-01  5.571626e-01  4.486425e-01
-1.251527e-01  1.076176e-01  3.911555e+00  0.000000e+00  0.000000e+00  3.981931e-01 -1.490253e-02  3.260317e-01  9.509559e-02
 3.324363e-03 -4.954515e-03  3.742856e-02  1.938589e+00  1.000000e+00  6.513781e+00  8.279943e-01  1.731660e+00  5.657689e+00
3 -1.675411e-01 -1.688814e-02  1.025992e+00  4.763266e-01  5.401378e-01  5.133884e+00 6 1 -1.000000e+00
-6.222766e-01 -3.640982e-02  2.670455e+00  0.000000e+00  0.000000e+00  1.859698e-01 -5.328525e-01 -6.515694e-02  3.077622e-02
 3.989566e-01  6.229598e-02 -1.442414e+00  2.815478e+01  5.000000e-01  2.921240e-01 -1.046220e+00 -3.159038e-01  1.040370e-01
 5.204677e-04  8.075723e-05  1.386503e-05  6.435351e+01  1.000000e+00  2.709223e+02 -1.875678e+01 -1.955229e+01  2.702038e+02
3  1.473459e+00  1.063235e+00  1.059752e+00  5.860961e-01  1.695914e-01  1.448356e+01 6 1  2.973020e-01
 6.924259e-01 -4.829907e-01  2.533854e+00  0.000000e+00  0.000000e+00  3.035232e-01  1.173915e-01  2.768454e-01  4.099919e-03
-1.397200e-01  1.732166e-01 -4.297197e-01  4.584128e+01  5.000000e-01  9.440722e-01  4.897488e-01  1.445812e+00  1.508779e-01
-8.814908e-04  9.862804e-04  2.255010e-05  5.438429e+01  1.000000e+00  2.207825e+02 -7.252557e+00  6.249841e+01  2.168829e+02
5 -4.605979e-01  1.382979e-01  3.041769e+00  1.038075e+00  1.000000e+00  1.291234e+01 6 3 -1.000000e+00
-1.550769e+00 -1.139661e+00  2.490555e+00  0.000000e+00  0.000000e+00  3.407789e-01 -1.732570e-01  5.511427e-02  4.174620e-03
-6.010442e-01  1.020419e+00 -3.345368e+00  7.948807e+01  5.000000e-01  5.740649e-01  1.060533e-01  6.849045e-01  3.021667e-02
 5.884910e-02  1.441325e+00  4.493302e+00  7.501957e+01  0.000000e+00  4.420456e-01  1.860969e-01  2.326535e-01  1.309051e-02
 4.538473e-01 -2.406769e-01 -2.969847e-01  1.928755e+02  5.000000e-01  9.502459e-01 -9.938972e-01  1.543315e+00  2.532420e-01
 3.128514e-03 -1.270723e-03  6.484298e-05  2.434841e+02  1.000000e+00  1.291510e+02 -1.545844e+01  2.760158e+01  1.274864e+02
3  3.609745e-01 -3.239536e-01  1.763519e+00  5.832964e-01  1.385238e-01  6.473138e+00 6 1 -1.000000e+00
 1.392464e+00 -6.304021e-01  2.750246e+00  0.000000e+00  0.000000e+00  3.878913e-01 -4.101186e-02  9.690838e-02  2.542962e-03
-1.461009e-01  2.314658e-01 -3.809746e-01  1.865610e+02  5.000000e-01  1.338627e+00  5.632156e-01  1.556375e+00  4.868158e-01
-8.566429e-03  1.444180e-02  2.343921e-03  1.946767e+02  1.000000e+00  2.414833e+01  7.929683e+00  6.806595e+00  2.261761e+01
3  1.033193e-01 -3.594720e-01  1.341330e+00  9.638013e-01  1.649312e-01  9.464942e+00 6 3 -1.000000e+00
-7.543356e-03 -9.665968e-01  3.453053e+00  0.000000e+00  0.000000e+00  2.984347e-01  4.404361e-01  9.279616e-02  7.815481e-03
-1.685307e-01  3.650372e-01 -5.695164e-01  1.106858e+02  5.000000e-01  5.781845e-01  9.923039e-01  9.742367e-01  1.108420e-01
-1.091555e-03  1.938212e-03  7.558882e-05  1.529868e+02  1.000000e+00  1.190153e+02 -1.971282e+01  1.759422e+01  1.174908e+02
3 -5.817724e-02 -1.838771e-01  7.051143e-01  2.639015e-01  1.610716e-01  2.227084e+00 6 3 -1.000000e+00
-2.086686e-01 -5.024712e-01  3.061365e+00  0.000000e+00  0.000000e+00  3.579104e-01  2.029947e-01 -2.107617e-01  5.580793e-02
 3.725796e-02  1.583664e-01 -4.930989e-01  7.012329e+01  5.000000e-01  1.405628e+00  1.309138e+00 -6.918691e-01  8.871106e-01
 3.891833e-03  1.656374e-02  1.031092e-02  7.396066e+01  1.000000e+00  1.285923e+01  6.064203e+00 -2.623397e+00  1.191088e+01
3 -8.453835e-02  6.397394e-02  8.930770e-01  4.590911e-01  5.555416e-01  3.564432e+00 6 1 -1.000000e+00
 1.773949e-01 -3.301469e-01 -1.353356e+00  4.205351e+01  5.000000e-01  4.486592e-01  6.309137e-01  8.030121e-01  4.958731e-02
-5.916743e-01  1.238566e-01  2.436102e+00  0.000000e+00  0.000000e+00  2.776141e-01 -2.774966e-01  1.853242e-01  1.375541e-02
 1.265806e-04 -9.239770e-05  3.099457e-06  1.101298e+02  1.000000e+00  5.697315e+02 -1.699591e+01  2.301071e+01  5.678880e+02
3  2.698745e-01  4.086560e-01  1.934080e+00  8.973440e-01  1.246441e-01  1.205910e+01 6 3 -1.000000e+00
-2.970675e-01 -5.431716e-01 -4.011438e-01  2.983193e+01  5.000000e-01  8.702182e-01  8.686754e-01 -1.324809e+00  4.908348e-01
 1.255460e+00  6.102240e-01  3.218314e+00  0.000000e+00  0.000000e+00  3.023505e-01 -1.616094e-01 -3.871376e-01  3.859435e-02
-5.140305e-03 -8.769517e-03  4.509062e-04  3.910514e+01  1.000000e+00  5.201833e+01  1.097157e+01 -1.627079e+01  5.106465e+01
1  9.310467e-03 -3.353644e-01  0.000000e+00  3.332981e-01  0.000000e+00  1.876689e+01 0 2  3.004753e-01
 2.589217e-01  5.143201e-01  6.395637e+00  0.000000e+00  0.000000e+00  3.811629e-01  5.201096e-02 -4.731782e-01  2.652350e-02
2  2.319566e-01  1.130083e+00  3.890166e+00  1.650486e+00  2.649728e-01  4.462822e+00 6 1 -1.000000e+00
-3.965731e-02 -5.909431e-01 -4.914765e-01  3.744923e+02  5.000000e-01  1.095216e+00  1.424125e+00 -1.249818e-01  1.173363e-01
 8.131873e-01  3.204587e+00  1.854819e+00  0.000000e+00  0.000000e+00  2.537272e-01  9.193758e-02 -9.661401e-02  7.663571e-04
3  1.675005e-01 -1.444313e-01  7.727990e-01  2.922371e-01  6.052919e-01  9.737573e+00 6 1 -1.000000e+00
 4.140037e-01 -4.111861e-01  1.916147e+00  0.000000e+00  0.000000e+00  2.198979e-01 -1.038646e-01  2.754829e-01  5.501195e-02
-1.144997e-01  1.526424e-01 -1.159828e+00  2.000171e+01  5.000000e-01  8.797964e-01  8.936442e-02  9.320190e-01  6.366518e-01
-1.473139e-02  2.002644e-02  3.440233e-02  2.099219e+01  1.000000e+00  6.751694e+00  1.331749e+00  1.496873e+00  6.365942e+00
3 -1.552661e-01  4.300751e-01  1.710747e+00  6.316969e-01  1.280803e-01  2.913887e+00 6 3 -1.000000e+00
 1.398379e-01 -4.562441e-01 -4.237952e-01  1.152901e+02  5.000000e-01  8.653123e-01  1.253921e+00  8.974703e-01  3.981717e-01
-4.282436e-01  1.157429e+00  3.308825e+00  0.000000e+00  0.000000e+00  3.496232e-01  2.392896e-01  2.520086e-01  3.205731e-02
 1.358766e-03 -4.460871e-03  9.383181e-05  1.502275e+02  1.000000e+00  1.153010e+02  4.242743e+01  2.464254e+01  1.141061e+02
1 -7.828765e+00 -3.609751e+00  0.000000e+00  5.987630e+00  0.000000e+00  5.426678e+00 0 2 -1.000000e+00
-9.789924e+00 -6.192666e+00  6.925839e+00  0.000000e+00  0.000000e+00  3.882927e-01 -2.241294e-01 -4.237510e-01  2.365324e-04
2  7.618109e-01  6.610532e+00  3.606582e+00  1.435806e+00  5.926252e-01  1.253866e+01 6 1  2.878057e-01
-5.917730e-01  1.272172e-01 -1.101534e+00  3.830265e+02  5.000000e-01  9.733804e-01 -7.606201e-01  5.744480e-01  2.032156e-02
 3.013025e+00  2.406564e-01  1.858736e+00  0.000000e+00  0.000000e+00  2.635819e-01 -1.686499e-02  6.346063e-02  3.558553e-04
1  5.047159e-01  1.184483e-02  0.000000e+00  5.677394e-01  0.000000e+00  5.011701e+00 0 2 -1.000000e+00
 7.882091e-01 -4.175970e-02  3.744049e+00  0.000000e+00  0.000000e+00  2.832604e-01 -4.963169e-01 -1.716675e-02  5.294118e-02
3  4.276800e-02 -7.118483e-01  5.620679e-01  2.881222e-01  3.561324e-01  7.988859e+00 6 1  2.692003e-01
-3.992321e-01 -1.493636e-01  2.873966e+00  0.000000e+00  0.000000e+00  3.788903e-01 -1.888381e-01 -4.654297e-02  1.726201e-02
 1.621678e-01 -1.219697e-01 -1.023512e+00  2.607015e+01  5.000000e-01  7.502700e-01 -2.310024e-01  9.929908e-01  1.967476e-01
 1.434654e-03 -6.557875e-04  5.658240e-04  3.802003e+01  1.000000e+00  4.429971e+01 -3.440923e+00  9.782186e+00  4.261756e+01
1 -7.486817e-02 -1.715763e-01  0.000000e+00  3.674976e-02  0.000000e+00  2.218801e+00 0 2  3.082596e-01
 6.722952e-02 -6.430006e-02  4.529596e+00  0.000000e+00  0.000000e+00  4.926732e-01  6.238894e-03  1.912363e-01  1.165532e-02
3  2.412584e-01  2.036726e-01  1.021518e+00  7.051890e-01  8.813869e-02  1.186977e+01 6 2 -1.000000e+00
 7.216350e-01  1.792017e-01  3.712411e+00  0.000000e+00  0.000000e+00  2.713718e-01 -3.071924e-01 -4.088583e-01  8.936218e-02
-2.414357e-01 -1.613767e-01 -3.272070e-01  1.843227e+01  5.000000e-01  8.010955e-01 -2.688617e-01 -1.738806e+00  5.163229e-01
-6.433539e-03 -3.158477e-03  6.073789e-04  2.264882e+01  1.000000e+00  4.596590e+01 -1.613752e+01 -1.072819e+01  4.529230e+01
3 -2.139633e-01  1.974070e-01  9.166162e-01  3.718062e-01  2.249735e-01  8.573409e-01 6 1 -1.000000e+00
 1.269062e-01 -1.510776e-01 -4.891288e-01  3.344244e+01  5.000000e-01  1.388633e+00  1.544804e-01  1.473643e+00  1.070659e+00
-5.325959e-01  4.855088e-01  2.174161e+00  0.000000e+00  0.000000e+00  2.630732e-01 -7.405368e-02  2.786210e-01  6.448859e-02
 1.961650e-02 -2.354589e-02  2.025685e-02  3.455186e+01  1.000000e+00  9.297834e+00  1.242401e+00  4.236093e+00  8.805964e+00
3  4.743622e-01 -1.225716e+00  8.507965e-01  4.054998e-01  1.260596e-01  6.549132e+00 6 3  3.037339e-01
-6.202224e-01  3.484868e-01  3.079227e+00  0.000000e+00  0.000000e+00  3.126787e-01 -1.250172e-01  3.633517e-01  1.871295e-02
 8.951765e-02 -1.206866e-01 -3.881662e-01  2.627386e+01  5.000000e-01  1.732584e+00  4.436773e-01  1.707643e+00  8.975224e-01
 1.766558e-02 -2.382262e-02  2.386597e-02  2.669905e+01  1.000000e+00  8.789905e+00  1.629901e+00  4.015641e+00  7.291687e+00
3  6.810940e-01  5.122292e-01  7.435660e-01  3.525116e-01  1.647944e-01  1.195437e+00 6 1  2.988202e-01
 8.955234e-02  6.240135e-01  1.677461e+00  0.000000e+00  0.000000e+00  1.859528e-01  2.428465e-01 -8.694533e-02  1.592723e-02
 3.768288e-03 -1.145875e-01 -2.764362e-01  4.975678e+01  5.000000e-01  1.525653e+00  1.968614e+00  1.354248e-01  9.433359e-01
 5.307114e-05 -1.708732e-02  8.783781e-03  5.074898e+01  1.000000e+00  1.284522e+01  5.116304e+00  5.353426e-01  1.172305e+01
3 -9.047686e-02  4.395083e-01  1.771830e+00  8.441267e-01  2.368189e-01  6.834507e+00 6 3 -1.000000e+00
-2.557689e-02 -3.668551e-01 -7.200394e-01  9.463389e+01  5.000000e-01  1.105410e+00  1.179897e+00 -8.812745e-02  4.213308e-01
-7.850186e-01  1.233967e+00  3.040465e+00  0.000000e+00  0.000000e+00  3.973699e-01  1.345260e-01  1.271562e-01  9.975720e-03
-8.407108e-04 -3.049719e-02  1.169797e-02  9.957231e+01  1.000000e+00  1.083744e+01  2.927491e+00 -1.649285e+00  9.681831e+00
3 -8.340572e-01 -6.909844e-01  4.492945e+00  1.427606e+00  9.087366e-01  3.865515e+00 6 1 -1.000000e+00
-2.934918e+00 -2.356945e+00  2.121894e+00  0.000000e+00  0.000000e+00  3.112801e-01 -3.931877e-03 -5.515937e-02  2.046221e-03
 5.215648e-01  5.134699e-01 -1.928243e+00  6.395353e+02  5.000000e-01  8.365815e-01 -2.989507e-02 -7.378474e-01  1.700691e-01
 2.394414e-02  2.434812e-02  3.213363e-03  6.681673e+02  1.000000e+00  1.894416e+01  1.397832e+00 -2.972950e+00  1.757051e+01
3  4.228909e-01  9.785023e-01  1.410416e+00  7.214112e-01  5.073437e-01  6.688666e+00 6 1  2.856972e-01
 2.592229e-01 -4.598225e-01 -1.209275e+00  4.929472e+01  5.000000e-01  7.907340e-01  5.260256e-01  7.707341e-01  6.747091e-02
-1.024729e+00  1.239059e-01  2.383542e+00  0.000000e+00  0.000000e+00  2.944399e-01 -2.652595e-01  8.893121e-02  5.092346e-03
 1.045765e-03 -8.231714e-04  5.991876e-05  7.500902e+01  1.000000e+00  1.331107e+02  1.161712e+01  2.507998e+01  1.287628e+02
3 -1.039897e-02  3.050319e-01  1.058191e+00  4.511216e-01  1.855127e-01  6.597115e+00 6 1 -1.000000e+00
-1.416035e-02 -2.892275e-01 -4.871434e-01  4.941323e+01  5.000000e-01  7.654836e-01  1.450887e+00  5.204110e-02  3.747559e-01
 4.700507e-02  7.671944e-01  2.625931e+00  0.000000e+00  0.000000e+00  2.831176e-01  3.631043e-01  3.547130e-02  3.176156e-02
-6.730736e-04 -5.326111e-03  4.038442e-04  6.045690e+01  1.000000e+00  5.416376e+01  1.603887e+01 -9.640389e+00  5.317464e+01
3 -3.390071e-01 -8.546557e-02  8.443981e-01  3.042711e-01  1.164019e-01  6.241169e+00 6 1 -1.000000e+00
-6.586243e-01 -4.517233e-02  1.592035e+00  0.000000e+00  0.000000e+00  1.568726e-01 -2.770904e-01 -7.718801e-02  8.532324e-03
 2.507162e-03  1.642807e-03  7.455432e-05  8.540254e+01  1.000000e+00  1.353250e+02 -4.556678e+00 -6.789255e+01  1.347904e+02
 1.739980e-01  9.535666e-02 -1.853160e-01  7.151764e+01  5.000000e-01  8.211107e-01 -1.570042e+00 -1.721383e+00  5.825143e-01
3  6.280609e-02  1.839797e-03  2.027472e-01  1.144550e-01  1.189819e-01  7.794663e+00 6 1 -1.000000e+00
-4.543558e-02  5.117236e-04 -3.151275e-01  6.226548e+00  5.000000e-01  1.213279e+00 -1.781523e+00  2.120928e-01  7.740998e-01
 1.455505e-01  6.856108e-02  2.648534e+00  0.000000e+00  0.000000e+00  3.282627e-01 -2.511190e-01 -1.029701e-01  3.610240e-02
-2.526343e-03 -1.323358e-04  2.226450e-03  6.797987e+00  1.000000e+00  2.456529e+01 -1.022261e+01 -1.294373e+00  2.378072e+01
4 -1.464481e-01 -2.882815e-02  8.423276e-01  3.946970e-01  1.000000e+00  1.201314e+01 6 3 -1.000000e+00
-2.017714e-01 -4.757110e-01  2.995571e+00  0.000000e+00  0.000000e+00  3.598812e-01 -4.062090e-02 -2.725359e-01  3.567721e-03
-3.933909e-01  3.627400e-02 -4.036155e+00  7.212054e+00  5.000000e-01  4.823203e-01 -7.174260e-01  3.244637e-02  1.104249e-02
-3.106994e-01  3.595437e-01  4.181871e+00  5.293159e+00  0.000000e+00  4.017229e-01 -2.013325e-01  2.797736e-01  3.792640e-03
 1.911624e-01  2.849002e-02 -3.490071e-01  4.337579e+01  5.000000e-01  7.371958e-01 -1.651612e+00 -4.544408e-01  9.649483e-02
1  7.498255e+00 -7.995738e+00  0.000000e+00  1.474286e+01  0.000000e+00  2.681456e+00 0 2 -1.000000e+00
 1.456603e+01 -2.370176e+01  5.052379e+00  0.000000e+00  0.000000e+00  4.556347e-01  9.296997e-02  2.996057e-01  3.152595e-04
3 -5.457690e-02 -1.305100e-01  4.129951e-01  2.066208e-01  1.206591e-01  5.146899e+00 6 3 -1.000000e+00
-4.711796e-02 -3.350666e-01  3.183158e+00  0.000000e+00  0.000000e+00  3.405426e-01  3.015381e-01 -1.726422e-01  3.395279e-02
 3.328639e-02  7.002603e-02 -3.840768e-01  5.212687e+00  5.000000e-01  1.520970e+00  1.032373e+00 -1.345088e+00  9.150521e-01
 4.954119e-03  1.112045e-02  1.704882e-02  5.348688e+00  1.000000e+00  9.710233e+00  2.672622e+00 -3.173354e+00  8.720077e+00
3 -6.544755e-01 -3.674086e-01  1.842351e+00  8.579393e-01  1.155619e-01  3.739503e+00 6 1 -1.000000e+00
-1.323506e+00 -9.514268e-01  1.947261e+00  0.000000e+00  0.000000e+00  2.601294e-01 -8.548263e-02 -1.629706e-01  8.068491e-03
 2.012783e-01  8.263809e-02 -2.250292e-01  1.281197e+02  5.000000e-01  1.848089e+00 -1.532868e+00 -1.677331e+00  1.157550e+00
 3.965765e-02  1.591817e-02  1.137784e-02  1.294198e+02  1.000000e+00  1.170554e+01 -4.112863e+00 -3.130956e+00  1.064053e+01
3  1.856279e-01 -2.703442e-01  1.085401e+00  4.843286e-01  2.147220e-01  4.229820e+00 6 1 -1.000000e+00
 2.234388e-01 -7.926383e-01  1.862368e+00  0.000000e+00  0.000000e+00  2.194930e-01  1.368911e-01  2.313031e-01  2.052753e-02
-1.844637e-01  2.132002e-01 -3.998914e-01  4.495390e+01  5.000000e-01  6.862375e-01  5.109447e-02  1.611371e+00  3.282852e-01
-1.923361e-03  2.946124e-03  1.606734e-04  5.590596e+01  1.000000e+00  8.269749e+01  9.694619e+00  1.888623e+01  8.165134e+01
1  8.911988e-02  1.798372e-01  0.000000e+00  1.897572e-01  0.000000e+00  7.576606e+00 0 2 -1.000000e+00
 1.068907e-01  4.366076e-01  3.687132e+00  0.000000e+00  0.000000e+00  3.561741e-01  3.347579e-01 -1.767352e-01  1.236172e-01
3  1.095746e-01  5.512376e-02  3.598307e-01  1.290179e-01  7.477106e-01  1.289074e+00 6 1 -1.000000e+00
-4.984004e-02 -5.490523e-02 -1.115224e+00  1.610422e+01  5.000000e-01  1.160427e+00  3.691476e-02 -9.597161e-01  1.030204e+00
 2.714021e-01  1.072108e-01  1.491518e+00  0.000000e+00  0.000000e+00  1.412805e-01 -1.979560e-01 -1.665977e-01  5.372005e-02
-1.560890e-02 -1.467955e-02  1.423136e-01  1.628522e+01  1.000000e+00  3.955814e+00  4.925136e-01 -1.211419e+00  3.785803e+00
3 -7.893583e-01  7.943563e-01  1.150669e+00  5.438024e-01  2.638603e-01  5.347915e+00 6 1  2.894520e-01
-2.027114e-01 -9.465851e-01  2.788428e+00  0.000000e+00  0.000000e+00  3.484452e-01  2.564256e-01  1.202210e-02  2.366095e-02
 1.220136e-02  1.838364e-01 -7.357554e-01  5.663419e+01  5.000000e-01  1.662989e+00  1.340994e+00 -2.089648e-02  8.146611e-01
 5.316663e-03  5.272132e-02  7.720780e-02  5.706586e+01  1.000000e+00  5.628211e+00  2.834737e+00 -6.576849e-01  4.304494e+00
3 -4.319536e-01 -3.100683e-01  2.198950e+00  9.964864e-01  3.415130e-01  9.414552e+00 6 1 -1.000000e+00
-1.645102e+00 -7.239821e-01  2.384561e+00  0.000000e+00  0.000000e+00  3.463995e-01  7.171774e-02 -5.182496e-02  1.026299e-02
 3.402464e-01  2.214146e-01 -8.143586e-01  2.858859e+02  5.000000e-01  9.170311e-01 -2.051784e-01 -1.092129e+00  3.698746e-01
 1.865807e-02  8.958122e-03  2.817140e-03  3.058995e+02  1.000000e+00  2.127562e+01 -6.094838e+00 -4.357030e+00  2.027912e+01
3 -7.498227e-03  1.658702e-01  1.406009e+00  6.193853e-01  2.969971e-01  7.917780e+00 6 3 -1.000000e+00
-4.116098e-02 -5.636857e-01 -1.795923e+00  6.604311e+01  5.000000e-01  6.025204e-01  8.343175e-01 -1.368245e-01  5.960160e-02
-2.894330e-01  8.202294e-01  6.046939e+00  0.000000e+00  0.000000e+00  3.943711e-01  3.614076e-01  2.660790e-01  1.215375e-02
 1.227310e-03  7.956063e-04  8.984016e-06  2.101505e+02  1.000000e+00  3.430402e+02  2.955063e+01 -6.935035e+01  3.399761e+02
3  1.396849e-01  8.838272e-01  2.013496e+00  7.931035e-01  1.602007e-01  3.314027e+00 6 1  2.941097e-01
 1.698458e+00  2.539741e-03  1.811854e+00  0.000000e+00  0.000000e+00  1.904591e-01 -3.213851e-01 -1.213640e-02  1.098720e-02
-3.113101e-01  1.249980e-01 -2.902603e-01  1.090936e+02  5.000000e-01  1.530971e+00 -1.587172e+00  1.099090e+00  9.362811e-01
-4.623413e-02  2.009714e-02  9.128366e-03  1.113886e+02  1.000000e+00  1.326393e+01 -3.068532e+00  5.607082e+00  1.211617e+01
3 -1.262856e-01  2.961219e-01  1.676584e+00  6.592280e-01  7.794060e-01  1.211835e+01 6 1 -1.000000e+00
 3.821368e-01 -3.053607e-01 -1.824706e+00  3.458317e+01  5.000000e-01  4.591296e-01 -4.582145e-01  7.941119e-01  1.555930e-01
-4.434395e-01  1.153871e+00  1.422187e+00  0.000000e+00  0.000000e+00  1.596272e-01 -3.942826e-02 -3.910797e-02  9.575593e-03
 1.013545e-03 -1.843116e-03  5.361371e-05  4.886179e+01  1.000000e+00  1.419743e+02  9.050963e+00  3.376206e+01  1.406835e+02
3  4.645443e-03  1.766430e-01  4.420199e-01  2.307858e-01  2.342772e-01  6.156766e+00 6 1 -1.000000e+00
 1.029734e-02 -8.342946e-02 -3.709167e-01  8.540038e+00  5.000000e-01  6.977213e-01  1.668710e+00  5.294841e-02  4.067425e-01
-2.036136e-02  3.575259e-01  1.583238e+00  0.000000e+00  0.000000e+00  1.789810e-01  1.993215e-01 -5.221363e-02  9.221750e-03
 9.958534e-04 -3.887596e-03  1.473889e-03  9.193481e+00  1.000000e+00  2.811552e+01  1.523567e+00  7.379198e+00  2.756466e+01
3  3.204402e-01  3.946148e-02  1.105542e+00  6.233620e-01  8.980320e-02  8.510359e+00 6 2 -1.000000e+00
 7.148091e-01  4.258165e-01  4.691147e+00  0.000000e+00  0.000000e+00  3.534417e-01 -3.341626e-01 -3.052958e-01  2.842146e-02
-2.932332e-01 -2.813836e-02 -4.212800e-01  6.074620e+01  5.000000e-01  9.697850e-01 -1.522089e+00 -2.405763e-01  3.863371e-01
-8.238163e-03 -1.053186e-03  1.021875e-03  7.085400e+01  1.000000e+00  3.377853e+01 -9.453147e+00 -2.544875e+00  3.219163e+01
3 -3.989499e-02 -4.910740e-01  1.517050e+00  6.414531e-01  2.198596e-01  1.138916e+01 6 1 -1.000000e+00
 5.738859e-02 -1.255036e+00  1.805615e+00  0.000000e+00  0.000000e+00  2.497065e-01  9.440656e-02 -1.413236e-02  3.454550e-03
 9.341806e-02  2.615857e-01 -3.969818e-01  1.202283e+02  5.000000e-01  9.204228e-01  1.362565e+00 -8.177757e-01  3.571654e-01
 3.607758e-03  7.975661e-03  5.671326e-04  1.305258e+02  1.000000e+00  4.718879e+01  3.769919e+00 -1.886626e+01  4.584803e+01
1 -1.714828e-01 -1.651066e+00  0.000000e+00  5.132801e-01  0.000000e+00  7.203272e+00 0 2  2.832093e-01
-4.355889e-01 -1.097317e+00  4.388990e+00  0.000000e+00  0.000000e+00  2.763259e-01  3.704172e-01 -3.983120e-01  7.236663e-03
3 -1.484725e-01 -1.807921e-01  7.236488e-01  3.132674e-01  1.182091e-01  1.037697e+01 6 1 -1.000000e+00
-3.491294e-01 -3.930716e-01  2.874179e+00  0.000000e+00  0.000000e+00  2.693734e-01  3.163557e-02 -4.299872e-01  2.783661e-02
 1.150588e-01  1.620834e-01 -3.397542e-01  3.282956e+01  5.000000e-01  7.434026e-01  4.732923e-01 -1.668874e+00  3.765791e-01
 1.388559e-03  2.088964e-03  1.521320e-04  4.163164e+01  1.000000e+00  8.585542e+01  1.481472e+01 -2.019229e+01  8.492386e+01
3 -5.177871e-01  2.951205e-01  5.335338e-01  2.434304e-01  2.652871e-01  3.489590e+00 6 1  2.809424e-01
-1.790512e-01 -3.906764e-01  2.323740e+00  0.000000e+00  0.000000e+00  2.956065e-01  2.167806e-01 -1.372434e-01  3.535759e-02
-1.620555e-02  1.173980e-01 -6.164584e-01  2.505048e+01  5.000000e-01  1.387440e+00  1.254704e+00  4.449696e-01  8.111389e-01
-1.111021e-03  1.799133e-02  2.889761e-02  2.588391e+01  1.000000e+00  7.895753e+00  3.490519e+00  8.733494e-01  6.853928e+00
5 -6.791901e-01 -4.147299e-01  1.219756e+00  6.090918e-01  1.000000e+00  1.118590e+01 6 3  2.752088e-01
 1.598610e-03 -6.980524e-01  4.695081e+00  1.341470e+01  0.000000e+00  3.594191e-01  4.182538e-01 -1.497290e-01  2.161740e-03
-3.493566e-01 -5.585663e-01 -4.446565e+00  1.455237e+01  5.000000e-01  5.293096e-01  2.788430e-01 -6.071974e-01  4.300499e-03
-8.309273e-01  1.934095e-01  2.220992e+00  0.000000e+00  0.000000e+00  2.967085e-01 -2.101633e-01 -1.417471e-02  3.666356e-03
 1.650242e-01  1.277595e-01 -3.567265e-01  6.585324e+01  5.000000e-01  1.646646e+00 -2.569260e-01 -1.776347e+00  1.682004e-01
 4.044997e-03  2.228713e-03  4.044297e-04  7.173269e+01  1.000000e+00  5.718319e+01 -1.699353e+01 -1.987846e+01  5.168299e+01
2  2.484457e-02  1.869451e+00  6.515947e+00  2.932265e+00  6.865875e-03  1.400466e+01 6 2 -1.000000e+00
 3.238643e+00  5.417201e+00  4.042995e+00  0.000000e+00  0.000000e+00  4.599715e-01  1.241428e-01 -1.699350e-01  6.288441e-05
 5.166656e-03 -2.398469e-01 -2.775870e-02  2.871275e+03  5.000000e-01  4.112393e+00  6.757723e+00 -2.119371e-01  1.176056e+00
1  4.506057e-01  1.480343e+00  0.000000e+00  8.279810e-01  0.000000e+00  4.183245e+00 0 2 -1.000000e+00
 6.640304e-01  2.383808e+00  4.657304e+00  0.000000e+00  0.000000e+00  4.366327e-01  2.662313e-01 -1.782894e-01  4.099045e-03
1  1.695565e+00 -1.662549e+00  0.000000e+00  2.131496e+00  0.000000e+00  2.958125e+00 0 2 -1.000000e+00
 3.274735e+00 -2.369527e+00  3.607929e+00  0.000000e+00  0.000000e+00  3.698057e-01 -3.260392e-02  3.448399e-01  1.016663e-02
1 -3.942632e-01  3.843929e-01  0.000000e+00  1.585933e-01  0.000000e+00  2.332099e+00 0 2  3.090378e-01
-8.814770e-02 -3.237376e-01  3.761003e+00  0.000000e+00  0.000000e+00  4.013134e-01  2.742743e-01 -1.315779e-01  1.964804e-02
3 -7.317809e-01 -2.003072e-01  1.125203e+00  5.515896e-01  5.643478e-01  1.536269e+00 6 3  2.870392e-01
-4.138627e-01 -5.393445e-01  5.022093e+00  0.000000e+00  0.000000e+00  3.597578e-01  9.080293e-02 -4.500497e-01  4.829093e-02
 3.462585e-01  2.902922e-01 -2.834208e+00  3.138297e+01  5.000000e-01  5.540002e-01 -1.678698e-01 -7.235799e-01  1.241478e-01
 2.036443e-03  2.222803e-03  7.823915e-04  5.619118e+01  1.000000e+00  3.732905e+01  2.199726e+00 -6.068658e+00  3.512124e+01
3  2.432432e-01 -7.042022e-02  8.769511e-01  5.410547e-01  8.621183e-02  3.480656e+00 6 2 -1.000000e+00
 5.109493e-01 -4.190146e-01  3.474702e+00  0.000000e+00  0.000000e+00  3.593312e-01 -1.600104e-01  3.115426e-01  1.618265e-02
-2.262549e-01  5.593101e-02 -2.995604e-01  3.226495e+01  5.000000e-01  1.026048e+00 -1.636986e+00  8.118985e-01  4.183864e-01
-2.361324e-03  5.919364e-04  8.500046e-05  4.089188e+01  1.000000e+00  1.211023e+02 -4.653007e+01  2.224579e+01  1.191310e+02
3  1.430031e+00 -1.340271e+00  1.666551e+00  7.765888e-01  2.282486e-01  5.236722e+00 6 1  2.895694e-01
-4.776960e-01 -1.297091e+00  2.195486e+00  0.000000e+00  0.000000e+00  2.978060e-01  1.555712e-01 -1.157319e-01  3.639403e-03
 5.660974e-02  2.814870e-01 -5.011166e-01  1.389186e+02  5.000000e-01  1.392163e+00  1.398459e+00 -4.400551e-01  2.196634e-01
 4.379887e-03  1.392029e-02  1.936172e-03  1.450912e+02  1.000000e+00  2.537121e+01  6.730579e+00 -5.672066e+00  2.155516e+01
3 -2.190594e-02  1.794841e-01  1.452016e-01  4.870490e-02  9.313656e-01  3.728476e+00 6 3  2.900327e-01
-6.986223e-02  3.081252e-02  5.942058e+00  5.885605e-02  0.000000e+00  5.201023e-01  3.460132e-02  2.466023e-01  6.448874e-03
 7.452914e-02  4.613049e-02  4.474674e+00  0.000000e+00  0.000000e+00  5.039810e-01  7.908972e-02 -1.276704e-01  4.668971e-03
-1.246019e-02  5.876969e-02 -6.379941e+00  9.483405e-02  5.000000e-01  6.927298e-01  4.624173e-01  1.932006e-01  1.723055e-02
3 -2.082597e-01  2.809328e-01  1.581049e+00  7.979275e-01  2.163817e-01  3.164076e+00 6 3 -1.000000e+00
 2.511123e-01 -3.849983e-01 -9.682950e-01  1.436380e+02  5.000000e-01  7.124389e-01  4.308401e-01  9.642672e-01  6.299767e-02
-8.295812e-01  7.690455e-01  4.474939e+00  0.000000e+00  0.000000e+00  4.030540e-01  4.442734e-02  3.618066e-01  4.790320e-03
 8.233511e-04 -1.306927e-03  3.819915e-05  1.993900e+02  1.000000e+00  1.632521e+02  1.194974e+01 -2.090587e+00  1.608202e+02
3  1.608975e-01  1.764877e-01  1.239371e+00  3.188548e-01  9.108396e-01  8.347106e+00 6 1 -1.000000e+00
-2.261689e-01 -2.679756e-01 -1.773657e+00  7.439325e+01  5.000000e-01  5.613311e-01 -2.277530e-01 -8.392650e-01  1.520090e-01
 4.476096e-01  7.722465e-01  1.947277e+00  0.000000e+00  0.000000e+00  2.757383e-01 -5.186485e-02 -9.125490e-02  2.252875e-02
-1.442237e-03 -3.158387e-03  1.486238e-04  9.820572e+01  1.000000e+00  1.015576e+02  4.719223e+01 -3.400472e+01  1.003347e+02
1 -8.677074e+00  6.043060e-01  0.000000e+00  4.650060e+00  0.000000e+00  6.393011e+00 0 2 -1.000000e+00
-1.146543e+01  2.445515e+00  3.095600e+00  0.000000e+00  0.000000e+00  3.174759e-01 -3.746885e-01  4.907740e-02  8.285072e-06
3  9.945385e-01  3.030841e+00  3.475883e+00  1.421223e+00  2.544696e-01  1.944604e+01 6 1  2.930194e-01
-2.857026e+00 -9.146899e-01  2.044666e+00  0.000000e+00  0.000000e+00  2.779539e-01 -6.992888e-02 -1.654782e-01  3.898124e-04
 3.188615e-01  4.979339e-01 -5.203054e-01  2.630608e+02  5.000000e-01  1.350735e+00  6.279941e-01 -1.284752e+00  7.208605e-02
 3.817120e-03  7.617427e-03  1.894841e-04  2.809196e+02  1.000000e+00  7.855614e+01  2.683539e+01 -4.162944e+00  7.372014e+01
3  2.740889e-01 -1.458702e-01  1.172629e+00  6.802459e-01  2.461697e-01  2.354853e+00 6 1 -1.000000e+00
 5.571128e-01 -7.001171e-01  1.974741e+00  0.000000e+00  0.000000e+00  2.465496e-01 -4.189092e-02  2.440024e-01  2.348976e-02
-3.333424e-01  6.287009e-02 -4.861214e-01  6.695625e+01  5.000000e-01  7.983447e-01 -1.325458e+00  5.838879e-01  4.866776e-01
-8.385278e-03  2.373617e-03  1.206128e-03  8.031334e+01  1.000000e+00  3.146844e+01 -9.925955e+00  8.376661e-01  3.084689e+01
3  6.936574e-01  4.674765e-01  3.187371e+00  1.292624e+00  1.757824e-01  6.550395e+00 6 1 -1.000000e+00
 2.530651e+00  9.767795e-01  2.690510e+00  0.000000e+00  0.000000e+00  3.714139e-01 -7.511319e-02 -1.334232e-01  1.233863e-03
-3.768126e-01 -3.293547e-01 -4.729443e-01  6.382126e+02  5.000000e-01  1.118820e+00 -7.499907e-02 -1.457020e+00  1.679497e-01
-2.936145e-03 -2.192299e-03  2.706493e-05  7.070110e+02  1.000000e+00  2.007918e+02 -8.877098e+00 -5.375652e+01  1.980529e+02
3 -7.343197e-01 -4.615852e-01  1.290462e+00  7.292480e-01  8.779579e-02  4.243830e+00 6 2  2.724156e-01
-1.693791e-01 -8.496582e-01  1.407800e+01  0.000000e+00  0.000000e+00  4.390167e-01  4.129902e-01 -2.703859e-01  4.305593e-03
 2.005915e-01  3.866317e-01 -1.235989e+00  1.207157e+02  5.000000e-01  7.893722e-01  5.138283e-01 -7.677325e-01  2.800592e-02
 4.031639e-04  8.405806e-04  2.991136e-05  1.798253e+02  1.000000e+00  1.842931e+02  1.150066e+01 -5.654992e+00  1.789838e+02
3  5.484169e-01 -9.515404e-01  2.494484e+00  1.444621e+00  1.101387e-01  7.469803e+00 6 1 -1.000000e+00
 1.629585e+00 -1.384142e+00  2.330972e+00  0.000000e+00  0.000000e+00  2.560758e-01  1.416600e-01  3.230325e-01  2.370264e-02
-1.963172e-01  3.154252e-01 -2.567303e-01  6.270181e+01  5.000000e-01  1.490162e+00  1.123931e+00  1.694749e+00  1.039206e+00
-4.141185e-02  5.773797e-02  1.598297e-02  6.369068e+01  1.000000e+00  9.498341e+00  6.807683e-01  3.031792e+00  8.848114e+00
3 -3.218522e-01 -1.060903e+00  3.204727e+00  1.696493e+00  1.045077e-01  6.887330e+00 6 1 -1.000000e+00
-4.341649e-01 -2.622134e+00  2.741707e+00  0.000000e+00  0.000000e+00  3.507941e-01  2.169728e-01 -9.825888e-02  3.741719e-03
 2.116238e-01  5.168517e-01 -2.865295e-01  3.076928e+02  5.000000e-01  9.620874e-01  1.350425e+00 -1.291446e+00  2.857858e-01
 3.518693e-03  8.749112e-03  1.470348e-04  3.412064e+02  1.000000e+00  8.482937e+01  5.980265e+00 -1.380183e+01  8.329666e+01
3  9.066471e-01 -2.838315e-01  1.359641e+00  5.402094e-01  1.265672e-01  2.434598e+00 6 1  2.920232e-01
 9.314817e-01  6.922899e-01  1.560521e+00  0.000000e+00  0.000000e+00  1.508697e-01 -1.510743e-01 -2.395561e-01  6.922038e-03
-1.761194e-01 -9.628040e-02 -1.975107e-01  9.286908e+01  5.000000e-01  1.315435e+00 -1.577029e+00 -1.635694e+00  5.551116e-01
-1.150261e-02 -9.185165e-03  1.402994e-03  9.619602e+01  1.000000e+00  2.975565e+01  6.363754e-01 -1.066398e+01  2.755629e+01
1 -9.456864e-01 -4.504367e-01  0.000000e+00  9.208473e-01  0.000000e+00  5.496681e+00 0 2 -1.000000e+00
-1.264807e+00 -9.253288e-01  3.017350e+00  0.000000e+00  0.000000e+00  3.148346e-01 -1.890432e-01 -3.198402e-01  1.759488e-02
3 -3.473594e-01 -3.368880e-01  1.972159e+00  7.585553e-01  5.743638e-01  4.953460e+00 6 1 -1.000000e+00
-1.101413e+00 -9.431976e-01  1.879675e+00  0.000000e+00  0.000000e+00  2.465142e-01 -4.225196e-02 -1.842515e-01  1.173200e-02
 3.122894e-01  4.318862e-01 -1.079617e+00  1.405090e+02  5.000000e-01  6.409423e-01  3.274408e-01 -9.736320e-01  1.967967e-01
 3.760664e-03  4.540383e-03  2.246456e-04  1.745899e+02  1.000000e+00  6.984354e+01  8.431892e+00 -1.472686e+01  6.839247e+01
3 -4.352952e-02 -9.080139e-03  1.762312e-01  1.088655e-01  2.075200e-01  6.774165e+00 6 1 -1.000000e+00
-9.784536e-02 -9.410800e-02  2.864171e+00  0.000000e+00  0.000000e+00  3.108761e-01 -1.352614e-01 -3.278032e-01  6.070316e-02
 5.108857e-02  1.052039e-04 -5.943728e-01  1.301755e+00  5.000000e-01  1.101526e+00 -1.299392e+00 -6.584033e-02  7.660388e-01
 4.237167e-03  2.014304e-04  1.439450e-02  1.424999e+00  1.000000e+00  1.013162e+01 -3.695403e+00  5.094982e-01  9.578210e+00
3 -1.563862e-01 -1.721965e-01  6.883886e-01  3.325894e-01  5.535013e-01  4.687772e+00 6 1 -1.000000e+00
-4.333807e-01 -3.411234e-01  1.642878e+00  0.000000e+00  0.000000e+00  1.841429e-01  5.544492e-02 -2.320794e-01  2.498312e-02
 9.369574e-02  1.016737e-01 -9.093352e-01  2.650082e+01  5.000000e-01  8.272191e-01  2.565467e-01 -1.031378e+00  5.293773e-01
 1.405705e-02  1.237349e-02  2.640187e-02  2.742106e+01  1.000000e+00  7.269318e+00 -5.931391e-01 -1.037515e+00  6.763287e+00
5 -6.164388e-03  1.222416e-02  8.683953e-01  5.459441e-01  1.000000e+00  9.731834e+00 6 3 -1.000000e+00
-3.283133e-01 -1.636834e-01 -2.475007e+00  6.281502e+00  5.000000e-01  3.567799e-01 -4.004747e-01 -8.107968e-01  1.004036e-01
 3.678559e-01  7.775674e-02 -2.125293e+00  6.579876e+00  5.000000e-01  4.131407e-01 -7.293176e-01 -5.319990e-01  1.519134e-01
-2.109900e-01  3.931366e-01  2.696112e+00  0.000000e+00  0.000000e+00  2.535530e-01  3.235288e-01  2.856707e-01  3.270351e-02
 1.930474e-01 -3.755403e-01  3.190839e+00  2.560207e+00  0.000000e+00  2.628415e-01  3.684326e-01  3.070226e-01  3.718341e-02
 3.994551e-05 -3.965425e-05  2.095351e-05  3.429113e+01  1.000000e+00  2.314869e+02 -6.531496e+01  3.366691e+01  2.303774e+02
3  1.535392e-01 -8.874032e-01  2.155935e+00  9.011272e-01  1.087045e-01  2.699581e+00 6 1 -1.000000e+00
 5.808276e-01 -1.673605e+00  2.148324e+00  0.000000e+00  0.000000e+00  2.199243e-01  3.428671e-01  1.596278e-01  8.539794e-02
-8.579319e-02  3.766808e-01 -2.335325e-01  3.506391e+01  5.000000e-01  2.049562e+00  2.161110e+00  8.445381e-01  1.811240e+00
-2.124048e-02  8.433219e-02  1.868625e-02  3.562508e+01  1.000000e+00  1.024123e+01  4.891314e+00  2.821352e+00  9.902821e+00
3 -2.120864e-01 -2.013263e-01  8.695880e-01  3.745266e-01  3.724370e-01  5.497279e+00 6 1 -1.000000e+00
-4.319221e-01 -5.654145e-01  1.723463e+00  0.000000e+00  0.000000e+00  2.106267e-01 -3.212559e-02 -2.045757e-01  2.539969e-02
 1.205456e-01  1.061232e-01 -6.418816e-01  2.659440e+01  5.000000e-01  1.105226e+00 -2.697640e-01 -1.223201e+00  6.942195e-01
 1.792915e-02  1.773813e-02  2.393562e-02  2.726737e+01  1.000000e+00  7.891275e+00 -3.339543e-03 -2.389753e+00  7.170937e+00
3 -1.026810e+00 -4.480145e-01  1.512252e+00  7.341483e-01  9.976095e-02  8.786021e+00 6 2  2.769438e-01
-3.004908e-01 -1.099181e+00  4.289137e+00  0.000000e+00  0.000000e+00  4.019063e-01  2.657665e-01 -2.322436e-01  7.023299e-03
 1.906127e-01  3.311066e-01 -4.278884e-01  7.313453e+01  5.000000e-01  8.921428e-01  7.492437e-01 -1.336909e+00  1.661588e-01
 7.425959e-04  1.300000e-03  1.493218e-05  9.621255e+01  1.000000e+00  2.708645e+02  3.309617e+01 -6.900754e+01  2.682382e+02
3 -3.347809e-01 -8.569814e-02  1.015883e+00  4.698100e-01  2.388388e-01  3.554528e+00 6 1 -1.000000e+00
-6.925227e-01 -3.741452e-01  1.556079e+00  0.000000e+00  0.000000e+00  1.654974e-01 -1.912042e-01 -1.311291e-01  2.013834e-02
 2.493186e-01  6.581059e-03 -3.716522e-01  5.522477e+01  5.000000e-01  7.411363e-01 -1.655398e+00 -1.317457e-01  5.150597e-01
 7.189858e-03  6.078541e-04  7.574086e-04  6.344918e+01  1.000000e+00  3.894423e+01 -1.058652e+01  2.720113e+00  3.845593e+01
3 -3.793468e-01 -4.563799e-01  1.990390e+00  1.098073e+00  1.566049e-01  4.062447e+00 6 1 -1.000000e+00
-1.093818e+00 -1.068044e+00  2.993903e+00  0.000000e+00  0.000000e+00  3.372892e-01  6.082451e-02 -3.185495e-01  5.399042e-03
 3.087536e-01  3.442052e-01 -4.688598e-01  1.839190e+02  5.000000e-01  8.327529e-01  2.826307e-01 -1.442541e+00  1.436156e-01
 2.001205e-03  1.796583e-03  3.009836e-05  2.268076e+02  1.000000e+00  1.890384e+02 -2.491591e+01 -3.890039e+01  1.865669e+02
5 -2.181786e+00 -1.667612e+00  4.226747e+00  2.195406e+00  1.000000e+00  7.266041e+00 6 3  2.743857e-01
-8.126570e-01 -3.792906e+00  3.712642e+00  0.000000e+00  0.000000e+00  4.448029e-01  1.965818e-01 -1.579275e-02  5.732731e-04
 1.906397e+00 -2.645039e+00 -9.843958e+00  6.363440e+01  5.000000e-01  5.895806e-01  5.004037e-02  5.172284e-01  1.987178e-03
 2.767453e+00 -1.546085e+00  9.234067e+00  5.804621e+01  0.000000e+00  4.412814e-01 -2.504908e-01  3.756677e-01  1.754798e-03
-1.536921e-02  2.280577e-02  9.723629e-04  7.475843e+02  1.000000e+00  3.997451e+01  8.577635e+00  2.042092e+01  3.556591e+01
-1.672863e-01  2.854212e-01 -1.332883e-01  7.384307e+02  5.000000e-01  3.179607e+00  1.886290e+00  2.948751e+00  8.478706e-01
2 -4.133531e-01 -5.196119e-01  2.261948e+00  8.082042e-01  1.671263e-01  1.088832e+01 6 1 -1.000000e+00
-1.556811e+00 -1.152481e+00  2.074498e+00  0.000000e+00  0.000000e+00  2.930237e-01  5.267391e-02 -1.224607e-01  3.062903e-04
 1.734492e-01  3.044359e-01 -3.467033e-01  3.871184e+02  5.000000e-01  9.482760e-01  9.439410e-01 -1.412785e+00  6.647293e-02
3  2.182725e-01  2.971600e-02  5.857570e-01  2.394363e-01  1.714374e-01  4.149336e+00 6 1 -1.000000e+00
 4.206078e-01  1.281946e-01  1.580947e+00  0.000000e+00  0.000000e+00  1.529232e-01 -2.749412e-01 -9.702570e-02  3.684481e-03
-1.505231e-01 -1.885325e-03 -2.710333e-01  5.614039e+01  5.000000e-01  3.378227e-01 -2.028907e+00 -1.076995e-01  1.067751e-01
-1.626450e-04  1.365232e-05  7.999144e-07  8.575874e+01  1.000000e+00  1.150431e+03 -1.169800e+02  2.395281e+02  1.149671e+03
2 -1.653311e-01 -4.146792e-01  1.364535e+00  6.978183e-01  1.183504e-01  9.072708e+00 6 1 -1.000000e+00
-3.659971e-01 -9.578227e-01  2.865814e+00  0.000000e+00  0.000000e+00  3.054772e-01  2.870204e-01 -2.259210e-01  5.603194e-03
 1.415042e-01  3.088262e-01 -3.391703e-01  1.880225e+02  5.000000e-01  6.773396e-01  1.188007e+00 -1.281062e+00  1.358420e-01
3  3.602726e-01  1.248528e-01  1.039706e+00  3.904051e-01  2.013660e-01  7.234833e+00 6 1 -1.000000e+00
 7.876560e-01  3.774412e-01  1.657002e+00  0.000000e+00  0.000000e+00  2.148481e-01 -1.015880e-01 -5.141635e-02  8.504217e-03
-1.643037e-01 -4.060304e-02 -3.336638e-01  1.498058e+02  5.000000e-01  9.877379e-01 -1.540389e+00 -7.901779e-01  5.716799e-01
-9.882616e-03 -2.774647e-03  1.819626e-03  1.574270e+02  1.000000e+00  2.527332e+01 -5.834099e+00 -2.365189e+00  2.448834e+01
3  2.839159e-02 -6.760753e-03  1.784452e-01  8.221319e-02  3.554956e-01  6.346515e+00 6 3 -1.000000e+00
 1.029546e-01 -4.201853e-02  3.815825e+00  0.000000e+00  0.000000e+00  2.845440e-01 -3.993554e-01  3.005430e-01  3.469467e-02
-6.678082e-02  1.305054e-02 -1.356509e+00  2.513612e+00  5.000000e-01  4.123288e-01 -9.830360e-01  3.408580e-01  1.220693e-01
-1.870027e-04  5.435452e-05  7.063192e-05  4.862025e+00  1.000000e+00  1.203682e+02 -3.786407e+00  8.748291e+00  1.195649e+02
3  8.157131e-01  1.431540e+00  6.217234e+00  2.594311e+00  1.878828e-01  3.101032e+00 6 1 -1.000000e+00
 3.283134e+00  4.565182e+00  2.398914e+00  0.000000e+00  0.000000e+00  3.497571e-01  3.643374e-02 -6.806727e-02  1.715950e-03
-2.811501e-01 -5.289198e-01 -4.507148e-01  7.037881e+02  5.000000e-01  1.733781e+00  1.043353e+00 -1.291722e+00  5.630290e-01
-4.011280e-02 -6.623016e-02  6.951924e-03  7.105986e+02  1.000000e+00  1.475826e+01  3.120493e+00 -5.975549e+00  1.276616e+01
3  8.326151e-01  3.310135e-01  1.445003e+00  7.204736e-01  4.894017e-01  5.905459e+00 6 3  2.935185e-01
 6.923076e-01  5.229176e-01  3.450569e+00  0.000000e+00  0.000000e+00  3.192077e-01 -1.042391e-01 -4.034910e-01  1.295567e-02
-6.754744e-01  5.686291e-02 -7.050586e+00  1.408006e+01  5.000000e-01  4.586401e-01 -6.407638e-01  1.559631e-01  2.806775e-02
-2.591564e-04 -1.795350e-04  1.583556e-05  4.679979e+01  1.000000e+00  2.525025e+02  3.727265e+00 -9.517004e+00  2.473876e+02
1 -4.918519e+00 -5.600396e+00  0.000000e+00  4.451360e+00  0.000000e+00  4.631284e+00 0 2 -1.000000e+00
-7.591181e+00 -9.977841e+00  3.576935e+00  0.000000e+00  0.000000e+00  3.816139e-01  7.760265e-02 -3.111435e-01  1.365638e-04
3 -1.962502e+00  2.255257e+00  2.548850e+00  1.505226e+00  8.103464e-02  4.504025e+00 6 2  2.837452e-01
-1.603358e+00 -1.635907e+00  3.380790e+00  0.000000e+00  0.000000e+00  3.653185e-01  1.299615e-01 -3.002363e-01  4.736659e-03
 1.648284e-01  1.998912e-01 -2.739611e-01  3.164509e+02  5.000000e-01  2.537920e+00  4.829517e-01 -2.404602e+00  1.042190e+00
 3.774116e-02  4.640930e-02  1.491238e-02  3.180037e+02  1.000000e+00  1.190426e+01  1.245805e+00 -7.091718e+00  9.470481e+00
3  7.843372e-02 -8.839110e-02  9.412758e-01  4.914579e-01  6.157708e-01  5.711983e+00 6 3 -1.000000e+00
 2.944967e-01 -5.168271e-01  3.013127e+00  0.000000e+00  0.000000e+00  3.252447e-01  2.050859e-01  2.852251e-01  2.977133e-02
-3.150442e-01  2.004316e-01 -1.855395e+00  2.583346e+01  5.000000e-01  5.689541e-01 -4.160534e-01  7.427441e-01  1.435870e-01
-6.181693e-04  5.879492e-04  4.763644e-05  5.127778e+01  1.000000e+00  1.543134e+02 -1.112974e+01  4.887538e+01  1.526087e+02
3 -1.096261e-01  3.082944e-02  3.720840e-01  2.013539e-01  1.473361e-01  7.011337e+00 6 1 -1.000000e+00
 1.057410e-01 -2.147622e-02 -3.358252e-01  2.605374e+01  5.000000e-01  5.470020e-01 -1.667849e+00  6.334246e-01  2.286944e-01
-2.356231e-01  1.265679e-01  2.279314e+00  0.000000e+00  0.000000e+00  2.452061e-01 -2.530589e-01  2.587401e-01  1.688780e-02
 2.747102e-04 -7.135538e-05  6.670117e-06  3.964186e+01  1.000000e+00  4.033914e+02 -9.834303e+01  4.821912e+01  4.025378e+02
3  2.441220e-01 -1.709989e-01  1.592144e+00  6.727209e-01  8.329161e-01  7.666820e+00 6 1 -1.000000e+00
 9.585336e-01 -5.045471e-01  1.890700e+00  0.000000e+00  0.000000e+00  2.296728e-01 -1.207897e-01  2.234035e-01  2.830528e-02
-3.310138e-01  4.292577e-01 -2.269976e+00  2.965867e+01  5.000000e-01  4.699658e-01  2.632142e-01  8.075814e-01  1.716116e-01
-5.147234e-03  3.677119e-03  9.571858e-04  4.157519e+01  1.000000e+00  3.332963e+01  1.071692e-01  6.813267e-01  3.248790e+01
3  4.873666e-02 -5.359316e-01  1.797866e+00  9.446128e-01  2.529146e-01  5.993401e+00 6 1 -1.000000e+00
 2.878718e-01 -1.341001e+00  2.194568e+00  0.000000e+00  0.000000e+00  2.835573e-01  2.399785e-01 -5.463246e-03  4.398243e-03
-6.294672e-02  4.223046e-01 -5.550382e-01  9.679780e+01  5.000000e-01  5.950331e-01  1.379068e+00  2.526791e-01  1.105631e-01
-5.479932e-04  1.843832e-03  2.353820e-05  1.242608e+02  1.000000e+00  2.114260e+02 -2.278038e+00  4.230598e+01  2.098980e+02
3  1.735217e-02  4.483644e-01  1.043906e+00  3.788973e-01  1.144232e-01  3.586420e+00 6 1 -1.000000e+00
 2.157765e-02  8.534251e-01  1.514633e+00  0.000000e+00  0.000000e+00  1.567402e-01  2.237636e-01 -2.812451e-02  3.281669e-02
-7.103738e-04 -1.902427e-01 -1.733091e-01  5.156605e+01  5.000000e-01  1.457621e+00  2.443234e+00 -1.002922e-01  1.202717e+00
 1.070921e-04 -1.393136e-02  1.447984e-03  5.440304e+01  1.000000e+00  3.092713e+01  1.429292e+01  8.543785e-01  3.042999e+01
3  1.802972e-02 -1.448397e-01  7.822914e-01  3.950167e-01  3.293094e-01  1.785760e+00 6 1 -1.000000e+00
-7.560936e-02 -4.959190e-01  2.595776e+00  0.000000e+00  0.000000e+00  2.077360e-01  4.793472e-01 -1.125493e-01  3.279947e-02
-8.959958e-02  2.862473e-01 -8.548136e-01  2.172387e+01  5.000000e-01  4.040830e-01  1.021048e+00  6.945670e-01  1.700166e-01
-1.628059e-04  7.073828e-04  3.131114e-05  4.222890e+01  1.000000e+00  1.831809e+02  2.216275e+01  2.758970e+01  1.824195e+02
3  1.456182e-01  3.214050e-01  1.218721e+00  5.268863e-01  1.977009e-01  6.478669e+00 6 1 -1.000000e+00
-1.923248e-01 -3.087373e-01 -3.693295e-01  5.931406e+01  5.000000e-01  6.507102e-01  6.793217e-01 -1.538874e+00  4.097309e-01
 1.447962e-01  8.624284e-01  1.868123e+00  0.000000e+00  0.000000e+00  1.971061e-01  2.875043e-01 -1.633498e-01  3.062549e-02
-1.389082e-03 -2.592884e-03  7.101864e-05  8.161228e+01  1.000000e+00  1.280044e+02  2.050079e+01 -4.036114e+01  1.273874e+02
3  3.926830e-03  1.012280e-01  7.476619e-01  3.572922e-01  4.999884e-01  3.858467e+00 6 3 -1.000000e+00
 6.312895e-02  4.724475e-01  2.877468e+00  0.000000e+00  0.000000e+00  3.379452e-01  3.011597e-01  9.570543e-03  2.003277e-02
-4.710716e-02 -2.670431e-01 -5.755069e+00  1.551757e+01  5.000000e-01  5.683289e-01  5.935871e-01 -8.805742e-02  9.234329e-02
-6.545601e-04 -2.248450e-03  7.425004e-04  2.312475e+01  1.000000e+00  3.963173e+01  4.673954e+00 -1.112493e+01  3.755429e+01
5  2.505701e-01 -9.182643e-03  2.862775e+00  9.480001e-01  1.000000e+00  7.537112e+00 6 3 -1.000000e+00
-2.583839e-01 -1.268326e+00  7.459734e+00  7.392684e+01  0.000000e+00  5.692253e-01  2.197009e-01  5.696761e-02  9.279439e-03
 3.327276e-01 -1.056413e+00 -6.115387e+00  7.630147e+01  5.000000e-01  6.526191e-01  2.669754e-01  4.614321e-01  1.473766e-02
-6.104759e-01  2.918753e-01 -1.112349e+00  1.312433e+02  5.000000e-01  7.323814e-01 -5.759044e-01  7.993448e-01  3.598028e-02
 1.289604e+00  1.139830e+00  3.182518e+00  0.000000e+00  0.000000e+00  4.164948e-01 -1.566233e-01 -4.160381e-02  2.670351e-03
-5.045002e-04  3.290221e-05  6.577240e-06  2.159023e+02  1.000000e+00  3.911403e+02 -5.826930e+00  1.166249e+01  3.883010e+02
3 -4.429384e-01  1.650820e-01  2.334814e+00  1.074129e+00  4.357507e-01  1.387390e+01 6 3 -1.000000e+00
 6.082190e-01 -1.709787e-01 -1.318444e+00  2.750539e+02  5.000000e-01  7.077757e-01 -7.839193e-01  4.788900e-01  4.964200e-02
-1.589496e+00  6.173142e-01  3.025684e+00  0.000000e+00  0.000000e+00  3.951272e-01 -1.136788e-01  1.498145e-01  2.768083e-03
 7.701723e-04 -2.392809e-04  4.236964e-06  3.982707e+02  1.000000e+00  4.905758e+02 -5.931412e+01  1.217763e+01  4.880585e+02
3 -1.073587e-02 -1.913323e-01  5.218916e-01  2.138150e-01  1.306900e-01  7.154431e+00 6 1 -1.000000e+00
-5.812428e-03 -4.667077e-01  2.032160e+00  0.000000e+00  0.000000e+00  2.891375e-01  1.107156e-01 -3.131280e-02  9.211122e-03
 1.223720e-03  5.513650e-02 -2.655830e-01  3.837998e+01  5.000000e-01  2.074427e+00  2.211005e+00 -1.765010e-01  1.371998e+00
 1.645515e-04  1.448075e-02  2.137229e-02  3.859433e+01  1.000000e+00  9.361889e+00  4.809496e+00 -1.914164e-02  8.382725e+00
3  8.624889e-02 -8.189620e-02  3.377931e-01  1.814419e-01  1.150835e-01  7.119568e+00 6 1 -1.000000e+00
 1.972689e-01 -1.736627e-01  2.612034e+00  0.000000e+00  0.000000e+00  3.081592e-01 -1.556330e-02  3.091247e-01  2.596537e-03
-5.636371e-02  4.943970e-02 -3.006020e-01  2.497627e+01  5.000000e-01  6.297399e-01 -9.370722e-02  1.858755e+00  9.542365e-02
-1.435895e-04  8.404462e-05  3.316286e-06  3.307380e+01  1.000000e+00  5.653504e+02 -1.301833e+02 -1.213284e+00  5.636495e+02
1 -5.175031e+00  5.821272e+00  0.000000e+00  3.569040e+00  0.000000e+00  3.790546e+00 0 2  2.929778e-01
 2.385990e+00 -7.250091e+00  4.051982e+00  0.000000e+00  0.000000e+00  4.194226e-01  2.578239e-01  1.542857e-01  1.738204e-03
3 -6.372183e-01 -2.760250e-01  2.114492e+00  8.964624e-01  3.423006e-01  5.685228e+00 6 1 -1.000000e+00
-1.556886e+00 -7.516074e-01  1.710894e+00  0.000000e+00  0.000000e+00  2.222243e-01 -8.432171e-02 -1.154777e-01  2.061203e-02
 3.660336e-01  1.278566e-01 -5.856401e-01  5.979765e+01  5.000000e-01  1.093473e+00 -1.031548e+00 -8.075763e-01  6.717083e-01
 4.441976e-02  1.691926e-02  1.288138e-02  6.174422e+01  1.000000e+00  1.042493e+01 -2.675766e+00 -2.009492e+00  9.681466e+00
3 -1.641251e+00  1.608903e+00  4.743164e+00  2.041579e+00  8.934209e-01  7.043370e+00 6 1  2.804542e-01
 3.412540e+00  1.956633e+00  1.913644e+00  0.000000e+00  0.000000e+00  2.635482e-01 -1.525880e-02 -1.398761e-01  8.708292e-04
-6.401643e-01 -5.077508e-01 -1.709690e+00  5.479465e+02  5.000000e-01  1.115629e+00 -1.301018e-01 -7.624598e-01  7.643409e-02
-1.660438e-02 -1.386740e-02  7.694912e-04  5.703080e+02  1.000000e+00  3.916850e+01 -7.221419e-01 -1.252011e+01  3.527785e+01
3 -1.900572e-01  4.359124e-01  1.433793e+00  5.358453e-01  2.224569e-01  2.665565e+00 6 1 -1.000000e+00
-4.360921e-01  1.066714e+00  1.840606e+00  0.000000e+00  0.000000e+00  2.465424e-01  8.156003e-02  1.332179e-01  1.732197e-02
 8.671020e-02 -2.683671e-01 -4.094556e-01  8.540277e+01  5.000000e-01  1.014491e+00  1.185730e+00  1.018097e+00  5.941681e-01
 4.373754e-03 -1.495143e-02  1.954340e-03  9.150675e+01  1.000000e+00  2.534238e+01  8.385060e+00  3.249674e+00  2.451693e+01
3  4.827527e-01 -6.875588e-01  2.303414e+00  9.346611e-01  1.164299e-01  3.787731e+00 6 1 -1.000000e+00
 1.082067e+00 -1.499030e+00  2.330249e+00  0.000000e+00  0.000000e+00  2.954141e-01  6.214062e-02  2.518754e-01  7.539945e-03
-2.348379e-01  3.908055e-01 -2.713108e-01  2.191509e+02  5.000000e-01  8.813955e-01  7.990022e-01  1.749706e+00  3.434766e-01
-3.585589e-03  6.615149e-03  1.391669e-04  2.494511e+02  1.000000e+00  8.833727e+01  1.692490e+01  1.247927e+01  8.704160e+01
3 -9.888620e-01 -2.565710e+00  1.572607e+00  6.359153e-01  1.230818e-01  3.904214e+00 6 1  2.961783e-01
 6.270479e-01 -1.151181e+00  2.039771e+00  0.000000e+00  0.000000e+00  2.494016e-01  1.490231e-01  2.256967e-01  4.064822e-03
-7.199424e-02  2.575180e-01 -2.510587e-01  1.101347e+02  5.000000e-01  1.182488e+00  1.583614e+00  1.228251e+00  3.859666e-01
-1.535493e-03  8.377199e-03  3.615859e-04  1.180074e+02  1.000000e+00  5.757470e+01  2.084607e+01 -7.371085e-01  5.525144e+01
3  7.177130e-01  2.676054e-01  1.636694e+00  8.783727e-01  2.255457e-02  6.226220e+00 6 2 -1.000000e+00
 1.433333e+00  2.249672e-01  3.800335e+00  0.000000e+00  0.000000e+00  3.888167e-01 -2.643186e-01 -2.013604e-01  1.002270e-02
-1.763758e-01 -7.101909e-02 -8.571491e-02  1.481071e+02  5.000000e-01  2.533212e+00 -2.793840e+00 -2.492344e+00  1.696120e+00
-2.085547e-02 -8.962634e-03  1.737918e-03  1.510890e+02  1.000000e+00  2.913109e+01 -9.792926e+00 -1.095699e+01  2.775541e+01
3  3.109815e-01 -6.666370e-02  1.268269e+00  5.822070e-01  3.119491e-01  5.191835e+00 6 1 -1.000000e+00
 8.007957e-01 -4.854165e-01  1.784748e+00  0.000000e+00  0.000000e+00  2.030460e-01 -1.624133e-01  2.201234e-01  8.175193e-03
-3.890337e-01 -4.631261e-02 -5.567504e-01  6.912660e+01  5.000000e-01  5.868512e-01 -1.360346e+00 -3.410102e-01  1.313311e-01
-1.319957e-03  7.934342e-05  3.094707e-05  1.007670e+02  1.000000e+00  1.828859e+02 -1.406127e+01 -2.390621e+01  1.812814e+02
3 -4.865537e-01  1.048332e+00  1.445657e+00  6.817529e-01  3.863418e-01  3.872580e+00 6 1  2.798985e-01
 1.293535e-01 -2.975839e-01 -8.371308e-01  1.144089e+02  5.000000e-01  6.965777e-01  7.073046e-01  8.867591e-01  1.170421e-01
-2.361911e-01  1.101094e+00  2.166814e+00  0.000000e+00  0.000000e+00  2.894102e-01  1.246014e-01  1.670487e-01  4.196800e-03
 1.721950e-03 -5.108320e-03  5.340034e-04  1.309905e+02  1.000000e+00  4.436896e+01 -9.635168e-02 -2.865318e+00  4.230607e+01
3 -5.856229e-01  4.660162e-01  2.323607e+00  1.213425e+00  5.535033e-02  6.210061e+00 6 2 -1.000000e+00
-1.486567e+00  1.400771e+00  4.472344e+00  0.000000e+00  0.000000e+00  4.507465e-01 -4.184605e-02  2.762823e-01  5.184662e-03
 2.246260e-01 -1.711600e-01 -2.475457e-01  3.593309e+02  5.000000e-01  1.953901e+00 -5.762829e-01  2.148833e+00  8.127645e-01
 2.298663e-02 -1.737786e-02  3.045599e-03  3.663451e+02  1.000000e+00  2.219786e+01 -3.188595e+00  1.052803e+01  2.020290e+01
3  1.478668e-02  1.184715e-01  5.027854e-01  2.494539e-01  3.701140e-01  7.242256e+00 6 1 -1.000000e+00
-3.582860e-02 -1.485417e-01 -8.532960e-01  1.957894e+01  5.000000e-01  6.299365e-01  9.698760e-01 -6.068063e-01  3.389742e-01
-4.539195e-02  3.541528e-01  2.305495e+00  0.000000e+00  0.000000e+00  2.648965e-01  3.262127e-01 -1.470165e-02  4.478854e-02
-4.073463e-04 -3.473639e-03  1.452758e-03  2.446422e+01  1.000000e+00  2.776977e+01  5.199534e+00 -1.113494e+00  2.713239e+01
1 -7.117752e-02 -2.939604e-02  0.000000e+00  2.782872e-02  0.000000e+00  8.373742e+00 0 2  2.726423e-01
 4.090341e-02  6.134104e-02  3.320651e+00  0.000000e+00  0.000000e+00  4.228667e-01  7.054450e-02 -1.641968e-01  2.793498e-03
1  6.889419e-01 -7.456431e-01  0.000000e+00  2.611771e-01  0.000000e+00  1.246351e+01 0 2  3.110678e-01
-8.050391e-01 -5.545303e-01  3.030814e+00  0.000000e+00  0.000000e+00  3.605536e-01 -2.806449e-01 -1.362853e-02  1.061510e-02
3  3.523981e-01  2.475660e-01  1.449737e+00  8.203470e-01  1.723901e-01  4.259440e+00 6 1 -1.000000e+00
 9.619348e-01  4.977229e-01  2.478468e+00  0.000000e+00  0.000000e+00  2.881103e-01 -1.198272e-01 -2.982505e-01  3.437274e-02
-3.127879e-01 -1.927974e-01 -4.272635e-01  5.023615e+01  5.000000e-01  9.179802e-01 -4.971710e-01 -1.449146e+00  4.749069e-01
-8.617504e-03 -4.415391e-03  6.118216e-04  5.851026e+01  1.000000e+00  4.545165e+01 -1.335952e+01 -1.276749e+01  4.432496e+01
3  2.449173e-01 -1.889199e-01  1.490022e+00  8.943202e-01  2.149122e-01  1.067448e+01 6 1 -1.000000e+00
 3.869682e-01 -1.136663e+00  1.767818e+00  0.000000e+00  0.000000e+00  2.407393e-01 -4.176718e-02  9.520018e-02  8.948327e-03
-4.141155e-01  1.196937e-01 -3.799255e-01  6.044342e+01  5.000000e-01  7.963026e-01 -1.429717e+00  7.934078e-01  3.872272e-01
-3.271744e-03  1.611061e-03  1.594301e-04  8.001044e+01  1.000000e+00  8.539513e+01 -2.534913e+01  1.440892e+01  8.432036e+01
3  1.328202e-01  7.626942e-02  1.347728e+00  6.679161e-01  8.283250e-01  1.523914e+00 6 3 -1.000000e+00
-5.117313e-01 -1.826965e-01 -3.584108e+00  4.862595e+01  5.000000e-01  4.871346e-01 -5.339342e-01 -5.069069e-01  6.925072e-02
 6.762985e-01  4.536652e-01  4.326934e+00  0.000000e+00  0.000000e+00  3.738694e-01 -1.320597e-01 -3.787997e-01  2.008752e-02
-1.050577e-03 -4.134565e-04  9.736893e-05  1.040961e+02  1.000000e+00  1.034058e+02 -1.060640e+01  1.020955e+01  1.021031e+02
3 -4.595236e-01 -2.635644e-01  1.496283e+00  7.747040e-01  1.423701e-01  2.500158e+00 6 1 -1.000000e+00
-1.085074e+00 -5.471933e-01  2.453994e+00  0.000000e+00  0.000000e+00  3.004060e-01 -1.626942e-01 -2.355065e-01  1.380289e-02
 2.526019e-01  1.232436e-01 -3.493754e-01  1.661915e+02  5.000000e-01  1.129294e+00 -8.495900e-01 -1.468729e+00  5.433920e-01
 1.616579e-02  6.061771e-03  2.117130e-03  1.761505e+02  1.000000e+00  2.441857e+01 -7.741543e+00 -4.020022e+00  2.322882e+01
1 -2.876258e-01  7.951035e-02  0.000000e+00  3.873279e-01  0.000000e+00  2.046090e+00 0 2 -1.000000e+00
-6.181234e-01  1.522646e-01  3.441026e+00  0.000000e+00  0.000000e+00  3.608982e-01 -3.031066e-01  1.611412e-01  5.595707e-02
3  1.559768e-01  2.053559e-01  7.843179e-01  3.550889e-01  2.863340e-01  3.760536e+00 6 1 -1.000000e+00
-1.182693e-01 -1.259492e-01 -4.901615e-01  3.959753e+01  5.000000e-01  6.586083e-01  1.353934e-02 -1.468506e+00  2.433031e-01
 2.914694e-01  5.428323e-01  1.711852e+00  0.000000e+00  0.000000e+00  2.119387e-01  5.192678e-02 -1.848826e-01  8.292518e-03
-1.882115e-03 -2.453370e-03  3.312179e-04  4.558582e+01  1.000000e+00  5.613749e+01  9.023825e-01 -4.490891e+00  5.501629e+01
3  1.710186e-02  5.739553e-02  5.713260e-01  3.466649e-01  4.003354e-01  1.165298e+01 6 3 -1.000000e+00
-1.071294e-01 -2.159715e-01 -2.760523e+00  6.921641e+00  5.000000e-01  5.067118e-01  5.543598e-01 -5.461398e-01  1.647636e-01
 6.549387e-02  3.286519e-01  6.895525e+00  0.000000e+00  0.000000e+00  3.480741e-01  5.070347e-01 -1.513331e-01  6.237734e-02
-6.148756e-04 -1.292372e-03  8.698422e-04  1.379863e+01  1.000000e+00  3.546697e+01 -1.006871e+00 -6.109363e+00  3.439780e+01
3 -9.662944e-02 -1.307611e-01  6.477764e-01  2.843524e-01  7.337971e-01  2.507057e+00 6 1 -1.000000e+00
-3.022611e-01 -3.349734e-01  1.739130e+00  0.000000e+00  0.000000e+00  1.709330e-01  5.158250e-02 -3.311966e-01  3.750236e-02
 8.003021e-02  1.879678e-01 -1.276168e+00  4.710378e+01  5.000000e-01  4.741793e-01  6.556233e-01 -7.938773e-01  2.991211e-01
 2.303773e-03  4.227274e-03  2.017574e-03  5.903606e+01  1.000000e+00  2.348947e+01  3.173186e+00  2.500688e-01  2.311046e+01
3  1.045251e+00 -4.223165e-01  1.031869e+00  5.387939e-01  2.235326e-01  5.130984e+00 6 1  2.754120e-01
-2.811783e-01  2.259909e-02 -6.296428e-01  7.345139e+01  5.000000e-01  8.925282e-01 -1.205353e+00  3.832449e-01  1.024705e-01
 6.441613e-01  4.792176e-01  2.816783e+00  0.000000e+00  0.000000e+00  3.615763e-01 -1.262556e-01 -1.913879e-01  9.944438e-03
-1.330083e-03 -3.303898e-04  4.755940e-05  9.651699e+01  1.000000e+00  1.530529e+02 -3.202563e+01 -3.268186e+01  1.503138e+02
3  1.799595e-01  3.378614e-01  1.617290e-01  1.423468e-01  3.105648e-01  3.833079e+00 6 1  2.771786e-01
 7.280083e-02  9.505723e-02 -4.618981e-01  2.887335e+01  5.000000e-01  7.829385e-01  5.759984e-01 -1.371248e+00  5.054391e-02
-1.906554e-02 -3.804739e-02 -1.434493e-01  3.439547e+01  5.000000e-01  1.639180e+00  1.455278e+00 -2.293866e+00  7.260508e-01
-5.206489e-04 -1.282259e-03  4.433974e-04  3.519976e+01  1.000000e+00  5.342778e+01  1.618551e+01 -1.521145e+01  5.159294e+01
3  9.873964e-02 -9.612134e-02  3.299748e-01  1.261648e-01  1.161406e-01  4.133872e+00 6 1 -1.000000e+00
 1.909345e-01 -1.772827e-01  1.628451e+00  0.000000e+00  0.000000e+00  1.799684e-01 -2.507307e-02  2.402973e-01  1.306788e-02
-5.578972e-04  6.650637e-04  5.433191e-05  2.825860e+01  1.000000e+00  1.431031e+02  1.670422e+01  3.884415e+01  1.425222e+02
-4.655253e-02  5.180950e-02 -1.891292e-01  2.384480e+01  5.000000e-01  7.438751e-01  1.266884e-01  2.310182e+00  4.812638e-01
3  9.865636e-02 -7.263441e-02  4.461257e-01  1.759441e-01  2.675282e-01  7.349790e+00 6 1 -1.000000e+00
 3.312997e-01 -1.071640e-01  1.888958e+00  0.000000e+00  0.000000e+00  2.571833e-01 -1.030841e-02  1.492578e-01  4.851233e-03
-7.294147e-02  8.156120e-02 -5.053495e-01  3.269773e+01  5.000000e-01  5.340420e-01  3.050185e-01  1.450141e+00  1.230167e-01
-3.356136e-04  2.571058e-04  2.355581e-05  4.349730e+01  1.000000e+00  2.070889e+02  3.083586e+00  3.282492e+00  2.059106e+02
3 -2.604481e+00 -3.584604e+00  2.352804e+00  1.036552e+00  1.038056e-01  2.268958e+00 6 1  2.985250e-01
-1.565091e+00 -1.394658e+00  1.797780e+00  0.000000e+00  0.000000e+00  2.253450e-01 -4.498588e-03 -2.093529e-01  1.870037e-03
 1.030379e-02  1.346826e-02  8.738078e-04  2.724284e+02  1.000000e+00  3.720695e+01  4.453005e+00 -1.211189e+01  3.369204e+01
 1.490923e-01  2.169448e-01 -1.866197e-01  2.665165e+02  5.000000e-01  1.842057e+00  9.711308e-01 -2.263726e+00  5.125420e-01
3 -1.712917e+00 -1.548627e+00  3.473093e+00  1.706584e+00  9.380940e-01  6.567543e+00 6 3  2.755877e-01
 1.690065e+00 -1.929341e+00  3.092890e+00  0.000000e+00  0.000000e+00  3.814013e-01 -1.682487e-02  2.430205e-01  1.719212e-03
-5.505047e-01  7.243781e-01 -2.901421e+00  2.891024e+02  5.000000e-01  8.328964e-01  1.869359e-01  5.810656e-01  3.136386e-02
-3.888376e-03  3.312150e-03  1.085574e-04  3.438427e+02  1.000000e+00  9.879534e+01 -1.262496e+01  1.388606e+01  9.540490e+01
3 -2.108243e-01 -1.403372e-01  1.031758e+00  5.517341e-01  8.989420e-02  7.257871e+00 6 2 -1.000000e+00
-7.143195e-01 -1.775768e-01  4.600913e+00  0.000000e+00  0.000000e+00  3.579967e-01 -3.886042e-01 -2.093008e-01  7.553185e-02
 2.528721e-01  1.816799e-01 -4.135954e-01  3.952772e+01  5.000000e-01  1.175438e+00 -4.450053e-01 -1.500190e+00  7.373740e-01
 9.259220e-03  6.177033e-03  1.714157e-03  4.703386e+01  1.000000e+00  2.924586e+01 -5.573482e+00 -1.354208e+01  2.833115e+01
1 -4.822308e+00  1.140430e+00  0.000000e+00  1.602084e+00  0.000000e+00  9.778499e+00 0 2  2.788956e-01
 4.088188e+00 -2.559613e+00  3.226363e+00  0.000000e+00  0.000000e+00  3.256100e-01 -2.499782e-01  2.869951e-01  1.545394e-04
3  2.329290e+00 -4.530147e-01  3.531588e+00  1.296930e+00  1.555458e-03  1.074809e+01 6 2 -1.000000e+00
 3.355541e+00 -4.804533e-01  3.265565e+00  0.000000e+00  0.000000e+00  3.601916e-01 -2.983280e-01  1.188670e-01  5.908170e-04
-1.391735e-01  2.855623e-02 -5.079449e-03  1.066359e+03  5.000000e-01  4.968374e+00 -1.346706e+01  5.590876e+00  3.928630e+00
-5.041347e-03  1.078846e-03  7.830682e-06  1.086874e+03  1.000000e+00  3.872535e+02 -1.320727e+02  6.360633e+01  3.854892e+02
3 -4.041073e-01  1.171358e+00  2.012636e+00  7.955972e-01  6.023423e-03  1.044300e+01 6 2 -1.000000e+00
-3.948577e-01  1.806894e+00  3.268036e+00  0.000000e+00  0.000000e+00  3.290911e-01  3.140339e-01  2.133242e-01  1.680464e-03
 5.919209e-02 -1.538562e-01 -1.968476e-02  4.009914e+02  5.000000e-01  2.471528e+00  5.563000e+00  4.692456e+00  1.544157e+00
 1.167282e-03 -2.777207e-03  7.985417e-06  4.220926e+02  1.000000e+00  3.817830e+02  8.739644e+01  1.101330e+02  3.798218e+02
3 -1.806950e-02  3.054018e-01  8.335554e-01  3.285027e-01  1.063585e-01  6.464259e+00 6 1 -1.000000e+00
-2.770306e-01  6.326982e-01  1.727050e+00  0.000000e+00  0.000000e+00  2.217578e-01  1.572870e-01 -4.358546e-02  4.453930e-03
-4.544887e-03 -1.550620e-01 -1.836864e-01  5.546823e+01  5.000000e-01  7.425602e-01  2.316541e+00 -3.794432e-01  2.709559e-01
 7.468438e-05 -8.107789e-04  1.010981e-05  6.741233e+01  1.000000e+00  3.222141e+02  6.225854e+01  1.971045e+01  3.207826e+02
3 -2.224918e-02 -1.558720e-02  8.051305e-02  3.657784e-02  1.083623e-01  1.257053e+01 6 3 -1.000000e+00
-6.197146e-02 -1.965770e-02  3.214317e+00  0.000000e+00  0.000000e+00  3.543894e-01 -1.950173e-01 -2.601408e-01  2.102640e-02
 1.237822e-02  1.123690e-02 -3.483107e-01  7.957042e-01  5.000000e-01  1.184220e+00 -2.209017e-01 -1.690012e+00  6.748149e-01
 8.926976e-04  7.873006e-04  3.775763e-03  8.470872e-01  1.000000e+00  1.845693e+01  3.858715e-01 -6.304637e+00  1.761999e+01
3  8.951052e-02  1.556017e-01  4.869534e-01  2.224556e-01  1.676127e-01  1.010149e+01 6 1 -1.000000e+00
 3.098245e-01  3.006133e-01  1.602306e+00  0.000000e+00  0.000000e+00  2.001321e-01  1.245487e-01  1.325090e-02  5.182231e-03
-2.912924e-02 -4.900638e-02 -2.685668e-01  4.364859e+01  5.000000e-01  1.146078e+00  1.293632e+00 -1.439209e+00  6.856936e-01
-4.042900e-03 -4.847422e-03  4.344085e-03  4.458522e+01  1.000000e+00  1.691055e+01 -6.349186e-01 -4.748104e+00  1.615906e+01
3  3.511723e-01  2.736986e-01  1.583924e+00  6.864522e-01  1.842127e-01  6.634621e+00 6 1 -1.000000e+00
 9.421323e-01  6.809729e-01  2.518849e+00  0.000000e+00  0.000000e+00  2.753176e-01 -1.369540e-01 -3.307589e-01  3.418933e-02
-3.137912e-01 -2.841546e-01 -4.640041e-01  3.889479e+01  5.000000e-01  9.960966e-01 -1.957801e-01 -1.454936e+00  4.761917e-01
-7.579328e-03 -6.923383e-03  5.386683e-04  4.568796e+01  1.000000e+00  4.985777e+01 -1.803048e-01 -2.303518e+01  4.806233e+01
3  2.581469e-01  4.122423e-01  1.259397e+00  4.950905e-01  2.184144e-01  2.572266e+00 6 1 -1.000000e+00
 4.461632e-01  8.712159e-01  1.598434e+00  0.000000e+00  0.000000e+00  1.598753e-01  9.880208e-02 -2.653969e-01  1.243308e-02
-1.278456e-01 -2.497633e-01 -3.491211e-01  5.198206e+01  5.000000e-01  6.243250e-01  7.902707e-01 -1.543029e+00  3.312398e-01
-2.186975e-03 -5.902978e-03  3.537031e-04  5.953254e+01  1.000000e+00  5.573802e+01  1.299541e+01  3.735012e-01  5.495714e+01
3  9.702355e-01 -4.189450e-01  1.208843e+00  5.882277e-01  1.124484e-01  6.858953e+00 6 1  2.956162e-01
 1.036619e+00 -1.414733e-01  2.215425e+00  0.000000e+00  0.000000e+00  2.686928e-01 -2.235401e-01  1.829189e-01  1.445422e-03
-1.533927e-01  7.106610e-02 -2.491210e-01  5.279438e+01  5.000000e-01  1.461750e+00 -1.200076e+00  1.669474e+00  2.140243e-01
-2.723035e-03  9.161705e-04  7.384221e-05  5.583007e+01  1.000000e+00  1.220200e+02 -2.894133e+01  1.630477e+01  1.168593e+02
3 -1.204027e-01  2.088758e-01  1.564769e+00  6.959144e-01  1.727096e-01  5.364191e+00 6 3 -1.000000e+00
 3.250481e-01 -4.846418e-01 -9.640269e-01  6.833515e+01  5.000000e-01  6.832091e-01  3.720646e-01  9.996198e-01  1.075607e-01
-1.551816e-01  1.004614e+00  5.581780e+00  0.000000e+00  0.000000e+00  3.993489e-01  3.988437e-01  1.501705e-01  1.421760e-02
 2.965430e-04 -4.837820e-04  4.144128e-06  1.381235e+02  1.000000e+00  5.333629e+02  8.530205e+01  1.866239e+02  5.303700e+02
5  8.576165e-02 -1.829973e-02  1.129203e+00  7.608668e-01  1.000000e+00  7.739633e+00 6 3 -1.000000e+00
-5.052852e-01  4.743681e-02 -1.306003e+00  6.194179e+00  5.000000e-01  5.201307e-01 -9.730149e-01  2.218367e-01  2.981698e-01
 3.709320e-01 -5.053972e-01  4.691928e+00  0.000000e+00  0.000000e+00  2.577218e-01  2.061925e-01  5.434423e-01  6.404666e-02
 6.227516e-01  9.874523e-02 -8.550999e+00  7.019163e-01  5.000000e-01  3.719882e-01 -6.759566e-01 -2.332958e-01  1.739675e-01
 5.092403e-01  3.611720e-01  8.423425e+00  6.304426e-01  0.000000e+00  2.877864e-01 -1.597132e-01 -6.025142e-01  1.015548e-01
-1.289267e-03  1.553896e-04  1.728238e-04  1.724054e+01  1.000000e+00  8.269338e+01 -2.968973e+01  2.467847e+00  8.195475e+01
3  1.803204e+00  6.871234e-01  1.872262e+00  8.610176e-01  3.203035e-01  3.041286e+00 6 1  3.031947e-01
 8.729766e-01 -1.203206e+00  1.714269e+00  0.000000e+00  0.000000e+00  2.101882e-01  7.439438e-02  1.868931e-01  7.825386e-03
-2.219775e-01  3.154914e-01 -5.490863e-01  7.395946e+01  5.000000e-01  8.177048e-01  5.000421e-01  1.266648e+00  2.759495e-01
-6.192522e-03  8.249767e-03  5.816646e-04  8.157754e+01  1.000000e+00  4.345357e+01  1.393132e+00  9.008949e+00  4.170034e+01
3  7.960112e-02 -2.145587e-02  4.036406e-01  1.763889e-01  3.845794e-01  5.601000e+00 6 1 -1.000000e+00
 2.698041e-01 -2.634424e-02  2.788697e+00  0.000000e+00  0.000000e+00  2.524401e-01 -4.466496e-01  2.755954e-02  7.272359e-02
-1.204316e-01  7.681524e-02 -1.072476e+00  4.132090e+00  5.000000e-01  7.272551e-01 -5.577327e-01  8.341141e-01  4.841898e-01
-4.256798e-03  2.360918e-03  5.245268e-03  5.173095e+00  1.000000e+00  1.572571e+01 -2.924524e-01  5.110097e+00  1.522892e+01
1 -2.167658e+00  5.987044e-01  0.000000e+00  6.108972e-01  0.000000e+00  3.929334e+00 0 2  2.943600e-01
-7.041745e-01  7.973877e-01  5.693011e+00  0.000000e+00  0.000000e+00  4.223734e-01 -1.140791e-01  3.807683e-01  7.632292e-03
2 -2.751124e-01 -2.230177e-01  1.510280e+00  7.755269e-01  2.707421e-01  5.194447e+00 6 1 -1.000000e+00
-6.313453e-01 -8.559139e-01  2.613755e+00  0.000000e+00  0.000000e+00  3.062062e-01  2.579941e-02 -3.131978e-01  5.901471e-03
 4.120973e-01  2.359524e-01 -7.076534e-01  8.638861e+01  5.000000e-01  4.866968e-01 -6.741259e-01 -1.105512e+00  6.945103e-02
3 -3.069836e-02 -1.702463e-01  5.106149e-01  2.019775e-01  2.214527e-01  7.507731e+00 6 1 -1.000000e+00
-3.457111e-02 -4.261873e-01  1.748917e+00  0.000000e+00  0.000000e+00  2.368126e-01  9.291422e-02 -4.516093e-02  2.102628e-02
 1.934801e-02  8.157286e-02 -3.873023e-01  1.343099e+01  5.000000e-01  1.367146e+00  1.445019e+00 -7.928932e-01  9.341360e-01
 2.294823e-03  1.106641e-02  9.814386e-03  1.378071e+01  1.000000e+00  1.237446e+01  4.734029e+00 -2.253008e+00  1.166628e+01
3  1.513950e-02  1.739372e-01  7.321086e-01  3.338013e-01  1.575654e-01  2.506428e+00 6 3 -1.000000e+00
-1.571181e-03 -2.297551e-01 -6.678332e-01  3.045852e+01  5.000000e-01  7.183512e-01  1.242326e+00 -1.825705e-01  3.228612e-01
 2.403148e-03  5.023427e-01  4.238451e+00  0.000000e+00  0.000000e+00  3.293720e-01  4.564079e-01 -7.415143e-02  4.664355e-02
 2.898394e-04 -3.932233e-03  6.752886e-04  3.962927e+01  1.000000e+00  4.166356e+01  1.163772e+01  6.102462e+00  4.066257e+01
3 -1.558938e-01  7.326166e-02  6.264948e-01  2.509623e-01  7.224317e-01  4.986494e+00 6 1 -1.000000e+00
 1.600601e-01 -4.557721e-02 -1.360253e+00  1.938905e+01  5.000000e-01  6.280314e-01 -7.854008e-01  5.066199e-01  3.388273e-01
-3.972946e-01  2.405198e-01  1.882880e+00  0.000000e+00  0.000000e+00  2.186574e-01 -1.653320e-01  2.281676e-01  2.975951e-02
 8.916827e-03 -3.507134e-03  9.737177e-03  2.150535e+01  1.000000e+00  1.116663e+01 -8.081181e-01 -8.998954e-02  1.059650e+01
3 -4.816189e-02  3.798999e-01  1.096262e+00  4.035596e-01  1.823591e-01  8.464910e+00 6 1 -1.000000e+00
-2.617593e-02  8.964320e-01  1.595172e+00  0.000000e+00  0.000000e+00  2.032229e-01  8.750916e-02  1.743771e-02  7.812125e-03
 8.000076e-02 -1.946762e-01 -2.908941e-01  1.357102e+02  5.000000e-01  1.047202e+00  1.473576e+00  1.126268e+00  6.829323e-01
 3.350133e-03 -7.447261e-03  6.044738e-04  1.474383e+02  1.000000e+00  4.784003e+01  9.578144e+00  2.116402e+01  4.708679e+01
3 -3.570707e-01 -2.309903e-01  9.413315e-01  3.734186e-01  8.933642e-01  1.000306e+01 6 1 -1.000000e+00
-6.939114e-01 -5.048596e-01  1.385183e+00  0.000000e+00  0.000000e+00  1.392124e-01 -4.271620e-02 -1.311658e-01  1.377255e-02
 8.033203e-02  3.053934e-02 -1.550525e+00  2.337580e+01  5.000000e-01  2.214936e+00 -1.087306e+00 -9.689051e-01  1.902019e+00
 6.647008e-02  2.544971e-02  1.108387e+00  2.337635e+01  1.000000e+00  2.765484e+00 -1.161434e+00 -9.304803e-01  2.437354e+00
3 -5.765120e+00  3.939835e+00  2.344515e+00  1.179159e+00  3.437383e-01  1.442381e+00 6 1  2.963875e-01
-1.805470e+00 -6.970481e-01  2.384531e+00  0.000000e+00  0.000000e+00  3.207070e-01 -1.948147e-01 -6.415988e-02  4.483589e-03
 4.238944e-01  2.868316e-02 -8.196545e-01  1.926796e+02  5.000000e-01  1.237077e+00 -1.101917e+00 -2.490200e-01  4.108228e-01
 3.789033e-02  2.705723e-04  5.994070e-03  1.991231e+02  1.000000e+00  1.675770e+01 -8.973852e+00  9.713917e-01  1.482954e+01
4 -2.147877e-01 -2.115083e+00  3.099082e+00  1.333117e+00  1.000000e+00  6.921959e+00 6 3  2.849951e-01
 1.085832e+00 -5.661416e-01 -4.845230e+00  4.585033e+01  5.000000e-01  5.424646e-01 -4.111697e-01  4.966555e-01  6.384391e-03
 2.959527e-01  1.615947e+00  4.137429e+00  0.000000e+00  0.000000e+00  4.174753e-01  3.000261e-01 -8.731187e-02  3.750837e-03
-2.470087e-01 -1.435200e+00  7.208023e+00  3.360723e+01  0.000000e+00  4.803946e-01  3.492951e-01 -9.616865e-02  5.334093e-03
-1.222807e+00 -2.095066e-01 -4.809603e+00  4.634852e+01  5.000000e-01  5.651272e-01 -6.192668e-01 -1.163629e-01  5.167758e-03
3 -1.683619e-01  2.775590e-01  1.322432e+00  5.455423e-01  8.341500e-01  5.331809e+00 6 1 -1.000000e+00
 8.930477e-02 -3.312702e-01 -1.248590e+00  6.602529e+01  5.000000e-01  4.857446e-01  9.523043e-01  3.980937e-01  1.741896e-01
-6.073014e-01  7.928140e-01  1.496841e+00  0.000000e+00  0.000000e+00  1.822005e-01  1.779899e-02  2.014027e-02  9.594311e-03
 1.987359e-03 -3.329491e-03  3.063736e-04  8.209893e+01  1.000000e+00  5.819975e+01  1.695355e+00  2.224623e+00  5.738416e+01
5  1.269687e-02  9.002056e-03  7.941752e-01  3.634004e-01  1.000000e+00  3.294810e+00 6 3 -1.000000e+00
-2.351674e-01 -2.776722e-01 -6.034997e+00  3.750846e+00  5.000000e-01  4.949645e-01  5.262517e-02 -6.465227e-01  1.812727e-01
 3.850259e-01 -1.569574e-01  8.381118e+00  0.000000e+00  0.000000e+00  4.135375e-01 -3.835827e-01  2.783643e-01  1.210549e-01
-2.217521e-01  3.554239e-01  1.079614e+01  7.654750e-01  0.000000e+00  4.399842e-01  1.996548e-01  4.255936e-01  1.608777e-01
 1.740585e-01  3.543200e-01 -1.362136e+01  1.306797e+00  5.000000e-01  4.679757e-01  3.058484e-01 -5.127579e-01  1.718285e-01
-3.661499e-04 -3.155291e-04  1.293583e-03  1.777162e+01  1.000000e+00  2.896730e+01  2.181502e+00 -2.089083e+00  2.766982e+01
3 -9.883881e-02 -8.196234e-02  6.127383e-01  2.835891e-01  3.636165e-01  3.298319e+00 6 1 -1.000000e+00
-3.551283e-01 -2.087554e-01  2.774526e+00  0.000000e+00  0.000000e+00  2.873544e-01 -1.509030e-01 -3.530865e-01  1.610718e-02
 1.426715e-01  1.485170e-01 -1.008863e+00  1.855384e+01  5.000000e-01  5.108169e-01  5.975508e-02 -1.107675e+00  1.138089e-01
 4.908761e-04  4.492606e-04  4.207912e-05  2.970445e+01  1.000000e+00  1.560634e+02  5.286303e+00 -1.587346e+01  1.545752e+02
3 -2.059012e-01 -1.865003e-01  1.350950e+00  7.161265e-01  1.229161e-01  1.063775e+01 6 3 -1.000000e+00
-9.678323e-01 -2.908238e-02  4.610489e+00  0.000000e+00  0.000000e+00  3.747437e-01 -3.631408e-01 -2.053716e-01  9.500606e-03
 3.333574e-01  3.341961e-01 -5.667035e-01  7.327600e+01  5.000000e-01  6.784830e-01  1.029854e-02 -1.366696e+00  1.512931e-01
 6.534220e-04  6.532898e-04  1.013255e-05  1.267001e+02  1.000000e+00  3.335102e+02  1.076030e+01 -1.084222e+02  3.311848e+02
1  9.879904e+00 -1.813260e+00  0.000000e+00  2.687622e+00  0.000000e+00  1.076945e+01 0 2  2.705999e-01
 6.960436e+00  1.833119e+00  4.107851e+00  0.000000e+00  0.000000e+00  4.415293e-01 -2.601070e-01 -2.824228e-02  1.079039e-04
2  2.729057e-01  1.183059e-01  1.436758e+00  5.506245e-01  9.533551e-01  6.892883e+00 6 1 -1.000000e+00
-3.775619e-01 -1.688720e-01 -2.166986e+00  1.167408e+02  5.000000e-01  5.222294e-01 -5.852790e-01 -5.892229e-01  4.673015e-02
 9.171825e-01  4.539532e-01  2.065907e+00  0.000000e+00  0.000000e+00  2.858083e-01 -1.310984e-01 -9.399017e-02  3.471693e-03
3 -4.828178e-01  1.321751e-01  1.594715e+00  8.461507e-01  7.104928e-02  5.289235e+00 6 2 -1.000000e+00
-1.316746e+00 -1.631405e-02  3.855951e+00  0.000000e+00  0.000000e+00  4.138687e-01 -2.826187e-01  6.585790e-02  2.734351e-03
 2.766887e-01 -8.020742e-02 -2.739626e-01  2.858707e+02  5.000000e-01  1.144289e+00 -1.527630e+00  1.156417e+00  1.605686e-01
 1.614474e-03 -2.373606e-04  1.580381e-05  3.328652e+02  1.000000e+00  2.598013e+02 -6.051553e+01 -6.334751e+00  2.567360e+02
3  1.638526e-01  3.370748e-01  1.022578e+00  4.499108e-01  2.375181e-02  3.421194e+00 6 2  2.694738e-01
 8.809221e-01 -1.657198e-01  3.229440e+00  0.000000e+00  0.000000e+00  3.601862e-01 -3.124248e-01  4.583907e-02  2.035287e-03
-1.278589e-01  1.691948e-03 -7.670504e-02  2.899696e+02  5.000000e-01  1.283008e+00 -3.619191e+00  1.360360e-01  4.798926e-01
-1.599095e-03  6.006684e-06  2.003991e-05  3.162583e+02  1.000000e+00  2.279025e+02 -3.924906e+01 -6.618699e+00  2.260674e+02
1 -1.319378e+00 -5.981622e-01  0.000000e+00  1.678462e+00  0.000000e+00  5.335087e+00 0 2 -1.000000e+00
-2.542455e+00 -7.659339e-01  3.896540e+00  0.000000e+00  0.000000e+00  3.628414e-01 -2.926140e-01 -2.524087e-01  2.991887e-02
3 -1.309640e+00 -1.274688e-01  1.252117e+00  5.386520e-01  1.594176e-01  4.172302e+00 6 1  3.094214e-01
-2.462453e-01  1.123315e+00  2.831412e+00  0.000000e+00  0.000000e+00  3.592330e-01  1.125518e-01 -2.115038e-01  1.255304e-03
-6.297801e-02 -1.153166e-01 -4.513768e-01  3.745979e+01  5.000000e-01  1.453789e+00  6.476229e-01 -1.414904e+00  3.084822e-01
-4.563765e-03 -1.148665e-02  5.325951e-03  3.804422e+01  1.000000e+00  1.539001e+01  3.012169e+00 -3.199887e+00  1.284800e+01
1 -1.172122e-02  1.486251e-01  0.000000e+00  1.074105e-01  0.000000e+00  6.780465e+00 0 2 -1.000000e+00
 2.679073e-02  2.252745e-01  3.941364e+00  0.000000e+00  0.000000e+00  3.211286e-01  4.532760e-01 -4.108542e-02  7.689925e-02
3  1.888449e-01 -6.061786e-01  1.605263e+00  6.253824e-01  1.105637e-01  3.349130e+00 6 1 -1.000000e+00
 4.820030e-01 -1.257224e+00  1.677280e+00  0.000000e+00  0.000000e+00  2.196456e-01  9.779642e-02  5.644146e-02  7.308698e-03
-2.255996e-03  6.212490e-03  1.787626e-04  1.662059e+02  1.000000e+00  7.946925e+01  1.664180e+01  1.692519e+01  7.841838e+01
-7.766091e-02  2.473170e-01 -1.854464e-01  1.525629e+02  5.000000e-01  1.036175e+00  1.972278e+00  1.226304e+00  5.730983e-01
3 -1.376165e-01  6.082633e-02  5.179521e-01  2.202559e-01  2.523358e-01  7.163047e+00 6 1 -1.000000e+00
 7.713680e-02 -4.591310e-02 -5.138541e-01  2.289856e+01  5.000000e-01  1.243842e+00 -5.172665e-01  1.318322e+00  5.977368e-01
-4.249919e-01  8.113480e-02  2.036390e+00  0.000000e+00  0.000000e+00  2.881140e-01 -9.291662e-02  8.416156e-02  1.341261e-02
 7.969248e-03 -3.678267e-03  7.422761e-03  2.371829e+01  1.000000e+00  1.374971e+01 -3.229610e+00  4.171791e+00  1.256139e+01
3 -2.440260e-01  2.878328e-01  2.253242e+00  7.265489e-01  6.651894e-01  1.126055e+01 6 3 -1.000000e+00
 2.585455e-01 -4.818810e-01 -3.440221e+00  3.660543e+02  5.000000e-01  7.994379e-01  3.762743e-01  4.351113e-01  3.952348e-02
-1.188092e+00  1.245643e+00  2.288398e+00  0.000000e+00  0.000000e+00  3.387118e-01  6.322376e-03  1.658907e-02  8.358987e-04
 4.978881e-04 -1.075090e-03  1.042738e-05  4.548846e+02  1.000000e+00  3.383989e+02  1.221160e+02  5.499393e+01  3.348678e+02
1  6.787072e-03 -4.809971e-02  0.000000e+00  7.124634e-02  0.000000e+00  2.530597e+00 0 2 -1.000000e+00
 1.754618e-02 -1.438897e-01  4.530834e+00  0.000000e+00  0.000000e+00  4.801164e-01  2.170053e-01  4.977636e-02  2.830345e-01
3  6.015711e-01  3.889598e-02  1.311666e+00  5.142618e-01  1.011861e-01  1.360359e+01 6 1 -1.000000e+00
 1.151615e+00 -1.019120e-03  1.460901e+00  0.000000e+00  0.000000e+00  1.598178e-01 -1.458962e-01 -1.055019e-02  1.187848e-02
-1.595094e-01 -3.869836e-02 -1.478229e-01  5.890604e+01  5.000000e-01  2.057830e+00 -2.607474e+00 -1.041602e+00  1.653611e+00
-2.750728e-02 -7.278586e-03  5.495042e-03  5.971400e+01  1.000000e+00  1.721170e+01 -7.187604e+00 -5.401421e+00  1.655959e+01
3  4.409237e-01  3.524833e-02  5.390508e-01  3.715761e-01  1.800991e-01  8.345868e+00 6 3  2.891279e-01
 2.234622e-02 -1.733875e-01 -8.325219e-01  6.693233e+00  5.000000e-01  6.767510e-01  1.105433e+00  2.892690e-01  9.655888e-02
-3.381666e-01  2.273696e-01  4.622576e+00  0.000000e+00  0.000000e+00  3.669584e-01  1.358702e-01  4.073712e-01  1.851322e-02
 3.187432e-04 -1.725252e-03  6.297448e-04  9.090899e+00  1.000000e+00  4.094526e+01 -2.456485e+00 -1.282494e+00  3.864860e+01
3  1.438039e-01  9.077197e-02  1.201279e+00  4.217836e-01  3.872919e-01  6.657904e+00 6 1  2.775811e-01
 2.310813e-01 -1.350944e-02 -7.348327e-01  6.742780e+01  5.000000e-01  8.418553e-01 -1.175572e+00 -6.240354e-02  1.302287e-01
-8.672745e-01  4.729951e-01  1.897361e+00  0.000000e+00  0.000000e+00  2.530730e-01 -1.732648e-01 -2.883772e-02  2.822161e-03
 3.935400e-03 -8.858017e-04  3.805057e-04  7.451008e+01  1.000000e+00  5.260256e+01 -4.054201e+00  4.278552e+00  5.004152e+01
3 -7.142869e-01 -9.899046e-01  2.793670e+00  1.486308e+00  9.310284e-03  6.631686e+00 6 2 -1.000000e+00
-1.721963e+00 -1.804898e+00  8.450524e+00  0.000000e+00  0.000000e+00  5.015008e-01  9.098735e-02 -3.491231e-01  2.827376e-03
 8.247633e-03  8.895663e-03  2.073138e-04  5.962735e+02  1.000000e+00  7.396349e+01 -3.921318e+00 -2.201563e+01  7.201689e+01
 1.896836e-01  2.323061e-01 -7.867678e-02  5.722118e+02  5.000000e-01  1.854620e+00  1.008469e+00 -3.524712e+00  7.904273e-01
2  1.602553e-01 -1.021712e-01  1.162797e+00  7.229736e-01  3.025754e-01  7.557299e+00 6 1 -1.000000e+00
 7.868083e-01  8.422268e-03  2.400548e+00  0.000000e+00  0.000000e+00  2.523189e-01 -3.635044e-01  1.015872e-01  1.501219e-02
-3.378607e-01  3.037452e-01 -7.263466e-01  5.855960e+01  5.000000e-01  3.735085e-01  3.775253e-02  1.329594e+00  6.702079e-02
3 -1.673838e-01 -1.385647e-01  7.048707e-01  4.382475e-01  1.810810e-01  2.826065e+00 6 1 -1.000000e+00
-3.478147e-01 -3.501994e-01  2.055375e+00  0.000000e+00  0.000000e+00  1.890631e-01  3.568717e-03 -4.136141e-01  1.814012e-02
 1.828233e-01  1.137684e-01 -3.721893e-01  8.144861e+01  5.000000e-01  4.849665e-01 -6.103048e-01 -1.606111e+00  2.565094e-01
 7.106495e-04  3.702803e-04  1.393814e-05  1.231384e+02  1.000000e+00  2.884510e+02 -8.781408e+01 -5.631312e+01  2.878229e+02
3 -4.680846e-01  2.173196e-01  5.823578e-01  3.257091e-01  1.551115e-01  3.528199e+00 6 3  2.738531e-01
-3.783642e-01 -2.112380e-02  5.521923e+00  0.000000e+00  0.000000e+00  3.388866e-01 -4.873828e-01 -1.357666e-01  4.253857e-02
 1.816968e-01  1.384766e-01 -8.565137e-01  2.706939e+01  5.000000e-01  5.961081e-01 -2.776800e-01 -1.119619e+00  1.893287e-01
 7.177499e-04  4.874179e-04  9.535440e-05  5.000455e+01  1.000000e+00  1.069510e+02 -1.033742e+01 -2.513087e+01  1.054383e+02
3  1.324867e-01  2.321757e-01  5.509732e-01  1.827552e-01  5.311056e-01  4.852171e+00 6 1  2.701278e-01
 4.794821e-01 -9.939269e-02  1.962921e+00  0.000000e+00  0.000000e+00  2.756511e-01  1.100937e-02 -1.229443e-01  4.461641e-03
-6.405344e-02 -9.167692e-03 -1.042518e+00  6.554687e+01  5.000000e-01  1.113278e+00 -6.432259e-01 -7.472002e-01  3.637669e-01
-1.535211e-02  2.479038e-03  6.414440e-02  6.609526e+01  1.000000e+00  5.406508e+00 -1.745292e+00  8.839925e-01  4.279286e+00
3 -1.298424e-01  2.115460e+00  7.537139e+00  4.173099e+00  1.322571e-01  2.536401e+00 6 3 -1.000000e+00
-1.852202e+00  6.433524e+00  3.801263e+00  0.000000e+00  0.000000e+00  4.027819e-01  2.639519e-01  1.546879e-01  6.678793e-04
-5.791114e-02 -8.869264e-01 -5.027440e-01  1.443667e+03  5.000000e-01  1.876377e+00  1.649179e+00 -1.932094e-01  2.273948e-01
-5.230591e-03 -5.040280e-02  1.534223e-03  1.469543e+03  1.000000e+00  2.910847e+01  1.087333e+01 -4.478970e+00  2.540276e+01
1  9.140994e+00 -1.202419e+01  0.000000e+00  3.658588e+00  0.000000e+00  5.618725e+00 0 2 -1.000000e+00
 1.173561e+01 -1.166998e+01  3.109620e+00  0.000000e+00  0.000000e+00  2.879300e-01  1.222427e-01  4.129379e-01  9.359244e-05
3 -3.533933e-01  2.632105e-02  1.266488e+00  6.542473e-01  2.024581e-01  5.770380e+00 6 1 -1.000000e+00
 3.648083e-01  5.625962e-02 -4.178330e-01  8.037906e+01  5.000000e-01  6.722222e-01 -1.532159e+00 -3.914439e-01  3.239549e-01
-8.802885e-01  2.880502e-01  2.063801e+00  0.000000e+00  0.000000e+00  2.494654e-01 -2.463905e-01  1.343537e-01  1.227950e-02
 2.420598e-03  3.774762e-04  4.919643e-05  1.100585e+02  1.000000e+00  1.564538e+02 -4.853715e+01 -3.851408e+01  1.555732e+02
3  3.321668e-01  4.224344e-02  1.817578e+00  7.670325e-01  6.065270e-01  2.689126e+00 6 3 -1.000000e+00
-4.965150e-01 -1.216561e-01 -2.004239e+00  1.558430e+02  5.000000e-01  7.249352e-01 -6.461065e-01 -3.964210e-01  8.298627e-02
 1.315378e+00  2.199792e-02  3.304451e+00  0.000000e+00  0.000000e+00  4.118797e-01 -2.064627e-01 -2.522840e-02  6.408650e-03
-3.672997e-03 -3.833846e-04  2.147290e-04  1.998011e+02  1.000000e+00  6.977911e+01 -8.559527e+00 -5.185680e-01  6.787662e+01
4 -1.279929e-01  8.006499e-03  3.106465e+00  1.420623e+00  1.000000e+00  6.373066e+00 6 3 -1.000000e+00
-3.950125e-01 -1.363660e+00 -8.460611e+00  7.628333e+01  5.000000e-01  7.062315e-01  3.954247e-01 -2.193946e-01  6.125094e-03
-1.616041e+00  6.994990e-01  4.992593e+00  0.000000e+00  0.000000e+00  4.690502e-01 -1.564473e-01  2.390297e-01  1.380715e-03
 9.680920e-01  8.185419e-01 -3.876948e+00  1.116566e+02  5.000000e-01  8.432412e-01 -4.921249e-02 -5.292318e-01  1.967765e-02
 8.728028e-01 -1.159473e+00  1.092306e+01  6.842076e+01  0.000000e+00  5.389296e-01  1.214782e-01  3.260053e-01  1.977215e-03
1  1.953403e+00 -3.046712e-02  0.000000e+00  1.595487e+00  0.000000e+00  7.500876e+00 0 2 -1.000000e+00
 3.609564e+00  1.172742e+00  3.100465e+00  0.000000e+00  0.000000e+00  3.772884e-01 -2.548909e-01 -1.637482e-02  2.757825e-04
3 -6.841473e-01  5.217745e-01  8.652815e-01  3.560655e-01  1.143000e-01  1.198050e+01 6 1  2.742129e-01
-6.733724e-01 -3.743824e-01  1.857022e+00  0.000000e+00  0.000000e+00  2.544362e-01 -1.161388e-01 -6.229528e-02  1.011923e-03
 2.406923e-03  3.822066e-04  1.690338e-04  8.228969e+01  1.000000e+00  7.913040e+01 -1.370213e+01 -7.960533e-01  7.590163e+01
 1.030849e-01  7.489355e-03 -2.122577e-01  7.859673e+01  5.000000e-01  1.436904e+00 -2.207589e+00 -1.693847e-01  2.789735e-01
3 -9.252400e-02 -9.849471e-02  1.153070e+00  7.188417e-01  4.156720e-01  2.057373e+00 6 3 -1.000000e+00
-3.470380e-01 -6.664331e-01  5.935368e+00  0.000000e+00  0.000000e+00  4.564735e-01  2.382920e-01 -2.648707e-01  1.031236e-01
 3.718293e-01  2.351211e-01 -2.467166e+00  1.320086e+01  5.000000e-01  8.646419e-01 -2.429755e-01 -6.038278e-01  4.274070e-01
 1.656576e-02  1.266943e-02  3.034558e-02  1.650182e+01  1.000000e+00  7.189701e+00 -1.211059e+00 -1.972818e+00  6.349635e+00
3 -3.013134e-01  8.293595e-02  8.244707e-01  3.542709e-01  2.268021e-01  3.319894e+00 6 1 -1.000000e+00
-6.060489e-01  2.718295e-01  1.394597e+00  0.000000e+00  0.000000e+00  1.382789e-01 -1.436286e-01  6.986407e-02  2.018387e-02
 1.644302e-01 -2.162226e-02 -3.162976e-01  2.008617e+01  5.000000e-01  9.165538e-01 -1.722893e+00  4.474170e-01  6.922562e-01
 8.823610e-03 -1.567024e-03  1.628112e-03  2.163455e+01  1.000000e+00  2.707975e+01 -8.025050e+00  1.242370e+00  2.662201e+01
1  3.156693e+00 -4.325271e+00  0.000000e+00  2.770637e+00  0.000000e+00  4.451068e+00 0 2 -1.000000e+00
 4.298724e+00 -9.060923e+00  3.039181e+00  0.000000e+00  0.000000e+00  3.834228e-01  2.283332e-02  2.249668e-01  6.241248e-04
3  6.316802e-02  1.595553e-01  4.203564e-01  1.763138e-01  1.258035e-01  1.914280e+00 6 1 -1.000000e+00
 1.977350e-01  2.916966e-01  1.690558e+00  0.000000e+00  0.000000e+00  2.044031e-01  1.648355e-01 -1.195116e-01  1.856897e-02
-2.176662e-02 -6.679829e-02 -2.126781e-01  1.461730e+01  5.000000e-01  1.312523e+00  1.824124e+00 -1.213336e+00  9.555755e-01
-2.032536e-03 -5.526636e-03  2.446984e-03  1.525471e+01  1.000000e+00  2.288759e+01  6.613633e+00 -5.163320e+00  2.225006e+01
3  1.535563e-01 -2.020698e-01  7.124585e-01  3.723785e-01  2.689998e-01  8.797350e+00 6 1 -1.000000e+00
 4.293116e-01 -4.396065e-01  2.080978e+00  0.000000e+00  0.000000e+00  2.680461e-01  8.543675e-02  2.188921e-01  1.271808e-02
-6.291619e-02  7.547497e-02 -5.597827e-01  2.340216e+01  5.000000e-01  1.552176e+00  3.752923e-01  1.396589e+00  8.101464e-01
-1.814156e-02  2.054884e-02  5.658899e-02  2.355698e+01  1.000000e+00  5.820567e+00  2.049822e-01  2.350439e+00  4.694225e+00
1  3.587246e-02 -1.310880e-01  0.000000e+00  1.227570e-01  0.000000e+00  3.644840e+00 0 2  2.787844e-01
-4.063750e-02  2.216859e-01  5.860162e+00  0.000000e+00  0.000000e+00  4.406359e-01  3.703847e-01  7.113080e-02  7.223839e-03
1 -3.429140e-01  4.411396e-01  0.000000e+00  4.942973e-01  0.000000e+00  5.997977e+00 0 2 -1.000000e+00
-8.601061e-01  7.206711e-01  4.370573e+00  0.000000e+00  0.000000e+00  3.786001e-01 -1.169368e-01  3.790260e-01  7.212821e-02
5  2.360137e-01 -4.788830e-02  1.098934e+00  6.323164e-01  1.000000e+00  4.050882e+00 6 3 -1.000000e+00
 3.769322e-01 -6.698539e-01  2.947578e+00  0.000000e+00  0.000000e+00  2.801810e-01  2.708476e-02  4.220714e-01  2.642579e-02
 6.642071e-01 -3.574419e-03 -5.431912e+00  2.159604e+00  5.000000e-01  3.309757e-01 -7.936782e-01  4.201893e-02  4.448526e-02
-3.719455e-01  7.206303e-02 -4.047362e-01  2.704234e+01  5.000000e-01  5.927674e-01 -1.523465e+00  5.618157e-01  2.077537e-01
 5.825823e-01  4.096667e-01  4.724136e+00  1.708696e+00  0.000000e+00  2.719883e-01 -3.714680e-01 -4.246571e-01  2.919776e-02
-1.184223e-03  2.664349e-04  3.027797e-05  4.653887e+01  1.000000e+00  1.871356e+02 -3.497165e+01  1.990315e+01  1.857877e+02
3  5.007074e-01 -5.059753e-02  1.758375e+00  7.019765e-01  3.081461e-01  5.417098e+00 6 1 -1.000000e+00
 1.322086e+00 -3.969390e-01  1.853676e+00  0.000000e+00  0.000000e+00  2.528800e-01 -1.366056e-01  7.651961e-03  7.914656e-03
-3.929984e-01 -9.165062e-03 -5.712029e-01  1.012963e+02  5.000000e-01  6.983635e-01 -1.342806e+00 -1.963381e-01  2.328051e-01
-4.858735e-03  4.874466e-04  1.595562e-04  1.196461e+02  1.000000e+00  8.164497e+01 -1.508352e+01  2.951789e+00  8.037075e+01
3  4.026600e-01  3.849956e-02  1.580613e+00  8.084346e-01  2.169620e-01  3.071941e+00 6 3 -1.000000e+00
-4.348125e-01 -8.460469e-03 -6.532527e-01  8.756684e+01  5.000000e-01  7.703405e-01 -1.254244e+00 -1.020619e-01  3.188023e-01
 1.135171e+00  1.745357e-01  3.010908e+00  0.000000e+00  0.000000e+00  3.454045e-01 -2.968888e-01 -9.070082e-02  2.461705e-02
-7.502686e-03 -3.988712e-05  4.753212e-04  1.075336e+02  1.000000e+00  4.912170e+01 -1.429463e+01  2.742475e+00  4.811462e+01
3 -6.792349e-01 -2.938290e-01  1.199910e+00  5.686676e-01  3.890519e-01  1.223277e+01 6 1  2.846542e-01
-1.142115e-01 -1.076021e+00  2.404736e+00  0.000000e+00  0.000000e+00  3.057894e-01  1.402739e-01  2.154195e-01  1.359741e-03
-9.244562e-02  1.236921e-01 -9.355672e-01  6.042575e+01  5.000000e-01  1.631290e+00  2.109801e-01  1.192847e+00  2.800707e-01
-2.425262e-02  3.648312e-02  1.024043e-01  6.068834e+01  1.000000e+00  4.914101e+00  6.918169e-01  2.253079e+00  2.349766e+00
1 -1.743358e+00 -3.800410e-01  0.000000e+00  2.569625e+00  0.000000e+00  1.844557e+00 0 2 -1.000000e+00
-3.560884e+00 -1.905216e+00  4.609873e+00  0.000000e+00  0.000000e+00  4.730252e-01 -1.755758e-01 -1.730604e-01  2.577995e-03
1 -2.686332e-01  6.913072e-02  0.000000e+00  6.709910e-02  0.000000e+00  3.520204e+00 0 2  2.988704e-01
 6.436432e-02 -1.382223e-01  3.348588e+00  0.000000e+00  0.000000e+00  3.682750e-01  2.030055e-01  2.433760e-01  1.356681e-03
3  8.424704e-02 -2.254090e-01  9.312270e-01  4.487399e-01  1.593799e-01  3.811612e+00 6 3 -1.000000e+00
 2.313192e-01 -6.104300e-01  3.525584e+00  0.000000e+00  0.000000e+00  3.413348e-01  2.882986e-01  2.590035e-01  9.576917e-03
-9.353117e-02  2.622990e-01 -5.619071e-01  1.485140e+02  5.000000e-01  5.718719e-01  1.068902e+00  9.057564e-01  1.061730e-01
-1.582668e-04  4.941191e-04  6.672867e-06  2.333407e+02  1.000000e+00  3.913859e+02  4.818608e+01  1.478751e+01  3.899050e+02
1 -3.126605e+00  2.946271e+00  0.000000e+00  9.195307e-01  0.000000e+00  2.103030e+00 0 2  3.007921e-01
-1.730362e+00  1.534710e+00  3.181133e+00  0.000000e+00  0.000000e+00  3.584445e-01 -6.498141e-02  3.049877e-01  3.275838e-03
3 -1.019912e-01 -9.210888e-01  1.350865e+00  6.679324e-01  6.229079e-01  4.368070e+00 6 1  2.886341e-01
 9.117908e-01 -3.826943e-01  2.286460e+00  0.000000e+00  0.000000e+00  2.898325e-01 -9.998983e-02  2.387102e-01  1.283332e-02
-2.242781e-01  3.481836e-01 -1.424254e+00  3.311100e+01  5.000000e-01  6.541101e-01  4.796920e-01  7.691927e-01  1.032471e-01
-4.252812e-03  3.098797e-03  8.145473e-04  4.221406e+01  1.000000e+00  3.626002e+01 -3.137474e+00  2.397786e+00  3.391857e+01
3 -4.695332e-01 -2.594379e-01  1.216471e+00  4.461279e-01  1.099572e-01  4.093004e+00 6 1 -1.000000e+00
-9.492848e-01 -5.515233e-01  1.580041e+00  0.000000e+00  0.000000e+00  1.924655e-01 -7.522776e-02 -1.164371e-01  6.663449e-03
 2.353318e-02  1.627115e-02  1.169257e-02  8.623651e+01  1.000000e+00  1.188155e+01 -1.760204e+00 -5.457593e+00  1.079867e+01
 9.965276e-02  6.453815e-02 -1.737369e-01  8.573690e+01  5.000000e-01  2.170472e+00 -1.282118e+00 -2.341369e+00  1.467097e+00
3  2.347609e-01 -1.090116e-01  1.570068e+00  8.208935e-01  3.173869e-01  4.086132e+00 6 3 -1.000000e+00
 6.887161e-01 -8.532954e-01  3.763747e+00  0.000000e+00  0.000000e+00  3.906845e-01 -5.333096e-02  3.205130e-01  1.162642e-02
-5.308596e-01  1.355163e-01 -1.194564e+00  8.586531e+01  5.000000e-01  6.221904e-01 -8.897698e-01  4.337915e-01  9.494509e-02
-1.512185e-03  5.736802e-04  5.603245e-05  1.398573e+02  1.000000e+00  1.361303e+02 -1.936618e+01  6.192545e+00  1.340984e+02
1 -1.435495e+00 -9.219435e-01  0.000000e+00  2.477299e+00  0.000000e+00  2.150610e+00 0 2  2.677349e-01
 2.893828e+00  6.054630e+00  4.103899e+00  0.000000e+00  0.000000e+00  3.791334e-01  1.816265e-01 -3.298733e-01  1.788007e-05
3 -2.645216e-01  8.723562e-02  6.680890e-01  3.015773e-01  1.087864e-01  7.343720e+00 6 1 -1.000000e+00
-5.253519e-01  1.049471e-01  1.892345e+00  0.000000e+00  0.000000e+00  2.144948e-01 -2.387597e-01  1.776720e-01  1.718105e-02
 1.254204e-01 -4.617637e-02 -2.058614e-01  3.335187e+01  5.000000e-01  9.555760e-01 -1.667335e+00  1.442083e+00  6.185095e-01
 3.919005e-03 -1.401147e-03  3.842181e-04  3.695447e+01  1.000000e+00  5.425548e+01 -1.123869e+01  1.035131e+01  5.354907e+01
3  1.238493e-01  8.027197e-02  3.761546e-01  1.326882e-01  1.884651e-01  8.521462e+00 6 1 -1.000000e+00
 2.422242e-01  1.895916e-01  1.572103e+00  0.000000e+00  0.000000e+00  1.837767e-01 -8.959652e-02 -1.486690e-01  8.750815e-03
-5.643529e-02 -3.908893e-02 -2.962866e-01  1.208758e+01  5.000000e-01  7.685016e-01 -8.342735e-01 -1.653085e+00  4.330836e-01
-1.615112e-03 -1.346207e-03  4.381208e-04  1.320726e+01  1.000000e+00  5.001079e+01  2.395220e+00 -1.066979e+01  4.928803e+01
3 -1.044243e-01 -5.579626e-02  7.515282e-01  2.978565e-01  9.299744e-01  2.463001e+00 6 1 -1.000000e+00
-4.374683e-01 -1.899601e-01  2.243828e+00  0.000000e+00  0.000000e+00  2.366680e-01 -2.706939e-01 -2.524551e-01  3.524657e-02
 1.979545e-01  2.113286e-01 -2.412784e+00  4.463161e+01  5.000000e-01  4.324558e-01 -6.382543e-03 -8.582101e-01  1.794671e-01
 1.359362e-03  1.091291e-03  3.526006e-04  7.532186e+01  1.000000e+00  5.536071e+01  7.165674e+00 -8.226139e+00  5.459105e+01
3 -6.150882e-01  4.617342e-02  4.540547e-01  1.741763e-01  1.409476e-01  6.690994e+00 6 1  2.773830e-01
-7.843998e-02  3.898496e-01  2.075028e+00  0.000000e+00  0.000000e+00  3.006012e-01  8.481687e-02 -6.600508e-03  5.887852e-03
-8.191536e-03 -5.873800e-02 -2.924701e-01  2.110686e+01  5.000000e-01  1.640231e+00  1.845408e+00 -6.507806e-01  7.793466e-01
-5.376543e-04 -6.160339e-03  4.188900e-03  2.158450e+01  1.000000e+00  1.851231e+01  7.999122e+00 -1.992192e+00  1.694872e+01
3  1.431243e-01 -6.002114e-01  1.365398e+00  4.179092e-01  1.027628e-01  3.863047e+00 6 1 -1.000000e+00
 2.618627e-01 -1.097982e+00  1.419018e+00  0.000000e+00  0.000000e+00  1.451649e-01  1.251900e-01  1.017734e-01  9.074713e-03
 4.290857e-04  7.580684e-03  1.928723e-04  7.703811e+01  1.000000e+00  8.347603e+01  3.676672e+01 -1.630115e+01  8.295489e+01
-8.480644e-03  2.403848e-01 -1.458223e-01  7.049372e+01  5.000000e-01  1.056046e+00  2.530924e+00  6.747072e-01  8.026408e-01
3  4.999762e-02 -5.987930e-02  7.378820e-01  4.640240e-01  3.381708e-01  6.420656e+00 6 3 -1.000000e+00
 4.292797e-01 -1.614737e-01  5.504278e+00  0.000000e+00  0.000000e+00  3.326518e-01 -2.764070e-01  4.327539e-01  4.666450e-02
-1.793542e-01  2.557008e-01 -1.861386e+00  5.326300e+00  5.000000e-01  4.294040e-01  4.114786e-01  8.327659e-01  7.313977e-02
-3.848940e-04  3.212203e-04  6.122380e-05  1.336893e+01  1.000000e+00  1.310600e+02 -2.285576e+01  7.726056e+00  1.293169e+02
3 -1.769201e-01 -2.582945e-01  1.152713e+00  4.144806e-01  2.493447e-01  2.286782e+00 6 1 -1.000000e+00
-5.019406e-01 -6.068118e-01  1.881746e+00  0.000000e+00  0.000000e+00  1.823210e-01  6.136209e-02 -3.652563e-01  1.564775e-02
 1.723999e-01  3.280743e-01 -4.692032e-01  6.271660e+01  5.000000e-01  4.256068e-01  8.403643e-01 -1.324760e+00  1.808389e-01
 1.999434e-04  4.202696e-04  1.904721e-06  1.112804e+02  1.000000e+00  7.791612e+02  2.326717e+02 -1.624421e+02  7.782579e+02
3 -1.002598e+00  7.688988e-01  6.638764e-01  3.115240e-01  2.496155e-01  2.637433e+00 6 3  3.022921e-01
 1.299086e-01 -2.132707e-01 -1.196547e+00  1.186954e+01  5.000000e-01  7.689199e-01  4.033383e-01  8.523230e-01  2.727707e-01
-4.450408e-02  4.272854e-01  4.793560e+00  0.000000e+00  0.000000e+00  3.708238e-01  4.275935e-01  6.643286e-02  6.376172e-02
 1.501977e-03 -3.067896e-03  1.290970e-03  1.741086e+01  1.000000e+00  3.075147e+01  6.104769e+00  8.559796e+00  2.902048e+01
3  1.243236e+00 -2.810701e+00  3.820871e+00  1.846805e+00  6.138318e-01  6.277732e+00 6 3  2.764105e-01
-1.512590e+00 -2.601271e+00  1.860052e+00  0.000000e+00  0.000000e+00  2.551688e-01  8.762199e-02 -9.734740e-02  5.674735e-04
 6.313733e-01  5.613984e-01 -3.030231e+00  6.311363e+02  5.000000e-01  1.031688e+00 -1.572756e-01 -5.534224e-01  2.321443e-02
 2.712162e-02  3.437941e-02  1.137628e-02  6.526546e+02  1.000000e+00  1.134156e+01  4.955595e-01 -4.335914e+00  7.213635e+00
1  1.937130e+00  1.959153e-01  0.000000e+00  1.306545e+00  0.000000e+00  2.595138e+00 0 2 -1.000000e+00
 3.254632e+00  4.675189e-04  3.313444e+00  0.000000e+00  0.000000e+00  3.975588e-01 -2.443848e-01 -3.755892e-02  1.204024e-03
2 -3.357356e-01 -3.889753e-02  1.164064e+00  4.663979e-01  2.553028e-01  4.808644e+00 6 1 -1.000000e+00
-8.730130e-01 -2.510288e-02  2.058760e+00  0.000000e+00  0.000000e+00  2.701279e-01 -2.135097e-01 -3.738502e-02  2.934325e-03
 2.880299e-01  5.871352e-02 -5.256073e-01  1.399157e+02  5.000000e-01  5.536409e-01 -1.338704e+00 -5.564784e-01  7.780412e-02
3 -6.330767e+00 -8.252633e-02  4.332872e+00  2.497033e+00  2.045885e-01  5.294958e+00 6 3  2.941804e-01
-1.573540e-01 -3.377631e+00  5.522685e+00  0.000000e+00  0.000000e+00  4.529974e-01  3.216925e-01  1.210556e-01  3.688627e-02
-6.153353e-01  9.309692e-01 -1.129878e+00  8.566731e+01  5.000000e-01  1.011606e+00  3.426505e-01  8.762287e-01  3.760208e-01
-4.802981e-02  8.948199e-02  2.765302e-02  9.180304e+01  1.000000e+00  7.221966e+00  7.197851e-01  1.425607e+00  6.181614e+00
3  2.912421e+00  1.846430e+00  1.406980e+00  7.673621e-01  1.444682e-01  4.692901e+00 6 3  3.003034e-01
-6.850225e-01  7.456872e-01  3.173647e+00  0.000000e+00  0.000000e+00  2.996232e-01 -6.498013e-02  4.137757e-01  8.332308e-03
 3.628040e-01 -1.932758e-01 -4.584911e-01  7.602391e+01  5.000000e-01  6.528878e-01 -8.471399e-01  1.258534e+00  1.296209e-01
 9.290364e-04 -4.651954e-04  9.023888e-06  1.119091e+02  1.000000e+00  3.419549e+02 -6.233146e+01  3.934514e+01  3.394458e+02
3  1.041005e+00 -4.117785e-01  5.773327e-01  2.837106e-01  7.333356e-01  4.426601e+00 6 1  2.944861e-01
-1.068929e-01 -4.371954e-01  2.693350e+00  0.000000e+00  0.000000e+00  3.515733e-01  2.084625e-01 -7.560261e-02  2.628098e-02
 3.995898e-02  1.211482e-01 -1.975130e+00  1.227561e+01  5.000000e-01  1.121996e+00  6.067757e-01 -3.911549e-01  4.031770e-01
 8.651654e-03  2.536565e-02  1.257997e-01  1.253083e+01  1.000000e+00  4.198488e+00  1.103827e+00 -1.030896e+00  2.912924e+00
3  3.776141e-02 -5.279647e-01  1.573521e+00  8.048995e-01  4.557033e-02  6.087466e+00 6 2 -1.000000e+00
 6.521961e-01 -1.010435e+00  5.696285e+00  0.000000e+00  0.000000e+00  3.602745e-01  3.408555e-01  3.428021e-01  8.725181e-03
 5.465029e-03  4.240357e-01 -2.595816e-01  1.300911e+02  5.000000e-01  8.345211e-01  1.967266e+00  9.798140e-02  2.485343e-01
 2.189795e-04  2.595980e-03  3.146951e-05  1.724434e+02  1.000000e+00  1.867712e+02  4.382301e+01 -2.852547e+01  1.851866e+02
3 -2.727307e-02  2.606097e-01  1.221499e+00  5.130923e-01  2.386701e-01  3.611304e+00 6 1 -1.000000e+00
-2.361374e-02 -4.280136e-01 -5.125655e-01  6.936406e+01  5.000000e-01  4.867548e-01  1.450505e+00 -3.323038e-01  1.365825e-01
-5.022927e-01  6.957863e-01  2.147590e+00  0.000000e+00  0.000000e+00  2.274644e-01  2.184789e-01  2.888599e-01  1.714737e-02
 6.318688e-05 -4.195852e-04  2.214023e-06  1.346539e+02  1.000000e+00  7.137497e+02  2.197420e+02  8.977177e+01  7.121827e+02
3 -9.236049e-02 -3.254814e-01  9.297998e-01  4.887441e-01  2.060001e-01  5.324001e+00 6 1 -1.000000e+00
-1.216851e-01 -7.426958e-01  1.651398e+00  0.000000e+00  0.000000e+00  2.075268e-01  1.233019e-01 -8.522229e-02  5.591400e-03
 8.113101e-02  1.647145e-01 -3.401881e-01  6.942453e+01  5.000000e-01  7.023387e-01  1.186093e+00 -1.273317e+00  3.266327e-01
 1.800413e-03  3.216391e-03  2.394336e-04  7.818251e+01  1.000000e+00  6.814468e+01 -2.945330e+00 -1.797805e+01  6.726855e+01
3  3.694925e-01 -1.207336e-02  1.154327e+00  4.769226e-01  1.755331e-01  4.658568e+00 6 1 -1.000000e+00
 9.395797e-01 -2.782443e-01  1.876726e+00  0.000000e+00  0.000000e+00  2.636498e-01 -9.450896e-02 -2.090258e-02  1.006676e-02
-1.800315e-01  2.721099e-03 -3.294275e-01  1.232004e+02  5.000000e-01  1.241917e+00 -1.736882e+00 -2.780870e-01  5.790339e-01
-1.243462e-02  1.884261e-03  2.348986e-03  1.285519e+02  1.000000e+00  2.340619e+01 -7.889167e+00  3.752720e+00  2.208651e+01
3  2.075371e-01 -2.529979e-01  1.223555e+00  4.862805e-01  1.383122e-01  6.029262e+00 6 1 -1.000000e+00
 4.549332e-03 -9.731944e-01  2.716033e+00  0.000000e+00  0.000000e+00  3.325169e-01  2.016083e-01  1.915821e-01  2.481102e-02
-1.900908e-01  2.347804e-01 -3.756604e-01  1.329152e+02  5.000000e-01  8.512783e-01 -1.896303e-02  1.638212e+00  2.123343e-01
-1.554464e-03  3.362790e-03  1.633222e-04  1.638577e+02  1.000000e+00  8.551465e+01  2.906107e+01  1.324064e+01  8.359958e+01
3  7.620807e-02  5.635567e-01  1.673176e+00  4.780124e-01  1.242899e-01  6.731559e+00 6 1 -1.000000e+00
 2.816958e-01  1.377587e+00  1.692372e+00  0.000000e+00  0.000000e+00  2.311834e-01  2.327782e-03  1.367427e-02  2.270312e-03
-1.628178e-02 -2.688419e-01 -2.103447e-01  3.131598e+02  5.000000e-01  8.050816e-01  2.173290e+00 -2.624933e-01  2.973906e-01
-3.348389e-05 -7.853280e-04  1.785053e-06  3.779007e+02  1.000000e+00  8.085849e+02  3.025708e+02  2.089867e+01  8.070417e+02
3  2.951490e+00 -1.764346e+00  1.233833e+00  6.293933e-01  1.599469e-01  5.476803e+00 6 3  3.217898e-01
 3.791242e-03  4.592479e-01 -1.345109e+00  1.191408e+01  5.000000e-01  6.712297e-01  9.226727e-01  1.411729e-02  2.688328e-01
 6.785372e-02 -7.729205e-01  8.409721e+00  0.000000e+00  0.000000e+00  3.586224e-01  5.313809e-01  1.004467e-01  7.811640e-02
 9.569581e-05  8.215358e-03  2.384115e-03  1.708703e+01  1.000000e+00  2.226525e+01  5.673317e+00 -7.624829e-01  2.072741e+01
3 -4.683605e-01  2.514896e-02  2.380888e+00  1.007548e+00  8.399076e-01  2.950693e+00 6 1 -1.000000e+00
-1.688659e+00  2.378524e-01  2.225233e+00  0.000000e+00  0.000000e+00  3.042965e-01 -1.743911e-01  6.480816e-02  2.276732e-02
 6.905780e-01  1.491896e-01 -1.868990e+00  1.062271e+02  5.000000e-01  6.887892e-01 -7.145851e-01 -3.482364e-01  2.431566e-01
 1.777734e-02  1.136191e-03  2.574157e-03  1.279173e+02  1.000000e+00  2.126779e+01 -4.092613e+00 -2.357322e+00  2.018014e+01
3  4.034335e-01  1.252478e-01  1.821045e+00  9.826573e-01  1.292805e-01  3.326838e+00 6 3 -1.000000e+00
-5.139521e-01 -2.098505e-01 -5.785141e-01  1.119505e+02  5.000000e-01  7.559368e-01 -9.345416e-01 -9.564336e-01  1.890582e-01
 1.306966e+00 -1.883424e-01  4.474874e+00  0.000000e+00  0.000000e+00  3.940188e-01 -3.791214e-01 -3.199628e-03  1.593269e-02
-3.191271e-03 -1.103797e-03  8.390545e-05  1.566531e+02  1.000000e+00  1.131280e+02 -1.833140e+01 -1.784585e+01  1.115346e+02
3 -2.756201e-02 -1.563070e-01  1.045910e+00  4.769157e-01  1.690366e-01  7.804924e+00 6 3 -1.000000e+00
 4.575509e-02  4.198001e-01 -9.802042e-01  2.066705e+01  5.000000e-01  4.336404e-01  1.123752e+00 -2.795369e-01  2.217989e-01
-2.126394e-01 -5.936893e-01  5.798768e+00  0.000000e+00  0.000000e+00  2.517783e-01  4.805144e-01 -3.955897e-01  7.016128e-02
 1.518090e-04  1.288665e-03  7.154278e-05  4.355439e+01  1.000000e+00  1.231930e+02  3.080943e+01 -2.061471e+00  1.225552e+02
3 -1.122593e-01  2.721621e-01  7.186549e-01  3.134650e-01  1.750770e-01  2.027041e+00 6 1 -1.000000e+00
-2.528197e-01  5.067365e-01  1.612260e+00  0.000000e+00  0.000000e+00  1.579430e-01  1.916143e-01  2.282470e-01  2.111394e-02
 4.208768e-02 -1.486218e-01 -2.822697e-01  4.624861e+01  5.000000e-01  8.255312e-01  1.534463e+00  1.103891e+00  5.981267e-01
 1.703571e-03 -6.369349e-03  1.037345e-03  5.080518e+01  1.000000e+00  3.319506e+01  8.390892e+00  1.454278e+00  3.274402e+01
3 -2.856234e-03 -3.747046e-02  3.058238e-01  1.327263e-01  6.196684e-01  8.894561e+00 6 3 -1.000000e+00
-2.746890e-02 -1.948433e-01  3.072315e+00  0.000000e+00  0.000000e+00  3.717217e-01  2.525428e-01 -7.394805e-02  1.356408e-01
-8.991416e-03  1.104218e-01 -4.958000e+00  2.145277e+00  5.000000e-01  6.903298e-01  5.309800e-01  1.251002e-01  4.130531e-01
 1.922816e-04  5.180462e-03  2.865487e-02  2.696911e+00  1.000000e+00  7.136432e+00  1.659747e+00  5.427917e-02  6.608407e+00
1  1.423030e-02 -3.409970e-02  0.000000e+00  5.064560e-02  0.000000e+00  7.528126e+00 0 2 -1.000000e+00
 2.060332e-02 -8.590513e-02  3.990383e+00  0.000000e+00  0.000000e+00  4.110203e-01  2.578332e-01  1.726752e-01  1.070208e-01
5  3.294962e-02  1.142829e-01  1.773121e+00  9.033847e-01  1.000000e+00  4.973817e+00 6 3 -1.000000e+00
-5.266640e-01 -4.389785e-01 -1.792488e+00  2.322718e+01  5.000000e-01  5.490044e-01 -1.992563e-01 -8.494574e-01  8.364558e-02
 8.001472e-01 -1.432944e-01 -7.524044e+00  1.445250e+01  5.000000e-01  4.795591e-01 -6.217029e-01  1.313448e-01  4.389386e-02
-2.222837e-01  1.012269e+00  2.935042e+00  0.000000e+00  0.000000e+00  3.424111e-01  2.921811e-01  7.964139e-02  1.600391e-02
 6.735327e-01 -5.179178e-01  8.752555e+00  1.419120e+01  0.000000e+00  4.240747e-01 -1.912784e-01  4.252649e-01  3.004342e-02
-2.064849e-04 -5.115153e-04  2.722578e-05  5.884119e+01  1.000000e+00  1.948904e+02  4.986118e+00 -2.896111e+01  1.927086e+02
3  2.059319e-01 -2.410194e-01  7.539400e-01  3.055852e-01  1.097594e-01  6.699686e+00 6 1 -1.000000e+00
 3.814975e-01 -5.308413e-01  1.880410e+00  0.000000e+00  0.000000e+00  2.354770e-01  3.494045e-02  2.268827e-01  3.909812e-02
-6.291177e-02  7.819562e-02 -2.063927e-01  2.259578e+01  5.000000e-01  2.564127e+00  4.622746e-01  2.660438e+00  2.130848e+00
-1.861777e-02  2.377205e-02  2.361924e-02  2.273593e+01  1.000000e+00  9.856079e+00  1.473989e+00  5.824013e+00  9.265838e+00
5 -1.082717e-01  5.217184e-03  4.046629e+00  1.502674e+00  1.000000e+00  4.525750e+00 6 3 -1.000000e+00
-1.395528e+00 -1.640122e+00  4.672837e+00  0.000000e+00  0.000000e+00  5.196100e-01  1.293982e-02 -1.288579e-01  9.665090e-03
 1.123188e+00 -4.716603e-01 -3.121652e+00  8.546805e+01  5.000000e-01  7.148663e-01 -3.941867e-01  4.962472e-01  1.848056e-02
-1.084333e+00  9.091212e-01 -5.163312e+00  5.289609e+01  5.000000e-01  6.235895e-01 -1.310782e-01  5.640723e-01  1.552251e-02
 7.680110e-01  1.779572e+00  5.717129e+00  2.869065e+01  0.000000e+00  5.348980e-01  1.919693e-01 -6.748866e-02  2.142204e-02
 1.059144e-03  2.809379e-05  2.043969e-04  1.792087e+02  1.000000e+00  7.186803e+01  1.002962e+01 -5.407532e+00  6.819832e+01
1  1.505170e+00 -2.097839e+00  0.000000e+00  6.861091e-01  0.000000e+00  5.172362e+00 0 2  2.986938e-01
 2.310025e-01  1.368585e+00  3.138365e+00  0.000000e+00  0.000000e+00  3.238459e-01  3.289723e-01 -1.741390e-01  9.448496e-03
1  7.046045e-02 -3.965032e-01  0.000000e+00  2.150867e-01  0.000000e+00  1.995873e+00 0 2  2.851569e-01
 1.436637e-01 -3.546442e-01  8.620965e+00  0.000000e+00  0.000000e+00  4.707234e-01  3.801923e-01  1.399688e-01  1.662411e-02
3 -6.525716e-02 -2.771650e-01  1.235533e+00  4.826716e-01  4.341033e-01  8.146868e+00 6 1 -1.000000e+00
-1.181571e-01 -8.684410e-01  2.258191e+00  0.000000e+00  0.000000e+00  2.895392e-01  2.207456e-01 -1.148636e-01  9.545618e-03
 7.797649e-02  3.514255e-01 -9.802883e-01  5.268718e+01  5.000000e-01  5.831655e-01  9.299853e-01 -5.735734e-01  1.049793e-01
 6.231045e-05  9.052734e-04  1.122053e-05  7.750910e+01  1.000000e+00  3.145728e+02  9.310082e+01  2.319149e+01  3.125702e+02
3 -5.536030e-01  2.623417e-01  1.529329e+00  5.121943e-01  1.296770e-01  7.008000e+00 6 1 -1.000000e+00
-1.030780e+00  8.236873e-01  1.581931e+00  0.000000e+00  0.000000e+00  1.882037e-01 -1.532275e-01  5.827385e-02  3.899519e-03
 1.968420e-01 -8.833868e-02 -2.051401e-01  1.569333e+02  5.000000e-01  9.987724e-01 -1.634756e+00  1.484012e+00  4.443767e-01
 6.451645e-03 -3.686255e-03  3.657114e-04  1.663110e+02  1.000000e+00  5.425872e+01 -2.353279e+00  9.826322e+00  5.288894e+01
3 -1.285470e-01  1.293745e-01  7.104003e-01  2.958549e-01  4.880813e-01  4.345992e+00 6 1 -1.000000e+00
 1.223229e-01 -1.350807e-01 -8.829969e-01  3.779842e+01  5.000000e-01  7.714664e-01  1.467801e-01  1.078513e+00  4.239854e-01
-3.865550e-01  3.606127e-01  1.809119e+00  0.000000e+00  0.000000e+00  2.391946e-01 -1.285223e-02  1.609484e-01  3.185132e-02
 4.544669e-03 -4.617336e-03  1.893855e-03  4.311313e+01  1.000000e+00  2.542726e+01  2.288119e-01  8.283433e+00  2.462361e+01
1 -1.338935e+00 -5.303781e+00  0.000000e+00  8.979170e+00  0.000000e+00  1.124016e+01 0 2 -1.000000e+00
-9.743684e-01 -1.392576e+01  6.455811e+00  0.000000e+00  0.000000e+00  4.047777e-01  4.317344e-01 -1.139991e-01  1.673890e-05
3 -8.574360e-02  2.801174e-02  8.257491e-02  4.286646e-02  6.787315e-01  2.638735e+00 6 3  2.727005e-01
-6.191770e-02 -2.073895e-02  4.729937e+00  0.000000e+00  0.000000e+00  4.907822e-01 -1.499420e-01 -1.593766e-01  7.570686e-02
 1.959143e-02 -7.514840e-03 -6.968790e+00  1.431285e+00  5.000000e-01  1.231634e+00 -2.839490e-01  3.413564e-01  5.336210e-01
 8.788350e-03 -2.306150e-03  2.414361e+00  1.438912e+00  1.000000e+00  1.832840e+00 -3.228585e-01  4.185645e-01  9.642287e-01
1  8.399734e-02 -2.008326e-02  0.000000e+00  4.877900e-02  0.000000e+00  7.601654e+00 0 2  2.712633e-01
 4.580335e-02 -6.093540e-02  3.827172e+00  0.000000e+00  0.000000e+00  4.239768e-01 -1.106152e-01  2.414072e-01  1.220997e-02
5 -4.924595e-01  5.125718e-02  9.803606e-01  5.263917e-01  1.000000e+00  7.029832e-01 6 3  2.893843e-01
-4.866591e-01 -3.716424e-01  1.075575e+01  5.195520e+00  0.000000e+00  4.676251e-01 -2.692728e-01 -3.434263e-01  5.459523e-02
 3.962030e-01 -1.982504e-02 -1.691389e+00  2.109681e+01  5.000000e-01  5.147902e-01 -8.962821e-01  1.527640e-01  8.915680e-02
-3.968271e-01  5.565517e-01  3.479889e+00  0.000000e+00  0.000000e+00  4.141043e-01  4.694121e-03  2.364029e-01  1.633373e-02
-5.405547e-01 -2.048716e-01 -9.633253e+00  5.277792e+00  5.000000e-01  4.921263e-01 -5.560606e-01 -2.292146e-01  4.921014e-02
 7.809222e-04 -6.359041e-05  8.583187e-05  4.365774e+01  1.000000e+00  1.103001e+02 -9.788936e+00 -1.414213e+01  1.087635e+02
3  1.183277e-01 -5.634672e-01  1.484158e+00  7.158333e-01  1.782190e-01  7.722977e+00 6 1 -1.000000e+00
 2.780779e-02 -1.337248e+00  1.903880e+00  0.000000e+00  0.000000e+00  2.583852e-01  1.210032e-01  1.005363e-01  9.529553e-03
-3.671286e-02  1.455077e-01 -3.393077e-01  9.197258e+01  5.000000e-01  2.035716e+00  1.723387e+00  1.024609e+00  1.393843e+00
-1.249577e-02  5.377962e-02  5.468574e-02  9.221287e+01  1.000000e+00  6.243165e+00  2.672823e+00  1.435444e+00  5.411072e+00
1  2.826192e+00  8.449926e+00  0.000000e+00  2.132968e+00  0.000000e+00  3.949098e+00 0 2  2.720599e-01
 2.768276e+00  5.267967e+00  3.465375e+00  0.000000e+00  0.000000e+00  3.501844e-01  2.597910e-01 -2.572933e-01  9.247260e-05
3 -1.103067e-01  2.823471e-03  3.631791e-01  1.921480e-01  1.729852e-01  3.240343e+00 6 1 -1.000000e+00
 8.905870e-02  1.708515e-02 -4.352540e-01  2.093948e+01  5.000000e-01  1.137431e+00 -1.440842e+00 -4.902749e-01  7.259596e-01
-2.542433e-01  1.355875e-01  2.516134e+00  0.000000e+00  0.000000e+00  2.849915e-01 -2.858613e-01  1.791241e-01  3.190431e-02
 6.931539e-03  1.044929e-03  7.109446e-03  2.257251e+01  1.000000e+00  1.393859e+01 -4.377833e+00 -2.753846e+00  1.319216e+01
3  6.362921e-01  3.684389e-01  7.804103e-01  4.037729e-01  3.123396e-01  7.911499e+00 6 3  2.746758e-01
 5.611999e-02 -2.701253e-01 -2.155770e+00  2.831432e+01  5.000000e-01  8.476485e-01  6.727976e-01  1.855417e-01  1.194113e-02
-3.401006e-01  4.022210e-01  6.902008e+00  0.000000e+00  0.000000e+00  4.957069e-01  8.746393e-02  3.190238e-01  1.662348e-03
 8.368987e-05 -2.835571e-04  1.333249e-05  4.306509e+01  1.000000e+00  2.787239e+02  4.210408e+01  1.879049e+01  2.715516e+02
3  3.850556e-01  3.231849e-01  2.318438e+00  1.029813e+00  9.564030e-01  9.537753e+00 6 1 -1.000000e+00
-4.803992e-01 -3.597894e-01 -2.272392e+00  4.804840e+01  5.000000e-01  7.985259e-01 -2.130897e-01 -6.597344e-01  3.681922e-01
 1.311375e+00  1.111502e+00  2.173323e+00  0.000000e+00  0.000000e+00  2.981954e-01 -5.275288e-03 -1.799359e-01  3.585790e-02
-3.958664e-02 -3.304368e-02  2.442825e-02  5.171026e+01  1.000000e+00  7.662038e+00 -3.728552e-01 -1.818658e+00  6.829019e+00
3 -1.039931e-01  3.053647e-01  9.916361e-01  4.332092e-01  2.140943e-01  1.218079e+01 6 1 -1.000000e+00
-5.706279e-01  5.800180e-01  1.517077e+00  0.000000e+00  0.000000e+00  1.671287e-01  1.658213e-01  8.375945e-02  2.582330e-02
 2.557303e-02 -2.123749e-01 -3.247976e-01  2.386571e+01  5.000000e-01  9.643490e-01  1.736144e+00  2.567387e-01  7.060331e-01
 3.188323e-03 -1.194676e-02  2.856793e-03  2.588417e+01  1.000000e+00  2.057035e+01  5.398920e+00  1.951297e+00  2.006043e+01
3 -2.559659e-01 -1.822833e-01  1.379747e+00  5.630501e-01  4.905951e-01  7.974780e+00 6 1 -1.000000e+00
-7.097300e-01 -6.567231e-01  2.195630e+00  0.000000e+00  0.000000e+00  2.742525e-01 -8.616529e-02 -2.526553e-01  1.701830e-02
 3.437238e-01  2.343086e-01 -1.077165e+00  3.664610e+01  5.000000e-01  5.395430e-01 -5.047452e-01 -9.410716e-01  1.505757e-01
 1.913016e-03  1.705846e-03  9.770003e-05  5.126987e+01  1.000000e+00  1.043449e+02  6.670655e+00 -2.000645e+01  1.030904e+02
4 -4.463731e+00 -1.661522e+00  5.898740e+00  2.393605e+00  1.000000e+00  6.501403e+00 6 3  2.769661e-01
 1.803730e+00 -1.462138e+00  1.041100e+01  4.171929e+02  0.000000e+00  5.531965e-01 -2.247536e-01  2.303627e-01  2.900913e-03
-8.664060e-01 -1.029962e+00 -1.701764e+00  5.620378e+02  5.000000e-01  1.080353e+00 -5.041318e-02 -7.691168e-01  5.702346e-03
 2.030407e+00 -4.860445e-01 -8.900642e+00  4.204812e+02  5.000000e-01  6.393102e-01 -4.873069e-01  7.057282e-02  4.381425e-03
-1.139264e+00  3.649996e+00  2.577356e+00  0.000000e+00  0.000000e+00  3.712151e-01  7.943852e-02  3.264321e-02  3.556190e-04
3  2.539943e+00 -1.179787e+00  2.408511e+00  1.257141e+00  1.786611e-01  1.327585e+01 6 1  2.815689e-01
 2.032728e+00  2.804482e-01  2.430258e+00  0.000000e+00  0.000000e+00  2.310051e-01 -4.030727e-01  1.319340e-01  1.799545e-03
-3.541046e-01 -4.197317e-02 -4.341926e-01  3.921238e+02  5.000000e-01  1.747198e+00 -1.671045e+00 -2.627513e-01  1.974563e-01
-4.855711e-02 -4.361600e-03  1.014782e-02  3.968689e+02  1.000000e+00  1.313128e+01 -6.629679e+00 -2.161501e+00  7.653746e+00
5 -6.856054e-01 -2.427524e-02  2.309127e+00  9.049376e-01  1.000000e+00  8.737197e+00 6 3  2.769126e-01
-3.075714e-01 -5.744074e-01 -1.222359e+00  1.063396e+02  5.000000e-01  6.616875e-01  4.019384e-01 -8.780611e-01  3.206736e-02
 6.935673e-01 -5.905402e-01  3.420784e+00  8.807113e+01  0.000000e+00  3.745106e-01 -9.656230e-02  2.993027e-01  2.888253e-02
 7.567169e-01  9.716388e-02 -2.075313e+00  9.363079e+01  5.000000e-01  5.745109e-01 -6.986297e-01 -4.181060e-01  3.693526e-02
-8.582284e-01  1.119430e+00  1.672711e+00  0.000000e+00  0.000000e+00  2.198163e-01  9.470988e-02  4.341237e-02  7.400522e-03
 1.687527e-03 -3.008981e-03  3.486034e-04  1.543541e+02  1.000000e+00  5.582015e+01  8.462320e-01  1.165945e+01  4.905106e+01
1 -2.643212e+00 -7.826569e+00  0.000000e+00  5.780841e+00  0.000000e+00  1.365195e+01 0 2  2.648525e-01
-1.315980e+00  9.742513e+00  5.391820e+00  0.000000e+00  0.000000e+00  4.249872e-01  3.810109e-01 -2.059478e-03  7.755919e-05
3  2.395897e-01 -1.799660e-01  9.111603e-01  4.449139e-01  2.691283e-01  5.852267e+00 6 1 -1.000000e+00
 5.613429e-01 -4.142780e-01  1.748182e+00  0.000000e+00  0.000000e+00  2.143102e-01 -4.642909e-02  2.076776e-01  1.501001e-02
-1.817590e-01  1.129910e-01 -4.704851e-01  5.269954e+01  5.000000e-01  6.793007e-01 -5.268557e-01  1.396688e+00  3.431243e-01
-4.066107e-03  2.183652e-03  4.283888e-04  6.117230e+01  1.000000e+00  5.088715e+01 -1.076055e+01  6.213725e+00  5.008290e+01
1  4.163275e-01 -2.649574e+00  0.000000e+00  1.447631e+00  0.000000e+00  1.545638e+01 0 2 -1.000000e+00
 1.026395e+00 -4.117470e+00  3.001510e+00  0.000000e+00  0.000000e+00  3.469959e-01  2.932052e-01  8.531945e-02  5.909816e-04
2  5.586465e-01  9.534065e-01  2.143828e+00  7.217891e-01  2.992134e-01  5.891646e+00 6 1  2.745357e-01
-3.333269e-02 -3.733556e-01 -4.306454e-01  3.155230e+02  5.000000e-01  8.748540e-01  1.526021e+00 -9.495394e-02  9.763675e-02
 6.104682e-01  1.671521e+00  1.439258e+00  0.000000e+00  0.000000e+00  1.656279e-01  2.894062e-02  2.316815e-02  9.162895e-04
3 -1.832139e-01  3.439013e-01  1.105501e+00  5.018411e-01  1.915169e-01  7.088839e+00 6 1 -1.000000e+00
-4.892278e-01  7.621237e-01  1.853890e+00  0.000000e+00  0.000000e+00  2.424054e-01  1.039976e-01  1.540378e-01  5.008449e-03
 8.785195e-02 -1.808029e-01 -3.550512e-01  9.461607e+01  5.000000e-01  8.741437e-01  1.079662e+00  1.290994e+00  2.867326e-01
 2.095515e-03 -3.903829e-03  2.881635e-04  1.040223e+02  1.000000e+00  6.059700e+01  4.899177e+00  7.586011e+00  5.900677e+01
3  2.338829e-01 -1.799184e-01  1.641657e+00  7.156778e-01  3.433061e-01  5.464206e+00 6 3 -1.000000e+00
 9.154539e-01 -6.953770e-01  1.880060e+00  0.000000e+00  0.000000e+00  2.663893e-01  1.201394e-04  7.928956e-02  2.775441e-03
-4.663605e-01  1.909781e-01 -5.476339e+00  1.364979e+02  5.000000e-01  4.713732e-01 -5.014127e-01  4.589502e-01  3.948133e-02
-5.521800e-04  2.463843e-04  7.305119e-06  2.157879e+02  1.000000e+00  3.811289e+02 -7.883603e+01 -3.731666e+01  3.792381e+02
3  1.591359e-01 -2.260444e-02  4.086735e-01  1.740894e-01  1.360162e-01  3.501921e+00 6 1 -1.000000e+00
 2.976844e-01 -8.593181e-02  1.616716e+00  0.000000e+00  0.000000e+00  1.639500e-01 -2.748653e-01  6.993354e-02  1.133457e-02
-9.799151e-02  1.631626e-02 -2.198995e-01  2.632750e+01  5.000000e-01  4.586327e-01 -2.151242e+00  4.612677e-01  2.394020e-01
-2.953635e-04  9.559543e-05  4.307894e-06  3.637688e+01  1.000000e+00  5.063282e+02 -7.688734e+01  1.315787e+02  5.057679e+02
3  3.087649e-02 -2.811116e-01  9.892080e-01  3.911733e-01  1.432973e-01  5.664305e+00 6 1 -1.000000e+00
 1.253133e-01 -6.847677e-01  2.843469e+00  0.000000e+00  0.000000e+00  2.785143e-01  3.823730e-01  1.504976e-01  1.500417e-02
-6.057576e-03  2.956783e-01 -4.074615e-01  8.742242e+01  5.000000e-01  5.930394e-01  1.608600e+00  1.795661e-01  2.057570e-01
 4.324450e-05  7.891107e-04  7.475802e-06  1.338325e+02  1.000000e+00  3.927270e+02  1.286947e+02 -5.588188e+01  3.914619e+02
3 -2.298413e-01 -3.781634e-01  1.142120e+00  4.923468e-01  1.256191e-01  8.955345e+00 6 1 -1.000000e+00
-1.520707e-01 -9.212571e-01  2.146952e+00  0.000000e+00  0.000000e+00  2.355860e-01  1.932441e-01 -2.849718e-01  2.768455e-02
 1.094280e-01  1.905234e-01 -2.696982e-01  4.003756e+01  5.000000e-01  1.102345e+00  6.785653e-01 -1.804958e+00  6.809545e-01
 6.284138e-03  1.441401e-02  2.726867e-03  4.246753e+01  1.000000e+00  2.132437e+01  5.650834e+00 -3.798290e+00  2.048395e+01
3 -2.403761e-01 -3.036952e-01  1.713324e+00  5.442840e-01  4.625064e-01  5.610045e+00 6 1 -1.000000e+00
-7.716360e-01 -9.566972e-01  2.108064e+00  0.000000e+00  0.000000e+00  2.719996e-01 -2.968137e-03 -2.358112e-01  1.060628e-02
 2.102857e-01  4.473363e-01 -9.749933e-01  6.890824e+01  5.000000e-01  7.894726e-01  5.374775e-01 -8.837918e-01  2.506453e-01
 2.373097e-03  6.290621e-03  2.471999e-04  8.564394e+01  1.000000e+00  7.771349e+01  3.815280e+01 -1.959630e+01  7.551553e+01
3  4.389510e-01  2.807363e-01  1.258295e+00  6.481040e-01  1.206959e-01  5.637568e+00 6 1 -1.000000e+00
 7.547032e-01  6.486120e-01  1.657712e+00  0.000000e+00  0.000000e+00  1.864032e-01 -8.023843e-02 -2.286059e-01  3.651231e-03
-2.494509e-01 -1.096628e-01 -2.000791e-01  7.075326e+01  5.000000e-01  5.436305e-01 -1.358175e+00 -1.833482e+00  2.072912e-01
-1.276478e-03 -3.464759e-04  9.731943e-06  8.961170e+01  1.000000e+00  3.404494e+02 -1.082025e+02  2.763526e+01  3.394848e+02
3 -1.279781e-01  4.097668e-01  1.141718e+00  4.676523e-01  1.220905e-01  3.434829e+00 6 1 -1.000000e+00
 5.364419e-02 -2.524428e-01 -2.615904e-01  6.240484e+01  5.000000e-01  9.844728e-01  1.732435e+00  9.064658e-01  6.566519e-01
-3.123578e-01  8.290201e-01  2.142594e+00  0.000000e+00  0.000000e+00  2.411129e-01  2.443327e-01  2.224571e-01  2.741862e-02
 1.741868e-03 -9.006908e-03  6.939191e-04  6.988448e+01  1.000000e+00  4.163143e+01  1.422137e+01  2.752360e+00  4.099913e+01
1  3.684432e+00  1.709237e+00  0.000000e+00  1.934948e+00  0.000000e+00  4.072721e+00 0 2 -1.000000e+00
 4.971096e+00  7.609364e-01  3.760140e+00  0.000000e+00  0.000000e+00  3.512859e-01 -2.455075e-01 -3.075848e-01  1.734461e-03
3  6.197903e-02 -7.993096e-02  5.294547e-01  2.325410e-01  7.564135e-01  7.104916e+00 6 1 -1.000000e+00
 2.631492e-01 -2.601269e-01  2.589696e+00  0.000000e+00  0.000000e+00  3.195964e-01  1.085571e-02  2.769214e-01  2.414275e-02
-6.734498e-02  1.535106e-01 -1.958881e+00  9.257968e+00  5.000000e-01  6.667967e-01  5.194110e-01  5.930702e-01  2.022638e-01
-2.128754e-03  3.632875e-03  3.622378e-03  1.138998e+01  1.000000e+00  1.786294e+01  2.685384e+00  1.041964e+00  1.657916e+01
3 -5.649511e-01 -4.352473e-01  8.869729e-01  3.634708e-01  3.144782e-01  5.331049e+00 6 1  2.783882e-01
 4.249268e-01 -6.033794e-01  2.118076e+00  0.000000e+00  0.000000e+00  3.010150e-01  8.611258e-02  9.506851e-02  4.900294e-03
 2.111844e-03  1.763311e-01 -6.660886e-01  5.862704e+01  5.000000e-01  1.397221e+00  1.283086e+00 -1.130363e-01  4.058529e-01
-6.711645e-04  1.645359e-02  1.071935e-02  6.087151e+01  1.000000e+00  1.239489e+01  6.032425e+00 -4.051233e-01  9.949647e+00
2  1.275314e+00  1.989528e+00  8.308999e+00  6.032873e+00  9.320384e-02  1.684017e+01 6 2 -1.000000e+00
 6.881457e+00  3.744257e+00  4.151231e+00  0.000000e+00  0.000000e+00  4.027082e-01  3.227769e-02 -3.388558e-01  9.415890e-05
-3.224973e-01 -3.960935e-01 -3.869107e-01  5.072687e+03  5.000000e-01  3.301326e+00  3.831579e-01 -2.780983e+00  2.405637e-01
1 -4.775181e-03  8.584277e-02  0.000000e+00  1.039667e-01  0.000000e+00  1.304784e+01 0 2 -1.000000e+00
-6.922886e-02  1.794155e-01  3.107685e+00  0.000000e+00  0.000000e+00  3.611202e-01  2.807051e-01  8.711559e-02  2.594057e-02
3  3.398162e+00  5.948742e+00  3.631911e+00  1.844579e+00  2.143699e-01  8.319479e+00 6 1  3.013659e-01
 2.207943e+00  1.994035e+00  2.480733e+00  0.000000e+00  0.000000e+00  3.158023e-01 -1.726418e-02 -2.544046e-01  8.412183e-03
-4.819839e-01 -4.462658e-01 -5.317944e-01  1.367564e+02  5.000000e-01  1.211758e+00  4.602482e-02 -1.386777e+00  3.983504e-01
-3.178463e-02 -2.468525e-02  2.467667e-03  1.433835e+02  1.000000e+00  2.324705e+01 -3.547005e+00 -8.781174e+00  2.132556e+01
3 -2.761374e+00  6.312293e-01  1.179899e+01  5.447713e+00  4.150114e-01  4.607217e+00 6 1 -1.000000e+00
-9.653943e+00  3.676746e+00  2.898098e+00  0.000000e+00  0.000000e+00  3.837096e-01 -1.497871e-01  1.110126e-01  1.503397e-03
 1.544917e+00 -3.832080e-02 -1.202744e+00  2.304709e+03  5.000000e-01  1.483073e+00 -1.030181e+00  5.932476e-02  3.181083e-01
 2.381804e-01 -3.966707e-03  2.538643e-02  2.325975e+03  1.000000e+00  8.590759e+00 -4.256299e+00 -3.352745e-01  6.586004e+00
1  2.174951e+00 -1.540368e+00  0.000000e+00  3.158218e+00  0.000000e+00  6.415661e+00 0 2  2.768024e-01
-2.524614e+00  8.878521e+00  3.642921e+00  0.000000e+00  0.000000e+00  3.475812e-01  2.677871e-01  2.818428e-01  1.770406e-04
3  8.549396e-01 -1.340215e-01  2.645282e+00  1.169279e+00  1.037260e-01  6.538596e+00 6 3 -1.000000e+00
 2.082125e+00 -5.632616e-01  3.004275e+00  0.000000e+00  0.000000e+00  3.623562e-01 -2.461377e-01  1.146596e-01  1.547283e-03
-4.924036e-01  4.445187e-02 -3.116215e-01  3.005547e+02  5.000000e-01  8.700440e-01 -1.767473e+00  3.192928e-01  1.160993e-01
-1.130610e-03  8.609312e-05  2.569780e-06  3.692159e+02  1.000000e+00  6.327890e+02 -9.623083e+01 -2.754187e+01  6.303275e+02
1  4.491344e-01 -1.071215e+00  0.000000e+00  5.113917e-01  0.000000e+00  8.730120e+00 0 2  2.953969e-01
 9.614343e-01  3.976046e-01  3.640724e+00  0.000000e+00  0.000000e+00  3.931200e-01 -1.140969e-01 -2.839271e-01  8.512984e-04
2 -2.163425e+00 -3.778392e+00  2.335267e+00  1.254421e+00  7.010331e-01  5.473754e+00 6 1  2.774173e-01
-1.590940e-01 -6.872934e-01 -1.947712e+00  1.957169e+02  5.000000e-01  7.873735e-01  6.039414e-01 -4.403269e-01  1.063163e-02
-6.867229e-01  1.587587e+00  2.778345e+00  0.000000e+00  0.000000e+00  3.665390e-01  1.808746e-01  9.290165e-02  1.084836e-03
5  3.237977e-01 -8.232717e-01  5.099057e-01  2.005836e-01  1.000000e+00  5.959815e+00 6 3  2.894313e-01
-4.702293e-02 -2.378031e-01 -5.688018e+00  1.805332e+00  5.000000e-01  5.303229e-01  6.285807e-01 -3.592986e-02  3.504738e-02
-1.839175e-01 -2.128489e-01  5.882918e+00  1.686232e+00  0.000000e+00  4.484964e-01  2.873246e-01 -2.271941e-01  3.128788e-02
 3.116100e-01 -9.261435e-02  2.891433e+00  0.000000e+00  0.000000e+00  3.591235e-01  1.336698e-02  2.543516e-01  1.339768e-02
-1.951506e-02  8.411329e-02 -4.368723e-01  7.693847e+00  5.000000e-01  1.128758e+00  1.351357e+00  6.923958e-01  3.364836e-01
-9.223895e-04  3.427510e-03  2.932736e-03  8.500099e+00  1.000000e+00  2.003699e+01  4.453964e+00  1.261194e+00  1.824893e+01
3 -6.152632e-01  6.262647e-01  4.009295e-01  2.094796e-01  7.438053e-01  4.355485e+00 6 1  2.783175e-01
-1.042186e-01  1.698808e-02 -1.756101e+00  1.251931e+01  5.000000e-01  1.175897e+00 -6.472804e-01  4.259236e-01  2.595459e-01
 2.457013e-01  2.126932e-01  2.360969e+00  0.000000e+00  0.000000e+00  3.422107e-01  2.221945e-02 -9.294176e-02  8.781144e-03
-1.051128e-02 -2.411201e-03  7.633648e-02  1.316565e+01  1.000000e+00  5.019300e+00 -1.747025e+00  5.270049e-02  3.167275e+00
3 -7.097427e-02 -2.718796e-01  7.048853e-01  4.062833e-01  1.752477e-01  3.165075e+00 6 1 -1.000000e+00
-7.337179e-02 -5.508012e-01  1.575792e+00  0.000000e+00  0.000000e+00  1.735407e-01  1.943946e-01 -1.031711e-01  5.720413e-03
 6.231810e-02  1.409008e-01 -2.761539e-01  1.317889e+02  5.000000e-01  4.912264e-01  1.450874e+00 -1.332286e+00  2.458482e-01
 6.954539e-04  1.306272e-03  5.641856e-05  1.591466e+02  1.000000e+00  1.379139e+02 -1.371641e+01 -2.885519e+01  1.373925e+02
3  2.483172e-02 -5.056677e-02  2.332327e-01  9.342950e-02  2.456927e-01  6.784968e+00 6 1 -1.000000e+00
 1.282201e-01 -1.273285e-01  2.337438e+00  0.000000e+00  0.000000e+00  3.246843e-01  7.702896e-02  1.493289e-01  1.712908e-02
-1.865621e-02  5.384771e-02 -5.742916e-01  7.614531e+00  5.000000e-01  8.541626e-01  1.182509e+00  6.035033e-01  3.104546e-01
-4.198765e-04  7.400274e-04  2.450964e-04  9.119276e+00  1.000000e+00  7.073699e+01  1.237486e+01  2.510147e+01  6.938177e+01
