# [0]nim, [1]snr, [2]snr_obs, [3]source_id, [4]ein, [5]fs, [6]frac_sh_trunc [7]snr_max [8]flag_out [9]zs [10]xs [11]ys
# [12+8*i]m_type_i, [13+8*i]zl_i, [14+8*i]mass_i, [15+8*i]xl_i, [16+8*i]yl_i
# [17+8*i]e_i, [18+8*i]p_i, [19+8*i]param1(con, tb, ...)_i, i=0,1,2,3,4
# i=0,1 correspond subhalos and satellite gals if not exist, stored -1, please extract using e.g. np.extract(arr > 0, arr)
# i=2,3 correspond host halos and central gals
# i=4 corresponds perturbation
# m_type: 1 = anfw, 2 = ahern, 3 = pert
# observable multi events: 597 (subhalo 152), high-mag events: 403
1  2.192538e+01  4.352346e+01  1.070570e+05  8.475797e+00 0 -1.000000e+00  4.352346e+01 2   3.7950  4.567848e+00  3.404624e+00 -1 -1.0000 -1.000000e+00 -1.000000e+00 -1.000000e+00 -1.000000e+00 -1.000000e+00 -1.000000e+00 -1 -1.0000 -1.000000e+00 -1.000000e+00 -1.000000e+00 -1.000000e+00 -1.000000e+00 -1.000000e+00  0  0.3890  2.842416e+14  0.000000e+00  0.000000e+00  3.367346e-01 -9.092277e+01  5.283483e+00  1  0.3890  6.397110e+11  0.000000e+00  0.000000e+00  5.057081e-01 -7.055027e+01  8.829994e-01  2  0.3890  3.794961e+00  0.000000e+00  0.000000e+00  9.547603e-02  1.708493e+02  0.000000e+00 
3  4.876255e+01  2.432724e+01  2.046200e+05  2.661552e-01 6 -1.000000e+00  6.408671e+01 1   1.3277 -8.265945e-02  2.206111e-01 -1 -1.0000 -1.000000e+00 -1.000000e+00 -1.000000e+00 -1.000000e+00 -1.000000e+00 -1.000000e+00 -1 -1.0000 -1.000000e+00 -1.000000e+00 -1.000000e+00 -1.000000e+00 -1.000000e+00 -1.000000e+00  0  0.6580  7.238657e+11  0.000000e+00  0.000000e+00  7.000223e-02 -2.826156e+01  6.059926e+00  1  0.6580  2.454489e+10  0.000000e+00  0.000000e+00  8.054140e-02 -4.358912e+01  6.071742e-02  2  0.6580  1.327651e+00  0.000000e+00  0.000000e+00  4.092318e-02  1.325819e+01  0.000000e+00 
1  6.018657e+00  1.049753e+01  1.821340e+05  1.219917e+00 0  2.840592e-01  1.049753e+01 2   4.1307  5.612390e+00 -5.237191e-01  0  0.9950  3.383572e+12  0.000000e+00  0.000000e+00  4.232647e-01  1.446742e+02  1.553265e+01  1  0.9950  8.300480e+10  0.000000e+00  0.000000e+00  2.393966e-01  1.036752e+02  2.879508e-01  2  0.9950  5.863341e+13  2.067698e+01 -2.977752e+00  3.813651e-01 -3.607014e+01  3.417683e+00  3  0.9950  2.501599e+11  2.067698e+01 -2.977752e+00  7.830696e-02 -9.058620e+01  1.211460e-01  4  0.9950  4.130664e+00  0.000000e+00  0.000000e+00  1.245577e-01 -8.470912e+01  0.000000e+00 
3  3.964733e+01  1.833347e+01  2.403170e+05  4.986293e-01 6 -1.000000e+00  5.470477e+01 1   5.9593  3.512216e-01 -3.952732e-01 -1 -1.0000 -1.000000e+00 -1.000000e+00 -1.000000e+00 -1.000000e+00 -1.000000e+00 -1.000000e+00 -1 -1.0000 -1.000000e+00 -1.000000e+00 -1.000000e+00 -1.000000e+00 -1.000000e+00 -1.000000e+00  0  1.2550  2.999476e+12  0.000000e+00  0.000000e+00  2.613657e-02 -1.457773e+02  4.785069e+00  1  1.2550  5.437876e+10  0.000000e+00  0.000000e+00  2.782547e-01 -1.909135e+02  4.319427e-02  2  1.2550  5.959286e+00  0.000000e+00  0.000000e+00  8.420126e-02 -6.897883e+01  0.000000e+00 
1  1.284525e+01  2.405676e+01  3.910250e+05  5.077516e-02 0 -1.000000e+00  2.405676e+01 2   3.8201 -2.787665e-03 -2.183457e-02 -1 -1.0000 -1.000000e+00 -1.000000e+00 -1.000000e+00 -1.000000e+00 -1.000000e+00 -1.000000e+00 -1 -1.0000 -1.000000e+00 -1.000000e+00 -1.000000e+00 -1.000000e+00 -1.000000e+00 -1.000000e+00  0  1.3070  2.066550e+11  0.000000e+00  0.000000e+00  1.234743e-01 -8.201855e+01  1.058382e+01  1  1.3070  1.266015e+09  0.000000e+00  0.000000e+00  2.442486e-01 -8.239395e+01  7.825031e-02  2  1.3070  3.820067e+00  0.000000e+00  0.000000e+00  5.828112e-02  1.060250e+02  0.000000e+00 
3  1.649899e+01  9.761020e+00  3.499740e+05  2.872301e-01 6  2.794264e-01  2.230771e+01 1   2.4827 -1.033285e+00  8.961755e-01  0  1.4230  1.358034e+12  0.000000e+00  0.000000e+00  3.361075e-01  1.076786e+02  7.535758e+00  1  1.4230  4.826348e+10  0.000000e+00  0.000000e+00  2.649535e-01  1.591855e+02  8.087151e-02  2  1.4230  2.221614e+13 -1.274136e+01  2.519074e+01  5.325849e-01  1.684496e+02  3.410116e+00  3  1.4230  1.200929e+11 -1.274136e+01  2.519074e+01  3.226460e-02  1.853675e+02  5.901279e-02  4  1.4230  2.482743e+00  0.000000e+00  0.000000e+00  1.223936e-01  1.561892e+02  0.000000e+00 
1  8.813302e+00  1.644960e+01  7.181400e+04  7.900128e-01 0  2.628799e-01  1.644960e+01 2   3.8884  4.883004e-01 -3.890388e+00  0  1.5790  6.580083e+12  0.000000e+00  0.000000e+00  3.910220e-01  4.717590e+01  7.912684e+00  1  1.5790  5.685169e+10  0.000000e+00  0.000000e+00  7.423378e-02  4.283991e+01  8.131993e-02  2  1.5790  1.200348e+14  1.473629e+01 -5.258248e+01  4.084540e-01  1.894256e+01  3.759478e+00  3  1.5790  2.655244e+11  1.473629e+01 -5.258248e+01  1.285338e-01  5.753121e+00  9.097756e-02  4  1.5790  3.888427e+00  0.000000e+00  0.000000e+00  1.111557e-01 -1.035523e+02  0.000000e+00 
3  1.211235e+01  9.078510e+00  1.831350e+05  5.900286e-01 6 -1.000000e+00  1.621648e+01 1   5.6746  2.579380e-01  3.412359e-01 -1 -1.0000 -1.000000e+00 -1.000000e+00 -1.000000e+00 -1.000000e+00 -1.000000e+00 -1.000000e+00 -1 -1.0000 -1.000000e+00 -1.000000e+00 -1.000000e+00 -1.000000e+00 -1.000000e+00 -1.000000e+00  0  0.4300  1.417030e+12  0.000000e+00  0.000000e+00  2.133163e-01  9.444825e+00  6.435621e+00  1  0.4300  6.284928e+10  0.000000e+00  0.000000e+00  2.940451e-01  1.274289e+01  1.668380e-01  2  0.4300  5.674572e+00  0.000000e+00  0.000000e+00  3.866105e-02 -1.549423e+02  0.000000e+00 
1  2.617305e+01  5.160125e+01  1.523500e+04  3.527996e-01 0 -1.000000e+00  5.160125e+01 2   3.4078 -3.582829e-02  5.137808e-01 -1 -1.0000 -1.000000e+00 -1.000000e+00 -1.000000e+00 -1.000000e+00 -1.000000e+00 -1.000000e+00 -1 -1.0000 -1.000000e+00 -1.000000e+00 -1.000000e+00 -1.000000e+00 -1.000000e+00 -1.000000e+00  0  0.5270  1.418748e+12  0.000000e+00  0.000000e+00  2.017292e-02 -1.589058e+02  9.126598e+00  1  0.5270  5.207013e+10  0.000000e+00  0.000000e+00  6.795278e-01 -1.734856e+02  2.273219e-01  2  0.5270  3.407756e+00  0.000000e+00  0.000000e+00  1.010346e-01  9.350732e+00  0.000000e+00 
3  1.764381e+01  6.794085e+00  3.011500e+05  6.866327e-01 6 -1.000000e+00  2.071593e+01 1   5.2165 -2.993272e-01  7.569825e-01 -1 -1.0000 -1.000000e+00 -1.000000e+00 -1.000000e+00 -1.000000e+00 -1.000000e+00 -1.000000e+00 -1 -1.0000 -1.000000e+00 -1.000000e+00 -1.000000e+00 -1.000000e+00 -1.000000e+00 -1.000000e+00  0  0.5840  1.097856e+12  0.000000e+00  0.000000e+00  4.001318e-01 -5.416298e+01  1.102374e+01  1  0.5840  5.812000e+10  0.000000e+00  0.000000e+00  2.342656e-01 -3.450954e+01  8.045370e-02  2  0.5840  5.216502e+00  0.000000e+00  0.000000e+00  5.593296e-02 -4.664375e+01  0.000000e+00 
3  3.878984e+01  1.532003e+01  1.539990e+05  7.324077e-01 6 -1.000000e+00  9.417729e+01 2   5.4597 -7.703096e-03  7.203308e-01 -1 -1.0000 -1.000000e+00 -1.000000e+00 -1.000000e+00 -1.000000e+00 -1.000000e+00 -1.000000e+00 -1 -1.0000 -1.000000e+00 -1.000000e+00 -1.000000e+00 -1.000000e+00 -1.000000e+00 -1.000000e+00  0  0.9430  9.314661e+12  0.000000e+00  0.000000e+00  3.985462e-01 -1.945528e+01  4.646088e+00  1  0.9430  1.260481e+11  0.000000e+00  0.000000e+00  5.825982e-01  2.173226e+01  6.826201e-02  2  0.9430  5.459732e+00  0.000000e+00  0.000000e+00  1.958106e-01 -1.657766e+02  0.000000e+00 
3  6.691608e+00  5.329273e+00  2.249680e+05  7.729829e-01 6 -1.000000e+00  9.518731e+00 1   7.2660  1.897065e-01 -2.446911e-01 -1 -1.0000 -1.000000e+00 -1.000000e+00 -1.000000e+00 -1.000000e+00 -1.000000e+00 -1.000000e+00 -1 -1.0000 -1.000000e+00 -1.000000e+00 -1.000000e+00 -1.000000e+00 -1.000000e+00 -1.000000e+00  0  1.0040  3.150355e+12  0.000000e+00  0.000000e+00  3.865120e-01 -7.474033e+01  4.807676e+00  1  1.0040  7.886675e+10  0.000000e+00  0.000000e+00  2.195313e-01 -6.581703e+01  8.313406e-02  2  1.0040  7.266045e+00  0.000000e+00  0.000000e+00  1.676594e-01  6.599881e+01  0.000000e+00 
3  9.171911e+00  6.791889e+00  3.279970e+05  5.105433e-01 6 -1.000000e+00  1.440925e+01 1   4.9800  5.670543e-02 -2.095279e-01 -1 -1.0000 -1.000000e+00 -1.000000e+00 -1.000000e+00 -1.000000e+00 -1.000000e+00 -1.000000e+00 -1 -1.0000 -1.000000e+00 -1.000000e+00 -1.000000e+00 -1.000000e+00 -1.000000e+00 -1.000000e+00  0  1.3500  3.336099e+12  0.000000e+00  0.000000e+00  3.972105e-01  7.479204e+01  3.572400e+00  1  1.3500  5.864133e+10  0.000000e+00  0.000000e+00  2.348299e-01  5.939255e+01  9.708021e-02  2  1.3500  4.980009e+00  0.000000e+00  0.000000e+00  1.547895e-01 -1.529642e+02  0.000000e+00 
3  1.243171e+01  8.544047e+00  1.258000e+05  3.311002e-01 6 -1.000000e+00  1.642400e+01 1   5.4023 -5.440133e-02  1.720304e-01 -1 -1.0000 -1.000000e+00 -1.000000e+00 -1.000000e+00 -1.000000e+00 -1.000000e+00 -1.000000e+00 -1 -1.0000 -1.000000e+00 -1.000000e+00 -1.000000e+00 -1.000000e+00 -1.000000e+00 -1.000000e+00  0  1.4810  1.081358e+12  0.000000e+00  0.000000e+00  2.088609e-01  8.883498e+01  4.525493e+00  1  1.4810  2.731113e+10  0.000000e+00  0.000000e+00  3.087044e-01  6.164257e+01  6.871310e-02  2  1.4810  5.402268e+00  0.000000e+00  0.000000e+00  1.708087e-01  6.542518e+01  0.000000e+00 
1  1.515493e+00  2.839544e+00  2.519780e+05  1.669655e-01 0 -1.000000e+00  2.839544e+00 2  17.0500  1.402841e-01 -8.855016e-02 -1 -1.0000 -1.000000e+00 -1.000000e+00 -1.000000e+00 -1.000000e+00 -1.000000e+00 -1.000000e+00 -1 -1.0000 -1.000000e+00 -1.000000e+00 -1.000000e+00 -1.000000e+00 -1.000000e+00 -1.000000e+00  0  1.5000  4.186115e+11  0.000000e+00  0.000000e+00  1.189275e-01  1.093270e+02  6.844846e+00  1  1.5000  4.162797e+09  0.000000e+00  0.000000e+00  5.412852e-02  1.017944e+02  3.581814e-02  2  1.5000  1.705004e+01  0.000000e+00  0.000000e+00  1.904404e-01 -1.354752e+02  0.000000e+00 
3  3.937516e+00  8.930829e-01  3.712820e+05  4.090814e-01 6  2.718735e-01  6.924857e+00 2   3.7382  1.126056e+00  1.169051e-01  0  1.8440  1.688409e+12  0.000000e+00  0.000000e+00  2.122661e-01 -1.219798e+02  5.547950e+00  1  1.8440  5.671325e+10  0.000000e+00  0.000000e+00  5.873182e-01 -1.277827e+02  4.172278e-02  2  1.8440  3.477033e+12  3.215530e+00  6.422076e-01  1.564287e-01 -6.619245e+01  7.102599e+00  3  1.8440  1.146670e+11  3.215530e+00  6.422076e-01  6.140443e-01 -1.130323e+02  6.953811e-02  4  1.8440  3.738223e+00  0.000000e+00  0.000000e+00  3.119705e-02 -1.062827e+02  0.000000e+00 
1  1.063586e+01  2.047551e+01  2.703190e+05  5.426506e+00 0 -1.000000e+00  2.047551e+01 2   5.1970  6.814471e+00 -1.404352e+00 -1 -1.0000 -1.000000e+00 -1.000000e+00 -1.000000e+00 -1.000000e+00 -1.000000e+00 -1.000000e+00 -1 -1.0000 -1.000000e+00 -1.000000e+00 -1.000000e+00 -1.000000e+00 -1.000000e+00 -1.000000e+00  0  0.5020  1.723657e+14  0.000000e+00  0.000000e+00  3.586678e-01 -1.080226e+02  4.842811e+00  1  0.5020  5.566316e+11  0.000000e+00  0.000000e+00  5.669828e-01 -1.329555e+02  5.101586e-01  2  0.5020  5.196973e+00  0.000000e+00  0.000000e+00  2.899131e-02 -1.375518e+02  0.000000e+00 
3  5.820591e+00  5.938703e+00  3.769200e+04  7.031122e-01 6 -1.000000e+00  9.011895e+00 1   8.1452  7.468412e-02  3.164371e-01 -1 -1.0000 -1.000000e+00 -1.000000e+00 -1.000000e+00 -1.000000e+00 -1.000000e+00 -1.000000e+00 -1 -1.0000 -1.000000e+00 -1.000000e+00 -1.000000e+00 -1.000000e+00 -1.000000e+00 -1.000000e+00  0  0.6180  3.089183e+12  0.000000e+00  0.000000e+00  4.353685e-03  1.189099e+02  4.124048e+00  1  0.6180  7.904620e+10  0.000000e+00  0.000000e+00  1.870575e-01  5.002207e+01  1.792122e-01  2  0.6180  8.145174e+00  0.000000e+00  0.000000e+00  2.176618e-02 -1.382033e+02  0.000000e+00 
3  1.174927e+01  6.547573e+00  3.528650e+05  2.374448e-01 6  3.017737e-01  1.461552e+01 1   2.6775 -6.774949e-01 -1.020994e+00  0  0.8780  3.669107e+11  0.000000e+00  0.000000e+00  3.320934e-01  1.174374e+02  8.881637e+00  1  0.8780  1.165162e+10  0.000000e+00  0.000000e+00  4.933579e-01  1.226662e+02  3.178220e-02  2  0.8780  1.107867e+13 -1.711983e+01 -2.049510e+01  1.969003e-01 -4.011029e+00  5.289313e+00  3  0.8780  8.240137e+10 -1.711983e+01 -2.049510e+01  3.779214e-01 -1.899277e-01  6.949892e-02  4  0.8780  2.677454e+00  0.000000e+00  0.000000e+00  1.945374e-02  1.733730e+02  0.000000e+00 
3  1.920552e+01  1.700132e+01  2.290930e+05  1.985660e-01 6 -1.000000e+00  2.911873e+01 1   3.0328 -1.112337e-01  6.878588e-02 -1 -1.0000 -1.000000e+00 -1.000000e+00 -1.000000e+00 -1.000000e+00 -1.000000e+00 -1.000000e+00 -1 -1.0000 -1.000000e+00 -1.000000e+00 -1.000000e+00 -1.000000e+00 -1.000000e+00 -1.000000e+00  0  0.9000  4.676701e+11  0.000000e+00  0.000000e+00  3.537218e-01  1.631795e+02  1.172967e+01  1  0.9000  9.479053e+09  0.000000e+00  0.000000e+00  2.258028e-01  2.021565e+02  5.779537e-02  2  0.9000  3.032813e+00  0.000000e+00  0.000000e+00  1.179579e-01 -8.384403e+01  0.000000e+00 
1  1.868387e+01  3.958624e+01  1.734180e+05  2.093074e+00 0  2.729116e-01  3.958624e+01 2   4.5250  7.645220e+00  4.385695e+00  0  1.0430  1.559679e+13  0.000000e+00  0.000000e+00  4.252181e-01 -6.340199e+01  8.137204e+00  1  1.0430  9.327892e+10  0.000000e+00  0.000000e+00  5.131684e-01 -9.443355e+01  2.052489e-01  2  1.0430  1.390018e+14  2.187947e+01  1.323880e+01  1.886603e-01 -1.567203e+02  1.973220e+00  3  1.0430  3.022214e+11  2.187947e+01  1.323880e+01  2.939357e-01 -2.184896e+02  1.426458e-01  4  1.0430  4.524963e+00  0.000000e+00  0.000000e+00  1.092016e-01  1.395825e+02  0.000000e+00 
3  1.907248e+01  1.595248e+01  2.900970e+05  2.441498e-01 6  2.765874e-01  3.588131e+01 3   3.0386  7.858516e-02  2.531769e-01  0  1.1760  5.412292e+11  0.000000e+00  0.000000e+00  1.292110e-01  6.304480e+00  9.018085e+00  1  1.1760  1.786981e+10  0.000000e+00  0.000000e+00  4.439054e-01 -4.597907e+01  5.325608e-02  2  1.1760  1.102675e+12  1.930551e+00  3.745120e+00  1.798140e-01  5.279050e+01  6.471647e+00  3  1.1760  7.011046e+10  1.930551e+00  3.745120e+00  2.104803e-01  9.262508e+01  4.883939e-02  4  1.1760  3.038589e+00  0.000000e+00  0.000000e+00  7.988313e-02 -6.295253e+01  0.000000e+00 
3  9.774567e+00  6.709947e+00  3.107220e+05  3.900104e-01 6 -1.000000e+00  1.407100e+01 1   4.8171 -2.694538e-02  1.726657e-01 -1 -1.0000 -1.000000e+00 -1.000000e+00 -1.000000e+00 -1.000000e+00 -1.000000e+00 -1.000000e+00 -1 -1.0000 -1.000000e+00 -1.000000e+00 -1.000000e+00 -1.000000e+00 -1.000000e+00 -1.000000e+00  0  1.1780  9.735713e+11  0.000000e+00  0.000000e+00  2.377066e-01 -1.347970e+02  7.654102e+00  1  1.1780  2.354486e+10  0.000000e+00  0.000000e+00  1.533427e-01 -1.027147e+02  3.249019e-02  2  1.1780  4.817071e+00  0.000000e+00  0.000000e+00  1.727419e-01 -1.381902e+02  0.000000e+00 
1  2.259205e+01  4.018632e+01  1.347960e+05  7.962922e-02 0  2.894329e-01  4.018632e+01 2   3.7343 -5.295834e-02 -3.409982e-01  0  1.2600  9.211773e+10  0.000000e+00  0.000000e+00  8.598040e-02 -2.929577e+01  2.629909e+01  1  1.2600  4.553826e+08  0.000000e+00  0.000000e+00  7.947906e-02 -4.453801e+01  1.663154e-01  2  1.2600  8.948206e+11 -1.319753e+00 -6.245779e+00  2.594364e-01 -1.222619e+02  6.177749e+00  3  1.2600  2.584061e+10 -1.319753e+00 -6.245779e+00  1.923651e-01 -1.254374e+02  1.642358e-01  4  1.2600  3.734299e+00  0.000000e+00  0.000000e+00  1.126580e-01 -1.379053e+02  0.000000e+00 
3  6.906382e+00  3.580280e+00  3.616670e+05  5.877705e-01 6 -1.000000e+00  1.262390e+01 2   9.0761 -5.037952e-01 -1.537698e-01 -1 -1.0000 -1.000000e+00 -1.000000e+00 -1.000000e+00 -1.000000e+00 -1.000000e+00 -1.000000e+00 -1 -1.0000 -1.000000e+00 -1.000000e+00 -1.000000e+00 -1.000000e+00 -1.000000e+00 -1.000000e+00  0  1.4290  4.537980e+12  0.000000e+00  0.000000e+00  7.562358e-02  4.445143e+01  4.830768e+00  1  1.4290  6.436430e+10  0.000000e+00  0.000000e+00  3.733435e-01 -8.813391e+00  9.349192e-02  2  1.4290  9.076068e+00  0.000000e+00  0.000000e+00  8.715038e-02 -7.516415e+01  0.000000e+00 
3  6.711295e+00  8.616184e+00  1.810260e+05  1.719576e-01 6 -1.000000e+00  1.112120e+01 1   3.5518  6.711826e-02 -1.004523e-02 -1 -1.0000 -1.000000e+00 -1.000000e+00 -1.000000e+00 -1.000000e+00 -1.000000e+00 -1.000000e+00 -1 -1.0000 -1.000000e+00 -1.000000e+00 -1.000000e+00 -1.000000e+00 -1.000000e+00 -1.000000e+00  0  2.4930  1.220498e+12  0.000000e+00  0.000000e+00  3.512135e-01  1.552089e+02  7.647766e+00  1  2.4930  2.631235e+10  0.000000e+00  0.000000e+00  1.240845e-02  1.060708e+02  5.195879e-02  2  2.4930  3.551814e+00  0.000000e+00  0.000000e+00  2.709992e-02 -1.059699e+02  0.000000e+00 
3  1.145513e+01  1.003958e+01  8.016000e+04  3.667231e-01 6  2.701003e-01  2.006403e+01 3   5.8737  6.686055e-01  2.188686e-01  0  2.5870  1.028844e+12  0.000000e+00  0.000000e+00  4.935718e-02 -2.191520e+00  8.109335e+00  1  2.5870  3.183984e+10  0.000000e+00  0.000000e+00  3.801723e-01 -1.134299e+01  2.612661e-02  2  2.5870  2.773504e+12  1.924041e+00  9.353364e-01  4.340653e-01  1.771785e+02  4.741064e+00  3  2.5870  7.708772e+10  1.924041e+00  9.353364e-01  1.853932e-01  2.261624e+02  7.844484e-02  4  2.5870  5.873732e+00  0.000000e+00  0.000000e+00  1.304844e-01  1.623925e+02  0.000000e+00 
3  3.930757e+00  1.565412e+00  2.516210e+05  1.325401e+00 6 -1.000000e+00  6.931669e+00 2   9.6185  1.139942e+00  1.161131e-01 -1 -1.0000 -1.000000e+00 -1.000000e+00 -1.000000e+00 -1.000000e+00 -1.000000e+00 -1.000000e+00 -1 -1.0000 -1.000000e+00 -1.000000e+00 -1.000000e+00 -1.000000e+00 -1.000000e+00 -1.000000e+00  0  0.2800  7.064694e+12  0.000000e+00  0.000000e+00  1.586861e-01  7.230104e+01  8.655708e+00  1  0.2800  9.034214e+10  0.000000e+00  0.000000e+00  2.323655e-01  5.263061e+01  1.256378e-01  2  0.2800  9.618451e+00  0.000000e+00  0.000000e+00  1.092524e-01  9.884801e+01  0.000000e+00 
1  3.195037e+00  7.648339e+00  4.277500e+04  2.199330e+00 0 -1.000000e+00  7.648339e+00 2  12.3121  7.729462e-01  7.907227e-01 -1 -1.0000 -1.000000e+00 -1.000000e+00 -1.000000e+00 -1.000000e+00 -1.000000e+00 -1.000000e+00 -1 -1.0000 -1.000000e+00 -1.000000e+00 -1.000000e+00 -1.000000e+00 -1.000000e+00 -1.000000e+00  0  0.2900  2.867916e+13  0.000000e+00  0.000000e+00  3.672699e-01 -6.700129e+01  7.625086e+00  1  0.2900  2.142603e+11  0.000000e+00  0.000000e+00  2.371178e-01 -5.212087e+01  7.190354e-01  2  0.2900  1.231207e+01  0.000000e+00  0.000000e+00  9.442306e-02  1.476017e+02  0.000000e+00 
3  1.073077e+01  8.493196e+00  3.012500e+05  1.669475e+00 6  3.051610e-01  1.825395e+01 1   3.8472 -5.184356e+00 -1.598336e+00  0  0.3630  3.845520e+12  0.000000e+00  0.000000e+00  2.710721e-01 -1.647917e+02  2.174070e+01  1  0.3630  7.855708e+10  0.000000e+00  0.000000e+00  4.303765e-01 -1.397188e+02  1.885164e-01  2  0.3630  9.346993e+13 -4.777787e+01 -2.001120e+01  4.037236e-01 -7.432308e+01  3.548859e+00  3  0.3630  3.902125e+11 -4.777787e+01 -2.001120e+01  3.717697e-01 -7.197434e+01  1.113709e+00  4  0.3630  3.847241e+00  0.000000e+00  0.000000e+00  7.545979e-02 -1.484170e+00  0.000000e+00 
3  6.240180e+01  3.343297e+01  2.011800e+05  5.620991e-01 6 -1.000000e+00  1.010216e+02 1   4.0844  1.205473e-01 -4.149502e-01 -1 -1.0000 -1.000000e+00 -1.000000e+00 -1.000000e+00 -1.000000e+00 -1.000000e+00 -1.000000e+00 -1 -1.0000 -1.000000e+00 -1.000000e+00 -1.000000e+00 -1.000000e+00 -1.000000e+00 -1.000000e+00  0  0.5400  1.056357e+12  0.000000e+00  0.000000e+00  3.612033e-02 -1.511639e+02  6.898047e+00  1  0.5400  5.597299e+10  0.000000e+00  0.000000e+00  2.108396e-01 -1.608737e+02  1.054510e-01  2  0.5400  4.084424e+00  0.000000e+00  0.000000e+00  7.966907e-02 -1.702843e+02  0.000000e+00 
3  3.807376e+01  2.509713e+01  5.024200e+04  3.117275e-01 6 -1.000000e+00  4.877097e+01 1   1.4011 -1.652623e-01 -1.604538e-01 -1 -1.0000 -1.000000e+00 -1.000000e+00 -1.000000e+00 -1.000000e+00 -1.000000e+00 -1.000000e+00 -1 -1.0000 -1.000000e+00 -1.000000e+00 -1.000000e+00 -1.000000e+00 -1.000000e+00 -1.000000e+00  0  0.9600  2.293784e+12  0.000000e+00  0.000000e+00  2.272704e-01  5.849253e+01  4.430417e+00  1  0.9600  6.985698e+10  0.000000e+00  0.000000e+00  2.561402e-01  6.463190e+01  1.103588e-01  2  0.9600  1.401104e+00  0.000000e+00  0.000000e+00  1.736662e-02 -5.714158e+01  0.000000e+00 
5  9.061025e+00  2.064037e+01  4.044900e+04  8.631792e-02 6 -1.000000e+00  6.114426e+01 3   4.0537 -9.439096e-04  1.055202e-02 -1 -1.0000 -1.000000e+00 -1.000000e+00 -1.000000e+00 -1.000000e+00 -1.000000e+00 -1.000000e+00 -1 -1.0000 -1.000000e+00 -1.000000e+00 -1.000000e+00 -1.000000e+00 -1.000000e+00 -1.000000e+00  0  1.0150  3.792723e+11  0.000000e+00  0.000000e+00  2.178074e-01 -1.150499e+02  4.927882e+00  1  1.0150  6.250000e+09  0.000000e+00  0.000000e+00  1.216109e-01 -1.519705e+02  1.304701e-01  2  1.0150  4.053652e+00  0.000000e+00  0.000000e+00  9.561159e-02  8.978594e+01  0.000000e+00 
3  1.686386e+00  4.187683e-01  4.004070e+05  1.033204e+00 6 -1.000000e+00  3.079224e+00 2   7.9596 -9.725613e-01 -3.269684e-01 -1 -1.0000 -1.000000e+00 -1.000000e+00 -1.000000e+00 -1.000000e+00 -1.000000e+00 -1.000000e+00 -1 -1.0000 -1.000000e+00 -1.000000e+00 -1.000000e+00 -1.000000e+00 -1.000000e+00 -1.000000e+00  0  1.0320  8.078904e+12  0.000000e+00  0.000000e+00  1.064961e-01  9.825785e+01  4.583010e+00  1  1.0320  9.340948e+10  0.000000e+00  0.000000e+00  2.472263e-01  7.873324e+01  7.440297e-02  2  1.0320  7.959643e+00  0.000000e+00  0.000000e+00  1.681468e-01  1.225246e+02  0.000000e+00 
2  6.026107e+00  7.944211e-01  2.910450e+05  1.021535e+00 6  2.772414e-01  1.055627e+01 2   8.7863  3.172718e+00  1.429323e+00  0  1.2060  3.492725e+12  0.000000e+00  0.000000e+00  2.234451e-01  2.803124e+01  7.708656e+00  1  1.2060  6.922753e+10  0.000000e+00  0.000000e+00  1.727584e-01 -1.228553e+01  3.265427e-02  2  1.2060  1.651321e+13  6.256016e+00  5.207411e+00  1.058581e-01  1.454386e+02  5.513616e+00  3  1.2060  1.390198e+11  6.256016e+00  5.207411e+00  3.887989e-01  1.489988e+02  1.162295e-01  4  1.2060  8.786308e+00  0.000000e+00  0.000000e+00  1.384307e-01 -1.040454e+02  0.000000e+00 
5  4.486637e+00  6.722220e+00  2.807490e+05  1.717427e-01 6 -1.000000e+00  1.175263e+01 3   5.6435 -4.394911e-02  1.563883e-02 -1 -1.0000 -1.000000e+00 -1.000000e+00 -1.000000e+00 -1.000000e+00 -1.000000e+00 -1.000000e+00 -1 -1.0000 -1.000000e+00 -1.000000e+00 -1.000000e+00 -1.000000e+00 -1.000000e+00 -1.000000e+00  0  2.0660  7.554287e+11  0.000000e+00  0.000000e+00  3.916388e-01  2.996652e+01  5.968419e+00  1  2.0660  1.203486e+10  0.000000e+00  0.000000e+00  3.468179e-01 -6.128831e+00  2.535557e-02  2  2.0660  5.643469e+00  0.000000e+00  0.000000e+00  1.195181e-01  3.250692e+01  0.000000e+00 
1  1.434737e+01  2.488388e+01  1.872610e+05  3.229797e-01 0  2.944267e-01  2.488388e+01 2   4.1469 -8.026248e-01  3.528541e-02  0  0.7090  4.004301e+11  0.000000e+00  0.000000e+00  1.821174e-01 -4.408897e+01  1.905434e+01  1  0.7090  1.545963e+10  0.000000e+00  0.000000e+00  2.402226e-01 -9.240738e+01  2.758597e-01  2  0.7090  3.083855e+12 -1.842957e+01  7.350796e+00  1.468239e-01 -1.536997e+02  8.935780e+00  3  0.7090  6.835990e+10 -1.842957e+01  7.350796e+00  2.608909e-01 -1.687819e+02  6.164517e-02  4  0.7090  4.146911e+00  0.000000e+00  0.000000e+00  5.121815e-02  1.159911e+02  0.000000e+00 
3  4.947378e+01  4.570607e+01  1.751040e+05  5.551188e-01 6  3.073088e-01  6.909744e+01 1   1.9326 -1.390613e+00 -5.763331e-01  0  0.7410  6.392233e+11  0.000000e+00  0.000000e+00  2.445032e-01  1.244298e+02  3.461918e+01  1  0.7410  2.567729e+10  0.000000e+00  0.000000e+00  3.985172e-01  1.328299e+02  1.104637e-01  2  0.7410  2.664708e+13 -6.143650e+01 -6.104351e+00  3.558681e-01  6.183136e+01  4.208934e+00  3  0.7410  1.375212e+11 -6.143650e+01 -6.104351e+00  3.595756e-01  9.832601e+01  1.734989e-01  4  0.7410  1.932648e+00  0.000000e+00  0.000000e+00  7.497336e-02  8.441556e+01  0.000000e+00 
3  3.722113e+00  9.727131e-01  2.231390e+05  9.237830e-01 6 -1.000000e+00  7.013353e+00 2  11.2108  3.954434e-01 -8.438315e-01 -1 -1.0000 -1.000000e+00 -1.000000e+00 -1.000000e+00 -1.000000e+00 -1.000000e+00 -1.000000e+00 -1 -1.0000 -1.000000e+00 -1.000000e+00 -1.000000e+00 -1.000000e+00 -1.000000e+00 -1.000000e+00  0  1.4960  1.261979e+13  0.000000e+00  0.000000e+00  3.046489e-01  4.171908e+01  3.058492e+00  1  1.4960  1.149604e+11  0.000000e+00  0.000000e+00  5.607822e-01  5.253091e+01  9.943548e-02  2  1.4960  1.121084e+01  0.000000e+00  0.000000e+00  1.048988e-01  3.395183e+01  0.000000e+00 
3  5.317818e+00  5.090931e+00  2.198650e+05  2.801707e-01 6  2.719232e-01  8.520527e+00 1  10.1431 -1.175590e-01  3.436272e-01  0  1.9230  6.554953e+11  0.000000e+00  0.000000e+00  1.139715e-01 -1.316347e+02  7.586553e+00  1  1.9230  1.403517e+10  0.000000e+00  0.000000e+00  4.361101e-01 -2.014220e+02  1.525929e-02  2  1.9230  1.260848e+12 -1.676765e+00  4.003102e+00  1.130046e-01 -1.750932e+01  5.977607e+00  3  1.9230  3.396431e+10 -1.676765e+00  4.003102e+00  6.123033e-02  4.945699e+01  2.037575e-02  4  1.9230  1.014305e+01  0.000000e+00  0.000000e+00  1.790629e-01  1.729441e+02  0.000000e+00 
4  6.116234e+00  1.074473e+01  6.596100e+04  9.043911e-01 6 -1.000000e+00  1.107787e+01 3  10.1417 -1.773291e-01 -6.367605e-02 -1 -1.0000 -1.000000e+00 -1.000000e+00 -1.000000e+00 -1.000000e+00 -1.000000e+00 -1.000000e+00 -1 -1.0000 -1.000000e+00 -1.000000e+00 -1.000000e+00 -1.000000e+00 -1.000000e+00 -1.000000e+00  0  2.0930  5.153085e+12  0.000000e+00  0.000000e+00  2.699160e-01  1.386842e+02  4.409431e+00  1  2.0930  1.204886e+11  0.000000e+00  0.000000e+00  4.083938e-02  1.436982e+02  4.655605e-02  2  2.0930  1.014165e+01  0.000000e+00  0.000000e+00  1.923759e-01 -7.657646e+01  0.000000e+00 
3  4.610436e+01  2.401029e+01  2.870010e+05  7.706428e-01 6  3.090974e-01  5.553337e+01 1   1.6632 -1.680437e+00  2.147280e+00  0  0.3170  1.325946e+12  0.000000e+00  0.000000e+00  5.997404e-01  7.301941e+01  1.382656e+01  1  0.3170  4.941976e+10  0.000000e+00  0.000000e+00  6.706361e-02  6.200451e+01  1.690201e-01  2  0.3170  2.509236e+13 -4.723454e+01  3.579470e+01  2.210754e-01 -1.213793e+02  6.281976e+00  3  0.3170  2.335579e+11 -4.723454e+01  3.579470e+01  2.343187e-01 -1.612922e+02  1.060569e+00  4  0.3170  1.663242e+00  0.000000e+00  0.000000e+00  1.003219e-02 -1.505860e+02  0.000000e+00 
3  2.193614e+01  1.646256e+01  1.706350e+05  7.210304e-01 6 -1.000000e+00  2.929999e+01 1   4.0529 -5.260900e-01 -1.757929e-01 -1 -1.0000 -1.000000e+00 -1.000000e+00 -1.000000e+00 -1.000000e+00 -1.000000e+00 -1.000000e+00 -1 -1.0000 -1.000000e+00 -1.000000e+00 -1.000000e+00 -1.000000e+00 -1.000000e+00 -1.000000e+00  0  0.6010  6.609676e+12  0.000000e+00  0.000000e+00  2.746391e-01  1.794796e+02  4.186103e+00  1  0.6010  9.246574e+10  0.000000e+00  0.000000e+00  2.436817e-01  1.342106e+02  2.402733e-01  2  0.6010  4.052898e+00  0.000000e+00  0.000000e+00  1.841993e-01 -1.356499e+02  0.000000e+00 
3  4.395173e+01  3.091848e+01  3.094700e+05  3.485577e-01 6 -1.000000e+00  5.549382e+01 1   2.1180 -2.196121e-01 -9.121627e-02 -1 -1.0000 -1.000000e+00 -1.000000e+00 -1.000000e+00 -1.000000e+00 -1.000000e+00 -1.000000e+00 -1 -1.0000 -1.000000e+00 -1.000000e+00 -1.000000e+00 -1.000000e+00 -1.000000e+00 -1.000000e+00  0  0.6670  1.234501e+12  0.000000e+00  0.000000e+00  4.400965e-01 -1.189855e+02  6.136224e+00  1  0.6670  2.706910e+10  0.000000e+00  0.000000e+00  2.865376e-01 -1.195414e+02  1.089593e-01  2  0.6670  2.118043e+00  0.000000e+00  0.000000e+00  8.210624e-02 -1.450303e+02  0.000000e+00 
3  3.927605e+01  5.326417e+01  9.786200e+04  8.008656e-01 6  2.956388e-01  5.400399e+01 1   2.3571  1.297850e+00  7.287688e-02  0  0.6780  1.354321e+12  0.000000e+00  0.000000e+00  1.777515e-01 -6.346532e+01  2.327580e+01  1  0.6780  4.822302e+10  0.000000e+00  0.000000e+00  6.692198e-02 -6.367742e+01  2.055090e-01  2  0.6780  1.562302e+13  2.858713e+01 -5.754164e+00  1.609782e-01  1.554265e+02  2.918050e+00  3  0.6780  1.175868e+11  2.858713e+01 -5.754164e+00  3.622429e-01  1.356016e+02  1.441668e-01  4  0.6780  2.357072e+00  0.000000e+00  0.000000e+00  1.016708e-01  1.169234e+02  0.000000e+00 
3  1.812159e+01  9.357184e+00  3.318790e+05  1.065452e+00 6 -1.000000e+00  2.445001e+01 1   3.2840 -8.705205e-01  1.920733e-01 -1 -1.0000 -1.000000e+00 -1.000000e+00 -1.000000e+00 -1.000000e+00 -1.000000e+00 -1.000000e+00 -1 -1.0000 -1.000000e+00 -1.000000e+00 -1.000000e+00 -1.000000e+00 -1.000000e+00 -1.000000e+00  0  0.7270  1.324023e+13  0.000000e+00  0.000000e+00  5.774338e-01  1.337569e+02  6.866607e+00  1  0.7270  1.375060e+11  0.000000e+00  0.000000e+00  5.554152e-01  1.378482e+02  2.032252e-01  2  0.7270  3.283980e+00  0.000000e+00  0.000000e+00  9.216971e-02 -6.615700e+01  0.000000e+00 
3  2.855303e+01  2.103463e+01  2.464930e+05  5.892707e-01 6  2.956087e-01  3.763855e+01 1   3.7096  3.551243e-01  2.795995e+00  0  0.8990  1.181008e+12  0.000000e+00  0.000000e+00  3.303446e-01 -1.777267e+02  1.449371e+01  1  0.8990  5.288017e+10  0.000000e+00  0.000000e+00  2.930920e-01 -1.594100e+02  1.034070e-01  2  0.8990  3.663775e+13 -4.764816e+00  1.827059e+01  5.861704e-01 -1.049928e+02  3.095270e+00  3  0.8990  1.921163e+11 -4.764816e+00  1.827059e+01  4.177014e-01 -8.164217e+01  7.689063e-02  4  0.8990  3.709640e+00  0.000000e+00  0.000000e+00  9.597183e-02  2.322525e+01  0.000000e+00 
3  9.713914e+00  1.015483e+01  3.385200e+05  1.695917e-01 6 -1.000000e+00  1.379212e+01 1   2.6440 -8.588627e-02 -3.442657e-02 -1 -1.0000 -1.000000e+00 -1.000000e+00 -1.000000e+00 -1.000000e+00 -1.000000e+00 -1.000000e+00 -1 -1.0000 -1.000000e+00 -1.000000e+00 -1.000000e+00 -1.000000e+00 -1.000000e+00 -1.000000e+00  0  0.9700  6.029215e+11  0.000000e+00  0.000000e+00  5.384060e-02 -1.333047e+02  4.900971e+00  1  0.9700  1.280450e+10  0.000000e+00  0.000000e+00  2.989991e-01 -1.229452e+02  9.699417e-02  2  0.9700  2.644036e+00  0.000000e+00  0.000000e+00  4.907190e-02 -1.723132e+02  0.000000e+00 
1  1.351269e+00  2.476302e+00  2.095670e+05  2.606470e-01 0  3.053450e-01  2.476302e+00 2   8.8392 -7.109840e-01 -7.229835e-01  0  1.0590  1.603684e+11  0.000000e+00  0.000000e+00  1.308385e-01 -1.384153e+02  2.150133e+01  1  1.0590  2.047031e+09  0.000000e+00  0.000000e+00  5.243908e-02 -1.312164e+02  4.870050e-02  2  1.0590  8.620853e+12 -2.246248e-01 -2.659102e+00  4.310981e-01  3.310277e+01  4.482647e+00  3  1.0590  7.599806e+10 -2.246248e-01 -2.659102e+00  1.688664e-01  1.566229e+00  1.667933e-01  4  1.0590  8.839196e+00  0.000000e+00  0.000000e+00  2.122795e-01  7.874701e+01  0.000000e+00 
3  5.877933e+00  3.787414e+00  3.890170e+05  8.844580e-02 6 -1.000000e+00  8.295949e+00 1   8.5712  4.632630e-03  6.548480e-02 -1 -1.0000 -1.000000e+00 -1.000000e+00 -1.000000e+00 -1.000000e+00 -1.000000e+00 -1.000000e+00 -1 -1.0000 -1.000000e+00 -1.000000e+00 -1.000000e+00 -1.000000e+00 -1.000000e+00 -1.000000e+00  0  1.0800  2.225481e+11  0.000000e+00  0.000000e+00  1.686785e-01  1.015760e+02  5.662611e+00  1  1.0800  1.827679e+09  0.000000e+00  0.000000e+00  1.399505e-01 -1.562825e+01  1.776230e-02  2  1.0800  8.571233e+00  0.000000e+00  0.000000e+00  8.127576e-02  4.450936e+01  0.000000e+00 
3  8.978231e+00  4.299354e+00  1.689330e+05  1.258729e+00 6  2.777787e-01  1.356326e+01 1   8.4331  2.323799e+00 -4.036491e-01  0  1.1890  3.572725e+12  0.000000e+00  0.000000e+00  2.657814e-01  8.887417e+01  1.147401e+01  1  1.1890  6.811690e+10  0.000000e+00  0.000000e+00  2.678373e-01  4.572163e+01  1.199093e-01  2  1.1890  2.218396e+13  1.273473e+01 -8.988554e+00  3.739793e-01 -1.316969e+02  4.212380e+00  3  1.1890  1.411575e+11  1.273473e+01 -8.988554e+00  3.083403e-01 -1.423835e+02  1.134132e-01  4  1.1890  8.433105e+00  0.000000e+00  0.000000e+00  1.191609e-01  9.170283e+00  0.000000e+00 
3  5.140212e+00  2.656237e+00  9.733400e+04  7.713331e-01 6 -1.000000e+00  6.721085e+00 1  10.2072 -5.159365e-01  4.040024e-01 -1 -1.0000 -1.000000e+00 -1.000000e+00 -1.000000e+00 -1.000000e+00 -1.000000e+00 -1.000000e+00 -1 -1.0000 -1.000000e+00 -1.000000e+00 -1.000000e+00 -1.000000e+00 -1.000000e+00 -1.000000e+00  0  1.2640  2.715363e+12  0.000000e+00  0.000000e+00  1.413968e-01  1.008073e+02  4.987416e+00  1  1.2640  7.694984e+10  0.000000e+00  0.000000e+00  1.274342e-01  9.860747e+01  4.561334e-02  2  1.2640  1.020718e+01  0.000000e+00  0.000000e+00  1.355174e-01 -2.424542e+01  0.000000e+00 
3  1.745214e+01  1.918154e+01  1.435380e+05  4.745044e-01 6 -1.000000e+00  2.789116e+01 1   7.7786 -1.308602e-01  1.846106e-01 -1 -1.0000 -1.000000e+00 -1.000000e+00 -1.000000e+00 -1.000000e+00 -1.000000e+00 -1.000000e+00 -1 -1.0000 -1.000000e+00 -1.000000e+00 -1.000000e+00 -1.000000e+00 -1.000000e+00 -1.000000e+00  0  1.2780  1.588604e+12  0.000000e+00  0.000000e+00  9.304227e-02  6.477712e+01  6.966170e+00  1  1.2780  4.411992e+10  0.000000e+00  0.000000e+00  4.620290e-01  4.511251e+01  1.273173e-01  2  1.2780  7.778563e+00  0.000000e+00  0.000000e+00  1.247119e-01 -5.243719e+01  0.000000e+00 
3  3.650883e+00  1.449661e+00  1.945840e+05  2.368835e-01 6  2.746183e-01  4.478230e+00 1   3.8104  1.422329e-01 -1.935628e-01  0  1.4440  5.536405e+11  0.000000e+00  0.000000e+00  4.367915e-01 -7.884809e+01  8.021868e+00  1  1.4440  1.359549e+10  0.000000e+00  0.000000e+00  2.375684e-01 -6.397631e+01  4.710164e-02  2  1.4440  1.125586e+12  1.860032e+01  2.049963e+00  2.367874e-01  7.036053e+01  5.575267e+00  3  1.4440  3.577000e+10  1.860032e+01  2.049963e+00  3.730607e-01  6.793501e+01  4.960691e-02  4  1.4440  3.810356e+00  0.000000e+00  0.000000e+00  7.147971e-02  8.694029e+01  0.000000e+00 
3  2.059014e+00  2.191571e+00  3.725590e+05  2.299775e-01 6 -1.000000e+00  3.125965e+00 1   6.3848 -2.791844e-02  4.952591e-02 -1 -1.0000 -1.000000e+00 -1.000000e+00 -1.000000e+00 -1.000000e+00 -1.000000e+00 -1.000000e+00 -1 -1.0000 -1.000000e+00 -1.000000e+00 -1.000000e+00 -1.000000e+00 -1.000000e+00 -1.000000e+00  0  1.6030  6.835734e+11  0.000000e+00  0.000000e+00  1.479994e-01 -1.213388e+02  6.029447e+00  1  1.6030  1.220104e+10  0.000000e+00  0.000000e+00  2.313426e-01 -1.360083e+02  3.324170e-02  2  1.6030  6.384775e+00  0.000000e+00  0.000000e+00  1.691894e-01  8.678209e+01  0.000000e+00 
2  1.000908e+01  7.434106e+00  1.086040e+05  1.017985e+00 6 -1.000000e+00  2.150764e+01 3   5.3092  5.009785e-01  2.071572e-01 -1 -1.0000 -1.000000e+00 -1.000000e+00 -1.000000e+00 -1.000000e+00 -1.000000e+00 -1.000000e+00 -1 -1.0000 -1.000000e+00 -1.000000e+00 -1.000000e+00 -1.000000e+00 -1.000000e+00 -1.000000e+00  0  1.7120  1.349972e+13  0.000000e+00  0.000000e+00  1.840064e-01  4.728294e+01  5.236592e+00  1  1.7120  8.232687e+10  0.000000e+00  0.000000e+00  1.530100e-01  4.183233e+01  4.963658e-02  2  1.7120  5.309152e+00  0.000000e+00  0.000000e+00  1.007056e-01  1.342817e+02  0.000000e+00 
1  1.280171e+01  2.484110e+01  2.751310e+05  1.228432e-01 0  2.775344e-01  2.484110e+01 2   5.8022 -2.792484e-01 -2.122202e-02  0  2.0380  1.543264e+11  0.000000e+00  0.000000e+00  1.478131e-01 -1.404541e+02  1.592154e+01  1  2.0380  9.773277e+08  0.000000e+00  0.000000e+00  3.521987e-01 -1.135556e+02  1.525349e-02  2  2.0380  1.490880e+12 -1.052622e+00 -6.912533e-01  2.990380e-01 -5.603298e+01  2.748839e+00  3  2.0380  2.884603e+10 -1.052622e+00 -6.912533e-01  7.146682e-01  2.088663e+01  4.501414e-02  4  2.0380  5.802211e+00  0.000000e+00  0.000000e+00  1.782286e-01  2.974156e+01  0.000000e+00 
1  5.857264e+00  1.093736e+01  2.331660e+05  3.162794e+00 0 -1.000000e+00  1.093736e+01 2   8.2708  6.215707e+00  6.001669e+00 -1 -1.0000 -1.000000e+00 -1.000000e+00 -1.000000e+00 -1.000000e+00 -1.000000e+00 -1.000000e+00 -1 -1.0000 -1.000000e+00 -1.000000e+00 -1.000000e+00 -1.000000e+00 -1.000000e+00 -1.000000e+00  0  0.2760  7.107218e+13  0.000000e+00  0.000000e+00  3.539086e-01 -3.322191e+01  8.008846e+00  1  0.2760  3.405375e+11  0.000000e+00  0.000000e+00  2.187479e-01 -1.928373e+01  1.415043e+00  2  0.2760  8.270762e+00  0.000000e+00  0.000000e+00  1.564424e-01  1.253107e+02  0.000000e+00 
1  6.855861e+00  1.628509e+01  1.741500e+04  2.871679e+00 0 -1.000000e+00  1.628509e+01 2   5.0799  2.428874e+00  2.082211e+00 -1 -1.0000 -1.000000e+00 -1.000000e+00 -1.000000e+00 -1.000000e+00 -1.000000e+00 -1.000000e+00 -1 -1.0000 -1.000000e+00 -1.000000e+00 -1.000000e+00 -1.000000e+00 -1.000000e+00 -1.000000e+00  0  0.7770  1.447408e+14  0.000000e+00  0.000000e+00  3.096120e-01  1.546127e+02  3.564749e+00  1  0.7770  4.509197e+11  0.000000e+00  0.000000e+00  8.342705e-01  1.289707e+02  2.084084e-01  2  0.7770  5.079895e+00  0.000000e+00  0.000000e+00  1.311622e-01  9.176050e+01  0.000000e+00 
3  3.477196e+00  5.085961e+00  3.518160e+05  1.320839e+00 6  2.814086e-01  5.842934e+00 1   5.2020  1.431760e+00 -1.348390e+00  0  0.7780  4.453253e+12  0.000000e+00  0.000000e+00  3.762285e-01  2.055726e+01  1.249777e+01  1  0.7780  8.934751e+10  0.000000e+00  0.000000e+00  3.077482e-01 -1.771496e+00  2.111256e-01  2  0.7780  1.798623e+13  1.240427e+01 -5.619333e+00  2.767391e-01  7.793955e+01  5.304414e+00  3  0.7780  1.238013e+11  1.240427e+01 -5.619333e+00  4.464441e-01  6.245895e+01  1.258433e-01  4  0.7780  5.202000e+00  0.000000e+00  0.000000e+00  9.870321e-02  2.972204e+01  0.000000e+00 
3  2.349300e+01  1.403547e+01  2.851740e+05  6.754106e-01 6 -1.000000e+00  5.749970e+01 2   4.1491  2.078008e-01 -2.643786e-01 -1 -1.0000 -1.000000e+00 -1.000000e+00 -1.000000e+00 -1.000000e+00 -1.000000e+00 -1.000000e+00 -1 -1.0000 -1.000000e+00 -1.000000e+00 -1.000000e+00 -1.000000e+00 -1.000000e+00 -1.000000e+00  0  1.0500  1.065211e+13  0.000000e+00  0.000000e+00  2.138059e-01 -1.354573e+02  3.375504e+00  1  1.0500  7.687325e+10  0.000000e+00  0.000000e+00  4.033473e-01 -1.274415e+02  8.601762e-02  2  1.0500  4.149145e+00  0.000000e+00  0.000000e+00  1.345219e-01  2.612573e+01  0.000000e+00 
3  1.802449e+01  1.737672e+01  3.601200e+05  7.773734e-01 6 -1.000000e+00  4.254197e+01 3   3.7587  3.032345e-01  1.070042e-01 -1 -1.0000 -1.000000e+00 -1.000000e+00 -1.000000e+00 -1.000000e+00 -1.000000e+00 -1.000000e+00 -1 -1.0000 -1.000000e+00 -1.000000e+00 -1.000000e+00 -1.000000e+00 -1.000000e+00 -1.000000e+00  0  1.1760  1.050761e+13  0.000000e+00  0.000000e+00  3.567791e-01  1.639590e+02  4.558459e+00  1  1.1760  1.059368e+11  0.000000e+00  0.000000e+00  2.171474e-01  1.295553e+02  1.211956e-01  2  1.1760  3.758720e+00  0.000000e+00  0.000000e+00  1.316441e-01  8.568322e+01  0.000000e+00 
3  1.084910e+01  8.997157e+00  3.719240e+05  1.916695e-01 6 -1.000000e+00  1.368579e+01 1   5.2614  6.858339e-03  1.516481e-01 -1 -1.0000 -1.000000e+00 -1.000000e+00 -1.000000e+00 -1.000000e+00 -1.000000e+00 -1.000000e+00 -1 -1.0000 -1.000000e+00 -1.000000e+00 -1.000000e+00 -1.000000e+00 -1.000000e+00 -1.000000e+00  0  1.3620  5.958079e+11  0.000000e+00  0.000000e+00  2.778444e-01  4.932564e+01  4.287340e+00  1  1.3620  1.058961e+10  0.000000e+00  0.000000e+00  3.571665e-01  7.084481e+01  7.270804e-02  2  1.3620  5.261444e+00  0.000000e+00  0.000000e+00  1.041642e-01  7.825824e+01  0.000000e+00 
3  6.110368e+00  3.298590e+00  8.694100e+04  1.984463e-01 6 -1.000000e+00  8.712519e+00 1   5.5408 -1.730315e-01  4.982819e-02 -1 -1.0000 -1.000000e+00 -1.000000e+00 -1.000000e+00 -1.000000e+00 -1.000000e+00 -1.000000e+00 -1 -1.0000 -1.000000e+00 -1.000000e+00 -1.000000e+00 -1.000000e+00 -1.000000e+00 -1.000000e+00  0  1.5370  7.434047e+11  0.000000e+00  0.000000e+00  1.922607e-01  1.428420e+02  6.482220e+00  1  1.5370  1.581588e+10  0.000000e+00  0.000000e+00  7.278379e-01  2.239486e+02  2.661439e-02  2  1.5370  5.540814e+00  0.000000e+00  0.000000e+00  1.061486e-01 -1.486292e+02  0.000000e+00 
3  4.594247e+00  2.611027e+00  2.130830e+05  1.840965e-01 6 -1.000000e+00  6.073302e+00 1   6.2797  1.715538e-01 -6.926201e-02 -1 -1.0000 -1.000000e+00 -1.000000e+00 -1.000000e+00 -1.000000e+00 -1.000000e+00 -1.000000e+00 -1 -1.0000 -1.000000e+00 -1.000000e+00 -1.000000e+00 -1.000000e+00 -1.000000e+00 -1.000000e+00  0  2.2910  1.004269e+12  0.000000e+00  0.000000e+00  3.441014e-01 -6.106003e+01  3.736484e+00  1  2.2910  1.603822e+10  0.000000e+00  0.000000e+00  4.153761e-01 -2.388715e+01  2.383167e-02  2  2.2910  6.279734e+00  0.000000e+00  0.000000e+00  5.114264e-02 -5.339270e+01  0.000000e+00 
3  4.488734e+01  2.702863e+01  2.273860e+05  7.752623e-01 6 -1.000000e+00  5.628271e+01 1   1.5226 -8.741821e-01 -4.179549e-02 -1 -1.0000 -1.000000e+00 -1.000000e+00 -1.000000e+00 -1.000000e+00 -1.000000e+00 -1.000000e+00 -1 -1.0000 -1.000000e+00 -1.000000e+00 -1.000000e+00 -1.000000e+00 -1.000000e+00 -1.000000e+00  0  0.3310  6.488696e+12  0.000000e+00  0.000000e+00  2.758022e-01 -4.199657e+01  4.834110e+00  1  0.3310  1.244230e+11  0.000000e+00  0.000000e+00  4.021916e-01  1.725698e+01  2.698063e-01  2  0.3310  1.522610e+00  0.000000e+00  0.000000e+00  4.286408e-02  9.386957e+00  0.000000e+00 
3  4.307371e+01  4.249127e+01  1.166840e+05  5.539299e-01 6 -1.000000e+00  7.256797e+01 1   4.6191 -1.100453e-01 -1.709472e-01 -1 -1.0000 -1.000000e+00 -1.000000e+00 -1.000000e+00 -1.000000e+00 -1.000000e+00 -1.000000e+00 -1 -1.0000 -1.000000e+00 -1.000000e+00 -1.000000e+00 -1.000000e+00 -1.000000e+00 -1.000000e+00  0  0.4480  1.562925e+12  0.000000e+00  0.000000e+00  1.763374e-01 -1.754864e+02  7.439881e+00  1  0.4480  4.789965e+10  0.000000e+00  0.000000e+00  3.317778e-01 -1.891720e+02  7.387252e-02  2  0.4480  4.619123e+00  0.000000e+00  0.000000e+00  4.603625e-02 -1.778480e+02  0.000000e+00 
3  8.240562e+00  2.981381e+00  1.510570e+05  1.716773e+00 6 -1.000000e+00  1.449202e+01 2   5.6969 -2.110109e-02  1.558822e+00 -1 -1.0000 -1.000000e+00 -1.000000e+00 -1.000000e+00 -1.000000e+00 -1.000000e+00 -1.000000e+00 -1 -1.0000 -1.000000e+00 -1.000000e+00 -1.000000e+00 -1.000000e+00 -1.000000e+00 -1.000000e+00  0  0.5090  2.755942e+13  0.000000e+00  0.000000e+00  2.094939e-01  1.558746e+02  6.460096e+00  1  0.5090  1.676608e+11  0.000000e+00  0.000000e+00  4.625733e-01  1.377557e+02  2.198191e-01  2  0.5090  5.696879e+00  0.000000e+00  0.000000e+00  3.580384e-02 -1.008314e+02  0.000000e+00 
3  1.260398e+01  2.361845e+01  3.273170e+05  1.097671e+00 6  2.846125e-01  3.576144e+01 3   5.6004  4.254029e-01 -1.954785e+00  0  0.9060  3.199829e+12  0.000000e+00  0.000000e+00  2.425068e-01  9.547569e+01  1.024872e+01  1  0.9060  7.127696e+10  0.000000e+00  0.000000e+00  1.753652e-01  9.343428e+01  8.599639e-02  2  0.9060  2.584957e+13  4.652161e+00 -1.579499e+01  3.092348e-01  1.906016e+01  1.525054e+00  3  0.9060  2.028419e+11  4.652161e+00 -1.579499e+01  7.259525e-02  2.647191e+01  1.699984e-01  4  0.9060  5.600432e+00  0.000000e+00  0.000000e+00  7.819160e-02  6.227145e+01  0.000000e+00 
1  4.270409e+00  8.382447e+00  3.787430e+05  4.706283e-01 0  2.970504e-01  8.382447e+00 2  12.2964 -4.079817e-01  4.385929e-01  0  1.0680  3.618248e+11  0.000000e+00  0.000000e+00  2.961539e-01 -1.022935e+02  1.617898e+01  1  1.0680  9.087385e+09  0.000000e+00  0.000000e+00  5.047672e-01 -1.125714e+02  8.747824e-02  2  1.0680  1.048829e+13 -6.763916e-01  2.430872e+00  1.823584e-01 -4.197832e+00  3.693913e+00  3  1.0680  1.486559e+11 -6.763916e-01  2.430872e+00  3.561650e-01  3.211671e+01  1.678034e-01  4  1.0680  1.229642e+01  0.000000e+00  0.000000e+00  1.127589e-01  1.745073e+02  0.000000e+00 
3  1.292142e+01  8.353247e+00  6.580700e+04  2.745871e-01 6 -1.000000e+00  2.081377e+01 1   8.1561 -1.098588e-01 -1.959085e-01 -1 -1.0000 -1.000000e+00 -1.000000e+00 -1.000000e+00 -1.000000e+00 -1.000000e+00 -1.000000e+00 -1 -1.0000 -1.000000e+00 -1.000000e+00 -1.000000e+00 -1.000000e+00 -1.000000e+00 -1.000000e+00  0  1.1480  8.423495e+11  0.000000e+00  0.000000e+00  1.644801e-01  2.606763e+01  3.840031e+00  1  1.1480  2.719509e+10  0.000000e+00  0.000000e+00  4.533471e-01  2.950175e+01  7.146356e-02  2  1.1480  8.156100e+00  0.000000e+00  0.000000e+00  1.234460e-01 -4.402568e+01  0.000000e+00 
3  1.032407e+01  5.144127e+00  8.589200e+04  6.258667e-01 6 -1.000000e+00  1.403065e+01 1   8.1772  4.886282e-01 -2.602635e-01 -1 -1.0000 -1.000000e+00 -1.000000e+00 -1.000000e+00 -1.000000e+00 -1.000000e+00 -1.000000e+00 -1 -1.0000 -1.000000e+00 -1.000000e+00 -1.000000e+00 -1.000000e+00 -1.000000e+00 -1.000000e+00  0  1.4190  1.896826e+12  0.000000e+00  0.000000e+00  1.890597e-01  3.294282e+01  5.534680e+00  1  1.4190  7.308519e+10  0.000000e+00  0.000000e+00  4.706235e-02  2.818734e+01  6.496985e-02  2  1.4190  8.177190e+00  0.000000e+00  0.000000e+00  6.687921e-02  1.603543e+02  0.000000e+00 
5  2.308354e+01  4.390867e+01  1.364840e+05  9.793598e-01 6  3.061384e-01  5.778189e+01 3   3.8665  2.181037e+00 -1.800492e+00  0  0.4260  1.509299e+12  0.000000e+00  0.000000e+00  1.472715e-01 -1.259415e+02  2.157684e+01  1  0.4260  4.859626e+10  0.000000e+00  0.000000e+00  2.021900e-01 -2.049870e+02  1.361828e-01  2  0.4260  3.032761e+13  2.065401e+01 -2.280877e+01  3.364300e-01  1.789566e+02  4.792001e+00  3  0.4260  2.038282e+11  2.065401e+01 -2.280877e+01  2.389891e-01  1.964438e+02  9.351096e-01  4  0.4260  3.866514e+00  0.000000e+00  0.000000e+00  1.026638e-01 -1.614246e+02  0.000000e+00 
3  5.610208e+00  2.439339e+00  1.183570e+05  4.919600e-01 6 -1.000000e+00  7.569248e+00 1   4.4999  1.112272e-01  4.161731e-01 -1 -1.0000 -1.000000e+00 -1.000000e+00 -1.000000e+00 -1.000000e+00 -1.000000e+00 -1.000000e+00 -1 -1.0000 -1.000000e+00 -1.000000e+00 -1.000000e+00 -1.000000e+00 -1.000000e+00 -1.000000e+00  0  0.7530  6.400431e+11  0.000000e+00  0.000000e+00  1.654948e-02  8.784853e+01  7.749937e+00  1  0.7530  3.205623e+10  0.000000e+00  0.000000e+00  4.354468e-01  7.005751e+01  7.919712e-02  2  0.7530  4.499894e+00  0.000000e+00  0.000000e+00  7.196281e-02 -2.103882e+01  0.000000e+00 
5  5.978505e+00  9.920263e+00  3.538320e+05  6.124195e-01 6 -1.000000e+00  1.205935e+01 3   9.5643 -8.539056e-02 -7.751337e-02 -1 -1.0000 -1.000000e+00 -1.000000e+00 -1.000000e+00 -1.000000e+00 -1.000000e+00 -1.000000e+00 -1 -1.0000 -1.000000e+00 -1.000000e+00 -1.000000e+00 -1.000000e+00 -1.000000e+00 -1.000000e+00  0  0.9430  2.448758e+12  0.000000e+00  0.000000e+00  3.345439e-01 -3.714556e+00  6.277269e+00  1  0.9430  5.941703e+10  0.000000e+00  0.000000e+00  1.118278e-01 -6.694263e+00  1.003476e-01  2  0.9430  9.564343e+00  0.000000e+00  0.000000e+00  2.985698e-01 -8.139189e+01  0.000000e+00 
3  3.791425e+00  2.835343e+00  1.341590e+05  6.741646e-01 6 -1.000000e+00  6.790452e+00 3   8.9115  1.590669e-01 -3.053171e-01 -1 -1.0000 -1.000000e+00 -1.000000e+00 -1.000000e+00 -1.000000e+00 -1.000000e+00 -1.000000e+00 -1 -1.0000 -1.000000e+00 -1.000000e+00 -1.000000e+00 -1.000000e+00 -1.000000e+00 -1.000000e+00  0  1.1130  1.745557e+12  0.000000e+00  0.000000e+00  3.385971e-01 -1.168981e+02  8.673540e+00  1  1.1130  5.485086e+10  0.000000e+00  0.000000e+00  1.393606e-01 -1.576339e+02  7.637199e-02  2  1.1130  8.911505e+00  0.000000e+00  0.000000e+00  4.060515e-02 -1.620384e+02  0.000000e+00 
3  2.239301e+01  1.221061e+00  2.820170e+05  1.062272e+00 6 -1.000000e+00  4.301186e+01 2   2.9783 -1.590708e+00 -9.799188e-01 -1 -1.0000 -1.000000e+00 -1.000000e+00 -1.000000e+00 -1.000000e+00 -1.000000e+00 -1.000000e+00 -1 -1.0000 -1.000000e+00 -1.000000e+00 -1.000000e+00 -1.000000e+00 -1.000000e+00 -1.000000e+00  0  1.2410  1.955146e+13  0.000000e+00  0.000000e+00  4.814599e-01  1.218665e+02  6.298820e+00  1  1.2410  9.077197e+10  0.000000e+00  0.000000e+00  1.621509e-01  1.955672e+02  4.487019e-02  2  1.2410  2.978303e+00  0.000000e+00  0.000000e+00  3.557120e-02  1.513001e+02  0.000000e+00 
3  1.175458e+01  1.491530e+01  1.034370e+05  7.949640e-01 6 -1.000000e+00  1.656416e+01 1   5.5670 -2.072665e-01 -2.416695e-01 -1 -1.0000 -1.000000e+00 -1.000000e+00 -1.000000e+00 -1.000000e+00 -1.000000e+00 -1.000000e+00 -1 -1.0000 -1.000000e+00 -1.000000e+00 -1.000000e+00 -1.000000e+00 -1.000000e+00 -1.000000e+00  0  1.3300  2.524067e+12  0.000000e+00  0.000000e+00  4.214958e-01 -9.582731e+01  7.078083e+00  1  1.3300  8.223307e+10  0.000000e+00  0.000000e+00  5.591535e-01 -1.168275e+02  1.242354e-01  2  1.3300  5.566997e+00  0.000000e+00  0.000000e+00  7.825503e-02  3.613262e+01  0.000000e+00 
3  4.710078e+00  3.605865e+00  2.940560e+05  1.034015e+00 6 -1.000000e+00  8.123583e+00 1   9.7187  3.493741e-01  3.798659e-01 -1 -1.0000 -1.000000e+00 -1.000000e+00 -1.000000e+00 -1.000000e+00 -1.000000e+00 -1.000000e+00 -1 -1.0000 -1.000000e+00 -1.000000e+00 -1.000000e+00 -1.000000e+00 -1.000000e+00 -1.000000e+00  0  1.3360  4.126745e+12  0.000000e+00  0.000000e+00  2.677796e-01  8.645868e+01  5.539904e+00  1  1.3360  1.024043e+11  0.000000e+00  0.000000e+00  2.905771e-01  7.290777e+01  6.822831e-02  2  1.3360  9.718715e+00  0.000000e+00  0.000000e+00  1.147491e-01 -8.059287e+00  0.000000e+00 
2  1.066325e+01  8.897041e+00  1.804200e+04  1.169962e+00 6  2.708432e-01  1.627077e+01 1   2.9049  2.652660e+00 -3.859952e+00  0  1.3550  6.395436e+12  0.000000e+00  0.000000e+00  3.964184e-01  8.311244e+01  1.220046e+01  1  1.3550  6.417026e+10  0.000000e+00  0.000000e+00  3.869643e-01  9.604124e+01  3.759595e-02  2  1.3550  8.692217e+13  9.942059e+00 -1.354558e+01  2.518647e-01 -2.051343e+01  5.081736e+00  3  1.3550  2.521743e+11  9.942059e+00 -1.354558e+01  2.845935e-01 -3.755862e+01  1.427577e-01  4  1.3550  2.904897e+00  0.000000e+00  0.000000e+00  2.093790e-02 -1.754464e+02  0.000000e+00 
2  1.194486e+01  6.140286e+00  2.508870e+05  7.328358e-01 6 -1.000000e+00  1.629144e+01 1   5.0924  2.183003e-01  5.282063e-01 -1 -1.0000 -1.000000e+00 -1.000000e+00 -1.000000e+00 -1.000000e+00 -1.000000e+00 -1.000000e+00 -1 -1.0000 -1.000000e+00 -1.000000e+00 -1.000000e+00 -1.000000e+00 -1.000000e+00 -1.000000e+00  0  1.6220  5.579072e+12  0.000000e+00  0.000000e+00  3.350536e-01 -8.520233e+01  4.032034e+00  1  1.6220  7.201505e+10  0.000000e+00  0.000000e+00  6.700485e-01 -1.125642e+02  2.279227e-02  2  1.6220  5.092380e+00  0.000000e+00  0.000000e+00  1.545526e-01  3.586696e+01  0.000000e+00 
3  3.294159e+01  2.854406e+01  1.672770e+05  2.971065e-01 6 -1.000000e+00  4.228499e+01 1   2.9768 -1.829080e-01  6.118570e-02 -1 -1.0000 -1.000000e+00 -1.000000e+00 -1.000000e+00 -1.000000e+00 -1.000000e+00 -1.000000e+00 -1 -1.0000 -1.000000e+00 -1.000000e+00 -1.000000e+00 -1.000000e+00 -1.000000e+00 -1.000000e+00  0  0.6140  6.994414e+11  0.000000e+00  0.000000e+00  2.882936e-01  1.452994e+02  7.497303e+00  1  0.6140  1.652235e+10  0.000000e+00  0.000000e+00  4.892996e-01  1.236046e+02  8.637800e-02  2  0.6140  2.976826e+00  0.000000e+00  0.000000e+00  7.929744e-02  1.696016e+02  0.000000e+00 
3  4.750058e+00  4.007927e+00  2.367580e+05  2.374032e-01 6  2.998959e-01  9.974308e+00 3   5.2646  3.557237e-01 -4.596933e-01  0  0.6800  2.850709e+11  0.000000e+00  0.000000e+00  3.057839e-01 -1.245506e+02  1.445452e+01  1  0.6800  5.991058e+09  0.000000e+00  0.000000e+00  4.456696e-01 -1.105933e+02  8.198764e-02  2  0.6800  3.882979e+12  1.824761e+01 -4.267388e+01  1.979684e-01 -1.788793e+02  6.440901e+00  3  0.6800  1.162869e+11  1.824761e+01 -4.267388e+01  5.283759e-01 -1.516276e+02  9.042225e-02  4  0.6800  5.264598e+00  0.000000e+00  0.000000e+00  1.942291e-01  1.324332e+02  0.000000e+00 
3  4.803596e+01  2.575304e+01  2.575320e+05  5.734439e-01 6 -1.000000e+00  6.154075e+01 1   2.9889 -6.102044e-01  2.872466e-01 -1 -1.0000 -1.000000e+00 -1.000000e+00 -1.000000e+00 -1.000000e+00 -1.000000e+00 -1.000000e+00 -1 -1.0000 -1.000000e+00 -1.000000e+00 -1.000000e+00 -1.000000e+00 -1.000000e+00 -1.000000e+00  0  0.7550  5.238988e+12  0.000000e+00  0.000000e+00  3.659155e-01  4.668420e+00  4.908738e+00  1  0.7550  7.974083e+10  0.000000e+00  0.000000e+00  3.926331e-01 -1.340459e+01  5.549349e-02  2  0.7550  2.988924e+00  0.000000e+00  0.000000e+00  9.726861e-02  1.376037e+02  0.000000e+00 
2  9.384131e+00  4.673640e+00  1.105000e+04  1.331272e+00 6 -1.000000e+00  1.357546e+01 1   3.8534  3.218963e-01 -9.328700e-01 -1 -1.0000 -1.000000e+00 -1.000000e+00 -1.000000e+00 -1.000000e+00 -1.000000e+00 -1.000000e+00 -1 -1.0000 -1.000000e+00 -1.000000e+00 -1.000000e+00 -1.000000e+00 -1.000000e+00 -1.000000e+00  0  1.2430  1.029443e+13  0.000000e+00  0.000000e+00  2.796439e-01  1.378714e+02  9.339650e+00  1  1.2430  9.650371e+10  0.000000e+00  0.000000e+00  4.110878e-01  1.288624e+02  4.195863e-02  2  1.2430  3.853355e+00  0.000000e+00  0.000000e+00  7.625161e-02 -9.033377e+01  0.000000e+00 
3  1.688590e+01  1.638706e+01  1.967040e+05  5.358189e-01 6 -1.000000e+00  2.612721e+01 1   3.9855  3.292326e-02 -2.010546e-01 -1 -1.0000 -1.000000e+00 -1.000000e+00 -1.000000e+00 -1.000000e+00 -1.000000e+00 -1.000000e+00 -1 -1.0000 -1.000000e+00 -1.000000e+00 -1.000000e+00 -1.000000e+00 -1.000000e+00 -1.000000e+00  0  1.3380  3.617777e+12  0.000000e+00  0.000000e+00  3.481145e-01  1.744918e+02  4.289935e+00  1  1.3380  7.455730e+10  0.000000e+00  0.000000e+00  4.378256e-01  1.223504e+02  1.039439e-01  2  1.3380  3.985488e+00  0.000000e+00  0.000000e+00  1.006332e-01  1.317607e+02  0.000000e+00 
3  8.854015e+00  9.401158e+00  3.213390e+05  5.185679e-01 6 -1.000000e+00  1.198764e+01 1   6.5225 -8.695659e-02 -2.753824e-01 -1 -1.0000 -1.000000e+00 -1.000000e+00 -1.000000e+00 -1.000000e+00 -1.000000e+00 -1.000000e+00 -1 -1.0000 -1.000000e+00 -1.000000e+00 -1.000000e+00 -1.000000e+00 -1.000000e+00 -1.000000e+00  0  1.3520  1.333985e+12  0.000000e+00  0.000000e+00  1.898101e-01 -9.970357e+01  7.939383e+00  1  1.3520  4.311279e+10  0.000000e+00  0.000000e+00  1.657908e-01 -1.232993e+02  1.053183e-01  2  1.3520  6.522530e+00  0.000000e+00  0.000000e+00  1.515112e-01 -8.417825e+01  0.000000e+00 
3  3.626300e+01  1.688396e+01  2.697290e+05  4.090050e-01 6 -1.000000e+00  5.027472e+01 1   2.2446 -2.121524e-01 -1.971242e-01 -1 -1.0000 -1.000000e+00 -1.000000e+00 -1.000000e+00 -1.000000e+00 -1.000000e+00 -1.000000e+00 -1 -1.0000 -1.000000e+00 -1.000000e+00 -1.000000e+00 -1.000000e+00 -1.000000e+00 -1.000000e+00  0  1.3780  3.467601e+12  0.000000e+00  0.000000e+00  1.307994e-01  9.808098e+01  4.346714e+00  1  1.3780  5.281203e+10  0.000000e+00  0.000000e+00  3.474262e-01  9.079341e+01  2.385983e-02  2  1.3780  2.244575e+00  0.000000e+00  0.000000e+00  3.133309e-02  1.433143e+02  0.000000e+00 
3  6.811724e+00  4.056894e+00  2.276710e+05  2.775231e-01 6 -1.000000e+00  9.987879e+00 1   8.7838  6.313562e-02 -1.679232e-01 -1 -1.0000 -1.000000e+00 -1.000000e+00 -1.000000e+00 -1.000000e+00 -1.000000e+00 -1.000000e+00 -1 -1.0000 -1.000000e+00 -1.000000e+00 -1.000000e+00 -1.000000e+00 -1.000000e+00 -1.000000e+00  0  1.6150  1.274517e+12  0.000000e+00  0.000000e+00  1.267553e-01 -2.778224e-01  3.631949e+00  1  1.6150  3.079238e+10  0.000000e+00  0.000000e+00  4.966643e-01  1.848894e+01  3.873911e-02  2  1.6150  8.783824e+00  0.000000e+00  0.000000e+00  1.592906e-01  1.687638e+02  0.000000e+00 
2  3.482149e-01  1.953445e-01  2.638460e+05  6.841469e-01 6 -1.000000e+00  6.232326e-01 2   8.3594  6.544403e-02 -5.100423e-01 -1 -1.0000 -1.000000e+00 -1.000000e+00 -1.000000e+00 -1.000000e+00 -1.000000e+00 -1.000000e+00 -1 -1.0000 -1.000000e+00 -1.000000e+00 -1.000000e+00 -1.000000e+00 -1.000000e+00 -1.000000e+00  0  2.5110  6.785684e+12  0.000000e+00  0.000000e+00  2.190268e-02 -2.353442e+01  4.229670e+00  1  2.5110  7.387624e+10  0.000000e+00  0.000000e+00  3.952233e-01 -3.024166e+01  2.196186e-02  2  2.5110  8.359436e+00  0.000000e+00  0.000000e+00  3.588210e-02  1.509703e+02  0.000000e+00 
3  6.200142e+01  4.177730e+01  3.182570e+05  7.529214e-01 6 -1.000000e+00  9.007243e+01 1   1.9905  4.713920e-01 -2.181335e-01 -1 -1.0000 -1.000000e+00 -1.000000e+00 -1.000000e+00 -1.000000e+00 -1.000000e+00 -1.000000e+00 -1 -1.0000 -1.000000e+00 -1.000000e+00 -1.000000e+00 -1.000000e+00 -1.000000e+00 -1.000000e+00  0  0.4680  9.866763e+12  0.000000e+00  0.000000e+00  4.176817e-01 -3.458570e+00  3.457346e+00  1  0.4680  1.075304e+11  0.000000e+00  0.000000e+00  2.566925e-01  4.486130e+01  2.434354e-01  2  0.4680  1.990482e+00  0.000000e+00  0.000000e+00  3.348846e-02  8.857964e+01  0.000000e+00 
3  1.619070e+01  1.271246e+01  3.506850e+05  4.408174e-01 6 -1.000000e+00  2.059348e+01 1   4.2085 -3.080458e-01  1.801865e-01 -1 -1.0000 -1.000000e+00 -1.000000e+00 -1.000000e+00 -1.000000e+00 -1.000000e+00 -1.000000e+00 -1 -1.0000 -1.000000e+00 -1.000000e+00 -1.000000e+00 -1.000000e+00 -1.000000e+00 -1.000000e+00  0  0.4690  9.159464e+11  0.000000e+00  0.000000e+00  4.740207e-01  1.646632e+02  5.444746e+00  1  0.4690  4.242719e+10  0.000000e+00  0.000000e+00  3.142520e-01  1.434789e+02  1.775356e-01  2  0.4690  4.208481e+00  0.000000e+00  0.000000e+00  2.575495e-02 -1.173269e+02  0.000000e+00 
1  2.340977e+01  4.332253e+01  2.099230e+05  2.529148e-01 0 -1.000000e+00  4.332253e+01 2   3.6065 -1.448967e-02  2.042953e-01 -1 -1.0000 -1.000000e+00 -1.000000e+00 -1.000000e+00 -1.000000e+00 -1.000000e+00 -1.000000e+00 -1 -1.0000 -1.000000e+00 -1.000000e+00 -1.000000e+00 -1.000000e+00 -1.000000e+00 -1.000000e+00  0  0.5460  5.679199e+11  0.000000e+00  0.000000e+00  3.339731e-01 -2.758623e+01  7.416648e+00  1  0.5460  2.130720e+10  0.000000e+00  0.000000e+00  2.393971e-01  7.426677e-01  1.851619e-01  2  0.5460  3.606458e+00  0.000000e+00  0.000000e+00  6.388026e-02  2.070545e+01  0.000000e+00 
3  1.484728e+01  1.127543e+01  3.521950e+05  6.989473e-01 6 -1.000000e+00  2.578176e+01 3   3.2660  3.881963e-01  9.289834e-02 -1 -1.0000 -1.000000e+00 -1.000000e+00 -1.000000e+00 -1.000000e+00 -1.000000e+00 -1.000000e+00 -1 -1.0000 -1.000000e+00 -1.000000e+00 -1.000000e+00 -1.000000e+00 -1.000000e+00 -1.000000e+00  0  0.6040  8.745020e+12  0.000000e+00  0.000000e+00  1.828980e-01  1.093542e+02  3.038234e+00  1  0.6040  9.260632e+10  0.000000e+00  0.000000e+00  2.437965e-01  1.469918e+02  1.531986e-01  2  0.6040  3.266037e+00  0.000000e+00  0.000000e+00  6.188047e-02 -1.081718e+02  0.000000e+00 
1  1.454086e+00  2.561525e+00  1.444840e+05  2.668025e+00 0 -1.000000e+00  2.561525e+00 2  10.1404  3.332997e+00  1.544259e+00 -1 -1.0000 -1.000000e+00 -1.000000e+00 -1.000000e+00 -1.000000e+00 -1.000000e+00 -1.000000e+00 -1 -1.0000 -1.000000e+00 -1.000000e+00 -1.000000e+00 -1.000000e+00 -1.000000e+00 -1.000000e+00  0  0.6390  3.545830e+13  0.000000e+00  0.000000e+00  3.347794e-01 -6.777053e+01  6.129232e+00  1  0.6390  1.932738e+11  0.000000e+00  0.000000e+00  2.903846e-01 -1.161933e+02  3.184272e-01  2  0.6390  1.014043e+01  0.000000e+00  0.000000e+00  1.247933e-01 -8.750276e+01  0.000000e+00 
3  8.548540e+00  4.674211e+00  1.851030e+05  5.197788e-01 6 -1.000000e+00  1.194525e+01 1   5.1922  2.175082e-01 -3.223465e-01 -1 -1.0000 -1.000000e+00 -1.000000e+00 -1.000000e+00 -1.000000e+00 -1.000000e+00 -1.000000e+00 -1 -1.0000 -1.000000e+00 -1.000000e+00 -1.000000e+00 -1.000000e+00 -1.000000e+00 -1.000000e+00  0  0.8670  8.903345e+11  0.000000e+00  0.000000e+00  2.756283e-01  1.111287e+02  1.149468e+01  1  0.8670  2.589202e+10  0.000000e+00  0.000000e+00  1.756417e-01  1.003493e+02  4.591384e-02  2  0.8670  5.192206e+00  0.000000e+00  0.000000e+00  4.564170e-02  1.055278e+01  0.000000e+00 
3  5.660943e+00  4.472224e+00  3.370950e+05  7.771325e-01 6 -1.000000e+00  1.145089e+01 3   8.4654  1.830604e-01  2.248982e-01 -1 -1.0000 -1.000000e+00 -1.000000e+00 -1.000000e+00 -1.000000e+00 -1.000000e+00 -1.000000e+00 -1 -1.0000 -1.000000e+00 -1.000000e+00 -1.000000e+00 -1.000000e+00 -1.000000e+00 -1.000000e+00  0  1.1090  5.194554e+12  0.000000e+00  0.000000e+00  1.511215e-02 -5.204121e+01  4.327429e+00  1  1.1090  7.380965e+10  0.000000e+00  0.000000e+00  1.560534e-01 -9.722827e+01  9.142720e-02  2  1.1090  8.465443e+00  0.000000e+00  0.000000e+00  1.787815e-01 -2.498394e+01  0.000000e+00 
1  1.186118e+01  2.509440e+01  1.308840e+05  1.929348e-02 0  2.838293e-01  2.509440e+01 2   3.9746  6.737936e-02  7.233696e-02  0  1.2520  5.341662e+10  0.000000e+00  0.000000e+00  1.520278e-01 -1.685335e+02  1.964119e+01  1  1.2520  1.629210e+08  0.000000e+00  0.000000e+00  1.562697e-01 -9.320475e+01  1.591432e-01  2  1.2520  2.096288e+11  6.011610e+00  2.950515e+00  5.338219e-01 -1.304439e+02  3.556811e+00  3  1.2520  1.653058e+09  6.011610e+00  2.950515e+00  4.391461e-01 -1.467416e+02  1.056813e-01  4  1.2520  3.974562e+00  0.000000e+00  0.000000e+00  2.514642e-02 -9.148366e+01  0.000000e+00 
3  1.135514e+01  2.082716e+01  2.319480e+05  5.393159e-01 6  3.014812e-01  3.734772e+01 3   6.3241 -3.758614e-02 -6.998466e-01  0  0.2150  6.342774e+11  0.000000e+00  0.000000e+00  2.061147e-01 -8.889574e+01  1.199912e+01  1  0.2150  3.499200e+10  0.000000e+00  0.000000e+00  1.932088e-01 -1.107342e+02  4.470191e-01  2  0.2150  4.510532e+12 -1.662644e+01 -1.014432e+02  1.044582e-01 -3.085908e+01  8.501778e+00  3  0.2150  9.240311e+10 -1.662644e+01 -1.014432e+02  1.194562e-01 -5.648277e+01  6.116810e-01  4  0.2150  6.324149e+00  0.000000e+00  0.000000e+00  5.991564e-03  1.154853e+01  0.000000e+00 
1  9.391101e+00  1.799509e+01  1.624620e+05  1.985634e+00 0 -1.000000e+00  1.799509e+01 2   3.6070  8.982566e-01  3.739277e+00 -1 -1.0000 -1.000000e+00 -1.000000e+00 -1.000000e+00 -1.000000e+00 -1.000000e+00 -1.000000e+00 -1 -1.0000 -1.000000e+00 -1.000000e+00 -1.000000e+00 -1.000000e+00 -1.000000e+00 -1.000000e+00  0  0.3160  2.965937e+13  0.000000e+00  0.000000e+00  5.822123e-01 -1.947903e+01  8.192924e+00  1  0.3160  2.622443e+11  0.000000e+00  0.000000e+00  3.255351e-01  2.973286e+01  4.247727e-01  2  0.3160  3.607026e+00  0.000000e+00  0.000000e+00  3.153192e-02  3.111221e+01  0.000000e+00 
3  4.000987e+01  3.107812e+01  1.360030e+05  1.600521e+00 6 -1.000000e+00  6.215232e+01 1   1.9436  8.463845e-01  7.545488e-01 -1 -1.0000 -1.000000e+00 -1.000000e+00 -1.000000e+00 -1.000000e+00 -1.000000e+00 -1.000000e+00 -1 -1.0000 -1.000000e+00 -1.000000e+00 -1.000000e+00 -1.000000e+00 -1.000000e+00 -1.000000e+00  0  0.3620  4.013934e+13  0.000000e+00  0.000000e+00  3.052075e-01  6.691305e+01  5.000267e+00  1  0.3620  2.265589e+11  0.000000e+00  0.000000e+00  1.238812e-01  4.954145e+01  5.290035e-01  2  0.3620  1.943609e+00  0.000000e+00  0.000000e+00  5.279258e-03  5.689765e+01  0.000000e+00 
3  2.008117e+00  8.623589e-01  9.671200e+04  8.385042e-01 6 -1.000000e+00  2.712351e+00 1   5.0210 -2.803021e-01 -7.309239e-01 -1 -1.0000 -1.000000e+00 -1.000000e+00 -1.000000e+00 -1.000000e+00 -1.000000e+00 -1.000000e+00 -1 -1.0000 -1.000000e+00 -1.000000e+00 -1.000000e+00 -1.000000e+00 -1.000000e+00 -1.000000e+00  0  0.4310  3.579440e+12  0.000000e+00  0.000000e+00  3.588645e-01 -1.436466e+01  6.786684e+00  1  0.4310  7.585580e+10  0.000000e+00  0.000000e+00  4.267151e-01 -5.363240e+01  1.605798e-01  2  0.4310  5.021039e+00  0.000000e+00  0.000000e+00  1.568949e-01  9.253585e+01  0.000000e+00 
3  1.406350e+01  7.810021e+00  6.923000e+03  9.622158e-01 6 -1.000000e+00  4.108644e+01 2   7.2311 -6.296327e-01  1.475746e-01 -1 -1.0000 -1.000000e+00 -1.000000e+00 -1.000000e+00 -1.000000e+00 -1.000000e+00 -1.000000e+00 -1 -1.0000 -1.000000e+00 -1.000000e+00 -1.000000e+00 -1.000000e+00 -1.000000e+00 -1.000000e+00  0  0.5620  1.174795e+13  0.000000e+00  0.000000e+00  2.612821e-01 -1.286614e+02  4.199203e+00  1  0.5620  1.273587e+11  0.000000e+00  0.000000e+00  4.258536e-01 -1.352754e+02  2.732690e-01  2  0.5620  7.231115e+00  0.000000e+00  0.000000e+00  1.524351e-01  9.316036e+01  0.000000e+00 
1  1.318490e+01  2.659412e+01  4.035000e+03  5.501041e-01 0  3.046066e-01  2.659412e+01 2   6.3477 -1.780181e+00  7.599502e-01  0  0.7040  4.744950e+11  0.000000e+00  0.000000e+00  3.007916e-01 -1.881283e+01  2.608739e+01  1  0.7040  1.841547e+10  0.000000e+00  0.000000e+00  6.354400e-01  5.523320e+00  6.168306e-02  2  0.7040  1.302439e+13 -1.095093e+01  2.295420e+00  2.130340e-01  4.177094e+01  7.831909e+00  3  0.7040  1.343904e+11 -1.095093e+01  2.295420e+00  2.106928e-01  1.059806e+02  3.782366e-01  4  0.7040  6.347743e+00  0.000000e+00  0.000000e+00  1.852256e-01 -3.171892e+01  0.000000e+00 
3  1.775280e+01  1.119324e+01  3.912200e+05  2.769550e-01 6 -1.000000e+00  2.659893e+01 1   4.3328  7.306357e-02 -1.712097e-01 -1 -1.0000 -1.000000e+00 -1.000000e+00 -1.000000e+00 -1.000000e+00 -1.000000e+00 -1.000000e+00 -1 -1.0000 -1.000000e+00 -1.000000e+00 -1.000000e+00 -1.000000e+00 -1.000000e+00 -1.000000e+00  0  0.9820  1.963114e+12  0.000000e+00  0.000000e+00  1.417437e-01 -7.316285e+00  2.967796e+00  1  0.9820  4.077591e+10  0.000000e+00  0.000000e+00  5.308791e-01  2.806153e+00  8.390013e-02  2  0.9820  4.332774e+00  0.000000e+00  0.000000e+00  6.605681e-02 -5.761453e+00  0.000000e+00 
1  2.641234e+01  6.207753e+01  1.757850e+05  3.062981e-02 0  2.808258e-01  6.207753e+01 2   1.9985  2.137655e-02 -5.345743e-02  0  1.0410  9.615535e+10  0.000000e+00  0.000000e+00  2.289784e-01  1.045284e+02  1.406871e+01  1  1.0410  5.406206e+08  0.000000e+00  0.000000e+00  4.536411e-01  1.108395e+02  3.333912e-02  2  1.0410  2.156556e+11  4.312804e+00 -4.303788e+00  2.352056e-01  6.682323e+01  1.037717e+01  3  1.0410  3.029976e+09  4.312804e+00 -4.303788e+00  1.855056e-01  7.417055e+01  4.773199e-02  4  1.0410  1.998531e+00  0.000000e+00  0.000000e+00  5.488323e-02 -9.082928e+01  0.000000e+00 
3  9.538636e+01  1.116425e+02  1.411600e+05  1.933046e-01 6 -1.000000e+00  1.446190e+02 1   1.9376 -5.786949e-02  3.964279e-02 -1 -1.0000 -1.000000e+00 -1.000000e+00 -1.000000e+00 -1.000000e+00 -1.000000e+00 -1.000000e+00 -1 -1.0000 -1.000000e+00 -1.000000e+00 -1.000000e+00 -1.000000e+00 -1.000000e+00 -1.000000e+00  0  1.4470  1.094485e+12  0.000000e+00  0.000000e+00  1.915669e-01 -1.080507e+02  5.190551e+00  1  1.4470  3.885876e+10  0.000000e+00  0.000000e+00  1.795017e-01 -1.511970e+02  2.512480e-02  2  1.4470  1.937616e+00  0.000000e+00  0.000000e+00  4.499923e-02  1.505430e+02  0.000000e+00 
3  1.082414e+01  8.316635e+00  7.318000e+04  4.441875e-01 6 -1.000000e+00  1.449410e+01 1   5.9863  1.431236e-01  2.795016e-01 -1 -1.0000 -1.000000e+00 -1.000000e+00 -1.000000e+00 -1.000000e+00 -1.000000e+00 -1.000000e+00 -1 -1.0000 -1.000000e+00 -1.000000e+00 -1.000000e+00 -1.000000e+00 -1.000000e+00 -1.000000e+00  0  1.5910  1.437462e+12  0.000000e+00  0.000000e+00  1.866697e-01 -1.353028e+02  6.766101e+00  1  1.5910  3.601513e+10  0.000000e+00  0.000000e+00  4.674929e-01 -5.228243e+01  2.788785e-02  2  1.5910  5.986307e+00  0.000000e+00  0.000000e+00  1.170084e-01  5.430966e+01  0.000000e+00 
3  1.049064e+01  5.186755e+00  1.506910e+05  6.805076e-01 6 -1.000000e+00  1.320307e+01 1   7.0594 -3.718781e-01 -5.027520e-01 -1 -1.0000 -1.000000e+00 -1.000000e+00 -1.000000e+00 -1.000000e+00 -1.000000e+00 -1.000000e+00 -1 -1.0000 -1.000000e+00 -1.000000e+00 -1.000000e+00 -1.000000e+00 -1.000000e+00 -1.000000e+00  0  1.6380  2.766450e+12  0.000000e+00  0.000000e+00  2.875848e-01  4.402397e+01  4.699065e+00  1  1.6380  9.071958e+10  0.000000e+00  0.000000e+00  8.794802e-02  5.850509e+01  6.548674e-02  2  1.6380  7.059372e+00  0.000000e+00  0.000000e+00  1.614510e-01 -1.603438e+02  0.000000e+00 
3  1.553746e+01  1.003246e+01  2.937180e+05  1.049870e+00 6  2.995158e-01  1.888117e+01 1   4.8368  4.768131e-01 -1.923407e+00  0  0.4750  9.435062e+11  0.000000e+00  0.000000e+00  3.734109e-01 -7.703895e+01  2.657568e+01  1  0.4750  5.322136e+10  0.000000e+00  0.000000e+00  1.241779e-01 -1.166836e+02  1.930698e-01  2  0.4750  9.218565e+12  7.850959e+00 -4.020065e+01  4.294307e-01 -1.525117e+02  4.047089e+00  3  0.4750  9.397580e+10  7.850959e+00 -4.020065e+01  3.189521e-01 -1.704830e+02  2.759696e-01  4  0.4750  4.836774e+00  0.000000e+00  0.000000e+00  8.156800e-02 -6.558821e+01  0.000000e+00 
3  7.587697e+00  6.196067e+00  6.521700e+04  6.919868e-01 6  2.872676e-01  1.208977e+01 1   5.8520  8.759398e-01 -9.943011e-03  0  0.7720  7.601681e+11  0.000000e+00  0.000000e+00  3.213404e-01 -2.380958e+01  1.400208e+01  1  0.7720  3.294461e+10  0.000000e+00  0.000000e+00  3.111606e-01 -6.026952e+01  3.503753e-02  2  0.7720  3.849075e+12  2.350625e+00  1.225355e+00  2.639177e-01 -5.228027e+01  5.165687e+00  3  0.7720  9.882782e+10  2.350625e+00  1.225355e+00  4.807157e-01 -4.910700e+01  2.763815e-01  4  0.7720  5.851961e+00  0.000000e+00  0.000000e+00  1.687024e-01 -1.615520e+02  0.000000e+00 
3  4.683595e+00  7.959186e+00  1.364050e+05  4.696858e-01 6  2.981559e-01  1.493484e+01 3   4.8173  3.750788e-01  1.231575e+00  0  0.8230  5.540323e+11  0.000000e+00  0.000000e+00  5.634040e-03 -2.315745e+01  1.817006e+01  1  0.8230  1.594689e+10  0.000000e+00  0.000000e+00  2.460125e-01 -1.472527e+01  2.633681e-01  2  0.8230  8.969514e+12  4.059461e-01  3.248562e+00  3.056274e-01  6.727973e+01  6.297228e+00  3  0.8230  1.031509e+11  4.059461e-01  3.248562e+00  2.514725e-01  9.149051e+01  1.171234e-01  4  0.8230  4.817270e+00  0.000000e+00  0.000000e+00  1.907158e-01  1.239152e+02  0.000000e+00 
3  1.300884e+01  1.279865e+01  1.636400e+04  1.885082e-01 6 -1.000000e+00  1.823247e+01 1   2.9508  1.068961e-01 -5.735573e-02 -1 -1.0000 -1.000000e+00 -1.000000e+00 -1.000000e+00 -1.000000e+00 -1.000000e+00 -1.000000e+00 -1 -1.0000 -1.000000e+00 -1.000000e+00 -1.000000e+00 -1.000000e+00 -1.000000e+00 -1.000000e+00  0  1.0410  6.156290e+11  0.000000e+00  0.000000e+00  1.482171e-01 -9.716701e-01  5.727556e+00  1  1.0410  1.524435e+10  0.000000e+00  0.000000e+00  2.727253e-01 -1.662437e+01  5.882282e-02  2  1.0410  2.950770e+00  0.000000e+00  0.000000e+00  4.863196e-02  1.187830e+02  0.000000e+00 
3  1.607656e+01  4.595358e+00  8.106500e+04  7.250952e-01 6  2.827862e-01  2.855930e+01 2   6.0572  2.481274e+00 -8.351709e-02  0  1.2150  1.508949e+12  0.000000e+00  0.000000e+00  1.046682e-01 -1.484620e+02  1.173411e+01  1  1.2150  4.887581e+10  0.000000e+00  0.000000e+00  5.227265e-01 -1.963745e+02  6.694498e-02  2  1.2150  1.496709e+13  9.281593e+00  3.609809e-01  2.875280e-01  1.148879e+02  4.321548e+00  3  1.2150  1.281448e+11  9.281593e+00  3.609809e-01  4.003992e-01  8.947856e+01  1.676221e-01  4  1.2150  6.057225e+00  0.000000e+00  0.000000e+00  1.700522e-01 -1.086109e+02  0.000000e+00 
1  2.662387e+01  5.578433e+01  1.734460e+05  1.020461e+00 0  2.813970e-01  5.578433e+01 2   5.3213 -6.558212e-01  4.098325e+00  0  1.2480  1.992474e+12  0.000000e+00  0.000000e+00  3.364078e-01 -7.247629e+01  1.279933e+01  1  1.2480  6.186291e+10  0.000000e+00  0.000000e+00  5.417971e-01 -1.059258e+02  1.111572e-01  2  1.2480  4.116803e+13 -8.405377e-01  1.031398e+01  3.925505e-01  1.408981e+02  3.864367e+00  3  1.2480  1.694736e+11 -8.405377e-01  1.031398e+01  7.431870e-02  1.605495e+02  1.001212e-01  4  1.2480  5.321277e+00  0.000000e+00  0.000000e+00  1.030372e-01 -1.799895e+01  0.000000e+00 
3  9.298614e+00  3.947623e+00  2.887800e+05  2.884322e-01 6 -1.000000e+00  1.119849e+01 1   7.7298 -3.600584e-02  3.059263e-01 -1 -1.0000 -1.000000e+00 -1.000000e+00 -1.000000e+00 -1.000000e+00 -1.000000e+00 -1.000000e+00 -1 -1.0000 -1.000000e+00 -1.000000e+00 -1.000000e+00 -1.000000e+00 -1.000000e+00 -1.000000e+00  0  1.3570  9.029060e+11  0.000000e+00  0.000000e+00  2.777677e-01 -5.224389e+01  3.765977e+00  1  1.3570  1.822177e+10  0.000000e+00  0.000000e+00  3.337901e-01 -1.149673e+02  6.277001e-02  2  1.3570  7.729816e+00  0.000000e+00  0.000000e+00  1.801793e-01 -7.438015e+01  0.000000e+00 
1  4.370943e+00  8.264435e+00  3.604910e+05  2.836594e+00 0 -1.000000e+00  8.264435e+00 2   3.6089 -1.989562e+00 -4.833407e-01 -1 -1.0000 -1.000000e+00 -1.000000e+00 -1.000000e+00 -1.000000e+00 -1.000000e+00 -1.000000e+00 -1 -1.0000 -1.000000e+00 -1.000000e+00 -1.000000e+00 -1.000000e+00 -1.000000e+00 -1.000000e+00  0  1.7260  4.074121e+13  0.000000e+00  0.000000e+00  2.656775e-01 -9.011974e+01  7.822375e+00  1  1.7260  1.352299e+11  0.000000e+00  0.000000e+00  5.026004e-01 -6.294127e+01  6.008505e-02  2  1.7260  3.608948e+00  0.000000e+00  0.000000e+00  7.678287e-03 -2.672708e+01  0.000000e+00 
3  6.169611e+00  1.065558e+01  3.595700e+04  7.845529e-01 6 -1.000000e+00  1.177975e+01 3   6.6228  9.661961e-02  9.710031e-02 -1 -1.0000 -1.000000e+00 -1.000000e+00 -1.000000e+00 -1.000000e+00 -1.000000e+00 -1.000000e+00 -1 -1.0000 -1.000000e+00 -1.000000e+00 -1.000000e+00 -1.000000e+00 -1.000000e+00 -1.000000e+00  0  0.6260  4.576278e+12  0.000000e+00  0.000000e+00  6.933187e-02  1.013249e+02  5.757870e+00  1  0.6260  7.718405e+10  0.000000e+00  0.000000e+00  3.840907e-01  1.341399e+02  1.332217e-01  2  0.6260  6.622808e+00  0.000000e+00  0.000000e+00  1.157996e-01 -1.610749e+02  0.000000e+00 
3  1.986836e+00  1.092000e+00  3.551430e+05  7.975904e-01 6  2.974917e-01  3.415585e+00 1  13.1082 -5.741724e-01  1.732192e+00  0  0.6580  7.751849e+11  0.000000e+00  0.000000e+00  2.140744e-01  1.071359e+02  1.561398e+01  1  0.6580  3.998114e+10  0.000000e+00  0.000000e+00  1.675496e-01  5.421220e+01  1.187388e-01  2  0.6580  8.808182e+12 -8.923791e-02  4.575991e+00  1.760216e-01 -4.491031e+01  6.099099e+00  3  0.6580  7.682911e+10 -8.923791e-02  4.575991e+00  3.802099e-01 -3.470065e+01  1.602638e-01  4  0.6580  1.310817e+01  0.000000e+00  0.000000e+00  1.054687e-01  4.328492e+01  0.000000e+00 
1  4.866796e+01  1.083568e+02  3.488950e+05  2.445008e+00 0 -1.000000e+00  1.083568e+02 2   2.2465 -2.293817e+00  9.803527e-01 -1 -1.0000 -1.000000e+00 -1.000000e+00 -1.000000e+00 -1.000000e+00 -1.000000e+00 -1.000000e+00 -1 -1.0000 -1.000000e+00 -1.000000e+00 -1.000000e+00 -1.000000e+00 -1.000000e+00 -1.000000e+00  0  0.8130  8.000664e+13  0.000000e+00  0.000000e+00  5.477296e-01  7.375930e+01  4.087293e+00  1  0.8130  4.377827e+11  0.000000e+00  0.000000e+00  3.197495e-01  6.184103e+01  2.328431e-01  2  0.8130  2.246451e+00  0.000000e+00  0.000000e+00  3.296193e-02 -2.342480e+00  0.000000e+00 
3  1.974648e+01  1.087003e+01  2.557540e+05  6.304679e-01 6 -1.000000e+00  2.672066e+01 1   4.1711 -4.754337e-01  3.303641e-01 -1 -1.0000 -1.000000e+00 -1.000000e+00 -1.000000e+00 -1.000000e+00 -1.000000e+00 -1.000000e+00 -1 -1.0000 -1.000000e+00 -1.000000e+00 -1.000000e+00 -1.000000e+00 -1.000000e+00 -1.000000e+00  0  0.8500  4.516320e+12  0.000000e+00  0.000000e+00  3.214325e-01  6.648496e+01  4.225788e+00  1  0.8500  8.632139e+10  0.000000e+00  0.000000e+00  2.869462e-01  2.507264e+01  1.092916e-01  2  0.8500  4.171124e+00  0.000000e+00  0.000000e+00  1.590989e-01  1.317890e+02  0.000000e+00 
3  2.296122e+01  2.401320e+01  4.035130e+05  2.434112e+00 6 -1.000000e+00  5.087142e+01 3   3.1402 -4.826969e-01  2.273214e-01 -1 -1.0000 -1.000000e+00 -1.000000e+00 -1.000000e+00 -1.000000e+00 -1.000000e+00 -1.000000e+00 -1 -1.0000 -1.000000e+00 -1.000000e+00 -1.000000e+00 -1.000000e+00 -1.000000e+00 -1.000000e+00  0  0.9260  4.882816e+13  0.000000e+00  0.000000e+00  3.386776e-01 -7.870884e+01  5.251553e+00  1  0.9260  2.200175e+11  0.000000e+00  0.000000e+00  3.641812e-01 -1.112150e+02  1.551178e-01  2  0.9260  3.140160e+00  0.000000e+00  0.000000e+00  1.078445e-01 -1.252728e+02  0.000000e+00 
3  6.230672e+00  2.755472e+00  1.367770e+05  1.982748e+00 6  2.861931e-01  1.213193e+01 2   5.6636  4.043429e-01  3.822078e+00  0  0.9300  3.660711e+12  0.000000e+00  0.000000e+00  1.413873e-01  9.077771e+01  1.204897e+01  1  0.9300  7.910631e+10  0.000000e+00  0.000000e+00  4.249197e-01  8.041635e+01  6.368686e-02  2  0.9300  9.291165e+13  3.144774e+00  8.891029e+00  4.883334e-01 -1.662999e+01  3.130137e+00  3  0.9300  3.298586e+11  3.144774e+00  8.891029e+00  1.717668e-01 -1.213095e+01  5.188469e-01  4  0.9300  5.663565e+00  0.000000e+00  0.000000e+00  1.425460e-01 -1.119202e+02  0.000000e+00 
3  2.477377e+00  1.176208e+00  3.921090e+05  6.248530e-01 6  2.774012e-01  2.845507e+00 1  16.2889 -4.677475e-01 -1.842403e-01  0  1.1080  6.467758e+11  0.000000e+00  0.000000e+00  3.870749e-01 -1.655413e+01  2.258091e+01  1  1.1080  2.948816e+10  0.000000e+00  0.000000e+00  3.601623e-01 -5.285660e+01  5.389753e-02  2  1.1080  1.401296e+12  9.518819e+00 -1.538557e+01  1.198943e-01  1.395159e+02  5.134042e+00  3  1.1080  5.860128e+10  9.518819e+00 -1.538557e+01  3.190602e-01  1.731385e+02  6.975008e-02  4  1.1080  1.628891e+01  0.000000e+00  0.000000e+00  8.602300e-02 -1.598238e+01  0.000000e+00 
3  1.676405e+01  1.382047e+01  3.920830e+05  7.694799e-01 6 -1.000000e+00  2.822657e+01 1   3.1474  1.276213e-01  2.730660e-01 -1 -1.0000 -1.000000e+00 -1.000000e+00 -1.000000e+00 -1.000000e+00 -1.000000e+00 -1.000000e+00 -1 -1.0000 -1.000000e+00 -1.000000e+00 -1.000000e+00 -1.000000e+00 -1.000000e+00 -1.000000e+00  0  1.1640  9.365695e+12  0.000000e+00  0.000000e+00  4.876421e-01  1.112261e+01  6.723000e+00  1  1.1640  9.701404e+10  0.000000e+00  0.000000e+00  1.351158e-01  7.929504e-01  7.029159e-02  2  1.1640  3.147415e+00  0.000000e+00  0.000000e+00  5.523985e-02  1.576513e+02  0.000000e+00 
3  7.412636e+00  4.374597e+00  3.399260e+05  8.981896e-01 6 -1.000000e+00  1.131749e+01 1  11.5204  7.839049e-02 -6.060348e-01 -1 -1.0000 -1.000000e+00 -1.000000e+00 -1.000000e+00 -1.000000e+00 -1.000000e+00 -1.000000e+00 -1 -1.0000 -1.000000e+00 -1.000000e+00 -1.000000e+00 -1.000000e+00 -1.000000e+00 -1.000000e+00  0  1.6590  9.006910e+12  0.000000e+00  0.000000e+00  5.084606e-01  5.172444e+01  4.072350e+00  1  1.6590  8.510940e+10  0.000000e+00  0.000000e+00  9.717012e-02  3.808177e+01  1.253677e-01  2  1.6590  1.152041e+01  0.000000e+00  0.000000e+00  9.319276e-02  1.149845e+02  0.000000e+00 
3  6.820049e+00  6.957791e+00  3.501590e+05  3.560359e-01 6 -1.000000e+00  1.101692e+01 1   5.1975 -8.685348e-02  2.662973e-02 -1 -1.0000 -1.000000e+00 -1.000000e+00 -1.000000e+00 -1.000000e+00 -1.000000e+00 -1.000000e+00 -1 -1.0000 -1.000000e+00 -1.000000e+00 -1.000000e+00 -1.000000e+00 -1.000000e+00 -1.000000e+00  0  1.8970  1.264992e+12  0.000000e+00  0.000000e+00  3.625718e-01  1.479045e+02  5.523410e+00  1  1.8970  3.571532e+10  0.000000e+00  0.000000e+00  1.616287e-01  1.362000e+02  2.680747e-02  2  1.8970  5.197546e+00  0.000000e+00  0.000000e+00  2.354031e-01 -1.347124e+02  0.000000e+00 
3  2.262022e+00  2.120079e+00  5.207800e+04  1.578604e+00 6 -1.000000e+00  3.510203e+00 1  12.8933 -5.221656e-01 -8.281051e-01 -1 -1.0000 -1.000000e+00 -1.000000e+00 -1.000000e+00 -1.000000e+00 -1.000000e+00 -1.000000e+00 -1 -1.0000 -1.000000e+00 -1.000000e+00 -1.000000e+00 -1.000000e+00 -1.000000e+00 -1.000000e+00  0  0.2550  2.984374e+13  0.000000e+00  0.000000e+00  3.841000e-01  5.075977e+01  4.907859e+00  1  0.2550  1.869938e+11  0.000000e+00  0.000000e+00  2.538643e-01  3.740923e+01  4.880903e-01  2  0.2550  1.289325e+01  0.000000e+00  0.000000e+00  7.002128e-02 -5.267770e+01  0.000000e+00 
1  5.225025e+01  9.513849e+01  1.461840e+05  1.278495e+00 0 -1.000000e+00  9.513849e+01 2   0.9889 -2.054823e-01 -1.808082e+00 -1 -1.0000 -1.000000e+00 -1.000000e+00 -1.000000e+00 -1.000000e+00 -1.000000e+00 -1.000000e+00 -1 -1.0000 -1.000000e+00 -1.000000e+00 -1.000000e+00 -1.000000e+00 -1.000000e+00 -1.000000e+00  0  0.3580  6.751737e+13  0.000000e+00  0.000000e+00  6.912585e-01  1.658602e+02  5.950796e+00  1  0.3580  4.101084e+11  0.000000e+00  0.000000e+00  2.733678e-01  1.621030e+02  1.293396e+00  2  0.3580  9.888931e-01  0.000000e+00  0.000000e+00  1.248567e-02  1.347694e+02  0.000000e+00 
3  4.635450e+00  2.892176e+00  1.329800e+05  9.804786e-01 6 -1.000000e+00  1.006307e+01 2   4.1502 -1.633077e-01 -6.646071e-01 -1 -1.0000 -1.000000e+00 -1.000000e+00 -1.000000e+00 -1.000000e+00 -1.000000e+00 -1.000000e+00 -1 -1.0000 -1.000000e+00 -1.000000e+00 -1.000000e+00 -1.000000e+00 -1.000000e+00 -1.000000e+00  0  0.3680  2.797734e+12  0.000000e+00  0.000000e+00  1.556384e-01 -2.628908e+01  1.492673e+01  1  0.3680  9.280423e+10  0.000000e+00  0.000000e+00  3.989503e-01 -4.878051e+00  2.338631e-01  2  0.3680  4.150244e+00  0.000000e+00  0.000000e+00  5.381118e-02  1.702832e+02  0.000000e+00 
3  3.283488e+00  1.661510e+00  1.344140e+05  1.466518e+00 6 -1.000000e+00  4.180794e+00 1   7.6908  1.139747e+00  4.330729e-01 -1 -1.0000 -1.000000e+00 -1.000000e+00 -1.000000e+00 -1.000000e+00 -1.000000e+00 -1.000000e+00 -1 -1.0000 -1.000000e+00 -1.000000e+00 -1.000000e+00 -1.000000e+00 -1.000000e+00 -1.000000e+00  0  0.5880  7.780600e+12  0.000000e+00  0.000000e+00  3.355835e-01  1.587781e+02  1.088365e+01  1  0.5880  1.119480e+11  0.000000e+00  0.000000e+00  1.907351e-01  1.362907e+02  1.459953e-01  2  0.5880  7.690808e+00  0.000000e+00  0.000000e+00  2.363537e-01  1.676750e+00  0.000000e+00 
3  8.655393e+00  1.526325e+01  1.602530e+05  1.187696e+00 6 -1.000000e+00  1.570398e+01 3   3.7111  1.391144e-01 -1.517694e-01 -1 -1.0000 -1.000000e+00 -1.000000e+00 -1.000000e+00 -1.000000e+00 -1.000000e+00 -1.000000e+00 -1 -1.0000 -1.000000e+00 -1.000000e+00 -1.000000e+00 -1.000000e+00 -1.000000e+00 -1.000000e+00  0  0.9890  2.309526e+13  0.000000e+00  0.000000e+00  3.823464e-01 -7.928615e+01  3.319144e+00  1  0.9890  1.521281e+11  0.000000e+00  0.000000e+00  1.597883e-01 -1.067904e+02  5.397987e-02  2  0.9890  3.711078e+00  0.000000e+00  0.000000e+00  7.698486e-02  1.509909e+02  0.000000e+00 
1  4.560381e+00  1.087550e+01  1.404830e+05  8.259380e-02 0  2.872959e-01  1.087550e+01 2   6.0552  1.045030e-01  2.019120e-01  0  0.9900  8.282749e+10  0.000000e+00  0.000000e+00  2.460402e-01  1.610290e+02  2.234759e+01  1  0.9900  5.376866e+08  0.000000e+00  0.000000e+00  3.365702e-01  2.023843e+02  1.062685e-01  2  0.9900  3.496792e+11  7.970008e-01  8.842841e-01  1.803662e-01 -1.019070e+02  6.028526e+00  3  0.9900  7.014210e+09  7.970008e-01  8.842841e-01  1.984630e-01 -1.450508e+02  7.362701e-02  4  0.9900  6.055171e+00  0.000000e+00  0.000000e+00  1.094239e-01  1.331632e+01  0.000000e+00 
3  7.276211e+00  5.768778e+00  3.699900e+05  2.688735e-01 6 -1.000000e+00  1.227675e+01 1   5.4073  7.851838e-02  6.915038e-02 -1 -1.0000 -1.000000e+00 -1.000000e+00 -1.000000e+00 -1.000000e+00 -1.000000e+00 -1.000000e+00 -1 -1.0000 -1.000000e+00 -1.000000e+00 -1.000000e+00 -1.000000e+00 -1.000000e+00 -1.000000e+00  0  1.2630  9.429512e+11  0.000000e+00  0.000000e+00  1.934692e-01  1.121297e+02  4.963936e+00  1  1.2630  2.174181e+10  0.000000e+00  0.000000e+00  2.980349e-01  1.196457e+02  1.246861e-01  2  1.2630  5.407289e+00  0.000000e+00  0.000000e+00  1.224407e-01  1.096139e+02  0.000000e+00 
2  9.026141e+00  5.206993e+00  3.381910e+05  6.885270e-01 6 -1.000000e+00  1.731674e+01 2   5.7061  2.197678e-01 -3.279931e-01 -1 -1.0000 -1.000000e+00 -1.000000e+00 -1.000000e+00 -1.000000e+00 -1.000000e+00 -1.000000e+00 -1 -1.0000 -1.000000e+00 -1.000000e+00 -1.000000e+00 -1.000000e+00 -1.000000e+00 -1.000000e+00  0  2.6640  1.916242e+13  0.000000e+00  0.000000e+00  1.285373e-01 -8.779436e+01  2.940771e+00  1  2.6640  7.040770e+10  0.000000e+00  0.000000e+00  2.946821e-01 -1.187401e+02  1.505970e-02  2  2.6640  5.706078e+00  0.000000e+00  0.000000e+00  9.386520e-02  5.976278e+01  0.000000e+00 
3  8.839210e+00  4.288408e+00  2.597050e+05  6.726426e-01 6 -1.000000e+00  1.138916e+01 1   5.5060 -5.222752e-01 -6.361665e-01 -1 -1.0000 -1.000000e+00 -1.000000e+00 -1.000000e+00 -1.000000e+00 -1.000000e+00 -1.000000e+00 -1 -1.0000 -1.000000e+00 -1.000000e+00 -1.000000e+00 -1.000000e+00 -1.000000e+00 -1.000000e+00  0  1.1410  3.552967e+12  0.000000e+00  0.000000e+00  3.109627e-01 -1.380653e+02  6.187257e+00  1  1.1410  7.725654e+10  0.000000e+00  0.000000e+00  3.946356e-01 -1.323723e+02  1.324169e-01  2  1.1410  5.506033e+00  0.000000e+00  0.000000e+00  3.595309e-02 -1.144274e+02  0.000000e+00 
3  1.563341e+01  8.152083e+00  9.699700e+04  2.728285e-01 6 -1.000000e+00  2.163403e+01 1   4.0597  1.608043e-01  1.842903e-01 -1 -1.0000 -1.000000e+00 -1.000000e+00 -1.000000e+00 -1.000000e+00 -1.000000e+00 -1.000000e+00 -1 -1.0000 -1.000000e+00 -1.000000e+00 -1.000000e+00 -1.000000e+00 -1.000000e+00 -1.000000e+00  0  1.4880  1.387374e+12  0.000000e+00  0.000000e+00  1.698871e-01  9.829772e+01  4.251455e+00  1  1.4880  2.666702e+10  0.000000e+00  0.000000e+00  1.858338e-01  2.898720e+01  5.123863e-02  2  1.4880  4.059703e+00  0.000000e+00  0.000000e+00  5.854158e-02  9.899394e+01  0.000000e+00 
3  5.481006e+00  3.748458e+00  3.878470e+05  2.964639e-01 6 -1.000000e+00  7.255755e+00 1   5.9474  2.012169e-01  1.682720e-01 -1 -1.0000 -1.000000e+00 -1.000000e+00 -1.000000e+00 -1.000000e+00 -1.000000e+00 -1.000000e+00 -1 -1.0000 -1.000000e+00 -1.000000e+00 -1.000000e+00 -1.000000e+00 -1.000000e+00 -1.000000e+00  0  1.5910  1.450793e+12  0.000000e+00  0.000000e+00  3.209143e-01 -1.512694e+02  3.686350e+00  1  1.5910  4.268765e+10  0.000000e+00  0.000000e+00  5.091722e-01 -1.991826e+02  4.606538e-02  2  1.5910  5.947433e+00  0.000000e+00  0.000000e+00  2.904442e-02 -1.417579e+02  0.000000e+00 
3  1.674992e+01  2.640275e+01  3.179180e+05  3.009898e-01 6 -1.000000e+00  3.020162e+01 3   2.7201 -6.719895e-02 -9.698850e-03 -1 -1.0000 -1.000000e+00 -1.000000e+00 -1.000000e+00 -1.000000e+00 -1.000000e+00 -1.000000e+00 -1 -1.0000 -1.000000e+00 -1.000000e+00 -1.000000e+00 -1.000000e+00 -1.000000e+00 -1.000000e+00  0  0.4570  6.404299e+11  0.000000e+00  0.000000e+00  4.074959e-01  1.797755e+01  9.725751e+00  1  0.4570  2.534325e+10  0.000000e+00  0.000000e+00  2.200007e-01  4.745904e+01  2.745400e-01  2  0.4570  2.720084e+00  0.000000e+00  0.000000e+00  6.935513e-02  6.079515e+00  0.000000e+00 
1  3.163273e+01  5.594853e+01  2.769830e+05  9.158140e-01 0  3.032046e-01  5.594853e+01 2   3.0557  4.382926e+00 -1.768860e+00  0  0.5160  3.062975e+12  0.000000e+00  0.000000e+00  4.243537e-01  1.252149e+02  9.213042e+00  1  0.5160  5.767915e+10  0.000000e+00  0.000000e+00  4.069594e-01  8.794404e+01  3.440726e-01  2  0.5160  1.087350e+14  5.886950e+00 -7.484680e+00  3.331849e-01  1.631997e+02  3.759042e+00  3  0.5160  3.807302e+11  5.886950e+00 -7.484680e+00  4.007457e-01  1.700097e+02  5.259511e-01  4  0.5160  3.055704e+00  0.000000e+00  0.000000e+00  1.427285e-01 -8.345884e+01  0.000000e+00 
3  3.027200e+00  2.735106e+00  1.625200e+05  2.534539e-01 6 -1.000000e+00  4.970908e+00 1  10.7931 -5.618843e-02  9.174869e-02 -1 -1.0000 -1.000000e+00 -1.000000e+00 -1.000000e+00 -1.000000e+00 -1.000000e+00 -1.000000e+00 -1 -1.0000 -1.000000e+00 -1.000000e+00 -1.000000e+00 -1.000000e+00 -1.000000e+00 -1.000000e+00  0  0.7290  3.239885e+11  0.000000e+00  0.000000e+00  2.379355e-01  5.902413e+01  1.130042e+01  1  0.7290  5.405168e+09  0.000000e+00  0.000000e+00  4.366714e-01  7.580923e+01  4.794289e-02  2  0.7290  1.079310e+01  0.000000e+00  0.000000e+00  5.835392e-02  1.375375e+02  0.000000e+00 
3  6.338294e+00  5.774565e+00  1.433160e+05  1.749113e+00 6 -1.000000e+00  1.317456e+01 3  11.3015 -1.570385e-01 -7.917719e-01 -1 -1.0000 -1.000000e+00 -1.000000e+00 -1.000000e+00 -1.000000e+00 -1.000000e+00 -1.000000e+00 -1 -1.0000 -1.000000e+00 -1.000000e+00 -1.000000e+00 -1.000000e+00 -1.000000e+00 -1.000000e+00  0  1.1290  1.736696e+13  0.000000e+00  0.000000e+00  2.342604e-01 -9.620581e+01  5.871413e+00  1  1.1290  1.079686e+11  0.000000e+00  0.000000e+00  3.658720e-01 -1.779044e+01  8.152322e-02  2  1.1290  1.130147e+01  0.000000e+00  0.000000e+00  9.806779e-02  1.173261e+00  0.000000e+00 
3  1.838266e+01  1.257443e+01  1.984570e+05  2.640346e-01 6 -1.000000e+00  4.545489e+01 2   3.2179 -4.000807e-03  1.338402e-01 -1 -1.0000 -1.000000e+00 -1.000000e+00 -1.000000e+00 -1.000000e+00 -1.000000e+00 -1.000000e+00 -1 -1.0000 -1.000000e+00 -1.000000e+00 -1.000000e+00 -1.000000e+00 -1.000000e+00 -1.000000e+00  0  1.1400  1.086267e+12  0.000000e+00  0.000000e+00  1.087089e-01 -1.659307e+02  2.864646e+00  1  1.1400  4.265046e+10  0.000000e+00  0.000000e+00  4.292226e-01 -1.696186e+02  7.191013e-02  2  1.1400  3.217914e+00  0.000000e+00  0.000000e+00  8.772860e-02 -1.054994e-01  0.000000e+00 
2  3.235076e+00  1.340453e+00  2.209530e+05  1.370677e+00 6  2.771937e-01  4.023894e+00 1   7.2040  1.157364e+00 -1.136257e+00  0  1.1930  3.814557e+12  0.000000e+00  0.000000e+00  4.323214e-01  9.296954e+01  1.180974e+01  1  1.1930  5.511317e+10  0.000000e+00  0.000000e+00  1.858980e-01  1.342840e+02  2.906502e-02  2  1.1930  2.117347e+13  1.763253e+01 -3.082508e+01  3.790937e-01 -1.024005e+02  7.521878e+00  3  1.1930  1.259961e+11  1.763253e+01 -3.082508e+01  3.761410e-01 -1.289180e+02  2.312563e-01  4  1.1930  7.204047e+00  0.000000e+00  0.000000e+00  1.385545e-01 -7.976682e+01  0.000000e+00 
3  1.911304e+01  1.048378e+01  5.937500e+04  3.985434e-01 6 -1.000000e+00  2.373341e+01 1   2.6965 -1.013784e-02 -3.465206e-01 -1 -1.0000 -1.000000e+00 -1.000000e+00 -1.000000e+00 -1.000000e+00 -1.000000e+00 -1.000000e+00 -1 -1.0000 -1.000000e+00 -1.000000e+00 -1.000000e+00 -1.000000e+00 -1.000000e+00 -1.000000e+00  0  1.2490  1.207646e+12  0.000000e+00  0.000000e+00  3.677358e-01  1.121572e+02  6.424316e+00  1  1.2490  5.312985e+10  0.000000e+00  0.000000e+00  1.974678e-01  3.947161e+01  3.485366e-02  2  1.2490  2.696549e+00  0.000000e+00  0.000000e+00  3.630766e-02  7.054834e+01  0.000000e+00 
5  5.620131e+00  1.266422e+01  1.249170e+05  5.100836e-01 6 -1.000000e+00  1.719780e+01 3   7.4854 -1.253869e-02  2.085226e-02 -1 -1.0000 -1.000000e+00 -1.000000e+00 -1.000000e+00 -1.000000e+00 -1.000000e+00 -1.000000e+00 -1 -1.0000 -1.000000e+00 -1.000000e+00 -1.000000e+00 -1.000000e+00 -1.000000e+00 -1.000000e+00  0  1.2690  1.358003e+12  0.000000e+00  0.000000e+00  2.184709e-01  5.591171e+01  4.292567e+00  1  1.2690  5.139022e+10  0.000000e+00  0.000000e+00  4.453063e-01  6.411158e+01  1.064037e-01  2  1.2690  7.485433e+00  0.000000e+00  0.000000e+00  9.976761e-02  1.741696e+02  0.000000e+00 
3  1.939002e+01  9.887804e+00  2.028490e+05  3.620161e-01 6 -1.000000e+00  2.953020e+01 1  10.5225  1.604035e-01 -2.071237e-01 -1 -1.0000 -1.000000e+00 -1.000000e+00 -1.000000e+00 -1.000000e+00 -1.000000e+00 -1.000000e+00 -1 -1.0000 -1.000000e+00 -1.000000e+00 -1.000000e+00 -1.000000e+00 -1.000000e+00 -1.000000e+00  0  1.2710  1.284728e+12  0.000000e+00  0.000000e+00  2.616190e-01 -1.180791e+02  2.527025e+00  1  1.2710  2.805627e+10  0.000000e+00  0.000000e+00  2.721882e-01 -1.270111e+02  4.150719e-02  2  1.2710  1.052250e+01  0.000000e+00  0.000000e+00  7.291663e-02  9.121795e+00  0.000000e+00 
3  1.727782e+01  2.608788e+01  3.375910e+05  3.935953e-02 6 -1.000000e+00  2.808514e+01 1   2.3993 -1.271605e-02  1.064161e-02 -1 -1.0000 -1.000000e+00 -1.000000e+00 -1.000000e+00 -1.000000e+00 -1.000000e+00 -1.000000e+00 -1 -1.0000 -1.000000e+00 -1.000000e+00 -1.000000e+00 -1.000000e+00 -1.000000e+00 -1.000000e+00  0  1.4750  3.370650e+11  0.000000e+00  0.000000e+00  2.966580e-01  1.301406e+02  3.500951e+00  1  1.4750  2.702243e+09  0.000000e+00  0.000000e+00  1.738015e-01  1.540265e+02  4.135626e-02  2  1.4750  2.399274e+00  0.000000e+00  0.000000e+00  5.519934e-02 -9.740185e+01  0.000000e+00 
3  1.158367e+01  7.551614e+00  3.114710e+05  1.901280e-01 6 -1.000000e+00  1.940156e+01 1   7.0551 -8.871431e-02  5.689841e-02 -1 -1.0000 -1.000000e+00 -1.000000e+00 -1.000000e+00 -1.000000e+00 -1.000000e+00 -1.000000e+00 -1 -1.0000 -1.000000e+00 -1.000000e+00 -1.000000e+00 -1.000000e+00 -1.000000e+00 -1.000000e+00  0  1.7050  8.521569e+11  0.000000e+00  0.000000e+00  4.098900e-01 -1.495694e+02  2.029545e+00  1  1.7050  1.714201e+10  0.000000e+00  0.000000e+00  5.036631e-01 -1.342923e+02  5.852053e-02  2  1.7050  7.055146e+00  0.000000e+00  0.000000e+00  3.268620e-02 -5.231135e+01  0.000000e+00 
3  1.453210e+01  9.087131e+00  9.847500e+04  3.542082e-01 6 -1.000000e+00  2.010099e+01 1   5.5395  1.455904e-02  2.634127e-01 -1 -1.0000 -1.000000e+00 -1.000000e+00 -1.000000e+00 -1.000000e+00 -1.000000e+00 -1.000000e+00 -1 -1.0000 -1.000000e+00 -1.000000e+00 -1.000000e+00 -1.000000e+00 -1.000000e+00 -1.000000e+00  0  1.8930  1.676133e+12  0.000000e+00  0.000000e+00  3.326320e-01 -3.836952e+01  5.920822e+00  1  1.8930  4.133032e+10  0.000000e+00  0.000000e+00  3.173275e-01 -1.423528e+01  5.635258e-02  2  1.8930  5.539523e+00  0.000000e+00  0.000000e+00  1.293290e-01 -6.765689e+01  0.000000e+00 
3  9.183524e+00  5.082704e+00  3.761030e+05  6.941091e-01 6  2.715764e-01  1.548669e+01 1   7.2232 -1.403323e-01  4.040821e-01  0  2.0030  1.391508e+12  0.000000e+00  0.000000e+00  2.903108e-01 -1.737882e+02  1.455999e+01  1  2.0030  4.982036e+10  0.000000e+00  0.000000e+00  3.035988e-01 -1.421064e+02  2.817557e-02  2  2.0030  4.176212e+12 -6.456198e+00  8.330118e+00  4.151671e-01  8.914575e+01  7.165330e+00  3  2.0030  6.441081e+10 -6.456198e+00  8.330118e+00  2.492965e-01  5.535207e+01  7.725783e-02  4  2.0030  7.223247e+00  0.000000e+00  0.000000e+00  1.615200e-01  3.904035e+01  0.000000e+00 
3  1.825361e+00  1.453989e+00  2.623500e+05  7.416096e-01 6  2.698205e-01  2.735535e+00 1   9.0397  1.169660e+00  6.998217e-01  0  2.2080  2.016624e+12  0.000000e+00  0.000000e+00  1.813997e-01 -1.430742e+02  7.800692e+00  1  2.2080  6.069183e+10  0.000000e+00  0.000000e+00  2.464142e-01 -1.329263e+02  2.758626e-02  2  2.2080  6.778033e+12  5.826524e+00  5.202343e+00  3.477055e-01  9.492097e+01  4.347793e+00  3  2.2080  6.572247e+10  5.826524e+00  5.202343e+00  4.987205e-01  5.603007e+01  7.316585e-02  4  2.2080  9.039693e+00  0.000000e+00  0.000000e+00  8.338949e-02  1.534256e+02  0.000000e+00 
2  6.703790e+00  2.813864e-01  7.013800e+04  1.862733e+00 6 -1.000000e+00  1.279127e+01 2  10.8055  5.760666e-01 -2.027545e+00 -1 -1.0000 -1.000000e+00 -1.000000e+00 -1.000000e+00 -1.000000e+00 -1.000000e+00 -1.000000e+00 -1 -1.0000 -1.000000e+00 -1.000000e+00 -1.000000e+00 -1.000000e+00 -1.000000e+00 -1.000000e+00  0  2.2480  1.611580e+13  0.000000e+00  0.000000e+00  4.949572e-01 -1.525384e+02  7.184413e+00  1  2.2480  7.728649e+10  0.000000e+00  0.000000e+00  1.429888e-01 -1.050899e+02  3.329672e-02  2  2.2480  1.080554e+01  0.000000e+00  0.000000e+00  1.559901e-01 -2.569078e+01  0.000000e+00 
1  2.657861e+00  5.909189e+00  3.567220e+05  4.924440e-02 0  2.739470e-01  5.909189e+00 2   8.5270  2.189857e-01  4.985500e-03  0  2.6740  4.311710e+10  0.000000e+00  0.000000e+00  1.270608e-02  1.566587e+02  1.954454e+01  1  2.6740  1.090795e+08  0.000000e+00  0.000000e+00  1.280381e-01  2.062481e+02  1.805644e-02  2  2.6740  3.944815e+11  2.719552e+00  1.304753e-01  6.745852e-02 -3.719284e+01  5.122335e+00  3  2.6740  3.254360e+09  2.719552e+00  1.304753e-01  3.717751e-01 -3.256231e+01  4.383013e-02  4  2.6740  8.527022e+00  0.000000e+00  0.000000e+00  1.209498e-01  1.026734e+02  0.000000e+00 
3  6.753606e+01  6.573557e+01  1.734260e+05  5.917651e-01 6 -1.000000e+00  1.217831e+02 3   3.7590  1.941965e-01 -2.018928e-02 -1 -1.0000 -1.000000e+00 -1.000000e+00 -1.000000e+00 -1.000000e+00 -1.000000e+00 -1.000000e+00 -1 -1.0000 -1.000000e+00 -1.000000e+00 -1.000000e+00 -1.000000e+00 -1.000000e+00 -1.000000e+00  0  0.2660  1.659903e+12  0.000000e+00  0.000000e+00  3.285079e-01  1.579421e+02  5.222410e+00  1  0.2660  5.184906e+10  0.000000e+00  0.000000e+00  1.702893e-01  1.858906e+02  2.667165e-01  2  0.2660  3.758989e+00  0.000000e+00  0.000000e+00  1.954749e-01  7.133741e+01  0.000000e+00 
5  4.197196e+00  1.314153e+01  2.057900e+05  3.761528e-01 6  2.948635e-01  1.817380e+01 3   5.4187  1.284149e+00  8.446096e-01  0  0.9190  7.147386e+11  0.000000e+00  0.000000e+00  1.904270e-01  1.701691e+02  1.066835e+01  1  0.9190  2.883208e+10  0.000000e+00  0.000000e+00  4.494101e-01  1.208866e+02  2.118025e-01  2  0.9190  1.344286e+13  3.057450e+01  1.933661e+01  2.382424e-01  1.080233e+02  5.222056e+00  3  0.9190  1.075483e+11  3.057450e+01  1.933661e+01  2.376290e-01  7.474238e+01  9.842286e-02  4  0.9190  5.418739e+00  0.000000e+00  0.000000e+00  2.402050e-02  5.534238e+01  0.000000e+00 
3  1.062718e+01  1.092970e+01  2.577940e+05  7.832035e-01 6 -1.000000e+00  1.497207e+01 1   7.4121  2.584017e-01  3.903950e-01 -1 -1.0000 -1.000000e+00 -1.000000e+00 -1.000000e+00 -1.000000e+00 -1.000000e+00 -1.000000e+00 -1 -1.0000 -1.000000e+00 -1.000000e+00 -1.000000e+00 -1.000000e+00 -1.000000e+00 -1.000000e+00  0  0.9920  2.432958e+12  0.000000e+00  0.000000e+00  1.778606e-01 -1.417022e+02  1.078785e+01  1  0.9920  5.131544e+10  0.000000e+00  0.000000e+00  1.294402e-01 -1.820127e+02  6.115273e-02  2  0.9920  7.412093e+00  0.000000e+00  0.000000e+00  1.065286e-01  4.443693e+01  0.000000e+00 
3  6.841611e+00  4.406846e+00  2.234700e+04  2.630444e-01 6 -1.000000e+00  8.777754e+00 1  10.3760  1.934504e-01  6.734524e-02 -1 -1.0000 -1.000000e+00 -1.000000e+00 -1.000000e+00 -1.000000e+00 -1.000000e+00 -1.000000e+00 -1 -1.0000 -1.000000e+00 -1.000000e+00 -1.000000e+00 -1.000000e+00 -1.000000e+00 -1.000000e+00  0  1.1010  7.308490e+11  0.000000e+00  0.000000e+00  2.039506e-01 -2.416719e+01  3.759434e+00  1  1.1010  2.011518e+10  0.000000e+00  0.000000e+00  3.164820e-01 -9.530469e+00  3.805915e-02  2  1.1010  1.037601e+01  0.000000e+00  0.000000e+00  1.263367e-01 -2.412769e+01  0.000000e+00 
1  2.308618e+01  4.008802e+01  1.488200e+05  2.536308e+00 0 -1.000000e+00  4.008802e+01 2   3.4093 -1.280242e+00 -5.970956e+00 -1 -1.0000 -1.000000e+00 -1.000000e+00 -1.000000e+00 -1.000000e+00 -1.000000e+00 -1.000000e+00 -1 -1.0000 -1.000000e+00 -1.000000e+00 -1.000000e+00 -1.000000e+00 -1.000000e+00 -1.000000e+00  0  0.3930  4.092084e+13  0.000000e+00  0.000000e+00  5.186952e-01 -1.481236e+01  9.764128e+00  1  0.3930  2.934044e+11  0.000000e+00  0.000000e+00  5.191067e-01  2.725965e+01  4.701822e-01  2  0.3930  3.409330e+00  0.000000e+00  0.000000e+00  5.980987e-02 -1.425195e+02  0.000000e+00 
3  1.863910e+01  9.840220e+00  2.246350e+05  6.734646e-01 6 -1.000000e+00  2.364715e+01 1   4.0396 -6.848404e-02  5.098421e-01 -1 -1.0000 -1.000000e+00 -1.000000e+00 -1.000000e+00 -1.000000e+00 -1.000000e+00 -1.000000e+00 -1 -1.0000 -1.000000e+00 -1.000000e+00 -1.000000e+00 -1.000000e+00 -1.000000e+00 -1.000000e+00  0  0.6230  9.248534e+11  0.000000e+00  0.000000e+00  1.244971e-01 -8.830516e+01  9.968572e+00  1  0.6230  4.175145e+10  0.000000e+00  0.000000e+00  3.487152e-01 -8.599632e+01  8.282745e-02  2  0.6230  4.039587e+00  0.000000e+00  0.000000e+00  6.260729e-02 -1.125721e+02  0.000000e+00 
3  4.387180e+00  1.954134e+00  1.585990e+05  1.513713e+00 6 -1.000000e+00  7.802848e+00 2  10.7647 -6.575145e-01  9.698717e-01 -1 -1.0000 -1.000000e+00 -1.000000e+00 -1.000000e+00 -1.000000e+00 -1.000000e+00 -1.000000e+00 -1 -1.0000 -1.000000e+00 -1.000000e+00 -1.000000e+00 -1.000000e+00 -1.000000e+00 -1.000000e+00  0  0.8400  1.809195e+13  0.000000e+00  0.000000e+00  2.128583e-01 -1.406209e+02  5.250744e+00  1  0.8400  1.620859e+11  0.000000e+00  0.000000e+00  1.528772e-01 -1.482467e+02  2.093679e-01  2  0.8400  1.076471e+01  0.000000e+00  0.000000e+00  7.456975e-02 -5.738485e+01  0.000000e+00 
1  1.930454e+00  3.604895e+00  1.610450e+05  2.971279e-01 0 -1.000000e+00  3.604895e+00 2  15.6755 -1.928638e-01 -1.282144e-01 -1 -1.0000 -1.000000e+00 -1.000000e+00 -1.000000e+00 -1.000000e+00 -1.000000e+00 -1.000000e+00 -1 -1.0000 -1.000000e+00 -1.000000e+00 -1.000000e+00 -1.000000e+00 -1.000000e+00 -1.000000e+00  0  0.8810  4.969917e+11  0.000000e+00  0.000000e+00  2.949336e-01 -4.299350e+01  8.854969e+00  1  0.8810  9.015158e+09  0.000000e+00  0.000000e+00  5.924721e-01 -8.117166e+01  1.207568e-01  2  0.8810  1.567549e+01  0.000000e+00  0.000000e+00  1.412802e-01 -3.462680e+01  0.000000e+00 
2  3.994896e+00  3.215987e+00  1.965080e+05  5.600397e-01 6 -1.000000e+00  7.218431e+00 3  10.1769 -2.530333e-01  2.424380e-01 -1 -1.0000 -1.000000e+00 -1.000000e+00 -1.000000e+00 -1.000000e+00 -1.000000e+00 -1.000000e+00 -1 -1.0000 -1.000000e+00 -1.000000e+00 -1.000000e+00 -1.000000e+00 -1.000000e+00 -1.000000e+00  0  1.5540  4.730608e+12  0.000000e+00  0.000000e+00  1.300072e-01  1.612800e+02  3.951367e+00  1  1.5540  5.569075e+10  0.000000e+00  0.000000e+00  3.533214e-01  1.577780e+02  2.526710e-02  2  1.5540  1.017694e+01  0.000000e+00  0.000000e+00  4.374455e-02  6.188475e+01  0.000000e+00 
3  3.589474e+00  2.465566e+00  3.704940e+05  4.213295e-01 6 -1.000000e+00  4.899274e+00 1  16.4264 -3.564917e-01 -3.522233e-02 -1 -1.0000 -1.000000e+00 -1.000000e+00 -1.000000e+00 -1.000000e+00 -1.000000e+00 -1.000000e+00 -1 -1.0000 -1.000000e+00 -1.000000e+00 -1.000000e+00 -1.000000e+00 -1.000000e+00 -1.000000e+00  0  2.6290  1.969633e+12  0.000000e+00  0.000000e+00  5.810249e-02 -1.589259e+02  3.352420e+00  1  2.6290  3.660153e+10  0.000000e+00  0.000000e+00  3.259910e-01 -1.438865e+02  2.156631e-02  2  2.6290  1.642639e+01  0.000000e+00  0.000000e+00  1.673486e-01  1.736412e+02  0.000000e+00 
3  4.738306e+00  3.816060e+00  2.799930e+05  6.701929e-01 6 -1.000000e+00  6.828864e+00 1  11.5338  3.309053e-01 -3.346781e-01 -1 -1.0000 -1.000000e+00 -1.000000e+00 -1.000000e+00 -1.000000e+00 -1.000000e+00 -1.000000e+00 -1 -1.0000 -1.000000e+00 -1.000000e+00 -1.000000e+00 -1.000000e+00 -1.000000e+00 -1.000000e+00  0  0.3660  2.622453e+12  0.000000e+00  0.000000e+00  1.205012e-01 -1.318134e+02  4.823659e+00  1  0.3660  5.214999e+10  0.000000e+00  0.000000e+00  3.248629e-01 -1.107758e+02  2.856988e-01  2  0.3660  1.153382e+01  0.000000e+00  0.000000e+00  8.089135e-02  1.688892e+02  0.000000e+00 
5  6.978527e+00  1.088627e+01  3.402640e+05  1.815730e+00 6 -1.000000e+00  1.258494e+01 3   2.8902  5.443751e-01  8.833299e-02 -1 -1.0000 -1.000000e+00 -1.000000e+00 -1.000000e+00 -1.000000e+00 -1.000000e+00 -1.000000e+00 -1 -1.0000 -1.000000e+00 -1.000000e+00 -1.000000e+00 -1.000000e+00 -1.000000e+00 -1.000000e+00  0  0.4230  1.336726e+13  0.000000e+00  0.000000e+00  4.083923e-01  1.043583e+02  8.824882e+00  1  0.4230  1.588173e+11  0.000000e+00  0.000000e+00  4.043293e-01  6.911133e+01  4.102611e-01  2  0.4230  2.890158e+00  0.000000e+00  0.000000e+00  2.143898e-01  1.151070e+02  0.000000e+00 
3  5.283323e+00  7.084304e+00  1.379910e+05  1.038571e+00 6 -1.000000e+00  7.875603e+00 1   8.8986 -4.293224e-03  3.891081e-01 -1 -1.0000 -1.000000e+00 -1.000000e+00 -1.000000e+00 -1.000000e+00 -1.000000e+00 -1.000000e+00 -1 -1.0000 -1.000000e+00 -1.000000e+00 -1.000000e+00 -1.000000e+00 -1.000000e+00 -1.000000e+00  0  0.5800  6.620392e+12  0.000000e+00  0.000000e+00  2.217830e-01  1.072998e+02  4.469113e+00  1  0.5800  7.688825e+10  0.000000e+00  0.000000e+00  4.565269e-01  9.773804e+01  1.672509e-01  2  0.5800  8.898580e+00  0.000000e+00  0.000000e+00  3.340329e-02 -1.063548e+02  0.000000e+00 
3  4.508513e+00  6.088889e+00  1.059290e+05  1.421787e+00 6  2.781178e-01  9.143316e+00 3   7.9016  1.700984e+00  1.929986e+00  0  0.6970  7.618637e+12  0.000000e+00  0.000000e+00  2.967117e-01 -6.347588e+01  9.315258e+00  1  0.6970  7.167097e+10  0.000000e+00  0.000000e+00  3.627312e-01 -1.089401e+02  1.492863e-01  2  0.6970  1.861567e+13  2.400481e+01  2.207262e+01  3.781450e-01 -1.059412e+02  4.819455e+00  3  0.6970  1.525837e+11  2.400481e+01  2.207262e+01  4.349963e-01 -1.523714e+02  1.588487e-01  4  0.6970  7.901619e+00  0.000000e+00  0.000000e+00  1.071096e-01 -1.167467e+02  0.000000e+00 
3  1.059852e+01  4.473082e+00  5.269100e+04  5.586577e-01 6 -1.000000e+00  1.256646e+01 1   4.3443  2.926742e-01  4.842966e-01 -1 -1.0000 -1.000000e+00 -1.000000e+00 -1.000000e+00 -1.000000e+00 -1.000000e+00 -1.000000e+00 -1 -1.0000 -1.000000e+00 -1.000000e+00 -1.000000e+00 -1.000000e+00 -1.000000e+00 -1.000000e+00  0  1.0400  1.454189e+12  0.000000e+00  0.000000e+00  2.356399e-01 -1.186736e+02  3.955707e+00  1  1.0400  5.929332e+10  0.000000e+00  0.000000e+00  3.994183e-01 -1.168559e+02  5.389292e-02  2  1.0400  4.344337e+00  0.000000e+00  0.000000e+00  3.952130e-02 -1.207599e+02  0.000000e+00 
3  9.785442e+00  1.414402e+01  1.778950e+05  3.617665e-01 6 -1.000000e+00  1.515789e+01 1   3.0068  9.630855e-02  1.137012e-01 -1 -1.0000 -1.000000e+00 -1.000000e+00 -1.000000e+00 -1.000000e+00 -1.000000e+00 -1.000000e+00 -1 -1.0000 -1.000000e+00 -1.000000e+00 -1.000000e+00 -1.000000e+00 -1.000000e+00 -1.000000e+00  0  1.2130  1.372352e+12  0.000000e+00  0.000000e+00  2.716976e-01 -2.066350e+01  5.732815e+00  1  1.2130  6.424691e+10  0.000000e+00  0.000000e+00  6.960376e-01  4.721106e+01  5.150826e-02  2  1.2130  3.006816e+00  0.000000e+00  0.000000e+00  8.149042e-02  3.454663e+01  0.000000e+00 
1  2.219835e+01  3.855339e+01  6.205000e+04  7.071896e-02 0  2.906780e-01  3.855339e+01 2   4.5802  2.859829e-01  9.848939e-02  0  1.5290  4.926929e+10  0.000000e+00  0.000000e+00  4.114318e-01 -2.765253e+01  2.977693e+01  1  1.5290  1.340470e+08  0.000000e+00  0.000000e+00  3.346941e-01 -2.280859e+01  3.733075e-02  2  1.5290  9.029445e+11  1.459436e+00 -3.775448e-03  4.047717e-01 -1.673205e+02  3.382034e+00  3  1.5290  2.507116e+10  1.459436e+00 -3.775448e-03  3.108614e-01 -2.104163e+02  4.517573e-02  4  1.5290  4.580237e+00  0.000000e+00  0.000000e+00  9.886056e-03 -1.170759e+02  0.000000e+00 
3  2.581137e+01  2.789097e+01  1.221460e+05  9.182123e-01 6 -1.000000e+00  4.689013e+01 3   2.6908 -2.408750e-01 -4.659839e-02 -1 -1.0000 -1.000000e+00 -1.000000e+00 -1.000000e+00 -1.000000e+00 -1.000000e+00 -1.000000e+00 -1 -1.0000 -1.000000e+00 -1.000000e+00 -1.000000e+00 -1.000000e+00 -1.000000e+00 -1.000000e+00  0  0.3670  2.123540e+12  0.000000e+00  0.000000e+00  5.668501e-02  5.666918e+01  6.081193e+00  1  0.3670  7.970506e+10  0.000000e+00  0.000000e+00  4.652875e-01  6.351614e+01  1.391167e-01  2  0.3670  2.690817e+00  0.000000e+00  0.000000e+00  2.821968e-02 -6.067334e+01  0.000000e+00 
3  1.431615e+01  1.119482e+01  8.460000e+03  1.812610e-01 6 -1.000000e+00  1.852698e+01 1   3.7850  7.989082e-02  7.070227e-02 -1 -1.0000 -1.000000e+00 -1.000000e+00 -1.000000e+00 -1.000000e+00 -1.000000e+00 -1.000000e+00 -1 -1.0000 -1.000000e+00 -1.000000e+00 -1.000000e+00 -1.000000e+00 -1.000000e+00 -1.000000e+00  0  0.8360  5.118988e+11  0.000000e+00  0.000000e+00  4.098194e-01 -8.261319e+01  4.420372e+00  1  0.8360  9.738117e+09  0.000000e+00  0.000000e+00  1.618114e-01 -1.003385e+02  9.208383e-02  2  0.8360  3.785018e+00  0.000000e+00  0.000000e+00  1.342681e-01  7.427192e+01  0.000000e+00 
1  3.324450e+00  5.808718e+00  3.395580e+05  1.078440e-01 0 -1.000000e+00  5.808718e+00 2  12.6774 -3.889266e-02  1.164879e-03 -1 -1.0000 -1.000000e+00 -1.000000e+00 -1.000000e+00 -1.000000e+00 -1.000000e+00 -1.000000e+00 -1 -1.0000 -1.000000e+00 -1.000000e+00 -1.000000e+00 -1.000000e+00 -1.000000e+00 -1.000000e+00  0  0.9610  3.194738e+11  0.000000e+00  0.000000e+00  1.983633e-01 -1.692030e+02  6.695322e+00  1  0.9610  4.874216e+09  0.000000e+00  0.000000e+00  1.754839e-01 -8.439662e+01  1.405657e-01  2  0.9610  1.267744e+01  0.000000e+00  0.000000e+00  1.308114e-01 -3.399927e+01  0.000000e+00 
3  2.383594e+01  1.071636e+01  2.191540e+05  6.309918e-01 6 -1.000000e+00  3.240653e+01 1   3.5496 -6.612870e-01 -1.447886e-01 -1 -1.0000 -1.000000e+00 -1.000000e+00 -1.000000e+00 -1.000000e+00 -1.000000e+00 -1.000000e+00 -1 -1.0000 -1.000000e+00 -1.000000e+00 -1.000000e+00 -1.000000e+00 -1.000000e+00 -1.000000e+00  0  1.0880  1.238811e+13  0.000000e+00  0.000000e+00  3.234500e-01 -2.416806e+00  2.050294e+00  1  1.0880  1.205202e+11  0.000000e+00  0.000000e+00  3.789404e-01 -3.541600e+01  7.753217e-02  2  1.0880  3.549639e+00  0.000000e+00  0.000000e+00  7.949757e-02 -1.096911e+02  0.000000e+00 
3  3.562795e+00  1.606463e+00  2.642110e+05  2.517314e-01 6 -1.000000e+00  4.670138e+00 1  10.4135 -2.155488e-01  1.438000e-01 -1 -1.0000 -1.000000e+00 -1.000000e+00 -1.000000e+00 -1.000000e+00 -1.000000e+00 -1.000000e+00 -1 -1.0000 -1.000000e+00 -1.000000e+00 -1.000000e+00 -1.000000e+00 -1.000000e+00 -1.000000e+00  0  1.3850  7.164026e+11  0.000000e+00  0.000000e+00  1.220916e-01 -1.500242e+02  5.777315e+00  1  1.3850  1.316491e+10  0.000000e+00  0.000000e+00  5.273355e-01 -1.358606e+02  1.498239e-02  2  1.3850  1.041352e+01  0.000000e+00  0.000000e+00  1.542259e-01 -2.289809e+01  0.000000e+00 
3  5.644000e+00  3.864289e+00  3.206500e+04  4.887322e-01 6  2.745748e-01  8.361166e+00 1  11.1394 -4.059896e-01  9.873427e-01  0  1.7690  8.165197e+11  0.000000e+00  0.000000e+00  3.506919e-01  8.881734e+01  1.015571e+01  1  1.7690  2.669624e+10  0.000000e+00  0.000000e+00  3.445384e-01  3.590894e+01  3.897278e-02  2  1.7690  3.997515e+12  4.222655e-02  7.552883e+00  3.171301e-01 -6.353194e+01  3.872712e+00  3  1.7690  8.505093e+10  4.222655e-02  7.552883e+00  3.352819e-01 -9.294179e+01  6.638382e-02  4  1.7690  1.113940e+01  0.000000e+00  0.000000e+00  1.460468e-01 -2.100707e+01  0.000000e+00 
3  9.609611e+00  1.119746e+01  1.698800e+04  2.484255e-01 6 -1.000000e+00  1.266307e+01 1   4.9735  1.887437e-01 -1.039695e-01 -1 -1.0000 -1.000000e+00 -1.000000e+00 -1.000000e+00 -1.000000e+00 -1.000000e+00 -1.000000e+00 -1 -1.0000 -1.000000e+00 -1.000000e+00 -1.000000e+00 -1.000000e+00 -1.000000e+00 -1.000000e+00  0  2.6210  4.924444e+12  0.000000e+00  0.000000e+00  4.088847e-01 -3.849735e+01  2.490558e+00  1  2.6210  5.964784e+10  0.000000e+00  0.000000e+00  5.027456e-01 -5.068095e+00  6.035430e-02  2  2.6210  4.973542e+00  0.000000e+00  0.000000e+00  7.275028e-02  1.407720e+02  0.000000e+00 
3  6.581817e+00  6.481060e+00  1.731310e+05  7.770321e-01 6 -1.000000e+00  8.238378e+00 1   6.0324  3.411637e-01  4.471599e-01 -1 -1.0000 -1.000000e+00 -1.000000e+00 -1.000000e+00 -1.000000e+00 -1.000000e+00 -1.000000e+00 -1 -1.0000 -1.000000e+00 -1.000000e+00 -1.000000e+00 -1.000000e+00 -1.000000e+00 -1.000000e+00  0  0.2610  1.680240e+12  0.000000e+00  0.000000e+00  1.263779e-01 -1.782054e+02  6.241939e+00  1  0.2610  4.271574e+10  0.000000e+00  0.000000e+00  4.153596e-01 -8.905380e+01  2.734902e-01  2  0.2610  6.032376e+00  0.000000e+00  0.000000e+00  4.175006e-02 -1.210785e+02  0.000000e+00 
1  3.257544e+01  5.833256e+01  2.864240e+05  2.868732e+00 0 -1.000000e+00  5.833256e+01 2   2.4327 -8.691121e-01 -4.595764e+00 -1 -1.0000 -1.000000e+00 -1.000000e+00 -1.000000e+00 -1.000000e+00 -1.000000e+00 -1.000000e+00 -1 -1.0000 -1.000000e+00 -1.000000e+00 -1.000000e+00 -1.000000e+00 -1.000000e+00 -1.000000e+00  0  0.3430  1.111133e+14  0.000000e+00  0.000000e+00  3.441093e-01  1.625744e+02  5.968786e+00  1  0.3430  3.403399e+11  0.000000e+00  0.000000e+00  2.014839e-01  1.694253e+02  5.298841e-01  2  0.3430  2.432692e+00  0.000000e+00  0.000000e+00  4.429341e-02  7.643339e+01  0.000000e+00 
3  1.748280e+01  2.284103e+01  5.196100e+04  4.172770e-01 6  3.138307e-01  2.397956e+01 1   3.0648  9.132149e-01  6.160959e-01  0  0.4860  2.129100e+11  0.000000e+00  0.000000e+00  2.691150e-01 -7.267814e+01  4.799721e+01  1  0.4860  4.938840e+09  0.000000e+00  0.000000e+00  1.935489e-01 -6.263569e+01  8.294279e-02  2  0.4860  6.906929e+12  7.875929e+00  9.818471e+00  5.425881e-01  3.614908e+01  4.864677e+00  3  0.4860  7.963587e+10  7.875929e+00  9.818471e+00  2.083381e-01  7.368936e+01  6.793706e-02  4  0.4860  3.064823e+00  0.000000e+00  0.000000e+00  3.680421e-02 -8.597093e+01  0.000000e+00 
3  1.925786e+01  2.198519e+01  6.402800e+04  4.611732e-01 6 -1.000000e+00  2.846080e+01 1   2.0430  3.721620e-02  6.711297e-02 -1 -1.0000 -1.000000e+00 -1.000000e+00 -1.000000e+00 -1.000000e+00 -1.000000e+00 -1.000000e+00 -1 -1.0000 -1.000000e+00 -1.000000e+00 -1.000000e+00 -1.000000e+00 -1.000000e+00 -1.000000e+00  0  0.9710  1.569480e+12  0.000000e+00  0.000000e+00  3.217834e-01  7.646654e+01  5.585932e+00  1  0.9710  5.056974e+10  0.000000e+00  0.000000e+00  4.336181e-01  9.929035e+01  9.859676e-02  2  0.9710  2.043017e+00  0.000000e+00  0.000000e+00  5.278856e-02 -8.210901e+01  0.000000e+00 
2  1.004002e+01  7.761834e+00  2.589820e+05  2.385851e-01 6 -1.000000e+00  1.288000e+01 1   7.0843  8.667166e-02  1.277899e-01 -1 -1.0000 -1.000000e+00 -1.000000e+00 -1.000000e+00 -1.000000e+00 -1.000000e+00 -1.000000e+00 -1 -1.0000 -1.000000e+00 -1.000000e+00 -1.000000e+00 -1.000000e+00 -1.000000e+00 -1.000000e+00  0  1.0140  5.376183e+11  0.000000e+00  0.000000e+00  1.862848e-01  1.624892e+02  3.954208e+00  1  1.0140  1.320498e+10  0.000000e+00  0.000000e+00  1.689269e-01  1.869371e+02  1.395371e-02  2  1.0140  7.084342e+00  0.000000e+00  0.000000e+00  1.034775e-01  3.706848e+01  0.000000e+00 
3  5.821227e+00  3.677391e+00  2.226780e+05  5.651852e-01 6 -1.000000e+00  1.260132e+01 2   5.7165  2.115915e-01  1.531837e-01 -1 -1.0000 -1.000000e+00 -1.000000e+00 -1.000000e+00 -1.000000e+00 -1.000000e+00 -1.000000e+00 -1 -1.0000 -1.000000e+00 -1.000000e+00 -1.000000e+00 -1.000000e+00 -1.000000e+00 -1.000000e+00  0  1.1340  1.818592e+12  0.000000e+00  0.000000e+00  2.248441e-01  1.317395e+02  3.384811e+00  1  1.1340  6.337120e+10  0.000000e+00  0.000000e+00  3.559754e-01  1.191689e+02  6.359686e-02  2  1.1340  5.716524e+00  0.000000e+00  0.000000e+00  7.852386e-02 -6.337892e+01  0.000000e+00 
2  3.283518e+00  3.384568e+00  8.024200e+04  1.767544e+00 6 -1.000000e+00  6.879560e+00 3   8.7974  8.266120e-02  6.713273e-01 -1 -1.0000 -1.000000e+00 -1.000000e+00 -1.000000e+00 -1.000000e+00 -1.000000e+00 -1.000000e+00 -1 -1.0000 -1.000000e+00 -1.000000e+00 -1.000000e+00 -1.000000e+00 -1.000000e+00 -1.000000e+00  0  1.2170  5.104437e+13  0.000000e+00  0.000000e+00  2.518342e-01 -9.873734e+01  3.077432e+00  1  1.2170  1.383113e+11  0.000000e+00  0.000000e+00  5.918181e-01 -4.839108e+01  5.881324e-02  2  1.2170  8.797433e+00  0.000000e+00  0.000000e+00  1.910083e-01 -1.614044e+02  0.000000e+00 
3  5.758813e+00  6.170114e+00  3.271700e+05  2.561361e-01 6 -1.000000e+00  1.150498e+01 3  13.8009  7.510116e-02 -4.751941e-02 -1 -1.0000 -1.000000e+00 -1.000000e+00 -1.000000e+00 -1.000000e+00 -1.000000e+00 -1.000000e+00 -1 -1.0000 -1.000000e+00 -1.000000e+00 -1.000000e+00 -1.000000e+00 -1.000000e+00 -1.000000e+00  0  1.6440  8.313404e+11  0.000000e+00  0.000000e+00  3.333560e-01 -5.953470e+01  4.298701e+00  1  1.6440  1.926093e+10  0.000000e+00  0.000000e+00  3.070629e-01  4.875920e+00  5.352996e-02  2  1.6440  1.380091e+01  0.000000e+00  0.000000e+00  1.391518e-01 -1.128161e+02  0.000000e+00 
3  3.314151e+01  3.103240e+01  3.714780e+05  2.109809e-01 6 -1.000000e+00  4.000449e+01 1   2.1228  2.311357e-02  1.153280e-01 -1 -1.0000 -1.000000e+00 -1.000000e+00 -1.000000e+00 -1.000000e+00 -1.000000e+00 -1.000000e+00 -1 -1.0000 -1.000000e+00 -1.000000e+00 -1.000000e+00 -1.000000e+00 -1.000000e+00 -1.000000e+00  0  1.6920  1.603829e+12  0.000000e+00  0.000000e+00  4.834922e-01 -1.248546e+02  4.729601e+00  1  1.6920  4.644758e+10  0.000000e+00  0.000000e+00  4.335804e-01 -9.824752e+01  6.374089e-02  2  1.6920  2.122825e+00  0.000000e+00  0.000000e+00  5.848567e-02 -6.934120e+01  0.000000e+00 
3  1.074211e+01  2.948753e+00  1.917790e+05  6.609859e-01 6 -1.000000e+00  1.996527e+01 2   4.4600 -4.608595e-02  5.973290e-01 -1 -1.0000 -1.000000e+00 -1.000000e+00 -1.000000e+00 -1.000000e+00 -1.000000e+00 -1.000000e+00 -1 -1.0000 -1.000000e+00 -1.000000e+00 -1.000000e+00 -1.000000e+00 -1.000000e+00 -1.000000e+00  0  1.7790  6.709230e+12  0.000000e+00  0.000000e+00  2.845122e-01  1.474345e+02  5.404896e+00  1  1.7790  5.750486e+10  0.000000e+00  0.000000e+00  3.258409e-01  9.638655e+01  6.698933e-02  2  1.7790  4.460024e+00  0.000000e+00  0.000000e+00  1.100811e-01 -1.638797e+02  0.000000e+00 
3  9.651805e+00  6.441917e+00  3.488640e+05  2.869533e-01 6 -1.000000e+00  1.166123e+01 1   6.1189 -2.301576e-01  6.975032e-02 -1 -1.0000 -1.000000e+00 -1.000000e+00 -1.000000e+00 -1.000000e+00 -1.000000e+00 -1.000000e+00 -1 -1.0000 -1.000000e+00 -1.000000e+00 -1.000000e+00 -1.000000e+00 -1.000000e+00 -1.000000e+00  0  1.7900  1.043137e+12  0.000000e+00  0.000000e+00  1.415374e-01  1.246274e+02  2.789357e+00  1  1.7900  2.860955e+10  0.000000e+00  0.000000e+00  8.702353e-02  1.592270e+02  3.870601e-02  2  1.7900  6.118885e+00  0.000000e+00  0.000000e+00  1.691088e-01 -3.112220e+01  0.000000e+00 
1  5.326277e+00  9.483576e+00  1.778970e+05  2.515334e+00 0 -1.000000e+00  9.483576e+00 2   3.0065  2.155410e+00 -6.945174e-01 -1 -1.0000 -1.000000e+00 -1.000000e+00 -1.000000e+00 -1.000000e+00 -1.000000e+00 -1.000000e+00 -1 -1.0000 -1.000000e+00 -1.000000e+00 -1.000000e+00 -1.000000e+00 -1.000000e+00 -1.000000e+00  0  0.3870  1.363170e+14  0.000000e+00  0.000000e+00  3.349948e-01 -1.442368e+02  4.536626e+00  1  0.3870  5.294240e+11  0.000000e+00  0.000000e+00  4.257863e-01 -1.846753e+02  1.282110e+00  2  0.3870  3.006472e+00  0.000000e+00  0.000000e+00  1.486349e-01  1.398412e+02  0.000000e+00 
3  7.918337e+00  1.352183e+01  1.388120e+05  1.458707e+00 6  2.843532e-01  1.836506e+01 3   2.6509 -1.063323e+00 -2.528733e+00  0  0.4490  8.023382e+12  0.000000e+00  0.000000e+00  3.711100e-01  1.744158e+02  1.283122e+01  1  0.4490  1.140679e+11  0.000000e+00  0.000000e+00  1.667176e-01  1.730252e+02  2.016057e-01  2  0.4490  3.003521e+13 -5.206460e+00 -3.152348e+01  1.190153e-01  2.843655e+01  3.899169e+00  3  0.4490  1.522480e+11 -5.206460e+00 -3.152348e+01  4.871863e-01  3.617325e+01  2.109603e-01  4  0.4490  2.650880e+00  0.000000e+00  0.000000e+00  5.888906e-02 -8.338136e+01  0.000000e+00 
3  1.891267e+01  9.896341e+00  1.586150e+05  4.464368e-01 6 -1.000000e+00  2.582345e+01 1   4.5782  1.827651e-01 -1.037663e-01 -1 -1.0000 -1.000000e+00 -1.000000e+00 -1.000000e+00 -1.000000e+00 -1.000000e+00 -1.000000e+00 -1 -1.0000 -1.000000e+00 -1.000000e+00 -1.000000e+00 -1.000000e+00 -1.000000e+00 -1.000000e+00  0  0.9210  8.904959e+11  0.000000e+00  0.000000e+00  2.504720e-01 -9.928906e+01  5.078528e+00  1  0.9210  4.461064e+10  0.000000e+00  0.000000e+00  7.221922e-01 -1.200265e+02  5.099131e-02  2  0.9210  4.578223e+00  0.000000e+00  0.000000e+00  1.617849e-01 -1.611872e+02  0.000000e+00 
3  5.084766e+00  7.605080e+00  3.223980e+05  2.043963e-01 6 -1.000000e+00  7.808846e+00 1   5.3603  8.893663e-02  2.862196e-02 -1 -1.0000 -1.000000e+00 -1.000000e+00 -1.000000e+00 -1.000000e+00 -1.000000e+00 -1.000000e+00 -1 -1.0000 -1.000000e+00 -1.000000e+00 -1.000000e+00 -1.000000e+00 -1.000000e+00 -1.000000e+00  0  1.5400  8.381770e+11  0.000000e+00  0.000000e+00  4.429157e-01 -1.206092e+02  4.945939e+00  1  1.5400  1.521844e+10  0.000000e+00  0.000000e+00  5.156078e-01 -1.430349e+02  3.130521e-02  2  1.5400  5.360345e+00  0.000000e+00  0.000000e+00  1.266560e-01 -2.152204e+01  0.000000e+00 
3  7.508625e+00  7.136484e+00  3.598370e+05  1.132434e-01 6 -1.000000e+00  1.028985e+01 1   5.5380 -1.884744e-02  5.206056e-02 -1 -1.0000 -1.000000e+00 -1.000000e+00 -1.000000e+00 -1.000000e+00 -1.000000e+00 -1.000000e+00 -1 -1.0000 -1.000000e+00 -1.000000e+00 -1.000000e+00 -1.000000e+00 -1.000000e+00 -1.000000e+00  0  2.0120  6.097819e+11  0.000000e+00  0.000000e+00  3.203202e-01 -1.456744e+02  1.696806e+00  1  2.0120  6.929006e+09  0.000000e+00  0.000000e+00  7.692589e-02 -1.619745e+02  3.195739e-02  2  2.0120  5.537999e+00  0.000000e+00  0.000000e+00  1.107627e-01  8.766960e+01  0.000000e+00 
1  4.674755e+00  8.417852e+00  2.374340e+05  4.556008e-02 0  2.741242e-01  8.417852e+00 2   7.9227 -1.332664e-02  3.520434e-02  0  2.3630  3.468064e+10  0.000000e+00  0.000000e+00  2.662886e-01 -6.744404e+01  2.049573e+01  1  2.3630  6.277848e+07  0.000000e+00  0.000000e+00  2.399857e-01 -4.398135e+01  3.449753e-02  2  2.3630  1.488250e+11 -6.322132e-03  6.881232e-01  2.335528e-01 -1.340873e+01  4.651699e+00  3  2.3630  5.705802e+08 -6.322132e-03  6.881232e-01  2.006900e-01 -1.987746e+01  3.815720e-02  4  2.3630  7.922662e+00  0.000000e+00  0.000000e+00  1.685956e-01  1.481879e+02  0.000000e+00 
3  1.090425e+01  1.049181e+01  1.092190e+05  7.412052e-01 6 -1.000000e+00  1.526887e+01 1   4.9360 -1.888716e-01  2.061597e-01 -1 -1.0000 -1.000000e+00 -1.000000e+00 -1.000000e+00 -1.000000e+00 -1.000000e+00 -1.000000e+00 -1 -1.0000 -1.000000e+00 -1.000000e+00 -1.000000e+00 -1.000000e+00 -1.000000e+00 -1.000000e+00  0  0.3390  1.623858e+12  0.000000e+00  0.000000e+00  1.241872e-01  9.023731e+01  7.335525e+00  1  0.3390  5.951049e+10  0.000000e+00  0.000000e+00  2.158181e-01  9.044307e+01  3.008984e-01  2  0.3390  4.935969e+00  0.000000e+00  0.000000e+00  1.203621e-01 -8.623050e+01  0.000000e+00 
1  1.104409e+01  2.223629e+01  1.888800e+05  1.983757e+00 0 -1.000000e+00  2.223629e+01 2   6.1458 -3.370983e+00  4.949447e-01 -1 -1.0000 -1.000000e+00 -1.000000e+00 -1.000000e+00 -1.000000e+00 -1.000000e+00 -1.000000e+00 -1 -1.0000 -1.000000e+00 -1.000000e+00 -1.000000e+00 -1.000000e+00 -1.000000e+00 -1.000000e+00  0  0.3540  3.844836e+13  0.000000e+00  0.000000e+00  5.420554e-01  9.278516e+01  6.359096e+00  1  0.3540  2.215657e+11  0.000000e+00  0.000000e+00  4.183423e-01  1.255987e+02  1.541201e+00  2  0.3540  6.145809e+00  0.000000e+00  0.000000e+00  9.135419e-02  4.366817e+01  0.000000e+00 
2  5.441339e+00  1.775394e-01  1.097470e+05  1.457905e+00 6  2.979372e-01  1.054012e+01 2   7.4411  9.825435e-01 -1.353348e+00  0  0.4960  1.677776e+12  0.000000e+00  0.000000e+00  1.406773e-01  1.369135e+02  1.994215e+01  1  0.4960  5.835440e+10  0.000000e+00  0.000000e+00  4.928458e-01  1.438890e+02  1.492854e-01  2  0.4960  1.894907e+13  1.410446e+00 -3.683052e+00  3.041671e-01  3.720052e+01  5.339521e+00  3  0.4960  1.274006e+11  1.410446e+00 -3.683052e+00  6.149818e-01 -1.183292e+01  3.654743e-01  4  0.4960  7.441053e+00  0.000000e+00  0.000000e+00  1.557559e-01  1.572545e+02  0.000000e+00 
3  8.233765e+00  4.160436e+00  3.620730e+05  9.595473e-01 6 -1.000000e+00  1.197762e+01 1   6.2997 -4.179620e-01  4.740443e-01 -1 -1.0000 -1.000000e+00 -1.000000e+00 -1.000000e+00 -1.000000e+00 -1.000000e+00 -1.000000e+00 -1 -1.0000 -1.000000e+00 -1.000000e+00 -1.000000e+00 -1.000000e+00 -1.000000e+00 -1.000000e+00  0  0.5070  2.160713e+12  0.000000e+00  0.000000e+00  2.465495e-01  1.169361e+02  6.764480e+00  1  0.5070  8.190098e+10  0.000000e+00  0.000000e+00  3.448643e-01  7.835577e+01  1.598447e-01  2  0.5070  6.299745e+00  0.000000e+00  0.000000e+00  1.086987e-01 -1.275215e+02  0.000000e+00 
3  1.395666e+01  5.555646e+00  1.359620e+05  5.765658e-01 6 -1.000000e+00  1.646360e+01 1   6.2622  1.008844e-01 -7.281589e-01 -1 -1.0000 -1.000000e+00 -1.000000e+00 -1.000000e+00 -1.000000e+00 -1.000000e+00 -1.000000e+00 -1 -1.0000 -1.000000e+00 -1.000000e+00 -1.000000e+00 -1.000000e+00 -1.000000e+00 -1.000000e+00  0  0.5590  1.448509e+12  0.000000e+00  0.000000e+00  1.684521e-01  3.799782e+00  5.391945e+00  1  0.5590  6.905617e+10  0.000000e+00  0.000000e+00  3.132399e-01 -8.920606e+00  1.150595e-01  2  0.5590  6.262245e+00  0.000000e+00  0.000000e+00  1.856430e-01  1.146748e+02  0.000000e+00 
5  6.432224e+00  1.085226e+01  1.177920e+05  1.894165e-01 6 -1.000000e+00  1.173521e+01 3   6.8206  1.018929e-02 -1.321311e-02 -1 -1.0000 -1.000000e+00 -1.000000e+00 -1.000000e+00 -1.000000e+00 -1.000000e+00 -1.000000e+00 -1 -1.0000 -1.000000e+00 -1.000000e+00 -1.000000e+00 -1.000000e+00 -1.000000e+00 -1.000000e+00  0  0.6470  3.376732e+11  0.000000e+00  0.000000e+00  4.427717e-01  4.040748e+01  8.057101e+00  1  0.6470  5.786550e+09  0.000000e+00  0.000000e+00  1.907170e-01  6.730426e+01  6.147477e-02  2  0.6470  6.820598e+00  0.000000e+00  0.000000e+00  7.051806e-02 -1.233980e+02  0.000000e+00 
3  5.467077e+01  3.517933e+01  2.945900e+04  1.631886e+00 6 -1.000000e+00  1.157805e+02 2   3.3640  1.042760e-01 -9.790768e-01 -1 -1.0000 -1.000000e+00 -1.000000e+00 -1.000000e+00 -1.000000e+00 -1.000000e+00 -1.000000e+00 -1 -1.0000 -1.000000e+00 -1.000000e+00 -1.000000e+00 -1.000000e+00 -1.000000e+00 -1.000000e+00  0  0.7210  5.230663e+13  0.000000e+00  0.000000e+00  1.020265e-01 -1.468765e+02  3.611164e+00  1  0.7210  2.464561e+11  0.000000e+00  0.000000e+00  2.534146e-01 -1.264568e+02  3.009838e-01  2  0.7210  3.364018e+00  0.000000e+00  0.000000e+00  3.921017e-02 -1.704715e+02  0.000000e+00 
1  3.826308e+00  9.493498e+00  2.229350e+05  8.172717e+00 0 -1.000000e+00  9.493498e+00 2  10.0153  1.079840e+01  1.978256e+00 -1 -1.0000 -1.000000e+00 -1.000000e+00 -1.000000e+00 -1.000000e+00 -1.000000e+00 -1.000000e+00 -1 -1.0000 -1.000000e+00 -1.000000e+00 -1.000000e+00 -1.000000e+00 -1.000000e+00 -1.000000e+00  0  0.7490  3.591296e+14  0.000000e+00  0.000000e+00  4.611170e-01  1.088273e+02  2.901644e+00  1  0.7490  6.574524e+11  0.000000e+00  0.000000e+00  1.629816e-01  1.325754e+02  9.299080e-01  2  0.7490  1.001535e+01  0.000000e+00  0.000000e+00  5.417594e-02 -1.125755e+02  0.000000e+00 
1  1.650446e+01  3.071597e+01  3.376210e+05  2.463663e+00 0 -1.000000e+00  3.071597e+01 2   5.6883  1.574536e+00  2.064012e-02 -1 -1.0000 -1.000000e+00 -1.000000e+00 -1.000000e+00 -1.000000e+00 -1.000000e+00 -1.000000e+00 -1 -1.0000 -1.000000e+00 -1.000000e+00 -1.000000e+00 -1.000000e+00 -1.000000e+00 -1.000000e+00  0  0.7570  3.263579e+13  0.000000e+00  0.000000e+00  6.926769e-02 -4.976205e+01  5.330175e+00  1  0.7570  1.882113e+11  0.000000e+00  0.000000e+00  5.605477e-01 -8.442651e+01  2.014529e-01  2  0.7570  5.688331e+00  0.000000e+00  0.000000e+00  9.500829e-02  1.150871e+02  0.000000e+00 
3  2.129421e+01  1.088318e+01  3.445620e+05  6.326737e-01 6 -1.000000e+00  2.701161e+01 1   3.5844  2.512886e-01  4.397281e-01 -1 -1.0000 -1.000000e+00 -1.000000e+00 -1.000000e+00 -1.000000e+00 -1.000000e+00 -1.000000e+00 -1 -1.0000 -1.000000e+00 -1.000000e+00 -1.000000e+00 -1.000000e+00 -1.000000e+00 -1.000000e+00  0  0.9500  1.266892e+12  0.000000e+00  0.000000e+00  3.162237e-01  9.518963e+01  1.163432e+01  1  0.9500  4.522863e+10  0.000000e+00  0.000000e+00  2.778546e-01  7.424335e+01  1.067131e-01  2  0.9500  3.584407e+00  0.000000e+00  0.000000e+00  8.549540e-02  6.255047e+01  0.000000e+00 
3  5.818884e+00  2.373959e+00  2.085370e+05  6.245501e-01 6 -1.000000e+00  7.286122e+00 1   6.8071 -3.387330e-01 -4.909376e-01 -1 -1.0000 -1.000000e+00 -1.000000e+00 -1.000000e+00 -1.000000e+00 -1.000000e+00 -1.000000e+00 -1 -1.0000 -1.000000e+00 -1.000000e+00 -1.000000e+00 -1.000000e+00 -1.000000e+00 -1.000000e+00  0  0.9780  2.209021e+12  0.000000e+00  0.000000e+00  1.953271e-01 -1.737326e+02  3.912572e+00  1  0.9780  5.382810e+10  0.000000e+00  0.000000e+00  3.491804e-01 -2.846859e+02  7.050813e-02  2  0.9780  6.807111e+00  0.000000e+00  0.000000e+00  7.603500e-02 -1.228080e+02  0.000000e+00 
1  3.501805e+01  7.056574e+01  1.997190e+05  1.910574e+00 0 -1.000000e+00  7.056574e+01 2   6.5063 -1.391508e+00 -1.218241e+00 -1 -1.0000 -1.000000e+00 -1.000000e+00 -1.000000e+00 -1.000000e+00 -1.000000e+00 -1.000000e+00 -1 -1.0000 -1.000000e+00 -1.000000e+00 -1.000000e+00 -1.000000e+00 -1.000000e+00 -1.000000e+00  0  1.1590  1.837860e+13  0.000000e+00  0.000000e+00  3.814283e-01  1.165148e+02  5.120576e+00  1  1.1590  1.459183e+11  0.000000e+00  0.000000e+00  5.499717e-01  9.905540e+01  1.051945e-01  2  1.1590  6.506312e+00  0.000000e+00  0.000000e+00  1.772165e-01  1.305687e+02  0.000000e+00 
3  3.954764e+00  4.026352e+00  9.679600e+04  8.187572e-01 6 -1.000000e+00  6.081053e+00 1   7.0223 -6.245471e-02  3.847330e-01 -1 -1.0000 -1.000000e+00 -1.000000e+00 -1.000000e+00 -1.000000e+00 -1.000000e+00 -1.000000e+00 -1 -1.0000 -1.000000e+00 -1.000000e+00 -1.000000e+00 -1.000000e+00 -1.000000e+00 -1.000000e+00  0  1.2130  3.346903e+12  0.000000e+00  0.000000e+00  2.326998e-01  1.136282e+02  6.310412e+00  1  1.2130  7.593427e+10  0.000000e+00  0.000000e+00  2.101132e-01  1.113086e+02  8.077184e-02  2  1.2130  7.022337e+00  0.000000e+00  0.000000e+00  3.143971e-02  1.396929e+02  0.000000e+00 
3  6.563637e+00  5.997714e+00  7.811800e+04  9.968275e-01 6  2.801867e-01  1.079500e+01 1   5.8140 -1.255237e+00 -4.195126e-02  0  1.2590  1.610711e+12  0.000000e+00  0.000000e+00  2.867015e-01  7.509924e+01  1.621473e+01  1  1.2590  6.365006e+10  0.000000e+00  0.000000e+00  1.884294e-01  1.043971e+02  6.229911e-02  2  1.2590  1.241965e+13 -6.878675e+00  2.540411e+00  2.687372e-01 -1.685362e+02  3.313607e+00  3  1.2590  8.771094e+10 -6.878675e+00  2.540411e+00  2.574550e-01 -1.334449e+02  1.186117e-01  4  1.2590  5.814003e+00  0.000000e+00  0.000000e+00  7.108602e-02  2.529013e+01  0.000000e+00 
3  1.730172e+01  9.969609e+00  1.872810e+05  5.186432e-01 6 -1.000000e+00  3.014614e+01 3   3.4441 -2.975655e-01 -1.298083e-02 -1 -1.0000 -1.000000e+00 -1.000000e+00 -1.000000e+00 -1.000000e+00 -1.000000e+00 -1.000000e+00 -1 -1.0000 -1.000000e+00 -1.000000e+00 -1.000000e+00 -1.000000e+00 -1.000000e+00 -1.000000e+00  0  1.9940  6.691883e+12  0.000000e+00  0.000000e+00  9.832887e-02  3.936709e+01  3.407264e+00  1  1.9940  1.004901e+11  0.000000e+00  0.000000e+00  2.126242e-01  7.576912e+01  3.456800e-02  2  1.9940  3.444124e+00  0.000000e+00  0.000000e+00  1.229899e-01 -6.863812e+01  0.000000e+00 
1  1.253675e+01  2.363297e+01  2.226790e+05  1.757099e-01 0  2.741230e-01  2.363297e+01 2   6.8346 -4.086751e-01  2.774108e-01  0  2.2380  2.714763e+11  0.000000e+00  0.000000e+00  2.974049e-01 -1.775868e+02  1.885335e+01  1  2.2380  2.321173e+09  0.000000e+00  0.000000e+00  2.782832e-01 -1.525194e+02  6.729383e-02  2  2.2380  1.672360e+12 -7.968365e+00  2.930250e+00  3.036233e-01  1.549803e+02  3.952675e+00  3  2.2380  3.627039e+10 -7.968365e+00  2.930250e+00  2.453014e-01  1.930893e+02  4.086139e-02  4  2.2380  6.834575e+00  0.000000e+00  0.000000e+00  9.379174e-02 -1.150683e+02  0.000000e+00 
3  5.946267e+00  4.300018e+00  2.695160e+05  9.120457e-01 6 -1.000000e+00  9.077224e+00 1   2.0368  2.808886e-01  5.251522e-01 -1 -1.0000 -1.000000e+00 -1.000000e+00 -1.000000e+00 -1.000000e+00 -1.000000e+00 -1.000000e+00 -1 -1.0000 -1.000000e+00 -1.000000e+00 -1.000000e+00 -1.000000e+00 -1.000000e+00 -1.000000e+00  0  0.3140  3.256731e+12  0.000000e+00  0.000000e+00  1.058790e-01 -1.695302e+02  8.120279e+00  1  0.3140  1.003657e+11  0.000000e+00  0.000000e+00  1.213473e-01 -2.298913e+02  3.441527e-01  2  0.3140  2.036827e+00  0.000000e+00  0.000000e+00  1.215503e-03 -6.035647e+01  0.000000e+00 
3  2.145457e+01  3.562842e+01  3.561250e+05  4.427393e-01 6 -1.000000e+00  3.768558e+01 3   2.4549  5.900120e-03 -1.416458e-01 -1 -1.0000 -1.000000e+00 -1.000000e+00 -1.000000e+00 -1.000000e+00 -1.000000e+00 -1.000000e+00 -1 -1.0000 -1.000000e+00 -1.000000e+00 -1.000000e+00 -1.000000e+00 -1.000000e+00 -1.000000e+00  0  0.4360  1.147149e+12  0.000000e+00  0.000000e+00  2.088901e-02  2.894336e+01  9.123151e+00  1  0.4360  3.928426e+10  0.000000e+00  0.000000e+00  1.609768e-01  6.375726e+00  2.232025e-01  2  0.4360  2.454887e+00  0.000000e+00  0.000000e+00  7.049702e-02 -8.368640e+01  0.000000e+00 
3  6.801741e+00  3.151656e+00  2.373770e+05  8.982634e-01 6  3.017113e-01  8.350803e+00 1   6.6062  3.629010e-02  1.164717e+00  0  0.5830  1.092326e+12  0.000000e+00  0.000000e+00  3.382057e-01  1.146103e+02  2.268503e+01  1  0.5830  4.673322e+10  0.000000e+00  0.000000e+00  2.536325e-01  1.565331e+02  1.359022e-01  2  0.5830  2.064136e+13 -2.848654e+01  7.328035e+01  3.070871e-01 -1.320438e+02  6.550088e+00  3  0.5830  2.107729e+11 -2.848654e+01  7.328035e+01  2.170132e-01 -1.099626e+02  3.888747e-01  4  0.5830  6.606225e+00  0.000000e+00  0.000000e+00  1.142027e-01 -1.565214e+01  0.000000e+00 
3  1.877364e+01  1.135253e+01  2.860350e+05  3.646688e-01 6 -1.000000e+00  2.445909e+01 1   5.1204 -1.420389e-01  2.370466e-01 -1 -1.0000 -1.000000e+00 -1.000000e+00 -1.000000e+00 -1.000000e+00 -1.000000e+00 -1.000000e+00 -1 -1.0000 -1.000000e+00 -1.000000e+00 -1.000000e+00 -1.000000e+00 -1.000000e+00 -1.000000e+00  0  1.0150  7.999361e+11  0.000000e+00  0.000000e+00  1.991432e-01  1.274540e+02  4.595246e+00  1  1.0150  3.038434e+10  0.000000e+00  0.000000e+00  2.464493e-01  8.365234e+01  1.172032e-01  2  1.0150  5.120379e+00  0.000000e+00  0.000000e+00  2.120597e-02 -3.530983e+01  0.000000e+00 
3  2.376572e+00  2.284930e+00  3.204250e+05  1.552904e+00 6  2.732813e-01  3.112890e+00 1  16.1250 -1.387816e+00 -9.989499e-01  0  1.5770  3.076969e+12  0.000000e+00  0.000000e+00  9.830534e-02 -1.766748e+01  1.475004e+01  1  1.5770  1.225225e+11  0.000000e+00  0.000000e+00  2.366960e-01 -7.207942e+01  1.324634e-01  2  1.5770  8.410401e+12 -7.742071e+00 -2.264800e+01  4.670403e-02 -1.692223e+02  3.672082e+00  3  1.5770  1.130141e+11 -7.742071e+00 -2.264800e+01  1.334253e-01 -1.683051e+02  1.025968e-01  4  1.5770  1.612505e+01  0.000000e+00  0.000000e+00  9.207712e-02  1.418175e+02  0.000000e+00 
3  5.110499e+00  2.395012e+00  1.611730e+05  1.255972e-01 6  2.705581e-01  7.135004e+00 1   6.0344 -1.792110e-01  2.387822e-01  0  2.4720  3.425205e+11  0.000000e+00  0.000000e+00  4.313632e-01  1.324083e+02  8.468712e+00  1  2.4720  3.782683e+09  0.000000e+00  0.000000e+00  5.490879e-02  1.147216e+02  2.300664e-02  2  2.4720  6.969161e+11 -1.421420e+00  1.906161e+00  3.012071e-01  5.172160e+01  3.691939e+00  3  2.4720  9.016338e+09 -1.421420e+00  1.906161e+00  2.637892e-01  1.061299e+02  2.924203e-02  4  2.4720  6.034357e+00  0.000000e+00  0.000000e+00  9.366212e-02 -5.557317e+01  0.000000e+00 
1  6.082565e+00  1.857867e+01  3.959030e+05  3.197379e+00 0 -1.000000e+00  1.857867e+01 2   7.3138  2.579950e+00  4.687561e+00 -1 -1.0000 -1.000000e+00 -1.000000e+00 -1.000000e+00 -1.000000e+00 -1.000000e+00 -1.000000e+00 -1 -1.0000 -1.000000e+00 -1.000000e+00 -1.000000e+00 -1.000000e+00 -1.000000e+00 -1.000000e+00  0  0.3920  1.781532e+14  0.000000e+00  0.000000e+00  5.536197e-01 -2.824260e+01  4.058927e+00  1  0.3920  3.684520e+11  0.000000e+00  0.000000e+00  2.497147e-01 -5.670393e+01  5.316038e-01  2  0.3920  7.313750e+00  0.000000e+00  0.000000e+00  1.112275e-01  1.465744e+02  0.000000e+00 
3  1.234028e+01  1.744431e+01  1.406540e+05  1.203390e+00 6  2.991292e-01  2.155832e+01 3   4.1729 -3.569255e+00 -1.297310e+00  0  0.6070  2.112523e+12  0.000000e+00  0.000000e+00  4.123403e-01  1.247062e+02  1.712744e+01  1  0.6070  8.683499e+10  0.000000e+00  0.000000e+00  2.557402e-01  6.631336e+01  1.597652e-01  2  0.6070  4.235154e+13 -2.390184e+01 -9.595441e+00  1.774479e-01 -9.722461e+01  4.998541e+00  3  0.6070  2.098732e+11 -2.390184e+01 -9.595441e+00  2.714022e-01 -1.548440e+01  2.555324e-01  4  0.6070  4.172854e+00  0.000000e+00  0.000000e+00  5.288455e-02 -3.627388e+01  0.000000e+00 
3  8.061384e+00  2.614212e+00  1.211100e+05  1.122901e+00 6 -1.000000e+00  1.490566e+01 2   8.3101  9.082028e-01 -7.054804e-01 -1 -1.0000 -1.000000e+00 -1.000000e+00 -1.000000e+00 -1.000000e+00 -1.000000e+00 -1.000000e+00 -1 -1.0000 -1.000000e+00 -1.000000e+00 -1.000000e+00 -1.000000e+00 -1.000000e+00 -1.000000e+00  0  0.7490  1.397614e+13  0.000000e+00  0.000000e+00  2.501306e-01  3.429998e+01  4.095601e+00  1  0.7490  1.652605e+11  0.000000e+00  0.000000e+00  3.820701e-01  4.099124e+01  2.043424e-01  2  0.7490  8.310124e+00  0.000000e+00  0.000000e+00  7.581387e-02  7.387490e+01  0.000000e+00 
1  2.081561e+01  5.160235e+01  2.946220e+05  1.635671e+00 0  2.886962e-01  5.160235e+01 2   3.1479 -6.608844e+00 -3.816272e+00  0  0.8240  3.520615e+12  0.000000e+00  0.000000e+00  3.538615e-01  9.415979e+01  1.989205e+01  1  0.8240  9.270916e+10  0.000000e+00  0.000000e+00  3.108661e-01  1.959582e+02  1.699930e-01  2  0.8240  6.379026e+13 -1.036744e+01 -4.857741e+00  4.547486e-01  6.707709e+01  6.271044e+00  3  0.8240  3.090745e+11 -1.036744e+01 -4.857741e+00  4.778547e-01  7.927638e+01  3.586282e-01  4  0.8240  3.147865e+00  0.000000e+00  0.000000e+00  1.242017e-01 -9.711711e+01  0.000000e+00 
3  2.415614e+01  1.729039e+01  2.528980e+05  6.961353e-01 6  2.847925e-01  2.965365e+01 1   2.5353 -2.789738e-01 -3.205991e-01  0  0.9630  1.533428e+12  0.000000e+00  0.000000e+00  4.039379e-01 -8.818865e+00  1.968574e+01  1  0.9630  7.085367e+10  0.000000e+00  0.000000e+00  9.973111e-02  2.226021e+00  5.841626e-02  2  0.9630  1.040295e+13 -2.912848e+01 -1.744974e+01  2.547705e-01  1.453435e+02  8.055695e+00  3  0.9630  1.172580e+11 -2.912848e+01 -1.744974e+01  6.472037e-01  1.091113e+02  5.322814e-02  4  0.9630  2.535296e+00  0.000000e+00  0.000000e+00  7.840631e-02  8.449913e+00  0.000000e+00 
1  8.587785e+00  1.638777e+01  1.917810e+05  5.980701e-01 0 -1.000000e+00  1.638777e+01 2   2.5049 -4.005785e-01 -7.352840e-01 -1 -1.0000 -1.000000e+00 -1.000000e+00 -1.000000e+00 -1.000000e+00 -1.000000e+00 -1.000000e+00 -1 -1.0000 -1.000000e+00 -1.000000e+00 -1.000000e+00 -1.000000e+00 -1.000000e+00 -1.000000e+00  0  1.0700  2.322720e+13  0.000000e+00  0.000000e+00  4.017425e-01  1.430106e+02  3.702718e+00  1  1.0700  1.281236e+11  0.000000e+00  0.000000e+00  4.937009e-01  1.471322e+02  2.306033e-01  2  1.0700  2.504943e+00  0.000000e+00  0.000000e+00  3.135611e-02 -1.526155e+02  0.000000e+00 
2  9.785913e+00  1.719730e+00  3.404180e+05  2.896928e+00 6  2.718095e-01  3.061781e+01 2   4.9883 -4.656918e+00 -4.540620e-01  0  1.0900  3.407910e+13  0.000000e+00  0.000000e+00  3.419182e-01 -7.552565e+01  5.402191e+00  1  1.0900  8.881202e+10  0.000000e+00  0.000000e+00  1.455997e-01 -1.203489e+02  8.858311e-02  2  1.0900  1.138087e+14 -1.162971e+01 -1.401598e-01  4.542120e-01 -1.688656e+02  3.469701e+00  3  1.0900  1.674588e+11 -1.162971e+01 -1.401598e-01  3.935281e-01 -8.348230e+01  1.063270e-01  4  1.0900  4.988281e+00  0.000000e+00  0.000000e+00  7.824269e-02  4.257832e+01  0.000000e+00 
3  3.608034e+01  2.888058e+01  2.852740e+05  3.770371e-01 6 -1.000000e+00  5.047734e+01 1   2.5132 -7.609769e-02  2.862764e-01 -1 -1.0000 -1.000000e+00 -1.000000e+00 -1.000000e+00 -1.000000e+00 -1.000000e+00 -1.000000e+00 -1 -1.0000 -1.000000e+00 -1.000000e+00 -1.000000e+00 -1.000000e+00 -1.000000e+00 -1.000000e+00  0  1.1310  3.620315e+12  0.000000e+00  0.000000e+00  2.000491e-01  1.148464e+02  5.411585e+00  1  1.1310  5.851837e+10  0.000000e+00  0.000000e+00  4.575431e-01  1.586953e+02  4.693438e-02  2  1.1310  2.513170e+00  0.000000e+00  0.000000e+00  7.787929e-02  7.778532e+01  0.000000e+00 
3  7.054116e+00  1.343752e+01  2.338700e+04  5.326512e-01 6  2.780706e-01  1.354280e+01 3   5.9081 -1.598397e+00 -7.923250e-01  0  1.5560  1.058228e+12  0.000000e+00  0.000000e+00  2.046534e-01  1.294046e+02  7.757916e+00  1  1.5560  4.177561e+10  0.000000e+00  0.000000e+00  2.628110e-01  1.299221e+02  7.409918e-02  2  1.5560  2.001362e+13 -4.084819e+00 -1.587403e+00  5.441736e-01 -1.411454e+02  3.090108e+00  3  1.5560  1.042451e+11 -4.084819e+00 -1.587403e+00  5.238149e-01 -6.153187e+01  3.484404e-02  4  1.5560  5.908056e+00  0.000000e+00  0.000000e+00  4.673986e-02 -3.089668e+01  0.000000e+00 
3  1.286494e+00  6.575102e-01  3.988870e+05  6.505221e-01 6 -1.000000e+00  1.783093e+00 1   6.0295 -1.134170e-01 -5.984745e-01 -1 -1.0000 -1.000000e+00 -1.000000e+00 -1.000000e+00 -1.000000e+00 -1.000000e+00 -1.000000e+00 -1 -1.0000 -1.000000e+00 -1.000000e+00 -1.000000e+00 -1.000000e+00 -1.000000e+00 -1.000000e+00  0  0.6320  3.881053e+12  0.000000e+00  0.000000e+00  1.838981e-01 -1.024949e+01  5.312946e+00  1  0.6320  7.731090e+10  0.000000e+00  0.000000e+00  2.742992e-01 -2.687116e+01  1.943429e-01  2  0.6320  6.029528e+00  0.000000e+00  0.000000e+00  1.775616e-01  4.693492e+01  0.000000e+00 
1  9.735086e+00  2.006415e+01  3.073970e+05  2.833157e-01 0 -1.000000e+00  2.006415e+01 2   4.0644  9.184393e-02 -2.670624e-01 -1 -1.0000 -1.000000e+00 -1.000000e+00 -1.000000e+00 -1.000000e+00 -1.000000e+00 -1.000000e+00 -1 -1.0000 -1.000000e+00 -1.000000e+00 -1.000000e+00 -1.000000e+00 -1.000000e+00 -1.000000e+00  0  1.0770  2.237515e+12  0.000000e+00  0.000000e+00  2.506596e-01 -1.310705e+02  4.112246e+00  1  1.0770  4.354422e+10  0.000000e+00  0.000000e+00  5.207067e-01 -1.626220e+02  1.411389e-01  2  1.0770  4.064407e+00  0.000000e+00  0.000000e+00  5.026684e-02 -1.755460e+02  0.000000e+00 
2  6.781892e+00  5.085390e+00  9.804100e+04  8.302165e-01 6  2.742494e-01  1.014885e+01 1  11.6159 -6.346384e-02  4.891762e-01  0  1.4020  1.629050e+12  0.000000e+00  0.000000e+00  2.712409e-01  6.812220e+01  1.057857e+01  1  1.4020  4.959578e+10  0.000000e+00  0.000000e+00  1.354887e-01  7.605381e+01  3.941351e-02  2  1.4020  3.741327e+12  1.114210e+01  2.027457e+01  1.342165e-01  9.932269e+01  3.278644e+00  3  1.4020  6.636386e+10  1.114210e+01  2.027457e+01  2.511575e-01  1.406633e+02  4.425729e-02  4  1.4020  1.161585e+01  0.000000e+00  0.000000e+00  7.047902e-02  6.470590e+01  0.000000e+00 
3  4.374281e+00  3.540298e+00  2.382690e+05  5.104224e-01 6 -1.000000e+00  8.007171e+00 3  15.1047 -2.265371e-01  7.489261e-02 -1 -1.0000 -1.000000e+00 -1.000000e+00 -1.000000e+00 -1.000000e+00 -1.000000e+00 -1.000000e+00 -1 -1.0000 -1.000000e+00 -1.000000e+00 -1.000000e+00 -1.000000e+00 -1.000000e+00 -1.000000e+00  0  1.5130  2.586218e+12  0.000000e+00  0.000000e+00  2.150607e-02  5.212198e+01  4.830043e+00  1  1.5130  5.068172e+10  0.000000e+00  0.000000e+00  3.745327e-01  1.186781e+01  5.992088e-02  2  1.5130  1.510467e+01  0.000000e+00  0.000000e+00  1.718498e-01  5.315587e+01  0.000000e+00 
2  5.681764e+00  1.230440e+01  2.743100e+04  5.074138e+00 6 -1.000000e+00  3.220246e+01 3   8.1687 -8.225664e-01 -3.461832e-01 -1 -1.0000 -1.000000e+00 -1.000000e+00 -1.000000e+00 -1.000000e+00 -1.000000e+00 -1.000000e+00 -1 -1.0000 -1.000000e+00 -1.000000e+00 -1.000000e+00 -1.000000e+00 -1.000000e+00 -1.000000e+00  0  1.8610  8.496579e+13  0.000000e+00  0.000000e+00  1.789567e-01  1.760206e+01  5.253552e+00  1  1.8610  1.438504e+11  0.000000e+00  0.000000e+00  2.602079e-01  3.734422e+01  1.106435e-01  2  1.8610  8.168653e+00  0.000000e+00  0.000000e+00  1.272122e-02 -1.394005e+02  0.000000e+00 
3  1.003898e+01  1.020826e+01  2.858700e+04  8.053774e-01 6 -1.000000e+00  1.585880e+01 1   3.7067 -2.892013e-01  7.695670e-02 -1 -1.0000 -1.000000e+00 -1.000000e+00 -1.000000e+00 -1.000000e+00 -1.000000e+00 -1.000000e+00 -1 -1.0000 -1.000000e+00 -1.000000e+00 -1.000000e+00 -1.000000e+00 -1.000000e+00 -1.000000e+00  0  0.3310  2.243069e+12  0.000000e+00  0.000000e+00  2.541372e-01 -6.691969e+01  8.805533e+00  1  0.3310  5.650460e+10  0.000000e+00  0.000000e+00  3.279787e-01 -7.149766e+01  2.826201e-01  2  0.3310  3.706661e+00  0.000000e+00  0.000000e+00  4.507476e-02  1.653621e+02  0.000000e+00 
5  2.905307e+01  5.209913e+01  2.021910e+05  7.311549e-01 6 -1.000000e+00  5.645804e+01 3   2.4895 -3.866882e-02  2.019771e-02 -1 -1.0000 -1.000000e+00 -1.000000e+00 -1.000000e+00 -1.000000e+00 -1.000000e+00 -1.000000e+00 -1 -1.0000 -1.000000e+00 -1.000000e+00 -1.000000e+00 -1.000000e+00 -1.000000e+00 -1.000000e+00  0  0.5920  3.458658e+12  0.000000e+00  0.000000e+00  3.189953e-01 -1.323081e+02  9.768687e+00  1  0.5920  7.036416e+10  0.000000e+00  0.000000e+00  4.249632e-01 -3.819447e+01  1.057420e-01  2  0.5920  2.489523e+00  0.000000e+00  0.000000e+00  1.245726e-01  8.146618e+01  0.000000e+00 
3  1.024684e+01  1.649548e+01  1.296070e+05  4.335653e-01 6 -1.000000e+00  1.895700e+01 3   4.7457  7.856491e-03  1.080999e-01 -1 -1.0000 -1.000000e+00 -1.000000e+00 -1.000000e+00 -1.000000e+00 -1.000000e+00 -1.000000e+00 -1 -1.0000 -1.000000e+00 -1.000000e+00 -1.000000e+00 -1.000000e+00 -1.000000e+00 -1.000000e+00  0  0.8830  1.571232e+12  0.000000e+00  0.000000e+00  1.647843e-01  8.169649e+01  4.973663e+00  1  0.8830  5.584287e+10  0.000000e+00  0.000000e+00  5.107457e-01  3.338458e+01  8.860177e-02  2  0.8830  4.745725e+00  0.000000e+00  0.000000e+00  1.383382e-01  1.328957e+02  0.000000e+00 
1  7.846571e+00  1.688816e+01  1.704620e+05  1.543487e-01 0 -1.000000e+00  1.688816e+01 2   3.9959 -9.856014e-02  1.606389e-01 -1 -1.0000 -1.000000e+00 -1.000000e+00 -1.000000e+00 -1.000000e+00 -1.000000e+00 -1.000000e+00 -1 -1.0000 -1.000000e+00 -1.000000e+00 -1.000000e+00 -1.000000e+00 -1.000000e+00 -1.000000e+00  0  0.9320  6.652545e+11  0.000000e+00  0.000000e+00  5.094615e-02 -1.755125e+02  5.731204e+00  1  0.9320  1.923467e+10  0.000000e+00  0.000000e+00  3.194917e-01 -1.583937e+02  2.304035e-01  2  0.9320  3.995938e+00  0.000000e+00  0.000000e+00  1.535838e-01 -1.481410e+02  0.000000e+00 
3  6.668404e+00  4.446230e+00  7.288100e+04  5.968512e-01 6 -1.000000e+00  1.032597e+01 1   6.5173 -1.271912e-01 -3.778321e-01 -1 -1.0000 -1.000000e+00 -1.000000e+00 -1.000000e+00 -1.000000e+00 -1.000000e+00 -1.000000e+00 -1 -1.0000 -1.000000e+00 -1.000000e+00 -1.000000e+00 -1.000000e+00 -1.000000e+00 -1.000000e+00  0  1.0400  3.046190e+12  0.000000e+00  0.000000e+00  2.815350e-01 -3.770473e+01  4.693425e+00  1  1.0400  6.943610e+10  0.000000e+00  0.000000e+00  1.583533e-01 -3.372617e+01  1.128812e-01  2  1.0400  6.517309e+00  0.000000e+00  0.000000e+00  5.429396e-02  8.250746e+01  0.000000e+00 
3  1.793893e+01  1.175153e+01  2.468340e+05  6.204804e-01 6 -1.000000e+00  2.406394e+01 1   4.8829  3.777665e-02 -3.779598e-01 -1 -1.0000 -1.000000e+00 -1.000000e+00 -1.000000e+00 -1.000000e+00 -1.000000e+00 -1.000000e+00 -1 -1.0000 -1.000000e+00 -1.000000e+00 -1.000000e+00 -1.000000e+00 -1.000000e+00 -1.000000e+00  0  1.1430  1.712153e+12  0.000000e+00  0.000000e+00  3.107958e-01 -1.335237e+02  3.988560e+00  1  1.1430  5.922386e+10  0.000000e+00  0.000000e+00  4.870052e-01 -9.405830e+01  1.239045e-01  2  1.1430  4.882929e+00  0.000000e+00  0.000000e+00  5.018793e-02  1.371504e+02  0.000000e+00 
3  9.775439e+00  5.968720e+00  2.098300e+05  6.746029e-01 6 -1.000000e+00  1.915441e+01 2   7.8490  1.272558e-01 -4.544403e-01 -1 -1.0000 -1.000000e+00 -1.000000e+00 -1.000000e+00 -1.000000e+00 -1.000000e+00 -1.000000e+00 -1 -1.0000 -1.000000e+00 -1.000000e+00 -1.000000e+00 -1.000000e+00 -1.000000e+00 -1.000000e+00  0  1.1480  4.840864e+12  0.000000e+00  0.000000e+00  2.634376e-01 -1.776899e+02  6.374167e+00  1  1.1480  6.453269e+10  0.000000e+00  0.000000e+00  3.610736e-01 -1.837284e+02  7.041408e-02  2  1.1480  7.849047e+00  0.000000e+00  0.000000e+00  2.446120e-02  1.470202e+02  0.000000e+00 
1  4.081830e+00  7.926660e+00  1.027450e+05  1.702541e+00 0  2.742093e-01  7.926660e+00 2   8.0301  1.861193e+00  4.399180e+00  0  1.2620  5.488831e+12  0.000000e+00  0.000000e+00  4.408814e-01  1.273812e+02  1.322753e+01  1  1.2620  9.692139e+10  0.000000e+00  0.000000e+00  3.067160e-01  1.509028e+02  7.683352e-02  2  1.2620  1.379581e+13  2.664469e+00  1.317137e+01  2.890835e-01 -1.578761e+02  3.540454e+00  3  1.2620  9.127271e+10  2.664469e+00  1.317137e+01  2.165536e-01 -1.818911e+02  4.724696e-02  4  1.2620  8.030134e+00  0.000000e+00  0.000000e+00  1.554509e-01 -2.343664e+01  0.000000e+00 
3  1.932244e+01  9.809351e+00  7.174500e+04  2.441718e-01 6 -1.000000e+00  2.379278e+01 1   2.8331 -1.494497e-01  1.710047e-01 -1 -1.0000 -1.000000e+00 -1.000000e+00 -1.000000e+00 -1.000000e+00 -1.000000e+00 -1.000000e+00 -1 -1.0000 -1.000000e+00 -1.000000e+00 -1.000000e+00 -1.000000e+00 -1.000000e+00 -1.000000e+00  0  1.2680  6.352436e+11  0.000000e+00  0.000000e+00  1.811759e-01  7.625673e+01  5.487302e+00  1  1.2680  1.875081e+10  0.000000e+00  0.000000e+00  6.350525e-01  1.181610e+02  2.570129e-02  2  1.2680  2.833146e+00  0.000000e+00  0.000000e+00  8.921929e-02 -1.753668e+01  0.000000e+00 
1  5.459665e+00  1.011637e+01  2.670330e+05  3.851880e-01 0  2.772282e-01  1.011637e+01 2  12.8531 -1.045034e+00  1.459989e+00  0  1.8930  4.510151e+11  0.000000e+00  0.000000e+00  2.914682e-01 -4.613144e+01  1.373345e+01  1  1.8930  1.159053e+10  0.000000e+00  0.000000e+00  4.094704e-01 -6.764592e+01  6.573174e-02  2  1.8930  1.639919e+13 -1.962685e+01  2.805595e+01  2.555209e-01  2.797382e+00  2.536635e+00  3  1.8930  8.913760e+10 -1.962685e+01  2.805595e+01  3.635504e-01  7.537118e+01  2.647927e-02  4  1.8930  1.285309e+01  0.000000e+00  0.000000e+00  1.333544e-01 -1.076318e+02  0.000000e+00 
3  9.612500e+00  2.711704e+00  6.044800e+04  9.157814e-01 6 -1.000000e+00  1.824089e+01 2   7.3274 -6.720077e-01  3.435087e-01 -1 -1.0000 -1.000000e+00 -1.000000e+00 -1.000000e+00 -1.000000e+00 -1.000000e+00 -1.000000e+00 -1 -1.0000 -1.000000e+00 -1.000000e+00 -1.000000e+00 -1.000000e+00 -1.000000e+00 -1.000000e+00  0  1.9860  5.352164e+12  0.000000e+00  0.000000e+00  4.667414e-01 -1.042896e+02  3.835341e+00  1  1.9860  1.066871e+11  0.000000e+00  0.000000e+00  3.236489e-01 -1.016710e+02  4.500585e-02  2  1.9860  7.327413e+00  0.000000e+00  0.000000e+00  8.610232e-02 -1.187288e+02  0.000000e+00 
3  1.641761e+01  1.237349e+01  1.851840e+05  1.867502e-01 6 -1.000000e+00  2.174641e+01 1   4.1265 -1.068032e-01  1.071774e-01 -1 -1.0000 -1.000000e+00 -1.000000e+00 -1.000000e+00 -1.000000e+00 -1.000000e+00 -1.000000e+00 -1 -1.0000 -1.000000e+00 -1.000000e+00 -1.000000e+00 -1.000000e+00 -1.000000e+00 -1.000000e+00  0  2.1870  1.081745e+12  0.000000e+00  0.000000e+00  3.021935e-01  1.503257e+02  6.388162e+00  1  2.1870  1.898251e+10  0.000000e+00  0.000000e+00  2.044167e-01  1.699206e+02  4.345461e-02  2  2.1870  4.126506e+00  0.000000e+00  0.000000e+00  9.981129e-02  1.520442e+02  0.000000e+00 
1  8.257617e+00  1.470189e+01  8.948300e+04  4.540971e-01 0  2.902205e-01  1.470189e+01 2   6.1845  3.553163e-01 -6.843870e-02  0  0.5410  4.849069e+11  0.000000e+00  0.000000e+00  2.836245e-01  2.273994e+01  1.663159e+01  1  0.5410  2.286932e+10  0.000000e+00  0.000000e+00  2.816620e-01 -3.694327e+01  2.548545e-01  2  0.5410  2.044325e+12  1.193263e+00 -1.145517e+00  8.505856e-02  1.058659e+02  4.153027e+00  3  0.5410  6.903997e+10  1.193263e+00 -1.145517e+00  3.731543e-03  1.336380e+02  1.185653e-01  4  0.5410  6.184491e+00  0.000000e+00  0.000000e+00  2.534499e-02 -2.435127e+01  0.000000e+00 
3  5.692805e+00  3.322592e+00  3.367180e+05  9.276467e-01 6  2.854885e-01  1.509443e+01 2   7.4893  9.801829e-01  1.470783e-01  0  0.7190  9.050542e+11  0.000000e+00  0.000000e+00  4.800880e-01  1.073448e+02  1.971698e+01  1  0.7190  5.538402e+10  0.000000e+00  0.000000e+00  2.628137e-01  1.146138e+02  1.599524e-01  2  0.7190  3.478035e+12  4.088160e+01 -5.469131e+00  1.906192e-01 -6.614563e+01  3.658276e+00  3  0.7190  8.520737e+10  4.088160e+01 -5.469131e+00  4.202252e-01 -5.777462e+01  1.571515e-01  4  0.7190  7.489251e+00  0.000000e+00  0.000000e+00  9.197003e-02 -2.318745e+01  0.000000e+00 
1  1.523269e+01  2.810014e+01  9.871700e+04  2.668224e-02 0  2.875984e-01  2.810014e+01 2   2.9297 -3.156075e-02 -4.359881e-02  0  1.6850  1.494341e+10  0.000000e+00  0.000000e+00  7.580501e-02 -1.217970e+02  4.903694e+01  1  1.6850  9.472600e+06  0.000000e+00  0.000000e+00  2.341408e-01 -9.621150e+01  3.521140e-02  2  1.6850  1.777107e+11 -5.927263e+00 -3.599939e+00  6.464913e-02 -1.057772e+02  5.330711e+00  3  1.6850  4.733630e+08 -5.927263e+00 -3.599939e+00  1.438749e-01 -1.253692e+02  8.606299e-02  4  1.6850  2.929735e+00  0.000000e+00  0.000000e+00  5.530624e-02  1.765690e+02  0.000000e+00 
1  6.137163e+00  1.226771e+01  1.536060e+05  5.973633e+00 0 -1.000000e+00  1.226771e+01 2   7.5476 -2.143441e+00 -3.373688e+00 -1 -1.0000 -1.000000e+00 -1.000000e+00 -1.000000e+00 -1.000000e+00 -1.000000e+00 -1.000000e+00 -1 -1.0000 -1.000000e+00 -1.000000e+00 -1.000000e+00 -1.000000e+00 -1.000000e+00 -1.000000e+00  0  1.9350  8.369103e+13  0.000000e+00  0.000000e+00  2.584189e-01  1.098725e+02  5.374235e+00  1  1.9350  1.723206e+11  0.000000e+00  0.000000e+00  3.345938e-01  6.758886e+01  9.684869e-02  2  1.9350  7.547594e+00  0.000000e+00  0.000000e+00  1.123419e-01  1.552292e+02  0.000000e+00 
3  5.185428e+00  5.241959e+00  2.184240e+05  1.925720e-01 6 -1.000000e+00  1.052910e+01 3   7.6132 -7.316406e-02  1.676368e-03 -1 -1.0000 -1.000000e+00 -1.000000e+00 -1.000000e+00 -1.000000e+00 -1.000000e+00 -1.000000e+00 -1 -1.0000 -1.000000e+00 -1.000000e+00 -1.000000e+00 -1.000000e+00 -1.000000e+00 -1.000000e+00  0  0.3900  2.397463e+11  0.000000e+00  0.000000e+00  1.580074e-01  8.288185e+01  9.470034e+00  1  0.3900  5.632854e+09  0.000000e+00  0.000000e+00  3.121989e-01  9.637891e+01  1.340570e-01  2  0.3900  7.613174e+00  0.000000e+00  0.000000e+00  8.185117e-02 -1.268912e+02  0.000000e+00 
3  5.211493e+01  3.539866e+01  2.014610e+05  1.846171e+00 6 -1.000000e+00  9.141301e+01 3   1.4928 -5.201550e-01  7.671394e-01 -1 -1.0000 -1.000000e+00 -1.000000e+00 -1.000000e+00 -1.000000e+00 -1.000000e+00 -1.000000e+00 -1 -1.0000 -1.000000e+00 -1.000000e+00 -1.000000e+00 -1.000000e+00 -1.000000e+00 -1.000000e+00  0  0.4540  4.519693e+13  0.000000e+00  0.000000e+00  1.229001e-01 -1.470358e+02  3.716341e+00  1  0.4540  3.197319e+11  0.000000e+00  0.000000e+00  4.402670e-01 -1.095037e+02  2.846122e-01  2  0.4540  1.492804e+00  0.000000e+00  0.000000e+00  1.945436e-02 -1.289933e+02  0.000000e+00 
3  7.161699e+00  4.480685e+00  2.911000e+05  9.978037e-01 6 -1.000000e+00  1.096086e+01 1   4.7378  5.985802e-01 -2.026921e-01 -1 -1.0000 -1.000000e+00 -1.000000e+00 -1.000000e+00 -1.000000e+00 -1.000000e+00 -1.000000e+00 -1 -1.0000 -1.000000e+00 -1.000000e+00 -1.000000e+00 -1.000000e+00 -1.000000e+00 -1.000000e+00  0  0.4610  1.065839e+13  0.000000e+00  0.000000e+00  3.839687e-01  1.220935e+02  4.427002e+00  1  0.4610  1.181915e+11  0.000000e+00  0.000000e+00  1.681192e-01  6.320621e+01  3.379138e-01  2  0.4610  4.737843e+00  0.000000e+00  0.000000e+00  1.092731e-01 -8.662711e+01  0.000000e+00 
3  5.006661e+00  4.071471e+00  3.007850e+05  9.053052e-01 6 -1.000000e+00  8.042305e+00 1   4.3983  3.181006e-01  3.064932e-01 -1 -1.0000 -1.000000e+00 -1.000000e+00 -1.000000e+00 -1.000000e+00 -1.000000e+00 -1.000000e+00 -1 -1.0000 -1.000000e+00 -1.000000e+00 -1.000000e+00 -1.000000e+00 -1.000000e+00 -1.000000e+00  0  0.5350  3.188531e+12  0.000000e+00  0.000000e+00  1.021069e-01  1.309231e+02  8.106388e+00  1  0.5350  7.827360e+10  0.000000e+00  0.000000e+00  1.094180e-01  1.016889e+02  1.266173e-01  2  0.5350  4.398309e+00  0.000000e+00  0.000000e+00  8.402302e-02 -9.332042e+01  0.000000e+00 
3  6.743453e+00  7.128090e+00  1.962270e+05  6.583193e-01 6  2.910547e-01  1.337904e+01 3   4.1540  6.710482e-01  2.771475e-02  0  0.6550  8.059429e+11  0.000000e+00  0.000000e+00  9.757607e-02 -7.971747e+01  1.448178e+01  1  0.6550  3.502495e+10  0.000000e+00  0.000000e+00  3.355376e-01 -1.091389e+02  1.491421e-01  2  0.6550  4.798868e+12  2.309621e+00 -1.519154e-01  1.507940e-01  1.325797e+02  6.043357e+00  3  0.6550  1.000970e+11  2.309621e+00 -1.519154e-01  4.189539e-01  1.916671e+02  2.322533e-01  4  0.6550  4.154037e+00  0.000000e+00  0.000000e+00  4.055339e-02  1.592891e+02  0.000000e+00 
3  1.742022e+01  7.489872e+00  6.366300e+04  1.198122e+00 6  2.897588e-01  2.283044e+01 1   4.2488  2.850196e-01 -2.370838e+00  0  0.7030  2.729869e+12  0.000000e+00  0.000000e+00  3.529447e-01  6.771473e+01  1.729431e+01  1  0.7030  6.676100e+10  0.000000e+00  0.000000e+00  3.936306e-01  4.102191e+01  1.285678e-01  2  0.7030  2.432106e+13 -6.309674e+00 -3.549762e+01  5.608417e-01  6.021685e+01  2.831905e+00  3  0.7030  2.704698e+11 -6.309674e+00 -3.549762e+01  1.269154e-01  2.663469e+01  3.153687e-01  4  0.7030  4.248835e+00  0.000000e+00  0.000000e+00  1.767711e-01 -1.671019e+02  0.000000e+00 
3  1.821680e+01  1.851548e+01  1.742800e+05  6.836099e-01 6  2.809415e-01  3.026987e+01 1  10.0664  5.559318e-01 -1.287934e-01  0  1.2540  7.186894e+11  0.000000e+00  0.000000e+00  1.563012e-01  8.992865e+01  1.796848e+01  1  1.2540  2.960432e+10  0.000000e+00  0.000000e+00  3.552539e-01  1.329310e+02  5.891159e-02  2  1.2540  3.857188e+12  3.805156e+00 -7.078713e-01  1.760488e-01 -1.654574e+02  3.816162e+00  3  1.2540  5.955434e+10  3.805156e+00 -7.078713e-01  2.585488e-01 -1.931133e+02  1.034203e-01  4  1.2540  1.006644e+01  0.000000e+00  0.000000e+00  1.321714e-01 -1.348161e+02  0.000000e+00 
3  8.852149e+00  1.241740e+01  1.746560e+05  7.299866e-01 6  2.829009e-01  1.319093e+01 1   9.3721  4.151211e-01  1.078919e+00  0  1.2680  9.184885e+11  0.000000e+00  0.000000e+00  7.894942e-02 -5.723148e+01  1.798700e+01  1  1.2680  2.504878e+10  0.000000e+00  0.000000e+00  2.089960e-01 -9.530978e+01  8.858154e-02  2  1.2680  8.117225e+12  2.754441e+00  6.896344e+00  4.566403e-01  1.303654e+01  3.519827e+00  3  1.2680  9.150291e+10  2.754441e+00  6.896344e+00  1.697765e-01  1.120552e+01  1.110748e-01  4  1.2680  9.372114e+00  0.000000e+00  0.000000e+00  2.325605e-01 -1.722093e+02  0.000000e+00 
3  7.936372e+00  1.172650e+01  9.101200e+04  1.395844e-01 6 -1.000000e+00  1.277825e+01 1   4.7419  9.327523e-03  2.355472e-02 -1 -1.0000 -1.000000e+00 -1.000000e+00 -1.000000e+00 -1.000000e+00 -1.000000e+00 -1.000000e+00 -1 -1.0000 -1.000000e+00 -1.000000e+00 -1.000000e+00 -1.000000e+00 -1.000000e+00 -1.000000e+00  0  2.0370  7.948883e+11  0.000000e+00  0.000000e+00  3.452435e-01  3.624711e+01  3.272736e+00  1  2.0370  1.139236e+10  0.000000e+00  0.000000e+00  4.726733e-01  4.643237e+01  4.045951e-02  2  2.0370  4.741853e+00  0.000000e+00  0.000000e+00  3.269188e-02  9.044335e+01  0.000000e+00 
1  3.054135e+00  5.425198e+00  1.943200e+04  3.579783e+00 0 -1.000000e+00  5.425198e+00 2  15.5564  6.220293e+00  3.736788e+00 -1 -1.0000 -1.000000e+00 -1.000000e+00 -1.000000e+00 -1.000000e+00 -1.000000e+00 -1.000000e+00 -1 -1.0000 -1.000000e+00 -1.000000e+00 -1.000000e+00 -1.000000e+00 -1.000000e+00 -1.000000e+00  0  2.2140  3.235438e+13  0.000000e+00  0.000000e+00  5.197694e-01 -5.261561e+01  5.815192e+00  1  2.2140  1.038765e+11  0.000000e+00  0.000000e+00  4.293928e-01 -6.619604e+01  1.146893e-01  2  2.2140  1.555638e+01  0.000000e+00  0.000000e+00  9.566184e-02  1.147997e+02  0.000000e+00 
3  9.257004e+00  1.675495e+01  9.289200e+04  4.220368e+00 6 -1.000000e+00  2.193536e+01 3   7.6410  5.825465e-01  6.951622e-01 -1 -1.0000 -1.000000e+00 -1.000000e+00 -1.000000e+00 -1.000000e+00 -1.000000e+00 -1.000000e+00 -1 -1.0000 -1.000000e+00 -1.000000e+00 -1.000000e+00 -1.000000e+00 -1.000000e+00 -1.000000e+00  0  2.3430  3.927154e+13  0.000000e+00  0.000000e+00  3.232613e-01  1.356561e+02  9.097544e+00  1  2.3430  1.048764e+11  0.000000e+00  0.000000e+00  4.697316e-01  1.387161e+02  9.362959e-02  2  2.3430  7.640997e+00  0.000000e+00  0.000000e+00  1.235999e-01 -1.238793e+02  0.000000e+00 
3  1.276481e+01  2.410158e+01  1.028900e+04  1.472350e-01 6  2.704842e-01  2.790731e+01 3   4.8718  1.374144e-01 -2.019822e-01  0  2.5620  6.568496e+11  0.000000e+00  0.000000e+00  7.999633e-03 -1.094904e+01  7.554921e+00  1  2.5620  8.950209e+09  0.000000e+00  0.000000e+00  1.719660e-01 -2.025771e+01  2.614821e-02  2  2.5620  1.686618e+12  3.469744e+00 -7.120152e+00  5.107556e-01  1.720644e+02  3.807372e+00  3  2.5620  5.044228e+10  3.469744e+00 -7.120152e+00  3.326630e-01  1.396019e+02  1.629869e-02  4  2.5620  4.871819e+00  0.000000e+00  0.000000e+00  6.942157e-02  1.373738e+02  0.000000e+00 
3  2.172846e+01  1.446289e+01  2.473490e+05  5.844968e-01 6 -1.000000e+00  2.508359e+01 1   3.5893  4.597124e-01 -3.271553e-01 -1 -1.0000 -1.000000e+00 -1.000000e+00 -1.000000e+00 -1.000000e+00 -1.000000e+00 -1.000000e+00 -1 -1.0000 -1.000000e+00 -1.000000e+00 -1.000000e+00 -1.000000e+00 -1.000000e+00 -1.000000e+00  0  0.1990  8.384890e+11  0.000000e+00  0.000000e+00  3.197198e-01  1.145568e+02  7.251201e+00  1  0.1990  3.414109e+10  0.000000e+00  0.000000e+00  3.251363e-01  1.585951e+02  1.251075e-01  2  0.1990  3.589306e+00  0.000000e+00  0.000000e+00  7.026108e-02 -4.436398e+01  0.000000e+00 
3  1.588316e+01  1.470551e+01  2.848840e+05  6.867481e-01 6 -1.000000e+00  3.781771e+01 3   5.8312 -2.133835e-01  2.187513e-01 -1 -1.0000 -1.000000e+00 -1.000000e+00 -1.000000e+00 -1.000000e+00 -1.000000e+00 -1.000000e+00 -1 -1.0000 -1.000000e+00 -1.000000e+00 -1.000000e+00 -1.000000e+00 -1.000000e+00 -1.000000e+00  0  0.4390  3.686129e+12  0.000000e+00  0.000000e+00  4.832118e-02  1.721458e+02  6.056103e+00  1  0.4390  8.217468e+10  0.000000e+00  0.000000e+00  3.404367e-01  2.266903e+02  4.055296e-01  2  0.4390  5.831220e+00  0.000000e+00  0.000000e+00  3.263123e-02  3.049482e+01  0.000000e+00 
3  5.308814e+00  2.899058e+00  3.106290e+05  1.116501e+00 6 -1.000000e+00  7.630471e+00 1   3.8465 -3.452189e-01 -6.980858e-01 -1 -1.0000 -1.000000e+00 -1.000000e+00 -1.000000e+00 -1.000000e+00 -1.000000e+00 -1.000000e+00 -1 -1.0000 -1.000000e+00 -1.000000e+00 -1.000000e+00 -1.000000e+00 -1.000000e+00 -1.000000e+00  0  0.5430  2.487185e+12  0.000000e+00  0.000000e+00  1.515401e-01  8.957406e+01  1.390287e+01  1  0.5430  9.364033e+10  0.000000e+00  0.000000e+00  2.236758e-01  1.263088e+02  1.581989e-01  2  0.5430  3.846547e+00  0.000000e+00  0.000000e+00  1.236366e-01 -5.738338e+01  0.000000e+00 
3  6.127522e+00  3.615016e+00  2.920760e+05  8.635865e-01 6 -1.000000e+00  8.617019e+00 1   6.3344 -3.594394e-01 -4.635642e-01 -1 -1.0000 -1.000000e+00 -1.000000e+00 -1.000000e+00 -1.000000e+00 -1.000000e+00 -1.000000e+00 -1 -1.0000 -1.000000e+00 -1.000000e+00 -1.000000e+00 -1.000000e+00 -1.000000e+00 -1.000000e+00  0  0.5800  2.486033e+12  0.000000e+00  0.000000e+00  3.362556e-01  9.709076e+01  7.492106e+00  1  0.5800  6.877720e+10  0.000000e+00  0.000000e+00  3.134372e-01  8.973129e+01  2.184480e-01  2  0.5800  6.334354e+00  0.000000e+00  0.000000e+00  4.441060e-02  2.229426e+01  0.000000e+00 
1  4.694225e+00  1.083078e+01  1.133430e+05  1.569519e-01 0 -1.000000e+00  1.083078e+01 2   8.5607 -9.958070e-02 -3.965761e-03 -1 -1.0000 -1.000000e+00 -1.000000e+00 -1.000000e+00 -1.000000e+00 -1.000000e+00 -1.000000e+00 -1 -1.0000 -1.000000e+00 -1.000000e+00 -1.000000e+00 -1.000000e+00 -1.000000e+00 -1.000000e+00  0  0.7190  3.087901e+11  0.000000e+00  0.000000e+00  2.506681e-01 -9.212675e+01  1.215165e+01  1  0.7190  5.202202e+09  0.000000e+00  0.000000e+00  2.657198e-01 -8.535649e+01  1.888819e-01  2  0.7190  8.560664e+00  0.000000e+00  0.000000e+00  1.797673e-02 -1.156476e+02  0.000000e+00 
3  1.834023e+01  1.693755e+01  2.343980e+05  2.508914e-01 6  2.937118e-01  2.299431e+01 1   3.1522 -6.575311e-02  3.609967e-01  0  0.7840  3.148264e+11  0.000000e+00  0.000000e+00  3.464857e-01  4.485752e+01  1.864659e+01  1  0.7840  8.893473e+09  0.000000e+00  0.000000e+00  1.442264e-01 -1.937120e+01  6.568046e-02  2  0.7840  2.663512e+12  2.206140e+00  2.020627e+01  1.939752e-01  2.777750e+00  8.522978e+00  3  0.7840  7.198837e+10  2.206140e+00  2.020627e+01  3.114288e-01 -1.853895e+01  7.796859e-02  4  0.7840  3.152156e+00  0.000000e+00  0.000000e+00  1.565114e-01  3.926750e+01  0.000000e+00 
3  9.530297e+00  1.967682e+01  3.282380e+05  3.585967e-01 6 -1.000000e+00  2.746495e+01 3   3.8562 -1.129804e-03  4.298297e-02 -1 -1.0000 -1.000000e+00 -1.000000e+00 -1.000000e+00 -1.000000e+00 -1.000000e+00 -1.000000e+00 -1 -1.0000 -1.000000e+00 -1.000000e+00 -1.000000e+00 -1.000000e+00 -1.000000e+00 -1.000000e+00  0  0.9210  7.436011e+11  0.000000e+00  0.000000e+00  3.454231e-01  5.270830e+01  4.528984e+00  1  0.9210  2.707801e+10  0.000000e+00  0.000000e+00  8.541788e-02  8.548102e+01  4.155688e-02  2  0.9210  3.856196e+00  0.000000e+00  0.000000e+00  5.058650e-02  1.307317e+02  0.000000e+00 
3  9.980080e+00  6.000746e+00  6.563700e+04  1.920220e+00 6 -1.000000e+00  1.393799e+01 1  10.4425  1.244272e+00  4.625724e-01 -1 -1.0000 -1.000000e+00 -1.000000e+00 -1.000000e+00 -1.000000e+00 -1.000000e+00 -1.000000e+00 -1 -1.0000 -1.000000e+00 -1.000000e+00 -1.000000e+00 -1.000000e+00 -1.000000e+00 -1.000000e+00  0  1.0090  2.070158e+13  0.000000e+00  0.000000e+00  4.486411e-01  3.857246e+01  6.350490e+00  1  1.0090  1.668326e+11  0.000000e+00  0.000000e+00  1.348015e-01  5.474082e+00  9.099275e-02  2  1.0090  1.044252e+01  0.000000e+00  0.000000e+00  1.619482e-01  7.296241e+01  0.000000e+00 
1  2.662767e+01  5.406214e+01  2.952890e+05  1.023934e-01 0  2.917553e-01  5.406214e+01 2   2.6288  1.561149e-01  4.082574e-02  0  1.0400  8.343671e+10  0.000000e+00  0.000000e+00  1.076023e-01 -5.182449e+00  3.947254e+01  1  1.0400  3.363007e+08  0.000000e+00  0.000000e+00  2.644282e-01 -3.889838e+01  1.344537e-01  2  1.0400  7.531142e+11  1.058911e+01  4.030194e+00  5.717813e-01  1.011719e+02  5.588778e+00  3  1.0400  2.018884e+10  1.058911e+01  4.030194e+00  3.571818e-01  9.714938e+01  2.065214e-01  4  1.0400  2.628766e+00  0.000000e+00  0.000000e+00  5.792960e-02 -2.037752e+01  0.000000e+00 
3  9.396045e+00  6.249600e+00  3.640120e+05  4.740183e-01 6  2.854270e-01  1.435786e+01 1   4.1049 -1.159977e-01 -1.387309e+00  0  1.0500  1.115724e+12  0.000000e+00  0.000000e+00  2.195223e-01  1.460564e+01  1.290154e+01  1  1.0500  4.593774e+10  0.000000e+00  0.000000e+00  4.366235e-01 -9.999473e+00  7.735018e-02  2  1.0500  8.495658e+12 -6.769050e-01 -2.502822e+01  1.884625e-01 -4.246106e+01  3.930450e+00  3  1.0500  7.878211e+10 -6.769050e-01 -2.502822e+01  4.052469e-01 -1.249171e+01  8.386772e-02  4  1.0500  4.104894e+00  0.000000e+00  0.000000e+00  2.672500e-02 -1.393712e+02  0.000000e+00 
2  5.732991e+00  2.602647e+00  3.015130e+05  1.021136e+00 6 -1.000000e+00  8.097765e+00 1   9.3640  5.304823e-01  6.754326e-01 -1 -1.0000 -1.000000e+00 -1.000000e+00 -1.000000e+00 -1.000000e+00 -1.000000e+00 -1.000000e+00 -1 -1.0000 -1.000000e+00 -1.000000e+00 -1.000000e+00 -1.000000e+00 -1.000000e+00 -1.000000e+00  0  1.4670  7.111055e+12  0.000000e+00  0.000000e+00  2.128369e-01 -9.800275e+01  4.033601e+00  1  1.4670  1.143465e+11  0.000000e+00  0.000000e+00  1.420557e-01 -1.062842e+02  4.317954e-02  2  1.4670  9.363969e+00  0.000000e+00  0.000000e+00  5.283788e-02 -1.185562e+02  0.000000e+00 
3  1.488072e+01  2.218808e+01  2.058440e+05  5.955321e-01 6 -1.000000e+00  2.364142e+01 1   6.6488 -1.083823e-01 -1.780136e-01 -1 -1.0000 -1.000000e+00 -1.000000e+00 -1.000000e+00 -1.000000e+00 -1.000000e+00 -1.000000e+00 -1 -1.0000 -1.000000e+00 -1.000000e+00 -1.000000e+00 -1.000000e+00 -1.000000e+00 -1.000000e+00  0  1.7200  1.667453e+12  0.000000e+00  0.000000e+00  4.181704e-01  7.805424e+01  7.349485e+00  1  1.7200  4.101397e+10  0.000000e+00  0.000000e+00  2.554030e-01  9.554263e+01  5.729889e-02  2  1.7200  6.648791e+00  0.000000e+00  0.000000e+00  6.011845e-02  2.392968e+01  0.000000e+00 
3  2.154276e+01  1.618580e+01  1.135860e+05  5.377632e-01 6 -1.000000e+00  3.371551e+01 1   3.9596  2.082984e-01 -2.796269e-01 -1 -1.0000 -1.000000e+00 -1.000000e+00 -1.000000e+00 -1.000000e+00 -1.000000e+00 -1.000000e+00 -1 -1.0000 -1.000000e+00 -1.000000e+00 -1.000000e+00 -1.000000e+00 -1.000000e+00 -1.000000e+00  0  1.7320  3.262265e+12  0.000000e+00  0.000000e+00  3.062164e-01 -1.384328e+01  6.710350e+00  1  1.7320  7.305432e+10  0.000000e+00  0.000000e+00  3.043139e-01 -4.526951e+01  3.366040e-02  2  1.7320  3.959561e+00  0.000000e+00  0.000000e+00  4.907918e-02 -1.022469e+02  0.000000e+00 
3  2.078917e+01  2.528548e+01  2.542050e+05  6.041686e-01 6  3.103780e-01  3.109670e+01 1   3.6130  1.051354e+00  1.183397e+00  0  0.4510  4.508283e+11  0.000000e+00  0.000000e+00  3.794393e-02  1.036109e+02  3.184998e+01  1  0.4510  1.952303e+10  0.000000e+00  0.000000e+00  2.275324e-01  9.553982e+01  2.005876e-01  2  0.4510  1.052906e+13  6.043884e+00  9.924251e+00  3.057390e-01 -1.388153e+02  8.261482e+00  3  0.4510  1.029212e+11  6.043884e+00  9.924251e+00  4.147471e-01 -1.648759e+02  3.930192e-01  4  0.4510  3.612954e+00  0.000000e+00  0.000000e+00  9.104365e-02  8.513705e+01  0.000000e+00 
1  3.611160e+00  6.975851e+00  1.933140e+05  1.304893e+00 0 -1.000000e+00  6.975851e+00 2  11.8019 -1.549552e+00 -1.090947e+00 -1 -1.0000 -1.000000e+00 -1.000000e+00 -1.000000e+00 -1.000000e+00 -1.000000e+00 -1.000000e+00 -1 -1.0000 -1.000000e+00 -1.000000e+00 -1.000000e+00 -1.000000e+00 -1.000000e+00 -1.000000e+00  0  0.4620  6.641937e+12  0.000000e+00  0.000000e+00  3.050948e-01  1.325362e+02  1.278565e+01  1  0.4620  5.479574e+10  0.000000e+00  0.000000e+00  4.472798e-01  1.439945e+02  9.926808e-02  2  0.4620  1.180193e+01  0.000000e+00  0.000000e+00  1.077999e-01 -6.758346e+01  0.000000e+00 
3  1.370310e+00  1.089565e+00  2.709930e+05  5.167666e-01 6 -1.000000e+00  1.730441e+00 1   7.0175  3.462356e-01  1.718671e-01 -1 -1.0000 -1.000000e+00 -1.000000e+00 -1.000000e+00 -1.000000e+00 -1.000000e+00 -1.000000e+00 -1 -1.0000 -1.000000e+00 -1.000000e+00 -1.000000e+00 -1.000000e+00 -1.000000e+00 -1.000000e+00  0  0.7730  2.008670e+12  0.000000e+00  0.000000e+00  2.683431e-01 -1.559979e+02  4.860522e+00  1  0.7730  7.324289e+10  0.000000e+00  0.000000e+00  5.415232e-01 -2.149982e+02  1.286072e-01  2  0.7730  7.017506e+00  0.000000e+00  0.000000e+00  1.329004e-01 -1.587315e+02  0.000000e+00 
3  2.364355e+01  1.309367e+01  2.297490e+05  2.634252e-01 6 -1.000000e+00  3.254951e+01 1   3.9113 -1.146267e-01  1.019950e-01 -1 -1.0000 -1.000000e+00 -1.000000e+00 -1.000000e+00 -1.000000e+00 -1.000000e+00 -1.000000e+00 -1 -1.0000 -1.000000e+00 -1.000000e+00 -1.000000e+00 -1.000000e+00 -1.000000e+00 -1.000000e+00  0  1.1910  5.265135e+11  0.000000e+00  0.000000e+00  1.131892e-01 -1.097300e+02  5.483339e+00  1  1.1910  1.121173e+10  0.000000e+00  0.000000e+00  4.815794e-01 -1.017321e+02  3.001917e-02  2  1.1910  3.911283e+00  0.000000e+00  0.000000e+00  4.378387e-02 -2.331882e+01  0.000000e+00 
3  9.650974e+00  5.543727e+00  3.574450e+05  4.608354e-01 6 -1.000000e+00  1.359135e+01 1   4.5954  1.712863e-01  4.314869e-01 -1 -1.0000 -1.000000e+00 -1.000000e+00 -1.000000e+00 -1.000000e+00 -1.000000e+00 -1.000000e+00 -1 -1.0000 -1.000000e+00 -1.000000e+00 -1.000000e+00 -1.000000e+00 -1.000000e+00 -1.000000e+00  0  1.6000  6.483601e+12  0.000000e+00  0.000000e+00  3.990565e-01  6.286471e+01  4.044313e+00  1  1.6000  8.871710e+10  0.000000e+00  0.000000e+00  5.975811e-01  1.501409e+01  7.528139e-02  2  1.6000  4.595353e+00  0.000000e+00  0.000000e+00  9.129512e-02 -1.651742e+02  0.000000e+00 
3  3.238690e+00  1.873306e+00  1.510960e+05  7.682229e-01 6  2.924974e-01  4.741557e+00 1  14.1766  5.304661e-01 -1.097754e+00  0  0.4570  1.665733e+12  0.000000e+00  0.000000e+00  2.848027e-01  1.724464e+02  1.256361e+01  1  0.4570  5.340607e+10  0.000000e+00  0.000000e+00  2.632785e-01  2.168133e+02  1.615098e-01  2  0.4570  9.436058e+12  2.003863e+00 -4.140871e+01  4.447590e-01  2.781634e+00  6.880228e+00  3  0.4570  1.110812e+11  2.003863e+00 -4.140871e+01  7.147402e-01  5.743032e+00  3.169555e-01  4  0.4570  1.417661e+01  0.000000e+00  0.000000e+00  2.341594e-01  1.359992e+02  0.000000e+00 
3  5.377277e+00  9.525980e+00  3.276040e+05  1.173836e+00 6  2.914572e-01  1.070996e+01 3   5.2952 -1.012014e+00 -1.494221e+00  0  0.5690  2.448875e+12  0.000000e+00  0.000000e+00  5.512575e-01  3.548679e+01  1.401923e+01  1  0.5690  7.524791e+10  0.000000e+00  0.000000e+00  4.572607e-01  6.436801e+01  3.909226e-01  2  0.5690  1.833699e+13 -3.017697e+00 -4.453681e+00  2.754074e-01 -6.526078e+01  4.856318e+00  3  0.5690  1.473557e+11 -3.017697e+00 -4.453681e+00  5.208309e-01 -1.055738e+02  1.925376e-01  4  0.5690  5.295194e+00  0.000000e+00  0.000000e+00  5.101421e-02 -1.221074e+02  0.000000e+00 
3  2.014948e+01  2.005764e+01  1.688710e+05  9.179386e-01 6 -1.000000e+00  3.343331e+01 1   3.7408 -2.206960e-01 -1.027808e-01 -1 -1.0000 -1.000000e+00 -1.000000e+00 -1.000000e+00 -1.000000e+00 -1.000000e+00 -1.000000e+00 -1 -1.0000 -1.000000e+00 -1.000000e+00 -1.000000e+00 -1.000000e+00 -1.000000e+00 -1.000000e+00  0  1.5040  1.607256e+13  0.000000e+00  0.000000e+00  4.448896e-01 -1.155952e+02  5.070056e+00  1  1.5040  8.519223e+10  0.000000e+00  0.000000e+00  4.352794e-02 -1.095695e+02  7.429930e-02  2  1.5040  3.740751e+00  0.000000e+00  0.000000e+00  7.272224e-02 -1.112457e+02  0.000000e+00 
3  4.339942e+00  2.186338e+00  2.738100e+04  2.532328e-01 6 -1.000000e+00  5.382832e+00 1  11.4084 -4.743054e-02 -1.920615e-01 -1 -1.0000 -1.000000e+00 -1.000000e+00 -1.000000e+00 -1.000000e+00 -1.000000e+00 -1.000000e+00 -1 -1.0000 -1.000000e+00 -1.000000e+00 -1.000000e+00 -1.000000e+00 -1.000000e+00 -1.000000e+00  0  2.0640  8.076923e+11  0.000000e+00  0.000000e+00  3.421138e-01  9.303029e+01  2.595039e+00  1  2.0640  1.020110e+10  0.000000e+00  0.000000e+00  4.057274e-01  8.801429e+01  2.368349e-02  2  2.0640  1.140835e+01  0.000000e+00  0.000000e+00  7.152154e-02  8.039508e+01  0.000000e+00 
3  4.374458e+00  1.769996e+00  4.020560e+05  2.293917e-01 6 -1.000000e+00  1.181851e+01 2   9.7213 -6.919165e-02 -1.587775e-01 -1 -1.0000 -1.000000e+00 -1.000000e+00 -1.000000e+00 -1.000000e+00 -1.000000e+00 -1.000000e+00 -1 -1.0000 -1.000000e+00 -1.000000e+00 -1.000000e+00 -1.000000e+00 -1.000000e+00 -1.000000e+00  0  2.7910  8.336204e+11  0.000000e+00  0.000000e+00  2.675826e-01  1.503394e+02  7.551547e+00  1  2.7910  8.571317e+09  0.000000e+00  0.000000e+00  5.443402e-01  1.338244e+02  3.217504e-02  2  2.7910  9.721335e+00  0.000000e+00  0.000000e+00  6.750887e-02 -2.120876e+01  0.000000e+00 
2  4.020662e+00  2.099225e+00  2.253520e+05  1.876587e+00 6  2.854597e-01  5.782291e+00 1  17.1997 -1.880793e+00 -2.503381e+00  0  0.6510  2.813045e+12  0.000000e+00  0.000000e+00  1.895437e-01 -1.733663e+02  2.914924e+01  1  0.6510  6.468475e+10  0.000000e+00  0.000000e+00  4.359141e-01 -1.311176e+02  4.195826e-02  2  0.6510  1.285107e+13 -4.336045e+00 -1.587231e+01  1.377990e-01 -1.729290e+02  4.985974e+00  3  0.6510  1.385104e+11 -4.336045e+00 -1.587231e+01  5.062710e-01 -1.543691e+02  1.790233e-01  4  0.6510  1.719967e+01  0.000000e+00  0.000000e+00  9.585056e-02  1.266875e+02  0.000000e+00 
3  4.217070e+00  5.978281e+00  2.289660e+05  2.413109e-01 6 -1.000000e+00  7.654919e+00 3   9.8129 -4.242505e-02 -2.022254e-02 -1 -1.0000 -1.000000e+00 -1.000000e+00 -1.000000e+00 -1.000000e+00 -1.000000e+00 -1.000000e+00 -1 -1.0000 -1.000000e+00 -1.000000e+00 -1.000000e+00 -1.000000e+00 -1.000000e+00 -1.000000e+00  0  0.7240  4.458555e+11  0.000000e+00  0.000000e+00  2.522937e-01 -2.214600e+01  4.663453e+00  1  0.7240  9.549867e+09  0.000000e+00  0.000000e+00  2.179954e-01 -1.021146e+02  5.949663e-02  2  0.7240  9.812910e+00  0.000000e+00  0.000000e+00  6.534276e-02  6.559306e+01  0.000000e+00 
3  1.865751e+01  1.326087e+01  6.013300e+04  1.065617e+00 6 -1.000000e+00  3.772120e+01 3   3.9684  4.915951e-01  2.012015e-01 -1 -1.0000 -1.000000e+00 -1.000000e+00 -1.000000e+00 -1.000000e+00 -1.000000e+00 -1.000000e+00 -1 -1.0000 -1.000000e+00 -1.000000e+00 -1.000000e+00 -1.000000e+00 -1.000000e+00 -1.000000e+00  0  0.7750  1.135767e+13  0.000000e+00  0.000000e+00  4.873537e-01  8.634912e+01  5.390844e+00  1  0.7750  1.153691e+11  0.000000e+00  0.000000e+00  5.079730e-02  2.291148e+01  2.132154e-01  2  0.7750  3.968426e+00  0.000000e+00  0.000000e+00  6.752605e-02 -2.135922e+01  0.000000e+00 
2  3.091845e+00  4.884253e+00  3.778770e+05  1.712315e+00 6 -1.000000e+00  6.491106e+00 3   6.9581  3.039276e-01  3.752102e-01 -1 -1.0000 -1.000000e+00 -1.000000e+00 -1.000000e+00 -1.000000e+00 -1.000000e+00 -1.000000e+00 -1 -1.0000 -1.000000e+00 -1.000000e+00 -1.000000e+00 -1.000000e+00 -1.000000e+00 -1.000000e+00  0  0.8680  9.767727e+12  0.000000e+00  0.000000e+00  1.633986e-01  1.887683e+01  9.361591e+00  1  0.8680  1.788312e+11  0.000000e+00  0.000000e+00  3.159751e-01  3.706160e+01  9.941265e-02  2  0.8680  6.958133e+00  0.000000e+00  0.000000e+00  3.168890e-02 -2.601825e+01  0.000000e+00 
1  6.244708e+00  1.405535e+01  3.943080e+05  1.618749e-01 0  3.072207e-01  1.405535e+01 2  10.6740 -5.499847e-01 -5.710557e-01  0  0.8890  1.080009e+11  0.000000e+00  0.000000e+00  1.409984e-01  1.076865e+02  2.389044e+01  1  0.8890  7.287055e+08  0.000000e+00  0.000000e+00  4.221257e-01  8.691449e+01  3.435573e-02  2  0.8890  4.402507e+12 -2.745076e+00 -4.088338e+00  2.207790e-01 -4.541023e+00  5.698690e+00  3  0.8890  8.298340e+10 -2.745076e+00 -4.088338e+00  3.538655e-01  1.544959e+01  1.368424e-01  4  0.8890  1.067403e+01  0.000000e+00  0.000000e+00  1.714338e-01 -6.737515e-01  0.000000e+00 
3  1.540029e+01  8.239520e+00  1.543020e+05  6.406181e-01 6 -1.000000e+00  2.532550e+01 1   4.2964 -1.717567e-01  3.451904e-01 -1 -1.0000 -1.000000e+00 -1.000000e+00 -1.000000e+00 -1.000000e+00 -1.000000e+00 -1.000000e+00 -1 -1.0000 -1.000000e+00 -1.000000e+00 -1.000000e+00 -1.000000e+00 -1.000000e+00 -1.000000e+00  0  0.9230  2.265474e+12  0.000000e+00  0.000000e+00  7.710267e-02 -1.074195e+02  4.510271e+00  1  0.9230  6.823494e+10  0.000000e+00  0.000000e+00  1.438075e-01 -1.083864e+02  4.985023e-02  2  0.9230  4.296448e+00  0.000000e+00  0.000000e+00  1.963602e-01  9.089909e+00  0.000000e+00 
3  2.989913e+00  1.987186e+00  1.845800e+04  7.843684e-01 6 -1.000000e+00  3.806497e+00 1  11.8542 -7.061084e-02 -5.636966e-01 -1 -1.0000 -1.000000e+00 -1.000000e+00 -1.000000e+00 -1.000000e+00 -1.000000e+00 -1.000000e+00 -1 -1.0000 -1.000000e+00 -1.000000e+00 -1.000000e+00 -1.000000e+00 -1.000000e+00 -1.000000e+00  0  1.1760  2.804379e+12  0.000000e+00  0.000000e+00  3.885016e-01  1.202970e+02  5.620400e+00  1  1.1760  6.362477e+10  0.000000e+00  0.000000e+00  2.926355e-01  6.894965e+01  5.951170e-02  2  1.1760  1.185416e+01  0.000000e+00  0.000000e+00  1.749946e-01  9.220079e+01  0.000000e+00 
3  2.139204e+01  1.597793e+01  2.177380e+05  6.141134e-01 6 -1.000000e+00  3.171542e+01 1   4.1946  4.787213e-01  5.075098e-02 -1 -1.0000 -1.000000e+00 -1.000000e+00 -1.000000e+00 -1.000000e+00 -1.000000e+00 -1.000000e+00 -1 -1.0000 -1.000000e+00 -1.000000e+00 -1.000000e+00 -1.000000e+00 -1.000000e+00 -1.000000e+00  0  1.2650  2.916800e+12  0.000000e+00  0.000000e+00  8.299762e-02 -2.810239e+01  7.395088e+00  1  1.2650  9.253530e+10  0.000000e+00  0.000000e+00  4.647774e-01  2.871729e+01  7.513461e-02  2  1.2650  4.194552e+00  0.000000e+00  0.000000e+00  5.770011e-02 -1.394484e+02  0.000000e+00 
3  7.158929e+00  3.471752e+00  3.872910e+05  1.007270e-01 6 -1.000000e+00  9.424931e+00 1   3.8165  1.052726e-01 -1.583752e-02 -1 -1.0000 -1.000000e+00 -1.000000e+00 -1.000000e+00 -1.000000e+00 -1.000000e+00 -1.000000e+00 -1 -1.0000 -1.000000e+00 -1.000000e+00 -1.000000e+00 -1.000000e+00 -1.000000e+00 -1.000000e+00  0  2.3630  7.578164e+11  0.000000e+00  0.000000e+00  2.053426e-01  1.122122e+02  3.401346e+00  1  2.3630  9.435476e+09  0.000000e+00  0.000000e+00  3.172368e-01  1.709719e+02  9.806151e-03  2  2.3630  3.816470e+00  0.000000e+00  0.000000e+00  2.673975e-02 -1.045506e+02  0.000000e+00 
3  1.037754e+01  4.353814e+00  2.815930e+05  3.897029e-01 6 -1.000000e+00  1.293187e+01 1   5.8713 -2.126694e-01 -2.948524e-01 -1 -1.0000 -1.000000e+00 -1.000000e+00 -1.000000e+00 -1.000000e+00 -1.000000e+00 -1.000000e+00 -1 -1.0000 -1.000000e+00 -1.000000e+00 -1.000000e+00 -1.000000e+00 -1.000000e+00 -1.000000e+00  0  0.5540  4.872277e+11  0.000000e+00  0.000000e+00  4.098629e-01  1.074416e+02  1.087664e+01  1  0.5540  1.659207e+10  0.000000e+00  0.000000e+00  1.417260e-01  9.397853e+01  8.235938e-02  2  0.5540  5.871336e+00  0.000000e+00  0.000000e+00  9.193417e-02  7.197323e+01  0.000000e+00 
3  4.256850e+00  2.082523e+00  1.996900e+04  5.034710e-01 6 -1.000000e+00  5.021932e+00 1   8.5459 -1.873020e-01 -4.049222e-01 -1 -1.0000 -1.000000e+00 -1.000000e+00 -1.000000e+00 -1.000000e+00 -1.000000e+00 -1.000000e+00 -1 -1.0000 -1.000000e+00 -1.000000e+00 -1.000000e+00 -1.000000e+00 -1.000000e+00 -1.000000e+00  0  0.7060  6.860984e+11  0.000000e+00  0.000000e+00  2.142065e-01  4.112976e+01  7.719655e+00  1  0.7060  2.310123e+10  0.000000e+00  0.000000e+00  4.438503e-01  7.664900e+01  5.201353e-02  2  0.7060  8.545948e+00  0.000000e+00  0.000000e+00  1.688208e-01 -1.187281e+02  0.000000e+00 
3  3.350679e+01  3.087707e+01  3.325440e+05  8.987258e-01 6  2.841156e-01  4.961809e+01 1   2.7941  1.530792e+00  6.708195e-01  0  0.8510  1.975410e+12  0.000000e+00  0.000000e+00  9.935869e-02 -1.005010e+02  1.728364e+01  1  0.8510  6.522917e+10  0.000000e+00  0.000000e+00  3.220117e-01 -6.041022e+01  1.235857e-01  2  0.8510  1.013749e+13  9.593873e+00 -1.672883e-01  3.866334e-01  2.444102e+01  7.813851e+00  3  0.8510  7.428931e+10  9.593873e+00 -1.672883e-01  6.050155e-01  4.655745e+01  9.759850e-02  4  0.8510  2.794140e+00  0.000000e+00  0.000000e+00  3.553011e-02  3.203477e+01  0.000000e+00 
3  3.429853e+00  1.090722e+00  7.007800e+04  1.423097e+00 6 -1.000000e+00  6.548525e+00 2   9.0627  8.363539e-01 -7.379740e-01 -1 -1.0000 -1.000000e+00 -1.000000e+00 -1.000000e+00 -1.000000e+00 -1.000000e+00 -1.000000e+00 -1 -1.0000 -1.000000e+00 -1.000000e+00 -1.000000e+00 -1.000000e+00 -1.000000e+00 -1.000000e+00  0  0.8550  6.551853e+12  0.000000e+00  0.000000e+00  3.456615e-01 -1.451937e+02  9.139230e+00  1  0.8550  9.456995e+10  0.000000e+00  0.000000e+00  4.267228e-01 -1.017615e+02  1.445789e-01  2  0.8550  9.062722e+00  0.000000e+00  0.000000e+00  1.310834e-01  4.146592e+01  0.000000e+00 
5  1.692631e+00  3.299549e+00  3.544240e+05  5.501931e+00 6 -1.000000e+00  3.924424e+00 3  13.1174 -1.371580e+00  2.221028e+00 -1 -1.0000 -1.000000e+00 -1.000000e+00 -1.000000e+00 -1.000000e+00 -1.000000e+00 -1.000000e+00 -1 -1.0000 -1.000000e+00 -1.000000e+00 -1.000000e+00 -1.000000e+00 -1.000000e+00 -1.000000e+00  0  0.8660  2.621024e+14  0.000000e+00  0.000000e+00  6.121830e-01 -1.568510e+02  3.649158e+00  1  0.8660  3.811904e+11  0.000000e+00  0.000000e+00  4.522166e-01 -1.753958e+02  2.299046e-01  2  0.8660  1.311736e+01  0.000000e+00  0.000000e+00  8.940476e-02  1.143222e+02  0.000000e+00 
5  1.300001e+01  2.178937e+01  2.054370e+05  1.508966e+00 6  2.806692e-01  3.419527e+01 3   2.5151 -7.750066e-01 -2.011101e+00  0  0.8830  5.456958e+12  0.000000e+00  0.000000e+00  4.176279e-01 -1.046017e+02  1.386850e+01  1  0.8830  1.016136e+11  0.000000e+00  0.000000e+00  5.390014e-01 -1.119601e+02  6.419949e-02  2  0.8830  2.665878e+13 -1.597410e+01 -2.706716e+01  3.313055e-01 -5.597430e+01  4.236907e+00  3  0.8830  1.401500e+11 -1.597410e+01 -2.706716e+01  6.270838e-01 -8.342441e+01  1.474278e-01  4  0.8830  2.515102e+00  0.000000e+00  0.000000e+00  7.892962e-02  1.154313e+02  0.000000e+00 
3  2.571742e+01  2.067775e+01  2.585440e+05  1.753907e-01 6 -1.000000e+00  3.708512e+01 1   3.7013  7.613036e-02  8.976249e-02 -1 -1.0000 -1.000000e+00 -1.000000e+00 -1.000000e+00 -1.000000e+00 -1.000000e+00 -1.000000e+00 -1 -1.0000 -1.000000e+00 -1.000000e+00 -1.000000e+00 -1.000000e+00 -1.000000e+00 -1.000000e+00  0  1.0170  5.591031e+11  0.000000e+00  0.000000e+00  1.091408e-01  1.503153e+02  5.230435e+00  1  1.0170  1.478939e+10  0.000000e+00  0.000000e+00  3.225909e-01  1.529249e+02  9.811930e-02  2  1.0170  3.701285e+00  0.000000e+00  0.000000e+00  1.041348e-01  3.380673e+01  0.000000e+00 
5  6.146310e+00  1.035608e+01  1.762500e+05  4.089637e-01 6 -1.000000e+00  1.524688e+01 3   6.5392  7.111235e-02 -1.882385e-01 -1 -1.0000 -1.000000e+00 -1.000000e+00 -1.000000e+00 -1.000000e+00 -1.000000e+00 -1.000000e+00 -1 -1.0000 -1.000000e+00 -1.000000e+00 -1.000000e+00 -1.000000e+00 -1.000000e+00 -1.000000e+00  0  1.2620  2.759743e+12  0.000000e+00  0.000000e+00  1.569592e-01  1.043722e+01  2.779271e+00  1  1.2620  8.532594e+10  0.000000e+00  0.000000e+00  6.075229e-01  2.240056e+01  8.312974e-02  2  1.2620  6.539161e+00  0.000000e+00  0.000000e+00  1.203984e-01  1.297717e+01  0.000000e+00 
3  5.829619e+00  4.611770e+00  1.994540e+05  5.888963e-01 6 -1.000000e+00  7.383049e+00 1   8.8072  5.422059e-01  2.076195e-01 -1 -1.0000 -1.000000e+00 -1.000000e+00 -1.000000e+00 -1.000000e+00 -1.000000e+00 -1.000000e+00 -1 -1.0000 -1.000000e+00 -1.000000e+00 -1.000000e+00 -1.000000e+00 -1.000000e+00 -1.000000e+00  0  1.3270  5.139677e+12  0.000000e+00  0.000000e+00  3.371663e-01 -1.797537e+02  2.823563e+00  1  1.3270  1.069346e+11  0.000000e+00  0.000000e+00  3.410398e-01 -1.707989e+02  1.231677e-01  2  1.3270  8.807202e+00  0.000000e+00  0.000000e+00  1.634153e-01 -1.645833e+02  0.000000e+00 
1  6.092549e+00  1.092451e+01  2.690710e+05  1.600986e-01 0  2.789335e-01  1.092451e+01 2   6.2542 -4.638388e-01 -2.969745e-02  0  1.3780  2.905958e+11  0.000000e+00  0.000000e+00  8.492127e-02  7.785534e+01  1.069067e+01  1  1.3780  4.612070e+09  0.000000e+00  0.000000e+00  5.965501e-01  1.247388e+02  4.801629e-02  2  1.3780  9.203364e+11 -5.198288e+00  1.928058e+00  1.207061e-01  4.508335e+01  2.504788e+00  3  1.3780  2.898950e+10 -5.198288e+00  1.928058e+00  2.564062e-01  6.364497e+00  7.556193e-02  4  1.3780  6.254234e+00  0.000000e+00  0.000000e+00  1.680703e-01  1.225582e+02  0.000000e+00 
3  7.708372e+00  1.045483e+01  2.979910e+05  4.915691e-01 6  2.838281e-01  1.456364e+01 3   4.8206  1.163800e+00 -1.235450e+00  0  1.3840  7.352553e+11  0.000000e+00  0.000000e+00  3.276071e-01  1.334120e+02  1.647936e+01  1  1.3840  2.127940e+10  0.000000e+00  0.000000e+00  1.761784e-01  1.476880e+02  8.380387e-02  2  1.3840  1.322497e+13  3.638371e+00 -5.997478e+00  3.570867e-01 -1.325093e+01  4.372852e+00  3  1.3840  1.445641e+11  3.638371e+00 -5.997478e+00  1.999730e-01  1.560711e+01  6.913176e-02  4  1.3840  4.820642e+00  0.000000e+00  0.000000e+00  1.015121e-01  3.897513e+01  0.000000e+00 
3  3.025884e+00  1.633811e+00  1.466900e+05  6.556075e-01 6 -1.000000e+00  4.825341e+00 1   9.8535  4.044002e-01  2.946076e-01 -1 -1.0000 -1.000000e+00 -1.000000e+00 -1.000000e+00 -1.000000e+00 -1.000000e+00 -1.000000e+00 -1 -1.0000 -1.000000e+00 -1.000000e+00 -1.000000e+00 -1.000000e+00 -1.000000e+00 -1.000000e+00  0  1.5050  2.683847e+12  0.000000e+00  0.000000e+00  9.557575e-02 -1.423010e+01  4.613314e+00  1  1.5050  7.987760e+10  0.000000e+00  0.000000e+00  9.038244e-02 -4.367318e+01  9.908970e-02  2  1.5050  9.853488e+00  0.000000e+00  0.000000e+00  5.846886e-02 -8.217119e+01  0.000000e+00 
1  7.815314e+00  2.264600e+01  2.804900e+04  5.835562e-01 0  2.959999e-01  2.264600e+01 2   5.3287 -1.399375e+00 -5.624527e-01  0  0.5800  6.430245e+11  0.000000e+00  0.000000e+00  2.820489e-01 -1.588080e+02  1.521979e+01  1  0.5800  2.868434e+10  0.000000e+00  0.000000e+00  3.580088e-01 -1.892736e+02  1.613069e-01  2  0.5800  5.061471e+12 -2.647959e+00 -6.879496e-01  3.614239e-01 -1.309575e+02  6.761086e+00  3  0.5800  6.642646e+10 -2.647959e+00 -6.879496e-01  3.367912e-01 -1.132793e+02  1.005604e-01  4  0.5800  5.328727e+00  0.000000e+00  0.000000e+00  7.286643e-02 -4.541634e+01  0.000000e+00 
1  5.869721e+00  1.163218e+01  3.340770e+05  2.161507e+00 0 -1.000000e+00  1.163218e+01 2   8.1648 -2.812860e-01  2.024766e+00 -1 -1.0000 -1.000000e+00 -1.000000e+00 -1.000000e+00 -1.000000e+00 -1.000000e+00 -1.000000e+00 -1 -1.0000 -1.000000e+00 -1.000000e+00 -1.000000e+00 -1.000000e+00 -1.000000e+00 -1.000000e+00  0  0.7590  4.178477e+13  0.000000e+00  0.000000e+00  3.389714e-01 -1.284814e+01  5.533962e+00  1  0.7590  1.984198e+11  0.000000e+00  0.000000e+00  2.935763e-01  3.555816e+01  2.950560e-01  2  0.7590  8.164770e+00  0.000000e+00  0.000000e+00  1.867248e-01  5.425491e+01  0.000000e+00 
3  1.082832e+01  2.706935e+01  2.979660e+05  2.406176e+00 6 -1.000000e+00  2.708862e+01 3   3.2947  3.229441e-01 -4.098640e-01 -1 -1.0000 -1.000000e+00 -1.000000e+00 -1.000000e+00 -1.000000e+00 -1.000000e+00 -1.000000e+00 -1 -1.0000 -1.000000e+00 -1.000000e+00 -1.000000e+00 -1.000000e+00 -1.000000e+00 -1.000000e+00  0  0.9640  6.683046e+13  0.000000e+00  0.000000e+00  1.954396e-01  1.324767e+02  4.412634e+00  1  0.9640  2.334662e+11  0.000000e+00  0.000000e+00  4.058954e-01  9.464116e+01  2.491120e-01  2  0.9640  3.294668e+00  0.000000e+00  0.000000e+00  4.441552e-02 -1.312463e+02  0.000000e+00 
1  1.581828e+01  4.516102e+01  3.032270e+05  7.565564e-01 0  2.829606e-01  4.516102e+01 2   5.3668  1.397448e+00 -2.004826e+00  0  1.2710  1.341809e+12  0.000000e+00  0.000000e+00  2.750887e-01 -1.486057e+02  1.601777e+01  1  1.2710  4.323932e+10  0.000000e+00  0.000000e+00  4.609351e-01 -1.494809e+02  1.216869e-01  2  1.2710  1.659024e+13  4.859977e+00 -1.028767e+01  4.216031e-01 -1.752153e+02  4.294369e+00  3  1.2710  1.435846e+11  4.859977e+00 -1.028767e+01  1.118657e-01 -1.501247e+02  1.489180e-01  4  1.2710  5.366807e+00  0.000000e+00  0.000000e+00  9.144390e-02  4.688350e+01  0.000000e+00 
3  9.327467e+00  7.934859e+00  2.581080e+05  5.226569e-01 6  2.804876e-01  2.437882e+01 3   4.1719  2.075983e-01  1.094765e-01  0  1.3370  5.766543e+11  0.000000e+00  0.000000e+00  3.876299e-01  6.098733e+01  2.895371e+01  1  1.3370  1.706597e+10  0.000000e+00  0.000000e+00  2.510361e-01  1.057022e+01  7.938362e-02  2  1.3370  2.790958e+12  2.509344e+01  1.490787e+00  3.348295e-01  7.985037e+01  3.164627e+00  3  1.3370  6.943033e+10  2.509344e+01  1.490787e+00  1.517621e-01  9.610699e+01  4.426712e-02  4  1.3370  4.171930e+00  0.000000e+00  0.000000e+00  3.876508e-02 -6.183001e+01  0.000000e+00 
3  9.901095e-01  1.300069e+00  2.018320e+05  1.861803e+00 6 -1.000000e+00  1.357267e+00 1  12.6637 -4.132574e-01  8.363267e-01 -1 -1.0000 -1.000000e+00 -1.000000e+00 -1.000000e+00 -1.000000e+00 -1.000000e+00 -1.000000e+00 -1 -1.0000 -1.000000e+00 -1.000000e+00 -1.000000e+00 -1.000000e+00 -1.000000e+00 -1.000000e+00  0  0.3570  9.355457e+12  0.000000e+00  0.000000e+00  3.652782e-01 -2.670379e+01  9.536172e+00  1  0.3570  1.933883e+11  0.000000e+00  0.000000e+00  2.584963e-01 -7.335291e+01  4.061164e-01  2  0.3570  1.266372e+01  0.000000e+00  0.000000e+00  2.740153e-01 -6.342813e+01  0.000000e+00 
3  4.238145e+01  5.683096e+01  2.016950e+05  4.829447e-01 6 -1.000000e+00  6.684774e+01 1   2.3804 -2.078011e-01 -5.734468e-02 -1 -1.0000 -1.000000e+00 -1.000000e+00 -1.000000e+00 -1.000000e+00 -1.000000e+00 -1.000000e+00 -1 -1.0000 -1.000000e+00 -1.000000e+00 -1.000000e+00 -1.000000e+00 -1.000000e+00 -1.000000e+00  0  0.5720  1.098768e+12  0.000000e+00  0.000000e+00  3.078588e-01 -1.302917e+02  9.856989e+00  1  0.5720  5.265494e+10  0.000000e+00  0.000000e+00  3.536088e-01 -1.514133e+02  1.554988e-01  2  0.5720  2.380393e+00  0.000000e+00  0.000000e+00  4.086456e-02 -4.060302e+01  0.000000e+00 
3  9.636406e+00  8.939483e+00  1.270750e+05  5.141271e-01 6 -1.000000e+00  1.832761e+01 3   5.6072 -1.390162e-02  2.307697e-01 -1 -1.0000 -1.000000e+00 -1.000000e+00 -1.000000e+00 -1.000000e+00 -1.000000e+00 -1.000000e+00 -1 -1.0000 -1.000000e+00 -1.000000e+00 -1.000000e+00 -1.000000e+00 -1.000000e+00 -1.000000e+00  0  0.6330  7.402053e+11  0.000000e+00  0.000000e+00  1.507015e-01  1.121687e+02  1.287923e+01  1  0.6330  3.717275e+10  0.000000e+00  0.000000e+00  3.279434e-01  1.387856e+02  1.476052e-01  2  0.6330  5.607235e+00  0.000000e+00  0.000000e+00  9.021868e-02 -1.788704e+02  0.000000e+00 
3  7.378991e-01  1.285620e+00  3.903000e+05  4.009291e-01 6  2.981252e-01  1.478323e+00 3   4.7655  1.612624e+00 -1.141382e-01  0  0.7360  6.949499e+11  0.000000e+00  0.000000e+00  1.607743e-01 -2.126299e+01  1.637812e+01  1  0.7360  3.033922e+10  0.000000e+00  0.000000e+00  3.846104e-01  3.687720e+00  2.612318e-01  2  0.7360  1.128377e+13  2.741274e+01  6.303440e-02  1.875095e-01  1.579348e+02  4.108880e+00  3  0.7360  1.136579e+11  2.741274e+01  6.303440e-02  6.047621e-03  1.343895e+02  1.167879e-01  4  0.7360  4.765465e+00  0.000000e+00  0.000000e+00  7.139935e-02 -1.775491e+02  0.000000e+00 
3  4.602231e+01  2.636991e+01  1.805890e+05  6.714828e-01 6  2.905008e-01  9.578940e+01 2   3.9828 -4.005678e-02 -4.097018e-01  0  0.8110  7.407650e+11  0.000000e+00  0.000000e+00  2.356686e-01 -9.111251e+01  1.955699e+01  1  0.8110  2.386793e+10  0.000000e+00  0.000000e+00  4.855978e-01 -8.396839e+01  9.949256e-02  2  0.8110  5.382951e+12 -6.686146e+00 -2.933325e+01  3.474580e-01  1.786496e+02  4.358268e+00  3  0.8110  7.461232e+10 -6.686146e+00 -2.933325e+01  5.516595e-02  1.594524e+02  1.657898e-01  4  0.8110  3.982788e+00  0.000000e+00  0.000000e+00  2.486634e-01  1.657298e+02  0.000000e+00 
3  3.135780e+01  1.374235e+01  4.540000e+04  2.778767e-01 6 -1.000000e+00  3.893303e+01 1   1.6607  2.806305e-01 -8.541188e-02 -1 -1.0000 -1.000000e+00 -1.000000e+00 -1.000000e+00 -1.000000e+00 -1.000000e+00 -1.000000e+00 -1 -1.0000 -1.000000e+00 -1.000000e+00 -1.000000e+00 -1.000000e+00 -1.000000e+00 -1.000000e+00  0  1.0170  1.907077e+12  0.000000e+00  0.000000e+00  3.026473e-01 -9.208255e+01  3.934985e+00  1  1.0170  4.617600e+10  0.000000e+00  0.000000e+00  2.021609e-01 -1.207163e+01  3.296997e-02  2  1.0170  1.660681e+00  0.000000e+00  0.000000e+00  9.206147e-02  1.125571e+02  0.000000e+00 
1  6.893757e+00  1.417205e+01  1.495470e+05  1.658340e-01 0  2.767384e-01  1.417205e+01 2   5.3229  1.898937e-01  8.876490e-02  0  1.3570  1.731462e+11  0.000000e+00  0.000000e+00  2.227896e-01 -3.263605e+01  1.788976e+01  1  1.3570  1.903516e+09  0.000000e+00  0.000000e+00  1.407502e-01 -3.715821e+01  2.970030e-02  2  1.3570  3.610561e+11  6.316107e-01 -3.776708e-01  1.057095e-01 -1.442348e+02  6.952547e+00  3  1.3570  4.723606e+09  6.316107e-01 -3.776708e-01  6.702954e-01 -1.348132e+02  4.611323e-02  4  1.3570  5.322871e+00  0.000000e+00  0.000000e+00  1.317590e-01 -2.710489e+01  0.000000e+00 
3  1.499170e+01  1.002739e+01  3.674030e+05  3.634607e-01 6 -1.000000e+00  2.885656e+01 3   4.4459  1.843134e-01 -6.985316e-02 -1 -1.0000 -1.000000e+00 -1.000000e+00 -1.000000e+00 -1.000000e+00 -1.000000e+00 -1.000000e+00 -1 -1.0000 -1.000000e+00 -1.000000e+00 -1.000000e+00 -1.000000e+00 -1.000000e+00 -1.000000e+00  0  1.4320  1.304705e+12  0.000000e+00  0.000000e+00  2.566065e-01 -1.103929e+02  5.157751e+00  1  1.4320  3.597994e+10  0.000000e+00  0.000000e+00  5.265557e-02 -4.710128e+01  6.225583e-02  2  1.4320  4.445921e+00  0.000000e+00  0.000000e+00  8.536153e-02  8.680810e+01  0.000000e+00 
3  3.422902e+00  4.805605e+00  2.128140e+05  6.232591e-01 6  2.772132e-01  5.949090e+00 3   8.9907 -6.143743e-02 -7.494448e-01  0  1.5950  6.874597e+11  0.000000e+00  0.000000e+00  1.042668e-01  1.229107e+02  1.514949e+01  1  1.5950  2.400680e+10  0.000000e+00  0.000000e+00  2.634931e-01  8.956877e+01  3.151946e-02  2  1.5950  3.983217e+12  1.626153e-01 -4.216106e+00  8.347774e-02  4.441261e+01  4.168040e+00  3  1.5950  9.153585e+10  1.626153e-01 -4.216106e+00  8.020161e-02  3.854284e+01  5.593801e-02  4  1.5950  8.990695e+00  0.000000e+00  0.000000e+00  1.029263e-01  1.518251e+02  0.000000e+00 
2  8.238138e+00  6.764186e+00  2.596000e+04  5.436648e-01 6 -1.000000e+00  1.828146e+01 3   5.6153  6.101102e-02 -2.049718e-01 -1 -1.0000 -1.000000e+00 -1.000000e+00 -1.000000e+00 -1.000000e+00 -1.000000e+00 -1.000000e+00 -1 -1.0000 -1.000000e+00 -1.000000e+00 -1.000000e+00 -1.000000e+00 -1.000000e+00 -1.000000e+00  0  1.8210  3.573716e+12  0.000000e+00  0.000000e+00  3.902419e-01  3.567540e+01  3.817458e+00  1  1.8210  7.680411e+10  0.000000e+00  0.000000e+00  2.481472e-01  3.689771e+01  1.971434e-02  2  1.8210  5.615279e+00  0.000000e+00  0.000000e+00  3.727286e-02  1.988461e+00  0.000000e+00 
1  2.569885e+01  4.977618e+01  2.274760e+05  1.187043e+00 0  3.033038e-01  4.977618e+01 2   2.3761 -3.925131e+00 -8.345668e-01  0  0.2920  4.715935e+12  0.000000e+00  0.000000e+00  4.010642e-01 -1.652037e+02  1.443859e+01  1  0.2920  8.039232e+10  0.000000e+00  0.000000e+00  3.535104e-01 -1.495215e+02  3.554292e-01  2  0.2920  7.709098e+13 -5.564295e+01 -4.605679e+00  4.646977e-01  9.735531e+01  4.477633e+00  3  0.2920  4.087948e+11 -5.564295e+01 -4.605679e+00  4.503569e-01  1.266792e+02  8.348007e-01  4  0.2920  2.376105e+00  0.000000e+00  0.000000e+00  1.485883e-02 -1.446362e+02  0.000000e+00 
5  6.881803e+00  1.034005e+01  1.491000e+03  6.538825e-01 6 -1.000000e+00  1.332164e+01 3   6.8943  1.718605e-01  3.139341e-01 -1 -1.0000 -1.000000e+00 -1.000000e+00 -1.000000e+00 -1.000000e+00 -1.000000e+00 -1.000000e+00 -1 -1.0000 -1.000000e+00 -1.000000e+00 -1.000000e+00 -1.000000e+00 -1.000000e+00 -1.000000e+00  0  0.3280  1.298436e+12  0.000000e+00  0.000000e+00  5.963907e-02 -5.153241e+01  7.721219e+00  1  0.3280  5.922912e+10  0.000000e+00  0.000000e+00  3.400543e-01 -1.591697e+01  1.447676e-01  2  0.3280  6.894260e+00  0.000000e+00  0.000000e+00  2.568773e-01 -2.332215e+01  0.000000e+00 
3  1.116788e+01  3.504647e+01  1.818910e+05  1.552941e-01 6  2.997504e-01  4.045010e+01 3   7.5051 -1.097683e-01  1.095788e-01  0  0.3450  8.805058e+10  0.000000e+00  0.000000e+00  2.900036e-01  1.734736e+02  5.158860e+01  1  0.3450  8.256920e+08  0.000000e+00  0.000000e+00  5.417660e-01  1.470562e+02  3.804718e-01  2  0.3450  5.073966e+11 -1.458710e+01  1.583679e+01  4.065366e-01  5.033722e+01  9.372907e+00  3  0.3450  1.286758e+10 -1.458710e+01  1.583679e+01  1.425311e-01  6.738519e+01  1.253617e-01  4  0.3450  7.505117e+00  0.000000e+00  0.000000e+00  1.048486e-01  4.485733e+01  0.000000e+00 
3  9.246721e+00  7.192711e+00  2.623690e+05  9.798100e-01 6 -1.000000e+00  1.617188e+01 3   5.7713 -1.382986e-01 -4.481863e-01 -1 -1.0000 -1.000000e+00 -1.000000e+00 -1.000000e+00 -1.000000e+00 -1.000000e+00 -1.000000e+00 -1 -1.0000 -1.000000e+00 -1.000000e+00 -1.000000e+00 -1.000000e+00 -1.000000e+00 -1.000000e+00  0  0.5930  8.146236e+12  0.000000e+00  0.000000e+00  1.849423e-01 -6.426408e+01  5.172714e+00  1  0.5930  1.067950e+11  0.000000e+00  0.000000e+00  2.082135e-01 -3.921299e+01  1.456533e-01  2  0.5930  5.771252e+00  0.000000e+00  0.000000e+00  8.014079e-02  1.428295e+02  0.000000e+00 
3  1.564560e+01  2.229850e+01  1.866470e+05  1.214175e+00 6 -1.000000e+00  2.301536e+01 1   3.0568 -6.294649e-01  1.090191e-01 -1 -1.0000 -1.000000e+00 -1.000000e+00 -1.000000e+00 -1.000000e+00 -1.000000e+00 -1.000000e+00 -1 -1.0000 -1.000000e+00 -1.000000e+00 -1.000000e+00 -1.000000e+00 -1.000000e+00 -1.000000e+00  0  0.6010  1.144230e+13  0.000000e+00  0.000000e+00  1.538261e-01 -8.842500e+00  5.928042e+00  1  0.6010  2.125294e+11  0.000000e+00  0.000000e+00  3.180074e-01  5.367167e+00  9.168101e-02  2  0.6010  3.056836e+00  0.000000e+00  0.000000e+00  8.062921e-02  1.785931e+02  0.000000e+00 
3  1.297230e+01  8.632121e+00  4.993000e+04  3.973193e-01 6 -1.000000e+00  1.613254e+01 1   4.4476  3.666926e-01  1.467546e-01 -1 -1.0000 -1.000000e+00 -1.000000e+00 -1.000000e+00 -1.000000e+00 -1.000000e+00 -1.000000e+00 -1 -1.0000 -1.000000e+00 -1.000000e+00 -1.000000e+00 -1.000000e+00 -1.000000e+00 -1.000000e+00  0  0.6260  9.246779e+11  0.000000e+00  0.000000e+00  3.563024e-01 -1.255813e+02  6.850986e+00  1  0.6260  3.936723e+10  0.000000e+00  0.000000e+00  3.516519e-01 -1.720540e+02  1.100998e-01  2  0.6260  4.447558e+00  0.000000e+00  0.000000e+00  5.515667e-02  4.546504e+01  0.000000e+00 
2  4.344073e+00  4.361898e+00  8.210000e+02  1.163822e+00 6 -1.000000e+00  1.242222e+01 3   8.2571  3.154873e-01  1.417875e-01 -1 -1.0000 -1.000000e+00 -1.000000e+00 -1.000000e+00 -1.000000e+00 -1.000000e+00 -1.000000e+00 -1 -1.0000 -1.000000e+00 -1.000000e+00 -1.000000e+00 -1.000000e+00 -1.000000e+00 -1.000000e+00  0  1.2320  6.519957e+12  0.000000e+00  0.000000e+00  4.381638e-01 -6.508671e+01  8.067030e+00  1  1.2320  4.965055e+10  0.000000e+00  0.000000e+00  8.801724e-02 -1.752556e+02  3.458554e-02  2  1.2320  8.257119e+00  0.000000e+00  0.000000e+00  1.030645e-01 -1.440076e+02  0.000000e+00 
3  8.784041e+00  1.086115e+01  1.709160e+05  3.737030e-01 6 -1.000000e+00  1.396035e+01 1   7.0579 -1.082950e-01 -1.463151e-01 -1 -1.0000 -1.000000e+00 -1.000000e+00 -1.000000e+00 -1.000000e+00 -1.000000e+00 -1.000000e+00 -1 -1.0000 -1.000000e+00 -1.000000e+00 -1.000000e+00 -1.000000e+00 -1.000000e+00 -1.000000e+00  0  2.2930  2.178593e+12  0.000000e+00  0.000000e+00  3.602745e-01  3.818275e+01  4.241405e+00  1  2.2930  5.131351e+10  0.000000e+00  0.000000e+00  3.258685e-01  1.593173e+00  5.017134e-02  2  2.2930  7.057899e+00  0.000000e+00  0.000000e+00  1.154752e-01  1.035283e+02  0.000000e+00 
2  1.209799e+01  6.636271e+00  3.882310e+05  2.018328e-01 6 -1.000000e+00  1.496228e+01 1   5.8765 -1.568456e-01 -8.198891e-02 -1 -1.0000 -1.000000e+00 -1.000000e+00 -1.000000e+00 -1.000000e+00 -1.000000e+00 -1.000000e+00 -1 -1.0000 -1.000000e+00 -1.000000e+00 -1.000000e+00 -1.000000e+00 -1.000000e+00 -1.000000e+00  0  2.5520  1.268943e+12  0.000000e+00  0.000000e+00  3.191409e-01 -1.496617e+02  1.932457e+00  1  2.5520  2.096900e+10  0.000000e+00  0.000000e+00  3.398143e-01 -1.423190e+02  1.389307e-02  2  2.5520  5.876464e+00  0.000000e+00  0.000000e+00  1.703507e-01 -2.078428e+01  0.000000e+00 
3  4.587329e+00  3.556943e+00  1.411210e+05  6.909679e-01 6 -1.000000e+00  5.440706e+00 1   8.5775 -4.913451e-01  3.008311e-01 -1 -1.0000 -1.000000e+00 -1.000000e+00 -1.000000e+00 -1.000000e+00 -1.000000e+00 -1.000000e+00 -1 -1.0000 -1.000000e+00 -1.000000e+00 -1.000000e+00 -1.000000e+00 -1.000000e+00 -1.000000e+00  0  0.2810  2.239998e+12  0.000000e+00  0.000000e+00  2.249141e-01  5.129132e-01  5.065787e+00  1  0.2810  5.675927e+10  0.000000e+00  0.000000e+00  1.357989e-01 -2.130475e+01  2.229400e-01  2  0.2810  8.577463e+00  0.000000e+00  0.000000e+00  1.379924e-01  1.524343e+02  0.000000e+00 
3  1.591705e+01  8.650288e+00  3.036730e+05  9.448578e-01 6 -1.000000e+00  2.417622e+01 1   4.2419 -5.057102e-01  5.793679e-01 -1 -1.0000 -1.000000e+00 -1.000000e+00 -1.000000e+00 -1.000000e+00 -1.000000e+00 -1.000000e+00 -1 -1.0000 -1.000000e+00 -1.000000e+00 -1.000000e+00 -1.000000e+00 -1.000000e+00 -1.000000e+00  0  0.4090  3.496771e+12  0.000000e+00  0.000000e+00  2.670587e-03  1.120927e+02  1.046995e+01  1  0.4090  7.092765e+10  0.000000e+00  0.000000e+00  1.787939e-01  1.267444e+02  2.164962e-01  2  0.4090  4.241855e+00  0.000000e+00  0.000000e+00  2.232060e-02  7.128131e+01  0.000000e+00 
3  7.520143e+00  6.484325e+00  3.969920e+05  8.754194e-01 6  2.903200e-01  1.423984e+01 3   6.4350 -8.392162e-02  1.231996e-01  0  0.6450  6.957410e+11  0.000000e+00  0.000000e+00  1.278119e-01 -1.128498e+02  3.247825e+01  1  0.6450  3.625192e+10  0.000000e+00  0.000000e+00  3.894907e-01 -1.838013e+02  2.147602e-01  2  0.6450  3.859353e+12 -1.105455e+00  2.670705e+00  2.428962e-01 -1.715306e+02  2.723310e+00  3  0.6450  7.311921e+10 -1.105455e+00  2.670705e+00  1.093949e-01 -1.299997e+02  1.060335e-01  4  0.6450  6.434993e+00  0.000000e+00  0.000000e+00  1.470808e-01 -4.601211e+00  0.000000e+00 
3  1.298797e+01  1.077409e+01  1.461960e+05  7.889506e-01 6  2.890644e-01  2.703898e+01 3   3.0767  6.012009e-02 -1.763398e+00  0  0.9080  1.844489e+12  0.000000e+00  0.000000e+00  3.572284e-01  2.561579e+01  1.393292e+01  1  0.9080  4.829939e+10  0.000000e+00  0.000000e+00  1.566585e-01 -3.329845e+01  8.328328e-02  2  0.9080  2.408954e+13 -1.757692e-01 -5.203940e+00  2.979448e-01 -6.087529e+01  2.797514e+00  3  0.9080  1.448356e+11 -1.757692e-01 -5.203940e+00  3.883780e-01 -8.604233e+01  1.529731e-01  4  0.9080  3.076715e+00  0.000000e+00  0.000000e+00  3.338196e-02 -9.425639e+01  0.000000e+00 
3  1.898793e+01  1.414307e+01  5.986700e+04  5.156329e-01 6 -1.000000e+00  2.978605e+01 1   2.7626 -1.371458e-01 -2.488170e-01 -1 -1.0000 -1.000000e+00 -1.000000e+00 -1.000000e+00 -1.000000e+00 -1.000000e+00 -1.000000e+00 -1 -1.0000 -1.000000e+00 -1.000000e+00 -1.000000e+00 -1.000000e+00 -1.000000e+00 -1.000000e+00  0  1.0860  3.020565e+12  0.000000e+00  0.000000e+00  1.518581e-01  1.172939e+02  3.686874e+00  1  1.0860  1.052050e+11  0.000000e+00  0.000000e+00  2.137563e-01  1.647352e+02  1.056000e-01  2  1.0860  2.762631e+00  0.000000e+00  0.000000e+00  8.469015e-02 -6.270996e+01  0.000000e+00 
1  5.089003e+00  1.210225e+01  3.007490e+05  4.428265e-02 0 -1.000000e+00  1.210225e+01 2   2.6750 -1.279056e-02 -2.211524e-02 -1 -1.0000 -1.000000e+00 -1.000000e+00 -1.000000e+00 -1.000000e+00 -1.000000e+00 -1.000000e+00 -1 -1.0000 -1.000000e+00 -1.000000e+00 -1.000000e+00 -1.000000e+00 -1.000000e+00 -1.000000e+00  0  1.3900  3.814014e+11  0.000000e+00  0.000000e+00  4.164429e-01 -2.389190e+01  7.744503e+00  1  1.3900  3.672815e+09  0.000000e+00  0.000000e+00  4.681576e-01  2.641573e+01  8.155116e-02  2  1.3900  2.675021e+00  0.000000e+00  0.000000e+00  6.203398e-02 -4.940995e+01  0.000000e+00 
1  5.444273e+00  9.538154e+00  4.023060e+05  1.360929e-01 0  2.852034e-01  9.538154e+00 2   7.8693  1.045353e-01  5.911957e-01  0  1.5250  2.456973e+11  0.000000e+00  0.000000e+00  4.112946e-02 -2.236574e+01  1.164977e+01  1  1.5250  2.975907e+09  0.000000e+00  0.000000e+00  2.346126e-01  9.876797e+00  7.913628e-02  2  1.5250  4.127794e+12 -1.902880e-01  3.121536e+00  5.000879e-01  8.405571e+01  2.788118e+00  3  1.5250  7.719355e+10 -1.902880e-01  3.121536e+00  4.563228e-01  1.328655e+02  5.503392e-02  4  1.5250  7.869331e+00  0.000000e+00  0.000000e+00  4.940875e-02  4.170534e+01  0.000000e+00 
2  1.281182e+01  1.724228e+01  3.929820e+05  6.320311e-01 6 -1.000000e+00  2.025205e+01 1   5.0383 -5.252380e-02  2.277700e-01 -1 -1.0000 -1.000000e+00 -1.000000e+00 -1.000000e+00 -1.000000e+00 -1.000000e+00 -1.000000e+00 -1 -1.0000 -1.000000e+00 -1.000000e+00 -1.000000e+00 -1.000000e+00 -1.000000e+00 -1.000000e+00  0  1.5740  2.478670e+12  0.000000e+00  0.000000e+00  3.655693e-01  1.154180e+02  7.057618e+00  1  1.5740  5.342746e+10  0.000000e+00  0.000000e+00  1.530327e-01  1.008634e+02  2.142588e-02  2  1.5740  5.038300e+00  0.000000e+00  0.000000e+00  9.243868e-02  5.022732e+01  0.000000e+00 
3  7.566974e+00  9.116778e+00  5.123700e+04  2.447941e-01 6 -1.000000e+00  1.420871e+01 3   7.4532  3.371036e-02 -7.346906e-02 -1 -1.0000 -1.000000e+00 -1.000000e+00 -1.000000e+00 -1.000000e+00 -1.000000e+00 -1.000000e+00 -1 -1.0000 -1.000000e+00 -1.000000e+00 -1.000000e+00 -1.000000e+00 -1.000000e+00 -1.000000e+00  0  1.6890  8.762295e+11  0.000000e+00  0.000000e+00  1.820126e-01  1.659853e+02  3.353418e+00  1  1.6890  2.021155e+10  0.000000e+00  0.000000e+00  2.762490e-01  1.747326e+02  1.561754e-02  2  1.6890  7.453224e+00  0.000000e+00  0.000000e+00  6.921505e-02  6.742490e+01  0.000000e+00 
5  1.271063e+01  1.487843e+01  3.919670e+05  2.089686e+00 6  2.636542e-01  1.964685e+01 1   5.8169  4.899718e+00 -1.885697e-01  0  1.8500  1.656084e+13  0.000000e+00  0.000000e+00  4.519872e-01 -9.672189e+01  8.164729e+00  1  1.8500  5.670028e+10  0.000000e+00  0.000000e+00  4.350126e-01 -1.482590e+02  5.386740e-02  2  1.8500  9.139290e+13  2.830485e+01 -1.022144e+01  5.905757e-01 -1.330092e+02  6.104140e+00  3  1.8500  1.158554e+11  2.830485e+01 -1.022144e+01  2.293334e-01 -1.516783e+02  8.726716e-02  4  1.8500  5.816948e+00  0.000000e+00  0.000000e+00  1.837435e-01 -1.157408e+02  0.000000e+00 
3  6.365761e+00  4.509121e+00  3.291900e+05  6.391670e-01 6  3.047753e-01  1.257099e+01 3   6.1379  1.296763e+00  1.544341e+00  0  0.3130  5.839144e+11  0.000000e+00  0.000000e+00  2.358613e-01 -2.597790e+01  2.908245e+01  1  0.3130  2.711678e+10  0.000000e+00  0.000000e+00  4.318507e-01  3.483583e+00  1.810622e-01  2  0.3130  6.696854e+12  1.479310e+01  1.232376e+01  2.474749e-01 -1.040677e+02  1.537981e+01  3  0.3130  1.219715e+11  1.479310e+01  1.232376e+01  3.087490e-01 -4.853679e+01  3.131901e-01  4  0.3130  6.137890e+00  0.000000e+00  0.000000e+00  5.256737e-02  1.680265e+02  0.000000e+00 
3  4.421039e+00  5.009119e+00  3.884940e+05  8.533635e-01 6 -1.000000e+00  5.350011e+00 1  10.1685 -2.516828e-02 -4.649249e-01 -1 -1.0000 -1.000000e+00 -1.000000e+00 -1.000000e+00 -1.000000e+00 -1.000000e+00 -1.000000e+00 -1 -1.0000 -1.000000e+00 -1.000000e+00 -1.000000e+00 -1.000000e+00 -1.000000e+00 -1.000000e+00  0  0.3740  1.889864e+12  0.000000e+00  0.000000e+00  5.733107e-02 -6.848057e+01  5.212997e+00  1  0.3740  6.169043e+10  0.000000e+00  0.000000e+00  3.715975e-01 -8.917865e+01  2.275627e-01  2  0.3740  1.016852e+01  0.000000e+00  0.000000e+00  1.448980e-01 -9.697443e+01  0.000000e+00 
3  1.165152e+01  9.762380e+00  3.714560e+05  1.055213e+00 6 -1.000000e+00  1.853729e+01 1   4.1573  5.458560e-01 -2.144847e-01 -1 -1.0000 -1.000000e+00 -1.000000e+00 -1.000000e+00 -1.000000e+00 -1.000000e+00 -1.000000e+00 -1 -1.0000 -1.000000e+00 -1.000000e+00 -1.000000e+00 -1.000000e+00 -1.000000e+00 -1.000000e+00  0  0.7640  5.034359e+12  0.000000e+00  0.000000e+00  1.294845e-01 -4.980354e+01  7.759459e+00  1  0.7640  1.261146e+11  0.000000e+00  0.000000e+00  7.850706e-02 -1.672376e+01  9.850198e-02  2  0.7640  4.157279e+00  0.000000e+00  0.000000e+00  4.441781e-02  1.087213e+02  0.000000e+00 
3  9.209194e+00  6.425783e+00  1.254050e+05  5.759499e-01 6 -1.000000e+00  1.159193e+01 1   7.5987 -4.278820e-01 -1.694486e-01 -1 -1.0000 -1.000000e+00 -1.000000e+00 -1.000000e+00 -1.000000e+00 -1.000000e+00 -1.000000e+00 -1 -1.0000 -1.000000e+00 -1.000000e+00 -1.000000e+00 -1.000000e+00 -1.000000e+00 -1.000000e+00  0  1.2750  1.714512e+12  0.000000e+00  0.000000e+00  1.880351e-01  5.001410e+01  5.116356e+00  1  1.2750  6.523713e+10  0.000000e+00  0.000000e+00  3.597703e-01  1.358277e+02  4.125984e-02  2  1.2750  7.598709e+00  0.000000e+00  0.000000e+00  1.530333e-01  1.390450e+01  0.000000e+00 
2  1.926413e+00  2.012590e+00  1.504370e+05  7.506920e-01 6  2.713803e-01  3.776573e+00 3  15.7086 -6.763911e-01 -5.769730e-01  0  2.1830  1.070495e+12  0.000000e+00  0.000000e+00  2.490191e-01  5.166134e+01  1.394385e+01  1  2.1830  3.064666e+10  0.000000e+00  0.000000e+00  5.340644e-01  5.804082e+01  1.952399e-02  2  2.1830  2.942622e+12 -5.704551e+00 -7.484896e+00  2.846991e-01 -6.107066e+01  4.359574e+00  3  2.1830  7.774620e+10 -5.704551e+00 -7.484896e+00  1.321674e-01 -6.028863e+01  2.304919e-02  4  2.1830  1.570860e+01  0.000000e+00  0.000000e+00  1.162618e-01 -6.698211e+01  0.000000e+00 
2  1.028156e+00  1.110515e+00  2.973500e+05  4.797475e-01 6 -1.000000e+00  1.745169e+00 1  21.2361 -5.276883e-02 -8.294770e-02 -1 -1.0000 -1.000000e+00 -1.000000e+00 -1.000000e+00 -1.000000e+00 -1.000000e+00 -1.000000e+00 -1 -1.0000 -1.000000e+00 -1.000000e+00 -1.000000e+00 -1.000000e+00 -1.000000e+00 -1.000000e+00  0  2.8780  1.566498e+12  0.000000e+00  0.000000e+00  1.554354e-01  3.774991e+01  2.808994e+00  1  2.8780  3.351677e+10  0.000000e+00  0.000000e+00  4.392007e-01  1.099843e+02  2.714565e-02  2  2.8780  2.123609e+01  0.000000e+00  0.000000e+00  1.488723e-01  1.103671e+02  0.000000e+00 
3  3.125585e+01  1.276829e+01  2.824310e+05  6.598008e-01 6 -1.000000e+00  3.865474e+01 1   2.5134 -7.743155e-01 -2.527848e-01 -1 -1.0000 -1.000000e+00 -1.000000e+00 -1.000000e+00 -1.000000e+00 -1.000000e+00 -1.000000e+00 -1 -1.0000 -1.000000e+00 -1.000000e+00 -1.000000e+00 -1.000000e+00 -1.000000e+00 -1.000000e+00  0  0.4030  1.384802e+12  0.000000e+00  0.000000e+00  5.545944e-02 -6.028414e+01  8.209369e+00  1  0.4030  6.914338e+10  0.000000e+00  0.000000e+00  2.376423e-01 -1.760529e+02  1.354257e-01  2  0.4030  2.513384e+00  0.000000e+00  0.000000e+00  2.485055e-02  3.989120e+01  0.000000e+00 
3  9.472053e+00  1.714030e+01  1.656370e+05  3.728633e-01 6 -1.000000e+00  1.914069e+01 3   8.6963  1.064919e-01 -2.142326e-02 -1 -1.0000 -1.000000e+00 -1.000000e+00 -1.000000e+00 -1.000000e+00 -1.000000e+00 -1.000000e+00 -1 -1.0000 -1.000000e+00 -1.000000e+00 -1.000000e+00 -1.000000e+00 -1.000000e+00 -1.000000e+00  0  1.0140  7.143287e+11  0.000000e+00  0.000000e+00  1.746644e-01  1.220331e+02  7.962785e+00  1  1.0140  3.304429e+10  0.000000e+00  0.000000e+00  3.664979e-01  1.500518e+02  1.136195e-01  2  1.0140  8.696335e+00  0.000000e+00  0.000000e+00  8.433854e-02 -1.511304e+02  0.000000e+00 
3  2.381811e+01  1.475662e+01  3.844950e+05  1.506223e+00 6 -1.000000e+00  3.231599e+01 1   6.3907  7.444381e-01 -8.250745e-01 -1 -1.0000 -1.000000e+00 -1.000000e+00 -1.000000e+00 -1.000000e+00 -1.000000e+00 -1.000000e+00 -1 -1.0000 -1.000000e+00 -1.000000e+00 -1.000000e+00 -1.000000e+00 -1.000000e+00 -1.000000e+00  0  1.0220  1.518393e+13  0.000000e+00  0.000000e+00  4.396087e-01  1.090717e+02  6.309411e+00  1  1.0220  1.258034e+11  0.000000e+00  0.000000e+00  5.234150e-01  1.487348e+02  1.120591e-01  2  1.0220  6.390693e+00  0.000000e+00  0.000000e+00  9.860193e-02  1.242824e+02  0.000000e+00 
3  1.885696e-01  2.765645e-01  2.119530e+05  1.408272e+00 6  2.765399e-01  3.339533e-01 3  13.4684 -1.720636e+00 -2.385343e-01  0  1.1420  4.066079e+12  0.000000e+00  0.000000e+00  1.347580e-01  1.247846e+02  1.044312e+01  1  1.1420  6.835697e+10  0.000000e+00  0.000000e+00  4.257622e-01  1.308550e+02  1.837496e-01  2  1.1420  1.378183e+13 -7.540926e+00  2.453848e+00  2.621414e-01  3.690067e+01  5.183380e+00  3  1.1420  1.134744e+11 -7.540926e+00  2.453848e+00  2.197277e-01 -3.100358e+00  6.206969e-02  4  1.1420  1.346840e+01  0.000000e+00  0.000000e+00  2.124538e-01  1.109767e+02  0.000000e+00 
1  1.500256e+01  3.487605e+01  3.816640e+05  9.487184e-02 0  2.913638e-01  3.487605e+01 2   3.1096  2.145729e-01  1.399925e-01  0  1.2180  9.869550e+10  0.000000e+00  0.000000e+00  1.304101e-01 -7.144883e+01  2.679312e+01  1  1.2180  6.976904e+08  0.000000e+00  0.000000e+00  2.699592e-01 -9.292057e+01  5.410109e-02  2  1.2180  1.168627e+12  1.305944e+01  5.967423e+00  2.169091e-01  4.964112e+01  3.121141e+00  3  1.2180  3.958087e+10  1.305944e+01  5.967423e+00  1.122704e-01  6.263814e+01  6.513487e-02  4  1.2180  3.109573e+00  0.000000e+00  0.000000e+00  8.700419e-02  2.762058e+01  0.000000e+00 
3  1.521449e+01  1.046253e+01  3.374780e+05  1.236698e-01 6 -1.000000e+00  2.203015e+01 1   2.7579 -9.295067e-02  4.840811e-02 -1 -1.0000 -1.000000e+00 -1.000000e+00 -1.000000e+00 -1.000000e+00 -1.000000e+00 -1.000000e+00 -1 -1.0000 -1.000000e+00 -1.000000e+00 -1.000000e+00 -1.000000e+00 -1.000000e+00 -1.000000e+00  0  1.2630  5.417287e+11  0.000000e+00  0.000000e+00  2.750970e-01 -1.580894e+02  5.685554e+00  1  1.2630  9.659040e+09  0.000000e+00  0.000000e+00  4.353296e-01 -1.851682e+02  2.281070e-02  2  1.2630  2.757925e+00  0.000000e+00  0.000000e+00  4.080496e-02  6.236382e+01  0.000000e+00 
3  7.170775e+00  2.688469e+00  3.885200e+04  7.746427e-01 6 -1.000000e+00  1.310118e+01 2   8.2751 -1.336522e-01 -6.459144e-01 -1 -1.0000 -1.000000e+00 -1.000000e+00 -1.000000e+00 -1.000000e+00 -1.000000e+00 -1.000000e+00 -1 -1.0000 -1.000000e+00 -1.000000e+00 -1.000000e+00 -1.000000e+00 -1.000000e+00 -1.000000e+00  0  1.4140  3.052002e+12  0.000000e+00  0.000000e+00  2.539697e-01  1.366777e+02  6.294495e+00  1  1.4140  6.949685e+10  0.000000e+00  0.000000e+00  2.261934e-01  6.613885e+01  5.789715e-02  2  1.4140  8.275146e+00  0.000000e+00  0.000000e+00  1.106227e-01 -2.807237e+00  0.000000e+00 
2  5.387683e+00  2.708909e+00  2.612490e+05  4.970172e-01 6 -1.000000e+00  6.912062e+00 1   8.0967 -1.520418e-01 -4.607162e-01 -1 -1.0000 -1.000000e+00 -1.000000e+00 -1.000000e+00 -1.000000e+00 -1.000000e+00 -1.000000e+00 -1 -1.0000 -1.000000e+00 -1.000000e+00 -1.000000e+00 -1.000000e+00 -1.000000e+00 -1.000000e+00  0  1.4670  1.612495e+12  0.000000e+00  0.000000e+00  2.799797e-01  3.686803e+01  4.844699e+00  1  1.4670  4.893633e+10  0.000000e+00  0.000000e+00  3.823682e-01  4.682119e+01  2.357303e-02  2  1.4670  8.096703e+00  0.000000e+00  0.000000e+00  1.168300e-01 -8.351250e+01  0.000000e+00 
3  1.876328e+01  2.018307e+01  3.419900e+05  5.475935e-01 6 -1.000000e+00  4.271520e+01 3   3.6489  1.223901e-01  3.163413e-03 -1 -1.0000 -1.000000e+00 -1.000000e+00 -1.000000e+00 -1.000000e+00 -1.000000e+00 -1.000000e+00 -1 -1.0000 -1.000000e+00 -1.000000e+00 -1.000000e+00 -1.000000e+00 -1.000000e+00 -1.000000e+00  0  1.5950  2.285669e+12  0.000000e+00  0.000000e+00  3.140202e-01  7.645216e+01  5.477204e+00  1  1.5950  6.495479e+10  0.000000e+00  0.000000e+00  2.870851e-01  7.756259e+01  3.475445e-02  2  1.5950  3.648949e+00  0.000000e+00  0.000000e+00  8.754522e-02  1.346085e+02  0.000000e+00 
3  8.742533e+00  5.358229e+00  2.766950e+05  1.745820e-01 6 -1.000000e+00  1.616055e+01 3   7.1492 -8.005629e-02  1.087115e-01 -1 -1.0000 -1.000000e+00 -1.000000e+00 -1.000000e+00 -1.000000e+00 -1.000000e+00 -1.000000e+00 -1 -1.0000 -1.000000e+00 -1.000000e+00 -1.000000e+00 -1.000000e+00 -1.000000e+00 -1.000000e+00  0  1.7330  1.036516e+12  0.000000e+00  0.000000e+00  2.915778e-01 -1.394830e+01  2.821905e+00  1  1.7330  2.035074e+10  0.000000e+00  0.000000e+00  5.200611e-01  1.970713e+01  7.260450e-02  2  1.7330  7.149197e+00  0.000000e+00  0.000000e+00  7.774345e-02 -1.110117e+02  0.000000e+00 
3  1.538662e+01  8.930075e+00  7.679500e+04  1.618405e-01 6 -1.000000e+00  2.766382e+01 3   6.5292 -1.522175e-01 -2.476062e-02 -1 -1.0000 -1.000000e+00 -1.000000e+00 -1.000000e+00 -1.000000e+00 -1.000000e+00 -1.000000e+00 -1 -1.0000 -1.000000e+00 -1.000000e+00 -1.000000e+00 -1.000000e+00 -1.000000e+00 -1.000000e+00  0  1.7810  8.282777e+11  0.000000e+00  0.000000e+00  4.911450e-01  1.200533e+02  2.779354e+00  1  1.7810  1.627736e+10  0.000000e+00  0.000000e+00  4.028353e-01  1.971080e+02  6.798567e-02  2  1.7810  6.529154e+00  0.000000e+00  0.000000e+00  1.282491e-01 -9.079684e+01  0.000000e+00 
3  3.058486e+01  4.420867e+01  2.326600e+04  2.690635e-01 6 -1.000000e+00  4.447046e+01 1   2.6233 -5.709737e-02  1.035985e-01 -1 -1.0000 -1.000000e+00 -1.000000e+00 -1.000000e+00 -1.000000e+00 -1.000000e+00 -1.000000e+00 -1 -1.0000 -1.000000e+00 -1.000000e+00 -1.000000e+00 -1.000000e+00 -1.000000e+00 -1.000000e+00  0  1.8080  7.371245e+12  0.000000e+00  0.000000e+00  2.713102e-01 -7.634352e+01  3.552106e+00  1  1.8080  5.900453e+10  0.000000e+00  0.000000e+00  3.382048e-01 -3.783204e+01  4.521113e-02  2  1.8080  2.623260e+00  0.000000e+00  0.000000e+00  4.529420e-02  9.548096e+01  0.000000e+00 
3  4.608693e+00  1.997470e+00  2.661200e+04  1.071184e-01 6 -1.000000e+00  5.944185e+00 1   9.9869  6.242424e-02  1.034904e-01 -1 -1.0000 -1.000000e+00 -1.000000e+00 -1.000000e+00 -1.000000e+00 -1.000000e+00 -1.000000e+00 -1 -1.0000 -1.000000e+00 -1.000000e+00 -1.000000e+00 -1.000000e+00 -1.000000e+00 -1.000000e+00  0  2.8030  5.091039e+11  0.000000e+00  0.000000e+00  2.367299e-01  7.003729e+01  2.529197e+00  1  2.8030  5.196982e+09  0.000000e+00  0.000000e+00  1.773982e-01  2.481673e+01  3.047937e-02  2  2.8030  9.986871e+00  0.000000e+00  0.000000e+00  9.654609e-02  9.763278e+01  0.000000e+00 
3  3.077400e+00  5.061493e+00  1.977000e+05  1.323028e+00 6 -1.000000e+00  5.377408e+00 3   7.5332  2.850415e-01 -3.746314e-02 -1 -1.0000 -1.000000e+00 -1.000000e+00 -1.000000e+00 -1.000000e+00 -1.000000e+00 -1.000000e+00 -1 -1.0000 -1.000000e+00 -1.000000e+00 -1.000000e+00 -1.000000e+00 -1.000000e+00 -1.000000e+00  0  0.2400  5.629765e+12  0.000000e+00  0.000000e+00  2.264129e-01 -2.145977e+01  1.137473e+01  1  0.2400  1.270198e+11  0.000000e+00  0.000000e+00  2.193786e-01  3.020209e+01  4.662926e-01  2  0.2400  7.533201e+00  0.000000e+00  0.000000e+00  1.061852e-01 -3.699582e+01  0.000000e+00 
3  4.615024e+00  2.248379e+00  3.552310e+05  1.276284e+00 6 -1.000000e+00  1.524465e+01 2   8.8901 -7.802862e-01  1.342807e-01 -1 -1.0000 -1.000000e+00 -1.000000e+00 -1.000000e+00 -1.000000e+00 -1.000000e+00 -1.000000e+00 -1 -1.0000 -1.000000e+00 -1.000000e+00 -1.000000e+00 -1.000000e+00 -1.000000e+00 -1.000000e+00  0  0.5820  1.292639e+13  0.000000e+00  0.000000e+00  3.244152e-01  7.070784e+01  4.936637e+00  1  0.5820  1.220122e+11  0.000000e+00  0.000000e+00  8.020508e-02  8.644745e+01  1.316775e-01  2  0.5820  8.890058e+00  0.000000e+00  0.000000e+00  1.154651e-01  8.507038e+01  0.000000e+00 
1  7.663134e+00  1.444024e+01  9.527000e+03  2.630024e+00 0 -1.000000e+00  1.444024e+01 2   8.3482  4.800728e+00 -3.534929e+00 -1 -1.0000 -1.000000e+00 -1.000000e+00 -1.000000e+00 -1.000000e+00 -1.000000e+00 -1.000000e+00 -1 -1.0000 -1.000000e+00 -1.000000e+00 -1.000000e+00 -1.000000e+00 -1.000000e+00 -1.000000e+00  0  0.6520  3.840674e+13  0.000000e+00  0.000000e+00  8.623051e-02  8.547355e+01  6.117196e+00  1  0.6520  1.922310e+11  0.000000e+00  0.000000e+00  1.909308e-01  7.247220e+01  3.211275e-01  2  0.6520  8.348174e+00  0.000000e+00  0.000000e+00  2.736372e-01 -1.260374e+02  0.000000e+00 
3  4.914197e+00  7.212751e+00  9.679100e+04  5.148988e-01 6 -1.000000e+00  7.985968e+00 1   4.4456 -1.602470e-01  1.684248e-01 -1 -1.0000 -1.000000e+00 -1.000000e+00 -1.000000e+00 -1.000000e+00 -1.000000e+00 -1.000000e+00 -1 -1.0000 -1.000000e+00 -1.000000e+00 -1.000000e+00 -1.000000e+00 -1.000000e+00 -1.000000e+00  0  0.6570  2.064586e+12  0.000000e+00  0.000000e+00  1.418566e-01  6.394999e+00  6.194164e+00  1  0.6570  6.947254e+10  0.000000e+00  0.000000e+00  4.362855e-01 -2.809526e+01  1.948107e-01  2  0.6570  4.445578e+00  0.000000e+00  0.000000e+00  7.731772e-02 -4.703719e+01  0.000000e+00 
1  3.174911e+00  6.220784e+00  3.747360e+05  1.269571e-01 0 -1.000000e+00  6.220784e+00 2  10.9184  9.955945e-03 -9.924472e-02 -1 -1.0000 -1.000000e+00 -1.000000e+00 -1.000000e+00 -1.000000e+00 -1.000000e+00 -1.000000e+00 -1 -1.0000 -1.000000e+00 -1.000000e+00 -1.000000e+00 -1.000000e+00 -1.000000e+00 -1.000000e+00  0  0.7050  2.189711e+11  0.000000e+00  0.000000e+00  9.491735e-02 -1.691652e+02  1.850293e+01  1  0.7050  1.730132e+09  0.000000e+00  0.000000e+00  2.455991e-01 -2.100984e+02  1.469405e-01  2  0.7050  1.091838e+01  0.000000e+00  0.000000e+00  1.448204e-02  1.209092e+02  0.000000e+00 
3  3.251363e+01  2.071270e+01  7.656000e+04  3.583654e-01 6 -1.000000e+00  5.311547e+01 1   2.7394  5.713975e-02  2.758404e-01 -1 -1.0000 -1.000000e+00 -1.000000e+00 -1.000000e+00 -1.000000e+00 -1.000000e+00 -1.000000e+00 -1 -1.0000 -1.000000e+00 -1.000000e+00 -1.000000e+00 -1.000000e+00 -1.000000e+00 -1.000000e+00  0  0.7340  9.361080e+11  0.000000e+00  0.000000e+00  2.923623e-01 -3.268962e+01  1.205279e+01  1  0.7340  2.749748e+10  0.000000e+00  0.000000e+00  2.166188e-01 -5.786519e-01  1.303423e-01  2  0.7340  2.739360e+00  0.000000e+00  0.000000e+00  3.328548e-02  1.151534e+02  0.000000e+00 
1  9.342310e+00  1.875555e+01  2.220870e+05  1.789158e+00 0  2.795336e-01  1.875555e+01 2   6.2494 -2.257903e+00 -3.540629e+00  0  0.7580  1.115128e+13  0.000000e+00  0.000000e+00  4.774564e-01 -1.089623e+02  8.384715e+00  1  0.7580  7.706800e+10  0.000000e+00  0.000000e+00  5.859647e-01 -7.933256e+01  2.031644e-01  2  0.7580  5.125993e+13 -2.663291e+00 -3.261364e+01  3.593373e-01 -1.951597e+01  5.739831e+00  3  0.7580  2.695393e+11 -2.663291e+00 -3.261364e+01  3.283968e-01  4.710366e-02  1.216557e-01  4  0.7580  6.249380e+00  0.000000e+00  0.000000e+00  1.016410e-01 -1.028673e+02  0.000000e+00 
3  9.733770e+00  4.016287e+00  9.831000e+03  3.374834e-01 6 -1.000000e+00  1.203179e+01 1   3.4011 -2.815542e-01  2.402933e-01 -1 -1.0000 -1.000000e+00 -1.000000e+00 -1.000000e+00 -1.000000e+00 -1.000000e+00 -1.000000e+00 -1 -1.0000 -1.000000e+00 -1.000000e+00 -1.000000e+00 -1.000000e+00 -1.000000e+00 -1.000000e+00  0  0.9410  1.152735e+12  0.000000e+00  0.000000e+00  4.007911e-01 -1.445869e+01  4.556743e+00  1  0.9410  3.451874e+10  0.000000e+00  0.000000e+00  1.005787e-01  3.330870e+01  9.350986e-02  2  0.9410  3.401149e+00  0.000000e+00  0.000000e+00  6.485968e-02  4.448510e+00  0.000000e+00 
3  1.438078e+01  1.810585e+01  2.917640e+05  3.075771e-01 6 -1.000000e+00  2.531202e+01 3   3.0422 -7.247978e-02 -4.708186e-02 -1 -1.0000 -1.000000e+00 -1.000000e+00 -1.000000e+00 -1.000000e+00 -1.000000e+00 -1.000000e+00 -1 -1.0000 -1.000000e+00 -1.000000e+00 -1.000000e+00 -1.000000e+00 -1.000000e+00 -1.000000e+00  0  1.1570  1.015435e+12  0.000000e+00  0.000000e+00  2.128538e-01  1.868974e+01  3.739996e+00  1  1.1570  3.151559e+10  0.000000e+00  0.000000e+00  4.529851e-02 -4.762450e+01  4.329675e-02  2  1.1570  3.042197e+00  0.000000e+00  0.000000e+00  3.004888e-02 -3.364112e+01  0.000000e+00 
2  1.249668e+01  1.705752e+01  1.814690e+05  8.600306e-01 6 -1.000000e+00  5.024742e+01 3   4.3119 -4.999928e-02  8.265421e-02 -1 -1.0000 -1.000000e+00 -1.000000e+00 -1.000000e+00 -1.000000e+00 -1.000000e+00 -1.000000e+00 -1 -1.0000 -1.000000e+00 -1.000000e+00 -1.000000e+00 -1.000000e+00 -1.000000e+00 -1.000000e+00  0  1.2610  2.863684e+12  0.000000e+00  0.000000e+00  2.764383e-01 -1.274601e+02  2.725477e+00  1  1.2610  8.867590e+10  0.000000e+00  0.000000e+00  5.527926e-01 -8.640704e+01  3.177996e-02  2  1.2610  4.311856e+00  0.000000e+00  0.000000e+00  6.905734e-02  1.429914e+01  0.000000e+00 
3  1.465598e+01  1.639706e+01  8.982900e+04  3.556357e-01 6 -1.000000e+00  2.669966e+01 3   3.1512  1.011970e-01 -2.043489e-03 -1 -1.0000 -1.000000e+00 -1.000000e+00 -1.000000e+00 -1.000000e+00 -1.000000e+00 -1.000000e+00 -1 -1.0000 -1.000000e+00 -1.000000e+00 -1.000000e+00 -1.000000e+00 -1.000000e+00 -1.000000e+00  0  1.4970  1.108905e+12  0.000000e+00  0.000000e+00  6.524995e-02  8.476848e+01  5.378901e+00  1  1.4970  3.892565e+10  0.000000e+00  0.000000e+00  2.994097e-01  7.847356e+01  5.575653e-02  2  1.4970  3.151221e+00  0.000000e+00  0.000000e+00  4.628383e-02  1.528204e+02  0.000000e+00 
3  2.693782e+00  2.456829e+00  6.442600e+04  5.398460e-01 6 -1.000000e+00  3.789086e+00 1   5.5332 -3.122210e-02 -1.775463e-01 -1 -1.0000 -1.000000e+00 -1.000000e+00 -1.000000e+00 -1.000000e+00 -1.000000e+00 -1.000000e+00 -1 -1.0000 -1.000000e+00 -1.000000e+00 -1.000000e+00 -1.000000e+00 -1.000000e+00 -1.000000e+00  0  1.5850  4.341399e+12  0.000000e+00  0.000000e+00  3.125749e-01 -6.237458e+01  2.805662e+00  1  1.5850  7.286064e+10  0.000000e+00  0.000000e+00  3.690162e-01 -5.731193e+01  9.265964e-02  2  1.5850  5.533247e+00  0.000000e+00  0.000000e+00  1.207854e-01 -6.942399e+01  0.000000e+00 
3  5.248042e+00  6.618335e+00  3.069900e+05  8.220423e-02 6  2.697448e-01  1.102934e+01 3   5.7257 -1.039685e-02 -1.810486e-01  0  2.8820  2.068277e+11  0.000000e+00  0.000000e+00  2.371298e-01  1.871306e+01  1.315233e+01  1  2.8820  1.657398e+09  0.000000e+00  0.000000e+00  4.654370e-01 -3.641098e+01  1.549479e-02  2  2.8820  6.421494e+11  1.429079e-01 -1.414559e+00  3.775760e-01 -9.579480e+01  3.820275e+00  3  2.8820  7.823213e+09  1.429079e-01 -1.414559e+00  4.338406e-01 -6.388919e+01  2.266298e-02  4  2.8820  5.725747e+00  0.000000e+00  0.000000e+00  7.300724e-02 -3.984159e+01  0.000000e+00 
5  6.621203e+00  8.883205e+00  8.742700e+04  8.642300e-01 6 -1.000000e+00  1.055458e+01 1   6.8064  3.317879e-02 -3.151748e-02 -1 -1.0000 -1.000000e+00 -1.000000e+00 -1.000000e+00 -1.000000e+00 -1.000000e+00 -1.000000e+00 -1 -1.0000 -1.000000e+00 -1.000000e+00 -1.000000e+00 -1.000000e+00 -1.000000e+00 -1.000000e+00  0  0.1550  3.330706e+12  0.000000e+00  0.000000e+00  3.473806e-01  3.461907e+01  5.636437e+00  1  0.1550  9.199609e+10  0.000000e+00  0.000000e+00  7.991216e-02  2.077020e+01  7.650397e-01  2  0.1550  6.806384e+00  0.000000e+00  0.000000e+00  1.994310e-01 -1.752625e+02  0.000000e+00 
3  6.869399e+01  5.254916e+01  2.418750e+05  6.413908e-01 6 -1.000000e+00  1.004514e+02 1   1.8334  1.871083e-01  3.843541e-01 -1 -1.0000 -1.000000e+00 -1.000000e+00 -1.000000e+00 -1.000000e+00 -1.000000e+00 -1.000000e+00 -1 -1.0000 -1.000000e+00 -1.000000e+00 -1.000000e+00 -1.000000e+00 -1.000000e+00 -1.000000e+00  0  0.2540  1.374421e+12  0.000000e+00  0.000000e+00  3.394728e-01 -5.827781e+01  8.470295e+00  1  0.2540  5.377470e+10  0.000000e+00  0.000000e+00  4.753272e-02 -8.176043e+01  3.503503e-01  2  0.2540  1.833449e+00  0.000000e+00  0.000000e+00  2.563018e-02 -5.775652e+01  0.000000e+00 
3  6.067131e+00  3.575576e+00  3.197810e+05  1.034631e+00 6  2.963909e-01  1.222378e+01 2   5.0462  1.001145e-01  2.071744e+00  0  0.3570  2.288917e+12  0.000000e+00  0.000000e+00  2.967054e-01 -7.974179e+01  1.529416e+01  1  0.3570  4.502435e+10  0.000000e+00  0.000000e+00  3.036953e-01 -1.243196e+02  1.144092e-01  2  0.3570  1.707046e+13 -9.121425e+00  3.428542e+01  3.124911e-01 -1.630355e+02  4.284450e+00  3  0.3570  2.558122e+11 -9.121425e+00  3.428542e+01  3.842303e-01 -1.996532e+02  5.197911e-01  4  0.3570  5.046156e+00  0.000000e+00  0.000000e+00  4.927886e-02  1.086211e+02  0.000000e+00 
1  1.788082e+01  3.600745e+01  3.673960e+05  1.635064e+00 0 -1.000000e+00  3.600745e+01 2   2.9602  1.326940e+00  1.112149e+00 -1 -1.0000 -1.000000e+00 -1.000000e+00 -1.000000e+00 -1.000000e+00 -1.000000e+00 -1.000000e+00 -1 -1.0000 -1.000000e+00 -1.000000e+00 -1.000000e+00 -1.000000e+00 -1.000000e+00 -1.000000e+00  0  0.3840  1.831873e+13  0.000000e+00  0.000000e+00  3.479503e-01 -3.460023e+01  9.302647e+00  1  0.3840  1.465742e+11  0.000000e+00  0.000000e+00  1.578994e-01 -5.768399e+01  5.974875e-01  2  0.3840  2.960244e+00  0.000000e+00  0.000000e+00  8.195067e-02  1.329769e+02  0.000000e+00 
2  1.604104e+01  5.207911e-01  1.182340e+05  1.704230e+00 6  3.140612e-01  3.711446e+01 2   3.8827 -1.115967e+00 -2.419813e+00  0  0.5330  1.294746e+12  0.000000e+00  0.000000e+00  2.562272e-01  2.053582e+01  2.736279e+01  1  0.5330  7.936855e+10  0.000000e+00  0.000000e+00  5.894380e-02 -5.123779e+01  1.955698e-01  2  0.5330  8.157583e+13 -2.985107e+00 -3.661186e+00  2.314945e-01  8.756738e+01  3.566942e+00  3  0.5330  3.134222e+11 -2.985107e+00 -3.661186e+00  1.642922e-01  6.388259e+01  6.213708e-01  4  0.5330  3.882652e+00  0.000000e+00  0.000000e+00  6.784864e-02  8.811290e+01  0.000000e+00 
3  1.598149e+01  8.358448e+00  2.061920e+05  4.721022e-01 6 -1.000000e+00  2.395819e+01 1   2.5148 -1.725448e-01  2.708827e-01 -1 -1.0000 -1.000000e+00 -1.000000e+00 -1.000000e+00 -1.000000e+00 -1.000000e+00 -1.000000e+00 -1 -1.0000 -1.000000e+00 -1.000000e+00 -1.000000e+00 -1.000000e+00 -1.000000e+00 -1.000000e+00  0  1.1640  1.351982e+12  0.000000e+00  0.000000e+00  3.726504e-01 -1.625545e+02  8.106638e+00  1  1.1640  4.749159e+10  0.000000e+00  0.000000e+00  3.645248e-01 -9.283315e+01  5.875526e-02  2  1.1640  2.514818e+00  0.000000e+00  0.000000e+00  2.842790e-02  9.753602e+01  0.000000e+00 
5  1.375074e+00  1.883169e+00  1.217150e+05  1.127043e-01 6 -1.000000e+00  2.249808e+00 1  16.0614  8.720828e-03 -2.284742e-03 -1 -1.0000 -1.000000e+00 -1.000000e+00 -1.000000e+00 -1.000000e+00 -1.000000e+00 -1.000000e+00 -1 -1.0000 -1.000000e+00 -1.000000e+00 -1.000000e+00 -1.000000e+00 -1.000000e+00 -1.000000e+00  0  1.5500  3.876678e+11  0.000000e+00  0.000000e+00  3.737380e-01  9.989192e+01  2.859243e+00  1  1.5500  3.564897e+09  0.000000e+00  0.000000e+00  3.649303e-01  7.367988e+01  5.697444e-02  2  1.5500  1.606142e+01  0.000000e+00  0.000000e+00  1.115137e-01  7.971935e+01  0.000000e+00 
3  7.049514e-01  6.328598e-01  3.712110e+05  6.130284e-01 6 -1.000000e+00  9.948792e-01 1   7.4411  9.146254e-02  2.351468e-01 -1 -1.0000 -1.000000e+00 -1.000000e+00 -1.000000e+00 -1.000000e+00 -1.000000e+00 -1.000000e+00 -1 -1.0000 -1.000000e+00 -1.000000e+00 -1.000000e+00 -1.000000e+00 -1.000000e+00 -1.000000e+00  0  1.5850  2.177860e+12  0.000000e+00  0.000000e+00  2.465715e-01  6.761634e+01  2.696808e+00  1  1.5850  6.202948e+10  0.000000e+00  0.000000e+00  3.745822e-01  9.763979e+01  5.200454e-02  2  1.5850  7.441078e+00  0.000000e+00  0.000000e+00  6.542812e-02 -6.067688e+01  0.000000e+00 
1  1.494475e+01  2.862796e+01  1.098370e+05  9.916151e-02 0  2.831339e-01  2.862796e+01 2   4.7308  1.030559e-01 -3.527645e-01  0  1.7370  1.472363e+11  0.000000e+00  0.000000e+00  3.745690e-03 -1.374147e+02  1.564218e+01  1  1.7370  6.560132e+08  0.000000e+00  0.000000e+00  4.328510e-01 -1.562379e+02  5.201503e-02  2  1.7370  2.386456e+12  4.183356e-01 -1.183594e+00  2.661409e-01 -3.025731e+01  6.600550e+00  3  1.7370  8.707237e+10  4.183356e-01 -1.183594e+00  4.276145e-01 -5.476916e+01  2.780493e-02  4  1.7370  4.730823e+00  0.000000e+00  0.000000e+00  1.235529e-01 -1.108788e+02  0.000000e+00 
5  1.576326e+01  2.240056e+01  1.552300e+05  5.683634e-01 6 -1.000000e+00  2.945289e+01 3   5.3926  4.670627e-02  1.160771e-02 -1 -1.0000 -1.000000e+00 -1.000000e+00 -1.000000e+00 -1.000000e+00 -1.000000e+00 -1.000000e+00 -1 -1.0000 -1.000000e+00 -1.000000e+00 -1.000000e+00 -1.000000e+00 -1.000000e+00 -1.000000e+00  0  1.8300  4.934576e+12  0.000000e+00  0.000000e+00  3.360093e-01 -1.658513e+02  3.270012e+00  1  1.8300  7.769269e+10  0.000000e+00  0.000000e+00  1.225855e-01 -1.072253e+02  5.235820e-02  2  1.8300  5.392582e+00  0.000000e+00  0.000000e+00  1.124311e-01  2.789362e+01  0.000000e+00 
1  7.388729e+00  1.331853e+01  2.182700e+05  2.116810e+00 0 -1.000000e+00  1.331853e+01 2   4.4500  1.625550e+00 -4.962435e-01 -1 -1.0000 -1.000000e+00 -1.000000e+00 -1.000000e+00 -1.000000e+00 -1.000000e+00 -1.000000e+00 -1 -1.0000 -1.000000e+00 -1.000000e+00 -1.000000e+00 -1.000000e+00 -1.000000e+00 -1.000000e+00  0  0.4430  2.420372e+13  0.000000e+00  0.000000e+00  2.064423e-01 -8.675867e+01  8.388873e+00  1  0.4430  1.202440e+11  0.000000e+00  0.000000e+00  1.219266e-01 -8.430244e+01  2.579859e-01  2  0.4430  4.449965e+00  0.000000e+00  0.000000e+00  1.017046e-01 -1.598869e+02  0.000000e+00 
3  5.752500e+01  4.774582e+01  1.745350e+05  6.739586e-01 6 -1.000000e+00  8.342721e+01 1   2.3091  2.325773e-01  2.821742e-01 -1 -1.0000 -1.000000e+00 -1.000000e+00 -1.000000e+00 -1.000000e+00 -1.000000e+00 -1.000000e+00 -1 -1.0000 -1.000000e+00 -1.000000e+00 -1.000000e+00 -1.000000e+00 -1.000000e+00 -1.000000e+00  0  0.5790  3.941289e+12  0.000000e+00  0.000000e+00  1.598826e-01 -9.279387e+01  6.436790e+00  1  0.5790  6.113637e+10  0.000000e+00  0.000000e+00  1.198109e-01 -7.379851e+01  1.287192e-01  2  0.5790  2.309055e+00  0.000000e+00  0.000000e+00  7.436788e-02  7.654450e+01  0.000000e+00 
1  5.843213e+00  1.093278e+01  1.024200e+04  2.560412e+00 0 -1.000000e+00  1.093278e+01 2   5.5876 -3.103873e+00 -4.771295e-01 -1 -1.0000 -1.000000e+00 -1.000000e+00 -1.000000e+00 -1.000000e+00 -1.000000e+00 -1.000000e+00 -1 -1.0000 -1.000000e+00 -1.000000e+00 -1.000000e+00 -1.000000e+00 -1.000000e+00 -1.000000e+00  0  0.8110  6.607222e+13  0.000000e+00  0.000000e+00  2.641373e-01 -1.044102e+02  4.317665e+00  1  0.8110  2.647363e+11  0.000000e+00  0.000000e+00  2.461892e-01 -1.562837e+02  5.028289e-01  2  0.8110  5.587634e+00  0.000000e+00  0.000000e+00  8.589280e-02  9.088008e+01  0.000000e+00 
3  9.998031e+00  1.376804e+01  1.567000e+05  1.088498e+00 6  2.857769e-01  2.171166e+01 3   6.0983 -1.710101e+00 -1.217651e+00  0  0.9350  2.589657e+12  0.000000e+00  0.000000e+00  2.084854e-01  8.734542e+01  1.267979e+01  1  0.9350  7.503926e+10  0.000000e+00  0.000000e+00  1.155643e-01  7.297445e+01  7.287665e-02  2  0.9350  2.543018e+13 -2.992849e+01 -3.393421e+01  3.329750e-01  1.362323e+01  4.459468e+00  3  0.9350  1.715537e+11 -2.992849e+01 -3.393421e+01  3.209078e-02  1.254320e+01  6.545925e-02  4  0.9350  6.098274e+00  0.000000e+00  0.000000e+00  1.547136e-01  7.513166e+01  0.000000e+00 
3  4.004717e+00  2.272222e+00  2.107610e+05  3.749088e-01 6 -1.000000e+00  5.172251e+00 1   6.3356 -5.846809e-02 -2.830099e-01 -1 -1.0000 -1.000000e+00 -1.000000e+00 -1.000000e+00 -1.000000e+00 -1.000000e+00 -1.000000e+00 -1 -1.0000 -1.000000e+00 -1.000000e+00 -1.000000e+00 -1.000000e+00 -1.000000e+00 -1.000000e+00  0  1.0130  9.624199e+11  0.000000e+00  0.000000e+00  1.791798e-01  6.187686e+00  5.846630e+00  1  1.0130  4.834728e+10  0.000000e+00  0.000000e+00  3.908641e-01  1.109013e+01  1.126693e-01  2  1.0130  6.335556e+00  0.000000e+00  0.000000e+00  2.021815e-01  3.678904e+01  0.000000e+00 
2  2.888225e+01  1.316245e+00  3.942420e+05  6.761758e-01 6  2.862765e-01  3.374541e+00 1   4.1552 -7.518635e-01 -1.880950e+00  0  1.0890  1.389364e+12  0.000000e+00  0.000000e+00  3.199294e-01  1.157769e+02  7.627433e+00  1  1.0890  7.455185e+10  0.000000e+00  0.000000e+00  2.957383e-01  1.599087e+02  6.717573e-02  2  1.0890  1.781702e+13 -4.748799e+00 -2.003822e+00  3.818624e-01  3.596541e+01  3.746582e+00  3  1.0890  1.477730e+11 -4.748799e+00 -2.003822e+00  3.217647e-01  7.897199e+01  7.182802e-02  4  1.0890  4.155207e+00  0.000000e+00  0.000000e+00  1.547540e-01  1.482158e+02  0.000000e+00 
3  1.218778e+01  1.786368e+01  1.632200e+04  4.558985e-01 6 -1.000000e+00  2.076934e+01 1   3.1397 -5.093795e-02  2.829565e-02 -1 -1.0000 -1.000000e+00 -1.000000e+00 -1.000000e+00 -1.000000e+00 -1.000000e+00 -1.000000e+00 -1 -1.0000 -1.000000e+00 -1.000000e+00 -1.000000e+00 -1.000000e+00 -1.000000e+00 -1.000000e+00  0  1.7060  6.325396e+12  0.000000e+00  0.000000e+00  1.654795e-01 -8.429497e+01  2.645111e+00  1  1.7060  9.743358e+10  0.000000e+00  0.000000e+00  6.537715e-02 -5.378271e+01  6.574200e-02  2  1.7060  3.139668e+00  0.000000e+00  0.000000e+00  1.427300e-01  8.669482e+00  0.000000e+00 
2  5.019961e+00  1.992807e+00  2.536580e+05  1.989681e+00 6 -1.000000e+00  1.107520e+01 2   8.8843  7.848862e-01  3.993541e-01 -1 -1.0000 -1.000000e+00 -1.000000e+00 -1.000000e+00 -1.000000e+00 -1.000000e+00 -1.000000e+00 -1 -1.0000 -1.000000e+00 -1.000000e+00 -1.000000e+00 -1.000000e+00 -1.000000e+00 -1.000000e+00  0  2.1210  2.054693e+13  0.000000e+00  0.000000e+00  2.869409e-01 -8.764196e+01  4.748161e+00  1  2.1210  9.431066e+10  0.000000e+00  0.000000e+00  2.909823e-01 -1.028210e+02  3.727111e-02  2  2.1210  8.884326e+00  0.000000e+00  0.000000e+00  6.004295e-02  1.184551e+02  0.000000e+00 
3  1.160628e+01  1.220364e+01  2.054320e+05  2.928062e-01 6 -1.000000e+00  1.894803e+01 1   3.9433 -2.724371e-02  1.392996e-01 -1 -1.0000 -1.000000e+00 -1.000000e+00 -1.000000e+00 -1.000000e+00 -1.000000e+00 -1.000000e+00 -1 -1.0000 -1.000000e+00 -1.000000e+00 -1.000000e+00 -1.000000e+00 -1.000000e+00 -1.000000e+00  0  2.4020  2.482727e+12  0.000000e+00  0.000000e+00  2.352409e-01 -6.309519e+01  5.170215e+00  1  2.4020  5.118854e+10  0.000000e+00  0.000000e+00  6.036598e-01 -4.968721e+01  2.179281e-02  2  2.4020  3.943328e+00  0.000000e+00  0.000000e+00  5.298745e-02  2.767934e+01  0.000000e+00 
2  9.189597e+00  3.652429e+00  1.229280e+05  5.774476e-01 6 -1.000000e+00  1.798738e+01 2   8.4270 -6.039596e-01  5.920021e-02 -1 -1.0000 -1.000000e+00 -1.000000e+00 -1.000000e+00 -1.000000e+00 -1.000000e+00 -1.000000e+00 -1 -1.0000 -1.000000e+00 -1.000000e+00 -1.000000e+00 -1.000000e+00 -1.000000e+00 -1.000000e+00  0  2.6880  6.715435e+12  0.000000e+00  0.000000e+00  3.080418e-01 -5.707316e+01  2.847437e+00  1  2.6880  1.031168e+11  0.000000e+00  0.000000e+00  4.678853e-01 -2.017933e+01  1.311837e-02  2  2.6880  8.427050e+00  0.000000e+00  0.000000e+00  1.537632e-01 -1.127469e+02  0.000000e+00 
1  1.054467e+01  2.099647e+01  2.011710e+05  8.922380e-01 0 -1.000000e+00  2.099647e+01 2   7.9148 -9.015033e-01  7.979449e-01 -1 -1.0000 -1.000000e+00 -1.000000e+00 -1.000000e+00 -1.000000e+00 -1.000000e+00 -1.000000e+00 -1 -1.0000 -1.000000e+00 -1.000000e+00 -1.000000e+00 -1.000000e+00 -1.000000e+00 -1.000000e+00  0  0.1960  1.028870e+13  0.000000e+00  0.000000e+00  2.295850e-01 -1.605891e+02  4.720955e+00  1  0.1960  2.419720e+11  0.000000e+00  0.000000e+00  3.806219e-01 -1.470263e+02  1.737015e+00  2  0.1960  7.914766e+00  0.000000e+00  0.000000e+00  1.646503e-01  5.129109e+01  0.000000e+00 
1  1.321499e+01  2.700416e+01  3.218280e+05  1.412185e+00 0 -1.000000e+00  2.700416e+01 2   5.6963  1.387236e+00  1.241016e+00 -1 -1.0000 -1.000000e+00 -1.000000e+00 -1.000000e+00 -1.000000e+00 -1.000000e+00 -1.000000e+00 -1 -1.0000 -1.000000e+00 -1.000000e+00 -1.000000e+00 -1.000000e+00 -1.000000e+00 -1.000000e+00  0  0.2750  9.041472e+12  0.000000e+00  0.000000e+00  4.458972e-01  1.426456e+02  1.212243e+01  1  0.2750  1.477429e+11  0.000000e+00  0.000000e+00  2.774259e-01  1.470276e+02  8.270142e-01  2  0.2750  5.696289e+00  0.000000e+00  0.000000e+00  1.218406e-01 -7.812269e+01  0.000000e+00 
3  1.740513e+01  1.556246e+01  1.566780e+05  2.103841e+00 6 -1.000000e+00  3.505864e+01 3   4.6098 -6.378812e-01  6.857031e-01 -1 -1.0000 -1.000000e+00 -1.000000e+00 -1.000000e+00 -1.000000e+00 -1.000000e+00 -1.000000e+00 -1 -1.0000 -1.000000e+00 -1.000000e+00 -1.000000e+00 -1.000000e+00 -1.000000e+00 -1.000000e+00  0  0.5150  3.007719e+13  0.000000e+00  0.000000e+00  3.090937e-01  7.872823e+01  5.616968e+00  1  0.5150  2.475402e+11  0.000000e+00  0.000000e+00  1.862931e-01  1.352665e+02  1.632605e-01  2  0.5150  4.609823e+00  0.000000e+00  0.000000e+00  4.757336e-02 -1.787198e+02  0.000000e+00 
3  4.427759e+00  1.979426e+00  5.117000e+03  3.998326e-01 6 -1.000000e+00  5.184483e+00 1   7.2176 -5.828229e-01 -1.323270e-01 -1 -1.0000 -1.000000e+00 -1.000000e+00 -1.000000e+00 -1.000000e+00 -1.000000e+00 -1.000000e+00 -1 -1.0000 -1.000000e+00 -1.000000e+00 -1.000000e+00 -1.000000e+00 -1.000000e+00 -1.000000e+00  0  0.7540  1.052201e+12  0.000000e+00  0.000000e+00  3.808718e-01 -8.918691e+00  7.406166e+00  1  0.7540  3.918591e+10  0.000000e+00  0.000000e+00  6.308468e-01  4.018314e+01  6.886410e-02  2  0.7540  7.217613e+00  0.000000e+00  0.000000e+00  1.230029e-01 -2.400248e+00  0.000000e+00 
3  1.411166e+01  1.044543e+01  3.686720e+05  6.832124e-01 6 -1.000000e+00  3.798502e+01 2   5.3929 -2.931097e-01 -1.317772e-01 -1 -1.0000 -1.000000e+00 -1.000000e+00 -1.000000e+00 -1.000000e+00 -1.000000e+00 -1.000000e+00 -1 -1.0000 -1.000000e+00 -1.000000e+00 -1.000000e+00 -1.000000e+00 -1.000000e+00 -1.000000e+00  0  0.7790  6.472675e+12  0.000000e+00  0.000000e+00  1.775572e-01  2.416399e-01  2.706189e+00  1  0.7790  1.164465e+11  0.000000e+00  0.000000e+00  4.521194e-01 -3.502942e+01  1.310731e-01  2  0.7790  5.392895e+00  0.000000e+00  0.000000e+00  1.525951e-01  1.069602e+02  0.000000e+00 
3  3.914037e+00  3.994536e+00  3.350090e+05  2.334232e-01 6  2.868019e-01  5.225620e+00 1  10.9987 -6.304563e-02 -4.922522e-01  0  0.9530  2.595290e+11  0.000000e+00  0.000000e+00  1.864953e-01 -1.722985e+02  1.709408e+01  1  0.9530  4.935013e+09  0.000000e+00  0.000000e+00  7.284356e-02 -1.742341e+02  5.343602e-02  2  0.9530  1.344220e+12  1.690176e+00 -6.763222e+00  2.628411e-01  3.878172e+01  1.139201e+01  3  0.9530  4.930293e+10  1.690176e+00 -6.763222e+00  1.097327e-02  1.845534e+01  9.767011e-02  4  0.9530  1.099870e+01  0.000000e+00  0.000000e+00  1.701532e-01  1.772548e+02  0.000000e+00 
3  3.293565e+01  3.423549e+01  2.176090e+05  4.293404e-01 6  2.847585e-01  5.854607e+01 3   2.4468  2.981420e-01 -4.942455e-01  0  1.1440  7.782035e+11  0.000000e+00  0.000000e+00  1.638580e-01 -2.701780e+01  1.825547e+01  1  1.1440  3.270516e+10  0.000000e+00  0.000000e+00  3.800809e-01 -4.791392e+01  5.566122e-02  2  1.1440  6.375985e+12  4.451107e+00 -3.831948e+00  2.516094e-02 -5.517512e+01  2.015315e+00  3  1.1440  6.996640e+10  4.451107e+00 -3.831948e+00  4.270388e-01 -1.302289e+02  3.877827e-02  4  1.1440  2.446827e+00  0.000000e+00  0.000000e+00  5.164912e-02 -9.074295e+01  0.000000e+00 
3  7.244744e+00  1.331952e+00  8.413800e+04  8.491434e-01 6 -1.000000e+00  1.345379e+01 2   4.9823 -9.122488e-01  2.099599e-03 -1 -1.0000 -1.000000e+00 -1.000000e+00 -1.000000e+00 -1.000000e+00 -1.000000e+00 -1.000000e+00 -1 -1.0000 -1.000000e+00 -1.000000e+00 -1.000000e+00 -1.000000e+00 -1.000000e+00 -1.000000e+00  0  1.2250  3.416130e+12  0.000000e+00  0.000000e+00  1.703338e-01 -9.737243e+01  7.622299e+00  1  1.2250  6.046852e+10  0.000000e+00  0.000000e+00  3.225607e-01 -9.812183e+01  3.258159e-02  2  1.2250  4.982312e+00  0.000000e+00  0.000000e+00  1.562591e-01 -8.562817e+01  0.000000e+00 
2  1.343887e+01  1.035820e+01  1.241200e+04  1.587257e+00 6  2.748441e-01  1.864205e+01 1   6.2714 -2.886338e-01  1.300246e+00  0  1.2420  5.301331e+12  0.000000e+00  0.000000e+00  3.494611e-01  1.742985e+02  1.207010e+01  1  1.2420  1.013968e+11  0.000000e+00  0.000000e+00  5.579296e-01  1.371442e+02  3.549636e-02  2  1.2420  1.925416e+13 -4.601091e+00  8.956096e+00  1.983071e-01 -1.442611e+02  3.902681e+00  3  1.2420  7.628639e+10 -4.601091e+00  8.956096e+00  5.153729e-01 -1.849004e+02  1.142801e-01  4  1.2420  6.271411e+00  0.000000e+00  0.000000e+00  1.943053e-01  1.659954e+02  0.000000e+00 
3  5.659926e+00  1.095966e+01  8.333900e+04  1.500414e+00 6  2.668568e-01  2.238075e+01 3   6.7865 -1.530314e+00 -3.576234e+00  0  1.8080  4.175665e+12  0.000000e+00  0.000000e+00  2.284840e-01 -2.092817e+01  8.154546e+00  1  1.8080  4.723421e+10  0.000000e+00  0.000000e+00  3.351819e-01 -6.644479e+01  7.146104e-02  2  1.8080  3.965790e+13 -1.984086e+00 -4.416885e+00  2.514426e-01 -1.074751e+02  5.821601e+00  3  1.8080  9.348772e+10 -1.984086e+00 -4.416885e+00  4.111928e-01 -8.222632e+01  5.364694e-02  4  1.8080  6.786520e+00  0.000000e+00  0.000000e+00  2.105357e-01 -1.106463e+02  0.000000e+00 
3  1.579430e+01  9.318885e+00  3.168970e+05  1.705808e+00 6 -1.000000e+00  3.055860e+01 2   7.0888  4.166392e-01 -1.029079e+00 -1 -1.0000 -1.000000e+00 -1.000000e+00 -1.000000e+00 -1.000000e+00 -1.000000e+00 -1.000000e+00 -1 -1.0000 -1.000000e+00 -1.000000e+00 -1.000000e+00 -1.000000e+00 -1.000000e+00 -1.000000e+00  0  0.5400  3.773365e+13  0.000000e+00  0.000000e+00  2.073708e-01  1.653598e+02  4.339111e+00  1  0.5400  1.959115e+11  0.000000e+00  0.000000e+00  1.557703e-01  8.506819e+01  3.829130e-01  2  0.5400  7.088813e+00  0.000000e+00  0.000000e+00  1.793488e-01  5.715171e+01  0.000000e+00 
3  3.088040e+01  1.678412e+01  3.558870e+05  3.123572e+00 6 -1.000000e+00  4.609646e+01 1   6.2660 -2.451549e+00 -4.724429e-01 -1 -1.0000 -1.000000e+00 -1.000000e+00 -1.000000e+00 -1.000000e+00 -1.000000e+00 -1.000000e+00 -1 -1.0000 -1.000000e+00 -1.000000e+00 -1.000000e+00 -1.000000e+00 -1.000000e+00 -1.000000e+00  0  0.6680  7.109895e+13  0.000000e+00  0.000000e+00  4.493096e-01 -1.038463e+00  5.779864e+00  1  0.6680  3.610207e+11  0.000000e+00  0.000000e+00  1.073165e-01 -1.206399e+01  2.512331e-01  2  0.6680  6.265981e+00  0.000000e+00  0.000000e+00  1.435267e-01 -1.236470e+02  0.000000e+00 
3  8.726611e+00  5.514945e+00  2.269800e+04  1.417667e+00 6 -1.000000e+00  2.323599e+01 2   6.4122 -2.465350e-01 -7.717561e-01 -1 -1.0000 -1.000000e+00 -1.000000e+00 -1.000000e+00 -1.000000e+00 -1.000000e+00 -1.000000e+00 -1 -1.0000 -1.000000e+00 -1.000000e+00 -1.000000e+00 -1.000000e+00 -1.000000e+00 -1.000000e+00  0  0.7020  5.825817e+13  0.000000e+00  0.000000e+00  2.607895e-01  1.462946e+02  2.480423e+00  1  0.7020  2.692449e+11  0.000000e+00  0.000000e+00  3.799015e-01  1.395896e+02  4.062497e-01  2  0.7020  6.412209e+00  0.000000e+00  0.000000e+00  9.016980e-02 -1.195694e+01  0.000000e+00 
3  1.092106e+01  9.716617e+00  4.007110e+05  4.301357e-01 6 -1.000000e+00  1.622635e+01 1   2.0050 -2.484773e-01 -1.680769e-02 -1 -1.0000 -1.000000e+00 -1.000000e+00 -1.000000e+00 -1.000000e+00 -1.000000e+00 -1.000000e+00 -1 -1.0000 -1.000000e+00 -1.000000e+00 -1.000000e+00 -1.000000e+00 -1.000000e+00 -1.000000e+00  0  0.8510  2.184893e+12  0.000000e+00  0.000000e+00  1.375347e-01  1.829466e+01  5.524193e+00  1  0.8510  6.629592e+10  0.000000e+00  0.000000e+00  3.873574e-01  4.306128e+01  1.107929e-01  2  0.8510  2.004952e+00  0.000000e+00  0.000000e+00  4.055380e-02  1.291206e+02  0.000000e+00 
1  8.529531e+00  1.514289e+01  1.911070e+05  4.713294e+00 0 -1.000000e+00  1.514289e+01 2   5.1129 -1.072032e+01 -7.770196e+00 -1 -1.0000 -1.000000e+00 -1.000000e+00 -1.000000e+00 -1.000000e+00 -1.000000e+00 -1.000000e+00 -1 -1.0000 -1.000000e+00 -1.000000e+00 -1.000000e+00 -1.000000e+00 -1.000000e+00 -1.000000e+00  0  0.8690  1.372997e+14  0.000000e+00  0.000000e+00  5.423853e-01 -5.148617e+01  4.690321e+00  1  0.8690  3.214713e+11  0.000000e+00  0.000000e+00  2.501193e-01 -2.874382e+01  2.788035e-01  2  0.8690  5.112933e+00  0.000000e+00  0.000000e+00  5.436576e-02  1.324469e+02  0.000000e+00 
3  4.947909e+00  4.073163e+00  3.911990e+05  5.128159e-01 6 -1.000000e+00  6.848804e+00 1   7.5359 -1.252640e-01  2.365709e-01 -1 -1.0000 -1.000000e+00 -1.000000e+00 -1.000000e+00 -1.000000e+00 -1.000000e+00 -1.000000e+00 -1 -1.0000 -1.000000e+00 -1.000000e+00 -1.000000e+00 -1.000000e+00 -1.000000e+00 -1.000000e+00  0  0.8760  1.550046e+12  0.000000e+00  0.000000e+00  2.368675e-01 -1.198152e+02  8.002368e+00  1  0.8760  4.627656e+10  0.000000e+00  0.000000e+00  3.572639e-01 -1.723304e+02  7.220284e-02  2  0.8760  7.535933e+00  0.000000e+00  0.000000e+00  2.019708e-01  8.261280e+01  0.000000e+00 
3  8.099290e+00  8.307599e+00  3.322110e+05  5.036497e-01 6 -1.000000e+00  1.093225e+01 1   9.5250 -1.315609e-01  2.995387e-01 -1 -1.0000 -1.000000e+00 -1.000000e+00 -1.000000e+00 -1.000000e+00 -1.000000e+00 -1.000000e+00 -1 -1.0000 -1.000000e+00 -1.000000e+00 -1.000000e+00 -1.000000e+00 -1.000000e+00 -1.000000e+00  0  0.8960  1.859078e+12  0.000000e+00  0.000000e+00  1.982106e-01  1.606875e+02  4.661057e+00  1  0.8960  6.903630e+10  0.000000e+00  0.000000e+00  3.369509e-01  1.747046e+02  1.343524e-01  2  0.8960  9.524989e+00  0.000000e+00  0.000000e+00  1.418005e-01  1.069653e+02  0.000000e+00 
1  1.572827e+01  4.225555e+01  3.420540e+05  9.869714e-02 0 -1.000000e+00  4.225555e+01 2   2.9735  3.141686e-02  5.607158e-02 -1 -1.0000 -1.000000e+00 -1.000000e+00 -1.000000e+00 -1.000000e+00 -1.000000e+00 -1.000000e+00 -1 -1.0000 -1.000000e+00 -1.000000e+00 -1.000000e+00 -1.000000e+00 -1.000000e+00 -1.000000e+00  0  1.1850  4.459119e+11  0.000000e+00  0.000000e+00  3.313804e-01 -2.857384e+01  1.178098e+01  1  1.1850  6.361887e+09  0.000000e+00  0.000000e+00  5.212947e-01  2.681998e+00  1.102012e-01  2  1.1850  2.973520e+00  0.000000e+00  0.000000e+00  4.311241e-02 -3.690021e+01  0.000000e+00 
3  2.721863e+00  1.639733e+00  2.216930e+05  5.533612e-01 6 -1.000000e+00  3.937850e+00 1   8.8174  5.224408e-01 -1.613249e-01 -1 -1.0000 -1.000000e+00 -1.000000e+00 -1.000000e+00 -1.000000e+00 -1.000000e+00 -1.000000e+00 -1 -1.0000 -1.000000e+00 -1.000000e+00 -1.000000e+00 -1.000000e+00 -1.000000e+00 -1.000000e+00  0  1.1930  5.489240e+12  0.000000e+00  0.000000e+00  1.992207e-01  1.784913e+02  3.214514e+00  1  1.1930  7.951993e+10  0.000000e+00  0.000000e+00  4.372926e-01  1.879570e+02  4.007720e-02  2  1.1930  8.817432e+00  0.000000e+00  0.000000e+00  7.248940e-02  1.137199e+02  0.000000e+00 
3  4.491343e+00  4.196331e+00  1.133710e+05  5.504561e-01 6  2.915968e-01  5.769492e+00 1   7.9550  2.811009e-01 -1.556862e+00  0  1.2070  4.303062e+11  0.000000e+00  0.000000e+00  2.369989e-01 -7.775967e+01  2.906235e+01  1  1.2070  9.201944e+09  0.000000e+00  0.000000e+00  1.069315e-01 -9.392933e+00  2.377540e-02  2  1.2070  8.703253e+12  6.273464e+00 -2.691623e+01  1.988159e-01  6.233338e+01  3.835725e+00  3  1.2070  1.004310e+11  6.273464e+00 -2.691623e+01  2.077324e-01  1.569173e+02  7.631726e-02  4  1.2070  7.954970e+00  0.000000e+00  0.000000e+00  1.254600e-01 -9.882329e+01  0.000000e+00 
5  9.151941e+00  1.519210e+01  6.351600e+04  5.030198e-01 6 -1.000000e+00  1.944793e+01 3   4.9284 -6.856149e-03  8.785985e-03 -1 -1.0000 -1.000000e+00 -1.000000e+00 -1.000000e+00 -1.000000e+00 -1.000000e+00 -1.000000e+00 -1 -1.0000 -1.000000e+00 -1.000000e+00 -1.000000e+00 -1.000000e+00 -1.000000e+00 -1.000000e+00  0  1.4310  1.530023e+12  0.000000e+00  0.000000e+00  1.213842e-01 -1.307882e+02  4.642610e+00  1  1.4310  4.545681e+10  0.000000e+00  0.000000e+00  5.291139e-01 -6.750158e+01  3.921094e-02  2  1.4310  4.928438e+00  0.000000e+00  0.000000e+00  7.220266e-02  9.529763e+01  0.000000e+00 
3  4.401441e+00  2.754451e+00  3.449170e+05  7.144325e-01 6  2.765023e-01  6.388047e+00 1   9.8100  3.193857e-01 -8.924663e-01  0  1.5250  1.468409e+12  0.000000e+00  0.000000e+00  3.400601e-01 -1.784054e+02  1.432117e+01  1  1.5250  4.323364e+10  0.000000e+00  0.000000e+00  9.405252e-02 -1.546159e+02  7.256133e-02  2  1.5250  1.065324e+13  1.616147e+01 -2.462279e+01  3.745440e-01  5.509490e+01  3.030957e+00  3  1.5250  1.189913e+11  1.616147e+01 -2.462279e+01  1.405245e-01  1.803776e+01  5.618072e-02  4  1.5250  9.809967e+00  0.000000e+00  0.000000e+00  8.001240e-02 -1.763500e+02  0.000000e+00 
3  2.015666e+01  8.401052e+00  2.826580e+05  2.723880e-01 6 -1.000000e+00  2.407207e+01 1   2.7592  5.680730e-02  2.853226e-01 -1 -1.0000 -1.000000e+00 -1.000000e+00 -1.000000e+00 -1.000000e+00 -1.000000e+00 -1.000000e+00 -1 -1.0000 -1.000000e+00 -1.000000e+00 -1.000000e+00 -1.000000e+00 -1.000000e+00 -1.000000e+00  0  1.5680  1.290094e+12  0.000000e+00  0.000000e+00  4.802125e-01  3.999254e+01  2.982346e+00  1  1.5680  4.300266e+10  0.000000e+00  0.000000e+00  2.354946e-01  4.542095e+01  3.246136e-02  2  1.5680  2.759200e+00  0.000000e+00  0.000000e+00  5.157132e-02  1.251425e+02  0.000000e+00 
3  4.748945e+00  8.668020e-01  1.590670e+05  4.297175e-01 6  2.723643e-01  1.492390e+01 2   7.5236 -1.568190e-02  2.054653e+00  0  1.8540  1.764151e+12  0.000000e+00  0.000000e+00  8.742000e-02  3.194215e+01  5.258998e+00  1  1.8540  4.713623e+10  0.000000e+00  0.000000e+00  5.592511e-01  3.848002e+01  2.537823e-02  2  1.8540  9.254782e+12  5.025376e-01  1.350777e+01  1.966919e-01 -8.077421e+01  3.579707e+00  3  1.8540  7.908110e+10  5.025376e-01  1.350777e+01  1.501824e-01 -9.758786e+01  1.385176e-01  4  1.8540  7.523632e+00  0.000000e+00  0.000000e+00  2.929773e-01 -1.782417e+02  0.000000e+00 
3  2.468332e+01  1.520994e+01  2.247430e+05  1.999922e-01 6 -1.000000e+00  2.973176e+01 1   5.3967 -6.580965e-02 -1.489078e-01 -1 -1.0000 -1.000000e+00 -1.000000e+00 -1.000000e+00 -1.000000e+00 -1.000000e+00 -1.000000e+00 -1 -1.0000 -1.000000e+00 -1.000000e+00 -1.000000e+00 -1.000000e+00 -1.000000e+00 -1.000000e+00  0  2.0020  8.383826e+11  0.000000e+00  0.000000e+00  3.642320e-01 -7.306757e+01  2.792166e+00  1  2.0020  1.590378e+10  0.000000e+00  0.000000e+00  2.254703e-01 -1.130401e+02  5.308711e-02  2  2.0020  5.396710e+00  0.000000e+00  0.000000e+00  1.936388e-01  9.020188e+01  0.000000e+00 
3  1.208565e+00  2.655994e+00  1.110060e+05  8.952655e-01 6 -1.000000e+00  3.002279e+00 3   9.1551 -1.181966e-01  1.503516e-01 -1 -1.0000 -1.000000e+00 -1.000000e+00 -1.000000e+00 -1.000000e+00 -1.000000e+00 -1.000000e+00 -1 -1.0000 -1.000000e+00 -1.000000e+00 -1.000000e+00 -1.000000e+00 -1.000000e+00 -1.000000e+00  0  0.2920  3.967430e+12  0.000000e+00  0.000000e+00  1.748710e-01 -1.349077e+02  9.347120e+00  1  0.2920  1.192317e+11  0.000000e+00  0.000000e+00  1.511162e-01 -1.784798e+02  7.829909e-01  2  0.2920  9.155087e+00  0.000000e+00  0.000000e+00  5.166965e-02  1.204003e+02  0.000000e+00 
3  1.408636e+01  8.658212e+00  1.646820e+05  5.584348e-01 6 -1.000000e+00  2.140167e+01 1   5.5066  4.313680e-01  2.827047e-01 -1 -1.0000 -1.000000e+00 -1.000000e+00 -1.000000e+00 -1.000000e+00 -1.000000e+00 -1.000000e+00 -1 -1.0000 -1.000000e+00 -1.000000e+00 -1.000000e+00 -1.000000e+00 -1.000000e+00 -1.000000e+00  0  0.6200  7.174020e+12  0.000000e+00  0.000000e+00  2.646315e-01 -1.635313e+02  4.817238e+00  1  0.6200  4.581579e+10  0.000000e+00  0.000000e+00  4.831278e-01 -1.471714e+02  5.404222e-02  2  0.6200  5.506564e+00  0.000000e+00  0.000000e+00  3.799943e-02 -5.748094e+01  0.000000e+00 
1  1.047724e+01  1.876094e+01  3.531910e+05  4.631255e+00 0 -1.000000e+00  1.876094e+01 2   4.2922 -2.115686e+00 -8.189997e+00 -1 -1.0000 -1.000000e+00 -1.000000e+00 -1.000000e+00 -1.000000e+00 -1.000000e+00 -1.000000e+00 -1 -1.0000 -1.000000e+00 -1.000000e+00 -1.000000e+00 -1.000000e+00 -1.000000e+00 -1.000000e+00  0  0.7790  1.851559e+14  0.000000e+00  0.000000e+00  3.237627e-01  1.829048e-01  4.440650e+00  1  0.7790  3.633019e+11  0.000000e+00  0.000000e+00  6.840920e-02  4.103650e+00  2.156465e-01  2  0.7790  4.292192e+00  0.000000e+00  0.000000e+00  6.666206e-02 -5.736642e+00  0.000000e+00 
5  2.089122e+00  3.413509e+00  1.711100e+05  1.854410e+00 6 -1.000000e+00  5.090960e+00 3   7.2206 -2.308876e-01 -6.304392e-01 -1 -1.0000 -1.000000e+00 -1.000000e+00 -1.000000e+00 -1.000000e+00 -1.000000e+00 -1.000000e+00 -1 -1.0000 -1.000000e+00 -1.000000e+00 -1.000000e+00 -1.000000e+00 -1.000000e+00 -1.000000e+00  0  0.8670  4.979366e+13  0.000000e+00  0.000000e+00  4.486089e-01 -1.632245e+02  3.442589e+00  1  0.8670  2.970476e+11  0.000000e+00  0.000000e+00  3.651159e-01 -1.334268e+02  1.911118e-01  2  0.8670  7.220613e+00  0.000000e+00  0.000000e+00  1.437716e-01  5.124987e+00  0.000000e+00 
3  5.629945e+00  6.931921e+00  8.296200e+04  7.241078e-01 6 -1.000000e+00  8.992225e+00 1   2.6905 -1.720644e-01  2.990450e-01 -1 -1.0000 -1.000000e+00 -1.000000e+00 -1.000000e+00 -1.000000e+00 -1.000000e+00 -1.000000e+00 -1 -1.0000 -1.000000e+00 -1.000000e+00 -1.000000e+00 -1.000000e+00 -1.000000e+00 -1.000000e+00  0  1.1660  1.034250e+13  0.000000e+00  0.000000e+00  2.926219e-01  1.370667e+02  4.532257e+00  1  1.1660  1.100458e+11  0.000000e+00  0.000000e+00  6.349888e-01  1.155633e+02  1.320728e-01  2  1.1660  2.690465e+00  0.000000e+00  0.000000e+00  4.966490e-02 -1.221805e+02  0.000000e+00 
3  8.034630e+00  2.277873e+00  2.204800e+05  5.919117e-01 6  2.744338e-01  1.621918e+01 2   5.4988 -1.487997e+00  1.658336e+00  0  1.2980  5.455718e+12  0.000000e+00  0.000000e+00  6.493609e-01  1.522174e+02  4.770449e+00  1  1.2980  6.493841e+10  0.000000e+00  0.000000e+00  1.442153e-03  1.457605e+02  1.082248e-01  2  1.2980  2.268771e+13 -4.079221e+01  2.607686e+01  1.106607e-01 -1.352286e+02  4.183802e+00  3  1.2980  1.252547e+11 -4.079221e+01  2.607686e+01  1.040742e-01 -9.702261e+01  1.194263e-01  4  1.2980  5.498761e+00  0.000000e+00  0.000000e+00  5.427807e-02  1.373543e+01  0.000000e+00 
1  2.474879e+01  4.333418e+01  3.615360e+05  4.054630e+00 0 -1.000000e+00  4.333418e+01 2   7.7600 -2.042290e+00 -3.016502e+00 -1 -1.0000 -1.000000e+00 -1.000000e+00 -1.000000e+00 -1.000000e+00 -1.000000e+00 -1.000000e+00 -1 -1.0000 -1.000000e+00 -1.000000e+00 -1.000000e+00 -1.000000e+00 -1.000000e+00 -1.000000e+00  0  1.3170  8.856469e+13  0.000000e+00  0.000000e+00  3.306473e-01  1.064664e+02  3.360575e+00  1  1.3170  2.570147e+11  0.000000e+00  0.000000e+00  5.798327e-01  9.856844e+01  9.614326e-02  2  1.3170  7.760031e+00  0.000000e+00  0.000000e+00  8.219941e-02  1.477950e+02  0.000000e+00 
3  1.669748e+01  7.271977e+00  1.046250e+05  5.022432e-01 6 -1.000000e+00  3.112082e+01 2   3.9796 -4.857960e-01 -1.569288e-03 -1 -1.0000 -1.000000e+00 -1.000000e+00 -1.000000e+00 -1.000000e+00 -1.000000e+00 -1.000000e+00 -1 -1.0000 -1.000000e+00 -1.000000e+00 -1.000000e+00 -1.000000e+00 -1.000000e+00 -1.000000e+00  0  1.3780  4.616701e+12  0.000000e+00  0.000000e+00  3.966221e-01  9.207728e+01  4.160698e+00  1  1.3780  7.692326e+10  0.000000e+00  0.000000e+00  3.633456e-01  1.651032e+02  5.157774e-02  2  1.3780  3.979554e+00  0.000000e+00  0.000000e+00  5.930630e-02  7.522651e+01  0.000000e+00 
3  8.831191e+00  9.327764e+00  3.063280e+05  6.675325e-01 6 -1.000000e+00  1.641609e+01 3   6.8927 -1.962723e-01 -1.298599e-01 -1 -1.0000 -1.000000e+00 -1.000000e+00 -1.000000e+00 -1.000000e+00 -1.000000e+00 -1.000000e+00 -1 -1.0000 -1.000000e+00 -1.000000e+00 -1.000000e+00 -1.000000e+00 -1.000000e+00 -1.000000e+00  0  1.4080  5.665782e+12  0.000000e+00  0.000000e+00  3.391774e-01 -9.110987e+01  4.485386e+00  1  1.4080  6.744277e+10  0.000000e+00  0.000000e+00  4.152261e-01 -3.748030e+01  5.747184e-02  2  1.4080  6.892744e+00  0.000000e+00  0.000000e+00  2.638093e-02 -1.211953e+02  0.000000e+00 
1  7.562335e+00  1.570342e+01  1.390000e+04  7.324865e-02 0  2.885326e-01  1.570342e+01 2   6.3753  2.666365e-01  2.682670e-01  0  1.7540  7.390775e+10  0.000000e+00  0.000000e+00  9.504584e-02  7.885693e+01  2.005034e+01  1  1.7540  2.367650e+08  0.000000e+00  0.000000e+00  3.305867e-01  7.381597e+01  2.390229e-02  2  1.7540  1.933108e+12  1.325640e+01  1.161917e+01  3.486108e-01  1.376005e+02  3.741638e+00  3  1.7540  4.019228e+10  1.325640e+01  1.161917e+01  1.758412e-01  1.012965e+02  4.635753e-02  4  1.7540  6.375316e+00  0.000000e+00  0.000000e+00  8.219416e-02  5.383022e+01  0.000000e+00 
3  6.540329e+00  3.484876e+00  1.573540e+05  3.463684e-01 6 -1.000000e+00  9.233243e+00 1  12.3150  3.365630e-01  7.840695e-02 -1 -1.0000 -1.000000e+00 -1.000000e+00 -1.000000e+00 -1.000000e+00 -1.000000e+00 -1.000000e+00 -1 -1.0000 -1.000000e+00 -1.000000e+00 -1.000000e+00 -1.000000e+00 -1.000000e+00 -1.000000e+00  0  2.2000  1.349626e+12  0.000000e+00  0.000000e+00  3.440634e-01 -1.810877e+01  3.680983e+00  1  2.2000  3.742470e+10  0.000000e+00  0.000000e+00  2.984467e-01 -5.002774e+00  3.963148e-02  2  2.2000  1.231495e+01  0.000000e+00  0.000000e+00  1.199102e-01  6.575930e+01  0.000000e+00 
5  1.724285e+01  4.262497e+01  3.806720e+05  1.963526e-01 6 -1.000000e+00  6.263214e+01 3   3.8573 -4.327421e-03 -1.213419e-03 -1 -1.0000 -1.000000e+00 -1.000000e+00 -1.000000e+00 -1.000000e+00 -1.000000e+00 -1.000000e+00 -1 -1.0000 -1.000000e+00 -1.000000e+00 -1.000000e+00 -1.000000e+00 -1.000000e+00 -1.000000e+00  0  2.9860  1.635912e+12  0.000000e+00  0.000000e+00  6.648682e-02  1.010946e+02  4.725293e+00  1  2.9860  3.576571e+10  0.000000e+00  0.000000e+00  5.162543e-01  1.106105e+02  3.350861e-02  2  2.9860  3.857349e+00  0.000000e+00  0.000000e+00  5.912066e-02 -1.767228e+02  0.000000e+00 
3  1.690699e+01  2.037995e+01  2.208610e+05  1.010319e+00 6  3.129071e-01  4.548351e+01 3   4.4361  3.383436e+00 -2.271744e+00  0  0.2740  1.984974e+12  0.000000e+00  0.000000e+00  5.254029e-02  7.999438e+01  1.301905e+01  1  0.2740  6.208578e+10  0.000000e+00  0.000000e+00  1.494376e-01  9.436970e+01  3.366217e-01  2  0.2740  5.706780e+13  1.785738e+01 -1.169092e+01  2.237143e-01  3.993510e+01  5.101331e+00  3  0.2740  3.175185e+11  1.785738e+01 -1.169092e+01  6.769680e-02  9.617663e+01  9.419157e-01  4  0.2740  4.436119e+00  0.000000e+00  0.000000e+00  1.389204e-01 -1.431178e+01  0.000000e+00 
3  1.502862e+01  1.103835e+01  1.423020e+05  7.521455e-01 6  3.037672e-01  2.295078e+01 1   4.6750 -1.776056e+00 -1.590868e+00  0  0.5340  9.589395e+11  0.000000e+00  0.000000e+00  2.449380e-01  2.758517e+01  1.588912e+01  1  0.5340  4.755950e+10  0.000000e+00  0.000000e+00  9.538856e-02  2.456135e+01  1.029772e-01  2  0.5340  1.692787e+13 -1.119471e+01 -1.229439e+01  1.013923e-01  1.269744e+02  4.502406e+00  3  0.5340  1.498948e+11 -1.119471e+01 -1.229439e+01  2.058596e-01  8.893664e+01  4.216449e-01  4  0.5340  4.674968e+00  0.000000e+00  0.000000e+00  4.374971e-02 -4.256358e+01  0.000000e+00 
3  1.081211e+01  1.583343e+01  3.635990e+05  9.042547e-01 6 -1.000000e+00  2.068215e+01 3   3.7575 -7.294060e-03 -2.974696e-01 -1 -1.0000 -1.000000e+00 -1.000000e+00 -1.000000e+00 -1.000000e+00 -1.000000e+00 -1.000000e+00 -1 -1.0000 -1.000000e+00 -1.000000e+00 -1.000000e+00 -1.000000e+00 -1.000000e+00 -1.000000e+00  0  0.6350  4.082976e+12  0.000000e+00  0.000000e+00  1.904159e-01  1.305879e+02  9.357127e+00  1  0.6350  7.979372e+10  0.000000e+00  0.000000e+00  2.209263e-01  1.109777e+02  2.749265e-01  2  0.6350  3.757544e+00  0.000000e+00  0.000000e+00  2.005311e-02 -1.274089e+02  0.000000e+00 
3  1.067733e+01  4.757392e+00  3.020660e+05  1.120589e+00 6 -1.000000e+00  1.459231e+01 1   4.4781 -5.143241e-01  1.047017e+00 -1 -1.0000 -1.000000e+00 -1.000000e+00 -1.000000e+00 -1.000000e+00 -1.000000e+00 -1.000000e+00 -1 -1.0000 -1.000000e+00 -1.000000e+00 -1.000000e+00 -1.000000e+00 -1.000000e+00 -1.000000e+00  0  0.6530  6.928765e+12  0.000000e+00  0.000000e+00  3.099584e-01  1.522894e+02  6.935257e+00  1  0.6530  1.545552e+11  0.000000e+00  0.000000e+00  2.033724e-01  1.731572e+02  1.035981e-01  2  0.6530  4.478113e+00  0.000000e+00  0.000000e+00  9.794800e-02 -9.712316e+01  0.000000e+00 
3  8.852263e+00  1.387325e+01  6.612800e+04  2.102041e-01 6  2.975644e-01  1.733501e+01 3   2.9373  8.793948e-02  4.796498e-01  0  0.7940  1.793632e+11  0.000000e+00  0.000000e+00  3.641209e-01  7.575050e+01  2.803213e+01  1  0.7940  2.936541e+09  0.000000e+00  0.000000e+00  2.838403e-01  1.396393e+02  7.963630e-02  2  0.7940  2.209577e+12  4.173242e+00  1.891172e+01  1.046056e-01 -1.736378e+02  6.715908e+00  3  0.7940  7.119550e+10  4.173242e+00  1.891172e+01  3.423817e-01 -1.686843e+02  1.699379e-01  4  0.7940  2.937340e+00  0.000000e+00  0.000000e+00  6.750092e-02  1.019789e+02  0.000000e+00 
3  1.952838e+01  4.516289e+00  2.769690e+05  1.355602e+00 6 -1.000000e+00  4.313599e+01 2   4.6466  7.378996e-01 -6.370347e-01 -1 -1.0000 -1.000000e+00 -1.000000e+00 -1.000000e+00 -1.000000e+00 -1.000000e+00 -1.000000e+00 -1 -1.0000 -1.000000e+00 -1.000000e+00 -1.000000e+00 -1.000000e+00 -1.000000e+00 -1.000000e+00  0  0.8990  1.077189e+13  0.000000e+00  0.000000e+00  4.655794e-01  4.478166e+01  7.417559e+00  1  0.8990  7.373030e+10  0.000000e+00  0.000000e+00  5.324700e-01  8.070313e+01  8.393202e-02  2  0.8990  4.646583e+00  0.000000e+00  0.000000e+00  3.197526e-02 -1.689789e+02  0.000000e+00 
3  7.207235e+00  1.933756e+01  2.799100e+05  6.657208e-02 6  3.035209e-01  2.073803e+01 3   9.5860  2.440302e-01 -1.379746e-01  0  1.0220  2.924675e+10  0.000000e+00  0.000000e+00  1.509869e-01  8.805120e+01  3.325848e+01  1  1.0220  3.542142e+07  0.000000e+00  0.000000e+00  4.150213e-01  8.930811e+01  1.171782e-01  2  1.0220  5.820138e+11  4.287021e+00 -2.228314e+00  1.605566e-01 -2.786937e+01  8.642060e+00  3  1.0220  1.385205e+10  4.287021e+00 -2.228314e+00  1.913797e-01  1.016538e+01  7.220564e-02  4  1.0220  9.586044e+00  0.000000e+00  0.000000e+00  2.079162e-01 -1.255015e+02  0.000000e+00 
3  1.313295e+01  9.865789e+00  2.854730e+05  2.579845e-01 6 -1.000000e+00  1.637084e+01 1   6.1360  1.508052e-01  1.354734e-01 -1 -1.0000 -1.000000e+00 -1.000000e+00 -1.000000e+00 -1.000000e+00 -1.000000e+00 -1.000000e+00 -1 -1.0000 -1.000000e+00 -1.000000e+00 -1.000000e+00 -1.000000e+00 -1.000000e+00 -1.000000e+00  0  1.7720  1.024234e+12  0.000000e+00  0.000000e+00  1.710132e-01  4.249477e+01  2.532543e+00  1  1.7720  2.676636e+10  0.000000e+00  0.000000e+00  2.111318e-01  2.234409e+01  4.155481e-02  2  1.7720  6.135985e+00  0.000000e+00  0.000000e+00  7.838304e-02 -1.463994e+02  0.000000e+00 
3  7.970289e+00  1.178659e+01  2.895250e+05  6.019620e-01 6 -1.000000e+00  1.225324e+01 1   5.2108 -2.668743e-01  1.166058e-01 -1 -1.0000 -1.000000e+00 -1.000000e+00 -1.000000e+00 -1.000000e+00 -1.000000e+00 -1.000000e+00 -1 -1.0000 -1.000000e+00 -1.000000e+00 -1.000000e+00 -1.000000e+00 -1.000000e+00 -1.000000e+00  0  0.3680  1.320422e+12  0.000000e+00  0.000000e+00  1.875718e-01  1.186264e+02  1.066428e+01  1  0.3680  5.298298e+10  0.000000e+00  0.000000e+00  3.780971e-01  1.554716e+02  2.234559e-01  2  0.3680  5.210799e+00  0.000000e+00  0.000000e+00  8.275787e-02 -1.718742e+02  0.000000e+00 
5  1.001471e+01  1.711780e+01  1.890740e+05  1.072592e+00 6  2.844198e-01  2.203296e+01 3   5.9256 -1.450363e+00 -2.523385e+00  0  0.6730  7.100970e+12  0.000000e+00  0.000000e+00  1.346487e-01 -1.592049e+02  7.567444e+00  1  0.6730  9.080723e+10  0.000000e+00  0.000000e+00  3.927530e-01 -2.063916e+02  1.033871e-01  2  0.6730  4.411172e+13 -2.325319e+01 -3.555823e+01  5.969346e-01 -3.451050e+01  3.963932e+00  3  0.6730  2.343961e+11 -2.325319e+01 -3.555823e+01  1.856853e-01 -3.070628e+01  2.112523e-01  4  0.6730  5.925597e+00  0.000000e+00  0.000000e+00  1.813168e-01 -4.863530e+00  0.000000e+00 
1  4.164136e+01  7.306679e+01  2.737680e+05  2.004752e+00 0  2.787742e-01  7.306679e+01 2   2.9312  3.695049e+00  5.242942e-02  0  0.8820  9.678688e+12  0.000000e+00  0.000000e+00  3.388388e-01 -1.283732e+02  1.226408e+01  1  0.8820  7.450555e+10  0.000000e+00  0.000000e+00  9.278438e-02 -1.389167e+02  1.004982e-01  2  0.8820  6.491654e+13  1.188823e+01  5.087548e+00  4.242933e-01  1.166271e+02  3.815264e+00  3  0.8820  2.497161e+11  1.188823e+01  5.087548e+00  2.135585e-01  3.987688e+01  2.213839e-01  4  0.8820  2.931175e+00  0.000000e+00  0.000000e+00  3.233695e-02 -1.074115e+02  0.000000e+00 
3  4.771957e+00  5.719802e+00  6.203300e+04  7.955127e-01 6 -1.000000e+00  7.495266e+00 1  13.1052  3.213580e-01  1.859277e-01 -1 -1.0000 -1.000000e+00 -1.000000e+00 -1.000000e+00 -1.000000e+00 -1.000000e+00 -1.000000e+00 -1 -1.0000 -1.000000e+00 -1.000000e+00 -1.000000e+00 -1.000000e+00 -1.000000e+00 -1.000000e+00  0  0.9140  8.682134e+12  0.000000e+00  0.000000e+00  1.122752e-01  1.202889e+02  4.016441e+00  1  0.9140  5.443215e+10  0.000000e+00  0.000000e+00  6.686314e-01  1.179289e+02  3.731287e-02  2  0.9140  1.310520e+01  0.000000e+00  0.000000e+00  2.326224e-01  3.401902e+01  0.000000e+00 
3  7.314240e+00  8.503940e+00  8.555300e+04  8.168015e-01 6 -1.000000e+00  1.338570e+01 3   6.5209  6.105754e-02 -1.995942e-01 -1 -1.0000 -1.000000e+00 -1.000000e+00 -1.000000e+00 -1.000000e+00 -1.000000e+00 -1.000000e+00 -1 -1.0000 -1.000000e+00 -1.000000e+00 -1.000000e+00 -1.000000e+00 -1.000000e+00 -1.000000e+00  0  1.4830  4.369026e+12  0.000000e+00  0.000000e+00  4.468583e-02 -1.961528e+01  5.378545e+00  1  1.4830  1.048232e+11  0.000000e+00  0.000000e+00  1.296649e-01 -4.629247e+01  7.868839e-02  2  1.4830  6.520880e+00  0.000000e+00  0.000000e+00  1.182181e-01 -1.739052e+01  0.000000e+00 
3  6.889686e+00  4.949308e+00  2.003070e+05  6.340160e-01 6 -1.000000e+00  1.003264e+01 1   7.7006  3.110054e-01  2.209068e-03 -1 -1.0000 -1.000000e+00 -1.000000e+00 -1.000000e+00 -1.000000e+00 -1.000000e+00 -1.000000e+00 -1 -1.0000 -1.000000e+00 -1.000000e+00 -1.000000e+00 -1.000000e+00 -1.000000e+00 -1.000000e+00  0  2.7540  3.565311e+12  0.000000e+00  0.000000e+00  2.992408e-01 -1.239720e+02  3.902951e+00  1  2.7540  7.922718e+10  0.000000e+00  0.000000e+00  3.217832e-01 -1.053223e+02  7.220481e-02  2  2.7540  7.700585e+00  0.000000e+00  0.000000e+00  1.253950e-01 -1.563491e+02  0.000000e+00 
3  1.505056e+00  8.499758e-01  3.853040e+05  5.579287e-01 6  3.195531e-01  1.878396e+00 1   7.9835  1.648102e+00 -2.319271e+00  0  0.3830  4.578325e+11  0.000000e+00  0.000000e+00  2.707283e-01  1.683870e+01  2.550767e+01  1  0.3830  2.743727e+10  0.000000e+00  0.000000e+00  4.611692e-01  2.692202e+00  1.411023e-01  2  0.3830  2.201284e+13  8.473643e+00 -2.989101e+01  3.859317e-01  1.726577e+02  5.268591e+00  3  0.3830  2.115366e+11  8.473643e+00 -2.989101e+01  4.034054e-01  1.498400e+02  5.164498e-01  4  0.3830  7.983455e+00  0.000000e+00  0.000000e+00  9.232965e-02 -3.148498e+01  0.000000e+00 
3  1.245958e+01  5.914247e+00  3.247700e+04  7.427847e-01 6 -1.000000e+00  2.617197e+01 2   6.2891  2.868960e-01  4.168433e-01 -1 -1.0000 -1.000000e+00 -1.000000e+00 -1.000000e+00 -1.000000e+00 -1.000000e+00 -1.000000e+00 -1 -1.0000 -1.000000e+00 -1.000000e+00 -1.000000e+00 -1.000000e+00 -1.000000e+00 -1.000000e+00  0  0.4310  1.543685e+12  0.000000e+00  0.000000e+00  1.060874e-01  1.170422e+02  7.452705e+00  1  0.4310  5.120715e+10  0.000000e+00  0.000000e+00  2.548387e-01  1.091840e+02  1.277748e-01  2  0.4310  6.289113e+00  0.000000e+00  0.000000e+00  1.750665e-01 -2.919707e+01  0.000000e+00 
3  6.217808e+01  4.432008e+01  2.419210e+05  2.090894e-01 6  3.055936e-01  8.791345e+01 1   1.0577  4.117489e-01 -6.061892e-01  0  0.7820  7.251677e+11  0.000000e+00  0.000000e+00  2.091113e-01 -8.867675e+01  1.305645e+01  1  0.7820  3.144817e+10  0.000000e+00  0.000000e+00  1.980066e-01 -1.249117e+02  7.062545e-02  2  0.7820  3.970522e+13  4.373857e+01 -7.686783e+01  3.979665e-01 -1.469652e+02  4.390687e+00  3  0.7820  2.091045e+11  4.373857e+01 -7.686783e+01  5.937665e-01 -1.477669e+02  2.054085e-01  4  0.7820  1.057743e+00  0.000000e+00  0.000000e+00  5.576938e-02 -2.783339e+01  0.000000e+00 
3  1.894614e+01  2.671058e+01  2.780690e+05  2.720118e+00 6 -1.000000e+00  3.901108e+01 3   2.0849 -9.834076e-01 -7.627425e-01 -1 -1.0000 -1.000000e+00 -1.000000e+00 -1.000000e+00 -1.000000e+00 -1.000000e+00 -1.000000e+00 -1 -1.0000 -1.000000e+00 -1.000000e+00 -1.000000e+00 -1.000000e+00 -1.000000e+00 -1.000000e+00  0  0.8300  4.721890e+13  0.000000e+00  0.000000e+00  5.761558e-01  4.872106e+01  9.659714e+00  1  0.8300  1.955087e+11  0.000000e+00  0.000000e+00  8.458808e-02  4.418257e+01  1.400819e-01  2  0.8300  2.084878e+00  0.000000e+00  0.000000e+00  5.086786e-02 -9.099080e+00  0.000000e+00 
3  1.391100e+01  2.921963e+00  2.381080e+05  1.743451e+00 6 -1.000000e+00  2.681084e+01 2   3.2645 -3.877773e-01 -1.684455e+00 -1 -1.0000 -1.000000e+00 -1.000000e+00 -1.000000e+00 -1.000000e+00 -1.000000e+00 -1.000000e+00 -1 -1.0000 -1.000000e+00 -1.000000e+00 -1.000000e+00 -1.000000e+00 -1.000000e+00 -1.000000e+00  0  1.2440  5.327497e+13  0.000000e+00  0.000000e+00  4.373308e-01  1.389872e+02  4.702437e+00  1  1.2440  3.023462e+11  0.000000e+00  0.000000e+00  5.519389e-01  1.412403e+02  9.842302e-02  2  1.2440  3.264483e+00  0.000000e+00  0.000000e+00  8.395804e-02  3.893502e+00  0.000000e+00 
3  1.055329e+01  7.738591e+00  2.710840e+05  3.330026e-01 6 -1.000000e+00  1.451566e+01 1   4.8377  1.205454e-01 -1.816254e-01 -1 -1.0000 -1.000000e+00 -1.000000e+00 -1.000000e+00 -1.000000e+00 -1.000000e+00 -1.000000e+00 -1 -1.0000 -1.000000e+00 -1.000000e+00 -1.000000e+00 -1.000000e+00 -1.000000e+00 -1.000000e+00  0  1.4210  1.569642e+12  0.000000e+00  0.000000e+00  3.189670e-01 -1.371122e+02  2.580647e+00  1  1.4210  4.919613e+10  0.000000e+00  0.000000e+00  4.588496e-01 -1.503738e+02  3.841888e-02  2  1.4210  4.837686e+00  0.000000e+00  0.000000e+00  1.256333e-01 -3.773532e+01  0.000000e+00 
1  1.139238e+01  1.980206e+01  3.741480e+05  9.917572e-01 0  2.589214e-01  1.980206e+01 2   7.0205  1.979282e+00  2.048364e+00  0  2.0650  2.250275e+12  0.000000e+00  0.000000e+00  2.378145e-01 -4.796211e+01  9.910856e+00  1  2.0650  6.952897e+10  0.000000e+00  0.000000e+00  4.587490e-01 -7.381881e+01  5.564230e-02  2  2.0650  6.095542e+13  7.787867e+00  1.639271e+01  4.350947e-01 -1.566879e+01  3.513925e+00  3  2.0650  1.238258e+11  7.787867e+00  1.639271e+01  9.661345e-02 -3.218425e+01  1.106866e-01  4  2.0650  7.020535e+00  0.000000e+00  0.000000e+00  2.374267e-01 -1.472079e+02  0.000000e+00 
1  8.124258e+00  1.467080e+01  2.777740e+05  6.268144e+00 0 -1.000000e+00  1.467080e+01 2   5.2770  3.333460e+00  2.491818e+00 -1 -1.0000 -1.000000e+00 -1.000000e+00 -1.000000e+00 -1.000000e+00 -1.000000e+00 -1.000000e+00 -1 -1.0000 -1.000000e+00 -1.000000e+00 -1.000000e+00 -1.000000e+00 -1.000000e+00 -1.000000e+00  0  0.1530  2.286380e+14  0.000000e+00  0.000000e+00  1.994248e-01 -1.488963e+02  9.410278e+00  1  0.1530  6.031474e+11  0.000000e+00  0.000000e+00  5.456558e-01 -2.040663e+02  3.798789e+00  2  0.1530  5.276955e+00  0.000000e+00  0.000000e+00  6.101409e-02  6.597421e+01  0.000000e+00 
3  2.818046e+00  4.618362e+00  2.508340e+05  1.419869e-01 6  3.052113e-01  5.731793e+00 3  11.2880 -3.457208e-01 -1.540450e-01  0  0.4390  1.220125e+11  0.000000e+00  0.000000e+00  3.344933e-01  6.193686e+01  2.303825e+01  1  0.4390  1.506116e+09  0.000000e+00  0.000000e+00  2.717786e-01  6.346390e+01  7.448505e-02  2  0.4390  1.480533e+12 -2.493050e+01 -1.173368e+01  3.454183e-01  8.052290e+01  7.717343e+00  3  0.4390  4.079265e+10 -2.493050e+01 -1.173368e+01  5.620666e-01  2.833935e+01  1.587590e-01  4  0.4390  1.128798e+01  0.000000e+00  0.000000e+00  1.476824e-01  1.268426e+02  0.000000e+00 
3  1.515087e+01  1.015886e+01  3.435560e+05  6.474677e-01 6 -1.000000e+00  2.878438e+01 3   4.9215  3.908057e-01 -4.237780e-02 -1 -1.0000 -1.000000e+00 -1.000000e+00 -1.000000e+00 -1.000000e+00 -1.000000e+00 -1.000000e+00 -1 -1.0000 -1.000000e+00 -1.000000e+00 -1.000000e+00 -1.000000e+00 -1.000000e+00 -1.000000e+00  0  0.5750  1.941286e+12  0.000000e+00  0.000000e+00  2.408593e-01  1.025327e+02  9.148005e+00  1  0.5750  5.220825e+10  0.000000e+00  0.000000e+00  1.217324e-01  1.226485e+02  2.295064e-01  2  0.5750  4.921490e+00  0.000000e+00  0.000000e+00  8.142761e-02  9.262946e+01  0.000000e+00 
3  4.164096e+00  7.146703e+00  1.422920e+05  3.163381e+00 6  2.803661e-01  1.068711e+01 3  10.1184 -9.424416e+00 -1.701176e+00  0  0.6230  2.121349e+13  0.000000e+00  0.000000e+00  2.917259e-01 -6.848893e-02  1.058070e+01  1  0.6230  1.502126e+11  0.000000e+00  0.000000e+00  6.354428e-01  1.457337e+01  3.812579e-01  2  0.6230  1.590971e+14 -6.377328e+01 -2.826286e+01  5.311799e-01 -5.038568e+01  5.298820e+00  3  0.6230  4.300330e+11 -6.377328e+01 -2.826286e+01  3.719188e-01 -1.125382e+02  3.238205e-01  4  0.6230  1.011845e+01  0.000000e+00  0.000000e+00  1.098565e-01 -5.264998e+01  0.000000e+00 
1  1.003806e+01  1.758868e+01  2.287110e+05  3.432567e+00 0 -1.000000e+00  1.758868e+01 2   5.4314 -9.623103e-01 -3.182007e+00 -1 -1.0000 -1.000000e+00 -1.000000e+00 -1.000000e+00 -1.000000e+00 -1.000000e+00 -1.000000e+00 -1 -1.0000 -1.000000e+00 -1.000000e+00 -1.000000e+00 -1.000000e+00 -1.000000e+00 -1.000000e+00  0  0.6620  1.332933e+14  0.000000e+00  0.000000e+00  5.121400e-01  8.231757e+00  4.505661e+00  1  0.6620  4.448614e+11  0.000000e+00  0.000000e+00  1.150043e-01 -3.652792e+00  4.530462e-01  2  0.6620  5.431359e+00  0.000000e+00  0.000000e+00  2.880688e-02  9.447059e+01  0.000000e+00 
3  1.557859e+01  7.925449e+00  3.992830e+05  5.556439e-01 6  2.989439e-01  1.883256e+01 1   4.4459  1.314452e+00 -7.338660e-02  0  0.6670  7.252554e+11  0.000000e+00  0.000000e+00  2.675269e-01  1.181230e+02  1.458208e+01  1  0.6670  3.177696e+10  0.000000e+00  0.000000e+00  4.608370e-01  1.277354e+02  6.311498e-02  2  0.6670  1.052861e+13  1.943195e+01 -8.205462e+00  2.424485e-01  2.474997e+00  9.312445e+00  3  0.6670  9.720121e+10  1.943195e+01 -8.205462e+00  2.330439e-01 -2.694513e+01  3.579700e-01  4  0.6670  4.445863e+00  0.000000e+00  0.000000e+00  1.423767e-01 -4.946984e+01  0.000000e+00 
1  1.335850e+01  2.399230e+01  1.647070e+05  5.415886e+00 0  2.723114e-01  2.399230e+01 2   6.0219  4.589059e+00 -1.409679e+01  0  0.6950  8.763651e+13  0.000000e+00  0.000000e+00  4.563593e-01  1.586427e+02  7.745193e+00  1  0.6950  2.015828e+11  0.000000e+00  0.000000e+00  2.401181e-01  1.722839e+02  1.888073e-01  2  0.6950  3.619366e+14  9.989934e+01 -1.484463e+02  3.198992e-01 -3.578776e+00  4.906080e+00  3  0.6950  6.227086e+11  9.989934e+01 -1.484463e+02  2.604194e-01 -6.908230e+01  8.758894e-01  4  0.6950  6.021885e+00  0.000000e+00  0.000000e+00  2.021192e-01  8.770567e+01  0.000000e+00 
1  1.138886e+01  2.883982e+01  6.050300e+04  6.135520e-02 0  3.004971e-01  2.883982e+01 2   3.8793 -6.567026e-02 -8.230697e-02  0  0.8060  2.896334e+10  0.000000e+00  0.000000e+00  9.043771e-02 -4.576058e+01  4.139163e+01  1  0.8060  5.363012e+07  0.000000e+00  0.000000e+00  2.437870e-01  1.607494e+01  2.940720e-02  2  0.8060  3.193973e+11 -3.700607e+00 -7.477754e+00  4.549638e-01  3.911199e+01  1.162885e+01  3  0.8060  4.773009e+09 -3.700607e+00 -7.477754e+00  2.236291e-01  2.859994e+01  1.640327e-01  4  0.8060  3.879333e+00  0.000000e+00  0.000000e+00  9.894479e-02  1.692216e+02  0.000000e+00 
3  7.105495e+00  3.426632e+00  2.551730e+05  8.150266e-01 6 -1.000000e+00  8.918291e+00 1   6.3492 -4.413440e-01  4.821734e-01 -1 -1.0000 -1.000000e+00 -1.000000e+00 -1.000000e+00 -1.000000e+00 -1.000000e+00 -1.000000e+00 -1 -1.0000 -1.000000e+00 -1.000000e+00 -1.000000e+00 -1.000000e+00 -1.000000e+00 -1.000000e+00  0  0.8970  1.584910e+12  0.000000e+00  0.000000e+00  1.534236e-01  1.338084e+02  1.025341e+01  1  0.8970  4.851178e+10  0.000000e+00  0.000000e+00  4.054715e-01  9.630089e+01  5.393848e-02  2  0.8970  6.349246e+00  0.000000e+00  0.000000e+00  1.382999e-01 -2.990989e+01  0.000000e+00 
3  5.808520e+00  2.694142e+00  6.628300e+04  7.870095e-01 6 -1.000000e+00  7.984877e+00 1   5.5183 -4.116140e-01 -6.367691e-01 -1 -1.0000 -1.000000e+00 -1.000000e+00 -1.000000e+00 -1.000000e+00 -1.000000e+00 -1.000000e+00 -1 -1.0000 -1.000000e+00 -1.000000e+00 -1.000000e+00 -1.000000e+00 -1.000000e+00 -1.000000e+00  0  0.9520  7.775131e+12  0.000000e+00  0.000000e+00  2.887195e-01  3.345136e+01  3.771374e+00  1  0.9520  9.137578e+10  0.000000e+00  0.000000e+00  3.795544e-01  5.331584e+01  8.618405e-02  2  0.9520  5.518349e+00  0.000000e+00  0.000000e+00  2.726926e-02  2.488419e+01  0.000000e+00 
3  2.002752e+01  5.180342e+00  3.359170e+05  1.976321e+00 6 -1.000000e+00  4.219077e+01 2   3.8054  1.608962e+00  2.092021e-01 -1 -1.0000 -1.000000e+00 -1.000000e+00 -1.000000e+00 -1.000000e+00 -1.000000e+00 -1.000000e+00 -1 -1.0000 -1.000000e+00 -1.000000e+00 -1.000000e+00 -1.000000e+00 -1.000000e+00 -1.000000e+00  0  1.0010  7.747632e+13  0.000000e+00  0.000000e+00  2.167904e-01  8.196555e+01  3.430533e+00  1  1.0010  2.152229e+11  0.000000e+00  0.000000e+00  1.977863e-01  3.436350e+01  1.183141e-01  2  1.0010  3.805427e+00  0.000000e+00  0.000000e+00  7.104243e-02 -3.019410e+01  0.000000e+00 
3  1.082468e+01  4.778110e+00  2.307810e+05  4.855346e-01 6 -1.000000e+00  1.293039e+01 1   4.5394  1.117668e-01 -4.950048e-01 -1 -1.0000 -1.000000e+00 -1.000000e+00 -1.000000e+00 -1.000000e+00 -1.000000e+00 -1.000000e+00 -1 -1.0000 -1.000000e+00 -1.000000e+00 -1.000000e+00 -1.000000e+00 -1.000000e+00 -1.000000e+00  0  1.0410  2.163795e+12  0.000000e+00  0.000000e+00  5.312686e-01 -4.428407e+01  3.784240e+00  1  1.0410  5.628754e+10  0.000000e+00  0.000000e+00  7.968162e-02  1.920461e+00  5.660925e-02  2  1.0410  4.539419e+00  0.000000e+00  0.000000e+00  9.422065e-02 -5.133917e+01  0.000000e+00 
3  2.868676e+00  2.921156e+00  3.922520e+05  3.836674e-01 6 -1.000000e+00  5.276723e+00 3  11.4109 -1.380194e-01 -7.042972e-02 -1 -1.0000 -1.000000e+00 -1.000000e+00 -1.000000e+00 -1.000000e+00 -1.000000e+00 -1.000000e+00 -1 -1.0000 -1.000000e+00 -1.000000e+00 -1.000000e+00 -1.000000e+00 -1.000000e+00 -1.000000e+00  0  1.0590  1.244884e+12  0.000000e+00  0.000000e+00  2.339177e-01  8.139496e+01  3.462948e+00  1  1.0590  3.554608e+10  0.000000e+00  0.000000e+00  1.815719e-01  7.330379e+01  1.620375e-01  2  1.0590  1.141088e+01  0.000000e+00  0.000000e+00  7.296131e-02 -2.593444e+01  0.000000e+00 
1  1.706108e+00  2.980281e+00  2.347000e+04  1.602581e+00 0 -1.000000e+00  2.980281e+00 2   7.8168 -1.864342e+00 -2.653048e+00 -1 -1.0000 -1.000000e+00 -1.000000e+00 -1.000000e+00 -1.000000e+00 -1.000000e+00 -1.000000e+00 -1 -1.0000 -1.000000e+00 -1.000000e+00 -1.000000e+00 -1.000000e+00 -1.000000e+00 -1.000000e+00  0  1.1010  1.556171e+13  0.000000e+00  0.000000e+00  4.210305e-01  1.380601e+02  6.465641e+00  1  1.1010  1.130430e+11  0.000000e+00  0.000000e+00  1.084607e-01  9.979574e+01  7.966997e-02  2  1.1010  7.816782e+00  0.000000e+00  0.000000e+00  1.436228e-01 -4.274354e+01  0.000000e+00 
1  7.773618e+00  1.375145e+01  6.701700e+04  2.382164e+00 0 -1.000000e+00  1.375145e+01 2   4.6902 -1.784815e+00  9.749806e-01 -1 -1.0000 -1.000000e+00 -1.000000e+00 -1.000000e+00 -1.000000e+00 -1.000000e+00 -1.000000e+00 -1 -1.0000 -1.000000e+00 -1.000000e+00 -1.000000e+00 -1.000000e+00 -1.000000e+00 -1.000000e+00  0  1.2820  6.712883e+13  0.000000e+00  0.000000e+00  2.480583e-01  2.093027e+01  4.594933e+00  1  1.2820  1.648797e+11  0.000000e+00  0.000000e+00  3.876111e-01 -9.915621e+00  1.230968e-01  2  1.2820  4.690155e+00  0.000000e+00  0.000000e+00  8.118005e-02  3.794157e+01  0.000000e+00 
3  3.690215e+00  9.034251e-01  1.021660e+05  3.112767e+00 6 -1.000000e+00  6.549563e+00 2   9.0640 -1.416112e+00 -8.199320e-01 -1 -1.0000 -1.000000e+00 -1.000000e+00 -1.000000e+00 -1.000000e+00 -1.000000e+00 -1.000000e+00 -1 -1.0000 -1.000000e+00 -1.000000e+00 -1.000000e+00 -1.000000e+00 -1.000000e+00 -1.000000e+00  0  1.3170  3.876482e+13  0.000000e+00  0.000000e+00  3.519862e-01 -5.471158e+01  5.592295e+00  1  1.3170  1.673758e+11  0.000000e+00  0.000000e+00  2.408546e-02 -6.263234e+01  1.255015e-01  2  1.3170  9.064024e+00  0.000000e+00  0.000000e+00  1.395021e-01  1.783545e+02  0.000000e+00 
4  7.810927e+00  1.071672e+01  6.547400e+04  7.150174e-01 6 -1.000000e+00  1.488384e+01 3   5.9560  7.451304e-02  1.690524e-01 -1 -1.0000 -1.000000e+00 -1.000000e+00 -1.000000e+00 -1.000000e+00 -1.000000e+00 -1.000000e+00 -1 -1.0000 -1.000000e+00 -1.000000e+00 -1.000000e+00 -1.000000e+00 -1.000000e+00 -1.000000e+00  0  1.4650  2.667125e+12  0.000000e+00  0.000000e+00  3.809751e-01 -1.265930e+02  8.850401e+00  1  1.4650  5.335912e+10  0.000000e+00  0.000000e+00  2.123306e-01 -1.435458e+02  1.054003e-02  2  1.4650  5.956040e+00  0.000000e+00  0.000000e+00  1.727184e-01 -1.194454e+02  0.000000e+00 
3  3.238548e+00  6.235610e-01  6.503800e+04  6.107010e-01 6 -1.000000e+00  5.632461e+00 2   7.9907  4.948776e-01  6.172379e-01 -1 -1.0000 -1.000000e+00 -1.000000e+00 -1.000000e+00 -1.000000e+00 -1.000000e+00 -1.000000e+00 -1 -1.0000 -1.000000e+00 -1.000000e+00 -1.000000e+00 -1.000000e+00 -1.000000e+00 -1.000000e+00  0  1.4720  3.822489e+12  0.000000e+00  0.000000e+00  4.014881e-01  1.558843e+02  3.807412e+00  1  1.4720  5.538412e+10  0.000000e+00  0.000000e+00  2.115470e-01  1.079663e+02  3.287308e-02  2  1.4720  7.990717e+00  0.000000e+00  0.000000e+00  1.755363e-01  1.458843e+02  0.000000e+00 
3  1.174706e+01  6.497463e+00  2.495820e+05  1.447535e+00 6 -1.000000e+00  2.333657e+01 2   5.0997  7.494971e-01 -2.329512e-01 -1 -1.0000 -1.000000e+00 -1.000000e+00 -1.000000e+00 -1.000000e+00 -1.000000e+00 -1.000000e+00 -1 -1.0000 -1.000000e+00 -1.000000e+00 -1.000000e+00 -1.000000e+00 -1.000000e+00 -1.000000e+00  0  1.5120  4.864353e+13  0.000000e+00  0.000000e+00  1.914719e-01 -1.408133e+02  2.787397e+00  1  1.5120  1.760633e+11  0.000000e+00  0.000000e+00  4.026468e-01 -1.144224e+02  1.548179e-01  2  1.5120  5.099724e+00  0.000000e+00  0.000000e+00  4.365223e-02  1.628692e+01  0.000000e+00 
3  3.992525e+00  2.704170e+00  2.356520e+05  2.713865e-01 6 -1.000000e+00  6.024788e+00 1   5.3219 -1.247608e-01 -3.628677e-02 -1 -1.0000 -1.000000e+00 -1.000000e+00 -1.000000e+00 -1.000000e+00 -1.000000e+00 -1.000000e+00 -1 -1.0000 -1.000000e+00 -1.000000e+00 -1.000000e+00 -1.000000e+00 -1.000000e+00 -1.000000e+00  0  1.8790  1.109308e+12  0.000000e+00  0.000000e+00  3.133953e-01  1.393364e+02  4.441288e+00  1  1.8790  1.728480e+10  0.000000e+00  0.000000e+00  4.359455e-01  9.443993e+01  7.176910e-02  2  1.8790  5.321882e+00  0.000000e+00  0.000000e+00  1.166768e-01  1.653430e+02  0.000000e+00 
3  1.403892e+01  8.512552e+00  2.745780e+05  2.247380e-01 6 -1.000000e+00  2.062576e+01 1   6.4643 -2.195611e-01 -4.598593e-02 -1 -1.0000 -1.000000e+00 -1.000000e+00 -1.000000e+00 -1.000000e+00 -1.000000e+00 -1.000000e+00 -1 -1.0000 -1.000000e+00 -1.000000e+00 -1.000000e+00 -1.000000e+00 -1.000000e+00 -1.000000e+00  0  1.9220  1.462526e+12  0.000000e+00  0.000000e+00  3.313333e-01 -1.409824e+02  4.063601e+00  1  1.9220  2.379823e+10  0.000000e+00  0.000000e+00  4.353377e-01 -1.942757e+02  6.064987e-02  2  1.9220  6.464259e+00  0.000000e+00  0.000000e+00  8.530601e-02  8.415839e+01  0.000000e+00 
3  4.550384e+00  3.836023e+00  4.405000e+03  1.666895e-01 6 -1.000000e+00  1.038245e+01 3   8.6502  5.311646e-03  7.333725e-02 -1 -1.0000 -1.000000e+00 -1.000000e+00 -1.000000e+00 -1.000000e+00 -1.000000e+00 -1.000000e+00 -1 -1.0000 -1.000000e+00 -1.000000e+00 -1.000000e+00 -1.000000e+00 -1.000000e+00 -1.000000e+00  0  2.2010  5.994165e+11  0.000000e+00  0.000000e+00  2.416452e-01 -1.788238e+02  4.548354e+00  1  2.2010  7.839964e+09  0.000000e+00  0.000000e+00  4.919333e-02 -1.439517e+02  3.047520e-02  2  2.2010  8.650152e+00  0.000000e+00  0.000000e+00  4.050763e-02 -1.730172e+02  0.000000e+00 
3  5.709469e+01  3.862203e+01  1.014930e+05  6.029894e-01 6 -1.000000e+00  7.783979e+01 1   1.6803  6.263663e-01  5.547379e-03 -1 -1.0000 -1.000000e+00 -1.000000e+00 -1.000000e+00 -1.000000e+00 -1.000000e+00 -1.000000e+00 -1 -1.0000 -1.000000e+00 -1.000000e+00 -1.000000e+00 -1.000000e+00 -1.000000e+00 -1.000000e+00  0  0.3010  4.940505e+12  0.000000e+00  0.000000e+00  1.934618e-01 -8.738634e+00  7.029818e+00  1  0.3010  6.305887e+10  0.000000e+00  0.000000e+00  3.454503e-01  1.206622e+01  2.852463e-01  2  0.3010  1.680251e+00  0.000000e+00  0.000000e+00  5.659022e-03  6.939206e+01  0.000000e+00 
3  8.112973e+01  6.761206e+01  2.221000e+04  7.737298e-01 6  2.870446e-01  1.405112e+02 1   1.4734  6.998340e-01 -9.455508e-01  0  0.5710  3.433416e+12  0.000000e+00  0.000000e+00  1.310497e-01  1.336315e+02  1.303087e+01  1  0.5710  7.644625e+10  0.000000e+00  0.000000e+00  4.480634e-01  1.186192e+02  2.542387e-01  2  0.5710  1.690742e+13  3.534095e+01 -2.102750e+01  3.054857e-01  8.912616e+01  3.776665e+00  3  0.5710  1.771517e+11  3.534095e+01 -2.102750e+01  1.359104e-01  5.322038e+01  5.330130e-01  4  0.5710  1.473370e+00  0.000000e+00  0.000000e+00  9.310530e-02 -1.822625e+01  0.000000e+00 
3  3.753258e+00  2.029218e+00  1.158390e+05  5.292838e-01 6 -1.000000e+00  4.627363e+00 1   5.1045  2.022606e-01  5.019535e-01 -1 -1.0000 -1.000000e+00 -1.000000e+00 -1.000000e+00 -1.000000e+00 -1.000000e+00 -1.000000e+00 -1 -1.0000 -1.000000e+00 -1.000000e+00 -1.000000e+00 -1.000000e+00 -1.000000e+00 -1.000000e+00  0  0.6330  1.956063e+12  0.000000e+00  0.000000e+00  2.601501e-01 -7.969145e+00  4.396418e+00  1  0.6330  6.652508e+10  0.000000e+00  0.000000e+00  2.390244e-01 -1.139507e+01  1.549494e-01  2  0.6330  5.104496e+00  0.000000e+00  0.000000e+00  1.797187e-01 -1.160698e+02  0.000000e+00 
3  7.232144e+00  5.048827e+00  2.009150e+05  3.145943e-01 6 -1.000000e+00  1.018211e+01 1   8.5461  1.535470e-02  2.292118e-01 -1 -1.0000 -1.000000e+00 -1.000000e+00 -1.000000e+00 -1.000000e+00 -1.000000e+00 -1.000000e+00 -1 -1.0000 -1.000000e+00 -1.000000e+00 -1.000000e+00 -1.000000e+00 -1.000000e+00 -1.000000e+00  0  0.9640  8.509130e+11  0.000000e+00  0.000000e+00  2.501277e-01  2.498013e+00  5.021004e+00  1  0.9640  2.375548e+10  0.000000e+00  0.000000e+00  2.608870e-01 -3.504462e+01  7.937343e-02  2  0.9640  8.546117e+00  0.000000e+00  0.000000e+00  8.962903e-02 -9.390671e+01  0.000000e+00 
3  1.475404e+01  1.095739e+01  2.148830e+05  4.767046e-01 6 -1.000000e+00  1.877327e+01 1   6.2134  8.059312e-02  3.141021e-01 -1 -1.0000 -1.000000e+00 -1.000000e+00 -1.000000e+00 -1.000000e+00 -1.000000e+00 -1.000000e+00 -1 -1.0000 -1.000000e+00 -1.000000e+00 -1.000000e+00 -1.000000e+00 -1.000000e+00 -1.000000e+00  0  0.9900  1.321877e+12  0.000000e+00  0.000000e+00  3.715381e-01 -6.409919e+01  4.224360e+00  1  0.9900  5.206400e+10  0.000000e+00  0.000000e+00  1.317450e-01 -4.825622e+01  1.137650e-01  2  0.9900  6.213409e+00  0.000000e+00  0.000000e+00  9.398887e-02  8.309982e+01  0.000000e+00 
3  7.724165e+00  1.090929e+01  2.453560e+05  4.277364e-01 6 -1.000000e+00  1.380432e+01 3   5.0840 -6.970797e-03 -9.417939e-02 -1 -1.0000 -1.000000e+00 -1.000000e+00 -1.000000e+00 -1.000000e+00 -1.000000e+00 -1.000000e+00 -1 -1.0000 -1.000000e+00 -1.000000e+00 -1.000000e+00 -1.000000e+00 -1.000000e+00 -1.000000e+00  0  1.0050  1.877248e+12  0.000000e+00  0.000000e+00  1.985388e-01  3.441206e+00  5.926608e+00  1  1.0050  4.007933e+10  0.000000e+00  0.000000e+00  1.950491e-01 -9.051086e+00  7.931556e-02  2  1.0050  5.083974e+00  0.000000e+00  0.000000e+00  1.190300e-01 -1.219169e+02  0.000000e+00 
2  3.645995e+00  2.174768e+00  3.720550e+05  8.907079e-01 6 -1.000000e+00  5.078595e+00 1   9.3779  3.999680e-01  3.957500e-01 -1 -1.0000 -1.000000e+00 -1.000000e+00 -1.000000e+00 -1.000000e+00 -1.000000e+00 -1.000000e+00 -1 -1.0000 -1.000000e+00 -1.000000e+00 -1.000000e+00 -1.000000e+00 -1.000000e+00 -1.000000e+00  0  1.8590  3.249995e+12  0.000000e+00  0.000000e+00  1.692258e-01  8.314085e+01  6.513797e+00  1  1.8590  6.241277e+10  0.000000e+00  0.000000e+00  3.530051e-01  1.014761e+02  3.391053e-02  2  1.8590  9.377877e+00  0.000000e+00  0.000000e+00  1.264577e-01  6.015292e+01  0.000000e+00 
5  2.285619e+00  4.639149e+00  1.198890e+05  1.876356e+00 6  2.902656e-01  5.042290e+00 3  15.3130 -3.114586e+00 -3.143188e+00  0  0.6610  4.130886e+12  0.000000e+00  0.000000e+00  1.771950e-01 -2.519939e+01  1.559997e+01  1  0.6610  7.464593e+10  0.000000e+00  0.000000e+00  3.012466e-01 -2.125631e+01  1.345380e-01  2  0.6610  4.402689e+13 -8.578411e+00 -8.512578e+00  9.842048e-02  5.854959e+01  5.373656e+00  3  0.6610  1.672965e+11 -8.578411e+00 -8.512578e+00  3.182398e-01  7.769842e+01  1.873238e-01  4  0.6610  1.531305e+01  0.000000e+00  0.000000e+00  5.274954e-02  9.223698e+01  0.000000e+00 
5  1.144389e+01  2.585195e+01  2.071300e+05  4.258353e-01 6  3.002420e-01  4.120238e+01 3   1.9187  1.893293e+00 -3.800498e-01  0  0.7570  1.041980e+12  0.000000e+00  0.000000e+00  1.289839e-01  1.220775e+01  1.161795e+01  1  0.7570  3.734072e+10  0.000000e+00  0.000000e+00  3.301595e-01 -2.704566e+01  4.591166e-02  2  0.7570  2.588862e+13  1.941655e+01 -6.621647e-01  3.548562e-01 -5.380528e+01  4.596876e+00  3  0.7570  1.556241e+11  1.941655e+01 -6.621647e-01  1.059878e-01 -4.862961e+01  1.909293e-01  4  0.7570  1.918674e+00  0.000000e+00  0.000000e+00  5.677870e-02  9.398480e+01  0.000000e+00 
1  7.702677e+00  1.337867e+01  1.373140e+05  4.763599e+00 0  2.764198e-01  1.337867e+01 2   7.8990 -6.150307e+00  1.400928e+01  0  0.7990  1.866127e+13  0.000000e+00  0.000000e+00  3.419525e-01  3.718402e+01  1.591804e+01  1  0.7990  9.537150e+10  0.000000e+00  0.000000e+00  5.230636e-01  9.519309e+01  9.953086e-02  2  0.7990  2.115145e+14 -1.475867e+01  3.153685e+01  3.356018e-01 -1.285041e+02  4.089396e+00  3  0.7990  4.162158e+11 -1.475867e+01  3.153685e+01  4.220642e-01 -1.442120e+02  3.815377e-01  4  0.7990  7.899046e+00  0.000000e+00  0.000000e+00  4.073775e-02  1.535086e+02  0.000000e+00 
3  8.078594e+00  8.285241e+00  3.482080e+05  4.277852e-01 6 -1.000000e+00  9.593280e+00 1   6.7682  1.478220e-01  2.717951e-01 -1 -1.0000 -1.000000e+00 -1.000000e+00 -1.000000e+00 -1.000000e+00 -1.000000e+00 -1.000000e+00 -1 -1.0000 -1.000000e+00 -1.000000e+00 -1.000000e+00 -1.000000e+00 -1.000000e+00 -1.000000e+00  0  1.1300  1.119681e+12  0.000000e+00  0.000000e+00  2.193265e-01  4.765943e+01  3.842000e+00  1  1.1300  3.833850e+10  0.000000e+00  0.000000e+00  3.872377e-01  5.722599e+01  6.291779e-02  2  1.1300  6.768179e+00  0.000000e+00  0.000000e+00  2.012605e-01  6.584241e+01  0.000000e+00 
1  8.077147e+00  3.387439e+01  1.158070e+05  5.158152e-01 0  2.903006e-01  3.387439e+01 2   5.7837  4.085791e-01  2.203306e+00  0  1.2510  4.671369e+11  0.000000e+00  0.000000e+00  2.639837e-02 -2.318981e+01  2.227786e+01  1  1.2510  1.139311e+10  0.000000e+00  0.000000e+00  1.280469e-01  3.557844e+00  1.194822e-01  2  1.2510  9.968186e+12  8.202311e-01  5.251208e+00  4.756421e-01  1.729270e+02  5.556128e+00  3  1.2510  1.163971e+11  8.202311e-01  5.251208e+00  4.886491e-01  1.550816e+02  5.714212e-02  4  1.2510  5.783666e+00  0.000000e+00  0.000000e+00  1.542874e-01  1.663567e+02  0.000000e+00 
2  3.529793e+00  2.738638e+00  1.370150e+05  1.364377e+00 6 -1.000000e+00  5.932595e+00 1   7.7175 -7.498734e-01 -2.690269e-01 -1 -1.0000 -1.000000e+00 -1.000000e+00 -1.000000e+00 -1.000000e+00 -1.000000e+00 -1.000000e+00 -1 -1.0000 -1.000000e+00 -1.000000e+00 -1.000000e+00 -1.000000e+00 -1.000000e+00 -1.000000e+00  0  1.4260  1.126286e+13  0.000000e+00  0.000000e+00  2.901011e-01  1.483186e+02  7.149197e+00  1  1.4260  8.546709e+10  0.000000e+00  0.000000e+00  2.303089e-01  1.582430e+02  2.127701e-02  2  1.4260  7.717510e+00  0.000000e+00  0.000000e+00  1.096974e-01  3.643346e+01  0.000000e+00 
3  6.058015e+01  3.379522e+01  2.502820e+05  1.422961e-01 6 -1.000000e+00  7.913557e+01 1   1.7690 -3.393114e-02 -1.068401e-01 -1 -1.0000 -1.000000e+00 -1.000000e+00 -1.000000e+00 -1.000000e+00 -1.000000e+00 -1.000000e+00 -1 -1.0000 -1.000000e+00 -1.000000e+00 -1.000000e+00 -1.000000e+00 -1.000000e+00 -1.000000e+00  0  1.5400  1.595898e+12  0.000000e+00  0.000000e+00  1.840778e-01  1.762747e+02  3.090658e+00  1  1.5400  5.345173e+10  0.000000e+00  0.000000e+00  1.443866e-01  1.974459e+02  3.099514e-02  2  1.5400  1.769018e+00  0.000000e+00  0.000000e+00  5.200973e-02  2.309800e+00  0.000000e+00 
3  8.297873e+00  4.785493e+00  3.791800e+04  8.457727e-01 6  2.725791e-01  1.304593e+01 1  11.0070  1.370199e+00 -3.815744e-01  0  1.8280  1.333056e+12  0.000000e+00  0.000000e+00  3.370494e-01  4.271209e+01  9.419981e+00  1  1.8280  5.485554e+10  0.000000e+00  0.000000e+00  4.871373e-01  7.718557e+01  5.984688e-02  2  1.8280  1.348956e+13  8.932585e+00  1.298424e+00  4.071164e-01  1.081543e+02  3.370318e+00  3  1.8280  9.914354e+10  8.932585e+00  1.298424e+00  3.967161e-01  1.187561e+02  5.768265e-02  4  1.8280  1.100698e+01  0.000000e+00  0.000000e+00  1.707932e-01 -5.680677e+01  0.000000e+00 
2  3.008020e+01  1.870405e+01  3.193740e+05  8.649688e-01 6 -1.000000e+00  4.559008e+01 1   6.7826  2.957819e-01 -2.912550e-01 -1 -1.0000 -1.000000e+00 -1.000000e+00 -1.000000e+00 -1.000000e+00 -1.000000e+00 -1.000000e+00 -1 -1.0000 -1.000000e+00 -1.000000e+00 -1.000000e+00 -1.000000e+00 -1.000000e+00 -1.000000e+00  0  1.8580  6.640889e+12  0.000000e+00  0.000000e+00  3.427742e-01 -6.682548e+01  3.450064e+00  1  1.8580  1.023036e+11  0.000000e+00  0.000000e+00  2.588958e-01 -7.697631e+01  1.773401e-02  2  1.8580  6.782590e+00  0.000000e+00  0.000000e+00  2.005472e-01 -1.128300e+02  0.000000e+00 
3  8.094302e+00  1.134888e+01  7.209700e+04  1.275726e+00 6 -1.000000e+00  1.427624e+01 3   6.7773 -4.707966e-01  2.601720e-01 -1 -1.0000 -1.000000e+00 -1.000000e+00 -1.000000e+00 -1.000000e+00 -1.000000e+00 -1.000000e+00 -1 -1.0000 -1.000000e+00 -1.000000e+00 -1.000000e+00 -1.000000e+00 -1.000000e+00 -1.000000e+00  0  0.6370  4.355781e+12  0.000000e+00  0.000000e+00  6.450740e-02  2.132377e+00  1.372473e+01  1  0.6370  1.422429e+11  0.000000e+00  0.000000e+00  4.549359e-01 -3.569197e+00  2.775811e-01  2  0.6370  6.777305e+00  0.000000e+00  0.000000e+00  4.065267e-02  1.222893e+01  0.000000e+00 
3  8.619218e+00  6.199894e+00  2.475690e+05  7.751240e-01 6 -1.000000e+00  1.253945e+01 1   5.8304 -4.853180e-01  2.160402e-01 -1 -1.0000 -1.000000e+00 -1.000000e+00 -1.000000e+00 -1.000000e+00 -1.000000e+00 -1.000000e+00 -1 -1.0000 -1.000000e+00 -1.000000e+00 -1.000000e+00 -1.000000e+00 -1.000000e+00 -1.000000e+00  0  0.6850  1.586872e+12  0.000000e+00  0.000000e+00  1.991959e-01 -3.856406e+01  1.423168e+01  1  0.6850  4.897781e+10  0.000000e+00  0.000000e+00  1.797375e-01  4.020387e+01  8.439545e-02  2  0.6850  5.830363e+00  0.000000e+00  0.000000e+00  5.177867e-02  2.029858e+01  0.000000e+00 
3  8.596760e+00  5.023586e+00  1.980410e+05  3.416798e-01 6 -1.000000e+00  1.113663e+01 1   5.3777 -1.237993e-01  2.791776e-01 -1 -1.0000 -1.000000e+00 -1.000000e+00 -1.000000e+00 -1.000000e+00 -1.000000e+00 -1.000000e+00 -1 -1.0000 -1.000000e+00 -1.000000e+00 -1.000000e+00 -1.000000e+00 -1.000000e+00 -1.000000e+00  0  0.7930  8.372524e+11  0.000000e+00  0.000000e+00  1.496551e-01 -6.751501e+01  6.022811e+00  1  0.7930  2.433807e+10  0.000000e+00  0.000000e+00  2.297960e-01 -3.679348e+01  8.034633e-02  2  0.7930  5.377675e+00  0.000000e+00  0.000000e+00  3.580590e-02 -7.380473e+01  0.000000e+00 
3  3.993996e+00  4.264051e+00  2.756140e+05  5.540759e-01 6  3.057395e-01  8.286691e+00 3   5.0952  1.734265e+00  2.071470e+00  0  0.9550  5.061908e+11  0.000000e+00  0.000000e+00  2.669386e-01 -1.752611e+02  1.963658e+01  1  0.9550  1.807571e+10  0.000000e+00  0.000000e+00  3.535724e-01 -2.024850e+02  4.122238e-02  2  0.9550  5.293965e+13  7.189499e+00  3.938647e+00  4.920955e-01  8.181567e+01  2.770312e+00  3  0.9550  1.991202e+11  7.189499e+00  3.938647e+00  3.892944e-01  6.786481e+01  1.643593e-01  4  0.9550  5.095237e+00  0.000000e+00  0.000000e+00  6.462160e-02  3.147931e+01  0.000000e+00 
3  6.201268e+00  2.643130e+00  1.228090e+05  2.986067e-01 6 -1.000000e+00  8.037787e+00 1   4.8751  1.986163e-01  2.668239e-01 -1 -1.0000 -1.000000e+00 -1.000000e+00 -1.000000e+00 -1.000000e+00 -1.000000e+00 -1.000000e+00 -1 -1.0000 -1.000000e+00 -1.000000e+00 -1.000000e+00 -1.000000e+00 -1.000000e+00 -1.000000e+00  0  1.2200  7.973985e+11  0.000000e+00  0.000000e+00  3.364260e-01 -1.399369e+02  8.797356e+00  1  1.2200  2.066787e+10  0.000000e+00  0.000000e+00  3.647881e-01 -1.501563e+02  4.791227e-02  2  1.2200  4.875098e+00  0.000000e+00  0.000000e+00  1.390317e-01 -1.798363e+02  0.000000e+00 
1  5.763187e+00  1.175272e+01  2.386310e+05  3.544342e-01 0  2.764998e-01  1.175272e+01 2   6.9149 -5.314334e-01 -1.525655e-01  0  1.2730  4.219070e+11  0.000000e+00  0.000000e+00  9.363413e-02  6.083740e+01  1.598401e+01  1  1.2730  1.219726e+10  0.000000e+00  0.000000e+00  5.934524e-01  3.782193e+01  6.651829e-02  2  1.2730  8.683836e+11 -2.082349e+00 -1.132590e+00  2.822610e-01  1.079113e+02  4.951128e+00  3  1.2730  2.177693e+10 -2.082349e+00 -1.132590e+00  3.695316e-01  8.263482e+01  1.786945e-01  4  1.2730  6.914886e+00  0.000000e+00  0.000000e+00  8.608876e-02 -9.588938e+01  0.000000e+00 
3  4.981162e+00  4.384051e+00  9.580200e+04  6.713862e-01 6 -1.000000e+00  7.635246e+00 1   9.0214 -3.448532e-01  6.630717e-02 -1 -1.0000 -1.000000e+00 -1.000000e+00 -1.000000e+00 -1.000000e+00 -1.000000e+00 -1.000000e+00 -1 -1.0000 -1.000000e+00 -1.000000e+00 -1.000000e+00 -1.000000e+00 -1.000000e+00 -1.000000e+00  0  2.2530  3.985132e+12  0.000000e+00  0.000000e+00  1.426247e-01  3.116463e+01  3.559237e+00  1  2.2530  7.522279e+10  0.000000e+00  0.000000e+00  2.835262e-01  6.377221e+01  3.305583e-02  2  2.2530  9.021426e+00  0.000000e+00  0.000000e+00  7.517420e-02 -1.360352e+01  0.000000e+00 
3  1.603920e+01  8.230458e+00  3.131660e+05  1.096430e+00 6 -1.000000e+00  3.287660e+01 2   2.9893 -1.458140e-01  8.825141e-01 -1 -1.0000 -1.000000e+00 -1.000000e+00 -1.000000e+00 -1.000000e+00 -1.000000e+00 -1.000000e+00 -1 -1.0000 -1.000000e+00 -1.000000e+00 -1.000000e+00 -1.000000e+00 -1.000000e+00 -1.000000e+00  0  0.4430  1.198990e+13  0.000000e+00  0.000000e+00  2.953717e-01  3.647638e+00  6.576751e+00  1  0.4430  1.342701e+11  0.000000e+00  0.000000e+00  9.192196e-02 -6.300522e-01  3.272622e-01  2  0.4430  2.989295e+00  0.000000e+00  0.000000e+00  9.860093e-02  3.267332e+01  0.000000e+00 
3  1.286894e+01  9.316204e+00  3.741200e+04  7.148360e-01 6  2.847802e-01  2.000733e+01 1   3.6032 -7.228533e-01  7.663200e-01  0  0.8050  1.126619e+12  0.000000e+00  0.000000e+00  1.431680e-01 -3.359683e+01  1.558395e+01  1  0.8050  4.382180e+10  0.000000e+00  0.000000e+00  4.473637e-01 -1.016151e+02  1.095574e-01  2  0.8050  4.690649e+12 -5.094168e+00  2.343977e+00  3.699298e-01 -1.378968e+01  8.478067e+00  3  0.8050  8.953849e+10 -5.094168e+00  2.343977e+00  5.152078e-01  4.040341e+01  5.944157e-02  4  0.8050  3.603238e+00  0.000000e+00  0.000000e+00  7.760586e-02  6.000084e+00  0.000000e+00 
3  3.720903e+01  1.957958e+01  9.727800e+04  6.457633e-01 6 -1.000000e+00  6.618221e+01 2   2.4692 -9.753102e-02 -4.705583e-01 -1 -1.0000 -1.000000e+00 -1.000000e+00 -1.000000e+00 -1.000000e+00 -1.000000e+00 -1.000000e+00 -1 -1.0000 -1.000000e+00 -1.000000e+00 -1.000000e+00 -1.000000e+00 -1.000000e+00 -1.000000e+00  0  0.8520  6.242236e+12  0.000000e+00  0.000000e+00  2.377226e-01 -1.687321e+01  5.297948e+00  1  0.8520  8.064977e+10  0.000000e+00  0.000000e+00  1.721264e-01 -4.000678e+01  7.324992e-02  2  0.8520  2.469213e+00  0.000000e+00  0.000000e+00  2.921010e-02 -2.045438e+00  0.000000e+00 
3  1.237858e+01  4.748635e+00  3.396100e+04  4.162533e-01 6 -1.000000e+00  2.338909e+01 2   5.6906 -2.586147e-02  3.448466e-01 -1 -1.0000 -1.000000e+00 -1.000000e+00 -1.000000e+00 -1.000000e+00 -1.000000e+00 -1.000000e+00 -1 -1.0000 -1.000000e+00 -1.000000e+00 -1.000000e+00 -1.000000e+00 -1.000000e+00 -1.000000e+00  0  1.0920  7.871195e+11  0.000000e+00  0.000000e+00  2.181908e-01 -1.794997e+02  9.679638e+00  1  1.0920  2.238562e+10  0.000000e+00  0.000000e+00  3.113981e-01 -2.527723e+02  5.971071e-02  2  1.0920  5.690590e+00  0.000000e+00  0.000000e+00  1.632843e-01  1.752886e+02  0.000000e+00 
3  2.341726e+00  2.655705e+00  1.730580e+05  1.893210e-01 6  2.692755e-01  4.716203e+00 3   6.3733  4.523877e-01 -2.581692e-01  0  2.6470  3.001078e+11  0.000000e+00  0.000000e+00  2.079011e-01 -6.439463e+01  1.638588e+01  1  2.6470  2.887797e+09  0.000000e+00  0.000000e+00  5.474365e-01 -4.996982e+01  2.075616e-02  2  2.6470  2.726966e+12  5.017110e+00 -3.191898e+00  6.210076e-02  3.122687e+01  1.935507e+00  3  2.6470  4.556430e+10  5.017110e+00 -3.191898e+00  2.859321e-01  7.755177e+00  7.312934e-02  4  2.6470  6.373314e+00  0.000000e+00  0.000000e+00  2.402193e-02  1.037632e+02  0.000000e+00 
1  5.424777e+01  1.725114e+02  2.027950e+05  3.572917e+00 0 -1.000000e+00  1.725114e+02 2   1.6945 -3.954016e+00 -5.263128e+00 -1 -1.0000 -1.000000e+00 -1.000000e+00 -1.000000e+00 -1.000000e+00 -1.000000e+00 -1.000000e+00 -1 -1.0000 -1.000000e+00 -1.000000e+00 -1.000000e+00 -1.000000e+00 -1.000000e+00 -1.000000e+00  0  0.7180  2.745917e+14  0.000000e+00  0.000000e+00  5.032497e-01 -3.445224e+01  4.567354e+00  1  0.7180  7.081851e+11  0.000000e+00  0.000000e+00  3.842913e-01  4.309548e+01  6.929231e-01  2  0.7180  1.694541e+00  0.000000e+00  0.000000e+00  6.238391e-02 -4.660617e+01  0.000000e+00 
5  2.970486e+00  4.569678e+00  2.692980e+05  7.006740e-01 6 -1.000000e+00  5.521835e+00 3  12.3442  2.513490e-02 -5.142731e-02 -1 -1.0000 -1.000000e+00 -1.000000e+00 -1.000000e+00 -1.000000e+00 -1.000000e+00 -1.000000e+00 -1 -1.0000 -1.000000e+00 -1.000000e+00 -1.000000e+00 -1.000000e+00 -1.000000e+00 -1.000000e+00  0  0.7420  1.763446e+12  0.000000e+00  0.000000e+00  3.225069e-01  1.256777e+02  7.346747e+00  1  0.7420  3.942375e+10  0.000000e+00  0.000000e+00  3.061460e-01  8.007650e+01  5.035109e-02  2  0.7420  1.234417e+01  0.000000e+00  0.000000e+00  1.594878e-01  1.614741e+02  0.000000e+00 
3  1.077546e+01  1.245397e+01  2.251300e+05  9.767549e-01 6 -1.000000e+00  1.613338e+01 1   6.2599 -5.657415e-01 -3.313666e-02 -1 -1.0000 -1.000000e+00 -1.000000e+00 -1.000000e+00 -1.000000e+00 -1.000000e+00 -1.000000e+00 -1 -1.0000 -1.000000e+00 -1.000000e+00 -1.000000e+00 -1.000000e+00 -1.000000e+00 -1.000000e+00  0  0.8780  8.677043e+12  0.000000e+00  0.000000e+00  3.490425e-01  8.227222e+00  5.442360e+00  1  0.8780  1.211243e+11  0.000000e+00  0.000000e+00  3.626873e-01  4.455220e+01  1.391215e-01  2  0.8780  6.259900e+00  0.000000e+00  0.000000e+00  1.985983e-02  1.018733e+00  0.000000e+00 
3  5.168659e+01  4.194021e+01  3.329580e+05  1.191305e-01 6 -1.000000e+00  6.237578e+01 1   3.1567  1.336106e-01  4.615702e-03 -1 -1.0000 -1.000000e+00 -1.000000e+00 -1.000000e+00 -1.000000e+00 -1.000000e+00 -1.000000e+00 -1 -1.0000 -1.000000e+00 -1.000000e+00 -1.000000e+00 -1.000000e+00 -1.000000e+00 -1.000000e+00  0  1.2530  5.009215e+11  0.000000e+00  0.000000e+00  4.921529e-01  1.481122e+02  4.599401e+00  1  1.2530  1.182711e+10  0.000000e+00  0.000000e+00  4.700785e-01  1.905716e+02  5.902990e-02  2  1.2530  3.156742e+00  0.000000e+00  0.000000e+00  6.832249e-02 -9.624517e-01  0.000000e+00 
3  1.226691e+01  6.297782e+00  1.759530e+05  4.311522e-01 6 -1.000000e+00  1.844398e+01 1   9.0907  7.703456e-02 -2.997756e-01 -1 -1.0000 -1.000000e+00 -1.000000e+00 -1.000000e+00 -1.000000e+00 -1.000000e+00 -1.000000e+00 -1 -1.0000 -1.000000e+00 -1.000000e+00 -1.000000e+00 -1.000000e+00 -1.000000e+00 -1.000000e+00  0  1.4010  1.072787e+12  0.000000e+00  0.000000e+00  1.095011e-01 -1.134041e+02  6.083162e+00  1  1.4010  3.417872e+10  0.000000e+00  0.000000e+00  2.326174e-01 -1.471622e+02  2.653833e-02  2  1.4010  9.090717e+00  0.000000e+00  0.000000e+00  1.594347e-01  3.812482e+01  0.000000e+00 
4  2.478368e+01  3.354102e+01  1.404580e+05  7.535017e-01 6  2.723654e-01  4.845891e+01 3   3.8577 -1.729239e+00  1.889011e-02  0  1.5750  3.597368e+12  0.000000e+00  0.000000e+00  3.739414e-01 -1.887311e+01  7.064336e+00  1  1.5750  7.542469e+10  0.000000e+00  0.000000e+00  2.888600e-01 -7.175146e+01  3.049928e-02  2  1.5750  2.179756e+13 -8.841407e+00  1.132868e-01  1.789785e-01  8.866955e+01  3.302274e+00  3  1.5750  1.499509e+11 -8.841407e+00  1.132868e-01  1.480102e-01  1.259449e+02  2.313648e-01  4  1.5750  3.857746e+00  0.000000e+00  0.000000e+00  2.923749e-01  1.795408e+02  0.000000e+00 
2  8.187514e+00  4.099180e+00  5.720100e+04  7.287220e-01 6 -1.000000e+00  1.073089e+01 1   5.4110 -6.198998e-01  1.657012e-01 -1 -1.0000 -1.000000e+00 -1.000000e+00 -1.000000e+00 -1.000000e+00 -1.000000e+00 -1.000000e+00 -1 -1.0000 -1.000000e+00 -1.000000e+00 -1.000000e+00 -1.000000e+00 -1.000000e+00 -1.000000e+00  0  1.6620  2.521776e+12  0.000000e+00  0.000000e+00  3.676197e-01  1.425427e+02  9.554092e+00  1  1.6620  6.617952e+10  0.000000e+00  0.000000e+00  2.622475e-01  1.247923e+02  2.503030e-02  2  1.6620  5.411009e+00  0.000000e+00  0.000000e+00  3.851903e-02 -1.713201e+02  0.000000e+00 
3  2.703617e+01  2.351914e+01  2.086770e+05  5.063375e-01 6  2.672134e-01  5.177568e+01 3   2.9041  1.067393e+00 -2.913773e-01  0  1.8420  3.386924e+12  0.000000e+00  0.000000e+00  8.772346e-02 -1.408078e+00  8.164531e+00  1  1.8420  8.413054e+10  0.000000e+00  0.000000e+00  2.213257e-01  1.235574e+01  6.460541e-02  2  1.8420  3.402504e+13  4.417316e+00 -1.299743e+00  4.155044e-01 -1.535875e+02  3.978322e+00  3  1.8420  1.203274e+11  4.417316e+00 -1.299743e+00  4.672341e-01 -1.507477e+02  1.323851e-01  4  1.8420  2.904081e+00  0.000000e+00  0.000000e+00  5.428885e-02  1.449850e+02  0.000000e+00 
3  2.118212e+01  1.480902e+01  1.317880e+05  7.624415e-01 6 -1.000000e+00  3.559943e+01 1   3.0968  2.300720e-01 -4.915789e-01 -1 -1.0000 -1.000000e+00 -1.000000e+00 -1.000000e+00 -1.000000e+00 -1.000000e+00 -1.000000e+00 -1 -1.0000 -1.000000e+00 -1.000000e+00 -1.000000e+00 -1.000000e+00 -1.000000e+00 -1.000000e+00  0  0.3190  3.936719e+12  0.000000e+00  0.000000e+00  3.743388e-01  3.148611e+01  7.353043e+00  1  0.3190  1.072981e+11  0.000000e+00  0.000000e+00  4.099468e-01  1.067861e+01  3.641529e-01  2  0.3190  3.096826e+00  0.000000e+00  0.000000e+00  7.696013e-02 -4.883852e+01  0.000000e+00 
3  1.150172e+01  5.456401e+00  7.152400e+04  7.089545e-01 6 -1.000000e+00  1.398525e+01 1   4.4366  1.983730e-01 -5.206876e-01 -1 -1.0000 -1.000000e+00 -1.000000e+00 -1.000000e+00 -1.000000e+00 -1.000000e+00 -1.000000e+00 -1 -1.0000 -1.000000e+00 -1.000000e+00 -1.000000e+00 -1.000000e+00 -1.000000e+00 -1.000000e+00  0  0.3980  1.683082e+12  0.000000e+00  0.000000e+00  4.455074e-01 -1.093163e+02  4.303105e+00  1  0.3980  4.572645e+10  0.000000e+00  0.000000e+00  4.118032e-01 -1.029623e+02  1.498566e-01  2  0.3980  4.436556e+00  0.000000e+00  0.000000e+00  1.124847e-02  4.546442e+01  0.000000e+00 
3  1.860162e+01  1.204284e+01  4.034850e+05  5.904953e-01 6 -1.000000e+00  2.351917e+01 1   4.8899  6.252585e-03 -4.963444e-01 -1 -1.0000 -1.000000e+00 -1.000000e+00 -1.000000e+00 -1.000000e+00 -1.000000e+00 -1.000000e+00 -1 -1.0000 -1.000000e+00 -1.000000e+00 -1.000000e+00 -1.000000e+00 -1.000000e+00 -1.000000e+00  0  0.5960  1.066922e+12  0.000000e+00  0.000000e+00  4.561900e-02  1.361274e+02  1.087677e+01  1  0.5960  4.358150e+10  0.000000e+00  0.000000e+00  5.291834e-02  1.792810e+02  1.058852e-01  2  0.5960  4.889923e+00  0.000000e+00  0.000000e+00  1.606790e-01  8.207253e+01  0.000000e+00 
3  3.256279e+00  2.086059e+00  2.904480e+05  4.665143e-01 6 -1.000000e+00  3.888149e+00 1   9.2510 -2.497196e-01  2.983448e-01 -1 -1.0000 -1.000000e+00 -1.000000e+00 -1.000000e+00 -1.000000e+00 -1.000000e+00 -1.000000e+00 -1 -1.0000 -1.000000e+00 -1.000000e+00 -1.000000e+00 -1.000000e+00 -1.000000e+00 -1.000000e+00  0  0.6480  7.516031e+11  0.000000e+00  0.000000e+00  1.574884e-01  6.403605e+01  5.460957e+00  1  0.6480  3.407826e+10  0.000000e+00  0.000000e+00  1.008950e-01  1.005676e+02  1.038875e-01  2  0.6480  9.251035e+00  0.000000e+00  0.000000e+00  1.964099e-01  1.443077e+02  0.000000e+00 
3  5.391451e+00  3.225850e+00  9.939400e+04  9.794862e-01 6 -1.000000e+00  7.161230e+00 1   8.6895  7.083823e-01 -4.493234e-01 -1 -1.0000 -1.000000e+00 -1.000000e+00 -1.000000e+00 -1.000000e+00 -1.000000e+00 -1.000000e+00 -1 -1.0000 -1.000000e+00 -1.000000e+00 -1.000000e+00 -1.000000e+00 -1.000000e+00 -1.000000e+00  0  0.6480  3.814519e+12  0.000000e+00  0.000000e+00  3.036895e-01 -1.550706e+01  7.390450e+00  1  0.6480  9.967669e+10  0.000000e+00  0.000000e+00  3.112361e-01 -5.284046e+01  1.240790e-01  2  0.6480  8.689477e+00  0.000000e+00  0.000000e+00  4.731767e-02  1.238515e+02  0.000000e+00 
1  8.857246e+00  1.630370e+01  1.267080e+05  5.770524e-01 0 -1.000000e+00  1.630370e+01 2   4.9870  4.458155e-01 -9.637661e-01 -1 -1.0000 -1.000000e+00 -1.000000e+00 -1.000000e+00 -1.000000e+00 -1.000000e+00 -1.000000e+00 -1 -1.0000 -1.000000e+00 -1.000000e+00 -1.000000e+00 -1.000000e+00 -1.000000e+00 -1.000000e+00  0  0.6820  4.955149e+12  0.000000e+00  0.000000e+00  1.702758e-01  3.926958e+01  8.078941e+00  1  0.6820  8.198062e+10  0.000000e+00  0.000000e+00  6.861807e-01  1.013212e+01  3.470796e-01  2  0.6820  4.987017e+00  0.000000e+00  0.000000e+00  9.475767e-02 -1.519058e+02  0.000000e+00 
3  2.491236e+01  1.569586e+01  2.733810e+05  7.759105e-01 6 -1.000000e+00  3.385797e+01 1   2.3338  2.371173e-01 -5.341684e-01 -1 -1.0000 -1.000000e+00 -1.000000e+00 -1.000000e+00 -1.000000e+00 -1.000000e+00 -1.000000e+00 -1 -1.0000 -1.000000e+00 -1.000000e+00 -1.000000e+00 -1.000000e+00 -1.000000e+00 -1.000000e+00  0  0.8330  6.248240e+12  0.000000e+00  0.000000e+00  3.298585e-01  1.099822e+02  6.655165e+00  1  0.8330  7.694887e+10  0.000000e+00  0.000000e+00  4.737958e-01  1.180187e+02  8.503842e-02  2  0.8330  2.333837e+00  0.000000e+00  0.000000e+00  8.686602e-02 -1.012365e+02  0.000000e+00 
3  3.741083e+01  1.603418e+01  3.141810e+05  8.914882e-01 6 -1.000000e+00  4.684598e+01 1   4.9943 -3.166478e-01  7.725881e-01 -1 -1.0000 -1.000000e+00 -1.000000e+00 -1.000000e+00 -1.000000e+00 -1.000000e+00 -1.000000e+00 -1 -1.0000 -1.000000e+00 -1.000000e+00 -1.000000e+00 -1.000000e+00 -1.000000e+00 -1.000000e+00  0  0.9630  3.468860e+12  0.000000e+00  0.000000e+00  3.315688e-01  1.203922e+02  8.223323e+00  1  0.9630  6.774253e+10  0.000000e+00  0.000000e+00  3.426528e-01  1.151426e+02  5.210280e-02  2  0.9630  4.994305e+00  0.000000e+00  0.000000e+00  1.022258e-01 -6.201167e+01  0.000000e+00 
1  4.054368e+01  7.957049e+01  2.367350e+05  1.613156e-01 0 -1.000000e+00  7.957049e+01 2   1.8342  9.607177e-04 -1.003183e-01 -1 -1.0000 -1.000000e+00 -1.000000e+00 -1.000000e+00 -1.000000e+00 -1.000000e+00 -1.000000e+00 -1 -1.0000 -1.000000e+00 -1.000000e+00 -1.000000e+00 -1.000000e+00 -1.000000e+00 -1.000000e+00  0  1.1920  8.375656e+11  0.000000e+00  0.000000e+00  2.207723e-01 -2.512803e+01  9.851346e+00  1  1.1920  2.441593e+10  0.000000e+00  0.000000e+00  5.623859e-02 -1.438150e+01  1.114499e-01  2  1.1920  1.834161e+00  0.000000e+00  0.000000e+00  6.710746e-02 -1.619964e+02  0.000000e+00 
1  3.087662e+01  5.387350e+01  1.333100e+05  1.117801e-01 0  2.876895e-01  5.387350e+01 2   2.3227  1.617837e-01 -2.302834e-01  0  1.2090  2.758710e+11  0.000000e+00  0.000000e+00  3.396654e-01  1.598293e+02  1.649218e+01  1  1.2090  7.217588e+09  0.000000e+00  0.000000e+00  2.699024e-01  1.409461e+02  1.006928e-01  2  1.2090  2.645970e+12  2.607630e+00 -1.172282e+01  3.577381e-01 -6.141447e+01  5.951872e+00  3  1.2090  5.605243e+10  2.607630e+00 -1.172282e+01  9.323391e-02 -2.325493e+01  2.219989e-02  4  1.2090  2.322689e+00  0.000000e+00  0.000000e+00  3.240822e-02 -6.932389e+01  0.000000e+00 
3  2.127012e+01  1.695251e+01  2.177130e+05  2.230904e-01 6  2.808163e-01  8.267854e+01 2   3.3862  2.680127e-01 -3.736052e-01  0  1.2110  4.103775e+11  0.000000e+00  0.000000e+00  4.592878e-01 -1.400374e+02  1.621672e+01  1  1.2110  9.153255e+09  0.000000e+00  0.000000e+00  3.834923e-01 -1.999575e+02  2.122243e-02  2  1.2110  1.531897e+12  4.609504e+00 -6.176149e+00  1.870338e-01 -1.408180e+02  5.987652e+00  3  1.2110  4.628706e+10  4.609504e+00 -6.176149e+00  2.660356e-01 -1.110149e+02  3.215933e-02  4  1.2110  3.386219e+00  0.000000e+00  0.000000e+00  6.465995e-02 -3.655954e+01  0.000000e+00 
3  1.176029e+01  1.743335e+01  6.128300e+04  2.654007e+00 6 -1.000000e+00  2.049215e+01 3   6.3223 -7.842549e-01  1.370073e-01 -1 -1.0000 -1.000000e+00 -1.000000e+00 -1.000000e+00 -1.000000e+00 -1.000000e+00 -1.000000e+00 -1 -1.0000 -1.000000e+00 -1.000000e+00 -1.000000e+00 -1.000000e+00 -1.000000e+00 -1.000000e+00  0  1.2870  4.527643e+13  0.000000e+00  0.000000e+00  2.949653e-01 -1.673893e+02  5.636767e+00  1  1.2870  1.713081e+11  0.000000e+00  0.000000e+00  6.782234e-02 -1.477063e+02  1.400595e-01  2  1.2870  6.322346e+00  0.000000e+00  0.000000e+00  1.171515e-01  4.445914e+01  0.000000e+00 
1  1.083338e+01  1.906923e+01  2.842390e+05  5.232405e-01 0  2.756772e-01  1.906923e+01 2   3.1814  1.450013e-01 -8.359351e-01  0  1.4680  2.019463e+12  0.000000e+00  0.000000e+00  1.087536e-01  7.089762e+01  1.012181e+01  1  1.4680  6.645151e+10  0.000000e+00  0.000000e+00  1.602387e-01  1.351655e+02  1.687091e-01  2  1.4680  1.136340e+13 -4.752954e+00 -6.963538e+00  3.519325e-01 -7.191178e+01  2.556128e+00  3  1.4680  1.000526e+11 -4.752954e+00 -6.963538e+00  5.004970e-01 -7.423530e+01  8.708095e-02  4  1.4680  3.181392e+00  0.000000e+00  0.000000e+00  1.020678e-01  8.983254e+01  0.000000e+00 
2  9.689358e+00  5.966614e+00  2.672620e+05  6.254213e-01 6  2.729319e-01  1.609718e+01 1   6.2880 -8.113475e-01 -5.710068e-01  0  1.8480  1.080176e+12  0.000000e+00  0.000000e+00  2.845655e-01  4.607227e+01  9.739350e+00  1  1.8480  4.227169e+10  0.000000e+00  0.000000e+00  4.042510e-01  8.773703e+01  2.582650e-02  2  1.8480  3.000844e+12 -1.680679e+00 -2.211771e+00  4.632694e-01  1.597249e+01  4.354779e+00  3  1.8480  8.326232e+10 -1.680679e+00 -2.211771e+00  5.695961e-01 -3.622298e+00  3.670654e-02  4  1.8480  6.288044e+00  0.000000e+00  0.000000e+00  8.461685e-02  1.446690e+02  0.000000e+00 
1  8.623755e+00  1.690232e+01  3.527980e+05  1.005174e-02 0  2.775678e-01  1.690232e+01 2   5.2792  4.476697e-02 -3.661987e-02  0  2.5670  1.278967e+10  0.000000e+00  0.000000e+00  5.556745e-02 -7.472276e+01  2.488714e+01  1  2.5670  1.496265e+07  0.000000e+00  0.000000e+00  5.480182e-01 -3.745685e+01  4.410873e-02  2  2.5670  1.728384e+11  3.255737e+00 -2.784755e+00  1.614840e-01  1.371712e+02  4.033304e+00  3  2.5670  7.363009e+08  3.255737e+00 -2.784755e+00  3.854771e-01  1.418645e+02  3.580593e-02  4  2.5670  5.279219e+00  0.000000e+00  0.000000e+00  9.552133e-02 -1.481074e+01  0.000000e+00 
3  8.920101e+00  5.491827e+00  3.623100e+05  1.030357e+00 6 -1.000000e+00  1.163450e+01 1   8.6063  5.592684e-01 -1.284065e-01 -1 -1.0000 -1.000000e+00 -1.000000e+00 -1.000000e+00 -1.000000e+00 -1.000000e+00 -1.000000e+00 -1 -1.0000 -1.000000e+00 -1.000000e+00 -1.000000e+00 -1.000000e+00 -1.000000e+00 -1.000000e+00  0  0.2360  1.700962e+12  0.000000e+00  0.000000e+00  2.408209e-01  8.946515e+01  1.437595e+01  1  0.2360  6.168389e+10  0.000000e+00  0.000000e+00  2.087980e-01  6.558531e+01  3.022499e-01  2  0.2360  8.606344e+00  0.000000e+00  0.000000e+00  2.933897e-01  1.220065e+02  0.000000e+00 
3  1.601460e+01  2.671191e+01  3.358340e+05  2.596340e+00 6 -1.000000e+00  4.100652e+01 3   5.4766  7.211845e-01 -2.549489e-01 -1 -1.0000 -1.000000e+00 -1.000000e+00 -1.000000e+00 -1.000000e+00 -1.000000e+00 -1.000000e+00 -1 -1.0000 -1.000000e+00 -1.000000e+00 -1.000000e+00 -1.000000e+00 -1.000000e+00 -1.000000e+00  0  0.4540  2.198331e+13  0.000000e+00  0.000000e+00  3.601836e-01 -1.725601e+02  1.239179e+01  1  0.4540  1.648310e+11  0.000000e+00  0.000000e+00  2.299073e-01 -1.359398e+02  4.339006e-01  2  0.4540  5.476594e+00  0.000000e+00  0.000000e+00  1.449569e-01  1.325744e+02  0.000000e+00 
1  7.990490e+01  1.495004e+02  2.321200e+04  1.076566e+01 0 -1.000000e+00  1.495004e+02 2   2.7312  4.556816e+00  9.444526e-02 -1 -1.0000 -1.000000e+00 -1.000000e+00 -1.000000e+00 -1.000000e+00 -1.000000e+00 -1.000000e+00 -1 -1.0000 -1.000000e+00 -1.000000e+00 -1.000000e+00 -1.000000e+00 -1.000000e+00 -1.000000e+00  0  0.6120  2.000785e+14  0.000000e+00  0.000000e+00  2.805060e-01 -1.274034e+02  9.128763e+00  1  0.6120  3.887713e+11  0.000000e+00  0.000000e+00  1.432745e-02 -9.636938e+01  4.812000e-01  2  0.6120  2.731163e+00  0.000000e+00  0.000000e+00  3.141542e-02 -8.454468e+01  0.000000e+00 
3  2.691377e+01  1.779546e+01  2.748690e+05  2.544428e+00 6  2.830627e-01  4.009162e+01 1   2.5357  2.873571e+00 -6.732971e+00  0  0.6350  1.405588e+13  0.000000e+00  0.000000e+00  3.064755e-01 -1.097678e+02  1.383069e+01  1  0.6350  1.255399e+11  0.000000e+00  0.000000e+00  2.040815e-01 -6.954076e+01  9.362525e-02  2  0.6350  1.269092e+14  5.676031e+01 -8.705427e+01  2.387361e-01  1.015068e+02  2.388417e+00  3  0.6350  6.711666e+11  5.676031e+01 -8.705427e+01  1.965065e-01  4.253210e+01  1.277960e+00  4  0.6350  2.535670e+00  0.000000e+00  0.000000e+00  7.734724e-02  2.274577e+01  0.000000e+00 
3  1.100503e+01  1.904585e+01  2.847010e+05  5.230380e-01 6  3.138789e-01  2.436952e+01 3   7.7387 -2.575970e+00  2.232842e+00  0  0.7300  5.742994e+11  0.000000e+00  0.000000e+00  4.293509e-03 -1.270626e+02  1.773885e+01  1  0.7300  3.047300e+10  0.000000e+00  0.000000e+00  1.837747e-02 -1.048885e+02  1.966260e-01  2  0.7300  4.769721e+13 -5.483304e+01  6.141331e+01  3.184979e-01  1.771036e+02  6.240768e+00  3  0.7300  1.724924e+11 -5.483304e+01  6.141331e+01  1.451187e-01  2.263960e+02  1.674795e-01  4  0.7300  7.738732e+00  0.000000e+00  0.000000e+00  8.426038e-02  1.050957e+02  0.000000e+00 
2  1.098676e+01  5.787913e+00  1.533580e+05  5.814160e-01 6 -1.000000e+00  1.587435e+01 1   6.9516 -1.384053e-01 -4.662968e-01 -1 -1.0000 -1.000000e+00 -1.000000e+00 -1.000000e+00 -1.000000e+00 -1.000000e+00 -1.000000e+00 -1 -1.0000 -1.000000e+00 -1.000000e+00 -1.000000e+00 -1.000000e+00 -1.000000e+00 -1.000000e+00  0  1.1850  2.272203e+12  0.000000e+00  0.000000e+00  3.885627e-02 -1.266424e+02  5.095586e+00  1  1.1850  5.929252e+10  0.000000e+00  0.000000e+00  1.886225e-01 -1.513030e+02  2.334526e-02  2  1.1850  6.951648e+00  0.000000e+00  0.000000e+00  2.546819e-02 -5.226810e+01  0.000000e+00 
2  8.252539e+00  1.611004e+01  1.806930e+05  8.518589e-01 6 -1.000000e+00  1.829412e+01 3   8.9194  2.011452e-01 -1.214948e-03 -1 -1.0000 -1.000000e+00 -1.000000e+00 -1.000000e+00 -1.000000e+00 -1.000000e+00 -1.000000e+00 -1 -1.0000 -1.000000e+00 -1.000000e+00 -1.000000e+00 -1.000000e+00 -1.000000e+00 -1.000000e+00  0  1.4870  7.670431e+12  0.000000e+00  0.000000e+00  7.759842e-02 -1.564899e+02  4.462559e+00  1  1.4870  9.026955e+10  0.000000e+00  0.000000e+00  2.095455e-01 -1.665017e+02  3.086295e-02  2  1.4870  8.919439e+00  0.000000e+00  0.000000e+00  5.809525e-02 -4.250083e+01  0.000000e+00 
3  1.260545e+01  5.952868e+00  1.054250e+05  1.467909e-01 6 -1.000000e+00  1.765016e+01 1   4.4517 -1.228789e-01  5.151697e-02 -1 -1.0000 -1.000000e+00 -1.000000e+00 -1.000000e+00 -1.000000e+00 -1.000000e+00 -1.000000e+00 -1 -1.0000 -1.000000e+00 -1.000000e+00 -1.000000e+00 -1.000000e+00 -1.000000e+00 -1.000000e+00  0  1.5160  5.080813e+11  0.000000e+00  0.000000e+00  3.022215e-01  1.767894e+02  6.626461e+00  1  1.5160  6.813955e+09  0.000000e+00  0.000000e+00  3.547632e-01  2.315212e+02  3.951771e-02  2  1.5160  4.451679e+00  0.000000e+00  0.000000e+00  7.414429e-03 -1.727176e+02  0.000000e+00 
3  1.468600e+01  6.806116e+00  1.290240e+05  5.629610e-01 6 -1.000000e+00  2.029226e+01 1   5.5765 -7.835834e-02 -4.414204e-01 -1 -1.0000 -1.000000e+00 -1.000000e+00 -1.000000e+00 -1.000000e+00 -1.000000e+00 -1.000000e+00 -1 -1.0000 -1.000000e+00 -1.000000e+00 -1.000000e+00 -1.000000e+00 -1.000000e+00 -1.000000e+00  0  1.6960  2.110440e+12  0.000000e+00  0.000000e+00  3.293160e-01 -1.236945e+02  4.748726e+00  1  1.6960  6.060556e+10  0.000000e+00  0.000000e+00  4.397043e-01 -7.555297e+01  1.125276e-01  2  1.6960  5.576491e+00  0.000000e+00  0.000000e+00  1.567789e-01  1.454247e+01  0.000000e+00 
3  8.997355e+00  4.889660e+00  1.434240e+05  4.024692e-01 6 -1.000000e+00  1.224596e+01 1   7.0164  1.875965e-01 -2.705223e-01 -1 -1.0000 -1.000000e+00 -1.000000e+00 -1.000000e+00 -1.000000e+00 -1.000000e+00 -1.000000e+00 -1 -1.0000 -1.000000e+00 -1.000000e+00 -1.000000e+00 -1.000000e+00 -1.000000e+00 -1.000000e+00  0  1.9480  1.538317e+12  0.000000e+00  0.000000e+00  3.181653e-01  9.912273e+01  3.340911e+00  1  1.9480  4.417330e+10  0.000000e+00  0.000000e+00  2.265292e-01  1.274603e+02  5.182982e-02  2  1.9480  7.016444e+00  0.000000e+00  0.000000e+00  3.950209e-02  1.535865e+01  0.000000e+00 
3  8.879078e+00  5.582145e+00  3.159830e+05  1.402704e+00 6  2.905862e-01  1.245673e+01 1   6.7541  9.800927e-01 -2.329117e+00  0  0.3770  4.011270e+12  0.000000e+00  0.000000e+00  4.138221e-01 -5.158844e+01  1.573101e+01  1  0.3770  9.937031e+10  0.000000e+00  0.000000e+00  3.908754e-01 -4.762531e+00  2.034266e-01  2  0.3770  2.116419e+13  1.435842e+01 -2.331807e+01  4.218362e-01 -1.239533e+01  7.632982e+00  3  0.3770  2.229111e+11  1.435842e+01 -2.331807e+01  6.412151e-02  3.130572e+00  6.149871e-01  4  0.3770  6.754100e+00  0.000000e+00  0.000000e+00  1.550161e-01 -2.561102e+01  0.000000e+00 
1  1.637735e+01  2.838839e+01  8.059300e+04  2.039290e+00 0 -1.000000e+00  2.838839e+01 2   3.4275  3.266789e+00  5.076914e+00 -1 -1.0000 -1.000000e+00 -1.000000e+00 -1.000000e+00 -1.000000e+00 -1.000000e+00 -1.000000e+00 -1 -1.0000 -1.000000e+00 -1.000000e+00 -1.000000e+00 -1.000000e+00 -1.000000e+00 -1.000000e+00  0  0.3860  7.397050e+13  0.000000e+00  0.000000e+00  4.030812e-01  1.416808e+02  5.348055e+00  1  0.3860  3.146115e+11  0.000000e+00  0.000000e+00  5.684617e-01  1.536350e+02  4.056809e-01  2  0.3860  3.427546e+00  0.000000e+00  0.000000e+00  7.664270e-02 -1.538113e+01  0.000000e+00 
5  1.227724e+01  1.797602e+01  2.183800e+04  4.343515e+00 6  2.814458e-01  2.156158e+01 3   3.9393 -5.865832e+00 -5.296680e+00  0  0.4420  3.035844e+13  0.000000e+00  0.000000e+00  5.234944e-01 -3.703774e+01  1.549941e+01  1  0.4420  1.749142e+11  0.000000e+00  0.000000e+00  2.713983e-02  1.593923e+01  3.249887e-01  2  0.4420  1.381715e+14 -7.362626e+01 -7.741994e+01  1.675800e-01  1.752120e+02  3.807179e+00  3  0.4420  4.948294e+11 -7.362626e+01 -7.741994e+01  3.289248e-01  1.959239e+02  1.183508e+00  4  0.4420  3.939276e+00  0.000000e+00  0.000000e+00  8.419863e-02  8.089652e+01  0.000000e+00 
1  2.532472e+01  5.020112e+01  3.357450e+05  6.483552e-01 0  2.949400e-01  5.020112e+01 2   3.0368  1.674921e+00 -9.013921e-01  0  0.7960  7.893469e+11  0.000000e+00  0.000000e+00  3.475202e-01 -1.092299e+02  2.011690e+01  1  0.7960  2.820739e+10  0.000000e+00  0.000000e+00  1.887660e-01 -7.461333e+01  6.711481e-02  2  0.7960  1.025305e+13  4.586526e+00 -3.379029e+00  3.654777e-01  4.540410e+01  4.728983e+00  3  0.7960  1.317435e+11  4.586526e+00 -3.379029e+00  7.865357e-02  6.405084e+01  1.872498e-01  4  0.7960  3.036795e+00  0.000000e+00  0.000000e+00  1.048335e-01  6.515371e+01  0.000000e+00 
1  1.340731e+01  2.746012e+01  1.257710e+05  5.046326e-01 0  2.934089e-01  2.746012e+01 2   4.7825 -8.503553e-01 -2.482254e-01  0  0.9980  6.024910e+11  0.000000e+00  0.000000e+00  2.663456e-01  1.226785e+02  1.255423e+01  1  0.9980  2.654925e+10  0.000000e+00  0.000000e+00  5.500950e-01  7.698281e+01  1.150385e-01  2  0.9980  1.003918e+13 -2.887432e+01 -7.987808e+00  2.394472e-01 -1.411798e+02  3.334969e+00  3  0.9980  1.175477e+11 -2.887432e+01 -7.987808e+00  5.703644e-01 -1.047157e+02  1.658941e-01  4  0.9980  4.782497e+00  0.000000e+00  0.000000e+00  1.385966e-01 -5.616099e+01  0.000000e+00 
3  6.638128e+00  5.368062e+00  2.429960e+05  6.898048e-01 6 -1.000000e+00  9.642529e+00 1   8.2459 -3.340333e-01  2.832347e-01 -1 -1.0000 -1.000000e+00 -1.000000e+00 -1.000000e+00 -1.000000e+00 -1.000000e+00 -1.000000e+00 -1 -1.0000 -1.000000e+00 -1.000000e+00 -1.000000e+00 -1.000000e+00 -1.000000e+00 -1.000000e+00  0  1.1400  4.034405e+12  0.000000e+00  0.000000e+00  2.855765e-01 -4.290004e+01  3.803707e+00  1  1.1400  8.446121e+10  0.000000e+00  0.000000e+00  1.903071e-01 -3.676487e+01  6.667312e-02  2  1.1400  8.245928e+00  0.000000e+00  0.000000e+00  4.263052e-02 -1.630142e+02  0.000000e+00 
3  1.201102e+01  5.251035e+00  1.300280e+05  7.664229e-01 6 -1.000000e+00  1.634521e+01 1   6.5766  5.603369e-01 -6.324579e-02 -1 -1.0000 -1.000000e+00 -1.000000e+00 -1.000000e+00 -1.000000e+00 -1.000000e+00 -1.000000e+00 -1 -1.0000 -1.000000e+00 -1.000000e+00 -1.000000e+00 -1.000000e+00 -1.000000e+00 -1.000000e+00  0  1.3910  2.374109e+12  0.000000e+00  0.000000e+00  2.666172e-01  1.219344e+02  7.261985e+00  1  1.3910  5.918307e+10  0.000000e+00  0.000000e+00  3.623230e-01  7.901132e+01  6.419639e-02  2  1.3910  6.576623e+00  0.000000e+00  0.000000e+00  1.070137e-01 -2.415033e+01  0.000000e+00 
3  1.043759e+01  9.260994e+00  4.404000e+04  4.752107e-01 6 -1.000000e+00  1.309237e+01 1   7.2351 -3.745590e-03 -2.681918e-01 -1 -1.0000 -1.000000e+00 -1.000000e+00 -1.000000e+00 -1.000000e+00 -1.000000e+00 -1.000000e+00 -1 -1.0000 -1.000000e+00 -1.000000e+00 -1.000000e+00 -1.000000e+00 -1.000000e+00 -1.000000e+00  0  1.4270  1.136034e+12  0.000000e+00  0.000000e+00  1.719769e-01 -8.899025e+01  3.050843e+00  1  1.4270  4.638904e+10  0.000000e+00  0.000000e+00  1.577842e-01 -8.822071e+01  3.253840e-02  2  1.4270  7.235057e+00  0.000000e+00  0.000000e+00  8.143847e-02  9.003605e+01  0.000000e+00 
3  6.586685e+00  5.242860e+00  2.906160e+05  4.018470e-01 6 -1.000000e+00  9.462603e+00 1   8.2284  2.242521e-01 -1.031500e-02 -1 -1.0000 -1.000000e+00 -1.000000e+00 -1.000000e+00 -1.000000e+00 -1.000000e+00 -1.000000e+00 -1 -1.0000 -1.000000e+00 -1.000000e+00 -1.000000e+00 -1.000000e+00 -1.000000e+00 -1.000000e+00  0  1.6630  1.233288e+12  0.000000e+00  0.000000e+00  3.434927e-01  1.333068e+02  6.570415e+00  1  1.6630  2.384789e+10  0.000000e+00  0.000000e+00  3.261221e-01  1.025167e+02  9.287835e-02  2  1.6630  8.228431e+00  0.000000e+00  0.000000e+00  1.316508e-01 -2.133763e-01  0.000000e+00 
3  1.430288e+01  2.145365e+01  3.441790e+05  1.151057e-01 6  2.770022e-01  4.290497e+01 3   4.5240  1.891614e-01  1.464821e-01  0  1.9270  1.940035e+11  0.000000e+00  0.000000e+00  2.552099e-01  4.158483e+01  1.640511e+01  1  1.9270  1.627303e+09  0.000000e+00  0.000000e+00  1.984093e-01  3.354672e+01  3.284236e-02  2  1.9270  1.104816e+12  1.382055e+00  7.961798e-01  1.252223e-01  9.148672e+01  3.474878e+00  3  1.9270  2.385008e+10  1.382055e+00  7.961798e-01  2.771659e-01  7.509245e+01  1.140321e-01  4  1.9270  4.523965e+00  0.000000e+00  0.000000e+00  1.140846e-01  1.717563e+02  0.000000e+00 
1  1.385750e+01  2.471012e+01  1.020530e+05  5.578047e-02 0  2.775810e-01  2.471012e+01 2   6.8289 -1.076467e-01 -1.309870e-01  0  1.9300  1.213812e+11  0.000000e+00  0.000000e+00  8.845183e-02 -1.621363e+01  1.297938e+01  1  1.9300  5.399961e+08  0.000000e+00  0.000000e+00  3.419240e-01 -3.015791e+01  4.391403e-02  2  1.9300  6.292430e+11 -8.752991e-01 -2.845706e+00  3.220797e-01 -3.227258e+01  3.144523e+00  3  1.9300  7.627356e+09 -8.752991e-01 -2.845706e+00  4.393291e-01 -3.208865e+01  2.276297e-02  4  1.9300  6.828950e+00  0.000000e+00  0.000000e+00  1.293987e-01 -1.201396e+02  0.000000e+00 
1  8.010513e+00  1.387857e+01  3.970960e+05  1.229934e-02 0 -1.000000e+00  1.387857e+01 2   5.2606 -1.618262e-03  1.311720e-02 -1 -1.0000 -1.000000e+00 -1.000000e+00 -1.000000e+00 -1.000000e+00 -1.000000e+00 -1.000000e+00 -1 -1.0000 -1.000000e+00 -1.000000e+00 -1.000000e+00 -1.000000e+00 -1.000000e+00 -1.000000e+00  0  2.7400  1.634263e+11  0.000000e+00  0.000000e+00  1.232224e-01 -1.019070e+02  3.960307e+00  1  2.7400  8.013576e+08  0.000000e+00  0.000000e+00  9.978937e-02 -1.105671e+02  4.839713e-02  2  2.7400  5.260603e+00  0.000000e+00  0.000000e+00  5.371610e-02  9.031423e+00  0.000000e+00 
3  7.428321e+00  5.918861e+00  1.686250e+05  1.131163e+00 6 -1.000000e+00  9.725789e+00 1   4.2160  6.115975e-02  7.197963e-01 -1 -1.0000 -1.000000e+00 -1.000000e+00 -1.000000e+00 -1.000000e+00 -1.000000e+00 -1.000000e+00 -1 -1.0000 -1.000000e+00 -1.000000e+00 -1.000000e+00 -1.000000e+00 -1.000000e+00 -1.000000e+00  0  0.2930  3.760835e+12  0.000000e+00  0.000000e+00  3.326767e-01 -1.365496e+02  9.032192e+00  1  0.2930  9.984682e+10  0.000000e+00  0.000000e+00  2.608048e-01 -1.096835e+02  3.680283e-01  2  0.2930  4.215955e+00  0.000000e+00  0.000000e+00  1.013012e-01 -1.150950e+02  0.000000e+00 
3  2.242867e+01  1.723215e+01  2.972280e+05  5.909861e-01 6 -1.000000e+00  4.748596e+01 3   4.0714  9.729838e-02 -2.741478e-01 -1 -1.0000 -1.000000e+00 -1.000000e+00 -1.000000e+00 -1.000000e+00 -1.000000e+00 -1.000000e+00 -1 -1.0000 -1.000000e+00 -1.000000e+00 -1.000000e+00 -1.000000e+00 -1.000000e+00 -1.000000e+00  0  0.8590  3.191253e+12  0.000000e+00  0.000000e+00  3.066557e-01 -1.678292e+02  5.119979e+00  1  0.8590  7.975906e+10  0.000000e+00  0.000000e+00  2.269115e-01 -1.635705e+02  1.090152e-01  2  0.8590  4.071370e+00  0.000000e+00  0.000000e+00  6.760930e-02  5.297262e+01  0.000000e+00 
1  5.048635e+00  9.275694e+00  1.045870e+05  1.161991e+01 0 -1.000000e+00  9.275694e+00 2   5.3794 -7.761129e+00 -3.153515e-02 -1 -1.0000 -1.000000e+00 -1.000000e+00 -1.000000e+00 -1.000000e+00 -1.000000e+00 -1.000000e+00 -1 -1.0000 -1.000000e+00 -1.000000e+00 -1.000000e+00 -1.000000e+00 -1.000000e+00 -1.000000e+00  0  0.8980  2.342012e+14  0.000000e+00  0.000000e+00  5.577109e-01 -6.674296e+01  5.550016e+00  1  0.8980  3.832202e+11  0.000000e+00  0.000000e+00  3.034872e-01 -1.048488e+02  3.874605e-01  2  0.8980  5.379393e+00  0.000000e+00  0.000000e+00  1.062776e-01 -1.202057e+02  0.000000e+00 
3  1.422970e+01  1.962133e+01  2.883540e+05  1.147986e-01 6 -1.000000e+00  2.814301e+01 3   3.4229 -2.246521e-02  3.214349e-02 -1 -1.0000 -1.000000e+00 -1.000000e+00 -1.000000e+00 -1.000000e+00 -1.000000e+00 -1.000000e+00 -1 -1.0000 -1.000000e+00 -1.000000e+00 -1.000000e+00 -1.000000e+00 -1.000000e+00 -1.000000e+00  0  0.9680  3.194010e+11  0.000000e+00  0.000000e+00  3.003774e-01 -2.750024e+01  9.637194e+00  1  0.9680  4.437471e+09  0.000000e+00  0.000000e+00  1.429116e-01  3.504234e+01  7.243772e-02  2  0.9680  3.422888e+00  0.000000e+00  0.000000e+00  3.277119e-02 -1.554185e+02  0.000000e+00 
3  8.999054e+00  1.080791e+01  1.914090e+05  4.763266e-01 6 -1.000000e+00  1.470583e+01 1   5.1339 -1.675411e-01 -1.688814e-02 -1 -1.0000 -1.000000e+00 -1.000000e+00 -1.000000e+00 -1.000000e+00 -1.000000e+00 -1.000000e+00 -1 -1.0000 -1.000000e+00 -1.000000e+00 -1.000000e+00 -1.000000e+00 -1.000000e+00 -1.000000e+00  0  0.9970  1.238754e+12  0.000000e+00  0.000000e+00  2.701443e-01 -1.679527e+02  3.514364e+00  1  0.9970  5.830906e+10  0.000000e+00  0.000000e+00  1.366928e-01 -1.980599e+02  5.838222e-02  2  0.9970  5.133884e+00  0.000000e+00  0.000000e+00  3.211752e-02 -7.283146e+01  0.000000e+00 
3  3.781765e+00  2.479061e+00  3.190660e+05  5.860961e-01 6  2.973020e-01  6.019845e+00 1  14.4836  1.473459e+00  1.063235e+00  0  1.0120  5.249907e+11  0.000000e+00  0.000000e+00  4.210888e-01 -9.393870e+01  1.691322e+01  1  1.0120  1.709801e+10  0.000000e+00  0.000000e+00  2.255773e-01 -1.153669e+02  2.999774e-02  2  1.0120  1.492938e+13  2.817833e+01  2.741775e+01  2.404083e-01 -5.361949e+01  2.795472e+00  3  1.0120  1.148387e+11  2.817833e+01  2.741775e+01  3.339242e-01 -4.189197e+01  1.147434e-01  4  1.0120  1.448356e+01  0.000000e+00  0.000000e+00  2.257439e-01  2.072179e+00  0.000000e+00 
5  1.922128e+00  3.033404e+00  3.453970e+05  1.038075e+00 6 -1.000000e+00  4.074413e+00 3  12.9123 -4.605979e-01  1.382979e-01 -1 -1.0000 -1.000000e+00 -1.000000e+00 -1.000000e+00 -1.000000e+00 -1.000000e+00 -1.000000e+00 -1 -1.0000 -1.000000e+00 -1.000000e+00 -1.000000e+00 -1.000000e+00 -1.000000e+00 -1.000000e+00  0  1.1150  2.014149e+13  0.000000e+00  0.000000e+00  5.076831e-01  4.432386e+01  2.780698e+00  1  1.1150  1.244266e+11  0.000000e+00  0.000000e+00  1.981697e-01  3.886164e+01  1.084258e-01  2  1.1150  1.291234e+01  0.000000e+00  0.000000e+00  2.006866e-01  6.305220e+01  0.000000e+00 
3  1.061084e+01  6.549344e+00  2.025690e+05  5.832964e-01 6 -1.000000e+00  1.759688e+01 1   6.4731  3.609745e-01 -3.239536e-01 -1 -1.0000 -1.000000e+00 -1.000000e+00 -1.000000e+00 -1.000000e+00 -1.000000e+00 -1.000000e+00 -1 -1.0000 -1.000000e+00 -1.000000e+00 -1.000000e+00 -1.000000e+00 -1.000000e+00 -1.000000e+00  0  1.3140  1.093480e+13  0.000000e+00  0.000000e+00  3.896364e-01 -1.572332e+02  4.044658e+00  1  1.3140  7.522915e+10  0.000000e+00  0.000000e+00  5.072323e-01 -1.828905e+02  1.238146e-01  2  1.3140  6.473138e+00  0.000000e+00  0.000000e+00  1.014651e-01  1.511931e+02  0.000000e+00 
3  3.325968e+00  2.509985e+00  2.483140e+05  9.638013e-01 6 -1.000000e+00  6.180444e+00 3   9.4649  1.033193e-01 -3.594720e-01 -1 -1.0000 -1.000000e+00 -1.000000e+00 -1.000000e+00 -1.000000e+00 -1.000000e+00 -1.000000e+00 -1 -1.0000 -1.000000e+00 -1.000000e+00 -1.000000e+00 -1.000000e+00 -1.000000e+00 -1.000000e+00  0  1.4170  3.002915e+12  0.000000e+00  0.000000e+00  1.926478e-01 -1.011079e+02  4.475070e+00  1  1.4170  9.023804e+10  0.000000e+00  0.000000e+00  4.886176e-01 -9.285031e+01  8.648749e-02  2  1.4170  9.464942e+00  0.000000e+00  0.000000e+00  1.397184e-01  2.106471e+01  0.000000e+00 
3  3.757939e+01  2.638863e+01  3.881340e+05  2.639015e-01 6 -1.000000e+00  6.575175e+01 3   2.2271 -5.817724e-02 -1.838771e-01 -1 -1.0000 -1.000000e+00 -1.000000e+00 -1.000000e+00 -1.000000e+00 -1.000000e+00 -1.000000e+00 -1 -1.0000 -1.000000e+00 -1.000000e+00 -1.000000e+00 -1.000000e+00 -1.000000e+00 -1.000000e+00  0  1.4180  2.479303e+12  0.000000e+00  0.000000e+00  3.351249e-01 -2.292559e+01  8.516920e+00  1  1.4180  6.414304e+10  0.000000e+00  0.000000e+00  4.278894e-01 -6.173548e+00  1.078958e-01  2  1.4180  2.227084e+00  0.000000e+00  0.000000e+00  8.747364e-02 -1.178345e+02  0.000000e+00 
3  5.605387e+00  6.520961e+00  3.822240e+05  4.590911e-01 6 -1.000000e+00  8.748897e+00 1   3.5644 -8.453835e-02  6.397394e-02 -1 -1.0000 -1.000000e+00 -1.000000e+00 -1.000000e+00 -1.000000e+00 -1.000000e+00 -1.000000e+00 -1 -1.0000 -1.000000e+00 -1.000000e+00 -1.000000e+00 -1.000000e+00 -1.000000e+00 -1.000000e+00  0  1.5190  2.105817e+12  0.000000e+00  0.000000e+00  3.208105e-01 -1.680972e+02  6.105501e+00  1  1.5190  6.042483e+10  0.000000e+00  0.000000e+00  1.304818e-01 -2.244992e+02  3.383207e-02  2  1.5190  3.564432e+00  0.000000e+00  0.000000e+00  8.055867e-02 -1.796304e+02  0.000000e+00 
3  3.907161e+00  2.474636e+00  2.393800e+04  8.973440e-01 6 -1.000000e+00  7.009314e+00 3  12.0591  2.698745e-01  4.086560e-01 -1 -1.0000 -1.000000e+00 -1.000000e+00 -1.000000e+00 -1.000000e+00 -1.000000e+00 -1.000000e+00 -1 -1.0000 -1.000000e+00 -1.000000e+00 -1.000000e+00 -1.000000e+00 -1.000000e+00 -1.000000e+00  0  0.2350  3.508423e+12  0.000000e+00  0.000000e+00  2.778760e-01 -4.113569e+01  9.517161e+00  1  0.2350  6.805707e+10  0.000000e+00  0.000000e+00  3.414762e-01 -2.383579e+01  2.106195e-01  2  0.2350  1.205910e+01  0.000000e+00  0.000000e+00  1.263461e-01  1.667977e+02  0.000000e+00 
1  1.705327e+00  4.312702e+00  1.535650e+05  3.332981e-01 0  3.004753e-01  4.312702e+00 2  18.7669  9.310467e-03 -3.353644e-01  0  0.4380  3.794489e+11  0.000000e+00  0.000000e+00  2.602581e-01 -5.334363e+01  2.200811e+01  1  0.4380  9.570973e+09  0.000000e+00  0.000000e+00  1.924126e-01 -1.301741e+02  2.538586e-01  2  0.4380  3.301050e+12 -2.483515e+01 -4.938481e+01  2.129773e-01 -2.789045e+01  5.613112e+00  3  0.4380  6.938158e+10 -2.483515e+01 -4.938481e+01  1.315159e-01 -4.305799e+01  1.654426e-01  4  0.4380  1.876689e+01  0.000000e+00  0.000000e+00  2.530034e-01 -5.807301e+01  0.000000e+00 
2  1.139291e+01  7.987044e+00  2.365290e+05  1.650486e+00 6 -1.000000e+00  1.551620e+01 1   4.4628  2.319566e-01  1.130083e+00 -1 -1.0000 -1.000000e+00 -1.000000e+00 -1.000000e+00 -1.000000e+00 -1.000000e+00 -1.000000e+00 -1 -1.0000 -1.000000e+00 -1.000000e+00 -1.000000e+00 -1.000000e+00 -1.000000e+00 -1.000000e+00  0  0.5630  8.260957e+12  0.000000e+00  0.000000e+00  3.770572e-01 -1.280121e+02  1.234170e+01  1  0.5630  9.859220e+10  0.000000e+00  0.000000e+00  1.885087e-01 -1.366108e+02  7.034378e-02  2  0.5630  4.462822e+00  0.000000e+00  0.000000e+00  8.709818e-02 -8.850654e+01  0.000000e+00 
3  1.561210e+01  1.681350e+01  2.881070e+05  2.922371e-01 6 -1.000000e+00  2.161105e+01 1   9.7376  1.675005e-01 -1.444313e-01 -1 -1.0000 -1.000000e+00 -1.000000e+00 -1.000000e+00 -1.000000e+00 -1.000000e+00 -1.000000e+00 -1 -1.0000 -1.000000e+00 -1.000000e+00 -1.000000e+00 -1.000000e+00 -1.000000e+00 -1.000000e+00  0  0.8220  1.336946e+12  0.000000e+00  0.000000e+00  1.381314e-01 -2.163685e+01  3.145365e+00  1  0.8220  4.155564e+10  0.000000e+00  0.000000e+00  4.186870e-01 -1.290625e+01  2.112049e-01  2  0.8220  9.737573e+00  0.000000e+00  0.000000e+00  7.684830e-02  1.012142e+02  0.000000e+00 
3  2.184322e+01  1.421984e+01  3.623820e+05  6.316969e-01 6 -1.000000e+00  3.973321e+01 3   2.9139 -1.552661e-01  4.300751e-01 -1 -1.0000 -1.000000e+00 -1.000000e+00 -1.000000e+00 -1.000000e+00 -1.000000e+00 -1.000000e+00 -1 -1.0000 -1.000000e+00 -1.000000e+00 -1.000000e+00 -1.000000e+00 -1.000000e+00 -1.000000e+00  0  0.8300  8.078014e+12  0.000000e+00  0.000000e+00  3.869003e-01 -3.085414e+00  4.589404e+00  1  0.8300  1.120946e+11  0.000000e+00  0.000000e+00  4.260663e-01  1.270784e+01  1.004290e-01  2  0.8300  2.913887e+00  0.000000e+00  0.000000e+00  7.315303e-02  8.054394e+01  0.000000e+00 
1  1.547478e+01  4.072497e+01  1.443540e+05  5.987630e+00 0 -1.000000e+00  4.072497e+01 2   5.4267 -7.828765e+00 -3.609751e+00 -1 -1.0000 -1.000000e+00 -1.000000e+00 -1.000000e+00 -1.000000e+00 -1.000000e+00 -1.000000e+00 -1 -1.0000 -1.000000e+00 -1.000000e+00 -1.000000e+00 -1.000000e+00 -1.000000e+00 -1.000000e+00  0  0.8750  8.737481e+13  0.000000e+00  0.000000e+00  4.759511e-01 -7.634237e+01  5.990294e+00  1  0.8750  3.029871e+11  0.000000e+00  0.000000e+00  8.119950e-02 -8.242130e+01  3.358340e-01  2  0.8750  5.426678e+00  0.000000e+00  0.000000e+00  1.995553e-01  1.210884e+02  0.000000e+00 
2  3.898709e+00  4.091850e+00  2.773390e+05  1.435806e+00 6  2.878057e-01  5.315323e+00 1  12.5387  7.618109e-01  6.610532e+00  0  0.8750  3.869004e+12  0.000000e+00  0.000000e+00  1.826074e-01 -2.637698e+00  1.274995e+01  1  0.8750  6.415171e+10  0.000000e+00  0.000000e+00  5.355761e-01 -6.755864e+01  1.917399e-02  2  0.8750  8.626129e+13  1.864662e+00  4.548351e+01  2.751085e-01  1.633576e+02  7.100975e+00  3  0.8750  2.456998e+11  1.864662e+00  4.548351e+01  1.384282e-01  1.697777e+02  2.396652e-01  4  0.8750  1.253866e+01  0.000000e+00  0.000000e+00  1.198930e-01 -1.572640e+02  0.000000e+00 
1  8.358617e+00  1.617354e+01  3.398470e+05  5.677394e-01 0 -1.000000e+00  1.617354e+01 2   5.0117  5.047159e-01  1.184483e-02 -1 -1.0000 -1.000000e+00 -1.000000e+00 -1.000000e+00 -1.000000e+00 -1.000000e+00 -1.000000e+00 -1 -1.0000 -1.000000e+00 -1.000000e+00 -1.000000e+00 -1.000000e+00 -1.000000e+00 -1.000000e+00  0  0.9690  1.254371e+12  0.000000e+00  0.000000e+00  3.680402e-01  9.076165e+01  5.531650e+00  1  0.9690  5.055188e+10  0.000000e+00  0.000000e+00  4.032719e-01  7.508975e+01  1.310708e-01  2  0.9690  5.011701e+00  0.000000e+00  0.000000e+00  1.382799e-01  9.790838e+01  0.000000e+00 
3  6.443968e+00  6.519284e+00  1.209960e+05  2.881222e-01 6  2.692003e-01  1.092431e+01 1   7.9889  4.276800e-02 -7.118483e-01  0  2.4530  8.681741e+11  0.000000e+00  0.000000e+00  1.791396e-01 -1.292825e+02  5.891603e+00  1  2.4530  2.184617e+10  0.000000e+00  0.000000e+00  2.250243e-01 -1.467554e+02  6.058591e-02  2  2.4530  3.782719e+12  1.620299e+00 -6.516679e+00  2.460339e-01  6.738000e+01  3.536095e+00  3  2.4530  8.115052e+10  1.620299e+00 -6.516679e+00  2.690732e-01  1.972683e+01  2.395499e-02  4  2.4530  7.988859e+00  0.000000e+00  0.000000e+00  1.160803e-01  4.461329e+01  0.000000e+00 
1  3.562144e+01  7.581256e+01  1.745950e+05  3.674976e-02 0  3.082596e-01  7.581256e+01 2   2.2188 -7.486817e-02 -1.715763e-01  0  0.4140  3.614713e+10  0.000000e+00  0.000000e+00  1.747988e-01 -1.541072e+02  3.980246e+01  1  0.4140  1.338401e+08  0.000000e+00  0.000000e+00  1.095298e-01 -1.017143e+02  1.684303e-01  2  0.4140  5.035433e+11 -1.056090e+01 -1.589143e+01  2.169743e-01 -1.196205e+02  1.567894e+01  3  0.4140  1.139714e+10 -1.056090e+01 -1.589143e+01  4.391242e-01 -1.182792e+02  1.944714e-01  4  0.4140  2.218801e+00  0.000000e+00  0.000000e+00  1.729577e-02  1.345094e+02  0.000000e+00 
3  2.334945e+00  1.335635e+00  3.135310e+05  7.051890e-01 6 -1.000000e+00  4.498882e+00 2  11.8698  2.412584e-01  2.036726e-01 -1 -1.0000 -1.000000e+00 -1.000000e+00 -1.000000e+00 -1.000000e+00 -1.000000e+00 -1.000000e+00 -1 -1.0000 -1.000000e+00 -1.000000e+00 -1.000000e+00 -1.000000e+00 -1.000000e+00 -1.000000e+00  0  0.4470  8.287566e+11  0.000000e+00  0.000000e+00  2.383203e-01  1.344683e+02  7.309350e+00  1  0.4470  3.438294e+10  0.000000e+00  0.000000e+00  4.750962e-01  9.387005e+01  1.152659e-01  2  0.4470  1.186977e+01  0.000000e+00  0.000000e+00  1.806825e-01 -3.131052e+01  0.000000e+00 
3  7.574380e+01  5.297351e+01  2.907660e+05  3.718062e-01 6 -1.000000e+00  1.116845e+02 1   0.8573 -2.139633e-01  1.974070e-01 -1 -1.0000 -1.000000e+00 -1.000000e+00 -1.000000e+00 -1.000000e+00 -1.000000e+00 -1.000000e+00 -1 -1.0000 -1.000000e+00 -1.000000e+00 -1.000000e+00 -1.000000e+00 -1.000000e+00 -1.000000e+00  0  0.4610  3.756156e+12  0.000000e+00  0.000000e+00  5.676254e-02  2.013565e+01  7.630527e+00  1  0.4610  6.026735e+10  0.000000e+00  0.000000e+00  3.501100e-01  2.211770e+01  1.803060e-01  2  0.4610  8.573409e-01  0.000000e+00  0.000000e+00  4.740643e-02  1.219990e+02  0.000000e+00 
3  6.533732e+00  4.070710e+00  3.126000e+03  4.054998e-01 6  3.037339e-01  1.146521e+01 3   6.5491  4.743622e-01 -1.225716e+00  0  0.6850  4.895091e+11  0.000000e+00  0.000000e+00  1.177459e-01  8.360920e-02  1.708020e+01  1  0.6850  2.203636e+10  0.000000e+00  0.000000e+00  3.046980e-01  9.944987e+00  1.227834e-01  2  0.6850  1.170606e+13  1.197880e+01 -2.215715e+01  3.244979e-01  3.838276e+01  5.275471e+00  3  0.6850  1.592474e+11  1.197880e+01 -2.215715e+01  5.400539e-02 -1.071677e+01  1.468023e-01  4  0.6850  6.549132e+00  0.000000e+00  0.000000e+00  6.970407e-02 -1.442162e+02  0.000000e+00 
3  5.271781e+00  2.771755e+00  3.364560e+05  3.525116e-01 6  2.988202e-01  6.827844e+00 1   1.1954  6.810940e-01  5.122292e-01  0  0.7070  7.031092e+11  0.000000e+00  0.000000e+00  4.217069e-01 -1.286377e+02  2.014108e+01  1  0.7070  3.629994e+10  0.000000e+00  0.000000e+00  1.394949e-01 -1.230378e+02  8.691207e-02  2  0.7070  1.154493e+13  3.790195e+01  1.592140e+01  2.968247e-01  1.639431e+02  4.136365e+00  3  0.7070  1.491141e+11  3.790195e+01  1.592140e+01  5.773470e-01  1.444144e+02  2.053016e-01  4  0.7070  1.195437e+00  0.000000e+00  0.000000e+00  1.413589e-02  1.469030e+02  0.000000e+00 
3  9.051676e+00  7.680812e+00  2.673750e+05  8.441267e-01 6 -1.000000e+00  1.578334e+01 3   6.8345 -9.047686e-02  4.395083e-01 -1 -1.0000 -1.000000e+00 -1.000000e+00 -1.000000e+00 -1.000000e+00 -1.000000e+00 -1.000000e+00 -1 -1.0000 -1.000000e+00 -1.000000e+00 -1.000000e+00 -1.000000e+00 -1.000000e+00 -1.000000e+00  0  0.7750  1.350893e+13  0.000000e+00  0.000000e+00  3.342982e-01  1.716504e+02  4.102890e+00  1  0.7750  9.569797e+10  0.000000e+00  0.000000e+00  4.369043e-01  1.276892e+02  2.573711e-01  2  0.7750  6.834507e+00  0.000000e+00  0.000000e+00  7.163906e-02  1.307842e+02  0.000000e+00 
3  1.216163e+01  1.688778e+01  5.817100e+04  1.427606e+00 6 -1.000000e+00  1.771551e+01 1   3.8655 -8.340572e-01 -6.909844e-01 -1 -1.0000 -1.000000e+00 -1.000000e+00 -1.000000e+00 -1.000000e+00 -1.000000e+00 -1.000000e+00 -1 -1.0000 -1.000000e+00 -1.000000e+00 -1.000000e+00 -1.000000e+00 -1.000000e+00 -1.000000e+00  0  0.7960  6.403780e+13  0.000000e+00  0.000000e+00  6.572006e-01 -1.395863e+02  3.366615e+00  1  0.7960  2.573604e+11  0.000000e+00  0.000000e+00  3.976857e-01 -1.517859e+02  2.824517e-01  2  0.7960  3.865515e+00  0.000000e+00  0.000000e+00  3.068231e-02 -3.670267e+01  0.000000e+00 
3  8.955059e+00  9.847614e+00  1.522970e+05  7.214112e-01 6  2.856972e-01  1.382547e+01 1   6.6887  4.228909e-01  9.785023e-01  0  0.8610  1.081762e+12  0.000000e+00  0.000000e+00  4.480752e-01  6.352507e+00  1.714685e+01  1  0.8610  3.925976e+10  0.000000e+00  0.000000e+00  2.809642e-01  8.964465e+00  6.748700e-02  2  0.8610  5.620938e+12  3.757135e+00  6.942007e+00  2.691923e-01 -1.571417e+02  4.804268e+00  3  0.8610  9.717195e+10  3.757135e+00  6.942007e+00  1.842144e-01 -1.750640e+02  1.019625e-01  4  0.8610  6.688666e+00  0.000000e+00  0.000000e+00  7.287173e-02  4.173382e+01  0.000000e+00 
3  7.089058e+00  4.947855e+00  2.391290e+05  4.511216e-01 6 -1.000000e+00  1.148762e+01 1   6.5971 -1.039897e-02  3.050319e-01 -1 -1.0000 -1.000000e+00 -1.000000e+00 -1.000000e+00 -1.000000e+00 -1.000000e+00 -1.000000e+00 -1 -1.0000 -1.000000e+00 -1.000000e+00 -1.000000e+00 -1.000000e+00 -1.000000e+00 -1.000000e+00  0  1.0130  1.607531e+12  0.000000e+00  0.000000e+00  1.940613e-01  1.597254e+02  5.185766e+00  1  1.0130  4.961884e+10  0.000000e+00  0.000000e+00  3.403646e-01  1.482920e+02  9.310951e-02  2  1.0130  6.597115e+00  0.000000e+00  0.000000e+00  6.920248e-02 -1.329293e+02  0.000000e+00 
3  8.606084e+00  3.704776e+00  3.828130e+05  3.042711e-01 6 -1.000000e+00  1.085880e+01 1   6.2412 -3.390071e-01 -8.546557e-02 -1 -1.0000 -1.000000e+00 -1.000000e+00 -1.000000e+00 -1.000000e+00 -1.000000e+00 -1.000000e+00 -1 -1.0000 -1.000000e+00 -1.000000e+00 -1.000000e+00 -1.000000e+00 -1.000000e+00 -1.000000e+00  0  1.4530  1.236815e+12  0.000000e+00  0.000000e+00  2.231424e-01  1.402327e+02  2.483373e+00  1  1.4530  4.361488e+10  0.000000e+00  0.000000e+00  5.887962e-01  1.422910e+02  4.855659e-02  2  1.4530  6.241169e+00  0.000000e+00  0.000000e+00  5.585246e-02  1.429161e+02  0.000000e+00 
3  3.371009e+00  1.892357e+00  3.787000e+04  1.144550e-01 6 -1.000000e+00  5.486087e+00 1   7.7947  6.280609e-02  1.839797e-03 -1 -1.0000 -1.000000e+00 -1.000000e+00 -1.000000e+00 -1.000000e+00 -1.000000e+00 -1.000000e+00 -1 -1.0000 -1.000000e+00 -1.000000e+00 -1.000000e+00 -1.000000e+00 -1.000000e+00 -1.000000e+00  0  2.5530  3.740430e+11  0.000000e+00  0.000000e+00  3.418712e-01  1.038336e+02  4.322626e+00  1  2.5530  3.443232e+09  0.000000e+00  0.000000e+00  2.857420e-01  9.738535e+01  2.385620e-02  2  2.5530  7.794663e+00  0.000000e+00  0.000000e+00  1.625043e-01 -1.301253e+02  0.000000e+00 
4  3.825694e+00  6.621404e+00  1.113040e+05  3.946970e-01 6 -1.000000e+00  7.823400e+00 3  12.0131 -1.464481e-01 -2.882815e-02 -1 -1.0000 -1.000000e+00 -1.000000e+00 -1.000000e+00 -1.000000e+00 -1.000000e+00 -1.000000e+00 -1 -1.0000 -1.000000e+00 -1.000000e+00 -1.000000e+00 -1.000000e+00 -1.000000e+00 -1.000000e+00  0  2.5760  1.413928e+12  0.000000e+00  0.000000e+00  2.194747e-01 -9.628788e+01  4.841140e+00  1  2.5760  1.951996e+10  0.000000e+00  0.000000e+00  2.319826e-01 -7.231029e+01  1.355877e-02  2  2.5760  1.201314e+01  0.000000e+00  0.000000e+00  2.362252e-01 -8.194233e+01  0.000000e+00 
1  2.778534e+01  6.245449e+01  3.402160e+05  1.474286e+01 0 -1.000000e+00  6.245449e+01 2   2.6815  7.498255e+00 -7.995738e+00 -1 -1.0000 -1.000000e+00 -1.000000e+00 -1.000000e+00 -1.000000e+00 -1.000000e+00 -1.000000e+00 -1 -1.0000 -1.000000e+00 -1.000000e+00 -1.000000e+00 -1.000000e+00 -1.000000e+00 -1.000000e+00  0  0.3680  4.049408e+14  0.000000e+00  0.000000e+00  2.887677e-01  4.096253e+01  8.321346e+00  1  0.3680  7.394020e+11  0.000000e+00  0.000000e+00  2.410273e-01  3.511418e+01  1.023754e+00  2  0.3680  2.681456e+00  0.000000e+00  0.000000e+00  5.045380e-02  8.354876e+01  0.000000e+00 
3  6.146647e+00  3.809319e+00  3.782880e+05  2.066208e-01 6 -1.000000e+00  1.096648e+01 3   5.1469 -5.457690e-02 -1.305100e-01 -1 -1.0000 -1.000000e+00 -1.000000e+00 -1.000000e+00 -1.000000e+00 -1.000000e+00 -1.000000e+00 -1 -1.0000 -1.000000e+00 -1.000000e+00 -1.000000e+00 -1.000000e+00 -1.000000e+00 -1.000000e+00  0  0.6110  3.238477e+11  0.000000e+00  0.000000e+00  2.510517e-01 -2.637507e+01  1.275915e+01  1  0.6110  6.178692e+09  0.000000e+00  0.000000e+00  8.782207e-02 -3.600478e+01  6.771483e-02  2  0.6110  5.146899e+00  0.000000e+00  0.000000e+00  7.313611e-02 -5.284879e+01  0.000000e+00 
3  2.672449e+01  1.267736e+01  2.365820e+05  8.579393e-01 6 -1.000000e+00  3.729250e+01 1   3.7395 -6.544755e-01 -3.674086e-01 -1 -1.0000 -1.000000e+00 -1.000000e+00 -1.000000e+00 -1.000000e+00 -1.000000e+00 -1.000000e+00 -1 -1.0000 -1.000000e+00 -1.000000e+00 -1.000000e+00 -1.000000e+00 -1.000000e+00 -1.000000e+00  0  0.6250  3.547743e+12  0.000000e+00  0.000000e+00  1.339905e-01  7.950630e+01  8.085556e+00  1  0.6250  8.103987e+10  0.000000e+00  0.000000e+00  2.836654e-01  5.869760e+01  1.839073e-01  2  0.6250  3.739503e+00  0.000000e+00  0.000000e+00  5.234704e-02  5.087834e+01  0.000000e+00 
3  1.053319e+01  6.660869e+00  1.019900e+04  4.843286e-01 6 -1.000000e+00  1.437449e+01 1   4.2298  1.856279e-01 -2.703442e-01 -1 -1.0000 -1.000000e+00 -1.000000e+00 -1.000000e+00 -1.000000e+00 -1.000000e+00 -1.000000e+00 -1 -1.0000 -1.000000e+00 -1.000000e+00 -1.000000e+00 -1.000000e+00 -1.000000e+00 -1.000000e+00  0  0.7910  1.154724e+12  0.000000e+00  0.000000e+00  1.338831e-01 -7.658039e+01  7.082244e+00  1  0.7910  4.314235e+10  0.000000e+00  0.000000e+00  1.147740e-01 -1.597159e+02  7.626023e-02  2  0.7910  4.229820e+00  0.000000e+00  0.000000e+00  1.437204e-01  7.512111e+01  0.000000e+00 
1  3.873259e+00  7.437395e+00  2.854670e+05  1.897572e-01 0 -1.000000e+00  7.437395e+00 2   7.5766  8.911988e-02  1.798372e-01 -1 -1.0000 -1.000000e+00 -1.000000e+00 -1.000000e+00 -1.000000e+00 -1.000000e+00 -1.000000e+00 -1 -1.0000 -1.000000e+00 -1.000000e+00 -1.000000e+00 -1.000000e+00 -1.000000e+00 -1.000000e+00  0  0.8230  6.049297e+11  0.000000e+00  0.000000e+00  1.913489e-01  2.946899e+01  6.938033e+00  1  0.8230  1.844160e+10  0.000000e+00  0.000000e+00  6.751357e-01 -2.837727e+01  1.313542e-01  2  0.8230  7.576606e+00  0.000000e+00  0.000000e+00  7.656754e-02 -4.940518e+01  0.000000e+00 
3  3.422636e+01  3.614446e+01  1.005630e+05  1.290179e-01 6 -1.000000e+00  4.179987e+01 1   1.2891  1.095746e-01  5.512376e-02 -1 -1.0000 -1.000000e+00 -1.000000e+00 -1.000000e+00 -1.000000e+00 -1.000000e+00 -1.000000e+00 -1 -1.0000 -1.000000e+00 -1.000000e+00 -1.000000e+00 -1.000000e+00 -1.000000e+00 -1.000000e+00  0  0.8710  1.282646e+12  0.000000e+00  0.000000e+00  2.789557e-01  4.320676e+01  3.769973e+00  1  0.8710  3.858881e+10  0.000000e+00  0.000000e+00  5.058635e-01  6.074890e+00  1.352175e-01  2  0.8710  1.289074e+00  0.000000e+00  0.000000e+00  3.521502e-02 -1.761028e+02  0.000000e+00 
3  6.657545e+00  5.710588e+00  9.623900e+04  5.438024e-01 6  2.894520e-01  1.111716e+01 1   5.3479 -7.893583e-01  7.943563e-01  0  0.9140  9.053062e+11  0.000000e+00  0.000000e+00  2.229089e-01  1.257455e+02  1.274471e+01  1  0.9140  3.778544e+10  0.000000e+00  0.000000e+00  3.086285e-01  1.533362e+02  1.649881e-01  2  0.9140  8.221712e+12 -5.090311e+00  6.667978e+00  1.385421e-01 -1.184703e+02  6.071699e+00  3  0.9140  1.181223e+11 -5.090311e+00  6.667978e+00  3.420508e-01 -1.143349e+02  1.609302e-01  4  0.9140  5.347915e+00  0.000000e+00  0.000000e+00  5.778471e-02 -1.208441e+02  0.000000e+00 
3  6.011211e+00  5.424627e+00  3.891880e+05  9.964864e-01 6 -1.000000e+00  9.282527e+00 1   9.4146 -4.319536e-01 -3.100683e-01 -1 -1.0000 -1.000000e+00 -1.000000e+00 -1.000000e+00 -1.000000e+00 -1.000000e+00 -1.000000e+00 -1 -1.0000 -1.000000e+00 -1.000000e+00 -1.000000e+00 -1.000000e+00 -1.000000e+00 -1.000000e+00  0  1.6220  1.432260e+13  0.000000e+00  0.000000e+00  3.129601e-01  9.857483e+01  1.966084e+00  1  1.6220  1.389337e+11  0.000000e+00  0.000000e+00  3.350312e-01  7.994990e+01  1.853930e-01  2  1.6220  9.414552e+00  0.000000e+00  0.000000e+00  2.653674e-01 -1.673832e+02  0.000000e+00 
3  4.273540e+00  5.727059e+00  3.935690e+05  6.193853e-01 6 -1.000000e+00  1.050886e+01 3   7.9178 -7.498227e-03  1.658702e-01 -1 -1.0000 -1.000000e+00 -1.000000e+00 -1.000000e+00 -1.000000e+00 -1.000000e+00 -1.000000e+00 -1 -1.0000 -1.000000e+00 -1.000000e+00 -1.000000e+00 -1.000000e+00 -1.000000e+00 -1.000000e+00  0  1.6300  1.939359e+12  0.000000e+00  0.000000e+00  1.047717e-01 -2.723656e+01  8.544471e+00  1  1.6300  6.621334e+10  0.000000e+00  0.000000e+00  3.782419e-01 -6.134808e+00  3.882841e-02  2  1.6300  7.917780e+00  0.000000e+00  0.000000e+00  2.605067e-02 -1.239062e+01  0.000000e+00 
3  2.071033e+01  1.115786e+01  1.755350e+05  7.931035e-01 6  2.941097e-01  2.787716e+01 1   3.3140  1.396849e-01  8.838272e-01  0  0.4350  1.915270e+12  0.000000e+00  0.000000e+00  4.350557e-01 -1.639752e+02  1.338060e+01  1  0.4350  9.950085e+10  0.000000e+00  0.000000e+00  5.116624e-01 -1.467843e+02  2.405371e-01  2  0.4350  1.313189e+13 -5.487910e+01  8.236100e+01  3.028340e-01  2.205815e+01  8.442049e+00  3  0.4350  1.447594e+11 -5.487910e+01  8.236100e+01  2.878697e-01  2.256175e+01  7.710419e-01  4  0.4350  3.314027e+00  0.000000e+00  0.000000e+00  7.773696e-02  9.241269e+01  0.000000e+00 
3  1.684901e+00  2.009337e+00  2.606720e+05  6.592280e-01 6 -1.000000e+00  2.275993e+00 1  12.1184 -1.262856e-01  2.961219e-01 -1 -1.0000 -1.000000e+00 -1.000000e+00 -1.000000e+00 -1.000000e+00 -1.000000e+00 -1.000000e+00 -1 -1.0000 -1.000000e+00 -1.000000e+00 -1.000000e+00 -1.000000e+00 -1.000000e+00 -1.000000e+00  0  0.4600  8.751538e+11  0.000000e+00  0.000000e+00  2.999432e-01 -7.283837e+01  1.053897e+01  1  0.4600  3.864110e+10  0.000000e+00  0.000000e+00  2.242342e-01 -1.253183e+02  7.961921e-02  2  0.4600  1.211835e+01  0.000000e+00  0.000000e+00  2.846224e-01  1.108631e+02  0.000000e+00 
3  6.622368e+00  4.033216e+00  2.503590e+05  2.307858e-01 6 -1.000000e+00  8.332713e+00 1   6.1568  4.645443e-03  1.766430e-01 -1 -1.0000 -1.000000e+00 -1.000000e+00 -1.000000e+00 -1.000000e+00 -1.000000e+00 -1.000000e+00 -1 -1.0000 -1.000000e+00 -1.000000e+00 -1.000000e+00 -1.000000e+00 -1.000000e+00 -1.000000e+00  0  0.7800  4.091419e+11  0.000000e+00  0.000000e+00  3.149534e-02 -1.246822e+02  5.528794e+00  1  0.7800  7.587494e+09  0.000000e+00  0.000000e+00  5.442096e-01 -1.116981e+02  4.510510e-02  2  0.7800  6.156766e+00  0.000000e+00  0.000000e+00  7.850154e-02 -6.346389e+01  0.000000e+00 
3  2.238807e+01  1.453122e+01  3.429630e+05  6.233620e-01 6 -1.000000e+00  4.849045e+01 2   8.5104  3.204402e-01  3.946148e-02 -1 -1.0000 -1.000000e+00 -1.000000e+00 -1.000000e+00 -1.000000e+00 -1.000000e+00 -1.000000e+00 -1 -1.0000 -1.000000e+00 -1.000000e+00 -1.000000e+00 -1.000000e+00 -1.000000e+00 -1.000000e+00  0  1.1310  1.473915e+12  0.000000e+00  0.000000e+00  1.264813e-01 -6.411156e+01  7.797101e+00  1  1.1310  5.503019e+10  0.000000e+00  0.000000e+00  8.671655e-02 -7.946268e+01  1.164436e-01  2  1.1310  8.510359e+00  0.000000e+00  0.000000e+00  1.552830e-01  8.333399e+01  0.000000e+00 
3  4.368807e+00  2.752632e+00  1.299960e+05  6.414531e-01 6 -1.000000e+00  5.870504e+00 1  11.3892 -3.989499e-02 -4.910740e-01 -1 -1.0000 -1.000000e+00 -1.000000e+00 -1.000000e+00 -1.000000e+00 -1.000000e+00 -1.000000e+00 -1 -1.0000 -1.000000e+00 -1.000000e+00 -1.000000e+00 -1.000000e+00 -1.000000e+00 -1.000000e+00  0  1.1460  2.017147e+12  0.000000e+00  0.000000e+00  1.255928e-01  1.526294e+02  5.875315e+00  1  1.1460  5.938992e+10  0.000000e+00  0.000000e+00  5.477287e-01  1.214508e+02  9.513193e-02  2  1.1460  1.138916e+01  0.000000e+00  0.000000e+00  1.407865e-01 -8.194550e+01  0.000000e+00 
1  1.065148e+01  2.231476e+01  3.859070e+05  5.132801e-01 0  2.832093e-01  2.231476e+01 2   7.2033 -1.714828e-01 -1.651066e+00  0  1.1930  7.769445e+11  0.000000e+00  0.000000e+00  4.325595e-01 -1.506274e+01  1.352227e+01  1  1.1930  4.751898e+10  0.000000e+00  0.000000e+00  2.335741e-01 -3.654239e+00  7.166385e-02  2  1.1930  4.925500e+12  5.775649e+00 -2.506376e+01  2.375143e-02 -4.496915e+01  4.208526e+00  3  1.1930  7.365973e+10  5.775649e+00 -2.506376e+01  4.066919e-01 -6.643843e+01  8.263691e-02  4  1.1930  7.203272e+00  0.000000e+00  0.000000e+00  2.206088e-01 -2.873655e+01  0.000000e+00 
3  3.398281e+00  1.980805e+00  1.126520e+05  3.132674e-01 6 -1.000000e+00  5.761243e+00 1  10.3770 -1.484725e-01 -1.807921e-01 -1 -1.0000 -1.000000e+00 -1.000000e+00 -1.000000e+00 -1.000000e+00 -1.000000e+00 -1.000000e+00 -1 -1.0000 -1.000000e+00 -1.000000e+00 -1.000000e+00 -1.000000e+00 -1.000000e+00 -1.000000e+00  0  1.3260  7.975123e+11  0.000000e+00  0.000000e+00  3.766738e-01 -2.711634e+01  4.523550e+00  1  1.3260  2.768712e+10  0.000000e+00  0.000000e+00  2.368583e-01 -9.300950e+00  5.483847e-02  2  1.3260  1.037697e+01  0.000000e+00  0.000000e+00  2.748016e-02 -6.747174e+01  0.000000e+00 
3  1.121769e+01  8.807555e+00  5.676100e+04  2.434304e-01 6  2.809424e-01  1.710005e+01 1   3.4896 -5.177871e-01  2.951205e-01  0  1.3860  5.854275e+11  0.000000e+00  0.000000e+00  2.540107e-01  4.931738e+01  1.034331e+01  1  1.3860  2.360157e+10  0.000000e+00  0.000000e+00  3.069347e-01  1.718371e+01  1.041421e-01  2  1.3860  4.054103e+12 -8.441278e+00  6.044881e+00  3.048137e-01  1.122526e+02  7.571436e+00  3  1.3860  8.113026e+10 -8.441278e+00  6.044881e+00  2.444332e-01  8.935239e+01  6.934217e-02  4  1.3860  3.489590e+00  0.000000e+00  0.000000e+00  6.752843e-02 -1.583903e+02  0.000000e+00 
5  2.994200e+00  4.462254e+00  2.656310e+05  6.090918e-01 6  2.752088e-01  6.487873e+00 3  11.1859 -6.791901e-01 -4.147299e-01  0  1.5330  6.823568e+11  0.000000e+00  0.000000e+00  4.193404e-01 -5.332574e+01  1.948335e+01  1  1.5330  1.518933e+10  0.000000e+00  0.000000e+00  4.260089e-01 -7.796363e+01  4.193663e-02  2  1.5330  1.817972e+12 -8.001035e+00 -3.838520e+00  1.845927e-01  8.729511e+01  6.100399e+00  3  1.5330  6.417030e+10 -8.001035e+00 -3.838520e+00  4.777094e-01  7.659100e+01  6.671094e-02  4  1.5330  1.118590e+01  0.000000e+00  0.000000e+00  1.577783e-01 -2.845659e+01  0.000000e+00 
2  2.675615e+00  4.457827e-01  1.681230e+05  2.932265e+00 6 -1.000000e+00  5.379913e+00 2  14.0047  2.484457e-02  1.869451e+00 -1 -1.0000 -1.000000e+00 -1.000000e+00 -1.000000e+00 -1.000000e+00 -1.000000e+00 -1.000000e+00 -1 -1.0000 -1.000000e+00 -1.000000e+00 -1.000000e+00 -1.000000e+00 -1.000000e+00 -1.000000e+00  0  1.5970  3.910426e+13  0.000000e+00  0.000000e+00  4.575835e-01  1.744017e+02  6.039760e+00  1  1.5970  1.391911e+11  0.000000e+00  0.000000e+00  3.090838e-01  2.082977e+02  5.582893e-02  2  1.5970  1.400466e+01  0.000000e+00  0.000000e+00  1.248131e-01 -1.244089e+02  0.000000e+00 
1  1.751540e+01  3.779962e+01  7.176200e+04  8.279810e-01 0 -1.000000e+00  3.779962e+01 2   4.1832  4.506057e-01  1.480343e+00 -1 -1.0000 -1.000000e+00 -1.000000e+00 -1.000000e+00 -1.000000e+00 -1.000000e+00 -1.000000e+00 -1 -1.0000 -1.000000e+00 -1.000000e+00 -1.000000e+00 -1.000000e+00 -1.000000e+00 -1.000000e+00  0  1.6210  1.968280e+13  0.000000e+00  0.000000e+00  5.556785e-01 -1.527309e+01  4.063326e+00  1  1.6210  1.539528e+11  0.000000e+00  0.000000e+00  1.428586e-01 -2.777770e+01  2.096311e-01  2  1.6210  4.183245e+00  0.000000e+00  0.000000e+00  1.959564e-02 -4.392726e+01  0.000000e+00 
1  1.278444e+01  2.428348e+01  8.709500e+04  2.131496e+00 0 -1.000000e+00  2.428348e+01 2   2.9581  1.695565e+00 -1.662549e+00 -1 -1.0000 -1.000000e+00 -1.000000e+00 -1.000000e+00 -1.000000e+00 -1.000000e+00 -1.000000e+00 -1 -1.0000 -1.000000e+00 -1.000000e+00 -1.000000e+00 -1.000000e+00 -1.000000e+00 -1.000000e+00  0  0.4300  2.696615e+13  0.000000e+00  0.000000e+00  2.962793e-01 -1.390036e+02  6.446999e+00  1  0.4300  2.611869e+11  0.000000e+00  0.000000e+00  3.296383e-01 -1.093192e+02  3.583793e-01  2  0.4300  2.958125e+00  0.000000e+00  0.000000e+00  9.818363e-02  3.575046e+01  0.000000e+00 
1  2.491562e+01  4.831963e+01  4.436300e+04  1.585933e-01 0  3.090378e-01  4.831963e+01 2   2.3321 -3.942632e-01  3.843929e-01  0  0.4580  1.928793e+11  0.000000e+00  0.000000e+00  2.374811e-02 -1.566600e+02  2.223526e+01  1  0.4580  4.142928e+09  0.000000e+00  0.000000e+00  5.006177e-01 -1.314660e+02  1.944621e-01  2  0.4580  3.535752e+12 -1.705338e+00  3.411626e+00  3.248768e-01 -1.114826e+01  6.030369e+00  3  0.4580  7.917826e+10 -1.705338e+00  3.411626e+00  4.450333e-01 -6.391202e+01  2.822059e-01  4  0.4580  2.332099e+00  0.000000e+00  0.000000e+00  9.340834e-02 -2.660897e+01  0.000000e+00 
3  3.100291e+01  5.219373e+01  2.133540e+05  5.515896e-01 6  2.870392e-01  6.947762e+01 3   1.5363 -7.317809e-01 -2.003072e-01  0  0.8010  1.421144e+12  0.000000e+00  0.000000e+00  1.320673e-01  7.848540e+01  1.699576e+01  1  0.8010  7.758955e+10  0.000000e+00  0.000000e+00  1.284472e-01  1.780330e+02  1.360987e-01  2  0.8010  8.324480e+12 -2.034887e+01 -5.777802e+00  3.170080e-01 -5.255482e+01  3.071377e+00  3  0.8010  1.193397e+11 -2.034887e+01 -5.777802e+00  5.364495e-01 -7.407703e+01  9.719575e-02  4  0.8010  1.536269e+00  0.000000e+00  0.000000e+00  1.189355e-02 -2.804351e+01  0.000000e+00 
3  1.149351e+01  6.290642e+00  3.993490e+05  5.410547e-01 6 -1.000000e+00  2.142454e+01 2   3.4807  2.432432e-01 -7.042022e-02 -1 -1.0000 -1.000000e+00 -1.000000e+00 -1.000000e+00 -1.000000e+00 -1.000000e+00 -1.000000e+00 -1 -1.0000 -1.000000e+00 -1.000000e+00 -1.000000e+00 -1.000000e+00 -1.000000e+00 -1.000000e+00  0  0.8520  7.683763e+11  0.000000e+00  0.000000e+00  5.039579e-01 -1.193709e+02  1.229419e+01  1  0.8520  2.743969e+10  0.000000e+00  0.000000e+00  4.170640e-01 -1.006692e+02  4.882617e-02  2  0.8520  3.480656e+00  0.000000e+00  0.000000e+00  1.372207e-01  1.182225e+02  0.000000e+00 
3  1.218497e+01  8.625691e+00  3.232010e+05  7.765888e-01 6  2.895694e-01  1.805468e+01 1   5.2367  1.430031e+00 -1.340271e+00  0  1.0200  9.441380e+11  0.000000e+00  0.000000e+00  2.605096e-01  1.754803e+02  2.136268e+01  1  1.0200  4.149664e+10  0.000000e+00  0.000000e+00  2.047150e-01  1.102798e+02  9.395561e-02  2  1.0200  1.322458e+13  1.014229e+01 -8.400095e+00  4.241638e-01  8.236539e+00  5.062174e+00  3  1.0200  1.676114e+11  1.014229e+01 -8.400095e+00  1.827738e-01  2.110370e+01  2.099584e-01  4  1.0200  5.236722e+00  0.000000e+00  0.000000e+00  5.647397e-02  7.502395e+01  0.000000e+00 
3  1.274781e+01  3.107450e+01  3.078260e+05  4.870490e-02 6  2.900327e-01  3.219912e+01 3   3.7285 -2.190594e-02  1.794841e-01  0  1.1840  5.160797e+10  0.000000e+00  0.000000e+00  1.962401e-01  1.649465e+02  2.716174e+01  1  1.1840  1.173847e+08  0.000000e+00  0.000000e+00  2.007783e-01  1.826942e+02  2.295436e-02  2  1.1840  4.585518e+11 -6.864785e-01  5.087426e+00  8.994840e-03  5.272875e+01  5.181537e+00  3  1.1840  8.033897e+09 -6.864785e-01  5.087426e+00  3.783410e-01  1.096564e+02  5.240517e-02  4  1.1840  3.728476e+00  0.000000e+00  0.000000e+00  1.748628e-01  1.510012e+01  0.000000e+00 
3  5.018817e+00  4.938615e+00  8.301700e+04  7.979275e-01 6 -1.000000e+00  1.061683e+01 3   3.1641 -2.082597e-01  2.809328e-01 -1 -1.0000 -1.000000e+00 -1.000000e+00 -1.000000e+00 -1.000000e+00 -1.000000e+00 -1.000000e+00 -1 -1.0000 -1.000000e+00 -1.000000e+00 -1.000000e+00 -1.000000e+00 -1.000000e+00 -1.000000e+00  0  1.2160  6.958482e+12  0.000000e+00  0.000000e+00  1.253372e-01 -6.909652e+01  7.121961e+00  1  1.2160  9.309820e+10  0.000000e+00  0.000000e+00  3.225353e-01 -4.281424e+01  6.785344e-02  2  1.2160  3.164076e+00  0.000000e+00  0.000000e+00  9.924142e-02 -1.606882e+02  0.000000e+00 
3  6.428908e+00  8.561937e+00  2.118790e+05  3.188548e-01 6 -1.000000e+00  8.971211e+00 1   8.3471  1.608975e-01  1.764877e-01 -1 -1.0000 -1.000000e+00 -1.000000e+00 -1.000000e+00 -1.000000e+00 -1.000000e+00 -1.000000e+00 -1 -1.0000 -1.000000e+00 -1.000000e+00 -1.000000e+00 -1.000000e+00 -1.000000e+00 -1.000000e+00  0  1.5750  1.840480e+12  0.000000e+00  0.000000e+00  1.004138e-01  1.278195e+02  4.452576e+00  1  1.5750  5.053337e+10  0.000000e+00  0.000000e+00  6.608603e-01  1.672215e+02  6.560897e-02  2  1.5750  8.347106e+00  0.000000e+00  0.000000e+00  2.348107e-01  6.743994e+01  0.000000e+00 
1  5.929495e+00  1.043254e+01  3.318990e+05  4.650060e+00 0 -1.000000e+00  1.043254e+01 2   6.3930 -8.677074e+00  6.043060e-01 -1 -1.0000 -1.000000e+00 -1.000000e+00 -1.000000e+00 -1.000000e+00 -1.000000e+00 -1.000000e+00 -1 -1.0000 -1.000000e+00 -1.000000e+00 -1.000000e+00 -1.000000e+00 -1.000000e+00 -1.000000e+00  0  1.6540  6.171878e+13  0.000000e+00  0.000000e+00  4.559591e-01  7.692332e+01  5.284712e+00  1  1.6540  1.762609e+11  0.000000e+00  0.000000e+00  5.407603e-01  2.679446e+01  5.983974e-02  2  1.6540  6.393011e+00  0.000000e+00  0.000000e+00  1.440012e-01 -7.772860e+01  0.000000e+00 
3  1.252770e+00  9.036503e-01  2.759610e+05  1.421223e+00 6  2.930194e-01  1.791358e+00 1  19.4460  9.945385e-01  3.030841e+00  0  0.5610  4.353655e+12  0.000000e+00  0.000000e+00  2.187350e-01  1.702001e+02  1.787891e+01  1  0.5610  7.172084e+10  0.000000e+00  0.000000e+00  5.829533e-01  1.973585e+02  1.044567e-01  2  0.5610  4.809262e+13  2.428665e+01  7.600179e+01  3.096591e-01 -1.531898e+02  3.172945e+00  3  0.5610  2.087982e+11  2.428665e+01  7.600179e+01  5.148951e-02 -1.537576e+02  5.545152e-01  4  0.5610  1.944604e+01  0.000000e+00  0.000000e+00  1.301831e-01  1.389315e+00  0.000000e+00 
3  2.203259e+01  1.536165e+01  1.249910e+05  6.802459e-01 6 -1.000000e+00  3.096140e+01 1   2.3549  2.740889e-01 -1.458702e-01 -1 -1.0000 -1.000000e+00 -1.000000e+00 -1.000000e+00 -1.000000e+00 -1.000000e+00 -1.000000e+00 -1 -1.0000 -1.000000e+00 -1.000000e+00 -1.000000e+00 -1.000000e+00 -1.000000e+00 -1.000000e+00  0  0.8400  7.142513e+12  0.000000e+00  0.000000e+00  3.788825e-01 -1.148148e+02  3.028872e+00  1  0.8400  9.749442e+10  0.000000e+00  0.000000e+00  3.719024e-01 -7.033216e+01  1.556395e-01  2  0.8400  2.354853e+00  0.000000e+00  0.000000e+00  1.439446e-01  1.112919e+02  0.000000e+00 
3  3.195238e+00  2.197395e+00  2.790600e+05  1.292624e+00 6 -1.000000e+00  5.241077e+00 1   6.5504  6.936574e-01  4.674765e-01 -1 -1.0000 -1.000000e+00 -1.000000e+00 -1.000000e+00 -1.000000e+00 -1.000000e+00 -1.000000e+00 -1 -1.0000 -1.000000e+00 -1.000000e+00 -1.000000e+00 -1.000000e+00 -1.000000e+00 -1.000000e+00  0  1.4180  1.914340e+13  0.000000e+00  0.000000e+00  2.679959e-01  8.860395e+00  4.677607e+00  1  1.4180  1.317750e+11  0.000000e+00  0.000000e+00  1.449052e-01 -3.397409e+01  7.075846e-02  2  1.4180  6.550395e+00  0.000000e+00  0.000000e+00  4.656527e-02  1.729021e+02  0.000000e+00 
3  9.888990e+00  1.099409e+01  3.967890e+05  7.292480e-01 6  2.724156e-01  3.710414e+01 2   4.2438 -7.343197e-01 -4.615852e-01  0  1.7910  2.057786e+12  0.000000e+00  0.000000e+00  6.840821e-02 -1.407575e+02  1.477533e+01  1  1.7910  5.250177e+10  0.000000e+00  0.000000e+00  2.157677e-01 -1.250827e+02  4.412496e-02  2  1.7910  5.005111e+12 -1.010602e+01 -3.505980e+00  3.815772e-01 -8.045387e+01  6.155154e+00  3  1.7910  7.197113e+10 -1.010602e+01 -3.505980e+00  5.178396e-01 -1.269204e+02  6.614074e-02  4  1.7910  4.243830e+00  0.000000e+00  0.000000e+00  1.288074e-01  1.574983e+02  0.000000e+00 
3  1.139516e+01  5.773764e+00  2.797770e+05  1.444621e+00 6 -1.000000e+00  1.739759e+01 1   7.4698  5.484169e-01 -9.515404e-01 -1 -1.0000 -1.000000e+00 -1.000000e+00 -1.000000e+00 -1.000000e+00 -1.000000e+00 -1.000000e+00 -1 -1.0000 -1.000000e+00 -1.000000e+00 -1.000000e+00 -1.000000e+00 -1.000000e+00 -1.000000e+00  0  0.1880  5.994445e+12  0.000000e+00  0.000000e+00  3.291802e-01  2.503892e+01  8.848048e+00  1  0.1880  9.651304e+10  0.000000e+00  0.000000e+00  3.731787e-01  1.052869e+02  4.027959e-01  2  0.1880  7.469803e+00  0.000000e+00  0.000000e+00  1.500427e-01 -1.761373e+02  0.000000e+00 
3  9.211906e+00  4.930991e+00  1.802690e+05  1.696493e+00 6 -1.000000e+00  1.525317e+01 1   6.8873 -3.218522e-01 -1.060903e+00 -1 -1.0000 -1.000000e+00 -1.000000e+00 -1.000000e+00 -1.000000e+00 -1.000000e+00 -1.000000e+00 -1 -1.0000 -1.000000e+00 -1.000000e+00 -1.000000e+00 -1.000000e+00 -1.000000e+00 -1.000000e+00  0  0.6410  2.499911e+13  0.000000e+00  0.000000e+00  3.241300e-01 -7.457253e+01  4.234822e+00  1  0.6410  1.686617e+11  0.000000e+00  0.000000e+00  2.515898e-01 -8.845592e+01  1.513800e-01  2  0.6410  6.887330e+00  0.000000e+00  0.000000e+00  5.647331e-02 -6.067172e+00  0.000000e+00 
3  1.577455e+01  7.010554e+00  1.578960e+05  5.402094e-01 6  2.920232e-01  1.970570e+01 1   2.4346  9.066471e-01 -2.838315e-01  0  0.6530  5.673871e+11  0.000000e+00  0.000000e+00  3.537550e-01 -1.232621e+02  2.387190e+01  1  0.6530  4.654712e+10  0.000000e+00  0.000000e+00  4.234292e-01 -1.873569e+02  9.497081e-02  2  0.6530  3.638739e+12  9.099360e+00 -1.489311e+01  1.104285e-01  1.311270e+02  6.462516e+00  3  0.6530  7.747777e+10  9.099360e+00 -1.489311e+01  1.727583e-01  1.365672e+02  1.292333e-01  4  0.6530  2.434598e+00  0.000000e+00  0.000000e+00  8.313764e-02 -8.621834e+01  0.000000e+00 
1  1.732323e+00  3.009135e+00  1.077780e+05  9.208473e-01 0 -1.000000e+00  3.009135e+00 2   5.4967 -9.456864e-01 -4.504367e-01 -1 -1.0000 -1.000000e+00 -1.000000e+00 -1.000000e+00 -1.000000e+00 -1.000000e+00 -1.000000e+00 -1 -1.0000 -1.000000e+00 -1.000000e+00 -1.000000e+00 -1.000000e+00 -1.000000e+00 -1.000000e+00  0  0.8930  7.868433e+12  0.000000e+00  0.000000e+00  3.874152e-01  1.066574e+02  3.763078e+00  1  0.8930  9.782902e+10  0.000000e+00  0.000000e+00  3.747636e-01  1.000429e+02  2.010373e-01  2  0.8930  5.496681e+00  0.000000e+00  0.000000e+00  1.244264e-01  1.098789e+02  0.000000e+00 
3  1.749271e+01  1.817574e+01  4.144900e+04  7.585553e-01 6 -1.000000e+00  2.398273e+01 1   4.9535 -3.473594e-01 -3.368880e-01 -1 -1.0000 -1.000000e+00 -1.000000e+00 -1.000000e+00 -1.000000e+00 -1.000000e+00 -1.000000e+00 -1 -1.0000 -1.000000e+00 -1.000000e+00 -1.000000e+00 -1.000000e+00 -1.000000e+00 -1.000000e+00  0  0.9190  3.982911e+12  0.000000e+00  0.000000e+00  3.845255e-01  2.519327e+01  6.178796e+00  1  0.9190  1.103253e+11  0.000000e+00  0.000000e+00  2.109644e-01 -1.777648e+00  1.264657e-01  2  0.9190  4.953460e+00  0.000000e+00  0.000000e+00  5.629552e-02 -1.291518e+02  0.000000e+00 
3  7.399789e+00  5.704910e+00  2.643540e+05  1.088655e-01 6 -1.000000e+00  1.252330e+01 1   6.7742 -4.352952e-02 -9.080139e-03 -1 -1.0000 -1.000000e+00 -1.000000e+00 -1.000000e+00 -1.000000e+00 -1.000000e+00 -1.000000e+00 -1 -1.0000 -1.000000e+00 -1.000000e+00 -1.000000e+00 -1.000000e+00 -1.000000e+00 -1.000000e+00  0  0.9810  3.237248e+11  0.000000e+00  0.000000e+00  3.363045e-01  1.112985e+02  5.208405e+00  1  0.9810  2.857125e+09  0.000000e+00  0.000000e+00  3.104147e-01  6.454925e+01  4.761294e-02  2  0.9810  6.774165e+00  0.000000e+00  0.000000e+00  1.280060e-01 -1.032944e+02  0.000000e+00 
3  2.076068e+01  1.979719e+01  3.345300e+04  3.325894e-01 6 -1.000000e+00  2.660996e+01 1   4.6878 -1.563862e-01 -1.721965e-01 -1 -1.0000 -1.000000e+00 -1.000000e+00 -1.000000e+00 -1.000000e+00 -1.000000e+00 -1.000000e+00 -1 -1.0000 -1.000000e+00 -1.000000e+00 -1.000000e+00 -1.000000e+00 -1.000000e+00 -1.000000e+00  0  1.0020  7.965804e+11  0.000000e+00  0.000000e+00  3.620254e-01 -1.410983e+02  5.024543e+00  1  1.0020  3.360969e+10  0.000000e+00  0.000000e+00  4.747984e-01 -1.220701e+02  1.468750e-01  2  1.0020  4.687772e+00  0.000000e+00  0.000000e+00  9.247915e-02 -1.780251e+02  0.000000e+00 
5  5.141813e+00  8.089180e+00  1.316000e+05  5.459441e-01 6 -1.000000e+00  9.184778e+00 3   9.7318 -6.164388e-03  1.222416e-02 -1 -1.0000 -1.000000e+00 -1.000000e+00 -1.000000e+00 -1.000000e+00 -1.000000e+00 -1.000000e+00 -1 -1.0000 -1.000000e+00 -1.000000e+00 -1.000000e+00 -1.000000e+00 -1.000000e+00 -1.000000e+00  0  1.3910  1.323832e+12  0.000000e+00  0.000000e+00  2.940322e-01 -9.207877e+01  3.061937e+00  1  1.3910  3.818201e+10  0.000000e+00  0.000000e+00  4.947111e-01 -9.702149e+01  6.183786e-02  2  1.3910  9.731834e+00  0.000000e+00  0.000000e+00  1.280759e-01 -4.314750e+01  0.000000e+00 
3  2.538173e+01  1.226577e+01  9.266500e+04  9.011272e-01 6 -1.000000e+00  3.720242e+01 1   2.6996  1.535392e-01 -8.874032e-01 -1 -1.0000 -1.000000e+00 -1.000000e+00 -1.000000e+00 -1.000000e+00 -1.000000e+00 -1.000000e+00 -1 -1.0000 -1.000000e+00 -1.000000e+00 -1.000000e+00 -1.000000e+00 -1.000000e+00 -1.000000e+00  0  0.1400  1.970410e+12  0.000000e+00  0.000000e+00  3.938473e-01  1.796017e+02  9.431897e+00  1  0.1400  7.326050e+10  0.000000e+00  0.000000e+00  3.487945e-01  2.049171e+02  4.004367e-01  2  0.1400  2.699581e+00  0.000000e+00  0.000000e+00  6.736627e-02 -3.164390e+01  0.000000e+00 
3  7.252842e+00  5.810796e+00  2.657600e+05  3.745266e-01 6 -1.000000e+00  9.521585e+00 1   5.4973 -2.120864e-01 -2.013263e-01 -1 -1.0000 -1.000000e+00 -1.000000e+00 -1.000000e+00 -1.000000e+00 -1.000000e+00 -1.000000e+00 -1 -1.0000 -1.000000e+00 -1.000000e+00 -1.000000e+00 -1.000000e+00 -1.000000e+00 -1.000000e+00  0  0.7070  6.797445e+11  0.000000e+00  0.000000e+00  2.393617e-01 -1.414945e+02  8.577777e+00  1  0.7070  3.029951e+10  0.000000e+00  0.000000e+00  2.126343e-01 -1.439603e+02  1.526611e-01  2  0.7070  5.497279e+00  0.000000e+00  0.000000e+00  1.049326e-01  7.933660e+01  0.000000e+00 
3  3.171396e+00  2.074511e+00  1.065250e+05  7.341483e-01 6  2.769438e-01  6.568034e+00 2   8.7860 -1.026810e+00 -4.480145e-01  0  0.8290  2.268843e+12  0.000000e+00  0.000000e+00  2.232481e-01  1.586006e+02  9.443305e+00  1  0.8290  4.607847e+10  0.000000e+00  0.000000e+00  2.197821e-01  1.423066e+02  4.978433e-02  2  0.8290  4.150690e+12 -1.619172e+01 -2.495286e+00  1.695652e-01  1.301010e+02  3.851111e+00  3  0.8290  1.055179e+11 -1.619172e+01 -2.495286e+00  5.230125e-01  1.178692e+02  8.893599e-02  4  0.8290  8.786021e+00  0.000000e+00  0.000000e+00  4.958791e-02  1.316658e+02  0.000000e+00 
3  6.557873e+00  3.997894e+00  3.116400e+04  4.698100e-01 6 -1.000000e+00  8.180482e+00 1   3.5545 -3.347809e-01 -8.569814e-02 -1 -1.0000 -1.000000e+00 -1.000000e+00 -1.000000e+00 -1.000000e+00 -1.000000e+00 -1.000000e+00 -1 -1.0000 -1.000000e+00 -1.000000e+00 -1.000000e+00 -1.000000e+00 -1.000000e+00 -1.000000e+00  0  0.8990  1.548565e+12  0.000000e+00  0.000000e+00  1.153602e-01 -2.820354e+00  3.545048e+00  1  0.8990  5.795163e+10  0.000000e+00  0.000000e+00  3.049250e-01  5.265900e+01  1.076464e-01  2  0.8990  3.554528e+00  0.000000e+00  0.000000e+00  1.349440e-01 -1.256408e+02  0.000000e+00 
3  1.070521e+01  7.330214e+00  1.089800e+04  1.098073e+00 6 -1.000000e+00  1.852312e+01 1   4.0624 -3.793468e-01 -4.563799e-01 -1 -1.0000 -1.000000e+00 -1.000000e+00 -1.000000e+00 -1.000000e+00 -1.000000e+00 -1.000000e+00 -1 -1.0000 -1.000000e+00 -1.000000e+00 -1.000000e+00 -1.000000e+00 -1.000000e+00 -1.000000e+00  0  0.9410  4.699807e+12  0.000000e+00  0.000000e+00  1.370265e-01  8.613266e+01  8.347889e+00  1  0.9410  9.649198e+10  0.000000e+00  0.000000e+00  2.743592e-01  9.288381e+01  7.222774e-02  2  0.9410  4.062447e+00  0.000000e+00  0.000000e+00  7.660234e-02  1.699463e+02  0.000000e+00 
5  1.219813e+01  2.350363e+01  1.026570e+05  2.195406e+00 6  2.743857e-01  3.827174e+01 3   7.2660 -2.181786e+00 -1.667612e+00  0  1.0060  1.524816e+13  0.000000e+00  0.000000e+00  5.228856e-01 -1.638022e+02  1.054224e+01  1  1.0060  1.116290e+11  0.000000e+00  0.000000e+00  3.104191e-01 -1.412807e+02  1.149850e-01  2  1.0060  3.757459e+13 -7.021341e+01 -1.577759e+01  3.033553e-01  1.003871e+02  2.907722e+00  3  1.0060  1.445277e+11 -7.021341e+01 -1.577759e+01  1.245800e-01  1.257361e+02  2.653502e-01  4  1.0060  7.266041e+00  0.000000e+00  0.000000e+00  1.472980e-01 -1.178887e+02  0.000000e+00 
2  3.162819e+00  1.862316e+00  2.818270e+05  8.082042e-01 6 -1.000000e+00  4.555446e+00 1  10.8883 -4.133531e-01 -5.196119e-01 -1 -1.0000 -1.000000e+00 -1.000000e+00 -1.000000e+00 -1.000000e+00 -1.000000e+00 -1.000000e+00 -1 -1.0000 -1.000000e+00 -1.000000e+00 -1.000000e+00 -1.000000e+00 -1.000000e+00 -1.000000e+00  0  1.6930  5.755945e+12  0.000000e+00  0.000000e+00  2.678030e-01 -1.446373e+02  5.695786e+00  1  1.6930  6.770027e+10  0.000000e+00  0.000000e+00  3.860774e-01 -1.603242e+02  2.407623e-02  2  1.6930  1.088832e+01  0.000000e+00  0.000000e+00  1.159380e-01 -1.674422e+02  0.000000e+00 
3  2.257660e+01  1.175357e+01  1.906860e+05  2.394363e-01 6 -1.000000e+00  2.838685e+01 1   4.1493  2.182725e-01  2.971600e-02 -1 -1.0000 -1.000000e+00 -1.000000e+00 -1.000000e+00 -1.000000e+00 -1.000000e+00 -1.000000e+00 -1 -1.0000 -1.000000e+00 -1.000000e+00 -1.000000e+00 -1.000000e+00 -1.000000e+00 -1.000000e+00  0  1.8760  1.285812e+12  0.000000e+00  0.000000e+00  4.194210e-01  1.441836e+01  3.061347e+00  1  1.8760  2.686416e+10  0.000000e+00  0.000000e+00  3.820455e-01  4.075128e+01  1.318509e-02  2  1.8760  4.149336e+00  0.000000e+00  0.000000e+00  8.226824e-02 -1.129420e+02  0.000000e+00 
2  7.119026e+00  4.146002e+00  4.041910e+05  6.978183e-01 6 -1.000000e+00  1.205160e+01 1   9.0727 -1.653311e-01 -4.146792e-01 -1 -1.0000 -1.000000e+00 -1.000000e+00 -1.000000e+00 -1.000000e+00 -1.000000e+00 -1.000000e+00 -1 -1.0000 -1.000000e+00 -1.000000e+00 -1.000000e+00 -1.000000e+00 -1.000000e+00 -1.000000e+00  0  1.9290  2.968412e+12  0.000000e+00  0.000000e+00  2.126019e-01  1.048713e+02  4.435871e+00  1  1.9290  7.546668e+10  0.000000e+00  0.000000e+00  2.085826e-01  1.201566e+02  3.543226e-02  2  1.9290  9.072708e+00  0.000000e+00  0.000000e+00  7.652866e-02  1.731202e+02  0.000000e+00 
3  3.353003e+00  1.936816e+00  3.936410e+05  3.904051e-01 6 -1.000000e+00  4.316138e+00 1   7.2348  3.602726e-01  1.248528e-01 -1 -1.0000 -1.000000e+00 -1.000000e+00 -1.000000e+00 -1.000000e+00 -1.000000e+00 -1.000000e+00 -1 -1.0000 -1.000000e+00 -1.000000e+00 -1.000000e+00 -1.000000e+00 -1.000000e+00 -1.000000e+00  0  2.1370  2.765167e+12  0.000000e+00  0.000000e+00  3.792904e-01  2.558041e+01  2.861586e+00  1  2.1370  5.579120e+10  0.000000e+00  0.000000e+00  2.227821e-01  3.301670e+01  8.903187e-02  2  2.1370  7.234833e+00  0.000000e+00  0.000000e+00  7.896269e-02 -1.354718e+02  0.000000e+00 
3  1.188023e+01  1.383682e+01  3.725530e+05  8.221319e-02 6 -1.000000e+00  2.320701e+01 3   6.3465  2.839159e-02 -6.760753e-03 -1 -1.0000 -1.000000e+00 -1.000000e+00 -1.000000e+00 -1.000000e+00 -1.000000e+00 -1.000000e+00 -1 -1.0000 -1.000000e+00 -1.000000e+00 -1.000000e+00 -1.000000e+00 -1.000000e+00 -1.000000e+00  0  2.3100  3.830395e+11  0.000000e+00  0.000000e+00  1.201150e-01  3.094447e+01  3.711641e+00  1  2.3100  3.113117e+09  0.000000e+00  0.000000e+00  1.875410e-01  4.616480e-01  1.426751e-02  2  2.3100  6.346515e+00  0.000000e+00  0.000000e+00  6.862032e-02 -7.713896e+01  0.000000e+00 
3  2.861143e+01  1.920837e+01  2.968380e+05  2.594311e+00 6 -1.000000e+00  4.431460e+01 1   3.1010  8.157131e-01  1.431540e+00 -1 -1.0000 -1.000000e+00 -1.000000e+00 -1.000000e+00 -1.000000e+00 -1.000000e+00 -1.000000e+00 -1 -1.0000 -1.000000e+00 -1.000000e+00 -1.000000e+00 -1.000000e+00 -1.000000e+00 -1.000000e+00  0  0.4500  3.553407e+13  0.000000e+00  0.000000e+00  1.533178e-01  3.153353e+01  8.428606e+00  1  0.4500  2.089607e+11  0.000000e+00  0.000000e+00  8.899713e-02  9.789438e+01  2.990467e-01  2  0.4500  3.101032e+00  0.000000e+00  0.000000e+00  1.155744e-01 -1.270734e+02  0.000000e+00 
3  8.498081e+00  1.578579e+01  3.748300e+05  7.204736e-01 6  2.935185e-01  2.256490e+01 3   5.9055  8.326151e-01  3.310135e-01  0  0.6150  6.645312e+11  0.000000e+00  0.000000e+00  1.429817e-01  6.340268e+01  2.246598e+01  1  0.6150  4.078302e+10  0.000000e+00  0.000000e+00  1.688744e-01  2.378566e+01  6.677959e-02  2  0.6150  4.646496e+12  2.889796e+01  8.046742e+00  4.390619e-01 -8.682681e+01  8.354159e+00  3  0.6150  7.236580e+10  2.889796e+01  8.046742e+00  1.027508e-01 -4.906803e+01  2.122385e-01  4  0.6150  5.905459e+00  0.000000e+00  0.000000e+00  7.736482e-02  2.591898e+01  0.000000e+00 
1  1.450462e+01  2.743228e+01  9.603100e+04  4.451360e+00 0 -1.000000e+00  2.743228e+01 2   4.6313 -4.918519e+00 -5.600396e+00 -1 -1.0000 -1.000000e+00 -1.000000e+00 -1.000000e+00 -1.000000e+00 -1.000000e+00 -1.000000e+00 -1 -1.0000 -1.000000e+00 -1.000000e+00 -1.000000e+00 -1.000000e+00 -1.000000e+00 -1.000000e+00  0  0.8290  1.185368e+14  0.000000e+00  0.000000e+00  3.102040e-01  1.277400e+02  5.148302e+00  1  0.8290  2.291452e+11  0.000000e+00  0.000000e+00  5.932418e-01  1.613090e+02  1.626464e-01  2  0.8290  4.631284e+00  0.000000e+00  0.000000e+00  7.733845e-02  1.428001e+02  0.000000e+00 
3  1.233810e+01  6.457924e+00  1.735710e+05  1.505226e+00 6  2.837452e-01  2.268598e+01 2   4.5040 -1.962502e+00  2.255257e+00  0  0.8480  5.443626e+12  0.000000e+00  0.000000e+00  2.854895e-01 -8.057526e+01  1.271302e+01  1  0.8480  8.483358e+10  0.000000e+00  0.000000e+00  2.392667e-01 -4.922352e+01  1.527053e-01  2  0.8480  4.694551e+13 -4.319880e+01  5.957721e+01  4.280351e-01  6.785128e+01  2.345130e+00  3  0.8480  2.308502e+11 -4.319880e+01  5.957721e+01  5.890120e-01  6.520459e+01  4.602412e-01  4  0.8480  4.504025e+00  0.000000e+00  0.000000e+00  1.217425e-01  1.723843e+02  0.000000e+00 
3  1.119415e+01  1.524788e+01  3.388760e+05  4.914579e-01 6 -1.000000e+00  1.943122e+01 3   5.7120  7.843372e-02 -8.839110e-02 -1 -1.0000 -1.000000e+00 -1.000000e+00 -1.000000e+00 -1.000000e+00 -1.000000e+00 -1.000000e+00 -1 -1.0000 -1.000000e+00 -1.000000e+00 -1.000000e+00 -1.000000e+00 -1.000000e+00 -1.000000e+00  0  1.2690  1.425486e+12  0.000000e+00  0.000000e+00  3.444455e-01 -9.817889e+01  6.502919e+00  1  1.2690  3.877465e+10  0.000000e+00  0.000000e+00  3.527105e-01 -1.239129e+02  5.657966e-02  2  1.2690  5.711983e+00  0.000000e+00  0.000000e+00  6.497025e-02 -3.977453e+01  0.000000e+00 
3  7.384441e+00  4.279315e+00  1.278610e+05  2.013539e-01 6 -1.000000e+00  1.114858e+01 1   7.0113 -1.096261e-01  3.082944e-02 -1 -1.0000 -1.000000e+00 -1.000000e+00 -1.000000e+00 -1.000000e+00 -1.000000e+00 -1.000000e+00 -1 -1.0000 -1.000000e+00 -1.000000e+00 -1.000000e+00 -1.000000e+00 -1.000000e+00 -1.000000e+00  0  2.8480  8.392648e+11  0.000000e+00  0.000000e+00  3.776039e-01 -9.494709e+01  2.836286e+00  1  2.8480  1.221908e+10  0.000000e+00  0.000000e+00  2.301847e-01 -1.004835e+02  1.414836e-02  2  2.8480  7.011337e+00  0.000000e+00  0.000000e+00  5.793904e-02  1.245879e+02  0.000000e+00 
3  3.544066e+00  4.873186e+00  3.983330e+05  6.727209e-01 6 -1.000000e+00  5.339645e+00 1   7.6668  2.441220e-01 -1.709989e-01 -1 -1.0000 -1.000000e+00 -1.000000e+00 -1.000000e+00 -1.000000e+00 -1.000000e+00 -1.000000e+00 -1 -1.0000 -1.000000e+00 -1.000000e+00 -1.000000e+00 -1.000000e+00 -1.000000e+00 -1.000000e+00  0  0.4430  1.971174e+12  0.000000e+00  0.000000e+00  2.656479e-01 -1.691252e+02  6.834018e+00  1  0.4430  7.077572e+10  0.000000e+00  0.000000e+00  3.216262e-01 -2.144210e+02  2.090174e-01  2  0.4430  7.666820e+00  0.000000e+00  0.000000e+00  9.560229e-02  1.534201e+02  0.000000e+00 
3  1.431735e+01  1.066655e+01  2.363130e+05  9.446128e-01 6 -1.000000e+00  2.120983e+01 1   5.9934  4.873666e-02 -5.359316e-01 -1 -1.0000 -1.000000e+00 -1.000000e+00 -1.000000e+00 -1.000000e+00 -1.000000e+00 -1.000000e+00 -1 -1.0000 -1.000000e+00 -1.000000e+00 -1.000000e+00 -1.000000e+00 -1.000000e+00 -1.000000e+00  0  0.7110  5.204390e+12  0.000000e+00  0.000000e+00  4.183052e-01  6.491316e+01  5.662184e+00  1  0.7110  6.918126e+10  0.000000e+00  0.000000e+00  3.966556e-01  7.098548e+01  6.893089e-02  2  0.7110  5.993401e+00  0.000000e+00  0.000000e+00  1.382318e-01 -3.740917e+01  0.000000e+00 
3  8.893960e+00  3.702592e+00  1.961930e+05  3.788973e-01 6 -1.000000e+00  1.094583e+01 1   3.5864  1.735217e-02  4.483644e-01 -1 -1.0000 -1.000000e+00 -1.000000e+00 -1.000000e+00 -1.000000e+00 -1.000000e+00 -1.000000e+00 -1 -1.0000 -1.000000e+00 -1.000000e+00 -1.000000e+00 -1.000000e+00 -1.000000e+00 -1.000000e+00  0  0.7180  6.441588e+11  0.000000e+00  0.000000e+00  2.867613e-04  6.449326e+01  5.935177e+00  1  0.7180  4.384310e+10  0.000000e+00  0.000000e+00  3.106599e-01  7.323527e+00  1.001360e-01  2  0.7180  3.586420e+00  0.000000e+00  0.000000e+00  5.927607e-02  9.386094e+01  0.000000e+00 
3  3.004700e+01  2.778029e+01  7.585400e+04  3.950167e-01 6 -1.000000e+00  4.840996e+01 1   1.7858  1.802972e-02 -1.448397e-01 -1 -1.0000 -1.000000e+00 -1.000000e+00 -1.000000e+00 -1.000000e+00 -1.000000e+00 -1.000000e+00 -1 -1.0000 -1.000000e+00 -1.000000e+00 -1.000000e+00 -1.000000e+00 -1.000000e+00 -1.000000e+00  0  0.7870  1.269805e+12  0.000000e+00  0.000000e+00  3.623117e-01 -1.530792e+02  5.885567e+00  1  0.7870  4.527250e+10  0.000000e+00  0.000000e+00  2.002600e-01 -1.318860e+02  5.350116e-02  2  0.7870  1.785760e+00  0.000000e+00  0.000000e+00  3.216753e-02 -1.283857e+02  0.000000e+00 
3  9.697631e+00  5.893491e+00  3.390390e+05  5.268863e-01 6 -1.000000e+00  1.325465e+01 1   6.4787  1.456182e-01  3.214050e-01 -1 -1.0000 -1.000000e+00 -1.000000e+00 -1.000000e+00 -1.000000e+00 -1.000000e+00 -1.000000e+00 -1 -1.0000 -1.000000e+00 -1.000000e+00 -1.000000e+00 -1.000000e+00 -1.000000e+00 -1.000000e+00  0  0.9030  1.946488e+12  0.000000e+00  0.000000e+00  2.493732e-01 -4.482918e+01  3.066864e+00  1  0.9030  6.781939e+10  0.000000e+00  0.000000e+00  3.341826e-01 -3.649073e+01  8.174463e-02  2  0.9030  6.478669e+00  0.000000e+00  0.000000e+00  8.774494e-02  1.047852e+02  0.000000e+00 
3  1.059785e+01  1.797724e+01  1.544790e+05  3.572922e-01 6 -1.000000e+00  2.542395e+01 3   3.8585  3.926830e-03  1.012280e-01 -1 -1.0000 -1.000000e+00 -1.000000e+00 -1.000000e+00 -1.000000e+00 -1.000000e+00 -1.000000e+00 -1 -1.0000 -1.000000e+00 -1.000000e+00 -1.000000e+00 -1.000000e+00 -1.000000e+00 -1.000000e+00  0  1.1070  7.547497e+11  0.000000e+00  0.000000e+00  2.688760e-01  1.038776e+02  1.207615e+01  1  1.1070  1.912386e+10  0.000000e+00  0.000000e+00  4.227585e-01  1.298656e+02  6.737139e-02  2  1.1070  3.858467e+00  0.000000e+00  0.000000e+00  8.396686e-02  4.807056e+01  0.000000e+00 
5  5.834381e+00  1.040831e+01  1.438890e+05  9.480001e-01 6 -1.000000e+00  1.593516e+01 3   7.5371  2.505701e-01 -9.182643e-03 -1 -1.0000 -1.000000e+00 -1.000000e+00 -1.000000e+00 -1.000000e+00 -1.000000e+00 -1.000000e+00 -1 -1.0000 -1.000000e+00 -1.000000e+00 -1.000000e+00 -1.000000e+00 -1.000000e+00 -1.000000e+00  0  1.1430  1.309838e+13  0.000000e+00  0.000000e+00  3.503120e-01 -1.653300e+02  4.793436e+00  1  1.1430  8.939964e+10  0.000000e+00  0.000000e+00  2.163064e-01 -1.759335e+02  5.979347e-02  2  1.1430  7.537112e+00  0.000000e+00  0.000000e+00  2.340479e-01 -1.120632e+02  0.000000e+00 
3  5.167520e+00  5.933528e+00  3.092650e+05  1.074129e+00 6 -1.000000e+00  8.988639e+00 3  13.8739 -4.429384e-01  1.650820e-01 -1 -1.0000 -1.000000e+00 -1.000000e+00 -1.000000e+00 -1.000000e+00 -1.000000e+00 -1.000000e+00 -1 -1.0000 -1.000000e+00 -1.000000e+00 -1.000000e+00 -1.000000e+00 -1.000000e+00 -1.000000e+00  0  1.7060  8.694352e+12  0.000000e+00  0.000000e+00  2.545040e-01 -7.217607e+01  3.732808e+00  1  1.7060  1.152013e+11  0.000000e+00  0.000000e+00  1.337056e-01 -4.658447e+01  5.300668e-02  2  1.7060  1.387390e+01  0.000000e+00  0.000000e+00  1.019633e-01 -2.546962e+00  0.000000e+00 
3  2.770925e+01  1.427989e+01  3.308300e+05  2.138150e-01 6 -1.000000e+00  3.950060e+01 1   7.1544 -1.073587e-02 -1.913323e-01 -1 -1.0000 -1.000000e+00 -1.000000e+00 -1.000000e+00 -1.000000e+00 -1.000000e+00 -1.000000e+00 -1 -1.0000 -1.000000e+00 -1.000000e+00 -1.000000e+00 -1.000000e+00 -1.000000e+00 -1.000000e+00  0  2.1400  8.631785e+11  0.000000e+00  0.000000e+00  8.317816e-02 -1.218961e+02  5.742791e+00  1  2.1400  1.164369e+10  0.000000e+00  0.000000e+00  1.056498e-01 -1.406240e+02  5.021491e-02  2  2.1400  7.154431e+00  0.000000e+00  0.000000e+00  9.358387e-02 -8.075658e+01  0.000000e+00 
3  6.946782e+00  3.808725e+00  3.848610e+05  1.814419e-01 6 -1.000000e+00  1.122724e+01 1   7.1196  8.624889e-02 -8.189620e-02 -1 -1.0000 -1.000000e+00 -1.000000e+00 -1.000000e+00 -1.000000e+00 -1.000000e+00 -1.000000e+00 -1 -1.0000 -1.000000e+00 -1.000000e+00 -1.000000e+00 -1.000000e+00 -1.000000e+00 -1.000000e+00  0  2.9500  6.408070e+11  0.000000e+00  0.000000e+00  1.481035e-01 -3.820898e+01  5.639413e+00  1  2.9500  6.659844e+09  0.000000e+00  0.000000e+00  4.203821e-01 -7.070780e+01  8.430581e-03  2  2.9500  7.119568e+00  0.000000e+00  0.000000e+00  6.722677e-02 -1.386358e+02  0.000000e+00 
1  1.444129e+01  2.906965e+01  2.705830e+05  3.569040e+00 0  2.929778e-01  2.906965e+01 2   3.7905 -5.175031e+00  5.821272e+00  0  0.1950  2.051154e+13  0.000000e+00  0.000000e+00  3.967486e-01  1.746134e+02  2.324401e+01  1  0.1950  1.141332e+11  0.000000e+00  0.000000e+00  1.176149e-01  1.508080e+02  7.194502e-01  2  0.1950  1.885667e+14 -1.071460e+02  1.248923e+02  4.430768e-01  7.004596e+01  6.847453e+00  3  0.1950  9.322538e+11 -1.071460e+02  1.248923e+02  6.019847e-01  8.943827e+01  6.598345e+00  4  0.1950  3.790546e+00  0.000000e+00  0.000000e+00  6.656166e-02 -4.869688e+01  0.000000e+00 
3  4.119399e+00  3.152458e+00  2.776550e+05  8.964624e-01 6 -1.000000e+00  5.388221e+00 1   5.6852 -6.372183e-01 -2.760250e-01 -1 -1.0000 -1.000000e+00 -1.000000e+00 -1.000000e+00 -1.000000e+00 -1.000000e+00 -1.000000e+00 -1 -1.0000 -1.000000e+00 -1.000000e+00 -1.000000e+00 -1.000000e+00 -1.000000e+00 -1.000000e+00  0  0.3100  2.888041e+12  0.000000e+00  0.000000e+00  2.432657e-01  5.954010e+01  9.149542e+00  1  0.3100  7.773935e+10  0.000000e+00  0.000000e+00  1.502206e-01  3.835225e+01  3.061026e-01  2  0.3100  5.685228e+00  0.000000e+00  0.000000e+00  9.979884e-02  2.110415e+01  0.000000e+00 
3  1.846289e+01  2.414117e+01  3.706990e+05  2.041579e+00 6  2.804542e-01  2.554055e+01 1   7.0434 -1.641251e+00  1.608903e+00  0  0.6480  7.179060e+12  0.000000e+00  0.000000e+00  2.575315e-01 -1.359415e+02  1.504291e+01  1  0.6480  1.059363e+11  0.000000e+00  0.000000e+00  1.841969e-01 -1.757568e+02  1.438614e-01  2  0.6480  2.251351e+13 -1.957451e+01  1.054330e+01  3.786742e-01  2.035872e+01  6.163590e+00  3  0.6480  1.370814e+11 -1.957451e+01  1.054330e+01  1.589476e-01  1.089998e+01  1.255838e-01  4  0.6480  7.043370e+00  0.000000e+00  0.000000e+00  1.486230e-01  5.172091e+00  0.000000e+00 
3  1.985985e+01  1.270806e+01  3.761430e+05  5.358453e-01 6 -1.000000e+00  2.694365e+01 1   2.6656 -1.900572e-01  4.359124e-01 -1 -1.0000 -1.000000e+00 -1.000000e+00 -1.000000e+00 -1.000000e+00 -1.000000e+00 -1.000000e+00 -1 -1.0000 -1.000000e+00 -1.000000e+00 -1.000000e+00 -1.000000e+00 -1.000000e+00 -1.000000e+00  0  0.7320  3.572993e+12  0.000000e+00  0.000000e+00  1.720617e-01 -1.232704e+01  5.567547e+00  1  0.7320  7.179992e+10  0.000000e+00  0.000000e+00  2.572415e-01 -1.663049e+01  1.385191e-01  2  0.7320  2.665565e+00  0.000000e+00  0.000000e+00  1.102498e-01  1.018157e+02  0.000000e+00 
3  1.285582e+01  6.696276e+00  5.869900e+04  9.346611e-01 6 -1.000000e+00  1.962461e+01 1   3.7877  4.827527e-01 -6.875588e-01 -1 -1.0000 -1.000000e+00 -1.000000e+00 -1.000000e+00 -1.000000e+00 -1.000000e+00 -1.000000e+00 -1 -1.0000 -1.000000e+00 -1.000000e+00 -1.000000e+00 -1.000000e+00 -1.000000e+00 -1.000000e+00  0  0.7430  8.762198e+12  0.000000e+00  0.000000e+00  1.981627e-01  1.788516e+02  5.013172e+00  1  0.7430  1.413868e+11  0.000000e+00  0.000000e+00  2.314993e-01  1.600135e+02  1.253332e-01  2  0.7430  3.787731e+00  0.000000e+00  0.000000e+00  3.216585e-02  8.339854e+01  0.000000e+00 
3  1.143587e+01  5.730028e+00  1.277160e+05  6.359153e-01 6  2.961783e-01  1.633277e+01 1   3.9042 -9.888620e-01 -2.565710e+00  0  0.7440  1.272612e+12  0.000000e+00  0.000000e+00  1.649176e-01  1.524349e+02  1.477595e+01  1  0.7440  5.166037e+10  0.000000e+00  0.000000e+00  4.220774e-01  1.534920e+02  8.370505e-02  2  0.7440  2.198049e+13 -1.458553e+01 -2.927243e+01  3.193451e-01 -1.463661e+02  6.637742e+00  3  0.7440  1.980291e+11 -1.458553e+01 -2.927243e+01  5.967009e-01 -1.184220e+02  2.242752e-01  4  0.7440  3.904214e+00  0.000000e+00  0.000000e+00  3.674017e-02  5.401201e+01  0.000000e+00 
3  9.877699e+00  2.891905e+00  2.857800e+04  8.783727e-01 6 -1.000000e+00  1.925603e+01 2   6.2262  7.177130e-01  2.676054e-01 -1 -1.0000 -1.000000e+00 -1.000000e+00 -1.000000e+00 -1.000000e+00 -1.000000e+00 -1.000000e+00 -1 -1.0000 -1.000000e+00 -1.000000e+00 -1.000000e+00 -1.000000e+00 -1.000000e+00 -1.000000e+00  0  0.8660  3.395742e+12  0.000000e+00  0.000000e+00  5.989871e-01 -8.486788e+01  7.025802e+00  1  0.8660  7.176559e+10  0.000000e+00  0.000000e+00  2.455344e-01 -5.457271e+01  1.141895e-01  2  0.8660  6.226220e+00  0.000000e+00  0.000000e+00  1.411630e-01  1.574930e+02  0.000000e+00 
3  1.142483e+01  8.524719e+00  8.887800e+04  5.822070e-01 6 -1.000000e+00  1.526294e+01 1   5.1918  3.109815e-01 -6.666370e-02 -1 -1.0000 -1.000000e+00 -1.000000e+00 -1.000000e+00 -1.000000e+00 -1.000000e+00 -1.000000e+00 -1 -1.0000 -1.000000e+00 -1.000000e+00 -1.000000e+00 -1.000000e+00 -1.000000e+00 -1.000000e+00  0  0.9740  1.753429e+12  0.000000e+00  0.000000e+00  6.266575e-01  1.192057e+02  6.917406e+00  1  0.9740  6.592416e+10  0.000000e+00  0.000000e+00  3.445406e-01  1.472214e+02  6.746433e-02  2  0.9740  5.191835e+00  0.000000e+00  0.000000e+00  2.185570e-02  1.398787e+02  0.000000e+00 
3  9.510691e+00  8.701792e+00  1.486390e+05  6.817529e-01 6  2.798985e-01  1.399983e+01 1   3.8726 -4.865537e-01  1.048332e+00  0  1.0860  9.789622e+11  0.000000e+00  0.000000e+00  1.708529e-01  1.537695e+02  1.200862e+01  1  1.0860  6.886001e+10  0.000000e+00  0.000000e+00  5.086904e-01  1.150572e+02  1.017617e-01  2  1.0860  3.376607e+12 -2.670196e+00  4.543722e+00  1.781544e-01 -1.046833e+02  7.024201e+00  3  1.0860  7.805250e+10 -2.670196e+00  4.543722e+00  2.640150e-01 -1.244859e+02  6.239006e-02  4  1.0860  3.872580e+00  0.000000e+00  0.000000e+00  1.539583e-01  9.574687e+01  0.000000e+00 
3  6.755859e+00  3.361308e+00  1.527900e+04  1.213425e+00 6 -1.000000e+00  1.428723e+01 2   6.2101 -5.856229e-01  4.660162e-01 -1 -1.0000 -1.000000e+00 -1.000000e+00 -1.000000e+00 -1.000000e+00 -1.000000e+00 -1.000000e+00 -1 -1.0000 -1.000000e+00 -1.000000e+00 -1.000000e+00 -1.000000e+00 -1.000000e+00 -1.000000e+00  0  1.2760  1.236987e+13  0.000000e+00  0.000000e+00  1.156345e-01 -1.284252e+02  5.644226e+00  1  1.2760  1.002617e+11  0.000000e+00  0.000000e+00  2.270406e-01 -1.211215e+02  1.332253e-01  2  1.2760  6.210061e+00  0.000000e+00  0.000000e+00  2.829115e-02  7.666236e+01  0.000000e+00 
3  2.216548e+00  2.047515e+00  2.403000e+05  2.494539e-01 6 -1.000000e+00  3.365575e+00 1   7.2423  1.478668e-02  1.184715e-01 -1 -1.0000 -1.000000e+00 -1.000000e+00 -1.000000e+00 -1.000000e+00 -1.000000e+00 -1.000000e+00 -1 -1.0000 -1.000000e+00 -1.000000e+00 -1.000000e+00 -1.000000e+00 -1.000000e+00 -1.000000e+00  0  1.8250  1.021376e+12  0.000000e+00  0.000000e+00  1.555646e-01 -1.413401e+02  2.913947e+00  1  1.8250  2.124751e+10  0.000000e+00  0.000000e+00  6.824056e-02 -1.052813e+02  7.076409e-02  2  1.8250  7.242256e+00  0.000000e+00  0.000000e+00  1.181655e-01  1.282201e+02  0.000000e+00 
1  5.653025e+00  1.030131e+01  2.292150e+05  2.782872e-02 0  2.726423e-01  1.030131e+01 2   8.3737 -7.117752e-02 -2.939604e-02  0  2.7790  3.700563e+10  0.000000e+00  0.000000e+00  7.743858e-02  1.892062e+01  1.753249e+01  1  2.7790  6.653476e+07  0.000000e+00  0.000000e+00  3.530772e-01  3.411860e+01  4.378769e-02  2  2.7790  2.251414e+11 -4.568803e+00 -3.128152e+00  1.914079e-01 -1.687967e+02  3.451591e+00  3  2.7790  1.336031e+09 -4.568803e+00 -3.128152e+00  1.856851e-01 -1.363048e+02  8.519291e-02  4  2.7790  8.373742e+00  0.000000e+00  0.000000e+00  1.137879e-02 -1.333349e+02  0.000000e+00 
1  2.875286e+00  5.005653e+00  7.676400e+04  2.611771e-01 0  3.110678e-01  5.005653e+00 2  12.4635  6.889419e-01 -7.456431e-01  0  0.4360  2.757524e+11  0.000000e+00  0.000000e+00  3.746985e-01 -3.793458e+01  1.366644e+01  1  0.4360  9.469181e+09  0.000000e+00  0.000000e+00  7.132387e-02 -7.623049e+01  2.953146e-01  2  0.4360  5.955148e+12  2.668070e+00 -2.194781e+00  4.263073e-01  2.460272e+01  1.078084e+01  3  0.4360  8.995254e+10  2.668070e+00 -2.194781e+00  5.995636e-01  1.753446e+01  1.491800e-01  4  0.4360  1.246351e+01  0.000000e+00  0.000000e+00  1.399889e-01 -8.534654e+01  0.000000e+00 
3  1.341807e+01  8.770773e+00  2.403980e+05  8.203470e-01 6 -1.000000e+00  2.112427e+01 1   4.2594  3.523981e-01  2.475660e-01 -1 -1.0000 -1.000000e+00 -1.000000e+00 -1.000000e+00 -1.000000e+00 -1.000000e+00 -1.000000e+00 -1 -1.0000 -1.000000e+00 -1.000000e+00 -1.000000e+00 -1.000000e+00 -1.000000e+00 -1.000000e+00  0  0.5580  1.735267e+12  0.000000e+00  0.000000e+00  1.927565e-01  1.225100e+02  8.666335e+00  1  0.5580  5.758670e+10  0.000000e+00  0.000000e+00  3.790754e-01  1.005289e+02  1.267682e-01  2  0.5580  4.259440e+00  0.000000e+00  0.000000e+00  7.327534e-02  1.471475e+00  0.000000e+00 
3  2.084609e+00  1.284913e+00  3.003050e+05  8.943202e-01 6 -1.000000e+00  2.771682e+00 1  10.6745  2.449173e-01 -1.889199e-01 -1 -1.0000 -1.000000e+00 -1.000000e+00 -1.000000e+00 -1.000000e+00 -1.000000e+00 -1.000000e+00 -1 -1.0000 -1.000000e+00 -1.000000e+00 -1.000000e+00 -1.000000e+00 -1.000000e+00 -1.000000e+00  0  0.7620  3.477320e+12  0.000000e+00  0.000000e+00  3.410277e-01  7.094336e+01  4.494110e+00  1  0.7620  7.082405e+10  0.000000e+00  0.000000e+00  3.896782e-01  8.802934e+01  1.129905e-01  2  0.7620  1.067448e+01  0.000000e+00  0.000000e+00  2.494809e-01 -8.087364e+01  0.000000e+00 
3  3.211107e+01  6.079184e+01  2.273490e+05  6.679161e-01 6 -1.000000e+00  6.679515e+01 3   1.5239  1.328202e-01  7.626942e-02 -1 -1.0000 -1.000000e+00 -1.000000e+00 -1.000000e+00 -1.000000e+00 -1.000000e+00 -1.000000e+00 -1 -1.0000 -1.000000e+00 -1.000000e+00 -1.000000e+00 -1.000000e+00 -1.000000e+00 -1.000000e+00  0  0.8240  1.598351e+13  0.000000e+00  0.000000e+00  2.084794e-01  9.183564e+01  5.043877e+00  1  0.8240  1.208338e+11  0.000000e+00  0.000000e+00  3.652190e-01  4.775512e+01  1.052645e-01  2  0.8240  1.523914e+00  0.000000e+00  0.000000e+00  4.160610e-02 -1.754040e+02  0.000000e+00 
3  2.410080e+01  1.424550e+01  2.273470e+05  7.747040e-01 6 -1.000000e+00  3.775445e+01 1   2.5002 -4.595236e-01 -2.635644e-01 -1 -1.0000 -1.000000e+00 -1.000000e+00 -1.000000e+00 -1.000000e+00 -1.000000e+00 -1.000000e+00 -1 -1.0000 -1.000000e+00 -1.000000e+00 -1.000000e+00 -1.000000e+00 -1.000000e+00 -1.000000e+00  0  0.9980  5.720080e+12  0.000000e+00  0.000000e+00  3.054012e-01  1.684719e+02  6.560963e+00  1  0.9980  1.070083e+11  0.000000e+00  0.000000e+00  3.249591e-01  2.524387e+02  1.388830e-01  2  0.9980  2.500158e+00  0.000000e+00  0.000000e+00  4.174023e-02 -8.483518e+01  0.000000e+00 
1  4.009875e+01  7.438319e+01  1.411740e+05  3.873279e-01 0 -1.000000e+00  7.438319e+01 2   2.0461 -2.876258e-01  7.951035e-02 -1 -1.0000 -1.000000e+00 -1.000000e+00 -1.000000e+00 -1.000000e+00 -1.000000e+00 -1.000000e+00 -1 -1.0000 -1.000000e+00 -1.000000e+00 -1.000000e+00 -1.000000e+00 -1.000000e+00 -1.000000e+00  0  1.0200  2.262516e+12  0.000000e+00  0.000000e+00  5.128209e-01  6.848087e+01  7.569609e+00  1  1.0200  6.676400e+10  0.000000e+00  0.000000e+00  4.246855e-02  9.500399e+01  2.281476e-01  2  1.0200  2.046090e+00  0.000000e+00  0.000000e+00  2.831085e-02 -3.038127e+01  0.000000e+00 
3  5.784656e+01  4.049927e+01  3.109430e+05  3.550889e-01 6 -1.000000e+00  7.568515e+01 1   3.7605  1.559768e-01  2.053559e-01 -1 -1.0000 -1.000000e+00 -1.000000e+00 -1.000000e+00 -1.000000e+00 -1.000000e+00 -1.000000e+00 -1 -1.0000 -1.000000e+00 -1.000000e+00 -1.000000e+00 -1.000000e+00 -1.000000e+00 -1.000000e+00  0  1.0900  8.713873e+11  0.000000e+00  0.000000e+00  2.435858e-01 -1.023297e+02  7.465563e+00  1  1.0900  2.623434e+10  0.000000e+00  0.000000e+00  3.104710e-01 -1.269788e+02  5.652309e-02  2  1.0900  3.760536e+00  0.000000e+00  0.000000e+00  7.778643e-02  8.129147e+01  0.000000e+00 
3  1.205104e+01  2.002259e+01  2.289560e+05  3.466649e-01 6 -1.000000e+00  3.164523e+01 3  11.6530  1.710186e-02  5.739553e-02 -1 -1.0000 -1.000000e+00 -1.000000e+00 -1.000000e+00 -1.000000e+00 -1.000000e+00 -1.000000e+00 -1 -1.0000 -1.000000e+00 -1.000000e+00 -1.000000e+00 -1.000000e+00 -1.000000e+00 -1.000000e+00  0  1.3370  8.684667e+11  0.000000e+00  0.000000e+00  2.996827e-01 -6.980381e+01  4.692110e+00  1  1.3370  2.125228e+10  0.000000e+00  0.000000e+00  2.947456e-01 -7.598175e+01  8.922485e-02  2  1.3370  1.165298e+01  0.000000e+00  0.000000e+00  9.467126e-02  7.238114e+00  0.000000e+00 
3  1.744508e+01  1.970729e+01  9.934400e+04  2.843524e-01 6 -1.000000e+00  2.300589e+01 1   2.5071 -9.662944e-02 -1.307611e-01 -1 -1.0000 -1.000000e+00 -1.000000e+00 -1.000000e+00 -1.000000e+00 -1.000000e+00 -1.000000e+00 -1 -1.0000 -1.000000e+00 -1.000000e+00 -1.000000e+00 -1.000000e+00 -1.000000e+00 -1.000000e+00  0  1.4320  2.208487e+12  0.000000e+00  0.000000e+00  2.313684e-01  6.442949e+01  2.840591e+00  1  1.4320  6.999216e+10  0.000000e+00  0.000000e+00  3.900347e-01  3.865179e+01  1.089901e-01  2  1.4320  2.507057e+00  0.000000e+00  0.000000e+00  4.247162e-02  1.872479e+01  0.000000e+00 
3  1.050729e+01  8.337542e+00  1.950860e+05  5.387939e-01 6  2.754120e-01  1.763468e+01 1   5.1310  1.045251e+00 -4.223165e-01  0  1.5570  1.512974e+12  0.000000e+00  0.000000e+00  4.658492e-01 -1.179331e+02  9.395105e+00  1  1.5570  3.534072e+10  0.000000e+00  0.000000e+00  3.120804e-01 -5.252116e+01  4.317555e-02  2  1.5570  7.586712e+12  5.589409e+00 -2.851365e+00  5.894683e-02  1.203482e+02  3.010333e+00  3  1.5570  7.008058e+10  5.589409e+00 -2.851365e+00  1.576505e-01  1.618875e+02  5.217454e-02  4  1.5570  5.130984e+00  0.000000e+00  0.000000e+00  2.282965e-02  1.134932e+02  0.000000e+00 
3  1.571162e+01  5.950731e+00  2.636640e+05  1.423468e-01 6  2.771786e-01  1.067810e+01 1   3.8331  1.799595e-01  3.378614e-01  0  1.8670  2.276698e+11  0.000000e+00  0.000000e+00  1.150357e-01 -5.940890e+01  1.268651e+01  1  1.8670  3.457164e+09  0.000000e+00  0.000000e+00  3.101879e-01 -1.847377e+01  1.556836e-02  2  1.8670  1.434258e+12  2.504353e-01  3.829802e-01  3.219134e-01 -5.491209e+01  4.568980e+00  3  1.8670  4.826817e+10  2.504353e-01  3.829802e-01  5.057374e-01 -5.539391e+01  1.819993e-02  4  1.8670  3.833079e+00  0.000000e+00  0.000000e+00  1.474616e-01 -3.162958e+01  0.000000e+00 
3  9.046247e+00  3.934122e+00  1.103790e+05  1.261648e-01 6 -1.000000e+00  1.154399e+01 1   4.1339  9.873964e-02 -9.612134e-02 -1 -1.0000 -1.000000e+00 -1.000000e+00 -1.000000e+00 -1.000000e+00 -1.000000e+00 -1.000000e+00 -1 -1.0000 -1.000000e+00 -1.000000e+00 -1.000000e+00 -1.000000e+00 -1.000000e+00 -1.000000e+00  0  2.0920  7.162935e+11  0.000000e+00  0.000000e+00  1.976963e-01  1.069230e+00  3.507004e+00  1  2.0920  9.921409e+09  0.000000e+00  0.000000e+00  2.328748e-01  1.477786e+01  1.694093e-02  2  2.0920  4.133872e+00  0.000000e+00  0.000000e+00  2.788016e-02 -5.593252e+01  0.000000e+00 
3  4.597341e+00  3.268155e+00  3.706690e+05  1.759441e-01 6 -1.000000e+00  6.318555e+00 1   7.3498  9.865636e-02 -7.263441e-02 -1 -1.0000 -1.000000e+00 -1.000000e+00 -1.000000e+00 -1.000000e+00 -1.000000e+00 -1.000000e+00 -1 -1.0000 -1.000000e+00 -1.000000e+00 -1.000000e+00 -1.000000e+00 -1.000000e+00 -1.000000e+00  0  2.8220  8.748635e+11  0.000000e+00  0.000000e+00  7.118681e-02 -8.562226e+00  3.951906e+00  1  2.8220  1.198668e+10  0.000000e+00  0.000000e+00  3.033207e-01 -3.372147e+01  1.862073e-02  2  2.8220  7.349790e+00  0.000000e+00  0.000000e+00  1.805354e-01 -1.791934e+02  0.000000e+00 
3  2.828089e+01  1.221721e+01  1.452960e+05  1.036552e+00 6  2.985250e-01  3.791940e+01 1   2.2690 -2.604481e+00 -3.584604e+00  0  0.6680  2.174413e+12  0.000000e+00  0.000000e+00  2.852898e-01 -1.682720e+02  2.254380e+01  1  0.6680  7.028175e+10  0.000000e+00  0.000000e+00  1.582783e-01 -1.438387e+02  9.848628e-02  2  0.6680  5.187929e+13 -1.847821e+01 -3.108701e+01  2.232642e-01  2.790291e+01  4.249490e+00  3  0.6680  2.300127e+11 -1.847821e+01 -3.108701e+01  4.183475e-01  3.499678e+01  7.157864e-01  4  0.6680  2.268958e+00  0.000000e+00  0.000000e+00  7.466169e-02  4.221219e+01  0.000000e+00 
3  1.043710e+01  1.777810e+01  2.336270e+05  1.706584e+00 6  2.755877e-01  1.835533e+01 3   6.5675 -1.712917e+00 -1.548627e+00  0  0.8290  1.114965e+13  0.000000e+00  0.000000e+00  3.278303e-01 -2.891055e+01  8.797139e+00  1  0.8290  1.061067e+11  0.000000e+00  0.000000e+00  2.890964e-01 -7.624527e+01  1.098406e-01  2  0.8290  2.270965e+13 -3.903550e+01 -1.371529e+01  4.423536e-01 -1.335098e+02  4.375144e+00  3  0.8290  2.262049e+11 -3.903550e+01 -1.371529e+01  4.597840e-01 -1.276964e+02  2.327954e-01  4  0.8290  6.567543e+00  0.000000e+00  0.000000e+00  5.642300e-02  6.633910e+01  0.000000e+00 
3  4.161052e+00  2.676030e+00  1.121070e+05  5.517341e-01 6 -1.000000e+00  8.925348e+00 2   7.2579 -2.108243e-01 -1.403372e-01 -1 -1.0000 -1.000000e+00 -1.000000e+00 -1.000000e+00 -1.000000e+00 -1.000000e+00 -1.000000e+00 -1 -1.0000 -1.000000e+00 -1.000000e+00 -1.000000e+00 -1.000000e+00 -1.000000e+00 -1.000000e+00  0  0.9780  2.815755e+12  0.000000e+00  0.000000e+00  4.705895e-01 -3.665377e+01  4.355457e+00  1  0.9780  5.803112e+10  0.000000e+00  0.000000e+00  4.894128e-01 -5.668889e+01  1.372756e-01  2  0.9780  7.257871e+00  0.000000e+00  0.000000e+00  2.708484e-02 -8.915338e+01  0.000000e+00 
1  2.961370e+00  5.319236e+00  3.278830e+05  1.602084e+00 0  2.788956e-01  5.319236e+00 2   9.7785 -4.822308e+00  1.140430e+00  0  1.1700  3.186249e+12  0.000000e+00  0.000000e+00  3.107824e-01  1.644489e+02  1.040750e+01  1  1.1700  8.547879e+10  0.000000e+00  0.000000e+00  3.387867e-01  1.496468e+02  1.217221e-01  2  1.1700  1.458081e+14 -1.401559e+01  7.450000e+00  3.476581e-01 -1.547171e+02  4.429783e+00  3  1.1700  2.406294e+11 -1.401559e+01  7.450000e+00  4.281769e-01 -1.454960e+02  9.438138e-02  4  1.1700  9.778499e+00  0.000000e+00  0.000000e+00  9.389582e-02 -9.653603e+01  0.000000e+00 
3  7.804967e+00  5.562620e-01  2.117300e+05  1.296930e+00 6 -1.000000e+00  1.410426e+01 2  10.7481  2.329290e+00 -4.530147e-01 -1 -1.0000 -1.000000e+00 -1.000000e+00 -1.000000e+00 -1.000000e+00 -1.000000e+00 -1.000000e+00 -1 -1.0000 -1.000000e+00 -1.000000e+00 -1.000000e+00 -1.000000e+00 -1.000000e+00 -1.000000e+00  0  1.1820  2.307535e+13  0.000000e+00  0.000000e+00  2.932958e-01 -1.017399e+02  2.899742e+00  1  1.1820  1.262194e+11  0.000000e+00  0.000000e+00  1.554964e-01 -1.088204e+02  4.558892e-02  2  1.1820  1.074809e+01  0.000000e+00  0.000000e+00  1.241435e-01 -1.042531e+02  0.000000e+00 
3  3.763166e+00  5.279813e-01  3.683400e+05  7.955972e-01 6 -1.000000e+00  6.802943e+00 2  10.4430 -4.041073e-01  1.171358e+00 -1 -1.0000 -1.000000e+00 -1.000000e+00 -1.000000e+00 -1.000000e+00 -1.000000e+00 -1.000000e+00 -1 -1.0000 -1.000000e+00 -1.000000e+00 -1.000000e+00 -1.000000e+00 -1.000000e+00 -1.000000e+00  0  1.3110  6.566902e+12  0.000000e+00  0.000000e+00  1.633030e-01 -1.460248e+02  4.509862e+00  1  1.3110  7.396033e+10  0.000000e+00  0.000000e+00  2.555219e-01 -1.442400e+02  3.797022e-02  2  1.3110  1.044300e+01  0.000000e+00  0.000000e+00  1.690629e-01 -1.582630e+02  0.000000e+00 
3  1.403892e+01  6.016892e+00  2.745780e+05  3.285027e-01 6 -1.000000e+00  1.844957e+01 1   6.4643 -1.806950e-02  3.054018e-01 -1 -1.0000 -1.000000e+00 -1.000000e+00 -1.000000e+00 -1.000000e+00 -1.000000e+00 -1.000000e+00 -1 -1.0000 -1.000000e+00 -1.000000e+00 -1.000000e+00 -1.000000e+00 -1.000000e+00 -1.000000e+00  0  1.3960  7.466667e+11  0.000000e+00  0.000000e+00  1.934300e-01  7.486138e+00  6.367909e+00  1  1.3960  2.205250e+10  0.000000e+00  0.000000e+00  7.450625e-02  3.889784e+01  2.479360e-02  2  1.3960  6.464259e+00  0.000000e+00  0.000000e+00  2.173602e-01  1.335588e+02  0.000000e+00 
3  5.645038e+00  3.331580e+00  3.251580e+05  3.657784e-02 6 -1.000000e+00  1.012072e+01 3  12.5705 -2.224918e-02 -1.558720e-02 -1 -1.0000 -1.000000e+00 -1.000000e+00 -1.000000e+00 -1.000000e+00 -1.000000e+00 -1.000000e+00 -1 -1.0000 -1.000000e+00 -1.000000e+00 -1.000000e+00 -1.000000e+00 -1.000000e+00 -1.000000e+00  0  2.3250  1.378813e+11  0.000000e+00  0.000000e+00  1.581135e-01 -2.533644e+01  5.201436e+00  1  2.3250  4.327593e+08  0.000000e+00  0.000000e+00  2.176569e-01 -8.895858e+00  1.025443e-02  2  2.3250  1.257053e+01  0.000000e+00  0.000000e+00  9.618613e-02 -3.939979e+01  0.000000e+00 
3  6.577780e+00  3.408831e+00  2.003810e+05  2.224556e-01 6 -1.000000e+00  8.326300e+00 1  10.1015  8.951052e-02  1.556017e-01 -1 -1.0000 -1.000000e+00 -1.000000e+00 -1.000000e+00 -1.000000e+00 -1.000000e+00 -1.000000e+00 -1 -1.0000 -1.000000e+00 -1.000000e+00 -1.000000e+00 -1.000000e+00 -1.000000e+00 -1.000000e+00  0  2.9730  7.546314e+11  0.000000e+00  0.000000e+00  4.454345e-01  4.046537e+01  3.435590e+00  1  2.9730  1.067871e+10  0.000000e+00  0.000000e+00  4.436676e-01  7.997006e+01  3.985595e-02  2  2.9730  1.010149e+01  0.000000e+00  0.000000e+00  1.766371e-01 -1.553534e+02  0.000000e+00 
3  6.595639e+00  4.492807e+00  9.486600e+04  6.864522e-01 6 -1.000000e+00  1.046786e+01 1   6.6346  3.511723e-01  2.736986e-01 -1 -1.0000 -1.000000e+00 -1.000000e+00 -1.000000e+00 -1.000000e+00 -1.000000e+00 -1.000000e+00 -1 -1.0000 -1.000000e+00 -1.000000e+00 -1.000000e+00 -1.000000e+00 -1.000000e+00 -1.000000e+00  0  0.4090  8.608977e+11  0.000000e+00  0.000000e+00  1.391821e-01  1.664968e+02  1.761687e+01  1  0.4090  4.413733e+10  0.000000e+00  0.000000e+00  4.410458e-01  1.388285e+02  1.242375e-01  2  0.4090  6.634621e+00  0.000000e+00  0.000000e+00  2.014676e-02 -1.150194e+02  0.000000e+00 
3  2.235399e+01  1.320818e+01  3.308200e+05  4.950905e-01 6 -1.000000e+00  2.826197e+01 1   2.5723  2.581469e-01  4.122423e-01 -1 -1.0000 -1.000000e+00 -1.000000e+00 -1.000000e+00 -1.000000e+00 -1.000000e+00 -1.000000e+00 -1 -1.0000 -1.000000e+00 -1.000000e+00 -1.000000e+00 -1.000000e+00 -1.000000e+00 -1.000000e+00  0  0.5470  9.624629e+11  0.000000e+00  0.000000e+00  2.005605e-01 -1.285460e+02  8.220250e+00  1  0.5470  5.246224e+10  0.000000e+00  0.000000e+00  4.087426e-01 -1.472547e+02  1.019273e-01  2  0.5470  2.572266e+00  0.000000e+00  0.000000e+00  6.195862e-02  1.036487e+02  0.000000e+00 
3  1.148385e+01  5.731822e+00  2.204200e+05  5.882277e-01 6  2.956162e-01  1.709291e+01 1   6.8590  9.702355e-01 -4.189450e-01  0  0.6720  4.489398e+11  0.000000e+00  0.000000e+00  2.167955e-01 -7.405362e+00  3.022873e+01  1  0.6720  1.227259e+10  0.000000e+00  0.000000e+00  1.371285e-01 -5.825582e+01  3.127922e-02  2  0.6720  4.202807e+12  4.446981e+00 -3.037363e+00  3.948272e-01 -1.541115e+02  2.654606e+00  3  0.6720  7.959853e+10  4.446981e+00 -3.037363e+00  3.383147e-01 -1.074708e+02  1.582678e-01  4  0.6720  6.858953e+00  0.000000e+00  0.000000e+00  5.604859e-02  3.069105e+01  0.000000e+00 
3  6.082238e+00  5.971838e+00  3.009200e+04  6.959144e-01 6 -1.000000e+00  1.436977e+01 3   5.3642 -1.204027e-01  2.088758e-01 -1 -1.0000 -1.000000e+00 -1.000000e+00 -1.000000e+00 -1.000000e+00 -1.000000e+00 -1.000000e+00 -1 -1.0000 -1.000000e+00 -1.000000e+00 -1.000000e+00 -1.000000e+00 -1.000000e+00 -1.000000e+00  0  1.0640  2.472260e+12  0.000000e+00  0.000000e+00  3.212682e-01 -1.487978e+02  8.837656e+00  1  1.0640  7.867626e+10  0.000000e+00  0.000000e+00  4.407703e-01 -1.463946e+02  4.785856e-02  2  1.0640  5.364191e+00  0.000000e+00  0.000000e+00  4.147745e-02 -9.294864e+01  0.000000e+00 
5  7.841001e+00  1.698428e+01  4.171200e+04  7.608668e-01 6 -1.000000e+00  2.292873e+01 3   7.7396  8.576165e-02 -1.829973e-02 -1 -1.0000 -1.000000e+00 -1.000000e+00 -1.000000e+00 -1.000000e+00 -1.000000e+00 -1.000000e+00 -1 -1.0000 -1.000000e+00 -1.000000e+00 -1.000000e+00 -1.000000e+00 -1.000000e+00 -1.000000e+00  0  0.4120  1.290763e+12  0.000000e+00  0.000000e+00  2.869209e-01 -1.074664e+02  6.044106e+00  1  0.4120  4.242052e+10  0.000000e+00  0.000000e+00  4.203886e-01 -8.906323e+01  1.337962e-01  2  0.4120  7.739633e+00  0.000000e+00  0.000000e+00  1.284055e-02  1.028102e+02  0.000000e+00 
3  2.294461e+01  1.700204e+01  8.739500e+04  8.610176e-01 6  3.031947e-01  3.004140e+01 1   3.0413  1.803204e+00  6.871234e-01  0  0.4420  1.234074e+12  0.000000e+00  0.000000e+00  3.212149e-01 -5.327022e+01  1.626069e+01  1  0.4420  5.468134e+10  0.000000e+00  0.000000e+00  1.634224e-01 -6.947448e+01  1.261765e-01  2  0.4420  1.873477e+13  3.603753e+01  1.730168e+01  5.634944e-01  9.419063e+01  4.882129e+00  3  0.4420  1.456597e+11  3.603753e+01  1.730168e+01  4.350452e-01  8.055330e+01  3.150212e-01  4  0.4420  3.041286e+00  0.000000e+00  0.000000e+00  1.854630e-02  1.583829e+02  0.000000e+00 
3  8.582712e+00  8.888291e+00  3.357420e+05  1.763889e-01 6 -1.000000e+00  1.433261e+01 1   5.6010  7.960112e-02 -2.145587e-02 -1 -1.0000 -1.000000e+00 -1.000000e+00 -1.000000e+00 -1.000000e+00 -1.000000e+00 -1.000000e+00 -1 -1.0000 -1.000000e+00 -1.000000e+00 -1.000000e+00 -1.000000e+00 -1.000000e+00 -1.000000e+00  0  0.7760  4.822076e+11  0.000000e+00  0.000000e+00  3.627004e-01 -1.422765e+02  4.896550e+00  1  0.7760  1.213653e+10  0.000000e+00  0.000000e+00  4.081393e-01 -1.531925e+02  9.418110e-02  2  0.7760  5.601000e+00  0.000000e+00  0.000000e+00  5.138269e-02  1.090400e+02  0.000000e+00 
1  1.177011e+01  2.808351e+01  2.279950e+05  6.108972e-01 0  2.943600e-01  2.808351e+01 2   3.9293 -2.167658e+00  5.987044e-01  0  0.8900  7.528131e+11  0.000000e+00  0.000000e+00  3.139718e-01 -1.025717e+02  1.961107e+01  1  0.8900  2.574929e+10  0.000000e+00  0.000000e+00  1.794219e-01 -9.338205e+01  1.593165e-01  2  0.8900  1.259487e+13 -5.506162e+00  1.608243e+00  1.737896e-01  2.119359e+01  6.511099e+00  3  0.8900  1.203733e+11 -5.506162e+00  1.608243e+00  1.412122e-01  5.031084e+01  9.840342e-02  4  0.8900  3.929334e+00  0.000000e+00  0.000000e+00  8.786156e-02 -1.255426e+02  0.000000e+00 
2  1.641511e+01  1.380874e+01  6.777500e+04  7.755269e-01 6 -1.000000e+00  2.653850e+01 1   5.1944 -2.751124e-01 -2.230177e-01 -1 -1.0000 -1.000000e+00 -1.000000e+00 -1.000000e+00 -1.000000e+00 -1.000000e+00 -1.000000e+00 -1 -1.0000 -1.000000e+00 -1.000000e+00 -1.000000e+00 -1.000000e+00 -1.000000e+00 -1.000000e+00  0  0.9870  8.340188e+12  0.000000e+00  0.000000e+00  1.990033e-01 -8.723434e+01  3.152688e+00  1  0.9870  8.348596e+10  0.000000e+00  0.000000e+00  2.901674e-01 -1.220655e+02  4.788538e-02  2  0.9870  5.194447e+00  0.000000e+00  0.000000e+00  5.070316e-02 -9.271401e+01  0.000000e+00 
3  8.157055e+00  5.076430e+00  3.395090e+05  2.019775e-01 6 -1.000000e+00  1.078743e+01 1   7.5077 -3.069836e-02 -1.702463e-01 -1 -1.0000 -1.000000e+00 -1.000000e+00 -1.000000e+00 -1.000000e+00 -1.000000e+00 -1.000000e+00 -1 -1.0000 -1.000000e+00 -1.000000e+00 -1.000000e+00 -1.000000e+00 -1.000000e+00 -1.000000e+00  0  1.0350  4.698971e+11  0.000000e+00  0.000000e+00  9.294093e-02  1.453065e+02  6.449529e+00  1  1.0350  9.721857e+09  0.000000e+00  0.000000e+00  1.126160e-01  1.571393e+02  6.243348e-02  2  1.0350  7.507731e+00  0.000000e+00  0.000000e+00  1.415912e-01  9.088921e+01  0.000000e+00 
3  1.873228e+01  1.530822e+01  1.826030e+05  3.338013e-01 6 -1.000000e+00  3.856508e+01 3   2.5064  1.513950e-02  1.739372e-01 -1 -1.0000 -1.000000e+00 -1.000000e+00 -1.000000e+00 -1.000000e+00 -1.000000e+00 -1.000000e+00 -1 -1.0000 -1.000000e+00 -1.000000e+00 -1.000000e+00 -1.000000e+00 -1.000000e+00 -1.000000e+00  0  1.0600  1.818384e+12  0.000000e+00  0.000000e+00  2.126304e-01 -1.092744e+01  6.513746e+00  1  1.0600  4.147446e+10  0.000000e+00  0.000000e+00  3.256259e-01  3.205250e+01  8.226871e-02  2  1.0600  2.506428e+00  0.000000e+00  0.000000e+00  4.402508e-02 -2.627152e+01  0.000000e+00 
3  8.986422e+00  1.048085e+01  2.359910e+05  2.509623e-01 6 -1.000000e+00  1.233100e+01 1   4.9865 -1.558938e-01  7.326166e-02 -1 -1.0000 -1.000000e+00 -1.000000e+00 -1.000000e+00 -1.000000e+00 -1.000000e+00 -1.000000e+00 -1 -1.0000 -1.000000e+00 -1.000000e+00 -1.000000e+00 -1.000000e+00 -1.000000e+00 -1.000000e+00  0  1.0670  1.001617e+12  0.000000e+00  0.000000e+00  2.632876e-01 -3.267314e+01  4.334096e+00  1  1.0670  2.967932e+10  0.000000e+00  0.000000e+00  4.459230e-01 -3.004763e+01  1.303561e-01  2  1.0670  4.986494e+00  0.000000e+00  0.000000e+00  3.862001e-02 -7.286462e+01  0.000000e+00 
3  6.221987e+00  3.355804e+00  1.335390e+05  4.035596e-01 6 -1.000000e+00  7.858376e+00 1   8.4649 -4.816189e-02  3.798999e-01 -1 -1.0000 -1.000000e+00 -1.000000e+00 -1.000000e+00 -1.000000e+00 -1.000000e+00 -1.000000e+00 -1 -1.0000 -1.000000e+00 -1.000000e+00 -1.000000e+00 -1.000000e+00 -1.000000e+00 -1.000000e+00  0  1.9700  2.066121e+12  0.000000e+00  0.000000e+00  1.956080e-01  9.414790e+01  2.785065e+00  1  1.9700  5.677180e+10  0.000000e+00  0.000000e+00  5.354783e-01  4.628693e+01  7.653616e-02  2  1.9700  8.464910e+00  0.000000e+00  0.000000e+00  1.172258e-01 -9.621126e+01  0.000000e+00 
3  7.666496e+00  9.022990e+00  2.002320e+05  3.734186e-01 6 -1.000000e+00  9.546325e+00 1  10.0031 -3.570707e-01 -2.309903e-01 -1 -1.0000 -1.000000e+00 -1.000000e+00 -1.000000e+00 -1.000000e+00 -1.000000e+00 -1.000000e+00 -1 -1.0000 -1.000000e+00 -1.000000e+00 -1.000000e+00 -1.000000e+00 -1.000000e+00 -1.000000e+00  0  0.4350  6.941482e+11  0.000000e+00  0.000000e+00  2.808070e-01 -1.113304e+02  6.422911e+00  1  0.4350  3.291449e+10  0.000000e+00  0.000000e+00  5.699593e-01 -1.358547e+02  2.061126e-01  2  0.4350  1.000306e+01  0.000000e+00  0.000000e+00  7.831490e-02  3.542399e+01  0.000000e+00 
3  6.399352e+01  5.793639e+01  7.311600e+04  1.179159e+00 6  2.963875e-01  9.881831e+01 1   1.4424 -5.765120e+00  3.939835e+00  0  0.5880  5.003821e+12  0.000000e+00  0.000000e+00  4.159502e-01 -1.795854e+02  1.574045e+01  1  0.5880  8.715902e+10  0.000000e+00  0.000000e+00  5.328231e-01 -1.066528e+02  1.575357e-01  2  0.5880  1.909519e+14 -4.021377e+01  2.254709e+01  3.634956e-01 -8.704168e+01  4.235312e+00  3  0.5880  5.372791e+11 -4.021377e+01  2.254709e+01  3.254436e-01 -1.413363e+02  6.277368e-01  4  0.5880  1.442381e+00  0.000000e+00  0.000000e+00  2.928753e-02 -1.087215e+02  0.000000e+00 
4  8.106665e+00  1.777857e+01  2.402340e+05  1.333117e+00 6  2.849951e-01  2.176458e+01 3   6.9220 -2.147877e-01 -2.115083e+00  0  0.8690  2.793658e+12  0.000000e+00  0.000000e+00  9.495543e-02 -4.272945e+01  2.034692e+01  1  0.8690  5.899341e+10  0.000000e+00  0.000000e+00  1.773114e-01  8.893107e+00  6.721091e-02  2  0.8690  2.139095e+13 -5.654111e+00 -5.219566e+01  2.969603e-01 -9.490060e+01  3.151555e+00  3  0.8690  1.174738e+11 -5.654111e+00 -5.219566e+01  2.583378e-01 -1.806326e+02  1.371996e-01  4  0.8690  6.921959e+00  0.000000e+00  0.000000e+00  1.444934e-01  7.540464e+01  0.000000e+00 
3  9.445706e+00  1.055466e+01  2.945620e+05  5.455423e-01 6 -1.000000e+00  1.155639e+01 1   5.3318 -1.683619e-01  2.775590e-01 -1 -1.0000 -1.000000e+00 -1.000000e+00 -1.000000e+00 -1.000000e+00 -1.000000e+00 -1.000000e+00 -1 -1.0000 -1.000000e+00 -1.000000e+00 -1.000000e+00 -1.000000e+00 -1.000000e+00 -1.000000e+00  0  0.9590  1.915454e+12  0.000000e+00  0.000000e+00  4.181777e-01 -1.751045e+01  4.306755e+00  1  0.9590  5.962194e+10  0.000000e+00  0.000000e+00  3.034496e-01 -5.833322e+01  1.005338e-01  2  0.9590  5.331809e+00  0.000000e+00  0.000000e+00  2.069910e-01 -5.459662e+01  0.000000e+00 
5  2.284140e+01  6.612623e+01  1.657100e+05  3.634004e-01 6 -1.000000e+00  8.430106e+01 3   3.2948  1.269687e-02  9.002056e-03 -1 -1.0000 -1.000000e+00 -1.000000e+00 -1.000000e+00 -1.000000e+00 -1.000000e+00 -1.000000e+00 -1 -1.0000 -1.000000e+00 -1.000000e+00 -1.000000e+00 -1.000000e+00 -1.000000e+00 -1.000000e+00  0  1.1040  1.495623e+12  0.000000e+00  0.000000e+00  1.601928e-01  1.065808e+02  5.975470e+00  1  1.1040  5.614396e+10  0.000000e+00  0.000000e+00  2.065696e-01  6.730370e+00  1.816509e-01  2  1.1040  3.294810e+00  0.000000e+00  0.000000e+00  4.612571e-02 -4.163234e+01  0.000000e+00 
3  2.864278e+01  2.876943e+01  8.249200e+04  2.835891e-01 6 -1.000000e+00  4.771001e+01 1   3.2983 -9.883881e-02 -8.196234e-02 -1 -1.0000 -1.000000e+00 -1.000000e+00 -1.000000e+00 -1.000000e+00 -1.000000e+00 -1.000000e+00 -1 -1.0000 -1.000000e+00 -1.000000e+00 -1.000000e+00 -1.000000e+00 -1.000000e+00 -1.000000e+00  0  1.1550  7.785875e+11  0.000000e+00  0.000000e+00  8.340288e-02  1.787396e+02  8.351819e+00  1  1.1550  2.052061e+10  0.000000e+00  0.000000e+00  1.585548e-01  2.024322e+02  3.556185e-02  2  1.1550  3.298319e+00  0.000000e+00  0.000000e+00  3.638297e-02 -1.395265e+01  0.000000e+00 
3  6.101877e+00  4.593475e+00  3.023470e+05  7.161265e-01 6 -1.000000e+00  1.310198e+01 3  10.6377 -2.059012e-01 -1.865003e-01 -1 -1.0000 -1.000000e+00 -1.000000e+00 -1.000000e+00 -1.000000e+00 -1.000000e+00 -1.000000e+00 -1 -1.0000 -1.000000e+00 -1.000000e+00 -1.000000e+00 -1.000000e+00 -1.000000e+00 -1.000000e+00  0  1.2530  2.617549e+12  0.000000e+00  0.000000e+00  1.328309e-01 -1.197310e+02  6.393631e+00  1  1.2530  7.024044e+10  0.000000e+00  0.000000e+00  3.418289e-01 -2.190462e+02  5.455474e-02  2  1.2530  1.063775e+01  0.000000e+00  0.000000e+00  2.078279e-01 -3.959862e+01  0.000000e+00 
1  3.983429e+00  8.073548e+00  2.410000e+05  2.687622e+00 0  2.705999e-01  8.073548e+00 2  10.7694  9.879904e+00 -1.813260e+00  0  1.3140  2.927875e+13  0.000000e+00  0.000000e+00  4.072725e-01  1.309194e+02  5.285721e+00  1  1.3140  9.715279e+10  0.000000e+00  0.000000e+00  1.834987e-01  1.350534e+02  1.238239e-01  2  1.3140  9.398669e+13  2.697599e+01 -1.151744e+01  1.049557e-01 -1.027077e+01  3.172247e+00  3  1.3140  2.875681e+11  2.697599e+01 -1.151744e+01  2.267353e-01  1.478769e+01  1.281750e-01  4  1.3140  1.076945e+01  0.000000e+00  0.000000e+00  4.349827e-02  1.084423e+02  0.000000e+00 
2  7.131517e+00  1.025032e+01  1.743870e+05  5.506245e-01 6 -1.000000e+00  1.049808e+01 1   6.8929  2.729057e-01  1.183059e-01 -1 -1.0000 -1.000000e+00 -1.000000e+00 -1.000000e+00 -1.000000e+00 -1.000000e+00 -1.000000e+00 -1 -1.0000 -1.000000e+00 -1.000000e+00 -1.000000e+00 -1.000000e+00 -1.000000e+00 -1.000000e+00  0  1.6100  3.641855e+12  0.000000e+00  0.000000e+00  4.208101e-01 -1.701269e+02  4.904561e+00  1  1.6100  5.627415e+10  0.000000e+00  0.000000e+00  1.181230e-01 -1.898489e+02  3.094463e-02  2  1.6100  6.892883e+00  0.000000e+00  0.000000e+00  8.531516e-02  5.204332e+01  0.000000e+00 
3  1.138881e+01  5.961065e+00  1.716650e+05  8.461507e-01 6 -1.000000e+00  2.236372e+01 2   5.2892 -4.828178e-01  1.321751e-01 -1 -1.0000 -1.000000e+00 -1.000000e+00 -1.000000e+00 -1.000000e+00 -1.000000e+00 -1.000000e+00 -1 -1.0000 -1.000000e+00 -1.000000e+00 -1.000000e+00 -1.000000e+00 -1.000000e+00 -1.000000e+00  0  1.8390  5.385720e+12  0.000000e+00  0.000000e+00  2.664784e-01 -1.109641e+02  6.910697e+00  1  1.8390  7.154718e+10  0.000000e+00  0.000000e+00  2.359130e-01 -5.793048e+01  4.152910e-02  2  1.8390  5.289235e+00  0.000000e+00  0.000000e+00  5.888476e-02 -1.450664e+02  0.000000e+00 
3  2.326795e+01  6.444216e+00  2.747660e+05  4.499108e-01 6  2.694738e-01  4.181401e+01 2   3.4212  1.638526e-01  3.370748e-01  0  2.0260  1.609241e+12  0.000000e+00  0.000000e+00  1.910320e-01  1.229488e+02  8.399986e+00  1  2.0260  6.002832e+10  0.000000e+00  0.000000e+00  1.640002e-01  1.643408e+02  2.863049e-02  2  2.0260  1.338267e+13 -1.480431e+00  1.028614e+00  4.698021e-01 -9.773565e+01  2.901722e+00  3  2.0260  8.244632e+10 -1.480431e+00  1.028614e+00  2.737059e-01 -5.523676e+01  7.224288e-02  4  2.0260  3.421194e+00  0.000000e+00  0.000000e+00  1.089515e-01  1.210488e+02  0.000000e+00 
1  1.641100e+01  3.239475e+01  1.114740e+05  1.678462e+00 0 -1.000000e+00  3.239475e+01 2   5.3351 -1.319378e+00 -5.981622e-01 -1 -1.0000 -1.000000e+00 -1.000000e+00 -1.000000e+00 -1.000000e+00 -1.000000e+00 -1.000000e+00 -1 -1.0000 -1.000000e+00 -1.000000e+00 -1.000000e+00 -1.000000e+00 -1.000000e+00 -1.000000e+00  0  0.3000  1.391208e+13  0.000000e+00  0.000000e+00  4.695011e-01 -5.314693e+01  7.133029e+00  1  0.3000  1.648858e+11  0.000000e+00  0.000000e+00  2.290798e-01 -8.821065e+01  4.529933e-01  2  0.3000  5.335087e+00  0.000000e+00  0.000000e+00  5.671466e-02 -7.145140e+01  0.000000e+00 
3  1.996831e+01  1.341562e+01  2.239550e+05  5.386520e-01 6  3.094214e-01  3.360027e+01 1   4.1723 -1.309640e+00 -1.274688e-01  0  0.6040  3.585433e+11  0.000000e+00  0.000000e+00  3.592316e-01  7.047882e+01  2.578520e+01  1  0.6040  1.058025e+10  0.000000e+00  0.000000e+00  3.516173e-01  6.792463e+01  6.228676e-02  2  0.6040  1.111869e+13 -3.918228e+00 -1.285863e+00  1.932065e-01 -6.534736e+01  7.341435e+00  3  0.6040  1.068786e+11 -3.918228e+00 -1.285863e+00  3.142768e-01 -7.614252e+01  1.469743e-01  4  0.6040  4.172302e+00  0.000000e+00  0.000000e+00  1.244093e-01 -3.917810e+01  0.000000e+00 
1  5.557139e+00  1.103251e+01  2.577600e+05  1.074105e-01 0 -1.000000e+00  1.103251e+01 2   6.7805 -1.172122e-02  1.486251e-01 -1 -1.0000 -1.000000e+00 -1.000000e+00 -1.000000e+00 -1.000000e+00 -1.000000e+00 -1.000000e+00 -1 -1.0000 -1.000000e+00 -1.000000e+00 -1.000000e+00 -1.000000e+00 -1.000000e+00 -1.000000e+00  0  0.8350  3.085893e+11  0.000000e+00  0.000000e+00  2.665230e-01 -1.507213e+02  7.238029e+00  1  0.8350  5.775031e+09  0.000000e+00  0.000000e+00  3.024040e-01 -1.456244e+02  1.314381e-01  2  0.8350  6.780465e+00  0.000000e+00  0.000000e+00  2.079549e-01 -1.779070e+02  0.000000e+00 
3  1.979879e+01  8.526047e+00  3.068700e+05  6.253824e-01 6 -1.000000e+00  2.564138e+01 1   3.3491  1.888449e-01 -6.061786e-01 -1 -1.0000 -1.000000e+00 -1.000000e+00 -1.000000e+00 -1.000000e+00 -1.000000e+00 -1.000000e+00 -1 -1.0000 -1.000000e+00 -1.000000e+00 -1.000000e+00 -1.000000e+00 -1.000000e+00 -1.000000e+00  0  0.9110  2.970569e+12  0.000000e+00  0.000000e+00  1.590966e-01 -4.799457e+00  5.619416e+00  1  0.9110  7.526780e+10  0.000000e+00  0.000000e+00  1.180510e-01  4.737888e+01  8.148644e-02  2  0.9110  3.349130e+00  0.000000e+00  0.000000e+00  1.140836e-01  1.146565e+02  0.000000e+00 
3  9.746127e+00  6.986376e+00  1.499570e+05  2.202559e-01 6 -1.000000e+00  1.390793e+01 1   7.1630 -1.376165e-01  6.082633e-02 -1 -1.0000 -1.000000e+00 -1.000000e+00 -1.000000e+00 -1.000000e+00 -1.000000e+00 -1.000000e+00 -1 -1.0000 -1.000000e+00 -1.000000e+00 -1.000000e+00 -1.000000e+00 -1.000000e+00 -1.000000e+00  0  1.6950  6.520919e+11  0.000000e+00  0.000000e+00  3.214783e-01  1.780093e+01  7.286610e+00  1  1.6950  1.032333e+10  0.000000e+00  0.000000e+00  6.974930e-02  6.654174e+01  5.405761e-02  2  1.6950  7.163047e+00  0.000000e+00  0.000000e+00  9.413341e-02  1.765036e+02  0.000000e+00 
3  3.568275e+00  5.397892e+00  3.480260e+05  7.265489e-01 6 -1.000000e+00  6.618377e+00 3  11.2605 -2.440260e-01  2.878328e-01 -1 -1.0000 -1.000000e+00 -1.000000e+00 -1.000000e+00 -1.000000e+00 -1.000000e+00 -1.000000e+00 -1 -1.0000 -1.000000e+00 -1.000000e+00 -1.000000e+00 -1.000000e+00 -1.000000e+00 -1.000000e+00  0  2.5100  4.463501e+12  0.000000e+00  0.000000e+00  6.322264e-02 -1.468887e+02  5.790208e+00  1  2.5100  6.480795e+10  0.000000e+00  0.000000e+00  4.916103e-01 -1.781498e+02  3.931879e-02  2  2.5100  1.126055e+01  0.000000e+00  0.000000e+00  2.253037e-01 -4.549916e+01  0.000000e+00 
1  3.693159e+01  7.861167e+01  3.319010e+05  7.124634e-02 0 -1.000000e+00  7.861167e+01 2   2.5306  6.787072e-03 -4.809971e-02 -1 -1.0000 -1.000000e+00 -1.000000e+00 -1.000000e+00 -1.000000e+00 -1.000000e+00 -1.000000e+00 -1 -1.0000 -1.000000e+00 -1.000000e+00 -1.000000e+00 -1.000000e+00 -1.000000e+00 -1.000000e+00  0  0.5610  6.458074e+11  0.000000e+00  0.000000e+00  1.881472e-01  6.329143e+01  5.075044e+00  1  0.5610  1.640393e+10  0.000000e+00  0.000000e+00  2.883120e-02  4.197932e+01  4.517062e-01  2  0.5610  2.530597e+00  0.000000e+00  0.000000e+00  3.225034e-02 -1.120584e+01  0.000000e+00 
3  2.971213e+00  1.142364e+00  2.600280e+05  5.142618e-01 6 -1.000000e+00  3.591238e+00 1  13.6036  6.015711e-01  3.889598e-02 -1 -1.0000 -1.000000e+00 -1.000000e+00 -1.000000e+00 -1.000000e+00 -1.000000e+00 -1.000000e+00 -1 -1.0000 -1.000000e+00 -1.000000e+00 -1.000000e+00 -1.000000e+00 -1.000000e+00 -1.000000e+00  0  0.5910  1.042868e+12  0.000000e+00  0.000000e+00  2.976188e-01  1.786692e+02  7.147395e+00  1  0.5910  4.057434e+10  0.000000e+00  0.000000e+00  3.895732e-01  1.323634e+02  1.224774e-01  2  0.5910  1.360359e+01  0.000000e+00  0.000000e+00  5.725246e-02 -1.241448e+01  0.000000e+00 
3  5.708730e+00  5.208796e+00  3.603800e+04  3.715761e-01 6  2.891279e-01  1.227387e+01 3   8.3459  4.409237e-01  3.524833e-02  0  0.7450  3.203720e+11  0.000000e+00  0.000000e+00  2.264618e-01  1.042867e+02  1.656822e+01  1  0.7450  9.341977e+09  0.000000e+00  0.000000e+00  4.648516e-01  1.013045e+02  5.582202e-02  2  0.7450  1.518446e+12  1.111274e+01 -3.470528e+00  3.913260e-01 -1.391995e+02  6.929697e+00  3  0.7450  5.334992e+10  1.111274e+01 -3.470528e+00  2.733829e-01 -1.687451e+02  6.702106e-02  4  0.7450  8.345868e+00  0.000000e+00  0.000000e+00  2.891073e-01 -1.750272e+02  0.000000e+00 
3  1.262554e+01  1.082291e+01  3.993750e+05  4.217836e-01 6  2.775811e-01  1.739102e+01 1   6.6579  1.438039e-01  9.077197e-02  0  1.1100  9.666249e+11  0.000000e+00  0.000000e+00  3.056492e-01 -1.677746e+02  1.255512e+01  1  1.1100  2.532292e+10  0.000000e+00  0.000000e+00  3.251678e-01 -1.828148e+02  5.942008e-02  2  1.1100  2.383705e+12  2.652981e+01  3.618515e+00  2.231054e-01 -5.725883e+01  3.961203e+00  3  1.1100  7.259962e+10  2.652981e+01  3.618515e+00  1.975022e-01 -1.117034e+02  6.262789e-02  4  1.1100  6.657904e+00  0.000000e+00  0.000000e+00  2.314697e-01  1.306500e+02  0.000000e+00 
3  3.589570e+00  1.006852e+00  3.800700e+05  1.486308e+00 6 -1.000000e+00  1.043480e+01 2   6.6317 -7.142869e-01 -9.899046e-01 -1 -1.0000 -1.000000e+00 -1.000000e+00 -1.000000e+00 -1.000000e+00 -1.000000e+00 -1.000000e+00 -1 -1.0000 -1.000000e+00 -1.000000e+00 -1.000000e+00 -1.000000e+00 -1.000000e+00 -1.000000e+00  0  1.1940  2.365839e+13  0.000000e+00  0.000000e+00  4.638102e-01  1.349933e+02  3.762385e+00  1  1.1940  1.668106e+11  0.000000e+00  0.000000e+00  2.593724e-01  8.616541e+01  1.128919e-01  2  1.1940  6.631686e+00  0.000000e+00  0.000000e+00  7.627728e-02 -1.417778e+00  0.000000e+00 
2  7.369949e+00  6.281110e+00  2.918200e+04  7.229736e-01 6 -1.000000e+00  1.141878e+01 1   7.5573  1.602553e-01 -1.021712e-01 -1 -1.0000 -1.000000e+00 -1.000000e+00 -1.000000e+00 -1.000000e+00 -1.000000e+00 -1.000000e+00 -1 -1.0000 -1.000000e+00 -1.000000e+00 -1.000000e+00 -1.000000e+00 -1.000000e+00 -1.000000e+00  0  1.4370  1.995016e+12  0.000000e+00  0.000000e+00  1.837238e-02 -8.700955e+01  3.704368e+00  1  1.4370  7.374826e+10  0.000000e+00  0.000000e+00  4.809581e-01 -1.093318e+02  2.235885e-02  2  1.4370  7.557299e+00  0.000000e+00  0.000000e+00  1.602693e-01  2.600293e+01  0.000000e+00 
3  3.799870e+01  2.318199e+01  2.783600e+05  4.382475e-01 6 -1.000000e+00  5.447713e+01 1   2.8261 -1.673838e-01 -1.385647e-01 -1 -1.0000 -1.000000e+00 -1.000000e+00 -1.000000e+00 -1.000000e+00 -1.000000e+00 -1.000000e+00 -1 -1.0000 -1.000000e+00 -1.000000e+00 -1.000000e+00 -1.000000e+00 -1.000000e+00 -1.000000e+00  0  1.6690  2.407846e+12  0.000000e+00  0.000000e+00  2.250319e-01 -4.648123e+01  3.321971e+00  1  1.6690  6.305684e+10  0.000000e+00  0.000000e+00  4.298998e-01 -8.368899e+01  3.332750e-02  2  1.6690  2.826065e+00  0.000000e+00  0.000000e+00  2.529145e-02 -9.136752e+01  0.000000e+00 
3  1.236930e+01  1.144754e+01  1.617740e+05  3.257091e-01 6  2.738531e-01  2.906633e+01 3   3.5282 -4.680846e-01  2.173196e-01  0  1.7710  9.386225e+11  0.000000e+00  0.000000e+00  1.974509e-01 -4.359538e+01  7.860200e+00  1  1.7710  3.741993e+10  0.000000e+00  0.000000e+00  2.056548e-01 -5.713503e+01  4.799047e-02  2  1.7710  3.453160e+12 -8.403142e+00  5.793683e+00  1.689542e-02  5.215768e+01  5.625137e+00  3  1.7710  6.303514e+10 -8.403142e+00  5.793683e+00  4.997227e-01  8.459759e+01  1.446502e-01  4  1.7710  3.528199e+00  0.000000e+00  0.000000e+00  1.100897e-01 -4.486236e+01  0.000000e+00 
3  1.336185e+01  1.364295e+01  2.575340e+05  1.827552e-01 6  2.701278e-01  1.872052e+01 1   4.8522  1.324867e-01  2.321757e-01  0  2.8150  7.146091e+11  0.000000e+00  0.000000e+00  3.910626e-01 -9.261800e+00  9.348595e+00  1  2.8150  1.538015e+10  0.000000e+00  0.000000e+00  6.242491e-01  3.926468e+01  5.626888e-02  2  2.8150  1.399290e+12 -8.505977e-02  1.359419e+00  2.442277e-01 -1.553906e+02  4.678246e+00  3  2.8150  1.907751e+10 -8.505977e-02  1.359419e+00  2.186812e-01 -1.542293e+02  2.678511e-02  4  2.8150  4.852171e+00  0.000000e+00  0.000000e+00  2.322025e-01  1.460651e+02  0.000000e+00 
3  2.723245e+01  1.930902e+01  6.122600e+04  4.173099e+00 6 -1.000000e+00  5.309465e+01 3   2.5364 -1.298424e-01  2.115460e+00 -1 -1.0000 -1.000000e+00 -1.000000e+00 -1.000000e+00 -1.000000e+00 -1.000000e+00 -1.000000e+00 -1 -1.0000 -1.000000e+00 -1.000000e+00 -1.000000e+00 -1.000000e+00 -1.000000e+00 -1.000000e+00  0  0.5160  4.658807e+13  0.000000e+00  0.000000e+00  2.256568e-01  1.456702e+02  1.139249e+01  1  0.5160  2.953625e+11  0.000000e+00  0.000000e+00  3.388695e-01  1.269242e+02  2.561205e-01  2  0.5160  2.536401e+00  0.000000e+00  0.000000e+00  2.644966e-02  1.325219e+01  0.000000e+00 
1  2.402007e+00  4.235727e+00  1.412640e+05  3.658588e+00 0 -1.000000e+00  4.235727e+00 2   5.6187  9.140994e+00 -1.202419e+01 -1 -1.0000 -1.000000e+00 -1.000000e+00 -1.000000e+00 -1.000000e+00 -1.000000e+00 -1.000000e+00 -1 -1.0000 -1.000000e+00 -1.000000e+00 -1.000000e+00 -1.000000e+00 -1.000000e+00 -1.000000e+00  0  0.6450  8.126995e+13  0.000000e+00  0.000000e+00  4.910115e-01  4.474264e+01  5.338573e+00  1  0.6450  3.318546e+11  0.000000e+00  0.000000e+00  3.135655e-01  8.318693e+01  2.835261e-01  2  0.6450  5.618725e+00  0.000000e+00  0.000000e+00  2.305313e-01 -1.511397e+02  0.000000e+00 
3  8.889122e+00  5.745929e+00  1.479680e+05  6.542473e-01 6 -1.000000e+00  1.277005e+01 1   5.7704 -3.533933e-01  2.632105e-02 -1 -1.0000 -1.000000e+00 -1.000000e+00 -1.000000e+00 -1.000000e+00 -1.000000e+00 -1.000000e+00 -1 -1.0000 -1.000000e+00 -1.000000e+00 -1.000000e+00 -1.000000e+00 -1.000000e+00 -1.000000e+00  0  1.0890  4.371050e+12  0.000000e+00  0.000000e+00  2.889357e-01 -6.808123e+01  2.900451e+00  1  1.0890  7.310453e+10  0.000000e+00  0.000000e+00  4.618740e-01 -6.084631e+01  7.143467e-02  2  1.0890  5.770380e+00  0.000000e+00  0.000000e+00  6.079672e-02  1.451066e+02  0.000000e+00 
3  1.041971e+01  1.475131e+01  2.036320e+05  7.670325e-01 6 -1.000000e+00  1.894111e+01 3   2.6891  3.321668e-01  4.224344e-02 -1 -1.0000 -1.000000e+00 -1.000000e+00 -1.000000e+00 -1.000000e+00 -1.000000e+00 -1.000000e+00 -1 -1.0000 -1.000000e+00 -1.000000e+00 -1.000000e+00 -1.000000e+00 -1.000000e+00 -1.000000e+00  0  1.1250  1.554800e+13  0.000000e+00  0.000000e+00  2.231498e-01  1.691074e+02  5.477792e+00  1  1.1250  1.009969e+11  0.000000e+00  0.000000e+00  1.655950e-01  1.952869e+02  1.001520e-01  2  1.1250  2.689126e+00  0.000000e+00  0.000000e+00  8.711758e-03  1.640573e+02  0.000000e+00 
4  1.102923e+01  2.464383e+01  2.458280e+05  1.420623e+00 6 -1.000000e+00  3.645165e+01 3   6.3731 -1.279929e-01  8.006499e-03 -1 -1.0000 -1.000000e+00 -1.000000e+00 -1.000000e+00 -1.000000e+00 -1.000000e+00 -1.000000e+00 -1 -1.0000 -1.000000e+00 -1.000000e+00 -1.000000e+00 -1.000000e+00 -1.000000e+00 -1.000000e+00  0  1.1890  1.069906e+13  0.000000e+00  0.000000e+00  3.884501e-01  1.369435e+02  8.311892e+00  1  1.1890  8.335771e+10  0.000000e+00  0.000000e+00  4.875211e-01  1.312800e+02  7.214213e-02  2  1.1890  6.373066e+00  0.000000e+00  0.000000e+00  7.779455e-02 -1.464901e+02  0.000000e+00 
1  6.932983e+00  1.220769e+01  1.611270e+05  1.595487e+00 0 -1.000000e+00  1.220769e+01 2   7.5009  1.953403e+00 -3.046712e-02 -1 -1.0000 -1.000000e+00 -1.000000e+00 -1.000000e+00 -1.000000e+00 -1.000000e+00 -1.000000e+00 -1 -1.0000 -1.000000e+00 -1.000000e+00 -1.000000e+00 -1.000000e+00 -1.000000e+00 -1.000000e+00  0  1.4280  1.878904e+13  0.000000e+00  0.000000e+00  2.564854e-01  8.916504e+01  5.289458e+00  1  1.4280  7.393949e+10  0.000000e+00  0.000000e+00  2.524157e-01  1.407639e+02  6.909219e-02  2  1.4280  7.500876e+00  0.000000e+00  0.000000e+00  1.266508e-01  6.065031e+01  0.000000e+00 
3  2.877419e+00  1.325668e+00  1.973400e+05  3.560655e-01 6  2.742129e-01  3.921134e+00 1  11.9805 -6.841473e-01  5.217745e-01  0  2.0000  5.584606e+11  0.000000e+00  0.000000e+00  2.863815e-01 -1.234333e+02  1.177887e+01  1  2.0000  1.192469e+10  0.000000e+00  0.000000e+00  2.940452e-01 -1.595953e+02  2.762649e-02  2  2.0000  2.882501e+12 -5.299070e+00  7.800074e+00  4.965595e-03  2.839406e+01  3.580313e+00  3  2.0000  7.274346e+10 -5.299070e+00  7.800074e+00  6.299348e-01  1.802845e+00  3.480603e-02  4  2.0000  1.198050e+01  0.000000e+00  0.000000e+00  8.685034e-02  5.302818e+01  0.000000e+00 
3  1.889631e+01  2.968085e+01  4.404600e+04  7.188417e-01 6 -1.000000e+00  4.603635e+01 3   2.0574 -9.252400e-02 -9.849471e-02 -1 -1.0000 -1.000000e+00 -1.000000e+00 -1.000000e+00 -1.000000e+00 -1.000000e+00 -1.000000e+00 -1 -1.0000 -1.000000e+00 -1.000000e+00 -1.000000e+00 -1.000000e+00 -1.000000e+00 -1.000000e+00  0  0.4680  9.332886e+12  0.000000e+00  0.000000e+00  1.871230e-01  1.021485e+02  5.392759e+00  1  0.4680  7.400519e+10  0.000000e+00  0.000000e+00  3.436910e-01  1.049132e+02  4.139190e-01  2  0.4680  2.057373e+00  0.000000e+00  0.000000e+00  3.591469e-02 -1.727523e+02  0.000000e+00 
3  1.886453e+01  1.060947e+01  3.568870e+05  3.542709e-01 6 -1.000000e+00  2.227769e+01 1   3.3199 -3.013134e-01  8.293595e-02 -1 -1.0000 -1.000000e+00 -1.000000e+00 -1.000000e+00 -1.000000e+00 -1.000000e+00 -1.000000e+00 -1 -1.0000 -1.000000e+00 -1.000000e+00 -1.000000e+00 -1.000000e+00 -1.000000e+00 -1.000000e+00  0  0.5290  5.100181e+11  0.000000e+00  0.000000e+00  2.413360e-01 -1.926181e+01  6.639383e+00  1  0.5290  2.169686e+10  0.000000e+00  0.000000e+00  1.831467e-01 -5.402939e+01  8.872101e-02  2  0.5290  3.319894e+00  0.000000e+00  0.000000e+00  1.237401e-01 -4.135191e+01  0.000000e+00 
1  8.429810e+00  1.469589e+01  2.846420e+05  2.770637e+00 0 -1.000000e+00  1.469589e+01 2   4.4511  3.156693e+00 -4.325271e+00 -1 -1.0000 -1.000000e+00 -1.000000e+00 -1.000000e+00 -1.000000e+00 -1.000000e+00 -1.000000e+00 -1 -1.0000 -1.000000e+00 -1.000000e+00 -1.000000e+00 -1.000000e+00 -1.000000e+00 -1.000000e+00  0  0.6600  1.244028e+14  0.000000e+00  0.000000e+00  2.495076e-01  5.078224e+00  3.894029e+00  1  0.6600  3.168626e+11  0.000000e+00  0.000000e+00  1.187456e-01  2.595649e+01  4.252327e-01  2  0.6600  4.451068e+00  0.000000e+00  0.000000e+00  1.406112e-01  6.994943e+01  0.000000e+00 
3  2.011466e+01  9.276287e+00  1.687200e+05  1.763138e-01 6 -1.000000e+00  2.615338e+01 1   1.9143  6.316802e-02  1.595553e-01 -1 -1.0000 -1.000000e+00 -1.000000e+00 -1.000000e+00 -1.000000e+00 -1.000000e+00 -1.000000e+00 -1 -1.0000 -1.000000e+00 -1.000000e+00 -1.000000e+00 -1.000000e+00 -1.000000e+00 -1.000000e+00  0  0.8870  5.264307e+11  0.000000e+00  0.000000e+00  1.443842e-01  1.157035e+02  8.397383e+00  1  0.8870  1.080654e+10  0.000000e+00  0.000000e+00  6.395081e-02  1.830878e+02  4.286198e-02  2  0.8870  1.914280e+00  0.000000e+00  0.000000e+00  1.441625e-01 -1.517345e+02  0.000000e+00 
3  1.385890e+01  1.036904e+01  6.240800e+04  3.723785e-01 6 -1.000000e+00  1.999229e+01 1   8.7973  1.535563e-01 -2.020698e-01 -1 -1.0000 -1.000000e+00 -1.000000e+00 -1.000000e+00 -1.000000e+00 -1.000000e+00 -1.000000e+00 -1 -1.0000 -1.000000e+00 -1.000000e+00 -1.000000e+00 -1.000000e+00 -1.000000e+00 -1.000000e+00  0  0.8930  5.214668e+11  0.000000e+00  0.000000e+00  1.609098e-01  1.047815e+02  1.166479e+01  1  0.8930  1.620918e+10  0.000000e+00  0.000000e+00  3.043718e-01  1.131170e+02  1.050445e-01  2  0.8930  8.797350e+00  0.000000e+00  0.000000e+00  8.505598e-02 -1.086600e+01  0.000000e+00 
1  1.741142e+01  4.214918e+01  1.894380e+05  1.227570e-01 0  2.787844e-01  4.214918e+01 2   3.6448  3.587246e-02 -1.310880e-01  0  1.7430  1.998828e+11  0.000000e+00  0.000000e+00  2.248611e-01  1.781701e+02  2.415085e+01  1  1.7430  1.696796e+09  0.000000e+00  0.000000e+00  2.397250e-01  1.698331e+02  3.342458e-02  2  1.7430  1.308147e+12  2.498176e+00 -1.320920e+01  1.566800e-01 -1.397832e+02  3.268575e+00  3  1.7430  3.322612e+10  2.498176e+00 -1.320920e+01  6.346359e-01 -1.484693e+02  4.238817e-02  4  1.7430  3.644840e+00  0.000000e+00  0.000000e+00  7.139390e-02 -2.050921e+01  0.000000e+00 
1  7.961521e+00  1.664429e+01  3.693410e+05  4.942973e-01 0 -1.000000e+00  1.664429e+01 2   5.9980 -3.429140e-01  4.411396e-01 -1 -1.0000 -1.000000e+00 -1.000000e+00 -1.000000e+00 -1.000000e+00 -1.000000e+00 -1.000000e+00 -1 -1.0000 -1.000000e+00 -1.000000e+00 -1.000000e+00 -1.000000e+00 -1.000000e+00 -1.000000e+00  0  0.2760  1.819116e+12  0.000000e+00  0.000000e+00  5.795446e-01 -1.662810e+02  1.513343e+01  1  0.2760  7.285558e+10  0.000000e+00  0.000000e+00  4.607773e-01 -1.803628e+02  9.255022e-01  2  0.2760  5.997977e+00  0.000000e+00  0.000000e+00  1.520148e-01  6.670036e+01  0.000000e+00 
5  2.525979e+01  4.336731e+01  1.065100e+04  6.323164e-01 6 -1.000000e+00  5.887164e+01 3   4.0509  2.360137e-01 -4.788830e-02 -1 -1.0000 -1.000000e+00 -1.000000e+00 -1.000000e+00 -1.000000e+00 -1.000000e+00 -1.000000e+00 -1 -1.0000 -1.000000e+00 -1.000000e+00 -1.000000e+00 -1.000000e+00 -1.000000e+00 -1.000000e+00  0  0.6470  1.423361e+12  0.000000e+00  0.000000e+00  3.186253e-01 -1.152757e+02  7.791324e+00  1  0.6470  4.878783e+10  0.000000e+00  0.000000e+00  1.331983e-01 -1.111836e+02  6.913439e-02  2  0.6470  4.050882e+00  0.000000e+00  0.000000e+00  1.987996e-01 -9.291102e+01  0.000000e+00 
3  4.695994e+00  3.549137e+00  9.592700e+04  7.019765e-01 6 -1.000000e+00  6.393585e+00 1   5.4171  5.007074e-01 -5.059753e-02 -1 -1.0000 -1.000000e+00 -1.000000e+00 -1.000000e+00 -1.000000e+00 -1.000000e+00 -1.000000e+00 -1 -1.0000 -1.000000e+00 -1.000000e+00 -1.000000e+00 -1.000000e+00 -1.000000e+00 -1.000000e+00  0  0.7720  4.020673e+12  0.000000e+00  0.000000e+00  2.285245e-01 -1.848210e+01  5.706458e+00  1  0.7720  7.044177e+10  0.000000e+00  0.000000e+00  7.097040e-02 -4.879032e+00  9.799198e-02  2  0.7720  5.417098e+00  0.000000e+00  0.000000e+00  1.178457e-01  1.458969e+02  0.000000e+00 
3  1.492728e+01  1.206483e+01  1.120880e+05  8.084346e-01 6 -1.000000e+00  2.590177e+01 3   3.0719  4.026600e-01  3.849956e-02 -1 -1.0000 -1.000000e+00 -1.000000e+00 -1.000000e+00 -1.000000e+00 -1.000000e+00 -1.000000e+00 -1 -1.0000 -1.000000e+00 -1.000000e+00 -1.000000e+00 -1.000000e+00 -1.000000e+00 -1.000000e+00  0  0.7940  1.202018e+13  0.000000e+00  0.000000e+00  1.919382e-02  1.046071e+02  3.677611e+00  1  0.7940  9.620823e+10  0.000000e+00  0.000000e+00  2.210427e-01  6.667487e+01  1.371988e-01  2  0.7940  3.071941e+00  0.000000e+00  0.000000e+00  1.394310e-02  4.951000e+01  0.000000e+00 
3  6.048395e+00  5.850293e+00  2.416980e+05  5.686676e-01 6  2.846542e-01  9.379374e+00 1  12.2328 -6.792349e-01 -2.938290e-01  0  1.0140  4.152628e+11  0.000000e+00  0.000000e+00  2.390008e-01  1.082426e+02  2.556958e+01  1  1.0140  1.195778e+10  0.000000e+00  0.000000e+00  3.558343e-01  8.652127e+01  8.959537e-02  2  1.0140  1.964130e+12 -2.594515e+00  3.434528e-01  3.356246e-01 -1.426971e+02  1.030156e+01  3  1.0140  5.885195e+10 -2.594515e+00  3.434528e-01  4.088499e-01 -1.588583e+02  4.879660e-02  4  1.0140  1.223277e+01  0.000000e+00  0.000000e+00  1.146403e-01  4.417251e+01  0.000000e+00 
1  1.032101e+02  2.215984e+02  3.449940e+05  2.569625e+00 0 -1.000000e+00  2.215984e+02 2   1.8446 -1.743358e+00 -3.800410e-01 -1 -1.0000 -1.000000e+00 -1.000000e+00 -1.000000e+00 -1.000000e+00 -1.000000e+00 -1.000000e+00 -1 -1.0000 -1.000000e+00 -1.000000e+00 -1.000000e+00 -1.000000e+00 -1.000000e+00 -1.000000e+00  0  1.0450  1.371187e+14  0.000000e+00  0.000000e+00  4.068642e-01  8.432976e+01  4.638671e+00  1  1.0450  3.639207e+11  0.000000e+00  0.000000e+00  4.812642e-01  9.374274e+01  2.102868e-01  2  1.0450  1.844557e+00  0.000000e+00  0.000000e+00  2.936756e-02  1.271916e+02  0.000000e+00 
1  1.922124e+01  3.517324e+01  7.698000e+04  6.709910e-02 0  2.988704e-01  3.517324e+01 2   3.5202 -2.686332e-01  6.913072e-02  0  1.1400  5.203259e+10  0.000000e+00  0.000000e+00  5.289527e-01 -1.322083e+01  3.987986e+01  1  1.1400  1.588103e+08  0.000000e+00  0.000000e+00  4.371658e-01 -3.576261e+01  3.303413e-02  2  1.1400  1.273224e+12 -7.961898e+00  5.207214e+00  3.233034e-01 -1.528749e+02  5.116038e+00  3  1.1400  3.846694e+10 -7.961898e+00  5.207214e+00  3.948572e-01 -1.284236e+02  4.529090e-02  4  1.1400  3.520204e+00  0.000000e+00  0.000000e+00  4.198700e-02 -1.666118e+02  0.000000e+00 
3  1.388017e+01  1.040464e+01  1.083100e+04  4.487399e-01 6 -1.000000e+00  2.606216e+01 3   3.8116  8.424704e-02 -2.254090e-01 -1 -1.0000 -1.000000e+00 -1.000000e+00 -1.000000e+00 -1.000000e+00 -1.000000e+00 -1.000000e+00 -1 -1.0000 -1.000000e+00 -1.000000e+00 -1.000000e+00 -1.000000e+00 -1.000000e+00 -1.000000e+00  0  2.1820  6.148102e+12  0.000000e+00  0.000000e+00  2.039612e-01  2.035880e+01  4.150513e+00  1  2.1820  8.282892e+10  0.000000e+00  0.000000e+00  1.140157e-01 -4.197714e+01  3.317657e-02  2  2.1820  3.811612e+00  0.000000e+00  0.000000e+00  8.531731e-03  2.237767e+01  0.000000e+00 
1  3.552303e+01  6.335792e+01  2.894610e+05  9.195307e-01 0  3.007921e-01  6.335792e+01 2   2.1030 -3.126605e+00  2.946271e+00  0  0.5550  2.407587e+12  0.000000e+00  0.000000e+00  3.848090e-01  3.801350e+01  1.763295e+01  1  0.5550  4.964227e+10  0.000000e+00  0.000000e+00  2.978483e-01  3.915813e+01  1.416342e-01  2  0.5550  5.234688e+13 -1.643027e+01  1.179411e+01  3.385404e-01 -9.804965e+01  3.366544e+00  3  0.5550  2.035252e+11 -1.643027e+01  1.179411e+01  2.699716e-01 -1.143784e+02  5.085025e-01  4  0.5550  2.103030e+00  0.000000e+00  0.000000e+00  1.038336e-02  7.031510e+01  0.000000e+00 
3  1.591497e+01  1.899327e+01  2.335310e+05  6.679324e-01 6  2.886341e-01  2.406510e+01 1   4.3681 -1.019912e-01 -9.210888e-01  0  0.5780  8.339265e+11  0.000000e+00  0.000000e+00  3.001993e-01  1.531730e+02  1.740591e+01  1  0.5780  3.684184e+10  0.000000e+00  0.000000e+00  2.886785e-01  1.245009e+02  1.210944e-01  2  0.5780  3.522512e+12 -2.585541e+00 -6.268885e+00  1.442242e-01  7.271154e+01  6.043002e+00  3  0.5780  6.585586e+10 -2.585541e+00 -6.268885e+00  5.021692e-01  9.673495e+01  1.137051e-01  4  0.5780  4.368070e+00  0.000000e+00  0.000000e+00  1.009100e-01  2.169583e+01  0.000000e+00 
3  7.371498e+00  3.072570e+00  3.774340e+05  4.461279e-01 6 -1.000000e+00  9.265948e+00 1   4.0930 -4.695332e-01 -2.594379e-01 -1 -1.0000 -1.000000e+00 -1.000000e+00 -1.000000e+00 -1.000000e+00 -1.000000e+00 -1.000000e+00 -1 -1.0000 -1.000000e+00 -1.000000e+00 -1.000000e+00 -1.000000e+00 -1.000000e+00 -1.000000e+00  0  0.8470  1.092122e+12  0.000000e+00  0.000000e+00  2.134865e-01  4.294928e+01  1.021304e+01  1  0.8470  3.901273e+10  0.000000e+00  0.000000e+00  2.520027e-01 -2.694224e-01  1.042522e-01  2  0.8470  4.093004e+00  0.000000e+00  0.000000e+00  6.210677e-02 -1.494611e+02  0.000000e+00 
3  1.819266e+01  1.988387e+01  1.405050e+05  8.208935e-01 6 -1.000000e+00  3.529445e+01 3   4.0861  2.347609e-01 -1.090116e-01 -1 -1.0000 -1.000000e+00 -1.000000e+00 -1.000000e+00 -1.000000e+00 -1.000000e+00 -1.000000e+00 -1 -1.0000 -1.000000e+00 -1.000000e+00 -1.000000e+00 -1.000000e+00 -1.000000e+00 -1.000000e+00  0  1.0930  5.621957e+12  0.000000e+00  0.000000e+00  1.413835e-01  1.760853e+02  6.102576e+00  1  1.0930  9.413728e+10  0.000000e+00  0.000000e+00  1.509074e-01  1.209109e+02  8.902354e-02  2  1.0930  4.086132e+00  0.000000e+00  0.000000e+00  1.441772e-01 -8.672715e+01  0.000000e+00 
1  2.821289e+01  5.715390e+01  2.190750e+05  2.477299e+00 0  2.677349e-01  5.715390e+01 2   2.1506 -1.435495e+00 -9.219435e-01  0  1.1340  1.878143e+13  0.000000e+00  0.000000e+00  1.502667e-01 -1.793108e+02  1.074623e+01  1  1.1340  8.986519e+10  0.000000e+00  0.000000e+00  4.630020e-01 -1.532232e+02  5.509992e-02  2  1.1340  2.042779e+14 -8.918104e+00 -1.219675e+01  4.527665e-01  1.472656e+02  7.541572e+00  3  1.1340  2.586009e+11 -8.918104e+00 -1.219675e+01  3.172524e-01  1.828639e+02  1.879864e-01  4  1.1340  2.150610e+00  0.000000e+00  0.000000e+00  7.489747e-03 -4.467512e+01  0.000000e+00 
3  8.053617e+00  3.654083e+00  2.346560e+05  3.015773e-01 6 -1.000000e+00  1.107876e+01 1   7.3437 -2.645216e-01  8.723562e-02 -1 -1.0000 -1.000000e+00 -1.000000e+00 -1.000000e+00 -1.000000e+00 -1.000000e+00 -1.000000e+00 -1 -1.0000 -1.000000e+00 -1.000000e+00 -1.000000e+00 -1.000000e+00 -1.000000e+00 -1.000000e+00  0  1.2090  9.246548e+11  0.000000e+00  0.000000e+00  2.288028e-01  1.232621e+02  4.105872e+00  1  1.2090  2.101551e+10  0.000000e+00  0.000000e+00  5.931213e-02  2.182641e+02  5.179790e-02  2  1.2090  7.343720e+00  0.000000e+00  0.000000e+00  9.095539e-02 -1.430993e+02  0.000000e+00 
3  6.058241e+00  3.297635e+00  2.868700e+05  1.326882e-01 6 -1.000000e+00  7.596038e+00 1   8.5215  1.238493e-01  8.027197e-02 -1 -1.0000 -1.000000e+00 -1.000000e+00 -1.000000e+00 -1.000000e+00 -1.000000e+00 -1.000000e+00 -1 -1.0000 -1.000000e+00 -1.000000e+00 -1.000000e+00 -1.000000e+00 -1.000000e+00 -1.000000e+00  0  1.4640  4.810337e+11  0.000000e+00  0.000000e+00  5.904089e-01  3.988270e+01  4.510446e+00  1  1.4640  5.820715e+09  0.000000e+00  0.000000e+00  2.871209e-01  9.221220e+00  2.639033e-02  2  1.4640  8.521462e+00  0.000000e+00  0.000000e+00  4.205899e-02  8.887808e+01  0.000000e+00 
3  3.031161e+01  4.540500e+01  3.996690e+05  2.978565e-01 6 -1.000000e+00  4.708344e+01 1   2.4630 -1.044243e-01 -5.579626e-02 -1 -1.0000 -1.000000e+00 -1.000000e+00 -1.000000e+00 -1.000000e+00 -1.000000e+00 -1.000000e+00 -1 -1.0000 -1.000000e+00 -1.000000e+00 -1.000000e+00 -1.000000e+00 -1.000000e+00 -1.000000e+00  0  1.4720  2.476940e+12  0.000000e+00  0.000000e+00  8.479031e-02  5.849551e+00  4.824639e+00  1  1.4720  7.843978e+10  0.000000e+00  0.000000e+00  3.507550e-01 -7.780371e-01  8.583110e-02  2  1.4720  2.463001e+00  0.000000e+00  0.000000e+00  4.648983e-02  2.586188e+01  0.000000e+00 
3  4.021127e+00  2.174646e+00  2.889090e+05  1.741763e-01 6  2.773830e-01  5.792417e+00 1   6.6910 -6.150882e-01  4.617342e-02  0  1.8420  3.725278e+11  0.000000e+00  0.000000e+00  2.741410e-01 -2.697447e+01  1.005121e+01  1  1.8420  5.948382e+09  0.000000e+00  0.000000e+00  1.589474e-01 -2.368737e+01  3.216758e-02  2  1.8420  3.612363e+12 -1.957041e+01 -3.298337e+00  4.560206e-02 -2.824902e+01  2.740942e+00  3  1.8420  6.484675e+10 -1.957041e+01 -3.298337e+00  5.170454e-01  6.039638e+01  6.003035e-02  4  1.8420  6.690994e+00  0.000000e+00  0.000000e+00  1.311463e-01 -7.275392e+01  0.000000e+00 
3  1.466448e+01  5.599879e+00  3.226400e+04  4.179092e-01 6 -1.000000e+00  1.746870e+01 1   3.8630  1.431243e-01 -6.002114e-01 -1 -1.0000 -1.000000e+00 -1.000000e+00 -1.000000e+00 -1.000000e+00 -1.000000e+00 -1.000000e+00 -1 -1.0000 -1.000000e+00 -1.000000e+00 -1.000000e+00 -1.000000e+00 -1.000000e+00 -1.000000e+00  0  0.5980  1.867666e+12  0.000000e+00  0.000000e+00  1.530817e-01  1.175475e+02  4.221016e+00  1  0.5980  5.011110e+10  0.000000e+00  0.000000e+00  5.312082e-01  1.549676e+02  7.852540e-02  2  0.5980  3.863047e+00  0.000000e+00  0.000000e+00  6.413343e-02 -8.473306e+01  0.000000e+00 
3  1.504891e+00  2.053162e+00  4.036430e+05  4.640240e-01 6 -1.000000e+00  3.530654e+00 3   6.4207  4.999762e-02 -5.987930e-02 -1 -1.0000 -1.000000e+00 -1.000000e+00 -1.000000e+00 -1.000000e+00 -1.000000e+00 -1.000000e+00 -1 -1.0000 -1.000000e+00 -1.000000e+00 -1.000000e+00 -1.000000e+00 -1.000000e+00 -1.000000e+00  0  0.6060  5.228672e+11  0.000000e+00  0.000000e+00  8.885026e-02 -4.825880e+01  1.163663e+01  1  0.6060  1.824160e+10  0.000000e+00  0.000000e+00  3.385163e-01 -7.994047e+01  5.815268e-02  2  0.6060  6.420656e+00  0.000000e+00  0.000000e+00  1.180318e-01  2.185697e+01  0.000000e+00 
3  3.909212e+01  2.677748e+01  2.489830e+05  4.144806e-01 6 -1.000000e+00  5.362530e+01 1   2.2868 -1.769201e-01 -2.582945e-01 -1 -1.0000 -1.000000e+00 -1.000000e+00 -1.000000e+00 -1.000000e+00 -1.000000e+00 -1.000000e+00 -1 -1.0000 -1.000000e+00 -1.000000e+00 -1.000000e+00 -1.000000e+00 -1.000000e+00 -1.000000e+00  0  0.8510  1.316813e+12  0.000000e+00  0.000000e+00  3.873450e-01  1.623431e+02  5.552380e+00  1  0.8510  6.984818e+10  0.000000e+00  0.000000e+00  4.279182e-01  1.685867e+02  3.414552e-02  2  0.8510  2.286782e+00  0.000000e+00  0.000000e+00  5.965308e-02 -1.269056e+02  0.000000e+00 
3  9.926409e+01  1.085818e+02  2.381700e+04  3.115240e-01 6  3.022921e-01  2.173308e+02 3   2.6374 -1.002598e+00  7.688988e-01  0  0.8860  5.522975e+11  0.000000e+00  0.000000e+00  3.903765e-01 -1.340481e+02  1.387601e+01  1  0.8860  2.418414e+10  0.000000e+00  0.000000e+00  3.075915e-01 -1.522634e+02  8.928472e-02  2  0.8860  2.359031e+13 -8.725012e+01  5.727408e+01  5.998208e-01 -1.203071e+02  6.315638e+00  3  0.8860  1.833636e+11 -8.725012e+01  5.727408e+01  1.384337e-01 -7.201164e+01  1.449925e-01  4  0.8860  2.637433e+00  0.000000e+00  0.000000e+00  4.391671e-02  1.343605e+02  0.000000e+00 
3  5.951735e+00  8.117198e+00  7.448700e+04  1.846805e+00 6  2.764105e-01  1.036052e+01 3   6.2777  1.243236e+00 -2.810701e+00  0  1.1640  5.432080e+12  0.000000e+00  0.000000e+00  2.603946e-01 -9.726843e+01  1.565437e+01  1  1.1640  6.749892e+10  0.000000e+00  0.000000e+00  2.970559e-01 -1.108031e+02  1.394952e-01  2  1.1640  3.403706e+13  3.384436e+01 -3.907647e+01  3.646506e-01  4.770370e+01  2.764696e+00  3  1.1640  3.062368e+11  3.384436e+01 -3.907647e+01  5.015144e-01 -3.031820e+00  3.661849e-01  4  1.1640  6.277732e+00  0.000000e+00  0.000000e+00  1.020943e-01 -1.198655e+02  0.000000e+00 
1  2.082829e+01  3.791346e+01  2.073310e+05  1.306545e+00 0 -1.000000e+00  3.791346e+01 2   2.5951  1.937130e+00  1.959153e-01 -1 -1.0000 -1.000000e+00 -1.000000e+00 -1.000000e+00 -1.000000e+00 -1.000000e+00 -1.000000e+00 -1 -1.0000 -1.000000e+00 -1.000000e+00 -1.000000e+00 -1.000000e+00 -1.000000e+00 -1.000000e+00  0  1.2770  4.909320e+13  0.000000e+00  0.000000e+00  4.588377e-01 -7.975025e+01  3.806384e+00  1  1.2770  2.311154e+11  0.000000e+00  0.000000e+00  4.607961e-02 -8.021934e+01  1.012691e-01  2  1.2770  2.595138e+00  0.000000e+00  0.000000e+00  1.481334e-02  1.352788e+02  0.000000e+00 
2  2.074243e+01  1.503801e+01  1.539560e+05  4.663979e-01 6 -1.000000e+00  2.976203e+01 1   4.8086 -3.357356e-01 -3.889753e-02 -1 -1.0000 -1.000000e+00 -1.000000e+00 -1.000000e+00 -1.000000e+00 -1.000000e+00 -1.000000e+00 -1 -1.0000 -1.000000e+00 -1.000000e+00 -1.000000e+00 -1.000000e+00 -1.000000e+00 -1.000000e+00  0  1.7620  2.724169e+12  0.000000e+00  0.000000e+00  1.098532e-01  1.716475e+02  5.176403e+00  1  1.7620  5.917434e+10  0.000000e+00  0.000000e+00  2.732724e-01  1.507606e+02  2.375337e-02  2  1.7620  4.808644e+00  0.000000e+00  0.000000e+00  5.264222e-02  1.671681e+02  0.000000e+00 
3  4.168068e+00  4.430478e+00  3.222280e+05  2.497033e+00 6  2.941804e-01  9.795123e+00 3   5.2950 -6.330767e+00 -8.252633e-02  0  0.1540  2.124884e+13  0.000000e+00  0.000000e+00  3.789989e-01 -1.027642e+02  9.661080e+00  1  0.1540  2.190117e+11  0.000000e+00  0.000000e+00  2.195453e-01 -6.372375e+01  9.876422e-01  2  0.1540  1.987155e+14 -4.113769e+01 -1.536362e+00  3.448170e-01 -6.200640e+01  3.834593e+00  3  0.1540  9.411667e+11 -4.113769e+01 -1.536362e+00  7.061118e-03 -1.398092e+01  6.953756e+00  4  0.1540  5.294958e+00  0.000000e+00  0.000000e+00  2.030354e-01  1.833125e+01  0.000000e+00 
3  9.127127e+00  6.180158e+00  1.177430e+05  7.673621e-01 6  3.003034e-01  1.625973e+01 3   4.6929  2.912421e+00  1.846430e+00  0  0.8670  1.119273e+12  0.000000e+00  0.000000e+00  1.272182e-01 -1.486072e+02  1.146732e+01  1  0.8670  6.236302e+10  0.000000e+00  0.000000e+00  2.040462e-01 -8.430388e+01  5.065348e-02  2  0.8670  4.854659e+13  4.258894e+01  2.738906e+01  3.033258e-01 -2.573955e+01  4.857571e+00  3  0.8670  1.719323e+11  4.258894e+01  2.738906e+01  4.719652e-01 -1.880989e+01  1.355593e-01  4  0.8670  4.692901e+00  0.000000e+00  0.000000e+00  1.072835e-01  6.956999e+01  0.000000e+00 
3  8.150138e+00  1.145415e+01  1.204530e+05  2.837106e-01 6  2.944861e-01  1.337554e+01 1   4.4266  1.041005e+00 -4.117785e-01  0  0.9520  4.100261e+11  0.000000e+00  0.000000e+00  9.746203e-02  9.172944e+01  1.492537e+01  1  0.9520  1.173817e+10  0.000000e+00  0.000000e+00  2.401029e-01  1.219778e+02  1.212170e-01  2  0.9520  6.107245e+12  1.200820e+01 -3.994862e+00  3.623743e-01  1.769503e+02  6.945333e+00  3  0.9520  5.774838e+10  1.200820e+01 -3.994862e+00  2.752872e-02  1.637019e+02  9.704801e-02  4  0.9520  4.426601e+00  0.000000e+00  0.000000e+00  2.218227e-02 -1.344964e+02  0.000000e+00 
3  7.800597e+00  3.974338e+00  2.490340e+05  8.048995e-01 6 -1.000000e+00  1.861760e+01 2   6.0875  3.776141e-02 -5.279647e-01 -1 -1.0000 -1.000000e+00 -1.000000e+00 -1.000000e+00 -1.000000e+00 -1.000000e+00 -1.000000e+00 -1 -1.0000 -1.000000e+00 -1.000000e+00 -1.000000e+00 -1.000000e+00 -1.000000e+00 -1.000000e+00  0  1.0070  8.086819e+12  0.000000e+00  0.000000e+00  2.969177e-01 -2.066255e+01  4.235545e+00  1  1.0070  1.024457e+11  0.000000e+00  0.000000e+00  3.023355e-01 -3.535805e+01  7.904706e-02  2  1.0070  6.087466e+00  0.000000e+00  0.000000e+00  1.898375e-01 -1.709331e+02  0.000000e+00 
3  3.816927e+01  2.732678e+01  2.574830e+05  5.130923e-01 6 -1.000000e+00  5.593576e+01 1   3.6113 -2.727307e-02  2.606097e-01 -1 -1.0000 -1.000000e+00 -1.000000e+00 -1.000000e+00 -1.000000e+00 -1.000000e+00 -1.000000e+00 -1 -1.0000 -1.000000e+00 -1.000000e+00 -1.000000e+00 -1.000000e+00 -1.000000e+00 -1.000000e+00  0  1.0650  1.712092e+12  0.000000e+00  0.000000e+00  2.794968e-01 -3.527417e+01  6.488432e+00  1  1.0650  7.876276e+10  0.000000e+00  0.000000e+00  3.692179e-01  1.338869e+01  3.882835e-02  2  1.0650  3.611304e+00  0.000000e+00  0.000000e+00  1.308436e-01 -2.139667e+01  0.000000e+00 
3  9.545927e+00  5.567724e+00  3.182940e+05  4.887441e-01 6 -1.000000e+00  1.226716e+01 1   5.3240 -9.236049e-02 -3.254814e-01 -1 -1.0000 -1.000000e+00 -1.000000e+00 -1.000000e+00 -1.000000e+00 -1.000000e+00 -1.000000e+00 -1 -1.0000 -1.000000e+00 -1.000000e+00 -1.000000e+00 -1.000000e+00 -1.000000e+00 -1.000000e+00  0  1.3230  1.797868e+12  0.000000e+00  0.000000e+00  2.485195e-01 -1.043706e+02  4.102231e+00  1  1.3230  3.652324e+10  0.000000e+00  0.000000e+00  4.296080e-01 -7.759654e+01  5.835664e-02  2  1.3230  5.324001e+00  0.000000e+00  0.000000e+00  8.092039e-02 -7.919760e+01  0.000000e+00 
3  3.019420e+01  1.733019e+01  3.242680e+05  4.769226e-01 6 -1.000000e+00  4.136413e+01 1   4.6586  3.694925e-01 -1.207336e-02 -1 -1.0000 -1.000000e+00 -1.000000e+00 -1.000000e+00 -1.000000e+00 -1.000000e+00 -1.000000e+00 -1 -1.0000 -1.000000e+00 -1.000000e+00 -1.000000e+00 -1.000000e+00 -1.000000e+00 -1.000000e+00  0  1.5280  1.858814e+12  0.000000e+00  0.000000e+00  3.067978e-01  1.078744e+02  6.871242e+00  1  1.5280  5.011091e+10  0.000000e+00  0.000000e+00  2.623557e-01  4.499843e+01  8.997395e-02  2  1.5280  4.658568e+00  0.000000e+00  0.000000e+00  1.755579e-01 -2.428063e+01  0.000000e+00 
3  7.483656e+00  4.586818e+00  3.519340e+05  4.862805e-01 6 -1.000000e+00  1.233336e+01 1   6.0293  2.075371e-01 -2.529979e-01 -1 -1.0000 -1.000000e+00 -1.000000e+00 -1.000000e+00 -1.000000e+00 -1.000000e+00 -1.000000e+00 -1 -1.0000 -1.000000e+00 -1.000000e+00 -1.000000e+00 -1.000000e+00 -1.000000e+00 -1.000000e+00  0  1.7790  2.410247e+12  0.000000e+00  0.000000e+00  1.998594e-01 -1.406427e+02  6.364976e+00  1  1.7790  7.301429e+10  0.000000e+00  0.000000e+00  4.573521e-01 -1.828966e+02  7.481342e-02  2  1.7790  6.029262e+00  0.000000e+00  0.000000e+00  2.121265e-01  6.281992e+01  0.000000e+00 
3  1.159786e+01  5.319170e+00  3.106960e+05  4.780124e-01 6 -1.000000e+00  1.508780e+01 1   6.7316  7.620807e-02  5.635567e-01 -1 -1.0000 -1.000000e+00 -1.000000e+00 -1.000000e+00 -1.000000e+00 -1.000000e+00 -1.000000e+00 -1 -1.0000 -1.000000e+00 -1.000000e+00 -1.000000e+00 -1.000000e+00 -1.000000e+00 -1.000000e+00  0  1.9550  4.281422e+12  0.000000e+00  0.000000e+00  1.903008e-01  5.741796e+01  3.445337e+00  1  1.9550  7.153341e+10  0.000000e+00  0.000000e+00  3.902665e-01  7.100010e+00  2.656915e-02  2  1.9550  6.731559e+00  0.000000e+00  0.000000e+00  1.636280e-01 -1.027941e+02  0.000000e+00 
3  1.474302e+01  1.709878e+01  3.996890e+05  6.293933e-01 6  3.217898e-01  4.275406e+01 3   5.4768  2.951490e+00 -1.764346e+00  0  0.3640  7.163768e+11  0.000000e+00  0.000000e+00  1.940003e-01  9.493627e+01  1.740723e+01  1  0.3640  3.801216e+10  0.000000e+00  0.000000e+00  1.696709e-01  1.655620e+02  2.050572e-01  2  0.3640  4.269068e+13  9.260542e+01 -5.561273e+01  3.322040e-01 -1.322753e+02  6.946198e+00  3  0.3640  2.306868e+11  9.260542e+01 -5.561273e+01  3.027832e-01 -1.457949e+02  2.994530e-01  4  0.3640  5.476803e+00  0.000000e+00  0.000000e+00  1.105433e-01  1.777723e+02  0.000000e+00 
3  1.158448e+01  1.583726e+01  4.552800e+04  1.007548e+00 6 -1.000000e+00  1.728081e+01 1   2.9507 -4.683605e-01  2.514896e-02 -1 -1.0000 -1.000000e+00 -1.000000e+00 -1.000000e+00 -1.000000e+00 -1.000000e+00 -1.000000e+00 -1 -1.0000 -1.000000e+00 -1.000000e+00 -1.000000e+00 -1.000000e+00 -1.000000e+00 -1.000000e+00  0  0.5790  9.436306e+12  0.000000e+00  0.000000e+00  2.915515e-01 -3.267666e+01  5.640418e+00  1  0.5790  1.588605e+11  0.000000e+00  0.000000e+00  2.286214e-01 -3.624335e+01  2.990864e-01  2  0.5790  2.950693e+00  0.000000e+00  0.000000e+00  7.881693e-02 -1.783865e+02  0.000000e+00 
3  1.293556e+01  9.838800e+00  2.664930e+05  9.826573e-01 6 -1.000000e+00  2.736375e+01 3   3.3268  4.034335e-01  1.252478e-01 -1 -1.0000 -1.000000e+00 -1.000000e+00 -1.000000e+00 -1.000000e+00 -1.000000e+00 -1.000000e+00 -1 -1.0000 -1.000000e+00 -1.000000e+00 -1.000000e+00 -1.000000e+00 -1.000000e+00 -1.000000e+00  0  0.8240  1.161742e+13  0.000000e+00  0.000000e+00  1.901769e-01 -5.165040e+01  4.905608e+00  1  0.8240  1.203225e+11  0.000000e+00  0.000000e+00  1.123526e-01 -5.469401e+01  1.124800e-01  2  0.8240  3.326838e+00  0.000000e+00  0.000000e+00  9.371150e-02 -6.147868e+01  0.000000e+00 
3  5.698229e+00  5.641547e+00  1.249380e+05  4.769157e-01 6 -1.000000e+00  1.372170e+01 3   7.8049 -2.756201e-02 -1.563070e-01 -1 -1.0000 -1.000000e+00 -1.000000e+00 -1.000000e+00 -1.000000e+00 -1.000000e+00 -1.000000e+00 -1 -1.0000 -1.000000e+00 -1.000000e+00 -1.000000e+00 -1.000000e+00 -1.000000e+00 -1.000000e+00  0  0.8390  1.863710e+12  0.000000e+00  0.000000e+00  6.975080e-02 -1.519901e+02  3.010014e+00  1  0.8390  5.728245e+10  0.000000e+00  0.000000e+00  2.289958e-01 -1.744334e+02  9.124418e-02  2  0.8390  7.804924e+00  0.000000e+00  0.000000e+00  5.388750e-02  1.704778e+02  0.000000e+00 
3  1.133097e+01  6.020039e+00  3.227490e+05  3.134650e-01 6 -1.000000e+00  1.438748e+01 1   2.0270 -1.122593e-01  2.721621e-01 -1 -1.0000 -1.000000e+00 -1.000000e+00 -1.000000e+00 -1.000000e+00 -1.000000e+00 -1.000000e+00 -1 -1.0000 -1.000000e+00 -1.000000e+00 -1.000000e+00 -1.000000e+00 -1.000000e+00 -1.000000e+00  0  0.9390  1.374200e+12  0.000000e+00  0.000000e+00  1.682425e-01 -5.755762e+01  4.486575e+00  1  0.9390  4.216827e+10  0.000000e+00  0.000000e+00  2.727123e-01 -3.855808e+01  7.735591e-02  2  0.9390  2.027041e+00  0.000000e+00  0.000000e+00  2.757428e-02 -9.084463e+00  0.000000e+00 
3  7.772863e+00  1.362429e+01  3.873790e+05  1.327263e-01 6 -1.000000e+00  1.730750e+01 3   8.8946 -2.856234e-03 -3.747046e-02 -1 -1.0000 -1.000000e+00 -1.000000e+00 -1.000000e+00 -1.000000e+00 -1.000000e+00 -1.000000e+00 -1 -1.0000 -1.000000e+00 -1.000000e+00 -1.000000e+00 -1.000000e+00 -1.000000e+00 -1.000000e+00  0  1.1990  5.977216e+11  0.000000e+00  0.000000e+00  2.517065e-01  1.488974e+02  3.596402e+00  1  1.1990  8.568171e+09  0.000000e+00  0.000000e+00  1.185043e-01  1.982279e+02  1.098447e-01  2  1.1990  8.894561e+00  0.000000e+00  0.000000e+00  1.234109e-01 -1.042450e+02  0.000000e+00 
1  5.501292e+00  1.098935e+01  2.505430e+05  5.064560e-02 0 -1.000000e+00  1.098935e+01 2   7.5281  1.423030e-02 -3.409970e-02 -1 -1.0000 -1.000000e+00 -1.000000e+00 -1.000000e+00 -1.000000e+00 -1.000000e+00 -1.000000e+00 -1 -1.0000 -1.000000e+00 -1.000000e+00 -1.000000e+00 -1.000000e+00 -1.000000e+00 -1.000000e+00  0  1.7970  2.767655e+11  0.000000e+00  0.000000e+00  3.634086e-01 -1.131681e+02  4.976257e+00  1  1.7970  2.003021e+09  0.000000e+00  0.000000e+00  4.302478e-02 -1.267063e+02  7.540070e-02  2  1.7970  7.528126e+00  0.000000e+00  0.000000e+00  9.035822e-02  1.065877e+01  0.000000e+00 
5  9.448153e+00  1.618654e+01  3.454120e+05  9.033847e-01 6 -1.000000e+00  2.795210e+01 3   4.9738  3.294962e-02  1.142829e-01 -1 -1.0000 -1.000000e+00 -1.000000e+00 -1.000000e+00 -1.000000e+00 -1.000000e+00 -1.000000e+00 -1 -1.0000 -1.000000e+00 -1.000000e+00 -1.000000e+00 -1.000000e+00 -1.000000e+00 -1.000000e+00  0  0.5820  3.335332e+12  0.000000e+00  0.000000e+00  2.615231e-01  1.005711e+02  8.649593e+00  1  0.5820  6.381099e+10  0.000000e+00  0.000000e+00  1.936306e-01  1.156584e+02  9.428676e-02  2  0.5820  4.973817e+00  0.000000e+00  0.000000e+00  8.544492e-02 -5.720291e+01  0.000000e+00 
3  1.561125e+01  7.092263e+00  1.493690e+05  3.055852e-01 6 -1.000000e+00  2.140740e+01 1   6.6997  2.059319e-01 -2.410194e-01 -1 -1.0000 -1.000000e+00 -1.000000e+00 -1.000000e+00 -1.000000e+00 -1.000000e+00 -1.000000e+00 -1 -1.0000 -1.000000e+00 -1.000000e+00 -1.000000e+00 -1.000000e+00 -1.000000e+00 -1.000000e+00  0  0.6770  7.348721e+11  0.000000e+00  0.000000e+00  1.117088e-01  7.481184e+01  7.068227e+00  1  0.6770  2.013292e+10  0.000000e+00  0.000000e+00  3.466971e-01  3.157006e+01  1.000908e-01  2  0.6770  6.699686e+00  0.000000e+00  0.000000e+00  5.449121e-02  1.091077e+02  0.000000e+00 
5  7.940221e+00  1.716417e+01  3.959100e+05  1.502674e+00 6 -1.000000e+00  1.898548e+01 3   4.5257 -1.082717e-01  5.217184e-03 -1 -1.0000 -1.000000e+00 -1.000000e+00 -1.000000e+00 -1.000000e+00 -1.000000e+00 -1.000000e+00 -1 -1.0000 -1.000000e+00 -1.000000e+00 -1.000000e+00 -1.000000e+00 -1.000000e+00 -1.000000e+00  0  0.8060  1.541918e+13  0.000000e+00  0.000000e+00  2.749597e-01  1.085997e+02  7.506526e+00  1  0.8060  1.424296e+11  0.000000e+00  0.000000e+00  4.601504e-01  1.716254e+02  2.018101e-01  2  0.8060  4.525750e+00  0.000000e+00  0.000000e+00  2.037535e-01  4.441183e+01  0.000000e+00 
1  9.916103e-01  1.756680e+00  1.060680e+05  6.861091e-01 0  2.986938e-01  1.756680e+00 2   5.1724  1.505170e+00 -2.097839e+00  0  0.8100  1.125748e+12  0.000000e+00  0.000000e+00  4.271368e-01  3.456640e+00  1.072321e+01  1  0.8100  5.975352e+10  0.000000e+00  0.000000e+00  2.387419e-01 -4.076907e+01  1.212614e-01  2  0.8100  2.917795e+13  5.091546e+00 -1.323125e+01  2.595946e-01 -5.182311e+01  5.667787e+00  3  0.8100  1.938679e+11  5.091546e+00 -1.323125e+01  1.704508e-01 -4.628585e+01  4.526542e-01  4  0.8100  5.172362e+00  0.000000e+00  0.000000e+00  1.486144e-01  1.346577e+02  0.000000e+00 
1  3.105585e+01  9.118459e+01  3.904950e+05  2.150867e-01 0  2.851569e-01  9.118459e+01 2   1.9959  7.046045e-02 -3.965032e-01  0  0.8460  2.891910e+11  0.000000e+00  0.000000e+00  1.842770e-01  1.692398e+02  2.633835e+01  1  0.8460  5.718344e+09  0.000000e+00  0.000000e+00  4.891710e-02  1.436916e+02  1.635358e-01  2  0.8460  9.436152e+11  3.279962e-01 -1.523076e+00  5.035465e-01 -3.542996e-01  7.194307e+00  3  0.8460  3.728791e+10  3.279962e-01 -1.523076e+00  4.639497e-01  2.316054e+01  1.307828e-01  4  0.8460  1.995873e+00  0.000000e+00  0.000000e+00  8.496950e-02 -2.788139e+01  0.000000e+00 
3  4.941935e+00  4.892985e+00  2.833910e+05  4.826716e-01 6 -1.000000e+00  7.426383e+00 1   8.1469 -6.525716e-02 -2.771650e-01 -1 -1.0000 -1.000000e+00 -1.000000e+00 -1.000000e+00 -1.000000e+00 -1.000000e+00 -1.000000e+00 -1 -1.0000 -1.000000e+00 -1.000000e+00 -1.000000e+00 -1.000000e+00 -1.000000e+00 -1.000000e+00  0  1.0190  1.458549e+12  0.000000e+00  0.000000e+00  8.803169e-02 -1.246318e+02  7.689124e+00  1  1.0190  3.875933e+10  0.000000e+00  0.000000e+00  3.468144e-01 -1.607937e+02  4.142034e-02  2  1.0190  8.146868e+00  0.000000e+00  0.000000e+00  8.071577e-02  1.005853e+02  0.000000e+00 
3  6.353906e+00  2.877836e+00  1.598360e+05  5.121943e-01 6 -1.000000e+00  7.991616e+00 1   7.0080 -5.536030e-01  2.623417e-01 -1 -1.0000 -1.000000e+00 -1.000000e+00 -1.000000e+00 -1.000000e+00 -1.000000e+00 -1.000000e+00 -1 -1.0000 -1.000000e+00 -1.000000e+00 -1.000000e+00 -1.000000e+00 -1.000000e+00 -1.000000e+00  0  1.1550  1.684143e+12  0.000000e+00  0.000000e+00  3.199898e-01  1.635417e+02  6.858734e+00  1  1.1550  5.930852e+10  0.000000e+00  0.000000e+00  3.007122e-01  1.676108e+02  8.138490e-02  2  1.1550  7.008000e+00  0.000000e+00  0.000000e+00  1.716164e-01 -6.615922e+01  0.000000e+00 
3  1.852467e+01  1.740725e+01  1.190100e+05  2.958549e-01 6 -1.000000e+00  2.491633e+01 1   4.3460 -1.285470e-01  1.293745e-01 -1 -1.0000 -1.000000e+00 -1.000000e+00 -1.000000e+00 -1.000000e+00 -1.000000e+00 -1.000000e+00 -1 -1.0000 -1.000000e+00 -1.000000e+00 -1.000000e+00 -1.000000e+00 -1.000000e+00 -1.000000e+00  0  1.4760  1.032646e+12  0.000000e+00  0.000000e+00  2.229962e-01  1.648987e+02  5.216748e+00  1  1.4760  3.056344e+10  0.000000e+00  0.000000e+00  1.638000e-01  2.240349e+02  7.945426e-02  2  1.4760  4.345992e+00  0.000000e+00  0.000000e+00  1.164565e-01  1.338372e+02  0.000000e+00 
1  5.870285e+00  1.491539e+01  2.970370e+05  8.979170e+00 0 -1.000000e+00  1.491539e+01 2  11.2402 -1.338935e+00 -5.303781e+00 -1 -1.0000 -1.000000e+00 -1.000000e+00 -1.000000e+00 -1.000000e+00 -1.000000e+00 -1.000000e+00 -1 -1.0000 -1.000000e+00 -1.000000e+00 -1.000000e+00 -1.000000e+00 -1.000000e+00 -1.000000e+00  0  1.7260  1.314801e+14  0.000000e+00  0.000000e+00  1.335446e-01  1.646312e+02  6.195578e+00  1  1.7260  1.975616e+11  0.000000e+00  0.000000e+00  1.432751e-01  1.408563e+02  8.221041e-02  2  1.7260  1.124016e+01  0.000000e+00  0.000000e+00  9.790885e-02  1.591933e+02  0.000000e+00 
3  1.213242e+01  2.638609e+01  1.616550e+05  4.286646e-02 6  2.727005e-01  3.202773e+01 3   2.6387 -8.574360e-02  2.801174e-02  0  2.0620  3.473169e+11  0.000000e+00  0.000000e+00  3.073483e-01 -1.283689e+02  1.671497e+01  1  2.0620  5.134950e+09  0.000000e+00  0.000000e+00  4.756738e-01 -1.433557e+02  7.728704e-02  2  2.0620  8.632944e+11 -1.481830e+00  7.813252e-01  3.387693e-01 -1.784566e+02  3.707509e+00  3  2.0620  1.893224e+10 -1.481830e+00  7.813252e-01  3.254269e-01 -2.195183e+02  1.647806e-02  4  2.0620  2.638735e+00  0.000000e+00  0.000000e+00  8.393483e-02  1.480271e+02  0.000000e+00 
1  6.159657e+00  1.205024e+01  3.855100e+04  4.877900e-02 0  2.712633e-01  1.205024e+01 2   7.6017  8.399734e-02 -2.008326e-02  0  2.6370  4.875041e+10  0.000000e+00  0.000000e+00  3.904014e-01 -7.129120e+01  1.857613e+01  1  2.6370  1.396702e+08  0.000000e+00  0.000000e+00  4.109518e-01 -1.306729e+02  3.804180e-02  2  2.6370  1.284499e+11  5.005453e+00 -4.447977e-01  5.401175e-01 -8.048100e+01  4.649541e+00  3  2.6370  4.494565e+08  5.005453e+00 -4.447977e-01  2.244190e-01 -1.762225e+01  2.997938e-02  4  2.6370  7.601654e+00  0.000000e+00  0.000000e+00  1.516796e-01  7.193345e+01  0.000000e+00 
5  1.075984e+02  2.007191e+02  2.477810e+05  5.263917e-01 6  2.893843e-01  3.528794e+02 3   0.7030 -4.924595e-01  5.125718e-02  0  0.4580  1.576857e+12  0.000000e+00  0.000000e+00  8.103921e-02  1.608589e+02  1.734232e+01  1  0.4580  6.095543e+10  0.000000e+00  0.000000e+00  3.175885e-01  1.408322e+02  7.822443e-02  2  0.4580  6.766365e+12 -1.753780e+00 -4.759217e-02  3.699587e-01 -7.561104e+01  7.934937e+00  3  0.4580  1.076173e+11 -1.753780e+00 -4.759217e-02  5.489587e-01 -7.853311e+01  3.866884e-01  4  0.4580  7.029832e-01  0.000000e+00  0.000000e+00  2.255052e-02  4.252711e+01  0.000000e+00 
3  2.003087e+00  1.166800e+00  3.018510e+05  7.158333e-01 6 -1.000000e+00  2.763882e+00 1   7.7230  1.183277e-01 -5.634672e-01 -1 -1.0000 -1.000000e+00 -1.000000e+00 -1.000000e+00 -1.000000e+00 -1.000000e+00 -1.000000e+00 -1 -1.0000 -1.000000e+00 -1.000000e+00 -1.000000e+00 -1.000000e+00 -1.000000e+00 -1.000000e+00  0  0.7720  3.349148e+12  0.000000e+00  0.000000e+00  2.029113e-01 -6.744690e+01  5.874627e+00  1  0.7720  5.897350e+10  0.000000e+00  0.000000e+00  2.326494e-01 -8.085794e+01  1.826125e-01  2  0.7720  7.722977e+00  0.000000e+00  0.000000e+00  1.236580e-01  6.277128e+01  0.000000e+00 
1  1.564336e+01  2.912092e+01  3.704000e+04  2.132968e+00 0  2.720599e-01  2.912092e+01 2   3.9491  2.826192e+00  8.449926e+00  0  1.2350  1.109997e+13  0.000000e+00  0.000000e+00  1.669054e-01 -7.194335e+01  1.195353e+01  1  1.2350  8.790428e+10  0.000000e+00  0.000000e+00  2.446331e-01 -1.139882e+02  1.441085e-01  2  1.2350  7.543353e+13  2.522108e+00  1.669559e+01  2.493335e-01 -1.150039e+02  4.182486e+00  3  1.2350  2.845901e+11  2.522108e+00  1.669559e+01  2.694973e-01 -6.812870e+01  2.239089e-01  4  1.2350  3.949098e+00  0.000000e+00  0.000000e+00  1.276274e-01  1.411891e+02  0.000000e+00 
3  2.890355e+01  1.906877e+01  1.671100e+04  1.921480e-01 6 -1.000000e+00  4.584776e+01 1   3.2403 -1.103067e-01  2.823471e-03 -1 -1.0000 -1.000000e+00 -1.000000e+00 -1.000000e+00 -1.000000e+00 -1.000000e+00 -1.000000e+00 -1 -1.0000 -1.000000e+00 -1.000000e+00 -1.000000e+00 -1.000000e+00 -1.000000e+00 -1.000000e+00  0  1.7320  1.126303e+12  0.000000e+00  0.000000e+00  1.256084e-01 -5.202803e+01  5.866466e+00  1  1.7320  2.034076e+10  0.000000e+00  0.000000e+00  3.239571e-01 -4.889441e+01  6.624032e-02  2  1.7320  3.240343e+00  0.000000e+00  0.000000e+00  1.451357e-01  1.077427e+02  0.000000e+00 
3  4.167478e+00  6.118917e+00  8.792000e+04  4.037729e-01 6  2.746758e-01  1.094866e+01 3   7.9115  6.362921e-01  3.684389e-01  0  2.0340  4.001961e+11  0.000000e+00  0.000000e+00  2.324347e-01  3.054503e+01  1.946843e+01  1  2.0340  7.856255e+09  0.000000e+00  0.000000e+00  7.033908e-02 -2.179948e+01  1.612521e-02  2  2.0340  3.522489e+12  2.556710e+00  1.355047e+00  2.397541e-01 -9.482038e+00  3.853775e+00  3  2.0340  9.770593e+10  2.556710e+00  1.355047e+00  2.902156e-01 -1.818319e+01  4.659932e-02  4  2.0340  7.911499e+00  0.000000e+00  0.000000e+00  9.984795e-02  1.795203e+02  0.000000e+00 
3  4.238943e+00  6.249132e+00  2.685310e+05  1.029813e+00 6 -1.000000e+00  6.389976e+00 1   9.5378  3.850556e-01  3.231849e-01 -1 -1.0000 -1.000000e+00 -1.000000e+00 -1.000000e+00 -1.000000e+00 -1.000000e+00 -1.000000e+00 -1 -1.0000 -1.000000e+00 -1.000000e+00 -1.000000e+00 -1.000000e+00 -1.000000e+00 -1.000000e+00  0  0.3120  6.907623e+12  0.000000e+00  0.000000e+00  4.141275e-01 -1.179851e+02  7.665625e+00  1  0.3120  9.707941e+10  0.000000e+00  0.000000e+00  9.615899e-02 -1.460231e+02  4.638308e-01  2  0.3120  9.537753e+00  0.000000e+00  0.000000e+00  7.311918e-02 -1.635484e+02  0.000000e+00 
3  6.129067e+00  3.493018e+00  2.220150e+05  4.332092e-01 6 -1.000000e+00  7.549153e+00 1  12.1808 -1.039931e-01  3.053647e-01 -1 -1.0000 -1.000000e+00 -1.000000e+00 -1.000000e+00 -1.000000e+00 -1.000000e+00 -1.000000e+00 -1 -1.0000 -1.000000e+00 -1.000000e+00 -1.000000e+00 -1.000000e+00 -1.000000e+00 -1.000000e+00  0  0.5420  6.835959e+11  0.000000e+00  0.000000e+00  1.156424e-01 -1.711248e+02  5.928765e+00  1  0.5420  3.257129e+10  0.000000e+00  0.000000e+00  1.271446e-01 -2.182685e+02  1.362802e-01  2  0.5420  1.218079e+01  0.000000e+00  0.000000e+00  2.515763e-01 -2.549861e+01  0.000000e+00 
3  9.201315e+00  9.549729e+00  1.031470e+05  5.630501e-01 6 -1.000000e+00  1.363419e+01 1   7.9748 -2.559659e-01 -1.822833e-01 -1 -1.0000 -1.000000e+00 -1.000000e+00 -1.000000e+00 -1.000000e+00 -1.000000e+00 -1.000000e+00 -1 -1.0000 -1.000000e+00 -1.000000e+00 -1.000000e+00 -1.000000e+00 -1.000000e+00 -1.000000e+00  0  0.6120  2.148809e+12  0.000000e+00  0.000000e+00  1.385576e-01 -1.654601e+02  6.888336e+00  1  0.6120  4.530316e+10  0.000000e+00  0.000000e+00  2.123857e-01 -1.849110e+02  8.647372e-02  2  0.6120  7.974780e+00  0.000000e+00  0.000000e+00  8.873029e-02 -1.132805e+02  0.000000e+00 
4  2.600203e+01  4.174404e+01  1.960270e+05  2.393605e+00 6  2.769661e-01  8.389836e+01 3   6.5014 -4.463731e+00 -1.661522e+00  0  0.9690  1.012022e+13  0.000000e+00  0.000000e+00  3.034200e-01  1.333219e+02  1.188113e+01  1  0.9690  9.530101e+10  0.000000e+00  0.000000e+00  3.209230e-01  6.812429e+01  7.874662e-02  2  0.9690  6.829939e+13 -2.552750e+01 -9.871231e+00  3.936662e-01  1.001280e+02  5.048140e+00  3  0.9690  3.924709e+11 -2.552750e+01 -9.871231e+00  6.771779e-02  8.097993e+01  2.348794e-01  4  0.9690  6.501403e+00  0.000000e+00  0.000000e+00  5.576737e-02 -8.892619e+01  0.000000e+00 
3  3.032624e+00  1.998296e+00  3.957010e+05  1.257141e+00 6  2.815689e-01  4.727644e+00 1  13.2759  2.539943e+00 -1.179787e+00  0  1.1680  1.505178e+12  0.000000e+00  0.000000e+00  4.888330e-01 -3.307013e+01  2.988144e+01  1  1.1680  4.664938e+10  0.000000e+00  0.000000e+00  2.581814e-01 -4.576689e+01  1.041557e-01  2  1.1680  9.965878e+12  8.789483e+00 -5.978365e+00  2.803623e-01 -3.963839e+01  6.707216e+00  3  1.1680  1.260207e+11  8.789483e+00 -5.978365e+00  3.048271e-01 -1.125597e+02  9.511896e-02  4  1.1680  1.327585e+01  0.000000e+00  0.000000e+00  1.202739e-01  6.953747e+01  0.000000e+00 
5  1.565323e+00  2.024485e+00  2.790180e+05  9.049376e-01 6  2.769126e-01  2.895122e+00 3   8.7372 -6.856054e-01 -2.427524e-02  0  1.1700  8.411330e+11  0.000000e+00  0.000000e+00  2.736698e-01 -5.896547e+01  2.473507e+01  1  1.1700  5.672507e+10  0.000000e+00  0.000000e+00  2.803598e-01 -1.149035e+02  1.132653e-01  2  1.1700  1.978047e+12 -4.432845e+00 -1.414045e+00  2.181927e-01  3.931211e+01  6.363746e+00  3  1.1700  6.342732e+10 -4.432845e+00 -1.414045e+00  3.989704e-01  5.396872e+01  1.004156e-01  4  1.1700  8.737197e+00  0.000000e+00  0.000000e+00  1.950139e-01  1.391967e+02  0.000000e+00 
1  3.173279e+00  7.368446e+00  1.798870e+05  5.780841e+00 0  2.648525e-01  7.368446e+00 2  13.6520 -2.643212e+00 -7.826569e+00  0  1.1850  3.288308e+13  0.000000e+00  0.000000e+00  1.876428e-01 -1.314564e+02  7.634848e+00  1  1.1850  1.034899e+11  0.000000e+00  0.000000e+00  4.478980e-01 -1.508282e+02  1.342590e-01  2  1.1850  2.625396e+14 -9.212322e-01 -2.354584e+01  3.915153e-01 -1.299971e+02  3.310435e+00  3  1.1850  2.804983e+11 -9.212322e-01 -2.354584e+01  4.156841e-01 -1.520857e+02  1.362547e-01  4  1.1850  1.365195e+01  0.000000e+00  0.000000e+00  5.772921e-02 -3.843614e+01  0.000000e+00 
3  8.051274e+00  5.522524e+00  3.193570e+05  4.449139e-01 6 -1.000000e+00  1.064530e+01 1   5.8523  2.395897e-01 -1.799660e-01 -1 -1.0000 -1.000000e+00 -1.000000e+00 -1.000000e+00 -1.000000e+00 -1.000000e+00 -1.000000e+00 -1 -1.0000 -1.000000e+00 -1.000000e+00 -1.000000e+00 -1.000000e+00 -1.000000e+00 -1.000000e+00  0  1.2100  1.069457e+12  0.000000e+00  0.000000e+00  1.764090e-01  3.447914e+01  4.619552e+00  1  1.2100  3.936695e+10  0.000000e+00  0.000000e+00  2.964121e-01  1.098999e+02  7.521523e-02  2  1.2100  5.852267e+00  0.000000e+00  0.000000e+00  8.429684e-02 -3.709423e+01  0.000000e+00 
1  3.147857e+00  5.453619e+00  2.184390e+05  1.447631e+00 0 -1.000000e+00  5.453619e+00 2  15.4564  4.163275e-01 -2.649574e+00 -1 -1.0000 -1.000000e+00 -1.000000e+00 -1.000000e+00 -1.000000e+00 -1.000000e+00 -1.000000e+00 -1 -1.0000 -1.000000e+00 -1.000000e+00 -1.000000e+00 -1.000000e+00 -1.000000e+00 -1.000000e+00  0  1.2780  2.126855e+13  0.000000e+00  0.000000e+00  1.495465e-01  2.298129e+01  3.833927e+00  1  1.2780  1.426101e+11  0.000000e+00  0.000000e+00  1.192694e-01 -1.038238e+01  9.042217e-02  2  1.2780  1.545638e+01  0.000000e+00  0.000000e+00  1.252312e-01 -1.875789e+00  0.000000e+00 
2  8.016649e+00  5.260812e+00  3.466380e+05  7.217891e-01 6  2.745357e-01  9.617501e+00 1   5.8916  5.586465e-01  9.534065e-01  0  1.3470  1.380743e+12  0.000000e+00  0.000000e+00  1.903748e-01  5.782131e+01  1.479504e+01  1  1.3470  6.175097e+10  0.000000e+00  0.000000e+00  3.941764e-01 -7.603828e+00  1.713055e-02  2  1.3470  2.726824e+12  1.377606e+01  9.824835e+00  2.930678e-01 -6.000871e+01  4.193997e+00  3  1.3470  8.721526e+10  1.377606e+01  9.824835e+00  4.304319e-01 -2.824659e+01  2.850807e-02  4  1.3470  5.891646e+00  0.000000e+00  0.000000e+00  2.270005e-01 -1.181381e+02  0.000000e+00 
3  4.496571e+00  2.679334e+00  3.103540e+05  5.018411e-01 6 -1.000000e+00  6.122424e+00 1   7.0888 -1.832139e-01  3.439013e-01 -1 -1.0000 -1.000000e+00 -1.000000e+00 -1.000000e+00 -1.000000e+00 -1.000000e+00 -1.000000e+00 -1 -1.0000 -1.000000e+00 -1.000000e+00 -1.000000e+00 -1.000000e+00 -1.000000e+00 -1.000000e+00  0  1.4020  1.308386e+12  0.000000e+00  0.000000e+00  1.644918e-01  1.317390e+02  7.136354e+00  1  1.4020  3.815897e+10  0.000000e+00  0.000000e+00  2.430056e-01  1.170871e+02  6.260285e-02  2  1.4020  7.088839e+00  0.000000e+00  0.000000e+00  5.236756e-02  1.383254e+02  0.000000e+00 
3  1.625600e+01  2.228946e+01  1.771140e+05  7.156778e-01 6 -1.000000e+00  3.804161e+01 3   5.4642  2.338829e-01 -1.799184e-01 -1 -1.0000 -1.000000e+00 -1.000000e+00 -1.000000e+00 -1.000000e+00 -1.000000e+00 -1.000000e+00 -1 -1.0000 -1.000000e+00 -1.000000e+00 -1.000000e+00 -1.000000e+00 -1.000000e+00 -1.000000e+00  0  1.5340  3.748553e+12  0.000000e+00  0.000000e+00  2.384682e-01  1.299098e+02  4.878531e+00  1  1.5340  8.224909e+10  0.000000e+00  0.000000e+00  4.420787e-01  1.182174e+02  4.699931e-02  2  1.5340  5.464206e+00  0.000000e+00  0.000000e+00  1.594439e-01  1.470160e+02  0.000000e+00 
3  1.246332e+01  5.844482e+00  1.856160e+05  1.740894e-01 6 -1.000000e+00  1.584713e+01 1   3.5019  1.591359e-01 -2.260444e-02 -1 -1.0000 -1.000000e+00 -1.000000e+00 -1.000000e+00 -1.000000e+00 -1.000000e+00 -1.000000e+00 -1 -1.0000 -1.000000e+00 -1.000000e+00 -1.000000e+00 -1.000000e+00 -1.000000e+00 -1.000000e+00  0  1.6780  9.219705e+11  0.000000e+00  0.000000e+00  1.523515e-01  7.701465e+01  2.999375e+00  1  1.6780  1.363272e+10  0.000000e+00  0.000000e+00  3.455067e-01  4.638817e+01  1.306278e-02  2  1.6780  3.501921e+00  0.000000e+00  0.000000e+00  8.744948e-02  1.334080e+02  0.000000e+00 
3  9.285953e+00  5.927476e+00  3.281610e+05  3.911733e-01 6 -1.000000e+00  1.565852e+01 1   5.6643  3.087649e-02 -2.811116e-01 -1 -1.0000 -1.000000e+00 -1.000000e+00 -1.000000e+00 -1.000000e+00 -1.000000e+00 -1.000000e+00 -1 -1.0000 -1.000000e+00 -1.000000e+00 -1.000000e+00 -1.000000e+00 -1.000000e+00 -1.000000e+00  0  1.6920  2.015372e+12  0.000000e+00  0.000000e+00  2.042074e-01  1.759624e+02  4.056919e+00  1  1.6920  5.837833e+10  0.000000e+00  0.000000e+00  4.064696e-01  1.601310e+02  3.674444e-02  2  1.6920  5.664305e+00  0.000000e+00  0.000000e+00  1.605237e-02 -1.752044e+02  0.000000e+00 
3  7.292910e+00  3.787389e+00  3.680350e+05  4.923468e-01 6 -1.000000e+00  1.068592e+01 1   8.9553 -2.298413e-01 -3.781634e-01 -1 -1.0000 -1.000000e+00 -1.000000e+00 -1.000000e+00 -1.000000e+00 -1.000000e+00 -1.000000e+00 -1 -1.0000 -1.000000e+00 -1.000000e+00 -1.000000e+00 -1.000000e+00 -1.000000e+00 -1.000000e+00  0  0.6010  1.228258e+12  0.000000e+00  0.000000e+00  1.239566e-01 -1.184028e+02  7.551639e+00  1  0.6010  4.165661e+10  0.000000e+00  0.000000e+00  2.820891e-01 -1.567148e+02  1.340980e-01  2  0.6010  8.955345e+00  0.000000e+00  0.000000e+00  1.977120e-01  1.234712e+02  0.000000e+00 
3  2.174524e+01  2.147163e+01  2.115970e+05  5.442840e-01 6 -1.000000e+00  3.157230e+01 1   5.6100 -2.403761e-01 -3.036952e-01 -1 -1.0000 -1.000000e+00 -1.000000e+00 -1.000000e+00 -1.000000e+00 -1.000000e+00 -1.000000e+00 -1 -1.0000 -1.000000e+00 -1.000000e+00 -1.000000e+00 -1.000000e+00 -1.000000e+00 -1.000000e+00  0  0.6990  1.345416e+12  0.000000e+00  0.000000e+00  9.035477e-02  1.043854e+00  1.321068e+01  1  0.6990  5.914113e+10  0.000000e+00  0.000000e+00  6.361157e-01 -7.080660e+00  9.789510e-02  2  0.6990  5.610045e+00  0.000000e+00  0.000000e+00  9.661977e-02 -1.201774e+02  0.000000e+00 
3  5.381277e+00  2.407056e+00  7.215200e+04  6.481040e-01 6 -1.000000e+00  6.928511e+00 1   5.6376  4.389510e-01  2.807363e-01 -1 -1.0000 -1.000000e+00 -1.000000e+00 -1.000000e+00 -1.000000e+00 -1.000000e+00 -1.000000e+00 -1 -1.0000 -1.000000e+00 -1.000000e+00 -1.000000e+00 -1.000000e+00 -1.000000e+00 -1.000000e+00  0  0.7650  1.300935e+12  0.000000e+00  0.000000e+00  3.150123e-01  1.085562e+02  5.383757e+00  1  0.7650  4.788007e+10  0.000000e+00  0.000000e+00  4.890384e-01  6.737279e+01  4.389673e-02  2  0.7650  5.637568e+00  0.000000e+00  0.000000e+00  6.464497e-02 -1.194645e+02  0.000000e+00 
3  1.084832e+01  5.548472e+00  6.232200e+04  4.676523e-01 6 -1.000000e+00  1.587934e+01 1   3.4348 -1.279781e-01  4.097668e-01 -1 -1.0000 -1.000000e+00 -1.000000e+00 -1.000000e+00 -1.000000e+00 -1.000000e+00 -1.000000e+00 -1 -1.0000 -1.000000e+00 -1.000000e+00 -1.000000e+00 -1.000000e+00 -1.000000e+00 -1.000000e+00  0  0.7850  3.331381e+12  0.000000e+00  0.000000e+00  3.386792e-01  5.200452e+00  3.654192e+00  1  0.7850  6.118563e+10  0.000000e+00  0.000000e+00  2.550265e-01 -1.432265e+01  1.095556e-01  2  0.7850  3.434829e+00  0.000000e+00  0.000000e+00  1.525357e-02  9.874787e+01  0.000000e+00 
1  1.923693e+01  3.730248e+01  1.889070e+05  1.934948e+00 0 -1.000000e+00  3.730248e+01 2   4.0727  3.684432e+00  1.709237e+00 -1 -1.0000 -1.000000e+00 -1.000000e+00 -1.000000e+00 -1.000000e+00 -1.000000e+00 -1.000000e+00 -1 -1.0000 -1.000000e+00 -1.000000e+00 -1.000000e+00 -1.000000e+00 -1.000000e+00 -1.000000e+00  0  0.8320  5.385257e+13  0.000000e+00  0.000000e+00  5.215039e-01  1.013876e+02  2.610838e+00  1  0.8320  2.755260e+11  0.000000e+00  0.000000e+00  3.121349e-01  9.403260e+01  1.432728e-01  2  0.8320  4.072721e+00  0.000000e+00  0.000000e+00  2.330489e-01 -4.829688e+01  0.000000e+00 
3  6.244475e+00  8.739768e+00  2.079020e+05  2.325410e-01 6 -1.000000e+00  1.004894e+01 1   7.1049  6.197903e-02 -7.993096e-02 -1 -1.0000 -1.000000e+00 -1.000000e+00 -1.000000e+00 -1.000000e+00 -1.000000e+00 -1.000000e+00 -1 -1.0000 -1.000000e+00 -1.000000e+00 -1.000000e+00 -1.000000e+00 -1.000000e+00 -1.000000e+00  0  1.0810  4.628252e+11  0.000000e+00  0.000000e+00  9.746018e-02  1.613717e+02  9.095944e+00  1  1.0810  1.258068e+10  0.000000e+00  0.000000e+00  3.282848e-01  1.471263e+02  7.969632e-02  2  1.0810  7.104916e+00  0.000000e+00  0.000000e+00  4.402781e-02 -3.412137e+01  0.000000e+00 
3  1.515579e+01  1.236929e+01  3.208640e+05  3.634708e-01 6  2.783882e-01  2.205715e+01 1   5.3310 -5.649511e-01 -4.352473e-01  0  1.5410  6.613686e+11  0.000000e+00  0.000000e+00  2.331240e-01  8.944209e-01  1.572073e+01  1  1.5410  2.064949e+10  0.000000e+00  0.000000e+00  4.341581e-01 -1.877392e+01  8.145576e-02  2  1.5410  4.261790e+12 -1.565663e+01 -7.823273e+00  4.418590e-01 -4.913999e+01  5.597313e+00  3  1.5410  8.567576e+10 -1.565663e+01 -7.823273e+00  4.663728e-01 -5.247566e+01  1.002548e-01  4  1.5410  5.331049e+00  0.000000e+00  0.000000e+00  1.588648e-01  1.379207e+02  0.000000e+00 
2  2.759385e+00  1.716397e+00  9.774000e+04  6.032873e+00 6 -1.000000e+00  5.622129e+00 2  16.8402  1.275314e+00  1.989528e+00 -1 -1.0000 -1.000000e+00 -1.000000e+00 -1.000000e+00 -1.000000e+00 -1.000000e+00 -1.000000e+00 -1 -1.0000 -1.000000e+00 -1.000000e+00 -1.000000e+00 -1.000000e+00 -1.000000e+00 -1.000000e+00  0  1.6150  3.452160e+13  0.000000e+00  0.000000e+00  3.708327e-01  1.041808e+02  9.145537e+00  1  1.6150  1.807068e+11  0.000000e+00  0.000000e+00  1.024941e-01  1.282764e+02  7.466997e-02  2  1.6150  1.684017e+01  0.000000e+00  0.000000e+00  2.412854e-01 -1.799872e+02  0.000000e+00 
1  2.925172e+00  5.156677e+00  3.040200e+05  1.039667e-01 0 -1.000000e+00  5.156677e+00 2  13.0478 -4.775181e-03  8.584277e-02 -1 -1.0000 -1.000000e+00 -1.000000e+00 -1.000000e+00 -1.000000e+00 -1.000000e+00 -1.000000e+00 -1 -1.0000 -1.000000e+00 -1.000000e+00 -1.000000e+00 -1.000000e+00 -1.000000e+00 -1.000000e+00  0  2.3550  4.531931e+11  0.000000e+00  0.000000e+00  1.788923e-01 -1.702423e+01  4.419068e+00  1  2.3550  3.055222e+09  0.000000e+00  0.000000e+00  7.536375e-02  2.436651e+01  3.559142e-02  2  2.3550  1.304784e+01  0.000000e+00  0.000000e+00  1.036085e-01 -1.934717e+01  0.000000e+00 
3  3.628110e+00  2.645772e+00  1.244110e+05  1.844579e+00 6  3.013659e-01  5.714398e+00 1   8.3195  3.398162e+00  5.948742e+00  0  0.2610  6.144044e+12  0.000000e+00  0.000000e+00  2.307275e-01  2.726881e+01  1.614848e+01  1  0.2610  9.363803e+10  0.000000e+00  0.000000e+00  2.962744e-01  1.008240e+02  2.589035e-01  2  0.2610  8.176203e+13  4.634565e+01  1.143352e+02  4.931623e-01 -1.261601e+02  3.188337e+00  3  0.2610  3.553930e+11  4.634565e+01  1.143352e+02  3.458822e-01 -1.044758e+02  1.542768e+00  4  0.2610  8.319479e+00  0.000000e+00  0.000000e+00  1.636184e-02  9.247952e+01  0.000000e+00 
3  1.203699e+01  1.320093e+01  2.297520e+05  5.447713e+00 6 -1.000000e+00  2.049154e+01 1   4.6072 -2.761374e+00  6.312293e-01 -1 -1.0000 -1.000000e+00 -1.000000e+00 -1.000000e+00 -1.000000e+00 -1.000000e+00 -1.000000e+00 -1 -1.0000 -1.000000e+00 -1.000000e+00 -1.000000e+00 -1.000000e+00 -1.000000e+00 -1.000000e+00  0  0.4460  1.349267e+14  0.000000e+00  0.000000e+00  3.371520e-01  1.521520e+02  6.398028e+00  1  0.4460  7.130032e+11  0.000000e+00  0.000000e+00  4.073634e-01  1.252422e+02  7.010997e-01  2  0.4460  4.607217e+00  0.000000e+00  0.000000e+00  2.292028e-02  8.531443e+01  0.000000e+00 
1  9.503010e+00  1.813786e+01  2.693170e+05  3.158218e+00 0  2.768024e-01  1.813786e+01 2   6.4157  2.174951e+00 -1.540368e+00  0  0.6660  3.308558e+13  0.000000e+00  0.000000e+00  4.029467e-01  2.184887e+01  9.312700e+00  1  0.6660  1.465310e+11  0.000000e+00  0.000000e+00  3.208819e-01 -1.391282e+01  1.811250e-01  2  0.6660  1.507123e+14  4.187540e+01 -6.594751e+01  4.292682e-01 -5.026742e+01  5.281893e+00  3  0.6660  3.513578e+11  4.187540e+01 -6.594751e+01  1.000346e-01 -9.200717e+01  2.776239e-01  4  0.6660  6.415661e+00  0.000000e+00  0.000000e+00  9.574309e-02 -1.399079e+02  0.000000e+00 
3  4.444233e+00  2.480908e+00  1.725060e+05  1.169279e+00 6 -1.000000e+00  7.703121e+00 3   6.5386  8.549396e-01 -1.340215e-01 -1 -1.0000 -1.000000e+00 -1.000000e+00 -1.000000e+00 -1.000000e+00 -1.000000e+00 -1.000000e+00 -1 -1.0000 -1.000000e+00 -1.000000e+00 -1.000000e+00 -1.000000e+00 -1.000000e+00 -1.000000e+00  0  0.9070  1.498462e+13  0.000000e+00  0.000000e+00  3.139572e-01 -2.597735e+01  5.024612e+00  1  0.9070  1.112876e+11  0.000000e+00  0.000000e+00  1.677213e-01 -4.116970e+01  4.883665e-02  2  0.9070  6.538596e+00  0.000000e+00  0.000000e+00  9.366314e-02  7.881257e+01  0.000000e+00 
1  5.728005e+00  1.092942e+01  2.444970e+05  5.113917e-01 0  2.953969e-01  1.092942e+01 2   8.7301  4.491344e-01 -1.071215e+00  0  1.1560  3.863581e+11  0.000000e+00  0.000000e+00  1.317947e-01  1.477905e+02  2.174039e+01  1  1.1560  8.989950e+09  0.000000e+00  0.000000e+00  3.231887e-01  2.091656e+02  6.694029e-02  2  1.1560  1.382033e+13  4.324225e-01 -3.481286e+00  1.855349e-01  3.327998e+01  3.336182e+00  3  1.1560  1.924352e+11  4.324225e-01 -3.481286e+00  2.496897e-01  6.362506e+01  1.126928e-01  4  1.1560  8.730120e+00  0.000000e+00  0.000000e+00  1.520494e-01  1.138288e+02  0.000000e+00 
2  5.503247e+00  7.680356e+00  2.322330e+05  1.254421e+00 6  2.774173e-01  9.173015e+00 1   5.4738 -2.163425e+00 -3.778392e+00  0  1.1990  4.210414e+12  0.000000e+00  0.000000e+00  1.117782e-01  1.158278e+02  1.113690e+01  1  1.1990  7.031760e+10  0.000000e+00  0.000000e+00  3.631879e-01  7.733696e+01  4.127246e-02  2  1.1990  7.867144e+13 -3.126206e+01 -5.562147e+01  2.482522e-01  1.394003e+02  3.944802e+00  3  1.1990  1.983208e+11 -3.126206e+01 -5.562147e+01  8.585362e-01  1.644756e+02  1.699981e-01  4  1.1990  5.473754e+00  0.000000e+00  0.000000e+00  8.399410e-02 -6.087298e+01  0.000000e+00 
5  4.053303e+00  6.892324e+00  5.803800e+04  2.005836e-01 6  2.894313e-01  9.831176e+00 3   5.9598  3.237977e-01 -8.232717e-01  0  1.2350  3.318166e+11  0.000000e+00  0.000000e+00  2.742846e-01 -9.043968e-01  1.202098e+01  1  1.2350  5.913966e+09  0.000000e+00  0.000000e+00  2.191383e-01 -5.047195e+01  4.440777e-02  2  1.2350  4.744078e+12  4.097850e+00 -8.173288e+00  2.122999e-01  7.381974e+01  2.706008e+00  3  1.2350  7.459847e+10  4.097850e+00 -8.173288e+00  7.323176e-02  4.144594e+01  9.193867e-02  4  1.2350  5.959815e+00  0.000000e+00  0.000000e+00  2.023980e-01 -1.687707e+02  0.000000e+00 
3  1.368917e+01  1.814061e+01  1.269490e+05  2.094796e-01 6  2.783175e-01  2.103401e+01 1   4.3555 -6.152632e-01  6.262647e-01  0  1.8120  3.910039e+11  0.000000e+00  0.000000e+00  4.655200e-01 -1.206055e+02  1.527588e+01  1  1.8120  5.696006e+09  0.000000e+00  0.000000e+00  3.972508e-01 -1.058858e+02  7.199484e-02  2  1.8120  6.785528e+12 -6.684439e+00  4.817354e+00  3.149913e-01  8.014179e+01  5.357073e+00  3  1.8120  1.006866e+11 -6.684439e+00  4.817354e+00  3.833382e-01  1.257814e+02  5.169442e-02  4  1.8120  4.355485e+00  0.000000e+00  0.000000e+00  8.192929e-02  1.078250e+01  0.000000e+00 
3  1.127816e+01  5.926709e+00  8.567500e+04  4.062833e-01 6 -1.000000e+00  1.415753e+01 1   3.1651 -7.097427e-02 -2.718796e-01 -1 -1.0000 -1.000000e+00 -1.000000e+00 -1.000000e+00 -1.000000e+00 -1.000000e+00 -1.000000e+00 -1 -1.0000 -1.000000e+00 -1.000000e+00 -1.000000e+00 -1.000000e+00 -1.000000e+00 -1.000000e+00  0  1.9810  9.433093e+12  0.000000e+00  0.000000e+00  4.669145e-01 -9.594773e+01  1.720864e+00  1  1.9810  6.062159e+10  0.000000e+00  0.000000e+00  4.525899e-01 -8.129567e+01  3.773923e-02  2  1.9810  3.165075e+00  0.000000e+00  0.000000e+00  5.504830e-02 -4.714319e+01  0.000000e+00 
3  7.120531e+00  5.396083e+00  3.254400e+04  9.342950e-02 6 -1.000000e+00  1.088635e+01 1   6.7850  2.483172e-02 -5.056677e-02 -1 -1.0000 -1.000000e+00 -1.000000e+00 -1.000000e+00 -1.000000e+00 -1.000000e+00 -1.000000e+00 -1 -1.0000 -1.000000e+00 -1.000000e+00 -1.000000e+00 -1.000000e+00 -1.000000e+00 -1.000000e+00  0  2.6490  3.562873e+11  0.000000e+00  0.000000e+00  2.911671e-01  1.525023e+02  6.823911e+00  1  2.6490  2.894863e+09  0.000000e+00  0.000000e+00  3.612988e-01  2.170215e+02  1.406900e-02  2  2.6490  6.784968e+00  0.000000e+00  0.000000e+00  9.631371e-02 -2.384984e+01  0.000000e+00 
