# [0]nim, [1]snr, [2]snr_obs, [3]source_id, [4]ein, [5]fs, [6]frac_sh_trunc [7]snr_max [8]flag_out [9]zs [10]xs [11]ys
# [12+8*i]m_type_i, [13+8*i]zl_i, [14+8*i]mass_i, [15+8*i]xl_i, [16+8*i]yl_i
# [17+8*i]e_i, [18+8*i]p_i, [19+8*i]param1(con, tb, ...)_i, i=0,1,2,3,4
# i=0,1 correspond subhalos and satellite gals if not exist, stored -1, please extract using e.g. np.extract(arr > 0, arr)
# i=2,3 correspond host halos and central gals
# i=4 corresponds perturbation
# m_type: 1 = anfw, 2 = ahern, 3 = pert
# observable multi events: 588 (subhalo 121), high-mag events: 351
3  7.109458e+00  4.797194e+00  9.282200e+04  9.135767e-01 6  2.954252e-01  1.444905e+01 3   9.2208 -1.392185e+00  4.911011e-01  0  0.4270  9.349003e+11  0.000000e+00  0.000000e+00  4.984232e-02  1.453556e+02  1.905488e+01  1  0.4270  6.023515e+10  0.000000e+00  0.000000e+00  2.908084e-01  1.252950e+02  2.167739e-01  2  0.4270  6.086482e+12 -1.220916e+01  1.295658e+00  2.046547e-01  1.047748e+02  4.275642e+00  3  0.4270  9.459957e+10 -1.220916e+01  1.295658e+00  1.550428e-01  1.577148e+02  2.181138e-01  4  0.4270  9.220836e+00  0.000000e+00  0.000000e+00  2.336744e-01 -1.439228e+02  0.000000e+00 
3  4.889989e+00  2.313058e+00  1.263460e+05  8.199933e-01 6  2.956319e-01  6.459596e+00 1  10.2587  9.089337e-01  5.716682e-03  0  0.4870  1.651017e+12  0.000000e+00  0.000000e+00  2.313212e-01  1.394462e+01  1.428031e+01  1  0.4870  5.477753e+10  0.000000e+00  0.000000e+00  3.317501e-01 -4.295504e+01  1.454116e-01  2  0.4870  1.391471e+13  5.987064e+01  2.072781e+01  3.451514e-01  1.352467e+02  8.322264e+00  3  0.4870  1.079138e+11  5.987064e+01  2.072781e+01  6.084520e-01  7.118382e+01  1.287429e-01  4  0.4870  1.025872e+01  0.000000e+00  0.000000e+00  1.720108e-01 -1.133566e+02  0.000000e+00 
3  6.786977e+00  4.173948e+00  4.465200e+04  6.217180e-01 6 -1.000000e+00  9.259844e+00 1   6.0926  1.355245e-01  4.733114e-01 -1 -1.0000 -1.000000e+00 -1.000000e+00 -1.000000e+00 -1.000000e+00 -1.000000e+00 -1.000000e+00 -1 -1.0000 -1.000000e+00 -1.000000e+00 -1.000000e+00 -1.000000e+00 -1.000000e+00 -1.000000e+00  0  0.6000  2.488229e+12  0.000000e+00  0.000000e+00  2.148133e-01  1.576812e+02  4.658089e+00  1  0.6000  7.934817e+10  0.000000e+00  0.000000e+00  2.514570e-01  1.485636e+02  2.044483e-01  2  0.6000  6.092573e+00  0.000000e+00  0.000000e+00  1.024503e-01 -8.618350e+01  0.000000e+00 
3  2.166914e+01  3.260037e+01  2.164370e+05  4.034395e-01 6 -1.000000e+00  3.740305e+01 1   2.5810 -7.435739e-02  1.059380e-01 -1 -1.0000 -1.000000e+00 -1.000000e+00 -1.000000e+00 -1.000000e+00 -1.000000e+00 -1.000000e+00 -1 -1.0000 -1.000000e+00 -1.000000e+00 -1.000000e+00 -1.000000e+00 -1.000000e+00 -1.000000e+00  0  0.6020  1.093989e+12  0.000000e+00  0.000000e+00  1.642365e-02  1.271273e+02  8.440147e+00  1  0.6020  3.728816e+10  0.000000e+00  0.000000e+00  1.569892e-01  1.242263e+02  2.164342e-01  2  0.6020  2.580951e+00  0.000000e+00  0.000000e+00  7.047109e-02  8.259758e+01  0.000000e+00 
3  9.528074e+00  1.216032e+01  8.434100e+04  7.239757e-01 6 -1.000000e+00  1.364668e+01 1   7.3270 -3.399863e-02 -2.303433e-01 -1 -1.0000 -1.000000e+00 -1.000000e+00 -1.000000e+00 -1.000000e+00 -1.000000e+00 -1.000000e+00 -1 -1.0000 -1.000000e+00 -1.000000e+00 -1.000000e+00 -1.000000e+00 -1.000000e+00 -1.000000e+00  0  0.9630  2.702552e+12  0.000000e+00  0.000000e+00  2.858638e-01 -1.343328e+02  5.743786e+00  1  0.9630  5.781990e+10  0.000000e+00  0.000000e+00  3.195433e-01 -9.510028e+01  1.077256e-01  2  0.9630  7.326984e+00  0.000000e+00  0.000000e+00  1.225787e-01 -1.146812e+02  0.000000e+00 
3  1.842770e+00  8.130514e-01  3.111230e+05  4.061763e-01 6 -1.000000e+00  2.400889e+00 1   9.8193 -4.116841e-01  3.210104e-01 -1 -1.0000 -1.000000e+00 -1.000000e+00 -1.000000e+00 -1.000000e+00 -1.000000e+00 -1.000000e+00 -1 -1.0000 -1.000000e+00 -1.000000e+00 -1.000000e+00 -1.000000e+00 -1.000000e+00 -1.000000e+00  0  0.9740  1.162057e+12  0.000000e+00  0.000000e+00  8.032376e-02  1.620389e+02  5.263552e+00  1  0.9740  4.704396e+10  0.000000e+00  0.000000e+00  4.443088e-01  1.711395e+02  5.911161e-02  2  0.9740  9.819333e+00  0.000000e+00  0.000000e+00  1.068996e-01  9.153358e+01  0.000000e+00 
2  2.894753e+00  4.712516e-01  3.228900e+04  1.067143e+00 6  2.772441e-01  5.444253e+00 2   5.3676 -1.287255e+00 -1.901999e+00  0  1.1620  4.792838e+12  0.000000e+00  0.000000e+00  1.241022e-01 -7.244594e+01  8.488404e+00  1  1.1620  6.812439e+10  0.000000e+00  0.000000e+00  1.533170e-01 -6.344084e+01  2.968541e-02  2  1.1620  3.809702e+13 -7.652167e+00 -1.963632e+01  2.172732e-01  1.727884e+02  5.247607e+00  3  1.1620  1.523292e+11 -7.652167e+00 -1.963632e+01  7.206895e-01  1.577476e+02  8.319822e-02  4  1.1620  5.367624e+00  0.000000e+00  0.000000e+00  1.151224e-01  1.266683e+01  0.000000e+00 
3  6.353496e+00  3.923495e+00  3.690800e+04  4.350086e-01 6 -1.000000e+00  1.600834e+01 2   4.0696 -1.845448e-01  9.843837e-02 -1 -1.0000 -1.000000e+00 -1.000000e+00 -1.000000e+00 -1.000000e+00 -1.000000e+00 -1.000000e+00 -1 -1.0000 -1.000000e+00 -1.000000e+00 -1.000000e+00 -1.000000e+00 -1.000000e+00 -1.000000e+00  0  1.3300  1.239494e+12  0.000000e+00  0.000000e+00  1.898285e-02 -2.332617e+01  5.534375e+00  1  1.3300  3.729506e+10  0.000000e+00  0.000000e+00  2.976033e-01 -7.296191e+01  3.762570e-02  2  1.3300  4.069578e+00  0.000000e+00  0.000000e+00  1.661338e-01 -1.176644e+02  0.000000e+00 
3  4.110914e+01  4.196111e+01  3.640920e+05  3.539267e-01 6 -1.000000e+00  6.376966e+01 1   3.0706  3.621181e-02  1.501417e-01 -1 -1.0000 -1.000000e+00 -1.000000e+00 -1.000000e+00 -1.000000e+00 -1.000000e+00 -1.000000e+00 -1 -1.0000 -1.000000e+00 -1.000000e+00 -1.000000e+00 -1.000000e+00 -1.000000e+00 -1.000000e+00  0  1.4010  1.275599e+12  0.000000e+00  0.000000e+00  2.605170e-02 -1.463427e+02  5.274380e+00  1  1.4010  5.053714e+10  0.000000e+00  0.000000e+00  2.697918e-01 -1.438858e+02  4.088132e-02  2  1.4010  3.070586e+00  0.000000e+00  0.000000e+00  2.357505e-02 -1.406930e+02  0.000000e+00 
2  7.063517e+00  9.545815e+00  3.403710e+05  1.011905e+00 6 -1.000000e+00  1.684716e+01 3   9.0096 -1.019696e-01  1.395972e-01 -1 -1.0000 -1.000000e+00 -1.000000e+00 -1.000000e+00 -1.000000e+00 -1.000000e+00 -1.000000e+00 -1 -1.0000 -1.000000e+00 -1.000000e+00 -1.000000e+00 -1.000000e+00 -1.000000e+00 -1.000000e+00  0  1.8960  6.668497e+12  0.000000e+00  0.000000e+00  3.322991e-01  2.897423e+01  4.264710e+00  1  1.8960  8.576105e+10  0.000000e+00  0.000000e+00  4.537529e-01  8.221985e+01  2.088837e-02  2  1.8960  9.009620e+00  0.000000e+00  0.000000e+00  1.031759e-01  9.383252e+01  0.000000e+00 
3  4.053670e+01  2.328759e+01  2.331270e+05  5.840631e-01 6 -1.000000e+00  5.829415e+01 1   5.9645  3.725380e-02  4.237333e-01 -1 -1.0000 -1.000000e+00 -1.000000e+00 -1.000000e+00 -1.000000e+00 -1.000000e+00 -1.000000e+00 -1 -1.0000 -1.000000e+00 -1.000000e+00 -1.000000e+00 -1.000000e+00 -1.000000e+00 -1.000000e+00  0  0.7990  1.884605e+12  0.000000e+00  0.000000e+00  1.697527e-01  1.132392e+02  5.414049e+00  1  0.7990  4.812645e+10  0.000000e+00  0.000000e+00  2.711758e-01  1.049982e+02  1.274869e-01  2  0.7990  5.964487e+00  0.000000e+00  0.000000e+00  4.484697e-02  1.301913e+01  0.000000e+00 
5  1.166637e+00  2.077562e+00  2.147660e+05  6.137002e-01 6 -1.000000e+00  2.344179e+00 3   9.8072 -4.784838e-03 -4.251235e-02 -1 -1.0000 -1.000000e+00 -1.000000e+00 -1.000000e+00 -1.000000e+00 -1.000000e+00 -1.000000e+00 -1 -1.0000 -1.000000e+00 -1.000000e+00 -1.000000e+00 -1.000000e+00 -1.000000e+00 -1.000000e+00  0  0.8810  2.873037e+12  0.000000e+00  0.000000e+00  1.625556e-01  3.262630e+01  6.478386e+00  1  0.8810  6.112623e+10  0.000000e+00  0.000000e+00  2.693398e-01  3.246519e+01  1.881963e-01  2  0.8810  9.807195e+00  0.000000e+00  0.000000e+00  1.203186e-01  1.661115e+00  0.000000e+00 
3  8.459708e+00  1.432387e+01  3.141440e+05  2.535711e-01 6  2.871673e-01  1.503823e+01 3   6.4068 -4.675293e-01  5.349241e-01  0  1.0370  3.485961e+11  0.000000e+00  0.000000e+00  2.950942e-01 -4.154664e+01  1.744086e+01  1  1.0370  9.750429e+09  0.000000e+00  0.000000e+00  4.434936e-01 -2.163517e+01  1.894685e-01  2  1.0370  2.385818e+12 -5.315974e+00  5.569943e+00  1.710689e-01 -7.489893e+01  6.346099e+00  3  1.0370  4.885748e+10 -5.315974e+00  5.569943e+00  1.822252e-01 -1.301923e+02  4.925136e-02  4  1.0370  6.406776e+00  0.000000e+00  0.000000e+00  1.153752e-01  1.889709e+00  0.000000e+00 
3  2.892184e+01  2.655589e+01  4.001460e+05  3.994794e-01 6 -1.000000e+00  3.988805e+01 1   2.1376  3.506057e-02 -1.784039e-01 -1 -1.0000 -1.000000e+00 -1.000000e+00 -1.000000e+00 -1.000000e+00 -1.000000e+00 -1.000000e+00 -1 -1.0000 -1.000000e+00 -1.000000e+00 -1.000000e+00 -1.000000e+00 -1.000000e+00 -1.000000e+00  0  1.0840  1.630057e+12  0.000000e+00  0.000000e+00  2.601727e-01  1.173868e+02  4.905774e+00  1  1.0840  5.232091e+10  0.000000e+00  0.000000e+00  3.297864e-01  1.197176e+02  4.483997e-02  2  1.0840  2.137633e+00  0.000000e+00  0.000000e+00  5.451902e-02  1.540247e+02  0.000000e+00 
3  1.139768e+01  1.107914e+01  4.011050e+05  9.221532e-02 6 -1.000000e+00  1.723429e+01 1   9.3444 -8.897788e-03 -3.700146e-02 -1 -1.0000 -1.000000e+00 -1.000000e+00 -1.000000e+00 -1.000000e+00 -1.000000e+00 -1.000000e+00 -1 -1.0000 -1.000000e+00 -1.000000e+00 -1.000000e+00 -1.000000e+00 -1.000000e+00 -1.000000e+00  0  1.1360  3.968184e+11  0.000000e+00  0.000000e+00  3.734632e-01 -1.660893e+02  3.671057e+00  1  1.1360  6.400165e+09  0.000000e+00  0.000000e+00  4.027604e-01 -1.688054e+02  9.906211e-02  2  1.1360  9.344367e+00  0.000000e+00  0.000000e+00  8.244327e-02  3.963904e+01  0.000000e+00 
2  1.618511e+00  2.445916e+00  7.260600e+04  6.579881e-01 6  2.822596e-01  3.447588e+00 3   5.9567 -1.467087e+00 -8.541428e-02  0  1.1710  1.851447e+12  0.000000e+00  0.000000e+00  1.882464e-01  6.040454e+01  7.633796e+00  1  1.1710  5.104081e+10  0.000000e+00  0.000000e+00  1.227116e-01  7.141747e+01  2.043606e-02  2  1.1710  1.536284e+13 -4.461575e+01 -1.761949e+01  4.666692e-01 -3.808601e+01  3.857820e+00  3  1.1710  1.146291e+11 -4.461575e+01 -1.761949e+01  8.391461e-02 -2.977354e+01  5.481936e-02  4  1.1710  5.956740e+00  0.000000e+00  0.000000e+00  8.971762e-02  1.002500e+02  0.000000e+00 
3  1.154792e+01  8.225440e+00  7.039300e+04  3.766305e-01 6 -1.000000e+00  1.618706e+01 1   4.7542 -1.301432e-01 -1.310557e-01 -1 -1.0000 -1.000000e+00 -1.000000e+00 -1.000000e+00 -1.000000e+00 -1.000000e+00 -1.000000e+00 -1 -1.0000 -1.000000e+00 -1.000000e+00 -1.000000e+00 -1.000000e+00 -1.000000e+00 -1.000000e+00  0  1.2620  1.279057e+12  0.000000e+00  0.000000e+00  3.957210e-01  6.548162e+01  3.466489e+00  1  1.2620  3.101053e+10  0.000000e+00  0.000000e+00  2.693242e-01  1.177768e+02  3.104018e-02  2  1.2620  4.754213e+00  0.000000e+00  0.000000e+00  8.083367e-02  1.084125e+02  0.000000e+00 
3  4.574765e+01  5.018569e+01  1.924760e+05  9.551167e-02 6 -1.000000e+00  5.599607e+01 1   1.8660 -4.740185e-03 -4.398897e-02 -1 -1.0000 -1.000000e+00 -1.000000e+00 -1.000000e+00 -1.000000e+00 -1.000000e+00 -1.000000e+00 -1 -1.0000 -1.000000e+00 -1.000000e+00 -1.000000e+00 -1.000000e+00 -1.000000e+00 -1.000000e+00  0  1.5750  9.468180e+11  0.000000e+00  0.000000e+00  4.253617e-01 -1.222407e+02  2.365802e+00  1  1.5750  2.001430e+10  0.000000e+00  0.000000e+00  2.721739e-01 -1.130018e+02  3.997613e-02  2  1.5750  1.866004e+00  0.000000e+00  0.000000e+00  6.762331e-02  6.173209e+01  0.000000e+00 
3  1.477488e+01  9.076332e+00  1.042370e+05  2.781338e-01 6 -1.000000e+00  2.187735e+01 1   4.9866  9.004701e-02  1.485706e-01 -1 -1.0000 -1.000000e+00 -1.000000e+00 -1.000000e+00 -1.000000e+00 -1.000000e+00 -1.000000e+00 -1 -1.0000 -1.000000e+00 -1.000000e+00 -1.000000e+00 -1.000000e+00 -1.000000e+00 -1.000000e+00  0  2.4760  1.561878e+12  0.000000e+00  0.000000e+00  2.825674e-01 -5.108257e+01  4.117848e+00  1  2.4760  3.040136e+10  0.000000e+00  0.000000e+00  1.049049e-01 -1.139914e+02  2.883993e-02  2  2.4760  4.986603e+00  0.000000e+00  0.000000e+00  8.609380e-02  1.072599e+02  0.000000e+00 
3  5.424869e+01  3.208110e+01  5.738300e+04  4.701780e-01 6  3.009173e-01  8.220397e+01 1   2.2774  1.159045e+00 -1.142157e+00  0  0.5490  5.932051e+11  0.000000e+00  0.000000e+00  3.309267e-01  1.424087e+02  1.559630e+01  1  0.5490  2.993640e+10  0.000000e+00  0.000000e+00  2.663006e-01  1.819155e+02  5.183978e-02  2  0.5490  7.699384e+12  9.205875e+00 -8.611869e+00  1.026172e-01 -5.386645e+01  7.624708e+00  3  0.5490  8.893099e+10  9.205875e+00 -8.611869e+00  8.889620e-02 -6.890764e+01  1.601128e-01  4  0.5490  2.277411e+00  0.000000e+00  0.000000e+00  4.639742e-02  2.805638e+01  0.000000e+00 
3  1.481995e+01  8.094669e+00  1.126870e+05  3.494716e-01 6 -1.000000e+00  1.874981e+01 1   7.9912 -3.408561e-01  3.230180e-02 -1 -1.0000 -1.000000e+00 -1.000000e+00 -1.000000e+00 -1.000000e+00 -1.000000e+00 -1.000000e+00 -1 -1.0000 -1.000000e+00 -1.000000e+00 -1.000000e+00 -1.000000e+00 -1.000000e+00 -1.000000e+00  0  0.5670  4.756655e+11  0.000000e+00  0.000000e+00  1.224249e-01  9.006142e+01  1.353021e+01  1  0.5670  1.377039e+10  0.000000e+00  0.000000e+00  1.782445e-01  2.274802e+01  7.072020e-02  2  0.5670  7.991221e+00  0.000000e+00  0.000000e+00  2.077506e-01  1.741662e+02  0.000000e+00 
3  1.043049e+01  7.072241e+00  4.023930e+05  9.989204e-01 6  2.970362e-01  1.535943e+01 1   5.5249 -1.137851e+00 -2.126201e+00  0  0.6450  1.895282e+12  0.000000e+00  0.000000e+00  2.298192e-01 -1.614406e+02  2.074263e+01  1  0.6450  6.794123e+10  0.000000e+00  0.000000e+00  5.133966e-01 -2.219759e+02  1.558145e-01  2  0.6450  3.035619e+13 -6.589396e+01 -5.274800e+01  3.071146e-01  1.011391e+02  7.178201e+00  3  0.6450  1.545630e+11 -6.589396e+01 -5.274800e+01  5.510196e-01  9.655025e+01  3.751706e-01  4  0.6450  5.524897e+00  0.000000e+00  0.000000e+00  3.123186e-02 -1.755670e+02  0.000000e+00 
3  2.656088e+01  3.313611e+01  7.991300e+04  5.278387e-01 6 -1.000000e+00  7.424806e+01 3   2.7458  1.120851e-01  9.919638e-02 -1 -1.0000 -1.000000e+00 -1.000000e+00 -1.000000e+00 -1.000000e+00 -1.000000e+00 -1.000000e+00 -1 -1.0000 -1.000000e+00 -1.000000e+00 -1.000000e+00 -1.000000e+00 -1.000000e+00 -1.000000e+00  0  1.1520  3.968282e+12  0.000000e+00  0.000000e+00  2.235449e-01  1.224340e+02  6.304375e+00  1  1.1520  1.032706e+11  0.000000e+00  0.000000e+00  3.161799e-01  1.385293e+02  2.534266e-01  2  1.1520  2.745818e+00  0.000000e+00  0.000000e+00  4.188959e-02  1.598222e+01  0.000000e+00 
3  2.835939e+00  1.429649e+00  9.387700e+04  1.874715e-01 6 -1.000000e+00  4.028154e+00 1   6.5014  1.693000e-01 -6.017269e-02 -1 -1.0000 -1.000000e+00 -1.000000e+00 -1.000000e+00 -1.000000e+00 -1.000000e+00 -1.000000e+00 -1 -1.0000 -1.000000e+00 -1.000000e+00 -1.000000e+00 -1.000000e+00 -1.000000e+00 -1.000000e+00  0  1.3710  6.810820e+11  0.000000e+00  0.000000e+00  2.503581e-01  3.027286e+01  3.693192e+00  1  1.3710  1.324102e+10  0.000000e+00  0.000000e+00  4.112232e-01  2.895475e+01  3.578506e-02  2  1.3710  6.501432e+00  0.000000e+00  0.000000e+00  4.238894e-02 -1.038933e+02  0.000000e+00 
3  1.913834e+01  1.148609e+01  1.278600e+04  2.796387e-01 6 -1.000000e+00  2.279289e+01 1   3.8204 -3.312976e-01  3.252580e-02 -1 -1.0000 -1.000000e+00 -1.000000e+00 -1.000000e+00 -1.000000e+00 -1.000000e+00 -1.000000e+00 -1 -1.0000 -1.000000e+00 -1.000000e+00 -1.000000e+00 -1.000000e+00 -1.000000e+00 -1.000000e+00  0  1.4190  1.437860e+12  0.000000e+00  0.000000e+00  1.712895e-01  2.511930e+00  3.126648e+00  1  1.4190  4.747694e+10  0.000000e+00  0.000000e+00  4.453909e-01 -2.160067e+01  7.007577e-02  2  1.4190  3.820423e+00  0.000000e+00  0.000000e+00  9.136854e-02 -1.256227e+01  0.000000e+00 
3  1.231895e+01  1.744070e+01  8.430000e+02  1.507200e-01 6 -1.000000e+00  2.325322e+01 3   3.7486 -2.434772e-02 -3.914743e-02 -1 -1.0000 -1.000000e+00 -1.000000e+00 -1.000000e+00 -1.000000e+00 -1.000000e+00 -1.000000e+00 -1 -1.0000 -1.000000e+00 -1.000000e+00 -1.000000e+00 -1.000000e+00 -1.000000e+00 -1.000000e+00  0  1.7200  8.539960e+11  0.000000e+00  0.000000e+00  2.160476e-01 -2.039748e+01  4.703005e+00  1  1.7200  1.369889e+10  0.000000e+00  0.000000e+00  3.632452e-01  5.328826e-01  2.560626e-02  2  1.7200  3.748590e+00  0.000000e+00  0.000000e+00  5.200681e-02 -1.137185e+02  0.000000e+00 
3  5.292566e+00  3.050926e+00  2.093350e+05  3.096518e+00 6 -1.000000e+00  9.312920e+00 3   6.1734  2.210084e+00  5.315514e-01 -1 -1.0000 -1.000000e+00 -1.000000e+00 -1.000000e+00 -1.000000e+00 -1.000000e+00 -1.000000e+00 -1 -1.0000 -1.000000e+00 -1.000000e+00 -1.000000e+00 -1.000000e+00 -1.000000e+00 -1.000000e+00  0  0.4880  1.035996e+14  0.000000e+00  0.000000e+00  3.552112e-01 -2.461742e+01  4.832261e+00  1  0.4880  4.445251e+11  0.000000e+00  0.000000e+00  4.164554e-01  3.245437e+01  3.557282e-01  2  0.4880  6.173439e+00  0.000000e+00  0.000000e+00  3.257426e-02 -7.392077e+01  0.000000e+00 
3  1.651889e+01  8.884117e+00  3.611580e+05  3.348923e+00 6 -1.000000e+00  3.151846e+01 2   4.1192 -1.182693e+00  1.346586e+00 -1 -1.0000 -1.000000e+00 -1.000000e+00 -1.000000e+00 -1.000000e+00 -1.000000e+00 -1.000000e+00 -1 -1.0000 -1.000000e+00 -1.000000e+00 -1.000000e+00 -1.000000e+00 -1.000000e+00 -1.000000e+00  0  0.6690  1.033462e+14  0.000000e+00  0.000000e+00  3.452897e-01  7.089107e+01  3.902816e+00  1  0.6690  4.504851e+11  0.000000e+00  0.000000e+00  4.069914e-01  1.212515e+02  2.730890e-01  2  0.6690  4.119177e+00  0.000000e+00  0.000000e+00  3.361832e-02 -1.156698e+02  0.000000e+00 
1  8.820841e+00  1.559320e+01  2.601650e+05  9.577381e-01 0 -1.000000e+00  1.559320e+01 2   5.1343 -8.553830e-01 -1.111515e+00 -1 -1.0000 -1.000000e+00 -1.000000e+00 -1.000000e+00 -1.000000e+00 -1.000000e+00 -1.000000e+00 -1 -1.0000 -1.000000e+00 -1.000000e+00 -1.000000e+00 -1.000000e+00 -1.000000e+00 -1.000000e+00  0  0.7800  1.170085e+13  0.000000e+00  0.000000e+00  3.606060e-01  3.375920e+00  5.412162e+00  1  0.7800  1.171573e+11  0.000000e+00  0.000000e+00  2.395137e-01 -4.149302e+01  2.663568e-01  2  0.7800  5.134292e+00  0.000000e+00  0.000000e+00  1.627257e-01  1.254410e+02  0.000000e+00 
3  2.717094e+01  1.393205e+01  2.207060e+05  5.571742e-01 6 -1.000000e+00  4.121377e+01 1   4.7086 -3.996268e-01 -1.355290e-01 -1 -1.0000 -1.000000e+00 -1.000000e+00 -1.000000e+00 -1.000000e+00 -1.000000e+00 -1.000000e+00 -1 -1.0000 -1.000000e+00 -1.000000e+00 -1.000000e+00 -1.000000e+00 -1.000000e+00 -1.000000e+00  0  1.2140  1.491304e+12  0.000000e+00  0.000000e+00  8.581797e-02 -1.340333e+02  6.016313e+00  1  1.2140  6.191337e+10  0.000000e+00  0.000000e+00  2.130888e-01 -1.207098e+02  6.544323e-02  2  1.2140  4.708591e+00  0.000000e+00  0.000000e+00  7.537268e-02  1.024267e+02  0.000000e+00 
3  7.336821e+01  5.485118e+01  3.358440e+05  8.580461e-01 6  2.803088e-01  1.284856e+02 3   2.5783 -1.010486e+00  8.384893e-01  0  1.2250  2.243943e+12  0.000000e+00  0.000000e+00  2.341218e-01  1.011811e+02  2.545905e+01  1  1.2250  4.061495e+10  0.000000e+00  0.000000e+00  4.567376e-01 -1.192370e+00  4.646235e-02  2  1.2250  2.311387e+13 -1.086758e+01  2.783539e+01  4.535764e-01  1.589257e+02  4.270046e+00  3  1.2250  1.083452e+11 -1.086758e+01  2.783539e+01  5.826522e-02  1.613159e+02  1.185597e-01  4  1.2250  2.578282e+00  0.000000e+00  0.000000e+00  9.060522e-02 -2.953657e+01  0.000000e+00 
3  2.212653e+01  1.091659e+01  4.474100e+04  4.071417e-01 6 -1.000000e+00  3.251169e+01 1   3.4982  2.132980e-01 -2.712278e-01 -1 -1.0000 -1.000000e+00 -1.000000e+00 -1.000000e+00 -1.000000e+00 -1.000000e+00 -1.000000e+00 -1 -1.0000 -1.000000e+00 -1.000000e+00 -1.000000e+00 -1.000000e+00 -1.000000e+00 -1.000000e+00  0  1.5870  1.981203e+12  0.000000e+00  0.000000e+00  4.799660e-01  2.279424e+01  4.222123e+00  1  1.5870  7.590288e+10  0.000000e+00  0.000000e+00  2.332426e-01  2.214075e+01  4.236262e-02  2  1.5870  3.498175e+00  0.000000e+00  0.000000e+00  1.368963e-02  1.589196e+02  0.000000e+00 
3  7.696948e+00  1.110657e+00  6.137900e+04  7.075928e-01 6 -1.000000e+00  1.403114e+01 2   8.5314  9.710619e-01  4.303953e-02 -1 -1.0000 -1.000000e+00 -1.000000e+00 -1.000000e+00 -1.000000e+00 -1.000000e+00 -1.000000e+00 -1 -1.0000 -1.000000e+00 -1.000000e+00 -1.000000e+00 -1.000000e+00 -1.000000e+00 -1.000000e+00  0  2.5240  9.537281e+12  0.000000e+00  0.000000e+00  2.419203e-01 -8.583076e+01  3.612159e+00  1  2.5240  6.205061e+10  0.000000e+00  0.000000e+00  4.172702e-01 -1.489873e+02  2.419617e-02  2  2.5240  8.531351e+00  0.000000e+00  0.000000e+00  5.620860e-02  1.128841e+02  0.000000e+00 
3  5.886133e+00  1.254366e+01  1.935560e+05  1.334359e+00 6  2.897621e-01  1.296153e+01 3   8.0596 -2.207166e+00 -4.067098e+00  0  0.6810  4.561074e+12  0.000000e+00  0.000000e+00  1.982802e-01 -4.330975e+00  1.608016e+01  1  0.6810  7.912776e+10  0.000000e+00  0.000000e+00  5.299990e-01  9.452429e-01  1.488890e-01  2  0.6810  5.881546e+13 -4.821696e+01 -6.224098e+01  3.961813e-01  1.047493e+02  2.764096e+00  3  0.6810  3.545815e+11 -4.821696e+01 -6.224098e+01  1.265517e-01  4.189302e+01  2.902259e-01  4  0.6810  8.059595e+00  0.000000e+00  0.000000e+00  1.200357e-01 -1.172291e+02  0.000000e+00 
3  3.418655e+00  1.577930e+00  3.688010e+05  7.115831e-01 6 -1.000000e+00  4.935709e+00 1  11.9671  5.592385e-01 -3.816314e-01 -1 -1.0000 -1.000000e+00 -1.000000e+00 -1.000000e+00 -1.000000e+00 -1.000000e+00 -1.000000e+00 -1 -1.0000 -1.000000e+00 -1.000000e+00 -1.000000e+00 -1.000000e+00 -1.000000e+00 -1.000000e+00  0  1.0630  4.007132e+12  0.000000e+00  0.000000e+00  3.516513e-01 -2.036714e+01  7.139501e+00  1  1.0630  5.256184e+10  0.000000e+00  0.000000e+00  3.672376e-01 -4.288162e+01  1.243629e-01  2  1.0630  1.196711e+01  0.000000e+00  0.000000e+00  1.323975e-01 -1.530368e+02  0.000000e+00 
3  5.937372e+01  4.266573e+01  1.908540e+05  4.022524e-01 6 -1.000000e+00  8.964490e+01 1   1.5982  2.051714e-01 -1.026283e-01 -1 -1.0000 -1.000000e+00 -1.000000e+00 -1.000000e+00 -1.000000e+00 -1.000000e+00 -1.000000e+00 -1 -1.0000 -1.000000e+00 -1.000000e+00 -1.000000e+00 -1.000000e+00 -1.000000e+00 -1.000000e+00  0  1.2040  1.597831e+13  0.000000e+00  0.000000e+00  1.107593e-01 -1.134962e+02  3.841454e+00  1  1.2040  1.274746e+11  0.000000e+00  0.000000e+00  2.516691e-01 -8.183401e+01  1.311104e-01  2  1.2040  1.598232e+00  0.000000e+00  0.000000e+00  2.191936e-02  1.541272e+02  0.000000e+00 
3  1.079486e+01  5.986391e+00  2.125290e+05  1.071733e-01 6 -1.000000e+00  2.018304e+01 2   5.0285  6.282426e-03  7.669769e-02 -1 -1.0000 -1.000000e+00 -1.000000e+00 -1.000000e+00 -1.000000e+00 -1.000000e+00 -1.000000e+00 -1 -1.0000 -1.000000e+00 -1.000000e+00 -1.000000e+00 -1.000000e+00 -1.000000e+00 -1.000000e+00  0  1.2260  3.216959e+11  0.000000e+00  0.000000e+00  2.638517e-01  1.540674e+02  7.628983e+00  1  1.2260  3.136842e+09  0.000000e+00  0.000000e+00  2.984208e-01  1.359537e+02  3.661798e-02  2  1.2260  5.028482e+00  0.000000e+00  0.000000e+00  1.279607e-01  1.697756e+02  0.000000e+00 
3  1.855639e+01  3.601272e+01  2.109890e+05  4.500441e-01 6  2.813060e-01  4.647020e+01 3   2.7668 -3.074539e-01 -6.974015e-01  0  1.2310  1.156173e+12  0.000000e+00  0.000000e+00  1.038069e-01  2.016050e+01  1.858898e+01  1  1.2310  3.720750e+10  0.000000e+00  0.000000e+00  3.836142e-01  1.202218e+01  8.822478e-02  2  1.2310  7.719156e+12 -1.077550e+01 -3.253212e+01  3.489330e-01  1.632433e+02  4.252105e+00  3  1.2310  7.602204e+10 -1.077550e+01 -3.253212e+01  1.744678e-01  1.515745e+02  1.117853e-01  4  1.2310  2.766846e+00  0.000000e+00  0.000000e+00  7.045256e-02  7.302928e+01  0.000000e+00 
3  1.249873e+01  1.257402e+01  4.688500e+04  3.512774e-01 6  2.812859e-01  3.474874e+01 3   3.6820 -6.796227e-01  7.379384e-01  0  1.4900  7.551341e+11  0.000000e+00  0.000000e+00  2.484307e-02  4.863214e+01  1.216556e+01  1  1.4900  2.256011e+10  0.000000e+00  0.000000e+00  7.448158e-02  3.622164e+01  4.797482e-02  2  1.4900  1.018675e+13 -6.658696e+00  6.054037e+00  1.888975e-01  8.707803e+01  4.405548e+00  3  1.4900  7.996664e+10 -6.658696e+00  6.054037e+00  2.350696e-01  1.438021e+02  1.203743e-01  4  1.4900  3.681958e+00  0.000000e+00  0.000000e+00  7.163870e-02  6.854330e+01  0.000000e+00 
2  5.329993e+00  3.451979e+00  2.021060e+05  1.232527e+00 6 -1.000000e+00  1.164485e+01 2  12.5191 -2.972811e-01 -5.863208e-01 -1 -1.0000 -1.000000e+00 -1.000000e+00 -1.000000e+00 -1.000000e+00 -1.000000e+00 -1.000000e+00 -1 -1.0000 -1.000000e+00 -1.000000e+00 -1.000000e+00 -1.000000e+00 -1.000000e+00 -1.000000e+00  0  1.6520  1.761245e+13  0.000000e+00  0.000000e+00  2.038217e-01 -1.581991e+02  2.867115e+00  1  1.6520  1.232839e+11  0.000000e+00  0.000000e+00  3.734860e-01 -1.110774e+02  6.221419e-02  2  1.6520  1.251909e+01  0.000000e+00  0.000000e+00  9.160698e-02 -3.145569e+01  0.000000e+00 
3  6.516164e+00  5.476357e+00  1.197670e+05  2.104359e-01 6 -1.000000e+00  9.450729e+00 1   9.1899 -5.794783e-02  1.222344e-01 -1 -1.0000 -1.000000e+00 -1.000000e+00 -1.000000e+00 -1.000000e+00 -1.000000e+00 -1.000000e+00 -1 -1.0000 -1.000000e+00 -1.000000e+00 -1.000000e+00 -1.000000e+00 -1.000000e+00 -1.000000e+00  0  1.7420  8.677139e+11  0.000000e+00  0.000000e+00  1.574779e-01 -1.385395e+02  3.709420e+00  1  1.7420  1.676572e+10  0.000000e+00  0.000000e+00  3.366652e-01 -1.745440e+02  4.709796e-02  2  1.7420  9.189927e+00  0.000000e+00  0.000000e+00  1.427724e-01 -9.146563e+01  0.000000e+00 
3  1.059497e+01  6.380308e+00  4.017510e+05  4.448003e-01 6 -1.000000e+00  1.343511e+01 1   6.6847  3.310416e-02 -3.119192e-01 -1 -1.0000 -1.000000e+00 -1.000000e+00 -1.000000e+00 -1.000000e+00 -1.000000e+00 -1.000000e+00 -1 -1.0000 -1.000000e+00 -1.000000e+00 -1.000000e+00 -1.000000e+00 -1.000000e+00 -1.000000e+00  0  1.7580  1.823671e+12  0.000000e+00  0.000000e+00  1.821253e-01 -3.902163e+01  2.661668e+00  1  1.7580  4.233516e+10  0.000000e+00  0.000000e+00  5.387413e-01 -6.642814e+01  4.260702e-02  2  1.7580  6.684729e+00  0.000000e+00  0.000000e+00  1.130774e-01  1.258199e+02  0.000000e+00 
3  1.386325e+01  5.759874e+00  5.319100e+04  1.038551e-01 6 -1.000000e+00  1.684924e+01 1   3.3777  1.300600e-01  4.841094e-03 -1 -1.0000 -1.000000e+00 -1.000000e+00 -1.000000e+00 -1.000000e+00 -1.000000e+00 -1.000000e+00 -1 -1.0000 -1.000000e+00 -1.000000e+00 -1.000000e+00 -1.000000e+00 -1.000000e+00 -1.000000e+00  0  2.0150  6.610409e+11  0.000000e+00  0.000000e+00  2.869586e-01  2.096207e+01  3.193921e+00  1  2.0150  9.913140e+09  0.000000e+00  0.000000e+00  2.684140e-01 -7.767550e+00  1.885169e-02  2  2.0150  3.377721e+00  0.000000e+00  0.000000e+00  7.060096e-02  6.062693e+01  0.000000e+00 
3  2.024553e+01  2.219863e+01  6.746900e+04  6.293224e-01 6 -1.000000e+00  2.518564e+01 1   3.6316  4.370268e-01  3.627603e-02 -1 -1.0000 -1.000000e+00 -1.000000e+00 -1.000000e+00 -1.000000e+00 -1.000000e+00 -1.000000e+00 -1 -1.0000 -1.000000e+00 -1.000000e+00 -1.000000e+00 -1.000000e+00 -1.000000e+00 -1.000000e+00  0  0.3980  1.325797e+12  0.000000e+00  0.000000e+00  3.877471e-01  1.982023e+01  1.113444e+01  1  0.3980  5.213265e+10  0.000000e+00  0.000000e+00  3.198870e-01  2.387938e+01  1.177419e-01  2  0.3980  3.631618e+00  0.000000e+00  0.000000e+00  9.678113e-02  9.328565e+00  0.000000e+00 
3  1.227713e+01  1.063081e+01  2.992720e+05  5.383788e-01 6 -1.000000e+00  1.663461e+01 1   6.4525 -2.542481e-01 -2.269716e-01 -1 -1.0000 -1.000000e+00 -1.000000e+00 -1.000000e+00 -1.000000e+00 -1.000000e+00 -1.000000e+00 -1 -1.0000 -1.000000e+00 -1.000000e+00 -1.000000e+00 -1.000000e+00 -1.000000e+00 -1.000000e+00  0  0.4680  1.130848e+12  0.000000e+00  0.000000e+00  3.129559e-01  3.393762e+01  4.679705e+00  1  0.4680  5.073768e+10  0.000000e+00  0.000000e+00  2.801564e-01  3.341873e+01  1.308512e-01  2  0.4680  6.452512e+00  0.000000e+00  0.000000e+00  3.346609e-02 -6.089330e+01  0.000000e+00 
3  1.748625e+01  8.527612e+00  3.572270e+05  7.635687e-01 6 -1.000000e+00  2.245397e+01 1   4.5545 -1.028231e-01 -6.305529e-01 -1 -1.0000 -1.000000e+00 -1.000000e+00 -1.000000e+00 -1.000000e+00 -1.000000e+00 -1.000000e+00 -1 -1.0000 -1.000000e+00 -1.000000e+00 -1.000000e+00 -1.000000e+00 -1.000000e+00 -1.000000e+00  0  0.5780  2.324948e+12  0.000000e+00  0.000000e+00  1.577460e-01 -1.677044e+02  4.304745e+00  1  0.5780  7.165351e+10  0.000000e+00  0.000000e+00  1.818963e-01 -8.074817e+01  7.923061e-02  2  0.5780  4.554534e+00  0.000000e+00  0.000000e+00  1.899653e-02  6.973590e+01  0.000000e+00 
3  6.690701e+00  6.161503e+00  4.038770e+05  7.513552e-01 6 -1.000000e+00  8.048111e+00 1   6.5790 -1.966439e-01  5.111063e-01 -1 -1.0000 -1.000000e+00 -1.000000e+00 -1.000000e+00 -1.000000e+00 -1.000000e+00 -1.000000e+00 -1 -1.0000 -1.000000e+00 -1.000000e+00 -1.000000e+00 -1.000000e+00 -1.000000e+00 -1.000000e+00  0  0.8250  1.429470e+12  0.000000e+00  0.000000e+00  1.354054e-01 -5.462426e+01  7.304430e+00  1  0.8250  6.489740e+10  0.000000e+00  0.000000e+00  7.489896e-01 -7.110282e+01  1.466082e-01  2  0.8250  6.579043e+00  0.000000e+00  0.000000e+00  2.368061e-01 -6.260960e+01  0.000000e+00 
3  8.439095e+00  1.115135e+01  7.853900e+04  3.661526e-01 6 -1.000000e+00  1.218013e+01 1   4.7003  1.754887e-01 -6.667467e-02 -1 -1.0000 -1.000000e+00 -1.000000e+00 -1.000000e+00 -1.000000e+00 -1.000000e+00 -1.000000e+00 -1 -1.0000 -1.000000e+00 -1.000000e+00 -1.000000e+00 -1.000000e+00 -1.000000e+00 -1.000000e+00  0  1.0650  1.397083e+12  0.000000e+00  0.000000e+00  3.081562e-01  1.642471e+02  5.215810e+00  1  1.0650  4.501594e+10  0.000000e+00  0.000000e+00  4.101067e-01  1.617561e+02  6.579884e-02  2  1.0650  4.700265e+00  0.000000e+00  0.000000e+00  4.575162e-02  2.802179e+01  0.000000e+00 
3  4.107055e+00  7.567842e-01  1.982420e+05  1.149306e+00 6 -1.000000e+00  7.580310e+00 2   9.9090  4.445450e-01  1.452009e+00 -1 -1.0000 -1.000000e+00 -1.000000e+00 -1.000000e+00 -1.000000e+00 -1.000000e+00 -1.000000e+00 -1 -1.0000 -1.000000e+00 -1.000000e+00 -1.000000e+00 -1.000000e+00 -1.000000e+00 -1.000000e+00  0  1.2330  2.129850e+13  0.000000e+00  0.000000e+00  2.879104e-01 -7.755044e+00  3.487023e+00  1  1.2330  1.449262e+11  0.000000e+00  0.000000e+00  3.619307e-01  3.065003e+01  7.914156e-02  2  1.2330  9.908956e+00  0.000000e+00  0.000000e+00  1.480795e-01  1.797253e+02  0.000000e+00 
5  1.031431e+01  1.448157e+01  1.134700e+05  5.202240e-01 6 -1.000000e+00  3.064631e+01 3   4.1446  1.811114e-01  1.064499e-02 -1 -1.0000 -1.000000e+00 -1.000000e+00 -1.000000e+00 -1.000000e+00 -1.000000e+00 -1.000000e+00 -1 -1.0000 -1.000000e+00 -1.000000e+00 -1.000000e+00 -1.000000e+00 -1.000000e+00 -1.000000e+00  0  1.2890  2.682640e+12  0.000000e+00  0.000000e+00  3.169382e-01  1.552851e+02  7.831112e+00  1  1.2890  7.004414e+10  0.000000e+00  0.000000e+00  4.249526e-01  1.907497e+02  6.083945e-02  2  1.2890  4.144569e+00  0.000000e+00  0.000000e+00  1.555519e-01 -1.139554e+01  0.000000e+00 
3  3.157702e+00  1.379473e+00  3.924020e+05  1.549830e+00 6 -1.000000e+00  3.833895e+00 1  11.1875  2.857235e-01  1.306837e+00 -1 -1.0000 -1.000000e+00 -1.000000e+00 -1.000000e+00 -1.000000e+00 -1.000000e+00 -1.000000e+00 -1 -1.0000 -1.000000e+00 -1.000000e+00 -1.000000e+00 -1.000000e+00 -1.000000e+00 -1.000000e+00  0  0.1520  4.031168e+12  0.000000e+00  0.000000e+00  1.199307e-01  1.052403e+02  8.020347e+00  1  0.1520  8.873776e+10  0.000000e+00  0.000000e+00  3.957991e-01  1.063332e+02  2.832112e-01  2  0.1520  1.118749e+01  0.000000e+00  0.000000e+00  1.045485e-01 -5.753959e+01  0.000000e+00 
1  1.575200e+01  2.889311e+01  3.975220e+05  1.030655e+00 0  3.144851e-01  2.889311e+01 2   2.5593  3.287249e+00  2.023913e+00  0  0.4970  1.379921e+12  0.000000e+00  0.000000e+00  1.963138e-01  1.575582e+01  1.456095e+01  1  0.4970  5.553264e+10  0.000000e+00  0.000000e+00  3.245467e-01  2.319712e+01  1.664183e-01  2  0.4970  9.154156e+13  5.175482e+00  9.342899e+00  4.012776e-01 -6.177846e+00  5.962483e+00  3  0.4970  3.143753e+11  5.175482e+00  9.342899e+00  2.956569e-01  5.778491e+00  4.622425e-01  4  0.4970  2.559326e+00  0.000000e+00  0.000000e+00  4.893351e-02  1.617742e+02  0.000000e+00 
3  2.710973e+00  1.487879e+00  2.522390e+05  7.682665e-01 6 -1.000000e+00  3.423286e+00 1   3.1408  1.496366e-01  5.748612e-01 -1 -1.0000 -1.000000e+00 -1.000000e+00 -1.000000e+00 -1.000000e+00 -1.000000e+00 -1.000000e+00 -1 -1.0000 -1.000000e+00 -1.000000e+00 -1.000000e+00 -1.000000e+00 -1.000000e+00 -1.000000e+00  0  0.5690  1.516046e+12  0.000000e+00  0.000000e+00  1.558300e-01  1.056461e+02  7.618365e+00  1  0.5690  6.221291e+10  0.000000e+00  0.000000e+00  4.359374e-01  8.917093e+01  1.961541e-01  2  0.5690  3.140818e+00  0.000000e+00  0.000000e+00  6.051788e-02  1.091398e+02  0.000000e+00 
3  4.115176e+01  2.526329e+01  2.764030e+05  8.699148e-01 6  2.920456e-01  7.071725e+01 1   2.4582  2.329367e+00 -2.917131e-01  0  0.6370  1.601069e+12  0.000000e+00  0.000000e+00  1.756366e-01  1.113481e+02  2.332214e+01  1  0.6370  3.748905e+10  0.000000e+00  0.000000e+00  2.368778e-01  1.815272e+02  9.578773e-02  2  0.6370  1.307494e+13  1.301793e+01  1.589201e+00  3.226317e-01 -3.324653e+01  7.927359e+00  3  0.6370  1.848512e+11  1.301793e+01  1.589201e+00  2.686405e-01 -1.671989e+01  3.276465e-01  4  0.6370  2.458241e+00  0.000000e+00  0.000000e+00  1.521658e-01  2.011624e+01  0.000000e+00 
3  4.520818e+00  3.210529e+00  9.228300e+04  5.119722e-01 6 -1.000000e+00  6.076248e+00 1   8.5372  4.569807e-01 -7.652321e-02 -1 -1.0000 -1.000000e+00 -1.000000e+00 -1.000000e+00 -1.000000e+00 -1.000000e+00 -1.000000e+00 -1 -1.0000 -1.000000e+00 -1.000000e+00 -1.000000e+00 -1.000000e+00 -1.000000e+00 -1.000000e+00  0  1.0840  1.149977e+12  0.000000e+00  0.000000e+00  3.372960e-01  1.633360e+02  1.084565e+01  1  1.0840  4.377777e+10  0.000000e+00  0.000000e+00  3.434081e-01  1.434753e+02  1.468780e-01  2  1.0840  8.537183e+00  0.000000e+00  0.000000e+00  1.546277e-02  4.258714e+01  0.000000e+00 
3  1.144851e+01  1.502853e+01  3.229900e+04  9.338743e-01 6 -1.000000e+00  1.688957e+01 1   3.7289 -4.524403e-01 -1.387202e-01 -1 -1.0000 -1.000000e+00 -1.000000e+00 -1.000000e+00 -1.000000e+00 -1.000000e+00 -1.000000e+00 -1 -1.0000 -1.000000e+00 -1.000000e+00 -1.000000e+00 -1.000000e+00 -1.000000e+00 -1.000000e+00  0  0.3640  5.932917e+12  0.000000e+00  0.000000e+00  2.477279e-01 -1.761884e+01  6.120655e+00  1  0.3640  1.361100e+11  0.000000e+00  0.000000e+00  2.378883e-01  1.132081e+01  3.914364e-01  2  0.3640  3.728939e+00  0.000000e+00  0.000000e+00  4.131473e-02  7.681511e+00  0.000000e+00 
3  1.321869e+01  1.258822e+01  1.622850e+05  6.394083e-01 6 -1.000000e+00  1.718045e+01 1   6.1685  1.209651e-01  4.489694e-01 -1 -1.0000 -1.000000e+00 -1.000000e+00 -1.000000e+00 -1.000000e+00 -1.000000e+00 -1.000000e+00 -1 -1.0000 -1.000000e+00 -1.000000e+00 -1.000000e+00 -1.000000e+00 -1.000000e+00 -1.000000e+00  0  0.4090  1.371264e+12  0.000000e+00  0.000000e+00  2.255135e-01 -1.059830e+02  9.713312e+00  1  0.4090  6.257955e+10  0.000000e+00  0.000000e+00  2.469615e-01 -1.444100e+02  3.296929e-01  2  0.4090  6.168487e+00  0.000000e+00  0.000000e+00  9.592623e-02  6.830688e+01  0.000000e+00 
3  2.791365e+01  1.231256e+01  8.938800e+04  5.835097e-01 6 -1.000000e+00  3.302443e+01 1   2.3538  2.871528e-01 -4.510458e-01 -1 -1.0000 -1.000000e+00 -1.000000e+00 -1.000000e+00 -1.000000e+00 -1.000000e+00 -1.000000e+00 -1 -1.0000 -1.000000e+00 -1.000000e+00 -1.000000e+00 -1.000000e+00 -1.000000e+00 -1.000000e+00  0  0.4610  1.155338e+12  0.000000e+00  0.000000e+00  4.450071e-01  8.472205e+01  5.883864e+00  1  0.4610  4.048114e+10  0.000000e+00  0.000000e+00  1.201175e-01  1.101046e+02  4.222443e-02  2  0.4610  2.353808e+00  0.000000e+00  0.000000e+00  7.687203e-02 -1.002252e+02  0.000000e+00 
1  1.825975e+02  3.162817e+02  1.123710e+05  9.420759e-02 0 -1.000000e+00  3.162817e+02 2   1.2268 -3.733701e-02 -3.533845e-02 -1 -1.0000 -1.000000e+00 -1.000000e+00 -1.000000e+00 -1.000000e+00 -1.000000e+00 -1.000000e+00 -1 -1.0000 -1.000000e+00 -1.000000e+00 -1.000000e+00 -1.000000e+00 -1.000000e+00 -1.000000e+00  0  0.6600  3.692662e+11  0.000000e+00  0.000000e+00  2.504930e-01  2.014114e+01  1.724451e+01  1  0.6600  5.300327e+09  0.000000e+00  0.000000e+00  1.163465e-01 -3.527620e+01  1.191297e-01  2  0.6600  1.226809e+00  0.000000e+00  0.000000e+00  3.178055e-02 -1.241074e+02  0.000000e+00 
3  1.603484e+01  1.186575e+01  1.197800e+04  4.123892e-01 6 -1.000000e+00  2.969014e+01 3   2.8337  8.445834e-02 -2.506935e-01 -1 -1.0000 -1.000000e+00 -1.000000e+00 -1.000000e+00 -1.000000e+00 -1.000000e+00 -1.000000e+00 -1 -1.0000 -1.000000e+00 -1.000000e+00 -1.000000e+00 -1.000000e+00 -1.000000e+00 -1.000000e+00  0  1.0960  6.066670e+12  0.000000e+00  0.000000e+00  1.803584e-01  7.682567e+00  4.361516e+00  1  1.0960  7.833890e+10  0.000000e+00  0.000000e+00  5.476095e-01  1.305216e+01  6.783537e-02  2  1.0960  2.833732e+00  0.000000e+00  0.000000e+00  3.606261e-02 -5.733694e+01  0.000000e+00 
3  1.407743e+01  1.962776e+01  8.689100e+04  5.932441e-01 6 -1.000000e+00  2.940735e+01 3   8.4323 -2.201789e-02  8.641997e-02 -1 -1.0000 -1.000000e+00 -1.000000e+00 -1.000000e+00 -1.000000e+00 -1.000000e+00 -1.000000e+00 -1 -1.0000 -1.000000e+00 -1.000000e+00 -1.000000e+00 -1.000000e+00 -1.000000e+00 -1.000000e+00  0  1.2250  3.447833e+12  0.000000e+00  0.000000e+00  4.016668e-02 -1.792893e+02  4.202096e+00  1  1.2250  8.617706e+10  0.000000e+00  0.000000e+00  2.266284e-01 -1.786571e+02  1.553876e-01  2  1.2250  8.432263e+00  0.000000e+00  0.000000e+00  8.239886e-02 -1.300746e+01  0.000000e+00 
3  4.259287e+00  3.463637e+00  2.102000e+05  5.194947e-01 6  2.841746e-01  6.496683e+00 1   6.7227  2.654614e-02 -1.170307e+00  0  1.4310  6.426870e+11  0.000000e+00  0.000000e+00  2.997610e-01  5.007719e+01  1.511001e+01  1  1.4310  2.260130e+10  0.000000e+00  0.000000e+00  3.706573e-01  5.641547e+01  3.203363e-02  2  1.4310  9.181567e+12  2.812559e-01 -7.510531e+00  2.474501e-01  5.178285e+01  5.356810e+00  3  1.4310  7.970383e+10  2.812559e-01 -7.510531e+00  1.634503e-01  1.334804e+01  4.101569e-02  4  1.4310  6.722707e+00  0.000000e+00  0.000000e+00  9.243869e-02 -8.071326e+01  0.000000e+00 
3  6.293384e+00  3.576792e+00  1.570390e+05  8.044369e-01 6  2.744832e-01  9.481815e+00 1   5.1091  7.758933e-01 -8.025267e-01  0  1.5370  2.777769e+12  0.000000e+00  0.000000e+00  4.674704e-01  1.212897e+02  1.151852e+01  1  1.5370  5.335186e+10  0.000000e+00  0.000000e+00  5.761969e-01  1.271137e+02  5.507423e-02  2  1.5370  1.544756e+13  1.690359e+01 -1.518884e+01  2.417865e-01  2.684517e+01  7.084429e+00  3  1.5370  9.509345e+10  1.690359e+01 -1.518884e+01  1.981810e-01  1.832791e+01  6.172488e-02  4  1.5370  5.109120e+00  0.000000e+00  0.000000e+00  2.477426e-02  4.242859e+01  0.000000e+00 
3  1.979341e+01  1.820793e+01  2.115890e+05  1.555086e-01 6  2.741216e-01  3.133942e+01 1   4.5542 -3.443179e-01 -2.984474e-01  0  2.1290  4.277995e+11  0.000000e+00  0.000000e+00  1.766473e-01 -4.619653e+01  7.111214e+00  1  2.1290  9.315010e+09  0.000000e+00  0.000000e+00  1.929144e-01 -8.079627e+01  4.905785e-02  2  2.1290  3.058132e+12 -6.111569e+00 -6.965037e+00  1.574504e-01 -6.388552e+01  4.415542e+00  3  2.1290  8.245057e+10 -6.111569e+00 -6.965037e+00  2.309360e-01  1.483057e+01  1.732580e-02  4  2.1290  4.554238e+00  0.000000e+00  0.000000e+00  4.207292e-02 -1.458755e+02  0.000000e+00 
3  8.161445e+00  6.049386e+00  2.369200e+05  1.902779e-01 6 -1.000000e+00  1.225532e+01 1   7.6999  6.504908e-02  1.064585e-01 -1 -1.0000 -1.000000e+00 -1.000000e+00 -1.000000e+00 -1.000000e+00 -1.000000e+00 -1.000000e+00 -1 -1.0000 -1.000000e+00 -1.000000e+00 -1.000000e+00 -1.000000e+00 -1.000000e+00 -1.000000e+00  0  2.6880  1.037923e+12  0.000000e+00  0.000000e+00  1.718478e-01  4.666224e+01  2.702491e+00  1  2.6880  1.537479e+10  0.000000e+00  0.000000e+00  1.599783e-01  5.413622e+01  5.428017e-02  2  2.6880  7.699858e+00  0.000000e+00  0.000000e+00  3.266603e-02 -3.005683e+01  0.000000e+00 
3  2.844703e+01  2.683881e+01  3.137200e+04  1.171460e+00 6 -1.000000e+00  7.979183e+01 3   3.0028 -2.626711e-01 -2.299550e-01 -1 -1.0000 -1.000000e+00 -1.000000e+00 -1.000000e+00 -1.000000e+00 -1.000000e+00 -1.000000e+00 -1 -1.0000 -1.000000e+00 -1.000000e+00 -1.000000e+00 -1.000000e+00 -1.000000e+00 -1.000000e+00  0  0.3110  4.900468e+12  0.000000e+00  0.000000e+00  2.996345e-01 -7.062843e+01  6.265850e+00  1  0.3110  1.018980e+11  0.000000e+00  0.000000e+00  2.243373e-01 -1.002431e+02  2.045640e-01  2  0.3110  3.002778e+00  0.000000e+00  0.000000e+00  8.369296e-02  1.459637e+02  0.000000e+00 
3  9.470834e+00  1.273534e+01  3.542230e+05  5.843020e-01 6  3.035704e-01  1.398003e+01 1  15.8613 -1.067279e+00  1.584094e+00  0  0.6720  5.834748e+11  0.000000e+00  0.000000e+00  1.901371e-01 -1.447570e+02  2.666109e+01  1  0.6720  2.219261e+10  0.000000e+00  0.000000e+00  5.747036e-01 -1.409576e+02  2.496021e-01  2  0.6720  1.358273e+13 -1.796606e+01  2.248053e+01  2.719411e-01 -3.449820e+01  6.115848e+00  3  0.6720  8.674739e+10 -1.796606e+01  2.248053e+01  2.758418e-01 -2.587554e+01  8.305797e-02  4  0.6720  1.586128e+01  0.000000e+00  0.000000e+00  1.182855e-01 -1.532904e+02  0.000000e+00 
3  1.616846e+00  1.172320e+00  1.164010e+05  5.292281e-01 6 -1.000000e+00  2.031849e+00 1   6.6356 -3.109102e-01  4.041134e-01 -1 -1.0000 -1.000000e+00 -1.000000e+00 -1.000000e+00 -1.000000e+00 -1.000000e+00 -1.000000e+00 -1 -1.0000 -1.000000e+00 -1.000000e+00 -1.000000e+00 -1.000000e+00 -1.000000e+00 -1.000000e+00  0  0.6880  1.043817e+12  0.000000e+00  0.000000e+00  1.518092e-01  1.403958e+02  1.032615e+01  1  0.6880  5.040653e+10  0.000000e+00  0.000000e+00  4.497640e-01  1.526421e+02  1.025211e-01  2  0.6880  6.635614e+00  0.000000e+00  0.000000e+00  1.248244e-01  1.090456e+02  0.000000e+00 
3  1.880217e+01  2.438806e+01  3.451400e+04  1.085731e+00 6  2.794116e-01  2.480736e+01 1   3.9834  1.965035e-01  1.299853e+00  0  0.8810  2.193685e+12  0.000000e+00  0.000000e+00  3.719843e-01 -1.204645e+02  1.920666e+01  1  0.8810  5.520306e+10  0.000000e+00  0.000000e+00  2.320112e-01 -1.158284e+02  1.397034e-01  2  0.8810  6.287991e+12 -3.842105e+00  2.881153e+01  7.141197e-02  1.918642e+01  3.666690e+00  3  0.8810  9.009014e+10 -3.842105e+00  2.881153e+01  4.823152e-01  5.596793e+01  9.783712e-02  4  0.8810  3.983393e+00  0.000000e+00  0.000000e+00  1.613138e-01  1.659580e+01  0.000000e+00 
3  2.614222e+00  1.812110e+00  3.692050e+05  4.729069e-01 6 -1.000000e+00  5.022632e+00 3  16.2653 -2.438374e-02 -1.993386e-01 -1 -1.0000 -1.000000e+00 -1.000000e+00 -1.000000e+00 -1.000000e+00 -1.000000e+00 -1.000000e+00 -1 -1.0000 -1.000000e+00 -1.000000e+00 -1.000000e+00 -1.000000e+00 -1.000000e+00 -1.000000e+00  0  0.9090  8.254773e+11  0.000000e+00  0.000000e+00  6.529661e-02  5.607582e+01  6.415855e+00  1  0.9090  3.662074e+10  0.000000e+00  0.000000e+00  9.266882e-02  1.171732e+02  1.028864e-01  2  0.9090  1.626528e+01  0.000000e+00  0.000000e+00  2.317337e-01 -1.757292e+00  0.000000e+00 
1  9.612879e+00  2.006545e+01  3.837380e+05  2.391397e+00 0 -1.000000e+00  2.006545e+01 2   3.5974  1.732451e+00 -1.771284e+00 -1 -1.0000 -1.000000e+00 -1.000000e+00 -1.000000e+00 -1.000000e+00 -1.000000e+00 -1.000000e+00 -1 -1.0000 -1.000000e+00 -1.000000e+00 -1.000000e+00 -1.000000e+00 -1.000000e+00 -1.000000e+00  0  1.1100  7.496618e+13  0.000000e+00  0.000000e+00  3.300055e-01  3.040763e+01  4.795727e+00  1  1.1100  2.506716e+11  0.000000e+00  0.000000e+00  3.630446e-01  2.194007e+01  1.264136e-01  2  1.1100  3.597372e+00  0.000000e+00  0.000000e+00  1.129652e-01  9.756170e+01  0.000000e+00 
3  3.039979e+01  1.572063e+01  1.367320e+05  4.341652e-01 6 -1.000000e+00  3.883724e+01 1   2.2367 -9.073558e-02 -3.345559e-01 -1 -1.0000 -1.000000e+00 -1.000000e+00 -1.000000e+00 -1.000000e+00 -1.000000e+00 -1.000000e+00 -1 -1.0000 -1.000000e+00 -1.000000e+00 -1.000000e+00 -1.000000e+00 -1.000000e+00 -1.000000e+00  0  1.3530  3.192730e+12  0.000000e+00  0.000000e+00  3.167095e-01  2.300563e+01  3.986659e+00  1  1.3530  8.013109e+10  0.000000e+00  0.000000e+00  2.893066e-01  8.729521e+01  7.345818e-02  2  1.3530  2.236660e+00  0.000000e+00  0.000000e+00  2.729689e-02  9.620946e+01  0.000000e+00 
2  1.150110e+01  1.302157e+01  1.855890e+05  1.413984e+00 6 -1.000000e+00  2.517172e+01 3   6.9240 -5.967582e-01 -1.343525e-01 -1 -1.0000 -1.000000e+00 -1.000000e+00 -1.000000e+00 -1.000000e+00 -1.000000e+00 -1.000000e+00 -1 -1.0000 -1.000000e+00 -1.000000e+00 -1.000000e+00 -1.000000e+00 -1.000000e+00 -1.000000e+00  0  1.6000  2.656283e+13  0.000000e+00  0.000000e+00  2.503142e-01 -1.267340e+02  4.221985e+00  1  1.6000  9.693474e+10  0.000000e+00  0.000000e+00  3.482969e-01 -1.671979e+02  2.329799e-02  2  1.6000  6.923977e+00  0.000000e+00  0.000000e+00  1.346903e-01 -3.018798e+01  0.000000e+00 
3  9.382394e+00  5.927882e+00  1.679510e+05  1.072770e-01 6 -1.000000e+00  1.180659e+01 1   3.8752 -8.211935e-02 -4.609860e-02 -1 -1.0000 -1.000000e+00 -1.000000e+00 -1.000000e+00 -1.000000e+00 -1.000000e+00 -1.000000e+00 -1 -1.0000 -1.000000e+00 -1.000000e+00 -1.000000e+00 -1.000000e+00 -1.000000e+00 -1.000000e+00  0  1.8640  6.466360e+11  0.000000e+00  0.000000e+00  3.292888e-01 -6.541972e-01  3.858097e+00  1  1.8640  9.104516e+09  0.000000e+00  0.000000e+00  3.589588e-01 -1.558551e+01  3.328382e-02  2  1.8640  3.875160e+00  0.000000e+00  0.000000e+00  1.020598e-01  1.791112e+02  0.000000e+00 
3  5.305691e+00  2.570625e+00  3.824110e+05  3.650661e-01 6 -1.000000e+00  7.439986e+00 1   3.0973 -1.550436e-01 -2.806250e-01 -1 -1.0000 -1.000000e+00 -1.000000e+00 -1.000000e+00 -1.000000e+00 -1.000000e+00 -1.000000e+00 -1 -1.0000 -1.000000e+00 -1.000000e+00 -1.000000e+00 -1.000000e+00 -1.000000e+00 -1.000000e+00  0  2.2120  1.029377e+13  0.000000e+00  0.000000e+00  2.293169e-01  8.860805e+01  3.826670e+00  1  2.2120  8.497305e+10  0.000000e+00  0.000000e+00  3.152585e-01  5.722915e+01  4.274293e-02  2  2.2120  3.097337e+00  0.000000e+00  0.000000e+00  5.439069e-02  1.041241e+01  0.000000e+00 
3  7.883838e+00  1.348568e+01  3.201160e+05  6.042922e+00 6 -1.000000e+00  1.404105e+01 3   6.6275 -9.605685e-01  8.084661e-01 -1 -1.0000 -1.000000e+00 -1.000000e+00 -1.000000e+00 -1.000000e+00 -1.000000e+00 -1.000000e+00 -1 -1.0000 -1.000000e+00 -1.000000e+00 -1.000000e+00 -1.000000e+00 -1.000000e+00 -1.000000e+00  0  0.4390  3.272996e+13  0.000000e+00  0.000000e+00  3.257449e-01  6.040011e+01  1.727905e+01  1  0.4390  2.946555e+11  0.000000e+00  0.000000e+00  2.421550e-01  6.120468e+01  1.011924e+00  2  0.4390  6.627527e+00  0.000000e+00  0.000000e+00  2.120212e-01 -4.863801e+01  0.000000e+00 
3  7.458967e+01  4.357646e+01  2.996690e+05  3.998633e-01 6 -1.000000e+00  9.943974e+01 1   1.2945 -3.573760e-01 -5.518758e-02 -1 -1.0000 -1.000000e+00 -1.000000e+00 -1.000000e+00 -1.000000e+00 -1.000000e+00 -1.000000e+00 -1 -1.0000 -1.000000e+00 -1.000000e+00 -1.000000e+00 -1.000000e+00 -1.000000e+00 -1.000000e+00  0  0.7450  4.188285e+12  0.000000e+00  0.000000e+00  9.848838e-02 -1.741207e+02  5.829861e+00  1  0.7450  7.464181e+10  0.000000e+00  0.000000e+00  1.753220e-01 -1.972949e+02  1.127829e-01  2  0.7450  1.294519e+00  0.000000e+00  0.000000e+00  2.165008e-02 -1.895423e+01  0.000000e+00 
1  2.547359e+00  5.478631e+00  1.799300e+04  1.018863e+01 0 -1.000000e+00  5.478631e+00 2   5.8295 -6.823985e+00 -9.324600e+00 -1 -1.0000 -1.000000e+00 -1.000000e+00 -1.000000e+00 -1.000000e+00 -1.000000e+00 -1.000000e+00 -1 -1.0000 -1.000000e+00 -1.000000e+00 -1.000000e+00 -1.000000e+00 -1.000000e+00 -1.000000e+00  0  1.2110  2.836490e+14  0.000000e+00  0.000000e+00  4.582333e-01 -3.571088e+01  5.298222e+00  1  1.2110  2.950845e+11  0.000000e+00  0.000000e+00  2.281020e-01 -3.930629e+01  8.754390e-02  2  1.2110  5.829533e+00  0.000000e+00  0.000000e+00  4.515355e-02  1.041845e+02  0.000000e+00 
5  1.150694e+01  2.193701e+01  2.960480e+05  1.484435e-01 6 -1.000000e+00  2.472121e+01 3   2.9085  4.986018e-03  2.774059e-03 -1 -1.0000 -1.000000e+00 -1.000000e+00 -1.000000e+00 -1.000000e+00 -1.000000e+00 -1.000000e+00 -1 -1.0000 -1.000000e+00 -1.000000e+00 -1.000000e+00 -1.000000e+00 -1.000000e+00 -1.000000e+00  0  1.2560  5.820152e+11  0.000000e+00  0.000000e+00  2.086187e-01 -3.029773e+01  5.556018e+00  1  1.2560  9.603529e+09  0.000000e+00  0.000000e+00  1.814116e-01  3.426847e+01  4.040543e-02  2  1.2560  2.908544e+00  0.000000e+00  0.000000e+00  8.330288e-02 -1.475488e+00  0.000000e+00 
3  1.436185e+01  7.574239e+00  2.854650e+05  3.507820e-01 6 -1.000000e+00  2.292224e+01 1   5.6728  2.268085e-01  8.170260e-02 -1 -1.0000 -1.000000e+00 -1.000000e+00 -1.000000e+00 -1.000000e+00 -1.000000e+00 -1.000000e+00 -1 -1.0000 -1.000000e+00 -1.000000e+00 -1.000000e+00 -1.000000e+00 -1.000000e+00 -1.000000e+00  0  1.4090  1.254976e+12  0.000000e+00  0.000000e+00  1.531396e-01 -6.718441e+01  3.030193e+00  1  1.4090  3.295086e+10  0.000000e+00  0.000000e+00  1.359005e-01 -9.233621e+01  7.003527e-02  2  1.4090  5.672790e+00  0.000000e+00  0.000000e+00  9.717029e-02  1.289500e+02  0.000000e+00 
3  4.148565e+00  3.157346e+00  3.046850e+05  2.986443e-01 6 -1.000000e+00  5.352366e+00 1   8.5493  1.065161e-01 -2.571186e-02 -1 -1.0000 -1.000000e+00 -1.000000e+00 -1.000000e+00 -1.000000e+00 -1.000000e+00 -1.000000e+00 -1 -1.0000 -1.000000e+00 -1.000000e+00 -1.000000e+00 -1.000000e+00 -1.000000e+00 -1.000000e+00  0  2.6020  1.497590e+12  0.000000e+00  0.000000e+00  2.826174e-01  1.428876e+02  2.229022e+00  1  2.6020  2.983977e+10  0.000000e+00  0.000000e+00  4.019891e-01  1.294561e+02  2.614972e-02  2  2.6020  8.549341e+00  0.000000e+00  0.000000e+00  2.112128e-01  1.264701e+02  0.000000e+00 
3  2.689761e+00  1.439150e+00  9.516100e+04  1.043821e+00 6 -1.000000e+00  3.728570e+00 1   5.9990  6.526984e-01  5.779637e-01 -1 -1.0000 -1.000000e+00 -1.000000e+00 -1.000000e+00 -1.000000e+00 -1.000000e+00 -1.000000e+00 -1 -1.0000 -1.000000e+00 -1.000000e+00 -1.000000e+00 -1.000000e+00 -1.000000e+00 -1.000000e+00  0  0.2570  2.453332e+12  0.000000e+00  0.000000e+00  3.317961e-01  9.643902e+01  7.705740e+00  1  0.2570  9.933662e+10  0.000000e+00  0.000000e+00  2.318167e-01  1.682610e+02  1.496382e-01  2  0.2570  5.998953e+00  0.000000e+00  0.000000e+00  9.584011e-02  1.670141e+02  0.000000e+00 
3  1.381273e+00  5.764907e-01  2.166950e+05  1.024506e+00 6 -1.000000e+00  1.796078e+00 1   8.6698 -2.498331e-01  1.139909e+00 -1 -1.0000 -1.000000e+00 -1.000000e+00 -1.000000e+00 -1.000000e+00 -1.000000e+00 -1.000000e+00 -1 -1.0000 -1.000000e+00 -1.000000e+00 -1.000000e+00 -1.000000e+00 -1.000000e+00 -1.000000e+00  0  0.6530  2.287310e+13  0.000000e+00  0.000000e+00  1.293734e-01 -6.401754e+01  2.058055e+00  1  0.6530  1.528005e+11  0.000000e+00  0.000000e+00  2.128877e-01 -3.123499e+01  1.505827e-01  2  0.6530  8.669804e+00  0.000000e+00  0.000000e+00  2.598573e-01 -5.495205e+01  0.000000e+00 
3  9.791781e+00  5.838321e+00  2.102240e+05  4.785482e-01 6 -1.000000e+00  1.491355e+01 1   4.2395 -2.299839e-01  3.153334e-01 -1 -1.0000 -1.000000e+00 -1.000000e+00 -1.000000e+00 -1.000000e+00 -1.000000e+00 -1.000000e+00 -1 -1.0000 -1.000000e+00 -1.000000e+00 -1.000000e+00 -1.000000e+00 -1.000000e+00 -1.000000e+00  0  0.6980  1.367457e+12  0.000000e+00  0.000000e+00  1.001805e-01 -1.642153e+02  5.973366e+00  1  0.6980  5.617367e+10  0.000000e+00  0.000000e+00  3.113270e-01 -1.780456e+02  9.871696e-02  2  0.6980  4.239527e+00  0.000000e+00  0.000000e+00  7.859082e-02  6.719842e+01  0.000000e+00 
1  1.032486e+01  1.934247e+01  8.774100e+04  3.537640e+00 0 -1.000000e+00  1.934247e+01 2   5.5710  3.725632e+00  4.715541e+00 -1 -1.0000 -1.000000e+00 -1.000000e+00 -1.000000e+00 -1.000000e+00 -1.000000e+00 -1.000000e+00 -1 -1.0000 -1.000000e+00 -1.000000e+00 -1.000000e+00 -1.000000e+00 -1.000000e+00 -1.000000e+00  0  0.7210  9.446683e+13  0.000000e+00  0.000000e+00  3.692366e-01  1.452213e+02  4.816243e+00  1  0.7210  3.773202e+11  0.000000e+00  0.000000e+00  1.621816e-01  1.142347e+02  4.694357e-01  2  0.7210  5.571003e+00  0.000000e+00  0.000000e+00  3.025784e-02  1.096279e+02  0.000000e+00 
3  1.163816e+01  1.539188e+01  2.891270e+05  5.068861e-01 6 -1.000000e+00  3.417215e+01 3   7.3219 -4.703790e-02  6.894204e-02 -1 -1.0000 -1.000000e+00 -1.000000e+00 -1.000000e+00 -1.000000e+00 -1.000000e+00 -1.000000e+00 -1 -1.0000 -1.000000e+00 -1.000000e+00 -1.000000e+00 -1.000000e+00 -1.000000e+00 -1.000000e+00  0  0.8090  9.348274e+11  0.000000e+00  0.000000e+00  5.204954e-01 -1.101861e+02  8.377413e+00  1  0.8090  4.114468e+10  0.000000e+00  0.000000e+00  3.655553e-01 -1.422071e+02  7.417971e-02  2  0.8090  7.321860e+00  0.000000e+00  0.000000e+00  9.780104e-02  1.724207e+02  0.000000e+00 
3  2.683776e+01  1.138348e+01  5.882500e+04  3.502553e-01 6 -1.000000e+00  3.347573e+01 1   2.7538  2.154958e-01 -8.218645e-02 -1 -1.0000 -1.000000e+00 -1.000000e+00 -1.000000e+00 -1.000000e+00 -1.000000e+00 -1.000000e+00 -1 -1.0000 -1.000000e+00 -1.000000e+00 -1.000000e+00 -1.000000e+00 -1.000000e+00 -1.000000e+00  0  0.9260  5.101100e+11  0.000000e+00  0.000000e+00  1.138721e-01 -1.352695e+02  6.540990e+00  1  0.9260  1.392601e+10  0.000000e+00  0.000000e+00  5.632069e-01 -8.670012e+01  2.497206e-02  2  0.9260  2.753823e+00  0.000000e+00  0.000000e+00  1.208535e-01  4.757885e+00  0.000000e+00 
3  7.410941e+00  4.830590e+00  5.855600e+04  2.767073e-01 6 -1.000000e+00  1.281029e+01 1   9.1121  1.585046e-01  7.835634e-02 -1 -1.0000 -1.000000e+00 -1.000000e+00 -1.000000e+00 -1.000000e+00 -1.000000e+00 -1.000000e+00 -1 -1.0000 -1.000000e+00 -1.000000e+00 -1.000000e+00 -1.000000e+00 -1.000000e+00 -1.000000e+00  0  0.9290  4.926781e+11  0.000000e+00  0.000000e+00  2.402650e-01  1.234629e+02  7.313716e+00  1  0.9290  1.596638e+10  0.000000e+00  0.000000e+00  4.270058e-01  1.403325e+02  5.152736e-02  2  0.9290  9.112102e+00  0.000000e+00  0.000000e+00  8.475838e-02 -1.063795e+02  0.000000e+00 
5  7.729320e+00  2.037624e+01  2.868900e+04  3.914136e+00 6 -1.000000e+00  2.508747e+01 3   7.9559 -8.726877e-01 -2.060064e+00 -1 -1.0000 -1.000000e+00 -1.000000e+00 -1.000000e+00 -1.000000e+00 -1.000000e+00 -1.000000e+00 -1 -1.0000 -1.000000e+00 -1.000000e+00 -1.000000e+00 -1.000000e+00 -1.000000e+00 -1.000000e+00  0  1.1740  8.140592e+13  0.000000e+00  0.000000e+00  3.228567e-01  1.479874e+02  4.642737e+00  1  1.1740  2.433083e+11  0.000000e+00  0.000000e+00  2.215474e-01  1.004931e+02  1.398840e-01  2  1.1740  7.955864e+00  0.000000e+00  0.000000e+00  1.231775e-01  1.657321e+02  0.000000e+00 
3  4.065606e+01  1.439986e+01  1.521800e+04  9.644940e-01 6 -1.000000e+00  7.135987e+01 2   1.7871  1.794027e-01  7.832635e-01 -1 -1.0000 -1.000000e+00 -1.000000e+00 -1.000000e+00 -1.000000e+00 -1.000000e+00 -1.000000e+00 -1 -1.0000 -1.000000e+00 -1.000000e+00 -1.000000e+00 -1.000000e+00 -1.000000e+00 -1.000000e+00  0  1.2000  5.587706e+13  0.000000e+00  0.000000e+00  4.181090e-01 -1.601508e+02  5.333662e+00  1  1.2000  2.029533e+11  0.000000e+00  0.000000e+00  3.167088e-01 -1.061633e+02  6.411049e-02  2  1.2000  1.787114e+00  0.000000e+00  0.000000e+00  4.350089e-02  1.279918e+02  0.000000e+00 
3  3.703270e+00  6.131210e+00  1.398180e+05  3.533480e-01 6 -1.000000e+00  9.393756e+00 3   7.1885  3.056397e-02  6.683883e-02 -1 -1.0000 -1.000000e+00 -1.000000e+00 -1.000000e+00 -1.000000e+00 -1.000000e+00 -1.000000e+00 -1 -1.0000 -1.000000e+00 -1.000000e+00 -1.000000e+00 -1.000000e+00 -1.000000e+00 -1.000000e+00  0  1.2530  9.786545e+11  0.000000e+00  0.000000e+00  2.058987e-01 -1.439849e+01  4.308542e+00  1  1.2530  3.589277e+10  0.000000e+00  0.000000e+00  4.207178e-01  4.464099e+01  7.756938e-02  2  1.2530  7.188536e+00  0.000000e+00  0.000000e+00  5.955335e-02  1.268149e+02  0.000000e+00 
3  2.062504e+01  1.114705e+01  1.649300e+05  2.322205e-01 6 -1.000000e+00  3.172003e+01 1   4.3900  7.483507e-02 -1.141957e-01 -1 -1.0000 -1.000000e+00 -1.000000e+00 -1.000000e+00 -1.000000e+00 -1.000000e+00 -1.000000e+00 -1 -1.0000 -1.000000e+00 -1.000000e+00 -1.000000e+00 -1.000000e+00 -1.000000e+00 -1.000000e+00  0  1.7330  1.010540e+12  0.000000e+00  0.000000e+00  3.849375e-01  7.019791e+01  5.210375e+00  1  1.7330  1.538836e+10  0.000000e+00  0.000000e+00  3.887505e-01  5.122821e+01  2.067496e-02  2  1.7330  4.390016e+00  0.000000e+00  0.000000e+00  1.005009e-01 -1.329070e+02  0.000000e+00 
3  1.446003e+01  1.604571e+01  4.829400e+04  3.002385e-01 6  2.724501e-01  2.112817e+01 1   4.4955 -1.419069e-01  7.318908e-02  0  1.8530  5.519286e+11  0.000000e+00  0.000000e+00  2.718668e-01  6.457373e+01  1.531172e+01  1  1.8530  1.408728e+10  0.000000e+00  0.000000e+00  3.311113e-02  7.116957e+01  7.740986e-02  2  1.8530  1.109273e+12 -1.077985e+01 -5.266092e+00  2.630232e-01 -4.001606e+01  3.036992e+00  3  1.8530  1.879377e+10 -1.077985e+01 -5.266092e+00  8.848284e-02  2.208360e+00  4.160103e-02  4  1.8530  4.495450e+00  0.000000e+00  0.000000e+00  1.680954e-02 -1.211749e+02  0.000000e+00 
3  2.244936e+01  3.897177e+01  2.960560e+05  2.781914e+00 6  2.924628e-01  4.677892e+01 3   5.7339  2.649012e+00 -6.513094e+00  0  0.4400  1.091712e+13  0.000000e+00  0.000000e+00  1.298829e-01 -1.288028e+01  1.166734e+01  1  0.4400  1.071344e+11  0.000000e+00  0.000000e+00  4.617713e-01  5.634384e+01  2.653865e-01  2  0.4400  1.774996e+14  9.726275e+00 -1.298722e+01  2.289534e-01 -9.712235e+01  3.976355e+00  3  0.4400  6.760622e+11  9.726275e+00 -1.298722e+01  4.024344e-01 -1.273232e+02  1.288812e+00  4  0.4400  5.733854e+00  0.000000e+00  0.000000e+00  9.695771e-02  1.604113e+02  0.000000e+00 
3  3.652760e+01  1.768232e+01  2.856110e+05  4.670664e-01 6 -1.000000e+00  4.430474e+01 1   2.5796 -5.595337e-01  2.404743e-01 -1 -1.0000 -1.000000e+00 -1.000000e+00 -1.000000e+00 -1.000000e+00 -1.000000e+00 -1.000000e+00 -1 -1.0000 -1.000000e+00 -1.000000e+00 -1.000000e+00 -1.000000e+00 -1.000000e+00 -1.000000e+00  0  0.5410  1.774056e+12  0.000000e+00  0.000000e+00  4.839265e-01  1.541029e+02  6.749220e+00  1  0.5410  6.257283e+10  0.000000e+00  0.000000e+00  3.868384e-01  1.903370e+02  1.739710e-01  2  0.5410  2.579599e+00  0.000000e+00  0.000000e+00  6.194909e-02 -1.546968e+02  0.000000e+00 
1  1.389249e+01  2.461945e+01  1.682910e+05  1.712009e+00 0 -1.000000e+00  2.461945e+01 2   2.8093  1.607742e+00  5.112733e-01 -1 -1.0000 -1.000000e+00 -1.000000e+00 -1.000000e+00 -1.000000e+00 -1.000000e+00 -1.000000e+00 -1 -1.0000 -1.000000e+00 -1.000000e+00 -1.000000e+00 -1.000000e+00 -1.000000e+00 -1.000000e+00  0  0.6240  3.453117e+13  0.000000e+00  0.000000e+00  3.446988e-01  1.118799e+02  4.157632e+00  1  0.6240  2.020450e+11  0.000000e+00  0.000000e+00  3.612412e-01  8.806982e+01  2.525085e-01  2  0.6240  2.809306e+00  0.000000e+00  0.000000e+00  2.792986e-02 -3.160309e+01  0.000000e+00 
3  3.460151e+00  3.911186e+00  2.169310e+05  2.602474e+00 6  2.762811e-01  6.283703e+00 3  16.3052  1.559280e+00 -1.406116e+00  0  0.8920  7.169270e+12  0.000000e+00  0.000000e+00  1.951297e-01  9.665287e+01  1.940243e+01  1  0.8920  7.071415e+10  0.000000e+00  0.000000e+00  6.823997e-01  1.367979e+02  1.462971e-01  2  0.8920  1.713295e+13  4.621308e+01 -3.629515e+00  1.494188e-01 -1.362721e+02  4.103043e+00  3  0.8920  1.376525e+11  4.621308e+01 -3.629515e+00  1.611692e-01 -1.628793e+02  3.402140e-01  4  0.8920  1.630517e+01  0.000000e+00  0.000000e+00  1.228744e-01 -1.084236e+01  0.000000e+00 
3  4.778711e+00  2.388020e+00  2.148900e+05  8.053922e-01 6 -1.000000e+00  9.286716e+00 2   8.2967  4.479304e-01 -3.011023e-01 -1 -1.0000 -1.000000e+00 -1.000000e+00 -1.000000e+00 -1.000000e+00 -1.000000e+00 -1.000000e+00 -1 -1.0000 -1.000000e+00 -1.000000e+00 -1.000000e+00 -1.000000e+00 -1.000000e+00 -1.000000e+00  0  1.3280  4.243423e+12  0.000000e+00  0.000000e+00  3.000232e-01  8.459102e+01  5.323199e+00  1  1.3280  7.742169e+10  0.000000e+00  0.000000e+00  7.368436e-02  6.722419e+01  1.035391e-01  2  1.3280  8.296677e+00  0.000000e+00  0.000000e+00  7.087768e-02  4.139429e+01  0.000000e+00 
1  1.105820e+01  1.948255e+01  4.531000e+03  4.665840e-01 0  2.820436e-01  1.948255e+01 2   7.6617 -1.863551e-02 -1.093940e+00  0  1.6750  4.219646e+11  0.000000e+00  0.000000e+00  2.709420e-01 -3.649740e+01  1.681187e+01  1  1.6750  8.959591e+09  0.000000e+00  0.000000e+00  1.827452e-01 -3.811325e+01  4.897739e-02  2  1.6750  1.777214e+13 -3.807596e-01 -3.425293e+00  1.917683e-01  9.373628e+01  3.807022e+00  3  1.6750  1.086150e+11 -3.807596e-01 -3.425293e+00  5.292969e-01  1.389246e+02  4.645801e-02  4  1.6750  7.661729e+00  0.000000e+00  0.000000e+00  9.150573e-02 -1.401697e+02  0.000000e+00 
3  3.670394e+00  2.183226e+00  2.359880e+05  4.041851e-01 6 -1.000000e+00  6.304512e+00 1   5.8469 -9.522248e-02  1.977120e-01 -1 -1.0000 -1.000000e+00 -1.000000e+00 -1.000000e+00 -1.000000e+00 -1.000000e+00 -1.000000e+00 -1 -1.0000 -1.000000e+00 -1.000000e+00 -1.000000e+00 -1.000000e+00 -1.000000e+00 -1.000000e+00  0  1.6820  2.029616e+12  0.000000e+00  0.000000e+00  2.178599e-01 -2.084783e+01  2.752685e+00  1  1.6820  4.412612e+10  0.000000e+00  0.000000e+00  1.237188e-01 -6.015023e+01  3.626457e-02  2  1.6820  5.846852e+00  0.000000e+00  0.000000e+00  1.797836e-01  1.706162e+01  0.000000e+00 
3  4.111764e+01  7.138934e+01  3.311930e+05  7.706854e-01 6  3.213433e-01  8.328937e+01 3   1.4857 -2.905390e+00  2.696867e+00  0  0.4180  7.698521e+11  0.000000e+00  0.000000e+00  2.266914e-01  1.233650e+02  2.728070e+01  1  0.4180  5.236842e+10  0.000000e+00  0.000000e+00  2.928305e-01  1.379965e+02  2.101706e-01  2  0.4180  5.886476e+13 -2.449190e+01  2.052109e+01  4.670350e-01 -1.207494e+02  8.545175e+00  3  0.4180  3.168118e+11 -2.449190e+01  2.052109e+01  2.092463e-01 -8.874089e+01  8.268386e-01  4  0.4180  1.485682e+00  0.000000e+00  0.000000e+00  3.166465e-02  1.509436e+02  0.000000e+00 
3  7.562293e+00  3.401805e+00  3.014430e+05  4.066736e-01 6 -1.000000e+00  8.965505e+00 1   6.1738 -4.868712e-01 -2.482010e-01 -1 -1.0000 -1.000000e+00 -1.000000e+00 -1.000000e+00 -1.000000e+00 -1.000000e+00 -1.000000e+00 -1 -1.0000 -1.000000e+00 -1.000000e+00 -1.000000e+00 -1.000000e+00 -1.000000e+00 -1.000000e+00  0  0.7290  1.230161e+12  0.000000e+00  0.000000e+00  2.578133e-01  1.842074e+01  4.239354e+00  1  0.7290  4.927049e+10  0.000000e+00  0.000000e+00  3.577285e-01  1.592803e+01  1.230543e-01  2  0.7290  6.173759e+00  0.000000e+00  0.000000e+00  1.958159e-01  6.831863e+01  0.000000e+00 
3  1.350939e+01  9.259415e+00  3.734840e+05  5.101019e-01 6 -1.000000e+00  1.686676e+01 1   5.1925  4.199045e-01 -3.800125e-01 -1 -1.0000 -1.000000e+00 -1.000000e+00 -1.000000e+00 -1.000000e+00 -1.000000e+00 -1.000000e+00 -1 -1.0000 -1.000000e+00 -1.000000e+00 -1.000000e+00 -1.000000e+00 -1.000000e+00 -1.000000e+00  0  0.7300  3.153726e+12  0.000000e+00  0.000000e+00  2.026775e-01  5.361508e+00  4.235262e+00  1  0.7300  7.342978e+10  0.000000e+00  0.000000e+00  4.228098e-01 -1.365919e+01  1.299623e-01  2  0.7300  5.192487e+00  0.000000e+00  0.000000e+00  1.857068e-01 -5.554280e+01  0.000000e+00 
5  1.559081e+01  2.215613e+01  8.734300e+04  2.015279e+00 6 -1.000000e+00  2.886451e+01 3   4.0227  3.838985e-01 -2.578683e-01 -1 -1.0000 -1.000000e+00 -1.000000e+00 -1.000000e+00 -1.000000e+00 -1.000000e+00 -1.000000e+00 -1 -1.0000 -1.000000e+00 -1.000000e+00 -1.000000e+00 -1.000000e+00 -1.000000e+00 -1.000000e+00  0  1.0990  5.533895e+13  0.000000e+00  0.000000e+00  6.769576e-01 -1.084337e+02  2.652650e+00  1  1.0990  2.384580e+11  0.000000e+00  0.000000e+00  5.256879e-01 -9.241102e+01  1.514408e-01  2  1.0990  4.022721e+00  0.000000e+00  0.000000e+00  4.871004e-02  8.749850e+01  0.000000e+00 
5  3.295873e+00  4.581125e+00  6.167000e+03  9.181113e-01 6 -1.000000e+00  6.311672e+00 3  14.9856 -3.624829e-01  7.110200e-01 -1 -1.0000 -1.000000e+00 -1.000000e+00 -1.000000e+00 -1.000000e+00 -1.000000e+00 -1.000000e+00 -1 -1.0000 -1.000000e+00 -1.000000e+00 -1.000000e+00 -1.000000e+00 -1.000000e+00 -1.000000e+00  0  1.4340  2.399766e+12  0.000000e+00  0.000000e+00  4.389922e-01  3.595500e+01  1.119717e+01  1  1.4340  9.052354e+10  0.000000e+00  0.000000e+00  3.987272e-01  2.759064e+01  9.695545e-02  2  1.4340  1.498556e+01  0.000000e+00  0.000000e+00  2.788623e-01  3.355526e+01  0.000000e+00 
3  1.129559e+01  7.844245e+00  2.156080e+05  4.632037e-01 6 -1.000000e+00  1.770414e+01 1   5.4124  2.817791e-01 -2.863682e-02 -1 -1.0000 -1.000000e+00 -1.000000e+00 -1.000000e+00 -1.000000e+00 -1.000000e+00 -1.000000e+00 -1 -1.0000 -1.000000e+00 -1.000000e+00 -1.000000e+00 -1.000000e+00 -1.000000e+00 -1.000000e+00  0  1.7970  1.994512e+12  0.000000e+00  0.000000e+00  3.252527e-01 -1.739101e+02  3.696961e+00  1  1.7970  6.608647e+10  0.000000e+00  0.000000e+00  1.780978e-01 -1.357486e+02  4.455548e-02  2  1.7970  5.412387e+00  0.000000e+00  0.000000e+00  8.884424e-02 -8.663584e+01  0.000000e+00 
3  4.246053e+00  3.308316e+00  4.045360e+05  9.877248e-01 6  2.740462e-01  7.652000e+00 3   9.2508 -1.250179e+00  1.747753e-02  0  1.0750  5.323281e+12  0.000000e+00  0.000000e+00  3.824768e-01 -3.866546e+01  4.521498e+00  1  1.0750  8.919798e+10  0.000000e+00  0.000000e+00  2.417339e-01 -1.009217e+02  1.144715e-01  2  1.0750  9.257202e+12 -3.543206e+00  2.007110e+00  2.997370e-01 -1.494823e+01  4.199550e+00  3  1.0750  8.001897e+10 -3.543206e+00  2.007110e+00  4.176062e-01  4.089333e+01  1.936948e-01  4  1.0750  9.250816e+00  0.000000e+00  0.000000e+00  6.247319e-02  1.163395e+02  0.000000e+00 
2  1.472287e+01  4.282001e+00  9.048200e+04  1.277288e+00 6 -1.000000e+00  2.573845e+01 2   7.0777  1.048983e+00  1.981355e-01 -1 -1.0000 -1.000000e+00 -1.000000e+00 -1.000000e+00 -1.000000e+00 -1.000000e+00 -1.000000e+00 -1 -1.0000 -1.000000e+00 -1.000000e+00 -1.000000e+00 -1.000000e+00 -1.000000e+00 -1.000000e+00  0  1.7350  2.148671e+13  0.000000e+00  0.000000e+00  4.527618e-01 -3.910182e+01  3.214806e+00  1  1.7350  1.330524e+11  0.000000e+00  0.000000e+00  3.647632e-01 -7.735095e+01  3.918040e-02  2  1.7350  7.077716e+00  0.000000e+00  0.000000e+00  1.382338e-01 -1.245466e+02  0.000000e+00 
3  5.652592e+00  9.055140e+00  3.154850e+05  1.600378e-01 6  2.713594e-01  1.427253e+01 3   9.9022  3.613493e-01  2.428393e-01  0  2.7100  8.938477e+10  0.000000e+00  0.000000e+00  2.736007e-01 -1.223651e+02  2.834518e+01  1  2.7100  2.959452e+08  0.000000e+00  0.000000e+00  3.601035e-01 -1.151475e+02  1.765158e-02  2  2.7100  1.411882e+12  4.909876e+00  2.598775e+00  3.543398e-01  2.982387e+01  2.457909e+00  3  2.7100  3.512842e+10  4.909876e+00  2.598775e+00  3.301355e-01 -3.762420e+01  3.022987e-02  4  2.7100  9.902238e+00  0.000000e+00  0.000000e+00  1.681359e-01 -5.421811e+01  0.000000e+00 
1  9.251606e+01  1.781234e+02  4.018500e+04  5.646160e+00 0 -1.000000e+00  1.781234e+02 2   1.8870 -9.837286e+00 -5.986485e+00 -1 -1.0000 -1.000000e+00 -1.000000e+00 -1.000000e+00 -1.000000e+00 -1.000000e+00 -1.000000e+00 -1 -1.0000 -1.000000e+00 -1.000000e+00 -1.000000e+00 -1.000000e+00 -1.000000e+00 -1.000000e+00  0  0.2680  2.338196e+14  0.000000e+00  0.000000e+00  3.949015e-01  1.285984e+02  7.139024e+00  1  0.2680  6.662128e+11  0.000000e+00  0.000000e+00  5.150142e-01  1.654484e+02  1.812833e+00  2  0.2680  1.886998e+00  0.000000e+00  0.000000e+00  6.189021e-02  1.258631e+02  0.000000e+00 
3  2.979525e+01  1.345402e+01  2.746580e+05  1.217518e+00 6  3.130810e-01  3.521443e+01 1   2.3341  1.530927e+00  3.378385e+00  0  0.5100  1.043266e+12  0.000000e+00  0.000000e+00  5.110637e-01  8.220776e+01  2.728767e+01  1  0.5100  7.031381e+10  0.000000e+00  0.000000e+00  3.985059e-01  1.124455e+02  1.107002e-01  2  0.5100  4.618280e+13  4.982594e+01  7.582350e+01  3.410533e-01  1.568720e+02  6.082176e+00  3  0.5100  2.774236e+11  4.982594e+01  7.582350e+01  1.179599e-01  1.716131e+02  4.559884e-01  4  0.5100  2.334127e+00  0.000000e+00  0.000000e+00  5.905207e-03  2.125235e+01  0.000000e+00 
1  3.454739e+01  6.338318e+01  2.463000e+04  3.454394e+00 0 -1.000000e+00  6.338318e+01 2   2.5616 -1.334786e+00  1.057437e+00 -1 -1.0000 -1.000000e+00 -1.000000e+00 -1.000000e+00 -1.000000e+00 -1.000000e+00 -1.000000e+00 -1 -1.0000 -1.000000e+00 -1.000000e+00 -1.000000e+00 -1.000000e+00 -1.000000e+00 -1.000000e+00  0  0.6600  8.004418e+13  0.000000e+00  0.000000e+00  2.261539e-01  9.299638e+01  5.778121e+00  1  0.6600  4.607035e+11  0.000000e+00  0.000000e+00  2.182116e-01  1.148227e+02  7.737339e-01  2  0.6600  2.561648e+00  0.000000e+00  0.000000e+00  8.899020e-02  7.892126e+01  0.000000e+00 
3  7.568649e+01  1.319387e+02  1.457260e+05  7.010222e-01 6 -1.000000e+00  2.126835e+02 3   2.7003  5.708228e-02 -1.136090e-01 -1 -1.0000 -1.000000e+00 -1.000000e+00 -1.000000e+00 -1.000000e+00 -1.000000e+00 -1.000000e+00 -1 -1.0000 -1.000000e+00 -1.000000e+00 -1.000000e+00 -1.000000e+00 -1.000000e+00 -1.000000e+00  0  0.7460  5.145600e+12  0.000000e+00  0.000000e+00  2.254499e-01  7.520685e+01  5.892483e+00  1  0.7460  7.270437e+10  0.000000e+00  0.000000e+00  2.354161e-01  1.153410e+02  1.563914e-01  2  0.7460  2.700255e+00  0.000000e+00  0.000000e+00  6.975649e-02 -1.726993e+02  0.000000e+00 
3  5.957317e+01  4.278201e+01  2.400540e+05  5.899883e-01 6 -1.000000e+00  8.401467e+01 1   1.5135 -3.572290e-01  2.090628e-01 -1 -1.0000 -1.000000e+00 -1.000000e+00 -1.000000e+00 -1.000000e+00 -1.000000e+00 -1.000000e+00 -1 -1.0000 -1.000000e+00 -1.000000e+00 -1.000000e+00 -1.000000e+00 -1.000000e+00 -1.000000e+00  0  0.8200  1.211384e+13  0.000000e+00  0.000000e+00  4.435307e-01 -1.252689e+00  5.727787e+00  1  0.8200  1.277977e+11  0.000000e+00  0.000000e+00  4.157372e-01  3.546552e+01  1.027764e-01  2  0.8200  1.513518e+00  0.000000e+00  0.000000e+00  2.891144e-02  1.589339e+02  0.000000e+00 
1  3.253262e+00  6.161346e+00  3.480230e+05  1.117937e-01 0  2.890744e-01  6.161346e+00 2  16.2111 -1.154785e-01 -4.287478e-01  0  1.1770  8.605571e+10  0.000000e+00  0.000000e+00  4.828141e-01 -5.619145e+01  1.934841e+01  1  1.1770  4.423072e+08  0.000000e+00  0.000000e+00  4.693151e-01 -1.328294e+02  3.759857e-02  2  1.1770  6.995211e+11  1.451502e-02 -1.256298e+00  1.291675e-01  1.598826e+02  5.809473e+00  3  1.1770  1.916251e+10  1.451502e-02 -1.256298e+00  3.925287e-01  1.820930e+02  7.997973e-02  4  1.1770  1.621113e+01  0.000000e+00  0.000000e+00  1.079309e-01  9.620530e+01  0.000000e+00 
2  1.513407e+00  1.470212e+00  1.224160e+05  2.115851e+00 6 -1.000000e+00  2.663587e+00 3  11.4027  8.121000e-01  4.747276e-01 -1 -1.0000 -1.000000e+00 -1.000000e+00 -1.000000e+00 -1.000000e+00 -1.000000e+00 -1.000000e+00 -1 -1.0000 -1.000000e+00 -1.000000e+00 -1.000000e+00 -1.000000e+00 -1.000000e+00 -1.000000e+00  0  1.3670  2.304985e+13  0.000000e+00  0.000000e+00  2.020821e-01 -1.150388e+02  5.097769e+00  1  1.3670  1.388549e+11  0.000000e+00  0.000000e+00  9.517085e-02 -4.980282e+01  4.515906e-02  2  1.3670  1.140272e+01  0.000000e+00  0.000000e+00  2.098718e-01 -1.083848e+01  0.000000e+00 
3  1.572511e+01  1.240132e+01  2.717780e+05  3.285468e-01 6 -1.000000e+00  2.459926e+01 1   3.5207  2.568890e-01  7.065093e-02 -1 -1.0000 -1.000000e+00 -1.000000e+00 -1.000000e+00 -1.000000e+00 -1.000000e+00 -1.000000e+00 -1 -1.0000 -1.000000e+00 -1.000000e+00 -1.000000e+00 -1.000000e+00 -1.000000e+00 -1.000000e+00  0  1.4010  1.644393e+12  0.000000e+00  0.000000e+00  9.234536e-02  1.608551e+02  7.564258e+00  1  1.4010  4.488588e+10  0.000000e+00  0.000000e+00  4.754011e-01  1.883484e+02  6.079509e-02  2  1.4010  3.520711e+00  0.000000e+00  0.000000e+00  5.444170e-02 -1.080900e+02  0.000000e+00 
2  1.997848e+01  9.515506e+00  2.537470e+05  7.160594e-01 6 -1.000000e+00  3.624840e+01 2   4.2491  4.608174e-01  1.765688e-01 -1 -1.0000 -1.000000e+00 -1.000000e+00 -1.000000e+00 -1.000000e+00 -1.000000e+00 -1.000000e+00 -1 -1.0000 -1.000000e+00 -1.000000e+00 -1.000000e+00 -1.000000e+00 -1.000000e+00 -1.000000e+00  0  1.5490  9.559706e+12  0.000000e+00  0.000000e+00  3.371472e-01  1.007972e+02  3.923953e+00  1  1.5490  7.562695e+10  0.000000e+00  0.000000e+00  2.447030e-01  6.344786e+01  3.280173e-02  2  1.5490  4.249051e+00  0.000000e+00  0.000000e+00  3.434461e-02 -1.551575e+02  0.000000e+00 
3  1.536399e+01  7.670311e+00  2.489620e+05  5.698579e-01 6 -1.000000e+00  3.154165e+01 2   7.7438 -3.246835e-01 -6.216835e-04 -1 -1.0000 -1.000000e+00 -1.000000e+00 -1.000000e+00 -1.000000e+00 -1.000000e+00 -1.000000e+00 -1 -1.0000 -1.000000e+00 -1.000000e+00 -1.000000e+00 -1.000000e+00 -1.000000e+00 -1.000000e+00  0  2.4180  1.857039e+12  0.000000e+00  0.000000e+00  4.798185e-01 -9.856776e+01  6.431524e+00  1  2.4180  4.373118e+10  0.000000e+00  0.000000e+00  1.645059e-01 -6.292620e+01  3.072196e-02  2  2.4180  7.743804e+00  0.000000e+00  0.000000e+00  1.213757e-02 -1.752016e+02  0.000000e+00 
1  1.492255e+01  3.396173e+01  9.245500e+04  4.321262e-01 0  3.077769e-01  3.396173e+01 2   3.4779  6.454259e-01  4.954830e-01  0  0.5630  2.834563e+11  0.000000e+00  0.000000e+00  2.038872e-01  1.282937e+02  2.506123e+01  1  0.5630  9.956697e+09  0.000000e+00  0.000000e+00  2.256870e-01  1.115285e+02  1.753428e-01  2  0.5630  5.307237e+12  1.258794e+00  1.301793e+00  3.025094e-01 -1.570028e+02  8.391433e+00  3  0.5630  6.929440e+10  1.258794e+00  1.301793e+00  3.514214e-01 -2.229357e+02  8.537397e-02  4  0.5630  3.477866e+00  0.000000e+00  0.000000e+00  1.597879e-01 -1.372090e+02  0.000000e+00 
1  1.162130e+01  2.212082e+01  2.241290e+05  7.598304e-01 0  2.960734e-01  2.212082e+01 2   5.0868 -1.852456e+00 -2.711118e+00  0  0.8270  1.017271e+12  0.000000e+00  0.000000e+00  2.645213e-01 -3.748742e+01  1.323807e+01  1  0.8270  3.657553e+10  0.000000e+00  0.000000e+00  2.960280e-01 -5.955328e+01  4.728607e-02  2  0.8270  2.078796e+13 -4.014214e+00 -5.641040e+00  3.476260e-01  1.587915e+02  5.007158e+00  3  0.8270  1.926634e+11 -4.014214e+00 -5.641040e+00  2.857982e-01  1.927034e+02  1.429843e-01  4  0.8270  5.086817e+00  0.000000e+00  0.000000e+00  7.094632e-02 -2.599021e+01  0.000000e+00 
1  2.534946e+01  4.694879e+01  2.112010e+05  1.481918e-01 0  2.964937e-01  4.694879e+01 2   3.7324 -3.776929e-01 -5.260925e-01  0  1.0370  1.467353e+11  0.000000e+00  0.000000e+00  1.683793e-02  6.179460e+01  2.597542e+01  1  1.0370  2.069872e+09  0.000000e+00  0.000000e+00  3.188399e-01  9.150825e+01  1.552983e-01  2  1.0370  2.590259e+12 -9.446273e+00 -1.064649e+01  1.843910e-01  8.303051e+01  7.058619e+00  3  1.0370  6.383560e+10 -9.446273e+00 -1.064649e+01  1.836672e-01  4.881736e+01  8.666422e-02  4  1.0370  3.732445e+00  0.000000e+00  0.000000e+00  1.167398e-01 -3.393691e+00  0.000000e+00 
3  1.633251e+01  9.913814e+00  3.542520e+05  5.911658e-01 6 -1.000000e+00  2.197894e+01 1   3.3876  2.597016e-01 -3.041311e-01 -1 -1.0000 -1.000000e+00 -1.000000e+00 -1.000000e+00 -1.000000e+00 -1.000000e+00 -1.000000e+00 -1 -1.0000 -1.000000e+00 -1.000000e+00 -1.000000e+00 -1.000000e+00 -1.000000e+00 -1.000000e+00  0  1.1210  1.643420e+12  0.000000e+00  0.000000e+00  2.885123e-01  1.046369e+02  7.937615e+00  1  1.1210  5.447388e+10  0.000000e+00  0.000000e+00  2.925249e-01  8.076815e+01  8.191752e-02  2  1.1210  3.387643e+00  0.000000e+00  0.000000e+00  6.165269e-02 -2.270447e+01  0.000000e+00 
3  9.127490e-01  2.464464e-01  9.650600e+04  1.420537e+00 6  2.725643e-01  1.667939e+00 2   3.5417  8.969014e-01 -1.608258e+00  0  1.5180  1.109809e+13  0.000000e+00  0.000000e+00  3.071483e-01  2.590081e+01  1.021823e+01  1  1.5180  1.214063e+11  0.000000e+00  0.000000e+00  4.945471e-01  6.740600e+01  7.235806e-02  2  1.5180  1.962367e+13 -4.293970e+00 -2.051352e+01  1.983487e-01  1.322947e+02  2.860838e+00  3  1.5180  1.268974e+11 -4.293970e+00 -2.051352e+01  2.423925e-01  8.980879e+01  5.404320e-02  4  1.5180  3.541680e+00  0.000000e+00  0.000000e+00  1.575793e-01 -8.455930e+01  0.000000e+00 
3  1.110906e+01  5.506962e+00  1.394430e+05  4.528074e-01 6 -1.000000e+00  1.351341e+01 1   4.9615  2.015396e-01 -2.942181e-01 -1 -1.0000 -1.000000e+00 -1.000000e+00 -1.000000e+00 -1.000000e+00 -1.000000e+00 -1.000000e+00 -1 -1.0000 -1.000000e+00 -1.000000e+00 -1.000000e+00 -1.000000e+00 -1.000000e+00 -1.000000e+00  0  1.5230  1.465632e+12  0.000000e+00  0.000000e+00  1.899376e-01  2.695424e+01  3.029788e+00  1  1.5230  3.721810e+10  0.000000e+00  0.000000e+00  3.736282e-01  9.148773e+01  2.165193e-02  2  1.5230  4.961517e+00  0.000000e+00  0.000000e+00  1.454244e-01  1.343439e+02  0.000000e+00 
3  1.232456e+01  5.425532e+00  2.336830e+05  3.338659e-01 6 -1.000000e+00  1.610400e+01 1   5.0635 -2.985699e-01 -5.806435e-02 -1 -1.0000 -1.000000e+00 -1.000000e+00 -1.000000e+00 -1.000000e+00 -1.000000e+00 -1.000000e+00 -1 -1.0000 -1.000000e+00 -1.000000e+00 -1.000000e+00 -1.000000e+00 -1.000000e+00 -1.000000e+00  0  0.7220  7.502123e+11  0.000000e+00  0.000000e+00  3.451389e-01  7.697822e+01  4.386488e+00  1  0.7220  2.282329e+10  0.000000e+00  0.000000e+00  5.288523e-02  9.896907e+01  8.934306e-02  2  0.7220  5.063452e+00  0.000000e+00  0.000000e+00  1.064042e-01  6.497892e+01  0.000000e+00 
1  9.207161e+00  1.809346e+01  2.900010e+05  7.501617e-02 0  2.953788e-01  1.809346e+01 2   5.4448  1.424911e-01 -2.212500e-01  0  1.1260  4.686727e+10  0.000000e+00  0.000000e+00  2.328349e-01  2.520495e+01  3.074827e+01  1  1.1260  1.294082e+08  0.000000e+00  0.000000e+00  5.910596e-01  1.175210e+00  5.755567e-02  2  1.1260  5.578959e+11  1.057536e+00 -1.602351e+00  3.177395e-01  1.349996e+02  6.081276e+00  3  1.1260  1.624494e+10  1.057536e+00 -1.602351e+00  1.040357e-01  9.605732e+01  4.588595e-02  4  1.1260  5.444793e+00  0.000000e+00  0.000000e+00  1.750368e-02 -1.223630e+02  0.000000e+00 
3  3.005729e+01  1.925147e+01  1.896190e+05  1.821277e-01 6 -1.000000e+00  4.197133e+01 1   3.1426  2.260091e-02 -1.419682e-01 -1 -1.0000 -1.000000e+00 -1.000000e+00 -1.000000e+00 -1.000000e+00 -1.000000e+00 -1.000000e+00 -1 -1.0000 -1.000000e+00 -1.000000e+00 -1.000000e+00 -1.000000e+00 -1.000000e+00 -1.000000e+00  0  1.1490  7.805053e+11  0.000000e+00  0.000000e+00  1.221223e-01 -1.240102e+02  2.775500e+00  1  1.1490  2.123672e+10  0.000000e+00  0.000000e+00  2.806520e-01 -1.922740e+02  8.671877e-02  2  1.1490  3.142567e+00  0.000000e+00  0.000000e+00  1.324411e-01  5.169704e+01  0.000000e+00 
5  7.949595e+00  1.073397e+01  3.617570e+05  9.469786e-01 6 -1.000000e+00  1.483395e+01 3   9.1844  8.912639e-02  1.956682e-01 -1 -1.0000 -1.000000e+00 -1.000000e+00 -1.000000e+00 -1.000000e+00 -1.000000e+00 -1.000000e+00 -1 -1.0000 -1.000000e+00 -1.000000e+00 -1.000000e+00 -1.000000e+00 -1.000000e+00 -1.000000e+00  0  1.1670  6.715807e+12  0.000000e+00  0.000000e+00  3.865859e-01 -9.441801e+01  3.866058e+00  1  1.1670  1.199522e+11  0.000000e+00  0.000000e+00  6.022114e-01 -5.664641e+01  8.798736e-02  2  1.1670  9.184362e+00  0.000000e+00  0.000000e+00  2.411123e-01  4.998793e+01  0.000000e+00 
3  1.299798e+01  8.836595e+00  1.952120e+05  4.666108e-01 6 -1.000000e+00  2.013536e+01 1   3.9764 -1.436397e-01  1.511740e-01 -1 -1.0000 -1.000000e+00 -1.000000e+00 -1.000000e+00 -1.000000e+00 -1.000000e+00 -1.000000e+00 -1 -1.0000 -1.000000e+00 -1.000000e+00 -1.000000e+00 -1.000000e+00 -1.000000e+00 -1.000000e+00  0  1.6880  1.880690e+12  0.000000e+00  0.000000e+00  2.175803e-01  7.759852e+01  4.332231e+00  1  1.6880  5.913482e+10  0.000000e+00  0.000000e+00  3.461217e-01  6.834402e+01  5.141238e-02  2  1.6880  3.976423e+00  0.000000e+00  0.000000e+00  7.236738e-02  6.996461e+01  0.000000e+00 
3  7.424607e+00  3.472341e+00  3.908480e+05  4.847721e-01 6 -1.000000e+00  9.877548e+00 1   5.4575 -1.575405e-01  4.097545e-01 -1 -1.0000 -1.000000e+00 -1.000000e+00 -1.000000e+00 -1.000000e+00 -1.000000e+00 -1.000000e+00 -1 -1.0000 -1.000000e+00 -1.000000e+00 -1.000000e+00 -1.000000e+00 -1.000000e+00 -1.000000e+00  0  2.2150  2.514452e+12  0.000000e+00  0.000000e+00  3.551208e-01  1.611178e+02  5.089745e+00  1  2.2150  6.605427e+10  0.000000e+00  0.000000e+00  5.842827e-02  1.415060e+02  2.628797e-02  2  2.2150  5.457471e+00  0.000000e+00  0.000000e+00  8.133010e-02 -4.550396e+01  0.000000e+00 
3  3.625391e+00  5.497766e+00  6.248800e+04  4.182527e+00 6 -1.000000e+00  6.221005e+00 1  10.9901  1.724078e+00 -5.012318e-01 -1 -1.0000 -1.000000e+00 -1.000000e+00 -1.000000e+00 -1.000000e+00 -1.000000e+00 -1.000000e+00 -1 -1.0000 -1.000000e+00 -1.000000e+00 -1.000000e+00 -1.000000e+00 -1.000000e+00 -1.000000e+00  0  0.7150  8.363087e+13  0.000000e+00  0.000000e+00  2.728423e-01  1.633046e+01  5.937296e+00  1  0.7150  2.919703e+11  0.000000e+00  0.000000e+00  2.934349e-01 -2.386433e+01  2.745168e-01  2  0.7150  1.099012e+01  0.000000e+00  0.000000e+00  6.316864e-02 -9.518077e+00  0.000000e+00 
3  3.416715e+01  2.125184e+01  3.730370e+05  5.357684e-01 6 -1.000000e+00  3.971719e+01 1   1.8149  2.529739e-01  3.224860e-01 -1 -1.0000 -1.000000e+00 -1.000000e+00 -1.000000e+00 -1.000000e+00 -1.000000e+00 -1.000000e+00 -1 -1.0000 -1.000000e+00 -1.000000e+00 -1.000000e+00 -1.000000e+00 -1.000000e+00 -1.000000e+00  0  0.8060  1.647486e+12  0.000000e+00  0.000000e+00  1.808618e-01 -1.238179e+02  4.471435e+00  1  0.8060  7.220565e+10  0.000000e+00  0.000000e+00  2.545614e-01 -9.278330e+01  9.229475e-02  2  0.8060  1.814864e+00  0.000000e+00  0.000000e+00  1.207107e-01 -1.271593e+02  0.000000e+00 
3  4.781952e+01  2.160724e+01  1.289830e+05  5.285540e-01 6 -1.000000e+00  6.545143e+01 1   2.1865  1.426489e-01  4.402942e-01 -1 -1.0000 -1.000000e+00 -1.000000e+00 -1.000000e+00 -1.000000e+00 -1.000000e+00 -1.000000e+00 -1 -1.0000 -1.000000e+00 -1.000000e+00 -1.000000e+00 -1.000000e+00 -1.000000e+00 -1.000000e+00  0  1.3120  9.856956e+12  0.000000e+00  0.000000e+00  3.019604e-01 -9.870676e+01  4.471787e+00  1  1.3120  8.812855e+10  0.000000e+00  0.000000e+00  1.576419e-01 -9.698860e+01  4.437740e-02  2  1.3120  2.186454e+00  0.000000e+00  0.000000e+00  6.564961e-02  1.978093e+01  0.000000e+00 
3  3.457923e+00  4.777737e+00  3.526620e+05  8.611407e-01 6 -1.000000e+00  5.121010e+00 1   6.2269  3.839095e-02 -3.347198e-01 -1 -1.0000 -1.000000e+00 -1.000000e+00 -1.000000e+00 -1.000000e+00 -1.000000e+00 -1.000000e+00 -1 -1.0000 -1.000000e+00 -1.000000e+00 -1.000000e+00 -1.000000e+00 -1.000000e+00 -1.000000e+00  0  0.5520  9.379334e+11  0.000000e+00  0.000000e+00  5.111318e-01 -5.954648e+01  1.634026e+01  1  0.5520  4.268098e+10  0.000000e+00  0.000000e+00  4.673762e-01 -7.474718e+01  9.666039e-02  2  0.5520  6.226884e+00  0.000000e+00  0.000000e+00  1.021669e-01 -1.297322e+02  0.000000e+00 
3  7.984089e+00  4.089363e+00  1.021560e+05  5.401145e-01 6 -1.000000e+00  1.051117e+01 1   5.7510 -4.628856e-01  1.139778e-01 -1 -1.0000 -1.000000e+00 -1.000000e+00 -1.000000e+00 -1.000000e+00 -1.000000e+00 -1.000000e+00 -1 -1.0000 -1.000000e+00 -1.000000e+00 -1.000000e+00 -1.000000e+00 -1.000000e+00 -1.000000e+00  0  0.7110  1.332123e+12  0.000000e+00  0.000000e+00  4.120616e-01  7.025037e+01  6.294663e+00  1  0.7110  4.766048e+10  0.000000e+00  0.000000e+00  4.032751e-01  3.882179e+01  3.674944e-02  2  0.7110  5.751031e+00  0.000000e+00  0.000000e+00  1.231230e-01  4.316923e+00  0.000000e+00 
3  3.010448e+01  1.562046e+01  9.399000e+04  1.234370e+00 6  2.816372e-01  8.128787e+01 2   3.0189 -7.954104e-01  2.316398e+00  0  0.8230  4.004575e+12  0.000000e+00  0.000000e+00  1.846444e-01  4.892277e+01  1.554980e+01  1  0.8230  8.235258e+10  0.000000e+00  0.000000e+00  1.822656e-01  1.423586e+02  8.670225e-02  2  0.8230  1.779484e+13 -3.505815e+00  1.758147e+01  9.101965e-02 -1.312163e+02  4.312120e+00  3  0.8230  1.293631e+11 -3.505815e+00  1.758147e+01  2.362511e-01 -1.679117e+02  2.873254e-01  4  0.8230  3.018879e+00  0.000000e+00  0.000000e+00  1.499429e-01 -1.243233e+02  0.000000e+00 
1  1.863136e+01  3.673189e+01  1.922300e+05  3.912459e-02 0  2.919405e-01  3.673189e+01 2   3.6081  1.495815e-02 -4.713386e-02  0  0.9590  2.207642e+10  0.000000e+00  0.000000e+00  2.276387e-01 -1.060523e+02  3.400753e+01  1  0.9590  3.127777e+07  0.000000e+00  0.000000e+00  4.894337e-01 -9.604516e+01  1.138646e-01  2  0.9590  1.551721e+11  2.725608e-01 -4.787298e-01  3.952179e-01  1.767482e+02  1.155370e+01  3  0.9590  7.931117e+08  2.725608e-01 -4.787298e-01  1.576529e-01  1.444672e+02  1.511680e-01  4  0.9590  3.608145e+00  0.000000e+00  0.000000e+00  3.816756e-02  8.176129e+01  0.000000e+00 
1  8.500192e+00  1.961675e+01  3.358000e+05  2.012233e+00 0 -1.000000e+00  1.961675e+01 2   9.1137  4.086772e-01  2.191288e+00 -1 -1.0000 -1.000000e+00 -1.000000e+00 -1.000000e+00 -1.000000e+00 -1.000000e+00 -1.000000e+00 -1 -1.0000 -1.000000e+00 -1.000000e+00 -1.000000e+00 -1.000000e+00 -1.000000e+00 -1.000000e+00  0  1.2660  1.835695e+13  0.000000e+00  0.000000e+00  1.712549e-01  1.227656e+02  6.383876e+00  1  1.2660  1.080569e+11  0.000000e+00  0.000000e+00  1.685620e-01  1.146861e+02  6.763108e-02  2  1.2660  9.113700e+00  0.000000e+00  0.000000e+00  2.195509e-01  1.739836e+02  0.000000e+00 
1  1.363442e+01  2.588746e+01  4.656500e+04  1.910470e+00 0 -1.000000e+00  2.588746e+01 2   5.4894  1.992642e+00 -6.849703e-01 -1 -1.0000 -1.000000e+00 -1.000000e+00 -1.000000e+00 -1.000000e+00 -1.000000e+00 -1.000000e+00 -1 -1.0000 -1.000000e+00 -1.000000e+00 -1.000000e+00 -1.000000e+00 -1.000000e+00 -1.000000e+00  0  1.2830  2.453294e+13  0.000000e+00  0.000000e+00  2.529033e-01 -1.102980e+02  5.750425e+00  1  1.2830  1.149297e+11  0.000000e+00  0.000000e+00  2.165382e-01 -1.209536e+02  1.620967e-01  2  1.2830  5.489386e+00  0.000000e+00  0.000000e+00  1.095138e-01 -8.499220e+01  0.000000e+00 
2  1.103027e+01  7.982431e+00  3.451760e+05  4.739437e-01 6 -1.000000e+00  1.788666e+01 1   6.2538  1.392291e-01  2.168074e-01 -1 -1.0000 -1.000000e+00 -1.000000e+00 -1.000000e+00 -1.000000e+00 -1.000000e+00 -1.000000e+00 -1 -1.0000 -1.000000e+00 -1.000000e+00 -1.000000e+00 -1.000000e+00 -1.000000e+00 -1.000000e+00  0  1.3810  1.364412e+12  0.000000e+00  0.000000e+00  2.304483e-01 -2.175351e+01  5.687891e+00  1  1.3810  3.477700e+10  0.000000e+00  0.000000e+00  2.909494e-01  7.125547e+01  3.049208e-02  2  1.3810  6.253806e+00  0.000000e+00  0.000000e+00  2.774393e-02 -1.032761e+02  0.000000e+00 
2  5.966328e+00  2.579668e+00  2.952800e+04  5.461452e-01 6 -1.000000e+00  8.132054e+00 1   5.3806  4.010528e-01 -6.261947e-02 -1 -1.0000 -1.000000e+00 -1.000000e+00 -1.000000e+00 -1.000000e+00 -1.000000e+00 -1.000000e+00 -1 -1.0000 -1.000000e+00 -1.000000e+00 -1.000000e+00 -1.000000e+00 -1.000000e+00 -1.000000e+00  0  1.8670  2.714799e+12  0.000000e+00  0.000000e+00  1.333144e-01  1.281417e+02  1.647904e+00  1  1.8670  6.986573e+10  0.000000e+00  0.000000e+00  3.934337e-01  1.072595e+02  2.025371e-02  2  1.8670  5.380551e+00  0.000000e+00  0.000000e+00  9.002693e-02  5.622795e+01  0.000000e+00 
3  3.238333e+00  7.690599e-01  2.063510e+05  1.054596e+00 6 -1.000000e+00  6.052878e+00 2   9.1772  4.550825e-01  7.764207e-01 -1 -1.0000 -1.000000e+00 -1.000000e+00 -1.000000e+00 -1.000000e+00 -1.000000e+00 -1.000000e+00 -1 -1.0000 -1.000000e+00 -1.000000e+00 -1.000000e+00 -1.000000e+00 -1.000000e+00 -1.000000e+00  0  2.0800  1.045116e+13  0.000000e+00  0.000000e+00  3.165933e-01  1.350469e+02  4.582697e+00  1  2.0800  9.504135e+10  0.000000e+00  0.000000e+00  5.181206e-01  1.274817e+02  6.482757e-02  2  2.0800  9.177231e+00  0.000000e+00  0.000000e+00  1.146512e-01  1.356988e+02  0.000000e+00 
3  2.554214e+01  1.898421e+01  4.044600e+04  1.871604e+00 6 -1.000000e+00  3.558952e+01 1   2.3531 -6.163767e-01 -1.072967e+00 -1 -1.0000 -1.000000e+00 -1.000000e+00 -1.000000e+00 -1.000000e+00 -1.000000e+00 -1.000000e+00 -1 -1.0000 -1.000000e+00 -1.000000e+00 -1.000000e+00 -1.000000e+00 -1.000000e+00 -1.000000e+00  0  0.4190  4.194289e+13  0.000000e+00  0.000000e+00  3.515388e-01 -1.099894e+02  3.740088e+00  1  0.4190  2.914978e+11  0.000000e+00  0.000000e+00  3.016846e-01 -7.478469e+01  4.522804e-01  2  0.4190  2.353091e+00  0.000000e+00  0.000000e+00  9.188669e-02  4.205743e+01  0.000000e+00 
3  2.027707e+01  1.535289e+01  1.861190e+05  1.051093e+00 6 -1.000000e+00  2.814844e+01 1   4.1703  5.315888e-02  8.995511e-01 -1 -1.0000 -1.000000e+00 -1.000000e+00 -1.000000e+00 -1.000000e+00 -1.000000e+00 -1.000000e+00 -1 -1.0000 -1.000000e+00 -1.000000e+00 -1.000000e+00 -1.000000e+00 -1.000000e+00 -1.000000e+00  0  0.4980  4.537670e+12  0.000000e+00  0.000000e+00  7.435080e-02 -1.000982e+02  1.016398e+01  1  0.4980  1.186425e+11  0.000000e+00  0.000000e+00  2.482610e-01 -1.607370e+02  3.139017e-01  2  0.4980  4.170281e+00  0.000000e+00  0.000000e+00  9.287417e-02 -1.040547e+02  0.000000e+00 
3  7.622550e+00  1.166168e+01  3.597550e+05  1.474238e+00 6 -1.000000e+00  1.516411e+01 3   5.4043  6.992089e-01 -9.388024e-02 -1 -1.0000 -1.000000e+00 -1.000000e+00 -1.000000e+00 -1.000000e+00 -1.000000e+00 -1.000000e+00 -1 -1.0000 -1.000000e+00 -1.000000e+00 -1.000000e+00 -1.000000e+00 -1.000000e+00 -1.000000e+00  0  0.7410  3.948994e+13  0.000000e+00  0.000000e+00  4.769078e-01 -1.046229e+01  3.778932e+00  1  0.7410  2.493350e+11  0.000000e+00  0.000000e+00  2.035046e-01 -2.092064e+01  2.950229e-01  2  0.7410  5.404252e+00  0.000000e+00  0.000000e+00  1.037979e-01  2.097121e+01  0.000000e+00 
1  7.513914e+00  1.585294e+01  1.542500e+05  2.704527e+00 0 -1.000000e+00  1.585294e+01 2   1.8954  1.463051e+00 -1.380226e-02 -1 -1.0000 -1.000000e+00 -1.000000e+00 -1.000000e+00 -1.000000e+00 -1.000000e+00 -1.000000e+00 -1 -1.0000 -1.000000e+00 -1.000000e+00 -1.000000e+00 -1.000000e+00 -1.000000e+00 -1.000000e+00  0  0.7430  3.133626e+13  0.000000e+00  0.000000e+00  2.098263e-01 -1.381696e+02  1.202210e+01  1  0.7430  1.630446e+11  0.000000e+00  0.000000e+00  3.609776e-01 -1.123324e+02  1.959860e-01  2  0.7430  1.895351e+00  0.000000e+00  0.000000e+00  9.080236e-02  1.136668e+02  0.000000e+00 
3  7.233997e+00  6.168935e+00  1.080810e+05  6.436090e-01 6  2.988940e-01  1.336576e+01 3   5.3980 -1.946228e+00 -1.702993e-01  0  0.9560  6.089574e+11  0.000000e+00  0.000000e+00  2.397387e-01 -1.577478e+02  1.523188e+01  1  0.9560  2.521735e+10  0.000000e+00  0.000000e+00  1.211543e-01 -1.684398e+02  5.560866e-02  2  0.9560  2.321807e+13 -5.268218e+00  1.751844e+00  5.409707e-01 -1.260782e+02  4.661717e+00  3  0.9560  1.762927e+11 -5.268218e+00  1.751844e+00  3.693697e-01 -8.337499e+01  2.598890e-01  4  0.9560  5.398008e+00  0.000000e+00  0.000000e+00  1.101846e-01  1.739941e+02  0.000000e+00 
3  2.359903e+01  3.113850e+01  3.660280e+05  5.097296e-01 6 -1.000000e+00  4.442005e+01 3   2.5291  7.482524e-03 -1.421797e-01 -1 -1.0000 -1.000000e+00 -1.000000e+00 -1.000000e+00 -1.000000e+00 -1.000000e+00 -1.000000e+00 -1 -1.0000 -1.000000e+00 -1.000000e+00 -1.000000e+00 -1.000000e+00 -1.000000e+00 -1.000000e+00  0  1.1040  5.791224e+12  0.000000e+00  0.000000e+00  2.959403e-01 -1.315305e+02  5.484761e+00  1  1.1040  6.484522e+10  0.000000e+00  0.000000e+00  2.264679e-01 -1.236274e+02  1.241269e-01  2  1.1040  2.529139e+00  0.000000e+00  0.000000e+00  7.186909e-03  1.615506e+02  0.000000e+00 
3  7.766156e+00  3.974342e+00  2.665070e+05  7.601294e-01 6  2.811995e-01  1.165343e+01 1   4.2994 -8.169936e-01 -3.555155e-01  0  1.1450  1.359003e+12  0.000000e+00  0.000000e+00  2.676006e-01  2.512634e+01  1.134572e+01  1  1.1450  7.530189e+10  0.000000e+00  0.000000e+00  1.909021e-01 -1.265613e+01  9.289216e-02  2  1.1450  7.590651e+12 -2.319776e+00 -4.621489e+00  3.597792e-01  1.771743e+02  5.497222e+00  3  1.1450  1.089934e+11 -2.319776e+00 -4.621489e+00  5.538839e-01  2.020890e+02  1.356768e-01  4  1.1450  4.299389e+00  0.000000e+00  0.000000e+00  1.233497e-01  1.437406e+02  0.000000e+00 
3  1.389089e+01  7.177556e+00  2.331210e+05  3.296857e-01 6 -1.000000e+00  1.848467e+01 1   3.9936 -1.764716e-01 -2.886624e-01 -1 -1.0000 -1.000000e+00 -1.000000e+00 -1.000000e+00 -1.000000e+00 -1.000000e+00 -1.000000e+00 -1 -1.0000 -1.000000e+00 -1.000000e+00 -1.000000e+00 -1.000000e+00 -1.000000e+00 -1.000000e+00  0  1.4260  1.613594e+12  0.000000e+00  0.000000e+00  8.756025e-02 -7.760041e+00  4.174471e+00  1  1.4260  4.565821e+10  0.000000e+00  0.000000e+00  3.651044e-01  3.074627e+01  6.625610e-02  2  1.4260  3.993627e+00  0.000000e+00  0.000000e+00  2.430712e-02  4.113104e+01  0.000000e+00 
3  3.381545e+00  2.480631e+00  1.493360e+05  4.238580e-01 6  2.743425e-01  5.079663e+00 1  10.3015  2.041448e-01 -9.787377e-02  0  1.5730  5.984396e+11  0.000000e+00  0.000000e+00  3.459983e-01 -8.275710e+00  1.258636e+01  1  1.5730  2.066431e+10  0.000000e+00  0.000000e+00  2.062614e-01 -1.238747e+01  3.961937e-02  2  1.5730  1.373153e+12  6.880749e+00  9.905308e-01  2.042392e-01  7.595750e+01  4.354321e+00  3  1.5730  5.132428e+10  6.880749e+00  9.905308e-01  6.371705e-01  6.937985e+01  2.808650e-02  4  1.5730  1.030146e+01  0.000000e+00  0.000000e+00  1.044799e-01  6.261883e+01  0.000000e+00 
3  1.130892e+02  5.438114e+01  2.472930e+05  2.384231e-01 6 -1.000000e+00  1.366005e+02 1   2.2912 -1.137084e-01  1.902914e-01 -1 -1.0000 -1.000000e+00 -1.000000e+00 -1.000000e+00 -1.000000e+00 -1.000000e+00 -1.000000e+00 -1 -1.0000 -1.000000e+00 -1.000000e+00 -1.000000e+00 -1.000000e+00 -1.000000e+00 -1.000000e+00  0  1.6300  1.236621e+12  0.000000e+00  0.000000e+00  3.159210e-01 -1.133190e+02  4.366874e+00  1  1.6300  4.832724e+10  0.000000e+00  0.000000e+00  1.495754e-01 -5.923377e+01  3.969778e-02  2  1.6300  2.291201e+00  0.000000e+00  0.000000e+00  7.857383e-02  1.562323e+02  0.000000e+00 
3  1.180301e+01  1.644778e+01  1.374730e+05  5.398586e-01 6 -1.000000e+00  2.046285e+01 3   4.6195 -4.305812e-02  1.676480e-01 -1 -1.0000 -1.000000e+00 -1.000000e+00 -1.000000e+00 -1.000000e+00 -1.000000e+00 -1.000000e+00 -1 -1.0000 -1.000000e+00 -1.000000e+00 -1.000000e+00 -1.000000e+00 -1.000000e+00 -1.000000e+00  0  2.0050  1.663032e+12  0.000000e+00  0.000000e+00  2.277839e-01  9.089638e+01  1.038767e+01  1  2.0050  4.638545e+10  0.000000e+00  0.000000e+00  2.762244e-01  6.982324e+01  8.896320e-02  2  2.0050  4.619514e+00  0.000000e+00  0.000000e+00  1.723065e-01  1.042954e+02  0.000000e+00 
3  1.099133e+01  1.125144e+01  3.749290e+05  7.515577e-01 6  2.984405e-01  1.806488e+01 1   3.7806  1.755294e+00 -1.039344e+00  0  0.4570  1.609491e+12  0.000000e+00  0.000000e+00  2.509752e-01 -8.067340e+00  1.725177e+01  1  0.4570  4.585551e+10  0.000000e+00  0.000000e+00  1.677969e-01 -9.335605e+00  1.590553e-01  2  0.4570  1.555382e+13  5.087565e+01 -3.385871e+01  2.590644e-01 -9.991794e+01  6.198909e+00  3  0.4570  1.817701e+11  5.087565e+01 -3.385871e+01  3.119147e-01 -1.019756e+02  3.459470e-01  4  0.4570  3.780595e+00  0.000000e+00  0.000000e+00  8.799276e-02  1.151733e+02  0.000000e+00 
3  5.052772e+00  2.479436e+00  5.528000e+04  7.837329e-01 6 -1.000000e+00  6.519315e+00 1  10.4804 -6.839058e-01 -8.173643e-02 -1 -1.0000 -1.000000e+00 -1.000000e+00 -1.000000e+00 -1.000000e+00 -1.000000e+00 -1.000000e+00 -1 -1.0000 -1.000000e+00 -1.000000e+00 -1.000000e+00 -1.000000e+00 -1.000000e+00 -1.000000e+00  0  0.7020  2.787899e+12  0.000000e+00  0.000000e+00  3.397759e-01  1.210842e+02  6.746004e+00  1  0.7020  8.886102e+10  0.000000e+00  0.000000e+00  1.537161e-01  1.528626e+02  2.101464e-01  2  0.7020  1.048039e+01  0.000000e+00  0.000000e+00  2.179694e-01 -2.863966e+01  0.000000e+00 
1  9.890173e+00  2.233621e+01  2.141320e+05  4.176002e+00 0 -1.000000e+00  2.233621e+01 2   3.9686  2.479286e+00  2.497137e-02 -1 -1.0000 -1.000000e+00 -1.000000e+00 -1.000000e+00 -1.000000e+00 -1.000000e+00 -1.000000e+00 -1 -1.0000 -1.000000e+00 -1.000000e+00 -1.000000e+00 -1.000000e+00 -1.000000e+00 -1.000000e+00  0  1.0190  1.311354e+14  0.000000e+00  0.000000e+00  3.212275e-01  7.211818e+01  4.183680e+00  1  1.0190  2.370709e+11  0.000000e+00  0.000000e+00  3.696580e-01  4.127127e+01  1.384677e-01  2  1.0190  3.968610e+00  0.000000e+00  0.000000e+00  3.503957e-02 -9.087528e+01  0.000000e+00 
3  7.586760e+00  6.703691e+00  7.382800e+04  4.519147e-01 6  2.836242e-01  1.436417e+01 3   3.1697 -1.605735e-01 -2.625177e-01  0  1.0430  6.633824e+11  0.000000e+00  0.000000e+00  8.700583e-02  3.481986e+01  1.461550e+01  1  1.0430  2.856636e+10  0.000000e+00  0.000000e+00  4.262289e-01  6.626648e+01  7.876677e-02  2  1.0430  3.106678e+12 -3.326432e+00 -8.643468e+00  3.053178e-01  1.588745e+02  3.542218e+00  3  1.0430  7.169691e+10 -3.326432e+00 -8.643468e+00  4.508759e-01  2.610081e+02  5.485864e-02  4  1.0430  3.169722e+00  0.000000e+00  0.000000e+00  1.126366e-01 -3.147971e+01  0.000000e+00 
3  3.554272e+00  1.522869e+00  2.216730e+05  4.265246e-01 6 -1.000000e+00  6.215284e+00 2   7.7756  2.771472e-01 -3.062373e-01 -1 -1.0000 -1.000000e+00 -1.000000e+00 -1.000000e+00 -1.000000e+00 -1.000000e+00 -1.000000e+00 -1 -1.0000 -1.000000e+00 -1.000000e+00 -1.000000e+00 -1.000000e+00 -1.000000e+00 -1.000000e+00  0  1.4810  2.258162e+12  0.000000e+00  0.000000e+00  3.332755e-01  4.387910e+01  3.095763e+00  1  1.4810  5.599022e+10  0.000000e+00  0.000000e+00  2.918196e-01 -8.078636e+00  4.967515e-02  2  1.4810  7.775565e+00  0.000000e+00  0.000000e+00  1.304047e-01 -1.229360e+02  0.000000e+00 
3  5.810518e+00  3.284033e+00  2.723700e+04  1.832285e-01 6 -1.000000e+00  9.409677e+00 1   7.9103  3.015009e-02  1.149490e-01 -1 -1.0000 -1.000000e+00 -1.000000e+00 -1.000000e+00 -1.000000e+00 -1.000000e+00 -1.000000e+00 -1 -1.0000 -1.000000e+00 -1.000000e+00 -1.000000e+00 -1.000000e+00 -1.000000e+00 -1.000000e+00  0  1.8090  6.220363e+11  0.000000e+00  0.000000e+00  1.053290e-01 -7.284432e+00  5.260156e+00  1  1.8090  1.104370e+10  0.000000e+00  0.000000e+00  3.444799e-01 -6.554481e+00  2.485458e-02  2  1.8090  7.910266e+00  0.000000e+00  0.000000e+00  1.999823e-01 -3.674352e+01  0.000000e+00 
3  2.577080e+00  1.190513e+00  2.933340e+05  4.452294e-01 6 -1.000000e+00  3.754391e+00 1   9.4183 -3.546265e-01 -1.833872e-02 -1 -1.0000 -1.000000e+00 -1.000000e+00 -1.000000e+00 -1.000000e+00 -1.000000e+00 -1.000000e+00 -1 -1.0000 -1.000000e+00 -1.000000e+00 -1.000000e+00 -1.000000e+00 -1.000000e+00 -1.000000e+00  0  2.1970  1.915971e+12  0.000000e+00  0.000000e+00  2.046510e-01 -8.862714e+01  3.537354e+00  1  2.1970  4.209951e+10  0.000000e+00  0.000000e+00  8.926239e-02 -6.277779e+01  3.954881e-02  2  2.1970  9.418287e+00  0.000000e+00  0.000000e+00  1.412100e-01  4.786363e+01  0.000000e+00 
3  2.401090e+01  1.490727e+01  2.777900e+04  7.745939e-01 6 -1.000000e+00  3.103871e+01 1   2.1558 -7.541435e-01 -3.696072e-01 -1 -1.0000 -1.000000e+00 -1.000000e+00 -1.000000e+00 -1.000000e+00 -1.000000e+00 -1.000000e+00 -1 -1.0000 -1.000000e+00 -1.000000e+00 -1.000000e+00 -1.000000e+00 -1.000000e+00 -1.000000e+00  0  0.2170  2.699056e+12  0.000000e+00  0.000000e+00  2.053677e-01 -1.220060e+01  9.239570e+00  1  0.2170  7.453682e+10  0.000000e+00  0.000000e+00  4.065758e-01 -2.945339e+01  3.453008e-01  2  0.2170  2.155760e+00  0.000000e+00  0.000000e+00  7.067685e-02 -1.353108e+02  0.000000e+00 
1  1.744341e+00  3.360657e+00  3.643830e+05  2.733869e+00 0  2.730797e-01  3.360657e+00 2   7.1013  5.121546e+00  9.581742e+00  0  0.7860  3.065129e+13  0.000000e+00  0.000000e+00  3.302036e-01 -3.966027e+01  7.135147e+00  1  0.7860  1.555740e+11  0.000000e+00  0.000000e+00  1.975242e-01 -1.047482e+02  4.368937e-01  2  0.7860  2.929612e+14  5.840181e+01  1.045569e+02  3.392934e-01  1.663460e+02  4.493618e+00  3  0.7860  4.411313e+11  5.840181e+01  1.045569e+02  2.601826e-01  1.371082e+02  5.109784e-01  4  0.7860  7.101337e+00  0.000000e+00  0.000000e+00  9.959057e-02  9.098816e+01  0.000000e+00 
3  2.790591e+01  1.759564e+01  3.127800e+05  1.058150e+00 6 -1.000000e+00  5.238880e+01 3   3.1179 -4.987539e-01  4.217912e-01 -1 -1.0000 -1.000000e+00 -1.000000e+00 -1.000000e+00 -1.000000e+00 -1.000000e+00 -1.000000e+00 -1 -1.0000 -1.000000e+00 -1.000000e+00 -1.000000e+00 -1.000000e+00 -1.000000e+00 -1.000000e+00  0  0.7890  4.397380e+13  0.000000e+00  0.000000e+00  6.913462e-02  6.251410e+01  2.293165e+00  1  0.7890  1.900085e+11  0.000000e+00  0.000000e+00  1.412012e-01  2.219235e+01  1.791910e-01  2  0.7890  3.117881e+00  0.000000e+00  0.000000e+00  1.189667e-01  2.557184e+01  0.000000e+00 
3  4.649461e+01  4.481871e+01  9.359700e+04  4.895338e-01 6 -1.000000e+00  6.714785e+01 1   3.5416  2.046779e-01  1.413024e-01 -1 -1.0000 -1.000000e+00 -1.000000e+00 -1.000000e+00 -1.000000e+00 -1.000000e+00 -1.000000e+00 -1 -1.0000 -1.000000e+00 -1.000000e+00 -1.000000e+00 -1.000000e+00 -1.000000e+00 -1.000000e+00  0  0.9290  2.147653e+12  0.000000e+00  0.000000e+00  6.321228e-02  3.877814e+01  4.711544e+00  1  0.9290  5.597422e+10  0.000000e+00  0.000000e+00  2.439677e-02  1.518097e+01  9.518500e-02  2  0.9290  3.541602e+00  0.000000e+00  0.000000e+00  7.734994e-02  6.528166e+01  0.000000e+00 
3  3.674731e+00  2.191253e+00  1.417370e+05  7.262203e-01 6 -1.000000e+00  5.582476e+00 1   5.4976 -4.578773e-01 -1.373873e-02 -1 -1.0000 -1.000000e+00 -1.000000e+00 -1.000000e+00 -1.000000e+00 -1.000000e+00 -1.000000e+00 -1 -1.0000 -1.000000e+00 -1.000000e+00 -1.000000e+00 -1.000000e+00 -1.000000e+00 -1.000000e+00  0  1.1240  2.297162e+12  0.000000e+00  0.000000e+00  1.145224e-01 -1.084174e+02  6.542363e+00  1  1.1240  7.651293e+10  0.000000e+00  0.000000e+00  3.337654e-01 -6.056417e+01  8.174456e-02  2  1.1240  5.497590e+00  0.000000e+00  0.000000e+00  9.100168e-02  1.380657e+02  0.000000e+00 
1  4.415841e+00  9.556477e+00  1.357570e+05  6.377906e+00 0 -1.000000e+00  9.556477e+00 2   6.2420  6.063071e+00 -8.319928e+00 -1 -1.0000 -1.000000e+00 -1.000000e+00 -1.000000e+00 -1.000000e+00 -1.000000e+00 -1.000000e+00 -1 -1.0000 -1.000000e+00 -1.000000e+00 -1.000000e+00 -1.000000e+00 -1.000000e+00 -1.000000e+00  0  1.2960  1.472892e+14  0.000000e+00  0.000000e+00  4.192571e-01  3.890012e+00  6.161517e+00  1  1.2960  2.084733e+11  0.000000e+00  0.000000e+00  5.803294e-01  3.309882e+00  2.256825e-01  2  1.2960  6.241956e+00  0.000000e+00  0.000000e+00  2.503044e-01 -1.337903e+02  0.000000e+00 
3  9.041860e+00  5.359695e+00  3.949240e+05  2.097185e-01 6 -1.000000e+00  1.385186e+01 1   5.2013 -7.660815e-02 -1.512424e-01 -1 -1.0000 -1.000000e+00 -1.000000e+00 -1.000000e+00 -1.000000e+00 -1.000000e+00 -1.000000e+00 -1 -1.0000 -1.000000e+00 -1.000000e+00 -1.000000e+00 -1.000000e+00 -1.000000e+00 -1.000000e+00  0  1.5150  6.254098e+11  0.000000e+00  0.000000e+00  1.692553e-01  4.433303e+00  7.002479e+00  1  1.5150  1.126879e+10  0.000000e+00  0.000000e+00  4.198231e-01  5.119848e+01  4.360828e-02  2  1.5150  5.201278e+00  0.000000e+00  0.000000e+00  1.393823e-02 -4.417435e+01  0.000000e+00 
3  9.922197e+00  5.288126e+00  2.592680e+05  5.967718e-01 6 -1.000000e+00  1.639588e+01 1   3.7624 -1.273270e-01  3.242231e-01 -1 -1.0000 -1.000000e+00 -1.000000e+00 -1.000000e+00 -1.000000e+00 -1.000000e+00 -1.000000e+00 -1 -1.0000 -1.000000e+00 -1.000000e+00 -1.000000e+00 -1.000000e+00 -1.000000e+00 -1.000000e+00  0  2.0900  5.322135e+12  0.000000e+00  0.000000e+00  1.029689e-01  6.631553e+01  4.781069e+00  1  2.0900  7.285461e+10  0.000000e+00  0.000000e+00  5.394765e-01  9.078041e+01  7.539743e-02  2  2.0900  3.762430e+00  0.000000e+00  0.000000e+00  6.977286e-02  2.109647e+01  0.000000e+00 
3  1.992346e+01  1.073857e+01  2.304650e+05  4.444955e-01 6 -1.000000e+00  2.499911e+01 1   3.5682  1.349292e-01  3.093410e-01 -1 -1.0000 -1.000000e+00 -1.000000e+00 -1.000000e+00 -1.000000e+00 -1.000000e+00 -1.000000e+00 -1 -1.0000 -1.000000e+00 -1.000000e+00 -1.000000e+00 -1.000000e+00 -1.000000e+00 -1.000000e+00  0  2.1400  3.756756e+12  0.000000e+00  0.000000e+00  2.464891e-01  1.078894e+02  3.919131e+00  1  2.1400  7.588129e+10  0.000000e+00  0.000000e+00  2.479288e-01  8.857652e+01  2.948572e-02  2  2.1400  3.568181e+00  0.000000e+00  0.000000e+00  1.361684e-01 -9.135013e+01  0.000000e+00 
3  2.784894e+00  3.149350e+00  1.848880e+05  7.587042e-01 6 -1.000000e+00  5.136278e+00 3   8.5599  1.423569e-01 -1.830145e-01 -1 -1.0000 -1.000000e+00 -1.000000e+00 -1.000000e+00 -1.000000e+00 -1.000000e+00 -1.000000e+00 -1 -1.0000 -1.000000e+00 -1.000000e+00 -1.000000e+00 -1.000000e+00 -1.000000e+00 -1.000000e+00  0  2.2540  6.909814e+12  0.000000e+00  0.000000e+00  2.387484e-01 -1.776159e+02  2.483013e+00  1  2.2540  9.342193e+10  0.000000e+00  0.000000e+00  4.433573e-01 -2.539154e+02  8.233541e-02  2  2.2540  8.559926e+00  0.000000e+00  0.000000e+00  4.771268e-02  4.162303e+00  0.000000e+00 
3  1.855067e+01  9.175925e+00  7.873700e+04  5.979693e-01 6 -1.000000e+00  4.299088e+01 2   3.4913  4.247531e-01  5.261294e-03 -1 -1.0000 -1.000000e+00 -1.000000e+00 -1.000000e+00 -1.000000e+00 -1.000000e+00 -1.000000e+00 -1 -1.0000 -1.000000e+00 -1.000000e+00 -1.000000e+00 -1.000000e+00 -1.000000e+00 -1.000000e+00  0  0.7590  3.526505e+12  0.000000e+00  0.000000e+00  2.849448e-01  6.506469e+01  6.715989e+00  1  0.7590  4.640413e+10  0.000000e+00  0.000000e+00  2.756958e-01  1.378670e+02  5.618668e-02  2  0.7590  3.491298e+00  0.000000e+00  0.000000e+00  1.292034e-01  9.830788e+01  0.000000e+00 
3  4.518850e+00  2.289177e+00  3.878610e+05  5.096428e-01 6 -1.000000e+00  5.385697e+00 1  14.6997 -8.808940e-02  3.973295e-01 -1 -1.0000 -1.000000e+00 -1.000000e+00 -1.000000e+00 -1.000000e+00 -1.000000e+00 -1.000000e+00 -1 -1.0000 -1.000000e+00 -1.000000e+00 -1.000000e+00 -1.000000e+00 -1.000000e+00 -1.000000e+00  0  0.8430  7.040285e+11  0.000000e+00  0.000000e+00  6.296840e-01  9.033191e+01  8.004811e+00  1  0.8430  2.634569e+10  0.000000e+00  0.000000e+00  2.146197e-01  8.273292e+01  7.439511e-02  2  0.8430  1.469974e+01  0.000000e+00  0.000000e+00  9.810222e-02 -1.282728e+02  0.000000e+00 
3  4.768504e+00  4.490318e+00  2.056200e+05  3.789399e-01 6 -1.000000e+00  7.814117e+00 1   9.9329 -2.650756e-01 -1.485629e-02 -1 -1.0000 -1.000000e+00 -1.000000e+00 -1.000000e+00 -1.000000e+00 -1.000000e+00 -1.000000e+00 -1 -1.0000 -1.000000e+00 -1.000000e+00 -1.000000e+00 -1.000000e+00 -1.000000e+00 -1.000000e+00  0  0.8730  1.406794e+12  0.000000e+00  0.000000e+00  3.579280e-01  1.649313e+02  5.084865e+00  1  0.8730  5.229804e+10  0.000000e+00  0.000000e+00  6.639102e-01  2.027987e+02  3.412087e-02  2  0.8730  9.932911e+00  0.000000e+00  0.000000e+00  9.393917e-02  9.063935e+01  0.000000e+00 
3  1.127025e+01  5.225807e+00  3.053880e+05  3.165835e-01 6 -1.000000e+00  1.571190e+01 1   6.6099 -8.416760e-03 -3.085930e-01 -1 -1.0000 -1.000000e+00 -1.000000e+00 -1.000000e+00 -1.000000e+00 -1.000000e+00 -1.000000e+00 -1 -1.0000 -1.000000e+00 -1.000000e+00 -1.000000e+00 -1.000000e+00 -1.000000e+00 -1.000000e+00  0  1.6930  1.829226e+12  0.000000e+00  0.000000e+00  2.639451e-01 -1.571699e+02  2.141000e+00  1  1.6930  4.042658e+10  0.000000e+00  0.000000e+00  2.127188e-01 -1.760748e+02  5.985138e-02  2  1.6930  6.609946e+00  0.000000e+00  0.000000e+00  4.657578e-02  1.303940e+02  0.000000e+00 
3  1.168307e+01  9.891174e+00  1.072580e+05  4.507459e-01 6  2.726098e-01  1.650530e+01 1   3.8029  3.656200e-01 -4.256780e-01  0  1.8720  7.988432e+11  0.000000e+00  0.000000e+00  2.575562e-01  7.412426e+00  2.230364e+01  1  1.8720  4.146815e+10  0.000000e+00  0.000000e+00  2.212700e-01  1.454220e+01  2.664273e-02  2  1.8720  2.003422e+12  2.493070e+00 -5.654946e+00  3.439978e-01 -1.366280e+02  3.318509e+00  3  1.8720  4.868073e+10  2.493070e+00 -5.654946e+00  3.259476e-01 -1.115552e+02  5.109030e-02  4  1.8720  3.802944e+00  0.000000e+00  0.000000e+00  4.189923e-02 -5.358939e+01  0.000000e+00 
3  3.882261e-01  1.596955e-01  5.514100e+04  4.046860e-01 6  2.749327e-01  7.395631e-01 2  11.0991  7.893811e-01 -2.605190e-02  0  1.8820  5.948245e+11  0.000000e+00  0.000000e+00  5.074396e-01  3.821751e+01  1.253079e+01  1  1.8820  1.550596e+10  0.000000e+00  0.000000e+00  3.130270e-01  7.055280e+01  5.461415e-02  2  1.8820  3.176824e+12  1.620369e+01  2.252908e+00  4.680364e-01  7.389476e+01  5.522221e+00  3  1.8820  8.009869e+10  1.620369e+01  2.252908e+00  2.395586e-01  6.501870e+01  4.379714e-02  4  1.8820  1.109906e+01  0.000000e+00  0.000000e+00  5.600542e-02  6.686707e+01  0.000000e+00 
3  2.400640e+01  3.080481e+01  3.841450e+05  4.800862e-01 6 -1.000000e+00  3.481802e+01 1   2.9768 -8.705580e-03  1.287866e-01 -1 -1.0000 -1.000000e+00 -1.000000e+00 -1.000000e+00 -1.000000e+00 -1.000000e+00 -1.000000e+00 -1 -1.0000 -1.000000e+00 -1.000000e+00 -1.000000e+00 -1.000000e+00 -1.000000e+00 -1.000000e+00  0  1.9340  5.392265e+12  0.000000e+00  0.000000e+00  3.008493e-01 -9.536855e+01  3.836373e+00  1  1.9340  8.863254e+10  0.000000e+00  0.000000e+00  3.507692e-01 -9.932501e+01  2.775686e-02  2  1.9340  2.976806e+00  0.000000e+00  0.000000e+00  7.073306e-02 -1.256733e+02  0.000000e+00 
3  1.594210e+01  1.422892e+01  3.267440e+05  9.160176e-01 6 -1.000000e+00  1.980946e+01 1   6.8584  1.562873e-01 -4.140792e-01 -1 -1.0000 -1.000000e+00 -1.000000e+00 -1.000000e+00 -1.000000e+00 -1.000000e+00 -1.000000e+00 -1 -1.0000 -1.000000e+00 -1.000000e+00 -1.000000e+00 -1.000000e+00 -1.000000e+00 -1.000000e+00  0  0.1690  1.747642e+12  0.000000e+00  0.000000e+00  1.736921e-01 -7.918607e+01  1.026582e+01  1  0.1690  4.251649e+10  0.000000e+00  0.000000e+00  2.933640e-01 -8.094527e+01  3.009404e-01  2  0.1690  6.858357e+00  0.000000e+00  0.000000e+00  2.033362e-01  7.800174e+01  0.000000e+00 
3  3.856553e+01  1.747950e+01  1.315600e+04  8.802692e-01 6 -1.000000e+00  5.473095e+01 1   2.3110  7.276931e-01  1.304414e-02 -1 -1.0000 -1.000000e+00 -1.000000e+00 -1.000000e+00 -1.000000e+00 -1.000000e+00 -1.000000e+00 -1 -1.0000 -1.000000e+00 -1.000000e+00 -1.000000e+00 -1.000000e+00 -1.000000e+00 -1.000000e+00  0  0.3700  3.526941e+12  0.000000e+00  0.000000e+00  2.293161e-01 -1.483807e+02  5.601739e+00  1  0.3700  8.434858e+10  0.000000e+00  0.000000e+00  2.374774e-01 -6.084914e+01  1.622567e-01  2  0.3700  2.311024e+00  0.000000e+00  0.000000e+00  1.189379e-01  7.116936e+01  0.000000e+00 
3  2.103838e+01  2.146706e+01  8.476000e+04  5.865447e-01 6 -1.000000e+00  4.825460e+01 3   4.4616 -1.271569e-01 -1.095263e-01 -1 -1.0000 -1.000000e+00 -1.000000e+00 -1.000000e+00 -1.000000e+00 -1.000000e+00 -1.000000e+00 -1 -1.0000 -1.000000e+00 -1.000000e+00 -1.000000e+00 -1.000000e+00 -1.000000e+00 -1.000000e+00  0  0.5060  1.194559e+12  0.000000e+00  0.000000e+00  4.091854e-01 -1.729280e+01  7.507265e+00  1  0.5060  4.808701e+10  0.000000e+00  0.000000e+00  2.078268e-01 -4.993529e+01  1.173898e-01  2  0.5060  4.461582e+00  0.000000e+00  0.000000e+00  1.081633e-01  9.469502e+01  0.000000e+00 
3  2.769376e+00  2.108062e+00  6.168100e+04  4.498519e-01 6 -1.000000e+00  3.929849e+00 1  10.5570  9.146586e-02  3.279333e-01 -1 -1.0000 -1.000000e+00 -1.000000e+00 -1.000000e+00 -1.000000e+00 -1.000000e+00 -1.000000e+00 -1 -1.0000 -1.000000e+00 -1.000000e+00 -1.000000e+00 -1.000000e+00 -1.000000e+00 -1.000000e+00  0  0.6980  7.425464e+11  0.000000e+00  0.000000e+00  1.838429e-01 -1.132194e+02  1.167995e+01  1  0.6980  3.048407e+10  0.000000e+00  0.000000e+00  4.466573e-01 -1.477108e+02  1.051705e-01  2  0.6980  1.055704e+01  0.000000e+00  0.000000e+00  1.346221e-01  1.223510e+02  0.000000e+00 
3  3.981887e+01  2.102816e+01  2.438810e+05  3.708712e-01 6 -1.000000e+00  5.949170e+01 1   1.9198  2.852647e-01 -1.995691e-01 -1 -1.0000 -1.000000e+00 -1.000000e+00 -1.000000e+00 -1.000000e+00 -1.000000e+00 -1.000000e+00 -1 -1.0000 -1.000000e+00 -1.000000e+00 -1.000000e+00 -1.000000e+00 -1.000000e+00 -1.000000e+00  0  0.8850  1.645449e+12  0.000000e+00  0.000000e+00  5.980036e-02  3.638487e+01  8.818904e+00  1  0.8850  4.650562e+10  0.000000e+00  0.000000e+00  9.752013e-02  4.150898e+00  1.233060e-01  2  0.8850  1.919823e+00  0.000000e+00  0.000000e+00  7.192123e-02  3.095157e+01  0.000000e+00 
3  1.500535e+01  5.585807e+00  3.117230e+05  4.807839e-01 6 -1.000000e+00  1.692397e+01 1   3.1226 -3.980409e-01  2.028437e-01 -1 -1.0000 -1.000000e+00 -1.000000e+00 -1.000000e+00 -1.000000e+00 -1.000000e+00 -1.000000e+00 -1 -1.0000 -1.000000e+00 -1.000000e+00 -1.000000e+00 -1.000000e+00 -1.000000e+00 -1.000000e+00  0  0.9290  1.147935e+12  0.000000e+00  0.000000e+00  2.704767e-01 -6.378086e+01  3.538345e+00  1  0.9290  5.006005e+10  0.000000e+00  0.000000e+00  7.114417e-01 -6.904235e+01  1.014648e-01  2  0.9290  3.122588e+00  0.000000e+00  0.000000e+00  1.694236e-01  1.338401e+02  0.000000e+00 
3  1.348311e+01  2.236146e+01  2.521000e+03  3.191416e+00 6 -1.000000e+00  2.994343e+01 3   4.3286 -3.442689e-02  9.196986e-01 -1 -1.0000 -1.000000e+00 -1.000000e+00 -1.000000e+00 -1.000000e+00 -1.000000e+00 -1.000000e+00 -1 -1.0000 -1.000000e+00 -1.000000e+00 -1.000000e+00 -1.000000e+00 -1.000000e+00 -1.000000e+00  0  0.9740  5.965990e+13  0.000000e+00  0.000000e+00  4.435117e-01 -8.754481e+01  4.773787e+00  1  0.9740  2.092158e+11  0.000000e+00  0.000000e+00  3.151308e-01 -8.750119e+01  1.922958e-01  2  0.9740  4.328650e+00  0.000000e+00  0.000000e+00  7.691781e-02 -4.208791e+01  0.000000e+00 
1  1.016415e+01  1.800523e+01  3.688990e+05  2.047241e+00 0  2.739585e-01  1.800523e+01 2   5.1349  6.482871e-01  2.261703e+00  0  1.2880  4.899549e+12  0.000000e+00  0.000000e+00  1.094084e-01  1.791463e+02  1.779805e+01  1  1.2880  8.515826e+10  0.000000e+00  0.000000e+00  3.391689e-01  2.748357e+02  1.910897e-01  2  1.2880  7.023884e+13  5.673353e+00  1.213467e+01  2.425080e-01  1.758820e+02  3.308613e+00  3  1.2880  2.249230e+11  5.673353e+00  1.213467e+01  3.986121e-01  2.398272e+02  2.006763e-01  4  1.2880  5.134856e+00  0.000000e+00  0.000000e+00  1.660662e-01  9.334228e+01  0.000000e+00 
3  3.708569e+00  1.933396e+00  1.941000e+03  6.003246e-01 6 -1.000000e+00  5.330069e+00 1   8.9319 -4.728262e-01 -1.564569e-01 -1 -1.0000 -1.000000e+00 -1.000000e+00 -1.000000e+00 -1.000000e+00 -1.000000e+00 -1.000000e+00 -1 -1.0000 -1.000000e+00 -1.000000e+00 -1.000000e+00 -1.000000e+00 -1.000000e+00 -1.000000e+00  0  1.4650  5.899257e+12  0.000000e+00  0.000000e+00  1.321355e-01 -1.267083e+02  2.535338e+00  1  1.4650  6.341777e+10  0.000000e+00  0.000000e+00  1.562531e-01 -1.259106e+02  5.226287e-02  2  1.4650  8.931857e+00  0.000000e+00  0.000000e+00  3.689276e-02  1.649960e+01  0.000000e+00 
3  2.540276e+00  1.558348e+00  1.401020e+05  5.707340e-01 6 -1.000000e+00  3.328937e+00 1  11.5902 -1.866020e-01  3.262876e-01 -1 -1.0000 -1.000000e+00 -1.000000e+00 -1.000000e+00 -1.000000e+00 -1.000000e+00 -1.000000e+00 -1 -1.0000 -1.000000e+00 -1.000000e+00 -1.000000e+00 -1.000000e+00 -1.000000e+00 -1.000000e+00  0  1.6900  1.585469e+12  0.000000e+00  0.000000e+00  1.710736e-01 -8.946384e+01  3.742959e+00  1  1.6900  4.385590e+10  0.000000e+00  0.000000e+00  5.059620e-01 -1.076101e+02  4.981355e-02  2  1.6900  1.159021e+01  0.000000e+00  0.000000e+00  1.042562e-01 -4.772303e+01  0.000000e+00 
5  2.718063e+00  3.228580e+00  9.777400e+04  3.160533e+00 6 -1.000000e+00  5.208459e+00 3  17.1657 -1.365291e+00 -1.287749e+00 -1 -1.0000 -1.000000e+00 -1.000000e+00 -1.000000e+00 -1.000000e+00 -1.000000e+00 -1.000000e+00 -1 -1.0000 -1.000000e+00 -1.000000e+00 -1.000000e+00 -1.000000e+00 -1.000000e+00 -1.000000e+00  0  2.2640  3.618803e+13  0.000000e+00  0.000000e+00  5.327665e-01 -1.675863e+02  6.223565e+00  1  2.2640  1.370191e+11  0.000000e+00  0.000000e+00  3.254733e-01 -1.110776e+02  8.143649e-02  2  2.2640  1.716565e+01  0.000000e+00  0.000000e+00  2.762495e-01  2.092894e+01  0.000000e+00 
3  5.652749e+00  3.872172e+00  3.288370e+05  9.550456e-01 6 -1.000000e+00  8.294420e+00 1   6.7809 -9.984432e-01 -1.398054e-01 -1 -1.0000 -1.000000e+00 -1.000000e+00 -1.000000e+00 -1.000000e+00 -1.000000e+00 -1.000000e+00 -1 -1.0000 -1.000000e+00 -1.000000e+00 -1.000000e+00 -1.000000e+00 -1.000000e+00 -1.000000e+00  0  0.4050  1.067050e+13  0.000000e+00  0.000000e+00  8.673439e-02  1.712085e+02  6.470000e+00  1  0.4050  1.422148e+11  0.000000e+00  0.000000e+00  4.893091e-01  1.833661e+02  3.780988e-01  2  0.4050  6.780917e+00  0.000000e+00  0.000000e+00  6.995991e-02 -3.151484e+01  0.000000e+00 
3  3.792112e+01  2.286662e+01  1.519500e+05  4.381515e-01 6 -1.000000e+00  4.853912e+01 1   1.8636  2.688878e-01 -1.578685e-01 -1 -1.0000 -1.000000e+00 -1.000000e+00 -1.000000e+00 -1.000000e+00 -1.000000e+00 -1.000000e+00 -1 -1.0000 -1.000000e+00 -1.000000e+00 -1.000000e+00 -1.000000e+00 -1.000000e+00 -1.000000e+00  0  0.5630  1.096923e+12  0.000000e+00  0.000000e+00  4.185029e-01  1.383801e+02  8.129733e+00  1  0.5630  3.261557e+10  0.000000e+00  0.000000e+00  3.386012e-01  1.080620e+02  1.345831e-01  2  0.5630  1.863572e+00  0.000000e+00  0.000000e+00  8.103135e-02  9.677455e+01  0.000000e+00 
3  1.344021e+01  6.656884e+00  2.606000e+03  2.703963e-01 6 -1.000000e+00  1.783979e+01 1   5.4199 -1.272935e-01  2.081764e-01 -1 -1.0000 -1.000000e+00 -1.000000e+00 -1.000000e+00 -1.000000e+00 -1.000000e+00 -1.000000e+00 -1 -1.0000 -1.000000e+00 -1.000000e+00 -1.000000e+00 -1.000000e+00 -1.000000e+00 -1.000000e+00  0  0.8020  5.174168e+11  0.000000e+00  0.000000e+00  2.258238e-01 -4.457381e+01  9.397817e+00  1  0.8020  9.668019e+09  0.000000e+00  0.000000e+00  2.893763e-01 -7.061247e+01  6.398919e-02  2  0.8020  5.419884e+00  0.000000e+00  0.000000e+00  6.358255e-02  1.584485e+02  0.000000e+00 
3  6.637116e+00  3.867612e+00  2.124180e+05  6.659143e-01 6 -1.000000e+00  9.290520e+00 1   8.5277 -3.073783e-01 -3.140696e-01 -1 -1.0000 -1.000000e+00 -1.000000e+00 -1.000000e+00 -1.000000e+00 -1.000000e+00 -1.000000e+00 -1 -1.0000 -1.000000e+00 -1.000000e+00 -1.000000e+00 -1.000000e+00 -1.000000e+00 -1.000000e+00  0  0.8820  5.240800e+12  0.000000e+00  0.000000e+00  3.682973e-01  1.312302e+02  2.410154e+00  1  0.8820  7.342963e+10  0.000000e+00  0.000000e+00  4.154856e-01  1.231158e+02  9.476555e-02  2  0.8820  8.527726e+00  0.000000e+00  0.000000e+00  1.257767e-01  5.914893e+01  0.000000e+00 
3  2.211509e+01  1.466840e+01  1.161570e+05  1.286358e-01 6 -1.000000e+00  5.171006e+01 2   2.7105  5.711752e-02 -1.754724e-02 -1 -1.0000 -1.000000e+00 -1.000000e+00 -1.000000e+00 -1.000000e+00 -1.000000e+00 -1.000000e+00 -1 -1.0000 -1.000000e+00 -1.000000e+00 -1.000000e+00 -1.000000e+00 -1.000000e+00 -1.000000e+00  0  1.1940  4.437674e+11  0.000000e+00  0.000000e+00  2.252698e-01  7.748319e+01  7.673164e+00  1  1.1940  4.341201e+09  0.000000e+00  0.000000e+00  3.996402e-01  9.699075e+01  4.424247e-02  2  1.1940  2.710516e+00  0.000000e+00  0.000000e+00  1.285412e-01  5.104568e+01  0.000000e+00 
2  2.415406e+01  4.881148e+01  1.546040e+05  1.029321e+00 6 -1.000000e+00  5.706998e+01 3   3.3037 -1.803173e-01 -1.573005e-01 -1 -1.0000 -1.000000e+00 -1.000000e+00 -1.000000e+00 -1.000000e+00 -1.000000e+00 -1.000000e+00 -1 -1.0000 -1.000000e+00 -1.000000e+00 -1.000000e+00 -1.000000e+00 -1.000000e+00 -1.000000e+00  0  1.4150  4.530761e+13  0.000000e+00  0.000000e+00  2.141527e-01  1.763250e+02  3.832366e+00  1  1.4150  1.446261e+11  0.000000e+00  0.000000e+00  3.263091e-01  1.831142e+02  3.817997e-02  2  1.4150  3.303657e+00  0.000000e+00  0.000000e+00  4.124463e-02  4.997228e+01  0.000000e+00 
3  4.353543e+00  7.790793e-01  2.748270e+05  1.349487e+00 6  2.733692e-01  1.322237e+01 2   6.6859  2.231031e+00  4.915350e-01  0  1.5070  3.266938e+12  0.000000e+00  0.000000e+00  2.041514e-01 -8.630438e+01  1.468959e+01  1  1.5070  7.049524e+10  0.000000e+00  0.000000e+00  1.342666e-01 -1.283548e+02  4.364718e-02  2  1.5070  8.076189e+12  5.702186e+00  1.136076e+00  1.601889e-01 -1.486709e+01  2.893371e+00  3  1.5070  8.069194e+10  5.702186e+00  1.136076e+00  8.868529e-02 -1.529408e+01  3.833062e-02  4  1.5070  6.685914e+00  0.000000e+00  0.000000e+00  9.072967e-02 -6.375075e+01  0.000000e+00 
3  7.089828e+00  1.268483e+01  1.355570e+05  3.727925e-01 6 -1.000000e+00  1.495925e+01 3   7.0004  4.197417e-03  4.198072e-02 -1 -1.0000 -1.000000e+00 -1.000000e+00 -1.000000e+00 -1.000000e+00 -1.000000e+00 -1.000000e+00 -1 -1.0000 -1.000000e+00 -1.000000e+00 -1.000000e+00 -1.000000e+00 -1.000000e+00 -1.000000e+00  0  0.7500  1.040317e+12  0.000000e+00  0.000000e+00  3.511698e-01 -1.255154e+02  7.022647e+00  1  0.7500  3.326291e+10  0.000000e+00  0.000000e+00  3.854404e-01 -1.575377e+02  1.215779e-01  2  0.7500  7.000438e+00  0.000000e+00  0.000000e+00  3.593952e-02  1.256558e+02  0.000000e+00 
3  3.667526e+00  2.761701e-01  3.315380e+05  1.290919e+00 6  2.762462e-01  6.601131e+00 2  11.0352  1.084626e+00 -1.393517e+00  0  1.3730  2.732038e+12  0.000000e+00  0.000000e+00  3.373694e-01 -1.024334e+02  1.097655e+01  1  1.3730  1.051194e+11  0.000000e+00  0.000000e+00  2.893695e-01 -4.185162e+01  6.464719e-02  2  1.3730  4.071247e+13  1.698989e+01 -3.692976e+00  5.475553e-01 -7.668471e+01  3.520938e+00  3  1.3730  1.544108e+11  1.698989e+01 -3.692976e+00  4.216391e-01 -1.097952e+02  1.103157e-01  4  1.3730  1.103517e+01  0.000000e+00  0.000000e+00  9.076114e-02 -1.065243e+02  0.000000e+00 
2  8.192244e+00  8.924937e+00  3.224310e+05  6.166340e-01 6 -1.000000e+00  1.227097e+01 1   5.9969 -1.829360e-01 -1.378824e-01 -1 -1.0000 -1.000000e+00 -1.000000e+00 -1.000000e+00 -1.000000e+00 -1.000000e+00 -1.000000e+00 -1 -1.0000 -1.000000e+00 -1.000000e+00 -1.000000e+00 -1.000000e+00 -1.000000e+00 -1.000000e+00  0  1.3870  8.706455e+12  0.000000e+00  0.000000e+00  2.932266e-01 -1.001577e+00  2.837114e+00  1  1.3870  8.558282e+10  0.000000e+00  0.000000e+00  2.685588e-01 -2.312121e+01  4.009014e-02  2  1.3870  5.996915e+00  0.000000e+00  0.000000e+00  1.210362e-01  1.778866e+01  0.000000e+00 
3  2.526007e+01  1.456373e+01  1.758220e+05  5.182039e-01 6 -1.000000e+00  3.853064e+01 1   2.9947 -2.183866e-01  2.974009e-01 -1 -1.0000 -1.000000e+00 -1.000000e+00 -1.000000e+00 -1.000000e+00 -1.000000e+00 -1.000000e+00 -1 -1.0000 -1.000000e+00 -1.000000e+00 -1.000000e+00 -1.000000e+00 -1.000000e+00 -1.000000e+00  0  1.5510  3.504971e+12  0.000000e+00  0.000000e+00  3.167309e-01 -6.044059e-02  6.329672e+00  1  1.5510  9.173508e+10  0.000000e+00  0.000000e+00  1.586898e-01  4.982643e+01  5.831893e-02  2  1.5510  2.994711e+00  0.000000e+00  0.000000e+00  1.281854e-02 -1.647419e+02  0.000000e+00 
3  1.366511e+01  1.407691e+01  1.567790e+05  8.672342e-02 6 -1.000000e+00  2.103912e+01 1   8.8108 -1.614885e-02 -3.332190e-02 -1 -1.0000 -1.000000e+00 -1.000000e+00 -1.000000e+00 -1.000000e+00 -1.000000e+00 -1.000000e+00 -1 -1.0000 -1.000000e+00 -1.000000e+00 -1.000000e+00 -1.000000e+00 -1.000000e+00 -1.000000e+00  0  1.6320  2.949777e+11  0.000000e+00  0.000000e+00  4.387773e-01  1.930263e+01  4.121246e+00  1  1.6320  2.422564e+09  0.000000e+00  0.000000e+00  2.558022e-01  3.966744e+01  2.158223e-02  2  1.6320  8.810825e+00  0.000000e+00  0.000000e+00  6.654913e-03  7.446306e-02  0.000000e+00 
2  1.004556e+01  7.856337e+00  3.012640e+05  6.887629e-01 6 -1.000000e+00  1.916661e+01 3   6.4963 -1.435104e-02 -3.707300e-01 -1 -1.0000 -1.000000e+00 -1.000000e+00 -1.000000e+00 -1.000000e+00 -1.000000e+00 -1.000000e+00 -1 -1.0000 -1.000000e+00 -1.000000e+00 -1.000000e+00 -1.000000e+00 -1.000000e+00 -1.000000e+00  0  1.8280  8.043663e+12  0.000000e+00  0.000000e+00  1.546128e-01  1.229240e+02  4.126168e+00  1  1.8280  5.728105e+10  0.000000e+00  0.000000e+00  1.127643e-01  1.262141e+02  3.251181e-02  2  1.8280  6.496262e+00  0.000000e+00  0.000000e+00  7.118735e-02  3.632472e+01  0.000000e+00 
3  2.421579e+01  2.017512e+01  3.880800e+05  4.628806e-01 6  2.834609e-01  3.597007e+01 1   2.8810  5.254912e-01  4.599264e-01  0  0.9840  1.237973e+12  0.000000e+00  0.000000e+00  6.001517e-02  1.705319e+02  1.029067e+01  1  0.9840  6.358768e+10  0.000000e+00  0.000000e+00  4.289631e-01  1.793423e+02  5.694842e-02  2  0.9840  6.728167e+12  1.215230e+01  2.000579e+01  2.084757e-01 -4.745058e+01  3.566823e+00  3  0.9840  1.215886e+11  1.215230e+01  2.000579e+01  8.377357e-02 -2.819819e+01  7.458989e-02  4  0.9840  2.880973e+00  0.000000e+00  0.000000e+00  5.689326e-02 -2.326489e+01  0.000000e+00 
3  2.803211e+01  1.490538e+01  1.722140e+05  5.509240e-01 6  2.852721e-01  3.485388e+01 1   2.5093  8.758891e-01 -5.834601e-01  0  1.0760  9.583154e+11  0.000000e+00  0.000000e+00  2.403172e-01 -7.652335e+01  1.892808e+01  1  1.0760  4.102462e+10  0.000000e+00  0.000000e+00  1.668697e-01 -7.656036e+01  6.779812e-02  2  1.0760  7.699718e+12  1.729725e+01 -4.386352e+00  3.398939e-01  2.957997e+01  6.565218e+00  3  1.0760  8.164520e+10  1.729725e+01 -4.386352e+00  4.961396e-01  7.767224e+01  1.153529e-01  4  1.0760  2.509343e+00  0.000000e+00  0.000000e+00  5.965461e-02  8.925824e+01  0.000000e+00 
3  3.452001e+00  1.991893e+00  2.069940e+05  7.444277e-01 6 -1.000000e+00  5.647238e+00 1   8.7874 -1.131013e-01  5.712388e-01 -1 -1.0000 -1.000000e+00 -1.000000e+00 -1.000000e+00 -1.000000e+00 -1.000000e+00 -1.000000e+00 -1 -1.0000 -1.000000e+00 -1.000000e+00 -1.000000e+00 -1.000000e+00 -1.000000e+00 -1.000000e+00  0  1.6990  5.795394e+12  0.000000e+00  0.000000e+00  1.586966e-01  1.242859e+02  4.691322e+00  1  1.6990  7.914937e+10  0.000000e+00  0.000000e+00  2.819004e-01  1.703571e+02  3.106312e-02  2  1.6990  8.787443e+00  0.000000e+00  0.000000e+00  4.972179e-02  4.854748e+01  0.000000e+00 
3  8.703513e+00  7.303266e+00  1.266700e+04  1.446807e-01 6 -1.000000e+00  1.128673e+01 1   6.5313  7.918872e-02  9.060301e-02 -1 -1.0000 -1.000000e+00 -1.000000e+00 -1.000000e+00 -1.000000e+00 -1.000000e+00 -1.000000e+00 -1 -1.0000 -1.000000e+00 -1.000000e+00 -1.000000e+00 -1.000000e+00 -1.000000e+00 -1.000000e+00  0  1.9010  7.056881e+11  0.000000e+00  0.000000e+00  4.607549e-01  3.376314e+01  3.086510e+00  1  1.9010  1.157691e+10  0.000000e+00  0.000000e+00  2.792999e-01  1.844165e+01  5.722330e-02  2  1.9010  6.531342e+00  0.000000e+00  0.000000e+00  1.217528e-01 -9.475286e+01  0.000000e+00 
3  7.851415e+00  4.920640e+00  3.317750e+05  7.101304e-01 6 -1.000000e+00  1.201326e+01 1   5.8538  3.803103e-01  1.342523e-01 -1 -1.0000 -1.000000e+00 -1.000000e+00 -1.000000e+00 -1.000000e+00 -1.000000e+00 -1.000000e+00 -1 -1.0000 -1.000000e+00 -1.000000e+00 -1.000000e+00 -1.000000e+00 -1.000000e+00 -1.000000e+00  0  1.9460  2.384138e+12  0.000000e+00  0.000000e+00  4.377996e-01 -1.214276e+02  8.764429e+00  1  1.9460  5.697069e+10  0.000000e+00  0.000000e+00  2.834796e-01 -1.077845e+02  5.336347e-02  2  1.9460  5.853836e+00  0.000000e+00  0.000000e+00  5.524156e-02 -5.615158e+01  0.000000e+00 
3  1.796509e+01  1.084724e+01  2.754220e+05  7.277517e-01 6 -1.000000e+00  2.348373e+01 1   2.4517 -2.403774e-01 -5.044073e-01 -1 -1.0000 -1.000000e+00 -1.000000e+00 -1.000000e+00 -1.000000e+00 -1.000000e+00 -1.000000e+00 -1 -1.0000 -1.000000e+00 -1.000000e+00 -1.000000e+00 -1.000000e+00 -1.000000e+00 -1.000000e+00  0  0.5110  1.569209e+12  0.000000e+00  0.000000e+00  4.434820e-01 -1.055447e+02  1.161785e+01  1  0.5110  6.000249e+10  0.000000e+00  0.000000e+00  2.478025e-01 -5.451629e+01  1.699859e-01  2  0.5110  2.451748e+00  0.000000e+00  0.000000e+00  4.758005e-02 -1.634045e+02  0.000000e+00 
2  9.018080e+01  1.597081e+02  2.896250e+05  1.072962e+00 6 -1.000000e+00  2.345659e+02 3   2.5363 -1.211514e-01 -1.153169e-01 -1 -1.0000 -1.000000e+00 -1.000000e+00 -1.000000e+00 -1.000000e+00 -1.000000e+00 -1.000000e+00 -1 -1.0000 -1.000000e+00 -1.000000e+00 -1.000000e+00 -1.000000e+00 -1.000000e+00 -1.000000e+00  0  0.6420  3.422701e+12  0.000000e+00  0.000000e+00  1.576723e-01  1.248564e+02  1.311306e+01  1  0.6420  9.387168e+10  0.000000e+00  0.000000e+00  4.048064e-02  2.117519e+02  3.230924e-02  2  0.6420  2.536340e+00  0.000000e+00  0.000000e+00  3.109743e-02 -1.089008e+02  0.000000e+00 
3  7.873729e+00  8.114830e+00  1.650830e+05  1.433040e-01 6 -1.000000e+00  1.198725e+01 1   6.4851  3.752138e-02 -2.150240e-02 -1 -1.0000 -1.000000e+00 -1.000000e+00 -1.000000e+00 -1.000000e+00 -1.000000e+00 -1.000000e+00 -1 -1.0000 -1.000000e+00 -1.000000e+00 -1.000000e+00 -1.000000e+00 -1.000000e+00 -1.000000e+00  0  0.7040  3.005713e+11  0.000000e+00  0.000000e+00  2.802957e-01  6.440104e+01  6.691163e+00  1  0.7040  4.735448e+09  0.000000e+00  0.000000e+00  1.925834e-01  2.644851e+01  5.213919e-02  2  0.7040  6.485058e+00  0.000000e+00  0.000000e+00  1.895956e-01 -7.346466e+01  0.000000e+00 
3  4.752666e+00  4.060531e+00  1.650000e+03  2.537502e-01 6 -1.000000e+00  5.901816e+00 1   3.4871 -2.157122e-01 -5.246400e-02 -1 -1.0000 -1.000000e+00 -1.000000e+00 -1.000000e+00 -1.000000e+00 -1.000000e+00 -1.000000e+00 -1 -1.0000 -1.000000e+00 -1.000000e+00 -1.000000e+00 -1.000000e+00 -1.000000e+00 -1.000000e+00  0  0.7970  6.689298e+11  0.000000e+00  0.000000e+00  3.881748e-01 -1.463062e+01  5.509747e+00  1  0.7970  2.563054e+10  0.000000e+00  0.000000e+00  3.707329e-01  2.998627e+01  1.244105e-01  2  0.7970  3.487117e+00  0.000000e+00  0.000000e+00  1.104398e-01 -1.381507e+02  0.000000e+00 
3  1.139199e+01  5.251800e+00  1.564830e+05  4.042615e-01 6  2.967121e-01  2.052819e+01 2   1.7958 -1.171117e+00  1.099667e+00  0  0.9320  9.805829e+11  0.000000e+00  0.000000e+00  2.620473e-01 -4.471998e+00  1.647629e+01  1  0.9320  4.081234e+10  0.000000e+00  0.000000e+00  2.690053e-01  2.534619e+01  5.877860e-02  2  0.9320  3.775388e+13 -1.131811e+01  1.898021e+01  3.963879e-01 -6.834098e+00  3.646572e+00  3  0.9320  1.803472e+11 -1.131811e+01  1.898021e+01  2.638934e-01 -1.879476e+01  1.098718e-01  4  0.9320  1.795779e+00  0.000000e+00  0.000000e+00  7.787113e-02 -1.369854e+02  0.000000e+00 
3  1.311089e+01  8.633108e+00  2.129200e+05  3.358266e-01 6 -1.000000e+00  1.726364e+01 1   6.4655 -1.714395e-01  1.647882e-01 -1 -1.0000 -1.000000e+00 -1.000000e+00 -1.000000e+00 -1.000000e+00 -1.000000e+00 -1.000000e+00 -1 -1.0000 -1.000000e+00 -1.000000e+00 -1.000000e+00 -1.000000e+00 -1.000000e+00 -1.000000e+00  0  1.0070  9.471625e+11  0.000000e+00  0.000000e+00  2.466989e-01  3.910064e+01  3.036858e+00  1  1.0070  3.293656e+10  0.000000e+00  0.000000e+00  2.140681e-01 -8.456414e-02  5.532687e-02  2  1.0070  6.465481e+00  0.000000e+00  0.000000e+00  1.649012e-01  9.258065e+01  0.000000e+00 
2  1.016143e+01  9.382806e-01  1.813830e+05  3.193947e+00 6 -1.000000e+00  1.875735e+01 2   5.7814 -2.213428e+00  1.075942e+00 -1 -1.0000 -1.000000e+00 -1.000000e+00 -1.000000e+00 -1.000000e+00 -1.000000e+00 -1.000000e+00 -1 -1.0000 -1.000000e+00 -1.000000e+00 -1.000000e+00 -1.000000e+00 -1.000000e+00 -1.000000e+00  0  1.2030  3.556924e+13  0.000000e+00  0.000000e+00  3.006533e-01 -1.136475e+02  6.861765e+00  1  1.2030  1.526508e+11  0.000000e+00  0.000000e+00  1.607181e-01 -1.533943e+02  4.545788e-02  2  1.2030  5.781389e+00  0.000000e+00  0.000000e+00  6.733455e-02 -5.823305e+01  0.000000e+00 
1  6.596353e+00  1.375204e+01  3.084600e+04  8.479956e-01 0 -1.000000e+00  1.375204e+01 2   3.1469 -2.982424e-01 -8.633070e-02 -1 -1.0000 -1.000000e+00 -1.000000e+00 -1.000000e+00 -1.000000e+00 -1.000000e+00 -1.000000e+00 -1 -1.0000 -1.000000e+00 -1.000000e+00 -1.000000e+00 -1.000000e+00 -1.000000e+00 -1.000000e+00  0  1.3360  8.040714e+12  0.000000e+00  0.000000e+00  9.987559e-03 -1.474000e+02  5.301520e+00  1  1.3360  8.927200e+10  0.000000e+00  0.000000e+00  6.280651e-01 -8.905641e+01  2.175290e-01  2  1.3360  3.146945e+00  0.000000e+00  0.000000e+00  9.200346e-02 -2.707389e+01  0.000000e+00 
1  5.864522e+00  1.022850e+01  3.212870e+05  2.747501e+00 0 -1.000000e+00  1.022850e+01 2  10.3844 -3.235147e+00 -3.131384e-01 -1 -1.0000 -1.000000e+00 -1.000000e+00 -1.000000e+00 -1.000000e+00 -1.000000e+00 -1.000000e+00 -1 -1.0000 -1.000000e+00 -1.000000e+00 -1.000000e+00 -1.000000e+00 -1.000000e+00 -1.000000e+00  0  1.3650  3.888717e+13  0.000000e+00  0.000000e+00  2.526534e-01 -6.828205e+01  4.657652e+00  1  1.3650  1.901782e+11  0.000000e+00  0.000000e+00  3.817670e-01 -2.468528e+01  1.337809e-01  2  1.3650  1.038435e+01  0.000000e+00  0.000000e+00  2.797900e-02  5.690295e+01  0.000000e+00 
3  1.565417e+01  1.002005e+01  3.816630e+05  3.445256e-01 6  2.812090e-01  2.287194e+01 1   4.3900 -9.043881e-01 -3.902399e-01  0  1.4740  6.150672e+11  0.000000e+00  0.000000e+00  4.216172e-01 -1.328978e+02  1.140618e+01  1  1.4740  2.343926e+10  0.000000e+00  0.000000e+00  1.133325e-01 -1.383812e+02  3.814671e-02  2  1.4740  6.400758e+12 -2.295922e+01 -1.177864e+01  2.399384e-01 -7.014028e+01  2.414023e+00  3  1.4740  7.243823e+10 -2.295922e+01 -1.177864e+01  4.143489e-01 -3.292618e+01  2.779395e-02  4  1.4740  4.390004e+00  0.000000e+00  0.000000e+00  6.125608e-02  6.688545e+01  0.000000e+00 
3  1.611342e+00  1.093016e+00  3.146830e+05  5.564427e-01 6  2.767030e-01  2.491762e+00 1  20.4223 -2.191037e-01 -1.120132e+00  0  1.4980  1.050758e+12  0.000000e+00  0.000000e+00  1.518129e-01  8.681859e+01  6.185759e+00  1  1.4980  3.169587e+10  0.000000e+00  0.000000e+00  1.494026e-01  1.029828e+02  7.239980e-02  2  1.4980  4.588636e+12  8.046209e-01 -3.500140e+00  3.016769e-01  7.908750e+01  4.145284e+00  3  1.4980  6.945761e+10  8.046209e-01 -3.500140e+00  4.394589e-02  1.143413e+02  9.470397e-02  4  1.4980  2.042232e+01  0.000000e+00  0.000000e+00  1.282104e-01 -5.279346e+00  0.000000e+00 
3  2.499055e+01  1.411202e+01  9.272200e+04  2.198477e-01 6 -1.000000e+00  3.039836e+01 1   2.1211  1.859508e-01  2.001074e-01 -1 -1.0000 -1.000000e+00 -1.000000e+00 -1.000000e+00 -1.000000e+00 -1.000000e+00 -1.000000e+00 -1 -1.0000 -1.000000e+00 -1.000000e+00 -1.000000e+00 -1.000000e+00 -1.000000e+00 -1.000000e+00  0  1.5820  1.038056e+13  0.000000e+00  0.000000e+00  6.441047e-01 -1.522530e+02  3.471405e+00  1  1.5820  8.202958e+10  0.000000e+00  0.000000e+00  4.546861e-01 -1.527535e+02  8.724353e-02  2  1.5820  2.121105e+00  0.000000e+00  0.000000e+00  1.372152e-02  3.814689e+01  0.000000e+00 
3  1.036990e+01  8.667062e+00  3.984830e+05  4.364684e-01 6 -1.000000e+00  1.704283e+01 1   4.1868 -2.293273e-01 -1.170245e-01 -1 -1.0000 -1.000000e+00 -1.000000e+00 -1.000000e+00 -1.000000e+00 -1.000000e+00 -1.000000e+00 -1 -1.0000 -1.000000e+00 -1.000000e+00 -1.000000e+00 -1.000000e+00 -1.000000e+00 -1.000000e+00  0  1.9020  7.079685e+12  0.000000e+00  0.000000e+00  8.661555e-02 -1.511156e+02  3.887177e+00  1  1.9020  5.802566e+10  0.000000e+00  0.000000e+00  3.495865e-01 -1.306094e+02  9.144695e-02  2  1.9020  4.186774e+00  0.000000e+00  0.000000e+00  9.218007e-02 -1.072019e+02  0.000000e+00 
1  1.341745e+01  6.223066e+01  3.994650e+05  9.924633e-01 0  3.332729e-01  6.223066e+01 2   2.6253 -2.753395e+00  1.893095e+00  0  0.2140  6.529278e+11  0.000000e+00  0.000000e+00  2.072372e-01 -1.233463e+02  2.397978e+01  1  0.2140  3.538866e+10  0.000000e+00  0.000000e+00  2.489870e-01 -1.409245e+02  5.504908e-01  2  0.2140  6.878260e+13 -7.936056e+00  4.688932e+00  3.210001e-01 -1.130329e+02  8.935000e+00  3  0.2140  3.419614e+11 -7.936056e+00  4.688932e+00  1.849002e-01 -6.889356e+01  2.859848e+00  4  0.2140  2.625252e+00  0.000000e+00  0.000000e+00  2.812865e-02  8.186863e+01  0.000000e+00 
3  9.506022e+00  1.217157e+01  1.687870e+05  9.925375e-01 6  3.031602e-01  1.519363e+01 1   5.7334 -3.070128e+00 -4.277169e-01  0  0.5000  1.593158e+12  0.000000e+00  0.000000e+00  1.555672e-01 -1.388872e+02  1.430585e+01  1  0.5000  7.579178e+10  0.000000e+00  0.000000e+00  9.540653e-02 -1.279415e+02  1.277398e-01  2  0.5000  2.787895e+13 -3.546116e+01  2.616560e+00  3.385023e-01  3.698572e+01  3.519807e+00  3  0.5000  2.187604e+11 -3.546116e+01  2.616560e+00  3.989432e-01  3.286531e+01  6.069601e-01  4  0.5000  5.733436e+00  0.000000e+00  0.000000e+00  9.217353e-02 -9.135765e-01  0.000000e+00 
3  6.288429e+01  4.327471e+01  3.880260e+05  5.781127e-01 6 -1.000000e+00  8.470875e+01 1   2.4037 -1.668022e-01  3.967359e-01 -1 -1.0000 -1.000000e+00 -1.000000e+00 -1.000000e+00 -1.000000e+00 -1.000000e+00 -1.000000e+00 -1 -1.0000 -1.000000e+00 -1.000000e+00 -1.000000e+00 -1.000000e+00 -1.000000e+00 -1.000000e+00  0  0.7810  4.377805e+12  0.000000e+00  0.000000e+00  1.580478e-01  1.218690e+02  4.825003e+00  1  0.7810  6.646543e+10  0.000000e+00  0.000000e+00  2.512840e-01  1.201673e+02  1.219697e-01  2  0.7810  2.403662e+00  0.000000e+00  0.000000e+00  4.962357e-02  1.187595e+02  0.000000e+00 
3  6.179130e-01  8.322127e-01  2.410370e+05  1.341402e-01 6 -1.000000e+00  9.961675e-01 1  13.7192 -4.353425e-02  2.671783e-02 -1 -1.0000 -1.000000e+00 -1.000000e+00 -1.000000e+00 -1.000000e+00 -1.000000e+00 -1.000000e+00 -1 -1.0000 -1.000000e+00 -1.000000e+00 -1.000000e+00 -1.000000e+00 -1.000000e+00 -1.000000e+00  0  1.6220  4.500552e+11  0.000000e+00  0.000000e+00  3.642766e-01 -1.378507e+01  4.852435e+00  1  1.6220  4.169705e+09  0.000000e+00  0.000000e+00  2.002883e-01 -7.242962e+01  4.883347e-02  2  1.6220  1.371916e+01  0.000000e+00  0.000000e+00  1.023109e-01  1.032454e+02  0.000000e+00 
3  8.987778e+00  8.481538e+00  3.686060e+05  4.400585e-01 6 -1.000000e+00  1.193636e+01 1   3.6801  3.555774e-01 -2.713125e-02 -1 -1.0000 -1.000000e+00 -1.000000e+00 -1.000000e+00 -1.000000e+00 -1.000000e+00 -1.000000e+00 -1 -1.0000 -1.000000e+00 -1.000000e+00 -1.000000e+00 -1.000000e+00 -1.000000e+00 -1.000000e+00  0  1.8090  3.397414e+12  0.000000e+00  0.000000e+00  3.521727e-01  1.518388e+02  7.256400e+00  1  1.8090  9.218351e+10  0.000000e+00  0.000000e+00  4.914597e-01  1.800557e+02  5.373687e-02  2  1.8090  3.680127e+00  0.000000e+00  0.000000e+00  9.536497e-02  1.546995e+02  0.000000e+00 
1  4.058550e+00  7.847368e+00  7.847400e+04  3.829623e+00 0 -1.000000e+00  7.847368e+00 2   7.0628 -2.860516e+00 -1.558653e+00 -1 -1.0000 -1.000000e+00 -1.000000e+00 -1.000000e+00 -1.000000e+00 -1.000000e+00 -1.000000e+00 -1 -1.0000 -1.000000e+00 -1.000000e+00 -1.000000e+00 -1.000000e+00 -1.000000e+00 -1.000000e+00  0  0.5990  1.353577e+14  0.000000e+00  0.000000e+00  1.690406e-01  7.427407e+01  4.043625e+00  1  0.5990  4.224508e+11  0.000000e+00  0.000000e+00  1.104276e-01  2.565503e+01  7.030940e-01  2  0.5990  7.062782e+00  0.000000e+00  0.000000e+00  4.325733e-02 -6.953018e+01  0.000000e+00 
3  2.275301e+01  1.962192e+01  2.298580e+05  2.904837e-01 6 -1.000000e+00  3.387761e+01 1   2.2023  1.040271e-01 -1.433856e-01 -1 -1.0000 -1.000000e+00 -1.000000e+00 -1.000000e+00 -1.000000e+00 -1.000000e+00 -1.000000e+00 -1 -1.0000 -1.000000e+00 -1.000000e+00 -1.000000e+00 -1.000000e+00 -1.000000e+00 -1.000000e+00  0  0.7900  6.816373e+11  0.000000e+00  0.000000e+00  1.086705e-01  1.190642e+01  8.534762e+00  1  0.7900  2.574619e+10  0.000000e+00  0.000000e+00  4.738800e-01 -3.423116e+01  3.201050e-02  2  0.7900  2.202306e+00  0.000000e+00  0.000000e+00  3.114216e-02 -1.790448e+02  0.000000e+00 
1  1.846925e+00  8.152849e+00  2.208760e+05  6.683867e+00 0 -1.000000e+00  8.152849e+00 2  16.7310  3.716799e+00  1.746346e+00 -1 -1.0000 -1.000000e+00 -1.000000e+00 -1.000000e+00 -1.000000e+00 -1.000000e+00 -1.000000e+00 -1 -1.0000 -1.000000e+00 -1.000000e+00 -1.000000e+00 -1.000000e+00 -1.000000e+00 -1.000000e+00  0  0.8150  1.069663e+14  0.000000e+00  0.000000e+00  4.091277e-01  1.336709e+02  6.459590e+00  1  0.8150  3.435854e+11  0.000000e+00  0.000000e+00  4.772643e-01  1.811651e+02  2.200737e-01  2  0.8150  1.673102e+01  0.000000e+00  0.000000e+00  1.094633e-01 -1.030770e+02  0.000000e+00 
3  8.811754e+00  2.274639e+00  2.835770e+05  9.232881e-01 6 -1.000000e+00  1.541140e+01 2   4.0032 -8.093342e-01  3.851978e-01 -1 -1.0000 -1.000000e+00 -1.000000e+00 -1.000000e+00 -1.000000e+00 -1.000000e+00 -1.000000e+00 -1 -1.0000 -1.000000e+00 -1.000000e+00 -1.000000e+00 -1.000000e+00 -1.000000e+00 -1.000000e+00  0  1.0280  1.044196e+13  0.000000e+00  0.000000e+00  2.152443e-01  8.795253e+01  3.892760e+00  1  1.0280  1.027690e+11  0.000000e+00  0.000000e+00  2.899452e-01  9.007822e+01  1.249838e-01  2  1.0280  4.003155e+00  0.000000e+00  0.000000e+00  1.050262e-01  5.363347e+01  0.000000e+00 
1  8.440596e+00  1.581836e+01  3.813300e+04  2.159823e+00 0 -1.000000e+00  1.581836e+01 2   4.5470  2.761202e+00 -7.271406e-01 -1 -1.0000 -1.000000e+00 -1.000000e+00 -1.000000e+00 -1.000000e+00 -1.000000e+00 -1.000000e+00 -1 -1.0000 -1.000000e+00 -1.000000e+00 -1.000000e+00 -1.000000e+00 -1.000000e+00 -1.000000e+00  0  1.2310  4.382316e+13  0.000000e+00  0.000000e+00  5.328855e-01  7.493482e+01  4.267065e+00  1  1.2310  1.556512e+11  0.000000e+00  0.000000e+00  3.122587e-01  6.719693e+01  1.483741e-01  2  1.2310  4.546960e+00  0.000000e+00  0.000000e+00  9.135624e-02  1.405860e+02  0.000000e+00 
1  1.970329e+01  3.877778e+01  3.077420e+05  3.744803e-01 0  2.771865e-01  3.877778e+01 2   4.8621  3.222045e-01  5.329438e-01  0  1.5220  5.057555e+11  0.000000e+00  0.000000e+00  2.942949e-01  1.650720e+02  2.026922e+01  1  1.5220  1.071657e+10  0.000000e+00  0.000000e+00  2.841767e-01  1.649530e+02  6.561312e-02  2  1.5220  1.829209e+12  1.109219e+00  3.010050e+00  1.842292e-01 -1.588514e+02  3.645450e+00  3  1.5220  4.805780e+10  1.109219e+00  3.010050e+00  5.075518e-01 -1.675700e+02  5.500767e-02  4  1.5220  4.862095e+00  0.000000e+00  0.000000e+00  1.125912e-01  8.413756e+01  0.000000e+00 
3  8.733629e-02  2.963176e-02  3.112130e+05  1.912791e-01 6 -1.000000e+00  1.843817e-01 2   7.2190 -1.663519e-01  1.487836e-01 -1 -1.0000 -1.000000e+00 -1.000000e+00 -1.000000e+00 -1.000000e+00 -1.000000e+00 -1.000000e+00 -1 -1.0000 -1.000000e+00 -1.000000e+00 -1.000000e+00 -1.000000e+00 -1.000000e+00 -1.000000e+00  0  2.0330  8.498947e+11  0.000000e+00  0.000000e+00  2.296687e-01 -1.508433e+02  4.550201e+00  1  2.0330  1.311869e+10  0.000000e+00  0.000000e+00  3.853551e-01 -1.726628e+02  9.092330e-03  2  2.0330  7.218958e+00  0.000000e+00  0.000000e+00  1.930082e-01 -1.305579e+02  0.000000e+00 
3  1.194952e+01  2.075720e+01  1.885700e+05  2.150043e+00 6  2.852182e-01  2.232051e+01 3   3.7683  1.069462e+00 -3.088418e+00  0  0.4510  1.058220e+13  0.000000e+00  0.000000e+00  3.162183e-01  1.723913e+02  1.729196e+01  1  0.4510  1.267842e+11  0.000000e+00  0.000000e+00  3.217975e-01  2.203849e+02  2.856931e-01  2  0.4510  4.917811e+13  2.674159e+01 -1.629993e+02  5.299985e-01 -1.638719e+02  4.386310e+00  3  0.4510  3.034376e+11  2.674159e+01 -1.629993e+02  3.171723e-01 -1.507839e+02  3.835446e-01  4  0.4510  3.768315e+00  0.000000e+00  0.000000e+00  5.190864e-02  8.267592e+01  0.000000e+00 
3  1.095133e+01  1.582651e+01  2.113970e+05  8.764285e-01 6 -1.000000e+00  1.980583e+01 3   4.4272  1.041461e-01 -5.255597e-02 -1 -1.0000 -1.000000e+00 -1.000000e+00 -1.000000e+00 -1.000000e+00 -1.000000e+00 -1.000000e+00 -1 -1.0000 -1.000000e+00 -1.000000e+00 -1.000000e+00 -1.000000e+00 -1.000000e+00 -1.000000e+00  0  0.5240  5.287815e+12  0.000000e+00  0.000000e+00  7.375747e-02 -1.140762e+02  6.249672e+00  1  0.5240  1.060458e+11  0.000000e+00  0.000000e+00  4.100452e-01 -1.338351e+02  2.554940e-01  2  0.5240  4.427229e+00  0.000000e+00  0.000000e+00  1.220309e-01 -1.345120e+00  0.000000e+00 
3  2.104149e+01  1.332801e+01  2.852410e+05  3.293913e-01 6  3.016620e-01  3.399166e+01 1   3.8605  3.520080e-01 -1.022731e+00  0  0.7140  3.348659e+11  0.000000e+00  0.000000e+00  2.469168e-01  1.385575e+02  2.057817e+01  1  0.7140  9.359765e+09  0.000000e+00  0.000000e+00  6.469203e-02  1.172174e+02  3.827839e-02  2  0.7140  5.175157e+12  8.243714e+00 -1.989082e+01  3.675241e-01  1.291178e+02  5.989087e+00  3  0.7140  7.930071e+10  8.243714e+00 -1.989082e+01  7.173010e-01  8.922075e+01  1.316611e-01  4  0.7140  3.860517e+00  0.000000e+00  0.000000e+00  2.446893e-02  5.924913e+01  0.000000e+00 
3  4.784845e+00  4.657408e+00  3.955560e+05  5.202456e-01 6 -1.000000e+00  6.955198e+00 1  15.5743 -2.748809e-02 -3.420199e-01 -1 -1.0000 -1.000000e+00 -1.000000e+00 -1.000000e+00 -1.000000e+00 -1.000000e+00 -1.000000e+00 -1 -1.0000 -1.000000e+00 -1.000000e+00 -1.000000e+00 -1.000000e+00 -1.000000e+00 -1.000000e+00  0  0.7300  1.665450e+12  0.000000e+00  0.000000e+00  3.287957e-01  1.547691e+02  6.438949e+00  1  0.7300  6.437255e+10  0.000000e+00  0.000000e+00  5.770345e-01  1.461195e+02  1.320849e-01  2  0.7300  1.557435e+01  0.000000e+00  0.000000e+00  1.959708e-01 -1.140545e+02  0.000000e+00 
5  6.726719e+00  8.924280e+00  3.214230e+05  9.991295e-01 6 -1.000000e+00  1.219113e+01 3   8.1386 -2.504333e-02 -1.073075e-01 -1 -1.0000 -1.000000e+00 -1.000000e+00 -1.000000e+00 -1.000000e+00 -1.000000e+00 -1.000000e+00 -1 -1.0000 -1.000000e+00 -1.000000e+00 -1.000000e+00 -1.000000e+00 -1.000000e+00 -1.000000e+00  0  0.7580  4.005217e+12  0.000000e+00  0.000000e+00  1.765533e-01  1.257710e+02  6.890564e+00  1  0.7580  6.882635e+10  0.000000e+00  0.000000e+00  4.626562e-01  1.032054e+02  1.191224e-01  2  0.7580  8.138562e+00  0.000000e+00  0.000000e+00  1.799240e-01  1.159686e+02  0.000000e+00 
1  3.177323e+00  6.416096e+00  3.003900e+04  7.921692e-01 0 -1.000000e+00  6.416096e+00 2   7.3984 -3.877507e-01 -7.997103e-01 -1 -1.0000 -1.000000e+00 -1.000000e+00 -1.000000e+00 -1.000000e+00 -1.000000e+00 -1.000000e+00 -1 -1.0000 -1.000000e+00 -1.000000e+00 -1.000000e+00 -1.000000e+00 -1.000000e+00 -1.000000e+00  0  0.9290  9.716491e+12  0.000000e+00  0.000000e+00  4.236408e-01 -2.628124e+01  4.042108e+00  1  0.9290  1.072242e+11  0.000000e+00  0.000000e+00  1.396629e-01 -1.568509e+01  2.263952e-01  2  0.9290  7.398388e+00  0.000000e+00  0.000000e+00  7.378871e-02  1.335468e+02  0.000000e+00 
3  8.779416e+01  1.059684e+02  5.848000e+03  4.123771e-01 6 -1.000000e+00  1.085631e+02 1   1.6876  5.857296e-02  1.517552e-01 -1 -1.0000 -1.000000e+00 -1.000000e+00 -1.000000e+00 -1.000000e+00 -1.000000e+00 -1.000000e+00 -1 -1.0000 -1.000000e+00 -1.000000e+00 -1.000000e+00 -1.000000e+00 -1.000000e+00 -1.000000e+00  0  1.1550  3.149552e+12  0.000000e+00  0.000000e+00  1.134344e-01  5.723987e+01  4.829442e+00  1  1.1550  8.606651e+10  0.000000e+00  0.000000e+00  2.888025e-01  6.403898e+01  3.221460e-02  2  1.1550  1.687626e+00  0.000000e+00  0.000000e+00  1.492383e-01  5.135752e+01  0.000000e+00 
3  2.512093e+00  1.732646e+00  7.534500e+04  1.060241e+00 6  2.944525e-01  3.611331e+00 1  10.0335 -2.835137e-01 -7.550817e-01  0  0.3470  1.849930e+12  0.000000e+00  0.000000e+00  2.925673e-01 -1.225459e+01  2.091794e+01  1  0.3470  7.715451e+10  0.000000e+00  0.000000e+00  2.940326e-01  4.710450e+00  2.088385e-01  2  0.3470  1.102344e+13 -5.868612e+01 -4.109324e+01  3.976656e-01  5.146209e+01  3.101899e+00  3  0.3470  1.622347e+11 -5.868612e+01 -4.109324e+01  2.376725e-02  9.376203e+01  3.143057e-01  4  0.3470  1.003347e+01  0.000000e+00  0.000000e+00  4.186523e-02 -7.880775e+01  0.000000e+00 
3  5.278159e+00  2.702095e+00  2.345000e+03  4.670292e-01 6 -1.000000e+00  6.470431e+00 1   5.7396 -6.062762e-01  2.063257e-01 -1 -1.0000 -1.000000e+00 -1.000000e+00 -1.000000e+00 -1.000000e+00 -1.000000e+00 -1.000000e+00 -1 -1.0000 -1.000000e+00 -1.000000e+00 -1.000000e+00 -1.000000e+00 -1.000000e+00 -1.000000e+00  0  0.6130  1.355678e+12  0.000000e+00  0.000000e+00  2.479198e-01 -2.912599e+01  6.012054e+00  1  0.6130  6.190032e+10  0.000000e+00  0.000000e+00  5.801042e-01 -2.669591e+01  1.006323e-01  2  0.6130  5.739571e+00  0.000000e+00  0.000000e+00  2.769618e-02  1.122337e+02  0.000000e+00 
3  8.660797e+00  9.589428e+00  3.526360e+05  7.355467e-01 6 -1.000000e+00  1.172838e+01 1   5.1668  1.778657e-01  4.045777e-02 -1 -1.0000 -1.000000e+00 -1.000000e+00 -1.000000e+00 -1.000000e+00 -1.000000e+00 -1.000000e+00 -1 -1.0000 -1.000000e+00 -1.000000e+00 -1.000000e+00 -1.000000e+00 -1.000000e+00 -1.000000e+00  0  0.7000  1.293461e+12  0.000000e+00  0.000000e+00  2.757068e-01 -7.617695e+01  5.767117e+00  1  0.7000  6.069186e+10  0.000000e+00  0.000000e+00  3.018034e-01 -7.955932e+01  6.074246e-02  2  0.7000  5.166764e+00  0.000000e+00  0.000000e+00  2.127568e-01  3.419456e+01  0.000000e+00 
3  5.741388e+01  2.666607e+01  3.425460e+05  3.664292e-01 6 -1.000000e+00  7.723101e+01 1   2.9508 -3.310150e-01 -2.547845e-01 -1 -1.0000 -1.000000e+00 -1.000000e+00 -1.000000e+00 -1.000000e+00 -1.000000e+00 -1.000000e+00 -1 -1.0000 -1.000000e+00 -1.000000e+00 -1.000000e+00 -1.000000e+00 -1.000000e+00 -1.000000e+00  0  1.2230  2.388326e+12  0.000000e+00  0.000000e+00  1.474470e-01  1.705330e+00  6.770484e+00  1  1.2230  4.923105e+10  0.000000e+00  0.000000e+00  3.813098e-01 -9.301633e+00  5.598005e-02  2  1.2230  2.950832e+00  0.000000e+00  0.000000e+00  6.090727e-02 -1.461120e+02  0.000000e+00 
3  1.142884e+01  6.843447e+00  3.304850e+05  2.960849e-01 6 -1.000000e+00  1.686527e+01 1   4.0911  5.021443e-02 -2.414321e-01 -1 -1.0000 -1.000000e+00 -1.000000e+00 -1.000000e+00 -1.000000e+00 -1.000000e+00 -1.000000e+00 -1 -1.0000 -1.000000e+00 -1.000000e+00 -1.000000e+00 -1.000000e+00 -1.000000e+00 -1.000000e+00  0  1.4390  1.454063e+12  0.000000e+00  0.000000e+00  4.066136e-01  2.110045e+01  3.801975e+00  1  1.4390  4.477669e+10  0.000000e+00  0.000000e+00  3.445230e-01 -1.322126e+01  7.169176e-02  2  1.4390  4.091067e+00  0.000000e+00  0.000000e+00  6.713270e-02  1.145703e+02  0.000000e+00 
2  2.107544e+01  2.380002e+01  3.096620e+05  6.436090e-01 6 -1.000000e+00  3.757343e+01 3   4.2412 -2.639417e-02 -2.426423e-01 -1 -1.0000 -1.000000e+00 -1.000000e+00 -1.000000e+00 -1.000000e+00 -1.000000e+00 -1.000000e+00 -1 -1.0000 -1.000000e+00 -1.000000e+00 -1.000000e+00 -1.000000e+00 -1.000000e+00 -1.000000e+00  0  1.5090  4.056183e+12  0.000000e+00  0.000000e+00  1.738091e-01  1.254519e+02  7.196422e+00  1  1.5090  5.902456e+10  0.000000e+00  0.000000e+00  3.250518e-01  1.329927e+02  3.197474e-02  2  1.5090  4.241200e+00  0.000000e+00  0.000000e+00  1.685569e-01 -1.404358e+02  0.000000e+00 
3  4.868518e+01  3.565215e+01  3.422060e+05  6.763860e-01 6  2.899337e-01  1.023527e+02 3   1.4844 -3.679481e-01  8.442501e-01  0  0.4550  1.780278e+12  0.000000e+00  0.000000e+00  2.994550e-01  1.439845e+02  1.779556e+01  1  0.4550  5.786199e+10  0.000000e+00  0.000000e+00  2.579779e-01  1.459012e+02  2.299453e-01  2  0.4550  8.001065e+12 -5.809660e+01  4.848780e+01  3.123364e-01 -1.210904e+02  4.995935e+00  3  0.4550  1.485721e+11 -5.809660e+01  4.848780e+01  1.633238e-01 -1.053535e+02  5.214757e-01  4  0.4550  1.484442e+00  0.000000e+00  0.000000e+00  2.723146e-02 -5.490842e+01  0.000000e+00 
3  1.989474e+01  1.591293e+01  2.822990e+05  4.843593e-01 6 -1.000000e+00  3.406011e+01 1   1.6490  2.751374e-01 -1.127904e-01 -1 -1.0000 -1.000000e+00 -1.000000e+00 -1.000000e+00 -1.000000e+00 -1.000000e+00 -1.000000e+00 -1 -1.0000 -1.000000e+00 -1.000000e+00 -1.000000e+00 -1.000000e+00 -1.000000e+00 -1.000000e+00  0  0.9720  6.731491e+12  0.000000e+00  0.000000e+00  5.085427e-01 -1.795555e+02  8.471164e+00  1  0.9720  8.456035e+10  0.000000e+00  0.000000e+00  3.463736e-01 -1.477280e+02  5.655795e-02  2  0.9720  1.649040e+00  0.000000e+00  0.000000e+00  1.378721e-01  8.145928e+01  0.000000e+00 
3  1.046387e+01  4.033229e+00  3.768200e+05  4.005377e-01 6  2.839073e-01  2.213310e+01 2   5.0325 -6.306239e-01  1.420680e-01  0  1.0250  6.200527e+11  0.000000e+00  0.000000e+00  2.811490e-01  3.555101e+01  1.608617e+01  1  1.0250  2.553998e+10  0.000000e+00  0.000000e+00  3.904342e-01  1.101975e+01  6.828633e-02  2  1.0250  2.822831e+12 -2.339160e+01 -1.284480e+01  5.117266e-01 -4.884144e+01  3.236761e+00  3  1.0250  7.578096e+10 -2.339160e+01 -1.284480e+01  4.437993e-01 -2.077316e+00  1.274867e-01  4  1.0250  5.032495e+00  0.000000e+00  0.000000e+00  1.704361e-01 -1.584007e+02  0.000000e+00 
3  4.463452e+00  2.495279e+00  1.614670e+05  1.609841e+00 6 -1.000000e+00  6.060249e+00 1  14.3782  4.752352e-01  5.338369e-01 -1 -1.0000 -1.000000e+00 -1.000000e+00 -1.000000e+00 -1.000000e+00 -1.000000e+00 -1.000000e+00 -1 -1.0000 -1.000000e+00 -1.000000e+00 -1.000000e+00 -1.000000e+00 -1.000000e+00 -1.000000e+00  0  1.0520  1.105226e+13  0.000000e+00  0.000000e+00  4.893621e-01  7.982818e+01  5.779710e+00  1  1.0520  9.157349e+10  0.000000e+00  0.000000e+00  3.023089e-01  9.034811e+01  1.311656e-01  2  1.0520  1.437815e+01  0.000000e+00  0.000000e+00  2.246251e-01  9.326292e+01  0.000000e+00 
1  3.139050e+01  6.644856e+01  1.278860e+05  1.110984e-01 0  2.994247e-01  6.644856e+01 2   2.6644 -1.657893e-01  3.089137e-01  0  1.0810  1.012431e+11  0.000000e+00  0.000000e+00  3.068129e-01 -6.491343e+01  3.295288e+01  1  1.0810  7.941272e+08  0.000000e+00  0.000000e+00  2.949166e-01 -5.620463e+01  1.651858e-01  2  1.0810  2.611843e+12 -8.557755e+00  1.134298e+01  3.437214e-01  1.308897e+01  2.450548e+00  3  1.0810  5.815963e+10 -8.557755e+00  1.134298e+01  2.703913e-01 -4.943630e+01  1.481257e-01  4  1.0810  2.664371e+00  0.000000e+00  0.000000e+00  5.369737e-02  1.062699e+02  0.000000e+00 
3  2.873466e+01  2.785994e+01  1.865900e+04  1.086147e+00 6  2.800052e-01  6.713833e+01 3   3.1139  1.161368e+00  1.120069e+00  0  1.1200  2.605179e+12  0.000000e+00  0.000000e+00  2.712163e-01 -1.644675e+02  2.196236e+01  1  1.1200  8.125640e+10  0.000000e+00  0.000000e+00  3.548118e-01 -1.899176e+02  4.453935e-02  2  1.1200  1.453683e+13  1.279148e+01  6.378298e+00  8.622521e-02 -1.010621e+02  4.207211e+00  3  1.1200  8.598971e+10  1.279148e+01  6.378298e+00  3.113014e-01 -1.178499e+02  9.587862e-02  4  1.1200  3.113893e+00  0.000000e+00  0.000000e+00  4.111217e-02  3.463814e+01  0.000000e+00 
3  7.310298e+00  3.714741e+00  2.160450e+05  3.170818e-01 6 -1.000000e+00  8.700745e+00 1   7.4534  2.082714e-01  1.797915e-01 -1 -1.0000 -1.000000e+00 -1.000000e+00 -1.000000e+00 -1.000000e+00 -1.000000e+00 -1.000000e+00 -1 -1.0000 -1.000000e+00 -1.000000e+00 -1.000000e+00 -1.000000e+00 -1.000000e+00 -1.000000e+00  0  1.1860  9.666607e+11  0.000000e+00  0.000000e+00  3.973702e-01 -9.099548e+01  2.822300e+00  1  1.1860  2.428129e+10  0.000000e+00  0.000000e+00  5.387126e-02 -8.771095e+01  6.040501e-02  2  1.1860  7.453354e+00  0.000000e+00  0.000000e+00  1.794904e-01 -1.106270e+02  0.000000e+00 
3  1.572016e+01  1.322241e+01  7.436200e+04  2.745759e-01 6 -1.000000e+00  2.124955e+01 1   2.8833  7.786209e-02 -9.573276e-02 -1 -1.0000 -1.000000e+00 -1.000000e+00 -1.000000e+00 -1.000000e+00 -1.000000e+00 -1.000000e+00 -1 -1.0000 -1.000000e+00 -1.000000e+00 -1.000000e+00 -1.000000e+00 -1.000000e+00 -1.000000e+00  0  1.6410  1.106809e+12  0.000000e+00  0.000000e+00  9.107746e-02 -8.630461e+01  4.480638e+00  1  1.6410  3.183693e+10  0.000000e+00  0.000000e+00  4.039525e-01 -1.141666e+02  3.444455e-02  2  1.6410  2.883311e+00  0.000000e+00  0.000000e+00  7.152562e-02  1.188570e+02  0.000000e+00 
2  2.737446e+00  1.489305e+00  2.298740e+05  9.470747e-01 6 -1.000000e+00  3.902444e+00 1   9.0850  4.366341e-01 -5.423091e-01 -1 -1.0000 -1.000000e+00 -1.000000e+00 -1.000000e+00 -1.000000e+00 -1.000000e+00 -1.000000e+00 -1 -1.0000 -1.000000e+00 -1.000000e+00 -1.000000e+00 -1.000000e+00 -1.000000e+00 -1.000000e+00  0  2.8670  5.723667e+12  0.000000e+00  0.000000e+00  1.496401e-01 -1.175850e+02  5.689748e+00  1  2.8670  8.869480e+10  0.000000e+00  0.000000e+00  4.888200e-01 -1.265427e+02  1.924930e-02  2  2.8670  9.084989e+00  0.000000e+00  0.000000e+00  2.299331e-01  1.476480e+02  0.000000e+00 
3  3.214971e+00  6.386112e+00  1.397180e+05  5.834616e+00 6 -1.000000e+00  7.527087e+00 3  14.7119  8.104046e-01 -1.490279e+00 -1 -1.0000 -1.000000e+00 -1.000000e+00 -1.000000e+00 -1.000000e+00 -1.000000e+00 -1.000000e+00 -1 -1.0000 -1.000000e+00 -1.000000e+00 -1.000000e+00 -1.000000e+00 -1.000000e+00 -1.000000e+00  0  0.4950  1.091696e+14  0.000000e+00  0.000000e+00  3.867368e-01  1.378989e+02  7.052314e+00  1  0.4950  5.070328e+11  0.000000e+00  0.000000e+00  3.809045e-01  1.339106e+02  1.199889e+00  2  0.4950  1.471189e+01  0.000000e+00  0.000000e+00  2.443871e-01 -1.171957e+02  0.000000e+00 
1  1.878928e+01  3.315043e+01  2.085100e+05  5.307892e-02 0  3.140461e-01  3.315043e+01 2   1.9045  2.486987e-01 -2.141108e-01  0  0.5130  7.321059e+10  0.000000e+00  0.000000e+00  3.315658e-01 -1.305353e+02  2.971540e+01  1  0.5130  4.059785e+08  0.000000e+00  0.000000e+00  1.390838e-01 -1.445126e+02  8.818852e-02  2  0.5130  2.292044e+12  2.253466e+01 -1.184147e+01  3.766575e-01 -7.904339e+01  8.577298e+00  3  0.5130  4.685642e+10  2.253466e+01 -1.184147e+01  2.236503e-01 -9.140337e+01  1.055448e-01  4  0.5130  1.904456e+00  0.000000e+00  0.000000e+00  1.077636e-01  9.549026e+01  0.000000e+00 
1  1.542430e+01  2.727435e+01  1.328290e+05  3.366823e+00 0 -1.000000e+00  2.727435e+01 2   2.4295  8.848101e+00 -9.777862e+00 -1 -1.0000 -1.000000e+00 -1.000000e+00 -1.000000e+00 -1.000000e+00 -1.000000e+00 -1.000000e+00 -1 -1.0000 -1.000000e+00 -1.000000e+00 -1.000000e+00 -1.000000e+00 -1.000000e+00 -1.000000e+00  0  0.5210  1.600950e+14  0.000000e+00  0.000000e+00  5.242258e-01  4.107175e+01  5.152354e+00  1  0.5210  3.854592e+11  0.000000e+00  0.000000e+00  4.433917e-01  3.296322e+01  4.534768e-01  2  0.5210  2.429502e+00  0.000000e+00  0.000000e+00  7.354780e-02 -1.440476e+02  0.000000e+00 
3  9.093300e+00  1.468078e+01  1.233800e+04  4.932713e-01 6  2.964942e-01  1.686312e+01 3   7.7116  8.198247e-01  3.468212e-02  0  0.6670  4.018578e+11  0.000000e+00  0.000000e+00  2.852668e-02 -1.094115e+02  2.876427e+01  1  0.6670  1.653132e+10  0.000000e+00  0.000000e+00  6.749102e-01 -1.278346e+02  2.318272e-01  2  0.6670  4.012039e+12  1.078875e+01  3.949458e+00  9.355512e-02 -2.926304e+01  4.015167e+00  3  0.6670  6.596785e+10  1.078875e+01  3.949458e+00  3.565756e-01 -2.188943e+01  1.319969e-01  4  0.6670  7.711574e+00  0.000000e+00  0.000000e+00  5.494533e-02  2.582537e-01  0.000000e+00 
3  1.670651e+01  7.216416e+00  2.943550e+05  1.708896e+00 6 -1.000000e+00  2.246584e+01 1   1.2636 -5.721093e-01 -1.175625e+00 -1 -1.0000 -1.000000e+00 -1.000000e+00 -1.000000e+00 -1.000000e+00 -1.000000e+00 -1.000000e+00 -1 -1.0000 -1.000000e+00 -1.000000e+00 -1.000000e+00 -1.000000e+00 -1.000000e+00 -1.000000e+00  0  0.6790  3.259573e+13  0.000000e+00  0.000000e+00  5.608859e-01 -1.167271e+02  8.868172e+00  1  0.6790  2.238279e+11  0.000000e+00  0.000000e+00  3.472266e-01 -8.365946e+01  1.555871e-01  2  0.6790  1.263609e+00  0.000000e+00  0.000000e+00  2.906597e-02 -3.687980e+01  0.000000e+00 
3  6.067529e+00  4.149028e+00  9.817100e+04  2.981187e-01 6 -1.000000e+00  9.396057e+00 1  12.4848 -1.323305e-01 -1.009672e-01 -1 -1.0000 -1.000000e+00 -1.000000e+00 -1.000000e+00 -1.000000e+00 -1.000000e+00 -1.000000e+00 -1 -1.0000 -1.000000e+00 -1.000000e+00 -1.000000e+00 -1.000000e+00 -1.000000e+00 -1.000000e+00  0  1.1950  6.496041e+11  0.000000e+00  0.000000e+00  5.006705e-02  1.527290e+02  4.802221e+00  1  1.1950  1.865366e+10  0.000000e+00  0.000000e+00  2.698067e-01  1.413100e+02  3.563324e-02  2  1.1950  1.248482e+01  0.000000e+00  0.000000e+00  9.039615e-02  1.597782e+02  0.000000e+00 
3  6.485414e+00  3.306833e+00  3.168870e+05  4.136609e-01 6 -1.000000e+00  8.234701e+00 1   4.7948  4.546946e-01 -3.868375e-01 -1 -1.0000 -1.000000e+00 -1.000000e+00 -1.000000e+00 -1.000000e+00 -1.000000e+00 -1.000000e+00 -1 -1.0000 -1.000000e+00 -1.000000e+00 -1.000000e+00 -1.000000e+00 -1.000000e+00 -1.000000e+00  0  1.3520  3.778843e+12  0.000000e+00  0.000000e+00  3.625394e-01  1.389922e+02  4.410054e+00  1  1.3520  8.067135e+10  0.000000e+00  0.000000e+00  5.829604e-01  1.634403e+02  1.169856e-01  2  1.3520  4.794841e+00  0.000000e+00  0.000000e+00  5.921344e-02  1.401264e+02  0.000000e+00 
3  1.234220e+01  9.479492e+00  3.281340e+05  1.578307e+00 6 -1.000000e+00  2.851756e+01 3   6.2641  4.375272e-01 -4.846735e-01 -1 -1.0000 -1.000000e+00 -1.000000e+00 -1.000000e+00 -1.000000e+00 -1.000000e+00 -1.000000e+00 -1 -1.0000 -1.000000e+00 -1.000000e+00 -1.000000e+00 -1.000000e+00 -1.000000e+00 -1.000000e+00  0  0.8210  2.652006e+13  0.000000e+00  0.000000e+00  4.448796e-01 -1.339949e+02  4.216913e+00  1  0.8210  1.660089e+11  0.000000e+00  0.000000e+00  5.219638e-01 -6.530200e+01  1.791888e-01  2  0.8210  6.264067e+00  0.000000e+00  0.000000e+00  4.792924e-02 -7.409769e+01  0.000000e+00 
3  4.790952e+00  2.521530e+00  1.034620e+05  5.018526e-01 6 -1.000000e+00  5.730683e+00 1   8.3720 -4.712698e-01 -2.854879e-01 -1 -1.0000 -1.000000e+00 -1.000000e+00 -1.000000e+00 -1.000000e+00 -1.000000e+00 -1.000000e+00 -1 -1.0000 -1.000000e+00 -1.000000e+00 -1.000000e+00 -1.000000e+00 -1.000000e+00 -1.000000e+00  0  1.0540  1.394331e+12  0.000000e+00  0.000000e+00  2.140624e-01 -1.512570e+02  5.287658e+00  1  1.0540  5.046310e+10  0.000000e+00  0.000000e+00  2.908528e-01 -1.435658e+02  5.763091e-02  2  1.0540  8.371963e+00  0.000000e+00  0.000000e+00  1.551789e-01  2.949221e+01  0.000000e+00 
3  4.347802e+00  2.827686e+00  2.498850e+05  1.051327e+00 6  2.827890e-01  6.190419e+00 1   8.8491  3.672692e-01 -6.075345e-01  0  1.1260  1.091314e+12  0.000000e+00  0.000000e+00  1.367293e-01 -1.056646e+02  2.475222e+01  1  1.1260  5.739112e+10  0.000000e+00  0.000000e+00  1.453722e-01 -6.302838e+01  5.482644e-02  2  1.1260  7.152356e+12  3.158358e+00 -1.716805e+01  1.780528e-01 -1.119037e+02  6.578430e+00  3  1.1260  9.385381e+10  3.158358e+00 -1.716805e+01  2.515903e-01 -1.223572e+02  4.534495e-02  4  1.1260  8.849111e+00  0.000000e+00  0.000000e+00  8.679274e-02 -1.645203e+02  0.000000e+00 
3  1.042305e+00  6.372268e-02  2.783300e+04  1.240597e+00 6 -1.000000e+00  1.983473e+00 2   7.9950 -1.277558e+00  1.274271e+00 -1 -1.0000 -1.000000e+00 -1.000000e+00 -1.000000e+00 -1.000000e+00 -1.000000e+00 -1.000000e+00 -1 -1.0000 -1.000000e+00 -1.000000e+00 -1.000000e+00 -1.000000e+00 -1.000000e+00 -1.000000e+00  0  2.3040  1.346151e+13  0.000000e+00  0.000000e+00  2.481870e-01 -1.305604e+02  4.986959e+00  1  2.3040  9.031340e+10  0.000000e+00  0.000000e+00  1.597339e-01 -1.488770e+02  2.581131e-02  2  2.3040  7.994957e+00  0.000000e+00  0.000000e+00  1.599442e-01  5.605531e+01  0.000000e+00 
3  6.320898e+00  4.850694e+00  3.942140e+05  3.997561e-01 6 -1.000000e+00  9.622529e+00 1  10.0433  2.213630e-01  9.317099e-02 -1 -1.0000 -1.000000e+00 -1.000000e+00 -1.000000e+00 -1.000000e+00 -1.000000e+00 -1.000000e+00 -1 -1.0000 -1.000000e+00 -1.000000e+00 -1.000000e+00 -1.000000e+00 -1.000000e+00 -1.000000e+00  0  2.5530  1.356622e+12  0.000000e+00  0.000000e+00  2.026481e-01  6.002604e+01  5.202466e+00  1  2.5530  2.561543e+10  0.000000e+00  0.000000e+00  5.503024e-01  6.357289e+01  4.583940e-02  2  2.5530  1.004326e+01  0.000000e+00  0.000000e+00  1.020868e-01 -8.522555e+00  0.000000e+00 
3  1.165258e+01  7.930752e+00  3.403600e+04  6.973204e-01 6 -1.000000e+00  2.771032e+01 2   4.1441 -3.060576e-01  2.734088e-01 -1 -1.0000 -1.000000e+00 -1.000000e+00 -1.000000e+00 -1.000000e+00 -1.000000e+00 -1.000000e+00 -1 -1.0000 -1.000000e+00 -1.000000e+00 -1.000000e+00 -1.000000e+00 -1.000000e+00 -1.000000e+00  0  0.3760  2.489532e+12  0.000000e+00  0.000000e+00  5.766919e-02 -1.624326e+02  1.078250e+01  1  0.3760  4.745336e+10  0.000000e+00  0.000000e+00  1.972266e-01 -1.507335e+02  2.055895e-01  2  0.3760  4.144139e+00  0.000000e+00  0.000000e+00  1.237642e-01 -1.211856e+02  0.000000e+00 
3  7.713141e+00  6.071837e+00  4.803300e+04  1.087607e+00 6 -1.000000e+00  1.188439e+01 1   5.3197  3.975310e-01 -7.038497e-01 -1 -1.0000 -1.000000e+00 -1.000000e+00 -1.000000e+00 -1.000000e+00 -1.000000e+00 -1.000000e+00 -1 -1.0000 -1.000000e+00 -1.000000e+00 -1.000000e+00 -1.000000e+00 -1.000000e+00 -1.000000e+00  0  0.4700  1.290795e+13  0.000000e+00  0.000000e+00  1.785874e-01  1.301278e+02  6.559097e+00  1  0.4700  1.221019e+11  0.000000e+00  0.000000e+00  2.745453e-01  1.639286e+02  3.726421e-01  2  0.4700  5.319678e+00  0.000000e+00  0.000000e+00  1.167783e-01  1.627515e+02  0.000000e+00 
3  1.148745e+00  8.734537e-01  1.936660e+05  9.769819e-01 6  2.813448e-01  1.731652e+00 1   5.3214 -2.507907e+00  4.380711e-01  0  0.5150  6.365757e+12  0.000000e+00  0.000000e+00  4.348669e-01  1.227980e+02  8.330604e+00  1  0.5150  7.902362e+10  0.000000e+00  0.000000e+00  4.406173e-01  1.378388e+02  1.881545e-01  2  0.5150  1.713367e+13 -4.568654e+01 -8.049831e-01  1.055784e-01 -1.151950e+02  6.960997e+00  3  0.5150  1.704486e+11 -4.568654e+01 -8.049831e-01  1.716486e-01 -1.750150e+02  2.252389e-01  4  0.5150  5.321430e+00  0.000000e+00  0.000000e+00  1.153766e-01  5.741802e+01  0.000000e+00 
3  1.253120e+01  1.495566e+01  2.497840e+05  2.725875e+00 6  2.798983e-01  2.031752e+01 1   6.2334 -4.959505e+00  3.964587e+00  0  0.5790  2.292489e+13  0.000000e+00  0.000000e+00  4.772564e-01  5.717604e+01  9.452867e+00  1  0.5790  1.174231e+11  0.000000e+00  0.000000e+00  3.013108e-01  9.796607e+01  1.718830e-01  2  0.5790  1.116733e+14 -1.160696e+02  8.243246e+01  3.040608e-01  2.154137e+01  5.950089e+00  3  0.5790  4.596022e+11 -1.160696e+02  8.243246e+01  3.165974e-01  1.229575e+01  6.663050e-01  4  0.5790  6.233447e+00  0.000000e+00  0.000000e+00  7.195573e-02 -3.654217e+01  0.000000e+00 
3  6.588385e+00  4.334719e+00  1.653490e+05  5.781436e-01 6  3.004395e-01  9.402688e+00 1   3.5555  1.779444e+00  5.109116e-01  0  0.6030  7.311989e+11  0.000000e+00  0.000000e+00  2.552050e-01  2.660301e+01  1.807744e+01  1  0.6030  4.456098e+10  0.000000e+00  0.000000e+00  3.878148e-01 -5.980282e+00  9.651912e-02  2  0.6030  1.075378e+13  2.665740e+01  1.053909e+01  3.240127e-01 -6.761577e+01  5.944985e+00  3  0.6030  1.412879e+11  2.665740e+01  1.053909e+01  4.477603e-01 -1.618716e+01  1.699696e-01  4  0.6030  3.555466e+00  0.000000e+00  0.000000e+00  6.599763e-02 -1.240881e+02  0.000000e+00 
3  4.425296e+00  4.076276e+00  3.177830e+05  7.323317e-01 6 -1.000000e+00  8.133967e+00 3   3.4123  1.334570e-01  2.281309e-01 -1 -1.0000 -1.000000e+00 -1.000000e+00 -1.000000e+00 -1.000000e+00 -1.000000e+00 -1.000000e+00 -1 -1.0000 -1.000000e+00 -1.000000e+00 -1.000000e+00 -1.000000e+00 -1.000000e+00 -1.000000e+00  0  0.6410  4.405275e+12  0.000000e+00  0.000000e+00  3.476700e-01 -7.698908e+01  4.258524e+00  1  0.6410  7.817548e+10  0.000000e+00  0.000000e+00  4.241818e-01 -6.646554e+01  2.005080e-01  2  0.6410  3.412349e+00  0.000000e+00  0.000000e+00  8.208625e-02 -1.781078e+02  0.000000e+00 
3  1.453085e+01  8.920241e+00  1.471930e+05  4.802626e-01 6 -1.000000e+00  1.963918e+01 1   4.8225 -3.814021e-01  7.686019e-02 -1 -1.0000 -1.000000e+00 -1.000000e+00 -1.000000e+00 -1.000000e+00 -1.000000e+00 -1.000000e+00 -1 -1.0000 -1.000000e+00 -1.000000e+00 -1.000000e+00 -1.000000e+00 -1.000000e+00 -1.000000e+00  0  0.9300  1.443043e+12  0.000000e+00  0.000000e+00  1.746984e-01 -1.282645e+02  5.717275e+00  1  0.9300  4.551839e+10  0.000000e+00  0.000000e+00  2.274586e-01 -1.599295e+02  2.110865e-02  2  0.9300  4.822469e+00  0.000000e+00  0.000000e+00  5.541641e-02  1.597173e+02  0.000000e+00 
3  3.071187e+00  1.887000e+00  2.028660e+05  1.690981e+00 6 -1.000000e+00  5.407322e+00 3   6.9734 -9.300426e-01 -1.408042e-01 -1 -1.0000 -1.000000e+00 -1.000000e+00 -1.000000e+00 -1.000000e+00 -1.000000e+00 -1.000000e+00 -1 -1.0000 -1.000000e+00 -1.000000e+00 -1.000000e+00 -1.000000e+00 -1.000000e+00 -1.000000e+00  0  1.2750  2.876940e+13  0.000000e+00  0.000000e+00  2.779761e-01 -4.779263e+01  4.535493e+00  1  1.2750  1.240397e+11  0.000000e+00  0.000000e+00  4.569800e-01 -5.307682e+01  7.985051e-02  2  1.2750  6.973375e+00  0.000000e+00  0.000000e+00  1.312920e-01  1.351531e+01  0.000000e+00 
3  7.370837e+00  1.228688e+01  2.872480e+05  8.289173e-02 6  2.925722e-01  1.470077e+01 3   4.0246 -4.133490e-01 -3.582597e-01  0  1.3600  1.343340e+11  0.000000e+00  0.000000e+00  1.903183e-01  1.157538e+02  1.570789e+01  1  1.3600  1.141663e+09  0.000000e+00  0.000000e+00  4.780379e-01  1.317413e+02  3.769139e-02  2  1.3600  2.831342e+12 -3.272468e+00 -2.522402e+00  1.901968e-02  7.132298e+01  4.038335e+00  3  1.3600  8.879203e+10 -3.272468e+00 -2.522402e+00  4.937403e-01  6.650500e+01  4.092288e-02  4  1.3600  4.024628e+00  0.000000e+00  0.000000e+00  1.093299e-01  9.200181e+01  0.000000e+00 
3  8.453113e+00  3.574225e+00  6.646600e+04  4.436230e-01 6 -1.000000e+00  1.096347e+01 1   7.7430 -5.314983e-01  1.726289e-01 -1 -1.0000 -1.000000e+00 -1.000000e+00 -1.000000e+00 -1.000000e+00 -1.000000e+00 -1.000000e+00 -1 -1.0000 -1.000000e+00 -1.000000e+00 -1.000000e+00 -1.000000e+00 -1.000000e+00 -1.000000e+00  0  2.6960  2.774957e+12  0.000000e+00  0.000000e+00  2.621058e-01  5.173117e+00  4.488375e+00  1  2.6960  7.147949e+10  0.000000e+00  0.000000e+00  4.747212e-01  2.267907e+01  2.441479e-02  2  2.6960  7.742965e+00  0.000000e+00  0.000000e+00  8.594738e-02 -1.764873e+02  0.000000e+00 
3  2.257272e+01  1.588469e+01  1.054020e+05  6.488792e-01 6  3.009283e-01  3.780512e+01 1   1.5654 -1.451093e+00  6.251518e-01  0  0.2830  8.554464e+11  0.000000e+00  0.000000e+00  3.441865e-02  4.821845e+01  2.166459e+01  1  0.2830  4.604126e+10  0.000000e+00  0.000000e+00  5.281562e-01  3.037720e+01  2.062807e-01  2  0.2830  7.037883e+12 -2.658934e+01  5.673196e+00  1.829420e-01 -3.303461e+01  7.876840e+00  3  0.2830  1.120053e+11 -2.658934e+01  5.673196e+00  3.199521e-01 -4.808093e+01  4.754885e-01  4  0.2830  1.565389e+00  0.000000e+00  0.000000e+00  5.225832e-02  1.093481e+02  0.000000e+00 
3  3.215062e+01  1.878491e+01  2.687470e+05  8.829793e-01 6  2.940928e-01  4.532748e+01 1   3.5723 -8.903281e-01  2.602142e-02  0  0.5120  1.863570e+12  0.000000e+00  0.000000e+00  2.124304e-01  8.379835e+00  1.667484e+01  1  0.5120  6.425600e+10  0.000000e+00  0.000000e+00  3.445440e-01  2.025692e+01  1.593684e-01  2  0.5120  1.439771e+13 -2.273829e+01 -4.013086e+00  4.111969e-01 -1.243751e+02  2.253441e+00  3  0.5120  1.318544e+11 -2.273829e+01 -4.013086e+00  4.731468e-01 -1.218757e+02  6.858010e-01  4  0.5120  3.572260e+00  0.000000e+00  0.000000e+00  7.001791e-02 -1.618212e+02  0.000000e+00 
1  9.900283e+00  1.922992e+01  1.547280e+05  1.665983e+00 0 -1.000000e+00  1.922992e+01 2   5.5924  2.124642e+00 -3.244281e-01 -1 -1.0000 -1.000000e+00 -1.000000e+00 -1.000000e+00 -1.000000e+00 -1.000000e+00 -1.000000e+00 -1 -1.0000 -1.000000e+00 -1.000000e+00 -1.000000e+00 -1.000000e+00 -1.000000e+00 -1.000000e+00  0  0.5900  1.022393e+13  0.000000e+00  0.000000e+00  2.258506e-01  8.180700e+01  8.754364e+00  1  0.5900  1.155578e+11  0.000000e+00  0.000000e+00  3.508497e-01  6.588690e+01  1.331384e-01  2  0.5900  5.592391e+00  0.000000e+00  0.000000e+00  1.656611e-01  8.666975e+01  0.000000e+00 
3  6.927916e+00  3.922138e+00  1.335620e+05  3.914253e-01 6 -1.000000e+00  8.215114e+00 1   5.4246  4.345511e-01 -1.623982e-01 -1 -1.0000 -1.000000e+00 -1.000000e+00 -1.000000e+00 -1.000000e+00 -1.000000e+00 -1.000000e+00 -1 -1.0000 -1.000000e+00 -1.000000e+00 -1.000000e+00 -1.000000e+00 -1.000000e+00 -1.000000e+00  0  0.6910  9.895678e+11  0.000000e+00  0.000000e+00  5.950209e-01  1.794370e+02  5.801164e+00  1  0.6910  4.363212e+10  0.000000e+00  0.000000e+00  3.514604e-01  1.702792e+02  1.074527e-01  2  0.6910  5.424642e+00  0.000000e+00  0.000000e+00  8.674255e-03 -3.035135e+01  0.000000e+00 
3  6.141167e+01  1.359654e+02  2.460230e+05  3.170173e-01 6 -1.000000e+00  1.641234e+02 3   1.2116 -4.322154e-02  2.012474e-03 -1 -1.0000 -1.000000e+00 -1.000000e+00 -1.000000e+00 -1.000000e+00 -1.000000e+00 -1.000000e+00 -1 -1.0000 -1.000000e+00 -1.000000e+00 -1.000000e+00 -1.000000e+00 -1.000000e+00 -1.000000e+00  0  0.7650  1.773565e+12  0.000000e+00  0.000000e+00  2.064352e-01 -3.779429e+01  9.429694e+00  1  0.7650  6.876192e+10  0.000000e+00  0.000000e+00  2.725053e-01 -3.168563e+01  1.616450e-01  2  0.7650  1.211551e+00  0.000000e+00  0.000000e+00  4.393730e-02 -1.348584e+02  0.000000e+00 
3  2.746995e+01  1.458318e+01  1.668530e+05  1.202039e+00 6 -1.000000e+00  5.049388e+01 2   3.5565  6.964953e-01 -5.513082e-01 -1 -1.0000 -1.000000e+00 -1.000000e+00 -1.000000e+00 -1.000000e+00 -1.000000e+00 -1.000000e+00 -1 -1.0000 -1.000000e+00 -1.000000e+00 -1.000000e+00 -1.000000e+00 -1.000000e+00 -1.000000e+00  0  0.8590  1.632534e+13  0.000000e+00  0.000000e+00  3.866643e-01  5.656313e+01  5.167752e+00  1  0.8590  1.759596e+11  0.000000e+00  0.000000e+00  2.106271e-01  1.320485e+01  1.133287e-01  2  0.8590  3.556499e+00  0.000000e+00  0.000000e+00  8.326320e-02  1.287598e+02  0.000000e+00 
3  1.321249e+01  5.072297e+00  3.059490e+05  1.188891e+00 6 -1.000000e+00  2.433548e+01 2   5.0871 -7.794384e-01  7.182696e-01 -1 -1.0000 -1.000000e+00 -1.000000e+00 -1.000000e+00 -1.000000e+00 -1.000000e+00 -1.000000e+00 -1 -1.0000 -1.000000e+00 -1.000000e+00 -1.000000e+00 -1.000000e+00 -1.000000e+00 -1.000000e+00  0  0.9510  1.995814e+13  0.000000e+00  0.000000e+00  2.935331e-01 -1.314462e+02  4.627837e+00  1  0.9510  1.500404e+11  0.000000e+00  0.000000e+00  2.854548e-01 -1.712518e+02  1.096803e-01  2  0.9510  5.087073e+00  0.000000e+00  0.000000e+00  9.919377e-02 -8.467956e+01  0.000000e+00 
1  1.039318e+01  1.905517e+01  1.155260e+05  6.137942e-01 0  2.816252e-01  1.905517e+01 2   4.5056 -3.714292e-01  1.269649e+00  0  1.4130  1.037177e+12  0.000000e+00  0.000000e+00  3.638867e-01  7.942156e+01  9.487788e+00  1  1.4130  5.323423e+10  0.000000e+00  0.000000e+00  1.696243e-01  8.490219e+01  8.282693e-02  2  1.4130  2.310409e+13 -2.874046e+00  4.401494e+00  3.494731e-01  1.648315e+02  3.909949e+00  3  1.4130  1.535321e+11 -2.874046e+00  4.401494e+00  3.219949e-01  1.349473e+02  4.767237e-02  4  1.4130  4.505609e+00  0.000000e+00  0.000000e+00  1.624838e-01 -7.812549e+01  0.000000e+00 
2  2.915594e+01  9.258480e+00  3.349910e+05  5.186793e-01 6  2.807986e-01  1.234295e+01 1   3.3278  8.665438e-01  6.950252e-01  0  1.4300  1.168143e+12  0.000000e+00  0.000000e+00  2.802778e-02  1.789247e+02  7.907696e+00  1  1.4300  4.208156e+10  0.000000e+00  0.000000e+00  4.859164e-01  1.176836e+02  7.334248e-02  2  1.4300  1.526029e+13  8.215687e-01  3.803486e-01  5.176661e-01 -1.545083e+02  2.594267e+00  3  1.4300  1.192880e+11  8.215687e-01  3.803486e-01  1.940798e-01 -2.334556e+02  7.035744e-02  4  1.4300  3.327799e+00  0.000000e+00  0.000000e+00  5.243040e-02 -9.088009e+01  0.000000e+00 
3  1.898882e+00  1.003079e+00  3.028490e+05  3.179308e-01 6 -1.000000e+00  2.438906e+00 1   9.8513  5.423818e-02  2.912790e-01 -1 -1.0000 -1.000000e+00 -1.000000e+00 -1.000000e+00 -1.000000e+00 -1.000000e+00 -1.000000e+00 -1 -1.0000 -1.000000e+00 -1.000000e+00 -1.000000e+00 -1.000000e+00 -1.000000e+00 -1.000000e+00  0  1.7590  1.628733e+12  0.000000e+00  0.000000e+00  4.070581e-01 -1.290559e+02  3.312684e+00  1  1.7590  4.014891e+10  0.000000e+00  0.000000e+00  5.057178e-01 -1.917597e+02  2.960031e-02  2  1.7590  9.851253e+00  0.000000e+00  0.000000e+00  1.636526e-01 -1.467972e+02  0.000000e+00 
2  1.124058e+01  7.108337e+00  1.215770e+05  5.972995e-01 6 -1.000000e+00  1.805644e+01 1   4.1796  1.847554e-01  3.093597e-01 -1 -1.0000 -1.000000e+00 -1.000000e+00 -1.000000e+00 -1.000000e+00 -1.000000e+00 -1.000000e+00 -1 -1.0000 -1.000000e+00 -1.000000e+00 -1.000000e+00 -1.000000e+00 -1.000000e+00 -1.000000e+00  0  1.8980  3.066722e+12  0.000000e+00  0.000000e+00  2.076292e-01  9.614781e+01  5.962442e+00  1  1.8980  7.724844e+10  0.000000e+00  0.000000e+00  2.493918e-01  6.726952e+01  2.678162e-02  2  1.8980  4.179632e+00  0.000000e+00  0.000000e+00  5.134817e-02  1.606912e+02  0.000000e+00 
3  1.503321e+01  8.707956e+00  6.164800e+04  2.488116e+00 6 -1.000000e+00  2.259515e+01 1   8.3479  1.621059e+00  5.382461e-01 -1 -1.0000 -1.000000e+00 -1.000000e+00 -1.000000e+00 -1.000000e+00 -1.000000e+00 -1.000000e+00 -1 -1.0000 -1.000000e+00 -1.000000e+00 -1.000000e+00 -1.000000e+00 -1.000000e+00 -1.000000e+00  0  0.2560  2.802537e+13  0.000000e+00  0.000000e+00  9.530408e-02  8.930189e+01  6.995782e+00  1  0.2560  2.529725e+11  0.000000e+00  0.000000e+00  2.711435e-01  1.099825e+02  4.337883e-01  2  0.2560  8.347889e+00  0.000000e+00  0.000000e+00  1.209460e-01 -1.762865e+02  0.000000e+00 
3  1.415605e+01  7.131191e+00  8.020800e+04  6.273125e-01 6 -1.000000e+00  2.627427e+01 2   6.4723 -1.559630e-01  5.558785e-01 -1 -1.0000 -1.000000e+00 -1.000000e+00 -1.000000e+00 -1.000000e+00 -1.000000e+00 -1.000000e+00 -1 -1.0000 -1.000000e+00 -1.000000e+00 -1.000000e+00 -1.000000e+00 -1.000000e+00 -1.000000e+00  0  0.3940  6.237886e+12  0.000000e+00  0.000000e+00  2.349502e-01  1.125383e+01  6.005928e+00  1  0.3940  8.789594e+10  0.000000e+00  0.000000e+00  5.785990e-01  1.601608e+01  2.948658e-01  2  0.3940  6.472313e+00  0.000000e+00  0.000000e+00  8.862557e-02  4.280921e+01  0.000000e+00 
3  6.270483e-01  3.056381e-01  2.979240e+05  1.272578e+00 6 -1.000000e+00  8.801668e-01 1  11.1991  2.062707e-01 -9.936864e-01 -1 -1.0000 -1.000000e+00 -1.000000e+00 -1.000000e+00 -1.000000e+00 -1.000000e+00 -1.000000e+00 -1 -1.0000 -1.000000e+00 -1.000000e+00 -1.000000e+00 -1.000000e+00 -1.000000e+00 -1.000000e+00  0  0.8170  3.004127e+12  0.000000e+00  0.000000e+00  2.512412e-01  1.564000e+02  1.669066e+01  1  0.8170  7.101809e+10  0.000000e+00  0.000000e+00  1.020025e-03  1.923385e+02  4.708001e-02  2  0.8170  1.119908e+01  0.000000e+00  0.000000e+00  5.201714e-02  1.279192e+02  0.000000e+00 
2  6.282686e+00  3.756616e+00  3.332340e+05  9.108323e-01 6 -1.000000e+00  1.054843e+01 1   7.0473 -1.984762e-01  5.721982e-01 -1 -1.0000 -1.000000e+00 -1.000000e+00 -1.000000e+00 -1.000000e+00 -1.000000e+00 -1.000000e+00 -1 -1.0000 -1.000000e+00 -1.000000e+00 -1.000000e+00 -1.000000e+00 -1.000000e+00 -1.000000e+00  0  1.0150  2.364481e+12  0.000000e+00  0.000000e+00  3.151705e-01  1.141350e+02  8.735251e+00  1  1.0150  8.851410e+10  0.000000e+00  0.000000e+00  3.248478e-01  1.310542e+02  3.630315e-02  2  1.0150  7.047282e+00  0.000000e+00  0.000000e+00  1.556777e-01  2.707553e+01  0.000000e+00 
3  3.271721e+00  2.578659e+00  3.603330e+05  4.746735e-01 6 -1.000000e+00  4.412768e+00 1  11.9160  2.901518e-01 -2.988081e-02 -1 -1.0000 -1.000000e+00 -1.000000e+00 -1.000000e+00 -1.000000e+00 -1.000000e+00 -1.000000e+00 -1 -1.0000 -1.000000e+00 -1.000000e+00 -1.000000e+00 -1.000000e+00 -1.000000e+00 -1.000000e+00  0  1.0290  9.079369e+11  0.000000e+00  0.000000e+00  9.475188e-02 -5.598720e+01  7.010563e+00  1  1.0290  3.973177e+10  0.000000e+00  0.000000e+00  5.759402e-02 -3.938263e+01  1.090190e-01  2  1.0290  1.191597e+01  0.000000e+00  0.000000e+00  2.088448e-01 -1.510571e+02  0.000000e+00 
3  4.175424e+00  2.092403e+00  2.300400e+05  8.092537e-01 6 -1.000000e+00  5.859174e+00 1  11.0252  2.003907e-02  5.873399e-01 -1 -1.0000 -1.000000e+00 -1.000000e+00 -1.000000e+00 -1.000000e+00 -1.000000e+00 -1.000000e+00 -1 -1.0000 -1.000000e+00 -1.000000e+00 -1.000000e+00 -1.000000e+00 -1.000000e+00 -1.000000e+00  0  1.2500  2.442520e+12  0.000000e+00  0.000000e+00  2.381912e-01  1.254789e+02  3.328031e+00  1  1.2500  9.229086e+10  0.000000e+00  0.000000e+00  4.560623e-01  7.033390e+01  8.423801e-02  2  1.2500  1.102518e+01  0.000000e+00  0.000000e+00  1.037511e-01  1.595637e+02  0.000000e+00 
1  9.792450e+00  2.192590e+01  2.181760e+05  2.827523e-01 0  2.773068e-01  2.192590e+01 2   9.0403  3.888235e-01 -2.279875e-01  0  1.7800  2.290467e+11  0.000000e+00  0.000000e+00  3.832514e-02 -8.562820e+01  2.114644e+01  1  1.7800  3.101512e+09  0.000000e+00  0.000000e+00  2.167659e-01 -1.012012e+02  5.324494e-02  2  1.7800  9.488936e+11  1.832661e+00 -6.259612e-01  2.768528e-01  9.223263e+01  5.308728e+00  3  1.7800  1.802010e+10  1.832661e+00 -6.259612e-01  2.118943e-01  6.242497e+01  5.483190e-02  4  1.7800  9.040251e+00  0.000000e+00  0.000000e+00  1.862199e-01  5.964710e+00  0.000000e+00 
1  1.862518e+01  3.760781e+01  2.825490e+05  3.524824e+00 0 -1.000000e+00  3.760781e+01 2   3.1268  1.370459e+00 -6.894314e+00 -1 -1.0000 -1.000000e+00 -1.000000e+00 -1.000000e+00 -1.000000e+00 -1.000000e+00 -1.000000e+00 -1 -1.0000 -1.000000e+00 -1.000000e+00 -1.000000e+00 -1.000000e+00 -1.000000e+00 -1.000000e+00  0  0.3430  6.610606e+13  0.000000e+00  0.000000e+00  5.831399e-01 -1.706874e+02  1.115202e+01  1  0.3430  2.850485e+11  0.000000e+00  0.000000e+00  4.178310e-01 -1.568818e+02  8.601458e-01  2  0.3430  3.126825e+00  0.000000e+00  0.000000e+00  6.208576e-02 -7.201804e+01  0.000000e+00 
1  1.913918e+01  3.388022e+01  1.613990e+05  1.422675e+00 0 -1.000000e+00  3.388022e+01 2   4.1693  3.521191e-01  1.695158e+00 -1 -1.0000 -1.000000e+00 -1.000000e+00 -1.000000e+00 -1.000000e+00 -1.000000e+00 -1.000000e+00 -1 -1.0000 -1.000000e+00 -1.000000e+00 -1.000000e+00 -1.000000e+00 -1.000000e+00 -1.000000e+00  0  0.3780  1.515611e+13  0.000000e+00  0.000000e+00  3.416364e-01 -4.070144e+01  9.256269e+00  1  0.3780  1.324847e+11  0.000000e+00  0.000000e+00  3.212267e-01  2.556157e+01  5.146683e-01  2  0.3780  4.169316e+00  0.000000e+00  0.000000e+00  7.131362e-02 -1.609965e+02  0.000000e+00 
3  7.551778e+00  6.019555e+00  1.837520e+05  9.228786e-01 6 -1.000000e+00  1.185173e+01 1   4.9045  1.752016e-01  4.342097e-01 -1 -1.0000 -1.000000e+00 -1.000000e+00 -1.000000e+00 -1.000000e+00 -1.000000e+00 -1.000000e+00 -1 -1.0000 -1.000000e+00 -1.000000e+00 -1.000000e+00 -1.000000e+00 -1.000000e+00 -1.000000e+00  0  0.4040  5.627011e+12  0.000000e+00  0.000000e+00  3.687324e-01 -1.654201e+02  8.250682e+00  1  0.4040  7.875561e+10  0.000000e+00  0.000000e+00  4.890060e-01 -1.381141e+02  7.990167e-02  2  0.4040  4.904503e+00  0.000000e+00  0.000000e+00  6.482309e-02 -1.742953e+02  0.000000e+00 
3  8.502124e+00  7.104028e+00  3.136620e+05  6.720279e-01 6  3.052178e-01  1.093000e+01 1   6.4756 -1.273633e+00  5.047814e-01  0  0.5500  5.559053e+11  0.000000e+00  0.000000e+00  1.287485e-01  6.603296e+01  2.114854e+01  1  0.5500  3.951376e+10  0.000000e+00  0.000000e+00  3.812737e-01  4.607787e+01  1.005238e-01  2  0.5500  1.085184e+13 -2.715404e+01  2.309747e+01  1.204360e-01  1.732076e+02  6.069145e+00  3  0.5500  1.230598e+11 -2.715404e+01  2.309747e+01  3.306674e-01  1.531157e+02  1.081079e-01  4  0.5500  6.475585e+00  0.000000e+00  0.000000e+00  7.933955e-02  8.636071e+01  0.000000e+00 
3  5.210475e+00  2.003584e+00  3.789970e+05  4.567235e-01 6 -1.000000e+00  6.206506e+00 1   9.1619  2.157105e-01  4.883455e-01 -1 -1.0000 -1.000000e+00 -1.000000e+00 -1.000000e+00 -1.000000e+00 -1.000000e+00 -1.000000e+00 -1 -1.0000 -1.000000e+00 -1.000000e+00 -1.000000e+00 -1.000000e+00 -1.000000e+00 -1.000000e+00  0  0.9260  1.262186e+12  0.000000e+00  0.000000e+00  6.988666e-01  2.242925e+01  8.118092e+00  1  0.9260  3.749423e+10  0.000000e+00  0.000000e+00  1.527111e-01  3.930816e+01  1.068520e-01  2  0.9260  9.161860e+00  0.000000e+00  0.000000e+00  7.346659e-02 -1.206707e+02  0.000000e+00 
3  1.398192e+00  1.404011e+00  1.302450e+05  5.143490e-01 6 -1.000000e+00  1.800457e+00 1   7.8283 -1.849831e-01  2.611025e-01 -1 -1.0000 -1.000000e+00 -1.000000e+00 -1.000000e+00 -1.000000e+00 -1.000000e+00 -1.000000e+00 -1 -1.0000 -1.000000e+00 -1.000000e+00 -1.000000e+00 -1.000000e+00 -1.000000e+00 -1.000000e+00  0  0.9720  7.422537e+11  0.000000e+00  0.000000e+00  3.045333e-01  9.974227e+01  1.376041e+01  1  0.9720  2.297411e+10  0.000000e+00  0.000000e+00  2.967596e-01  1.290723e+02  7.628824e-02  2  0.9720  7.828280e+00  0.000000e+00  0.000000e+00  1.286264e-01  1.252692e+02  0.000000e+00 
1  7.724866e+00  1.495322e+01  3.016180e+05  1.376346e+00 0 -1.000000e+00  1.495322e+01 2   7.7721  9.039964e-01  7.218781e-01 -1 -1.0000 -1.000000e+00 -1.000000e+00 -1.000000e+00 -1.000000e+00 -1.000000e+00 -1.000000e+00 -1 -1.0000 -1.000000e+00 -1.000000e+00 -1.000000e+00 -1.000000e+00 -1.000000e+00 -1.000000e+00  0  1.0450  1.097893e+13  0.000000e+00  0.000000e+00  3.071521e-01 -3.610846e+01  7.838595e+00  1  1.0450  9.060572e+10  0.000000e+00  0.000000e+00  2.081684e-01 -2.862419e+01  2.172738e-01  2  1.0450  7.772149e+00  0.000000e+00  0.000000e+00  1.687864e-02  1.535029e+02  0.000000e+00 
3  4.725769e+01  5.210470e+01  3.958950e+05  5.111298e-01 6  2.827005e-01  7.976733e+01 1   4.0429  2.272248e-01  7.708032e-01  0  1.0540  9.503857e+11  0.000000e+00  0.000000e+00  1.175659e-01  1.611586e+02  1.419027e+01  1  1.0540  4.883137e+10  0.000000e+00  0.000000e+00  4.605357e-01  1.506684e+02  6.364491e-02  2  1.0540  4.609543e+12  5.627928e+00  2.843221e+01  1.925379e-01 -7.858912e+01  5.597174e+00  3  1.0540  5.639270e+10  5.627928e+00  2.843221e+01  4.091455e-01 -4.939813e+01  8.710647e-02  4  1.0540  4.042924e+00  0.000000e+00  0.000000e+00  6.527920e-02  1.603101e+01  0.000000e+00 
3  1.897344e+01  1.151646e+01  1.805760e+05  3.767418e-01 6 -1.000000e+00  2.536027e+01 1   4.9512 -2.910206e-01 -1.416665e-02 -1 -1.0000 -1.000000e+00 -1.000000e+00 -1.000000e+00 -1.000000e+00 -1.000000e+00 -1.000000e+00 -1 -1.0000 -1.000000e+00 -1.000000e+00 -1.000000e+00 -1.000000e+00 -1.000000e+00 -1.000000e+00  0  1.4670  1.381435e+12  0.000000e+00  0.000000e+00  3.826595e-01 -3.411736e+01  7.482635e+00  1  1.4670  3.148679e+10  0.000000e+00  0.000000e+00  4.501189e-01 -4.211369e+01  2.735325e-02  2  1.4670  4.951190e+00  0.000000e+00  0.000000e+00  8.372956e-02  1.504015e+02  0.000000e+00 
3  3.113862e+01  2.187546e+01  2.310280e+05  7.847028e-01 6 -1.000000e+00  3.845426e+01 1   1.9636 -5.116782e-01 -3.363511e-01 -1 -1.0000 -1.000000e+00 -1.000000e+00 -1.000000e+00 -1.000000e+00 -1.000000e+00 -1.000000e+00 -1 -1.0000 -1.000000e+00 -1.000000e+00 -1.000000e+00 -1.000000e+00 -1.000000e+00 -1.000000e+00  0  0.2390  1.712216e+12  0.000000e+00  0.000000e+00  4.251432e-01  1.564524e+02  7.006375e+00  1  0.2390  6.105064e+10  0.000000e+00  0.000000e+00  5.722127e-01  2.303679e+02  1.096437e-01  2  0.2390  1.963592e+00  0.000000e+00  0.000000e+00  8.174591e-02 -7.148721e+00  0.000000e+00 
3  9.588232e+00  1.327760e+01  1.378650e+05  1.021889e+00 6 -1.000000e+00  1.598312e+01 1   5.3961 -4.164628e-01  9.295571e-02 -1 -1.0000 -1.000000e+00 -1.000000e+00 -1.000000e+00 -1.000000e+00 -1.000000e+00 -1.000000e+00 -1 -1.0000 -1.000000e+00 -1.000000e+00 -1.000000e+00 -1.000000e+00 -1.000000e+00 -1.000000e+00  0  0.3230  6.756049e+12  0.000000e+00  0.000000e+00  1.824823e-01 -7.847980e+01  6.364618e+00  1  0.3230  1.161308e+11  0.000000e+00  0.000000e+00  3.762980e-01 -3.972205e+01  3.410280e-01  2  0.3230  5.396070e+00  0.000000e+00  0.000000e+00  8.264232e-02 -1.595693e+02  0.000000e+00 
3  1.177021e+01  5.975497e+00  1.637890e+05  4.803501e-01 6 -1.000000e+00  1.503983e+01 1   4.2585  2.915027e-01 -3.180428e-01 -1 -1.0000 -1.000000e+00 -1.000000e+00 -1.000000e+00 -1.000000e+00 -1.000000e+00 -1.000000e+00 -1 -1.0000 -1.000000e+00 -1.000000e+00 -1.000000e+00 -1.000000e+00 -1.000000e+00 -1.000000e+00  0  0.6590  1.141669e+12  0.000000e+00  0.000000e+00  1.695258e-01  8.637696e+01  5.342185e+00  1  0.6590  3.959008e+10  0.000000e+00  0.000000e+00  1.373423e-01  1.400331e+02  6.992082e-02  2  0.6590  4.258451e+00  0.000000e+00  0.000000e+00  4.997380e-02  9.273153e+01  0.000000e+00 
3  7.263294e+00  3.416187e+00  3.611910e+05  7.176225e-01 6 -1.000000e+00  9.587587e+00 1   3.8891 -5.638703e-01 -1.486999e-01 -1 -1.0000 -1.000000e+00 -1.000000e+00 -1.000000e+00 -1.000000e+00 -1.000000e+00 -1.000000e+00 -1 -1.0000 -1.000000e+00 -1.000000e+00 -1.000000e+00 -1.000000e+00 -1.000000e+00 -1.000000e+00  0  0.8610  1.977224e+12  0.000000e+00  0.000000e+00  1.966468e-01 -1.148403e+02  8.342789e+00  1  0.8610  6.639970e+10  0.000000e+00  0.000000e+00  2.278429e-01 -7.949408e+01  1.227248e-01  2  0.8610  3.889059e+00  0.000000e+00  0.000000e+00  1.034191e-01 -1.558947e+02  0.000000e+00 
5  3.044450e+00  5.207693e+00  2.135700e+05  4.573417e-01 6 -1.000000e+00  1.376461e+01 3   8.8227  3.275124e-02 -6.325828e-02 -1 -1.0000 -1.000000e+00 -1.000000e+00 -1.000000e+00 -1.000000e+00 -1.000000e+00 -1.000000e+00 -1 -1.0000 -1.000000e+00 -1.000000e+00 -1.000000e+00 -1.000000e+00 -1.000000e+00 -1.000000e+00  0  0.9400  7.517212e+11  0.000000e+00  0.000000e+00  3.785564e-01 -1.286919e+02  5.558942e+00  1  0.9400  2.181875e+10  0.000000e+00  0.000000e+00  4.747069e-01 -8.780090e+01  6.272403e-02  2  0.9400  8.822694e+00  0.000000e+00  0.000000e+00  1.264535e-01 -1.517442e+02  0.000000e+00 
1  1.510823e+01  3.272917e+01  3.459800e+05  8.971590e-02 0 -1.000000e+00  3.272917e+01 2   4.8086  7.723304e-02  2.618964e-02 -1 -1.0000 -1.000000e+00 -1.000000e+00 -1.000000e+00 -1.000000e+00 -1.000000e+00 -1.000000e+00 -1 -1.0000 -1.000000e+00 -1.000000e+00 -1.000000e+00 -1.000000e+00 -1.000000e+00 -1.000000e+00  0  1.2310  3.447378e+11  0.000000e+00  0.000000e+00  3.125781e-01  7.382723e+01  7.495548e+00  1  1.2310  3.102172e+09  0.000000e+00  0.000000e+00  3.219809e-01  6.758959e+01  9.030148e-02  2  1.2310  4.808590e+00  0.000000e+00  0.000000e+00  1.856458e-01 -6.323428e+01  0.000000e+00 
3  1.580357e+01  4.092947e+00  3.225320e+05  8.788698e-01 6 -1.000000e+00  2.965726e+01 2   4.3996  1.039960e+00  3.729325e-01 -1 -1.0000 -1.000000e+00 -1.000000e+00 -1.000000e+00 -1.000000e+00 -1.000000e+00 -1.000000e+00 -1 -1.0000 -1.000000e+00 -1.000000e+00 -1.000000e+00 -1.000000e+00 -1.000000e+00 -1.000000e+00  0  1.2940  1.885636e+13  0.000000e+00  0.000000e+00  3.164910e-01  1.046051e+02  3.696840e+00  1  1.2940  1.543996e+11  0.000000e+00  0.000000e+00  4.654777e-01  1.631051e+02  1.334608e-01  2  1.2940  4.399648e+00  0.000000e+00  0.000000e+00  7.479864e-02  8.622072e+01  0.000000e+00 
3  4.158120e+00  2.205411e+00  1.437640e+05  3.694293e-01 6 -1.000000e+00  5.305009e+00 1   9.4402  3.407869e-01  5.222925e-03 -1 -1.0000 -1.000000e+00 -1.000000e+00 -1.000000e+00 -1.000000e+00 -1.000000e+00 -1.000000e+00 -1 -1.0000 -1.000000e+00 -1.000000e+00 -1.000000e+00 -1.000000e+00 -1.000000e+00 -1.000000e+00  0  1.4750  1.169755e+12  0.000000e+00  0.000000e+00  1.879920e-01 -1.330974e+02  4.983702e+00  1  1.4750  2.602681e+10  0.000000e+00  0.000000e+00  2.629299e-01 -4.052582e+01  2.418591e-02  2  1.4750  9.440203e+00  0.000000e+00  0.000000e+00  1.958409e-01 -1.561651e+02  0.000000e+00 
5  2.255599e+01  3.245016e+01  3.971090e+05  5.964421e+00 6 -1.000000e+00  4.517960e+01 3   2.9545 -1.780261e+00 -1.743500e-01 -1 -1.0000 -1.000000e+00 -1.000000e+00 -1.000000e+00 -1.000000e+00 -1.000000e+00 -1.000000e+00 -1 -1.0000 -1.000000e+00 -1.000000e+00 -1.000000e+00 -1.000000e+00 -1.000000e+00 -1.000000e+00  0  0.3720  1.540803e+14  0.000000e+00  0.000000e+00  5.454393e-01  2.860919e+01  8.548186e+00  1  0.3720  5.231523e+11  0.000000e+00  0.000000e+00  4.082915e-02  4.606285e+01  9.762066e-01  2  0.3720  2.954482e+00  0.000000e+00  0.000000e+00  1.013807e-01 -1.654528e+02  0.000000e+00 
3  6.217768e+00  3.333974e+00  3.438730e+05  5.310400e-01 6 -1.000000e+00  7.599038e+00 1   9.2033 -1.676978e-01  4.398445e-01 -1 -1.0000 -1.000000e+00 -1.000000e+00 -1.000000e+00 -1.000000e+00 -1.000000e+00 -1.000000e+00 -1 -1.0000 -1.000000e+00 -1.000000e+00 -1.000000e+00 -1.000000e+00 -1.000000e+00 -1.000000e+00  0  0.4510  1.191658e+12  0.000000e+00  0.000000e+00  2.138595e-01 -1.049958e+02  3.839911e+00  1  0.4510  4.505881e+10  0.000000e+00  0.000000e+00  6.702246e-02 -6.634168e+01  1.828310e-01  2  0.4510  9.203279e+00  0.000000e+00  0.000000e+00  1.167605e-01 -1.119958e+02  0.000000e+00 
3  1.280072e+01  8.313653e+00  2.484770e+05  1.002127e+00 6 -1.000000e+00  1.997661e+01 1   4.1528 -2.405860e-01  4.098497e-01 -1 -1.0000 -1.000000e+00 -1.000000e+00 -1.000000e+00 -1.000000e+00 -1.000000e+00 -1.000000e+00 -1 -1.0000 -1.000000e+00 -1.000000e+00 -1.000000e+00 -1.000000e+00 -1.000000e+00 -1.000000e+00  0  0.4840  5.125019e+12  0.000000e+00  0.000000e+00  2.982472e-01  2.937139e+01  5.154807e+00  1  0.4840  9.693004e+10  0.000000e+00  0.000000e+00  3.821576e-01  7.865148e+01  2.420114e-01  2  0.4840  4.152775e+00  0.000000e+00  0.000000e+00  1.299992e-01  6.013588e+01  0.000000e+00 
3  7.466574e+00  4.355085e+00  8.566900e+04  3.774879e-01 6 -1.000000e+00  9.154646e+00 1   3.1150 -2.775017e-01  1.244435e-02 -1 -1.0000 -1.000000e+00 -1.000000e+00 -1.000000e+00 -1.000000e+00 -1.000000e+00 -1.000000e+00 -1 -1.0000 -1.000000e+00 -1.000000e+00 -1.000000e+00 -1.000000e+00 -1.000000e+00 -1.000000e+00  0  0.6490  9.297935e+11  0.000000e+00  0.000000e+00  3.561446e-01 -4.033117e+01  3.697730e+00  1  0.6490  3.404503e+10  0.000000e+00  0.000000e+00  2.885476e-01 -5.356592e+01  1.187218e-01  2  0.6490  3.115047e+00  0.000000e+00  0.000000e+00  9.641220e-02  1.375387e+02  0.000000e+00 
3  7.275865e+00  6.733439e+00  2.900820e+05  1.144614e+00 6 -1.000000e+00  1.121920e+01 1   5.8513 -3.717410e-01  4.909074e-01 -1 -1.0000 -1.000000e+00 -1.000000e+00 -1.000000e+00 -1.000000e+00 -1.000000e+00 -1.000000e+00 -1 -1.0000 -1.000000e+00 -1.000000e+00 -1.000000e+00 -1.000000e+00 -1.000000e+00 -1.000000e+00  0  0.7220  6.345992e+12  0.000000e+00  0.000000e+00  4.340569e-01 -2.872055e+01  7.376619e+00  1  0.7220  8.784633e+10  0.000000e+00  0.000000e+00  6.242573e-01 -6.834162e+01  8.011298e-02  2  0.7220  5.851348e+00  0.000000e+00  0.000000e+00  7.491340e-02 -1.150798e+02  0.000000e+00 
3  2.861469e+01  1.304357e+01  1.238280e+05  5.372932e-01 6 -1.000000e+00  3.394177e+01 1   4.8536  5.833839e-01  2.429293e-01 -1 -1.0000 -1.000000e+00 -1.000000e+00 -1.000000e+00 -1.000000e+00 -1.000000e+00 -1.000000e+00 -1 -1.0000 -1.000000e+00 -1.000000e+00 -1.000000e+00 -1.000000e+00 -1.000000e+00 -1.000000e+00  0  0.7590  1.362939e+12  0.000000e+00  0.000000e+00  3.997944e-01  1.707173e+01  7.269442e+00  1  0.7590  5.261173e+10  0.000000e+00  0.000000e+00  1.883722e-01  1.897288e+01  6.500063e-02  2  0.7590  4.853560e+00  0.000000e+00  0.000000e+00  6.935047e-02  1.372650e+01  0.000000e+00 
3  7.540616e+00  9.890001e+00  1.334980e+05  7.261739e-01 6 -1.000000e+00  1.014507e+01 1   9.8528 -2.988522e-01 -6.590615e-02 -1 -1.0000 -1.000000e+00 -1.000000e+00 -1.000000e+00 -1.000000e+00 -1.000000e+00 -1.000000e+00 -1 -1.0000 -1.000000e+00 -1.000000e+00 -1.000000e+00 -1.000000e+00 -1.000000e+00 -1.000000e+00  0  0.7620  2.139340e+12  0.000000e+00  0.000000e+00  2.720249e-01 -7.123317e+01  4.727308e+00  1  0.7620  8.509271e+10  0.000000e+00  0.000000e+00  6.082971e-02 -1.207621e+02  1.514913e-01  2  0.7620  9.852821e+00  0.000000e+00  0.000000e+00  2.099006e-01  2.211281e-01  0.000000e+00 
3  1.161214e+01  1.754311e+01  6.563300e+04  3.399146e-01 6  2.927465e-01  2.537322e+01 3   5.1147  5.071219e-01 -4.884875e-01  0  0.7970  4.044717e+11  0.000000e+00  0.000000e+00  2.570042e-01 -3.634274e+00  1.415924e+01  1  0.7970  1.714882e+10  0.000000e+00  0.000000e+00  2.666937e-01 -3.542906e+01  1.569857e-01  2  0.7970  3.104811e+12  2.889116e+00 -2.416078e+00  1.619885e-01 -7.009756e+01  6.863181e+00  3  0.7970  7.129341e+10  2.889116e+00 -2.416078e+00  5.212705e-01 -6.041558e+01  2.092438e-01  4  0.7970  5.114708e+00  0.000000e+00  0.000000e+00  2.578971e-02  2.502573e+01  0.000000e+00 
3  1.411325e+01  1.279044e+01  9.436900e+04  3.617699e-01 6 -1.000000e+00  1.863880e+01 1   3.7494  1.142668e-01 -1.641912e-01 -1 -1.0000 -1.000000e+00 -1.000000e+00 -1.000000e+00 -1.000000e+00 -1.000000e+00 -1.000000e+00 -1 -1.0000 -1.000000e+00 -1.000000e+00 -1.000000e+00 -1.000000e+00 -1.000000e+00 -1.000000e+00  0  0.8120  8.862938e+11  0.000000e+00  0.000000e+00  2.730466e-01  1.136449e+02  4.840233e+00  1  0.8120  2.523872e+10  0.000000e+00  0.000000e+00  3.604960e-01  1.302121e+02  2.814760e-02  2  0.8120  3.749438e+00  0.000000e+00  0.000000e+00  5.567761e-02 -1.653460e+01  0.000000e+00 
3  8.790627e+00  7.827631e+00  3.300740e+05  6.581913e-01 6 -1.000000e+00  1.234306e+01 1   7.1532  3.589220e-01  1.288686e-01 -1 -1.0000 -1.000000e+00 -1.000000e+00 -1.000000e+00 -1.000000e+00 -1.000000e+00 -1.000000e+00 -1 -1.0000 -1.000000e+00 -1.000000e+00 -1.000000e+00 -1.000000e+00 -1.000000e+00 -1.000000e+00  0  0.9040  1.329175e+12  0.000000e+00  0.000000e+00  3.155114e-01  4.218176e+01  8.590165e+00  1  0.9040  5.789444e+10  0.000000e+00  0.000000e+00  5.149773e-01  5.608904e+01  6.512739e-02  2  0.9040  7.153182e+00  0.000000e+00  0.000000e+00  3.229310e-02  1.573970e+02  0.000000e+00 
3  2.098648e+00  1.102031e+00  2.585240e+05  4.688707e-01 6  2.955034e-01  3.974772e+00 2   9.1031  1.339930e+00  7.456860e-01  0  0.9280  4.836918e+11  0.000000e+00  0.000000e+00  3.643286e-01  4.107059e+01  6.934583e+00  1  0.9280  2.716799e+10  0.000000e+00  0.000000e+00  2.813334e-01  9.177503e+01  4.044952e-02  2  0.9280  8.122530e+12  9.610638e+00  5.710382e+00  4.191379e-01  1.402149e+02  4.770743e+00  3  0.9280  8.371164e+10  9.610638e+00  5.710382e+00  5.133269e-01  1.195917e+02  6.885384e-02  4  0.9280  9.103055e+00  0.000000e+00  0.000000e+00  1.523603e-01  1.545389e+02  0.000000e+00 
3  1.967590e+01  1.990444e+01  3.559000e+04  1.149851e+00 6  2.836878e-01  2.760691e+01 1   3.2849 -6.284754e-01  9.031198e-01  0  1.0070  2.230894e+12  0.000000e+00  0.000000e+00  3.329396e-01 -8.582304e+01  2.306502e+01  1  1.0070  5.810466e+10  0.000000e+00  0.000000e+00  2.508624e-01 -8.435799e+01  1.572890e-01  2  1.0070  1.768588e+13 -6.526927e+00  1.944497e+01  2.281894e-01  1.710822e+02  4.992256e+00  3  1.0070  1.007251e+11 -6.526927e+00  1.944497e+01  5.018521e-01  1.419899e+02  1.360124e-01  4  1.0070  3.284897e+00  0.000000e+00  0.000000e+00  2.357467e-02 -5.779915e+01  0.000000e+00 
3  6.332632e+00  1.746139e+00  5.328800e+04  5.564955e-01 6 -1.000000e+00  1.130083e+01 2   7.0537 -3.600618e-01 -5.420399e-01 -1 -1.0000 -1.000000e+00 -1.000000e+00 -1.000000e+00 -1.000000e+00 -1.000000e+00 -1.000000e+00 -1 -1.0000 -1.000000e+00 -1.000000e+00 -1.000000e+00 -1.000000e+00 -1.000000e+00 -1.000000e+00  0  1.0920  1.278627e+12  0.000000e+00  0.000000e+00  2.273319e-01  1.689511e+02  9.071932e+00  1  1.0920  5.322019e+10  0.000000e+00  0.000000e+00  2.596724e-01  1.479617e+02  8.479486e-02  2  1.0920  7.053692e+00  0.000000e+00  0.000000e+00  1.536482e-01  1.466865e+02  0.000000e+00 
3  1.220765e+01  6.326371e+00  3.541710e+05  6.168753e-01 6 -1.000000e+00  1.630519e+01 1   5.1888 -5.296790e-02 -5.651856e-01 -1 -1.0000 -1.000000e+00 -1.000000e+00 -1.000000e+00 -1.000000e+00 -1.000000e+00 -1.000000e+00 -1 -1.0000 -1.000000e+00 -1.000000e+00 -1.000000e+00 -1.000000e+00 -1.000000e+00 -1.000000e+00  0  1.1400  4.955186e+12  0.000000e+00  0.000000e+00  1.724385e-01  7.318841e+01  2.517890e+00  1  1.1400  9.817923e+10  0.000000e+00  0.000000e+00  1.681959e-01  6.803194e+01  1.969206e-01  2  1.1400  5.188822e+00  0.000000e+00  0.000000e+00  8.400251e-02 -1.453749e+02  0.000000e+00 
3  6.147319e+00  4.373832e+00  1.862160e+05  9.703645e-01 6 -1.000000e+00  1.191743e+01 3  10.1124  7.663124e-01 -3.740516e-02 -1 -1.0000 -1.000000e+00 -1.000000e+00 -1.000000e+00 -1.000000e+00 -1.000000e+00 -1.000000e+00 -1 -1.0000 -1.000000e+00 -1.000000e+00 -1.000000e+00 -1.000000e+00 -1.000000e+00 -1.000000e+00  0  1.2590  1.602477e+13  0.000000e+00  0.000000e+00  3.460477e-01  1.627535e+02  3.418811e+00  1  1.2590  1.726753e+11  0.000000e+00  0.000000e+00  4.001784e-01  1.724702e+02  1.856133e-01  2  1.2590  1.011242e+01  0.000000e+00  0.000000e+00  1.676036e-01  7.511757e+01  0.000000e+00 
3  1.571497e+01  1.959013e+01  7.269900e+04  1.552123e+00 6  2.949237e-01  3.036395e+01 3   2.2735  2.942159e+00 -3.257077e-01  0  0.4860  4.086929e+12  0.000000e+00  0.000000e+00  1.743589e-01 -1.316415e+02  2.244111e+01  1  0.4860  7.815512e+10  0.000000e+00  0.000000e+00  9.606035e-02 -1.486836e+02  3.215404e-01  2  0.4860  4.435589e+13  3.014588e+01 -1.033396e+01  2.582206e-01 -1.721577e+02  3.389337e+00  3  0.4860  2.979313e+11  3.014588e+01 -1.033396e+01  2.100349e-01 -1.686911e+02  3.142083e-01  4  0.4860  2.273488e+00  0.000000e+00  0.000000e+00  3.979846e-02  3.926339e+01  0.000000e+00 
5  1.996610e+00  4.328667e+00  1.763340e+05  2.043645e-01 6 -1.000000e+00  4.722950e+00 3   7.3879 -3.912425e-03  3.521453e-03 -1 -1.0000 -1.000000e+00 -1.000000e+00 -1.000000e+00 -1.000000e+00 -1.000000e+00 -1.000000e+00 -1 -1.0000 -1.000000e+00 -1.000000e+00 -1.000000e+00 -1.000000e+00 -1.000000e+00 -1.000000e+00  0  0.5590  5.544306e+11  0.000000e+00  0.000000e+00  3.340212e-01  3.094722e+01  1.318659e+01  1  0.5590  1.185022e+10  0.000000e+00  0.000000e+00  2.150448e-01 -1.698249e+01  3.101595e-01  2  0.5590  7.387869e+00  0.000000e+00  0.000000e+00  5.190837e-02 -1.367516e+02  0.000000e+00 
1  1.215802e+01  2.261431e+01  5.755000e+03  1.391906e+00 0 -1.000000e+00  2.261431e+01 2   6.1914 -1.501581e+00  5.054613e-01 -1 -1.0000 -1.000000e+00 -1.000000e+00 -1.000000e+00 -1.000000e+00 -1.000000e+00 -1.000000e+00 -1 -1.0000 -1.000000e+00 -1.000000e+00 -1.000000e+00 -1.000000e+00 -1.000000e+00 -1.000000e+00  0  0.5880  5.865647e+12  0.000000e+00  0.000000e+00  6.055242e-01  7.474077e+01  8.346075e+00  1  0.5880  1.056063e+11  0.000000e+00  0.000000e+00  3.058786e-01  8.922906e+01  2.228420e-01  2  0.5880  6.191406e+00  0.000000e+00  0.000000e+00  6.061140e-02 -9.653106e+01  0.000000e+00 
1  7.499642e+00  2.520163e+01  2.045810e+05  1.315542e+00 0 -1.000000e+00  2.520163e+01 2   5.7602 -9.364070e-02 -1.202563e+00 -1 -1.0000 -1.000000e+00 -1.000000e+00 -1.000000e+00 -1.000000e+00 -1.000000e+00 -1.000000e+00 -1 -1.0000 -1.000000e+00 -1.000000e+00 -1.000000e+00 -1.000000e+00 -1.000000e+00 -1.000000e+00  0  0.6080  2.432422e+13  0.000000e+00  0.000000e+00  5.300278e-01 -1.437876e+01  6.354421e+00  1  0.6080  1.827263e+11  0.000000e+00  0.000000e+00  4.478448e-01  3.214014e+00  3.892124e-01  2  0.6080  5.760235e+00  0.000000e+00  0.000000e+00  8.986502e-02  6.124816e+01  0.000000e+00 
3  3.012606e+01  1.278972e+01  1.924610e+05  3.258750e-01 6 -1.000000e+00  3.804372e+01 1   3.0451  2.315525e-01 -1.863980e-01 -1 -1.0000 -1.000000e+00 -1.000000e+00 -1.000000e+00 -1.000000e+00 -1.000000e+00 -1.000000e+00 -1 -1.0000 -1.000000e+00 -1.000000e+00 -1.000000e+00 -1.000000e+00 -1.000000e+00 -1.000000e+00  0  0.6970  5.865499e+11  0.000000e+00  0.000000e+00  1.176963e-01  3.021780e+01  5.927910e+00  1  0.6970  2.062917e+10  0.000000e+00  0.000000e+00  3.136460e-01  6.690203e+01  8.651801e-02  2  0.6970  3.045121e+00  0.000000e+00  0.000000e+00  6.685514e-02 -4.420110e+01  0.000000e+00 
1  1.083268e+01  1.985345e+01  3.756160e+05  5.174506e+00 0 -1.000000e+00  1.985345e+01 2   3.0925  1.848920e+00 -2.761632e+00 -1 -1.0000 -1.000000e+00 -1.000000e+00 -1.000000e+00 -1.000000e+00 -1.000000e+00 -1.000000e+00 -1 -1.0000 -1.000000e+00 -1.000000e+00 -1.000000e+00 -1.000000e+00 -1.000000e+00 -1.000000e+00  0  0.7470  7.330437e+13  0.000000e+00  0.000000e+00  4.090352e-01  6.497810e+01  7.762477e+00  1  0.7470  2.676390e+11  0.000000e+00  0.000000e+00  5.064002e-01  8.964253e+01  1.310304e-01  2  0.7470  3.092478e+00  0.000000e+00  0.000000e+00  1.890473e-01 -1.521892e+02  0.000000e+00 
1  1.433789e+00  2.483518e+00  6.584800e+04  4.833455e-01 0 -1.000000e+00  2.483518e+00 2   4.3163 -1.178735e-01 -1.855911e-01 -1 -1.0000 -1.000000e+00 -1.000000e+00 -1.000000e+00 -1.000000e+00 -1.000000e+00 -1.000000e+00 -1 -1.0000 -1.000000e+00 -1.000000e+00 -1.000000e+00 -1.000000e+00 -1.000000e+00 -1.000000e+00  0  0.8550  1.148708e+12  0.000000e+00  0.000000e+00  2.971135e-01  1.578416e+02  6.645777e+00  1  0.8550  4.700407e+10  0.000000e+00  0.000000e+00  4.761847e-01  8.331318e+01  2.706652e-01  2  0.8550  4.316282e+00  0.000000e+00  0.000000e+00  1.625456e-02 -1.250966e+01  0.000000e+00 
3  8.543590e+00  1.177728e+01  3.412960e+05  8.042181e-01 6 -1.000000e+00  1.308330e+01 1   5.6764  2.905186e-01  2.951710e-01 -1 -1.0000 -1.000000e+00 -1.000000e+00 -1.000000e+00 -1.000000e+00 -1.000000e+00 -1.000000e+00 -1 -1.0000 -1.000000e+00 -1.000000e+00 -1.000000e+00 -1.000000e+00 -1.000000e+00 -1.000000e+00  0  1.0790  7.972244e+12  0.000000e+00  0.000000e+00  1.751379e-01  6.301905e+01  4.399405e+00  1  1.0790  1.073748e+11  0.000000e+00  0.000000e+00  2.520526e-01  1.112658e+01  8.675185e-02  2  1.0790  5.676435e+00  0.000000e+00  0.000000e+00  8.117021e-02  4.821635e+01  0.000000e+00 
3  1.612279e+00  5.195418e-01  7.230400e+04  2.752319e+00 6 -1.000000e+00  3.788017e+00 2  10.3351  8.909718e-01 -1.428412e+00 -1 -1.0000 -1.000000e+00 -1.000000e+00 -1.000000e+00 -1.000000e+00 -1.000000e+00 -1.000000e+00 -1 -1.0000 -1.000000e+00 -1.000000e+00 -1.000000e+00 -1.000000e+00 -1.000000e+00 -1.000000e+00  0  1.1580  4.081900e+13  0.000000e+00  0.000000e+00  6.377977e-02 -1.418718e+02  4.923287e+00  1  1.1580  2.171816e+11  0.000000e+00  0.000000e+00  2.208276e-01 -1.365163e+02  1.866200e-01  2  1.1580  1.033509e+01  0.000000e+00  0.000000e+00  8.316999e-02 -1.331345e+02  0.000000e+00 
1  5.826904e+00  1.186902e+01  3.688300e+04  4.064392e+00 0  2.728922e-01  1.186902e+01 2   7.5871  5.274008e+00  1.207024e+01  0  1.1880  3.741372e+13  0.000000e+00  0.000000e+00  3.309964e-01  1.260572e+02  6.932050e+00  1  1.1880  1.278871e+11  0.000000e+00  0.000000e+00  2.561205e-01  1.031041e+02  1.040392e-01  2  1.1880  8.319325e+13  8.841812e+00  3.135704e+01  5.773738e-01  1.774118e+02  4.668744e+00  3  1.1880  3.561093e+11  8.841812e+00  3.135704e+01  4.139899e-01  1.734327e+02  1.564796e-01  4  1.1880  7.587126e+00  0.000000e+00  0.000000e+00  1.259706e-01  5.349461e+01  0.000000e+00 
3  1.916077e+01  2.313146e+01  2.430550e+05  5.016498e-01 6 -1.000000e+00  2.377741e+01 1   2.1811 -1.568116e-01 -2.109376e-01 -1 -1.0000 -1.000000e+00 -1.000000e+00 -1.000000e+00 -1.000000e+00 -1.000000e+00 -1.000000e+00 -1 -1.0000 -1.000000e+00 -1.000000e+00 -1.000000e+00 -1.000000e+00 -1.000000e+00 -1.000000e+00  0  1.2840  5.616720e+12  0.000000e+00  0.000000e+00  1.969218e-01  6.522519e+01  3.058105e+00  1  1.2840  1.128978e+11  0.000000e+00  0.000000e+00  2.811404e-01  8.146855e+01  1.220240e-01  2  1.2840  2.181056e+00  0.000000e+00  0.000000e+00  1.514705e-01  4.733621e+01  0.000000e+00 
3  8.926659e+00  1.544468e+01  1.898810e+05  1.112284e+00 6 -1.000000e+00  1.614796e+01 3   5.7898 -5.250496e-02  3.271813e-01 -1 -1.0000 -1.000000e+00 -1.000000e+00 -1.000000e+00 -1.000000e+00 -1.000000e+00 -1.000000e+00 -1 -1.0000 -1.000000e+00 -1.000000e+00 -1.000000e+00 -1.000000e+00 -1.000000e+00 -1.000000e+00  0  0.4530  9.027164e+12  0.000000e+00  0.000000e+00  3.328900e-01  8.442757e+01  6.748837e+00  1  0.4530  1.384297e+11  0.000000e+00  0.000000e+00  2.927316e-02  1.372832e+02  6.047108e-01  2  0.4530  5.789806e+00  0.000000e+00  0.000000e+00  1.265773e-01 -3.040564e+01  0.000000e+00 
3  9.074129e+00  1.044381e+01  3.740880e+05  1.143256e+00 6 -1.000000e+00  1.592442e+01 3   7.7163  5.941627e-01  3.570735e-01 -1 -1.0000 -1.000000e+00 -1.000000e+00 -1.000000e+00 -1.000000e+00 -1.000000e+00 -1.000000e+00 -1 -1.0000 -1.000000e+00 -1.000000e+00 -1.000000e+00 -1.000000e+00 -1.000000e+00 -1.000000e+00  0  0.4530  1.183968e+13  0.000000e+00  0.000000e+00  2.228518e-01  3.526540e+00  8.931787e+00  1  0.4530  1.585307e+11  0.000000e+00  0.000000e+00  6.625800e-01 -1.647207e+00  4.039851e-01  2  0.4530  7.716312e+00  0.000000e+00  0.000000e+00  4.370970e-02 -3.765424e+01  0.000000e+00 
3  4.579056e+01  5.026452e+01  3.204590e+05  6.131872e-01 6 -1.000000e+00  7.469674e+01 1   1.9230  2.151695e-01 -9.292361e-02 -1 -1.0000 -1.000000e+00 -1.000000e+00 -1.000000e+00 -1.000000e+00 -1.000000e+00 -1.000000e+00 -1 -1.0000 -1.000000e+00 -1.000000e+00 -1.000000e+00 -1.000000e+00 -1.000000e+00 -1.000000e+00  0  0.6030  1.613711e+12  0.000000e+00  0.000000e+00  3.021478e-01 -3.939176e+01  8.940994e+00  1  0.6030  6.129477e+10  0.000000e+00  0.000000e+00  3.552507e-01 -6.115816e+01  1.244128e-01  2  0.6030  1.923007e+00  0.000000e+00  0.000000e+00  5.310104e-02 -1.252068e+02  0.000000e+00 
3  1.005907e+01  8.528069e+00  1.063000e+05  9.393065e-01 6  3.005854e-01  1.578651e+01 1  12.5488  3.774909e+00  2.005566e+00  0  0.6330  1.638404e+12  0.000000e+00  0.000000e+00  8.120087e-02  1.314665e+02  1.757653e+01  1  0.6330  5.139965e+10  0.000000e+00  0.000000e+00  3.455517e-01  1.609051e+02  8.662172e-02  2  0.6330  3.933353e+13  3.387845e+01  2.908253e+01  4.041677e-01  1.127579e+01  4.706138e+00  3  0.6330  3.280976e+11  3.387845e+01  2.908253e+01  5.478216e-01 -1.770938e+01  4.821460e-01  4  0.6330  1.254881e+01  0.000000e+00  0.000000e+00  3.490650e-02 -7.600859e+01  0.000000e+00 
3  3.232406e+01  2.742049e+01  3.064560e+05  3.717837e-01 6 -1.000000e+00  5.180396e+01 1   2.2854  5.837604e-02  2.174133e-01 -1 -1.0000 -1.000000e+00 -1.000000e+00 -1.000000e+00 -1.000000e+00 -1.000000e+00 -1.000000e+00 -1 -1.0000 -1.000000e+00 -1.000000e+00 -1.000000e+00 -1.000000e+00 -1.000000e+00 -1.000000e+00  0  0.7440  1.130987e+12  0.000000e+00  0.000000e+00  2.998411e-01  3.132805e+01  1.041081e+01  1  0.7440  4.326992e+10  0.000000e+00  0.000000e+00  2.611434e-01  3.273122e-01  1.740418e-01  2  0.7440  2.285358e+00  0.000000e+00  0.000000e+00  8.516019e-03  4.033955e+01  0.000000e+00 
3  8.552875e+00  7.827507e+00  3.304240e+05  7.938469e-01 6  2.914957e-01  1.677110e+01 3   3.8555  1.140017e+00 -7.190028e-01  0  0.9960  1.072513e+12  0.000000e+00  0.000000e+00  2.355464e-01  1.359565e+02  2.487837e+01  1  0.9960  4.810585e+10  0.000000e+00  0.000000e+00  3.536753e-01  1.326764e+02  5.283238e-02  2  0.9960  2.209255e+13  4.510504e+01 -4.478913e+01  2.893379e-01 -1.497469e+02  6.305083e+00  3  0.9960  1.662041e+11  4.510504e+01 -4.478913e+01  1.043768e-01 -1.602314e+02  4.196759e-01  4  0.9960  3.855481e+00  0.000000e+00  0.000000e+00  1.159428e-01  3.061697e+01  0.000000e+00 
3  8.500941e+01  5.448511e+01  3.441380e+05  2.257916e-01 6 -1.000000e+00  1.172440e+02 1   1.7205  9.261265e-02  1.014973e-01 -1 -1.0000 -1.000000e+00 -1.000000e+00 -1.000000e+00 -1.000000e+00 -1.000000e+00 -1.000000e+00 -1 -1.0000 -1.000000e+00 -1.000000e+00 -1.000000e+00 -1.000000e+00 -1.000000e+00 -1.000000e+00  0  0.9990  8.285757e+11  0.000000e+00  0.000000e+00  2.596449e-01 -9.974803e+01  4.664875e+00  1  0.9990  2.433172e+10  0.000000e+00  0.000000e+00  2.063499e-01 -7.397566e+01  5.949032e-02  2  0.9990  1.720452e+00  0.000000e+00  0.000000e+00  3.431346e-02  1.169683e+02  0.000000e+00 
5  8.619090e+00  1.259046e+01  5.862700e+04  5.202691e-01 6 -1.000000e+00  1.729619e+01 3   8.8676  6.605643e-02 -4.617936e-02 -1 -1.0000 -1.000000e+00 -1.000000e+00 -1.000000e+00 -1.000000e+00 -1.000000e+00 -1.000000e+00 -1 -1.0000 -1.000000e+00 -1.000000e+00 -1.000000e+00 -1.000000e+00 -1.000000e+00 -1.000000e+00  0  1.0990  1.603194e+12  0.000000e+00  0.000000e+00  1.545180e-01 -3.878037e+01  5.353825e+00  1  1.0990  5.638192e+10  0.000000e+00  0.000000e+00  4.907741e-01 -4.746047e+01  9.200202e-02  2  1.0990  8.867648e+00  0.000000e+00  0.000000e+00  1.171945e-01  1.318198e+02  0.000000e+00 
1  9.115047e+00  1.688327e+01  2.910350e+05  3.555728e-02 0  2.798418e-01  1.688327e+01 2   7.8983  6.447919e-02  1.029681e-02  0  1.8800  1.444638e+10  0.000000e+00  0.000000e+00  2.263260e-01 -2.461888e+01  3.116401e+01  1  1.8800  9.828585e+06  0.000000e+00  0.000000e+00  2.543294e-01 -8.517640e+00  5.134117e-02  2  1.8800  5.942164e+10  6.581607e-01 -1.989650e-01  3.109272e-01  7.279147e+01  6.044462e+00  3  1.8800  1.100845e+08  6.581607e-01 -1.989650e-01  2.048593e-01  8.359723e+01  1.867145e-02  4  1.8800  7.898264e+00  0.000000e+00  0.000000e+00  5.687949e-02 -8.706976e+01  0.000000e+00 
3  3.082493e+00  4.845767e+00  3.194820e+05  7.815115e-01 6  2.735477e-01  6.648941e+00 3  19.8600  9.902340e-01  6.549987e-01  0  1.9950  7.025304e+11  0.000000e+00  0.000000e+00  1.420312e-01 -1.570369e+02  1.510648e+01  1  1.9950  1.527222e+10  0.000000e+00  0.000000e+00  4.894290e-02 -1.370623e+02  3.467565e-02  2  1.9950  8.670815e+12  2.671734e+00  7.656911e-01  2.854835e-01 -1.210138e+02  3.632954e+00  3  1.9950  1.066466e+11  2.671734e+00  7.656911e-01  5.012602e-01 -1.290940e+02  3.458833e-02  4  1.9950  1.986004e+01  0.000000e+00  0.000000e+00  7.923945e-02  1.624932e+02  0.000000e+00 
3  2.399380e+00  1.684760e+00  1.862530e+05  1.473402e+00 6 -1.000000e+00  3.401522e+00 1  19.0094  1.175990e+00 -4.436053e-03 -1 -1.0000 -1.000000e+00 -1.000000e+00 -1.000000e+00 -1.000000e+00 -1.000000e+00 -1.000000e+00 -1 -1.0000 -1.000000e+00 -1.000000e+00 -1.000000e+00 -1.000000e+00 -1.000000e+00 -1.000000e+00  0  0.4230  1.249795e+13  0.000000e+00  0.000000e+00  3.860024e-01 -1.377351e+02  7.760833e+00  1  0.4230  1.564204e+11  0.000000e+00  0.000000e+00  2.362769e-01 -1.485873e+02  3.987689e-01  2  0.4230  1.900939e+01  0.000000e+00  0.000000e+00  1.199093e-01 -4.478542e+00  0.000000e+00 
3  7.229919e+00  1.195193e+01  3.016500e+05  5.156041e-01 6  3.099754e-01  1.197391e+01 1   4.5175 -4.247577e-01 -9.370182e-01  0  0.4390  3.926540e+11  0.000000e+00  0.000000e+00  3.676895e-01  1.541401e+02  3.785853e+01  1  0.4390  1.740054e+10  0.000000e+00  0.000000e+00  2.354938e-01  1.756156e+02  1.293742e-01  2  0.4390  8.252264e+12 -3.784957e+01 -6.744335e+01  6.650083e-02  1.774564e+02  2.743691e+00  3  0.4390  8.502952e+10 -3.784957e+01 -6.744335e+01  4.502417e-01  1.893146e+02  2.476679e-01  4  0.4390  4.517541e+00  0.000000e+00  0.000000e+00  4.551034e-02 -7.767479e+01  0.000000e+00 
3  7.684185e+00  8.510007e-01  1.684610e+05  1.652197e+00 6  2.888548e-01  1.373249e+01 2   3.4946 -7.159851e+00  6.002667e-01  0  0.6830  6.866200e+12  0.000000e+00  0.000000e+00  3.136524e-01 -8.990143e+00  1.423360e+01  1  0.6830  9.018189e+10  0.000000e+00  0.000000e+00  5.057235e-01  4.922506e+01  5.728313e-02  2  0.6830  1.746709e+14 -6.331760e+01 -1.920607e+01  3.133894e-01  1.327444e+02  2.403319e+00  3  0.6830  4.752354e+11 -6.331760e+01 -1.920607e+01  4.453074e-01  1.199816e+02  4.398283e-01  4  0.6830  3.494586e+00  0.000000e+00  0.000000e+00  6.921865e-02 -7.360188e+00  0.000000e+00 
3  8.701367e+00  4.644101e+00  8.575100e+04  5.490901e-01 6 -1.000000e+00  1.071691e+01 1   4.9832  1.603015e-01  5.152463e-01 -1 -1.0000 -1.000000e+00 -1.000000e+00 -1.000000e+00 -1.000000e+00 -1.000000e+00 -1.000000e+00 -1 -1.0000 -1.000000e+00 -1.000000e+00 -1.000000e+00 -1.000000e+00 -1.000000e+00 -1.000000e+00  0  0.6860  1.681260e+12  0.000000e+00  0.000000e+00  1.571748e-01 -1.678329e+02  4.548652e+00  1  0.6860  6.667144e+10  0.000000e+00  0.000000e+00  2.469561e-01 -1.942712e+02  9.578528e-02  2  0.6860  4.983247e+00  0.000000e+00  0.000000e+00  1.372907e-01 -9.257929e+01  0.000000e+00 
1  1.387768e+01  2.506766e+01  3.353400e+04  1.117203e-01 0  2.877712e-01  2.506766e+01 2   6.7607 -2.767211e-01 -4.551698e-02  0  1.1150  1.074302e+11  0.000000e+00  0.000000e+00  2.882776e-01  6.932712e+01  2.080802e+01  1  1.1150  8.440667e+08  0.000000e+00  0.000000e+00  1.657251e-01  1.559050e+02  5.469334e-02  2  1.1150  6.682865e+11 -2.835552e+00  1.076253e-01  1.402967e-01 -1.724335e+02  6.104452e+00  3  1.1150  1.555232e+10 -2.835552e+00  1.076253e-01  3.706352e-01 -1.584055e+02  1.240347e-01  4  1.1150  6.760681e+00  0.000000e+00  0.000000e+00  5.545247e-02  9.917946e+00  0.000000e+00 
3  2.204759e+01  1.281368e+01  7.410100e+04  1.166043e+00 6 -1.000000e+00  4.049692e+01 3   4.0431  4.446596e-01 -4.813136e-01 -1 -1.0000 -1.000000e+00 -1.000000e+00 -1.000000e+00 -1.000000e+00 -1.000000e+00 -1.000000e+00 -1 -1.0000 -1.000000e+00 -1.000000e+00 -1.000000e+00 -1.000000e+00 -1.000000e+00 -1.000000e+00  0  1.1220  6.962450e+12  0.000000e+00  0.000000e+00  2.120347e-01 -1.349877e+02  8.870306e+00  1  1.1220  7.682341e+10  0.000000e+00  0.000000e+00  4.041650e-01 -8.107050e+01  1.071792e-01  2  1.1220  4.043121e+00  0.000000e+00  0.000000e+00  6.154192e-02  1.325993e+02  0.000000e+00 
3  1.332196e+01  1.883351e+01  6.365200e+04  8.007036e-02 6 -1.000000e+00  2.534480e+01 3   3.5226 -2.483071e-02 -1.150370e-02 -1 -1.0000 -1.000000e+00 -1.000000e+00 -1.000000e+00 -1.000000e+00 -1.000000e+00 -1.000000e+00 -1 -1.0000 -1.000000e+00 -1.000000e+00 -1.000000e+00 -1.000000e+00 -1.000000e+00 -1.000000e+00  0  1.1520  2.999540e+11  0.000000e+00  0.000000e+00  1.885017e-01  3.415872e+01  7.045599e+00  1  1.1520  3.243889e+09  0.000000e+00  0.000000e+00  1.485428e-01  1.661803e+01  5.712505e-02  2  1.1520  3.522643e+00  0.000000e+00  0.000000e+00  1.090545e-01 -3.832934e+01  0.000000e+00 
3  5.177971e+00  4.833214e+00  1.155230e+05  1.228256e-01 6 -1.000000e+00  8.271529e+00 1   7.2261 -6.410351e-04  4.760057e-02 -1 -1.0000 -1.000000e+00 -1.000000e+00 -1.000000e+00 -1.000000e+00 -1.000000e+00 -1.000000e+00 -1 -1.0000 -1.000000e+00 -1.000000e+00 -1.000000e+00 -1.000000e+00 -1.000000e+00 -1.000000e+00  0  2.3870  4.800325e+11  0.000000e+00  0.000000e+00  2.354167e-01  1.496266e+02  2.972297e+00  1  2.3870  5.939531e+09  0.000000e+00  0.000000e+00  2.888936e-01  1.343847e+02  1.828247e-02  2  2.3870  7.226108e+00  0.000000e+00  0.000000e+00  4.285650e-02  1.448382e+02  0.000000e+00 
3  1.581900e+01  2.181327e+01  8.627000e+04  1.219496e+00 6  3.093375e-01  2.415727e+01 1   6.6516 -3.960554e-01 -4.466525e+00  0  0.3570  1.552436e+12  0.000000e+00  0.000000e+00  1.134837e-01 -1.699101e+02  2.271177e+01  1  0.3570  5.338775e+10  0.000000e+00  0.000000e+00  2.396448e-01 -2.152505e+02  4.076045e-01  2  0.3570  3.777529e+13 -7.799508e-01 -1.091870e+01  3.688241e-01  5.830642e+01  7.950743e+00  3  0.3570  2.468481e+11 -7.799508e-01 -1.091870e+01  2.717860e-01  3.574074e+01  5.200605e-01  4  0.3570  6.651590e+00  0.000000e+00  0.000000e+00  1.665903e-01  1.733007e+02  0.000000e+00 
3  1.036538e+01  5.122493e+00  2.454600e+05  2.038874e-01 6 -1.000000e+00  1.165985e+01 1   7.5840  7.791498e-02  1.882064e-01 -1 -1.0000 -1.000000e+00 -1.000000e+00 -1.000000e+00 -1.000000e+00 -1.000000e+00 -1.000000e+00 -1 -1.0000 -1.000000e+00 -1.000000e+00 -1.000000e+00 -1.000000e+00 -1.000000e+00 -1.000000e+00  0  0.6220  3.509154e+11  0.000000e+00  0.000000e+00  3.521020e-01 -1.138013e+02  3.797232e+00  1  0.6220  6.879863e+09  0.000000e+00  0.000000e+00  2.285765e-01 -1.007569e+02  5.688600e-02  2  0.6220  7.584025e+00  0.000000e+00  0.000000e+00  1.481522e-01  8.110098e+01  0.000000e+00 
2  1.762863e+01  7.977276e+00  3.810320e+05  5.764586e-01 6 -1.000000e+00  2.481071e+01 1   4.8258 -4.765161e-01 -2.562928e-01 -1 -1.0000 -1.000000e+00 -1.000000e+00 -1.000000e+00 -1.000000e+00 -1.000000e+00 -1.000000e+00 -1 -1.0000 -1.000000e+00 -1.000000e+00 -1.000000e+00 -1.000000e+00 -1.000000e+00 -1.000000e+00  0  0.6920  2.323555e+12  0.000000e+00  0.000000e+00  2.217258e-01 -7.229319e+01  4.485734e+00  1  0.6920  5.712515e+10  0.000000e+00  0.000000e+00  2.686833e-01 -2.683625e+01  3.045829e-02  2  0.6920  4.825750e+00  0.000000e+00  0.000000e+00  5.715939e-02  8.787363e+01  0.000000e+00 
1  6.592406e+00  1.333535e+01  3.754370e+05  6.660652e+00 0 -1.000000e+00  1.333535e+01 2   5.5391 -4.632497e+00  1.862110e+00 -1 -1.0000 -1.000000e+00 -1.000000e+00 -1.000000e+00 -1.000000e+00 -1.000000e+00 -1.000000e+00 -1 -1.0000 -1.000000e+00 -1.000000e+00 -1.000000e+00 -1.000000e+00 -1.000000e+00 -1.000000e+00  0  0.7380  6.972231e+13  0.000000e+00  0.000000e+00  1.689785e-01  8.058561e+01  9.376757e+00  1  0.7380  3.232228e+11  0.000000e+00  0.000000e+00  1.218946e-01  1.309120e+02  3.143903e-01  2  0.7380  5.539062e+00  0.000000e+00  0.000000e+00  1.274317e-01  7.666438e+01  0.000000e+00 
3  3.951343e+00  5.288591e+00  2.507930e+05  6.195622e-01 6 -1.000000e+00  5.858195e+00 1  16.2413  3.894667e-02  1.904231e-01 -1 -1.0000 -1.000000e+00 -1.000000e+00 -1.000000e+00 -1.000000e+00 -1.000000e+00 -1.000000e+00 -1 -1.0000 -1.000000e+00 -1.000000e+00 -1.000000e+00 -1.000000e+00 -1.000000e+00 -1.000000e+00  0  1.0860  1.683544e+12  0.000000e+00  0.000000e+00  2.276503e-01 -8.543419e+01  4.135175e+00  1  1.0860  5.476944e+10  0.000000e+00  0.000000e+00  1.417030e-01 -7.856652e+01  5.743087e-02  2  1.0860  1.624129e+01  0.000000e+00  0.000000e+00  1.708920e-01 -1.206590e+02  0.000000e+00 
3  1.079405e+01  1.063898e+01  3.392450e+05  3.507744e-01 6 -1.000000e+00  1.507733e+01 1   5.4929  9.128498e-02  3.362803e-02 -1 -1.0000 -1.000000e+00 -1.000000e+00 -1.000000e+00 -1.000000e+00 -1.000000e+00 -1.000000e+00 -1 -1.0000 -1.000000e+00 -1.000000e+00 -1.000000e+00 -1.000000e+00 -1.000000e+00 -1.000000e+00  0  1.1240  8.389882e+11  0.000000e+00  0.000000e+00  4.763279e-02  3.289450e+01  4.048651e+00  1  1.1240  3.090307e+10  0.000000e+00  0.000000e+00  1.187384e-01  6.707426e+01  7.799002e-02  2  1.1240  5.492949e+00  0.000000e+00  0.000000e+00  1.678846e-01  6.265656e+01  0.000000e+00 
3  3.332710e+00  1.587950e+00  2.545620e+05  2.200470e-01 6 -1.000000e+00  4.269571e+00 1   9.7726  1.870606e-01  5.832216e-02 -1 -1.0000 -1.000000e+00 -1.000000e+00 -1.000000e+00 -1.000000e+00 -1.000000e+00 -1.000000e+00 -1 -1.0000 -1.000000e+00 -1.000000e+00 -1.000000e+00 -1.000000e+00 -1.000000e+00 -1.000000e+00  0  1.1460  4.588623e+11  0.000000e+00  0.000000e+00  2.319872e-01  5.256765e+01  6.220139e+00  1  1.1460  7.316885e+09  0.000000e+00  0.000000e+00  1.819767e-01  1.034178e+02  2.795087e-02  2  1.1460  9.772550e+00  0.000000e+00  0.000000e+00  1.415360e-01  5.979851e+00  0.000000e+00 
1  1.876303e+01  3.282714e+01  3.037640e+05  3.074075e-01 0  2.952841e-01  3.282714e+01 2   3.5501 -4.264351e-01 -5.895372e-01  0  1.1820  3.445011e+11  0.000000e+00  0.000000e+00  2.719645e-01 -1.333877e+02  2.211862e+01  1  1.1820  9.040371e+09  0.000000e+00  0.000000e+00  3.756519e-01 -1.643091e+02  1.067262e-01  2  1.1820  9.477254e+12 -3.750192e+00 -2.576540e+00  1.134467e-01 -9.568784e+01  3.677679e+00  3  1.1820  9.056664e+10 -3.750192e+00 -2.576540e+00  4.347279e-01 -6.658161e+01  6.635646e-02  4  1.1820  3.550059e+00  0.000000e+00  0.000000e+00  6.336168e-02  9.646311e+01  0.000000e+00 
3  1.155311e+01  5.663942e+00  2.245700e+04  6.047480e-01 6 -1.000000e+00  1.741727e+01 1   4.1896  3.251028e-01  5.092754e-01 -1 -1.0000 -1.000000e+00 -1.000000e+00 -1.000000e+00 -1.000000e+00 -1.000000e+00 -1.000000e+00 -1 -1.0000 -1.000000e+00 -1.000000e+00 -1.000000e+00 -1.000000e+00 -1.000000e+00 -1.000000e+00  0  1.6510  1.485253e+13  0.000000e+00  0.000000e+00  3.172943e-01 -1.761377e+02  4.178327e+00  1  1.6510  9.339157e+10  0.000000e+00  0.000000e+00  4.579645e-01 -1.766464e+02  5.584899e-02  2  1.6510  4.189553e+00  0.000000e+00  0.000000e+00  1.596395e-01 -1.334078e+02  0.000000e+00 
3  2.124116e+01  9.547508e+00  2.046460e+05  2.067762e-01 6 -1.000000e+00  2.751881e+01 1   5.4871  7.966432e-02 -1.627522e-01 -1 -1.0000 -1.000000e+00 -1.000000e+00 -1.000000e+00 -1.000000e+00 -1.000000e+00 -1.000000e+00 -1 -1.0000 -1.000000e+00 -1.000000e+00 -1.000000e+00 -1.000000e+00 -1.000000e+00 -1.000000e+00  0  1.8360  8.374861e+11  0.000000e+00  0.000000e+00  1.018685e-01 -7.037222e+01  2.963970e+00  1  1.8360  1.181090e+10  0.000000e+00  0.000000e+00  3.442668e-01 -7.897425e+01  4.120496e-02  2  1.8360  5.487105e+00  0.000000e+00  0.000000e+00  1.213425e-02 -1.370965e+02  0.000000e+00 
1  6.936733e+00  1.285875e+01  2.142110e+05  2.808373e-01 0  2.759489e-01  1.285875e+01 2  10.5688 -7.255897e-02 -5.586497e-01  0  1.9430  2.274353e+11  0.000000e+00  0.000000e+00  3.144396e-01 -1.851394e+01  2.725748e+01  1  1.9430  2.681967e+09  0.000000e+00  0.000000e+00  1.968594e-01  3.661934e+00  3.293900e-02  2  1.9430  1.273730e+12  4.905709e-01 -5.500095e+00  3.114137e-01  1.996904e+01  3.258896e+00  3  1.9430  3.998040e+10  4.905709e-01 -5.500095e+00  2.907305e-01  2.979319e+01  1.784475e-02  4  1.9430  1.056877e+01  0.000000e+00  0.000000e+00  2.118728e-02 -1.678072e+02  0.000000e+00 
3  8.979245e+00  1.037997e+01  3.449950e+05  1.275548e-01 6 -1.000000e+00  1.316052e+01 1   5.9047  5.847534e-02 -2.125213e-03 -1 -1.0000 -1.000000e+00 -1.000000e+00 -1.000000e+00 -1.000000e+00 -1.000000e+00 -1.000000e+00 -1 -1.0000 -1.000000e+00 -1.000000e+00 -1.000000e+00 -1.000000e+00 -1.000000e+00 -1.000000e+00  0  2.3370  5.326099e+11  0.000000e+00  0.000000e+00  4.423792e-01  1.696591e+02  6.054466e+00  1  2.3370  5.041281e+09  0.000000e+00  0.000000e+00  3.318229e-01  1.135107e+02  3.375480e-02  2  2.3370  5.904738e+00  0.000000e+00  0.000000e+00  4.535034e-02  1.627005e+02  0.000000e+00 
3  1.364614e+01  1.636628e+01  7.685800e+04  8.728873e-01 6 -1.000000e+00  3.919031e+01 3   2.8356  2.565470e-01  1.414112e-01 -1 -1.0000 -1.000000e+00 -1.000000e+00 -1.000000e+00 -1.000000e+00 -1.000000e+00 -1.000000e+00 -1 -1.0000 -1.000000e+00 -1.000000e+00 -1.000000e+00 -1.000000e+00 -1.000000e+00 -1.000000e+00  0  0.3200  5.127845e+12  0.000000e+00  0.000000e+00  1.356512e-01 -1.370754e+02  9.083644e+00  1  0.3200  9.189402e+10  0.000000e+00  0.000000e+00  3.033979e-01 -1.722156e+02  3.310649e-01  2  0.3200  2.835579e+00  0.000000e+00  0.000000e+00  1.409743e-01  1.233557e+02  0.000000e+00 
3  2.824376e+01  3.657033e+01  1.385820e+05  7.790639e-01 6 -1.000000e+00  4.774598e+01 1   3.4696  1.881790e-01 -7.379741e-03 -1 -1.0000 -1.000000e+00 -1.000000e+00 -1.000000e+00 -1.000000e+00 -1.000000e+00 -1.000000e+00 -1 -1.0000 -1.000000e+00 -1.000000e+00 -1.000000e+00 -1.000000e+00 -1.000000e+00 -1.000000e+00  0  0.4040  6.333362e+12  0.000000e+00  0.000000e+00  1.701754e-01  1.580571e+02  4.444853e+00  1  0.4040  1.122354e+11  0.000000e+00  0.000000e+00  4.485628e-01  1.583765e+02  1.728396e-01  2  0.4040  3.469622e+00  0.000000e+00  0.000000e+00  1.029987e-01 -6.992408e+01  0.000000e+00 
3  1.394429e+01  1.786844e+01  6.872300e+04  3.618133e-01 6  2.838228e-01  2.738768e+01 3   5.7891 -4.131478e-01 -8.508059e-01  0  1.3670  5.146838e+11  0.000000e+00  0.000000e+00  3.112050e-01  2.342148e+01  1.817477e+01  1  1.3670  1.063358e+10  0.000000e+00  0.000000e+00  2.118669e-01 -5.561405e+00  9.048211e-02  2  1.3670  4.895016e+12 -3.602509e+00 -4.037141e+00  5.425965e-01  8.863913e+01  3.087480e+00  3  1.3670  8.980774e+10 -3.602509e+00 -4.037141e+00  2.800819e-01  5.457136e+01  2.704829e-01  4  1.3670  5.789085e+00  0.000000e+00  0.000000e+00  5.860414e-02 -8.999161e+01  0.000000e+00 
3  1.121327e+01  7.217509e+00  2.611320e+05  7.669265e-01 6 -1.000000e+00  1.536019e+01 1   5.7850  4.887103e-01 -2.711004e-01 -1 -1.0000 -1.000000e+00 -1.000000e+00 -1.000000e+00 -1.000000e+00 -1.000000e+00 -1.000000e+00 -1 -1.0000 -1.000000e+00 -1.000000e+00 -1.000000e+00 -1.000000e+00 -1.000000e+00 -1.000000e+00  0  1.4020  3.394674e+12  0.000000e+00  0.000000e+00  3.280478e-01 -3.627502e+01  7.735751e+00  1  1.4020  6.392973e+10  0.000000e+00  0.000000e+00  2.876722e-01 -6.440379e+01  6.660355e-02  2  1.4020  5.785040e+00  0.000000e+00  0.000000e+00  8.387255e-02  1.130371e+02  0.000000e+00 
3  4.001559e+00  2.395782e+00  3.423590e+05  9.604217e-01 6 -1.000000e+00  5.985094e+00 1   4.3974 -5.665574e-01  2.487390e-01 -1 -1.0000 -1.000000e+00 -1.000000e+00 -1.000000e+00 -1.000000e+00 -1.000000e+00 -1.000000e+00 -1 -1.0000 -1.000000e+00 -1.000000e+00 -1.000000e+00 -1.000000e+00 -1.000000e+00 -1.000000e+00  0  1.9330  2.545277e+13  0.000000e+00  0.000000e+00  3.261677e-01 -4.796473e+01  2.642451e+00  1  1.9330  1.631148e+11  0.000000e+00  0.000000e+00  4.147545e-01 -6.576611e+01  5.332063e-02  2  1.9330  4.397366e+00  0.000000e+00  0.000000e+00  9.901686e-02  1.187489e+02  0.000000e+00 
1  1.382638e+01  3.945263e+01  2.446290e+05  2.896964e+00 0 -1.000000e+00  3.945263e+01 2   3.9172  1.144764e+00  8.223404e-01 -1 -1.0000 -1.000000e+00 -1.000000e+00 -1.000000e+00 -1.000000e+00 -1.000000e+00 -1.000000e+00 -1 -1.0000 -1.000000e+00 -1.000000e+00 -1.000000e+00 -1.000000e+00 -1.000000e+00 -1.000000e+00  0  0.3130  6.250165e+13  0.000000e+00  0.000000e+00  3.809379e-01  1.080584e+02  6.473259e+00  1  0.3130  3.034287e+11  0.000000e+00  0.000000e+00  2.501078e-01  1.263261e+02  7.215519e-01  2  0.3130  3.917250e+00  0.000000e+00  0.000000e+00  5.161999e-02 -1.394684e+01  0.000000e+00 
3  4.476217e+01  4.966814e+01  2.893500e+05  4.802544e-01 6 -1.000000e+00  7.811035e+01 3   2.3880 -1.009588e-02  1.518174e-01 -1 -1.0000 -1.000000e+00 -1.000000e+00 -1.000000e+00 -1.000000e+00 -1.000000e+00 -1.000000e+00 -1 -1.0000 -1.000000e+00 -1.000000e+00 -1.000000e+00 -1.000000e+00 -1.000000e+00 -1.000000e+00  0  0.4370  1.110458e+12  0.000000e+00  0.000000e+00  1.898129e-01  3.254023e+01  9.457883e+00  1  0.4370  4.144607e+10  0.000000e+00  0.000000e+00  2.697775e-01  1.949560e+01  1.478938e-01  2  0.4370  2.387960e+00  0.000000e+00  0.000000e+00  4.839904e-02  5.748281e+01  0.000000e+00 
3  9.782796e+00  4.991230e+00  1.509880e+05  7.849280e-01 6 -1.000000e+00  1.524498e+01 1   4.4494 -1.829722e-01 -6.133471e-01 -1 -1.0000 -1.000000e+00 -1.000000e+00 -1.000000e+00 -1.000000e+00 -1.000000e+00 -1.000000e+00 -1 -1.0000 -1.000000e+00 -1.000000e+00 -1.000000e+00 -1.000000e+00 -1.000000e+00 -1.000000e+00  0  0.5070  2.001744e+12  0.000000e+00  0.000000e+00  1.364427e-01  3.673487e+01  6.374908e+00  1  0.5070  8.614970e+10  0.000000e+00  0.000000e+00  3.274543e-01  5.146884e+01  1.685942e-01  2  0.5070  4.449362e+00  0.000000e+00  0.000000e+00  1.357586e-01  1.666760e+02  0.000000e+00 
3  5.387683e+00  6.683995e+00  2.612490e+05  8.089029e-01 6 -1.000000e+00  9.004480e+00 1   8.0967  5.760468e-02  4.297714e-01 -1 -1.0000 -1.000000e+00 -1.000000e+00 -1.000000e+00 -1.000000e+00 -1.000000e+00 -1.000000e+00 -1 -1.0000 -1.000000e+00 -1.000000e+00 -1.000000e+00 -1.000000e+00 -1.000000e+00 -1.000000e+00  0  0.6550  1.731859e+12  0.000000e+00  0.000000e+00  1.494144e-01 -1.158781e+02  6.788689e+00  1  0.6550  7.765985e+10  0.000000e+00  0.000000e+00  4.326939e-01 -1.148093e+02  1.708895e-01  2  0.6550  8.096703e+00  0.000000e+00  0.000000e+00  2.044719e-01 -9.174869e+01  0.000000e+00 
3  6.208183e-01  4.722488e-01  2.654070e+05  2.708750e+00 6 -1.000000e+00  1.133409e+00 3  11.1833 -1.055196e+00  6.945191e-01 -1 -1.0000 -1.000000e+00 -1.000000e+00 -1.000000e+00 -1.000000e+00 -1.000000e+00 -1.000000e+00 -1 -1.0000 -1.000000e+00 -1.000000e+00 -1.000000e+00 -1.000000e+00 -1.000000e+00 -1.000000e+00  0  0.7550  3.248976e+13  0.000000e+00  0.000000e+00  2.243082e-01  1.270994e+02  6.042632e+00  1  0.7550  1.631149e+11  0.000000e+00  0.000000e+00  4.319713e-01  9.098448e+01  2.236446e-01  2  0.7550  1.118332e+01  0.000000e+00  0.000000e+00  8.078991e-02  1.430616e+01  0.000000e+00 
3  1.527485e+00  1.563524e+00  3.406920e+05  3.273516e-01 6 -1.000000e+00  2.246943e+00 1   2.5203  5.671463e-02  1.870122e-01 -1 -1.0000 -1.000000e+00 -1.000000e+00 -1.000000e+00 -1.000000e+00 -1.000000e+00 -1.000000e+00 -1 -1.0000 -1.000000e+00 -1.000000e+00 -1.000000e+00 -1.000000e+00 -1.000000e+00 -1.000000e+00  0  1.3180  2.291374e+12  0.000000e+00  0.000000e+00  1.126913e-01  5.466885e+01  5.035107e+00  1  1.3180  7.124829e+10  0.000000e+00  0.000000e+00  2.884138e-01  4.859266e+01  1.920937e-01  2  1.3180  2.520293e+00  0.000000e+00  0.000000e+00  1.339904e-02  5.190638e+01  0.000000e+00 
3  6.572952e+00  1.230520e+00  3.225760e+05  1.462263e+00 6 -1.000000e+00  1.182354e+01 2   4.5890  5.208746e-01 -1.301805e+00 -1 -1.0000 -1.000000e+00 -1.000000e+00 -1.000000e+00 -1.000000e+00 -1.000000e+00 -1.000000e+00 -1 -1.0000 -1.000000e+00 -1.000000e+00 -1.000000e+00 -1.000000e+00 -1.000000e+00 -1.000000e+00  0  1.3680  2.515867e+13  0.000000e+00  0.000000e+00  2.047257e-01  9.185608e+01  4.464636e+00  1  1.3680  1.312039e+11  0.000000e+00  0.000000e+00  1.823305e-01  8.624590e+01  5.962121e-02  2  1.3680  4.589033e+00  0.000000e+00  0.000000e+00  1.510763e-01 -1.764561e+02  0.000000e+00 
3  5.710658e+00  3.567628e+00  3.945070e+05  4.287999e-01 6 -1.000000e+00  8.675636e+00 1   3.7061 -1.108627e-01 -3.251724e-01 -1 -1.0000 -1.000000e+00 -1.000000e+00 -1.000000e+00 -1.000000e+00 -1.000000e+00 -1.000000e+00 -1 -1.0000 -1.000000e+00 -1.000000e+00 -1.000000e+00 -1.000000e+00 -1.000000e+00 -1.000000e+00  0  1.3790  3.169000e+12  0.000000e+00  0.000000e+00  2.266299e-01  1.897289e+01  4.012981e+00  1  1.3790  6.736456e+10  0.000000e+00  0.000000e+00  5.248984e-01  4.162646e+01  4.177492e-02  2  1.3790  3.706142e+00  0.000000e+00  0.000000e+00  3.871369e-02 -2.782196e+01  0.000000e+00 
3  9.834251e+00  4.269031e+00  1.880700e+05  4.206301e-01 6 -1.000000e+00  1.769058e+01 2   4.9070  5.297748e-02  3.930168e-01 -1 -1.0000 -1.000000e+00 -1.000000e+00 -1.000000e+00 -1.000000e+00 -1.000000e+00 -1.000000e+00 -1 -1.0000 -1.000000e+00 -1.000000e+00 -1.000000e+00 -1.000000e+00 -1.000000e+00 -1.000000e+00  0  1.6100  3.185755e+12  0.000000e+00  0.000000e+00  4.237470e-01  3.096744e+01  5.618363e+00  1  1.6100  5.162813e+10  0.000000e+00  0.000000e+00  4.285431e-01 -3.547962e+01  1.009792e-01  2  1.6100  4.907019e+00  0.000000e+00  0.000000e+00  9.593404e-02  1.599363e+02  0.000000e+00 
3  1.028512e+01  6.773313e+00  2.974600e+05  4.300395e-01 6 -1.000000e+00  1.534790e+01 1   4.1229 -2.092960e-01  5.051910e-02 -1 -1.0000 -1.000000e+00 -1.000000e+00 -1.000000e+00 -1.000000e+00 -1.000000e+00 -1.000000e+00 -1 -1.0000 -1.000000e+00 -1.000000e+00 -1.000000e+00 -1.000000e+00 -1.000000e+00 -1.000000e+00  0  1.6960  1.893571e+12  0.000000e+00  0.000000e+00  2.521053e-01 -1.324786e+02  4.382113e+00  1  1.6960  4.389560e+10  0.000000e+00  0.000000e+00  3.786433e-01 -1.128465e+02  2.176755e-02  2  1.6960  4.122938e+00  0.000000e+00  0.000000e+00  5.349226e-02 -1.527665e+02  0.000000e+00 
2  1.058892e+01  2.017856e+00  4.831200e+04  1.965125e+00 6 -1.000000e+00  2.458467e+01 2   4.1335  1.057970e+00  5.949435e-01 -1 -1.0000 -1.000000e+00 -1.000000e+00 -1.000000e+00 -1.000000e+00 -1.000000e+00 -1.000000e+00 -1 -1.0000 -1.000000e+00 -1.000000e+00 -1.000000e+00 -1.000000e+00 -1.000000e+00 -1.000000e+00  0  1.6970  2.712883e+13  0.000000e+00  0.000000e+00  1.083558e-01  1.719153e+02  7.978328e+00  1  1.6970  9.024955e+10  0.000000e+00  0.000000e+00  3.907626e-01  1.802084e+02  4.262939e-02  2  1.6970  4.133514e+00  0.000000e+00  0.000000e+00  1.776250e-01 -7.759514e+01  0.000000e+00 
3  3.297750e+01  1.287546e+01  4.009810e+05  7.565908e-01 6  2.737641e-01  7.189566e+01 2   6.5094 -1.001772e+00 -1.585229e+00  0  1.8100  1.150134e+12  0.000000e+00  0.000000e+00  3.200687e-01  1.511223e+01  1.147631e+01  1  1.8100  3.657771e+10  0.000000e+00  0.000000e+00  4.908072e-02  2.100639e+00  5.081990e-02  2  1.8100  1.653728e+13 -1.501467e+00 -3.233227e+00  3.407614e-01  1.782136e+02  3.714376e+00  3  1.8100  9.049475e+10 -1.501467e+00 -3.233227e+00  3.156525e-01  2.113240e+02  4.394960e-02  4  1.8100  6.509374e+00  0.000000e+00  0.000000e+00  2.041149e-02 -7.413895e+01  0.000000e+00 
3  7.792914e+00  6.801309e+00  2.413690e+05  7.412268e-01 6 -1.000000e+00  1.599132e+01 3   7.0057  5.965338e-02 -3.492041e-01 -1 -1.0000 -1.000000e+00 -1.000000e+00 -1.000000e+00 -1.000000e+00 -1.000000e+00 -1.000000e+00 -1 -1.0000 -1.000000e+00 -1.000000e+00 -1.000000e+00 -1.000000e+00 -1.000000e+00 -1.000000e+00  0  0.1720  9.360241e+11  0.000000e+00  0.000000e+00  3.649117e-01  2.081490e+01  1.541298e+01  1  0.1720  4.373142e+10  0.000000e+00  0.000000e+00  1.948028e-01  1.482801e+00  2.807181e-01  2  0.1720  7.005712e+00  0.000000e+00  0.000000e+00  7.095355e-03 -6.497861e+01  0.000000e+00 
1  3.898235e+01  6.831131e+01  3.904750e+05  6.308858e+00 0  2.839334e-01  6.831131e+01 2   2.5757  3.989134e+00  2.814631e+01  0  0.3070  4.914218e+13  0.000000e+00  0.000000e+00  4.488559e-01  1.761587e+02  1.302432e+01  1  0.3070  1.753012e+11  0.000000e+00  0.000000e+00  2.308191e-01  1.564206e+02  7.403114e-01  2  0.3070  6.873851e+14  9.415598e-01  5.779797e+01  3.545179e-01 -3.709857e+00  4.875656e+00  3  0.3070  1.260866e+12  9.415598e-01  5.779797e+01  3.852437e-01 -1.480538e+01  2.969630e+00  4  0.3070  2.575681e+00  0.000000e+00  0.000000e+00  4.793227e-02  1.151332e+02  0.000000e+00 
3  3.232580e+01  2.483689e+01  4.111700e+04  6.878167e-01 6 -1.000000e+00  4.631261e+01 1   2.1412  2.911728e-03 -4.282256e-01 -1 -1.0000 -1.000000e+00 -1.000000e+00 -1.000000e+00 -1.000000e+00 -1.000000e+00 -1.000000e+00 -1 -1.0000 -1.000000e+00 -1.000000e+00 -1.000000e+00 -1.000000e+00 -1.000000e+00 -1.000000e+00  0  0.4150  2.003906e+12  0.000000e+00  0.000000e+00  2.525124e-01  1.349743e+02  1.013215e+01  1  0.4150  5.448671e+10  0.000000e+00  0.000000e+00  2.303995e-01  1.441663e+02  1.012605e-01  2  0.4150  2.141212e+00  0.000000e+00  0.000000e+00  3.382593e-02  9.323099e+01  0.000000e+00 
3  1.575835e+00  1.914939e+00  3.939440e+05  1.566894e+00 6 -1.000000e+00  2.339262e+00 1  14.8663 -4.907274e-03  7.957837e-01 -1 -1.0000 -1.000000e+00 -1.000000e+00 -1.000000e+00 -1.000000e+00 -1.000000e+00 -1.000000e+00 -1 -1.0000 -1.000000e+00 -1.000000e+00 -1.000000e+00 -1.000000e+00 -1.000000e+00 -1.000000e+00  0  0.5350  1.137332e+13  0.000000e+00  0.000000e+00  3.138636e-01 -1.159467e+02  7.355180e+00  1  0.5350  1.187139e+11  0.000000e+00  0.000000e+00  2.301480e-01 -7.244261e+01  2.382187e-01  2  0.5350  1.486626e+01  0.000000e+00  0.000000e+00  1.026592e-01  9.718811e+01  0.000000e+00 
3  2.505643e+01  3.499843e+01  1.997480e+05  7.667479e-01 6 -1.000000e+00  3.899639e+01 1   3.1767 -3.141008e-02 -1.095894e-01 -1 -1.0000 -1.000000e+00 -1.000000e+00 -1.000000e+00 -1.000000e+00 -1.000000e+00 -1.000000e+00 -1 -1.0000 -1.000000e+00 -1.000000e+00 -1.000000e+00 -1.000000e+00 -1.000000e+00 -1.000000e+00  0  0.6300  3.579509e+12  0.000000e+00  0.000000e+00  1.431230e-01 -7.698111e+01  4.694228e+00  1  0.6300  7.091790e+10  0.000000e+00  0.000000e+00  3.948620e-01 -1.055325e+02  1.397908e-01  2  0.6300  3.176733e+00  0.000000e+00  0.000000e+00  1.104134e-01 -6.536338e+01  0.000000e+00 
3  9.029732e+00  4.439432e+00  2.873110e+05  4.567358e-01 6 -1.000000e+00  1.157642e+01 1   4.5150 -4.089360e-01  2.010066e-02 -1 -1.0000 -1.000000e+00 -1.000000e+00 -1.000000e+00 -1.000000e+00 -1.000000e+00 -1.000000e+00 -1 -1.0000 -1.000000e+00 -1.000000e+00 -1.000000e+00 -1.000000e+00 -1.000000e+00 -1.000000e+00  0  0.8030  1.130297e+12  0.000000e+00  0.000000e+00  2.468404e-01 -1.761265e+02  5.934118e+00  1  0.8030  3.738471e+10  0.000000e+00  0.000000e+00  1.419763e-01 -2.409218e+02  7.799574e-02  2  0.8030  4.514980e+00  0.000000e+00  0.000000e+00  4.892077e-02 -4.121303e+01  0.000000e+00 
3  3.787032e+01  2.505017e+01  8.518000e+03  3.620903e-01 6 -1.000000e+00  4.540167e+01 1   4.6572  2.669953e-01 -1.410358e-01 -1 -1.0000 -1.000000e+00 -1.000000e+00 -1.000000e+00 -1.000000e+00 -1.000000e+00 -1.000000e+00 -1 -1.0000 -1.000000e+00 -1.000000e+00 -1.000000e+00 -1.000000e+00 -1.000000e+00 -1.000000e+00  0  0.9860  1.460189e+12  0.000000e+00  0.000000e+00  4.297627e-01  1.474439e+02  2.744821e+00  1  0.9860  3.680194e+10  0.000000e+00  0.000000e+00  2.960047e-01  1.165011e+02  1.283889e-01  2  0.9860  4.657170e+00  0.000000e+00  0.000000e+00  1.028222e-01 -1.032654e+01  0.000000e+00 
5  2.487874e+01  4.731494e+01  3.550630e+05  4.112386e-01 6 -1.000000e+00  6.312881e+01 3   2.3548  6.398258e-03 -3.098053e-02 -1 -1.0000 -1.000000e+00 -1.000000e+00 -1.000000e+00 -1.000000e+00 -1.000000e+00 -1.000000e+00 -1 -1.0000 -1.000000e+00 -1.000000e+00 -1.000000e+00 -1.000000e+00 -1.000000e+00 -1.000000e+00  0  1.2840  4.287203e+12  0.000000e+00  0.000000e+00  2.557903e-01  1.703356e+02  4.674275e+00  1  1.2840  8.421340e+10  0.000000e+00  0.000000e+00  2.217973e-01  1.548777e+02  7.649156e-02  2  1.2840  2.354801e+00  0.000000e+00  0.000000e+00  7.060440e-02  1.249542e+02  0.000000e+00 
2  2.717443e-01  3.732296e-01  3.601100e+04  7.239742e-01 6  2.707481e-01  4.108516e-01 1  13.0684  1.230096e-01 -1.318367e+00  0  2.0730  2.012716e+12  0.000000e+00  0.000000e+00  2.625173e-01  5.043040e+01  5.306715e+00  1  2.0730  7.336912e+10  0.000000e+00  0.000000e+00  2.298867e-01  4.382608e+01  1.377614e-02  2  2.0730  6.049707e+12  4.587604e+00 -8.976119e+00  2.712401e-01  5.049821e+01  5.378716e+00  3  2.0730  8.608831e+10  4.587604e+00 -8.976119e+00  3.827701e-01  1.006914e+02  5.988903e-02  4  2.0730  1.306843e+01  0.000000e+00  0.000000e+00  1.015789e-01  3.237436e+01  0.000000e+00 
1  8.340132e+00  1.592551e+01  1.678700e+05  2.035058e-02 0  2.760783e-01  1.592551e+01 2   5.5107 -6.413713e-02 -6.101557e-02  0  2.0920  5.583850e+10  0.000000e+00  0.000000e+00  1.461308e-01  9.269635e+01  1.173146e+01  1  2.0920  1.913768e+08  0.000000e+00  0.000000e+00  2.305226e-01  1.468328e+02  2.179315e-02  2  2.0920  2.596070e+11 -1.218762e+00 -1.460180e+00  3.227780e-01 -1.738243e+02  4.499144e+00  3  2.0920  1.455891e+09 -1.218762e+00 -1.460180e+00  1.994775e-01 -1.958520e+02  2.460385e-02  4  2.0920  5.510726e+00  0.000000e+00  0.000000e+00  5.001303e-02 -1.715927e+02  0.000000e+00 
1  8.149964e+00  1.485512e+01  2.525300e+05  1.225144e+00 0  3.018575e-01  1.485512e+01 2   6.0885 -1.298288e-01  3.351271e+00  0  0.5300  2.353197e+12  0.000000e+00  0.000000e+00  4.901898e-01  1.072332e+02  1.460037e+01  1  0.5300  5.296060e+10  0.000000e+00  0.000000e+00  3.955528e-01  9.169840e+01  2.473323e-01  2  0.5300  5.079860e+13  4.580479e+00  2.008735e+01  3.086906e-01 -1.884047e+01  5.578857e+00  3  0.5300  2.051876e+11  4.580479e+00  2.008735e+01  3.362353e-01 -1.214690e+01  5.095286e-01  4  0.5300  6.088497e+00  0.000000e+00  0.000000e+00  1.148158e-01  1.015392e+02  0.000000e+00 
3  4.681996e+01  2.212316e+01  7.225200e+04  5.862636e-01 6 -1.000000e+00  6.642100e+01 1   2.2228 -1.940743e-01 -4.997819e-01 -1 -1.0000 -1.000000e+00 -1.000000e+00 -1.000000e+00 -1.000000e+00 -1.000000e+00 -1.000000e+00 -1 -1.0000 -1.000000e+00 -1.000000e+00 -1.000000e+00 -1.000000e+00 -1.000000e+00 -1.000000e+00  0  0.5820  2.055910e+12  0.000000e+00  0.000000e+00  2.978580e-01  7.412872e+01  7.390035e+00  1  0.5820  5.606538e+10  0.000000e+00  0.000000e+00  2.544720e-01  4.944051e+01  1.217745e-01  2  0.5820  2.222809e+00  0.000000e+00  0.000000e+00  1.072996e-01 -2.613431e+01  0.000000e+00 
3  2.153519e+01  1.023715e+01  2.409750e+05  4.408413e-01 6 -1.000000e+00  2.614022e+01 1   3.6570  4.137202e-01 -1.290257e-01 -1 -1.0000 -1.000000e+00 -1.000000e+00 -1.000000e+00 -1.000000e+00 -1.000000e+00 -1.000000e+00 -1 -1.0000 -1.000000e+00 -1.000000e+00 -1.000000e+00 -1.000000e+00 -1.000000e+00 -1.000000e+00  0  1.0600  1.736264e+12  0.000000e+00  0.000000e+00  2.711115e-01 -2.064976e+00  3.092141e+00  1  1.0600  5.579706e+10  0.000000e+00  0.000000e+00  1.830344e-01  2.577217e+01  3.248644e-02  2  1.0600  3.656954e+00  0.000000e+00  0.000000e+00  7.404945e-02  2.434260e+01  0.000000e+00 
3  1.660387e+00  1.179072e+00  4.008370e+05  4.035032e-01 6  2.868112e-01  2.535949e+00 1  11.8537 -4.958880e-01 -4.232195e-01  0  1.1030  3.229281e+11  0.000000e+00  0.000000e+00  5.292529e-02 -1.163965e+02  2.448811e+01  1  1.1030  7.450663e+09  0.000000e+00  0.000000e+00  3.105626e-01 -5.024263e+01  5.396691e-02  2  1.1030  2.370933e+12 -6.758170e+00 -1.266257e+01  3.554771e-01  1.412392e+02  7.985621e+00  3  1.1030  7.214719e+10 -6.758170e+00 -1.266257e+01  1.455692e-01  1.238168e+02  5.640145e-02  4  1.1030  1.185367e+01  0.000000e+00  0.000000e+00  5.973037e-02 -1.538859e+02  0.000000e+00 
3  2.369003e+01  1.262564e+01  2.769360e+05  8.860095e-01 6  2.731962e-01  3.388428e+01 1   3.6490 -1.815168e+00  1.090324e+00  0  1.4430  4.787684e+12  0.000000e+00  0.000000e+00  2.483486e-01  4.798487e+01  9.197423e+00  1  1.4430  8.320514e+10  0.000000e+00  0.000000e+00  1.638553e-01  3.637646e+01  5.320994e-02  2  1.4430  2.164356e+13 -1.144691e+01  3.373613e+00  2.233672e-01 -1.572506e+02  5.583075e+00  3  1.4430  1.020477e+11 -1.144691e+01  3.373613e+00  4.626155e-01 -1.723470e+02  8.072914e-02  4  1.4430  3.648950e+00  0.000000e+00  0.000000e+00  4.532491e-02  9.644173e+01  0.000000e+00 
1  7.502493e+00  1.371531e+01  8.779300e+04  7.238588e-02 0  2.720819e-01  1.371531e+01 2   8.6006 -2.295695e-01  9.456502e-03  0  2.3410  1.401549e+11  0.000000e+00  0.000000e+00  4.953073e-01 -1.212622e+02  1.161077e+01  1  2.3410  8.774168e+08  0.000000e+00  0.000000e+00  1.354751e-01 -1.752044e+02  4.366435e-02  2  2.3410  3.629433e+11 -2.849503e+00 -6.947475e-01  2.957882e-01 -1.668250e+02  2.725085e+00  3  2.3410  3.017512e+09 -2.849503e+00 -6.947475e-01  2.205196e-01 -1.801405e+02  3.709719e-02  4  2.3410  8.600561e+00  0.000000e+00  0.000000e+00  1.386822e-01  1.535249e+02  0.000000e+00 
3  1.633117e+01  1.397625e+01  2.462290e+05  1.326628e+00 6  2.924643e-01  2.265803e+01 1   3.4438 -1.594952e+00 -4.979478e-01  0  0.3920  2.236316e+12  0.000000e+00  0.000000e+00  2.674158e-01  8.210622e+01  2.097265e+01  1  0.3920  6.140426e+10  0.000000e+00  0.000000e+00  2.192688e-01  8.197547e+01  1.087717e-01  2  0.3920  1.251198e+13 -4.962917e+01  1.204539e+01  3.869807e-01  6.792882e+01  6.991424e+00  3  0.3920  1.675156e+11 -4.962917e+01  1.204539e+01  1.584389e-01  1.058646e+02  6.087195e-01  4  0.3920  3.443835e+00  0.000000e+00  0.000000e+00  1.945082e-02 -1.482176e+02  0.000000e+00 
3  9.519685e+00  1.292986e+01  3.099840e+05  9.403154e-01 6 -1.000000e+00  1.831098e+01 3   3.6704 -1.255719e-01  5.442283e-03 -1 -1.0000 -1.000000e+00 -1.000000e+00 -1.000000e+00 -1.000000e+00 -1.000000e+00 -1.000000e+00 -1 -1.0000 -1.000000e+00 -1.000000e+00 -1.000000e+00 -1.000000e+00 -1.000000e+00 -1.000000e+00  0  0.4180  1.830271e+12  0.000000e+00  0.000000e+00  2.794065e-01 -1.097100e+00  9.918442e+00  1  0.4180  8.104826e+10  0.000000e+00  0.000000e+00  4.343297e-01  6.756316e+01  2.135775e-01  2  0.4180  3.670428e+00  0.000000e+00  0.000000e+00  5.162748e-02 -1.170933e+02  0.000000e+00 
3  4.780674e+01  4.161856e+01  3.829080e+05  3.574050e-01 6 -1.000000e+00  8.658512e+01 3   2.3449  9.504264e-02  1.675124e-01 -1 -1.0000 -1.000000e+00 -1.000000e+00 -1.000000e+00 -1.000000e+00 -1.000000e+00 -1.000000e+00 -1 -1.0000 -1.000000e+00 -1.000000e+00 -1.000000e+00 -1.000000e+00 -1.000000e+00 -1.000000e+00  0  0.4920  1.270084e+12  0.000000e+00  0.000000e+00  1.170126e-01 -3.668866e+01  4.274342e+00  1  0.4920  4.192060e+10  0.000000e+00  0.000000e+00  2.256338e-01 -2.339824e+01  2.325492e-01  2  0.4920  2.344926e+00  0.000000e+00  0.000000e+00  2.700200e-04  1.476352e+02  0.000000e+00 
1  1.902234e+01  4.102367e+01  3.180040e+05  5.346831e+00 0 -1.000000e+00  4.102367e+01 2   2.6780  3.692232e+00 -4.419239e+00 -1 -1.0000 -1.000000e+00 -1.000000e+00 -1.000000e+00 -1.000000e+00 -1.000000e+00 -1.000000e+00 -1 -1.0000 -1.000000e+00 -1.000000e+00 -1.000000e+00 -1.000000e+00 -1.000000e+00 -1.000000e+00  0  0.5570  2.552260e+14  0.000000e+00  0.000000e+00  4.265045e-01  4.078016e+01  4.561762e+00  1  0.5570  6.531373e+11  0.000000e+00  0.000000e+00  1.893249e-01  8.521656e+01  8.557606e-01  2  0.5570  2.677973e+00  0.000000e+00  0.000000e+00  9.453473e-02 -5.110262e+01  0.000000e+00 
3  7.646769e+00  5.596571e+00  8.526500e+04  2.873697e-01 6 -1.000000e+00  1.016471e+01 1   2.6174  5.418118e-02 -1.943821e-01 -1 -1.0000 -1.000000e+00 -1.000000e+00 -1.000000e+00 -1.000000e+00 -1.000000e+00 -1.000000e+00 -1 -1.0000 -1.000000e+00 -1.000000e+00 -1.000000e+00 -1.000000e+00 -1.000000e+00 -1.000000e+00  0  0.8500  5.272065e+11  0.000000e+00  0.000000e+00  2.161876e-01  1.504531e+02  1.161009e+01  1  0.8500  1.385054e+10  0.000000e+00  0.000000e+00  3.612797e-01  1.033114e+02  8.083649e-02  2  0.8500  2.617366e+00  0.000000e+00  0.000000e+00  1.012208e-01  1.155782e+02  0.000000e+00 
1  1.629439e+01  3.170439e+01  3.790650e+05  1.059987e-01 0 -1.000000e+00  3.170439e+01 2   5.1837 -1.084235e-01  7.595027e-02 -1 -1.0000 -1.000000e+00 -1.000000e+00 -1.000000e+00 -1.000000e+00 -1.000000e+00 -1.000000e+00 -1 -1.0000 -1.000000e+00 -1.000000e+00 -1.000000e+00 -1.000000e+00 -1.000000e+00 -1.000000e+00  0  0.9160  4.577742e+11  0.000000e+00  0.000000e+00  3.264010e-01  3.779358e+01  6.348500e+00  1  0.9160  7.827194e+09  0.000000e+00  0.000000e+00  2.123945e-01  2.954628e+01  1.723927e-01  2  0.9160  5.183706e+00  0.000000e+00  0.000000e+00  1.174566e-01  7.485385e+01  0.000000e+00 
1  1.010666e+01  2.051489e+01  1.285320e+05  2.355105e-01 0  2.941152e-01  2.051489e+01 2   4.8979  5.550554e-01 -4.212864e-01  0  0.9320  1.918201e+11  0.000000e+00  0.000000e+00  1.814821e-01  3.319615e+01  2.615088e+01  1  0.9320  2.984970e+09  0.000000e+00  0.000000e+00  4.813536e-01  3.376263e+01  4.922539e-02  2  0.9320  2.146283e+12  3.125792e+00 -2.407169e+00  7.456384e-02  1.227922e+02  5.240071e+00  3  0.9320  6.192512e+10  3.125792e+00 -2.407169e+00  4.682870e-01  1.640236e+02  7.538168e-02  4  0.9320  4.897897e+00  0.000000e+00  0.000000e+00  2.995774e-02  3.842499e+01  0.000000e+00 
1  1.725696e+01  3.251885e+01  3.214610e+05  1.480461e-01 0 -1.000000e+00  3.251885e+01 2   4.6499 -3.876355e-02 -1.338700e-01 -1 -1.0000 -1.000000e+00 -1.000000e+00 -1.000000e+00 -1.000000e+00 -1.000000e+00 -1.000000e+00 -1 -1.0000 -1.000000e+00 -1.000000e+00 -1.000000e+00 -1.000000e+00 -1.000000e+00 -1.000000e+00  0  1.5110  8.231632e+11  0.000000e+00  0.000000e+00  3.036745e-01  7.540697e+01  5.016592e+00  1  1.5110  1.453302e+10  0.000000e+00  0.000000e+00  3.688573e-01  3.473263e+00  1.085872e-01  2  1.5110  4.649850e+00  0.000000e+00  0.000000e+00  1.565998e-01 -2.975179e+01  0.000000e+00 
3  1.092251e+01  4.796532e+00  1.791120e+05  6.680853e-01 6 -1.000000e+00  1.932918e+01 2   4.5150  3.063094e-01 -4.104512e-01 -1 -1.0000 -1.000000e+00 -1.000000e+00 -1.000000e+00 -1.000000e+00 -1.000000e+00 -1.000000e+00 -1 -1.0000 -1.000000e+00 -1.000000e+00 -1.000000e+00 -1.000000e+00 -1.000000e+00 -1.000000e+00  0  1.7420  4.525641e+12  0.000000e+00  0.000000e+00  4.279082e-01 -1.378392e+02  5.442658e+00  1  1.7420  8.813625e+10  0.000000e+00  0.000000e+00  5.227436e-01 -1.219246e+02  2.930501e-02  2  1.7420  4.515027e+00  0.000000e+00  0.000000e+00  6.116528e-02 -4.541129e+01  0.000000e+00 
3  1.948304e+01  1.536599e+01  2.578140e+05  7.859745e-01 6 -1.000000e+00  2.430704e+01 1   3.6078  1.106976e-01  6.348583e-01 -1 -1.0000 -1.000000e+00 -1.000000e+00 -1.000000e+00 -1.000000e+00 -1.000000e+00 -1.000000e+00 -1 -1.0000 -1.000000e+00 -1.000000e+00 -1.000000e+00 -1.000000e+00 -1.000000e+00 -1.000000e+00  0  0.2910  2.311254e+12  0.000000e+00  0.000000e+00  3.628769e-01  8.081059e+01  7.837227e+00  1  0.2910  7.133676e+10  0.000000e+00  0.000000e+00  1.214636e-01  4.932130e+01  3.584653e-01  2  0.2910  3.607786e+00  0.000000e+00  0.000000e+00  9.927290e-02 -7.727012e+01  0.000000e+00 
1  1.848672e+01  3.710707e+01  3.602260e+05  1.922285e+00 0  2.870001e-01  3.710707e+01 2   4.0961  2.130631e+00 -5.750881e+00  0  0.3920  6.446105e+12  0.000000e+00  0.000000e+00  3.891451e-01  1.560887e+01  1.929428e+01  1  0.3920  8.762259e+10  0.000000e+00  0.000000e+00  5.026658e-01  2.413734e+01  3.002227e-01  2  0.3920  2.619362e+13  9.835994e+00 -1.805578e+01  2.204024e-01 -1.139133e+02  4.768614e+00  3  0.3920  1.813644e+11  9.835994e+00 -1.805578e+01  2.952937e-01 -1.599140e+02  3.525110e-01  4  0.3920  4.096073e+00  0.000000e+00  0.000000e+00  1.208773e-01 -1.757308e+02  0.000000e+00 
3  1.316500e+01  6.432676e+00  3.300090e+05  8.090648e-01 6 -1.000000e+00  1.864580e+01 1   4.8389 -1.999137e-01  6.579574e-01 -1 -1.0000 -1.000000e+00 -1.000000e+00 -1.000000e+00 -1.000000e+00 -1.000000e+00 -1.000000e+00 -1 -1.0000 -1.000000e+00 -1.000000e+00 -1.000000e+00 -1.000000e+00 -1.000000e+00 -1.000000e+00  0  0.4800  3.086654e+12  0.000000e+00  0.000000e+00  7.747875e-02 -5.814509e+01  6.375517e+00  1  0.4800  5.919284e+10  0.000000e+00  0.000000e+00  5.907866e-01 -6.381618e+01  1.095153e-01  2  0.4800  4.838939e+00  0.000000e+00  0.000000e+00  7.436685e-02  3.114842e+01  0.000000e+00 
3  1.937380e+01  1.069621e+01  2.238930e+05  1.597959e+00 6  2.821474e-01  3.229052e+01 1   4.7517 -2.078359e+00  4.683036e-02  0  0.5220  2.760940e+12  0.000000e+00  0.000000e+00  1.793780e-01 -1.722451e+02  2.384605e+01  1  0.5220  7.857107e+10  0.000000e+00  0.000000e+00  3.729810e-02 -1.332841e+02  1.404878e-01  2  0.5220  6.794601e+12 -8.146873e+00  2.296569e+00  1.631365e-01  1.143193e+02  4.756095e+00  3  0.5220  1.168909e+11 -8.146873e+00  2.296569e+00  5.060377e-01  3.498916e+01  2.491517e-01  4  0.5220  4.751744e+00  0.000000e+00  0.000000e+00  2.343450e-01 -4.528468e+01  0.000000e+00 
2  3.793316e+00  3.407251e+00  3.880350e+05  1.817551e+00 6  2.895011e-01  7.085386e+00 3   8.4301  1.841098e-01 -1.660133e+00  0  0.6130  2.629891e+12  0.000000e+00  0.000000e+00  1.928454e-01  1.443215e+02  2.264538e+01  1  0.6130  7.920236e+10  0.000000e+00  0.000000e+00  2.639606e-01  1.071460e+02  3.850920e-02  2  0.6130  1.757079e+13  5.102693e-01 -1.272869e+01  4.809166e-01  1.324247e-01  7.026335e+00  3  0.6130  1.599285e+11  5.102693e-01 -1.272869e+01  6.800539e-02  4.704193e+01  4.771006e-01  4  0.6130  8.430066e+00  0.000000e+00  0.000000e+00  1.203488e-01  2.873246e+01  0.000000e+00 
3  4.161940e+00  3.624788e+00  2.197300e+04  4.455116e-01 6 -1.000000e+00  7.429810e+00 3  13.0295  5.062167e-02 -2.096998e-01 -1 -1.0000 -1.000000e+00 -1.000000e+00 -1.000000e+00 -1.000000e+00 -1.000000e+00 -1.000000e+00 -1 -1.0000 -1.000000e+00 -1.000000e+00 -1.000000e+00 -1.000000e+00 -1.000000e+00 -1.000000e+00  0  0.6320  8.195642e+11  0.000000e+00  0.000000e+00  2.991534e-01 -8.861098e+01  1.096089e+01  1  0.6320  2.621666e+10  0.000000e+00  0.000000e+00  4.090711e-01 -4.161515e+01  1.515007e-01  2  0.6320  1.302952e+01  0.000000e+00  0.000000e+00  2.007497e-01 -1.946251e+00  0.000000e+00 
3  4.076555e+00  2.967969e+00  1.242520e+05  1.213008e+00 6  2.938414e-01  4.731315e+00 1   8.4831 -6.709644e-01 -1.919920e-01  0  0.7080  7.301527e+11  0.000000e+00  0.000000e+00  3.958653e-01 -8.686937e+01  3.739023e+01  1  0.7080  5.689180e+10  0.000000e+00  0.000000e+00  2.885950e-01 -9.981897e+01  4.405003e-02  2  0.7080  6.899628e+12 -2.722213e+01  1.845284e+01  1.349787e-01 -2.336470e+01  4.637844e+00  3  0.7080  8.499053e+10 -2.722213e+01  1.845284e+01  3.602055e-01 -5.504547e+01  1.897094e-01  4  0.7080  8.483124e+00  0.000000e+00  0.000000e+00  1.557070e-01 -4.008437e+01  0.000000e+00 
3  1.042725e+01  9.436266e+00  3.502130e+05  2.064001e+00 6  2.812851e-01  1.900349e+01 3   5.0844  1.805861e-01 -1.229510e+00  0  0.7160  5.693777e+12  0.000000e+00  0.000000e+00  3.607061e-01 -4.066400e+01  2.329854e+01  1  0.7160  6.345524e+10  0.000000e+00  0.000000e+00  1.506754e-01 -7.147407e+01  8.649554e-02  2  0.7160  2.175127e+13 -6.277317e-01 -3.771703e+01  2.152578e-01  8.541483e+00  5.561472e+00  3  0.7160  1.880336e+11 -6.277317e-01 -3.771703e+01  2.168311e-01  3.804354e+01  2.419617e-01  4  0.7160  5.084352e+00  0.000000e+00  0.000000e+00  8.053334e-02  5.820656e+01  0.000000e+00 
3  5.142134e+01  7.413951e+01  1.030330e+05  2.574647e-01 6 -1.000000e+00  1.168655e+02 3   1.5559 -2.541642e-02 -4.146639e-02 -1 -1.0000 -1.000000e+00 -1.000000e+00 -1.000000e+00 -1.000000e+00 -1.000000e+00 -1.000000e+00 -1 -1.0000 -1.000000e+00 -1.000000e+00 -1.000000e+00 -1.000000e+00 -1.000000e+00 -1.000000e+00  0  1.1750  2.053161e+12  0.000000e+00  0.000000e+00  1.228400e-02  5.099481e+01  5.840847e+00  1  1.1750  4.956988e+10  0.000000e+00  0.000000e+00  1.473672e-01  7.259235e+01  3.112436e-02  2  1.1750  1.555890e+00  0.000000e+00  0.000000e+00  3.904451e-02 -3.735985e+01  0.000000e+00 
3  3.003199e+00  1.407271e+00  1.338590e+05  2.072912e+00 6 -1.000000e+00  4.318410e+00 1  13.1396 -9.117733e-01  9.735507e-01 -1 -1.0000 -1.000000e+00 -1.000000e+00 -1.000000e+00 -1.000000e+00 -1.000000e+00 -1.000000e+00 -1 -1.0000 -1.000000e+00 -1.000000e+00 -1.000000e+00 -1.000000e+00 -1.000000e+00 -1.000000e+00  0  1.3630  2.453233e+13  0.000000e+00  0.000000e+00  2.448980e-01  9.978008e+00  5.495070e+00  1  1.3630  1.491535e+11  0.000000e+00  0.000000e+00  2.866561e-01  3.198576e+01  1.446536e-01  2  1.3630  1.313960e+01  0.000000e+00  0.000000e+00  2.485294e-01 -3.153605e+01  0.000000e+00 
3  2.625398e+01  1.005384e+01  1.636130e+05  8.454766e-01 6 -1.000000e+00  4.607537e+01 2   3.5610  6.512273e-01 -1.689581e-01 -1 -1.0000 -1.000000e+00 -1.000000e+00 -1.000000e+00 -1.000000e+00 -1.000000e+00 -1.000000e+00 -1 -1.0000 -1.000000e+00 -1.000000e+00 -1.000000e+00 -1.000000e+00 -1.000000e+00 -1.000000e+00  0  1.6530  1.163373e+13  0.000000e+00  0.000000e+00  3.124569e-01 -1.340317e+02  7.182821e+00  1  1.6530  9.184652e+10  0.000000e+00  0.000000e+00  4.781012e-01 -1.445281e+02  6.152427e-02  2  1.6530  3.560953e+00  0.000000e+00  0.000000e+00  1.440945e-02  1.533684e+02  0.000000e+00 
3  7.370067e+00  3.746330e+00  1.461070e+05  2.539538e-01 6 -1.000000e+00  1.011987e+01 1   6.6362  1.272101e-01  2.190950e-01 -1 -1.0000 -1.000000e+00 -1.000000e+00 -1.000000e+00 -1.000000e+00 -1.000000e+00 -1.000000e+00 -1 -1.0000 -1.000000e+00 -1.000000e+00 -1.000000e+00 -1.000000e+00 -1.000000e+00 -1.000000e+00  0  1.9110  1.106463e+12  0.000000e+00  0.000000e+00  2.480636e-01 -9.049701e+01  5.296714e+00  1  1.9110  1.779055e+10  0.000000e+00  0.000000e+00  3.532920e-01 -1.618817e+02  1.575916e-02  2  1.9110  6.636186e+00  0.000000e+00  0.000000e+00  3.681106e-02  7.451138e+01  0.000000e+00 
1  6.479577e+00  1.235466e+01  1.478900e+04  3.270357e-02 0  2.786924e-01  1.235466e+01 2   9.2747  4.697648e-02  1.551153e-01  0  2.1730  5.004084e+10  0.000000e+00  0.000000e+00  2.128640e-01  1.559300e+02  1.517462e+01  1  2.1730  1.758787e+08  0.000000e+00  0.000000e+00  3.141130e-01  1.635858e+02  6.072922e-02  2  2.1730  5.009049e+11  3.398544e-01  1.791947e+00  1.661301e-01 -1.210241e+02  3.342041e+00  3  2.1730  6.136214e+09  3.398544e-01  1.791947e+00  5.617607e-01 -1.598997e+02  1.938694e-02  4  2.1730  9.274719e+00  0.000000e+00  0.000000e+00  7.156626e-02  9.677833e+01  0.000000e+00 
3  2.129054e+00  1.004342e+00  1.307450e+05  1.192667e+00 6 -1.000000e+00  2.646038e+00 1  13.3322  1.111826e+00 -5.993231e-01 -1 -1.0000 -1.000000e+00 -1.000000e+00 -1.000000e+00 -1.000000e+00 -1.000000e+00 -1.000000e+00 -1 -1.0000 -1.000000e+00 -1.000000e+00 -1.000000e+00 -1.000000e+00 -1.000000e+00 -1.000000e+00  0  0.2410  4.067153e+12  0.000000e+00  0.000000e+00  8.497776e-02  7.828008e+01  7.774656e+00  1  0.2410  1.048302e+11  0.000000e+00  0.000000e+00  1.723937e-01  1.212039e+02  3.536987e-01  2  0.2410  1.333216e+01  0.000000e+00  0.000000e+00  9.896688e-02 -2.545006e+01  0.000000e+00 
3  1.208542e+00  1.050583e+00  4.741400e+04  2.106792e+00 6  2.932987e-01  1.851546e+00 1  12.9543  2.203546e+00  3.675205e+00  0  0.4940  4.905936e+12  0.000000e+00  0.000000e+00  9.153735e-02  1.447874e+02  1.992085e+01  1  0.4940  9.720911e+10  0.000000e+00  0.000000e+00  3.733643e-01  1.075110e+02  2.014598e-01  2  0.4940  4.919985e+13  4.489093e+01  3.171932e+01  4.844958e-01 -1.185058e+02  3.372694e+00  3  0.4940  2.580611e+11  4.489093e+01  3.171932e+01  1.977795e-01 -1.213681e+02  3.670929e-01  4  0.4940  1.295433e+01  0.000000e+00  0.000000e+00  1.470615e-01 -1.627412e+02  0.000000e+00 
3  1.110494e+01  1.410882e+01  1.624750e+05  3.683826e-01 6  3.032077e-01  1.494984e+01 1   7.0588 -8.008920e-01 -8.334187e-01  0  0.5900  4.584587e+11  0.000000e+00  0.000000e+00  2.831010e-01 -4.907122e+01  1.671645e+01  1  0.5900  2.005489e+10  0.000000e+00  0.000000e+00  6.669096e-01 -4.498950e+01  1.073656e-01  2  0.5900  7.749216e+12 -2.391098e+01 -3.257819e+01  3.768127e-01 -9.978065e+01  7.408230e+00  3  0.5900  1.206869e+11 -2.391098e+01 -3.257819e+01  3.927000e-01 -5.523033e+01  4.545678e-01  4  0.5900  7.058841e+00  0.000000e+00  0.000000e+00  1.331183e-01 -1.763553e+02  0.000000e+00 
3  7.707923e+00  3.502039e+00  2.330840e+05  5.818528e-01 6 -1.000000e+00  9.370763e+00 1   6.7793 -6.473119e-01 -2.386230e-01 -1 -1.0000 -1.000000e+00 -1.000000e+00 -1.000000e+00 -1.000000e+00 -1.000000e+00 -1.000000e+00 -1 -1.0000 -1.000000e+00 -1.000000e+00 -1.000000e+00 -1.000000e+00 -1.000000e+00 -1.000000e+00  0  0.6190  1.739908e+12  0.000000e+00  0.000000e+00  1.154911e-01  4.953606e+01  7.237949e+00  1  0.6190  5.151602e+10  0.000000e+00  0.000000e+00  3.006193e-01  3.257506e+01  1.094379e-01  2  0.6190  6.779303e+00  0.000000e+00  0.000000e+00  1.722624e-01 -1.515953e+02  0.000000e+00 
3  5.129383e+00  3.816699e+00  2.128060e+05  1.037375e+00 6  2.854354e-01  1.283088e+01 2  10.7400 -1.846329e-01  1.010455e-01  0  0.6800  6.251358e+11  0.000000e+00  0.000000e+00  3.013054e-01 -9.877656e+01  4.330210e+01  1  0.6800  2.533001e+10  0.000000e+00  0.000000e+00  3.314682e-01 -6.673816e+01  6.363966e-02  2  0.6800  2.083134e+12  2.774769e+00  2.362274e+01  1.122380e-01  1.725975e+02  3.611251e+00  3  0.6800  9.109788e+10  2.774769e+00  2.362274e+01  3.866141e-01  2.283594e+02  1.684522e-01  4  0.6800  1.073996e+01  0.000000e+00  0.000000e+00  2.079636e-01 -2.756175e+01  0.000000e+00 
3  1.264980e+01  1.221025e+01  1.341540e+05  2.305289e-01 6 -1.000000e+00  2.073680e+01 1   4.8352  3.703679e-02 -7.904674e-02 -1 -1.0000 -1.000000e+00 -1.000000e+00 -1.000000e+00 -1.000000e+00 -1.000000e+00 -1.000000e+00 -1 -1.0000 -1.000000e+00 -1.000000e+00 -1.000000e+00 -1.000000e+00 -1.000000e+00 -1.000000e+00  0  0.7650  4.532641e+11  0.000000e+00  0.000000e+00  2.644195e-01  6.676930e+01  6.825598e+00  1  0.7650  1.314830e+10  0.000000e+00  0.000000e+00  2.968927e-01  7.268037e+01  1.435457e-01  2  0.7650  4.835217e+00  0.000000e+00  0.000000e+00  9.350358e-02  4.033350e+01  0.000000e+00 
1  4.127456e+00  7.349899e+00  1.483630e+05  3.479651e-02 0 -1.000000e+00  7.349899e+00 2   7.0739 -3.060470e-02 -1.022402e-02 -1 -1.0000 -1.000000e+00 -1.000000e+00 -1.000000e+00 -1.000000e+00 -1.000000e+00 -1.000000e+00 -1 -1.0000 -1.000000e+00 -1.000000e+00 -1.000000e+00 -1.000000e+00 -1.000000e+00 -1.000000e+00  0  0.8330  1.672901e+11  0.000000e+00  0.000000e+00  2.437541e-01  3.958228e+01  9.804248e+00  1  0.8330  9.669903e+08  0.000000e+00  0.000000e+00  1.788298e-01  2.770740e+01  1.004296e-01  2  0.8330  7.073883e+00  0.000000e+00  0.000000e+00  3.839348e-02  1.358631e+02  0.000000e+00 
3  7.131750e+00  6.338939e+00  2.045040e+05  1.829468e-01 6 -1.000000e+00  1.038958e+01 1   4.8718 -1.309893e-01  1.585430e-02 -1 -1.0000 -1.000000e+00 -1.000000e+00 -1.000000e+00 -1.000000e+00 -1.000000e+00 -1.000000e+00 -1 -1.0000 -1.000000e+00 -1.000000e+00 -1.000000e+00 -1.000000e+00 -1.000000e+00 -1.000000e+00  0  1.1280  5.932355e+11  0.000000e+00  0.000000e+00  1.960637e-01 -4.435344e+00  4.804975e+00  1  1.1280  1.453819e+10  0.000000e+00  0.000000e+00  3.407359e-01 -5.496925e+00  6.533485e-02  2  1.1280  4.871764e+00  0.000000e+00  0.000000e+00  5.554262e-02 -1.153711e+02  0.000000e+00 
3  2.913237e+00  4.090353e+00  3.780580e+05  3.804600e-01 6 -1.000000e+00  4.403543e+00 1   7.0323  7.414423e-02 -1.392700e-01 -1 -1.0000 -1.000000e+00 -1.000000e+00 -1.000000e+00 -1.000000e+00 -1.000000e+00 -1.000000e+00 -1 -1.0000 -1.000000e+00 -1.000000e+00 -1.000000e+00 -1.000000e+00 -1.000000e+00 -1.000000e+00  0  1.5500  1.317494e+12  0.000000e+00  0.000000e+00  1.107057e-01 -8.297474e+01  4.538537e+00  1  1.5500  4.132363e+10  0.000000e+00  0.000000e+00  2.418598e-01 -1.236716e+02  1.389016e-01  2  1.5500  7.032339e+00  0.000000e+00  0.000000e+00  1.069819e-01  1.295188e+02  0.000000e+00 
2  5.070076e+00  8.066228e-01  3.251570e+05  8.767247e-01 6 -1.000000e+00  8.798823e+00 2   8.2401  9.070637e-01 -7.130073e-01 -1 -1.0000 -1.000000e+00 -1.000000e+00 -1.000000e+00 -1.000000e+00 -1.000000e+00 -1.000000e+00 -1 -1.0000 -1.000000e+00 -1.000000e+00 -1.000000e+00 -1.000000e+00 -1.000000e+00 -1.000000e+00  0  1.7060  6.700665e+12  0.000000e+00  0.000000e+00  3.458085e-01 -1.393050e+02  5.395142e+00  1  1.7060  7.806996e+10  0.000000e+00  0.000000e+00  2.132555e-01 -1.442322e+02  2.313577e-02  2  1.7060  8.240128e+00  0.000000e+00  0.000000e+00  3.466397e-02 -1.362853e+02  0.000000e+00 
1  6.667148e+00  1.289146e+01  3.204510e+05  1.553088e+00 0 -1.000000e+00  1.289146e+01 2   5.5128 -1.400871e+00  1.441151e-01 -1 -1.0000 -1.000000e+00 -1.000000e+00 -1.000000e+00 -1.000000e+00 -1.000000e+00 -1.000000e+00 -1 -1.0000 -1.000000e+00 -1.000000e+00 -1.000000e+00 -1.000000e+00 -1.000000e+00 -1.000000e+00  0  1.7490  5.341440e+13  0.000000e+00  0.000000e+00  3.289724e-01 -1.363586e+02  2.828897e+00  1  1.7490  1.619971e+11  0.000000e+00  0.000000e+00  2.363555e-01 -8.052271e+01  1.081662e-01  2  1.7490  5.512828e+00  0.000000e+00  0.000000e+00  1.666459e-01  1.287712e+02  0.000000e+00 
3  1.666739e+01  1.468654e+01  1.487440e+05  4.495984e-01 6 -1.000000e+00  2.980939e+01 3   4.2792 -1.590472e-01 -5.917253e-02 -1 -1.0000 -1.000000e+00 -1.000000e+00 -1.000000e+00 -1.000000e+00 -1.000000e+00 -1.000000e+00 -1 -1.0000 -1.000000e+00 -1.000000e+00 -1.000000e+00 -1.000000e+00 -1.000000e+00 -1.000000e+00  0  1.9940  2.559691e+12  0.000000e+00  0.000000e+00  2.394167e-01  6.971960e+01  4.897912e+00  1  1.9940  4.931845e+10  0.000000e+00  0.000000e+00  4.968672e-01  6.590576e+01  3.612879e-02  2  1.9940  4.279176e+00  0.000000e+00  0.000000e+00  1.742842e-01 -3.372009e+01  0.000000e+00 
3  2.348634e+01  1.252951e+01  2.594430e+05  8.053745e-01 6 -1.000000e+00  3.224662e+01 1   6.0056 -3.989286e-01  5.025901e-01 -1 -1.0000 -1.000000e+00 -1.000000e+00 -1.000000e+00 -1.000000e+00 -1.000000e+00 -1.000000e+00 -1 -1.0000 -1.000000e+00 -1.000000e+00 -1.000000e+00 -1.000000e+00 -1.000000e+00 -1.000000e+00  0  0.4910  1.797664e+12  0.000000e+00  0.000000e+00  1.944597e-01  6.307631e+01  8.419763e+00  1  0.4910  6.786710e+10  0.000000e+00  0.000000e+00  1.848154e-01  1.066990e+02  1.870551e-01  2  0.4910  6.005590e+00  0.000000e+00  0.000000e+00  4.178556e-02 -8.092362e+01  0.000000e+00 
3  3.002948e+00  1.379355e+00  1.545260e+05  6.031819e-01 6 -1.000000e+00  3.459796e+00 1  16.7775  5.863718e-01 -3.036694e-01 -1 -1.0000 -1.000000e+00 -1.000000e+00 -1.000000e+00 -1.000000e+00 -1.000000e+00 -1.000000e+00 -1 -1.0000 -1.000000e+00 -1.000000e+00 -1.000000e+00 -1.000000e+00 -1.000000e+00 -1.000000e+00  0  0.6380  1.256895e+12  0.000000e+00  0.000000e+00  5.119283e-01 -6.084070e+01  6.069077e+00  1  0.6380  5.434690e+10  0.000000e+00  0.000000e+00  2.927751e-01 -4.788118e+01  1.363496e-01  2  0.6380  1.677751e+01  0.000000e+00  0.000000e+00  1.431763e-01 -3.827703e+01  0.000000e+00 
2  1.169022e+01  2.555021e+00  3.983240e+05  4.504982e+00 6  2.741998e-01  2.574583e+01 2   7.6585 -4.909347e+00 -7.076455e+00  0  0.7370  5.416845e+13  0.000000e+00  0.000000e+00  4.289697e-01  1.493031e+02  6.857634e+00  1  0.7370  1.256172e+11  0.000000e+00  0.000000e+00  5.674784e-01  1.750117e+02  8.660281e-02  2  0.7370  1.744026e+14 -8.343566e+00 -3.386039e+01  5.458121e-01  2.094273e+01  5.414445e+00  3  0.7370  4.046903e+11 -8.343566e+00 -3.386039e+01  2.605490e-01  5.479831e+01  3.268644e-01  4  0.7370  7.658489e+00  0.000000e+00  0.000000e+00  8.224251e-02  5.492178e+01  0.000000e+00 
3  1.404760e+01  5.766631e+00  2.456200e+05  6.652439e-01 6 -1.000000e+00  1.774731e+01 1   4.5143 -2.790215e-01 -4.902068e-01 -1 -1.0000 -1.000000e+00 -1.000000e+00 -1.000000e+00 -1.000000e+00 -1.000000e+00 -1.000000e+00 -1 -1.0000 -1.000000e+00 -1.000000e+00 -1.000000e+00 -1.000000e+00 -1.000000e+00 -1.000000e+00  0  0.8030  1.205897e+12  0.000000e+00  0.000000e+00  1.619047e-01  3.803794e+01  6.151214e+00  1  0.8030  5.521361e+10  0.000000e+00  0.000000e+00  4.879072e-01  1.063667e+02  9.827234e-02  2  0.8030  4.514259e+00  0.000000e+00  0.000000e+00  1.387116e-01 -1.678319e+02  0.000000e+00 
3  4.272191e+00  2.325821e+00  3.455400e+04  3.174888e-01 6  2.902416e-01  7.009951e+00 1   2.9662 -6.660875e-01 -4.233527e-01  0  0.8420  4.685441e+11  0.000000e+00  0.000000e+00  3.174110e-01 -2.832670e+01  1.741841e+01  1  0.8420  1.497669e+10  0.000000e+00  0.000000e+00  3.038897e-01  3.249020e+01  6.456208e-02  2  0.8420  3.035732e+12 -9.795518e+00 -4.062518e+00  1.977788e-01 -1.163056e+02  3.905466e+00  3  0.8420  6.265593e+10 -9.795518e+00 -4.062518e+00  3.765719e-01 -1.098112e+02  2.649601e-01  4  0.8420  2.966186e+00  0.000000e+00  0.000000e+00  6.943446e-02 -4.411763e+00  0.000000e+00 
5  2.028331e+01  3.288698e+01  1.320730e+05  4.256397e-01 6 -1.000000e+00  4.094346e+01 3   5.5062  9.659861e-02 -6.975280e-02 -1 -1.0000 -1.000000e+00 -1.000000e+00 -1.000000e+00 -1.000000e+00 -1.000000e+00 -1.000000e+00 -1 -1.0000 -1.000000e+00 -1.000000e+00 -1.000000e+00 -1.000000e+00 -1.000000e+00 -1.000000e+00  0  1.0790  1.916498e+12  0.000000e+00  0.000000e+00  1.051357e-01  5.918985e+00  3.328466e+00  1  1.0790  5.450315e+10  0.000000e+00  0.000000e+00  2.264901e-01  7.081762e+00  8.146256e-02  2  1.0790  5.506170e+00  0.000000e+00  0.000000e+00  2.023988e-01 -1.303876e+02  0.000000e+00 
3  1.760130e+01  7.467467e+00  2.052560e+05  8.135748e-01 6 -1.000000e+00  3.828756e+01 2   4.5328 -7.350568e-01  1.143234e-01 -1 -1.0000 -1.000000e+00 -1.000000e+00 -1.000000e+00 -1.000000e+00 -1.000000e+00 -1.000000e+00 -1 -1.0000 -1.000000e+00 -1.000000e+00 -1.000000e+00 -1.000000e+00 -1.000000e+00 -1.000000e+00  0  1.1160  1.060184e+13  0.000000e+00  0.000000e+00  2.768740e-01  3.610638e+01  4.969420e+00  1  1.1160  1.089465e+11  0.000000e+00  0.000000e+00  3.895398e-01  1.465937e+01  4.947285e-02  2  1.1160  4.532806e+00  0.000000e+00  0.000000e+00  1.890999e-01  8.526444e+01  0.000000e+00 
3  1.339156e+00  1.076790e+00  2.095500e+04  2.861397e-01 6 -1.000000e+00  2.341332e+00 3   7.8804  2.003615e-01  9.381477e-02 -1 -1.0000 -1.000000e+00 -1.000000e+00 -1.000000e+00 -1.000000e+00 -1.000000e+00 -1.000000e+00 -1 -1.0000 -1.000000e+00 -1.000000e+00 -1.000000e+00 -1.000000e+00 -1.000000e+00 -1.000000e+00  0  1.3210  1.540235e+12  0.000000e+00  0.000000e+00  1.387015e-01  1.306002e+02  4.998515e+00  1  1.3210  3.474467e+10  0.000000e+00  0.000000e+00  6.760416e-01  1.540896e+02  6.292187e-02  2  1.3210  7.880440e+00  0.000000e+00  0.000000e+00  7.386272e-02  7.511888e+01  0.000000e+00 
2  4.150024e+00  2.446791e+00  2.363920e+05  7.389022e-01 6 -1.000000e+00  6.770128e+00 1  15.0500 -1.695887e-01  3.723119e-01 -1 -1.0000 -1.000000e+00 -1.000000e+00 -1.000000e+00 -1.000000e+00 -1.000000e+00 -1.000000e+00 -1 -1.0000 -1.000000e+00 -1.000000e+00 -1.000000e+00 -1.000000e+00 -1.000000e+00 -1.000000e+00  0  1.7240  9.663974e+12  0.000000e+00  0.000000e+00  3.985085e-01 -3.175921e+01  2.994353e+00  1  1.7240  9.756966e+10  0.000000e+00  0.000000e+00  4.338230e-01  1.661880e+01  2.375420e-02  2  1.7240  1.505000e+01  0.000000e+00  0.000000e+00  2.716804e-01 -1.643694e+02  0.000000e+00 
3  7.898777e+00  3.421717e+00  2.931500e+04  2.349661e-01 6 -1.000000e+00  1.018391e+01 1   8.7381  1.653015e-01 -7.974450e-02 -1 -1.0000 -1.000000e+00 -1.000000e+00 -1.000000e+00 -1.000000e+00 -1.000000e+00 -1.000000e+00 -1 -1.0000 -1.000000e+00 -1.000000e+00 -1.000000e+00 -1.000000e+00 -1.000000e+00 -1.000000e+00  0  2.3250  6.645983e+11  0.000000e+00  0.000000e+00  2.260712e-01  7.313590e+01  2.834435e+00  1  2.3250  1.121101e+10  0.000000e+00  0.000000e+00  4.008951e-01  9.805414e+01  2.509417e-02  2  2.3250  8.738125e+00  0.000000e+00  0.000000e+00  2.009242e-01 -1.729516e+02  0.000000e+00 
1  3.860235e+00  6.956413e+00  1.427870e+05  3.090678e+00 0 -1.000000e+00  6.956413e+00 2   8.7709 -3.754905e-01  4.291451e+00 -1 -1.0000 -1.000000e+00 -1.000000e+00 -1.000000e+00 -1.000000e+00 -1.000000e+00 -1.000000e+00 -1 -1.0000 -1.000000e+00 -1.000000e+00 -1.000000e+00 -1.000000e+00 -1.000000e+00 -1.000000e+00  0  0.3680  1.411890e+14  0.000000e+00  0.000000e+00  4.768218e-01  9.947692e+00  5.491864e+00  1  0.3680  5.563992e+11  0.000000e+00  0.000000e+00  4.978757e-01 -1.625888e+01  2.226239e+00  2  0.3680  8.770857e+00  0.000000e+00  0.000000e+00  2.232314e-01 -5.848025e+01  0.000000e+00 
3  7.247849e+00  7.635062e+00  2.888780e+05  1.084512e+00 6  2.925825e-01  1.442497e+01 3   6.0863 -1.754264e-01 -1.339078e+00  0  0.3820  1.647239e+12  0.000000e+00  0.000000e+00  6.614524e-02 -1.876990e+01  2.140733e+01  1  0.3820  5.102452e+10  0.000000e+00  0.000000e+00  3.105490e-01 -2.478909e+01  2.385814e-01  2  0.3820  8.220180e+12  9.790493e-01 -7.702091e+00  3.485633e-02  6.463126e+01  7.706808e+00  3  0.3820  9.188370e+10  9.790493e-01 -7.702091e+00  9.264122e-02  8.319842e+01  2.416166e-01  4  0.3820  6.086319e+00  0.000000e+00  0.000000e+00  2.163876e-01  6.392697e+01  0.000000e+00 
3  1.987093e+01  8.940985e+00  4.032370e+05  6.433969e-01 6  3.036272e-01  4.160055e+01 2   2.9400  2.122190e-01  6.985565e-01  0  0.4880  5.464251e+11  0.000000e+00  0.000000e+00  2.456285e-01  1.147583e+02  2.570720e+01  1  0.4880  2.872182e+10  0.000000e+00  0.000000e+00  1.827659e-01  1.241785e+02  1.096546e-01  2  0.4880  7.846662e+12  7.797270e+00  2.347531e+01  2.533023e-01 -1.280007e+02  5.434412e+00  3  0.4880  1.038134e+11  7.797270e+00  2.347531e+01  2.816852e-01 -8.105187e+01  1.630872e-01  4  0.4880  2.940041e+00  0.000000e+00  0.000000e+00  1.449603e-01  1.624826e+02  0.000000e+00 
1  5.053726e+00  8.932816e+00  3.928640e+05  8.872985e+00 0 -1.000000e+00  8.932816e+00 2   6.8354 -3.076488e+00  8.990370e+00 -1 -1.0000 -1.000000e+00 -1.000000e+00 -1.000000e+00 -1.000000e+00 -1.000000e+00 -1.000000e+00 -1 -1.0000 -1.000000e+00 -1.000000e+00 -1.000000e+00 -1.000000e+00 -1.000000e+00 -1.000000e+00  0  0.4960  2.661792e+14  0.000000e+00  0.000000e+00  2.669417e-01 -1.707230e+02  6.142430e+00  1  0.4960  7.030587e+11  0.000000e+00  0.000000e+00  2.780530e-01 -1.801959e+02  7.292009e-01  2  0.4960  6.835373e+00  0.000000e+00  0.000000e+00  6.086041e-02  1.498716e+02  0.000000e+00 
3  9.919083e+00  8.114756e+00  1.883900e+05  5.385667e-01 6 -1.000000e+00  1.520209e+01 1   5.4855  3.113502e-01  1.309774e-01 -1 -1.0000 -1.000000e+00 -1.000000e+00 -1.000000e+00 -1.000000e+00 -1.000000e+00 -1.000000e+00 -1 -1.0000 -1.000000e+00 -1.000000e+00 -1.000000e+00 -1.000000e+00 -1.000000e+00 -1.000000e+00  0  0.6310  1.125277e+12  0.000000e+00  0.000000e+00  1.480344e-01  9.009555e+00  7.751861e+00  1  0.6310  5.434031e+10  0.000000e+00  0.000000e+00  3.231540e-01  1.872357e+01  7.999240e-02  2  0.6310  5.485470e+00  0.000000e+00  0.000000e+00  9.072855e-02 -9.131577e+01  0.000000e+00 
5  2.997556e+01  4.033796e+01  3.808690e+05  2.426072e-01 6 -1.000000e+00  5.996326e+01 3   2.0256 -2.971718e-02  1.071778e-01 -1 -1.0000 -1.000000e+00 -1.000000e+00 -1.000000e+00 -1.000000e+00 -1.000000e+00 -1.000000e+00 -1 -1.0000 -1.000000e+00 -1.000000e+00 -1.000000e+00 -1.000000e+00 -1.000000e+00 -1.000000e+00  0  0.8530  1.770156e+12  0.000000e+00  0.000000e+00  3.571583e-01 -2.800180e+01  8.046515e+00  1  0.8530  6.729979e+10  0.000000e+00  0.000000e+00  7.871607e-01 -1.423875e+01  1.608775e-01  2  0.8530  2.025639e+00  0.000000e+00  0.000000e+00  5.176094e-02 -2.270253e+01  0.000000e+00 
3  8.287651e+00  1.450239e+00  8.152600e+04  2.274350e+00 6  2.738443e-01  1.510023e+01 2   6.0544 -3.789881e+00 -1.638697e+00  0  1.0860  1.462625e+13  0.000000e+00  0.000000e+00  4.420344e-01 -1.600620e+02  9.944065e+00  1  1.0860  1.128412e+11  0.000000e+00  0.000000e+00  2.669138e-01 -1.521074e+02  8.487888e-02  2  1.0860  5.344507e+13 -4.154219e+01 -3.898615e+00  3.068767e-01 -7.064967e+01  2.287431e+00  3  1.0860  1.782152e+11 -4.154219e+01 -3.898615e+00  2.031291e-01 -4.026293e+01  1.369733e-01  4  1.0860  6.054422e+00  0.000000e+00  0.000000e+00  1.791303e-01  1.785253e+02  0.000000e+00 
3  5.297680e+01  4.700072e+01  3.131260e+05  9.329103e-01 6 -1.000000e+00  8.180417e+01 1   3.5227 -4.970488e-01  6.016514e-02 -1 -1.0000 -1.000000e+00 -1.000000e+00 -1.000000e+00 -1.000000e+00 -1.000000e+00 -1.000000e+00 -1 -1.0000 -1.000000e+00 -1.000000e+00 -1.000000e+00 -1.000000e+00 -1.000000e+00 -1.000000e+00  0  1.1150  8.998998e+12  0.000000e+00  0.000000e+00  2.780110e-01 -4.660222e+01  5.122129e+00  1  1.1150  1.211675e+11  0.000000e+00  0.000000e+00  1.779425e-01 -7.552092e+01  9.353481e-02  2  1.1150  3.522741e+00  0.000000e+00  0.000000e+00  8.439555e-02  9.914609e+00  0.000000e+00 
3  3.548161e+00  2.810822e+00  2.856920e+05  4.933640e-01 6 -1.000000e+00  5.675027e+00 1  10.1289  2.315251e-01 -8.441921e-02 -1 -1.0000 -1.000000e+00 -1.000000e+00 -1.000000e+00 -1.000000e+00 -1.000000e+00 -1.000000e+00 -1 -1.0000 -1.000000e+00 -1.000000e+00 -1.000000e+00 -1.000000e+00 -1.000000e+00 -1.000000e+00  0  1.2370  1.493943e+12  0.000000e+00  0.000000e+00  3.450425e-01 -7.952395e+01  3.494637e+00  1  1.2370  4.648923e+10  0.000000e+00  0.000000e+00  7.413710e-02 -8.230640e+01  6.592278e-02  2  1.2370  1.012889e+01  0.000000e+00  0.000000e+00  5.787364e-02  2.129809e+01  0.000000e+00 
3  6.168139e+00  3.542290e+00  2.581490e+05  3.423919e-01 6 -1.000000e+00  9.781734e+00 1   5.7365  1.389296e-01 -2.077343e-01 -1 -1.0000 -1.000000e+00 -1.000000e+00 -1.000000e+00 -1.000000e+00 -1.000000e+00 -1.000000e+00 -1 -1.0000 -1.000000e+00 -1.000000e+00 -1.000000e+00 -1.000000e+00 -1.000000e+00 -1.000000e+00  0  1.5440  1.659662e+12  0.000000e+00  0.000000e+00  3.176103e-01 -3.397768e+00  4.141732e+00  1  1.5440  3.774241e+10  0.000000e+00  0.000000e+00  2.652498e-01  3.149804e+01  6.585544e-02  2  1.5440  5.736479e+00  0.000000e+00  0.000000e+00  1.583087e-01 -1.074016e+02  0.000000e+00 
1  1.626489e+00  3.815906e+00  3.216440e+05  3.087353e+00 0 -1.000000e+00  3.815906e+00 2  17.0085 -3.110292e+00  1.856044e-01 -1 -1.0000 -1.000000e+00 -1.000000e+00 -1.000000e+00 -1.000000e+00 -1.000000e+00 -1.000000e+00 -1 -1.0000 -1.000000e+00 -1.000000e+00 -1.000000e+00 -1.000000e+00 -1.000000e+00 -1.000000e+00  0  0.5060  1.128777e+14  0.000000e+00  0.000000e+00  2.703967e-01 -7.679666e+01  3.146658e+00  1  0.5060  5.123021e+11  0.000000e+00  0.000000e+00  2.822878e-01 -7.816214e+01  1.086737e+00  2  0.5060  1.700852e+01  0.000000e+00  0.000000e+00  1.573666e-01 -9.280372e+01  0.000000e+00 
3  7.491406e+00  5.172778e+00  2.982560e+05  6.229334e-01 6 -1.000000e+00  1.038023e+01 1   7.5832 -2.962873e-02 -4.643809e-01 -1 -1.0000 -1.000000e+00 -1.000000e+00 -1.000000e+00 -1.000000e+00 -1.000000e+00 -1.000000e+00 -1 -1.0000 -1.000000e+00 -1.000000e+00 -1.000000e+00 -1.000000e+00 -1.000000e+00 -1.000000e+00  0  0.6500  4.213148e+12  0.000000e+00  0.000000e+00  4.081533e-01 -1.751741e+02  4.563542e+00  1  0.6500  5.653174e+10  0.000000e+00  0.000000e+00  3.127069e-01 -1.183858e+02  1.936052e-01  2  0.6500  7.583162e+00  0.000000e+00  0.000000e+00  2.050165e-01 -1.042131e+02  0.000000e+00 
2  6.163356e+00  2.554731e+00  3.199240e+05  1.726378e+00 6 -1.000000e+00  1.123871e+01 2   9.6092  8.315015e-01  9.158242e-01 -1 -1.0000 -1.000000e+00 -1.000000e+00 -1.000000e+00 -1.000000e+00 -1.000000e+00 -1.000000e+00 -1 -1.0000 -1.000000e+00 -1.000000e+00 -1.000000e+00 -1.000000e+00 -1.000000e+00 -1.000000e+00  0  0.7120  2.184409e+13  0.000000e+00  0.000000e+00  4.000947e-01  1.198729e+02  4.685210e+00  1  0.7120  1.631595e+11  0.000000e+00  0.000000e+00  1.875673e-01  1.018602e+02  6.875286e-02  2  0.7120  9.609240e+00  0.000000e+00  0.000000e+00  5.075944e-02  3.592025e+01  0.000000e+00 
3  1.282314e+01  1.087176e+01  3.808490e+05  5.562046e-01 6  2.900542e-01  2.313298e+01 3   4.5078 -5.153685e-01 -3.427019e-01  0  0.8250  7.591544e+11  0.000000e+00  0.000000e+00  4.023724e-01  2.774801e+01  1.206174e+01  1  0.8250  3.950658e+10  0.000000e+00  0.000000e+00  2.813997e-01  2.202551e+01  8.185871e-02  2  0.8250  5.571328e+12 -3.242807e+00 -4.120403e+00  4.287578e-01 -1.218581e+01  4.805373e+00  3  0.8250  7.359287e+10 -3.242807e+00 -4.120403e+00  2.628973e-01 -3.931850e+01  1.153761e-01  4  0.8250  4.507757e+00  0.000000e+00  0.000000e+00  6.276958e-02  1.660299e+02  0.000000e+00 
3  6.539376e+00  8.906158e+00  2.575500e+05  1.424491e-01 6 -1.000000e+00  1.119895e+01 1   5.3777 -8.090359e-02 -3.229628e-02 -1 -1.0000 -1.000000e+00 -1.000000e+00 -1.000000e+00 -1.000000e+00 -1.000000e+00 -1.000000e+00 -1 -1.0000 -1.000000e+00 -1.000000e+00 -1.000000e+00 -1.000000e+00 -1.000000e+00 -1.000000e+00  0  0.9230  6.095239e+11  0.000000e+00  0.000000e+00  3.590116e-01 -1.606904e+02  6.218995e+00  1  0.9230  9.905028e+09  0.000000e+00  0.000000e+00  5.953060e-01 -1.616447e+02  6.746520e-02  2  0.9230  5.377682e+00  0.000000e+00  0.000000e+00  7.096479e-02  1.777325e+02  0.000000e+00 
3  1.349964e+01  9.607892e+00  2.858820e+05  2.946538e-01 6  2.721051e-01  1.782825e+01 1   2.8597 -2.723810e-01 -1.911853e-02  0  1.8880  9.253762e+11  0.000000e+00  0.000000e+00  2.991793e-01 -1.078521e+02  1.514668e+01  1  1.8880  2.939824e+10  0.000000e+00  0.000000e+00  1.495053e-01 -1.144841e+02  3.088333e-02  2  1.8880  1.979320e+12 -9.350924e+00  8.418926e+00  2.085455e-01  2.415613e+01  6.697898e+00  3  1.8880  3.561855e+10 -9.350924e+00  8.418926e+00  3.482263e-01 -1.860360e+01  3.462563e-02  4  1.8880  2.859721e+00  0.000000e+00  0.000000e+00  1.021263e-01 -8.820964e+01  0.000000e+00 
3  3.023419e+01  2.383998e+01  1.584790e+05  4.733457e-01 6 -1.000000e+00  4.814747e+01 1   3.9899 -2.728507e-01 -2.247828e-01 -1 -1.0000 -1.000000e+00 -1.000000e+00 -1.000000e+00 -1.000000e+00 -1.000000e+00 -1.000000e+00 -1 -1.0000 -1.000000e+00 -1.000000e+00 -1.000000e+00 -1.000000e+00 -1.000000e+00 -1.000000e+00  0  0.3140  1.429984e+12  0.000000e+00  0.000000e+00  2.450441e-01 -4.447584e+01  9.623501e+00  1  0.3140  4.363570e+10  0.000000e+00  0.000000e+00  4.655948e-01 -2.132808e+01  2.825111e-01  2  0.3140  3.989851e+00  0.000000e+00  0.000000e+00  9.408677e-02  6.261520e+01  0.000000e+00 
3  6.279490e+00  3.267967e+00  5.480000e+02  6.055042e-01 6 -1.000000e+00  9.726589e+00 1   6.5400 -4.054895e-01 -3.689113e-01 -1 -1.0000 -1.000000e+00 -1.000000e+00 -1.000000e+00 -1.000000e+00 -1.000000e+00 -1.000000e+00 -1 -1.0000 -1.000000e+00 -1.000000e+00 -1.000000e+00 -1.000000e+00 -1.000000e+00 -1.000000e+00  0  0.3170  1.557525e+12  0.000000e+00  0.000000e+00  3.908183e-01  1.298550e+02  7.454900e+00  1  0.3170  5.095436e+10  0.000000e+00  0.000000e+00  2.231067e-01  1.746043e+02  2.173152e-01  2  0.3170  6.540015e+00  0.000000e+00  0.000000e+00  3.964234e-02  1.494819e+02  0.000000e+00 
1  6.320367e+01  1.482389e+02  3.950500e+05  5.458279e-03 0 -1.000000e+00  1.482389e+02 2   1.5643  1.705669e-02  7.817727e-03 -1 -1.0000 -1.000000e+00 -1.000000e+00 -1.000000e+00 -1.000000e+00 -1.000000e+00 -1.000000e+00 -1 -1.0000 -1.000000e+00 -1.000000e+00 -1.000000e+00 -1.000000e+00 -1.000000e+00 -1.000000e+00  0  0.4040  6.392013e+10  0.000000e+00  0.000000e+00  2.734573e-01 -7.154326e+01  2.295021e+01  1  0.4040  2.006216e+08  0.000000e+00  0.000000e+00  4.588708e-01 -6.556262e+01  2.480187e-01  2  0.4040  1.564333e+00  0.000000e+00  0.000000e+00  2.693373e-02 -7.390482e+01  0.000000e+00 
1  9.391206e+00  2.792928e+01  2.855350e+05  4.871557e+00 0  2.829075e-01  2.792928e+01 2   3.6296  1.456405e+01 -9.259316e+00  0  0.4230  3.341064e+13  0.000000e+00  0.000000e+00  3.773327e-01  9.863610e+01  1.161244e+01  1  0.4230  1.654508e+11  0.000000e+00  0.000000e+00  3.458653e-01  1.128221e+02  2.719481e-01  2  0.4230  2.490266e+14  3.066269e+01 -1.672961e+01  3.011192e-01  9.704355e+01  7.481682e+00  3  0.4230  8.678998e+11  3.066269e+01 -1.672961e+01  4.059935e-01  5.002715e+01  2.078321e+00  4  0.4230  3.629609e+00  0.000000e+00  0.000000e+00  2.311323e-02  1.524894e+01  0.000000e+00 
5  4.992334e+00  7.578081e+00  1.318000e+03  4.848494e-01 6 -1.000000e+00  8.940030e+00 3   7.8809  2.954585e-02  2.196833e-02 -1 -1.0000 -1.000000e+00 -1.000000e+00 -1.000000e+00 -1.000000e+00 -1.000000e+00 -1.000000e+00 -1 -1.0000 -1.000000e+00 -1.000000e+00 -1.000000e+00 -1.000000e+00 -1.000000e+00 -1.000000e+00  0  1.1750  2.020230e+12  0.000000e+00  0.000000e+00  2.840528e-01  1.023122e+02  3.568594e+00  1  1.1750  4.092972e+10  0.000000e+00  0.000000e+00  2.716902e-01  1.062955e+02  9.500168e-02  2  1.1750  7.880921e+00  0.000000e+00  0.000000e+00  1.468603e-01  6.857604e+01  0.000000e+00 
3  1.869457e+00  1.165737e+00  2.076430e+05  2.758701e-01 6 -1.000000e+00  2.660431e+00 1   7.7191  1.695443e-01 -5.827484e-02 -1 -1.0000 -1.000000e+00 -1.000000e+00 -1.000000e+00 -1.000000e+00 -1.000000e+00 -1.000000e+00 -1 -1.0000 -1.000000e+00 -1.000000e+00 -1.000000e+00 -1.000000e+00 -1.000000e+00 -1.000000e+00  0  1.4710  7.720786e+11  0.000000e+00  0.000000e+00  4.460560e-01  1.682074e+02  3.895387e+00  1  1.4710  1.761294e+10  0.000000e+00  0.000000e+00  1.171495e-01  2.318896e+02  2.129762e-02  2  1.4710  7.719098e+00  0.000000e+00  0.000000e+00  1.182948e-01  5.364386e+01  0.000000e+00 
3  5.245534e+00  3.320885e+00  2.716170e+05  5.815029e-01 6 -1.000000e+00  7.101098e+00 1   7.5171  4.481150e-01  4.313141e-02 -1 -1.0000 -1.000000e+00 -1.000000e+00 -1.000000e+00 -1.000000e+00 -1.000000e+00 -1.000000e+00 -1 -1.0000 -1.000000e+00 -1.000000e+00 -1.000000e+00 -1.000000e+00 -1.000000e+00 -1.000000e+00  0  0.5410  1.901652e+12  0.000000e+00  0.000000e+00  1.889676e-01  1.176234e+02  5.998569e+00  1  0.5410  6.514589e+10  0.000000e+00  0.000000e+00  3.360127e-01  1.395314e+02  2.571574e-01  2  0.5410  7.517082e+00  0.000000e+00  0.000000e+00  1.174872e-01 -3.680673e+01  0.000000e+00 
5  2.623470e+00  4.334499e+00  1.673060e+05  1.172355e+00 6 -1.000000e+00  5.782436e+00 3   7.2803  1.201195e-01 -3.979841e-01 -1 -1.0000 -1.000000e+00 -1.000000e+00 -1.000000e+00 -1.000000e+00 -1.000000e+00 -1.000000e+00 -1 -1.0000 -1.000000e+00 -1.000000e+00 -1.000000e+00 -1.000000e+00 -1.000000e+00 -1.000000e+00  0  0.7070  1.444288e+13  0.000000e+00  0.000000e+00  3.371127e-01 -1.757012e+00  6.028744e+00  1  0.7070  1.464022e+11  0.000000e+00  0.000000e+00  5.025856e-01  3.120256e+01  1.352750e-01  2  0.7070  7.280253e+00  0.000000e+00  0.000000e+00  1.531529e-01  1.751868e+02  0.000000e+00 
3  1.572758e+01  1.506460e+01  2.929720e+05  1.047527e+00 6 -1.000000e+00  3.297599e+01 3   3.1555  2.581462e-01  3.788917e-01 -1 -1.0000 -1.000000e+00 -1.000000e+00 -1.000000e+00 -1.000000e+00 -1.000000e+00 -1.000000e+00 -1 -1.0000 -1.000000e+00 -1.000000e+00 -1.000000e+00 -1.000000e+00 -1.000000e+00 -1.000000e+00  0  0.8660  7.067496e+12  0.000000e+00  0.000000e+00  1.176912e-01  2.594265e+01  7.862009e+00  1  0.8660  1.126655e+11  0.000000e+00  0.000000e+00  2.370472e-01  6.119879e+01  1.239134e-01  2  0.8660  3.155487e+00  0.000000e+00  0.000000e+00  6.872089e-02  1.446502e+02  0.000000e+00 
3  1.339309e+01  1.016575e+01  3.976720e+05  5.972414e-01 6 -1.000000e+00  1.710431e+01 1   4.9505 -1.926619e-01 -1.662731e-01 -1 -1.0000 -1.000000e+00 -1.000000e+00 -1.000000e+00 -1.000000e+00 -1.000000e+00 -1.000000e+00 -1 -1.0000 -1.000000e+00 -1.000000e+00 -1.000000e+00 -1.000000e+00 -1.000000e+00 -1.000000e+00  0  0.8770  2.059802e+12  0.000000e+00  0.000000e+00  3.159723e-01  1.731178e+02  4.080211e+00  1  0.8770  7.723544e+10  0.000000e+00  0.000000e+00  2.054926e-01  1.431712e+02  7.963600e-02  2  0.8770  4.950478e+00  0.000000e+00  0.000000e+00  1.870532e-01  1.604642e+00  0.000000e+00 
3  4.141408e+01  3.245608e+01  2.528770e+05  1.614110e-01 6 -1.000000e+00  5.545918e+01 1   1.9106 -1.108050e-01 -2.969841e-02 -1 -1.0000 -1.000000e+00 -1.000000e+00 -1.000000e+00 -1.000000e+00 -1.000000e+00 -1.000000e+00 -1 -1.0000 -1.000000e+00 -1.000000e+00 -1.000000e+00 -1.000000e+00 -1.000000e+00 -1.000000e+00  0  1.0610  6.281958e+11  0.000000e+00  0.000000e+00  2.727025e-01  6.922262e+01  6.265564e+00  1  1.0610  1.454919e+10  0.000000e+00  0.000000e+00  3.624127e-01  4.231136e+01  4.323473e-02  2  1.0610  1.910551e+00  0.000000e+00  0.000000e+00  8.617828e-02 -1.971703e+01  0.000000e+00 
3  1.040883e+01  7.099785e+00  3.540300e+05  3.716692e-01 6 -1.000000e+00  1.908026e+01 3   4.9360  5.374761e-02  1.785571e-01 -1 -1.0000 -1.000000e+00 -1.000000e+00 -1.000000e+00 -1.000000e+00 -1.000000e+00 -1.000000e+00 -1 -1.0000 -1.000000e+00 -1.000000e+00 -1.000000e+00 -1.000000e+00 -1.000000e+00 -1.000000e+00  0  1.2910  1.243332e+12  0.000000e+00  0.000000e+00  3.508790e-01  1.571453e+02  5.666457e+00  1  1.2910  4.322275e+10  0.000000e+00  0.000000e+00  3.955329e-01  1.477126e+02  5.822402e-02  2  1.2910  4.936029e+00  0.000000e+00  0.000000e+00  6.472595e-02  1.419700e+02  0.000000e+00 
3  1.376909e+01  6.122113e+00  9.438600e+04  4.212892e-01 6 -1.000000e+00  1.762443e+01 1   4.2442  2.095372e-01  4.304259e-01 -1 -1.0000 -1.000000e+00 -1.000000e+00 -1.000000e+00 -1.000000e+00 -1.000000e+00 -1.000000e+00 -1 -1.0000 -1.000000e+00 -1.000000e+00 -1.000000e+00 -1.000000e+00 -1.000000e+00 -1.000000e+00  0  1.3760  2.492763e+12  0.000000e+00  0.000000e+00  3.037279e-01  7.131069e+01  3.712823e+00  1  1.3760  5.614266e+10  0.000000e+00  0.000000e+00  1.101388e-01  4.902138e+01  1.141288e-01  2  1.3760  4.244234e+00  0.000000e+00  0.000000e+00  1.361130e-01 -1.649094e+02  0.000000e+00 
3  9.928205e+00  8.633425e+00  2.836240e+05  4.951530e-01 6 -1.000000e+00  1.360351e+01 1   5.1131 -2.930654e-01 -9.999402e-02 -1 -1.0000 -1.000000e+00 -1.000000e+00 -1.000000e+00 -1.000000e+00 -1.000000e+00 -1.000000e+00 -1 -1.0000 -1.000000e+00 -1.000000e+00 -1.000000e+00 -1.000000e+00 -1.000000e+00 -1.000000e+00  0  1.4210  1.778035e+12  0.000000e+00  0.000000e+00  4.244737e-01 -1.290078e+02  6.893422e+00  1  1.4210  5.319926e+10  0.000000e+00  0.000000e+00  5.123455e-01 -1.336879e+02  4.089100e-02  2  1.4210  5.113121e+00  0.000000e+00  0.000000e+00  3.134440e-02  1.691257e+01  0.000000e+00 
3  1.170896e+01  9.425750e+00  2.543930e+05  2.435266e-01 6 -1.000000e+00  1.550264e+01 1   2.7927  1.607887e-01  1.172145e-01 -1 -1.0000 -1.000000e+00 -1.000000e+00 -1.000000e+00 -1.000000e+00 -1.000000e+00 -1.000000e+00 -1 -1.0000 -1.000000e+00 -1.000000e+00 -1.000000e+00 -1.000000e+00 -1.000000e+00 -1.000000e+00  0  0.7210  5.858024e+11  0.000000e+00  0.000000e+00  2.479750e-01 -1.516615e+02  8.190778e+00  1  0.7210  1.757497e+10  0.000000e+00  0.000000e+00  9.973756e-02 -1.901977e+02  1.195051e-01  2  0.7210  2.792750e+00  0.000000e+00  0.000000e+00  1.152110e-01 -1.113241e+02  0.000000e+00 
5  1.117058e+01  2.619240e+01  1.362990e+05  4.814324e-01 6 -1.000000e+00  3.126608e+01 3   2.4572 -2.382372e-03 -2.439433e-02 -1 -1.0000 -1.000000e+00 -1.000000e+00 -1.000000e+00 -1.000000e+00 -1.000000e+00 -1.000000e+00 -1 -1.0000 -1.000000e+00 -1.000000e+00 -1.000000e+00 -1.000000e+00 -1.000000e+00 -1.000000e+00  0  0.7380  1.984679e+12  0.000000e+00  0.000000e+00  3.031851e-01  3.236298e+01  4.666856e+00  1  0.7380  6.353028e+10  0.000000e+00  0.000000e+00  2.245611e-01  1.355963e+02  1.421568e-01  2  0.7380  2.457193e+00  0.000000e+00  0.000000e+00  5.694756e-02 -1.767299e+02  0.000000e+00 
1  5.304574e+00  9.441071e+00  3.858980e+05  5.555584e-02 0  3.063181e-01  9.441071e+00 2   8.6065 -2.453239e-02 -1.695286e-01  0  1.2240  1.911412e+10  0.000000e+00  0.000000e+00  2.362160e-01  2.241082e+01  2.878028e+01  1  1.2240  2.051768e+07  0.000000e+00  0.000000e+00  2.181816e-01 -8.740509e+00  7.090277e-02  2  1.2240  1.298169e+12 -6.001025e-02 -8.108168e-01  2.182113e-01 -1.651986e+01  6.571880e+00  3  1.2240  5.279103e+10 -6.001025e-02 -8.108168e-01  5.762826e-02 -6.210617e+01  4.439881e-02  4  1.2240  8.606504e+00  0.000000e+00  0.000000e+00  1.082649e-01 -1.483010e+01  0.000000e+00 
1  7.037678e+00  1.229925e+01  2.372700e+04  2.026622e+00 0 -1.000000e+00  1.229925e+01 2   6.1098 -1.813280e+00 -1.230417e+00 -1 -1.0000 -1.000000e+00 -1.000000e+00 -1.000000e+00 -1.000000e+00 -1.000000e+00 -1.000000e+00 -1 -1.0000 -1.000000e+00 -1.000000e+00 -1.000000e+00 -1.000000e+00 -1.000000e+00 -1.000000e+00  0  1.6230  2.904393e+13  0.000000e+00  0.000000e+00  3.665095e-01  1.077059e+02  4.789949e+00  1  1.6230  1.184242e+11  0.000000e+00  0.000000e+00  1.582881e-01  9.371635e+01  1.127669e-01  2  1.6230  6.109777e+00  0.000000e+00  0.000000e+00  7.407115e-03  7.247691e+01  0.000000e+00 
3  8.858305e+00  5.199995e+00  2.863590e+05  1.207676e+00 6 -1.000000e+00  1.215146e+01 1   5.0222 -9.803352e-01  1.882328e-02 -1 -1.0000 -1.000000e+00 -1.000000e+00 -1.000000e+00 -1.000000e+00 -1.000000e+00 -1.000000e+00 -1 -1.0000 -1.000000e+00 -1.000000e+00 -1.000000e+00 -1.000000e+00 -1.000000e+00 -1.000000e+00  0  0.1610  5.865690e+12  0.000000e+00  0.000000e+00  4.220850e-01  1.165691e+02  6.330816e+00  1  0.1610  1.137815e+11  0.000000e+00  0.000000e+00  4.421997e-01  1.302428e+02  5.270911e-01  2  0.1610  5.022206e+00  0.000000e+00  0.000000e+00  3.924198e-02  3.773287e+01  0.000000e+00 
1  1.140191e+01  1.990412e+01  3.999160e+05  1.290177e+00 0 -1.000000e+00  1.990412e+01 2   6.8433  3.166918e-02 -3.211796e+00 -1 -1.0000 -1.000000e+00 -1.000000e+00 -1.000000e+00 -1.000000e+00 -1.000000e+00 -1.000000e+00 -1 -1.0000 -1.000000e+00 -1.000000e+00 -1.000000e+00 -1.000000e+00 -1.000000e+00 -1.000000e+00  0  0.3780  1.166130e+13  0.000000e+00  0.000000e+00  4.639577e-01  1.727526e+02  8.493807e+00  1  0.3780  1.275217e+11  0.000000e+00  0.000000e+00  2.902295e-01  1.985842e+02  1.894428e-01  2  0.3780  6.843270e+00  0.000000e+00  0.000000e+00  1.336418e-01 -1.754663e+02  0.000000e+00 
3  1.511752e+01  7.512089e+00  3.299620e+05  1.896994e+00 6 -1.000000e+00  2.168039e+01 1   5.0074 -3.899400e-01 -1.725835e+00 -1 -1.0000 -1.000000e+00 -1.000000e+00 -1.000000e+00 -1.000000e+00 -1.000000e+00 -1.000000e+00 -1 -1.0000 -1.000000e+00 -1.000000e+00 -1.000000e+00 -1.000000e+00 -1.000000e+00 -1.000000e+00  0  0.4600  4.841692e+13  0.000000e+00  0.000000e+00  3.016867e-01  3.314809e+01  4.243856e+00  1  0.4600  3.691668e+11  0.000000e+00  0.000000e+00  3.176960e-01 -8.019547e+00  3.647401e-01  2  0.4600  5.007406e+00  0.000000e+00  0.000000e+00  1.577740e-01  5.268881e+01  0.000000e+00 
3  4.151299e+01  6.360162e+01  1.464790e+05  7.129332e-01 6 -1.000000e+00  6.399056e+01 1   2.5325  2.024235e-01 -2.448466e-01 -1 -1.0000 -1.000000e+00 -1.000000e+00 -1.000000e+00 -1.000000e+00 -1.000000e+00 -1.000000e+00 -1 -1.0000 -1.000000e+00 -1.000000e+00 -1.000000e+00 -1.000000e+00 -1.000000e+00 -1.000000e+00  0  0.5420  3.644889e+12  0.000000e+00  0.000000e+00  3.626351e-01  1.197530e+02  9.856584e+00  1  0.5420  8.808029e+10  0.000000e+00  0.000000e+00  3.278657e-01  1.839249e+02  3.269710e-01  2  0.5420  2.532494e+00  0.000000e+00  0.000000e+00  6.557579e-02 -1.999613e+01  0.000000e+00 
3  1.782756e+01  1.345053e+01  3.588250e+05  3.278813e-01 6 -1.000000e+00  2.786013e+01 1   2.0611 -2.357416e-01 -9.951320e-02 -1 -1.0000 -1.000000e+00 -1.000000e+00 -1.000000e+00 -1.000000e+00 -1.000000e+00 -1.000000e+00 -1 -1.0000 -1.000000e+00 -1.000000e+00 -1.000000e+00 -1.000000e+00 -1.000000e+00 -1.000000e+00  0  0.5530  6.328500e+11  0.000000e+00  0.000000e+00  1.917474e-01 -2.521317e+01  1.702714e+01  1  0.5530  2.256307e+10  0.000000e+00  0.000000e+00  4.430226e-01 -4.439248e+00  1.098698e-01  2  0.5530  2.061132e+00  0.000000e+00  0.000000e+00  4.829736e-02 -5.144897e+01  0.000000e+00 
1  1.795465e+01  3.415608e+01  9.235800e+04  6.567244e-01 0 -1.000000e+00  3.415608e+01 2   4.1443  6.259789e-01 -6.464856e-01 -1 -1.0000 -1.000000e+00 -1.000000e+00 -1.000000e+00 -1.000000e+00 -1.000000e+00 -1.000000e+00 -1 -1.0000 -1.000000e+00 -1.000000e+00 -1.000000e+00 -1.000000e+00 -1.000000e+00 -1.000000e+00  0  0.7150  1.132179e+13  0.000000e+00  0.000000e+00  2.190383e-01 -1.532553e+02  4.150166e+00  1  0.7150  9.225160e+10  0.000000e+00  0.000000e+00  3.755056e-01 -1.957356e+02  2.180940e-01  2  0.7150  4.144288e+00  0.000000e+00  0.000000e+00  1.426882e-01  4.933908e+01  0.000000e+00 
3  3.346050e+00  1.670654e+00  2.073760e+05  3.624851e+00 6 -1.000000e+00  6.183689e+00 2   6.8562 -1.179310e+00  1.070574e+00 -1 -1.0000 -1.000000e+00 -1.000000e+00 -1.000000e+00 -1.000000e+00 -1.000000e+00 -1.000000e+00 -1 -1.0000 -1.000000e+00 -1.000000e+00 -1.000000e+00 -1.000000e+00 -1.000000e+00 -1.000000e+00  0  1.0670  3.186610e+13  0.000000e+00  0.000000e+00  3.477360e-01  5.313446e+01  8.759580e+00  1  1.0670  1.592753e+11  0.000000e+00  0.000000e+00  3.317240e-01  4.690777e+01  1.272096e-01  2  1.0670  6.856234e+00  0.000000e+00  0.000000e+00  1.825444e-01  1.580817e+02  0.000000e+00 
3  3.050770e+01  1.260361e+01  5.883600e+04  4.845045e-01 6 -1.000000e+00  3.563460e+01 1   2.2528  1.243063e-01 -4.055548e-01 -1 -1.0000 -1.000000e+00 -1.000000e+00 -1.000000e+00 -1.000000e+00 -1.000000e+00 -1.000000e+00 -1 -1.0000 -1.000000e+00 -1.000000e+00 -1.000000e+00 -1.000000e+00 -1.000000e+00 -1.000000e+00  0  1.2050  1.424290e+12  0.000000e+00  0.000000e+00  5.807927e-01 -9.269003e+01  5.512161e+00  1  1.2050  5.820335e+10  0.000000e+00  0.000000e+00  3.720104e-01 -9.818060e+01  3.173925e-02  2  1.2050  2.252780e+00  0.000000e+00  0.000000e+00  8.218767e-02 -2.625546e+01  0.000000e+00 
3  3.559711e+00  2.618379e+00  1.107510e+05  6.037334e-01 6 -1.000000e+00  4.853277e+00 1  11.6327  3.531254e-02 -4.433859e-01 -1 -1.0000 -1.000000e+00 -1.000000e+00 -1.000000e+00 -1.000000e+00 -1.000000e+00 -1.000000e+00 -1 -1.0000 -1.000000e+00 -1.000000e+00 -1.000000e+00 -1.000000e+00 -1.000000e+00 -1.000000e+00  0  1.5980  4.251332e+12  0.000000e+00  0.000000e+00  4.583161e-01 -6.588241e+01  3.045664e+00  1  1.5980  6.112046e+10  0.000000e+00  0.000000e+00  4.146177e-01 -6.089512e+01  1.224972e-01  2  1.5980  1.163273e+01  0.000000e+00  0.000000e+00  2.798855e-01 -1.238593e+02  0.000000e+00 
1  1.431739e+01  3.637834e+01  6.128500e+04  2.403302e+00 0  2.875596e-01  3.637834e+01 2  10.3935 -2.806539e+00 -1.174887e+01  0  0.3810  1.974335e+13  0.000000e+00  0.000000e+00  5.673261e-01 -1.561317e+02  1.132975e+01  1  0.3810  1.649621e+11  0.000000e+00  0.000000e+00  2.162292e-01 -1.740974e+02  2.776583e-01  2  0.3810  1.748347e+14 -3.321344e+01 -9.984600e+01  2.633152e-01 -3.356910e+00  5.353595e+00  3  0.3810  4.840323e+11 -3.321344e+01 -9.984600e+01  3.370606e-01 -1.529520e+01  1.552813e+00  4  0.3810  1.039346e+01  0.000000e+00  0.000000e+00  4.934665e-02 -5.592132e+01  0.000000e+00 
3  3.593047e+00  1.769028e+00  3.485940e+05  7.425057e-01 6 -1.000000e+00  4.942228e+00 1  15.3629 -5.120131e-01 -5.436080e-01 -1 -1.0000 -1.000000e+00 -1.000000e+00 -1.000000e+00 -1.000000e+00 -1.000000e+00 -1.000000e+00 -1 -1.0000 -1.000000e+00 -1.000000e+00 -1.000000e+00 -1.000000e+00 -1.000000e+00 -1.000000e+00  0  0.4660  2.816939e+12  0.000000e+00  0.000000e+00  2.630314e-01 -1.209611e+02  1.210890e+01  1  0.4660  5.710997e+10  0.000000e+00  0.000000e+00  5.928953e-01 -1.658078e+02  1.587635e-01  2  0.4660  1.536288e+01  0.000000e+00  0.000000e+00  3.973900e-01 -7.192750e+01  0.000000e+00 
3  2.974123e+00  2.332927e+00  2.497670e+05  1.480906e+00 6 -1.000000e+00  4.550502e+00 1   6.0920 -1.837894e-01  8.020256e-01 -1 -1.0000 -1.000000e+00 -1.000000e+00 -1.000000e+00 -1.000000e+00 -1.000000e+00 -1.000000e+00 -1 -1.0000 -1.000000e+00 -1.000000e+00 -1.000000e+00 -1.000000e+00 -1.000000e+00 -1.000000e+00  0  0.5210  5.604531e+12  0.000000e+00  0.000000e+00  2.723452e-01 -1.048694e+02  1.056759e+01  1  0.5210  9.664253e+10  0.000000e+00  0.000000e+00  4.064956e-01 -1.067452e+02  1.972610e-01  2  0.5210  6.091996e+00  0.000000e+00  0.000000e+00  1.101031e-01  1.459417e+02  0.000000e+00 
3  2.621571e+01  2.089110e+01  3.312280e+05  1.432139e+00 6 -1.000000e+00  4.164031e+01 1   3.4052  1.786709e-01  6.850964e-01 -1 -1.0000 -1.000000e+00 -1.000000e+00 -1.000000e+00 -1.000000e+00 -1.000000e+00 -1.000000e+00 -1 -1.0000 -1.000000e+00 -1.000000e+00 -1.000000e+00 -1.000000e+00 -1.000000e+00 -1.000000e+00  0  0.9450  1.955323e+13  0.000000e+00  0.000000e+00  5.471958e-01  1.315030e+02  6.024478e+00  1  0.9450  2.124076e+11  0.000000e+00  0.000000e+00  3.212927e-01  1.424478e+02  1.090782e-01  2  0.9450  3.405228e+00  0.000000e+00  0.000000e+00  1.197696e-01  6.378306e+01  0.000000e+00 
3  3.784905e+00  2.861448e+00  1.577270e+05  4.788922e-01 6 -1.000000e+00  4.676240e+00 1   7.9357 -2.192661e-01 -2.447669e-01 -1 -1.0000 -1.000000e+00 -1.000000e+00 -1.000000e+00 -1.000000e+00 -1.000000e+00 -1.000000e+00 -1 -1.0000 -1.000000e+00 -1.000000e+00 -1.000000e+00 -1.000000e+00 -1.000000e+00 -1.000000e+00  0  1.0850  1.067993e+12  0.000000e+00  0.000000e+00  1.802621e-01  7.406962e+01  5.285138e+00  1  1.0850  4.442487e+10  0.000000e+00  0.000000e+00  3.667116e-01  1.250379e+02  9.172832e-02  2  1.0850  7.935744e+00  0.000000e+00  0.000000e+00  2.147595e-01 -1.236178e+02  0.000000e+00 
3  7.675790e+00  7.461024e+00  2.356300e+05  5.650454e-01 6 -1.000000e+00  1.276956e+01 1   4.5263  2.748184e-01 -1.087665e-01 -1 -1.0000 -1.000000e+00 -1.000000e+00 -1.000000e+00 -1.000000e+00 -1.000000e+00 -1.000000e+00 -1 -1.0000 -1.000000e+00 -1.000000e+00 -1.000000e+00 -1.000000e+00 -1.000000e+00 -1.000000e+00  0  1.4620  4.566605e+12  0.000000e+00  0.000000e+00  3.447672e-01  4.975506e-01  4.386836e+00  1  1.4620  9.802537e+10  0.000000e+00  0.000000e+00  3.504314e-01 -1.325829e+01  3.019623e-02  2  1.4620  4.526250e+00  0.000000e+00  0.000000e+00  7.120117e-02 -1.158423e+02  0.000000e+00 
3  9.678418e+00  7.563170e+00  2.514930e+05  3.232956e-01 6  2.781331e-01  1.525929e+01 1   3.6346  3.748984e-01 -2.783235e-02  0  1.6370  5.239041e+11  0.000000e+00  0.000000e+00  1.825641e-01 -8.511643e+01  2.057037e+01  1  1.6370  1.522035e+10  0.000000e+00  0.000000e+00  3.754012e-01 -1.545791e+01  2.999647e-02  2  1.6370  3.800799e+12  1.631427e+01  4.090985e+00  1.732143e-02  1.598845e+02  5.294950e+00  3  1.6370  6.879361e+10  1.631427e+01  4.090985e+00  1.931077e-01  1.643825e+02  1.557748e-01  4  1.6370  3.634630e+00  0.000000e+00  0.000000e+00  6.664867e-02  1.156107e+02  0.000000e+00 
3  1.375143e+01  6.645965e+00  4.022860e+05  7.904005e-01 6  3.061607e-01  1.885132e+01 1   4.4467  3.129421e+00 -9.541506e-01  0  0.3840  1.097403e+12  0.000000e+00  0.000000e+00  7.891102e-02 -6.504376e+00  1.571631e+01  1  0.3840  6.048703e+10  0.000000e+00  0.000000e+00  4.662197e-01  6.574271e+00  1.779643e-01  2  0.3840  1.832587e+13  1.518888e+01 -1.695754e+00  5.271309e-01 -2.045297e+01  6.254652e+00  3  0.3840  1.933592e+11  1.518888e+01 -1.695754e+00  3.166810e-01 -3.542019e+01  5.227192e-01  4  0.3840  4.446725e+00  0.000000e+00  0.000000e+00  8.588375e-02 -9.549773e+00  0.000000e+00 
1  7.890724e+00  1.781881e+01  3.496610e+05  4.441429e+00 0 -1.000000e+00  1.781881e+01 2   9.1549 -2.537925e+00 -2.340990e-02 -1 -1.0000 -1.000000e+00 -1.000000e+00 -1.000000e+00 -1.000000e+00 -1.000000e+00 -1.000000e+00 -1 -1.0000 -1.000000e+00 -1.000000e+00 -1.000000e+00 -1.000000e+00 -1.000000e+00 -1.000000e+00  0  0.3900  1.423848e+14  0.000000e+00  0.000000e+00  2.335650e-01 -3.870054e+01  5.491919e+00  1  0.3900  6.093475e+11  0.000000e+00  0.000000e+00  7.548044e-02 -3.337911e+01  2.034909e+00  2  0.3900  9.154865e+00  0.000000e+00  0.000000e+00  1.344746e-01  5.470584e+01  0.000000e+00 
5  2.501554e+01  4.027388e+01  3.537150e+05  5.822057e-01 6 -1.000000e+00  4.567303e+01 3   4.5980 -2.635665e-02 -7.822288e-02 -1 -1.0000 -1.000000e+00 -1.000000e+00 -1.000000e+00 -1.000000e+00 -1.000000e+00 -1.000000e+00 -1 -1.0000 -1.000000e+00 -1.000000e+00 -1.000000e+00 -1.000000e+00 -1.000000e+00 -1.000000e+00  0  0.5790  1.139659e+12  0.000000e+00  0.000000e+00  3.013427e-01  1.362569e+02  7.632505e+00  1  0.5790  5.744114e+10  0.000000e+00  0.000000e+00  4.567542e-01  1.283219e+02  1.619979e-01  2  0.5790  4.598007e+00  0.000000e+00  0.000000e+00  7.688498e-02  1.556688e+02  0.000000e+00 
1  1.187444e+01  2.242968e+01  1.640940e+05  5.859088e-02 0 -1.000000e+00  2.242968e+01 2   5.1861 -2.973142e-02 -1.768390e-02 -1 -1.0000 -1.000000e+00 -1.000000e+00 -1.000000e+00 -1.000000e+00 -1.000000e+00 -1.000000e+00 -1 -1.0000 -1.000000e+00 -1.000000e+00 -1.000000e+00 -1.000000e+00 -1.000000e+00 -1.000000e+00  0  0.6570  2.951268e+11  0.000000e+00  0.000000e+00  3.451727e-01  1.486564e+02  7.582138e+00  1  0.6570  5.400309e+09  0.000000e+00  0.000000e+00  2.014198e-01  7.421363e+01  2.625444e-01  2  0.6570  5.186060e+00  0.000000e+00  0.000000e+00  1.443125e-01  6.035264e+01  0.000000e+00 
3  8.731070e+00  7.999711e+00  1.802410e+05  6.872382e-01 6 -1.000000e+00  1.430360e+01 1   4.7983  2.316379e-02  3.134548e-01 -1 -1.0000 -1.000000e+00 -1.000000e+00 -1.000000e+00 -1.000000e+00 -1.000000e+00 -1.000000e+00 -1 -1.0000 -1.000000e+00 -1.000000e+00 -1.000000e+00 -1.000000e+00 -1.000000e+00 -1.000000e+00  0  0.9200  2.234540e+12  0.000000e+00  0.000000e+00  2.956383e-01 -1.637838e+02  6.285093e+00  1  0.9200  8.068497e+10  0.000000e+00  0.000000e+00  2.204568e-01 -1.374426e+02  5.531993e-02  2  0.9200  4.798260e+00  0.000000e+00  0.000000e+00  3.591759e-02 -9.980808e+01  0.000000e+00 
1  3.095010e+00  5.709889e+00  2.338870e+05  4.282498e+00 0 -1.000000e+00  5.709889e+00 2  14.6174 -3.273853e+00  6.874515e+00 -1 -1.0000 -1.000000e+00 -1.000000e+00 -1.000000e+00 -1.000000e+00 -1.000000e+00 -1.000000e+00 -1 -1.0000 -1.000000e+00 -1.000000e+00 -1.000000e+00 -1.000000e+00 -1.000000e+00 -1.000000e+00  0  1.2120  8.413510e+13  0.000000e+00  0.000000e+00  1.733334e-01  5.063205e+01  4.032796e+00  1  1.2120  2.360064e+11  0.000000e+00  0.000000e+00  1.954388e-01  3.053024e+01  1.325092e-01  2  1.2120  1.461739e+01  0.000000e+00  0.000000e+00  2.065493e-01 -1.691723e+02  0.000000e+00 
3  3.079148e+01  1.910794e+01  2.060340e+05  1.406811e-01 6 -1.000000e+00  4.012127e+01 1   5.7246 -1.488803e-01 -4.769317e-02 -1 -1.0000 -1.000000e+00 -1.000000e+00 -1.000000e+00 -1.000000e+00 -1.000000e+00 -1.000000e+00 -1 -1.0000 -1.000000e+00 -1.000000e+00 -1.000000e+00 -1.000000e+00 -1.000000e+00 -1.000000e+00  0  1.4260  5.452015e+11  0.000000e+00  0.000000e+00  2.834477e-01 -1.053883e+02  3.950483e+00  1  1.4260  1.136038e+10  0.000000e+00  0.000000e+00  4.130582e-01 -1.171863e+01  6.447324e-02  2  1.4260  5.724618e+00  0.000000e+00  0.000000e+00  8.623675e-02 -1.339523e+02  0.000000e+00 
3  6.469766e+00  7.598206e+00  3.373700e+04  5.123206e-01 6  2.736893e-01  1.652809e+01 3   5.1981 -4.162097e-01  1.271311e-01  0  1.8380  7.602175e+11  0.000000e+00  0.000000e+00  3.501540e-01  1.786404e+02  2.165499e+01  1  1.8380  2.694371e+10  0.000000e+00  0.000000e+00  2.685813e-01  1.827559e+02  3.127552e-02  2  1.8380  2.577317e+12 -5.523043e+00  4.331564e+00  3.603543e-01 -2.381185e+01  2.252389e+00  3  1.8380  6.402456e+10 -5.523043e+00  4.331564e+00  2.494394e-01 -2.105557e+01  2.996632e-02  4  1.8380  5.198068e+00  0.000000e+00  0.000000e+00  3.547881e-02  8.894594e+01  0.000000e+00 
3  4.019087e+00  2.219198e+00  3.252960e+05  5.199789e-01 6 -1.000000e+00  5.030379e+00 1   8.1067 -4.731763e-01 -1.912046e-01 -1 -1.0000 -1.000000e+00 -1.000000e+00 -1.000000e+00 -1.000000e+00 -1.000000e+00 -1.000000e+00 -1 -1.0000 -1.000000e+00 -1.000000e+00 -1.000000e+00 -1.000000e+00 -1.000000e+00 -1.000000e+00  0  1.8660  2.598451e+12  0.000000e+00  0.000000e+00  2.837372e-01  2.260042e+00  4.027777e+00  1  1.8660  6.201188e+10  0.000000e+00  0.000000e+00  1.492405e-01 -2.608278e+01  3.574276e-02  2  1.8660  8.106749e+00  0.000000e+00  0.000000e+00  1.913014e-01 -1.725621e+02  0.000000e+00 
3  2.042423e+01  1.002646e+01  1.042700e+05  9.048599e-01 6 -1.000000e+00  2.574343e+01 1   3.5455 -7.035474e-01 -8.104182e-01 -1 -1.0000 -1.000000e+00 -1.000000e+00 -1.000000e+00 -1.000000e+00 -1.000000e+00 -1.000000e+00 -1 -1.0000 -1.000000e+00 -1.000000e+00 -1.000000e+00 -1.000000e+00 -1.000000e+00 -1.000000e+00  0  0.4240  1.509295e+12  0.000000e+00  0.000000e+00  4.664847e-01  6.184583e+01  1.352110e+01  1  0.4240  6.387012e+10  0.000000e+00  0.000000e+00  1.555009e-01  8.128561e+01  1.633637e-01  2  0.4240  3.545521e+00  0.000000e+00  0.000000e+00  1.229540e-01 -5.229871e+01  0.000000e+00 
3  9.740284e-01  4.556929e-01  2.731010e+05  6.215093e-01 6 -1.000000e+00  1.370902e+00 1  12.6893  3.343587e-01  2.672622e-01 -1 -1.0000 -1.000000e+00 -1.000000e+00 -1.000000e+00 -1.000000e+00 -1.000000e+00 -1.000000e+00 -1 -1.0000 -1.000000e+00 -1.000000e+00 -1.000000e+00 -1.000000e+00 -1.000000e+00 -1.000000e+00  0  0.8890  2.540809e+12  0.000000e+00  0.000000e+00  1.631799e-01 -8.389766e+01  4.454686e+00  1  0.8890  5.581904e+10  0.000000e+00  0.000000e+00  2.010219e-01 -6.316576e+01  1.227730e-01  2  0.8890  1.268927e+01  0.000000e+00  0.000000e+00  2.268116e-01 -7.937863e+01  0.000000e+00 
3  4.230288e+00  3.377059e+00  8.796100e+04  4.289376e-01 6 -1.000000e+00  5.628757e+00 1   6.8518 -2.995550e-02  3.097413e-01 -1 -1.0000 -1.000000e+00 -1.000000e+00 -1.000000e+00 -1.000000e+00 -1.000000e+00 -1.000000e+00 -1 -1.0000 -1.000000e+00 -1.000000e+00 -1.000000e+00 -1.000000e+00 -1.000000e+00 -1.000000e+00  0  1.0580  1.303802e+12  0.000000e+00  0.000000e+00  1.951138e-01  1.466164e+02  6.049253e+00  1  1.0580  3.889578e+10  0.000000e+00  0.000000e+00  1.176510e-01  1.533685e+02  1.038849e-01  2  1.0580  6.851801e+00  0.000000e+00  0.000000e+00  1.505156e-01  9.919640e+01  0.000000e+00 
3  2.356811e+01  1.809507e+01  3.919840e+05  2.076083e-01 6 -1.000000e+00  4.015176e+01 1   3.5052  5.741323e-02  9.020124e-02 -1 -1.0000 -1.000000e+00 -1.000000e+00 -1.000000e+00 -1.000000e+00 -1.000000e+00 -1.000000e+00 -1 -1.0000 -1.000000e+00 -1.000000e+00 -1.000000e+00 -1.000000e+00 -1.000000e+00 -1.000000e+00  0  1.0740  6.808487e+11  0.000000e+00  0.000000e+00  2.164279e-01  8.545684e+01  5.054625e+00  1  1.0740  1.462227e+10  0.000000e+00  0.000000e+00  4.906273e-01  1.399263e+02  3.016470e-02  2  1.0740  3.505190e+00  0.000000e+00  0.000000e+00  7.746672e-02  9.839672e+00  0.000000e+00 
1  2.343910e+00  4.636606e+00  3.804000e+05  9.810495e-02 0  2.756520e-01  4.636606e+00 2  12.8675  5.792012e-02  3.967657e-02  0  2.1810  7.928040e+10  0.000000e+00  0.000000e+00  1.751599e-01 -1.799104e+02  1.843074e+01  1  2.1810  2.571136e+08  0.000000e+00  0.000000e+00  2.027815e-01 -1.520986e+02  3.676623e-02  2  2.1810  3.649253e+11  3.770309e-01 -2.014857e+00  3.903083e-01  1.736136e+02  6.293370e+00  3  2.1810  3.576372e+09  3.770309e-01 -2.014857e+00  4.568454e-01  1.349581e+02  9.564917e-03  4  2.1810  1.286746e+01  0.000000e+00  0.000000e+00  2.374943e-01  1.720896e+02  0.000000e+00 
3  3.723645e+01  4.565332e+01  2.655540e+05  1.573278e+00 6  2.975952e-01  6.959217e+01 3   2.6223 -1.817735e+00  7.641274e-01  0  0.1820  2.764216e+12  0.000000e+00  0.000000e+00  7.079182e-02  6.329586e+01  3.103227e+01  1  0.1820  8.100574e+10  0.000000e+00  0.000000e+00  3.243640e-01 -1.582165e+01  6.116885e-01  2  0.1820  1.714611e+13 -5.771032e+01  1.204739e+01  3.851642e-01 -1.731531e+02  8.244659e+00  3  0.1820  1.929860e+11 -5.771032e+01  1.204739e+01  4.039583e-01 -1.977903e+02  6.973562e-01  4  0.1820  2.622344e+00  0.000000e+00  0.000000e+00  4.055046e-02 -1.989506e+01  0.000000e+00 
3  4.010848e-01  2.707590e-01  6.240100e+04  9.583893e-01 6 -1.000000e+00  5.109215e-01 1  17.2204  2.612543e-01  6.415635e-01 -1 -1.0000 -1.000000e+00 -1.000000e+00 -1.000000e+00 -1.000000e+00 -1.000000e+00 -1.000000e+00 -1 -1.0000 -1.000000e+00 -1.000000e+00 -1.000000e+00 -1.000000e+00 -1.000000e+00 -1.000000e+00  0  0.4970  3.858695e+12  0.000000e+00  0.000000e+00  4.149217e-01 -1.167137e+02  4.306899e+00  1  0.4970  8.930548e+10  0.000000e+00  0.000000e+00  4.662480e-01 -1.197767e+02  1.128347e-01  2  0.4970  1.722038e+01  0.000000e+00  0.000000e+00  3.415452e-02  7.688798e+00  0.000000e+00 
3  5.073340e+00  4.215105e+00  1.728410e+05  6.127503e-01 6 -1.000000e+00  6.669426e+00 1   9.1780 -1.433630e-01 -2.463131e-01 -1 -1.0000 -1.000000e+00 -1.000000e+00 -1.000000e+00 -1.000000e+00 -1.000000e+00 -1.000000e+00 -1 -1.0000 -1.000000e+00 -1.000000e+00 -1.000000e+00 -1.000000e+00 -1.000000e+00 -1.000000e+00  0  0.6080  1.725149e+12  0.000000e+00  0.000000e+00  5.108527e-01  1.022434e+01  3.811404e+00  1  0.6080  5.056632e+10  0.000000e+00  0.000000e+00  2.943080e-01  5.925513e+01  7.044590e-02  2  0.6080  9.178030e+00  0.000000e+00  0.000000e+00  7.457220e-02 -1.628740e+02  0.000000e+00 
3  5.514930e+00  3.041405e+00  3.176100e+05  4.193313e-01 6 -1.000000e+00  6.835945e+00 1   2.7538  2.738095e-01  1.730213e-01 -1 -1.0000 -1.000000e+00 -1.000000e+00 -1.000000e+00 -1.000000e+00 -1.000000e+00 -1.000000e+00 -1 -1.0000 -1.000000e+00 -1.000000e+00 -1.000000e+00 -1.000000e+00 -1.000000e+00 -1.000000e+00  0  0.7180  7.417447e+11  0.000000e+00  0.000000e+00  3.963547e-01  2.884887e+01  6.059339e+00  1  0.7180  3.042705e+10  0.000000e+00  0.000000e+00  3.064841e-01  7.026284e+01  6.449688e-02  2  0.7180  2.753849e+00  0.000000e+00  0.000000e+00  1.199839e-01  1.615364e+02  0.000000e+00 
3  4.915019e+00  8.386998e+00  1.778270e+05  1.078765e+01 6 -1.000000e+00  9.188987e+00 3   9.4927  2.739429e+00 -2.126219e+00 -1 -1.0000 -1.000000e+00 -1.000000e+00 -1.000000e+00 -1.000000e+00 -1.000000e+00 -1.000000e+00 -1 -1.0000 -1.000000e+00 -1.000000e+00 -1.000000e+00 -1.000000e+00 -1.000000e+00 -1.000000e+00  0  0.7910  3.619630e+14  0.000000e+00  0.000000e+00  5.912387e-01 -1.370629e+02  4.750424e+00  1  0.7910  4.449251e+11  0.000000e+00  0.000000e+00  5.035198e-01 -1.333449e+02  3.110016e-01  2  0.7910  9.492730e+00  0.000000e+00  0.000000e+00  2.604085e-02 -4.750876e+01  0.000000e+00 
1  1.765937e+01  3.079766e+01  2.091570e+05  3.536501e+00 0 -1.000000e+00  3.079766e+01 2   2.6606 -6.418095e+00  3.297280e+00 -1 -1.0000 -1.000000e+00 -1.000000e+00 -1.000000e+00 -1.000000e+00 -1.000000e+00 -1.000000e+00 -1 -1.0000 -1.000000e+00 -1.000000e+00 -1.000000e+00 -1.000000e+00 -1.000000e+00 -1.000000e+00  0  0.8200  2.494659e+14  0.000000e+00  0.000000e+00  5.675149e-01 -9.721127e+01  2.728268e+00  1  0.8200  3.731209e+11  0.000000e+00  0.000000e+00  3.277490e-01 -7.112826e+01  3.124077e-01  2  0.8200  2.660599e+00  0.000000e+00  0.000000e+00  8.154537e-02 -1.588329e+02  0.000000e+00 
3  7.237161e+00  4.690925e+00  3.027900e+04  6.749939e-01 6 -1.000000e+00  1.057787e+01 1   5.1374  3.801994e-01 -2.978350e-01 -1 -1.0000 -1.000000e+00 -1.000000e+00 -1.000000e+00 -1.000000e+00 -1.000000e+00 -1.000000e+00 -1 -1.0000 -1.000000e+00 -1.000000e+00 -1.000000e+00 -1.000000e+00 -1.000000e+00 -1.000000e+00  0  0.9000  4.342197e+12  0.000000e+00  0.000000e+00  1.822002e-01 -5.674288e+01  3.594460e+00  1  0.9000  9.252391e+10  0.000000e+00  0.000000e+00  2.676745e-01 -3.058012e+01  6.943527e-02  2  0.9000  5.137370e+00  0.000000e+00  0.000000e+00  1.183798e-01  2.165541e+01  0.000000e+00 
3  2.123498e+01  1.025939e+01  7.191700e+04  3.269629e-01 6 -1.000000e+00  2.649340e+01 1   2.6059  4.103198e-01 -1.807348e-01 -1 -1.0000 -1.000000e+00 -1.000000e+00 -1.000000e+00 -1.000000e+00 -1.000000e+00 -1.000000e+00 -1 -1.0000 -1.000000e+00 -1.000000e+00 -1.000000e+00 -1.000000e+00 -1.000000e+00 -1.000000e+00  0  1.0150  1.726800e+12  0.000000e+00  0.000000e+00  1.093730e-01 -1.699086e+01  5.905872e+00  1  1.0150  5.317663e+10  0.000000e+00  0.000000e+00  5.134078e-01 -1.218722e+01  5.911312e-02  2  1.0150  2.605917e+00  0.000000e+00  0.000000e+00  8.608246e-02 -1.713972e+02  0.000000e+00 
3  3.583572e+01  3.697660e+01  1.046900e+05  2.454820e-01 6  2.944553e-01  7.559319e+01 3   2.2622  6.751209e-01 -1.172065e+00  0  1.0380  5.268056e+11  0.000000e+00  0.000000e+00  2.727255e-01 -1.843793e+01  1.432246e+01  1  1.0380  1.929246e+10  0.000000e+00  0.000000e+00  2.258895e-01  2.203212e+01  1.234128e-01  2  1.0380  1.260566e+13  5.771991e+00 -8.745834e+00  4.444386e-01 -1.406051e+02  8.172267e+00  3  1.0380  1.381520e+11  5.771991e+00 -8.745834e+00  3.039965e-01 -2.095825e+02  1.297402e-01  4  1.0380  2.262190e+00  0.000000e+00  0.000000e+00  3.698345e-02  1.738100e+02  0.000000e+00 
3  7.238810e+00  4.272738e+00  1.190510e+05  2.925123e-01 6 -1.000000e+00  9.887080e+00 1   4.9942 -1.711652e-01 -4.895001e-02 -1 -1.0000 -1.000000e+00 -1.000000e+00 -1.000000e+00 -1.000000e+00 -1.000000e+00 -1.000000e+00 -1 -1.0000 -1.000000e+00 -1.000000e+00 -1.000000e+00 -1.000000e+00 -1.000000e+00 -1.000000e+00  0  1.7620  1.287180e+12  0.000000e+00  0.000000e+00  2.119210e-01 -1.026946e+02  3.434881e+00  1  1.7620  2.477447e+10  0.000000e+00  0.000000e+00  2.855345e-01 -9.931464e+01  6.761874e-02  2  1.7620  4.994153e+00  0.000000e+00  0.000000e+00  1.057743e-01 -1.305394e+02  0.000000e+00 
3  1.243303e+01  1.686351e+01  2.915650e+05  1.491141e-01 6 -1.000000e+00  1.837892e+01 1   6.2003  2.584241e-02  4.585726e-02 -1 -1.0000 -1.000000e+00 -1.000000e+00 -1.000000e+00 -1.000000e+00 -1.000000e+00 -1.000000e+00 -1 -1.0000 -1.000000e+00 -1.000000e+00 -1.000000e+00 -1.000000e+00 -1.000000e+00 -1.000000e+00  0  1.9450  4.386190e+11  0.000000e+00  0.000000e+00  3.108566e-01 -1.117529e+02  7.554276e+00  1  1.9450  4.745367e+09  0.000000e+00  0.000000e+00  2.754861e-01 -7.600988e+01  5.113482e-02  2  1.9450  6.200302e+00  0.000000e+00  0.000000e+00  1.412685e-01 -1.023599e+02  0.000000e+00 
3  6.722424e+00  3.631577e+00  1.397600e+05  4.269137e-01 6 -1.000000e+00  1.115180e+01 1   6.9187  2.171267e-01 -2.911268e-01 -1 -1.0000 -1.000000e+00 -1.000000e+00 -1.000000e+00 -1.000000e+00 -1.000000e+00 -1.000000e+00 -1 -1.0000 -1.000000e+00 -1.000000e+00 -1.000000e+00 -1.000000e+00 -1.000000e+00 -1.000000e+00  0  2.0710  2.850747e+12  0.000000e+00  0.000000e+00  2.795573e-01  3.507833e+01  4.172528e+00  1  2.0710  6.241767e+10  0.000000e+00  0.000000e+00  4.795372e-01  2.684894e+01  4.055648e-02  2  2.0710  6.918657e+00  0.000000e+00  0.000000e+00  5.868220e-02  1.163417e+02  0.000000e+00 
3  2.129742e+00  1.471911e+00  3.659130e+05  1.554941e-01 6 -1.000000e+00  3.573205e+00 1   9.4853 -1.068198e-01 -2.699930e-02 -1 -1.0000 -1.000000e+00 -1.000000e+00 -1.000000e+00 -1.000000e+00 -1.000000e+00 -1.000000e+00 -1 -1.0000 -1.000000e+00 -1.000000e+00 -1.000000e+00 -1.000000e+00 -1.000000e+00 -1.000000e+00  0  2.4200  6.388215e+11  0.000000e+00  0.000000e+00  3.817141e-01 -8.829173e+01  4.461148e+00  1  2.4200  8.431213e+09  0.000000e+00  0.000000e+00  4.034621e-01 -1.658034e+02  2.253766e-02  2  2.4200  9.485324e+00  0.000000e+00  0.000000e+00  1.463058e-01  1.518770e+02  0.000000e+00 
3  1.896717e+01  7.327531e+00  1.553200e+04  2.292181e-01 6 -1.000000e+00  2.289521e+01 1   3.5678  2.957789e-01 -8.543356e-02 -1 -1.0000 -1.000000e+00 -1.000000e+00 -1.000000e+00 -1.000000e+00 -1.000000e+00 -1.000000e+00 -1 -1.0000 -1.000000e+00 -1.000000e+00 -1.000000e+00 -1.000000e+00 -1.000000e+00 -1.000000e+00  0  2.6930  2.662347e+12  0.000000e+00  0.000000e+00  4.652781e-01 -1.459703e+01  6.325577e+00  1  2.6930  6.467241e+10  0.000000e+00  0.000000e+00  2.730778e-01 -8.612402e+00  2.270089e-02  2  2.6930  3.567837e+00  0.000000e+00  0.000000e+00  8.798947e-02 -1.497222e+02  0.000000e+00 
1  1.321321e+01  2.797110e+01  2.298560e+05  4.452264e+00 0 -1.000000e+00  2.797110e+01 2   4.5831 -7.877198e+00 -3.783441e+00 -1 -1.0000 -1.000000e+00 -1.000000e+00 -1.000000e+00 -1.000000e+00 -1.000000e+00 -1.000000e+00 -1 -1.0000 -1.000000e+00 -1.000000e+00 -1.000000e+00 -1.000000e+00 -1.000000e+00 -1.000000e+00  0  0.1430  1.249368e+14  0.000000e+00  0.000000e+00  3.736784e-01 -7.292412e+01  8.947397e+00  1  0.1430  3.922841e+11  0.000000e+00  0.000000e+00  2.096285e-01 -8.132922e+01  2.665851e+00  2  0.1430  4.583098e+00  0.000000e+00  0.000000e+00  2.030540e-01  1.297841e+02  0.000000e+00 
3  7.774098e+00  6.672825e+00  7.533000e+03  1.245116e+00 6 -1.000000e+00  1.432649e+01 3   6.0380  2.093967e-01 -6.421848e-01 -1 -1.0000 -1.000000e+00 -1.000000e+00 -1.000000e+00 -1.000000e+00 -1.000000e+00 -1.000000e+00 -1 -1.0000 -1.000000e+00 -1.000000e+00 -1.000000e+00 -1.000000e+00 -1.000000e+00 -1.000000e+00  0  0.4150  9.448303e+12  0.000000e+00  0.000000e+00  1.281615e-02  6.893556e+00  1.021894e+01  1  0.4150  1.255207e+11  0.000000e+00  0.000000e+00  5.570329e-01  1.491734e+01  2.671152e-01  2  0.4150  6.037998e+00  0.000000e+00  0.000000e+00  1.063734e-01  6.172415e+01  0.000000e+00 
1  1.065441e+01  2.011197e+01  3.256740e+05  5.319178e+00 0 -1.000000e+00  2.011197e+01 2   6.5990  7.007617e+00  1.905848e+01 -1 -1.0000 -1.000000e+00 -1.000000e+00 -1.000000e+00 -1.000000e+00 -1.000000e+00 -1.000000e+00 -1 -1.0000 -1.000000e+00 -1.000000e+00 -1.000000e+00 -1.000000e+00 -1.000000e+00 -1.000000e+00  0  0.4550  3.278293e+14  0.000000e+00  0.000000e+00  4.701664e-01 -2.093348e+01  4.346160e+00  1  0.4550  4.577925e+11  0.000000e+00  0.000000e+00  3.712255e-01 -3.347289e+01  1.189072e+00  2  0.4550  6.599004e+00  0.000000e+00  0.000000e+00  8.536651e-02  1.671651e+02  0.000000e+00 
1  2.686912e+01  4.836746e+01  8.737500e+04  1.151699e+00 0  2.744279e-01  4.836746e+01 2   2.9491  1.821111e+00  1.867619e+00  0  1.0340  1.214506e+13  0.000000e+00  0.000000e+00  4.646519e-01 -6.599280e-01  8.766349e+00  1  1.0340  1.020287e+11  0.000000e+00  0.000000e+00  2.081493e-01 -1.527961e+01  1.558285e-01  2  1.0340  2.850592e+13  3.381089e+01  6.590235e+00  6.160901e-02 -1.493763e+02  3.264710e+00  3  1.0340  1.947356e+11  3.381089e+01  6.590235e+00  1.549326e-02 -1.198706e+02  2.764854e-01  4  1.0340  2.949097e+00  0.000000e+00  0.000000e+00  7.487211e-02  7.372483e+01  0.000000e+00 
3  7.245684e+00  1.017350e+01  1.963630e+05  3.309438e-01 6 -1.000000e+00  1.163831e+01 1   4.2362 -1.142986e-01 -8.625012e-02 -1 -1.0000 -1.000000e+00 -1.000000e+00 -1.000000e+00 -1.000000e+00 -1.000000e+00 -1.000000e+00 -1 -1.0000 -1.000000e+00 -1.000000e+00 -1.000000e+00 -1.000000e+00 -1.000000e+00 -1.000000e+00  0  1.0550  7.807070e+11  0.000000e+00  0.000000e+00  2.091823e-01  3.772870e+01  9.532300e+00  1  1.0550  2.525235e+10  0.000000e+00  0.000000e+00  9.956260e-02  7.803528e+01  1.520444e-01  2  1.0550  4.236179e+00  0.000000e+00  0.000000e+00  3.889444e-02  7.069180e+00  0.000000e+00 
3  7.965149e+00  3.726508e+00  2.553990e+05  4.795354e-01 6 -1.000000e+00  1.066752e+01 1   2.7435  1.294922e-01  4.175192e-01 -1 -1.0000 -1.000000e+00 -1.000000e+00 -1.000000e+00 -1.000000e+00 -1.000000e+00 -1.000000e+00 -1 -1.0000 -1.000000e+00 -1.000000e+00 -1.000000e+00 -1.000000e+00 -1.000000e+00 -1.000000e+00  0  1.1870  2.621910e+12  0.000000e+00  0.000000e+00  2.816491e-01 -1.647804e+02  3.937740e+00  1  1.1870  7.824913e+10  0.000000e+00  0.000000e+00  1.718059e-01 -1.342360e+02  5.890570e-02  2  1.1870  2.743518e+00  0.000000e+00  0.000000e+00  1.957082e-02  3.362703e+00  0.000000e+00 
3  1.243485e+01  6.565114e+00  2.393890e+05  2.936477e-01 6 -1.000000e+00  1.887764e+01 1   3.5149 -1.200026e-01  2.405379e-01 -1 -1.0000 -1.000000e+00 -1.000000e+00 -1.000000e+00 -1.000000e+00 -1.000000e+00 -1.000000e+00 -1 -1.0000 -1.000000e+00 -1.000000e+00 -1.000000e+00 -1.000000e+00 -1.000000e+00 -1.000000e+00  0  1.2500  1.393527e+12  0.000000e+00  0.000000e+00  3.751287e-01 -1.677793e+02  5.377443e+00  1  1.2500  4.082781e+10  0.000000e+00  0.000000e+00  3.856815e-01 -2.025013e+02  9.200450e-02  2  1.2500  3.514902e+00  0.000000e+00  0.000000e+00  5.972333e-02  2.183365e+00  0.000000e+00 
3  2.881293e+01  1.366931e+01  2.082020e+05  5.612420e-01 6 -1.000000e+00  3.719340e+01 1   4.8746  5.104661e-01 -2.400810e-01 -1 -1.0000 -1.000000e+00 -1.000000e+00 -1.000000e+00 -1.000000e+00 -1.000000e+00 -1.000000e+00 -1 -1.0000 -1.000000e+00 -1.000000e+00 -1.000000e+00 -1.000000e+00 -1.000000e+00 -1.000000e+00  0  1.3300  2.074282e+12  0.000000e+00  0.000000e+00  1.124242e-01 -7.226564e+01  5.310900e+00  1  1.3300  8.145746e+10  0.000000e+00  0.000000e+00  4.419353e-01 -4.965898e+01  1.124003e-01  2  1.3300  4.874553e+00  0.000000e+00  0.000000e+00  8.025056e-02  1.323936e+02  0.000000e+00 
3  7.652637e+00  5.911334e+00  3.101360e+05  4.944627e-01 6 -1.000000e+00  9.988684e+00 1   7.6482  2.719297e-01 -2.460988e-01 -1 -1.0000 -1.000000e+00 -1.000000e+00 -1.000000e+00 -1.000000e+00 -1.000000e+00 -1.000000e+00 -1 -1.0000 -1.000000e+00 -1.000000e+00 -1.000000e+00 -1.000000e+00 -1.000000e+00 -1.000000e+00  0  1.5090  1.459183e+12  0.000000e+00  0.000000e+00  3.413724e-01  1.782789e+02  5.320405e+00  1  1.5090  5.423816e+10  0.000000e+00  0.000000e+00  1.548173e-01  2.071852e+02  3.524081e-02  2  1.5090  7.648242e+00  0.000000e+00  0.000000e+00  1.307134e-01  1.240563e+02  0.000000e+00 
3  2.210716e+00  2.077917e+00  3.341550e+05  8.113983e-01 6  2.753197e-01  2.910838e+00 1  10.5802 -3.239689e+00  7.985346e-01  0  1.5790  1.311131e+12  0.000000e+00  0.000000e+00  1.718896e-01  8.721321e+01  1.499917e+01  1  1.5790  3.426929e+10  0.000000e+00  0.000000e+00  1.230380e-01  1.287342e+02  4.744467e-02  2  1.5790  3.875916e+13 -3.738025e+01  1.410924e+01  8.541449e-02 -6.302306e+01  4.487391e+00  3  1.5790  1.368934e+11 -3.738025e+01  1.410924e+01  5.221964e-01 -8.293627e+01  1.456631e-01  4  1.5790  1.058018e+01  0.000000e+00  0.000000e+00  9.264874e-02  1.051944e+02  0.000000e+00 
1  5.743759e+00  1.058466e+01  3.605110e+05  1.960788e+00 0  2.701169e-01  1.058466e+01 2   7.7977  5.150418e-01 -2.637557e+00  0  1.6620  1.859959e+13  0.000000e+00  0.000000e+00  3.977381e-01 -6.643813e+01  5.739811e+00  1  1.6620  1.047213e+11  0.000000e+00  0.000000e+00  2.633983e-01 -4.721939e+01  8.579885e-02  2  1.6620  5.377587e+13  8.213822e+00 -2.463571e+01  2.918381e-01  1.510775e+02  2.634471e+00  3  1.6620  2.082626e+11  8.213822e+00 -2.463571e+01  4.769360e-01  1.098112e+02  4.681294e-02  4  1.6620  7.797732e+00  0.000000e+00  0.000000e+00  2.336994e-01 -1.568822e+02  0.000000e+00 
3  2.863583e+01  3.180311e+01  1.509250e+05  3.166465e-01 6 -1.000000e+00  4.588923e+01 1   3.9745  5.437669e-02  7.942146e-02 -1 -1.0000 -1.000000e+00 -1.000000e+00 -1.000000e+00 -1.000000e+00 -1.000000e+00 -1.000000e+00 -1 -1.0000 -1.000000e+00 -1.000000e+00 -1.000000e+00 -1.000000e+00 -1.000000e+00 -1.000000e+00  0  1.7290  1.636795e+12  0.000000e+00  0.000000e+00  1.935216e-01 -8.499633e+00  4.289010e+00  1  1.7290  4.269715e+10  0.000000e+00  0.000000e+00  7.137648e-02  1.521287e+01  6.363362e-02  2  1.7290  3.974548e+00  0.000000e+00  0.000000e+00  9.059799e-02 -1.653910e+02  0.000000e+00 
3  3.576199e+01  4.811669e+01  2.621070e+05  1.129505e+00 6  2.950601e-01  5.418813e+01 1   4.2993  1.502349e+00  2.213717e-01  0  0.3180  1.863365e+12  0.000000e+00  0.000000e+00  1.813585e-01 -2.324814e+01  2.698453e+01  1  0.3180  7.421364e+10  0.000000e+00  0.000000e+00  4.548096e-01 -2.768362e+01  4.172116e-01  2  0.3180  1.116720e+13  5.286703e+01  2.328759e+01  3.189047e-01  7.332405e+01  5.962577e+00  3  0.3180  1.099922e+11  5.286703e+01  2.328759e+01  1.668639e-01  1.217561e+02  2.579061e-01  4  0.3180  4.299331e+00  0.000000e+00  0.000000e+00  6.526879e-02 -7.571801e+01  0.000000e+00 
3  1.336835e+01  1.421842e+01  1.686310e+05  5.497357e-01 6 -1.000000e+00  1.822332e+01 1   3.9152 -2.576937e-01 -2.966119e-01 -1 -1.0000 -1.000000e+00 -1.000000e+00 -1.000000e+00 -1.000000e+00 -1.000000e+00 -1.000000e+00 -1 -1.0000 -1.000000e+00 -1.000000e+00 -1.000000e+00 -1.000000e+00 -1.000000e+00 -1.000000e+00  0  0.3980  3.365328e+12  0.000000e+00  0.000000e+00  4.060718e-01 -1.413002e+02  7.381975e+00  1  0.3980  5.301841e+10  0.000000e+00  0.000000e+00  4.567025e-01 -1.562880e+02  2.093393e-01  2  0.3980  3.915151e+00  0.000000e+00  0.000000e+00  2.769485e-02 -1.515470e+02  0.000000e+00 
1  2.829036e+01  5.319399e+01  3.198680e+05  5.913976e-01 0  3.204423e-01  5.319399e+01 2   5.4824  2.809738e+00 -1.854091e+00  0  0.4820  4.949778e+11  0.000000e+00  0.000000e+00  4.246698e-01  1.092177e+02  2.556082e+01  1  0.4820  2.137882e+10  0.000000e+00  0.000000e+00  2.586947e-01  1.041485e+02  3.026526e-01  2  0.4820  3.718955e+13  6.552542e+01 -4.807867e+01  4.044601e-01 -1.201981e+02  6.255352e+00  3  0.4820  2.823475e+11  6.552542e+01 -4.807867e+01  1.531798e-01 -1.182123e+02  3.084269e-01  4  0.4820  5.482424e+00  0.000000e+00  0.000000e+00  7.981045e-02 -8.281543e+01  0.000000e+00 
3  6.976537e+00  2.921911e+00  1.849910e+05  8.972991e-01 6 -1.000000e+00  9.073605e+00 1   6.2434  6.743335e-01  4.405924e-02 -1 -1.0000 -1.000000e+00 -1.000000e+00 -1.000000e+00 -1.000000e+00 -1.000000e+00 -1.000000e+00 -1 -1.0000 -1.000000e+00 -1.000000e+00 -1.000000e+00 -1.000000e+00 -1.000000e+00 -1.000000e+00  0  0.6290  1.961111e+12  0.000000e+00  0.000000e+00  5.244100e-01 -4.962480e+01  8.522394e+00  1  0.6290  6.942394e+10  0.000000e+00  0.000000e+00  4.438053e-01 -7.633388e+01  1.537610e-01  2  0.6290  6.243405e+00  0.000000e+00  0.000000e+00  1.282978e-01  1.386456e+01  0.000000e+00 
3  9.820456e+00  6.518170e+00  2.887780e+05  7.290503e-01 6 -1.000000e+00  1.232424e+01 1   3.1224  5.846682e-01  4.408646e-01 -1 -1.0000 -1.000000e+00 -1.000000e+00 -1.000000e+00 -1.000000e+00 -1.000000e+00 -1.000000e+00 -1 -1.0000 -1.000000e+00 -1.000000e+00 -1.000000e+00 -1.000000e+00 -1.000000e+00 -1.000000e+00  0  0.7070  9.326815e+12  0.000000e+00  0.000000e+00  7.473035e-01  1.403218e+01  4.722127e+00  1  0.7070  1.250564e+11  0.000000e+00  0.000000e+00  3.951039e-01  3.462311e+01  1.963017e-01  2  0.7070  3.122421e+00  0.000000e+00  0.000000e+00  3.090841e-02  1.392735e+02  0.000000e+00 
3  6.150739e+00  5.204920e+00  2.080610e+05  4.750601e-01 6 -1.000000e+00  1.016065e+01 1   5.6690 -2.810855e-02 -2.541355e-01 -1 -1.0000 -1.000000e+00 -1.000000e+00 -1.000000e+00 -1.000000e+00 -1.000000e+00 -1.000000e+00 -1 -1.0000 -1.000000e+00 -1.000000e+00 -1.000000e+00 -1.000000e+00 -1.000000e+00 -1.000000e+00  0  0.7190  3.076441e+12  0.000000e+00  0.000000e+00  4.780008e-01 -1.569006e+02  3.300896e+00  1  0.7190  5.870664e+10  0.000000e+00  0.000000e+00  2.059712e-03 -1.115051e+02  2.353788e-01  2  0.7190  5.668997e+00  0.000000e+00  0.000000e+00  1.284986e-02  8.151926e+00  0.000000e+00 
5  2.230525e+00  5.616785e+00  2.871850e+05  7.871806e-01 6 -1.000000e+00  6.498481e+00 3  16.3617  1.928385e-02  4.429031e-02 -1 -1.0000 -1.000000e+00 -1.000000e+00 -1.000000e+00 -1.000000e+00 -1.000000e+00 -1.000000e+00 -1 -1.0000 -1.000000e+00 -1.000000e+00 -1.000000e+00 -1.000000e+00 -1.000000e+00 -1.000000e+00  0  0.7420  4.247564e+12  0.000000e+00  0.000000e+00  1.796889e-01  7.148365e+01  4.878323e+00  1  0.7420  7.782673e+10  0.000000e+00  0.000000e+00  2.727978e-02  9.752435e+01  1.675372e-01  2  0.7420  1.636173e+01  0.000000e+00  0.000000e+00  1.213090e-01 -1.342939e+01  0.000000e+00 
3  4.165834e+01  5.213149e+01  3.403090e+05  1.608436e-01 6 -1.000000e+00  5.689944e+01 1   2.2135 -6.131551e-02  5.693234e-02 -1 -1.0000 -1.000000e+00 -1.000000e+00 -1.000000e+00 -1.000000e+00 -1.000000e+00 -1.000000e+00 -1 -1.0000 -1.000000e+00 -1.000000e+00 -1.000000e+00 -1.000000e+00 -1.000000e+00 -1.000000e+00  0  1.0380  6.100204e+11  0.000000e+00  0.000000e+00  3.319517e-01 -9.404781e+01  5.034321e+00  1  1.0380  1.485614e+10  0.000000e+00  0.000000e+00  3.880878e-01 -3.801121e+01  6.219035e-02  2  1.0380  2.213504e+00  0.000000e+00  0.000000e+00  4.651571e-02  1.134786e+02  0.000000e+00 
3  2.028562e+01  1.825467e+01  7.362600e+04  4.501804e-01 6  2.787725e-01  3.975415e+01 3   2.2992 -3.329365e-02  6.965426e-01  0  1.1570  2.846435e+12  0.000000e+00  0.000000e+00  1.629383e-01 -1.555402e+02  1.069510e+01  1  1.1570  7.465100e+10  0.000000e+00  0.000000e+00  5.180283e-01 -1.717154e+02  5.901215e-02  2  1.1570  1.434766e+13 -1.407930e+01  4.694838e+01  2.750892e-01  1.507864e+01  4.025723e+00  3  1.1570  1.208435e+11 -1.407930e+01  4.694838e+01  4.304877e-02 -1.265955e+01  1.237178e-01  4  1.1570  2.299190e+00  0.000000e+00  0.000000e+00  4.795294e-02 -1.030929e+02  0.000000e+00 
1  2.010948e+00  3.528415e+00  2.181400e+05  5.064790e-02 0  2.829633e-01  3.528415e+00 2  18.5742  2.138896e-01 -1.246652e-01  0  1.9860  4.019850e+10  0.000000e+00  0.000000e+00  2.738096e-01 -1.440483e+02  1.950491e+01  1  1.9860  8.804354e+07  0.000000e+00  0.000000e+00  2.874430e-01 -1.562475e+02  9.290855e-02  2  1.9860  5.283191e+11  6.122023e+00 -2.899602e+00  3.222554e-01  1.105080e+02  3.847360e+00  3  1.9860  5.367984e+09  6.122023e+00 -2.899602e+00  2.375881e-01  7.242725e+01  2.687441e-02  4  1.9860  1.857416e+01  0.000000e+00  0.000000e+00  1.177636e-01 -1.295572e+02  0.000000e+00 
3  1.326193e+01  1.051123e+01  3.962970e+05  8.139914e-02 6 -1.000000e+00  2.072933e+01 1   4.5546  4.238397e-03  4.851609e-02 -1 -1.0000 -1.000000e+00 -1.000000e+00 -1.000000e+00 -1.000000e+00 -1.000000e+00 -1.000000e+00 -1 -1.0000 -1.000000e+00 -1.000000e+00 -1.000000e+00 -1.000000e+00 -1.000000e+00 -1.000000e+00  0  2.0600  3.799183e+11  0.000000e+00  0.000000e+00  2.449926e-01  2.990414e+01  8.159900e+00  1  2.0600  2.170310e+09  0.000000e+00  0.000000e+00  2.758785e-01  3.243382e+01  1.246782e-02  2  2.0600  4.554566e+00  0.000000e+00  0.000000e+00  1.023321e-01 -1.151383e+02  0.000000e+00 
3  3.819439e+00  5.314181e+00  1.946590e+05  6.741590e+00 6 -1.000000e+00  6.044795e+00 1  12.2354 -4.119503e+00 -1.367235e+00 -1 -1.0000 -1.000000e+00 -1.000000e+00 -1.000000e+00 -1.000000e+00 -1.000000e+00 -1.000000e+00 -1 -1.0000 -1.000000e+00 -1.000000e+00 -1.000000e+00 -1.000000e+00 -1.000000e+00 -1.000000e+00  0  0.6940  1.245963e+14  0.000000e+00  0.000000e+00  7.152296e-01 -6.217958e+01  5.853333e+00  1  0.6940  3.218598e+11  0.000000e+00  0.000000e+00  4.099139e-01 -9.642653e+01  5.608748e-01  2  0.6940  1.223538e+01  0.000000e+00  0.000000e+00  1.077622e-01 -6.719434e+01  0.000000e+00 
3  1.622281e+01  7.714026e+00  2.270670e+05  4.443264e-01 6 -1.000000e+00  2.391523e+01 1   2.8600 -4.258412e-01  1.695376e-02 -1 -1.0000 -1.000000e+00 -1.000000e+00 -1.000000e+00 -1.000000e+00 -1.000000e+00 -1.000000e+00 -1 -1.0000 -1.000000e+00 -1.000000e+00 -1.000000e+00 -1.000000e+00 -1.000000e+00 -1.000000e+00  0  0.8100  1.301086e+12  0.000000e+00  0.000000e+00  2.651430e-01 -8.785287e+01  8.021831e+00  1  0.8100  4.551391e+10  0.000000e+00  0.000000e+00  3.819794e-01 -1.462739e+02  7.826439e-02  2  0.8100  2.860038e+00  0.000000e+00  0.000000e+00  5.910629e-02 -5.434910e+01  0.000000e+00 
3  7.440654e+00  4.862965e+00  1.192420e+05  5.466856e-01 6 -1.000000e+00  1.146268e+01 1   8.2810 -1.424055e-01 -4.129392e-01 -1 -1.0000 -1.000000e+00 -1.000000e+00 -1.000000e+00 -1.000000e+00 -1.000000e+00 -1.000000e+00 -1 -1.0000 -1.000000e+00 -1.000000e+00 -1.000000e+00 -1.000000e+00 -1.000000e+00 -1.000000e+00  0  0.8410  2.006657e+12  0.000000e+00  0.000000e+00  1.646927e-01  1.631316e+02  7.314073e+00  1  0.8410  5.816982e+10  0.000000e+00  0.000000e+00  2.606258e-01  1.817001e+02  1.753426e-01  2  0.8410  8.280959e+00  0.000000e+00  0.000000e+00  8.493479e-02  9.087612e+01  0.000000e+00 
3  1.240332e+01  1.951328e+01  7.888600e+04  4.386509e-01 6 -1.000000e+00  2.647524e+01 3   6.2925  4.501798e-02  9.849240e-02 -1 -1.0000 -1.000000e+00 -1.000000e+00 -1.000000e+00 -1.000000e+00 -1.000000e+00 -1.000000e+00 -1 -1.0000 -1.000000e+00 -1.000000e+00 -1.000000e+00 -1.000000e+00 -1.000000e+00 -1.000000e+00  0  0.9340  1.098407e+12  0.000000e+00  0.000000e+00  3.969618e-01  1.565239e+02  5.014693e+00  1  0.9340  4.662130e+10  0.000000e+00  0.000000e+00  2.869403e-01  1.532504e+02  6.072589e-02  2  0.9340  6.292506e+00  0.000000e+00  0.000000e+00  1.834061e-01  5.974283e+01  0.000000e+00 
3  1.228038e+01  2.416351e+01  1.507310e+05  1.573972e+00 6 -1.000000e+00  7.726656e+01 2   5.6888  2.232416e-01 -2.676129e-01 -1 -1.0000 -1.000000e+00 -1.000000e+00 -1.000000e+00 -1.000000e+00 -1.000000e+00 -1.000000e+00 -1 -1.0000 -1.000000e+00 -1.000000e+00 -1.000000e+00 -1.000000e+00 -1.000000e+00 -1.000000e+00  0  1.0440  1.570478e+13  0.000000e+00  0.000000e+00  3.475862e-01  1.308601e+02  6.596212e+00  1  1.0440  1.197419e+11  0.000000e+00  0.000000e+00  4.939541e-01  1.224736e+02  8.298070e-02  2  1.0440  5.688798e+00  0.000000e+00  0.000000e+00  4.312005e-02 -1.374171e+02  0.000000e+00 
3  1.177748e+01  1.924825e+01  1.893510e+05  1.107768e+00 6 -1.000000e+00  2.099656e+01 3   5.7971 -5.302358e-02 -2.217549e-01 -1 -1.0000 -1.000000e+00 -1.000000e+00 -1.000000e+00 -1.000000e+00 -1.000000e+00 -1.000000e+00 -1 -1.0000 -1.000000e+00 -1.000000e+00 -1.000000e+00 -1.000000e+00 -1.000000e+00 -1.000000e+00  0  1.0490  1.062795e+13  0.000000e+00  0.000000e+00  1.602092e-01 -1.291827e+02  5.300728e+00  1  1.0490  1.228229e+11  0.000000e+00  0.000000e+00  9.661839e-02 -1.560658e+02  7.890645e-02  2  1.0490  5.797069e+00  0.000000e+00  0.000000e+00  1.684428e-01  1.073670e+02  0.000000e+00 
2  1.117582e+01  6.013540e+00  3.665350e+05  7.287088e-01 6 -1.000000e+00  1.487800e+01 1   4.9622  8.046354e-02  4.492759e-01 -1 -1.0000 -1.000000e+00 -1.000000e+00 -1.000000e+00 -1.000000e+00 -1.000000e+00 -1.000000e+00 -1 -1.0000 -1.000000e+00 -1.000000e+00 -1.000000e+00 -1.000000e+00 -1.000000e+00 -1.000000e+00  0  1.0980  1.951130e+12  0.000000e+00  0.000000e+00  2.236125e-01  4.482917e+01  3.756215e+00  1  1.0980  7.426119e+10  0.000000e+00  0.000000e+00  4.035413e-01  7.813846e+01  3.713852e-02  2  1.0980  4.962185e+00  0.000000e+00  0.000000e+00  1.111077e-01 -1.613757e+02  0.000000e+00 
1  5.829306e+01  1.257542e+02  7.080200e+04  2.723565e+00 0 -1.000000e+00  1.257542e+02 2   3.2881 -2.702186e+00  2.880747e+00 -1 -1.0000 -1.000000e+00 -1.000000e+00 -1.000000e+00 -1.000000e+00 -1.000000e+00 -1.000000e+00 -1 -1.0000 -1.000000e+00 -1.000000e+00 -1.000000e+00 -1.000000e+00 -1.000000e+00 -1.000000e+00  0  1.1530  1.086292e+14  0.000000e+00  0.000000e+00  2.606543e-01 -1.221427e+02  4.191799e+00  1  1.1530  2.110267e+11  0.000000e+00  0.000000e+00  3.822313e-01 -1.546957e+02  1.632606e-01  2  1.1530  3.288142e+00  0.000000e+00  0.000000e+00  9.758950e-02  3.833750e+01  0.000000e+00 
3  6.810309e+00  6.929233e+00  3.896470e+05  1.307972e-01 6 -1.000000e+00  8.814806e+00 1   8.9782  6.075507e-02  4.776308e-02 -1 -1.0000 -1.000000e+00 -1.000000e+00 -1.000000e+00 -1.000000e+00 -1.000000e+00 -1.000000e+00 -1 -1.0000 -1.000000e+00 -1.000000e+00 -1.000000e+00 -1.000000e+00 -1.000000e+00 -1.000000e+00  0  1.4390  6.421839e+11  0.000000e+00  0.000000e+00  2.637340e-01 -1.590719e+02  3.376232e+00  1  1.4390  7.379645e+09  0.000000e+00  0.000000e+00  1.354495e-01 -1.770291e+02  7.422243e-02  2  1.4390  8.978204e+00  0.000000e+00  0.000000e+00  2.785126e-01 -1.601798e+02  0.000000e+00 
3  3.403615e+01  1.316160e+01  1.697930e+05  5.167401e-01 6 -1.000000e+00  4.068774e+01 1   5.1166  4.917777e-01  1.520639e-01 -1 -1.0000 -1.000000e+00 -1.000000e+00 -1.000000e+00 -1.000000e+00 -1.000000e+00 -1.000000e+00 -1 -1.0000 -1.000000e+00 -1.000000e+00 -1.000000e+00 -1.000000e+00 -1.000000e+00 -1.000000e+00  0  1.5150  1.542158e+12  0.000000e+00  0.000000e+00  2.793697e-01  1.735811e+02  2.443675e+00  1  1.5150  8.155666e+10  0.000000e+00  0.000000e+00  3.554971e-01  1.192784e+02  8.531275e-02  2  1.5150  5.116558e+00  0.000000e+00  0.000000e+00  7.477805e-02  2.911556e+01  0.000000e+00 
1  1.777907e+01  3.496382e+01  1.886410e+05  1.281608e+00 0 -1.000000e+00  3.496382e+01 2   8.4151 -6.476474e-02  1.286458e+00 -1 -1.0000 -1.000000e+00 -1.000000e+00 -1.000000e+00 -1.000000e+00 -1.000000e+00 -1.000000e+00 -1 -1.0000 -1.000000e+00 -1.000000e+00 -1.000000e+00 -1.000000e+00 -1.000000e+00 -1.000000e+00  0  0.3870  1.422135e+13  0.000000e+00  0.000000e+00  6.005848e-01  1.378624e+01  7.822592e+00  1  0.3870  1.263707e+11  0.000000e+00  0.000000e+00  1.654730e-01  2.635296e+01  3.250717e-01  2  0.3870  8.415145e+00  0.000000e+00  0.000000e+00  1.332941e-01  1.731063e+02  0.000000e+00 
3  7.128973e+00  6.648890e+00  2.012870e+05  1.328807e+00 6 -1.000000e+00  8.975076e+00 1   6.1968  4.892776e-01 -6.826464e-01 -1 -1.0000 -1.000000e+00 -1.000000e+00 -1.000000e+00 -1.000000e+00 -1.000000e+00 -1.000000e+00 -1 -1.0000 -1.000000e+00 -1.000000e+00 -1.000000e+00 -1.000000e+00 -1.000000e+00 -1.000000e+00  0  0.5530  2.445320e+12  0.000000e+00  0.000000e+00  3.042053e-01  9.417726e+01  1.624631e+01  1  0.5530  9.568474e+10  0.000000e+00  0.000000e+00  2.011321e-01  1.387097e+02  9.534517e-02  2  0.5530  6.196801e+00  0.000000e+00  0.000000e+00  1.380626e-01 -5.130992e+01  0.000000e+00 
3  1.626977e+01  2.179797e+01  2.132500e+05  1.854017e-01 6 -1.000000e+00  2.380492e+01 1   4.7542  3.296437e-03 -6.411339e-02 -1 -1.0000 -1.000000e+00 -1.000000e+00 -1.000000e+00 -1.000000e+00 -1.000000e+00 -1.000000e+00 -1 -1.0000 -1.000000e+00 -1.000000e+00 -1.000000e+00 -1.000000e+00 -1.000000e+00 -1.000000e+00  0  0.6610  2.804281e+11  0.000000e+00  0.000000e+00  3.266935e-01  1.259551e+02  7.481878e+00  1  0.6610  4.982781e+09  0.000000e+00  0.000000e+00  6.360802e-01  9.823556e+01  1.034807e-01  2  0.6610  4.754196e+00  0.000000e+00  0.000000e+00  1.258404e-01 -1.671973e+01  0.000000e+00 
3  8.181112e+00  5.891162e+00  1.780200e+04  1.031251e+00 6  2.965523e-01  1.175599e+01 1   4.7900  2.045841e-01 -2.239877e+00  0  0.8570  9.951256e+11  0.000000e+00  0.000000e+00  1.405496e-01 -3.012461e+01  2.546630e+01  1  0.8570  5.147455e+10  0.000000e+00  0.000000e+00  4.209032e-01 -7.652710e+01  8.894441e-02  2  0.8570  2.350044e+13  7.890079e+00 -1.533086e+01  5.296826e-01  3.462035e+01  3.938208e+00  3  0.8570  1.555083e+11  7.890079e+00 -1.533086e+01  5.652083e-01  6.896561e+01  7.243057e-02  4  0.8570  4.789959e+00  0.000000e+00  0.000000e+00  6.449297e-02 -1.064405e+02  0.000000e+00 
1  8.910520e+00  1.614375e+01  1.933170e+05  7.617948e-01 0  2.783220e-01  1.614375e+01 2   2.6225  2.370186e+00  1.656387e+00  0  1.0300  5.025997e+12  0.000000e+00  0.000000e+00  3.723579e-01  1.576893e+02  1.044876e+01  1  1.0300  1.046334e+11  0.000000e+00  0.000000e+00  4.890837e-01  1.962368e+02  2.544694e-01  2  1.0300  2.365123e+13  2.335022e+01  8.245627e+00  2.091270e-01 -1.207249e+02  4.758652e+00  3  1.0300  1.954164e+11  2.335022e+01  8.245627e+00  3.682599e-01 -1.271644e+02  2.697651e-01  4  1.0300  2.622530e+00  0.000000e+00  0.000000e+00  6.244508e-02  1.536054e+02  0.000000e+00 
3  2.064653e+01  1.576985e+01  7.696000e+03  1.100585e-01 6 -1.000000e+00  3.026752e+01 1   2.3577 -3.629686e-02 -6.027194e-02 -1 -1.0000 -1.000000e+00 -1.000000e+00 -1.000000e+00 -1.000000e+00 -1.000000e+00 -1.000000e+00 -1 -1.0000 -1.000000e+00 -1.000000e+00 -1.000000e+00 -1.000000e+00 -1.000000e+00 -1.000000e+00  0  1.2100  3.773933e+11  0.000000e+00  0.000000e+00  1.751770e-01 -6.938967e+01  9.004149e+00  1  1.2100  4.698719e+09  0.000000e+00  0.000000e+00  2.409249e-01 -7.641956e+01  4.311410e-02  2  1.2100  2.357705e+00  0.000000e+00  0.000000e+00  4.147763e-02  7.259914e+01  0.000000e+00 
3  1.056971e+01  8.783794e+00  4.486200e+04  4.923179e-01 6  2.827252e-01  1.444854e+01 1   4.7217  7.115882e-02 -6.462027e-01  0  1.2190  6.013087e+11  0.000000e+00  0.000000e+00  2.856117e-01  6.560725e+01  2.232073e+01  1  1.2190  1.908933e+10  0.000000e+00  0.000000e+00  2.857570e-01  1.412812e+01  8.503054e-02  2  1.2190  3.781726e+12  9.871331e+00 -1.797780e+01  4.122932e-01 -2.680398e+01  3.725756e+00  3  1.2190  5.740925e+10  9.871331e+00 -1.797780e+01  4.153445e-01 -1.205761e+01  1.234598e-01  4  1.2190  4.721668e+00  0.000000e+00  0.000000e+00  6.773563e-02  3.664819e+00  0.000000e+00 
3  2.870601e+00  2.644284e+00  3.926280e+05  4.043229e-01 6 -1.000000e+00  4.260838e+00 1  12.4866 -1.182987e-01 -1.158082e-01 -1 -1.0000 -1.000000e+00 -1.000000e+00 -1.000000e+00 -1.000000e+00 -1.000000e+00 -1.000000e+00 -1 -1.0000 -1.000000e+00 -1.000000e+00 -1.000000e+00 -1.000000e+00 -1.000000e+00 -1.000000e+00  0  1.8000  1.009889e+12  0.000000e+00  0.000000e+00  2.960660e-02  1.263573e+02  6.177754e+00  1  1.8000  2.164831e+10  0.000000e+00  0.000000e+00  1.695230e-01  9.801950e+01  3.443034e-02  2  1.8000  1.248655e+01  0.000000e+00  0.000000e+00  1.906529e-01  7.776053e+01  0.000000e+00 
3  2.315239e+00  1.189639e+00  1.676280e+05  1.016011e+00 6 -1.000000e+00  3.107397e+00 1   6.0278  1.074748e+00 -4.182344e-01 -1 -1.0000 -1.000000e+00 -1.000000e+00 -1.000000e+00 -1.000000e+00 -1.000000e+00 -1.000000e+00 -1 -1.0000 -1.000000e+00 -1.000000e+00 -1.000000e+00 -1.000000e+00 -1.000000e+00 -1.000000e+00  0  0.4090  7.963518e+12  0.000000e+00  0.000000e+00  1.076343e-01  3.001595e+00  7.259445e+00  1  0.4090  1.341230e+11  0.000000e+00  0.000000e+00  5.582605e-01  3.177982e+01  2.291272e-01  2  0.4090  6.027752e+00  0.000000e+00  0.000000e+00  1.513436e-01 -4.149094e+01  0.000000e+00 
3  5.010396e+00  5.136266e+00  2.322600e+05  2.291069e-01 6 -1.000000e+00  6.889889e+00 1   8.9401 -3.703619e-02 -1.387954e-01 -1 -1.0000 -1.000000e+00 -1.000000e+00 -1.000000e+00 -1.000000e+00 -1.000000e+00 -1.000000e+00 -1 -1.0000 -1.000000e+00 -1.000000e+00 -1.000000e+00 -1.000000e+00 -1.000000e+00 -1.000000e+00  0  0.4200  4.518804e+11  0.000000e+00  0.000000e+00  1.168396e-01 -7.203421e+01  6.940510e+00  1  0.4200  1.707866e+10  0.000000e+00  0.000000e+00  4.346649e-01 -2.865071e+01  2.103140e-01  2  0.4200  8.940062e+00  0.000000e+00  0.000000e+00  2.889429e-01  4.140412e+01  0.000000e+00 
5  8.213535e+00  1.525489e+01  2.350390e+05  2.152846e+00 6 -1.000000e+00  1.917127e+01 3   7.9145 -1.834390e-01  7.539349e-02 -1 -1.0000 -1.000000e+00 -1.000000e+00 -1.000000e+00 -1.000000e+00 -1.000000e+00 -1.000000e+00 -1 -1.0000 -1.000000e+00 -1.000000e+00 -1.000000e+00 -1.000000e+00 -1.000000e+00 -1.000000e+00  0  0.4530  3.915329e+13  0.000000e+00  0.000000e+00  3.406750e-01 -1.855465e+01  4.725846e+00  1  0.4530  2.786233e+11  0.000000e+00  0.000000e+00  4.890787e-01 -6.164139e+01  3.203661e-01  2  0.4530  7.914452e+00  0.000000e+00  0.000000e+00  4.023190e-02 -2.811311e+01  0.000000e+00 
3  2.991736e+00  1.606023e+00  3.336410e+05  1.506686e+00 6 -1.000000e+00  5.586373e+00 2  13.3297 -3.552379e-01  5.984496e-01 -1 -1.0000 -1.000000e+00 -1.000000e+00 -1.000000e+00 -1.000000e+00 -1.000000e+00 -1.000000e+00 -1 -1.0000 -1.000000e+00 -1.000000e+00 -1.000000e+00 -1.000000e+00 -1.000000e+00 -1.000000e+00  0  0.4790  1.838530e+13  0.000000e+00  0.000000e+00  3.747853e-01  7.857494e+01  4.890777e+00  1  0.4790  1.374630e+11  0.000000e+00  0.000000e+00  6.214565e-01  6.359109e+01  2.410596e-01  2  0.4790  1.332968e+01  0.000000e+00  0.000000e+00  2.513231e-01  2.576784e+01  0.000000e+00 
3  3.129310e+01  1.688557e+01  1.865100e+05  6.228810e-01 6 -1.000000e+00  4.422107e+01 1   1.8332 -7.339257e-01  1.089109e-01 -1 -1.0000 -1.000000e+00 -1.000000e+00 -1.000000e+00 -1.000000e+00 -1.000000e+00 -1.000000e+00 -1 -1.0000 -1.000000e+00 -1.000000e+00 -1.000000e+00 -1.000000e+00 -1.000000e+00 -1.000000e+00  0  0.5570  5.472585e+12  0.000000e+00  0.000000e+00  2.291072e-01  8.226344e+01  4.487445e+00  1  0.5570  1.039402e+11  0.000000e+00  0.000000e+00  2.340376e-01  1.951566e+02  2.275153e-01  2  0.5570  1.833225e+00  0.000000e+00  0.000000e+00  4.552676e-02  6.974114e+01  0.000000e+00 
3  3.482428e+01  3.503140e+01  5.457900e+04  1.615804e-01 6 -1.000000e+00  4.393471e+01 1   3.6952  3.661484e-02  9.018427e-02 -1 -1.0000 -1.000000e+00 -1.000000e+00 -1.000000e+00 -1.000000e+00 -1.000000e+00 -1.000000e+00 -1 -1.0000 -1.000000e+00 -1.000000e+00 -1.000000e+00 -1.000000e+00 -1.000000e+00 -1.000000e+00  0  0.8970  3.781425e+11  0.000000e+00  0.000000e+00  1.140181e-02 -8.319692e+01  5.466860e+00  1  0.8970  7.569350e+09  0.000000e+00  0.000000e+00  4.928695e-02 -1.138913e+02  5.812407e-02  2  0.8970  3.695221e+00  0.000000e+00  0.000000e+00  1.971135e-01 -1.299364e+02  0.000000e+00 
3  1.857288e+01  1.292618e+01  2.961620e+05  1.654513e-01 6 -1.000000e+00  2.194480e+01 1   2.3278  1.638836e-01 -1.166455e-01 -1 -1.0000 -1.000000e+00 -1.000000e+00 -1.000000e+00 -1.000000e+00 -1.000000e+00 -1.000000e+00 -1 -1.0000 -1.000000e+00 -1.000000e+00 -1.000000e+00 -1.000000e+00 -1.000000e+00 -1.000000e+00  0  0.9400  8.302621e+11  0.000000e+00  0.000000e+00  1.424406e-01 -2.353028e+01  2.892596e+00  1  0.9400  2.337093e+10  0.000000e+00  0.000000e+00  4.547442e-01 -1.791065e+01  1.038628e-01  2  0.9400  2.327783e+00  0.000000e+00  0.000000e+00  4.427711e-02  1.546946e+02  0.000000e+00 
3  1.297904e+01  1.153180e+01  1.004500e+04  2.124692e-01 6 -1.000000e+00  2.207662e+01 1   3.8176 -1.133842e-01 -8.918055e-03 -1 -1.0000 -1.000000e+00 -1.000000e+00 -1.000000e+00 -1.000000e+00 -1.000000e+00 -1.000000e+00 -1 -1.0000 -1.000000e+00 -1.000000e+00 -1.000000e+00 -1.000000e+00 -1.000000e+00 -1.000000e+00  0  1.1050  6.060612e+11  0.000000e+00  0.000000e+00  9.342727e-02  8.307949e+01  7.599672e+00  1  1.1050  1.231244e+10  0.000000e+00  0.000000e+00  6.899372e-02  7.948870e+01  8.613668e-02  2  1.1050  3.817596e+00  0.000000e+00  0.000000e+00  3.381007e-02  1.527479e+02  0.000000e+00 
3  4.900678e+00  2.170131e+00  1.903550e+05  4.187031e-01 6 -1.000000e+00  6.224888e+00 1   7.1124 -1.681456e-01 -3.402764e-01 -1 -1.0000 -1.000000e+00 -1.000000e+00 -1.000000e+00 -1.000000e+00 -1.000000e+00 -1.000000e+00 -1 -1.0000 -1.000000e+00 -1.000000e+00 -1.000000e+00 -1.000000e+00 -1.000000e+00 -1.000000e+00  0  1.2370  9.903669e+11  0.000000e+00  0.000000e+00  2.551447e-01  6.621539e+01  6.381686e+00  1  1.2370  2.914134e+10  0.000000e+00  0.000000e+00  3.284798e-01  1.260561e+02  4.166679e-02  2  1.2370  7.112407e+00  0.000000e+00  0.000000e+00  1.352479e-01  1.019562e+02  0.000000e+00 
1  2.818046e+00  6.164907e+00  2.508340e+05  9.436352e-02 0  2.764806e-01  6.164907e+00 2  11.2880  1.150421e-01 -3.822168e-02  0  1.7500  8.372523e+10  0.000000e+00  0.000000e+00  3.133393e-01  3.030418e+01  2.142438e+01  1  1.7500  2.968323e+08  0.000000e+00  0.000000e+00  2.423134e-01 -2.190418e+01  5.070689e-02  2  1.7500  2.556407e+11  5.643075e+00  2.303666e+00  3.187321e-02 -4.102769e+01  5.202818e+00  3  1.7500  1.643556e+09  5.643075e+00  2.303666e+00  2.519282e-01 -4.625935e+00  6.004914e-02  4  1.7500  1.128798e+01  0.000000e+00  0.000000e+00  1.222968e-01 -2.359438e+01  0.000000e+00 
2  6.168896e+00  3.663878e+00  2.802800e+04  8.322016e-01 6 -1.000000e+00  9.665214e+00 1   7.0233 -4.403871e-01 -6.110488e-02 -1 -1.0000 -1.000000e+00 -1.000000e+00 -1.000000e+00 -1.000000e+00 -1.000000e+00 -1.000000e+00 -1 -1.0000 -1.000000e+00 -1.000000e+00 -1.000000e+00 -1.000000e+00 -1.000000e+00 -1.000000e+00  0  1.8550  4.149892e+12  0.000000e+00  0.000000e+00  2.110151e-01  7.742841e+01  3.764232e+00  1  1.8550  1.010593e+11  0.000000e+00  0.000000e+00  2.871935e-01  9.790004e+01  2.568468e-02  2  1.8550  7.023265e+00  0.000000e+00  0.000000e+00  8.193025e-02 -1.228956e+02  0.000000e+00 
2  5.626080e+00  1.088932e+01  3.301150e+05  7.349538e-01 6  2.724289e-01  1.236077e+01 3  11.3894 -1.094751e+00  8.182429e-02  0  1.9010  1.585280e+12  0.000000e+00  0.000000e+00  5.095845e-02 -1.612444e+02  1.102230e+01  1  1.9010  4.934266e+10  0.000000e+00  0.000000e+00  3.308191e-01 -2.000346e+02  2.761342e-02  2  1.9010  4.987284e+12 -1.909712e+01  7.977795e-01  1.394694e-01  8.442358e+01  1.823971e+00  3  1.9010  9.440315e+10 -1.909712e+01  7.977795e-01  2.889095e-01  9.315279e+01  2.927754e-02  4  1.9010  1.138939e+01  0.000000e+00  0.000000e+00  8.461797e-02  1.795932e+02  0.000000e+00 
2  8.055311e+00  3.375988e+00  4.402600e+04  2.196448e+00 6  2.729392e-01  1.446391e+01 2   6.7826  2.644987e+00  1.891942e+00  0  2.2520  2.473337e+13  0.000000e+00  0.000000e+00  3.874530e-01  6.035061e+01  4.687393e+00  1  2.2520  9.712952e+10  0.000000e+00  0.000000e+00  1.491880e-01  7.317722e+01  1.628085e-02  2  2.2520  5.093863e+13  1.213625e+01  6.054044e+00  3.716600e-01 -4.846554e+01  3.657689e+00  3  2.2520  1.138774e+11  1.213625e+01  6.054044e+00  1.130818e-01 -5.472402e+01  3.601288e-02  4  2.2520  6.782595e+00  0.000000e+00  0.000000e+00  2.987404e-02 -8.785160e+01  0.000000e+00 
3  1.217722e+01  8.881706e+00  1.021020e+05  2.197661e-01 6 -1.000000e+00  1.543563e+01 1   6.9178 -2.384878e-01  4.473090e-02 -1 -1.0000 -1.000000e+00 -1.000000e+00 -1.000000e+00 -1.000000e+00 -1.000000e+00 -1.000000e+00 -1 -1.0000 -1.000000e+00 -1.000000e+00 -1.000000e+00 -1.000000e+00 -1.000000e+00 -1.000000e+00  0  2.2870  1.570613e+12  0.000000e+00  0.000000e+00  2.845222e-01 -1.475715e+02  2.776286e+00  1  2.2870  3.219797e+10  0.000000e+00  0.000000e+00  7.832250e-01 -2.278334e+02  2.767929e-02  2  2.2870  6.917808e+00  0.000000e+00  0.000000e+00  1.635147e-01  1.514811e+02  0.000000e+00 
1  2.759305e+01  6.990238e+01  2.630250e+05  2.278917e+00 0 -1.000000e+00  6.990238e+01 2   7.2187 -1.145523e+00 -1.780193e+00 -1 -1.0000 -1.000000e+00 -1.000000e+00 -1.000000e+00 -1.000000e+00 -1.000000e+00 -1.000000e+00 -1 -1.0000 -1.000000e+00 -1.000000e+00 -1.000000e+00 -1.000000e+00 -1.000000e+00 -1.000000e+00  0  0.1320  1.892955e+13  0.000000e+00  0.000000e+00  2.427551e-01 -5.411464e+01  1.040458e+01  1  0.1320  2.110321e+11  0.000000e+00  0.000000e+00  1.931092e-01 -6.148595e+01  1.023828e+00  2  0.1320  7.218737e+00  0.000000e+00  0.000000e+00  1.922152e-01  1.546656e+02  0.000000e+00 
3  4.414166e+01  2.369290e+01  2.201430e+05  9.874867e-01 6 -1.000000e+00  6.687043e+01 1   2.0204 -5.709186e-01 -2.717386e-01 -1 -1.0000 -1.000000e+00 -1.000000e+00 -1.000000e+00 -1.000000e+00 -1.000000e+00 -1.000000e+00 -1 -1.0000 -1.000000e+00 -1.000000e+00 -1.000000e+00 -1.000000e+00 -1.000000e+00 -1.000000e+00  0  0.1450  1.094707e+12  0.000000e+00  0.000000e+00  6.358913e-02  5.621505e+01  1.300779e+01  1  0.1450  4.741678e+10  0.000000e+00  0.000000e+00  4.192873e-01  1.178787e+02  2.452041e-01  2  0.1450  2.020426e+00  0.000000e+00  0.000000e+00  2.071056e-02  1.513354e+02  0.000000e+00 
3  4.716845e+01  7.325419e+01  1.241010e+05  1.124791e+00 6  2.965943e-01  7.725717e+01 1   4.7084  4.809950e-01  9.688519e-01  0  0.2060  8.178920e+11  0.000000e+00  0.000000e+00  3.217229e-01 -5.489229e+01  2.574404e+01  1  0.2060  5.297356e+10  0.000000e+00  0.000000e+00  1.413891e-01 -1.017693e+02  1.593242e-01  2  0.2060  3.987964e+12  1.017107e+01  2.448519e+01  4.084648e-01 -1.537582e+02  6.248719e+00  3  0.2060  1.069712e+11  1.017107e+01  2.448519e+01  2.726340e-01 -2.128177e+02  9.625396e-01  4  0.2060  4.708445e+00  0.000000e+00  0.000000e+00  1.721277e-01  5.946815e+01  0.000000e+00 
3  1.114385e+01  1.708479e+01  2.167460e+05  5.048962e-01 6 -1.000000e+00  1.754501e+01 1   5.3581 -3.401680e-02  9.302823e-02 -1 -1.0000 -1.000000e+00 -1.000000e+00 -1.000000e+00 -1.000000e+00 -1.000000e+00 -1.000000e+00 -1 -1.0000 -1.000000e+00 -1.000000e+00 -1.000000e+00 -1.000000e+00 -1.000000e+00 -1.000000e+00  0  0.4220  1.481855e+12  0.000000e+00  0.000000e+00  1.999456e-01 -8.734106e+01  5.209923e+00  1  0.4220  4.240885e+10  0.000000e+00  0.000000e+00  3.312776e-01 -5.469998e+01  2.386538e-01  2  0.4220  5.358097e+00  0.000000e+00  0.000000e+00  1.313139e-01  6.768920e+01  0.000000e+00 
1  3.679449e+01  6.580956e+01  3.252000e+04  2.729543e+00 0 -1.000000e+00  6.580956e+01 2   1.5770  1.770098e+00  6.116029e-01 -1 -1.0000 -1.000000e+00 -1.000000e+00 -1.000000e+00 -1.000000e+00 -1.000000e+00 -1.000000e+00 -1 -1.0000 -1.000000e+00 -1.000000e+00 -1.000000e+00 -1.000000e+00 -1.000000e+00 -1.000000e+00  0  0.6320  9.132878e+13  0.000000e+00  0.000000e+00  1.845005e-01 -1.050956e+02  5.598693e+00  1  0.6320  3.784204e+11  0.000000e+00  0.000000e+00  5.475336e-01 -1.049820e+02  5.526886e-01  2  0.6320  1.577049e+00  0.000000e+00  0.000000e+00  4.618584e-02 -1.128802e+02  0.000000e+00 
3  6.259343e+00  6.161267e+00  5.349000e+04  9.867473e-01 6 -1.000000e+00  9.177354e+00 1   7.2488  2.217402e-01 -3.635197e-01 -1 -1.0000 -1.000000e+00 -1.000000e+00 -1.000000e+00 -1.000000e+00 -1.000000e+00 -1.000000e+00 -1 -1.0000 -1.000000e+00 -1.000000e+00 -1.000000e+00 -1.000000e+00 -1.000000e+00 -1.000000e+00  0  0.7890  8.133720e+12  0.000000e+00  0.000000e+00  4.913566e-01  8.971153e+01  5.268777e+00  1  0.7890  8.530273e+10  0.000000e+00  0.000000e+00  1.962405e-01  1.328155e+02  1.385540e-01  2  0.7890  7.248791e+00  0.000000e+00  0.000000e+00  4.954910e-02 -8.935023e+01  0.000000e+00 
5  9.224296e+00  1.759112e+01  3.576600e+05  3.290806e+00 6 -1.000000e+00  1.945151e+01 3   5.1147 -3.422717e-01  2.167446e-01 -1 -1.0000 -1.000000e+00 -1.000000e+00 -1.000000e+00 -1.000000e+00 -1.000000e+00 -1.000000e+00 -1 -1.0000 -1.000000e+00 -1.000000e+00 -1.000000e+00 -1.000000e+00 -1.000000e+00 -1.000000e+00  0  0.8010  5.716953e+13  0.000000e+00  0.000000e+00  4.747922e-01 -1.282291e+02  6.172221e+00  1  0.8010  2.692417e+11  0.000000e+00  0.000000e+00  2.410652e-01 -1.426536e+02  3.153029e-01  2  0.8010  5.114654e+00  0.000000e+00  0.000000e+00  2.328588e-02  1.419168e+02  0.000000e+00 
3  3.823684e+00  6.115275e+00  1.432760e+05  2.446342e-01 6  2.989688e-01  6.798309e+00 3   8.4167  5.019911e-01 -1.021645e+00  0  1.1510  1.735546e+11  0.000000e+00  0.000000e+00  2.637589e-01  1.419348e+02  2.951918e+01  1  1.1510  1.841296e+09  0.000000e+00  0.000000e+00  4.089986e-01  6.697164e+01  7.811602e-02  2  1.1510  6.840115e+12  1.203825e+01 -2.240278e+01  2.997712e-01  4.996793e+01  6.043904e+00  3  1.1510  1.070423e+11  1.203825e+01 -2.240278e+01  3.623672e-01  4.764814e+01  5.035756e-02  4  1.1510  8.416681e+00  0.000000e+00  0.000000e+00  1.126534e-01 -1.520474e+02  0.000000e+00 
3  1.214512e+01  5.760252e+00  9.597800e+04  1.504414e-01 6 -1.000000e+00  1.385141e+01 1   3.9411 -3.491782e-02 -1.654690e-01 -1 -1.0000 -1.000000e+00 -1.000000e+00 -1.000000e+00 -1.000000e+00 -1.000000e+00 -1.000000e+00 -1 -1.0000 -1.000000e+00 -1.000000e+00 -1.000000e+00 -1.000000e+00 -1.000000e+00 -1.000000e+00  0  1.2510  4.805454e+11  0.000000e+00  0.000000e+00  2.267433e-01  3.919006e+01  2.772109e+00  1  1.2510  1.111281e+10  0.000000e+00  0.000000e+00  4.779767e-01  3.806085e+01  3.419625e-02  2  1.2510  3.941059e+00  0.000000e+00  0.000000e+00  1.592213e-01 -1.282166e+02  0.000000e+00 
3  4.161072e+01  1.929838e+01  2.377310e+05  7.422843e-01 6 -1.000000e+00  5.887330e+01 1   4.2106 -5.313635e-01 -2.107772e-01 -1 -1.0000 -1.000000e+00 -1.000000e+00 -1.000000e+00 -1.000000e+00 -1.000000e+00 -1.000000e+00 -1 -1.0000 -1.000000e+00 -1.000000e+00 -1.000000e+00 -1.000000e+00 -1.000000e+00 -1.000000e+00  0  1.2900  4.447889e+12  0.000000e+00  0.000000e+00  1.927096e-01  1.769540e+02  4.596331e+00  1  1.2900  9.044517e+10  0.000000e+00  0.000000e+00  3.183999e-01  2.634237e+02  9.479061e-02  2  1.2900  4.210596e+00  0.000000e+00  0.000000e+00  3.521294e-02  1.588314e+02  0.000000e+00 
4  2.647424e+00  6.071638e+00  3.642880e+05  5.162745e+00 6  2.706475e-01  7.091282e+00 3  11.6519  4.612332e+00 -3.264791e+00  0  1.3240  2.849528e+13  0.000000e+00  0.000000e+00  2.505739e-01  1.939380e+01  8.933933e+00  1  1.3240  1.127916e+11  0.000000e+00  0.000000e+00  3.865792e-01 -4.502582e+01  3.943832e-02  2  1.3240  9.093512e+13  1.568293e+01 -1.508418e+01  3.802806e-01  3.947253e+01  5.178101e+00  3  1.3240  2.023848e+11  1.568293e+01 -1.508418e+01  2.915286e-01  2.937008e+01  9.867715e-02  4  1.3240  1.165187e+01  0.000000e+00  0.000000e+00  1.890730e-01  1.498627e+02  0.000000e+00 
3  1.270303e+00  1.463459e+00  2.666780e+05  1.982035e-01 6 -1.000000e+00  1.820900e+00 1  14.6525 -8.706878e-02 -2.903851e-02 -1 -1.0000 -1.000000e+00 -1.000000e+00 -1.000000e+00 -1.000000e+00 -1.000000e+00 -1.000000e+00 -1 -1.0000 -1.000000e+00 -1.000000e+00 -1.000000e+00 -1.000000e+00 -1.000000e+00 -1.000000e+00  0  2.4500  7.351948e+11  0.000000e+00  0.000000e+00  2.412290e-01 -1.751410e+02  2.182638e+00  1  2.4500  1.117047e+10  0.000000e+00  0.000000e+00  2.800286e-01 -1.360748e+02  1.688508e-02  2  2.4500  1.465249e+01  0.000000e+00  0.000000e+00  2.469156e-02  1.144117e+01  0.000000e+00 
3  5.885632e+00  7.638925e+00  2.113390e+05  2.770177e-01 6 -1.000000e+00  1.174354e+01 3   7.5809 -2.401036e-02 -8.714603e-02 -1 -1.0000 -1.000000e+00 -1.000000e+00 -1.000000e+00 -1.000000e+00 -1.000000e+00 -1.000000e+00 -1 -1.0000 -1.000000e+00 -1.000000e+00 -1.000000e+00 -1.000000e+00 -1.000000e+00 -1.000000e+00  0  2.7290  1.585538e+12  0.000000e+00  0.000000e+00  2.102029e-01  4.613353e+01  3.677463e+00  1  2.7290  2.791385e+10  0.000000e+00  0.000000e+00  2.191926e-01 -1.090394e+01  3.002627e-02  2  2.7290  7.580939e+00  0.000000e+00  0.000000e+00  4.156263e-02 -4.862287e+01  0.000000e+00 
1  1.581106e+01  3.237792e+01  1.754840e+05  1.882404e+00 0 -1.000000e+00  3.237792e+01 2   3.5396  5.206950e-01 -3.200757e+00 -1 -1.0000 -1.000000e+00 -1.000000e+00 -1.000000e+00 -1.000000e+00 -1.000000e+00 -1.000000e+00 -1 -1.0000 -1.000000e+00 -1.000000e+00 -1.000000e+00 -1.000000e+00 -1.000000e+00 -1.000000e+00  0  0.4610  4.505665e+13  0.000000e+00  0.000000e+00  3.958506e-01 -1.716045e+02  6.759913e+00  1  0.4610  1.773702e+11  0.000000e+00  0.000000e+00  3.190965e-01 -1.837062e+02  2.111812e-01  2  0.4610  3.539574e+00  0.000000e+00  0.000000e+00  8.597472e-02 -1.472118e+02  0.000000e+00 
3  1.675490e+00  1.361583e+00  3.484460e+05  7.439098e-01 6 -1.000000e+00  2.030171e+00 1  12.0597 -4.035553e-02  4.983528e-01 -1 -1.0000 -1.000000e+00 -1.000000e+00 -1.000000e+00 -1.000000e+00 -1.000000e+00 -1.000000e+00 -1 -1.0000 -1.000000e+00 -1.000000e+00 -1.000000e+00 -1.000000e+00 -1.000000e+00 -1.000000e+00  0  0.5260  1.168126e+12  0.000000e+00  0.000000e+00  1.942599e-01  1.533742e+02  6.836867e+00  1  0.5260  5.568517e+10  0.000000e+00  0.000000e+00  2.643550e-01  1.119637e+02  8.254384e-02  2  0.5260  1.205973e+01  0.000000e+00  0.000000e+00  1.655671e-01 -8.298989e+01  0.000000e+00 
3  1.519463e+01  1.159268e+01  2.079310e+05  6.103006e-01 6 -1.000000e+00  2.528543e+01 1   8.9607 -2.738937e-01  1.368222e-01 -1 -1.0000 -1.000000e+00 -1.000000e+00 -1.000000e+00 -1.000000e+00 -1.000000e+00 -1.000000e+00 -1 -1.0000 -1.000000e+00 -1.000000e+00 -1.000000e+00 -1.000000e+00 -1.000000e+00 -1.000000e+00  0  0.7180  1.099009e+12  0.000000e+00  0.000000e+00  9.520843e-02 -7.889389e+01  5.529295e+00  1  0.7180  5.412025e+10  0.000000e+00  0.000000e+00  1.960300e-01 -6.355001e+01  9.668071e-02  2  0.7180  8.960682e+00  0.000000e+00  0.000000e+00  6.151867e-02 -1.302686e+02  0.000000e+00 
3  7.752896e+00  4.877994e+00  3.765130e+05  5.600954e-01 6  3.058269e-01  1.058599e+01 1   7.9986  2.357447e+00 -1.659557e+00  0  0.8060  6.188636e+11  0.000000e+00  0.000000e+00  7.614443e-02  1.409264e+02  1.544584e+01  1  0.8060  3.423314e+10  0.000000e+00  0.000000e+00  1.077755e-01  1.502042e+02  8.596420e-02  2  0.8060  3.565550e+13  5.149887e+01 -2.196726e+01  2.907835e-01 -6.817946e+01  3.685951e+00  3  0.8060  2.909900e+11  5.149887e+01 -2.196726e+01  1.924803e-01 -1.311204e+02  2.936066e-01  4  0.8060  7.998576e+00  0.000000e+00  0.000000e+00  8.351186e-02  1.129912e+00  0.000000e+00 
3  2.741817e+00  4.790973e+00  1.987520e+05  1.601299e+00 6 -1.000000e+00  6.140598e+00 3   7.8936  2.367687e-01  3.543216e-02 -1 -1.0000 -1.000000e+00 -1.000000e+00 -1.000000e+00 -1.000000e+00 -1.000000e+00 -1.000000e+00 -1 -1.0000 -1.000000e+00 -1.000000e+00 -1.000000e+00 -1.000000e+00 -1.000000e+00 -1.000000e+00  0  0.8800  1.619437e+13  0.000000e+00  0.000000e+00  2.440024e-01  8.419538e+01  5.729400e+00  1  0.8800  1.224575e+11  0.000000e+00  0.000000e+00  1.352097e-01  9.202151e+01  1.397185e-01  2  0.8800  7.893581e+00  0.000000e+00  0.000000e+00  1.052126e-01 -1.542589e+02  0.000000e+00 
3  6.431699e+00  1.023835e+01  2.952590e+05  2.451462e-01 6 -1.000000e+00  1.069516e+01 1   8.4782 -1.953122e-02 -9.936542e-02 -1 -1.0000 -1.000000e+00 -1.000000e+00 -1.000000e+00 -1.000000e+00 -1.000000e+00 -1.000000e+00 -1 -1.0000 -1.000000e+00 -1.000000e+00 -1.000000e+00 -1.000000e+00 -1.000000e+00 -1.000000e+00  0  0.9090  5.769352e+11  0.000000e+00  0.000000e+00  1.769390e-01 -1.470119e+02  8.178814e+00  1  0.9090  1.533096e+10  0.000000e+00  0.000000e+00  3.475520e-01 -1.662577e+02  9.175465e-02  2  0.9090  8.478246e+00  0.000000e+00  0.000000e+00  1.649872e-01  1.020979e+02  0.000000e+00 
5  2.565353e+00  5.310219e+00  3.562340e+05  5.624829e-01 6  2.966795e-01  8.346776e+00 3  11.5280  1.958428e+00 -1.572517e-01  0  0.9480  4.591615e+11  0.000000e+00  0.000000e+00  2.623626e-01  7.817385e+01  1.660440e+01  1  0.9480  1.860892e+10  0.000000e+00  0.000000e+00  3.217148e-02  1.034972e+02  3.776490e-02  2  0.9480  8.653575e+12  5.866324e+00 -2.472188e-01  4.269293e-01  9.822538e+01  6.991411e+00  3  0.9480  1.948914e+11  5.866324e+00 -2.472188e-01  3.829481e-01  3.768448e+01  2.129188e-01  4  0.9480  1.152801e+01  0.000000e+00  0.000000e+00  1.408813e-01 -5.734259e+01  0.000000e+00 
1  6.657393e+00  1.223578e+01  3.519370e+05  5.137787e-02 0 -1.000000e+00  1.223578e+01 2  10.1255  1.465643e-01  1.373874e-01 -1 -1.0000 -1.000000e+00 -1.000000e+00 -1.000000e+00 -1.000000e+00 -1.000000e+00 -1.000000e+00 -1 -1.0000 -1.000000e+00 -1.000000e+00 -1.000000e+00 -1.000000e+00 -1.000000e+00 -1.000000e+00  0  1.1060  1.322714e+11  0.000000e+00  0.000000e+00  4.151141e-01  1.464654e+02  1.292824e+01  1  1.1060  6.455584e+08  0.000000e+00  0.000000e+00  3.296886e-01  1.741362e+02  5.614238e-02  2  1.1060  1.012548e+01  0.000000e+00  0.000000e+00  2.158361e-01  1.311689e+02  0.000000e+00 
3  1.620444e+01  8.232778e+00  1.066920e+05  1.874491e-01 6 -1.000000e+00  2.511385e+01 1   5.0342 -9.042788e-02 -1.200647e-01 -1 -1.0000 -1.000000e+00 -1.000000e+00 -1.000000e+00 -1.000000e+00 -1.000000e+00 -1.000000e+00 -1 -1.0000 -1.000000e+00 -1.000000e+00 -1.000000e+00 -1.000000e+00 -1.000000e+00 -1.000000e+00  0  2.5480  1.105112e+12  0.000000e+00  0.000000e+00  1.510866e-02  4.034942e+01  3.677495e+00  1  2.5480  1.963173e+10  0.000000e+00  0.000000e+00  3.158208e-01 -3.623153e+01  2.409780e-02  2  2.5480  5.034179e+00  0.000000e+00  0.000000e+00  4.614741e-02 -3.405880e+01  0.000000e+00 
3  1.426218e+01  1.095434e+01  6.049400e+04  1.014880e+00 6  2.854464e-01  1.950760e+01 1   4.1873 -1.276331e+00  2.295143e+00  0  1.0020  2.494353e+12  0.000000e+00  0.000000e+00  3.668619e-01  7.738008e+00  1.929663e+01  1  1.0020  6.600252e+10  0.000000e+00  0.000000e+00  1.509712e-01  2.361266e+01  7.514072e-02  2  1.0020  3.728539e+13 -3.149688e+01  4.173388e+01  3.672215e-01  1.377413e+00  5.594360e+00  3  1.0020  2.159672e+11 -3.149688e+01  4.173388e+01  4.039897e-01  4.784594e+01  1.468384e-01  4  1.0020  4.187310e+00  0.000000e+00  0.000000e+00  1.277349e-01 -3.779909e+01  0.000000e+00 
2  2.016251e+01  1.527000e+01  3.617420e+05  1.156676e+00 6  2.756799e-01  4.126166e+01 3   3.3674  9.583485e-01 -2.434884e+00  0  1.0070  9.212060e+12  0.000000e+00  0.000000e+00  4.008373e-01 -1.734153e+02  8.898615e+00  1  1.0070  9.013668e+10  0.000000e+00  0.000000e+00  3.802720e-01 -2.459697e+02  3.326951e-02  2  1.0070  2.646093e+13  1.751740e+01 -4.289805e+01  2.542999e-01 -9.306454e+01  2.869417e+00  3  1.0070  1.529300e+11  1.751740e+01 -4.289805e+01  2.538067e-01 -7.114905e+01  1.340637e-01  4  1.0070  3.367365e+00  0.000000e+00  0.000000e+00  4.633645e-02 -1.078040e+02  0.000000e+00 
3  1.098515e+01  8.408084e+00  2.550830e+05  3.526522e-01 6 -1.000000e+00  2.897079e+01 2   5.8917  1.368685e-01  8.539107e-02 -1 -1.0000 -1.000000e+00 -1.000000e+00 -1.000000e+00 -1.000000e+00 -1.000000e+00 -1.000000e+00 -1 -1.0000 -1.000000e+00 -1.000000e+00 -1.000000e+00 -1.000000e+00 -1.000000e+00 -1.000000e+00  0  1.0760  7.712697e+11  0.000000e+00  0.000000e+00  9.430724e-02  1.344024e+02  6.800666e+00  1  1.0760  2.545274e+10  0.000000e+00  0.000000e+00  1.623850e-01  6.679217e+01  9.753204e-02  2  1.0760  5.891662e+00  0.000000e+00  0.000000e+00  1.322580e-01  1.186314e+02  0.000000e+00 
3  3.674343e+00  1.642083e+00  5.027000e+04  2.693914e-01 6 -1.000000e+00  8.811557e+00 2  13.0649  1.747736e-01 -1.446909e-01 -1 -1.0000 -1.000000e+00 -1.000000e+00 -1.000000e+00 -1.000000e+00 -1.000000e+00 -1.000000e+00 -1 -1.0000 -1.000000e+00 -1.000000e+00 -1.000000e+00 -1.000000e+00 -1.000000e+00 -1.000000e+00  0  1.3260  9.160253e+11  0.000000e+00  0.000000e+00  4.161211e-01  5.004461e+01  4.504894e+00  1  1.3260  2.044997e+10  0.000000e+00  0.000000e+00  3.305653e-01  3.514527e+01  9.347521e-02  2  1.3260  1.306485e+01  0.000000e+00  0.000000e+00  1.571559e-01  5.824206e+01  0.000000e+00 
1  3.242945e+00  5.673951e+00  2.646830e+05  5.865596e-01 0  2.773878e-01  5.673951e+00 2  12.8724 -2.560495e+00  2.241996e+00  0  1.6470  9.129544e+11  0.000000e+00  0.000000e+00  1.062211e-01 -1.394330e+02  9.564377e+00  1  1.6470  2.927037e+10  0.000000e+00  0.000000e+00  1.198479e-01 -9.703853e+01  5.117821e-02  2  1.6470  1.823370e+13 -8.872827e+00  8.023217e+00  3.156880e-01 -1.269331e+02  3.108817e+00  3  1.6470  1.290050e+11 -8.872827e+00  8.023217e+00  1.214205e-01 -8.775730e+01  6.695756e-02  4  1.6470  1.287242e+01  0.000000e+00  0.000000e+00  1.198921e-01 -1.229443e+02  0.000000e+00 
3  6.150779e+00  8.491601e+00  3.967780e+05  1.136977e+00 6 -1.000000e+00  8.529404e+00 1   2.6403  6.769694e-02  3.681081e-01 -1 -1.0000 -1.000000e+00 -1.000000e+00 -1.000000e+00 -1.000000e+00 -1.000000e+00 -1.000000e+00 -1 -1.0000 -1.000000e+00 -1.000000e+00 -1.000000e+00 -1.000000e+00 -1.000000e+00 -1.000000e+00  0  0.2260  2.573713e+12  0.000000e+00  0.000000e+00  2.389995e-01 -1.127206e+02  6.258886e+00  1  0.2260  5.891441e+10  0.000000e+00  0.000000e+00  5.678396e-01 -9.792245e+01  2.589374e-01  2  0.2260  2.640309e+00  0.000000e+00  0.000000e+00  3.433927e-02  1.730537e+02  0.000000e+00 
1  7.115738e+00  1.337228e+01  3.225770e+05  1.385418e+00 0 -1.000000e+00  1.337228e+01 2   6.5708 -9.881222e-01 -1.248110e+00 -1 -1.0000 -1.000000e+00 -1.000000e+00 -1.000000e+00 -1.000000e+00 -1.000000e+00 -1.000000e+00 -1 -1.0000 -1.000000e+00 -1.000000e+00 -1.000000e+00 -1.000000e+00 -1.000000e+00 -1.000000e+00  0  0.4420  1.121144e+13  0.000000e+00  0.000000e+00  4.856530e-01 -2.504071e+01  8.256287e+00  1  0.4420  1.016789e+11  0.000000e+00  0.000000e+00  3.336914e-01 -6.899091e+01  2.150308e-01  2  0.4420  6.570762e+00  0.000000e+00  0.000000e+00  5.844460e-02 -4.101504e+01  0.000000e+00 
3  1.139004e+01  1.002435e+01  2.387050e+05  1.056358e+00 6 -1.000000e+00  1.987093e+01 3   5.7665  4.603731e-01 -2.669223e-01 -1 -1.0000 -1.000000e+00 -1.000000e+00 -1.000000e+00 -1.000000e+00 -1.000000e+00 -1.000000e+00 -1 -1.0000 -1.000000e+00 -1.000000e+00 -1.000000e+00 -1.000000e+00 -1.000000e+00 -1.000000e+00  0  0.5680  7.596995e+12  0.000000e+00  0.000000e+00  2.573818e-01  1.087335e+02  5.407917e+00  1  0.5680  1.214838e+11  0.000000e+00  0.000000e+00  2.130700e-01  1.173692e+02  2.831322e-01  2  0.5680  5.766506e+00  0.000000e+00  0.000000e+00  6.309068e-02  2.859991e+01  0.000000e+00 
3  1.197249e+01  6.456390e+00  2.860320e+05  4.337032e+00 6  2.847394e-01  2.834408e+01 2   5.9927 -1.595451e+01  1.541264e+00  0  0.6060  1.335621e+13  0.000000e+00  0.000000e+00  1.063394e-01 -8.885379e+00  1.320501e+01  1  0.6060  1.123668e+11  0.000000e+00  0.000000e+00  3.576732e-01  8.805888e+00  1.570834e-01  2  0.6060  4.652545e+14 -3.162992e+01  1.120249e-01  1.986815e-01 -8.276574e+01  5.067943e+00  3  0.6060  9.100573e+11 -3.162992e+01  1.120249e-01  2.601982e-01 -6.328672e+01  1.346932e+00  4  0.6060  5.992656e+00  0.000000e+00  0.000000e+00  1.457476e-01 -1.705459e+02  0.000000e+00 
3  1.006045e+01  5.187538e+00  3.243010e+05  7.598618e-01 6 -1.000000e+00  1.623958e+01 1   4.9079 -3.957170e-01 -4.999615e-01 -1 -1.0000 -1.000000e+00 -1.000000e+00 -1.000000e+00 -1.000000e+00 -1.000000e+00 -1.000000e+00 -1 -1.0000 -1.000000e+00 -1.000000e+00 -1.000000e+00 -1.000000e+00 -1.000000e+00 -1.000000e+00  0  0.6180  1.818242e+12  0.000000e+00  0.000000e+00  2.439008e-01 -3.387965e+01  1.063832e+01  1  0.6180  7.141008e+10  0.000000e+00  0.000000e+00  3.204136e-01  3.275186e+01  7.799162e-02  2  0.6180  4.907940e+00  0.000000e+00  0.000000e+00  5.271629e-02 -1.393950e+01  0.000000e+00 
1  3.691239e+01  8.070087e+01  3.985690e+05  1.236685e+00 0 -1.000000e+00  8.070087e+01 2   2.2923 -7.472496e-02  1.926563e+00 -1 -1.0000 -1.000000e+00 -1.000000e+00 -1.000000e+00 -1.000000e+00 -1.000000e+00 -1.000000e+00 -1 -1.0000 -1.000000e+00 -1.000000e+00 -1.000000e+00 -1.000000e+00 -1.000000e+00 -1.000000e+00  0  0.6760  3.833217e+13  0.000000e+00  0.000000e+00  5.207885e-01  9.980980e+00  4.738022e+00  1  0.6760  2.383324e+11  0.000000e+00  0.000000e+00  3.236426e-01  2.291108e+00  1.873520e-01  2  0.6760  2.292334e+00  0.000000e+00  0.000000e+00  4.114579e-02  1.661816e+02  0.000000e+00 
3  7.130202e+00  3.304324e+00  3.830810e+05  3.192378e-01 6 -1.000000e+00  8.314061e+00 1   5.7558 -3.786736e-01 -2.149625e-01 -1 -1.0000 -1.000000e+00 -1.000000e+00 -1.000000e+00 -1.000000e+00 -1.000000e+00 -1.000000e+00 -1 -1.0000 -1.000000e+00 -1.000000e+00 -1.000000e+00 -1.000000e+00 -1.000000e+00 -1.000000e+00  0  0.8920  8.731390e+11  0.000000e+00  0.000000e+00  3.617175e-01 -1.388781e+02  5.603680e+00  1  0.8920  2.775642e+10  0.000000e+00  0.000000e+00  4.207714e-01 -1.610971e+02  3.568457e-02  2  0.8920  5.755810e+00  0.000000e+00  0.000000e+00  1.325277e-01  4.933748e+01  0.000000e+00 
3  1.426284e+01  1.273474e+01  9.835900e+04  5.236796e-01 6 -1.000000e+00  2.554917e+01 3   3.5685  2.768615e-01 -8.663338e-03 -1 -1.0000 -1.000000e+00 -1.000000e+00 -1.000000e+00 -1.000000e+00 -1.000000e+00 -1.000000e+00 -1 -1.0000 -1.000000e+00 -1.000000e+00 -1.000000e+00 -1.000000e+00 -1.000000e+00 -1.000000e+00  0  0.9490  2.375712e+12  0.000000e+00  0.000000e+00  8.868512e-02 -7.132128e+01  5.382334e+00  1  0.9490  7.324432e+10  0.000000e+00  0.000000e+00  3.619384e-01 -2.856341e+01  8.395132e-02  2  0.9490  3.568471e+00  0.000000e+00  0.000000e+00  6.349950e-02  6.714027e+01  0.000000e+00 
5  6.983468e+00  1.037726e+01  3.755340e+05  1.541451e+00 6 -1.000000e+00  1.295089e+01 3   6.0278 -2.336739e-02 -4.144341e-01 -1 -1.0000 -1.000000e+00 -1.000000e+00 -1.000000e+00 -1.000000e+00 -1.000000e+00 -1.000000e+00 -1 -1.0000 -1.000000e+00 -1.000000e+00 -1.000000e+00 -1.000000e+00 -1.000000e+00 -1.000000e+00  0  1.0390  2.215709e+13  0.000000e+00  0.000000e+00  5.264829e-01 -1.356643e+02  3.653699e+00  1  1.0390  2.057150e+11  0.000000e+00  0.000000e+00  5.382558e-01 -1.099963e+02  1.859322e-01  2  1.0390  6.027765e+00  0.000000e+00  0.000000e+00  1.982627e-01 -1.643080e+02  0.000000e+00 
1  2.174051e+00  3.908860e+00  3.494350e+05  1.910496e-01 0  2.852782e-01  3.908860e+00 2   5.3887 -7.557001e-02  1.029177e-01  0  1.2790  1.870255e+11  0.000000e+00  0.000000e+00  6.529720e-02  4.592012e+01  2.307171e+01  1  1.2790  2.161589e+09  0.000000e+00  0.000000e+00  7.002613e-02  3.733434e+01  5.162856e-02  2  1.2790  1.361984e+12  6.064562e+00  7.995523e+00  3.153761e-01 -7.978203e+01  2.352207e+00  3  1.2790  4.049230e+10  6.064562e+00  7.995523e+00  2.189381e-01 -1.733274e+01  5.527416e-02  4  1.2790  5.388711e+00  0.000000e+00  0.000000e+00  2.475368e-01  1.248907e+02  0.000000e+00 
3  8.953483e+00  1.032055e+01  3.620280e+05  5.378169e-01 6 -1.000000e+00  1.372503e+01 1   5.8697  7.898745e-02  1.517938e-01 -1 -1.0000 -1.000000e+00 -1.000000e+00 -1.000000e+00 -1.000000e+00 -1.000000e+00 -1.000000e+00 -1 -1.0000 -1.000000e+00 -1.000000e+00 -1.000000e+00 -1.000000e+00 -1.000000e+00 -1.000000e+00  0  1.4410  1.522720e+12  0.000000e+00  0.000000e+00  1.519105e-01  7.042811e+01  8.029373e+00  1  1.4410  4.691089e+10  0.000000e+00  0.000000e+00  2.827346e-01  9.876152e+01  1.765847e-01  2  1.4410  5.869714e+00  0.000000e+00  0.000000e+00  1.557247e-01  1.031467e+02  0.000000e+00 
3  1.815264e+01  1.546893e+01  1.712000e+04  7.692520e-01 6 -1.000000e+00  3.119849e+01 1   4.2352 -2.657462e-01  3.096603e-01 -1 -1.0000 -1.000000e+00 -1.000000e+00 -1.000000e+00 -1.000000e+00 -1.000000e+00 -1.000000e+00 -1 -1.0000 -1.000000e+00 -1.000000e+00 -1.000000e+00 -1.000000e+00 -1.000000e+00 -1.000000e+00  0  0.3750  1.659706e+12  0.000000e+00  0.000000e+00  3.016310e-01  6.397704e+01  6.247841e+00  1  0.3750  9.646023e+10  0.000000e+00  0.000000e+00  1.466266e-01  1.668648e+02  2.942681e-01  2  0.3750  4.235183e+00  0.000000e+00  0.000000e+00  3.768955e-02 -1.516967e+02  0.000000e+00 
3  2.189401e+01  1.226172e+01  2.618900e+04  1.604123e+00 6 -1.000000e+00  3.974068e+01 2   2.9890  4.536982e-01  7.873027e-01 -1 -1.0000 -1.000000e+00 -1.000000e+00 -1.000000e+00 -1.000000e+00 -1.000000e+00 -1.000000e+00 -1 -1.0000 -1.000000e+00 -1.000000e+00 -1.000000e+00 -1.000000e+00 -1.000000e+00 -1.000000e+00  0  0.5160  1.572144e+13  0.000000e+00  0.000000e+00  2.215458e-01 -7.104345e+01  7.383721e+00  1  0.5160  1.183159e+11  0.000000e+00  0.000000e+00  3.639317e-01 -8.853159e+01  2.334242e-01  2  0.5160  2.988964e+00  0.000000e+00  0.000000e+00  5.259959e-02  1.419214e+02  0.000000e+00 
3  1.196625e+01  1.415973e+01  1.742740e+05  4.388471e+00 6 -1.000000e+00  2.529733e+01 3   3.5930  2.698054e-02  1.729219e+00 -1 -1.0000 -1.000000e+00 -1.000000e+00 -1.000000e+00 -1.000000e+00 -1.000000e+00 -1.000000e+00 -1 -1.0000 -1.000000e+00 -1.000000e+00 -1.000000e+00 -1.000000e+00 -1.000000e+00 -1.000000e+00  0  0.5700  8.732920e+13  0.000000e+00  0.000000e+00  2.934027e-01  3.684440e+01  7.495767e+00  1  0.5700  2.507450e+11  0.000000e+00  0.000000e+00  3.375437e-01  3.815384e+01  2.411363e-01  2  0.5700  3.592950e+00  0.000000e+00  0.000000e+00  1.008177e-01 -6.350868e+01  0.000000e+00 
3  1.078054e+02  6.491864e+01  1.806100e+04  3.795303e-01 6 -1.000000e+00  1.245439e+02 1   2.5191 -3.041782e-01  2.763022e-01 -1 -1.0000 -1.000000e+00 -1.000000e+00 -1.000000e+00 -1.000000e+00 -1.000000e+00 -1.000000e+00 -1 -1.0000 -1.000000e+00 -1.000000e+00 -1.000000e+00 -1.000000e+00 -1.000000e+00 -1.000000e+00  0  0.5740  1.022562e+12  0.000000e+00  0.000000e+00  2.532039e-01 -1.043568e+02  3.047019e+00  1  0.5740  4.519691e+10  0.000000e+00  0.000000e+00  3.911875e-01 -3.159502e+01  1.232837e-01  2  0.5740  2.519095e+00  0.000000e+00  0.000000e+00  9.752635e-02 -6.719133e+01  0.000000e+00 
1  7.271796e+00  1.532495e+01  3.477350e+05  2.252029e+00 0  2.766953e-01  1.532495e+01 2   7.9651  9.470800e-01 -1.162965e+00  0  0.5770  2.340108e+13  0.000000e+00  0.000000e+00  2.390790e-01  1.799875e+01  9.290541e+00  1  0.5770  1.020555e+11  0.000000e+00  0.000000e+00  4.388815e-01 -4.228328e+00  2.121272e-01  2  0.5770  4.847924e+13  1.019574e+01 -6.210467e+01  2.431588e-01 -1.703468e+01  6.854208e+00  3  0.5770  2.840727e+11  1.019574e+01 -6.210467e+01  1.987023e-01 -7.562080e+01  2.075496e-01  4  0.5770  7.965104e+00  0.000000e+00  0.000000e+00  8.719803e-02  1.759098e+02  0.000000e+00 
3  1.572409e+01  6.826018e+00  4.009260e+05  4.728646e-01 6 -1.000000e+00  1.976453e+01 1   2.0417 -3.704716e-01  3.494453e-01 -1 -1.0000 -1.000000e+00 -1.000000e+00 -1.000000e+00 -1.000000e+00 -1.000000e+00 -1.000000e+00 -1 -1.0000 -1.000000e+00 -1.000000e+00 -1.000000e+00 -1.000000e+00 -1.000000e+00 -1.000000e+00  0  0.6680  1.825051e+12  0.000000e+00  0.000000e+00  1.121230e-01 -1.174647e+01  4.837722e+00  1  0.6680  6.134230e+10  0.000000e+00  0.000000e+00  1.630194e-01  1.025405e+01  9.641246e-02  2  0.6680  2.041660e+00  0.000000e+00  0.000000e+00  2.561842e-02  1.745558e+02  0.000000e+00 
3  2.756539e+01  1.407988e+01  3.710020e+05  1.136814e+00 6 -1.000000e+00  3.896622e+01 1   2.7258  1.321065e-01 -8.984231e-01 -1 -1.0000 -1.000000e+00 -1.000000e+00 -1.000000e+00 -1.000000e+00 -1.000000e+00 -1.000000e+00 -1 -1.0000 -1.000000e+00 -1.000000e+00 -1.000000e+00 -1.000000e+00 -1.000000e+00 -1.000000e+00  0  0.7270  2.415844e+13  0.000000e+00  0.000000e+00  3.447464e-01 -1.076394e+02  3.031395e+00  1  0.7270  1.650065e+11  0.000000e+00  0.000000e+00  5.567133e-01 -1.168893e+02  1.596908e-01  2  0.7270  2.725801e+00  0.000000e+00  0.000000e+00  2.418788e-02 -3.870955e+01  0.000000e+00 
3  2.676775e+00  1.958078e+00  1.653680e+05  4.660323e-01 6 -1.000000e+00  3.284500e+00 1   7.7098  4.408835e-01 -1.694484e-01 -1 -1.0000 -1.000000e+00 -1.000000e+00 -1.000000e+00 -1.000000e+00 -1.000000e+00 -1.000000e+00 -1 -1.0000 -1.000000e+00 -1.000000e+00 -1.000000e+00 -1.000000e+00 -1.000000e+00 -1.000000e+00  0  0.7850  4.316532e+12  0.000000e+00  0.000000e+00  4.556191e-01 -3.637824e+00  2.692234e+00  1  0.7850  6.859266e+10  0.000000e+00  0.000000e+00  3.091954e-01  1.404170e+01  2.008474e-01  2  0.7850  7.709792e+00  0.000000e+00  0.000000e+00  1.346341e-01  1.554433e+02  0.000000e+00 
3  2.148801e+01  8.818123e+00  9.322800e+04  4.676585e-01 6 -1.000000e+00  2.556806e+01 1   4.2493 -1.568899e-01  4.999382e-01 -1 -1.0000 -1.000000e+00 -1.000000e+00 -1.000000e+00 -1.000000e+00 -1.000000e+00 -1.000000e+00 -1 -1.0000 -1.000000e+00 -1.000000e+00 -1.000000e+00 -1.000000e+00 -1.000000e+00 -1.000000e+00  0  0.7900  1.421948e+12  0.000000e+00  0.000000e+00  1.417807e-01 -6.217257e+01  3.838947e+00  1  0.7900  4.300033e+10  0.000000e+00  0.000000e+00  3.445994e-01 -5.131149e+01  6.093782e-02  2  0.7900  4.249272e+00  0.000000e+00  0.000000e+00  4.512647e-02  1.054404e+02  0.000000e+00 
3  1.985612e+01  7.948425e+00  2.922400e+04  5.853341e-01 6 -1.000000e+00  2.423566e+01 1   3.2826 -7.461505e-01  6.903707e-02 -1 -1.0000 -1.000000e+00 -1.000000e+00 -1.000000e+00 -1.000000e+00 -1.000000e+00 -1.000000e+00 -1 -1.0000 -1.000000e+00 -1.000000e+00 -1.000000e+00 -1.000000e+00 -1.000000e+00 -1.000000e+00  0  0.8210  4.575437e+12  0.000000e+00  0.000000e+00  2.327461e-01 -5.235589e+01  3.522835e+00  1  0.8210  7.859321e+10  0.000000e+00  0.000000e+00  2.238182e-01 -7.088462e+00  4.604103e-02  2  0.8210  3.282563e+00  0.000000e+00  0.000000e+00  1.434502e-01  5.580652e+00  0.000000e+00 
3  1.147965e+01  5.222298e+00  3.512650e+05  9.018239e-01 6 -1.000000e+00  1.641624e+01 1   9.9437  2.369215e-01 -7.233748e-01 -1 -1.0000 -1.000000e+00 -1.000000e+00 -1.000000e+00 -1.000000e+00 -1.000000e+00 -1.000000e+00 -1 -1.0000 -1.000000e+00 -1.000000e+00 -1.000000e+00 -1.000000e+00 -1.000000e+00 -1.000000e+00  0  0.9050  3.445155e+12  0.000000e+00  0.000000e+00  1.507190e-01  1.072748e+02  4.941266e+00  1  0.9050  9.827971e+10  0.000000e+00  0.000000e+00  3.269795e-01  1.080419e+02  1.641809e-01  2  0.9050  9.943689e+00  0.000000e+00  0.000000e+00  8.987605e-02 -1.417609e+02  0.000000e+00 
5  2.577817e+00  3.954753e+00  6.287600e+04  7.923131e-01 6 -1.000000e+00  4.622449e+00 3  13.0230  1.329800e-01 -1.278906e-01 -1 -1.0000 -1.000000e+00 -1.000000e+00 -1.000000e+00 -1.000000e+00 -1.000000e+00 -1.000000e+00 -1 -1.0000 -1.000000e+00 -1.000000e+00 -1.000000e+00 -1.000000e+00 -1.000000e+00 -1.000000e+00  0  0.9720  3.265396e+12  0.000000e+00  0.000000e+00  3.468307e-01 -1.057227e+01  6.388448e+00  1  0.9720  8.187574e+10  0.000000e+00  0.000000e+00  8.800989e-02 -9.168061e+00  8.285402e-02  2  0.9720  1.302302e+01  0.000000e+00  0.000000e+00  2.456878e-01 -1.448055e+02  0.000000e+00 
3  2.485957e+01  1.869505e+01  3.715500e+05  2.881250e-01 6 -1.000000e+00  3.172184e+01 1   1.9182 -1.617389e-02 -1.686205e-01 -1 -1.0000 -1.000000e+00 -1.000000e+00 -1.000000e+00 -1.000000e+00 -1.000000e+00 -1.000000e+00 -1 -1.0000 -1.000000e+00 -1.000000e+00 -1.000000e+00 -1.000000e+00 -1.000000e+00 -1.000000e+00  0  1.0970  1.243486e+12  0.000000e+00  0.000000e+00  2.925229e-01  9.409994e+01  4.750461e+00  1  1.0970  2.852304e+10  0.000000e+00  0.000000e+00  3.519592e-01  7.336803e+01  3.840460e-02  2  1.0970  1.918237e+00  0.000000e+00  0.000000e+00  1.254250e-02  1.286000e+02  0.000000e+00 
3  1.189862e+01  5.490680e+00  1.901940e+05  6.098066e-01 6 -1.000000e+00  1.598226e+01 1   4.7498  5.681606e-01  1.902913e-01 -1 -1.0000 -1.000000e+00 -1.000000e+00 -1.000000e+00 -1.000000e+00 -1.000000e+00 -1.000000e+00 -1 -1.0000 -1.000000e+00 -1.000000e+00 -1.000000e+00 -1.000000e+00 -1.000000e+00 -1.000000e+00  0  1.5590  1.764449e+13  0.000000e+00  0.000000e+00  6.814598e-01  1.577024e+02  2.870056e+00  1  1.5590  1.047985e+11  0.000000e+00  0.000000e+00  1.951518e-01  1.828617e+02  1.392744e-01  2  1.5590  4.749786e+00  0.000000e+00  0.000000e+00  1.296592e-01 -1.099983e+01  0.000000e+00 
3  5.668323e+01  2.938388e+01  2.879960e+05  7.288714e-01 6 -1.000000e+00  6.870453e+01 1   2.0922  4.475016e-01 -1.597443e-01 -1 -1.0000 -1.000000e+00 -1.000000e+00 -1.000000e+00 -1.000000e+00 -1.000000e+00 -1.000000e+00 -1 -1.0000 -1.000000e+00 -1.000000e+00 -1.000000e+00 -1.000000e+00 -1.000000e+00 -1.000000e+00  0  0.6080  1.769631e+12  0.000000e+00  0.000000e+00  2.541704e-01 -4.436655e+01  4.256425e+00  1  0.6080  6.346184e+10  0.000000e+00  0.000000e+00  4.909393e-01 -7.598594e+01  6.449793e-02  2  0.6080  2.092227e+00  0.000000e+00  0.000000e+00  3.953047e-02 -2.301358e+01  0.000000e+00 
3  1.580147e+01  1.328122e+01  1.716450e+05  4.976427e-01 6 -1.000000e+00  2.049512e+01 1   3.0968 -2.454510e-01 -1.495370e-01 -1 -1.0000 -1.000000e+00 -1.000000e+00 -1.000000e+00 -1.000000e+00 -1.000000e+00 -1.000000e+00 -1 -1.0000 -1.000000e+00 -1.000000e+00 -1.000000e+00 -1.000000e+00 -1.000000e+00 -1.000000e+00  0  0.6930  1.312064e+12  0.000000e+00  0.000000e+00  3.355709e-01  6.348251e+01  8.286183e+00  1  0.6930  4.096304e+10  0.000000e+00  0.000000e+00  1.644988e-01  5.067437e+01  1.128769e-01  2  0.6930  3.096751e+00  0.000000e+00  0.000000e+00  1.284816e-01  5.887930e+01  0.000000e+00 
3  4.127283e+01  2.647662e+01  3.983820e+05  3.120731e-01 6 -1.000000e+00  5.150402e+01 1   2.2111 -1.104444e-01  1.412324e-01 -1 -1.0000 -1.000000e+00 -1.000000e+00 -1.000000e+00 -1.000000e+00 -1.000000e+00 -1.000000e+00 -1 -1.0000 -1.000000e+00 -1.000000e+00 -1.000000e+00 -1.000000e+00 -1.000000e+00 -1.000000e+00  0  0.7180  5.711797e+11  0.000000e+00  0.000000e+00  2.764655e-01  9.764247e+01  5.010718e+00  1  0.7180  1.743634e+10  0.000000e+00  0.000000e+00  4.224938e-01  9.240934e+01  7.961926e-02  2  0.7180  2.211108e+00  0.000000e+00  0.000000e+00  4.870782e-02 -9.285123e+01  0.000000e+00 
3  1.108195e+00  5.372371e-01  1.577190e+05  6.294610e-01 6 -1.000000e+00  1.695290e+00 1   6.4900 -1.892056e-01 -4.792761e-01 -1 -1.0000 -1.000000e+00 -1.000000e+00 -1.000000e+00 -1.000000e+00 -1.000000e+00 -1.000000e+00 -1 -1.0000 -1.000000e+00 -1.000000e+00 -1.000000e+00 -1.000000e+00 -1.000000e+00 -1.000000e+00  0  0.8090  1.866342e+12  0.000000e+00  0.000000e+00  8.335322e-03  6.722148e+01  7.875284e+00  1  0.8090  4.966919e+10  0.000000e+00  0.000000e+00  8.954636e-02  8.382101e+01  1.220860e-01  2  0.8090  6.490000e+00  0.000000e+00  0.000000e+00  8.817317e-02  5.676744e+00  0.000000e+00 
3  3.491518e+01  3.962058e+01  2.549690e+05  2.765519e-01 6  2.874928e-01  6.894365e+01 3   1.3647  1.518799e-01 -7.740198e-01  0  0.9990  1.499801e+12  0.000000e+00  0.000000e+00  4.949783e-01 -5.954692e+01  1.284078e+01  1  0.9990  7.580449e+10  0.000000e+00  0.000000e+00  1.285385e-01 -1.225041e+02  1.916578e-01  2  0.9990  1.747573e+13  3.873703e+00 -1.360251e+01  4.465046e-01  1.176078e+02  3.733351e+00  3  0.9990  1.587219e+11  3.873703e+00 -1.360251e+01  1.084447e-01  1.586879e+02  1.749523e-01  4  0.9990  1.364705e+00  0.000000e+00  0.000000e+00  5.303178e-02  1.707646e+02  0.000000e+00 
3  1.811620e+01  1.223972e+01  1.494980e+05  5.644877e-01 6 -1.000000e+00  2.615075e+01 1   5.8379 -5.052401e-01 -1.797926e-01 -1 -1.0000 -1.000000e+00 -1.000000e+00 -1.000000e+00 -1.000000e+00 -1.000000e+00 -1.000000e+00 -1 -1.0000 -1.000000e+00 -1.000000e+00 -1.000000e+00 -1.000000e+00 -1.000000e+00 -1.000000e+00  0  1.0370  7.229519e+12  0.000000e+00  0.000000e+00  2.558546e-01  3.626913e+01  3.836710e+00  1  1.0370  7.233051e+10  0.000000e+00  0.000000e+00  3.927884e-01  2.865053e+00  7.753924e-02  2  1.0370  5.837908e+00  0.000000e+00  0.000000e+00  3.667640e-02  1.560774e+00  0.000000e+00 
3  1.831545e+01  1.076940e+01  1.927810e+05  4.181837e-01 6 -1.000000e+00  2.265931e+01 1   2.6320  2.132410e-01  2.683113e-01 -1 -1.0000 -1.000000e+00 -1.000000e+00 -1.000000e+00 -1.000000e+00 -1.000000e+00 -1.000000e+00 -1 -1.0000 -1.000000e+00 -1.000000e+00 -1.000000e+00 -1.000000e+00 -1.000000e+00 -1.000000e+00  0  1.0620  1.230473e+12  0.000000e+00  0.000000e+00  3.891517e-01  3.733075e+01  6.244535e+00  1  1.0620  4.776107e+10  0.000000e+00  0.000000e+00  1.218817e-01  5.071675e+01  3.832996e-02  2  1.0620  2.631958e+00  0.000000e+00  0.000000e+00  5.293195e-02  1.505051e+01  0.000000e+00 
2  6.149610e+00  3.756603e+00  7.979700e+04  1.230912e+00 6  2.774270e-01  8.681886e+00 1   3.6845  1.850192e+00  3.176415e-01  0  1.1530  3.119116e+12  0.000000e+00  0.000000e+00  2.774776e-01  9.509487e+01  1.725023e+01  1  1.1530  6.869356e+10  0.000000e+00  0.000000e+00  1.183186e-01  9.231234e+01  1.930040e-02  2  1.1530  1.253433e+13  6.453749e+00 -1.989713e+00  3.303672e-01  1.748164e+02  5.238534e+00  3  1.1530  1.090146e+11  6.453749e+00 -1.989713e+00  2.918377e-01  1.353954e+02  6.539960e-02  4  1.1530  3.684503e+00  0.000000e+00  0.000000e+00  1.155073e-01 -5.986255e+01  0.000000e+00 
3  1.906060e+01  1.093500e+01  1.311670e+05  2.703678e-01 6 -1.000000e+00  2.531345e+01 1   4.6700 -1.468144e-01  1.723301e-01 -1 -1.0000 -1.000000e+00 -1.000000e+00 -1.000000e+00 -1.000000e+00 -1.000000e+00 -1.000000e+00 -1 -1.0000 -1.000000e+00 -1.000000e+00 -1.000000e+00 -1.000000e+00 -1.000000e+00 -1.000000e+00  0  1.2800  7.818055e+11  0.000000e+00  0.000000e+00  1.595170e-01 -1.617687e+02  4.206191e+00  1  1.2800  2.383181e+10  0.000000e+00  0.000000e+00  2.814114e-01 -1.538793e+02  2.796321e-02  2  1.2800  4.670030e+00  0.000000e+00  0.000000e+00  5.540227e-02 -6.081860e+01  0.000000e+00 
3  1.931989e+01  1.295535e+01  7.881400e+04  6.395399e-01 6 -1.000000e+00  3.623290e+01 3   5.6615  3.804898e-01  1.986580e-01 -1 -1.0000 -1.000000e+00 -1.000000e+00 -1.000000e+00 -1.000000e+00 -1.000000e+00 -1.000000e+00 -1 -1.0000 -1.000000e+00 -1.000000e+00 -1.000000e+00 -1.000000e+00 -1.000000e+00 -1.000000e+00  0  1.4490  3.668502e+12  0.000000e+00  0.000000e+00  2.353818e-01 -4.175707e+01  7.037725e+00  1  1.4490  7.326712e+10  0.000000e+00  0.000000e+00  3.775039e-01 -2.126265e+01  1.021346e-01  2  1.4490  5.661520e+00  0.000000e+00  0.000000e+00  5.980442e-03 -9.553275e+01  0.000000e+00 
3  2.089345e+01  1.499852e+01  6.246000e+03  1.073120e-01 6  2.770414e-01  3.055754e+01 1   2.2216 -1.678544e-02  1.429351e-01  0  1.7160  5.574232e+11  0.000000e+00  0.000000e+00  2.177661e-01  6.551367e+01  8.996141e+00  1  1.7160  1.443106e+10  0.000000e+00  0.000000e+00  4.886848e-01  6.195107e+01  4.691207e-02  2  1.7160  2.918572e+12 -9.207011e+00  1.389685e+01  2.553055e-01  4.706057e+01  3.092357e+00  3  1.7160  8.204659e+10 -9.207011e+00  1.389685e+01  4.259927e-01  5.750937e+01  3.772348e-02  4  1.7160  2.221569e+00  0.000000e+00  0.000000e+00  9.554142e-02 -2.829471e+01  0.000000e+00 
4  5.577500e+00  1.188452e+01  1.508130e+05  1.113195e+00 6 -1.000000e+00  1.943152e+01 3   5.6661  1.409883e-01  1.076434e-01 -1 -1.0000 -1.000000e+00 -1.000000e+00 -1.000000e+00 -1.000000e+00 -1.000000e+00 -1.000000e+00 -1 -1.0000 -1.000000e+00 -1.000000e+00 -1.000000e+00 -1.000000e+00 -1.000000e+00 -1.000000e+00  0  1.7510  9.056448e+12  0.000000e+00  0.000000e+00  2.594333e-01  1.168838e+02  6.241315e+00  1  1.7510  1.036265e+11  0.000000e+00  0.000000e+00  1.319264e-01  1.311387e+02  6.258566e-02  2  1.7510  5.666086e+00  0.000000e+00  0.000000e+00  6.281361e-02 -8.653776e+01  0.000000e+00 
1  4.558171e+00  8.125179e+00  3.815040e+05  2.795788e-01 0  2.722165e-01  8.125179e+00 2   8.6811 -6.514550e-03 -1.256829e-01  0  2.0970  3.189811e+11  0.000000e+00  0.000000e+00  4.314970e-01  1.397289e+02  1.781705e+01  1  2.0970  3.820538e+09  0.000000e+00  0.000000e+00  1.269055e-01  1.211024e+02  1.076858e-01  2  2.0970  7.646933e+11 -1.389129e+00 -1.090771e+00  3.642687e-01 -7.884757e+01  4.457957e+00  3  2.0970  1.202162e+10 -1.389129e+00 -1.090771e+00  4.503588e-01 -8.094544e+01  8.726202e-02  4  2.0970  8.681128e+00  0.000000e+00  0.000000e+00  6.506326e-02  9.269069e+01  0.000000e+00 
3  2.898179e+01  3.351609e+01  2.987000e+04  8.024717e-01 6 -1.000000e+00  4.010644e+01 1   3.2198  5.734674e-01 -4.921175e-01 -1 -1.0000 -1.000000e+00 -1.000000e+00 -1.000000e+00 -1.000000e+00 -1.000000e+00 -1.000000e+00 -1 -1.0000 -1.000000e+00 -1.000000e+00 -1.000000e+00 -1.000000e+00 -1.000000e+00 -1.000000e+00  0  0.1120  2.607817e+12  0.000000e+00  0.000000e+00  2.346260e-01  1.226845e+02  8.598988e+00  1  0.1120  6.205562e+10  0.000000e+00  0.000000e+00  6.229821e-01  1.389234e+02  4.826456e-01  2  0.1120  3.219818e+00  0.000000e+00  0.000000e+00  1.196441e-01  1.443995e+02  0.000000e+00 
3  4.927490e+01  3.466186e+01  2.745300e+04  9.900029e-01 6 -1.000000e+00  8.220648e+01 1   2.1872  1.633846e-01 -3.642797e-01 -1 -1.0000 -1.000000e+00 -1.000000e+00 -1.000000e+00 -1.000000e+00 -1.000000e+00 -1.000000e+00 -1 -1.0000 -1.000000e+00 -1.000000e+00 -1.000000e+00 -1.000000e+00 -1.000000e+00 -1.000000e+00  0  0.3480  1.025212e+13  0.000000e+00  0.000000e+00  2.620468e-01 -1.379154e+02  4.660843e+00  1  0.3480  1.418768e+11  0.000000e+00  0.000000e+00  5.407254e-01 -1.338529e+02  2.698676e-01  2  0.3480  2.187157e+00  0.000000e+00  0.000000e+00  6.699545e-02  3.632336e+01  0.000000e+00 
3  2.576854e+00  1.945357e+00  9.273200e+04  8.210714e-01 6  3.012024e-01  3.739282e+00 1  14.9241  2.496810e+00  1.030302e-01  0  0.4860  9.775253e+11  0.000000e+00  0.000000e+00  9.619456e-02 -1.598345e+02  1.962622e+01  1  0.4860  4.146666e+10  0.000000e+00  0.000000e+00  2.730686e-01 -1.582453e+02  1.259468e-01  2  0.4860  1.289553e+13  1.678300e+01  4.983037e+00  1.809045e-01 -1.439547e+01  7.611832e+00  3  0.4860  1.401520e+11  1.678300e+01  4.983037e+00  3.681687e-01  2.036905e-01  2.608196e-01  4  0.4860  1.492412e+01  0.000000e+00  0.000000e+00  1.314155e-01 -1.416710e+01  0.000000e+00 
3  3.730637e+01  2.969328e+01  1.223780e+05  7.168507e-01 6 -1.000000e+00  5.513675e+01 1   2.8510  4.028240e-01 -5.042864e-01 -1 -1.0000 -1.000000e+00 -1.000000e+00 -1.000000e+00 -1.000000e+00 -1.000000e+00 -1.000000e+00 -1 -1.0000 -1.000000e+00 -1.000000e+00 -1.000000e+00 -1.000000e+00 -1.000000e+00 -1.000000e+00  0  0.5700  1.139183e+13  0.000000e+00  0.000000e+00  3.146878e-01 -5.864739e-01  4.525451e+00  1  0.5700  1.424955e+11  0.000000e+00  0.000000e+00  5.021672e-01 -2.573132e+01  3.429853e-01  2  0.5700  2.851009e+00  0.000000e+00  0.000000e+00  5.292801e-02 -6.941225e+01  0.000000e+00 
3  5.330995e+00  2.697642e+00  2.239390e+05  8.221372e-01 6 -1.000000e+00  7.572830e+00 1   6.1335  3.231182e-02  5.235980e-01 -1 -1.0000 -1.000000e+00 -1.000000e+00 -1.000000e+00 -1.000000e+00 -1.000000e+00 -1.000000e+00 -1 -1.0000 -1.000000e+00 -1.000000e+00 -1.000000e+00 -1.000000e+00 -1.000000e+00 -1.000000e+00  0  0.6780  2.469734e+12  0.000000e+00  0.000000e+00  2.824533e-01 -1.585836e+02  7.675468e+00  1  0.6780  7.133926e+10  0.000000e+00  0.000000e+00  2.311687e-01 -1.184110e+02  7.355784e-02  2  0.6780  6.133453e+00  0.000000e+00  0.000000e+00  1.950449e-01  2.169410e+01  0.000000e+00 
3  6.566502e+01  9.111895e+01  3.818120e+05  3.774400e-01 6 -1.000000e+00  1.002734e+02 1   2.5293 -4.872537e-02  1.275269e-01 -1 -1.0000 -1.000000e+00 -1.000000e+00 -1.000000e+00 -1.000000e+00 -1.000000e+00 -1.000000e+00 -1 -1.0000 -1.000000e+00 -1.000000e+00 -1.000000e+00 -1.000000e+00 -1.000000e+00 -1.000000e+00  0  1.0450  1.467458e+12  0.000000e+00  0.000000e+00  1.935894e-01 -9.392230e+01  6.454561e+00  1  1.0450  5.019817e+10  0.000000e+00  0.000000e+00  2.179754e-01 -4.645012e+01  1.274579e-01  2  1.0450  2.529251e+00  0.000000e+00  0.000000e+00  8.197152e-02 -1.070932e+02  0.000000e+00 
3  1.562396e+01  1.438566e+01  8.600400e+04  1.843273e-01 6 -1.000000e+00  3.658276e+01 3   3.4885  4.944523e-02 -3.076899e-02 -1 -1.0000 -1.000000e+00 -1.000000e+00 -1.000000e+00 -1.000000e+00 -1.000000e+00 -1.000000e+00 -1 -1.0000 -1.000000e+00 -1.000000e+00 -1.000000e+00 -1.000000e+00 -1.000000e+00 -1.000000e+00  0  1.1770  5.122855e+11  0.000000e+00  0.000000e+00  2.047425e-01  5.397273e+01  4.832640e+00  1  1.1770  9.157208e+09  0.000000e+00  0.000000e+00  1.840905e-01  6.846083e+01  2.982746e-02  2  1.1770  3.488536e+00  0.000000e+00  0.000000e+00  4.859766e-02 -1.381631e+02  0.000000e+00 
1  9.225853e-01  1.698636e+00  3.444260e+05  2.321214e-02 0 -1.000000e+00  1.698636e+00 2  12.5211 -3.084111e-03 -4.359143e-02 -1 -1.0000 -1.000000e+00 -1.000000e+00 -1.000000e+00 -1.000000e+00 -1.000000e+00 -1.000000e+00 -1 -1.0000 -1.000000e+00 -1.000000e+00 -1.000000e+00 -1.000000e+00 -1.000000e+00 -1.000000e+00  0  1.2780  1.041499e+11  0.000000e+00  0.000000e+00  1.398957e-01  1.752819e+02  1.006112e+01  1  1.2780  2.758272e+08  0.000000e+00  0.000000e+00  4.332776e-01  1.624010e+02  4.758340e-02  2  1.2780  1.252111e+01  0.000000e+00  0.000000e+00  8.517722e-02  3.526507e+01  0.000000e+00 
3  7.353421e+00  7.070606e+00  8.206200e+04  5.274692e-01 6  2.800228e-01  1.123647e+01 1   4.3375  1.443580e-01  3.707626e-01  0  1.3180  6.804049e+11  0.000000e+00  0.000000e+00  4.170260e-01  1.158081e+02  1.621821e+01  1  1.3180  1.917693e+10  0.000000e+00  0.000000e+00  4.230073e-01  9.018448e+01  3.772412e-02  2  1.3180  3.163341e+12  6.786673e-01  2.689224e+00  1.413997e-01  1.417513e+02  5.777677e+00  3  1.3180  7.365931e+10  6.786673e-01  2.689224e+00  5.266458e-01  1.882200e+02  2.993094e-02  4  1.3180  4.337485e+00  0.000000e+00  0.000000e+00  7.541524e-02  7.788236e+01  0.000000e+00 
3  7.189509e+00  4.817952e+00  3.737220e+05  2.404009e-01 6 -1.000000e+00  8.842836e+00 1   6.7911 -5.962671e-02  1.861917e-01 -1 -1.0000 -1.000000e+00 -1.000000e+00 -1.000000e+00 -1.000000e+00 -1.000000e+00 -1.000000e+00 -1 -1.0000 -1.000000e+00 -1.000000e+00 -1.000000e+00 -1.000000e+00 -1.000000e+00 -1.000000e+00  0  1.5330  6.953068e+11  0.000000e+00  0.000000e+00  2.611789e-01 -5.955916e+01  3.661444e+00  1  1.5330  1.403684e+10  0.000000e+00  0.000000e+00  6.934858e-01 -6.364582e+01  3.326999e-02  2  1.5330  6.791134e+00  0.000000e+00  0.000000e+00  9.696756e-02  1.339644e+02  0.000000e+00 
1  6.696565e+00  1.264789e+01  2.202710e+05  5.054563e-01 0  2.766801e-01  1.264789e+01 2  10.4263 -1.048646e+00  2.853523e-01  0  1.6440  4.628844e+11  0.000000e+00  0.000000e+00  1.481658e-01  1.214579e+02  2.196722e+01  1  1.6440  1.136042e+10  0.000000e+00  0.000000e+00  1.874944e-01  1.388085e+02  5.963879e-02  2  1.6440  1.784279e+12 -4.558682e+00  6.843340e-01  4.095222e-01 -1.029606e+02  5.326686e+00  3  1.6440  6.517964e+10 -4.558682e+00  6.843340e-01  3.957346e-01 -1.117325e+02  2.879603e-02  4  1.6440  1.042628e+01  0.000000e+00  0.000000e+00  1.691347e-01 -1.168026e+02  0.000000e+00 
1  4.217851e+00  9.661554e+00  5.311200e+04  1.368795e-01 0  2.818261e-01  9.661554e+00 2  14.6902  8.917233e-03 -2.536651e-01  0  1.7850  7.789590e+10  0.000000e+00  0.000000e+00  2.048350e-01 -1.036722e+02  2.418385e+01  1  1.7850  1.941860e+08  0.000000e+00  0.000000e+00  3.754210e-01 -1.303649e+02  7.188040e-02  2  1.7850  6.942409e+11  8.994802e-01 -7.275110e+00  1.955985e-01  1.411647e+02  4.560336e+00  3  1.7850  1.163835e+10  8.994802e-01 -7.275110e+00  5.161261e-01  1.911038e+02  3.300206e-02  4  1.7850  1.469025e+01  0.000000e+00  0.000000e+00  5.853017e-02 -4.949633e-01  0.000000e+00 
3  8.054429e+00  3.914413e+00  2.664320e+05  7.430469e-01 6 -1.000000e+00  1.023659e+01 1   5.3851 -5.775688e-01  5.716451e-01 -1 -1.0000 -1.000000e+00 -1.000000e+00 -1.000000e+00 -1.000000e+00 -1.000000e+00 -1.000000e+00 -1 -1.0000 -1.000000e+00 -1.000000e+00 -1.000000e+00 -1.000000e+00 -1.000000e+00 -1.000000e+00  0  0.5940  5.114273e+12  0.000000e+00  0.000000e+00  2.561585e-01 -5.398311e+01  4.734245e+00  1  0.5940  8.812464e+10  0.000000e+00  0.000000e+00  3.061042e-01 -3.540344e+01  1.682435e-01  2  0.5940  5.385144e+00  0.000000e+00  0.000000e+00  1.235443e-01  1.027822e+02  0.000000e+00 
3  3.122975e+00  2.829931e+00  3.499620e+05  2.997247e-01 6 -1.000000e+00  8.152797e+00 3  16.0249 -4.756246e-02 -1.245345e-01 -1 -1.0000 -1.000000e+00 -1.000000e+00 -1.000000e+00 -1.000000e+00 -1.000000e+00 -1.000000e+00 -1 -1.0000 -1.000000e+00 -1.000000e+00 -1.000000e+00 -1.000000e+00 -1.000000e+00 -1.000000e+00  0  0.9280  9.855611e+11  0.000000e+00  0.000000e+00  1.566785e-01  8.559629e+00  5.881938e+00  1  0.9280  2.376192e+10  0.000000e+00  0.000000e+00  3.606685e-01 -1.043243e+01  1.076919e-01  2  0.9280  1.602494e+01  0.000000e+00  0.000000e+00  7.567946e-02  1.291159e+02  0.000000e+00 
1  4.544268e+00  7.952391e+00  7.781300e+04  1.795927e-01 0  2.864700e-01  7.952391e+00 2   5.4341 -2.027619e-01  3.235125e-01  0  1.2220  1.220393e+11  0.000000e+00  0.000000e+00  3.165133e-01  3.762107e+01  2.697196e+01  1  1.2220  9.774328e+08  0.000000e+00  0.000000e+00  3.343605e-01  6.352495e+01  8.499953e-02  2  1.2220  8.275400e+11 -5.541588e-01  8.117884e-01  2.499328e-01 -1.641259e+02  5.057349e+00  3  1.2220  1.912912e+10 -5.541588e-01  8.117884e-01  4.714740e-01 -2.061572e+02  7.101191e-02  4  1.2220  5.434111e+00  0.000000e+00  0.000000e+00  8.238988e-03 -1.041643e+02  0.000000e+00 
3  1.698624e+01  1.613928e+01  1.109120e+05  4.970125e-01 6 -1.000000e+00  2.550343e+01 1   3.6575  1.402052e-01 -7.517979e-02 -1 -1.0000 -1.000000e+00 -1.000000e+00 -1.000000e+00 -1.000000e+00 -1.000000e+00 -1.000000e+00 -1 -1.0000 -1.000000e+00 -1.000000e+00 -1.000000e+00 -1.000000e+00 -1.000000e+00 -1.000000e+00  0  1.6110  1.161557e+13  0.000000e+00  0.000000e+00  3.145684e-01 -4.428760e+01  2.596986e+00  1  1.6110  7.748101e+10  0.000000e+00  0.000000e+00  4.031052e-01 -4.570732e+01  3.627397e-02  2  1.6110  3.657532e+00  0.000000e+00  0.000000e+00  1.675371e-01  9.875106e+01  0.000000e+00 
3  4.364729e+00  1.305796e+00  2.448130e+05  6.036712e-01 6 -1.000000e+00  8.724190e+00 2   4.9495 -1.355612e-01  5.122652e-01 -1 -1.0000 -1.000000e+00 -1.000000e+00 -1.000000e+00 -1.000000e+00 -1.000000e+00 -1.000000e+00 -1 -1.0000 -1.000000e+00 -1.000000e+00 -1.000000e+00 -1.000000e+00 -1.000000e+00 -1.000000e+00  0  2.0840  6.968667e+12  0.000000e+00  0.000000e+00  1.603460e-01 -2.221857e+01  5.733826e+00  1  2.0840  4.743971e+10  0.000000e+00  0.000000e+00  2.493398e-01 -5.692375e+01  4.668910e-02  2  2.0840  4.949550e+00  0.000000e+00  0.000000e+00  9.055694e-02  2.379051e+01  0.000000e+00 
3  8.274679e+00  4.435961e+00  3.023820e+05  1.686628e+00 6 -1.000000e+00  1.537311e+01 2   8.7965 -9.185199e-01  9.859053e-01 -1 -1.0000 -1.000000e+00 -1.000000e+00 -1.000000e+00 -1.000000e+00 -1.000000e+00 -1.000000e+00 -1 -1.0000 -1.000000e+00 -1.000000e+00 -1.000000e+00 -1.000000e+00 -1.000000e+00 -1.000000e+00  0  0.5230  2.764917e+13  0.000000e+00  0.000000e+00  2.858321e-01  7.122974e+00  5.953378e+00  1  0.5230  1.999548e+11  0.000000e+00  0.000000e+00  2.074160e-01  7.777997e+00  3.617163e-01  2  0.5230  8.796492e+00  0.000000e+00  0.000000e+00  3.389100e-02 -1.309418e+02  0.000000e+00 
3  1.966533e+01  2.056140e+01  4.757700e+04  9.129640e-01 6 -1.000000e+00  2.842686e+01 1   3.9633 -5.757311e-01 -3.880176e-02 -1 -1.0000 -1.000000e+00 -1.000000e+00 -1.000000e+00 -1.000000e+00 -1.000000e+00 -1.000000e+00 -1 -1.0000 -1.000000e+00 -1.000000e+00 -1.000000e+00 -1.000000e+00 -1.000000e+00 -1.000000e+00  0  0.6040  1.645425e+13  0.000000e+00  0.000000e+00  5.772180e-01  1.479394e+02  5.296076e+00  1  0.6040  1.306107e+11  0.000000e+00  0.000000e+00  4.085943e-01  1.841170e+02  2.064025e-01  2  0.6040  3.963307e+00  0.000000e+00  0.000000e+00  7.621520e-02  1.381470e+01  0.000000e+00 
3  3.263134e+00  5.370675e+00  3.000750e+05  1.915751e-01 6  2.895357e-01  6.302095e+00 3   9.7071  6.869730e-01 -2.737866e-01  0  0.9230  2.157965e+11  0.000000e+00  0.000000e+00  5.901415e-02  1.602658e+02  1.754068e+01  1  0.9230  2.607961e+09  0.000000e+00  0.000000e+00  5.503023e-01  1.193413e+02  1.310656e-01  2  0.9230  1.411296e+12  2.192515e+00 -8.595604e-01  1.240553e-01 -1.641435e+02  1.111579e+01  3  0.9230  6.402062e+10  2.192515e+00 -8.595604e-01  1.906099e-01 -1.043904e+02  1.038569e-01  4  0.9230  9.707133e+00  0.000000e+00  0.000000e+00  3.175620e-01 -1.158166e+02  0.000000e+00 
3  1.359534e+01  1.284251e+01  3.055420e+05  4.936211e-01 6 -1.000000e+00  2.082987e+01 1   4.2743  2.834090e-01  1.036631e-01 -1 -1.0000 -1.000000e+00 -1.000000e+00 -1.000000e+00 -1.000000e+00 -1.000000e+00 -1.000000e+00 -1 -1.0000 -1.000000e+00 -1.000000e+00 -1.000000e+00 -1.000000e+00 -1.000000e+00 -1.000000e+00  0  0.9710  1.982143e+12  0.000000e+00  0.000000e+00  3.088619e-01 -2.879087e+01  7.635215e+00  1  0.9710  6.015212e+10  0.000000e+00  0.000000e+00  3.170919e-01 -4.018963e+01  2.171572e-01  2  0.9710  4.274331e+00  0.000000e+00  0.000000e+00  1.005692e-01  3.649642e+01  0.000000e+00 
3  1.964024e+01  2.519257e+01  3.176790e+05  4.746486e-01 6  2.857959e-01  3.506134e+01 3   4.4100 -9.515210e-01  6.923941e-02  0  1.1680  6.629319e+11  0.000000e+00  0.000000e+00  2.683337e-01  1.104850e+02  1.528380e+01  1  1.1680  2.729087e+10  0.000000e+00  0.000000e+00  3.510325e-01  6.359405e+01  9.204747e-02  2  1.1680  6.479776e+12 -1.071379e+01 -3.768319e-01  2.740828e-01 -1.013317e+02  6.637911e+00  3  1.1680  8.794394e+10 -1.071379e+01 -3.768319e-01  4.358140e-01 -1.500226e+02  1.192098e-01  4  1.1680  4.410008e+00  0.000000e+00  0.000000e+00  1.066710e-01  1.401036e+01  0.000000e+00 
3  1.020585e+01  5.430999e+00  3.331410e+05  6.243415e-01 6 -1.000000e+00  1.794993e+01 2   6.8315  3.323940e-01  2.121368e-01 -1 -1.0000 -1.000000e+00 -1.000000e+00 -1.000000e+00 -1.000000e+00 -1.000000e+00 -1.000000e+00 -1 -1.0000 -1.000000e+00 -1.000000e+00 -1.000000e+00 -1.000000e+00 -1.000000e+00 -1.000000e+00  0  1.2890  3.175168e+12  0.000000e+00  0.000000e+00  2.847304e-01 -6.421510e+01  2.939654e+00  1  1.2890  7.436100e+10  0.000000e+00  0.000000e+00  2.254705e-01 -5.957746e+01  5.327546e-02  2  1.2890  6.831495e+00  0.000000e+00  0.000000e+00  5.945198e-02  1.104908e+02  0.000000e+00 
3  5.913137e+00  4.101036e+00  3.616100e+04  3.277394e-01 6 -1.000000e+00  8.774502e+00 1  10.5355  2.177437e-01 -1.235394e-01 -1 -1.0000 -1.000000e+00 -1.000000e+00 -1.000000e+00 -1.000000e+00 -1.000000e+00 -1.000000e+00 -1 -1.0000 -1.000000e+00 -1.000000e+00 -1.000000e+00 -1.000000e+00 -1.000000e+00 -1.000000e+00  0  1.5520  2.019127e+12  0.000000e+00  0.000000e+00  4.473479e-01  1.346779e+01  2.401577e+00  1  1.5520  4.480968e+10  0.000000e+00  0.000000e+00  4.739854e-01 -1.764676e+01  5.350041e-02  2  1.5520  1.053552e+01  0.000000e+00  0.000000e+00  1.039803e-01 -1.288220e+02  0.000000e+00 
3  1.123212e+01  1.066075e+01  4.985700e+04  1.527706e-01 6 -1.000000e+00  1.628183e+01 1   5.9101  1.155724e-01 -1.666775e-02 -1 -1.0000 -1.000000e+00 -1.000000e+00 -1.000000e+00 -1.000000e+00 -1.000000e+00 -1.000000e+00 -1 -1.0000 -1.000000e+00 -1.000000e+00 -1.000000e+00 -1.000000e+00 -1.000000e+00 -1.000000e+00  0  1.7590  9.492624e+11  0.000000e+00  0.000000e+00  1.577697e-01  1.207456e+01  3.769590e+00  1  1.7590  1.328875e+10  0.000000e+00  0.000000e+00  4.454922e-01 -2.852064e+01  6.976422e-02  2  1.7590  5.910132e+00  0.000000e+00  0.000000e+00  2.621296e-02  1.360302e+02  0.000000e+00 
5  3.365482e+01  5.877190e+01  3.232540e+05  1.801951e+00 6 -1.000000e+00  9.642191e+01 3   5.0937 -1.292825e-01 -2.663929e-01 -1 -1.0000 -1.000000e+00 -1.000000e+00 -1.000000e+00 -1.000000e+00 -1.000000e+00 -1.000000e+00 -1 -1.0000 -1.000000e+00 -1.000000e+00 -1.000000e+00 -1.000000e+00 -1.000000e+00 -1.000000e+00  0  0.4290  4.398280e+13  0.000000e+00  0.000000e+00  6.280517e-01  6.931038e+01  4.587820e+00  1  0.4290  1.624601e+11  0.000000e+00  0.000000e+00  2.308033e-01  1.042591e+02  3.814515e-01  2  0.4290  5.093696e+00  0.000000e+00  0.000000e+00  7.326067e-02 -2.114581e+01  0.000000e+00 
5  2.170447e+01  2.887779e+01  2.629340e+05  3.915216e+00 6  2.940085e-01  4.388748e+01 3   3.7477  5.055849e+00 -3.722282e+00  0  0.4450  9.068474e+12  0.000000e+00  0.000000e+00  2.447055e-01  3.637246e+01  2.234907e+01  1  0.4450  1.393865e+11  0.000000e+00  0.000000e+00  1.233020e-01  3.279950e+01  2.378107e-01  2  0.4450  1.373644e+14  1.184400e+01 -1.199393e+01  2.431053e-01 -1.471542e+02  4.769325e+00  3  0.4450  4.942521e+11  1.184400e+01 -1.199393e+01  4.231799e-01 -1.463601e+02  9.715570e-01  4  0.4450  3.747737e+00  0.000000e+00  0.000000e+00  1.011262e-01  5.102261e+01  0.000000e+00 
3  2.938794e+00  1.277964e+00  2.805780e+05  6.843450e-01 6 -1.000000e+00  3.755342e+00 1  11.8621  1.161449e-01 -5.557924e-01 -1 -1.0000 -1.000000e+00 -1.000000e+00 -1.000000e+00 -1.000000e+00 -1.000000e+00 -1.000000e+00 -1 -1.0000 -1.000000e+00 -1.000000e+00 -1.000000e+00 -1.000000e+00 -1.000000e+00 -1.000000e+00  0  0.7850  1.771757e+12  0.000000e+00  0.000000e+00  3.521770e-01 -6.681656e+01  3.020473e+00  1  0.7850  7.122768e+10  0.000000e+00  0.000000e+00  8.100059e-02 -6.575968e+01  4.989252e-02  2  0.7850  1.186213e+01  0.000000e+00  0.000000e+00  2.400632e-01  3.869749e+01  0.000000e+00 
3  9.953849e+00  1.321382e+01  5.958500e+04  1.555576e+00 6  2.866255e-01  1.568945e+01 1   5.0254 -1.778005e+00  1.086276e-01  0  0.8060  1.956438e+12  0.000000e+00  0.000000e+00  1.751140e-01  1.533427e+02  3.325894e+01  1  0.8060  9.917352e+10  0.000000e+00  0.000000e+00  1.629816e-01  1.665680e+02  7.773052e-02  2  0.8060  1.304858e+13 -1.438344e+01 -2.049490e+00  2.257367e-01 -8.018258e+01  3.462376e+00  3  0.8060  1.086462e+11 -1.438344e+01 -2.049490e+00  2.152688e-01 -7.251367e+01  1.530499e-01  4  0.8060  5.025402e+00  0.000000e+00  0.000000e+00  1.091228e-01 -9.842373e+01  0.000000e+00 
1  1.112161e+01  2.073340e+01  3.370350e+05  3.597417e-01 0  2.883519e-01  2.073340e+01 2   4.4063 -8.015561e-01 -2.313578e-01  0  0.9250  3.821230e+11  0.000000e+00  0.000000e+00  2.377856e-01 -5.522025e+01  1.974554e+01  1  0.9250  1.321095e+10  0.000000e+00  0.000000e+00  3.805615e-01 -6.322719e+01  1.071940e-01  2  0.9250  2.468182e+12 -1.027867e+01 -1.410673e+00  4.934978e-02 -9.881072e+00  7.758227e+00  3  0.9250  6.057287e+10 -1.027867e+01 -1.410673e+00  4.303797e-01  1.600220e+01  1.052452e-01  4  0.9250  4.406333e+00  0.000000e+00  0.000000e+00  5.445597e-02 -6.569272e+01  0.000000e+00 
3  6.172838e+00  6.639151e+00  2.728300e+04  5.224396e-01 6  2.834467e-01  8.074091e+00 1  10.4127 -4.816651e-01  6.529044e-02  0  0.9980  4.096971e+11  0.000000e+00  0.000000e+00  3.584381e-01  1.559422e+02  2.688723e+01  1  0.9980  1.666895e+10  0.000000e+00  0.000000e+00  3.166127e-01  1.463299e+02  1.171739e-01  2  0.9980  1.548959e+12 -4.538556e+00 -2.633150e+00  1.517105e-01  1.306031e+02  3.750422e+00  3  0.9980  3.950181e+10 -4.538556e+00 -2.633150e+00  3.389092e-01  9.336721e+01  5.600450e-02  4  0.9980  1.041273e+01  0.000000e+00  0.000000e+00  1.209708e-01 -6.906272e+01  0.000000e+00 
3  3.110139e+00  1.852424e+00  1.402560e+05  6.525152e-01 6 -1.000000e+00  3.961281e+00 1  12.5667 -3.154886e-01 -4.062842e-01 -1 -1.0000 -1.000000e+00 -1.000000e+00 -1.000000e+00 -1.000000e+00 -1.000000e+00 -1.000000e+00 -1 -1.0000 -1.000000e+00 -1.000000e+00 -1.000000e+00 -1.000000e+00 -1.000000e+00 -1.000000e+00  0  1.2310  2.806834e+12  0.000000e+00  0.000000e+00  2.830283e-01  5.435670e+01  4.124408e+00  1  1.2310  5.657873e+10  0.000000e+00  0.000000e+00  3.378006e-01  9.090452e+01  1.486061e-01  2  1.2310  1.256672e+01  0.000000e+00  0.000000e+00  1.712428e-01  5.846482e+01  0.000000e+00 
3  3.263474e+00  1.879792e+00  3.550990e+05  6.223038e-02 6 -1.000000e+00  5.112632e+00 1   8.1039  5.085462e-02 -4.158044e-02 -1 -1.0000 -1.000000e+00 -1.000000e+00 -1.000000e+00 -1.000000e+00 -1.000000e+00 -1.000000e+00 -1 -1.0000 -1.000000e+00 -1.000000e+00 -1.000000e+00 -1.000000e+00 -1.000000e+00 -1.000000e+00  0  2.3650  3.104769e+11  0.000000e+00  0.000000e+00  3.364714e-01 -1.238389e+02  5.410997e+00  1  2.3650  2.301395e+09  0.000000e+00  0.000000e+00  6.076414e-01 -1.649660e+02  1.842761e-02  2  2.3650  8.103942e+00  0.000000e+00  0.000000e+00  1.180534e-01  1.344099e+02  0.000000e+00 
5  1.658934e+01  2.638863e+01  1.460300e+04  2.192074e-01 6 -1.000000e+00  4.196299e+01 3   4.2771  3.239705e-02 -9.586323e-03 -1 -1.0000 -1.000000e+00 -1.000000e+00 -1.000000e+00 -1.000000e+00 -1.000000e+00 -1.000000e+00 -1 -1.0000 -1.000000e+00 -1.000000e+00 -1.000000e+00 -1.000000e+00 -1.000000e+00 -1.000000e+00  0  2.4620  1.736623e+12  0.000000e+00  0.000000e+00  2.700215e-01 -6.151985e+01  4.476434e+00  1  2.4620  3.074328e+10  0.000000e+00  0.000000e+00  4.716354e-01 -4.458698e+01  3.872446e-02  2  2.4620  4.277113e+00  0.000000e+00  0.000000e+00  7.963734e-02  1.531412e+02  0.000000e+00 
1  1.235447e+01  2.194697e+01  2.314810e+05  1.887951e+00 0  2.930263e-01  2.194697e+01 2   3.9666 -2.173577e+00 -1.551669e+00  0  0.1260  4.710957e+12  0.000000e+00  0.000000e+00  2.763471e-01 -1.226456e+02  2.890106e+01  1  0.1260  8.385443e+10  0.000000e+00  0.000000e+00  9.123881e-02 -1.230597e+02  1.283813e+00  2  0.1260  2.040634e+13 -5.521215e+01 -1.684102e+02  3.566920e-01 -1.477065e+02  1.421279e+01  3  0.1260  2.442331e+11 -5.521215e+01 -1.684102e+02  1.289832e-01 -1.673209e+02  9.982833e-01  4  0.1260  3.966555e+00  0.000000e+00  0.000000e+00  9.318409e-02 -1.453811e+02  0.000000e+00 
3  1.482896e+01  8.339668e+00  3.773000e+05  9.161545e-01 6 -1.000000e+00  2.651617e+01 2   4.4137  5.223798e-01  4.784234e-01 -1 -1.0000 -1.000000e+00 -1.000000e+00 -1.000000e+00 -1.000000e+00 -1.000000e+00 -1.000000e+00 -1 -1.0000 -1.000000e+00 -1.000000e+00 -1.000000e+00 -1.000000e+00 -1.000000e+00 -1.000000e+00  0  0.4920  5.737128e+12  0.000000e+00  0.000000e+00  4.808403e-01  1.491771e+02  7.444868e+00  1  0.4920  1.068046e+11  0.000000e+00  0.000000e+00  9.009401e-02  1.846509e+02  2.978253e-01  2  0.4920  4.413699e+00  0.000000e+00  0.000000e+00  1.262842e-02 -9.114541e+01  0.000000e+00 
3  6.412509e+00  3.692931e+00  2.784590e+05  9.776422e-01 6  2.835301e-01  1.025809e+01 1   3.9750  9.987699e-01 -1.719324e+00  0  0.5620  2.117700e+12  0.000000e+00  0.000000e+00  1.450133e-01 -9.287851e+01  1.155779e+01  1  0.5620  5.768536e+10  0.000000e+00  0.000000e+00  5.047024e-01 -7.676694e+01  1.184527e-01  2  0.5620  6.122234e+12  7.239828e+00 -9.074530e+00  3.786399e-01 -1.281801e+02  1.265915e+01  3  0.5620  9.635954e+10  7.239828e+00 -9.074530e+00  6.130962e-01 -1.641471e+02  2.547582e-01  4  0.5620  3.975026e+00  0.000000e+00  0.000000e+00  2.537749e-02  9.952483e+01  0.000000e+00 
3  4.296143e+00  2.046833e+00  2.110740e+05  5.773673e-01 6 -1.000000e+00  6.338560e+00 1   6.9030 -3.363989e-01  4.292143e-01 -1 -1.0000 -1.000000e+00 -1.000000e+00 -1.000000e+00 -1.000000e+00 -1.000000e+00 -1.000000e+00 -1 -1.0000 -1.000000e+00 -1.000000e+00 -1.000000e+00 -1.000000e+00 -1.000000e+00 -1.000000e+00  0  0.6500  9.383802e+11  0.000000e+00  0.000000e+00  2.831788e-01  1.586712e+02  1.551595e+01  1  0.6500  4.032168e+10  0.000000e+00  0.000000e+00  2.200072e-01  1.947474e+02  1.453326e-01  2  0.6500  6.902956e+00  0.000000e+00  0.000000e+00  1.421067e-01 -1.550589e+02  0.000000e+00 
3  2.179271e+01  3.061664e+01  1.146300e+05  8.102272e-01 6  2.818605e-01  4.105851e+01 3   4.9931 -3.662464e-01 -1.145775e+00  0  0.8850  1.903507e+12  0.000000e+00  0.000000e+00  5.203544e-01  1.772625e+02  1.643723e+01  1  0.8850  4.967045e+10  0.000000e+00  0.000000e+00  2.542720e-01  2.340040e+02  2.563640e-01  2  0.8850  7.481863e+12 -9.262270e+00 -1.058890e+01  2.047025e-01 -1.025762e+02  4.236985e+00  3  0.8850  9.704580e+10 -9.262270e+00 -1.058890e+01  2.449048e-01 -1.012198e+02  1.489327e-01  4  0.8850  4.993115e+00  0.000000e+00  0.000000e+00  1.479555e-01 -6.609483e+01  0.000000e+00 
1  1.566694e+01  2.865620e+01  1.602330e+05  5.862638e-01 0 -1.000000e+00  2.865620e+01 2   3.8582  5.984076e-02  6.817840e-01 -1 -1.0000 -1.000000e+00 -1.000000e+00 -1.000000e+00 -1.000000e+00 -1.000000e+00 -1.000000e+00 -1 -1.0000 -1.000000e+00 -1.000000e+00 -1.000000e+00 -1.000000e+00 -1.000000e+00 -1.000000e+00  0  1.5220  1.111103e+13  0.000000e+00  0.000000e+00  2.174891e-01 -2.175448e+01  5.329417e+00  1  1.5220  7.659624e+10  0.000000e+00  0.000000e+00  4.620620e-01 -2.164746e+00  1.174398e-01  2  1.5220  3.858162e+00  0.000000e+00  0.000000e+00  1.155148e-01  3.808140e+01  0.000000e+00 
3  1.068243e+01  5.989306e+00  1.363970e+05  3.597992e-01 6 -1.000000e+00  1.364084e+01 1   4.9530 -2.293302e-01  9.229608e-02 -1 -1.0000 -1.000000e+00 -1.000000e+00 -1.000000e+00 -1.000000e+00 -1.000000e+00 -1.000000e+00 -1 -1.0000 -1.000000e+00 -1.000000e+00 -1.000000e+00 -1.000000e+00 -1.000000e+00 -1.000000e+00  0  1.5350  1.320816e+12  0.000000e+00  0.000000e+00  6.359554e-02  8.341173e+01  2.850202e+00  1  1.5350  3.063660e+10  0.000000e+00  0.000000e+00  3.518403e-01  6.632342e+01  2.571607e-02  2  1.5350  4.953022e+00  0.000000e+00  0.000000e+00  1.035276e-01 -1.898510e+00  0.000000e+00 
3  6.347775e+00  5.443977e+00  8.342700e+04  5.847324e-01 6  2.754768e-01  9.456420e+00 1   4.4601  4.215126e-01  2.981230e-01  0  1.6910  1.018279e+12  0.000000e+00  0.000000e+00  4.797837e-01  1.228899e+02  1.542928e+01  1  1.6910  3.306410e+10  0.000000e+00  0.000000e+00  7.014190e-02  8.721215e+01  8.985315e-02  2  1.6910  5.515554e+12  4.053288e-01  2.525581e+00  3.304195e-01  1.065564e+01  4.155654e+00  3  1.6910  8.965829e+10  4.053288e-01  2.525581e+00  4.376741e-01 -3.832972e+01  6.711616e-02  4  1.6910  4.460075e+00  0.000000e+00  0.000000e+00  5.037036e-02  1.718630e+02  0.000000e+00 
1  1.182551e+01  2.412753e+01  2.426560e+05  2.569897e+00 0  2.774182e-01  2.412753e+01 2   5.5233  4.110192e+00 -1.921077e+00  0  0.8890  9.420097e+12  0.000000e+00  0.000000e+00  3.928074e-01 -5.673974e+01  1.819232e+01  1  0.8890  7.338718e+10  0.000000e+00  0.000000e+00  2.831638e-01 -1.755715e+01  1.112696e-01  2  0.8890  3.569843e+13  4.541984e+01 -1.199878e+01  2.730942e-01  1.016698e+02  3.478951e+00  3  0.8890  1.677365e+11  4.541984e+01 -1.199878e+01  4.020070e-01  1.017568e+02  4.205386e-01  4  0.8890  5.523313e+00  0.000000e+00  0.000000e+00  1.930702e-01  4.408573e+01  0.000000e+00 
3  1.810507e+00  8.963641e-01  2.562910e+05  5.393219e-01 6  2.867028e-01  2.532434e+00 1  18.0948  6.859722e-01 -4.445092e-01  0  0.9260  4.365590e+11  0.000000e+00  0.000000e+00  3.227331e-01 -3.459119e+01  2.054647e+01  1  0.9260  1.893118e+10  0.000000e+00  0.000000e+00  7.892284e-02 -1.008399e+02  7.034350e-02  2  0.9260  2.388366e+12  5.770012e+00  1.328201e-02  6.284408e-02  1.084969e+02  4.944168e+00  3  0.9260  6.254591e+10  5.770012e+00  1.328201e-02  4.167280e-01  1.106409e+02  6.964723e-02  4  0.9260  1.809481e+01  0.000000e+00  0.000000e+00  2.618765e-01  4.446155e+01  0.000000e+00 
1  6.415524e-01  1.133291e+00  2.301140e+05  1.628772e+00 0 -1.000000e+00  1.133291e+00 2   6.7526  1.874574e+00 -2.139529e+00 -1 -1.0000 -1.000000e+00 -1.000000e+00 -1.000000e+00 -1.000000e+00 -1.000000e+00 -1.000000e+00 -1 -1.0000 -1.000000e+00 -1.000000e+00 -1.000000e+00 -1.000000e+00 -1.000000e+00 -1.000000e+00  0  1.0570  2.827583e+13  0.000000e+00  0.000000e+00  3.530976e-01  3.637119e+01  4.759249e+00  1  1.0570  1.670643e+11  0.000000e+00  0.000000e+00  1.928076e-01  3.153772e+01  1.909835e-01  2  1.0570  6.752587e+00  0.000000e+00  0.000000e+00  1.650169e-02  2.972988e+01  0.000000e+00 
3  3.919513e+01  3.070213e+01  1.139070e+05  2.267350e-01 6 -1.000000e+00  6.571169e+01 1   2.0927 -8.344896e-02  1.363958e-02 -1 -1.0000 -1.000000e+00 -1.000000e+00 -1.000000e+00 -1.000000e+00 -1.000000e+00 -1.000000e+00 -1 -1.0000 -1.000000e+00 -1.000000e+00 -1.000000e+00 -1.000000e+00 -1.000000e+00 -1.000000e+00  0  1.1190  8.508111e+11  0.000000e+00  0.000000e+00  3.775612e-01  1.094585e+02  6.047859e+00  1  1.1190  2.120947e+10  0.000000e+00  0.000000e+00  4.068250e-01  1.050497e+02  9.171295e-02  2  1.1190  2.092728e+00  0.000000e+00  0.000000e+00  1.553981e-02  6.517316e+01  0.000000e+00 
5  4.599547e+00  6.083360e+00  2.203510e+05  2.367602e+00 6 -1.000000e+00  9.177069e+00 3  15.9660  1.147320e+00  2.604198e-01 -1 -1.0000 -1.000000e+00 -1.000000e+00 -1.000000e+00 -1.000000e+00 -1.000000e+00 -1.000000e+00 -1 -1.0000 -1.000000e+00 -1.000000e+00 -1.000000e+00 -1.000000e+00 -1.000000e+00 -1.000000e+00  0  1.1410  3.012904e+13  0.000000e+00  0.000000e+00  4.531334e-01 -3.374325e+01  5.909619e+00  1  1.1410  1.394437e+11  0.000000e+00  0.000000e+00  4.608303e-01 -4.586869e+01  1.301081e-01  2  1.1410  1.596596e+01  0.000000e+00  0.000000e+00  2.959379e-01  1.519893e+02  0.000000e+00 
3  4.773295e+00  5.895719e+00  6.796500e+04  6.564647e-01 6 -1.000000e+00  8.470855e+00 3   4.7046  1.104230e-01 -2.511487e-01 -1 -1.0000 -1.000000e+00 -1.000000e+00 -1.000000e+00 -1.000000e+00 -1.000000e+00 -1.000000e+00 -1 -1.0000 -1.000000e+00 -1.000000e+00 -1.000000e+00 -1.000000e+00 -1.000000e+00 -1.000000e+00  0  1.1640  3.312892e+12  0.000000e+00  0.000000e+00  1.468236e-01 -5.952016e+01  7.547485e+00  1  1.1640  5.745448e+10  0.000000e+00  0.000000e+00  1.833056e-01 -1.194368e+01  3.646998e-02  2  1.1640  4.704585e+00  0.000000e+00  0.000000e+00  3.202375e-02 -1.161146e+02  0.000000e+00 
3  2.846727e+01  2.333532e+01  3.619510e+05  2.043582e-01 6 -1.000000e+00  4.363540e+01 1   2.6997  5.733305e-02  3.039221e-02 -1 -1.0000 -1.000000e+00 -1.000000e+00 -1.000000e+00 -1.000000e+00 -1.000000e+00 -1.000000e+00 -1 -1.0000 -1.000000e+00 -1.000000e+00 -1.000000e+00 -1.000000e+00 -1.000000e+00 -1.000000e+00  0  1.2100  6.538990e+11  0.000000e+00  0.000000e+00  5.110189e-01 -7.649079e+01  4.844503e+00  1  1.2100  1.631508e+10  0.000000e+00  0.000000e+00  4.953240e-01 -7.633402e+01  1.064201e-01  2  1.2100  2.699650e+00  0.000000e+00  0.000000e+00  8.504098e-02 -1.346811e+02  0.000000e+00 
3  3.822670e+01  2.148287e+01  2.426320e+05  4.155325e-01 6 -1.000000e+00  4.662332e+01 1   2.8093 -2.506528e-01  2.197862e-01 -1 -1.0000 -1.000000e+00 -1.000000e+00 -1.000000e+00 -1.000000e+00 -1.000000e+00 -1.000000e+00 -1 -1.0000 -1.000000e+00 -1.000000e+00 -1.000000e+00 -1.000000e+00 -1.000000e+00 -1.000000e+00  0  1.5860  2.421708e+12  0.000000e+00  0.000000e+00  2.526405e-01  1.579152e+02  3.900295e+00  1  1.5860  7.435925e+10  0.000000e+00  0.000000e+00  5.407715e-01  1.109834e+02  9.738768e-02  2  1.5860  2.809273e+00  0.000000e+00  0.000000e+00  7.436638e-02  1.152853e+02  0.000000e+00 
2  2.034456e+00  1.654755e+00  3.212650e+05  4.433329e-01 6 -1.000000e+00  2.788153e+00 1   4.0194 -2.971180e-01 -1.011037e-01 -1 -1.0000 -1.000000e+00 -1.000000e+00 -1.000000e+00 -1.000000e+00 -1.000000e+00 -1.000000e+00 -1 -1.0000 -1.000000e+00 -1.000000e+00 -1.000000e+00 -1.000000e+00 -1.000000e+00 -1.000000e+00  0  1.6260  2.176632e+12  0.000000e+00  0.000000e+00  1.498499e-01 -1.413103e+02  6.285063e+00  1  1.6260  5.516379e+10  0.000000e+00  0.000000e+00  1.700722e-01 -1.783580e+02  2.541977e-02  2  1.6260  4.019442e+00  0.000000e+00  0.000000e+00  1.041107e-01  1.789664e+02  0.000000e+00 
3  7.732585e+00  4.071604e+00  1.111500e+05  4.050825e-01 6 -1.000000e+00  1.157979e+01 1   5.4394  2.678829e-01  2.757186e-02 -1 -1.0000 -1.000000e+00 -1.000000e+00 -1.000000e+00 -1.000000e+00 -1.000000e+00 -1.000000e+00 -1 -1.0000 -1.000000e+00 -1.000000e+00 -1.000000e+00 -1.000000e+00 -1.000000e+00 -1.000000e+00  0  1.9620  1.799282e+12  0.000000e+00  0.000000e+00  2.499066e-01  1.131540e+02  3.496314e+00  1  1.9620  4.212844e+10  0.000000e+00  0.000000e+00  2.690165e-01  8.046739e+01  5.583258e-02  2  1.9620  5.439370e+00  0.000000e+00  0.000000e+00  2.557933e-02 -1.606920e+02  0.000000e+00 
5  1.284128e+01  2.305310e+01  1.082810e+05  6.049418e-01 6  3.101997e-01  2.340529e+01 3   5.6106 -2.025998e+00  1.863005e+00  0  0.4010  1.183325e+12  0.000000e+00  0.000000e+00  9.533514e-02  1.162103e+02  1.221351e+01  1  0.4010  3.268944e+10  0.000000e+00  0.000000e+00  2.795237e-01  1.556949e+02  1.613091e-01  2  0.4010  2.870565e+13 -1.210582e+01  1.593930e+01  2.870191e-01  3.800048e+00  4.022171e+00  3  0.4010  2.512877e+11 -1.210582e+01  1.593930e+01  6.365796e-01  5.741114e+00  4.836798e-01  4  0.4010  5.610592e+00  0.000000e+00  0.000000e+00  2.973188e-01 -8.518674e+01  0.000000e+00 
3  3.174282e+01  2.993291e+01  1.032100e+05  6.240489e-01 6  3.104137e-01  5.563027e+01 3   2.1748  1.712214e-01 -1.770834e+00  0  0.4130  6.520772e+11  0.000000e+00  0.000000e+00  3.864308e-01 -4.109854e+01  2.086352e+01  1  0.4130  3.583336e+10  0.000000e+00  0.000000e+00  3.032811e-02 -1.742043e+01  9.633808e-02  2  0.4130  1.461671e+13  1.198315e+01 -4.399276e+01  2.408490e-01 -1.405279e+02  8.090845e+00  3  0.4130  1.671736e+11  1.198315e+01 -4.399276e+01  3.050902e-01 -1.445136e+02  3.459698e-01  4  0.4130  2.174840e+00  0.000000e+00  0.000000e+00  4.655315e-02  1.440491e+02  0.000000e+00 
3  4.049638e+00  2.904682e+00  2.985840e+05  9.351848e-01 6  2.874093e-01  6.096713e+00 1   6.6125 -1.024615e-01  1.883497e+00  0  0.5940  2.451278e+12  0.000000e+00  0.000000e+00  1.516401e-01  1.701217e+02  1.225263e+01  1  0.5940  6.900390e+10  0.000000e+00  0.000000e+00  5.471943e-02  1.772147e+02  9.951811e-02  2  0.5940  1.220915e+13 -1.455797e+01  4.253843e+01  2.814612e-01 -6.556413e+01  6.882608e+00  3  0.5940  1.387334e+11 -1.455797e+01  4.253843e+01  6.923754e-02 -4.598813e+01  1.933749e-01  4  0.5940  6.612508e+00  0.000000e+00  0.000000e+00  2.043851e-01 -9.212926e+01  0.000000e+00 
3  3.149251e+00  1.552599e+00  2.334170e+05  9.717785e-01 6  2.937920e-01  3.801261e+00 1   8.6578 -4.642478e-01  1.994542e+00  0  0.7780  1.192940e+12  0.000000e+00  0.000000e+00  4.435496e-01  4.483999e+01  1.709939e+01  1  0.7780  6.512107e+10  0.000000e+00  0.000000e+00  3.731487e-01  5.450227e+01  6.304038e-02  2  0.7780  1.467198e+13 -9.094017e+00  1.043591e+01  2.354929e-01  8.403222e+01  6.279238e+00  3  0.7780  1.253479e+11 -9.094017e+00  1.043591e+01  2.837497e-01  1.169005e+02  1.752112e-01  4  0.7780  8.657789e+00  0.000000e+00  0.000000e+00  1.734314e-01 -1.434807e+02  0.000000e+00 
3  1.933091e+01  2.058299e+01  2.175290e+05  5.494829e-01 6 -1.000000e+00  3.511383e+01 3   3.6051  6.101611e-02 -1.753392e-01 -1 -1.0000 -1.000000e+00 -1.000000e+00 -1.000000e+00 -1.000000e+00 -1.000000e+00 -1.000000e+00 -1 -1.0000 -1.000000e+00 -1.000000e+00 -1.000000e+00 -1.000000e+00 -1.000000e+00 -1.000000e+00  0  1.0140  2.792629e+12  0.000000e+00  0.000000e+00  7.927317e-02 -6.219720e+01  4.149054e+00  1  1.0140  7.694539e+10  0.000000e+00  0.000000e+00  7.007481e-02 -8.010898e+01  1.452679e-01  2  1.0140  3.605069e+00  0.000000e+00  0.000000e+00  9.595653e-02 -5.781991e+00  0.000000e+00 
3  5.081185e+00  8.082259e+00  2.557020e+05  3.093129e+00 6  2.725610e-01  1.012122e+01 3   8.7974 -8.373180e-01 -1.686985e+00  0  1.3660  1.965233e+13  0.000000e+00  0.000000e+00  2.343537e-01 -1.471310e+02  1.026800e+01  1  1.3660  9.464774e+10  0.000000e+00  0.000000e+00  5.237721e-01 -1.326520e+02  1.047542e-01  2  1.3660  4.427750e+13 -3.154316e+01 -4.971598e+01  3.035761e-01 -3.852020e+01  4.689517e+00  3  1.3660  2.651986e+11 -3.154316e+01 -4.971598e+01  1.463901e-01 -4.048655e+01  1.633618e-01  4  1.3660  8.797388e+00  0.000000e+00  0.000000e+00  4.881307e-02  3.120073e+01  0.000000e+00 
4  4.789846e+00  9.618820e+00  3.977890e+05  1.259501e+00 6 -1.000000e+00  1.405667e+01 3  11.7253  9.944492e-02  1.568609e-01 -1 -1.0000 -1.000000e+00 -1.000000e+00 -1.000000e+00 -1.000000e+00 -1.000000e+00 -1.000000e+00 -1 -1.0000 -1.000000e+00 -1.000000e+00 -1.000000e+00 -1.000000e+00 -1.000000e+00 -1.000000e+00  0  1.4060  1.774659e+13  0.000000e+00  0.000000e+00  3.490253e-01  3.292651e+01  4.181114e+00  1  1.4060  9.887845e+10  0.000000e+00  0.000000e+00  2.042741e-01  4.374934e+01  6.226929e-02  2  1.4060  1.172528e+01  0.000000e+00  0.000000e+00  1.805971e-01  9.401133e+01  0.000000e+00 
3  1.706985e+01  7.340083e+00  1.905990e+05  2.820058e-01 6 -1.000000e+00  2.085305e+01 1   3.1194  1.848574e-01  2.726463e-01 -1 -1.0000 -1.000000e+00 -1.000000e+00 -1.000000e+00 -1.000000e+00 -1.000000e+00 -1.000000e+00 -1 -1.0000 -1.000000e+00 -1.000000e+00 -1.000000e+00 -1.000000e+00 -1.000000e+00 -1.000000e+00  0  1.4210  1.682203e+12  0.000000e+00  0.000000e+00  8.397658e-02 -1.240738e+02  3.273834e+00  1  1.4210  4.205971e+10  0.000000e+00  0.000000e+00  2.389868e-01 -1.744825e+02  4.843121e-02  2  1.4210  3.119449e+00  0.000000e+00  0.000000e+00  5.405675e-02 -1.348476e+02  0.000000e+00 
1  6.976738e+00  1.270624e+01  2.149140e+05  1.824631e+00 0 -1.000000e+00  1.270624e+01 2   2.5907 -1.096136e+00  1.919505e+00 -1 -1.0000 -1.000000e+00 -1.000000e+00 -1.000000e+00 -1.000000e+00 -1.000000e+00 -1.000000e+00 -1 -1.0000 -1.000000e+00 -1.000000e+00 -1.000000e+00 -1.000000e+00 -1.000000e+00 -1.000000e+00  0  0.9780  6.275050e+13  0.000000e+00  0.000000e+00  3.835382e-01  2.099352e+01  5.534829e+00  1  0.9780  1.831752e+11  0.000000e+00  0.000000e+00  1.867392e-01 -2.557305e+01  1.414209e-01  2  0.9780  2.590741e+00  0.000000e+00  0.000000e+00  8.505435e-02 -4.430144e+01  0.000000e+00 
3  2.574916e+01  1.691143e+01  2.648650e+05  3.891659e-01 6 -1.000000e+00  3.769660e+01 1   1.7531 -1.096839e-01  2.370484e-01 -1 -1.0000 -1.000000e+00 -1.000000e+00 -1.000000e+00 -1.000000e+00 -1.000000e+00 -1.000000e+00 -1 -1.0000 -1.000000e+00 -1.000000e+00 -1.000000e+00 -1.000000e+00 -1.000000e+00 -1.000000e+00  0  1.1600  6.624820e+12  0.000000e+00  0.000000e+00  2.655611e-01  1.274495e+02  3.651270e+00  1  1.1600  8.682396e+10  0.000000e+00  0.000000e+00  3.531077e-01  1.251070e+02  6.610114e-02  2  1.1600  1.753053e+00  0.000000e+00  0.000000e+00  1.101373e-01 -1.395770e+02  0.000000e+00 
2  7.253867e+00  1.163690e+01  1.236020e+05  4.528539e-01 6 -1.000000e+00  1.696273e+01 3   6.0300 -2.550074e-02 -9.347207e-02 -1 -1.0000 -1.000000e+00 -1.000000e+00 -1.000000e+00 -1.000000e+00 -1.000000e+00 -1.000000e+00 -1 -1.0000 -1.000000e+00 -1.000000e+00 -1.000000e+00 -1.000000e+00 -1.000000e+00 -1.000000e+00  0  1.6050  1.576181e+12  0.000000e+00  0.000000e+00  4.122945e-01  6.304334e+01  5.230508e+00  1  1.6050  4.463250e+10  0.000000e+00  0.000000e+00  3.932581e-01  4.919118e+01  3.691374e-02  2  1.6050  6.030032e+00  0.000000e+00  0.000000e+00  1.219267e-01  1.556666e+02  0.000000e+00 
3  2.475035e+01  1.141068e+01  3.842940e+05  5.401429e-01 6 -1.000000e+00  3.372583e+01 1   3.2061 -2.049115e-01 -3.563981e-01 -1 -1.0000 -1.000000e+00 -1.000000e+00 -1.000000e+00 -1.000000e+00 -1.000000e+00 -1.000000e+00 -1 -1.0000 -1.000000e+00 -1.000000e+00 -1.000000e+00 -1.000000e+00 -1.000000e+00 -1.000000e+00  0  1.6640  8.423840e+12  0.000000e+00  0.000000e+00  1.276074e-01 -1.068191e+02  2.276524e+00  1  1.6640  7.752878e+10  0.000000e+00  0.000000e+00  3.740127e-01 -9.692812e+01  3.741715e-02  2  1.6640  3.206068e+00  0.000000e+00  0.000000e+00  3.688788e-02 -6.041831e+00  0.000000e+00 
1  4.865113e+00  8.760271e+00  8.077600e+04  1.551910e-01 0 -1.000000e+00  8.760271e+00 2   9.2126 -2.118086e-02 -1.149306e-01 -1 -1.0000 -1.000000e+00 -1.000000e+00 -1.000000e+00 -1.000000e+00 -1.000000e+00 -1.000000e+00 -1 -1.0000 -1.000000e+00 -1.000000e+00 -1.000000e+00 -1.000000e+00 -1.000000e+00 -1.000000e+00  0  0.5590  3.927833e+11  0.000000e+00  0.000000e+00  5.875681e-02  1.781914e+02  4.264421e+00  1  0.5590  1.086390e+10  0.000000e+00  0.000000e+00  4.137915e-01  1.595341e+02  1.425575e-01  2  0.5590  9.212570e+00  0.000000e+00  0.000000e+00  9.987552e-02  1.597283e+02  0.000000e+00 
3  2.023960e+01  1.691235e+01  3.551160e+05  8.859875e-01 6  2.846895e-01  4.182468e+01 3   2.5576  2.174582e+00  1.622392e+00  0  0.6500  8.433681e+12  0.000000e+00  0.000000e+00  2.730675e-01  1.372946e+02  7.293770e+00  1  0.6500  8.117650e+10  0.000000e+00  0.000000e+00  6.698914e-01  1.370564e+02  7.657569e-02  2  0.6500  6.419405e+13  1.464553e+01  1.738221e+01  4.466774e-01  1.337498e+01  1.693067e+00  3  0.6500  2.772493e+11  1.464553e+01  1.738221e+01  4.446043e-01  3.929466e+00  3.899737e-01  4  0.6500  2.557609e+00  0.000000e+00  0.000000e+00  1.190687e-01  2.996215e+01  0.000000e+00 
3  1.444926e+01  1.230388e+01  2.249430e+05  4.650168e-01 6  2.919025e-01  2.339284e+01 1   3.6118  6.707847e-01 -8.459974e-01  0  0.7780  6.950193e+11  0.000000e+00  0.000000e+00  3.928239e-02  7.137157e+01  1.620719e+01  1  0.7780  2.888605e+10  0.000000e+00  0.000000e+00  2.846835e-01  4.704655e+01  1.443664e-01  2  0.7780  5.576512e+12  2.685963e+01 -2.383578e+01  2.681996e-01 -7.344669e+01  5.063942e+00  3  0.7780  5.740303e+10  2.685963e+01 -2.383578e+01  4.109203e-01 -6.607986e+01  2.814788e-01  4  0.7780  3.611800e+00  0.000000e+00  0.000000e+00  3.509036e-02  4.878271e+01  0.000000e+00 
3  6.124384e+00  4.675608e+00  6.871200e+04  8.711171e-01 6 -1.000000e+00  1.059365e+01 1   5.3786 -4.502241e-01 -2.869498e-01 -1 -1.0000 -1.000000e+00 -1.000000e+00 -1.000000e+00 -1.000000e+00 -1.000000e+00 -1.000000e+00 -1 -1.0000 -1.000000e+00 -1.000000e+00 -1.000000e+00 -1.000000e+00 -1.000000e+00 -1.000000e+00  0  0.8220  6.280792e+12  0.000000e+00  0.000000e+00  2.004308e-01 -1.239577e+01  6.732911e+00  1  0.8220  8.762940e+10  0.000000e+00  0.000000e+00  2.355449e-01  3.521027e+01  1.417021e-01  2  0.8220  5.378576e+00  0.000000e+00  0.000000e+00  5.016062e-02  1.457464e+02  0.000000e+00 
3  1.968392e+01  1.177793e+01  1.291090e+05  6.205743e-01 6 -1.000000e+00  2.783892e+01 1   2.3270 -3.597697e-01 -1.880892e-01 -1 -1.0000 -1.000000e+00 -1.000000e+00 -1.000000e+00 -1.000000e+00 -1.000000e+00 -1.000000e+00 -1 -1.0000 -1.000000e+00 -1.000000e+00 -1.000000e+00 -1.000000e+00 -1.000000e+00 -1.000000e+00  0  0.8730  5.632622e+12  0.000000e+00  0.000000e+00  4.019002e-01  7.961668e+01  6.441964e+00  1  0.8730  5.810526e+10  0.000000e+00  0.000000e+00  7.181175e-02  1.242903e+02  7.036826e-02  2  0.8730  2.326957e+00  0.000000e+00  0.000000e+00  1.094821e-01 -1.271767e+02  0.000000e+00 
3  7.370067e+00  4.266521e+00  1.461070e+05  4.586874e-01 6 -1.000000e+00  1.211853e+01 1   6.6362  4.072744e-02  3.030258e-01 -1 -1.0000 -1.000000e+00 -1.000000e+00 -1.000000e+00 -1.000000e+00 -1.000000e+00 -1.000000e+00 -1 -1.0000 -1.000000e+00 -1.000000e+00 -1.000000e+00 -1.000000e+00 -1.000000e+00 -1.000000e+00  0  0.9040  9.572654e+11  0.000000e+00  0.000000e+00  4.290561e-02 -2.367287e+01  6.032034e+00  1  0.9040  4.273094e+10  0.000000e+00  0.000000e+00  3.223477e-01 -3.653206e+01  5.483056e-02  2  0.9040  6.636186e+00  0.000000e+00  0.000000e+00  1.053525e-01 -2.157160e+01  0.000000e+00 
3  2.595524e+01  4.215732e+01  1.707300e+05  1.319763e-01 6  2.875195e-01  4.480216e+01 1   2.5890  7.309197e-02 -2.248450e-01  0  1.1750  1.378192e+11  0.000000e+00  0.000000e+00  1.105253e-01 -1.064901e+02  2.989836e+01  1  1.1750  1.290617e+09  0.000000e+00  0.000000e+00  1.029618e-01 -4.788599e+01  2.694871e-02  2  1.1750  9.206165e+11  1.465411e+00 -2.606508e+00  1.185464e-01  1.778543e+02  5.017810e+00  3  1.1750  2.801222e+10  1.465411e+00 -2.606508e+00  3.710622e-01  2.175615e+02  5.771159e-02  4  1.1750  2.588993e+00  0.000000e+00  0.000000e+00  6.985307e-02  3.634458e+01  0.000000e+00 
3  3.139929e+01  2.001261e+01  3.340380e+05  2.928419e-01 6 -1.000000e+00  3.810324e+01 1   2.0214  2.796837e-01 -9.268243e-02 -1 -1.0000 -1.000000e+00 -1.000000e+00 -1.000000e+00 -1.000000e+00 -1.000000e+00 -1.000000e+00 -1 -1.0000 -1.000000e+00 -1.000000e+00 -1.000000e+00 -1.000000e+00 -1.000000e+00 -1.000000e+00  0  1.1960  3.302334e+12  0.000000e+00  0.000000e+00  4.784019e-01  1.748546e+02  3.043970e+00  1  1.1960  7.162416e+10  0.000000e+00  0.000000e+00  2.702867e-01  1.661649e+02  9.283292e-02  2  1.1960  2.021417e+00  0.000000e+00  0.000000e+00  3.303689e-02  1.279207e+02  0.000000e+00 
3  1.600860e+01  1.084654e+01  1.519300e+04  4.274303e-01 6 -1.000000e+00  2.049793e+01 1   4.8494  9.922517e-02 -3.117407e-01 -1 -1.0000 -1.000000e+00 -1.000000e+00 -1.000000e+00 -1.000000e+00 -1.000000e+00 -1.000000e+00 -1 -1.0000 -1.000000e+00 -1.000000e+00 -1.000000e+00 -1.000000e+00 -1.000000e+00 -1.000000e+00  0  1.2080  1.460835e+12  0.000000e+00  0.000000e+00  3.265667e-01 -4.545402e+01  4.638933e+00  1  1.2080  4.155817e+10  0.000000e+00  0.000000e+00  3.760412e-01 -5.258273e+01  5.111219e-02  2  1.2080  4.849417e+00  0.000000e+00  0.000000e+00  4.665704e-02  1.113271e+02  0.000000e+00 
3  2.176395e+01  3.045903e+01  7.285400e+04  3.583054e-01 6 -1.000000e+00  3.210278e+01 1   3.9721  7.199773e-02 -7.362099e-02 -1 -1.0000 -1.000000e+00 -1.000000e+00 -1.000000e+00 -1.000000e+00 -1.000000e+00 -1.000000e+00 -1 -1.0000 -1.000000e+00 -1.000000e+00 -1.000000e+00 -1.000000e+00 -1.000000e+00 -1.000000e+00  0  1.2190  7.667140e+11  0.000000e+00  0.000000e+00  1.880435e-01  5.922571e+01  4.238864e+00  1  1.2190  2.454220e+10  0.000000e+00  0.000000e+00  6.650779e-01  1.087386e+02  5.113748e-02  2  1.2190  3.972071e+00  0.000000e+00  0.000000e+00  3.151552e-02 -3.181044e+01  0.000000e+00 
1  3.653737e+00  6.834525e+00  9.156000e+03  8.792597e+00 0 -1.000000e+00  6.834525e+00 2  11.0382 -3.470714e+00  1.951421e-01 -1 -1.0000 -1.000000e+00 -1.000000e+00 -1.000000e+00 -1.000000e+00 -1.000000e+00 -1.000000e+00 -1 -1.0000 -1.000000e+00 -1.000000e+00 -1.000000e+00 -1.000000e+00 -1.000000e+00 -1.000000e+00  0  1.7020  1.148913e+14  0.000000e+00  0.000000e+00  4.543016e-01  1.145519e+02  5.307688e+00  1  1.7020  1.320347e+11  0.000000e+00  0.000000e+00  5.554169e-01  1.146531e+02  5.688522e-02  2  1.7020  1.103823e+01  0.000000e+00  0.000000e+00  6.341354e-02 -1.425217e+02  0.000000e+00 
3  7.056607e+00  8.091615e+00  4.031080e+05  1.357594e+00 6 -1.000000e+00  1.068239e+01 1   7.8519 -5.422589e-01  1.351032e-01 -1 -1.0000 -1.000000e+00 -1.000000e+00 -1.000000e+00 -1.000000e+00 -1.000000e+00 -1.000000e+00 -1 -1.0000 -1.000000e+00 -1.000000e+00 -1.000000e+00 -1.000000e+00 -1.000000e+00 -1.000000e+00  0  1.7230  2.080965e+13  0.000000e+00  0.000000e+00  3.232654e-01  1.467134e+02  3.221022e+00  1  1.7230  1.413685e+11  0.000000e+00  0.000000e+00  3.973065e-01  1.013562e+02  7.280473e-02  2  1.7230  7.851854e+00  0.000000e+00  0.000000e+00  1.817623e-01 -2.460767e+01  0.000000e+00 
3  1.910086e+01  1.671783e+01  9.799900e+04  5.360250e-02 6 -1.000000e+00  3.065376e+01 1   3.9732 -1.334983e-02 -3.170627e-02 -1 -1.0000 -1.000000e+00 -1.000000e+00 -1.000000e+00 -1.000000e+00 -1.000000e+00 -1.000000e+00 -1 -1.0000 -1.000000e+00 -1.000000e+00 -1.000000e+00 -1.000000e+00 -1.000000e+00 -1.000000e+00  0  2.7340  4.548106e+11  0.000000e+00  0.000000e+00  2.526370e-01  1.162101e+02  3.087662e+00  1  2.7340  4.449845e+09  0.000000e+00  0.000000e+00  3.058658e-01  1.221673e+02  3.329284e-02  2  2.7340  3.973204e+00  0.000000e+00  0.000000e+00  7.262726e-02  4.427179e+00  0.000000e+00 
1  2.980058e+01  5.176777e+01  3.127060e+05  2.369410e+00 0 -1.000000e+00  5.176777e+01 2   3.0565  1.827282e+00 -7.806562e-02 -1 -1.0000 -1.000000e+00 -1.000000e+00 -1.000000e+00 -1.000000e+00 -1.000000e+00 -1.000000e+00 -1 -1.0000 -1.000000e+00 -1.000000e+00 -1.000000e+00 -1.000000e+00 -1.000000e+00 -1.000000e+00  0  0.3360  2.883565e+13  0.000000e+00  0.000000e+00  3.679017e-01 -5.449725e+01  8.674251e+00  1  0.3360  2.112817e+11  0.000000e+00  0.000000e+00  1.927435e-01 -7.934607e+01  5.732845e-01  2  0.3360  3.056533e+00  0.000000e+00  0.000000e+00  4.381061e-02 -1.189254e+02  0.000000e+00 
1  7.887438e+00  1.468869e+01  3.514360e+05  1.707605e+00 0 -1.000000e+00  1.468869e+01 2   8.1831  1.469211e+00 -4.958771e-01 -1 -1.0000 -1.000000e+00 -1.000000e+00 -1.000000e+00 -1.000000e+00 -1.000000e+00 -1.000000e+00 -1 -1.0000 -1.000000e+00 -1.000000e+00 -1.000000e+00 -1.000000e+00 -1.000000e+00 -1.000000e+00  0  0.4280  9.952381e+12  0.000000e+00  0.000000e+00  2.373074e-01 -1.144259e+02  7.700790e+00  1  0.4280  1.469536e+11  0.000000e+00  0.000000e+00  4.460582e-01 -9.857540e+01  4.256554e-01  2  0.4280  8.183077e+00  0.000000e+00  0.000000e+00  9.286209e-02  8.307803e+01  0.000000e+00 
1  2.228550e+01  4.383037e+01  1.902020e+05  5.147914e-02 0  2.912225e-01  4.383037e+01 2   2.1787  1.453052e-01  3.865734e-02  0  0.5850  9.731290e+10  0.000000e+00  0.000000e+00  1.531656e-01 -8.318985e+01  2.621852e+01  1  0.5850  5.892101e+08  0.000000e+00  0.000000e+00  3.676828e-01 -9.438621e+01  2.474501e-01  2  0.5850  3.548062e+11  8.200445e+00  1.503300e+00  2.184733e-01  1.240648e+02  8.639618e+00  3  0.5850  8.365215e+09  8.200445e+00  1.503300e+00  5.277950e-01  2.015165e+02  1.314894e-01  4  0.5850  2.178662e+00  0.000000e+00  0.000000e+00  1.534470e-01  4.781897e+01  0.000000e+00 
3  2.219240e+01  1.427428e+01  1.778200e+04  1.238494e+00 6 -1.000000e+00  3.001993e+01 1   3.9103 -1.690056e-01 -9.129279e-01 -1 -1.0000 -1.000000e+00 -1.000000e+00 -1.000000e+00 -1.000000e+00 -1.000000e+00 -1.000000e+00 -1 -1.0000 -1.000000e+00 -1.000000e+00 -1.000000e+00 -1.000000e+00 -1.000000e+00 -1.000000e+00  0  0.7340  1.389294e+13  0.000000e+00  0.000000e+00  2.494377e-01 -1.295458e+02  3.197154e+00  1  0.7340  2.123951e+11  0.000000e+00  0.000000e+00  2.732897e-01 -1.115485e+02  2.265052e-01  2  0.7340  3.910272e+00  0.000000e+00  0.000000e+00  6.679284e-02  9.397648e+01  0.000000e+00 
3  3.331298e+00  4.184779e+00  3.234060e+05  4.774963e-01 6 -1.000000e+00  6.228909e+00 3  12.6058  1.897394e-01  1.096119e-01 -1 -1.0000 -1.000000e+00 -1.000000e+00 -1.000000e+00 -1.000000e+00 -1.000000e+00 -1.000000e+00 -1 -1.0000 -1.000000e+00 -1.000000e+00 -1.000000e+00 -1.000000e+00 -1.000000e+00 -1.000000e+00  0  0.8760  1.150347e+12  0.000000e+00  0.000000e+00  2.397156e-01  1.296404e+02  3.730319e+00  1  0.8760  3.680254e+10  0.000000e+00  0.000000e+00  4.460535e-01  6.366976e+01  9.485874e-02  2  0.8760  1.260577e+01  0.000000e+00  0.000000e+00  2.232828e-01 -1.577111e+02  0.000000e+00 
3  4.479099e+00  2.521936e+00  5.674300e+04  6.027811e-01 6 -1.000000e+00  7.814070e+00 3   5.9776 -3.730550e-01  1.031365e-01 -1 -1.0000 -1.000000e+00 -1.000000e+00 -1.000000e+00 -1.000000e+00 -1.000000e+00 -1.000000e+00 -1 -1.0000 -1.000000e+00 -1.000000e+00 -1.000000e+00 -1.000000e+00 -1.000000e+00 -1.000000e+00  0  0.9350  2.501029e+12  0.000000e+00  0.000000e+00  4.566988e-01 -1.036563e+02  5.089949e+00  1  0.9350  6.031622e+10  0.000000e+00  0.000000e+00  3.815763e-03 -1.266980e+02  1.112955e-01  2  0.9350  5.977570e+00  0.000000e+00  0.000000e+00  6.888649e-02  1.152177e+02  0.000000e+00 
1  1.055277e+01  1.852640e+01  2.489490e+05  1.665512e+00 0 -1.000000e+00  1.852640e+01 2   8.4900 -1.674892e-01  1.824568e+00 -1 -1.0000 -1.000000e+00 -1.000000e+00 -1.000000e+00 -1.000000e+00 -1.000000e+00 -1.000000e+00 -1 -1.0000 -1.000000e+00 -1.000000e+00 -1.000000e+00 -1.000000e+00 -1.000000e+00 -1.000000e+00  0  0.9640  2.506869e+13  0.000000e+00  0.000000e+00  2.601469e-01  9.309962e+01  4.736133e+00  1  0.9640  1.366001e+11  0.000000e+00  0.000000e+00  1.857819e-01  3.652163e+01  2.429710e-01  2  0.9640  8.490008e+00  0.000000e+00  0.000000e+00  1.514733e-01  4.182148e+00  0.000000e+00 
3  2.853841e+00  2.575367e+00  2.064750e+05  2.637692e-01 6 -1.000000e+00  3.669097e+00 1  16.4935 -1.015515e-01 -1.378626e-01 -1 -1.0000 -1.000000e+00 -1.000000e+00 -1.000000e+00 -1.000000e+00 -1.000000e+00 -1.000000e+00 -1 -1.0000 -1.000000e+00 -1.000000e+00 -1.000000e+00 -1.000000e+00 -1.000000e+00 -1.000000e+00  0  1.3410  1.011361e+12  0.000000e+00  0.000000e+00  2.689114e-01 -1.412354e+02  3.757449e+00  1  1.3410  2.516187e+10  0.000000e+00  0.000000e+00  4.121248e-01 -1.920790e+02  8.343808e-02  2  1.3410  1.649354e+01  0.000000e+00  0.000000e+00  1.997160e-01  3.994789e+01  0.000000e+00 
3  1.302682e+01  7.814435e+00  3.192560e+05  8.169012e-01 6  2.726074e-01  2.561145e+01 2   3.2995 -7.987298e-01  1.697220e+00  0  1.4980  4.793191e+12  0.000000e+00  0.000000e+00  2.507725e-01  1.370620e+01  9.612237e+00  1  1.4980  1.296652e+11  0.000000e+00  0.000000e+00  8.916072e-02  1.875428e+01  9.952840e-02  2  1.4980  2.161476e+13 -1.935564e+01  3.275353e+01  4.782027e-01  5.511455e+01  3.812502e+00  3  1.4980  9.879086e+10 -1.935564e+01  3.275353e+01  2.250140e-01  8.917711e+01  4.941607e-02  4  1.4980  3.299477e+00  0.000000e+00  0.000000e+00  6.945496e-02  3.302924e+01  0.000000e+00 
3  2.158152e+00  9.564157e-01  2.052000e+05  4.784128e-01 6 -1.000000e+00  2.706933e+00 1  13.5619  4.342148e-01  3.554921e-01 -1 -1.0000 -1.000000e+00 -1.000000e+00 -1.000000e+00 -1.000000e+00 -1.000000e+00 -1.000000e+00 -1 -1.0000 -1.000000e+00 -1.000000e+00 -1.000000e+00 -1.000000e+00 -1.000000e+00 -1.000000e+00  0  1.5850  1.773517e+12  0.000000e+00  0.000000e+00  2.313310e-01 -7.866423e+01  3.719953e+00  1  1.5850  5.683706e+10  0.000000e+00  0.000000e+00  3.141285e-01 -6.353930e+00  3.480939e-02  2  1.5850  1.356189e+01  0.000000e+00  0.000000e+00  1.763547e-01  5.705657e+01  0.000000e+00 
1  7.248292e+00  1.360340e+01  2.490120e+05  1.363488e+00 0 -1.000000e+00  1.360340e+01 2   3.8352 -9.667246e-01  6.777719e-02 -1 -1.0000 -1.000000e+00 -1.000000e+00 -1.000000e+00 -1.000000e+00 -1.000000e+00 -1.000000e+00 -1 -1.0000 -1.000000e+00 -1.000000e+00 -1.000000e+00 -1.000000e+00 -1.000000e+00 -1.000000e+00  0  0.2260  1.199842e+13  0.000000e+00  0.000000e+00  2.405428e-01 -5.855572e+01  8.301669e+00  1  0.2260  1.386148e+11  0.000000e+00  0.000000e+00  1.164689e-02 -3.087315e+01  6.747976e-01  2  0.2260  3.835231e+00  0.000000e+00  0.000000e+00  1.107530e-01 -8.837754e+01  0.000000e+00 
3  1.730025e+01  1.008287e+01  3.904420e+05  1.103869e+00 6 -1.000000e+00  2.466031e+01 1   3.5365  6.221218e-01  3.417906e-01 -1 -1.0000 -1.000000e+00 -1.000000e+00 -1.000000e+00 -1.000000e+00 -1.000000e+00 -1.000000e+00 -1 -1.0000 -1.000000e+00 -1.000000e+00 -1.000000e+00 -1.000000e+00 -1.000000e+00 -1.000000e+00  0  0.2400  1.748119e+12  0.000000e+00  0.000000e+00  2.541295e-01  1.343622e+02  1.135122e+01  1  0.2400  7.672447e+10  0.000000e+00  0.000000e+00  3.496544e-01  1.117794e+02  2.640292e-01  2  0.2400  3.536546e+00  0.000000e+00  0.000000e+00  6.899976e-02 -1.463730e+02  0.000000e+00 
3  2.351288e+00  1.497021e+00  3.343940e+05  4.171469e-01 6 -1.000000e+00  3.086912e+00 1   7.1741 -4.381473e-01  1.759851e-01 -1 -1.0000 -1.000000e+00 -1.000000e+00 -1.000000e+00 -1.000000e+00 -1.000000e+00 -1.000000e+00 -1 -1.0000 -1.000000e+00 -1.000000e+00 -1.000000e+00 -1.000000e+00 -1.000000e+00 -1.000000e+00  0  0.4100  2.965915e+12  0.000000e+00  0.000000e+00  3.234978e-01  6.143172e+00  4.933584e+00  1  0.4100  5.092806e+10  0.000000e+00  0.000000e+00  6.471741e-01  1.589474e+01  1.338139e-01  2  0.4100  7.174140e+00  0.000000e+00  0.000000e+00  2.374458e-02  4.786762e+01  0.000000e+00 
1  8.899406e+00  1.646311e+01  2.177700e+04  2.617107e+00 0  2.859483e-01  1.646311e+01 2   8.8492  1.001064e+01 -1.255312e+01  0  0.4280  2.381536e+13  0.000000e+00  0.000000e+00  3.256699e-01  1.336517e+02  8.106905e+00  1  0.4280  1.174853e+11  0.000000e+00  0.000000e+00  1.326202e-01  1.121650e+02  2.423306e-01  2  0.4280  2.618209e+14  2.294008e+01 -1.966644e+01  4.907078e-01  1.090664e+02  3.509288e+00  3  0.4280  8.110410e+11  2.294008e+01 -1.966644e+01  2.210694e-01  1.119711e+02  9.608347e-01  4  0.4280  8.849245e+00  0.000000e+00  0.000000e+00  5.452999e-02  4.828486e+01  0.000000e+00 
3  1.041348e+01  6.582512e+00  6.300200e+04  6.095167e-01 6 -1.000000e+00  1.686958e+01 1   6.6390 -4.308958e-02  4.136796e-01 -1 -1.0000 -1.000000e+00 -1.000000e+00 -1.000000e+00 -1.000000e+00 -1.000000e+00 -1.000000e+00 -1 -1.0000 -1.000000e+00 -1.000000e+00 -1.000000e+00 -1.000000e+00 -1.000000e+00 -1.000000e+00  0  0.8470  1.329280e+12  0.000000e+00  0.000000e+00  1.109369e-01  1.548492e+02  8.043789e+00  1  0.8470  6.251686e+10  0.000000e+00  0.000000e+00  1.264281e-01  1.677720e+02  1.019166e-01  2  0.8470  6.638976e+00  0.000000e+00  0.000000e+00  4.178709e-02  1.763717e+02  0.000000e+00 
3  1.812674e+00  1.415573e+00  3.297560e+05  3.697826e-01 6 -1.000000e+00  2.589544e+00 1  11.0681  2.063449e-01  5.270012e-02 -1 -1.0000 -1.000000e+00 -1.000000e+00 -1.000000e+00 -1.000000e+00 -1.000000e+00 -1.000000e+00 -1 -1.0000 -1.000000e+00 -1.000000e+00 -1.000000e+00 -1.000000e+00 -1.000000e+00 -1.000000e+00  0  0.9240  9.994742e+11  0.000000e+00  0.000000e+00  2.373502e-01 -1.010958e+02  5.457354e+00  1  0.9240  2.051669e+10  0.000000e+00  0.000000e+00  2.340135e-01 -1.068442e+02  8.928194e-02  2  0.9240  1.106813e+01  0.000000e+00  0.000000e+00  1.063111e-01 -1.693792e+02  0.000000e+00 
3  9.220983e+00  1.055000e+01  3.048110e+05  7.683112e-01 6  2.953954e-01  1.859496e+01 3   5.3801  1.934716e+00  2.174535e+00  0  0.9700  8.258845e+11  0.000000e+00  0.000000e+00  3.022571e-01  7.752519e+01  1.227478e+01  1  0.9700  4.460029e+10  0.000000e+00  0.000000e+00  2.320243e-01  7.088711e+01  7.419374e-02  2  0.9700  2.352135e+13  3.673842e+00  5.314332e+00  1.770208e-01 -2.690159e+01  7.709536e+00  3  0.9700  1.301520e+11  3.673842e+00  5.314332e+00  4.312103e-01 -6.172276e+01  1.056710e-01  4  0.9700  5.380090e+00  0.000000e+00  0.000000e+00  1.596503e-01 -1.396573e+02  0.000000e+00 
3  1.359452e+01  6.843099e+00  5.579200e+04  7.683758e-01 6 -1.000000e+00  1.897865e+01 1   5.0731  9.752195e-02 -5.795378e-01 -1 -1.0000 -1.000000e+00 -1.000000e+00 -1.000000e+00 -1.000000e+00 -1.000000e+00 -1.000000e+00 -1 -1.0000 -1.000000e+00 -1.000000e+00 -1.000000e+00 -1.000000e+00 -1.000000e+00 -1.000000e+00  0  1.1340  3.079505e+12  0.000000e+00  0.000000e+00  2.735693e-01 -4.955291e+01  4.281068e+00  1  1.1340  9.682701e+10  0.000000e+00  0.000000e+00  1.659893e-01 -7.802072e+01  4.427291e-02  2  1.1340  5.073063e+00  0.000000e+00  0.000000e+00  1.397857e-01 -1.366105e+02  0.000000e+00 
3  5.742996e+00  2.491796e+00  6.338000e+03  4.165547e-01 6 -1.000000e+00  7.768048e+00 1   5.3232  1.411287e-01  4.196821e-01 -1 -1.0000 -1.000000e+00 -1.000000e+00 -1.000000e+00 -1.000000e+00 -1.000000e+00 -1.000000e+00 -1 -1.0000 -1.000000e+00 -1.000000e+00 -1.000000e+00 -1.000000e+00 -1.000000e+00 -1.000000e+00  0  1.3790  1.779388e+12  0.000000e+00  0.000000e+00  3.931583e-01 -3.353103e+01  3.523989e+00  1  1.3790  5.592893e+10  0.000000e+00  0.000000e+00  2.746517e-01  1.793822e+01  3.602350e-02  2  1.3790  5.323159e+00  0.000000e+00  0.000000e+00  8.183130e-02  4.229790e+01  0.000000e+00 
3  1.771276e+01  1.614950e+01  2.353130e+05  1.857565e-01 6 -1.000000e+00  2.230142e+01 1   4.1409 -9.557894e-02  9.025536e-02 -1 -1.0000 -1.000000e+00 -1.000000e+00 -1.000000e+00 -1.000000e+00 -1.000000e+00 -1.000000e+00 -1 -1.0000 -1.000000e+00 -1.000000e+00 -1.000000e+00 -1.000000e+00 -1.000000e+00 -1.000000e+00  0  0.6280  3.708087e+11  0.000000e+00  0.000000e+00  3.182583e-01 -6.767229e+01  5.401350e+00  1  0.6280  8.543994e+09  0.000000e+00  0.000000e+00  3.382092e-01 -6.064570e+01  1.012838e-01  2  0.6280  4.140865e+00  0.000000e+00  0.000000e+00  4.751694e-02 -4.623682e+01  0.000000e+00 
3  4.894234e+00  9.474169e+00  1.140260e+05  3.053783e+00 6 -1.000000e+00  1.005379e+01 3   5.5325 -3.376472e+00 -2.954158e+00 -1 -1.0000 -1.000000e+00 -1.000000e+00 -1.000000e+00 -1.000000e+00 -1.000000e+00 -1.000000e+00 -1 -1.0000 -1.000000e+00 -1.000000e+00 -1.000000e+00 -1.000000e+00 -1.000000e+00 -1.000000e+00  0  0.7420  1.103239e+14  0.000000e+00  0.000000e+00  5.946102e-01 -4.595352e+01  4.345438e+00  1  0.7420  2.708859e+11  0.000000e+00  0.000000e+00  3.841315e-01 -3.799544e+01  2.798528e-01  2  0.7420  5.532543e+00  0.000000e+00  0.000000e+00  2.191519e-01  1.370515e+02  0.000000e+00 
1  1.077606e+01  1.910867e+01  7.383800e+04  2.235921e+00 0 -1.000000e+00  1.910867e+01 2   2.7883  2.590650e-01  4.097139e+00 -1 -1.0000 -1.000000e+00 -1.000000e+00 -1.000000e+00 -1.000000e+00 -1.000000e+00 -1.000000e+00 -1 -1.0000 -1.000000e+00 -1.000000e+00 -1.000000e+00 -1.000000e+00 -1.000000e+00 -1.000000e+00  0  0.8070  1.026777e+14  0.000000e+00  0.000000e+00  3.057311e-01 -1.752076e+02  4.050033e+00  1  0.8070  3.310361e+11  0.000000e+00  0.000000e+00  5.265038e-02 -1.503055e+02  3.547283e-01  2  0.8070  2.788330e+00  0.000000e+00  0.000000e+00  8.871789e-02  2.132242e+01  0.000000e+00 
3  1.627216e+01  1.603330e+01  2.357920e+05  1.042325e+00 6 -1.000000e+00  2.831550e+01 3   4.5727 -3.244566e-01 -1.850055e-01 -1 -1.0000 -1.000000e+00 -1.000000e+00 -1.000000e+00 -1.000000e+00 -1.000000e+00 -1.000000e+00 -1 -1.0000 -1.000000e+00 -1.000000e+00 -1.000000e+00 -1.000000e+00 -1.000000e+00 -1.000000e+00  0  0.8540  9.774747e+12  0.000000e+00  0.000000e+00  1.402234e-01 -6.181648e+01  4.732840e+00  1  0.8540  9.848036e+10  0.000000e+00  0.000000e+00  4.245153e-01 -7.268191e+01  1.390148e-01  2  0.8540  4.572727e+00  0.000000e+00  0.000000e+00  1.150082e-01  4.856176e+01  0.000000e+00 
3  2.518798e+00  2.173574e+00  3.623020e+05  3.995925e-01 6 -1.000000e+00  5.065646e+00 3   6.5747  1.014641e-01  1.850807e-01 -1 -1.0000 -1.000000e+00 -1.000000e+00 -1.000000e+00 -1.000000e+00 -1.000000e+00 -1.000000e+00 -1 -1.0000 -1.000000e+00 -1.000000e+00 -1.000000e+00 -1.000000e+00 -1.000000e+00 -1.000000e+00  0  1.2390  1.511225e+12  0.000000e+00  0.000000e+00  2.563366e-01 -2.957794e+01  6.678929e+00  1  1.2390  5.622591e+10  0.000000e+00  0.000000e+00  4.644829e-01 -5.991881e+00  1.458713e-01  2  1.2390  6.574651e+00  0.000000e+00  0.000000e+00  2.960269e-02  3.662298e+01  0.000000e+00 
3  1.202987e+01  5.609328e+00  1.546430e+05  3.094959e-01 6 -1.000000e+00  2.242253e+01 2   5.7237 -2.329656e-01  6.466290e-02 -1 -1.0000 -1.000000e+00 -1.000000e+00 -1.000000e+00 -1.000000e+00 -1.000000e+00 -1.000000e+00 -1 -1.0000 -1.000000e+00 -1.000000e+00 -1.000000e+00 -1.000000e+00 -1.000000e+00 -1.000000e+00  0  1.5590  8.302689e+11  0.000000e+00  0.000000e+00  2.187369e-01  6.023651e+01  1.003215e+01  1  1.5590  1.441276e+10  0.000000e+00  0.000000e+00  1.740676e-01  3.062229e+01  5.528350e-02  2  1.5590  5.723695e+00  0.000000e+00  0.000000e+00  6.715927e-02  1.072425e+02  0.000000e+00 
1  2.714500e+00  4.793322e+00  3.766460e+05  2.521407e-01 0  2.846340e-01  4.793322e+00 2   9.8433  1.180965e-01  5.966930e-01  0  1.6780  1.803028e+11  0.000000e+00  0.000000e+00  3.121160e-01  1.141894e+02  1.729270e+01  1  1.6780  2.955162e+09  0.000000e+00  0.000000e+00  3.063397e-01  1.279047e+02  6.589913e-02  2  1.6780  4.127006e+12 -1.316349e-01  1.566513e+00  1.939233e-01 -4.180650e+01  3.524351e+00  3  1.6780  1.023109e+11 -1.316349e-01  1.566513e+00  1.757409e-01 -1.181216e+02  8.421311e-02  4  1.6780  9.843323e+00  0.000000e+00  0.000000e+00  9.164682e-02  7.874137e+01  0.000000e+00 
3  4.725302e+00  3.428313e+00  4.665100e+04  2.420034e-01 6 -1.000000e+00  6.332791e+00 1   6.2666  1.046344e-01  1.186211e-01 -1 -1.0000 -1.000000e+00 -1.000000e+00 -1.000000e+00 -1.000000e+00 -1.000000e+00 -1.000000e+00 -1 -1.0000 -1.000000e+00 -1.000000e+00 -1.000000e+00 -1.000000e+00 -1.000000e+00 -1.000000e+00  0  2.0300  1.070373e+12  0.000000e+00  0.000000e+00  3.234586e-01 -1.250702e+02  3.086568e+00  1  2.0300  1.764578e+10  0.000000e+00  0.000000e+00  1.648307e-01 -1.085195e+02  3.685780e-02  2  2.0300  6.266563e+00  0.000000e+00  0.000000e+00  8.171101e-02 -1.743294e+02  0.000000e+00 
1  3.077733e+00  5.472656e+00  1.133170e+05  2.802544e+00 0  2.731333e-01  5.472656e+00 2  15.8296  1.013973e+01  3.711707e+00  0  2.3170  2.314321e+13  0.000000e+00  0.000000e+00  3.996340e-01 -2.792226e+01  5.384472e+00  1  2.3170  8.839928e+10  0.000000e+00  0.000000e+00  3.170067e-01 -1.102153e+00  7.333411e-02  2  2.3170  4.711581e+13  2.514296e+01  1.134081e+01  3.067304e-01 -1.237364e+02  4.209727e+00  3  2.3170  9.830280e+10  2.514296e+01  1.134081e+01  3.151816e-02 -1.025679e+02  8.690219e-02  4  2.3170  1.582962e+01  0.000000e+00  0.000000e+00  2.351602e-01  7.450070e+01  0.000000e+00 
1  8.275769e+00  1.620028e+01  3.093160e+05  1.525614e-01 0  2.721857e-01  1.620028e+01 2   6.7881 -6.782904e-02 -4.535461e-02  0  2.3660  1.928096e+11  0.000000e+00  0.000000e+00  3.150943e-01 -9.985259e+01  1.659825e+01  1  2.3660  1.790040e+09  0.000000e+00  0.000000e+00  2.105862e-01 -9.325353e+01  5.271067e-02  2  2.3660  6.433663e+11  1.663435e+00 -2.803001e+00  1.338342e-01  1.344865e+02  2.937933e+00  3  2.3660  7.837460e+09  1.663435e+00 -2.803001e+00  1.284133e-01  9.060687e+01  4.531522e-02  4  2.3660  6.788056e+00  0.000000e+00  0.000000e+00  1.640236e-01  4.037726e+01  0.000000e+00 
3  6.455021e+00  2.301367e+01  2.710710e+05  5.879408e+00 6  2.772641e-01  3.184097e+01 3   2.3756 -6.384247e+00  4.345039e-01  0  0.4500  5.641093e+13  0.000000e+00  0.000000e+00  3.913476e-01 -1.772346e+02  1.231450e+01  1  0.4500  2.322838e+11  0.000000e+00  0.000000e+00  4.586836e-01 -1.022039e+02  5.447499e-01  2  0.4500  1.378584e+14 -6.173802e+01  5.299788e+00  6.585446e-01  8.553130e+01  5.142111e+00  3  0.4500  4.949341e+11 -6.173802e+01  5.299788e+00  1.019104e-01  9.610025e+01  1.266152e+00  4  0.4500  2.375626e+00  0.000000e+00  0.000000e+00  8.150906e-02  1.065670e+02  0.000000e+00 
3  8.577032e+00  9.616755e+00  1.711420e+05  8.440581e-01 6 -1.000000e+00  1.157750e+01 1   6.8331  5.892757e-01 -1.201235e-01 -1 -1.0000 -1.000000e+00 -1.000000e+00 -1.000000e+00 -1.000000e+00 -1.000000e+00 -1.000000e+00 -1 -1.0000 -1.000000e+00 -1.000000e+00 -1.000000e+00 -1.000000e+00 -1.000000e+00 -1.000000e+00  0  0.5130  9.667218e+12  0.000000e+00  0.000000e+00  7.809093e-02  1.732274e+01  4.741690e+00  1  0.5130  1.015618e+11  0.000000e+00  0.000000e+00  4.979969e-01  2.670170e+01  6.734402e-02  2  0.5130  6.833093e+00  0.000000e+00  0.000000e+00  2.221519e-01 -4.395902e+00  0.000000e+00 
3  3.520180e+00  4.644115e+00  2.932100e+04  2.055649e+00 6  2.835764e-01  4.955388e+00 1  15.0577 -2.273546e+00  1.948313e+00  0  0.6370  4.453550e+12  0.000000e+00  0.000000e+00  1.976600e-01 -8.696679e+01  1.966542e+01  1  0.6370  7.121662e+10  0.000000e+00  0.000000e+00  5.305378e-01 -7.439944e+01  1.249881e-01  2  0.6370  1.816893e+13 -3.682011e+01  1.375013e+01  2.914201e-01 -4.345580e+01  3.464031e+00  3  0.6370  2.848446e+11 -3.682011e+01  1.375013e+01  2.524273e-01 -6.932781e+01  3.099926e-01  4  0.6370  1.505768e+01  0.000000e+00  0.000000e+00  5.464381e-02  1.133787e+02  0.000000e+00 
3  1.017572e+00  9.546432e-01  1.693330e+05  4.024532e-01 6 -1.000000e+00  1.683656e+00 1   3.3193  1.455415e-01  1.209641e-01 -1 -1.0000 -1.000000e+00 -1.000000e+00 -1.000000e+00 -1.000000e+00 -1.000000e+00 -1.000000e+00 -1 -1.0000 -1.000000e+00 -1.000000e+00 -1.000000e+00 -1.000000e+00 -1.000000e+00 -1.000000e+00  0  0.9050  1.591736e+12  0.000000e+00  0.000000e+00  5.530482e-01  1.506803e+02  4.742573e+00  1  0.9050  6.806538e+10  0.000000e+00  0.000000e+00  4.320101e-01  1.776014e+02  8.821186e-02  2  0.9050  3.319311e+00  0.000000e+00  0.000000e+00  3.136859e-02 -1.107659e+02  0.000000e+00 
3  1.303429e+01  9.664664e+00  1.324380e+05  7.442242e-01 6 -1.000000e+00  2.272568e+01 3   7.9934 -2.846998e-01  1.520078e-01 -1 -1.0000 -1.000000e+00 -1.000000e+00 -1.000000e+00 -1.000000e+00 -1.000000e+00 -1.000000e+00 -1 -1.0000 -1.000000e+00 -1.000000e+00 -1.000000e+00 -1.000000e+00 -1.000000e+00 -1.000000e+00  0  1.1210  1.071858e+12  0.000000e+00  0.000000e+00  5.989575e-02 -5.431725e+01  1.281268e+01  1  1.1210  4.007173e+10  0.000000e+00  0.000000e+00  3.465939e-01 -9.160726e+01  3.574720e-02  2  1.1210  7.993441e+00  0.000000e+00  0.000000e+00  1.521260e-01  3.683448e+01  0.000000e+00 
3  1.589878e+01  2.017258e+01  1.317440e+05  2.735031e-01 6  2.915867e-01  2.478231e+01 1   3.2376 -4.031563e-01 -2.802286e-01  0  1.1990  1.466500e+11  0.000000e+00  0.000000e+00  1.547860e-01 -1.134459e+02  5.770422e+01  1  1.1990  1.047415e+09  0.000000e+00  0.000000e+00  3.819264e-01 -1.081391e+02  3.382446e-02  2  1.1990  1.682760e+12 -2.103266e+00 -2.478252e+00  3.615988e-01 -1.684862e+02  4.512790e+00  3  1.1990  6.398430e+10 -2.103266e+00 -2.478252e+00  7.428272e-02 -1.551168e+02  1.282165e-01  4  1.1990  3.237646e+00  0.000000e+00  0.000000e+00  8.109539e-02  2.573790e+01  0.000000e+00 
1  3.822440e+01  7.168180e+01  2.830690e+05  8.608328e-02 0  2.771552e-01  7.168180e+01 2   4.3342 -5.594013e-02 -3.039153e-01  0  1.7060  2.362936e+11  0.000000e+00  0.000000e+00  4.296562e-02  3.972362e-01  1.129081e+01  1  1.7060  2.678473e+09  0.000000e+00  0.000000e+00  2.153271e-01  1.118326e+01  4.954231e-02  2  1.7060  8.997413e+11 -1.324108e+00 -5.763409e+00  2.453222e-01  1.234400e+02  4.053708e+00  3  1.7060  2.240296e+10 -1.324108e+00 -5.763409e+00  2.430305e-01  1.273671e+02  1.762092e-02  4  1.7060  4.334222e+00  0.000000e+00  0.000000e+00  9.388409e-02 -4.749186e+01  0.000000e+00 
3  1.667404e+01  9.299863e+00  2.512450e+05  3.774508e-01 6 -1.000000e+00  3.009330e+01 2   4.8255  2.164299e-01  1.481282e-02 -1 -1.0000 -1.000000e+00 -1.000000e+00 -1.000000e+00 -1.000000e+00 -1.000000e+00 -1.000000e+00 -1 -1.0000 -1.000000e+00 -1.000000e+00 -1.000000e+00 -1.000000e+00 -1.000000e+00 -1.000000e+00  0  1.7940  1.237284e+12  0.000000e+00  0.000000e+00  5.724545e-01 -7.640559e+01  5.488497e+00  1  1.7940  3.490483e+10  0.000000e+00  0.000000e+00  1.104939e-01 -5.411716e+01  2.666545e-02  2  1.7940  4.825490e+00  0.000000e+00  0.000000e+00  7.461588e-03 -1.316289e+01  0.000000e+00 
3  2.040423e+00  1.840583e+00  1.862570e+05  1.116225e+00 6 -1.000000e+00  2.761013e+00 1  18.0004  2.524956e-03  6.032831e-01 -1 -1.0000 -1.000000e+00 -1.000000e+00 -1.000000e+00 -1.000000e+00 -1.000000e+00 -1.000000e+00 -1 -1.0000 -1.000000e+00 -1.000000e+00 -1.000000e+00 -1.000000e+00 -1.000000e+00 -1.000000e+00  0  0.4920  7.437162e+12  0.000000e+00  0.000000e+00  4.113859e-01  4.525041e+01  6.297616e+00  1  0.4920  1.139879e+11  0.000000e+00  0.000000e+00  2.909736e-01  1.121846e+02  4.039785e-01  2  0.4920  1.800037e+01  0.000000e+00  0.000000e+00  2.274161e-01 -1.180418e+02  0.000000e+00 
1  8.192290e+00  1.659342e+01  6.733800e+04  2.736255e-02 0  3.087671e-01  1.659342e+01 2   7.7321  1.088687e-01  6.220000e-02  0  0.6130  5.513217e+09  0.000000e+00  0.000000e+00  2.718590e-01 -5.236711e+01  5.801761e+01  1  0.6130  1.091247e+06  0.000000e+00  0.000000e+00  3.674586e-01 -3.085385e+01  9.946595e-02  2  0.6130  1.593760e+11  1.864543e+00  9.961480e-01  3.661034e-02 -8.843822e+01  5.347643e+00  3  0.6130  1.277200e+09  1.864543e+00  9.961480e-01  3.978355e-01 -8.045092e+01  1.397558e-01  4  0.6130  7.732109e+00  0.000000e+00  0.000000e+00  8.706774e-02  9.408692e+01  0.000000e+00 
3  7.663487e+01  4.242304e+01  6.986400e+04  5.175286e-01 6 -1.000000e+00  1.089509e+02 1   2.7179 -2.470551e-01  4.908167e-01 -1 -1.0000 -1.000000e+00 -1.000000e+00 -1.000000e+00 -1.000000e+00 -1.000000e+00 -1.000000e+00 -1 -1.0000 -1.000000e+00 -1.000000e+00 -1.000000e+00 -1.000000e+00 -1.000000e+00 -1.000000e+00  0  0.6220  2.132496e+12  0.000000e+00  0.000000e+00  1.841776e-01  4.020146e+01  6.387457e+00  1  0.6220  6.975235e+10  0.000000e+00  0.000000e+00  3.265263e-01  2.571854e+01  1.921559e-01  2  0.6220  2.717946e+00  0.000000e+00  0.000000e+00  6.891227e-02 -1.053834e+02  0.000000e+00 
3  6.853733e+00  6.325874e+00  2.825960e+05  1.486393e+00 6  2.865964e-01  2.243397e+01 2   3.7214 -3.090465e+00 -3.098784e-01  0  0.6420  3.965227e+12  0.000000e+00  0.000000e+00  1.634459e-01  5.409997e+00  1.649012e+01  1  0.6420  1.017813e+11  0.000000e+00  0.000000e+00  2.667967e-01 -2.222584e+01  2.401545e-01  2  0.6420  2.334550e+13 -1.404650e+01 -3.227421e+00  2.841471e-01  1.421712e+02  5.035800e+00  3  0.6420  2.087216e+11 -1.404650e+01 -3.227421e+00  4.905097e-01  1.114840e+02  3.128683e-01  4  0.6420  3.721350e+00  0.000000e+00  0.000000e+00  1.016371e-01  9.238271e+01  0.000000e+00 
3  8.788171e+00  3.318747e+00  3.952040e+05  5.287428e-01 6 -1.000000e+00  1.554343e+01 2   2.4932 -4.064920e-01  1.537164e-01 -1 -1.0000 -1.000000e+00 -1.000000e+00 -1.000000e+00 -1.000000e+00 -1.000000e+00 -1.000000e+00 -1 -1.0000 -1.000000e+00 -1.000000e+00 -1.000000e+00 -1.000000e+00 -1.000000e+00 -1.000000e+00  0  0.8250  1.852029e+12  0.000000e+00  0.000000e+00  2.328331e-01  8.118731e+01  4.873485e+00  1  0.8250  5.924510e+10  0.000000e+00  0.000000e+00  2.384137e-01  9.101211e+01  1.218079e-01  2  0.8250  2.493230e+00  0.000000e+00  0.000000e+00  1.645996e-01 -1.073558e+02  0.000000e+00 
3  3.985360e+00  2.588733e+00  2.364640e+05  7.710949e-01 6 -1.000000e+00  6.485395e+00 1  11.4428 -2.029438e-01  1.254759e-01 -1 -1.0000 -1.000000e+00 -1.000000e+00 -1.000000e+00 -1.000000e+00 -1.000000e+00 -1.000000e+00 -1 -1.0000 -1.000000e+00 -1.000000e+00 -1.000000e+00 -1.000000e+00 -1.000000e+00 -1.000000e+00  0  0.9730  1.651227e+12  0.000000e+00  0.000000e+00  2.358823e-01 -8.767663e+01  2.977708e+00  1  0.9730  6.509602e+10  0.000000e+00  0.000000e+00  4.676352e-01 -9.431096e+01  8.370312e-02  2  0.9730  1.144277e+01  0.000000e+00  0.000000e+00  1.319529e-01  6.465937e+01  0.000000e+00 
3  1.515021e+01  8.239735e+00  5.327200e+04  5.612414e-01 6 -1.000000e+00  2.376331e+01 1   3.2446  4.255266e-01 -2.270492e-01 -1 -1.0000 -1.000000e+00 -1.000000e+00 -1.000000e+00 -1.000000e+00 -1.000000e+00 -1.000000e+00 -1 -1.0000 -1.000000e+00 -1.000000e+00 -1.000000e+00 -1.000000e+00 -1.000000e+00 -1.000000e+00  0  1.3990  1.261815e+13  0.000000e+00  0.000000e+00  2.717873e-01  1.264274e+02  3.731622e+00  1  1.3990  8.170868e+10  0.000000e+00  0.000000e+00  2.335618e-01  1.628018e+02  4.911772e-02  2  1.3990  3.244619e+00  0.000000e+00  0.000000e+00  3.574340e-02 -1.116103e+02  0.000000e+00 
3  5.470483e+00  3.071066e+00  2.904500e+04  5.663357e-01 6 -1.000000e+00  1.088325e+01 2   3.3866  1.325187e-01  2.905934e-01 -1 -1.0000 -1.000000e+00 -1.000000e+00 -1.000000e+00 -1.000000e+00 -1.000000e+00 -1.000000e+00 -1 -1.0000 -1.000000e+00 -1.000000e+00 -1.000000e+00 -1.000000e+00 -1.000000e+00 -1.000000e+00  0  1.5050  2.902915e+12  0.000000e+00  0.000000e+00  2.028624e-01 -2.420112e+01  5.350454e+00  1  1.5050  7.099865e+10  0.000000e+00  0.000000e+00  3.287910e-01 -7.856002e+01  5.065165e-02  2  1.5050  3.386585e+00  0.000000e+00  0.000000e+00  1.131216e-01  1.676598e+02  0.000000e+00 
3  4.613215e+00  2.667754e+00  1.462530e+05  4.577010e-01 6 -1.000000e+00  6.630550e+00 1  11.3552  1.441492e-02 -3.257229e-01 -1 -1.0000 -1.000000e+00 -1.000000e+00 -1.000000e+00 -1.000000e+00 -1.000000e+00 -1.000000e+00 -1 -1.0000 -1.000000e+00 -1.000000e+00 -1.000000e+00 -1.000000e+00 -1.000000e+00 -1.000000e+00  0  1.6150  1.286337e+12  0.000000e+00  0.000000e+00  1.329699e-01  7.320317e+01  5.639335e+00  1  1.6150  3.062055e+10  0.000000e+00  0.000000e+00  2.237483e-01  5.894455e+01  3.986262e-02  2  1.6150  1.135523e+01  0.000000e+00  0.000000e+00  1.640511e-01 -4.007247e+01  0.000000e+00 
3  3.988881e+00  6.230981e+00  1.856440e+05  2.048609e+00 6  2.659291e-01  7.119627e+00 3  11.3718 -1.015111e+00 -4.174731e+00  0  1.9130  3.858258e+12  0.000000e+00  0.000000e+00  1.301210e-01  1.099351e+02  1.916557e+01  1  1.9130  8.927035e+10  0.000000e+00  0.000000e+00  6.466830e-02  1.039649e+02  7.601151e-02  2  1.9130  3.525391e+13 -4.024927e+00 -1.195538e+01  3.913354e-01 -7.439270e+01  3.003384e+00  3  1.9130  1.028838e+11 -4.024927e+00 -1.195538e+01  3.258125e-01 -7.839465e+01  5.694669e-02  4  1.9130  1.137178e+01  0.000000e+00  0.000000e+00  2.501879e-01 -1.161564e+02  0.000000e+00 
1  5.933542e+00  1.066463e+01  2.020380e+05  2.010286e-02 0 -1.000000e+00  1.066463e+01 2  11.3915  2.434045e-02 -1.123089e-02 -1 -1.0000 -1.000000e+00 -1.000000e+00 -1.000000e+00 -1.000000e+00 -1.000000e+00 -1.000000e+00 -1 -1.0000 -1.000000e+00 -1.000000e+00 -1.000000e+00 -1.000000e+00 -1.000000e+00 -1.000000e+00  0  2.5520  1.021228e+11  0.000000e+00  0.000000e+00  4.724242e-01 -1.053762e+02  4.733082e+00  1  2.5520  3.233946e+08  0.000000e+00  0.000000e+00  4.727847e-01 -1.298838e+02  2.744768e-02  2  2.5520  1.139147e+01  0.000000e+00  0.000000e+00  6.372666e-02  5.992220e+00  0.000000e+00 
5  7.837342e+00  1.525229e+01  5.898700e+04  1.848595e-01 6 -1.000000e+00  2.415643e+01 3   9.8702 -1.223233e-01  8.352325e-02 -1 -1.0000 -1.000000e+00 -1.000000e+00 -1.000000e+00 -1.000000e+00 -1.000000e+00 -1.000000e+00 -1 -1.0000 -1.000000e+00 -1.000000e+00 -1.000000e+00 -1.000000e+00 -1.000000e+00 -1.000000e+00  0  0.2350  4.333429e+11  0.000000e+00  0.000000e+00  2.837759e-01 -3.829352e+01  5.101239e+00  1  0.2350  1.138318e+10  0.000000e+00  0.000000e+00  7.014885e-01 -3.777214e+01  1.952911e-01  2  0.2350  9.870240e+00  0.000000e+00  0.000000e+00  1.097065e-01 -1.657371e+01  0.000000e+00 
1  3.770872e+00  7.388435e+00  8.159900e+04  6.392198e-01 0 -1.000000e+00  7.388435e+00 2   8.2152  1.635056e-01  5.918771e-01 -1 -1.0000 -1.000000e+00 -1.000000e+00 -1.000000e+00 -1.000000e+00 -1.000000e+00 -1.000000e+00 -1 -1.0000 -1.000000e+00 -1.000000e+00 -1.000000e+00 -1.000000e+00 -1.000000e+00 -1.000000e+00  0  0.3720  1.751081e+12  0.000000e+00  0.000000e+00  3.555354e-01  1.756653e+02  8.217917e+00  1  0.3720  6.397162e+10  0.000000e+00  0.000000e+00  2.216629e-01  2.115399e+02  3.226120e-01  2  0.3720  8.215192e+00  0.000000e+00  0.000000e+00  1.556735e-01  1.490226e+02  0.000000e+00 
3  3.595304e+00  7.490225e+00  2.385150e+05  1.181253e-01 6  2.967230e-01  7.680356e+00 3  12.2205 -1.226011e-01  1.235711e-01  0  0.5270  5.633672e+10  0.000000e+00  0.000000e+00  2.638319e-01  1.144252e+01  4.668307e+01  1  0.5270  2.781167e+08  0.000000e+00  0.000000e+00  5.877930e-01  4.854966e+00  8.475748e-02  2  0.5270  3.014753e+11 -1.460291e+01  1.182402e+01  2.437751e-01  4.126417e+01  6.920211e+00  3  0.5270  7.626347e+09 -1.460291e+01  1.182402e+01  1.340267e-01  6.065539e+01  2.090393e-01  4  0.5270  1.222049e+01  0.000000e+00  0.000000e+00  2.095231e-01 -1.392741e+02  0.000000e+00 
3  3.248110e+00  1.766294e+00  2.173110e+05  6.310958e-01 6 -1.000000e+00  4.946894e+00 1   5.7260 -1.883505e-02 -5.599591e-01 -1 -1.0000 -1.000000e+00 -1.000000e+00 -1.000000e+00 -1.000000e+00 -1.000000e+00 -1.000000e+00 -1 -1.0000 -1.000000e+00 -1.000000e+00 -1.000000e+00 -1.000000e+00 -1.000000e+00 -1.000000e+00  0  0.6470  2.434825e+12  0.000000e+00  0.000000e+00  3.547415e-01 -5.109287e+01  6.974067e+00  1  0.6470  8.590596e+10  0.000000e+00  0.000000e+00  4.285109e-01 -1.021791e+01  1.518528e-01  2  0.6470  5.725985e+00  0.000000e+00  0.000000e+00  1.431098e-01  3.999109e+01  0.000000e+00 
1  7.428390e+00  1.290098e+01  5.645800e+04  3.072873e-01 0  2.898961e-01  1.290098e+01 2   6.7739  1.265720e+00  4.154788e-01  0  0.9600  4.396928e+11  0.000000e+00  0.000000e+00  2.002891e-01  1.255291e+02  9.586935e+00  1  0.9600  1.161776e+10  0.000000e+00  0.000000e+00  4.844024e-01  1.438468e+02  6.932042e-02  2  0.9600  3.941673e+12  2.693645e+00  2.560917e-01  2.556071e-01  5.670037e+01  7.218301e+00  3  0.9600  5.320037e+10  2.693645e+00  2.560917e-01  1.464676e-01 -8.516627e+00  8.628738e-02  4  0.9600  6.773889e+00  0.000000e+00  0.000000e+00  9.924520e-02 -1.280834e+02  0.000000e+00 
2  1.456890e+01  8.072383e+00  7.965900e+04  4.563546e-01 6 -1.000000e+00  1.987365e+01 1   8.0133 -2.797642e-01  2.779155e-01 -1 -1.0000 -1.000000e+00 -1.000000e+00 -1.000000e+00 -1.000000e+00 -1.000000e+00 -1.000000e+00 -1 -1.0000 -1.000000e+00 -1.000000e+00 -1.000000e+00 -1.000000e+00 -1.000000e+00 -1.000000e+00  0  1.0960  2.772213e+12  0.000000e+00  0.000000e+00  1.938132e-01  1.715387e+02  3.627983e+00  1  1.0960  4.286683e+10  0.000000e+00  0.000000e+00  2.790661e-01  1.585705e+02  1.934593e-02  2  1.0960  8.013264e+00  0.000000e+00  0.000000e+00  1.984699e-01  9.081195e+01  0.000000e+00 
2  4.884939e+00  2.590136e+00  2.052570e+05  1.458926e+00 6  2.730512e-01  1.301538e+01 2  12.3111 -2.689886e-01 -1.379566e+00  0  1.4040  4.558797e+12  0.000000e+00  0.000000e+00  2.677026e-01  8.876272e+01  9.470840e+00  1  1.4040  7.541642e+10  0.000000e+00  0.000000e+00  4.065015e-01  1.001507e+02  5.266969e-02  2  1.4040  8.590095e+12  5.652357e+00 -1.400770e+01  1.659168e-01  7.051311e+01  3.738733e+00  3  1.4040  1.294172e+11  5.652357e+00 -1.400770e+01  4.351969e-01  3.974916e+01  1.379300e-01  4  1.4040  1.231105e+01  0.000000e+00  0.000000e+00  9.788243e-02 -6.907774e+01  0.000000e+00 
3  7.182309e+00  2.194644e+00  2.165760e+05  8.147659e-01 6  2.698392e-01  1.301315e+01 2  13.1436  4.423999e-01  2.670287e+00  0  1.9870  2.568830e+12  0.000000e+00  0.000000e+00  3.863986e-01 -1.688712e+02  8.740076e+00  1  1.9870  6.528671e+10  0.000000e+00  0.000000e+00  2.438322e-01 -2.023833e+02  7.793134e-02  2  1.9870  1.194295e+13  5.347292e+00  9.511057e+00  4.326269e-01 -7.246251e+01  6.842362e+00  3  1.9870  8.738043e+10  5.347292e+00  9.511057e+00  2.541912e-01 -1.336164e+02  7.356463e-02  4  1.9870  1.314362e+01  0.000000e+00  0.000000e+00  6.582824e-02 -1.166785e+02  0.000000e+00 
4  2.838149e+00  3.943018e+00  3.762700e+04  1.742967e+00 6  2.667952e-01  5.418178e+00 3  10.8471 -1.814448e+00 -1.434743e+00  0  2.2340  4.776939e+12  0.000000e+00  0.000000e+00  4.263996e-01  6.511404e+01  1.250448e+01  1  2.2340  7.330150e+10  0.000000e+00  0.000000e+00  3.482439e-01  7.855050e+01  2.887683e-02  2  2.2340  2.091404e+13 -1.050772e+01 -4.961722e+00  1.023084e-01  2.621752e+01  3.801184e+00  3  2.2340  8.314941e+10 -1.050772e+01 -4.961722e+00  2.859411e-01  3.222834e+01  3.470527e-02  4  2.2340  1.084711e+01  0.000000e+00  0.000000e+00  2.283378e-01  8.540711e+01  0.000000e+00 
3  1.654125e+01  1.144627e+01  1.957500e+04  4.944911e-01 6 -1.000000e+00  2.366442e+01 1   2.7704 -2.848437e-01  7.667433e-02 -1 -1.0000 -1.000000e+00 -1.000000e+00 -1.000000e+00 -1.000000e+00 -1.000000e+00 -1.000000e+00 -1 -1.0000 -1.000000e+00 -1.000000e+00 -1.000000e+00 -1.000000e+00 -1.000000e+00 -1.000000e+00  0  0.4870  2.189497e+12  0.000000e+00  0.000000e+00  1.408491e-01  9.510072e+01  3.009683e+00  1  0.4870  6.623815e+10  0.000000e+00  0.000000e+00  4.451508e-01  4.861431e+01  2.696458e-01  2  0.4870  2.770420e+00  0.000000e+00  0.000000e+00  4.336746e-02  2.207642e+01  0.000000e+00 
5  2.172533e+01  4.882397e+01  1.576910e+05  8.571346e-01 6 -1.000000e+00  5.912316e+01 3   4.7954 -3.084095e-02 -2.217270e-02 -1 -1.0000 -1.000000e+00 -1.000000e+00 -1.000000e+00 -1.000000e+00 -1.000000e+00 -1.000000e+00 -1 -1.0000 -1.000000e+00 -1.000000e+00 -1.000000e+00 -1.000000e+00 -1.000000e+00 -1.000000e+00  0  0.6280  1.345809e+13  0.000000e+00  0.000000e+00  5.964373e-02 -2.586772e+01  3.425036e+00  1  0.6280  1.286531e+11  0.000000e+00  0.000000e+00  4.323451e-01 -3.125928e+01  1.378278e-01  2  0.6280  4.795369e+00  0.000000e+00  0.000000e+00  4.999951e-02  4.796961e+00  0.000000e+00 
3  5.645849e+01  5.246270e+01  2.541560e+05  4.868852e-01 6 -1.000000e+00  8.061947e+01 1   1.8123  1.842236e-01  1.862519e-01 -1 -1.0000 -1.000000e+00 -1.000000e+00 -1.000000e+00 -1.000000e+00 -1.000000e+00 -1.000000e+00 -1 -1.0000 -1.000000e+00 -1.000000e+00 -1.000000e+00 -1.000000e+00 -1.000000e+00 -1.000000e+00  0  0.7760  4.693680e+12  0.000000e+00  0.000000e+00  1.954722e-01  2.359375e+01  3.134574e+00  1  0.7760  7.472404e+10  0.000000e+00  0.000000e+00  2.625245e-01  4.585373e+01  9.378036e-02  2  0.7760  1.812313e+00  0.000000e+00  0.000000e+00  2.371048e-02  1.089695e+02  0.000000e+00 
3  1.291031e+01  1.361156e+01  5.883300e+04  2.123284e+00 6  2.770740e-01  2.529386e+01 3   3.2856 -1.246437e+00 -5.432869e-01  0  1.0060  7.487310e+12  0.000000e+00  0.000000e+00  2.044601e-01  8.708787e+01  1.602986e+01  1  1.0060  1.135903e+11  0.000000e+00  0.000000e+00  3.004777e-01  7.054501e+01  1.141446e-01  2  1.0060  3.470816e+13 -3.941930e+00 -5.486231e+00  2.739275e-01  7.591546e+01  2.294962e+00  3  1.0060  2.320500e+11 -3.941930e+00 -5.486231e+00  4.555977e-01  6.305310e+01  1.971918e-01  4  1.0060  3.285611e+00  0.000000e+00  0.000000e+00  8.234638e-02 -1.736474e+02  0.000000e+00 
1  3.018447e+00  8.146268e+00  2.342160e+05  1.797189e+00 0  2.766900e-01  8.146268e+00 2   5.4532 -3.337908e+00 -7.429305e+00  0  1.0220  8.075465e+12  0.000000e+00  0.000000e+00  2.605076e-01  1.128371e+02  9.822004e+00  1  1.0220  5.539122e+10  0.000000e+00  0.000000e+00  4.374169e-01  1.105611e+02  1.039450e-01  2  1.0220  1.068344e+14 -1.012271e+01 -2.373681e+01  4.502861e-01 -2.632332e+01  4.014084e+00  3  1.0220  2.794723e+11 -1.012271e+01 -2.373681e+01  2.664119e-01 -3.632563e+01  1.087622e-01  4  1.0220  5.453226e+00  0.000000e+00  0.000000e+00  4.456396e-02 -2.210544e+01  0.000000e+00 
3  2.479908e-01  1.551501e-01  3.198440e+05  5.229726e-01 6 -1.000000e+00  4.537709e-01 3   7.2663 -1.090812e-01  2.531077e-01 -1 -1.0000 -1.000000e+00 -1.000000e+00 -1.000000e+00 -1.000000e+00 -1.000000e+00 -1.000000e+00 -1 -1.0000 -1.000000e+00 -1.000000e+00 -1.000000e+00 -1.000000e+00 -1.000000e+00 -1.000000e+00  0  1.6580  2.690190e+12  0.000000e+00  0.000000e+00  5.163381e-01  5.799082e+01  2.361104e+00  1  1.6580  5.379610e+10  0.000000e+00  0.000000e+00  2.572493e-01  9.799205e+01  4.622532e-02  2  1.6580  7.266328e+00  0.000000e+00  0.000000e+00  1.308177e-01 -1.174380e+00  0.000000e+00 
3  1.282897e+01  5.928333e+00  2.321800e+05  3.297422e-01 6 -1.000000e+00  1.724199e+01 1  12.0170  2.987959e-01  2.492945e-01 -1 -1.0000 -1.000000e+00 -1.000000e+00 -1.000000e+00 -1.000000e+00 -1.000000e+00 -1.000000e+00 -1 -1.0000 -1.000000e+00 -1.000000e+00 -1.000000e+00 -1.000000e+00 -1.000000e+00 -1.000000e+00  0  1.8870  1.213648e+12  0.000000e+00  0.000000e+00  3.283266e-01 -8.053075e+00  5.024086e+00  1  1.8870  3.480110e+10  0.000000e+00  0.000000e+00  5.512210e-01 -2.911618e+01  4.092444e-02  2  1.8870  1.201701e+01  0.000000e+00  0.000000e+00  2.106847e-01 -1.124857e+02  0.000000e+00 
3  8.682820e+00  7.098477e+00  2.122260e+05  4.633582e-01 6 -1.000000e+00  1.234500e+01 1   6.6904  2.495666e-01 -9.677659e-02 -1 -1.0000 -1.000000e+00 -1.000000e+00 -1.000000e+00 -1.000000e+00 -1.000000e+00 -1.000000e+00 -1 -1.0000 -1.000000e+00 -1.000000e+00 -1.000000e+00 -1.000000e+00 -1.000000e+00 -1.000000e+00  0  2.6750  3.461653e+12  0.000000e+00  0.000000e+00  4.204906e-01  3.486003e+01  4.205720e+00  1  2.6750  5.340565e+10  0.000000e+00  0.000000e+00  1.058592e-01  6.073638e+01  3.584467e-02  2  2.6750  6.690403e+00  0.000000e+00  0.000000e+00  1.779377e-01 -1.501551e+01  0.000000e+00 
